unit_id,orderID,variant,first_arrival_time_s,start_time_s,completion_time_s,flow_time_s,active_flow_time_s,time_spent_producing,throughput_efficiency,Attempts,route_taken
U3582,144,FUSE0,0.0,0.0,1208.0,1208.0,1208.0,941.0,0.778974,1,p:1.1.1.1.3.2
U3583,144,FUSE0,0.0,0.0,1365.6,1365.6,1365.6,941.0,0.689074,1,p:2.2.2.1.2.2
U3584,144,FUSE0,0.0,112.2,1670.0,1670.0,1670.0,941.0,0.563473,1,p:1.3.3.1.1.2
U3585,144,FUSE0,0.0,112.2,1564.8,1564.8,1564.8,941.0,0.601355,1,p:2.1.4.2.2.1
U3586,144,FUSE0,0.0,224.4,1481.6,1481.6,1481.6,941.0,0.635124,1,p:1.2.1.1.3.2
U3587,144,FUSE0,0.0,224.4,1680.8,1680.8,1680.8,941.0,0.559852,1,p:2.3.2.2.3.1
U3588,144,FUSE0,0.0,336.6,1786.0,1786.0,1786.0,941.0,0.526876,1,p:1.1.5.1.2.2
U3589,144,FUSE0,0.0,336.6,1864.8,1864.8,1864.8,941.0,0.504612,1,p:2.2.3.2.1.1
U3590,144,FUSE1,0.0,448.8,1902.0,1902.0,1902.0,1003.0,0.52734,1,p:1.3.1.1.3.2
U3591,144,FUSE1,0.0,448.8,1980.8,1980.8,1980.8,1003.0,0.506361,1,p:2.1.4.2.2.1
U3592,144,FUSE1,0.0,561.0,2036.8,2036.8,2036.8,1003.0,0.492439,1,p:1.2.2.1.1.2
U3593,144,FUSE1,0.0,561.0,2096.8,2096.8,2096.8,1003.0,0.478348,1,p:2.3.3.1.3.1
U3594,144,FUSE1,0.0,673.2,2177.2,2177.2,2177.2,1003.0,0.460683,1,p:1.1.5.2.2.2
U3595,144,FUSE1,0.0,673.2,2292.0,2292.0,2292.0,1003.0,0.437609,1,p:2.2.1.1.1.1
U3596,144,FUSE1,0.0,785.4,2293.2,2293.2,2293.2,1003.0,0.43738,1,p:1.3.2.2.3.2
U3597,144,FUSE1,0.0,785.4,2408.0,2408.0,2408.0,1003.0,0.416528,1,p:2.1.4.1.2.1
U3598,144,FUSE2,0.0,897.6,2429.6,2429.6,2429.6,1035.4,0.426161,1,p:1.2.3.1.3.2
U3599,144,FUSE2,0.0,897.6,2604.8,2604.8,2604.8,1035.4,0.397497,1,p:2.3.5.1.2.1
U3600,144,FUSE2,0.0,1009.8,2545.6,2545.6,2545.6,1035.4,0.406741,1,p:1.1.1.2.1.2
U3601,144,FUSE2,0.0,1009.8,2661.6,2661.6,2661.6,1035.4,0.389014,1,p:2.2.2.2.3.2
U3602,144,FUSE2,0.0,1122.0,2775.4,2775.4,2775.4,1035.4,0.373063,1,p:1.3.4.1.1.1
U3603,144,FUSE2,0.0,1122.0,2788.6,2788.6,2788.6,1035.4,0.371297,1,p:2.1.3.2.2.2
U3604,144,FUSE2,0.0,1234.2,2896.6,2896.6,2896.6,1035.4,0.357454,1,p:1.2.5.1.3.1
U3605,144,FUSE2,0.0,1234.2,2946.2,2946.2,2946.2,1035.4,0.351436,1,p:2.3.1.2.1.2
U3606,144,FUSE2,0.0,1346.4,3062.2,3062.2,3062.2,1035.4,0.338123,1,p:1.1.2.2.3.2
U105,5,FUSE0,0.0,1346.4,3054.2,3054.2,3054.2,941.0,0.3081,1,p:2.2.4.1.2.1
U106,5,FUSE0,0.0,1458.6,3191.8,3191.8,3191.8,941.0,0.294818,1,p:1.3.3.1.1.2
U107,5,FUSE0,0.0,1458.6,3229.0,3229.0,3229.0,941.0,0.291421,1,p:2.1.5.2.2.1
U108,5,FUSE0,0.0,1570.8,3307.8,3307.8,3307.8,941.0,0.284479,1,p:1.2.1.1.3.2
U109,5,FUSE0,0.0,1570.8,3386.6,3386.6,3386.6,941.0,0.27786,1,p:2.3.4.2.1.1
U110,5,FUSE0,0.0,1683.0,3423.8,3423.8,3423.8,941.0,0.274841,1,p:1.1.2.1.2.2
U111,5,FUSE0,0.0,1683.0,3502.6,3502.6,3502.6,941.0,0.268658,1,p:2.2.3.2.3.1
U112,5,FUSE1,0.0,1795.2,3544.6,3544.6,3544.6,1003.0,0.282966,1,p:1.3.5.1.1.2
U113,5,FUSE1,0.0,1795.2,3618.6,3618.6,3618.6,1003.0,0.277179,1,p:2.1.1.2.2.1
U114,5,FUSE1,0.0,1907.4,3660.6,3660.6,3660.6,1003.0,0.273999,1,p:1.2.4.1.3.2
U115,5,FUSE1,0.0,1907.4,3739.4,3739.4,3739.4,1003.0,0.268225,1,p:2.3.2.2.1.1
U116,5,FUSE1,0.0,2019.6,3776.6,3776.6,3776.6,1003.0,0.265583,1,p:1.1.3.1.2.2
U117,5,FUSE1,0.0,2019.6,3855.4,3855.4,3855.4,1003.0,0.260155,1,p:2.2.5.2.3.1
U118,5,FUSE1,0.0,2131.8,3897.4,3897.4,3897.4,1003.0,0.257351,1,p:1.3.1.1.1.2
U119,5,FUSE2,0.0,2131.8,3971.4,3971.4,3971.4,1035.4,0.260714,1,p:2.1.4.2.2.1
U120,5,FUSE2,0.0,2244.0,4013.4,4013.4,4013.4,1035.4,0.257986,1,p:1.2.2.1.3.2
U121,5,FUSE2,0.0,2244.0,4092.2,4092.2,4092.2,1035.4,0.253018,1,p:2.3.3.2.1.1
U122,5,FUSE2,0.0,2356.2,4129.4,4129.4,4129.4,1035.4,0.250739,1,p:1.1.5.1.2.2
U123,5,FUSE2,0.0,2356.2,4208.2,4208.2,4208.2,1035.4,0.246043,1,p:2.2.1.2.3.1
U124,5,FUSE2,0.0,2468.4,4324.2,4324.2,4324.2,1035.4,0.239443,1,p:1.3.4.2.2.1
U125,5,FUSE2,0.0,2468.4,4383.0,4383.0,4383.0,1035.4,0.236231,1,p:2.1.2.1.3.2
U7278,291,FUSE0,0.0,2580.6,4267.0,4267.0,4267.0,941.0,0.22053,1,p:1.2.3.1.1.2
U7279,291,FUSE0,0.0,2580.6,4461.8,4461.8,4461.8,941.0,0.210901,1,p:2.3.5.2.1.1
U7280,291,FUSE0,0.0,2692.8,4499.0,4499.0,4499.0,941.0,0.209158,1,p:1.1.1.1.2.2
U7281,291,FUSE0,0.0,2692.8,4577.8,4577.8,4577.8,941.0,0.205557,1,p:2.2.3.2.3.1
U7282,291,FUSE0,0.0,2805.0,4619.8,4619.8,4619.8,941.0,0.203688,1,p:1.3.4.1.1.2
U7283,291,FUSE0,0.0,2805.0,4693.8,4693.8,4693.8,941.0,0.200477,1,p:2.1.2.2.2.1
U7284,291,FUSE0,0.0,2917.2,4735.8,4735.8,4735.8,941.0,0.198699,1,p:1.2.5.1.3.2
U7285,291,FUSE0,0.0,2917.2,4814.6,4814.6,4814.6,941.0,0.195447,1,p:2.3.1.2.1.1
U7286,291,FUSE1,0.0,3029.4,4851.8,4851.8,4851.8,1003.0,0.206727,1,p:1.1.3.1.2.2
U7287,291,FUSE1,0.0,3029.4,4930.6,4930.6,4930.6,1003.0,0.203424,1,p:2.2.4.2.3.1
U7288,291,FUSE1,0.0,3141.6,4972.6,4972.6,4972.6,1003.0,0.201705,1,p:1.3.2.1.1.2
U7289,291,FUSE1,0.0,3141.6,5046.6,5046.6,5046.6,1003.0,0.198748,1,p:2.1.5.2.2.1
U7290,291,FUSE1,0.0,3253.8,5088.6,5088.6,5088.6,1003.0,0.197107,1,p:1.2.1.1.3.2
U7291,291,FUSE1,0.0,3253.8,5167.4,5167.4,5167.4,1003.0,0.194101,1,p:2.3.3.2.1.1
U7292,291,FUSE1,0.0,3366.0,5204.6,5204.6,5204.6,1003.0,0.192714,1,p:1.1.4.1.2.2
U7293,291,FUSE1,0.0,3366.0,5283.4,5283.4,5283.4,1003.0,0.18984,1,p:2.2.2.2.3.1
U7294,291,FUSE2,0.0,3478.2,5325.4,5325.4,5325.4,1035.4,0.194427,1,p:1.3.5.1.1.2
U7295,291,FUSE2,0.0,3478.2,5399.4,5399.4,5399.4,1035.4,0.191762,1,p:2.1.1.2.2.1
U7296,291,FUSE2,0.0,3590.4,5441.4,5441.4,5441.4,1035.4,0.190282,1,p:1.2.3.1.3.2
U7297,291,FUSE2,0.0,3590.4,5520.2,5520.2,5520.2,1035.4,0.187566,1,p:2.3.4.2.1.1
U7298,291,FUSE2,0.0,3702.6,5557.4,5557.4,5557.4,1035.4,0.18631,1,p:1.1.2.1.2.2
U7299,291,FUSE2,0.0,3702.6,5636.2,5636.2,5636.2,1035.4,0.183705,1,p:2.2.5.2.3.1
U7300,291,FUSE2,0.0,3814.8,5678.2,5678.2,5678.2,1035.4,0.182347,1,p:1.3.1.1.1.2
U7301,291,FUSE2,0.0,3814.8,5794.2,5794.2,5794.2,1035.4,0.178696,1,p:2.1.3.1.3.2
U7302,291,FUSE2,0.0,3927.0,5873.4,5873.4,5873.4,1035.4,0.176286,1,p:1.2.4.2.1.1
U001,1,FUSE0,0.0,3927.0,5752.2,5752.2,5752.2,941.0,0.16359,1,p:2.3.2.2.2.1
U002,1,FUSE0,1239.3,4039.2,5910.2,4670.9,4670.9,941.0,0.20146,1,p:1.1.5.1.2.2
U003,1,FUSE0,1396.9,4039.2,5989.4,4592.5,4592.5,941.0,0.204899,1,p:2.2.1.2.3.1
U004,1,FUSE0,1512.9,4151.4,6031.0,4518.1,4518.1,941.0,0.208273,1,p:1.3.2.1.1.2
U005,1,FUSE0,1596.1,4151.4,6105.4,4509.3,4509.3,941.0,0.20868,1,p:2.1.3.2.2.1
U006,1,FUSE0,1701.3,4263.6,6147.0,4445.7,4445.7,941.0,0.211665,1,p:1.2.4.1.3.2
U007,1,FUSE0,1712.1,4263.6,6226.2,4514.1,4514.1,941.0,0.208458,1,p:2.3.5.2.1.1
U008,1,FUSE0,1817.3,4375.8,6263.0,4445.7,4445.7,941.0,0.211665,1,p:1.1.1.1.2.2
U009,1,FUSE0,1896.1,4375.8,6342.2,4446.1,4446.1,941.0,0.211646,1,p:2.2.2.2.3.1
U010,1,FUSE0,1933.3,4488.0,6383.8,4450.5,4450.5,941.0,0.211437,1,p:1.3.3.1.1.2
U011,1,FUSE1,2012.1,4488.0,6458.2,4446.1,4446.1,1003.0,0.225591,1,p:2.1.4.2.2.1
U012,1,FUSE1,2068.1,4600.2,6499.8,4431.7,4431.7,1003.0,0.226324,1,p:1.2.5.1.3.2
U013,1,FUSE1,2128.1,4600.2,6579.0,4450.9,4450.9,1003.0,0.225348,1,p:2.3.1.2.1.1
U014,1,FUSE1,2208.5,4712.4,6615.8,4407.3,4407.3,1003.0,0.227577,1,p:1.1.2.1.2.2
U015,1,FUSE1,2323.3,4712.4,6695.0,4371.7,4371.7,1003.0,0.22943,1,p:2.2.3.2.3.1
U016,1,FUSE1,2324.5,4824.6,6736.6,4412.1,4412.1,1003.0,0.227329,1,p:1.3.4.1.1.2
U017,1,FUSE1,2439.3,4824.6,6811.0,4371.7,4371.7,1003.0,0.22943,1,p:2.1.5.2.2.1
U018,1,FUSE1,2460.9,4936.8,6852.6,4391.7,4391.7,1003.0,0.228385,1,p:1.2.1.1.3.2
U019,1,FUSE1,2576.9,4936.8,6931.8,4354.9,4354.9,1003.0,0.230315,1,p:2.3.2.2.1.1
U020,1,FUSE1,2636.1,5049.0,6968.6,4332.5,4332.5,1003.0,0.231506,1,p:1.1.3.1.2.2
U021,1,FUSE2,2692.9,5049.0,7047.8,4354.9,4354.9,1035.4,0.237755,1,p:2.2.4.2.3.1
U022,1,FUSE2,2806.7,5161.2,7089.4,4282.7,4282.7,1035.4,0.241763,1,p:1.3.5.1.1.2
U023,1,FUSE2,2819.9,5161.2,7163.8,4343.9,4343.9,1035.4,0.238357,1,p:2.1.1.2.2.1
U024,1,FUSE2,2927.9,5273.4,7205.4,4277.5,4277.5,1035.4,0.242057,1,p:1.2.2.1.3.2
U025,1,FUSE2,2977.5,5273.4,7284.6,4307.1,4307.1,1035.4,0.240394,1,p:2.3.3.2.1.1
U026,1,FUSE2,3085.5,5385.6,7321.4,4235.9,4235.9,1035.4,0.244434,1,p:1.1.4.1.2.2
U027,1,FUSE2,3093.5,5385.6,7400.6,4307.1,4307.1,1035.4,0.240394,1,p:2.2.5.2.3.1
U028,1,FUSE2,3223.1,5497.8,7442.2,4219.1,4219.1,1035.4,0.245408,1,p:1.3.1.1.1.2
U029,1,FUSE2,3260.3,5497.8,7558.2,4297.9,4297.9,1035.4,0.240908,1,p:2.1.2.1.3.2
U1465,59,FUSE0,3339.1,5610.0,7516.6,4177.5,4177.5,941.0,0.225254,1,p:1.2.3.2.2.1
U1466,59,FUSE0,3417.9,5610.0,7647.8,4229.9,4229.9,941.0,0.222464,1,p:2.3.4.2.1.1
U1467,59,FUSE0,3455.1,5722.2,7674.2,4219.1,4219.1,941.0,0.223033,1,p:1.1.5.1.2.2
U1468,59,FUSE0,3533.9,5722.2,7763.8,4229.9,4229.9,941.0,0.222464,1,p:2.2.1.2.3.1
U1469,59,FUSE0,3575.9,5834.4,7802.6,4226.7,4226.7,941.0,0.222632,1,p:1.3.3.1.1.2
U1470,59,FUSE0,3649.9,5834.4,7879.8,4229.9,4229.9,941.0,0.222464,1,p:2.1.2.2.2.1
U1471,59,FUSE0,3691.9,5946.6,7918.6,4226.7,4226.7,941.0,0.222632,1,p:1.2.4.1.3.2
U1472,59,FUSE0,3770.7,5946.6,8000.6,4229.9,4229.9,941.0,0.222464,1,p:2.3.5.2.1.1
U1473,59,FUSE1,3807.9,6058.8,8034.6,4226.7,4226.7,1003.0,0.237301,1,p:1.1.1.1.2.2
U1474,59,FUSE1,3886.7,6058.8,8116.6,4229.9,4229.9,1003.0,0.237121,1,p:2.2.3.2.3.1
U1475,59,FUSE1,3928.7,6171.0,8155.4,4226.7,4226.7,1003.0,0.237301,1,p:1.3.2.1.1.2
U1476,59,FUSE1,4002.7,6171.0,8232.6,4229.9,4229.9,1003.0,0.237121,1,p:2.1.4.2.2.1
U1477,59,FUSE1,4044.7,6283.2,8271.4,4226.7,4226.7,1003.0,0.237301,1,p:1.2.5.1.3.2
U1478,59,FUSE1,4123.5,6283.2,8353.4,4229.9,4229.9,1003.0,0.237121,1,p:2.3.1.2.1.1
U1479,59,FUSE1,4160.7,6395.4,8387.4,4226.7,4226.7,1003.0,0.237301,1,p:1.1.3.1.2.2
U1480,59,FUSE1,4239.5,6395.4,8469.4,4229.9,4229.9,1003.0,0.237121,1,p:2.2.2.2.3.1
U1481,59,FUSE2,4298.3,6507.6,8508.2,4209.9,4209.9,1035.4,0.245944,1,p:1.3.4.1.1.2
U1482,59,FUSE2,4355.5,6507.6,8585.4,4229.9,4229.9,1035.4,0.244781,1,p:2.1.5.2.2.1
U1483,59,FUSE2,4414.3,6619.8,8624.2,4209.9,4209.9,1035.4,0.245944,1,p:1.2.1.1.3.2
U1484,59,FUSE2,4493.1,6619.8,8706.2,4213.1,4213.1,1035.4,0.245757,1,p:2.3.3.2.1.1
U1485,59,FUSE2,4530.3,6732.0,8740.2,4209.9,4209.9,1035.4,0.245944,1,p:1.1.2.1.2.2
U1486,59,FUSE2,4609.1,6732.0,8822.2,4213.1,4213.1,1035.4,0.245757,1,p:2.2.4.2.3.1
U1487,59,FUSE2,4651.1,6844.2,8861.4,4210.3,4210.3,1035.4,0.245921,1,p:1.3.5.1.1.2
U1488,59,FUSE2,4725.1,6844.2,8938.2,4213.1,4213.1,1035.4,0.245757,1,p:2.1.1.2.2.1
U6210,248,FUSE0,4767.1,6956.4,9059.0,4291.9,4291.9,941.0,0.21925,1,p:1.2.3.2.1.1
U6211,248,FUSE0,4845.9,6956.4,8977.4,4131.5,4131.5,941.0,0.227762,1,p:2.3.2.1.3.2
U6212,248,FUSE0,4883.1,7068.6,9093.4,4210.3,4210.3,941.0,0.2235,1,p:1.1.4.1.2.2
U6213,248,FUSE0,4961.9,7068.6,9175.0,4213.1,4213.1,941.0,0.223351,1,p:2.2.5.2.3.1
U6214,248,FUSE0,5003.9,7180.8,9330.2,4326.3,4326.3,941.0,0.217507,1,p:1.3.3.1.3.2
U6215,248,FUSE0,5077.9,7180.8,9291.0,4213.1,4213.1,941.0,0.223351,1,p:2.1.2.2.2.1
U6216,248,FUSE0,5119.9,7293.0,9214.2,4094.3,4094.3,941.0,0.229832,1,p:1.2.1.1.1.2
U6217,248,FUSE0,5198.7,7293.0,9411.8,4213.1,4213.1,941.0,0.223351,1,p:2.3.4.2.1.1
U6218,248,FUSE1,5235.9,7405.2,9446.2,4210.3,4210.3,1003.0,0.238225,1,p:1.1.5.1.2.2
U6219,248,FUSE1,5314.7,7405.2,9643.8,4329.1,4329.1,1003.0,0.231688,1,p:2.2.3.2.2.1
U6220,248,FUSE1,5356.7,7517.4,9567.0,4210.3,4210.3,1003.0,0.238225,1,p:1.3.2.1.1.2
U6221,248,FUSE1,5430.7,7517.4,9527.8,4097.1,4097.1,1003.0,0.244807,1,p:2.1.1.2.3.1
U6222,248,FUSE1,5472.7,7629.6,9683.0,4210.3,4210.3,1003.0,0.238225,1,p:1.2.4.1.3.2
U6223,248,FUSE1,5551.5,7629.6,9764.6,4213.1,4213.1,1003.0,0.238067,1,p:2.3.5.2.1.1
U6224,248,FUSE1,5588.7,7741.8,9799.0,4210.3,4210.3,1003.0,0.238225,1,p:1.1.3.1.2.2
U6225,248,FUSE1,5667.5,7741.8,9880.6,4213.1,4213.1,1003.0,0.238067,1,p:2.2.2.2.3.1
U6226,248,FUSE2,5709.5,7854.0,9919.8,4210.3,4210.3,1035.4,0.245921,1,p:1.3.1.1.1.2
U6227,248,FUSE2,5783.5,7854.0,9996.6,4213.1,4213.1,1035.4,0.245757,1,p:2.1.4.2.2.1
U6228,248,FUSE2,5825.5,7966.2,10035.8,4210.3,4210.3,1035.4,0.245921,1,p:1.2.5.1.3.2
U6229,248,FUSE2,5904.7,7966.2,10117.4,4212.7,4212.7,1035.4,0.245781,1,p:2.3.3.2.1.1
U6230,248,FUSE2,5941.5,8078.4,10151.8,4210.3,4210.3,1035.4,0.245921,1,p:1.1.2.1.2.2
U6231,248,FUSE2,6020.7,8078.4,10233.4,4212.7,4212.7,1035.4,0.245781,1,p:2.2.1.2.3.1
U6232,248,FUSE2,6062.3,8190.6,10289.4,4227.1,4227.1,1035.4,0.244943,1,p:1.3.4.1.1.2
U6233,248,FUSE2,6136.7,8190.6,10484.2,4347.5,4347.5,1035.4,0.23816,1,p:2.1.5.2.1.1
U057,3,FUSE0,6178.3,8302.8,10349.4,4171.1,4171.1,941.0,0.2256,1,p:1.2.3.2.2.1
U058,3,FUSE0,6257.5,8302.8,10405.4,4147.9,4147.9,941.0,0.226862,1,p:2.3.2.1.3.2
E001,352,FUSE0,6294.3,8415.0,10521.4,4227.1,4227.1,941.0,0.222611,1,p:1.1.1.1.2.2
E002,352,FUSE0,6373.5,8415.0,10600.2,4226.7,4226.7,941.0,0.222632,1,p:2.2.4.2.3.1
E003,352,FUSE0,6415.1,8527.2,10642.2,4227.1,4227.1,941.0,0.222611,1,p:1.3.3.1.1.2
E004,352,FUSE0,6489.5,8527.2,10716.2,4226.7,4226.7,941.0,0.222632,1,p:2.1.2.2.2.1
E005,352,FUSE0,6531.1,8639.4,10758.2,4227.1,4227.1,941.0,0.222611,1,p:1.2.5.1.3.2
E006,352,FUSE0,6610.3,8639.4,10837.0,4226.7,4226.7,941.0,0.222632,1,p:2.3.1.2.1.1
E007,352,FUSE0,6647.1,8751.6,10874.2,4227.1,4227.1,941.0,0.222611,1,p:1.1.4.1.2.2
E008,352,FUSE0,6726.3,8751.6,10953.0,4226.7,4226.7,941.0,0.222632,1,p:2.2.3.2.3.1
E009,352,FUSE0,6767.9,8863.8,10995.0,4227.1,4227.1,941.0,0.222611,1,p:1.3.2.1.1.2
E010,352,FUSE1,6842.3,8863.8,11069.0,4226.7,4226.7,1003.0,0.237301,1,p:2.1.5.2.2.1
E011,352,FUSE1,6883.9,8976.0,11111.0,4227.1,4227.1,1003.0,0.237279,1,p:1.2.1.1.3.2
E012,352,FUSE1,6963.1,9088.2,11227.0,4263.9,4263.9,1003.0,0.235231,1,p:1.1.3.1.2.2
E013,352,FUSE1,6999.9,8976.0,11189.8,4189.9,4189.9,1003.0,0.239385,1,p:2.3.4.2.1.1
E014,352,FUSE1,7079.1,9200.4,11421.8,4342.7,4342.7,1003.0,0.230962,1,p:1.3.1.2.2.1
E015,352,FUSE1,7120.7,9088.2,11305.8,4185.1,4185.1,1003.0,0.23966,1,p:2.2.2.2.3.1
E016,352,FUSE1,7195.1,9312.6,11463.8,4268.7,4268.7,1003.0,0.234966,1,p:1.2.4.1.3.2
E017,352,FUSE1,7236.7,9200.4,11347.8,4111.1,4111.1,1003.0,0.243974,1,p:2.1.5.1.1.2
E018,352,FUSE1,7315.9,9424.8,11579.8,4263.9,4263.9,1003.0,0.235231,1,p:1.1.2.1.2.2
E019,352,FUSE1,7352.7,9312.6,11542.6,4189.9,4189.9,1003.0,0.239385,1,p:2.3.3.2.1.1
E020,352,FUSE1,7431.9,9537.0,11700.6,4268.7,4268.7,1003.0,0.234966,1,p:1.3.1.1.1.2
E021,352,FUSE1,7473.5,9424.8,11658.6,4185.1,4185.1,1003.0,0.23966,1,p:2.2.5.2.3.1
E022,352,FUSE2,7547.9,9649.2,11816.6,4268.7,4268.7,1035.4,0.242556,1,p:1.2.3.1.3.2
E023,352,FUSE2,7589.5,9537.0,11774.6,4185.1,4185.1,1035.4,0.247401,1,p:2.1.4.2.2.1
E024,352,FUSE2,7679.1,9761.4,11932.6,4253.5,4253.5,1035.4,0.243423,1,p:1.1.5.1.2.2
E025,352,FUSE2,7705.5,9649.2,11895.4,4189.9,4189.9,1035.4,0.247118,1,p:2.3.2.2.1.1
E026,352,FUSE2,7795.1,9873.6,12053.4,4258.3,4258.3,1035.4,0.243149,1,p:1.3.4.1.1.2
E027,352,FUSE2,7833.9,9761.4,12011.4,4177.5,4177.5,1035.4,0.247852,1,p:2.2.1.2.3.1
E028,352,FUSE2,7911.1,9985.8,12169.4,4258.3,4258.3,1035.4,0.243149,1,p:1.2.2.1.3.2
E029,352,FUSE2,7949.9,9873.6,12127.4,4177.5,4177.5,1035.4,0.247852,1,p:2.1.3.2.2.1
E030,352,FUSE2,8031.9,10098.0,12285.4,4253.5,4253.5,1035.4,0.243423,1,p:1.1.1.1.2.2
E031,352,FUSE2,8065.9,9985.8,12248.6,4182.7,4182.7,1035.4,0.247543,1,p:2.3.5.2.1.1
E032,352,FUSE2,8147.9,10210.2,12406.2,4258.3,4258.3,1035.4,0.243149,1,p:1.3.3.1.1.2
E033,352,FUSE2,8186.7,10098.0,12364.6,4177.9,4177.9,1035.4,0.247828,1,p:2.2.4.2.3.1
E034,352,FUSE2,8263.9,10322.4,12522.2,4258.3,4258.3,1035.4,0.243149,1,p:1.1.2.2.3.2
U059,3,FUSE0,8302.7,10434.6,12638.2,4335.5,4335.5,941.0,0.217045,1,p:1.1.1.1.2.2
U060,3,FUSE0,8384.7,10210.2,12717.0,4332.3,4332.3,941.0,0.217206,1,p:2.2.4.2.3.1
U061,3,FUSE0,8418.7,10546.8,13399.0,4980.3,4980.3,941.0,0.188944,1,p:1.3.3.1.1.2
U062,3,FUSE0,8500.7,10322.4,12833.0,4332.3,4332.3,941.0,0.217206,1,p:2.1.2.2.2.1
U063,3,FUSE0,8539.5,10659.0,12857.0,4317.5,4317.5,941.0,0.21795,1,p:1.2.5.1.3.2
U064,3,FUSE0,8616.7,10434.6,12601.0,3984.3,3984.3,941.0,0.236177,1,p:2.3.1.2.1.1
U065,3,FUSE1,8655.5,10771.2,13167.0,4511.5,4511.5,1003.0,0.222321,1,p:1.1.4.1.2.2
U066,3,FUSE1,8737.5,10546.8,13051.8,4314.3,4314.3,1003.0,0.232483,1,p:2.2.3.2.3.1
U067,3,FUSE1,8771.5,10883.4,13515.0,4743.5,4743.5,1003.0,0.211447,1,p:1.3.2.1.1.2
U068,3,FUSE1,8853.5,10659.0,13361.8,4508.3,4508.3,1003.0,0.222479,1,p:2.1.5.2.2.1
U069,3,FUSE1,8892.7,10995.6,13283.0,4390.3,4390.3,1003.0,0.228458,1,p:1.2.1.1.3.2
U070,3,FUSE1,8969.5,10771.2,13167.8,4198.3,4198.3,1003.0,0.238906,1,p:2.3.4.2.1.1
U071,3,FUSE1,9008.7,11107.8,13863.0,4854.3,4854.3,1003.0,0.206621,1,p:1.1.3.1.2.2
U072,3,FUSE1,9090.3,10883.4,13477.8,4387.5,4387.5,1003.0,0.228604,1,p:2.2.2.2.3.1
U073,3,FUSE2,9124.7,11220.0,13593.8,4469.1,4469.1,1035.4,0.23168,1,p:1.3.1.2.2.1
U074,3,FUSE2,9206.3,10995.6,13747.0,4540.7,4540.7,1035.4,0.228027,1,p:2.1.5.1.1.2
U075,3,FUSE2,9245.5,11332.2,13631.0,4385.5,4385.5,1035.4,0.236096,1,p:1.2.4.1.3.2
U076,3,FUSE2,9322.3,11107.8,13867.0,4544.7,4544.7,1035.4,0.227826,1,p:2.3.3.2.1.1
U077,3,FUSE2,9361.5,11444.4,14095.0,4733.5,4733.5,1035.4,0.218739,1,p:1.1.2.1.2.2
U078,3,FUSE2,9443.1,11220.0,14100.6,4657.5,4657.5,1035.4,0.222308,1,p:2.2.5.2.3.1
U079,3,FUSE2,9477.5,11556.6,14211.0,4733.5,4733.5,1035.4,0.218739,1,p:1.3.1.1.1.2
U4514,181,FUSE0,9559.1,11332.2,14216.6,4657.5,4657.5,941.0,0.20204,1,p:2.1.4.2.2.1
U4515,181,FUSE0,9598.3,11668.8,13979.0,4380.7,4380.7,941.0,0.214806,1,p:1.2.3.1.3.2
U4516,181,FUSE0,9675.1,11444.4,13983.0,4307.9,4307.9,941.0,0.218436,1,p:2.3.2.2.1.1
U4517,181,FUSE0,9714.3,11781.0,14443.0,4728.7,4728.7,941.0,0.198998,1,p:1.1.5.1.2.2
U4518,181,FUSE0,9795.9,11556.6,13751.0,3955.1,3955.1,941.0,0.237921,1,p:2.2.1.2.3.1
U4519,181,FUSE0,9830.3,11893.2,14559.0,4728.7,4728.7,941.0,0.198998,1,p:1.3.4.1.1.2
U4520,181,FUSE0,9911.9,11668.8,14332.6,4420.7,4420.7,941.0,0.212862,1,p:2.1.3.2.2.1
U4521,181,FUSE0,9951.1,12005.4,14327.0,4375.9,4375.9,941.0,0.215041,1,p:1.2.2.1.3.2
U4522,181,FUSE0,10027.9,11781.0,14448.6,4420.7,4420.7,941.0,0.212862,1,p:2.3.5.2.1.1
U4523,181,FUSE1,10067.1,12117.6,14675.0,4607.9,4607.9,1003.0,0.21767,1,p:1.1.1.1.2.2
U4524,181,FUSE1,10148.7,11893.2,14564.6,4415.9,4415.9,1003.0,0.227134,1,p:2.2.4.2.3.1
U4525,181,FUSE1,10183.1,12229.8,14907.0,4723.9,4723.9,1003.0,0.212325,1,p:1.3.3.1.1.2
U4526,181,FUSE1,10264.7,12005.4,14912.6,4647.9,4647.9,1003.0,0.215796,1,p:2.1.2.2.2.1
U4527,181,FUSE1,10320.7,12342.0,14791.0,4470.3,4470.3,1003.0,0.22437,1,p:1.2.5.1.3.2
U4528,181,FUSE1,10380.7,12117.6,14796.6,4415.9,4415.9,1003.0,0.227134,1,p:2.3.1.2.1.1
U4529,181,FUSE1,10436.7,12454.2,15139.0,4702.3,4702.3,1003.0,0.2133,1,p:1.1.4.1.2.2
U4530,181,FUSE1,10515.5,12229.8,14680.6,4165.1,4165.1,1003.0,0.240811,1,p:2.2.3.2.3.1
U4531,181,FUSE1,10552.7,12566.4,15255.0,4702.3,4702.3,1003.0,0.2133,1,p:1.3.2.1.1.2
U4532,181,FUSE1,10631.5,12342.0,15265.4,4633.9,4633.9,1003.0,0.216448,1,p:2.1.5.2.2.1
U4533,181,FUSE2,10673.5,12678.6,15023.0,4349.5,4349.5,1035.4,0.23805,1,p:1.2.1.1.3.2
U4534,181,FUSE2,10747.5,12454.2,15028.6,4281.1,4281.1,1035.4,0.241854,1,p:2.3.4.2.1.1
U4535,181,FUSE2,10789.5,12790.8,15595.0,4805.5,4805.5,1035.4,0.215461,1,p:1.1.3.1.2.2
U4536,181,FUSE2,10868.3,12566.4,15149.4,4281.1,4281.1,1035.4,0.241854,1,p:2.2.2.2.3.1
U4537,181,FUSE2,10905.5,12903.0,15711.0,4805.5,4805.5,1035.4,0.215461,1,p:1.3.5.1.1.2
U4538,181,FUSE2,10984.3,12678.6,15613.4,4629.1,4629.1,1035.4,0.223672,1,p:2.1.1.2.2.1
U4539,181,FUSE2,11026.3,13015.2,15479.0,4452.7,4452.7,1035.4,0.232533,1,p:1.2.4.1.3.2
U4540,181,FUSE2,11100.3,12790.8,15497.4,4397.1,4397.1,1035.4,0.235473,1,p:2.3.3.2.1.1
U4541,181,FUSE2,11142.3,13127.4,15944.6,4802.3,4802.3,1035.4,0.215605,1,p:1.1.2.1.2.2
U4542,181,FUSE2,11221.1,12903.0,15381.4,4160.3,4160.3,1035.4,0.248876,1,p:2.2.5.2.3.1
U4265,171,FUSE0,11258.3,13239.6,16176.6,4918.3,4918.3,941.0,0.191326,1,p:1.3.1.1.1.2
U4266,171,FUSE0,11337.1,13015.2,15961.4,4624.3,4624.3,941.0,0.20349,1,p:2.1.4.2.2.1
U4267,171,FUSE0,11379.1,13351.8,15828.6,4449.5,4449.5,941.0,0.211484,1,p:1.2.3.1.3.2
U4268,171,FUSE0,11453.1,13127.4,15729.4,4276.3,4276.3,941.0,0.22005,1,p:2.3.2.2.1.1
U4269,171,FUSE0,11495.1,13464.0,16292.6,4797.5,4797.5,941.0,0.196144,1,p:1.1.5.1.2.2
U4270,171,FUSE0,11573.9,13239.6,15845.4,4271.5,4271.5,941.0,0.220297,1,p:2.2.1.2.3.1
U4271,171,FUSE0,11611.1,13576.2,16408.6,4797.5,4797.5,941.0,0.196144,1,p:1.3.4.1.1.2
U4272,171,FUSE0,11689.9,13351.8,16193.4,4503.5,4503.5,941.0,0.208949,1,p:2.1.3.2.2.1
U4273,171,FUSE0,11731.9,13688.4,16060.6,4328.7,4328.7,941.0,0.217386,1,p:1.2.2.1.3.2
U4274,171,FUSE1,11805.9,13464.0,16077.4,4271.5,4271.5,1003.0,0.234812,1,p:2.3.5.2.1.1
U4275,171,FUSE1,11847.9,13800.6,16524.6,4676.7,4676.7,1003.0,0.214467,1,p:1.1.1.1.2.2
U4276,171,FUSE1,11926.7,13576.2,16309.4,4382.7,4382.7,1003.0,0.228854,1,p:2.2.4.2.3.1
U4277,171,FUSE1,11963.9,13912.8,16760.6,4796.7,4796.7,1003.0,0.209102,1,p:1.3.3.1.1.2
U4278,171,FUSE1,12042.7,13688.4,16773.4,4730.7,4730.7,1003.0,0.212019,1,p:2.1.2.2.2.1
U4279,171,FUSE1,12084.7,14025.0,16640.6,4555.9,4555.9,1003.0,0.220154,1,p:1.2.5.1.3.2
U4280,171,FUSE1,12158.7,13800.6,16425.4,4266.7,4266.7,1003.0,0.235076,1,p:2.3.1.2.1.1
U4281,171,FUSE1,12200.7,14137.2,16993.4,4792.7,4792.7,1003.0,0.209277,1,p:1.1.4.1.2.2
U4282,171,FUSE1,12279.9,13912.8,16541.4,4261.5,4261.5,1003.0,0.235363,1,p:2.2.3.2.3.1
U4283,171,FUSE2,12316.7,14249.4,17113.4,4796.7,4796.7,1035.4,0.215857,1,p:1.3.2.1.1.2
U4284,171,FUSE2,12395.9,14025.0,17005.4,4609.5,4609.5,1035.4,0.224623,1,p:2.1.5.2.2.1
U4285,171,FUSE2,12437.5,14361.6,16877.4,4439.9,4439.9,1035.4,0.233203,1,p:1.2.1.1.3.2
U4286,171,FUSE2,12553.5,14137.2,16657.4,4103.9,4103.9,1035.4,0.252297,1,p:2.3.4.2.1.1
U4287,171,FUSE2,12632.3,14473.8,17480.2,4847.9,4847.9,1035.4,0.213577,1,p:1.1.3.1.2.2
U4288,171,FUSE2,12669.5,14249.4,16889.4,4219.9,4219.9,1035.4,0.245361,1,p:2.2.2.2.3.1
U4289,171,FUSE2,12748.3,14586.0,17353.4,4605.1,4605.1,1035.4,0.224838,1,p:1.3.5.2.2.1
U4290,171,FUSE2,12864.3,14361.6,17354.6,4490.3,4490.3,1035.4,0.230586,1,p:2.1.1.1.1.2
U6179,247,FUSE0,12888.3,14698.2,17238.6,4350.3,4350.3,941.0,0.216307,1,p:1.2.4.1.3.2
U6180,247,FUSE0,13083.1,14473.8,17121.4,4038.3,4038.3,941.0,0.233019,1,p:2.3.3.2.1.1
U6181,247,FUSE0,13198.3,14810.4,17655.0,4456.7,4456.7,941.0,0.211143,1,p:1.1.2.1.2.2
U6182,247,FUSE0,13199.1,14586.0,17237.4,4038.3,4038.3,941.0,0.233019,1,p:2.2.4.2.2.1
U6183,247,FUSE0,13314.3,14922.6,17809.2,4494.9,4494.9,941.0,0.209348,1,p:1.3.5.1.1.2
U6184,247,FUSE0,13393.1,14698.2,17469.4,4076.3,4076.3,941.0,0.230847,1,p:2.1.1.2.3.1
U6185,247,FUSE0,13430.3,15873.6456,17937.8,4507.5,4507.5,941.0,0.208763,1,p:1.2.3.1.3.2
U6186,247,FUSE0,13509.1,14810.4,17585.4,4076.3,4076.3,941.0,0.230847,1,p:2.3.2.2.1.1
U6187,247,FUSE0,13546.3,15985.8456,18249.4,4703.1,4703.1,941.0,0.200081,1,p:1.1.4.1.2.2
U6188,247,FUSE0,13625.1,14922.6,17701.4,4076.3,4076.3,941.0,0.230847,1,p:2.2.5.2.3.1
U6189,247,FUSE1,13662.3,16098.0456,18481.4,4819.1,4819.1,1003.0,0.20813,1,p:1.3.1.1.1.2
U6190,247,FUSE1,13778.3,15034.8,17933.4,4155.1,4155.1,1003.0,0.24139,1,p:2.1.3.2.2.1
U6191,247,FUSE1,13782.3,16210.2456,18597.4,4815.1,4815.1,1003.0,0.208303,1,p:1.2.2.1.3.2
U6192,247,FUSE1,13894.3,15147.0,18049.4,4155.1,4155.1,1003.0,0.24139,1,p:2.3.4.2.1.1
U6193,247,FUSE1,13898.3,16322.4456,18713.4,4815.1,4815.1,1003.0,0.208303,1,p:1.1.5.1.2.2
U6194,247,FUSE1,14010.3,15259.2,17817.4,3807.1,3807.1,1003.0,0.263455,1,p:2.2.1.2.3.1
U6195,247,FUSE1,14014.3,16434.6456,18829.4,4815.1,4815.1,1003.0,0.208303,1,p:1.3.3.1.1.2
U6196,247,FUSE1,14126.3,15371.4,18165.4,4039.1,4039.1,1003.0,0.248323,1,p:2.1.2.2.2.1
U6197,247,FUSE1,14131.9,16546.8456,19067.8,4935.9,4935.9,1003.0,0.203205,1,p:1.2.4.1.3.2
U6198,247,FUSE1,14242.3,15483.6,18397.4,4155.1,4155.1,1003.0,0.24139,1,p:2.3.5.2.1.1
U6199,247,FUSE2,14247.9,16659.0456,18951.8,4703.9,4703.9,1035.4,0.220115,1,p:1.1.1.1.2.2
U6200,247,FUSE2,14358.3,15595.8,18281.4,3923.1,3923.1,1035.4,0.263924,1,p:2.2.3.2.3.1
U6201,247,FUSE2,14363.9,16771.2456,19183.8,4819.9,4819.9,1035.4,0.214818,1,p:1.3.2.1.1.2
U6202,247,FUSE2,14474.3,15708.0,18513.4,4039.1,4039.1,1035.4,0.256344,1,p:2.1.4.2.2.1
U6203,247,FUSE2,14479.9,16883.4456,19439.0,4959.1,4959.1,1035.4,0.208788,1,p:1.2.5.1.3.2
U6204,247,FUSE2,14590.3,15820.2,18629.4,4039.1,4039.1,1035.4,0.256344,1,p:2.3.1.2.1.1
U6205,247,FUSE2,14595.9,16995.6456,19555.0,4959.1,4959.1,1035.4,0.208788,1,p:1.1.3.1.2.2
U6206,247,FUSE2,14706.3,15932.4,18745.4,4039.1,4039.1,1035.4,0.256344,1,p:2.2.2.2.3.1
U6207,247,FUSE2,14711.9,17107.8456,19323.0,4611.1,4611.1,1035.4,0.224545,1,p:1.3.4.1.1.2
U6208,247,FUSE2,14822.3,16044.6,18861.4,4039.1,4039.1,1035.4,0.256344,1,p:2.1.5.2.2.1
U6209,247,FUSE2,14827.9,17220.0456,19789.4,4961.5,4961.5,1035.4,0.208687,1,p:1.2.1.2.1.1
U6433,257,FUSE0,14938.3,16156.8,18365.4,3427.1,3427.1,941.0,0.274576,1,p:2.3.3.1.3.2
U6434,257,FUSE0,14943.9,17332.2456,19671.0,4727.1,4727.1,941.0,0.199065,1,p:1.1.2.1.2.2
U6435,257,FUSE0,15054.3,16269.0,18977.4,3923.1,3923.1,941.0,0.239861,1,p:2.2.4.2.3.1
U6436,257,FUSE0,15059.9,17444.4456,20079.4,5019.5,5019.5,941.0,0.187469,1,p:1.3.5.1.1.2
U6437,257,FUSE0,15170.3,16381.2,19209.4,4039.1,4039.1,941.0,0.232973,1,p:2.1.3.2.2.1
U6438,257,FUSE0,15180.7,17556.6456,19963.4,4782.7,4782.7,941.0,0.196751,1,p:1.2.1.1.3.2
U6439,257,FUSE0,15286.3,16493.4,19093.4,3807.1,3807.1,941.0,0.24717,1,p:2.3.2.2.1.1
U6440,257,FUSE1,15296.7,17668.8456,20195.4,4898.7,4898.7,1003.0,0.204748,1,p:1.1.4.1.2.2
U6441,257,FUSE1,15412.7,16605.6,19325.4,3912.7,3912.7,1003.0,0.256345,1,p:2.2.5.2.3.1
U6442,257,FUSE1,15510.3,17781.0456,20427.4,4917.1,4917.1,1003.0,0.203982,1,p:1.3.3.1.1.2
U6443,257,FUSE1,15528.7,16717.8,19441.4,3912.7,3912.7,1003.0,0.256345,1,p:2.1.1.2.2.1
U6444,257,FUSE1,15626.3,17893.2456,20311.4,4685.1,4685.1,1003.0,0.214083,1,p:1.2.2.1.3.2
U6445,257,FUSE1,15644.7,16830.0,19557.4,3912.7,3912.7,1003.0,0.256345,1,p:2.3.4.2.1.1
U6446,257,FUSE1,15742.3,18005.4456,20543.4,4801.1,4801.1,1003.0,0.20891,1,p:1.1.5.1.2.2
U6447,257,FUSE2,15760.7,16942.2,19673.4,3912.7,3912.7,1035.4,0.264625,1,p:2.2.3.2.3.1
U6448,257,FUSE2,15859.9,18117.6456,20990.6,5130.7,5130.7,1035.4,0.201805,1,p:1.3.1.1.1.2
U6449,257,FUSE2,15876.7,17054.4,19905.4,4028.7,4028.7,1035.4,0.257006,1,p:2.1.2.2.2.1
U6450,257,FUSE2,15975.9,18229.8456,20708.2,4732.3,4732.3,1035.4,0.218794,1,p:1.2.4.1.3.2
U6451,257,FUSE2,15992.7,17166.6,20217.0,4224.3,4224.3,1035.4,0.245106,1,p:2.3.5.2.1.1
U6452,257,FUSE2,16091.9,18342.0456,21066.2,4974.3,4974.3,1035.4,0.20815,1,p:1.1.3.2.3.1
U6453,257,FUSE2,16108.7,17278.8,19847.4,3738.7,3738.7,1035.4,0.276941,1,p:2.2.1.1.1.2
U2672,108,FUSE0,16207.9,18454.2456,20874.6,4666.7,4666.7,941.0,0.201641,1,p:1.3.2.1.2.2
U2673,108,FUSE0,16224.7,17391.0,20021.4,3796.7,3796.7,941.0,0.247847,1,p:2.1.4.2.2.1
U2674,108,FUSE0,16323.9,18566.4456,21222.6,4898.7,4898.7,941.0,0.192092,1,p:1.2.5.1.3.2
U2675,108,FUSE0,16340.7,17503.2,20718.2,4377.5,4377.5,941.0,0.214963,1,p:2.3.2.2.1.1
U2676,108,FUSE0,16439.9,18678.6456,21106.6,4666.7,4666.7,941.0,0.201641,1,p:1.1.3.1.2.2
U2677,108,FUSE0,16456.7,17615.4,20486.2,4029.5,4029.5,941.0,0.233528,1,p:2.2.1.2.3.1
U2678,108,FUSE0,16555.9,18790.8456,21686.6,5130.7,5130.7,941.0,0.183406,1,p:1.3.4.1.1.2
U2679,108,FUSE0,16572.7,17727.6,20370.2,3797.5,3797.5,941.0,0.247795,1,p:2.1.5.2.2.1
U2680,108,FUSE1,16671.9,18903.0456,21570.6,4898.7,4898.7,1003.0,0.204748,1,p:1.2.2.1.3.2
U2681,108,FUSE1,16688.7,17839.8,20950.2,4261.5,4261.5,1003.0,0.235363,1,p:2.3.3.2.1.1
U2682,108,FUSE1,16791.9,19015.2456,21454.6,4662.7,4662.7,1003.0,0.215111,1,p:1.1.1.1.2.2
U2683,108,FUSE1,16804.7,17952.0,20602.2,3797.5,3797.5,1003.0,0.264121,1,p:2.2.4.2.3.1
U2684,108,FUSE1,16908.7,19127.4456,22034.6,5125.9,5125.9,1003.0,0.195673,1,p:1.3.5.1.1.2
U2685,108,FUSE1,16920.7,18064.2,20834.2,3913.5,3913.5,1003.0,0.256292,1,p:2.1.2.2.2.1
U2686,108,FUSE1,17024.7,19239.6456,21802.6,4777.9,4777.9,1003.0,0.209925,1,p:1.2.3.1.3.2
U2687,108,FUSE1,17036.7,18176.4,21476.2,4439.5,4439.5,1003.0,0.225926,1,p:2.3.1.2.1.1
U2688,108,FUSE2,17144.7,19351.8456,21918.6,4773.9,4773.9,1035.4,0.216888,1,p:1.1.4.1.2.2
U2689,108,FUSE2,17152.7,18288.6,21360.2,4207.5,4207.5,1035.4,0.246084,1,p:2.2.5.2.3.1
U2690,108,FUSE2,17268.7,19464.0456,22479.8,5211.1,5211.1,1035.4,0.198691,1,p:1.3.2.1.1.2
U2691,108,FUSE2,17269.9,18400.8,21244.2,3974.3,3974.3,1035.4,0.260524,1,p:2.1.3.2.2.1
U2692,108,FUSE2,17384.7,19576.2456,22363.8,4979.1,4979.1,1035.4,0.207949,1,p:1.2.1.1.3.2
U2693,108,FUSE2,17385.9,18513.0,21718.2,4332.3,4332.3,1035.4,0.238995,1,p:2.3.4.2.1.1
U2694,108,FUSE2,17500.7,19688.4456,22247.8,4747.1,4747.1,1035.4,0.218112,1,p:1.1.5.1.2.2
U2695,108,FUSE2,17511.5,18625.2,21338.6,3827.1,3827.1,1035.4,0.270544,1,p:2.2.2.1.1.2
U2696,108,FUSE2,17616.7,19800.6456,22530.2,4913.5,4913.5,1035.4,0.210726,1,p:1.3.3.2.2.1
U030,2,FUSE0,17686.3,18737.4,21602.2,3915.9,3915.9,941.0,0.240302,1,p:2.1.1.2.3.1
U031,2,FUSE0,17732.7,19912.8456,22595.8,4863.1,4863.1,941.0,0.193498,1,p:1.2.4.1.3.2
U032,2,FUSE0,17840.5,18849.6,21950.2,4109.7,4109.7,941.0,0.22897,1,p:2.3.5.2.1.1
U033,2,FUSE0,17848.7,20025.0456,22711.8,4863.1,4863.1,941.0,0.193498,1,p:1.1.1.1.2.2
U034,2,FUSE0,17964.7,18961.8,22066.2,4101.5,4101.5,941.0,0.229428,1,p:2.2.2.2.3.1
U035,2,FUSE0,17969.1,20137.2456,22827.8,4858.7,4858.7,941.0,0.193673,1,p:1.3.3.1.1.2
U036,2,FUSE0,18080.7,19074.0,21834.2,3753.5,3753.5,941.0,0.250699,1,p:2.1.4.2.2.1
U037,2,FUSE0,18196.7,20249.4456,22943.8,4747.1,4747.1,941.0,0.198226,1,p:1.2.5.1.3.2
U038,2,FUSE0,18280.7,19186.2,22414.2,4133.5,4133.5,941.0,0.227652,1,p:2.3.1.2.1.1
U039,2,FUSE1,18312.7,20361.6456,23291.8,4979.1,4979.1,1003.0,0.201442,1,p:1.1.2.1.2.2
U040,2,FUSE1,18396.7,19298.4,22298.2,3901.5,3901.5,1003.0,0.257081,1,p:2.2.3.2.3.1
U041,2,FUSE1,18428.7,20473.8456,23175.8,4747.1,4747.1,1003.0,0.211287,1,p:1.3.4.1.1.2
U042,2,FUSE1,18512.7,19410.6,22182.2,3669.5,3669.5,1003.0,0.273334,1,p:2.1.5.2.2.1
U043,2,FUSE1,18544.7,20586.0456,23523.8,4979.1,4979.1,1003.0,0.201442,1,p:1.2.1.1.3.2
U044,2,FUSE1,18628.7,19522.8,22646.2,4017.5,4017.5,1003.0,0.249658,1,p:2.3.2.2.1.1
U045,2,FUSE1,18660.7,20698.2456,23646.2,4985.5,4985.5,1003.0,0.201183,1,p:1.1.3.1.2.2
U046,2,FUSE1,18744.7,19635.0,22762.2,4017.5,4017.5,1003.0,0.249658,1,p:2.2.4.2.3.1
U047,2,FUSE1,18776.7,20810.4456,23407.8,4631.1,4631.1,1003.0,0.216579,1,p:1.3.5.1.1.2
U048,2,FUSE2,18860.7,19747.2,22878.2,4017.5,4017.5,1035.4,0.257722,1,p:2.1.1.2.2.1
U049,2,FUSE2,18892.7,20922.6456,23762.2,4869.5,4869.5,1035.4,0.21263,1,p:1.2.2.1.3.2
U050,2,FUSE2,18983.1,19859.4,22994.2,4011.1,4011.1,1035.4,0.258134,1,p:2.3.3.2.1.1
U051,2,FUSE2,19008.7,21034.8456,23994.2,4985.5,4985.5,1035.4,0.207682,1,p:1.1.4.1.2.2
U052,2,FUSE2,19099.1,19971.6,23110.2,4011.1,4011.1,1035.4,0.258134,1,p:2.2.5.2.3.1
U053,2,FUSE2,19124.7,21147.0456,23878.2,4753.5,4753.5,1035.4,0.217818,1,p:1.3.1.1.1.2
U054,2,FUSE2,19215.1,20083.8,23342.2,4127.1,4127.1,1035.4,0.250878,1,p:2.1.2.2.2.1
U055,2,FUSE2,19240.7,21259.2456,24226.2,4985.5,4985.5,1035.4,0.207682,1,p:1.2.3.1.3.2
U056,2,FUSE2,19354.3,20196.0,23059.8,3705.5,3705.5,1035.4,0.279422,1,p:2.3.4.1.2.2
U4596,184,FUSE0,19356.7,21371.4456,24502.2,5145.5,5145.5,941.0,0.182878,1,p:1.1.5.2.1.1
U4597,184,FUSE0,19470.3,20308.2,23226.2,3755.9,3755.9,941.0,0.250539,1,p:2.2.1.2.3.1
U4598,184,FUSE0,19472.7,21483.6456,24110.2,4637.5,4637.5,941.0,0.202911,1,p:1.3.2.1.1.2
U4599,184,FUSE0,19586.3,20420.4,23574.2,3987.9,3987.9,941.0,0.235964,1,p:2.1.3.2.2.1
U4600,184,FUSE0,19588.7,21595.8456,24574.2,4985.5,4985.5,941.0,0.188747,1,p:1.2.5.1.3.2
U4601,184,FUSE0,19702.3,20532.6,23458.2,3755.9,3755.9,941.0,0.250539,1,p:2.3.4.2.1.1
U4602,184,FUSE0,19704.7,21708.0456,24458.2,4753.5,4753.5,941.0,0.197959,1,p:1.1.1.1.2.2
U4603,184,FUSE0,19820.7,20644.8,23690.2,3869.5,3869.5,941.0,0.243184,1,p:2.2.2.2.3.1
U4604,184,FUSE0,19878.7,21820.2456,24806.2,4927.5,4927.5,941.0,0.190969,1,p:1.3.3.1.1.2
U4605,184,FUSE1,19936.7,20757.0,24038.2,4101.5,4101.5,1003.0,0.244545,1,p:2.1.5.2.2.1
U4606,184,FUSE1,19994.7,21932.4456,24690.2,4695.5,4695.5,1003.0,0.213609,1,p:1.2.4.1.3.2
U4607,184,FUSE1,20052.7,20869.2,23806.2,3753.5,3753.5,1003.0,0.267217,1,p:2.3.1.2.1.1
U4608,184,FUSE1,20110.7,22044.6456,24922.2,4811.5,4811.5,1003.0,0.208459,1,p:1.1.2.1.2.2
U4609,184,FUSE1,20226.7,20981.4,23922.2,3695.5,3695.5,1003.0,0.271411,1,p:2.2.3.2.3.1
U4610,184,FUSE1,20248.3,22156.8456,25154.6,4906.3,4906.3,1003.0,0.204431,1,p:1.3.5.1.1.2
U4611,184,FUSE1,20342.7,21093.6,24270.2,3927.5,3927.5,1003.0,0.255379,1,p:2.1.4.2.2.1
U4612,184,FUSE1,20401.5,22269.0456,25038.2,4636.7,4636.7,1003.0,0.216318,1,p:1.2.1.1.3.2
U4613,184,FUSE1,20458.7,21205.8,24154.2,3695.5,3695.5,1003.0,0.271411,1,p:2.3.2.2.1.1
U4614,184,FUSE2,20517.5,22381.2456,25270.6,4753.1,4753.1,1035.4,0.217837,1,p:1.1.3.1.2.2
U4615,184,FUSE2,20574.7,21318.0,24386.2,3811.5,3811.5,1035.4,0.271652,1,p:2.2.5.2.3.1
U4616,184,FUSE2,20633.5,22493.4456,25504.2,4870.7,4870.7,1035.4,0.212577,1,p:1.3.4.1.1.2
U4617,184,FUSE2,20739.5,21430.2,24618.2,3878.7,3878.7,1035.4,0.266945,1,p:2.1.1.2.2.1
U4618,184,FUSE2,20749.5,22605.6456,25386.6,4637.1,4637.1,1035.4,0.223286,1,p:1.2.2.1.3.2
U4619,184,FUSE2,20865.5,21542.4,24864.6,3999.1,3999.1,1035.4,0.258908,1,p:2.3.3.2.1.1
U4620,184,FUSE2,20905.9,22717.8456,25620.2,4714.3,4714.3,1035.4,0.21963,1,p:1.1.5.1.2.2
U4621,184,FUSE2,20981.5,21654.6,24748.6,3767.1,3767.1,1035.4,0.274853,1,p:2.2.4.2.3.1
U4622,184,FUSE2,21021.9,22830.0456,25815.0,4793.1,4793.1,1035.4,0.216019,1,p:1.3.1.2.2.1
U2081,84,FUSE0,21097.5,21766.8,24342.2,3244.7,3244.7,941.0,0.290011,1,p:2.1.2.1.1.2
U2082,84,FUSE0,21137.9,22942.2456,25736.2,4598.3,4598.3,941.0,0.204641,1,p:1.2.3.1.3.2
U2083,84,FUSE0,21253.9,21879.0,24999.8,3745.9,3745.9,941.0,0.251208,1,p:2.3.5.2.1.1
U2084,84,FUSE0,21275.5,23054.4456,25976.2,4700.7,4700.7,941.0,0.200183,1,p:1.1.4.1.2.2
U2085,84,FUSE0,21369.9,21991.2,25231.8,3861.9,3861.9,941.0,0.243662,1,p:2.2.2.2.3.1
U2086,84,FUSE0,21391.5,23166.6456,25860.2,4468.7,4468.7,941.0,0.210576,1,p:1.3.1.1.1.2
U2087,84,FUSE0,21485.9,22103.4,25115.8,3629.9,3629.9,941.0,0.259236,1,p:2.1.3.2.2.1
U2088,84,FUSE0,21507.5,23278.8456,26208.2,4700.7,4700.7,941.0,0.200183,1,p:1.2.5.1.3.2
U2089,84,FUSE1,21601.9,22215.6,25349.4,3747.5,3747.5,1003.0,0.267645,1,p:2.3.4.2.1.1
U2090,84,FUSE1,21633.5,23391.0456,26324.2,4690.7,4690.7,1003.0,0.213827,1,p:1.1.2.1.2.2
U2091,84,FUSE1,21717.9,22327.8,25581.4,3863.5,3863.5,1003.0,0.259609,1,p:2.2.1.2.3.1
U2092,84,FUSE1,21749.5,23503.2456,26440.2,4690.7,4690.7,1003.0,0.213827,1,p:1.3.3.1.1.2
U2093,84,FUSE1,21833.9,22440.0,25465.4,3631.5,3631.5,1003.0,0.276194,1,p:2.1.5.2.2.1
U2094,84,FUSE1,21865.5,23615.4456,26672.2,4806.7,4806.7,1003.0,0.208667,1,p:1.2.4.1.3.2
U2095,84,FUSE1,21949.9,22552.2,25699.0,3749.1,3749.1,1003.0,0.267531,1,p:2.3.2.2.1.1
U2096,84,FUSE1,21981.5,23727.6456,26556.2,4574.7,4574.7,1003.0,0.219249,1,p:1.1.1.1.2.2
U2097,84,FUSE2,22065.9,22664.4,25931.0,3865.1,3865.1,1035.4,0.267884,1,p:2.2.3.2.3.1
U2098,84,FUSE2,22097.5,23839.8456,26788.2,4690.7,4690.7,1035.4,0.220735,1,p:1.3.5.1.1.2
U2099,84,FUSE2,22213.5,22776.6,26171.0,3957.5,3957.5,1035.4,0.26163,1,p:2.1.4.2.2.1
U2100,84,FUSE2,22279.1,23952.0456,27048.6,4769.5,4769.5,1035.4,0.217088,1,p:1.2.2.1.3.2
U2101,84,FUSE2,22329.5,22888.8,26055.0,3725.5,3725.5,1035.4,0.277922,1,p:2.3.1.2.1.1
U2102,84,FUSE2,22395.1,24064.2456,26932.6,4537.5,4537.5,1035.4,0.228187,1,p:1.1.3.1.2.2
U2103,84,FUSE2,22445.5,23001.0,26403.0,3957.5,3957.5,1035.4,0.26163,1,p:2.2.5.2.3.1
U2104,84,FUSE2,22511.1,24176.4456,27275.4,4764.3,4764.3,1035.4,0.217325,1,p:1.3.4.2.2.1
U2105,84,FUSE2,22561.5,23113.2,26092.2,3530.7,3530.7,1035.4,0.293256,1,p:2.1.2.1.3.2
U2326,94,FUSE0,22627.1,24288.6456,27164.6,4537.5,4537.5,941.0,0.207383,1,p:1.2.1.1.1.2
U2327,94,FUSE0,22677.5,23225.4,26287.0,3609.5,3609.5,941.0,0.260701,1,p:2.3.3.2.1.1
U2328,94,FUSE0,22743.1,24400.8456,27512.6,4769.5,4769.5,941.0,0.197295,1,p:1.1.5.1.2.2
U2329,94,FUSE0,22793.5,23337.6,26811.4,4017.9,4017.9,941.0,0.234202,1,p:2.2.1.2.3.1
U2330,94,FUSE0,22859.1,24513.0456,27396.6,4537.5,4537.5,941.0,0.207383,1,p:1.3.4.1.1.2
U2331,94,FUSE0,22909.5,23449.8,26695.4,3785.9,3785.9,941.0,0.248554,1,p:2.1.2.2.2.1
U2332,94,FUSE0,22975.1,24625.2456,27628.6,4653.5,4653.5,941.0,0.202213,1,p:1.2.3.1.3.2
U2333,94,FUSE0,23025.5,23562.0,26579.4,3553.9,3553.9,941.0,0.26478,1,p:2.3.5.2.1.1
U2334,94,FUSE1,23091.1,24737.4456,27860.6,4769.5,4769.5,1003.0,0.210295,1,p:1.1.1.1.2.2
U2335,94,FUSE1,23141.5,23674.2,27043.4,3901.9,3901.9,1003.0,0.257054,1,p:2.2.4.2.3.1
U2336,94,FUSE1,23207.1,24849.6456,27744.6,4537.5,4537.5,1003.0,0.221047,1,p:1.3.2.1.1.2
U2337,94,FUSE1,23257.5,23786.4,26927.4,3669.9,3669.9,1003.0,0.273304,1,p:2.1.3.2.2.1
U2338,94,FUSE1,23323.1,24961.8456,28092.6,4769.5,4769.5,1003.0,0.210295,1,p:1.2.5.1.3.2
U2339,94,FUSE1,23373.5,23898.6,27159.4,3785.9,3785.9,1003.0,0.26493,1,p:2.3.1.2.1.1
U2340,94,FUSE1,23439.1,25074.0456,28208.6,4769.5,4769.5,1003.0,0.210295,1,p:1.1.4.1.2.2
U2341,94,FUSE1,23489.5,24010.8,27391.4,3901.9,3901.9,1003.0,0.257054,1,p:2.2.2.2.3.1
U2342,94,FUSE2,23555.1,25186.2456,27976.6,4421.5,4421.5,1035.4,0.234174,1,p:1.3.3.1.1.2
U2343,94,FUSE2,23605.5,24123.0,27623.4,4017.9,4017.9,1035.4,0.257697,1,p:2.1.5.2.2.1
U2344,94,FUSE2,23677.5,25298.4456,28447.0,4769.5,4769.5,1035.4,0.217088,1,p:1.2.1.1.3.2
U2345,94,FUSE2,23721.5,24235.2,27507.4,3785.9,3785.9,1035.4,0.273488,1,p:2.3.4.2.1.1
U2346,94,FUSE2,23793.5,25410.6456,28331.0,4537.5,4537.5,1035.4,0.228187,1,p:1.1.2.1.2.2
U2347,94,FUSE2,23837.5,24347.4,27855.4,4017.9,4017.9,1035.4,0.257697,1,p:2.2.3.2.3.1
U2348,94,FUSE2,23909.5,25522.8456,28563.0,4653.5,4653.5,1035.4,0.222499,1,p:1.3.5.1.1.2
U2349,94,FUSE2,23953.5,24459.6,27280.6,3327.1,3327.1,1035.4,0.311202,1,p:2.1.1.1.3.2
U2350,94,FUSE2,24025.5,25635.0456,28680.6,4655.1,4655.1,1035.4,0.222423,1,p:1.2.4.1.2.2
U3689,148,FUSE0,24069.5,24571.8,27739.4,3669.9,3669.9,941.0,0.25641,1,p:2.3.2.2.2.1
U3690,148,FUSE0,24141.5,25747.2456,28783.4,4641.9,4641.9,941.0,0.202719,1,p:1.1.3.2.1.1
U3691,148,FUSE0,24185.5,24684.0,28087.4,3901.9,3901.9,941.0,0.241165,1,p:2.2.5.2.3.1
U3692,148,FUSE0,24257.5,25859.4456,28971.4,4713.9,4713.9,941.0,0.199622,1,p:1.3.2.1.1.2
U3693,148,FUSE0,24301.5,24796.2,28203.4,3901.9,3901.9,941.0,0.241165,1,p:2.1.1.2.2.1
U3694,148,FUSE0,24373.5,25971.6456,29203.4,4829.9,4829.9,941.0,0.194828,1,p:1.2.3.1.3.2
U3695,148,FUSE0,24417.5,24908.4,27971.4,3553.9,3553.9,941.0,0.26478,1,p:2.3.4.2.1.1
U3696,148,FUSE0,24489.5,26083.8456,29667.4,5177.9,5177.9,941.0,0.181734,1,p:1.1.5.1.2.2
U3697,148,FUSE1,24533.5,25020.6,28435.4,3901.9,3901.9,1003.0,0.257054,1,p:2.2.2.2.3.1
U3698,148,FUSE1,24605.5,26196.0456,29319.4,4713.9,4713.9,1003.0,0.212775,1,p:1.3.1.1.1.2
U3699,148,FUSE1,24649.5,25132.8,28551.4,3901.9,3901.9,1003.0,0.257054,1,p:2.1.3.2.2.1
U3700,148,FUSE1,24721.5,26308.2456,29551.4,4829.9,4829.9,1003.0,0.207665,1,p:1.2.4.1.3.2
U3701,148,FUSE1,24779.9,25245.0,28319.4,3539.5,3539.5,1003.0,0.283373,1,p:2.3.5.2.1.1
U3702,148,FUSE1,24837.5,26420.4456,30027.0,5189.5,5189.5,1003.0,0.193275,1,p:1.1.2.1.2.2
U3703,148,FUSE1,24895.9,25357.2,28899.4,4003.5,4003.5,1003.0,0.250531,1,p:2.2.1.2.3.1
U3704,148,FUSE1,24953.5,26532.6456,29795.0,4841.5,4841.5,1003.0,0.207167,1,p:1.3.3.1.1.2
U3705,148,FUSE2,25031.1,25469.4,29050.2,4019.1,4019.1,1035.4,0.25762,1,p:2.1.4.2.2.1
U3706,148,FUSE2,25069.5,26644.8456,29911.0,4841.5,4841.5,1035.4,0.213859,1,p:1.2.5.1.3.2
U3707,148,FUSE2,25147.1,25581.6,28855.4,3708.3,3708.3,1035.4,0.279211,1,p:2.3.2.1.2.2
U3708,148,FUSE2,25185.9,26757.0456,30340.6,5154.7,5154.7,1035.4,0.200865,1,p:1.1.1.2.1.1
U3709,148,FUSE2,25263.1,25693.8,28667.4,3404.3,3404.3,1035.4,0.304145,1,p:2.2.3.2.3.1
U3710,148,FUSE2,25301.9,26869.2456,30143.0,4841.1,4841.1,1035.4,0.213877,1,p:1.3.4.1.1.2
U3711,148,FUSE2,25380.7,25806.0,29225.0,3844.3,3844.3,1035.4,0.269334,1,p:2.1.5.2.2.1
U3712,148,FUSE2,25417.9,26981.4456,29992.6,4574.7,4574.7,1035.4,0.226332,1,p:1.2.2.2.3.1
U1172,47,FUSE0,25496.7,25918.2,29087.4,3590.7,3590.7,941.0,0.262066,1,p:2.3.1.1.3.2
U1173,47,FUSE0,25535.5,27093.6456,30920.6,5385.1,5385.1,941.0,0.174741,1,p:1.1.3.2.1.1
U1174,47,FUSE0,25612.7,26030.4,29435.4,3822.7,3822.7,941.0,0.246161,1,p:2.2.4.1.2.2
U1175,47,FUSE0,25651.5,27205.8456,30259.0,4607.5,4607.5,941.0,0.204232,1,p:1.3.5.1.1.2
U1176,47,FUSE0,25730.3,26142.6,29872.2,4141.9,4141.9,941.0,0.22719,1,p:2.1.1.2.2.1
U1177,47,FUSE0,25767.5,27318.0456,30491.0,4723.5,4723.5,941.0,0.199217,1,p:1.2.3.1.3.2
U1178,47,FUSE0,25846.3,26254.8,29465.4,3619.1,3619.1,941.0,0.260009,1,p:2.3.4.2.1.1
U1179,47,FUSE0,25891.5,27430.2456,30375.0,4483.5,4483.5,941.0,0.209881,1,p:1.1.2.1.2.2
U1180,47,FUSE1,25962.3,26367.0,29341.0,3378.7,3378.7,1003.0,0.29686,1,p:2.2.5.2.3.1
U1181,47,FUSE1,26007.5,27542.4456,30723.0,4715.5,4715.5,1003.0,0.212703,1,p:1.3.1.1.1.2
U1182,47,FUSE1,26086.3,26479.2,30108.6,4022.3,4022.3,1003.0,0.24936,1,p:2.1.3.2.2.1
U1183,47,FUSE1,26123.5,27654.6456,30607.0,4483.5,4483.5,1003.0,0.223709,1,p:1.2.4.1.3.2
U1184,47,FUSE1,26202.3,26591.4,29640.2,3437.9,3437.9,1003.0,0.291748,1,p:2.3.2.2.1.1
U1185,47,FUSE1,26239.5,27766.8456,30839.0,4599.5,4599.5,1003.0,0.218067,1,p:1.1.5.1.2.2
U1186,47,FUSE1,26318.3,26703.6,29756.2,3437.9,3437.9,1003.0,0.291748,1,p:2.2.1.2.3.1
U1187,47,FUSE1,26355.5,27879.0456,31243.8,4888.3,4888.3,1003.0,0.205184,1,p:1.3.3.1.1.2
U1188,47,FUSE2,26434.3,26815.8,30456.6,4022.3,4022.3,1035.4,0.257415,1,p:2.1.4.2.2.1
U1189,47,FUSE2,26471.5,27991.2456,30955.0,4483.5,4483.5,1035.4,0.230936,1,p:1.2.2.1.3.2
U1190,47,FUSE2,26587.5,26928.0,30572.6,3985.1,3985.1,1035.4,0.259818,1,p:2.3.5.2.1.1
U1191,47,FUSE2,26610.7,28103.4456,31127.8,4517.1,4517.1,1035.4,0.229218,1,p:1.1.1.1.2.2
U1192,47,FUSE2,26703.5,27040.2,30224.6,3521.1,3521.1,1035.4,0.294056,1,p:2.2.3.2.3.1
U1193,47,FUSE2,26726.7,28215.6456,31593.4,4866.7,4866.7,1035.4,0.212752,1,p:1.3.4.1.1.2
U1194,47,FUSE2,26819.5,27152.4,30688.6,3869.1,3869.1,1035.4,0.267607,1,p:2.1.2.2.2.1
U8094,324,FUSE0,26842.7,28327.8456,31359.8,4517.1,4517.1,941.0,0.208319,1,p:1.2.5.1.3.2
U8095,324,FUSE0,26958.7,27264.6,31152.6,4193.9,4193.9,941.0,0.224373,1,p:2.3.1.2.1.1
U8096,324,FUSE0,26963.9,28440.0456,31477.4,4513.5,4513.5,941.0,0.208486,1,p:1.1.3.1.2.2
U8097,324,FUSE0,27074.7,27376.8,30804.6,3729.9,3729.9,941.0,0.252286,1,p:2.2.4.2.3.1
U8098,324,FUSE0,27079.9,28552.2456,31943.0,4863.1,4863.1,941.0,0.193498,1,p:1.3.2.1.1.2
U8099,324,FUSE0,27190.7,27489.0,31036.6,3845.9,3845.9,941.0,0.244676,1,p:2.1.5.2.2.1
U8100,324,FUSE0,27195.9,28664.4456,31709.4,4513.5,4513.5,941.0,0.208486,1,p:1.2.1.1.3.2
U8101,324,FUSE0,27306.7,27601.2,31500.6,4193.9,4193.9,941.0,0.224373,1,p:2.3.3.2.1.1
U8102,324,FUSE0,27311.9,28776.6456,31827.0,4515.1,4515.1,941.0,0.208412,1,p:1.1.4.1.2.2
U8103,324,FUSE0,27422.7,27713.4,31268.6,3845.9,3845.9,941.0,0.244676,1,p:2.2.2.2.3.1
U8104,324,FUSE1,27427.9,28888.8456,32523.0,5095.1,5095.1,1003.0,0.196856,1,p:1.3.5.1.1.2
U8105,324,FUSE1,27538.7,27825.6,31384.6,3845.9,3845.9,1003.0,0.260797,1,p:2.1.1.2.2.1
U8106,324,FUSE1,27543.9,29001.0456,32059.0,4515.1,4515.1,1003.0,0.222143,1,p:1.2.3.1.3.2
U8107,324,FUSE1,27654.7,27937.8,31848.6,4193.9,4193.9,1003.0,0.239157,1,p:2.3.4.2.1.1
U8108,324,FUSE1,27659.9,29113.2456,32407.0,4747.1,4747.1,1003.0,0.211287,1,p:1.1.2.1.2.2
U8109,324,FUSE1,27770.7,28050.0,31616.6,3845.9,3845.9,1003.0,0.260797,1,p:2.2.5.2.3.1
U8110,324,FUSE1,27775.9,29225.4456,32871.0,5095.1,5095.1,1003.0,0.196856,1,p:1.3.1.1.1.2
U8111,324,FUSE1,27886.7,28162.2,31732.6,3845.9,3845.9,1003.0,0.260797,1,p:2.1.3.2.2.1
U8112,324,FUSE1,27891.9,29337.6456,32291.0,4399.1,4399.1,1003.0,0.228001,1,p:1.2.4.1.3.2
U8113,324,FUSE2,28002.7,28274.4,32262.2,4259.5,4259.5,1035.4,0.24308,1,p:2.3.2.2.1.1
U8114,324,FUSE2,28007.9,29449.8456,32639.0,4631.1,4631.1,1035.4,0.223575,1,p:1.1.5.1.2.2
U8115,324,FUSE2,28118.7,28386.6,31964.6,3845.9,3845.9,1035.4,0.269222,1,p:2.2.1.2.3.1
U8116,324,FUSE2,28123.9,29562.0456,33291.0,5167.1,5167.1,1035.4,0.200383,1,p:1.3.3.1.1.2
U8117,324,FUSE2,28234.7,28498.8,32080.6,3845.9,3845.9,1035.4,0.269222,1,p:2.1.4.2.2.1
U8118,324,FUSE2,28239.9,29674.2456,32755.0,4515.1,4515.1,1035.4,0.229319,1,p:1.2.2.1.3.2
U8119,324,FUSE2,28350.7,28611.0,32611.8,4261.1,4261.1,1035.4,0.242989,1,p:2.3.5.2.1.1
U8120,324,FUSE2,28362.3,29786.4456,32987.0,4624.7,4624.7,1035.4,0.223885,1,p:1.1.1.1.2.2
U8121,324,FUSE2,28466.7,28723.2,32378.2,3911.5,3911.5,1035.4,0.264707,1,p:2.2.3.2.3.1
U8122,324,FUSE2,28478.3,29898.6456,33425.4,4947.1,4947.1,1035.4,0.209294,1,p:1.3.4.2.2.1
U461,19,FUSE0,28582.7,28835.4,32175.0,3592.3,3592.3,941.0,0.261949,1,p:2.1.2.1.1.2
U462,19,FUSE0,28594.3,30010.8456,33103.0,4508.7,4508.7,941.0,0.208708,1,p:1.2.5.1.3.2
U463,19,FUSE0,28698.7,28947.6,32961.4,4262.7,4262.7,941.0,0.220752,1,p:2.3.1.2.1.1
U464,19,FUSE0,28711.9,30123.0456,33407.0,4695.1,4695.1,941.0,0.200422,1,p:1.1.3.1.2.2
U465,19,FUSE0,28814.7,29059.8,32494.2,3679.5,3679.5,941.0,0.255741,1,p:2.2.2.2.3.1
U466,19,FUSE0,28886.7,30235.2456,33987.0,5100.3,5100.3,941.0,0.184499,1,p:1.3.4.1.1.2
U467,19,FUSE0,28930.7,29172.0,32727.8,3797.1,3797.1,941.0,0.247821,1,p:2.1.5.2.2.1
U468,19,FUSE0,29002.7,30347.4456,33523.0,4520.3,4520.3,941.0,0.208172,1,p:1.2.1.1.3.2
U469,19,FUSE1,29081.5,29284.2,33193.4,4111.9,4111.9,1003.0,0.243926,1,p:2.3.3.2.1.1
U470,19,FUSE1,29118.7,30459.6456,33871.0,4752.3,4752.3,1003.0,0.211056,1,p:1.1.2.1.2.2
U471,19,FUSE1,29234.7,29396.4,32843.8,3609.1,3609.1,1003.0,0.277909,1,p:2.2.4.2.3.1
U472,19,FUSE1,29256.3,30571.8456,34505.8,5249.5,5249.5,1003.0,0.191066,1,p:1.3.5.1.1.2
U473,19,FUSE1,29350.7,29508.6,33077.4,3726.7,3726.7,1003.0,0.269139,1,p:2.1.1.2.2.1
U474,19,FUSE1,29372.3,30684.0456,33755.0,4382.7,4382.7,1003.0,0.228854,1,p:1.2.3.1.3.2
U475,19,FUSE1,29466.7,29620.8,33663.6,4196.9,4196.9,1003.0,0.238986,1,p:2.3.2.2.1.1
U476,19,FUSE1,29496.7,30796.2456,34273.8,4777.1,4777.1,1003.0,0.20996,1,p:1.1.4.1.2.2
U477,19,FUSE2,29582.7,29733.0,33309.4,3726.7,3726.7,1035.4,0.277833,1,p:2.2.5.2.3.1
U478,19,FUSE2,29671.5,30908.4456,34737.8,5066.3,5066.3,1035.4,0.20437,1,p:1.3.1.1.1.2
U479,19,FUSE2,29698.7,29845.2,33547.6,3848.9,3848.9,1035.4,0.269012,1,p:2.1.3.2.2.1
U480,19,FUSE2,29787.5,31020.6456,34157.8,4370.3,4370.3,1035.4,0.236917,1,p:1.2.2.1.3.2
U481,19,FUSE2,29826.3,29957.4,34176.2,4349.9,4349.9,1035.4,0.238028,1,p:2.3.4.2.1.1
U482,19,FUSE2,29903.5,31132.8456,34621.8,4718.3,4718.3,1035.4,0.219443,1,p:1.1.5.1.2.2
U483,19,FUSE2,29942.3,30069.6,33639.0,3696.7,3696.7,1035.4,0.280088,1,p:2.2.1.1.1.2
U7750,310,FUSE0,30023.9,31245.0456,34527.4,4503.5,4503.5,941.0,0.208949,1,p:1.3.3.2.3.1
U7751,310,FUSE0,30058.3,30181.8,33944.2,3885.9,3885.9,941.0,0.242158,1,p:2.1.2.2.2.1
U7752,310,FUSE0,30139.9,31357.2456,34389.8,4249.9,4249.9,941.0,0.221417,1,p:1.2.4.1.3.2
U7753,310,FUSE0,30174.3,30294.0,34408.2,4233.9,4233.9,941.0,0.222254,1,p:2.3.5.2.1.1
U7754,310,FUSE0,30255.9,31469.4456,34853.8,4597.9,4597.9,941.0,0.204659,1,p:1.1.3.1.2.2
U7755,310,FUSE0,30290.3,30406.2,33828.2,3537.9,3537.9,941.0,0.265977,1,p:2.2.1.2.3.1
U7756,310,FUSE0,30371.9,31581.6456,35317.8,4945.9,4945.9,941.0,0.190259,1,p:1.3.2.1.1.2
U7757,310,FUSE0,30406.3,30518.4,34292.2,3885.9,3885.9,941.0,0.242158,1,p:2.1.4.2.2.1
U7758,310,FUSE1,30487.9,31693.8456,34969.8,4481.9,4481.9,1003.0,0.223789,1,p:1.2.5.1.3.2
U7759,310,FUSE1,30522.3,30630.6,34875.4,4353.1,4353.1,1003.0,0.230411,1,p:2.3.3.2.1.1
U7760,310,FUSE1,30603.9,31806.0456,35433.8,4829.9,4829.9,1003.0,0.207665,1,p:1.1.1.1.2.2
U7761,310,FUSE1,30638.3,30742.8,34060.2,3421.9,3421.9,1003.0,0.293112,1,p:2.2.2.2.3.1
U7762,310,FUSE1,30719.9,31918.2456,35665.8,4945.9,4945.9,1003.0,0.202794,1,p:1.3.4.1.1.2
U7763,310,FUSE1,30754.3,30855.0,34643.4,3889.1,3889.1,1003.0,0.2579,1,p:2.1.5.2.2.1
U7764,310,FUSE1,30835.9,32030.4456,35201.8,4365.9,4365.9,1003.0,0.229735,1,p:1.2.3.1.3.2
U7765,310,FUSE1,30870.3,30967.2,35342.6,4472.3,4472.3,1003.0,0.224269,1,p:2.3.1.2.1.1
U7766,310,FUSE2,30951.9,32142.6456,35549.8,4597.9,4597.9,1035.4,0.22519,1,p:1.1.2.1.2.2
U7767,310,FUSE2,30986.3,31079.4,34759.4,3773.1,3773.1,1035.4,0.274416,1,p:2.2.4.2.3.1
U7768,310,FUSE2,31067.9,32254.8456,36245.8,5177.9,5177.9,1035.4,0.199965,1,p:1.3.5.1.1.2
U7769,310,FUSE2,31159.1,31191.6,34991.4,3832.3,3832.3,1035.4,0.270177,1,p:2.1.3.2.2.1
U7770,310,FUSE2,31183.9,32367.0456,35897.8,4713.9,4713.9,1035.4,0.219648,1,p:1.2.1.1.3.2
U7771,310,FUSE2,31275.1,31303.8,35574.6,4299.5,4299.5,1035.4,0.240819,1,p:2.3.2.2.1.1
U7772,310,FUSE2,31299.9,32479.2456,35781.8,4481.9,4481.9,1035.4,0.231018,1,p:1.1.4.1.2.2
U7773,310,FUSE2,31391.1,31416.0,35085.8,3694.7,3694.7,1035.4,0.280239,1,p:2.2.5.1.1.2
U7774,310,FUSE2,31415.9,32591.4456,36129.8,4713.9,4713.9,1035.4,0.219648,1,p:1.3.3.1.3.2
U7211,288,FUSE0,31508.7,31528.2,35226.6,3717.9,3717.9,941.0,0.2531,1,p:2.1.1.2.3.1
U7212,288,FUSE0,31531.9,32703.6456,36270.6,4738.7,4738.7,941.0,0.198578,1,p:1.2.2.2.2.1
U7213,288,FUSE0,31624.7,31640.4,35922.6,4297.9,4297.9,941.0,0.218944,1,p:2.3.4.2.1.1
U7214,288,FUSE0,31647.9,32815.8456,36361.8,4713.9,4713.9,941.0,0.199622,1,p:1.1.5.1.2.2
U7215,288,FUSE0,31740.7,31752.6,35458.6,3717.9,3717.9,941.0,0.2531,1,p:2.2.1.2.3.1
U7216,288,FUSE0,31763.9,32928.0456,36709.8,4945.9,4945.9,941.0,0.190259,1,p:1.3.2.1.1.2
U7217,288,FUSE0,31858.3,31864.8,35690.6,3832.3,3832.3,941.0,0.245544,1,p:2.1.3.2.2.1
U7218,288,FUSE0,31879.9,33040.2456,36593.8,4713.9,4713.9,941.0,0.199622,1,p:1.2.4.1.3.2
U7219,288,FUSE1,31974.3,31977.0,36154.6,4180.3,4180.3,1003.0,0.239935,1,p:2.3.5.2.1.1
U7220,288,FUSE1,31995.9,33152.4456,36477.8,4481.9,4481.9,1003.0,0.223789,1,p:1.1.1.1.2.2
U7221,288,FUSE1,32090.3,32090.3,35806.6,3716.3,3716.3,1003.0,0.269892,1,p:2.2.2.2.3.1
U7222,288,FUSE1,32111.9,33264.6456,37057.8,4945.9,4945.9,1003.0,0.202794,1,p:1.3.3.1.1.2
U7223,288,FUSE1,32206.3,32206.3,36038.6,3832.3,3832.3,1003.0,0.261723,1,p:2.1.4.2.2.1
U7224,288,FUSE1,32293.5,33376.8456,36941.8,4648.3,4648.3,1003.0,0.215778,1,p:1.2.5.1.3.2
U7225,288,FUSE1,32322.3,32322.3,36502.6,4180.3,4180.3,1003.0,0.239935,1,p:2.3.1.2.1.1
U7226,288,FUSE1,32409.5,33489.0456,36825.8,4416.3,4416.3,1003.0,0.227113,1,p:1.1.2.1.2.2
U7227,288,FUSE2,32438.3,32438.3,36386.6,3948.3,3948.3,1035.4,0.262239,1,p:2.2.3.2.3.1
U7228,288,FUSE2,32525.5,33601.2456,37289.8,4764.3,4764.3,1035.4,0.217325,1,p:1.3.4.1.1.2
U7229,288,FUSE2,32554.3,32554.3,36013.8,3459.5,3459.5,1035.4,0.299292,1,p:2.1.5.1.3.2
U7230,288,FUSE2,32643.1,33713.4456,37662.6,5019.5,5019.5,1035.4,0.206276,1,p:1.2.1.2.2.1
U7231,288,FUSE2,32670.3,32670.3,36850.6,4180.3,4180.3,1035.4,0.247686,1,p:2.3.2.2.1.1
U7232,288,FUSE2,32759.1,33825.6456,37173.8,4414.7,4414.7,1035.4,0.234535,1,p:1.1.3.1.2.2
U7233,288,FUSE2,32786.3,32786.3,36734.6,3948.3,3948.3,1035.4,0.262239,1,p:2.2.4.2.3.1
U4008,161,FUSE0,32875.1,33937.8456,37521.8,4646.7,4646.7,941.0,0.202509,1,p:1.3.5.1.1.2
U4009,161,FUSE0,32902.3,32902.3,36618.6,3716.3,3716.3,941.0,0.253209,1,p:2.1.1.2.2.1
U4010,161,FUSE0,32992.7,34050.0456,37405.8,4413.1,4413.1,941.0,0.213229,1,p:1.2.2.1.3.2
U4011,161,FUSE0,33018.3,33018.3,37198.6,4180.3,4180.3,941.0,0.225103,1,p:2.3.3.2.1.1
U4012,161,FUSE0,33108.7,34162.2456,37637.8,4529.1,4529.1,941.0,0.207768,1,p:1.1.4.1.2.2
U4013,161,FUSE0,33134.3,33134.3,37082.6,3948.3,3948.3,941.0,0.23833,1,p:2.2.5.2.3.1
U4014,161,FUSE0,33224.7,34274.4456,37869.8,4645.1,4645.1,941.0,0.202579,1,p:1.3.1.1.1.2
U4015,161,FUSE1,33322.3,33322.3,36966.6,3644.3,3644.3,1003.0,0.275224,1,p:2.1.2.2.2.1
U4016,161,FUSE1,33340.7,34386.6456,37753.8,4413.1,4413.1,1003.0,0.227278,1,p:1.2.3.1.3.2
U4017,161,FUSE1,33438.3,33438.3,37546.6,4108.3,4108.3,1003.0,0.24414,1,p:2.3.4.2.1.1
U4018,161,FUSE1,33456.7,34498.8456,37985.8,4529.1,4529.1,1003.0,0.221457,1,p:1.1.5.1.2.2
U4019,161,FUSE1,33554.3,33554.3,37314.6,3760.3,3760.3,1003.0,0.266734,1,p:2.2.1.2.3.1
U4020,161,FUSE1,33578.9,34611.0456,38217.8,4638.9,4638.9,1003.0,0.216215,1,p:1.3.2.1.1.2
U4021,161,FUSE1,33670.3,33670.3,37430.6,3760.3,3760.3,1003.0,0.266734,1,p:2.1.3.2.2.1
U4022,161,FUSE2,33694.9,34723.2456,38101.8,4406.9,4406.9,1035.4,0.23495,1,p:1.2.4.1.3.2
U4023,161,FUSE2,33786.3,33786.3,37894.6,4108.3,4108.3,1035.4,0.252026,1,p:2.3.5.2.1.1
U4024,161,FUSE2,33859.5,34835.4456,38333.8,4474.3,4474.3,1035.4,0.23141,1,p:1.1.1.1.2.2
U4025,161,FUSE2,33902.3,33902.3,37778.6,3876.3,3876.3,1035.4,0.26711,1,p:2.2.2.2.3.1
U4026,161,FUSE2,33975.5,34947.6456,38565.8,4590.3,4590.3,1035.4,0.225563,1,p:1.3.3.1.1.2
U4027,161,FUSE2,34018.3,34018.3,38010.6,3992.3,3992.3,1035.4,0.259349,1,p:2.1.4.2.2.1
U4028,161,FUSE2,34091.5,35059.8456,38681.8,4590.3,4590.3,1035.4,0.225563,1,p:1.2.5.1.2.2
U4029,161,FUSE2,34189.1,34189.1,38242.6,4053.5,4053.5,1035.4,0.255434,1,p:2.3.1.2.1.1
U8070,323,FUSE0,34207.5,35172.0456,38449.8,4242.3,4242.3,941.0,0.221814,1,p:1.1.2.1.3.2
U8071,323,FUSE0,34305.1,34305.1,38126.6,3821.5,3821.5,941.0,0.246238,1,p:2.2.3.2.3.1
U8072,323,FUSE0,34323.5,35284.2456,38884.6,4561.1,4561.1,941.0,0.20631,1,p:1.3.4.1.1.2
U8073,323,FUSE0,34421.1,34421.1,38590.6,4169.5,4169.5,941.0,0.225687,1,p:2.1.5.2.1.1
U8074,323,FUSE0,34439.5,35396.4456,39232.6,4793.1,4793.1,941.0,0.196324,1,p:1.2.1.1.3.2
U8075,323,FUSE0,34537.1,34537.1,38358.6,3821.5,3821.5,941.0,0.246238,1,p:2.3.2.2.2.1
U8076,323,FUSE0,34558.7,35508.6456,39116.6,4557.9,4557.9,941.0,0.206455,1,p:1.1.3.1.2.2
U8077,323,FUSE0,34653.1,34653.1,38474.6,3821.5,3821.5,941.0,0.246238,1,p:2.2.4.2.3.1
U8078,323,FUSE1,34674.7,35620.8456,39000.6,4325.9,4325.9,1003.0,0.231859,1,p:1.3.5.1.3.2
U8079,323,FUSE1,34769.1,34769.1,38706.6,3937.5,3937.5,1003.0,0.25473,1,p:2.1.1.2.2.1
U8080,323,FUSE1,34790.7,35733.0456,39348.6,4557.9,4557.9,1003.0,0.220057,1,p:1.2.2.1.1.2
U8081,323,FUSE1,34885.1,34885.1,38938.6,4053.5,4053.5,1003.0,0.24744,1,p:2.3.3.2.1.1
U8082,323,FUSE1,34906.7,35845.2456,39464.6,4557.9,4557.9,1003.0,0.220057,1,p:1.1.4.1.2.2
U8083,323,FUSE1,35001.1,35001.1,39170.6,4169.5,4169.5,1003.0,0.240556,1,p:2.2.5.2.2.1
U8084,323,FUSE1,35022.7,35957.4456,39696.6,4673.9,4673.9,1003.0,0.214596,1,p:1.3.1.1.1.2
U8085,323,FUSE1,35117.1,35117.1,38822.6,3705.5,3705.5,1003.0,0.270679,1,p:2.1.2.2.3.1
U8086,323,FUSE2,35233.1,36069.6456,39580.6,4347.5,4347.5,1035.4,0.23816,1,p:1.2.3.1.3.2
U8087,323,FUSE2,35257.9,35257.9,39286.6,4028.7,4028.7,1035.4,0.257006,1,p:2.3.4.2.1.1
U8088,323,FUSE2,35349.1,36181.8456,39928.6,4579.5,4579.5,1035.4,0.226095,1,p:1.1.5.1.1.2
U8089,323,FUSE2,35373.9,35373.9,39054.6,3680.7,3680.7,1035.4,0.281305,1,p:2.2.1.2.3.1
U8090,323,FUSE2,35465.1,36294.0456,40160.6,4695.5,4695.5,1035.4,0.220509,1,p:1.3.2.1.2.2
U8091,323,FUSE2,35489.9,35489.9,39402.6,3912.7,3912.7,1035.4,0.264625,1,p:2.1.3.2.2.1
U8092,323,FUSE2,35581.1,36406.2456,40044.6,4463.5,4463.5,1035.4,0.23197,1,p:1.2.4.1.3.2
U8093,323,FUSE2,35605.9,35605.9,39518.6,3912.7,3912.7,1035.4,0.264625,1,p:2.3.5.2.3.1
U8651,347,FUSE0,35697.1,36518.4456,40098.6,4401.5,4401.5,941.0,0.213791,1,p:1.1.1.2.1.1
U8652,347,FUSE0,35721.9,35749.1538,39812.6,4090.7,4090.7,941.0,0.230034,1,p:2.2.2.1.2.2
U8653,347,FUSE0,35813.1,36630.6456,40392.6,4579.5,4579.5,941.0,0.205481,1,p:1.3.3.1.1.2
U8654,347,FUSE0,35837.9,35893.0,39750.6,3912.7,3912.7,941.0,0.240499,1,p:2.1.4.2.2.1
U8655,347,FUSE0,35929.1,36742.8456,40276.6,4347.5,4347.5,941.0,0.216446,1,p:1.2.1.1.3.2
U8656,347,FUSE0,35953.9,36036.8462,39634.6,3680.7,3680.7,941.0,0.255658,1,p:2.3.2.2.1.1
U8657,347,FUSE0,36045.1,36855.0456,40508.6,4463.5,4463.5,941.0,0.210821,1,p:1.1.5.1.2.2
U8658,347,FUSE0,36069.9,36150.8397,39866.6,3796.7,3796.7,941.0,0.247847,1,p:2.2.3.2.3.1
U8659,347,FUSE0,36161.1,36967.2456,40740.6,4579.5,4579.5,941.0,0.205481,1,p:1.3.4.1.1.2
U8660,347,FUSE0,36185.9,36263.0397,39982.6,3796.7,3796.7,941.0,0.247847,1,p:2.1.1.2.2.1
U8661,347,FUSE0,36277.1,37079.4456,40624.6,4347.5,4347.5,941.0,0.216446,1,p:1.2.2.1.3.2
U8662,347,FUSE1,36301.9,36375.2397,40330.6,4028.7,4028.7,1003.0,0.248964,1,p:2.3.5.2.1.1
U8663,347,FUSE1,36393.1,37191.6456,40856.6,4463.5,4463.5,1003.0,0.224712,1,p:1.1.3.1.2.2
U8664,347,FUSE1,36417.9,36487.4397,40214.6,3796.7,3796.7,1003.0,0.264177,1,p:2.2.4.2.3.1
U8665,347,FUSE1,36509.1,37303.8456,41088.6,4579.5,4579.5,1003.0,0.21902,1,p:1.3.1.1.1.2
U8666,347,FUSE1,36533.9,36599.6397,40446.6,3912.7,3912.7,1003.0,0.256345,1,p:2.1.2.2.2.1
U8667,347,FUSE1,36625.1,37416.0456,40972.6,4347.5,4347.5,1003.0,0.230707,1,p:1.2.5.1.3.2
U8668,347,FUSE1,36649.9,36711.8397,40678.6,4028.7,4028.7,1003.0,0.248964,1,p:2.3.3.2.1.1
U8669,347,FUSE1,36741.1,37528.2456,41204.6,4463.5,4463.5,1003.0,0.224712,1,p:1.1.4.1.2.2
U8670,347,FUSE1,36765.9,36824.0397,40562.6,3796.7,3796.7,1003.0,0.264177,1,p:2.2.1.2.3.1
U8671,347,FUSE1,36857.1,37640.4456,41436.6,4579.5,4579.5,1003.0,0.21902,1,p:1.3.2.1.1.2
U8672,347,FUSE1,36881.9,36936.2397,40794.6,3912.7,3912.7,1003.0,0.256345,1,p:2.1.5.2.2.1
U8673,347,FUSE2,36973.1,37752.6456,41320.6,4347.5,4347.5,1035.4,0.23816,1,p:1.2.3.1.3.2
U8674,347,FUSE2,36997.9,37048.4397,41026.6,4028.7,4028.7,1035.4,0.257006,1,p:2.3.4.2.1.1
U8675,347,FUSE2,37089.1,37864.8456,41552.6,4463.5,4463.5,1035.4,0.23197,1,p:1.1.1.1.2.2
U8676,347,FUSE2,37113.9,37160.6397,40910.6,3796.7,3796.7,1035.4,0.272711,1,p:2.2.2.2.3.1
U8677,347,FUSE2,37205.1,37977.0456,42132.6,4927.5,4927.5,1035.4,0.210127,1,p:1.3.5.1.1.2
U8678,347,FUSE2,37229.9,37272.8397,41142.6,3912.7,3912.7,1035.4,0.264625,1,p:2.1.3.2.2.1
U8679,347,FUSE2,37321.1,38089.2456,41668.6,4347.5,4347.5,1035.4,0.23816,1,p:1.2.4.1.3.2
U8680,347,FUSE2,37345.9,37385.0397,41374.6,4028.7,4028.7,1035.4,0.257006,1,p:2.3.1.2.1.1
U8681,347,FUSE2,37437.1,38201.4456,41900.6,4463.5,4463.5,1035.4,0.23197,1,p:1.1.2.1.2.2
U8682,347,FUSE2,37461.9,37497.2397,41784.6,4322.7,4322.7,1035.4,0.239526,1,p:2.2.5.1.1.2
U4440,178,FUSE0,37553.1,38313.6456,41838.6,4285.5,4285.5,941.0,0.219578,1,p:1.3.3.2.3.1
U4441,178,FUSE0,37577.9,37609.4397,41490.6,3912.7,3912.7,941.0,0.240499,1,p:2.1.4.2.2.1
U4442,178,FUSE0,37669.1,38425.8456,42016.6,4347.5,4347.5,941.0,0.216446,1,p:1.2.1.1.3.2
U4443,178,FUSE0,37693.9,37721.6397,41606.6,3912.7,3912.7,941.0,0.240499,1,p:2.3.2.2.1.1
U4444,178,FUSE0,37785.1,38538.0456,42248.6,4463.5,4463.5,941.0,0.210821,1,p:1.1.3.1.2.2
U4445,178,FUSE0,37809.9,37833.8397,41258.6,3448.7,3448.7,941.0,0.272856,1,p:2.2.5.2.3.1
U4446,178,FUSE0,37901.1,38650.2456,42480.6,4579.5,4579.5,941.0,0.205481,1,p:1.3.4.1.1.2
U4447,178,FUSE0,37925.9,37946.0397,41722.6,3796.7,3796.7,941.0,0.247847,1,p:2.1.1.2.2.1
U4448,178,FUSE1,38017.1,38762.4456,42364.6,4347.5,4347.5,1003.0,0.230707,1,p:1.2.2.1.3.2
U4449,178,FUSE1,38041.9,38058.2397,42070.6,4028.7,4028.7,1003.0,0.248964,1,p:2.3.3.2.1.1
U4450,178,FUSE1,38133.1,38874.6456,42596.6,4463.5,4463.5,1003.0,0.224712,1,p:1.1.5.1.2.2
U4451,178,FUSE1,38157.9,38170.4397,41954.6,3796.7,3796.7,1003.0,0.264177,1,p:2.2.4.2.3.1
U4452,178,FUSE1,38249.1,38986.8456,42828.6,4579.5,4579.5,1003.0,0.21902,1,p:1.3.1.1.1.2
U4453,178,FUSE1,38273.9,38282.6397,42186.6,3912.7,3912.7,1003.0,0.256345,1,p:2.1.2.2.2.1
U4454,178,FUSE1,38365.1,39099.0456,42712.6,4347.5,4347.5,1003.0,0.230707,1,p:1.2.3.1.3.2
U4455,178,FUSE1,38389.9,38394.8397,42418.6,4028.7,4028.7,1003.0,0.248964,1,p:2.3.5.2.1.1
U4456,178,FUSE2,38481.1,39211.2456,42944.6,4463.5,4463.5,1035.4,0.23197,1,p:1.1.4.1.2.2
U4457,178,FUSE2,38505.9,38507.0397,42302.6,3796.7,3796.7,1035.4,0.272711,1,p:2.2.1.2.3.1
U4458,178,FUSE2,38597.1,39323.4456,43176.6,4579.5,4579.5,1035.4,0.226095,1,p:1.3.2.1.1.2
U4459,178,FUSE2,38621.9,38621.9,42534.6,3912.7,3912.7,1035.4,0.264625,1,p:2.1.3.2.2.1
U4460,178,FUSE2,38713.1,39435.6456,43060.6,4347.5,4347.5,1035.4,0.23816,1,p:1.2.5.1.3.2
U4461,178,FUSE2,38737.9,38737.9,42766.6,4028.7,4028.7,1035.4,0.257006,1,p:2.3.4.2.1.1
U4462,178,FUSE2,38853.9,39547.8456,43292.6,4438.7,4438.7,1035.4,0.233266,1,p:1.1.1.1.2.2
U4463,178,FUSE2,38915.9,38915.9,42650.6,3734.7,3734.7,1035.4,0.277238,1,p:2.2.2.2.3.1
U6951,278,FUSE0,38969.9,39660.0456,43524.6,4554.7,4554.7,941.0,0.2066,1,p:1.3.3.1.1.2
U6952,278,FUSE0,39031.9,39031.9,42882.6,3850.7,3850.7,941.0,0.244371,1,p:2.1.5.2.2.1
U6953,278,FUSE0,39085.9,39772.2456,43408.6,4322.7,4322.7,941.0,0.217688,1,p:1.2.4.1.3.2
U6954,278,FUSE0,39147.9,39147.9,43114.6,3966.7,3966.7,941.0,0.237225,1,p:2.3.1.2.1.1
U6955,278,FUSE0,39201.9,39884.4456,43640.6,4438.7,4438.7,941.0,0.211999,1,p:1.1.2.1.2.2
U6956,278,FUSE0,39263.9,39263.9,42998.6,3734.7,3734.7,941.0,0.251961,1,p:2.2.3.2.3.1
U6957,278,FUSE0,39317.9,39996.6456,43872.6,4554.7,4554.7,941.0,0.2066,1,p:1.3.5.1.1.2
U6958,278,FUSE1,39379.9,39379.9,43230.6,3850.7,3850.7,1003.0,0.260472,1,p:2.1.4.2.2.1
U6959,278,FUSE1,39433.9,40108.8456,43756.6,4322.7,4322.7,1003.0,0.232031,1,p:1.2.1.1.3.2
U6960,278,FUSE1,39495.9,39495.9,43462.6,3966.7,3966.7,1003.0,0.252855,1,p:2.3.2.2.1.1
U6961,278,FUSE1,39549.9,40221.0456,43988.6,4438.7,4438.7,1003.0,0.225967,1,p:1.1.3.1.2.2
U6962,278,FUSE1,39611.9,39611.9,43346.6,3734.7,3734.7,1003.0,0.268562,1,p:2.2.5.2.3.1
U6963,278,FUSE1,39665.9,40333.2456,44220.6,4554.7,4554.7,1003.0,0.220212,1,p:1.3.4.1.1.2
U6964,278,FUSE1,39727.9,39727.9,43578.6,3850.7,3850.7,1003.0,0.260472,1,p:2.1.1.2.2.1
U6965,278,FUSE2,39781.9,40445.4456,44104.6,4322.7,4322.7,1035.4,0.239526,1,p:1.2.2.1.3.2
U6966,278,FUSE2,39843.9,39843.9,43810.6,3966.7,3966.7,1035.4,0.261023,1,p:2.3.3.2.1.1
U6967,278,FUSE2,39897.9,40557.6456,44336.6,4438.7,4438.7,1035.4,0.233266,1,p:1.1.5.1.2.2
U6968,278,FUSE2,39959.9,39959.9,43694.6,3734.7,3734.7,1035.4,0.277238,1,p:2.2.4.2.3.1
U6969,278,FUSE2,40013.9,40669.8456,44568.6,4554.7,4554.7,1035.4,0.227326,1,p:1.3.1.1.1.2
U6970,278,FUSE2,40075.9,40075.9,43926.6,3850.7,3850.7,1035.4,0.268886,1,p:2.1.2.2.2.1
U6971,278,FUSE2,40129.9,40782.0456,44452.6,4322.7,4322.7,1035.4,0.239526,1,p:1.2.3.1.3.2
U6972,278,FUSE2,40191.9,40191.9,44158.6,3966.7,3966.7,1035.4,0.261023,1,p:2.3.5.2.1.1
U1562,63,FUSE0,40245.9,40894.2456,44684.6,4438.7,4438.7,941.0,0.211999,1,p:1.1.4.1.2.2
U1563,63,FUSE0,40307.9,40307.9,44042.6,3734.7,3734.7,941.0,0.251961,1,p:2.2.1.2.3.1
U1564,63,FUSE0,40361.9,41006.4456,44916.6,4554.7,4554.7,941.0,0.2066,1,p:1.3.2.1.1.2
U1565,63,FUSE0,40423.9,40423.9,44274.6,3850.7,3850.7,941.0,0.244371,1,p:2.1.3.2.2.1
U1566,63,FUSE0,40477.9,41118.6456,44800.6,4322.7,4322.7,941.0,0.217688,1,p:1.2.5.1.3.2
U1567,63,FUSE0,40539.9,40539.9,44506.6,3966.7,3966.7,941.0,0.237225,1,p:2.3.4.2.1.1
U1568,63,FUSE0,40593.9,41230.8456,45032.6,4438.7,4438.7,941.0,0.211999,1,p:1.1.1.1.2.2
U1569,63,FUSE1,40655.9,40655.9,44390.6,3734.7,3734.7,1003.0,0.268562,1,p:2.2.2.2.3.1
U1570,63,FUSE1,40709.9,41343.0456,45264.6,4554.7,4554.7,1003.0,0.220212,1,p:1.3.3.1.1.2
U1571,63,FUSE1,40771.9,40771.9,44622.6,3850.7,3850.7,1003.0,0.260472,1,p:2.1.5.2.2.1
U1572,63,FUSE1,40825.9,41455.2456,45148.6,4322.7,4322.7,1003.0,0.232031,1,p:1.2.4.1.3.2
U1573,63,FUSE1,40887.9,40887.9,44854.6,3966.7,3966.7,1003.0,0.252855,1,p:2.3.1.2.1.1
U1574,63,FUSE1,40941.9,41567.4456,45496.6,4554.7,4554.7,1003.0,0.220212,1,p:1.1.2.1.2.2
U1575,63,FUSE1,41003.9,41003.9,44738.6,3734.7,3734.7,1003.0,0.268562,1,p:2.2.3.2.3.1
U1576,63,FUSE1,41057.9,41679.6456,45612.6,4554.7,4554.7,1003.0,0.220212,1,p:1.3.5.1.1.2
U1577,63,FUSE2,41119.9,41119.9,44970.6,3850.7,3850.7,1035.4,0.268886,1,p:2.1.4.2.2.1
U1578,63,FUSE2,41173.9,41791.8456,45844.6,4670.7,4670.7,1035.4,0.22168,1,p:1.2.1.1.3.2
U1579,63,FUSE2,41235.9,41235.9,45202.6,3966.7,3966.7,1035.4,0.261023,1,p:2.3.2.2.1.1
U1580,63,FUSE2,41289.9,41904.0456,45982.6,4692.7,4692.7,1035.4,0.220641,1,p:1.1.3.1.2.2
U1581,63,FUSE2,41351.9,41351.9,45086.6,3734.7,3734.7,1035.4,0.277238,1,p:2.2.5.2.3.1
U1582,63,FUSE2,41405.9,42016.2456,46098.6,4692.7,4692.7,1035.4,0.220641,1,p:1.3.4.1.1.2
U1583,63,FUSE2,41467.9,41467.9,45318.6,3850.7,3850.7,1035.4,0.268886,1,p:2.1.1.2.2.1
U1584,63,FUSE2,41521.9,42128.4456,45666.6,4144.7,4144.7,1035.4,0.249813,1,p:1.2.2.2.3.1
U3450,139,FUSE0,41583.9,41583.9,45380.6,3796.7,3796.7,941.0,0.247847,1,p:2.3.3.1.3.2
U3451,139,FUSE0,41637.9,42240.6456,45898.6,4260.7,4260.7,941.0,0.220856,1,p:1.1.5.2.1.1
U3452,139,FUSE0,41699.9,41699.9,45728.6,4028.7,4028.7,941.0,0.233574,1,p:2.2.4.1.2.2
U3453,139,FUSE0,41753.9,42352.8456,46330.6,4576.7,4576.7,941.0,0.205607,1,p:1.3.1.1.1.2
U3454,139,FUSE0,41815.9,41815.9,45434.6,3618.7,3618.7,941.0,0.260038,1,p:2.1.3.2.2.1
U3455,139,FUSE0,41869.9,42465.0456,46214.6,4344.7,4344.7,941.0,0.216586,1,p:1.2.5.1.3.2
U3456,139,FUSE0,41931.9,41931.9,45550.6,3618.7,3618.7,941.0,0.260038,1,p:2.3.4.2.1.1
U3457,139,FUSE0,41985.9,42577.2456,46446.6,4460.7,4460.7,941.0,0.210953,1,p:1.1.2.1.2.2
U3458,139,FUSE0,42047.9,42047.9,45782.6,3734.7,3734.7,941.0,0.251961,1,p:2.2.1.2.3.1
U3459,139,FUSE0,42101.9,42689.4456,46678.6,4576.7,4576.7,941.0,0.205607,1,p:1.3.3.1.1.2
U3460,139,FUSE1,42163.9,42163.9,46014.6,3850.7,3850.7,1003.0,0.260472,1,p:2.1.5.2.2.1
U3461,139,FUSE1,42217.9,42801.6456,46562.6,4344.7,4344.7,1003.0,0.230856,1,p:1.2.4.1.3.2
U3462,139,FUSE1,42279.9,42279.9,46130.6,3850.7,3850.7,1003.0,0.260472,1,p:2.3.2.2.1.1
U3463,139,FUSE1,42333.9,42913.8456,46794.6,4460.7,4460.7,1003.0,0.224853,1,p:1.1.1.1.2.2
U3464,139,FUSE1,42395.9,42395.9,46246.6,3850.7,3850.7,1003.0,0.260472,1,p:2.2.3.2.3.1
U3465,139,FUSE1,42449.9,43026.0456,47026.6,4576.7,4576.7,1003.0,0.219154,1,p:1.3.5.1.1.2
U3466,139,FUSE1,42511.9,42511.9,46362.6,3850.7,3850.7,1003.0,0.260472,1,p:2.1.4.2.2.1
U3467,139,FUSE1,42565.9,43138.2456,46910.6,4344.7,4344.7,1003.0,0.230856,1,p:1.2.2.1.3.2
U3468,139,FUSE1,42627.9,42627.9,46594.6,3966.7,3966.7,1003.0,0.252855,1,p:2.3.1.2.1.1
U3469,139,FUSE2,42681.9,43250.4456,47142.6,4460.7,4460.7,1035.4,0.232116,1,p:1.1.3.1.2.2
U3470,139,FUSE2,42743.9,42743.9,46478.6,3734.7,3734.7,1035.4,0.277238,1,p:2.2.5.2.3.1
U3471,139,FUSE2,42797.9,43362.6456,47374.6,4576.7,4576.7,1035.4,0.226233,1,p:1.3.4.1.1.2
U3472,139,FUSE2,42859.9,42859.9,46710.6,3850.7,3850.7,1035.4,0.268886,1,p:2.1.2.2.2.1
U3473,139,FUSE2,42913.9,43474.8456,47258.6,4344.7,4344.7,1035.4,0.238313,1,p:1.2.1.1.3.2
U3474,139,FUSE2,42975.9,42975.9,46942.6,3966.7,3966.7,1035.4,0.261023,1,p:2.3.3.2.1.1
U3475,139,FUSE2,43029.9,43587.0456,47490.6,4460.7,4460.7,1035.4,0.232116,1,p:1.1.5.1.2.2
U3476,139,FUSE2,43091.9,43091.9,46826.6,3734.7,3734.7,1035.4,0.277238,1,p:2.2.4.2.3.1
U3477,139,FUSE2,43145.9,43699.2456,47722.6,4576.7,4576.7,1035.4,0.226233,1,p:1.3.2.1.1.2
U3478,139,FUSE2,43207.9,43207.9,47058.6,3850.7,3850.7,1035.4,0.268886,1,p:2.1.1.2.2.1
U892,36,FUSE0,43261.9,43811.4456,47606.6,4344.7,4344.7,941.0,0.216586,1,p:1.2.3.1.3.2
U893,36,FUSE0,43323.9,43323.9,47290.6,3966.7,3966.7,941.0,0.237225,1,p:2.3.5.2.1.1
U894,36,FUSE0,43377.9,43923.6456,47838.6,4460.7,4460.7,941.0,0.210953,1,p:1.1.4.1.2.2
U895,36,FUSE0,43439.9,43439.9,47174.6,3734.7,3734.7,941.0,0.251961,1,p:2.2.2.2.3.1
U896,36,FUSE0,43493.9,44035.8456,48186.6,4692.7,4692.7,941.0,0.200524,1,p:1.3.1.1.1.2
U897,36,FUSE0,43555.9,43555.9,47406.6,3850.7,3850.7,941.0,0.244371,1,p:2.1.3.2.2.1
U898,36,FUSE0,43609.9,44148.0456,47954.6,4344.7,4344.7,941.0,0.216586,1,p:1.2.5.1.3.2
U899,36,FUSE0,43671.9,43671.9,47638.6,3966.7,3966.7,941.0,0.237225,1,p:2.3.4.2.1.1
U900,36,FUSE0,43725.9,44260.2456,48070.6,4344.7,4344.7,941.0,0.216586,1,p:1.1.2.1.2.2
U901,36,FUSE1,43787.9,43787.9,47522.6,3734.7,3734.7,1003.0,0.268562,1,p:2.2.1.2.3.1
U902,36,FUSE1,43841.9,44372.4456,48673.0,4831.1,4831.1,1003.0,0.207613,1,p:1.3.3.1.1.2
U903,36,FUSE1,43903.9,43903.9,47754.6,3850.7,3850.7,1003.0,0.260472,1,p:2.1.5.2.2.1
U904,36,FUSE1,43957.9,44484.6456,48302.6,4344.7,4344.7,1003.0,0.230856,1,p:1.2.4.1.3.2
U905,36,FUSE1,44019.9,44019.9,47986.6,3966.7,3966.7,1003.0,0.252855,1,p:2.3.2.2.1.1
U906,36,FUSE1,44073.9,44596.8456,48557.0,4483.1,4483.1,1003.0,0.223729,1,p:1.1.1.1.2.2
U907,36,FUSE1,44135.9,44135.9,47870.6,3734.7,3734.7,1003.0,0.268562,1,p:2.2.3.2.3.1
U908,36,FUSE1,44189.9,44709.0456,48905.0,4715.1,4715.1,1003.0,0.212721,1,p:1.3.5.1.1.2
U909,36,FUSE1,44251.9,44251.9,48334.6,4082.7,4082.7,1003.0,0.245671,1,p:2.1.4.2.2.1
U910,36,FUSE2,44305.9,44821.2456,48441.0,4135.1,4135.1,1035.4,0.250393,1,p:1.2.2.1.3.2
U911,36,FUSE2,44367.9,44367.9,48102.6,3734.7,3734.7,1035.4,0.277238,1,p:2.3.1.2.1.1
U912,36,FUSE2,44421.9,44933.4456,49137.0,4715.1,4715.1,1035.4,0.219592,1,p:1.1.3.1.2.2
U913,36,FUSE2,44483.9,44483.9,48218.6,3734.7,3734.7,1035.4,0.277238,1,p:2.2.5.2.3.1
U914,36,FUSE2,44537.9,45045.6456,49369.0,4831.1,4831.1,1035.4,0.21432,1,p:1.3.4.1.1.2
U915,36,FUSE2,44599.9,44599.9,48450.6,3850.7,3850.7,1035.4,0.268886,1,p:2.1.2.2.2.1
U916,36,FUSE2,44653.9,45157.8456,49021.0,4367.1,4367.1,1035.4,0.237091,1,p:1.2.1.1.3.2
U917,36,FUSE2,44715.9,44715.9,48566.6,3850.7,3850.7,1035.4,0.268886,1,p:2.3.3.2.1.1
U918,36,FUSE2,44769.9,45270.0456,48810.6,4040.7,4040.7,1035.4,0.256243,1,p:1.1.5.2.3.1
U2965,119,FUSE0,44831.9,44831.9,48789.0,3957.1,3957.1,941.0,0.2378,1,p:2.2.4.1.2.2
U2966,119,FUSE0,44885.9,45382.2456,49485.0,4599.1,4599.1,941.0,0.204605,1,p:1.3.2.1.1.2
U2967,119,FUSE0,44947.9,44947.9,48926.6,3978.7,3978.7,941.0,0.236509,1,p:2.1.1.2.2.1
U2968,119,FUSE0,45001.9,45494.4456,49253.0,4251.1,4251.1,941.0,0.221354,1,p:1.2.3.1.3.2
U2969,119,FUSE0,45063.9,45063.9,49042.6,3978.7,3978.7,941.0,0.236509,1,p:2.3.4.2.1.1
U2970,119,FUSE0,45117.9,45606.6456,49601.0,4483.1,4483.1,941.0,0.209899,1,p:1.1.5.1.2.2
U2971,119,FUSE0,45179.9,45179.9,48682.6,3502.7,3502.7,941.0,0.26865,1,p:2.2.2.2.3.1
U2972,119,FUSE0,45233.9,45718.8456,49833.0,4599.1,4599.1,941.0,0.204605,1,p:1.3.1.1.1.2
U2973,119,FUSE0,45295.9,45295.9,49274.6,3978.7,3978.7,941.0,0.236509,1,p:2.1.3.2.2.1
U2974,119,FUSE1,45349.9,45831.0456,49717.0,4367.1,4367.1,1003.0,0.229672,1,p:1.2.4.1.3.2
U2975,119,FUSE1,45411.9,45411.9,49158.6,3746.7,3746.7,1003.0,0.267702,1,p:2.3.5.2.1.1
U2976,119,FUSE1,45465.9,45943.2456,49949.0,4483.1,4483.1,1003.0,0.223729,1,p:1.1.2.1.2.2
U2977,119,FUSE1,45527.9,45527.9,49390.6,3862.7,3862.7,1003.0,0.259663,1,p:2.2.1.2.3.1
U2978,119,FUSE1,45581.9,46055.4456,50305.0,4723.1,4723.1,1003.0,0.212361,1,p:1.3.3.1.1.2
U2979,119,FUSE1,45643.9,45643.9,49683.4,4039.5,4039.5,1003.0,0.248298,1,p:2.1.4.2.2.1
U2980,119,FUSE1,45697.9,46167.6456,50065.0,4367.1,4367.1,1003.0,0.229672,1,p:1.2.5.1.3.2
U2981,119,FUSE1,45759.9,45759.9,49567.4,3807.5,3807.5,1003.0,0.263427,1,p:2.3.2.2.1.1
U2982,119,FUSE1,45813.9,46279.8456,50421.0,4607.1,4607.1,1003.0,0.217707,1,p:1.1.1.1.2.2
U2983,119,FUSE2,45875.9,45875.9,49799.4,3923.5,3923.5,1035.4,0.263897,1,p:2.2.3.2.3.1
U2984,119,FUSE2,45929.9,46392.0456,50885.0,4955.1,4955.1,1035.4,0.208956,1,p:1.3.4.1.1.2
U2985,119,FUSE2,46013.9,46013.9,50033.0,4019.1,4019.1,1035.4,0.25762,1,p:2.1.5.2.2.1
U2986,119,FUSE2,46045.9,46504.2456,50189.0,4143.1,4143.1,1035.4,0.249909,1,p:1.2.2.1.3.2
U2987,119,FUSE2,46129.9,46129.9,49917.0,3787.1,3787.1,1035.4,0.273402,1,p:2.3.1.2.1.1
U2988,119,FUSE2,46161.9,46616.4456,50769.0,4607.1,4607.1,1035.4,0.22474,1,p:1.1.3.1.2.2
U2989,119,FUSE2,46245.9,46245.9,50537.0,4291.1,4291.1,1035.4,0.24129,1,p:2.2.4.1.1.2
U2990,119,FUSE2,46277.9,46728.6456,50381.0,4103.1,4103.1,1035.4,0.252346,1,p:1.3.5.2.2.1
U3836,154,FUSE0,46361.9,46361.9,50149.0,3787.1,3787.1,941.0,0.248475,1,p:2.1.2.2.3.1
U3837,154,FUSE0,46393.9,46840.8456,50653.0,4259.1,4259.1,941.0,0.220939,1,p:1.2.1.1.3.2
U3838,154,FUSE0,46477.9,46477.9,50265.0,3787.1,3787.1,941.0,0.248475,1,p:2.3.3.2.1.1
U3839,154,FUSE0,46509.9,46953.0456,51001.0,4491.1,4491.1,941.0,0.209526,1,p:1.1.2.1.2.2
U3840,154,FUSE0,46593.9,46593.9,50497.0,3903.1,3903.1,941.0,0.24109,1,p:2.2.4.2.3.1
U3841,154,FUSE0,46625.9,47065.2456,51233.0,4607.1,4607.1,941.0,0.20425,1,p:1.3.5.1.1.2
U3842,154,FUSE0,46709.9,46709.9,50613.0,3903.1,3903.1,941.0,0.24109,1,p:2.1.1.2.2.1
U3843,154,FUSE0,46741.9,47177.4456,51117.0,4375.1,4375.1,941.0,0.215081,1,p:1.2.3.1.3.2
U3844,154,FUSE0,46825.9,46825.9,50729.0,3903.1,3903.1,941.0,0.24109,1,p:2.3.2.2.1.1
U3845,154,FUSE1,46857.9,47289.6456,51349.0,4491.1,4491.1,1003.0,0.223331,1,p:1.1.4.1.2.2
U3846,154,FUSE1,46941.9,46941.9,50845.0,3903.1,3903.1,1003.0,0.256975,1,p:2.2.5.2.3.1
U3847,154,FUSE1,46973.9,47401.8456,51581.0,4607.1,4607.1,1003.0,0.217707,1,p:1.3.1.1.1.2
U3848,154,FUSE1,47057.9,47057.9,51081.8,4023.9,4023.9,1003.0,0.249261,1,p:2.1.3.2.2.1
U3849,154,FUSE1,47089.9,47514.0456,51465.0,4375.1,4375.1,1003.0,0.229252,1,p:1.2.2.1.3.2
U3850,154,FUSE1,47173.9,47173.9,50965.8,3791.9,3791.9,1003.0,0.264511,1,p:2.3.4.2.1.1
U3851,154,FUSE1,47205.9,47626.2456,51813.0,4607.1,4607.1,1003.0,0.217707,1,p:1.1.5.1.2.2
U3852,154,FUSE1,47289.9,47289.9,51197.8,3907.9,3907.9,1003.0,0.25666,1,p:2.2.1.2.3.1
U3853,154,FUSE1,47321.9,47738.4456,51929.0,4607.1,4607.1,1003.0,0.217707,1,p:1.3.3.1.1.2
U3854,154,FUSE2,47405.9,47405.9,51431.4,4025.5,4025.5,1035.4,0.25721,1,p:2.1.2.2.2.1
U3855,154,FUSE2,47437.9,47850.6456,51697.0,4259.1,4259.1,1035.4,0.243103,1,p:1.2.4.1.3.2
U3856,154,FUSE2,47521.9,47521.9,51315.4,3793.5,3793.5,1035.4,0.272941,1,p:2.3.5.2.1.1
U3857,154,FUSE2,47553.9,47962.8456,52277.0,4723.1,4723.1,1035.4,0.21922,1,p:1.1.1.1.2.2
U3858,154,FUSE2,47637.9,47637.9,51547.4,3909.5,3909.5,1035.4,0.264842,1,p:2.2.3.2.3.1
U3859,154,FUSE2,47669.9,48075.0456,52393.0,4723.1,4723.1,1035.4,0.21922,1,p:1.3.2.1.1.2
U3860,154,FUSE2,47753.9,47753.9,51663.4,3909.5,3909.5,1035.4,0.264842,1,p:2.1.4.2.2.1
U3861,154,FUSE2,47785.9,48187.2456,52161.0,4375.1,4375.1,1035.4,0.236657,1,p:1.2.5.1.3.2
U3862,154,FUSE2,47869.9,47869.9,51779.4,3909.5,3909.5,1035.4,0.264842,1,p:2.3.1.2.1.1
U3863,154,FUSE2,47901.9,48299.4456,51895.4,3993.5,3993.5,1035.4,0.259271,1,p:1.1.3.2.3.1
U7476,299,FUSE0,47985.9,47985.9,52045.0,4059.1,4059.1,941.0,0.231825,1,p:2.2.2.1.2.2
U7477,299,FUSE0,48017.9,48411.6456,52625.0,4607.1,4607.1,941.0,0.20425,1,p:1.3.4.1.1.2
U7478,299,FUSE0,48101.9,48101.9,52243.4,4141.5,4141.5,941.0,0.227212,1,p:2.1.5.2.2.1
U7479,299,FUSE0,48133.9,48523.8456,52509.0,4375.1,4375.1,941.0,0.215081,1,p:1.2.1.1.3.2
U7480,299,FUSE0,48217.9,48217.9,52127.4,3909.5,3909.5,941.0,0.240696,1,p:2.3.2.2.1.1
U7481,299,FUSE0,48249.9,48636.0456,52857.0,4607.1,4607.1,941.0,0.20425,1,p:1.1.3.1.2.2
U7482,299,FUSE0,48333.9,48333.9,52011.4,3677.5,3677.5,941.0,0.25588,1,p:2.2.4.2.3.1
U7483,299,FUSE0,48365.9,48748.2456,52973.0,4607.1,4607.1,941.0,0.20425,1,p:1.3.5.1.1.2
U7484,299,FUSE1,48472.3,48472.3,52591.4,4119.1,4119.1,1003.0,0.2435,1,p:2.1.1.2.2.1
U7485,299,FUSE1,48481.9,48860.4456,52741.0,4259.1,4259.1,1003.0,0.235496,1,p:1.2.2.1.3.2
U7486,299,FUSE1,48588.3,48588.3,52359.4,3771.1,3771.1,1003.0,0.26597,1,p:2.3.3.2.1.1
U7487,299,FUSE1,48597.9,48972.6456,53089.0,4491.1,4491.1,1003.0,0.223331,1,p:1.1.4.1.2.2
U7488,299,FUSE1,48704.3,48704.3,52475.4,3771.1,3771.1,1003.0,0.26597,1,p:2.2.5.2.3.1
U7489,299,FUSE1,48713.9,49084.8456,53321.0,4607.1,4607.1,1003.0,0.217707,1,p:1.3.1.1.1.2
U7490,299,FUSE1,48820.3,48820.3,52707.4,3887.1,3887.1,1003.0,0.258033,1,p:2.1.2.2.2.1
U7491,299,FUSE1,48841.9,49197.0456,53205.0,4363.1,4363.1,1003.0,0.229882,1,p:1.2.3.1.3.2
U7492,299,FUSE2,48936.3,48936.3,52823.4,3887.1,3887.1,1035.4,0.266368,1,p:2.3.4.2.1.1
U7493,299,FUSE2,48957.9,49309.2456,53792.2,4834.3,4834.3,1035.4,0.214178,1,p:1.1.5.1.2.2
U7494,299,FUSE2,49052.3,49052.3,52939.4,3887.1,3887.1,1035.4,0.266368,1,p:2.2.1.2.3.1
U7495,299,FUSE2,49073.9,49421.4456,53676.2,4602.3,4602.3,1035.4,0.224974,1,p:1.3.2.1.1.2
U7496,299,FUSE2,49168.3,49168.3,53183.6,4015.3,4015.3,1035.4,0.257864,1,p:2.1.3.2.2.1
U7497,299,FUSE2,49189.9,49533.6456,53444.2,4254.3,4254.3,1035.4,0.243377,1,p:1.2.4.1.2.2
U7498,299,FUSE2,49284.3,49284.3,53067.6,3783.3,3783.3,1035.4,0.273676,1,p:2.3.5.2.1.1
U7402,296,FUSE0,49305.9,49645.8456,53560.2,4254.3,4254.3,941.0,0.221188,1,p:1.1.1.1.3.2
U7403,296,FUSE0,49400.3,49400.3,53299.6,3899.3,3899.3,941.0,0.241325,1,p:2.2.2.2.3.1
U7404,296,FUSE0,49421.9,49758.0456,54024.2,4602.3,4602.3,941.0,0.204463,1,p:1.3.3.1.1.2
U7405,296,FUSE0,49516.3,49516.3,53647.6,4131.3,4131.3,941.0,0.227773,1,p:2.1.4.2.1.1
U7406,296,FUSE0,49598.7,49870.2456,53908.2,4309.5,4309.5,941.0,0.218355,1,p:1.2.5.1.3.2
U7407,296,FUSE0,49632.3,49632.3,53415.6,3783.3,3783.3,941.0,0.248725,1,p:2.3.1.2.2.1
U7408,296,FUSE0,49714.7,49982.4456,54256.2,4541.5,4541.5,941.0,0.2072,1,p:1.1.2.1.2.2
U7409,296,FUSE0,49748.3,49748.3,53531.6,3783.3,3783.3,941.0,0.248725,1,p:2.2.3.2.3.1
U7410,296,FUSE0,49830.7,50094.6456,54372.2,4541.5,4541.5,941.0,0.2072,1,p:1.3.4.1.1.2
U7411,296,FUSE1,49864.3,49864.3,53995.6,4131.3,4131.3,1003.0,0.242781,1,p:2.1.5.2.2.1
U7412,296,FUSE1,49948.3,50206.8456,54140.2,4191.9,4191.9,1003.0,0.239271,1,p:1.2.1.1.3.2
U7413,296,FUSE1,49980.3,49980.3,53879.6,3899.3,3899.3,1003.0,0.257226,1,p:2.3.2.2.1.1
U7414,296,FUSE1,50064.3,50319.0456,54604.2,4539.9,4539.9,1003.0,0.22093,1,p:1.1.3.1.2.2
U7415,296,FUSE1,50096.3,50096.3,53763.6,3667.3,3667.3,1003.0,0.273498,1,p:2.2.4.2.3.1
U7416,296,FUSE1,50180.3,50431.2456,54720.2,4539.9,4539.9,1003.0,0.22093,1,p:1.3.5.1.1.2
U7417,296,FUSE1,50220.3,50220.3,54111.6,3891.3,3891.3,1003.0,0.257754,1,p:2.1.1.2.2.1
U7418,296,FUSE1,50296.3,50543.4456,54488.2,4191.9,4191.9,1003.0,0.239271,1,p:1.2.2.1.3.2
U7419,296,FUSE1,50336.3,50336.3,54227.6,3891.3,3891.3,1003.0,0.257754,1,p:2.3.3.2.1.1
U7420,296,FUSE2,50412.3,50655.6456,54952.2,4539.9,4539.9,1035.4,0.228067,1,p:1.1.4.1.2.2
U7421,296,FUSE2,50452.3,50452.3,54343.6,3891.3,3891.3,1035.4,0.266081,1,p:2.2.5.2.3.1
U7422,296,FUSE2,50528.3,50767.8456,55068.2,4539.9,4539.9,1035.4,0.228067,1,p:1.3.1.1.1.2
U7423,296,FUSE2,50568.3,50568.3,54807.6,4239.3,4239.3,1035.4,0.244238,1,p:2.1.2.2.2.1
U7424,296,FUSE2,50644.3,50880.0456,54836.2,4191.9,4191.9,1035.4,0.247,1,p:1.2.3.1.3.2
U7425,296,FUSE2,50684.3,50684.3,54575.6,3891.3,3891.3,1035.4,0.266081,1,p:2.3.4.2.1.1
U7426,296,FUSE2,50760.3,50992.2456,55416.2,4655.9,4655.9,1035.4,0.222385,1,p:1.1.5.1.1.2
U7427,296,FUSE2,50800.3,50800.3,54459.6,3659.3,3659.3,1035.4,0.28295,1,p:2.2.1.2.2.1
U2778,112,FUSE0,50876.3,51104.4456,55184.2,4307.9,4307.9,941.0,0.218436,1,p:1.3.2.1.2.2
U2779,112,FUSE0,50916.3,50916.3,55039.6,4123.3,4123.3,941.0,0.228215,1,p:2.1.3.2.3.1
U2780,112,FUSE0,50997.1,51216.6456,55300.2,4303.1,4303.1,941.0,0.21868,1,p:1.2.4.1.3.2
U2781,112,FUSE0,51032.3,51032.3,54923.6,3891.3,3891.3,941.0,0.241821,1,p:2.3.2.2.1.1
U2782,112,FUSE0,51113.1,51328.8456,55532.2,4419.1,4419.1,941.0,0.212939,1,p:1.1.3.1.2.2
U2783,112,FUSE0,51148.3,51148.3,54691.6,3543.3,3543.3,941.0,0.265572,1,p:2.2.5.2.3.1
U2784,112,FUSE0,51229.1,51441.0456,55764.2,4535.1,4535.1,941.0,0.207493,1,p:1.3.1.1.1.2
U2785,112,FUSE0,51264.3,51264.3,55294.0,4029.7,4029.7,941.0,0.233516,1,p:2.1.4.2.2.1
U2786,112,FUSE0,51346.7,51553.2456,55648.2,4301.5,4301.5,941.0,0.218761,1,p:1.2.2.1.3.2
U2787,112,FUSE1,51380.3,51380.3,55178.0,3797.7,3797.7,1003.0,0.264107,1,p:2.3.3.2.1.1
U2788,112,FUSE1,51462.7,51665.4456,55880.2,4417.5,4417.5,1003.0,0.227051,1,p:1.1.5.1.2.2
U2789,112,FUSE1,51496.3,51496.3,55410.0,3913.7,3913.7,1003.0,0.256279,1,p:2.2.1.2.3.1
U2790,112,FUSE1,51578.7,51777.6456,57039.1484,5460.4484,5460.4484,1003.0,0.183685,1,p:1.3.4.1.1.2
U2791,112,FUSE1,51612.3,51612.3,55643.6,4031.3,4031.3,1003.0,0.248803,1,p:2.1.2.2.2.1
U2792,112,FUSE1,51694.7,51889.8456,55996.2,4301.5,4301.5,1003.0,0.233174,1,p:1.2.3.1.3.2
U2793,112,FUSE1,51728.3,51728.3,55527.6,3799.3,3799.3,1003.0,0.263996,1,p:2.3.5.2.1.1
U2794,112,FUSE1,51810.7,52002.0456,56112.2,4301.5,4301.5,1003.0,0.233174,1,p:1.1.1.1.2.2
U2795,112,FUSE1,51844.3,51844.3,55759.6,3915.3,3915.3,1003.0,0.256174,1,p:2.2.4.2.3.1
U2796,112,FUSE2,51926.7,52114.2456,57503.1484,5576.4484,5576.4484,1035.4,0.185674,1,p:1.3.2.1.1.2
U2797,112,FUSE2,51960.3,51960.3,55937.0,3976.7,3976.7,1035.4,0.260367,1,p:2.1.3.2.2.1
U2798,112,FUSE2,52042.7,52226.4456,56307.0,4264.3,4264.3,1035.4,0.242807,1,p:1.2.5.1.3.2
U2799,112,FUSE2,52076.3,52076.3,56884.3484,4808.0484,4808.0484,1035.4,0.215347,1,p:2.3.1.2.1.1
U2800,112,FUSE2,52158.7,52338.6456,56616.2,4457.5,4457.5,1035.4,0.232283,1,p:1.1.4.1.2.2
U2801,112,FUSE2,52192.3,52192.3,56053.0,3860.7,3860.7,1035.4,0.26819,1,p:2.2.2.2.3.1
U2802,112,FUSE2,52274.7,52450.8456,56286.6,4011.9,4011.9,1035.4,0.258082,1,p:1.3.3.2.2.1
U2803,112,FUSE2,52308.3,52308.3,56481.8,4173.5,4173.5,1035.4,0.248089,1,p:2.1.5.1.3.2
U2804,113,FUSE0,52390.7,52563.0456,57738.3484,5347.6484,5347.6484,941.0,0.175965,1,p:1.2.1.1.1.2
U2805,113,FUSE0,52424.3,52424.3,57348.3484,4924.0484,4924.0484,941.0,0.191103,1,p:2.3.4.2.1.1
U2806,113,FUSE0,52506.7,52675.2456,56791.0,4284.3,4284.3,941.0,0.219639,1,p:1.1.2.1.2.2
U2807,113,FUSE0,52540.3,52540.3,56169.0,3628.7,3628.7,941.0,0.259322,1,p:2.2.1.2.3.1
U2808,113,FUSE0,52622.7,52787.4456,58087.9484,5465.2484,5465.2484,941.0,0.172179,1,p:1.3.3.1.1.2
U2809,113,FUSE0,52656.3,52656.3,56461.4,3805.1,3805.1,941.0,0.2473,1,p:2.1.5.2.2.1
U2810,113,FUSE0,52738.7,52899.6456,57155.1484,4416.4484,4416.4484,941.0,0.213067,1,p:1.2.4.1.3.2
U2811,113,FUSE0,52772.3,52772.3,57583.5484,4811.2484,4811.2484,941.0,0.195583,1,p:2.3.2.2.1.1
U2812,113,FUSE0,52854.7,53011.8456,57387.1484,4532.4484,4532.4484,941.0,0.207614,1,p:1.1.1.1.2.2
U2813,113,FUSE1,52888.3,52888.3,56676.6,3788.3,3788.3,1003.0,0.264763,1,p:2.2.3.2.3.1
U2814,113,FUSE1,52970.7,53124.0456,58435.9484,5465.2484,5465.2484,1003.0,0.183523,1,p:1.3.5.1.1.2
U2815,113,FUSE1,53004.3,53004.3,57116.3484,4112.0484,4112.0484,1003.0,0.243917,1,p:2.1.4.2.2.1
U2816,113,FUSE1,53098.9,53236.2456,57271.1484,4172.2484,4172.2484,1003.0,0.240398,1,p:1.2.2.1.3.2
U2817,113,FUSE1,53120.3,53120.3,57933.1484,4812.8484,4812.8484,1003.0,0.2084,1,p:2.3.1.2.1.1
U2818,113,FUSE1,53214.9,53348.4456,57619.1484,4404.2484,4404.2484,1003.0,0.227735,1,p:1.1.3.1.2.2
U2819,113,FUSE1,53236.3,53236.3,57000.3484,3764.0484,3764.0484,1003.0,0.266468,1,p:2.2.5.2.3.1
U2820,113,FUSE1,53330.9,53460.6456,58783.9484,5453.0484,5453.0484,1003.0,0.183934,1,p:1.3.4.1.1.2
U2821,113,FUSE1,53352.3,53352.3,57232.3484,3880.0484,3880.0484,1003.0,0.258502,1,p:2.1.2.2.2.1
U2822,113,FUSE2,53446.9,53572.8456,57854.3484,4407.4484,4407.4484,1035.4,0.234921,1,p:1.2.1.1.3.2
U2823,113,FUSE2,53475.5,53475.5,58614.2,5138.7,5138.7,1035.4,0.201491,1,p:2.3.3.2.1.1
U2824,113,FUSE2,53562.9,53685.0456,57970.3484,4407.4484,4407.4484,1035.4,0.234921,1,p:1.1.5.1.2.2
U2825,113,FUSE2,53591.5,53591.5,57464.3484,3872.8484,3872.8484,1035.4,0.267348,1,p:2.2.4.2.3.1
U2826,113,FUSE2,53678.9,53797.2456,59131.9484,5453.0484,5453.0484,1035.4,0.189875,1,p:1.3.2.1.1.2
U2827,113,FUSE2,53707.5,53707.5,57815.5484,4108.0484,4108.0484,1035.4,0.252042,1,p:2.1.1.2.2.1
U2828,113,FUSE2,53794.9,53909.4456,58203.9484,4409.0484,4409.0484,1035.4,0.234835,1,p:1.2.3.1.3.2
U2829,113,FUSE2,53823.5,53823.5,58872.2,5048.7,5048.7,1035.4,0.205082,1,p:2.3.5.2.1.1
U2830,113,FUSE2,53910.9,54021.6456,59479.9484,5569.0484,5569.0484,1035.4,0.18592,1,p:1.1.4.1.1.2
U3065,123,FUSE0,53939.5,53939.5,57699.5484,3760.0484,3760.0484,941.0,0.250263,1,p:2.2.2.2.3.1
U3066,123,FUSE0,54026.9,54133.8456,58319.9484,4293.0484,4293.0484,941.0,0.219192,1,p:1.3.1.1.2.2
U3067,123,FUSE0,54055.5,54055.5,58165.1484,4109.6484,4109.6484,941.0,0.228973,1,p:2.1.3.2.2.1
U3068,123,FUSE0,54142.9,54246.0456,58551.9484,4409.0484,4409.0484,941.0,0.213425,1,p:1.2.5.1.3.2
U3069,123,FUSE0,54171.5,54171.5,58049.1484,3877.6484,3877.6484,941.0,0.242673,1,p:2.3.4.2.3.1
U3070,123,FUSE0,54258.9,54358.2456,58667.9484,4409.0484,4409.0484,941.0,0.213425,1,p:1.1.2.1.2.2
U3071,123,FUSE0,54287.5,54287.5,59221.8,4934.3,4934.3,941.0,0.190706,1,p:2.2.1.2.1.1
U3072,123,FUSE0,54374.9,54470.4456,59827.9484,5453.0484,5453.0484,941.0,0.172564,1,p:1.3.3.1.1.2
U3073,123,FUSE1,54403.5,54403.5,58498.2,4094.7,4094.7,1003.0,0.244951,1,p:2.1.5.2.2.1
U3074,123,FUSE1,54490.9,54582.6456,59015.9484,4525.0484,4525.0484,1003.0,0.221655,1,p:1.2.4.1.2.2
U3075,123,FUSE1,54519.5,54519.5,59571.4,5051.9,5051.9,1003.0,0.198539,1,p:2.3.2.2.1.1
U3076,123,FUSE1,54606.9,54694.8456,58899.9484,4293.0484,4293.0484,1003.0,0.233634,1,p:1.1.1.1.3.2
U3077,123,FUSE1,54635.5,54635.5,58382.2,3746.7,3746.7,1003.0,0.267702,1,p:2.2.3.2.3.1
U3078,123,FUSE1,54722.9,54807.0456,60291.9484,5569.0484,5569.0484,1003.0,0.180103,1,p:1.3.5.1.1.2
U3079,123,FUSE1,54751.5,54751.5,58756.2,4004.7,4004.7,1003.0,0.250456,1,p:2.1.4.2.2.1
U3080,123,FUSE1,54838.9,54919.2456,59247.9484,4409.0484,4409.0484,1003.0,0.227487,1,p:1.2.2.1.3.2
U3081,123,FUSE2,54867.5,54867.5,59921.0,5053.5,5053.5,1035.4,0.204888,1,p:2.3.1.2.1.1
U3082,123,FUSE2,54954.9,55031.4456,59363.9484,4409.0484,4409.0484,1035.4,0.234835,1,p:1.1.3.1.2.2
U3083,123,FUSE2,54983.5,54983.5,58988.2,4004.7,4004.7,1035.4,0.258546,1,p:2.2.5.2.3.1
U3084,123,FUSE2,55070.9,55143.6456,60523.9484,5453.0484,5453.0484,1035.4,0.189875,1,p:1.3.4.1.1.2
U3085,123,FUSE2,55099.5,55099.5,59105.8,4006.3,4006.3,1035.4,0.258443,1,p:2.1.2.2.2.1
U3086,123,FUSE2,55209.3,55255.8456,59595.9484,4386.6484,4386.6484,1035.4,0.236034,1,p:1.2.1.1.3.2
U3087,123,FUSE2,55215.5,55215.5,60153.0,4937.5,4937.5,1035.4,0.209701,1,p:2.3.3.2.1.1
U3088,123,FUSE2,55325.3,55368.0456,60871.9484,5546.6484,5546.6484,1035.4,0.186671,1,p:1.1.5.1.1.2
U2427,98,FUSE0,55331.5,55331.5,59711.9484,4380.4484,4380.4484,941.0,0.214818,1,p:2.2.4.1.2.2
U2428,98,FUSE0,55441.3,55480.2456,59337.8,3896.5,3896.5,941.0,0.241499,1,p:1.3.2.2.3.1
U2429,98,FUSE0,55447.5,55447.5,59455.4,4007.9,4007.9,941.0,0.234786,1,p:2.1.1.2.2.1
U2430,98,FUSE0,55558.9,55592.4456,59943.9484,4385.0484,4385.0484,941.0,0.214593,1,p:1.2.3.1.3.2
U2431,98,FUSE0,55563.5,55563.5,60620.2,5056.7,5056.7,941.0,0.18609,1,p:2.3.4.2.1.1
U2432,98,FUSE0,55674.9,55704.6456,60059.9484,4385.0484,4385.0484,941.0,0.214593,1,p:1.1.2.1.2.2
U2433,98,FUSE0,55679.5,55679.5,59687.4,4007.9,4007.9,941.0,0.234786,1,p:2.2.5.2.3.1
U2434,98,FUSE0,55790.9,55816.8456,61219.9484,5429.0484,5429.0484,941.0,0.173327,1,p:1.3.1.1.1.2
U2435,98,FUSE0,55795.5,55795.5,59805.0,4009.5,4009.5,941.0,0.234693,1,p:2.1.3.2.2.1
U2436,98,FUSE1,55911.5,55929.0456,60175.9484,4264.4484,4264.4484,1003.0,0.2352,1,p:1.2.4.1.3.2
U2437,98,FUSE1,55968.3,55968.3,60969.8,5001.5,5001.5,1003.0,0.20054,1,p:2.3.2.2.1.1
U2438,98,FUSE1,56027.5,56041.2456,60407.9484,4380.4484,4380.4484,1003.0,0.228972,1,p:1.1.5.1.2.2
U2439,98,FUSE1,56084.3,56084.3,60037.0,3952.7,3952.7,1003.0,0.253751,1,p:2.2.1.2.3.1
U2440,98,FUSE1,56143.5,56153.4456,61567.9484,5424.4484,5424.4484,1003.0,0.184904,1,p:1.3.3.1.1.2
U2441,98,FUSE1,56200.3,56200.3,60269.0,4068.7,4068.7,1003.0,0.246516,1,p:2.1.4.2.2.1
U2442,98,FUSE1,56317.9,56317.9,60639.9484,4322.0484,4322.0484,1003.0,0.232066,1,p:1.2.2.1.3.2
U2443,98,FUSE1,56338.3,56338.3,61319.4,4981.1,4981.1,1003.0,0.201361,1,p:2.3.5.2.1.1
U2444,98,FUSE1,56492.7,56492.7,60755.9484,4263.2484,4263.2484,1003.0,0.235267,1,p:1.1.1.1.2.2
U2445,98,FUSE2,56513.1,56513.1,60385.0,3871.9,3871.9,1035.4,0.267414,1,p:2.2.3.2.3.1
U2446,98,FUSE2,56647.5,56647.5,61915.9484,5268.4484,5268.4484,1035.4,0.196528,1,p:1.3.4.1.1.2
U2447,98,FUSE2,56707.9,56707.9,60504.2,3796.3,3796.3,1035.4,0.272739,1,p:2.1.2.2.2.1
U2448,98,FUSE2,56822.3,56822.3,60987.9484,4165.6484,4165.6484,1035.4,0.248557,1,p:1.2.5.1.3.2
U2449,98,FUSE2,56915.6484,56915.6484,61669.0,4753.3516,4753.3516,1035.4,0.217825,1,p:2.3.1.2.1.1
U2450,98,FUSE2,57031.6484,57031.6484,61103.9484,4072.3,4072.3,1035.4,0.254254,1,p:1.1.3.1.2.2
U2451,98,FUSE2,57070.4484,57070.4484,62263.9484,5193.5,5193.5,1035.4,0.199365,1,p:2.2.4.1.1.2
U2452,98,FUSE2,57147.6484,57147.6484,60736.2,3588.5516,3588.5516,1035.4,0.288529,1,p:1.3.2.2.3.1
U2453,98,FUSE2,57186.4484,57186.4484,60853.8,3667.3516,3667.3516,1035.4,0.282329,1,p:2.1.5.2.2.1
U2454,98,FUSE2,57263.6484,57263.6484,61335.9484,4072.3,4072.3,1035.4,0.254254,1,p:1.2.1.1.3.2
U3278,132,FUSE0,57302.4484,57302.4484,62018.6,4716.1516,4716.1516,941.0,0.199527,1,p:2.3.3.2.1.1
U3279,132,FUSE0,57379.6484,57379.6484,61451.9484,4072.3,4072.3,941.0,0.231073,1,p:1.1.4.1.2.2
U3280,132,FUSE0,57418.4484,57418.4484,61085.8,3667.3516,3667.3516,941.0,0.256588,1,p:2.2.2.2.3.1
U3281,132,FUSE0,57495.6484,57495.6484,62611.9484,5116.3,5116.3,941.0,0.183922,1,p:1.3.5.1.1.2
U3282,132,FUSE0,57534.4484,57534.4484,61203.4,3668.9516,3668.9516,941.0,0.256477,1,p:2.1.1.2.2.1
U3283,132,FUSE0,57614.8484,57614.8484,61683.9484,4069.1,4069.1,941.0,0.231255,1,p:1.2.3.1.3.2
U3284,132,FUSE0,57650.4484,57650.4484,62368.2,4717.7516,4717.7516,941.0,0.199459,1,p:2.3.4.2.1.1
U3285,132,FUSE0,57730.8484,57730.8484,61799.9484,4069.1,4069.1,941.0,0.231255,1,p:1.1.2.1.2.2
U3286,132,FUSE1,57769.6484,57769.6484,61435.4,3665.7516,3665.7516,1003.0,0.273614,1,p:2.2.5.2.3.1
U3287,132,FUSE1,57846.8484,57846.8484,62988.6,5141.7516,5141.7516,1003.0,0.19507,1,p:1.3.1.1.1.2
U3288,132,FUSE1,57885.6484,57885.6484,61553.0,3667.3516,3667.3516,1003.0,0.273494,1,p:2.1.3.2.2.1
U3289,132,FUSE1,57964.4484,57964.4484,62031.9484,4067.5,4067.5,1003.0,0.246589,1,p:1.2.4.1.3.2
U3290,132,FUSE1,58001.6484,58001.6484,62833.8,4832.1516,4832.1516,1003.0,0.207568,1,p:2.3.2.2.1.1
U3291,132,FUSE1,58080.4484,58080.4484,62147.9484,4067.5,4067.5,1003.0,0.246589,1,p:1.1.5.1.2.2
U3292,132,FUSE1,58119.2484,58119.2484,61785.0,3665.7516,3665.7516,1003.0,0.273614,1,p:2.2.1.2.3.1
U3293,132,FUSE1,58196.4484,58196.4484,63336.6,5140.1516,5140.1516,1003.0,0.19513,1,p:1.3.3.1.1.2
U3294,132,FUSE2,58235.2484,58235.2484,61902.6,3667.3516,3667.3516,1035.4,0.282329,1,p:2.1.4.2.2.1
U3295,132,FUSE2,58351.2484,58351.2484,62379.9484,4028.7,4028.7,1035.4,0.257006,1,p:1.2.2.1.3.2
U3296,132,FUSE2,58413.5,58413.5,63067.4,4653.9,4653.9,1035.4,0.22248,1,p:2.3.5.2.1.1
U3297,132,FUSE2,58467.2484,58467.2484,62495.9484,4028.7,4028.7,1035.4,0.257006,1,p:1.1.1.1.2.2
U3298,132,FUSE2,58529.5,58529.5,62134.6,3605.1,3605.1,1035.4,0.287204,1,p:2.2.3.2.3.1
U3299,132,FUSE2,58583.2484,58583.2484,63800.6,5217.3516,5217.3516,1035.4,0.198453,1,p:1.3.4.1.1.2
U3300,132,FUSE2,58645.5,58645.5,62252.2,3606.7,3606.7,1035.4,0.287077,1,p:2.1.2.2.2.1
U3301,132,FUSE2,58699.2484,58699.2484,62756.6,4057.3516,4057.3516,1035.4,0.255191,1,p:1.2.5.1.2.2
U3302,132,FUSE2,58787.5,58787.5,62872.6,4085.1,4085.1,1035.4,0.253458,1,p:2.3.1.1.3.2
U3422,138,FUSE0,58815.2484,58815.2484,63417.0,4601.7516,4601.7516,941.0,0.204487,1,p:1.1.3.2.1.1
U3423,138,FUSE0,58903.5,58903.5,62484.2,3580.7,3580.7,941.0,0.262798,1,p:2.2.4.2.3.1
U3424,138,FUSE0,58931.2484,58931.2484,64032.6,5101.3516,5101.3516,941.0,0.184461,1,p:1.3.2.1.1.2
U3425,138,FUSE0,59019.5,59019.5,63649.0,4629.5,4629.5,941.0,0.203262,1,p:2.1.5.2.1.1
U3426,138,FUSE0,59047.2484,59047.2484,63104.6,4057.3516,4057.3516,941.0,0.231925,1,p:1.2.3.1.3.2
U3427,138,FUSE0,59137.1,59137.1,62601.8,3464.7,3464.7,941.0,0.271596,1,p:2.3.1.2.2.1
U3428,138,FUSE0,59163.2484,59163.2484,63220.6,4057.3516,4057.3516,941.0,0.231925,1,p:1.1.4.1.2.2
U3429,138,FUSE0,59253.1,59253.1,62717.8,3464.7,3464.7,941.0,0.271596,1,p:2.2.2.2.3.1
U3430,138,FUSE0,59279.2484,59279.2484,64380.6,5101.3516,5101.3516,941.0,0.184461,1,p:1.3.5.1.1.2
U3431,138,FUSE1,59369.1,59369.1,62951.4,3582.3,3582.3,1003.0,0.279988,1,p:2.1.3.2.2.1
U3432,138,FUSE1,59395.2484,59395.2484,63452.6,4057.3516,4057.3516,1003.0,0.247206,1,p:1.2.1.1.3.2
U3433,138,FUSE1,59486.7,59486.7,64116.2,4629.5,4629.5,1003.0,0.216654,1,p:2.3.4.2.1.1
U3434,138,FUSE1,59511.2484,59511.2484,63568.6,4057.3516,4057.3516,1003.0,0.247206,1,p:1.1.2.1.2.2
U3435,138,FUSE1,59602.7,59602.7,63183.4,3580.7,3580.7,1003.0,0.280113,1,p:2.2.5.2.3.1
U3436,138,FUSE1,59627.2484,59627.2484,64728.6,5101.3516,5101.3516,1003.0,0.196615,1,p:1.3.3.1.1.2
U3437,138,FUSE1,59718.7,59718.7,63301.0,3582.3,3582.3,1003.0,0.279988,1,p:2.1.1.2.2.1
U3438,138,FUSE1,59743.2484,59743.2484,63684.6,3941.3516,3941.3516,1003.0,0.254481,1,p:1.2.4.1.3.2
U3439,138,FUSE1,59836.3,59836.3,64465.8,4629.5,4629.5,1003.0,0.216654,1,p:2.3.2.2.1.1
U3440,138,FUSE2,59859.2484,59859.2484,63916.6,4057.3516,4057.3516,1035.4,0.255191,1,p:1.1.5.1.2.2
U3441,138,FUSE2,59952.3,59952.3,63533.0,3580.7,3580.7,1035.4,0.289161,1,p:2.2.3.2.3.1
U3442,138,FUSE2,59975.2484,59975.2484,65076.6,5101.3516,5101.3516,1035.4,0.202966,1,p:1.3.1.1.1.2
U3443,138,FUSE2,60068.3,60068.3,63765.0,3696.7,3696.7,1035.4,0.280088,1,p:2.1.4.2.2.1
U3444,138,FUSE2,60091.2484,60091.2484,64148.6,4057.3516,4057.3516,1035.4,0.255191,1,p:1.2.2.1.3.2
U3445,138,FUSE2,60184.3,60184.3,64815.4,4631.1,4631.1,1035.4,0.223575,1,p:2.3.5.2.1.1
U3446,138,FUSE2,60207.2484,60207.2484,64264.6,4057.3516,4057.3516,1035.4,0.255191,1,p:1.1.3.1.2.2
U3447,138,FUSE2,60300.3,60300.3,63881.0,3580.7,3580.7,1035.4,0.289161,1,p:2.2.1.2.3.1
U3448,138,FUSE2,60323.2484,60323.2484,65424.6,5101.3516,5101.3516,1035.4,0.202966,1,p:1.3.4.1.1.2
U3449,138,FUSE2,60416.3,60416.3,64000.2,3583.9,3583.9,1035.4,0.288903,1,p:2.1.2.2.2.1
U7350,294,FUSE0,60439.2484,60439.2484,64496.6,4057.3516,4057.3516,941.0,0.231925,1,p:1.2.5.1.3.2
U7351,294,FUSE0,60535.5,60535.5,65165.0,4629.5,4629.5,941.0,0.203262,1,p:2.3.3.2.1.1
U7352,294,FUSE0,60555.2484,60555.2484,64612.6,4057.3516,4057.3516,941.0,0.231925,1,p:1.1.1.1.2.2
U7353,294,FUSE0,60651.5,60651.5,64232.2,3580.7,3580.7,941.0,0.262798,1,p:2.2.4.2.3.1
U7354,294,FUSE0,60671.2484,60671.2484,65772.6,5101.3516,5101.3516,941.0,0.184461,1,p:1.3.2.1.1.2
U7355,294,FUSE0,60767.5,60767.5,64349.8,3582.3,3582.3,941.0,0.26268,1,p:2.1.5.2.2.1
U7356,294,FUSE0,60787.2484,60787.2484,64844.6,4057.3516,4057.3516,941.0,0.231925,1,p:1.2.3.1.3.2
U7357,294,FUSE0,60885.1,60885.1,65514.6,4629.5,4629.5,941.0,0.203262,1,p:2.3.1.2.1.1
U7358,294,FUSE0,60903.2484,60903.2484,64960.6,4057.3516,4057.3516,941.0,0.231925,1,p:1.1.4.1.2.2
U7359,294,FUSE1,61001.1,61001.1,64581.8,3580.7,3580.7,1003.0,0.280113,1,p:2.2.2.2.3.1
U7360,294,FUSE1,61019.2484,61019.2484,66120.6,5101.3516,5101.3516,1003.0,0.196615,1,p:1.3.5.1.1.2
U7361,294,FUSE1,61117.1,61117.1,64699.4,3582.3,3582.3,1003.0,0.279988,1,p:2.1.3.2.2.1
U7362,294,FUSE1,61135.2484,61135.2484,65192.6,4057.3516,4057.3516,1003.0,0.247206,1,p:1.2.1.1.3.2
U7363,294,FUSE1,61234.7,61234.7,65864.2,4629.5,4629.5,1003.0,0.216654,1,p:2.3.4.2.1.1
U7364,294,FUSE1,61251.2484,61251.2484,65308.6,4057.3516,4057.3516,1003.0,0.247206,1,p:1.1.2.1.2.2
U7365,294,FUSE1,61350.7,61350.7,64931.4,3580.7,3580.7,1003.0,0.280113,1,p:2.2.5.2.3.1
U7366,294,FUSE1,61367.2484,61367.2484,66468.6,5101.3516,5101.3516,1003.0,0.196615,1,p:1.3.3.1.1.2
U7367,294,FUSE1,61466.7,61466.7,65049.0,3582.3,3582.3,1003.0,0.279988,1,p:2.1.1.2.2.1
U7368,294,FUSE2,61483.2484,61483.2484,65540.6,4057.3516,4057.3516,1035.4,0.255191,1,p:1.2.4.1.3.2
U7369,294,FUSE2,61584.3,61584.3,66213.8,4629.5,4629.5,1035.4,0.223653,1,p:2.3.2.2.1.1
U7370,294,FUSE2,61599.2484,61599.2484,65656.6,4057.3516,4057.3516,1035.4,0.255191,1,p:1.1.5.1.2.2
U7371,294,FUSE2,61700.3,61700.3,65281.0,3580.7,3580.7,1035.4,0.289161,1,p:2.2.3.2.3.1
U7372,294,FUSE2,61715.2484,61715.2484,66816.6,5101.3516,5101.3516,1035.4,0.202966,1,p:1.3.1.1.1.2
U7373,294,FUSE2,61816.3,61816.3,65398.6,3582.3,3582.3,1035.4,0.289032,1,p:2.1.4.2.2.1
U7374,294,FUSE2,61831.2484,61831.2484,65888.6,4057.3516,4057.3516,1035.4,0.255191,1,p:1.2.2.1.3.2
U7375,294,FUSE2,61933.9,61933.9,66563.4,4629.5,4629.5,1035.4,0.223653,1,p:2.3.5.2.1.1
U7376,294,FUSE2,61947.2484,61947.2484,65630.6,3683.3516,3683.3516,1035.4,0.281103,1,p:1.1.3.2.3.1
U7428,297,FUSE0,62049.9,62049.9,66004.6,3954.7,3954.7,941.0,0.237945,1,p:2.2.1.1.2.2
U7429,297,FUSE0,62063.2484,62063.2484,67164.6,5101.3516,5101.3516,941.0,0.184461,1,p:1.3.4.1.1.2
U7430,297,FUSE0,62165.9,62165.9,65748.2,3582.3,3582.3,941.0,0.26268,1,p:2.1.2.2.2.1
U7431,297,FUSE0,62179.2484,62179.2484,66236.6,4057.3516,4057.3516,941.0,0.231925,1,p:1.2.5.1.3.2
U7432,297,FUSE0,62283.5,62283.5,66913.0,4629.5,4629.5,941.0,0.203262,1,p:2.3.1.2.1.1
U7433,297,FUSE0,62295.2484,62295.2484,66352.6,4057.3516,4057.3516,941.0,0.231925,1,p:1.1.3.1.2.2
U7434,297,FUSE0,62399.5,62399.5,65980.2,3580.7,3580.7,941.0,0.262798,1,p:2.2.4.2.3.1
U7435,297,FUSE0,62411.2484,62411.2484,67512.6,5101.3516,5101.3516,941.0,0.184461,1,p:1.3.2.1.1.2
U7436,297,FUSE1,62515.5,62515.5,66097.8,3582.3,3582.3,1003.0,0.279988,1,p:2.1.5.2.2.1
U7437,297,FUSE1,62527.2484,62527.2484,66584.6,4057.3516,4057.3516,1003.0,0.247206,1,p:1.2.1.1.3.2
U7438,297,FUSE1,62633.1,62633.1,67262.6,4629.5,4629.5,1003.0,0.216654,1,p:2.3.3.2.1.1
U7439,297,FUSE1,62643.2484,62643.2484,66700.6,4057.3516,4057.3516,1003.0,0.247206,1,p:1.1.4.1.2.2
U7440,297,FUSE1,62749.1,62749.1,66329.8,3580.7,3580.7,1003.0,0.280113,1,p:2.2.2.2.3.1
U7441,297,FUSE1,62787.9,62787.9,67860.6,5072.7,5072.7,1003.0,0.197725,1,p:1.3.5.1.1.2
U7442,297,FUSE1,62865.1,62865.1,66447.4,3582.3,3582.3,1003.0,0.279988,1,p:2.1.1.2.2.1
U7443,297,FUSE1,62903.9,62903.9,66932.6,4028.7,4028.7,1003.0,0.248964,1,p:1.2.3.1.3.2
U7444,297,FUSE2,62982.7,62982.7,67612.2,4629.5,4629.5,1035.4,0.223653,1,p:2.3.4.2.1.1
U7445,297,FUSE2,63019.9,63019.9,67048.6,4028.7,4028.7,1035.4,0.257006,1,p:1.1.2.1.2.2
U7446,297,FUSE2,63098.7,63098.7,66679.4,3580.7,3580.7,1035.4,0.289161,1,p:2.2.5.2.3.1
U7447,297,FUSE2,63135.9,63135.9,68208.6,5072.7,5072.7,1035.4,0.204112,1,p:1.3.1.1.1.2
U7448,297,FUSE2,63214.7,63214.7,66797.0,3582.3,3582.3,1035.4,0.289032,1,p:2.1.3.2.2.1
U7449,297,FUSE2,63251.9,63251.9,67280.6,4028.7,4028.7,1035.4,0.257006,1,p:1.2.4.1.3.2
U7450,297,FUSE2,63332.3,63332.3,67961.8,4629.5,4629.5,1035.4,0.223653,1,p:2.3.2.2.1.1
U7451,297,FUSE2,63367.9,63367.9,67029.0,3661.1,3661.1,1035.4,0.282811,1,p:1.1.5.2.3.1
U7452,297,FUSE2,63448.3,63448.3,68556.6,5108.3,5108.3,1035.4,0.20269,1,p:2.2.1.1.1.2
U2548,103,FUSE0,63483.9,63483.9,67396.6,3912.7,3912.7,941.0,0.240499,1,p:1.3.3.1.2.2
U2549,103,FUSE0,63564.3,63564.3,67146.6,3582.3,3582.3,941.0,0.26268,1,p:2.1.4.2.2.1
U2550,103,FUSE0,63599.9,63599.9,67628.6,4028.7,4028.7,941.0,0.233574,1,p:1.2.2.1.3.2
U2551,103,FUSE0,63680.3,63680.3,68311.4,4631.1,4631.1,941.0,0.203191,1,p:2.3.3.2.1.1
U2552,103,FUSE0,63715.9,63715.9,67744.6,4028.7,4028.7,941.0,0.233574,1,p:1.1.5.1.2.2
U2553,103,FUSE0,63796.3,63796.3,67378.6,3582.3,3582.3,941.0,0.26268,1,p:2.2.1.2.3.1
U2554,103,FUSE0,63831.9,63831.9,68904.6,5072.7,5072.7,941.0,0.185503,1,p:1.3.4.1.1.2
U2555,103,FUSE0,63912.3,63912.3,67496.2,3583.9,3583.9,941.0,0.262563,1,p:2.1.2.2.2.1
U2556,103,FUSE1,63947.9,63947.9,67976.6,4028.7,4028.7,1003.0,0.248964,1,p:1.2.3.1.3.2
U2557,103,FUSE1,64031.5,64031.5,68661.0,4629.5,4629.5,1003.0,0.216654,1,p:2.3.5.2.1.1
U2558,103,FUSE1,64063.9,64063.9,68092.6,4028.7,4028.7,1003.0,0.248964,1,p:1.1.1.1.2.2
U2559,103,FUSE1,64147.5,64147.5,67728.2,3580.7,3580.7,1003.0,0.280113,1,p:2.2.4.2.3.1
U2560,103,FUSE1,64179.9,64179.9,69252.6,5072.7,5072.7,1003.0,0.197725,1,p:1.3.2.1.1.2
U2561,103,FUSE1,64263.5,64263.5,67845.8,3582.3,3582.3,1003.0,0.279988,1,p:2.1.3.2.2.1
U2562,103,FUSE1,64295.9,64295.9,68324.6,4028.7,4028.7,1003.0,0.248964,1,p:1.2.5.1.3.2
U2563,103,FUSE1,64381.1,64381.1,69010.6,4629.5,4629.5,1003.0,0.216654,1,p:2.3.1.2.1.1
U2564,103,FUSE2,64411.9,64411.9,68440.6,4028.7,4028.7,1035.4,0.257006,1,p:1.1.4.1.2.2
U2565,103,FUSE2,64497.1,64497.1,68077.8,3580.7,3580.7,1035.4,0.289161,1,p:2.2.2.2.3.1
U2566,103,FUSE2,64527.9,64527.9,69600.6,5072.7,5072.7,1035.4,0.204112,1,p:1.3.3.1.1.2
U2567,103,FUSE2,64613.1,64613.1,68195.4,3582.3,3582.3,1035.4,0.289032,1,p:2.1.5.2.2.1
U2568,103,FUSE2,64643.9,64643.9,68672.6,4028.7,4028.7,1035.4,0.257006,1,p:1.2.1.1.3.2
U2569,103,FUSE2,64730.7,64730.7,69360.2,4629.5,4629.5,1035.4,0.223653,1,p:2.3.4.2.1.1
U2570,103,FUSE2,64759.9,64759.9,68788.6,4028.7,4028.7,1035.4,0.257006,1,p:1.1.2.1.2.2
U2571,103,FUSE2,64846.7,64846.7,68545.0,3698.3,3698.3,1035.4,0.279966,1,p:2.2.3.2.2.1
U5329,213,FUSE0,64875.9,64875.9,68427.4,3551.5,3551.5,941.0,0.264958,1,p:1.3.5.2.3.1
U5330,213,FUSE0,64962.7,64962.7,69948.6,4985.9,4985.9,941.0,0.188732,1,p:2.1.1.1.1.2
U5331,213,FUSE0,64991.9,64991.9,69020.6,4028.7,4028.7,941.0,0.233574,1,p:1.2.4.1.3.2
U5332,213,FUSE0,65080.3,65080.3,69712.2,4631.9,4631.9,941.0,0.203156,1,p:2.3.2.2.1.1
U5333,213,FUSE0,65107.9,65107.9,69136.6,4028.7,4028.7,941.0,0.233574,1,p:1.1.5.1.2.2
U5334,213,FUSE0,65196.3,65196.3,68777.0,3580.7,3580.7,941.0,0.262798,1,p:2.2.1.2.3.1
U5335,213,FUSE0,65223.9,65223.9,70180.6,4956.7,4956.7,941.0,0.189844,1,p:1.3.3.1.1.2
U5336,213,FUSE0,65312.3,65312.3,68894.6,3582.3,3582.3,941.0,0.26268,1,p:2.1.4.2.2.1
U5337,213,FUSE0,65339.9,65339.9,69368.6,4028.7,4028.7,941.0,0.233574,1,p:1.2.2.1.3.2
U5338,213,FUSE1,65429.9,65429.9,69994.3484,4564.4484,4564.4484,1003.0,0.219742,1,p:2.3.5.2.1.1
U5339,213,FUSE1,65455.9,65455.9,69484.6,4028.7,4028.7,1003.0,0.248964,1,p:1.1.1.1.2.2
U5340,213,FUSE1,65545.9,65545.9,69126.6,3580.7,3580.7,1003.0,0.280113,1,p:2.2.3.2.3.1
U5341,213,FUSE1,65571.9,65571.9,70644.6,5072.7,5072.7,1003.0,0.197725,1,p:1.3.4.1.1.2
U5342,213,FUSE1,65661.9,65661.9,69244.2,3582.3,3582.3,1003.0,0.279988,1,p:2.1.2.2.2.1
U5343,213,FUSE1,65687.9,65687.9,69716.6,4028.7,4028.7,1003.0,0.248964,1,p:1.2.5.1.3.2
U5344,213,FUSE1,65779.5,65779.5,70343.9484,4564.4484,4564.4484,1003.0,0.219742,1,p:2.3.1.2.1.1
U5345,213,FUSE1,65803.9,65803.9,69832.6,4028.7,4028.7,1003.0,0.248964,1,p:1.1.3.1.2.2
U5346,213,FUSE1,65895.5,65895.5,69476.2,3580.7,3580.7,1003.0,0.280113,1,p:2.2.4.2.3.1
U5347,213,FUSE2,65919.9,65919.9,70992.6,5072.7,5072.7,1035.4,0.204112,1,p:1.3.2.1.1.2
U5348,213,FUSE2,66011.5,66011.5,69596.2,3584.7,3584.7,1035.4,0.288839,1,p:2.1.5.2.2.1
U5349,213,FUSE2,66035.9,66035.9,70064.6,4028.7,4028.7,1035.4,0.257006,1,p:1.2.1.1.3.2
U5350,213,FUSE2,66129.1,66129.1,70741.0,4611.9,4611.9,1035.4,0.224506,1,p:2.3.3.2.1.1
U5351,213,FUSE2,66151.9,66151.9,70296.6,4144.7,4144.7,1035.4,0.249813,1,p:1.1.4.1.2.2
U5352,213,FUSE2,66245.1,66245.1,69828.2,3583.1,3583.1,1035.4,0.288968,1,p:2.2.2.2.3.1
U5353,213,FUSE2,66267.9,66267.9,70528.6,4260.7,4260.7,1035.4,0.243012,1,p:1.3.5.1.2.2
U5354,213,FUSE2,66361.1,66361.1,71090.6,4729.5,4729.5,1035.4,0.218924,1,p:2.1.1.2.1.1
U5355,213,FUSE2,66383.9,66383.9,70412.6,4028.7,4028.7,1035.4,0.257006,1,p:1.2.3.1.3.2
U5356,213,FUSE2,66478.7,66478.7,70110.3484,3631.6484,3631.6484,1035.4,0.285105,1,p:2.3.4.2.2.1
U5357,213,FUSE2,66499.9,66499.9,71479.0,4979.1,4979.1,1035.4,0.207949,1,p:1.1.2.1.1.2
U2623,106,FUSE0,66594.7,66594.7,70226.3484,3631.6484,3631.6484,941.0,0.259111,1,p:2.2.5.2.3.1
U2624,106,FUSE0,66615.9,66615.9,70876.6,4260.7,4260.7,941.0,0.220856,1,p:1.3.1.1.2.2
U2625,106,FUSE0,66710.7,66710.7,71324.2,4613.5,4613.5,941.0,0.203967,1,p:2.1.3.2.1.1
U2626,106,FUSE0,66731.9,66731.9,70760.6,4028.7,4028.7,941.0,0.233574,1,p:1.2.4.1.3.2
U2627,106,FUSE0,66828.3,66828.3,70625.0,3796.7,3796.7,941.0,0.247847,1,p:2.3.2.2.2.1
U2628,106,FUSE0,66847.9,66847.9,71722.3484,4874.4484,4874.4484,941.0,0.193047,1,p:1.1.5.1.1.2
U2629,106,FUSE0,66944.3,66944.3,70509.0,3564.7,3564.7,941.0,0.263977,1,p:2.2.1.2.3.1
U2630,106,FUSE0,66963.9,66963.9,71224.6,4260.7,4260.7,941.0,0.220856,1,p:1.3.3.1.2.2
U2631,106,FUSE1,67060.3,67060.3,71567.5484,4507.2484,4507.2484,1003.0,0.22253,1,p:2.1.4.2.1.1
U2632,106,FUSE1,67079.9,67079.9,71108.6,4028.7,4028.7,1003.0,0.248964,1,p:1.2.2.1.3.2
U2633,106,FUSE1,67177.9,67177.9,70974.6,3796.7,3796.7,1003.0,0.264177,1,p:2.3.5.2.2.1
U2634,106,FUSE1,67195.9,67195.9,72071.9484,4876.0484,4876.0484,1003.0,0.205699,1,p:1.1.1.1.1.2
U2635,106,FUSE1,67293.9,67293.9,70858.6,3564.7,3564.7,1003.0,0.28137,1,p:2.2.3.2.3.1
U2636,106,FUSE1,67311.9,67311.9,71595.0,4283.1,4283.1,1003.0,0.234176,1,p:1.3.4.1.2.2
U2637,106,FUSE1,67409.9,67409.9,71917.1484,4507.2484,4507.2484,1003.0,0.22253,1,p:2.1.2.2.1.1
U2638,106,FUSE1,67427.9,67427.9,71363.0,3935.1,3935.1,1003.0,0.254886,1,p:1.2.5.1.3.2
U2639,106,FUSE2,67527.5,67527.5,71440.2,3912.7,3912.7,1035.4,0.264625,1,p:2.3.1.2.2.1
U2640,106,FUSE2,67543.9,67543.9,72421.5484,4877.6484,4877.6484,1035.4,0.212274,1,p:1.1.3.1.1.2
U2641,106,FUSE2,67643.5,67643.5,71208.2,3564.7,3564.7,1035.4,0.290459,1,p:2.2.4.2.3.1
U2642,106,FUSE2,67659.9,67659.9,71954.3484,4294.4484,4294.4484,1035.4,0.241102,1,p:1.3.2.1.2.2
U2643,106,FUSE2,67759.5,67759.5,72266.7484,4507.2484,4507.2484,1035.4,0.229719,1,p:2.1.5.2.1.1
U2644,106,FUSE2,67775.9,67775.9,71838.3484,4062.4484,4062.4484,1035.4,0.254871,1,p:1.2.1.1.3.2
U2645,106,FUSE2,67877.1,67877.1,71799.5484,3922.4484,3922.4484,1035.4,0.263968,1,p:2.3.3.2.2.1
U2646,106,FUSE2,67891.9,67891.9,72771.1484,4879.2484,4879.2484,1035.4,0.212205,1,p:1.1.4.1.1.2
U2647,106,FUSE2,67993.1,67993.1,72616.3484,4623.2484,4623.2484,1035.4,0.223955,1,p:2.2.2.2.1.1
U3399,137,FUSE0,68007.9,68007.9,71683.5484,3675.6484,3675.6484,941.0,0.256009,1,p:1.3.5.2.3.1
U3400,137,FUSE0,68109.1,68109.1,72303.9484,4194.8484,4194.8484,941.0,0.224323,1,p:2.1.1.1.2.2
U3401,137,FUSE0,68123.9,68123.9,72187.9484,4064.0484,4064.0484,941.0,0.231543,1,p:1.2.3.1.3.2
U3402,137,FUSE0,68226.7,68226.7,72149.1484,3922.4484,3922.4484,941.0,0.239901,1,p:2.3.4.2.2.1
U3403,137,FUSE0,68239.9,68239.9,73120.7484,4880.8484,4880.8484,941.0,0.192794,1,p:1.1.5.1.1.2
U3404,137,FUSE0,68342.7,68342.7,72033.1484,3690.4484,3690.4484,941.0,0.254983,1,p:2.2.1.2.3.1
U3405,137,FUSE0,68355.9,68355.9,72653.5484,4297.6484,4297.6484,941.0,0.218957,1,p:1.3.2.1.2.2
U3406,137,FUSE0,68458.7,68458.7,72965.9484,4507.2484,4507.2484,941.0,0.208775,1,p:2.1.3.2.1.1
U3407,137,FUSE1,68471.9,68471.9,72537.5484,4065.6484,4065.6484,1003.0,0.246701,1,p:1.2.4.1.3.2
U3408,137,FUSE1,68576.3,68576.3,72498.7484,3922.4484,3922.4484,1003.0,0.255708,1,p:2.3.5.2.2.1
U3409,137,FUSE1,68587.9,68587.9,73470.3484,4882.4484,4882.4484,1003.0,0.20543,1,p:1.1.1.1.1.2
U3410,137,FUSE1,68692.3,68692.3,72382.7484,3690.4484,3690.4484,1003.0,0.271783,1,p:2.2.2.2.3.1
U3411,137,FUSE1,68703.9,68703.9,73003.1484,4299.2484,4299.2484,1003.0,0.233297,1,p:1.3.3.1.2.2
U3412,137,FUSE1,68808.3,68808.3,73315.5484,4507.2484,4507.2484,1003.0,0.22253,1,p:2.1.4.2.1.1
U3413,137,FUSE1,68819.9,68819.9,72887.1484,4067.2484,4067.2484,1003.0,0.246604,1,p:1.2.5.1.3.2
U3414,137,FUSE2,68925.9,68925.9,72848.3484,3922.4484,3922.4484,1035.4,0.263968,1,p:2.3.1.2.2.1
U3415,137,FUSE2,68935.9,68935.9,73819.9484,4884.0484,4884.0484,1035.4,0.211996,1,p:1.1.2.1.1.2
U3416,137,FUSE2,69041.9,69041.9,72732.3484,3690.4484,3690.4484,1035.4,0.280562,1,p:2.2.3.2.3.1
U3417,137,FUSE2,69051.9,69051.9,73352.7484,4300.8484,4300.8484,1035.4,0.240743,1,p:1.3.4.1.2.2
U3418,137,FUSE2,69157.9,69157.9,73665.1484,4507.2484,4507.2484,1035.4,0.229719,1,p:2.1.5.2.1.1
U3419,137,FUSE2,69167.9,69167.9,73236.7484,4068.8484,4068.8484,1035.4,0.25447,1,p:1.2.1.1.3.2
U3420,137,FUSE2,69275.5,69275.5,73197.9484,3922.4484,3922.4484,1035.4,0.263968,1,p:2.3.2.2.2.1
U3421,137,FUSE2,69283.9,69283.9,74169.5484,4885.6484,4885.6484,1035.4,0.211927,1,p:1.1.3.1.1.2
U1639,66,FUSE0,69391.5,69391.5,73081.9484,3690.4484,3690.4484,941.0,0.254983,1,p:2.2.4.2.3.1
U1640,66,FUSE0,69399.9,69399.9,73702.3484,4302.4484,4302.4484,941.0,0.218713,1,p:1.3.5.1.2.2
U1641,66,FUSE0,69507.5,69507.5,74014.7484,4507.2484,4507.2484,941.0,0.208775,1,p:2.1.1.2.1.1
U1642,66,FUSE0,69515.9,69515.9,73586.3484,4070.4484,4070.4484,941.0,0.231178,1,p:1.2.2.1.3.2
U1643,66,FUSE0,69627.5,69627.5,73547.5484,3920.0484,3920.0484,941.0,0.240048,1,p:2.3.3.2.2.1
U1644,66,FUSE0,69631.9,69631.9,74519.1484,4887.2484,4887.2484,941.0,0.192542,1,p:1.1.4.1.1.2
U1645,66,FUSE0,69743.5,69743.5,73431.5484,3688.0484,3688.0484,941.0,0.255148,1,p:2.2.5.2.3.1
U1646,66,FUSE0,69747.9,69747.9,74051.9484,4304.0484,4304.0484,941.0,0.218631,1,p:1.3.1.1.2.2
U1647,66,FUSE1,69859.5,69859.5,74364.3484,4504.8484,4504.8484,1003.0,0.222649,1,p:2.1.2.2.1.1
U1648,66,FUSE1,69863.9,69863.9,73935.9484,4072.0484,4072.0484,1003.0,0.246313,1,p:1.2.3.1.3.2
U1649,66,FUSE1,69979.9,69979.9,73897.1484,3917.2484,3917.2484,1003.0,0.256047,1,p:2.3.4.2.2.1
U1650,66,FUSE1,70025.6484,70025.6484,74868.7484,4843.1,4843.1,1003.0,0.207099,1,p:1.1.5.1.1.2
U1651,66,FUSE1,70095.9,70095.9,73781.1484,3685.2484,3685.2484,1003.0,0.272166,1,p:2.2.1.2.3.1
U1652,66,FUSE1,70141.6484,70141.6484,74401.5484,4259.9,4259.9,1003.0,0.235452,1,p:1.3.2.1.2.2
U1653,66,FUSE1,70211.9,70211.9,74713.9484,4502.0484,4502.0484,1003.0,0.222787,1,p:2.1.3.2.1.1
U1654,66,FUSE1,70257.6484,70257.6484,74285.5484,4027.9,4027.9,1003.0,0.249013,1,p:1.2.4.1.3.2
U1655,66,FUSE2,70327.9,70327.9,74246.7484,3918.8484,3918.8484,1035.4,0.26421,1,p:2.3.5.2.2.1
U1656,66,FUSE2,70375.2484,70375.2484,75218.3484,4843.1,4843.1,1035.4,0.213789,1,p:1.1.1.1.1.2
U1657,66,FUSE2,70443.9,70443.9,74130.7484,3686.8484,3686.8484,1035.4,0.280836,1,p:2.2.2.2.3.1
U1658,66,FUSE2,70540.3,70540.3,74751.1484,4210.8484,4210.8484,1035.4,0.245889,1,p:1.3.3.1.2.2
U1659,66,FUSE2,70559.9,70559.9,75063.5484,4503.6484,4503.6484,1035.4,0.229902,1,p:2.1.4.2.1.1
U1660,66,FUSE2,70656.3,70656.3,74635.1484,3978.8484,3978.8484,1035.4,0.260226,1,p:1.2.5.1.3.2
U1661,66,FUSE2,70675.9,70675.9,74596.3484,3920.4484,3920.4484,1035.4,0.264102,1,p:2.3.1.2.2.1
U1662,66,FUSE2,70772.3,70772.3,74480.3484,3708.0484,3708.0484,1035.4,0.27923,1,p:1.1.2.2.3.1
U126,6,FUSE0,70791.9,70791.9,75567.9484,4776.0484,4776.0484,941.0,0.197025,1,p:2.2.3.1.1.2
U127,6,FUSE0,70889.9,70889.9,75100.7484,4210.8484,4210.8484,941.0,0.22347,1,p:1.3.4.1.2.2
U128,6,FUSE0,70907.9,70907.9,75413.1484,4505.2484,4505.2484,941.0,0.208868,1,p:2.1.5.2.1.1
U129,6,FUSE0,71005.9,71005.9,74984.7484,3978.8484,3978.8484,941.0,0.236501,1,p:1.2.1.1.3.2
U130,6,FUSE0,71023.9,71023.9,74945.9484,3922.0484,3922.0484,941.0,0.239926,1,p:2.3.3.2.2.1
U131,6,FUSE0,71121.9,71121.9,75917.5484,4795.6484,4795.6484,941.0,0.19622,1,p:1.1.2.1.1.2
U132,6,FUSE0,71139.9,71139.9,74829.9484,3690.0484,3690.0484,941.0,0.25501,1,p:2.2.4.2.3.1
U133,6,FUSE1,71239.5,71239.5,75450.3484,4210.8484,4210.8484,1003.0,0.238194,1,p:1.3.5.1.2.2
U134,6,FUSE1,71255.9,71255.9,75762.7484,4506.8484,4506.8484,1003.0,0.22255,1,p:2.1.1.2.1.1
U135,6,FUSE1,71355.5,71355.5,75334.3484,3978.8484,3978.8484,1003.0,0.252083,1,p:1.2.3.1.3.2
U136,6,FUSE1,71394.3,71394.3,75295.5484,3901.2484,3901.2484,1003.0,0.257097,1,p:2.3.2.2.2.1
U137,6,FUSE1,71471.5,71471.5,76267.1484,4795.6484,4795.6484,1003.0,0.209148,1,p:1.1.4.1.1.2
U138,6,FUSE1,71510.3,71510.3,75179.5484,3669.2484,3669.2484,1003.0,0.273353,1,p:2.2.5.2.3.1
U139,6,FUSE1,71598.8484,71598.8484,75799.9484,4201.1,4201.1,1003.0,0.238747,1,p:1.3.1.1.2.2
U140,6,FUSE2,71626.3,71626.3,76112.3484,4486.0484,4486.0484,1035.4,0.230804,1,p:2.1.3.2.1.1
U141,6,FUSE2,71714.8484,71714.8484,75683.9484,3969.1,3969.1,1035.4,0.260865,1,p:1.2.2.1.3.2
U142,6,FUSE2,71753.6484,71753.6484,75645.1484,3891.5,3891.5,1035.4,0.266067,1,p:2.3.4.2.2.1
U143,6,FUSE2,71830.8484,71830.8484,76616.7484,4785.9,4785.9,1035.4,0.216344,1,p:1.1.5.1.1.2
U144,6,FUSE2,71869.6484,71869.6484,75529.1484,3659.5,3659.5,1035.4,0.282935,1,p:2.2.1.2.3.1
U145,6,FUSE2,71948.4484,71948.4484,76149.5484,4201.1,4201.1,1035.4,0.246459,1,p:1.3.3.1.2.2
U146,6,FUSE2,71985.6484,71985.6484,76461.9484,4476.3,4476.3,1035.4,0.231307,1,p:2.1.2.2.1.1
U147,6,FUSE2,72064.4484,72064.4484,76033.5484,3969.1,3969.1,1035.4,0.260865,1,p:1.2.4.1.3.2
U5854,234,FUSE0,72103.2484,72103.2484,75994.7484,3891.5,3891.5,941.0,0.241809,1,p:2.3.5.2.2.1
U5855,234,FUSE0,72180.4484,72180.4484,76966.3484,4785.9,4785.9,941.0,0.196619,1,p:1.1.1.1.1.2
U5856,234,FUSE0,72219.2484,72219.2484,75878.7484,3659.5,3659.5,941.0,0.257139,1,p:2.2.3.2.3.1
U5857,234,FUSE0,72298.0484,72298.0484,76499.1484,4201.1,4201.1,941.0,0.223989,1,p:1.3.2.1.2.2
U5858,234,FUSE0,72335.2484,72335.2484,76811.5484,4476.3,4476.3,941.0,0.210218,1,p:2.1.4.2.1.1
U5859,234,FUSE0,72414.0484,72414.0484,76383.1484,3969.1,3969.1,941.0,0.237081,1,p:1.2.5.1.3.2
U5860,234,FUSE0,72452.8484,72452.8484,76344.3484,3891.5,3891.5,941.0,0.241809,1,p:2.3.1.2.2.1
U5861,234,FUSE0,72530.0484,72530.0484,77315.9484,4785.9,4785.9,941.0,0.196619,1,p:1.1.3.1.1.2
U5862,234,FUSE1,72568.8484,72568.8484,76228.3484,3659.5,3659.5,1003.0,0.274081,1,p:2.2.2.2.3.1
U5863,234,FUSE1,72647.6484,72647.6484,76848.7484,4201.1,4201.1,1003.0,0.238747,1,p:1.3.4.1.2.2
U5864,234,FUSE1,72684.8484,72684.8484,77161.1484,4476.3,4476.3,1003.0,0.224069,1,p:2.1.5.2.1.1
U5865,234,FUSE1,72763.6484,72763.6484,76732.7484,3969.1,3969.1,1003.0,0.252702,1,p:1.2.1.1.3.2
U5866,234,FUSE1,72802.4484,72802.4484,76693.9484,3891.5,3891.5,1003.0,0.257741,1,p:2.3.3.2.2.1
U5867,234,FUSE1,72879.6484,72879.6484,77665.5484,4785.9,4785.9,1003.0,0.209574,1,p:1.1.2.1.1.2
U5868,234,FUSE1,72918.4484,72918.4484,76577.9484,3659.5,3659.5,1003.0,0.274081,1,p:2.2.4.2.3.1
U5869,234,FUSE1,72997.2484,72997.2484,77198.3484,4201.1,4201.1,1003.0,0.238747,1,p:1.3.5.1.2.2
U5870,234,FUSE2,73034.4484,73034.4484,77510.7484,4476.3,4476.3,1035.4,0.231307,1,p:2.1.1.2.1.1
U5871,234,FUSE2,73113.2484,73113.2484,77082.3484,3969.1,3969.1,1035.4,0.260865,1,p:1.2.3.1.3.2
U5872,234,FUSE2,73152.0484,73152.0484,77043.5484,3891.5,3891.5,1035.4,0.266067,1,p:2.3.2.2.2.1
U5873,234,FUSE2,73229.2484,73229.2484,78015.1484,4785.9,4785.9,1035.4,0.216344,1,p:1.1.4.1.1.2
U5874,234,FUSE2,73268.0484,73268.0484,76927.5484,3659.5,3659.5,1035.4,0.282935,1,p:2.2.5.2.3.1
U5875,234,FUSE2,73346.8484,73346.8484,77431.9484,4085.1,4085.1,1035.4,0.253458,1,p:1.3.1.1.2.2
U5876,234,FUSE2,73384.0484,73384.0484,77860.3484,4476.3,4476.3,1035.4,0.231307,1,p:2.1.3.2.1.1
U5877,234,FUSE2,73462.8484,73462.8484,78364.7484,4901.9,4901.9,1035.4,0.211224,1,p:1.2.2.1.1.2
U8569,343,FUSE0,73501.6484,73501.6484,77547.9484,4046.3,4046.3,941.0,0.232558,1,p:2.3.4.1.3.2
U8570,343,FUSE0,73578.8484,73578.8484,77277.1484,3698.3,3698.3,941.0,0.254441,1,p:1.1.5.2.2.1
U8571,343,FUSE0,73617.6484,73617.6484,77393.1484,3775.5,3775.5,941.0,0.249239,1,p:2.2.1.2.3.1
U8572,343,FUSE0,73696.4484,73696.4484,77781.5484,4085.1,4085.1,941.0,0.230349,1,p:1.3.3.1.2.2
U8573,343,FUSE0,73733.6484,73733.6484,78209.9484,4476.3,4476.3,941.0,0.210218,1,p:2.1.4.2.1.1
U8574,343,FUSE0,73812.4484,73812.4484,77897.5484,4085.1,4085.1,941.0,0.230349,1,p:1.2.5.1.3.2
U8575,343,FUSE1,73851.2484,73851.2484,77626.7484,3775.5,3775.5,1003.0,0.26566,1,p:2.3.2.2.2.1
U8576,343,FUSE1,73928.4484,73928.4484,78714.3484,4785.9,4785.9,1003.0,0.209574,1,p:1.1.1.1.1.2
U8577,343,FUSE1,73967.2484,73967.2484,77742.7484,3775.5,3775.5,1003.0,0.26566,1,p:2.2.3.2.3.1
U8578,343,FUSE1,74046.0484,74046.0484,78131.1484,4085.1,4085.1,1003.0,0.245526,1,p:1.3.4.1.2.2
U8579,343,FUSE1,74083.2484,74083.2484,78559.5484,4476.3,4476.3,1003.0,0.224069,1,p:2.1.5.2.1.1
U8580,343,FUSE1,74162.0484,74162.0484,78247.1484,4085.1,4085.1,1003.0,0.245526,1,p:1.2.2.1.3.2
U8581,343,FUSE2,74200.8484,74200.8484,77976.3484,3775.5,3775.5,1035.4,0.274242,1,p:2.3.1.2.2.1
U8582,343,FUSE2,74278.0484,74278.0484,79063.9484,4785.9,4785.9,1035.4,0.216344,1,p:1.1.3.1.1.2
U8583,343,FUSE2,74316.8484,74316.8484,78092.3484,3775.5,3775.5,1035.4,0.274242,1,p:2.2.4.2.3.1
U8584,343,FUSE2,74395.6484,74395.6484,78480.7484,4085.1,4085.1,1035.4,0.253458,1,p:1.3.5.1.2.2
U8585,343,FUSE2,74432.8484,74432.8484,78909.1484,4476.3,4476.3,1035.4,0.231307,1,p:2.1.2.2.1.1
U8586,343,FUSE2,74511.6484,74511.6484,78596.7484,4085.1,4085.1,1035.4,0.253458,1,p:1.2.1.1.3.2
U8587,343,FUSE2,74550.4484,74550.4484,78441.9484,3891.5,3891.5,1035.4,0.266067,1,p:2.3.3.2.3.1
U148,7,FUSE0,74627.6484,74627.6484,78325.9484,3698.3,3698.3,941.0,0.254441,1,p:1.1.4.2.2.1
U149,7,FUSE0,74666.4484,74666.4484,79413.5484,4747.1,4747.1,941.0,0.198226,1,p:2.2.5.1.1.2
U150,7,FUSE0,74745.2484,74745.2484,78830.3484,4085.1,4085.1,941.0,0.230349,1,p:1.3.2.1.2.2
U151,7,FUSE0,74782.4484,74782.4484,79258.7484,4476.3,4476.3,941.0,0.210218,1,p:2.1.1.2.1.1
U152,7,FUSE0,74861.2484,74861.2484,78946.3484,4085.1,4085.1,941.0,0.230349,1,p:1.2.4.1.3.2
U153,7,FUSE0,74900.0484,74900.0484,78675.5484,3775.5,3775.5,941.0,0.249239,1,p:2.3.5.2.2.1
U154,7,FUSE0,74977.2484,74977.2484,79763.1484,4785.9,4785.9,941.0,0.196619,1,p:1.1.3.1.1.2
U155,7,FUSE0,75016.0484,75016.0484,78791.5484,3775.5,3775.5,941.0,0.249239,1,p:2.2.2.2.3.1
U156,7,FUSE0,75094.8484,75094.8484,79179.9484,4085.1,4085.1,941.0,0.230349,1,p:1.3.1.1.2.2
U157,7,FUSE1,75132.0484,75132.0484,79608.3484,4476.3,4476.3,1003.0,0.224069,1,p:2.1.4.2.1.1
U158,7,FUSE1,75210.8484,75210.8484,79295.9484,4085.1,4085.1,1003.0,0.245526,1,p:1.2.5.1.3.2
U159,7,FUSE1,75249.6484,75249.6484,79025.1484,3775.5,3775.5,1003.0,0.26566,1,p:2.3.3.2.2.1
U160,7,FUSE1,75326.8484,75326.8484,80227.1484,4900.3,4900.3,1003.0,0.204681,1,p:1.1.2.1.1.2
U161,7,FUSE1,75365.6484,75365.6484,79141.1484,3775.5,3775.5,1003.0,0.26566,1,p:2.2.1.2.3.1
U162,7,FUSE1,75444.4484,75444.4484,79529.5484,4085.1,4085.1,1003.0,0.245526,1,p:1.3.4.1.2.2
U163,7,FUSE1,75481.6484,75481.6484,79957.9484,4476.3,4476.3,1003.0,0.224069,1,p:2.1.5.2.1.1
U164,7,FUSE1,75560.4484,75560.4484,79645.5484,4085.1,4085.1,1003.0,0.245526,1,p:1.2.3.1.3.2
U165,7,FUSE1,75599.2484,75599.2484,79374.7484,3775.5,3775.5,1003.0,0.26566,1,p:2.3.2.2.2.1
U166,7,FUSE2,75676.4484,75676.4484,80462.3484,4785.9,4785.9,1035.4,0.216344,1,p:1.1.1.1.1.2
U167,7,FUSE2,75715.2484,75715.2484,79490.7484,3775.5,3775.5,1035.4,0.274242,1,p:2.2.4.2.3.1
U168,7,FUSE2,75794.0484,75794.0484,79995.1484,4201.1,4201.1,1035.4,0.246459,1,p:1.3.5.1.2.2
U169,7,FUSE2,75831.2484,75831.2484,80321.0,4489.7516,4489.7516,1035.4,0.230614,1,p:2.1.3.2.1.1
U170,7,FUSE2,75910.0484,75910.0484,79879.1484,3969.1,3969.1,1035.4,0.260865,1,p:1.2.2.1.3.2
U171,7,FUSE2,75948.8484,75948.8484,79724.3484,3775.5,3775.5,1035.4,0.274242,1,p:2.3.1.2.2.1
U172,7,FUSE2,76026.0484,76026.0484,80343.1484,4317.1,4317.1,1035.4,0.239837,1,p:1.1.4.1.3.2
U173,7,FUSE2,76064.8484,76064.8484,80073.9484,4009.1,4009.1,1035.4,0.258262,1,p:2.2.5.2.3.1
U174,7,FUSE2,76143.6484,76143.6484,80669.0,4525.3516,4525.3516,1035.4,0.2288,1,p:1.3.3.2.1.1
U4649,186,FUSE0,76180.8484,76180.8484,80111.1484,3930.3,3930.3,941.0,0.239422,1,p:2.1.2.1.2.2
U4650,186,FUSE0,76259.6484,76259.6484,81091.0,4831.3516,4831.3516,941.0,0.19477,1,p:1.2.1.1.1.2
U4651,186,FUSE0,76298.4484,76298.4484,80205.0,3906.5516,3906.5516,941.0,0.240877,1,p:2.3.4.2.2.1
U4652,186,FUSE0,76375.6484,76375.6484,80694.3484,4318.7,4318.7,941.0,0.21789,1,p:1.1.5.1.2.2
U4653,186,FUSE0,76414.4484,76414.4484,81017.0,4602.5516,4602.5516,941.0,0.204452,1,p:2.2.2.2.1.1
U4654,186,FUSE0,76493.2484,76493.2484,80578.3484,4085.1,4085.1,941.0,0.230349,1,p:1.3.3.1.3.2
U4655,186,FUSE0,76530.4484,76530.4484,80437.0,3906.5516,3906.5516,941.0,0.240877,1,p:2.1.1.2.3.1
U4656,186,FUSE0,76609.2484,76609.2484,81440.6,4831.3516,4831.3516,941.0,0.19477,1,p:1.2.4.1.1.2
U4657,186,FUSE1,76648.0484,76648.0484,81365.0,4716.9516,4716.9516,1003.0,0.212637,1,p:2.3.5.2.1.1
U4658,186,FUSE1,76725.2484,76725.2484,80859.0,4133.7516,4133.7516,1003.0,0.242637,1,p:1.1.2.1.3.2
U4659,186,FUSE1,76764.0484,76764.0484,80553.0,3788.9516,3788.9516,1003.0,0.264717,1,p:2.2.3.2.2.1
U4660,186,FUSE1,76842.8484,76842.8484,80975.0,4132.1516,4132.1516,1003.0,0.242731,1,p:1.3.1.1.2.2
U4661,186,FUSE1,76880.0484,76880.0484,80785.0,3904.9516,3904.9516,1003.0,0.256853,1,p:2.1.4.2.3.1
U4662,186,FUSE1,76958.8484,76958.8484,81208.6,4249.7516,4249.7516,1003.0,0.236014,1,p:1.2.5.1.3.2
U4663,186,FUSE1,76997.6484,76997.6484,80901.0,3903.3516,3903.3516,1003.0,0.256959,1,p:2.3.2.2.2.1
U4664,186,FUSE1,77074.8484,77074.8484,81790.2,4715.3516,4715.3516,1003.0,0.212709,1,p:1.1.3.1.1.2
U4665,186,FUSE2,77113.6484,77113.6484,81713.0,4599.3516,4599.3516,1035.4,0.225119,1,p:2.2.1.2.1.1
U4666,186,FUSE2,77192.4484,77192.4484,81324.6,4132.1516,4132.1516,1035.4,0.250572,1,p:1.3.4.1.2.2
U4667,186,FUSE2,77229.6484,77229.6484,81249.0,4019.3516,4019.3516,1035.4,0.257604,1,p:2.1.5.2.2.1
U4668,186,FUSE2,77308.4484,77308.4484,82139.8,4831.3516,4831.3516,1035.4,0.214309,1,p:1.2.2.1.1.2
U4669,186,FUSE2,77347.2484,77347.2484,81133.0,3785.7516,3785.7516,1035.4,0.273499,1,p:2.3.3.2.3.1
U4670,186,FUSE2,77424.4484,77424.4484,81558.2,4133.7516,4133.7516,1035.4,0.250475,1,p:1.1.1.1.3.2
U4671,186,FUSE2,77463.2484,77463.2484,82061.0,4597.7516,4597.7516,1035.4,0.225197,1,p:2.2.4.2.1.1
U4672,186,FUSE2,77542.0484,77542.0484,81481.0,3938.9516,3938.9516,1035.4,0.262862,1,p:1.3.5.2.3.1
U4673,186,FUSE2,77579.2484,77579.2484,82489.4,4910.1516,4910.1516,1035.4,0.210869,1,p:2.1.2.1.1.2
U3139,126,FUSE0,77658.0484,77658.0484,81674.2,4016.1516,4016.1516,941.0,0.234304,1,p:1.2.3.1.2.2
U3140,126,FUSE0,77696.8484,77696.8484,81597.0,3900.1516,3900.1516,941.0,0.241273,1,p:2.3.1.2.2.1
U3141,126,FUSE0,77774.0484,77774.0484,81907.8,4133.7516,4133.7516,941.0,0.227638,1,p:1.1.4.1.3.2
U3142,126,FUSE0,77812.8484,77812.8484,82409.0,4596.1516,4596.1516,941.0,0.204737,1,p:2.2.3.2.1.1
U3143,126,FUSE0,77891.6484,77891.6484,82023.8,4132.1516,4132.1516,941.0,0.227726,1,p:1.3.5.1.2.2
U3144,126,FUSE0,77928.8484,77928.8484,81829.0,3900.1516,3900.1516,941.0,0.241273,1,p:2.1.2.2.3.1
U3145,126,FUSE0,78007.6484,78007.6484,82839.0,4831.3516,4831.3516,941.0,0.19477,1,p:1.2.1.1.1.2
U3146,126,FUSE0,78046.4484,78046.4484,81945.0,3898.5516,3898.5516,941.0,0.241372,1,p:2.3.4.2.2.1
U3147,126,FUSE1,78123.6484,78123.6484,82257.4,4133.7516,4133.7516,1003.0,0.242637,1,p:1.1.3.1.3.2
U3148,126,FUSE1,78162.4484,78162.4484,82757.0,4594.5516,4594.5516,1003.0,0.218302,1,p:2.2.5.2.1.1
U3149,126,FUSE1,78241.2484,78241.2484,82373.4,4132.1516,4132.1516,1003.0,0.242731,1,p:1.3.2.1.2.2
U3150,126,FUSE1,78278.4484,78278.4484,82177.0,3898.5516,3898.5516,1003.0,0.257275,1,p:2.1.1.2.3.1
U3151,126,FUSE1,78357.2484,78357.2484,83188.6,4831.3516,4831.3516,1003.0,0.207602,1,p:1.2.4.1.1.2
U3152,126,FUSE1,78396.0484,78396.0484,82293.0,3896.9516,3896.9516,1003.0,0.257381,1,p:2.3.3.2.2.1
U3153,126,FUSE1,78473.2484,78473.2484,82607.0,4133.7516,4133.7516,1003.0,0.242637,1,p:1.1.5.1.3.2
U3154,126,FUSE1,78512.0484,78512.0484,83105.0,4592.9516,4592.9516,1003.0,0.218378,1,p:2.2.2.2.1.1
U3155,126,FUSE2,78590.8484,78590.8484,82723.0,4132.1516,4132.1516,1035.4,0.250572,1,p:1.3.1.1.2.2
U3156,126,FUSE2,78628.0484,78628.0484,82525.0,3896.9516,3896.9516,1035.4,0.265695,1,p:2.1.4.2.3.1
U3157,126,FUSE2,78706.8484,78706.8484,83538.2,4831.3516,4831.3516,1035.4,0.214309,1,p:1.2.3.1.1.2
U3158,126,FUSE2,78745.6484,78745.6484,82641.0,3895.3516,3895.3516,1035.4,0.265804,1,p:2.3.5.2.2.1
U3159,126,FUSE2,78822.8484,78822.8484,82956.6,4133.7516,4133.7516,1035.4,0.250475,1,p:1.1.2.1.3.2
U3160,126,FUSE2,78861.6484,78861.6484,83453.0,4591.3516,4591.3516,1035.4,0.225511,1,p:2.2.1.2.1.1
U3161,126,FUSE2,78940.4484,78940.4484,83072.6,4132.1516,4132.1516,1035.4,0.250572,1,p:1.3.4.1.2.2
U3162,126,FUSE2,78977.6484,78977.6484,82873.0,3895.3516,3895.3516,1035.4,0.265804,1,p:2.1.3.2.3.1
U3163,126,FUSE2,79056.4484,79056.4484,83306.2,4249.7516,4249.7516,1035.4,0.243638,1,p:1.2.5.1.3.2
U3164,126,FUSE2,79095.2484,79095.2484,82989.0,3893.7516,3893.7516,1035.4,0.265913,1,p:2.3.2.2.2.1
U663,27,FUSE0,79172.4484,79172.4484,83887.8,4715.3516,4715.3516,941.0,0.199561,1,p:1.1.1.1.1.2
U664,27,FUSE0,79211.2484,79211.2484,83801.0,4589.7516,4589.7516,941.0,0.205022,1,p:2.2.4.2.1.1
U665,27,FUSE0,79290.0484,79290.0484,83422.2,4132.1516,4132.1516,941.0,0.227726,1,p:1.3.3.1.2.2
U666,27,FUSE0,79327.2484,79327.2484,83337.0,4009.7516,4009.7516,941.0,0.234678,1,p:2.1.5.2.2.1
U667,27,FUSE0,79406.0484,79406.0484,84351.8,4945.7516,4945.7516,941.0,0.190264,1,p:1.2.2.1.1.2
U668,27,FUSE0,79444.8484,79444.8484,83221.0,3776.1516,3776.1516,941.0,0.249196,1,p:2.3.1.2.3.1
U669,27,FUSE0,79522.0484,79522.0484,83655.8,4133.7516,4133.7516,941.0,0.227638,1,p:1.1.4.1.3.2
U670,27,FUSE0,79560.8484,79560.8484,83978.3484,4417.5,4417.5,941.0,0.213016,1,p:2.2.3.2.1.1
U671,27,FUSE0,79639.6484,79639.6484,83771.8,4132.1516,4132.1516,941.0,0.227726,1,p:1.3.5.1.2.2
U672,27,FUSE1,79676.8484,79676.8484,83569.0,3892.1516,3892.1516,1003.0,0.257698,1,p:2.1.2.2.3.1
U673,27,FUSE1,79755.6484,79755.6484,84583.8,4828.1516,4828.1516,1003.0,0.20774,1,p:1.2.1.1.1.2
U674,27,FUSE1,79794.4484,79794.4484,83685.0,3890.5516,3890.5516,1003.0,0.257804,1,p:2.3.4.2.2.1
U675,27,FUSE1,79910.4484,79910.4484,84003.8,4093.3516,4093.3516,1003.0,0.245031,1,p:1.1.3.1.3.2
U676,27,FUSE1,79989.2484,79989.2484,84512.2,4522.9516,4522.9516,1003.0,0.221758,1,p:2.2.5.2.1.1
U677,27,FUSE1,80026.4484,80026.4484,84119.8,4093.3516,4093.3516,1003.0,0.245031,1,p:1.3.2.1.2.2
U678,27,FUSE1,80105.2484,80922.1873,84238.6,4133.3516,4133.3516,1003.0,0.24266,1,p:2.1.1.2.3.1
U679,27,FUSE1,80142.4484,80142.4484,84815.8,4673.3516,4673.3516,1003.0,0.214621,1,p:1.2.4.1.1.2
U680,27,FUSE1,80236.3,81034.3873,84396.2,4159.9,4159.9,1003.0,0.241112,1,p:2.3.3.2.2.1
U681,27,FUSE2,80258.4484,80258.4484,84235.8,3977.3516,3977.3516,1035.4,0.260324,1,p:1.1.5.1.3.2
U682,27,FUSE2,80352.3,81146.5873,86788.6,6436.3,6436.3,1035.4,0.160869,1,p:2.2.2.2.1.1
U683,27,FUSE2,80374.4484,80374.4484,84467.8,4093.3516,4093.3516,1035.4,0.252947,1,p:1.3.1.1.2.2
U684,27,FUSE2,80468.3,81258.7873,84744.2,4275.9,4275.9,1035.4,0.242148,1,p:2.1.4.2.3.1
U685,27,FUSE2,80493.6484,80493.6484,85047.8,4554.1516,4554.1516,1035.4,0.227353,1,p:1.2.3.1.1.2
U686,27,FUSE2,80584.3,81370.9873,84931.8,4347.5,4347.5,1035.4,0.23816,1,p:2.3.5.2.2.2
U687,27,FUSE2,80609.6484,80609.6484,84628.2,4018.5516,4018.5516,1035.4,0.257655,1,p:1.1.2.1.3.1
U688,27,FUSE2,80700.3,81483.1873,87252.6,6552.3,6552.3,1035.4,0.158021,1,p:2.2.1.2.3.1
U689,27,FUSE2,80725.6484,80725.6484,85279.8,4554.1516,4554.1516,1035.4,0.227353,1,p:1.3.4.1.1.2
U690,27,FUSE2,80816.3,81595.3873,85511.8,4695.5,4695.5,1035.4,0.220509,1,p:2.1.3.2.1.2
U5728,229,FUSE0,80890.3,80890.3,87020.6,6130.3,6130.3,941.0,0.1535,1,p:1.2.5.1.2.1
U5729,229,FUSE0,80932.3,81707.5873,84699.8,3767.5,3767.5,941.0,0.249768,1,p:2.3.2.2.2.2
U5730,229,FUSE0,81006.3,81006.3,84883.8,3877.5,3877.5,941.0,0.242682,1,p:1.1.1.1.3.1
U5731,229,FUSE0,81048.3,81819.7873,87667.0,6618.7,6618.7,941.0,0.142173,1,p:2.2.4.2.3.2
U5732,229,FUSE0,81122.3,81122.3,85471.8,4349.5,4349.5,941.0,0.216347,1,p:1.3.3.1.1.1
U5733,229,FUSE0,81164.3,81931.9873,85743.8,4579.5,4579.5,941.0,0.205481,1,p:2.1.5.2.1.2
U5734,229,FUSE0,81239.9,81239.9,87368.6,6128.7,6128.7,941.0,0.15354,1,p:1.2.2.1.2.1
U5735,229,FUSE0,81280.3,82044.1873,85163.8,3883.5,3883.5,941.0,0.242307,1,p:2.3.1.2.2.2
U5736,229,FUSE1,81355.9,81355.9,85239.8,3883.9,3883.9,1003.0,0.258246,1,p:1.1.4.1.3.1
U5737,229,FUSE1,81396.3,82156.3873,88257.0,6860.7,6860.7,1003.0,0.146195,1,p:2.2.3.2.3.2
U5738,229,FUSE1,81471.9,81471.9,86190.3484,4718.4484,4718.4484,1003.0,0.21257,1,p:1.3.5.1.1.1
U5739,229,FUSE1,81512.3,82268.5873,85975.8,4463.5,4463.5,1003.0,0.224712,1,p:2.1.2.2.1.2
U5740,229,FUSE1,81589.5,81589.5,87905.0,6315.5,6315.5,1003.0,0.158816,1,p:1.2.1.1.2.1
U5741,229,FUSE1,81628.3,82380.7873,85395.8,3767.5,3767.5,1003.0,0.266224,1,p:2.3.4.2.2.2
U5742,229,FUSE1,81705.5,81705.5,85842.3484,4136.8484,4136.8484,1003.0,0.242455,1,p:1.1.3.1.3.1
U5743,229,FUSE1,81744.3,82492.9873,89533.0,7788.7,7788.7,1003.0,0.128776,1,p:2.2.5.2.3.2
U5744,229,FUSE2,81821.5,81821.5,85726.3484,3904.8484,3904.8484,1035.4,0.265158,1,p:1.3.2.1.1.1
U5745,229,FUSE2,81860.3,82605.1873,85355.8,3495.5,3495.5,1035.4,0.296209,1,p:2.1.1.2.2.1
U5746,229,FUSE2,81939.1,81939.1,88025.0,6085.9,6085.9,1035.4,0.170131,1,p:1.2.4.1.1.2
U5747,229,FUSE2,81976.3,82717.3873,85589.4,3613.1,3613.1,1035.4,0.286568,1,p:2.3.3.2.3.1
U5748,229,FUSE2,82055.1,82055.1,85859.8,3804.7,3804.7,1035.4,0.272137,1,p:1.1.5.1.2.2
U5749,229,FUSE2,82092.3,82829.5873,88851.8,6759.5,6759.5,1035.4,0.153177,1,p:2.2.2.2.1.1
U5750,229,FUSE2,82171.1,82171.1,85627.8,3456.7,3456.7,1035.4,0.299534,1,p:1.3.1.1.3.2
U768,31,FUSE0,82208.3,82941.7873,85958.3484,3750.0484,3750.0484,941.0,0.25093,1,p:2.1.4.2.2.1
U769,31,FUSE0,82288.7,82288.7,88373.0,6084.3,6084.3,941.0,0.15466,1,p:1.2.3.1.1.2
U770,31,FUSE0,82324.3,83053.9873,86074.3484,3750.0484,3750.0484,941.0,0.25093,1,p:2.3.5.2.3.1
U771,31,FUSE0,82404.7,82404.7,86091.8,3687.1,3687.1,941.0,0.255214,1,p:1.1.2.1.2.2
U772,31,FUSE0,82440.3,83166.1873,89594.2,7153.9,7153.9,941.0,0.131537,1,p:2.2.1.2.1.1
U773,31,FUSE0,82520.7,82520.7,86207.8,3687.1,3687.1,941.0,0.255214,1,p:1.3.4.1.3.2
U774,31,FUSE0,82556.3,83278.3873,86331.8,3775.5,3775.5,941.0,0.249239,1,p:2.1.3.2.2.1
U775,31,FUSE0,82638.3,82638.3,89185.0,6546.7,6546.7,941.0,0.143737,1,p:1.2.5.1.1.2
U776,31,FUSE1,82672.3,83390.5873,86463.4,3791.1,3791.1,1003.0,0.264567,1,p:2.3.2.2.3.1
U777,31,FUSE1,82754.3,82754.3,86323.8,3569.5,3569.5,1003.0,0.280992,1,p:1.1.1.1.2.2
U778,31,FUSE1,82788.3,83502.7873,90058.2,7269.9,7269.9,1003.0,0.137966,1,p:2.2.4.2.1.1
U779,31,FUSE1,82870.3,82870.3,86439.8,3569.5,3569.5,1003.0,0.280992,1,p:1.3.3.1.3.2
U780,31,FUSE1,82904.3,83614.9873,87136.6,4232.3,4232.3,1003.0,0.236987,1,p:2.1.5.2.2.1
U781,31,FUSE1,82987.9,82987.9,89417.0,6429.1,6429.1,1003.0,0.156009,1,p:1.2.2.1.1.2
U782,31,FUSE1,83020.3,83727.1873,86904.6,3884.3,3884.3,1003.0,0.258219,1,p:2.3.1.2.3.1
U783,31,FUSE1,83103.9,83103.9,86555.8,3451.9,3451.9,1003.0,0.290565,1,p:1.1.4.1.2.2
U784,31,FUSE2,83136.3,83839.3873,90174.2,7037.9,7037.9,1035.4,0.147118,1,p:2.2.3.2.1.1
U785,31,FUSE2,83219.9,83219.9,86787.8,3567.9,3567.9,1035.4,0.290199,1,p:1.3.5.1.3.2
U786,31,FUSE2,83252.3,83951.5873,87730.2,4477.9,4477.9,1035.4,0.231224,1,p:2.1.2.2.2.1
U787,31,FUSE2,83337.5,83337.5,89765.0,6427.5,6427.5,1035.4,0.161089,1,p:1.2.1.1.1.2
U788,31,FUSE2,83368.3,84063.7873,87484.6,4116.3,4116.3,1035.4,0.251537,1,p:2.3.4.2.3.1
U789,31,FUSE2,83453.5,83453.5,86903.8,3450.3,3450.3,1035.4,0.30009,1,p:1.1.3.1.2.2
U790,31,FUSE2,83484.3,84175.9873,90406.2,6921.9,6921.9,1035.4,0.149583,1,p:2.2.5.2.1.1
U791,31,FUSE2,83569.5,83569.5,86671.8,3102.3,3102.3,1035.4,0.333752,1,p:1.3.2.1.1.2
U3036,122,FUSE0,83600.3,84288.1873,88721.0,5120.7,5120.7,941.0,0.183764,1,p:2.1.1.1.3.2
U3037,122,FUSE0,83687.1,83687.1,89942.2,6255.1,6255.1,941.0,0.150437,1,p:1.2.4.2.2.1
U3038,122,FUSE0,83716.3,84400.3873,87600.6,3884.3,3884.3,941.0,0.242257,1,p:2.3.3.2.3.1
U3039,122,FUSE0,83803.1,83803.1,87360.6,3557.5,3557.5,941.0,0.264512,1,p:1.1.5.1.2.2
U3040,122,FUSE0,83832.3,84512.5873,91682.2,7849.9,7849.9,941.0,0.119874,1,p:2.2.1.2.1.1
U3041,122,FUSE0,83919.1,83919.1,87019.8,3100.7,3100.7,941.0,0.30348,1,p:1.3.4.1.3.2
U3042,122,FUSE0,84009.6484,84624.7873,88254.6,4244.9516,4244.9516,941.0,0.221675,1,p:2.1.2.2.2.1
U3043,122,FUSE0,84035.1,84035.1,90514.6,6479.5,6479.5,941.0,0.145227,1,p:1.2.3.1.1.2
U3044,122,FUSE0,84151.1,84736.9873,88036.6,3885.5,3885.5,941.0,0.242182,1,p:2.3.5.2.3.1
U3045,122,FUSE0,84267.1,84267.1,87535.4,3268.3,3268.3,941.0,0.287917,1,p:1.1.1.1.2.2
U3046,122,FUSE1,84269.9,84849.1873,91218.2,6948.3,6948.3,1003.0,0.144352,1,p:2.2.4.2.1.1
U3047,122,FUSE1,84383.1,84383.1,88489.0,4105.9,4105.9,1003.0,0.244283,1,p:1.3.2.1.3.2
U3048,122,FUSE1,84427.5,84961.3873,88604.2,4176.7,4176.7,1003.0,0.240142,1,p:2.1.3.2.2.1
U3049,122,FUSE1,84499.1,84499.1,90339.8,5840.7,5840.7,1003.0,0.171726,1,p:1.2.5.1.1.2
U3050,122,FUSE1,84543.5,85073.5873,88735.8,4192.3,4192.3,1003.0,0.239248,1,p:2.3.1.2.3.1
U3051,122,FUSE1,84615.1,84615.1,88141.0,3525.9,3525.9,1003.0,0.284466,1,p:1.1.4.1.2.2
U3052,122,FUSE1,84659.5,85185.7873,95742.7094,11083.2094,11083.2094,1003.0,0.090497,1,p:2.2.2.2.1.1
U3053,122,FUSE1,84731.1,84731.1,87841.8,3110.7,3110.7,1003.0,0.322435,1,p:1.3.3.1.3.2
U3054,122,FUSE1,84775.5,85297.9873,89317.4,4541.9,4541.9,1003.0,0.220833,1,p:2.1.5.2.2.1
U3055,122,FUSE1,84847.1,84847.1,91601.5094,6754.4094,6754.4094,1003.0,0.148496,1,p:1.2.1.1.1.2
U3056,122,FUSE2,84915.1,85410.1873,89085.4,4170.3,4170.3,1035.4,0.24828,1,p:2.3.4.2.3.1
U3057,122,FUSE2,84963.1,84963.1,88605.0,3641.9,3641.9,1035.4,0.284302,1,p:1.1.2.1.2.2
U3058,122,FUSE2,85079.1,85522.3873,91914.2,6835.1,6835.1,1035.4,0.151483,1,p:2.2.3.2.1.1
U3059,122,FUSE2,85195.1,85195.1,88953.0,3757.9,3757.9,1035.4,0.275526,1,p:1.3.5.1.3.2
U3060,122,FUSE2,85271.1,85634.5873,89201.4,3930.3,3930.3,1035.4,0.26344,1,p:2.1.1.2.2.1
U3061,122,FUSE2,85311.1,85311.1,91212.7094,5901.6094,5901.6094,1035.4,0.175444,1,p:1.2.4.1.1.2
U3062,122,FUSE2,85387.1,85746.7873,89826.2,4439.1,4439.1,1035.4,0.233245,1,p:2.3.2.2.3.1
U3063,122,FUSE2,85427.1,85427.1,88837.0,3409.9,3409.9,1035.4,0.303645,1,p:1.1.3.1.2.2
U3064,122,FUSE2,85503.1,85858.9873,91717.5094,6214.4094,6214.4094,1035.4,0.166613,1,p:2.2.5.1.3.2
U331,14,FUSE0,85543.1,85543.1,88394.6,2851.5,2851.5,941.0,0.330002,1,p:1.3.1.2.1.1
U332,14,FUSE0,85620.7,85971.1873,89478.2,3857.5,3857.5,941.0,0.24394,1,p:2.1.4.2.2.1
U333,14,FUSE0,85659.1,85659.1,96977.9094,11318.8094,11318.8094,941.0,0.083136,1,p:1.2.2.1.1.2
U334,14,FUSE0,85757.6484,86083.3873,89710.2,3952.5516,3952.5516,941.0,0.238074,1,p:2.3.3.2.3.1
U335,14,FUSE0,85775.1,85775.1,89069.0,3293.9,3293.9,941.0,0.28568,1,p:1.1.1.1.2.2
U336,14,FUSE0,85873.6484,86195.5873,92958.2,7084.5516,7084.5516,941.0,0.132824,1,p:2.2.5.2.1.1
U337,14,FUSE0,85891.1,85891.1,89301.0,3409.9,3409.9,941.0,0.275961,1,p:1.3.4.1.3.2
U338,14,FUSE0,85989.6484,86307.7873,93525.9094,7536.261,7536.261,941.0,0.124863,1,p:2.1.2.2.2.1
U339,14,FUSE1,86007.1,86007.1,92086.7094,6079.6094,6079.6094,1003.0,0.164978,1,p:1.2.3.1.1.2
U340,14,FUSE1,86105.6484,86419.9873,90638.2,4532.5516,4532.5516,1003.0,0.221288,1,p:2.3.1.2.3.1
U341,14,FUSE1,86123.1,86123.1,89649.0,3525.9,3525.9,1003.0,0.284466,1,p:1.1.5.1.2.2
U342,14,FUSE1,86221.6484,86532.1873,93190.2,6968.5516,6968.5516,1003.0,0.143932,1,p:2.2.4.2.1.1
U343,14,FUSE1,86239.1,86239.1,93173.5094,6934.4094,6934.4094,1003.0,0.144641,1,p:1.3.2.1.3.2
U344,14,FUSE1,86355.1,86644.3873,90522.2,4167.1,4167.1,1003.0,0.240695,1,p:2.1.3.2.2.1
U345,14,FUSE1,86363.1,86363.1,92960.7094,6597.6094,6597.6094,1003.0,0.152025,1,p:1.2.1.1.1.2
U346,14,FUSE1,86471.1,86756.5873,90290.2,3819.1,3819.1,1003.0,0.262627,1,p:2.3.5.2.3.1
U347,14,FUSE2,86494.7,86494.7,90055.4,3560.7,3560.7,1035.4,0.290786,1,p:1.1.4.1.2.2
U348,14,FUSE2,86587.1,86868.7873,98396.3094,11809.2094,11809.2094,1035.4,0.087677,1,p:2.2.2.2.1.1
U349,14,FUSE2,86703.1,86703.1,89939.4,3236.3,3236.3,1035.4,0.319933,1,p:1.3.3.1.3.2
U350,14,FUSE2,86819.1,86980.9873,91450.2,4631.1,4631.1,1035.4,0.223575,1,p:2.1.1.2.2.1
U351,14,FUSE2,86819.9,86819.9,93774.3094,6954.4094,6954.4094,1035.4,0.148884,1,p:1.2.5.1.1.2
U352,14,FUSE2,86935.1,87093.1873,90754.2,3819.1,3819.1,1035.4,0.271111,1,p:2.3.4.2.3.1
U353,14,FUSE2,86935.9,86935.9,94006.3094,7070.4094,7070.4094,1035.4,0.146441,1,p:1.1.2.1.2.2
U354,14,FUSE2,87051.1,87205.3873,92755.5094,5704.4094,5704.4094,1035.4,0.181509,1,p:2.2.3.1.3.2
U355,14,FUSE2,87051.9,87051.9,90870.2,3818.3,3818.3,1035.4,0.271168,1,p:1.3.1.2.2.1
U7051,282,FUSE0,87167.9,87317.5873,91102.2,3934.3,3934.3,941.0,0.239179,1,p:2.1.5.2.1.1
U7052,282,FUSE0,87283.9,87283.9,93890.3094,6606.4094,6606.4094,941.0,0.142437,1,p:1.2.4.1.1.2
U7053,282,FUSE0,87391.9,87429.7873,93913.7975,6521.8975,6521.8975,941.0,0.144283,1,p:2.3.2.2.3.1
U7054,282,FUSE0,87399.9,87399.9,90994.7094,3594.8094,3594.8094,941.0,0.261766,1,p:1.1.5.1.2.2
U7055,282,FUSE0,87515.9,87541.9873,94730.5975,7214.6975,7214.6975,941.0,0.130428,1,p:2.2.3.2.1.1
U7056,282,FUSE0,87566.7,87566.7,90827.9094,3261.2094,3261.2094,941.0,0.288543,1,p:1.3.1.1.3.2
U7057,282,FUSE0,87631.9,87654.1873,90986.2,3354.3,3354.3,941.0,0.280535,1,p:2.1.4.2.2.1
U7058,282,FUSE1,87698.3,87698.3,99077.1094,11378.8094,11378.8094,1003.0,0.088146,1,p:1.2.2.1.1.2
U7059,282,FUSE1,87761.5,87766.3873,91566.2,3804.7,3804.7,1003.0,0.263621,1,p:2.3.5.2.3.1
U7060,282,FUSE1,87873.1,87873.1,90645.1094,2772.0094,2772.0094,1003.0,0.361831,1,p:1.1.3.1.2.2
U7061,282,FUSE1,87936.3,87936.3,94498.5975,6562.2975,6562.2975,1003.0,0.152843,1,p:2.2.1.2.1.1
U7062,282,FUSE1,88056.3,88056.3,91485.5094,3429.2094,3429.2094,1003.0,0.292487,1,p:1.3.4.1.3.2
U7063,282,FUSE1,88067.9,88067.9,95394.7094,7326.8094,7326.8094,1003.0,0.136895,1,p:2.1.2.2.2.1
U7064,282,FUSE1,88172.3,89590.3314,96042.8,7870.5,7870.5,1003.0,0.127438,1,p:1.2.5.1.1.2
U7065,282,FUSE2,88285.9,88285.9,91334.2,3048.3,3048.3,1035.4,0.339665,1,p:2.3.3.2.3.1
U7066,282,FUSE2,88288.3,89702.5314,92348.7094,4060.4094,4060.4094,1035.4,0.254999,1,p:1.1.1.1.2.2
U7067,282,FUSE2,88404.3,88404.3,95278.7094,6874.4094,6874.4094,1035.4,0.150617,1,p:2.2.4.2.1.1
U7068,282,FUSE2,88425.9,89814.7314,95636.0,7210.1,7210.1,1035.4,0.143604,1,p:1.3.2.1.3.2
U7069,282,FUSE2,88520.3,88520.3,91798.2,3277.9,3277.9,1035.4,0.315873,1,p:2.1.5.2.2.1
U7070,282,FUSE2,88635.5,89926.9314,94966.3094,6330.8094,6330.8094,1035.4,0.163549,1,p:1.2.3.1.3.2
U7071,282,FUSE2,88636.3,88636.3,92610.2,3973.9,3973.9,1035.4,0.26055,1,p:2.3.1.2.1.1
U7072,282,FUSE2,88752.3,90039.1314,92523.5094,3771.2094,3771.2094,1035.4,0.274554,1,p:1.1.4.1.2.2
U6805,272,FUSE0,88767.1,88767.1,97932.3094,9165.2094,9165.2094,941.0,0.102671,1,p:2.2.2.2.3.1
U6806,272,FUSE0,88868.3,90151.3314,93310.3094,4442.0094,4442.0094,941.0,0.211841,1,p:1.3.5.1.1.2
U6807,272,FUSE0,88883.1,88883.1,92030.2,3147.1,3147.1,941.0,0.299005,1,p:2.1.3.2.2.1
U6808,272,FUSE0,88984.3,90263.5314,95314.3094,6330.0094,6330.0094,941.0,0.148657,1,p:1.2.1.1.3.2
U6809,272,FUSE0,89100.3,89100.3,92146.2,3045.9,3045.9,941.0,0.30894,1,p:2.3.4.2.1.1
U6810,272,FUSE0,89116.7,90375.7314,96861.9094,7745.2094,7745.2094,941.0,0.121494,1,p:1.1.2.1.2.2
U6811,272,FUSE0,89216.3,89216.3,94614.5975,5398.2975,5398.2975,941.0,0.174314,1,p:2.2.5.2.3.1
U6812,272,FUSE1,89232.7,90487.9314,92639.5094,3406.8094,3406.8094,1003.0,0.29441,1,p:1.3.3.1.1.2
U6813,272,FUSE1,89332.3,89332.3,92262.2,2929.9,2929.9,1003.0,0.342333,1,p:2.1.1.2.2.1
U6814,272,FUSE1,89348.7,90600.1314,95810.8,6462.1,6462.1,1003.0,0.155213,1,p:1.2.4.1.3.2
U6815,272,FUSE1,89448.3,89448.3,96206.7094,6758.4094,6758.4094,1003.0,0.148408,1,p:2.3.2.2.1.1
U6816,272,FUSE1,89509.5,90712.3314,93426.3094,3916.8094,3916.8094,1003.0,0.256076,1,p:1.1.5.1.2.2
U6817,272,FUSE1,89564.3,89564.3,94846.5975,5282.2975,5282.2975,1003.0,0.189879,1,p:2.2.3.2.3.1
U6818,272,FUSE2,89625.5,90824.5314,93542.3094,3916.8094,3916.8094,1035.4,0.264348,1,p:1.3.1.1.1.2
U6819,272,FUSE2,89680.3,89680.3,92378.2,2697.9,2697.9,1035.4,0.38378,1,p:2.1.4.2.2.1
U6820,272,FUSE2,89741.5,90936.7314,99773.1094,10031.6094,10031.6094,1035.4,0.103214,1,p:1.2.2.1.3.2
U6821,272,FUSE2,89796.3,89796.3,92726.2,2929.9,2929.9,1035.4,0.353391,1,p:2.3.5.2.1.1
U6822,272,FUSE2,89857.5,91048.9314,94238.3094,4380.8094,4380.8094,1035.4,0.236349,1,p:1.1.3.1.1.2
U6823,272,FUSE2,89970.7,89970.7,95082.3094,5111.6094,5111.6094,1035.4,0.202559,1,p:2.2.1.1.2.2
U6824,272,FUSE2,89973.5,91161.1314,93658.3094,3684.8094,3684.8094,1035.4,0.280991,1,p:1.3.4.1.3.2
U4702,188,FUSE0,90086.7,90086.7,96090.7094,6004.0094,6004.0094,941.0,0.156729,1,p:2.1.2.2.3.1
U4703,188,FUSE0,90089.5,91273.3314,96835.5094,6746.0094,6746.0094,941.0,0.13949,1,p:1.2.5.2.2.1
U4704,188,FUSE0,90205.5,90205.5,92494.2,2288.7,2288.7,941.0,0.41115,1,p:2.3.3.2.3.1
U4705,188,FUSE0,90321.5,91385.5314,98213.9094,7892.4094,7892.4094,941.0,0.119228,1,p:1.1.2.1.2.2
U4706,188,FUSE0,90371.1,90371.1,97175.9094,6804.8094,6804.8094,941.0,0.138285,1,p:2.2.1.2.1.1
U4707,188,FUSE0,90437.5,91497.7314,94734.3094,4296.8094,4296.8094,941.0,0.219,1,p:1.3.5.1.1.2
U4708,188,FUSE0,90545.9,90545.9,92842.2,2296.3,2296.3,941.0,0.40979,1,p:2.1.4.2.2.1
U4709,188,FUSE0,90553.5,91609.9314,96745.9094,6192.4094,6192.4094,941.0,0.15196,1,p:1.2.3.1.3.2
U4710,188,FUSE0,90669.5,90669.5,97700.3094,7030.8094,7030.8094,941.0,0.133839,1,p:2.3.2.2.1.1
U4711,188,FUSE1,90676.4094,91722.1314,94122.3094,3445.9,3445.9,1003.0,0.291071,1,p:1.1.1.1.2.2
U4712,188,FUSE1,90785.5,90785.5,95510.7094,4725.2094,4725.2094,1003.0,0.212266,1,p:2.2.5.2.3.1
U4713,188,FUSE1,90859.2094,91834.3314,95198.3094,4339.1,4339.1,1003.0,0.231154,1,p:1.3.4.1.1.2
U4714,188,FUSE1,90901.5,90901.5,93074.2,2172.7,2172.7,1003.0,0.461638,1,p:2.1.3.2.2.1
U4715,188,FUSE1,91017.5,91946.5314,100941.1094,9923.6094,9923.6094,1003.0,0.101072,1,p:1.2.2.1.3.2
U4716,188,FUSE1,91026.0094,91026.0094,94029.7975,3003.7881,3003.7881,1003.0,0.333912,1,p:2.3.1.2.1.1
U4717,188,FUSE1,91133.5,92058.7314,94443.5094,3310.0094,3310.0094,1003.0,0.30302,1,p:1.1.5.1.2.2
U4718,188,FUSE1,91244.0094,91244.0094,96438.7094,5194.7,5194.7,1003.0,0.193081,1,p:2.2.4.2.3.1
U4719,188,FUSE1,91249.5,92170.9314,95430.3094,4180.8094,4180.8094,1003.0,0.239906,1,p:1.3.3.1.1.2
U4720,188,FUSE1,91365.5,91365.5,97816.3094,6450.8094,6450.8094,1003.0,0.155484,1,p:2.1.2.2.2.1
U4721,188,FUSE2,91481.5,92283.1314,97325.9094,5844.4094,5844.4094,1035.4,0.177161,1,p:1.2.1.1.3.2
U4722,188,FUSE2,91516.8094,91516.8094,94962.5975,3445.7881,3445.7881,1035.4,0.300483,1,p:2.3.5.2.1.1
U4723,188,FUSE2,91597.5,92395.3314,94850.3094,3252.8094,3252.8094,1035.4,0.318309,1,p:1.1.4.1.2.2
U4724,188,FUSE2,91632.8094,91632.8094,96951.5094,5318.7,5318.7,1035.4,0.194672,1,p:2.2.3.2.3.1
U4725,188,FUSE2,91713.5,92507.5314,99889.1094,8175.6094,8175.6094,1035.4,0.126645,1,p:1.3.2.1.1.2
U4726,188,FUSE2,91748.8094,91748.8094,94382.5975,2633.7881,2633.7881,1035.4,0.393122,1,p:2.1.1.2.2.1
U4727,188,FUSE2,91829.5,92619.7314,97980.3094,6150.8094,6150.8094,1035.4,0.168336,1,p:1.2.5.1.3.2
U4728,188,FUSE2,91945.5,91945.5,95974.7094,4029.2094,4029.2094,1035.4,0.256973,1,p:2.3.4.2.1.1
U4729,188,FUSE2,92061.5,92731.9314,96513.9094,4452.4094,4452.4094,1035.4,0.232548,1,p:1.1.3.1.1.2
U4730,188,FUSE2,92118.0094,92118.0094,101078.7094,8960.7,8960.7,1035.4,0.115549,1,p:2.2.2.2.3.1
U3526,142,FUSE0,92177.5,92844.1314,94618.3094,2440.8094,2440.8094,941.0,0.385528,1,p:1.3.1.1.2.2
U3527,142,FUSE0,92293.5,92293.5,95162.7094,2869.2094,2869.2094,941.0,0.327965,1,p:2.1.5.2.2.1
U3528,142,FUSE0,92380.0094,92956.3314,97673.9094,5293.9,5293.9,941.0,0.177752,1,p:1.2.4.1.3.2
U3529,142,FUSE0,92409.5,92409.5,94266.5975,1857.0975,1857.0975,941.0,0.506705,1,p:2.3.3.2.3.1
U3530,142,FUSE0,92525.5,93068.5314,99425.1094,6899.6094,6899.6094,941.0,0.136385,1,p:1.1.2.1.2.2
U3531,142,FUSE0,92554.8094,92554.8094,99098.7094,6543.9,6543.9,941.0,0.143798,1,p:2.2.1.2.1.1
U3532,142,FUSE0,92641.5,93180.7314,96281.9094,3640.4094,3640.4094,941.0,0.258487,1,p:1.3.5.1.1.2
U3533,142,FUSE0,92670.8094,92670.8094,95626.7094,2955.9,2955.9,941.0,0.318346,1,p:2.1.4.2.2.1
U3534,142,FUSE0,92757.5,93292.9314,98329.9094,5572.4094,5572.4094,941.0,0.168868,1,p:1.2.3.1.3.2
U3535,142,FUSE1,92786.8094,92786.8094,100028.3094,7241.5,7241.5,1003.0,0.138507,1,p:2.3.2.2.1.1
U3536,142,FUSE1,92873.5,93405.1314,96397.9094,3524.4094,3524.4094,1003.0,0.284587,1,p:1.1.1.1.2.2
U3537,142,FUSE1,92989.5,92989.5,98628.3094,5638.8094,5638.8094,1003.0,0.177874,1,p:2.2.5.2.3.1
U3538,142,FUSE1,92992.0094,93517.3314,97093.9094,4101.9,4101.9,1003.0,0.244521,1,p:1.3.4.1.1.2
U3539,142,FUSE1,93105.5,93105.5,95858.7094,2753.2094,2753.2094,1003.0,0.364302,1,p:2.1.3.2.2.1
U3540,142,FUSE1,93204.8094,93629.5314,102217.1094,9012.3,9012.3,1003.0,0.111292,1,p:1.2.2.1.3.2
U3541,142,FUSE1,93221.5,93221.5,96651.5094,3430.0094,3430.0094,1003.0,0.292419,1,p:2.3.1.2.1.1
U3542,142,FUSE1,93341.6094,93741.7314,95926.8,2585.1906,2585.1906,1003.0,0.387979,1,p:1.1.5.1.2.2
U3543,142,FUSE1,93457.6094,93457.6094,98280.3094,4822.7,4822.7,1003.0,0.207975,1,p:2.2.4.2.3.1
U3544,142,FUSE2,93557.2094,93853.9314,97557.9094,4000.7,4000.7,1035.4,0.258805,1,p:1.3.3.1.1.2
U3545,142,FUSE2,93573.6094,93573.6094,99796.3094,6222.7,6222.7,1035.4,0.166391,1,p:2.1.2.2.2.1
U3546,142,FUSE2,93689.6094,93966.1314,99193.1094,5503.5,5503.5,1035.4,0.188135,1,p:1.2.1.1.3.2
U3547,142,FUSE2,93805.6094,93805.6094,97407.9094,3602.3,3602.3,1035.4,0.287427,1,p:2.3.5.2.1.1
U3548,142,FUSE2,93921.6094,94078.3314,96629.9094,2708.3,2708.3,1035.4,0.382306,1,p:1.1.4.1.2.2
U3549,142,FUSE2,93945.0975,93945.0975,98860.3094,4915.2119,4915.2119,1035.4,0.210652,1,p:2.2.3.2.3.1
U3550,142,FUSE2,94037.6094,94190.5314,101637.1094,7599.5,7599.5,1035.4,0.136246,1,p:1.3.2.1.1.2
U3551,142,FUSE2,94061.0975,94061.0975,96322.7094,2261.6119,2261.6119,1035.4,0.457815,1,p:2.1.1.2.2.1
U3552,142,FUSE2,94153.6094,94302.7314,99309.1094,5155.5,5155.5,1035.4,0.200834,1,p:1.2.5.1.3.2
U3553,142,FUSE2,94269.6094,94269.6094,98048.3094,3778.7,3778.7,1035.4,0.27401,1,p:2.3.4.2.1.1
U1864,75,FUSE0,94297.8975,94414.9314,97209.9094,2912.0119,2912.0119,941.0,0.323144,1,p:1.1.3.1.2.2
U1865,75,FUSE0,94413.8975,94413.8975,103230.3094,8816.4119,8816.4119,941.0,0.106733,1,p:2.2.2.2.3.1
U1866,75,FUSE0,94474.8094,94527.1314,98096.3094,3621.5,3621.5,941.0,0.259837,1,p:1.3.1.1.1.2
U1867,75,FUSE0,94529.8975,94529.8975,97291.9094,2762.0119,2762.0119,941.0,0.340694,1,p:2.1.5.2.2.1
U1868,75,FUSE0,94645.8975,94645.8975,99541.1094,4895.2119,4895.2119,941.0,0.192229,1,p:1.2.4.1.3.2
U1869,75,FUSE0,94649.6094,94649.6094,98744.3094,4094.7,4094.7,941.0,0.229809,1,p:2.3.3.2.1.1
U1870,75,FUSE0,94761.8975,94761.8975,100825.1094,6063.2119,6063.2119,941.0,0.155198,1,p:1.1.2.1.2.2
U1871,75,FUSE0,94765.6094,94765.6094,99680.3094,4914.7,4914.7,941.0,0.191466,1,p:2.2.1.2.3.1
U1872,75,FUSE0,94877.8975,94877.8975,98445.9094,3568.0119,3568.0119,941.0,0.263732,1,p:1.3.5.1.1.2
U1873,75,FUSE0,94881.6094,94881.6094,97534.7094,2653.1,2653.1,941.0,0.354679,1,p:2.1.4.2.2.1
U1874,75,FUSE1,94993.8975,94993.8975,100121.1094,5127.2119,5127.2119,1003.0,0.195623,1,p:1.2.3.1.3.2
U1875,75,FUSE1,94997.6094,94997.6094,102418.3094,7420.7,7420.7,1003.0,0.135162,1,p:2.3.2.2.1.1
U1876,75,FUSE1,95113.6094,95113.6094,97441.9094,2328.3,2328.3,1003.0,0.430786,1,p:1.1.1.1.2.2
U1877,75,FUSE1,95194.0094,95194.0094,99912.3094,4718.3,4718.3,1003.0,0.212577,1,p:2.2.5.2.3.1
U1878,75,FUSE1,95229.6094,95229.6094,98729.1094,3499.5,3499.5,1003.0,0.286612,1,p:1.3.4.1.1.2
U1879,75,FUSE1,95310.0094,95310.0094,98164.3094,2854.3,2854.3,1003.0,0.3514,1,p:2.1.3.2.2.1
U1880,75,FUSE1,95345.6094,95345.6094,104198.7094,8853.1,8853.1,1003.0,0.113294,1,p:1.2.2.1.3.2
U1881,75,FUSE1,95426.0094,95426.0094,99330.7094,3904.7,3904.7,1003.0,0.25687,1,p:2.3.1.2.1.1
U1882,75,FUSE1,95461.6094,95461.6094,97864.3094,2402.7,2402.7,1003.0,0.417447,1,p:1.1.5.1.2.2
U1883,75,FUSE2,95542.0094,95542.0094,100608.3094,5066.3,5066.3,1035.4,0.20437,1,p:2.2.4.2.3.1
U1884,75,FUSE2,95658.0094,95658.0094,99657.1094,3999.1,3999.1,1035.4,0.258908,1,p:1.3.3.1.1.2
U1885,75,FUSE2,95667.3,95667.3,101553.5094,5886.2094,5886.2094,1035.4,0.175903,1,p:2.1.2.2.2.1
U1886,75,FUSE2,95774.0094,95774.0094,100709.1094,4935.1,4935.1,1035.4,0.209803,1,p:1.2.1.1.3.2
U1887,75,FUSE2,95842.1,95842.1,99448.3094,3606.2094,3606.2094,1035.4,0.287116,1,p:2.3.5.2.1.1
U1888,75,FUSE2,95890.0094,95890.0094,98563.5094,2673.5,2673.5,1035.4,0.387283,1,p:1.1.4.1.2.2
U1889,75,FUSE2,95958.1,95958.1,100260.3094,4302.2094,4302.2094,1035.4,0.240667,1,p:2.2.3.2.3.1
U1890,75,FUSE2,96006.0094,96006.0094,103154.7094,7148.7,7148.7,1035.4,0.144838,1,p:1.3.2.1.1.2
U1891,75,FUSE2,96074.1,96074.1,98512.3094,2438.2094,2438.2094,1035.4,0.424656,1,p:2.1.1.2.2.1
U1892,75,FUSE2,96122.0094,96122.0094,101901.5094,5779.5,5779.5,1035.4,0.17915,1,p:1.2.5.2.1.1
U4388,176,FUSE0,96238.0094,96238.0094,98961.1094,2723.1,2723.1,941.0,0.345562,1,p:2.3.4.1.3.2
U4389,176,FUSE0,96313.2094,96313.2094,98845.1094,2531.9,2531.9,941.0,0.371658,1,p:1.1.3.1.2.2
U4390,176,FUSE0,96354.0094,96354.0094,104274.3094,7920.3,7920.3,941.0,0.118809,1,p:2.2.2.2.3.1
U4391,176,FUSE0,96429.2094,96429.2094,100237.1094,3807.9,3807.9,941.0,0.247118,1,p:1.3.1.1.1.2
U4392,176,FUSE0,96470.0094,96470.0094,98976.3094,2506.3,2506.3,941.0,0.375454,1,p:2.1.4.2.2.1
U4393,176,FUSE0,96545.2094,96545.2094,101289.1094,4743.9,4743.9,941.0,0.19836,1,p:1.2.5.1.3.2
U4394,176,FUSE0,96661.2094,96661.2094,100376.3094,3715.1,3715.1,941.0,0.253291,1,p:2.3.3.2.1.1
U4395,176,FUSE0,96682.8094,96682.8094,102690.7094,6007.9,6007.9,941.0,0.156627,1,p:1.1.2.1.2.2
U4396,176,FUSE1,96777.2094,96777.2094,101321.5094,4544.3,4544.3,1003.0,0.220716,1,p:2.2.1.2.3.1
U4397,176,FUSE1,96866.8094,96866.8094,100477.1094,3610.3,3610.3,1003.0,0.277816,1,p:1.3.4.1.1.2
U4398,176,FUSE1,96893.2094,96893.2094,99214.7094,2321.5,2321.5,1003.0,0.432048,1,p:2.1.5.2.2.1
U4399,176,FUSE1,96982.8094,96982.8094,101521.1094,4538.3,4538.3,1003.0,0.221008,1,p:1.2.3.1.3.2
U4400,176,FUSE1,97009.2094,97009.2094,103926.3094,6917.1,6917.1,1003.0,0.145003,1,p:2.3.2.2.1.1
U4401,176,FUSE1,97125.2094,97125.2094,100005.1094,2879.9,2879.9,1003.0,0.348276,1,p:1.1.1.1.2.2
U4402,176,FUSE1,97207.2094,97207.2094,101785.5094,4578.3,4578.3,1003.0,0.219077,1,p:2.2.4.2.3.1
U4403,176,FUSE1,97241.2094,97241.2094,101057.1094,3815.9,3815.9,1003.0,0.262848,1,p:1.3.5.1.1.2
U4404,176,FUSE2,97323.2094,97323.2094,99564.3094,2241.1,2241.1,1035.4,0.462005,1,p:2.1.3.2.2.1
U4405,176,FUSE2,97357.2094,97357.2094,105938.7094,8581.5,8581.5,1035.4,0.120655,1,p:1.2.2.1.3.2
U4406,176,FUSE2,97439.2094,97439.2094,100724.3094,3285.1,3285.1,1035.4,0.315181,1,p:2.3.1.2.1.1
U4407,176,FUSE2,97473.2094,97473.2094,100353.1094,2879.9,2879.9,1035.4,0.359526,1,p:1.1.4.1.2.2
U4408,176,FUSE2,97566.0094,97566.0094,102302.3094,4736.3,4736.3,1035.4,0.218609,1,p:2.2.5.2.3.1
U4409,176,FUSE2,97589.2094,97589.2094,101405.1094,3815.9,3815.9,1035.4,0.271338,1,p:1.3.3.1.1.2
U4410,176,FUSE2,97705.2094,97705.2094,103502.7094,5797.5,5797.5,1035.4,0.178594,1,p:2.1.2.1.3.2
U4411,176,FUSE2,97731.6094,97731.6094,102333.1094,4601.5,4601.5,1035.4,0.225014,1,p:1.2.1.1.2.2
U2297,93,FUSE0,97847.6094,97847.6094,100144.3094,2296.7,2296.7,941.0,0.409718,1,p:2.3.4.2.2.1
U2298,93,FUSE0,97895.6094,97895.6094,100846.7094,2951.1,2951.1,941.0,0.318864,1,p:1.1.5.2.1.1
U2299,93,FUSE0,97963.6094,97963.6094,102534.3094,4570.7,4570.7,941.0,0.205877,1,p:2.2.3.2.3.1
U2300,93,FUSE0,98011.6094,98011.6094,101869.1094,3857.5,3857.5,941.0,0.24394,1,p:1.3.4.1.1.2
U2301,93,FUSE0,98079.6094,98079.6094,103578.3094,5498.7,5498.7,941.0,0.171131,1,p:2.1.2.2.2.1
U2302,93,FUSE0,98127.6094,98127.6094,102922.7094,4795.1,4795.1,941.0,0.196242,1,p:1.2.5.1.3.2
U2303,93,FUSE0,98195.6094,98195.6094,101437.5094,3241.9,3241.9,941.0,0.290262,1,p:2.3.1.2.1.1
U2304,93,FUSE0,98245.2094,98245.2094,100593.1094,2347.9,2347.9,941.0,0.400784,1,p:1.1.3.1.2.2
U2305,93,FUSE0,98311.6094,98311.6094,102766.3094,4454.7,4454.7,941.0,0.211238,1,p:2.2.4.2.3.1
U2306,93,FUSE0,98361.2094,98361.2094,105358.7094,6997.5,6997.5,941.0,0.134477,1,p:1.3.2.1.1.2
U2307,93,FUSE1,98427.6094,98427.6094,100492.3094,2064.7,2064.7,1003.0,0.485785,1,p:2.1.5.2.2.1
U2308,93,FUSE1,98477.2094,98477.2094,102806.7094,4329.5,4329.5,1003.0,0.231666,1,p:1.2.1.1.3.2
U2309,93,FUSE1,98543.6094,98543.6094,102070.3094,3526.7,3526.7,1003.0,0.284402,1,p:2.3.3.2.1.1
U2310,93,FUSE1,98594.8094,98594.8094,101173.1094,2578.3,2578.3,1003.0,0.389016,1,p:1.1.4.1.2.2
U2311,93,FUSE1,98659.6094,98659.6094,107080.7094,8421.1,8421.1,1003.0,0.119106,1,p:2.2.2.2.3.1
U2312,93,FUSE1,98760.4094,98760.4094,102574.7094,3814.3,3814.3,1003.0,0.262958,1,p:1.3.5.1.1.2
U2313,93,FUSE1,98775.6094,98775.6094,100962.7094,2187.1,2187.1,1003.0,0.458598,1,p:2.1.1.2.2.1
U2314,93,FUSE1,98876.4094,98876.4094,103386.7094,4510.3,4510.3,1003.0,0.22238,1,p:1.2.3.1.3.2
U2315,93,FUSE1,98891.6094,98891.6094,102882.3094,3990.7,3990.7,1003.0,0.251334,1,p:2.3.4.2.1.1
U2316,93,FUSE1,98992.4094,98992.4094,104662.7094,5670.3,5670.3,1003.0,0.176887,1,p:1.1.2.1.2.2
U2317,93,FUSE2,99007.6094,99007.6094,103694.3094,4686.7,4686.7,1035.4,0.220923,1,p:2.2.5.2.3.1
U2318,93,FUSE2,99108.4094,99108.4094,102449.1094,3340.7,3340.7,1035.4,0.309935,1,p:1.3.1.1.1.2
U2319,93,FUSE2,99130.0094,99130.0094,101205.5094,2075.5,2075.5,1035.4,0.498868,1,p:2.1.3.2.2.1
U2320,93,FUSE2,99224.4094,99224.4094,104082.7094,4858.3,4858.3,1035.4,0.21312,1,p:1.2.4.1.3.2
U2321,93,FUSE2,99246.0094,99246.0094,105798.3094,6552.3,6552.3,1035.4,0.158021,1,p:2.3.2.2.1.1
U2322,93,FUSE2,99340.4094,99340.4094,102101.1094,2760.7,2760.7,1035.4,0.37505,1,p:1.1.5.1.2.2
U2323,93,FUSE2,99362.0094,99362.0094,103810.3094,4448.3,4448.3,1035.4,0.232763,1,p:2.2.1.2.3.1
U2324,93,FUSE2,99456.4094,99456.4094,101669.5094,2213.1,2213.1,1035.4,0.467851,1,p:1.3.3.2.2.1
U2325,93,FUSE2,99479.6094,99479.6094,101753.1094,2273.5,2273.5,1035.4,0.455421,1,p:2.1.4.1.3.2
U969,39,FUSE0,99572.4094,99572.4094,108343.1094,8770.7,8770.7,941.0,0.107289,1,p:1.2.2.1.1.2
U970,39,FUSE0,99595.6094,99595.6094,103346.3094,3750.7,3750.7,941.0,0.250887,1,p:2.3.5.2.1.1
U971,39,FUSE0,99688.4094,99688.4094,101985.1094,2296.7,2296.7,941.0,0.409718,1,p:1.1.1.1.2.2
U972,39,FUSE0,99711.6094,99711.6094,108464.3094,8752.7,8752.7,941.0,0.10751,1,p:2.2.2.2.3.1
U973,39,FUSE0,99804.4094,99804.4094,103618.7094,3814.3,3814.3,941.0,0.246703,1,p:1.3.3.1.1.2
U974,39,FUSE0,99827.6094,99827.6094,102186.3094,2358.7,2358.7,941.0,0.398949,1,p:2.1.4.2.2.1
U975,39,FUSE0,99920.4094,99920.4094,104778.7094,4858.3,4858.3,941.0,0.193689,1,p:1.2.5.1.3.2
U976,39,FUSE0,99943.6094,99943.6094,103114.3094,3170.7,3170.7,941.0,0.29678,1,p:2.3.1.2.1.1
U977,39,FUSE1,100036.4094,100036.4094,105822.7094,5786.3,5786.3,1003.0,0.17334,1,p:1.1.2.1.2.2
U978,39,FUSE1,100059.6094,100059.6094,104738.3094,4678.7,4678.7,1003.0,0.214376,1,p:2.2.3.2.3.1
U979,39,FUSE1,100152.4094,100152.4094,103734.7094,3582.3,3582.3,1003.0,0.279988,1,p:1.3.4.1.1.2
U980,39,FUSE1,100175.6094,100175.6094,102998.3094,2822.7,2822.7,1003.0,0.355334,1,p:2.1.5.2.2.1
U981,39,FUSE1,100268.4094,100268.4094,105242.7094,4974.3,4974.3,1003.0,0.201636,1,p:1.2.1.1.3.2
U982,39,FUSE1,100291.6094,100291.6094,106440.3094,6148.7,6148.7,1003.0,0.163124,1,p:2.3.2.2.1.1
U983,39,FUSE1,100384.4094,100384.4094,103038.7094,2654.3,2654.3,1003.0,0.377877,1,p:1.1.3.1.2.2
U984,39,FUSE1,100407.6094,100407.6094,105086.3094,4678.7,4678.7,1003.0,0.214376,1,p:2.2.4.2.3.1
U985,39,FUSE2,100508.4094,100508.4094,104546.7094,4038.3,4038.3,1035.4,0.256395,1,p:1.3.5.1.1.2
U986,39,FUSE2,100523.6094,100523.6094,102650.3094,2126.7,2126.7,1035.4,0.486858,1,p:2.1.1.2.2.1
U987,39,FUSE2,100624.4094,100624.4094,110030.8094,9406.4,9406.4,1035.4,0.110074,1,p:1.2.2.1.3.2
U988,39,FUSE2,100639.6094,100639.6094,104042.3094,3402.7,3402.7,1035.4,0.304288,1,p:2.3.3.2.1.1
U989,39,FUSE2,100740.4094,100740.4094,103270.7094,2530.3,2530.3,1035.4,0.4092,1,p:1.1.4.1.2.2
U990,39,FUSE2,100755.6094,100755.6094,106030.3094,5274.7,5274.7,1035.4,0.196296,1,p:2.2.5.2.3.1
U991,39,FUSE2,100856.4094,100856.4094,104314.7094,3458.3,3458.3,1035.4,0.299396,1,p:1.3.1.1.1.2
U6029,241,FUSE0,100878.0094,100878.0094,105914.3094,5036.3,5036.3,941.0,0.186844,1,p:2.1.2.2.2.1
U6030,241,FUSE0,100972.4094,100972.4094,105706.7094,4734.3,4734.3,941.0,0.198762,1,p:1.2.3.1.3.2
U6031,241,FUSE0,100994.0094,100994.0094,104390.3094,3396.3,3396.3,941.0,0.277066,1,p:2.3.4.2.1.1
U6032,241,FUSE0,101088.4094,101088.4094,103850.7094,2762.3,2762.3,941.0,0.340658,1,p:1.1.5.1.2.2
U6033,241,FUSE0,101110.0094,101110.0094,105682.3094,4572.3,4572.3,941.0,0.205805,1,p:2.2.1.2.3.1
U6034,241,FUSE0,101204.4094,101204.4094,107991.9094,6787.5,6787.5,941.0,0.138637,1,p:1.3.2.1.1.2
U6035,241,FUSE0,101236.8094,101236.8094,103462.3094,2225.5,2225.5,941.0,0.422826,1,p:2.1.3.2.2.1
U6036,241,FUSE1,101320.4094,101320.4094,106170.7094,4850.3,4850.3,1003.0,0.206791,1,p:1.2.4.1.3.2
U6037,241,FUSE1,101352.8094,101352.8094,104854.3094,3501.5,3501.5,1003.0,0.286449,1,p:2.3.5.2.1.1
U6038,241,FUSE1,101436.4094,101436.4094,103966.7094,2530.3,2530.3,1003.0,0.396396,1,p:1.1.1.1.2.2
U6039,241,FUSE1,101468.8094,101468.8094,110869.2094,9400.4,9400.4,1003.0,0.106698,1,p:2.2.2.2.3.1
U6040,241,FUSE1,101552.4094,101552.4094,104894.7094,3342.3,3342.3,1003.0,0.300093,1,p:1.3.3.1.1.2
U6041,241,FUSE1,101584.8094,101584.8094,104158.3094,2573.5,2573.5,1003.0,0.389742,1,p:2.1.4.2.2.1
U6042,241,FUSE1,101668.4094,101668.4094,107759.9094,6091.5,6091.5,1003.0,0.164656,1,p:1.2.5.1.3.2
U6043,241,FUSE1,101700.8094,101700.8094,105202.3094,3501.5,3501.5,1003.0,0.286449,1,p:2.3.1.2.1.1
U6044,241,FUSE2,101784.4094,101784.4094,107001.9094,5217.5,5217.5,1035.4,0.198448,1,p:1.1.2.1.2.2
U6045,241,FUSE2,101816.8094,101816.8094,106311.1094,4494.3,4494.3,1035.4,0.230381,1,p:2.2.3.2.3.1
U6046,241,FUSE2,101900.4094,101900.4094,105474.7094,3574.3,3574.3,1035.4,0.289679,1,p:1.3.4.1.1.2
U6047,241,FUSE2,101932.8094,101932.8094,104506.3094,2573.5,2573.5,1035.4,0.402331,1,p:2.1.5.2.2.1
U6048,241,FUSE2,102016.4094,102016.4094,107233.9094,5217.5,5217.5,1035.4,0.198448,1,p:1.2.1.1.3.2
U6049,241,FUSE2,102101.6094,102101.6094,108696.3094,6594.7,6594.7,1035.4,0.157005,1,p:2.3.2.2.1.1
U6050,241,FUSE2,102132.4094,102132.4094,104430.7094,2298.3,2298.3,1035.4,0.450507,1,p:1.1.3.1.2.2
U6051,241,FUSE2,102217.6094,102217.6094,107643.9094,5426.3,5426.3,1035.4,0.190811,1,p:2.2.4.1.1.2
U6282,251,FUSE0,102248.4094,102248.4094,104970.3094,2721.9,2721.9,941.0,0.345714,1,p:1.3.5.2.2.1
U6283,251,FUSE0,102333.6094,102333.6094,104622.3094,2288.7,2288.7,941.0,0.41115,1,p:2.1.1.2.3.1
U6284,251,FUSE0,102364.4094,102364.4094,111770.8094,9406.4,9406.4,941.0,0.100038,1,p:1.2.2.1.3.2
U6285,251,FUSE0,102449.6094,102449.6094,105566.3094,3116.7,3116.7,941.0,0.301922,1,p:2.3.3.2.1.1
U6286,251,FUSE0,102480.4094,102480.4094,106054.7094,3574.3,3574.3,941.0,0.263268,1,p:1.1.5.1.1.2
U6287,251,FUSE0,102565.6094,102565.6094,108232.3094,5666.7,5666.7,941.0,0.166058,1,p:2.2.4.2.3.1
U6288,251,FUSE0,102606.0094,102606.0094,105010.7094,2404.7,2404.7,941.0,0.391317,1,p:1.3.1.1.2.2
U6289,251,FUSE1,102681.6094,102681.6094,108000.3094,5318.7,5318.7,1003.0,0.18858,1,p:2.1.2.2.2.1
U6290,251,FUSE1,102722.0094,102722.0094,108459.1094,5737.1,5737.1,1003.0,0.174827,1,p:1.2.3.1.3.2
U6291,251,FUSE1,102797.6094,102797.6094,105434.3094,2636.7,2636.7,1003.0,0.3804,1,p:2.3.5.2.3.1
U6292,251,FUSE1,102838.0094,102838.0094,105126.7094,2288.7,2288.7,1003.0,0.43824,1,p:1.1.4.1.2.2
U6293,251,FUSE1,102913.6094,102913.6094,108116.3094,5202.7,5202.7,1003.0,0.192785,1,p:2.2.1.2.1.1
U6294,251,FUSE1,102954.0094,102954.0094,109914.8094,6960.8,6960.8,1003.0,0.144093,1,p:1.3.2.1.1.2
U6295,251,FUSE1,103029.6094,103029.6094,105318.3094,2288.7,2288.7,1003.0,0.43824,1,p:2.1.3.2.2.1
U6296,251,FUSE1,103070.0094,103070.0094,109798.8094,6728.8,6728.8,1003.0,0.149061,1,p:1.2.5.1.3.2
U6297,251,FUSE2,103145.6094,103145.6094,106146.3094,3000.7,3000.7,1035.4,0.345053,1,p:2.3.4.2.1.1
U6298,251,FUSE2,103186.0094,103186.0094,105590.7094,2404.7,2404.7,1035.4,0.430573,1,p:1.1.1.1.2.2
U6299,251,FUSE2,103261.6094,103261.6094,112729.9094,9468.3,9468.3,1035.4,0.109354,1,p:2.2.2.2.3.1
U6300,251,FUSE2,103302.0094,103302.0094,106286.7094,2984.7,2984.7,1035.4,0.346903,1,p:1.3.3.1.1.2
U6301,251,FUSE2,103377.6094,103377.6094,106660.7094,3283.1,3283.1,1035.4,0.315373,1,p:2.1.5.1.3.1
U6302,251,FUSE2,103418.0094,103418.0094,107875.9094,4457.9,4457.9,1035.4,0.232262,1,p:1.2.4.2.2.2
U6303,251,FUSE2,103493.6094,103493.6094,106595.1094,3101.5,3101.5,1035.4,0.333838,1,p:2.3.1.1.1.2
U6304,251,FUSE2,103534.0094,103534.0094,109334.8094,5800.8,5800.8,1035.4,0.178493,1,p:1.1.2.1.2.2
U7950,318,FUSE0,103609.6094,103609.6094,108928.3094,5318.7,5318.7,941.0,0.176923,1,p:2.2.3.2.3.1
U7951,318,FUSE0,103650.0094,103650.0094,107196.7094,3546.7,3546.7,941.0,0.265317,1,p:1.3.5.2.1.1
U7952,318,FUSE0,103725.6094,103725.6094,106465.9094,2740.3,2740.3,941.0,0.343393,1,p:2.1.4.1.3.2
U7953,318,FUSE0,103766.0094,103766.0094,108348.3094,4582.3,4582.3,941.0,0.205355,1,p:1.2.1.2.2.1
U7954,318,FUSE0,103841.6094,103841.6094,106769.9094,2928.3,2928.3,941.0,0.321347,1,p:2.3.3.1.1.2
U7955,318,FUSE0,103882.0094,103882.0094,111030.7094,7148.7,7148.7,941.0,0.131632,1,p:1.1.2.2.3.1
U7956,318,FUSE0,103957.6094,103957.6094,108638.8094,4681.2,4681.2,941.0,0.201017,1,p:2.2.5.1.2.2
U7957,318,FUSE0,103998.0094,103998.0094,106964.7094,2966.7,2966.7,941.0,0.317187,1,p:1.3.4.2.1.1
U7958,318,FUSE1,104073.6094,104073.6094,106885.9094,2812.3,2812.3,1003.0,0.356648,1,p:2.1.1.1.3.2
U7959,318,FUSE1,104114.0094,104114.0094,108580.3094,4466.3,4466.3,1003.0,0.224571,1,p:1.2.3.2.2.1
U7960,318,FUSE1,104189.6094,104189.6094,110842.8094,6653.2,6653.2,1003.0,0.150755,1,p:2.3.2.1.1.2
U7961,318,FUSE1,104230.0094,104230.0094,107884.3094,3654.3,3654.3,1003.0,0.274471,1,p:1.1.5.2.3.1
U7962,318,FUSE1,104305.6094,104305.6094,109102.8094,4797.2,4797.2,1003.0,0.20908,1,p:2.2.4.1.2.2
U7963,318,FUSE1,104346.0094,104346.0094,107314.3094,2968.3,2968.3,1003.0,0.337904,1,p:1.3.1.2.1.1
U7964,318,FUSE1,104421.6094,104421.6094,107349.9094,2928.3,2928.3,1003.0,0.34252,1,p:2.1.3.1.3.2
U7965,318,FUSE1,104462.0094,104462.0094,112613.9094,8151.9,8151.9,1003.0,0.123039,1,p:1.2.2.2.2.1
U7966,318,FUSE2,104537.6094,104537.6094,108168.3094,3630.7,3630.7,1035.4,0.285179,1,p:2.3.5.1.1.2
U7967,318,FUSE2,104578.0094,104578.0094,107605.1094,3027.1,3027.1,1035.4,0.342044,1,p:1.1.4.2.3.1
U7968,318,FUSE2,104653.6094,104653.6094,109566.8094,4913.2,4913.2,1035.4,0.210738,1,p:2.2.1.1.2.2
U7969,318,FUSE2,104694.0094,104694.0094,107489.1094,2795.1,2795.1,1035.4,0.370434,1,p:1.3.3.2.1.1
U7970,318,FUSE2,104769.6094,104769.6094,112118.8094,7349.2,7349.2,1035.4,0.140886,1,p:2.1.2.1.3.2
U7971,318,FUSE2,104810.0094,104810.0094,109532.8094,4722.8,4722.8,1035.4,0.219234,1,p:1.2.5.2.2.1
U7972,318,FUSE2,104885.6094,104885.6094,108870.8094,3985.2,3985.2,1035.4,0.259811,1,p:2.3.4.1.1.2
U7973,318,FUSE2,104926.0094,104926.0094,107117.9094,2191.9,2191.9,1035.4,0.472376,1,p:1.1.1.1.2.2
U3252,131,FUSE0,105001.6094,105001.6094,110753.2094,5751.6,5751.6,941.0,0.163607,1,p:2.2.3.2.3.1
U3253,131,FUSE0,105042.0094,105042.0094,112033.9094,6991.9,6991.9,941.0,0.134584,1,p:1.3.2.2.1.1
U3254,131,FUSE0,105117.6094,105117.6094,108986.8094,3869.2,3869.2,941.0,0.243203,1,p:2.1.5.1.3.2
U3255,131,FUSE0,105158.0094,105158.0094,109880.8094,4722.8,4722.8,941.0,0.199246,1,p:1.2.4.2.2.1
U3256,131,FUSE0,105233.6094,105233.6094,108754.8094,3521.2,3521.2,941.0,0.267238,1,p:2.3.3.1.1.2
U3257,131,FUSE0,105274.0094,105274.0094,108812.3094,3538.3,3538.3,941.0,0.265947,1,p:1.1.1.2.3.1
U3258,131,FUSE0,105349.6094,105349.6094,113162.8094,7813.2,7813.2,941.0,0.120437,1,p:2.2.2.1.2.2
U3259,131,FUSE0,105390.0094,105390.0094,109160.3094,3770.3,3770.3,941.0,0.249582,1,p:1.3.5.2.1.1
U3260,131,FUSE0,105465.6094,105465.6094,109218.8094,3753.2,3753.2,941.0,0.250719,1,p:2.1.4.1.3.2
U3261,131,FUSE1,105506.0094,105506.0094,110057.2094,4551.2,4551.2,1003.0,0.220381,1,p:1.2.3.2.2.1
U3262,131,FUSE1,105597.6094,105597.6094,109682.8094,4085.2,4085.2,1003.0,0.24552,1,p:2.3.1.1.1.2
U3263,131,FUSE1,105622.0094,105622.0094,113309.9094,7687.9,7687.9,1003.0,0.130465,1,p:1.1.2.2.3.1
U3264,131,FUSE1,105713.6094,105713.6094,110146.8094,4433.2,4433.2,1003.0,0.226247,1,p:2.2.5.1.2.2
U3265,131,FUSE1,105738.0094,105738.0094,109648.8094,3910.8,3910.8,1003.0,0.256469,1,p:1.3.4.2.1.1
U3266,131,FUSE1,105829.6094,105829.6094,109450.8094,3621.2,3621.2,1003.0,0.27698,1,p:2.1.3.1.3.2
U3267,131,FUSE1,105854.0094,105854.0094,110405.2094,4551.2,4551.2,1003.0,0.220381,1,p:1.2.1.2.2.1
U3268,131,FUSE1,105945.6094,105945.6094,112698.8094,6753.2,6753.2,1003.0,0.148522,1,p:2.3.2.1.1.2
U3269,131,FUSE1,105970.0094,105970.0094,109764.8094,3794.8,3794.8,1003.0,0.264309,1,p:1.1.5.2.3.1
U3270,131,FUSE2,106061.6094,106061.6094,110610.8094,4549.2,4549.2,1035.4,0.2276,1,p:2.2.4.1.2.2
U3271,131,FUSE2,106086.0094,106086.0094,109276.3094,3190.3,3190.3,1035.4,0.324546,1,p:1.3.3.2.1.1
U3272,131,FUSE2,106177.6094,106177.6094,110378.8094,4201.2,4201.2,1035.4,0.246453,1,p:2.1.1.1.3.2
U3273,131,FUSE2,106202.0094,106202.0094,115400.4344,9198.425,9198.425,1035.4,0.112563,1,p:1.2.2.2.2.1
U3274,131,FUSE2,106318.0094,106318.0094,110262.8094,3944.8,3944.8,1035.4,0.262472,1,p:2.3.5.1.1.2
U3275,131,FUSE2,106342.4094,106342.4094,110289.2094,3946.8,3946.8,1035.4,0.262339,1,p:1.1.4.2.3.1
U3276,131,FUSE2,106471.6094,106471.6094,111888.0094,5416.4,5416.4,1035.4,0.19116,1,p:2.2.3.2.1.1
U3277,131,FUSE2,106497.2094,106497.2094,109044.3094,2547.1,2547.1,1035.4,0.406502,1,p:1.3.1.2.2.1
U2272,92,FUSE0,106626.4094,106626.4094,112234.8094,5608.4,5608.4,941.0,0.167784,1,p:2.1.2.1.2.2
U2273,92,FUSE0,106692.0094,106692.0094,112582.8094,5890.8,5890.8,941.0,0.159741,1,p:1.2.5.1.3.2
U2274,92,FUSE0,106801.2094,106801.2094,110494.8094,3693.6,3693.6,941.0,0.254765,1,p:2.3.4.1.1.2
U2275,92,FUSE0,106917.2094,106917.2094,113889.9094,6972.7,6972.7,941.0,0.134955,1,p:1.1.2.2.3.1
U2276,92,FUSE0,106996.0094,106996.0094,111074.8094,4078.8,4078.8,941.0,0.230705,1,p:2.2.3.1.2.2
U2277,92,FUSE0,107033.2094,107033.2094,110173.2094,3140.0,3140.0,941.0,0.299682,1,p:1.3.5.2.1.1
U2278,92,FUSE0,107112.0094,107112.0094,110958.8094,3846.8,3846.8,941.0,0.244619,1,p:2.1.1.1.3.2
U2279,92,FUSE0,107149.2094,107149.2094,111306.4094,4157.2,4157.2,941.0,0.226354,1,p:1.2.4.2.2.1
U2280,92,FUSE1,107228.0094,107228.0094,113761.9094,6533.9,6533.9,1003.0,0.153507,1,p:2.3.2.1.1.2
U2281,92,FUSE1,107265.2094,107265.2094,110521.2094,3256.0,3256.0,1003.0,0.308047,1,p:1.1.3.2.3.1
U2282,92,FUSE1,107345.6094,107345.6094,111654.8094,4309.2,4309.2,1003.0,0.232758,1,p:2.2.5.1.2.2
U2283,92,FUSE1,107381.2094,107381.2094,110637.2094,3256.0,3256.0,1003.0,0.308047,1,p:1.3.1.2.1.1
U2284,92,FUSE1,107520.4094,107520.4094,111422.8094,3902.4,3902.4,1003.0,0.257021,1,p:2.1.4.1.3.2
U2285,92,FUSE1,107636.4094,107636.4094,117037.9094,9401.5,9401.5,1003.0,0.106685,1,p:1.2.2.2.2.1
U2286,92,FUSE1,107675.2094,107675.2094,110726.8094,3051.6,3051.6,1003.0,0.32868,1,p:2.3.3.1.1.2
U2287,92,FUSE1,107791.2094,107791.2094,111422.4094,3631.2,3631.2,1003.0,0.276217,1,p:1.1.5.2.3.1
U2288,92,FUSE1,107907.2094,107907.2094,112002.8094,4095.6,4095.6,1003.0,0.244897,1,p:2.2.1.1.2.2
U2289,92,FUSE2,107915.6094,107915.6094,111159.9094,3244.3,3244.3,1035.4,0.319144,1,p:1.3.4.2.1.1
U2290,92,FUSE2,108023.2094,108023.2094,114983.9094,6960.7,6960.7,1035.4,0.148749,1,p:2.1.2.1.3.2
U2291,92,FUSE2,108031.6094,108031.6094,112265.9094,4234.3,4234.3,1035.4,0.244527,1,p:1.2.3.2.2.1
U2292,92,FUSE2,108147.6094,108147.6094,111538.8094,3391.2,3391.2,1035.4,0.30532,1,p:2.3.5.1.1.2
U2293,92,FUSE2,108199.6094,108199.6094,111772.0094,3572.4,3572.4,1035.4,0.289833,1,p:1.1.1.2.3.1
U2294,92,FUSE2,108263.6094,108263.6094,112466.8094,4203.2,4203.2,1035.4,0.246336,1,p:2.2.4.1.2.2
U2295,92,FUSE2,108374.4094,108374.4094,115062.7094,6688.3,6688.3,1035.4,0.154808,1,p:1.3.2.2.2.1
U2296,92,FUSE2,108379.6094,108379.6094,111190.8094,2811.2,2811.2,1035.4,0.368312,1,p:2.1.3.1.1.2
U5151,206,FUSE0,108490.4094,108490.4094,113877.9094,5387.5,5387.5,941.0,0.174664,1,p:1.2.5.1.3.2
U5152,206,FUSE0,108495.6094,108495.6094,111538.4094,3042.8,3042.8,941.0,0.309255,1,p:2.3.1.2.1.1
U5153,206,FUSE0,108611.6094,108611.6094,112149.9094,3538.3,3538.3,941.0,0.265947,1,p:1.1.4.2.3.1
U5154,206,FUSE0,108670.1094,108670.1094,114109.9094,5439.8,5439.8,941.0,0.172984,1,p:2.2.5.1.3.2
U5155,206,FUSE0,108727.6094,108727.6094,112381.9094,3654.3,3654.3,941.0,0.257505,1,p:1.3.1.2.1.1
U5156,206,FUSE0,108786.1094,108786.1094,116150.3094,7364.2,7364.2,941.0,0.12778,1,p:2.1.2.1.2.2
U5157,206,FUSE0,108843.6094,108843.6094,112961.9094,4118.3,4118.3,941.0,0.228492,1,p:1.2.3.2.2.1
U5158,206,FUSE0,108902.1094,108902.1094,111886.8094,2984.7,2984.7,941.0,0.315275,1,p:2.3.4.1.1.2
U5159,206,FUSE1,108959.6094,108959.6094,112497.9094,3538.3,3538.3,1003.0,0.283469,1,p:1.1.5.2.1.1
U5160,206,FUSE1,109018.1094,109018.1094,112814.8094,3796.7,3796.7,1003.0,0.264177,1,p:2.2.1.1.2.2
U5161,206,FUSE1,109075.6094,109075.6094,115993.9094,6918.3,6918.3,1003.0,0.144978,1,p:1.3.2.2.3.1
U5162,206,FUSE1,109134.1094,109134.1094,112350.8094,3216.7,3216.7,1003.0,0.31181,1,p:2.1.3.1.3.2
U5163,206,FUSE1,109191.6094,109191.6094,113425.9094,4234.3,4234.3,1003.0,0.236875,1,p:1.2.4.2.2.1
U5164,206,FUSE1,109250.1094,109250.1094,111306.8094,2056.7,2056.7,1003.0,0.487674,1,p:2.3.5.1.2.2
U5165,206,FUSE1,109307.6094,109307.6094,113077.9094,3770.3,3770.3,1003.0,0.266027,1,p:1.1.1.2.3.1
U5166,206,FUSE1,109366.1094,109366.1094,116730.3094,7364.2,7364.2,1003.0,0.136199,1,p:2.2.2.1.1.2
U5167,206,FUSE2,109482.1094,109482.1094,112845.9094,3363.8,3363.8,1035.4,0.307807,1,p:1.3.3.2.1.1
U5168,206,FUSE2,109564.1094,109564.1094,112930.8094,3366.7,3366.7,1035.4,0.307542,1,p:2.1.4.1.3.2
U5169,206,FUSE2,109598.1094,109598.1094,114635.9094,5037.8,5037.8,1035.4,0.205526,1,p:1.2.5.1.1.2
U5170,206,FUSE2,109680.1094,109680.1094,111656.0094,1975.9,1975.9,1035.4,0.524014,1,p:2.3.1.2.2.1
U5171,206,FUSE2,109714.1094,109714.1094,116457.9094,6743.8,6743.8,1035.4,0.153534,1,p:1.1.2.2.3.1
U5172,206,FUSE2,109796.1094,109796.1094,115447.9094,5651.8,5651.8,1035.4,0.183198,1,p:2.2.3.1.2.2
U5173,206,FUSE2,109830.1094,109830.1094,113193.9094,3363.8,3363.8,1035.4,0.307807,1,p:1.3.4.2.1.1
U4760,190,FUSE0,109912.1094,109912.1094,113046.8094,3134.7,3134.7,941.0,0.300188,1,p:2.1.5.1.1.2
U4761,190,FUSE0,109946.1094,109946.1094,114946.7094,5000.6,5000.6,941.0,0.188177,1,p:1.2.1.2.2.1
U4762,190,FUSE0,110062.1094,110062.1094,117078.3094,7016.2,7016.2,941.0,0.134118,1,p:2.3.2.1.3.2
U4763,190,FUSE0,110088.5094,110088.5094,113657.9094,3569.4,3569.4,941.0,0.26363,1,p:1.1.3.2.3.1
U4764,190,FUSE0,110178.1094,110178.1094,115795.9094,5617.8,5617.8,941.0,0.167503,1,p:2.2.4.1.2.2
U4765,190,FUSE0,110204.5094,110204.5094,113541.9094,3337.4,3337.4,941.0,0.281956,1,p:1.3.5.2.1.1
U4766,190,FUSE0,110294.1094,110294.1094,113528.3094,3234.2,3234.2,941.0,0.290953,1,p:2.1.1.1.3.2
U4767,190,FUSE1,110320.5094,110320.5094,119128.7094,8808.2,8808.2,1003.0,0.113871,1,p:1.2.2.2.2.1
U4768,190,FUSE1,110410.1094,110410.1094,113412.3094,3002.2,3002.2,1003.0,0.334088,1,p:2.3.3.1.1.2
U4769,190,FUSE1,110436.5094,110436.5094,114177.1094,3740.6,3740.6,1003.0,0.268139,1,p:1.1.4.2.3.1
U4770,190,FUSE1,110526.1094,110526.1094,116846.3094,6320.2,6320.2,1003.0,0.158698,1,p:2.2.5.1.2.2
U4771,190,FUSE1,110552.5094,110552.5094,113773.9094,3221.4,3221.4,1003.0,0.311355,1,p:1.3.1.2.1.1
U4772,190,FUSE1,110642.1094,110642.1094,117310.3094,6668.2,6668.2,1003.0,0.150415,1,p:2.1.2.1.3.2
U4773,190,FUSE1,110668.5094,110668.5094,116225.9094,5557.4,5557.4,1003.0,0.18048,1,p:1.2.3.2.2.1
U4774,190,FUSE2,110758.1094,110758.1094,113993.9094,3235.8,3235.8,1035.4,0.319983,1,p:2.3.4.1.1.2
U4775,190,FUSE2,110784.5094,110784.5094,114422.3094,3637.8,3637.8,1035.4,0.284623,1,p:1.1.5.2.3.1
U4776,190,FUSE2,110874.1094,110874.1094,116382.3094,5508.2,5508.2,1035.4,0.187974,1,p:2.2.1.1.2.2
U4777,190,FUSE2,110900.5094,110900.5094,116573.9094,5673.4,5673.4,1035.4,0.182501,1,p:1.3.2.2.1.1
U4778,190,FUSE2,110990.1094,110990.1094,114867.9094,3877.8,3877.8,1035.4,0.267007,1,p:2.1.3.1.3.2
U4779,190,FUSE2,111062.0094,111062.0094,116689.9094,5627.9,5627.9,1035.4,0.183976,1,p:1.2.4.2.2.1
U4780,190,FUSE2,111106.1094,111106.1094,114751.9094,3645.8,3645.8,1035.4,0.283998,1,p:2.3.5.1.2.2
U4781,190,FUSE2,111191.2094,111191.2094,114654.3094,3463.1,3463.1,1035.4,0.298981,1,p:1.1.1.2.3.1
U1195,48,FUSE0,111222.1094,111222.1094,118818.3094,7596.2,7596.2,941.0,0.123878,1,p:2.2.2.1.1.2
U1196,48,FUSE0,111337.7094,111337.7094,114306.3094,2968.6,2968.6,941.0,0.316984,1,p:1.3.3.2.1.1
U1197,48,FUSE0,111338.1094,111338.1094,115215.9094,3877.8,3877.8,941.0,0.242663,1,p:2.1.4.1.3.2
U1198,48,FUSE0,111453.7094,111453.7094,116805.9094,5352.2,5352.2,941.0,0.175816,1,p:1.2.5.2.3.1
U1199,48,FUSE0,111454.1094,111454.1094,114225.9094,2771.8,2771.8,941.0,0.339491,1,p:2.3.1.1.1.2
U1200,48,FUSE0,111569.7094,111569.7094,118718.4344,7148.725,7148.725,941.0,0.131632,1,p:1.1.2.2.2.1
U1201,48,FUSE0,111570.1094,111570.1094,117542.3094,5972.2,5972.2,941.0,0.157563,1,p:2.2.3.1.2.2
U1202,48,FUSE0,111686.1094,111686.1094,114538.3094,2852.2,2852.2,941.0,0.329921,1,p:1.3.4.2.1.1
U1203,48,FUSE1,111687.3094,111687.3094,115099.9094,3412.6,3412.6,1003.0,0.293911,1,p:2.1.5.1.1.2
U1204,48,FUSE1,111802.1094,111802.1094,117323.2344,5521.125,5521.125,1003.0,0.181666,1,p:1.2.1.2.2.1
U1205,48,FUSE1,111803.3094,111803.3094,118586.3094,6783.0,6783.0,1003.0,0.14787,1,p:2.3.2.1.3.2
U1206,48,FUSE1,111918.1094,111918.1094,115225.9094,3307.8,3307.8,1003.0,0.303223,1,p:1.1.3.2.3.1
U1207,48,FUSE1,111919.3094,111919.3094,117774.3094,5855.0,5855.0,1003.0,0.171307,1,p:2.2.4.1.2.2
U1208,48,FUSE1,112034.1094,112034.1094,115877.9094,3843.8,3843.8,1003.0,0.26094,1,p:1.3.5.2.2.1
U1209,48,FUSE1,112065.2094,112065.2094,115679.9094,3614.7,3614.7,1003.0,0.277478,1,p:2.1.1.1.3.2
U1210,48,FUSE1,112150.1094,112150.1094,119708.7094,7558.6,7558.6,1003.0,0.132697,1,p:1.2.2.2.1.1
U1211,48,FUSE2,112181.2094,112181.2094,115331.9094,3150.7,3150.7,1035.4,0.328625,1,p:2.3.3.1.1.2
U1212,48,FUSE2,112266.1094,112266.1094,115645.9094,3379.8,3379.8,1035.4,0.306349,1,p:1.1.4.2.3.1
U1213,48,FUSE2,112297.2094,112297.2094,118122.3094,5825.1,5825.1,1035.4,0.177748,1,p:2.2.5.1.3.2
U1214,48,FUSE2,112382.1094,112382.1094,114830.7094,2448.6,2448.6,1035.4,0.422854,1,p:1.3.1.2.1.1
U1215,48,FUSE2,112413.2094,112413.2094,120442.3094,8029.1,8029.1,1035.4,0.128956,1,p:2.1.2.1.2.2
U1216,48,FUSE2,112498.1094,112498.1094,117672.8344,5174.725,5174.725,1035.4,0.200088,1,p:1.2.3.2.2.1
U1217,48,FUSE2,112529.2094,112529.2094,115563.9094,3034.7,3034.7,1035.4,0.341187,1,p:2.3.4.1.1.2
U1218,48,FUSE2,112614.1094,112614.1094,115529.9094,2915.8,2915.8,1035.4,0.3551,1,p:1.1.5.2.1.1
U1219,48,FUSE2,112645.2094,112645.2094,118006.3094,5361.1,5361.1,1035.4,0.193132,1,p:2.2.1.1.2.2
U8019,321,FUSE0,112730.1094,112730.1094,118896.7094,6166.6,6166.6,941.0,0.152596,1,p:1.3.2.2.3.1
U8020,321,FUSE0,112761.2094,112761.2094,116498.3094,3737.1,3737.1,941.0,0.2518,1,p:2.1.3.1.3.2
U8021,321,FUSE0,112846.1094,112846.1094,118254.4344,5408.325,5408.325,941.0,0.173991,1,p:1.2.4.2.2.1
U8022,321,FUSE0,112877.2094,112877.2094,118354.3094,5477.1,5477.1,941.0,0.171806,1,p:2.3.2.1.1.2
U8023,321,FUSE0,112962.1094,112962.1094,115761.9094,2799.8,2799.8,941.0,0.336095,1,p:1.1.3.2.1.1
U8024,321,FUSE0,112993.2094,112993.2094,119282.3094,6289.1,6289.1,941.0,0.149624,1,p:2.2.5.1.2.2
U8025,321,FUSE0,113078.1094,113078.1094,116341.9094,3263.8,3263.8,941.0,0.288314,1,p:1.3.1.2.3.1
U8026,321,FUSE0,113109.2094,113109.2094,116614.3094,3505.1,3505.1,941.0,0.268466,1,p:2.1.4.1.3.2
U8027,321,FUSE1,113194.1094,113194.1094,121226.3094,8032.2,8032.2,1003.0,0.124872,1,p:1.2.2.2.2.1
U8028,321,FUSE1,113225.2094,113225.2094,116962.3094,3737.1,3737.1,1003.0,0.26839,1,p:2.3.3.1.2.2
U8029,321,FUSE1,113341.2094,113341.2094,117153.9094,3812.7,3812.7,1003.0,0.263068,1,p:1.1.5.2.3.1
U8030,321,FUSE1,113443.6094,113443.6094,117426.3094,3982.7,3982.7,1003.0,0.251839,1,p:2.2.1.1.1.2
U8031,321,FUSE1,113457.2094,113457.2094,116109.9094,2652.7,2652.7,1003.0,0.378105,1,p:1.3.4.2.1.1
U8032,321,FUSE1,113559.6094,113559.6094,120558.3094,6998.7,6998.7,1003.0,0.143312,1,p:2.1.2.1.3.2
U8033,321,FUSE1,113573.2094,113573.2094,119476.7094,5903.5,5903.5,1003.0,0.169899,1,p:1.2.3.2.2.1
U8034,321,FUSE1,113689.2094,113689.2094,116034.3094,2345.1,2345.1,1003.0,0.4277,1,p:2.3.5.1.1.2
U8035,321,FUSE2,113793.2094,113793.2094,117439.2344,3646.025,3646.025,1035.4,0.28398,1,p:1.1.1.2.3.1
U8036,321,FUSE2,113805.2094,113805.2094,120210.3094,6405.1,6405.1,1035.4,0.161652,1,p:2.2.4.1.2.2
U8037,321,FUSE2,113909.2094,113909.2094,119012.7094,5103.5,5103.5,1035.4,0.20288,1,p:1.3.2.2.1.1
U8038,321,FUSE2,113921.2094,113921.2094,117890.3094,3969.1,3969.1,1035.4,0.260865,1,p:2.1.3.1.3.2
U8039,321,FUSE2,114025.2094,114025.2094,119824.7094,5799.5,5799.5,1035.4,0.178533,1,p:1.2.5.2.2.1
U8040,321,FUSE2,114141.2094,114141.2094,116266.3094,2125.1,2125.1,1035.4,0.487224,1,p:2.3.1.1.1.2
U8041,321,FUSE2,114208.4094,114208.4094,117788.8344,3580.425,3580.425,1035.4,0.289184,1,p:1.1.4.2.3.1
U8042,321,FUSE2,114257.2094,114257.2094,122298.3094,8041.1,8041.1,1035.4,0.128763,1,p:2.2.2.1.3.2
U384,16,FUSE0,114337.6094,114337.6094,118470.3094,4132.7,4132.7,941.0,0.227696,1,p:1.3.3.1.2.2
U385,16,FUSE0,114453.6094,114453.6094,118022.4344,3568.825,3568.825,941.0,0.263672,1,p:2.1.5.2.2.1
U386,16,FUSE0,114569.6094,114569.6094,117904.8344,3335.225,3335.225,941.0,0.28214,1,p:1.2.1.2.1.1
U387,16,FUSE0,114667.2094,114667.2094,117194.3094,2527.1,2527.1,941.0,0.372364,1,p:2.3.4.1.1.2
U388,16,FUSE0,114685.6094,114685.6094,118138.4344,3452.825,3452.825,941.0,0.27253,1,p:1.1.3.2.3.1
U389,16,FUSE0,114783.2094,114783.2094,119630.3094,4847.1,4847.1,941.0,0.194137,1,p:2.2.5.1.3.2
U390,16,FUSE0,114862.0094,114862.0094,120056.7094,5194.7,5194.7,941.0,0.181146,1,p:1.3.2.2.1.1
U391,16,FUSE0,114899.2094,114899.2094,118934.3094,4035.1,4035.1,941.0,0.233204,1,p:2.1.1.1.2.2
U392,16,FUSE0,114978.0094,114978.0094,120526.8344,5548.825,5548.825,941.0,0.169585,1,p:1.2.4.2.2.1
U393,16,FUSE1,115015.2094,115015.2094,117658.3094,2643.1,2643.1,1003.0,0.379479,1,p:2.3.3.1.1.2
U394,16,FUSE1,115094.0094,115094.0094,116921.9094,1827.9,1827.9,1003.0,0.548717,1,p:1.1.5.2.1.1
U395,16,FUSE1,115131.2094,115131.2094,123110.3094,7979.1,7979.1,1003.0,0.125703,1,p:2.2.2.1.2.2
U396,16,FUSE1,115247.2094,115247.2094,118370.4344,3123.225,3123.225,1003.0,0.321142,1,p:1.3.1.2.3.1
U397,16,FUSE1,115257.2094,115257.2094,118702.3094,3445.1,3445.1,1003.0,0.291138,1,p:2.1.4.1.3.2
U398,16,FUSE1,115363.2094,115363.2094,120758.8344,5395.625,5395.625,1003.0,0.185891,1,p:1.2.3.2.2.1
U399,16,FUSE1,115431.7344,115431.7344,119746.3094,4314.575,4314.575,1003.0,0.232468,1,p:2.3.5.1.2.2
U400,16,FUSE1,115479.2094,115479.2094,121922.3094,6443.1,6443.1,1003.0,0.15567,1,p:1.1.2.2.3.1
U401,16,FUSE1,115561.2094,115561.2094,119514.3094,3953.1,3953.1,1003.0,0.253725,1,p:2.2.1.1.1.2
U402,16,FUSE2,115595.2094,115595.2094,117555.2344,1960.025,1960.025,1035.4,0.528259,1,p:1.3.4.2.1.1
U403,16,FUSE2,115677.2094,115677.2094,119050.3094,3373.1,3373.1,1035.4,0.306958,1,p:2.1.3.1.3.2
U404,16,FUSE2,115711.2094,115711.2094,120874.8344,5163.625,5163.625,1035.4,0.200518,1,p:1.2.5.2.3.1
U405,16,FUSE2,115793.2094,115793.2094,121254.3094,5461.1,5461.1,1035.4,0.189596,1,p:2.3.2.1.1.2
U406,16,FUSE2,115827.2094,115827.2094,119592.7094,3765.5,3765.5,1035.4,0.27497,1,p:1.1.1.2.2.1
U407,16,FUSE2,115909.2094,115909.2094,121022.3094,5113.1,5113.1,1035.4,0.202499,1,p:2.2.4.1.2.2
U408,16,FUSE2,116025.2094,116025.2094,120294.8344,4269.625,4269.625,1035.4,0.242504,1,p:1.3.3.2.2.1
U409,16,FUSE2,116065.6094,116065.6094,118238.3094,2172.7,2172.7,1035.4,0.47655,1,p:2.1.5.1.1.2
U4731,189,FUSE0,116141.2094,116141.2094,122966.3094,6825.1,6825.1,941.0,0.137873,1,p:1.2.2.2.1.1
U4732,189,FUSE0,116181.6094,116181.6094,119398.3094,3216.7,3216.7,941.0,0.292536,1,p:2.3.1.1.3.2
U4733,189,FUSE0,116257.2094,116257.2094,119244.7094,2987.5,2987.5,941.0,0.314979,1,p:1.1.4.2.3.1
U4734,189,FUSE0,116297.6094,116297.6094,123690.3094,7392.7,7392.7,941.0,0.127288,1,p:2.2.2.1.2.2
U4735,189,FUSE0,116373.2094,116373.2094,118486.4344,2113.225,2113.225,941.0,0.445291,1,p:1.3.1.2.1.1
U4736,189,FUSE0,116413.6094,116413.6094,119862.3094,3448.7,3448.7,941.0,0.272856,1,p:2.1.3.1.3.2
U4737,189,FUSE0,116489.2094,116489.2094,121574.3094,5085.1,5085.1,941.0,0.18505,1,p:1.2.5.2.2.1
U4738,189,FUSE0,116529.6094,116529.6094,119166.3094,2636.7,2636.7,941.0,0.356886,1,p:2.3.4.1.1.2
U4739,189,FUSE0,116605.2094,116605.2094,122386.3094,5781.1,5781.1,941.0,0.162772,1,p:1.1.2.2.3.1
U4740,189,FUSE0,116645.6094,116645.6094,121370.3094,4724.7,4724.7,941.0,0.199166,1,p:2.2.1.1.2.2
U4741,189,FUSE1,116721.2094,116721.2094,118602.4344,1881.225,1881.225,1003.0,0.533163,1,p:1.3.3.2.1.1
U4742,189,FUSE1,116761.6094,116761.6094,120326.3094,3564.7,3564.7,1003.0,0.28137,1,p:2.1.5.1.3.2
U4743,189,FUSE1,116837.2094,116837.2094,121806.3094,4969.1,4969.1,1003.0,0.201847,1,p:1.2.4.2.2.1
U4744,189,FUSE1,116877.6094,116877.6094,122182.3094,5304.7,5304.7,1003.0,0.189078,1,p:2.3.2.1.1.2
U4745,189,FUSE1,116953.2094,116953.2094,119940.7094,2987.5,2987.5,1003.0,0.335732,1,p:1.1.1.2.3.1
U4746,189,FUSE1,116993.6094,116993.6094,121602.3094,4608.7,4608.7,1003.0,0.217632,1,p:2.2.3.1.2.2
U4747,189,FUSE1,117069.2094,117069.2094,119360.7094,2291.5,2291.5,1003.0,0.437705,1,p:1.3.5.2.1.1
U4748,189,FUSE1,117109.6094,117109.6094,120674.3094,3564.7,3564.7,1003.0,0.28137,1,p:2.1.4.1.3.2
U4749,189,FUSE1,117185.2094,117185.2094,124706.3094,7521.1,7521.1,1003.0,0.133358,1,p:1.2.2.2.2.1
U4750,189,FUSE2,117225.6094,117225.6094,119978.3094,2752.7,2752.7,1035.4,0.37614,1,p:2.3.1.1.1.2
U4751,189,FUSE2,117341.6094,117341.6094,120642.8344,3301.225,3301.225,1035.4,0.313641,1,p:1.1.3.2.3.1
U4752,189,FUSE2,117354.5344,117354.5344,122066.3094,4711.775,4711.775,1035.4,0.219747,1,p:2.2.5.1.2.2
U4753,189,FUSE2,117457.6094,117457.6094,120410.8344,2953.225,2953.225,1035.4,0.3506,1,p:1.3.4.2.1.1
U4754,189,FUSE2,117470.5344,117470.5344,123458.3094,5987.775,5987.775,1035.4,0.172919,1,p:2.1.2.1.3.2
U4755,189,FUSE2,117573.6094,117573.6094,122154.3094,4580.7,4580.7,1035.4,0.226035,1,p:1.2.1.2.2.1
U4756,189,FUSE2,117586.5344,117586.5344,120094.3094,2507.775,2507.775,1035.4,0.412876,1,p:2.3.3.1.1.2
U4757,189,FUSE2,117689.6094,117689.6094,120994.3094,3304.7,3304.7,1035.4,0.313311,1,p:1.1.5.2.3.1
U4758,189,FUSE2,117704.1344,117704.1344,122414.3094,4710.175,4710.175,1035.4,0.219822,1,p:2.2.4.1.2.2
U4759,189,FUSE2,117805.6094,117805.6094,124154.3094,6348.7,6348.7,1035.4,0.163089,1,p:1.3.2.1.3.2
U8588,344,FUSE0,117820.1344,117820.1344,120172.7094,2352.575,2352.575,941.0,0.399987,1,p:2.1.1.2.1.1
U8589,344,FUSE0,117921.6094,117921.6094,122502.3094,4580.7,4580.7,941.0,0.205427,1,p:1.2.3.2.2.1
U8590,344,FUSE0,117936.1344,117936.1344,120790.3094,2854.175,2854.175,941.0,0.329692,1,p:2.3.5.1.1.2
U8591,344,FUSE0,118037.6094,118037.6094,121342.3094,3304.7,3304.7,941.0,0.284746,1,p:1.1.4.2.3.1
U8592,344,FUSE0,118053.7344,118053.7344,122762.3094,4708.575,4708.575,941.0,0.199848,1,p:2.2.1.1.2.2
U8593,344,FUSE0,118153.6094,118153.6094,123546.3094,5392.7,5392.7,941.0,0.174495,1,p:1.3.2.2.1.1
U8594,344,FUSE0,118169.7344,118169.7344,121138.3094,2968.575,2968.575,941.0,0.316987,1,p:2.1.3.1.3.2
U8595,344,FUSE1,118269.6094,118269.6094,122850.3094,4580.7,4580.7,1003.0,0.218962,1,p:1.2.5.2.2.1
U8596,344,FUSE1,118285.7344,118285.7344,120906.3094,2620.575,2620.575,1003.0,0.38274,1,p:2.3.4.1.1.2
U8597,344,FUSE1,118385.6094,118385.6094,121458.3094,3072.7,3072.7,1003.0,0.326423,1,p:1.1.1.2.3.1
U8598,344,FUSE1,118401.7344,118401.7344,126010.3094,7608.575,7608.575,1003.0,0.131825,1,p:2.2.2.1.2.2
U8599,344,FUSE1,118501.6094,118501.6094,121110.3094,2608.7,2608.7,1003.0,0.384483,1,p:1.3.3.2.1.1
U8600,344,FUSE1,118517.7344,118517.7344,121834.3094,3316.575,3316.575,1003.0,0.30242,1,p:2.1.5.1.3.2
U8601,344,FUSE1,118617.6094,118617.6094,123198.3094,4580.7,4580.7,1003.0,0.218962,1,p:1.2.4.2.2.1
U8602,344,FUSE2,118633.7344,118633.7344,121486.3094,2852.575,2852.575,1035.4,0.36297,1,p:2.3.1.1.1.2
U8603,344,FUSE2,118733.6094,118733.6094,125054.3094,6320.7,6320.7,1035.4,0.163811,1,p:1.1.2.2.3.1
U8604,344,FUSE2,118749.7344,118749.7344,123342.3094,4592.575,4592.575,1035.4,0.225451,1,p:2.2.3.1.2.2
U8605,344,FUSE2,118849.6094,118849.6094,121690.3094,2840.7,2840.7,1035.4,0.364488,1,p:1.3.5.2.1.1
U8606,344,FUSE2,118928.0094,118928.0094,121950.3094,3022.3,3022.3,1035.4,0.342587,1,p:2.1.4.1.3.2
U8607,344,FUSE2,118965.6094,118965.6094,123662.3094,4696.7,4696.7,1035.4,0.220453,1,p:1.2.1.2.2.1
U8608,344,FUSE2,119044.0094,119044.0094,125402.3094,6358.3,6358.3,1035.4,0.162842,1,p:2.3.2.2.3.1
U6848,274,FUSE0,119081.6094,119081.6094,121718.3094,2636.7,2636.7,941.0,0.356886,1,p:1.1.3.1.1.2
U6849,274,FUSE0,119160.0094,119160.0094,124038.3094,4878.3,4878.3,941.0,0.192895,1,p:2.2.5.1.2.2
U6850,274,FUSE0,119197.6094,119197.6094,122038.3094,2840.7,2840.7,941.0,0.331256,1,p:1.3.4.2.1.1
U6851,274,FUSE0,119276.0094,119276.0094,122530.3094,3254.3,3254.3,941.0,0.289156,1,p:2.1.1.1.3.2
U6852,274,FUSE0,119313.6094,119313.6094,124010.3094,4696.7,4696.7,941.0,0.200353,1,p:1.2.3.2.2.1
U6853,274,FUSE0,119392.0094,119392.0094,124850.3094,5458.3,5458.3,941.0,0.172398,1,p:2.3.2.1.1.2
U6854,274,FUSE0,119429.6094,119429.6094,122734.3094,3304.7,3304.7,941.0,0.284746,1,p:1.1.5.2.3.1
U6855,274,FUSE0,119508.0094,119508.0094,124386.3094,4878.3,4878.3,941.0,0.192895,1,p:2.2.4.1.2.2
U6856,274,FUSE0,119545.6094,119545.6094,122270.3094,2724.7,2724.7,941.0,0.345359,1,p:1.3.1.2.1.1
U6857,274,FUSE0,119624.0094,119624.0094,122994.3094,3370.3,3370.3,941.0,0.279204,1,p:2.1.3.1.3.2
U6858,274,FUSE1,119661.6094,119661.6094,127026.3094,7364.7,7364.7,1003.0,0.13619,1,p:1.2.2.2.2.1
U6859,274,FUSE1,119740.0094,119740.0094,122646.3094,2906.3,2906.3,1003.0,0.345112,1,p:2.3.5.1.1.2
U6860,274,FUSE1,119777.6094,119777.6094,123082.3094,3304.7,3304.7,1003.0,0.303507,1,p:1.1.4.2.3.1
U6861,274,FUSE1,119856.0094,119856.0094,124734.3094,4878.3,4878.3,1003.0,0.205604,1,p:2.2.1.1.2.2
U6862,274,FUSE1,119893.6094,119893.6094,122618.3094,2724.7,2724.7,1003.0,0.368114,1,p:1.3.3.2.1.1
U6863,274,FUSE1,119972.0094,119972.0094,126474.3094,6502.3,6502.3,1003.0,0.154253,1,p:2.1.2.1.3.2
U6864,274,FUSE1,120009.6094,120009.6094,124938.3094,4928.7,4928.7,1003.0,0.203502,1,p:1.2.5.2.2.1
U6865,274,FUSE1,120088.0094,120088.0094,122878.3094,2790.3,2790.3,1003.0,0.35946,1,p:2.3.4.1.1.2
U6866,274,FUSE1,120125.6094,120125.6094,123314.3094,3188.7,3188.7,1003.0,0.314548,1,p:1.1.1.2.3.1
U6867,274,FUSE1,120204.0094,120204.0094,125198.3094,4994.3,4994.3,1003.0,0.200829,1,p:2.2.3.1.2.2
U6868,274,FUSE2,120241.6094,120241.6094,125866.3094,5624.7,5624.7,1035.4,0.184081,1,p:1.3.2.2.1.1
U6869,274,FUSE2,120326.1344,120326.1344,123574.3094,3248.175,3248.175,1035.4,0.318764,1,p:2.1.5.1.3.2
U6870,274,FUSE2,120357.6094,120357.6094,125286.3094,4928.7,4928.7,1035.4,0.210076,1,p:1.2.4.2.2.1
U6871,274,FUSE2,120442.1344,120442.1344,123226.3094,2784.175,2784.175,1035.4,0.371888,1,p:2.3.1.1.1.2
U6872,274,FUSE2,120473.6094,120473.6094,123894.3094,3420.7,3420.7,1035.4,0.302687,1,p:1.1.3.2.3.1
U6873,274,FUSE2,120558.1344,120558.1344,127982.3094,7424.175,7424.175,1035.4,0.139463,1,p:2.2.2.1.2.2
U6874,274,FUSE2,120589.6094,120589.6094,123430.3094,2840.7,2840.7,1035.4,0.364488,1,p:1.3.5.2.1.1
U6875,274,FUSE2,120674.1344,120674.1344,123922.3094,3248.175,3248.175,1035.4,0.318764,1,p:2.1.4.1.3.2
U6876,274,FUSE2,120705.6094,120705.6094,124270.3094,3564.7,3564.7,1035.4,0.290459,1,p:1.2.1.1.1.2
U718,29,FUSE0,120790.1344,120790.1344,124358.3094,3568.175,3568.175,941.0,0.26372,1,p:2.3.3.2.2.1
U719,29,FUSE0,120821.6094,120821.6094,126910.3094,6088.7,6088.7,941.0,0.154549,1,p:1.1.2.2.3.1
U720,29,FUSE0,120906.1344,120906.1344,125546.3094,4640.175,4640.175,941.0,0.202794,1,p:2.2.5.1.2.2
U721,29,FUSE0,120937.6094,120937.6094,123778.3094,2840.7,2840.7,941.0,0.331256,1,p:1.3.4.2.1.1
U722,29,FUSE0,121025.6094,121025.6094,124502.3094,3476.7,3476.7,941.0,0.270659,1,p:2.1.3.1.3.2
U723,29,FUSE0,121053.6094,121053.6094,126214.3094,5160.7,5160.7,941.0,0.18234,1,p:1.2.1.2.2.1
U724,29,FUSE0,121141.6094,121141.6094,126590.3094,5448.7,5448.7,941.0,0.172702,1,p:2.3.2.1.1.2
U725,29,FUSE0,121169.6094,121169.6094,124474.3094,3304.7,3304.7,941.0,0.284746,1,p:1.1.5.2.3.1
U726,29,FUSE1,121257.6094,121257.6094,125778.3094,4520.7,4520.7,1003.0,0.221868,1,p:2.2.4.1.2.2
U727,29,FUSE1,121285.6094,121285.6094,124126.3094,2840.7,2840.7,1003.0,0.353082,1,p:1.3.3.2.1.1
U728,29,FUSE1,121373.6094,121373.6094,124966.3094,3592.7,3592.7,1003.0,0.279177,1,p:2.1.1.1.3.2
U729,29,FUSE1,121401.6094,121401.6094,128766.3094,7364.7,7364.7,1003.0,0.13619,1,p:1.2.2.2.2.1
U730,29,FUSE1,121489.6094,121489.6094,123806.3094,2316.7,2316.7,1003.0,0.432943,1,p:2.3.5.1.1.2
U731,29,FUSE1,121517.6094,121517.6094,124590.3094,3072.7,3072.7,1003.0,0.326423,1,p:1.1.4.2.3.1
U732,29,FUSE1,121605.6094,121605.6094,126358.3094,4752.7,4752.7,1003.0,0.211038,1,p:2.2.3.1.2.2
U733,29,FUSE1,121633.6094,121633.6094,124242.3094,2608.7,2608.7,1003.0,0.384483,1,p:1.3.1.2.1.1
U734,29,FUSE2,121721.6094,121721.6094,127866.3094,6144.7,6144.7,1035.4,0.168503,1,p:2.1.2.1.3.2
U735,29,FUSE2,121749.6094,121749.6094,126446.3094,4696.7,4696.7,1035.4,0.220453,1,p:1.2.5.2.2.1
U736,29,FUSE2,121837.6094,121837.6094,124618.3094,2780.7,2780.7,1035.4,0.372352,1,p:2.3.4.1.1.2
U737,29,FUSE2,121865.6094,121865.6094,125750.3094,3884.7,3884.7,1035.4,0.266533,1,p:1.1.3.2.3.1
U738,29,FUSE2,121953.6094,121953.6094,126706.3094,4752.7,4752.7,1035.4,0.217855,1,p:2.2.1.1.2.2
U739,29,FUSE2,121981.6094,121981.6094,127606.3094,5624.7,5624.7,1035.4,0.184081,1,p:1.3.2.2.1.1
U740,29,FUSE2,122069.6094,122069.6094,125314.3094,3244.7,3244.7,1035.4,0.319105,1,p:2.1.5.1.3.2
U741,29,FUSE2,122097.6094,122097.6094,125430.3094,3332.7,3332.7,1035.4,0.310679,1,p:1.2.4.1.1.2
U742,29,FUSE2,122185.6094,122185.6094,125982.3094,3796.7,3796.7,1035.4,0.272711,1,p:2.3.3.2.3.1
U4782,191,FUSE0,122213.6094,122213.6094,125634.3094,3420.7,3420.7,941.0,0.27509,1,p:1.1.1.2.2.1
U4783,191,FUSE0,122301.6094,122301.6094,129838.3094,7536.7,7536.7,941.0,0.124856,1,p:2.2.2.1.2.2
U4784,191,FUSE0,122329.6094,122329.6094,124822.3094,2492.7,2492.7,941.0,0.377502,1,p:1.3.5.2.1.1
U4785,191,FUSE0,122417.6094,122417.6094,125662.3094,3244.7,3244.7,941.0,0.290011,1,p:2.1.1.1.3.2
U4786,191,FUSE0,122445.6094,122445.6094,127142.3094,4696.7,4696.7,941.0,0.200353,1,p:1.2.4.2.2.1
U4787,191,FUSE0,122533.6094,122533.6094,125082.3094,2548.7,2548.7,941.0,0.369208,1,p:2.3.3.1.1.2
U4788,191,FUSE0,122561.6094,122561.6094,128650.3094,6088.7,6088.7,941.0,0.154549,1,p:1.1.2.2.3.1
U4789,191,FUSE0,122649.6094,122649.6094,127518.3094,4868.7,4868.7,941.0,0.193275,1,p:2.2.5.1.2.2
U4790,191,FUSE0,122677.6094,122677.6094,125170.3094,2492.7,2492.7,941.0,0.377502,1,p:1.3.1.2.1.1
U4791,191,FUSE1,122765.6094,122765.6094,126126.3094,3360.7,3360.7,1003.0,0.29845,1,p:2.1.4.1.3.2
U4792,191,FUSE1,122793.6094,122793.6094,127490.3094,4696.7,4696.7,1003.0,0.213554,1,p:1.2.3.2.2.1
U4793,191,FUSE1,122881.6094,122881.6094,128446.3094,5564.7,5564.7,1003.0,0.180243,1,p:2.3.2.1.1.2
U4794,191,FUSE1,122909.6094,122909.6094,126330.3094,3420.7,3420.7,1003.0,0.293215,1,p:1.1.5.2.3.1
U4795,191,FUSE1,122997.6094,122997.6094,127750.3094,4752.7,4752.7,1003.0,0.211038,1,p:2.2.1.1.2.2
U4796,191,FUSE1,123025.6094,123025.6094,125518.3094,2492.7,2492.7,1003.0,0.402375,1,p:1.3.4.2.1.1
U4797,191,FUSE1,123113.6094,123113.6094,126822.3094,3708.7,3708.7,1003.0,0.270445,1,p:2.1.3.1.3.2
U4798,191,FUSE1,123141.6094,123141.6094,131006.8344,7865.225,7865.225,1003.0,0.127523,1,p:1.2.2.2.2.1
U4799,191,FUSE1,123229.6094,123229.6094,125894.3094,2664.7,2664.7,1003.0,0.376403,1,p:2.3.5.1.1.2
U4800,191,FUSE2,123257.6094,123257.6094,126562.3094,3304.7,3304.7,1035.4,0.313311,1,p:1.1.1.2.3.1
U4801,191,FUSE2,123345.6094,123345.6094,128330.3094,4984.7,4984.7,1035.4,0.207716,1,p:2.2.4.1.2.2
U4802,191,FUSE2,123373.6094,123373.6094,126098.3094,2724.7,2724.7,1035.4,0.380005,1,p:1.3.3.2.1.1
U4803,191,FUSE2,123461.6094,123461.6094,129606.3094,6144.7,6144.7,1035.4,0.168503,1,p:2.1.2.1.3.2
U4804,191,FUSE2,123489.6094,123489.6094,128070.3094,4580.7,4580.7,1035.4,0.226035,1,p:1.2.5.2.2.1
U4805,191,FUSE2,123577.6094,123577.6094,126242.3094,2664.7,2664.7,1035.4,0.388562,1,p:2.3.1.1.1.2
U4806,191,FUSE2,123605.6094,123605.6094,126938.3094,3332.7,3332.7,1035.4,0.310679,1,p:1.1.4.1.2.2
U4807,191,FUSE2,123693.6094,123693.6094,127374.3094,3680.7,3680.7,1035.4,0.281305,1,p:2.2.3.2.1.1
U6529,261,FUSE0,123721.6094,123721.6094,129962.8344,6241.225,6241.225,941.0,0.150772,1,p:1.3.2.2.3.1
U6530,261,FUSE0,123809.6094,123809.6094,127170.3094,3360.7,3360.7,941.0,0.280001,1,p:2.1.5.1.3.2
U6531,261,FUSE0,123837.6094,123837.6094,128418.3094,4580.7,4580.7,941.0,0.205427,1,p:1.2.1.2.2.1
U6532,261,FUSE0,123925.6094,123925.6094,129374.3094,5448.7,5448.7,941.0,0.172702,1,p:2.3.2.1.1.2
U6533,261,FUSE0,123953.6094,123953.6094,127258.3094,3304.7,3304.7,941.0,0.284746,1,p:1.1.4.2.3.1
U6534,261,FUSE0,124041.6094,124041.6094,128678.3094,4636.7,4636.7,941.0,0.202946,1,p:2.2.3.1.2.2
U6535,261,FUSE0,124069.6094,124069.6094,126678.3094,2608.7,2608.7,941.0,0.360716,1,p:1.3.5.2.1.1
U6536,261,FUSE0,124157.6094,124157.6094,127402.3094,3244.7,3244.7,941.0,0.290011,1,p:2.1.1.1.3.2
U6537,261,FUSE1,124185.6094,124185.6094,132177.9094,7992.3,7992.3,1003.0,0.125496,1,p:1.2.2.2.2.1
U6538,261,FUSE1,124273.6094,124273.6094,127054.3094,2780.7,2780.7,1003.0,0.360701,1,p:2.3.4.1.1.2
U6539,261,FUSE1,124301.6094,124301.6094,127722.3094,3420.7,3420.7,1003.0,0.293215,1,p:1.1.3.2.3.1
U6540,261,FUSE1,124389.6094,124389.6094,129026.3094,4636.7,4636.7,1003.0,0.216318,1,p:2.2.5.1.2.2
U6541,261,FUSE1,124417.6094,124417.6094,126794.3094,2376.7,2376.7,1003.0,0.422014,1,p:1.3.1.2.1.1
U6542,261,FUSE1,124505.6094,124505.6094,130186.3094,5680.7,5680.7,1003.0,0.176563,1,p:2.1.2.1.3.2
U6543,261,FUSE1,124533.6094,124533.6094,129034.8344,4501.225,4501.225,1003.0,0.222828,1,p:1.2.4.2.2.1
U6544,261,FUSE1,124621.6094,124621.6094,127286.3094,2664.7,2664.7,1003.0,0.376403,1,p:2.3.3.1.1.2
U6545,261,FUSE2,124649.6094,124649.6094,127954.3094,3304.7,3304.7,1035.4,0.313311,1,p:1.1.5.2.3.1
U6546,261,FUSE2,124737.6094,124737.6094,129490.3094,4752.7,4752.7,1035.4,0.217855,1,p:2.2.1.1.2.2
U6547,261,FUSE2,124765.6094,124765.6094,130078.8344,5313.225,5313.225,1035.4,0.194872,1,p:1.3.2.2.1.1
U6548,261,FUSE2,124853.6094,124853.6094,128562.3094,3708.7,3708.7,1035.4,0.279181,1,p:2.1.4.1.3.2
U6549,261,FUSE2,124881.6094,124881.6094,129498.8344,4617.225,4617.225,1035.4,0.224247,1,p:1.2.3.2.2.1
U6550,261,FUSE2,124969.6094,124969.6094,127634.3094,2664.7,2664.7,1035.4,0.388562,1,p:2.3.5.1.1.2
U6551,261,FUSE2,124997.6094,124997.6094,128302.3094,3304.7,3304.7,1035.4,0.313311,1,p:1.1.1.2.3.1
U8480,339,FUSE0,125085.6094,125085.6094,132444.0344,7358.425,7358.425,941.0,0.127881,1,p:2.2.2.1.2.2
U8481,339,FUSE0,125113.6094,125113.6094,127838.3094,2724.7,2724.7,941.0,0.345359,1,p:1.3.4.2.1.1
U8482,339,FUSE0,125201.6094,125201.6094,128214.3094,3012.7,3012.7,941.0,0.312344,1,p:2.1.3.1.3.2
U8483,339,FUSE0,125229.6094,125229.6094,130426.8344,5197.225,5197.225,941.0,0.181058,1,p:1.2.5.2.2.1
U8484,339,FUSE0,125317.6094,125317.6094,128098.3094,2780.7,2780.7,941.0,0.338404,1,p:2.3.1.1.1.2
U8485,339,FUSE0,125345.6094,125345.6094,131122.8344,5777.225,5777.225,941.0,0.162881,1,p:1.1.2.2.3.1
U8486,339,FUSE0,125433.6094,125433.6094,130302.3094,4868.7,4868.7,941.0,0.193275,1,p:2.2.4.1.2.2
U8487,339,FUSE0,125461.6094,125461.6094,128186.3094,2724.7,2724.7,941.0,0.345359,1,p:1.3.3.2.1.1
U8488,339,FUSE1,125549.6094,125549.6094,128910.3094,3360.7,3360.7,1003.0,0.29845,1,p:2.1.5.1.3.2
U8489,339,FUSE1,125577.6094,125577.6094,130658.8344,5081.225,5081.225,1003.0,0.197393,1,p:1.2.1.2.2.1
U8490,339,FUSE1,125665.6094,125665.6094,131168.0344,5502.425,5502.425,1003.0,0.182283,1,p:2.3.2.1.1.2
U8491,339,FUSE1,125693.6094,125693.6094,129150.8344,3457.225,3457.225,1003.0,0.290117,1,p:1.1.4.2.3.1
U8492,339,FUSE1,125781.6094,125781.6094,130588.0344,4806.425,4806.425,1003.0,0.208679,1,p:2.2.3.1.2.2
U8493,339,FUSE1,125809.6094,125809.6094,128534.3094,2724.7,2724.7,1003.0,0.368114,1,p:1.3.5.2.1.1
U8494,339,FUSE1,125897.6094,125897.6094,129142.3094,3244.7,3244.7,1003.0,0.309119,1,p:2.1.1.1.3.2
U8495,339,FUSE1,125925.6094,125925.6094,134149.9094,8224.3,8224.3,1003.0,0.121956,1,p:1.2.2.2.2.1
U8496,339,FUSE2,126013.6094,126013.6094,128794.3094,2780.7,2780.7,1035.4,0.372352,1,p:2.3.4.1.1.2
U8497,339,FUSE2,126041.6094,126041.6094,129266.8344,3225.225,3225.225,1035.4,0.321032,1,p:1.1.3.2.3.1
U8498,339,FUSE2,126129.6094,126129.6094,131400.0344,5270.425,5270.425,1035.4,0.196455,1,p:2.2.5.1.2.2
U8499,339,FUSE2,126157.6094,126157.6094,128882.3094,2724.7,2724.7,1035.4,0.380005,1,p:1.3.1.2.1.1
U8500,339,FUSE2,126245.6094,126245.6094,132212.0344,5966.425,5966.425,1035.4,0.173538,1,p:2.1.2.1.3.2
U8501,339,FUSE2,126273.6094,126273.6094,131713.9094,5440.3,5440.3,1035.4,0.19032,1,p:1.2.4.2.2.1
U8502,339,FUSE2,126361.6094,126361.6094,129258.3094,2896.7,2896.7,1035.4,0.357441,1,p:2.3.3.1.1.2
U8503,339,FUSE2,126389.6094,126389.6094,129614.8344,3225.225,3225.225,1035.4,0.321032,1,p:1.1.5.2.3.1
U8504,339,FUSE2,126477.6094,126477.6094,130542.8344,4065.225,4065.225,1035.4,0.254697,1,p:2.2.1.2.1.1
U7801,312,FUSE0,126505.6094,126505.6094,133024.0344,6518.425,6518.425,941.0,0.14436,1,p:1.3.2.1.2.2
U7802,312,FUSE0,126593.6094,126593.6094,129846.8344,3253.225,3253.225,941.0,0.289251,1,p:2.1.4.2.2.1
U7803,312,FUSE0,126621.6094,126621.6094,130704.0344,4082.425,4082.425,941.0,0.2305,1,p:1.2.3.1.3.2
U7804,312,FUSE0,126709.6094,126709.6094,129722.3094,3012.7,3012.7,941.0,0.312344,1,p:2.3.5.1.1.2
U7805,312,FUSE0,126737.6094,126737.6094,132989.9094,6252.3,6252.3,941.0,0.150505,1,p:1.1.2.2.3.1
U7806,312,FUSE0,126825.6094,126825.6094,131052.0344,4226.425,4226.425,941.0,0.222647,1,p:2.2.4.1.3.2
U7807,312,FUSE0,126853.6094,126853.6094,129382.8344,2529.225,2529.225,941.0,0.372051,1,p:1.3.3.2.1.1
U7808,312,FUSE0,126941.6094,126941.6094,130070.3094,3128.7,3128.7,941.0,0.300764,1,p:2.1.1.1.2.2
U7809,312,FUSE0,126969.6094,126969.6094,132409.9094,5440.3,5440.3,941.0,0.172968,1,p:1.2.5.2.2.1
U7810,312,FUSE1,127057.6094,127057.6094,132560.0344,5502.425,5502.425,1003.0,0.182283,1,p:2.3.2.1.1.2
U7811,312,FUSE1,127085.6094,127085.6094,129730.8344,2645.225,2645.225,1003.0,0.379174,1,p:1.1.4.2.1.1
U7812,312,FUSE1,127173.6094,127173.6094,131864.0344,4690.425,4690.425,1003.0,0.21384,1,p:2.2.3.1.2.2
U7813,312,FUSE1,127201.6094,127201.6094,130194.8344,2993.225,2993.225,1003.0,0.33509,1,p:1.3.1.2.3.1
U7814,312,FUSE1,127289.6094,127289.6094,130418.3094,3128.7,3128.7,1003.0,0.32058,1,p:2.1.5.1.3.2
U7815,312,FUSE1,127317.6094,127317.6094,134729.9094,7412.3,7412.3,1003.0,0.135316,1,p:1.2.2.2.2.1
U7816,312,FUSE1,127405.6094,127405.6094,130936.0344,3530.425,3530.425,1003.0,0.284102,1,p:2.3.4.1.2.2
U7817,312,FUSE1,127433.6094,127433.6094,130774.8344,3341.225,3341.225,1003.0,0.300189,1,p:1.1.3.2.3.1
U7818,312,FUSE1,127521.6094,127521.6094,131284.0344,3762.425,3762.425,1003.0,0.266583,1,p:2.2.1.1.1.2
U7819,312,FUSE2,127549.6094,127549.6094,130310.8344,2761.225,2761.225,1035.4,0.374978,1,p:1.3.5.2.1.1
U7820,312,FUSE2,127637.6094,127637.6094,133720.0344,6082.425,6082.425,1035.4,0.170228,1,p:2.1.2.1.3.2
U7821,312,FUSE2,127665.6094,127665.6094,132525.9094,4860.3,4860.3,1035.4,0.213032,1,p:1.2.4.2.3.1
U7822,312,FUSE2,127753.6094,127753.6094,129954.3094,2200.7,2200.7,1035.4,0.470487,1,p:2.3.3.1.1.2
U7823,312,FUSE2,127781.6094,127781.6094,131365.9094,3584.3,3584.3,1035.4,0.288871,1,p:1.1.1.2.2.1
U7824,312,FUSE2,127869.6094,127869.6094,132792.0344,4922.425,4922.425,1035.4,0.210343,1,p:2.2.5.1.2.2
U7825,312,FUSE2,127897.6094,127897.6094,134184.0344,6286.425,6286.425,1035.4,0.164704,1,p:1.3.2.1.3.2
U7826,312,FUSE2,127985.6094,127985.6094,131945.9094,3960.3,3960.3,1035.4,0.261445,1,p:2.1.4.2.2.1
U7827,312,FUSE2,128013.6094,128013.6094,131980.0344,3966.425,3966.425,1035.4,0.261041,1,p:1.2.3.1.1.2
U7253,290,FUSE0,128101.6094,128101.6094,130890.8344,2789.225,2789.225,941.0,0.33737,1,p:2.3.1.2.1.1
U7254,290,FUSE0,128129.6094,128129.6094,131481.9094,3352.3,3352.3,941.0,0.280703,1,p:1.1.5.2.3.1
U7255,290,FUSE0,128217.6094,128217.6094,133256.0344,5038.425,5038.425,941.0,0.186765,1,p:2.2.1.1.2.2
U7256,290,FUSE0,128245.6094,128245.6094,133569.9094,5324.3,5324.3,941.0,0.176737,1,p:1.3.2.2.1.1
U7257,290,FUSE0,128333.6094,128333.6094,131516.0344,3182.425,3182.425,941.0,0.295686,1,p:2.1.4.1.3.2
U7258,290,FUSE0,128361.6094,128361.6094,133337.9094,4976.3,4976.3,941.0,0.189096,1,p:1.2.3.2.2.1
U7259,290,FUSE0,128449.6094,128449.6094,130820.0344,2370.425,2370.425,941.0,0.396975,1,p:2.3.5.1.1.2
U7260,290,FUSE0,128477.6094,128477.6094,131829.9094,3352.3,3352.3,941.0,0.280703,1,p:1.1.1.2.3.1
U7261,290,FUSE1,128565.6094,128565.6094,135657.2344,7091.625,7091.625,1003.0,0.141434,1,p:2.2.2.1.2.2
U7262,290,FUSE1,128593.6094,128593.6094,131249.9094,2656.3,2656.3,1003.0,0.377593,1,p:1.3.4.2.1.1
U7263,290,FUSE1,128681.6094,128681.6094,131632.0344,2950.425,2950.425,1003.0,0.339951,1,p:2.1.3.1.3.2
U7264,290,FUSE1,128709.6094,128709.6094,133801.9094,5092.3,5092.3,1003.0,0.196964,1,p:1.2.5.2.2.1
U7265,290,FUSE1,128797.6094,128797.6094,131748.0344,2950.425,2950.425,1003.0,0.339951,1,p:2.3.1.1.1.2
U7266,290,FUSE1,128825.6094,128825.6094,135326.0344,6500.425,6500.425,1003.0,0.154298,1,p:1.1.2.2.3.1
U7267,290,FUSE1,128913.6094,128913.6094,133836.0344,4922.425,4922.425,1003.0,0.203761,1,p:2.2.4.1.2.2
U7268,290,FUSE1,128941.6094,128941.6094,131597.9094,2656.3,2656.3,1003.0,0.377593,1,p:1.3.3.2.1.1
U7269,290,FUSE2,129057.6094,129057.6094,132096.0344,3038.425,3038.425,1035.4,0.340769,1,p:2.1.5.1.3.2
U7270,290,FUSE2,129066.1344,129066.1344,134381.9094,5315.775,5315.775,1035.4,0.194779,1,p:1.2.1.2.2.1
U7271,290,FUSE2,129173.6094,129173.6094,134300.0344,5126.425,5126.425,1035.4,0.201973,1,p:2.3.2.1.1.2
U7272,290,FUSE2,129182.1344,129182.1344,132641.9094,3459.775,3459.775,1035.4,0.299268,1,p:1.1.4.2.3.1
U7273,290,FUSE2,129289.6094,129289.6094,134416.0344,5126.425,5126.425,1035.4,0.201973,1,p:2.2.3.1.2.2
U7274,290,FUSE2,129298.1344,129298.1344,132061.9094,2763.775,2763.775,1035.4,0.374633,1,p:1.3.5.2.1.1
U7275,290,FUSE2,129405.6094,129405.6094,132676.0344,3270.425,3270.425,1035.4,0.316595,1,p:2.1.1.1.3.2
U7276,290,FUSE2,129414.1344,129414.1344,135534.3094,6120.175,6120.175,1035.4,0.169178,1,p:1.2.2.1.1.2
U7277,290,FUSE2,129521.6094,129521.6094,133488.0344,3966.425,3966.425,1035.4,0.261041,1,p:2.3.4.1.2.2
U5556,222,FUSE0,129530.1344,129530.1344,132757.9094,3227.775,3227.775,941.0,0.291532,1,p:1.1.3.2.2.1
U5557,222,FUSE0,129637.6094,129637.6094,134265.9094,4628.3,4628.3,941.0,0.203314,1,p:2.2.5.2.3.1
U5558,222,FUSE0,129646.1344,129646.1344,132293.9094,2647.775,2647.775,941.0,0.355393,1,p:1.3.1.2.1.1
U5559,222,FUSE0,129753.6094,129753.6094,133140.0344,3386.425,3386.425,941.0,0.277874,1,p:2.1.3.1.3.2
U5560,222,FUSE0,129762.1344,129762.1344,138412.0344,8649.9,8649.9,941.0,0.108787,1,p:1.2.2.2.2.1
U5561,222,FUSE0,129869.6094,129869.6094,132328.0344,2458.425,2458.425,941.0,0.382765,1,p:2.3.5.1.1.2
U5562,222,FUSE0,129878.1344,129878.1344,133221.9094,3343.775,3343.775,941.0,0.281418,1,p:1.1.4.2.3.1
U5563,222,FUSE0,129985.6094,129985.6094,135112.0344,5126.425,5126.425,941.0,0.183559,1,p:2.2.1.1.2.2
U5564,222,FUSE0,129994.1344,129994.1344,132873.9094,2879.775,2879.775,941.0,0.326762,1,p:1.3.3.2.1.1
U5565,222,FUSE1,130101.6094,130101.6094,136122.8344,6021.225,6021.225,1003.0,0.166577,1,p:2.1.2.1.3.2
U5566,222,FUSE1,130110.1344,130110.1344,134978.0344,4867.9,4867.9,1003.0,0.206044,1,p:1.2.5.2.2.1
U5567,222,FUSE1,130217.6094,130217.6094,132908.0344,2690.425,2690.425,1003.0,0.372804,1,p:2.3.4.1.1.2
U5568,222,FUSE1,130226.1344,130226.1344,133453.9094,3227.775,3227.775,1003.0,0.31074,1,p:1.1.1.2.3.1
U5569,222,FUSE1,130333.6094,130333.6094,135228.0344,4894.425,4894.425,1003.0,0.204927,1,p:2.2.3.1.2.2
U5570,222,FUSE1,130342.1344,130342.1344,135210.0344,4867.9,4867.9,1003.0,0.206044,1,p:1.3.2.2.1.1
U5571,222,FUSE1,130449.6094,130449.6094,133604.0344,3154.425,3154.425,1003.0,0.317966,1,p:2.1.5.1.3.2
U5572,222,FUSE1,130458.1344,130458.1344,135442.0344,4983.9,4983.9,1003.0,0.201248,1,p:1.2.4.2.2.1
U5573,222,FUSE1,130574.1344,130574.1344,133372.0344,2797.9,2797.9,1003.0,0.358483,1,p:2.3.1.1.1.2
U5574,222,FUSE2,130619.3344,130619.3344,134033.9094,3414.575,3414.575,1035.4,0.30323,1,p:1.1.3.2.3.1
U5575,222,FUSE2,130690.1344,130690.1344,139968.7094,9278.575,9278.575,1035.4,0.11159,1,p:2.2.2.1.2.2
U5576,222,FUSE2,130735.3344,130735.3344,133105.9094,2370.575,2370.575,1035.4,0.436772,1,p:1.3.5.2.1.1
U5577,222,FUSE2,130806.1344,130806.1344,134532.0344,3725.9,3725.9,1035.4,0.277893,1,p:2.1.4.1.3.2
U5578,222,FUSE2,130851.3344,130851.3344,135558.0344,4706.7,4706.7,1035.4,0.219984,1,p:1.2.1.2.2.1
U5579,222,FUSE2,130922.1344,130922.1344,133952.0344,3029.9,3029.9,1035.4,0.341727,1,p:2.3.3.1.1.2
U5580,222,FUSE2,130967.3344,130967.3344,136901.1094,5933.775,5933.775,1035.4,0.174493,1,p:1.1.2.2.3.1
U5581,222,FUSE2,131038.1344,131038.1344,135773.2344,4735.1,4735.1,1035.4,0.218665,1,p:2.2.5.1.3.2
U5582,222,FUSE2,131083.3344,131083.3344,133917.9094,2834.575,2834.575,1035.4,0.365275,1,p:1.3.4.2.1.1
U4132,166,FUSE0,131154.1344,131154.1344,134648.0344,3493.9,3493.9,941.0,0.269327,1,p:2.1.1.1.2.2
U4133,166,FUSE0,131199.3344,131199.3344,135852.0344,4652.7,4652.7,941.0,0.202248,1,p:1.2.3.2.2.1
U4134,166,FUSE0,131281.2094,131281.2094,136239.9094,4958.7,4958.7,941.0,0.189767,1,p:2.3.2.1.1.2
U4135,166,FUSE0,131315.3344,131315.3344,133685.9094,2370.575,2370.575,941.0,0.39695,1,p:1.1.5.2.1.1
U4136,166,FUSE0,131397.2094,131397.2094,136531.2344,5134.025,5134.025,941.0,0.183287,1,p:2.2.4.1.2.2
U4137,166,FUSE0,131431.3344,131431.3344,134613.9094,3182.575,3182.575,941.0,0.295673,1,p:1.3.1.2.3.1
U4138,166,FUSE0,131513.2094,131513.2094,134880.0344,3366.825,3366.825,941.0,0.279492,1,p:2.1.3.1.3.2
U4139,166,FUSE0,131547.3344,131547.3344,140745.1094,9197.775,9197.775,941.0,0.102307,1,p:1.2.2.2.2.1
U4140,166,FUSE0,131629.2094,131629.2094,134068.0344,2438.825,2438.825,941.0,0.385842,1,p:2.3.5.1.1.2
U4141,166,FUSE1,131663.3344,131663.3344,134845.9094,3182.575,3182.575,1003.0,0.315154,1,p:1.1.4.2.3.1
U4142,166,FUSE1,131745.2094,131745.2094,137111.2344,5366.025,5366.025,1003.0,0.186917,1,p:2.2.1.1.2.2
U4143,166,FUSE1,131779.3344,131779.3344,134497.9094,2718.575,2718.575,1003.0,0.368943,1,p:1.3.3.2.1.1
U4144,166,FUSE1,131861.2094,131861.2094,137807.2344,5946.025,5946.025,1003.0,0.168684,1,p:2.1.2.1.3.2
U4145,166,FUSE1,131895.3344,131895.3344,137250.4344,5355.1,5355.1,1003.0,0.187298,1,p:1.2.5.2.2.1
U4146,166,FUSE1,131977.2094,131977.2094,134764.0344,2786.825,2786.825,1003.0,0.359908,1,p:2.3.4.1.1.2
U4147,166,FUSE1,132011.3344,132011.3344,135094.0344,3082.7,3082.7,1003.0,0.325364,1,p:1.1.1.2.3.1
U4148,166,FUSE1,132093.2094,132093.2094,137575.2344,5482.025,5482.025,1003.0,0.182962,1,p:2.2.3.1.2.2
U4149,166,FUSE1,132127.3344,132127.3344,137832.0344,5704.7,5704.7,1003.0,0.17582,1,p:1.3.2.2.1.1
U4150,166,FUSE2,132209.2094,132209.2094,135344.0344,3134.825,3134.825,1035.4,0.33029,1,p:2.1.5.1.3.2
U4151,166,FUSE2,132243.3344,132243.3344,137948.0344,5704.7,5704.7,1035.4,0.181499,1,p:1.2.4.2.2.1
U4152,166,FUSE2,132325.2094,132325.2094,134996.0344,2670.825,2670.825,1035.4,0.38767,1,p:2.3.1.1.1.2
U4153,166,FUSE2,132359.3344,132359.3344,135674.0344,3314.7,3314.7,1035.4,0.312366,1,p:1.1.3.2.3.1
U4154,166,FUSE2,132441.2094,132441.2094,141987.9094,9546.7,9546.7,1035.4,0.108456,1,p:2.2.2.1.2.2
U4155,166,FUSE2,132475.3344,132475.3344,135968.0344,3492.7,3492.7,1035.4,0.296447,1,p:1.3.5.2.3.1
U4156,166,FUSE2,132557.2094,132557.2094,136006.8344,3449.625,3449.625,1035.4,0.300149,1,p:2.1.4.1.2.2
U4157,166,FUSE2,132591.3344,132591.3344,136084.0344,3492.7,3492.7,1035.4,0.296447,1,p:1.2.1.2.1.1
U4158,166,FUSE2,132673.2094,132673.2094,136201.6344,3528.425,3528.425,1035.4,0.293445,1,p:2.3.3.2.2.1
U1042,42,FUSE0,132707.3344,132707.3344,138509.6344,5802.3,5802.3,941.0,0.162177,1,p:1.1.2.1.3.2
U1043,42,FUSE0,132789.2094,132789.2094,136763.2344,3974.025,3974.025,941.0,0.236788,1,p:2.2.5.1.1.2
U1044,42,FUSE0,132823.3344,132823.3344,136317.6344,3494.3,3494.3,941.0,0.269296,1,p:1.3.4.2.3.1
U1045,42,FUSE0,132905.2094,132905.2094,136356.4344,3451.225,3451.225,941.0,0.272657,1,p:2.1.1.1.2.2
U1046,42,FUSE0,132939.3344,132939.3344,139985.5094,7046.175,7046.175,941.0,0.133548,1,p:1.2.2.2.1.1
U1047,42,FUSE0,133021.2094,133021.2094,136647.2344,3626.025,3626.025,941.0,0.259513,1,p:2.3.3.1.3.2
U1048,42,FUSE0,133055.3344,133055.3344,136726.0344,3670.7,3670.7,941.0,0.256354,1,p:1.1.5.2.2.1
U1049,42,FUSE0,133137.2094,133137.2094,137343.2344,4206.025,4206.025,941.0,0.223727,1,p:2.2.4.1.1.2
U1050,42,FUSE0,133171.3344,133171.3344,136433.6344,3262.3,3262.3,941.0,0.288447,1,p:1.3.1.2.3.1
U1051,42,FUSE1,133253.2094,133253.2094,141133.5094,7880.3,7880.3,1003.0,0.127279,1,p:2.1.2.1.2.2
U1052,42,FUSE1,133287.3344,133287.3344,137017.1094,3729.775,3729.775,1003.0,0.268917,1,p:1.2.3.2.1.1
U1053,42,FUSE1,133369.2094,133369.2094,136879.2344,3510.025,3510.025,1003.0,0.285753,1,p:2.3.5.1.3.2
U1054,42,FUSE1,133403.3344,133403.3344,137133.1094,3729.775,3729.775,1003.0,0.268917,1,p:1.1.4.2.2.1
U1055,42,FUSE1,133485.2094,133485.2094,137459.2344,3974.025,3974.025,1003.0,0.252389,1,p:2.2.1.1.1.2
U1056,42,FUSE1,133519.3344,133519.3344,139173.5094,5654.175,5654.175,1003.0,0.177391,1,p:1.3.2.2.3.1
U1057,42,FUSE1,133601.2094,133601.2094,137929.6344,4328.425,4328.425,1003.0,0.231724,1,p:2.1.3.1.2.2
U1058,42,FUSE1,133635.3344,133635.3344,137483.5094,3848.175,3848.175,1003.0,0.260643,1,p:1.2.5.2.1.1
U1059,42,FUSE1,133717.2094,133717.2094,137227.2344,3510.025,3510.025,1003.0,0.285753,1,p:2.3.4.1.3.2
U1060,42,FUSE2,133751.3344,133751.3344,137600.0344,3848.7,3848.7,1035.4,0.269026,1,p:1.1.1.2.2.1
U1061,42,FUSE2,133833.2094,133833.2094,140548.7094,6715.5,6715.5,1035.4,0.154181,1,p:2.2.2.1.1.2
U1062,42,FUSE2,133867.3344,133867.3344,137366.4344,3499.1,3499.1,1035.4,0.295905,1,p:1.3.3.2.3.1
U1063,42,FUSE2,133949.2094,133949.2094,138161.6344,4212.425,4212.425,1035.4,0.245797,1,p:2.1.5.1.2.2
U1064,42,FUSE2,133983.3344,133983.3344,138064.0344,4080.7,4080.7,1035.4,0.253731,1,p:1.2.4.2.1.1
U1065,42,FUSE2,134065.2094,134065.2094,137691.2344,3626.025,3626.025,1035.4,0.285547,1,p:2.3.1.1.3.2
U1066,42,FUSE2,134099.3344,134099.3344,142021.1094,7921.775,7921.775,1035.4,0.130703,1,p:1.1.2.2.2.1
U1067,42,FUSE2,134181.2094,134181.2094,138045.6344,3864.425,3864.425,1035.4,0.267931,1,p:2.2.3.1.1.2
U1068,42,FUSE2,134215.3344,134215.3344,139619.1094,5403.775,5403.775,1035.4,0.191607,1,p:1.3.5.1.2.2
U7625,305,FUSE0,134297.2094,134297.2094,136549.6344,2252.425,2252.425,941.0,0.417772,1,p:2.1.4.2.1.1
U7626,305,FUSE0,134331.3344,134331.3344,138649.1094,4317.775,4317.775,941.0,0.217936,1,p:1.2.1.2.3.1
U7627,305,FUSE0,134413.2094,134413.2094,140316.7094,5903.5,5903.5,941.0,0.159397,1,p:2.3.2.1.3.2
U7628,305,FUSE0,134447.3344,134447.3344,139521.5094,5074.175,5074.175,941.0,0.185449,1,p:1.1.3.2.2.1
U7629,305,FUSE0,134529.2094,134529.2094,141017.5094,6488.3,6488.3,941.0,0.14503,1,p:2.2.4.1.2.2
U7630,305,FUSE0,134563.3344,134563.3344,138180.0344,3616.7,3616.7,941.0,0.260182,1,p:1.3.5.2.3.1
U7631,305,FUSE0,134645.2094,134645.2094,136995.2344,2350.025,2350.025,941.0,0.400421,1,p:2.1.1.1.1.2
U7632,305,FUSE0,134679.3344,134679.3344,141093.1094,6413.775,6413.775,941.0,0.146715,1,p:1.2.2.2.1.1
U7633,305,FUSE1,134761.2094,134761.2094,138277.6344,3516.425,3516.425,1003.0,0.285233,1,p:2.3.3.1.3.2
U7634,305,FUSE1,134795.3344,134795.3344,137716.0344,2920.7,2920.7,1003.0,0.343411,1,p:1.1.4.2.3.1
U7635,305,FUSE1,134877.2094,134877.2094,138919.9094,4042.7,4042.7,1003.0,0.248102,1,p:2.2.5.1.1.2
U7636,305,FUSE1,134911.3344,134911.3344,139869.5094,4958.175,4958.175,1003.0,0.202292,1,p:1.3.1.2.2.1
U7637,305,FUSE1,135009.3344,135009.3344,143379.9094,8370.575,8370.575,1003.0,0.119825,1,p:2.1.2.1.2.2
U7638,305,FUSE1,135027.3344,135027.3344,138765.1094,3737.775,3737.775,1003.0,0.268341,1,p:1.2.3.2.1.1
U7639,305,FUSE1,135125.3344,135125.3344,138393.6344,3268.3,3268.3,1003.0,0.306887,1,p:2.3.4.1.3.2
U7640,305,FUSE1,135143.3344,135143.3344,140513.1094,5369.775,5369.775,1003.0,0.186786,1,p:1.1.5.2.2.1
U7641,305,FUSE2,135241.3344,135241.3344,139036.7094,3795.375,3795.375,1035.4,0.272806,1,p:2.2.1.1.1.2
U7642,305,FUSE2,135259.3344,135259.3344,141209.1094,5949.775,5949.775,1035.4,0.174023,1,p:1.3.2.2.3.1
U7643,305,FUSE2,135357.3344,135357.3344,140432.7094,5075.375,5075.375,1035.4,0.204005,1,p:2.1.3.1.2.2
U7644,305,FUSE2,135375.3344,135375.3344,139289.5094,3914.175,3914.175,1035.4,0.264526,1,p:1.2.4.2.1.1
U7645,305,FUSE2,135473.3344,135473.3344,138803.9094,3330.575,3330.575,1035.4,0.310877,1,p:2.3.5.1.3.2
U7646,305,FUSE2,135565.6094,135565.6094,140101.5094,4535.9,4535.9,1035.4,0.228268,1,p:1.1.1.2.2.1
U7647,305,FUSE2,135589.3344,135589.3344,142567.9094,6978.575,6978.575,1035.4,0.148368,1,p:2.2.2.1.1.2
U7648,305,FUSE2,135688.5344,135688.5344,138296.0344,2607.5,2607.5,1035.4,0.397085,1,p:1.3.3.2.1.1
U5382,215,FUSE0,135705.3344,135705.3344,138998.7094,3293.375,3293.375,941.0,0.285725,1,p:2.1.4.2.3.1
U5383,215,FUSE0,135804.5344,135804.5344,140200.7094,4396.175,4396.175,941.0,0.21405,1,p:1.2.5.1.3.2
U5384,215,FUSE0,135883.3344,135883.3344,140780.7094,4897.375,4897.375,941.0,0.192144,1,p:2.3.1.1.2.2
U5385,215,FUSE0,135999.3344,135999.3344,144027.121,8027.7866,8027.7866,941.0,0.117218,1,p:1.1.2.2.2.1
U5386,215,FUSE0,136038.1344,136038.1344,140084.7094,4046.575,4046.575,941.0,0.232542,1,p:2.2.4.1.1.2
U5387,215,FUSE0,136115.3344,136115.3344,138528.0344,2412.7,2412.7,941.0,0.390019,1,p:1.3.5.2.1.1
U5388,215,FUSE0,136154.1344,136154.1344,141541.9094,5387.775,5387.775,941.0,0.174655,1,p:2.1.3.1.2.2
U5389,215,FUSE0,136232.9344,136232.9344,140397.1094,4164.175,4164.175,941.0,0.225975,1,p:1.2.1.2.3.1
U5390,215,FUSE0,136271.2094,136271.2094,142335.9094,6064.7,6064.7,941.0,0.15516,1,p:2.3.2.1.3.2
U5391,215,FUSE1,136348.9344,136348.9344,141441.1094,5092.175,5092.175,1003.0,0.196969,1,p:1.1.4.2.2.1
U5392,215,FUSE1,136387.7344,136387.7344,143031.9094,6644.175,6644.175,1003.0,0.150959,1,p:2.2.5.1.2.2
U5393,215,FUSE1,136464.9344,136464.9344,139753.5094,3288.575,3288.575,1003.0,0.304995,1,p:1.3.3.2.3.1
U5394,215,FUSE1,136562.5344,136562.5344,138625.6344,2063.1,2063.1,1003.0,0.486162,1,p:2.1.1.1.1.2
U5395,215,FUSE1,136580.9344,136580.9344,143215.121,6634.1866,6634.1866,1003.0,0.151187,1,p:1.2.2.2.1.1
U5396,215,FUSE1,136678.5344,136678.5344,139503.1094,2824.575,2824.575,1003.0,0.355098,1,p:2.3.4.1.3.2
U5397,215,FUSE1,136757.3344,136757.3344,139405.5094,2648.175,2648.175,1003.0,0.378751,1,p:1.1.5.2.3.1
U5398,215,FUSE1,136794.5344,136794.5344,140664.7094,3870.175,3870.175,1003.0,0.259161,1,p:2.2.3.1.1.2
U5399,215,FUSE1,136910.5344,136910.5344,141905.1094,4994.575,4994.575,1003.0,0.200818,1,p:1.3.1.2.2.1
U5400,215,FUSE2,136932.4094,136932.4094,145003.9094,8071.5,8071.5,1035.4,0.128279,1,p:2.1.2.1.2.2
U5401,215,FUSE2,137026.5344,137026.5344,140217.5094,3190.975,3190.975,1035.4,0.324478,1,p:1.2.4.2.1.1
U5402,215,FUSE2,137048.4094,137048.4094,139386.3094,2337.9,2337.9,1035.4,0.442876,1,p:2.3.5.1.1.2
U5403,215,FUSE2,137142.5344,137142.5344,142342.721,5200.1866,5200.1866,1035.4,0.199108,1,p:1.1.3.2.2.1
U5404,215,FUSE2,137164.4094,137164.4094,141425.9094,4261.5,4261.5,1035.4,0.242966,1,p:2.2.1.1.3.2
U5405,215,FUSE2,137258.5344,137258.5344,143099.121,5840.5866,5840.5866,1035.4,0.177277,1,p:1.3.2.2.3.1
U5406,215,FUSE2,137281.7344,137281.7344,139852.7094,2570.975,2570.975,1035.4,0.402727,1,p:2.1.4.1.3.2
U5407,215,FUSE2,137374.5344,137374.5344,143911.121,6536.5866,6536.5866,1035.4,0.158401,1,p:1.2.5.2.2.1
U1785,72,FUSE0,137397.7344,137397.7344,142799.9094,5402.175,5402.175,941.0,0.174189,1,p:2.3.3.1.2.2
U1786,72,FUSE0,137490.5344,137490.5344,139637.5094,2146.975,2146.975,941.0,0.438291,1,p:1.1.1.2.1.1
U1787,72,FUSE0,137514.8094,137514.8094,144307.9094,6793.1,6793.1,941.0,0.138523,1,p:2.2.2.1.1.2
U1788,72,FUSE0,137606.5344,137606.5344,140629.1094,3022.575,3022.575,941.0,0.311324,1,p:1.3.3.2.3.1
U1789,72,FUSE0,137631.3344,137631.3344,142451.9094,4820.575,4820.575,941.0,0.195205,1,p:2.1.1.1.2.2
U1790,72,FUSE0,137722.5344,137722.5344,141557.1094,3834.575,3834.575,941.0,0.245399,1,p:1.2.4.2.1.1
U1791,72,FUSE0,137747.3344,137747.3344,140901.5094,3154.175,3154.175,941.0,0.298335,1,p:2.3.5.1.3.2
U1792,72,FUSE0,137838.5344,137838.5344,145634.7094,7796.175,7796.175,941.0,0.1207,1,p:1.1.2.2.2.1
U1793,72,FUSE1,137863.3344,137863.3344,141249.5094,3386.175,3386.175,1003.0,0.296204,1,p:2.2.3.1.1.2
U1794,72,FUSE1,137960.9344,137960.9344,140861.1094,2900.175,2900.175,1003.0,0.345841,1,p:1.3.1.2.3.1
U1795,72,FUSE1,137979.3344,137979.3344,143495.9094,5516.575,5516.575,1003.0,0.181816,1,p:2.1.4.1.2.2
U1796,72,FUSE1,138076.9344,138076.9344,141673.1094,3596.175,3596.175,1003.0,0.278907,1,p:1.2.5.2.1.1
U1797,72,FUSE1,138095.3344,138095.3344,144191.9094,6096.575,6096.575,1003.0,0.164519,1,p:2.3.2.1.3.2
U1798,72,FUSE1,138192.9344,138192.9344,142867.121,4674.1866,4674.1866,1003.0,0.214583,1,p:1.1.3.2.2.1
U1799,72,FUSE1,138211.3344,138211.3344,141755.9094,3544.575,3544.575,1003.0,0.282968,1,p:2.2.1.1.1.2
U1800,72,FUSE1,138308.9344,138308.9344,141325.1094,3016.175,3016.175,1003.0,0.33254,1,p:1.3.4.2.3.1
U1801,72,FUSE2,138327.3344,138327.3344,143843.9094,5516.575,5516.575,1035.4,0.187689,1,p:2.1.5.1.2.2
U1802,72,FUSE2,138424.9344,138424.9344,144590.7094,6165.775,6165.775,1035.4,0.167927,1,p:1.2.2.2.1.1
U1803,72,FUSE2,138443.3344,138443.3344,141871.9094,3428.575,3428.575,1035.4,0.301991,1,p:2.3.3.1.3.2
U1804,72,FUSE2,138540.9344,138540.9344,143563.121,5022.1866,5022.1866,1035.4,0.206165,1,p:1.1.1.2.2.1
U1805,72,FUSE2,138559.3344,138559.3344,142103.9094,3544.575,3544.575,1035.4,0.292108,1,p:2.2.4.1.1.2
U1806,72,FUSE2,138656.9344,138656.9344,141789.1094,3132.175,3132.175,1035.4,0.330569,1,p:1.3.5.2.3.1
U1807,72,FUSE2,138680.4094,138680.4094,146627.9094,7947.5,7947.5,1035.4,0.13028,1,p:2.1.2.1.2.2
U1808,72,FUSE2,138796.4094,138796.4094,145054.7094,6258.3,6258.3,1035.4,0.165444,1,p:1.2.3.2.2.1
U6383,255,FUSE0,138835.2094,138835.2094,140977.1094,2141.9,2141.9,941.0,0.43933,1,p:2.3.1.2.1.1
U6384,255,FUSE0,138951.2094,138951.2094,142219.9094,3268.7,3268.7,941.0,0.287882,1,p:1.1.4.1.3.2
U6385,255,FUSE0,139030.0094,139030.0094,142915.9094,3885.9,3885.9,941.0,0.242158,1,p:2.2.5.1.1.2
U6386,255,FUSE0,139068.0094,139068.0094,144938.7094,5870.7,5870.7,941.0,0.160288,1,p:1.3.2.2.3.1
U6387,255,FUSE0,139204.8094,139204.8094,144539.9094,5335.1,5335.1,941.0,0.176379,1,p:2.1.1.1.2.2
U6388,255,FUSE0,139320.8094,139320.8094,142458.721,3137.9116,3137.9116,941.0,0.299881,1,p:1.2.4.2.1.1
U6389,255,FUSE0,139417.6094,139417.6094,142683.9094,3266.3,3266.3,941.0,0.288094,1,p:2.3.3.1.3.2
U6390,255,FUSE0,139436.8094,139436.8094,144358.7094,4921.9,4921.9,941.0,0.191186,1,p:1.1.5.2.2.1
U6391,255,FUSE1,139534.4094,139534.4094,145815.9094,6281.5,6281.5,1003.0,0.159675,1,p:2.2.2.1.1.2
U6392,255,FUSE1,139552.8094,139552.8094,142574.721,3021.9116,3021.9116,1003.0,0.331909,1,p:1.3.1.2.3.1
U6393,255,FUSE1,139650.4094,139650.4094,144887.9094,5237.5,5237.5,1003.0,0.191504,1,p:2.1.4.1.2.2
U6394,255,FUSE1,139668.8094,139668.8094,142983.121,3314.3116,3314.3116,1003.0,0.302627,1,p:1.2.3.2.1.1
U6395,255,FUSE1,139784.8094,139784.8094,143263.9094,3479.1,3479.1,1003.0,0.288293,1,p:2.3.5.1.3.2
U6396,255,FUSE1,139884.0094,139884.0094,147606.7094,7722.7,7722.7,1003.0,0.129877,1,p:1.1.2.2.2.1
U6397,255,FUSE1,139900.8094,139900.8094,143147.9094,3247.1,3247.1,1003.0,0.308891,1,p:2.2.1.1.1.2
U6398,255,FUSE1,140000.0094,140000.0094,142690.721,2690.7116,2690.7116,1003.0,0.372764,1,p:1.3.4.2.3.1
U6399,255,FUSE2,140016.8094,140016.8094,145235.9094,5219.1,5219.1,1035.4,0.198387,1,p:2.1.3.1.2.2
U6400,255,FUSE2,140116.0094,140116.0094,143447.121,3331.1116,3331.1116,1035.4,0.310827,1,p:1.2.5.2.1.1
U6401,255,FUSE2,140132.8094,140132.8094,145931.9094,5799.1,5799.1,1035.4,0.178545,1,p:2.3.2.1.3.2
U6402,255,FUSE2,140232.0094,140232.0094,145286.7094,5054.7,5054.7,1035.4,0.204839,1,p:1.1.1.2.2.1
U6403,255,FUSE2,140248.8094,140248.8094,143727.9094,3479.1,3479.1,1035.4,0.297606,1,p:2.2.4.1.1.2
U6404,255,FUSE2,140348.0094,140348.0094,143331.121,2983.1116,2983.1116,1035.4,0.347087,1,p:1.3.3.2.3.1
U6405,255,FUSE2,140428.4094,140428.4094,145699.9094,5271.5,5271.5,1035.4,0.196415,1,p:2.1.5.1.2.2
U1917,77,FUSE0,140464.0094,140464.0094,146562.7094,6098.7,6098.7,941.0,0.154295,1,p:1.2.2.2.1.1
U1918,77,FUSE0,140544.4094,140544.4094,143611.9094,3067.5,3067.5,941.0,0.306764,1,p:2.3.1.1.3.2
U1919,77,FUSE0,140580.0094,140580.0094,145866.7094,5286.7,5286.7,941.0,0.177994,1,p:1.1.4.2.2.1
U1920,77,FUSE0,140660.4094,140660.4094,144075.9094,3415.5,3415.5,941.0,0.275509,1,p:2.2.3.1.1.2
U1921,77,FUSE0,140696.0094,140696.0094,143679.121,2983.1116,2983.1116,941.0,0.315442,1,p:1.3.5.2.3.1
U1922,77,FUSE0,140776.4094,140776.4094,148831.9094,8055.5,8055.5,941.0,0.116815,1,p:2.1.2.1.2.2
U1923,77,FUSE0,140812.0094,140812.0094,143795.121,2983.1116,2983.1116,941.0,0.315442,1,p:1.2.1.2.1.1
U1924,77,FUSE0,140892.4094,140892.4094,143959.9094,3067.5,3067.5,941.0,0.306764,1,p:2.3.4.1.3.2
U1925,77,FUSE1,140932.8094,140932.8094,146214.7094,5281.9,5281.9,1003.0,0.189894,1,p:1.1.3.2.2.1
U1926,77,FUSE1,141008.4094,141008.4094,144655.9094,3647.5,3647.5,1003.0,0.274983,1,p:2.2.5.1.1.2
U1927,77,FUSE1,141048.8094,141048.8094,146678.7094,5629.9,5629.9,1003.0,0.178156,1,p:1.3.2.2.3.1
U1928,77,FUSE1,141124.4094,141124.4094,146279.9094,5155.5,5155.5,1003.0,0.19455,1,p:2.1.1.1.2.2
U1929,77,FUSE1,141164.8094,141164.8094,144474.7094,3309.9,3309.9,1003.0,0.30303,1,p:1.2.4.2.1.1
U1930,77,FUSE1,141240.4094,141240.4094,144423.9094,3183.5,3183.5,1003.0,0.315062,1,p:2.3.3.1.3.2
U1931,77,FUSE1,141280.8094,141280.8094,146446.7094,5165.9,5165.9,1003.0,0.194158,1,p:1.1.5.2.2.1
U1932,77,FUSE1,141356.4094,141356.4094,147555.9094,6199.5,6199.5,1003.0,0.161787,1,p:2.2.2.1.1.2
U1933,77,FUSE2,141457.2094,141457.2094,144242.7094,2785.5,2785.5,1035.4,0.371711,1,p:1.3.1.2.3.1
U1934,77,FUSE2,141472.4094,141472.4094,146859.9094,5387.5,5387.5,1035.4,0.192186,1,p:2.1.4.1.2.2
U1935,77,FUSE2,141573.2094,141573.2094,144822.7094,3249.5,3249.5,1035.4,0.318634,1,p:1.2.3.2.1.1
U1936,77,FUSE2,141588.4094,141588.4094,144771.9094,3183.5,3183.5,1035.4,0.32524,1,p:2.3.5.1.3.2
U1937,77,FUSE2,141704.4094,141704.4094,149334.721,7630.3116,7630.3116,1035.4,0.135696,1,p:1.1.2.2.2.1
U1938,77,FUSE2,141787.2094,141787.2094,145119.9094,3332.7,3332.7,1035.4,0.310679,1,p:2.2.1.1.1.2
U1939,77,FUSE2,141820.4094,141820.4094,144706.7094,2886.3,2886.3,1035.4,0.358729,1,p:1.3.4.2.3.1
U8148,326,FUSE0,141903.2094,141903.2094,147207.9094,5304.7,5304.7,941.0,0.17739,1,p:2.1.3.1.2.2
U8149,326,FUSE0,141936.4094,141936.4094,145402.7094,3466.3,3466.3,941.0,0.271471,1,p:1.2.5.2.1.1
U8150,326,FUSE0,142019.2094,142019.2094,147671.9094,5652.7,5652.7,941.0,0.166469,1,p:2.3.2.1.3.2
U8151,326,FUSE0,142052.4094,142052.4094,147026.7094,4974.3,4974.3,941.0,0.189172,1,p:1.1.1.2.2.1
U8152,326,FUSE0,142135.2094,142135.2094,145351.9094,3216.7,3216.7,941.0,0.292536,1,p:2.2.4.1.1.2
U8153,326,FUSE0,142251.2094,142251.2094,145170.7094,2919.5,2919.5,941.0,0.322315,1,p:1.3.3.2.3.1
U8154,326,FUSE0,142367.2094,142367.2094,147439.9094,5072.7,5072.7,941.0,0.185503,1,p:2.1.5.1.2.2
U8155,326,FUSE0,142374.021,142374.021,148202.7094,5828.6884,5828.6884,941.0,0.161443,1,p:1.2.2.2.1.1
U8156,326,FUSE0,142483.2094,142483.2094,145467.9094,2984.7,2984.7,941.0,0.315275,1,p:2.3.1.1.3.2
U8157,326,FUSE1,142490.021,142490.021,147374.7094,4884.6884,4884.6884,1003.0,0.205336,1,p:1.1.4.2.2.1
U8158,326,FUSE1,142599.2094,142599.2094,146047.9094,3448.7,3448.7,1003.0,0.290834,1,p:2.2.3.1.1.2
U8159,326,FUSE1,142606.021,142606.021,145518.7094,2912.6884,2912.6884,1003.0,0.344355,1,p:1.3.5.2.3.1
U8160,326,FUSE1,142715.2094,142715.2094,150223.9094,7508.7,7508.7,1003.0,0.133578,1,p:2.1.2.1.2.2
U8161,326,FUSE1,142722.021,142722.021,145750.7094,3028.6884,3028.6884,1003.0,0.331166,1,p:1.2.1.2.1.1
U8162,326,FUSE1,142831.2094,142831.2094,145583.9094,2752.7,2752.7,1003.0,0.36437,1,p:2.3.4.1.3.2
U8163,326,FUSE1,142898.421,142898.421,147854.7094,4956.2884,4956.2884,1003.0,0.202369,1,p:1.1.3.2.2.1
U8164,326,FUSE1,142947.2094,142947.2094,146395.9094,3448.7,3448.7,1003.0,0.290834,1,p:2.2.5.1.1.2
U8165,326,FUSE1,143014.421,143014.421,148318.7094,5304.2884,5304.2884,1003.0,0.189092,1,p:1.3.2.2.3.1
U8166,326,FUSE2,143063.2094,143063.2094,147787.9094,4724.7,4724.7,1035.4,0.219146,1,p:2.1.1.1.2.2
U8167,326,FUSE2,143130.421,143130.421,145982.7094,2852.2884,2852.2884,1035.4,0.363007,1,p:1.2.4.2.1.1
U8168,326,FUSE2,143179.2094,143179.2094,146163.9094,2984.7,2984.7,1035.4,0.346903,1,p:2.3.3.1.3.2
U8169,326,FUSE2,143246.421,143246.421,148086.7094,4840.2884,4840.2884,1035.4,0.213913,1,p:1.1.5.2.2.1
U8170,326,FUSE2,143295.2094,143295.2094,149527.9094,6232.7,6232.7,1035.4,0.166124,1,p:2.2.2.1.1.2
U8171,326,FUSE2,143362.421,143362.421,146098.7094,2736.2884,2736.2884,1035.4,0.378396,1,p:1.3.1.2.3.1
U8172,326,FUSE2,143411.2094,143411.2094,148483.9094,5072.7,5072.7,1035.4,0.204112,1,p:2.1.4.1.2.2
U8173,326,FUSE2,143478.421,143478.421,146794.7094,3316.2884,3316.2884,1035.4,0.312217,1,p:1.2.3.2.1.1
U8174,326,FUSE2,143527.2094,143527.2094,146511.9094,2984.7,2984.7,1035.4,0.346903,1,p:2.3.5.1.3.2
U5704,228,FUSE0,143594.421,143594.421,151190.721,7596.3,7596.3,941.0,0.123876,1,p:1.1.2.2.2.1
U5705,228,FUSE0,143643.2094,143643.2094,146743.9094,3100.7,3100.7,941.0,0.30348,1,p:2.2.1.1.1.2
U5706,228,FUSE0,143710.421,143710.421,146330.7094,2620.2884,2620.2884,941.0,0.359121,1,p:1.3.4.2.3.1
U5707,228,FUSE0,143759.2094,143759.2094,149063.9094,5304.7,5304.7,941.0,0.17739,1,p:2.1.3.1.2.2
U5708,228,FUSE0,143826.421,143826.421,147142.7094,3316.2884,3316.2884,941.0,0.283751,1,p:1.2.5.2.1.1
U5709,228,FUSE0,143875.2094,143875.2094,149411.9094,5536.7,5536.7,941.0,0.169957,1,p:2.3.2.1.3.2
U5710,228,FUSE0,143942.421,143942.421,148434.7094,4492.2884,4492.2884,941.0,0.20947,1,p:1.1.1.2.2.1
U5711,228,FUSE0,143991.2094,143991.2094,146975.9094,2984.7,2984.7,941.0,0.315275,1,p:2.2.4.1.1.2
U5712,228,FUSE1,144058.421,144058.421,146910.7094,2852.2884,2852.2884,1003.0,0.351647,1,p:1.3.3.2.3.1
U5713,228,FUSE1,144107.2094,144107.2094,149179.9094,5072.7,5072.7,1003.0,0.197725,1,p:2.1.5.1.2.2
U5714,228,FUSE1,144223.2094,144223.2094,150378.721,6155.5116,6155.5116,1003.0,0.162943,1,p:1.2.2.2.1.1
U5715,228,FUSE1,144274.0094,144274.0094,147091.9094,2817.9,2817.9,1003.0,0.355939,1,p:2.3.1.1.3.2
U5716,228,FUSE1,144339.2094,144339.2094,149014.7094,4675.5,4675.5,1003.0,0.214523,1,p:1.1.4.2.2.1
U5717,228,FUSE1,144390.0094,144390.0094,148135.9094,3745.9,3745.9,1003.0,0.267759,1,p:2.2.3.1.1.2
U5718,228,FUSE1,144455.2094,144455.2094,147258.7094,2803.5,2803.5,1003.0,0.357767,1,p:1.3.5.2.3.1
U5719,228,FUSE1,144506.0094,144506.0094,151731.9094,7225.9,7225.9,1003.0,0.138806,1,p:2.1.2.1.2.2
U5720,228,FUSE2,144571.2094,144571.2094,147490.7094,2919.5,2919.5,1035.4,0.35465,1,p:1.2.1.2.1.1
U5721,228,FUSE2,144622.0094,144622.0094,147323.9094,2701.9,2701.9,1035.4,0.383212,1,p:2.3.4.1.3.2
U5722,228,FUSE2,144687.2094,144687.2094,149682.721,4995.5116,4995.5116,1035.4,0.207266,1,p:1.1.3.2.2.1
U5723,228,FUSE2,144738.0094,144738.0094,148251.9094,3513.9,3513.9,1035.4,0.294658,1,p:2.2.5.1.1.2
U5724,228,FUSE2,144803.2094,144803.2094,150030.721,5227.5116,5227.5116,1035.4,0.198067,1,p:1.3.2.2.3.1
U5725,228,FUSE2,144854.0094,144854.0094,149643.9094,4789.9,4789.9,1035.4,0.216163,1,p:2.1.1.1.2.2
U5726,228,FUSE2,144919.2094,144919.2094,150726.721,5807.5116,5807.5116,1035.4,0.178286,1,p:1.2.4.2.2.1
U5727,228,FUSE2,144970.0094,144970.0094,147903.9094,2933.9,2933.9,1035.4,0.352909,1,p:2.3.3.1.1.2
U7129,285,FUSE0,145035.2094,145035.2094,148019.9094,2984.7,2984.7,941.0,0.315275,1,p:1.1.5.1.3.2
U7130,285,FUSE0,145086.0094,145086.0094,150494.721,5408.7116,5408.7116,941.0,0.173979,1,p:2.2.2.2.1.1
U7131,285,FUSE0,145151.2094,145151.2094,147738.7094,2587.5,2587.5,941.0,0.363671,1,p:1.3.1.2.3.1
U7132,285,FUSE0,145202.0094,145202.0094,148367.9094,3165.9,3165.9,941.0,0.29723,1,p:2.1.4.1.3.2
U7133,285,FUSE0,145267.2094,145267.2094,148550.7094,3283.5,3283.5,941.0,0.286584,1,p:1.2.5.2.1.1
U7134,285,FUSE0,145318.0094,145318.0094,152775.9094,7457.9,7457.9,941.0,0.126175,1,p:2.3.2.1.2.2
U7135,285,FUSE0,145383.2094,145383.2094,150262.721,4879.5116,4879.5116,941.0,0.192847,1,p:1.1.3.2.2.1
U7136,285,FUSE0,145434.0094,145434.0094,148599.9094,3165.9,3165.9,941.0,0.29723,1,p:2.2.1.1.1.2
U7137,285,FUSE0,145499.2094,145499.2094,147970.7094,2471.5,2471.5,941.0,0.38074,1,p:1.3.4.2.3.1
U7138,285,FUSE1,145550.0094,145550.0094,150571.9094,5021.9,5021.9,1003.0,0.199725,1,p:2.1.5.1.2.2
U7139,285,FUSE1,145615.2094,145615.2094,151654.721,6039.5116,6039.5116,1003.0,0.166073,1,p:1.2.2.2.1.1
U7140,285,FUSE1,145666.0094,145666.0094,148947.9094,3281.9,3281.9,1003.0,0.305616,1,p:2.3.3.1.3.2
U7141,285,FUSE1,145731.2094,145731.2094,149914.721,4183.5116,4183.5116,1003.0,0.239751,1,p:1.1.1.2.2.1
U7142,285,FUSE1,145782.0094,145782.0094,149759.9094,3977.9,3977.9,1003.0,0.252143,1,p:2.2.4.1.1.2
U7143,285,FUSE1,145847.2094,145847.2094,148898.7094,3051.5,3051.5,1003.0,0.328691,1,p:1.3.5.2.3.1
U7144,285,FUSE1,145898.0094,145898.0094,153355.9094,7457.9,7457.9,1003.0,0.134488,1,p:2.1.2.1.2.2
U7145,285,FUSE1,145963.2094,145963.2094,148782.7094,2819.5,2819.5,1003.0,0.355737,1,p:1.2.3.2.1.1
U7146,285,FUSE1,146014.0094,146014.0094,148715.9094,2701.9,2701.9,1003.0,0.37122,1,p:2.3.1.1.3.2
U7147,285,FUSE2,146079.2094,146079.2094,150842.721,4763.5116,4763.5116,1035.4,0.217361,1,p:1.1.4.2.2.1
U7148,285,FUSE2,146130.0094,146130.0094,150107.9094,3977.9,3977.9,1035.4,0.260288,1,p:2.2.5.1.1.2
U7149,285,FUSE2,146195.2094,146195.2094,151422.721,5227.5116,5227.5116,1035.4,0.198067,1,p:1.3.2.2.3.1
U7150,285,FUSE2,146246.0094,146246.0094,151151.9094,4905.9,4905.9,1035.4,0.211052,1,p:2.1.3.1.2.2
U7151,285,FUSE2,146311.2094,146311.2094,149450.721,3139.5116,3139.5116,1035.4,0.329797,1,p:1.2.1.2.1.1
U7152,285,FUSE2,146362.0094,146362.0094,149875.9094,3513.9,3513.9,1035.4,0.294658,1,p:2.3.4.1.3.2
U7153,285,FUSE2,146427.2094,146427.2094,149295.9094,2868.7,2868.7,1035.4,0.36093,1,p:1.1.5.1.1.2
U7154,285,FUSE2,146478.0094,146478.0094,154322.721,7844.7116,7844.7116,1035.4,0.131987,1,p:2.2.2.2.2.1
U7155,285,FUSE2,146543.2094,146543.2094,151267.9094,4724.7,4724.7,1035.4,0.219146,1,p:1.3.3.1.2.2
U8710,349,FUSE0,146594.0094,146594.0094,149137.1094,2543.1,2543.1,941.0,0.370021,1,p:2.1.1.2.3.1
U8711,349,FUSE0,146659.2094,146659.2094,150146.721,3487.5116,3487.5116,941.0,0.26982,1,p:1.2.4.2.1.1
U8712,349,FUSE0,146710.0094,146710.0094,149991.9094,3281.9,3281.9,941.0,0.286724,1,p:2.3.5.1.1.2
U8713,349,FUSE0,146775.2094,146775.2094,153742.721,6967.5116,6967.5116,941.0,0.135055,1,p:1.1.2.2.2.1
U8714,349,FUSE0,146826.0094,146826.0094,150455.9094,3629.9,3629.9,941.0,0.259236,1,p:2.2.1.1.3.2
U8715,349,FUSE0,146891.2094,146891.2094,149566.721,2675.5116,2675.5116,941.0,0.351708,1,p:1.3.3.2.3.1
U8716,349,FUSE0,146942.0094,146942.0094,151499.9094,4557.9,4557.9,941.0,0.206455,1,p:2.1.4.1.2.2
U8717,349,FUSE0,147007.2094,147007.2094,152350.721,5343.5116,5343.5116,941.0,0.176101,1,p:1.2.5.2.2.1
U8718,349,FUSE0,147058.0094,147058.0094,152659.9094,5601.9,5601.9,941.0,0.167979,1,p:2.3.2.1.3.2
U8719,349,FUSE0,147123.2094,147123.2094,148666.7094,1543.5,1543.5,941.0,0.609653,1,p:1.1.1.2.1.1
U8720,349,FUSE1,147174.0094,147174.0094,150687.9094,3513.9,3513.9,1003.0,0.285438,1,p:2.2.3.1.1.2
U8721,349,FUSE1,147239.2094,147239.2094,149798.721,2559.5116,2559.5116,1003.0,0.391872,1,p:1.3.4.2.3.1
U8722,349,FUSE1,147290.0094,147290.0094,150339.9094,3049.9,3049.9,1003.0,0.328863,1,p:2.1.5.1.3.2
U8723,349,FUSE1,147355.2094,147355.2094,153162.721,5807.5116,5807.5116,1003.0,0.172707,1,p:1.2.2.2.1.1
U8724,349,FUSE1,147406.0094,147406.0094,152195.9094,4789.9,4789.9,1003.0,0.209399,1,p:2.3.1.1.2.2
U8725,349,FUSE1,147471.2094,147471.2094,151886.721,4415.5116,4415.5116,1003.0,0.227154,1,p:1.1.3.2.2.1
U8726,349,FUSE1,147522.0094,147522.0094,151383.9094,3861.9,3861.9,1003.0,0.259717,1,p:2.2.4.1.1.2
U8727,349,FUSE1,147587.2094,147587.2094,150610.721,3023.5116,3023.5116,1003.0,0.331733,1,p:1.3.5.2.3.1
U8728,349,FUSE1,147638.0094,147638.0094,155095.9094,7457.9,7457.9,1003.0,0.134488,1,p:2.1.2.1.2.2
U8729,349,FUSE2,147703.2094,147703.2094,150958.721,3255.5116,3255.5116,1035.4,0.318045,1,p:1.2.1.2.1.1
U8730,349,FUSE2,147770.0094,147770.0094,150803.9094,3033.9,3033.9,1035.4,0.341277,1,p:2.3.3.1.3.2
U8731,349,FUSE2,147819.2094,147819.2094,152118.721,4299.5116,4299.5116,1035.4,0.240818,1,p:1.1.4.2.2.1
U8732,349,FUSE2,147886.0094,147886.0094,151963.9094,4077.9,4077.9,1035.4,0.253905,1,p:2.2.5.1.1.2
U8733,349,FUSE2,147935.2094,147935.2094,153394.721,5459.5116,5459.5116,1035.4,0.189651,1,p:1.3.2.2.3.1
U8734,349,FUSE2,148002.0094,148002.0094,153007.9094,5005.9,5005.9,1035.4,0.206836,1,p:2.1.1.1.2.2
U8735,349,FUSE2,148051.2094,148051.2094,151306.721,3255.5116,3255.5116,1035.4,0.318045,1,p:1.2.3.2.1.1
U8736,349,FUSE2,148118.0094,148118.0094,151035.9094,2917.9,2917.9,1035.4,0.354844,1,p:2.3.4.1.3.2
U8737,349,FUSE2,148167.2094,148167.2094,150919.9094,2752.7,2752.7,1035.4,0.37614,1,p:1.1.5.1.1.2
U8738,349,FUSE2,148234.0094,148234.0094,154206.721,5972.7116,5972.7116,1035.4,0.173355,1,p:2.2.2.2.3.1
U1663,67,FUSE0,148283.2094,148283.2094,152698.721,4415.5116,4415.5116,941.0,0.213112,1,p:1.3.1.2.2.1
U1664,67,FUSE0,148350.0094,148350.0094,153471.9094,5121.9,5121.9,941.0,0.183721,1,p:2.1.3.1.2.2
U1665,67,FUSE0,148399.2094,148399.2094,151770.721,3371.5116,3371.5116,941.0,0.279103,1,p:1.2.4.2.1.1
U1666,67,FUSE0,148466.0094,148466.0094,151615.9094,3149.9,3149.9,941.0,0.29874,1,p:2.3.1.1.3.2
U1667,67,FUSE0,148515.2094,148515.2094,153046.721,4531.5116,4531.5116,941.0,0.207657,1,p:1.1.5.2.2.1
U1668,67,FUSE0,148582.0094,148582.0094,154515.9094,5933.9,5933.9,941.0,0.15858,1,p:2.2.2.1.1.2
U1669,67,FUSE0,148631.2094,148631.2094,151074.721,2443.5116,2443.5116,941.0,0.385102,1,p:1.3.3.2.3.1
U1670,67,FUSE0,148698.0094,148698.0094,153703.9094,5005.9,5005.9,941.0,0.187978,1,p:2.1.4.1.2.2
U1671,67,FUSE0,148747.2094,148747.2094,152002.721,3255.5116,3255.5116,941.0,0.289048,1,p:1.2.1.2.1.1
U1672,67,FUSE1,148814.0094,148814.0094,152311.9094,3497.9,3497.9,1003.0,0.286743,1,p:2.3.5.1.3.2
U1673,67,FUSE1,148863.2094,148863.2094,155946.721,7083.5116,7083.5116,1003.0,0.141596,1,p:1.1.2.2.2.1
U1674,67,FUSE1,148930.0094,148930.0094,152543.9094,3613.9,3613.9,1003.0,0.27754,1,p:2.2.3.1.1.2
U1675,67,FUSE1,148979.2094,148979.2094,151538.721,2559.5116,2559.5116,1003.0,0.391872,1,p:1.3.4.2.3.1
U1676,67,FUSE1,149046.0094,149046.0094,154051.9094,5005.9,5005.9,1003.0,0.200364,1,p:2.1.1.1.2.2
U1677,67,FUSE1,149095.2094,149095.2094,152814.721,3719.5116,3719.5116,1003.0,0.269659,1,p:1.2.5.2.1.1
E035,357,FUSE0,149168.4094,149168.4094,151847.9094,2679.5,2679.5,941.0,0.351185,1,p:2.3.3.1.3.2
E036,357,FUSE0,149211.2094,149211.2094,152234.721,3023.5116,3023.5116,941.0,0.311228,1,p:1.1.1.1.1.1
E037,357,FUSE0,149327.2094,149327.2094,154786.721,5459.5116,5459.5116,941.0,0.17236,1,p:2.2.3.1.2.1
E038,357,FUSE0,149366.021,149366.021,152079.9094,2713.8884,2713.8884,941.0,0.346735,1,p:1.3.5.2.3.2
E039,357,FUSE0,149443.2094,149443.2094,154283.9094,4840.7,4840.7,941.0,0.194393,1,p:2.1.2.1.1.2
E040,357,FUSE0,149482.021,149482.021,152466.721,2984.7,2984.7,941.0,0.315275,1,p:1.2.3.2.1.1
E041,357,FUSE0,149559.2094,149559.2094,152427.9094,2868.7,2868.7,941.0,0.328023,1,p:2.3.3.1.3.2
E042,357,FUSE0,149598.021,149598.021,154090.721,4492.7,4492.7,941.0,0.209451,1,p:1.1.1.2.2.1
E043,357,FUSE0,149675.2094,149675.2094,152930.721,3255.5116,3255.5116,941.0,0.289048,1,p:2.2.4.1.1.1
E044,357,FUSE0,149714.021,149714.021,152582.721,2868.7,2868.7,941.0,0.328023,1,p:1.3.4.1.3.1
E045,357,FUSE0,149791.2094,149791.2094,154399.9094,4608.7,4608.7,941.0,0.204179,1,p:2.1.5.2.2.2
E046,357,FUSE1,149830.021,149830.021,155443.9094,5613.8884,5613.8884,1003.0,0.178664,1,p:1.2.1.2.2.2
E047,357,FUSE1,149907.2094,149907.2094,153123.9094,3216.7,3216.7,1003.0,0.31181,1,p:2.3.5.1.3.2
E048,357,FUSE1,149946.021,149946.021,154747.9094,4801.8884,4801.8884,1003.0,0.208876,1,p:1.1.4.2.2.2
E049,357,FUSE1,150023.2094,150023.2094,153587.9094,3564.7,3564.7,1003.0,0.28137,1,p:2.2.3.1.1.2
E050,357,FUSE1,150062.021,150062.021,154902.721,4840.7,4840.7,1003.0,0.207201,1,p:1.3.2.1.3.1
E051,357,FUSE1,150139.2094,150139.2094,152891.9094,2752.7,2752.7,1003.0,0.36437,1,p:2.1.1.2.3.2
E052,357,FUSE1,150178.021,150178.021,155482.721,5304.7,5304.7,1003.0,0.189078,1,p:1.2.4.2.2.1
E053,357,FUSE1,150255.2094,150255.2094,155018.721,4763.5116,4763.5116,1003.0,0.210559,1,p:2.3.4.1.2.1
E054,357,FUSE1,150294.021,150294.021,154670.721,4376.7,4376.7,1003.0,0.229168,1,p:1.1.2.2.1.1
E055,357,FUSE1,150371.2094,150371.2094,156139.9094,5768.7,5768.7,1003.0,0.173869,1,p:2.2.5.1.2.2
E056,357,FUSE1,150410.021,150410.021,153278.721,2868.7,2868.7,1003.0,0.349636,1,p:1.3.1.1.1.1
E057,357,FUSE1,150487.2094,150487.2094,153510.721,3023.5116,3023.5116,1003.0,0.331733,1,p:2.1.5.1.3.1
E058,357,FUSE1,150526.021,150526.021,153974.721,3448.7,3448.7,1003.0,0.290834,1,p:1.2.4.1.1.1
E059,357,FUSE2,150603.2094,150603.2094,153239.9094,2636.7,2636.7,1035.4,0.392688,1,p:2.3.3.2.3.2
E060,357,FUSE2,150642.021,150642.021,154979.9094,4337.8884,4337.8884,1035.4,0.238688,1,p:1.1.2.2.1.2
E061,357,FUSE2,150719.2094,150719.2094,156255.9094,5536.7,5536.7,1035.4,0.187007,1,p:2.2.2.1.3.2
E062,357,FUSE2,150758.021,150758.021,153819.9094,3061.8884,3061.8884,1035.4,0.338157,1,p:1.3.4.1.3.2
E063,357,FUSE2,150835.2094,150835.2094,154167.9094,3332.7,3332.7,1035.4,0.310679,1,p:2.1.5.1.3.2
E064,357,FUSE2,150874.021,150874.021,153935.9094,3061.8884,3061.8884,1035.4,0.338157,1,p:1.2.1.2.1.2
E065,357,FUSE2,150951.2094,150951.2094,157531.9094,6580.7,6580.7,1035.4,0.157339,1,p:2.3.2.2.2.2
E066,357,FUSE2,150990.021,150990.021,153626.721,2636.7,2636.7,1035.4,0.392688,1,p:1.1.1.1.1.1
U1678,67,FUSE1,151067.2094,151067.2094,155907.9094,4840.7,4840.7,1003.0,0.207201,1,p:2.3.2.1.3.2
U1679,67,FUSE1,151106.021,151106.021,155714.721,4608.7,4608.7,1003.0,0.217632,1,p:1.1.3.2.2.1
U1680,67,FUSE1,151183.2094,151183.2094,155211.9094,4028.7,4028.7,1003.0,0.248964,1,p:2.2.4.1.1.2
U1681,67,FUSE1,151222.021,151222.021,153858.721,2636.7,2636.7,1003.0,0.3804,1,p:1.3.1.2.3.1
U1682,67,FUSE2,151299.2094,151299.2094,156371.9094,5072.7,5072.7,1035.4,0.204112,1,p:2.1.5.1.2.2
U1683,67,FUSE2,151338.021,151338.021,156966.9602,5628.9392,5628.9392,1035.4,0.183942,1,p:1.2.2.2.1.1
U1684,67,FUSE2,151415.2094,151415.2094,154631.9094,3216.7,3216.7,1035.4,0.321883,1,p:2.3.3.1.3.2
U1685,67,FUSE2,151454.021,151454.021,156062.721,4608.7,4608.7,1035.4,0.224662,1,p:1.1.4.2.2.1
U1686,67,FUSE2,151531.2094,151531.2094,155675.9094,4144.7,4144.7,1035.4,0.249813,1,p:2.2.1.1.1.2
U1687,67,FUSE2,151570.021,151570.021,157183.9094,5613.8884,5613.8884,1035.4,0.184435,1,p:1.3.5.1.2.2
U1688,67,FUSE2,151647.2094,151647.2094,156651.9094,5004.7,5004.7,1035.4,0.206886,1,p:2.1.2.2.3.1
U1689,67,FUSE2,151686.021,151686.021,154438.721,2752.7,2752.7,1035.4,0.37614,1,p:1.2.3.2.1.1
U1690,67,FUSE2,151763.2094,151763.2094,154863.9094,3100.7,3100.7,1035.4,0.333925,1,p:2.3.4.1.3.2
U1691,67,FUSE2,151802.021,151802.021,156419.9094,4617.8884,4617.8884,1035.4,0.224215,1,p:1.1.1.2.2.1
U1489,60,FUSE0,151879.2094,151879.2094,155791.9094,3912.7,3912.7,941.0,0.240499,1,p:2.2.5.1.1.2
U1490,60,FUSE0,151918.021,151918.021,157082.9602,5164.9392,5164.9392,941.0,0.18219,1,p:1.3.2.2.3.1
U1491,60,FUSE0,151995.2094,151995.2094,156603.9094,4608.7,4608.7,941.0,0.204179,1,p:2.1.3.1.2.2
U1492,60,FUSE0,152034.021,152034.021,155366.721,3332.7,3332.7,941.0,0.282354,1,p:1.2.4.2.1.1
U1493,60,FUSE0,152111.2094,152111.2094,155327.9094,3216.7,3216.7,941.0,0.292536,1,p:2.3.1.1.3.2
U1494,60,FUSE0,152150.021,152150.021,156767.9094,4617.8884,4617.8884,941.0,0.203773,1,p:1.1.5.2.2.1
U1495,60,FUSE0,152227.2094,152227.2094,158227.9094,6000.7,6000.7,941.0,0.156815,1,p:2.2.2.1.1.2
U1496,60,FUSE0,152266.021,152266.021,154554.721,2288.7,2288.7,941.0,0.41115,1,p:1.3.3.2.3.1
U1497,60,FUSE1,152343.2094,152343.2094,157415.9094,5072.7,5072.7,1003.0,0.197725,1,p:2.1.4.1.2.2
U1498,60,FUSE1,152382.021,152382.021,156178.721,3796.7,3796.7,1003.0,0.264177,1,p:1.2.1.2.1.1
U1499,60,FUSE1,152459.2094,152459.2094,155559.9094,3100.7,3100.7,1003.0,0.323475,1,p:2.3.5.1.3.2
U1500,60,FUSE1,152498.021,152498.021,159270.7094,6772.6884,6772.6884,1003.0,0.148095,1,p:1.1.2.2.2.1
U1501,60,FUSE1,152575.2094,152575.2094,156487.9094,3912.7,3912.7,1003.0,0.256345,1,p:2.2.3.1.1.2
U1502,60,FUSE1,152614.021,152614.021,155250.721,2636.7,2636.7,1003.0,0.3804,1,p:1.3.4.2.3.1
U1503,60,FUSE1,152691.2094,152691.2094,157879.9094,5188.7,5188.7,1003.0,0.193305,1,p:2.1.1.1.2.2
U1504,60,FUSE2,152730.021,152730.021,156535.9094,3805.8884,3805.8884,1035.4,0.272052,1,p:1.2.5.2.1.1
U1505,60,FUSE2,152807.2094,152807.2094,157995.9094,5188.7,5188.7,1035.4,0.199549,1,p:2.3.2.1.3.2
U1506,60,FUSE2,152846.021,152846.021,157198.9602,4352.9392,4352.9392,1035.4,0.237862,1,p:1.1.3.2.2.1
U1507,60,FUSE2,152923.2094,152923.2094,156719.9094,3796.7,3796.7,1035.4,0.272711,1,p:2.2.4.1.1.2
U1508,60,FUSE2,152962.021,152962.021,155598.721,2636.7,2636.7,1035.4,0.392688,1,p:1.3.1.2.3.1
U1509,60,FUSE2,153039.2094,153039.2094,155134.721,2095.5116,2095.5116,1035.4,0.494104,1,p:2.1.5.2.1.1
U1510,60,FUSE2,153078.021,153078.021,159735.9094,6657.8884,6657.8884,1035.4,0.155515,1,p:1.2.2.1.3.2
U5108,204,FUSE0,153155.2094,153155.2094,158111.9094,4956.7,4956.7,941.0,0.189844,1,p:2.3.3.1.2.2
U5109,204,FUSE0,153194.021,153194.021,157898.1602,4704.1392,4704.1392,941.0,0.200037,1,p:1.1.4.2.2.1
U5110,204,FUSE0,153271.2094,153271.2094,156951.9094,3680.7,3680.7,941.0,0.255658,1,p:2.2.1.1.1.2
U5111,204,FUSE0,153310.021,153310.021,155830.721,2520.7,2520.7,941.0,0.373309,1,p:1.3.3.2.3.1
U5112,204,FUSE0,153387.2094,153387.2094,158459.9094,5072.7,5072.7,941.0,0.185503,1,p:2.1.5.1.2.2
U5113,204,FUSE0,153426.021,153426.021,159386.7094,5960.6884,5960.6884,941.0,0.157868,1,p:1.2.2.2.1.1
U5114,204,FUSE0,153503.2094,153503.2094,156023.9094,2520.7,2520.7,941.0,0.373309,1,p:2.3.4.1.3.2
U5115,204,FUSE1,153542.021,153542.021,158342.7094,4800.6884,4800.6884,1003.0,0.208928,1,p:1.1.1.2.2.1
U5116,204,FUSE1,153619.2094,153619.2094,157299.9094,3680.7,3680.7,1003.0,0.272503,1,p:2.2.3.1.1.2
U5117,204,FUSE1,153658.021,153658.021,156303.9094,2645.8884,2645.8884,1003.0,0.379079,1,p:1.3.5.2.3.1
U5118,204,FUSE1,153735.2094,153735.2094,160674.9602,6939.7508,6939.7508,1003.0,0.14453,1,p:2.1.2.1.2.2
U5119,204,FUSE1,153774.021,153774.021,157430.9602,3656.9392,3656.9392,1003.0,0.274273,1,p:1.2.4.2.1.1
U5120,204,FUSE1,153851.2094,153851.2094,156835.9094,2984.7,2984.7,1003.0,0.336047,1,p:2.3.1.1.3.2
U5121,204,FUSE1,153890.021,153890.021,158574.7094,4684.6884,4684.6884,1003.0,0.214102,1,p:1.1.3.2.2.1
U5122,204,FUSE2,153967.2094,153967.2094,157647.9094,3680.7,3680.7,1035.4,0.281305,1,p:2.2.5.1.1.2
U5123,204,FUSE2,154006.021,154006.021,159038.7094,5032.6884,5032.6884,1035.4,0.205735,1,p:1.3.2.2.3.1
U5124,204,FUSE2,154083.2094,154083.2094,158923.9094,4840.7,4840.7,1035.4,0.213895,1,p:2.1.4.1.2.2
U5125,204,FUSE2,154122.021,154122.021,157666.1602,3544.1392,3544.1392,1035.4,0.292144,1,p:1.2.1.2.1.1
U5126,204,FUSE2,154199.2094,154199.2094,157067.9094,2868.7,2868.7,1035.4,0.36093,1,p:2.3.3.1.3.2
U5127,204,FUSE2,154238.021,154238.021,158922.7094,4684.6884,4684.6884,1035.4,0.221018,1,p:1.1.5.2.2.1
U5128,204,FUSE2,154315.2094,154315.2094,160268.321,5953.1116,5953.1116,1035.4,0.173926,1,p:2.2.2.1.1.2
U5129,204,FUSE2,154354.021,154354.021,157314.9602,2960.9392,2960.9392,1035.4,0.349686,1,p:1.3.4.2.3.1
U2106,85,FUSE0,154431.2094,154431.2094,159155.9094,4724.7,4724.7,941.0,0.199166,1,p:2.1.1.1.2.2
U2107,85,FUSE0,154470.021,154470.021,158014.1602,3544.1392,3544.1392,941.0,0.265509,1,p:1.2.3.2.1.1
U2108,85,FUSE0,154547.2094,154547.2094,157763.9094,3216.7,3216.7,941.0,0.292536,1,p:2.3.5.1.3.2
U2109,85,FUSE0,154586.021,154586.021,161286.1255,6700.1044,6700.1044,941.0,0.140446,1,p:1.1.2.2.2.1
U2110,85,FUSE0,154663.2094,154663.2094,158575.9094,3912.7,3912.7,941.0,0.240499,1,p:2.2.4.1.1.2
U2111,85,FUSE0,154702.021,154702.021,157546.9602,2844.9392,2844.9392,941.0,0.330763,1,p:1.3.1.2.3.1
U2112,85,FUSE0,154779.2094,154779.2094,159387.9094,4608.7,4608.7,941.0,0.204179,1,p:2.1.3.1.2.2
U2113,85,FUSE0,154818.021,154818.021,158458.7094,3640.6884,3640.6884,941.0,0.258468,1,p:1.2.5.2.1.1
U2114,85,FUSE1,154895.2094,154895.2094,160906.9602,6011.7508,6011.7508,1003.0,0.16684,1,p:2.3.2.1.3.2
U2115,85,FUSE1,154934.021,154934.021,159704.9602,4770.9392,4770.9392,1003.0,0.210231,1,p:1.1.4.2.2.1
U2116,85,FUSE1,155011.2094,155011.2094,158807.9094,3796.7,3796.7,1003.0,0.264177,1,p:2.2.1.1.1.2
U2117,85,FUSE1,155050.021,155050.021,157782.1602,2732.1392,2732.1392,1003.0,0.367112,1,p:1.3.3.2.3.1
U2118,85,FUSE1,155127.2094,155127.2094,159619.9094,4492.7,4492.7,1003.0,0.223251,1,p:2.1.5.1.2.2
U2119,85,FUSE1,155166.021,155166.021,160864.9602,5698.9392,5698.9392,1003.0,0.175998,1,p:1.2.2.2.1.1
U2120,85,FUSE1,155243.2094,155243.2094,158343.9094,3100.7,3100.7,1003.0,0.323475,1,p:2.3.4.1.3.2
U2121,85,FUSE1,155282.021,155282.021,159936.9602,4654.9392,4654.9392,1003.0,0.21547,1,p:1.1.1.2.2.1
U2122,85,FUSE1,155359.2094,155359.2094,159039.9094,3680.7,3680.7,1003.0,0.272503,1,p:2.2.3.1.1.2
U2123,85,FUSE2,155398.021,155398.021,158226.7094,2828.6884,2828.6884,1035.4,0.366035,1,p:1.3.5.2.3.1
U2124,85,FUSE2,155475.2094,155475.2094,162298.9602,6823.7508,6823.7508,1035.4,0.151735,1,p:2.1.2.1.2.2
U2125,85,FUSE2,155514.021,155514.021,159154.7094,3640.6884,3640.6884,1035.4,0.284397,1,p:1.2.4.2.1.1
U2126,85,FUSE2,155591.2094,155591.2094,158691.9094,3100.7,3100.7,1035.4,0.333925,1,p:2.3.1.1.3.2
U2127,85,FUSE2,155630.021,155630.021,160168.9602,4538.9392,4538.9392,1035.4,0.228115,1,p:1.1.3.2.2.1
U2128,85,FUSE2,155707.2094,155707.2094,159503.9094,3796.7,3796.7,1035.4,0.272711,1,p:2.2.5.1.1.2
U2129,85,FUSE2,155746.021,155746.021,161170.1255,5424.1044,5424.1044,1035.4,0.190889,1,p:1.3.2.2.3.1
U2130,85,FUSE2,155823.2094,155823.2094,158690.7094,2867.5,2867.5,1035.4,0.361081,1,p:2.1.4.2.1.1
U2131,85,FUSE2,155862.021,155862.021,159967.9094,4105.8884,4105.8884,1035.4,0.252174,1,p:1.2.1.1.3.2
U6676,267,FUSE0,155939.2094,155939.2094,160152.321,4213.1116,4213.1116,941.0,0.22335,1,p:2.3.3.1.2.2
U6677,267,FUSE0,155978.021,155978.021,160632.9602,4654.9392,4654.9392,941.0,0.202151,1,p:1.1.5.2.2.1
U6678,267,FUSE0,156055.2094,156055.2094,162066.9602,6011.7508,6011.7508,941.0,0.156527,1,p:2.2.2.1.1.2
U6679,267,FUSE0,156094.021,156094.021,158806.7094,2712.6884,2712.6884,941.0,0.346888,1,p:1.3.3.2.3.1
U6680,267,FUSE0,156171.2094,156171.2094,161138.9602,4967.7508,4967.7508,941.0,0.189422,1,p:2.1.4.1.2.2
U6681,267,FUSE0,156210.021,156210.021,159588.9602,3378.9392,3378.9392,941.0,0.27849,1,p:1.2.1.2.1.1
U6682,267,FUSE0,156287.2094,156287.2094,159271.9094,2984.7,2984.7,941.0,0.315275,1,p:2.3.5.1.3.2
U6683,267,FUSE0,156335.2094,156335.2094,162859.3255,6524.1161,6524.1161,941.0,0.144234,1,p:1.1.2.2.2.1
U6684,267,FUSE1,156403.2094,156403.2094,159851.9094,3448.7,3448.7,1003.0,0.290834,1,p:2.2.3.1.1.2
U6685,267,FUSE1,156451.2094,156451.2094,159820.9602,3369.7508,3369.7508,1003.0,0.297648,1,p:1.3.4.2.3.1
U6686,267,FUSE1,156519.2094,156519.2094,161370.9602,4851.7508,4851.7508,1003.0,0.206729,1,p:2.1.1.1.2.2
U6687,267,FUSE1,156567.2094,156567.2094,160052.9602,3485.7508,3485.7508,1003.0,0.287743,1,p:1.2.5.2.1.1
U6688,267,FUSE1,156635.2094,156635.2094,162414.9602,5779.7508,5779.7508,1003.0,0.173537,1,p:2.3.2.1.3.2
U6689,267,FUSE1,156683.2094,156683.2094,160748.9602,4065.7508,4065.7508,1003.0,0.246695,1,p:1.1.3.2.2.1
U6690,267,FUSE1,156751.2094,156751.2094,160442.9602,3691.7508,3691.7508,1003.0,0.271687,1,p:2.2.4.1.1.2
U6691,267,FUSE1,156799.2094,156799.2094,160400.9602,3601.7508,3601.7508,1003.0,0.278476,1,p:1.3.1.2.3.1
U6692,267,FUSE2,156867.2094,156867.2094,161602.9602,4735.7508,4735.7508,1035.4,0.218635,1,p:2.1.5.1.2.2
U6693,267,FUSE2,156983.2094,156983.2094,162566.8094,5583.6,5583.6,1035.4,0.185436,1,p:1.2.2.2.1.1
U6694,267,FUSE2,156998.2602,156998.2602,160558.9602,3560.7,3560.7,1035.4,0.290786,1,p:2.3.3.1.3.2
U6695,267,FUSE2,157099.2094,157099.2094,161750.1255,4650.9161,4650.9161,1035.4,0.222623,1,p:1.1.4.2.2.1
U6696,267,FUSE2,157114.2602,157114.2602,160790.9602,3676.7,3676.7,1035.4,0.281611,1,p:2.2.1.1.1.2
U6697,267,FUSE2,157215.2094,157215.2094,160516.9602,3301.7508,3301.7508,1035.4,0.313591,1,p:1.3.5.2.3.1
U6698,267,FUSE2,157230.2602,157230.2602,164386.9602,7156.7,7156.7,1035.4,0.144676,1,p:2.1.2.1.2.2
U6699,267,FUSE2,157331.2094,157331.2094,162214.1255,4882.9161,4882.9161,1035.4,0.212045,1,p:1.2.3.2.2.1
U8523,341,FUSE0,157346.2602,157346.2602,160284.9602,2938.7,2938.7,941.0,0.32021,1,p:2.3.4.2.1.1
U8524,341,FUSE0,157447.2094,157447.2094,161022.9602,3575.7508,3575.7508,941.0,0.263162,1,p:1.1.1.1.3.2
U8525,341,FUSE0,157462.2602,157462.2602,161486.9602,4024.7,4024.7,941.0,0.233806,1,p:2.2.5.1.1.2
U8526,341,FUSE0,157563.2094,157563.2094,163207.3255,5644.1161,5644.1161,941.0,0.166722,1,p:1.3.2.2.3.1
U8527,341,FUSE0,157578.2602,157578.2602,162530.9602,4952.7,4952.7,941.0,0.189997,1,p:2.1.4.1.2.2
U8528,341,FUSE0,157679.2094,157679.2094,160987.3602,3308.1508,3308.1508,941.0,0.284449,1,p:1.2.1.2.1.1
U8529,341,FUSE0,157697.4602,157697.4602,161254.9602,3557.5,3557.5,941.0,0.264512,1,p:2.3.3.1.3.2
U8530,341,FUSE1,157795.2094,157795.2094,161982.1255,4186.9161,4186.9161,1003.0,0.239556,1,p:1.1.5.2.2.1
U8531,341,FUSE1,157813.4602,157813.4602,163690.9602,5877.5,5877.5,1003.0,0.170651,1,p:2.2.2.1.1.2
U8532,341,FUSE1,157911.2094,157911.2094,161518.1255,3606.9161,3606.9161,1003.0,0.278077,1,p:1.3.4.2.3.1
U8533,341,FUSE1,157929.4602,157929.4602,162762.9602,4833.5,4833.5,1003.0,0.20751,1,p:2.1.1.1.2.2
U8534,341,FUSE1,158027.2094,158027.2094,161402.1255,3374.9161,3374.9161,1003.0,0.297193,1,p:1.2.3.2.1.1
U8535,341,FUSE1,158045.4602,158045.4602,161834.9602,3789.5,3789.5,1003.0,0.264679,1,p:2.3.5.1.3.2
U8536,341,FUSE1,158143.2094,158143.2094,164953.6094,6810.4,6810.4,1003.0,0.147275,1,p:1.1.2.2.2.1
U8537,341,FUSE2,158258.0094,158258.0094,161950.9602,3692.9508,3692.9508,1035.4,0.280372,1,p:2.2.4.1.1.2
U8538,341,FUSE2,158259.2094,158259.2094,161634.1255,3374.9161,3374.9161,1035.4,0.306793,1,p:1.3.1.2.3.1
U8539,341,FUSE2,158374.0094,158374.0094,162994.9602,4620.9508,4620.9508,1035.4,0.224066,1,p:2.1.3.1.2.2
U8540,341,FUSE2,158375.2094,158375.2094,161866.1255,3490.9161,3490.9161,1035.4,0.296598,1,p:1.2.5.2.1.1
U8541,341,FUSE2,158490.0094,158490.0094,164270.9602,5780.9508,5780.9508,1035.4,0.179105,1,p:2.3.2.1.3.2
U8542,341,FUSE2,158491.2094,158491.2094,161718.9602,3227.7508,3227.7508,1035.4,0.320781,1,p:1.1.4.1.1.2
U8543,341,FUSE2,158606.0094,158606.0094,164019.3255,5413.3161,5413.3161,1035.4,0.191269,1,p:2.2.1.2.2.1
U8544,341,FUSE2,158607.2094,158607.2094,163342.9602,4735.7508,4735.7508,1035.4,0.218635,1,p:1.3.3.1.2.2
U6633,265,FUSE0,158722.0094,158722.0094,162098.1255,3376.1161,3376.1161,941.0,0.278723,1,p:2.1.5.2.3.1
U6634,265,FUSE0,158723.2094,158723.2094,164140.0094,5416.8,5416.8,941.0,0.173719,1,p:1.2.2.2.1.1
U6635,265,FUSE0,158838.0094,158838.0094,162182.9602,3344.9508,3344.9508,941.0,0.28132,1,p:2.3.4.1.3.2
U6636,265,FUSE0,158839.2094,158839.2094,163323.3255,4484.1161,4484.1161,941.0,0.209852,1,p:1.1.1.2.2.1
U6637,265,FUSE0,158954.0094,158954.0094,162646.9602,3692.9508,3692.9508,941.0,0.25481,1,p:2.2.5.1.1.2
U6638,265,FUSE0,158955.2094,158955.2094,162446.1255,3490.9161,3490.9161,941.0,0.269557,1,p:1.3.3.2.3.1
U6639,265,FUSE0,159070.0094,159070.0094,165778.9602,6708.9508,6708.9508,941.0,0.14026,1,p:2.1.2.1.2.2
U6640,265,FUSE1,159071.2094,159071.2094,162330.1255,3258.9161,3258.9161,1003.0,0.307771,1,p:1.2.4.2.1.1
U6641,265,FUSE1,159186.0094,159186.0094,162878.9602,3692.9508,3692.9508,1003.0,0.271599,1,p:2.3.1.1.3.2
U6642,265,FUSE1,159187.2094,159187.2094,163555.3255,4368.1161,4368.1161,1003.0,0.229618,1,p:1.1.5.2.2.1
U6643,265,FUSE1,159302.0094,159302.0094,163110.9602,3808.9508,3808.9508,1003.0,0.263327,1,p:2.2.3.1.1.2
U6644,265,FUSE1,159303.2094,159303.2094,164837.6094,5534.4,5534.4,1003.0,0.18123,1,p:1.3.2.2.3.1
U6645,265,FUSE1,159418.0094,159418.0094,164038.9602,4620.9508,4620.9508,1003.0,0.217055,1,p:2.1.4.1.2.2
U6646,265,FUSE1,159419.2094,159419.2094,162975.3255,3556.1161,3556.1161,1003.0,0.282049,1,p:1.2.1.2.1.1
U6647,265,FUSE2,159535.2094,159535.2094,163226.9602,3691.7508,3691.7508,1035.4,0.280463,1,p:2.3.5.1.3.2
U6648,265,FUSE2,159620.2602,159620.2602,163787.3255,4167.0652,4167.0652,1035.4,0.248472,1,p:1.1.3.2.2.1
U6649,265,FUSE2,159651.2094,159651.2094,165314.9602,5663.7508,5663.7508,1035.4,0.182812,1,p:2.2.2.1.1.2
U6650,265,FUSE2,159736.2602,159736.2602,164502.9602,4766.7,4766.7,1035.4,0.217215,1,p:1.3.4.1.2.2
U6651,265,FUSE2,159767.2094,159767.2094,162743.3255,2976.1161,2976.1161,1035.4,0.347903,1,p:2.1.1.2.3.1
U6652,265,FUSE2,159852.2602,159852.2602,163091.3255,3239.0652,3239.0652,1035.4,0.31966,1,p:1.2.5.2.1.1
U6653,265,FUSE2,159883.2094,159883.2094,163574.9602,3691.7508,3691.7508,1035.4,0.280463,1,p:2.3.3.1.3.2
U6654,265,FUSE2,159968.2602,159968.2602,166180.5255,6212.2652,6212.2652,1035.4,0.16667,1,p:1.1.2.2.2.1
U1366,55,FUSE0,159999.2094,159999.2094,163458.9602,3459.7508,3459.7508,941.0,0.271985,1,p:2.2.4.1.1.2
U1367,55,FUSE0,160084.2602,160084.2602,163439.3255,3355.0652,3355.0652,941.0,0.280471,1,p:1.3.1.2.3.1
U1368,55,FUSE0,160183.621,160183.621,164850.9602,4667.3392,4667.3392,941.0,0.201614,1,p:2.1.5.1.2.2
U1369,55,FUSE0,160200.2602,160200.2602,163671.3255,3471.0652,3471.0652,941.0,0.271098,1,p:1.2.3.2.1.1
U1370,55,FUSE0,160299.621,160299.621,165546.9602,5247.3392,5247.3392,941.0,0.179329,1,p:2.3.2.1.3.2
U1371,55,FUSE0,160316.2602,160316.2602,164605.6094,4289.3492,4289.3492,941.0,0.219381,1,p:1.1.4.2.2.1
U1372,55,FUSE0,160432.2602,160432.2602,163806.9602,3374.7,3374.7,941.0,0.27884,1,p:2.2.1.1.1.2
U1373,55,FUSE0,160474.2602,160474.2602,163903.3255,3429.0652,3429.0652,941.0,0.274419,1,p:1.3.5.2.3.1
U1374,55,FUSE1,160548.2602,160548.2602,165082.9602,4534.7,4534.7,1003.0,0.221183,1,p:2.1.3.1.2.2
U1375,55,FUSE1,160590.2602,160590.2602,165881.6094,5291.3492,5291.3492,1003.0,0.189555,1,p:1.2.2.2.1.1
U1376,55,FUSE1,160664.2602,160664.2602,163922.9602,3258.7,3258.7,1003.0,0.307791,1,p:2.3.4.1.3.2
U1377,55,FUSE1,160706.2602,160706.2602,165301.6094,4595.3492,4595.3492,1003.0,0.218264,1,p:1.1.1.2.2.1
U1378,55,FUSE1,160780.2602,160780.2602,164154.9602,3374.7,3374.7,1003.0,0.297212,1,p:2.2.5.1.1.2
U1379,55,FUSE1,160822.2602,160822.2602,164256.0094,3433.7492,3433.7492,1003.0,0.292101,1,p:1.3.3.2.3.1
U1380,55,FUSE1,160896.2602,160896.2602,166969.521,6073.2608,6073.2608,1003.0,0.16515,1,p:2.1.2.1.2.2
U1381,55,FUSE1,160938.2602,160938.2602,167456.5255,6518.2652,6518.2652,1003.0,0.153875,1,p:1.2.4.2.1.1
U1382,55,FUSE2,161018.6602,161018.6602,164734.9602,3716.3,3716.3,1035.4,0.27861,1,p:2.3.1.1.3.2
U1383,55,FUSE2,161054.2602,161054.2602,165533.6094,4479.3492,4479.3492,1035.4,0.23115,1,p:1.1.5.2.2.1
U1384,55,FUSE2,161170.2602,161170.2602,164618.9602,3448.7,3448.7,1035.4,0.300229,1,p:2.2.3.1.1.2
U1385,55,FUSE2,161201.4255,161201.4255,166412.5255,5211.1,5211.1,1035.4,0.198691,1,p:1.3.2.2.3.1
U1386,55,FUSE2,161286.2602,161286.2602,168601.3255,7315.0652,7315.0652,1035.4,0.141544,1,p:2.1.4.1.2.2
U1387,55,FUSE2,161317.4255,161317.4255,164489.6094,3172.1839,3172.1839,1035.4,0.3264,1,p:1.2.1.2.1.1
U1388,55,FUSE2,161402.2602,161402.2602,164966.9602,3564.7,3564.7,1035.4,0.290459,1,p:2.3.5.1.3.2
U1389,55,FUSE2,161433.4255,161433.4255,165649.6094,4216.1839,4216.1839,1035.4,0.245578,1,p:1.1.3.2.2.1
U1390,55,FUSE2,161518.2602,161518.2602,167340.5255,5822.2652,5822.2652,1035.4,0.177835,1,p:2.2.2.2.3.1
U743,30,FUSE0,161549.4255,161549.4255,167325.3255,5775.9,5775.9,941.0,0.162918,1,p:1.3.4.1.1.2
U744,30,FUSE0,161634.2602,161634.2602,166010.9602,4376.7,4376.7,941.0,0.215002,1,p:2.1.1.1.2.2
U745,30,FUSE0,161665.4255,161665.4255,164721.6094,3056.1839,3056.1839,941.0,0.3079,1,p:1.2.5.2.1.1
U746,30,FUSE0,161750.2602,161750.2602,165198.9602,3448.7,3448.7,941.0,0.272856,1,p:2.3.3.1.3.2
U747,30,FUSE0,161781.4255,161781.4255,168452.9255,6671.5,6671.5,941.0,0.141048,1,p:1.1.4.2.2.1
U748,30,FUSE0,161866.2602,161866.2602,168137.3255,6271.0652,6271.0652,941.0,0.150054,1,p:2.2.2.1.1.2
U749,30,FUSE0,161897.4255,161897.4255,165185.6094,3288.1839,3288.1839,941.0,0.286176,1,p:1.3.1.2.3.1
U750,30,FUSE0,161982.2602,161982.2602,166242.9602,4260.7,4260.7,941.0,0.220856,1,p:2.1.5.1.2.2
U751,30,FUSE1,162013.4255,162013.4255,165069.6094,3056.1839,3056.1839,1003.0,0.328187,1,p:1.2.3.2.1.1
U752,30,FUSE1,162098.2602,162098.2602,168485.3255,6387.0652,6387.0652,1003.0,0.157036,1,p:2.3.4.1.3.2
U753,30,FUSE1,162129.4255,162129.4255,167688.5255,5559.1,5559.1,1003.0,0.180425,1,p:1.1.2.2.2.1
U754,30,FUSE1,162214.2602,162214.2602,165430.9602,3216.7,3216.7,1003.0,0.31181,1,p:2.2.1.1.1.2
U755,30,FUSE1,162245.4255,162245.4255,165417.6094,3172.1839,3172.1839,1003.0,0.316186,1,p:1.3.5.2.3.1
U756,30,FUSE1,162330.2602,162330.2602,166474.9602,4144.7,4144.7,1003.0,0.241996,1,p:2.1.3.1.2.2
U757,30,FUSE1,162361.4255,162361.4255,169093.3255,6731.9,6731.9,1003.0,0.148992,1,p:1.2.4.2.1.1
U758,30,FUSE1,162446.2602,162446.2602,167789.3255,5343.0652,5343.0652,1003.0,0.18772,1,p:2.3.2.1.3.2
U759,30,FUSE2,162477.4255,162477.4255,166760.5255,4283.1,4283.1,1035.4,0.241741,1,p:1.1.1.2.2.1
U760,30,FUSE2,162562.2602,162562.2602,165662.9602,3100.7,3100.7,1035.4,0.333925,1,p:2.2.5.1.1.2
U761,30,FUSE2,162598.1094,162598.1094,165765.6094,3167.5,3167.5,1035.4,0.326882,1,p:1.3.3.2.3.1
U762,30,FUSE2,162678.2602,162678.2602,169297.3255,6619.0652,6619.0652,1035.4,0.156427,1,p:2.1.4.1.2.2
U763,30,FUSE2,162774.6255,162774.6255,168216.5094,5441.8839,5441.8839,1035.4,0.190265,1,p:1.2.2.2.1.1
U764,30,FUSE2,162794.2602,162794.2602,165894.9602,3100.7,3100.7,1035.4,0.333925,1,p:2.3.1.1.3.2
U765,30,FUSE2,162890.6255,162890.6255,166992.5255,4101.9,4101.9,1035.4,0.25242,1,p:1.1.5.2.2.1
U766,30,FUSE2,162910.2602,162910.2602,166064.5255,3154.2652,3154.2652,1035.4,0.328254,1,p:2.2.3.2.3.1
U767,30,FUSE2,163006.6255,163006.6255,169766.321,6759.6956,6759.6956,1035.4,0.153173,1,p:1.3.4.1.2.2
U2479,100,FUSE0,163026.2602,163026.2602,168369.3255,5343.0652,5343.0652,941.0,0.176116,1,p:2.1.2.1.1.2
U2480,100,FUSE0,163122.6255,163122.6255,166296.5255,3173.9,3173.9,941.0,0.296481,1,p:1.2.1.2.1.1
U2481,100,FUSE0,163142.2602,163142.2602,166126.9602,2984.7,2984.7,941.0,0.315275,1,p:2.3.5.1.3.2
U2482,100,FUSE0,163238.6255,163238.6255,169325.3255,6086.7,6086.7,941.0,0.154599,1,p:1.1.2.2.2.1
U2483,100,FUSE0,163258.2602,163258.2602,166358.9602,3100.7,3100.7,941.0,0.30348,1,p:2.2.3.1.1.2
U2484,100,FUSE0,163354.6255,163354.6255,169557.3255,6202.7,6202.7,941.0,0.151708,1,p:1.3.4.2.3.1
U2485,100,FUSE0,163374.2602,163374.2602,167209.3255,3835.0652,3835.0652,941.0,0.245367,1,p:2.1.1.1.2.2
U2486,100,FUSE1,163470.6255,163470.6255,166876.5255,3405.9,3405.9,1003.0,0.294489,1,p:1.2.5.2.1.1
U2487,100,FUSE1,163490.2602,163490.2602,168949.3255,5459.0652,5459.0652,1003.0,0.183731,1,p:2.3.2.1.3.2
U2488,100,FUSE1,163586.6255,163586.6255,167224.5255,3637.9,3637.9,1003.0,0.275709,1,p:1.1.3.2.2.1
U2489,100,FUSE1,163606.2602,163606.2602,170578.321,6972.0608,6972.0608,1003.0,0.14386,1,p:2.2.4.1.1.2
U2490,100,FUSE1,163702.6255,163702.6255,166644.5255,2941.9,2941.9,1003.0,0.340936,1,p:1.3.1.2.3.1
U2491,100,FUSE1,163722.2602,163722.2602,167557.3255,3835.0652,3835.0652,1003.0,0.261534,1,p:2.1.5.1.2.2
U2492,100,FUSE1,163818.6255,163818.6255,170021.3255,6202.7,6202.7,1003.0,0.161704,1,p:1.2.2.2.1.1
U2493,100,FUSE2,163838.2602,163838.2602,166590.9602,2752.7,2752.7,1035.4,0.37614,1,p:2.3.3.1.3.2
U2494,100,FUSE2,163934.6255,163934.6255,170658.721,6724.0956,6724.0956,1035.4,0.153984,1,p:1.1.4.2.2.1
U2495,100,FUSE2,163954.2602,163954.2602,166794.9094,2840.6492,2840.6492,1035.4,0.364494,1,p:2.2.1.1.1.2
U2496,100,FUSE2,164050.6255,164050.6255,167108.5255,3057.9,3057.9,1035.4,0.338598,1,p:1.3.5.2.3.1
U2497,100,FUSE2,164070.2602,164070.2602,170462.321,6392.0608,6392.0608,1035.4,0.161982,1,p:2.1.2.1.2.2
U2498,100,FUSE2,164171.3094,164171.3094,167093.3255,2922.0161,2922.0161,1035.4,0.354344,1,p:1.2.3.1.3.2
U2499,100,FUSE2,164186.2602,164186.2602,171238.721,7052.4608,7052.4608,1035.4,0.146814,1,p:2.3.4.2.2.1
U8609,345,FUSE0,164287.3094,164287.3094,166528.5255,2241.2161,2241.2161,941.0,0.419861,1,p:1.1.1.2.1.1
U8610,345,FUSE0,164302.2602,164302.2602,167673.3255,3371.0652,3371.0652,941.0,0.27914,1,p:2.2.5.1.1.2
U8611,345,FUSE0,164418.2602,164418.2602,169209.3255,4791.0652,4791.0652,941.0,0.196407,1,p:1.3.2.2.3.1
U8612,345,FUSE0,164520.9094,164520.9094,168021.3255,3500.4161,3500.4161,941.0,0.268825,1,p:2.1.1.1.2.2
U8613,345,FUSE0,164534.2602,164534.2602,167804.5255,3270.2652,3270.2652,941.0,0.287744,1,p:1.2.3.2.1.1
U8614,345,FUSE0,164636.9094,164636.9094,170926.321,6289.4116,6289.4116,941.0,0.149617,1,p:2.3.4.1.3.2
U8615,345,FUSE0,164650.2602,164650.2602,168038.321,3388.0608,3388.0608,941.0,0.27774,1,p:1.1.5.2.2.1
U8616,345,FUSE0,164752.9094,164752.9094,170810.321,6057.4116,6057.4116,941.0,0.155347,1,p:2.2.2.1.1.2
U8617,345,FUSE1,164766.2602,164766.2602,167920.5255,3154.2652,3154.2652,1003.0,0.317982,1,p:1.3.1.2.3.1
U8618,345,FUSE1,164868.9094,164868.9094,167905.3255,3036.4161,3036.4161,1003.0,0.330324,1,p:2.1.3.1.2.2
U8619,345,FUSE1,164882.2602,164882.2602,172166.721,7284.4608,7284.4608,1003.0,0.13769,1,p:1.2.4.2.1.1
U8620,345,FUSE1,164984.9094,164984.9094,167441.3255,2456.4161,2456.4161,1003.0,0.408318,1,p:2.3.5.1.3.2
U8621,345,FUSE1,164998.2602,164998.2602,171006.721,6008.4608,6008.4608,1003.0,0.166931,1,p:1.1.2.2.2.1
U8622,345,FUSE1,165100.9094,165100.9094,168717.3255,3616.4161,3616.4161,1003.0,0.277346,1,p:2.2.1.1.1.2
U8623,345,FUSE1,165114.2602,165114.2602,167572.5255,2458.2652,2458.2652,1003.0,0.408011,1,p:1.3.3.2.3.1
U8624,345,FUSE2,165216.9094,165216.9094,172210.321,6993.4116,6993.4116,1035.4,0.148054,1,p:2.1.4.1.2.2
U8625,345,FUSE2,165230.2602,165230.2602,168684.9255,3454.6652,3454.6652,1035.4,0.299711,1,p:1.2.5.2.1.1
U8626,345,FUSE2,165332.9094,165332.9094,169998.321,4665.4116,4665.4116,1035.4,0.221931,1,p:2.3.2.1.3.2
U8627,345,FUSE2,165346.2602,165346.2602,168568.9255,3222.6652,3222.6652,1035.4,0.321287,1,p:1.1.1.2.2.1
U8628,345,FUSE2,165448.9094,165448.9094,169181.3255,3732.4161,3732.4161,1035.4,0.277407,1,p:2.2.3.1.1.2
U8629,345,FUSE2,165462.2602,165462.2602,171470.721,6008.4608,6008.4608,1035.4,0.172324,1,p:1.3.4.2.3.1
U8630,345,FUSE2,165564.9094,165564.9094,169065.3255,3500.4161,3500.4161,1035.4,0.295793,1,p:2.1.5.1.2.2
U8631,345,FUSE2,165578.2602,165578.2602,171702.721,6124.4608,6124.4608,1035.4,0.16906,1,p:1.2.2.2.1.1
U3554,143,FUSE0,165680.9094,165680.9094,168253.3255,2572.4161,2572.4161,941.0,0.365804,1,p:2.3.1.1.3.2
U3555,143,FUSE0,165694.2602,165694.2602,168977.3255,3283.0652,3283.0652,941.0,0.286622,1,p:1.1.3.2.2.1
U3556,143,FUSE0,165796.9094,165796.9094,173022.321,7225.4116,7225.4116,941.0,0.130235,1,p:2.2.4.1.1.2
U3557,143,FUSE0,165810.2602,165810.2602,168336.9255,2526.6652,2526.6652,941.0,0.372428,1,p:1.3.5.2.3.1
U3558,143,FUSE0,165912.9094,165912.9094,171514.321,5601.4116,5601.4116,941.0,0.167993,1,p:2.1.2.1.2.2
U3559,143,FUSE0,165926.2602,165926.2602,169789.3255,3863.0652,3863.0652,941.0,0.243589,1,p:1.2.1.2.1.1
U3560,143,FUSE0,166042.2602,166042.2602,168833.3255,2791.0652,2791.0652,941.0,0.337147,1,p:2.3.3.1.3.2
U3561,143,FUSE0,166095.8255,166095.8255,172988.321,6892.4956,6892.4956,941.0,0.136525,1,p:1.1.4.2.2.1
U3562,143,FUSE0,166158.2602,166158.2602,169413.3255,3255.0652,3255.0652,941.0,0.289088,1,p:2.2.5.1.1.2
U3563,143,FUSE1,166211.8255,166211.8255,170542.721,4330.8956,4330.8956,1003.0,0.231592,1,p:1.3.2.2.3.1
U3564,143,FUSE1,166274.2602,166274.2602,169645.3255,3371.0652,3371.0652,1003.0,0.297532,1,p:2.1.1.1.2.2
U3565,143,FUSE1,166327.8255,166327.8255,169441.3255,3113.5,3113.5,1003.0,0.322145,1,p:1.2.3.2.1.1
U3566,143,FUSE1,166390.2602,166390.2602,172094.321,5704.0608,5704.0608,1003.0,0.17584,1,p:2.3.4.1.3.2
U3567,143,FUSE1,166443.8255,166443.8255,169673.3255,3229.5,3229.5,1003.0,0.310574,1,p:1.1.5.2.2.1
U3568,143,FUSE1,166506.2602,166506.2602,172558.321,6052.0608,6052.0608,1003.0,0.165729,1,p:2.2.2.1.1.2
U3569,143,FUSE1,166559.8255,166559.8255,168861.3255,2301.5,2301.5,1003.0,0.435803,1,p:1.3.1.2.3.1
U3570,143,FUSE1,166622.2602,166622.2602,170114.321,3492.0608,3492.0608,1003.0,0.287223,1,p:2.1.3.1.2.2
U3571,143,FUSE1,166675.8255,166675.8255,173568.321,6892.4956,6892.4956,1003.0,0.145521,1,p:1.2.4.2.1.1
U3572,143,FUSE2,166791.8255,166791.8255,169529.3255,2737.5,2737.5,1035.4,0.378228,1,p:2.3.5.1.3.2
U3573,143,FUSE2,166826.2094,166826.2094,172756.321,5930.1116,5930.1116,1035.4,0.1746,1,p:1.1.2.2.2.1
U3574,143,FUSE2,166907.8255,166907.8255,169882.321,2974.4956,2974.4956,1035.4,0.348093,1,p:2.2.1.1.1.2
U3575,143,FUSE2,167000.821,167000.821,169905.3255,2904.5044,2904.5044,1035.4,0.356481,1,p:1.3.3.2.3.1
U3576,143,FUSE2,167023.8255,167023.8255,173718.321,6694.4956,6694.4956,1035.4,0.154664,1,p:2.1.4.1.2.2
U3577,143,FUSE2,167124.6255,167124.6255,170426.721,3302.0956,3302.0956,1035.4,0.313558,1,p:1.2.5.2.1.1
U3578,143,FUSE2,167139.8255,167139.8255,172674.321,5534.4956,5534.4956,1035.4,0.187081,1,p:2.3.2.1.3.2
U3579,143,FUSE2,167240.6255,167240.6255,170310.721,3070.0956,3070.0956,1035.4,0.337253,1,p:1.1.1.2.2.1
U3580,143,FUSE2,167255.8255,167255.8255,170230.321,2974.4956,2974.4956,1035.4,0.348093,1,p:2.2.3.1.1.2
U3581,143,FUSE2,167356.6255,167356.6255,174414.321,7057.6956,7057.6956,1035.4,0.146705,1,p:1.3.4.1.2.2
U1149,46,FUSE0,167371.8255,167371.8255,170137.3255,2765.5,2765.5,941.0,0.340264,1,p:2.1.5.2.3.1
U1150,46,FUSE0,167472.6255,167472.6255,172872.321,5399.6956,5399.6956,941.0,0.174269,1,p:1.2.2.2.1.1
U1151,46,FUSE0,167487.8255,167487.8255,170346.321,2858.4956,2858.4956,941.0,0.329194,1,p:2.3.1.1.3.2
U1152,46,FUSE0,167588.6255,167588.6255,170774.721,3186.0956,3186.0956,941.0,0.295346,1,p:1.1.3.2.2.1
U1153,46,FUSE0,167603.8255,167603.8255,171042.321,3438.4956,3438.4956,941.0,0.273666,1,p:2.2.5.1.1.2
U1154,46,FUSE0,167704.6255,167704.6255,173916.321,6211.6956,6211.6956,941.0,0.151488,1,p:1.3.4.2.3.1
U1155,46,FUSE0,167719.8255,167719.8255,173486.321,5766.4956,5766.4956,941.0,0.163184,1,p:2.1.2.1.2.2
U1156,46,FUSE0,167820.6255,167820.6255,171122.721,3302.0956,3302.0956,941.0,0.284971,1,p:1.2.1.2.1.1
U1157,46,FUSE1,167835.8255,167835.8255,170694.321,2858.4956,2858.4956,1003.0,0.350884,1,p:2.3.3.1.3.2
U1158,46,FUSE1,167936.6255,167936.6255,171586.721,3650.0956,3650.0956,1003.0,0.274787,1,p:1.1.5.2.2.1
U1159,46,FUSE1,167951.8255,167951.8255,174762.321,6810.4956,6810.4956,1003.0,0.147273,1,p:2.2.4.1.1.2
U1160,46,FUSE1,168052.6255,168052.6255,173452.321,5399.6956,5399.6956,1003.0,0.185751,1,p:1.3.2.2.3.1
U1161,46,FUSE1,168069.621,168069.621,171339.521,3269.9,3269.9,1003.0,0.306737,1,p:2.1.1.1.2.2
U1162,46,FUSE1,168168.6255,168168.6255,171354.721,3186.0956,3186.0956,1003.0,0.314805,1,p:1.2.3.2.1.1
U1163,46,FUSE1,168247.8094,168247.8094,171158.321,2910.5116,2910.5116,1003.0,0.344613,1,p:2.3.5.1.3.2
U1164,46,FUSE1,168284.6255,168284.6255,175308.321,7023.6956,7023.6956,1003.0,0.142802,1,p:1.1.4.2.2.1
U1165,46,FUSE2,168368.2255,168368.2255,173834.321,5466.0956,5466.0956,1035.4,0.189422,1,p:2.2.2.1.1.2
U1166,46,FUSE2,168400.6255,168400.6255,170890.721,2490.0956,2490.0956,1035.4,0.415807,1,p:1.3.1.2.3.1
U1167,46,FUSE2,168484.2255,168484.2255,171862.321,3378.0956,3378.0956,1035.4,0.306504,1,p:2.1.3.1.2.2
U1168,46,FUSE2,168516.6255,168516.6255,171934.721,3418.0956,3418.0956,1035.4,0.302917,1,p:1.2.5.2.1.1
U1169,46,FUSE2,168600.2255,168600.2255,174994.321,6394.0956,6394.0956,1035.4,0.161931,1,p:2.3.4.1.3.2
U1170,46,FUSE2,168632.6255,168632.6255,174728.321,6095.6956,6095.6956,1035.4,0.169858,1,p:1.1.2.2.2.1
U1171,46,FUSE2,168716.2255,168716.2255,171630.321,2914.0956,2914.0956,1035.4,0.355307,1,p:2.2.1.1.1.2
U1120,45,FUSE0,168748.6255,168748.6255,171818.721,3070.0956,3070.0956,941.0,0.306505,1,p:1.3.3.2.3.1
U1121,45,FUSE0,168864.6255,168864.6255,172442.321,3577.6956,3577.6956,941.0,0.263018,1,p:2.1.5.1.2.2
U1122,45,FUSE0,168892.6255,168892.6255,175424.321,6531.6956,6531.6956,941.0,0.144067,1,p:1.2.4.2.1.1
U1123,45,FUSE0,168980.6255,168980.6255,174298.321,5317.6956,5317.6956,941.0,0.176956,1,p:2.3.2.1.3.2
U1124,45,FUSE0,169008.6255,169008.6255,172282.721,3274.0956,3274.0956,941.0,0.287408,1,p:1.1.1.2.2.1
U1125,45,FUSE0,169096.6255,169096.6255,171978.321,2881.6956,2881.6956,941.0,0.326544,1,p:2.2.3.1.1.2
U1126,45,FUSE0,169124.6255,169124.6255,172050.721,2926.0956,2926.0956,941.0,0.321589,1,p:1.3.5.2.3.1
U1127,45,FUSE0,169212.6255,169212.6255,175806.321,6593.6956,6593.6956,941.0,0.142712,1,p:2.1.4.1.2.2
U1128,45,FUSE0,169240.6255,169240.6255,174612.321,5371.6956,5371.6956,941.0,0.175177,1,p:1.2.2.2.1.1
U1129,45,FUSE0,169328.6255,169328.6255,171746.321,2417.6956,2417.6956,941.0,0.389214,1,p:2.3.1.1.3.2
U1130,45,FUSE1,169356.6255,169356.6255,172408.321,3051.6956,3051.6956,1003.0,0.32867,1,p:1.1.3.2.2.1
U1131,45,FUSE1,169444.6255,169444.6255,172790.321,3345.6956,3345.6956,1003.0,0.299788,1,p:2.2.5.1.1.2
U1133,45,FUSE1,169560.6255,169560.6255,175458.321,5897.6956,5897.6956,1003.0,0.170066,1,p:2.1.2.1.2.2
U1134,45,FUSE1,169588.6255,169588.6255,172524.321,2935.6956,2935.6956,1003.0,0.341657,1,p:1.2.1.2.1.1
U1135,45,FUSE1,169676.6255,169676.6255,172326.321,2649.6956,2649.6956,1003.0,0.378534,1,p:2.3.3.1.3.2
U1136,45,FUSE1,169704.6255,169704.6255,173220.321,3515.6956,3515.6956,1003.0,0.285292,1,p:1.1.5.2.2.1
U1137,45,FUSE1,169797.621,169797.621,176270.321,6472.7,6472.7,1003.0,0.154959,1,p:2.2.4.1.1.2
U1138,45,FUSE1,169820.6255,169820.6255,175192.321,5371.6956,5371.6956,1003.0,0.186719,1,p:1.3.2.2.3.1
U1139,45,FUSE2,169913.621,169913.621,173138.321,3224.7,3224.7,1035.4,0.321084,1,p:2.1.1.1.2.2
U1140,45,FUSE2,169936.6255,169936.6255,173336.321,3399.6956,3399.6956,1035.4,0.304557,1,p:1.2.3.2.1.1
U1141,45,FUSE2,170029.621,170029.621,172906.321,2876.7,2876.7,1035.4,0.359926,1,p:2.3.5.1.3.2
U1142,45,FUSE2,170052.6255,170052.6255,176468.321,6415.6956,6415.6956,1035.4,0.161385,1,p:1.1.4.2.2.1
U1143,45,FUSE2,170145.621,170145.621,176038.321,5892.7,5892.7,1035.4,0.175709,1,p:2.2.2.1.1.2
U1144,45,FUSE2,170168.6255,170168.6255,172640.321,2471.6956,2471.6956,1035.4,0.418903,1,p:1.3.1.2.3.1
U1145,45,FUSE2,170261.621,170261.621,173370.321,3108.7,3108.7,1035.4,0.333065,1,p:2.1.3.1.2.2
U1146,45,FUSE2,170342.021,170342.021,173684.321,3342.3,3342.3,1035.4,0.309787,1,p:1.2.5.2.1.1
U1147,45,FUSE2,170377.621,170377.621,176734.321,6356.7,6356.7,1035.4,0.162883,1,p:2.3.4.1.3.2
U1148,45,FUSE2,170458.021,170458.021,175110.321,4652.3,4652.3,1035.4,0.222557,1,p:1.1.2.1.1.2
U6335,253,FUSE0,170493.621,170493.621,174380.321,3886.7,3886.7,941.0,0.242108,1,p:2.2.1.2.2.1
U6336,253,FUSE0,170574.021,170574.021,173104.321,2530.3,2530.3,941.0,0.371893,1,p:1.3.3.2.3.1
U6337,253,FUSE0,170609.621,170609.621,174066.321,3456.7,3456.7,941.0,0.272225,1,p:2.1.5.1.2.2
U6338,253,FUSE0,170690.021,170690.021,177280.321,6590.3,6590.3,941.0,0.142786,1,p:1.2.4.2.1.1
U6339,253,FUSE0,170725.621,170725.621,173254.321,2528.7,2528.7,941.0,0.372128,1,p:2.3.1.1.3.2
U6340,253,FUSE0,170806.021,170806.021,176816.321,6010.3,6010.3,941.0,0.156565,1,p:1.1.2.2.2.1
U6341,253,FUSE0,170841.621,170841.621,173602.321,2760.7,2760.7,941.0,0.340856,1,p:2.2.3.1.1.2
U6342,253,FUSE0,170922.021,170922.021,173800.321,2878.3,2878.3,941.0,0.326929,1,p:1.3.5.2.3.1
U6343,253,FUSE1,170957.621,170957.621,177430.321,6472.7,6472.7,1003.0,0.154959,1,p:2.1.4.1.2.2
U6344,253,FUSE1,171038.021,171038.021,174032.321,2994.3,2994.3,1003.0,0.33497,1,p:1.2.1.2.1.1
U6345,253,FUSE1,171073.621,171073.621,176386.321,5312.7,5312.7,1003.0,0.188793,1,p:2.3.2.1.3.2
U6346,253,FUSE1,171154.021,171154.021,174264.321,3110.3,3110.3,1003.0,0.322477,1,p:1.1.3.2.2.1
U6347,253,FUSE1,171189.621,171189.621,174182.321,2992.7,2992.7,1003.0,0.335149,1,p:2.2.5.1.1.2
U6348,253,FUSE1,171270.021,171270.021,177396.321,6126.3,6126.3,1003.0,0.16372,1,p:1.3.4.2.3.1
U6349,253,FUSE1,171370.821,171370.821,174878.321,3507.5,3507.5,1003.0,0.285959,1,p:2.1.1.1.2.2
U6350,253,FUSE1,171386.021,171386.021,176932.321,5546.3,5546.3,1003.0,0.180841,1,p:1.2.2.2.1.1
U6351,253,FUSE1,171502.021,171502.021,173950.321,2448.3,2448.3,1003.0,0.409672,1,p:2.3.3.1.3.2
U6352,253,FUSE2,171545.621,171545.621,175076.321,3530.7,3530.7,1035.4,0.293256,1,p:1.1.5.2.2.1
U6353,253,FUSE2,171618.021,171618.021,178242.321,6624.3,6624.3,1035.4,0.156303,1,p:2.2.4.1.1.2
U6354,253,FUSE2,171661.621,171661.621,174148.321,2486.7,2486.7,1035.4,0.416375,1,p:1.3.1.2.3.1
U6355,253,FUSE2,171734.021,171734.021,177198.321,5464.3,5464.3,1035.4,0.189484,1,p:2.1.2.1.2.2
U6356,253,FUSE2,171777.621,171777.621,174844.321,3066.7,3066.7,1035.4,0.337627,1,p:1.2.3.2.1.1
U6357,253,FUSE2,171850.021,171850.021,174646.321,2796.3,2796.3,1035.4,0.370275,1,p:2.3.5.1.3.2
U6358,253,FUSE2,171893.621,171893.621,178092.321,6198.7,6198.7,1035.4,0.167035,1,p:1.1.4.2.2.1
U6359,253,FUSE2,171966.021,171966.021,174960.321,2994.3,2994.3,1035.4,0.34579,1,p:2.2.1.2.3.1
U6360,253,FUSE2,172009.621,172009.621,177512.321,5502.7,5502.7,1035.4,0.188162,1,p:1.3.2.2.1.1
U6005,240,FUSE0,172082.021,172082.021,174530.321,2448.3,2448.3,941.0,0.384348,1,p:2.1.3.1.1.2
U6006,240,FUSE0,172125.621,172125.621,175922.321,3796.7,3796.7,941.0,0.247847,1,p:1.2.5.1.2.2
U6007,240,FUSE0,172198.021,172198.021,178010.321,5812.3,5812.3,941.0,0.161898,1,p:2.3.4.1.3.2
U6008,240,FUSE0,172241.621,172241.621,175540.321,3298.7,3298.7,941.0,0.285264,1,p:1.1.3.2.2.1
U6009,240,FUSE0,172314.021,172314.021,175342.321,3028.3,3028.3,941.0,0.310735,1,p:2.2.1.1.1.2
U6010,240,FUSE0,172357.621,172357.621,174496.321,2138.7,2138.7,941.0,0.439987,1,p:1.3.5.2.3.1
U6011,240,FUSE0,172439.621,172439.621,178126.321,5686.7,5686.7,941.0,0.165474,1,p:2.1.2.1.2.2
U6012,240,FUSE0,172473.621,172473.621,179136.321,6662.7,6662.7,941.0,0.141234,1,p:1.2.4.2.1.1
U6013,240,FUSE1,172555.621,172555.621,175226.321,2670.7,2670.7,1003.0,0.375557,1,p:2.3.3.1.3.2
U6014,240,FUSE1,172589.621,172589.621,176004.321,3414.7,3414.7,1003.0,0.29373,1,p:1.1.1.2.2.1
U6015,240,FUSE1,172671.621,172671.621,175574.321,2902.7,2902.7,1003.0,0.34554,1,p:2.2.5.1.1.2
U6016,240,FUSE1,172705.621,172705.621,177628.321,4922.7,4922.7,1003.0,0.20375,1,p:1.3.2.2.3.1
U6017,240,FUSE1,172787.621,172787.621,179203.921,6416.3,6416.3,1003.0,0.156321,1,p:2.1.4.1.2.2
U6018,240,FUSE1,172821.621,172821.621,175772.321,2950.7,2950.7,1003.0,0.339919,1,p:1.2.3.2.1.1
U6019,240,FUSE1,172903.621,172903.621,175690.321,2786.7,2786.7,1003.0,0.359924,1,p:2.3.1.1.3.2
U6020,240,FUSE1,172937.621,172937.621,176120.321,3182.7,3182.7,1003.0,0.315141,1,p:1.1.5.2.2.1
U6021,240,FUSE2,173019.621,173019.621,178530.5094,5510.8884,5510.8884,1035.4,0.187883,1,p:2.2.2.1.1.2
U6022,240,FUSE2,173053.621,173053.621,179020.321,5966.7,5966.7,1035.4,0.17353,1,p:1.3.4.2.3.1
U6023,240,FUSE2,173135.621,173135.621,176618.321,3482.7,3482.7,1035.4,0.297298,1,p:2.1.3.1.2.2
U6024,240,FUSE2,173169.621,173169.621,176584.321,3414.7,3414.7,1035.4,0.303218,1,p:1.2.1.2.1.1
U6025,240,FUSE2,173251.621,173251.621,176154.321,2902.7,2902.7,1035.4,0.356702,1,p:2.3.5.1.3.2
U6026,240,FUSE2,173285.621,173285.621,178904.321,5618.7,5618.7,1035.4,0.184278,1,p:1.1.2.2.2.1
U6027,240,FUSE2,173367.621,173367.621,180131.921,6764.3,6764.3,1035.4,0.153068,1,p:2.2.4.1.1.2
U6028,240,FUSE2,173401.621,173401.621,176352.321,2950.7,2950.7,1035.4,0.3509,1,p:1.3.3.2.1.1
U8250,330,FUSE0,173483.621,173483.621,175888.321,2404.7,2404.7,941.0,0.391317,1,p:2.1.1.2.3.1
U8251,330,FUSE0,173517.621,173517.621,176502.321,2984.7,2984.7,941.0,0.315275,1,p:1.2.5.1.3.2
U8252,330,FUSE0,173599.621,173599.621,179783.921,6184.3,6184.3,941.0,0.15216,1,p:2.3.2.1.2.2
U8253,330,FUSE0,173633.621,173633.621,179611.6094,5977.9884,5977.9884,941.0,0.157411,1,p:1.1.4.2.2.1
U8254,330,FUSE0,173715.621,173715.621,176966.321,3250.7,3250.7,941.0,0.289476,1,p:2.2.1.1.1.2
U8255,330,FUSE0,173749.621,173749.621,176236.321,2486.7,2486.7,941.0,0.378413,1,p:1.3.5.2.1.1
U8256,330,FUSE0,173831.621,173831.621,176850.321,3018.7,3018.7,941.0,0.311724,1,p:2.1.3.1.2.2
U8257,330,FUSE0,173865.621,173865.621,179252.321,5386.7,5386.7,941.0,0.17469,1,p:1.2.2.2.3.1
U8258,330,FUSE0,173947.621,173947.621,180015.921,6068.3,6068.3,941.0,0.155068,1,p:2.3.4.1.3.2
U8259,330,FUSE1,173981.621,173981.621,177164.321,3182.7,3182.7,1003.0,0.315141,1,p:1.1.1.2.2.1
U8260,330,FUSE1,174063.621,174063.621,177778.321,3714.7,3714.7,1003.0,0.270008,1,p:2.2.5.1.2.2
U8261,330,FUSE1,174097.621,174097.621,177048.321,2950.7,2950.7,1003.0,0.339919,1,p:1.3.3.2.3.1
U8262,330,FUSE1,174179.621,174179.621,179551.921,5372.3,5372.3,1003.0,0.186698,1,p:2.1.2.1.1.2
U8263,330,FUSE1,174213.621,174213.621,180771.6094,6557.9884,6557.9884,1003.0,0.152943,1,p:1.2.4.2.1.1
U8264,330,FUSE1,174295.621,174295.621,177082.321,2786.7,2786.7,1003.0,0.359924,1,p:2.3.1.1.3.2
U8265,330,FUSE1,174329.621,174329.621,176700.321,2370.7,2370.7,1003.0,0.423082,1,p:1.1.5.2.3.1
U8266,330,FUSE1,174411.621,174411.621,177894.321,3482.7,3482.7,1003.0,0.287995,1,p:2.2.3.1.1.2
U8267,330,FUSE1,174445.621,174445.621,180075.6094,5629.9884,5629.9884,1003.0,0.178153,1,p:1.3.2.2.2.1
U8268,330,FUSE2,174527.621,174527.621,181059.921,6532.3,6532.3,1035.4,0.158505,1,p:2.1.4.1.2.2
U8269,330,FUSE2,174561.621,174561.621,178208.321,3646.7,3646.7,1035.4,0.283928,1,p:1.2.1.2.1.1
U8270,330,FUSE2,174643.621,174643.621,177546.321,2902.7,2902.7,1035.4,0.356702,1,p:2.3.5.1.1.2
U8271,330,FUSE2,174677.621,174677.621,177744.321,3066.7,3066.7,1035.4,0.337627,1,p:1.1.3.2.2.1
U8272,330,FUSE2,174759.621,174759.621,180363.921,5604.3,5604.3,1035.4,0.184751,1,p:2.2.2.1.3.2
U8273,330,FUSE2,174793.621,174793.621,180655.6094,5861.9884,5861.9884,1035.4,0.176629,1,p:1.3.4.2.3.1
U8274,330,FUSE2,174875.621,174875.621,177860.321,2984.7,2984.7,1035.4,0.346903,1,p:2.1.1.2.1.1
U8275,330,FUSE2,174909.621,174909.621,177314.321,2404.7,2404.7,1035.4,0.430573,1,p:1.2.5.1.3.2
U8276,330,FUSE2,174991.621,174991.621,178440.321,3448.7,3448.7,1035.4,0.300229,1,p:2.3.3.2.2.1
U6128,245,FUSE0,175025.621,175025.621,180595.921,5570.3,5570.3,941.0,0.168932,1,p:1.1.2.1.2.2
U6129,245,FUSE0,175107.621,175107.621,181987.921,6880.3,6880.3,941.0,0.136767,1,p:2.2.4.1.1.2
U6130,245,FUSE0,175141.621,175141.621,179495.6094,4353.9884,4353.9884,941.0,0.216124,1,p:1.3.2.2.3.1
U6131,245,FUSE0,175223.621,175223.621,178358.321,3134.7,3134.7,941.0,0.300188,1,p:2.1.1.1.2.2
U6132,245,FUSE0,175257.621,175257.621,178556.321,3298.7,3298.7,941.0,0.285264,1,p:1.2.5.2.1.1
U6133,245,FUSE0,175339.621,175339.621,177662.321,2322.7,2322.7,941.0,0.405132,1,p:2.3.3.1.3.2
U6134,245,FUSE0,175373.621,175373.621,181787.121,6413.5,6413.5,941.0,0.146722,1,p:1.1.4.2.2.1
U6135,245,FUSE0,175455.621,175455.621,181407.921,5952.3,5952.3,941.0,0.15809,1,p:2.2.2.1.1.2
U6136,245,FUSE1,175489.621,175489.621,177976.321,2486.7,2486.7,1003.0,0.403346,1,p:1.3.1.2.3.1
U6137,245,FUSE1,175571.621,175571.621,178681.121,3109.5,3109.5,1003.0,0.32256,1,p:2.1.5.1.2.2
U6138,245,FUSE1,175605.621,175605.621,178672.321,3066.7,3066.7,1003.0,0.327062,1,p:1.2.3.2.1.1
U6139,245,FUSE1,175721.621,175721.621,181755.921,6034.3,6034.3,1003.0,0.166216,1,p:2.3.4.1.3.2
U6140,245,FUSE1,175803.621,175830.021,180973.521,5169.9,5169.9,1003.0,0.194008,1,p:1.1.2.2.2.1
U6141,245,FUSE1,175837.621,175837.621,179319.921,3482.3,3482.3,1003.0,0.288028,1,p:2.2.1.1.1.2
U6142,245,FUSE1,175919.621,175942.221,178324.321,2404.7,2404.7,1003.0,0.4171,1,p:1.3.5.2.3.1
U6143,245,FUSE1,175953.621,175953.621,178855.921,2902.3,2902.3,1003.0,0.345588,1,p:2.1.3.1.2.2
U6144,245,FUSE2,176035.621,176054.421,182367.121,6331.5,6331.5,1035.4,0.163532,1,p:1.2.4.2.1.1
U6145,245,FUSE2,176069.621,176069.621,181291.921,5222.3,5222.3,1035.4,0.198265,1,p:2.3.2.1.3.2
U6146,245,FUSE2,176151.621,176166.621,179368.321,3216.7,3216.7,1035.4,0.321883,1,p:1.1.1.2.2.1
U6147,245,FUSE2,176185.621,176185.621,179899.921,3714.3,3714.3,1035.4,0.27876,1,p:2.2.5.1.1.2
U6148,245,FUSE2,176267.621,176278.821,178788.321,2520.7,2520.7,1035.4,0.410759,1,p:1.3.3.2.3.1
U6149,245,FUSE2,176301.621,176301.621,182567.921,6266.3,6266.3,1035.4,0.165233,1,p:2.1.4.1.2.2
U6150,245,FUSE2,176383.621,176391.021,182135.121,5751.5,5751.5,1035.4,0.180023,1,p:1.2.2.2.1.1
U6151,245,FUSE2,176417.621,176417.621,179435.921,3018.3,3018.3,1035.4,0.343041,1,p:2.3.1.1.3.2
U6900,276,FUSE0,176499.621,176503.221,178971.921,2472.3,2472.3,941.0,0.380617,1,p:1.1.5.1.1.2
U6901,276,FUSE0,176533.621,176533.621,179843.6094,3309.9884,3309.9884,941.0,0.284291,1,p:2.2.3.2.2.1
U6902,276,FUSE0,176615.621,176615.621,182483.121,5867.5,5867.5,941.0,0.160375,1,p:1.3.4.2.3.1
U6903,276,FUSE0,176649.621,176649.621,182219.921,5570.3,5570.3,941.0,0.168932,1,p:2.1.2.1.2.2
U6904,276,FUSE0,176731.621,176731.621,180539.6094,3807.9884,3807.9884,941.0,0.247112,1,p:1.2.5.2.2.1
U6905,276,FUSE0,176765.621,176765.621,179087.921,2322.3,2322.3,941.0,0.405202,1,p:2.3.3.1.3.2
U6906,276,FUSE0,176847.621,176847.621,179727.6094,2879.9884,2879.9884,941.0,0.326737,1,p:1.1.1.2.1.1
U6907,276,FUSE0,176881.621,176881.621,183611.921,6730.3,6730.3,941.0,0.139815,1,p:2.2.4.1.1.2
U6908,276,FUSE0,176963.621,176963.621,182019.121,5055.5,5055.5,941.0,0.186134,1,p:1.3.2.2.3.1
U6909,276,FUSE1,176997.621,176997.621,179667.921,2670.3,2670.3,1003.0,0.375613,1,p:2.1.5.1.3.2
U6910,276,FUSE1,177079.621,177079.621,180191.6094,3111.9884,3111.9884,1003.0,0.322302,1,p:1.2.3.2.1.1
U6911,276,FUSE1,177113.621,177113.621,180711.921,3598.3,3598.3,1003.0,0.278743,1,p:2.3.1.1.2.2
U6912,276,FUSE1,177195.621,177195.621,182831.121,5635.5,5635.5,1003.0,0.177979,1,p:1.1.4.2.2.1
U6913,276,FUSE1,177229.621,177229.621,182799.921,5570.3,5570.3,1003.0,0.180062,1,p:2.2.2.1.1.2
U6914,276,FUSE1,177311.621,177311.621,180423.6094,3111.9884,3111.9884,1003.0,0.322302,1,p:1.3.5.2.1.1
U6915,276,FUSE1,177345.621,177345.621,180247.921,2902.3,2902.3,1003.0,0.345588,1,p:2.1.3.1.2.2
U6916,276,FUSE1,177427.621,177427.621,180307.6094,2879.9884,2879.9884,1003.0,0.348265,1,p:1.2.1.2.3.1
U6917,276,FUSE1,177461.621,177461.621,183495.921,6034.3,6034.3,1003.0,0.166216,1,p:2.3.4.1.3.2
U6918,276,FUSE2,177543.621,177543.621,182599.121,5055.5,5055.5,1035.4,0.204807,1,p:1.1.2.2.2.1
U6919,276,FUSE2,177577.621,177577.621,181523.921,3946.3,3946.3,1035.4,0.262372,1,p:2.2.5.1.2.2
U6920,276,FUSE2,177659.621,177659.621,179959.6094,2299.9884,2299.9884,1035.4,0.450176,1,p:1.3.3.2.3.1
U6921,276,FUSE2,177693.621,177693.621,180479.921,2786.3,2786.3,1035.4,0.371604,1,p:2.1.1.1.1.2
U6922,276,FUSE2,177775.621,177775.621,183536.021,5760.4,5760.4,1035.4,0.179744,1,p:1.2.4.2.1.1
U6923,276,FUSE2,177809.621,177809.621,183031.921,5222.3,5222.3,1035.4,0.198265,1,p:2.3.2.1.3.2
U6924,276,FUSE2,177891.621,177891.621,183768.021,5876.4,5876.4,1035.4,0.176196,1,p:1.1.5.1.3.1
U6925,276,FUSE2,177925.621,177925.621,180827.921,2902.3,2902.3,1035.4,0.356752,1,p:2.2.3.2.1.2
U6926,276,FUSE2,178007.621,178007.621,181555.121,3547.5,3547.5,1035.4,0.291868,1,p:1.3.1.1.2.1
U1440,58,FUSE0,178041.621,178041.621,185644.821,7603.2,7603.2,941.0,0.123764,1,p:2.1.4.2.2.2
U1441,58,FUSE0,178123.621,178123.621,183063.121,4939.5,4939.5,941.0,0.190505,1,p:1.2.2.2.3.1
U1442,58,FUSE0,178157.621,178157.621,181323.121,3165.5,3165.5,941.0,0.297267,1,p:2.3.5.1.2.1
U1132,45,FUSE1,178227.0,178235.821,184232.021,6005.021,6005.021,2295.0,0.38218,1,p:1.3.4.2.3.1
U1443,58,FUSE0,178239.621,178348.021,186475.7975,8236.1765,8236.1765,941.0,0.114252,1,p:1.1.4.2.2.2
U1444,58,FUSE0,178273.621,178273.621,181639.921,3366.3,3366.3,941.0,0.279535,1,p:2.2.3.1.1.2
U1445,58,FUSE0,178355.621,178460.221,181175.921,2820.3,2820.3,941.0,0.333652,1,p:1.3.1.2.1.2
U1446,58,FUSE0,178389.621,178389.621,186060.5094,7670.8884,7670.8884,941.0,0.122672,1,p:2.1.2.1.3.1
U1447,58,FUSE0,178471.621,178572.421,180943.921,2472.3,2472.3,941.0,0.380617,1,p:1.2.5.2.3.2
U1448,58,FUSE1,178561.8094,178561.8094,183884.021,5322.2116,5322.2116,1003.0,0.188455,1,p:2.3.4.1.2.1
U1449,58,FUSE1,178587.621,178684.621,183843.921,5256.3,5256.3,1003.0,0.190819,1,p:1.1.3.2.1.2
U1450,58,FUSE1,178703.621,178703.621,181439.121,2735.5,2735.5,1003.0,0.366661,1,p:2.2.1.1.1.1
U1451,58,FUSE1,178712.421,178796.821,183379.921,4667.5,4667.5,1003.0,0.21489,1,p:1.3.2.2.2.2
U1452,58,FUSE1,178819.621,178819.621,184784.5094,5964.8884,5964.8884,1003.0,0.168151,1,p:2.1.5.1.3.1
U1453,58,FUSE1,178887.221,178909.021,184356.1094,5468.8884,5468.8884,1003.0,0.183401,1,p:1.2.4.2.1.2
U1454,58,FUSE1,178935.621,178935.621,181903.121,2967.5,2967.5,1003.0,0.337995,1,p:2.3.3.1.1.1
U1455,58,FUSE1,179003.221,179021.221,184820.1094,5816.8884,5816.8884,1003.0,0.172429,1,p:1.1.1.2.3.2
U1456,58,FUSE2,179051.621,179051.621,183304.021,4252.4,4252.4,1035.4,0.243486,1,p:2.2.2.1.2.1
U1457,58,FUSE2,179119.221,179133.421,182103.921,2984.7,2984.7,1035.4,0.346903,1,p:1.3.5.2.2.2
U1458,58,FUSE2,179167.621,179167.621,187150.5094,7982.8884,7982.8884,1035.4,0.129702,1,p:2.1.4.1.1.1
U1459,58,FUSE2,179235.221,179245.621,181871.921,2636.7,2636.7,1035.4,0.392688,1,p:1.2.3.2.3.2
U1460,58,FUSE2,179283.621,179283.621,181671.121,2387.5,2387.5,1035.4,0.433675,1,p:2.3.1.1.3.1
U1461,58,FUSE2,179351.221,179357.821,186176.5094,6825.2884,6825.2884,1035.4,0.151701,1,p:1.1.2.2.2.1
U1462,58,FUSE2,179399.621,179399.621,182335.921,2936.3,2936.3,1035.4,0.352621,1,p:2.2.5.1.1.2
U1463,58,FUSE2,179467.221,179470.021,184588.1094,5120.8884,5120.8884,1035.4,0.202191,1,p:1.3.4.1.2.2
U1464,58,FUSE2,179526.9094,179526.9094,185364.5094,5837.6,5837.6,1035.4,0.177367,1,p:2.1.3.2.1.1
U2500,101,FUSE0,179583.221,179583.221,182251.121,2667.9,2667.9,941.0,0.352712,1,p:1.2.1.2.3.1
U2501,101,FUSE0,179642.9094,179642.9094,184240.1094,4597.2,4597.2,941.0,0.20469,1,p:2.3.2.1.3.2
U2502,101,FUSE0,179699.221,179699.221,185132.5094,5433.2884,5433.2884,941.0,0.173192,1,p:1.1.5.2.2.1
U2503,101,FUSE0,179758.9094,179758.9094,182683.921,2925.0116,2925.0116,941.0,0.321708,1,p:2.2.1.1.1.2
U2504,101,FUSE0,179815.221,179815.221,185712.5094,5897.2884,5897.2884,941.0,0.159565,1,p:1.3.4.2.3.1
U2505,101,FUSE0,179874.9094,179874.9094,185296.821,5421.9116,5421.9116,941.0,0.173555,1,p:2.1.3.1.2.2
U2506,101,FUSE0,179931.221,179931.221,184116.021,4184.8,4184.8,941.0,0.224861,1,p:1.2.2.2.1.1
U2507,101,FUSE0,179990.9094,179990.9094,182451.921,2461.0116,2461.0116,941.0,0.382363,1,p:2.3.5.1.3.2
U2508,101,FUSE1,180047.221,180047.221,185248.5094,5201.2884,5201.2884,1003.0,0.192837,1,p:1.1.1.2.2.1
U2509,101,FUSE1,180106.9094,180106.9094,185412.821,5305.9116,5305.9116,1003.0,0.189034,1,p:2.2.4.1.1.2
U2510,101,FUSE1,180163.221,180163.221,182715.121,2551.9,2551.9,1003.0,0.39304,1,p:1.3.3.2.3.1
U2511,101,FUSE1,180222.9094,180222.9094,187055.7975,6832.8881,6832.8881,1003.0,0.14679,1,p:2.1.2.1.2.2
U2512,101,FUSE1,180279.221,180279.221,182947.121,2667.9,2667.9,1003.0,0.375951,1,p:1.2.5.2.1.1
U2513,101,FUSE1,180338.9094,180338.9094,182915.921,2577.0116,2577.0116,1003.0,0.389211,1,p:2.3.1.1.3.2
U2514,101,FUSE1,180395.221,180395.221,188561.3975,8166.1765,8166.1765,1003.0,0.122824,1,p:1.1.4.2.2.1
U2515,101,FUSE1,180454.9094,180454.9094,183147.921,2693.0116,2693.0116,1003.0,0.372445,1,p:2.2.3.1.1.2
U2516,101,FUSE2,180511.221,180511.221,185016.5094,4505.2884,4505.2884,1035.4,0.229819,1,p:1.3.2.2.3.1
U2517,101,FUSE2,180570.9094,180570.9094,185992.821,5421.9116,5421.9116,1035.4,0.190966,1,p:2.1.5.1.2.2
U2518,101,FUSE2,180627.221,180627.221,183179.121,2551.9,2551.9,1035.4,0.405737,1,p:1.2.1.2.1.1
U2519,101,FUSE2,180686.9094,180686.9094,186316.9094,5630.0,5630.0,1035.4,0.183908,1,p:2.3.4.1.3.2
U2520,101,FUSE2,180743.221,180743.221,186408.5094,5665.2884,5665.2884,1035.4,0.182762,1,p:1.1.3.2.2.1
U2521,101,FUSE2,180802.9094,180802.9094,185052.1094,4249.2,4249.2,1035.4,0.243669,1,p:2.2.2.1.1.2
U2522,101,FUSE2,180859.221,180859.221,183420.021,2560.8,2560.8,1035.4,0.404327,1,p:1.3.5.2.3.1
U2523,101,FUSE2,180975.221,180975.221,186524.5094,5549.2884,5549.2884,1035.4,0.186582,1,p:2.1.1.2.1.1
U2524,101,FUSE2,181004.821,181004.821,187171.7975,6166.9765,6166.9765,1035.4,0.167894,1,p:1.2.4.1.3.2
U8277,331,FUSE0,181091.221,181091.221,183263.921,2172.7,2172.7,941.0,0.433102,1,p:2.3.3.1.2.2
U8278,331,FUSE0,181207.221,181207.221,188097.3975,6890.1765,6890.1765,941.0,0.136571,1,p:1.1.2.2.2.1
U8279,331,FUSE0,181323.221,181323.221,183727.921,2404.7,2404.7,941.0,0.391317,1,p:2.2.5.1.1.2
U8280,331,FUSE0,181354.421,181354.421,183652.021,2297.6,2297.6,941.0,0.409558,1,p:1.3.3.2.3.1
U8281,331,FUSE0,181439.221,181439.221,186823.7975,5384.5765,5384.5765,941.0,0.174758,1,p:2.1.1.1.2.2
U8282,331,FUSE0,181470.421,181470.421,187034.5094,5564.0884,5564.0884,941.0,0.16912,1,p:1.2.4.2.1.1
U8283,331,FUSE0,181555.221,181555.221,185528.821,3973.6,3973.6,941.0,0.236813,1,p:2.3.2.1.3.2
U8284,331,FUSE0,181586.421,181586.421,187266.5094,5680.0884,5680.0884,941.0,0.165666,1,p:1.1.5.2.2.1
U8285,331,FUSE1,181671.221,181671.221,184124.1094,2452.8884,2452.8884,1003.0,0.408906,1,p:2.2.3.1.1.2
U8286,331,FUSE1,181702.421,181702.421,184000.021,2297.6,2297.6,1003.0,0.436542,1,p:1.3.1.2.3.1
U8287,331,FUSE1,181787.221,181787.221,189879.3975,8092.1765,8092.1765,1003.0,0.123947,1,p:2.1.4.1.2.2
U8288,331,FUSE1,181818.421,181818.421,185596.5094,3778.0884,3778.0884,1003.0,0.265478,1,p:1.2.2.2.1.1
U8289,331,FUSE1,181903.221,181903.221,184472.1094,2568.8884,2568.8884,1003.0,0.390441,1,p:2.3.5.1.3.2
U8290,331,FUSE1,181934.421,181934.421,187498.5094,5564.0884,5564.0884,1003.0,0.180263,1,p:1.1.3.2.2.1
U8291,331,FUSE1,182019.221,182019.221,184704.1094,2684.8884,2684.8884,1003.0,0.373572,1,p:2.2.1.1.1.2
U8292,331,FUSE1,182050.421,182050.421,187981.3975,5930.9765,5930.9765,1003.0,0.169112,1,p:1.3.4.2.3.1
U8293,331,FUSE2,182135.221,182135.221,189299.3975,7164.1765,7164.1765,1035.4,0.144525,1,p:2.1.2.1.2.2
U8294,331,FUSE2,182166.421,182166.421,184668.5094,2502.0884,2502.0884,1035.4,0.413814,1,p:1.2.5.2.1.1
U8295,331,FUSE2,182251.221,182251.221,185168.1094,2916.8884,2916.8884,1035.4,0.354967,1,p:2.3.3.1.3.2
U8296,331,FUSE2,182282.421,182282.421,187865.3975,5582.9765,5582.9765,1035.4,0.185457,1,p:1.1.1.2.2.1
U8297,331,FUSE2,182367.221,182367.221,187867.7975,5500.5765,5500.5765,1035.4,0.188235,1,p:2.2.4.1.1.2
U8298,331,FUSE2,182398.421,182398.421,186686.5094,4288.0884,4288.0884,1035.4,0.24146,1,p:1.3.2.2.3.1
U8299,331,FUSE2,182483.221,182483.221,187751.7975,5268.5765,5268.5765,1035.4,0.196524,1,p:2.1.5.1.2.2
U8300,331,FUSE2,182514.421,182514.421,185876.821,3362.4,3362.4,1035.4,0.307935,1,p:1.2.3.1.3.2
U8301,331,FUSE2,182599.221,182599.221,184900.5094,2301.2884,2301.2884,1035.4,0.449922,1,p:2.3.1.2.1.1
U8175,327,FUSE0,182630.421,182630.421,190417.3975,7786.9765,7786.9765,941.0,0.120843,1,p:1.1.4.2.2.1
U8176,327,FUSE0,182715.221,182715.221,186148.1975,3432.9765,3432.9765,941.0,0.274106,1,p:2.2.2.1.1.2
U8177,327,FUSE0,182746.421,182746.421,185480.5094,2734.0884,2734.0884,941.0,0.344173,1,p:1.3.5.2.3.1
U8178,327,FUSE0,182831.221,182831.221,191048.9975,8217.7765,8217.7765,941.0,0.114508,1,p:2.1.4.1.3.2
U8179,327,FUSE0,182862.421,182862.421,185944.5094,3082.0884,3082.0884,941.0,0.305312,1,p:1.2.3.2.1.1
U8180,327,FUSE0,182947.221,182947.221,184936.1094,1988.8884,1988.8884,941.0,0.473129,1,p:2.3.1.1.2.2
U8181,327,FUSE0,182978.421,182978.421,190069.3975,7090.9765,7090.9765,941.0,0.132704,1,p:1.1.2.2.2.1
U8182,327,FUSE0,183063.221,183063.221,185760.821,2697.6,2697.6,941.0,0.348829,1,p:2.2.5.1.1.2
U8183,327,FUSE1,183094.421,183094.421,188445.3975,5350.9765,5350.9765,1003.0,0.187442,1,p:1.3.4.2.1.1
U8184,327,FUSE1,183179.221,183179.221,188719.3975,5540.1765,5540.1765,1003.0,0.181041,1,p:2.1.3.1.2.2
U8185,327,FUSE1,183210.421,183210.421,186292.5094,3082.0884,3082.0884,1003.0,0.325429,1,p:1.2.1.2.3.1
U8186,327,FUSE1,183295.221,183295.221,187403.7975,4108.5765,4108.5765,1003.0,0.244123,1,p:2.3.2.1.3.2
U8187,327,FUSE1,183335.321,183335.321,189025.3975,5690.0765,5690.0765,1003.0,0.176272,1,p:1.1.5.2.2.1
U8188,327,FUSE1,183411.221,183411.221,188603.3975,5192.1765,5192.1765,1003.0,0.193175,1,p:2.2.4.1.2.2
U8189,327,FUSE1,183451.321,183451.321,186918.5094,3467.1884,3467.1884,1003.0,0.289283,1,p:1.3.3.2.3.1
U8190,327,FUSE1,183527.221,183527.221,188487.3975,4960.1765,4960.1765,1003.0,0.202211,1,p:2.1.1.1.1.2
U8191,327,FUSE2,183567.321,183567.321,187633.3975,4066.0765,4066.0765,1035.4,0.254644,1,p:1.2.2.2.1.1
U8192,327,FUSE2,183643.221,183643.221,186591.7975,2948.5765,2948.5765,1035.4,0.351153,1,p:2.3.5.1.3.2
U8193,327,FUSE2,183683.321,183683.321,191536.1975,7852.8765,7852.8765,1035.4,0.13185,1,p:1.1.4.2.3.1
U8194,327,FUSE2,183759.221,183759.221,186707.7975,2948.5765,2948.5765,1035.4,0.351153,1,p:2.2.3.1.1.2
U8195,327,FUSE2,183799.321,183799.321,185828.5094,2029.1884,2029.1884,1035.4,0.510253,1,p:1.3.1.2.2.1
U8196,327,FUSE2,183875.221,183875.221,190932.9975,7057.7765,7057.7765,1035.4,0.146703,1,p:2.1.2.1.2.2
U8197,327,FUSE2,183915.321,183915.321,186802.5094,2887.1884,2887.1884,1035.4,0.358619,1,p:1.2.5.2.1.1
U3961,159,FUSE0,184031.321,184031.321,188951.3975,4920.0765,4920.0765,941.0,0.191257,1,p:2.3.4.1.1.2
U3962,159,FUSE0,184147.321,184147.321,189605.3975,5458.0765,5458.0765,941.0,0.172405,1,p:1.1.3.2.2.1
U3963,159,FUSE0,184155.4094,184155.4094,187287.7975,3132.3881,3132.3881,941.0,0.30041,1,p:2.2.1.1.3.2
U3964,159,FUSE0,184263.321,184263.321,188677.3975,4414.0765,4414.0765,941.0,0.213182,1,p:1.3.2.2.3.1
U3965,159,FUSE0,184271.4094,184271.4094,189647.3975,5375.9881,5375.9881,941.0,0.175038,1,p:2.1.5.1.2.2
U3966,159,FUSE0,184387.4094,184387.4094,189257.3975,4869.9881,4869.9881,941.0,0.193224,1,p:1.2.4.2.2.1
U3967,159,FUSE0,184503.4094,184503.4094,187635.7975,3132.3881,3132.3881,941.0,0.30041,1,p:2.3.3.1.3.2
U3968,159,FUSE0,184619.4094,184619.4094,189953.3975,5333.9881,5333.9881,941.0,0.176416,1,p:1.1.1.2.1.1
U3969,159,FUSE1,184699.8094,184699.8094,188137.7975,3437.9881,3437.9881,1003.0,0.29174,1,p:2.2.2.1.1.2
U3970,159,FUSE1,184735.4094,184735.4094,187749.3975,3013.9881,3013.9881,1003.0,0.332782,1,p:1.3.5.2.3.1
U3971,159,FUSE1,184815.8094,184815.8094,193014.9975,8199.1881,8199.1881,1003.0,0.122329,1,p:2.1.4.1.3.2
U3972,159,FUSE1,184851.4094,184851.4094,187382.5094,2531.1,2531.1,1003.0,0.39627,1,p:1.2.3.2.1.1
U3973,159,FUSE1,184931.8094,184931.8094,186939.7975,2007.9881,2007.9881,1003.0,0.499505,1,p:2.3.1.1.2.2
U3974,159,FUSE1,184967.4094,184967.4094,191652.1975,6684.7881,6684.7881,1003.0,0.150042,1,p:1.1.2.2.2.1
U3975,159,FUSE1,185047.8094,185047.8094,187519.7975,2471.9881,2471.9881,1003.0,0.405746,1,p:2.2.5.1.1.2
U3976,159,FUSE2,185083.4094,185083.4094,190301.3975,5217.9881,5217.9881,1035.4,0.198429,1,p:1.3.4.2.1.1
U3977,159,FUSE2,185163.8094,185163.8094,190816.9975,5653.1881,5653.1881,1035.4,0.183153,1,p:2.1.3.1.2.2
U3978,159,FUSE2,185199.4094,185199.4094,188213.3975,3013.9881,3013.9881,1035.4,0.343532,1,p:1.2.1.2.3.1
U3979,159,FUSE2,185279.8094,185279.8094,189183.3975,3903.5881,3903.5881,1035.4,0.265243,1,p:2.3.2.1.3.2
U3980,159,FUSE2,185328.121,185328.121,190185.3975,4857.2765,4857.2765,1035.4,0.213165,1,p:1.1.5.2.2.1
U3981,159,FUSE2,185395.8094,185395.8094,190461.3975,5065.5881,5065.5881,1035.4,0.204399,1,p:2.2.4.1.2.2
U3982,159,FUSE2,185444.121,185444.121,188793.3975,3349.2765,3349.2765,1035.4,0.309141,1,p:1.3.3.2.3.1
U3983,159,FUSE2,185511.8094,185511.8094,191164.9975,5653.1881,5653.1881,1035.4,0.183153,1,p:2.1.1.1.1.2
U356,15,FUSE0,185560.121,185560.121,189373.3975,3813.2765,3813.2765,941.0,0.246769,1,p:1.2.2.2.1.1
U357,15,FUSE0,185627.8094,185627.8094,188253.7975,2625.9881,2625.9881,941.0,0.358341,1,p:2.3.5.1.3.2
U358,15,FUSE0,185676.121,185676.121,194198.1975,8522.0765,8522.0765,941.0,0.110419,1,p:1.1.4.2.3.1
U359,15,FUSE0,185743.8094,185743.8094,187983.7975,2239.9881,2239.9881,941.0,0.420092,1,p:2.2.3.1.1.2
U360,15,FUSE0,185792.121,185792.121,188329.3975,2537.2765,2537.2765,941.0,0.37087,1,p:1.3.1.2.2.1
U361,15,FUSE0,185859.8094,185859.8094,192040.5975,6180.7881,6180.7881,941.0,0.152246,1,p:2.1.2.1.2.2
U362,15,FUSE0,185908.121,185908.121,188909.3975,3001.2765,3001.2765,941.0,0.313533,1,p:1.2.5.2.1.1
U363,15,FUSE0,185975.8094,185975.8094,191512.9975,5537.1881,5537.1881,941.0,0.169942,1,p:2.3.4.1.1.2
U364,15,FUSE0,186024.121,186024.121,191070.5975,5046.4765,5046.4765,941.0,0.186467,1,p:1.1.3.2.2.1
U365,15,FUSE0,186091.8094,186091.8094,188835.3975,2743.5881,2743.5881,941.0,0.342982,1,p:2.2.1.1.3.2
U366,15,FUSE1,186179.4975,186179.4975,189837.3975,3657.9,3657.9,1003.0,0.274201,1,p:1.3.2.2.3.1
U367,15,FUSE1,186207.8094,186207.8094,191684.9975,5477.1881,5477.1881,1003.0,0.183123,1,p:2.1.5.1.2.2
U368,15,FUSE1,186323.8094,186323.8094,191420.1975,5096.3881,5096.3881,1003.0,0.196806,1,p:1.2.4.2.2.1
U369,15,FUSE1,186348.2094,186348.2094,189067.3975,2719.1881,2719.1881,1003.0,0.36886,1,p:2.3.3.1.3.2
U370,15,FUSE1,186439.8094,186439.8094,192232.1975,5792.3881,5792.3881,1003.0,0.173158,1,p:1.1.1.2.1.1
U371,15,FUSE1,186507.0975,186507.0975,190584.9975,4077.9,4077.9,1003.0,0.24596,1,p:2.2.2.1.1.2
U372,15,FUSE1,186555.8094,186555.8094,189489.3975,2933.5881,2933.5881,1003.0,0.341902,1,p:1.3.5.2.3.1
U373,15,FUSE1,186623.0975,186623.0975,194702.5975,8079.5,8079.5,1003.0,0.124141,1,p:2.1.4.1.2.2
U374,15,FUSE1,186717.8094,186717.8094,189141.3975,2423.5881,2423.5881,1003.0,0.413849,1,p:1.2.3.2.1.1
U375,15,FUSE2,186739.0975,186739.0975,189531.3975,2792.3,2792.3,1035.4,0.370805,1,p:2.3.1.1.3.2
U376,15,FUSE2,186833.8094,186833.8094,193398.5975,6564.7881,6564.7881,1035.4,0.15772,1,p:1.1.2.2.2.1
U377,15,FUSE2,186855.0975,186855.0975,189415.3975,2560.3,2560.3,1035.4,0.404406,1,p:2.2.5.1.1.2
U378,15,FUSE2,186949.8094,186949.8094,192116.1975,5166.3881,5166.3881,1035.4,0.200411,1,p:1.3.4.2.3.1
U379,15,FUSE2,186971.0975,186971.0975,191924.5975,4953.5,4953.5,1035.4,0.209024,1,p:2.1.3.1.2.2
U380,15,FUSE2,187065.8094,187065.8094,189721.3975,2655.5881,2655.5881,1035.4,0.389895,1,p:1.2.1.2.1.1
U381,15,FUSE2,187087.0975,187087.0975,190700.9975,3613.9,3613.9,1035.4,0.286505,1,p:2.3.2.1.3.2
U382,15,FUSE2,187181.8094,187181.8094,192464.1975,5282.3881,5282.3881,1035.4,0.19601,1,p:1.1.5.2.2.1
U383,15,FUSE2,187203.0975,187203.0975,192547.7975,5344.7,5344.7,1035.4,0.193725,1,p:2.2.4.1.2.2
U7775,311,FUSE0,187297.8094,187297.8094,189763.3975,2465.5881,2465.5881,941.0,0.381653,1,p:1.3.3.1.1.2
U7776,311,FUSE0,187319.0975,187319.0975,192348.1975,5029.1,5029.1,941.0,0.187111,1,p:2.1.1.2.3.1
U7777,311,FUSE0,187413.8094,187413.8094,191304.1975,3890.3881,3890.3881,941.0,0.241878,1,p:1.2.2.2.1.1
U7778,311,FUSE0,187435.0975,187435.0975,189995.3975,2560.3,2560.3,941.0,0.367535,1,p:2.3.5.1.3.2
U7779,311,FUSE0,187529.8094,187529.8094,192818.5975,5288.7881,5288.7881,941.0,0.177924,1,p:1.1.3.2.2.1
U7780,311,FUSE0,187551.0975,187551.0975,190227.3975,2676.3,2676.3,941.0,0.351605,1,p:2.2.1.1.1.2
U7781,311,FUSE0,187664.6975,187664.6975,192580.1975,4915.5,4915.5,941.0,0.191435,1,p:1.3.4.2.3.1
U7782,311,FUSE0,187667.0975,187667.0975,193942.9975,6275.9,6275.9,941.0,0.149939,1,p:2.1.2.1.2.2
U7783,311,FUSE0,187780.6975,187780.6975,190649.3975,2868.7,2868.7,941.0,0.328023,1,p:1.2.5.2.1.1
U7784,311,FUSE1,187783.0975,187783.0975,190111.3975,2328.3,2328.3,1003.0,0.430786,1,p:2.3.3.1.3.2
U7785,311,FUSE1,187896.6975,187896.6975,193166.5975,5269.9,5269.9,1003.0,0.190326,1,p:1.1.1.2.2.1
U7786,311,FUSE1,187899.0975,187899.0975,193362.9975,5463.9,5463.9,1003.0,0.183569,1,p:2.2.4.1.1.2
U7787,311,FUSE1,188012.6975,188012.6975,191768.1975,3755.5,3755.5,1003.0,0.267075,1,p:1.3.2.2.3.1
U7788,311,FUSE1,188015.0975,188015.0975,193246.9975,5231.9,5231.9,1003.0,0.191709,1,p:2.1.5.1.2.2
U7789,311,FUSE1,188128.6975,188128.6975,190779.7975,2651.1,2651.1,1003.0,0.378334,1,p:1.2.3.2.1.1
U7790,311,FUSE1,188169.0975,188169.0975,190343.3975,2174.3,2174.3,1003.0,0.461298,1,p:2.3.1.1.3.2
U7791,311,FUSE1,188244.6975,188244.6975,196068.9975,7824.3,7824.3,1003.0,0.12819,1,p:1.1.4.2.2.1
U7792,311,FUSE1,188285.0975,188285.0975,192431.7975,4146.7,4146.7,1003.0,0.241879,1,p:2.2.2.1.1.2
U7793,311,FUSE2,188360.6975,188360.6975,190533.3975,2172.7,2172.7,1035.4,0.47655,1,p:1.3.5.2.3.1
U7794,311,FUSE2,188476.6975,188476.6975,193594.9975,5118.3,5118.3,1035.4,0.202294,1,p:2.1.3.1.2.2
U7795,311,FUSE2,188518.6975,188518.6975,190954.5975,2435.9,2435.9,1035.4,0.425058,1,p:1.2.1.2.1.1
U7796,311,FUSE2,188592.6975,188592.6975,193710.9975,5118.3,5118.3,1035.4,0.202294,1,p:2.3.4.1.3.2
U7797,311,FUSE2,188634.6975,188634.6975,194734.1975,6099.5,6099.5,1035.4,0.169752,1,p:1.1.2.2.2.1
U7798,311,FUSE2,188708.6975,188708.6975,191808.5975,3099.9,3099.9,1035.4,0.334011,1,p:2.2.5.1.1.2
U7799,311,FUSE2,188750.6975,188750.6975,191280.9975,2530.3,2530.3,1035.4,0.4092,1,p:1.3.3.1.2.2
U7800,311,FUSE2,188824.6975,188824.6975,194238.5975,5413.9,5413.9,1035.4,0.191248,1,p:2.1.1.1.3.2
U1391,56,FUSE0,188866.6975,188866.6975,194546.1975,5679.5,5679.5,941.0,0.165684,1,p:1.2.4.2.3.1
U1392,56,FUSE0,188940.6975,188940.6975,193050.5975,4109.9,4109.9,941.0,0.228959,1,p:2.3.2.2.1.1
U1393,56,FUSE0,188982.6975,188982.6975,193966.1975,4983.5,4983.5,941.0,0.188823,1,p:1.1.5.2.2.1
U1394,56,FUSE0,189056.6975,189056.6975,194354.5975,5297.9,5297.9,941.0,0.177618,1,p:2.2.4.1.1.2
U1395,56,FUSE0,189098.6975,189098.6975,191186.5975,2087.9,2087.9,941.0,0.450692,1,p:1.3.3.2.3.1
U1396,56,FUSE0,189172.6975,189172.6975,195630.5975,6457.9,6457.9,941.0,0.145713,1,p:2.1.2.1.2.2
U1397,56,FUSE0,189214.6975,189214.6975,191884.1975,2669.5,2669.5,941.0,0.3525,1,p:1.2.1.2.1.1
U1398,56,FUSE0,189288.6975,189288.6975,191396.9975,2108.3,2108.3,941.0,0.446331,1,p:2.3.5.1.3.2
U1399,56,FUSE1,189330.6975,189330.6975,197808.9975,8478.3,8478.3,1003.0,0.118302,1,p:1.1.4.2.2.1
U1400,56,FUSE1,189404.6975,189404.6975,192158.1975,2753.5,2753.5,1003.0,0.364264,1,p:2.2.3.1.1.2
U1401,56,FUSE1,189446.6975,189446.6975,193282.5975,3835.9,3835.9,1003.0,0.261477,1,p:1.3.2.2.3.1
U1402,56,FUSE1,189520.6975,189520.6975,194470.5975,4949.9,4949.9,1003.0,0.20263,1,p:2.1.1.1.2.2
U1403,56,FUSE1,189562.6975,189562.6975,192702.5975,3139.9,3139.9,1003.0,0.319437,1,p:1.2.5.2.1.1
U1404,56,FUSE1,189636.6975,189636.6975,195514.5975,5877.9,5877.9,1003.0,0.170639,1,p:2.3.4.1.3.2
U1405,56,FUSE1,189678.6975,189678.6975,194908.9975,5230.3,5230.3,1003.0,0.191767,1,p:1.1.3.2.2.1
U1406,56,FUSE1,189752.6975,189752.6975,193826.9975,4074.3,4074.3,1003.0,0.246177,1,p:2.2.2.1.1.2
U1407,56,FUSE2,189794.6975,189794.6975,192000.1975,2205.5,2205.5,1035.4,0.469463,1,p:1.3.1.2.3.1
U1408,56,FUSE2,189868.6975,189868.6975,195398.5975,5529.9,5529.9,1035.4,0.187237,1,p:2.1.5.1.2.2
U1409,56,FUSE2,189910.6975,189910.6975,195372.9975,5462.3,5462.3,1035.4,0.189554,1,p:1.2.4.2.1.1
U1410,56,FUSE2,189984.6975,189984.6975,192315.7975,2331.1,2331.1,1035.4,0.444168,1,p:2.3.3.1.3.2
U1411,56,FUSE2,190026.6975,190026.6975,196880.9975,6854.3,6854.3,1035.4,0.151058,1,p:1.1.2.2.2.1
U1412,56,FUSE2,190100.6975,190100.6975,192663.7975,2563.1,2563.1,1035.4,0.403964,1,p:2.2.1.1.1.2
U1413,56,FUSE2,190142.6975,190142.6975,192934.5975,2791.9,2791.9,1035.4,0.370859,1,p:1.3.5.2.3.1
U1414,56,FUSE2,190216.6975,190216.6975,198438.9975,8222.3,8222.3,1035.4,0.125926,1,p:2.1.4.1.3.2
U7925,317,FUSE0,190258.6975,190258.6975,192779.7975,2521.1,2521.1,941.0,0.37325,1,p:1.2.3.1.2.2
U7926,317,FUSE0,190332.6975,190332.6975,194082.1975,3749.5,3749.5,941.0,0.250967,1,p:2.3.2.2.1.1
U7927,317,FUSE0,190374.6975,190374.6975,195720.9975,5346.3,5346.3,941.0,0.17601,1,p:1.1.1.2.2.1
U7928,317,FUSE0,190448.6975,190448.6975,193130.9975,2682.3,2682.3,941.0,0.350818,1,p:2.2.5.1.1.2
U7929,317,FUSE0,190492.6975,190492.6975,193514.5975,3021.9,3021.9,941.0,0.311393,1,p:1.3.3.2.3.1
U7930,317,FUSE0,190564.6975,190564.6975,197161.3975,6596.7,6596.7,941.0,0.142647,1,p:2.1.2.1.2.2
U7931,317,FUSE0,190616.2975,190616.2975,195836.9975,5220.7,5220.7,941.0,0.180244,1,p:1.2.4.2.1.1
U7932,317,FUSE0,190680.6975,190680.6975,192895.7975,2215.1,2215.1,941.0,0.424812,1,p:2.3.1.1.3.2
U7933,317,FUSE1,190732.2975,190732.2975,196416.9975,5684.7,5684.7,1003.0,0.176439,1,p:1.1.5.2.2.1
U7934,317,FUSE1,190811.0975,190811.0975,193478.9975,2667.9,2667.9,1003.0,0.375951,1,p:2.2.3.1.1.2
U7935,317,FUSE1,190848.2975,190848.2975,195024.9975,4176.7,4176.7,1003.0,0.240142,1,p:1.3.2.2.3.1
U7936,317,FUSE1,190964.2975,190964.2975,199250.9975,8286.7,8286.7,1003.0,0.121037,1,p:2.1.4.1.2.2
U7937,317,FUSE1,190985.8975,190985.8975,193850.1975,2864.3,2864.3,1003.0,0.350173,1,p:1.2.1.2.1.1
U7938,317,FUSE1,191080.2975,191080.2975,194058.9975,2978.7,2978.7,1003.0,0.336724,1,p:2.3.5.1.3.2
U7939,317,FUSE1,191101.8975,191101.8975,196648.9975,5547.1,5547.1,1003.0,0.180815,1,p:1.1.3.2.2.1
U7940,317,FUSE1,191196.2975,191196.2975,194934.5975,3738.3,3738.3,1003.0,0.268304,1,p:2.2.2.1.1.2
U7941,317,FUSE2,191217.8975,191217.8975,196532.9975,5315.1,5315.1,1035.4,0.194803,1,p:1.3.4.2.3.1
U7942,317,FUSE2,191312.2975,191312.2975,196442.5975,5130.3,5130.3,1035.4,0.201821,1,p:2.1.1.1.2.2
U7943,317,FUSE2,191335.4975,191335.4975,194314.1975,2978.7,2978.7,1035.4,0.347601,1,p:1.2.5.2.1.1
U7944,317,FUSE2,191428.2975,191428.2975,194818.5975,3390.3,3390.3,1035.4,0.305401,1,p:2.3.3.1.3.2
U7945,317,FUSE2,191451.4975,191451.4975,198272.9975,6821.5,6821.5,1035.4,0.151785,1,p:1.1.2.2.2.1
U7946,317,FUSE2,191544.2975,191544.2975,196326.5975,4782.3,4782.3,1035.4,0.216507,1,p:2.2.4.1.1.2
U7947,317,FUSE2,191567.4975,191567.4975,193734.1975,2166.7,2166.7,1035.4,0.47787,1,p:1.3.1.2.3.1
U7948,317,FUSE2,191683.4975,191683.4975,196811.7975,5128.3,5128.3,1035.4,0.201899,1,p:2.1.5.1.2.2
U7949,317,FUSE2,191716.2975,191716.2975,194586.5975,2870.3,2870.3,1035.4,0.360729,1,p:1.2.3.1.1.2
U6406,256,FUSE0,191799.4975,191799.4975,195140.9975,3341.5,3341.5,941.0,0.28161,1,p:2.3.2.2.1.1
U6407,256,FUSE0,191839.8975,191839.8975,200360.9975,8521.1,8521.1,941.0,0.110432,1,p:1.1.4.2.2.1
U6408,256,FUSE0,191915.4975,191915.4975,195050.5975,3135.1,3135.1,941.0,0.30015,1,p:2.2.1.1.3.2
U6409,256,FUSE0,191955.8975,191955.8975,195256.9975,3301.1,3301.1,941.0,0.285056,1,p:1.3.5.2.3.1
U6410,256,FUSE0,192031.4975,192031.4975,198902.9975,6871.5,6871.5,941.0,0.136942,1,p:2.1.2.1.2.2
U6411,256,FUSE0,192071.8975,192071.8975,194430.1975,2358.3,2358.3,941.0,0.399016,1,p:1.2.3.2.2.1
U6412,256,FUSE0,192147.4975,192147.4975,196927.7975,4780.3,4780.3,941.0,0.19685,1,p:2.3.4.1.3.2
U6413,256,FUSE0,192189.4975,192189.4975,197228.9975,5039.5,5039.5,941.0,0.186725,1,p:1.1.1.2.1.1
U6414,256,FUSE0,192263.4975,192263.4975,195166.5975,2903.1,2903.1,941.0,0.324136,1,p:2.2.5.1.1.2
U6415,256,FUSE1,192347.0975,192347.0975,196184.9975,3837.9,3837.9,1003.0,0.261341,1,p:1.3.2.2.3.1
U6416,256,FUSE1,192379.4975,192379.4975,197974.9975,5595.5,5595.5,1003.0,0.179251,1,p:2.1.3.1.3.2
U6417,256,FUSE1,192463.0975,192463.0975,197460.9975,4997.9,4997.9,1003.0,0.200684,1,p:1.2.4.2.1.1
U6418,256,FUSE1,192495.4975,192495.4975,195282.5975,2787.1,2787.1,1003.0,0.359872,1,p:2.3.1.1.2.2
U6419,256,FUSE1,192579.0975,192579.0975,198504.9975,5925.9,5925.9,1003.0,0.169257,1,p:1.1.5.2.2.1
U6420,256,FUSE1,192611.4975,192611.4975,196094.5975,3483.1,3483.1,1003.0,0.287962,1,p:2.2.2.1.1.2
U6421,256,FUSE1,192695.0975,192695.0975,195604.9975,2909.9,2909.9,1003.0,0.344685,1,p:1.3.3.2.1.1
U6422,256,FUSE1,192733.8975,192733.8975,200410.9975,7677.1,7677.1,1003.0,0.130648,1,p:2.1.4.1.2.2
U6423,256,FUSE1,192811.0975,192811.0975,195488.9975,2677.9,2677.9,1003.0,0.374547,1,p:1.2.1.2.3.1
U6424,256,FUSE2,192849.8975,192849.8975,195746.5975,2896.7,2896.7,1035.4,0.357441,1,p:2.3.5.1.3.2
U6425,256,FUSE2,192927.0975,192927.0975,200012.9975,7085.9,7085.9,1035.4,0.146121,1,p:1.1.2.2.2.1
U6426,256,FUSE2,192965.8975,192965.8975,195862.5975,2896.7,2896.7,1035.4,0.357441,1,p:2.2.3.1.2.2
U6427,256,FUSE2,193046.2975,193046.2975,198388.9975,5342.7,5342.7,1035.4,0.193797,1,p:1.3.4.2.3.1
U6428,256,FUSE2,193081.8975,193081.8975,198206.9975,5125.1,5125.1,1035.4,0.202025,1,p:2.1.1.1.1.2
U6429,256,FUSE2,193162.2975,193162.2975,195952.9975,2790.7,2790.7,1035.4,0.371018,1,p:1.2.5.2.1.1
U6430,256,FUSE2,193197.8975,193197.8975,197344.9975,4147.1,4147.1,1035.4,0.249668,1,p:2.3.2.2.2.1
U6431,256,FUSE2,193278.2975,193278.2975,198090.9975,4812.7,4812.7,1035.4,0.215139,1,p:1.1.3.1.1.2
U6432,256,FUSE2,193313.8975,193313.8975,198968.9975,5655.1,5655.1,1035.4,0.183091,1,p:2.2.4.2.3.1
U7522,301,FUSE0,193394.2975,193394.2975,195978.5975,2584.3,2584.3,941.0,0.364122,1,p:1.3.1.1.3.2
U7523,301,FUSE0,193429.8975,193429.8975,198670.9975,5241.1,5241.1,941.0,0.179542,1,p:2.1.5.1.2.2
U7524,301,FUSE0,193510.2975,193510.2975,196300.9975,2790.7,2790.7,941.0,0.337191,1,p:1.2.1.2.1.1
U7525,301,FUSE0,193545.8975,193545.8975,197043.7975,3497.9,3497.9,941.0,0.269019,1,p:2.3.2.1.3.2
U7526,301,FUSE0,193626.2975,193626.2975,199200.9975,5574.7,5574.7,941.0,0.168798,1,p:1.1.3.2.2.1
U7527,301,FUSE0,193742.2975,193742.2975,198554.9975,4812.7,4812.7,941.0,0.195524,1,p:2.2.4.1.1.2
U7528,301,FUSE0,193765.4975,193765.4975,196996.9975,3231.5,3231.5,941.0,0.291196,1,p:1.3.5.2.3.1
U7529,301,FUSE0,193858.2975,193858.2975,199482.9975,5624.7,5624.7,941.0,0.167298,1,p:2.1.1.1.2.2
U7530,301,FUSE0,193881.4975,193881.4975,197924.9975,4043.5,4043.5,941.0,0.232719,1,p:1.2.2.2.1.1
U7531,301,FUSE0,193974.2975,193974.2975,196210.5975,2236.3,2236.3,941.0,0.420784,1,p:2.3.3.1.3.2
U7532,301,FUSE1,193997.4975,193997.4975,201984.9975,7987.5,7987.5,1003.0,0.125571,1,p:1.1.4.2.2.1
U7533,301,FUSE1,194090.2975,194090.2975,196558.5975,2468.3,2468.3,1003.0,0.406353,1,p:2.2.5.1.1.2
U7534,301,FUSE1,194113.4975,194113.4975,196764.9975,2651.5,2651.5,1003.0,0.378276,1,p:1.3.1.2.3.1
U7535,301,FUSE1,194229.4975,194229.4975,200990.9975,6761.5,6761.5,1003.0,0.14834,1,p:2.1.2.1.2.2
U7536,301,FUSE1,194269.8975,194269.8975,197112.9975,2843.1,2843.1,1003.0,0.352784,1,p:1.2.3.2.1.1
U7537,301,FUSE1,194345.4975,194345.4975,199598.9975,5253.5,5253.5,1003.0,0.19092,1,p:2.3.4.1.3.2
U7538,301,FUSE1,194385.8975,194385.8975,199664.9975,5279.1,5279.1,1003.0,0.189995,1,p:1.1.5.2.2.1
U7539,301,FUSE1,194461.4975,194461.4975,196674.5975,2213.1,2213.1,1003.0,0.45321,1,p:2.2.1.1.1.2
U7540,301,FUSE1,194501.8975,194501.8975,198620.9975,4119.1,4119.1,1003.0,0.2435,1,p:1.3.2.2.3.1
U7541,301,FUSE1,194577.4975,194577.4975,200062.9975,5485.5,5485.5,1003.0,0.182846,1,p:2.1.3.1.2.2
U7542,301,FUSE2,194617.8975,194617.8975,199896.9975,5279.1,5279.1,1035.4,0.196132,1,p:1.2.4.2.1.1
U7543,301,FUSE2,194733.8975,194733.8975,197384.9975,2651.1,2651.1,1035.4,0.390555,1,p:2.3.5.1.3.2
U7544,301,FUSE2,194765.4975,194765.4975,200708.9975,5943.5,5943.5,1035.4,0.174207,1,p:1.1.1.2.2.1
U7545,301,FUSE2,194849.8975,194849.8975,198322.9975,3473.1,3473.1,1035.4,0.29812,1,p:2.2.2.1.1.2
U7546,301,FUSE2,194940.2975,194940.2975,197576.9975,2636.7,2636.7,1035.4,0.392688,1,p:1.3.3.2.3.1
U7547,301,FUSE2,194965.8975,194965.8975,202614.9975,7649.1,7649.1,1035.4,0.135362,1,p:2.1.4.1.2.2
U7548,301,FUSE2,195056.2975,195056.2975,198040.9975,2984.7,2984.7,1035.4,0.346903,1,p:1.2.5.2.2.1
U7549,301,FUSE2,195081.8975,195081.8975,197692.9975,2611.1,2611.1,1035.4,0.396538,1,p:2.3.1.2.1.1
U7550,301,FUSE2,195172.2975,195172.2975,201454.9975,6282.7,6282.7,1035.4,0.164802,1,p:1.1.2.1.1.2
U226,10,FUSE0,195197.8975,195197.8975,197626.9975,2429.1,2429.1,941.0,0.387386,1,p:2.2.3.1.3.2
E067,365,FUSE0,195288.2975,195288.2975,199432.9975,4144.7,4144.7,941.0,0.227037,1,p:1.3.2.2.3.1
E068,365,FUSE0,195313.8975,195313.8975,200642.9975,5329.1,5329.1,941.0,0.176578,1,p:2.1.1.1.3.2
E069,365,FUSE0,195404.2975,195404.2975,197510.9975,2106.7,2106.7,941.0,0.44667,1,p:1.2.1.1.2.2
E070,365,FUSE0,195429.8975,195429.8975,199780.9975,4351.1,4351.1,941.0,0.216267,1,p:2.3.2.2.3.1
E071,365,FUSE0,195520.2975,195520.2975,200940.9975,5420.7,5420.7,941.0,0.173594,1,p:1.1.5.2.2.1
E072,365,FUSE0,195545.8975,195545.8975,198156.9975,2611.1,2611.1,941.0,0.360385,1,p:2.3.1.1.3.1
E073,365,FUSE0,195636.2975,195636.2975,200294.9975,4658.7,4658.7,941.0,0.201988,1,p:1.2.4.1.3.2
E074,365,FUSE0,195661.8975,195661.8975,203376.9975,7715.1,7715.1,941.0,0.121969,1,p:2.1.4.2.2.1
E075,365,FUSE0,195752.2975,195752.2975,199548.9975,3796.7,3796.7,941.0,0.247847,1,p:1.2.2.1.1.1
E076,365,FUSE0,195777.8975,195777.8975,197858.9975,2081.1,2081.1,941.0,0.452165,1,p:2.3.3.1.2.2
E077,365,FUSE0,195868.2975,195868.2975,201222.9975,5354.7,5354.7,941.0,0.175733,1,p:1.1.1.1.3.2
E078,365,FUSE0,195893.8975,195893.8975,198852.9975,2959.1,2959.1,941.0,0.318002,1,p:2.2.1.2.2.1
E079,365,FUSE0,195984.2975,195984.2975,197742.9975,1758.7,1758.7,941.0,0.535054,1,p:1.3.5.1.1.2
E080,365,FUSE1,196009.8975,196009.8975,202912.9975,6903.1,6903.1,1003.0,0.145297,1,p:2.1.2.2.3.1
E081,365,FUSE1,196100.2975,196100.2975,199084.9975,2984.7,2984.7,1003.0,0.336047,1,p:1.2.3.2.3.1
E082,365,FUSE1,196125.8975,196125.8975,200824.9975,4699.1,4699.1,1003.0,0.213445,1,p:2.3.4.2.1.1
E083,365,FUSE1,196216.2975,196216.2975,201338.9975,5122.7,5122.7,1003.0,0.195795,1,p:1.1.3.1.2.2
E084,365,FUSE1,196241.8975,196241.8975,200178.9975,3937.1,3937.1,1003.0,0.254756,1,p:2.2.2.2.1.2
E085,365,FUSE1,196332.2975,196332.2975,199134.9975,2802.7,2802.7,1003.0,0.357869,1,p:1.3.1.2.3.2
E086,365,FUSE1,196357.8975,196357.8975,201686.9975,5329.1,5329.1,1003.0,0.188212,1,p:2.1.5.2.2.2
E087,365,FUSE1,196448.2975,196448.2975,201172.9975,4724.7,4724.7,1003.0,0.212289,1,p:1.2.4.1.3.1
E088,365,FUSE1,196473.8975,196473.8975,198736.9975,2263.1,2263.1,1003.0,0.443197,1,p:2.3.5.2.1.1
E089,365,FUSE1,196564.2975,196564.2975,203724.9975,7160.7,7160.7,1003.0,0.14007,1,p:1.1.4.1.2.1
E090,365,FUSE2,196589.8975,196589.8975,200592.9975,4003.1,4003.1,1035.4,0.25865,1,p:2.2.2.1.3.1
E091,365,FUSE2,196680.2975,196680.2975,201868.9975,5188.7,5188.7,1035.4,0.199549,1,p:1.3.4.2.3.1
E092,365,FUSE2,196705.8975,196705.8975,202448.9975,5743.1,5743.1,1035.4,0.180286,1,p:2.1.1.2.3.1
E093,365,FUSE2,196796.2975,196796.2975,198786.9975,1990.7,1990.7,1035.4,0.520119,1,p:1.2.5.1.1.2
E094,365,FUSE2,196843.0975,196843.0975,199018.9975,2175.9,2175.9,1035.4,0.475849,1,p:2.3.3.2.1.2
E095,365,FUSE2,196912.2975,196912.2975,202266.9975,5354.7,5354.7,1035.4,0.193363,1,p:1.1.5.1.3.2
E096,365,FUSE2,196959.0975,196959.0975,201106.9975,4147.9,4147.9,1035.4,0.24962,1,p:2.2.2.2.1.2
E097,365,FUSE2,197028.2975,197028.2975,199316.9975,2288.7,2288.7,1035.4,0.452397,1,p:1.3.1.1.1.1
E098,365,FUSE2,197075.0975,197075.0975,203194.9975,6119.9,6119.9,1035.4,0.169186,1,p:2.1.2.1.1.2
E099,365,FUSE2,197144.2975,197144.2975,199366.9975,2222.7,2222.7,1035.4,0.46583,1,p:1.2.5.1.1.2
E100,365,FUSE2,197192.6975,197192.6975,199830.9975,2638.3,2638.3,1035.4,0.39245,1,p:2.3.3.2.3.2
E101,365,FUSE2,197260.2975,197260.2975,202332.9975,5072.7,5072.7,1035.4,0.204112,1,p:1.1.3.1.2.1
E102,351,FUSE0,197376.2975,197376.2975,199714.9975,2338.7,2338.7,941.0,0.40236,1,p:2.2.1.1.2.2
E103,351,FUSE0,197416.2975,197416.2975,201802.9975,4386.7,4386.7,941.0,0.214512,1,p:1.3.4.2.1.2
E104,351,FUSE0,197492.2975,197492.2975,200476.9975,2984.7,2984.7,941.0,0.315275,1,p:2.2.1.2.1.1
E105,351,FUSE0,197542.2975,197542.2975,204536.9975,6994.7,6994.7,941.0,0.13453,1,p:1.1.4.2.2.1
E106,351,FUSE0,197608.2975,197608.2975,202034.9975,4426.7,4426.7,941.0,0.212574,1,p:2.3.4.1.2.2
E107,351,FUSE0,197658.2975,197658.2975,201636.9975,3978.7,3978.7,941.0,0.236509,1,p:1.2.2.2.2.1
E108,351,FUSE0,197724.2975,197724.2975,203260.9975,5536.7,5536.7,941.0,0.169957,1,p:2.1.1.2.3.1
E109,351,FUSE0,197774.2975,197774.2975,200244.9975,2470.7,2470.7,941.0,0.380864,1,p:1.3.5.2.3.1
E110,351,FUSE0,197840.2975,197840.2975,201752.9975,3912.7,3912.7,941.0,0.240499,1,p:2.2.2.1.1.1
E111,351,FUSE0,197890.2975,197890.2975,202962.9975,5072.7,5072.7,941.0,0.185503,1,p:1.1.1.1.2.2
E112,351,FUSE0,197956.2975,197956.2975,199946.9975,1990.7,1990.7,941.0,0.472698,1,p:2.3.3.1.3.2
E113,351,FUSE1,198006.2975,198006.2975,200128.9975,2122.7,2122.7,1003.0,0.472511,1,p:1.2.5.1.1.1
E114,351,FUSE1,198072.2975,198072.2975,203028.9975,4956.7,4956.7,1003.0,0.202352,1,p:2.1.5.1.2.1
E115,351,FUSE1,198122.2975,198122.2975,200526.9975,2404.7,2404.7,1003.0,0.4171,1,p:1.3.3.2.1.2
E116,351,FUSE1,198188.2975,198188.2975,202796.9975,4608.7,4608.7,1003.0,0.217632,1,p:2.2.4.1.2.1
E117,351,FUSE1,198238.2975,198238.2975,204420.9975,6182.7,6182.7,1003.0,0.162227,1,p:1.1.2.1.3.1
E118,351,FUSE1,198304.2975,198304.2975,200758.9975,2454.7,2454.7,1003.0,0.408604,1,p:2.3.1.2.1.2
E119,351,FUSE1,198354.2975,198354.2975,200874.9975,2520.7,2520.7,1003.0,0.397905,1,p:1.2.3.1.3.2
E120,351,FUSE1,198420.2975,198420.2975,203078.9975,4658.7,4658.7,1003.0,0.215296,1,p:2.1.3.2.1.2
E121,351,FUSE1,198470.2975,198470.2975,202150.9975,3680.7,3680.7,1003.0,0.272503,1,p:1.3.2.2.1.2
E122,351,FUSE1,198536.2975,198536.2975,201288.9975,2752.7,2752.7,1003.0,0.36437,1,p:2.2.5.2.2.1
E123,351,FUSE1,198586.2975,198586.2975,205580.9975,6994.7,6994.7,1003.0,0.143394,1,p:1.1.4.2.1.1
E124,351,FUSE2,198652.2975,198652.2975,201520.9975,2868.7,2868.7,1035.4,0.36093,1,p:2.3.3.2.3.1
E125,351,FUSE2,198702.2975,198702.2975,203426.9975,4724.7,4724.7,1035.4,0.219146,1,p:1.2.4.2.2.2
E126,351,FUSE2,198768.2975,198768.2975,204072.9975,5304.7,5304.7,1035.4,0.195185,1,p:2.1.5.2.2.1
E127,351,FUSE2,198818.2975,198818.2975,201056.9975,2238.7,2238.7,1035.4,0.462501,1,p:1.3.5.1.1.1
E128,351,FUSE2,198884.2975,198884.2975,201570.9975,2686.7,2686.7,1035.4,0.38538,1,p:2.2.1.1.3.2
E129,351,FUSE2,198934.2975,198934.2975,203890.9975,4956.7,4956.7,1035.4,0.208889,1,p:1.1.3.2.1.2
E130,351,FUSE2,199000.2975,199000.2975,203608.9975,4608.7,4608.7,1035.4,0.224662,1,p:2.3.4.2.2.1
E131,351,FUSE2,199050.2975,199050.2975,202846.9975,3796.7,3796.7,1035.4,0.272711,1,p:1.2.2.2.1.2
E132,351,FUSE2,199116.2975,199116.2975,205232.9975,6116.7,6116.7,1035.4,0.169274,1,p:2.1.2.2.2.1
E133,351,FUSE2,199166.2975,199166.2975,202216.9975,3050.7,3050.7,1035.4,0.339398,1,p:1.3.1.2.3.1
E134,351,FUSE2,199232.2975,199232.2975,201404.9975,2172.7,2172.7,1035.4,0.47655,1,p:2.2.3.1.1.1
E135,351,FUSE2,199282.2975,199282.2975,204122.9975,4840.7,4840.7,1035.4,0.213895,1,p:1.1.3.1.2.2
E136,351,FUSE2,199348.2975,199348.2975,201918.9975,2570.7,2570.7,1035.4,0.40277,1,p:2.3.5.1.3.2
E137,351,FUSE2,199398.2975,199398.2975,203310.9975,3912.7,3912.7,1035.4,0.264625,1,p:1.2.2.1.3.2
E138,351,FUSE2,199464.2975,199464.2975,204304.9975,4840.7,4840.7,1035.4,0.213895,1,p:2.1.1.1.2.1
U227,10,FUSE0,199514.2975,199514.2975,204652.9975,5138.7,5138.7,941.0,0.18312,1,p:1.3.4.2.3.1
U228,10,FUSE0,199580.2975,199580.2975,205086.44,5506.1426,5506.1426,941.0,0.1709,1,p:2.1.5.1.3.2
U229,10,FUSE0,199630.2975,199630.2975,202100.9975,2470.7,2470.7,941.0,0.380864,1,p:1.2.3.2.1.1
U230,10,FUSE0,199696.2975,199696.2975,202382.9975,2686.7,2686.7,941.0,0.350244,1,p:2.3.1.1.2.2
U231,10,FUSE0,199746.2975,199746.2975,206276.9975,6530.7,6530.7,941.0,0.144089,1,p:1.1.2.2.2.1
U232,10,FUSE0,199812.2975,199812.2975,204354.9975,4542.7,4542.7,941.0,0.207146,1,p:2.2.4.1.1.2
U233,10,FUSE0,199862.2975,199862.2975,202680.9975,2818.7,2818.7,941.0,0.333842,1,p:1.3.5.2.3.1
U234,10,FUSE0,199928.2975,199928.2975,204970.44,5042.1426,5042.1426,941.0,0.186627,1,p:2.1.3.1.2.2
U235,10,FUSE1,199978.2975,199978.2975,202564.9975,2586.7,2586.7,1003.0,0.387753,1,p:1.2.1.2.1.1
U236,10,FUSE1,200044.2975,200044.2975,204006.9975,3962.7,3962.7,1003.0,0.25311,1,p:2.3.2.1.3.2
U237,10,FUSE1,200094.2975,200094.2975,206856.9975,6762.7,6762.7,1003.0,0.148314,1,p:1.1.4.2.2.1
U238,10,FUSE1,200160.2975,200160.2975,202498.9975,2338.7,2338.7,1003.0,0.428871,1,p:2.2.5.1.1.2
U239,10,FUSE1,200210.2975,200210.2975,203144.9975,2934.7,2934.7,1003.0,0.341773,1,p:1.3.3.2.3.1
U240,10,FUSE1,200276.2975,200276.2975,205318.44,5042.1426,5042.1426,1003.0,0.198923,1,p:2.1.1.1.2.2
U241,10,FUSE1,200326.2975,200326.2975,204188.9975,3862.7,3862.7,1003.0,0.259663,1,p:1.2.2.2.1.1
U242,10,FUSE1,200392.2975,200392.2975,205434.44,5042.1426,5042.1426,1003.0,0.198923,1,p:2.3.4.1.3.2
U243,10,FUSE1,200442.2975,200442.2975,205696.9975,5254.7,5254.7,1003.0,0.190877,1,p:1.1.5.2.2.1
U244,10,FUSE2,200508.2975,200508.2975,202730.9975,2222.7,2222.7,1035.4,0.46583,1,p:2.2.3.1.1.2
U245,10,FUSE2,200558.2975,200558.2975,203956.9975,3398.7,3398.7,1035.4,0.304646,1,p:1.3.1.2.3.1
U246,10,FUSE2,200624.2975,200624.2975,207792.6262,7168.3287,7168.3287,1035.4,0.144441,1,p:2.1.2.1.2.2
U247,10,FUSE2,200674.2975,200674.2975,205464.9975,4790.7,4790.7,1035.4,0.216127,1,p:1.2.4.2.1.1
U248,10,FUSE2,200740.2975,200740.2975,203542.9975,2802.7,2802.7,1035.4,0.369429,1,p:2.3.5.1.3.2
U249,10,FUSE2,200790.2975,200790.2975,206044.9975,5254.7,5254.7,1035.4,0.197043,1,p:1.1.3.2.2.1
U250,10,FUSE2,200856.2975,200856.2975,203658.9975,2802.7,2802.7,1035.4,0.369429,1,p:2.2.1.1.1.2
U251,10,FUSE2,200906.2975,200906.2975,205348.9975,4442.7,4442.7,1035.4,0.233056,1,p:1.3.2.2.3.1
U252,10,FUSE2,200972.2975,200972.2975,208571.0262,7598.7287,7598.7287,1035.4,0.13626,1,p:2.1.4.1.2.2
U7025,281,FUSE0,201022.2975,201022.2975,203492.9975,2470.7,2470.7,941.0,0.380864,1,p:1.2.5.2.1.1
U7026,281,FUSE0,201088.2975,201088.2975,203774.9975,2686.7,2686.7,941.0,0.350244,1,p:2.3.3.1.3.2
U7027,281,FUSE0,201138.2975,201138.2975,206740.9975,5602.7,5602.7,941.0,0.167955,1,p:1.1.1.2.2.1
U7028,281,FUSE0,201204.2975,201204.2975,204854.44,3650.1426,3650.1426,941.0,0.257798,1,p:2.2.2.1.1.2
U7029,281,FUSE0,201254.2975,201254.2975,206508.9975,5254.7,5254.7,941.0,0.179078,1,p:1.3.4.2.3.1
U7030,281,FUSE0,201320.2975,201320.2975,206150.9975,4830.7,4830.7,941.0,0.194796,1,p:2.1.5.1.2.2
U7031,281,FUSE0,201370.2975,201370.2975,203840.9975,2470.7,2470.7,941.0,0.380864,1,p:1.2.3.2.1.1
U7032,281,FUSE0,201436.2975,201436.2975,204238.9975,2802.7,2802.7,941.0,0.335748,1,p:2.3.1.1.3.2
U7033,281,FUSE1,201486.2975,201486.2975,208132.9975,6646.7,6646.7,1003.0,0.150902,1,p:1.1.2.2.2.1
U7034,281,FUSE1,201552.2975,201552.2975,205903.24,4350.9426,4350.9426,1003.0,0.230525,1,p:2.2.4.1.1.2
U7035,281,FUSE1,201602.2975,201602.2975,204884.9975,3282.7,3282.7,1003.0,0.305541,1,p:1.3.5.2.3.1
U7036,281,FUSE1,201668.2975,201668.2975,207522.2262,5853.9287,5853.9287,1003.0,0.171338,1,p:2.1.3.1.2.2
U7037,281,FUSE1,201718.2975,201718.2975,204768.9975,3050.7,3050.7,1003.0,0.328777,1,p:1.2.1.2.1.1
U7038,281,FUSE1,201784.2975,201784.2975,206019.24,4234.9426,4234.9426,1003.0,0.236839,1,p:2.3.2.1.3.2
U7039,281,FUSE1,201834.2975,201834.2975,208596.9975,6762.7,6762.7,1003.0,0.148314,1,p:1.1.4.2.2.1
U7040,281,FUSE1,201900.2975,201900.2975,204470.9975,2570.7,2570.7,1003.0,0.390166,1,p:2.2.5.1.1.2
U7041,281,FUSE1,201950.2975,201950.2975,205116.9975,3166.7,3166.7,1003.0,0.316734,1,p:1.3.3.2.3.1
U7042,281,FUSE2,202016.2975,202016.2975,208046.6262,6030.3287,6030.3287,1035.4,0.171699,1,p:2.1.1.1.2.2
U7043,281,FUSE2,202066.2975,202066.2975,206392.9975,4326.7,4326.7,1035.4,0.239305,1,p:1.2.2.2.1.1
U7044,281,FUSE2,202132.2975,202132.2975,206763.7975,4631.5,4631.5,1035.4,0.223556,1,p:2.3.4.1.3.2
U7045,281,FUSE2,202182.2975,202182.2975,207204.9975,5022.7,5022.7,1035.4,0.206144,1,p:1.1.5.2.2.1
U7046,281,FUSE2,202248.2975,202248.2975,204679.64,2431.3426,2431.3426,1035.4,0.425855,1,p:2.2.3.1.1.2
U7047,281,FUSE2,202298.2975,202298.2975,205812.9975,3514.7,3514.7,1035.4,0.294591,1,p:1.3.1.2.3.1
U7048,281,FUSE2,202364.2975,202364.2975,209557.8262,7193.5287,7193.5287,1035.4,0.143935,1,p:2.1.2.1.2.2
U7049,281,FUSE2,202414.2975,202414.2975,207173.7975,4759.5,4759.5,1035.4,0.217544,1,p:1.2.4.1.3.2
U7050,281,FUSE2,202480.2975,202480.2975,205000.9975,2520.7,2520.7,1035.4,0.410759,1,p:2.3.5.2.2.1
U4808,192,FUSE0,202530.2975,202530.2975,208016.9975,5486.7,5486.7,941.0,0.171506,1,p:1.1.3.2.1.1
U4809,192,FUSE0,202596.2975,202596.2975,205202.44,2606.1426,2606.1426,941.0,0.36107,1,p:2.2.1.1.1.2
U4810,192,FUSE0,202646.2975,202646.2975,207320.9975,4674.7,4674.7,941.0,0.201296,1,p:1.3.2.2.3.1
U4811,192,FUSE0,202712.2975,202712.2975,208745.8262,6033.5287,6033.5287,941.0,0.155962,1,p:2.1.3.1.2.2
U4812,192,FUSE0,202762.2975,202762.2975,207088.9975,4326.7,4326.7,941.0,0.217487,1,p:1.2.4.2.1.1
U4813,192,FUSE0,202828.2975,202828.2975,205669.64,2841.3426,2841.3426,941.0,0.331181,1,p:2.3.5.1.3.2
U4814,192,FUSE0,202878.2975,202878.2975,208480.9975,5602.7,5602.7,941.0,0.167955,1,p:1.1.1.2.2.1
U4815,192,FUSE0,202944.2975,202944.2975,206531.7975,3587.5,3587.5,941.0,0.2623,1,p:2.2.2.1.1.2
U4816,192,FUSE0,202994.2975,202994.2975,206160.9975,3166.7,3166.7,941.0,0.297155,1,p:1.3.3.2.3.1
U4817,192,FUSE1,203060.2975,203060.2975,210610.9975,7550.7,7550.7,1003.0,0.132835,1,p:2.1.4.1.2.2
U4818,192,FUSE1,203110.2975,203110.2975,205928.9975,2818.7,2818.7,1003.0,0.355838,1,p:1.2.5.2.1.1
U4819,192,FUSE1,203176.2975,203176.2975,206299.7975,3123.5,3123.5,1003.0,0.321114,1,p:2.3.1.1.3.2
U4820,192,FUSE1,203226.2975,203226.2975,209756.9975,6530.7,6530.7,1003.0,0.153582,1,p:1.1.2.2.2.1
U4821,192,FUSE1,203292.2975,203292.2975,205553.64,2261.3426,2261.3426,1003.0,0.443542,1,p:2.2.3.1.1.2
U4822,192,FUSE1,203342.2975,203342.2975,207900.9975,4558.7,4558.7,1003.0,0.220019,1,p:1.3.4.2.3.1
U4823,192,FUSE1,203408.2975,203408.2975,209325.8262,5917.5287,5917.5287,1003.0,0.169496,1,p:2.1.5.1.2.2
U4824,192,FUSE1,203458.2975,203458.2975,206624.9975,3166.7,3166.7,1003.0,0.316734,1,p:1.2.1.2.1.1
U4825,192,FUSE1,203524.2975,203524.2975,208317.0262,4792.7287,4792.7287,1003.0,0.209275,1,p:2.3.2.1.3.2
U4826,192,FUSE2,203574.2975,203574.2975,209176.9975,5602.7,5602.7,1035.4,0.184804,1,p:1.1.3.2.2.1
U4827,192,FUSE2,203640.2975,203640.2975,209209.8262,5569.5287,5569.5287,1035.4,0.185904,1,p:2.2.4.1.1.2
U4828,192,FUSE2,203690.2975,203690.2975,206972.9975,3282.7,3282.7,1035.4,0.315411,1,p:1.3.5.2.3.1
U4829,192,FUSE2,203756.2975,203756.2975,209795.0262,6038.7287,6038.7287,1035.4,0.17146,1,p:2.1.1.1.2.2
U4830,192,FUSE2,203806.2975,203806.2975,207436.9975,3630.7,3630.7,1035.4,0.285179,1,p:1.2.2.2.1.1
U4831,192,FUSE2,203872.2975,203872.2975,206647.7975,2775.5,2775.5,1035.4,0.37305,1,p:2.3.3.1.3.2
U4832,192,FUSE2,203922.2975,203922.2975,210800.9975,6878.7,6878.7,1035.4,0.150523,1,p:1.1.4.2.2.1
U4833,192,FUSE2,203988.2975,203988.2975,207327.0262,3338.7287,3338.7287,1035.4,0.310118,1,p:2.2.5.1.1.2
U4834,192,FUSE2,204038.2975,204038.2975,207552.9975,3514.7,3514.7,1035.4,0.294591,1,p:1.3.1.2.3.1
U4835,192,FUSE2,204104.2975,204104.2975,210684.9975,6580.7,6580.7,1035.4,0.157339,1,p:2.1.2.2.1.1
U4960,198,FUSE0,204154.2975,204154.2975,206415.7975,2261.5,2261.5,941.0,0.416096,1,p:1.2.3.1.2.2
U4961,198,FUSE0,204220.2975,204220.2975,209441.8262,5221.5287,5221.5287,941.0,0.180215,1,p:2.3.4.1.3.2
U4962,198,FUSE0,204270.2975,204270.2975,209408.9975,5138.7,5138.7,941.0,0.18312,1,p:1.1.5.2.2.1
U4963,198,FUSE0,204336.2975,204336.2975,207676.6262,3340.3287,3340.3287,941.0,0.281709,1,p:2.2.1.1.1.2
U4964,198,FUSE0,204386.2975,204386.2975,207784.9975,3398.7,3398.7,941.0,0.276871,1,p:1.3.3.2.3.1
U4965,198,FUSE0,204452.2975,204452.2975,211774.1975,7321.9,7321.9,941.0,0.128519,1,p:2.1.2.1.2.2
U4966,198,FUSE0,204502.2975,204502.2975,209060.9975,4558.7,4558.7,941.0,0.206418,1,p:1.2.4.2.1.1
U4967,198,FUSE0,204568.2975,204568.2975,207908.6262,3340.3287,3340.3287,941.0,0.281709,1,p:2.3.5.1.3.2
U4968,198,FUSE1,204684.2975,204684.2975,210104.9975,5420.7,5420.7,1003.0,0.185031,1,p:1.1.1.2.2.1
U4969,198,FUSE1,204710.94,204710.94,208201.0262,3490.0862,3490.0862,1003.0,0.287385,1,p:2.2.3.1.1.2
U4970,198,FUSE1,204800.2975,204800.2975,208712.9975,3912.7,3912.7,1003.0,0.256345,1,p:1.3.2.2.3.1
U4971,198,FUSE1,204885.74,204885.74,212649.7975,7764.0574,7764.0574,1003.0,0.129185,1,p:2.1.4.1.2.2
U4972,198,FUSE1,204916.2975,204916.2975,207668.9975,2752.7,2752.7,1003.0,0.36437,1,p:1.2.5.2.1.1
U4973,198,FUSE1,205001.74,205001.74,208861.8262,3860.0862,3860.0862,1003.0,0.259839,1,p:2.3.1.1.3.2
U4974,198,FUSE1,205032.2975,205032.2975,210452.9975,5420.7,5420.7,1003.0,0.185031,1,p:1.1.3.2.2.1
U4975,198,FUSE1,205117.74,205117.74,209679.0262,4561.2862,4561.2862,1003.0,0.219894,1,p:2.2.2.1.1.2
U4976,198,FUSE2,205148.2975,205148.2975,209640.9975,4492.7,4492.7,1035.4,0.230463,1,p:1.3.4.2.3.1
U4977,198,FUSE2,205233.74,205233.74,211310.1975,6076.4574,6076.4574,1035.4,0.170395,1,p:2.1.5.1.2.2
U4978,198,FUSE2,205264.2975,205264.2975,208248.9975,2984.7,2984.7,1035.4,0.346903,1,p:1.2.1.2.1.1
U4979,198,FUSE2,205349.74,205349.74,209093.8262,3744.0862,3744.0862,1035.4,0.276543,1,p:2.3.3.1.3.2
U4980,198,FUSE2,205380.2975,205380.2975,211597.8262,6217.5287,6217.5287,1035.4,0.166529,1,p:1.1.2.2.2.1
U4981,198,FUSE2,205465.74,205465.74,210378.2262,4912.4862,4912.4862,1035.4,0.210769,1,p:2.2.4.1.1.2
U4982,198,FUSE2,205496.2975,205496.2975,208364.9975,2868.7,2868.7,1035.4,0.36093,1,p:1.3.5.2.3.1
U4983,198,FUSE2,205584.94,205584.94,210336.9975,4752.0574,4752.0574,1035.4,0.217885,1,p:2.1.1.2.1.1
U4984,198,FUSE2,205612.2975,205612.2975,209911.0262,4298.7287,4298.7287,1035.4,0.240862,1,p:1.2.3.1.3.2
U4464,179,FUSE0,205700.94,205700.94,210259.0262,4558.0862,4558.0862,941.0,0.206446,1,p:2.3.2.1.2.2
U4465,179,FUSE0,205728.2975,205728.2975,213221.8262,7493.5287,7493.5287,941.0,0.125575,1,p:1.1.4.2.2.1
U4466,179,FUSE0,205844.2975,205844.2975,208977.8262,3133.5287,3133.5287,941.0,0.3003,1,p:2.2.5.1.1.2
U4467,179,FUSE0,205934.54,205934.54,209524.9975,3590.4574,3590.4574,941.0,0.262084,1,p:1.3.2.2.3.1
U4468,179,FUSE0,205960.2975,205960.2975,211426.1975,5465.9,5465.9,941.0,0.172158,1,p:2.1.1.1.2.2
U4469,179,FUSE0,206050.54,206050.54,208828.9975,2778.4574,2778.4574,941.0,0.338677,1,p:1.2.3.2.1.1
U4470,179,FUSE0,206076.2975,206076.2975,211194.1975,5117.9,5117.9,941.0,0.183864,1,p:2.3.4.1.3.2
U4471,179,FUSE0,206182.2975,206182.2975,211155.3975,4973.1,4973.1,941.0,0.189218,1,p:1.1.5.2.2.1
U4472,179,FUSE0,206192.2975,206192.2975,211077.4262,4885.1287,4885.1287,941.0,0.192625,1,p:2.2.2.1.1.2
U4473,179,FUSE1,206308.2975,206308.2975,208944.9975,2636.7,2636.7,1003.0,0.3804,1,p:1.3.1.2.3.1
U4474,179,FUSE1,206331.0975,206331.0975,212184.1975,5853.1,5853.1,1003.0,0.171362,1,p:2.1.3.1.2.2
U4475,179,FUSE1,206424.2975,206424.2975,210922.6262,4498.3287,4498.3287,1003.0,0.222972,1,p:1.2.4.2.1.1
U4476,179,FUSE1,206447.0975,206447.0975,210027.0262,3579.9287,3579.9287,1003.0,0.280173,1,p:2.3.5.1.3.2
U4477,179,FUSE1,206540.2975,206540.2975,213337.8262,6797.5287,6797.5287,1003.0,0.147554,1,p:1.1.2.2.2.1
U4478,179,FUSE1,206563.0975,206563.0975,210143.0262,3579.9287,3579.9287,1003.0,0.280173,1,p:2.2.1.1.1.2
U4479,179,FUSE1,206656.2975,206656.2975,209872.9975,3216.7,3216.7,1003.0,0.31181,1,p:1.3.3.2.3.1
U4480,179,FUSE1,206679.0975,206679.0975,214392.9975,7713.9,7713.9,1003.0,0.130025,1,p:2.1.4.1.2.2
U4481,179,FUSE1,206772.2975,206772.2975,209292.9975,2520.7,2520.7,1003.0,0.397905,1,p:1.2.5.2.1.1
U4482,179,FUSE2,206795.0975,206795.0975,210958.9975,4163.9,4163.9,1035.4,0.248661,1,p:2.3.2.1.3.2
U4483,179,FUSE2,206888.2975,206888.2975,212177.8262,5289.5287,5289.5287,1035.4,0.195745,1,p:1.1.1.2.2.1
U4484,179,FUSE2,207004.2975,207004.2975,210842.9975,3838.7,3838.7,1035.4,0.269727,1,p:2.2.3.1.1.2
U4485,179,FUSE2,207120.2975,207120.2975,211388.9975,4268.7,4268.7,1035.4,0.242556,1,p:1.3.4.2.3.1
U4486,179,FUSE2,207205.0975,207205.0975,212533.7975,5328.7,5328.7,1035.4,0.194306,1,p:2.1.5.1.2.2
U4487,179,FUSE2,207236.2975,207236.2975,211713.8262,4477.5287,4477.5287,1035.4,0.231244,1,p:1.2.2.2.1.1
U4488,179,FUSE2,207352.2975,207352.2975,210494.9975,3142.7,3142.7,1035.4,0.329462,1,p:2.3.1.1.3.2
U4489,179,FUSE2,207358.3262,207358.3262,212525.8262,5167.5,5167.5,1035.4,0.200368,1,p:1.1.3.2.2.1
U4490,179,FUSE2,207468.2975,207468.2975,212765.7975,5297.5,5297.5,1035.4,0.195451,1,p:2.2.4.1.1.2
U4491,179,FUSE2,207553.5262,207553.5262,210220.9975,2667.4713,2667.4713,1035.4,0.388158,1,p:1.3.5.2.3.1
U7000,280,FUSE0,207584.2975,207584.2975,215007.0262,7422.7287,7422.7287,941.0,0.126773,1,p:2.1.2.1.2.2
U7001,280,FUSE0,207700.2975,207700.2975,209988.9975,2288.7,2288.7,941.0,0.41115,1,p:1.2.1.2.1.1
U7002,280,FUSE0,207707.9262,207707.9262,210726.9975,3019.0713,3019.0713,941.0,0.311685,1,p:2.3.3.1.3.2
U7003,280,FUSE0,207816.2975,207816.2975,214457.8975,6641.6,6641.6,941.0,0.141683,1,p:1.1.4.2.2.1
U7004,280,FUSE0,207823.9262,207823.9262,211542.1975,3718.2713,3718.2713,941.0,0.253075,1,p:2.2.5.1.1.2
U7005,280,FUSE0,207932.2975,207932.2975,211829.8262,3897.5287,3897.5287,941.0,0.241435,1,p:1.3.2.2.3.1
U7006,280,FUSE0,207939.9262,207939.9262,213348.9975,5409.0713,5409.0713,941.0,0.173967,1,p:2.1.1.1.2.2
U7007,280,FUSE0,208048.2975,208048.2975,211272.2262,3223.9287,3223.9287,941.0,0.29188,1,p:1.2.3.2.1.1
U7008,280,FUSE1,208077.9262,208077.9262,212881.7975,4803.8713,4803.8713,1003.0,0.20879,1,p:2.3.4.1.3.2
U7009,280,FUSE1,208164.2975,208164.2975,212873.8262,4709.5287,4709.5287,1003.0,0.212972,1,p:1.1.5.2.2.1
U7010,280,FUSE1,208232.3262,208232.3262,213000.2262,4767.9,4767.9,1003.0,0.210365,1,p:2.2.2.1.1.2
U7011,280,FUSE1,208280.2975,208280.2975,210568.9975,2288.7,2288.7,1003.0,0.43824,1,p:1.3.1.2.3.1
U7012,280,FUSE1,208348.3262,208348.3262,214160.9975,5812.6713,5812.6713,1003.0,0.172554,1,p:2.1.3.1.2.2
U7013,280,FUSE1,208396.2975,208396.2975,212989.8262,4593.5287,4593.5287,1003.0,0.218351,1,p:1.2.4.2.1.1
U7014,280,FUSE1,208512.2975,208512.2975,211658.1975,3145.9,3145.9,1003.0,0.318828,1,p:2.3.5.1.3.2
U7015,280,FUSE1,208602.3262,208602.3262,214921.8975,6319.5713,6319.5713,1003.0,0.158713,1,p:1.1.2.2.2.1
U7016,280,FUSE2,208628.2975,208628.2975,211951.4262,3323.1287,3323.1287,1035.4,0.311574,1,p:2.2.1.1.1.2
U7017,280,FUSE2,208744.2975,208744.2975,211039.3975,2295.1,2295.1,1035.4,0.451135,1,p:1.3.3.2.3.1
U7018,280,FUSE2,208777.1262,208777.1262,216411.8262,7634.7,7634.7,1035.4,0.135618,1,p:2.1.4.1.2.2
U7019,280,FUSE2,208860.2975,208860.2975,211945.8262,3085.5287,3085.5287,1035.4,0.335566,1,p:1.2.5.2.1.1
U7020,280,FUSE2,208893.1262,208893.1262,213116.9975,4223.8713,4223.8713,1035.4,0.245131,1,p:2.3.2.1.3.2
U7021,280,FUSE2,208976.2975,208976.2975,213801.8262,4825.5287,4825.5287,1035.4,0.214567,1,p:1.1.1.2.2.1
U7022,280,FUSE2,209009.1262,209009.1262,212301.0262,3291.9,3291.9,1035.4,0.31453,1,p:2.2.3.1.1.2
U7023,280,FUSE2,209092.2975,209092.2975,213928.9975,4836.7,4836.7,1035.4,0.214072,1,p:1.3.4.1.2.2
U7024,280,FUSE2,209125.1262,209125.1262,214033.8262,4908.7,4908.7,1035.4,0.210932,1,p:2.1.5.2.1.1
U484,20,FUSE0,209208.2975,209208.2975,212757.8262,3549.5287,3549.5287,941.0,0.265106,1,p:1.2.2.2.3.1
U485,20,FUSE0,209241.1262,209241.1262,212068.1975,2827.0713,2827.0713,941.0,0.332853,1,p:2.3.1.1.3.2
U486,20,FUSE0,209324.2975,209324.2975,214689.8975,5365.6,5365.6,941.0,0.175376,1,p:1.1.3.2.2.1
U487,20,FUSE0,209357.1262,209357.1262,214276.9975,4919.8713,4919.8713,941.0,0.191265,1,p:2.2.2.1.1.2
U488,20,FUSE0,209440.2975,209440.2975,213569.8262,4129.5287,4129.5287,941.0,0.227871,1,p:1.3.4.2.3.1
U489,20,FUSE0,209473.1262,209473.1262,215703.0262,6229.9,6229.9,941.0,0.151046,1,p:2.1.5.1.2.2
U490,20,FUSE0,209556.2975,209556.2975,212293.8262,2737.5287,2737.5287,941.0,0.343741,1,p:1.2.1.2.1.1
U491,20,FUSE0,209589.1262,209589.1262,212417.7975,2828.6713,2828.6713,941.0,0.332665,1,p:2.3.3.1.3.2
U492,20,FUSE1,209672.2975,209672.2975,215931.4262,6259.1287,6259.1287,1003.0,0.160246,1,p:1.1.2.2.2.1
U493,20,FUSE1,209710.3262,209710.3262,214748.2262,5037.9,5037.9,1003.0,0.199091,1,p:2.2.4.1.1.2
U494,20,FUSE1,209788.2975,209788.2975,212061.8262,2273.5287,2273.5287,1003.0,0.441164,1,p:1.3.5.2.3.1
U495,20,FUSE1,209826.3262,209826.3262,215355.0262,5528.7,5528.7,1003.0,0.181417,1,p:2.1.1.1.2.2
U496,20,FUSE1,209904.2975,209904.2975,212641.8262,2737.5287,2737.5287,1003.0,0.366389,1,p:1.2.3.2.1.1
U497,20,FUSE1,209942.3262,209942.3262,214044.9975,4102.6713,4102.6713,1003.0,0.244475,1,p:2.3.2.1.3.2
U498,20,FUSE1,210020.2975,210020.2975,217207.4262,7187.1287,7187.1287,1003.0,0.139555,1,p:1.1.4.2.2.1
U499,20,FUSE1,210058.3262,210058.3262,213232.9975,3174.6713,3174.6713,1003.0,0.315938,1,p:2.2.5.1.1.2
U500,20,FUSE2,210136.2975,210136.2975,212409.8262,2273.5287,2273.5287,1035.4,0.455415,1,p:1.3.1.2.3.1
U501,20,FUSE2,210174.3262,210174.3262,215947.8262,5773.5,5773.5,1035.4,0.179337,1,p:2.1.3.1.2.2
U502,20,FUSE2,210252.2975,210252.2975,214341.8975,4089.6,4089.6,1035.4,0.253179,1,p:1.2.2.2.1.1
U503,20,FUSE2,210290.3262,210290.3262,214891.0262,4600.7,4600.7,1035.4,0.225053,1,p:2.3.4.1.3.2
U504,20,FUSE2,210368.2975,210368.2975,215093.8262,4725.5287,4725.5287,1035.4,0.219108,1,p:1.1.5.2.2.1
U505,20,FUSE2,210409.5262,210409.5262,213464.9975,3055.4713,3055.4713,1035.4,0.338868,1,p:2.2.1.1.1.2
U506,20,FUSE2,210484.2975,210484.2975,213105.8262,2621.5287,2621.5287,1035.4,0.39496,1,p:1.3.3.2.3.1
U507,20,FUSE2,210526.2975,210526.2975,216859.4262,6333.1287,6333.1287,1035.4,0.163489,1,p:2.1.2.2.1.1
U508,20,FUSE2,210600.2975,210600.2975,215587.0262,4986.7287,4986.7287,1035.4,0.207631,1,p:1.2.4.1.3.2
U8632,346,FUSE0,210642.2975,210642.2975,213580.9975,2938.7,2938.7,941.0,0.32021,1,p:2.3.5.1.2.2
U8633,346,FUSE0,210716.2975,210716.2975,215699.4262,4983.1287,4983.1287,941.0,0.188837,1,p:1.1.1.2.2.1
U8634,346,FUSE0,210758.2975,210758.2975,213812.9975,3054.7,3054.7,941.0,0.30805,1,p:2.2.3.1.1.2
U8635,346,FUSE0,210832.2975,210832.2975,213453.8262,2621.5287,2621.5287,941.0,0.358951,1,p:1.3.5.2.3.1
U8636,346,FUSE0,210874.2975,210874.2975,218217.0262,7342.7287,7342.7287,941.0,0.128154,1,p:2.1.2.1.2.2
U8637,346,FUSE0,210953.9262,210953.9262,215209.8262,4255.9,4255.9,941.0,0.221105,1,p:1.2.4.2.1.1
U8638,346,FUSE1,210990.2975,210990.2975,213696.9975,2706.7,2706.7,1003.0,0.370562,1,p:2.3.1.1.3.2
U8639,346,FUSE1,211070.6975,211070.6975,216395.4262,5324.7287,5324.7287,1003.0,0.188366,1,p:1.1.3.2.2.1
U8640,346,FUSE1,211108.7262,211108.7262,214624.9975,3516.2713,3516.2713,1003.0,0.285245,1,p:2.2.5.1.1.2
U8641,346,FUSE1,211186.6975,211186.6975,214805.8975,3619.2,3619.2,1003.0,0.277133,1,p:1.3.2.2.3.1
U8642,346,FUSE1,211225.4975,211225.4975,218919.4262,7693.9287,7693.9287,1003.0,0.130363,1,p:2.1.4.1.2.2
U8643,346,FUSE1,211303.5262,211303.5262,213685.8262,2382.3,2382.3,1003.0,0.421022,1,p:1.2.1.2.1.1
U8644,346,FUSE2,211341.4975,211341.4975,214508.9975,3167.5,3167.5,1035.4,0.326882,1,p:2.3.3.1.3.2
U8645,346,FUSE2,211420.2975,211420.2975,216511.4262,5091.1287,5091.1287,1035.4,0.203373,1,p:1.1.5.2.2.1
U8646,346,FUSE2,211457.4975,211457.4975,216063.8262,4606.3287,4606.3287,1035.4,0.224778,1,p:2.2.2.1.1.2
U8647,346,FUSE2,211573.4975,211573.4975,216163.4262,4589.9287,4589.9287,1035.4,0.225581,1,p:1.3.4.2.3.1
U8648,346,FUSE2,211629.1262,211629.1262,216875.8262,5246.7,5246.7,1035.4,0.197343,1,p:2.1.1.1.2.2
U8649,346,FUSE2,211689.4975,211689.4975,214573.8975,2884.4,2884.4,1035.4,0.358965,1,p:1.2.3.2.1.1
U8650,346,FUSE2,211745.1262,211745.1262,215123.0262,3377.9,3377.9,1035.4,0.306522,1,p:2.3.5.1.1.2
U3864,155,FUSE0,211805.4975,211805.4975,217869.0262,6063.5287,6063.5287,941.0,0.15519,1,p:1.1.2.1.3.2
U3865,155,FUSE0,211861.1262,211861.1262,216743.4262,4882.3,4882.3,941.0,0.192737,1,p:2.2.4.2.2.1
U3866,155,FUSE0,211977.1262,211977.1262,213917.8262,1940.7,1940.7,941.0,0.484877,1,p:1.3.1.2.3.1
U3867,155,FUSE0,211982.7262,211982.7262,217171.4262,5188.7,5188.7,941.0,0.181356,1,p:2.1.3.1.2.2
U3868,155,FUSE0,212093.1262,212093.1262,216047.4262,3954.3,3954.3,941.0,0.237969,1,p:1.2.2.2.1.1
U3869,155,FUSE0,212099.4975,212099.4975,216643.8262,4544.3287,4544.3287,941.0,0.207071,1,p:2.3.4.1.3.2
U3870,155,FUSE0,212209.1262,212209.1262,217555.4262,5346.3,5346.3,941.0,0.17601,1,p:1.1.5.2.2.1
U3871,155,FUSE1,212215.4975,212215.4975,215471.0262,3255.5287,3255.5287,1003.0,0.308091,1,p:2.2.1.1.1.2
U3872,155,FUSE1,212325.1262,212325.1262,214225.8975,1900.7713,1900.7713,1003.0,0.527681,1,p:1.3.3.2.3.1
U3873,155,FUSE1,212332.3262,212332.3262,219645.9899,7313.6637,7313.6637,1003.0,0.137141,1,p:2.1.2.1.2.2
U3874,155,FUSE1,212441.1262,212441.1262,217323.4262,4882.3,4882.3,1003.0,0.205436,1,p:1.2.4.2.1.1
U3875,155,FUSE1,212449.0975,212449.0975,215239.0262,2789.9287,2789.9287,1003.0,0.359507,1,p:2.3.5.1.3.2
U3876,155,FUSE1,212557.1262,212557.1262,217903.4262,5346.3,5346.3,1003.0,0.187606,1,p:1.1.1.2.2.1
U3877,155,FUSE1,212565.0975,212565.0975,216179.8262,3614.7287,3614.7287,1003.0,0.277476,1,p:2.2.3.1.1.2
U3878,155,FUSE2,212673.1262,212673.1262,216279.4262,3606.3,3606.3,1035.4,0.287109,1,p:1.3.2.2.3.1
U3879,155,FUSE2,212681.0975,212681.0975,220457.9899,7776.8924,7776.8924,1035.4,0.133138,1,p:2.1.4.1.2.2
U3880,155,FUSE2,212789.1262,212789.1262,215467.4262,2678.3,2678.3,1035.4,0.386589,1,p:1.2.5.2.1.1
U3881,155,FUSE2,212797.0975,212797.0975,215819.0262,3021.9287,3021.9287,1035.4,0.342629,1,p:2.3.1.1.3.2
U3882,155,FUSE2,212905.1262,212905.1262,218449.0262,5543.9,5543.9,1035.4,0.186764,1,p:1.1.3.1.1.2
U3883,155,FUSE2,212913.0975,212913.0975,217521.0262,4607.9287,4607.9287,1035.4,0.2247,1,p:2.2.2.1.2.2
U3664,147,FUSE0,213021.1262,213021.1262,218367.4262,5346.3,5346.3,941.0,0.17601,1,p:1.3.4.2.2.1
U3665,147,FUSE0,213031.5262,213031.5262,218135.4262,5103.9,5103.9,941.0,0.184369,1,p:2.1.5.2.3.1
U3666,147,FUSE0,213137.1262,213137.1262,215815.4262,2678.3,2678.3,941.0,0.351342,1,p:1.2.1.2.1.1
U3667,147,FUSE0,213148.2975,213148.2975,217753.0262,4604.7287,4604.7287,941.0,0.204355,1,p:2.3.4.1.3.2
U3668,147,FUSE0,213253.1262,213253.1262,218599.4262,5346.3,5346.3,941.0,0.17601,1,p:1.1.3.2.2.1
U3669,147,FUSE0,213264.2975,213264.2975,216527.8262,3263.5287,3263.5287,941.0,0.288338,1,p:2.2.5.1.1.2
U3670,147,FUSE0,213369.1262,213369.1262,217439.4262,4070.3,4070.3,941.0,0.231187,1,p:1.3.2.2.3.1
U3671,147,FUSE0,213380.2975,213380.2975,218681.0262,5300.7287,5300.7287,941.0,0.177523,1,p:2.1.1.1.2.2
U3672,147,FUSE1,213485.1262,213485.1262,218251.4262,4766.3,4766.3,1003.0,0.210436,1,p:1.2.4.2.1.1
U3673,147,FUSE1,213496.2975,213496.2975,216295.8262,2799.5287,2799.5287,1003.0,0.358275,1,p:2.3.3.1.3.2
U3674,147,FUSE1,213601.1262,213601.1262,218947.4262,5346.3,5346.3,1003.0,0.187606,1,p:1.1.5.2.2.1
U3675,147,FUSE1,213612.2975,213612.2975,218101.0262,4488.7287,4488.7287,1003.0,0.223449,1,p:2.2.2.1.1.2
U3676,147,FUSE1,213717.1262,213717.1262,215583.4262,1866.3,1866.3,1003.0,0.537427,1,p:1.3.1.2.3.1
U3677,147,FUSE1,213728.2975,213728.2975,221657.9899,7929.6924,7929.6924,1003.0,0.126487,1,p:2.1.4.1.2.2
U3678,147,FUSE1,213833.1262,213833.1262,216627.4262,2794.3,2794.3,1003.0,0.358945,1,p:1.2.3.2.1.1
U3679,147,FUSE1,213844.2975,213844.2975,216759.8262,2915.5287,2915.5287,1003.0,0.34402,1,p:2.3.5.1.3.2
U3680,147,FUSE2,213949.1262,213949.1262,220547.8262,6598.7,6598.7,1035.4,0.15691,1,p:1.1.2.2.2.1
U3681,147,FUSE2,213960.2975,213960.2975,217287.4262,3327.1287,3327.1287,1035.4,0.311199,1,p:2.2.1.1.1.2
U3682,147,FUSE2,214065.1262,214065.1262,219181.9899,5116.8637,5116.8637,1035.4,0.202351,1,p:1.3.4.1.2.2
U3683,147,FUSE2,214076.2975,214076.2975,219411.4262,5335.1287,5335.1287,1035.4,0.194072,1,p:2.1.3.2.3.1
U3684,147,FUSE2,214192.2975,214192.2975,217091.4262,2899.1287,2899.1287,1035.4,0.357142,1,p:1.2.5.2.1.1
U3685,147,FUSE2,214257.1975,214257.1975,218333.0262,4075.8287,4075.8287,1035.4,0.254034,1,p:2.3.2.1.3.2
U3686,147,FUSE2,214308.2975,214308.2975,219813.4262,5505.1287,5505.1287,1035.4,0.188079,1,p:1.1.1.2.2.1
U3687,147,FUSE2,214373.1975,214373.1975,219063.4262,4690.2287,4690.2287,1035.4,0.220757,1,p:2.2.4.2.1.1
U3688,147,FUSE2,214424.2975,214424.2975,217985.0262,3560.7287,3560.7287,1035.4,0.290783,1,p:1.3.3.1.2.2
U437,18,FUSE0,214489.1975,214489.1975,219413.9899,4924.7924,4924.7924,941.0,0.191074,1,p:2.1.5.1.1.2
U438,18,FUSE0,214540.2975,214540.2975,218483.4262,3943.1287,3943.1287,941.0,0.238643,1,p:1.2.2.2.3.1
U439,18,FUSE0,214605.1975,214605.1975,216991.8262,2386.6287,2386.6287,941.0,0.39428,1,p:2.3.1.1.3.2
U440,18,FUSE0,214656.2975,214656.2975,220198.2262,5541.9287,5541.9287,941.0,0.169796,1,p:1.1.5.2.2.1
U441,18,FUSE0,214721.1975,214721.1975,220109.9899,5388.7924,5388.7924,941.0,0.174622,1,p:2.2.4.1.2.2
U442,18,FUSE0,214779.5262,214779.5262,216975.4262,2195.9,2195.9,941.0,0.428526,1,p:1.3.3.2.3.1
U443,18,FUSE0,214837.1975,214837.1975,221425.9899,6588.7924,6588.7924,941.0,0.142818,1,p:2.1.2.1.1.2
U444,18,FUSE0,214922.3262,214922.3262,217671.4262,2749.1,2749.1,941.0,0.342294,1,p:1.2.1.2.1.1
U445,18,FUSE1,214953.1975,214953.1975,217403.4262,2450.2287,2450.2287,1003.0,0.40935,1,p:2.3.5.1.3.2
U446,18,FUSE1,215038.3262,215038.3262,221359.8262,6321.5,6321.5,1003.0,0.158665,1,p:1.1.4.2.3.1
U447,18,FUSE1,215125.1262,215125.1262,217637.0262,2511.9,2511.9,1003.0,0.399299,1,p:2.2.3.1.1.2
U448,18,FUSE1,215154.3262,215154.3262,219643.4262,4489.1,4489.1,1003.0,0.22343,1,p:1.3.2.2.2.1
U449,18,FUSE1,215241.1262,215241.1262,221309.9899,6068.8637,6068.8637,1003.0,0.16527,1,p:2.1.1.1.2.2
U450,18,FUSE1,215270.3262,215270.3262,218019.4262,2749.1,2749.1,1003.0,0.364847,1,p:1.2.5.2.1.1
U451,18,FUSE1,215386.3262,215386.3262,219993.9899,4607.6637,4607.6637,1003.0,0.217681,1,p:2.3.4.1.3.2
U452,18,FUSE1,215498.7262,215498.7262,221243.8262,5745.1,5745.1,1003.0,0.174584,1,p:1.1.3.2.2.1
U453,18,FUSE2,215502.3262,215502.3262,219529.9899,4027.6637,4027.6637,1035.4,0.257072,1,p:2.2.2.1.1.2
U454,18,FUSE2,215614.7262,215614.7262,217787.4262,2172.7,2172.7,1035.4,0.47655,1,p:1.3.1.2.3.1
U455,18,FUSE2,215618.3262,215618.3262,221889.9899,6271.6637,6271.6637,1035.4,0.165092,1,p:2.1.5.1.2.2
U456,18,FUSE2,215730.7262,215730.7262,219929.4262,4198.7,4198.7,1035.4,0.2466,1,p:1.2.4.2.1.1
U457,18,FUSE2,215734.3262,215734.3262,218565.0262,2830.7,2830.7,1035.4,0.365775,1,p:2.3.3.1.3.2
U458,18,FUSE2,215846.7262,215846.7262,222171.8262,6325.1,6325.1,1035.4,0.163697,1,p:1.1.2.2.2.1
U459,18,FUSE2,215850.3262,215850.3262,218797.0262,2946.7,2946.7,1035.4,0.351376,1,p:2.2.1.1.1.2
U460,18,FUSE2,215962.7262,215962.7262,218715.4262,2752.7,2752.7,1035.4,0.37614,1,p:1.3.5.2.1.1
U5082,203,FUSE0,215979.1262,215979.1262,222055.8262,6076.7,6076.7,941.0,0.154854,1,p:2.1.4.2.3.1
U5083,203,FUSE0,216078.7262,216078.7262,219297.9899,3219.2637,3219.2637,941.0,0.292303,1,p:1.2.3.1.2.2
U5084,203,FUSE0,216095.1262,216095.1262,219877.9899,3782.8637,3782.8637,941.0,0.248753,1,p:2.3.2.1.3.2
U5085,203,FUSE0,216194.7262,216194.7262,221475.8262,5281.1,5281.1,941.0,0.178183,1,p:1.1.1.2.2.1
U5086,203,FUSE0,216211.1262,216211.1262,221193.9899,4982.8637,4982.8637,941.0,0.188847,1,p:2.2.4.1.1.2
U5087,203,FUSE0,216310.7262,216310.7262,218831.4262,2520.7,2520.7,941.0,0.373309,1,p:1.3.3.2.3.1
U5088,203,FUSE0,216327.1262,216327.1262,222353.9899,6026.8637,6026.8637,941.0,0.156134,1,p:2.1.5.1.2.2
U5089,203,FUSE0,216426.7262,216426.7262,220314.2262,3887.5,3887.5,941.0,0.242058,1,p:1.2.2.2.1.1
U5090,203,FUSE1,216443.1262,216443.1262,219065.9899,2622.8637,2622.8637,1003.0,0.382406,1,p:2.3.1.1.3.2
U5091,203,FUSE1,216542.7262,216542.7262,223363.4262,6820.7,6820.7,1003.0,0.147052,1,p:1.1.4.2.2.1
U5092,203,FUSE1,216559.1262,216559.1262,220225.9899,3666.8637,3666.8637,1003.0,0.273531,1,p:2.2.3.1.1.2
U5093,203,FUSE1,216658.7262,216658.7262,219179.4262,2520.7,2520.7,1003.0,0.397905,1,p:1.3.5.2.3.1
U5094,203,FUSE1,216675.1262,216675.1262,223165.9899,6490.8637,6490.8637,1003.0,0.154525,1,p:2.1.2.1.2.2
U5095,203,FUSE1,216774.7262,216774.7262,219295.4262,2520.7,2520.7,1003.0,0.397905,1,p:1.2.1.2.1.1
U5096,203,FUSE1,216791.1262,216791.1262,221773.9899,4982.8637,4982.8637,1003.0,0.20129,1,p:2.3.4.1.3.2
U5097,203,FUSE1,216890.7262,216890.7262,222435.4262,5544.7,5544.7,1003.0,0.180893,1,p:1.1.3.2.2.1
U5098,203,FUSE1,216907.1262,216907.1262,219761.9899,2854.8637,2854.8637,1003.0,0.35133,1,p:2.2.5.1.1.2
U5099,203,FUSE2,217006.7262,217006.7262,220431.8262,3425.1,3425.1,1035.4,0.302298,1,p:1.3.2.2.3.1
U5100,203,FUSE2,217023.1262,217023.1262,222817.9899,5794.8637,5794.8637,1035.4,0.178675,1,p:2.1.1.1.2.2
U5101,203,FUSE2,217122.7262,217122.7262,221127.8262,4005.1,4005.1,1035.4,0.25852,1,p:1.2.4.2.1.1
U5102,203,FUSE2,217202.7262,217202.7262,220341.9899,3139.2637,3139.2637,1035.4,0.329823,1,p:2.3.3.1.3.2
U5103,203,FUSE2,217238.7262,217238.7262,222783.4262,5544.7,5544.7,1035.4,0.186737,1,p:1.1.5.2.2.1
U5104,203,FUSE2,217318.7262,217318.7262,222121.9899,4803.2637,4803.2637,1035.4,0.215562,1,p:2.2.2.1.1.2
U5105,203,FUSE2,217354.7262,217354.7262,219527.4262,2172.7,2172.7,1035.4,0.47655,1,p:1.3.1.2.3.1
U5106,203,FUSE2,217434.7262,217434.7262,224453.1899,7018.4637,7018.4637,1035.4,0.147525,1,p:2.1.4.1.3.2
U5107,203,FUSE2,217470.7262,217470.7262,220779.8262,3309.1,3309.1,1035.4,0.312895,1,p:1.2.3.2.2.1
U4340,174,FUSE0,217552.3262,217552.3262,220842.2262,3289.9,3289.9,941.0,0.286027,1,p:2.3.5.1.2.2
U4341,174,FUSE0,217586.7262,217586.7262,223595.4262,6008.7,6008.7,941.0,0.156606,1,p:1.1.2.2.1.1
U4342,174,FUSE0,217668.3262,217668.3262,220573.9899,2905.6637,2905.6637,941.0,0.32385,1,p:2.2.1.1.1.2
U4343,174,FUSE0,217702.7262,217702.7262,220082.2262,2379.5,2379.5,941.0,0.395461,1,p:1.3.5.2.3.1
U4344,174,FUSE0,217784.3262,217784.3262,224105.1899,6320.8637,6320.8637,941.0,0.148872,1,p:2.1.2.1.2.2
U4345,174,FUSE0,217818.7262,217818.7262,221823.8262,4005.1,4005.1,941.0,0.23495,1,p:1.2.4.2.1.1
U4346,174,FUSE0,217900.3262,217900.3262,221077.9899,3177.6637,3177.6637,941.0,0.29613,1,p:2.3.3.1.3.2
U4347,174,FUSE0,217934.7262,217934.7262,223131.4262,5196.7,5196.7,941.0,0.181076,1,p:1.1.1.2.2.1
U4348,174,FUSE0,218016.3262,218016.3262,221541.9899,3525.6637,3525.6637,941.0,0.2669,1,p:2.2.5.1.1.2
U4349,174,FUSE1,218050.7262,218050.7262,221591.8262,3541.1,3541.1,1003.0,0.283245,1,p:1.3.2.2.3.1
U4350,174,FUSE1,218132.3262,218132.3262,225037.4262,6905.1,6905.1,1003.0,0.145255,1,p:2.1.4.1.2.2
U4351,174,FUSE1,218166.7262,218166.7262,220663.8262,2497.1,2497.1,1003.0,0.401666,1,p:1.2.3.2.1.1
U4352,174,FUSE1,218248.3262,218248.3262,220689.9899,2441.6637,2441.6637,1003.0,0.410785,1,p:2.3.1.1.3.2
U4353,174,FUSE1,218282.7262,218282.7262,223711.4262,5428.7,5428.7,1003.0,0.184759,1,p:1.1.5.2.2.1
U4354,174,FUSE1,218364.3262,218364.3262,222585.9899,4221.6637,4221.6637,1003.0,0.237584,1,p:2.2.2.1.1.2
U4355,174,FUSE1,218398.7262,218398.7262,222551.4262,4152.7,4152.7,1003.0,0.24153,1,p:1.3.4.2.3.1
U4356,174,FUSE1,218480.3262,218480.3262,223757.1899,5276.8637,5276.8637,1003.0,0.190075,1,p:2.1.3.1.2.2
U4357,174,FUSE1,218514.7262,218514.7262,220895.8262,2381.1,2381.1,1003.0,0.421234,1,p:1.2.1.2.1.1
U4358,174,FUSE2,218596.3262,218596.3262,222005.9899,3409.6637,3409.6637,1035.4,0.303666,1,p:2.3.5.1.3.2
U4359,174,FUSE2,218630.7262,218630.7262,224882.6262,6251.9,6251.9,1035.4,0.165614,1,p:1.1.2.2.2.1
U4360,174,FUSE2,218712.3262,218712.3262,223397.9899,4685.6637,4685.6637,1035.4,0.220972,1,p:2.2.4.1.1.2
U4361,174,FUSE2,218746.7262,218746.7262,221011.8262,2265.1,2265.1,1035.4,0.45711,1,p:1.3.3.2.3.1
U4362,174,FUSE2,218828.3262,218828.3262,223873.1899,5044.8637,5044.8637,1035.4,0.205238,1,p:2.1.1.1.2.2
U4363,174,FUSE2,218862.7262,218862.7262,221707.8262,2845.1,2845.1,1035.4,0.363924,1,p:1.2.5.2.1.1
U4364,174,FUSE2,218950.7262,218950.7262,223281.9899,4331.2637,4331.2637,1035.4,0.239053,1,p:2.3.2.1.3.2
U4365,174,FUSE2,218978.7262,218978.7262,225462.6262,6483.9,6483.9,1035.4,0.159688,1,p:1.1.4.2.3.1
U4366,174,FUSE2,219094.7262,219094.7262,222237.9899,3143.2637,3143.2637,1035.4,0.329403,1,p:2.2.3.1.1.2
U7874,315,FUSE0,219097.2899,219097.2899,221939.8262,2842.5363,2842.5363,941.0,0.331042,1,p:1.3.1.2.2.1
U7875,315,FUSE0,219210.7262,219210.7262,224801.1899,5590.4637,5590.4637,941.0,0.168322,1,p:2.1.5.1.2.2
U7876,315,FUSE0,219213.2899,219213.2899,223015.4262,3802.1363,3802.1363,941.0,0.247492,1,p:1.2.2.2.1.1
U7877,315,FUSE0,219326.7262,219326.7262,223641.1899,4314.4637,4314.4637,941.0,0.218104,1,p:2.3.4.1.1.2
U7878,315,FUSE0,219329.2899,219329.2899,224291.4262,4962.1363,4962.1363,941.0,0.189636,1,p:1.1.3.2.2.1
U7879,315,FUSE0,219442.7262,219442.7262,222469.9899,3027.2637,3027.2637,941.0,0.310842,1,p:2.2.1.1.3.2
U7880,315,FUSE0,219445.2899,219445.2899,222287.8262,2842.5363,2842.5363,941.0,0.331042,1,p:1.3.5.2.3.1
U7881,315,FUSE0,219558.7262,219558.7262,225971.0262,6412.3,6412.3,941.0,0.146749,1,p:2.1.2.1.2.2
U7882,315,FUSE0,219561.2899,219561.2899,223943.4262,4382.1363,4382.1363,941.0,0.214735,1,p:1.2.4.2.1.1
U7883,315,FUSE1,219674.7262,219674.7262,222933.9899,3259.2637,3259.2637,1003.0,0.307738,1,p:2.3.3.1.3.2
U7884,315,FUSE1,219677.2899,219677.2899,224639.4262,4962.1363,4962.1363,1003.0,0.202131,1,p:1.1.1.2.2.1
U7885,315,FUSE1,219793.2899,219793.2899,223049.9899,3256.7,3256.7,1003.0,0.30798,1,p:2.2.5.1.1.2
U7886,315,FUSE1,219844.7262,219844.7262,223827.4262,3982.7,3982.7,1003.0,0.251839,1,p:1.3.2.2.3.1
U7887,315,FUSE1,219909.2899,219909.2899,226960.2262,7050.9363,7050.9363,1003.0,0.142251,1,p:2.1.4.1.2.2
U7888,315,FUSE1,219960.7262,219960.7262,222667.4262,2706.7,2706.7,1003.0,0.370562,1,p:1.2.3.2.1.1
U7889,315,FUSE1,220025.2899,220025.2899,222701.9899,2676.7,2676.7,1003.0,0.374715,1,p:2.3.1.1.3.2
U7890,315,FUSE1,220113.5262,220113.5262,225346.6262,5233.1,5233.1,1003.0,0.191665,1,p:1.1.5.2.2.1
U7891,315,FUSE1,220141.2899,220141.2899,224569.1899,4427.9,4427.9,1003.0,0.226518,1,p:2.2.2.1.1.2
U7892,315,FUSE2,220229.5262,220229.5262,224407.4262,4177.9,4177.9,1035.4,0.247828,1,p:1.3.4.2.3.1
U7893,315,FUSE2,220257.2899,220257.2899,225623.0262,5365.7363,5365.7363,1035.4,0.192965,1,p:2.1.3.1.2.2
U7894,315,FUSE2,220345.5262,220345.5262,222899.4262,2553.9,2553.9,1035.4,0.405419,1,p:1.2.1.2.1.1
U7895,315,FUSE2,220373.2899,220373.2899,223525.1899,3151.9,3151.9,1035.4,0.3285,1,p:2.3.5.1.3.2
U7896,315,FUSE2,220463.1262,220463.1262,226803.8262,6340.7,6340.7,1035.4,0.163294,1,p:1.1.2.2.2.1
U7897,315,FUSE2,220489.2899,220489.2899,225855.0262,5365.7363,5365.7363,1035.4,0.192965,1,p:2.2.4.1.1.2
U7898,315,FUSE2,220579.1262,220579.1262,223247.4262,2668.3,2668.3,1035.4,0.388037,1,p:1.3.3.2.3.1
U7899,315,FUSE2,220605.2899,220605.2899,226087.0262,5481.7363,5481.7363,1035.4,0.188882,1,p:2.1.1.1.2.2
U7900,315,FUSE2,220695.1262,220695.1262,224175.4262,3480.3,3480.3,1035.4,0.297503,1,p:1.2.5.2.1.1
U7901,315,FUSE2,220721.2899,220721.2899,224523.4262,3802.1363,3802.1363,1035.4,0.272321,1,p:2.3.2.2.2.1
U2178,88,FUSE0,220811.1262,220811.1262,227656.2262,6845.1,6845.1,941.0,0.137471,1,p:1.1.4.1.3.2
U2179,88,FUSE0,220873.5262,220873.5262,223989.1899,3115.6637,3115.6637,941.0,0.302022,1,p:2.2.3.1.1.2
U2180,88,FUSE0,220927.1262,220927.1262,223479.4262,2552.3,2552.3,941.0,0.368687,1,p:1.3.1.2.3.1
U2181,88,FUSE0,221043.1262,221043.1262,226319.0262,5275.9,5275.9,941.0,0.178358,1,p:2.1.5.1.2.2
U2182,88,FUSE0,221109.2899,221109.2899,225578.6262,4469.3363,4469.3363,941.0,0.210546,1,p:1.2.4.2.1.1
U2183,88,FUSE0,221159.1262,221159.1262,225153.4262,3994.3,3994.3,941.0,0.235586,1,p:2.3.2.1.3.2
U2184,88,FUSE0,221225.2899,221225.2899,225810.6262,4585.3363,4585.3363,941.0,0.205219,1,p:1.1.3.2.2.1
U2185,88,FUSE1,221275.1262,221275.1262,224337.1899,3062.0637,3062.0637,1003.0,0.327557,1,p:2.2.1.1.1.2
U2186,88,FUSE1,221341.2899,221341.2899,224059.4262,2718.1363,2718.1363,1003.0,0.369003,1,p:1.3.5.2.3.1
U2187,88,FUSE1,221391.1262,221391.1262,228700.2262,7309.1,7309.1,1003.0,0.137226,1,p:2.1.4.1.2.2
U2188,88,FUSE1,221457.2899,221457.2899,225694.6262,4237.3363,4237.3363,1003.0,0.236705,1,p:1.2.2.2.1.1
U2189,88,FUSE1,221507.1262,221507.1262,224221.1899,2714.0637,2714.0637,1003.0,0.369557,1,p:2.3.3.1.3.2
U2190,88,FUSE1,221573.2899,221573.2899,226455.8262,4882.5363,4882.5363,1003.0,0.205426,1,p:1.1.1.2.2.1
U2191,88,FUSE1,221623.1262,221623.1262,224917.1899,3294.0637,3294.0637,1003.0,0.304487,1,p:2.2.5.1.1.2
U2192,88,FUSE2,221689.2899,221689.2899,225926.6262,4237.3363,4237.3363,1035.4,0.244352,1,p:1.3.4.2.3.1
U2193,88,FUSE2,221739.1262,221739.1262,228584.2262,6845.1,6845.1,1035.4,0.151261,1,p:2.1.2.1.2.2
U2194,88,FUSE2,221805.2899,221805.2899,224755.4262,2950.1363,2950.1363,1035.4,0.350967,1,p:1.2.3.2.1.1
U2195,88,FUSE2,221855.1262,221855.1262,224685.1899,2830.0637,2830.0637,1035.4,0.365857,1,p:2.3.1.1.3.2
U2196,88,FUSE2,221921.2899,221921.2899,227383.8262,5462.5363,5462.5363,1035.4,0.189546,1,p:1.1.5.2.2.1
U2197,88,FUSE2,221971.1262,221971.1262,226435.0262,4463.9,4463.9,1035.4,0.23195,1,p:2.2.4.1.3.2
U2198,88,FUSE2,222037.2899,222037.2899,226274.6262,4237.3363,4237.3363,1035.4,0.244352,1,p:1.3.2.2.1.1
U2199,88,FUSE2,222087.1262,222087.1262,226571.8262,4484.7,4484.7,1035.4,0.230874,1,p:2.1.3.2.3.1
U3352,135,FUSE0,222153.2899,222153.2899,225391.0262,3237.7363,3237.7363,941.0,0.290635,1,p:1.2.1.1.2.2
U3353,135,FUSE0,222203.1262,222203.1262,225275.0262,3071.9,3071.9,941.0,0.306325,1,p:2.3.5.1.1.2
U3354,135,FUSE0,222269.2899,222269.2899,229405.9899,7136.7,7136.7,941.0,0.131854,1,p:1.1.4.2.2.1
U3355,135,FUSE0,222319.1262,222319.1262,226203.0262,3883.9,3883.9,941.0,0.242282,1,p:2.2.2.1.3.2
U3356,135,FUSE0,222385.2899,222385.2899,225114.6262,2729.3363,2729.3363,941.0,0.344772,1,p:1.3.1.2.1.1
U3357,135,FUSE0,222466.7262,222466.7262,227424.2262,4957.5,4957.5,941.0,0.189813,1,p:2.1.3.1.2.2
U3358,135,FUSE0,222501.2899,222501.2899,224998.6262,2497.3363,2497.3363,941.0,0.376801,1,p:1.2.5.2.3.1
U3359,135,FUSE0,222582.7262,222582.7262,227308.2262,4725.5,4725.5,941.0,0.199132,1,p:2.3.4.1.1.2
U3360,135,FUSE1,222617.2899,222617.2899,229173.9899,6556.7,6556.7,1003.0,0.152973,1,p:1.1.2.2.2.1
U3361,135,FUSE1,222698.7262,222698.7262,225507.0262,2808.3,2808.3,1003.0,0.357156,1,p:2.2.1.1.3.2
U3362,135,FUSE1,222733.2899,222733.2899,225230.6262,2497.3363,2497.3363,1003.0,0.401628,1,p:1.3.3.2.1.1
U3363,135,FUSE1,222814.7262,222814.7262,228816.2262,6001.5,6001.5,1003.0,0.167125,1,p:2.1.5.1.2.2
U3364,135,FUSE1,222849.2899,222849.2899,227035.8262,4186.5363,4186.5363,1003.0,0.239578,1,p:1.2.4.2.3.1
U3365,135,FUSE1,222930.7262,222930.7262,227540.2262,4609.5,4609.5,1003.0,0.217594,1,p:2.3.2.1.1.2
U3366,135,FUSE1,222965.2899,222965.2899,228195.8262,5230.5363,5230.5363,1003.0,0.191759,1,p:1.1.1.2.2.1
U3367,135,FUSE1,223046.7262,223046.7262,225739.0262,2692.3,2692.3,1003.0,0.372544,1,p:2.2.3.1.3.2
U3368,135,FUSE2,223081.2899,223081.2899,226158.6262,3077.3363,3077.3363,1035.4,0.33646,1,p:1.3.5.2.1.1
U3369,135,FUSE2,223162.7262,223162.7262,230324.2262,7161.5,7161.5,1035.4,0.144579,1,p:2.1.4.1.2.2
U3370,135,FUSE2,223197.2899,223197.2899,227267.8262,4070.5363,4070.5363,1035.4,0.254365,1,p:1.2.2.2.3.1
U3371,135,FUSE2,223278.7262,223278.7262,226551.0262,3272.3,3272.3,1035.4,0.316414,1,p:2.3.1.1.1.2
U3372,135,FUSE2,223313.2899,223313.2899,228311.8262,4998.5363,4998.5363,1035.4,0.207141,1,p:1.1.3.2.2.1
U3373,135,FUSE2,223394.7262,223394.7262,226667.0262,3272.3,3272.3,1035.4,0.316414,1,p:2.2.5.1.3.2
U3374,135,FUSE2,223429.2899,223429.2899,227847.8262,4418.5363,4418.5363,1035.4,0.234331,1,p:1.3.4.2.3.1
U4291,172,FUSE0,223510.7262,223510.7262,229976.2262,6465.5,6465.5,941.0,0.145542,1,p:2.1.2.1.2.2
U4292,172,FUSE0,223556.4899,223556.4899,226687.8262,3131.3363,3131.3363,941.0,0.300511,1,p:1.2.1.2.1.1
U4293,172,FUSE0,223626.7262,223626.7262,226783.0262,3156.3,3156.3,941.0,0.298134,1,p:2.3.3.1.1.2
U4294,172,FUSE0,223672.4899,223672.4899,229521.9899,5849.5,5849.5,941.0,0.160868,1,p:1.1.5.2.2.1
U4295,172,FUSE0,223742.7262,223742.7262,229164.2262,5421.5,5421.5,941.0,0.173568,1,p:2.2.4.1.2.2
U4296,172,FUSE0,223788.4899,223788.4899,227731.8262,3943.3363,3943.3363,941.0,0.23863,1,p:1.3.2.2.1.1
U4297,172,FUSE0,223858.7262,223858.7262,228932.2262,5073.5,5073.5,941.0,0.185474,1,p:2.1.1.1.3.2
U4298,172,FUSE0,223904.4899,223904.4899,226042.6262,2138.1363,2138.1363,941.0,0.440103,1,p:1.2.3.2.3.1
U4299,172,FUSE1,223974.7262,223974.7262,227076.2262,3101.5,3101.5,1003.0,0.323392,1,p:2.3.5.1.1.2
U4300,172,FUSE1,224020.4899,224020.4899,231577.4262,7556.9363,7556.9363,1003.0,0.132726,1,p:1.1.4.2.1.1
U4301,172,FUSE1,224090.7262,224090.7262,228352.2262,4261.5,4261.5,1003.0,0.235363,1,p:2.2.2.1.3.2
U4302,172,FUSE1,224136.4899,224136.4899,226919.8262,2783.3363,2783.3363,1003.0,0.360359,1,p:1.3.1.2.2.1
U4303,172,FUSE1,224206.7262,224206.7262,229860.2262,5653.5,5653.5,1003.0,0.177412,1,p:2.1.3.1.2.2
U4304,172,FUSE1,224252.4899,224252.4899,227499.8262,3247.3363,3247.3363,1003.0,0.308869,1,p:1.2.5.2.3.1
U4305,172,FUSE1,224322.7262,224322.7262,229048.2262,4725.5,4725.5,1003.0,0.212253,1,p:2.3.4.1.1.2
U4306,172,FUSE1,224368.4899,224368.4899,230649.4262,6280.9363,6280.9363,1003.0,0.15969,1,p:1.1.2.2.2.1
U4307,172,FUSE2,224438.7262,224438.7262,227192.2262,2753.5,2753.5,1035.4,0.376031,1,p:2.2.1.1.3.2
U4308,172,FUSE2,224484.4899,224484.4899,227151.8262,2667.3363,2667.3363,1035.4,0.388178,1,p:1.3.3.2.1.1
U4309,172,FUSE2,224554.7262,224554.7262,230208.2262,5653.5,5653.5,1035.4,0.183143,1,p:2.1.5.1.2.2
E139,361,FUSE0,224600.4899,224600.4899,227772.2262,3171.7363,3171.7363,941.0,0.296683,1,p:1.2.5.1.2.2
E140,361,FUSE0,224670.7262,224670.7262,228468.2262,3797.5,3797.5,941.0,0.247795,1,p:2.3.2.2.1.2
E141,361,FUSE0,224716.4899,224716.4899,229396.2262,4679.7363,4679.7363,941.0,0.20108,1,p:1.1.1.2.3.2
E142,361,FUSE0,224786.7262,224786.7262,227963.8262,3177.1,3177.1,941.0,0.296182,1,p:2.2.1.1.1.1
E143,361,FUSE0,224832.4899,224832.4899,228236.2262,3403.7363,3403.7363,941.0,0.276461,1,p:1.3.5.1.1.2
E144,361,FUSE0,224913.9262,224913.9262,229757.1899,4843.2637,4843.2637,941.0,0.19429,1,p:2.1.5.2.1.1
E145,361,FUSE0,224948.4899,224948.4899,229512.2262,4563.7363,4563.7363,941.0,0.206191,1,p:1.2.4.1.1.2
E146,361,FUSE0,225029.9262,225029.9262,227888.2262,2858.3,2858.3,941.0,0.329217,1,p:2.3.1.1.2.2
E147,361,FUSE0,225068.7262,225068.7262,230106.7899,5038.0637,5038.0637,941.0,0.186778,1,p:1.1.1.2.1.1
E148,361,FUSE0,225145.9262,225145.9262,227615.8262,2469.9,2469.9,941.0,0.380987,1,p:2.2.3.2.2.1
E149,361,FUSE1,225184.7262,225184.7262,229289.9899,4105.2637,4105.2637,1003.0,0.24432,1,p:1.3.4.2.3.1
E150,361,FUSE1,225261.9262,225261.9262,231679.8262,6417.9,6417.9,1003.0,0.156282,1,p:2.1.4.1.2.2
E151,361,FUSE1,225306.3262,225306.3262,228004.2262,2697.9,2697.9,1003.0,0.371771,1,p:1.2.3.2.1.2
E152,361,FUSE1,225377.9262,225377.9262,229280.2262,3902.3,3902.3,1003.0,0.257028,1,p:2.3.2.1.1.2
E153,361,FUSE1,225422.3262,225422.3262,230301.4262,4879.1,4879.1,1003.0,0.205571,1,p:1.1.3.1.2.1
E154,361,FUSE1,225493.9262,225493.9262,228120.2262,2626.3,2626.3,1003.0,0.381906,1,p:2.2.5.2.3.2
E155,361,FUSE1,225538.3262,225538.3262,228079.8262,2541.5,2541.5,1003.0,0.394649,1,p:1.3.1.2.3.1
E156,361,FUSE1,225609.9262,225609.9262,231693.4262,6083.5,6083.5,1003.0,0.164872,1,p:2.1.2.1.3.1
E157,361,FUSE1,225654.3262,225654.3262,228427.8262,2773.5,2773.5,1003.0,0.361637,1,p:1.2.5.2.3.1
E158,361,FUSE2,225725.9262,225725.9262,229873.1899,4147.2637,4147.2637,1035.4,0.249659,1,p:2.3.4.2.3.1
E159,361,FUSE2,225770.3262,225770.3262,230765.4262,4995.1,4995.1,1035.4,0.207283,1,p:1.1.5.1.2.1
E160,361,FUSE2,225841.9262,225841.9262,228543.8262,2701.9,2701.9,1035.4,0.383212,1,p:2.2.1.2.1.1
E161,361,FUSE2,225886.3262,225886.3262,228775.8262,2889.5,2889.5,1035.4,0.358332,1,p:1.3.3.1.1.1
E162,361,FUSE2,225957.9262,225957.9262,230997.4262,5039.5,5039.5,1035.4,0.205457,1,p:2.1.1.1.2.1
E163,361,FUSE2,226002.3262,226002.3262,229744.2262,3741.9,3741.9,1035.4,0.276704,1,p:1.2.2.2.1.2
E164,361,FUSE2,226073.9262,226073.9262,230533.4262,4459.5,4459.5,1035.4,0.232178,1,p:2.3.4.2.1.1
E165,361,FUSE2,226118.3262,226118.3262,231345.4262,5227.1,5227.1,1035.4,0.198083,1,p:1.1.3.1.2.1
E166,361,FUSE2,226189.9262,226189.9262,228659.8262,2469.9,2469.9,1035.4,0.419207,1,p:2.2.3.1.3.1
E167,361,FUSE2,226234.3262,226234.3262,229641.1899,3406.8637,3406.8637,1035.4,0.303916,1,p:1.3.2.2.3.1
E168,361,FUSE2,226305.9262,226305.9262,231387.4262,5081.5,5081.5,1035.4,0.203759,1,p:2.1.5.1.2.2
E169,361,FUSE2,226350.3262,226350.3262,228941.9899,2591.6637,2591.6637,1035.4,0.399512,1,p:1.2.1.2.3.1
U4310,172,FUSE2,226466.3262,226466.3262,231461.4262,4995.1,4995.1,1035.4,0.207283,1,p:1.2.4.2.3.1
U4311,172,FUSE2,226487.1262,226487.1262,230788.2262,4301.1,4301.1,1035.4,0.240729,1,p:2.3.2.1.1.2
U4312,172,FUSE2,226582.3262,226582.3262,232389.4262,5807.1,5807.1,1035.4,0.178299,1,p:1.1.1.2.2.1
U4313,172,FUSE2,226603.1262,226603.1262,229628.2262,3025.1,3025.1,1035.4,0.34227,1,p:2.2.3.1.3.2
U5305,212,FUSE0,226698.3262,226698.3262,229057.9899,2359.6637,2359.6637,941.0,0.398786,1,p:1.3.5.2.1.1
U5306,212,FUSE0,226719.1262,226719.1262,232788.2262,6069.1,6069.1,941.0,0.155048,1,p:2.1.4.1.2.2
U5307,212,FUSE0,226814.3262,226814.3262,230881.4262,4067.1,4067.1,941.0,0.231369,1,p:1.2.2.2.3.1
U5308,212,FUSE0,226835.1262,226835.1262,230092.2262,3257.1,3257.1,941.0,0.288907,1,p:2.3.1.1.1.2
U5309,212,FUSE0,226951.1262,226951.1262,231925.4262,4974.3,4974.3,941.0,0.189172,1,p:1.1.3.2.2.1
U5310,212,FUSE0,226991.5262,226991.5262,230440.2262,3448.7,3448.7,941.0,0.272856,1,p:2.2.5.1.3.2
U5311,212,FUSE0,227067.1262,227067.1262,232157.4262,5090.3,5090.3,941.0,0.184861,1,p:1.3.4.2.1.1
U5312,212,FUSE0,227107.5262,227107.5262,232440.2262,5332.7,5332.7,941.0,0.176458,1,p:2.1.2.1.2.2
U5313,212,FUSE1,227183.1262,227183.1262,229990.7899,2807.6637,2807.6637,1003.0,0.357237,1,p:1.2.1.2.3.1
U5314,212,FUSE1,227223.5262,227223.5262,230556.2262,3332.7,3332.7,1003.0,0.300957,1,p:2.3.3.1.1.2
U5315,212,FUSE1,227299.1262,227299.1262,232621.4262,5322.3,5322.3,1003.0,0.188452,1,p:1.1.5.2.2.1
U5316,212,FUSE1,227339.5262,227339.5262,231911.8262,4572.3,4572.3,1003.0,0.219364,1,p:2.2.4.1.3.2
U5317,212,FUSE1,227415.1262,227415.1262,231809.4262,4394.3,4394.3,1003.0,0.22825,1,p:1.3.2.2.1.1
U5318,212,FUSE1,227455.5262,227455.5262,232904.2262,5448.7,5448.7,1003.0,0.184081,1,p:2.1.1.1.2.2
U5319,212,FUSE1,227531.1262,227531.1262,230417.4262,2886.3,2886.3,1003.0,0.347504,1,p:1.2.3.2.3.1
U5320,212,FUSE1,227571.5262,227571.5262,230904.2262,3332.7,3332.7,1003.0,0.300957,1,p:2.3.5.1.1.2
U5321,212,FUSE2,227647.1262,227647.1262,234129.4262,6482.3,6482.3,1035.4,0.159727,1,p:1.1.4.2.2.1
U5322,212,FUSE2,227687.5262,227687.5262,231795.8262,4108.3,4108.3,1035.4,0.252026,1,p:2.2.2.1.3.2
U5323,212,FUSE2,227763.1262,227763.1262,231229.4262,3466.3,3466.3,1035.4,0.298705,1,p:1.3.1.2.1.1
U5324,212,FUSE2,227803.5262,227803.5262,232208.2262,4404.7,4404.7,1035.4,0.235067,1,p:2.1.3.1.2.2
U5325,212,FUSE2,227879.1262,227879.1262,231113.4262,3234.3,3234.3,1035.4,0.320131,1,p:1.2.5.2.3.1
U5326,212,FUSE2,227919.5262,227919.5262,232672.2262,4752.7,4752.7,1035.4,0.217855,1,p:2.3.4.1.1.2
U5327,212,FUSE2,227995.1262,227995.1262,233665.4262,5670.3,5670.3,1035.4,0.182601,1,p:1.1.2.2.2.1
U5328,212,FUSE2,228035.5262,228035.5262,231155.4262,3119.9,3119.9,1035.4,0.33187,1,p:2.2.1.1.2.2
U3607,145,FUSE0,228111.1262,228111.1262,230672.2262,2561.1,2561.1,941.0,0.36742,1,p:1.3.3.1.3.2
U3608,145,FUSE0,228151.5262,228151.5262,233781.4262,5629.9,5629.9,941.0,0.167143,1,p:2.1.5.2.1.1
U3609,145,FUSE0,228227.1262,228227.1262,232853.4262,4626.3,4626.3,941.0,0.203402,1,p:1.2.4.2.3.1
U3610,145,FUSE0,228267.5262,228267.5262,232324.2262,4056.7,4056.7,941.0,0.231962,1,p:2.3.2.1.1.2
U3611,145,FUSE0,228343.1262,228343.1262,233433.4262,5090.3,5090.3,941.0,0.184861,1,p:1.1.3.2.2.1
U3612,145,FUSE0,228383.5262,228383.5262,231503.4262,3119.9,3119.9,941.0,0.301612,1,p:2.2.5.1.3.2
U3613,145,FUSE0,228459.1262,228459.1262,232273.4262,3814.3,3814.3,941.0,0.246703,1,p:1.3.1.2.1.1
U3614,145,FUSE0,228499.5262,228499.5262,235035.1899,6535.6637,6535.6637,941.0,0.143979,1,p:2.1.4.1.2.2
U3615,145,FUSE0,228575.1262,228575.1262,232737.4262,4162.3,4162.3,941.0,0.226077,1,p:1.2.2.2.3.1
U3616,145,FUSE0,228615.5262,228615.5262,231271.4262,2655.9,2655.9,941.0,0.354306,1,p:2.3.3.1.1.2
U3617,145,FUSE1,228691.1262,228691.1262,233897.4262,5206.3,5206.3,1003.0,0.192651,1,p:1.1.5.2.2.1
U3618,145,FUSE1,228731.5262,228731.5262,232556.2262,3824.7,3824.7,1003.0,0.262243,1,p:2.2.1.1.3.2
U3619,145,FUSE1,228807.1262,228807.1262,234013.4262,5206.3,5206.3,1003.0,0.192651,1,p:1.3.4.2.1.1
U3620,145,FUSE1,228847.5262,228847.5262,234455.1899,5607.6637,5607.6637,1003.0,0.178862,1,p:2.1.2.1.2.2
U3621,145,FUSE1,228963.5262,228963.5262,232041.4262,3077.9,3077.9,1003.0,0.325872,1,p:1.2.3.2.3.1
U3622,145,FUSE1,228973.2899,228973.2899,232092.2262,3118.9363,3118.9363,1003.0,0.321584,1,p:2.3.5.1.1.2
U3623,145,FUSE1,229079.5262,229079.5262,234593.4262,5513.9,5513.9,1003.0,0.181904,1,p:1.1.1.2.2.1
U3624,145,FUSE1,229089.2899,229089.2899,233639.9899,4550.7,4550.7,1003.0,0.220406,1,p:2.2.4.1.3.2
U3625,145,FUSE1,229195.5262,229195.5262,233085.4262,3889.9,3889.9,1003.0,0.257847,1,p:1.3.2.2.1.1
U3626,145,FUSE1,229205.2899,229205.2899,234223.1899,5017.9,5017.9,1003.0,0.199884,1,p:2.1.3.1.2.2
U3627,145,FUSE2,229311.5262,229311.5262,232969.4262,3657.9,3657.9,1035.4,0.283059,1,p:1.2.5.2.3.1
U3628,145,FUSE2,229321.2899,229321.2899,233020.2262,3698.9363,3698.9363,1035.4,0.279918,1,p:2.3.1.1.1.2
U3629,145,FUSE2,229427.5262,229427.5262,236217.4262,6789.9,6789.9,1035.4,0.152491,1,p:1.1.4.2.2.1
U3630,145,FUSE2,229437.2899,229437.2899,233136.2262,3698.9363,3698.9363,1035.4,0.279918,1,p:2.2.2.1.3.2
U3631,145,FUSE2,229543.5262,229543.5262,232505.4262,2961.9,2961.9,1035.4,0.349573,1,p:1.3.3.2.1.1
U3632,145,FUSE2,229553.2899,229553.2899,234687.1899,5133.9,5133.9,1035.4,0.201679,1,p:2.1.5.1.2.2
U3633,145,FUSE2,229659.5262,229659.5262,233549.4262,3889.9,3889.9,1035.4,0.266177,1,p:1.2.1.2.3.1
U3634,145,FUSE2,229672.4899,229672.4899,234361.4262,4688.9363,4688.9363,1035.4,0.220818,1,p:2.3.4.2.2.1
U3635,145,FUSE2,229775.5262,229775.5262,235151.1899,5375.6637,5375.6637,1035.4,0.192609,1,p:1.1.2.1.3.2
U2916,117,FUSE0,229788.4899,229788.4899,233407.9899,3619.5,3619.5,941.0,0.259981,1,p:2.2.3.1.1.2
U2917,117,FUSE0,229891.5262,229891.5262,233317.4262,3425.9,3425.9,941.0,0.274672,1,p:1.3.5.2.1.1
U2918,117,FUSE0,229904.4899,229904.4899,235499.1899,5594.7,5594.7,941.0,0.168195,1,p:2.1.1.1.2.2
U2919,117,FUSE0,230007.5262,230007.5262,233201.4262,3193.9,3193.9,941.0,0.294624,1,p:1.2.3.2.3.1
U2920,117,FUSE0,230022.0899,230022.0899,234803.1899,4781.1,4781.1,941.0,0.196817,1,p:2.3.4.1.1.2
U2921,117,FUSE0,230123.5262,230123.5262,235521.4262,5397.9,5397.9,941.0,0.174327,1,p:1.1.2.2.2.1
U2922,117,FUSE0,230138.0899,230138.0899,233291.9899,3153.9,3153.9,941.0,0.298361,1,p:2.2.5.1.3.2
U2923,117,FUSE0,230239.5262,230239.5262,234245.4262,4005.9,4005.9,941.0,0.234904,1,p:1.3.1.2.1.1
U2924,117,FUSE1,230332.7262,230332.7262,235731.1899,5398.4637,5398.4637,1003.0,0.185794,1,p:2.1.3.1.2.2
U2925,117,FUSE1,230355.5262,230355.5262,234941.4262,4585.9,4585.9,1003.0,0.218714,1,p:1.2.4.2.3.1
U2926,117,FUSE1,230448.7262,230448.7262,234107.1899,3658.4637,3658.4637,1003.0,0.274159,1,p:2.3.2.1.1.2
U2927,117,FUSE1,230471.5262,230471.5262,235637.4262,5165.9,5165.9,1003.0,0.194158,1,p:1.1.5.2.2.1
U2928,117,FUSE1,230564.7262,230564.7262,233755.9899,3191.2637,3191.2637,1003.0,0.314296,1,p:2.2.1.1.3.2
U2929,117,FUSE1,230587.5262,230587.5262,234477.4262,3889.9,3889.9,1003.0,0.257847,1,p:1.3.3.2.1.1
U2930,117,FUSE1,230680.7262,230680.7262,237355.1899,6674.4637,6674.4637,1003.0,0.150274,1,p:2.1.4.1.2.2
E170,360,FUSE0,230703.5262,230703.5262,233871.9899,3168.4637,3168.4637,941.0,0.296989,1,p:1.2.2.2.3.2
E171,360,FUSE0,230796.7262,230796.7262,235753.4262,4956.7,4956.7,941.0,0.189844,1,p:2.3.4.1.3.1
E172,360,FUSE0,230819.5262,230819.5262,235615.1899,4795.6637,4795.6637,941.0,0.196219,1,p:1.1.5.2.3.2
E173,360,FUSE0,230912.7262,230912.7262,234339.1899,3426.4637,3426.4637,941.0,0.274627,1,p:2.3.1.1.1.2
E174,360,FUSE0,230935.5262,230935.5262,233523.9899,2588.4637,2588.4637,941.0,0.363536,1,p:1.2.3.1.2.2
E175,360,FUSE0,231028.7262,231028.7262,236079.1899,5050.4637,5050.4637,941.0,0.18632,1,p:2.1.1.2.1.2
E176,360,FUSE0,231144.7262,231144.7262,233991.1899,2846.4637,2846.4637,941.0,0.330586,1,p:1.3.5.1.3.2
E177,360,FUSE0,231186.7262,231186.7262,235383.1899,4196.4637,4196.4637,941.0,0.224236,1,p:2.2.4.2.1.2
E178,360,FUSE0,231260.7262,231260.7262,236195.1899,4934.4637,4934.4637,941.0,0.1907,1,p:1.1.1.1.2.2
E179,360,FUSE0,231302.7262,231302.7262,234825.4262,3522.7,3522.7,941.0,0.267125,1,p:2.3.5.1.1.1
E180,360,FUSE0,231376.7262,231376.7262,235869.4262,4492.7,4492.7,941.0,0.209451,1,p:1.2.4.2.1.1
E181,360,FUSE1,231418.7262,231418.7262,236913.4262,5494.7,5494.7,1003.0,0.18254,1,p:2.1.2.2.1.1
E182,360,FUSE1,231492.7262,231492.7262,234571.1899,3078.4637,3078.4637,1003.0,0.325812,1,p:1.3.1.2.3.2
E183,360,FUSE1,231534.7262,231534.7262,234709.4262,3174.7,3174.7,1003.0,0.315935,1,p:2.2.3.2.3.1
E184,360,FUSE1,231608.7262,231608.7262,236333.4262,4724.7,4724.7,1003.0,0.212289,1,p:1.1.3.1.2.1
E185,360,FUSE1,231711.1262,231711.1262,235173.4262,3462.3,3462.3,1003.0,0.289692,1,p:2.2.2.2.1.1
E186,360,FUSE1,231724.7262,231724.7262,234919.1899,3194.4637,3194.4637,1003.0,0.313981,1,p:1.3.1.2.3.2
E187,360,FUSE1,231827.1262,231827.1262,237029.4262,5202.3,5202.3,1003.0,0.192799,1,p:2.1.5.2.1.1
E188,360,FUSE1,231840.7262,231840.7262,235405.4262,3564.7,3564.7,1003.0,0.28137,1,p:1.2.3.1.1.1
E189,360,FUSE1,231943.1262,231943.1262,235267.1899,3324.0637,3324.0637,1003.0,0.301739,1,p:2.3.5.1.1.2
E190,360,FUSE1,231956.7262,231956.7262,237007.1899,5050.4637,5050.4637,1003.0,0.198596,1,p:1.1.2.1.2.2
E191,360,FUSE1,232072.7262,232072.7262,236681.4262,4608.7,4608.7,1003.0,0.217632,1,p:2.2.4.2.1.1
E192,360,FUSE1,232123.5262,232123.5262,235289.4262,3165.9,3165.9,1003.0,0.316814,1,p:1.3.3.2.3.1
E193,360,FUSE1,232188.7262,232188.7262,236659.1899,4470.4637,4470.4637,1003.0,0.224362,1,p:2.1.1.2.2.2
E194,360,FUSE2,232239.5262,232239.5262,235057.4262,2817.9,2817.9,1035.4,0.367437,1,p:1.2.5.2.2.1
E195,360,FUSE2,232304.7262,232304.7262,236891.1899,4586.4637,4586.4637,1035.4,0.225751,1,p:2.3.4.1.1.2
E196,360,FUSE2,232355.5262,232355.5262,236311.1899,3955.6637,3955.6637,1035.4,0.261751,1,p:1.1.3.2.2.2
E197,360,FUSE2,232420.7262,232420.7262,236101.4262,3680.7,3680.7,1035.4,0.281305,1,p:2.2.1.1.1.1
E198,360,FUSE2,232471.5262,232471.5262,235963.1899,3491.6637,3491.6637,1035.4,0.296535,1,p:1.3.2.1.1.2
E199,360,FUSE2,232536.7262,232536.7262,238653.4262,6116.7,6116.7,1035.4,0.169274,1,p:2.1.4.1.3.1
E200,360,FUSE2,232587.5262,232587.5262,237145.4262,4557.9,4557.9,1035.4,0.227166,1,p:1.2.4.1.2.1
E201,360,FUSE2,232652.7262,232652.7262,235985.4262,3332.7,3332.7,1035.4,0.310679,1,p:2.3.1.2.3.1
E202,360,FUSE2,232703.5262,232703.5262,237493.4262,4789.9,4789.9,1035.4,0.216163,1,p:1.1.5.2.2.1
E203,360,FUSE2,232768.7262,232768.7262,235847.1899,3078.4637,3078.4637,1035.4,0.336337,1,p:2.2.3.1.3.2
E204,360,FUSE2,232819.5262,232819.5262,236449.4262,3629.9,3629.9,1035.4,0.285242,1,p:1.3.2.1.3.1
E205,360,FUSE2,232884.7262,232884.7262,237703.1899,4818.4637,4818.4637,1035.4,0.214882,1,p:2.1.2.1.2.2
U2931,117,FUSE1,232935.5262,232935.5262,236565.4262,3629.9,3629.9,1003.0,0.276316,1,p:1.2.2.2.3.1
U2932,117,FUSE2,233000.7262,233000.7262,236543.1899,3542.4637,3542.4637,1035.4,0.292282,1,p:2.3.5.1.1.2
U2933,117,FUSE2,233051.5262,233051.5262,238189.4262,5137.9,5137.9,1035.4,0.201522,1,p:1.1.1.2.2.1
U2934,117,FUSE2,233116.7262,233116.7262,236427.1899,3310.4637,3310.4637,1035.4,0.312766,1,p:2.2.3.1.3.2
U2935,117,FUSE2,233167.5262,233167.5262,238073.4262,4905.9,4905.9,1035.4,0.211052,1,p:1.3.4.2.1.1
U2936,117,FUSE2,233232.7262,233232.7262,238418.3899,5185.6637,5185.6637,1035.4,0.199666,1,p:2.1.2.1.2.2
U2937,117,FUSE2,233323.2899,233323.2899,236797.4262,3474.1363,3474.1363,1035.4,0.298031,1,p:1.2.5.2.3.1
U2938,117,FUSE2,233348.7262,233348.7262,237239.1899,3890.4637,3890.4637,1035.4,0.266138,1,p:2.3.1.1.1.2
U2939,117,FUSE2,233439.2899,233439.2899,238769.4262,5330.1363,5330.1363,1035.4,0.194254,1,p:1.1.3.2.1.1
U6152,246,FUSE0,233464.7262,233464.7262,237841.4262,4376.7,4376.7,941.0,0.215002,1,p:2.2.4.2.2.1
U6153,246,FUSE0,233555.2899,233555.2899,237123.1899,3567.9,3567.9,941.0,0.263741,1,p:1.3.2.1.3.2
U6154,246,FUSE0,233580.7262,233580.7262,238051.1899,4470.4637,4470.4637,941.0,0.210493,1,p:2.1.5.1.2.2
U6155,246,FUSE0,233671.2899,233671.2899,237261.4262,3590.1363,3590.1363,941.0,0.262107,1,p:1.2.1.2.3.1
U6156,246,FUSE0,233696.7262,233696.7262,238559.8262,4863.1,4863.1,941.0,0.193498,1,p:2.3.4.1.1.2
U6157,246,FUSE0,233787.2899,233787.2899,239233.4262,5446.1363,5446.1363,941.0,0.172783,1,p:1.1.2.2.2.1
U6158,246,FUSE0,233812.7262,233812.7262,236775.1899,2962.4637,2962.4637,941.0,0.317641,1,p:2.2.3.1.3.2
U6159,246,FUSE0,233903.2899,233903.2899,237377.4262,3474.1363,3474.1363,941.0,0.270859,1,p:1.3.5.2.1.1
U6160,246,FUSE0,233928.7262,233928.7262,238675.8262,4747.1,4747.1,941.0,0.198226,1,p:2.1.1.1.2.2
U6161,246,FUSE1,234022.4899,234022.4899,238421.4262,4398.9363,4398.9363,1003.0,0.22801,1,p:1.2.4.2.3.1
U6162,246,FUSE1,234044.7262,234044.7262,237935.1899,3890.4637,3890.4637,1003.0,0.25781,1,p:2.3.2.1.1.2
U6163,246,FUSE1,234138.4899,234138.4899,238885.4262,4746.9363,4746.9363,1003.0,0.211294,1,p:1.1.3.2.2.1
U6164,246,FUSE1,234160.7262,234160.7262,237471.1899,3310.4637,3310.4637,1003.0,0.302979,1,p:2.2.5.1.3.2
U6165,246,FUSE1,234254.4899,234254.4899,237725.4262,3470.9363,3470.9363,1003.0,0.288971,1,p:1.3.1.2.1.1
U6166,246,FUSE1,234276.7262,234276.7262,240146.6262,5869.9,5869.9,1003.0,0.170872,1,p:2.1.4.1.2.2
U6167,246,FUSE1,234370.4899,234370.4899,237957.4262,3586.9363,3586.9363,1003.0,0.279626,1,p:1.2.2.2.3.1
U6168,246,FUSE1,234392.7262,234392.7262,237587.1899,3194.4637,3194.4637,1003.0,0.313981,1,p:2.3.3.1.1.2
U6169,246,FUSE1,234486.4899,234486.4899,239349.4262,4862.9363,4862.9363,1003.0,0.206254,1,p:1.1.5.2.2.1
U6170,246,FUSE2,234508.7262,234508.7262,237819.1899,3310.4637,3310.4637,1035.4,0.312766,1,p:2.2.1.1.3.2
U6171,246,FUSE2,234602.4899,234602.4899,239813.4262,5210.9363,5210.9363,1035.4,0.198697,1,p:1.3.4.2.1.1
U6172,246,FUSE2,234624.7262,234624.7262,239914.6262,5289.9,5289.9,1035.4,0.195731,1,p:2.1.2.1.2.2
U6173,246,FUSE2,234718.4899,234718.4899,237609.4262,2890.9363,2890.9363,1035.4,0.358154,1,p:1.2.3.2.3.1
U6174,246,FUSE2,234740.7262,234740.7262,238302.3899,3561.6637,3561.6637,1035.4,0.290707,1,p:2.3.5.1.1.2
U6175,246,FUSE2,234834.4899,234834.4899,239581.4262,4746.9363,4746.9363,1035.4,0.21812,1,p:1.1.1.2.2.1
U6176,246,FUSE2,234856.7262,234856.7262,239139.8262,4283.1,4283.1,1035.4,0.241741,1,p:2.2.4.1.3.2
U6177,246,FUSE2,234950.4899,234950.4899,239117.4262,4166.9363,4166.9363,1035.4,0.24848,1,p:1.3.2.2.1.1
U6178,246,FUSE2,234972.7262,234972.7262,239391.8262,4419.1,4419.1,1035.4,0.234301,1,p:2.1.3.1.2.2
U410,17,FUSE0,235066.4899,235066.4899,238305.4262,3238.9363,3238.9363,941.0,0.290527,1,p:1.2.5.2.3.1
U411,17,FUSE0,235088.7262,235088.7262,239023.8262,3935.1,3935.1,941.0,0.23913,1,p:2.3.1.1.1.2
U412,17,FUSE0,235182.4899,235182.4899,240857.4262,5674.9363,5674.9363,941.0,0.165817,1,p:1.1.4.2.2.1
U413,17,FUSE0,235204.7262,235204.7262,238791.8262,3587.1,3587.1,941.0,0.262329,1,p:2.2.2.1.3.2
U414,17,FUSE0,235298.4899,235298.4899,238537.4262,3238.9363,3238.9363,941.0,0.290527,1,p:1.3.3.2.1.1
U415,17,FUSE0,235320.7262,235320.7262,239566.6262,4245.9,4245.9,941.0,0.221626,1,p:2.1.5.1.2.2
U416,17,FUSE0,235414.4899,235414.4899,239001.4262,3586.9363,3586.9363,941.0,0.262341,1,p:1.2.1.2.3.1
U417,17,FUSE0,235436.7262,235436.7262,240378.6262,4941.9,4941.9,941.0,0.190413,1,p:2.3.4.1.1.2
U418,17,FUSE0,235530.4899,235530.4899,240625.4262,5094.9363,5094.9363,941.0,0.184693,1,p:1.1.2.2.2.1
U419,17,FUSE1,235552.7262,235552.7262,238186.3899,2633.6637,2633.6637,1003.0,0.380838,1,p:2.2.3.1.3.2
U420,17,FUSE1,235646.4899,235646.4899,239465.4262,3818.9363,3818.9363,1003.0,0.262639,1,p:1.3.5.2.1.1
U421,17,FUSE1,235668.7262,235668.7262,240726.6262,5057.9,5057.9,1003.0,0.198304,1,p:2.1.1.1.2.2
U422,17,FUSE1,235762.4899,235762.4899,240277.4262,4514.9363,4514.9363,1003.0,0.222152,1,p:1.2.4.2.3.1
U423,17,FUSE1,235784.7262,235784.7262,240030.6262,4245.9,4245.9,1003.0,0.236228,1,p:2.3.2.1.1.2
U424,17,FUSE1,235878.4899,235878.4899,240393.4262,4514.9363,4514.9363,1003.0,0.222152,1,p:1.1.3.2.2.1
U425,17,FUSE1,235900.7262,235900.7262,238907.8262,3007.1,3007.1,1003.0,0.333544,1,p:2.2.5.1.3.2
U426,17,FUSE1,235994.4899,235994.4899,240045.4262,4050.9363,4050.9363,1003.0,0.247597,1,p:1.3.1.2.1.1
U427,17,FUSE1,236016.7262,236016.7262,241667.4262,5650.7,5650.7,1003.0,0.1775,1,p:2.1.4.1.2.2
U428,17,FUSE2,236110.4899,236110.4899,239929.4262,3818.9363,3818.9363,1035.4,0.271123,1,p:1.2.2.2.3.1
U429,17,FUSE2,236132.7262,236132.7262,239798.6262,3665.9,3665.9,1035.4,0.282441,1,p:2.3.3.1.1.2
U430,17,FUSE2,236226.4899,236226.4899,241089.4262,4862.9363,4862.9363,1035.4,0.212917,1,p:1.1.5.2.2.1
U431,17,FUSE2,236248.7262,236248.7262,239682.6262,3433.9,3433.9,1035.4,0.301523,1,p:2.2.1.1.3.2
U432,17,FUSE2,236342.4899,236342.4899,241553.4262,5210.9363,5210.9363,1035.4,0.198697,1,p:1.3.4.2.1.1
U433,17,FUSE2,236364.7262,236364.7262,241317.8262,4953.1,4953.1,1035.4,0.209041,1,p:2.1.2.1.2.2
U434,17,FUSE2,236458.4899,236458.4899,239697.4262,3238.9363,3238.9363,1035.4,0.319673,1,p:1.2.3.2.3.1
U435,17,FUSE2,236480.7262,236480.7262,240262.6262,3781.9,3781.9,1035.4,0.273778,1,p:2.3.5.1.1.2
U436,17,FUSE2,236574.4899,236574.4899,242017.4262,5442.9363,5442.9363,1035.4,0.190228,1,p:1.1.1.2.2.1
U1737,70,FUSE0,236596.7262,236596.7262,241074.6262,4477.9,4477.9,941.0,0.210143,1,p:2.2.4.1.3.2
U1738,70,FUSE0,236690.4899,236690.4899,241205.4262,4514.9363,4514.9363,941.0,0.208419,1,p:1.3.2.2.1.1
U1739,70,FUSE0,236712.7262,236712.7262,241190.6262,4477.9,4477.9,941.0,0.210143,1,p:2.1.3.1.2.2
U1740,70,FUSE0,236806.4899,236806.4899,240161.4262,3354.9363,3354.9363,941.0,0.280482,1,p:1.2.5.2.3.1
U1741,70,FUSE0,236828.7262,236828.7262,240958.6262,4129.9,4129.9,941.0,0.227851,1,p:2.3.1.1.1.2
U1742,70,FUSE0,236922.4899,236922.4899,242597.4262,5674.9363,5674.9363,941.0,0.165817,1,p:1.1.4.2.2.1
U1743,70,FUSE0,236944.7262,236944.7262,240610.6262,3665.9,3665.9,941.0,0.25669,1,p:2.2.2.1.3.2
U1744,70,FUSE0,237038.4899,237038.4899,240741.4262,3702.9363,3702.9363,941.0,0.254123,1,p:1.3.3.2.1.1
U1745,70,FUSE1,237060.7262,237060.7262,241899.4262,4838.7,4838.7,1003.0,0.207287,1,p:2.1.5.1.2.2
U1746,70,FUSE1,237154.4899,237154.4899,240509.4262,3354.9363,3354.9363,1003.0,0.298962,1,p:1.2.1.2.3.1
U1747,70,FUSE1,237176.7262,237176.7262,241783.4262,4606.7,4606.7,1003.0,0.217726,1,p:2.3.4.1.1.2
U1748,70,FUSE1,237270.4899,237270.4899,242713.4262,5442.9363,5442.9363,1003.0,0.184276,1,p:1.1.2.2.2.1
U1749,70,FUSE1,237292.7262,237292.7262,240494.6262,3201.9,3201.9,1003.0,0.313252,1,p:2.2.3.1.3.2
U1750,70,FUSE1,237386.4899,237386.4899,240973.4262,3586.9363,3586.9363,1003.0,0.279626,1,p:1.3.5.2.1.1
U1751,70,FUSE1,237408.7262,237408.7262,242827.4262,5418.7,5418.7,1003.0,0.1851,1,p:2.1.1.1.2.2
U1752,70,FUSE1,237502.4899,237502.4899,241901.4262,4398.9363,4398.9363,1003.0,0.22801,1,p:1.2.4.2.3.1
U1753,70,FUSE2,237524.7262,237524.7262,241549.8262,4025.1,4025.1,1035.4,0.257236,1,p:2.3.2.1.1.2
U1754,70,FUSE2,237618.4899,237618.4899,242365.4262,4746.9363,4746.9363,1035.4,0.21812,1,p:1.1.3.2.2.1
U1755,70,FUSE2,237640.7262,237640.7262,240842.6262,3201.9,3201.9,1035.4,0.32337,1,p:2.2.5.1.3.2
U1756,70,FUSE2,237734.4899,237734.4899,241785.4262,4050.9363,4050.9363,1035.4,0.255595,1,p:1.3.1.2.1.1
U1757,70,FUSE2,237756.7262,237756.7262,243639.4262,5882.7,5882.7,1035.4,0.176008,1,p:2.1.4.1.2.2
U1758,70,FUSE2,237850.4899,237850.4899,241669.4262,3818.9363,3818.9363,1035.4,0.271123,1,p:1.2.2.2.3.1
U1759,70,FUSE2,237872.7262,237872.7262,241433.8262,3561.1,3561.1,1035.4,0.290753,1,p:2.3.3.1.1.2
U1760,70,FUSE2,237966.4899,237966.4899,242711.4262,4744.9363,4744.9363,1035.4,0.218212,1,p:1.1.5.1.3.2
U5358,214,FUSE0,237988.7262,237988.7262,241321.4262,3332.7,3332.7,941.0,0.282354,1,p:2.2.1.2.2.1
U5359,214,FUSE0,238082.4899,238082.4899,243061.4262,4978.9363,4978.9363,941.0,0.188996,1,p:1.3.4.2.1.1
U5360,214,FUSE0,238104.7262,238104.7262,243407.4262,5302.7,5302.7,941.0,0.177457,1,p:2.1.2.1.2.2
U5361,214,FUSE0,238217.6899,238217.6899,241437.4262,3219.7363,3219.7363,941.0,0.29226,1,p:1.2.3.2.3.1
U5362,214,FUSE0,238220.7262,238220.7262,242479.4262,4258.7,4258.7,941.0,0.220959,1,p:2.3.1.1.1.2
U5363,214,FUSE0,238333.6899,238333.6899,243293.4262,4959.7363,4959.7363,941.0,0.189728,1,p:1.1.5.2.2.1
U5364,214,FUSE0,238336.7262,238336.7262,242363.4262,4026.7,4026.7,941.0,0.23369,1,p:2.2.4.1.3.2
U5365,214,FUSE0,238449.6899,238449.6899,242829.4262,4379.7363,4379.7363,941.0,0.214853,1,p:1.3.2.2.1.1
U5366,214,FUSE1,238452.7262,238452.7262,243175.4262,4722.7,4722.7,1003.0,0.212379,1,p:2.1.3.1.2.2
U5367,214,FUSE1,238568.7262,238568.7262,242249.4262,3680.7,3680.7,1003.0,0.272503,1,p:1.2.1.2.3.1
U5368,214,FUSE1,238591.1262,238591.1262,242131.4262,3540.3,3540.3,1003.0,0.283309,1,p:2.3.5.1.1.2
U5369,214,FUSE1,238684.7262,238684.7262,244453.4262,5768.7,5768.7,1003.0,0.173869,1,p:1.1.4.2.2.1
U5370,214,FUSE1,238707.1262,238707.1262,242595.4262,3888.3,3888.3,1003.0,0.257953,1,p:2.2.2.1.3.2
U5371,214,FUSE1,238800.7262,238800.7262,242481.4262,3680.7,3680.7,1003.0,0.272503,1,p:1.3.3.2.1.1
U5372,214,FUSE1,238823.1262,238823.1262,244103.4262,5280.3,5280.3,1003.0,0.189951,1,p:2.1.1.1.2.2
U5373,214,FUSE1,238916.7262,238916.7262,242133.4262,3216.7,3216.7,1003.0,0.31181,1,p:1.2.5.2.3.1
U5374,214,FUSE2,238939.1262,238939.1262,243523.4262,4584.3,4584.3,1035.4,0.225858,1,p:2.3.4.1.1.2
U5375,214,FUSE2,239032.7262,239032.7262,244685.4262,5652.7,5652.7,1035.4,0.183169,1,p:1.1.2.2.2.1
U5376,214,FUSE2,239055.1262,239055.1262,242015.4262,2960.3,2960.3,1035.4,0.349762,1,p:2.2.3.1.3.2
U5377,214,FUSE2,239148.7262,239148.7262,243177.4262,4028.7,4028.7,1035.4,0.257006,1,p:1.3.1.2.1.1
U5378,214,FUSE2,239171.1262,239171.1262,243871.4262,4700.3,4700.3,1035.4,0.220284,1,p:2.1.5.1.2.2
U5379,214,FUSE2,239264.7262,239264.7262,243525.4262,4260.7,4260.7,1035.4,0.243012,1,p:1.2.4.2.3.1
U5380,214,FUSE2,239380.7262,239380.7262,243755.4262,4374.7,4374.7,1035.4,0.236679,1,p:2.3.2.1.1.2
U5381,214,FUSE2,239423.1262,239423.1262,244337.4262,4914.3,4914.3,1035.4,0.210691,1,p:1.1.3.2.1.1
U5202,208,FUSE0,239496.7262,239496.7262,242945.4262,3448.7,3448.7,941.0,0.272856,1,p:2.2.1.2.2.1
U5203,208,FUSE0,239597.9262,239597.9262,242247.4262,2649.5,2649.5,941.0,0.355161,1,p:1.3.5.1.3.2
U5204,208,FUSE0,239612.7262,239612.7262,245727.4262,6114.7,6114.7,941.0,0.153891,1,p:2.1.4.1.2.2
U5205,208,FUSE0,239713.9262,239713.9262,243409.4262,3695.5,3695.5,941.0,0.254634,1,p:1.2.2.2.3.1
U5206,208,FUSE0,239728.7262,239728.7262,243987.4262,4258.7,4258.7,941.0,0.220959,1,p:2.3.1.1.1.2
U5207,208,FUSE0,239829.9262,239829.9262,244917.4262,5087.5,5087.5,941.0,0.184963,1,p:1.1.5.2.2.1
U5208,208,FUSE0,239844.7262,239844.7262,242943.4262,3098.7,3098.7,941.0,0.303676,1,p:2.2.3.1.3.2
U5209,208,FUSE0,239945.9262,239945.9262,244569.4262,4623.5,4623.5,941.0,0.203525,1,p:1.3.4.2.1.1
U5210,208,FUSE0,239960.7262,239960.7262,245031.4262,5070.7,5070.7,941.0,0.185576,1,p:2.1.2.1.2.2
U5211,208,FUSE1,240061.9262,240061.9262,243873.4262,3811.5,3811.5,1003.0,0.263151,1,p:1.2.1.2.3.1
U5212,208,FUSE1,240076.7262,240076.7262,243059.4262,2982.7,2982.7,1003.0,0.336273,1,p:2.3.5.1.1.2
U5213,208,FUSE1,240177.9262,240177.9262,245149.4262,4971.5,4971.5,1003.0,0.20175,1,p:1.1.3.2.2.1
U5214,208,FUSE1,240192.7262,240192.7262,244451.4262,4258.7,4258.7,1003.0,0.235518,1,p:2.2.4.1.3.2
U5215,208,FUSE1,240293.9262,240293.9262,244221.4262,3927.5,3927.5,1003.0,0.255379,1,p:1.3.2.2.1.1
U5216,208,FUSE1,240308.7262,240308.7262,246307.4262,5998.7,5998.7,1003.0,0.167203,1,p:2.1.1.1.2.2
U5217,208,FUSE1,240409.9262,240409.9262,243641.4262,3231.5,3231.5,1003.0,0.310382,1,p:1.2.5.2.3.1
U5218,208,FUSE1,240424.7262,240424.7262,243291.4262,2866.7,2866.7,1003.0,0.34988,1,p:2.3.3.1.1.2
U5219,208,FUSE1,240525.9262,240525.9262,247353.4262,6827.5,6827.5,1003.0,0.146906,1,p:1.1.4.2.2.1
U5220,208,FUSE2,240540.7262,240540.7262,244335.4262,3794.7,3794.7,1035.4,0.272854,1,p:2.2.2.1.3.2
U5221,208,FUSE2,240641.9262,240641.9262,244801.4262,4159.5,4159.5,1035.4,0.248924,1,p:1.3.1.2.1.1
U5222,208,FUSE2,240656.7262,240656.7262,245611.4262,4954.7,4954.7,1035.4,0.208973,1,p:2.1.5.1.2.2
U5223,208,FUSE2,240757.9262,240757.9262,243757.4262,2999.5,2999.5,1035.4,0.345191,1,p:1.2.3.2.3.1
U5224,208,FUSE2,240772.7262,240772.7262,244915.4262,4142.7,4142.7,1035.4,0.249934,1,p:2.3.4.1.1.2
U5225,208,FUSE2,240873.9262,240873.9262,246541.4262,5667.5,5667.5,1035.4,0.182691,1,p:1.1.2.2.2.1
U5226,208,FUSE2,240888.7262,240888.7262,244567.4262,3678.7,3678.7,1035.4,0.281458,1,p:2.2.1.1.3.2
U5227,208,FUSE2,240989.9262,240989.9262,244105.4262,3115.5,3115.5,1035.4,0.332338,1,p:1.3.5.2.3.1
U1613,65,FUSE0,241004.7262,241004.7262,246191.4262,5186.7,5186.7,941.0,0.181426,1,p:2.1.3.1.2.2
U1614,65,FUSE0,241105.9262,241105.9262,245729.4262,4623.5,4623.5,941.0,0.203525,1,p:1.2.4.2.1.1
U1615,65,FUSE0,241120.7262,241120.7262,244799.4262,3678.7,3678.7,941.0,0.255797,1,p:2.3.2.1.1.2
U1616,65,FUSE0,241221.9262,241221.9262,246425.4262,5203.5,5203.5,941.0,0.18084,1,p:1.1.3.2.1.1
U1617,65,FUSE0,241236.7262,241236.7262,245379.4262,4142.7,4142.7,941.0,0.227147,1,p:2.2.4.1.3.2
U1618,65,FUSE0,241349.1262,241349.1262,245265.4262,3916.3,3916.3,941.0,0.240278,1,p:1.3.1.2.2.1
U1619,65,FUSE0,241352.7262,241352.7262,246655.4262,5302.7,5302.7,941.0,0.177457,1,p:2.1.5.1.2.2
U1620,65,FUSE0,241465.1262,241465.1262,245381.4262,3916.3,3916.3,941.0,0.240278,1,p:1.2.2.2.3.1
U1621,65,FUSE1,241468.7262,241468.7262,244219.4262,2750.7,2750.7,1003.0,0.364634,1,p:2.3.3.1.3.2
U1622,65,FUSE1,241581.1262,241581.1262,248165.4262,6584.3,6584.3,1003.0,0.152332,1,p:1.1.4.2.2.1
U1623,65,FUSE1,241584.7262,241584.7262,245147.4262,3562.7,3562.7,1003.0,0.281528,1,p:2.2.1.1.1.2
U1624,65,FUSE1,241698.7262,241698.7262,245033.4262,3334.7,3334.7,1003.0,0.300777,1,p:1.3.5.2.1.1
U1625,65,FUSE1,241700.7262,241700.7262,247815.4262,6114.7,6114.7,1003.0,0.164031,1,p:2.1.2.1.2.2
U1626,65,FUSE1,241814.7262,241814.7262,243989.4262,2174.7,2174.7,1003.0,0.461213,1,p:1.2.3.2.2.1
U1627,65,FUSE1,241816.7262,241816.7262,246539.4262,4722.7,4722.7,1003.0,0.212379,1,p:2.3.4.1.1.2
U1628,65,FUSE1,241930.7262,241930.7262,246773.4262,4842.7,4842.7,1003.0,0.207116,1,p:1.1.1.2.3.1
U1629,65,FUSE1,241932.7262,241932.7262,244683.4262,2750.7,2750.7,1003.0,0.364634,1,p:2.2.5.1.3.2
U1630,65,FUSE2,242046.7262,242046.7262,246077.4262,4030.7,4030.7,1035.4,0.256878,1,p:1.3.2.2.1.1
U1631,65,FUSE2,242048.7262,242048.7262,247235.4262,5186.7,5186.7,1035.4,0.199626,1,p:2.1.3.1.1.2
U1632,65,FUSE2,242162.7262,242162.7262,245961.4262,3798.7,3798.7,1035.4,0.272567,1,p:1.2.4.2.3.1
U1633,65,FUSE2,242164.7262,242164.7262,245263.4262,3098.7,3098.7,1035.4,0.33414,1,p:2.3.1.1.2.2
U1634,65,FUSE2,242278.7262,242278.7262,247469.4262,5190.7,5190.7,1035.4,0.199472,1,p:1.1.5.2.2.1
U1635,65,FUSE2,242280.7262,242280.7262,245843.4262,3562.7,3562.7,1035.4,0.290622,1,p:2.2.2.1.3.2
U1636,65,FUSE2,242394.7262,242394.7262,245497.4262,3102.7,3102.7,1035.4,0.333709,1,p:1.3.3.2.3.1
U1637,65,FUSE2,242396.7262,242396.7262,248511.4262,6114.7,6114.7,1035.4,0.16933,1,p:2.1.4.1.2.2
U1638,65,FUSE2,242510.7262,242510.7262,246193.4262,3682.7,3682.7,1035.4,0.281152,1,p:1.2.1.2.2.1
U203,9,FUSE0,242512.7262,242512.7262,245495.4262,2982.7,2982.7,941.0,0.315486,1,p:2.3.5.1.1.2
U204,9,FUSE0,242626.7262,242626.7262,248513.4262,5886.7,5886.7,941.0,0.159852,1,p:1.1.2.1.3.1
U205,9,FUSE0,242628.7262,242628.7262,246075.4262,3446.7,3446.7,941.0,0.273015,1,p:2.2.5.2.1.2
U206,9,FUSE0,242742.7262,242742.7262,245959.4262,3216.7,3216.7,941.0,0.292536,1,p:1.3.3.1.1.2
U207,9,FUSE0,242744.7262,242744.7262,248163.4262,5418.7,5418.7,941.0,0.173658,1,p:2.1.4.2.3.2
U208,9,FUSE0,242858.7262,242858.7262,247121.4262,4262.7,4262.7,941.0,0.220752,1,p:1.2.1.1.2.1
U209,9,FUSE0,242860.7262,242860.7262,246889.4262,4028.7,4028.7,941.0,0.233574,1,p:2.3.2.2.2.1
U210,9,FUSE0,242974.7262,242974.7262,247119.4262,4144.7,4144.7,941.0,0.227037,1,p:1.1.5.1.3.2
U211,9,FUSE1,242976.7262,242976.7262,245613.4262,2636.7,2636.7,1003.0,0.3804,1,p:2.2.3.2.3.1
U212,9,FUSE1,243090.7262,243090.7262,247699.4262,4608.7,4608.7,1003.0,0.217632,1,p:1.3.4.1.2.2
U213,9,FUSE1,243092.7262,243092.7262,249325.4262,6232.7,6232.7,1003.0,0.160925,1,p:2.1.1.2.1.1
U214,9,FUSE1,243206.7262,243206.7262,246887.4262,3680.7,3680.7,1003.0,0.272503,1,p:1.2.2.1.1.2
U215,9,FUSE1,243208.7262,243208.7262,245845.4262,2636.7,2636.7,1003.0,0.3804,1,p:2.3.5.2.2.1
U216,9,FUSE1,243322.7262,243322.7262,248743.4262,5420.7,5420.7,1003.0,0.185031,1,p:1.1.3.1.2.2
U217,9,FUSE1,243324.7262,243324.7262,247237.4262,3912.7,3912.7,1003.0,0.256345,1,p:2.2.4.2.1.1
U218,9,FUSE1,243438.7262,243438.7262,246423.4262,2984.7,2984.7,1003.0,0.336047,1,p:1.3.1.1.3.2
U219,9,FUSE2,243440.7262,243440.7262,249209.4262,5768.7,5768.7,1035.4,0.179486,1,p:2.1.2.2.3.1
U220,9,FUSE2,243554.7262,243554.7262,246771.4262,3216.7,3216.7,1035.4,0.321883,1,p:1.2.5.1.1.2
U221,9,FUSE2,243556.7262,243556.7262,246657.4262,3100.7,3100.7,1035.4,0.333925,1,p:2.3.3.2.1.1
U222,9,FUSE2,243670.7262,243670.7262,249323.4262,5652.7,5652.7,1035.4,0.183169,1,p:1.1.4.1.3.2
U223,9,FUSE2,243672.7262,243672.7262,247701.4262,4028.7,4028.7,1035.4,0.257006,1,p:2.2.1.2.2.1
U224,9,FUSE2,243786.7262,243786.7262,248395.4262,4608.7,4608.7,1035.4,0.224662,1,p:1.3.2.1.2.2
U225,9,FUSE2,243788.7262,243788.7262,248627.4262,4838.7,4838.7,1035.4,0.213983,1,p:2.1.5.1.3.2
U4985,199,FUSE0,243902.7262,243902.7262,246309.4262,2406.7,2406.7,941.0,0.390992,1,p:1.2.3.2.3.1
U4986,199,FUSE0,243904.7262,243904.7262,248397.4262,4492.7,4492.7,941.0,0.209451,1,p:2.3.4.2.2.1
E206,354,FUSE0,244018.7262,244018.7262,250137.4262,6118.7,6118.7,941.0,0.153791,1,p:1.1.4.1.1.1
E207,354,FUSE0,244020.7262,244020.7262,247583.4262,3562.7,3562.7,941.0,0.264126,1,p:2.3.2.2.1.2
E208,354,FUSE0,244134.7262,244134.7262,247351.4262,3216.7,3216.7,941.0,0.292536,1,p:1.2.1.2.1.2
E209,354,FUSE0,244136.7262,244136.7262,249207.4262,5070.7,5070.7,941.0,0.185576,1,p:2.1.3.1.2.2
E210,354,FUSE0,244250.7262,244250.7262,247467.4262,3216.7,3216.7,941.0,0.292536,1,p:1.3.1.1.3.2
E211,354,FUSE0,244252.7262,244252.7262,247817.4262,3564.7,3564.7,941.0,0.263977,1,p:2.2.2.1.3.1
E212,354,FUSE0,244366.7262,244366.7262,248281.4262,3914.7,3914.7,941.0,0.240376,1,p:1.3.2.1.3.1
E213,354,FUSE0,244368.7262,244368.7262,247933.4262,3564.7,3564.7,941.0,0.263977,1,p:2.2.4.2.1.1
E214,354,FUSE0,244482.7262,244482.7262,249967.4262,5484.7,5484.7,941.0,0.171568,1,p:1.1.2.2.2.2
E215,354,FUSE0,244484.7262,244484.7262,248047.4262,3562.7,3562.7,941.0,0.264126,1,p:2.2.1.2.1.2
E216,354,FUSE1,244598.7262,244598.7262,247003.4262,2404.7,2404.7,1003.0,0.4171,1,p:1.3.3.1.3.2
E217,354,FUSE1,244600.7262,244600.7262,250199.4262,5598.7,5598.7,1003.0,0.179149,1,p:2.1.4.1.3.2
E218,354,FUSE1,244714.7262,244714.7262,247005.4262,2290.7,2290.7,1003.0,0.437857,1,p:1.2.5.1.3.1
E219,354,FUSE1,244716.7262,244716.7262,248279.4262,3562.7,3562.7,1003.0,0.281528,1,p:2.3.1.2.1.2
E220,354,FUSE1,244830.7262,244830.7262,249557.4262,4726.7,4726.7,1003.0,0.212199,1,p:1.1.5.1.2.1
E221,354,FUSE1,244832.7262,244832.7262,247585.4262,2752.7,2752.7,1003.0,0.36437,1,p:2.2.3.1.3.1
E222,354,FUSE1,244946.7262,244946.7262,248859.4262,3912.7,3912.7,1003.0,0.256345,1,p:1.3.2.1.2.2
E223,354,FUSE1,244948.7262,244948.7262,250601.4262,5652.7,5652.7,1003.0,0.177437,1,p:2.1.2.1.3.1
E224,354,FUSE1,245062.7262,245062.7262,248977.4262,3914.7,3914.7,1003.0,0.256214,1,p:1.2.1.2.1.1
E225,354,FUSE1,245064.7262,245064.7262,249093.4262,4028.7,4028.7,1003.0,0.248964,1,p:2.3.4.2.1.1
E226,354,FUSE1,245178.7262,245178.7262,250083.4262,4904.7,4904.7,1003.0,0.204498,1,p:1.1.3.1.3.2
E227,354,FUSE1,245180.7262,245180.7262,247931.4262,2750.7,2750.7,1003.0,0.364634,1,p:2.2.3.1.3.2
E228,354,FUSE1,245294.7262,245294.7262,248861.4262,3566.7,3566.7,1003.0,0.281212,1,p:1.3.2.2.3.1
E229,354,FUSE1,245296.7262,245296.7262,250949.4262,5652.7,5652.7,1003.0,0.177437,1,p:2.1.1.2.1.1
E230,354,FUSE2,245410.7262,245410.7262,248049.4262,2638.7,2638.7,1035.4,0.39239,1,p:1.2.5.2.1.1
E231,354,FUSE2,245412.7262,245412.7262,249441.4262,4028.7,4028.7,1035.4,0.257006,1,p:2.3.4.2.1.1
E232,354,FUSE2,245526.7262,245526.7262,250253.4262,4726.7,4726.7,1035.4,0.219053,1,p:1.1.5.2.2.1
E233,354,FUSE2,245528.7262,245528.7262,248975.4262,3446.7,3446.7,1035.4,0.300403,1,p:2.2.1.2.3.2
E234,354,FUSE2,245642.7262,245642.7262,248629.4262,2986.7,2986.7,1035.4,0.34667,1,p:1.3.5.2.1.1
E235,354,FUSE2,245644.7262,245644.7262,250779.4262,5134.7,5134.7,1035.4,0.201648,1,p:2.1.4.1.3.2
E236,354,FUSE2,245758.7262,245758.7262,248745.4262,2986.7,2986.7,1035.4,0.34667,1,p:1.2.3.2.1.1
E237,354,FUSE2,245760.7262,245760.7262,249851.4262,4090.7,4090.7,1035.4,0.253111,1,p:2.3.2.1.1.2
E238,354,FUSE2,245874.7262,245874.7262,250663.4262,4788.7,4788.7,1035.4,0.216217,1,p:1.1.3.2.1.2
E239,354,FUSE2,245876.7262,245876.7262,249555.4262,3678.7,3678.7,1035.4,0.281458,1,p:2.2.1.1.2.2
U4987,199,FUSE0,245990.7262,245990.7262,252385.8262,6395.1,6395.1,941.0,0.147144,1,p:1.1.1.1.1.2
U4988,199,FUSE0,245992.7262,245992.7262,250369.4262,4376.7,4376.7,941.0,0.215002,1,p:2.2.2.2.1.1
U4989,199,FUSE0,246106.7262,246106.7262,249091.4262,2984.7,2984.7,941.0,0.315275,1,p:1.3.3.1.2.2
U4990,199,FUSE0,246108.7262,246108.7262,250833.4262,4724.7,4724.7,941.0,0.199166,1,p:2.1.5.2.2.1
U4991,199,FUSE0,246222.7262,246222.7262,250547.4262,4324.7,4324.7,941.0,0.217587,1,p:1.2.4.1.1.2
U4992,199,FUSE0,246224.7262,246224.7262,249789.4262,3564.7,3564.7,941.0,0.263977,1,p:2.3.1.2.3.1
U4993,199,FUSE1,246338.7262,246338.7262,252269.8262,5931.1,5931.1,1003.0,0.169109,1,p:1.1.2.1.3.2
U4994,199,FUSE1,246340.7262,246340.7262,249905.4262,3564.7,3564.7,1003.0,0.28137,1,p:2.2.3.2.1.1
U4995,199,FUSE1,246454.7262,246454.7262,249439.4262,2984.7,2984.7,1003.0,0.336047,1,p:1.3.5.1.1.2
U4996,199,FUSE1,246456.7262,246456.7262,251297.4262,4840.7,4840.7,1003.0,0.207201,1,p:2.1.4.2.3.1
U4997,199,FUSE1,246570.7262,246570.7262,250315.4262,3744.7,3744.7,1003.0,0.267845,1,p:1.2.1.1.2.2
U4998,199,FUSE1,246572.7262,246572.7262,250485.4262,3912.7,3912.7,1003.0,0.256345,1,p:2.3.2.2.2.1
U4999,199,FUSE1,246686.7262,246686.7262,251688.2262,5001.5,5001.5,1003.0,0.20054,1,p:1.1.3.1.3.2
U5000,199,FUSE1,246688.7262,246688.7262,249673.4262,2984.7,2984.7,1003.0,0.336047,1,p:2.2.5.2.3.1
U5001,199,FUSE2,246802.7262,246802.7262,251127.4262,4324.7,4324.7,1035.4,0.239415,1,p:1.3.4.1.2.2
U5002,199,FUSE2,246804.7262,246804.7262,252563.8262,5759.1,5759.1,1035.4,0.179785,1,p:2.1.1.2.1.1
U5003,199,FUSE2,246918.7262,246918.7262,251572.2262,4653.5,4653.5,1035.4,0.222499,1,p:1.2.2.1.1.2
U5004,199,FUSE2,246920.7262,246920.7262,250021.4262,3100.7,3100.7,1035.4,0.333925,1,p:2.3.3.2.2.1
U5005,199,FUSE2,247034.7262,247034.7262,251805.8262,4771.1,4771.1,1035.4,0.217015,1,p:1.1.5.1.2.2
U5006,199,FUSE2,247036.7262,247036.7262,251065.4262,4028.7,4028.7,1035.4,0.257006,1,p:2.2.4.2.1.1
U5007,199,FUSE2,247150.7262,247150.7262,250431.4262,3280.7,3280.7,1035.4,0.315603,1,p:1.3.1.1.3.2
U5008,199,FUSE2,247152.7262,247152.7262,252714.6262,5561.9,5561.9,1035.4,0.186159,1,p:2.1.2.2.3.1
U5009,199,FUSE2,247266.7262,247266.7262,250717.4262,3450.7,3450.7,1035.4,0.300055,1,p:1.2.3.2.1.1
U1718,69,FUSE0,247268.7262,247268.7262,249735.4262,2466.7,2466.7,941.0,0.381481,1,p:2.3.5.1.3.2
U1719,69,FUSE0,247382.7262,247382.7262,253802.6262,6419.9,6419.9,941.0,0.146575,1,p:1.1.4.2.2.1
U1720,69,FUSE0,247384.7262,247384.7262,251243.4262,3858.7,3858.7,941.0,0.243865,1,p:2.2.1.1.1.2
U1721,69,FUSE0,247498.7262,247498.7262,251456.2262,3957.5,3957.5,941.0,0.237776,1,p:1.3.2.1.2.2
U1722,69,FUSE0,247500.7262,247500.7262,251645.4262,4144.7,4144.7,941.0,0.227037,1,p:2.1.5.2.3.1
U1723,69,FUSE0,247614.7262,247614.7262,252153.8262,4539.1,4539.1,941.0,0.20731,1,p:1.2.4.1.1.2
U1724,69,FUSE1,247616.7262,247616.7262,251413.4262,3796.7,3796.7,1003.0,0.264177,1,p:2.3.1.2.2.1
U1725,69,FUSE1,247730.7262,247730.7262,252849.8262,5119.1,5119.1,1003.0,0.195933,1,p:1.1.3.1.3.2
U1726,69,FUSE1,247732.7262,247732.7262,251877.4262,4144.7,4144.7,1003.0,0.241996,1,p:2.2.2.2.1.1
U1727,69,FUSE1,247846.7262,247846.7262,250895.4262,3048.7,3048.7,1003.0,0.328993,1,p:1.3.5.1.2.2
U1728,69,FUSE1,247848.7262,247848.7262,253338.6262,5489.9,5489.9,1003.0,0.182699,1,p:2.1.4.2.3.1
U1729,69,FUSE1,247962.7262,247962.7262,253081.8262,5119.1,5119.1,1003.0,0.195933,1,p:1.2.1.1.1.2
U1730,69,FUSE2,247964.7262,247964.7262,251181.4262,3216.7,3216.7,1035.4,0.321883,1,p:2.3.3.2.2.1
U1731,69,FUSE2,248078.7262,248078.7262,253785.8262,5707.1,5707.1,1035.4,0.181423,1,p:1.1.2.1.3.2
U1732,69,FUSE2,248080.7262,248080.7262,251529.4262,3448.7,3448.7,1035.4,0.300229,1,p:2.2.5.2.1.1
U1733,69,FUSE2,248194.7262,248194.7262,252037.8262,3843.1,3843.1,1035.4,0.269418,1,p:1.3.4.1.2.2
U1734,69,FUSE2,248196.7262,248196.7262,253686.6262,5489.9,5489.9,1035.4,0.188601,1,p:2.1.1.2.3.1
U1735,69,FUSE2,248310.7262,248310.7262,251921.8262,3611.1,3611.1,1035.4,0.286727,1,p:1.2.3.1.1.2
U1736,69,FUSE2,248312.7262,248312.7262,251761.4262,3448.7,3448.7,1035.4,0.300229,1,p:2.3.2.2.2.1
U1019,41,FUSE0,248426.7262,248426.7262,253918.6262,5491.9,5491.9,941.0,0.171343,1,p:1.1.5.2.1.1
U1020,41,FUSE0,248428.7262,248428.7262,252617.8262,4189.1,4189.1,941.0,0.224631,1,p:2.2.4.1.3.2
U1021,41,FUSE0,248542.7262,248542.7262,252965.8262,4423.1,4423.1,941.0,0.212747,1,p:1.3.1.1.2.2
U1022,41,FUSE0,248544.7262,248544.7262,252990.6262,4445.9,4445.9,941.0,0.211656,1,p:2.1.3.2.3.1
U1023,41,FUSE0,248658.7262,248658.7262,251011.4262,2352.7,2352.7,941.0,0.399966,1,p:1.2.5.1.3.2
U1024,41,FUSE0,248660.7262,248660.7262,252874.6262,4213.9,4213.9,941.0,0.223309,1,p:2.3.4.2.2.1
U1025,41,FUSE0,248774.7262,248774.7262,255061.8262,6287.1,6287.1,941.0,0.149672,1,p:1.1.2.1.1.2
U1026,41,FUSE0,248776.7262,248776.7262,253454.6262,4677.9,4677.9,941.0,0.201159,1,p:2.2.1.2.1.1
U1027,41,FUSE1,248890.7262,248890.7262,252733.8262,3843.1,3843.1,1003.0,0.260987,1,p:1.3.3.1.2.2
U1028,41,FUSE1,248892.7262,248892.7262,254098.2262,5205.5,5205.5,1003.0,0.192681,1,p:2.1.5.2.2.1
U1029,41,FUSE1,249006.7262,249006.7262,253243.0262,4236.3,4236.3,1003.0,0.236763,1,p:1.2.4.1.1.2
U1030,41,FUSE1,249008.7262,249008.7262,251993.4262,2984.7,2984.7,1003.0,0.336047,1,p:2.3.2.2.3.1
U1031,41,FUSE1,249122.7262,249122.7262,254945.8262,5823.1,5823.1,1003.0,0.172245,1,p:1.1.1.1.3.2
U1032,41,FUSE1,249124.7262,249124.7262,252389.0262,3264.3,3264.3,1003.0,0.307263,1,p:2.2.3.2.1.1
U1033,41,FUSE1,249238.7262,249238.7262,252501.8262,3263.1,3263.1,1003.0,0.307376,1,p:1.3.5.1.2.2
U1034,41,FUSE1,249240.7262,249240.7262,255086.6262,5845.9,5845.9,1003.0,0.171573,1,p:2.1.4.2.3.1
U1035,41,FUSE2,249354.7262,249354.7262,254017.8262,4663.1,4663.1,1035.4,0.222041,1,p:1.2.2.1.1.2
U1036,41,FUSE2,249356.7262,249356.7262,253570.6262,4213.9,4213.9,1035.4,0.245711,1,p:2.3.1.2.2.1
U1037,41,FUSE2,249470.7262,249470.7262,254133.8262,4663.1,4663.1,1035.4,0.222041,1,p:1.1.3.1.3.2
U1038,41,FUSE2,249472.7262,249472.7262,253106.6262,3633.9,3633.9,1035.4,0.284928,1,p:2.2.5.2.1.1
U1039,41,FUSE2,249586.7262,249586.7262,253901.8262,4315.1,4315.1,1035.4,0.239948,1,p:1.3.4.1.2.2
U1040,41,FUSE2,249588.7262,249588.7262,255666.6262,6077.9,6077.9,1035.4,0.170355,1,p:2.1.2.2.3.1
U1041,41,FUSE2,249704.7262,249704.7262,254481.8262,4777.1,4777.1,1035.4,0.216742,1,p:1.2.1.1.1.2
U253,11,FUSE0,249766.7262,249766.7262,252175.4262,2408.7,2408.7,941.0,0.390667,1,p:2.3.3.2.2.1
U254,11,FUSE0,249820.7262,249820.7262,254713.8262,4893.1,4893.1,941.0,0.192312,1,p:1.1.5.1.3.2
U255,11,FUSE0,249882.7262,249882.7262,254486.6262,4603.9,4603.9,941.0,0.204392,1,p:2.2.4.2.1.1
U256,11,FUSE0,249936.7262,249936.7262,254249.8262,4313.1,4313.1,941.0,0.218173,1,p:1.3.2.1.2.2
U257,11,FUSE0,249998.7262,249998.7262,256014.6262,6015.9,6015.9,941.0,0.156419,1,p:2.1.1.2.3.1
U258,11,FUSE0,250052.7262,250052.7262,253669.8262,3617.1,3617.1,941.0,0.260153,1,p:1.2.3.1.1.2
U259,11,FUSE0,250114.7262,250114.7262,253222.6262,3107.9,3107.9,941.0,0.302777,1,p:2.3.5.2.2.1
U260,11,FUSE0,250168.7262,250168.7262,255940.6262,5771.9,5771.9,941.0,0.163031,1,p:1.1.4.1.3.2
U261,11,FUSE0,250230.7262,250230.7262,254854.6262,4623.9,4623.9,941.0,0.203508,1,p:2.2.2.2.1.1
U262,11,FUSE0,250284.7262,250284.7262,254597.8262,4313.1,4313.1,941.0,0.218173,1,p:1.3.1.1.2.2
U263,11,FUSE1,250346.7262,250346.7262,254738.6262,4391.9,4391.9,1003.0,0.228375,1,p:2.1.3.2.3.1
U264,11,FUSE1,250400.7262,250400.7262,254365.8262,3965.1,3965.1,1003.0,0.252957,1,p:1.2.5.1.1.2
U265,11,FUSE1,250462.7262,250462.7262,254970.6262,4507.9,4507.9,1003.0,0.222498,1,p:2.3.4.2.2.1
U266,11,FUSE1,250516.7262,250516.7262,256288.6262,5771.9,5771.9,1003.0,0.173773,1,p:1.1.2.1.3.2
U267,11,FUSE1,250578.7262,250578.7262,255202.6262,4623.9,4623.9,1003.0,0.216916,1,p:2.2.1.2.1.1
U268,11,FUSE1,250632.7262,250632.7262,253553.8262,2921.1,2921.1,1003.0,0.343364,1,p:1.3.3.1.2.2
U269,11,FUSE1,250694.7262,250694.7262,255434.6262,4739.9,4739.9,1003.0,0.211608,1,p:2.1.5.2.3.1
U270,11,FUSE1,250748.7262,250748.7262,255340.6262,4591.9,4591.9,1003.0,0.218428,1,p:1.2.4.1.1.2
U271,11,FUSE1,250810.7262,250810.7262,255318.6262,4507.9,4507.9,1003.0,0.222498,1,p:2.3.2.2.2.1
U272,11,FUSE1,250864.7262,250864.7262,256984.6262,6119.9,6119.9,1003.0,0.163892,1,p:1.1.1.1.3.2
U273,11,FUSE2,250926.7262,250926.7262,254311.8262,3385.1,3385.1,1035.4,0.30587,1,p:2.2.3.2.1.1
U274,11,FUSE2,250980.7262,250980.7262,254829.8262,3849.1,3849.1,1035.4,0.268998,1,p:1.3.5.1.2.2
U275,11,FUSE2,251042.7262,251042.7262,256809.8262,5767.1,5767.1,1035.4,0.179536,1,p:2.1.4.2.3.1
U276,11,FUSE2,251096.7262,251096.7262,256056.6262,4959.9,4959.9,1035.4,0.208754,1,p:1.2.2.1.1.2
U277,11,FUSE2,251158.7262,251158.7262,255898.6262,4739.9,4739.9,1035.4,0.218443,1,p:2.3.1.2.2.1
U278,11,FUSE2,251212.7262,251212.7262,255592.6262,4379.9,4379.9,1035.4,0.236398,1,p:1.1.3.1.3.2
U279,11,FUSE2,251274.7262,251274.7262,255782.6262,4507.9,4507.9,1035.4,0.229686,1,p:2.2.5.2.1.1
U280,11,FUSE2,251328.7262,251328.7262,255476.6262,4147.9,4147.9,1035.4,0.24962,1,p:1.3.4.1.2.2
U281,11,FUSE2,251444.7262,251444.7262,257621.8262,6177.1,6177.1,1035.4,0.167619,1,p:2.1.2.2.3.1
U282,11,FUSE2,251487.5262,251487.5262,256752.6262,5265.1,5265.1,1035.4,0.196653,1,p:1.2.1.1.1.2
U5751,230,FUSE0,251560.7262,251560.7262,254622.6262,3061.9,3061.9,941.0,0.307326,1,p:2.3.3.2.2.1
U5752,230,FUSE0,251603.5262,251603.5262,257100.6262,5497.1,5497.1,941.0,0.171181,1,p:1.1.5.1.3.2
U5753,230,FUSE0,251676.7262,251676.7262,256345.8262,4669.1,4669.1,941.0,0.201538,1,p:2.2.4.2.1.1
U5754,230,FUSE0,251719.5262,251719.5262,255824.6262,4105.1,4105.1,941.0,0.229227,1,p:1.3.2.1.2.2
U5755,230,FUSE0,251792.7262,251792.7262,258085.8262,6293.1,6293.1,941.0,0.149529,1,p:2.1.1.2.3.1
U5756,230,FUSE0,251837.1262,251837.1262,255708.6262,3871.5,3871.5,941.0,0.243058,1,p:1.2.3.1.1.2
U5757,230,FUSE0,251908.7262,251908.7262,255550.6262,3641.9,3641.9,941.0,0.258382,1,p:2.3.5.2.2.1
U5758,230,FUSE0,251953.1262,251953.1262,258260.6262,6307.5,6307.5,941.0,0.149187,1,p:1.1.4.1.3.2
U5759,230,FUSE0,252024.7262,252024.7262,256925.8262,4901.1,4901.1,941.0,0.191998,1,p:2.2.2.2.1.1
U5760,230,FUSE1,252069.1262,252069.1262,256520.6262,4451.5,4451.5,1003.0,0.225317,1,p:1.3.1.1.2.2
U5761,230,FUSE1,252185.1262,252185.1262,257273.8262,5088.7,5088.7,1003.0,0.197103,1,p:2.1.3.2.3.1
U5762,230,FUSE1,252206.7262,252206.7262,256404.6262,4197.9,4197.9,1003.0,0.238929,1,p:1.2.5.1.1.2
U5763,230,FUSE1,252301.1262,252301.1262,256461.8262,4160.7,4160.7,1003.0,0.241065,1,p:2.3.4.2.2.1
U5764,230,FUSE1,252417.1262,252417.1262,258492.6262,6075.5,6075.5,1003.0,0.165089,1,p:1.1.2.1.3.2
U5765,230,FUSE1,252420.3262,252420.3262,257389.8262,4969.5,4969.5,1003.0,0.201831,1,p:2.2.1.2.1.1
U5766,230,FUSE1,252533.1262,252533.1262,256172.6262,3639.5,3639.5,1003.0,0.275587,1,p:1.3.3.1.2.2
U5767,230,FUSE1,252595.1262,252595.1262,257737.8262,5142.7,5142.7,1003.0,0.195034,1,p:2.1.5.2.3.1
U5768,230,FUSE2,252649.1262,252649.1262,257564.6262,4915.5,4915.5,1035.4,0.21064,1,p:1.2.4.1.1.2
U5769,230,FUSE2,252745.9262,252745.9262,256693.8262,3947.9,3947.9,1035.4,0.262266,1,p:2.3.2.2.2.1
U5770,230,FUSE2,252765.1262,252765.1262,258608.6262,5843.5,5843.5,1035.4,0.177188,1,p:1.1.1.1.3.2
U5771,230,FUSE2,252881.1262,252881.1262,256577.8262,3696.7,3696.7,1035.4,0.280088,1,p:2.2.3.2.1.1
U5772,230,FUSE2,252905.9262,252905.9262,256868.6262,3962.7,3962.7,1035.4,0.261286,1,p:1.3.5.1.2.2
U5773,230,FUSE2,252997.1262,252997.1262,258897.8262,5900.7,5900.7,1035.4,0.175471,1,p:2.1.4.2.3.1
U5774,230,FUSE2,253021.9262,253021.9262,257912.6262,4890.7,4890.7,1035.4,0.211708,1,p:1.2.2.1.1.2
U5775,230,FUSE2,253113.1262,253113.1262,257448.6262,4335.5,4335.5,1035.4,0.238819,1,p:2.3.1.1.3.2
U5776,230,FUSE2,253137.9262,253137.9262,257969.8262,4831.9,4831.9,1035.4,0.214284,1,p:1.1.3.2.2.1
U1537,62,FUSE0,253253.9262,253253.9262,257157.8262,3903.9,3903.9,941.0,0.241041,1,p:2.2.5.2.1.1
U1538,62,FUSE0,253274.3262,253274.3262,257332.6262,4058.3,4058.3,941.0,0.23187,1,p:1.3.4.1.2.2
U1539,62,FUSE0,253369.9262,253369.9262,259129.8262,5759.9,5759.9,941.0,0.163371,1,p:2.1.2.2.3.1
U1540,62,FUSE0,253485.9262,253485.9262,256636.6262,3150.7,3150.7,941.0,0.298664,1,p:1.2.5.1.3.2
U1541,62,FUSE0,253585.1262,253585.1262,257041.8262,3456.7,3456.7,941.0,0.272225,1,p:2.3.1.2.2.1
U1542,62,FUSE0,253601.9262,253601.9262,259188.6262,5586.7,5586.7,941.0,0.168436,1,p:1.1.3.1.1.2
U1543,62,FUSE0,253701.1262,253701.1262,257853.8262,4152.7,4152.7,941.0,0.2266,1,p:2.2.4.2.1.1
U1544,62,FUSE0,253717.9262,253717.9262,258028.6262,4310.7,4310.7,941.0,0.218294,1,p:1.3.2.1.2.2
U1545,62,FUSE1,253817.1262,253817.1262,258433.8262,4616.7,4616.7,1003.0,0.217255,1,p:2.1.5.2.2.1
U1546,62,FUSE1,253833.9262,253833.9262,258376.6262,4542.7,4542.7,1003.0,0.220794,1,p:1.2.1.1.1.2
U1547,62,FUSE1,253933.1262,253933.1262,256229.8262,2296.7,2296.7,1003.0,0.436714,1,p:2.3.3.2.3.1
U1548,62,FUSE1,253949.9262,253949.9262,259884.6262,5934.7,5934.7,1003.0,0.169006,1,p:1.1.4.1.3.2
U1549,62,FUSE1,254049.1262,254049.1262,258201.8262,4152.7,4152.7,1003.0,0.24153,1,p:2.2.2.2.1.1
U1550,62,FUSE1,254129.5262,254129.5262,257680.6262,3551.1,3551.1,1003.0,0.282448,1,p:1.3.5.1.1.2
U1551,62,FUSE1,254165.1262,254165.1262,259825.8262,5660.7,5660.7,1003.0,0.177187,1,p:2.1.1.2.3.1
U1552,62,FUSE1,254281.1262,254281.1262,257216.6262,2935.5,2935.5,1003.0,0.341679,1,p:1.2.3.1.2.2
U1553,62,FUSE2,254343.1262,254343.1262,258317.8262,3974.7,3974.7,1035.4,0.260498,1,p:2.3.4.2.2.1
U1554,62,FUSE2,254397.1262,254397.1262,260116.6262,5719.5,5719.5,1035.4,0.18103,1,p:1.1.2.1.3.2
U1555,62,FUSE2,254513.1262,254513.1262,257796.6262,3283.5,3283.5,1035.4,0.315334,1,p:2.2.5.1.2.2
U1556,62,FUSE2,254517.9262,254517.9262,258549.8262,4031.9,4031.9,1035.4,0.256802,1,p:1.3.1.2.1.1
U1557,62,FUSE2,254629.1262,254629.1262,259709.8262,5080.7,5080.7,1035.4,0.203791,1,p:2.1.3.2.3.1
U1558,62,FUSE2,254653.9262,254653.9262,258956.6262,4302.7,4302.7,1035.4,0.24064,1,p:1.2.4.1.1.2
U1559,62,FUSE2,254745.1262,254745.1262,258665.8262,3920.7,3920.7,1035.4,0.264085,1,p:2.3.2.2.2.1
U1560,62,FUSE2,254769.9262,254769.9262,259361.8262,4591.9,4591.9,1035.4,0.225484,1,p:1.1.5.2.3.1
U1561,62,FUSE2,254861.1262,254861.1262,258724.6262,3863.5,3863.5,1035.4,0.267995,1,p:2.2.1.1.2.2
U3089,124,FUSE0,254885.9262,254885.9262,258144.6262,3258.7,3258.7,941.0,0.288765,1,p:1.3.3.1.3.2
U3090,124,FUSE0,254977.1262,254977.1262,260985.8262,6008.7,6008.7,941.0,0.156606,1,p:2.1.4.2.1.1
U3091,124,FUSE0,255001.9262,255001.9262,259652.6262,4650.7,4650.7,941.0,0.202335,1,p:1.2.2.1.1.2
U3092,124,FUSE0,255093.1262,255093.1262,257505.8262,2412.7,2412.7,941.0,0.390019,1,p:2.3.3.2.2.1
U3093,124,FUSE0,255117.9262,255117.9262,260000.6262,4882.7,4882.7,941.0,0.192721,1,p:1.1.5.1.2.2
U3094,124,FUSE0,255233.9262,255233.9262,259477.8262,4243.9,4243.9,941.0,0.22173,1,p:2.2.1.2.1.1
U3095,124,FUSE0,255349.9262,255349.9262,259072.6262,3722.7,3722.7,941.0,0.252774,1,p:1.3.4.1.3.2
U3096,124,FUSE0,255371.9262,255371.9262,260869.8262,5497.9,5497.9,941.0,0.171156,1,p:2.1.2.2.3.1
U3097,124,FUSE1,255465.9262,255465.9262,258840.6262,3374.7,3374.7,1003.0,0.297212,1,p:1.2.3.1.1.2
U3098,124,FUSE1,255507.9262,255507.9262,258781.8262,3273.9,3273.9,1003.0,0.306362,1,p:2.3.5.2.1.1
U3099,124,FUSE1,255581.9262,255581.9262,260812.6262,5230.7,5230.7,1003.0,0.191753,1,p:1.1.1.1.3.2
U3100,124,FUSE1,255623.9262,255623.9262,259245.8262,3621.9,3621.9,1003.0,0.276926,1,p:2.2.4.2.2.1
U3101,124,FUSE1,255697.9262,255697.9262,259768.6262,4070.7,4070.7,1003.0,0.246395,1,p:1.3.2.1.2.2
U3102,124,FUSE1,255739.9262,255739.9262,260637.8262,4897.9,4897.9,1003.0,0.204782,1,p:2.1.3.2.3.1
U3103,124,FUSE1,255813.9262,255813.9262,259420.6262,3606.7,3606.7,1003.0,0.278094,1,p:1.2.5.1.1.2
U3104,124,FUSE1,255855.9262,255855.9262,259593.8262,3737.9,3737.9,1003.0,0.268332,1,p:2.3.1.2.2.1
U3105,124,FUSE2,255929.9262,255929.9262,261160.6262,5230.7,5230.7,1035.4,0.197947,1,p:1.1.4.1.3.2
U3106,124,FUSE2,255971.9262,255971.9262,259941.8262,3969.9,3969.9,1035.4,0.260813,1,p:2.2.2.2.1.1
U3107,124,FUSE2,256045.9262,256045.9262,259304.6262,3258.7,3258.7,1035.4,0.317734,1,p:1.3.3.1.2.2
U3108,124,FUSE2,256087.9262,256087.9262,261508.6262,5420.7,5420.7,1035.4,0.191009,1,p:2.1.5.1.1.2
U3109,124,FUSE2,256203.9262,256203.9262,260173.8262,3969.9,3969.9,1035.4,0.260813,1,p:1.2.1.2.3.1
U3110,124,FUSE2,256261.1262,256261.1262,260057.8262,3796.7,3796.7,1035.4,0.272711,1,p:2.3.4.2.2.1
U3111,124,FUSE2,256319.9262,256319.9262,261392.6262,5072.7,5072.7,1035.4,0.204112,1,p:1.1.2.1.3.2
U3112,124,FUSE2,256377.1262,256377.1262,259536.6262,3159.5,3159.5,1035.4,0.32771,1,p:2.2.3.1.2.2
U3113,124,FUSE2,256435.9262,256435.9262,259013.8262,2577.9,2577.9,1035.4,0.401645,1,p:1.3.5.2.2.1
U5831,233,FUSE0,256493.1262,256493.1262,262377.8262,5884.7,5884.7,941.0,0.159906,1,p:2.1.1.2.1.1
U5832,233,FUSE0,256551.9262,256551.9262,260521.8262,3969.9,3969.9,941.0,0.237034,1,p:1.2.4.2.3.1
U5833,233,FUSE0,256609.1262,256609.1262,260348.6262,3739.5,3739.5,941.0,0.251638,1,p:2.3.2.1.1.2
U5834,233,FUSE0,256667.9262,256667.9262,261856.6262,5188.7,5188.7,941.0,0.181356,1,p:1.1.1.1.3.2
U5835,233,FUSE0,256725.1262,256725.1262,260289.8262,3564.7,3564.7,941.0,0.263977,1,p:2.2.3.2.1.1
U5836,233,FUSE0,256783.9262,256783.9262,260696.6262,3912.7,3912.7,941.0,0.240499,1,p:1.3.4.1.2.2
U5837,233,FUSE0,256841.1262,256841.1262,262029.8262,5188.7,5188.7,941.0,0.181356,1,p:2.1.2.2.3.1
U5838,233,FUSE0,256899.9262,256899.9262,260232.6262,3332.7,3332.7,941.0,0.282354,1,p:1.2.5.1.1.2
U5839,233,FUSE1,256957.1262,256957.1262,260753.8262,3796.7,3796.7,1003.0,0.264177,1,p:2.3.1.2.2.1
U5840,233,FUSE1,257015.9262,257015.9262,261740.6262,4724.7,4724.7,1003.0,0.212289,1,p:1.1.3.1.3.2
U5841,233,FUSE1,257073.1262,257073.1262,261217.8262,4144.7,4144.7,1003.0,0.241996,1,p:2.2.4.2.1.1
U5842,233,FUSE1,257131.9262,257131.9262,261044.6262,3912.7,3912.7,1003.0,0.256345,1,p:1.3.2.1.2.2
U5843,233,FUSE1,257189.1262,257189.1262,261681.8262,4492.7,4492.7,1003.0,0.223251,1,p:2.1.5.2.3.1
U5844,233,FUSE1,257247.9262,257247.9262,260580.6262,3332.7,3332.7,1003.0,0.300957,1,p:1.2.1.1.1.2
U5845,233,FUSE1,257305.1262,257305.1262,260405.8262,3100.7,3100.7,1003.0,0.323475,1,p:2.3.3.2.2.1
U5846,233,FUSE1,257363.9262,257363.9262,262436.6262,5072.7,5072.7,1003.0,0.197725,1,p:1.1.4.1.3.2
U5847,233,FUSE2,257421.1262,257421.1262,261449.8262,4028.7,4028.7,1035.4,0.257006,1,p:2.2.2.2.1.1
U5848,233,FUSE2,257479.9262,257479.9262,260464.6262,2984.7,2984.7,1035.4,0.346903,1,p:1.3.5.1.2.2
U5849,233,FUSE2,257537.1262,257537.1262,262725.8262,5188.7,5188.7,1035.4,0.199549,1,p:2.1.1.2.3.1
U5850,233,FUSE2,257595.9262,257595.9262,260928.6262,3332.7,3332.7,1035.4,0.310679,1,p:1.2.3.1.1.2
U5851,233,FUSE2,257653.1262,257653.1262,261565.8262,3912.7,3912.7,1035.4,0.264625,1,p:2.3.4.2.2.1
U5852,233,FUSE2,257711.9262,257711.9262,263132.6262,5420.7,5420.7,1035.4,0.191009,1,p:1.1.2.1.3.2
U5853,233,FUSE2,257769.1262,257769.1262,261101.8262,3332.7,3332.7,1035.4,0.310679,1,p:2.2.5.2.1.1
U4674,187,FUSE0,257827.9262,257827.9262,261624.6262,3796.7,3796.7,941.0,0.247847,1,p:1.3.1.1.2.2
U4675,187,FUSE0,257885.1262,257885.1262,262493.8262,4608.7,4608.7,941.0,0.204179,1,p:2.1.3.2.3.1
U4676,187,FUSE0,257943.9262,257943.9262,262320.6262,4376.7,4376.7,941.0,0.215002,1,p:1.2.4.1.1.2
U4677,187,FUSE0,258001.1262,258001.1262,261913.8262,3912.7,3912.7,941.0,0.240499,1,p:2.3.2.2.2.1
U4678,187,FUSE0,258059.9262,258059.9262,262088.6262,4028.7,4028.7,941.0,0.233574,1,p:1.1.5.1.3.2
U4679,187,FUSE0,258117.1262,258117.1262,262145.8262,4028.7,4028.7,941.0,0.233574,1,p:2.2.1.2.1.1
U4680,187,FUSE0,258175.9262,258175.9262,261276.6262,3100.7,3100.7,941.0,0.30348,1,p:1.3.3.1.2.2
U4681,187,FUSE0,258233.1262,258233.1262,263189.8262,4956.7,4956.7,941.0,0.189844,1,p:2.1.4.2.3.1
U4682,187,FUSE0,258291.9262,258291.9262,262668.6262,4376.7,4376.7,941.0,0.215002,1,p:1.2.2.1.1.2
U4683,187,FUSE1,258349.1262,258349.1262,261333.8262,2984.7,2984.7,1003.0,0.336047,1,p:2.3.5.2.2.1
U4684,187,FUSE1,258407.9262,258407.9262,263712.6262,5304.7,5304.7,1003.0,0.189078,1,p:1.1.1.1.3.2
U4685,187,FUSE1,258465.1262,258465.1262,261797.8262,3332.7,3332.7,1003.0,0.300957,1,p:2.2.3.2.1.1
U4686,187,FUSE1,258523.9262,258523.9262,262204.6262,3680.7,3680.7,1003.0,0.272503,1,p:1.3.4.1.2.2
U4687,187,FUSE1,258581.1262,258581.1262,263885.8262,5304.7,5304.7,1003.0,0.189078,1,p:2.1.2.2.3.1
U4688,187,FUSE1,258639.9262,258639.9262,261972.6262,3332.7,3332.7,1003.0,0.300957,1,p:1.2.5.1.1.2
U4689,187,FUSE1,258697.1262,258697.1262,262609.8262,3912.7,3912.7,1003.0,0.256345,1,p:2.3.1.2.2.1
U4690,187,FUSE1,258755.9262,258755.9262,263596.6262,4840.7,4840.7,1003.0,0.207201,1,p:1.1.3.1.3.2
U4691,187,FUSE1,258813.1262,258813.1262,263073.8262,4260.7,4260.7,1003.0,0.235407,1,p:2.2.4.2.1.1
U4692,187,FUSE1,258871.9262,258871.9262,263016.6262,4144.7,4144.7,1003.0,0.241996,1,p:1.3.2.1.2.2
U4693,187,FUSE2,258929.1262,258929.1262,263537.8262,4608.7,4608.7,1035.4,0.224662,1,p:2.1.5.2.3.1
U4694,187,FUSE2,258987.9262,258987.9262,262784.6262,3796.7,3796.7,1035.4,0.272711,1,p:1.2.1.1.1.2
U4695,187,FUSE2,259045.1262,259045.1262,262261.8262,3216.7,3216.7,1035.4,0.321883,1,p:2.3.3.2.2.1
U4696,187,FUSE2,259103.9262,259103.9262,264408.6262,5304.7,5304.7,1035.4,0.195185,1,p:1.1.4.1.3.2
U4697,187,FUSE2,259161.1262,259161.1262,263421.8262,4260.7,4260.7,1035.4,0.243012,1,p:2.2.2.2.1.1
U4698,187,FUSE2,259219.9262,259219.9262,262552.6262,3332.7,3332.7,1035.4,0.310679,1,p:1.3.5.1.2.2
U4699,187,FUSE2,259277.1262,259277.1262,264581.8262,5304.7,5304.7,1035.4,0.195185,1,p:2.1.1.2.3.1
U4700,187,FUSE2,259335.9262,259335.9262,262841.8262,3505.9,3505.9,1035.4,0.295331,1,p:1.2.3.2.2.1
U4701,187,FUSE2,259393.1262,259393.1262,262900.6262,3507.5,3507.5,1035.4,0.295196,1,p:2.3.4.1.3.2
U7073,283,FUSE0,259451.9262,259451.9262,265568.6262,6116.7,6116.7,941.0,0.153841,1,p:1.1.2.1.1.2
U7074,283,FUSE0,259509.1262,259509.1262,262957.8262,3448.7,3448.7,941.0,0.272856,1,p:2.2.5.2.1.1
U7075,283,FUSE0,259567.9262,259567.9262,263248.6262,3680.7,3680.7,941.0,0.255658,1,p:1.3.1.1.2.2
U7076,283,FUSE0,259625.1262,259625.1262,265045.8262,5420.7,5420.7,941.0,0.173594,1,p:2.1.2.2.3.1
U7077,283,FUSE0,259683.9262,259683.9262,263480.6262,3796.7,3796.7,941.0,0.247847,1,p:1.2.3.1.1.2
U7078,283,FUSE0,259741.1262,259741.1262,263653.8262,3912.7,3912.7,941.0,0.240499,1,p:2.3.4.2.2.1
U7079,283,FUSE0,259799.9262,259799.9262,264060.6262,4260.7,4260.7,941.0,0.220856,1,p:1.1.5.1.3.2
U7080,283,FUSE0,259857.1262,259857.1262,263769.8262,3912.7,3912.7,941.0,0.240499,1,p:2.2.1.2.1.1
U7081,283,FUSE0,259915.9262,259915.9262,263828.6262,3912.7,3912.7,941.0,0.240499,1,p:1.3.2.1.2.2
U7082,283,FUSE0,259973.1262,259973.1262,264349.8262,4376.7,4376.7,941.0,0.215002,1,p:2.1.3.2.3.1
U7083,283,FUSE1,260031.9262,260031.9262,264292.6262,4260.7,4260.7,1003.0,0.235407,1,p:1.2.4.1.1.2
U7084,283,FUSE1,260089.1262,260089.1262,263305.8262,3216.7,3216.7,1003.0,0.31181,1,p:2.3.5.2.2.1
U7085,283,FUSE1,260147.9262,260147.9262,264756.6262,4608.7,4608.7,1003.0,0.217632,1,p:1.1.1.1.3.2
U7086,283,FUSE1,260205.1262,260205.1262,264233.8262,4028.7,4028.7,1003.0,0.248964,1,p:2.2.2.2.1.1
U7087,283,FUSE1,260263.9262,260263.9262,263364.6262,3100.7,3100.7,1003.0,0.323475,1,p:1.3.3.1.2.2
U7088,283,FUSE1,260321.1262,260321.1262,265625.8262,5304.7,5304.7,1003.0,0.189078,1,p:2.1.4.2.3.1
U7089,283,FUSE1,260379.9262,260379.9262,263944.6262,3564.7,3564.7,1003.0,0.28137,1,p:1.2.5.1.1.2
U7090,283,FUSE1,260437.1262,260437.1262,264001.8262,3564.7,3564.7,1003.0,0.28137,1,p:2.3.1.2.2.1
U7091,283,FUSE1,260495.9262,260495.9262,265684.6262,5188.7,5188.7,1003.0,0.193305,1,p:1.1.2.1.3.2
U7092,283,FUSE1,260553.1262,260553.1262,264117.8262,3564.7,3564.7,1003.0,0.28137,1,p:2.2.3.2.1.1
U7093,283,FUSE2,260611.9262,260611.9262,264524.6262,3912.7,3912.7,1035.4,0.264625,1,p:1.3.4.1.2.2
U7094,283,FUSE2,260669.1262,260669.1262,265161.8262,4492.7,4492.7,1035.4,0.230463,1,p:2.1.5.2.3.1
U7095,283,FUSE2,260727.9262,260727.9262,264640.6262,3912.7,3912.7,1035.4,0.264625,1,p:1.2.1.1.1.2
U7096,283,FUSE2,260785.1262,260785.1262,264697.8262,3912.7,3912.7,1035.4,0.264625,1,p:2.3.2.2.2.1
U7097,283,FUSE2,260843.9262,260843.9262,265336.6262,4492.7,4492.7,1035.4,0.230463,1,p:1.1.3.1.3.2
U7098,283,FUSE2,260901.1262,260901.1262,265277.8262,4376.7,4376.7,1035.4,0.236571,1,p:2.2.4.2.1.1
U7099,283,FUSE2,260959.9262,260959.9262,264176.6262,3216.7,3216.7,1035.4,0.321883,1,p:1.3.5.1.2.2
U7100,283,FUSE2,261017.1262,261017.1262,266205.8262,5188.7,5188.7,1035.4,0.199549,1,p:2.1.1.2.3.1
U7101,283,FUSE2,261075.9262,261075.9262,265104.6262,4028.7,4028.7,1035.4,0.257006,1,p:1.2.2.1.1.2
U7102,283,FUSE2,261133.1262,261133.1262,264465.8262,3332.7,3332.7,1035.4,0.310679,1,p:2.3.3.2.2.1
U8327,333,FUSE0,261191.9262,261191.9262,266844.6262,5652.7,5652.7,941.0,0.166469,1,p:1.1.4.1.3.2
U8328,333,FUSE0,261249.1262,261249.1262,264813.8262,3564.7,3564.7,941.0,0.263977,1,p:2.2.5.2.1.1
U8329,333,FUSE0,261307.9262,261307.9262,264988.6262,3680.7,3680.7,941.0,0.255658,1,p:1.3.1.1.2.2
U8330,333,FUSE0,261365.1262,261365.1262,266669.8262,5304.7,5304.7,941.0,0.17739,1,p:2.1.2.2.3.1
U8331,333,FUSE0,261423.9262,261423.9262,264872.6262,3448.7,3448.7,941.0,0.272856,1,p:1.2.3.1.1.2
U8332,333,FUSE0,261481.1262,261481.1262,265393.8262,3912.7,3912.7,941.0,0.240499,1,p:2.3.4.2.2.1
U8333,333,FUSE0,261539.9262,261539.9262,266380.6262,4840.7,4840.7,941.0,0.194393,1,p:1.1.5.1.3.2
U8334,333,FUSE0,261597.1262,261597.1262,265509.8262,3912.7,3912.7,941.0,0.240499,1,p:2.2.1.2.1.1
U8335,333,FUSE0,261655.9262,261655.9262,265452.6262,3796.7,3796.7,941.0,0.247847,1,p:1.3.2.1.2.2
U8336,333,FUSE1,261713.1262,261713.1262,265973.8262,4260.7,4260.7,1003.0,0.235407,1,p:2.1.3.2.3.1
U8337,333,FUSE1,261771.9262,261771.9262,266148.6262,4376.7,4376.7,1003.0,0.229168,1,p:1.2.4.1.1.2
U8338,333,FUSE1,261829.1262,261829.1262,264929.8262,3100.7,3100.7,1003.0,0.323475,1,p:2.3.5.2.2.1
U8339,333,FUSE1,261887.9262,261887.9262,267424.6262,5536.7,5536.7,1003.0,0.181155,1,p:1.1.1.1.3.2
U8340,333,FUSE1,261945.1262,261945.1262,266321.8262,4376.7,4376.7,1003.0,0.229168,1,p:2.2.2.2.1.1
U8341,333,FUSE1,262003.9262,262003.9262,265220.6262,3216.7,3216.7,1003.0,0.31181,1,p:1.3.3.1.2.2
U8342,333,FUSE1,262061.1262,262061.1262,267945.8262,5884.7,5884.7,1003.0,0.170442,1,p:2.1.4.2.3.1
U8343,333,FUSE1,262119.9262,262119.9262,265916.6262,3796.7,3796.7,1003.0,0.264177,1,p:1.2.5.1.1.2
U8344,333,FUSE1,262177.1262,262177.1262,265741.8262,3564.7,3564.7,1003.0,0.28137,1,p:2.3.1.2.2.1
U8345,333,FUSE2,262235.9262,262235.9262,268120.6262,5884.7,5884.7,1035.4,0.175948,1,p:1.1.2.1.3.2
U8346,333,FUSE2,262293.1262,262293.1262,265857.8262,3564.7,3564.7,1035.4,0.290459,1,p:2.2.3.2.1.1
U8347,333,FUSE2,262351.9262,262351.9262,266264.6262,3912.7,3912.7,1035.4,0.264625,1,p:1.3.4.1.2.2
U8348,333,FUSE2,262409.1262,262409.1262,267713.8262,5304.7,5304.7,1035.4,0.195185,1,p:2.1.5.2.3.1
U8349,333,FUSE2,262467.9262,262467.9262,266496.6262,4028.7,4028.7,1035.4,0.257006,1,p:1.2.1.1.1.2
U8350,333,FUSE2,262525.1262,262525.1262,266437.8262,3912.7,3912.7,1035.4,0.264625,1,p:2.3.2.2.2.1
U8351,333,FUSE2,262583.9262,262583.9262,267597.8262,5013.9,5013.9,1035.4,0.206506,1,p:1.1.3.2.1.1
U8352,333,FUSE2,262641.1262,262641.1262,266612.6262,3971.5,3971.5,1035.4,0.260708,1,p:2.2.4.1.3.2
U5010,200,FUSE0,262699.9262,262699.9262,265800.6262,3100.7,3100.7,941.0,0.30348,1,p:1.3.5.1.2.2
U5011,200,FUSE0,262757.1262,262757.1262,268293.8262,5536.7,5536.7,941.0,0.169957,1,p:2.1.1.2.3.1
U5012,200,FUSE0,262815.9262,262815.9262,267308.6262,4492.7,4492.7,941.0,0.209451,1,p:1.2.2.1.1.2
U5013,200,FUSE0,262873.1262,262873.1262,266553.8262,3680.7,3680.7,941.0,0.255658,1,p:2.3.5.2.1.1
U5014,200,FUSE0,262931.9262,262931.9262,267772.6262,4840.7,4840.7,941.0,0.194393,1,p:1.1.3.1.3.2
U5015,200,FUSE0,262989.1262,262989.1262,266785.8262,3796.7,3796.7,941.0,0.247847,1,p:2.2.4.2.2.1
U5016,200,FUSE0,263047.9262,263047.9262,266728.6262,3680.7,3680.7,941.0,0.255658,1,p:1.3.1.1.2.2
U5017,200,FUSE0,263105.1262,263105.1262,268989.8262,5884.7,5884.7,941.0,0.159906,1,p:2.1.2.2.3.1
U5018,200,FUSE1,263163.9262,263163.9262,266032.6262,2868.7,2868.7,1003.0,0.349636,1,p:1.2.5.1.3.2
U5019,200,FUSE1,263221.1262,263221.1262,266089.8262,2868.7,2868.7,1003.0,0.349636,1,p:2.3.3.2.2.1
U5020,200,FUSE1,263279.9262,263279.9262,268816.6262,5536.7,5536.7,1003.0,0.181155,1,p:1.1.4.1.1.2
U5021,200,FUSE1,263337.1262,263337.1262,267133.8262,3796.7,3796.7,1003.0,0.264177,1,p:2.2.1.2.1.1
U5022,200,FUSE1,263395.9262,263395.9262,266960.6262,3564.7,3564.7,1003.0,0.28137,1,p:1.3.2.1.2.2
U5023,200,FUSE1,263453.1262,263453.1262,268177.8262,4724.7,4724.7,1003.0,0.212289,1,p:2.1.5.2.2.1
U5024,200,FUSE1,263511.9262,263511.9262,267076.6262,3564.7,3564.7,1003.0,0.28137,1,p:1.2.3.1.1.2
U5025,200,FUSE1,263569.1262,263569.1262,267249.8262,3680.7,3680.7,1003.0,0.272503,1,p:2.3.4.2.3.1
U5026,200,FUSE2,263627.9262,263627.9262,268932.6262,5304.7,5304.7,1035.4,0.195185,1,p:1.1.1.1.3.2
U5027,200,FUSE2,263685.1262,263685.1262,267829.8262,4144.7,4144.7,1035.4,0.249813,1,p:2.2.2.2.1.1
U5028,200,FUSE2,263743.9262,263743.9262,267656.6262,3912.7,3912.7,1035.4,0.264625,1,p:1.3.5.1.1.2
U5029,200,FUSE2,263801.1262,263801.1262,268641.8262,4840.7,4840.7,1035.4,0.213895,1,p:2.1.3.2.3.1
U5030,200,FUSE2,263859.9262,263859.9262,267540.6262,3680.7,3680.7,1035.4,0.281305,1,p:1.2.4.1.2.2
U5031,200,FUSE2,263917.1262,263917.1262,267365.8262,3448.7,3448.7,1035.4,0.300229,1,p:2.3.1.2.2.1
U5032,200,FUSE2,263975.9262,263975.9262,269280.6262,5304.7,5304.7,1035.4,0.195185,1,p:1.1.2.1.3.2
U5033,200,FUSE2,264033.1262,264033.1262,267017.8262,2984.7,2984.7,1035.4,0.346903,1,p:2.2.5.2.3.1
U8505,340,FUSE0,264091.9262,264091.9262,266901.8262,2809.9,2809.9,941.0,0.334887,1,p:1.3.3.2.1.1
U8506,340,FUSE0,264149.1262,264149.1262,268700.6262,4551.5,4551.5,941.0,0.206745,1,p:2.1.4.1.2.2
U8507,340,FUSE0,264207.9262,264207.9262,268004.6262,3796.7,3796.7,941.0,0.247847,1,p:1.2.1.1.1.2
U8508,340,FUSE0,264265.1262,264265.1262,268061.8262,3796.7,3796.7,941.0,0.247847,1,p:2.3.2.2.2.1
U8509,340,FUSE0,264323.9262,264323.9262,268352.6262,4028.7,4028.7,941.0,0.233574,1,p:1.1.3.1.3.2
U8510,340,FUSE0,264381.1262,264381.1262,268873.8262,4492.7,4492.7,941.0,0.209451,1,p:2.2.4.2.1.1
U8511,340,FUSE1,264439.9262,264439.9262,267192.6262,2752.7,2752.7,1003.0,0.36437,1,p:1.3.5.1.2.2
U8512,340,FUSE1,264497.1262,264497.1262,269569.8262,5072.7,5072.7,1003.0,0.197725,1,p:2.1.1.2.3.1
U8513,340,FUSE1,264555.9262,264555.9262,268584.6262,4028.7,4028.7,1003.0,0.248964,1,p:1.2.2.1.1.2
U8514,340,FUSE1,264613.1262,264613.1262,267481.8262,2868.7,2868.7,1003.0,0.349636,1,p:2.3.3.2.2.1
U8515,340,FUSE1,264671.9262,264671.9262,269976.6262,5304.7,5304.7,1003.0,0.189078,1,p:1.1.4.1.3.2
U8516,340,FUSE1,264729.1262,264729.1262,268525.8262,3796.7,3796.7,1003.0,0.264177,1,p:2.2.5.2.1.1
U8517,340,FUSE2,264787.9262,264787.9262,267888.6262,3100.7,3100.7,1035.4,0.333925,1,p:1.3.1.1.2.2
U8518,340,FUSE2,264845.1262,264845.1262,269801.8262,4956.7,4956.7,1035.4,0.208889,1,p:2.1.2.2.3.1
U8519,340,FUSE2,264903.9262,264903.9262,268236.6262,3332.7,3332.7,1035.4,0.310679,1,p:1.2.3.1.1.2
U8520,340,FUSE2,264961.1262,264961.1262,268757.8262,3796.7,3796.7,1035.4,0.272711,1,p:2.3.4.2.2.1
U8521,340,FUSE2,265019.9262,265019.9262,269628.6262,4608.7,4608.7,1035.4,0.224662,1,p:1.1.5.1.3.2
U8522,340,FUSE2,265077.1262,265077.1262,269337.8262,4260.7,4260.7,1035.4,0.243012,1,p:2.2.1.2.3.1
U8683,348,FUSE0,265135.9262,265135.9262,269685.8262,4549.9,4549.9,941.0,0.206818,1,p:1.3.2.2.1.1
U8684,348,FUSE0,265193.1262,265193.1262,269744.6262,4551.5,4551.5,941.0,0.206745,1,p:2.1.3.1.2.2
U8685,348,FUSE0,265251.9262,265251.9262,269396.6262,4144.7,4144.7,941.0,0.227037,1,p:1.2.4.1.1.2
U8686,348,FUSE0,265309.1262,265309.1262,268409.8262,3100.7,3100.7,941.0,0.30348,1,p:2.3.5.2.2.1
U8687,348,FUSE0,265367.9262,265367.9262,270672.6262,5304.7,5304.7,941.0,0.17739,1,p:1.1.2.1.3.2
U8688,348,FUSE0,265425.1262,265425.1262,269221.8262,3796.7,3796.7,941.0,0.247847,1,p:2.2.3.2.1.1
U8689,348,FUSE0,265483.9262,265483.9262,269048.6262,3564.7,3564.7,941.0,0.263977,1,p:1.3.1.1.2.2
U8690,348,FUSE0,265541.1262,265541.1262,270961.8262,5420.7,5420.7,941.0,0.173594,1,p:2.1.4.2.3.1
U8691,348,FUSE0,265599.9262,265599.9262,269164.6262,3564.7,3564.7,941.0,0.263977,1,p:1.2.5.1.1.2
U8692,348,FUSE1,265657.1262,265657.1262,269453.8262,3796.7,3796.7,1003.0,0.264177,1,p:2.3.2.2.2.1
U8693,348,FUSE1,265715.9262,265715.9262,270208.6262,4492.7,4492.7,1003.0,0.223251,1,p:1.1.3.1.3.2
U8694,348,FUSE1,265773.1262,265773.1262,270149.8262,4376.7,4376.7,1003.0,0.229168,1,p:2.2.1.2.1.1
U8695,348,FUSE1,265831.9262,265831.9262,269512.6262,3680.7,3680.7,1003.0,0.272503,1,p:1.3.4.1.2.2
U8696,348,FUSE1,265889.1262,265889.1262,270729.8262,4840.7,4840.7,1003.0,0.207201,1,p:2.1.5.2.3.1
U8697,348,FUSE1,265947.9262,265947.9262,270324.6262,4376.7,4376.7,1003.0,0.229168,1,p:1.2.2.1.1.2
U8698,348,FUSE1,266005.1262,266005.1262,269105.8262,3100.7,3100.7,1003.0,0.323475,1,p:2.3.3.2.2.1
U8699,348,FUSE1,266063.9262,266063.9262,271020.6262,4956.7,4956.7,1003.0,0.202352,1,p:1.1.1.1.3.2
U8700,348,FUSE1,266121.1262,266121.1262,270381.8262,4260.7,4260.7,1003.0,0.235407,1,p:2.2.4.2.1.1
U8701,348,FUSE2,266179.9262,266179.9262,268468.6262,2288.7,2288.7,1035.4,0.452397,1,p:1.3.5.1.2.2
U8702,348,FUSE2,266237.1262,266237.1262,271657.8262,5420.7,5420.7,1035.4,0.191009,1,p:2.1.2.2.3.1
U8703,348,FUSE2,266295.9262,266295.9262,269860.6262,3564.7,3564.7,1035.4,0.290459,1,p:1.2.3.1.1.2
U8704,348,FUSE2,266353.1262,266353.1262,270265.8262,3912.7,3912.7,1035.4,0.264625,1,p:2.3.1.2.2.1
U8705,348,FUSE2,266411.9262,266411.9262,271832.6262,5420.7,5420.7,1035.4,0.191009,1,p:1.1.4.1.3.2
U8706,348,FUSE2,266469.1262,266469.1262,270033.8262,3564.7,3564.7,1035.4,0.290459,1,p:2.2.5.2.1.1
U8707,348,FUSE2,266527.9262,266527.9262,270497.8262,3969.9,3969.9,1035.4,0.260813,1,p:1.3.2.2.3.1
U8708,348,FUSE2,266585.1262,266585.1262,271368.6262,4783.5,4783.5,1035.4,0.216452,1,p:2.1.3.1.1.2
U8709,348,FUSE2,266643.9262,266643.9262,270613.8262,3969.9,3969.9,1035.4,0.260813,1,p:1.2.1.2.2.1
U1093,44,FUSE0,266701.1262,266701.1262,270440.6262,3739.5,3739.5,941.0,0.251638,1,p:2.3.4.1.2.2
U1094,44,FUSE0,266759.9262,266759.9262,271484.6262,4724.7,4724.7,941.0,0.199166,1,p:1.1.5.1.3.2
U1095,44,FUSE0,266817.1262,266817.1262,271077.8262,4260.7,4260.7,941.0,0.220856,1,p:2.2.4.2.1.1
U1096,44,FUSE0,266875.9262,266875.9262,270788.6262,3912.7,3912.7,941.0,0.240499,1,p:1.3.2.1.2.2
U1097,44,FUSE0,266933.1262,266933.1262,271309.8262,4376.7,4376.7,941.0,0.215002,1,p:2.1.3.2.3.1
U1098,44,FUSE0,266991.9262,266991.9262,271136.6262,4144.7,4144.7,941.0,0.227037,1,p:1.2.1.1.1.2
U1099,44,FUSE0,267049.1262,267049.1262,269917.8262,2868.7,2868.7,941.0,0.328023,1,p:2.3.5.2.2.1
U1100,44,FUSE0,267107.9262,267107.9262,271948.6262,4840.7,4840.7,941.0,0.194393,1,p:1.1.4.1.3.2
U1101,44,FUSE0,267165.1262,267165.1262,271541.8262,4376.7,4376.7,941.0,0.215002,1,p:2.2.2.2.1.1
U1102,44,FUSE1,267223.9262,267223.9262,270092.6262,2868.7,2868.7,1003.0,0.349636,1,p:1.3.3.1.2.2
U1103,44,FUSE1,267281.1262,267281.1262,272353.8262,5072.7,5072.7,1003.0,0.197725,1,p:2.1.1.2.3.1
U1104,44,FUSE1,267339.9262,267339.9262,270556.6262,3216.7,3216.7,1003.0,0.31181,1,p:1.2.5.1.1.2
U1105,44,FUSE1,267397.1262,267397.1262,271425.8262,4028.7,4028.7,1003.0,0.248964,1,p:2.3.4.2.2.1
U1106,44,FUSE1,267455.9262,267455.9262,272992.6262,5536.7,5536.7,1003.0,0.181155,1,p:1.1.2.1.3.2
U1107,44,FUSE1,267513.1262,267513.1262,270845.8262,3332.7,3332.7,1003.0,0.300957,1,p:2.2.3.2.1.1
U1108,44,FUSE1,267571.9262,267571.9262,271252.6262,3680.7,3680.7,1003.0,0.272503,1,p:1.3.1.1.2.2
U1109,44,FUSE1,267629.1262,267629.1262,272121.8262,4492.7,4492.7,1003.0,0.223251,1,p:2.1.5.2.3.1
U1110,44,FUSE1,267687.9262,267687.9262,272064.6262,4376.7,4376.7,1003.0,0.229168,1,p:1.2.4.1.1.2
U1111,44,FUSE2,267745.1262,267745.1262,271773.8262,4028.7,4028.7,1035.4,0.257006,1,p:2.3.2.2.2.1
U1112,44,FUSE2,267803.9262,267803.9262,272296.6262,4492.7,4492.7,1035.4,0.230463,1,p:1.1.3.1.3.2
U1113,44,FUSE2,267861.1262,267861.1262,271889.8262,4028.7,4028.7,1035.4,0.257006,1,p:2.2.1.2.1.1
U1114,44,FUSE2,267919.9262,267919.9262,270904.6262,2984.7,2984.7,1035.4,0.346903,1,p:1.3.5.1.2.2
U1115,44,FUSE2,267977.1262,267977.1262,272817.8262,4840.7,4840.7,1035.4,0.213895,1,p:2.1.4.2.3.1
U1116,44,FUSE2,268035.9262,268035.9262,272760.6262,4724.7,4724.7,1035.4,0.219146,1,p:1.2.2.1.1.2
U1117,44,FUSE2,268093.1262,268093.1262,271193.8262,3100.7,3100.7,1035.4,0.333925,1,p:2.3.3.2.2.1
U1118,44,FUSE2,268151.9262,268151.9262,273224.6262,5072.7,5072.7,1035.4,0.204112,1,p:1.1.1.1.3.2
U1119,44,FUSE2,268209.1262,268209.1262,271600.6262,3391.5,3391.5,1035.4,0.305293,1,p:2.2.5.1.2.2
U5174,207,FUSE0,268267.9262,268267.9262,272585.8262,4317.9,4317.9,941.0,0.21793,1,p:1.3.4.2.1.1
U5175,207,FUSE0,268325.1262,268325.1262,273629.8262,5304.7,5304.7,941.0,0.17739,1,p:2.1.2.2.3.1
U5176,207,FUSE0,268383.9262,268383.9262,271716.6262,3332.7,3332.7,941.0,0.282354,1,p:1.2.3.1.1.2
U5177,207,FUSE0,268441.1262,268441.1262,272005.8262,3564.7,3564.7,941.0,0.263977,1,p:2.3.1.2.2.1
U5178,207,FUSE0,268499.9262,268499.9262,273804.6262,5304.7,5304.7,941.0,0.17739,1,p:1.1.4.1.3.2
U5179,207,FUSE0,268557.1262,268557.1262,272237.8262,3680.7,3680.7,941.0,0.255658,1,p:2.2.5.2.1.1
U5180,207,FUSE0,268615.9262,268615.9262,272412.6262,3796.7,3796.7,941.0,0.247847,1,p:1.3.2.1.2.2
U5181,207,FUSE0,268673.1262,268673.1262,273281.8262,4608.7,4608.7,941.0,0.204179,1,p:2.1.3.2.3.1
U5182,207,FUSE0,268731.9262,268731.9262,272528.6262,3796.7,3796.7,941.0,0.247847,1,p:1.2.1.1.1.2
U5183,207,FUSE1,268789.1262,268789.1262,272701.8262,3912.7,3912.7,1003.0,0.256345,1,p:2.3.4.2.2.1
U5184,207,FUSE1,268847.9262,268847.9262,273456.6262,4608.7,4608.7,1003.0,0.217632,1,p:1.1.5.1.3.2
U5185,207,FUSE1,268905.1262,268905.1262,273165.8262,4260.7,4260.7,1003.0,0.235407,1,p:2.2.2.2.1.1
U5186,207,FUSE1,268963.9262,268963.9262,272180.6262,3216.7,3216.7,1003.0,0.31181,1,p:1.3.3.1.2.2
U5187,207,FUSE1,269021.1262,269021.1262,273977.8262,4956.7,4956.7,1003.0,0.202352,1,p:2.1.1.2.3.1
U5188,207,FUSE1,269079.9262,269079.9262,273688.6262,4608.7,4608.7,1003.0,0.217632,1,p:1.2.4.1.1.2
U5189,207,FUSE1,269137.1262,269137.1262,272469.8262,3332.7,3332.7,1003.0,0.300957,1,p:2.3.5.2.2.1
U5190,207,FUSE1,269195.9262,269195.9262,274732.6262,5536.7,5536.7,1003.0,0.181155,1,p:1.1.2.1.3.2
U5191,207,FUSE1,269253.1262,269253.1262,272933.8262,3680.7,3680.7,1003.0,0.272503,1,p:2.2.3.2.1.1
U5192,207,FUSE2,269311.9262,269311.9262,272876.6262,3564.7,3564.7,1035.4,0.290459,1,p:1.3.1.1.2.2
U5193,207,FUSE2,269369.1262,269369.1262,274441.8262,5072.7,5072.7,1035.4,0.204112,1,p:2.1.4.2.3.1
U5194,207,FUSE2,269427.9262,269427.9262,273108.6262,3680.7,3680.7,1035.4,0.281305,1,p:1.2.5.1.1.2
U5195,207,FUSE2,269485.1262,269485.1262,273397.8262,3912.7,3912.7,1035.4,0.264625,1,p:2.3.2.2.2.1
U5196,207,FUSE2,269543.9262,269543.9262,274384.6262,4840.7,4840.7,1035.4,0.213895,1,p:1.1.3.1.3.2
U5197,207,FUSE2,269601.1262,269601.1262,273513.8262,3912.7,3912.7,1035.4,0.264625,1,p:2.2.1.2.1.1
U5198,207,FUSE2,269659.9262,269659.9262,273572.6262,3912.7,3912.7,1035.4,0.264625,1,p:1.3.4.1.2.2
U5199,207,FUSE2,269717.1262,269717.1262,274325.8262,4608.7,4608.7,1035.4,0.224662,1,p:2.1.5.2.3.1
U5200,207,FUSE2,269775.9262,269775.9262,274036.6262,4260.7,4260.7,1035.4,0.243012,1,p:1.2.2.1.1.2
U5201,207,FUSE2,269833.1262,269833.1262,272644.6262,2811.5,2811.5,1035.4,0.368273,1,p:2.3.3.1.3.2
U2351,95,FUSE0,269891.9262,269891.9262,274789.8262,4897.9,4897.9,941.0,0.192123,1,p:1.1.1.2.2.1
U2352,95,FUSE0,269949.1262,269949.1262,274209.8262,4260.7,4260.7,941.0,0.220856,1,p:2.2.4.2.1.1
U2353,95,FUSE0,270007.9262,270007.9262,273340.6262,3332.7,3332.7,941.0,0.282354,1,p:1.3.5.1.2.2
U2354,95,FUSE0,270065.1262,270065.1262,275601.8262,5536.7,5536.7,941.0,0.169957,1,p:2.1.2.2.3.1
U2355,95,FUSE0,270123.9262,270123.9262,274268.6262,4144.7,4144.7,941.0,0.227037,1,p:1.2.1.1.1.2
U2356,95,FUSE0,270181.1262,270181.1262,273049.8262,2868.7,2868.7,941.0,0.328023,1,p:2.3.3.2.2.1
U2357,95,FUSE0,270239.9262,270239.9262,275196.6262,4956.7,4956.7,941.0,0.189844,1,p:1.1.4.1.3.2
U2358,95,FUSE0,270297.1262,270297.1262,273861.8262,3564.7,3564.7,941.0,0.263977,1,p:2.2.5.2.1.1
U2359,95,FUSE0,270355.9262,270355.9262,274152.6262,3796.7,3796.7,941.0,0.247847,1,p:1.3.2.1.2.2
U2360,95,FUSE1,270413.1262,270413.1262,275833.8262,5420.7,5420.7,1003.0,0.185031,1,p:2.1.1.2.3.1
U2361,95,FUSE1,270471.9262,270471.9262,274616.6262,4144.7,4144.7,1003.0,0.241996,1,p:1.2.3.1.1.2
U2362,95,FUSE1,270529.1262,270529.1262,274093.8262,3564.7,3564.7,1003.0,0.28137,1,p:2.3.4.2.2.1
U2363,95,FUSE1,270587.9262,270587.9262,277730.2262,7142.3,7142.3,1003.0,0.140431,1,p:1.1.5.1.3.2
U2364,95,FUSE1,270645.1262,270645.1262,274673.8262,4028.7,4028.7,1003.0,0.248964,1,p:2.2.2.2.1.1
U2365,95,FUSE1,270703.9262,270703.9262,274500.6262,3796.7,3796.7,1003.0,0.264177,1,p:1.3.1.1.2.2
U2366,95,FUSE1,270761.1262,270761.1262,275137.8262,4376.7,4376.7,1003.0,0.229168,1,p:2.1.3.2.3.1
U2367,95,FUSE1,270819.9262,270819.9262,275080.6262,4260.7,4260.7,1003.0,0.235407,1,p:1.2.4.1.1.2
U2368,95,FUSE1,270877.1262,270877.1262,273745.8262,2868.7,2868.7,1003.0,0.349636,1,p:2.3.5.2.2.1
U2369,95,FUSE2,270935.9262,270935.9262,275660.6262,4724.7,4724.7,1035.4,0.219146,1,p:1.1.2.1.3.2
U2370,95,FUSE2,270993.1262,270993.1262,275021.8262,4028.7,4028.7,1035.4,0.257006,1,p:2.2.1.2.1.1
U2371,95,FUSE2,271051.9262,271051.9262,273920.6262,2868.7,2868.7,1035.4,0.36093,1,p:1.3.3.1.2.2
U2372,95,FUSE2,271109.1262,271109.1262,276065.8262,4956.7,4956.7,1035.4,0.208889,1,p:2.1.4.2.3.1
U2373,95,FUSE2,271167.9262,271167.9262,274848.6262,3680.7,3680.7,1035.4,0.281305,1,p:1.2.5.1.1.2
U2374,95,FUSE2,271225.1262,271225.1262,275253.8262,4028.7,4028.7,1035.4,0.257006,1,p:2.3.2.2.2.1
U2375,95,FUSE2,271283.9262,271283.9262,276008.6262,4724.7,4724.7,1035.4,0.219146,1,p:1.1.1.1.3.2
U2376,95,FUSE2,271341.1262,271341.1262,274964.6262,3623.5,3623.5,1035.4,0.285746,1,p:2.2.3.1.2.2
U2377,95,FUSE2,271399.9262,271399.9262,274905.8262,3505.9,3505.9,1035.4,0.295331,1,p:1.3.4.2.3.1
U4412,177,FUSE0,271457.1262,271457.1262,278617.8262,7160.7,7160.7,941.0,0.131412,1,p:2.1.5.2.1.1
U4413,177,FUSE0,271515.9262,271515.9262,275312.6262,3796.7,3796.7,941.0,0.247847,1,p:1.2.2.1.1.2
U4414,177,FUSE0,271573.1262,271573.1262,275369.8262,3796.7,3796.7,941.0,0.247847,1,p:2.3.1.2.2.1
U4415,177,FUSE0,271631.9262,271631.9262,279054.6262,7422.7,7422.7,941.0,0.126773,1,p:1.1.5.1.3.2
U4416,177,FUSE0,271689.1262,271689.1262,275485.8262,3796.7,3796.7,941.0,0.247847,1,p:2.2.3.2.1.1
U4417,177,FUSE0,271747.9262,271747.9262,275428.6262,3680.7,3680.7,941.0,0.255658,1,p:1.3.4.1.2.2
U4418,177,FUSE0,271805.1262,271805.1262,276993.8262,5188.7,5188.7,941.0,0.181356,1,p:2.1.2.2.3.1
U4419,177,FUSE0,271863.9262,271863.9262,275544.6262,3680.7,3680.7,941.0,0.255658,1,p:1.2.1.1.1.2
U4420,177,FUSE0,271921.1262,271921.1262,274557.8262,2636.7,2636.7,941.0,0.356886,1,p:2.3.5.2.2.1
U4421,177,FUSE1,271979.9262,271979.9262,276356.6262,4376.7,4376.7,1003.0,0.229168,1,p:1.1.3.1.3.2
U4422,177,FUSE1,272037.1262,272037.1262,275949.8262,3912.7,3912.7,1003.0,0.256345,1,p:2.2.4.2.1.1
U4423,177,FUSE1,272095.9262,272095.9262,275776.6262,3680.7,3680.7,1003.0,0.272503,1,p:1.3.2.1.2.2
U4424,177,FUSE1,272153.1262,272153.1262,276645.8262,4492.7,4492.7,1003.0,0.223251,1,p:2.1.1.2.3.1
U4425,177,FUSE1,272211.9262,272211.9262,277846.2262,5634.3,5634.3,1003.0,0.178017,1,p:1.2.5.1.1.2
U4426,177,FUSE1,272269.1262,272269.1262,275717.8262,3448.7,3448.7,1003.0,0.290834,1,p:2.3.3.2.2.1
U4427,177,FUSE1,272327.9262,272327.9262,277382.2262,5054.3,5054.3,1003.0,0.198445,1,p:1.1.4.1.3.2
U4428,177,FUSE1,272385.1262,272385.1262,276181.8262,3796.7,3796.7,1003.0,0.264177,1,p:2.2.2.2.1.1
U4429,177,FUSE1,272443.9262,272443.9262,276124.6262,3680.7,3680.7,1003.0,0.272503,1,p:1.3.1.1.2.2
U4430,177,FUSE2,272501.1262,272501.1262,280051.9262,7550.8,7550.8,1035.4,0.137125,1,p:2.1.5.2.3.1
U4431,177,FUSE2,272559.9262,272559.9262,275892.6262,3332.7,3332.7,1035.4,0.310679,1,p:1.2.3.1.1.2
U4432,177,FUSE2,272617.1262,272617.1262,276297.8262,3680.7,3680.7,1035.4,0.281305,1,p:2.3.4.2.2.1
U4433,177,FUSE2,272675.9262,272675.9262,277614.2262,4938.3,4938.3,1035.4,0.209667,1,p:1.1.2.1.3.2
U4434,177,FUSE2,272733.1262,272733.1262,276413.8262,3680.7,3680.7,1035.4,0.281305,1,p:2.2.1.2.1.1
U4435,177,FUSE2,272791.9262,272791.9262,278194.2262,5402.3,5402.3,1035.4,0.191659,1,p:1.3.5.1.2.2
U4436,177,FUSE2,272849.1262,272849.1262,277225.8262,4376.7,4376.7,1035.4,0.236571,1,p:2.1.3.2.3.1
U4437,177,FUSE2,272907.9262,272907.9262,276491.4262,3583.5,3583.5,1035.4,0.288935,1,p:1.2.4.1.1.2
U4438,177,FUSE2,272965.1262,272965.1262,276529.8262,3564.7,3564.7,1035.4,0.290459,1,p:2.3.2.2.2.1
U4439,177,FUSE2,273023.9262,273023.9262,278037.8262,5013.9,5013.9,1035.4,0.206506,1,p:1.1.1.2.1.1
U2862,115,FUSE0,273081.1262,273081.1262,278658.2262,5577.1,5577.1,941.0,0.168726,1,p:2.2.5.1.3.2
U2863,115,FUSE0,273139.9262,273139.9262,276240.6262,3100.7,3100.7,941.0,0.30348,1,p:1.3.3.1.2.2
U2864,115,FUSE0,273197.1262,273197.1262,278269.8262,5072.7,5072.7,941.0,0.185503,1,p:2.1.4.2.3.1
U2865,115,FUSE0,273255.9262,273255.9262,276666.2262,3410.3,3410.3,941.0,0.275929,1,p:1.2.2.1.1.2
U2866,115,FUSE0,273313.1262,273313.1262,279081.8262,5768.7,5768.7,941.0,0.163122,1,p:2.3.5.2.2.1
U2867,115,FUSE0,273371.9262,273371.9262,278078.2262,4706.3,4706.3,941.0,0.199945,1,p:1.1.1.1.3.2
U2868,115,FUSE0,273429.1262,273429.1262,276761.8262,3332.7,3332.7,941.0,0.282354,1,p:2.2.3.2.1.1
U2869,115,FUSE0,273487.9262,273487.9262,276802.2262,3314.3,3314.3,941.0,0.283921,1,p:1.3.4.1.2.2
U2870,115,FUSE0,273545.1262,273545.1262,278501.8262,4956.7,4956.7,941.0,0.189844,1,p:2.1.2.2.3.1
U2871,115,FUSE0,273603.9262,273603.9262,279518.6262,5914.7,5914.7,941.0,0.159095,1,p:1.2.5.1.1.2
U2872,115,FUSE1,273661.1262,273661.1262,276877.8262,3216.7,3216.7,1003.0,0.31181,1,p:2.3.1.2.2.1
U2873,115,FUSE1,273719.9262,273719.9262,277962.2262,4242.3,4242.3,1003.0,0.236428,1,p:1.1.3.1.3.2
U2874,115,FUSE1,273777.1262,273777.1262,277341.8262,3564.7,3564.7,1003.0,0.28137,1,p:2.2.4.2.1.1
U2875,115,FUSE1,273835.9262,273835.9262,277034.2262,3198.3,3198.3,1003.0,0.313604,1,p:1.3.2.1.2.2
U2876,115,FUSE1,273893.1262,273893.1262,281691.8262,7798.7,7798.7,1003.0,0.128611,1,p:2.1.5.2.3.1
U2877,115,FUSE1,273951.9262,273951.9262,277150.2262,3198.3,3198.3,1003.0,0.313604,1,p:1.2.1.1.1.2
U2878,115,FUSE1,274009.1262,274009.1262,277109.8262,3100.7,3100.7,1003.0,0.323475,1,p:2.3.3.2.2.1
U2879,115,FUSE1,274067.9262,274067.9262,279286.6262,5218.7,5218.7,1003.0,0.192193,1,p:1.1.4.1.3.2
U2880,115,FUSE1,274125.1262,274125.1262,277457.8262,3332.7,3332.7,1003.0,0.300957,1,p:2.2.2.2.1.1
U2881,115,FUSE2,274183.9262,274183.9262,279917.5262,5733.6,5733.6,1035.4,0.180585,1,p:1.3.5.1.2.2
U2882,115,FUSE2,274241.1262,274241.1262,278965.8262,4724.7,4724.7,1035.4,0.219146,1,p:2.1.1.2.3.1
U2883,115,FUSE2,274299.9262,274299.9262,276918.2262,2618.3,2618.3,1035.4,0.395447,1,p:1.2.3.1.1.2
U2884,115,FUSE2,274357.1262,274357.1262,277573.8262,3216.7,3216.7,1035.4,0.321883,1,p:2.3.4.2.2.1
U2885,115,FUSE2,274415.9262,274415.9262,279634.6262,5218.7,5218.7,1035.4,0.198402,1,p:1.1.2.1.3.2
U2886,115,FUSE2,274473.1262,274473.1262,280763.8262,6290.7,6290.7,1035.4,0.164592,1,p:2.2.5.2.1.1
U2887,115,FUSE2,274531.9262,274531.9262,277266.2262,2734.3,2734.3,1035.4,0.378671,1,p:1.3.1.1.2.2
U2888,115,FUSE2,274589.1262,274589.1262,278733.8262,4144.7,4144.7,1035.4,0.249813,1,p:2.1.3.2.3.1
U2889,115,FUSE2,274647.9262,274647.9262,278310.2262,3662.3,3662.3,1035.4,0.282719,1,p:1.2.4.1.1.2
U2890,115,FUSE2,274705.1262,274705.1262,277805.8262,3100.7,3100.7,1035.4,0.333925,1,p:2.3.2.2.2.1
U614,25,FUSE0,274763.9262,274763.9262,282375.9262,7612.0,7612.0,941.0,0.123621,1,p:1.1.5.1.3.2
U615,25,FUSE0,274821.1262,274821.1262,278153.8262,3332.7,3332.7,941.0,0.282354,1,p:2.2.1.2.1.1
U616,25,FUSE0,274879.9262,274879.9262,277498.2262,2618.3,2618.3,941.0,0.359393,1,p:1.3.3.1.2.2
U617,25,FUSE0,274937.1262,274937.1262,280283.9262,5346.8,5346.8,941.0,0.175993,1,p:2.1.4.2.3.1
U618,25,FUSE0,274995.9262,274995.9262,278542.2262,3546.3,3546.3,941.0,0.265347,1,p:1.2.2.1.1.2
U619,25,FUSE0,275053.1262,275053.1262,280879.8262,5826.7,5826.7,941.0,0.161498,1,p:2.3.5.2.2.1
U620,25,FUSE0,275111.9262,275111.9262,280149.5262,5037.6,5037.6,941.0,0.186795,1,p:1.1.1.1.3.2
U621,25,FUSE0,275169.1262,275169.1262,277689.8262,2520.7,2520.7,941.0,0.373309,1,p:2.2.3.2.1.1
U622,25,FUSE0,275227.9262,275227.9262,278426.2262,3198.3,3198.3,941.0,0.294219,1,p:1.3.4.1.2.2
U623,25,FUSE1,275285.1262,275285.1262,280399.9262,5114.8,5114.8,1003.0,0.196098,1,p:2.1.2.2.3.1
U624,25,FUSE1,275343.9262,275343.9262,281036.2262,5692.3,5692.3,1003.0,0.176203,1,p:1.2.5.1.1.2
U625,25,FUSE1,275401.1262,275401.1262,278385.8262,2984.7,2984.7,1003.0,0.336047,1,p:2.3.1.2.2.1
U626,25,FUSE1,275459.9262,275459.9262,279402.6262,3942.7,3942.7,1003.0,0.254394,1,p:1.1.3.1.3.2
U627,25,FUSE1,275517.1262,275517.1262,278849.8262,3332.7,3332.7,1003.0,0.300957,1,p:2.2.4.2.1.1
U628,25,FUSE1,275575.9262,275575.9262,278774.2262,3198.3,3198.3,1003.0,0.313604,1,p:1.3.2.1.2.2
U629,25,FUSE1,275633.1262,275633.1262,283096.7262,7463.6,7463.6,1003.0,0.134386,1,p:2.1.5.2.3.1
U630,25,FUSE1,275691.9262,275691.9262,279170.6262,3478.7,3478.7,1003.0,0.288326,1,p:1.2.1.1.1.2
U631,25,FUSE1,275749.1262,275749.1262,277921.8262,2172.7,2172.7,1003.0,0.461638,1,p:2.3.3.2.2.1
U632,25,FUSE2,275807.9262,275807.9262,281152.2262,5344.3,5344.3,1035.4,0.193739,1,p:1.1.4.1.3.2
U633,25,FUSE2,275865.1262,275865.1262,279703.9262,3838.8,3838.8,1035.4,0.26972,1,p:2.2.2.2.1.1
U634,25,FUSE2,275923.9262,275923.9262,281795.9262,5872.0,5872.0,1035.4,0.176328,1,p:1.3.5.1.2.2
U635,25,FUSE2,275981.1262,275981.1262,281111.8262,5130.7,5130.7,1035.4,0.201805,1,p:2.1.1.2.3.1
U636,25,FUSE2,276039.9262,276039.9262,278938.6262,2898.7,2898.7,1035.4,0.357195,1,p:1.2.3.1.1.2
U637,25,FUSE2,276097.1262,276097.1262,279424.2262,3327.1,3327.1,1035.4,0.311202,1,p:2.3.4.2.2.1
U638,25,FUSE2,276155.9262,276155.9262,281503.5262,5347.6,5347.6,1035.4,0.19362,1,p:1.1.2.1.3.2
U639,25,FUSE2,276213.1262,276213.1262,282155.8262,5942.7,5942.7,1035.4,0.174231,1,p:2.2.5.2.3.1
U640,25,FUSE2,276271.9262,276271.9262,279935.9262,3664.0,3664.0,1035.4,0.282587,1,p:1.3.1.2.1.1
U8545,342,FUSE0,276329.1262,276329.1262,280613.5262,4284.4,4284.4,941.0,0.219634,1,p:2.1.3.1.2.2
U8546,342,FUSE0,276387.9262,276387.9262,280033.5262,3645.6,3645.6,941.0,0.258119,1,p:1.2.4.1.1.2
U8547,342,FUSE0,276445.1262,276445.1262,279819.9262,3374.8,3374.8,941.0,0.278831,1,p:2.3.2.2.2.1
U8548,342,FUSE0,276522.7262,276522.7262,283890.2262,7367.5,7367.5,941.0,0.127723,1,p:1.1.5.1.2.2
U8549,342,FUSE0,276561.1262,276561.1262,279308.2262,2747.1,2747.1,941.0,0.342543,1,p:2.2.3.2.1.1
U8550,342,FUSE0,276677.1262,276677.1262,279750.6262,3073.5,3073.5,941.0,0.306166,1,p:1.3.1.1.3.2
U8551,342,FUSE0,276697.5262,276697.5262,282039.8262,5342.3,5342.3,941.0,0.176141,1,p:2.1.4.2.3.1
U8552,342,FUSE0,276793.1262,276793.1262,280265.5262,3472.4,3472.4,941.0,0.270994,1,p:1.2.2.1.1.2
U8553,342,FUSE1,276833.5262,276833.5262,282735.8262,5902.3,5902.3,1003.0,0.169934,1,p:2.3.5.2.1.1
U8554,342,FUSE1,276909.1262,276909.1262,280845.5262,3936.4,3936.4,1003.0,0.254801,1,p:1.1.3.1.3.2
U8555,342,FUSE1,276949.5262,276949.5262,280167.9262,3218.4,3218.4,1003.0,0.311646,1,p:2.2.1.2.2.1
U8556,342,FUSE1,277025.1262,277025.1262,280381.5262,3356.4,3356.4,1003.0,0.298832,1,p:1.3.4.1.2.2
U8557,342,FUSE1,277065.5262,277065.5262,282271.8262,5206.3,5206.3,1003.0,0.192651,1,p:2.1.2.2.3.1
U8558,342,FUSE1,277141.1262,277141.1262,283071.9262,5930.8,5930.8,1003.0,0.169117,1,p:1.2.5.1.3.2
U8559,342,FUSE1,277181.5262,277181.5262,279587.9262,2406.4,2406.4,1003.0,0.416805,1,p:2.3.3.2.2.1
U8560,342,FUSE1,277257.1262,277257.1262,282143.9262,4886.8,4886.8,1003.0,0.205247,1,p:1.1.1.1.1.2
U8561,342,FUSE2,277297.5262,277297.5262,280995.8262,3698.3,3698.3,1035.4,0.279966,1,p:2.2.4.2.1.1
U8562,342,FUSE2,277373.1262,277373.1262,280729.5262,3356.4,3356.4,1035.4,0.308485,1,p:1.3.2.1.2.2
U8563,342,FUSE2,277413.5262,277413.5262,284612.7262,7199.2,7199.2,1035.4,0.143822,1,p:2.1.5.2.2.1
U8564,342,FUSE2,277489.1262,277489.1262,280497.5262,3008.4,3008.4,1035.4,0.34417,1,p:1.2.3.1.1.2
U8565,342,FUSE2,277529.5262,277529.5262,280647.8262,3118.3,3118.3,1035.4,0.33204,1,p:2.3.1.2.3.1
U8566,342,FUSE2,277605.1262,277605.1262,282723.9262,5118.8,5118.8,1035.4,0.202274,1,p:1.1.4.1.3.2
U8567,342,FUSE2,277645.5262,277645.5262,281343.8262,3698.3,3698.3,1035.4,0.279966,1,p:2.2.2.2.1.1
U8568,342,FUSE2,277721.1262,277721.1262,283658.2262,5937.1,5937.1,1035.4,0.174395,1,p:1.3.5.1.1.2
U3329,134,FUSE0,277761.5262,277761.5262,282027.9262,4266.4,4266.4,941.0,0.220561,1,p:2.1.3.1.2.2
U3330,134,FUSE0,277837.1262,277837.1262,281459.8262,3622.7,3622.7,941.0,0.259751,1,p:1.2.1.2.3.1
U3331,134,FUSE0,277877.5262,277877.5262,281575.8262,3698.3,3698.3,941.0,0.254441,1,p:2.3.4.2.2.1
U3332,134,FUSE0,277953.1262,277953.1262,283187.9262,5234.8,5234.8,941.0,0.179759,1,p:1.1.2.1.3.2
U3333,134,FUSE0,277993.5262,277993.5262,280531.8262,2538.3,2538.3,941.0,0.370721,1,p:2.2.3.2.1.1
U3334,134,FUSE0,278069.1262,278069.1262,281271.5262,3202.4,3202.4,941.0,0.293842,1,p:1.3.1.1.2.2
U3335,134,FUSE0,278109.5262,278109.5262,285484.5975,7375.0713,7375.0713,941.0,0.127592,1,p:2.1.5.2.3.1
U3336,134,FUSE0,278185.1262,278185.1262,281387.5262,3202.4,3202.4,941.0,0.293842,1,p:1.2.4.1.1.2
U3337,134,FUSE1,278225.5262,278225.5262,281807.8262,3582.3,3582.3,1003.0,0.279988,1,p:2.3.2.2.2.1
U3338,134,FUSE1,278301.1262,278301.1262,282607.9262,4306.8,4306.8,1003.0,0.232888,1,p:1.1.3.1.3.2
U3339,134,FUSE1,278341.5262,278341.5262,281923.8262,3582.3,3582.3,1003.0,0.279988,1,p:2.2.1.2.1.1
U3340,134,FUSE1,278417.1262,278417.1262,284354.2262,5937.1,5937.1,1003.0,0.168938,1,p:1.3.5.1.2.2
U3341,134,FUSE1,278457.5262,278457.5262,283676.7262,5219.2,5219.2,1003.0,0.192175,1,p:2.1.4.2.3.1
U3342,134,FUSE1,278533.1262,278533.1262,281911.9262,3378.8,3378.8,1003.0,0.296851,1,p:1.2.2.1.1.2
U3343,134,FUSE1,278573.5262,278573.5262,281227.8262,2654.3,2654.3,1003.0,0.377877,1,p:2.3.3.2.2.1
U3344,134,FUSE1,278649.1262,278649.1262,283774.2262,5125.1,5125.1,1003.0,0.195703,1,p:1.1.1.1.3.2
U3345,134,FUSE2,278689.5262,278689.5262,284377.4262,5687.9,5687.9,1035.4,0.182036,1,p:2.2.5.2.1.1
U3346,134,FUSE2,278765.1262,278765.1262,282491.9262,3726.8,3726.8,1035.4,0.277825,1,p:1.3.4.1.2.2
U3347,134,FUSE2,278805.5262,278805.5262,283908.7262,5103.2,5103.2,1035.4,0.202892,1,p:2.1.2.2.3.1
U3348,134,FUSE2,278881.1262,278881.1262,281619.5262,2738.4,2738.4,1035.4,0.378104,1,p:1.2.3.1.1.2
U3349,134,FUSE2,278969.9262,278969.9262,282619.8262,3649.9,3649.9,1035.4,0.283679,1,p:2.3.1.2.2.1
U3350,134,FUSE2,278997.1262,278997.1262,286456.7262,7459.6,7459.6,1035.4,0.138801,1,p:1.1.5.1.3.2
U3351,134,FUSE2,279085.9262,279085.9262,282503.8262,3417.9,3417.9,1035.4,0.302935,1,p:2.2.4.2.1.1
U1963,79,FUSE0,279113.1262,279113.1262,282839.9262,3726.8,3726.8,941.0,0.252495,1,p:1.3.2.1.2.2
U1964,79,FUSE0,279201.9262,279201.9262,283444.7262,4242.8,4242.8,941.0,0.221787,1,p:2.1.3.2.3.1
U1965,79,FUSE0,279317.9262,279317.9262,282955.9262,3638.0,3638.0,941.0,0.258659,1,p:1.2.1.1.1.2
U1966,79,FUSE0,279339.5262,279339.5262,285368.5975,6029.0713,6029.0713,941.0,0.156077,1,p:2.3.5.2.2.1
U1967,79,FUSE0,279433.9262,279433.9262,284470.2262,5036.3,5036.3,941.0,0.186844,1,p:1.1.4.1.3.2
U1968,79,FUSE0,279455.5262,279455.5262,282980.7262,3525.2,3525.2,941.0,0.266935,1,p:2.2.2.2.1.1
U1969,79,FUSE0,279549.9262,279549.9262,282259.9262,2710.0,2710.0,941.0,0.347232,1,p:1.3.3.1.2.2
U1970,79,FUSE1,279619.2262,279619.2262,284143.8262,4524.6,4524.6,1003.0,0.221677,1,p:2.1.1.2.3.1
U1971,79,FUSE1,279665.9262,279665.9262,285398.2262,5732.3,5732.3,1003.0,0.174973,1,p:1.2.5.1.1.2
U1972,79,FUSE1,279735.2262,279735.2262,283212.7262,3477.5,3477.5,1003.0,0.288426,1,p:2.3.4.2.2.1
U1973,79,FUSE1,279781.9262,279781.9262,284934.2262,5152.3,5152.3,1003.0,0.19467,1,p:1.1.2.1.3.2
U1974,79,FUSE1,279851.2262,279851.2262,282387.8262,2536.6,2536.6,1003.0,0.395411,1,p:2.2.3.2.1.1
U1975,79,FUSE1,279948.8262,279948.8262,283303.9262,3355.1,3355.1,1003.0,0.298948,1,p:1.3.1.1.2.2
U1976,79,FUSE1,279967.2262,279967.2262,287407.9262,7440.7,7440.7,1003.0,0.134799,1,p:2.1.5.2.3.1
U1977,79,FUSE2,280064.8262,280064.8262,283535.9262,3471.1,3471.1,1035.4,0.298292,1,p:1.2.4.1.1.2
U1978,79,FUSE2,280083.2262,280083.2262,283560.7262,3477.5,3477.5,1035.4,0.297743,1,p:2.3.2.2.2.1
U1979,79,FUSE2,280180.8262,280180.8262,284702.2262,4521.4,4521.4,1035.4,0.229,1,p:1.1.3.1.3.2
U1980,79,FUSE2,280199.2262,280199.2262,283328.7262,3129.5,3129.5,1035.4,0.330852,1,p:2.2.1.2.1.1
U1981,79,FUSE2,280296.8262,280296.8262,286223.1262,5926.3,5926.3,1035.4,0.174713,1,p:1.3.5.1.2.2
U1982,79,FUSE2,280315.2262,280315.2262,285252.5975,4937.3713,4937.3713,1035.4,0.209707,1,p:2.1.4.2.3.1
U1983,79,FUSE2,280412.8262,280412.8262,284006.2262,3593.4,3593.4,1035.4,0.288139,1,p:1.2.2.1.1.2
U1984,79,FUSE2,280431.2262,280431.2262,282864.7262,2433.5,2433.5,1035.4,0.425478,1,p:2.3.3.2.2.1
U6607,264,FUSE0,280528.8262,280528.8262,285746.2262,5217.4,5217.4,941.0,0.180358,1,p:1.1.1.1.3.2
U6608,264,FUSE0,280563.1262,280563.1262,286296.5975,5733.4713,5733.4713,941.0,0.164124,1,p:2.2.5.2.1.1
U6609,264,FUSE0,280644.8262,280644.8262,284238.2262,3593.4,3593.4,941.0,0.261869,1,p:1.3.4.1.2.2
U6610,264,FUSE0,280679.1262,280679.1262,285948.5975,5269.4713,5269.4713,941.0,0.178576,1,p:2.1.2.2.3.1
U6611,264,FUSE0,280760.8262,280760.8262,283419.9262,2659.1,2659.1,941.0,0.353879,1,p:1.2.3.1.1.2
U6612,264,FUSE0,280795.1262,280795.1262,283792.7262,2997.6,2997.6,941.0,0.313918,1,p:2.3.1.2.2.1
U6613,264,FUSE0,280876.8262,280876.8262,288903.3975,8026.5713,8026.5713,941.0,0.117236,1,p:1.1.5.1.3.2
U6614,264,FUSE0,280911.1262,280911.1262,284259.8262,3348.7,3348.7,941.0,0.281005,1,p:2.2.4.2.1.1
U6615,264,FUSE0,281027.1262,281027.1262,284586.2262,3559.1,3559.1,941.0,0.264393,1,p:1.3.2.1.2.2
U6616,264,FUSE1,281067.5262,281067.5262,284960.7262,3893.2,3893.2,1003.0,0.257629,1,p:2.1.3.2.3.1
U6617,264,FUSE1,281143.1262,281143.1262,284818.2262,3675.1,3675.1,1003.0,0.272918,1,p:1.2.1.1.1.2
U6618,264,FUSE1,281183.5262,281183.5262,286885.1262,5701.6,5701.6,1003.0,0.175916,1,p:2.3.5.2.2.1
U6619,264,FUSE1,281259.1262,281259.1262,286107.1262,4848.0,4848.0,1003.0,0.206889,1,p:1.1.4.1.3.2
U6620,264,FUSE1,281302.8262,281302.8262,284728.7262,3425.9,3425.9,1003.0,0.29277,1,p:2.2.2.2.1.1
U6621,264,FUSE1,281375.1262,281375.1262,284122.2262,2747.1,2747.1,1003.0,0.365112,1,p:1.3.3.1.2.2
U6622,264,FUSE1,281418.8262,281418.8262,286528.5975,5109.7713,5109.7713,1003.0,0.196291,1,p:2.1.1.2.3.1
U6623,264,FUSE1,281491.1262,281491.1262,287094.9975,5603.8713,5603.8713,1003.0,0.178983,1,p:1.2.5.1.1.2
U6624,264,FUSE2,281534.8262,281534.8262,284844.7262,3309.9,3309.9,1035.4,0.312819,1,p:2.3.4.2.2.1
U6625,264,FUSE2,281607.1262,281607.1262,286978.9975,5371.8713,5371.8713,1035.4,0.192745,1,p:1.1.2.1.3.2
U6626,264,FUSE2,281650.8262,281650.8262,284027.8262,2377.0,2377.0,1035.4,0.435591,1,p:2.2.3.2.1.1
U6627,264,FUSE2,281723.1262,281723.1262,285282.2262,3559.1,3559.1,1035.4,0.290916,1,p:1.3.1.1.2.2
U6628,264,FUSE2,281827.2262,281827.2262,290202.5975,8375.3713,8375.3713,1035.4,0.123624,1,p:2.1.5.2.3.1
U6629,264,FUSE2,281839.1262,281839.1262,285050.2262,3211.1,3211.1,1035.4,0.322444,1,p:1.2.4.1.1.2
U6630,264,FUSE2,281943.2262,281943.2262,285600.5975,3657.3713,3657.3713,1035.4,0.2831,1,p:2.3.2.2.2.1
U6631,264,FUSE2,281955.1262,281955.1262,285832.5975,3877.4713,3877.4713,1035.4,0.26703,1,p:1.1.3.2.1.1
U6632,264,FUSE2,282059.2262,282059.2262,285166.2262,3107.0,3107.0,1035.4,0.333248,1,p:2.2.1.1.3.2
U5034,201,FUSE0,282071.1262,282071.1262,287827.7305,5756.6042,5756.6042,941.0,0.163464,1,p:1.3.5.1.2.2
U5035,201,FUSE0,282175.2262,282175.2262,287175.9262,5000.7,5000.7,941.0,0.188174,1,p:2.1.4.2.3.1
U5036,201,FUSE0,282187.1262,282187.1262,285630.2262,3443.1,3443.1,941.0,0.2733,1,p:1.2.2.1.1.2
U5037,201,FUSE0,282291.2262,282291.2262,287987.9262,5696.7,5696.7,941.0,0.165183,1,p:2.3.5.2.1.1
U5038,201,FUSE0,282303.1262,282303.1262,286630.9975,4327.8713,4327.8713,941.0,0.217428,1,p:1.1.3.1.3.2
U5039,201,FUSE0,282407.2262,282407.2262,285716.5975,3309.3713,3309.3713,941.0,0.284344,1,p:2.2.1.2.2.1
U5040,201,FUSE0,282419.1262,282419.1262,285991.1262,3572.0,3572.0,941.0,0.263438,1,p:1.3.4.1.2.2
U5041,201,FUSE0,282523.2262,282523.2262,287871.9262,5348.7,5348.7,941.0,0.175931,1,p:2.1.2.2.3.1
U5042,201,FUSE1,282535.1262,282535.1262,288523.7305,5988.6042,5988.6042,1003.0,0.167485,1,p:1.2.5.1.3.2
U5043,201,FUSE1,282639.2262,282639.2262,285076.7262,2437.5,2437.5,1003.0,0.411487,1,p:2.3.3.2.2.1
U5044,201,FUSE1,282651.1262,282651.1262,287574.2275,4923.1013,4923.1013,1003.0,0.203733,1,p:1.1.1.1.1.2
U5045,201,FUSE1,282755.2262,282755.2262,286064.5975,3309.3713,3309.3713,1003.0,0.303079,1,p:2.2.4.2.1.1
U5046,201,FUSE1,282767.1262,282767.1262,286340.7262,3573.6,3573.6,1003.0,0.280669,1,p:1.3.2.1.2.2
U5047,201,FUSE1,282871.2262,282871.2262,290666.5975,7795.3713,7795.3713,1003.0,0.128666,1,p:2.1.5.2.2.1
U5048,201,FUSE1,282896.0262,282896.0262,285514.2262,2618.2,2618.2,1003.0,0.383088,1,p:1.2.3.1.1.2
U5049,201,FUSE1,282987.2262,282987.2262,286180.5975,3193.3713,3193.3713,1003.0,0.314088,1,p:2.3.1.2.3.1
U5050,201,FUSE2,283012.0262,283012.0262,288291.7305,5279.7042,5279.7042,1035.4,0.196109,1,p:1.1.4.1.3.2
U5051,201,FUSE2,283103.2262,283103.2262,286644.5975,3541.3713,3541.3713,1035.4,0.292373,1,p:2.2.2.2.1.1
U5052,201,FUSE2,283128.0262,283128.0262,288786.5975,5658.5713,5658.5713,1035.4,0.182979,1,p:1.3.5.1.1.2
U5053,201,FUSE2,283219.2262,283219.2262,287639.9262,4420.7,4420.7,1035.4,0.234216,1,p:2.1.3.2.3.1
U5054,201,FUSE2,283244.0262,283244.0262,286746.9975,3502.9713,3502.9713,1035.4,0.295578,1,p:1.2.1.1.2.2
U5055,201,FUSE2,283335.2262,283335.2262,286760.5975,3425.3713,3425.3713,1035.4,0.302274,1,p:2.3.4.2.2.1
U5056,201,FUSE2,283360.0262,283360.0262,289368.1975,6008.1713,6008.1713,1035.4,0.172332,1,p:1.1.2.1.3.2
U5931,237,FUSE0,283451.2262,283451.2262,289622.5975,6171.3713,6171.3713,941.0,0.152478,1,p:2.2.5.2.3.1
U5932,237,FUSE0,283476.0262,283476.0262,285862.2262,2386.2,2386.2,941.0,0.394351,1,p:1.3.3.1.2.2
U5933,237,FUSE0,283567.2262,283567.2262,288335.9262,4768.7,4768.7,941.0,0.197328,1,p:2.1.1.2.1.1
U5934,237,FUSE0,283592.0262,283592.0262,286862.9975,3270.9713,3270.9713,941.0,0.287682,1,p:1.2.4.1.1.2
U5935,237,FUSE0,283689.5262,283689.5262,287291.9262,3602.4,3602.4,941.0,0.261215,1,p:2.3.2.2.2.1
U5936,237,FUSE0,283708.0262,283708.0262,291874.1975,8166.1713,8166.1713,941.0,0.115231,1,p:1.1.5.1.2.2
U5937,237,FUSE0,283805.5262,283805.5262,286412.5975,2607.0713,2607.0713,941.0,0.360941,1,p:2.2.3.2.1.1
U5938,237,FUSE0,283824.0262,283824.0262,287210.9975,3386.9713,3386.9713,941.0,0.277829,1,p:1.3.1.1.3.2
U5939,237,FUSE1,283921.5262,283921.5262,288799.9262,4878.4,4878.4,1003.0,0.2056,1,p:2.1.4.2.3.1
U5940,237,FUSE1,283940.0262,283940.0262,287442.9975,3502.9713,3502.9713,1003.0,0.286328,1,p:1.2.2.1.1.2
U5941,237,FUSE1,284037.5262,284037.5262,289738.5975,5701.0713,5701.0713,1003.0,0.175932,1,p:2.3.5.2.1.1
U5942,237,FUSE1,284059.1262,284059.1262,288639.7305,4580.6042,4580.6042,1003.0,0.218967,1,p:1.1.3.1.3.2
U5943,237,FUSE1,284153.5262,284153.5262,287523.9262,3370.4,3370.4,1003.0,0.297591,1,p:2.2.1.2.2.1
U5944,237,FUSE1,284175.1262,284175.1262,287711.7305,3536.6042,3536.6042,1003.0,0.283605,1,p:1.3.4.1.2.2
U5945,237,FUSE1,284269.5262,284269.5262,290434.5975,6165.0713,6165.0713,1003.0,0.162691,1,p:2.1.2.2.3.1
U5946,237,FUSE1,284291.1262,284291.1262,290708.5975,6417.4713,6417.4713,1003.0,0.156292,1,p:1.2.5.1.3.2
U5947,237,FUSE2,284385.5262,284385.5262,287059.9262,2674.4,2674.4,1035.4,0.387152,1,p:2.3.3.2.2.1
U5948,237,FUSE2,284408.7262,284408.7262,289832.1975,5423.4713,5423.4713,1035.4,0.190911,1,p:1.1.1.1.1.2
U5949,237,FUSE2,284501.5262,284501.5262,287755.9262,3254.4,3254.4,1035.4,0.318154,1,p:2.2.4.2.1.1
U5950,237,FUSE2,284617.5262,284617.5262,288175.7305,3558.2042,3558.2042,1035.4,0.290989,1,p:1.3.2.1.2.2
U5951,237,FUSE2,284644.0262,284644.0262,293102.5975,8458.5713,8458.5713,1035.4,0.122408,1,p:2.1.5.2.2.1
U5952,237,FUSE2,284733.5262,284733.5262,287326.9975,2593.4713,2593.4713,1035.4,0.399233,1,p:1.2.3.1.1.2
U5953,237,FUSE2,284760.0262,284760.0262,288103.9262,3343.9,3343.9,1035.4,0.309638,1,p:2.3.1.2.3.1
U5954,237,FUSE2,284849.5262,284849.5262,289970.5975,5121.0713,5121.0713,1035.4,0.202184,1,p:1.1.4.2.1.1
U5955,237,FUSE2,284876.0262,284876.0262,288407.7305,3531.7042,3531.7042,1035.4,0.293173,1,p:2.2.2.1.1.2
U4030,162,FUSE0,284965.5262,284965.5262,290942.1975,5976.6713,5976.6713,941.0,0.157446,1,p:1.3.5.1.2.2
U4031,162,FUSE0,284992.0262,284992.0262,289854.5975,4862.5713,4862.5713,941.0,0.193519,1,p:2.1.3.2.3.1
U4032,162,FUSE0,285081.5262,285081.5262,288059.7305,2978.2042,2978.2042,941.0,0.315962,1,p:1.2.1.1.3.2
U4033,162,FUSE0,285108.0262,285108.0262,291246.5975,6138.5713,6138.5713,941.0,0.153293,1,p:2.3.5.2.1.1
U4034,162,FUSE0,285197.5262,285197.5262,291058.1975,5860.6713,5860.6713,941.0,0.160562,1,p:1.1.4.1.3.2
U4035,162,FUSE0,285283.8975,285283.8975,289098.1975,3814.3,3814.3,941.0,0.246703,1,p:2.2.2.2.3.1
U4036,162,FUSE0,285313.5262,285313.5262,287943.7305,2630.2042,2630.2042,941.0,0.357767,1,p:1.3.3.1.2.2
U4037,162,FUSE0,285399.8975,285399.8975,290086.5975,4686.7,4686.7,941.0,0.200781,1,p:2.1.1.2.2.1
U4038,162,FUSE0,285429.5262,285429.5262,291290.1975,5860.6713,5860.6713,941.0,0.160562,1,p:1.2.5.1.1.2
U4039,162,FUSE1,285515.8975,285515.8975,288451.9262,2936.0287,2936.0287,1003.0,0.341618,1,p:2.3.4.2.2.1
U4040,162,FUSE1,285545.5262,285545.5262,291406.1975,5860.6713,5860.6713,1003.0,0.171141,1,p:1.1.2.1.2.2
U4041,162,FUSE1,285631.8975,285631.8975,288219.9262,2588.0287,2588.0287,1003.0,0.387554,1,p:2.2.3.2.1.1
U4042,162,FUSE1,285661.5262,285661.5262,289716.1975,4054.6713,4054.6713,1003.0,0.247369,1,p:1.3.1.1.3.2
U4043,162,FUSE1,285747.8975,285747.8975,293450.5975,7702.7,7702.7,1003.0,0.130214,1,p:2.1.5.2.3.1
U4044,162,FUSE1,285777.5262,285777.5262,289484.1975,3706.6713,3706.6713,1003.0,0.270593,1,p:1.2.4.1.1.2
U4045,162,FUSE1,285863.8975,285863.8975,288981.3975,3117.5,3117.5,1003.0,0.321732,1,p:2.3.2.2.1.1
U4046,162,FUSE1,285893.5262,285893.5262,290826.1975,4932.6713,4932.6713,1003.0,0.203338,1,p:1.1.3.1.3.2
U4047,162,FUSE1,285979.8975,285979.8975,288683.9262,2704.0287,2704.0287,1003.0,0.370928,1,p:2.2.1.2.2.1
U4048,162,FUSE2,286022.4262,286022.4262,292570.1975,6547.7713,6547.7713,1035.4,0.15813,1,p:1.3.5.1.2.2
U4049,162,FUSE2,286095.8975,286095.8975,291478.5975,5382.7,5382.7,1035.4,0.192357,1,p:2.1.4.2.3.1
U4050,162,FUSE2,286138.4262,286138.4262,290476.5975,4338.1713,4338.1713,1035.4,0.238672,1,p:1.2.2.1.3.2
U4051,162,FUSE2,286211.8975,286211.8975,288567.9262,2356.0287,2356.0287,1035.4,0.439468,1,p:2.3.3.2.2.1
U4052,162,FUSE2,286254.4262,286254.4262,291638.1975,5383.7713,5383.7713,1035.4,0.192319,1,p:1.1.1.1.1.2
U4053,162,FUSE2,286327.8975,286327.8975,292174.5975,5846.7,5846.7,1035.4,0.177091,1,p:2.2.5.2.1.1
U4054,162,FUSE2,286372.0262,286372.0262,289252.1975,2880.1713,2880.1713,1035.4,0.359493,1,p:1.3.4.1.2.2
U4055,162,FUSE2,286443.8975,286443.8975,292754.5975,6310.7,6310.7,1035.4,0.164071,1,p:2.1.2.2.2.1
U4056,162,FUSE2,286488.0262,286488.0262,289136.1975,2648.1713,2648.1713,1035.4,0.390987,1,p:1.2.3.1.1.2
U4057,162,FUSE2,286559.8975,286559.8975,290782.5975,4222.7,4222.7,1035.4,0.245199,1,p:2.3.1.2.3.1
U8353,334,FUSE0,286662.2975,286662.2975,294078.1975,7415.9,7415.9,941.0,0.12689,1,p:1.1.5.1.3.2
U8354,334,FUSE0,286675.8975,286675.8975,290550.5975,3874.7,3874.7,941.0,0.242858,1,p:2.2.4.2.1.1
U8355,334,FUSE0,286778.2975,286778.2975,290359.7975,3581.5,3581.5,941.0,0.262739,1,p:1.3.2.1.1.2
U8356,334,FUSE0,286791.8975,286791.8975,291594.5975,4802.7,4802.7,941.0,0.195931,1,p:2.1.3.2.3.1
U8357,334,FUSE0,286894.2975,286894.2975,289948.1975,3053.9,3053.9,941.0,0.308131,1,p:1.2.1.1.2.2
U8358,334,FUSE0,286916.4262,286916.4262,293334.5975,6418.1713,6418.1713,941.0,0.146615,1,p:2.3.5.2.2.1
U8359,334,FUSE0,287010.2975,287010.2975,292338.1975,5327.9,5327.9,941.0,0.176617,1,p:1.1.4.1.3.2
U8360,334,FUSE0,287091.2262,287091.2262,290898.5975,3807.3713,3807.3713,941.0,0.247152,1,p:2.2.2.2.1.1
U8361,334,FUSE0,287126.2975,287126.2975,289600.1975,2473.9,2473.9,941.0,0.380371,1,p:1.3.3.1.2.2
U8362,334,FUSE1,287207.2262,287207.2262,292058.5975,4851.3713,4851.3713,1003.0,0.206746,1,p:2.1.1.2.3.1
U8363,334,FUSE1,287242.2975,287242.2975,292918.1975,5675.9,5675.9,1003.0,0.176712,1,p:1.2.5.1.1.2
U8364,334,FUSE1,287323.2262,287323.2262,291362.5975,4039.3713,4039.3713,1003.0,0.248306,1,p:2.3.4.2.2.1
U8365,334,FUSE1,287358.2975,287358.2975,292802.1975,5443.9,5443.9,1003.0,0.184243,1,p:1.1.2.1.3.2
U8366,334,FUSE1,287439.2262,287439.2262,290318.5975,2879.3713,2879.3713,1003.0,0.34834,1,p:2.2.3.2.1.1
U8367,334,FUSE1,287474.2975,287474.2975,290592.5975,3118.3,3118.3,1003.0,0.32165,1,p:1.3.1.1.2.2
U8368,334,FUSE1,287555.2262,287555.2262,294746.361,7191.1348,7191.1348,1003.0,0.139477,1,p:2.1.5.2.3.1
U8369,334,FUSE1,287605.5275,287605.5275,291174.1975,3568.6699,3568.6699,1003.0,0.281057,1,p:1.2.4.1.1.2
U8370,334,FUSE1,287671.2262,287671.2262,291942.5975,4271.3713,4271.3713,1003.0,0.234819,1,p:2.3.2.2.2.1
U8371,334,FUSE2,287743.0305,287743.0305,291990.1975,4247.167,4247.167,1035.4,0.243786,1,p:1.1.3.1.3.2
U8372,334,FUSE2,287787.2262,287787.2262,291014.5975,3227.3713,3227.3713,1035.4,0.320818,1,p:2.2.1.2.1.1
U8373,334,FUSE2,287859.0305,287859.0305,294310.1975,6451.167,6451.167,1035.4,0.160498,1,p:1.3.5.1.2.2
U8374,334,FUSE2,287903.2262,287903.2262,292986.5975,5083.3713,5083.3713,1035.4,0.203684,1,p:2.1.4.2.3.1
U8375,334,FUSE2,287975.0305,287975.0305,291758.1975,3783.167,3783.167,1035.4,0.273686,1,p:1.2.2.1.1.2
U8376,334,FUSE2,288019.2262,288019.2262,291130.5975,3111.3713,3111.3713,1035.4,0.332779,1,p:2.3.3.2.2.1
U8377,334,FUSE2,288091.0305,288091.0305,293034.1975,4943.167,4943.167,1035.4,0.209461,1,p:1.1.1.1.3.2
U8378,334,FUSE2,288135.2262,288135.2262,294262.5975,6127.3713,6127.3713,1035.4,0.168979,1,p:2.2.5.2.1.1
U8379,334,FUSE2,288207.0305,288207.0305,292638.5975,4431.567,4431.567,1035.4,0.233642,1,p:1.3.4.2.2.1
U8380,334,FUSE2,288251.2262,288251.2262,293266.1975,5014.9713,5014.9713,1035.4,0.206462,1,p:2.1.2.1.1.2
U3884,156,FUSE0,288323.0305,288323.0305,291522.1975,3199.167,3199.167,941.0,0.294139,1,p:1.2.3.1.2.2
U3885,156,FUSE0,288367.2262,288367.2262,291826.5975,3459.3713,3459.3713,941.0,0.272015,1,p:2.3.1.2.3.1
U3886,156,FUSE0,288439.0305,288439.0305,295702.1975,7263.167,7263.167,941.0,0.129558,1,p:1.1.5.1.3.2
U3887,156,FUSE0,288483.2262,288483.2262,291710.5975,3227.3713,3227.3713,941.0,0.291569,1,p:2.2.3.2.1.1
U3888,156,FUSE0,288555.0305,288555.0305,292106.1975,3551.167,3551.167,941.0,0.264983,1,p:1.3.4.1.1.2
U3889,156,FUSE0,288599.2262,288599.2262,293798.5975,5199.3713,5199.3713,941.0,0.180983,1,p:2.1.2.2.3.1
U3890,156,FUSE0,288671.0305,288671.0305,292222.1975,3551.167,3551.167,941.0,0.264983,1,p:1.2.1.1.2.2
U3891,156,FUSE0,288715.2262,288715.2262,295442.361,6727.1348,6727.1348,941.0,0.139881,1,p:2.3.5.2.2.1
U3892,156,FUSE1,288817.8975,288817.8975,293382.1975,4564.3,4564.3,1003.0,0.219749,1,p:1.1.3.1.3.2
U3893,156,FUSE1,288831.2262,288831.2262,292522.5975,3691.3713,3691.3713,1003.0,0.271715,1,p:2.2.4.2.3.1
U3894,156,FUSE1,288934.6975,288934.6975,293150.1975,4215.5,4215.5,1003.0,0.237931,1,p:1.3.2.1.2.2
U3895,156,FUSE1,289012.6975,289012.6975,294030.5975,5017.9,5017.9,1003.0,0.199884,1,p:2.1.1.2.1.1
U3896,156,FUSE1,289129.4975,289129.4975,295122.1975,5992.7,5992.7,1003.0,0.16737,1,p:1.2.5.1.1.2
U3897,156,FUSE1,289167.4975,289167.4975,292290.5975,3123.1,3123.1,1003.0,0.321155,1,p:2.3.3.2.2.1
U3898,156,FUSE1,289283.4975,289283.4975,294658.1975,5374.7,5374.7,1003.0,0.186615,1,p:1.1.4.1.2.2
U3899,156,FUSE1,289399.4975,289399.4975,292406.5975,3007.1,3007.1,1003.0,0.333544,1,p:2.2.2.2.1.1
U3900,156,FUSE1,289515.4975,289515.4975,292454.1975,2938.7,2938.7,1003.0,0.341307,1,p:1.3.1.1.3.2
U3901,156,FUSE2,289631.4975,289631.4975,296370.361,6738.8635,6738.8635,1035.4,0.153646,1,p:2.1.5.2.3.1
U3902,156,FUSE2,289653.8975,289653.8975,292686.1975,3032.3,3032.3,1035.4,0.341457,1,p:1.2.3.1.1.2
U3903,156,FUSE2,289747.4975,289747.4975,292870.5975,3123.1,3123.1,1035.4,0.33153,1,p:2.3.4.2.1.1
U3904,156,FUSE2,289769.8975,289769.8975,294426.1975,4656.3,4656.3,1035.4,0.222365,1,p:1.1.2.1.3.2
U3905,156,FUSE2,289863.4975,289863.4975,293682.5975,3819.1,3819.1,1035.4,0.271111,1,p:2.2.1.2.2.1
U3906,156,FUSE2,289885.8975,289885.8975,296282.1975,6396.3,6396.3,1035.4,0.161875,1,p:1.3.5.1.2.2
U3907,156,FUSE2,289979.4975,289979.4975,293614.1975,3634.7,3634.7,1035.4,0.284865,1,p:2.1.3.1.1.2
U3908,156,FUSE2,290001.8975,290001.8975,294146.5975,4144.7,4144.7,1035.4,0.249813,1,p:1.2.4.2.2.1
U3909,156,FUSE2,290117.8975,290117.8975,293498.1975,3380.3,3380.3,1035.4,0.306304,1,p:2.3.2.1.3.2
U4915,196,FUSE0,290233.8975,290233.8975,294494.5975,4260.7,4260.7,941.0,0.220856,1,p:1.1.1.2.3.1
U4916,196,FUSE0,290349.8975,290349.8975,296022.361,5672.4635,5672.4635,941.0,0.165889,1,p:2.2.5.2.1.1
U4917,196,FUSE0,290391.0975,290391.0975,293962.1975,3571.1,3571.1,941.0,0.263504,1,p:1.3.1.1.2.2
U4918,196,FUSE0,290465.8975,290465.8975,293914.5975,3448.7,3448.7,941.0,0.272856,1,p:2.1.3.2.3.1
U4919,196,FUSE0,290507.8975,290507.8975,293846.1975,3338.3,3338.3,941.0,0.28188,1,p:1.2.4.1.1.2
U4920,196,FUSE0,290581.8975,290581.8975,294378.5975,3796.7,3796.7,941.0,0.247847,1,p:2.3.2.2.2.1
U4921,196,FUSE0,290623.8975,290623.8975,297210.1975,6586.3,6586.3,941.0,0.142872,1,p:1.1.5.1.3.2
U4922,196,FUSE1,290697.8975,290697.8975,293566.5975,2868.7,2868.7,1003.0,0.349636,1,p:2.2.1.2.1.1
U4923,196,FUSE1,290739.8975,290739.8975,293730.1975,2990.3,2990.3,1003.0,0.335418,1,p:1.3.3.1.2.2
U4924,196,FUSE1,290813.8975,290813.8975,294978.361,4164.4635,4164.4635,1003.0,0.240847,1,p:2.1.4.2.3.1
U4925,196,FUSE1,290857.4975,290857.4975,294194.1975,3336.7,3336.7,1003.0,0.300596,1,p:1.2.2.1.1.2
U4926,196,FUSE1,290929.8975,290929.8975,297077.561,6147.6635,6147.6635,1003.0,0.163151,1,p:2.3.5.2.2.1
U4927,196,FUSE1,290973.4975,290973.4975,295238.1975,4264.7,4264.7,1003.0,0.235187,1,p:1.1.1.1.3.2
U4928,196,FUSE1,291045.8975,291045.8975,293218.5975,2172.7,2172.7,1003.0,0.461638,1,p:2.2.3.2.1.1
U4929,196,FUSE2,291089.4975,291089.4975,295006.1975,3916.7,3916.7,1035.4,0.264355,1,p:1.3.4.1.2.2
U4930,196,FUSE2,291161.8975,291161.8975,295210.361,4048.4635,4048.4635,1035.4,0.255751,1,p:2.1.2.2.3.1
U4931,196,FUSE2,291205.4975,291205.4975,296862.1975,5656.7,5656.7,1035.4,0.18304,1,p:1.2.5.1.1.2
U4932,196,FUSE2,291277.8975,291277.8975,295094.361,3816.4635,3816.4635,1035.4,0.271298,1,p:2.3.1.2.2.1
U4933,196,FUSE2,291321.4975,291321.4975,294862.361,3540.8635,3540.8635,1035.4,0.292415,1,p:1.1.3.2.1.1
U4934,196,FUSE2,291393.8975,291393.8975,295586.1975,4192.3,4192.3,1035.4,0.246977,1,p:2.2.4.1.2.2
U865,35,FUSE0,291437.4975,291437.4975,294774.1975,3336.7,3336.7,941.0,0.282015,1,p:1.3.2.1.3.2
U866,35,FUSE0,291509.8975,291509.8975,298126.5975,6616.7,6616.7,941.0,0.142216,1,p:2.1.5.2.3.1
U867,35,FUSE0,291553.4975,291553.4975,294542.1975,2988.7,2988.7,941.0,0.314853,1,p:1.2.1.1.1.2
U868,35,FUSE0,291625.8975,291625.8975,295558.361,3932.4635,3932.4635,941.0,0.23929,1,p:2.3.2.2.2.1
U869,35,FUSE0,291669.4975,291669.4975,295470.1975,3800.7,3800.7,941.0,0.247586,1,p:1.1.3.1.3.2
U870,35,FUSE0,291741.8975,291741.8975,295326.361,3584.4635,3584.4635,941.0,0.262522,1,p:2.2.4.2.1.1
U871,35,FUSE0,291789.4975,291789.4975,297790.1975,6000.7,6000.7,941.0,0.156815,1,p:1.3.5.1.2.2
U872,35,FUSE0,291857.8975,291857.8975,295906.361,4048.4635,4048.4635,941.0,0.232434,1,p:2.1.1.2.3.1
U873,35,FUSE0,291905.4975,291905.4975,295354.1975,3448.7,3448.7,941.0,0.272856,1,p:1.2.2.1.1.2
U874,35,FUSE1,291973.8975,291973.8975,294630.361,2656.4635,2656.4635,1003.0,0.37757,1,p:2.3.3.2.2.1
U875,35,FUSE1,292021.4975,292021.4975,296050.1975,4028.7,4028.7,1003.0,0.248964,1,p:1.1.4.1.3.2
U876,35,FUSE1,292089.8975,292089.8975,298010.5975,5920.7,5920.7,1003.0,0.169406,1,p:2.2.5.2.1.1
U877,35,FUSE1,292137.4975,292137.4975,295818.1975,3680.7,3680.7,1003.0,0.272503,1,p:1.3.1.1.2.2
U878,35,FUSE1,292205.8975,292205.8975,296718.361,4512.4635,4512.4635,1003.0,0.222273,1,p:2.1.2.2.3.1
U879,35,FUSE1,292253.4975,292253.4975,294890.1975,2636.7,2636.7,1003.0,0.3804,1,p:1.2.3.1.1.2
U880,35,FUSE1,292321.8975,292321.8975,296254.361,3932.4635,3932.4635,1003.0,0.255056,1,p:2.3.4.2.2.1
U881,35,FUSE1,292369.4975,292369.4975,298950.1975,6580.7,6580.7,1003.0,0.152415,1,p:1.1.5.1.3.2
U882,35,FUSE1,292437.8975,292437.8975,295674.361,3236.4635,3236.4635,1003.0,0.309906,1,p:2.2.1.2.1.1
U883,35,FUSE2,292485.4975,292485.4975,296746.1975,4260.7,4260.7,1035.4,0.243012,1,p:1.3.2.1.2.2
U884,35,FUSE2,292553.8975,292553.8975,296138.361,3584.4635,3584.4635,1035.4,0.288858,1,p:2.1.3.2.3.1
U885,35,FUSE2,292601.4975,292601.4975,296166.1975,3564.7,3564.7,1035.4,0.290459,1,p:1.2.4.1.1.2
U886,35,FUSE2,292669.8975,292669.8975,298938.5975,6268.7,6268.7,1035.4,0.16517,1,p:2.3.5.2.2.1
U887,35,FUSE2,292717.4975,292717.4975,296514.1975,3796.7,3796.7,1035.4,0.272711,1,p:1.1.1.1.3.2
U888,35,FUSE2,292785.8975,292785.8975,296486.361,3700.4635,3700.4635,1035.4,0.279803,1,p:2.2.2.2.1.1
U889,35,FUSE2,292833.4975,292833.4975,295934.1975,3100.7,3100.7,1035.4,0.333925,1,p:1.3.3.1.2.2
U890,35,FUSE2,292901.8975,292901.8975,297314.5975,4412.7,4412.7,1035.4,0.234641,1,p:2.1.4.2.3.1
U891,35,FUSE2,292949.4975,292949.4975,298718.1975,5768.7,5768.7,1035.4,0.179486,1,p:1.2.5.1.1.2
U691,28,FUSE0,293017.8975,293017.8975,296602.361,3584.4635,3584.4635,941.0,0.262522,1,p:2.3.1.2.2.1
U692,28,FUSE0,293065.4975,293065.4975,297442.1975,4376.7,4376.7,941.0,0.215002,1,p:1.1.2.1.3.2
U693,28,FUSE0,293133.8975,293133.8975,295790.361,2656.4635,2656.4635,941.0,0.35423,1,p:2.2.3.2.1.1
U694,28,FUSE0,293181.4975,293181.4975,297094.1975,3912.7,3912.7,941.0,0.240499,1,p:1.3.4.1.2.2
U695,28,FUSE0,293249.8975,293249.8975,300277.961,7028.0635,7028.0635,941.0,0.133892,1,p:2.1.5.2.3.1
U696,28,FUSE0,293297.4975,293297.4975,296398.1975,3100.7,3100.7,941.0,0.30348,1,p:1.2.1.1.1.2
U697,28,FUSE0,293365.8975,293365.8975,297546.5975,4180.7,4180.7,941.0,0.225082,1,p:2.3.2.2.2.1
U698,28,FUSE0,293413.4975,293413.4975,296978.1975,3564.7,3564.7,941.0,0.263977,1,p:1.1.3.1.3.2
U699,28,FUSE0,293481.8975,293481.8975,296950.361,3468.4635,3468.4635,941.0,0.271302,1,p:2.2.4.2.1.1
U700,28,FUSE1,293529.4975,293529.4975,299414.1975,5884.7,5884.7,1003.0,0.170442,1,p:1.3.5.1.2.2
U701,28,FUSE1,293597.8975,293597.8975,297662.5975,4064.7,4064.7,1003.0,0.246759,1,p:2.1.1.2.3.1
U702,28,FUSE1,293645.4975,293645.4975,297326.1975,3680.7,3680.7,1003.0,0.272503,1,p:1.2.2.1.1.2
U703,28,FUSE1,293713.8975,293713.8975,296834.361,3120.4635,3120.4635,1003.0,0.321427,1,p:2.3.3.2.2.1
U704,28,FUSE1,293761.4975,293761.4975,298022.1975,4260.7,4260.7,1003.0,0.235407,1,p:1.1.4.1.3.2
U705,28,FUSE1,293829.8975,293829.8975,299813.961,5984.0635,5984.0635,1003.0,0.167612,1,p:2.2.5.2.1.1
U706,28,FUSE1,293877.4975,293877.4975,297558.1975,3680.7,3680.7,1003.0,0.272503,1,p:1.3.1.1.2.2
U707,28,FUSE1,293945.8975,293945.8975,298590.5975,4644.7,4644.7,1003.0,0.215945,1,p:2.1.2.2.3.1
U708,28,FUSE1,293993.4975,293993.4975,296630.1975,2636.7,2636.7,1003.0,0.3804,1,p:1.2.3.1.1.2
U709,28,FUSE2,294061.8975,294061.8975,297894.5975,3832.7,3832.7,1035.4,0.270149,1,p:2.3.4.2.2.1
U710,28,FUSE2,294109.4975,294109.4975,300690.1975,6580.7,6580.7,1035.4,0.157339,1,p:1.1.5.1.3.2
U711,28,FUSE2,294177.8975,294177.8975,297430.5975,3252.7,3252.7,1035.4,0.31832,1,p:2.2.1.2.1.1
U712,28,FUSE2,294225.4975,294225.4975,298138.1975,3912.7,3912.7,1035.4,0.264625,1,p:1.3.2.1.2.2
U713,28,FUSE2,294293.8975,294293.8975,297778.5975,3484.7,3484.7,1035.4,0.297127,1,p:2.1.3.2.3.1
U714,28,FUSE2,294341.4975,294341.4975,297906.1975,3564.7,3564.7,1035.4,0.290459,1,p:1.2.4.1.1.2
U715,28,FUSE2,294409.8975,294409.8975,300509.961,6100.0635,6100.0635,1035.4,0.169736,1,p:2.3.5.2.2.1
U716,28,FUSE2,294457.4975,294457.4975,298602.1975,4144.7,4144.7,1035.4,0.249813,1,p:1.1.1.1.3.2
U717,28,FUSE2,294525.8975,294525.8975,298486.1975,3960.3,3960.3,1035.4,0.261445,1,p:2.2.2.1.2.2
U945,38,FUSE0,294573.4975,294573.4975,297196.9975,2623.5,2623.5,941.0,0.358681,1,p:1.3.3.2.1.1
U946,38,FUSE0,294661.661,294661.661,299170.5975,4508.9365,4508.9365,941.0,0.208697,1,p:2.1.4.2.3.1
U947,38,FUSE0,294689.4975,294689.4975,300110.1975,5420.7,5420.7,941.0,0.173594,1,p:1.2.5.1.1.2
U948,38,FUSE0,294777.661,294777.661,298474.5975,3696.9365,3696.9365,941.0,0.254535,1,p:2.3.1.2.2.1
U949,38,FUSE0,294805.4975,294805.4975,298370.1975,3564.7,3564.7,941.0,0.263977,1,p:1.1.3.1.3.2
U950,38,FUSE0,294893.661,294893.661,298358.5975,3464.9365,3464.9365,941.0,0.271578,1,p:2.2.2.2.1.1
U951,38,FUSE0,294921.4975,294921.4975,298834.1975,3912.7,3912.7,941.0,0.240499,1,p:1.3.4.1.2.2
U952,38,FUSE0,295009.661,295009.661,301553.961,6544.3,6544.3,941.0,0.143789,1,p:2.1.5.2.3.1
U953,38,FUSE1,295037.4975,295037.4975,298254.1975,3216.7,3216.7,1003.0,0.31181,1,p:1.2.1.1.1.2
U954,38,FUSE1,295125.661,295125.661,298242.5975,3116.9365,3116.9365,1003.0,0.32179,1,p:2.3.3.2.2.1
U955,38,FUSE1,295153.4975,295153.4975,299530.1975,4376.7,4376.7,1003.0,0.229168,1,p:1.1.2.1.3.2
U956,38,FUSE1,295241.661,295241.661,298822.5975,3580.9365,3580.9365,1003.0,0.280094,1,p:2.2.4.2.1.1
U957,38,FUSE1,295269.4975,295269.4975,300806.1975,5536.7,5536.7,1003.0,0.181155,1,p:1.3.5.1.2.2
U958,38,FUSE1,295357.661,295357.661,300161.961,4804.3,4804.3,1003.0,0.208771,1,p:2.1.1.2.3.1
U959,38,FUSE1,295385.4975,295385.4975,297674.1975,2288.7,2288.7,1003.0,0.43824,1,p:1.2.3.1.1.2
U960,38,FUSE1,295473.661,295473.661,299349.961,3876.3,3876.3,1003.0,0.258752,1,p:2.3.2.2.2.1
U961,38,FUSE2,295501.4975,295501.4975,299878.1975,4376.7,4376.7,1035.4,0.236571,1,p:1.1.4.1.3.2
U962,38,FUSE2,295589.661,295589.661,301089.961,5500.3,5500.3,1035.4,0.188244,1,p:2.2.5.2.1.1
U963,38,FUSE2,295617.4975,295617.4975,299182.1975,3564.7,3564.7,1035.4,0.290459,1,p:1.3.1.1.2.2
U964,38,FUSE2,295705.661,295705.661,299465.961,3760.3,3760.3,1035.4,0.27535,1,p:2.1.3.2.3.1
U965,38,FUSE2,295733.4975,295733.4975,299066.1975,3332.7,3332.7,1035.4,0.310679,1,p:1.2.2.1.1.2
U966,38,FUSE2,295821.661,295821.661,299929.961,4108.3,4108.3,1035.4,0.252026,1,p:2.3.4.2.2.1
U967,38,FUSE2,295849.4975,295849.4975,302862.9975,7013.5,7013.5,1035.4,0.14763,1,p:1.1.5.1.3.2
U968,38,FUSE2,295937.661,295937.661,299054.5975,3116.9365,3116.9365,1035.4,0.332185,1,p:2.2.1.2.3.1
U5283,211,FUSE0,295965.4975,295965.4975,298706.5975,2741.1,2741.1,941.0,0.343293,1,p:1.3.3.2.1.1
U5284,211,FUSE0,296053.661,296053.661,301235.7975,5182.1365,5182.1365,941.0,0.181585,1,p:2.1.2.1.2.2
U5285,211,FUSE0,296081.4975,296081.4975,299646.1975,3564.7,3564.7,941.0,0.263977,1,p:1.2.4.1.1.2
U5286,211,FUSE0,296169.661,296169.661,302133.961,5964.3,5964.3,941.0,0.157772,1,p:2.3.5.2.2.1
U5287,211,FUSE0,296197.4975,296197.4975,299762.1975,3564.7,3564.7,941.0,0.263977,1,p:1.1.3.1.3.2
U5288,211,FUSE0,296285.661,296285.661,299581.961,3296.3,3296.3,941.0,0.285472,1,p:2.2.2.2.1.1
U5289,211,FUSE0,296313.4975,296313.4975,299994.1975,3680.7,3680.7,941.0,0.255658,1,p:1.3.1.1.2.2
U5290,211,FUSE1,296401.661,296401.661,300973.961,4572.3,4572.3,1003.0,0.219364,1,p:2.1.4.2.3.1
U5291,211,FUSE1,296429.4975,296429.4975,302050.9975,5621.5,5621.5,1003.0,0.178422,1,p:1.2.5.1.1.2
U5292,211,FUSE1,296517.661,296517.661,299697.961,3180.3,3180.3,1003.0,0.315379,1,p:2.3.3.2.2.1
U5293,211,FUSE1,296545.4975,296545.4975,301003.7975,4458.3,4458.3,1003.0,0.224974,1,p:1.1.2.1.3.2
U5294,211,FUSE1,296633.661,296633.661,300045.961,3412.3,3412.3,1003.0,0.293937,1,p:2.2.1.2.1.1
U5295,211,FUSE1,296661.4975,296661.4975,300226.1975,3564.7,3564.7,1003.0,0.28137,1,p:1.3.4.1.2.2
U5296,211,FUSE1,296749.661,296749.661,303350.1975,6600.5365,6600.5365,1003.0,0.151957,1,p:2.1.5.2.3.1
U5297,211,FUSE2,296777.4975,296777.4975,299298.1975,2520.7,2520.7,1035.4,0.410759,1,p:1.2.3.1.1.2
U5298,211,FUSE2,296865.661,296865.661,300741.961,3876.3,3876.3,1035.4,0.26711,1,p:2.3.2.2.2.1
U5299,211,FUSE2,296893.4975,296893.4975,301351.7975,4458.3,4458.3,1035.4,0.232241,1,p:1.1.1.1.3.2
U5300,211,FUSE2,296981.661,296981.661,300857.961,3876.3,3876.3,1035.4,0.26711,1,p:2.2.4.2.1.1
U5301,211,FUSE2,297009.4975,297009.4975,303094.9975,6085.5,6085.5,1035.4,0.170142,1,p:1.3.5.1.2.2
U5302,211,FUSE2,297108.861,297108.861,300625.961,3517.1,3517.1,1035.4,0.29439,1,p:2.1.3.2.3.1
U5303,211,FUSE2,297125.4975,297125.4975,300342.1975,3216.7,3216.7,1035.4,0.321883,1,p:1.2.2.1.1.2
U5304,211,FUSE2,297228.2975,297228.2975,301205.961,3977.6635,3977.6635,1035.4,0.260304,1,p:2.3.1.2.2.1
U3114,125,FUSE0,297241.4975,297241.4975,301934.9975,4693.5,4693.5,941.0,0.20049,1,p:1.1.4.1.3.2
U3115,125,FUSE0,297345.8975,297345.8975,303002.1975,5656.3,5656.3,941.0,0.166363,1,p:2.2.5.2.1.1
U3116,125,FUSE0,297357.4975,297357.4975,300458.1975,3100.7,3100.7,941.0,0.30348,1,p:1.3.3.1.2.2
U3117,125,FUSE0,297461.8975,297461.8975,302249.961,4788.0635,4788.0635,941.0,0.19653,1,p:2.1.2.2.3.1
U3118,125,FUSE0,297473.4975,297473.4975,300574.1975,3100.7,3100.7,941.0,0.30348,1,p:1.2.1.1.1.2
U3119,125,FUSE0,297577.8975,297577.8975,301901.961,4324.0635,4324.0635,941.0,0.217619,1,p:2.3.4.2.2.1
U3120,125,FUSE0,297589.4975,297589.4975,304022.9975,6433.5,6433.5,941.0,0.146266,1,p:1.1.5.1.3.2
U3121,125,FUSE0,297693.8975,297693.8975,300393.961,2700.0635,2700.0635,941.0,0.34851,1,p:2.2.3.2.1.1
U3122,125,FUSE1,297705.4975,297705.4975,301818.9975,4113.5,4113.5,1003.0,0.243831,1,p:1.3.2.1.2.2
U3123,125,FUSE1,297809.8975,297809.8975,301669.961,3860.0635,3860.0635,1003.0,0.25984,1,p:2.1.1.2.3.1
U3124,125,FUSE1,297821.4975,297821.4975,301467.7975,3646.3,3646.3,1003.0,0.275073,1,p:1.2.4.1.1.2
U3125,125,FUSE1,297925.8975,297925.8975,304162.1975,6236.3,6236.3,1003.0,0.160833,1,p:2.3.5.2.2.1
U3126,125,FUSE1,297937.4975,297937.4975,301702.9975,3765.5,3765.5,1003.0,0.266366,1,p:1.1.3.1.3.2
U3127,125,FUSE1,298041.8975,298041.8975,301321.961,3280.0635,3280.0635,1003.0,0.305787,1,p:2.2.2.2.1.1
U3128,125,FUSE1,298053.4975,298053.4975,301583.7975,3530.3,3530.3,1003.0,0.284112,1,p:1.3.1.1.2.2
U3129,125,FUSE1,298157.8975,298157.8975,302422.1975,4264.3,4264.3,1003.0,0.235209,1,p:2.1.4.2.3.1
U3130,125,FUSE2,298169.4975,298169.4975,303906.9975,5737.5,5737.5,1035.4,0.180462,1,p:1.2.5.1.1.2
U3131,125,FUSE2,298273.8975,298273.8975,301437.961,3164.0635,3164.0635,1035.4,0.327237,1,p:2.3.3.2.2.1
U3132,125,FUSE2,298285.4975,298285.4975,302978.9975,4693.5,4693.5,1035.4,0.220603,1,p:1.1.2.1.3.2
U3133,125,FUSE2,298389.8975,298389.8975,301785.961,3396.0635,3396.0635,1035.4,0.304882,1,p:2.2.1.2.1.1
U3134,125,FUSE2,298401.4975,298401.4975,302630.9975,4229.5,4229.5,1035.4,0.244804,1,p:1.3.4.1.2.2
U3135,125,FUSE2,298505.8975,298505.8975,305090.1975,6584.3,6584.3,1035.4,0.157253,1,p:2.1.5.2.3.1
U3136,125,FUSE2,298517.4975,298517.4975,301119.7975,2602.3,2602.3,1035.4,0.397879,1,p:1.2.3.1.1.2
U3137,125,FUSE2,298621.8975,298621.8975,302166.9975,3545.1,3545.1,1035.4,0.292065,1,p:2.3.2.1.3.2
U3138,125,FUSE2,298633.4975,298633.4975,302770.1975,4136.7,4136.7,1035.4,0.250296,1,p:1.1.1.2.1.1
U6501,260,FUSE0,298737.8975,298737.8975,302538.1975,3800.3,3800.3,941.0,0.247612,1,p:2.2.4.2.2.1
U6502,260,FUSE0,298749.4975,298749.4975,305079.7975,6330.3,6330.3,941.0,0.14865,1,p:1.3.5.1.2.2
U6503,260,FUSE0,298853.8975,298853.8975,302654.1975,3800.3,3800.3,941.0,0.247612,1,p:2.1.3.2.3.1
U6504,260,FUSE0,298865.4975,298865.4975,302282.9975,3417.5,3417.5,941.0,0.275347,1,p:1.2.4.1.1.2
U6505,260,FUSE0,298969.8975,298969.8975,303118.1975,4148.3,4148.3,941.0,0.22684,1,p:2.3.2.2.2.1
U6506,260,FUSE0,298981.4975,298981.4975,303326.9975,4345.5,4345.5,941.0,0.216546,1,p:1.1.1.1.3.2
U6507,260,FUSE0,299085.8975,299085.8975,304626.1975,5540.3,5540.3,941.0,0.169846,1,p:2.2.5.2.1.1
U6508,260,FUSE0,299097.4975,299097.4975,302398.9975,3301.5,3301.5,941.0,0.285022,1,p:1.3.3.1.2.2
U6509,260,FUSE0,299201.8975,299201.8975,303814.1975,4612.3,4612.3,941.0,0.20402,1,p:2.1.4.2.3.1
U6510,260,FUSE1,299213.4975,299213.4975,302746.9975,3533.5,3533.5,1003.0,0.283855,1,p:1.2.2.1.1.2
U6511,260,FUSE1,299329.4975,299329.4975,302886.1975,3556.7,3556.7,1003.0,0.282003,1,p:2.3.1.2.2.1
U6512,260,FUSE1,299381.261,299381.261,305851.64,6470.379,6470.379,1003.0,0.155014,1,p:1.1.5.1.3.2
U6513,260,FUSE1,299445.4975,299445.4975,302017.961,2572.4635,2572.4635,1003.0,0.389899,1,p:2.2.3.2.1.1
U6514,260,FUSE1,299497.261,299497.261,303442.9975,3945.7365,3945.7365,1003.0,0.254198,1,p:1.3.4.1.2.2
U6515,260,FUSE1,299561.4975,299561.4975,304046.1975,4484.7,4484.7,1003.0,0.223649,1,p:2.1.2.2.3.1
U6516,260,FUSE1,299613.261,299613.261,302514.9975,2901.7365,2901.7365,1003.0,0.345655,1,p:1.2.1.1.1.2
U6517,260,FUSE1,299677.4975,299677.4975,305545.2997,5867.8022,5867.8022,1003.0,0.170933,1,p:2.3.5.2.2.1
U6518,260,FUSE1,299729.261,299729.261,303558.9975,3829.7365,3829.7365,1003.0,0.261898,1,p:1.1.3.1.3.2
U6519,260,FUSE2,299793.4975,299793.4975,303234.1975,3440.7,3440.7,1035.4,0.300927,1,p:2.2.4.2.1.1
U6520,260,FUSE2,299845.261,299845.261,304138.9975,4293.7365,4293.7365,1035.4,0.241142,1,p:1.3.2.1.2.2
U6521,260,FUSE2,299909.4975,299909.4975,307804.44,7894.9426,7894.9426,1035.4,0.131147,1,p:2.1.1.2.3.1
U6522,260,FUSE2,299961.261,299961.261,305195.7975,5234.5365,5234.5365,1035.4,0.197802,1,p:1.2.5.1.1.2
U6523,260,FUSE2,300025.4975,300025.4975,303466.1975,3440.7,3440.7,1035.4,0.300927,1,p:2.3.3.2.2.1
U6524,260,FUSE2,300077.261,300077.261,304370.9975,4293.7365,4293.7365,1035.4,0.241142,1,p:1.1.4.1.3.2
U6525,260,FUSE2,300141.4975,300141.4975,303930.1975,3788.7,3788.7,1035.4,0.273286,1,p:2.2.2.2.1.1
U6526,260,FUSE2,300193.261,300193.261,303790.9975,3597.7365,3597.7365,1035.4,0.287792,1,p:1.3.1.1.2.2
U6527,260,FUSE2,300257.4975,300257.4975,306644.44,6386.9426,6386.9426,1035.4,0.162112,1,p:2.1.5.2.3.1
U6528,260,FUSE2,300309.261,300309.261,303698.1975,3388.9365,3388.9365,1035.4,0.305524,1,p:1.2.3.2.2.1
U2891,116,FUSE0,300373.4975,300373.4975,303674.9975,3301.5,3301.5,941.0,0.285022,1,p:2.3.4.1.1.2
U2892,116,FUSE0,300425.261,300425.261,304963.7975,4538.5365,4538.5365,941.0,0.207336,1,p:1.1.2.1.3.2
U2893,116,FUSE0,300489.4975,300489.4975,303582.1975,3092.7,3092.7,941.0,0.304265,1,p:2.2.1.2.1.1
U2894,116,FUSE0,300541.261,300541.261,306224.4997,5683.2386,5683.2386,941.0,0.165575,1,p:1.3.5.1.2.2
U2895,116,FUSE0,300605.4975,300605.4975,304974.1975,4368.7,4368.7,941.0,0.215396,1,p:2.1.4.2.3.1
U2896,116,FUSE0,300657.261,300657.261,303210.9975,2553.7365,2553.7365,941.0,0.36848,1,p:1.2.3.1.1.2
U2897,116,FUSE0,300721.4975,300721.4975,304742.1975,4020.7,4020.7,941.0,0.234039,1,p:2.3.2.2.2.1
U2898,116,FUSE0,300773.261,300773.261,308587.961,7814.7,7814.7,941.0,0.120414,1,p:1.1.1.1.3.2
U2899,116,FUSE1,300837.4975,300837.4975,306241.2997,5403.8022,5403.8022,1003.0,0.18561,1,p:2.2.5.2.1.1
U2900,116,FUSE1,300889.261,300889.261,304847.7975,3958.5365,3958.5365,1003.0,0.253376,1,p:1.3.4.1.2.2
U2901,116,FUSE1,301005.261,301005.261,304394.1975,3388.9365,3388.9365,1003.0,0.295963,1,p:2.1.3.2.3.1
U2902,116,FUSE1,301035.0975,301035.0975,304615.7975,3580.7,3580.7,1003.0,0.280113,1,p:1.2.2.1.1.2
U2903,116,FUSE1,301121.261,301121.261,304858.1975,3736.9365,3736.9365,1003.0,0.268402,1,p:2.3.1.2.2.1
U2904,116,FUSE1,301151.0975,301151.0975,307775.961,6624.8635,6624.8635,1003.0,0.151399,1,p:1.1.5.1.3.2
U2905,116,FUSE1,301237.261,301237.261,304510.1975,3272.9365,3272.9365,1003.0,0.306453,1,p:2.2.4.2.1.1
U2906,116,FUSE1,301267.0975,301267.0975,304254.9975,2987.9,2987.9,1003.0,0.335687,1,p:1.3.3.1.2.2
U2907,116,FUSE2,301353.261,301353.261,305893.2997,4540.0386,4540.0386,1035.4,0.22806,1,p:2.1.2.2.3.1
U2908,116,FUSE2,301383.0975,301383.0975,308239.961,6856.8635,6856.8635,1035.4,0.151002,1,p:1.2.1.1.1.2
U2909,116,FUSE2,301469.261,301469.261,307108.44,5639.179,5639.179,1035.4,0.183608,1,p:2.3.5.2.2.1
U2910,116,FUSE2,301499.0975,301499.0975,305543.7975,4044.7,4044.7,1035.4,0.255989,1,p:1.1.4.1.3.2
U2911,116,FUSE2,301585.261,301585.261,304278.1975,2692.9365,2692.9365,1035.4,0.384487,1,p:2.2.3.2.1.1
U2912,116,FUSE2,301615.0975,301615.0975,305427.7975,3812.7,3812.7,1035.4,0.271566,1,p:1.3.2.1.2.2
U2913,116,FUSE2,301701.261,301701.261,310021.2997,8320.0386,8320.0386,1035.4,0.124447,1,p:2.1.1.2.3.1
U2914,116,FUSE2,301734.2975,301734.2975,307195.961,5461.6635,5461.6635,1035.4,0.189576,1,p:1.2.5.1.2.2
U2915,116,FUSE2,301817.261,301817.261,304499.7975,2682.5365,2682.5365,1035.4,0.385978,1,p:2.3.4.1.3.2
U6478,259,FUSE0,301850.2975,301850.2975,305429.2997,3579.0022,3579.0022,941.0,0.262922,1,p:1.1.3.2.1.1
U6479,259,FUSE0,301933.261,301933.261,305777.2997,3844.0386,3844.0386,941.0,0.244795,1,p:2.2.2.2.2.1
U6480,259,FUSE0,301966.2975,301966.2975,308703.961,6737.6635,6737.6635,941.0,0.139663,1,p:1.3.1.1.1.2
U6481,259,FUSE0,302049.261,302049.261,308629.2997,6580.0386,6580.0386,941.0,0.143008,1,p:2.1.5.2.3.1
U6482,259,FUSE0,302082.2975,302082.2975,305311.7975,3229.5,3229.5,941.0,0.291376,1,p:1.2.3.1.2.2
U6483,259,FUSE0,302165.261,302165.261,305254.4997,3089.2386,3089.2386,941.0,0.304606,1,p:2.3.4.2.1.1
U6484,259,FUSE0,302198.2975,302198.2975,306340.4997,4142.2022,4142.2022,941.0,0.227174,1,p:1.1.2.1.3.2
U6485,259,FUSE0,302281.261,302281.261,309441.2997,7160.0386,7160.0386,941.0,0.131424,1,p:2.2.1.2.2.1
U6486,259,FUSE1,302314.2975,302314.2975,307311.961,4997.6635,4997.6635,1003.0,0.200694,1,p:1.3.5.1.1.2
U6487,259,FUSE1,302430.2975,302430.2975,306357.2997,3927.0022,3927.0022,1003.0,0.255411,1,p:2.1.3.2.3.1
U6488,259,FUSE1,302453.4975,302453.4975,305972.361,3518.8635,3518.8635,1003.0,0.285035,1,p:1.2.4.1.2.2
U6489,259,FUSE1,302546.2975,302546.2975,305661.2997,3115.0022,3115.0022,1003.0,0.32199,1,p:2.3.2.2.1.1
U6490,259,FUSE1,302569.4975,302569.4975,310532.0997,7962.6022,7962.6022,1003.0,0.125964,1,p:1.1.1.1.3.2
U6491,259,FUSE1,302662.2975,302662.2975,308089.961,5427.6635,5427.6635,1003.0,0.184794,1,p:2.2.5.2.2.1
U6492,259,FUSE1,302685.4975,302685.4975,304731.7975,2046.3,2046.3,1003.0,0.490153,1,p:1.3.3.1.1.2
U6493,259,FUSE2,302778.2975,302778.2975,307224.44,4446.1426,4446.1426,1035.4,0.232876,1,p:2.1.4.2.3.1
U6494,259,FUSE2,302801.4975,302801.4975,306572.4997,3771.0022,3771.0022,1035.4,0.274569,1,p:1.2.2.1.2.2
U6495,259,FUSE2,302894.2975,302894.2975,309557.2997,6663.0022,6663.0022,1035.4,0.155395,1,p:2.3.1.2.1.1
U6496,259,FUSE2,302917.4975,302917.4975,309863.961,6946.4635,6946.4635,1035.4,0.149054,1,p:1.1.5.1.3.2
U6497,259,FUSE2,303010.2975,303010.2975,306125.2997,3115.0022,3115.0022,1035.4,0.332391,1,p:2.2.3.2.2.1
U6498,259,FUSE2,303033.4975,303033.4975,306108.4997,3075.0022,3075.0022,1035.4,0.336715,1,p:1.3.4.1.1.2
U6499,259,FUSE2,303126.2975,303126.2975,307572.44,4446.1426,4446.1426,1035.4,0.232876,1,p:2.1.2.2.3.1
U6500,259,FUSE2,303149.4975,303149.4975,309747.961,6598.4635,6598.4635,1035.4,0.156915,1,p:1.2.1.1.2.2
U919,37,FUSE0,303242.2975,303242.2975,308380.761,5138.4635,5138.4635,941.0,0.183129,1,p:2.3.5.2.1.1
U920,37,FUSE0,303265.4975,303265.4975,306688.4997,3423.0022,3423.0022,941.0,0.274905,1,p:1.1.3.1.3.2
U921,37,FUSE0,303358.2975,303358.2975,306876.44,3518.1426,3518.1426,941.0,0.267471,1,p:2.2.4.2.2.1
U922,37,FUSE0,303381.4975,303381.4975,306456.4997,3075.0022,3075.0022,941.0,0.306016,1,p:1.3.2.1.1.2
U923,37,FUSE0,303474.2975,303474.2975,311702.84,8228.5426,8228.5426,941.0,0.114358,1,p:2.1.1.2.3.1
U924,37,FUSE0,303497.4975,303497.4975,308819.961,5322.4635,5322.4635,941.0,0.176798,1,p:1.2.5.1.2.2
U925,37,FUSE0,303590.2975,303590.2975,306009.2997,2419.0022,2419.0022,941.0,0.389003,1,p:2.3.3.2.1.1
U926,37,FUSE0,303613.4975,303613.4975,308123.961,4510.4635,4510.4635,941.0,0.208626,1,p:1.1.4.1.3.2
U927,37,FUSE0,303706.2975,303706.2975,307340.44,3634.1426,3634.1426,941.0,0.258933,1,p:2.2.2.2.2.1
U928,37,FUSE1,303729.4975,303729.4975,310001.24,6271.7426,6271.7426,1003.0,0.159924,1,p:1.3.1.1.1.2
U929,37,FUSE1,303822.2975,303822.2975,310253.2997,6431.0022,6431.0022,1003.0,0.155963,1,p:2.1.5.2.3.1
U930,37,FUSE1,303845.4975,303845.4975,306920.4997,3075.0022,3075.0022,1003.0,0.326179,1,p:1.2.3.1.2.2
U931,37,FUSE1,303938.2975,303938.2975,306760.44,2822.1426,2822.1426,1003.0,0.355404,1,p:2.3.4.2.1.1
U932,37,FUSE1,303961.4975,303961.4975,308471.961,4510.4635,4510.4635,1003.0,0.222372,1,p:1.1.2.1.3.2
U933,37,FUSE1,304054.2975,304054.2975,311065.2997,7011.0022,7011.0022,1003.0,0.143061,1,p:2.2.1.2.2.1
U934,37,FUSE1,304077.4975,304077.4975,309051.961,4974.4635,4974.4635,1003.0,0.20163,1,p:1.3.5.1.1.2
U935,37,FUSE1,304170.2975,304170.2975,307688.44,3518.1426,3518.1426,1003.0,0.285094,1,p:2.1.3.2.3.1
U936,37,FUSE1,304193.4975,304193.4975,307659.961,3466.4635,3466.4635,1003.0,0.289344,1,p:1.2.4.1.2.2
U937,37,FUSE2,304286.2975,304286.2975,307456.44,3170.1426,3170.1426,1035.4,0.32661,1,p:2.3.2.2.1.1
U938,37,FUSE2,304309.4975,304309.4975,313064.04,8754.5426,8754.5426,1035.4,0.11827,1,p:1.1.1.1.3.2
U939,37,FUSE2,304402.2975,304402.2975,309905.2997,5503.0022,5503.0022,1035.4,0.188152,1,p:2.2.5.2.2.1
U940,37,FUSE2,304425.4975,304425.4975,306804.4997,2379.0022,2379.0022,1035.4,0.435224,1,p:1.3.3.1.1.2
U941,37,FUSE2,304531.0975,304531.0975,309209.2997,4678.2022,4678.2022,1035.4,0.221324,1,p:2.1.4.2.3.1
U942,37,FUSE2,304541.4975,304541.4975,307891.961,3350.4635,3350.4635,1035.4,0.309032,1,p:1.2.2.1.2.2
U943,37,FUSE2,304647.0975,304647.0975,311056.4997,6409.4022,6409.4022,1035.4,0.161544,1,p:2.3.1.1.3.2
U944,37,FUSE2,304657.4975,304657.4975,311376.44,6718.9426,6718.9426,1035.4,0.154102,1,p:1.1.5.2.2.1
U4213,169,FUSE0,304763.0975,304763.0975,306992.44,2229.3426,2229.3426,941.0,0.422098,1,p:2.2.3.2.1.1
U4214,169,FUSE0,304773.4975,304773.4975,307543.961,2770.4635,2770.4635,941.0,0.339654,1,p:1.3.4.1.1.2
U4215,169,FUSE0,304879.0975,304879.0975,309673.2997,4794.2022,4794.2022,941.0,0.196279,1,p:2.1.2.2.3.1
U4216,169,FUSE0,304889.4975,304889.4975,307427.961,2538.4635,2538.4635,941.0,0.370697,1,p:1.2.3.1.2.2
U4217,169,FUSE0,304995.0975,304995.0975,311818.84,6823.7426,6823.7426,941.0,0.137901,1,p:2.3.1.2.1.1
U4218,169,FUSE0,305005.4975,305005.4975,312368.04,7362.5426,7362.5426,941.0,0.127809,1,p:1.1.5.1.3.2
U4219,169,FUSE0,305111.0975,305111.0975,307920.44,2809.3426,2809.3426,941.0,0.334954,1,p:2.2.4.2.2.1
U4220,169,FUSE0,305121.4975,305121.4975,308355.961,3234.4635,3234.4635,941.0,0.290929,1,p:1.3.2.1.1.2
U4221,169,FUSE0,305227.0975,305227.0975,308977.2997,3750.2022,3750.2022,941.0,0.25092,1,p:2.1.3.2.3.1
U4222,169,FUSE1,305285.7997,305285.7997,311752.4997,6466.7,6466.7,1003.0,0.155102,1,p:1.2.1.1.2.2
U4223,169,FUSE1,305343.0975,305343.0975,310601.2997,5258.2022,5258.2022,1003.0,0.19075,1,p:2.3.5.2.1.1
U4224,169,FUSE1,305459.0975,305459.0975,309399.961,3940.8635,3940.8635,1003.0,0.254513,1,p:1.1.4.1.3.2
U4225,169,FUSE1,305460.5997,305460.5997,308861.2997,3400.7,3400.7,1003.0,0.294939,1,p:2.2.2.2.2.1
U4226,169,FUSE1,305575.0975,305575.0975,308007.961,2432.8635,2432.8635,1003.0,0.412271,1,p:1.3.3.1.1.2
U4227,169,FUSE1,305576.5997,305576.5997,314022.84,8446.2404,8446.2404,1003.0,0.118751,1,p:2.1.1.2.3.1
U4228,169,FUSE1,305692.5997,305692.5997,310657.24,4964.6404,4964.6404,1003.0,0.202029,1,p:1.2.5.1.2.2
U4229,169,FUSE1,305808.5997,305808.5997,308745.2997,2936.7,2936.7,1003.0,0.34154,1,p:2.3.4.2.1.1
U4230,169,FUSE1,305882.94,305882.94,310117.24,4234.3,4234.3,1003.0,0.236875,1,p:1.1.2.1.3.2
U4231,169,FUSE2,305924.5997,305924.5997,308264.761,2340.1614,2340.1614,1035.4,0.442448,1,p:2.2.3.2.2.1
U4232,169,FUSE2,306003.661,306003.661,312252.04,6248.379,6248.379,1035.4,0.165707,1,p:1.3.1.1.1.2
U4233,169,FUSE2,306040.5997,306040.5997,313326.84,7286.2404,7286.2404,1035.4,0.142103,1,p:2.1.5.2.3.1
U4234,169,FUSE2,306139.7997,306139.7997,309167.961,3028.1614,3028.1614,1035.4,0.341924,1,p:1.2.4.1.2.2
U4235,169,FUSE2,306156.5997,306156.5997,309325.2997,3168.7,3168.7,1035.4,0.326759,1,p:2.3.2.2.1.1
U4236,169,FUSE2,306255.7997,306255.7997,309283.961,3028.1614,3028.1614,1035.4,0.341924,1,p:1.1.3.1.3.2
U4237,169,FUSE2,306272.5997,306272.5997,312832.04,6559.4404,6559.4404,1035.4,0.157849,1,p:2.2.1.1.1.2
U4238,169,FUSE2,306371.7997,306371.7997,311934.84,5563.0404,5563.0404,1035.4,0.186121,1,p:1.3.5.2.3.1
U1069,43,FUSE0,306388.5997,306388.5997,310369.2997,3980.7,3980.7,941.0,0.236391,1,p:2.1.4.2.2.1
U1070,43,FUSE0,306487.7997,306487.7997,309515.961,3028.1614,3028.1614,941.0,0.31075,1,p:1.2.2.1.2.2
U1071,43,FUSE0,306603.7997,306603.7997,309093.2997,2489.5,2489.5,941.0,0.377988,1,p:2.3.3.2.1.1
U1072,43,FUSE0,306675.74,306675.74,310773.24,4097.5,4097.5,941.0,0.229652,1,p:1.1.4.1.3.2
U1073,43,FUSE0,306719.7997,306719.7997,313210.84,6491.0404,6491.0404,941.0,0.144969,1,p:2.2.1.2.2.1
U1074,43,FUSE0,306791.74,306791.74,311885.6997,5093.9596,5093.9596,941.0,0.184729,1,p:1.3.5.1.1.2
U1075,43,FUSE0,306835.7997,306835.7997,310949.2997,4113.5,4113.5,941.0,0.228759,1,p:2.1.2.2.3.1
U1076,43,FUSE0,306907.74,306907.74,308935.961,2028.221,2028.221,941.0,0.463953,1,p:1.2.3.1.2.2
U1077,43,FUSE1,306951.7997,306951.7997,309789.2997,2837.5,2837.5,1003.0,0.35348,1,p:2.3.4.2.1.1
U1078,43,FUSE1,307023.74,307023.74,314582.04,7558.3,7558.3,1003.0,0.132702,1,p:1.1.1.1.3.2
U1079,43,FUSE1,307139.74,307139.74,312398.84,5259.1,5259.1,1003.0,0.190717,1,p:2.2.5.2.2.1
U1080,43,FUSE1,307227.261,307227.261,310349.24,3121.979,3121.979,1003.0,0.321271,1,p:1.3.2.1.1.2
U1081,43,FUSE1,307255.74,307255.74,310485.2997,3229.5596,3229.5596,1003.0,0.310569,1,p:2.1.3.2.3.1
U1082,43,FUSE1,307343.261,307343.261,310233.24,2889.979,2889.979,1003.0,0.347061,1,p:1.2.4.1.2.2
U1083,43,FUSE1,307371.74,307371.74,313906.84,6535.1,6535.1,1003.0,0.153479,1,p:2.3.1.2.1.1
U1084,43,FUSE1,307459.261,307459.261,314108.04,6648.779,6648.779,1003.0,0.150855,1,p:1.1.5.1.3.2
U1085,43,FUSE2,307487.74,307487.74,310717.2997,3229.5596,3229.5596,1035.4,0.320601,1,p:2.2.2.2.2.1
U1086,43,FUSE2,307575.261,307575.261,309631.961,2056.7,2056.7,1035.4,0.503428,1,p:1.3.3.1.1.2
U1087,43,FUSE2,307603.74,307603.74,312282.84,4679.1,4679.1,1035.4,0.221282,1,p:2.1.4.2.3.1
U1088,43,FUSE2,307691.261,307691.261,313992.04,6300.779,6300.779,1035.4,0.164329,1,p:1.2.1.1.2.2
U1089,43,FUSE2,307719.74,307719.74,313094.84,5375.1,5375.1,1035.4,0.192629,1,p:2.3.5.2.1.1
U1090,43,FUSE2,307807.261,307807.261,312001.6997,4194.4386,4194.4386,1035.4,0.246851,1,p:1.1.2.1.3.2
U1091,43,FUSE2,307835.74,307835.74,310137.2997,2301.5596,2301.5596,1035.4,0.449869,1,p:2.2.3.2.2.1
U1092,43,FUSE2,307923.261,307923.261,310889.24,2965.979,2965.979,1035.4,0.349092,1,p:1.3.4.1.2.2
U6579,263,FUSE0,307951.74,307951.74,315831.6997,7879.9596,7879.9596,941.0,0.119417,1,p:2.1.1.1.1.2
U6580,263,FUSE0,308039.261,308039.261,313442.84,5403.579,5403.579,941.0,0.174144,1,p:1.2.5.2.1.1
U6581,263,FUSE0,308121.261,308121.261,311251.2997,3130.0386,3130.0386,941.0,0.300635,1,p:2.3.2.2.3.1
U6582,263,FUSE0,308155.261,308155.261,311520.4997,3365.2386,3365.2386,941.0,0.279624,1,p:1.1.3.1.3.2
U6583,263,FUSE0,308271.261,308271.261,315066.84,6795.579,6795.579,941.0,0.138472,1,p:2.2.1.2.2.1
U6584,263,FUSE0,308296.061,308296.061,313644.04,5347.979,5347.979,941.0,0.175954,1,p:1.3.5.1.2.2
U6585,263,FUSE0,308387.261,308387.261,312978.84,4591.579,4591.579,941.0,0.20494,1,p:2.1.4.2.3.1
U6586,263,FUSE0,308412.061,308412.061,311172.4997,2760.4386,2760.4386,941.0,0.340888,1,p:1.2.2.1.1.2
U6587,263,FUSE0,308503.261,308503.261,310833.2997,2330.0386,2330.0386,941.0,0.403856,1,p:2.3.3.2.1.1
U6588,263,FUSE1,308619.261,308619.261,316295.6997,7676.4386,7676.4386,1003.0,0.13066,1,p:1.1.1.1.3.2
U6589,263,FUSE1,308660.5997,308660.5997,314834.84,6174.2404,6174.2404,1003.0,0.162449,1,p:2.2.5.2.3.1
U6590,263,FUSE1,308735.261,308735.261,311404.4997,2669.2386,2669.2386,1003.0,0.375763,1,p:1.3.4.1.1.2
U6591,263,FUSE1,308776.5997,308776.5997,312862.84,4086.2404,4086.2404,1003.0,0.245458,1,p:2.1.2.2.2.1
U6592,263,FUSE1,308851.261,308851.261,311288.4997,2437.2386,2437.2386,1003.0,0.411531,1,p:1.2.3.1.2.2
U6593,263,FUSE1,308892.5997,308892.5997,315298.84,6406.2404,6406.2404,1003.0,0.156566,1,p:2.3.1.2.1.1
U6594,263,FUSE1,308967.261,308967.261,315018.0997,6050.8386,6050.8386,1003.0,0.165762,1,p:1.1.5.1.1.2
U6595,263,FUSE1,309008.5997,309008.5997,312050.84,3042.2404,3042.2404,1003.0,0.329691,1,p:2.2.4.2.2.1
U6596,263,FUSE1,309083.261,309083.261,312600.04,3516.779,3516.779,1003.0,0.285204,1,p:1.3.2.1.3.2
U6597,263,FUSE2,309124.5997,309124.5997,312746.84,3622.2404,3622.2404,1035.4,0.285845,1,p:2.1.3.2.3.1
U6598,263,FUSE2,309199.261,309199.261,316179.6997,6980.4386,6980.4386,1035.4,0.148329,1,p:1.2.1.1.2.2
U6599,263,FUSE2,309240.5997,309240.5997,314718.84,5478.2404,5478.2404,1035.4,0.189002,1,p:2.3.5.2.2.1
U6600,263,FUSE2,309315.261,309315.261,313876.04,4560.779,4560.779,1035.4,0.227023,1,p:1.1.4.1.3.2
U6601,263,FUSE2,309356.5997,309356.5997,312166.84,2810.2404,2810.2404,1035.4,0.368438,1,p:2.2.2.2.1.1
U6602,263,FUSE2,309431.261,309431.261,311636.4997,2205.2386,2205.2386,1035.4,0.469518,1,p:1.3.3.1.1.2
U6603,263,FUSE2,309472.5997,309472.5997,317072.84,7600.2404,7600.2404,1035.4,0.136233,1,p:2.1.1.2.3.1
U6604,263,FUSE2,309547.261,309547.261,315251.6997,5704.4386,5704.4386,1035.4,0.181508,1,p:1.2.5.1.3.2
U6605,263,FUSE2,309588.5997,309588.5997,312630.84,3042.2404,3042.2404,1035.4,0.340341,1,p:2.3.4.2.1.1
U6606,263,FUSE2,309663.261,309663.261,313296.04,3632.779,3632.779,1035.4,0.285016,1,p:1.1.2.1.2.2
U5530,221,FUSE0,309704.5997,309704.5997,311586.84,1882.2404,1882.2404,941.0,0.499936,1,p:2.2.3.2.2.1
U5531,221,FUSE0,309779.261,309779.261,316530.04,6750.779,6750.779,941.0,0.139391,1,p:1.3.1.1.1.2
U5532,221,FUSE0,309820.5997,309820.5997,316200.44,6379.8404,6379.8404,941.0,0.147496,1,p:2.1.5.2.1.1
U5533,221,FUSE0,309895.261,309895.261,312484.04,2588.779,2588.779,941.0,0.363492,1,p:1.2.4.1.2.2
U5534,221,FUSE0,309936.5997,309936.5997,313674.84,3738.2404,3738.2404,941.0,0.251723,1,p:2.3.2.2.3.1
U5535,221,FUSE0,310032.54,310032.54,313412.04,3379.5,3379.5,941.0,0.278444,1,p:1.1.3.1.3.2
U5536,221,FUSE0,310052.5997,310052.5997,316840.84,6788.2404,6788.2404,941.0,0.138622,1,p:2.2.1.2.2.1
U5537,221,FUSE0,310148.54,310148.54,315947.6997,5799.1596,5799.1596,941.0,0.162265,1,p:1.3.5.1.1.2
U5538,221,FUSE0,310168.5997,310168.5997,314602.84,4434.2404,4434.2404,941.0,0.212212,1,p:2.1.4.2.3.1
U5539,221,FUSE1,310264.54,310264.54,312948.04,2683.5,2683.5,1003.0,0.373766,1,p:1.2.2.1.2.2
U5540,221,FUSE1,310284.5997,310284.5997,312514.84,2230.2404,2230.2404,1003.0,0.449727,1,p:2.3.3.2.1.1
U5541,221,FUSE1,310380.54,310380.54,318277.2997,7896.7596,7896.7596,1003.0,0.127014,1,p:1.1.1.1.3.2
U5542,221,FUSE1,310400.5997,310400.5997,315646.84,5246.2404,5246.2404,1003.0,0.191185,1,p:2.2.5.2.2.1
U5543,221,FUSE1,310516.5997,310516.5997,313528.04,3011.4404,3011.4404,1003.0,0.333063,1,p:1.3.4.1.1.2
U5544,221,FUSE1,310563.3997,310563.3997,315182.84,4619.4404,4619.4404,1003.0,0.217126,1,p:2.1.2.2.3.1
U5545,221,FUSE1,310632.5997,310632.5997,312716.04,2083.4404,2083.4404,1003.0,0.481415,1,p:1.2.3.1.2.2
U5546,221,FUSE1,310688.54,310688.54,317536.84,6848.3,6848.3,1003.0,0.14646,1,p:2.3.1.2.1.1
U5547,221,FUSE1,310748.5997,310748.5997,317349.2997,6600.7,6600.7,1003.0,0.151954,1,p:1.1.5.1.3.2
U5548,221,FUSE2,310804.54,310804.54,313790.84,2986.3,2986.3,1035.4,0.346717,1,p:2.2.4.2.2.1
U5549,221,FUSE2,310864.5997,310864.5997,313760.04,2895.4404,2895.4404,1035.4,0.357597,1,p:1.3.2.1.1.2
U5550,221,FUSE2,310920.54,310920.54,314370.84,3450.3,3450.3,1035.4,0.30009,1,p:2.1.3.2.3.1
U5551,221,FUSE2,310980.5997,310980.5997,317813.2997,6832.7,6832.7,1035.4,0.151536,1,p:1.2.1.1.2.2
U5552,221,FUSE2,311087.7997,311087.7997,316956.84,5869.0404,5869.0404,1035.4,0.176417,1,p:2.3.5.2.1.1
U5553,221,FUSE2,311096.5997,311096.5997,314902.0997,3805.5,3805.5,1035.4,0.27208,1,p:1.1.4.1.3.2
U5554,221,FUSE2,311203.7997,311203.7997,314138.84,2935.0404,2935.0404,1035.4,0.352772,1,p:2.2.2.2.2.1
U5555,221,FUSE2,311282.5997,311282.5997,313180.04,1897.4404,1897.4404,1035.4,0.545682,1,p:1.3.3.1.1.2
U1220,49,FUSE0,311319.7997,311319.7997,319624.84,8305.0404,8305.0404,941.0,0.113305,1,p:2.1.1.2.3.1
U1221,49,FUSE0,311407.74,311407.74,316646.04,5238.3,5238.3,941.0,0.179638,1,p:1.2.5.1.2.2
U1222,49,FUSE0,311435.7997,311435.7997,314254.84,2819.0404,2819.0404,941.0,0.333802,1,p:2.3.4.2.1.1
U1223,49,FUSE0,311551.7997,311551.7997,315715.6997,4163.9,4163.9,941.0,0.22599,1,p:1.1.2.1.3.2
U1224,49,FUSE0,311618.14,311618.14,313558.84,1940.7,1940.7,941.0,0.484877,1,p:2.2.3.2.2.1
U1225,49,FUSE0,311667.7997,311667.7997,318045.2997,6377.5,6377.5,941.0,0.14755,1,p:1.3.1.1.1.2
U1226,49,FUSE0,311734.14,311734.14,318348.84,6614.7,6614.7,941.0,0.142259,1,p:2.1.5.2.3.1
U1227,49,FUSE0,311783.7997,311783.7997,314291.24,2507.4404,2507.4404,941.0,0.375283,1,p:1.2.4.1.2.2
U1228,49,FUSE1,311850.14,311850.14,314950.84,3100.7,3100.7,1003.0,0.323475,1,p:2.3.2.2.1.1
U1229,49,FUSE1,311916.9997,311916.9997,315483.6997,3566.7,3566.7,1003.0,0.281212,1,p:1.1.3.1.3.2
U1230,49,FUSE1,311966.14,311966.14,318696.84,6730.7,6730.7,1003.0,0.149019,1,p:2.2.1.2.2.1
U1231,49,FUSE1,312032.9997,312032.9997,317697.2997,5664.3,5664.3,1003.0,0.177074,1,p:1.3.5.1.1.2
U1232,49,FUSE1,312082.14,312082.14,315994.84,3912.7,3912.7,1003.0,0.256345,1,p:2.1.4.2.3.1
U1233,49,FUSE1,312198.14,312198.14,315134.0997,2935.9596,2935.9596,1003.0,0.341626,1,p:1.2.2.1.2.2
U1234,49,FUSE1,312283.34,312283.34,314486.84,2203.5,2203.5,1003.0,0.455185,1,p:2.3.3.2.1.1
U1235,49,FUSE1,312314.14,312314.14,319905.24,7591.1,7591.1,1003.0,0.132128,1,p:1.1.1.1.3.2
U1236,49,FUSE2,312399.34,312399.34,317768.84,5369.5,5369.5,1035.4,0.19283,1,p:2.2.5.2.2.1
U1237,49,FUSE2,312430.14,312430.14,315599.6997,3169.5596,3169.5596,1035.4,0.32667,1,p:1.3.4.1.1.2
U1238,49,FUSE2,312515.34,312515.34,316552.4997,4037.1596,4037.1596,1035.4,0.256467,1,p:2.1.2.2.3.1
U1239,49,FUSE2,312546.14,312546.14,314466.04,1919.9,1919.9,1035.4,0.539299,1,p:1.2.3.1.2.2
U1240,49,FUSE2,312631.34,312631.34,319160.84,6529.5,6529.5,1035.4,0.158573,1,p:2.3.1.2.1.1
U1241,49,FUSE2,312662.14,312662.14,319209.24,6547.1,6547.1,1035.4,0.158146,1,p:1.1.5.1.3.2
U1242,49,FUSE2,312747.34,312747.34,315530.84,2783.5,2783.5,1035.4,0.371978,1,p:2.2.4.2.2.1
U080,4,FUSE0,312778.14,312778.14,316063.6997,3285.5596,3285.5596,941.0,0.286405,1,p:1.3.2.1.1.2
U081,4,FUSE0,312863.34,312863.34,315878.84,3015.5,3015.5,941.0,0.312054,1,p:2.1.3.2.3.1
U082,4,FUSE0,312894.14,312894.14,319093.24,6199.1,6199.1,941.0,0.151796,1,p:1.2.1.1.2.2
U083,4,FUSE0,312979.34,312979.34,318464.84,5485.5,5485.5,941.0,0.171543,1,p:2.3.5.2.1.1
U084,4,FUSE0,313010.14,313010.14,316878.04,3867.9,3867.9,941.0,0.243284,1,p:1.1.4.1.3.2
U085,4,FUSE0,313095.34,313095.34,315762.84,2667.5,2667.5,941.0,0.352765,1,p:2.2.2.2.2.1
U086,4,FUSE0,313126.14,313126.14,315367.6997,2241.5596,2241.5596,941.0,0.419797,1,p:1.3.3.1.1.2
U087,4,FUSE0,313211.34,313211.34,321152.04,7940.7,7940.7,941.0,0.118503,1,p:2.1.1.2.3.1
U088,4,FUSE1,313242.14,313242.14,318161.2997,4919.1596,4919.1596,1003.0,0.203897,1,p:1.2.5.1.2.2
U089,4,FUSE1,313327.34,313327.34,316724.84,3397.5,3397.5,1003.0,0.295217,1,p:2.3.4.2.1.1
U090,4,FUSE1,313358.14,313358.14,317581.2997,4223.1596,4223.1596,1003.0,0.2375,1,p:1.1.2.1.3.2
U091,4,FUSE1,313443.34,313443.34,315414.84,1971.5,1971.5,1003.0,0.50875,1,p:2.2.3.2.2.1
U092,4,FUSE1,313474.14,313474.14,320021.24,6547.1,6547.1,1003.0,0.153198,1,p:1.3.1.1.1.2
U093,4,FUSE1,313559.34,313559.34,320436.84,6877.5,6877.5,1003.0,0.145838,1,p:2.1.5.2.3.1
U094,4,FUSE1,313590.14,313590.14,316411.6997,2821.5596,2821.5596,1003.0,0.355477,1,p:1.2.4.1.2.2
U095,4,FUSE1,313675.34,313675.34,317188.84,3513.5,3513.5,1003.0,0.28547,1,p:2.3.2.2.1.1
U096,4,FUSE2,313706.14,313706.14,316762.04,3055.9,3055.9,1035.4,0.33882,1,p:1.1.3.1.3.2
U097,4,FUSE2,313791.34,313791.34,320204.84,6413.5,6413.5,1035.4,0.161441,1,p:2.2.1.2.2.1
U098,4,FUSE2,313822.14,313822.14,318630.0997,4807.9596,4807.9596,1035.4,0.215351,1,p:1.3.5.1.1.2
U099,4,FUSE2,313907.34,313907.34,318116.84,4209.5,4209.5,1035.4,0.245967,1,p:2.1.4.2.3.1
U100,4,FUSE2,313938.14,313938.14,316994.04,3055.9,3055.9,1035.4,0.33882,1,p:1.2.2.1.2.2
U101,4,FUSE2,314023.34,314023.34,316436.4997,2413.1596,2413.1596,1035.4,0.429064,1,p:2.3.3.2.1.1
U102,4,FUSE2,314054.14,314054.14,321798.1997,7744.0596,7744.0596,1035.4,0.133702,1,p:1.1.1.1.3.2
U103,4,FUSE2,314139.34,314139.34,319557.24,5417.9,5417.9,1035.4,0.191107,1,p:2.2.5.2.1.2
U104,4,FUSE2,314170.14,314170.14,317420.84,3250.7,3250.7,1035.4,0.318516,1,p:1.3.4.2.3.1
U3984,160,FUSE0,314286.14,314286.14,318232.84,3946.7,3946.7,941.0,0.238427,1,p:2.1.2.1.2.1
U3985,160,FUSE0,314322.54,314322.54,316320.4997,1997.9596,1997.9596,941.0,0.47098,1,p:1.2.3.1.3.1
U3986,160,FUSE0,314402.14,314402.14,320638.1997,6236.0596,6236.0596,941.0,0.150897,1,p:2.3.1.2.2.2
U3987,160,FUSE0,314497.34,314497.34,320522.1997,6024.8596,6024.8596,941.0,0.156186,1,p:1.1.5.1.1.2
U3988,160,FUSE0,314518.14,314518.14,317465.2997,2947.1596,2947.1596,941.0,0.31929,1,p:2.2.2.2.1.2
U3989,160,FUSE0,314613.34,314613.34,317884.84,3271.5,3271.5,941.0,0.287636,1,p:1.3.4.1.3.1
U3990,160,FUSE0,314634.14,314634.14,317929.2997,3295.1596,3295.1596,941.0,0.28557,1,p:2.1.3.2.2.2
U3991,160,FUSE0,314750.14,314750.14,320668.84,5918.7,5918.7,941.0,0.158988,1,p:1.2.1.1.2.1
U3992,160,FUSE1,314866.14,314866.14,320986.1997,6120.0596,6120.0596,1003.0,0.163887,1,p:2.3.5.2.3.2
U3993,160,FUSE1,314933.3997,314933.3997,318580.84,3647.4404,3647.4404,1003.0,0.274987,1,p:1.1.2.1.1.1
U3994,160,FUSE1,314982.14,314982.14,318928.84,3946.7,3946.7,1003.0,0.254136,1,p:2.2.4.2.3.1
U3995,160,FUSE1,315049.3997,315049.3997,317304.84,2255.4404,2255.4404,1003.0,0.444703,1,p:1.3.3.1.2.1
U3996,160,FUSE1,315098.14,315098.14,322494.1997,7396.0596,7396.0596,1003.0,0.135613,1,p:2.1.1.2.1.2
U3997,160,FUSE1,315165.3997,315165.3997,319789.24,4623.8404,4623.8404,1003.0,0.216919,1,p:1.2.5.1.2.2
U3998,160,FUSE1,315214.14,315214.14,318000.84,2786.7,2786.7,1003.0,0.359924,1,p:2.3.2.2.1.1
U3999,160,FUSE1,315282.9997,315282.9997,319673.24,4390.2404,4390.2404,1003.0,0.228461,1,p:1.1.4.1.3.2
U4000,160,FUSE2,315330.14,315330.14,317652.84,2322.7,2322.7,1035.4,0.445774,1,p:2.2.3.2.2.1
U4001,160,FUSE2,315398.9997,315398.9997,321914.1997,6515.2,6515.2,1035.4,0.158921,1,p:1.3.1.1.1.2
U4002,160,FUSE2,315446.14,315446.14,321450.1997,6004.0596,6004.0596,1035.4,0.17245,1,p:2.1.5.1.2.2
U4003,160,FUSE2,315514.9997,315514.9997,319392.84,3877.8404,3877.8404,1035.4,0.267004,1,p:1.2.2.2.3.1
U4004,160,FUSE2,315562.14,315562.14,318812.84,3250.7,3250.7,1035.4,0.318516,1,p:2.3.4.2.1.1
U4005,160,FUSE2,315630.9997,315630.9997,318747.6997,3116.7,3116.7,1035.4,0.33221,1,p:1.1.3.1.3.2
U4006,160,FUSE2,315678.14,315678.14,321964.04,6285.9,6285.9,1035.4,0.164718,1,p:2.2.1.2.2.1
U4007,160,FUSE2,315746.9997,315746.9997,320920.04,5173.0404,5173.0404,1035.4,0.200153,1,p:1.3.5.2.1.1
U7697,308,FUSE0,315794.14,315794.14,318977.24,3183.1,3183.1,941.0,0.295624,1,p:2.1.2.1.1.2
U7698,308,FUSE0,315862.9997,315862.9997,319856.84,3993.8404,3993.8404,941.0,0.235613,1,p:1.2.4.2.3.1
U7699,308,FUSE0,315910.14,315910.14,318398.0997,2487.9596,2487.9596,941.0,0.378222,1,p:2.3.3.1.3.2
U7700,308,FUSE0,315978.9997,315978.9997,323074.1997,7095.2,7095.2,941.0,0.132625,1,p:1.1.1.1.2.2
U7701,308,FUSE0,316026.14,316026.14,319044.84,3018.7,3018.7,941.0,0.311724,1,p:2.2.2.2.2.1
U7702,308,FUSE0,316094.9997,316094.9997,319325.24,3230.2404,3230.2404,941.0,0.29131,1,p:1.3.4.1.1.2
U7703,308,FUSE0,316210.9997,316210.9997,319740.84,3529.8404,3529.8404,941.0,0.266584,1,p:2.1.3.2.1.1
U7704,308,FUSE0,316231.74,316231.74,321682.1997,5450.4596,5450.4596,941.0,0.172646,1,p:1.2.5.1.2.2
U7705,308,FUSE0,316326.9997,316326.9997,322814.5997,6487.6,6487.6,941.0,0.145046,1,p:2.3.1.2.3.1
U7706,308,FUSE1,316351.7997,316351.7997,320406.1997,4054.4,4054.4,1003.0,0.247386,1,p:1.1.2.1.3.2
U7707,308,FUSE1,316442.9997,316442.9997,319508.84,3065.8404,3065.8404,1003.0,0.327153,1,p:2.2.4.2.2.1
U7708,308,FUSE1,316467.7997,316467.7997,318514.0997,2046.3,2046.3,1003.0,0.490153,1,p:1.3.3.1.2.2
U7709,308,FUSE1,316561.34,316561.34,323048.1997,6486.8596,6486.8596,1003.0,0.15462,1,p:2.1.5.2.3.1
U7710,308,FUSE1,316583.7997,316583.7997,323190.1997,6606.4,6606.4,1003.0,0.151822,1,p:1.2.1.1.1.2
U7711,308,FUSE1,316677.34,316677.34,320088.84,3411.5,3411.5,1003.0,0.294006,1,p:2.3.2.2.1.1
U7712,308,FUSE1,316756.14,316756.14,320754.1997,3998.0596,3998.0596,1003.0,0.250872,1,p:1.1.4.1.3.2
U7713,308,FUSE1,316793.34,316793.34,319276.84,2483.5,2483.5,1003.0,0.403866,1,p:2.2.3.2.2.1
U7714,308,FUSE1,316872.14,316872.14,322030.1997,5158.0596,5158.0596,1003.0,0.194453,1,p:1.3.5.1.1.2
U7715,308,FUSE2,316909.34,316909.34,324208.1997,7298.8596,7298.8596,1035.4,0.141858,1,p:2.1.1.2.3.1
U7716,308,FUSE2,316988.14,316988.14,319441.24,2453.1,2453.1,1035.4,0.422078,1,p:1.2.2.1.2.2
U7717,308,FUSE2,317025.34,317025.34,320320.84,3295.5,3295.5,1035.4,0.314186,1,p:2.3.4.2.1.1
U7718,308,FUSE2,317104.14,317104.14,320137.24,3033.1,3033.1,1035.4,0.341367,1,p:1.1.3.1.3.2
U7719,308,FUSE2,317220.14,317220.14,322312.04,5091.9,5091.9,1035.4,0.203343,1,p:2.2.5.2.2.1
U7720,308,FUSE2,317336.14,317336.14,323654.1997,6318.0596,6318.0596,1035.4,0.163879,1,p:1.3.1.1.1.2
U7721,308,FUSE2,317380.5997,317380.5997,321268.04,3887.4404,3887.4404,1035.4,0.266345,1,p:2.1.2.2.3.1
U7722,308,FUSE2,317452.14,317452.14,320784.84,3332.7,3332.7,1035.4,0.310679,1,p:1.2.4.2.1.1
U7723,308,FUSE2,317496.5997,317496.5997,319972.84,2476.2404,2476.2404,1035.4,0.418134,1,p:2.3.3.2.2.1
U1809,73,FUSE0,317568.14,317568.14,323770.1997,6202.0596,6202.0596,941.0,0.151724,1,p:1.1.5.1.3.2
U1810,73,FUSE0,317612.5997,317612.5997,323886.1997,6273.6,6273.6,941.0,0.149994,1,p:2.2.1.1.2.2
U1811,73,FUSE0,317684.14,317684.14,322958.1997,5274.0596,5274.0596,941.0,0.17842,1,p:1.3.5.1.1.2
U1812,73,FUSE0,317728.5997,317728.5997,321500.04,3771.4404,3771.4404,941.0,0.249507,1,p:2.1.2.2.3.1
U1813,73,FUSE0,317800.14,317800.14,320290.1997,2490.0596,2490.0596,941.0,0.377903,1,p:1.2.4.1.2.2
U1814,73,FUSE0,317844.5997,317844.5997,324788.1997,6943.6,6943.6,941.0,0.13552,1,p:2.3.1.2.1.1
U1815,73,FUSE0,317916.14,317916.14,321218.1997,3302.0596,3302.0596,941.0,0.284974,1,p:1.1.3.1.3.2
U1816,73,FUSE0,317960.5997,317960.5997,322582.5997,4622.0,4622.0,941.0,0.203592,1,p:2.2.5.2.2.1
U1817,73,FUSE0,318032.14,318032.14,320870.1997,2838.0596,2838.0596,941.0,0.331565,1,p:1.3.2.1.1.2
U1818,73,FUSE0,318076.5997,318076.5997,321848.04,3771.4404,3771.4404,941.0,0.249507,1,p:2.1.4.2.3.1
U1819,73,FUSE1,318148.14,318148.14,324466.1997,6318.0596,6318.0596,1003.0,0.158751,1,p:1.2.1.1.2.2
U1820,73,FUSE1,318192.5997,318192.5997,320552.84,2360.2404,2360.2404,1003.0,0.424957,1,p:2.3.3.2.1.1
U1821,73,FUSE1,318264.14,318264.14,324350.1997,6086.0596,6086.0596,1003.0,0.164803,1,p:1.1.5.1.3.2
U1822,73,FUSE1,318308.5997,318308.5997,321036.04,2727.4404,2727.4404,1003.0,0.367744,1,p:2.2.2.2.2.1
U1823,73,FUSE1,318380.14,318380.14,321334.1997,2954.0596,2954.0596,1003.0,0.339533,1,p:1.3.4.1.1.2
U1824,73,FUSE1,318429.3997,318429.3997,325136.1997,6706.8,6706.8,1003.0,0.14955,1,p:2.1.1.2.3.1
U1825,73,FUSE1,318496.14,318496.14,321102.1997,2606.0596,2606.0596,1003.0,0.384872,1,p:1.2.3.1.2.2
U1826,73,FUSE1,318545.3997,318545.3997,323628.1997,5082.8,5082.8,1003.0,0.197332,1,p:2.3.5.2.1.1
U1827,73,FUSE1,318612.14,318612.14,322146.1997,3534.0596,3534.0596,1003.0,0.28381,1,p:1.1.2.1.3.2
U1828,73,FUSE1,318661.3997,318661.3997,321384.04,2722.6404,2722.6404,1003.0,0.368392,1,p:2.2.4.2.2.1
U1829,73,FUSE2,318728.14,318728.14,325046.1997,6318.0596,6318.0596,1035.4,0.163879,1,p:1.3.1.1.1.2
U1830,73,FUSE2,318778.9997,318778.9997,322080.04,3301.0404,3301.0404,1035.4,0.313659,1,p:2.1.3.2.3.1
U1831,73,FUSE2,318844.14,318844.14,324234.1997,5390.0596,5390.0596,1035.4,0.192094,1,p:1.2.5.1.2.2
U1832,73,FUSE2,318960.14,318960.14,321616.04,2655.9,2655.9,1035.4,0.389849,1,p:2.3.2.2.1.1
U1833,73,FUSE2,319008.54,319008.54,322378.1997,3369.6596,3369.6596,1035.4,0.307271,1,p:1.1.4.1.3.2
U1834,73,FUSE2,319076.14,319076.14,325368.1997,6292.0596,6292.0596,1035.4,0.164557,1,p:2.2.1.2.2.1
U1835,73,FUSE2,319124.54,319124.54,321566.1997,2441.6596,2441.6596,1035.4,0.424056,1,p:1.3.3.1.1.2
U1836,73,FUSE2,319192.14,319192.14,324814.1997,5622.0596,5622.0596,1035.4,0.184167,1,p:2.1.5.1.3.2
U1837,73,FUSE2,319240.54,319240.54,322698.5997,3458.0596,3458.0596,1035.4,0.299416,1,p:1.2.2.2.3.1
U1838,73,FUSE2,319308.14,319308.14,322196.04,2887.9,2887.9,1035.4,0.35853,1,p:2.3.4.2.1.1
U6927,277,FUSE0,319356.54,319356.54,325510.1997,6153.6596,6153.6596,941.0,0.152917,1,p:1.1.1.1.2.2
U6928,277,FUSE0,319424.14,319424.14,321732.04,2307.9,2307.9,941.0,0.40773,1,p:2.2.3.2.2.1
U6929,277,FUSE0,319472.54,319472.54,324698.1997,5225.6596,5225.6596,941.0,0.180073,1,p:1.3.5.1.1.2
U6930,277,FUSE0,319540.14,319540.14,323280.1997,3740.0596,3740.0596,941.0,0.2516,1,p:2.1.2.2.3.1
U6931,277,FUSE0,319588.54,319588.54,322262.1997,2673.6596,2673.6596,941.0,0.351952,1,p:1.2.4.1.2.2
U6932,277,FUSE0,319656.14,319656.14,325716.1997,6060.0596,6060.0596,941.0,0.155279,1,p:2.3.1.2.1.1
U6933,277,FUSE0,319704.54,319704.54,322726.1997,3021.6596,3021.6596,941.0,0.311418,1,p:1.1.3.1.3.2
U6934,277,FUSE0,319772.14,319772.14,324556.1997,4784.0596,4784.0596,941.0,0.196695,1,p:2.2.5.2.2.1
U6935,277,FUSE1,319820.54,319820.54,322842.1997,3021.6596,3021.6596,1003.0,0.331937,1,p:1.3.2.1.1.2
U6936,277,FUSE1,319888.14,319888.14,323396.1997,3508.0596,3508.0596,1003.0,0.285913,1,p:2.1.4.2.3.1
U6937,277,FUSE1,319936.54,319936.54,326090.1997,6153.6596,6153.6596,1003.0,0.162992,1,p:1.2.1.1.2.2
U6938,277,FUSE1,320004.14,320004.14,322428.04,2423.9,2423.9,1003.0,0.413796,1,p:2.3.3.2.1.1
U6939,277,FUSE1,320052.54,320052.54,325394.1997,5341.6596,5341.6596,1003.0,0.187769,1,p:1.1.5.1.3.2
U6940,277,FUSE1,320120.14,320120.14,322932.1997,2812.0596,2812.0596,1003.0,0.356678,1,p:2.2.2.2.2.1
U6941,277,FUSE1,320168.54,320168.54,323306.1997,3137.6596,3137.6596,1003.0,0.319665,1,p:1.3.4.1.1.2
U6942,277,FUSE1,320236.14,320236.14,326514.4997,6278.3596,6278.3596,1003.0,0.159755,1,p:2.1.1.2.3.1
U6943,277,FUSE2,320321.4997,320321.4997,322610.1997,2288.7,2288.7,1035.4,0.452397,1,p:1.2.3.1.2.2
U6944,277,FUSE2,320352.14,320352.14,325484.1997,5132.0596,5132.0596,1035.4,0.201751,1,p:2.3.5.2.1.1
U6945,277,FUSE2,320437.4997,320437.4997,324002.1997,3564.7,3564.7,1035.4,0.290459,1,p:1.1.2.1.3.2
U6946,277,FUSE2,320468.14,320468.14,323512.1997,3044.0596,3044.0596,1035.4,0.340138,1,p:2.2.4.2.2.1
U6947,277,FUSE2,320553.4997,320553.4997,326438.1997,5884.7,5884.7,1035.4,0.175948,1,p:1.3.1.1.1.2
U6948,277,FUSE2,320584.14,320584.14,323860.1997,3276.0596,3276.0596,1035.4,0.31605,1,p:2.1.3.2.3.1
U6949,277,FUSE2,320669.4997,320669.4997,325858.1997,5188.7,5188.7,1035.4,0.199549,1,p:1.2.5.1.3.2
U6950,277,FUSE2,320700.14,320700.14,323164.1997,2464.0596,2464.0596,1035.4,0.420201,1,p:2.3.2.2.2.1
U2008,81,FUSE0,320785.4997,320785.4997,323976.1997,3190.7,3190.7,941.0,0.29492,1,p:1.1.4.2.1.1
U2009,81,FUSE0,320816.14,320816.14,326554.1997,5738.0596,5738.0596,941.0,0.163993,1,p:2.2.1.1.2.2
U2010,81,FUSE0,320901.4997,320901.4997,323422.1997,2520.7,2520.7,941.0,0.373309,1,p:1.3.3.1.1.2
U2011,81,FUSE0,320951.34,320951.34,326050.4997,5099.1596,5099.1596,941.0,0.18454,1,p:2.1.5.2.1.1
U2012,81,FUSE0,321017.4997,321017.4997,323538.1997,2520.7,2520.7,941.0,0.373309,1,p:1.2.4.1.2.2
U2013,81,FUSE0,321067.34,321067.34,326983.2997,5915.9596,5915.9596,941.0,0.159061,1,p:2.3.1.2.3.1
U2014,81,FUSE0,321133.4997,321133.4997,327175.8367,6042.337,6042.337,941.0,0.155734,1,p:1.1.2.1.3.2
U2015,81,FUSE1,321183.34,321183.34,323744.1997,2560.8596,2560.8596,1003.0,0.391665,1,p:2.2.3.2.2.1
U2016,81,FUSE1,321249.4997,321249.4997,326206.1997,4956.7,4956.7,1003.0,0.202352,1,p:1.3.5.1.2.2
U2017,81,FUSE1,321299.34,321299.34,325020.1997,3720.8596,3720.8596,1003.0,0.269561,1,p:2.1.4.2.3.1
U2018,81,FUSE1,321365.4997,321365.4997,327452.6367,6087.137,6087.137,1003.0,0.164774,1,p:1.2.1.1.1.2
U2019,81,FUSE1,321415.34,321415.34,324324.1997,2908.8596,2908.8596,1003.0,0.344809,1,p:2.3.2.2.1.1
U2020,81,FUSE1,321481.4997,321481.4997,324582.1997,3100.7,3100.7,1003.0,0.323475,1,p:1.1.3.1.3.2
U2021,81,FUSE1,321531.34,321531.34,326398.4997,4867.1596,4867.1596,1003.0,0.206075,1,p:2.2.5.2.3.1
U2022,81,FUSE2,321597.4997,321597.4997,324118.1997,2520.7,2520.7,1035.4,0.410759,1,p:1.3.4.1.1.2
U2023,81,FUSE2,321647.34,321647.34,328004.8997,6357.5596,6357.5596,1035.4,0.162861,1,p:2.1.1.2.2.1
U2024,81,FUSE2,321713.4997,321713.4997,327684.6367,5971.137,5971.137,1035.4,0.173401,1,p:1.2.2.1.2.2
U2025,81,FUSE2,321763.34,321763.34,324092.1997,2328.8596,2328.8596,1035.4,0.444595,1,p:2.3.3.2.1.1
U2026,81,FUSE2,321829.4997,321829.4997,326904.4997,5075.0,5075.0,1035.4,0.20402,1,p:1.1.5.1.1.2
U2027,81,FUSE2,321879.34,321879.34,324440.1997,2560.8596,2560.8596,1035.4,0.404317,1,p:2.2.4.2.2.1
U2028,81,FUSE2,321945.4997,321945.4997,327927.6997,5982.2,5982.2,1035.4,0.17308,1,p:1.3.1.1.3.2
U2029,81,FUSE2,321995.34,321995.34,328238.8997,6243.5596,6243.5596,1035.4,0.165835,1,p:2.1.2.1.2.2
U4623,185,FUSE0,322061.4997,322061.4997,324672.1997,2610.7,2610.7,941.0,0.36044,1,p:1.2.3.2.3.1
U4624,185,FUSE0,322111.34,322111.34,326862.4997,4751.1596,4751.1596,941.0,0.198057,1,p:2.3.5.2.2.1
U4625,185,FUSE0,322177.4997,322177.4997,325278.1997,3100.7,3100.7,941.0,0.30348,1,p:1.1.4.1.3.2
U4626,185,FUSE0,322227.34,322227.34,328352.8997,6125.5596,6125.5596,941.0,0.153619,1,p:2.2.1.2.1.1
U4627,185,FUSE0,322293.4997,322293.4997,324930.1997,2636.7,2636.7,941.0,0.356886,1,p:1.3.3.1.1.2
U4628,185,FUSE0,322343.34,322343.34,328236.8997,5893.5596,5893.5596,941.0,0.159666,1,p:2.1.2.2.3.1
U4629,185,FUSE0,322409.4997,322409.4997,327568.6367,5159.137,5159.137,941.0,0.182395,1,p:1.2.5.1.3.2
U4630,185,FUSE0,322459.34,322459.34,325252.1997,2792.8596,2792.8596,941.0,0.336931,1,p:2.3.4.2.1.1
U4631,185,FUSE0,322525.4997,322525.4997,328818.8997,6293.4,6293.4,941.0,0.149522,1,p:1.1.1.1.2.2
U4632,185,FUSE1,322613.8997,322613.8997,324904.1997,2290.3,2290.3,1003.0,0.437934,1,p:2.2.3.2.2.1
U4633,185,FUSE1,322641.4997,322641.4997,328354.8997,5713.4,5713.4,1003.0,0.175552,1,p:1.3.2.1.1.2
U4634,185,FUSE1,322729.8997,322729.8997,327656.8997,4927.0,4927.0,1003.0,0.203572,1,p:2.1.5.2.1.1
U4635,185,FUSE1,322757.4997,322757.4997,325162.1997,2404.7,2404.7,1003.0,0.4171,1,p:1.2.4.1.2.2
U4636,185,FUSE1,322845.8997,322845.8997,329112.4997,6266.6,6266.6,1003.0,0.160055,1,p:2.3.1.2.3.1
U4637,185,FUSE1,322873.4997,322873.4997,325626.1997,2752.7,2752.7,1003.0,0.36437,1,p:1.1.3.1.3.2
U4638,185,FUSE1,322963.4997,322963.4997,328996.4997,6033.0,6033.0,1003.0,0.166252,1,p:2.2.2.2.2.1
U4639,185,FUSE1,322989.4997,322989.4997,328043.6997,5054.2,5054.2,1003.0,0.198449,1,p:1.3.5.1.1.2
U4640,185,FUSE2,323079.4997,323079.4997,325934.4997,2855.0,2855.0,1035.4,0.362662,1,p:2.1.4.2.3.1
U4641,185,FUSE2,323105.4997,323105.4997,329842.0997,6736.6,6736.6,1035.4,0.153698,1,p:1.2.1.1.2.2
U4642,185,FUSE2,323195.4997,323195.4997,325600.1997,2404.7,2404.7,1035.4,0.430573,1,p:2.3.3.2.1.1
U4643,185,FUSE2,323221.4997,323221.4997,329378.0997,6156.6,6156.6,1035.4,0.168177,1,p:1.1.2.1.3.2
U4644,185,FUSE2,323311.4997,323311.4997,328120.8997,4809.4,4809.4,1035.4,0.215287,1,p:2.2.5.2.2.1
U4645,185,FUSE2,323337.4997,323337.4997,325974.1997,2636.7,2636.7,1035.4,0.392688,1,p:1.3.4.1.1.2
U4646,185,FUSE2,323427.4997,323427.4997,329924.4997,6497.0,6497.0,1035.4,0.159366,1,p:2.1.1.2.3.1
U4647,185,FUSE2,323453.4997,323453.4997,325742.1997,2288.7,2288.7,1035.4,0.452397,1,p:1.2.3.1.2.2
U4648,185,FUSE2,323543.4997,323543.4997,329228.4997,5685.0,5685.0,1035.4,0.182128,1,p:2.3.2.2.1.1
U3761,151,FUSE0,323569.4997,323569.4997,328934.8997,5365.4,5365.4,941.0,0.175383,1,p:1.1.5.1.3.2
U3762,151,FUSE0,323659.4997,323659.4997,326282.4997,2623.0,2623.0,941.0,0.35875,1,p:2.2.4.2.2.1
U3763,151,FUSE0,323685.4997,323685.4997,330074.0997,6388.6,6388.6,941.0,0.147294,1,p:1.3.1.1.1.2
U3764,151,FUSE0,323775.4997,323775.4997,326166.4997,2391.0,2391.0,941.0,0.393559,1,p:2.1.3.2.3.1
U3765,151,FUSE0,323801.4997,323801.4997,330306.0997,6504.6,6504.6,941.0,0.144667,1,p:1.2.2.1.2.2
U3766,151,FUSE0,323891.4997,323891.4997,328880.4997,4989.0,4989.0,941.0,0.188615,1,p:2.3.5.2.1.1
U3767,151,FUSE0,323917.4997,323917.4997,326670.1997,2752.7,2752.7,941.0,0.341846,1,p:1.1.4.1.3.2
U3768,151,FUSE0,324007.4997,324007.4997,330504.4997,6497.0,6497.0,941.0,0.144836,1,p:2.2.1.2.2.1
U3769,151,FUSE1,324033.4997,324033.4997,326322.1997,2288.7,2288.7,1003.0,0.43824,1,p:1.3.3.1.1.2
U3770,151,FUSE1,324123.4997,324123.4997,330388.4997,6265.0,6265.0,1003.0,0.160096,1,p:2.1.2.2.3.1
U3771,151,FUSE1,324149.4997,324149.4997,329610.0997,5460.6,5460.6,1003.0,0.183679,1,p:1.2.5.1.2.2
U3772,151,FUSE1,324239.4997,324239.4997,326630.4997,2391.0,2391.0,1003.0,0.41949,1,p:2.3.4.2.1.1
U3773,151,FUSE1,324265.4997,324265.4997,331006.8997,6741.4,6741.4,1003.0,0.148782,1,p:1.1.1.1.3.2
U3774,151,FUSE1,324355.4997,324355.4997,326746.4997,2391.0,2391.0,1003.0,0.41949,1,p:2.2.3.2.2.1
U3775,151,FUSE1,324381.4997,324381.4997,330190.0997,5808.6,5808.6,1003.0,0.172675,1,p:1.3.2.1.1.2
U3776,151,FUSE1,324471.4997,324471.4997,329692.4997,5221.0,5221.0,1003.0,0.192109,1,p:2.1.5.2.3.1
U3777,151,FUSE2,324497.4997,324497.4997,327059.8367,2562.337,2562.337,1035.4,0.404084,1,p:1.2.4.1.2.2
U3778,151,FUSE2,324587.4997,324587.4997,330272.4997,5685.0,5685.0,1035.4,0.182128,1,p:2.3.1.2.1.1
U3779,151,FUSE2,324613.4997,324613.4997,327312.8997,2699.4,2699.4,1035.4,0.383567,1,p:1.1.3.1.3.2
U3780,151,FUSE2,324703.4997,324703.4997,330852.4997,6149.0,6149.0,1035.4,0.168385,1,p:2.2.2.2.2.1
U3781,151,FUSE2,324729.4997,324729.4997,329726.0997,4996.6,4996.6,1035.4,0.207221,1,p:1.3.5.1.1.2
U3782,151,FUSE2,324819.4997,324819.4997,327772.8997,2953.4,2953.4,1035.4,0.350579,1,p:2.1.4.2.3.1
U3783,151,FUSE2,324845.4997,324845.4997,331122.8997,6277.4,6277.4,1035.4,0.164941,1,p:1.2.1.1.2.2
U3784,151,FUSE2,324935.4997,324935.4997,326788.4997,1853.0,1853.0,1035.4,0.55877,1,p:2.3.3.1.3.2
U3785,151,FUSE2,324961.4997,324961.4997,331200.4997,6239.0,6239.0,1035.4,0.165956,1,p:1.1.2.2.1.1
U6099,244,FUSE0,325051.4997,325051.4997,330040.4997,4989.0,4989.0,941.0,0.188615,1,p:2.2.5.2.2.1
U6100,244,FUSE0,325077.4997,325077.4997,327811.6997,2734.2,2734.2,941.0,0.344159,1,p:1.3.4.1.1.2
U6101,244,FUSE0,325167.4997,325167.4997,331896.4997,6729.0,6729.0,941.0,0.139842,1,p:2.1.1.2.3.1
U6102,244,FUSE0,325193.4997,325193.4997,330774.8997,5581.4,5581.4,941.0,0.168596,1,p:1.2.5.1.3.2
U6103,244,FUSE0,325283.4997,325283.4997,327267.74,1984.2404,1984.2404,941.0,0.474237,1,p:2.3.3.2.1.1
U6104,244,FUSE0,325309.4997,325309.4997,331399.2997,6089.8,6089.8,941.0,0.154521,1,p:1.1.2.1.2.2
U6105,244,FUSE0,325399.4997,325399.4997,327888.8997,2489.4,2489.4,941.0,0.378003,1,p:2.2.4.2.2.1
U6106,244,FUSE0,325425.4997,325425.4997,331283.2997,5857.8,5857.8,941.0,0.160641,1,p:1.3.1.1.1.2
U6107,244,FUSE0,325515.4997,325515.4997,331084.4997,5569.0,5569.0,941.0,0.168971,1,p:2.1.5.2.3.1
U6108,244,FUSE1,325541.4997,325541.4997,328470.8997,2929.4,2929.4,1003.0,0.342391,1,p:1.2.3.1.2.2
U6109,244,FUSE1,325631.4997,325631.4997,331664.4997,6033.0,6033.0,1003.0,0.166252,1,p:2.3.2.2.1.1
U6110,244,FUSE1,325657.4997,325657.4997,328586.8997,2929.4,2929.4,1003.0,0.342391,1,p:1.1.4.1.3.2
U6111,244,FUSE1,325747.4997,325747.4997,332360.4997,6613.0,6613.0,1003.0,0.151671,1,p:2.2.1.2.2.1
U6112,244,FUSE1,325773.4997,325773.4997,330658.8997,4885.4,4885.4,1003.0,0.205306,1,p:1.3.5.1.1.2
U6113,244,FUSE1,325889.4997,325889.4997,328468.8997,2579.4,2579.4,1003.0,0.38885,1,p:2.1.3.2.3.1
U6114,244,FUSE1,325965.7997,325965.7997,331747.2997,5781.5,5781.5,1003.0,0.173484,1,p:1.2.2.1.2.2
U6115,244,FUSE1,326005.4997,326005.4997,328584.8997,2579.4,2579.4,1003.0,0.38885,1,p:2.3.4.2.1.1
U6116,244,FUSE1,326081.7997,326081.7997,332754.8997,6673.1,6673.1,1003.0,0.150305,1,p:1.1.1.1.3.2
U6117,244,FUSE1,326121.4997,326121.4997,331432.4997,5311.0,5311.0,1003.0,0.188853,1,p:2.2.5.2.2.1
U6118,244,FUSE2,326197.7997,326197.7997,328702.8997,2505.1,2505.1,1035.4,0.413317,1,p:1.3.3.1.1.2
U6119,244,FUSE2,326237.4997,326237.4997,332940.4997,6703.0,6703.0,1035.4,0.154468,1,p:2.1.2.2.3.1
U6120,244,FUSE2,326313.7997,326313.7997,329055.8367,2742.037,2742.037,1035.4,0.377602,1,p:1.2.4.1.2.2
U6121,244,FUSE2,326353.4997,326353.4997,332128.4997,5775.0,5775.0,1035.4,0.17929,1,p:2.3.1.2.1.1
U6122,244,FUSE2,326429.7997,326429.7997,332000.0997,5570.3,5570.3,1035.4,0.185879,1,p:1.1.5.1.3.2
U6123,244,FUSE2,326469.4997,326469.4997,329576.4997,3107.0,3107.0,1035.4,0.333248,1,p:2.2.3.2.2.1
U6124,244,FUSE2,326545.7997,326545.7997,332173.2997,5627.5,5627.5,1035.4,0.183989,1,p:1.3.2.1.1.2
U6125,244,FUSE2,326585.4997,326585.4997,329344.4997,2759.0,2759.0,1035.4,0.375281,1,p:2.1.4.2.3.1
U6126,244,FUSE2,326661.7997,326661.7997,332870.8997,6209.1,6209.1,1035.4,0.166755,1,p:1.2.1.1.2.2
U6127,244,FUSE2,326701.4997,326701.4997,332012.4997,5311.0,5311.0,1035.4,0.194954,1,p:2.3.5.2.2.1
U3813,153,FUSE0,326777.7997,326777.7997,329958.0997,3180.3,3180.3,941.0,0.295884,1,p:1.1.3.1.3.2
U3814,153,FUSE0,326819.7997,326819.7997,333172.4997,6352.7,6352.7,941.0,0.148126,1,p:2.2.2.2.1.1
U3815,153,FUSE0,326893.7997,326893.7997,329494.0997,2600.3,2600.3,941.0,0.361881,1,p:1.3.4.1.1.2
U3816,153,FUSE0,326935.7997,326935.7997,333593.2997,6657.5,6657.5,941.0,0.141344,1,p:2.1.1.2.3.1
U3817,153,FUSE0,327014.5997,327014.5997,332289.2997,5274.7,5274.7,941.0,0.178399,1,p:1.2.5.1.3.2
U3818,153,FUSE0,327091.1367,327091.1367,329460.4997,2369.363,2369.363,941.0,0.397153,1,p:2.3.3.2.1.1
U3819,153,FUSE0,327207.1367,327207.1367,333338.0997,6130.963,6130.963,941.0,0.153483,1,p:1.1.2.1.2.2
U3820,153,FUSE0,327299.04,327299.04,329808.4997,2509.4596,2509.4596,941.0,0.374981,1,p:2.2.4.2.2.1
U3821,153,FUSE1,327344.1997,327344.1997,333454.0997,6109.9,6109.9,1003.0,0.16416,1,p:1.3.1.1.1.2
U3822,153,FUSE1,327483.9367,327483.9367,332476.4997,4992.563,4992.563,1003.0,0.200899,1,p:2.1.5.2.1.1
U3823,153,FUSE1,327599.9367,327599.9367,330542.8997,2942.963,2942.963,1003.0,0.340813,1,p:1.2.3.1.2.2
U3824,153,FUSE1,327688.1997,327688.1997,333288.4997,5600.3,5600.3,1003.0,0.179098,1,p:2.3.2.2.3.1
U3825,153,FUSE1,327715.9367,327715.9367,330426.8997,2710.963,2710.963,1003.0,0.369979,1,p:1.1.4.1.3.2
U3826,153,FUSE1,327804.1997,327804.1997,333709.2997,5905.1,5905.1,1003.0,0.169853,1,p:2.2.1.2.2.1
U3827,153,FUSE1,327842.9997,327842.9997,332986.8997,5143.9,5143.9,1003.0,0.194988,1,p:1.3.5.1.1.2
U3828,153,FUSE1,327920.1997,327920.1997,330156.4997,2236.3,2236.3,1003.0,0.448509,1,p:2.1.3.2.3.1
U3829,153,FUSE2,327958.9997,327958.9997,333686.0997,5727.1,5727.1,1035.4,0.18079,1,p:1.2.2.1.2.2
U3830,153,FUSE2,328036.1997,328036.1997,330620.4997,2584.3,2584.3,1035.4,0.40065,1,p:2.3.4.2.1.1
U3831,153,FUSE2,328074.9997,328074.9997,334266.0997,6191.1,6191.1,1035.4,0.16724,1,p:1.1.1.1.3.2
U3832,153,FUSE2,328152.1997,328152.1997,333222.0997,5069.9,5069.9,1035.4,0.204225,1,p:2.2.5.2.1.2
U3833,153,FUSE2,328268.1997,328268.1997,330736.4997,2468.3,2468.3,1035.4,0.419479,1,p:1.3.3.1.2.1
U3834,153,FUSE2,328270.1997,328270.1997,334498.0997,6227.9,6227.9,1035.4,0.166252,1,p:2.1.2.2.2.2
U3835,153,FUSE2,328384.1997,328384.1997,331316.4997,2932.3,2932.3,1035.4,0.353102,1,p:1.2.4.2.3.1
U6728,269,FUSE0,328386.1997,328386.1997,334642.0997,6255.9,6255.9,941.0,0.150418,1,p:2.3.1.1.3.1
U6729,269,FUSE0,328500.1997,328500.1997,333802.0997,5301.9,5301.9,941.0,0.177484,1,p:1.1.5.1.1.2
U6730,269,FUSE0,328502.1997,328502.1997,330890.8997,2388.7,2388.7,941.0,0.393938,1,p:2.2.3.2.1.2
U6731,269,FUSE0,328616.1997,328616.1997,334524.4997,5908.3,5908.3,941.0,0.159267,1,p:1.3.2.1.2.1
U6732,269,FUSE0,328618.1997,328618.1997,335078.0997,6459.9,6459.9,941.0,0.145668,1,p:2.1.1.2.2.2
U6733,269,FUSE0,328734.1997,328734.1997,331548.4997,2814.3,2814.3,941.0,0.334364,1,p:1.2.4.1.3.1
U6734,269,FUSE0,328850.1997,328850.1997,333918.0997,5067.9,5067.9,941.0,0.185678,1,p:2.3.5.2.3.2
U6735,269,FUSE1,328911.7997,328911.7997,330968.4997,2056.7,2056.7,1003.0,0.487674,1,p:1.1.3.1.1.1
U6736,269,FUSE1,328966.1997,328966.1997,334382.0997,5415.9,5415.9,1003.0,0.185195,1,p:2.2.2.2.1.2
U6737,269,FUSE1,329027.7997,329027.7997,335396.8997,6369.1,6369.1,1003.0,0.157479,1,p:1.3.1.1.2.1
U6738,269,FUSE1,329087.1367,329087.1367,331631.2997,2544.163,2544.163,1003.0,0.394236,1,p:2.1.4.2.2.2
U6739,269,FUSE1,329143.7997,329143.7997,333942.8997,4799.1,4799.1,1003.0,0.208998,1,p:1.2.5.1.3.1
U6740,269,FUSE1,329259.7997,329259.7997,331515.2997,2255.5,2255.5,1003.0,0.444691,1,p:2.3.3.2.3.2
U6741,269,FUSE1,329375.7997,329375.7997,334932.8997,5557.1,5557.1,1003.0,0.18049,1,p:1.1.2.1.1.1
U6742,269,FUSE2,329409.3997,329409.3997,335310.0997,5900.7,5900.7,1035.4,0.175471,1,p:2.2.1.2.1.2
U6743,269,FUSE2,329491.7997,329491.7997,332244.4997,2752.7,2752.7,1035.4,0.37614,1,p:1.3.4.1.2.1
U6744,269,FUSE2,329525.3997,329525.3997,334614.0997,5088.7,5088.7,1035.4,0.20347,1,p:2.1.5.2.2.2
U6745,269,FUSE2,329607.7997,329607.7997,331780.4997,2172.7,2172.7,1035.4,0.47655,1,p:1.2.3.1.3.1
U6746,269,FUSE2,329641.3997,329641.3997,335194.0997,5552.7,5552.7,1035.4,0.186468,1,p:2.3.2.2.3.2
U6747,269,FUSE2,329723.7997,329723.7997,335864.0997,6140.3,6140.3,1035.4,0.168624,1,p:1.1.1.1.1.1
U6748,269,FUSE2,329757.3997,329757.3997,332708.4997,2951.1,2951.1,1035.4,0.350852,1,p:2.2.4.2.2.1
U6749,269,FUSE2,329839.7997,329839.7997,334962.0997,5122.3,5122.3,1035.4,0.202136,1,p:1.3.5.1.1.2
U6750,269,FUSE2,329873.3997,329873.3997,332405.2997,2531.9,2531.9,1035.4,0.408942,1,p:2.1.3.1.2.2
U2248,91,FUSE0,329955.7997,329955.7997,335516.0997,5560.3,5560.3,941.0,0.169235,1,p:1.2.2.2.3.1
U2249,91,FUSE0,329989.3997,329989.3997,336212.0997,6222.7,6222.7,941.0,0.151221,1,p:2.3.1.2.1.1
U2250,91,FUSE0,330071.7997,330071.7997,332638.8997,2567.1,2567.1,941.0,0.366561,1,p:1.1.4.1.3.2
U2251,91,FUSE0,330105.3997,330105.3997,335164.8997,5059.5,5059.5,941.0,0.185987,1,p:2.2.5.2.2.1
U2252,91,FUSE0,330187.7997,330187.7997,336122.0997,5934.3,5934.3,941.0,0.15857,1,p:1.3.2.1.1.2
U2253,91,FUSE0,330221.3997,330221.3997,332592.4997,2371.1,2371.1,941.0,0.396862,1,p:2.1.3.2.3.1
U2254,91,FUSE0,330303.7997,330303.7997,336354.0997,6050.3,6050.3,941.0,0.155529,1,p:1.2.1.1.2.2
U2255,91,FUSE0,330337.3997,330337.3997,332824.4997,2487.1,2487.1,941.0,0.378352,1,p:2.3.4.2.1.1
U2256,91,FUSE1,330419.7997,330419.7997,335658.0997,5238.3,5238.3,1003.0,0.191474,1,p:1.1.5.1.3.2
U2257,91,FUSE1,330458.1997,330458.1997,336328.0997,5869.9,5869.9,1003.0,0.170872,1,p:2.2.2.2.2.1
U2258,91,FUSE1,330535.7997,330535.7997,332522.8997,1987.1,1987.1,1003.0,0.504756,1,p:1.3.3.1.1.2
U2259,91,FUSE1,330574.1997,330574.1997,336444.0997,5869.9,5869.9,1003.0,0.170872,1,p:2.1.1.2.3.1
U2260,91,FUSE1,330651.7997,330651.7997,333102.8997,2451.1,2451.1,1003.0,0.409204,1,p:1.2.4.1.2.2
U2261,91,FUSE1,330690.1997,330690.1997,335632.0997,4941.9,4941.9,1003.0,0.202958,1,p:2.3.5.2.1.1
U2262,91,FUSE1,330767.7997,330767.7997,336470.0997,5702.3,5702.3,1003.0,0.175894,1,p:1.1.2.1.3.2
U2263,91,FUSE1,330806.1997,330806.1997,333056.4997,2250.3,2250.3,1003.0,0.445718,1,p:2.2.3.2.2.1
U2264,91,FUSE2,330883.7997,330883.7997,337050.0997,6166.3,6166.3,1035.4,0.167913,1,p:1.3.1.1.1.2
U2265,91,FUSE2,330922.1997,330922.1997,333404.4997,2482.3,2482.3,1035.4,0.417113,1,p:2.1.4.2.3.1
U2266,91,FUSE2,330999.7997,330999.7997,336238.0997,5238.3,5238.3,1035.4,0.19766,1,p:1.2.5.1.2.2
U2267,91,FUSE2,331038.1997,331038.1997,336676.0997,5637.9,5637.9,1035.4,0.18365,1,p:2.3.2.2.1.1
U2268,91,FUSE2,331115.7997,331115.7997,333570.0997,2454.3,2454.3,1035.4,0.421872,1,p:1.1.3.1.3.2
U2269,91,FUSE2,331154.1997,331154.1997,337262.4997,6108.3,6108.3,1035.4,0.169507,1,p:2.2.1.2.2.1
U2270,91,FUSE2,331231.7997,331231.7997,334150.0997,2918.3,2918.3,1035.4,0.354796,1,p:1.3.4.1.1.2
U2271,91,FUSE2,331314.5997,331314.5997,336006.0997,4691.5,4691.5,1035.4,0.220697,1,p:2.1.5.1.3.2
U7234,289,FUSE0,331347.7997,331347.7997,336914.4997,5566.7,5566.7,941.0,0.169041,1,p:1.2.2.2.3.1
U7235,289,FUSE0,331430.5997,331430.5997,333825.2997,2394.7,2394.7,941.0,0.392951,1,p:2.3.3.2.1.1
U7236,289,FUSE0,331463.7997,331463.7997,337514.0997,6050.3,6050.3,941.0,0.155529,1,p:1.1.1.1.2.2
U7237,289,FUSE0,331546.5997,331546.5997,334058.8997,2512.3,2512.3,941.0,0.374557,1,p:2.2.4.2.2.1
U7238,289,FUSE0,331579.7997,331579.7997,337398.0997,5818.3,5818.3,941.0,0.161731,1,p:1.3.2.1.1.2
U7239,289,FUSE0,331662.5997,331662.5997,336096.0997,4433.5,4433.5,941.0,0.212248,1,p:2.1.5.2.3.1
U7240,289,FUSE1,331695.7997,331695.7997,334034.0997,2338.3,2338.3,1003.0,0.428944,1,p:1.2.3.1.2.2
U7241,289,FUSE1,331778.5997,331778.5997,337958.4997,6179.9,6179.9,1003.0,0.1623,1,p:2.3.1.2.1.1
U7242,289,FUSE1,331811.7997,331811.7997,334730.0997,2918.3,2918.3,1003.0,0.343693,1,p:1.1.4.1.3.2
U7243,289,FUSE1,331927.7997,331927.7997,337842.4997,5914.7,5914.7,1003.0,0.169577,1,p:2.2.2.2.2.1
U7244,289,FUSE1,332031.3997,332031.3997,336702.0997,4670.7,4670.7,1003.0,0.214743,1,p:1.3.5.1.1.2
U7245,289,FUSE1,332043.7997,332043.7997,334292.4997,2248.7,2248.7,1003.0,0.446035,1,p:2.1.3.2.3.1
U7246,289,FUSE2,332159.7997,332159.7997,338210.0997,6050.3,6050.3,1035.4,0.171132,1,p:1.2.1.1.2.2
U7247,289,FUSE2,332204.5997,332204.5997,334408.4997,2203.9,2203.9,1035.4,0.469804,1,p:2.3.4.2.1.1
U7248,289,FUSE2,332275.7997,332275.7997,337630.0997,5354.3,5354.3,1035.4,0.193377,1,p:1.1.2.1.3.2
U7249,289,FUSE2,332320.5997,332320.5997,337146.4997,4825.9,4825.9,1035.4,0.214551,1,p:2.2.5.2.2.1
U7250,289,FUSE2,332391.7997,332391.7997,334846.0997,2454.3,2454.3,1035.4,0.421872,1,p:1.3.3.1.1.2
U7251,289,FUSE2,332436.5997,332436.5997,338306.4997,5869.9,5869.9,1035.4,0.176391,1,p:2.1.1.2.3.1
U7252,289,FUSE2,332507.7997,332507.7997,335542.0997,3034.3,3034.3,1035.4,0.341232,1,p:1.2.4.1.2.2
U5130,205,FUSE0,332554.1997,332554.1997,338422.4997,5868.3,5868.3,941.0,0.160353,1,p:2.3.2.2.1.1
U5131,205,FUSE0,332623.7997,332623.7997,337282.0997,4658.3,4658.3,941.0,0.202005,1,p:1.1.5.1.3.2
U5132,205,FUSE0,332670.1997,332670.1997,335048.8997,2378.7,2378.7,941.0,0.395594,1,p:2.2.3.2.2.1
U5133,205,FUSE0,332739.7997,332739.7997,338790.0997,6050.3,6050.3,941.0,0.155529,1,p:1.3.1.1.1.2
U5134,205,FUSE0,332786.1997,332786.1997,334816.8997,2030.7,2030.7,941.0,0.463387,1,p:2.1.4.2.3.1
U5135,205,FUSE0,332855.7997,332855.7997,338326.0997,5470.3,5470.3,941.0,0.17202,1,p:1.2.2.1.2.2
U5136,205,FUSE0,332902.1997,332902.1997,337610.4997,4708.3,4708.3,941.0,0.19986,1,p:2.3.5.2.1.1
U5137,205,FUSE1,332971.7997,332971.7997,335426.0997,2454.3,2454.3,1003.0,0.40867,1,p:1.1.3.1.3.2
U5138,205,FUSE1,333018.1997,333018.1997,339118.4997,6100.3,6100.3,1003.0,0.164418,1,p:2.2.1.2.2.1
U5139,205,FUSE1,333087.7997,333087.7997,335774.0997,2686.3,2686.3,1003.0,0.373376,1,p:1.3.4.1.1.2
U5140,205,FUSE1,333134.1997,333134.1997,338538.4997,5404.3,5404.3,1003.0,0.185593,1,p:2.1.2.2.3.1
U5141,205,FUSE1,333203.7997,333203.7997,338094.0997,4890.3,4890.3,1003.0,0.2051,1,p:1.2.5.1.2.2
U5142,205,FUSE1,333253.3997,333253.3997,335280.8997,2027.5,2027.5,1003.0,0.494698,1,p:2.3.3.2.1.1
U5143,205,FUSE1,333319.7997,333319.7997,339022.0997,5702.3,5702.3,1003.0,0.175894,1,p:1.1.1.1.3.2
U5144,205,FUSE2,333369.3997,333369.3997,335980.0997,2610.7,2610.7,1035.4,0.396599,1,p:2.2.4.2.2.1
U5145,205,FUSE2,333435.7997,333435.7997,339138.0997,5702.3,5702.3,1035.4,0.181576,1,p:1.3.2.1.1.2
U5146,205,FUSE2,333485.3997,333485.3997,338074.4997,4589.1,4589.1,1035.4,0.225622,1,p:2.1.5.2.3.1
U5147,205,FUSE2,333601.3997,333601.3997,335890.0997,2288.7,2288.7,1035.4,0.452397,1,p:1.2.3.1.2.2
U5148,205,FUSE2,333624.5997,333624.5997,339582.4997,5957.9,5957.9,1035.4,0.173786,1,p:2.3.1.2.1.1
U5149,205,FUSE2,333717.3997,333717.3997,336560.0997,2842.7,2842.7,1035.4,0.364231,1,p:1.1.4.2.2.1
U5150,205,FUSE2,333740.5997,333740.5997,339370.0997,5629.5,5629.5,1035.4,0.183924,1,p:2.2.2.1.3.2
U3229,130,FUSE0,333833.3997,333833.3997,338442.0997,4608.7,4608.7,941.0,0.204179,1,p:1.3.5.1.1.2
U3230,130,FUSE0,333856.5997,333856.5997,335748.0997,1891.5,1891.5,941.0,0.497489,1,p:2.1.3.2.3.1
U3231,130,FUSE0,333949.3997,333949.3997,339486.0997,5536.7,5536.7,941.0,0.169957,1,p:1.2.1.1.2.2
U3232,130,FUSE0,333974.1997,333974.1997,339002.4997,5028.3,5028.3,941.0,0.187141,1,p:2.3.5.2.2.1
U3233,130,FUSE0,334065.3997,334065.3997,336818.0997,2752.7,2752.7,941.0,0.341846,1,p:1.1.4.1.3.2
U3234,130,FUSE0,334090.1997,334090.1997,339466.4997,5376.3,5376.3,941.0,0.175027,1,p:2.2.2.2.1.1
U3235,130,FUSE0,334181.3997,334181.3997,336586.0997,2404.7,2404.7,941.0,0.391317,1,p:1.3.3.1.1.2
U3236,130,FUSE1,334297.3997,334297.3997,340086.7444,5789.3448,5789.3448,1003.0,0.173249,1,p:2.1.1.2.3.1
U3237,130,FUSE1,334323.7997,334323.7997,338674.0997,4350.3,4350.3,1003.0,0.230559,1,p:1.2.5.1.3.2
U3238,130,FUSE1,334413.3997,334413.3997,337030.4997,2617.1,2617.1,1003.0,0.383249,1,p:2.3.4.2.1.1
U3239,130,FUSE1,334439.7997,334439.7997,339718.0997,5278.3,5278.3,1003.0,0.190023,1,p:1.1.2.1.2.2
U3240,130,FUSE1,334529.3997,334529.3997,336792.0997,2262.7,2262.7,1003.0,0.443276,1,p:2.2.3.2.2.1
U3241,130,FUSE1,334555.7997,334555.7997,340414.0997,5858.3,5858.3,1003.0,0.17121,1,p:1.3.1.1.1.2
U3242,130,FUSE1,334645.3997,334645.3997,339698.4997,5053.1,5053.1,1003.0,0.198492,1,p:2.1.5.2.3.1
U3243,130,FUSE1,334673.3997,334673.3997,337166.0997,2492.7,2492.7,1003.0,0.402375,1,p:1.2.4.1.2.2
U3244,130,FUSE2,334761.3997,334761.3997,340434.7444,5673.3448,5673.3448,1035.4,0.182503,1,p:2.3.2.2.1.1
U3245,130,FUSE2,334848.1997,334848.1997,336934.0997,2085.9,2085.9,1035.4,0.49638,1,p:1.1.3.1.3.2
U3246,130,FUSE2,334877.3997,334877.3997,340666.7444,5789.3448,5789.3448,1035.4,0.178846,1,p:2.2.1.2.2.1
U3247,130,FUSE2,334964.1997,334964.1997,339834.0997,4869.9,4869.9,1035.4,0.212612,1,p:1.3.5.1.3.2
U3248,130,FUSE2,334993.3997,334993.3997,337494.4997,2501.1,2501.1,1035.4,0.413978,1,p:2.1.4.2.1.1
U3249,130,FUSE2,335080.1997,335080.1997,340530.0997,5449.9,5449.9,1035.4,0.189985,1,p:1.2.2.1.2.2
U3250,130,FUSE2,335109.3997,335109.3997,337378.4997,2269.1,2269.1,1035.4,0.456304,1,p:2.3.3.2.3.1
U3251,130,FUSE2,335196.1997,335196.1997,341246.7444,6050.5448,6050.5448,1035.4,0.171125,1,p:1.1.1.2.2.1
U3786,152,FUSE0,335225.3997,335225.3997,339950.0997,4724.7,4724.7,941.0,0.199166,1,p:2.2.5.1.1.2
U3787,152,FUSE0,335312.1997,335312.1997,337726.4997,2414.3,2414.3,941.0,0.389761,1,p:1.3.4.2.1.1
U3788,152,FUSE0,335341.3997,335341.3997,340878.0997,5536.7,5536.7,941.0,0.169957,1,p:2.1.2.1.3.2
U3789,152,FUSE0,335428.1997,335428.1997,337746.0997,2317.9,2317.9,941.0,0.405971,1,p:1.2.3.1.2.2
U3790,152,FUSE0,335457.3997,335457.3997,340318.7444,4861.3448,4861.3448,941.0,0.193568,1,p:2.3.5.2.3.1
U3791,152,FUSE0,335547.3997,335547.3997,337862.0997,2314.7,2314.7,941.0,0.406532,1,p:1.1.4.1.3.2
U3792,152,FUSE0,335573.3997,335573.3997,341130.7444,5557.3448,5557.3448,941.0,0.169325,1,p:2.2.2.2.2.1
U3793,152,FUSE0,335663.3997,335663.3997,341574.0997,5910.7,5910.7,941.0,0.159203,1,p:1.3.1.1.1.2
U3794,152,FUSE0,335689.3997,335689.3997,338190.4997,2501.1,2501.1,941.0,0.376234,1,p:2.1.3.2.1.1
U3795,152,FUSE1,335779.3997,335779.3997,340182.0997,4402.7,4402.7,1003.0,0.227815,1,p:1.2.5.1.2.2
U3796,152,FUSE1,335805.3997,335805.3997,338654.4997,2849.1,2849.1,1003.0,0.352041,1,p:2.3.4.2.2.1
U3797,152,FUSE1,335895.3997,335895.3997,341226.0997,5330.7,5330.7,1003.0,0.188155,1,p:1.1.2.1.1.2
U3798,152,FUSE1,335921.3997,335921.3997,341942.7444,6021.3448,6021.3448,1003.0,0.166574,1,p:2.2.1.2.3.1
U3799,152,FUSE1,336011.3997,336011.3997,337978.0997,1966.7,1966.7,1003.0,0.509991,1,p:1.3.3.1.3.2
U3800,152,FUSE1,336037.3997,336037.3997,340782.7444,4745.3448,4745.3448,1003.0,0.211365,1,p:2.1.5.2.1.1
U3801,152,FUSE1,336127.3997,336127.3997,338558.0997,2430.7,2430.7,1003.0,0.412638,1,p:1.2.4.1.1.2
U3802,152,FUSE1,336153.3997,336153.3997,341594.7444,5441.3448,5441.3448,1003.0,0.184329,1,p:2.3.2.2.3.1
U3803,152,FUSE1,336243.3997,336243.3997,342038.0997,5794.7,5794.7,1003.0,0.173089,1,p:1.1.1.1.2.2
U3804,152,FUSE2,336269.3997,336269.3997,338770.4997,2501.1,2501.1,1035.4,0.413978,1,p:2.2.3.2.2.1
U3805,152,FUSE2,336359.3997,336359.3997,341110.0997,4750.7,4750.7,1035.4,0.217947,1,p:1.3.5.1.3.2
U3806,152,FUSE2,336385.3997,336385.3997,338886.4997,2501.1,2501.1,1035.4,0.413978,1,p:2.1.4.2.3.1
U3807,152,FUSE2,336475.3997,336475.3997,342154.0997,5678.7,5678.7,1035.4,0.18233,1,p:1.2.2.1.2.2
U3808,152,FUSE2,336501.3997,336501.3997,342058.7444,5557.3448,5557.3448,1035.4,0.186312,1,p:2.3.1.2.1.1
U3809,152,FUSE2,336591.3997,336591.3997,338906.0997,2314.7,2314.7,1035.4,0.447315,1,p:1.1.3.1.1.2
U3810,152,FUSE2,336617.3997,336617.3997,341458.0997,4840.7,4840.7,1035.4,0.213895,1,p:2.2.5.1.3.2
U3811,152,FUSE2,336707.3997,336707.3997,339350.4997,2643.1,2643.1,1035.4,0.391737,1,p:1.3.4.2.1.1
U3812,152,FUSE2,336733.3997,336733.3997,342386.0997,5652.7,5652.7,1035.4,0.183169,1,p:2.1.2.1.2.2
U2594,105,FUSE0,336823.3997,336823.3997,345151.64,8328.2404,8328.2404,941.0,0.112989,1,p:1.2.1.2.2.1
U2595,105,FUSE0,336849.3997,336849.3997,339234.4997,2385.1,2385.1,941.0,0.394533,1,p:2.3.3.2.3.1
U2596,105,FUSE0,336945.7997,336945.7997,345264.1997,8318.4,8318.4,941.0,0.113123,1,p:1.1.1.1.1.2
U2597,105,FUSE0,336965.3997,336965.3997,341710.7444,4745.3448,4745.3448,941.0,0.1983,1,p:2.2.5.2.2.1
U2598,105,FUSE0,337061.7997,337061.7997,339602.0997,2540.3,2540.3,941.0,0.370429,1,p:1.3.4.1.3.2
U2599,105,FUSE0,337081.3997,337081.3997,342525.6997,5444.3,5444.3,941.0,0.172841,1,p:2.1.2.2.1.1
U2600,105,FUSE0,337177.7997,337177.7997,339254.0997,2076.3,2076.3,941.0,0.45321,1,p:1.2.3.1.2.2
U2601,105,FUSE0,337197.3997,337197.3997,345610.9997,8413.6,8413.6,941.0,0.111843,1,p:2.3.1.2.3.1
U2602,105,FUSE0,337293.7997,337293.7997,341922.0997,4628.3,4628.3,941.0,0.203314,1,p:1.1.5.1.1.2
U2603,105,FUSE1,337313.3997,337313.3997,339814.4997,2501.1,2501.1,1003.0,0.401024,1,p:2.2.4.2.2.1
U2604,105,FUSE1,337409.7997,337409.7997,342734.0997,5324.3,5324.3,1003.0,0.188382,1,p:1.3.2.1.3.2
U2605,105,FUSE1,337429.3997,337429.3997,339930.4997,2501.1,2501.1,1003.0,0.401024,1,p:2.1.3.2.1.1
U2606,105,FUSE1,337525.7997,337525.7997,345808.9997,8283.2,8283.2,1003.0,0.121088,1,p:1.2.1.1.2.2
U2607,105,FUSE1,337545.3997,337545.3997,342174.7444,4629.3448,4629.3448,1003.0,0.216661,1,p:2.3.5.2.3.1
U2608,105,FUSE1,337641.7997,337641.7997,340298.0997,2656.3,2656.3,1003.0,0.377593,1,p:1.1.4.1.1.2
U2609,105,FUSE1,337661.3997,337661.3997,342991.2997,5329.9,5329.9,1003.0,0.188184,1,p:2.2.2.2.2.1
U2610,105,FUSE1,337757.7997,337757.7997,340066.0997,2308.3,2308.3,1003.0,0.434519,1,p:1.3.3.1.3.2
U2611,105,FUSE1,337777.3997,337777.3997,346190.9997,8413.6,8413.6,1003.0,0.119212,1,p:2.1.1.2.1.1
U2612,105,FUSE1,337873.7997,337873.7997,342618.0997,4744.3,4744.3,1003.0,0.211412,1,p:1.2.5.1.2.2
U2613,105,FUSE2,337893.3997,337893.3997,340550.7444,2657.3448,2657.3448,1035.4,0.389637,1,p:2.3.4.2.3.1
U2614,105,FUSE2,337989.7997,337989.7997,343430.0997,5440.3,5440.3,1035.4,0.19032,1,p:1.1.2.1.1.2
U2615,105,FUSE2,338009.3997,338009.3997,340202.7444,2193.3448,2193.3448,1035.4,0.472064,1,p:2.2.3.2.2.1
U2616,105,FUSE2,338105.7997,338105.7997,346274.5997,8168.8,8168.8,1035.4,0.126751,1,p:1.3.1.1.3.2
U2617,105,FUSE2,338125.3997,338125.3997,342700.4997,4575.1,4575.1,1035.4,0.226312,1,p:2.1.5.2.1.1
U2618,105,FUSE2,338221.7997,338221.7997,340646.0997,2424.3,2424.3,1035.4,0.427092,1,p:1.2.4.1.2.2
U2619,105,FUSE2,338241.3997,338241.3997,343339.2997,5097.9,5097.9,1035.4,0.203103,1,p:2.3.2.2.3.1
U2620,105,FUSE2,338337.7997,338337.7997,340762.0997,2424.3,2424.3,1035.4,0.427092,1,p:1.1.3.1.1.2
U2621,105,FUSE2,338357.3997,338357.3997,346765.4997,8408.1,8408.1,1035.4,0.123143,1,p:2.2.1.2.2.1
U2622,105,FUSE2,338453.7997,338453.7997,342966.0997,4512.3,4512.3,1035.4,0.229462,1,p:1.3.5.1.3.2
U8459,338,FUSE0,338473.3997,338473.3997,341014.7444,2541.3448,2541.3448,941.0,0.370276,1,p:2.1.4.2.1.1
U8460,338,FUSE0,338569.7997,338569.7997,343662.0997,5092.3,5092.3,941.0,0.184789,1,p:1.2.2.1.2.2
U8461,338,FUSE0,338589.3997,338589.3997,340898.7444,2309.3448,2309.3448,941.0,0.407475,1,p:2.3.3.2.3.1
U8462,338,FUSE0,338685.7997,338685.7997,346926.54,8240.7404,8240.7404,941.0,0.114189,1,p:1.1.1.1.1.2
U8463,338,FUSE0,338705.3997,338705.3997,343223.2997,4517.9,4517.9,941.0,0.208283,1,p:2.2.5.2.2.1
U8464,338,FUSE0,338801.7997,338801.7997,341342.0997,2540.3,2540.3,941.0,0.370429,1,p:1.3.4.1.3.2
U8465,338,FUSE0,338821.3997,338821.3997,343994.8444,5173.4448,5173.4448,941.0,0.18189,1,p:2.1.2.2.1.1
U8466,338,FUSE1,338917.7997,338917.7997,340994.0997,2076.3,2076.3,1003.0,0.483071,1,p:1.2.3.1.2.2
U8467,338,FUSE1,338937.3997,338937.3997,347168.7026,8231.303,8231.303,1003.0,0.121852,1,p:2.3.1.2.3.1
U8468,338,FUSE1,339033.7997,339033.7997,347101.34,8067.5404,8067.5404,1003.0,0.124325,1,p:1.1.5.1.1.2
U8469,338,FUSE1,339053.3997,339053.3997,341478.7444,2425.3448,2425.3448,1003.0,0.413549,1,p:2.2.4.2.2.1
U8470,338,FUSE1,339149.7997,339149.7997,344033.6444,4883.8448,4883.8448,1003.0,0.205371,1,p:1.3.2.1.3.2
U8471,338,FUSE1,339169.3997,339169.3997,341362.7444,2193.3448,2193.3448,1003.0,0.457292,1,p:2.1.3.2.1.1
U8472,338,FUSE1,339265.7997,339265.7997,347655.9026,8390.103,8390.103,1003.0,0.119546,1,p:1.2.1.1.2.2
U8473,338,FUSE2,339285.3997,339285.3997,347528.14,8242.7404,8242.7404,1035.4,0.125614,1,p:2.3.5.2.3.1
U8474,338,FUSE2,339381.7997,339381.7997,341690.0997,2308.3,2308.3,1035.4,0.448555,1,p:1.1.4.1.1.2
U8475,338,FUSE2,339401.3997,339401.3997,344389.9444,4988.5448,4988.5448,1035.4,0.207556,1,p:2.2.2.2.2.1
U8476,338,FUSE2,339497.7997,339497.7997,341806.0997,2308.3,2308.3,1035.4,0.448555,1,p:1.3.3.1.3.2
U8477,338,FUSE2,339517.3997,339517.3997,347992.14,8474.7404,8474.7404,1035.4,0.122175,1,p:2.1.1.2.1.1
U8478,338,FUSE2,339613.7997,339613.7997,347760.14,8146.3404,8146.3404,1035.4,0.1271,1,p:1.2.5.2.3.1
U8479,338,FUSE2,339633.3997,339633.3997,342270.0997,2636.7,2636.7,1035.4,0.392688,1,p:2.3.4.1.1.2
U5408,216,FUSE0,339729.7997,339729.7997,344724.84,4995.0404,4995.0404,941.0,0.188387,1,p:1.1.2.1.2.2
U5409,216,FUSE0,339749.3997,339749.3997,341826.7444,2077.3448,2077.3448,941.0,0.452982,1,p:2.2.3.2.2.1
U5410,216,FUSE0,339845.7997,339845.7997,348351.9026,8506.103,8506.103,941.0,0.110626,1,p:1.3.1.1.3.2
U5411,216,FUSE0,339865.3997,339865.3997,345035.64,5170.2404,5170.2404,941.0,0.182003,1,p:2.1.2.2.1.1
U5412,216,FUSE0,339961.7997,339961.7997,348119.9026,8158.103,8158.103,941.0,0.115345,1,p:1.2.5.1.2.2
U5413,216,FUSE0,339981.3997,339981.3997,342290.7444,2309.3448,2309.3448,941.0,0.407475,1,p:2.3.4.2.3.1
U5414,216,FUSE0,340097.3997,340097.3997,342502.0997,2404.7,2404.7,941.0,0.391317,1,p:1.1.3.1.1.2
U5415,216,FUSE0,340118.0444,340118.0444,348468.2997,8350.2552,8350.2552,941.0,0.112691,1,p:2.2.1.2.2.1
U5416,216,FUSE1,340213.3997,340213.3997,345416.1997,5202.8,5202.8,1003.0,0.192781,1,p:1.3.2.1.3.2
U5417,216,FUSE1,340234.0444,340234.0444,348352.2997,8118.2552,8118.2552,1003.0,0.123549,1,p:2.1.5.2.1.1
U5418,216,FUSE1,340329.3997,340329.3997,342850.0997,2520.7,2520.7,1003.0,0.397905,1,p:1.2.4.1.2.2
U5419,216,FUSE1,340350.0444,340350.0444,342406.7444,2056.7,2056.7,1003.0,0.487674,1,p:2.3.3.2.3.1
U5420,216,FUSE1,340445.3997,340445.3997,348913.8997,8468.5,8468.5,1003.0,0.118439,1,p:1.1.1.1.1.2
U5421,216,FUSE1,340466.0444,340466.0444,345726.9997,5260.9552,5260.9552,1003.0,0.19065,1,p:2.2.2.2.2.1
U5422,216,FUSE1,340561.3997,340561.3997,348797.8997,8236.5,8236.5,1003.0,0.121775,1,p:1.3.5.1.3.2
U5423,216,FUSE1,340582.0444,340582.0444,342875.2997,2293.2552,2293.2552,1003.0,0.43737,1,p:2.1.4.2.1.1
U5424,216,FUSE2,340677.3997,340677.3997,343082.0997,2404.7,2404.7,1035.4,0.430573,1,p:1.2.3.1.2.2
U5425,216,FUSE2,340698.0444,340698.0444,348943.4997,8245.4552,8245.4552,1035.4,0.125572,1,p:2.3.1.2.3.1
U5426,216,FUSE2,340793.3997,340793.3997,345966.5997,5173.2,5173.2,1035.4,0.200147,1,p:1.1.2.1.1.2
U5427,216,FUSE2,340814.0444,340814.0444,348816.2997,8002.2552,8002.2552,1035.4,0.129389,1,p:2.2.5.2.2.1
U5428,216,FUSE2,340909.3997,340909.3997,343198.0997,2288.7,2288.7,1035.4,0.452397,1,p:1.3.4.1.3.2
U5429,216,FUSE2,340930.0444,340930.0444,343107.2997,2177.2552,2177.2552,1035.4,0.475553,1,p:2.1.3.2.1.1
U5430,216,FUSE2,341025.3997,341025.3997,349715.7924,8690.3927,8690.3927,1035.4,0.119143,1,p:1.2.1.1.2.2
U5431,216,FUSE2,341046.0444,341046.0444,346353.3997,5307.3552,5307.3552,1035.4,0.195088,1,p:2.3.2.2.2.1
U7303,292,FUSE0,341141.3997,341141.3997,349293.0997,8151.7,8151.7,941.0,0.115436,1,p:1.1.5.2.3.1
U7304,292,FUSE0,341162.0444,341162.0444,343546.0997,2384.0552,2384.0552,941.0,0.394706,1,p:2.2.4.1.1.2
U7305,292,FUSE0,341257.3997,341257.3997,343314.0997,2056.7,2056.7,941.0,0.457529,1,p:1.3.3.1.3.2
U7306,292,FUSE0,341278.0444,341278.0444,349725.5026,8447.4582,8447.4582,941.0,0.111394,1,p:2.1.1.2.1.1
U7307,292,FUSE0,341373.3997,341373.3997,349308.9924,7935.5927,7935.5927,941.0,0.11858,1,p:1.2.5.1.2.2
U7308,292,FUSE0,341394.0444,341394.0444,343571.2997,2177.2552,2177.2552,941.0,0.432196,1,p:2.3.4.2.3.1
U7309,292,FUSE0,341489.3997,341489.3997,346665.7997,5176.4,5176.4,941.0,0.181787,1,p:1.1.2.1.1.2
U7310,292,FUSE0,341510.0444,341510.0444,343455.2997,1945.2552,1945.2552,941.0,0.483741,1,p:2.2.3.2.2.1
U7311,292,FUSE1,341605.3997,341605.3997,349947.7924,8342.3927,8342.3927,1003.0,0.120229,1,p:1.3.1.1.3.2
U7312,292,FUSE1,341626.0444,341626.0444,349900.3026,8274.2582,8274.2582,1003.0,0.121219,1,p:2.1.5.2.1.1
U7313,292,FUSE1,341721.3997,341721.3997,343894.0997,2172.7,2172.7,1003.0,0.461638,1,p:1.2.4.1.2.2
U7314,292,FUSE1,341742.0444,341742.0444,346957.4997,5215.4552,5215.4552,1003.0,0.192313,1,p:2.3.2.2.3.1
U7315,292,FUSE1,341837.3997,342002.3621,343778.0997,1940.7,1940.7,1003.0,0.516824,1,p:1.1.3.1.1.2
U7316,292,FUSE1,341858.0444,341858.0444,350480.3026,8622.2582,8622.2582,1003.0,0.116327,1,p:2.2.1.2.2.1
U7317,292,FUSE1,341953.3997,342248.1237,350345.9026,8392.503,8392.503,1003.0,0.119511,1,p:1.3.5.1.3.2
U7318,292,FUSE1,341974.0444,341974.0444,343687.2997,1713.2552,1713.2552,1003.0,0.585435,1,p:2.1.4.2.1.1
U7319,292,FUSE2,342069.3997,342360.3237,347481.1026,5411.703,5411.703,1035.4,0.191326,1,p:1.2.2.1.2.2
U7320,292,FUSE2,342090.0444,342090.0444,343878.8444,1788.8,1788.8,1035.4,0.578824,1,p:2.3.3.2.3.1
U7321,292,FUSE2,342185.3997,342472.5237,350986.3026,8800.903,8800.903,1035.4,0.117647,1,p:1.1.1.1.1.2
U7322,292,FUSE2,342206.0444,342206.0444,350364.3026,8158.2582,8158.2582,1035.4,0.126914,1,p:2.2.5.2.2.1
U7323,292,FUSE2,342301.3997,342584.7237,344392.44,2091.0404,2091.0404,1035.4,0.49516,1,p:1.3.4.1.3.2
U7324,292,FUSE2,342322.0444,342322.0444,347296.14,4974.0956,4974.0956,1035.4,0.208158,1,p:2.1.2.2.1.1
U7325,292,FUSE2,342417.3997,342696.9237,344550.04,2132.6404,2132.6404,1035.4,0.485501,1,p:1.2.3.1.2.2
U7724,309,FUSE0,342438.0444,342438.0444,351060.3026,8622.2582,8622.2582,941.0,0.109136,1,p:2.3.1.2.3.1
U7725,309,FUSE0,342533.3997,342809.1237,350754.3026,8220.903,8220.903,941.0,0.114464,1,p:1.1.5.1.1.2
U7726,309,FUSE0,342556.9997,342556.9997,344114.44,1557.4404,1557.4404,941.0,0.604196,1,p:2.2.4.2.2.1
U7727,309,FUSE0,342649.3997,342921.3237,348003.9026,5354.503,5354.503,941.0,0.17574,1,p:1.3.2.1.3.2
U7728,309,FUSE0,342731.7997,342731.7997,344272.04,1540.2404,1540.2404,941.0,0.610944,1,p:2.1.3.2.1.1
U7729,309,FUSE0,342765.3997,343033.5237,351286.7026,8521.303,8521.303,941.0,0.110429,1,p:1.2.1.1.2.2
U7730,309,FUSE0,342881.3997,342881.3997,350944.3026,8062.903,8062.903,941.0,0.116707,1,p:2.3.5.2.3.1
U7731,309,FUSE0,342906.5997,343145.7237,344840.84,1934.2404,1934.2404,941.0,0.486496,1,p:1.1.4.1.1.2
U7732,309,FUSE0,342997.3997,342997.3997,347876.14,4878.7404,4878.7404,941.0,0.192878,1,p:2.2.2.2.2.1
U7733,309,FUSE1,343022.5997,343257.9237,345066.5997,2044.0,2044.0,1003.0,0.490705,1,p:1.3.3.1.3.2
U7734,309,FUSE1,343113.3997,343113.3997,351524.3026,8410.903,8410.903,1003.0,0.11925,1,p:2.1.1.2.1.1
U7735,309,FUSE1,343138.5997,343370.1237,351890.3026,8751.703,8751.703,1003.0,0.114606,1,p:1.2.5.1.2.2
U7736,309,FUSE1,343229.3997,343229.3997,345267.64,2038.2404,2038.2404,1003.0,0.492091,1,p:2.3.4.2.3.1
U7737,309,FUSE1,343254.5997,343482.3237,348507.0997,5252.5,5252.5,1003.0,0.190957,1,p:1.1.2.1.1.2
U7738,309,FUSE1,343345.3997,343345.3997,344919.64,1574.2404,1574.2404,1003.0,0.637133,1,p:2.2.3.2.2.1
U7739,309,FUSE1,343370.5997,343594.5237,351634.7026,8264.103,8264.103,1003.0,0.121368,1,p:1.3.1.1.3.2
U7740,309,FUSE1,343461.3997,343461.3997,351408.3026,7946.903,7946.903,1003.0,0.126213,1,p:2.1.5.2.1.1
U7741,309,FUSE1,343486.5997,343706.7237,345532.1997,2045.6,2045.6,1003.0,0.490321,1,p:1.2.4.1.2.2
U7742,309,FUSE2,343577.3997,343577.3997,348700.2997,5122.9,5122.9,1035.4,0.202112,1,p:2.3.2.2.3.1
U7743,309,FUSE2,343602.5997,343818.9237,345648.1997,2045.6,2045.6,1035.4,0.50616,1,p:1.1.3.1.1.2
U7744,309,FUSE2,343693.3997,343693.3997,352005.9026,8312.503,8312.503,1035.4,0.124559,1,p:2.2.1.2.2.1
U7745,309,FUSE2,343718.5997,343931.1237,351774.3026,8055.703,8055.703,1035.4,0.12853,1,p:1.3.5.1.3.2
U7746,309,FUSE2,343809.3997,343809.3997,345958.9997,2149.6,2149.6,1035.4,0.481671,1,p:2.1.4.2.1.1
U7747,309,FUSE2,343910.1444,344043.3237,349145.8997,5235.7552,5235.7552,1035.4,0.197756,1,p:1.2.2.1.2.2
U7748,309,FUSE2,343925.3997,343925.3997,345842.9997,1917.6,1917.6,1035.4,0.539946,1,p:2.3.3.2.3.1
U7749,309,FUSE2,344026.1444,344155.5237,352417.9026,8391.7582,8391.7582,1035.4,0.123383,1,p:1.1.1.1.1.2
U6776,271,FUSE0,344064.9444,344064.9444,352122.3026,8057.3582,8057.3582,941.0,0.116788,1,p:2.2.5.1.3.2
U6777,271,FUSE0,344145.74,344267.7237,346074.9997,1929.2596,1929.2596,941.0,0.487752,1,p:1.3.4.2.2.1
U6778,271,FUSE0,344303.34,344303.34,349409.0997,5105.7596,5105.7596,941.0,0.184302,1,p:2.1.2.2.1.1
U6779,271,FUSE0,344421.2444,344421.2444,346158.5997,1737.3552,1737.3552,941.0,0.541628,1,p:1.2.3.1.2.2
U6780,271,FUSE0,344423.74,344423.74,352263.1026,7839.3626,7839.3626,941.0,0.120035,1,p:2.3.5.2.2.1
U6781,271,FUSE0,344581.34,344581.34,346390.5997,1809.2596,1809.2596,941.0,0.520102,1,p:1.1.4.1.1.2
U6782,271,FUSE0,344756.14,344756.14,352671.5026,7915.3626,7915.3626,941.0,0.118883,1,p:2.2.1.2.3.1
U6783,271,FUSE0,344872.14,344872.14,349599.7924,4727.6523,4727.6523,941.0,0.199042,1,p:1.3.2.1.3.2
U6784,271,FUSE0,344950.94,344950.94,346510.9997,1560.0596,1560.0596,941.0,0.603182,1,p:2.1.3.2.1.1
U6785,271,FUSE0,345066.94,345066.94,352533.9026,7466.9626,7466.9626,941.0,0.126022,1,p:1.2.5.1.2.2
U6786,271,FUSE1,345097.8997,345097.8997,346626.9997,1529.1,1529.1,1003.0,0.655941,1,p:2.3.4.2.3.1
U6787,271,FUSE1,345182.94,345182.94,352961.2026,7778.2626,7778.2626,1003.0,0.128949,1,p:1.1.1.1.1.2
U6788,271,FUSE1,345295.4997,345295.4997,350016.3026,4720.803,4720.803,1003.0,0.212464,1,p:2.2.2.2.2.1
U6789,271,FUSE1,345298.94,345298.94,346781.7997,1482.8596,1482.8596,1003.0,0.676396,1,p:1.3.3.1.3.2
U6790,271,FUSE1,345447.4997,345447.4997,352806.4026,7358.903,7358.903,1003.0,0.136297,1,p:2.1.5.2.1.1
U6791,271,FUSE1,345563.4997,345563.4997,347217.34,1653.8404,1653.8404,1003.0,0.606467,1,p:1.2.4.1.2.2
U6792,271,FUSE1,345642.2997,345642.2997,353207.5026,7565.203,7565.203,1003.0,0.132581,1,p:2.3.1.2.3.1
U6793,271,FUSE1,345679.4997,345679.4997,350229.9026,4550.403,4550.403,1003.0,0.22042,1,p:1.1.2.1.1.2
U6794,271,FUSE1,345758.2997,345758.2997,347412.14,1653.8404,1653.8404,1003.0,0.606467,1,p:2.2.3.2.2.1
U6795,271,FUSE1,345840.2997,345840.2997,353077.2026,7236.903,7236.903,1003.0,0.138595,1,p:1.3.5.1.3.2
U6796,271,FUSE2,345874.2997,345874.2997,347644.14,1769.8404,1769.8404,1035.4,0.585025,1,p:2.1.4.2.1.1
U6797,271,FUSE2,345990.2997,345990.2997,353541.2026,7550.903,7550.903,1035.4,0.137123,1,p:1.2.1.1.2.2
U6798,271,FUSE2,345997.8997,345997.8997,350596.3026,4598.403,4598.403,1035.4,0.225165,1,p:2.3.2.2.3.1
U6799,271,FUSE2,346106.2997,346106.2997,347771.9026,1665.603,1665.603,1035.4,0.621637,1,p:1.1.3.1.1.2
U6800,271,FUSE2,346189.8997,346189.8997,353446.8026,7256.903,7256.903,1035.4,0.142678,1,p:2.2.5.2.2.1
U6801,271,FUSE2,346222.2997,346222.2997,347887.9026,1665.603,1665.603,1035.4,0.621637,1,p:1.3.4.1.3.2
U6802,271,FUSE2,346305.8997,346305.8997,353910.8026,7604.903,7604.903,1035.4,0.136149,1,p:2.1.1.2.1.1
U6803,271,FUSE2,346384.6997,346384.6997,350870.3026,4485.603,4485.603,1035.4,0.230827,1,p:1.2.2.1.2.2
U6804,271,FUSE2,346421.8997,346421.8997,348235.9026,1814.003,1814.003,1035.4,0.570782,1,p:2.3.3.1.1.2
U4836,193,FUSE0,346542.2997,346542.2997,353678.8026,7136.503,7136.503,941.0,0.131857,1,p:1.1.5.2.3.1
U4837,193,FUSE0,346658.2997,346658.2997,348200.3026,1542.003,1542.003,941.0,0.610245,1,p:2.2.4.2.2.1
U4838,193,FUSE0,346697.0997,346697.0997,354251.7924,7554.6927,7554.6927,941.0,0.124558,1,p:1.3.1.1.3.2
U4839,193,FUSE0,346796.7997,346796.7997,351176.3026,4379.503,4379.503,941.0,0.214865,1,p:2.1.2.2.1.1
U4840,193,FUSE0,346813.0997,346813.0997,353873.3924,7060.2927,7060.2927,941.0,0.133281,1,p:1.2.5.1.2.2
U4841,193,FUSE0,346957.84,346957.84,348584.2997,1626.4596,1626.4596,941.0,0.578557,1,p:2.3.3.2.3.1
U4842,193,FUSE0,346988.7997,346988.7997,348681.8997,1693.1,1693.1,941.0,0.555785,1,p:1.1.4.1.1.2
U4843,193,FUSE0,347132.64,347132.64,354573.7924,7441.1523,7441.1523,941.0,0.126459,1,p:2.2.1.2.2.1
U4844,193,FUSE0,347200.0026,347200.0026,351402.7026,4202.7,4202.7,941.0,0.223904,1,p:1.3.2.1.3.2
U4845,193,FUSE0,347248.64,347248.64,354225.7924,6977.1523,6977.1523,941.0,0.134869,1,p:2.1.5.2.1.1
U4846,193,FUSE1,347327.44,347327.44,349029.8997,1702.4596,1702.4596,1003.0,0.589148,1,p:1.2.3.1.2.2
U4847,193,FUSE1,347443.44,347443.44,349118.2997,1674.8596,1674.8596,1003.0,0.598856,1,p:2.3.4.2.3.1
U4848,193,FUSE1,347512.4026,347512.4026,354892.1924,7379.7897,7379.7897,1003.0,0.135912,1,p:1.1.1.1.1.2
U4849,193,FUSE1,347559.44,347559.44,351656.3026,4096.8626,4096.8626,1003.0,0.244821,1,p:2.2.2.2.2.1
U4850,193,FUSE1,347675.44,347675.44,354544.1924,6868.7523,6868.7523,1003.0,0.146024,1,p:1.3.5.1.3.2
U4851,193,FUSE1,347687.2026,347687.2026,349550.7026,1863.5,1863.5,1003.0,0.538235,1,p:2.1.3.2.1.1
U4852,193,FUSE1,347791.44,347791.44,349483.7924,1692.3523,1692.3523,1003.0,0.592666,1,p:1.2.4.1.2.2
U4853,193,FUSE1,347803.2026,347803.2026,355134.5924,7331.3897,7331.3897,1003.0,0.136809,1,p:2.3.1.2.3.1
U4854,193,FUSE1,347907.44,347907.44,352006.3026,4098.8626,4098.8626,1003.0,0.244702,1,p:1.1.2.1.1.2
U4855,193,FUSE2,347919.2026,347919.2026,354847.7924,6928.5897,6928.5897,1035.4,0.149439,1,p:2.2.5.2.2.1
U4856,193,FUSE2,348023.44,348023.44,349831.7924,1808.3523,1808.3523,1035.4,0.572565,1,p:1.3.3.1.3.2
U4857,193,FUSE2,348035.2026,348035.2026,350132.3026,2097.1,2097.1,1035.4,0.493729,1,p:2.1.4.2.1.1
U4858,193,FUSE2,348151.2026,348151.2026,355580.1924,7428.9897,7428.9897,1035.4,0.139373,1,p:1.2.1.1.2.2
U4859,193,FUSE2,348231.6026,348231.6026,352147.1026,3915.5,3915.5,1035.4,0.264436,1,p:2.3.2.2.3.1
U4860,193,FUSE2,348267.2026,348267.2026,355696.1924,7428.9897,7428.9897,1035.4,0.139373,1,p:1.1.5.1.1.2
U4861,193,FUSE2,348383.2026,348383.2026,350248.3026,1865.1,1865.1,1035.4,0.555144,1,p:2.2.3.2.2.1
U4862,193,FUSE2,348383.5997,348383.5997,350108.9924,1725.3927,1725.3927,1035.4,0.600095,1,p:1.3.4.1.3.2
U4863,193,FUSE2,348499.5997,348499.5997,356174.3444,7674.7448,7674.7448,1035.4,0.13491,1,p:2.1.1.2.1.1
U4864,193,FUSE2,348538.3997,348538.3997,352496.7026,3958.303,3958.303,1035.4,0.261577,1,p:1.2.2.2.3.1
U565,23,FUSE0,348615.5997,348615.5997,355838.9026,7223.303,7223.303,941.0,0.130273,1,p:2.3.5.1.2.2
U566,23,FUSE0,348713.1997,348713.1997,350461.9026,1748.703,1748.703,941.0,0.538113,1,p:1.1.3.1.1.2
U567,23,FUSE0,348731.5997,348731.5997,350712.3026,1980.703,1980.703,941.0,0.475084,1,p:2.2.4.2.2.1
U568,23,FUSE0,348829.1997,348829.1997,356213.1444,7383.9448,7383.9448,941.0,0.127439,1,p:1.3.1.1.3.2
U569,23,FUSE0,348847.5997,348847.5997,355800.9924,6953.3927,6953.3927,941.0,0.13533,1,p:2.1.5.2.1.1
U570,23,FUSE0,348945.1997,348945.1997,352765.9026,3820.703,3820.703,941.0,0.24629,1,p:1.2.2.1.2.2
U571,23,FUSE0,348974.7997,348974.7997,350828.3026,1853.503,1853.503,941.0,0.507687,1,p:2.3.3.2.3.1
U572,23,FUSE0,349061.1997,349061.1997,350579.5026,1518.303,1518.303,941.0,0.619771,1,p:1.1.4.1.1.2
U573,23,FUSE1,349149.5997,349149.5997,356290.3444,7140.7448,7140.7448,1003.0,0.140462,1,p:2.2.1.2.2.1
U574,23,FUSE1,349177.1997,349177.1997,356561.1444,7383.9448,7383.9448,1003.0,0.135835,1,p:1.3.5.1.3.2
U575,23,FUSE1,349324.3997,349324.3997,353330.8026,4006.403,4006.403,1003.0,0.250349,1,p:2.1.2.2.1.1
U576,23,FUSE1,349340.2924,349340.2924,351102.3026,1762.0103,1762.0103,1003.0,0.569236,1,p:1.2.3.1.2.2
U577,23,FUSE1,349440.3997,349440.3997,351292.3026,1851.903,1851.903,1003.0,0.541605,1,p:2.3.4.2.3.1
U578,23,FUSE1,349515.0924,349515.0924,356677.1444,7162.0521,7162.0521,1003.0,0.140044,1,p:1.1.1.1.1.2
U579,23,FUSE1,349582.0026,349582.0026,356558.1026,6976.1,6976.1,1003.0,0.143777,1,p:2.2.5.2.2.1
U580,23,FUSE2,349631.0924,349631.0924,353425.2026,3794.1103,3794.1103,1035.4,0.272897,1,p:1.3.2.1.3.2
U581,23,FUSE2,349747.0924,349747.0924,355250.5924,5503.5,5503.5,1035.4,0.188135,1,p:2.1.3.2.1.1
U582,23,FUSE2,349756.8026,349756.8026,351518.7026,1761.9,1761.9,1035.4,0.587661,1,p:1.2.4.1.2.2
U583,23,FUSE2,349863.0924,349863.0924,357287.3026,7424.2103,7424.2103,1035.4,0.139463,1,p:2.3.1.2.3.1
U584,23,FUSE2,349931.6026,349931.6026,356937.3026,7005.7,7005.7,1035.4,0.147794,1,p:1.1.5.1.1.2
U585,23,FUSE2,349979.0924,349979.0924,353794.8026,3815.7103,3815.7103,1035.4,0.271352,1,p:2.2.2.2.2.1
U586,23,FUSE2,350047.6026,350047.6026,355464.1924,5416.5897,5416.5897,1035.4,0.191153,1,p:1.3.3.1.3.2
U587,23,FUSE2,350140.2924,350140.2924,351772.3026,1632.0103,1632.0103,1035.4,0.634432,1,p:2.1.4.2.1.1
U2572,104,FUSE0,350163.6026,350163.6026,357674.1026,7510.5,7510.5,941.0,0.125291,1,p:1.2.1.1.2.2
U2573,104,FUSE0,350261.2026,350261.2026,357022.1026,6760.9,6760.9,941.0,0.139183,1,p:2.3.5.2.3.1
U2574,104,FUSE0,350279.6026,350279.6026,354135.7924,3856.1897,3856.1897,941.0,0.244023,1,p:1.1.2.1.1.2
U2575,104,FUSE0,350377.2026,350377.2026,355684.9924,5307.7897,5307.7897,941.0,0.177287,1,p:2.2.3.2.2.1
U2576,104,FUSE0,350395.6026,350395.6026,352301.9026,1906.3,1906.3,941.0,0.493626,1,p:1.3.4.1.3.2
U2577,104,FUSE0,350493.2026,350493.2026,357656.5026,7163.3,7163.3,941.0,0.131364,1,p:2.1.1.2.1.1
U2578,104,FUSE0,350511.6026,350511.6026,357208.5026,6696.9,6696.9,941.0,0.140513,1,p:1.2.5.1.2.2
U2579,104,FUSE1,350610.8026,350610.8026,354457.7924,3846.9897,3846.9897,1003.0,0.260723,1,p:2.3.2.2.3.1
U2580,104,FUSE1,350627.6026,350627.6026,356329.1444,5701.5418,5701.5418,1003.0,0.175917,1,p:1.1.3.1.1.2
U2581,104,FUSE1,350743.6026,350743.6026,352379.1026,1635.5,1635.5,1003.0,0.613268,1,p:2.2.4.2.2.1
U2582,104,FUSE1,350785.6026,350785.6026,358043.3026,7257.7,7257.7,1003.0,0.138198,1,p:1.3.1.1.3.2
U2583,104,FUSE1,350859.6026,350859.6026,358006.1026,7146.5,7146.5,1003.0,0.140348,1,p:2.1.5.2.1.1
U2584,104,FUSE1,350901.6026,350901.6026,354776.1924,3874.5897,3874.5897,1003.0,0.258866,1,p:1.2.2.1.2.2
U2585,104,FUSE1,350975.6026,350975.6026,356058.3444,5082.7418,5082.7418,1003.0,0.197334,1,p:2.3.3.2.3.1
U2586,104,FUSE2,351017.6026,351017.6026,352649.9026,1632.3,1632.3,1035.4,0.63432,1,p:1.1.4.1.1.2
U2587,104,FUSE2,351091.6026,351091.6026,358238.1026,7146.5,7146.5,1035.4,0.144882,1,p:2.2.1.2.2.1
U2588,104,FUSE2,351133.6026,351133.6026,358159.3026,7025.7,7025.7,1035.4,0.147373,1,p:1.3.5.1.3.2
U2589,104,FUSE2,351207.6026,351207.6026,355018.5924,3810.9897,3810.9897,1035.4,0.271688,1,p:2.1.2.2.1.1
U2590,104,FUSE2,351318.0026,351318.0026,356793.1444,5475.1418,5475.1418,1035.4,0.189109,1,p:1.2.3.1.2.2
U2591,104,FUSE2,351323.6026,351323.6026,353193.2026,1869.6,1869.6,1035.4,0.553808,1,p:2.3.4.1.1.2
U2592,104,FUSE2,351434.0026,351434.0026,358702.1026,7268.1,7268.1,1035.4,0.142458,1,p:1.1.1.2.3.1
U2593,104,FUSE2,351439.6026,351439.6026,358586.1026,7146.5,7146.5,1035.4,0.144882,1,p:2.2.5.2.2.1
U2750,111,FUSE0,351550.0026,351550.0026,355199.3924,3649.3897,3649.3897,941.0,0.257851,1,p:1.3.2.1.3.2
U2751,111,FUSE0,351555.6026,351555.6026,357138.1026,5582.5,5582.5,941.0,0.168562,1,p:2.1.3.2.1.1
U2752,111,FUSE0,351666.0026,351666.0026,353309.2026,1643.2,1643.2,941.0,0.572663,1,p:1.2.4.1.2.2
U2753,111,FUSE0,351687.6026,351687.6026,358934.1026,7246.5,7246.5,941.0,0.129856,1,p:2.3.1.2.3.1
U2754,111,FUSE0,351803.6026,351803.6026,358623.3026,6819.7,6819.7,941.0,0.137983,1,p:1.1.5.1.1.2
U2755,111,FUSE0,351805.6026,351805.6026,355366.5924,3560.9897,3560.9897,941.0,0.264252,1,p:2.2.2.2.2.1
U2756,111,FUSE0,351921.6026,351921.6026,357442.1026,5520.5,5520.5,941.0,0.170456,1,p:1.3.3.1.3.2
U2757,111,FUSE0,352037.2026,352037.2026,353562.8026,1525.6,1525.6,941.0,0.616807,1,p:2.1.4.2.1.1
U2758,111,FUSE0,352037.6026,352037.6026,358883.7026,6846.1,6846.1,941.0,0.137451,1,p:1.2.1.1.2.2
U2759,111,FUSE1,352153.6026,352153.6026,359166.1026,7012.5,7012.5,1003.0,0.14303,1,p:2.3.5.2.3.1
U2760,111,FUSE1,352178.4026,352178.4026,355954.9026,3776.5,3776.5,1003.0,0.26559,1,p:1.1.2.1.1.2
U2761,111,FUSE1,352294.4026,352294.4026,357772.5026,5478.1,5478.1,1003.0,0.183093,1,p:2.2.3.2.2.1
U2762,111,FUSE1,352333.2026,352333.2026,354019.7924,1686.5897,1686.5897,1003.0,0.594691,1,p:1.3.4.1.3.2
U2763,111,FUSE1,352410.4026,352410.4026,359404.5026,6994.1,6994.1,1003.0,0.143407,1,p:2.1.1.2.1.1
U2764,111,FUSE1,352449.2026,352449.2026,359231.7026,6782.5,6782.5,1003.0,0.147881,1,p:1.2.5.1.2.2
U2765,111,FUSE1,352528.0026,352528.0026,355916.9924,3388.9897,3388.9897,1003.0,0.295958,1,p:2.3.2.2.3.1
U2766,111,FUSE1,352565.2026,352565.2026,358275.3026,5710.1,5710.1,1003.0,0.175654,1,p:1.1.3.1.1.2
U2767,111,FUSE1,352681.2026,352681.2026,354341.7924,1660.5897,1660.5897,1003.0,0.604002,1,p:2.2.4.2.2.1
U2768,111,FUSE2,352702.8026,352702.8026,359579.7026,6876.9,6876.9,1035.4,0.150562,1,p:1.3.1.1.3.2
U2769,111,FUSE2,352797.2026,352797.2026,359868.5026,7071.3,7071.3,1035.4,0.146423,1,p:2.1.5.2.1.1
U2770,111,FUSE2,352837.7026,352837.7026,356445.1444,3607.4418,3607.4418,1035.4,0.287018,1,p:1.2.2.1.2.2
U2771,111,FUSE2,352992.5026,352992.5026,358354.1026,5361.6,5361.6,1035.4,0.193114,1,p:2.3.3.2.3.1
U2772,111,FUSE2,353108.5026,353108.5026,354660.1924,1551.6897,1551.6897,1035.4,0.667273,1,p:1.1.4.1.1.2
U2773,111,FUSE2,353224.5026,353224.5026,360216.5026,6992.0,6992.0,1035.4,0.148084,1,p:2.2.1.2.2.1
U2774,111,FUSE2,353238.8026,353238.8026,359811.7026,6572.9,6572.9,1035.4,0.157526,1,p:1.3.5.1.3.2
U2775,111,FUSE2,353340.5026,353340.5026,356906.1026,3565.6,3565.6,1035.4,0.290386,1,p:2.1.2.2.1.1
U2776,111,FUSE2,353362.1026,353362.1026,358507.3026,5145.2,5145.2,1035.4,0.201236,1,p:1.2.3.1.2.2
U2777,111,FUSE2,353456.5026,353456.5026,355348.1924,1891.6897,1891.6897,1035.4,0.547341,1,p:2.3.4.1.1.2
U5057,202,FUSE0,353478.1026,353478.1026,360332.5026,6854.4,6854.4,941.0,0.137284,1,p:1.1.1.2.3.1
U5058,202,FUSE0,353572.5026,353572.5026,360448.5026,6876.0,6876.0,941.0,0.136853,1,p:2.2.5.2.2.1
U5059,202,FUSE0,353594.1026,353594.1026,357092.5026,3498.4,3498.4,941.0,0.26898,1,p:1.3.2.1.3.2
U5060,202,FUSE0,353710.1026,353710.1026,359050.1026,5340.0,5340.0,941.0,0.176217,1,p:2.1.3.2.1.1
U5061,202,FUSE0,353826.1026,353826.1026,360744.5026,6918.4,6918.4,941.0,0.136014,1,p:1.2.1.1.2.2
U5062,202,FUSE0,353904.6924,353904.6924,355568.9924,1664.3,1664.3,941.0,0.565403,1,p:2.3.4.2.3.1
U5063,202,FUSE0,353942.1026,353942.1026,360164.5026,6222.4,6222.4,941.0,0.151228,1,p:1.1.5.1.1.2
U5064,202,FUSE0,354051.0924,354051.0924,357519.3026,3468.2103,3468.2103,941.0,0.271321,1,p:2.2.2.2.2.1
U5065,202,FUSE1,354167.0924,354167.0924,358999.7026,4832.6103,4832.6103,1003.0,0.207548,1,p:1.3.3.1.3.2
U5066,202,FUSE1,354257.0924,354257.0924,360796.5026,6539.4103,6539.4103,1003.0,0.153378,1,p:2.1.1.2.1.1
U5067,202,FUSE1,354283.0924,354283.0924,356070.9026,1787.8103,1787.8103,1003.0,0.561022,1,p:1.2.4.1.2.2
U5068,202,FUSE1,354373.0924,354373.0924,360564.5026,6191.4103,6191.4103,1003.0,0.161999,1,p:2.3.5.2.3.1
U5069,202,FUSE1,354489.0924,354489.0924,357811.3026,3322.2103,3322.2103,1003.0,0.301907,1,p:1.1.2.1.1.2
U5070,202,FUSE1,354575.4924,354575.4924,359520.5026,4945.0103,4945.0103,1003.0,0.202831,1,p:2.2.3.2.2.1
U5071,202,FUSE1,354605.0924,354605.0924,361263.1444,6658.0521,6658.0521,1003.0,0.150645,1,p:1.3.1.1.3.2
U5072,202,FUSE1,354691.4924,354691.4924,356416.9924,1725.5,1725.5,1003.0,0.581281,1,p:2.1.4.2.1.1
U5073,202,FUSE2,354807.4924,354807.4924,361031.1444,6223.6521,6223.6521,1035.4,0.166365,1,p:1.2.5.1.2.2
U5074,202,FUSE2,354879.0924,354879.0924,357888.5026,3009.4103,3009.4103,1035.4,0.344054,1,p:2.3.2.2.3.1
U5075,202,FUSE2,354923.4924,354923.4924,359695.7026,4772.2103,4772.2103,1035.4,0.216964,1,p:1.1.3.1.1.2
E240,358,FUSE0,355049.8924,355049.8924,361608.5026,6558.6103,6558.6103,941.0,0.143476,1,p:2.2.1.1.2.1
E241,358,FUSE0,355165.8924,355165.8924,356674.1026,1508.2103,1508.2103,941.0,0.623918,1,p:1.1.4.2.3.1
E242,358,FUSE0,355230.6924,355230.6924,359752.5026,4521.8103,4521.8103,941.0,0.208102,1,p:2.2.3.2.3.1
E243,358,FUSE0,355281.8924,355281.8924,361611.1444,6329.2521,6329.2521,941.0,0.148675,1,p:1.3.1.1.3.2
E244,358,FUSE0,355379.4924,355379.4924,356790.1026,1410.6103,1410.6103,941.0,0.667087,1,p:2.1.4.1.3.1
E245,358,FUSE0,355397.8924,355397.8924,358122.1026,2724.2103,2724.2103,941.0,0.345421,1,p:1.2.2.1.2.1
E246,358,FUSE0,355495.4924,355495.4924,360048.5026,4553.0103,4553.0103,941.0,0.206676,1,p:2.3.3.1.3.2
E247,358,FUSE0,355600.2924,355600.2924,361147.1444,5546.8521,5546.8521,941.0,0.169646,1,p:1.1.5.2.1.2
E248,358,FUSE0,355611.4924,355611.4924,357403.3026,1791.8103,1791.8103,941.0,0.525167,1,p:2.2.4.2.1.1
E249,358,FUSE0,355716.2924,355716.2924,361843.1444,6126.8521,6126.8521,941.0,0.153586,1,p:1.3.1.2.1.2
E250,358,FUSE0,355727.4924,355727.4924,358470.1026,2742.6103,2742.6103,941.0,0.343104,1,p:2.1.2.2.3.1
E251,358,FUSE0,355832.2924,355832.2924,361376.5026,5544.2103,5544.2103,941.0,0.169727,1,p:1.2.5.2.1.1
E252,358,FUSE0,355870.2026,355870.2026,357558.1026,1687.9,1687.9,941.0,0.557497,1,p:2.3.4.1.1.2
E253,358,FUSE0,355948.2924,355948.2924,362072.5026,6124.2103,6124.2103,941.0,0.153652,1,p:1.1.1.1.2.1
E254,358,FUSE1,355986.2026,355986.2026,358818.1026,2831.9,2831.9,1003.0,0.354179,1,p:2.2.2.1.2.1
E255,358,FUSE1,356089.6444,356089.6444,360280.5026,4190.8582,4190.8582,1003.0,0.23933,1,p:1.3.3.2.1.2
E256,358,FUSE1,356102.2026,356102.2026,361840.5026,5738.3,5738.3,1003.0,0.17479,1,p:2.1.5.1.3.1
E257,358,FUSE1,356205.6444,356205.6444,362420.5026,6214.8582,6214.8582,1003.0,0.161387,1,p:1.2.1.2.1.1
E258,358,FUSE1,356244.4444,356244.4444,359115.7026,2871.2582,2871.2582,1003.0,0.349324,1,p:2.3.2.2.1.2
E259,358,FUSE1,356321.6444,356321.6444,357927.3026,1605.6582,1605.6582,1003.0,0.624666,1,p:1.1.4.2.2.2
E260,358,FUSE1,356360.4444,356360.4444,360680.5026,4320.0582,4320.0582,1003.0,0.232173,1,p:2.2.3.2.3.1
E261,358,FUSE1,356448.2924,356448.2924,362692.8761,6244.5838,6244.5838,1003.0,0.160619,1,p:1.3.1.1.1.2
E262,358,FUSE1,356476.4444,356476.4444,361956.5026,5480.0582,5480.0582,1003.0,0.183027,1,p:2.1.5.2.3.1
E263,358,FUSE1,356589.4026,356589.4026,359347.7026,2758.3,2758.3,1003.0,0.36363,1,p:1.2.2.1.2.2
E264,358,FUSE1,356592.4444,356592.4444,358391.3026,1798.8582,1798.8582,1003.0,0.557576,1,p:2.3.4.1.1.2
E265,358,FUSE1,356705.4026,356705.4026,361144.5026,4439.1,4439.1,1003.0,0.225947,1,p:1.1.3.1.3.1
E266,358,FUSE2,356708.4444,356708.4444,362304.5026,5596.0582,5596.0582,1035.4,0.185023,1,p:2.2.5.1.2.1
E267,358,FUSE2,356821.4026,356821.4026,362884.5026,6063.1,6063.1,1035.4,0.170771,1,p:1.3.1.2.3.1
E268,358,FUSE2,356824.4444,356824.4444,359636.5026,2812.0582,2812.0582,1035.4,0.3682,1,p:2.1.2.2.2.1
E269,358,FUSE2,356937.4026,356937.4026,358739.3026,1801.9,1801.9,1035.4,0.574616,1,p:1.2.4.1.1.2
E270,358,FUSE2,356968.6026,356968.6026,361260.5026,4291.9,4291.9,1035.4,0.241245,1,p:2.3.3.2.2.1
E271,358,FUSE2,357053.4026,357053.4026,362808.8761,5755.4735,5755.4735,1035.4,0.179898,1,p:1.1.5.1.2.2
E272,358,FUSE2,357123.8026,357123.8026,363253.1026,6129.3,6129.3,1035.4,0.168926,1,p:2.2.1.1.1.1
E273,358,FUSE2,357169.4026,357169.4026,359282.1026,2112.7,2112.7,1035.4,0.490084,1,p:1.3.4.2.1.1
E274,358,FUSE2,357239.8026,357239.8026,361727.1444,4487.3418,4487.3418,1035.4,0.230738,1,p:2.1.3.2.2.2
E275,358,FUSE2,357318.6026,357318.6026,359932.5026,2613.9,2613.9,1035.4,0.396113,1,p:1.2.2.1.2.2
E276,358,FUSE2,357434.6026,357434.6026,362924.8761,5490.2735,5490.2735,1035.4,0.188588,1,p:2.1.5.2.1.2
E277,358,FUSE2,357473.4026,357473.4026,363425.5444,5952.1418,5952.1418,1035.4,0.173954,1,p:1.3.1.1.3.2
U5076,202,FUSE2,357550.6026,357550.6026,364549.9444,6999.3418,6999.3418,1035.4,0.147928,1,p:2.2.1.2.2.1
U5077,202,FUSE2,357589.4026,357589.4026,359463.7026,1874.3,1874.3,1035.4,0.55242,1,p:1.3.4.1.3.2
U5078,202,FUSE2,357687.8026,357687.8026,363777.5026,6089.7,6089.7,1035.4,0.170025,1,p:2.1.5.2.1.1
U5079,202,FUSE2,357705.4026,357705.4026,360512.5026,2807.1,2807.1,1035.4,0.36885,1,p:1.2.2.1.2.2
U5080,202,FUSE2,357803.8026,357803.8026,362075.1444,4271.3418,4271.3418,1035.4,0.242406,1,p:2.3.3.2.1.2
U5081,202,FUSE2,357842.6026,357842.6026,364433.9444,6591.3418,6591.3418,1035.4,0.157085,1,p:1.1.1.1.3.1
U7326,293,FUSE0,357919.8026,357919.8026,359984.5026,2064.7,2064.7,941.0,0.455756,1,p:2.2.4.1.2.1
U7327,293,FUSE0,357958.6026,357958.6026,363698.7026,5740.1,5740.1,941.0,0.163934,1,p:1.3.5.2.3.2
U7328,293,FUSE0,358037.4026,358037.4026,360628.5026,2591.1,2591.1,941.0,0.363166,1,p:2.1.2.1.1.2
U7329,293,FUSE0,358074.6026,358074.6026,360100.5026,2025.9,2025.9,941.0,0.464485,1,p:1.2.4.2.1.1
U7330,293,FUSE0,358153.4026,358153.4026,362307.1444,4153.7418,4153.7418,941.0,0.226543,1,p:2.3.3.1.3.2
U7331,293,FUSE0,358190.6026,358190.6026,364781.9444,6591.3418,6591.3418,941.0,0.142763,1,p:1.1.1.2.2.1
U7332,293,FUSE0,358269.4026,358269.4026,363814.7026,5545.3,5545.3,941.0,0.169693,1,p:2.2.5.1.2.2
U7333,293,FUSE0,358306.6026,358306.6026,361028.5026,2721.9,2721.9,941.0,0.345714,1,p:1.3.2.2.3.1
U7334,293,FUSE1,358385.4026,358385.4026,360396.5026,2011.1,2011.1,1003.0,0.498732,1,p:2.1.4.1.3.2
U7335,293,FUSE1,358422.6026,358422.6026,362768.5026,4345.9,4345.9,1003.0,0.230792,1,p:1.2.3.2.2.1
U7336,293,FUSE1,358501.4026,358501.4026,365055.9444,6554.5418,6554.5418,1003.0,0.153024,1,p:2.3.1.1.1.2
U7337,293,FUSE1,358538.6026,358538.6026,364665.9444,6127.3418,6127.3418,1003.0,0.163693,1,p:1.1.5.2.1.1
U7338,293,FUSE1,358617.4026,358617.4026,361379.1444,2761.7418,2761.7418,1003.0,0.363177,1,p:2.2.2.1.2.2
U7339,293,FUSE1,358654.6026,358654.6026,360912.5026,2257.9,2257.9,1003.0,0.444218,1,p:1.3.4.2.2.1
U7340,293,FUSE1,358733.4026,358733.4026,363156.8761,4423.4735,4423.4735,1003.0,0.226745,1,p:2.1.3.1.1.2
U7341,293,FUSE1,358770.6026,358770.6026,365477.9444,6707.3418,6707.3418,1003.0,0.149538,1,p:1.2.1.2.3.1
U7342,293,FUSE2,358849.4026,358849.4026,364510.7026,5661.3,5661.3,1035.4,0.182891,1,p:2.3.5.1.3.2
U7343,293,FUSE2,358915.0026,358915.0026,361724.5026,2809.5,2809.5,1035.4,0.368535,1,p:1.1.2.2.1.1
U7344,293,FUSE2,358965.4026,358965.4026,360915.1444,1949.7418,1949.7418,1035.4,0.531045,1,p:2.2.4.1.1.2
U7345,293,FUSE2,359031.0026,359031.0026,363117.9444,4086.9418,4086.9418,1035.4,0.253343,1,p:1.3.3.2.3.1
U7346,293,FUSE2,359081.4026,359081.4026,365678.7026,6597.3,6597.3,1035.4,0.156943,1,p:2.1.1.1.2.2
U7347,293,FUSE2,359147.0026,359147.0026,365013.9444,5866.9418,5866.9418,1035.4,0.17648,1,p:1.2.5.2.2.1
U7348,293,FUSE2,359197.4026,359197.4026,362191.1444,2993.7418,2993.7418,1035.4,0.345855,1,p:2.3.2.1.3.2
U7349,293,FUSE2,359263.0026,359263.0026,361495.1444,2232.1418,2232.1418,1035.4,0.463859,1,p:1.1.4.1.1.2
U7597,304,FUSE0,359313.4026,359313.4026,364201.9444,4888.5418,4888.5418,941.0,0.192491,1,p:2.2.3.2.1.1
U7598,304,FUSE0,359379.0026,359379.0026,365798.3444,6419.3418,6419.3418,941.0,0.146588,1,p:1.3.1.1.2.2
U7599,304,FUSE0,359435.8026,359435.8026,365709.9444,6274.1418,6274.1418,941.0,0.149981,1,p:2.1.5.2.2.1
U7600,304,FUSE0,359495.0026,359495.0026,362536.5026,3041.5,3041.5,941.0,0.309387,1,p:1.2.2.2.3.1
U7601,304,FUSE0,359551.8026,359551.8026,363930.7026,4378.9,4378.9,941.0,0.214894,1,p:2.3.3.1.3.2
U7602,304,FUSE0,359611.0026,359611.0026,366289.9444,6678.9418,6678.9418,941.0,0.140891,1,p:1.1.1.2.1.1
U7603,304,FUSE0,359667.8026,359667.8026,365562.7026,5894.9,5894.9,941.0,0.15963,1,p:2.2.5.1.1.2
U7604,304,FUSE0,359727.0026,359727.0026,361492.5026,1765.5,1765.5,941.0,0.532993,1,p:1.3.4.2.3.1
U7605,304,FUSE0,359783.8026,359783.8026,362423.1444,2639.3418,2639.3418,941.0,0.356528,1,p:2.1.2.1.2.2
U7606,304,FUSE1,359843.0026,359843.0026,364085.9444,4242.9418,4242.9418,1003.0,0.236393,1,p:1.2.3.2.2.1
U7607,304,FUSE1,359899.8026,359899.8026,366222.3444,6322.5418,6322.5418,1003.0,0.158639,1,p:2.3.1.1.3.2
U7608,304,FUSE1,359963.8026,359963.8026,366057.9444,6094.1418,6094.1418,1003.0,0.164584,1,p:1.1.5.2.3.1
U7609,304,FUSE1,360015.8026,360015.8026,361959.1444,1943.3418,1943.3418,1003.0,0.516121,1,p:2.2.4.1.2.2
U7610,304,FUSE1,360079.8026,360079.8026,362652.5026,2572.7,2572.7,1003.0,0.389863,1,p:1.3.2.2.1.1
U7611,304,FUSE1,360131.8026,360131.8026,364394.7026,4262.9,4262.9,1003.0,0.235286,1,p:2.1.3.1.1.2
U7612,304,FUSE1,360195.8026,360195.8026,367101.9444,6906.1418,6906.1418,1003.0,0.145233,1,p:1.2.1.2.2.1
U7613,304,FUSE1,360247.8026,360247.8026,366089.1444,5841.3418,5841.3418,1003.0,0.171707,1,p:2.3.5.1.3.2
U7614,304,FUSE1,360311.8026,360311.8026,362188.5026,1876.7,1876.7,1003.0,0.534449,1,p:1.1.4.2.1.1
U7615,304,FUSE2,360363.8026,360363.8026,363272.8761,2909.0735,2909.0735,1035.4,0.355921,1,p:2.2.2.1.2.2
U7616,304,FUSE2,360427.8026,360427.8026,365245.9444,4818.1418,4818.1418,1035.4,0.214896,1,p:1.3.3.2.3.1
U7617,304,FUSE2,360479.8026,360479.8026,366918.3444,6438.5418,6438.5418,1035.4,0.160813,1,p:2.1.1.1.1.2
U7618,304,FUSE2,360543.8026,360543.8026,366753.9444,6210.1418,6210.1418,1035.4,0.166727,1,p:1.2.5.2.2.1
U7619,304,FUSE2,360595.8026,360595.8026,362573.5444,1977.7418,1977.7418,1035.4,0.523526,1,p:2.3.4.1.3.2
U7620,304,FUSE2,360659.8026,360659.8026,363427.9026,2768.1,2768.1,1035.4,0.374047,1,p:1.1.2.2.1.1
U7621,304,FUSE2,360711.8026,360711.8026,364939.9444,4228.1418,4228.1418,1035.4,0.244883,1,p:2.2.3.1.2.2
U7622,304,FUSE2,360775.8026,360775.8026,367681.9444,6906.1418,6906.1418,1035.4,0.149925,1,p:1.3.1.2.3.1
U7623,304,FUSE2,360827.8026,360827.8026,366985.9444,6158.1418,6158.1418,1035.4,0.168135,1,p:2.1.5.2.2.1
U7624,304,FUSE2,360943.8026,360943.8026,363040.8761,2097.0735,2097.0735,1035.4,0.493736,1,p:1.2.4.1.3.2
U7974,319,FUSE0,360946.4444,360946.4444,364162.7026,3216.2582,3216.2582,941.0,0.292576,1,p:2.3.2.1.1.2
U7975,319,FUSE0,361059.8026,361059.8026,365941.9444,4882.1418,4882.1418,941.0,0.192743,1,p:1.1.3.2.1.1
U7976,319,FUSE0,361062.4444,361062.4444,367721.1444,6658.7,6658.7,941.0,0.141319,1,p:2.2.1.1.2.2
U7977,319,FUSE0,361175.8026,361175.8026,364317.9444,3142.1418,3142.1418,941.0,0.299477,1,p:1.3.2.2.3.1
U7978,319,FUSE0,361178.4444,361178.4444,366686.3444,5507.9,5507.9,941.0,0.170846,1,p:2.1.5.1.1.2
U7979,319,FUSE0,361291.8026,361291.8026,363000.5026,1708.7,1708.7,941.0,0.550711,1,p:1.2.4.2.2.1
U7980,319,FUSE0,361294.4444,361294.4444,365446.7026,4152.2582,4152.2582,941.0,0.226624,1,p:2.3.3.1.3.2
U7981,319,FUSE1,361407.8026,361407.8026,368145.9444,6738.1418,6738.1418,1003.0,0.148854,1,p:1.1.1.2.1.1
U7982,319,FUSE1,361410.4444,361410.4444,364278.7026,2868.2582,2868.2582,1003.0,0.34969,1,p:2.2.2.1.2.2
U7983,319,FUSE1,361523.8026,361523.8026,367217.9444,5694.1418,5694.1418,1003.0,0.176146,1,p:1.3.5.2.3.1
U7984,319,FUSE1,361526.4444,361526.4444,363582.7026,2056.2582,2056.2582,1003.0,0.487779,1,p:2.1.4.1.1.2
U7985,319,FUSE1,361639.8026,361639.8026,366521.9444,4882.1418,4882.1418,1003.0,0.205443,1,p:1.2.3.2.2.1
U7986,319,FUSE1,361642.4444,361642.4444,368227.9026,6585.4582,6585.4582,1003.0,0.152305,1,p:2.3.1.1.3.2
U7987,319,FUSE1,361755.8026,361755.8026,365129.9444,3374.1418,3374.1418,1003.0,0.297261,1,p:1.1.2.2.1.1
U7988,319,FUSE2,361758.4444,361758.4444,367546.3444,5787.9,5787.9,1035.4,0.17889,1,p:2.2.5.1.2.2
U7989,319,FUSE2,361871.8026,361871.8026,363969.9444,2098.1418,2098.1418,1035.4,0.493484,1,p:1.3.4.2.3.1
U7990,319,FUSE2,361874.4444,361874.4444,366338.3444,4463.9,4463.9,1035.4,0.23195,1,p:2.1.3.1.1.2
U7991,319,FUSE2,361987.8026,361987.8026,369189.9444,7202.1418,7202.1418,1035.4,0.143763,1,p:1.2.1.2.2.1
U7992,319,FUSE2,361990.4444,361990.4444,364823.9444,2833.5,2833.5,1035.4,0.365414,1,p:2.3.2.1.3.2
U7993,319,FUSE2,362103.8026,362103.8026,367913.9444,5810.1418,5810.1418,1035.4,0.178206,1,p:1.1.5.2.1.1
U7994,319,FUSE2,362106.4444,362106.4444,364046.7026,1940.2582,1940.2582,1035.4,0.53364,1,p:2.2.4.1.2.2
U7995,319,FUSE2,362219.8026,362219.8026,366869.9444,4650.1418,4650.1418,1035.4,0.22266,1,p:1.3.3.2.3.1
U5680,227,FUSE0,362222.4444,362222.4444,368807.9026,6585.4582,6585.4582,941.0,0.142891,1,p:2.1.1.1.1.2
U5681,227,FUSE0,362335.8026,362335.8026,365593.9444,3258.1418,3258.1418,941.0,0.288815,1,p:1.2.2.2.2.1
U5682,227,FUSE0,362338.4444,362338.4444,368111.9026,5773.4582,5773.4582,941.0,0.162987,1,p:2.3.5.1.3.2
U5683,227,FUSE0,362451.8026,362451.8026,364897.9444,2446.1418,2446.1418,941.0,0.384687,1,p:1.1.4.2.1.1
U5684,227,FUSE0,362454.4444,362454.4444,367034.3444,4579.9,4579.9,941.0,0.205463,1,p:2.2.3.1.2.2
U5685,227,FUSE0,362567.8026,362567.8026,369421.9444,6854.1418,6854.1418,941.0,0.137289,1,p:1.3.1.2.3.1
U5686,227,FUSE0,362604.8444,362604.8444,365330.7026,2725.8582,2725.8582,941.0,0.345212,1,p:2.1.2.1.1.2
U5687,227,FUSE0,362683.8026,362683.8026,368725.9444,6042.1418,6042.1418,941.0,0.155739,1,p:1.2.5.2.2.1
U5688,227,FUSE1,362724.1761,362724.1761,364649.1444,1924.9683,1924.9683,1003.0,0.521048,1,p:2.3.4.1.3.2
U5689,227,FUSE1,362799.8026,362799.8026,367333.9444,4534.1418,4534.1418,1003.0,0.221211,1,p:1.1.3.2.1.1
U5690,227,FUSE1,362840.1761,362840.1761,369701.1444,6860.9683,6860.9683,1003.0,0.146189,1,p:2.2.1.1.2.2
U5691,227,FUSE1,362915.8026,362915.8026,365825.9444,2910.1418,2910.1418,1003.0,0.344657,1,p:1.3.2.2.3.1
U5692,227,FUSE1,362956.1761,362956.1761,368691.9026,5735.7265,5735.7265,1003.0,0.174869,1,p:2.1.5.1.1.2
U5693,227,FUSE1,363031.8026,363031.8026,365361.9444,2330.1418,2330.1418,1003.0,0.430446,1,p:1.2.4.2.2.1
U5694,227,FUSE1,363072.1761,363072.1761,367266.3444,4194.1683,4194.1683,1003.0,0.239142,1,p:2.3.3.1.3.2
U5695,227,FUSE1,363149.2444,363149.2444,369885.9444,6736.7,6736.7,1003.0,0.148886,1,p:1.1.1.2.1.1
U5696,227,FUSE2,363188.1761,363188.1761,366454.3444,3266.1683,3266.1683,1035.4,0.317008,1,p:2.2.2.1.2.2
U5697,227,FUSE2,363284.4026,363284.4026,368957.9444,5673.5418,5673.5418,1035.4,0.182496,1,p:1.3.5.2.3.1
U5698,227,FUSE2,363304.1761,363304.1761,365171.9444,1867.7683,1867.7683,1035.4,0.554351,1,p:2.1.4.1.1.2
U5699,227,FUSE2,363456.8444,363456.8444,368261.9444,4805.1,4805.1,1035.4,0.215479,1,p:1.2.3.2.2.1
U5700,227,FUSE2,363459.2026,363459.2026,370281.1444,6821.9418,6821.9418,1035.4,0.151775,1,p:2.3.1.1.3.2
U5701,227,FUSE2,363614.0026,363614.0026,366637.9444,3023.9418,3023.9418,1035.4,0.342401,1,p:1.1.2.2.1.1
U5702,227,FUSE2,363730.0026,363730.0026,369469.1444,5739.1418,5739.1418,1035.4,0.18041,1,p:2.2.5.1.2.2
U5703,227,FUSE2,363808.8026,363808.8026,366173.9444,2365.1418,2365.1418,1035.4,0.437775,1,p:1.3.4.2.3.1
U5631,225,FUSE0,363846.0026,363846.0026,367879.9026,4033.9,4033.9,941.0,0.233273,1,p:2.1.3.1.1.2
U5632,225,FUSE0,363962.0026,363962.0026,370697.9444,6735.9418,6735.9418,941.0,0.139698,1,p:1.2.1.2.2.1
U5633,225,FUSE0,364001.2444,364001.2444,366570.3444,2569.1,2569.1,941.0,0.366276,1,p:2.3.2.1.3.2
U5634,225,FUSE0,364078.0026,364078.0026,369769.9444,5691.9418,5691.9418,941.0,0.165321,1,p:1.1.5.2.1.1
U5635,225,FUSE0,364117.2444,364117.2444,365973.1444,1855.9,1855.9,941.0,0.507032,1,p:2.2.4.1.2.2
U5636,225,FUSE0,364194.0026,364194.0026,368377.9444,4183.9418,4183.9418,941.0,0.224908,1,p:1.3.3.2.3.1
U5637,225,FUSE0,364233.2444,364233.2444,370629.1444,6395.9,6395.9,941.0,0.147126,1,p:2.1.1.1.1.2
U5638,225,FUSE0,364310.0026,364310.0026,367449.9444,3139.9418,3139.9418,941.0,0.299687,1,p:1.2.2.2.2.1
U5639,225,FUSE0,364349.2444,364349.2444,370049.1444,5699.9,5699.9,941.0,0.165091,1,p:2.3.5.1.3.2
U5640,225,FUSE1,364426.0026,364426.0026,366405.9444,1979.9418,1979.9418,1003.0,0.506581,1,p:1.1.4.2.1.1
U5641,225,FUSE1,364465.2444,364465.2444,368923.9026,4458.6582,4458.6582,1003.0,0.224956,1,p:2.2.3.1.2.2
U5642,225,FUSE1,364542.0026,364542.0026,370929.9444,6387.9418,6387.9418,1003.0,0.157015,1,p:1.3.1.2.3.1
U5643,225,FUSE1,364581.2444,364581.2444,367150.3444,2569.1,2569.1,1003.0,0.390409,1,p:2.1.2.1.1.2
U5644,225,FUSE1,364680.4444,364680.4444,370465.9444,5785.5,5785.5,1003.0,0.173364,1,p:1.2.5.2.2.1
U5645,225,FUSE1,364697.2444,364697.2444,366802.3444,2105.1,2105.1,1003.0,0.476462,1,p:2.3.4.1.3.2
U5646,225,FUSE1,364813.2444,364813.2444,369073.9444,4260.7,4260.7,1003.0,0.235407,1,p:1.1.3.2.1.1
U5647,225,FUSE1,364855.2444,364855.2444,371738.3444,6883.1,6883.1,1003.0,0.145719,1,p:2.2.1.1.2.2
U5648,225,FUSE1,364929.2444,364929.2444,367797.9444,2868.7,2868.7,1003.0,0.349636,1,p:1.3.2.2.3.1
U5649,225,FUSE2,364971.2444,364971.2444,370513.1444,5541.9,5541.9,1035.4,0.186831,1,p:2.1.5.1.1.2
U5650,225,FUSE2,365045.2444,365045.2444,367565.9444,2520.7,2520.7,1035.4,0.410759,1,p:1.2.4.2.2.1
U5651,225,FUSE2,365087.2444,365087.2444,369039.9026,3952.6582,3952.6582,1035.4,0.26195,1,p:2.3.3.1.3.2
U5652,225,FUSE2,365161.2444,365161.2444,371509.9444,6348.7,6348.7,1035.4,0.163089,1,p:1.1.1.2.1.1
U5653,225,FUSE2,365203.2444,365203.2444,368459.9026,3256.6582,3256.6582,1035.4,0.317933,1,p:2.2.2.1.2.2
U5654,225,FUSE2,365277.2444,365277.2444,371161.9444,5884.7,5884.7,1035.4,0.175948,1,p:1.3.5.2.3.1
U5655,225,FUSE2,365362.0026,365362.0026,367382.3444,2020.3418,2020.3418,1035.4,0.512488,1,p:2.1.4.1.1.2
U5656,225,FUSE2,365393.2444,365393.2444,369817.1444,4423.9,4423.9,1035.4,0.234047,1,p:1.2.3.1.3.2
U5657,225,FUSE2,365478.0026,365478.0026,371993.5444,6515.5418,6515.5418,1035.4,0.158912,1,p:2.3.1.2.1.1
U7499,300,FUSE0,365509.2444,365509.2444,368609.9444,3100.7,3100.7,941.0,0.30348,1,p:1.1.2.2.2.1
U7500,300,FUSE0,365594.0026,365594.0026,371274.3444,5680.3418,5680.3418,941.0,0.165659,1,p:2.2.5.1.2.2
U7501,300,FUSE0,365625.2444,365625.2444,368029.9444,2404.7,2404.7,941.0,0.391317,1,p:1.3.4.2.3.1
U7502,300,FUSE0,365710.0026,365710.0026,368343.9026,2633.9,2633.9,941.0,0.357265,1,p:2.1.2.1.1.2
U7503,300,FUSE0,365741.2444,365741.2444,370233.9444,4492.7,4492.7,941.0,0.209451,1,p:1.2.3.2.2.1
U7504,300,FUSE0,365829.6444,365829.6444,372086.3444,6256.7,6256.7,941.0,0.150399,1,p:2.3.1.1.3.2
U7505,300,FUSE0,365857.2444,365857.2444,371393.9444,5536.7,5536.7,941.0,0.169957,1,p:1.1.5.2.1.1
U7506,300,FUSE0,365973.2444,365973.2444,367995.9026,2022.6582,2022.6582,941.0,0.465229,1,p:2.2.4.1.2.2
U7507,300,FUSE1,366004.4444,366004.4444,368841.9444,2837.5,2837.5,1003.0,0.35348,1,p:1.3.2.2.3.1
U7508,300,FUSE1,366089.2444,366089.2444,370397.1444,4307.9,4307.9,1003.0,0.232828,1,p:2.1.3.1.1.2
U7509,300,FUSE1,366120.4444,366120.4444,372689.5444,6569.1,6569.1,1003.0,0.152685,1,p:1.2.1.2.2.1
U7510,300,FUSE1,366205.2444,366205.2444,371854.3444,5649.1,5649.1,1003.0,0.17755,1,p:2.3.5.1.3.2
U7511,300,FUSE1,366253.6444,366253.6444,368493.9444,2240.3,2240.3,1003.0,0.447708,1,p:1.1.4.2.1.1
U7512,300,FUSE1,366321.2444,366321.2444,369294.3444,2973.1,2973.1,1003.0,0.337358,1,p:2.2.2.1.2.2
U7513,300,FUSE1,366369.6444,366369.6444,370813.9444,4444.3,4444.3,1003.0,0.225682,1,p:1.3.3.2.3.1
U7514,300,FUSE1,366437.2444,366437.2444,372666.3444,6229.1,6229.1,1003.0,0.161018,1,p:2.1.1.1.1.2
U7515,300,FUSE2,366485.6444,366485.6444,372225.5444,5739.9,5739.9,1035.4,0.180386,1,p:1.2.5.2.2.1
U7516,300,FUSE2,366553.2444,366553.2444,368575.9026,2022.6582,2022.6582,1035.4,0.511901,1,p:2.3.4.1.3.2
U7517,300,FUSE2,366601.6444,366601.6444,369537.9444,2936.3,2936.3,1035.4,0.352621,1,p:1.1.2.2.1.1
U7518,300,FUSE2,366669.2444,366669.2444,371042.3444,4373.1,4373.1,1035.4,0.236766,1,p:2.2.3.1.2.2
U7519,300,FUSE2,366717.6444,366717.6444,373153.5444,6435.9,6435.9,1035.4,0.160879,1,p:1.3.1.2.3.1
U7520,300,FUSE2,366785.2444,366785.2444,372318.3444,5533.1,5533.1,1035.4,0.187128,1,p:2.1.5.1.1.2
U7521,300,FUSE2,366833.6444,366833.6444,369305.9444,2472.3,2472.3,1035.4,0.4188,1,p:1.2.4.2.2.1
U7377,295,FUSE0,366901.2444,366901.2444,369585.1444,2683.9,2683.9,941.0,0.350609,1,p:2.3.2.1.3.2
U7378,295,FUSE0,366949.6444,366949.6444,371045.9444,4096.3,4096.3,941.0,0.22972,1,p:1.1.3.2.1.1
U7379,295,FUSE0,367017.2444,367017.2444,373478.3444,6461.1,6461.1,941.0,0.145641,1,p:2.2.1.1.2.2
U7380,295,FUSE0,367065.6444,367065.6444,372805.5444,5739.9,5739.9,941.0,0.16394,1,p:1.3.5.2.3.1
U7381,295,FUSE0,367133.2444,367133.2444,369155.9026,2022.6582,2022.6582,941.0,0.465229,1,p:2.1.4.1.1.2
U7382,295,FUSE0,367181.6444,367181.6444,370001.9444,2820.3,2820.3,941.0,0.333652,1,p:1.2.2.2.2.1
U7383,295,FUSE0,367249.2444,367249.2444,371390.3444,4141.1,4141.1,941.0,0.227234,1,p:2.3.3.1.3.2
U7384,295,FUSE0,367297.6444,367297.6444,373617.5444,6319.9,6319.9,941.0,0.148895,1,p:1.1.1.2.1.1
U7385,295,FUSE1,367365.2444,367365.2444,373130.3444,5765.1,5765.1,1003.0,0.173978,1,p:2.2.5.1.2.2
U7386,295,FUSE1,367413.6444,367413.6444,369653.9444,2240.3,2240.3,1003.0,0.447708,1,p:1.3.4.2.3.1
U7387,295,FUSE1,367481.2444,367481.2444,369933.1444,2451.9,2451.9,1003.0,0.409071,1,p:2.1.2.1.1.2
U7388,295,FUSE1,367577.6444,367577.6444,371761.5444,4183.9,4183.9,1003.0,0.239728,1,p:1.2.3.2.2.1
U7389,295,FUSE1,367597.2444,367597.2444,374174.3444,6577.1,6577.1,1003.0,0.152499,1,p:2.3.1.1.3.2
U7390,295,FUSE1,367713.2444,367713.2444,373269.5444,5556.3,5556.3,1003.0,0.180516,1,p:1.1.5.2.1.1
U7391,295,FUSE1,367752.4444,367752.4444,370165.1444,2412.7,2412.7,1003.0,0.415717,1,p:2.2.4.1.2.2
U7392,295,FUSE1,367829.2444,367829.2444,370349.9444,2520.7,2520.7,1003.0,0.397905,1,p:1.3.2.2.3.1
U7393,295,FUSE2,367911.2026,367911.2026,371970.3444,4059.1418,4059.1418,1035.4,0.255079,1,p:2.1.3.1.1.2
U7394,295,FUSE2,367945.2444,367945.2444,374313.5444,6368.3,6368.3,1035.4,0.162587,1,p:1.2.1.2.2.1
U7395,295,FUSE2,368027.2026,368027.2026,373826.3444,5799.1418,5799.1418,1035.4,0.178544,1,p:2.3.5.1.3.2
U7396,295,FUSE2,368061.2444,368061.2444,370117.9444,2056.7,2056.7,1035.4,0.503428,1,p:1.1.4.2.1.1
U7397,295,FUSE2,368143.2026,368143.2026,370867.5444,2724.3418,2724.3418,1035.4,0.380055,1,p:2.2.2.1.2.2
U7398,295,FUSE2,368177.2444,368177.2444,372341.5444,4164.3,4164.3,1035.4,0.248637,1,p:1.3.3.2.3.1
U7399,295,FUSE2,368259.2026,368259.2026,374638.3444,6379.1418,6379.1418,1035.4,0.16231,1,p:2.1.1.1.1.2
U7400,295,FUSE2,368293.2444,368293.2444,373849.5444,5556.3,5556.3,1035.4,0.186347,1,p:1.2.5.2.2.1
U7401,295,FUSE2,368375.2026,368375.2026,370581.9444,2206.7418,2206.7418,1035.4,0.469199,1,p:2.3.4.2.3.1
U2648,107,FUSE0,368409.2444,368409.2444,371158.3444,2749.1,2749.1,941.0,0.342294,1,p:1.1.2.1.3.2
U2649,107,FUSE0,368491.2026,368491.2026,372573.5444,4082.3418,4082.3418,941.0,0.230505,1,p:2.2.3.2.1.1
U2650,107,FUSE0,368525.2444,368525.2444,375218.3444,6693.1,6693.1,941.0,0.140593,1,p:1.3.1.1.2.2
U2651,107,FUSE0,368607.2026,368607.2026,374290.3444,5683.1418,5683.1418,941.0,0.165577,1,p:2.1.5.1.1.2
U2652,107,FUSE0,368641.2444,368641.2444,371625.9444,2984.7,2984.7,941.0,0.315275,1,p:1.2.2.2.2.1
U2653,107,FUSE0,368723.2026,368723.2026,372898.3444,4175.1418,4175.1418,941.0,0.225382,1,p:2.3.3.1.3.2
U2654,107,FUSE0,368757.2444,368757.2444,375009.5444,6252.3,6252.3,941.0,0.150505,1,p:1.1.1.2.1.1
U2655,107,FUSE0,368839.2026,368839.2026,370745.1444,1905.9418,1905.9418,941.0,0.493719,1,p:2.2.4.1.2.2
U2656,107,FUSE1,368873.2444,368873.2444,374777.5444,5904.3,5904.3,1003.0,0.169876,1,p:1.3.5.2.3.1
U2657,107,FUSE1,368955.2026,368955.2026,371622.3444,2667.1418,2667.1418,1003.0,0.376058,1,p:2.1.2.1.1.2
U2658,107,FUSE1,368989.2444,368989.2444,373385.5444,4396.3,4396.3,1003.0,0.228146,1,p:1.2.3.2.2.1
U2659,107,FUSE1,369071.2026,369071.2026,375450.3444,6379.1418,6379.1418,1003.0,0.157231,1,p:2.3.1.1.3.2
U2660,107,FUSE1,369105.2444,369105.2444,371277.9444,2172.7,2172.7,1003.0,0.461638,1,p:1.1.4.2.1.1
U2661,107,FUSE1,369187.2026,369187.2026,374986.3444,5799.1418,5799.1418,1003.0,0.172957,1,p:2.2.5.1.2.2
U2662,107,FUSE1,369221.2444,369221.2444,371877.5444,2656.3,2656.3,1003.0,0.377593,1,p:1.3.2.2.3.1
U2663,107,FUSE1,369325.6444,369325.6444,373362.3444,4036.7,4036.7,1003.0,0.24847,1,p:2.1.3.1.1.2
U2664,107,FUSE2,369337.2444,369337.2444,375852.8444,6515.6,6515.6,1035.4,0.158911,1,p:1.2.1.2.2.1
U2665,107,FUSE2,369453.2444,369453.2444,371506.3444,2053.1,2053.1,1035.4,0.504311,1,p:2.3.4.1.3.2
U2666,107,FUSE2,369500.4444,369500.4444,375357.5444,5857.1,5857.1,1035.4,0.176777,1,p:1.1.5.2.1.1
U2667,107,FUSE2,369569.2444,369569.2444,372434.3444,2865.1,2865.1,1035.4,0.361384,1,p:2.2.2.1.2.2
U2668,107,FUSE2,369616.4444,369616.4444,373733.5444,4117.1,4117.1,1035.4,0.251488,1,p:1.3.3.2.3.1
U2669,107,FUSE2,369685.2444,369685.2444,375914.3444,6229.1,6229.1,1035.4,0.16622,1,p:2.1.1.1.1.2
U2670,107,FUSE2,369732.4444,369732.4444,372109.5444,2377.1,2377.1,1035.4,0.435573,1,p:1.2.4.2.2.1
U2671,107,FUSE2,369801.2444,369801.2444,375473.5444,5672.3,5672.3,1035.4,0.182536,1,p:2.3.5.2.3.1
U5904,236,FUSE0,369848.4444,369848.4444,372550.3444,2701.9,2701.9,941.0,0.348273,1,p:1.1.2.1.3.2
U5905,236,FUSE0,369917.2444,369917.2444,373942.3444,4025.1,4025.1,941.0,0.233783,1,p:2.2.3.1.2.2
U5906,236,FUSE0,369964.4444,369964.4444,376664.8444,6700.4,6700.4,941.0,0.140439,1,p:1.3.1.2.1.1
U5907,236,FUSE0,370033.2444,370033.2444,372202.3444,2169.1,2169.1,941.0,0.43382,1,p:2.1.4.1.1.2
U5908,236,FUSE0,370080.4444,370080.4444,373037.5444,2957.1,2957.1,941.0,0.318217,1,p:1.2.2.2.2.1
U5909,236,FUSE0,370149.2444,370149.2444,375682.3444,5533.1,5533.1,941.0,0.170067,1,p:2.3.5.1.2.2
U5910,236,FUSE0,370196.4444,370196.4444,374197.5444,4001.1,4001.1,941.0,0.235185,1,p:1.1.3.2.1.1
U5911,236,FUSE0,370265.2444,370265.2444,376494.3444,6229.1,6229.1,941.0,0.151065,1,p:2.2.1.1.3.2
U5912,236,FUSE0,370312.4444,370312.4444,372457.5444,2145.1,2145.1,941.0,0.438674,1,p:1.3.4.2.3.1
U5913,236,FUSE1,370381.2444,370381.2444,373014.3444,2633.1,2633.1,1003.0,0.38092,1,p:2.1.2.1.1.2
U5914,236,FUSE1,370428.4444,370428.4444,376084.8444,5656.4,5656.4,1003.0,0.177321,1,p:1.2.5.2.1.1
U5915,236,FUSE1,370497.2444,370497.2444,374522.3444,4025.1,4025.1,1003.0,0.249186,1,p:2.3.3.1.3.2
U5916,236,FUSE1,370544.4444,370544.4444,377012.8444,6468.4,6468.4,1003.0,0.155062,1,p:1.1.1.2.2.1
U5917,236,FUSE1,370613.2444,370613.2444,372782.3444,2169.1,2169.1,1003.0,0.462404,1,p:2.2.4.1.2.2
U5918,236,FUSE1,370660.4444,370660.4444,373501.5444,2841.1,2841.1,1003.0,0.353032,1,p:1.3.2.2.3.1
U5919,236,FUSE1,370729.2444,370729.2444,376378.3444,5649.1,5649.1,1003.0,0.17755,1,p:2.1.5.1.3.2
U5920,236,FUSE1,370776.4444,370776.4444,374661.5444,3885.1,3885.1,1003.0,0.258166,1,p:1.2.3.2.2.1
U5921,236,FUSE1,370845.2444,370845.2444,377101.5444,6256.3,6256.3,1003.0,0.160318,1,p:2.3.1.1.1.2
U5922,236,FUSE2,370898.8444,370898.8444,372921.5444,2022.7,2022.7,1035.4,0.51189,1,p:1.1.4.2.1.1
U5923,236,FUSE2,370961.2444,370961.2444,373594.3444,2633.1,2633.1,1035.4,0.393225,1,p:2.2.2.1.2.2
U5924,236,FUSE2,371073.6444,371073.6444,376780.8444,5707.2,5707.2,1035.4,0.18142,1,p:1.3.5.2.2.1
U5925,236,FUSE2,371077.2444,371077.2444,375102.3444,4025.1,4025.1,1035.4,0.257236,1,p:2.1.3.1.1.2
U5926,236,FUSE2,371189.6444,371189.6444,377476.8444,6287.2,6287.2,1035.4,0.164684,1,p:1.2.1.2.3.1
U5927,236,FUSE2,371193.2444,371193.2444,373246.3444,2053.1,2053.1,1035.4,0.504311,1,p:2.3.4.1.3.2
U5928,236,FUSE2,371305.6444,371305.6444,373965.5444,2659.9,2659.9,1035.4,0.389263,1,p:1.1.2.2.1.1
U5929,236,FUSE2,371309.2444,371309.2444,377360.8444,6051.6,6051.6,1035.4,0.171095,1,p:2.2.5.2.2.1
U5930,236,FUSE2,371421.6444,371421.6444,375736.8444,4315.2,4315.2,1035.4,0.239943,1,p:1.3.3.2.3.1
U3738,150,FUSE0,371425.2444,371425.2444,377684.7444,6259.5,6259.5,941.0,0.150331,1,p:2.1.1.1.2.2
U3739,150,FUSE0,371537.6444,371537.6444,373710.3444,2172.7,2172.7,941.0,0.433102,1,p:1.2.4.1.1.2
U3740,150,FUSE0,371541.2444,371541.2444,374406.3444,2865.1,2865.1,941.0,0.328435,1,p:2.3.2.1.3.2
U3741,150,FUSE0,371653.6444,371653.6444,378056.8444,6403.2,6403.2,941.0,0.146958,1,p:1.1.1.2.1.1
U3742,150,FUSE0,371657.2444,371657.2444,377217.5444,5560.3,5560.3,941.0,0.169235,1,p:2.2.5.1.1.2
U3743,150,FUSE0,371769.6444,371769.6444,374081.5444,2311.9,2311.9,941.0,0.407025,1,p:1.3.4.2.3.1
U3744,150,FUSE0,371792.8444,371792.8444,375798.3444,4005.5,4005.5,941.0,0.234927,1,p:2.1.3.1.2.2
U3745,150,FUSE0,371885.6444,371885.6444,374545.5444,2659.9,2659.9,941.0,0.353773,1,p:1.2.2.2.2.1
U3746,150,FUSE1,371908.8444,371908.8444,378380.7444,6471.9,6471.9,1003.0,0.154978,1,p:2.3.1.1.3.2
U3747,150,FUSE1,372001.6444,372001.6444,377824.8444,5823.2,5823.2,1003.0,0.172242,1,p:1.1.5.2.3.1
U3748,150,FUSE1,372024.8444,372024.8444,374058.3444,2033.5,2033.5,1003.0,0.493238,1,p:2.2.4.1.2.2
U3749,150,FUSE1,372117.6444,372117.6444,376200.8444,4083.2,4083.2,1003.0,0.245641,1,p:1.3.3.2.1.1
U3750,150,FUSE1,372140.8444,372140.8444,374754.3444,2613.5,2613.5,1003.0,0.383777,1,p:2.1.2.1.1.2
U3751,150,FUSE1,372233.6444,372233.6444,378868.8444,6635.2,6635.2,1003.0,0.151163,1,p:1.2.1.2.2.1
U3752,150,FUSE1,372256.8444,372256.8444,377800.7444,5543.9,5543.9,1003.0,0.18092,1,p:2.3.5.1.3.2
U3753,150,FUSE1,372349.6444,372349.6444,374429.5444,2079.9,2079.9,1003.0,0.482235,1,p:1.1.4.2.1.1
U3754,150,FUSE2,372372.8444,372372.8444,376262.3444,3889.5,3889.5,1035.4,0.266204,1,p:2.2.3.1.2.2
U3755,150,FUSE2,372465.6444,372465.6444,375125.5444,2659.9,2659.9,1035.4,0.389263,1,p:1.3.2.2.3.1
U3756,150,FUSE2,372488.8444,372488.8444,378674.7444,6185.9,6185.9,1035.4,0.167381,1,p:2.1.1.1.1.2
U3757,150,FUSE2,372581.6444,372581.6444,378404.8444,5823.2,5823.2,1035.4,0.177806,1,p:1.2.5.2.2.1
U3758,150,FUSE2,372604.8444,372604.8444,374870.3444,2265.5,2265.5,1035.4,0.457029,1,p:2.3.4.1.3.2
U3759,150,FUSE2,372697.6444,372697.6444,377128.8444,4431.2,4431.2,1035.4,0.233661,1,p:1.1.3.2.1.1
U3760,150,FUSE2,372720.8444,372720.8444,375241.5444,2520.7,2520.7,1035.4,0.410759,1,p:2.2.2.2.3.1
U4935,197,FUSE0,372813.6444,372813.6444,379431.1444,6617.5,6617.5,941.0,0.142199,1,p:1.3.1.1.2.2
U4936,197,FUSE0,372836.8444,372836.8444,378148.7444,5311.9,5311.9,941.0,0.177149,1,p:2.1.5.1.1.2
U4937,197,FUSE0,372929.6444,372929.6444,374893.5444,1963.9,1963.9,941.0,0.479149,1,p:1.2.4.2.2.1
U4938,197,FUSE0,372952.8444,372952.8444,376610.3444,3657.5,3657.5,941.0,0.25728,1,p:2.3.3.1.3.2
U4939,197,FUSE0,373045.6444,373045.6444,379800.7444,6755.1,6755.1,941.0,0.139302,1,p:1.1.1.2.1.1
U4940,197,FUSE0,373068.8444,373068.8444,375334.3444,2265.5,2265.5,941.0,0.415361,1,p:2.2.2.1.2.2
U4941,197,FUSE0,373161.6444,373161.6444,379100.8444,5939.2,5939.2,941.0,0.158439,1,p:1.3.5.2.3.1
U4942,197,FUSE0,373184.8444,373184.8444,375566.3444,2381.5,2381.5,941.0,0.395129,1,p:2.1.4.1.1.2
U4943,197,FUSE1,373277.6444,373277.6444,377592.8444,4315.2,4315.2,1003.0,0.232434,1,p:1.2.3.2.2.1
U4944,197,FUSE1,373300.8444,373300.8444,379779.1444,6478.3,6478.3,1003.0,0.154825,1,p:2.3.1.1.3.2
U4945,197,FUSE1,373393.6444,373393.6444,375620.8444,2227.2,2227.2,1003.0,0.450341,1,p:1.1.2.2.1.1
U4946,197,FUSE1,373416.8444,373416.8444,378908.3444,5491.5,5491.5,1003.0,0.182646,1,p:2.2.5.1.2.2
U4947,197,FUSE1,373509.6444,373509.6444,375968.8444,2459.2,2459.2,1003.0,0.407856,1,p:1.3.4.2.3.1
U4948,197,FUSE1,373532.8444,373532.8444,377565.5444,4032.7,4032.7,1003.0,0.248717,1,p:2.1.3.1.1.2
U4949,197,FUSE1,373625.6444,373625.6444,380148.7444,6523.1,6523.1,1003.0,0.153761,1,p:1.2.1.2.2.1
U4950,197,FUSE1,373648.8444,373648.8444,376146.3444,2497.5,2497.5,1003.0,0.401602,1,p:2.3.2.1.3.2
U4951,197,FUSE2,373741.6444,373741.6444,379332.8444,5591.2,5591.2,1035.4,0.185184,1,p:1.1.5.2.1.1
U4952,197,FUSE2,373764.8444,373764.8444,376030.3444,2265.5,2265.5,1035.4,0.457029,1,p:2.2.4.1.2.2
U4953,197,FUSE2,373857.6444,373857.6444,378288.8444,4431.2,4431.2,1035.4,0.233661,1,p:1.3.3.2.3.1
U4954,197,FUSE2,373880.8444,373880.8444,380597.5444,6716.7,6716.7,1035.4,0.154153,1,p:2.1.1.1.1.2
U4955,197,FUSE2,373973.6444,373973.6444,376548.8444,2575.2,2575.2,1035.4,0.402066,1,p:1.2.2.2.2.1
U4956,197,FUSE2,373996.8444,373996.8444,379663.1444,5666.3,5666.3,1035.4,0.182729,1,p:2.3.5.1.3.2
U4957,197,FUSE2,374089.6444,374089.6444,376432.8444,2343.2,2343.2,1035.4,0.441874,1,p:1.1.4.2.1.1
U4958,197,FUSE2,374112.8444,374112.8444,377916.7444,3803.9,3803.9,1035.4,0.272194,1,p:2.2.3.1.2.2
U4959,197,FUSE2,374205.6444,374205.6444,381436.0761,7230.4317,7230.4317,1035.4,0.1432,1,p:1.3.1.1.1.2
U5583,223,FUSE0,374228.8444,374228.8444,376896.8444,2668.0,2668.0,941.0,0.352699,1,p:2.1.2.2.3.1
U5584,223,FUSE0,374321.6444,374321.6444,380127.1444,5805.5,5805.5,941.0,0.162088,1,p:1.2.5.1.3.2
U5585,223,FUSE0,374344.8444,374344.8444,376316.8444,1972.0,1972.0,941.0,0.477181,1,p:2.3.4.2.2.1
U5586,223,FUSE0,374437.6444,374437.6444,378636.8444,4199.2,4199.2,941.0,0.22409,1,p:1.1.3.2.1.1
U5587,223,FUSE0,374460.8444,374460.8444,376985.5444,2524.7,2524.7,941.0,0.372718,1,p:2.2.2.1.2.2
U5588,223,FUSE0,374553.6444,374553.6444,380380.7444,5827.1,5827.1,941.0,0.161487,1,p:1.3.5.2.2.1
U5589,223,FUSE0,374576.8444,374576.8444,376726.3444,2149.5,2149.5,941.0,0.437776,1,p:2.1.4.1.1.2
U5590,223,FUSE0,374669.6444,374669.6444,380960.7444,6291.1,6291.1,941.0,0.149576,1,p:1.2.1.2.3.1
U5591,223,FUSE1,374692.8444,374692.8444,378790.7444,4097.9,4097.9,1003.0,0.24476,1,p:2.3.3.1.3.2
U5592,223,FUSE1,374785.6444,374785.6444,377708.8444,2923.2,2923.2,1003.0,0.343117,1,p:1.1.2.2.1.1
U5593,223,FUSE1,374808.8444,374808.8444,380856.0761,6047.2317,6047.2317,1003.0,0.165861,1,p:2.2.5.1.1.2
U5594,223,FUSE1,374901.6444,374901.6444,377244.8444,2343.2,2343.2,1003.0,0.428047,1,p:1.3.4.2.3.1
U5595,223,FUSE1,374924.8444,374924.8444,381668.0761,6743.2317,6743.2317,1003.0,0.148742,1,p:2.1.1.1.2.2
U5596,223,FUSE1,375017.6444,375017.6444,379452.7444,4435.1,4435.1,1003.0,0.22615,1,p:1.2.3.2.2.1
U5597,223,FUSE1,375040.8444,375040.8444,377333.5444,2292.7,2292.7,1003.0,0.437475,1,p:2.3.2.1.3.2
U5598,223,FUSE1,375133.6444,375133.6444,380612.7444,5479.1,5479.1,1003.0,0.183059,1,p:1.1.5.2.3.1
U5599,223,FUSE2,375156.8444,375156.8444,377449.5444,2292.7,2292.7,1035.4,0.451607,1,p:2.2.4.1.2.2
U5600,223,FUSE2,375249.6444,375249.6444,382008.3444,6758.7,6758.7,1035.4,0.153195,1,p:1.3.1.2.1.1
U5601,223,FUSE2,375272.8444,375272.8444,379199.1444,3926.3,3926.3,1035.4,0.263709,1,p:2.1.3.1.1.2
U5602,223,FUSE2,375365.6444,375365.6444,378172.8444,2807.2,2807.2,1035.4,0.368837,1,p:1.2.2.2.2.1
U5603,223,FUSE2,375388.8444,375388.8444,381320.0761,5931.2317,5931.2317,1035.4,0.174567,1,p:2.3.5.1.2.2
U5604,223,FUSE2,375481.6444,375481.6444,377940.8444,2459.2,2459.2,1035.4,0.421031,1,p:1.1.4.2.1.1
U5605,223,FUSE2,375504.8444,375504.8444,381816.7444,6311.9,6311.9,1035.4,0.164039,1,p:2.2.1.1.3.2
U5606,223,FUSE2,375597.6444,375597.6444,380011.1444,4413.5,4413.5,1035.4,0.234598,1,p:1.3.3.1.1.2
U7649,306,FUSE0,375652.1444,375652.1444,378752.8444,3100.7,3100.7,941.0,0.30348,1,p:2.1.2.2.3.1
U7650,306,FUSE0,375713.6444,375713.6444,381428.3444,5714.7,5714.7,941.0,0.164663,1,p:1.2.5.2.1.1
U7651,306,FUSE0,375768.1444,375768.1444,378032.7444,2264.6,2264.6,941.0,0.415526,1,p:2.3.4.1.3.2
U7652,306,FUSE0,375829.6444,375829.6444,382124.3444,6294.7,6294.7,941.0,0.149491,1,p:1.1.1.2.2.1
U7653,306,FUSE0,375884.1444,375884.1444,378558.7444,2674.6,2674.6,941.0,0.351828,1,p:2.2.2.1.2.2
U7654,306,FUSE0,375945.6444,375945.6444,380264.7444,4319.1,4319.1,941.0,0.217869,1,p:1.3.3.2.3.1
U7655,306,FUSE0,376000.1444,376000.1444,382396.7444,6396.6,6396.6,941.0,0.147109,1,p:2.1.5.1.1.2
U7656,306,FUSE1,376061.6444,376061.6444,378520.8444,2459.2,2459.2,1003.0,0.407856,1,p:1.2.4.2.2.1
U7657,306,FUSE1,376116.1444,376116.1444,382512.7444,6396.6,6396.6,1003.0,0.156802,1,p:2.3.1.1.3.2
U7658,306,FUSE1,376177.6444,376177.6444,378984.8444,2807.2,2807.2,1003.0,0.357296,1,p:1.1.2.2.1.1
U7659,306,FUSE1,376232.1444,376232.1444,380481.5444,4249.4,4249.4,1003.0,0.236033,1,p:2.2.3.1.2.2
U7660,306,FUSE1,376293.6444,376293.6444,381776.3444,5482.7,5482.7,1003.0,0.182939,1,p:1.3.5.2.3.1
U7661,306,FUSE1,376348.1444,376348.1444,378264.7444,1916.6,1916.6,1003.0,0.523323,1,p:2.1.4.1.1.2
U7662,306,FUSE1,376409.6444,376409.6444,382914.8761,6505.2317,6505.2317,1003.0,0.154184,1,p:1.2.1.2.2.1
U7663,306,FUSE2,376464.1444,376464.1444,379315.1444,2851.0,2851.0,1035.4,0.363171,1,p:2.3.2.1.3.2
U7664,306,FUSE2,376525.6444,376525.6444,380844.7444,4319.1,4319.1,1035.4,0.239726,1,p:1.1.3.2.1.1
U7665,306,FUSE2,376580.1444,376580.1444,382976.7444,6396.6,6396.6,1035.4,0.161867,1,p:2.2.5.1.2.2
U7666,306,FUSE2,376641.6444,376641.6444,379216.8444,2575.2,2575.2,1035.4,0.402066,1,p:1.3.4.2.3.1
U7667,306,FUSE2,376696.1444,376696.1444,383556.7444,6860.6,6860.6,1035.4,0.15092,1,p:2.1.1.1.1.2
U7668,306,FUSE2,376757.6444,376757.6444,379684.7444,2927.1,2927.1,1035.4,0.353729,1,p:1.2.2.2.2.1
U7669,306,FUSE2,376812.1444,376812.1444,381204.0761,4391.9317,4391.9317,1035.4,0.23575,1,p:2.3.3.1.3.2
U7670,306,FUSE2,376928.1444,376928.1444,382240.3444,5312.2,5312.2,1035.4,0.19491,1,p:1.1.5.2.3.1
U7828,313,FUSE0,377016.8444,377016.8444,379083.1444,2066.3,2066.3,941.0,0.455403,1,p:2.2.4.1.2.2
U7829,313,FUSE0,377044.1444,377044.1444,383494.8761,6450.7317,6450.7317,941.0,0.145875,1,p:1.3.1.2.1.1
U7830,313,FUSE0,377132.8444,377132.8444,379895.1444,2762.3,2762.3,941.0,0.340658,1,p:2.1.2.1.1.2
U7831,313,FUSE0,377160.1444,377160.1444,381192.7444,4032.6,4032.6,941.0,0.233348,1,p:1.2.3.2.2.1
U7832,313,FUSE0,377248.8444,377248.8444,383672.7444,6423.9,6423.9,941.0,0.146484,1,p:2.3.5.1.2.2
U7833,313,FUSE0,377276.1444,377276.1444,379568.7444,2292.6,2292.6,941.0,0.410451,1,p:1.1.4.2.1.1
U7834,313,FUSE0,377364.8444,377364.8444,384136.7444,6771.9,6771.9,941.0,0.138957,1,p:2.2.1.1.3.2
U7835,313,FUSE0,377392.1444,377392.1444,380032.7444,2640.6,2640.6,941.0,0.356358,1,p:1.3.2.2.3.1
U7836,313,FUSE0,377480.8444,377480.8444,382164.7444,4683.9,4683.9,941.0,0.200901,1,p:2.1.3.1.1.2
U7837,313,FUSE1,377508.1444,377508.1444,383030.8761,5522.7317,5522.7317,1003.0,0.181613,1,p:1.2.5.2.1.1
U7838,313,FUSE1,377596.8444,377596.8444,379547.1444,1950.3,1950.3,1003.0,0.51428,1,p:2.3.4.1.3.2
U7839,313,FUSE1,377624.1444,377624.1444,384190.8761,6566.7317,6566.7317,1003.0,0.15274,1,p:1.1.1.2.2.1
U7840,313,FUSE1,377716.0444,377716.0444,380243.1444,2527.1,2527.1,1003.0,0.396898,1,p:2.2.2.1.2.2
U7841,313,FUSE1,377740.1444,377740.1444,381544.3444,3804.2,3804.2,1003.0,0.263656,1,p:1.3.3.2.3.1
U7842,313,FUSE1,377832.0444,377832.0444,384020.7444,6188.7,6188.7,1003.0,0.16207,1,p:2.1.5.1.3.2
U7843,313,FUSE1,377856.1444,377856.1444,379916.7444,2060.6,2060.6,1003.0,0.486751,1,p:1.2.4.2.2.1
U7844,313,FUSE1,377948.0444,377948.0444,384484.7444,6536.7,6536.7,1003.0,0.153441,1,p:2.3.1.1.1.2
U7845,313,FUSE1,377972.1444,377972.1444,380496.7444,2524.6,2524.6,1003.0,0.397291,1,p:1.1.2.2.1.1
U7846,313,FUSE2,378064.0444,378064.0444,382628.7444,4564.7,4564.7,1035.4,0.226828,1,p:2.2.3.1.2.2
U7847,313,FUSE2,378088.1444,378088.1444,383958.8761,5870.7317,5870.7317,1035.4,0.176366,1,p:1.3.5.2.2.1
U7848,313,FUSE2,378180.0444,378180.0444,380359.1444,2179.1,2179.1,1035.4,0.47515,1,p:2.1.4.1.1.2
U7849,313,FUSE2,378204.1444,378204.1444,385002.8761,6798.7317,6798.7317,1035.4,0.152293,1,p:1.2.1.2.3.1
U7850,313,FUSE2,378296.0444,378296.0444,380972.0761,2676.0317,2676.0317,1035.4,0.386916,1,p:2.3.2.1.3.2
U7851,313,FUSE2,378320.1444,378320.1444,382624.0761,4303.9317,4303.9317,1035.4,0.240571,1,p:1.1.3.2.1.1
U7852,313,FUSE2,378412.0444,378412.0444,384422.8761,6010.8317,6010.8317,1035.4,0.172256,1,p:2.2.5.2.3.1
U7853,313,FUSE2,378436.1444,378436.1444,381088.0761,2651.9317,2651.9317,1035.4,0.390432,1,p:1.3.4.1.1.2
U1415,57,FUSE0,378552.1444,378552.1444,385180.7444,6628.6,6628.6,941.0,0.141961,1,p:2.1.1.1.2.2
U1416,57,FUSE0,378590.0444,378590.0444,381076.7444,2486.7,2486.7,941.0,0.378413,1,p:1.2.2.2.2.1
U1417,57,FUSE0,378668.1444,378668.1444,383092.7444,4424.6,4424.6,941.0,0.212675,1,p:2.3.3.1.3.2
U1418,57,FUSE0,378706.0444,378706.0444,385350.8761,6644.8317,6644.8317,941.0,0.141614,1,p:1.1.1.2.1.1
U1419,57,FUSE0,378784.1444,378784.1444,384252.7444,5468.6,5468.6,941.0,0.172073,1,p:2.2.5.1.2.2
U1420,57,FUSE0,378822.0444,378822.0444,380728.7444,1906.7,1906.7,941.0,0.493523,1,p:1.3.4.2.3.1
U1421,57,FUSE0,378900.1444,378900.1444,381932.7444,3032.6,3032.6,941.0,0.310295,1,p:2.1.2.1.1.2
U1422,57,FUSE0,378939.6444,378939.6444,383378.8761,4439.2317,4439.2317,941.0,0.211974,1,p:1.2.3.2.2.1
U1423,57,FUSE1,379016.1444,379016.1444,385644.7444,6628.6,6628.6,1003.0,0.151314,1,p:2.3.1.1.3.2
U1424,57,FUSE1,379114.4444,379114.4444,384886.8761,5772.4317,5772.4317,1003.0,0.173757,1,p:1.1.5.2.1.1
U1425,57,FUSE1,379132.1444,379132.1444,381552.0761,2419.9317,2419.9317,1003.0,0.414475,1,p:2.2.4.1.2.2
U1426,57,FUSE1,379230.4444,379230.4444,381312.3444,2081.9,2081.9,1003.0,0.481771,1,p:1.3.2.2.3.1
U1427,57,FUSE1,379248.1444,379248.1444,383788.7444,4540.6,4540.6,1003.0,0.220896,1,p:2.1.3.1.1.2
U1428,57,FUSE1,379346.4444,379346.4444,386046.8761,6700.4317,6700.4317,1003.0,0.149692,1,p:1.2.1.2.2.1
U1429,57,FUSE1,379364.1444,379364.1444,384832.7444,5468.6,5468.6,1003.0,0.183411,1,p:2.3.5.1.3.2
U1430,57,FUSE1,379462.4444,379462.4444,381660.3444,2197.9,2197.9,1003.0,0.456345,1,p:1.1.4.2.1.1
U1431,57,FUSE2,379484.0444,379484.0444,382048.7444,2564.7,2564.7,1035.4,0.403712,1,p:2.2.2.1.2.2
U1432,57,FUSE2,379578.4444,379578.4444,383726.8761,4148.4317,4148.4317,1035.4,0.249588,1,p:1.3.3.2.3.1
U1433,57,FUSE2,379600.0444,379600.0444,385876.7444,6276.7,6276.7,1035.4,0.164959,1,p:2.1.1.1.1.2
U1434,57,FUSE2,379694.4444,379694.4444,385064.7444,5370.3,5370.3,1035.4,0.192801,1,p:1.2.5.2.3.2
U1435,57,FUSE2,379716.0444,379716.0444,381892.3444,2176.3,2176.3,1035.4,0.475762,1,p:2.3.4.1.2.1
U1436,57,FUSE2,379810.4444,379810.4444,382280.7444,2470.3,2470.3,1035.4,0.419139,1,p:1.1.2.2.2.2
U1437,57,FUSE2,379832.0444,379832.0444,384306.8761,4474.8317,4474.8317,1035.4,0.231383,1,p:2.2.3.1.1.1
U1438,57,FUSE2,379926.4444,379926.4444,386858.8761,6932.4317,6932.4317,1035.4,0.149356,1,p:1.3.1.1.3.1
U1439,57,FUSE2,379948.0444,379948.0444,386108.7444,6160.7,6160.7,1035.4,0.168065,1,p:2.1.5.2.3.2
U6751,270,FUSE0,380042.4444,380042.4444,382744.7444,2702.3,2702.3,941.0,0.348222,1,p:1.2.4.2.1.2
U6752,270,FUSE0,380064.0444,380064.0444,383146.8761,3082.8317,3082.8317,941.0,0.305239,1,p:2.3.2.1.2.1
U6753,270,FUSE0,380158.4444,380158.4444,384368.7444,4210.3,4210.3,941.0,0.2235,1,p:1.1.3.2.2.2
U6754,270,FUSE0,380180.0444,380180.0444,382798.8761,2618.8317,2618.8317,941.0,0.359321,1,p:2.2.4.1.1.1
U6755,270,FUSE0,380274.4444,380274.4444,386688.7444,6414.3,6414.3,941.0,0.146703,1,p:1.3.1.2.1.2
U6756,270,FUSE0,380296.0444,380296.0444,386394.8761,6098.8317,6098.8317,941.0,0.154292,1,p:2.1.5.1.3.1
U6757,270,FUSE0,380390.4444,380390.4444,382860.7444,2470.3,2470.3,941.0,0.380925,1,p:1.2.2.2.3.2
U6758,270,FUSE0,380412.0444,380412.0444,384770.8761,4358.8317,4358.8317,941.0,0.215884,1,p:2.3.3.1.2.1
U6759,270,FUSE1,380512.8444,380512.8444,383208.7444,2695.9,2695.9,1003.0,0.372046,1,p:1.1.4.2.2.2
U6760,270,FUSE1,380528.0444,380528.0444,386742.8761,6214.8317,6214.8317,1003.0,0.161388,1,p:2.2.1.1.1.1
U6761,270,FUSE1,380628.8444,380628.8444,386456.7444,5827.9,5827.9,1003.0,0.172103,1,p:1.3.5.2.1.2
U6762,270,FUSE1,380644.0444,380644.0444,383262.8761,2618.8317,2618.8317,1003.0,0.382995,1,p:2.1.2.1.3.1
U6763,270,FUSE1,380760.0444,380760.0444,385466.8761,4706.8317,4706.8317,1003.0,0.213095,1,p:1.2.3.2.2.1
U6764,270,FUSE1,380876.0444,380876.0444,383324.7444,2448.7,2448.7,1003.0,0.409605,1,p:2.3.4.1.3.2
U6765,270,FUSE1,380887.3761,380887.3761,387438.8761,6551.5,6551.5,1003.0,0.153095,1,p:1.1.1.2.1.1
U6766,270,FUSE1,380992.0444,380992.0444,386804.7444,5812.7,5812.7,1003.0,0.172553,1,p:2.2.5.1.2.2
U6767,270,FUSE2,381003.3761,381003.3761,383610.8761,2607.5,2607.5,1035.4,0.397085,1,p:1.3.2.2.3.1
U6768,270,FUSE2,381108.0444,381108.0444,385412.7444,4304.7,4304.7,1035.4,0.240528,1,p:2.1.3.1.1.2
U6769,270,FUSE2,381119.3761,381119.3761,383440.7444,2321.3683,2321.3683,1035.4,0.44603,1,p:1.2.4.2.3.2
U6770,270,FUSE2,381224.0444,381224.0444,387322.8761,6098.8317,6098.8317,1035.4,0.16977,1,p:2.3.1.1.2.1
U6771,270,FUSE2,381235.3761,381235.3761,386920.7444,5685.3683,5685.3683,1035.4,0.182117,1,p:1.1.5.2.2.2
U6772,270,FUSE2,381343.6444,381343.6444,384074.8761,2731.2317,2731.2317,1035.4,0.379096,1,p:2.2.2.1.1.1
U6773,270,FUSE2,381351.3761,381351.3761,385930.8761,4579.5,4579.5,1035.4,0.226095,1,p:1.3.3.2.3.1
U6774,270,FUSE2,381459.6444,381459.6444,383842.8761,2383.2317,2383.2317,1035.4,0.434452,1,p:2.1.4.2.2.1
U6775,270,FUSE2,381467.3761,381467.3761,388132.3444,6664.9683,6664.9683,1035.4,0.15535,1,p:1.2.1.1.1.2
U1839,74,FUSE0,381575.6444,381575.6444,387500.7444,5925.1,5925.1,941.0,0.158816,1,p:2.3.5.1.3.2
U1840,74,FUSE0,381583.3761,381583.3761,384538.8761,2955.5,2955.5,941.0,0.318389,1,p:1.1.2.2.1.1
U1841,74,FUSE0,381691.6444,381691.6444,385760.7444,4069.1,4069.1,941.0,0.231255,1,p:2.2.3.1.2.2
U1842,74,FUSE0,381699.3761,381699.3761,387554.8761,5855.5,5855.5,941.0,0.160704,1,p:1.3.5.2.2.1
U1843,74,FUSE0,381807.6444,381807.6444,383904.7444,2097.1,2097.1,941.0,0.448715,1,p:2.1.4.1.1.2
U1844,74,FUSE0,381848.0444,381848.0444,389478.4692,7630.4247,7630.4247,941.0,0.123322,1,p:1.2.1.2.3.1
U1845,74,FUSE0,381923.6444,381923.6444,384600.7444,2677.1,2677.1,941.0,0.3515,1,p:2.3.2.1.3.2
U1846,74,FUSE0,381964.0444,381964.0444,386162.8761,4198.8317,4198.8317,941.0,0.22411,1,p:1.1.3.2.1.1
U1847,74,FUSE1,382039.6444,382039.6444,387384.7444,5345.1,5345.1,1003.0,0.187649,1,p:2.2.5.1.1.2
U1848,74,FUSE1,382080.0444,382080.0444,384654.8761,2574.8317,2574.8317,1003.0,0.38954,1,p:1.3.4.2.3.1
U1849,74,FUSE1,382155.6444,382155.6444,388248.3444,6092.7,6092.7,1003.0,0.164623,1,p:2.1.1.1.2.2
U1850,74,FUSE1,382196.0444,382196.0444,385234.8761,3038.8317,3038.8317,1003.0,0.330061,1,p:1.2.2.2.2.1
U1851,74,FUSE1,382271.6444,382271.6444,386572.7444,4301.1,4301.1,1003.0,0.233196,1,p:2.3.3.1.3.2
U1852,74,FUSE1,382312.0444,382312.0444,388250.8761,5938.8317,5938.8317,1003.0,0.168888,1,p:1.1.5.2.3.1
U1853,74,FUSE1,382428.0444,382428.0444,384716.7444,2288.7,2288.7,1003.0,0.43824,1,p:2.2.4.1.2.2
U1854,74,FUSE1,382544.0444,382544.0444,390004.4692,7460.4247,7460.4247,1003.0,0.134443,1,p:1.3.1.2.1.1
U1855,74,FUSE2,382655.3761,382655.3761,384948.7444,2293.3683,2293.3683,1035.4,0.451476,1,p:2.1.2.1.1.2
U1856,74,FUSE2,382660.0444,382660.0444,386510.8761,3850.8317,3850.8317,1035.4,0.268877,1,p:1.2.3.2.2.1
U1857,74,FUSE2,382776.0444,382776.0444,387900.3444,5124.3,5124.3,1035.4,0.202057,1,p:2.3.5.1.2.2
U1858,74,FUSE2,382830.1761,382830.1761,385118.8761,2288.7,2288.7,1035.4,0.452397,1,p:1.1.4.2.1.1
U1859,74,FUSE2,382892.0444,382892.0444,389060.3444,6168.3,6168.3,1035.4,0.167858,1,p:2.2.1.1.3.2
U1860,74,FUSE2,382946.1761,382946.1761,385582.8761,2636.7,2636.7,1035.4,0.392688,1,p:1.3.2.2.3.1
U1861,74,FUSE2,383008.0444,383008.0444,387036.7444,4028.7,4028.7,1035.4,0.257006,1,p:2.1.3.1.1.2
U1862,74,FUSE2,383062.1761,383062.1761,388480.3444,5418.1683,5418.1683,1035.4,0.191098,1,p:1.2.5.1.2.2
U1863,74,FUSE2,383124.0444,383124.0444,385296.7444,2172.7,2172.7,1035.4,0.47655,1,p:2.3.4.1.3.2
U5255,210,FUSE0,383178.1761,383178.1761,390646.4692,7468.293,7468.293,941.0,0.125999,1,p:1.1.1.2.2.1
U5256,210,FUSE0,383240.0444,383240.0444,385814.8761,2574.8317,2574.8317,941.0,0.365461,1,p:2.2.2.2.1.1
U5257,210,FUSE0,383294.1761,383294.1761,387786.8761,4492.7,4492.7,941.0,0.209451,1,p:1.3.3.2.3.1
U5258,210,FUSE0,383356.0444,383356.0444,389640.3444,6284.3,6284.3,941.0,0.149738,1,p:2.1.1.1.1.2
U5259,210,FUSE0,383410.1761,383410.1761,390165.2692,6755.093,6755.093,941.0,0.139302,1,p:1.2.5.2.1.1
U5260,210,FUSE0,383472.0444,383472.0444,385992.7444,2520.7,2520.7,941.0,0.373309,1,p:2.3.2.1.3.2
U5261,210,FUSE0,383526.1761,383526.1761,385698.8761,2172.7,2172.7,941.0,0.433102,1,p:1.1.4.2.2.1
U5262,210,FUSE0,383588.0444,383588.0444,387152.7444,3564.7,3564.7,941.0,0.263977,1,p:2.2.3.1.2.2
U5263,210,FUSE0,383642.1761,383642.1761,391240.8692,7598.693,7598.693,941.0,0.123837,1,p:1.3.1.2.3.1
U5264,210,FUSE1,383704.0444,383704.0444,389176.3444,5472.3,5472.3,1003.0,0.183287,1,p:2.1.5.1.3.2
U5265,210,FUSE1,383758.1761,383758.1761,386278.8761,2520.7,2520.7,1003.0,0.397905,1,p:1.2.2.2.2.1
U5266,210,FUSE1,383820.0444,383820.0444,385528.7444,1708.7,1708.7,1003.0,0.586996,1,p:2.3.4.1.1.2
U5267,210,FUSE1,383874.1761,383874.1761,388134.8761,4260.7,4260.7,1003.0,0.235407,1,p:1.1.3.2.1.1
U5268,210,FUSE1,383936.0444,383936.0444,390220.3444,6284.3,6284.3,1003.0,0.159604,1,p:2.2.1.1.2.2
U5269,210,FUSE1,383990.1761,383990.1761,390821.2692,6831.093,6831.093,1003.0,0.146829,1,p:1.3.5.2.2.1
U5270,210,FUSE1,384052.0444,384052.0444,386224.7444,2172.7,2172.7,1003.0,0.461638,1,p:2.1.2.1.1.2
U5271,210,FUSE1,384106.1761,384106.1761,386626.8761,2520.7,2520.7,1003.0,0.397905,1,p:1.2.4.2.3.1
U5272,210,FUSE1,384168.0444,384168.0444,388596.3444,4428.3,4428.3,1003.0,0.226498,1,p:2.3.3.1.3.2
U5273,210,FUSE2,384222.1761,384222.1761,392832.6775,8610.5014,8610.5014,1035.4,0.120249,1,p:1.1.1.2.1.1
U5274,210,FUSE2,384284.0444,384284.0444,389872.3444,5588.3,5588.3,1035.4,0.18528,1,p:2.2.5.1.1.2
U5275,210,FUSE2,384338.1761,384338.1761,386974.8761,2636.7,2636.7,1035.4,0.392688,1,p:1.3.2.2.3.1
U5276,210,FUSE2,384400.0444,384400.0444,386340.7444,1940.7,1940.7,1035.4,0.533519,1,p:2.1.4.1.2.2
U5277,210,FUSE2,384454.1761,384454.1761,389597.6692,5143.493,5143.493,1035.4,0.201303,1,p:1.2.3.2.2.1
U5278,210,FUSE2,384516.0444,384516.0444,390916.3444,6400.3,6400.3,1035.4,0.161774,1,p:2.3.1.1.3.2
U5279,210,FUSE2,384570.1761,384570.1761,390452.3444,5882.1683,5882.1683,1035.4,0.176024,1,p:1.1.5.1.2.2
U5280,210,FUSE2,384632.0444,384632.0444,387090.8761,2458.8317,2458.8317,1035.4,0.421094,1,p:2.2.2.2.1.1
U5281,210,FUSE2,384686.1761,384686.1761,387206.8761,2520.7,2520.7,1035.4,0.410759,1,p:1.3.4.2.3.1
U5282,210,FUSE2,384748.0444,384748.0444,388944.3444,4196.3,4196.3,1035.4,0.246741,1,p:2.1.3.1.1.2
U4543,182,FUSE0,384802.1761,384802.1761,392484.6775,7682.5014,7682.5014,941.0,0.122486,1,p:1.2.1.2.2.1
U4544,182,FUSE0,384864.0444,384864.0444,390568.3444,5704.3,5704.3,941.0,0.164963,1,p:2.3.5.1.2.2
U4545,182,FUSE0,384918.1761,384918.1761,387902.8761,2984.7,2984.7,941.0,0.315275,1,p:1.1.2.2.1.1
U4546,182,FUSE0,384980.0444,384980.0444,387268.7444,2288.7,2288.7,941.0,0.41115,1,p:2.2.4.1.3.2
U4547,182,FUSE0,385034.1761,385034.1761,390281.2692,5247.093,5247.093,941.0,0.179337,1,p:1.3.3.2.3.1
U4548,182,FUSE0,385096.0444,385096.0444,391496.3444,6400.3,6400.3,941.0,0.147024,1,p:2.1.1.1.1.2
U4549,182,FUSE0,385150.1761,385150.1761,392060.9924,6910.8162,6910.8162,941.0,0.136163,1,p:1.2.5.2.2.1
U4550,182,FUSE0,385212.0444,385212.0444,387755.1444,2543.1,2543.1,941.0,0.370021,1,p:2.3.2.1.3.2
U4551,182,FUSE1,385266.1761,385266.1761,387670.8761,2404.7,2404.7,1003.0,0.4171,1,p:1.1.4.2.1.1
U4552,182,FUSE1,385328.0444,385328.0444,389292.3444,3964.3,3964.3,1003.0,0.253008,1,p:2.2.3.1.2.2
U4553,182,FUSE1,385382.1761,385382.1761,392716.6775,7334.5014,7334.5014,1003.0,0.136751,1,p:1.3.1.2.3.1
U4554,182,FUSE1,385444.0444,385444.0444,391148.3444,5704.3,5704.3,1003.0,0.175832,1,p:2.1.5.1.1.2
U4555,182,FUSE1,385498.1761,385498.1761,388018.8761,2520.7,2520.7,1003.0,0.397905,1,p:1.2.2.2.2.1
U4556,182,FUSE1,385560.0444,385560.0444,388016.3444,2456.3,2456.3,1003.0,0.408338,1,p:2.3.4.1.3.2
U4557,182,FUSE1,385614.1761,385614.1761,391124.8692,5510.693,5510.693,1003.0,0.18201,1,p:1.1.3.2.1.1
U4558,182,FUSE1,385676.0444,385676.0444,391960.3444,6284.3,6284.3,1003.0,0.159604,1,p:2.2.1.1.2.2
U4559,182,FUSE2,385730.1761,385730.1761,392600.6775,6870.5014,6870.5014,1035.4,0.150702,1,p:1.3.5.2.3.1
U4560,182,FUSE2,385792.0444,385792.0444,388364.3444,2572.3,2572.3,1035.4,0.402519,1,p:2.1.2.1.1.2
U4561,182,FUSE2,385846.1761,385846.1761,389362.4692,3516.293,3516.293,1035.4,0.294458,1,p:1.2.4.2.2.1
U4562,182,FUSE2,385908.0444,385908.0444,389988.3444,4080.3,4080.3,1035.4,0.253756,1,p:2.3.3.1.3.2
U4563,182,FUSE2,385962.1761,385962.1761,394094.8692,8132.693,8132.693,1035.4,0.127313,1,p:1.1.1.2.1.1
U4564,182,FUSE2,386024.0444,386024.0444,392678.0692,6654.0247,6654.0247,1035.4,0.155605,1,p:2.2.5.1.1.2
U4565,182,FUSE2,386078.1761,386078.1761,389888.4692,3810.293,3810.293,1035.4,0.271738,1,p:1.3.2.2.3.1
U4566,182,FUSE2,386140.0444,386140.0444,389772.4692,3632.4247,3632.4247,1035.4,0.285044,1,p:2.1.4.2.2.1
U4567,182,FUSE2,386194.1761,386194.1761,390336.3444,4142.1683,4142.1683,1035.4,0.249966,1,p:1.2.3.1.3.2
U8381,335,FUSE0,386256.0444,386256.0444,392562.0692,6306.0247,6306.0247,941.0,0.149222,1,p:2.3.1.1.2.2
U8382,335,FUSE0,386310.1761,386310.1761,393299.8775,6989.7014,6989.7014,941.0,0.134627,1,p:1.1.5.2.3.1
U8383,335,FUSE0,386372.0444,386372.0444,388828.3444,2456.3,2456.3,941.0,0.383097,1,p:2.2.2.1.2.2
U8384,335,FUSE0,386426.1761,386426.1761,394565.3924,8139.2162,8139.2162,941.0,0.115613,1,p:1.3.1.2.1.1
U8385,335,FUSE0,386488.0444,386488.0444,388712.3444,2224.3,2224.3,941.0,0.423054,1,p:2.1.4.1.1.2
U8386,335,FUSE0,386542.1761,386542.1761,391708.0692,5165.893,5165.893,941.0,0.182156,1,p:1.2.3.2.2.1
U8387,335,FUSE0,386604.0444,386604.0444,392099.7924,5495.7479,5495.7479,941.0,0.171223,1,p:2.3.5.1.3.2
U8388,335,FUSE0,386658.1761,386658.1761,390514.8692,3856.693,3856.693,941.0,0.243991,1,p:1.1.2.2.1.1
U8389,335,FUSE1,386720.0444,386720.0444,392794.0692,6074.0247,6074.0247,1003.0,0.165129,1,p:2.2.1.1.2.2
U8390,335,FUSE1,386774.1761,386774.1761,390397.2692,3623.093,3623.093,1003.0,0.276835,1,p:1.3.4.2.3.1
U8391,335,FUSE1,386836.0444,386836.0444,391032.3444,4196.3,4196.3,1003.0,0.23902,1,p:2.1.3.1.1.2
U8392,335,FUSE1,386890.1761,386890.1761,393630.8692,6740.693,6740.693,1003.0,0.148798,1,p:1.2.5.2.2.1
U8393,335,FUSE1,386952.0444,386952.0444,389524.3444,2572.3,2572.3,1003.0,0.389923,1,p:2.3.2.1.3.2
U8394,335,FUSE1,387006.1761,387006.1761,394797.3924,7791.2162,7791.2162,1003.0,0.128735,1,p:1.1.1.2.1.1
U8395,335,FUSE1,387068.0444,387068.0444,389408.3444,2340.3,2340.3,1003.0,0.428578,1,p:2.2.4.1.2.2
U8396,335,FUSE1,387122.1761,387122.1761,392368.6775,5246.5014,5246.5014,1003.0,0.191175,1,p:1.3.3.2.3.1
U8397,335,FUSE2,387184.0444,387184.0444,393609.2692,6425.2247,6425.2247,1035.4,0.161146,1,p:2.1.5.1.1.2
U8398,335,FUSE2,387238.1761,387238.1761,391008.8692,3770.693,3770.693,1035.4,0.274591,1,p:1.2.2.2.2.1
U8399,335,FUSE2,387300.0444,387300.0444,393493.2692,6193.2247,6193.2247,1035.4,0.167183,1,p:2.3.1.1.3.2
U8400,335,FUSE2,387354.1761,387354.1761,392252.6775,4898.5014,4898.5014,1035.4,0.211371,1,p:1.1.4.2.1.1
U8401,335,FUSE2,387416.0444,387416.0444,391380.3444,3964.3,3964.3,1035.4,0.261181,1,p:2.2.3.1.2.2
U8402,335,FUSE2,387470.1761,387470.1761,394681.3924,7211.2162,7211.2162,1035.4,0.143582,1,p:1.3.5.2.2.1
U8403,335,FUSE2,387532.0444,387532.0444,390104.3444,2572.3,2572.3,1035.4,0.402519,1,p:2.1.2.1.1.2
U1316,53,FUSE0,387586.1761,387586.1761,395725.3924,8139.2162,8139.2162,941.0,0.115613,1,p:1.2.1.2.3.1
U1317,53,FUSE0,387702.1761,387702.1761,389756.3444,2054.1683,2054.1683,941.0,0.458093,1,p:2.3.4.1.3.2
U1318,53,FUSE0,387786.4444,387786.4444,393746.8692,5960.4247,5960.4247,941.0,0.157875,1,p:1.1.3.2.1.1
U1319,53,FUSE0,387818.1761,387818.1761,394421.2692,6603.093,6603.093,941.0,0.142509,1,p:2.2.5.1.1.2
U1320,53,FUSE0,387931.6444,387931.6444,391356.8692,3425.2247,3425.2247,941.0,0.274726,1,p:1.3.2.2.3.1
U1321,53,FUSE0,387934.1761,387934.1761,394305.2692,6371.093,6371.093,941.0,0.147698,1,p:2.1.1.1.2.2
U1322,53,FUSE0,388047.6444,388047.6444,391533.2692,3485.6247,3485.6247,941.0,0.269966,1,p:1.2.4.2.2.1
U1323,53,FUSE0,388050.1761,388050.1761,391844.3444,3794.1683,3794.1683,941.0,0.248012,1,p:2.3.3.1.3.2
U1324,53,FUSE1,388163.6444,388163.6444,394913.3924,6749.7479,6749.7479,1003.0,0.148598,1,p:1.1.5.2.3.1
U1325,53,FUSE1,388166.1761,388166.1761,390800.3444,2634.1683,2634.1683,1003.0,0.380765,1,p:2.2.2.1.2.2
U1326,53,FUSE1,388279.6444,388279.6444,396273.0775,7993.4331,7993.4331,1003.0,0.125478,1,p:1.3.1.2.1.1
U1327,53,FUSE1,388282.1761,388282.1761,390684.3444,2402.1683,2402.1683,1003.0,0.417539,1,p:2.1.4.1.1.2
U1328,53,FUSE1,388395.6444,388395.6444,393456.0692,5060.4247,5060.4247,1003.0,0.198205,1,p:1.2.3.2.2.1
U1329,53,FUSE1,388511.6444,388511.6444,393841.2692,5329.6247,5329.6247,1003.0,0.188193,1,p:2.3.5.1.2.2
U1330,53,FUSE1,388627.6444,388627.6444,392951.8775,4324.2331,4324.2331,1003.0,0.231949,1,p:1.1.2.2.1.1
U1331,53,FUSE1,388743.6444,388743.6444,394537.2692,5793.6247,5793.6247,1003.0,0.173121,1,p:2.2.1.1.3.2
U1332,53,FUSE2,388859.6444,388859.6444,391944.9924,3085.3479,3085.3479,1035.4,0.335586,1,p:1.3.4.2.3.1
U1333,53,FUSE2,388975.6444,388975.6444,393377.2692,4401.6247,4401.6247,1035.4,0.235231,1,p:2.1.3.1.1.2
U1334,53,FUSE2,389091.6444,389091.6444,395609.3924,6517.7479,6517.7479,1035.4,0.158859,1,p:1.2.5.2.1.1
U1335,53,FUSE2,389207.6444,389207.6444,391264.3444,2056.7,2056.7,1035.4,0.503428,1,p:2.3.2.1.3.2
U1336,53,FUSE2,389323.6444,389323.6444,396076.8761,6753.2317,6753.2317,1035.4,0.153319,1,p:1.1.1.2.2.1
U1337,53,FUSE2,389393.7692,389393.7692,391612.3444,2218.5753,2218.5753,1035.4,0.466696,1,p:2.2.4.1.2.2
U1338,53,FUSE2,389439.6444,389439.6444,393978.8692,4539.2247,4539.2247,1035.4,0.228101,1,p:1.3.3.2.3.1
U1339,53,FUSE2,389509.7692,389509.7692,397008.0761,7498.307,7498.307,1035.4,0.138085,1,p:2.1.5.2.1.1
U3165,127,FUSE0,389555.6444,389555.6444,392407.4775,2851.8331,2851.8331,941.0,0.329963,1,p:1.2.2.1.1.2
U3166,127,FUSE0,389628.9692,389628.9692,397473.6761,7844.707,7844.707,941.0,0.119953,1,p:2.3.1.2.2.1
U3167,127,FUSE0,389671.6444,389671.6444,391728.3444,2056.7,2056.7,941.0,0.457529,1,p:1.1.4.1.3.2
U3168,127,FUSE0,389787.6444,389787.6444,393026.0692,3238.4247,3238.4247,941.0,0.290573,1,p:2.2.3.1.2.2
U3169,127,FUSE0,389803.7692,389803.7692,393067.8775,3264.1083,3264.1083,941.0,0.288287,1,p:1.3.2.2.3.1
U3170,127,FUSE0,389903.6444,389903.6444,396133.8775,6230.2331,6230.2331,941.0,0.151038,1,p:2.1.1.1.1.2
U3171,127,FUSE0,389919.7692,389919.7692,393183.8775,3264.1083,3264.1083,941.0,0.288287,1,p:1.2.4.2.2.1
U3172,127,FUSE1,390019.6444,390019.6444,395117.2692,5097.6247,5097.6247,1003.0,0.196758,1,p:2.3.5.1.3.2
U3173,127,FUSE1,390035.7692,390035.7692,395145.3924,5109.6232,5109.6232,1003.0,0.196296,1,p:1.1.3.2.1.1
U3174,127,FUSE1,390135.6444,390135.6444,392215.7924,2080.1479,2080.1479,1003.0,0.482177,1,p:2.2.2.1.2.2
U3175,127,FUSE1,390196.5692,390196.5692,397357.6761,7161.107,7161.107,1003.0,0.140062,1,p:1.3.1.2.3.1
U3176,127,FUSE1,390251.6444,390251.6444,393142.0692,2890.4247,2890.4247,1003.0,0.347008,1,p:2.1.4.1.1.2
U3177,127,FUSE1,390312.5692,390312.5692,396776.0761,6463.507,6463.507,1003.0,0.155179,1,p:1.2.5.2.2.1
U3178,127,FUSE1,390367.6444,390367.6444,393725.2692,3357.6247,3357.6247,1003.0,0.298723,1,p:2.3.3.1.3.2
U3179,127,FUSE2,390428.5692,390428.5692,394449.3924,4020.8232,4020.8232,1035.4,0.257509,1,p:1.1.2.2.1.1
U3180,127,FUSE2,390483.6444,390483.6444,395901.8775,5418.2331,5418.2331,1035.4,0.191096,1,p:2.2.1.1.2.2
U3181,127,FUSE2,390546.1692,390546.1692,393862.8692,3316.7,3316.7,1035.4,0.312178,1,p:1.3.4.2.3.1
U3182,127,FUSE2,390599.6444,390599.6444,396017.8775,5418.2331,5418.2331,1035.4,0.191096,1,p:2.1.5.1.1.2
U3183,127,FUSE2,390677.7692,390677.7692,395029.3924,4351.6232,4351.6232,1035.4,0.237934,1,p:1.2.3.2.2.1
U3184,127,FUSE2,390715.6444,390715.6444,392910.0692,2194.4247,2194.4247,1035.4,0.471832,1,p:2.3.2.1.3.2
U3185,127,FUSE2,390831.6444,390831.6444,398465.2761,7633.6317,7633.6317,1035.4,0.135637,1,p:1.1.1.2.1.1
U3186,127,FUSE2,390852.5692,390852.5692,394217.3924,3364.8232,3364.8232,1035.4,0.307713,1,p:2.2.4.2.3.1
U6700,268,FUSE0,390947.6444,390947.6444,396945.8775,5998.2331,5998.2331,941.0,0.15688,1,p:1.3.5.1.1.2
U6701,268,FUSE0,391040.1692,391040.1692,394653.2692,3613.1,3613.1,941.0,0.260441,1,p:2.1.3.1.2.2
U6702,268,FUSE0,391063.6444,391063.6444,394333.3924,3269.7479,3269.7479,941.0,0.28779,1,p:1.2.2.2.2.1
U6703,268,FUSE0,391156.1692,391156.1692,396597.8775,5441.7083,5441.7083,941.0,0.172924,1,p:2.3.1.1.3.2
U6704,268,FUSE0,391179.6444,391179.6444,398053.6761,6874.0317,6874.0317,941.0,0.136892,1,p:1.1.5.2.3.1
U6705,268,FUSE0,391272.1692,391272.1692,393261.2692,1989.1,1989.1,941.0,0.473078,1,p:2.2.4.1.2.2
U6706,268,FUSE0,391295.6444,391295.6444,396622.6775,5327.0331,5327.0331,941.0,0.176646,1,p:1.3.3.2.1.1
U6707,268,FUSE0,391388.1692,391388.1692,393957.2692,2569.1,2569.1,941.0,0.366276,1,p:2.1.2.1.1.2
U6708,268,FUSE0,391411.6444,391411.6444,398349.2761,6937.6317,6937.6317,941.0,0.135637,1,p:1.2.1.2.2.1
U6709,268,FUSE1,391527.6444,391527.6444,396249.8775,4722.2331,4722.2331,1003.0,0.2124,1,p:2.3.5.1.2.2
U6710,268,FUSE1,391564.5692,391564.5692,395377.3924,3812.8232,3812.8232,1003.0,0.26306,1,p:1.1.4.2.1.1
U6711,268,FUSE1,391643.6444,391643.6444,394769.2692,3125.6247,3125.6247,1003.0,0.320896,1,p:2.2.3.1.3.2
U6712,268,FUSE1,391739.3692,391739.3692,395261.3924,3522.0232,3522.0232,1003.0,0.284779,1,p:1.3.2.2.3.1
U6713,268,FUSE1,391759.6444,391759.6444,397476.6775,5717.0331,5717.0331,1003.0,0.175441,1,p:2.1.1.1.1.2
U6714,268,FUSE1,391875.6444,391875.6444,398697.2761,6821.6317,6821.6317,1003.0,0.147032,1,p:1.2.5.2.1.1
U6715,268,FUSE1,391976.2924,391976.2924,394189.2692,2212.9768,2212.9768,1003.0,0.453236,1,p:2.3.4.1.3.2
U6716,268,FUSE1,391991.6444,391991.6444,396426.4761,4434.8317,4434.8317,1003.0,0.226164,1,p:1.1.3.2.2.1
U6717,268,FUSE1,392092.2924,392092.2924,394073.2692,1980.9768,1980.9768,1003.0,0.506316,1,p:2.2.2.1.2.2
U6718,268,FUSE2,392131.0924,392131.0924,398813.2761,6682.1838,6682.1838,1035.4,0.154949,1,p:1.3.1.2.3.1
U6719,268,FUSE2,392247.0924,392247.0924,396829.8775,4582.7851,4582.7851,1035.4,0.225932,1,p:2.1.5.1.3.2
U6720,268,FUSE2,392283.9775,392283.9775,395493.3924,3209.4149,3209.4149,1035.4,0.322613,1,p:1.2.4.2.2.1
U6721,268,FUSE2,392399.9775,392399.9775,395553.8775,3153.9,3153.9,1035.4,0.328292,1,p:2.3.3.1.1.2
U6722,268,FUSE2,392438.7775,392438.7775,395841.3924,3402.6149,3402.6149,1035.4,0.304295,1,p:1.1.2.2.1.1
U6723,268,FUSE2,392515.9775,392515.9775,397978.0761,5462.0986,5462.0986,1035.4,0.189561,1,p:2.2.1.1.2.2
U6724,268,FUSE2,392593.3692,392593.3692,398929.2761,6335.907,6335.907,1035.4,0.163418,1,p:1.3.5.2.2.1
U6725,268,FUSE2,392631.9775,392631.9775,395001.2692,2369.2917,2369.2917,1035.4,0.437008,1,p:2.1.4.1.1.2
U6726,268,FUSE2,392709.3692,392709.3692,396892.0761,4182.707,4182.707,1035.4,0.247543,1,p:1.2.3.2.3.1
U6727,268,FUSE2,392747.9775,392747.9775,397241.6761,4493.6986,4493.6986,1035.4,0.230412,1,p:2.3.2.2.1.1
U6072,243,FUSE0,392825.3692,392825.3692,398558.0761,5732.707,5732.707,941.0,0.164146,1,p:1.1.1.1.3.2
U6073,243,FUSE0,392863.9775,392863.9775,398210.0761,5346.0986,5346.0986,941.0,0.176016,1,p:2.2.5.1.1.2
U6074,243,FUSE0,392941.3692,392941.3692,395957.3924,3016.0232,3016.0232,941.0,0.312,1,p:1.3.4.2.3.1
U6075,243,FUSE0,392983.1775,392983.1775,395785.8775,2802.7,2802.7,941.0,0.335748,1,p:2.1.3.1.2.2
U6076,243,FUSE0,393057.3692,393057.3692,399973.2761,6915.907,6915.907,941.0,0.136063,1,p:1.2.1.2.2.1
U6077,243,FUSE0,393099.1775,393099.1775,395246.1924,2147.0149,2147.0149,941.0,0.438283,1,p:2.3.2.1.3.2
U6078,243,FUSE0,393173.3692,393173.3692,399509.2761,6335.907,6335.907,941.0,0.148519,1,p:1.1.5.2.3.1
U6079,243,FUSE0,393215.1775,393215.1775,394885.2692,1670.0917,1670.0917,941.0,0.563442,1,p:2.2.4.1.2.2
U6080,243,FUSE0,393292.5692,393292.5692,397937.6761,4645.107,4645.107,941.0,0.202579,1,p:1.3.3.2.1.1
U6081,243,FUSE1,393331.1775,393331.1775,399627.6692,6296.4917,6296.4917,1003.0,0.159295,1,p:2.1.1.1.1.2
U6082,243,FUSE1,393408.5692,393408.5692,397125.6761,3717.107,3717.107,1003.0,0.269834,1,p:1.2.2.2.2.1
U6083,243,FUSE1,393487.3692,393487.3692,398326.0761,4838.707,4838.707,1003.0,0.207287,1,p:2.3.5.1.2.2
U6084,243,FUSE1,393524.5692,393524.5692,397589.6761,4065.107,4065.107,1003.0,0.246734,1,p:1.1.4.2.1.1
U6085,243,FUSE1,393640.5692,393640.5692,396365.8775,2725.3083,2725.3083,1003.0,0.368032,1,p:2.2.3.1.3.2
U6086,243,FUSE1,393662.1692,393662.1692,400321.2761,6659.107,6659.107,1003.0,0.150621,1,p:1.3.1.2.3.1
U6087,243,FUSE1,393756.5692,393756.5692,396481.8775,2725.3083,2725.3083,1003.0,0.368032,1,p:2.1.2.1.1.2
U6088,243,FUSE1,393778.1692,393778.1692,399625.2761,5847.107,5847.107,1003.0,0.171538,1,p:1.2.5.2.2.1
U6089,243,FUSE1,393872.5692,393872.5692,395669.8775,1797.3083,1797.3083,1003.0,0.558057,1,p:2.3.4.1.3.2
U6090,243,FUSE2,393894.1692,393894.1692,399741.2761,5847.107,5847.107,1035.4,0.177079,1,p:1.1.3.2.1.1
U6091,243,FUSE2,393988.5692,393988.5692,399395.6692,5407.1,5407.1,1035.4,0.191489,1,p:2.2.1.1.2.2
U6092,243,FUSE2,394010.1692,394010.1692,397821.6761,3811.507,3811.507,1035.4,0.271651,1,p:1.3.2.2.3.1
U6093,243,FUSE2,394104.5692,394104.5692,399511.6692,5407.1,5407.1,1035.4,0.191489,1,p:2.1.5.1.1.2
U6094,243,FUSE2,394126.1692,394126.1692,397705.6761,3579.507,3579.507,1035.4,0.289258,1,p:1.2.4.2.2.1
U6095,243,FUSE2,394220.5692,394220.5692,397862.0761,3641.507,3641.507,1035.4,0.284333,1,p:2.3.3.1.3.2
U6096,243,FUSE2,394248.6924,394248.6924,401713.2761,7464.5838,7464.5838,1035.4,0.138708,1,p:1.1.1.2.1.1
U6097,243,FUSE2,394336.5692,394336.5692,398169.6761,3833.107,3833.107,1035.4,0.27012,1,p:2.2.2.2.3.1
U6098,243,FUSE2,394364.6924,394364.6924,400901.2761,6536.5838,6536.5838,1035.4,0.158401,1,p:1.3.5.2.2.1
U2404,97,FUSE0,394452.5692,394452.5692,396713.8775,2261.3083,2261.3083,941.0,0.416131,1,p:2.1.4.1.2.2
U2405,97,FUSE0,394480.6924,394480.6924,397746.0761,3265.3838,3265.3838,941.0,0.288174,1,p:1.2.3.1.1.2
U2406,97,FUSE0,394568.5692,394568.5692,399975.6692,5407.1,5407.1,941.0,0.17403,1,p:2.3.1.1.3.2
U2407,97,FUSE0,394596.6924,394596.6924,399045.2761,4448.5838,4448.5838,941.0,0.211528,1,p:1.1.4.2.1.1
U2408,97,FUSE0,394684.5692,394684.5692,397061.8775,2377.3083,2377.3083,941.0,0.395826,1,p:2.2.2.1.2.2
U2409,97,FUSE0,394712.6924,394712.6924,399161.2761,4448.5838,4448.5838,941.0,0.211528,1,p:1.3.3.2.3.1
U2410,97,FUSE0,394800.5692,394800.5692,400560.4692,5759.9,5759.9,941.0,0.163371,1,p:2.1.5.1.1.2
U2411,97,FUSE0,394828.6924,394828.6924,401597.2761,6768.5838,6768.5838,941.0,0.139025,1,p:1.2.1.2.2.1
U2412,97,FUSE1,394916.5692,394916.5692,397177.8775,2261.3083,2261.3083,1003.0,0.443549,1,p:2.3.4.1.3.2
U2413,97,FUSE1,394944.6924,394944.6924,399393.2761,4448.5838,4448.5838,1003.0,0.225465,1,p:1.1.2.2.1.1
U2414,97,FUSE1,395032.5692,395032.5692,398094.0761,3061.507,3061.507,1003.0,0.327616,1,p:2.2.3.1.2.2
U2415,97,FUSE1,395060.6924,395060.6924,401133.2761,6072.5838,6072.5838,1003.0,0.165169,1,p:1.3.5.2.3.1
U2416,97,FUSE1,395148.5692,395148.5692,401493.8775,6345.3083,6345.3083,1003.0,0.15807,1,p:2.1.1.1.1.2
U2417,97,FUSE1,395176.6924,395176.6924,398581.2761,3404.5838,3404.5838,1003.0,0.294603,1,p:1.2.4.2.2.1
U2418,97,FUSE1,395277.4924,395277.4924,397304.0761,2026.5838,2026.5838,1003.0,0.494922,1,p:2.3.2.1.3.2
U2419,97,FUSE1,395292.6924,395292.6924,400669.2761,5376.5838,5376.5838,1003.0,0.18655,1,p:1.1.3.2.1.1
U2420,97,FUSE2,395408.6924,395408.6924,400444.4692,5035.7768,5035.7768,1035.4,0.205609,1,p:2.2.5.1.2.2
U2421,97,FUSE2,395524.6924,395524.6924,402177.2761,6652.5838,6652.5838,1035.4,0.155639,1,p:1.3.1.2.3.1
U2422,97,FUSE2,395585.1775,395585.1775,398442.0761,2856.8986,2856.8986,1035.4,0.362421,1,p:2.1.4.1.1.2
U2423,97,FUSE2,395640.6924,395640.6924,399277.2761,3636.5838,3636.5838,1035.4,0.284718,1,p:1.2.2.2.2.1
U2424,97,FUSE2,395701.1775,395701.1775,398790.0761,3088.8986,3088.8986,1035.4,0.3352,1,p:2.3.3.1.3.2
U2425,97,FUSE2,395756.6924,395756.6924,402525.2761,6768.5838,6768.5838,1035.4,0.152971,1,p:1.1.5.2.1.1
U2426,97,FUSE2,395817.1775,395817.1775,402641.2761,6824.0986,6824.0986,1035.4,0.151727,1,p:2.2.1.2.3.1
U5479,219,FUSE0,395872.6924,395872.6924,399022.0761,3149.3838,3149.3838,941.0,0.298789,1,p:1.3.4.1.1.2
U5480,219,FUSE0,395933.1775,395933.1775,397630.0761,1696.8986,1696.8986,941.0,0.554541,1,p:2.1.2.1.2.2
U5481,219,FUSE0,395988.6924,395988.6924,400553.2761,4564.5838,4564.5838,941.0,0.206152,1,p:1.2.3.2.2.1
U5482,219,FUSE0,396049.1775,396049.1775,400676.4692,4627.2917,4627.2917,941.0,0.203359,1,p:2.3.5.1.3.2
U5483,219,FUSE0,396108.1761,396108.1761,399857.2761,3749.1,3749.1,941.0,0.250994,1,p:1.1.4.2.3.1
U5484,219,FUSE0,396165.1775,396165.1775,401841.8775,5676.7,5676.7,941.0,0.165765,1,p:2.2.1.1.2.2
U5485,219,FUSE0,396281.1775,396281.1775,400089.2761,3808.0986,3808.0986,941.0,0.247105,1,p:1.3.2.2.1.1
U5486,219,FUSE0,396304.3775,396304.3775,400323.6692,4019.2917,4019.2917,941.0,0.234121,1,p:2.1.3.1.1.2
U5487,219,FUSE0,396397.1775,396397.1775,402293.2761,5896.0986,5896.0986,941.0,0.159597,1,p:1.2.5.2.2.1
U5488,219,FUSE1,396457.7761,396457.7761,398906.0761,2448.3,2448.3,1003.0,0.409672,1,p:2.3.4.1.2.2
U5489,219,FUSE1,396513.1775,396513.1775,404033.2761,7520.0986,7520.0986,1003.0,0.133376,1,p:1.1.1.2.1.1
U5490,219,FUSE1,396629.1775,396629.1775,398674.0761,2044.8986,2044.8986,1003.0,0.490489,1,p:2.2.2.1.3.2
U5491,219,FUSE1,396653.9775,396653.9775,400785.2761,4131.2986,4131.2986,1003.0,0.242781,1,p:1.3.3.2.3.1
U5492,219,FUSE1,396745.1775,396745.1775,402189.8775,5444.7,5444.7,1003.0,0.184216,1,p:2.1.5.1.1.2
U5493,219,FUSE1,396807.3761,396807.3761,401017.2761,4209.9,4209.9,1003.0,0.238248,1,p:1.2.4.2.1.1
U5494,219,FUSE1,396861.1775,396861.1775,402537.8775,5676.7,5676.7,1003.0,0.176687,1,p:2.3.1.1.3.2
U5495,219,FUSE1,396923.3761,396923.3761,400205.2761,3281.9,3281.9,1003.0,0.305616,1,p:1.1.2.2.2.1
U5496,219,FUSE2,396977.1775,396977.1775,400207.6692,3230.4917,3230.4917,1035.4,0.320508,1,p:2.2.3.1.2.2
U5497,219,FUSE2,397039.3761,397039.3761,402873.2761,5833.9,5833.9,1035.4,0.17748,1,p:1.3.5.2.3.1
U5498,219,FUSE2,397093.1775,397093.1775,399226.8761,2133.6986,2133.6986,1035.4,0.485261,1,p:2.1.4.1.3.2
U5499,219,FUSE2,397156.9761,397156.9761,403685.2761,6528.3,6528.3,1035.4,0.158602,1,p:1.2.1.2.2.1
U5500,219,FUSE2,397209.1775,397209.1775,400091.6692,2882.4917,2882.4917,1035.4,0.359203,1,p:2.3.2.1.1.2
U5501,219,FUSE2,397272.9761,397272.9761,402409.2761,5136.3,5136.3,1035.4,0.201585,1,p:1.1.3.2.1.1
U5502,219,FUSE2,397335.3761,397335.3761,402073.8775,4738.5014,4738.5014,1035.4,0.218508,1,p:2.2.5.1.2.2
U5503,219,FUSE2,397388.9761,397388.9761,401249.2761,3860.3,3860.3,1035.4,0.268217,1,p:1.3.4.2.2.1
U5504,219,FUSE2,397504.9761,397504.9761,403001.8775,5496.9014,5496.9014,1035.4,0.188361,1,p:2.1.1.1.3.2
U308,13,FUSE0,397507.9775,397507.9775,400437.2761,2929.2986,2929.2986,941.0,0.321237,1,p:1.2.2.2.3.1
U309,13,FUSE0,397620.9761,397620.9761,401145.8775,3524.9014,3524.9014,941.0,0.266958,1,p:2.3.3.1.1.2
U310,13,FUSE0,397661.3761,397661.3761,404149.2761,6487.9,6487.9,941.0,0.145039,1,p:1.1.5.2.1.1
U311,13,FUSE0,397736.9761,397736.9761,399859.6692,2122.693,2122.693,941.0,0.443305,1,p:2.2.2.1.2.2
E278,363,FUSE0,397777.3761,397777.3761,399743.6692,1966.293,1966.293,941.0,0.478565,1,p:1.3.4.1.3.2
E279,363,FUSE0,397852.9761,397852.9761,402989.2761,5136.3,5136.3,941.0,0.183206,1,p:2.1.1.1.2.1
E280,363,FUSE0,397893.3761,397893.3761,401829.2761,3935.9,3935.9,941.0,0.239081,1,p:1.2.3.2.3.1
E281,363,FUSE0,397968.9761,397968.9761,404056.4692,6087.493,6087.493,941.0,0.154579,1,p:2.3.5.2.1.2
E282,363,FUSE0,398009.3761,398009.3761,401029.8775,3020.5014,3020.5014,941.0,0.311538,1,p:1.1.2.2.2.2
E283,363,FUSE0,398084.9761,398084.9761,401261.8775,3176.9014,3176.9014,941.0,0.296201,1,p:2.2.4.2.3.2
E284,363,FUSE0,398125.3761,398125.3761,404961.2761,6835.9,6835.9,941.0,0.137656,1,p:1.3.1.2.1.1
E285,363,FUSE0,398200.9761,398200.9761,400913.8775,2712.9014,2712.9014,941.0,0.346861,1,p:2.1.3.1.3.2
E286,363,FUSE0,398241.3761,398241.3761,401377.8775,3136.5014,3136.5014,941.0,0.300016,1,p:1.2.2.2.2.2
E287,363,FUSE1,398357.3761,398357.3761,400797.8775,2440.5014,2440.5014,1003.0,0.410981,1,p:2.1.4.1.1.2
E288,363,FUSE1,398380.5761,398380.5761,403337.2761,4956.7,4956.7,1003.0,0.202352,1,p:1.3.5.1.1.1
E289,363,FUSE1,398473.3761,398473.3761,404404.4692,5931.093,5931.093,1003.0,0.169109,1,p:2.2.1.2.3.2
E290,363,FUSE1,398496.5761,398496.5761,401365.2761,2868.7,2868.7,1003.0,0.349636,1,p:1.1.2.1.1.1
E291,363,FUSE1,398589.3761,398589.3761,403105.2761,4515.9,4515.9,1003.0,0.222104,1,p:2.3.3.2.1.1
E292,363,FUSE1,398612.5761,398612.5761,401609.8775,2997.3014,2997.3014,1003.0,0.334634,1,p:1.2.4.2.3.2
E293,363,FUSE1,398705.3761,398705.3761,403822.8692,5117.493,5117.493,1003.0,0.195994,1,p:2.1.5.2.2.2
E294,363,FUSE1,398728.5761,398728.5761,405773.2761,7044.7,7044.7,1003.0,0.142377,1,p:1.3.1.2.1.1
E295,363,FUSE1,398821.3761,398821.3761,401957.8775,3136.5014,3136.5014,1003.0,0.319783,1,p:2.2.2.1.1.2
E296,363,FUSE1,398844.5761,398844.5761,402757.2761,3912.7,3912.7,1003.0,0.256345,1,p:1.1.3.2.2.1
E297,363,FUSE1,398937.3761,398937.3761,402885.8775,3948.5014,3948.5014,1003.0,0.25402,1,p:2.3.4.2.1.2
E298,363,FUSE2,398960.5761,398960.5761,403221.2761,4260.7,4260.7,1035.4,0.243012,1,p:1.2.5.1.2.1
E299,363,FUSE2,399053.3761,399053.3761,405309.2761,6255.9,6255.9,1035.4,0.165508,1,p:2.1.1.1.1.1
E300,363,FUSE2,399076.5761,399076.5761,402061.2761,2984.7,2984.7,1035.4,0.346903,1,p:1.3.2.1.1.1
E301,363,FUSE2,399192.5761,399192.5761,401945.2761,2752.7,2752.7,1035.4,0.37614,1,p:2.2.3.1.3.1
E302,363,FUSE2,399258.1761,399258.1761,401481.2761,2223.1,2223.1,1035.4,0.465746,1,p:1.1.4.1.3.1
E303,363,FUSE2,399308.5761,399308.5761,405448.4692,6139.893,6139.893,1035.4,0.168635,1,p:2.3.1.2.3.2
E304,363,FUSE2,399424.5761,399424.5761,403590.8692,4166.293,4166.293,1035.4,0.248518,1,p:1.2.5.1.2.2
E305,363,FUSE2,399426.9692,399426.9692,401725.8775,2298.9083,2298.9083,1035.4,0.450388,1,p:2.1.2.1.2.2
U312,13,FUSE0,399540.5761,399540.5761,403917.2761,4376.7,4376.7,941.0,0.215002,1,p:1.3.3.2.3.1
U313,13,FUSE0,399542.9692,399542.9692,402769.8775,3226.9083,3226.9083,941.0,0.29161,1,p:2.1.4.1.1.2
U314,13,FUSE0,399656.5761,399656.5761,405889.2761,6232.7,6232.7,941.0,0.150978,1,p:1.2.1.2.2.1
U315,13,FUSE0,399658.9692,399658.9692,403706.8692,4047.9,4047.9,941.0,0.232466,1,p:2.3.5.1.3.2
U316,13,FUSE1,399772.5761,399772.5761,403801.2761,4028.7,4028.7,1003.0,0.248964,1,p:1.1.2.2.1.1
U317,13,FUSE1,399774.9692,399774.9692,402653.8775,2878.9083,2878.9083,1003.0,0.348396,1,p:2.2.3.1.2.2
U318,13,FUSE1,399888.5761,399888.5761,403453.2761,3564.7,3564.7,1003.0,0.28137,1,p:1.3.4.2.3.1
U319,13,FUSE1,399890.9692,399890.9692,406028.4692,6137.5,6137.5,1003.0,0.163422,1,p:2.1.1.1.1.2
U320,13,FUSE1,400004.5761,400004.5761,405425.2761,5420.7,5420.7,1003.0,0.185031,1,p:1.2.5.2.2.1
U321,13,FUSE1,400006.9692,400006.9692,402305.8775,2298.9083,2298.9083,1003.0,0.436294,1,p:2.3.2.1.3.2
U322,13,FUSE1,400120.5761,400120.5761,404845.2761,4724.7,4724.7,1003.0,0.212289,1,p:1.1.3.2.1.1
U323,13,FUSE2,400122.9692,400122.9692,402421.8775,2298.9083,2298.9083,1035.4,0.450388,1,p:2.2.4.1.2.2
U324,13,FUSE2,400236.5761,400236.5761,406469.2761,6232.7,6232.7,1035.4,0.166124,1,p:1.3.1.2.3.1
U325,13,FUSE2,400238.9692,400238.9692,405796.4692,5557.5,5557.5,1035.4,0.186307,1,p:2.1.5.1.1.2
U326,13,FUSE2,400352.5761,400352.5761,403569.2761,3216.7,3216.7,1035.4,0.321883,1,p:1.2.2.2.2.1
U327,13,FUSE2,400354.9692,400354.9692,403465.8775,3110.9083,3110.9083,1035.4,0.332829,1,p:2.3.3.1.3.2
U328,13,FUSE2,400468.5761,400468.5761,404613.2761,4144.7,4144.7,1035.4,0.249813,1,p:1.1.4.2.1.1
U329,13,FUSE2,400475.7692,400475.7692,405564.4692,5088.7,5088.7,1035.4,0.20347,1,p:2.2.1.1.2.2
U330,13,FUSE2,400584.5761,400584.5761,406005.2761,5420.7,5420.7,1035.4,0.191009,1,p:1.3.5.2.3.1
U3187,128,FUSE0,400591.7692,400591.7692,403349.8775,2758.1083,2758.1083,941.0,0.341176,1,p:2.1.2.1.1.2
U3188,128,FUSE0,400700.5761,400700.5761,404497.2761,3796.7,3796.7,941.0,0.247847,1,p:1.2.3.2.2.1
U3189,128,FUSE0,400707.7692,400707.7692,403233.8775,2526.1083,2526.1083,941.0,0.37251,1,p:2.3.4.1.3.2
U3190,128,FUSE0,400816.5761,400816.5761,408093.2761,7276.7,7276.7,941.0,0.129317,1,p:1.1.1.2.1.1
U3191,128,FUSE0,400829.1775,400829.1775,405100.4692,4271.2917,4271.2917,941.0,0.220308,1,p:2.2.5.1.2.2
U3192,128,FUSE0,400932.5761,400932.5761,404265.2761,3332.7,3332.7,941.0,0.282354,1,p:1.3.2.2.3.1
U3193,128,FUSE0,400945.1775,400945.1775,404636.4692,3691.2917,3691.2917,941.0,0.254924,1,p:2.1.3.1.1.2
U3194,128,FUSE0,401048.5761,401048.5761,404381.2761,3332.7,3332.7,941.0,0.282354,1,p:1.2.4.2.2.1
U3195,128,FUSE1,401061.1775,401061.1775,406376.4692,5315.2917,5315.2917,1003.0,0.188701,1,p:2.3.1.1.3.2
U3196,128,FUSE1,401164.5761,401164.5761,407281.2761,6116.7,6116.7,1003.0,0.163977,1,p:1.1.5.2.1.1
U3197,128,FUSE1,401177.1775,401177.1775,403117.8775,1940.7,1940.7,1003.0,0.516824,1,p:2.2.2.1.2.2
U3198,128,FUSE1,401280.5761,401280.5761,405077.2761,3796.7,3796.7,1003.0,0.264177,1,p:1.3.3.2.3.1
U3199,128,FUSE1,401293.1775,401293.1775,404288.4692,2995.2917,2995.2917,1003.0,0.334859,1,p:2.1.4.1.1.2
U3200,128,FUSE1,401396.5761,401396.5761,407745.2761,6348.7,6348.7,1003.0,0.157985,1,p:1.2.1.2.2.1
U3201,128,FUSE1,401409.1775,401409.1775,405680.4692,4271.2917,4271.2917,1003.0,0.234824,1,p:2.3.5.1.3.2
U3202,128,FUSE1,401512.5761,401512.5761,405541.2761,4028.7,4028.7,1003.0,0.248964,1,p:1.1.2.2.1.1
U3203,128,FUSE2,401525.1775,401525.1775,404520.4692,2995.2917,2995.2917,1035.4,0.345676,1,p:2.2.3.1.2.2
U3204,128,FUSE2,401628.5761,401628.5761,404729.2761,3100.7,3100.7,1035.4,0.333925,1,p:1.3.4.2.3.1
U3205,128,FUSE2,401641.1775,401641.1775,407615.0775,5973.9,5973.9,1035.4,0.173321,1,p:2.1.1.1.1.2
U3206,128,FUSE2,401744.5761,401744.5761,407165.2761,5420.7,5420.7,1035.4,0.191009,1,p:1.2.5.2.2.1
U3207,128,FUSE2,401757.1775,401757.1775,404172.4692,2415.2917,2415.2917,1035.4,0.428685,1,p:2.3.2.1.3.2
U3208,128,FUSE2,401860.5761,401860.5761,406701.2761,4840.7,4840.7,1035.4,0.213895,1,p:1.1.3.2.1.1
U3209,128,FUSE2,401873.1775,401873.1775,403940.4692,2067.2917,2067.2917,1035.4,0.500849,1,p:2.2.4.1.2.2
U3210,128,FUSE2,401976.5761,401976.5761,408427.0775,6450.5014,6450.5014,1035.4,0.160515,1,p:1.3.1.1.1.2
U8198,328,FUSE0,401989.1775,401989.1775,407513.2761,5524.0986,5524.0986,941.0,0.170345,1,p:2.1.5.2.3.1
U8199,328,FUSE0,402092.5761,402092.5761,405193.2761,3100.7,3100.7,941.0,0.30348,1,p:1.2.2.2.2.1
U8200,328,FUSE0,402105.1775,402105.1775,404984.4692,2879.2917,2879.2917,941.0,0.326816,1,p:2.3.3.1.3.2
U8201,328,FUSE0,402208.5761,402208.5761,406353.2761,4144.7,4144.7,941.0,0.227037,1,p:1.1.4.2.1.1
U8202,328,FUSE0,402221.1775,402221.1775,406724.4692,4503.2917,4503.2917,941.0,0.208958,1,p:2.2.5.1.2.2
U8203,328,FUSE0,402324.5761,402324.5761,408557.2761,6232.7,6232.7,941.0,0.150978,1,p:1.3.1.2.3.1
U8204,328,FUSE0,402337.1775,402337.1775,405332.4692,2995.2917,2995.2917,941.0,0.31416,1,p:2.1.2.1.1.2
U8205,328,FUSE0,402440.5761,402440.5761,406237.2761,3796.7,3796.7,941.0,0.247847,1,p:1.2.3.2.2.1
U8206,328,FUSE0,402453.1775,402453.1775,404752.4692,2299.2917,2299.2917,941.0,0.409256,1,p:2.3.4.1.3.2
U8207,328,FUSE1,402556.5761,402556.5761,408905.2761,6348.7,6348.7,1003.0,0.157985,1,p:1.1.5.2.1.1
U8208,328,FUSE1,402569.1775,402569.1775,407731.0775,5161.9,5161.9,1003.0,0.194308,1,p:2.2.1.1.2.2
U8209,328,FUSE1,402672.5761,402672.5761,405657.2761,2984.7,2984.7,1003.0,0.336047,1,p:1.3.2.2.3.1
U8210,328,FUSE1,402685.1775,402685.1775,406608.4692,3923.2917,3923.2917,1003.0,0.255653,1,p:2.1.3.1.1.2
U8211,328,FUSE1,402788.5761,402788.5761,406121.2761,3332.7,3332.7,1003.0,0.300957,1,p:1.2.4.2.2.1
U8212,328,FUSE1,402801.1775,402801.1775,407188.4692,4387.2917,4387.2917,1003.0,0.228615,1,p:2.3.5.1.3.2
U8213,328,FUSE1,402904.5761,402904.5761,409907.4775,7002.9014,7002.9014,1003.0,0.143226,1,p:1.1.1.2.1.1
U8214,328,FUSE1,402917.1775,402917.1775,404868.4692,1951.2917,1951.2917,1003.0,0.514018,1,p:2.2.2.1.2.2
U8215,328,FUSE1,403020.5761,403020.5761,406817.2761,3796.7,3796.7,1003.0,0.264177,1,p:1.3.3.2.3.1
U8216,328,FUSE2,403033.1775,403033.1775,406260.4692,3227.2917,3227.2917,1035.4,0.320826,1,p:2.1.4.1.1.2
U8217,328,FUSE2,403136.5761,403136.5761,408441.2761,5304.7,5304.7,1035.4,0.195185,1,p:1.2.5.2.2.1
U8218,328,FUSE2,403149.1775,403149.1775,408311.0775,5161.9,5161.9,1035.4,0.200585,1,p:2.3.1.1.3.2
U8219,328,FUSE2,403252.5761,403252.5761,407049.2761,3796.7,3796.7,1035.4,0.272711,1,p:1.1.2.2.1.1
U8220,328,FUSE2,403265.1775,403265.1775,405912.4692,2647.2917,2647.2917,1035.4,0.391117,1,p:2.2.3.1.2.2
U8221,328,FUSE2,403368.5761,403368.5761,406585.2761,3216.7,3216.7,1035.4,0.321883,1,p:1.3.4.2.3.1
U8222,328,FUSE2,403381.1775,403381.1775,408891.0775,5509.9,5509.9,1035.4,0.187916,1,p:2.1.5.1.1.2
U8223,328,FUSE2,403484.5761,403484.5761,410023.4775,6538.9014,6538.9014,1035.4,0.158345,1,p:1.2.1.2.2.1
U8224,328,FUSE2,403497.1775,403497.1775,405216.4692,1719.2917,1719.2917,1035.4,0.602225,1,p:2.3.2.1.3.2
U8225,328,FUSE2,403600.5761,403600.5761,406492.4692,2891.893,2891.893,1035.4,0.358035,1,p:1.1.3.1.2.2
U5804,232,FUSE0,403622.1692,403622.1692,407629.2761,4007.107,4007.107,941.0,0.234833,1,p:2.2.4.2.1.1
U5805,232,FUSE0,403716.5761,403716.5761,409253.2761,5536.7,5536.7,941.0,0.169957,1,p:1.3.5.2.3.1
U5806,232,FUSE0,403738.1692,403738.1692,409935.0775,6196.9083,6196.9083,941.0,0.15185,1,p:2.1.1.1.1.2
U5807,232,FUSE0,403832.5761,403832.5761,406933.2761,3100.7,3100.7,941.0,0.30348,1,p:1.2.2.2.2.1
U5808,232,FUSE0,403854.1692,403854.1692,406144.4692,2290.3,2290.3,941.0,0.410863,1,p:2.3.4.1.3.2
U5809,232,FUSE0,403948.5761,403948.5761,408673.2761,4724.7,4724.7,941.0,0.199166,1,p:1.1.3.2.1.1
U5810,232,FUSE0,403971.7692,403971.7692,408195.0775,4223.3083,4223.3083,941.0,0.222811,1,p:2.2.5.1.2.2
U5811,232,FUSE0,404064.5761,404064.5761,410371.4775,6306.9014,6306.9014,941.0,0.149202,1,p:1.3.1.2.3.1
U5812,232,FUSE0,404087.7692,404087.7692,406956.4692,2868.7,2868.7,941.0,0.328023,1,p:2.1.2.1.1.2
U5813,232,FUSE1,404180.5761,404180.5761,407397.2761,3216.7,3216.7,1003.0,0.31181,1,p:1.2.4.2.2.1
U5814,232,FUSE1,404203.7692,404203.7692,407072.4692,2868.7,2868.7,1003.0,0.349636,1,p:2.3.3.1.3.2
U5815,232,FUSE1,404296.5761,404296.5761,410719.4775,6422.9014,6422.9014,1003.0,0.15616,1,p:1.1.5.2.1.1
U5816,232,FUSE1,404319.7692,404319.7692,409587.0775,5267.3083,5267.3083,1003.0,0.19042,1,p:2.2.1.1.2.2
U5817,232,FUSE1,404412.5761,404412.5761,407861.2761,3448.7,3448.7,1003.0,0.290834,1,p:1.3.2.2.3.1
U5818,232,FUSE1,404435.7692,404435.7692,407304.4692,2868.7,2868.7,1003.0,0.349636,1,p:2.1.4.1.1.2
U5819,232,FUSE1,404528.5761,404528.5761,408209.2761,3680.7,3680.7,1003.0,0.272503,1,p:1.2.3.2.2.1
U5820,232,FUSE1,404551.7692,404551.7692,409007.0775,4455.3083,4455.3083,1003.0,0.225125,1,p:2.3.5.1.3.2
U5821,232,FUSE1,404644.5761,404644.5761,411299.4775,6654.9014,6654.9014,1003.0,0.150716,1,p:1.1.1.2.1.1
U5822,232,FUSE2,404667.7692,404667.7692,406840.4692,2172.7,2172.7,1035.4,0.47655,1,p:2.2.2.1.2.2
U5823,232,FUSE2,404760.5761,404760.5761,407977.2761,3216.7,3216.7,1035.4,0.321883,1,p:1.3.4.2.3.1
U5824,232,FUSE2,404783.7692,404783.7692,408543.0775,3759.3083,3759.3083,1035.4,0.275423,1,p:2.1.3.1.1.2
U5825,232,FUSE2,404876.5761,404876.5761,410603.4775,5726.9014,5726.9014,1035.4,0.180796,1,p:1.2.5.2.2.1
U5826,232,FUSE2,404899.7692,404899.7692,410167.0775,5267.3083,5267.3083,1035.4,0.196571,1,p:2.3.1.1.3.2
U5827,232,FUSE2,404992.5761,404992.5761,409369.2761,4376.7,4376.7,1035.4,0.236571,1,p:1.1.2.2.1.1
U5828,232,FUSE2,405015.7692,405015.7692,407963.0775,2947.3083,2947.3083,1035.4,0.351304,1,p:2.2.4.1.1.2
U5829,232,FUSE2,405108.5761,405108.5761,409021.2761,3912.7,3912.7,1035.4,0.264625,1,p:1.3.3.2.3.1
U5830,232,FUSE2,405131.7692,405131.7692,410951.4775,5819.7083,5819.7083,1035.4,0.177913,1,p:2.1.5.2.2.1
U4889,195,FUSE0,405224.5761,405224.5761,411095.0775,5870.5014,5870.5014,941.0,0.160293,1,p:1.2.1.1.2.2
U4890,195,FUSE0,405247.7692,405247.7692,407420.4692,2172.7,2172.7,941.0,0.433102,1,p:2.3.2.1.3.2
U4891,195,FUSE0,405340.5761,405340.5761,408325.2761,2984.7,2984.7,941.0,0.315275,1,p:1.1.4.2.3.1
U4892,195,FUSE0,405363.7692,405363.7692,408079.0775,2715.3083,2715.3083,941.0,0.346554,1,p:2.2.3.1.2.2
U4893,195,FUSE0,405456.5761,405456.5761,412471.6692,7015.093,7015.093,941.0,0.134139,1,p:1.3.1.2.1.1
U4894,195,FUSE0,405479.7692,405479.7692,410631.0775,5151.3083,5151.3083,941.0,0.182672,1,p:2.1.5.1.1.2
U4895,195,FUSE0,405572.5761,405572.5761,408789.2761,3216.7,3216.7,941.0,0.292536,1,p:1.2.2.2.2.1
U4896,195,FUSE0,405595.7692,405595.7692,407847.0775,2251.3083,2251.3083,941.0,0.417979,1,p:2.3.4.1.3.2
U4897,195,FUSE0,405688.5761,405688.5761,410487.4775,4798.9014,4798.9014,941.0,0.196087,1,p:1.1.3.2.1.1
U4898,195,FUSE1,405711.7692,405711.7692,411675.0775,5963.3083,5963.3083,1003.0,0.168195,1,p:2.2.1.1.2.2
U4899,195,FUSE1,405804.5761,405804.5761,411067.4775,5262.9014,5262.9014,1003.0,0.190579,1,p:1.3.5.2.3.1
U4900,195,FUSE1,405827.7692,405827.7692,409239.0775,3411.3083,3411.3083,1003.0,0.294022,1,p:2.1.2.1.1.2
U4901,195,FUSE1,405920.5761,405920.5761,409137.2761,3216.7,3216.7,1003.0,0.31181,1,p:1.2.4.2.2.1
U4902,195,FUSE1,405943.7692,405943.7692,408775.0775,2831.3083,2831.3083,1003.0,0.354253,1,p:2.3.3.1.3.2
U4903,195,FUSE1,406036.5761,406036.5761,413515.6692,7479.093,7479.093,1003.0,0.134107,1,p:1.1.1.2.1.1
U4904,195,FUSE1,406059.7692,406059.7692,410747.0775,4687.3083,4687.3083,1003.0,0.213982,1,p:2.2.5.1.2.2
U4905,195,FUSE1,406152.5761,406152.5761,409485.2761,3332.7,3332.7,1003.0,0.300957,1,p:1.3.2.2.3.1
U4906,195,FUSE1,406175.7692,406175.7692,409471.0775,3295.3083,3295.3083,1003.0,0.304372,1,p:2.1.4.1.1.2
U4907,195,FUSE2,406268.5761,406268.5761,410255.4775,3986.9014,3986.9014,1035.4,0.2597,1,p:1.2.3.2.2.1
U4908,195,FUSE2,406291.7692,406291.7692,411791.0775,5499.3083,5499.3083,1035.4,0.188278,1,p:2.3.1.1.3.2
U4909,195,FUSE2,406384.5761,406384.5761,412239.6692,5855.093,5855.093,1035.4,0.176837,1,p:1.1.5.2.1.1
U4910,195,FUSE2,406407.7692,406407.7692,408659.0775,2251.3083,2251.3083,1035.4,0.45991,1,p:2.2.2.1.2.2
U4911,195,FUSE2,406500.5761,406500.5761,409717.2761,3216.7,3216.7,1035.4,0.321883,1,p:1.3.4.2.3.1
U4912,195,FUSE2,406523.7692,406523.7692,410283.0775,3759.3083,3759.3083,1035.4,0.275423,1,p:2.1.3.1.1.2
U4913,195,FUSE2,406616.5761,406616.5761,412023.0775,5406.5014,5406.5014,1035.4,0.19151,1,p:1.2.1.1.3.2
U4914,195,FUSE2,406639.7692,406639.7692,413167.6692,6527.9,6527.9,1035.4,0.158611,1,p:2.3.5.2.1.1
U5432,217,FUSE0,406732.5761,406732.5761,409601.2761,2868.7,2868.7,941.0,0.328023,1,p:1.1.2.2.2.1
U5433,217,FUSE0,406755.7692,406755.7692,409123.0775,2367.3083,2367.3083,941.0,0.397498,1,p:2.2.4.1.2.2
U5434,217,FUSE0,406848.5761,406848.5761,410835.4775,3986.9014,3986.9014,941.0,0.236023,1,p:1.3.3.2.3.1
U5435,217,FUSE0,406871.7692,406871.7692,409819.0775,2947.3083,2947.3083,941.0,0.319274,1,p:2.1.2.1.1.2
U5436,217,FUSE0,406964.5761,406964.5761,413631.6692,6667.093,6667.093,941.0,0.141141,1,p:1.2.1.2.2.1
U5437,217,FUSE0,406987.7692,406987.7692,411443.0775,4455.3083,4455.3083,941.0,0.211209,1,p:2.3.5.1.3.2
U5438,217,FUSE0,407080.5761,407080.5761,411183.4775,4102.9014,4102.9014,941.0,0.22935,1,p:1.1.4.2.1.1
U5439,217,FUSE0,407103.7692,407103.7692,410051.0775,2947.3083,2947.3083,941.0,0.319274,1,p:2.2.3.1.2.2
U5440,217,FUSE1,407196.5761,407196.5761,410139.4775,2942.9014,2942.9014,1003.0,0.34082,1,p:1.3.2.2.3.1
U5441,217,FUSE1,407219.7692,407219.7692,413763.0775,6543.3083,6543.3083,1003.0,0.153286,1,p:2.1.1.1.1.2
U5442,217,FUSE1,407312.5761,407312.5761,412703.6692,5391.093,5391.093,1003.0,0.186048,1,p:1.2.5.2.2.1
U5443,217,FUSE1,407335.7692,407335.7692,409703.0775,2367.3083,2367.3083,1003.0,0.423688,1,p:2.3.4.1.3.2
U5444,217,FUSE1,407428.5761,407428.5761,411763.4775,4334.9014,4334.9014,1003.0,0.231378,1,p:1.1.3.2.1.1
U5445,217,FUSE1,407451.7692,407451.7692,409355.0775,1903.3083,1903.3083,1003.0,0.526977,1,p:2.2.2.1.2.2
U5446,217,FUSE1,407544.5761,407544.5761,413979.6692,6435.093,6435.093,1003.0,0.155864,1,p:1.3.1.2.3.1
U5447,217,FUSE1,407646.3775,407646.3775,412719.0775,5072.7,5072.7,1003.0,0.197725,1,p:2.1.5.1.1.2
U5448,217,FUSE2,407660.5761,407660.5761,411415.4775,3754.9014,3754.9014,1035.4,0.275746,1,p:1.2.4.2.2.1
U5449,217,FUSE2,407762.3775,407762.3775,410399.0775,2636.7,2636.7,1035.4,0.392688,1,p:2.3.3.1.3.2
U5450,217,FUSE2,407776.5761,407776.5761,411647.4775,3870.9014,3870.9014,1035.4,0.267483,1,p:1.1.2.2.1.1
U5451,217,FUSE2,407878.3775,407878.3775,413531.0775,5652.7,5652.7,1035.4,0.183169,1,p:2.2.1.1.2.2
U5452,217,FUSE2,407892.5761,407892.5761,413051.6692,5159.093,5159.093,1035.4,0.200694,1,p:1.3.5.2.3.1
U5453,217,FUSE2,407994.3775,407994.3775,410979.0775,2984.7,2984.7,1035.4,0.346903,1,p:2.1.4.1.1.2
U5454,217,FUSE2,408008.5761,408008.5761,411879.4775,3870.9014,3870.9014,1035.4,0.267483,1,p:1.2.3.2.2.1
U5455,217,FUSE2,408110.3775,408110.3775,410515.0775,2404.7,2404.7,1035.4,0.430573,1,p:2.3.2.1.2.2
U3636,146,FUSE0,408124.5761,408124.5761,413299.0775,5174.5014,5174.5014,941.0,0.181853,1,p:1.1.1.1.3.2
U3637,146,FUSE0,408226.3775,408226.3775,414559.6692,6333.2917,6333.2917,941.0,0.14858,1,p:2.2.5.2.1.1
U3638,146,FUSE0,408240.5761,408240.5761,411531.4775,3290.9014,3290.9014,941.0,0.28594,1,p:1.3.4.2.3.1
U3639,146,FUSE0,408342.3775,408342.3775,411559.0775,3216.7,3216.7,941.0,0.292536,1,p:2.1.3.1.1.2
U3640,146,FUSE0,408356.5761,408356.5761,415023.6692,6667.093,6667.093,941.0,0.141141,1,p:1.2.1.2.2.1
U3641,146,FUSE0,408458.3775,408458.3775,412603.0775,4144.7,4144.7,941.0,0.227037,1,p:2.3.5.1.3.2
U3642,146,FUSE0,408472.5761,408472.5761,412005.0775,3532.5014,3532.5014,941.0,0.266383,1,p:1.1.2.2.1.1
U3643,146,FUSE0,408574.3775,408574.3775,411327.0775,2752.7,2752.7,941.0,0.341846,1,p:2.2.4.1.2.2
U3644,146,FUSE0,408588.5761,408588.5761,412123.6692,3535.093,3535.093,941.0,0.266188,1,p:1.3.3.2.3.1
U3645,146,FUSE1,408690.3775,408690.3775,414615.3924,5925.0149,5925.0149,1003.0,0.169282,1,p:2.1.1.1.1.2
U3646,146,FUSE1,408704.5761,408704.5761,414327.6692,5623.093,5623.093,1003.0,0.178372,1,p:1.2.5.2.2.1
U3647,146,FUSE1,408806.3775,408806.3775,410863.0775,2056.7,2056.7,1003.0,0.487674,1,p:2.3.2.1.3.2
U3648,146,FUSE1,408820.5761,408820.5761,412935.6692,4115.093,4115.093,1003.0,0.243737,1,p:1.1.4.2.1.1
U3649,146,FUSE1,408922.3775,408922.3775,411907.0775,2984.7,2984.7,1003.0,0.336047,1,p:2.2.3.1.2.2
U3650,146,FUSE1,408936.5761,408936.5761,415267.4775,6330.9014,6330.9014,1003.0,0.158429,1,p:1.3.1.2.3.1
U3651,146,FUSE1,409038.3775,409038.3775,414111.0775,5072.7,5072.7,1003.0,0.197725,1,p:2.1.5.1.1.2
U3652,146,FUSE1,409052.5761,409052.5761,412355.6692,3303.093,3303.093,1003.0,0.303655,1,p:1.2.2.2.2.1
U3653,146,FUSE1,409154.3775,409154.3775,411211.0775,2056.7,2056.7,1003.0,0.487674,1,p:2.3.4.1.3.2
U3654,146,FUSE2,409168.5761,409168.5761,413863.6692,4695.093,4695.093,1035.4,0.220528,1,p:1.1.3.2.1.1
U3655,146,FUSE2,409270.3775,409270.3775,414847.3924,5577.0149,5577.0149,1035.4,0.185655,1,p:2.2.1.1.2.2
U3656,146,FUSE2,409284.5761,409284.5761,414791.6692,5507.093,5507.093,1035.4,0.188012,1,p:1.3.5.2.3.1
U3657,146,FUSE2,409386.3775,409386.3775,412139.0775,2752.7,2752.7,1035.4,0.37614,1,p:2.1.2.1.1.2
U3658,146,FUSE2,409400.5761,409400.5761,412587.6692,3187.093,3187.093,1035.4,0.324873,1,p:1.2.4.2.2.1
U3659,146,FUSE2,409502.3775,409502.3775,412255.0775,2752.7,2752.7,1035.4,0.37614,1,p:2.3.3.1.3.2
U3660,146,FUSE2,409516.5761,409516.5761,416777.0775,7260.5014,7260.5014,1035.4,0.142607,1,p:1.1.1.2.1.1
U3661,146,FUSE2,409618.3775,409618.3775,413995.0775,4376.7,4376.7,1035.4,0.236571,1,p:2.2.5.1.2.2
U3662,146,FUSE2,409632.5761,409632.5761,412819.6692,3187.093,3187.093,1035.4,0.324873,1,p:1.3.2.2.3.1
U3663,146,FUSE2,409734.3775,409734.3775,413283.6692,3549.2917,3549.2917,1035.4,0.29172,1,p:2.1.4.2.2.1
U5456,218,FUSE0,409748.5761,409748.5761,413415.0775,3666.5014,3666.5014,941.0,0.256648,1,p:1.2.3.1.1.2
U5457,218,FUSE0,409850.3775,409850.3775,415195.3924,5345.0149,5345.0149,941.0,0.176052,1,p:2.3.1.1.3.2
U5458,218,FUSE0,409938.7775,409938.7775,416081.0775,6142.3,6142.3,941.0,0.1532,1,p:1.1.5.2.1.1
U5459,218,FUSE0,409966.3775,409966.3775,412371.0775,2404.7,2404.7,941.0,0.391317,1,p:2.2.2.1.2.2
U5460,218,FUSE0,410054.7775,410054.7775,413747.6692,3692.8917,3692.8917,941.0,0.254814,1,p:1.3.3.2.3.1
U5461,218,FUSE0,410082.3775,410082.3775,413183.0775,3100.7,3100.7,941.0,0.30348,1,p:2.1.4.1.1.2
U5462,218,FUSE0,410170.7775,410170.7775,416313.0775,6142.3,6142.3,941.0,0.1532,1,p:1.2.1.2.2.1
U5463,218,FUSE0,410198.3775,410198.3775,414499.3924,4301.0149,4301.0149,941.0,0.218786,1,p:2.3.5.1.3.2
U5464,218,FUSE1,410286.7775,410286.7775,414211.6692,3924.8917,3924.8917,1003.0,0.255548,1,p:1.1.2.2.1.1
U5465,218,FUSE1,410314.3775,410314.3775,412951.0775,2636.7,2636.7,1003.0,0.3804,1,p:2.2.3.1.2.2
U5466,218,FUSE1,410402.7775,410402.7775,413399.6692,2996.8917,2996.8917,1003.0,0.33468,1,p:1.3.4.2.3.1
U5467,218,FUSE1,410430.3775,410430.3775,416304.5924,5874.2149,5874.2149,1003.0,0.170746,1,p:2.1.1.1.1.2
U5468,218,FUSE1,410518.7775,410518.7775,415965.0775,5446.3,5446.3,1003.0,0.184162,1,p:1.2.5.2.2.1
U5469,218,FUSE1,410546.3775,410546.3775,412487.0775,1940.7,1940.7,1003.0,0.516824,1,p:2.3.2.1.3.2
U5470,218,FUSE1,410634.7775,410634.7775,415151.4775,4516.7,4516.7,1003.0,0.222065,1,p:1.1.3.2.1.1
U5471,218,FUSE2,410662.3775,410662.3775,412835.0775,2172.7,2172.7,1035.4,0.47655,1,p:2.2.4.1.2.2
U5472,218,FUSE2,410750.7775,410750.7775,416893.0775,6142.3,6142.3,1035.4,0.168569,1,p:1.3.1.2.3.1
U5473,218,FUSE2,410778.3775,410778.3775,415775.3924,4997.0149,4997.0149,1035.4,0.207204,1,p:2.1.5.1.1.2
U5474,218,FUSE2,410866.7775,410866.7775,414095.6692,3228.8917,3228.8917,1035.4,0.320667,1,p:1.2.2.2.2.1
U5475,218,FUSE2,410894.3775,410894.3775,413647.0775,2752.7,2752.7,1035.4,0.37614,1,p:2.3.3.1.3.2
U5476,218,FUSE2,410982.7775,410982.7775,414907.6692,3924.8917,3924.8917,1035.4,0.263803,1,p:1.1.4.2.1.1
U5477,218,FUSE2,411010.3775,411010.3775,416536.5924,5526.2149,5526.2149,1035.4,0.187362,1,p:2.2.1.1.2.2
U5478,218,FUSE2,411098.7775,411098.7775,416072.5924,4973.8149,4973.8149,1035.4,0.20817,1,p:1.3.5.1.1.2
U4085,164,FUSE0,411126.3775,411126.3775,414443.6692,3317.2917,3317.2917,941.0,0.283665,1,p:2.1.2.2.3.1
U4086,164,FUSE0,411214.7775,411214.7775,415383.4775,4168.7,4168.7,941.0,0.22573,1,p:1.2.3.2.2.1
U4087,164,FUSE0,411242.3775,411242.3775,413067.0775,1824.7,1824.7,941.0,0.515701,1,p:2.3.4.1.3.2
U4088,164,FUSE0,411330.7775,411330.7775,418633.0775,7302.3,7302.3,941.0,0.128864,1,p:1.1.1.2.1.1
U4089,164,FUSE0,411358.3775,411358.3775,413879.0775,2520.7,2520.7,941.0,0.373309,1,p:2.2.2.1.2.2
U4090,164,FUSE0,411446.7775,411446.7775,416545.0775,5098.3,5098.3,941.0,0.184571,1,p:1.3.5.2.3.1
U4091,164,FUSE1,411474.3775,411474.3775,415079.3924,3605.0149,3605.0149,1003.0,0.278224,1,p:2.1.3.1.1.2
U4092,164,FUSE1,411562.7775,411562.7775,414675.6692,3112.8917,3112.8917,1003.0,0.322208,1,p:1.2.4.2.2.1
U4093,164,FUSE1,411590.3775,411590.3775,416768.5924,5178.2149,5178.2149,1003.0,0.193696,1,p:2.3.1.1.3.2
U4094,164,FUSE1,411678.7775,411678.7775,415501.0775,3822.3,3822.3,1003.0,0.262407,1,p:1.1.2.2.1.1
U4095,164,FUSE1,411706.3775,411706.3775,415956.5924,4250.2149,4250.2149,1003.0,0.235988,1,p:2.2.5.1.2.2
U4096,164,FUSE1,411794.7775,411794.7775,415849.0775,4054.3,4054.3,1003.0,0.247392,1,p:1.3.3.2.3.1
U4097,164,FUSE2,411822.3775,411822.3775,414731.3924,2909.0149,2909.0149,1035.4,0.355928,1,p:2.1.4.1.1.2
U4098,164,FUSE2,411910.7775,411910.7775,418517.0775,6606.3,6606.3,1035.4,0.156729,1,p:1.2.1.2.2.1
U4099,164,FUSE2,411938.3775,411938.3775,414227.0775,2288.7,2288.7,1035.4,0.452397,1,p:2.3.2.1.3.2
U4100,164,FUSE2,412036.3775,412036.3775,418169.0775,6132.7,6132.7,1035.4,0.168833,1,p:1.1.5.2.1.1
U4101,164,FUSE2,412054.3775,412054.3775,415311.3924,3257.0149,3257.0149,1035.4,0.317898,1,p:2.2.3.1.2.2
U4102,164,FUSE2,412154.9692,412154.9692,415617.0775,3462.1083,3462.1083,1035.4,0.299066,1,p:1.3.4.2.3.1
U2940,118,FUSE0,412170.3775,412170.3775,418332.0692,6161.6917,6161.6917,941.0,0.152718,1,p:2.1.1.1.1.2
U2941,118,FUSE0,412270.9692,412270.9692,415733.0775,3462.1083,3462.1083,941.0,0.2718,1,p:1.2.2.2.2.1
U2942,118,FUSE0,412286.3775,412286.3775,416420.5924,4134.2149,4134.2149,941.0,0.227613,1,p:2.3.5.1.3.2
U2943,118,FUSE0,412386.9692,412386.9692,417125.0775,4738.1083,4738.1083,941.0,0.198602,1,p:1.1.3.2.1.1
U2944,118,FUSE0,412402.3775,412402.3775,414383.3924,1981.0149,1981.0149,941.0,0.475009,1,p:2.2.4.1.2.2
U2945,118,FUSE0,412502.9692,412502.9692,419237.3924,6734.4232,6734.4232,941.0,0.13973,1,p:1.3.1.2.3.1
U2946,118,FUSE0,412518.3775,412518.3775,415427.3924,2909.0149,2909.0149,941.0,0.323477,1,p:2.1.2.1.1.2
U2947,118,FUSE0,412618.9692,412618.9692,417937.0775,5318.1083,5318.1083,941.0,0.176943,1,p:1.2.5.2.2.1
U2948,118,FUSE1,412634.3775,412634.3775,415543.3924,2909.0149,2909.0149,1003.0,0.34479,1,p:2.3.3.1.3.2
U2949,118,FUSE1,412734.9692,412734.9692,416429.0775,3694.1083,3694.1083,1003.0,0.271513,1,p:1.1.4.2.1.1
U2950,118,FUSE1,412750.3775,412750.3775,418100.0692,5349.6917,5349.6917,1003.0,0.187487,1,p:2.2.1.1.2.2
U2951,118,FUSE1,412850.9692,412850.9692,416197.0775,3346.1083,3346.1083,1003.0,0.299751,1,p:1.3.2.2.3.1
U2952,118,FUSE1,412866.3775,412866.3775,417868.0692,5001.6917,5001.6917,1003.0,0.200532,1,p:2.1.5.1.1.2
U2953,118,FUSE1,412966.9692,412966.9692,417009.0775,4042.1083,4042.1083,1003.0,0.248138,1,p:1.2.3.2.2.1
U2954,118,FUSE1,412982.3775,412982.3775,414963.3924,1981.0149,1981.0149,1003.0,0.506306,1,p:2.3.4.1.3.2
U2955,118,FUSE1,413082.9692,413082.9692,420406.8692,7323.9,7323.9,1003.0,0.136949,1,p:1.1.1.2.1.1
U2956,118,FUSE2,413098.3775,413098.3775,415659.3924,2561.0149,2561.0149,1035.4,0.404293,1,p:2.2.2.1.2.2
U2957,118,FUSE2,413198.9692,413198.9692,418401.0775,5202.1083,5202.1083,1035.4,0.199035,1,p:1.3.5.2.3.1
U2958,118,FUSE2,413214.3775,413214.3775,416652.5924,3438.2149,3438.2149,1035.4,0.301145,1,p:2.1.3.1.1.2
U2959,118,FUSE2,413314.9692,413314.9692,416661.0775,3346.1083,3346.1083,1035.4,0.309434,1,p:1.2.4.2.2.1
U2960,118,FUSE2,413330.3775,413330.3775,418872.4692,5542.0917,5542.0917,1035.4,0.186825,1,p:2.3.1.1.3.2
U2961,118,FUSE2,413430.9692,413430.9692,417473.0775,4042.1083,4042.1083,1035.4,0.256153,1,p:1.1.2.2.1.1
U2962,118,FUSE2,413446.3775,413446.3775,417636.0692,4189.6917,4189.6917,1035.4,0.24713,1,p:2.2.5.1.2.2
U2963,118,FUSE2,413546.9692,413546.9692,417241.0775,3694.1083,3694.1083,1035.4,0.280284,1,p:1.3.3.2.3.1
U2964,118,FUSE2,413562.3775,413562.3775,417821.0775,4258.7,4258.7,1035.4,0.243126,1,p:2.1.4.2.1.1
U2723,110,FUSE0,413662.9692,413662.9692,419916.5924,6253.6232,6253.6232,941.0,0.150473,1,p:1.2.1.1.1.2
U2724,110,FUSE0,413678.3775,413678.3775,417357.0775,3678.7,3678.7,941.0,0.255797,1,p:2.3.2.2.2.1
U2725,110,FUSE0,413778.9692,413778.9692,417752.0692,3973.1,3973.1,941.0,0.236843,1,p:1.1.5.1.3.2
U2726,110,FUSE0,413794.3775,413794.3775,416884.5924,3090.2149,3090.2149,941.0,0.30451,1,p:2.2.3.1.2.2
U2727,110,FUSE0,413894.9692,413894.9692,420174.8692,6279.9,6279.9,941.0,0.149843,1,p:1.3.1.2.3.1
U2728,110,FUSE0,413910.3775,413910.3775,417000.5924,3090.2149,3090.2149,941.0,0.30451,1,p:2.1.2.1.1.2
U2729,110,FUSE0,414010.9692,414010.9692,419469.3924,5458.4232,5458.4232,941.0,0.172394,1,p:1.2.5.2.2.1
U2730,110,FUSE0,414026.3775,414026.3775,416188.5924,2162.2149,2162.2149,941.0,0.435202,1,p:2.3.4.1.3.2
U2731,110,FUSE0,414126.9692,414126.9692,418889.3924,4762.4232,4762.4232,941.0,0.197588,1,p:1.1.3.2.1.1
U2732,110,FUSE1,414142.3775,414142.3775,419800.5924,5658.2149,5658.2149,1003.0,0.177264,1,p:2.2.1.1.2.2
U2733,110,FUSE1,414242.9692,414242.9692,417589.0775,3346.1083,3346.1083,1003.0,0.299751,1,p:1.3.2.2.3.1
U2734,110,FUSE1,414258.3775,414258.3775,419568.5924,5310.2149,5310.2149,1003.0,0.188881,1,p:2.1.5.1.1.2
U2735,110,FUSE1,414358.9692,414358.9692,417705.0775,3346.1083,3346.1083,1003.0,0.299751,1,p:1.2.4.2.2.1
U2736,110,FUSE1,414414.6924,414414.6924,417116.5924,2701.9,2701.9,1003.0,0.37122,1,p:2.3.3.1.3.2
U2737,110,FUSE1,414474.9692,414474.9692,421514.4692,7039.5,7039.5,1003.0,0.142482,1,p:1.1.1.2.1.1
U2738,110,FUSE1,414530.6924,414530.6924,417232.5924,2701.9,2701.9,1003.0,0.37122,1,p:2.2.2.1.2.2
U2739,110,FUSE1,414590.9692,414590.9692,419942.8692,5351.9,5351.9,1003.0,0.18741,1,p:1.3.5.2.3.1
U2740,110,FUSE1,414646.6924,414646.6924,417403.8775,2757.1851,2757.1851,1003.0,0.363777,1,p:2.1.4.1.1.2
U2741,110,FUSE2,414706.9692,414706.9692,418773.3924,4066.4232,4066.4232,1035.4,0.254622,1,p:1.2.3.2.2.1
U2742,110,FUSE2,414762.6924,414762.6924,420728.5924,5965.9,5965.9,1035.4,0.173553,1,p:2.3.1.1.3.2
U2743,110,FUSE2,414822.9692,414822.9692,419121.3924,4298.4232,4298.4232,1035.4,0.240879,1,p:1.1.2.2.1.1
U2744,110,FUSE2,414878.6924,414878.6924,419452.5924,4573.9,4573.9,1035.4,0.226371,1,p:2.2.5.1.2.2
U2745,110,FUSE2,414938.9692,414938.9692,418053.0775,3114.1083,3114.1083,1035.4,0.332487,1,p:1.3.4.2.3.1
U2746,110,FUSE2,414994.6924,414994.6924,418756.4692,3761.7768,3761.7768,1035.4,0.275242,1,p:2.1.3.1.1.2
U2747,110,FUSE2,415054.9692,415054.9692,421076.5924,6021.6232,6021.6232,1035.4,0.171947,1,p:1.2.1.1.3.2
U2748,110,FUSE2,415110.6924,415110.6924,419585.3924,4474.7,4474.7,1035.4,0.23139,1,p:2.3.2.2.1.1
U2749,110,FUSE2,415182.7775,415182.7775,420032.5924,4849.8149,4849.8149,1035.4,0.213493,1,p:1.1.5.1.2.2
U4239,170,FUSE0,415226.6924,415226.6924,418285.0775,3058.3851,3058.3851,941.0,0.307679,1,p:2.2.4.2.2.1
U4240,170,FUSE0,415298.7775,415298.7775,419701.3924,4402.6149,4402.6149,941.0,0.213737,1,p:1.3.3.2.3.1
U4241,170,FUSE0,415342.6924,415342.6924,418216.0692,2873.3768,2873.3768,941.0,0.327489,1,p:2.1.4.1.1.2
U4242,170,FUSE0,415414.7775,415414.7775,421756.4692,6341.6917,6341.6917,941.0,0.148383,1,p:1.2.1.2.2.1
U4243,170,FUSE0,415458.6924,415458.6924,417520.0692,2061.3768,2061.3768,941.0,0.456491,1,p:2.3.2.1.3.2
U4244,170,FUSE0,415532.3775,415532.3775,421398.4692,5866.0917,5866.0917,941.0,0.160413,1,p:1.1.5.2.1.1
U4245,170,FUSE0,415574.6924,415574.6924,418640.4692,3065.7768,3065.7768,941.0,0.306937,1,p:2.2.3.1.2.2
U4246,170,FUSE0,415648.3775,415648.3775,419005.3924,3357.0149,3357.0149,941.0,0.280309,1,p:1.3.4.2.3.1
U4247,170,FUSE0,415690.6924,415690.6924,422120.5924,6429.9,6429.9,941.0,0.146348,1,p:2.1.1.1.1.2
U4248,170,FUSE1,415764.3775,415764.3775,419353.3924,3589.0149,3589.0149,1003.0,0.279464,1,p:1.2.2.2.2.1
U4249,170,FUSE1,415806.6924,415806.6924,420380.5924,4573.9,4573.9,1003.0,0.219288,1,p:2.3.5.1.3.2
U4250,170,FUSE1,415880.3775,415880.3775,420638.8692,4758.4917,4758.4917,1003.0,0.210781,1,p:1.1.3.2.1.1
U4251,170,FUSE1,415987.8924,415987.8924,417984.0692,1996.1768,1996.1768,1003.0,0.502461,1,p:2.2.4.1.2.2
U4252,170,FUSE1,415996.3775,415996.3775,422104.4692,6108.0917,6108.0917,1003.0,0.164208,1,p:1.3.1.2.3.1
U4253,170,FUSE1,416103.8924,416103.8924,419151.8775,3047.9851,3047.9851,1003.0,0.32907,1,p:2.1.2.1.1.2
U4254,170,FUSE1,416112.3775,416112.3775,421282.4692,5170.0917,5170.0917,1003.0,0.194,1,p:1.2.5.2.2.1
U4255,170,FUSE1,416219.8924,416219.8924,419267.8775,3047.9851,3047.9851,1003.0,0.32907,1,p:2.3.3.1.3.2
U4256,170,FUSE1,416228.3775,416228.3775,420058.8692,3830.4917,3830.4917,1003.0,0.261846,1,p:1.1.4.2.1.1
U4257,170,FUSE2,416335.8924,416335.8924,422004.5924,5668.7,5668.7,1035.4,0.182652,1,p:2.2.1.1.2.2
U4258,170,FUSE2,416344.3775,416344.3775,419817.3924,3473.0149,3473.0149,1035.4,0.298127,1,p:1.3.2.2.3.1
U4259,170,FUSE2,416451.8924,416451.8924,421772.5924,5320.7,5320.7,1035.4,0.194598,1,p:2.1.5.1.1.2
U4260,170,FUSE2,416460.3775,416460.3775,420522.8692,4062.4917,4062.4917,1035.4,0.254868,1,p:1.2.3.2.2.1
U4261,170,FUSE2,416567.8924,416567.8924,418524.4692,1956.5768,1956.5768,1035.4,0.52919,1,p:2.3.4.1.3.2
U4262,170,FUSE2,416576.3775,416576.3775,423612.4692,7036.0917,7036.0917,1035.4,0.147156,1,p:1.1.1.2.1.1
U4263,170,FUSE2,416683.8924,416683.8924,418988.4692,2304.5768,2304.5768,1035.4,0.44928,1,p:2.2.2.1.2.2
U4264,170,FUSE2,416692.3775,416692.3775,421988.4692,5296.0917,5296.0917,1035.4,0.195503,1,p:1.3.5.2.3.1
U4568,183,FUSE0,416799.8924,416799.8924,420612.5924,3812.7,3812.7,941.0,0.246807,1,p:2.1.3.1.1.2
U4569,183,FUSE0,416808.3775,416808.3775,420290.8692,3482.4917,3482.4917,941.0,0.270209,1,p:1.2.4.2.2.1
U4570,183,FUSE0,416915.8924,416915.8924,422821.0775,5905.1851,5905.1851,941.0,0.159351,1,p:2.3.1.1.3.2
U4571,183,FUSE0,416924.3775,416924.3775,420986.8692,4062.4917,4062.4917,941.0,0.231631,1,p:1.1.2.2.1.1
U4572,183,FUSE0,417031.8924,417031.8924,421656.5924,4624.7,4624.7,941.0,0.203473,1,p:2.2.5.1.2.2
U4573,183,FUSE0,417040.3775,417040.3775,421166.4692,4126.0917,4126.0917,941.0,0.228061,1,p:1.3.3.2.3.1
U4574,183,FUSE0,417147.8924,417147.8924,420148.5924,3000.7,3000.7,941.0,0.313593,1,p:2.1.4.1.1.2
U4575,183,FUSE0,417156.3775,417156.3775,423728.4692,6572.0917,6572.0917,941.0,0.143181,1,p:1.2.1.2.2.1
U4576,183,FUSE0,417263.8924,417263.8924,419684.5924,2420.7,2420.7,941.0,0.388731,1,p:2.3.2.1.3.2
U4577,183,FUSE1,417272.3775,417272.3775,423496.4692,6224.0917,6224.0917,1003.0,0.161148,1,p:1.1.5.2.1.1
U4578,183,FUSE1,417388.3775,417388.3775,420496.5924,3108.2149,3108.2149,1003.0,0.322693,1,p:2.2.3.1.2.2
U4579,183,FUSE1,417435.1775,417435.1775,420754.8692,3319.6917,3319.6917,1003.0,0.302136,1,p:1.3.4.2.3.1
U4580,183,FUSE1,417504.3775,417504.3775,423749.0775,6244.7,6244.7,1003.0,0.160616,1,p:2.1.1.1.1.2
U4581,183,FUSE1,417551.3692,417551.3692,420870.8692,3319.5,3319.5,1003.0,0.302154,1,p:1.2.2.2.2.1
U4582,183,FUSE1,417620.3775,417620.3775,422236.5924,4616.2149,4616.2149,1003.0,0.217278,1,p:2.3.5.1.3.2
U4583,183,FUSE1,417667.3692,417667.3692,422336.4692,4669.1,4669.1,1003.0,0.214817,1,p:1.1.3.2.1.1
U4584,183,FUSE1,417736.3775,417736.3775,420264.5924,2528.2149,2528.2149,1003.0,0.396723,1,p:2.2.4.1.2.2
U4585,183,FUSE1,417783.3692,417783.3692,424076.4692,6293.1,6293.1,1003.0,0.159381,1,p:1.3.1.2.3.1
U4586,183,FUSE2,417852.3775,417852.3775,420844.5924,2992.2149,2992.2149,1035.4,0.346031,1,p:2.1.2.1.1.2
U4587,183,FUSE2,417899.3692,417899.3692,423264.4692,5365.1,5365.1,1035.4,0.192988,1,p:1.2.5.2.2.1
U4588,183,FUSE2,417968.3775,417968.3775,421424.5924,3456.2149,3456.2149,1035.4,0.299576,1,p:2.3.3.1.3.2
U4589,183,FUSE2,418015.3692,418015.3692,421872.4692,3857.1,3857.1,1035.4,0.26844,1,p:1.1.4.2.1.1
U4590,183,FUSE2,418084.3775,418084.3775,423987.4775,5903.1,5903.1,1035.4,0.175399,1,p:2.2.1.1.2.2
U4591,183,FUSE2,418131.3692,418131.3692,421630.4692,3499.1,3499.1,1035.4,0.295905,1,p:1.3.2.2.3.1
U4592,183,FUSE2,418200.3775,418200.3775,422705.0775,4504.7,4504.7,1035.4,0.229849,1,p:2.1.5.1.2.2
U4593,183,FUSE2,418247.3692,418247.3692,422800.4692,4553.1,4553.1,1035.4,0.227406,1,p:1.2.3.2.1.1
U4594,183,FUSE2,418316.3775,418316.3775,420960.5924,2644.2149,2644.2149,1035.4,0.391572,1,p:2.3.4.1.3.2
U4595,183,FUSE2,418363.3692,418363.3692,425004.4692,6641.1,6641.1,1035.4,0.155908,1,p:1.1.1.2.2.1
U7453,298,FUSE0,418432.3775,418432.3775,421308.5924,2876.2149,2876.2149,941.0,0.327166,1,p:2.2.2.1.1.2
U7454,298,FUSE0,418548.3775,418548.3775,423960.4692,5412.0917,5412.0917,941.0,0.17387,1,p:1.3.5.2.3.1
U7455,298,FUSE0,418555.7692,418555.7692,421540.5924,2984.8232,2984.8232,941.0,0.315262,1,p:2.1.3.1.2.2
U7456,298,FUSE0,418664.3775,418664.3775,422452.4692,3788.0917,3788.0917,941.0,0.24841,1,p:1.2.4.2.1.1
U7457,298,FUSE0,418671.7692,418671.7692,424544.4692,5872.7,5872.7,941.0,0.160233,1,p:2.3.1.1.3.2
U7458,298,FUSE0,418787.7692,418787.7692,422220.4692,3432.7,3432.7,941.0,0.274128,1,p:1.1.2.2.2.1
U7459,298,FUSE0,418804.6924,418804.6924,423871.4775,5066.7851,5066.7851,941.0,0.185719,1,p:2.2.5.1.1.2
U7460,298,FUSE0,418903.7692,418903.7692,422916.4692,4012.7,4012.7,941.0,0.234505,1,p:1.3.3.2.3.1
U7461,298,FUSE1,418920.6924,418920.6924,421192.5924,2271.9,2271.9,1003.0,0.441481,1,p:2.1.4.1.2.2
U7462,298,FUSE1,419019.7692,419019.7692,426176.8692,7157.1,7157.1,1003.0,0.140141,1,p:1.2.1.2.1.1
U7463,298,FUSE1,419036.6924,419036.6924,421888.5924,2851.9,2851.9,1003.0,0.351695,1,p:2.3.2.1.3.2
U7464,298,FUSE1,419152.6924,419152.6924,424424.4692,5271.7768,5271.7768,1003.0,0.190258,1,p:1.1.5.2.2.1
U7465,298,FUSE1,419183.1775,419183.1775,422937.0775,3753.9,3753.9,1003.0,0.267189,1,p:2.2.3.1.1.2
U7466,298,FUSE1,419268.6924,419268.6924,422568.4692,3299.7768,3299.7768,1003.0,0.30396,1,p:1.3.4.2.3.1
U7467,298,FUSE1,419299.1775,419299.1775,425008.4692,5709.2917,5709.2917,1003.0,0.175679,1,p:2.1.1.1.2.2
U7468,298,FUSE1,419384.6924,419384.6924,423032.4692,3647.7768,3647.7768,1003.0,0.274962,1,p:1.2.2.2.1.1
U7469,298,FUSE2,419483.8924,419483.8924,424219.4775,4735.5851,4735.5851,1035.4,0.218642,1,p:2.3.5.1.3.2
U7470,298,FUSE2,419500.6924,419500.6924,423148.4692,3647.7768,3647.7768,1035.4,0.283844,1,p:1.1.3.2.2.1
U7471,298,FUSE2,419599.8924,419599.8924,422473.0775,2873.1851,2873.1851,1035.4,0.360367,1,p:2.2.4.1.1.2
U7472,298,FUSE2,419616.6924,419616.6924,426060.8692,6444.1768,6444.1768,1035.4,0.160672,1,p:1.3.1.2.3.1
U7473,298,FUSE2,419715.8924,419715.8924,422352.5924,2636.7,2636.7,1035.4,0.392688,1,p:2.1.2.1.2.2
U7474,298,FUSE2,419732.6924,419732.6924,425816.4692,6083.7768,6083.7768,1035.4,0.17019,1,p:1.2.5.2.1.1
U7475,298,FUSE2,419831.8924,419831.8924,423169.0775,3337.1851,3337.1851,1035.4,0.310261,1,p:2.3.3.1.3.2
U1940,78,FUSE0,419848.6924,419848.6924,422684.4692,2835.7768,2835.7768,941.0,0.331831,1,p:1.1.4.2.2.1
U1941,78,FUSE0,419947.8924,419947.8924,426516.4692,6568.5768,6568.5768,941.0,0.143258,1,p:2.2.1.1.1.2
U1942,78,FUSE0,419974.1692,419974.1692,423380.4692,3406.3,3406.3,941.0,0.276253,1,p:1.3.2.2.3.1
U1943,78,FUSE0,420063.8924,420063.8924,424776.4692,4712.5768,4712.5768,941.0,0.199678,1,p:2.1.5.1.2.2
U1944,78,FUSE0,420090.1692,420090.1692,424656.4692,4566.3,4566.3,941.0,0.206075,1,p:1.2.3.2.1.1
U1945,78,FUSE0,420179.8924,420179.8924,422589.0775,2409.1851,2409.1851,941.0,0.390588,1,p:2.3.4.1.3.2
U1946,78,FUSE0,420206.1692,420206.1692,426408.8692,6202.7,6202.7,941.0,0.151708,1,p:1.1.1.2.2.1
U1947,78,FUSE0,420295.8924,420295.8924,423285.0775,2989.1851,2989.1851,941.0,0.314802,1,p:2.2.2.1.1.2
U1948,78,FUSE1,420322.1692,420322.1692,425932.4692,5610.3,5610.3,1003.0,0.178778,1,p:1.3.5.2.3.1
U1949,78,FUSE1,420411.8924,420411.8924,423401.0775,2989.1851,2989.1851,1003.0,0.335543,1,p:2.1.3.1.2.2
U1950,78,FUSE1,420438.1692,420438.1692,424192.4692,3754.3,3754.3,1003.0,0.26716,1,p:1.2.4.2.1.1
U1951,78,FUSE1,420527.8924,420527.8924,426400.4692,5872.5768,5872.5768,1003.0,0.170794,1,p:2.3.1.1.3.2
U1952,78,FUSE1,420554.1692,420554.1692,423844.4692,3290.3,3290.3,1003.0,0.304835,1,p:1.1.2.2.2.1
U1953,78,FUSE1,420643.8924,420643.8924,426168.4692,5524.5768,5524.5768,1003.0,0.181552,1,p:2.2.5.1.1.2
U1954,78,FUSE1,420670.1692,420670.1692,424772.4692,4102.3,4102.3,1003.0,0.244497,1,p:1.3.3.2.3.1
U1955,78,FUSE2,420759.8924,420759.8924,423053.0775,2293.1851,2293.1851,1035.4,0.451512,1,p:2.1.4.1.2.2
U1956,78,FUSE2,420786.1692,420786.1692,427737.0775,6950.9083,6950.9083,1035.4,0.148959,1,p:1.2.1.2.1.1
U1957,78,FUSE2,420875.8924,420875.8924,423517.0775,2641.1851,2641.1851,1035.4,0.392021,1,p:2.3.2.1.3.2
U1958,78,FUSE2,420902.1692,420902.1692,426292.8692,5390.7,5390.7,1035.4,0.192072,1,p:1.1.5.2.2.1
U1959,78,FUSE2,420991.8924,420991.8924,424660.4692,3668.5768,3668.5768,1035.4,0.282235,1,p:2.2.3.1.1.2
U1960,78,FUSE2,421018.1692,421018.1692,424540.4692,3522.3,3522.3,1035.4,0.293956,1,p:1.3.4.2.3.1
U1961,78,FUSE2,421107.8924,421107.8924,426864.4692,5756.5768,5756.5768,1035.4,0.179864,1,p:2.1.1.1.2.2
U1962,78,FUSE2,421197.7692,421197.7692,425120.4692,3922.7,3922.7,1035.4,0.263951,1,p:1.2.2.2.1.1
U3303,133,FUSE0,421223.8924,421223.8924,426052.4692,4828.5768,4828.5768,941.0,0.194881,1,p:2.3.5.1.3.2
U3304,133,FUSE0,421313.7692,421313.7692,425352.4692,4038.7,4038.7,941.0,0.232996,1,p:1.1.3.2.2.1
E306,355,FUSE0,421339.8924,421339.8924,424308.4692,2968.5768,2968.5768,941.0,0.316987,1,p:2.2.4.1.1.1
E307,355,FUSE0,421429.7692,421429.7692,427560.4692,6130.7,6130.7,941.0,0.15349,1,p:1.3.1.2.2.2
E308,355,FUSE0,421455.8924,421455.8924,427452.8692,5996.9768,5996.9768,941.0,0.156912,1,p:2.1.5.2.1.1
E309,355,FUSE0,421545.7692,421545.7692,423633.0775,2087.3083,2087.3083,941.0,0.45082,1,p:1.2.2.1.3.2
E310,355,FUSE0,421571.8924,421571.8924,425820.4692,4248.5768,4248.5768,941.0,0.221486,1,p:2.3.3.2.1.2
E311,355,FUSE0,421661.7692,421661.7692,424428.4692,2766.7,2766.7,941.0,0.340116,1,p:1.1.4.2.2.2
E312,355,FUSE0,421687.8924,421687.8924,427096.4692,5408.5768,5408.5768,941.0,0.173983,1,p:2.2.5.2.3.2
E313,355,FUSE0,421787.7692,421787.7692,426988.8692,5201.1,5201.1,941.0,0.180923,1,p:1.3.1.1.2.1
E314,355,FUSE0,421803.8924,421803.8924,425356.4692,3552.5768,3552.5768,941.0,0.264878,1,p:2.1.2.2.1.2
E315,355,FUSE0,421903.7692,421903.7692,424888.4692,2984.7,2984.7,941.0,0.315275,1,p:1.2.4.1.1.1
E316,355,FUSE0,421919.8924,421919.8924,425584.4692,3664.5768,3664.5768,941.0,0.256783,1,p:2.3.3.1.1.1
E317,355,FUSE0,422019.7692,422019.7692,426524.8692,4505.1,4505.1,941.0,0.208874,1,p:1.1.5.1.3.1
E318,355,FUSE1,422035.8924,422035.8924,424103.4775,2067.5851,2067.5851,1003.0,0.485107,1,p:2.2.2.1.2.2
E319,355,FUSE1,422135.7692,422135.7692,428201.0775,6065.3083,6065.3083,1003.0,0.165367,1,p:1.3.1.1.1.1
E320,355,FUSE1,422151.8924,422151.8924,425236.4692,3084.5768,3084.5768,1003.0,0.325166,1,p:2.1.4.1.1.1
E321,355,FUSE1,422251.7692,422251.7692,425704.4692,3452.7,3452.7,1003.0,0.290497,1,p:1.2.3.2.2.2
E322,355,FUSE1,422267.8924,422267.8924,425472.4692,3204.5768,3204.5768,1003.0,0.31299,1,p:2.3.2.2.3.2
E323,355,FUSE1,422367.7692,422367.7692,427336.8692,4969.1,4969.1,1003.0,0.201847,1,p:1.1.5.2.2.1
E324,355,FUSE1,422383.8924,422383.8924,428256.4692,5872.5768,5872.5768,1003.0,0.170794,1,p:2.2.1.2.3.2
E325,355,FUSE1,422483.7692,422483.7692,425468.4692,2984.7,2984.7,1003.0,0.336047,1,p:1.3.4.2.2.1
E326,355,FUSE1,422504.3775,422504.3775,425240.4692,2736.0917,2736.0917,1003.0,0.366581,1,p:2.1.3.1.3.2
E327,355,FUSE1,422599.7692,422599.7692,424892.4692,2292.7,2292.7,1003.0,0.437475,1,p:1.2.2.1.3.2
E328,355,FUSE1,422620.3775,422620.3775,428372.4692,5752.0917,5752.0917,1003.0,0.174371,1,p:2.3.5.2.1.2
E329,355,FUSE2,422715.7692,422715.7692,428085.0775,5369.3083,5369.3083,1035.4,0.192837,1,p:1.1.1.1.3.1
E330,355,FUSE2,422736.3775,422736.3775,425124.4692,2388.0917,2388.0917,1035.4,0.433568,1,p:2.2.4.1.3.2
E331,355,FUSE2,422831.7692,422831.7692,427104.8692,4273.1,4273.1,1035.4,0.242307,1,p:1.3.3.2.1.1
E332,355,FUSE2,422852.3775,422852.3775,425936.4692,3084.0917,3084.0917,1035.4,0.335723,1,p:2.1.2.2.2.2
E333,355,FUSE2,422947.7692,422947.7692,427969.0775,5021.3083,5021.3083,1035.4,0.206201,1,p:1.2.5.1.1.1
E334,355,FUSE2,422968.3775,422968.3775,429013.0775,6044.7,6044.7,1035.4,0.171291,1,p:2.3.1.2.3.1
E335,355,FUSE2,423063.7692,423063.7692,426756.8692,3693.1,3693.1,1035.4,0.280361,1,p:1.1.4.2.1.1
E336,355,FUSE2,423084.3775,423084.3775,426632.4692,3548.0917,3548.0917,1035.4,0.291819,1,p:2.2.3.1.1.2
E337,355,FUSE2,423179.7692,423179.7692,425700.4692,2520.7,2520.7,1035.4,0.410759,1,p:1.3.2.1.3.1
E338,355,FUSE2,423200.3775,423200.3775,428433.0775,5232.7,5232.7,1035.4,0.197871,1,p:2.1.5.2.3.1
E340,355,FUSE2,423316.3775,423316.3775,425588.4692,2272.0917,2272.0917,1035.4,0.455703,1,p:2.3.4.1.2.2
E341,355,FUSE2,423411.7692,423411.7692,426980.4692,3568.7,3568.7,1035.4,0.290134,1,p:1.1.3.1.1.2
E342,355,FUSE2,423432.3775,423432.3775,426748.4692,3316.0917,3316.0917,1035.4,0.312235,1,p:2.2.2.2.3.2
E343,355,FUSE2,423527.7692,423527.7692,429068.4692,5540.7,5540.7,1035.4,0.186872,1,p:1.3.5.1.1.2
E344,355,FUSE2,423548.3775,423548.3775,429300.4692,5752.0917,5752.0917,1035.4,0.180004,1,p:2.1.1.1.2.2
E345,355,FUSE2,423643.7692,423643.7692,426872.8692,3229.1,3229.1,1035.4,0.320647,1,p:1.2.4.2.3.1
E346,355,FUSE2,423664.3775,423664.3775,426640.8692,2976.4917,2976.4917,1035.4,0.347859,1,p:2.3.3.1.2.1
U3305,133,FUSE0,423759.7692,423776.5775,427328.4692,3568.7,3568.7,941.0,0.263681,1,p:2.2.4.1.1.2
U3306,133,FUSE0,423780.3775,423780.3775,430173.0775,6392.7,6392.7,941.0,0.147199,1,p:1.3.1.2.3.1
U3307,133,FUSE0,423875.7692,423888.7775,426284.4692,2408.7,2408.7,941.0,0.390667,1,p:2.1.2.1.2.2
U3308,133,FUSE0,423902.7775,423902.7775,429709.0775,5806.3,5806.3,941.0,0.162065,1,p:1.2.5.2.1.1
U3309,133,FUSE0,423991.7692,424000.9775,427212.4692,3220.7,3220.7,941.0,0.292173,1,p:2.3.3.1.3.2
U3310,133,FUSE0,424018.7775,424018.7775,427220.8692,3202.0917,3202.0917,941.0,0.29387,1,p:1.1.4.2.2.1
U3311,133,FUSE0,424107.7692,424113.1775,430912.0692,6804.3,6804.3,941.0,0.138295,1,p:2.2.1.1.1.2
U3312,133,FUSE1,424134.7775,424134.7775,427568.8692,3434.0917,3434.0917,1003.0,0.292071,1,p:1.3.2.2.3.1
U3313,133,FUSE1,424223.7692,424225.3775,428952.4692,4728.7,4728.7,1003.0,0.212109,1,p:2.1.5.1.2.2
U3314,133,FUSE1,424250.7775,424250.7775,428549.0775,4298.3,4298.3,1003.0,0.233348,1,p:1.2.3.2.1.1
U3315,133,FUSE1,424339.7692,424339.7692,427444.4692,3104.7,3104.7,1003.0,0.323059,1,p:2.3.4.1.3.2
U3316,133,FUSE1,424455.7692,424455.7692,430637.0775,6181.3083,6181.3083,1003.0,0.162263,1,p:1.1.1.2.2.1
U3317,133,FUSE1,424459.7692,424459.7692,427676.4692,3216.7,3216.7,1003.0,0.31181,1,p:2.2.2.1.1.2
U3318,133,FUSE1,424571.7692,424571.7692,429593.0775,5021.3083,5021.3083,1003.0,0.199749,1,p:1.3.5.2.3.1
U3319,133,FUSE1,424575.7692,424575.7692,427792.4692,3216.7,3216.7,1003.0,0.31181,1,p:2.1.3.1.2.2
U3320,133,FUSE1,424687.7692,424687.7692,428897.0775,4209.3083,4209.3083,1003.0,0.238281,1,p:1.2.4.2.1.1
U3321,133,FUSE2,424691.7692,424691.7692,430564.0692,5872.3,5872.3,1035.4,0.176319,1,p:2.3.1.1.3.2
U3322,133,FUSE2,424803.7692,424803.7692,427853.0775,3049.3083,3049.3083,1035.4,0.339552,1,p:1.1.2.2.2.1
U3323,133,FUSE2,424807.7692,424807.7692,430216.0692,5408.3,5408.3,1035.4,0.191446,1,p:2.2.5.1.1.2
U3324,133,FUSE2,424919.7692,424919.7692,428665.0775,3745.3083,3745.3083,1035.4,0.276453,1,p:1.3.3.2.3.1
U3325,133,FUSE2,424923.7692,424923.7692,428140.4692,3216.7,3216.7,1035.4,0.321883,1,p:2.1.4.1.2.2
U3326,133,FUSE2,425035.7692,425035.7692,432039.6692,7003.9,7003.9,1035.4,0.147832,1,p:1.2.1.2.1.1
U3327,133,FUSE2,425039.7692,425039.7692,428317.0775,3277.3083,3277.3083,1035.4,0.31593,1,p:2.3.2.2.2.1
U6052,242,FUSE0,425155.7692,425155.7692,428024.4692,2868.7,2868.7,941.0,0.328023,1,p:2.2.3.1.3.2
U6053,242,FUSE0,425267.7692,425267.7692,428720.4692,3452.7,3452.7,941.0,0.27254,1,p:1.3.4.1.1.2
U6054,242,FUSE0,425271.7692,425271.7692,431724.0692,6452.3,6452.3,941.0,0.145839,1,p:2.1.1.1.2.2
U6055,242,FUSE0,425383.7692,425383.7692,429361.0775,3977.3083,3977.3083,941.0,0.236592,1,p:1.2.3.2.1.1
U6056,242,FUSE0,425387.7692,425387.7692,427908.4692,2520.7,2520.7,941.0,0.373309,1,p:2.3.2.1.3.2
U6057,242,FUSE0,425499.7692,425499.7692,428781.0775,3281.3083,3281.3083,941.0,0.286776,1,p:1.1.4.2.2.1
U6058,242,FUSE0,425503.7692,425503.7692,431144.0692,5640.3,5640.3,941.0,0.166835,1,p:2.2.5.1.1.2
U6059,242,FUSE1,425615.7692,425615.7692,431923.6692,6307.9,6307.9,1003.0,0.159007,1,p:1.3.1.2.3.1
U6060,242,FUSE1,425619.7692,425619.7692,428604.4692,2984.7,2984.7,1003.0,0.336047,1,p:2.1.3.1.2.2
U6061,242,FUSE1,425731.7692,425731.7692,429245.0775,3513.3083,3513.3083,1003.0,0.285486,1,p:1.2.2.2.1.1
U6062,242,FUSE1,425735.7692,425735.7692,428836.4692,3100.7,3100.7,1003.0,0.323475,1,p:2.3.4.1.3.2
U6063,242,FUSE1,425847.7692,425847.7692,430753.0775,4905.3083,4905.3083,1003.0,0.204472,1,p:1.1.5.2.2.1
U6064,242,FUSE1,425851.7692,425851.7692,432884.0692,7032.3,7032.3,1003.0,0.142628,1,p:2.2.1.1.1.2
U6065,242,FUSE1,425963.7692,425963.7692,429129.0775,3165.3083,3165.3083,1003.0,0.316873,1,p:1.3.3.2.3.1
U6066,242,FUSE2,425967.7692,425967.7692,428488.4692,2520.7,2520.7,1035.4,0.410759,1,p:2.1.2.1.2.2
U6067,242,FUSE2,426083.7692,426083.7692,430289.0775,4205.3083,4205.3083,1035.4,0.246213,1,p:1.2.4.2.1.1
U6068,242,FUSE2,426092.1692,426092.1692,430796.0692,4703.9,4703.9,1035.4,0.220115,1,p:2.3.5.1.3.2
U6069,242,FUSE2,426199.7692,426199.7692,432387.6692,6187.9,6187.9,1035.4,0.167327,1,p:1.1.1.2.2.1
U6070,242,FUSE2,426208.1692,426208.1692,429941.0775,3732.9083,3732.9083,1035.4,0.277371,1,p:2.2.3.2.3.1
U6071,242,FUSE2,426315.7692,426315.7692,430057.0775,3741.3083,3741.3083,1035.4,0.276748,1,p:1.3.2.2.1.1
U6877,275,FUSE0,426324.1692,426324.1692,429639.8775,3315.7083,3315.7083,941.0,0.283801,1,p:2.1.4.1.1.2
U6878,275,FUSE0,426431.7692,426431.7692,431492.0692,5060.3,5060.3,941.0,0.185957,1,p:1.2.5.1.2.2
U6879,275,FUSE0,426440.1692,426440.1692,432536.0692,6095.9,6095.9,941.0,0.154366,1,p:2.3.1.1.3.2
U6880,275,FUSE0,426547.7692,426547.7692,429477.0775,2929.3083,2929.3083,941.0,0.321236,1,p:1.1.4.2.2.1
U6881,275,FUSE0,426556.1692,426556.1692,430448.0692,3891.9,3891.9,941.0,0.241784,1,p:2.2.3.1.1.2
U6882,275,FUSE0,426663.7692,426663.7692,431691.6692,5027.9,5027.9,941.0,0.187156,1,p:1.3.5.2.3.1
U6883,275,FUSE0,426672.1692,426672.1692,429184.4692,2512.3,2512.3,941.0,0.374557,1,p:2.1.2.1.2.2
U6884,275,FUSE0,426779.7692,426779.7692,433387.8775,6608.1083,6608.1083,941.0,0.142401,1,p:1.2.1.2.1.1
U6885,275,FUSE1,426788.1692,426788.1692,429416.4692,2628.3,2628.3,1003.0,0.381615,1,p:2.3.4.1.3.2
U6886,275,FUSE1,426895.7692,426895.7692,430405.0775,3509.3083,3509.3083,1003.0,0.285811,1,p:1.1.3.2.2.1
U6887,275,FUSE1,426904.1692,426904.1692,432652.0692,5747.9,5747.9,1003.0,0.174499,1,p:2.2.5.1.1.2
U6888,275,FUSE1,427011.7692,427011.7692,429825.0775,2813.3083,2813.3083,1003.0,0.35652,1,p:1.3.2.2.3.1
U6889,275,FUSE1,427020.1692,427020.1692,433464.0692,6443.9,6443.9,1003.0,0.155651,1,p:2.1.1.1.2.2
U6890,275,FUSE1,427127.7692,427127.7692,431058.2775,3930.5083,3930.5083,1003.0,0.255183,1,p:1.2.4.2.1.1
U6891,275,FUSE1,427136.1692,427136.1692,430100.0692,2963.9,2963.9,1003.0,0.338405,1,p:2.3.3.1.3.2
U6892,275,FUSE1,427243.7692,427243.7692,432271.6692,5027.9,5027.9,1003.0,0.199487,1,p:1.1.5.2.2.1
U6893,275,FUSE2,427252.1692,427252.1692,430680.0692,3427.9,3427.9,1035.4,0.302051,1,p:2.2.2.1.1.2
U6894,275,FUSE2,427359.7692,427359.7692,433503.8775,6144.1083,6144.1083,1035.4,0.168519,1,p:1.3.1.2.3.1
U6895,275,FUSE2,427368.1692,427368.1692,429833.7761,2465.607,2465.607,1035.4,0.419937,1,p:2.1.4.1.2.2
U6896,275,FUSE2,427475.7692,427475.7692,431807.6692,4331.9,4331.9,1035.4,0.239018,1,p:1.2.3.2.1.1
U6897,275,FUSE2,427484.1692,427484.1692,432304.0692,4819.9,4819.9,1035.4,0.214818,1,p:2.3.5.1.3.2
U6898,275,FUSE2,427591.7692,427591.7692,430521.0775,2929.3083,2929.3083,1035.4,0.353462,1,p:1.1.2.2.2.1
U6899,275,FUSE2,427600.1692,427600.1692,434276.0692,6675.9,6675.9,1035.4,0.155095,1,p:2.2.1.1.1.2
U8430,337,FUSE0,427707.7692,427707.7692,430869.0775,3161.3083,3161.3083,941.0,0.297662,1,p:1.3.4.2.3.1
U8431,337,FUSE0,427768.3775,427768.3775,431028.0692,3259.6917,3259.6917,941.0,0.288678,1,p:2.1.3.1.2.2
U8432,337,FUSE0,427823.7692,427823.7692,433155.8775,5332.1083,5332.1083,941.0,0.176478,1,p:1.2.5.2.1.1
U8433,337,FUSE0,427884.3775,427884.3775,430332.0692,2447.6917,2447.6917,941.0,0.384444,1,p:2.3.2.1.3.2
U8434,337,FUSE0,427939.7692,427939.7692,434199.8775,6260.1083,6260.1083,941.0,0.150317,1,p:1.1.1.2.2.1
U8435,337,FUSE0,428000.3775,428000.3775,431608.0692,3607.6917,3607.6917,941.0,0.260832,1,p:2.2.4.1.1.2
U8436,337,FUSE0,428055.7692,428055.7692,431174.2775,3118.5083,3118.5083,941.0,0.301747,1,p:1.3.3.2.3.1
U8437,337,FUSE0,428116.3775,428224.7775,433232.0692,5115.6917,5115.6917,941.0,0.183944,1,p:2.1.5.1.2.2
U8438,337,FUSE0,428171.7692,428171.7692,431459.6692,3287.9,3287.9,941.0,0.286201,1,p:1.2.2.2.1.1
U8439,337,FUSE1,428232.3775,428336.9775,434508.0692,6275.6917,6275.6917,1003.0,0.159823,1,p:2.3.1.1.3.2
U8440,337,FUSE1,428287.7692,428287.7692,431575.6692,3287.9,3287.9,1003.0,0.305058,1,p:1.1.4.2.2.1
U8441,337,FUSE1,428348.3775,428449.1775,432072.0692,3723.6917,3723.6917,1003.0,0.269356,1,p:2.2.3.1.1.2
U8442,337,FUSE1,428403.7692,428403.7692,433271.8775,4868.1083,4868.1083,1003.0,0.206035,1,p:1.3.5.2.3.1
U8443,337,FUSE1,428464.3775,428561.3775,431260.0692,2795.6917,2795.6917,1003.0,0.358766,1,p:2.1.2.1.2.2
U8444,337,FUSE1,428519.7692,428519.7692,434895.8775,6376.1083,6376.1083,1003.0,0.157306,1,p:1.2.1.2.1.1
U8445,337,FUSE1,428580.3775,428673.5775,431376.0692,2795.6917,2795.6917,1003.0,0.358766,1,p:2.3.4.1.3.2
U8446,337,FUSE1,428635.7692,428635.7692,432155.6692,3519.9,3519.9,1003.0,0.284951,1,p:1.1.3.2.2.1
U8447,337,FUSE1,428696.3775,428785.7775,434044.0692,5347.6917,5347.6917,1003.0,0.187558,1,p:2.2.5.1.1.2
U8448,337,FUSE1,428751.7692,428751.7692,431343.6692,2591.9,2591.9,1003.0,0.386975,1,p:1.3.2.2.3.1
U8449,337,FUSE2,428812.3775,428897.9775,434972.0692,6159.6917,6159.6917,1035.4,0.168093,1,p:2.1.1.1.2.2
U8450,337,FUSE2,428867.7692,428867.7692,432735.6692,3867.9,3867.9,1035.4,0.26769,1,p:1.2.4.2.1.1
U8451,337,FUSE2,428928.3775,429010.1775,431956.0692,3027.6917,3027.6917,1035.4,0.341977,1,p:2.3.3.1.3.2
U8452,337,FUSE2,428983.7692,428983.7692,434083.8775,5100.1083,5100.1083,1035.4,0.203015,1,p:1.1.5.2.2.1
U8453,337,FUSE2,429044.3775,429122.3775,432420.0692,3375.6917,3375.6917,1035.4,0.306722,1,p:2.2.2.1.1.2
U8454,337,FUSE2,429099.7692,429099.7692,435544.2775,6444.5083,6444.5083,1035.4,0.160664,1,p:1.3.1.2.3.1
U8455,337,FUSE2,429160.3775,429234.5775,432188.0692,3027.6917,3027.6917,1035.4,0.341977,1,p:2.1.4.1.2.2
U8456,337,FUSE2,429215.7692,429215.7692,432981.0775,3765.3083,3765.3083,1035.4,0.274984,1,p:1.2.3.2.1.1
U8457,337,FUSE2,429276.3775,429346.7775,434160.0692,4883.6917,4883.6917,1035.4,0.212012,1,p:2.3.5.1.3.2
E339,355,FUSE2,429299.0,429327.9692,431840.0692,2541.0692,2541.0692,2069.0,0.814224,1,p:1.2.2.1.2.2
U8458,337,FUSE2,429331.7692,429440.1692,432503.6692,3171.9,3171.9,1035.4,0.326429,1,p:1.1.2.2.2.1
U5505,220,FUSE0,429392.3775,429458.9775,435436.0692,6043.6917,6043.6917,941.0,0.1557,1,p:2.2.1.1.1.2
U5506,220,FUSE0,429447.7692,429664.5692,432619.6692,3171.9,3171.9,941.0,0.296668,1,p:1.3.4.2.3.1
U5507,220,FUSE0,429508.3775,429571.1775,433000.0692,3491.6917,3491.6917,941.0,0.269497,1,p:2.1.3.1.2.2
U5508,220,FUSE0,429624.3775,429776.7692,435078.6775,5454.3,5454.3,941.0,0.172524,1,p:1.2.5.2.1.1
U5509,220,FUSE0,429671.1775,429683.3775,432768.0692,3096.8917,3096.8917,941.0,0.303853,1,p:2.3.2.1.3.2
U5510,220,FUSE0,429740.3775,429888.9692,435897.8,6157.4225,6157.4225,941.0,0.152824,1,p:1.1.1.2.2.1
U5511,220,FUSE0,429856.3775,429856.3775,433116.0692,3259.6917,3259.6917,941.0,0.288678,1,p:2.2.4.1.1.2
U5512,220,FUSE0,429865.0761,430001.1692,432851.6692,2986.593,2986.593,941.0,0.315075,1,p:1.3.3.2.3.1
U5513,220,FUSE1,429972.3775,429972.3775,435320.0692,5347.6917,5347.6917,1003.0,0.187558,1,p:2.1.5.1.2.2
U5514,220,FUSE1,430088.3775,430113.3692,433735.8775,3647.5,3647.5,1003.0,0.274983,1,p:1.2.2.2.1.1
U5515,220,FUSE1,430131.3692,430131.3692,436016.0692,5884.7,5884.7,1003.0,0.170442,1,p:2.3.1.1.3.2
U5516,220,FUSE1,430204.3775,430225.5692,433619.8775,3415.5,3415.5,1003.0,0.293661,1,p:1.1.4.2.2.1
U5517,220,FUSE1,430247.3692,430247.3692,433812.0692,3564.7,3564.7,1003.0,0.28137,1,p:2.2.3.1.1.2
U5518,220,FUSE1,430320.3775,430337.7692,435781.8,5461.4225,5461.4225,1003.0,0.183652,1,p:1.3.5.2.3.1
U5519,220,FUSE1,430363.3692,430363.3692,433580.0692,3216.7,3216.7,1003.0,0.31181,1,p:2.1.2.1.2.2
U5520,220,FUSE1,430436.3775,430449.9692,436826.6775,6390.3,6390.3,1003.0,0.156957,1,p:1.2.1.2.1.1
U5521,220,FUSE2,430479.3692,430479.3692,433348.0692,2868.7,2868.7,1035.4,0.36093,1,p:2.3.4.1.3.2
U5522,220,FUSE2,430552.3775,430562.1692,433967.8775,3415.5,3415.5,1035.4,0.303147,1,p:1.1.3.2.2.1
U5523,220,FUSE2,430595.3692,430595.3692,435900.0692,5304.7,5304.7,1035.4,0.195185,1,p:2.2.5.1.1.2
U5524,220,FUSE2,430668.3775,430674.3692,433851.8775,3183.5,3183.5,1035.4,0.32524,1,p:1.3.2.2.3.1
U5525,220,FUSE2,430711.3692,430711.3692,436364.0692,5652.7,5652.7,1035.4,0.183169,1,p:2.1.1.1.2.2
U5526,220,FUSE2,430784.3775,430786.5692,434315.8775,3531.5,3531.5,1035.4,0.29319,1,p:1.2.4.2.1.1
U5527,220,FUSE2,430827.3692,430827.3692,433928.0692,3100.7,3100.7,1035.4,0.333925,1,p:2.3.3.1.3.2
U5528,220,FUSE2,430900.3775,430900.3775,436654.2,5753.8225,5753.8225,1035.4,0.17995,1,p:1.1.5.2.3.1
U5529,220,FUSE2,430943.3692,430943.3692,434431.8775,3488.5083,3488.5083,1035.4,0.296803,1,p:2.2.2.2.2.1
U1511,61,FUSE0,431059.3692,431059.3692,437292.0692,6232.7,6232.7,941.0,0.150978,1,p:1.3.1.1.1.2
U1512,61,FUSE0,431089.5775,431089.5775,433696.0692,2606.4917,2606.4917,941.0,0.361022,1,p:2.1.4.1.2.2
U1513,61,FUSE0,431175.3692,431175.3692,434663.8775,3488.5083,3488.5083,941.0,0.269743,1,p:1.2.3.2.1.1
U1514,61,FUSE0,431205.5775,431205.5775,436480.0692,5274.4917,5274.4917,941.0,0.178406,1,p:2.3.5.1.1.2
U1515,61,FUSE0,431291.3692,431291.3692,437174.6775,5883.3083,5883.3083,941.0,0.159944,1,p:1.1.1.2.2.1
U1516,61,FUSE0,431374.9692,431374.9692,434392.0692,3017.1,3017.1,941.0,0.311889,1,p:2.2.2.1.3.2
U1517,61,FUSE0,431407.3692,431407.3692,434547.8775,3140.5083,3140.5083,941.0,0.299633,1,p:1.3.4.2.3.1
U1518,61,FUSE0,431490.9692,431490.9692,434740.0692,3249.1,3249.1,941.0,0.289619,1,p:2.1.3.1.2.2
U1519,61,FUSE0,431523.3692,431523.3692,437290.6775,5767.3083,5767.3083,941.0,0.163161,1,p:1.2.5.2.1.1
U1520,61,FUSE1,431606.9692,431606.9692,437524.0692,5917.1,5917.1,1003.0,0.169509,1,p:2.3.1.1.3.2
U1521,61,FUSE1,431639.3692,431639.3692,434779.8775,3140.5083,3140.5083,1003.0,0.319375,1,p:1.1.2.2.2.1
U1522,61,FUSE1,431722.9692,431722.9692,434624.0692,2901.1,2901.1,1003.0,0.345731,1,p:2.2.4.1.1.2
U1523,61,FUSE1,431755.3692,431755.3692,435194.6775,3439.3083,3439.3083,1003.0,0.291628,1,p:1.3.3.2.3.1
U1524,61,FUSE1,431838.9692,431838.9692,436596.0692,4757.1,4757.1,1003.0,0.210843,1,p:2.1.5.1.2.2
U1525,61,FUSE1,431871.3692,431871.3692,438450.6775,6579.3083,6579.3083,1003.0,0.152448,1,p:1.2.1.2.1.1
U1526,61,FUSE1,431954.9692,431954.9692,434856.0692,2901.1,2901.1,1003.0,0.345731,1,p:2.3.2.1.3.2
U1527,61,FUSE1,431987.3692,431987.3692,435310.6775,3323.3083,3323.3083,1003.0,0.301808,1,p:1.1.4.2.2.1
U1528,61,FUSE1,432070.9692,432070.9692,435088.0692,3017.1,3017.1,1003.0,0.332438,1,p:2.2.3.1.1.2
U1529,61,FUSE2,432103.3692,432103.3692,437522.6775,5419.3083,5419.3083,1035.4,0.191058,1,p:1.3.5.2.3.1
U1530,61,FUSE2,432186.9692,432186.9692,437756.0692,5569.1,5569.1,1035.4,0.185919,1,p:2.1.1.1.2.2
U1531,61,FUSE2,432219.3692,432219.3692,435428.2775,3208.9083,3208.9083,1035.4,0.322664,1,p:1.2.2.2.1.1
U1532,61,FUSE2,432302.9692,432302.9692,435204.0692,2901.1,2901.1,1035.4,0.356899,1,p:2.3.4.1.3.2
U1533,61,FUSE2,432335.3692,432335.3692,435660.2775,3324.9083,3324.9083,1035.4,0.311407,1,p:1.1.3.2.2.1
U1534,61,FUSE2,432418.9692,432418.9692,437872.0692,5453.1,5453.1,1035.4,0.189874,1,p:2.2.5.1.1.2
U1535,61,FUSE2,432451.3692,432451.3692,438220.0692,5768.7,5768.7,1035.4,0.179486,1,p:1.3.1.1.2.2
U1536,61,FUSE2,432534.9692,432534.9692,435552.0692,3017.1,3017.1,1035.4,0.343177,1,p:2.1.2.1.3.2
U1243,50,FUSE0,432567.3692,432567.3692,436013.8,3446.4308,3446.4308,941.0,0.273036,1,p:1.2.4.2.1.1
U1244,50,FUSE0,432650.9692,432650.9692,436131.4,3480.4308,3480.4308,941.0,0.270369,1,p:2.3.3.2.3.1
U1245,50,FUSE0,432683.3692,432683.3692,437754.6775,5071.3083,5071.3083,941.0,0.185554,1,p:1.1.5.2.2.1
U1246,50,FUSE0,432766.9692,432766.9692,435668.0692,2901.1,2901.1,941.0,0.32436,1,p:2.2.4.1.2.2
U1247,50,FUSE0,432799.3692,432799.3692,438690.6775,5891.3083,5891.3083,941.0,0.159727,1,p:1.3.1.2.3.1
U1248,50,FUSE0,432882.9692,432882.9692,436132.0692,3249.1,3249.1,941.0,0.289619,1,p:2.1.3.1.1.2
U1249,50,FUSE0,432915.3692,432915.3692,436538.2,3622.8308,3622.8308,941.0,0.259742,1,p:1.2.2.2.1.1
U1250,50,FUSE0,433012.3775,433012.3775,438104.0692,5091.6917,5091.6917,941.0,0.184811,1,p:2.3.5.1.3.2
U1251,50,FUSE1,433031.3692,433031.3692,436306.2,3274.8308,3274.8308,1003.0,0.306275,1,p:1.1.4.2.3.1
U1252,50,FUSE1,433147.3692,433147.3692,439496.0692,6348.7,6348.7,1003.0,0.157985,1,p:2.2.1.1.1.2
U1253,50,FUSE1,433187.1775,433187.1775,436422.2,3235.0225,3235.0225,1003.0,0.310044,1,p:1.3.3.2.2.1
U1254,50,FUSE1,433263.3692,433263.3692,435784.0692,2520.7,2520.7,1003.0,0.397905,1,p:2.1.2.1.2.2
U1255,50,FUSE1,433303.1775,433303.1775,438574.6775,5271.5,5271.5,1003.0,0.190268,1,p:1.2.5.2.1.1
U1256,50,FUSE1,433379.3692,433379.3692,436712.0692,3332.7,3332.7,1003.0,0.300957,1,p:2.3.4.1.1.2
U1257,50,FUSE1,433419.1775,433419.1775,439154.6775,5735.5,5735.5,1003.0,0.174876,1,p:1.1.1.2.2.1
U1258,50,FUSE1,433495.3692,433495.3692,436248.0692,2752.7,2752.7,1003.0,0.36437,1,p:2.2.3.1.3.2
U1259,50,FUSE2,433535.1775,433535.1775,436942.6775,3407.5,3407.5,1035.4,0.303859,1,p:1.3.2.2.3.1
U1260,50,FUSE2,433611.3692,433611.3692,438568.0692,4956.7,4956.7,1035.4,0.208889,1,p:2.1.5.1.2.2
U1261,50,FUSE2,433651.1775,433651.1775,436944.0692,3292.8917,3292.8917,1035.4,0.314435,1,p:1.2.4.1.1.2
U1262,50,FUSE2,433727.3692,433727.3692,440321.0775,6593.7083,6593.7083,1035.4,0.157028,1,p:2.3.1.2.1.1
U1263,50,FUSE2,433767.1775,433767.1775,437058.6775,3291.5,3291.5,1035.4,0.314568,1,p:1.1.3.2.2.1
U1264,50,FUSE2,433843.3692,433843.3692,437060.0692,3216.7,3216.7,1035.4,0.321883,1,p:2.2.2.1.3.2
U1265,50,FUSE2,433883.1775,433883.1775,438922.6775,5039.5,5039.5,1035.4,0.205457,1,p:1.3.5.2.3.1
U1266,50,FUSE2,433959.3692,433959.3692,437408.0692,3448.7,3448.7,1035.4,0.300229,1,p:2.1.4.1.3.2
U1267,50,FUSE2,433999.1775,433999.1775,440437.0775,6437.9,6437.9,1035.4,0.160829,1,p:1.2.1.2.2.1
U5228,209,FUSE0,434075.3692,434075.3692,437176.0692,3100.7,3100.7,941.0,0.30348,1,p:2.3.3.1.2.2
U5229,209,FUSE0,434115.1775,434115.1775,437406.6775,3291.5,3291.5,941.0,0.285888,1,p:1.1.2.2.1.1
U5230,209,FUSE0,434191.3692,434191.3692,439612.0692,5420.7,5420.7,941.0,0.173594,1,p:2.2.5.1.1.2
U5231,209,FUSE0,434231.1775,434231.1775,437638.6775,3407.5,3407.5,941.0,0.276156,1,p:1.3.3.2.3.1
U5232,209,FUSE0,434307.3692,434307.3692,436828.0692,2520.7,2520.7,941.0,0.373309,1,p:2.1.2.1.2.2
U5233,209,FUSE0,434347.1775,434347.1775,437870.6775,3523.5,3523.5,941.0,0.267064,1,p:1.2.4.2.1.1
U5234,209,FUSE0,434423.3692,434423.3692,440424.0692,6000.7,6000.7,941.0,0.156815,1,p:2.3.1.1.3.2
U5235,209,FUSE0,434463.1775,434463.1775,439618.6775,5155.5,5155.5,941.0,0.182524,1,p:1.1.5.2.2.1
U5236,209,FUSE0,434539.3692,434539.3692,437988.0692,3448.7,3448.7,941.0,0.272856,1,p:2.2.3.1.1.2
U3328,133,FUSE2,434558.0,434575.3775,440089.0775,5531.0775,5531.0775,2524.6,0.456439,1,p:1.1.5.2.3.1
U5237,209,FUSE1,434579.1775,434687.5775,437986.6775,3407.5,3407.5,1003.0,0.294351,1,p:1.3.2.2.3.1
U5238,209,FUSE1,434655.3692,434655.3692,437640.0692,2984.7,2984.7,1003.0,0.336047,1,p:2.1.4.1.2.2
U5239,209,FUSE1,434695.1775,434799.7775,441713.0775,7017.9,7017.9,1003.0,0.14292,1,p:1.2.1.2.1.1
U5240,209,FUSE1,434771.3692,434771.3692,439960.0692,5188.7,5188.7,1003.0,0.193305,1,p:2.3.5.1.3.2
U5241,209,FUSE1,434811.1775,434911.9775,438102.6775,3291.5,3291.5,1003.0,0.304724,1,p:1.1.3.2.2.1
U5242,209,FUSE1,434887.3692,434887.3692,438336.0692,3448.7,3448.7,1003.0,0.290834,1,p:2.2.2.1.1.2
U5243,209,FUSE1,434927.1775,435024.1775,438218.6775,3291.5,3291.5,1003.0,0.304724,1,p:1.3.4.2.3.1
U5244,209,FUSE1,435003.3692,435003.3692,440772.0692,5768.7,5768.7,1003.0,0.173869,1,p:2.1.1.1.2.2
U5245,209,FUSE1,435109.9775,435136.3775,441017.0775,5907.1,5907.1,1003.0,0.169796,1,p:1.2.5.2.1.1
U5246,209,FUSE2,435119.3692,435119.3692,438452.0692,3332.7,3332.7,1035.4,0.310679,1,p:2.3.3.1.3.2
U5247,209,FUSE2,435225.9775,435248.5775,438334.6775,3108.7,3108.7,1035.4,0.333065,1,p:1.1.2.2.2.1
U5248,209,FUSE2,435235.3692,435235.3692,438684.0692,3448.7,3448.7,1035.4,0.300229,1,p:2.2.4.1.1.2
U5249,209,FUSE2,435341.9775,435360.7775,441481.0775,6139.1,6139.1,1035.4,0.168657,1,p:1.3.1.2.3.1
U5250,209,FUSE2,435351.3692,435351.3692,440540.0692,5188.7,5188.7,1035.4,0.199549,1,p:2.1.5.1.2.2
U5251,209,FUSE2,435459.5775,435472.9775,439038.6775,3579.1,3579.1,1035.4,0.289291,1,p:1.2.3.2.1.1
U5252,209,FUSE2,435467.3692,435467.3692,438800.0692,3332.7,3332.7,1035.4,0.310679,1,p:2.3.2.1.3.2
U5253,209,FUSE2,435575.5775,435585.1775,439032.0692,3456.4917,3456.4917,1035.4,0.299552,1,p:1.1.4.1.1.2
U5254,209,FUSE2,435583.3692,435583.3692,441829.0775,6245.7083,6245.7083,1035.4,0.165778,1,p:2.2.1.2.2.1
U4367,175,FUSE0,435691.5775,435697.3775,441249.0775,5557.5,5557.5,941.0,0.169321,1,p:1.3.5.2.3.1
U4368,175,FUSE0,435699.3692,435699.3692,438916.0692,3216.7,3216.7,941.0,0.292536,1,p:2.1.3.1.2.2
U4369,175,FUSE0,435813.1,435813.1,439270.6775,3457.5775,3457.5775,941.0,0.272156,1,p:1.2.2.2.1.1
U4370,175,FUSE0,435815.3692,435815.3692,441236.0692,5420.7,5420.7,941.0,0.173594,1,p:2.3.5.1.1.2
U4371,175,FUSE0,435929.1,435929.1,438806.6775,2877.5775,2877.5775,941.0,0.327011,1,p:1.1.4.2.2.1
U4372,175,FUSE0,435931.3692,435931.3692,441352.0692,5420.7,5420.7,941.0,0.173594,1,p:2.2.1.1.3.2
U4373,175,FUSE0,436045.1,436045.1,439386.6775,3341.5775,3341.5775,941.0,0.281604,1,p:1.3.3.2.3.1
U4374,175,FUSE1,436047.3692,436047.3692,439148.0692,3100.7,3100.7,1003.0,0.323475,1,p:2.1.2.1.2.2
U4375,175,FUSE1,436162.7,436162.7,442061.0775,5898.3775,5898.3775,1003.0,0.170047,1,p:1.2.5.2.2.1
U4376,175,FUSE1,436163.3692,436163.3692,439264.0692,3100.7,3100.7,1003.0,0.323475,1,p:2.3.4.1.3.2
U4377,175,FUSE1,436279.3692,436279.3692,442757.0775,6477.7083,6477.7083,1003.0,0.154839,1,p:1.1.1.2.1.1
U4378,175,FUSE1,436337.5,436337.5,439844.0692,3506.5692,3506.5692,1003.0,0.286035,1,p:2.2.3.1.1.2
U4379,175,FUSE1,436395.3692,436395.3692,439502.6775,3107.3083,3107.3083,1003.0,0.322787,1,p:1.3.2.2.3.1
U4380,175,FUSE1,436453.5,436453.5,441584.0692,5130.5692,5130.5692,1003.0,0.195495,1,p:2.1.5.1.3.2
U4381,175,FUSE2,436511.3692,436511.3692,439973.0775,3461.7083,3461.7083,1035.4,0.299101,1,p:1.2.4.2.1.1
U4382,175,FUSE2,436569.5,436569.5,442164.0692,5594.5692,5594.5692,1035.4,0.185072,1,p:2.3.1.1.2.2
U4383,175,FUSE2,436627.3692,436627.3692,439734.6775,3107.3083,3107.3083,1035.4,0.333214,1,p:1.1.3.2.2.1
U4384,175,FUSE2,436685.5,436685.5,440076.0692,3390.5692,3390.5692,1035.4,0.305376,1,p:2.2.2.1.1.2
U4385,175,FUSE2,436743.3692,436743.3692,442409.0775,5665.7083,5665.7083,1035.4,0.182749,1,p:1.3.5.2.3.1
U4386,175,FUSE2,436857.9775,436857.9775,440553.0775,3695.1,3695.1,1035.4,0.280209,1,p:2.1.4.2.1.1
U4387,175,FUSE2,436859.3692,436859.3692,442628.0692,5768.7,5768.7,1035.4,0.179486,1,p:1.2.1.1.2.2
U4492,180,FUSE0,436973.9775,436973.9775,439728.0692,2754.0917,2754.0917,941.0,0.341673,1,p:2.3.3.1.3.2
U4493,180,FUSE0,436975.3692,436975.3692,440205.0775,3229.7083,3229.7083,941.0,0.291358,1,p:1.1.2.2.2.1
U4494,180,FUSE0,437089.9775,437089.9775,442512.0692,5422.0917,5422.0917,941.0,0.173549,1,p:2.2.5.1.1.2
U4495,180,FUSE0,437091.3692,437091.3692,440901.0775,3809.7083,3809.7083,941.0,0.247001,1,p:1.3.3.2.1.1
U4496,180,FUSE0,437205.9775,437205.9775,439380.0692,2174.0917,2174.0917,941.0,0.432824,1,p:2.1.4.1.2.2
U4497,180,FUSE0,437207.3692,437207.3692,443453.0775,6245.7083,6245.7083,941.0,0.150663,1,p:1.2.1.2.3.1
U4498,180,FUSE0,437321.9775,437321.9775,440192.0692,2870.0917,2870.0917,941.0,0.327864,1,p:2.3.2.1.3.2
U4499,180,FUSE1,437323.3692,437323.3692,443337.0775,6013.7083,6013.7083,1003.0,0.166786,1,p:1.1.5.2.2.1
U4500,180,FUSE1,437437.9775,437437.9775,440308.0692,2870.0917,2870.0917,1003.0,0.349466,1,p:2.2.3.1.2.2
U4501,180,FUSE1,437439.3692,437439.3692,440669.0775,3229.7083,3229.7083,1003.0,0.310554,1,p:1.3.4.2.3.1
U4502,180,FUSE1,437553.9775,437553.9775,443447.4775,5893.5,5893.5,1003.0,0.170187,1,p:2.1.1.1.1.2
U4503,180,FUSE1,437555.3692,437555.3692,441365.0775,3809.7083,3809.7083,1003.0,0.263275,1,p:1.2.2.2.1.1
U4504,180,FUSE1,437669.9775,437669.9775,442744.0692,5074.0917,5074.0917,1003.0,0.197671,1,p:2.3.5.1.3.2
U4505,180,FUSE1,437671.3692,437671.3692,440785.0775,3113.7083,3113.7083,1003.0,0.322124,1,p:1.1.3.2.3.1
U4506,180,FUSE2,437785.9775,437785.9775,440656.0692,2870.0917,2870.0917,1035.4,0.360755,1,p:2.2.4.1.1.2
U4507,180,FUSE2,437787.3692,437787.3692,443917.0775,6129.7083,6129.7083,1035.4,0.168915,1,p:1.3.1.2.2.1
U4508,180,FUSE2,437901.9775,437901.9775,440888.0692,2986.0917,2986.0917,1035.4,0.346741,1,p:2.1.2.1.2.2
U4509,180,FUSE2,437903.3692,437903.3692,443105.0775,5201.7083,5201.7083,1035.4,0.19905,1,p:1.2.5.1.3.1
U4510,180,FUSE2,438017.9775,438017.9775,441816.0692,3798.0917,3798.0917,1035.4,0.272611,1,p:2.3.3.2.3.2
U4511,180,FUSE2,438019.3692,438019.3692,441133.0775,3113.7083,3113.7083,1035.4,0.33253,1,p:1.1.4.1.2.1
U4512,180,FUSE2,438133.9775,438133.9775,444839.4775,6705.5,6705.5,1035.4,0.154411,1,p:2.2.1.2.1.2
U4513,180,FUSE2,438135.3692,438135.3692,441597.0775,3461.7083,3461.7083,1035.4,0.299101,1,p:1.3.2.2.2.1
U4058,163,FUSE0,438249.9775,438249.9775,444143.4775,5893.5,5893.5,941.0,0.159667,1,p:2.1.5.1.1.2
U4059,163,FUSE0,438251.3692,438251.3692,441120.0692,2868.7,2868.7,941.0,0.328023,1,p:1.2.3.1.2.2
U4060,163,FUSE0,438365.9775,438365.9775,441945.0775,3579.1,3579.1,941.0,0.262915,1,p:2.3.4.2.1.1
U4061,163,FUSE0,438367.3692,438367.3692,444027.4775,5660.1083,5660.1083,941.0,0.166251,1,p:1.1.1.1.3.2
U4062,163,FUSE0,438481.9775,438481.9775,444033.0775,5551.1,5551.1,941.0,0.169516,1,p:2.2.5.2.3.1
U4063,163,FUSE0,438483.3692,438483.3692,441700.0692,3216.7,3216.7,941.0,0.292536,1,p:1.3.2.1.1.2
U4064,163,FUSE0,438599.3692,438599.3692,442525.0775,3925.7083,3925.7083,941.0,0.239702,1,p:2.1.3.2.1.1
U4065,163,FUSE0,438605.9775,438605.9775,441004.0692,2398.0917,2398.0917,941.0,0.392395,1,p:1.2.4.1.3.2
U4066,163,FUSE0,438715.3692,438715.3692,444845.0775,6129.7083,6129.7083,941.0,0.153515,1,p:2.3.1.2.2.1
U4067,163,FUSE1,438721.9775,438721.9775,444259.4775,5537.5,5537.5,1003.0,0.181129,1,p:1.1.5.1.2.2
U4068,163,FUSE1,438831.3692,438831.3692,442177.0775,3345.7083,3345.7083,1003.0,0.299787,1,p:2.2.2.2.3.1
U4069,163,FUSE1,438837.9775,438837.9775,441932.0692,3094.0917,3094.0917,1003.0,0.324166,1,p:1.3.3.1.3.2
U4070,163,FUSE1,438947.3692,438947.3692,442293.0775,3345.7083,3345.7083,1003.0,0.299787,1,p:2.1.4.2.2.1
U4071,163,FUSE1,438953.9775,438953.9775,444955.4775,6001.5,6001.5,1003.0,0.167125,1,p:1.2.1.1.1.2
U4072,163,FUSE1,439063.3692,439063.3692,445193.0775,6129.7083,6129.7083,1003.0,0.163629,1,p:2.3.5.2.1.1
U4073,163,FUSE1,439069.9775,439069.9775,441468.0692,2398.0917,2398.0917,1003.0,0.418249,1,p:1.1.2.1.2.2
U4074,163,FUSE1,439179.3692,439179.3692,442641.0775,3461.7083,3461.7083,1003.0,0.289741,1,p:2.2.3.2.3.1
U4075,163,FUSE1,439185.9775,439185.9775,442048.0692,2862.0917,2862.0917,1003.0,0.350443,1,p:1.3.4.1.1.2
U4076,163,FUSE2,439295.3692,439295.3692,445773.0775,6477.7083,6477.7083,1035.4,0.15984,1,p:2.1.1.2.2.1
U4077,163,FUSE2,439301.9775,439301.9775,444723.4775,5421.5,5421.5,1035.4,0.19098,1,p:1.2.5.1.3.2
U4078,163,FUSE2,439411.3692,439411.3692,443221.0775,3809.7083,3809.7083,1035.4,0.271779,1,p:2.3.2.2.1.1
U4079,163,FUSE2,439417.9775,439417.9775,442860.0692,3442.0917,3442.0917,1035.4,0.300805,1,p:1.1.3.1.2.2
E347,353,FUSE0,439527.3692,439527.3692,444961.0775,5433.7083,5433.7083,941.0,0.173178,1,p:2.2.1.2.3.1
E348,353,FUSE0,439533.9775,439533.9775,442989.0775,3455.1,3455.1,941.0,0.272351,1,p:1.1.2.2.2.1
E349,353,FUSE0,439643.3692,439643.3692,442396.0692,2752.7,2752.7,941.0,0.341846,1,p:2.3.3.1.2.2
E350,353,FUSE0,439649.9775,439649.9775,442280.0692,2630.0917,2630.0917,941.0,0.357782,1,p:1.2.4.1.1.2
E351,353,FUSE0,439759.3692,439759.3692,442976.0692,3216.7,3216.7,941.0,0.292536,1,p:2.1.4.1.1.2
E352,353,FUSE0,439765.9775,439765.9775,445187.4775,5421.5,5421.5,941.0,0.173568,1,p:1.3.5.2.3.2
E353,353,FUSE0,439875.3692,439875.3692,442873.0775,2997.7083,2997.7083,941.0,0.313906,1,p:2.2.4.2.3.1
E354,353,FUSE0,439991.3692,439991.3692,445535.4775,5544.1083,5544.1083,941.0,0.16973,1,p:1.1.5.1.1.2
E355,353,FUSE0,440004.3775,440004.3775,445077.0775,5072.7,5072.7,941.0,0.185503,1,p:2.3.5.1.2.1
E356,353,FUSE0,440107.3692,440107.3692,445303.4775,5196.1083,5196.1083,941.0,0.181097,1,p:1.2.1.1.2.2
E357,353,FUSE0,440120.3775,440120.3775,443801.0775,3680.7,3680.7,941.0,0.255658,1,p:2.1.2.2.1.1
E358,353,FUSE0,440223.3692,440223.3692,443215.4775,2992.1083,2992.1083,941.0,0.314494,1,p:1.3.2.2.2.2
E359,353,FUSE0,440236.3775,440236.3775,443685.0775,3448.7,3448.7,941.0,0.272856,1,p:2.2.3.2.2.1
E360,353,FUSE1,440339.3692,440339.3692,445657.0775,5317.7083,5317.7083,1003.0,0.188615,1,p:1.1.1.1.3.1
E361,353,FUSE1,440352.3775,440352.3775,446005.0775,5652.7,5652.7,1003.0,0.177437,1,p:2.3.1.2.3.1
E362,353,FUSE1,440455.3692,440455.3692,443099.4775,2644.1083,2644.1083,1003.0,0.379334,1,p:1.2.4.1.1.2
E363,353,FUSE1,440468.3775,440468.3775,444375.4775,3907.1,3907.1,1003.0,0.256712,1,p:2.1.3.2.1.2
E364,353,FUSE1,440571.3692,440571.3692,443679.4775,3108.1083,3108.1083,1003.0,0.322704,1,p:1.3.3.1.1.2
E365,353,FUSE1,440584.3775,440584.3775,445889.0775,5304.7,5304.7,1003.0,0.189078,1,p:2.2.5.1.1.1
E366,353,FUSE1,440687.3692,440687.3692,443563.4775,2876.1083,2876.1083,1003.0,0.348735,1,p:1.1.2.1.2.2
E367,353,FUSE1,440700.3775,440700.3775,443569.0775,2868.7,2868.7,1003.0,0.349636,1,p:2.3.2.2.3.1
E368,353,FUSE1,440803.3692,440803.3692,444149.0775,3345.7083,3345.7083,1003.0,0.299787,1,p:1.2.4.2.1.1
E369,353,FUSE1,440816.3775,440816.3775,446463.4775,5647.1,5647.1,1003.0,0.177613,1,p:2.1.5.2.3.2
E370,353,FUSE1,440919.3692,440919.3692,445999.4775,5080.1083,5080.1083,1003.0,0.197437,1,p:1.3.5.1.2.2
E371,353,FUSE1,440932.3775,440932.3775,446933.0775,6000.7,6000.7,1003.0,0.167147,1,p:2.2.1.2.1.1
E372,353,FUSE1,441035.3692,441035.3692,443911.4775,2876.1083,2876.1083,1003.0,0.348735,1,p:1.1.4.1.2.2
E373,353,FUSE1,441048.3775,441048.3775,443331.4775,2283.1,2283.1,1003.0,0.439315,1,p:2.3.4.1.3.2
E374,353,FUSE1,441151.3692,441151.3692,443795.4775,2644.1083,2644.1083,1003.0,0.379334,1,p:1.2.3.1.3.2
E375,353,FUSE2,441164.3775,441164.3775,447043.4775,5879.1,5879.1,1035.4,0.176115,1,p:2.1.1.1.2.2
E376,353,FUSE2,441267.3692,441267.3692,446811.4775,5544.1083,5544.1083,1035.4,0.186757,1,p:1.3.1.1.1.2
E377,353,FUSE2,441280.3775,441280.3775,444265.0775,2984.7,2984.7,1035.4,0.346903,1,p:2.2.2.2.3.1
E378,353,FUSE2,441383.3692,441383.3692,444729.0775,3345.7083,3345.7083,1035.4,0.309471,1,p:1.1.3.2.3.1
E379,353,FUSE2,441396.3775,441396.3775,444497.0775,3100.7,3100.7,1035.4,0.333925,1,p:2.3.3.1.1.1
E380,353,FUSE2,441499.3692,441499.3692,446579.4775,5080.1083,5080.1083,1035.4,0.203815,1,p:1.2.5.1.2.2
E381,353,FUSE2,441512.3775,441512.3775,444491.4775,2979.1,2979.1,1035.4,0.347555,1,p:2.1.4.1.3.2
E382,353,FUSE2,441615.3692,441615.3692,444613.0775,2997.7083,2997.7083,1035.4,0.345397,1,p:1.3.4.2.2.1
E383,353,FUSE2,441628.3775,441628.3775,444607.4775,2979.1,2979.1,1035.4,0.347555,1,p:2.2.2.2.2.2
E384,353,FUSE2,441731.3692,441731.3692,445071.4775,3340.1083,3340.1083,1035.4,0.30999,1,p:1.1.3.1.1.2
E385,353,FUSE2,441744.3775,441744.3775,447049.0775,5304.7,5304.7,1035.4,0.195185,1,p:2.3.5.2.3.1
E386,353,FUSE2,441847.3692,441847.3692,447391.4775,5544.1083,5544.1083,1035.4,0.186757,1,p:1.2.1.2.3.2
E387,353,FUSE2,441860.3775,441860.3775,446927.4775,5067.1,5067.1,1035.4,0.204338,1,p:2.1.5.1.3.2
E388,353,FUSE2,441963.3692,441963.3692,444381.0775,2417.7083,2417.7083,1035.4,0.428257,1,p:1.3.2.1.2.1
U4080,163,FUSE2,441976.3775,441976.3775,445309.0775,3332.7,3332.7,1035.4,0.310679,1,p:2.2.4.2.3.1
U4081,163,FUSE2,442079.3692,442079.3692,448203.4775,6124.1083,6124.1083,1035.4,0.16907,1,p:1.3.1.1.1.2
U4082,163,FUSE2,442092.3775,442092.3775,447623.4775,5531.1,5531.1,1035.4,0.187196,1,p:2.1.5.1.2.2
U4083,163,FUSE2,442195.3692,442195.3692,445425.0775,3229.7083,3229.7083,1035.4,0.320586,1,p:1.2.2.2.2.1
U4084,163,FUSE2,442208.3775,442208.3775,445541.0775,3332.7,3332.7,1035.4,0.310679,1,p:2.3.3.2.3.1
U7183,287,FUSE0,442311.3692,442311.3692,446121.0775,3809.7083,3809.7083,941.0,0.247001,1,p:1.1.4.2.1.1
U7184,287,FUSE0,442324.3775,442324.3775,447739.4775,5415.1,5415.1,941.0,0.173773,1,p:2.2.1.1.3.2
U7185,287,FUSE0,442427.3692,442427.3692,448087.4775,5660.1083,5660.1083,941.0,0.166251,1,p:1.3.5.1.3.2
U7186,287,FUSE0,442440.3775,442440.3775,446585.0775,4144.7,4144.7,941.0,0.227037,1,p:2.1.4.2.1.1
U7187,287,FUSE0,442543.3692,442543.3692,445419.4775,2876.1083,2876.1083,941.0,0.327178,1,p:1.2.2.1.1.2
U7188,287,FUSE0,442556.3775,442556.3775,448168.4648,5612.0873,5612.0873,941.0,0.167674,1,p:2.3.1.2.2.1
U7189,287,FUSE0,442659.3692,442659.3692,445651.4775,2992.1083,2992.1083,941.0,0.314494,1,p:1.1.3.1.2.2
U7190,287,FUSE0,442672.3775,442672.3775,448632.4648,5960.0873,5960.0873,941.0,0.157884,1,p:2.2.5.2.3.1
U7191,287,FUSE0,442775.3692,442775.3692,445767.4775,2992.1083,2992.1083,941.0,0.314494,1,p:1.3.4.1.1.2
U7192,287,FUSE1,442788.3775,442788.3775,446237.0775,3448.7,3448.7,1003.0,0.290834,1,p:2.1.2.2.2.1
U7193,287,FUSE1,442891.3692,442891.3692,448899.4775,6008.1083,6008.1083,1003.0,0.166941,1,p:1.2.1.1.3.2
U7194,287,FUSE1,442904.3775,442904.3775,446701.0775,3796.7,3796.7,1003.0,0.264177,1,p:2.3.3.2.1.1
U7195,287,FUSE1,443007.3692,443007.3692,448667.4775,5660.1083,5660.1083,1003.0,0.177205,1,p:1.1.5.1.2.2
U7196,287,FUSE1,443020.3775,443020.3775,446353.0775,3332.7,3332.7,1003.0,0.300957,1,p:2.2.4.2.3.1
U7197,287,FUSE1,443130.7775,443130.7775,446115.4775,2984.7,2984.7,1003.0,0.336047,1,p:1.3.2.1.1.2
U7198,287,FUSE1,443136.3775,443136.3775,448864.4648,5728.0873,5728.0873,1003.0,0.175102,1,p:2.1.1.2.2.1
U7199,287,FUSE1,443246.7775,443246.7775,445883.4775,2636.7,2636.7,1003.0,0.3804,1,p:1.2.3.1.3.2
U7200,287,FUSE1,443252.3775,443252.3775,448980.4648,5728.0873,5728.0873,1003.0,0.175102,1,p:2.3.5.2.1.1
U7201,287,FUSE2,443362.7775,443362.7775,446231.4775,2868.7,2868.7,1035.4,0.36093,1,p:1.1.4.1.2.2
U7202,287,FUSE2,443368.3775,443368.3775,446469.0775,3100.7,3100.7,1035.4,0.333925,1,p:2.2.2.2.3.1
U7203,287,FUSE2,443478.7775,443478.7775,449247.4775,5768.7,5768.7,1035.4,0.179486,1,p:1.3.1.1.1.2
U7204,287,FUSE2,443484.3775,443484.3775,446817.0775,3332.7,3332.7,1035.4,0.310679,1,p:2.1.3.2.2.1
U7205,287,FUSE2,443594.7775,443594.7775,449479.4775,5884.7,5884.7,1035.4,0.175948,1,p:1.2.5.1.3.2
U7206,287,FUSE2,443600.3775,443600.3775,447397.0775,3796.7,3796.7,1035.4,0.272711,1,p:2.3.4.2.1.1
U7207,287,FUSE2,443710.7775,443710.7775,446347.4775,2636.7,2636.7,1035.4,0.392688,1,p:1.1.2.1.2.2
U7208,287,FUSE2,443716.3775,443716.3775,449566.8648,5850.4873,5850.4873,1035.4,0.176977,1,p:2.2.1.2.3.1
U7209,287,FUSE2,443826.7775,443826.7775,447159.4775,3332.7,3332.7,1035.4,0.310679,1,p:1.3.3.1.1.2
U7210,287,FUSE2,443832.3775,443832.3775,449711.4775,5879.1,5879.1,1035.4,0.176115,1,p:2.1.5.1.2.2
U3502,141,FUSE0,443942.7775,443942.7775,447165.0775,3222.3,3222.3,941.0,0.292027,1,p:1.2.4.2.2.1
U3503,141,FUSE0,443948.3775,443948.3775,447745.0775,3796.7,3796.7,941.0,0.247847,1,p:2.3.2.2.1.1
U3504,141,FUSE0,444058.7775,444058.7775,450059.4775,6000.7,6000.7,941.0,0.156815,1,p:1.1.1.1.3.2
U3505,141,FUSE0,444064.3775,444064.3775,447281.0775,3216.7,3216.7,941.0,0.292536,1,p:2.2.3.2.3.1
U3506,141,FUSE0,444174.7775,444174.7775,447507.4775,3332.7,3332.7,941.0,0.282354,1,p:1.3.4.1.1.2
U3507,141,FUSE0,444180.3775,444180.3775,449682.8648,5502.4873,5502.4873,941.0,0.171014,1,p:2.1.5.2.1.1
U3508,141,FUSE0,444290.7775,444290.7775,446695.4775,2404.7,2404.7,941.0,0.391317,1,p:1.2.2.1.3.2
U3509,141,FUSE0,444296.3775,444296.3775,449914.8648,5618.4873,5618.4873,941.0,0.167483,1,p:2.3.1.2.2.1
U3510,141,FUSE1,444406.7775,444406.7775,447275.4775,2868.7,2868.7,1003.0,0.349636,1,p:1.1.3.1.2.2
U3511,141,FUSE1,444412.3775,444412.3775,447629.0775,3216.7,3216.7,1003.0,0.31181,1,p:2.2.4.2.3.1
U3512,141,FUSE1,444522.7775,444522.7775,450291.4775,5768.7,5768.7,1003.0,0.173869,1,p:1.3.5.1.3.2
U3513,141,FUSE1,444528.3775,444528.3775,447513.0775,2984.7,2984.7,1003.0,0.336047,1,p:2.1.2.2.2.1
U3514,141,FUSE1,444638.7775,444638.7775,450407.4775,5768.7,5768.7,1003.0,0.173869,1,p:1.2.1.1.1.2
U3515,141,FUSE1,444644.3775,444644.3775,448052.4648,3408.0873,3408.0873,1003.0,0.2943,1,p:2.3.3.2.1.1
U3516,141,FUSE1,444754.7775,444754.7775,447971.4775,3216.7,3216.7,1003.0,0.31181,1,p:1.1.4.1.2.2
U3517,141,FUSE1,444760.3775,444760.3775,450262.8648,5502.4873,5502.4873,1003.0,0.182281,1,p:2.2.5.2.2.1
U3518,141,FUSE2,444870.7775,444870.7775,447855.4775,2984.7,2984.7,1035.4,0.346903,1,p:1.3.2.1.1.2
U3519,141,FUSE2,444876.3775,444876.3775,450647.6648,5771.2873,5771.2873,1035.4,0.179405,1,p:2.1.1.2.3.1
U3520,141,FUSE2,444986.7775,444986.7775,448435.4775,3448.7,3448.7,1035.4,0.300229,1,p:1.2.3.1.3.2
U3521,141,FUSE2,444992.3775,444992.3775,448284.4648,3292.0873,3292.0873,1035.4,0.314512,1,p:2.3.4.2.1.1
U3522,141,FUSE2,445102.7775,445102.7775,450871.4775,5768.7,5768.7,1035.4,0.179486,1,p:1.1.5.1.1.2
U3523,141,FUSE2,445108.3775,445108.3775,447936.4648,2828.0873,2828.0873,1035.4,0.366113,1,p:2.2.2.2.3.1
U3524,141,FUSE2,445218.7775,445218.7775,451103.4775,5884.7,5884.7,1035.4,0.175948,1,p:1.3.1.1.2.2
U3525,141,FUSE2,445224.3775,445224.3775,448400.4648,3176.0873,3176.0873,1035.4,0.325999,1,p:2.1.3.2.2.1
U175,8,FUSE0,445334.7775,445334.7775,448551.4775,3216.7,3216.7,941.0,0.292536,1,p:1.2.4.1.3.2
U176,8,FUSE0,445340.3775,445340.3775,450908.0648,5567.6873,5567.6873,941.0,0.169011,1,p:2.3.5.2.3.1
U177,8,FUSE0,445450.7775,445450.7775,448319.4775,2868.7,2868.7,941.0,0.328023,1,p:1.1.2.1.2.2
U178,8,FUSE0,445456.3775,445456.3775,451024.0648,5567.6873,5567.6873,941.0,0.169011,1,p:2.2.1.2.1.1
U179,8,FUSE0,445566.7775,445566.7775,448783.4775,3216.7,3216.7,941.0,0.292536,1,p:1.3.3.1.1.2
U180,8,FUSE0,445572.3775,445572.3775,448748.4648,3176.0873,3176.0873,941.0,0.296276,1,p:2.1.4.2.2.1
U181,8,FUSE0,445682.7775,445682.7775,451451.4775,5768.7,5768.7,941.0,0.163122,1,p:1.2.5.1.2.2
U182,8,FUSE0,445688.3775,445688.3775,448516.4648,2828.0873,2828.0873,941.0,0.332734,1,p:2.3.2.2.1.1
U183,8,FUSE0,445798.7775,445798.7775,451799.4775,6000.7,6000.7,941.0,0.156815,1,p:1.1.1.1.3.2
U184,8,FUSE1,445804.3775,445804.3775,449212.4648,3408.0873,3408.0873,1003.0,0.2943,1,p:2.2.3.2.3.1
U185,8,FUSE1,445914.7775,445914.7775,449015.4775,3100.7,3100.7,1003.0,0.323475,1,p:1.3.4.1.1.2
U186,8,FUSE1,445920.3775,445920.3775,451720.0648,5799.6873,5799.6873,1003.0,0.17294,1,p:2.1.5.2.1.1
U187,8,FUSE1,446030.7775,446030.7775,449131.4775,3100.7,3100.7,1003.0,0.323475,1,p:1.2.2.1.3.2
U188,8,FUSE1,446036.3775,446036.3775,451488.0648,5451.6873,5451.6873,1003.0,0.18398,1,p:2.3.1.2.2.1
U189,8,FUSE1,446146.7775,446146.7775,449363.4775,3216.7,3216.7,1003.0,0.31181,1,p:1.1.3.1.2.2
U190,8,FUSE1,446152.3775,446152.3775,449334.8648,3182.4873,3182.4873,1003.0,0.315162,1,p:2.2.4.2.3.1
U191,8,FUSE1,446262.7775,446262.7775,452147.4775,5884.7,5884.7,1003.0,0.170442,1,p:1.3.5.1.1.2
U192,8,FUSE1,446268.3775,446268.3775,449096.4648,2828.0873,2828.0873,1003.0,0.354657,1,p:2.1.2.2.2.1
U193,8,FUSE2,446378.7775,446378.7775,452495.4775,6116.7,6116.7,1035.4,0.169274,1,p:1.2.1.1.3.2
U194,8,FUSE2,446384.3775,446384.3775,449450.8648,3066.4873,3066.4873,1035.4,0.33765,1,p:2.3.3.2.1.1
U195,8,FUSE2,446494.7775,446494.7775,449827.4775,3332.7,3332.7,1035.4,0.310679,1,p:1.1.4.1.2.2
U196,8,FUSE2,446500.3775,446500.3775,452325.2689,5824.8914,5824.8914,1035.4,0.177754,1,p:2.2.5.2.3.1
U197,8,FUSE2,446610.7775,446610.7775,449595.4775,2984.7,2984.7,1035.4,0.346903,1,p:1.3.2.1.1.2
U198,8,FUSE2,446616.3775,446616.3775,452557.2689,5940.8914,5940.8914,1035.4,0.174284,1,p:2.1.1.2.2.1
U199,8,FUSE2,446726.7775,446726.7775,450175.4775,3448.7,3448.7,1035.4,0.300229,1,p:1.2.3.1.3.2
U200,8,FUSE2,446732.3775,446732.3775,449798.8648,3066.4873,3066.4873,1035.4,0.33765,1,p:2.3.4.2.1.1
U201,8,FUSE2,446842.7775,446842.7775,452611.4775,5768.7,5768.7,1035.4,0.179486,1,p:1.1.5.1.1.2
U202,8,FUSE2,446848.3775,446848.3775,449943.4775,3095.1,3095.1,1035.4,0.334529,1,p:2.2.2.1.2.2
U5982,239,FUSE0,446958.7775,446958.7775,452789.2689,5830.4914,5830.4914,941.0,0.161393,1,p:1.3.1.2.3.1
U5983,239,FUSE0,446964.3775,446964.3775,450146.8648,3182.4873,3182.4873,941.0,0.295681,1,p:2.1.3.2.2.1
U5984,239,FUSE0,447074.7775,447074.7775,450523.4775,3448.7,3448.7,941.0,0.272856,1,p:1.2.4.1.3.2
U5985,239,FUSE0,447080.3775,447080.3775,453137.2689,6056.8914,6056.8914,941.0,0.15536,1,p:2.3.5.2.3.1
U5986,239,FUSE0,447190.7775,447190.7775,453075.4775,5884.7,5884.7,941.0,0.159906,1,p:1.1.1.1.2.2
U5987,239,FUSE0,447196.3775,447196.3775,450030.8648,2834.4873,2834.4873,941.0,0.331982,1,p:2.2.2.2.1.1
U5988,239,FUSE0,447306.7775,447306.7775,450639.4775,3332.7,3332.7,941.0,0.282354,1,p:1.3.3.1.1.2
U5989,239,FUSE0,447312.3775,447312.3775,450378.8648,3066.4873,3066.4873,941.0,0.306866,1,p:2.1.4.2.2.1
U5990,239,FUSE1,447422.7775,447422.7775,453307.4775,5884.7,5884.7,1003.0,0.170442,1,p:1.2.5.1.2.2
U5991,239,FUSE1,447428.3775,447428.3775,453369.2689,5940.8914,5940.8914,1003.0,0.16883,1,p:2.3.1.2.1.1
U5992,239,FUSE1,447538.7775,447538.7775,450755.4775,3216.7,3216.7,1003.0,0.31181,1,p:1.1.2.1.3.2
U5993,239,FUSE1,447544.3775,447544.3775,450763.6648,3219.2873,3219.2873,1003.0,0.31156,1,p:2.2.3.2.3.1
U5994,239,FUSE1,447654.7775,447654.7775,450987.4775,3332.7,3332.7,1003.0,0.300957,1,p:1.3.4.1.1.2
U5995,239,FUSE1,447660.3775,447660.3775,453717.2689,6056.8914,6056.8914,1003.0,0.165596,1,p:2.1.5.2.1.1
U5996,239,FUSE1,447770.7775,447770.7775,453771.4775,6000.7,6000.7,1003.0,0.167147,1,p:1.2.1.1.3.2
U5997,239,FUSE1,447776.3775,447776.3775,450531.6648,2755.2873,2755.2873,1003.0,0.364027,1,p:2.3.2.2.2.1
U5998,239,FUSE2,447886.7775,447886.7775,451335.4775,3448.7,3448.7,1035.4,0.300229,1,p:1.1.3.1.2.2
U5999,239,FUSE2,447967.7648,447967.7648,451140.0648,3172.3,3172.3,1035.4,0.326388,1,p:2.2.4.2.3.1
U6000,239,FUSE2,448002.7775,448002.7775,453887.4775,5884.7,5884.7,1035.4,0.175948,1,p:1.3.5.1.3.2
U6001,239,FUSE2,448083.7648,448083.7648,453833.2689,5749.5041,5749.5041,1035.4,0.180085,1,p:2.1.1.2.2.1
U6002,239,FUSE2,448118.7775,448118.7775,451219.4775,3100.7,3100.7,1035.4,0.333925,1,p:1.2.2.1.1.2
U6003,239,FUSE2,448199.7648,448199.7648,451256.0648,3056.3,3056.3,1035.4,0.338776,1,p:2.3.3.2.1.1
U6004,239,FUSE2,448234.7775,448234.7775,451683.4775,3448.7,3448.7,1035.4,0.300229,1,p:1.1.4.1.1.2
U2057,83,FUSE0,448315.7648,448315.7648,454065.2689,5749.5041,5749.5041,941.0,0.163666,1,p:2.2.5.2.2.1
U2058,83,FUSE0,448350.7775,448350.7775,454235.4775,5884.7,5884.7,941.0,0.159906,1,p:1.3.1.1.2.2
U2059,83,FUSE0,448431.7648,448431.7648,451372.0648,2940.3,2940.3,941.0,0.320035,1,p:2.1.2.2.3.1
U2060,83,FUSE0,448466.7775,448466.7775,452031.4775,3564.7,3564.7,941.0,0.263977,1,p:1.2.3.1.3.2
U2061,83,FUSE0,448547.7648,448547.7648,451604.0648,3056.3,3056.3,941.0,0.307889,1,p:2.3.4.2.3.1
U2062,83,FUSE0,448582.7775,448582.7775,454467.4775,5884.7,5884.7,941.0,0.159906,1,p:1.1.5.1.1.2
U2063,83,FUSE0,448663.7648,448663.7648,454413.2689,5749.5041,5749.5041,941.0,0.163666,1,p:2.2.1.2.1.1
U2064,83,FUSE0,448698.7775,448698.7775,451567.4775,2868.7,2868.7,941.0,0.328023,1,p:1.3.2.1.2.2
U2065,83,FUSE1,448779.7648,448779.7648,451836.0648,3056.3,3056.3,1003.0,0.328175,1,p:2.1.3.2.2.1
U2066,83,FUSE1,448814.7775,448814.7775,451915.4775,3100.7,3100.7,1003.0,0.323475,1,p:1.2.4.1.2.2
U2067,83,FUSE1,448895.7648,448895.7648,454645.2689,5749.5041,5749.5041,1003.0,0.17445,1,p:2.3.5.2.3.1
U2068,83,FUSE1,448930.7775,448930.7775,454931.4775,6000.7,6000.7,1003.0,0.167147,1,p:1.1.1.1.3.2
U2069,83,FUSE1,449011.7648,449011.7648,452093.2689,3081.5041,3081.5041,1003.0,0.32549,1,p:2.2.2.2.1.1
U2070,83,FUSE1,449046.7775,449046.7775,452263.4775,3216.7,3216.7,1003.0,0.31181,1,p:1.3.3.1.1.2
U2071,83,FUSE1,449127.7648,449127.7648,452209.2689,3081.5041,3081.5041,1003.0,0.32549,1,p:2.1.4.2.2.1
U2072,83,FUSE1,449162.7775,449162.7775,455047.4775,5884.7,5884.7,1003.0,0.170442,1,p:1.2.5.1.3.2
U2073,83,FUSE2,449243.7648,449243.7648,455225.2689,5981.5041,5981.5041,1035.4,0.1731,1,p:2.3.1.2.1.1
U2074,83,FUSE2,449278.7775,449278.7775,452379.4775,3100.7,3100.7,1035.4,0.333925,1,p:1.1.2.1.2.2
U2075,83,FUSE2,449366.1648,449366.1648,452673.2689,3307.1041,3307.1041,1035.4,0.313084,1,p:2.2.3.2.3.1
U2076,83,FUSE2,449394.7775,449394.7775,452843.4775,3448.7,3448.7,1035.4,0.300229,1,p:1.3.4.1.1.2
U2077,83,FUSE2,449482.1648,449482.1648,455109.2689,5627.1041,5627.1041,1035.4,0.184002,1,p:2.1.5.2.2.1
U2078,83,FUSE2,449510.7775,449510.7775,455743.4775,6232.7,6232.7,1035.4,0.166124,1,p:1.2.1.1.3.2
U2079,83,FUSE2,449598.1648,449598.1648,452441.2689,2843.1041,2843.1041,1035.4,0.364179,1,p:2.3.2.2.1.1
U2080,83,FUSE2,449626.7775,449626.7775,453191.4775,3564.7,3564.7,1035.4,0.290459,1,p:1.1.3.1.1.2
U3375,136,FUSE0,449714.1648,449714.1648,452727.4775,3013.3127,3013.3127,941.0,0.312281,1,p:2.2.4.1.2.2
U3376,136,FUSE0,449742.7775,449742.7775,455341.2689,5598.4914,5598.4914,941.0,0.168081,1,p:1.3.5.2.2.1
U3377,136,FUSE0,449830.1648,449830.1648,455689.2689,5859.1041,5859.1041,941.0,0.160605,1,p:2.1.1.2.3.1
U3378,136,FUSE0,449858.7775,449858.7775,452959.4775,3100.7,3100.7,941.0,0.30348,1,p:1.2.2.1.3.2
U3379,136,FUSE0,449946.1648,449946.1648,453021.2689,3075.1041,3075.1041,941.0,0.306006,1,p:2.3.4.2.1.1
U3380,136,FUSE0,449974.7775,449974.7775,455859.4775,5884.7,5884.7,941.0,0.159906,1,p:1.1.5.1.1.2
U3381,136,FUSE0,450062.1648,450062.1648,453253.2689,3191.1041,3191.1041,941.0,0.294882,1,p:2.2.3.2.3.1
U3382,136,FUSE0,450090.7775,450090.7775,455627.4775,5536.7,5536.7,941.0,0.169957,1,p:1.3.1.1.2.2
U3383,136,FUSE1,450178.1648,450178.1648,452905.2689,2727.1041,2727.1041,1003.0,0.367789,1,p:2.1.2.2.2.1
U3384,136,FUSE1,450206.7775,450206.7775,453655.4775,3448.7,3448.7,1003.0,0.290834,1,p:1.2.4.1.3.2
U3385,136,FUSE1,450294.1648,450294.1648,456385.2689,6091.1041,6091.1041,1003.0,0.164666,1,p:2.3.5.2.3.1
U3386,136,FUSE1,450322.7775,450322.7775,453539.4775,3216.7,3216.7,1003.0,0.31181,1,p:1.1.3.1.2.2
U3387,136,FUSE1,450410.1648,450410.1648,456037.2689,5627.1041,5627.1041,1003.0,0.178244,1,p:2.2.1.2.1.1
U3388,136,FUSE1,450438.7775,450438.7775,453423.4775,2984.7,2984.7,1003.0,0.336047,1,p:1.3.2.1.1.2
U3389,136,FUSE1,450554.7775,450554.7775,453485.2689,2930.4914,2930.4914,1003.0,0.342263,1,p:2.1.4.2.2.1
U3390,136,FUSE1,450562.9648,450562.9648,456207.4775,5644.5127,5644.5127,1003.0,0.177695,1,p:1.2.5.1.2.2
U3391,136,FUSE2,450670.7775,450670.7775,453949.2689,3278.4914,3278.4914,1035.4,0.315816,1,p:2.3.3.2.1.1
U3392,136,FUSE2,450678.9648,450678.9648,456555.4775,5876.5127,5876.5127,1035.4,0.176193,1,p:1.1.1.1.3.2
U3393,136,FUSE2,450786.7775,450786.7775,453601.2689,2814.4914,2814.4914,1035.4,0.367882,1,p:2.2.2.2.3.1
U3394,136,FUSE2,450794.9648,450794.9648,454119.4775,3324.5127,3324.5127,1035.4,0.311444,1,p:1.3.4.1.1.2
U3395,136,FUSE2,450902.7775,450902.7775,456733.2689,5830.4914,5830.4914,1035.4,0.177584,1,p:2.1.5.2.1.1
U3396,136,FUSE2,450939.3648,450939.3648,454351.4775,3412.1127,3412.1127,1035.4,0.303448,1,p:1.2.3.1.3.2
U3397,136,FUSE2,451018.7775,451018.7775,456617.2689,5598.4914,5598.4914,1035.4,0.184943,1,p:2.3.1.2.2.1
U3398,136,FUSE2,451055.3648,451055.3648,454003.4775,2948.1127,2948.1127,1035.4,0.351208,1,p:1.1.2.1.2.2
U3713,149,FUSE0,451134.7775,451134.7775,454297.2689,3162.4914,3162.4914,941.0,0.29755,1,p:2.2.4.2.3.1
U3714,149,FUSE0,451171.3648,451171.3648,457367.4775,6196.1127,6196.1127,941.0,0.151869,1,p:1.3.5.1.3.2
U3715,149,FUSE0,451250.7775,451250.7775,454529.2689,3278.4914,3278.4914,941.0,0.287022,1,p:2.1.3.2.2.1
U3716,149,FUSE0,451287.3648,451287.3648,456903.4775,5616.1127,5616.1127,941.0,0.167554,1,p:1.2.1.1.1.2
U3717,149,FUSE0,451366.7775,451366.7775,454181.2689,2814.4914,2814.4914,941.0,0.334341,1,p:2.3.2.2.1.1
U3718,149,FUSE0,451403.3648,451403.3648,454583.4775,3180.1127,3180.1127,941.0,0.295901,1,p:1.1.4.1.2.2
U3719,149,FUSE0,451482.7775,451482.7775,457429.2689,5946.4914,5946.4914,941.0,0.158245,1,p:2.2.5.2.3.1
U3720,149,FUSE0,451519.3648,451519.3648,454815.4775,3296.1127,3296.1127,941.0,0.285488,1,p:1.3.3.1.1.2
U3721,149,FUSE1,451598.7775,451598.7775,457197.2689,5598.4914,5598.4914,1003.0,0.179155,1,p:2.1.1.2.2.1
U3722,149,FUSE1,451635.3648,451635.3648,454699.4775,3064.1127,3064.1127,1003.0,0.327338,1,p:1.2.2.1.3.2
U3723,149,FUSE1,451714.7775,451714.7775,454761.2689,3046.4914,3046.4914,1003.0,0.329231,1,p:2.3.4.2.1.1
U3724,149,FUSE1,451751.3648,451751.3648,457483.4775,5732.1127,5732.1127,1003.0,0.174979,1,p:1.1.5.1.2.2
U3725,149,FUSE1,451830.7775,451830.7775,454993.2689,3162.4914,3162.4914,1003.0,0.317155,1,p:2.2.3.2.3.1
U3726,149,FUSE1,451867.3648,451867.3648,457831.4775,5964.1127,5964.1127,1003.0,0.168173,1,p:1.3.1.1.1.2
U3727,149,FUSE1,451946.7775,451946.7775,454877.2689,2930.4914,2930.4914,1003.0,0.342263,1,p:2.1.2.2.2.1
U3728,149,FUSE1,452062.7775,452062.7775,455279.4775,3216.7,3216.7,1003.0,0.31181,1,p:1.2.4.1.3.2
U3729,149,FUSE2,452124.5689,452124.5689,457545.2689,5420.7,5420.7,1035.4,0.191009,1,p:2.3.5.2.1.1
U3730,149,FUSE2,452178.7775,452178.7775,455395.4775,3216.7,3216.7,1035.4,0.321883,1,p:1.1.3.1.2.2
U3731,149,FUSE2,452240.5689,452240.5689,458241.2689,6000.7,6000.7,1035.4,0.172547,1,p:2.2.1.2.3.1
U3732,149,FUSE2,452294.7775,452294.7775,455163.4775,2868.7,2868.7,1035.4,0.36093,1,p:1.3.2.1.1.2
U3733,149,FUSE2,452356.5689,452356.5689,455457.2689,3100.7,3100.7,1035.4,0.333925,1,p:2.1.4.2.2.1
U3734,149,FUSE2,452410.7775,452410.7775,458179.4775,5768.7,5768.7,1035.4,0.179486,1,p:1.2.5.1.3.2
U3735,149,FUSE2,452472.5689,452472.5689,455573.2689,3100.7,3100.7,1035.4,0.333925,1,p:2.3.3.2.1.1
U3736,149,FUSE2,452526.7775,452526.7775,458527.4775,6000.7,6000.7,1035.4,0.172547,1,p:1.1.1.1.2.2
U3737,149,FUSE2,452588.5689,452588.5689,455511.4775,2922.9086,2922.9086,1035.4,0.354236,1,p:2.2.2.1.1.2
U509,21,FUSE0,452642.7775,452642.7775,455921.2689,3278.4914,3278.4914,941.0,0.287022,1,p:1.3.4.2.3.1
U510,21,FUSE0,452704.5689,452704.5689,458357.2689,5652.7,5652.7,941.0,0.166469,1,p:2.1.5.2.2.1
U511,21,FUSE0,452758.7775,452758.7775,456323.4775,3564.7,3564.7,941.0,0.263977,1,p:1.2.3.1.3.2
U512,21,FUSE0,452820.5689,452820.5689,458473.2689,5652.7,5652.7,941.0,0.166469,1,p:2.3.1.2.1.1
U513,21,FUSE0,452874.7775,452874.7775,455975.4775,3100.7,3100.7,941.0,0.30348,1,p:1.1.4.1.2.2
U514,21,FUSE0,452936.5689,452936.5689,456153.2689,3216.7,3216.7,941.0,0.292536,1,p:2.2.2.2.3.1
U515,21,FUSE0,452990.7775,452990.7775,458643.4775,5652.7,5652.7,941.0,0.166469,1,p:1.3.5.1.1.2
U516,21,FUSE0,453052.5689,453052.5689,455805.2689,2752.7,2752.7,941.0,0.341846,1,p:2.1.3.2.2.1
U517,21,FUSE0,453106.7775,453106.7775,458991.4775,5884.7,5884.7,941.0,0.159906,1,p:1.2.1.1.3.2
U518,21,FUSE1,453168.5689,453168.5689,456269.2689,3100.7,3100.7,1003.0,0.323475,1,p:2.3.4.2.1.1
U519,21,FUSE1,453222.7775,453222.7775,456091.4775,2868.7,2868.7,1003.0,0.349636,1,p:1.1.2.1.2.2
U520,21,FUSE1,453284.5689,453284.5689,459053.2689,5768.7,5768.7,1003.0,0.173869,1,p:2.2.5.2.3.1
U521,21,FUSE1,453338.7775,453338.7775,456439.4775,3100.7,3100.7,1003.0,0.323475,1,p:1.3.3.1.1.2
U522,21,FUSE1,453400.5689,453400.5689,459285.2689,5884.7,5884.7,1003.0,0.170442,1,p:2.1.1.2.2.1
U523,21,FUSE1,453454.7775,453454.7775,456787.4775,3332.7,3332.7,1003.0,0.300957,1,p:1.2.4.1.3.2
U524,21,FUSE1,453516.5689,453516.5689,456501.2689,2984.7,2984.7,1003.0,0.336047,1,p:2.3.2.2.1.1
U525,21,FUSE1,453570.7775,453570.7775,459223.4775,5652.7,5652.7,1003.0,0.177437,1,p:1.1.5.1.2.2
U526,21,FUSE1,453632.5689,453632.5689,456965.2689,3332.7,3332.7,1003.0,0.300957,1,p:2.2.3.2.3.1
U527,21,FUSE2,453686.7775,453686.7775,459339.4775,5652.7,5652.7,1035.4,0.183169,1,p:1.3.1.1.1.2
U528,21,FUSE2,453748.5689,453748.5689,456849.2689,3100.7,3100.7,1035.4,0.333925,1,p:2.1.4.2.2.1
U529,21,FUSE2,453802.7775,453802.7775,457019.4775,3216.7,3216.7,1035.4,0.321883,1,p:1.2.2.1.3.2
U530,21,FUSE2,453864.5689,453864.5689,459517.2689,5652.7,5652.7,1035.4,0.183169,1,p:2.3.5.2.1.1
U531,21,FUSE2,453918.7775,453918.7775,457135.4775,3216.7,3216.7,1035.4,0.321883,1,p:1.1.3.1.2.2
U532,21,FUSE2,453980.5689,453980.5689,459981.2689,6000.7,6000.7,1035.4,0.172547,1,p:2.2.1.2.3.1
U533,21,FUSE2,454034.7775,454034.7775,457251.4775,3216.7,3216.7,1035.4,0.321883,1,p:1.3.4.1.1.2
U534,21,FUSE2,454096.5689,454096.5689,457599.4775,3502.9086,3502.9086,1035.4,0.295583,1,p:2.1.2.1.3.2
U535,21,FUSE2,454150.7775,454150.7775,459865.2689,5714.4914,5714.4914,1035.4,0.181188,1,p:1.2.5.2.1.1
U5777,231,FUSE0,454212.5689,454212.5689,457081.2689,2868.7,2868.7,941.0,0.328023,1,p:2.3.3.2.2.1
U5778,231,FUSE0,454266.7775,454266.7775,460161.6648,5894.8873,5894.8873,941.0,0.15963,1,p:1.1.1.1.2.2
E389,356,FUSE0,454328.5689,454328.5689,457715.4775,3386.9086,3386.9086,941.0,0.277834,1,p:2.2.4.1.3.2
E390,356,FUSE0,454382.7775,454382.7775,459929.6648,5546.8873,5546.8873,941.0,0.169645,1,p:1.3.1.2.2.2
E391,356,FUSE0,454444.5689,454444.5689,459813.6648,5369.0959,5369.0959,941.0,0.175262,1,p:2.1.5.1.3.2
E392,356,FUSE0,454498.7775,454498.7775,458009.2689,3510.4914,3510.4914,941.0,0.268054,1,p:1.2.3.1.3.1
E393,356,FUSE0,454560.5689,454560.5689,456671.4775,2110.9086,2110.9086,941.0,0.44578,1,p:2.3.2.2.1.2
E394,356,FUSE0,454614.7775,454614.7775,457661.2689,3046.4914,3046.4914,941.0,0.30888,1,p:1.1.3.2.2.1
E395,356,FUSE0,454676.5689,454676.5689,457313.2689,2636.7,2636.7,941.0,0.356886,1,p:2.2.2.2.1.1
E396,356,FUSE0,454730.7775,454730.7775,457893.2689,3162.4914,3162.4914,941.0,0.29755,1,p:1.3.4.1.2.1
E397,356,FUSE1,454792.5689,454792.5689,457947.4775,3154.9086,3154.9086,1003.0,0.317917,1,p:2.1.4.2.2.2
E398,356,FUSE1,454846.7775,454846.7775,460561.2689,5714.4914,5714.4914,1003.0,0.175519,1,p:1.2.1.1.1.1
E399,356,FUSE1,454908.5689,454908.5689,460393.6648,5485.0959,5485.0959,1003.0,0.182859,1,p:2.3.5.2.1.2
E400,356,FUSE1,454962.7775,454962.7775,460793.2689,5830.4914,5830.4914,1003.0,0.172027,1,p:1.1.5.1.3.1
E401,356,FUSE1,455024.5689,455024.5689,458125.2689,3100.7,3100.7,1003.0,0.323475,1,p:2.2.3.1.1.1
E402,356,FUSE1,455078.7775,455078.7775,457777.2689,2698.4914,2698.4914,1003.0,0.371689,1,p:1.3.2.2.1.1
E403,356,FUSE1,455140.5689,455140.5689,458063.4775,2922.9086,2922.9086,1003.0,0.343151,1,p:2.1.2.1.1.2
E404,356,FUSE1,455194.7775,455194.7775,458589.2689,3394.4914,3394.4914,1003.0,0.295479,1,p:1.2.4.1.3.1
E405,356,FUSE1,455256.5689,455256.5689,460857.6648,5601.0959,5601.0959,1003.0,0.179072,1,p:2.3.1.1.2.2
E406,356,FUSE1,455310.7775,455310.7775,461089.6648,5778.8873,5778.8873,1003.0,0.173563,1,p:1.1.1.2.2.2
E407,356,FUSE2,455372.5689,455372.5689,461141.2689,5768.7,5768.7,1035.4,0.179486,1,p:2.2.5.2.3.1
E408,356,FUSE2,455426.7775,455426.7775,458411.4775,2984.7,2984.7,1035.4,0.346903,1,p:1.3.3.2.3.2
E409,356,FUSE2,455488.5689,455488.5689,458937.2689,3448.7,3448.7,1035.4,0.300229,1,p:2.1.3.1.2.1
E410,356,FUSE2,455542.7775,455542.7775,458295.4775,2752.7,2752.7,1035.4,0.37614,1,p:1.2.2.2.2.2
E411,356,FUSE2,455604.5689,455604.5689,458705.2689,3100.7,3100.7,1035.4,0.333925,1,p:2.3.4.1.2.1
E412,356,FUSE2,455658.7775,455658.7775,458821.2689,3162.4914,3162.4914,1035.4,0.3274,1,p:1.1.4.2.1.1
E413,356,FUSE2,455720.5689,455720.5689,461321.6648,5601.0959,5601.0959,1035.4,0.184857,1,p:2.2.1.1.1.2
E414,356,FUSE2,455774.7775,455774.7775,461373.2689,5598.4914,5598.4914,1035.4,0.184943,1,p:1.3.5.2.1.1
E415,356,FUSE2,455836.5689,455836.5689,461553.6648,5717.0959,5717.0959,1035.4,0.181106,1,p:2.1.5.1.3.2
E416,356,FUSE2,455890.7775,455890.7775,458759.4775,2868.7,2868.7,1035.4,0.36093,1,p:1.2.2.2.3.2
U5779,231,FUSE0,455952.5689,455952.5689,459401.2689,3448.7,3448.7,941.0,0.272856,1,p:2.2.4.2.3.1
U5780,231,FUSE0,456006.7775,456006.7775,458875.4775,2868.7,2868.7,941.0,0.328023,1,p:1.3.3.1.1.2
U5781,231,FUSE0,456068.5689,456068.5689,459169.2689,3100.7,3100.7,941.0,0.30348,1,p:2.1.2.2.2.1
U5782,231,FUSE0,456122.7775,456122.7775,461901.6648,5778.8873,5778.8873,941.0,0.162834,1,p:1.2.5.1.3.2
U5783,231,FUSE0,456184.5689,456184.5689,461953.2689,5768.7,5768.7,941.0,0.163122,1,p:2.3.1.2.1.1
U5784,231,FUSE0,456238.7775,456238.7775,459455.4775,3216.7,3216.7,941.0,0.292536,1,p:1.1.4.1.2.2
U5785,231,FUSE0,456300.5689,456300.5689,459633.2689,3332.7,3332.7,941.0,0.282354,1,p:2.2.3.2.3.1
U5786,231,FUSE1,456354.7775,456354.7775,459107.4775,2752.7,2752.7,1003.0,0.36437,1,p:1.3.2.1.1.2
U5787,231,FUSE1,456416.5689,456416.5689,462069.2689,5652.7,5652.7,1003.0,0.177437,1,p:2.1.5.2.2.1
U5788,231,FUSE1,456470.7775,456470.7775,462250.0648,5779.2873,5779.2873,1003.0,0.173551,1,p:1.2.1.1.3.2
U5789,231,FUSE1,456532.5689,456532.5689,460097.2689,3564.7,3564.7,1003.0,0.28137,1,p:2.3.4.2.1.1
U5790,231,FUSE1,456586.7775,456586.7775,459571.4775,2984.7,2984.7,1003.0,0.336047,1,p:1.1.3.1.2.2
U5791,231,FUSE1,456648.5689,456648.5689,459749.2689,3100.7,3100.7,1003.0,0.323475,1,p:2.2.2.2.3.1
U5792,231,FUSE1,456702.7775,456702.7775,462366.0648,5663.2873,5663.2873,1003.0,0.177106,1,p:1.3.5.1.1.2
U5793,231,FUSE1,456764.5689,456764.5689,462533.2689,5768.7,5768.7,1003.0,0.173869,1,p:2.1.1.2.2.1
U5794,231,FUSE1,456818.7775,456818.7775,460045.6648,3226.8873,3226.8873,1003.0,0.310826,1,p:1.2.4.1.3.2
U5795,231,FUSE2,456880.5689,456880.5689,460213.2689,3332.7,3332.7,1035.4,0.310679,1,p:2.3.3.2.1.1
U5796,231,FUSE2,456934.7775,456934.7775,459697.6648,2762.8873,2762.8873,1035.4,0.374753,1,p:1.1.2.1.2.2
U5797,231,FUSE2,456996.5689,456996.5689,462881.2689,5884.7,5884.7,1035.4,0.175948,1,p:2.2.5.2.3.1
U5798,231,FUSE2,457050.7775,457050.7775,462830.0648,5779.2873,5779.2873,1035.4,0.179157,1,p:1.3.1.1.1.2
U5799,231,FUSE2,457112.5689,457112.5689,460445.2689,3332.7,3332.7,1035.4,0.310679,1,p:2.1.4.2.2.1
U5800,231,FUSE2,457166.7775,457166.7775,460277.6648,3110.8873,3110.8873,1035.4,0.332831,1,p:1.2.3.1.3.2
U5801,231,FUSE2,457228.5689,457228.5689,460329.2689,3100.7,3100.7,1035.4,0.333925,1,p:2.3.2.2.1.1
U5802,231,FUSE2,457282.7775,457282.7775,462946.0648,5663.2873,5663.2873,1035.4,0.182827,1,p:1.1.5.1.2.2
U5803,231,FUSE2,457344.5689,457344.5689,463229.2689,5884.7,5884.7,1035.4,0.175948,1,p:2.2.1.2.3.1
U2525,102,FUSE0,457398.7775,457398.7775,460625.6648,3226.8873,3226.8873,941.0,0.291612,1,p:1.3.4.1.1.2
U2526,102,FUSE0,457460.5689,457460.5689,460677.2689,3216.7,3216.7,941.0,0.292536,1,p:2.1.3.2.2.1
U2527,102,FUSE0,457514.7775,457514.7775,460509.6648,2994.8873,2994.8873,941.0,0.314202,1,p:1.2.2.1.3.2
U2528,102,FUSE0,457576.5689,457576.5689,463461.2689,5884.7,5884.7,941.0,0.159906,1,p:2.3.5.2.1.1
U2529,102,FUSE0,457630.7775,457630.7775,463414.8648,5784.0873,5784.0873,941.0,0.162688,1,p:1.1.1.1.2.2
U2530,102,FUSE0,457692.5689,457692.5689,461025.2689,3332.7,3332.7,941.0,0.282354,1,p:2.2.4.2.3.1
U2531,102,FUSE0,457746.7775,457746.7775,460741.6648,2994.8873,2994.8873,941.0,0.314202,1,p:1.3.3.1.1.2
U2532,102,FUSE0,457808.5689,457808.5689,460909.2689,3100.7,3100.7,941.0,0.30348,1,p:2.1.2.2.2.1
U2533,102,FUSE1,457862.7775,457862.7775,463530.8648,5668.0873,5668.0873,1003.0,0.176956,1,p:1.2.5.1.3.2
U2534,102,FUSE1,457924.5689,457924.5689,463809.2689,5884.7,5884.7,1003.0,0.170442,1,p:2.3.1.2.1.1
U2535,102,FUSE1,457978.7775,457978.7775,461205.6648,3226.8873,3226.8873,1003.0,0.310826,1,p:1.1.4.1.2.2
U2536,102,FUSE1,458040.5689,458040.5689,461257.2689,3216.7,3216.7,1003.0,0.31181,1,p:2.2.3.2.3.1
U2537,102,FUSE1,458094.7775,458094.7775,460973.6648,2878.8873,2878.8873,1003.0,0.348398,1,p:1.3.2.1.1.2
U2538,102,FUSE1,458156.5689,458156.5689,463925.2689,5768.7,5768.7,1003.0,0.173869,1,p:2.1.5.2.2.1
U2539,102,FUSE1,458210.7775,458210.7775,463880.4648,5669.6873,5669.6873,1003.0,0.176906,1,p:1.2.1.1.3.2
U2540,102,FUSE1,458272.5689,458272.5689,461605.2689,3332.7,3332.7,1003.0,0.300957,1,p:2.3.4.2.1.1
U2541,102,FUSE2,458326.7775,458326.7775,461437.6648,3110.8873,3110.8873,1035.4,0.332831,1,p:1.1.3.1.2.2
U2542,102,FUSE2,458388.5689,458388.5689,461489.2689,3100.7,3100.7,1035.4,0.333925,1,p:2.2.2.2.3.1
U2543,102,FUSE2,458442.7775,458442.7775,464112.4648,5669.6873,5669.6873,1035.4,0.18262,1,p:1.3.5.1.1.2
U2544,102,FUSE2,458504.5689,458504.5689,464389.2689,5884.7,5884.7,1035.4,0.175948,1,p:2.1.1.2.2.1
U2545,102,FUSE2,458558.7775,458558.7775,461669.6648,3110.8873,3110.8873,1035.4,0.332831,1,p:1.2.4.1.3.2
U2546,102,FUSE2,458620.5689,458620.5689,461837.2689,3216.7,3216.7,1035.4,0.321883,1,p:2.3.3.2.1.1
U2547,102,FUSE2,458674.7775,458674.7775,462185.2689,3510.4914,3510.4914,1035.4,0.294944,1,p:1.1.2.2.3.1
U7103,284,FUSE0,458736.5689,458736.5689,464579.6648,5843.0959,5843.0959,941.0,0.161045,1,p:2.2.5.1.1.2
U7104,284,FUSE0,458790.7775,458790.7775,464463.6648,5672.8873,5672.8873,941.0,0.165877,1,p:1.3.1.1.2.2
U7105,284,FUSE0,458852.5689,458852.5689,461721.2689,2868.7,2868.7,941.0,0.328023,1,p:2.1.4.2.2.1
U7106,284,FUSE0,458906.7775,458906.7775,462133.6648,3226.8873,3226.8873,941.0,0.291612,1,p:1.2.3.1.3.2
U7107,284,FUSE0,458968.5689,458968.5689,464621.2689,5652.7,5652.7,941.0,0.166469,1,p:2.3.5.2.3.1
U7108,284,FUSE0,459022.7775,459022.7775,461785.6648,2762.8873,2762.8873,941.0,0.340586,1,p:1.1.2.1.2.2
U7109,284,FUSE0,459084.5689,459084.5689,464737.2689,5652.7,5652.7,941.0,0.166469,1,p:2.2.1.2.1.1
U7110,284,FUSE0,459138.7775,459138.7775,462017.6648,2878.8873,2878.8873,941.0,0.326862,1,p:1.3.4.1.1.2
U7111,284,FUSE0,459200.5689,459200.5689,462301.2689,3100.7,3100.7,941.0,0.30348,1,p:2.1.3.2.2.1
U7112,284,FUSE1,459254.7775,459254.7775,465162.8648,5908.0873,5908.0873,1003.0,0.169767,1,p:1.2.5.1.2.2
U7113,284,FUSE1,459316.5689,459316.5689,462417.2689,3100.7,3100.7,1003.0,0.323475,1,p:2.3.2.2.1.1
U7114,284,FUSE1,459370.7775,459370.7775,464927.6648,5556.8873,5556.8873,1003.0,0.180497,1,p:1.1.1.1.3.2
U7115,284,FUSE1,459432.5689,459432.5689,462649.2689,3216.7,3216.7,1003.0,0.31181,1,p:2.2.4.2.3.1
U7116,284,FUSE1,459486.7775,459486.7775,462598.0648,3111.2873,3111.2873,1003.0,0.322375,1,p:1.3.3.1.1.2
U7117,284,FUSE1,459548.5689,459548.5689,465433.2689,5884.7,5884.7,1003.0,0.170442,1,p:2.1.5.2.1.1
U7118,284,FUSE1,459602.7775,459602.7775,462714.0648,3111.2873,3111.2873,1003.0,0.322375,1,p:1.2.2.1.3.2
U7119,284,FUSE1,459664.5689,459664.5689,465317.2689,5652.7,5652.7,1003.0,0.177437,1,p:2.3.1.2.2.1
U7120,284,FUSE2,459728.9648,459728.9648,462482.0648,2753.1,2753.1,1035.4,0.376085,1,p:1.1.4.1.2.2
U7121,284,FUSE2,459780.5689,459780.5689,463113.2689,3332.7,3332.7,1035.4,0.310679,1,p:2.2.3.2.3.1
U7122,284,FUSE2,459844.9648,459844.9648,465626.8648,5781.9,5781.9,1035.4,0.179076,1,p:1.3.5.1.3.2
U7123,284,FUSE2,459896.5689,459896.5689,462765.2689,2868.7,2868.7,1035.4,0.36093,1,p:2.1.2.2.2.1
U7124,284,FUSE2,459960.9648,459960.9648,465510.8648,5549.9,5549.9,1035.4,0.186562,1,p:1.2.1.1.1.2
U7125,284,FUSE2,460012.5689,460012.5689,462997.2689,2984.7,2984.7,1035.4,0.346903,1,p:2.3.4.2.1.1
U7126,284,FUSE2,460076.9648,460076.9648,463062.0648,2985.1,2985.1,1035.4,0.346856,1,p:1.1.3.1.2.2
U7127,284,FUSE2,460128.5689,460128.5689,465974.8648,5846.2959,5846.2959,1035.4,0.177104,1,p:2.2.5.1.1.2
U7128,284,FUSE2,460192.9648,460192.9648,463345.2689,3152.3041,3152.3041,1035.4,0.328458,1,p:1.3.2.2.2.1
U7551,302,FUSE0,460244.5689,460244.5689,465897.2689,5652.7,5652.7,941.0,0.166469,1,p:2.1.1.2.3.1
U7552,302,FUSE0,460308.9648,460308.9648,463298.8648,2989.9,2989.9,941.0,0.314726,1,p:1.2.4.1.3.2
U7553,302,FUSE0,460360.5689,460360.5689,463577.2689,3216.7,3216.7,941.0,0.292536,1,p:2.3.3.2.1.1
U7554,302,FUSE0,460424.9648,460424.9648,466096.7808,5671.816,5671.816,941.0,0.165908,1,p:1.1.1.1.2.2
U7555,302,FUSE0,460476.5689,460476.5689,466920.0648,6443.4959,6443.4959,941.0,0.146039,1,p:2.2.5.2.3.1
U7556,302,FUSE0,460540.9648,460540.9648,463178.0648,2637.1,2637.1,941.0,0.356831,1,p:1.3.2.1.1.2
U7557,302,FUSE0,460592.5689,460592.5689,463693.2689,3100.7,3100.7,941.0,0.30348,1,p:2.1.4.2.2.1
U7558,302,FUSE1,460656.9648,460656.9648,463648.4648,2991.5,2991.5,1003.0,0.335283,1,p:1.2.3.1.3.2
U7559,302,FUSE1,460708.5689,460708.5689,466397.2648,5688.6959,5688.6959,1003.0,0.176315,1,p:2.3.1.2.1.1
U7560,302,FUSE1,460772.9648,460772.9648,466446.3808,5673.416,5673.416,1003.0,0.176789,1,p:1.1.5.1.2.2
U7561,302,FUSE1,460824.5689,460824.5689,464041.2689,3216.7,3216.7,1003.0,0.31181,1,p:2.2.2.2.3.1
U7562,302,FUSE1,460888.9648,460888.9648,463764.4648,2875.5,2875.5,1003.0,0.348809,1,p:1.3.4.1.1.2
U7563,302,FUSE1,460940.5689,460940.5689,464157.2689,3216.7,3216.7,1003.0,0.31181,1,p:2.1.3.2.2.1
U7564,302,FUSE1,461004.9648,461004.9648,467369.4968,6364.532,6364.532,1003.0,0.157592,1,p:1.2.1.1.3.2
U7565,302,FUSE2,461056.5689,461056.5689,466804.0648,5747.4959,5747.4959,1035.4,0.180148,1,p:2.3.5.2.1.1
U7566,302,FUSE2,461120.9648,461120.9648,463996.4648,2875.5,2875.5,1035.4,0.360077,1,p:1.1.2.1.2.2
U7567,302,FUSE2,461172.5689,461172.5689,464273.2689,3100.7,3100.7,1035.4,0.333925,1,p:2.2.4.2.3.1
U7568,302,FUSE2,461236.9648,461236.9648,464228.4648,2991.5,2991.5,1035.4,0.346114,1,p:1.3.3.1.1.2
U7569,302,FUSE2,461288.5689,461288.5689,467036.0648,5747.4959,5747.4959,1035.4,0.180148,1,p:2.1.1.2.2.1
U7570,302,FUSE2,461352.9648,461352.9648,467949.4968,6596.532,6596.532,1035.4,0.156961,1,p:1.2.5.1.3.2
U7571,302,FUSE2,461404.5689,461404.5689,464505.2689,3100.7,3100.7,1035.4,0.333925,1,p:2.3.2.2.1.1
U7572,302,FUSE2,461468.9648,461468.9648,464695.6648,3226.7,3226.7,1035.4,0.320885,1,p:1.1.4.1.2.2
U7671,307,FUSE0,461520.5689,461520.5689,464853.2689,3332.7,3332.7,941.0,0.282354,1,p:2.2.3.2.3.1
U7672,307,FUSE0,461584.9648,461584.9648,467251.2648,5666.3,5666.3,941.0,0.16607,1,p:1.3.1.1.1.2
U7673,307,FUSE0,461636.5689,461636.5689,467500.0648,5863.4959,5863.4959,941.0,0.160484,1,p:2.1.5.2.2.1
U7674,307,FUSE0,461700.9648,461700.9648,464347.6648,2646.7,2646.7,941.0,0.355537,1,p:1.2.2.1.3.2
U7675,307,FUSE0,461752.5689,461752.5689,464969.2689,3216.7,3216.7,941.0,0.292536,1,p:2.3.4.2.1.1
U7676,307,FUSE0,461816.9648,461816.9648,464811.6648,2994.7,2994.7,941.0,0.314222,1,p:1.1.3.1.2.2
U7677,307,FUSE0,461868.5689,461868.5689,468263.4968,6394.9279,6394.9279,941.0,0.147148,1,p:2.2.1.2.3.1
U7678,307,FUSE0,461932.9648,461932.9648,467833.4968,5900.532,5900.532,941.0,0.159477,1,p:1.3.5.1.1.2
U7679,307,FUSE0,461984.5689,461984.5689,465085.2689,3100.7,3100.7,941.0,0.30348,1,p:2.1.2.2.2.1
U7680,307,FUSE1,462048.9648,462048.9648,465046.8648,2997.9,2997.9,1003.0,0.334568,1,p:1.2.4.1.3.2
U7681,307,FUSE1,462100.5689,462100.5689,465201.2689,3100.7,3100.7,1003.0,0.323475,1,p:2.3.3.2.1.1
U7682,307,FUSE1,462164.9648,462164.9648,468065.4968,5900.532,5900.532,1003.0,0.169985,1,p:1.1.1.1.2.2
U7683,307,FUSE1,462216.5689,462216.5689,468843.4968,6626.9279,6626.9279,1003.0,0.151352,1,p:2.2.5.2.3.1
U7684,307,FUSE1,462281.3648,462281.3648,465278.8648,2997.5,2997.5,1003.0,0.334612,1,p:1.3.2.1.1.2
U7685,307,FUSE1,462332.5689,462332.5689,465665.2689,3332.7,3332.7,1003.0,0.300957,1,p:2.1.4.2.2.1
U7686,307,FUSE1,462397.3648,462397.3648,465394.8648,2997.5,2997.5,1003.0,0.334612,1,p:1.2.3.1.3.2
U7687,307,FUSE1,462448.5689,462448.5689,468145.2648,5696.6959,5696.6959,1003.0,0.176067,1,p:2.3.1.2.1.1
U7688,307,FUSE1,462513.3648,462513.3648,468529.4968,6016.132,6016.132,1003.0,0.166718,1,p:1.1.5.1.2.2
U7689,307,FUSE2,462564.5689,462564.5689,465549.2689,2984.7,2984.7,1035.4,0.346903,1,p:2.2.2.2.3.1
U7690,307,FUSE2,462629.3648,462629.3648,465742.8648,3113.5,3113.5,1035.4,0.332552,1,p:1.3.4.1.1.2
U7691,307,FUSE2,462680.5689,462680.5689,465781.2689,3100.7,3100.7,1035.4,0.333925,1,p:2.1.3.2.2.1
U7692,307,FUSE2,462745.3648,462745.3648,469225.4968,6480.132,6480.132,1035.4,0.159781,1,p:1.2.1.1.3.2
U7693,307,FUSE2,462796.5689,462796.5689,468727.4968,5930.9279,5930.9279,1035.4,0.174576,1,p:2.3.5.2.1.1
U7694,307,FUSE2,462861.3648,462861.3648,465858.8648,2997.5,2997.5,1035.4,0.345421,1,p:1.1.2.1.2.2
U7695,307,FUSE2,462912.5689,462912.5689,466013.2689,3100.7,3100.7,1035.4,0.333925,1,p:2.2.4.2.3.1
U7696,307,FUSE2,462977.3648,462977.3648,466129.2689,3151.9041,3151.9041,1035.4,0.3285,1,p:1.3.3.2.2.1
U7902,316,FUSE0,463028.5689,463028.5689,468761.4968,5732.9279,5732.9279,941.0,0.16414,1,p:2.1.1.1.1.2
U7903,316,FUSE0,463093.3648,463093.3648,470229.9808,7136.616,7136.616,941.0,0.131855,1,p:1.2.5.1.3.2
U7904,316,FUSE0,463144.5689,463144.5689,466245.2689,3100.7,3100.7,941.0,0.30348,1,p:2.3.2.2.1.1
U7905,316,FUSE0,463209.3648,463209.3648,466328.7808,3119.416,3119.416,941.0,0.301659,1,p:1.1.4.1.2.2
U7906,316,FUSE0,463260.5689,463260.5689,469655.4968,6394.9279,6394.9279,941.0,0.147148,1,p:2.2.1.2.3.1
U7907,316,FUSE0,463330.1648,463330.1648,466212.7808,2882.616,2882.616,941.0,0.32644,1,p:1.3.3.1.1.2
U7908,316,FUSE0,463376.5689,463376.5689,469075.4968,5698.9279,5698.9279,941.0,0.165119,1,p:2.1.5.2.2.1
U7909,316,FUSE0,463446.1648,463446.1648,467027.9808,3581.816,3581.816,941.0,0.262716,1,p:1.2.2.1.3.2
U7910,316,FUSE1,463492.5689,463492.5689,466572.0648,3079.4959,3079.4959,1003.0,0.325703,1,p:2.3.4.2.1.1
U7911,316,FUSE1,463562.1648,463562.1648,469109.4968,5547.332,5547.332,1003.0,0.180808,1,p:1.1.1.1.2.2
U7912,316,FUSE1,463608.5689,463608.5689,467384.0648,3775.4959,3775.4959,1003.0,0.26566,1,p:2.2.3.2.3.1
U7913,316,FUSE1,463679.7648,463679.7648,469765.9808,6086.216,6086.216,1003.0,0.164799,1,p:1.3.5.1.1.2
U7914,316,FUSE1,463724.5689,463724.5689,466688.0648,2963.4959,2963.4959,1003.0,0.338452,1,p:2.1.2.2.2.1
U7915,316,FUSE1,463795.7648,463795.7648,467717.4968,3921.732,3921.732,1003.0,0.255754,1,p:1.2.4.1.3.2
U7916,316,FUSE1,463840.5689,463840.5689,469423.4968,5582.9279,5582.9279,1003.0,0.179655,1,p:2.3.1.2.1.1
U7917,316,FUSE1,463911.7648,463911.7648,466795.9808,2884.216,2884.216,1003.0,0.347755,1,p:1.1.3.1.2.2
U7918,316,FUSE2,463956.5689,463956.5689,470699.4968,6742.9279,6742.9279,1035.4,0.153553,1,p:2.2.5.2.3.1
U7919,316,FUSE2,464027.7648,464027.7648,466911.9808,2884.216,2884.216,1035.4,0.358988,1,p:1.3.2.1.1.2
U7920,316,FUSE2,464072.5689,464072.5689,467268.0648,3195.4959,3195.4959,1035.4,0.324019,1,p:2.1.4.2.2.1
U7921,316,FUSE2,464143.7648,464143.7648,470809.9808,6666.216,6666.216,1035.4,0.15532,1,p:1.2.1.1.3.2
U7922,316,FUSE2,464188.5689,464188.5689,467152.0648,2963.4959,2963.4959,1035.4,0.349385,1,p:2.3.3.2.1.1
U7923,316,FUSE2,464259.7648,464259.7648,470461.9808,6202.216,6202.216,1035.4,0.16694,1,p:1.1.5.1.2.2
U7924,316,FUSE2,464304.5689,464304.5689,467921.9808,3617.4119,3617.4119,1035.4,0.286227,1,p:2.2.2.2.3.1
U5956,238,FUSE0,464378.9648,464378.9648,467485.4968,3106.532,3106.532,941.0,0.30291,1,p:1.3.4.1.1.2
U5957,238,FUSE0,464420.5689,464420.5689,469887.4968,5466.9279,5466.9279,941.0,0.172126,1,p:2.1.1.2.2.1
U5958,238,FUSE0,464494.9648,464494.9648,468413.4968,3918.532,3918.532,941.0,0.240141,1,p:1.2.3.1.3.2
U5959,238,FUSE0,464536.5689,464536.5689,470235.4968,5698.9279,5698.9279,941.0,0.165119,1,p:2.3.5.2.1.1
U5960,238,FUSE0,464610.9648,464610.9648,467601.4968,2990.532,2990.532,941.0,0.31466,1,p:1.1.2.1.2.2
U5961,238,FUSE0,464652.5689,464652.5689,468611.4968,3958.9279,3958.9279,941.0,0.237691,1,p:2.2.4.2.3.1
U5962,238,FUSE0,464726.9648,464726.9648,470693.9808,5967.016,5967.016,941.0,0.1577,1,p:1.3.1.1.1.2
U5963,238,FUSE0,464768.5689,464768.5689,467689.9808,2921.4119,2921.4119,941.0,0.322105,1,p:2.1.3.2.2.1
U5964,238,FUSE0,464842.9648,464842.9648,471853.9808,7011.016,7011.016,941.0,0.134217,1,p:1.2.5.1.3.2
U5965,238,FUSE1,464884.5689,464884.5689,467805.9808,2921.4119,2921.4119,1003.0,0.343327,1,p:2.3.2.2.1.1
U5966,238,FUSE1,464958.9648,464958.9648,468297.4968,3338.532,3338.532,1003.0,0.300431,1,p:1.1.4.1.2.2
U5967,238,FUSE1,465000.5689,465000.5689,471511.4968,6510.9279,6510.9279,1003.0,0.154049,1,p:2.2.1.2.3.1
U5968,238,FUSE1,465078.1648,465078.1648,468181.4968,3103.332,3103.332,1003.0,0.323201,1,p:1.3.3.1.1.2
U5969,238,FUSE1,465116.5689,465116.5689,470815.4968,5698.9279,5698.9279,1003.0,0.175998,1,p:2.1.5.2.2.1
U5970,238,FUSE1,465194.1648,465194.1648,468877.4968,3683.332,3683.332,1003.0,0.272308,1,p:1.2.2.1.3.2
U5971,238,FUSE1,465232.5689,465232.5689,468379.4968,3146.9279,3146.9279,1003.0,0.318724,1,p:2.3.4.2.1.1
U5972,238,FUSE1,465310.1648,465310.1648,471157.9808,5847.816,5847.816,1003.0,0.171517,1,p:1.1.1.1.2.2
U5973,238,FUSE1,465348.5689,465348.5689,469191.4968,3842.9279,3842.9279,1003.0,0.260999,1,p:2.2.3.2.3.1
U5974,238,FUSE2,465426.1648,465426.1648,471273.9808,5847.816,5847.816,1035.4,0.177058,1,p:1.3.5.1.1.2
U5975,238,FUSE2,465464.5689,465464.5689,468495.4968,3030.9279,3030.9279,1035.4,0.341612,1,p:2.1.2.2.2.1
U5976,238,FUSE2,465542.1648,465542.1648,469533.9808,3991.816,3991.816,1035.4,0.259381,1,p:1.2.4.1.3.2
U5977,238,FUSE2,465580.5689,465580.5689,471163.4968,5582.9279,5582.9279,1035.4,0.185458,1,p:2.3.1.2.1.1
U5978,238,FUSE2,465658.1648,465658.1648,468645.4968,2987.332,2987.332,1035.4,0.346597,1,p:1.1.3.1.2.2
U5979,238,FUSE2,465696.5689,465696.5689,472283.8968,6587.3279,6587.3279,1035.4,0.157181,1,p:2.2.5.2.3.1
U5980,238,FUSE2,465774.1648,465774.1648,468993.4968,3219.332,3219.332,1035.4,0.32162,1,p:1.3.2.1.1.2
U5981,238,FUSE2,465812.5689,465812.5689,469307.4968,3494.9279,3494.9279,1035.4,0.296258,1,p:2.1.4.2.1.1
U2154,87,FUSE0,465890.1648,465890.1648,471395.4968,5505.332,5505.332,941.0,0.170925,1,p:1.2.1.2.2.1
U2155,87,FUSE0,465928.5689,465928.5689,469881.9808,3953.4119,3953.4119,941.0,0.238022,1,p:2.3.3.1.3.2
U2156,87,FUSE0,466006.1648,466006.1648,472201.9808,6195.816,6195.816,941.0,0.151877,1,p:1.1.5.1.2.2
U2157,87,FUSE0,466044.5689,466044.5689,470003.4968,3958.9279,3958.9279,941.0,0.237691,1,p:2.2.2.2.3.1
U2158,87,FUSE0,466128.0808,466128.0808,471737.9808,5609.9,5609.9,941.0,0.167739,1,p:1.3.1.1.1.2
U2159,87,FUSE0,466160.5689,466160.5689,468959.4968,2798.9279,2798.9279,941.0,0.3362,1,p:2.1.3.2.2.1
U2160,87,FUSE0,466244.0808,466244.0808,470345.9808,4101.9,4101.9,941.0,0.229406,1,p:1.2.4.1.3.2
U2161,87,FUSE0,466276.5689,466276.5689,471816.0648,5539.4959,5539.4959,941.0,0.169871,1,p:2.3.5.2.1.1
U2162,87,FUSE1,466360.0808,466360.0808,469417.9808,3057.9,3057.9,1003.0,0.328003,1,p:1.1.2.1.2.2
U2163,87,FUSE1,466428.5648,466428.5648,473095.8968,6667.332,6667.332,1003.0,0.150435,1,p:2.2.1.2.3.1
U2164,87,FUSE1,466477.6808,466477.6808,469649.9808,3172.3,3172.3,1003.0,0.316174,1,p:1.3.3.1.1.2
U2165,87,FUSE1,466603.3648,466603.3648,469539.4968,2936.132,2936.132,1003.0,0.341606,1,p:2.1.4.2.2.1
U2166,87,FUSE1,466719.3648,466719.3648,473387.9808,6668.616,6668.616,1003.0,0.150406,1,p:1.2.5.1.3.2
U2167,87,FUSE1,466827.2808,466827.2808,469771.4968,2944.216,2944.216,1003.0,0.340668,1,p:2.3.2.2.1.1
U2168,87,FUSE1,466835.3648,466835.3648,472781.9808,5946.616,5946.616,1003.0,0.168667,1,p:1.1.1.1.2.2
U2169,87,FUSE1,466943.2808,466943.2808,470467.4968,3524.216,3524.216,1003.0,0.284602,1,p:2.2.3.2.3.1
U2170,87,FUSE2,466951.3648,466951.3648,470113.9808,3162.616,3162.616,1035.4,0.327387,1,p:1.3.4.1.1.2
U2171,87,FUSE2,467059.2808,467059.2808,472399.8968,5340.616,5340.616,1035.4,0.193873,1,p:2.1.5.2.2.1
U2172,87,FUSE2,467067.3648,467067.3648,471041.9808,3974.616,3974.616,1035.4,0.260503,1,p:1.2.2.1.3.2
U2173,87,FUSE2,467183.3648,467183.3648,472631.8968,5448.532,5448.532,1035.4,0.190033,1,p:2.3.1.2.1.1
U2174,87,FUSE2,467282.5648,467282.5648,469997.9808,2715.416,2715.416,1035.4,0.381304,1,p:1.1.3.1.2.2
U2175,87,FUSE2,467299.3648,467299.3648,471279.4968,3980.132,3980.132,1035.4,0.260142,1,p:2.2.4.2.3.1
U2176,87,FUSE2,467400.7968,467400.7968,473271.9808,5871.184,5871.184,1035.4,0.176353,1,p:1.3.5.1.1.2
U2177,87,FUSE2,467415.3648,467415.3648,470577.9808,3162.616,3162.616,1035.4,0.327387,1,p:2.1.2.1.2.2
U4865,194,FUSE0,467516.7968,467516.7968,473211.8968,5695.1,5695.1,941.0,0.16523,1,p:1.2.1.2.2.1
U4866,194,FUSE0,467531.3648,467531.3648,471389.9808,3858.616,3858.616,941.0,0.24387,1,p:2.3.3.1.3.2
U4867,194,FUSE0,467632.7968,467632.7968,470351.4968,2718.7,2718.7,941.0,0.346121,1,p:1.1.4.2.1.1
U4868,194,FUSE0,467721.2808,467721.2808,473857.0968,6135.816,6135.816,941.0,0.153362,1,p:2.2.5.2.3.1
U4869,194,FUSE0,467748.7968,467748.7968,473013.9808,5265.184,5265.184,941.0,0.178721,1,p:1.3.1.1.1.2
U4870,194,FUSE0,467837.2808,467837.2808,470119.4968,2282.216,2282.216,941.0,0.412319,1,p:2.1.3.2.2.1
U4871,194,FUSE0,467864.7968,467864.7968,472085.9808,4221.184,4221.184,941.0,0.222923,1,p:1.2.4.1.3.2
U4872,194,FUSE0,467953.2808,467953.2808,470583.4968,2630.216,2630.216,941.0,0.357765,1,p:2.3.2.2.1.1
U4873,194,FUSE1,467980.7968,467980.7968,473851.9808,5871.184,5871.184,1003.0,0.170834,1,p:1.1.5.1.2.2
U4874,194,FUSE1,468096.7968,468096.7968,474205.0968,6108.3,6108.3,1003.0,0.164203,1,p:2.2.1.2.3.1
U4875,194,FUSE1,468176.5648,468176.5648,470925.9808,2749.416,2749.416,1003.0,0.364805,1,p:1.3.3.1.1.2
U4876,194,FUSE1,468212.7968,468212.7968,470931.4968,2718.7,2718.7,1003.0,0.368926,1,p:2.1.4.2.2.1
U4877,194,FUSE1,468294.7968,468294.7968,472433.9808,4139.184,4139.184,1003.0,0.242318,1,p:1.2.2.1.3.2
U4878,194,FUSE1,468328.7968,468328.7968,473708.7808,5379.984,5379.984,1003.0,0.186432,1,p:2.3.5.2.1.1
U4879,194,FUSE1,468410.7968,468410.7968,474315.9808,5905.184,5905.184,1003.0,0.169851,1,p:1.1.1.1.2.2
U4880,194,FUSE1,468444.7968,468444.7968,471934.2968,3489.5,3489.5,1003.0,0.287434,1,p:2.2.3.2.3.1
U4881,194,FUSE2,468526.7968,468526.7968,471505.9808,2979.184,2979.184,1035.4,0.347545,1,p:1.3.4.1.1.2
U4882,194,FUSE2,468560.7968,468560.7968,471047.4968,2486.7,2486.7,1035.4,0.416375,1,p:2.1.2.2.2.1
U4883,194,FUSE2,468642.7968,468642.7968,474779.9808,6137.184,6137.184,1035.4,0.168709,1,p:1.2.5.1.3.2
U4884,194,FUSE2,468676.7968,468676.7968,474321.0968,5644.3,5644.3,1035.4,0.183442,1,p:2.3.1.2.1.1
U4885,194,FUSE2,468758.7968,468758.7968,471621.9808,2863.184,2863.184,1035.4,0.361625,1,p:1.1.3.1.2.2
U4886,194,FUSE2,468792.7968,468792.7968,472515.8968,3723.1,3723.1,1035.4,0.278102,1,p:2.2.4.2.3.1
U4887,194,FUSE2,468874.7968,468874.7968,471969.9808,3095.184,3095.184,1035.4,0.33452,1,p:1.3.2.1.1.2
U4888,194,FUSE2,468908.7968,468908.7968,474901.0968,5992.3,5992.3,1035.4,0.172788,1,p:2.1.5.2.1.1
U588,24,FUSE0,468990.7968,468990.7968,474785.0968,5794.3,5794.3,941.0,0.162401,1,p:1.2.1.2.2.1
U589,24,FUSE0,469024.7968,469024.7968,472897.9808,3873.184,3873.184,941.0,0.242953,1,p:2.3.3.1.3.2
U590,24,FUSE0,469106.7968,469106.7968,472317.9808,3211.184,3211.184,941.0,0.293038,1,p:1.1.4.1.2.2
U591,24,FUSE0,469140.7968,469140.7968,472747.8968,3607.1,3607.1,941.0,0.260874,1,p:2.2.2.2.3.1
U592,24,FUSE0,469222.7968,469222.7968,474663.9808,5441.184,5441.184,941.0,0.17294,1,p:1.3.1.1.1.2
U593,24,FUSE0,469256.7968,469256.7968,471627.4968,2370.7,2370.7,941.0,0.396929,1,p:2.1.3.2.2.1
U594,24,FUSE0,469338.7968,469338.7968,475707.9808,6369.184,6369.184,941.0,0.147743,1,p:1.2.5.1.3.2
U595,24,FUSE0,469449.2808,469449.2808,472050.2968,2601.016,2601.016,941.0,0.361782,1,p:2.3.4.2.1.1
U596,24,FUSE0,469454.7968,469454.7968,472549.9808,3095.184,3095.184,941.0,0.304021,1,p:1.1.2.1.2.2
U597,24,FUSE1,469565.2808,469565.2808,475713.0968,6147.816,6147.816,1003.0,0.163147,1,p:2.2.1.2.3.1
U598,24,FUSE1,469570.7968,469570.7968,472665.9808,3095.184,3095.184,1003.0,0.324052,1,p:1.3.3.1.1.2
U599,24,FUSE1,469681.2808,469681.2808,475249.0968,5567.816,5567.816,1003.0,0.180142,1,p:2.1.5.2.2.1
U600,24,FUSE1,469686.7968,469686.7968,473735.9808,4049.184,4049.184,1003.0,0.247704,1,p:1.2.4.1.3.2
U601,24,FUSE1,469797.2808,469797.2808,472166.2968,2369.016,2369.016,1003.0,0.423383,1,p:2.3.2.2.1.1
U602,24,FUSE1,469802.7968,469802.7968,475591.9808,5789.184,5789.184,1003.0,0.173254,1,p:1.1.1.1.2.2
U603,24,FUSE1,469913.2808,469913.2808,473443.8968,3530.616,3530.616,1003.0,0.284086,1,p:2.2.3.2.3.1
U604,24,FUSE1,469918.7968,469918.7968,475823.9808,5905.184,5905.184,1003.0,0.169851,1,p:1.3.5.1.1.2
U605,24,FUSE2,470029.2808,470029.2808,472863.8968,2834.616,2834.616,1035.4,0.36527,1,p:2.1.4.2.2.1
U606,24,FUSE2,470034.7968,470034.7968,474083.9808,4049.184,4049.184,1035.4,0.255706,1,p:1.2.2.1.3.2
U607,24,FUSE2,470145.2808,470145.2808,475829.0968,5683.816,5683.816,1035.4,0.182166,1,p:2.3.1.2.1.1
U608,24,FUSE2,470150.7968,470150.7968,473155.9808,3005.184,3005.184,1035.4,0.344538,1,p:1.1.3.1.2.2
U609,24,FUSE2,470261.2808,470261.2808,476525.0968,6263.816,6263.816,1035.4,0.165299,1,p:2.2.5.2.3.1
U610,24,FUSE2,470266.7968,470266.7968,473619.9808,3353.184,3353.184,1035.4,0.308781,1,p:1.3.4.1.1.2
U611,24,FUSE2,470377.2808,470377.2808,472979.8968,2602.616,2602.616,1035.4,0.39783,1,p:2.1.2.2.2.1
U612,24,FUSE2,470382.7968,470382.7968,476293.0968,5910.3,5910.3,1035.4,0.175186,1,p:1.2.1.2.1.1
U613,24,FUSE2,470493.2808,470493.2808,473503.9808,3010.7,3010.7,1035.4,0.343907,1,p:2.3.3.1.2.2
U1692,68,FUSE0,470498.7968,470498.7968,476519.9808,6021.184,6021.184,941.0,0.156282,1,p:1.1.5.1.3.2
U1693,68,FUSE0,470609.2808,470609.2808,474437.0968,3827.816,3827.816,941.0,0.245832,1,p:2.2.4.2.3.1
U1694,68,FUSE0,470614.7968,470614.7968,473967.9808,3353.184,3353.184,941.0,0.280629,1,p:1.3.2.1.1.2
U1695,68,FUSE0,470725.2808,470725.2808,476641.0968,5915.816,5915.816,941.0,0.159065,1,p:2.1.5.2.2.1
U1696,68,FUSE0,470730.7968,470730.7968,476751.9808,6021.184,6021.184,941.0,0.156282,1,p:1.2.1.1.3.2
U1697,68,FUSE0,470841.2808,470841.2808,473327.8968,2486.616,2486.616,941.0,0.378426,1,p:2.3.3.2.1.1
U1698,68,FUSE0,470846.7968,470846.7968,474199.9808,3353.184,3353.184,941.0,0.280629,1,p:1.1.4.1.2.2
U1699,68,FUSE0,470957.2808,470957.2808,474669.0968,3711.816,3711.816,941.0,0.253515,1,p:2.2.2.2.3.1
U1700,68,FUSE0,470962.7968,470962.7968,476635.9808,5673.184,5673.184,941.0,0.165868,1,p:1.3.5.1.1.2
U1701,68,FUSE1,471073.2808,471073.2808,476757.0968,5683.816,5683.816,1003.0,0.176466,1,p:2.1.1.2.2.1
U1702,68,FUSE1,471078.7968,471078.7968,474547.9808,3469.184,3469.184,1003.0,0.289117,1,p:1.2.3.1.3.2
U1703,68,FUSE1,471189.2808,471189.2808,474089.0968,2899.816,2899.816,1003.0,0.345884,1,p:2.3.4.2.1.1
U1704,68,FUSE1,471194.7968,471194.7968,474431.9808,3237.184,3237.184,1003.0,0.309837,1,p:1.1.2.1.2.2
U1705,68,FUSE1,471305.2808,471305.2808,477569.0968,6263.816,6263.816,1003.0,0.160126,1,p:2.2.5.2.3.1
U1706,68,FUSE1,471310.7968,471310.7968,477099.9808,5789.184,5789.184,1003.0,0.173254,1,p:1.3.1.1.1.2
U1707,68,FUSE1,471421.2808,471421.2808,473973.0968,2551.816,2551.816,1003.0,0.393053,1,p:2.1.3.2.2.1
U1708,68,FUSE1,471426.7968,471426.7968,475011.9808,3585.184,3585.184,1003.0,0.279762,1,p:1.2.4.1.3.2
U1709,68,FUSE1,471537.2808,471537.2808,474553.0968,3015.816,3015.816,1003.0,0.33258,1,p:2.3.2.2.1.1
U1710,68,FUSE2,471542.7968,471542.7968,477331.9808,5789.184,5789.184,1035.4,0.178851,1,p:1.1.5.1.2.2
U1711,68,FUSE2,471653.2808,471653.2808,478033.0968,6379.816,6379.816,1035.4,0.162293,1,p:2.2.1.2.3.1
U1712,68,FUSE2,471658.7968,471658.7968,474895.9808,3237.184,3237.184,1035.4,0.319846,1,p:1.3.3.1.1.2
U1713,68,FUSE2,471769.2808,471769.2808,475017.0968,3247.816,3247.816,1035.4,0.318799,1,p:2.1.4.2.2.1
U1714,68,FUSE2,471847.3648,471847.3648,475243.9808,3396.616,3396.616,1035.4,0.304833,1,p:1.2.2.1.3.2
U1715,68,FUSE2,471885.2808,471885.2808,477685.0968,5799.816,5799.816,1035.4,0.178523,1,p:2.3.5.2.1.1
U1716,68,FUSE2,471965.5968,471965.5968,477679.9808,5714.384,5714.384,1035.4,0.181192,1,p:1.1.1.1.1.2
U1717,68,FUSE2,472001.2808,472001.2808,475133.0968,3131.816,3131.816,1035.4,0.330607,1,p:2.2.3.2.2.1
U6305,252,FUSE0,472081.5968,472081.5968,475127.9808,3046.384,3046.384,941.0,0.308891,1,p:1.3.4.1.2.2
U6306,252,FUSE0,472117.2808,472117.2808,475481.0968,3363.816,3363.816,941.0,0.279742,1,p:2.1.2.2.3.1
U6307,252,FUSE0,472197.5968,472197.5968,478553.4968,6355.9,6355.9,941.0,0.148051,1,p:1.2.5.1.3.2
U6308,252,FUSE0,472233.2808,472233.2808,475365.0968,3131.816,3131.816,941.0,0.300465,1,p:2.3.4.2.1.1
U6309,252,FUSE0,472315.1968,472315.1968,475359.9808,3044.784,3044.784,941.0,0.309053,1,p:1.1.2.1.2.2
U6310,252,FUSE0,472349.2808,472349.2808,478497.0968,6147.816,6147.816,941.0,0.153062,1,p:2.2.1.2.3.1
U6311,252,FUSE0,472431.1968,472431.1968,475475.9808,3044.784,3044.784,941.0,0.309053,1,p:1.3.3.1.1.2
U6312,252,FUSE0,472465.2808,472465.2808,478149.0968,5683.816,5683.816,941.0,0.165558,1,p:2.1.5.2.2.1
U6313,252,FUSE0,472547.1968,472547.1968,475939.9808,3392.784,3392.784,941.0,0.277353,1,p:1.2.4.1.3.2
U6314,252,FUSE0,472581.2808,472581.2808,475597.0968,3015.816,3015.816,941.0,0.312022,1,p:2.3.2.2.1.1
U6315,252,FUSE1,472663.1968,472663.1968,477973.4968,5310.3,5310.3,1003.0,0.188878,1,p:1.1.1.1.2.2
U6316,252,FUSE1,472697.2808,472697.2808,476061.0968,3363.816,3363.816,1003.0,0.298173,1,p:2.2.3.2.3.1
U6317,252,FUSE1,472779.1968,472779.1968,478437.4968,5658.3,5658.3,1003.0,0.177262,1,p:1.3.5.1.1.2
U6318,252,FUSE1,472813.2808,472813.2808,475945.0968,3131.816,3131.816,1003.0,0.320261,1,p:2.1.4.2.2.1
U6319,252,FUSE1,472895.1968,472895.1968,476287.9808,3392.784,3392.784,1003.0,0.295627,1,p:1.2.2.1.3.2
U6320,252,FUSE1,472929.2808,472929.2808,478729.0968,5799.816,5799.816,1003.0,0.172937,1,p:2.3.1.2.1.1
U6321,252,FUSE1,473011.1968,473011.1968,476055.9808,3044.784,3044.784,1003.0,0.329416,1,p:1.1.3.1.2.2
U6322,252,FUSE1,473045.2808,473045.2808,479193.0968,6147.816,6147.816,1003.0,0.163147,1,p:2.2.5.2.3.1
U6323,252,FUSE1,473127.1968,473127.1968,476171.9808,3044.784,3044.784,1003.0,0.329416,1,p:1.3.4.1.1.2
U6324,252,FUSE1,473187.2808,473187.2808,476177.0968,2989.816,2989.816,1003.0,0.335472,1,p:2.1.2.2.2.1
U6325,252,FUSE2,473243.1968,473243.1968,479365.4968,6122.3,6122.3,1035.4,0.169119,1,p:1.2.1.1.3.2
U6326,252,FUSE2,473303.2808,473303.2808,476409.0968,3105.816,3105.816,1035.4,0.333375,1,p:2.3.3.2.1.1
U6327,252,FUSE2,473359.1968,473359.1968,479133.4968,5774.3,5774.3,1035.4,0.179312,1,p:1.1.5.1.2.2
U6328,252,FUSE2,473419.2808,473419.2808,477105.0968,3685.816,3685.816,1035.4,0.280915,1,p:2.2.4.2.3.1
U6329,252,FUSE2,473475.1968,473475.1968,476403.9808,2928.784,2928.784,1035.4,0.353526,1,p:1.3.2.1.1.2
U6330,252,FUSE2,473535.2808,473535.2808,478961.0968,5425.816,5425.816,1035.4,0.190828,1,p:2.1.1.2.2.1
U6331,252,FUSE2,473651.2808,473651.2808,477215.9808,3564.7,3564.7,1035.4,0.290459,1,p:1.2.3.1.3.2
U6332,252,FUSE2,473740.0808,473740.0808,479657.0968,5917.016,5917.016,1035.4,0.174987,1,p:2.3.5.2.1.1
U6333,252,FUSE2,473767.2808,473767.2808,476867.9808,3100.7,3100.7,1035.4,0.333925,1,p:1.1.4.1.2.2
U6334,252,FUSE2,473883.2808,473883.2808,477337.0968,3453.816,3453.816,1035.4,0.299784,1,p:2.2.2.2.3.1
U8123,325,FUSE0,473888.3968,473888.3968,479481.4968,5593.1,5593.1,941.0,0.168243,1,p:1.3.1.1.1.2
U8124,325,FUSE0,473999.2808,473999.2808,476873.0968,2873.816,2873.816,941.0,0.327439,1,p:2.1.3.2.2.1
U8125,325,FUSE0,474004.3968,474004.3968,480039.6681,6035.2713,6035.2713,941.0,0.155917,1,p:1.2.5.1.3.2
U8126,325,FUSE0,474115.2808,474115.2808,476989.0968,2873.816,2873.816,941.0,0.327439,1,p:2.3.4.2.1.1
U8127,325,FUSE0,474120.3968,474120.3968,476983.9808,2863.584,2863.584,941.0,0.328609,1,p:1.1.2.1.2.2
U8128,325,FUSE0,474231.2808,474231.2808,479889.0968,5657.816,5657.816,941.0,0.166319,1,p:2.2.1.2.3.1
U8129,325,FUSE0,474236.3968,474236.3968,477447.9808,3211.584,3211.584,941.0,0.293002,1,p:1.3.3.1.1.2
U8130,325,FUSE0,474347.2808,474347.2808,480468.0681,6120.7873,6120.7873,941.0,0.153738,1,p:2.1.5.2.2.1
U8131,325,FUSE1,474352.3968,474352.3968,477857.4968,3505.1,3505.1,1003.0,0.286154,1,p:1.2.4.1.3.2
U8132,325,FUSE1,474463.2808,474463.2808,477221.0968,2757.816,2757.816,1003.0,0.363694,1,p:2.3.2.2.1.1
U8133,325,FUSE1,474468.3968,474468.3968,480387.6681,5919.2713,5919.2713,1003.0,0.169447,1,p:1.1.1.1.2.2
U8134,325,FUSE1,474579.2808,474579.2808,477801.0968,3221.816,3221.816,1003.0,0.311315,1,p:2.2.3.2.3.1
U8135,325,FUSE1,474584.3968,474584.3968,480271.6681,5687.2713,5687.2713,1003.0,0.176359,1,p:1.3.5.1.1.2
U8136,325,FUSE1,474695.2808,474695.2808,477453.0968,2757.816,2757.816,1003.0,0.363694,1,p:2.1.4.2.2.1
U8137,325,FUSE1,474700.3968,474700.3968,478205.4968,3505.1,3505.1,1003.0,0.286154,1,p:1.2.2.1.3.2
U8138,325,FUSE1,474811.2808,474811.2808,480005.0968,5193.816,5193.816,1003.0,0.193114,1,p:2.3.1.2.1.1
U8139,325,FUSE2,474816.3968,474816.3968,477563.9808,2747.584,2747.584,1035.4,0.37684,1,p:1.1.3.1.2.2
U8140,325,FUSE2,474927.2808,474927.2808,480816.0681,5888.7873,5888.7873,1035.4,0.175826,1,p:2.2.5.2.3.1
U8141,325,FUSE2,474932.3968,474932.3968,478089.4968,3157.1,3157.1,1035.4,0.327959,1,p:1.3.4.1.1.2
U8142,325,FUSE2,475043.2808,475043.2808,477917.0968,2873.816,2873.816,1035.4,0.360288,1,p:2.1.2.2.2.1
U8143,325,FUSE2,475048.3968,475048.3968,480883.2556,5834.8587,5834.8587,1035.4,0.177451,1,p:1.2.1.1.3.2
U8144,325,FUSE2,475159.2808,475159.2808,478265.0968,3105.816,3105.816,1035.4,0.333375,1,p:2.3.3.2.1.1
U8145,325,FUSE2,475164.3968,475164.3968,481147.2681,5982.8713,5982.8713,1035.4,0.173061,1,p:1.1.5.1.2.2
U8146,325,FUSE2,475275.2808,475275.2808,478901.4968,3626.216,3626.216,1035.4,0.285532,1,p:2.2.4.1.3.2
U8147,325,FUSE2,475280.3968,475280.3968,478321.4968,3041.1,3041.1,1035.4,0.340469,1,p:1.3.2.1.1.2
U1585,64,FUSE0,475391.2808,475391.2808,481396.0681,6004.7873,6004.7873,941.0,0.156708,1,p:2.1.1.2.3.1
U1586,64,FUSE0,475396.3968,475396.3968,478381.0968,2984.7,2984.7,941.0,0.315275,1,p:1.2.3.2.2.1
U1587,64,FUSE0,475507.2808,475507.2808,481280.0681,5772.7873,5772.7873,941.0,0.163006,1,p:2.3.5.2.1.1
U1588,64,FUSE0,475512.3968,475512.3968,481496.8681,5984.4713,5984.4713,941.0,0.15724,1,p:1.1.1.1.2.2
U1589,64,FUSE0,475623.2808,475623.2808,478613.0968,2989.816,2989.816,941.0,0.314735,1,p:2.2.4.2.2.1
U1590,64,FUSE0,475628.3968,475628.3968,478785.4968,3157.1,3157.1,941.0,0.298058,1,p:1.3.3.1.1.2
U1591,64,FUSE0,475739.2808,475739.2808,478845.0968,3105.816,3105.816,941.0,0.30298,1,p:2.1.2.2.3.1
U1592,64,FUSE0,475744.3968,475744.3968,481612.8681,5868.4713,5868.4713,941.0,0.160348,1,p:1.2.5.1.3.2
U1593,64,FUSE0,475855.2808,475855.2808,481744.0681,5888.7873,5888.7873,941.0,0.159795,1,p:2.3.1.2.1.1
U1594,64,FUSE1,475860.3968,475860.3968,479249.4968,3389.1,3389.1,1003.0,0.295949,1,p:1.1.4.1.1.2
U1595,64,FUSE1,475971.2808,475971.2808,479309.0968,3337.816,3337.816,1003.0,0.300496,1,p:2.2.3.2.3.1
U1596,64,FUSE1,475976.3968,475976.3968,478669.4968,2693.1,2693.1,1003.0,0.372433,1,p:1.3.2.1.2.2
U1597,64,FUSE1,476087.2808,476087.2808,482092.0681,6004.7873,6004.7873,1003.0,0.167033,1,p:2.1.5.2.2.1
U1598,64,FUSE1,476092.3968,476092.3968,482076.8681,5984.4713,5984.4713,1003.0,0.1676,1,p:1.2.1.1.3.2
U1599,64,FUSE1,476203.2808,476203.2808,479541.0968,3337.816,3337.816,1003.0,0.300496,1,p:2.3.4.2.3.1
U1600,64,FUSE1,476208.3968,476208.3968,479017.4968,2809.1,2809.1,1003.0,0.357054,1,p:1.1.3.1.2.2
U1601,64,FUSE1,476319.2808,476319.2808,479077.0968,2757.816,2757.816,1003.0,0.363694,1,p:2.2.2.2.1.1
U1602,64,FUSE1,476324.3968,476324.3968,482192.8681,5868.4713,5868.4713,1003.0,0.170913,1,p:1.3.5.1.1.2
U1603,64,FUSE2,476435.2808,476435.2808,482448.0681,6012.7873,6012.7873,1035.4,0.1722,1,p:2.1.1.2.2.1
U1604,64,FUSE2,476440.3968,476440.3968,479923.6681,3483.2713,3483.2713,1035.4,0.297249,1,p:1.2.4.1.2.2
U1605,64,FUSE2,476551.2808,476551.2808,479425.0968,2873.816,2873.816,1035.4,0.360288,1,p:2.3.3.2.1.1
U1606,64,FUSE2,476556.3968,476556.3968,479605.4968,3049.1,3049.1,1035.4,0.339576,1,p:1.1.2.1.3.2
U1607,64,FUSE2,476667.2808,476667.2808,482564.0681,5896.7873,5896.7873,1035.4,0.175587,1,p:2.2.5.2.3.1
U1608,64,FUSE2,476672.3968,476672.3968,482540.8681,5868.4713,5868.4713,1035.4,0.176434,1,p:1.3.1.1.1.2
U1609,64,FUSE2,476783.2808,476783.2808,480155.6681,3372.3873,3372.3873,1035.4,0.307023,1,p:2.1.4.1.3.2
U1610,64,FUSE2,476788.3968,476788.3968,479773.0968,2984.7,2984.7,1035.4,0.346903,1,p:1.2.3.2.1.1
U1611,64,FUSE2,476899.2808,476899.2808,480121.0968,3221.816,3221.816,1035.4,0.321372,1,p:2.3.2.2.2.1
U1612,64,FUSE2,476904.3968,476904.3968,483070.0681,6165.6713,6165.6713,1035.4,0.16793,1,p:1.1.5.1.2.2
U3015,121,FUSE0,477015.2808,477015.2808,483028.0681,6012.7873,6012.7873,941.0,0.1565,1,p:2.2.1.2.3.1
U3016,121,FUSE0,477020.3968,477020.3968,480503.6681,3483.2713,3483.2713,941.0,0.270148,1,p:1.3.4.1.3.2
U3017,121,FUSE0,477131.2808,477131.2808,480700.0681,3568.7873,3568.7873,941.0,0.263675,1,p:2.1.3.2.2.1
U3018,121,FUSE0,477136.3968,477136.3968,479806.7808,2670.384,2670.384,941.0,0.352384,1,p:1.2.2.1.1.2
U3019,121,FUSE0,477247.2808,477247.2808,483376.0681,6128.7873,6128.7873,941.0,0.153538,1,p:2.3.5.2.1.1
U3020,121,FUSE0,477252.3968,477252.3968,483302.0681,6049.6713,6049.6713,941.0,0.155546,1,p:1.1.1.1.2.2
U3021,121,FUSE0,477363.2808,477363.2808,480584.0681,3220.7873,3220.7873,941.0,0.292165,1,p:2.2.4.2.3.1
U3022,121,FUSE1,477368.3968,477368.3968,480619.6681,3251.2713,3251.2713,1003.0,0.308495,1,p:1.3.3.1.1.2
U3023,121,FUSE1,477479.2808,477479.2808,480932.0681,3452.7873,3452.7873,1003.0,0.29049,1,p:2.1.2.2.2.1
U3024,121,FUSE1,477484.3968,477484.3968,483650.0681,6165.6713,6165.6713,1003.0,0.162675,1,p:1.2.5.1.3.2
U3025,121,FUSE1,477595.2808,477595.2808,483492.0681,5896.7873,5896.7873,1003.0,0.170093,1,p:2.3.1.2.1.1
U3026,121,FUSE1,477600.3968,477600.3968,480999.2556,3398.8587,3398.8587,1003.0,0.295099,1,p:1.1.4.1.2.2
U3027,121,FUSE1,477711.2808,477711.2808,481164.0681,3452.7873,3452.7873,1003.0,0.29049,1,p:2.2.3.2.3.1
U3028,121,FUSE1,477716.3968,477716.3968,480767.2556,3050.8587,3050.8587,1003.0,0.32876,1,p:1.3.2.1.1.2
U3029,121,FUSE2,477832.3968,477832.3968,483964.0681,6131.6713,6131.6713,1035.4,0.168861,1,p:2.1.5.2.2.1
U3030,121,FUSE2,477888.7968,477888.7968,483882.0681,5993.2713,5993.2713,1035.4,0.17276,1,p:1.2.1.1.3.2
U3031,121,FUSE2,477948.3968,477948.3968,481048.0681,3099.6713,3099.6713,1035.4,0.334035,1,p:2.3.4.2.1.1
U3032,121,FUSE2,478004.7968,478004.7968,481322.0681,3317.2713,3317.2713,1035.4,0.312124,1,p:1.1.3.1.2.2
U3033,121,FUSE2,478064.3968,478064.3968,481628.0681,3563.6713,3563.6713,1035.4,0.290543,1,p:2.2.2.2.3.1
U3034,121,FUSE2,478120.7968,478120.7968,484578.0681,6457.2713,6457.2713,1035.4,0.160346,1,p:1.3.5.1.3.2
U3035,121,FUSE2,478180.3968,478180.3968,483998.0681,5817.6713,5817.6713,1035.4,0.177975,1,p:2.1.1.1.1.2
U3479,140,FUSE0,478236.7968,478236.7968,481976.0681,3739.2713,3739.2713,941.0,0.251653,1,p:1.2.4.2.2.1
U3480,140,FUSE0,478296.3968,478296.3968,481512.0681,3215.6713,3215.6713,941.0,0.292629,1,p:2.3.3.2.1.1
U3481,140,FUSE0,478352.7968,478352.7968,481728.8681,3376.0713,3376.0713,941.0,0.278726,1,p:1.1.2.1.2.2
U3482,140,FUSE0,478412.3968,478412.3968,484544.0681,6131.6713,6131.6713,941.0,0.153466,1,p:2.2.5.2.2.1
U3483,140,FUSE0,478468.7968,478468.7968,481960.8681,3492.0713,3492.0713,941.0,0.269468,1,p:1.3.4.1.1.2
U3484,140,FUSE0,478528.3968,478528.3968,484428.0681,5899.6713,5899.6713,941.0,0.1595,1,p:2.1.1.2.3.1
U3485,140,FUSE0,478584.7968,478584.7968,481844.8681,3260.0713,3260.0713,941.0,0.288644,1,p:1.2.3.1.3.2
U3486,140,FUSE0,478644.3968,478644.3968,481860.0681,3215.6713,3215.6713,941.0,0.292629,1,p:2.3.2.2.1.1
U3487,140,FUSE1,478700.7968,478700.7968,484346.0681,5645.2713,5645.2713,1003.0,0.177671,1,p:1.1.5.1.1.2
U3488,140,FUSE1,478760.3968,478760.3968,482332.0681,3571.6713,3571.6713,1003.0,0.280821,1,p:2.2.4.2.3.1
U3489,140,FUSE1,478816.7968,478816.7968,484694.0681,5877.2713,5877.2713,1003.0,0.170657,1,p:1.3.1.1.2.2
U3490,140,FUSE1,478876.3968,478876.3968,482216.0681,3339.6713,3339.6713,1003.0,0.300329,1,p:2.1.3.2.2.1
U3491,140,FUSE1,478932.7968,478932.7968,482308.8681,3376.0713,3376.0713,1003.0,0.297091,1,p:1.2.2.1.3.2
U3492,140,FUSE1,478992.3968,478992.3968,485124.0681,6131.6713,6131.6713,1003.0,0.163577,1,p:2.3.5.2.3.1
U3493,140,FUSE1,479048.7968,479048.7968,482772.8681,3724.0713,3724.0713,1003.0,0.269329,1,p:1.1.4.1.2.2
U3494,140,FUSE1,479108.3968,479108.3968,484196.0681,5087.6713,5087.6713,1003.0,0.197143,1,p:2.2.1.2.1.1
U3495,140,FUSE2,479164.7968,479164.7968,482424.8681,3260.0713,3260.0713,1035.4,0.3176,1,p:1.3.3.1.1.2
U3496,140,FUSE2,479224.3968,479224.3968,482680.0681,3455.6713,3455.6713,1035.4,0.299623,1,p:2.1.2.2.2.1
U3497,140,FUSE2,479280.7968,479280.7968,485721.8968,6441.1,6441.1,1035.4,0.160749,1,p:1.2.5.1.2.2
U3498,140,FUSE2,479340.3968,479340.3968,482912.0681,3571.6713,3571.6713,1035.4,0.289892,1,p:2.3.4.2.1.1
U3499,140,FUSE2,479396.7968,479396.7968,485605.8968,6209.1,6209.1,1035.4,0.166755,1,p:1.1.1.1.3.2
U3500,140,FUSE2,479456.3968,479456.3968,482796.0681,3339.6713,3339.6713,1035.4,0.310031,1,p:2.2.3.2.3.1
U3501,140,FUSE2,479512.7968,479512.7968,482656.8681,3144.0713,3144.0713,1035.4,0.329318,1,p:1.3.2.1.1.2
U8404,336,FUSE0,479572.3968,479572.3968,484776.0681,5203.6713,5203.6713,941.0,0.180834,1,p:2.1.5.2.1.1
U8405,336,FUSE0,479636.7968,479636.7968,483186.0681,3549.2713,3549.2713,941.0,0.265125,1,p:1.2.4.1.3.2
U8406,336,FUSE0,479688.3968,479688.3968,485537.2681,5848.8713,5848.8713,941.0,0.160886,1,p:2.3.1.2.2.1
U8407,336,FUSE0,479804.3968,479804.3968,482895.2681,3090.8713,3090.8713,941.0,0.304445,1,p:1.1.3.1.2.2
U8408,336,FUSE0,479838.0808,479838.0808,483260.0681,3421.9873,3421.9873,941.0,0.274986,1,p:2.2.2.2.3.1
U8409,336,FUSE0,479920.3968,479920.3968,486422.6968,6502.3,6502.3,941.0,0.144718,1,p:1.3.5.1.3.2
U8410,336,FUSE0,479954.9681,479954.9681,483724.0681,3769.1,3769.1,941.0,0.249662,1,p:2.1.4.2.2.1
U8411,336,FUSE0,480036.3968,480036.3968,484926.0681,4889.6713,4889.6713,941.0,0.192446,1,p:1.2.1.1.1.2
U8412,336,FUSE0,480070.9681,480070.9681,483144.0681,3073.1,3073.1,941.0,0.306205,1,p:2.3.3.2.1.1
U8413,336,FUSE1,480152.3968,480152.3968,483534.0681,3381.6713,3381.6713,1003.0,0.296599,1,p:1.1.2.1.2.2
U8414,336,FUSE1,480186.9681,480186.9681,486468.4681,6281.5,6281.5,1003.0,0.159675,1,p:2.2.5.2.2.1
U8415,336,FUSE1,480302.9681,480302.9681,483766.0681,3463.1,3463.1,1003.0,0.289625,1,p:1.3.4.1.1.2
U8416,336,FUSE1,480418.9681,480418.9681,486352.4681,5933.5,5933.5,1003.0,0.16904,1,p:2.1.1.2.3.1
U8417,336,FUSE1,480499.3681,480499.3681,483418.0681,2918.7,2918.7,1003.0,0.343646,1,p:1.2.3.1.3.2
U8418,336,FUSE1,480534.9681,480534.9681,483608.0681,3073.1,3073.1,1003.0,0.326381,1,p:2.3.2.2.1.1
U8419,336,FUSE1,480615.3681,480615.3681,485489.8968,4874.5287,4874.5287,1003.0,0.205763,1,p:1.1.5.1.1.2
U8420,336,FUSE1,480650.9681,480650.9681,484080.0681,3429.1,3429.1,1003.0,0.292497,1,p:2.2.4.2.3.1
U8421,336,FUSE1,480731.3681,480731.3681,486798.0681,6066.7,6066.7,1003.0,0.165329,1,p:1.3.1.1.2.2
U8422,336,FUSE2,480798.5556,480798.5556,483840.0681,3041.5125,3041.5125,1035.4,0.340423,1,p:2.1.3.2.2.1
U8423,336,FUSE2,480847.3681,480847.3681,484114.0681,3266.7,3266.7,1035.4,0.316956,1,p:1.2.2.1.3.2
U8424,336,FUSE2,480914.5556,480914.5556,487237.0015,6322.4459,6322.4459,1035.4,0.163766,1,p:2.3.5.2.3.1
U8425,336,FUSE2,480963.3681,480963.3681,484462.0681,3498.7,3498.7,1035.4,0.295938,1,p:1.1.4.1.2.2
U8426,336,FUSE2,481030.5556,481030.5556,485653.2681,4622.7125,4622.7125,1035.4,0.223981,1,p:2.2.1.2.1.1
U8427,336,FUSE2,481079.3681,481079.3681,484230.0681,3150.7,3150.7,1035.4,0.328625,1,p:1.3.3.1.1.2
U8428,336,FUSE2,481178.5681,481178.5681,484312.0681,3133.5,3133.5,1035.4,0.330429,1,p:2.1.2.2.2.1
U8429,336,FUSE2,481195.3681,481195.3681,487440.0681,6244.7,6244.7,1035.4,0.165805,1,p:1.2.5.1.2.2
U4103,165,FUSE0,481311.3681,481311.3681,484810.0681,3498.7,3498.7,941.0,0.268957,1,p:2.3.4.1.3.2
U4104,165,FUSE0,481353.3681,481353.3681,485825.5593,4472.1912,4472.1912,941.0,0.210411,1,p:1.1.1.2.1.1
U4105,165,FUSE0,481427.3681,481427.3681,484660.0681,3232.7,3232.7,941.0,0.291088,1,p:2.2.3.2.3.1
U4106,165,FUSE0,481528.1681,481528.1681,486280.9924,4752.8243,4752.8243,941.0,0.197988,1,p:1.3.2.1.1.2
U4107,165,FUSE0,481543.3681,481543.3681,484892.0681,3348.7,3348.7,941.0,0.281005,1,p:2.1.4.2.2.1
U4108,165,FUSE0,481644.1681,481644.1681,487296.6968,5652.5287,5652.5287,941.0,0.166474,1,p:1.2.1.1.3.2
U4109,165,FUSE0,481659.3681,481659.3681,489265.2681,7605.9,7605.9,941.0,0.12372,1,p:2.3.5.2.1.1
U4110,165,FUSE0,481760.1681,481760.1681,485042.0681,3281.9,3281.9,941.0,0.286724,1,p:1.1.3.1.2.2
U4111,165,FUSE0,481775.3681,481775.3681,485008.0681,3232.7,3232.7,941.0,0.291088,1,p:2.2.2.2.3.1
U4112,165,FUSE0,481876.1681,481876.1681,486682.0681,4805.9,4805.9,941.0,0.195801,1,p:1.3.4.1.1.2
U4113,165,FUSE1,481891.3681,481891.3681,487866.8681,5975.5,5975.5,1003.0,0.167852,1,p:2.1.1.2.2.1
U4114,165,FUSE1,481992.1681,481992.1681,487672.0681,5679.9,5679.9,1003.0,0.176588,1,p:1.2.5.1.3.2
U4115,165,FUSE1,482007.3681,482007.3681,487469.0015,5461.6333,5461.6333,1003.0,0.183645,1,p:2.3.3.2.1.1
U4116,165,FUSE1,482108.1681,482108.1681,485167.6681,3059.5,3059.5,1003.0,0.327831,1,p:1.1.2.1.2.2
U4117,165,FUSE1,482123.3681,482123.3681,485240.0681,3116.7,3116.7,1003.0,0.321815,1,p:2.2.4.2.3.1
U4118,165,FUSE1,482224.1681,482224.1681,489300.8681,7076.7,7076.7,1003.0,0.141733,1,p:1.3.1.1.1.2
U4119,165,FUSE1,482247.3681,482247.3681,487984.4681,5737.1,5737.1,1003.0,0.174827,1,p:2.1.5.2.2.1
U4120,165,FUSE1,482340.1681,482340.1681,485373.8968,3033.7287,3033.7287,1003.0,0.330616,1,p:1.2.3.1.3.2
U4121,165,FUSE1,482363.3681,482363.3681,487121.0015,4757.6333,4757.6333,1003.0,0.210819,1,p:2.3.2.2.1.1
U4122,165,FUSE2,482456.1681,482456.1681,485953.8968,3497.7287,3497.7287,1035.4,0.296021,1,p:1.1.4.1.2.2
U4123,165,FUSE2,482479.3681,482479.3681,488216.4681,5737.1,5737.1,1035.4,0.180474,1,p:2.2.1.2.3.1
U4124,165,FUSE2,482572.1681,482572.1681,490060.4681,7488.3,7488.3,1035.4,0.138269,1,p:1.3.5.1.1.2
U4125,165,FUSE2,482595.3681,482595.3681,485362.4681,2767.1,2767.1,1035.4,0.374182,1,p:2.1.3.2.2.1
U4126,165,FUSE2,482688.1681,482688.1681,485837.8968,3149.7287,3149.7287,1035.4,0.328727,1,p:1.2.2.1.3.2
U4127,165,FUSE2,482711.3681,482711.3681,487750.8681,5039.5,5039.5,1035.4,0.205457,1,p:2.3.4.2.1.1
U4128,165,FUSE2,482804.1681,482804.1681,488314.0681,5509.9,5509.9,1035.4,0.187916,1,p:1.1.1.1.2.2
U4129,165,FUSE2,482827.3681,482827.3681,488365.4968,5538.1287,5538.1287,1035.4,0.186958,1,p:2.2.5.2.3.1
U4130,165,FUSE2,482926.5681,482926.5681,487937.0968,5010.5287,5010.5287,1035.4,0.206645,1,p:1.3.3.1.1.2
U4131,165,FUSE2,482943.3681,482943.3681,486073.0968,3129.7287,3129.7287,1035.4,0.330827,1,p:2.1.2.1.3.2
U1294,52,FUSE0,483059.3681,483059.3681,486061.6681,3002.3,3002.3,941.0,0.313426,1,p:1.2.4.2.2.1
U1295,52,FUSE0,483101.3681,483101.3681,489961.2681,6859.9,6859.9,941.0,0.137174,1,p:2.3.1.2.1.1
U1296,52,FUSE0,483175.3681,483175.3681,488488.8681,5313.5,5313.5,941.0,0.177096,1,p:1.1.5.1.2.2
U1297,52,FUSE0,483217.3681,483217.3681,485941.5593,2724.1912,2724.1912,941.0,0.345424,1,p:2.2.3.2.3.1
U1298,52,FUSE0,483291.3681,483291.3681,488720.8681,5429.5,5429.5,941.0,0.173312,1,p:1.3.4.1.1.2
U1299,52,FUSE0,483333.3681,483333.3681,486236.4681,2903.1,2903.1,941.0,0.324136,1,p:2.1.2.2.2.1
U1300,52,FUSE0,483407.3681,483407.3681,488604.8681,5197.5,5197.5,941.0,0.181049,1,p:1.2.1.1.3.2
U1301,52,FUSE1,483449.3681,483449.3681,490541.2681,7091.9,7091.9,1003.0,0.141429,1,p:2.3.5.2.1.1
U1302,52,FUSE1,483523.3681,483523.3681,486566.0681,3042.7,3042.7,1003.0,0.329641,1,p:1.1.3.1.2.2
U1303,52,FUSE1,483565.3681,483565.3681,486617.4968,3052.1287,3052.1287,1003.0,0.328623,1,p:2.2.4.2.3.1
U1304,52,FUSE1,483639.3681,483639.3681,489184.8681,5545.5,5545.5,1003.0,0.180867,1,p:1.3.2.1.1.2
U1305,52,FUSE1,483681.3681,483681.3681,489033.2681,5351.9,5351.9,1003.0,0.18741,1,p:2.1.1.2.2.1
U1306,52,FUSE1,483755.3681,483755.3681,489068.8681,5313.5,5313.5,1003.0,0.188764,1,p:1.2.5.1.3.2
U1307,52,FUSE1,483797.3681,483797.3681,488743.7924,4946.4243,4946.4243,1003.0,0.202773,1,p:2.3.3.2.1.1
U1308,52,FUSE2,483871.3681,483871.3681,486915.6681,3044.3,3044.3,1035.4,0.340111,1,p:1.1.4.1.2.2
U1309,52,FUSE2,483913.3681,483913.3681,486792.2968,2878.9287,2878.9287,1035.4,0.359648,1,p:2.2.2.2.3.1
U1310,52,FUSE2,483995.3681,483995.3681,491104.4681,7109.1,7109.1,1035.4,0.145644,1,p:1.3.1.1.1.2
U1311,52,FUSE2,484029.3681,484029.3681,489381.2681,5351.9,5351.9,1035.4,0.193464,1,p:2.1.5.2.2.1
U1312,52,FUSE2,484111.3681,484111.3681,487031.6681,2920.3,2920.3,1035.4,0.354553,1,p:1.2.3.1.3.2
U1313,52,FUSE2,484145.3681,484145.3681,489729.2681,5583.9,5583.9,1035.4,0.185426,1,p:2.3.4.2.1.1
U1314,52,FUSE2,484227.3681,484227.3681,487147.6681,2920.3,2920.3,1035.4,0.354553,1,p:1.1.2.1.2.2
U1315,52,FUSE2,484261.3681,484261.3681,489149.2681,4887.9,4887.9,1035.4,0.211829,1,p:2.2.1.2.3.1
U8226,329,FUSE0,484343.3681,484343.3681,491916.4681,7573.1,7573.1,941.0,0.124256,1,p:1.3.5.1.1.2
U8227,329,FUSE0,484377.3681,484377.3681,487353.0015,2975.6333,2975.6333,941.0,0.316235,1,p:2.1.3.2.2.1
U8228,329,FUSE0,484459.3681,484459.3681,487556.0681,3096.7,3096.7,941.0,0.303872,1,p:1.2.4.1.3.2
U8229,329,FUSE0,484493.3681,484493.3681,490077.2681,5583.9,5583.9,941.0,0.16852,1,p:2.3.2.2.1.1
U8230,329,FUSE0,484575.3681,484575.3681,489416.8681,4841.5,4841.5,941.0,0.194361,1,p:1.1.1.1.2.2
U8231,329,FUSE0,484609.3681,484609.3681,489613.2681,5003.9,5003.9,941.0,0.188053,1,p:2.2.5.2.3.1
U8232,329,FUSE0,484691.3681,484691.3681,490292.4681,5601.1,5601.1,941.0,0.168003,1,p:1.3.3.1.1.2
U8233,329,FUSE0,484725.3681,484725.3681,487634.8681,2909.5,2909.5,941.0,0.323423,1,p:2.1.4.2.2.1
U8234,329,FUSE1,484807.3681,484807.3681,487821.0968,3013.7287,3013.7287,1003.0,0.33281,1,p:1.2.2.1.3.2
U8235,329,FUSE1,484841.3681,484841.3681,491478.8681,6637.5,6637.5,1003.0,0.151111,1,p:2.3.1.2.1.1
U8236,329,FUSE1,484923.3681,484923.3681,489712.4681,4789.1,4789.1,1003.0,0.209434,1,p:1.1.5.1.2.2
U8237,329,FUSE1,484957.3681,484957.3681,488100.4681,3143.1,3143.1,1003.0,0.319112,1,p:2.2.3.2.3.1
U8238,329,FUSE1,485039.3681,485039.3681,491452.4681,6413.1,6413.1,1003.0,0.156399,1,p:1.3.4.1.1.2
U8239,329,FUSE1,485073.3681,485073.3681,488859.7924,3786.4243,3786.4243,1003.0,0.264894,1,p:2.1.2.2.2.1
U8240,329,FUSE1,485155.3681,485155.3681,489828.4681,4673.1,4673.1,1003.0,0.214633,1,p:1.2.1.1.3.2
U8241,329,FUSE1,485198.9681,486174.3152,493342.8681,8143.9,8143.9,1003.0,0.12316,1,p:2.3.5.2.1.1
U8242,329,FUSE2,485271.3681,485271.3681,488139.2681,2867.9,2867.9,1035.4,0.361031,1,p:1.1.3.1.2.2
U8243,329,FUSE2,485393.7681,486286.5152,489497.2681,4103.5,4103.5,1035.4,0.252321,1,p:2.2.4.2.3.1
U8244,329,FUSE2,485405.1968,485405.1968,491568.4681,6163.2713,6163.2713,1035.4,0.167995,1,p:1.3.2.1.1.2
U8245,329,FUSE2,485521.1968,486398.7152,491130.8681,5609.6713,5609.6713,1035.4,0.184574,1,p:2.1.1.2.2.1
U8246,329,FUSE2,485568.5681,485568.5681,489944.4681,4375.9,4375.9,1035.4,0.236614,1,p:1.2.5.1.3.2
U8247,329,FUSE2,485637.1968,486510.9152,492522.8681,6885.6713,6885.6713,1035.4,0.15037,1,p:2.3.3.2.1.1
U8248,329,FUSE2,485684.5681,485684.5681,488836.8681,3152.3,3152.3,1035.4,0.328459,1,p:1.1.4.1.2.2
U8249,329,FUSE2,485753.1968,486623.1152,489845.2681,4092.0713,4092.0713,1035.4,0.253026,1,p:2.2.2.2.2.1
U2030,82,FUSE0,485856.8593,485856.8593,492406.8681,6550.0088,6550.0088,941.0,0.143664,1,p:1.3.1.2.3.1
U2031,82,FUSE0,485869.1968,486735.3152,490872.4681,5003.2713,5003.2713,941.0,0.188077,1,p:2.1.5.1.1.2
U2032,82,FUSE0,485972.8593,485972.8593,488952.8681,2980.0088,2980.0088,941.0,0.315771,1,p:1.2.3.1.3.2
U2033,82,FUSE0,485985.1968,486847.5152,492174.8681,6189.6713,6189.6713,941.0,0.152027,1,p:2.3.4.2.1.1
U2034,82,FUSE0,486092.9681,486092.9681,490408.4681,4315.5,4315.5,941.0,0.218051,1,p:1.1.1.1.2.2
U2035,82,FUSE0,486104.3968,486959.7152,490889.2681,4784.8713,4784.8713,941.0,0.196662,1,p:2.2.5.2.3.1
U2036,82,FUSE0,486267.7681,486267.7681,491800.4681,5532.7,5532.7,941.0,0.17008,1,p:1.3.2.1.1.2
U2037,82,FUSE0,486312.2924,487071.9152,490193.2681,3880.9757,3880.9757,941.0,0.242465,1,p:2.1.3.2.2.1
U2038,82,FUSE0,486383.7681,486383.7681,489569.0968,3185.3287,3185.3287,941.0,0.295417,1,p:1.2.4.1.3.2
U2039,82,FUSE1,486453.9968,487184.1152,493574.8681,7120.8713,7120.8713,1003.0,0.140854,1,p:2.3.1.2.1.1
U2040,82,FUSE1,486499.7681,486499.7681,491220.4681,4720.7,4720.7,1003.0,0.212468,1,p:1.1.5.1.2.2
U2041,82,FUSE1,486597.3681,487296.3152,490309.2681,3711.9,3711.9,1003.0,0.270212,1,p:2.2.2.2.3.1
U2042,82,FUSE1,486648.7968,486648.7968,492960.4681,6311.6713,6311.6713,1003.0,0.158912,1,p:1.3.3.1.1.2
U2043,82,FUSE1,486713.3681,487408.5152,490657.2681,3943.9,3943.9,1003.0,0.254317,1,p:2.1.4.2.2.1
U2044,82,FUSE1,486823.5968,486823.5968,490640.4681,3816.8713,3816.8713,1003.0,0.262781,1,p:1.2.1.1.3.2
U2045,82,FUSE1,486829.3681,487520.7152,494502.8681,7673.5,7673.5,1003.0,0.13071,1,p:2.3.5.2.1.1
U2046,82,FUSE1,486946.9681,486946.9681,490176.4681,3229.5,3229.5,1003.0,0.310574,1,p:1.1.2.1.2.2
U2047,82,FUSE1,487062.9681,487632.9152,490425.2681,3362.3,3362.3,1003.0,0.298308,1,p:2.2.3.2.3.1
U2048,82,FUSE2,487152.3015,487152.3015,493308.4681,6156.1667,6156.1667,1035.4,0.168189,1,p:1.3.4.1.1.2
U2049,82,FUSE2,487178.9681,487745.1152,491826.8681,4647.9,4647.9,1035.4,0.222767,1,p:2.1.1.2.2.1
U2050,82,FUSE2,487268.3015,487268.3015,491684.4681,4416.1667,4416.1667,1035.4,0.234457,1,p:1.2.5.1.3.2
U2051,82,FUSE2,487327.9968,487857.3152,492994.8681,5666.8713,5666.8713,1035.4,0.182711,1,p:2.3.2.2.1.1
U2052,82,FUSE2,487384.3015,487384.3015,490524.4681,3140.1667,3140.1667,1035.4,0.329728,1,p:1.1.3.1.2.2
U2053,82,FUSE2,487471.3681,487969.5152,490773.2681,3301.9,3301.9,1035.4,0.313577,1,p:2.2.4.2.3.1
U2054,82,FUSE2,487500.3015,487500.3015,494236.4681,6736.1667,6736.1667,1035.4,0.153708,1,p:1.3.1.1.1.2
U2055,82,FUSE2,487587.3681,488081.7152,492638.8681,5051.5,5051.5,1035.4,0.204969,1,p:2.1.5.2.1.1
U2056,82,FUSE2,487666.1681,487666.1681,491362.8681,3696.7,3696.7,1035.4,0.280088,1,p:1.2.2.2.2.1
U818,33,FUSE0,487703.3681,488193.9152,493540.4681,5837.1,5837.1,941.0,0.16121,1,p:2.3.3.1.3.2
U819,33,FUSE0,487782.1681,487782.1681,490988.4681,3206.3,3206.3,941.0,0.293485,1,p:1.1.4.1.2.2
U820,33,FUSE0,487852.3968,488306.1152,492058.8681,4206.4713,4206.4713,941.0,0.223703,1,p:2.2.1.2.3.1
U821,33,FUSE0,487898.1681,487898.1681,494468.4681,6570.3,6570.3,941.0,0.14322,1,p:1.3.5.1.3.2
U822,33,FUSE0,487968.3968,488418.3152,491594.8681,3626.4713,3626.4713,941.0,0.259481,1,p:2.1.3.2.2.1
U823,33,FUSE0,488015.7681,488015.7681,490756.4681,2740.7,2740.7,941.0,0.343343,1,p:1.2.2.1.1.2
U824,33,FUSE0,488131.7681,488530.5152,494154.8681,6023.1,6023.1,941.0,0.156232,1,p:2.3.4.2.1.1
U825,33,FUSE1,488170.5681,488170.5681,492264.4681,4093.9,4093.9,1003.0,0.244999,1,p:1.1.1.1.2.2
U826,33,FUSE1,488247.7681,488642.7152,492878.8681,4631.1,4631.1,1003.0,0.216579,1,p:2.2.5.2.2.1
U827,33,FUSE1,488345.3681,488345.3681,493888.4681,5543.1,5543.1,1003.0,0.180946,1,p:1.3.3.1.1.2
U828,33,FUSE1,488396.7968,488754.9152,491246.8681,2850.0713,2850.0713,1003.0,0.351921,1,p:2.1.2.2.3.1
U829,33,FUSE1,488520.1681,488520.1681,491336.4681,2816.3,2816.3,1003.0,0.356141,1,p:1.2.4.1.3.2
U830,33,FUSE1,488636.1681,488867.1152,495662.8681,7026.7,7026.7,1003.0,0.142741,1,p:2.3.1.2.1.1
U831,33,FUSE1,488752.1681,488752.1681,492728.4681,3976.3,3976.3,1003.0,0.252245,1,p:1.1.5.1.2.2
U832,33,FUSE2,488775.0924,488979.3152,491710.8681,2935.7757,2935.7757,1035.4,0.352684,1,p:2.2.3.2.3.1
U833,33,FUSE2,488868.1681,488868.1681,494004.4681,5136.3,5136.3,1035.4,0.201585,1,p:1.3.2.1.1.2
U834,33,FUSE2,488891.0924,489091.5152,492290.8681,3399.7757,3399.7757,1035.4,0.304549,1,p:2.1.4.2.2.1
U835,33,FUSE2,488984.1681,488984.1681,492612.4681,3628.3,3628.3,1035.4,0.285368,1,p:1.2.1.1.3.2
U836,33,FUSE2,489064.5681,489203.7152,495778.8681,6714.3,6714.3,1035.4,0.154208,1,p:2.3.5.2.1.1
U837,33,FUSE2,489100.1681,489100.1681,492032.4681,2932.3,2932.3,1035.4,0.353102,1,p:1.1.3.1.2.2
U838,33,FUSE2,489180.5681,489315.9152,492148.4681,2967.9,2967.9,1035.4,0.348866,1,p:2.2.2.1.1.2
U7854,314,FUSE0,489216.1681,489216.1681,494386.8681,5170.7,5170.7,941.0,0.181987,1,p:1.3.4.2.3.1
U7855,314,FUSE0,489296.5681,489428.1152,493110.8681,3814.3,3814.3,941.0,0.246703,1,p:2.1.1.2.2.1
U7856,314,FUSE0,489332.1681,489332.1681,493424.4681,4092.3,4092.3,941.0,0.229944,1,p:1.2.5.1.3.2
U7857,314,FUSE0,489412.5681,489540.3152,494966.8681,5554.3,5554.3,941.0,0.169418,1,p:2.3.3.2.1.1
U7858,314,FUSE0,489448.1681,489448.1681,492496.4681,3048.3,3048.3,941.0,0.308697,1,p:1.1.4.1.2.2
U7859,314,FUSE0,489528.5681,489652.5152,491942.8681,2414.3,2414.3,941.0,0.389761,1,p:2.2.2.2.3.1
U7860,314,FUSE1,489600.3968,489600.3968,496556.4681,6956.0713,6956.0713,1003.0,0.144191,1,p:1.3.1.1.1.2
U7861,314,FUSE1,489644.5681,489764.7152,493922.8681,4278.3,4278.3,1003.0,0.234439,1,p:2.1.5.2.2.1
U7862,314,FUSE1,489743.7681,489743.7681,492380.4681,2636.7,2636.7,1003.0,0.3804,1,p:1.2.3.1.3.2
U7863,314,FUSE1,489760.5681,489876.9152,495314.8681,5554.3,5554.3,1003.0,0.180581,1,p:2.3.4.2.1.1
U7864,314,FUSE1,489859.7681,489859.7681,493076.4681,3216.7,3216.7,1003.0,0.31181,1,p:1.1.2.1.2.2
U7865,314,FUSE1,489876.5681,489989.1152,493806.8681,3930.3,3930.3,1003.0,0.255197,1,p:2.2.1.2.3.1
U7866,314,FUSE2,489975.7681,489975.7681,497020.4681,7044.7,7044.7,1035.4,0.146976,1,p:1.3.5.1.1.2
U7867,314,FUSE2,489992.5681,490101.3152,493458.8681,3466.3,3466.3,1035.4,0.298705,1,p:2.1.3.2.2.1
U7868,314,FUSE2,490091.7681,490091.7681,492844.4681,2752.7,2752.7,1035.4,0.37614,1,p:1.2.4.1.3.2
U7869,314,FUSE2,490108.5681,490213.5152,496126.8681,6018.3,6018.3,1035.4,0.172042,1,p:2.3.2.2.1.1
U7870,314,FUSE2,490207.7681,490207.7681,494352.4681,4144.7,4144.7,1035.4,0.249813,1,p:1.1.1.1.2.2
U7871,314,FUSE2,490224.5681,490325.7152,494584.4681,4359.9,4359.9,1035.4,0.237483,1,p:2.2.5.1.1.2
U7872,314,FUSE2,490323.7681,490323.7681,496242.8681,5919.1,5919.1,1035.4,0.174925,1,p:1.3.3.2.2.1
U7873,314,FUSE2,490340.5681,490437.9152,493192.4681,2851.9,2851.9,1035.4,0.363056,1,p:2.1.4.1.3.2
U4314,173,FUSE0,490439.7681,490439.7681,493226.8681,2787.1,2787.1,941.0,0.337627,1,p:1.2.2.2.3.1
U4315,173,FUSE0,490456.5681,490550.1152,497170.8681,6714.3,6714.3,941.0,0.140149,1,p:2.3.1.2.1.1
U4316,173,FUSE0,490555.7681,490555.7681,493656.4681,3100.7,3100.7,941.0,0.30348,1,p:1.1.2.1.2.2
U4317,173,FUSE0,490572.5681,490662.3152,494850.8681,4278.3,4278.3,941.0,0.219947,1,p:2.2.5.2.3.1
U4318,173,FUSE0,490671.7681,490671.7681,496904.4681,6232.7,6232.7,941.0,0.150978,1,p:1.3.3.1.1.2
U4319,173,FUSE0,490688.5681,490774.5152,493690.8681,3002.3,3002.3,941.0,0.313426,1,p:2.1.4.2.2.1
U4320,173,FUSE0,490787.7681,490787.7681,494816.4681,4028.7,4028.7,941.0,0.233574,1,p:1.2.1.1.3.2
U4321,173,FUSE0,490804.5681,490886.7152,496358.8681,5554.3,5554.3,941.0,0.169418,1,p:2.3.2.2.1.1
U4322,173,FUSE0,490903.7681,490903.7681,495512.4681,4608.7,4608.7,941.0,0.204179,1,p:1.1.5.1.2.2
U4323,173,FUSE1,490920.5681,490998.9152,494038.8681,3118.3,3118.3,1003.0,0.32165,1,p:2.2.3.2.3.1
U4324,173,FUSE1,491019.7681,491019.7681,497136.4681,6116.7,6116.7,1003.0,0.163977,1,p:1.3.4.1.1.2
U4325,173,FUSE1,491135.7681,491135.7681,495198.8681,4063.1,4063.1,1003.0,0.246856,1,p:2.1.1.2.2.1
U4326,173,FUSE1,491162.1681,491162.1681,493772.4681,2610.3,2610.3,1003.0,0.384247,1,p:1.2.2.1.3.2
U4327,173,FUSE1,491251.7681,491251.7681,497866.8681,6615.1,6615.1,1003.0,0.151623,1,p:2.3.5.2.1.1
U4328,173,FUSE1,491278.1681,491278.1681,494120.4681,2842.3,2842.3,1003.0,0.352883,1,p:1.1.3.1.2.2
U4329,173,FUSE1,491367.7681,491367.7681,494270.8681,2903.1,2903.1,1003.0,0.345493,1,p:2.2.4.2.3.1
U4330,173,FUSE1,491394.1681,491394.1681,498064.4681,6670.3,6670.3,1003.0,0.150368,1,p:1.3.1.1.1.2
U4331,173,FUSE1,491483.7681,491483.7681,494618.8681,3135.1,3135.1,1003.0,0.319926,1,p:2.1.2.2.2.1
U4332,173,FUSE2,491510.1681,491510.1681,495628.4681,4118.3,4118.3,1035.4,0.251414,1,p:1.2.5.1.3.2
U4333,173,FUSE2,491599.7681,491599.7681,497286.8681,5687.1,5687.1,1035.4,0.182061,1,p:2.3.3.2.1.1
U4334,173,FUSE2,491626.1681,491626.1681,494700.4681,3074.3,3074.3,1035.4,0.336792,1,p:1.1.4.1.2.2
U4335,173,FUSE2,491715.7681,491715.7681,495546.8681,3831.1,3831.1,1035.4,0.270262,1,p:2.2.1.2.3.1
E417,362,FUSE0,491742.1681,491742.1681,496474.8681,4732.7,4732.7,941.0,0.198829,1,p:1.3.4.1.3.1
E418,362,FUSE0,491831.7681,491831.7681,494932.4681,3100.7,3100.7,941.0,0.30348,1,p:2.1.3.2.1.2
E419,362,FUSE0,491858.1681,491858.1681,494734.8681,2876.7,2876.7,941.0,0.327111,1,p:1.2.2.2.2.1
E420,362,FUSE0,491947.7681,491947.7681,497054.8681,5107.1,5107.1,941.0,0.184253,1,p:2.3.2.2.2.1
E421,362,FUSE0,491974.1681,491974.1681,495164.4681,3190.3,3190.3,941.0,0.294957,1,p:1.1.2.1.1.2
E422,362,FUSE0,492063.7681,492063.7681,495976.4681,3912.7,3912.7,941.0,0.240499,1,p:2.2.1.1.2.2
E423,362,FUSE0,492090.1681,492090.1681,497368.4681,5278.3,5278.3,941.0,0.178277,1,p:1.3.4.1.2.2
E424,362,FUSE0,492179.7681,492179.7681,495048.4681,2868.7,2868.7,941.0,0.328023,1,p:2.1.4.1.2.2
E425,362,FUSE0,492206.1681,492206.1681,495396.4681,3190.3,3190.3,941.0,0.294957,1,p:1.2.3.2.1.2
E426,362,FUSE0,492295.7681,492295.7681,497716.4681,5420.7,5420.7,941.0,0.173594,1,p:2.3.2.1.2.2
E427,362,FUSE0,492322.1681,492322.1681,496092.4681,3770.3,3770.3,941.0,0.249582,1,p:1.1.5.2.3.2
E428,362,FUSE0,492411.7681,492411.7681,495082.8681,2671.1,2671.1,941.0,0.352289,1,p:2.2.2.1.3.1
E429,362,FUSE0,492438.1681,492438.1681,498876.4681,6438.3,6438.3,941.0,0.146157,1,p:1.3.1.1.3.2
E430,362,FUSE1,492527.7681,492527.7681,495280.4681,2752.7,2752.7,1003.0,0.36437,1,p:2.1.3.1.3.2
E431,362,FUSE1,492554.1681,492554.1681,495430.8681,2876.7,2876.7,1003.0,0.348663,1,p:1.2.2.2.2.1
E432,362,FUSE1,492643.7681,492643.7681,497948.4681,5304.7,5304.7,1003.0,0.189078,1,p:2.3.4.1.1.2
E433,362,FUSE1,492670.1681,492670.1681,496208.4681,3538.3,3538.3,1003.0,0.283469,1,p:1.1.1.2.3.2
E434,362,FUSE1,492759.7681,492759.7681,495860.4681,3100.7,3100.7,1003.0,0.323475,1,p:2.2.3.1.3.2
E435,362,FUSE1,492875.7681,492875.7681,498678.8681,5803.1,5803.1,1003.0,0.172839,1,p:1.3.5.2.1.1
E436,362,FUSE1,492910.1681,492910.1681,495744.4681,2834.3,2834.3,1003.0,0.353879,1,p:2.1.4.1.2.2
E437,362,FUSE1,492991.7681,492991.7681,496822.8681,3831.1,3831.1,1003.0,0.261805,1,p:1.2.1.2.2.1
E438,362,FUSE1,493026.1681,493026.1681,498180.4681,5154.3,5154.3,1003.0,0.194595,1,p:2.3.3.2.1.2
E439,362,FUSE1,493107.7681,493107.7681,496672.4681,3564.7,3564.7,1003.0,0.28137,1,p:1.1.5.2.2.2
E440,362,FUSE1,493142.1681,493142.1681,495894.8681,2752.7,2752.7,1003.0,0.36437,1,p:2.2.4.1.1.1
E441,362,FUSE1,493223.7681,493223.7681,498528.4681,5304.7,5304.7,1003.0,0.189078,1,p:1.3.2.2.1.2
E442,362,FUSE2,493258.1681,493258.1681,496010.8681,2752.7,2752.7,1035.4,0.37614,1,p:2.1.2.1.2.1
E443,362,FUSE2,493339.7681,493339.7681,496938.8681,3599.1,3599.1,1035.4,0.287683,1,p:1.2.5.1.3.1
E444,362,FUSE2,493374.1681,493374.1681,498910.8681,5536.7,5536.7,1035.4,0.187007,1,p:2.3.1.1.1.1
E445,362,FUSE2,493455.7681,493455.7681,496440.4681,2984.7,2984.7,1035.4,0.346903,1,p:1.1.4.1.2.2
E446,362,FUSE2,493490.1681,493490.1681,497518.8681,4028.7,4028.7,1035.4,0.257006,1,p:2.2.1.1.1.1
E447,362,FUSE2,493571.7681,493571.7681,498446.8681,4875.1,4875.1,1035.4,0.212385,1,p:1.3.4.2.1.1
E448,362,FUSE2,493606.1681,493606.1681,496324.4681,2718.3,2718.3,1035.4,0.3809,1,p:2.1.3.2.3.2
E449,362,FUSE2,493687.7681,493687.7681,497484.4681,3796.7,3796.7,1035.4,0.272711,1,p:1.2.5.2.3.2
E450,362,FUSE2,493722.1681,493722.1681,499142.8681,5420.7,5420.7,1035.4,0.191009,1,p:2.3.5.1.1.1
E451,362,FUSE2,493803.7681,493803.7681,496590.8681,2787.1,2787.1,1035.4,0.371497,1,p:1.1.2.2.2.1
E452,362,FUSE2,493838.1681,493838.1681,497402.8681,3564.7,3564.7,1035.4,0.290459,1,p:2.2.1.1.3.1
U4336,173,FUSE2,493919.7681,493919.7681,499108.4681,5188.7,5188.7,1035.4,0.199549,1,p:1.3.2.1.1.2
U4337,173,FUSE2,493954.1681,493954.1681,498214.8681,4260.7,4260.7,1035.4,0.243012,1,p:2.1.5.2.2.1
U4338,173,FUSE2,494035.7681,494035.7681,496788.4681,2752.7,2752.7,1035.4,0.37614,1,p:1.2.3.1.3.2
U4339,173,FUSE2,494070.1681,494070.1681,499490.8681,5420.7,5420.7,1035.4,0.191009,1,p:2.3.4.2.1.1
U6234,249,FUSE0,494151.7681,494151.7681,498644.4681,4492.7,4492.7,941.0,0.209451,1,p:1.1.1.1.2.2
U6235,249,FUSE0,494186.1681,494186.1681,496706.8681,2520.7,2520.7,941.0,0.373309,1,p:2.2.2.2.3.1
U6236,249,FUSE0,494267.7681,494267.7681,500036.4681,5768.7,5768.7,941.0,0.163122,1,p:1.3.5.1.1.2
U6237,249,FUSE0,494302.1681,494302.1681,497634.8681,3332.7,3332.7,941.0,0.282354,1,p:2.1.3.2.2.1
U6238,249,FUSE0,494383.7681,494383.7681,497252.4681,2868.7,2868.7,941.0,0.328023,1,p:1.2.4.1.3.2
U6239,249,FUSE0,494418.1681,494418.1681,500766.8681,6348.7,6348.7,941.0,0.148219,1,p:2.3.1.2.1.1
U6240,249,FUSE0,494499.7681,494499.7681,497600.4681,3100.7,3100.7,941.0,0.30348,1,p:1.1.2.1.2.2
U6241,249,FUSE0,494534.1681,494534.1681,498098.8681,3564.7,3564.7,941.0,0.263977,1,p:2.2.5.2.3.1
U6242,249,FUSE1,494615.7681,494615.7681,499688.4681,5072.7,5072.7,1003.0,0.197725,1,p:1.3.3.1.1.2
U6243,249,FUSE1,494650.1681,494650.1681,497982.8681,3332.7,3332.7,1003.0,0.300957,1,p:2.1.4.2.2.1
U6244,249,FUSE1,494731.7681,494731.7681,498412.4681,3680.7,3680.7,1003.0,0.272503,1,p:1.2.1.1.3.2
U6245,249,FUSE1,494766.1681,494766.1681,499722.8681,4956.7,4956.7,1003.0,0.202352,1,p:2.3.2.2.1.1
U6246,249,FUSE1,494847.7681,494847.7681,499224.4681,4376.7,4376.7,1003.0,0.229168,1,p:1.1.5.1.2.2
U6247,249,FUSE1,494882.1681,494882.1681,497750.8681,2868.7,2868.7,1003.0,0.349636,1,p:2.2.3.2.3.1
U6248,249,FUSE1,494963.7681,494963.7681,500500.4681,5536.7,5536.7,1003.0,0.181155,1,p:1.3.4.1.1.2
U6249,249,FUSE1,494998.1681,494998.1681,499258.8681,4260.7,4260.7,1003.0,0.235407,1,p:2.1.1.2.2.1
U6250,249,FUSE2,495079.7681,495079.7681,497832.4681,2752.7,2752.7,1035.4,0.37614,1,p:1.2.2.1.3.2
U6251,249,FUSE2,495114.1681,495114.1681,501346.8681,6232.7,6232.7,1035.4,0.166124,1,p:2.3.5.2.1.1
U6252,249,FUSE2,495195.7681,495195.7681,498296.4681,3100.7,3100.7,1035.4,0.333925,1,p:1.1.3.1.2.2
U6253,249,FUSE2,495230.1681,495230.1681,498330.8681,3100.7,3100.7,1035.4,0.333925,1,p:2.2.4.2.3.1
U6254,249,FUSE2,495311.7681,495311.7681,501196.4681,5884.7,5884.7,1035.4,0.175948,1,p:1.3.1.1.1.2
U6255,249,FUSE2,495346.1681,495346.1681,498562.8681,3216.7,3216.7,1035.4,0.321883,1,p:2.1.2.2.2.1
U6256,249,FUSE2,495427.7681,495427.7681,499456.4681,4028.7,4028.7,1035.4,0.257006,1,p:1.2.5.1.3.2
U3931,158,FUSE0,495462.1681,495462.1681,500302.8681,4840.7,4840.7,941.0,0.194393,1,p:2.3.3.2.1.1
U3932,158,FUSE0,495543.7681,495543.7681,498992.4681,3448.7,3448.7,941.0,0.272856,1,p:1.1.4.1.2.2
U3933,158,FUSE0,495578.1681,495578.1681,499606.8681,4028.7,4028.7,941.0,0.233574,1,p:2.2.1.2.3.1
U3934,158,FUSE0,495659.7681,495659.7681,500848.4681,5188.7,5188.7,941.0,0.181356,1,p:1.3.2.1.1.2
U3935,158,FUSE0,495694.1681,495694.1681,499838.8681,4144.7,4144.7,941.0,0.227037,1,p:2.1.5.2.2.1
U3936,158,FUSE0,495775.7681,495775.7681,498760.4681,2984.7,2984.7,941.0,0.315275,1,p:1.2.3.1.3.2
U3937,158,FUSE0,495810.1681,495810.1681,501114.8681,5304.7,5304.7,941.0,0.17739,1,p:2.3.4.2.1.1
U3938,158,FUSE0,495891.7681,495891.7681,500152.4681,4260.7,4260.7,941.0,0.220856,1,p:1.1.1.1.2.2
U3939,158,FUSE0,495926.1681,495926.1681,498794.8681,2868.7,2868.7,941.0,0.328023,1,p:2.2.2.2.3.1
U3940,158,FUSE0,496007.7681,496007.7681,502008.4681,6000.7,6000.7,941.0,0.156815,1,p:1.3.5.1.1.2
U3941,158,FUSE1,496042.1681,496042.1681,499026.8681,2984.7,2984.7,1003.0,0.336047,1,p:2.1.3.2.2.1
U3942,158,FUSE1,496123.7681,496123.7681,499340.4681,3216.7,3216.7,1003.0,0.31181,1,p:1.2.4.1.3.2
U3943,158,FUSE1,496158.1681,496158.1681,502622.8681,6464.7,6464.7,1003.0,0.15515,1,p:2.3.1.2.1.1
U3944,158,FUSE1,496239.7681,496239.7681,499572.4681,3332.7,3332.7,1003.0,0.300957,1,p:1.1.2.1.2.2
U3945,158,FUSE1,496274.1681,496274.1681,499954.8681,3680.7,3680.7,1003.0,0.272503,1,p:2.2.5.2.3.1
U3946,158,FUSE1,496355.7681,496355.7681,501428.4681,5072.7,5072.7,1003.0,0.197725,1,p:1.3.3.1.1.2
U3947,158,FUSE1,496390.1681,496390.1681,500070.8681,3680.7,3680.7,1003.0,0.272503,1,p:2.1.4.2.2.1
U3948,158,FUSE1,496471.7681,496471.7681,500384.4681,3912.7,3912.7,1003.0,0.256345,1,p:1.2.1.1.3.2
U3949,158,FUSE1,496506.1681,496506.1681,501926.8681,5420.7,5420.7,1003.0,0.185031,1,p:2.3.2.2.1.1
U3950,158,FUSE1,496587.7681,496587.7681,500964.4681,4376.7,4376.7,1003.0,0.229168,1,p:1.1.5.1.2.2
U3951,158,FUSE2,496622.1681,496622.1681,499374.8681,2752.7,2752.7,1035.4,0.37614,1,p:2.2.3.2.3.1
U3952,158,FUSE2,496703.7681,496703.7681,502472.4681,5768.7,5768.7,1035.4,0.179486,1,p:1.3.4.1.1.2
U3953,158,FUSE2,496738.1681,496738.1681,500882.8681,4144.7,4144.7,1035.4,0.249813,1,p:2.1.1.2.2.1
U3954,158,FUSE2,496819.7681,496819.7681,499920.4681,3100.7,3100.7,1035.4,0.333925,1,p:1.2.2.1.3.2
U3955,158,FUSE2,496854.1681,496854.1681,502854.8681,6000.7,6000.7,1035.4,0.172547,1,p:2.3.5.2.1.1
U3956,158,FUSE2,496935.7681,496935.7681,499804.4681,2868.7,2868.7,1035.4,0.36093,1,p:1.1.3.1.2.2
U3957,158,FUSE2,496970.1681,496970.1681,500186.8681,3216.7,3216.7,1035.4,0.321883,1,p:2.2.4.2.3.1
U3958,158,FUSE2,497051.7681,497051.7681,503317.8968,6266.1287,6266.1287,1035.4,0.165238,1,p:1.3.1.1.1.2
U3959,158,FUSE2,497086.1681,497086.1681,500418.8681,3332.7,3332.7,1035.4,0.310679,1,p:2.1.2.2.2.1
U3960,158,FUSE2,497167.7681,497167.7681,500732.4681,3564.7,3564.7,1035.4,0.290459,1,p:1.2.5.1.3.2
U6552,262,FUSE0,497202.1681,497202.1681,502274.8681,5072.7,5072.7,941.0,0.185503,1,p:2.3.3.2.1.1
U6553,262,FUSE0,497283.7681,497283.7681,500616.4681,3332.7,3332.7,941.0,0.282354,1,p:1.1.4.1.2.2
U6554,262,FUSE0,497318.1681,497318.1681,500998.8681,3680.7,3680.7,941.0,0.255658,1,p:2.2.1.2.3.1
U6555,262,FUSE0,497399.7681,497399.7681,502969.8968,5570.1287,5570.1287,941.0,0.168937,1,p:1.3.2.1.1.2
U6556,262,FUSE0,497434.1681,497434.1681,501462.8681,4028.7,4028.7,941.0,0.233574,1,p:2.1.5.2.2.1
U6557,262,FUSE0,497515.7681,497515.7681,500268.4681,2752.7,2752.7,941.0,0.341846,1,p:1.2.3.1.3.2
U6558,262,FUSE0,497550.1681,497550.1681,503086.8681,5536.7,5536.7,941.0,0.169957,1,p:2.3.4.2.1.1
U6559,262,FUSE0,497631.7681,497631.7681,501776.4681,4144.7,4144.7,941.0,0.227037,1,p:1.1.1.1.2.2
U6560,262,FUSE0,497666.1681,497666.1681,500650.8681,2984.7,2984.7,941.0,0.315275,1,p:2.2.2.2.3.1
U6561,262,FUSE1,497747.7681,497747.7681,504129.8968,6382.1287,6382.1287,1003.0,0.157158,1,p:1.3.5.1.1.2
U6562,262,FUSE1,497782.1681,497782.1681,500534.8681,2752.7,2752.7,1003.0,0.36437,1,p:2.1.3.2.2.1
U6563,262,FUSE1,497863.7681,497863.7681,501080.4681,3216.7,3216.7,1003.0,0.31181,1,p:1.2.4.1.3.2
U6564,262,FUSE1,497898.1681,497898.1681,504130.8681,6232.7,6232.7,1003.0,0.160925,1,p:2.3.1.2.1.1
U6565,262,FUSE1,497979.7681,497979.7681,501312.4681,3332.7,3332.7,1003.0,0.300957,1,p:1.1.2.1.2.2
U6566,262,FUSE1,498014.1681,498014.1681,501810.8681,3796.7,3796.7,1003.0,0.264177,1,p:2.2.5.2.3.1
U6567,262,FUSE1,498095.7681,498095.7681,503549.8968,5454.1287,5454.1287,1003.0,0.183897,1,p:1.3.3.1.1.2
U6568,262,FUSE1,498130.1681,498130.1681,501694.8681,3564.7,3564.7,1003.0,0.28137,1,p:2.1.4.2.2.1
U6569,262,FUSE1,498211.7681,498211.7681,501892.4681,3680.7,3680.7,1003.0,0.272503,1,p:1.2.1.1.3.2
U6570,262,FUSE2,498246.1681,498246.1681,503666.8681,5420.7,5420.7,1035.4,0.191009,1,p:2.3.2.2.1.1
U6571,262,FUSE2,498327.7681,498327.7681,502240.4681,3912.7,3912.7,1035.4,0.264625,1,p:1.1.5.1.2.2
U6572,262,FUSE2,498362.1681,498362.1681,501230.8681,2868.7,2868.7,1035.4,0.36093,1,p:2.2.3.2.3.1
U6573,262,FUSE2,498443.7681,498443.7681,503665.8968,5222.1287,5222.1287,1035.4,0.198272,1,p:1.3.4.1.1.2
U6574,262,FUSE2,498478.1681,498478.1681,502390.8681,3912.7,3912.7,1035.4,0.264625,1,p:2.1.1.2.2.1
U6575,262,FUSE2,498559.7681,498559.7681,501544.4681,2984.7,2984.7,1035.4,0.346903,1,p:1.2.2.1.3.2
U6576,262,FUSE2,498594.1681,498594.1681,504594.8681,6000.7,6000.7,1035.4,0.172547,1,p:2.3.5.2.1.1
U6577,262,FUSE2,498675.7681,498675.7681,501578.8681,2903.1,2903.1,1035.4,0.356653,1,p:1.1.3.2.3.1
U6578,262,FUSE2,498710.1681,498710.1681,501660.4681,2950.3,2950.3,1035.4,0.350947,1,p:2.2.4.1.1.2
U6825,273,FUSE0,498791.7681,498791.7681,505521.8968,6730.1287,6730.1287,941.0,0.139819,1,p:1.3.1.1.2.2
U6826,273,FUSE0,498826.1681,498826.1681,502042.8681,3216.7,3216.7,941.0,0.292536,1,p:2.1.2.2.2.1
U6827,273,FUSE0,498907.7681,498907.7681,502588.4681,3680.7,3680.7,941.0,0.255658,1,p:1.2.5.1.3.2
U6828,273,FUSE0,498942.1681,498942.1681,505058.8681,6116.7,6116.7,941.0,0.153841,1,p:2.3.1.2.1.1
U6829,273,FUSE0,499023.7681,499023.7681,502124.4681,3100.7,3100.7,941.0,0.30348,1,p:1.1.3.1.2.2
U6830,273,FUSE0,499058.1681,499058.1681,502158.8681,3100.7,3100.7,941.0,0.30348,1,p:2.2.4.2.3.1
U6831,273,FUSE0,499139.7681,499139.7681,504593.8968,5454.1287,5454.1287,941.0,0.17253,1,p:1.3.2.1.1.2
U6832,273,FUSE0,499174.1681,499174.1681,502738.8681,3564.7,3564.7,941.0,0.263977,1,p:2.1.5.2.2.1
U6833,273,FUSE1,499255.7681,499255.7681,502853.8968,3598.1287,3598.1287,1003.0,0.278756,1,p:1.2.1.1.3.2
U6834,273,FUSE1,499290.1681,499290.1681,504362.8681,5072.7,5072.7,1003.0,0.197725,1,p:2.3.3.2.1.1
U6835,273,FUSE1,499371.7681,499371.7681,502704.4681,3332.7,3332.7,1003.0,0.300957,1,p:1.1.4.1.2.2
U6836,273,FUSE1,499406.1681,499406.1681,502506.8681,3100.7,3100.7,1003.0,0.323475,1,p:2.2.2.2.3.1
U6837,273,FUSE1,499487.7681,499487.7681,505869.8968,6382.1287,6382.1287,1003.0,0.157158,1,p:1.3.5.1.1.2
U6838,273,FUSE1,499522.1681,499522.1681,503434.8681,3912.7,3912.7,1003.0,0.256345,1,p:2.1.1.2.2.1
U6839,273,FUSE1,499603.7681,499603.7681,502356.4681,2752.7,2752.7,1003.0,0.36437,1,p:1.2.3.1.3.2
U6840,273,FUSE1,499638.1681,499638.1681,504826.8681,5188.7,5188.7,1003.0,0.193305,1,p:2.3.4.2.1.1
U6841,273,FUSE2,499719.7681,499719.7681,503085.8968,3366.1287,3366.1287,1035.4,0.307594,1,p:1.1.2.1.2.2
U6842,273,FUSE2,499754.1681,499754.1681,503550.8681,3796.7,3796.7,1035.4,0.272711,1,p:2.2.5.2.3.1
U6843,273,FUSE2,499835.7681,499835.7681,505985.8968,6150.1287,6150.1287,1035.4,0.168354,1,p:1.3.1.1.1.2
U6844,273,FUSE2,499870.1681,499870.1681,503202.8681,3332.7,3332.7,1035.4,0.310679,1,p:2.1.3.2.2.1
U6845,273,FUSE2,499951.7681,499951.7681,503201.8968,3250.1287,3250.1287,1035.4,0.318572,1,p:1.2.4.1.3.2
U6846,273,FUSE2,499986.1681,499986.1681,505290.8681,5304.7,5304.7,1035.4,0.195185,1,p:2.3.2.2.1.1
U6847,273,FUSE2,500067.7681,500067.7681,503897.8968,3830.1287,3830.1287,1035.4,0.27033,1,p:1.1.5.1.2.2
U1340,54,FUSE0,500102.1681,500102.1681,503898.8681,3796.7,3796.7,941.0,0.247847,1,p:2.2.1.2.3.1
U1341,54,FUSE0,500183.7681,500183.7681,505173.8968,4990.1287,4990.1287,941.0,0.188572,1,p:1.3.3.1.1.2
U1342,54,FUSE0,500218.1681,500218.1681,503318.8681,3100.7,3100.7,941.0,0.30348,1,p:2.1.4.2.2.1
U1343,54,FUSE0,500299.7681,500299.7681,503433.8968,3134.1287,3134.1287,941.0,0.300243,1,p:1.2.2.1.3.2
U1344,54,FUSE0,500334.1681,500334.1681,506451.2681,6117.1,6117.1,941.0,0.153831,1,p:2.3.5.2.1.1
U1345,54,FUSE0,500415.7681,500415.7681,504245.8968,3830.1287,3830.1287,941.0,0.245684,1,p:1.1.1.1.2.2
U1346,54,FUSE0,500450.1681,500450.1681,502970.8681,2520.7,2520.7,941.0,0.373309,1,p:2.2.3.2.3.1
U1347,54,FUSE0,500531.7681,500531.7681,506217.8968,5686.1287,5686.1287,941.0,0.16549,1,p:1.3.4.1.1.2
U1348,54,FUSE0,500566.1681,500566.1681,503782.8681,3216.7,3216.7,941.0,0.292536,1,p:2.1.2.2.2.1
U1349,54,FUSE1,500647.7681,500647.7681,504477.8968,3830.1287,3830.1287,1003.0,0.261871,1,p:1.2.5.1.3.2
U1350,54,FUSE1,500682.1681,500682.1681,507147.2681,6465.1,6465.1,1003.0,0.155141,1,p:2.3.1.2.1.1
U1351,54,FUSE1,500763.7681,500763.7681,503781.8968,3018.1287,3018.1287,1003.0,0.332325,1,p:1.1.3.1.2.2
U1352,54,FUSE1,500798.1681,500798.1681,504014.8681,3216.7,3216.7,1003.0,0.31181,1,p:2.2.4.2.3.1
U1353,54,FUSE1,500879.7681,500879.7681,506681.8968,5802.1287,5802.1287,1003.0,0.172868,1,p:1.3.2.1.1.2
U1354,54,FUSE1,500914.1681,500914.1681,504710.8681,3796.7,3796.7,1003.0,0.264177,1,p:2.1.5.2.2.1
U1355,54,FUSE1,500995.7681,500995.7681,504825.8968,3830.1287,3830.1287,1003.0,0.261871,1,p:1.2.1.1.3.2
U1356,54,FUSE1,501030.1681,501030.1681,506103.2681,5073.1,5073.1,1003.0,0.197709,1,p:2.3.3.2.1.1
U1357,54,FUSE1,501111.7681,501111.7681,504361.8968,3250.1287,3250.1287,1003.0,0.308603,1,p:1.1.4.1.2.2
U1358,54,FUSE2,501146.1681,501146.1681,504246.8681,3100.7,3100.7,1035.4,0.333925,1,p:2.2.2.2.3.1
U1359,54,FUSE2,501227.7681,501227.7681,507725.8968,6498.1287,6498.1287,1035.4,0.159338,1,p:1.3.5.1.1.2
U1360,54,FUSE2,501262.1681,501262.1681,505174.8681,3912.7,3912.7,1035.4,0.264625,1,p:2.1.1.2.2.1
U1361,54,FUSE2,501343.7681,501343.7681,504013.8968,2670.1287,2670.1287,1035.4,0.387772,1,p:1.2.3.1.3.2
U1362,54,FUSE2,501378.1681,501378.1681,506683.2681,5305.1,5305.1,1035.4,0.195171,1,p:2.3.4.2.1.1
U1363,54,FUSE2,501459.7681,501459.7681,504709.8968,3250.1287,3250.1287,1035.4,0.318572,1,p:1.1.2.1.2.2
U1364,54,FUSE2,501494.1681,501494.1681,505639.2681,4145.1,4145.1,1035.4,0.249789,1,p:2.2.5.2.2.1
U1365,54,FUSE2,501575.7681,501575.7681,508305.8968,6730.1287,6730.1287,1035.4,0.153845,1,p:1.3.1.1.1.2
U2455,99,FUSE0,501610.1681,501610.1681,504478.8681,2868.7,2868.7,941.0,0.328023,1,p:2.1.3.2.3.1
U2456,99,FUSE0,501691.7681,501691.7681,504941.8968,3250.1287,3250.1287,941.0,0.289527,1,p:1.2.4.1.3.2
U2457,99,FUSE0,501726.1681,501726.1681,507263.2681,5537.1,5537.1,941.0,0.169945,1,p:2.3.2.2.1.1
U2458,99,FUSE0,501807.7681,501807.7681,505289.8968,3482.1287,3482.1287,941.0,0.270237,1,p:1.1.3.1.2.2
U2459,99,FUSE0,501842.1681,501842.1681,504942.8681,3100.7,3100.7,941.0,0.30348,1,p:2.2.4.2.2.1
U2460,99,FUSE0,501923.7681,501923.7681,508421.8968,6498.1287,6498.1287,941.0,0.144811,1,p:1.3.5.1.1.2
U2461,99,FUSE0,501958.1681,501958.1681,505406.8681,3448.7,3448.7,941.0,0.272856,1,p:2.1.1.2.3.1
U2462,99,FUSE0,502039.7681,502039.7681,505057.8968,3018.1287,3018.1287,941.0,0.311783,1,p:1.2.2.1.3.2
U2463,99,FUSE1,502074.1681,502074.1681,507495.2681,5421.1,5421.1,1003.0,0.185018,1,p:2.3.3.2.1.1
U2464,99,FUSE1,502155.7681,502155.7681,505637.8968,3482.1287,3482.1287,1003.0,0.288042,1,p:1.1.4.1.1.2
U2465,99,FUSE1,502190.1681,502190.1681,505987.2681,3797.1,3797.1,1003.0,0.264149,1,p:2.2.5.2.3.1
U2466,99,FUSE1,502271.7681,502271.7681,509233.8968,6962.1287,6962.1287,1003.0,0.144065,1,p:1.3.1.1.2.2
U2467,99,FUSE1,502306.1681,502306.1681,505522.8681,3216.7,3216.7,1003.0,0.31181,1,p:2.1.2.2.2.1
U2468,99,FUSE1,502387.7681,502387.7681,505405.8968,3018.1287,3018.1287,1003.0,0.332325,1,p:1.2.3.1.3.2
U2469,99,FUSE1,502422.1681,502422.1681,507843.2681,5421.1,5421.1,1003.0,0.185018,1,p:2.3.4.2.1.1
U2470,99,FUSE1,502503.7681,502503.7681,506797.8968,4294.1287,4294.1287,1003.0,0.233575,1,p:1.1.5.1.2.2
U2471,99,FUSE2,502538.1681,502538.1681,506219.2681,3681.1,3681.1,1035.4,0.281275,1,p:2.2.1.2.3.1
U2472,99,FUSE2,502619.7681,502619.7681,508073.8968,5454.1287,5454.1287,1035.4,0.189838,1,p:1.3.2.1.1.2
U2473,99,FUSE2,502654.1681,502654.1681,505871.2681,3217.1,3217.1,1035.4,0.321843,1,p:2.1.3.2.2.1
U2474,99,FUSE2,502735.7681,502735.7681,505753.8968,3018.1287,3018.1287,1035.4,0.34306,1,p:1.2.4.1.3.2
U2475,99,FUSE2,502770.1681,502770.1681,508550.4681,5780.3,5780.3,1035.4,0.179126,1,p:2.3.5.2.1.1
U2476,99,FUSE2,502885.1968,502885.1968,507029.8968,4144.7,4144.7,1035.4,0.249813,1,p:1.1.1.1.2.2
U2477,99,FUSE2,502886.1681,502886.1681,505755.2681,2869.1,2869.1,1035.4,0.36088,1,p:2.2.2.2.3.1
E453,359,FUSE0,503001.1968,503001.1968,507959.2681,4958.0713,4958.0713,941.0,0.189792,1,p:1.3.3.2.2.1
E454,359,FUSE0,503002.1681,503002.1681,506335.2681,3333.1,3333.1,941.0,0.28232,1,p:2.1.5.2.3.1
E455,359,FUSE0,503117.1968,503117.1968,506915.2681,3798.0713,3798.0713,941.0,0.247757,1,p:1.2.1.1.1.1
E456,359,FUSE0,503118.1681,503118.1681,509117.8968,5999.7287,5999.7287,941.0,0.15684,1,p:2.3.1.1.3.2
E457,359,FUSE0,503233.1968,503233.1968,506333.8968,3100.7,3100.7,941.0,0.30348,1,p:1.1.2.1.2.2
E458,359,FUSE0,503234.1681,503234.1681,506913.8968,3679.7287,3679.7287,941.0,0.255725,1,p:2.2.5.2.3.2
E459,359,FUSE0,503349.1968,503349.1968,509310.1681,5960.9713,5960.9713,941.0,0.15786,1,p:1.3.1.1.1.1
E460,359,FUSE0,503350.1681,503350.1681,506101.8968,2751.7287,2751.7287,941.0,0.341967,1,p:2.1.3.1.2.2
E461,359,FUSE0,503465.1968,503465.1968,506449.8968,2984.7,2984.7,941.0,0.315275,1,p:1.2.4.2.2.2
E462,359,FUSE0,503466.1681,503466.1681,508885.8968,5419.7287,5419.7287,941.0,0.173625,1,p:2.3.2.2.2.2
E463,359,FUSE0,503581.1968,503581.1968,507493.8968,3912.7,3912.7,941.0,0.240499,1,p:1.1.5.1.2.2
E464,359,FUSE0,503582.1681,503582.1681,506567.2681,2985.1,2985.1,941.0,0.315232,1,p:2.2.4.1.3.1
E465,359,FUSE1,503697.1968,503697.1968,508782.4681,5085.2713,5085.2713,1003.0,0.197236,1,p:1.3.3.1.3.1
E466,359,FUSE1,503698.1681,503698.1681,507611.2681,3913.1,3913.1,1003.0,0.256319,1,p:2.1.1.1.2.1
E467,359,FUSE1,503813.1968,503813.1968,506799.2681,2986.0713,2986.0713,1003.0,0.335893,1,p:1.2.2.2.2.1
E468,359,FUSE1,503814.1681,503814.1681,509658.1681,5844.0,5844.0,1003.0,0.171629,1,p:2.3.5.2.1.1
E469,359,FUSE1,503929.1968,503929.1968,506565.8968,2636.7,2636.7,1003.0,0.3804,1,p:1.1.3.1.3.2
E470,359,FUSE1,503930.1681,503930.1681,507609.8968,3679.7287,3679.7287,1003.0,0.272574,1,p:2.2.1.2.3.2
E471,359,FUSE1,504045.1968,504045.1968,509001.8968,4956.7,4956.7,1003.0,0.202352,1,p:1.3.2.1.1.2
E472,359,FUSE1,504046.1681,504046.1681,507377.8968,3331.7287,3331.7287,1003.0,0.301045,1,p:2.1.2.1.2.2
E473,359,FUSE1,504161.1968,504161.1968,507145.8968,2984.7,2984.7,1003.0,0.336047,1,p:1.2.3.1.2.2
E474,359,FUSE1,504162.1681,504162.1681,509697.8968,5535.7287,5535.7287,1003.0,0.181187,1,p:2.3.1.2.1.2
E475,359,FUSE2,504277.1968,504277.1968,507727.2681,3450.0713,3450.0713,1035.4,0.30011,1,p:1.1.5.2.3.1
E476,359,FUSE2,504278.1681,504278.1681,507261.8968,2983.7287,2983.7287,1035.4,0.347015,1,p:2.2.4.1.3.2
E477,359,FUSE2,504393.1968,504393.1968,510221.2681,5828.0713,5828.0713,1035.4,0.177657,1,p:1.3.5.1.1.2
E478,359,FUSE2,504394.1681,504394.1681,507031.2681,2637.1,2637.1,1035.4,0.392628,1,p:2.1.3.2.3.1
E479,359,FUSE2,504509.1968,504509.1968,507841.8968,3332.7,3332.7,1035.4,0.310679,1,p:1.2.4.1.2.2
E480,359,FUSE2,504510.1681,504510.1681,509989.2681,5479.1,5479.1,1035.4,0.188973,1,p:2.3.3.1.2.2
E481,359,FUSE2,504625.1968,504625.1968,508318.4681,3693.2713,3693.2713,1035.4,0.280348,1,p:1.1.1.2.2.1
E482,359,FUSE2,504626.1681,504626.1681,508202.4681,3576.3,3576.3,1035.4,0.289517,1,p:2.2.5.2.3.1
E483,359,FUSE2,504741.1968,504741.1968,510686.8681,5945.6713,5945.6713,1035.4,0.174143,1,p:1.3.1.1.1.2
E484,359,FUSE2,504742.1681,504742.1681,507379.2681,2637.1,2637.1,1035.4,0.392628,1,p:2.1.2.2.3.1
E485,359,FUSE2,504857.1968,504857.1968,507957.8968,3100.7,3100.7,1035.4,0.333925,1,p:1.2.4.1.3.2
U2478,99,FUSE2,504858.1681,504969.3968,510122.1681,5264.0,5264.0,1035.4,0.196695,1,p:1.3.3.2.1.1
U2697,109,FUSE0,504973.1968,504973.1968,508537.8968,3564.7,3564.7,941.0,0.263977,1,p:2.1.4.1.1.2
U2698,109,FUSE0,504974.1681,505081.5968,508666.4681,3692.3,3692.3,941.0,0.254855,1,p:1.2.5.2.2.1
U2699,109,FUSE0,505089.1968,505089.1968,511730.8681,6641.6713,6641.6713,941.0,0.141681,1,p:2.3.1.1.3.2
U2700,109,FUSE0,505090.1681,505193.7968,508653.8968,3563.7287,3563.7287,941.0,0.264049,1,p:1.1.2.1.2.2
U2701,109,FUSE0,505205.1968,505205.1968,508434.4681,3229.2713,3229.2713,941.0,0.291397,1,p:2.2.4.2.3.1
U2702,109,FUSE0,505206.1681,505305.9968,511382.8681,6176.7,6176.7,941.0,0.152347,1,p:1.3.5.1.1.2
U2703,109,FUSE0,505321.1968,505321.1968,509014.4681,3693.2713,3693.2713,941.0,0.254788,1,p:2.1.1.2.2.1
U2704,109,FUSE0,505322.1681,505418.1968,508189.8968,2867.7287,2867.7287,941.0,0.328134,1,p:1.2.3.1.3.2
U2705,109,FUSE0,505437.1968,505437.1968,510586.1681,5148.9713,5148.9713,941.0,0.182755,1,p:2.3.2.2.1.1
U2706,109,FUSE1,505438.1681,505530.3968,509465.8968,4027.7287,4027.7287,1003.0,0.249024,1,p:1.1.4.1.2.2
U2707,109,FUSE1,505553.1968,505553.1968,509426.1681,3872.9713,3872.9713,1003.0,0.258974,1,p:2.2.5.2.3.1
U2708,109,FUSE1,505554.1681,505642.5968,512078.8681,6524.7,6524.7,1003.0,0.153724,1,p:1.3.1.1.1.2
U2709,109,FUSE1,505669.1968,505669.1968,508086.4681,2417.2713,2417.2713,1003.0,0.414931,1,p:2.1.3.2.2.1
U2710,109,FUSE1,505670.5681,505754.7968,508769.8968,3099.3287,3099.3287,1003.0,0.323618,1,p:1.2.2.1.3.2
U2711,109,FUSE1,505785.1968,505785.1968,511050.1681,5264.9713,5264.9713,1003.0,0.190504,1,p:2.3.4.2.1.1
U2712,109,FUSE1,505786.5681,505866.9968,509814.4681,4027.9,4027.9,1003.0,0.249013,1,p:1.1.5.1.2.2
U2713,109,FUSE1,505901.1968,505901.1968,510006.1681,4104.9713,4104.9713,1003.0,0.244338,1,p:2.2.1.2.3.1
U2714,109,FUSE1,505902.5681,505979.1968,510918.8681,5016.3,5016.3,1003.0,0.199948,1,p:1.3.3.1.1.2
U2715,109,FUSE2,506017.1968,506017.1968,509542.1681,3524.9713,3524.9713,1035.4,0.293733,1,p:2.1.2.2.2.1
U2716,109,FUSE2,506018.5681,506091.3968,509349.8968,3331.3287,3331.3287,1035.4,0.310807,1,p:1.2.4.1.3.2
U2717,109,FUSE2,506133.1968,506133.1968,512077.8968,5944.7,5944.7,1035.4,0.174172,1,p:2.3.5.2.1.1
U2718,109,FUSE2,506134.5681,506203.5968,510570.8681,4436.3,4436.3,1035.4,0.233393,1,p:1.1.1.1.2.2
U2719,109,FUSE2,506249.1968,506249.1968,508898.4681,2649.2713,2649.2713,1035.4,0.390824,1,p:2.2.3.2.3.1
U2720,109,FUSE2,506250.5681,506315.7968,511498.8681,5248.3,5248.3,1035.4,0.197283,1,p:1.3.2.1.1.2
U2721,109,FUSE2,506365.1968,506365.1968,509135.3681,2770.1713,2770.1713,1035.4,0.373768,1,p:2.1.4.2.1.1
U2722,109,FUSE2,506366.5681,506427.9968,510802.8681,4436.3,4436.3,1035.4,0.233393,1,p:1.2.5.1.2.2
U6454,258,FUSE0,506481.1968,506481.1968,513237.8968,6756.7,6756.7,941.0,0.139269,1,p:2.3.1.2.2.1
U6455,258,FUSE0,506482.5681,506540.1968,509581.8968,3099.3287,3099.3287,941.0,0.303614,1,p:1.1.3.1.3.2
U6456,258,FUSE0,506597.1968,506597.1968,509890.1681,3292.9713,3292.9713,941.0,0.28576,1,p:2.2.2.2.3.1
U6457,258,FUSE0,506598.5681,506652.3968,513122.8681,6524.3,6524.3,941.0,0.14423,1,p:1.3.1.1.1.2
U6458,258,FUSE0,506713.1968,506713.1968,509774.1681,3060.9713,3060.9713,941.0,0.307419,1,p:2.1.3.2.2.1
U6459,258,FUSE0,506714.5681,506764.5968,510105.2681,3390.7,3390.7,941.0,0.277524,1,p:1.2.4.1.3.2
U6460,258,FUSE0,506829.1968,506829.1968,512889.8968,6060.7,6060.7,941.0,0.155263,1,p:2.3.5.2.1.1
U6461,258,FUSE0,506830.5681,506876.7968,510338.8681,3508.3,3508.3,941.0,0.268221,1,p:1.1.2.1.2.2
U6462,258,FUSE1,506945.1968,506945.1968,510818.1681,3872.9713,3872.9713,1003.0,0.258974,1,p:2.2.1.2.3.1
U6463,258,FUSE1,506946.5681,506988.9968,512542.8681,5596.3,5596.3,1003.0,0.179226,1,p:1.3.3.1.1.2
U6464,258,FUSE1,507061.1968,507061.1968,510238.1681,3176.9713,3176.9713,1003.0,0.315709,1,p:2.1.4.2.2.1
U6465,258,FUSE1,507062.5681,507101.1968,511034.8681,3972.3,3972.3,1003.0,0.252499,1,p:1.2.5.1.3.2
U6466,258,FUSE1,507177.1968,507177.1968,512425.8968,5248.7,5248.7,1003.0,0.191095,1,p:2.3.2.2.1.1
U6467,258,FUSE1,507178.5681,507213.3968,511614.8681,4436.3,4436.3,1003.0,0.226089,1,p:1.1.1.1.2.2
U6468,258,FUSE1,507293.1968,507293.1968,510354.1681,3060.9713,3060.9713,1003.0,0.327674,1,p:2.2.3.2.3.1
U6469,258,FUSE1,507294.5681,507325.5968,512774.8681,5480.3,5480.3,1003.0,0.183019,1,p:1.3.4.1.1.2
U6470,258,FUSE2,507409.1968,507409.1968,511845.8968,4436.7,4436.7,1035.4,0.233372,1,p:2.1.5.2.2.1
U6471,258,FUSE2,507410.5681,507437.7968,510454.8681,3044.3,3044.3,1035.4,0.340111,1,p:1.2.2.1.3.2
U6472,258,FUSE2,507525.1968,507525.1968,513480.3026,5955.1058,5955.1058,1035.4,0.173868,1,p:2.3.1.2.1.1
U6473,258,FUSE2,507526.5681,507549.9968,511150.8681,3624.3,3624.3,1035.4,0.285683,1,p:1.1.3.1.2.2
U6474,258,FUSE2,507641.1968,507641.1968,510702.1681,3060.9713,3060.9713,1035.4,0.338259,1,p:2.2.4.2.3.1
U6475,258,FUSE2,507642.5681,507662.1968,513818.8681,6176.3,6176.3,1035.4,0.167641,1,p:1.3.5.1.1.2
U6476,258,FUSE2,507757.1968,507757.1968,510934.1681,3176.9713,3176.9713,1035.4,0.325908,1,p:2.1.2.2.2.1
U6477,258,FUSE2,507758.5681,507774.3968,511961.8968,4203.3287,4203.3287,1035.4,0.246329,1,p:1.2.1.2.3.1
U6257,250,FUSE0,507873.1968,507873.1968,513470.8681,5597.6713,5597.6713,941.0,0.168106,1,p:2.3.3.1.3.2
U6258,250,FUSE0,507874.5681,507886.5968,510470.1681,2595.6,2595.6,941.0,0.362537,1,p:1.1.4.2.1.1
U6259,250,FUSE0,507989.1968,507989.1968,511846.8681,3857.6713,3857.6713,941.0,0.24393,1,p:2.2.5.1.1.2
U6260,250,FUSE0,507990.5681,507998.7968,513934.8681,5944.3,5944.3,941.0,0.158303,1,p:1.3.2.1.2.2
U6261,250,FUSE0,508105.1968,508105.1968,511232.8681,3127.6713,3127.6713,941.0,0.300863,1,p:2.1.3.2.2.1
U6262,250,FUSE0,508117.7681,508117.7681,511266.8681,3149.1,3149.1,941.0,0.298816,1,p:1.2.4.1.3.2
U6263,250,FUSE0,508221.1968,508221.1968,514179.5026,5958.3058,5958.3058,941.0,0.157931,1,p:2.3.5.2.1.1
U6264,250,FUSE0,508233.7681,508233.7681,512890.8681,4657.1,4657.1,941.0,0.202057,1,p:1.1.1.1.2.2
U6265,250,FUSE1,508337.1968,508337.1968,511348.8681,3011.6713,3011.6713,1003.0,0.333038,1,p:2.2.2.2.3.1
U6266,250,FUSE1,508349.7681,508349.7681,513354.8681,5005.1,5005.1,1003.0,0.200396,1,p:1.3.3.1.1.2
U6267,250,FUSE1,508453.1968,508453.1968,512193.8968,3740.7,3740.7,1003.0,0.268132,1,p:2.1.4.2.2.1
U6268,250,FUSE1,508465.7681,508465.7681,512310.8681,3845.1,3845.1,1003.0,0.260851,1,p:1.2.5.1.3.2
U6269,250,FUSE1,508569.1968,508569.1968,515110.7026,6541.5058,6541.5058,1003.0,0.153329,1,p:2.3.1.2.1.1
U6270,250,FUSE1,508581.7681,508581.7681,511962.8681,3381.1,3381.1,1003.0,0.296649,1,p:1.1.2.1.2.2
U6271,250,FUSE1,508685.1968,508685.1968,511613.8968,2928.7,2928.7,1003.0,0.342473,1,p:2.2.3.2.3.1
U6272,250,FUSE1,508697.7681,508697.7681,514050.8681,5353.1,5353.1,1003.0,0.187368,1,p:1.3.4.1.1.2
U6273,250,FUSE2,508801.1968,508801.1968,512657.8968,3856.7,3856.7,1035.4,0.268468,1,p:2.1.5.2.2.1
U6274,250,FUSE2,508813.7681,508813.7681,513238.8681,4425.1,4425.1,1035.4,0.233983,1,p:1.2.1.1.3.2
U6275,250,FUSE2,508917.1968,508917.1968,513944.3026,5027.1058,5027.1058,1035.4,0.205963,1,p:2.3.2.2.1.1
U6276,250,FUSE2,508929.7681,508929.7681,512194.8681,3265.1,3265.1,1035.4,0.317111,1,p:1.1.3.1.2.2
U6277,250,FUSE2,509033.1968,509033.1968,512309.8968,3276.7,3276.7,1035.4,0.315989,1,p:2.2.4.2.3.1
U6278,250,FUSE2,509045.7681,509045.7681,515674.8681,6629.1,6629.1,1035.4,0.15619,1,p:1.3.5.1.1.2
U6279,250,FUSE2,509149.1968,509149.1968,513712.3026,4563.1058,4563.1058,1035.4,0.226907,1,p:2.1.1.2.2.1
U6280,250,FUSE2,509166.6681,509166.6681,512426.8681,3260.2,3260.2,1035.4,0.317588,1,p:1.2.2.1.3.2
U6281,250,FUSE2,509265.1968,509265.1968,514514.8681,5249.6713,5249.6713,1035.4,0.197231,1,p:2.3.3.1.1.2
U2132,86,FUSE0,509341.4681,509341.4681,511729.8968,2388.4287,2388.4287,941.0,0.393983,1,p:1.1.4.2.1.1
U2133,86,FUSE0,509381.1968,509381.1968,513361.8968,3980.7,3980.7,941.0,0.236391,1,p:2.2.5.2.3.1
U2134,86,FUSE0,509457.4681,509457.4681,516486.8681,7029.4,7029.4,941.0,0.133866,1,p:1.3.1.1.2.2
U2135,86,FUSE0,509497.1968,509497.1968,512541.8968,3044.7,3044.7,941.0,0.309062,1,p:2.1.2.2.2.1
U2136,86,FUSE0,509573.4681,509573.4681,512658.8681,3085.4,3085.4,941.0,0.304985,1,p:1.2.4.1.3.2
U2137,86,FUSE0,509613.1968,509613.1968,514878.7026,5265.5058,5265.5058,941.0,0.17871,1,p:2.3.3.2.1.1
U2138,86,FUSE0,509689.4681,509689.4681,513702.8681,4013.4,4013.4,941.0,0.234465,1,p:1.1.5.1.2.2
U2139,86,FUSE1,509729.1968,509729.1968,514060.3026,4331.1058,4331.1058,1003.0,0.231581,1,p:2.2.1.2.3.1
U2140,86,FUSE1,509805.4681,509805.4681,515442.8681,5637.4,5637.4,1003.0,0.177919,1,p:1.3.2.1.1.2
U2141,86,FUSE1,509845.7681,509845.7681,513121.8968,3276.1287,3276.1287,1003.0,0.306154,1,p:2.1.4.2.2.1
U2142,86,FUSE1,509921.4681,509921.4681,513006.8681,3085.4,3085.4,1003.0,0.325079,1,p:1.2.3.1.3.2
U2143,86,FUSE1,510020.5681,510020.5681,516100.7026,6080.1345,6080.1345,1003.0,0.164963,1,p:2.3.5.2.1.1
U2144,86,FUSE1,510037.4681,510037.4681,514978.8681,4941.4,4941.4,1003.0,0.202979,1,p:1.1.1.1.2.2
U2145,86,FUSE1,510136.5681,510136.5681,512773.8968,2637.3287,2637.3287,1003.0,0.380309,1,p:2.2.2.2.3.1
U2146,86,FUSE2,510153.4681,510153.4681,515558.8681,5405.4,5405.4,1035.4,0.191549,1,p:1.3.4.1.1.2
U2147,86,FUSE2,510252.5681,510252.5681,513005.8968,2753.3287,2753.3287,1035.4,0.376054,1,p:2.1.3.2.2.1
U2148,86,FUSE2,510269.4681,510269.4681,514398.8681,4129.4,4129.4,1035.4,0.250739,1,p:1.2.5.1.3.2
U2149,86,FUSE2,510370.1681,510370.1681,516767.6681,6397.5,6397.5,1035.4,0.161844,1,p:2.3.1.2.1.1
U2150,86,FUSE2,510385.4681,510385.4681,513586.8681,3201.4,3201.4,1035.4,0.323421,1,p:1.1.2.1.2.2
U2151,86,FUSE2,510486.1681,510486.1681,513596.3026,3110.1345,3110.1345,1035.4,0.332912,1,p:2.2.4.2.3.1
U2152,86,FUSE2,510501.4681,510501.4681,515868.7026,5367.2345,5367.2345,1035.4,0.192911,1,p:1.3.3.2.2.1
U2153,86,FUSE2,510602.1681,510602.1681,515094.8681,4492.7,4492.7,1035.4,0.230463,1,p:2.1.5.1.3.2
U839,34,FUSE0,510617.4681,510617.4681,514862.8681,4245.4,4245.4,941.0,0.221652,1,p:1.2.1.1.1.2
U840,34,FUSE0,510718.1681,510718.1681,515752.7026,5034.5345,5034.5345,941.0,0.186909,1,p:2.3.2.2.1.1
U841,34,FUSE0,510733.4681,510733.4681,514166.8681,3433.4,3433.4,941.0,0.274072,1,p:1.1.4.1.2.2
U842,34,FUSE0,510834.1681,510834.1681,515369.2681,4535.1,4535.1,941.0,0.207493,1,p:2.2.1.2.3.1
U843,34,FUSE0,510849.4681,510849.4681,516370.8681,5521.4,5521.4,941.0,0.170428,1,p:1.3.3.1.1.2
U844,34,FUSE0,510950.1681,510950.1681,514994.7026,4044.5345,4044.5345,941.0,0.23266,1,p:2.1.5.2.2.1
U845,34,FUSE0,510965.4681,510965.4681,514282.8681,3317.4,3317.4,941.0,0.283656,1,p:1.2.2.1.3.2
U846,34,FUSE0,511066.1681,511066.1681,516332.7026,5266.5345,5266.5345,941.0,0.178675,1,p:2.3.4.2.1.1
U847,34,FUSE0,511081.4681,511081.4681,515790.8681,4709.4,4709.4,941.0,0.199813,1,p:1.1.1.1.2.2
U848,34,FUSE1,511182.1681,511182.1681,513828.3026,2646.1345,2646.1345,1003.0,0.379043,1,p:2.2.3.2.3.1
U849,34,FUSE1,511264.1681,511264.1681,517340.9681,6076.8,6076.8,1003.0,0.165054,1,p:1.3.5.1.1.2
U850,34,FUSE1,511298.1681,511298.1681,514295.5026,2997.3345,2997.3345,1003.0,0.334631,1,p:2.1.2.2.2.1
U851,34,FUSE1,511380.1681,511380.1681,514630.8681,3250.7,3250.7,1003.0,0.308549,1,p:1.2.4.1.3.2
U852,34,FUSE1,511414.1681,511414.1681,518048.4681,6634.3,6634.3,1003.0,0.151184,1,p:2.3.1.2.1.1
U853,34,FUSE1,511530.1681,511530.1681,514746.8681,3216.7,3216.7,1003.0,0.31181,1,p:1.1.3.1.2.2
U854,34,FUSE1,511645.1968,511645.1968,515601.2681,3956.0713,3956.0713,1003.0,0.253534,1,p:2.2.5.2.3.1
U855,34,FUSE1,511646.1681,511646.1681,516718.8681,5072.7,5072.7,1003.0,0.197725,1,p:1.3.2.1.1.2
U856,34,FUSE1,511761.1968,511761.1968,514411.5026,2650.3058,2650.3058,1003.0,0.378447,1,p:2.1.4.2.2.1
U857,34,FUSE2,511762.1681,511762.1681,516254.8681,4492.7,4492.7,1035.4,0.230463,1,p:1.2.1.1.3.2
U858,34,FUSE2,511877.1968,511877.1968,517292.0681,5414.8713,5414.8713,1035.4,0.191214,1,p:2.3.3.2.1.1
U859,34,FUSE2,511878.1681,511878.1681,516138.8681,4260.7,4260.7,1035.4,0.243012,1,p:1.1.5.1.2.2
U860,34,FUSE2,511993.1968,511993.1968,514645.1026,2651.9058,2651.9058,1035.4,0.390436,1,p:2.2.2.2.3.1
U861,34,FUSE2,511994.1681,511994.1681,516950.8681,4956.7,4956.7,1035.4,0.208889,1,p:1.3.4.1.1.2
U862,34,FUSE2,512109.1968,512109.1968,516651.6681,4542.4713,4542.4713,1035.4,0.227938,1,p:2.1.1.2.2.1
U863,34,FUSE2,512110.1681,512110.1681,514529.1026,2418.9345,2418.9345,1035.4,0.42804,1,p:1.2.3.2.1.1
U864,34,FUSE2,512225.1968,512225.1968,518786.4681,6561.2713,6561.2713,1035.4,0.157805,1,p:2.3.5.1.2.2
U792,32,FUSE0,512226.1681,512226.1681,515326.8681,3100.7,3100.7,941.0,0.30348,1,p:1.1.2.1.3.2
U793,32,FUSE0,512341.1968,512341.1968,514761.1026,2419.9058,2419.9058,941.0,0.388858,1,p:2.2.4.2.3.1
U794,32,FUSE0,512342.1681,512342.1681,518902.4681,6560.3,6560.3,941.0,0.143439,1,p:1.3.1.1.1.2
U795,32,FUSE0,512457.1968,512457.1968,515253.2681,2796.0713,2796.0713,941.0,0.336544,1,p:2.1.2.2.2.1
U796,32,FUSE0,512458.1681,512458.1681,515906.8681,3448.7,3448.7,941.0,0.272856,1,p:1.2.3.1.3.2
U797,32,FUSE0,512573.1968,512573.1968,518308.1681,5734.9713,5734.9713,941.0,0.164081,1,p:2.3.5.2.1.1
U798,32,FUSE0,512574.1681,512574.1681,515210.8681,2636.7,2636.7,941.0,0.356886,1,p:1.1.4.1.2.2
U799,32,FUSE0,512689.1968,512689.1968,517816.4681,5127.2713,5127.2713,941.0,0.183528,1,p:2.2.1.2.3.1
U800,32,FUSE0,512690.1681,512690.1681,517690.5681,5000.4,5000.4,941.0,0.188185,1,p:1.3.2.1.1.2
U801,32,FUSE1,512805.1968,512805.1968,515485.2681,2680.0713,2680.0713,1003.0,0.374244,1,p:2.1.3.2.2.1
U802,32,FUSE1,512806.1681,512806.1681,516834.8681,4028.7,4028.7,1003.0,0.248964,1,p:1.2.5.1.3.2
U803,32,FUSE1,512921.1968,512921.1968,517535.7681,4614.5713,4614.5713,1003.0,0.217355,1,p:2.3.4.2.1.1
U804,32,FUSE1,512922.1681,512922.1681,517505.6681,4583.5,4583.5,1003.0,0.218828,1,p:1.1.1.1.2.2
U805,32,FUSE1,513037.1968,513037.1968,515984.7026,2947.5058,2947.5058,1003.0,0.340288,1,p:2.2.2.2.3.1
U806,32,FUSE1,513038.1681,513038.1681,518146.0681,5107.9,5107.9,1003.0,0.196362,1,p:1.3.3.1.1.2
U807,32,FUSE1,513153.1968,513153.1968,516883.6681,3730.4713,3730.4713,1003.0,0.268867,1,p:2.1.5.2.2.1
U808,32,FUSE1,513154.1681,513154.1681,516022.8681,2868.7,2868.7,1003.0,0.349636,1,p:1.2.4.1.3.2
U809,32,FUSE2,513269.1968,513269.1968,519711.3681,6442.1713,6442.1713,1035.4,0.160722,1,p:2.3.1.2.1.1
U810,32,FUSE2,513270.1681,513270.1681,516602.8681,3332.7,3332.7,1035.4,0.310679,1,p:1.1.2.1.2.2
U811,32,FUSE2,513386.1681,513386.1681,516448.7026,3062.5345,3062.5345,1035.4,0.338086,1,p:2.2.3.2.3.1
U812,32,FUSE2,513393.1968,513393.1968,520299.2681,6906.0713,6906.0713,1035.4,0.149926,1,p:1.3.5.1.1.2
U813,32,FUSE2,513502.1681,513502.1681,516216.7026,2714.5345,2714.5345,1035.4,0.381428,1,p:2.1.4.2.2.1
U814,32,FUSE2,513511.6026,513511.6026,519018.4681,5506.8655,5506.8655,1035.4,0.18802,1,p:1.2.1.1.3.2
U815,32,FUSE2,513618.1681,513618.1681,518656.1681,5038.0,5038.0,1035.4,0.205518,1,p:2.3.2.2.1.1
U816,32,FUSE2,513627.6026,513627.6026,518164.4681,4536.8655,4536.8655,1035.4,0.228219,1,p:1.1.3.2.3.1
U817,32,FUSE2,513734.1681,513734.1681,517182.8681,3448.7,3448.7,1035.4,0.300229,1,p:2.2.5.1.1.2
U1761,71,FUSE0,513743.6026,513743.6026,519366.4681,5622.8655,5622.8655,941.0,0.167352,1,p:1.3.4.1.2.2
U1762,71,FUSE0,513850.1681,513850.1681,517932.4681,4082.3,4082.3,941.0,0.230507,1,p:2.1.1.2.2.1
U1763,71,FUSE0,513859.6026,513859.6026,517868.8472,4009.2446,4009.2446,941.0,0.234708,1,p:1.2.2.1.3.2
U1764,71,FUSE0,513966.1681,513966.1681,518772.1681,4806.0,4806.0,941.0,0.195797,1,p:2.3.4.2.1.1
U1765,71,FUSE0,513975.6026,513975.6026,517066.8681,3091.2655,3091.2655,941.0,0.304406,1,p:1.1.3.1.2.2
U1766,71,FUSE0,514082.1681,514082.1681,518888.1681,4806.0,4806.0,941.0,0.195797,1,p:2.2.5.2.3.1
U1767,71,FUSE0,514091.6026,514091.6026,520995.2681,6903.6655,6903.6655,941.0,0.136304,1,p:1.3.1.1.1.2
U1768,71,FUSE0,514198.1681,514198.1681,517176.0681,2977.9,2977.9,941.0,0.315994,1,p:2.1.2.2.2.1
U1769,71,FUSE1,514210.8026,514210.8026,518378.0681,4167.2655,4167.2655,1003.0,0.240685,1,p:1.2.4.1.3.2
U1770,71,FUSE1,514314.1681,514314.1681,519363.3681,5049.2,5049.2,1003.0,0.198645,1,p:2.3.3.2.1.1
U1771,71,FUSE1,514326.8026,514326.8026,518262.0681,3935.2655,3935.2655,1003.0,0.254875,1,p:1.1.5.1.2.2
U1772,71,FUSE1,514430.1681,514430.1681,519595.3681,5165.2,5165.2,1003.0,0.194184,1,p:2.2.1.2.3.1
U1773,71,FUSE1,514442.8026,514442.8026,519835.2681,5392.4655,5392.4655,1003.0,0.186,1,p:1.3.2.1.1.2
U1774,71,FUSE1,514546.1681,514546.1681,517408.0681,2861.9,2861.9,1003.0,0.350466,1,p:2.1.4.2.2.1
U1775,71,FUSE1,514560.4026,514560.4026,518670.4681,4110.0655,4110.0655,1003.0,0.244035,1,p:1.2.3.1.3.2
U1776,71,FUSE1,514662.1681,514662.1681,520729.2681,6067.1,6067.1,1003.0,0.165318,1,p:2.3.5.2.1.1
U1777,71,FUSE2,514676.4026,514676.4026,519603.2681,4926.8655,4926.8655,1035.4,0.210154,1,p:1.1.1.1.2.2
U1778,71,FUSE2,514778.1681,514778.1681,518540.1681,3762.0,3762.0,1035.4,0.275226,1,p:2.2.2.2.3.1
U1779,71,FUSE2,514792.4026,514792.4026,520067.2681,5274.8655,5274.8655,1035.4,0.196289,1,p:1.3.4.1.1.2
U1780,71,FUSE2,514894.1681,514894.1681,518424.1681,3530.0,3530.0,1035.4,0.293314,1,p:2.1.3.2.2.1
U1781,71,FUSE2,514910.0026,514910.0026,519719.2681,4809.2655,4809.2655,1035.4,0.215293,1,p:1.2.5.1.3.2
U1782,71,FUSE2,515010.1681,515010.1681,521541.2681,6531.1,6531.1,1035.4,0.158534,1,p:2.3.1.2.1.1
U1783,71,FUSE2,515026.0026,515026.0026,518030.0681,3004.0655,3004.0655,1035.4,0.344666,1,p:1.1.2.1.2.2
U1784,71,FUSE2,515126.1681,515126.1681,517700.4681,2574.3,2574.3,1035.4,0.402206,1,p:2.2.4.2.2.1
U7156,286,FUSE0,515142.0026,515142.0026,521077.2681,5935.2655,5935.2655,941.0,0.158544,1,p:1.3.3.2.3.1
U7157,286,FUSE0,515242.1681,515242.1681,519250.4681,4008.3,4008.3,941.0,0.234763,1,p:2.1.5.1.1.2
U7158,286,FUSE0,515284.5681,515284.5681,520647.2681,5362.7,5362.7,941.0,0.175471,1,p:1.2.1.1.3.2
U7159,286,FUSE0,515358.1681,515358.1681,520277.2472,4919.0791,4919.0791,941.0,0.191296,1,p:2.3.2.2.1.1
U7160,286,FUSE0,515400.5681,515400.5681,518554.4681,3153.9,3153.9,941.0,0.298361,1,p:1.1.3.1.2.2
U7161,286,FUSE0,515474.1681,515474.1681,520161.2472,4687.0791,4687.0791,941.0,0.200765,1,p:2.2.5.2.3.1
U7162,286,FUSE0,515516.5681,515516.5681,520763.2681,5246.7,5246.7,941.0,0.179351,1,p:1.3.4.1.1.2
U7163,286,FUSE0,515590.1681,515590.1681,519827.3681,4237.2,4237.2,941.0,0.222081,1,p:2.1.1.2.2.1
U7164,286,FUSE0,515632.5681,515632.5681,519482.4681,3849.9,3849.9,941.0,0.244422,1,p:1.2.2.1.3.2
U7165,286,FUSE1,515706.1681,515706.1681,521193.2681,5487.1,5487.1,1003.0,0.182792,1,p:2.3.3.2.1.1
U7166,286,FUSE1,515784.0026,515784.0026,520415.2681,4631.2655,4631.2655,1003.0,0.216571,1,p:1.1.5.1.2.2
U7167,286,FUSE1,515822.1681,515822.1681,519236.1681,3414.0,3414.0,1003.0,0.29379,1,p:2.2.4.2.3.1
U7168,286,FUSE1,515900.0026,515900.0026,522336.4681,6436.4655,6436.4655,1003.0,0.155831,1,p:1.3.1.1.1.2
U7169,286,FUSE1,515938.1681,515938.1681,519004.1681,3066.0,3066.0,1003.0,0.327136,1,p:2.1.2.2.2.1
U7170,286,FUSE1,516016.0026,516016.0026,519951.2681,3935.2655,3935.2655,1003.0,0.254875,1,p:1.2.3.1.3.2
U7171,286,FUSE1,516054.1681,516054.1681,522121.2681,6067.1,6067.1,1003.0,0.165318,1,p:2.3.5.2.1.1
U7172,286,FUSE1,516132.0026,516132.0026,519134.4681,3002.4655,3002.4655,1003.0,0.334059,1,p:1.1.4.1.2.2
U7173,286,FUSE1,516170.1681,516170.1681,521425.2681,5255.1,5255.1,1003.0,0.190862,1,p:2.2.1.2.3.1
U7174,286,FUSE2,516248.0026,516248.0026,521408.4681,5160.4655,5160.4655,1035.4,0.200641,1,p:1.3.2.1.1.2
U7175,286,FUSE2,516286.1681,516286.1681,519479.3681,3193.2,3193.2,1035.4,0.324252,1,p:2.1.3.2.2.1
U7176,286,FUSE2,516364.0026,516364.0026,521524.4681,5160.4655,5160.4655,1035.4,0.200641,1,p:1.2.5.1.3.2
U7177,286,FUSE2,516402.1681,516402.1681,521773.2681,5371.1,5371.1,1035.4,0.192772,1,p:2.3.4.2.1.1
U7178,286,FUSE2,516480.0026,516480.0026,521176.4681,4696.4655,4696.4655,1035.4,0.220464,1,p:1.1.1.1.2.2
U7179,286,FUSE2,516518.1681,516518.1681,519986.4472,3468.2791,3468.2791,1035.4,0.298534,1,p:2.2.2.2.3.1
U7180,286,FUSE2,516634.1681,516634.1681,521988.4681,5354.3,5354.3,1035.4,0.193377,1,p:1.3.3.1.1.2
U7181,286,FUSE2,516682.9681,516682.9681,520961.2681,4278.3,4278.3,1035.4,0.242012,1,p:2.1.5.2.2.1
U7182,286,FUSE2,516750.1681,516750.1681,519120.1681,2370.0,2370.0,1035.4,0.436878,1,p:1.2.4.2.1.1
U6973,279,FUSE0,516798.9681,516798.9681,524314.8681,7515.9,7515.9,941.0,0.125201,1,p:2.3.1.1.3.2
U6974,279,FUSE0,516866.1681,516866.1681,520183.2681,3317.1,3317.1,941.0,0.283682,1,p:1.1.2.1.2.2
U6975,279,FUSE0,516914.9681,516914.9681,520613.2681,3698.3,3698.3,941.0,0.254441,1,p:2.2.3.2.3.1
U6976,279,FUSE0,516982.1681,516982.1681,523502.8681,6520.7,6520.7,941.0,0.14431,1,p:1.3.5.1.1.2
U6977,279,FUSE0,517098.1681,517098.1681,521657.2681,4559.1,4559.1,941.0,0.2064,1,p:2.1.1.2.2.1
U6978,279,FUSE0,517207.3681,517207.3681,520879.2681,3671.9,3671.9,941.0,0.256271,1,p:1.2.4.1.3.2
U6979,279,FUSE0,517214.1681,517214.1681,522585.2681,5371.1,5371.1,941.0,0.175197,1,p:2.3.2.2.1.1
U6980,279,FUSE0,517323.3681,517323.3681,520531.2681,3207.9,3207.9,941.0,0.293338,1,p:1.1.3.1.2.2
U6981,279,FUSE0,517372.2681,517372.2681,522237.2681,4865.0,4865.0,941.0,0.193422,1,p:2.2.5.2.3.1
U6982,279,FUSE1,517439.3681,517439.3681,524546.8681,7107.5,7107.5,1003.0,0.141119,1,p:1.3.1.1.1.2
U6983,279,FUSE1,517536.9681,517536.9681,520497.2681,2960.3,2960.3,1003.0,0.338817,1,p:2.1.4.2.2.1
U6984,279,FUSE1,517567.0681,517567.0681,521292.4681,3725.4,3725.4,1003.0,0.269233,1,p:1.2.2.1.3.2
U6985,279,FUSE1,517721.8681,517721.8681,522817.2681,5095.4,5095.4,1003.0,0.196844,1,p:2.3.3.2.1.1
U6986,279,FUSE1,517731.7681,517731.7681,522104.4681,4372.7,4372.7,1003.0,0.229378,1,p:1.1.5.1.2.2
U6987,279,FUSE1,517847.7681,517847.7681,522933.2681,5085.5,5085.5,1003.0,0.197227,1,p:2.2.1.2.3.1
U6988,279,FUSE1,517900.1472,517900.1472,522690.8681,4790.7209,4790.7209,1003.0,0.209363,1,p:1.3.4.1.1.2
U6989,279,FUSE1,517963.7681,517963.7681,520845.2681,2881.5,2881.5,1003.0,0.348083,1,p:2.1.2.2.2.1
U6990,279,FUSE1,518061.3681,518061.3681,521756.4681,3695.1,3695.1,1003.0,0.271441,1,p:1.2.3.1.3.2
U6991,279,FUSE2,518079.7681,518079.7681,523876.5681,5796.8,5796.8,1035.4,0.178616,1,p:2.3.5.2.1.1
U6992,279,FUSE2,518177.3681,518177.3681,522574.8681,4397.5,4397.5,1035.4,0.235452,1,p:1.1.1.1.2.2
U6993,279,FUSE2,518195.7681,518195.7681,521889.2681,3693.5,3693.5,1035.4,0.28033,1,p:2.2.4.2.3.1
U6994,279,FUSE2,518293.3681,518293.3681,523154.8681,4861.5,4861.5,1035.4,0.21298,1,p:1.3.2.1.1.2
U6995,279,FUSE2,518339.4681,518339.4681,521309.2681,2969.8,2969.8,1035.4,0.348643,1,p:2.1.3.2.2.1
U6996,279,FUSE2,518409.3681,518409.3681,522806.8681,4397.5,4397.5,1035.4,0.235452,1,p:1.2.5.1.3.2
U6997,279,FUSE2,518455.4681,518455.4681,524922.8681,6467.4,6467.4,1035.4,0.160095,1,p:2.3.1.2.1.1
U6998,279,FUSE2,518571.4681,518571.4681,521640.4681,3069.0,3069.0,1035.4,0.337374,1,p:1.1.4.1.2.2
U6999,279,FUSE2,518585.7681,518585.7681,522005.2681,3419.5,3419.5,1035.4,0.302793,1,p:2.2.2.2.3.1
U2378,96,FUSE0,518687.4681,518687.4681,523850.8681,5163.4,5163.4,941.0,0.182244,1,p:1.3.3.1.1.2
U2379,96,FUSE0,518701.7681,518701.7681,522353.2681,3651.5,3651.5,941.0,0.257702,1,p:2.1.5.2.2.1
U2380,96,FUSE0,518803.4681,518803.4681,524082.8681,5279.4,5279.4,941.0,0.17824,1,p:1.2.1.1.3.2
U2381,96,FUSE0,518817.7681,518817.7681,523423.6472,4605.8791,4605.8791,941.0,0.204304,1,p:2.3.4.2.1.1
U2382,96,FUSE0,518919.4681,518919.4681,521872.4681,2953.0,2953.0,941.0,0.318659,1,p:1.1.2.1.2.2
U2383,96,FUSE0,518933.7681,518933.7681,522469.2681,3535.5,3535.5,941.0,0.266158,1,p:2.2.3.2.3.1
U2384,96,FUSE0,519035.4681,519035.4681,524894.8681,5859.4,5859.4,941.0,0.160597,1,p:1.3.5.1.1.2
U2385,96,FUSE0,519049.7681,519049.7681,523165.2681,4115.5,4115.5,941.0,0.228648,1,p:2.1.1.2.2.1
U2386,96,FUSE1,519151.4681,519151.4681,522452.4681,3301.0,3301.0,1003.0,0.303847,1,p:1.2.4.1.3.2
U2387,96,FUSE1,519165.7681,519165.7681,523701.7681,4536.0,4536.0,1003.0,0.22112,1,p:2.3.2.2.1.1
U2388,96,FUSE1,519267.4681,519267.4681,522220.4681,2953.0,2953.0,1003.0,0.339655,1,p:1.1.3.1.2.2
U2389,96,FUSE1,519281.7681,519281.7681,523539.6472,4257.8791,4257.8791,1003.0,0.235563,1,p:2.2.5.2.3.1
U2390,96,FUSE1,519394.6681,519394.6681,525822.8681,6428.2,6428.2,1003.0,0.156031,1,p:1.3.1.1.1.2
U2391,96,FUSE1,519397.7681,519397.7681,522701.2681,3303.5,3303.5,1003.0,0.303617,1,p:2.1.4.2.2.1
U2392,96,FUSE1,519510.6681,519510.6681,523038.8681,3528.2,3528.2,1003.0,0.284281,1,p:1.2.2.1.3.2
U2393,96,FUSE1,519513.7681,519513.7681,524574.8681,5061.1,5061.1,1003.0,0.198178,1,p:2.3.3.2.1.1
U2394,96,FUSE2,519626.6681,519626.6681,523618.8681,3992.2,3992.2,1035.4,0.259356,1,p:1.1.5.1.2.2
U2395,96,FUSE2,519634.5681,519634.5681,524181.6472,4547.0791,4547.0791,1035.4,0.227707,1,p:2.2.1.2.3.1
U2396,96,FUSE2,519742.6681,519742.6681,524778.8681,5036.2,5036.2,1035.4,0.205592,1,p:1.3.4.1.1.2
U2397,96,FUSE2,519750.5681,519750.5681,523049.2681,3298.7,3298.7,1035.4,0.313881,1,p:2.1.2.2.2.1
U2398,96,FUSE2,519858.6681,519858.6681,523386.8681,3528.2,3528.2,1035.4,0.293464,1,p:1.2.3.1.3.2
U2399,96,FUSE2,519866.5681,519866.5681,525502.8681,5636.3,5636.3,1035.4,0.183702,1,p:2.3.5.2.1.1
U2400,96,FUSE2,519982.5681,519982.5681,523966.8681,3984.3,3984.3,1035.4,0.25987,1,p:1.1.1.1.2.2
U2401,96,FUSE2,520017.7472,520017.7472,523307.6472,3289.9,3289.9,1035.4,0.314721,1,p:2.2.4.1.3.1
U2402,96,FUSE2,520098.5681,520098.5681,525038.8681,4940.3,4940.3,1035.4,0.209582,1,p:1.3.2.1.2.1
U2403,96,FUSE2,520192.5472,520192.5472,522922.8681,2730.3209,2730.3209,1035.4,0.379223,1,p:2.1.3.2.1.2
U8043,322,FUSE0,520214.5681,520214.5681,525126.8681,4912.3,4912.3,941.0,0.19156,1,p:1.2.5.2.3.2
U8044,322,FUSE0,520308.5472,520308.5472,526198.8681,5890.3209,5890.3209,941.0,0.159754,1,p:2.3.1.1.1.1
U8045,322,FUSE0,520330.5681,520330.5681,523270.8681,2940.3,2940.3,941.0,0.320035,1,p:1.1.4.2.2.2
U8046,322,FUSE0,520446.5681,520446.5681,523993.2681,3546.7,3546.7,941.0,0.265317,1,p:2.2.5.1.2.1
U8047,322,FUSE0,520528.5681,520528.5681,525358.8681,4830.3,4830.3,941.0,0.194812,1,p:1.3.2.2.1.2
U8048,322,FUSE0,520562.5681,520562.5681,524806.8681,4244.3,4244.3,941.0,0.221709,1,p:2.1.3.1.3.1
U8049,322,FUSE0,520644.5681,520644.5681,525590.8681,4946.3,4946.3,941.0,0.190243,1,p:1.2.1.2.3.2
U8050,322,FUSE0,520678.5681,520678.5681,528518.8681,7840.3,7840.3,941.0,0.120021,1,p:2.3.4.1.1.1
U8051,322,FUSE0,520760.5681,520760.5681,525010.8681,4250.3,4250.3,941.0,0.221396,1,p:1.1.5.2.2.2
U8052,322,FUSE1,520794.5681,520794.5681,524458.8681,3664.3,3664.3,1003.0,0.273722,1,p:2.2.2.1.3.1
U8053,322,FUSE1,520876.5681,520876.5681,525474.8681,4598.3,4598.3,1003.0,0.218124,1,p:1.3.3.2.1.2
U8054,322,FUSE1,520910.5681,520910.5681,525154.8681,4244.3,4244.3,1003.0,0.236317,1,p:2.1.1.1.2.1
U8055,322,FUSE1,520992.5681,520992.5681,524430.8681,3438.3,3438.3,1003.0,0.291714,1,p:1.2.4.2.3.2
U8056,322,FUSE1,521026.5681,521026.5681,527010.8681,5984.3,5984.3,1003.0,0.167605,1,p:2.3.5.1.1.1
U8057,322,FUSE1,521108.5681,521108.5681,523734.8681,2626.3,2626.3,1003.0,0.381906,1,p:1.1.2.2.2.2
U8058,322,FUSE1,521207.7681,521207.7681,525270.8681,4063.1,4063.1,1003.0,0.246856,1,p:2.2.3.1.3.1
U8059,322,FUSE1,521224.5681,521224.5681,526828.1681,5603.6,5603.6,1003.0,0.178992,1,p:1.3.1.2.1.2
U8060,322,FUSE1,521323.7681,521323.7681,524342.8681,3019.1,3019.1,1003.0,0.332218,1,p:2.1.4.1.2.1
U8061,322,FUSE2,521340.5681,521340.5681,526286.8681,4946.3,4946.3,1035.4,0.209328,1,p:1.2.5.2.3.2
U8062,322,FUSE2,521439.7681,521439.7681,526082.8681,4643.1,4643.1,1035.4,0.222998,1,p:2.3.2.1.1.1
U8063,322,FUSE2,521456.5681,521456.5681,524662.8681,3206.3,3206.3,1035.4,0.322927,1,p:1.1.3.2.2.2
U8064,322,FUSE2,521555.7681,521555.7681,526314.8681,4759.1,4759.1,1035.4,0.217562,1,p:2.2.1.1.3.1
U8065,322,FUSE2,521572.5681,521572.5681,529343.6472,7771.0791,7771.0791,1035.4,0.133238,1,p:1.3.4.2.1.2
U8066,322,FUSE2,521671.7681,521671.7681,525850.8681,4179.1,4179.1,1035.4,0.247757,1,p:2.1.5.1.2.1
U8067,322,FUSE2,521688.5681,521688.5681,525242.8681,3554.3,3554.3,1035.4,0.291309,1,p:1.2.2.2.3.2
U8068,322,FUSE2,521787.7681,521787.7681,526430.8681,4643.1,4643.1,1035.4,0.222998,1,p:2.3.3.1.1.1
U8069,322,FUSE2,521804.5681,521804.5681,527474.8681,5670.3,5670.3,1035.4,0.182601,1,p:1.1.1.1.3.1
U1985,80,FUSE0,521903.7681,521903.7681,524198.8681,2295.1,2295.1,941.0,0.410004,1,p:2.2.4.2.2.2
U1986,80,FUSE0,521920.5681,521920.5681,527074.4472,5153.8791,5153.8791,941.0,0.182581,1,p:1.3.5.2.1.2
U1987,80,FUSE0,522019.7681,522019.7681,524690.8681,2671.1,2671.1,941.0,0.352289,1,p:2.1.2.1.2.1
U1988,80,FUSE0,522036.5681,522036.5681,525706.8681,3670.3,3670.3,941.0,0.256382,1,p:1.2.3.2.3.2
U1989,80,FUSE0,522135.7681,522135.7681,529839.0015,7703.2333,7703.2333,941.0,0.122156,1,p:2.3.4.1.1.1
U1990,80,FUSE0,522152.5681,522152.5681,526170.8681,4018.3,4018.3,941.0,0.234179,1,p:1.1.1.2.2.2
U1991,80,FUSE0,522251.7681,522251.7681,526894.8681,4643.1,4643.1,941.0,0.202666,1,p:2.2.5.1.3.1
U1992,80,FUSE0,522268.5681,522268.5681,526518.8681,4250.3,4250.3,941.0,0.221396,1,p:1.3.2.2.1.2
U1993,80,FUSE1,522367.7681,522367.7681,525386.8681,3019.1,3019.1,1003.0,0.332218,1,p:2.1.3.1.2.1
U1994,80,FUSE1,522384.5681,522384.5681,526054.8681,3670.3,3670.3,1003.0,0.273275,1,p:1.2.4.2.3.2
U1995,80,FUSE1,522483.7681,522483.7681,528286.8681,5803.1,5803.1,1003.0,0.172839,1,p:2.3.1.1.1.1
U1996,80,FUSE1,522500.5681,522500.5681,526402.8681,3902.3,3902.3,1003.0,0.257028,1,p:1.1.5.2.2.2
U1997,80,FUSE1,522606.1681,522606.1681,525966.8681,3360.7,3360.7,1003.0,0.29845,1,p:2.2.2.1.3.1
U1998,80,FUSE1,522616.5681,522616.5681,527306.4472,4689.8791,4689.8791,1003.0,0.213865,1,p:1.3.3.2.1.2
U1999,80,FUSE1,522722.1681,522722.1681,525618.8681,2896.7,2896.7,1003.0,0.346256,1,p:2.1.4.1.2.1
U2000,80,FUSE1,522732.5681,522732.5681,527538.4472,4805.8791,4805.8791,1003.0,0.208703,1,p:1.2.1.2.3.2
U2001,80,FUSE2,522838.1681,522838.1681,527938.8681,5100.7,5100.7,1035.4,0.202992,1,p:2.3.5.1.1.1
U2002,80,FUSE2,522848.5681,522848.5681,525938.8681,3090.3,3090.3,1035.4,0.335048,1,p:1.1.2.2.2.2
U2003,80,FUSE2,522954.1681,522954.1681,526662.8681,3708.7,3708.7,1035.4,0.279181,1,p:2.2.3.1.3.1
U2004,80,FUSE2,522964.5681,522964.5681,530975.6472,8011.0791,8011.0791,1035.4,0.129246,1,p:1.3.4.2.1.2
U2005,80,FUSE2,523070.1681,523070.1681,527126.8681,4056.7,4056.7,1035.4,0.255232,1,p:2.1.1.1.2.1
U2006,80,FUSE2,523080.5681,523080.5681,527190.4472,4109.8791,4109.8791,1035.4,0.25193,1,p:1.2.5.2.3.2
U2007,80,FUSE2,523186.1681,523186.1681,527422.4472,4236.2791,4236.2791,1035.4,0.244413,1,p:2.3.2.2.2.2
U283,12,FUSE0,523196.5681,523196.5681,525734.8681,2538.3,2538.3,941.0,0.370721,1,p:1.1.3.1.1.1
U284,12,FUSE0,523302.1681,523302.1681,529250.8472,5948.6791,5948.6791,941.0,0.158186,1,p:2.2.4.1.3.1
U285,12,FUSE0,523338.9472,523338.9472,529227.6472,5888.7,5888.7,941.0,0.159798,1,p:1.3.1.2.1.2
U286,12,FUSE0,523418.1681,523418.1681,527358.8681,3940.7,3940.7,941.0,0.23879,1,p:2.1.5.1.2.1
U287,12,FUSE0,523454.9472,523454.9472,526634.8681,3179.9209,3179.9209,941.0,0.295919,1,p:1.2.3.2.3.2
U288,12,FUSE0,523534.1681,523534.1681,527822.8681,4288.7,4288.7,941.0,0.219414,1,p:2.3.2.1.1.1
U289,12,FUSE0,523570.9472,523570.9472,528879.6472,5308.7,5308.7,941.0,0.177256,1,p:1.1.4.2.2.2
U290,12,FUSE0,523650.1681,523650.1681,528402.8681,4752.7,4752.7,941.0,0.197993,1,p:2.2.1.1.3.1
U291,12,FUSE1,523733.0681,523733.0681,528995.6472,5262.5791,5262.5791,1003.0,0.190591,1,p:1.3.5.2.1.2
U292,12,FUSE1,523766.1681,523766.1681,526546.8681,2780.7,2780.7,1003.0,0.360701,1,p:2.1.3.1.2.1
U293,12,FUSE1,523882.1681,523882.1681,526958.4472,3076.2791,3076.2791,1003.0,0.326043,1,p:1.2.2.2.3.2
U294,12,FUSE1,523907.8681,523907.8681,531707.3681,7799.5,7799.5,1003.0,0.128598,1,p:2.3.4.1.1.1
U295,12,FUSE1,523998.1681,523998.1681,527654.4472,3656.2791,3656.2791,1003.0,0.274323,1,p:1.1.1.2.2.2
U296,12,FUSE1,524024.5681,524024.5681,528170.8681,4146.3,4146.3,1003.0,0.241902,1,p:2.2.5.1.3.1
U297,12,FUSE1,524114.1681,524114.1681,528647.6472,4533.4791,4533.4791,1003.0,0.221243,1,p:1.3.3.2.1.2
U298,12,FUSE1,524212.9472,524212.9472,526778.8681,2565.9209,2565.9209,1003.0,0.390893,1,p:2.1.2.1.2.1
U299,12,FUSE2,524230.1681,524230.1681,530279.6472,6049.4791,6049.4791,1035.4,0.171155,1,p:1.2.4.2.3.2
U300,12,FUSE2,524346.1681,524346.1681,529375.0015,5028.8333,5028.8333,1035.4,0.205893,1,p:2.3.1.1.1.1
U301,12,FUSE2,524374.1681,524374.1681,527886.4472,3512.2791,3512.2791,1035.4,0.294794,1,p:1.1.5.2.2.2
U302,12,FUSE2,524462.1681,524462.1681,528054.8681,3592.7,3592.7,1035.4,0.288196,1,p:2.2.3.1.3.1
U303,12,FUSE2,524490.1681,524490.1681,528373.1026,3882.9345,3882.9345,1035.4,0.266654,1,p:1.3.2.2.1.2
U304,12,FUSE2,524578.1681,524578.1681,530071.0015,5492.8333,5492.8333,1035.4,0.1885,1,p:2.1.4.1.2.1
U305,12,FUSE2,524606.1681,524606.1681,528234.4472,3628.2791,3628.2791,1035.4,0.285369,1,p:1.2.1.2.3.2
U306,12,FUSE2,524694.1681,524694.1681,529807.6472,5113.4791,5113.4791,1035.4,0.202484,1,p:2.3.5.2.2.2
U307,12,FUSE2,524722.1681,524722.1681,527590.8681,2868.7,2868.7,1035.4,0.36093,1,p:1.1.3.1.2.1
U6361,254,FUSE0,524810.1681,524810.1681,527242.8681,2432.7,2432.7,941.0,0.386813,1,p:2.2.2.1.1.1
U6362,254,FUSE0,524838.1681,524838.1681,533238.6391,8400.471,8400.471,941.0,0.112018,1,p:1.3.4.2.1.2
U6363,254,FUSE0,524926.1681,524926.1681,529130.9924,4204.8243,4204.8243,941.0,0.223791,1,p:2.1.1.1.3.1
U6364,254,FUSE0,524954.1681,524954.1681,527770.4472,2816.2791,2816.2791,941.0,0.334129,1,p:1.2.2.2.3.2
U6365,254,FUSE0,525042.1681,525042.1681,530419.0015,5376.8333,5376.8333,941.0,0.17501,1,p:2.3.5.1.1.1
U6366,254,FUSE0,525070.1681,525070.1681,528002.4472,2932.2791,2932.2791,941.0,0.320911,1,p:1.1.3.2.2.2
U6367,254,FUSE0,525158.1681,525158.1681,530889.7681,5731.6,5731.6,941.0,0.164178,1,p:2.2.4.1.3.1
U6368,254,FUSE1,525186.1681,525186.1681,530627.6472,5441.4791,5441.4791,1003.0,0.184325,1,p:1.3.1.2.1.2
U6369,254,FUSE1,525274.1681,525274.1681,527706.8681,2432.7,2432.7,1003.0,0.412299,1,p:2.1.2.1.2.1
U6370,254,FUSE1,525302.1681,525302.1681,528763.6472,3461.4791,3461.4791,1003.0,0.289761,1,p:1.2.5.2.3.2
U6371,254,FUSE1,525390.1681,525390.1681,529607.0015,4216.8333,4216.8333,1003.0,0.237856,1,p:2.3.3.1.1.1
U6372,254,FUSE1,525418.1681,525418.1681,531323.6472,5905.4791,5905.4791,1003.0,0.169842,1,p:1.1.4.2.2.2
U6373,254,FUSE1,525506.1681,525506.1681,529491.0015,3984.8333,3984.8333,1003.0,0.251704,1,p:2.2.1.1.3.1
U6374,254,FUSE1,525534.1681,525534.1681,529923.6472,4389.4791,4389.4791,1003.0,0.228501,1,p:1.3.2.2.1.2
U6375,254,FUSE2,525622.1681,525622.1681,528866.8681,3244.7,3244.7,1035.4,0.319105,1,p:2.1.5.1.2.1
U6376,254,FUSE2,525650.1681,525650.1681,528531.6472,2881.4791,2881.4791,1035.4,0.359329,1,p:1.2.3.2.3.2
U6377,254,FUSE2,525738.1681,525738.1681,534388.9681,8650.8,8650.8,1035.4,0.119688,1,p:2.3.4.1.1.1
U6378,254,FUSE2,525766.1681,525766.1681,529459.6472,3693.4791,3693.4791,1035.4,0.280332,1,p:1.1.1.2.2.2
U6379,254,FUSE2,525854.1681,525854.1681,528750.8681,2896.7,2896.7,1035.4,0.357441,1,p:2.2.2.1.3.1
U6380,254,FUSE2,525882.1681,525882.1681,531591.3681,5709.2,5709.2,1035.4,0.181356,1,p:1.3.5.1.2.1
U6381,254,FUSE2,525970.1681,525970.1681,529111.6472,3141.4791,3141.4791,1035.4,0.32959,1,p:2.1.3.2.3.2
U6382,254,FUSE2,525998.1681,525998.1681,531359.3681,5361.2,5361.2,1035.4,0.193128,1,p:1.2.4.1.1.1
U6655,266,FUSE0,526086.1681,526086.1681,532158.5681,6072.4,6072.4,941.0,0.154963,1,p:2.3.1.2.1.2
U6656,266,FUSE0,526114.1681,526114.1681,528118.4472,2004.2791,2004.2791,941.0,0.469495,1,p:1.1.2.2.2.2
U6657,266,FUSE0,526202.1681,526202.1681,529723.0015,3520.8333,3520.8333,941.0,0.267266,1,p:2.2.5.1.3.1
U6658,266,FUSE0,526230.1681,526230.1681,532426.6391,6196.471,6196.471,941.0,0.151861,1,p:1.3.1.2.1.2
U6659,266,FUSE0,526318.1681,526318.1681,528634.8681,2316.7,2316.7,941.0,0.406181,1,p:2.1.3.1.2.1
U6660,266,FUSE0,526346.1681,526346.1681,532658.6391,6312.471,6312.471,941.0,0.14907,1,p:1.2.4.2.3.2
U6661,266,FUSE0,526434.1681,526434.1681,530773.7681,4339.6,4339.6,941.0,0.21684,1,p:2.3.2.1.1.1
U6662,266,FUSE1,526462.1681,526462.1681,529575.6472,3113.4791,3113.4791,1003.0,0.322148,1,p:1.1.5.2.2.2
U6663,266,FUSE1,526550.1681,526550.1681,530535.0015,3984.8333,3984.8333,1003.0,0.251704,1,p:2.2.1.1.3.1
U6664,266,FUSE1,526578.1681,526578.1681,531207.6472,4629.4791,4629.4791,1003.0,0.216655,1,p:1.3.3.2.1.2
U6665,266,FUSE1,526666.1681,526666.1681,532119.7681,5453.6,5453.6,1003.0,0.183915,1,p:2.1.4.1.2.1
U6666,266,FUSE1,526694.1681,526694.1681,530039.6472,3345.4791,3345.4791,1003.0,0.299808,1,p:1.2.2.2.3.2
U6667,266,FUSE1,526810.1681,526810.1681,532003.7681,5193.6,5193.6,1003.0,0.193122,1,p:2.3.5.1.1.1
U6668,266,FUSE1,526859.4681,526859.4681,530395.6472,3536.1791,3536.1791,1003.0,0.283639,1,p:1.1.1.2.2.2
U6669,266,FUSE2,526926.1681,526926.1681,529955.0015,3028.8333,3028.8333,1035.4,0.341848,1,p:2.2.3.1.3.1
U6670,266,FUSE2,526989.7472,526989.7472,535654.5681,8664.8209,8664.8209,1035.4,0.119495,1,p:1.3.4.2.1.2
U6671,266,FUSE2,527042.1681,527042.1681,529014.9924,1972.8243,1972.8243,1035.4,0.524831,1,p:2.1.2.1.2.1
U6672,266,FUSE2,527105.7472,527105.7472,530187.0015,3081.2542,3081.2542,1035.4,0.336032,1,p:1.2.5.1.1.1
U6673,266,FUSE2,527158.1681,527158.1681,533586.6391,6428.471,6428.471,1035.4,0.161065,1,p:2.3.1.2.3.2
U6674,266,FUSE2,527221.7472,527221.7472,529691.6472,2469.9,2469.9,1035.4,0.419207,1,p:1.1.3.2.2.2
U6675,266,FUSE2,527274.1681,527274.1681,533284.5681,6010.4,6010.4,1035.4,0.172268,1,p:2.2.4.1.3.1
U641,26,FUSE0,527337.7472,527337.7472,531923.3681,4585.6209,4585.6209,941.0,0.205207,1,p:1.3.2.2.1.2
U642,26,FUSE0,527390.1681,527390.1681,530651.0015,3260.8333,3260.8333,941.0,0.288577,1,p:2.1.5.1.2.1
U643,26,FUSE0,527453.7472,527453.7472,531575.3681,4121.6209,4121.6209,941.0,0.228308,1,p:1.2.1.2.3.2
U644,26,FUSE0,527506.1681,527506.1681,532528.1681,5022.0,5022.0,941.0,0.187376,1,p:2.3.3.1.1.1
U645,26,FUSE0,527569.7472,527569.7472,533354.6391,5784.8919,5784.8919,941.0,0.162665,1,p:1.1.4.2.2.2
U646,26,FUSE0,527622.1681,527622.1681,530303.0015,2680.8333,2680.8333,941.0,0.35101,1,p:2.2.2.1.3.1
U647,26,FUSE0,527685.7472,527685.7472,533470.6391,5784.8919,5784.8919,941.0,0.162665,1,p:1.3.5.2.1.2
U648,26,FUSE1,527738.1681,527738.1681,531127.3681,3389.2,3389.2,1003.0,0.29594,1,p:2.1.1.1.2.1
U649,26,FUSE1,527801.7472,527801.7472,530743.6472,2941.9,2941.9,1003.0,0.340936,1,p:1.2.3.2.3.2
U650,26,FUSE1,527854.1681,527854.1681,536198.9681,8344.8,8344.8,1003.0,0.120195,1,p:2.3.4.1.1.1
U651,26,FUSE1,527917.7472,527917.7472,530155.6472,2237.9,2237.9,1003.0,0.448188,1,p:1.1.2.2.2.2
U652,26,FUSE1,527970.1681,527970.1681,531475.3681,3505.2,3505.2,1003.0,0.286146,1,p:2.2.5.1.3.1
E486,364,FUSE0,528033.7472,528033.7472,533808.9681,5775.2209,5775.2209,941.0,0.162937,1,p:1.3.1.2.1.1
E487,364,FUSE0,528086.1681,528086.1681,531459.3681,3373.2,3373.2,941.0,0.278964,1,p:2.1.1.2.1.2
E488,364,FUSE0,528149.7472,528149.7472,531091.6472,2941.9,2941.9,941.0,0.319861,1,p:1.2.3.2.3.2
E489,364,FUSE0,528202.1681,528202.1681,533576.9681,5374.8,5374.8,941.0,0.175076,1,p:2.3.5.1.1.1
E490,364,FUSE0,528265.7472,528265.7472,534050.6391,5784.8919,5784.8919,941.0,0.162665,1,p:1.1.4.1.3.2
E491,364,FUSE0,528318.1681,528318.1681,531243.3681,2925.2,2925.2,941.0,0.321687,1,p:2.2.3.1.3.1
E492,364,FUSE0,528404.4026,528404.4026,536002.5681,7598.1655,7598.1655,941.0,0.123846,1,p:1.3.4.1.3.2
E493,364,FUSE0,528434.1681,528434.1681,534514.6391,6080.471,6080.471,941.0,0.154758,1,p:2.1.4.2.1.2
E494,364,FUSE0,528550.1681,528550.1681,530511.6472,1961.4791,1961.4791,941.0,0.47974,1,p:1.2.2.2.1.2
E495,364,FUSE0,528562.9472,528562.9472,533934.6391,5371.6919,5371.6919,941.0,0.175178,1,p:2.3.5.2.2.2
E496,364,FUSE0,528666.1681,528666.1681,531005.7681,2339.6,2339.6,941.0,0.402206,1,p:1.1.3.2.2.1
E497,364,FUSE0,528678.9472,528678.9472,531872.8472,3193.9,3193.9,941.0,0.294624,1,p:2.2.5.1.3.1
E498,364,FUSE0,528782.1681,528782.1681,533168.5681,4386.4,4386.4,941.0,0.214527,1,p:1.3.2.1.3.1
E499,364,FUSE0,528794.9472,528794.9472,534736.9681,5942.0209,5942.0209,941.0,0.158364,1,p:2.1.4.2.1.1
E500,364,FUSE1,528898.1681,528898.1681,532397.2472,3499.0791,3499.0791,1003.0,0.286647,1,p:1.2.1.1.3.1
E501,364,FUSE1,528910.9472,528910.9472,534156.9681,5246.0209,5246.0209,1003.0,0.191193,1,p:2.3.5.2.2.1
E502,364,FUSE1,529026.9472,529026.9472,530859.6472,1832.7,1832.7,1003.0,0.54728,1,p:1.1.2.1.2.2
E503,364,FUSE1,529046.2924,529046.2924,534504.9681,5458.6757,5458.6757,1003.0,0.183744,1,p:2.2.4.1.2.1
E504,364,FUSE1,529142.9472,529142.9472,538062.9681,8920.0209,8920.0209,1003.0,0.112444,1,p:1.3.4.1.2.1
E505,364,FUSE1,529162.2924,529162.2924,532039.3681,2877.0757,2877.0757,1003.0,0.348618,1,p:2.1.3.2.3.2
E506,364,FUSE1,529258.9472,529258.9472,532818.9681,3560.0209,3560.0209,1003.0,0.28174,1,p:1.2.1.1.3.1
E507,364,FUSE1,529282.1472,529282.1472,534398.6391,5116.4919,5116.4919,1003.0,0.196033,1,p:2.3.3.1.3.2
E508,364,FUSE1,529374.9472,529374.9472,532890.6391,3515.6919,3515.6919,1003.0,0.285292,1,p:1.1.5.2.1.2
E509,364,FUSE1,529406.3015,529406.3015,531807.3681,2401.0667,2401.0667,1003.0,0.417731,1,p:2.2.2.2.3.2
E510,364,FUSE1,529490.9472,529490.9472,533692.9681,4202.0209,4202.0209,1003.0,0.238695,1,p:1.3.2.2.2.1
E511,364,FUSE1,529522.3015,529522.3015,531691.3681,2169.0667,2169.0667,1003.0,0.462411,1,p:2.1.3.1.2.2
E512,364,FUSE1,529606.9472,529606.9472,533006.6391,3399.6919,3399.6919,1003.0,0.295027,1,p:1.2.5.2.3.2
E513,364,FUSE1,529638.3015,529638.3015,538322.5681,8684.2667,8684.2667,1003.0,0.115496,1,p:2.3.4.2.3.2
E514,364,FUSE2,529722.9472,529722.9472,535128.5681,5405.6209,5405.6209,1035.4,0.191541,1,p:1.1.4.2.2.2
E515,364,FUSE2,529754.3015,529754.3015,532542.6391,2788.3377,2788.3377,1035.4,0.371332,1,p:2.2.5.1.2.2
E516,364,FUSE2,529838.9472,529838.9472,534968.9681,5130.0209,5130.0209,1035.4,0.201832,1,p:1.3.1.2.2.1
E517,364,FUSE2,529870.3015,529870.3015,532235.7681,2365.4667,2365.4667,1035.4,0.437715,1,p:2.1.2.1.3.1
E518,364,FUSE2,529954.9472,529954.9472,533122.6391,3167.6919,3167.6919,1035.4,0.326863,1,p:1.2.1.1.2.2
E519,364,FUSE2,529986.3015,529986.3015,534282.6391,4296.3377,4296.3377,1035.4,0.240996,1,p:2.3.2.1.2.2
E520,364,FUSE2,530070.9472,530070.9472,532702.9681,2632.0209,2632.0209,1035.4,0.393386,1,p:1.1.3.1.1.1
E521,364,FUSE2,530102.3015,530102.3015,532310.6391,2208.3377,2208.3377,1035.4,0.468859,1,p:2.2.2.2.2.2
E522,364,FUSE2,530186.9472,530186.9472,534630.6391,4443.6919,4443.6919,1035.4,0.233004,1,p:1.3.3.1.2.2
E523,364,FUSE2,530218.3015,530218.3015,535770.5681,5552.2667,5552.2667,1035.4,0.186482,1,p:2.1.4.1.2.2
E524,364,FUSE2,530310.9472,530310.9472,532774.6391,2463.6919,2463.6919,1035.4,0.420264,1,p:1.2.3.2.2.2
E525,364,FUSE2,530334.3015,530334.3015,535886.5681,5552.2667,5552.2667,1035.4,0.186482,1,p:2.3.1.2.3.2
E526,364,FUSE2,530426.9472,530426.9472,534272.9681,3846.0209,3846.0209,1035.4,0.269213,1,p:1.1.1.1.3.1
E527,364,FUSE2,530450.3015,530450.3015,533052.5681,2602.2667,2602.2667,1035.4,0.397884,1,p:2.2.2.1.1.1
U653,26,FUSE1,530542.9472,530542.9472,537278.5681,6735.6209,6735.6209,1003.0,0.14891,1,p:1.3.1.2.1.2
U654,26,FUSE1,530566.3015,530566.3015,532934.9681,2368.6667,2368.6667,1003.0,0.423445,1,p:2.1.3.1.2.1
U655,26,FUSE2,530658.9472,530658.9472,536814.5681,6155.6209,6155.6209,1035.4,0.168204,1,p:1.2.4.2.3.2
U656,26,FUSE2,530682.3015,530682.3015,535596.1681,4913.8667,4913.8667,1035.4,0.21071,1,p:2.3.2.1.1.1
U657,26,FUSE2,530774.9472,530774.9472,533702.6391,2927.6919,2927.6919,1035.4,0.353657,1,p:1.1.5.2.2.2
U658,26,FUSE2,530805.0681,530805.0681,534852.9681,4047.9,4047.9,1035.4,0.255787,1,p:2.2.1.1.3.1
U659,26,FUSE2,530890.9472,530890.9472,536118.5681,5227.6209,5227.6209,1035.4,0.198063,1,p:1.3.3.2.1.2
U660,26,FUSE2,530921.0681,530921.0681,536662.9681,5741.9,5741.9,1035.4,0.180324,1,p:2.1.4.1.2.1
U661,26,FUSE2,531006.9472,531006.9472,533818.6391,2811.6919,2811.6919,1035.4,0.368248,1,p:1.2.2.2.3.2
U662,26,FUSE2,531037.0681,531037.0681,535712.1681,4675.1,4675.1,1035.4,0.221471,1,p:2.3.5.1.2.1
U1893,76,FUSE0,531122.9472,531122.9472,534780.5681,3657.6209,3657.6209,941.0,0.257271,1,p:1.1.1.2.1.2
U1894,76,FUSE0,531158.6681,531158.6681,533924.9681,2766.3,2766.3,941.0,0.340166,1,p:2.2.3.1.3.1
U1895,76,FUSE0,531238.9472,531238.9472,539498.5681,8259.6209,8259.6209,941.0,0.113928,1,p:1.3.4.2.2.2
U1896,76,FUSE0,531274.6681,531274.6681,534040.9681,2766.3,2766.3,941.0,0.340166,1,p:2.1.2.1.1.1
U1897,76,FUSE0,531354.9472,531354.9472,535012.5681,3657.6209,3657.6209,941.0,0.257271,1,p:1.2.5.2.3.2
U1898,76,FUSE0,531390.6681,531390.6681,536546.9681,5156.3,5156.3,941.0,0.182495,1,p:2.3.1.1.2.1
U1899,76,FUSE0,531490.6681,531490.6681,534166.6391,2675.971,2675.971,941.0,0.351648,1,p:1.1.3.2.1.2
U1900,76,FUSE0,531506.6681,531506.6681,537816.0472,6309.3791,6309.3791,941.0,0.149143,1,p:2.2.4.1.3.1
U1901,76,FUSE1,531606.6681,531606.6681,536234.5681,4627.9,4627.9,1003.0,0.216729,1,p:1.3.2.2.2.2
U1902,76,FUSE1,531622.6681,531622.6681,535084.9681,3462.3,3462.3,1003.0,0.289692,1,p:2.1.5.1.1.1
U1903,76,FUSE1,531722.6681,531722.6681,535244.5681,3521.9,3521.9,1003.0,0.284789,1,p:1.2.1.2.3.2
U1904,76,FUSE1,531738.6681,531738.6681,536060.1681,4321.5,4321.5,1003.0,0.232095,1,p:2.3.3.1.2.1
U1905,76,FUSE1,531838.6681,531838.6681,538206.5681,6367.9,6367.9,1003.0,0.157509,1,p:1.1.4.2.1.2
U1906,76,FUSE1,531904.1472,531904.1472,534620.9681,2716.8209,2716.8209,1003.0,0.369181,1,p:2.2.2.1.3.1
U1907,76,FUSE1,531954.6681,531954.6681,537162.5681,5207.9,5207.9,1003.0,0.192592,1,p:1.3.5.2.2.2
U1908,76,FUSE1,532035.0681,532035.0681,535944.1681,3909.1,3909.1,1003.0,0.256581,1,p:2.1.1.1.1.1
U1909,76,FUSE2,532070.6681,532070.6681,534896.5681,2825.9,2825.9,1035.4,0.366397,1,p:1.2.3.2.3.2
U1910,76,FUSE2,532151.0681,532151.0681,540204.4472,8053.3791,8053.3791,1035.4,0.128567,1,p:2.3.4.1.2.1
U1911,76,FUSE2,532189.8681,532189.8681,535360.5681,3170.7,3170.7,1035.4,0.326552,1,p:1.1.2.2.1.2
U1912,76,FUSE2,532267.0681,532267.0681,535480.1681,3213.1,3213.1,1035.4,0.322243,1,p:2.2.5.1.3.1
U1913,76,FUSE2,532341.9391,532341.9391,538438.5681,6096.629,6096.629,1035.4,0.169832,1,p:1.3.1.2.2.2
U1914,76,FUSE2,532428.5472,532428.5472,535200.9681,2772.4209,2772.4209,1035.4,0.373464,1,p:2.1.3.1.1.1
U1915,76,FUSE2,532457.9391,532457.9391,538902.5681,6444.629,6444.629,1035.4,0.160661,1,p:1.2.4.2.3.2
U1916,76,FUSE2,532559.4681,532559.4681,537188.9681,4629.5,4629.5,1035.4,0.223653,1,p:2.3.2.1.3.1
U2991,120,FUSE0,532573.9391,532573.9391,536698.5681,4124.629,4124.629,941.0,0.228142,1,p:1.1.5.2.1.2
U2992,120,FUSE0,532689.9391,532689.9391,536314.9681,3625.029,3625.029,941.0,0.259584,1,p:2.2.1.1.2.1
U2993,120,FUSE0,532734.2681,532734.2681,537974.5681,5240.3,5240.3,941.0,0.17957,1,p:1.3.3.2.2.2
U2994,120,FUSE0,532805.9391,532805.9391,538995.7681,6189.829,6189.829,941.0,0.152024,1,p:2.1.4.1.1.1
U2995,120,FUSE0,532850.2681,532850.2681,536466.5681,3616.3,3616.3,941.0,0.260211,1,p:1.2.2.2.1.2
U2996,120,FUSE0,532921.9391,532921.9391,538294.9681,5373.029,5373.029,941.0,0.175134,1,p:2.3.5.1.2.1
U2997,120,FUSE0,532966.2681,532966.2681,537046.5681,4080.3,4080.3,941.0,0.23062,1,p:1.1.1.2.3.2
U2998,120,FUSE0,533037.9391,533037.9391,535828.1681,2790.229,2790.229,941.0,0.337248,1,p:2.2.3.1.3.1
U2999,120,FUSE1,533083.8681,533083.8681,541470.5681,8386.7,8386.7,1003.0,0.119594,1,p:1.3.4.2.2.2
U3000,120,FUSE1,533153.9391,533153.9391,535364.1681,2210.229,2210.229,1003.0,0.453799,1,p:2.1.2.1.2.1
U3001,120,FUSE1,533199.8681,533199.8681,536350.5681,3150.7,3150.7,1003.0,0.318342,1,p:1.2.5.2.3.2
U3002,120,FUSE1,533269.9391,533269.9391,539459.7681,6189.829,6189.829,1003.0,0.16204,1,p:2.3.1.1.1.1
U3003,120,FUSE1,533315.8681,533315.8681,536930.5681,3614.7,3614.7,1003.0,0.277478,1,p:1.1.3.2.1.2
U3004,120,FUSE1,533385.9391,533385.9391,539343.7681,5957.829,5957.829,1003.0,0.16835,1,p:2.2.4.1.3.1
U3005,120,FUSE1,533501.9391,533501.9391,538786.5681,5284.629,5284.629,1003.0,0.189796,1,p:1.3.2.2.2.2
U3006,120,FUSE1,533608.2681,533608.2681,537072.9681,3464.7,3464.7,1003.0,0.289491,1,p:2.1.5.1.1.1
U3007,120,FUSE2,533617.9391,533617.9391,537394.5681,3776.629,3776.629,1035.4,0.27416,1,p:1.2.1.2.3.2
U3008,120,FUSE2,533724.2681,533724.2681,538642.9681,4918.7,4918.7,1035.4,0.210503,1,p:2.3.3.1.2.1
U3009,120,FUSE2,533733.9391,533733.9391,540310.5681,6576.629,6576.629,1035.4,0.157436,1,p:1.1.4.2.1.2
U3010,120,FUSE2,533840.2681,533840.2681,536430.9681,2590.7,2590.7,1035.4,0.39966,1,p:2.2.2.1.3.1
U3011,120,FUSE2,533849.9391,533849.9391,539018.5681,5168.629,5168.629,1035.4,0.200324,1,p:1.3.5.2.2.2
U3012,120,FUSE2,533956.2681,533956.2681,537946.9681,3990.7,3990.7,1035.4,0.259453,1,p:2.1.1.1.1.1
U3013,120,FUSE2,533965.9391,533965.9391,536582.5681,2616.629,2616.629,1035.4,0.3957,1,p:1.2.3.2.3.2
U3014,120,FUSE2,534072.2681,534072.2681,542140.5681,8068.3,8068.3,1035.4,0.128329,1,p:2.3.4.1.2.1
U4159,167,FUSE0,534081.9391,534081.9391,537510.5681,3428.629,3428.629,941.0,0.274454,1,p:1.1.2.2.1.2
U4160,167,FUSE0,534188.2681,534188.2681,536942.0472,2753.7791,2753.7791,941.0,0.341712,1,p:2.2.5.1.3.1
U4161,167,FUSE0,534197.9391,534197.9391,540078.5681,5880.629,5880.629,941.0,0.160017,1,p:1.3.1.2.2.2
U4162,167,FUSE0,534304.2681,534304.2681,537304.9681,3000.7,3000.7,941.0,0.313593,1,p:2.1.3.1.1.1
U4163,167,FUSE0,534313.9391,534313.9391,540658.5681,6344.629,6344.629,941.0,0.148314,1,p:1.2.4.2.3.2
U4164,167,FUSE0,534420.2681,534420.2681,539227.7681,4807.5,4807.5,941.0,0.195736,1,p:2.3.2.1.2.1
U4165,167,FUSE0,534429.9391,534429.9391,537626.5681,3196.629,3196.629,941.0,0.294373,1,p:1.1.5.2.1.2
U4166,167,FUSE0,534536.2681,534536.2681,538178.9681,3642.7,3642.7,941.0,0.258325,1,p:2.2.1.1.3.1
U4167,167,FUSE0,534545.9391,534545.9391,539266.5681,4720.629,4720.629,941.0,0.199338,1,p:1.3.3.2.2.2
U4168,167,FUSE1,534652.2681,534652.2681,541091.7681,6439.5,6439.5,1003.0,0.155757,1,p:2.1.4.1.1.1
U4169,167,FUSE1,534661.9391,534661.9391,537742.5681,3080.629,3080.629,1003.0,0.325583,1,p:1.2.2.2.3.2
U4170,167,FUSE1,534768.2681,534768.2681,539691.7681,4923.5,4923.5,1003.0,0.203717,1,p:2.3.5.1.2.1
U4171,167,FUSE1,534811.8681,534811.8681,539150.5681,4338.7,4338.7,1003.0,0.231175,1,p:1.1.1.2.1.2
U4172,167,FUSE1,534884.2681,534884.2681,537466.4472,2582.1791,2582.1791,1003.0,0.388432,1,p:2.2.3.1.3.1
U4173,167,FUSE1,534927.8681,534927.8681,543094.5681,8166.7,8166.7,1003.0,0.122816,1,p:1.3.4.2.2.2
U4174,167,FUSE1,535000.2681,535000.2681,538410.9681,3410.7,3410.7,1003.0,0.294075,1,p:2.1.2.1.1.1
U4175,167,FUSE1,535043.8681,535043.8681,538090.5681,3046.7,3046.7,1003.0,0.329209,1,p:1.2.5.2.3.2
U4176,167,FUSE1,535116.2681,535116.2681,540510.1681,5393.9,5393.9,1003.0,0.185951,1,p:2.3.1.1.2.1
U4177,167,FUSE2,535159.8681,535159.8681,537858.5681,2698.7,2698.7,1035.4,0.383666,1,p:1.1.3.2.1.2
U4178,167,FUSE2,535232.2681,535232.2681,541207.7681,5975.5,5975.5,1035.4,0.173274,1,p:2.2.4.1.3.1
U4179,167,FUSE2,535275.8681,535275.8681,540542.5681,5266.7,5266.7,1035.4,0.196594,1,p:1.3.2.2.2.2
U4180,167,FUSE2,535391.8681,535391.8681,538526.9681,3135.1,3135.1,1035.4,0.330261,1,p:2.1.5.1.1.1
U4181,167,FUSE2,535395.4681,535395.4681,539846.5681,4451.1,4451.1,1035.4,0.232617,1,p:1.2.1.2.3.2
U4182,167,FUSE2,535511.4681,535511.4681,539807.7681,4296.3,4296.3,1035.4,0.240998,1,p:2.3.3.1.2.1
U4183,167,FUSE2,535627.4681,535627.4681,541792.5681,6165.1,6165.1,1035.4,0.167945,1,p:1.1.4.1.1.1
U4184,167,FUSE2,535685.8681,535685.8681,538670.5681,2984.7,2984.7,1035.4,0.346903,1,p:2.2.2.2.1.2
U4185,167,FUSE2,535743.4681,535743.4681,540890.5681,5147.1,5147.1,1035.4,0.201162,1,p:1.3.5.2.2.2
U4186,167,FUSE2,535801.8681,535801.8681,539575.7681,3773.9,3773.9,1035.4,0.274358,1,p:2.1.1.1.3.1
U2831,114,FUSE0,535859.4681,535859.4681,538554.5681,2695.1,2695.1,941.0,0.349152,1,p:1.2.3.2.3.2
U2832,114,FUSE0,535917.8681,535917.8681,544241.756,8323.8879,8323.8879,941.0,0.113048,1,p:2.3.4.1.2.1
U2833,114,FUSE0,535975.4681,535975.4681,539614.5681,3639.1,3639.1,941.0,0.25858,1,p:1.1.2.2.1.2
U2834,114,FUSE0,536033.8681,536033.8681,538758.9681,2725.1,2725.1,941.0,0.345308,1,p:2.2.5.1.3.1
U2835,114,FUSE0,536091.4681,536091.4681,541934.5681,5843.1,5843.1,941.0,0.161045,1,p:1.3.1.2.2.2
U2836,114,FUSE0,536149.8681,536149.8681,538874.9681,2725.1,2725.1,941.0,0.345308,1,p:2.1.3.1.1.1
U2837,114,FUSE0,536230.2681,536230.2681,542514.5681,6284.3,6284.3,941.0,0.149738,1,p:1.2.4.2.3.2
U2838,114,FUSE0,536265.8681,536265.8681,540975.7681,4709.9,4709.9,941.0,0.199792,1,p:2.3.2.1.2.1
U2839,114,FUSE0,536346.2681,536346.2681,539730.5681,3384.3,3384.3,941.0,0.278049,1,p:1.1.5.2.1.2
U2840,114,FUSE0,536381.8681,536381.8681,540088.4472,3706.5791,3706.5791,941.0,0.253873,1,p:2.2.1.1.3.1
U2841,114,FUSE1,536462.2681,536462.2681,541006.5681,4544.3,4544.3,1003.0,0.220716,1,p:1.3.3.2.2.2
U2842,114,FUSE1,536497.8681,536497.8681,542848.156,6350.2879,6350.2879,1003.0,0.157946,1,p:2.1.4.1.1.1
U2843,114,FUSE1,536578.2681,536578.2681,539382.5681,2804.3,2804.3,1003.0,0.357665,1,p:1.2.2.2.3.2
U2844,114,FUSE1,536613.8681,536613.8681,541323.7681,4709.9,4709.9,1003.0,0.212956,1,p:2.3.5.1.2.1
U2845,114,FUSE1,536694.2681,536694.2681,541122.5681,4428.3,4428.3,1003.0,0.226498,1,p:1.1.1.2.1.2
U2846,114,FUSE1,536729.8681,536729.8681,539111.7681,2381.9,2381.9,1003.0,0.421092,1,p:2.2.3.1.3.1
U2847,114,FUSE1,536845.8681,536845.8681,544834.5681,7988.7,7988.7,1003.0,0.125552,1,p:1.3.4.2.2.2
U2848,114,FUSE1,536961.8681,536961.8681,539923.7681,2961.9,2961.9,1003.0,0.338634,1,p:2.1.2.1.1.1
U2849,114,FUSE1,536973.3472,536973.3472,539962.5681,2989.2209,2989.2209,1003.0,0.335539,1,p:1.2.5.2.3.2
U2850,114,FUSE1,537077.8681,537077.8681,542732.156,5654.2879,5654.2879,1003.0,0.177388,1,p:2.3.1.1.2.1
U2851,114,FUSE2,537104.2681,537104.2681,540194.5681,3090.3,3090.3,1035.4,0.335048,1,p:1.1.3.2.1.2
U2852,114,FUSE2,537193.8681,537193.8681,543313.756,6119.8879,6119.8879,1035.4,0.169186,1,p:2.2.4.1.3.1
U2853,114,FUSE2,537220.2681,537220.2681,542050.5681,4830.3,4830.3,1035.4,0.214355,1,p:1.3.2.2.2.2
U2854,114,FUSE2,537309.8681,537309.8681,540394.1681,3084.3,3084.3,1035.4,0.3357,1,p:2.1.5.1.1.1
U2855,114,FUSE2,537336.2681,537336.2681,541702.5681,4366.3,4366.3,1035.4,0.237134,1,p:1.2.1.2.3.2
U2856,114,FUSE2,537425.8681,537425.8681,541555.7681,4129.9,4129.9,1035.4,0.250708,1,p:2.3.3.1.2.1
U2857,114,FUSE2,537497.7472,537497.7472,543661.756,6164.0088,6164.0088,1035.4,0.167975,1,p:1.1.4.1.1.1
U2858,114,FUSE2,537541.8681,537541.8681,540774.5681,3232.7,3232.7,1035.4,0.32029,1,p:2.2.2.2.1.2
U2859,114,FUSE2,537657.8681,537657.8681,542630.5681,4972.7,4972.7,1035.4,0.208217,1,p:1.3.5.2.2.2
U2860,114,FUSE2,537773.8681,537773.8681,541439.7681,3665.9,3665.9,1035.4,0.282441,1,p:2.1.1.1.3.1
U2861,114,FUSE2,537847.3472,537847.3472,540426.5681,2579.2209,2579.2209,1035.4,0.401439,1,p:1.2.3.2.3.2
U2200,89,FUSE0,537889.8681,537889.8681,546044.9681,8155.1,8155.1,941.0,0.115388,1,p:2.3.4.1.2.1
U2201,89,FUSE0,537978.2681,537978.2681,541354.5681,3376.3,3376.3,941.0,0.278707,1,p:1.1.2.2.1.2
U2202,89,FUSE0,538005.8681,538005.8681,540626.1681,2620.3,2620.3,941.0,0.359119,1,p:2.2.5.1.3.1
U2203,89,FUSE0,538094.2681,538094.2681,543442.5681,5348.3,5348.3,941.0,0.175944,1,p:1.3.1.2.2.2
U2204,89,FUSE0,538121.8681,538121.8681,540743.7681,2621.9,2621.9,941.0,0.3589,1,p:2.1.3.1.1.1
U2205,89,FUSE0,538210.2681,538210.2681,544254.5681,6044.3,6044.3,941.0,0.155684,1,p:1.2.4.2.3.2
U2206,89,FUSE0,538237.8681,538237.8681,542372.5681,4134.7,4134.7,941.0,0.227586,1,p:2.3.2.1.2.1
U2207,89,FUSE0,538326.2681,538326.2681,541586.5681,3260.3,3260.3,941.0,0.288624,1,p:1.1.5.2.1.2
U2208,89,FUSE1,538353.8681,538353.8681,541908.5681,3554.7,3554.7,1003.0,0.282162,1,p:2.2.1.1.3.1
U2209,89,FUSE1,538442.2681,538442.2681,542746.5681,4304.3,4304.3,1003.0,0.233023,1,p:1.3.3.2.2.2
U2210,89,FUSE1,538469.8681,538469.8681,544414.5681,5944.7,5944.7,1003.0,0.168722,1,p:2.1.4.1.1.1
U2211,89,FUSE1,538558.2681,538558.2681,541238.5681,2680.3,2680.3,1003.0,0.374212,1,p:1.2.2.2.3.2
U2212,89,FUSE1,538585.8681,538585.8681,543081.756,4495.8879,4495.8879,1003.0,0.223093,1,p:2.3.5.1.2.1
U2213,89,FUSE1,538674.2681,538674.2681,542862.5681,4188.3,4188.3,1003.0,0.239477,1,p:1.1.1.2.1.2
U2214,89,FUSE1,538701.8681,538701.8681,540859.7681,2157.9,2157.9,1003.0,0.464804,1,p:2.2.3.1.3.1
U2215,89,FUSE1,538790.2681,538790.2681,546574.5681,7784.3,7784.3,1003.0,0.128849,1,p:1.3.4.2.2.2
U2216,89,FUSE2,538817.8681,538817.8681,541671.7681,2853.9,2853.9,1035.4,0.362802,1,p:2.1.2.1.1.1
U2217,89,FUSE2,538906.2681,538906.2681,541818.5681,2912.3,2912.3,1035.4,0.355527,1,p:1.2.5.2.3.2
U2218,89,FUSE2,538933.8681,538933.8681,544878.5681,5944.7,5944.7,1035.4,0.174172,1,p:2.3.1.1.2.1
U2219,89,FUSE2,539027.0681,539027.0681,542166.5681,3139.5,3139.5,1035.4,0.329798,1,p:1.1.3.2.1.2
U2220,89,FUSE2,539049.8681,539049.8681,545226.5681,6176.7,6176.7,1035.4,0.16763,1,p:2.2.4.1.3.1
U2221,89,FUSE2,539143.0681,539143.0681,543558.5681,4415.5,4415.5,1035.4,0.234492,1,p:1.3.2.2.2.2
U2222,89,FUSE2,539181.8681,539181.8681,542256.5681,3074.7,3074.7,1035.4,0.336748,1,p:2.1.5.1.1.1
U2223,89,FUSE2,539259.0681,539259.0681,543326.5681,4067.5,4067.5,1035.4,0.254554,1,p:1.2.1.2.3.2
U5878,235,FUSE0,539297.8681,539297.8681,543777.756,4479.8879,4479.8879,941.0,0.21005,1,p:2.3.3.1.2.1
U5879,235,FUSE0,539375.0681,539375.0681,545298.5681,5923.5,5923.5,941.0,0.158859,1,p:1.1.4.2.1.2
U5880,235,FUSE0,539413.8681,539413.8681,542024.5681,2610.7,2610.7,941.0,0.36044,1,p:2.2.2.1.3.1
U5881,235,FUSE0,539491.0681,539491.0681,544022.5681,4531.5,4531.5,941.0,0.207658,1,p:1.3.5.2.2.2
U5882,235,FUSE0,539529.8681,539529.8681,543429.756,3899.8879,3899.8879,941.0,0.241289,1,p:2.1.1.1.1.1
U5883,235,FUSE0,539607.0681,539607.0681,542282.5681,2675.5,2675.5,941.0,0.35171,1,p:1.2.3.2.3.2
U5884,235,FUSE0,539645.8681,539645.8681,547320.9681,7675.1,7675.1,941.0,0.122604,1,p:2.3.4.1.2.1
U5885,235,FUSE0,539723.0681,539723.0681,542398.5681,2675.5,2675.5,941.0,0.35171,1,p:1.1.2.2.1.2
U5886,235,FUSE0,539761.8681,539761.8681,542607.7681,2845.9,2845.9,941.0,0.330651,1,p:2.2.5.1.3.1
U5887,235,FUSE1,539839.0681,539839.0681,545530.5681,5691.5,5691.5,1003.0,0.176228,1,p:1.3.1.2.2.2
U5888,235,FUSE1,539877.8681,539877.8681,542491.7681,2613.9,2613.9,1003.0,0.383718,1,p:2.1.3.1.1.1
U5889,235,FUSE1,539955.0681,539955.0681,545878.5681,5923.5,5923.5,1003.0,0.169326,1,p:1.2.4.2.3.2
U5890,235,FUSE1,539993.8681,539993.8681,544646.5681,4652.7,4652.7,1003.0,0.215574,1,p:2.3.2.1.2.1
U5891,235,FUSE1,540109.8681,540109.8681,543210.5681,3100.7,3100.7,1003.0,0.323475,1,p:1.1.5.2.1.2
U5892,235,FUSE1,540119.7472,540119.7472,544009.756,3890.0088,3890.0088,1003.0,0.25784,1,p:2.2.1.1.3.1
U5893,235,FUSE1,540225.8681,540225.8681,544602.5681,4376.7,4376.7,1003.0,0.229168,1,p:1.3.3.2.2.2
U5894,235,FUSE1,540235.7472,540235.7472,546276.9681,6041.2209,6041.2209,1003.0,0.166026,1,p:2.1.4.1.1.1
U5895,235,FUSE1,540341.8681,540341.8681,542978.5681,2636.7,2636.7,1003.0,0.3804,1,p:1.2.2.2.3.2
U5896,235,FUSE2,540425.4681,540425.4681,545342.5681,4917.1,4917.1,1035.4,0.210571,1,p:2.3.5.1.2.1
U5897,235,FUSE2,540457.8681,540457.8681,544138.5681,3680.7,3680.7,1035.4,0.281305,1,p:1.1.1.2.1.2
U5898,235,FUSE2,540541.4681,540541.4681,542964.156,2422.6879,2422.6879,1035.4,0.427377,1,p:2.2.3.1.3.1
U5899,235,FUSE2,540573.8681,540573.8681,548292.1681,7718.3,7718.3,1035.4,0.134149,1,p:1.3.4.2.2.2
U5900,235,FUSE2,540657.4681,540657.4681,543197.756,2540.2879,2540.2879,1035.4,0.407592,1,p:2.1.2.1.1.1
U5901,235,FUSE2,540689.8681,540689.8681,543674.5681,2984.7,2984.7,1035.4,0.346903,1,p:1.2.5.2.3.2
U5902,235,FUSE2,540775.0681,540775.0681,546392.9681,5617.9,5617.9,1035.4,0.184304,1,p:2.3.1.1.2.1
U5903,235,FUSE2,540805.8681,540805.8681,543545.756,2739.8879,2739.8879,1035.4,0.377899,1,p:1.1.3.1.3.1
U4187,168,FUSE0,540891.0681,540891.0681,547154.5681,6263.5,6263.5,941.0,0.150235,1,p:2.2.4.2.2.2
U4188,168,FUSE0,540921.8681,540921.8681,545414.5681,4492.7,4492.7,941.0,0.209451,1,p:1.3.2.2.1.2
U4189,168,FUSE0,541007.0681,541007.0681,543893.756,2886.6879,2886.6879,941.0,0.325979,1,p:2.1.5.1.1.1
U4190,168,FUSE0,541037.8681,541037.8681,544718.5681,3680.7,3680.7,941.0,0.255658,1,p:1.2.1.2.3.2
U4191,168,FUSE0,541123.0681,541123.0681,548313.7681,7190.7,7190.7,941.0,0.130863,1,p:2.3.4.1.3.1
U4192,168,FUSE0,541153.8681,541153.8681,543790.5681,2636.7,2636.7,941.0,0.356886,1,p:1.1.3.2.1.2
U4193,168,FUSE0,541239.0681,541239.0681,544125.756,2886.6879,2886.6879,941.0,0.325979,1,p:2.2.2.1.2.1
U4194,168,FUSE0,541269.8681,541269.8681,546226.5681,4956.7,4956.7,941.0,0.189844,1,p:1.3.5.2.2.2
U4195,168,FUSE0,541355.0681,541355.0681,544994.5681,3639.5,3639.5,941.0,0.258552,1,p:2.1.1.1.1.1
U4196,168,FUSE1,541385.8681,541385.8681,547270.5681,5884.7,5884.7,1003.0,0.170442,1,p:1.2.4.2.1.2
U4197,168,FUSE1,541471.0681,541471.0681,545690.5681,4219.5,4219.5,1003.0,0.237706,1,p:2.3.3.1.2.1
U4198,168,FUSE1,541501.8681,541501.8681,543906.5681,2404.7,2404.7,1003.0,0.4171,1,p:1.1.2.2.3.2
U4199,168,FUSE1,541587.0681,541587.0681,544530.5681,2943.5,2943.5,1003.0,0.340751,1,p:2.2.5.1.3.1
U4200,168,FUSE1,541617.8681,541617.8681,547502.5681,5884.7,5884.7,1003.0,0.170442,1,p:1.3.1.2.2.2
U4201,168,FUSE1,541703.0681,541703.0681,547900.9681,6197.9,6197.9,1003.0,0.161829,1,p:2.1.4.1.2.1
U4202,168,FUSE1,541733.8681,541733.8681,544486.5681,2752.7,2752.7,1003.0,0.36437,1,p:1.2.3.2.3.2
U4203,168,FUSE1,541823.8681,541823.8681,546508.9681,4685.1,4685.1,1003.0,0.214083,1,p:2.3.2.1.1.1
U4204,168,FUSE1,541849.8681,541849.8681,544370.5681,2520.7,2520.7,1003.0,0.397905,1,p:1.1.5.2.1.2
U4205,168,FUSE2,541939.8681,541939.8681,545928.9681,3989.1,3989.1,1035.4,0.259557,1,p:2.2.1.1.3.1
U4206,168,FUSE2,541965.8681,541965.8681,548872.1681,6906.3,6906.3,1035.4,0.149921,1,p:1.3.4.2.3.2
U4207,168,FUSE2,542055.8681,542055.8681,544762.5681,2706.7,2706.7,1035.4,0.382532,1,p:2.1.3.1.1.1
U4208,168,FUSE2,542081.8681,542081.8681,545182.5681,3100.7,3100.7,1035.4,0.333925,1,p:1.2.2.2.2.2
U4209,168,FUSE2,542171.8681,542171.8681,546972.9681,4801.1,4801.1,1035.4,0.215659,1,p:2.3.5.1.2.1
U4210,168,FUSE2,542197.8681,542197.8681,545762.5681,3564.7,3564.7,1035.4,0.290459,1,p:1.1.1.2.1.2
U4211,168,FUSE2,542287.8681,542287.8681,548429.7681,6141.9,6141.9,1035.4,0.16858,1,p:2.2.4.1.1.1
U4212,168,FUSE2,542313.8681,542313.8681,546806.5681,4492.7,4492.7,1035.4,0.230463,1,p:1.3.3.2.2.2
U7996,320,FUSE0,542403.8681,542403.8681,545110.5681,2706.7,2706.7,941.0,0.347656,1,p:2.1.2.1.3.1
U7997,320,FUSE0,542429.8681,542429.8681,545066.5681,2636.7,2636.7,941.0,0.356886,1,p:1.2.5.2.3.2
U7998,320,FUSE0,542523.0681,542523.0681,548777.7681,6254.7,6254.7,941.0,0.150447,1,p:2.3.1.1.2.1
U7999,320,FUSE0,542545.8681,542545.8681,544950.5681,2404.7,2404.7,941.0,0.391317,1,p:1.1.2.2.1.2
U8000,320,FUSE0,542639.0681,542639.0681,545574.5681,2935.5,2935.5,941.0,0.320559,1,p:2.2.5.1.1.1
U8001,320,FUSE0,542661.8681,542661.8681,550960.1681,8298.3,8298.3,941.0,0.113397,1,p:1.3.4.2.2.2
U8002,320,FUSE0,542763.456,542763.456,545458.5681,2695.1121,2695.1121,941.0,0.349151,1,p:2.1.3.1.3.1
U8003,320,FUSE0,542777.8681,542777.8681,546458.5681,3680.7,3680.7,941.0,0.255658,1,p:1.2.1.2.3.2
U8004,320,FUSE1,542879.456,542879.456,547552.9681,4673.5121,4673.5121,1003.0,0.214614,1,p:2.3.2.1.2.1
U8005,320,FUSE1,542893.8681,542893.8681,545994.5681,3100.7,3100.7,1003.0,0.323475,1,p:1.1.5.2.2.2
U8006,320,FUSE1,542995.456,542995.456,548545.7681,5550.3121,5550.3121,1003.0,0.180711,1,p:2.2.4.1.3.1
U8007,320,FUSE1,543009.8681,543009.8681,547386.5681,4376.7,4376.7,1003.0,0.229168,1,p:1.3.3.2.1.2
U8008,320,FUSE1,543113.056,543113.056,546740.9681,3627.9121,3627.9121,1003.0,0.276468,1,p:2.1.1.1.1.1
U8009,320,FUSE1,543125.8681,543125.8681,545646.5681,2520.7,2520.7,1003.0,0.397905,1,p:1.2.2.2.3.2
U8010,320,FUSE1,543229.056,543229.056,548197.7681,4968.7121,4968.7121,1003.0,0.201863,1,p:2.3.5.1.2.1
U8011,320,FUSE1,543241.8681,543241.8681,548756.1681,5514.3,5514.3,1003.0,0.181891,1,p:1.1.4.2.1.2
U8012,320,FUSE2,543345.056,543345.056,546160.9681,2815.9121,2815.9121,1035.4,0.367696,1,p:2.2.3.1.3.1
U8013,320,FUSE2,543357.8681,543357.8681,549336.1681,5978.3,5978.3,1035.4,0.173193,1,p:1.3.1.2.2.2
U8014,320,FUSE2,543461.056,543461.056,545812.9681,2351.9121,2351.9121,1035.4,0.440238,1,p:2.1.2.1.1.1
U8015,320,FUSE2,543473.8681,543473.8681,546342.5681,2868.7,2868.7,1035.4,0.36093,1,p:1.2.5.2.3.2
U8016,320,FUSE2,543577.056,543577.056,551870.5681,8293.5121,8293.5121,1035.4,0.124845,1,p:2.3.4.1.2.1
U8017,320,FUSE2,543589.8681,543589.8681,546110.5681,2520.7,2520.7,1035.4,0.410759,1,p:1.1.3.2.1.2
U8018,320,FUSE2,543693.056,543693.056,547944.1681,4251.1121,4251.1121,1035.4,0.24356,1,p:2.2.1.2.2.2
U8302,332,FUSE0,543705.8681,543705.8681,547668.9681,3963.1,3963.1,941.0,0.23744,1,p:1.3.2.1.3.1
U8303,332,FUSE0,543809.056,543809.056,546624.9681,2815.9121,2815.9121,941.0,0.334172,1,p:2.1.5.1.1.1
U8304,332,FUSE0,543821.8681,543821.8681,549220.1681,5398.3,5398.3,941.0,0.174314,1,p:1.2.4.2.3.2
U8305,332,FUSE0,543925.056,543925.056,549241.7681,5316.7121,5316.7121,941.0,0.176989,1,p:2.3.3.1.2.1
U8306,332,FUSE0,543937.8681,543937.8681,546922.5681,2984.7,2984.7,941.0,0.315275,1,p:1.1.2.2.1.2
U8307,332,FUSE0,544041.056,544041.056,547204.9681,3163.9121,3163.9121,941.0,0.297417,1,p:2.2.1.1.3.1
U8308,332,FUSE0,544053.8681,544053.8681,548988.1681,4934.3,4934.3,941.0,0.190706,1,p:1.3.5.2.2.2
U8309,332,FUSE0,544157.056,544157.056,549589.7681,5432.7121,5432.7121,941.0,0.17321,1,p:2.1.4.1.1.1
U8310,332,FUSE1,544169.8681,544169.8681,546690.5681,2520.7,2520.7,1003.0,0.397905,1,p:1.2.3.2.3.2
U8311,332,FUSE1,544273.056,544273.056,549705.7681,5432.7121,5432.7121,1003.0,0.184622,1,p:2.3.2.1.2.1
U8312,332,FUSE1,544285.8681,544285.8681,548408.1681,4122.3,4122.3,1003.0,0.243311,1,p:1.1.1.2.1.2
U8313,332,FUSE1,544401.8681,544401.8681,546856.9681,2455.1,2455.1,1003.0,0.408537,1,p:2.2.5.1.3.1
U8314,332,FUSE1,544445.8681,544445.8681,552056.3026,7610.4345,7610.4345,1003.0,0.131793,1,p:1.3.4.2.2.2
U8315,332,FUSE1,544517.8681,544517.8681,547088.9681,2571.1,2571.1,1003.0,0.390105,1,p:2.1.3.1.1.1
U8316,332,FUSE1,544561.8681,544561.8681,547038.5681,2476.7,2476.7,1003.0,0.404974,1,p:1.2.2.2.3.2
U8317,332,FUSE1,544633.8681,544633.8681,551122.556,6488.6879,6488.6879,1003.0,0.154577,1,p:2.3.1.1.2.1
U8318,332,FUSE2,544677.8681,544677.8681,550380.1681,5702.3,5671.0,2070.8,0.365156,2,p:1.1.5.2.1.2
U8319,332,FUSE2,544749.8681,544749.8681,550061.7681,5311.9,5311.9,1035.4,0.194921,1,p:2.2.4.1.3.1
U8320,332,FUSE2,544793.8681,544793.8681,550148.1681,5354.3,5354.3,1035.4,0.193377,1,p:1.3.3.2.2.2
U8321,332,FUSE2,544865.8681,544865.8681,547784.9681,2919.1,2919.1,1035.4,0.354698,1,p:2.1.2.1.1.1
U8322,332,FUSE2,544909.8681,544909.8681,548060.1681,3150.3,3150.3,1035.4,0.328667,1,p:1.2.1.2.3.2
U8323,332,FUSE2,544981.8681,544981.8681,550409.7681,5427.9,5427.9,1035.4,0.190755,1,p:2.3.5.1.2.1
U8324,332,FUSE2,545025.8681,545025.8681,550728.1681,5702.3,5702.3,1035.4,0.181576,1,p:1.1.4.2.1.2
U8325,332,FUSE2,545097.8681,545097.8681,547436.9681,2339.1,2339.1,1035.4,0.442649,1,p:2.2.3.1.3.1
U8326,332,FUSE2,545141.8681,545141.8681,549357.7681,4215.9,4215.9,1035.4,0.245594,1,p:1.3.2.1.1.1
U5607,224,FUSE0,545213.8681,545213.8681,550032.1681,4818.3,4818.3,941.0,0.195297,1,p:2.1.1.2.2.2
U5608,224,FUSE0,545257.8681,545257.8681,548893.7681,3635.9,3635.9,941.0,0.258808,1,p:1.2.5.1.2.1
U5609,224,FUSE0,545329.8681,545329.8681,552520.3026,7190.4345,7190.4345,941.0,0.130868,1,p:2.3.4.2.3.2
U5610,224,FUSE0,545373.8681,545373.8681,548176.1681,2802.3,2802.3,941.0,0.335796,1,p:1.1.3.2.1.2
U5611,224,FUSE0,545445.8681,545445.8681,549125.7681,3679.9,3679.9,941.0,0.255713,1,p:2.2.1.1.3.1
U5612,224,FUSE0,545489.8681,545489.8681,549684.1681,4194.3,4194.3,941.0,0.224352,1,p:1.3.5.2.3.2
U5613,224,FUSE0,545561.8681,545561.8681,551754.5681,6192.7,6192.7,941.0,0.151953,1,p:2.1.4.1.1.1
U5614,224,FUSE0,545605.8681,545605.8681,548524.1681,2918.3,2918.3,941.0,0.322448,1,p:1.2.2.2.2.2
U5615,224,FUSE1,545677.8681,545677.8681,550998.1681,5320.3,5320.3,1003.0,0.188523,1,p:2.3.3.1.2.1
U5616,224,FUSE1,545721.8681,545721.8681,549452.1681,3730.3,3730.3,1003.0,0.268879,1,p:1.1.1.2.1.2
U5617,224,FUSE1,545793.8681,545793.8681,548661.7681,2867.9,2867.9,1003.0,0.349733,1,p:2.2.5.1.1.1
U5618,224,FUSE1,545844.2681,545844.2681,553564.3026,7720.0345,7720.0345,1003.0,0.129922,1,p:1.3.4.2.2.2
U5619,224,FUSE1,545909.8681,545909.8681,548081.7681,2171.9,2171.9,1003.0,0.461808,1,p:2.1.2.1.3.1
U5620,224,FUSE1,545960.2681,545960.2681,547712.1681,1751.9,1751.9,1003.0,0.572521,1,p:1.2.3.2.3.2
U5621,224,FUSE1,546025.8681,546025.8681,552218.5681,6192.7,6192.7,1003.0,0.161965,1,p:2.3.1.1.2.1
U5622,224,FUSE1,546076.2681,546076.2681,549568.1681,3491.9,3491.9,1003.0,0.287236,1,p:1.1.5.2.2.2
U5623,224,FUSE2,546141.8681,546141.8681,551638.5681,5496.7,5496.7,1035.4,0.188368,1,p:2.2.4.1.3.1
U5624,224,FUSE2,546192.2681,546192.2681,550264.1681,4071.9,4071.9,1035.4,0.254279,1,p:1.3.2.2.1.2
U5625,224,FUSE2,546257.8681,546257.8681,549009.7681,2751.9,2751.9,1035.4,0.376249,1,p:2.1.3.1.1.1
U5626,224,FUSE2,546308.2681,546308.2681,549800.1681,3491.9,3491.9,1035.4,0.296515,1,p:1.2.1.2.3.2
U5627,224,FUSE2,546373.8681,546373.8681,550641.7681,4267.9,4267.9,1035.4,0.242602,1,p:2.3.5.1.3.1
U5628,224,FUSE2,546424.2681,546424.2681,552404.3026,5980.0345,5980.0345,1035.4,0.173143,1,p:1.1.4.2.1.2
U5629,224,FUSE2,546489.8681,546489.8681,550177.7681,3687.9,3687.9,1035.4,0.280756,1,p:2.2.2.1.2.1
U5630,224,FUSE2,546540.2681,546540.2681,550882.1681,4341.9,4341.9,1035.4,0.238467,1,p:1.3.3.1.1.1
U8739,350,FUSE0,546605.8681,546605.8681,551424.1681,4818.3,4818.3,941.0,0.195297,1,p:2.1.1.2.2.2
U8740,350,FUSE0,546656.2681,546656.2681,549104.1681,2447.9,2447.9,941.0,0.384411,1,p:1.2.5.2.1.2
U8741,350,FUSE0,546721.8681,546721.8681,554342.3026,7620.4345,7620.4345,941.0,0.123484,1,p:2.3.4.1.2.1
U8742,350,FUSE0,546772.2681,546772.2681,548640.1681,1867.9,1867.9,941.0,0.503774,1,p:1.1.2.2.3.2
U8743,350,FUSE0,546837.8681,546837.8681,550293.7681,3455.9,3455.9,941.0,0.272288,1,p:2.2.1.1.3.1
U8744,350,FUSE0,546888.2681,546888.2681,551824.3026,4936.0345,4936.0345,941.0,0.190639,1,p:1.3.3.2.2.2
U8745,350,FUSE0,546953.8681,546953.8681,550757.7681,3803.9,3803.9,941.0,0.247378,1,p:2.1.5.1.2.1
U8746,350,FUSE0,547004.2681,547004.2681,553100.3026,6096.0345,6096.0345,941.0,0.154363,1,p:1.2.4.2.3.2
U8747,350,FUSE0,547069.8681,547069.8681,551406.5681,4336.7,4336.7,941.0,0.216985,1,p:2.3.2.1.1.1
U8748,350,FUSE1,547120.2681,547120.2681,551192.1681,4071.9,4071.9,1003.0,0.246322,1,p:1.1.1.2.1.2
U8749,350,FUSE1,547185.8681,547185.8681,549473.7681,2287.9,2287.9,1003.0,0.438393,1,p:2.2.3.1.3.1
U8750,350,FUSE1,547236.2681,547236.2681,551540.1681,4303.9,4303.9,1003.0,0.233044,1,p:1.3.5.2.3.2
U8751,350,FUSE1,547301.8681,547301.8681,553066.3026,5764.4345,5764.4345,1003.0,0.173998,1,p:2.1.4.1.1.1
U8752,350,FUSE1,547352.2681,547352.2681,550612.1681,3259.9,3259.9,1003.0,0.307678,1,p:1.2.2.2.2.2
U8753,350,FUSE1,547417.8681,547417.8681,552950.3026,5532.4345,5532.4345,1003.0,0.181295,1,p:2.3.1.1.2.1
U8754,350,FUSE1,547468.2681,547468.2681,549916.1681,2447.9,2447.9,1003.0,0.409739,1,p:1.1.3.2.1.2
U8755,350,FUSE1,547533.8681,547533.8681,549829.7681,2295.9,2295.9,1003.0,0.436866,1,p:2.2.5.1.3.1
U8756,350,FUSE2,547584.2681,547584.2681,555433.1026,7848.8345,7848.8345,1035.4,0.131918,1,p:1.3.4.2.2.2
U8757,350,FUSE2,547700.2681,547700.2681,549945.7681,2245.5,2245.5,1035.4,0.4611,1,p:2.1.2.1.1.1
U8758,350,FUSE2,547743.4681,547743.4681,551076.1681,3332.7,3332.7,1035.4,0.310679,1,p:1.2.1.2.3.2
U8759,350,FUSE2,547816.2681,547816.2681,552718.3026,4902.0345,4902.0345,1035.4,0.211218,1,p:2.3.3.1.2.1
U8760,350,FUSE2,547932.2681,547971.6681,550844.1681,2911.9,2911.9,1035.4,0.355575,1,p:1.1.5.2.1.2
U8761,350,FUSE2,547975.4681,547975.4681,553646.3026,5670.8345,5670.8345,1035.4,0.182583,1,p:2.2.4.1.3.1
U8762,350,FUSE2,548091.4681,548091.4681,552752.3026,4660.8345,4660.8345,1035.4,0.222149,1,p:1.3.2.2.2.2
U8763,350,FUSE2,548113.0681,548113.0681,552288.3026,4175.2345,4175.2345,1035.4,0.247986,1,p:2.1.1.2.1.2
U8764,350,FUSE2,548207.4681,548207.4681,550496.1681,2288.7,2288.7,1035.4,0.452397,1,p:1.2.3.1.1.2
U3910,157,FUSE0,548229.0681,548229.0681,552834.3026,4605.2345,4605.2345,941.0,0.204333,1,p:2.3.5.1.3.1
U3911,157,FUSE0,548323.4681,548323.4681,554028.3026,5704.8345,5704.8345,941.0,0.164948,1,p:1.1.4.2.3.2
U3912,157,FUSE0,548345.0681,548345.0681,551522.5681,3177.5,3177.5,941.0,0.296145,1,p:2.2.2.1.2.1
U3913,157,FUSE0,548439.4681,548439.4681,553182.3026,4742.8345,4742.8345,941.0,0.198405,1,p:1.3.5.2.2.1
U3914,157,FUSE0,548461.0681,548461.0681,552172.3026,3711.2345,3711.2345,941.0,0.253554,1,p:2.1.1.1.3.2
U3915,157,FUSE0,548555.4681,548555.4681,551238.556,2683.0879,2683.0879,941.0,0.350715,1,p:1.2.3.2.1.1
U3916,157,FUSE0,548577.0681,548577.0681,556013.1026,7436.0345,7436.0345,941.0,0.126546,1,p:2.3.4.1.2.2
U3917,157,FUSE1,548671.4681,548671.4681,550525.7681,1854.3,1854.3,1003.0,0.540905,1,p:1.1.2.2.3.1
U3918,157,FUSE1,548693.0681,548693.0681,551940.3026,3247.2345,3247.2345,1003.0,0.308878,1,p:2.2.5.1.1.2
U3919,157,FUSE1,548787.4681,548787.4681,554690.3026,5902.8345,5902.8345,1003.0,0.169918,1,p:1.3.1.2.2.1
U3920,157,FUSE1,548809.0681,548809.0681,551308.1681,2499.1,2499.1,1003.0,0.401344,1,p:2.1.3.1.3.2
U3921,157,FUSE1,548903.4681,548903.4681,555038.3026,6134.8345,6134.8345,1003.0,0.163493,1,p:1.2.4.2.1.1
U3922,157,FUSE1,548925.0681,548925.0681,553216.3026,4291.2345,4291.2345,1003.0,0.233732,1,p:2.3.2.1.2.2
U3923,157,FUSE1,549019.4681,549019.4681,552102.5681,3083.1,3083.1,1003.0,0.325322,1,p:1.1.5.2.3.1
U3924,157,FUSE2,549041.0681,549041.0681,552984.3026,3943.2345,3943.2345,1035.4,0.262576,1,p:2.2.1.1.1.2
U3925,157,FUSE2,549135.4681,549135.4681,553530.3026,4394.8345,4394.8345,1035.4,0.235595,1,p:1.3.3.2.2.1
U3926,157,FUSE2,549157.0681,549157.0681,554737.1026,5580.0345,5580.0345,1035.4,0.185554,1,p:2.1.4.1.3.2
U3927,157,FUSE2,549251.4681,549251.4681,551986.5681,2735.1,2735.1,1035.4,0.37856,1,p:1.2.2.2.1.1
U3928,157,FUSE2,549273.0681,549273.0681,554271.5026,4998.4345,4998.4345,1035.4,0.207145,1,p:2.3.5.1.1.2
U3929,157,FUSE2,549367.4681,549367.4681,553912.3026,4544.8345,4544.8345,1035.4,0.227819,1,p:1.1.1.1.2.2
U3930,157,FUSE2,549389.0681,549389.0681,551708.3026,2319.2345,2319.2345,1035.4,0.44644,1,p:2.2.3.1.3.2
U1268,51,FUSE0,549483.4681,549483.4681,556447.9026,6964.4345,6964.4345,941.0,0.135115,1,p:1.3.4.2.3.1
U1269,51,FUSE0,549505.0681,549505.0681,552450.5681,2945.5,2945.5,941.0,0.31947,1,p:2.1.2.2.2.1
U1270,51,FUSE0,549599.4681,549599.4681,552334.5681,2735.1,2735.1,941.0,0.344046,1,p:1.2.5.2.3.1
U1271,51,FUSE0,549621.0681,549621.0681,556941.1026,7320.0345,7320.0345,941.0,0.128551,1,p:2.3.4.1.2.2
U1272,51,FUSE0,549715.4681,549715.4681,553762.3026,4046.8345,4046.8345,941.0,0.232527,1,p:1.1.1.2.1.1
U1273,51,FUSE0,549737.0681,549737.0681,552636.3026,2899.2345,2899.2345,941.0,0.324568,1,p:2.2.2.1.1.2
U1274,51,FUSE0,549831.4681,549831.4681,554458.3026,4626.8345,4626.8345,941.0,0.203379,1,p:1.3.3.2.2.1
U1275,51,FUSE0,549861.0681,549861.0681,553332.3026,3471.2345,3471.2345,941.0,0.271085,1,p:2.1.5.1.3.2
U1276,51,FUSE0,549947.4681,549947.4681,555502.3026,5554.8345,5554.8345,941.0,0.169402,1,p:1.2.4.2.1.1
U1277,51,FUSE1,549977.0681,549977.0681,555085.1026,5108.0345,5108.0345,1003.0,0.196357,1,p:2.3.1.1.2.2
U1278,51,FUSE1,550063.4681,550063.4681,552602.3026,2538.8345,2538.8345,1003.0,0.395063,1,p:1.1.2.2.3.1
U1279,51,FUSE1,550093.0681,550093.0681,552868.3026,2775.2345,2775.2345,1003.0,0.361411,1,p:2.2.3.1.1.2
U1280,51,FUSE1,550179.4681,550179.4681,555270.3026,5090.8345,5090.8345,1003.0,0.197021,1,p:1.3.5.2.2.1
U1281,51,FUSE1,550209.0681,550209.0681,556361.1026,6152.0345,6152.0345,1003.0,0.163035,1,p:2.1.4.1.3.2
U1282,51,FUSE1,550295.4681,550295.4681,554226.3026,3930.8345,3930.8345,1003.0,0.255162,1,p:1.2.1.2.1.1
U1283,51,FUSE1,550325.0681,550325.0681,554621.1026,4296.0345,4296.0345,1003.0,0.233471,1,p:2.3.2.1.2.2
U1284,51,FUSE1,550411.4681,550411.4681,553298.3026,2886.8345,2886.8345,1003.0,0.347439,1,p:1.1.3.2.3.1
U1285,51,FUSE2,550441.0681,550441.0681,553448.3026,3007.2345,3007.2345,1035.4,0.344303,1,p:2.2.5.1.1.2
U1286,51,FUSE2,550527.4681,550527.4681,558133.9026,7606.4345,7606.4345,1035.4,0.136122,1,p:1.3.4.2.2.1
U1287,51,FUSE2,550557.0681,550557.0681,554155.5026,3598.4345,3598.4345,1035.4,0.287736,1,p:2.1.1.1.3.2
U1288,51,FUSE2,550643.4681,550643.4681,553414.3026,2770.8345,2770.8345,1035.4,0.373678,1,p:1.2.2.2.1.1
U1289,51,FUSE2,550673.0681,550673.0681,554969.1026,4296.0345,4296.0345,1035.4,0.241013,1,p:2.3.3.1.2.2
U1290,51,FUSE2,550759.4681,550759.4681,553878.3026,3118.8345,3118.8345,1035.4,0.331983,1,p:1.1.5.2.3.1
U1291,51,FUSE2,550789.0681,550789.0681,556477.1026,5688.0345,5688.0345,1035.4,0.182031,1,p:2.2.4.1.1.2
U1292,51,FUSE2,550875.4681,550875.4681,556245.1026,5369.6345,5369.6345,1035.4,0.192825,1,p:1.3.1.1.3.2
U1293,51,FUSE2,550913.4681,550913.4681,553994.3026,3080.8345,3080.8345,1035.4,0.336078,1,p:2.1.2.2.1.1
U2224,90,FUSE0,550991.4681,550991.4681,554110.3026,3118.8345,3118.8345,941.0,0.301715,1,p:1.2.3.2.2.1
U2225,90,FUSE0,551029.4681,551029.4681,556129.1026,5099.6345,5099.6345,941.0,0.184523,1,p:2.3.5.1.2.2
U2226,90,FUSE0,551107.4681,551107.4681,557029.5026,5922.0345,5922.0345,941.0,0.158898,1,p:1.1.4.2.3.1
U2227,90,FUSE0,551153.856,551153.856,553796.3026,2642.4466,2642.4466,941.0,0.356109,1,p:2.2.3.1.1.2
U2228,90,FUSE0,551223.4681,551223.4681,556314.3026,5090.8345,5090.8345,941.0,0.184842,1,p:1.3.1.2.2.1
U2229,90,FUSE0,551269.856,551269.856,553680.3026,2410.4466,2410.4466,941.0,0.390384,1,p:2.1.2.1.3.2
U2230,90,FUSE0,551339.4681,551339.4681,554806.3026,3466.8345,3466.8345,941.0,0.271429,1,p:1.2.5.2.1.1
U2231,90,FUSE0,551437.8681,551437.8681,558695.5026,7257.6345,7257.6345,941.0,0.129657,1,p:2.3.4.1.2.2
U2232,90,FUSE1,551455.4681,551455.4681,554574.3026,3118.8345,3118.8345,1003.0,0.321594,1,p:1.1.3.2.3.1
U2233,90,FUSE1,551553.8681,551553.8681,554853.1026,3299.2345,3299.2345,1003.0,0.30401,1,p:2.2.1.1.1.2
U2234,90,FUSE1,551571.4681,551571.4681,555850.3026,4278.8345,4278.8345,1003.0,0.23441,1,p:1.3.2.2.2.1
U2235,90,FUSE1,551669.8681,551669.8681,554505.1026,2835.2345,2835.2345,1003.0,0.353763,1,p:2.1.5.1.3.2
U2236,90,FUSE1,551739.6026,551739.6026,557437.9026,5698.3,5698.3,1003.0,0.176017,1,p:1.2.4.2.1.1
U2237,90,FUSE1,551785.8681,551785.8681,556593.1026,4807.2345,4807.2345,1003.0,0.208644,1,p:2.3.3.1.2.2
U2238,90,FUSE1,551855.6026,551855.6026,555386.3026,3530.7,3530.7,1003.0,0.28408,1,p:1.1.1.2.3.1
U2239,90,FUSE1,551901.8681,551901.8681,554387.5026,2485.6345,2485.6345,1003.0,0.403519,1,p:2.2.2.1.1.2
U2240,90,FUSE2,551971.6026,551971.6026,556679.9026,4708.3,4708.3,1035.4,0.21991,1,p:1.3.5.2.2.1
U2241,90,FUSE2,552017.8681,552017.8681,557999.5026,5981.6345,5981.6345,1035.4,0.173097,1,p:2.1.4.1.3.2
U2242,90,FUSE2,552087.6026,552087.6026,555154.3026,3066.7,3066.7,1035.4,0.337627,1,p:1.2.3.2.1.1
U2243,90,FUSE2,552133.8681,552133.8681,557289.1026,5155.2345,5155.2345,1035.4,0.200844,1,p:2.3.1.1.2.2
U2244,90,FUSE2,552203.6026,552203.6026,554922.3026,2718.7,2718.7,1035.4,0.380844,1,p:1.1.2.2.3.1
U2245,90,FUSE2,552249.8681,552249.8681,555317.1026,3067.2345,3067.2345,1035.4,0.337568,1,p:2.2.5.1.1.2
U2246,90,FUSE2,552319.6026,552319.6026,559525.9026,7206.3,7206.3,1035.4,0.14368,1,p:1.3.4.2.2.1
U2247,90,FUSE2,552365.8681,552365.8681,555665.1026,3299.2345,3299.2345,1035.4,0.31383,1,p:2.1.3.1.2.2
U992,40,FUSE0,552435.6026,552435.6026,555549.1026,3113.5,3113.5,941.0,0.302232,1,p:1.2.1.1.3.2
U993,40,FUSE0,552481.8681,552481.8681,556198.3026,3716.4345,3716.4345,941.0,0.2532,1,p:2.3.2.2.1.1
U994,40,FUSE0,552551.6026,552551.6026,555618.3026,3066.7,3066.7,941.0,0.306844,1,p:1.1.5.2.3.1
U995,40,FUSE0,552633.6026,552633.6026,558811.5026,6177.9,6177.9,941.0,0.152317,1,p:2.2.4.1.1.2
U996,40,FUSE0,552667.6026,552667.6026,557901.9026,5234.3,5234.3,941.0,0.179776,1,p:1.3.1.2.2.1
U997,40,FUSE0,552749.6026,552749.6026,555201.1026,2451.5,2451.5,941.0,0.383847,1,p:2.1.2.1.3.2
U998,40,FUSE0,552783.6026,552783.6026,555734.3026,2950.7,2950.7,941.0,0.318907,1,p:1.2.3.2.1.1
U999,40,FUSE0,552865.6026,552865.6026,557521.1026,4655.5,4655.5,941.0,0.202127,1,p:2.3.5.1.2.2
U1000,40,FUSE0,552899.6026,552899.6026,558829.9026,5930.3,5930.3,941.0,0.158677,1,p:1.1.4.2.3.1
U1001,40,FUSE1,552981.6026,552981.6026,556825.1026,3843.5,3843.5,1003.0,0.26096,1,p:2.2.1.1.1.2
U1002,40,FUSE1,553015.6026,553015.6026,556913.5026,3897.9,3897.9,1003.0,0.257318,1,p:1.3.2.2.2.1
U1003,40,FUSE1,553097.6026,553097.6026,555781.1026,2683.5,2683.5,1003.0,0.373766,1,p:2.1.3.1.3.2
U1004,40,FUSE1,553131.6026,553131.6026,556082.3026,2950.7,2950.7,1003.0,0.339919,1,p:1.2.5.2.1.1
U1005,40,FUSE1,553213.6026,553213.6026,560783.5026,7569.9,7569.9,1003.0,0.132498,1,p:2.3.4.1.2.2
U1006,40,FUSE1,553247.6026,553247.6026,556797.5026,3549.9,3549.9,1003.0,0.282543,1,p:1.1.1.2.3.1
U1007,40,FUSE1,553329.6026,553329.6026,555897.1026,2567.5,2567.5,1003.0,0.390652,1,p:2.2.2.1.1.2
U1008,40,FUSE1,553363.6026,553363.6026,557553.9026,4190.3,4190.3,1003.0,0.239362,1,p:1.3.3.2.2.1
U1009,40,FUSE1,553445.6026,553445.6026,556709.1026,3263.5,3263.5,1003.0,0.307339,1,p:2.1.5.1.3.2
U1010,40,FUSE2,553479.6026,553479.6026,559061.9026,5582.3,5582.3,1035.4,0.185479,1,p:1.2.4.2.1.1
U1011,40,FUSE2,553561.6026,553561.6026,559043.5026,5481.9,5481.9,1035.4,0.188876,1,p:2.3.1.1.2.2
U1012,40,FUSE2,553595.6026,553595.6026,555966.3026,2370.7,2370.7,1035.4,0.436749,1,p:1.1.2.2.3.1
U1013,40,FUSE2,553677.6026,553677.6026,557057.1026,3379.5,3379.5,1035.4,0.306377,1,p:2.2.3.1.1.2
U1014,40,FUSE2,553711.6026,553711.6026,558365.9026,4654.3,4654.3,1035.4,0.222461,1,p:1.3.5.2.2.1
U1015,40,FUSE2,553793.6026,553793.6026,559507.5026,5713.9,5713.9,1035.4,0.181207,1,p:2.1.4.1.3.2
U1016,40,FUSE2,553827.6026,553827.6026,557785.9026,3958.3,3958.3,1035.4,0.261577,1,p:1.2.1.2.1.1
U1017,40,FUSE2,553909.6026,553909.6026,557883.5026,3973.9,3973.9,1035.4,0.26055,1,p:2.3.2.1.2.2
U1018,40,FUSE2,553943.6026,553943.6026,557321.9026,3378.3,3378.3,1035.4,0.306486,1,p:1.1.3.2.3.1
U5658,226,FUSE0,554025.6026,554025.6026,557173.1026,3147.5,3147.5,941.0,0.298967,1,p:2.2.5.1.1.2
U5659,226,FUSE0,554059.6026,554059.6026,561628.3026,7568.7,7568.7,941.0,0.124328,1,p:1.3.4.2.2.1
U5660,226,FUSE0,554141.6026,554141.6026,558347.5026,4205.9,4205.9,941.0,0.223733,1,p:2.1.1.1.3.2
U5661,226,FUSE0,554186.8026,554186.8026,556563.9026,2377.1,2377.1,941.0,0.395861,1,p:1.2.2.2.1.1
U5662,226,FUSE0,554257.6026,554257.6026,558231.5026,3973.9,3973.9,941.0,0.236795,1,p:2.3.3.1.2.2
U5663,226,FUSE0,554302.8026,554302.8026,557669.9026,3367.1,3367.1,941.0,0.279469,1,p:1.1.5.2.3.1
U5664,226,FUSE0,554373.6026,554373.6026,559739.5026,5365.9,5365.9,941.0,0.175367,1,p:2.2.4.1.1.2
U5665,226,FUSE1,554418.8026,554418.8026,559873.9026,5455.1,5455.1,1003.0,0.183865,1,p:1.3.1.2.2.1
U5666,226,FUSE1,554489.6026,554489.6026,557405.1026,2915.5,2915.5,1003.0,0.344023,1,p:2.1.2.1.3.2
U5667,226,FUSE1,554536.4026,554536.4026,557174.9681,2638.5655,2638.5655,1003.0,0.380131,1,p:1.2.3.2.1.1
U5668,226,FUSE1,554605.6026,554605.6026,559391.5026,4785.9,4785.9,1003.0,0.209574,1,p:2.3.5.1.2.2
U5669,226,FUSE1,554652.4026,554652.4026,560700.3026,6047.9,6047.9,1003.0,0.165843,1,p:1.1.4.2.3.1
U5670,226,FUSE1,554721.6026,554721.6026,558463.5026,3741.9,3741.9,1003.0,0.268046,1,p:2.2.1.1.1.2
U5671,226,FUSE1,554768.4026,554768.4026,558713.9026,3945.5,3945.5,1003.0,0.254214,1,p:1.3.2.2.2.1
U5672,226,FUSE2,554837.6026,554837.6026,557651.5026,2813.9,2813.9,1035.4,0.367959,1,p:2.1.3.1.3.2
U5673,226,FUSE2,554884.4026,554884.4026,558017.9026,3133.5,3133.5,1035.4,0.330429,1,p:1.2.5.2.1.1
U5674,226,FUSE2,554953.6026,554953.6026,562771.5026,7817.9,7817.9,1035.4,0.13244,1,p:2.3.4.1.2.2
U5675,226,FUSE2,555000.4026,555000.4026,558945.9026,3945.5,3945.5,1035.4,0.262426,1,p:1.1.1.2.3.1
U5676,226,FUSE2,555069.6026,555069.6026,557767.5026,2697.9,2697.9,1035.4,0.38378,1,p:2.2.2.1.1.2
U5677,226,FUSE2,555116.4026,555116.4026,559177.9026,4061.5,4061.5,1035.4,0.25493,1,p:1.3.3.2.2.1
U5678,226,FUSE2,555185.6026,555185.6026,558579.5026,3393.9,3393.9,1035.4,0.305077,1,p:2.1.5.1.3.2
U5679,226,FUSE2,555232.4026,555232.4026,561512.3026,6279.9,6279.9,1035.4,0.164875,1,p:1.2.4.2.1.1
U3211,129,FUSE0,555301.6026,555301.6026,560435.5026,5133.9,5133.9,941.0,0.183291,1,p:2.3.1.1.2.2
U3212,129,FUSE0,555348.4026,555348.4026,558249.9026,2901.5,2901.5,941.0,0.324315,1,p:1.1.2.2.3.1
U3213,129,FUSE0,555417.6026,555417.6026,558115.5026,2697.9,2697.9,941.0,0.34879,1,p:2.2.3.1.1.2
U3214,129,FUSE0,555464.4026,555464.4026,559989.9026,4525.5,4525.5,941.0,0.207933,1,p:1.3.5.2.2.1
U3215,129,FUSE0,555533.6026,555533.6026,561611.5026,6077.9,6077.9,941.0,0.154823,1,p:2.1.4.1.3.2
U3216,129,FUSE0,555580.4026,555580.4026,559409.9026,3829.5,3829.5,941.0,0.245724,1,p:1.2.1.2.1.1
U3217,129,FUSE1,555649.6026,555649.6026,559623.5026,3973.9,3973.9,1003.0,0.252397,1,p:2.3.2.1.2.2
U3218,129,FUSE1,555696.4026,555696.4026,558597.9026,2901.5,2901.5,1003.0,0.345683,1,p:1.1.3.2.3.1
U3219,129,FUSE1,555765.6026,555765.6026,558927.5026,3161.9,3161.9,1003.0,0.317214,1,p:2.2.5.1.1.2
U3220,129,FUSE1,555812.4026,555812.4026,563240.956,7428.5534,7428.5534,1003.0,0.13502,1,p:1.3.4.2.2.1
U3221,129,FUSE1,555881.6026,555881.6026,559855.5026,3973.9,3973.9,1003.0,0.252397,1,p:2.1.1.1.3.2
U3222,129,FUSE1,555928.4026,555928.4026,558481.9026,2553.5,2553.5,1003.0,0.392794,1,p:1.2.2.2.1.1
U3223,129,FUSE2,555997.6026,555997.6026,560203.5026,4205.9,4205.9,1035.4,0.246178,1,p:2.3.3.1.2.2
U3224,129,FUSE2,556044.4026,556044.4026,559757.9026,3713.5,3713.5,1035.4,0.278821,1,p:1.1.5.2.3.1
U3225,129,FUSE2,556113.6026,556113.6026,561959.5026,5845.9,5845.9,1035.4,0.177116,1,p:2.2.4.1.1.2
U3226,129,FUSE2,556160.4026,556160.4026,561744.3026,5583.9,5583.9,1035.4,0.185426,1,p:1.3.1.2.2.1
U3227,129,FUSE2,556229.6026,556229.6026,559159.5026,2929.9,2929.9,1035.4,0.353391,1,p:2.1.2.1.3.2
U3228,129,FUSE2,556276.4026,556276.4026,559293.9026,3017.5,3017.5,1035.4,0.343132,1,p:1.2.3.2.3.1
U536,22,FUSE0,556345.6026,556345.6026,561164.3026,4818.7,4818.7,941.0,0.195281,1,p:2.3.5.2.1.1
U537,22,FUSE0,556392.4026,556392.4026,562191.5026,5799.1,5799.1,941.0,0.162267,1,p:1.1.4.1.2.2
U538,22,FUSE0,556479.2026,556479.2026,559971.5026,3492.3,3492.3,941.0,0.26945,1,p:2.2.1.1.1.2
U539,22,FUSE0,556508.4026,556508.4026,560932.3026,4423.9,4423.9,941.0,0.212708,1,p:1.3.2.2.2.1
U540,22,FUSE0,556595.2026,556595.2026,560087.5026,3492.3,3492.3,941.0,0.26945,1,p:2.1.5.1.3.2
U541,22,FUSE0,556624.4026,556624.4026,562672.3026,6047.9,6047.9,941.0,0.155591,1,p:1.2.4.2.1.1
U542,22,FUSE0,556711.2026,556711.2026,560899.5026,4188.3,4188.3,941.0,0.224673,1,p:2.3.3.1.2.2
U543,22,FUSE0,556740.4026,556740.4026,560468.3026,3727.9,3727.9,941.0,0.252421,1,p:1.1.1.2.3.1
U544,22,FUSE0,556828.8026,556828.8026,559275.5026,2446.7,2446.7,941.0,0.3846,1,p:2.2.2.1.1.2
U545,22,FUSE0,556856.4026,556856.4026,561860.3026,5003.9,5003.9,941.0,0.188053,1,p:1.3.5.2.2.1
U546,22,FUSE1,556944.8026,556944.8026,562887.5026,5942.7,5942.7,1003.0,0.168779,1,p:2.1.4.1.3.2
U547,22,FUSE1,556972.4026,556972.4026,559641.9026,2669.5,2669.5,1003.0,0.375726,1,p:1.2.3.2.1.1
U548,22,FUSE1,557060.8026,557060.8026,562307.5026,5246.7,5246.7,1003.0,0.191168,1,p:2.3.1.1.2.2
U549,22,FUSE1,557088.4026,557088.4026,560221.9026,3133.5,3133.5,1003.0,0.320089,1,p:1.1.2.2.3.1
U550,22,FUSE1,557204.4026,557204.4026,560319.5026,3115.1,3115.1,1003.0,0.32198,1,p:2.2.5.1.1.2
U551,22,FUSE1,557206.2681,557206.2681,563966.1786,6759.9105,6759.9105,1003.0,0.148375,1,p:1.3.4.2.2.1
U552,22,FUSE1,557320.4026,557320.4026,560551.5026,3231.1,3231.1,1003.0,0.310421,1,p:2.1.3.1.3.2
U553,22,FUSE1,557353.2026,557353.2026,560816.3026,3463.1,3463.1,1003.0,0.289625,1,p:1.2.1.2.1.1
U554,22,FUSE1,557436.4026,557436.4026,561727.5026,4291.1,4291.1,1003.0,0.23374,1,p:2.3.2.1.2.2
U555,22,FUSE1,557469.2026,557469.2026,561048.3026,3579.1,3579.1,1003.0,0.280238,1,p:1.1.5.2.3.1
U556,22,FUSE2,557552.4026,557552.4026,563119.5026,5567.1,5567.1,1035.4,0.185986,1,p:2.2.4.1.1.2
U557,22,FUSE2,557585.2026,557585.2026,562092.3026,4507.1,4507.1,1035.4,0.229726,1,p:1.3.3.2.2.1
U558,22,FUSE2,557682.8026,557682.8026,561379.5026,3696.7,3696.7,1035.4,0.280088,1,p:2.1.1.1.3.2
U559,22,FUSE2,557701.2026,557701.2026,560105.9026,2404.7,2404.7,1035.4,0.430573,1,p:1.2.2.2.1.1
U560,22,FUSE2,557798.8026,557798.8026,563003.5026,5204.7,5204.7,1035.4,0.198936,1,p:2.3.5.1.2.2
U561,22,FUSE2,557817.2026,557817.2026,563124.956,5307.7534,5307.7534,1035.4,0.195073,1,p:1.1.4.2.3.1
U562,22,FUSE2,557914.8026,557914.8026,560667.5026,2752.7,2752.7,1035.4,0.37614,1,p:2.2.3.1.1.2
U563,22,FUSE2,557933.2026,557933.2026,562539.5026,4606.3,4606.3,1035.4,0.224779,1,p:1.3.1.1.3.2
U564,22,FUSE2,558030.8026,558030.8026,560584.3026,2553.5,2553.5,1035.4,0.405483,1,p:2.1.2.2.1.1
U7573,303,FUSE0,558049.2026,558049.2026,561280.3026,3231.1,3231.1,941.0,0.291232,1,p:1.2.5.2.2.1
U7574,303,FUSE0,558146.8026,558146.8026,564527.7786,6380.976,6380.976,941.0,0.14747,1,p:2.3.4.1.2.2
U7575,303,FUSE0,558165.2026,558165.2026,561396.3026,3231.1,3231.1,941.0,0.291232,1,p:1.1.3.2.3.1
U7576,303,FUSE0,558262.8026,558262.8026,561263.5026,3000.7,3000.7,941.0,0.313593,1,p:2.2.5.1.1.2
U7577,303,FUSE0,558281.2026,558281.2026,563008.956,4727.7534,4727.7534,941.0,0.199037,1,p:1.3.1.2.2.1
U7578,303,FUSE0,558378.8026,558378.8026,561147.5026,2768.7,2768.7,941.0,0.339871,1,p:2.1.2.1.3.2
U7579,303,FUSE0,558397.2026,558397.2026,563474.556,5077.3534,5077.3534,941.0,0.185333,1,p:1.2.4.2.1.1
U7580,303,FUSE0,558494.8026,558494.8026,562423.5026,3928.7,3928.7,941.0,0.239519,1,p:2.3.3.1.2.2
U7581,303,FUSE1,558513.2026,558513.2026,562208.3026,3695.1,3695.1,1003.0,0.271441,1,p:1.1.5.2.3.1
U7582,303,FUSE1,558610.8026,558610.8026,562075.5026,3464.7,3464.7,1003.0,0.289491,1,p:2.2.1.1.1.2
U7583,303,FUSE1,558629.2026,558629.2026,562788.3026,4159.1,4159.1,1003.0,0.241158,1,p:1.3.2.2.2.1
U7584,303,FUSE1,558726.8026,558726.8026,563629.356,4902.5534,4902.5534,1003.0,0.204587,1,p:2.1.4.1.3.2
U7585,303,FUSE1,558745.2026,558745.2026,561976.3026,3231.1,3231.1,1003.0,0.310421,1,p:1.2.3.2.1.1
U7586,303,FUSE1,558842.8026,558842.8026,563513.356,4670.5534,4670.5534,1003.0,0.21475,1,p:2.3.5.1.2.2
U7587,303,FUSE1,558861.2026,558861.2026,562556.3026,3695.1,3695.1,1003.0,0.271441,1,p:1.1.1.2.3.1
U7588,303,FUSE1,558958.8026,558958.8026,561495.5026,2536.7,2536.7,1003.0,0.395396,1,p:2.2.2.1.1.2
U7589,303,FUSE2,558977.2026,558977.2026,564885.7786,5908.576,5908.576,1035.4,0.175237,1,p:1.3.4.2.2.1
U7590,303,FUSE2,559074.8026,559074.8026,561843.5026,2768.7,2768.7,1035.4,0.373966,1,p:2.1.3.1.3.2
U7591,303,FUSE2,559093.2026,559093.2026,562440.3026,3347.1,3347.1,1035.4,0.309342,1,p:1.2.5.2.1.1
U7592,303,FUSE2,559190.8026,559190.8026,563745.356,4554.5534,4554.5534,1035.4,0.227333,1,p:2.3.1.1.2.2
U7593,303,FUSE2,559209.2026,559209.2026,562324.3026,3115.1,3115.1,1035.4,0.332381,1,p:1.1.2.2.3.1
U7594,303,FUSE2,559306.8026,559306.8026,564324.1786,5017.376,5017.376,1035.4,0.206363,1,p:2.2.4.1.1.2
U7595,303,FUSE2,559325.2026,559325.2026,563358.556,4033.3534,4033.3534,1035.4,0.256709,1,p:1.3.3.2.2.1
U7596,303,FUSE2,559422.8026,559422.8026,562655.5026,3232.7,3232.7,1035.4,0.32029,1,p:2.1.5.1.3.2
