unit_id,orderID,variant,first_arrival_time_s,start_time_s,completion_time_s,flow_time_s,active_flow_time_s,time_spent_producing,throughput_efficiency,Attempts,route_taken
U3582,144,FUSE0,0.0,0.0,1208.0,1208.0,1208.0,941.0,0.778974,1,p:1.1.1.1.3.2
U3583,144,FUSE0,0.0,0.0,1365.6,1365.6,1365.6,941.0,0.689074,1,p:2.2.2.1.2.2
U3584,144,FUSE0,0.0,112.2,1670.0,1670.0,1670.0,941.0,0.563473,1,p:1.3.3.1.1.2
U3585,144,FUSE0,0.0,112.2,1564.8,1564.8,1564.8,941.0,0.601355,1,p:2.1.4.2.2.1
U3586,144,FUSE0,0.0,224.4,1481.6,1481.6,1481.6,941.0,0.635124,1,p:1.2.1.1.3.2
U3587,144,FUSE0,0.0,224.4,1680.8,1680.8,1680.8,941.0,0.559852,1,p:2.3.2.2.3.1
U3588,144,FUSE0,0.0,336.6,1786.0,1786.0,1786.0,941.0,0.526876,1,p:1.1.5.1.2.2
U3589,144,FUSE0,0.0,336.6,1864.8,1864.8,1864.8,941.0,0.504612,1,p:2.2.3.2.1.1
U3590,144,FUSE1,0.0,448.8,1902.0,1902.0,1902.0,1003.0,0.52734,1,p:1.3.1.1.3.2
U3591,144,FUSE1,0.0,448.8,1980.8,1980.8,1980.8,1003.0,0.506361,1,p:2.1.4.2.2.1
U3592,144,FUSE1,0.0,561.0,2036.8,2036.8,2036.8,1003.0,0.492439,1,p:1.2.2.1.1.2
U3593,144,FUSE1,0.0,561.0,2096.8,2096.8,2096.8,1003.0,0.478348,1,p:2.3.3.1.3.1
U3594,144,FUSE1,0.0,673.2,2177.2,2177.2,2177.2,1003.0,0.460683,1,p:1.1.5.2.2.2
U3595,144,FUSE1,0.0,673.2,2292.0,2292.0,2292.0,1003.0,0.437609,1,p:2.2.1.1.1.1
U3596,144,FUSE1,0.0,785.4,2293.2,2293.2,2293.2,1003.0,0.43738,1,p:1.3.2.2.3.2
U3597,144,FUSE1,0.0,785.4,2408.0,2408.0,2408.0,1003.0,0.416528,1,p:2.1.4.1.2.1
U3598,144,FUSE2,0.0,897.6,2429.6,2429.6,2429.6,1035.4,0.426161,1,p:1.2.3.1.3.2
U3599,144,FUSE2,0.0,897.6,2604.8,2604.8,2604.8,1035.4,0.397497,1,p:2.3.5.1.2.1
U3600,144,FUSE2,0.0,1009.8,2545.6,2545.6,2545.6,1035.4,0.406741,1,p:1.1.1.2.1.2
U3601,144,FUSE2,0.0,1009.8,2661.6,2661.6,2661.6,1035.4,0.389014,1,p:2.2.2.2.3.2
U3602,144,FUSE2,0.0,1122.0,2775.4,2775.4,2775.4,1035.4,0.373063,1,p:1.3.4.1.1.1
U3603,144,FUSE2,0.0,1122.0,2788.6,2788.6,2788.6,1035.4,0.371297,1,p:2.1.3.2.2.2
U3604,144,FUSE2,0.0,1234.2,2896.6,2896.6,2896.6,1035.4,0.357454,1,p:1.2.5.1.3.1
U3605,144,FUSE2,0.0,1234.2,2946.2,2946.2,2946.2,1035.4,0.351436,1,p:2.3.1.2.1.2
U3606,144,FUSE2,0.0,1346.4,3062.2,3062.2,3062.2,1035.4,0.338123,1,p:1.1.2.2.3.2
U105,5,FUSE0,0.0,1346.4,3054.2,3054.2,3054.2,941.0,0.3081,1,p:2.2.4.1.2.1
U106,5,FUSE0,0.0,1458.6,3191.8,3191.8,3191.8,941.0,0.294818,1,p:1.3.3.1.1.2
U107,5,FUSE0,0.0,1458.6,3229.0,3229.0,3229.0,941.0,0.291421,1,p:2.1.5.2.2.1
U108,5,FUSE0,0.0,1570.8,3307.8,3307.8,3307.8,941.0,0.284479,1,p:1.2.1.1.3.2
U109,5,FUSE0,0.0,1570.8,3386.6,3386.6,3386.6,941.0,0.27786,1,p:2.3.4.2.1.1
U110,5,FUSE0,0.0,1683.0,3423.8,3423.8,3423.8,941.0,0.274841,1,p:1.1.2.1.2.2
U111,5,FUSE0,1239.3,1683.0,3502.6,2263.3,2263.3,941.0,0.415765,1,p:2.2.3.2.3.1
U112,5,FUSE1,1396.9,1795.2,3544.6,2147.7,2147.7,1003.0,0.467011,1,p:1.3.5.1.1.2
U113,5,FUSE1,1512.9,1795.2,3618.6,2105.7,2105.7,1003.0,0.476326,1,p:2.1.1.2.2.1
U114,5,FUSE1,1596.1,1907.4,3660.6,2064.5,2064.5,1003.0,0.485832,1,p:1.2.4.1.3.2
U115,5,FUSE1,1701.3,1907.4,3739.4,2038.1,2038.1,1003.0,0.492125,1,p:2.3.2.2.1.1
U116,5,FUSE1,1712.1,2019.6,3776.6,2064.5,2064.5,1003.0,0.485832,1,p:1.1.3.1.2.2
U117,5,FUSE1,1817.3,2019.6,3855.4,2038.1,2038.1,1003.0,0.492125,1,p:2.2.5.2.3.1
U118,5,FUSE1,1896.1,2131.8,3897.4,2001.3,2001.3,1003.0,0.501174,1,p:1.3.1.1.1.2
U119,5,FUSE2,1933.3,2131.8,3971.4,2038.1,2038.1,1035.4,0.508022,1,p:2.1.4.2.2.1
U120,5,FUSE2,2012.1,2244.0,4013.4,2001.3,2001.3,1035.4,0.517364,1,p:1.2.2.1.3.2
U121,5,FUSE2,2068.1,2244.0,4092.2,2024.1,2024.1,1035.4,0.511536,1,p:2.3.3.2.1.1
U122,5,FUSE2,2128.1,2356.2,4129.4,2001.3,2001.3,1035.4,0.517364,1,p:1.1.5.1.2.2
U123,5,FUSE2,2208.5,2356.2,4208.2,1999.7,1999.7,1035.4,0.517778,1,p:2.2.1.2.3.1
U124,5,FUSE2,2323.3,2468.4,4324.2,2000.9,2000.9,1035.4,0.517467,1,p:1.3.4.2.2.1
U125,5,FUSE2,2324.5,2468.4,4383.0,2058.5,2058.5,1035.4,0.502988,1,p:2.1.2.1.3.2
U7278,291,FUSE0,2439.3,2580.6,4267.0,1827.7,1827.7,941.0,0.514855,1,p:1.2.3.1.1.2
U7279,291,FUSE0,2460.9,2580.6,4461.8,2000.9,2000.9,941.0,0.470288,1,p:2.3.5.2.1.1
U7280,291,FUSE0,2576.9,2692.8,4499.0,1922.1,1922.1,941.0,0.489569,1,p:1.1.1.1.2.2
U7281,291,FUSE0,2636.1,2692.8,4577.8,1941.7,1941.7,941.0,0.484627,1,p:2.2.3.2.3.1
U7282,291,FUSE0,2692.9,2805.0,4619.8,1926.9,1926.9,941.0,0.488349,1,p:1.3.4.1.1.2
U7283,291,FUSE0,2806.7,2806.7,4693.8,1887.1,1887.1,941.0,0.498649,1,p:2.1.2.2.2.1
U7284,291,FUSE0,2819.9,2917.2,4735.8,1915.9,1915.9,941.0,0.491153,1,p:1.2.5.1.3.2
U7285,291,FUSE0,2927.9,2927.9,4814.6,1886.7,1886.7,941.0,0.498754,1,p:2.3.1.2.1.1
U7286,291,FUSE1,2977.5,3029.4,4851.8,1874.3,1874.3,1003.0,0.535133,1,p:1.1.3.1.2.2
U7287,291,FUSE1,3085.5,3085.5,4930.6,1845.1,1845.1,1003.0,0.543602,1,p:2.2.4.2.3.1
U7288,291,FUSE1,3093.5,3141.6,4972.6,1879.1,1879.1,1003.0,0.533766,1,p:1.3.2.1.1.2
U7289,291,FUSE1,3223.1,3223.1,5046.6,1823.5,1823.5,1003.0,0.550041,1,p:2.1.5.2.2.1
U7290,291,FUSE1,3260.3,3260.3,5088.6,1828.3,1828.3,1003.0,0.548597,1,p:1.2.1.1.3.2
U7291,291,FUSE1,3339.1,3339.1,5167.4,1828.3,1828.3,1003.0,0.548597,1,p:2.3.3.2.1.1
U7292,291,FUSE1,3417.9,3417.9,5204.6,1786.7,1786.7,1003.0,0.56137,1,p:1.1.4.1.2.2
U7293,291,FUSE1,3455.1,3455.1,5283.4,1828.3,1828.3,1003.0,0.548597,1,p:2.2.2.2.3.1
U7294,291,FUSE2,3533.9,3533.9,5325.4,1791.5,1791.5,1035.4,0.577951,1,p:1.3.5.1.1.2
U7295,291,FUSE2,3575.9,3575.9,5399.4,1823.5,1823.5,1035.4,0.567809,1,p:2.1.1.2.2.1
U7296,291,FUSE2,3649.9,3649.9,5441.4,1791.5,1791.5,1035.4,0.577951,1,p:1.2.3.1.3.2
U7297,291,FUSE2,3691.9,3691.9,5520.2,1828.3,1828.3,1035.4,0.566318,1,p:2.3.4.2.1.1
U7298,291,FUSE2,3770.7,3770.7,5557.4,1786.7,1786.7,1035.4,0.579504,1,p:1.1.2.1.2.2
U7299,291,FUSE2,3807.9,3807.9,5636.2,1828.3,1828.3,1035.4,0.566318,1,p:2.2.5.2.3.1
U7300,291,FUSE2,3886.7,3886.7,5678.2,1791.5,1791.5,1035.4,0.577951,1,p:1.3.1.1.1.2
U7301,291,FUSE2,3928.7,3928.7,5794.2,1865.5,1865.5,1035.4,0.555025,1,p:2.1.3.1.3.2
U7302,291,FUSE2,4002.7,4002.7,5873.4,1870.7,1870.7,1035.4,0.553483,1,p:1.2.4.2.1.1
U001,1,FUSE0,4044.7,4044.7,5752.2,1707.5,1707.5,941.0,0.551098,1,p:2.3.2.2.2.1
U002,1,FUSE0,4123.5,4123.5,5910.2,1786.7,1786.7,941.0,0.526669,1,p:1.1.5.1.2.2
U003,1,FUSE0,4160.7,4160.7,5989.4,1828.7,1828.7,941.0,0.514573,1,p:2.2.1.2.3.1
U004,1,FUSE0,4239.5,4239.5,6031.0,1791.5,1791.5,941.0,0.525258,1,p:1.3.2.1.1.2
U005,1,FUSE0,4298.3,4298.3,6105.4,1807.1,1807.1,941.0,0.520724,1,p:2.1.3.2.2.1
U006,1,FUSE0,4355.5,4355.5,6147.0,1791.5,1791.5,941.0,0.525258,1,p:1.2.4.1.3.2
U007,1,FUSE0,4414.3,4414.3,6226.2,1811.9,1811.9,941.0,0.519344,1,p:2.3.5.2.1.1
U008,1,FUSE0,4493.1,4493.1,6263.0,1769.9,1769.9,941.0,0.531668,1,p:1.1.1.1.2.2
U009,1,FUSE0,4530.3,4530.3,6342.2,1811.9,1811.9,941.0,0.519344,1,p:2.2.2.2.3.1
U010,1,FUSE0,4609.1,4609.1,6383.8,1774.7,1774.7,941.0,0.53023,1,p:1.3.3.1.1.2
U011,1,FUSE1,4651.1,4651.1,6458.2,1807.1,1807.1,1003.0,0.555033,1,p:2.1.4.2.2.1
U012,1,FUSE1,4725.1,4725.1,6499.8,1774.7,1774.7,1003.0,0.565166,1,p:1.2.5.1.3.2
U013,1,FUSE1,4767.1,4767.1,6579.0,1811.9,1811.9,1003.0,0.553563,1,p:2.3.1.2.1.1
U014,1,FUSE1,4845.9,4845.9,6615.8,1769.9,1769.9,1003.0,0.566699,1,p:1.1.2.1.2.2
U015,1,FUSE1,4883.1,4883.1,6695.0,1811.9,1811.9,1003.0,0.553563,1,p:2.2.3.2.3.1
U016,1,FUSE1,4961.9,4961.9,6736.6,1774.7,1774.7,1003.0,0.565166,1,p:1.3.4.1.1.2
U017,1,FUSE1,5003.9,5003.9,6811.0,1807.1,1807.1,1003.0,0.555033,1,p:2.1.5.2.2.1
U018,1,FUSE1,5077.9,5077.9,6852.6,1774.7,1774.7,1003.0,0.565166,1,p:1.2.1.1.3.2
U019,1,FUSE1,5119.9,5119.9,6931.8,1811.9,1811.9,1003.0,0.553563,1,p:2.3.2.2.1.1
U020,1,FUSE1,5198.7,5198.7,6968.6,1769.9,1769.9,1003.0,0.566699,1,p:1.1.3.1.2.2
U021,1,FUSE2,5235.9,5235.9,7047.8,1811.9,1811.9,1035.4,0.571444,1,p:2.2.4.2.3.1
U022,1,FUSE2,5314.7,5314.7,7089.4,1774.7,1774.7,1035.4,0.583423,1,p:1.3.5.1.1.2
U023,1,FUSE2,5356.7,5356.7,7163.8,1807.1,1807.1,1035.4,0.572962,1,p:2.1.1.2.2.1
U024,1,FUSE2,5430.7,5430.7,7205.4,1774.7,1774.7,1035.4,0.583423,1,p:1.2.2.1.3.2
U025,1,FUSE2,5472.7,5472.7,7284.6,1811.9,1811.9,1035.4,0.571444,1,p:2.3.3.2.1.1
U026,1,FUSE2,5551.5,5551.5,7321.4,1769.9,1769.9,1035.4,0.585005,1,p:1.1.4.1.2.2
U027,1,FUSE2,5588.7,5588.7,7400.6,1811.9,1811.9,1035.4,0.571444,1,p:2.2.5.2.3.1
U028,1,FUSE2,5667.5,5667.5,7442.2,1774.7,1774.7,1035.4,0.583423,1,p:1.3.1.1.1.2
U029,1,FUSE2,5709.5,5709.5,7558.2,1848.7,1848.7,1035.4,0.560069,1,p:2.1.2.1.3.2
U1465,59,FUSE0,5783.5,5783.5,7516.6,1733.1,1733.1,941.0,0.542958,1,p:1.2.3.2.2.1
U1466,59,FUSE0,5825.5,5825.5,7647.8,1822.3,1822.3,941.0,0.51638,1,p:2.3.4.2.1.1
U1467,59,FUSE0,5904.7,5904.7,7674.2,1769.5,1769.5,941.0,0.531789,1,p:1.1.5.1.2.2
U1468,59,FUSE0,5941.5,5941.5,7763.8,1822.3,1822.3,941.0,0.51638,1,p:2.2.1.2.3.1
U1469,59,FUSE0,6020.7,6020.7,7802.6,1781.9,1781.9,941.0,0.528088,1,p:1.3.3.1.1.2
U1470,59,FUSE0,6062.3,6062.3,7879.8,1817.5,1817.5,941.0,0.517744,1,p:2.1.2.2.2.1
U1471,59,FUSE0,6136.7,6136.7,7918.6,1781.9,1781.9,941.0,0.528088,1,p:1.2.4.1.3.2
U1472,59,FUSE0,6178.3,6178.3,8000.6,1822.3,1822.3,941.0,0.51638,1,p:2.3.5.2.1.1
U1473,59,FUSE1,6257.5,6257.5,8034.6,1777.1,1777.1,1003.0,0.564403,1,p:1.1.1.1.2.2
U1474,59,FUSE1,6294.3,6294.3,8116.6,1822.3,1822.3,1003.0,0.550403,1,p:2.2.3.2.3.1
U1475,59,FUSE1,6373.5,6373.5,8155.4,1781.9,1781.9,1003.0,0.562882,1,p:1.3.2.1.1.2
U1476,59,FUSE1,6415.1,6415.1,8232.6,1817.5,1817.5,1003.0,0.551857,1,p:2.1.4.2.2.1
U1477,59,FUSE1,6489.5,6489.5,8271.4,1781.9,1781.9,1003.0,0.562882,1,p:1.2.5.1.3.2
U1478,59,FUSE1,6531.1,6531.1,8353.4,1822.3,1822.3,1003.0,0.550403,1,p:2.3.1.2.1.1
U1479,59,FUSE1,6610.3,6610.3,8387.4,1777.1,1777.1,1003.0,0.564403,1,p:1.1.3.1.2.2
U1480,59,FUSE1,6647.1,6647.1,8469.4,1822.3,1822.3,1003.0,0.550403,1,p:2.2.2.2.3.1
U1481,59,FUSE2,6726.3,6726.3,8508.2,1781.9,1781.9,1035.4,0.581065,1,p:1.3.4.1.1.2
U1482,59,FUSE2,6767.9,6767.9,8585.4,1817.5,1817.5,1035.4,0.569684,1,p:2.1.5.2.2.1
U1483,59,FUSE2,6842.3,6842.3,8624.2,1781.9,1781.9,1035.4,0.581065,1,p:1.2.1.1.3.2
U1484,59,FUSE2,6883.9,6883.9,8706.2,1822.3,1822.3,1035.4,0.568183,1,p:2.3.3.2.1.1
U1485,59,FUSE2,6963.1,6963.1,8740.2,1777.1,1777.1,1035.4,0.582635,1,p:1.1.2.1.2.2
U1486,59,FUSE2,6999.9,6999.9,8822.2,1822.3,1822.3,1035.4,0.568183,1,p:2.2.4.2.3.1
U1487,59,FUSE2,7079.1,7079.1,8861.4,1782.3,1782.3,1035.4,0.580935,1,p:1.3.5.1.1.2
U1488,59,FUSE2,7120.7,7120.7,8938.2,1817.5,1817.5,1035.4,0.569684,1,p:2.1.1.2.2.1
U6210,248,FUSE0,7195.1,7195.1,9059.0,1863.9,1863.9,941.0,0.504855,1,p:1.2.3.2.1.1
U6211,248,FUSE0,7236.7,7236.7,8977.4,1740.7,1740.7,941.0,0.540587,1,p:2.3.2.1.3.2
U6212,248,FUSE0,7315.9,7315.9,9093.4,1777.5,1777.5,941.0,0.529395,1,p:1.1.4.1.2.2
U6213,248,FUSE0,7352.7,7352.7,9175.0,1822.3,1822.3,941.0,0.51638,1,p:2.2.5.2.3.1
U6214,248,FUSE0,7431.9,7431.9,9330.2,1898.3,1898.3,941.0,0.495707,1,p:1.3.3.1.3.2
U6215,248,FUSE0,7473.5,7473.5,9291.0,1817.5,1817.5,941.0,0.517744,1,p:2.1.2.2.2.1
U6216,248,FUSE0,7547.9,7547.9,9214.2,1666.3,1666.3,941.0,0.564724,1,p:1.2.1.1.1.2
U6217,248,FUSE0,7589.5,7589.5,9411.8,1822.3,1822.3,941.0,0.51638,1,p:2.3.4.2.1.1
U6218,248,FUSE1,7679.1,7679.1,9446.2,1767.1,1767.1,1003.0,0.567597,1,p:1.1.5.1.2.2
U6219,248,FUSE1,7705.5,7705.5,9643.8,1938.3,1938.3,1003.0,0.517464,1,p:2.2.3.2.2.1
U6220,248,FUSE1,7795.1,7795.1,9567.0,1771.9,1771.9,1003.0,0.566059,1,p:1.3.2.1.1.2
U6221,248,FUSE1,7833.9,7833.9,9527.8,1693.9,1693.9,1003.0,0.592125,1,p:2.1.1.2.3.1
U6222,248,FUSE1,7911.1,7911.1,9683.0,1771.9,1771.9,1003.0,0.566059,1,p:1.2.4.1.3.2
U6223,248,FUSE1,7949.9,7949.9,9764.6,1814.7,1814.7,1003.0,0.552708,1,p:2.3.5.2.1.1
U6224,248,FUSE1,8031.9,8031.9,9799.0,1767.1,1767.1,1003.0,0.567597,1,p:1.1.3.1.2.2
U6225,248,FUSE1,8065.9,8065.9,9880.6,1814.7,1814.7,1003.0,0.552708,1,p:2.2.2.2.3.1
U6226,248,FUSE2,8147.9,8147.9,9919.8,1771.9,1771.9,1035.4,0.584344,1,p:1.3.1.1.1.2
U6227,248,FUSE2,8186.7,8186.7,9996.6,1809.9,1809.9,1035.4,0.572076,1,p:2.1.4.2.2.1
U6228,248,FUSE2,8263.9,8263.9,10035.8,1771.9,1771.9,1035.4,0.584344,1,p:1.2.5.1.3.2
U6229,248,FUSE2,8302.7,8302.7,10117.4,1814.7,1814.7,1035.4,0.570563,1,p:2.3.3.2.1.1
U6230,248,FUSE2,8384.7,8384.7,10151.8,1767.1,1767.1,1035.4,0.585932,1,p:1.1.2.1.2.2
U6231,248,FUSE2,8418.7,8418.7,10233.4,1814.7,1814.7,1035.4,0.570563,1,p:2.2.1.2.3.1
U6232,248,FUSE2,8500.7,8500.7,10289.4,1788.7,1788.7,1035.4,0.578856,1,p:1.3.4.1.1.2
U6233,248,FUSE2,8539.5,8539.5,10484.2,1944.7,1944.7,1035.4,0.532421,1,p:2.1.5.2.1.1
U057,3,FUSE0,8616.7,8616.7,10349.4,1732.7,1732.7,941.0,0.543083,1,p:1.2.3.2.2.1
U058,3,FUSE0,8655.5,8655.5,10405.4,1749.9,1749.9,941.0,0.537745,1,p:2.3.2.1.3.2
U059,3,FUSE0,8737.5,8737.5,10521.4,1783.9,1783.9,941.0,0.527496,1,p:1.1.1.1.2.2
U060,3,FUSE0,8771.5,8771.5,10600.2,1828.7,1828.7,941.0,0.514573,1,p:2.2.4.2.3.1
U061,3,FUSE0,8853.5,8853.5,10642.2,1788.7,1788.7,941.0,0.52608,1,p:1.3.3.1.1.2
U062,3,FUSE0,8892.7,8892.7,10716.2,1823.5,1823.5,941.0,0.516041,1,p:2.1.2.2.2.1
U063,3,FUSE0,8969.5,8969.5,10758.2,1788.7,1788.7,941.0,0.52608,1,p:1.2.5.1.3.2
U064,3,FUSE0,9008.7,9008.7,10837.0,1828.3,1828.3,941.0,0.514686,1,p:2.3.1.2.1.1
U065,3,FUSE1,9090.3,9090.3,10874.2,1783.9,1783.9,1003.0,0.562251,1,p:1.1.4.1.2.2
U066,3,FUSE1,9124.7,9124.7,10953.0,1828.3,1828.3,1003.0,0.548597,1,p:2.2.3.2.3.1
U067,3,FUSE1,9206.3,9206.3,10995.0,1788.7,1788.7,1003.0,0.560742,1,p:1.3.2.1.1.2
U068,3,FUSE1,9245.5,9245.5,11069.0,1823.5,1823.5,1003.0,0.550041,1,p:2.1.5.2.2.1
U069,3,FUSE1,9322.3,9322.3,11111.0,1788.7,1788.7,1003.0,0.560742,1,p:1.2.1.1.3.2
U070,3,FUSE1,9361.5,9361.5,11189.8,1828.3,1828.3,1003.0,0.548597,1,p:2.3.4.2.1.1
U071,3,FUSE1,9443.1,9443.1,11227.0,1783.9,1783.9,1003.0,0.562251,1,p:1.1.3.1.2.2
U072,3,FUSE1,9477.5,9477.5,11305.8,1828.3,1828.3,1003.0,0.548597,1,p:2.2.2.2.3.1
U073,3,FUSE2,9559.1,9559.1,11421.8,1862.7,1862.7,1035.4,0.55586,1,p:1.3.1.2.2.1
U074,3,FUSE2,9598.3,9598.3,11347.8,1749.5,1749.5,1035.4,0.591826,1,p:2.1.5.1.1.2
U075,3,FUSE2,9675.1,9675.1,11463.8,1788.7,1788.7,1035.4,0.578856,1,p:1.2.4.1.3.2
U076,3,FUSE2,9714.3,9714.3,11542.6,1828.3,1828.3,1035.4,0.566318,1,p:2.3.3.2.1.1
U077,3,FUSE2,9795.9,9795.9,11579.8,1783.9,1783.9,1035.4,0.580414,1,p:1.1.2.1.2.2
U078,3,FUSE2,9830.3,9830.3,11658.6,1828.3,1828.3,1035.4,0.566318,1,p:2.2.5.2.3.1
U079,3,FUSE2,9911.9,9911.9,11700.6,1788.7,1788.7,1035.4,0.578856,1,p:1.3.1.1.1.2
U4514,181,FUSE0,9951.1,9951.1,11774.6,1823.5,1823.5,941.0,0.516041,1,p:2.1.4.2.2.1
U4515,181,FUSE0,10027.9,10027.9,11816.6,1788.7,1788.7,941.0,0.52608,1,p:1.2.3.1.3.2
U4516,181,FUSE0,10067.1,10067.1,11895.4,1828.3,1828.3,941.0,0.514686,1,p:2.3.2.2.1.1
U4517,181,FUSE0,10148.7,10148.7,11932.6,1783.9,1783.9,941.0,0.527496,1,p:1.1.5.1.2.2
U4518,181,FUSE0,10183.1,10183.1,12011.4,1828.3,1828.3,941.0,0.514686,1,p:2.2.1.2.3.1
U4519,181,FUSE0,10264.7,10264.7,12053.4,1788.7,1788.7,941.0,0.52608,1,p:1.3.4.1.1.2
U4520,181,FUSE0,10320.7,10320.7,12127.4,1806.7,1806.7,941.0,0.520839,1,p:2.1.3.2.2.1
U4521,181,FUSE0,10380.7,10380.7,12169.4,1788.7,1788.7,941.0,0.52608,1,p:1.2.2.1.3.2
U4522,181,FUSE0,10436.7,10436.7,12248.2,1811.5,1811.5,941.0,0.519459,1,p:2.3.5.2.1.1
U4523,181,FUSE1,10515.5,10515.5,12285.4,1769.9,1769.9,1003.0,0.566699,1,p:1.1.1.1.2.2
U4524,181,FUSE1,10552.7,10552.7,12364.2,1811.5,1811.5,1003.0,0.553685,1,p:2.2.4.2.3.1
U4525,181,FUSE1,10631.5,10631.5,12406.2,1774.7,1774.7,1003.0,0.565166,1,p:1.3.3.1.1.2
U4526,181,FUSE1,10673.5,10673.5,12480.2,1806.7,1806.7,1003.0,0.555156,1,p:2.1.2.2.2.1
U4527,181,FUSE1,10747.5,10747.5,12522.2,1774.7,1774.7,1003.0,0.565166,1,p:1.2.5.1.3.2
U4528,181,FUSE1,10789.5,10789.5,12601.0,1811.5,1811.5,1003.0,0.553685,1,p:2.3.1.2.1.1
U4529,181,FUSE1,10868.3,10868.3,12638.2,1769.9,1769.9,1003.0,0.566699,1,p:1.1.4.1.2.2
U4530,181,FUSE1,10905.5,10905.5,12717.0,1811.5,1811.5,1003.0,0.553685,1,p:2.2.3.2.3.1
U4531,181,FUSE1,10984.3,10984.3,12759.0,1774.7,1774.7,1003.0,0.565166,1,p:1.3.2.1.1.2
U4532,181,FUSE1,11026.3,11026.3,12833.0,1806.7,1806.7,1003.0,0.555156,1,p:2.1.5.2.2.1
U4533,181,FUSE2,11100.3,11100.3,12875.0,1774.7,1774.7,1035.4,0.583423,1,p:1.2.1.1.3.2
U4534,181,FUSE2,11142.3,11142.3,12953.8,1811.5,1811.5,1035.4,0.571571,1,p:2.3.4.2.1.1
U4535,181,FUSE2,11221.1,11221.1,12991.0,1769.9,1769.9,1035.4,0.585005,1,p:1.1.3.1.2.2
U4536,181,FUSE2,11258.3,11258.3,13069.8,1811.5,1811.5,1035.4,0.571571,1,p:2.2.2.2.3.1
U4537,181,FUSE2,11337.1,11337.1,13111.8,1774.7,1774.7,1035.4,0.583423,1,p:1.3.5.1.1.2
U4538,181,FUSE2,11379.1,11379.1,13185.8,1806.7,1806.7,1035.4,0.573089,1,p:2.1.1.2.2.1
U4539,181,FUSE2,11453.1,11453.1,13227.8,1774.7,1774.7,1035.4,0.583423,1,p:1.2.4.1.3.2
U4540,181,FUSE2,11495.1,11495.1,13306.6,1811.5,1811.5,1035.4,0.571571,1,p:2.3.3.2.1.1
U4541,181,FUSE2,11573.9,11573.9,13343.8,1769.9,1769.9,1035.4,0.585005,1,p:1.1.2.1.2.2
U4542,181,FUSE2,11611.1,11611.1,13422.6,1811.5,1811.5,1035.4,0.571571,1,p:2.2.5.2.3.1
U4265,171,FUSE0,11689.9,11689.9,13464.6,1774.7,1774.7,941.0,0.53023,1,p:1.3.1.1.1.2
U4266,171,FUSE0,11731.9,11731.9,13538.6,1806.7,1806.7,941.0,0.520839,1,p:2.1.4.2.2.1
U4267,171,FUSE0,11805.9,11805.9,13580.6,1774.7,1774.7,941.0,0.53023,1,p:1.2.3.1.3.2
U4268,171,FUSE0,11847.9,11847.9,13659.4,1811.5,1811.5,941.0,0.519459,1,p:2.3.2.2.1.1
U4269,171,FUSE0,11926.7,11926.7,13696.6,1769.9,1769.9,941.0,0.531668,1,p:1.1.5.1.2.2
U4270,171,FUSE0,11963.9,11963.9,13775.4,1811.5,1811.5,941.0,0.519459,1,p:2.2.1.2.3.1
U4271,171,FUSE0,12042.7,12042.7,13817.4,1774.7,1774.7,941.0,0.53023,1,p:1.3.4.1.1.2
U4272,171,FUSE0,12084.7,12084.7,13891.4,1806.7,1806.7,941.0,0.520839,1,p:2.1.3.2.2.1
U4273,171,FUSE0,12158.7,12158.7,13933.4,1774.7,1774.7,941.0,0.53023,1,p:1.2.2.1.3.2
U4274,171,FUSE1,12200.7,12200.7,14012.2,1811.5,1811.5,1003.0,0.553685,1,p:2.3.5.2.1.1
U4275,171,FUSE1,12279.5,12279.5,14049.4,1769.9,1769.9,1003.0,0.566699,1,p:1.1.1.1.2.2
U4276,171,FUSE1,12316.7,12316.7,14128.2,1811.5,1811.5,1003.0,0.553685,1,p:2.2.4.2.3.1
U4277,171,FUSE1,12395.5,12395.5,14170.2,1774.7,1774.7,1003.0,0.565166,1,p:1.3.3.1.1.2
U4278,171,FUSE1,12437.5,12437.5,14244.2,1806.7,1806.7,1003.0,0.555156,1,p:2.1.2.2.2.1
U4279,171,FUSE1,12511.5,12511.5,14286.2,1774.7,1774.7,1003.0,0.565166,1,p:1.2.5.1.3.2
U4280,171,FUSE1,12553.5,12553.5,14365.0,1811.5,1811.5,1003.0,0.553685,1,p:2.3.1.2.1.1
U4281,171,FUSE1,12632.3,12632.3,14402.2,1769.9,1769.9,1003.0,0.566699,1,p:1.1.4.1.2.2
U4282,171,FUSE1,12669.5,12669.5,14481.0,1811.5,1811.5,1003.0,0.553685,1,p:2.2.3.2.3.1
U4283,171,FUSE2,12748.3,12748.3,14523.0,1774.7,1774.7,1035.4,0.583423,1,p:1.3.2.1.1.2
U4284,171,FUSE2,12790.3,12790.3,14597.0,1806.7,1806.7,1035.4,0.573089,1,p:2.1.5.2.2.1
U4285,171,FUSE2,12864.3,12864.3,14639.0,1774.7,1774.7,1035.4,0.583423,1,p:1.2.1.1.3.2
U4286,171,FUSE2,12906.3,12906.3,14722.2,1815.9,1815.9,1035.4,0.570186,1,p:2.3.4.2.1.1
U4287,171,FUSE2,12985.1,12985.1,14755.0,1769.9,1769.9,1035.4,0.585005,1,p:1.1.3.1.2.2
U4288,171,FUSE2,13022.3,13022.3,14838.2,1815.9,1815.9,1035.4,0.570186,1,p:2.2.2.2.3.1
U4289,171,FUSE2,13101.1,13101.1,14954.2,1853.1,1853.1,1035.4,0.558739,1,p:1.3.5.2.2.1
U4290,171,FUSE2,13143.1,13143.1,14877.0,1733.9,1733.9,1035.4,0.597151,1,p:2.1.1.1.1.2
U6179,247,FUSE0,13217.1,13217.1,14993.0,1775.9,1775.9,941.0,0.529872,1,p:1.2.4.1.3.2
U6180,247,FUSE0,13259.1,13259.1,15075.0,1815.9,1815.9,941.0,0.5182,1,p:2.3.3.2.1.1
U6181,247,FUSE0,13337.9,13337.9,15109.0,1771.1,1771.1,941.0,0.531308,1,p:1.1.2.1.2.2
U6182,247,FUSE0,13375.1,13375.1,15307.0,1931.9,1931.9,941.0,0.487085,1,p:2.2.4.2.2.1
U6183,247,FUSE0,13453.9,13453.9,15229.8,1775.9,1775.9,941.0,0.529872,1,p:1.3.5.1.1.2
U6184,247,FUSE0,13495.9,13495.9,15191.0,1695.1,1695.1,941.0,0.555129,1,p:2.1.1.2.3.1
U6185,247,FUSE0,13569.9,13569.9,15345.8,1775.9,1775.9,941.0,0.529872,1,p:1.2.3.1.3.2
U6186,247,FUSE0,13611.9,13611.9,15427.8,1815.9,1815.9,941.0,0.5182,1,p:2.3.2.2.1.1
U6187,247,FUSE0,13690.7,13690.7,15461.8,1771.1,1771.1,941.0,0.531308,1,p:1.1.4.1.2.2
U6188,247,FUSE0,13727.9,13727.9,15543.8,1815.9,1815.9,941.0,0.5182,1,p:2.2.5.2.3.1
U6189,247,FUSE1,13806.7,13806.7,15582.6,1775.9,1775.9,1003.0,0.564784,1,p:1.3.1.1.1.2
U6190,247,FUSE1,13848.7,13848.7,15659.8,1811.1,1811.1,1003.0,0.553807,1,p:2.1.3.2.2.1
U6191,247,FUSE1,13922.7,13922.7,15698.6,1775.9,1775.9,1003.0,0.564784,1,p:1.2.2.1.3.2
U6192,247,FUSE1,13964.7,13964.7,15780.6,1815.9,1815.9,1003.0,0.552343,1,p:2.3.4.2.1.1
U6193,247,FUSE1,14043.5,14043.5,15814.6,1771.1,1771.1,1003.0,0.566315,1,p:1.1.5.1.2.2
U6194,247,FUSE1,14080.7,14080.7,15896.6,1815.9,1815.9,1003.0,0.552343,1,p:2.2.1.2.3.1
U6195,247,FUSE1,14159.5,14159.5,15935.4,1775.9,1775.9,1003.0,0.564784,1,p:1.3.3.1.1.2
U6196,247,FUSE1,14201.5,14201.5,16012.6,1811.1,1811.1,1003.0,0.553807,1,p:2.1.2.2.2.1
U6197,247,FUSE1,14275.5,14275.5,16051.4,1775.9,1775.9,1003.0,0.564784,1,p:1.2.4.1.3.2
U6198,247,FUSE1,14317.5,14317.5,16133.4,1815.9,1815.9,1003.0,0.552343,1,p:2.3.5.2.1.1
U6199,247,FUSE2,14396.3,14396.3,16167.4,1771.1,1771.1,1035.4,0.584608,1,p:1.1.1.1.2.2
U6200,247,FUSE2,14433.5,14433.5,16249.4,1815.9,1815.9,1035.4,0.570186,1,p:2.2.3.2.3.1
U6201,247,FUSE2,14512.3,14512.3,16288.2,1775.9,1775.9,1035.4,0.583028,1,p:1.3.2.1.1.2
U6202,247,FUSE2,14554.3,14554.3,16365.4,1811.1,1811.1,1035.4,0.571697,1,p:2.1.4.2.2.1
U6203,247,FUSE2,14628.3,14628.3,16404.2,1775.9,1775.9,1035.4,0.583028,1,p:1.2.5.1.3.2
U6204,247,FUSE2,14670.3,14670.3,16486.2,1815.9,1815.9,1035.4,0.570186,1,p:2.3.1.2.1.1
U6205,247,FUSE2,14753.5,14753.5,16520.2,1766.7,1766.7,1035.4,0.586064,1,p:1.1.3.1.2.2
U6206,247,FUSE2,14786.3,14786.3,16602.2,1815.9,1815.9,1035.4,0.570186,1,p:2.2.2.2.3.1
U6207,247,FUSE2,14869.5,14869.5,16647.8,1778.3,1778.3,1035.4,0.582241,1,p:1.3.4.1.1.2
U6208,247,FUSE2,14908.3,14908.3,16718.2,1809.9,1809.9,1035.4,0.572076,1,p:2.1.5.2.2.1
U6209,247,FUSE2,14985.5,14985.5,16842.6,1857.1,1857.1,1035.4,0.557536,1,p:1.2.1.2.1.1
U6433,257,FUSE0,15024.3,15024.3,16763.8,1739.5,1739.5,941.0,0.54096,1,p:2.3.3.1.3.2
U6434,257,FUSE0,15106.3,15106.3,16879.8,1773.5,1773.5,941.0,0.530589,1,p:1.1.2.1.2.2
U6435,257,FUSE0,15140.3,15140.3,16958.6,1818.3,1818.3,941.0,0.517516,1,p:2.2.4.2.3.1
U6436,257,FUSE0,15222.3,15222.3,17000.6,1778.3,1778.3,941.0,0.529157,1,p:1.3.5.1.1.2
U6437,257,FUSE0,15261.1,15261.1,17074.6,1813.5,1813.5,941.0,0.518886,1,p:2.1.3.2.2.1
U6438,257,FUSE0,15338.3,15338.3,17116.6,1778.3,1778.3,941.0,0.529157,1,p:1.2.1.1.3.2
U6439,257,FUSE0,15377.1,15377.1,17195.4,1818.3,1818.3,941.0,0.517516,1,p:2.3.2.2.1.1
U6440,257,FUSE1,15459.1,15459.1,17232.6,1773.5,1773.5,1003.0,0.565548,1,p:1.1.4.1.2.2
U6441,257,FUSE1,15493.1,15493.1,17311.4,1818.3,1818.3,1003.0,0.551614,1,p:2.2.5.2.3.1
U6442,257,FUSE1,15575.1,15575.1,17353.4,1778.3,1778.3,1003.0,0.564022,1,p:1.3.3.1.1.2
U6443,257,FUSE1,15613.9,15613.9,17427.4,1813.5,1813.5,1003.0,0.553074,1,p:2.1.1.2.2.1
U6444,257,FUSE1,15691.1,15691.1,17469.4,1778.3,1778.3,1003.0,0.564022,1,p:1.2.2.1.3.2
U6445,257,FUSE1,15729.9,15729.9,17548.2,1818.3,1818.3,1003.0,0.551614,1,p:2.3.4.2.1.1
U6446,257,FUSE1,15811.9,15811.9,17585.4,1773.5,1773.5,1003.0,0.565548,1,p:1.1.5.1.2.2
U6447,257,FUSE2,15845.9,15845.9,17664.2,1818.3,1818.3,1035.4,0.569433,1,p:2.2.3.2.3.1
U6448,257,FUSE2,15927.9,15927.9,17706.2,1778.3,1778.3,1035.4,0.582241,1,p:1.3.1.1.1.2
U6449,257,FUSE2,15966.7,15966.7,17780.2,1813.5,1813.5,1035.4,0.57094,1,p:2.1.2.2.2.1
U6450,257,FUSE2,16043.9,16043.9,17822.2,1778.3,1778.3,1035.4,0.582241,1,p:1.2.4.1.3.2
U6451,257,FUSE2,16082.7,16082.7,17911.8,1829.1,1829.1,1035.4,0.566071,1,p:2.3.5.2.1.1
U6452,257,FUSE2,16164.7,16164.7,18027.8,1863.1,1863.1,1035.4,0.55574,1,p:1.1.3.2.3.1
U6453,257,FUSE2,16198.7,16198.7,18075.8,1877.1,1877.1,1035.4,0.551596,1,p:2.2.1.1.1.2
U2672,108,FUSE0,16280.7,16280.7,17938.2,1657.5,1657.5,941.0,0.567722,1,p:1.3.2.1.2.2
U2673,108,FUSE0,16319.5,16319.5,18143.8,1824.3,1824.3,941.0,0.515814,1,p:2.1.4.2.2.1
U2674,108,FUSE0,16396.7,16396.7,18191.8,1795.1,1795.1,941.0,0.524205,1,p:1.2.5.1.3.2
U2675,108,FUSE0,16435.5,16435.5,18270.6,1835.1,1835.1,941.0,0.512779,1,p:2.3.2.2.1.1
U2676,108,FUSE0,16517.5,16517.5,18307.8,1790.3,1790.3,941.0,0.52561,1,p:1.1.3.1.2.2
U2677,108,FUSE0,16551.5,16551.5,18386.6,1835.1,1835.1,941.0,0.512779,1,p:2.2.1.2.3.1
U2678,108,FUSE0,16633.5,16633.5,18428.6,1795.1,1795.1,941.0,0.524205,1,p:1.3.4.1.1.2
U2679,108,FUSE0,16679.1,16679.1,18502.6,1823.5,1823.5,941.0,0.516041,1,p:2.1.5.2.2.1
U2680,108,FUSE1,16749.5,16749.5,18544.6,1795.1,1795.1,1003.0,0.558743,1,p:1.2.2.1.3.2
U2681,108,FUSE1,16795.1,16795.1,18623.4,1828.3,1828.3,1003.0,0.548597,1,p:2.3.3.2.1.1
U2682,108,FUSE1,16873.9,16873.9,18660.6,1786.7,1786.7,1003.0,0.56137,1,p:1.1.1.1.2.2
U2683,108,FUSE1,16911.1,16911.1,18739.4,1828.3,1828.3,1003.0,0.548597,1,p:2.2.4.2.3.1
U2684,108,FUSE1,16989.9,16989.9,18781.4,1791.5,1791.5,1003.0,0.559866,1,p:1.3.5.1.1.2
U2685,108,FUSE1,17031.9,17031.9,18855.4,1823.5,1823.5,1003.0,0.550041,1,p:2.1.2.2.2.1
U2686,108,FUSE1,17105.9,17105.9,18897.4,1791.5,1791.5,1003.0,0.559866,1,p:1.2.3.1.3.2
U2687,108,FUSE1,17147.9,17147.9,18976.2,1828.3,1828.3,1003.0,0.548597,1,p:2.3.1.2.1.1
U2688,108,FUSE2,17226.7,17226.7,19013.4,1786.7,1786.7,1035.4,0.579504,1,p:1.1.4.1.2.2
U2689,108,FUSE2,17263.9,17263.9,19092.2,1828.3,1828.3,1035.4,0.566318,1,p:2.2.5.2.3.1
U2690,108,FUSE2,17342.7,17342.7,19134.2,1791.5,1791.5,1035.4,0.577951,1,p:1.3.2.1.1.2
U2691,108,FUSE2,17384.7,17384.7,19208.2,1823.5,1823.5,1035.4,0.567809,1,p:2.1.3.2.2.1
U2692,108,FUSE2,17458.7,17458.7,19250.2,1791.5,1791.5,1035.4,0.577951,1,p:1.2.1.1.3.2
U2693,108,FUSE2,17500.7,17500.7,19329.4,1828.7,1828.7,1035.4,0.566195,1,p:2.3.4.2.1.1
U2694,108,FUSE2,17579.5,17579.5,19366.2,1786.7,1786.7,1035.4,0.579504,1,p:1.1.5.1.2.2
U2695,108,FUSE2,17616.7,17616.7,19487.0,1870.3,1870.3,1035.4,0.553601,1,p:2.2.2.1.1.2
U2696,108,FUSE2,17695.5,17695.5,19561.4,1865.9,1865.9,1035.4,0.554906,1,p:1.3.3.2.2.1
U030,2,FUSE0,17737.5,17737.5,19445.4,1707.9,1707.9,941.0,0.550969,1,p:2.1.1.2.3.1
U031,2,FUSE0,17811.5,17811.5,19603.0,1791.5,1791.5,941.0,0.525258,1,p:1.2.4.1.3.2
U032,2,FUSE0,17853.5,17853.5,19682.2,1828.7,1828.7,941.0,0.514573,1,p:2.3.5.2.1.1
U033,2,FUSE0,17943.1,17943.1,19719.0,1775.9,1775.9,941.0,0.529872,1,p:1.1.1.1.2.2
U034,2,FUSE0,17969.5,17969.5,19798.2,1828.7,1828.7,941.0,0.514573,1,p:2.2.2.2.3.1
U035,2,FUSE0,18059.1,18059.1,19839.8,1780.7,1780.7,941.0,0.528444,1,p:1.3.3.1.1.2
U036,2,FUSE0,18107.1,18107.1,19914.2,1807.1,1807.1,941.0,0.520724,1,p:2.1.4.2.2.1
U037,2,FUSE0,18175.1,18175.1,19955.8,1780.7,1780.7,941.0,0.528444,1,p:1.2.5.1.3.2
U038,2,FUSE0,18223.1,18223.1,20035.0,1811.9,1811.9,941.0,0.519344,1,p:2.3.1.2.1.1
U039,2,FUSE1,18301.9,18301.9,20071.8,1769.9,1769.9,1003.0,0.566699,1,p:1.1.2.1.2.2
U040,2,FUSE1,18339.1,18339.1,20151.0,1811.9,1811.9,1003.0,0.553563,1,p:2.2.3.2.3.1
U041,2,FUSE1,18417.9,18417.9,20192.6,1774.7,1774.7,1003.0,0.565166,1,p:1.3.4.1.1.2
U042,2,FUSE1,18459.9,18459.9,20267.0,1807.1,1807.1,1003.0,0.555033,1,p:2.1.5.2.2.1
U043,2,FUSE1,18533.9,18533.9,20308.6,1774.7,1774.7,1003.0,0.565166,1,p:1.2.1.1.3.2
U044,2,FUSE1,18575.9,18575.9,20387.8,1811.9,1811.9,1003.0,0.553563,1,p:2.3.2.2.1.1
U045,2,FUSE1,18654.7,18654.7,20424.6,1769.9,1769.9,1003.0,0.566699,1,p:1.1.3.1.2.2
U046,2,FUSE1,18691.9,18691.9,20503.8,1811.9,1811.9,1003.0,0.553563,1,p:2.2.4.2.3.1
U047,2,FUSE1,18770.7,18770.7,20545.4,1774.7,1774.7,1003.0,0.565166,1,p:1.3.5.1.1.2
U048,2,FUSE2,18812.7,18812.7,20619.8,1807.1,1807.1,1035.4,0.572962,1,p:2.1.1.2.2.1
U049,2,FUSE2,18886.7,18886.7,20661.4,1774.7,1774.7,1035.4,0.583423,1,p:1.2.2.1.3.2
U050,2,FUSE2,18928.7,18928.7,20740.6,1811.9,1811.9,1035.4,0.571444,1,p:2.3.3.2.1.1
U051,2,FUSE2,19007.5,19007.5,20777.4,1769.9,1769.9,1035.4,0.585005,1,p:1.1.4.1.2.2
U052,2,FUSE2,19044.7,19044.7,20856.6,1811.9,1811.9,1035.4,0.571444,1,p:2.2.5.2.3.1
U053,2,FUSE2,19123.5,19123.5,20898.2,1774.7,1774.7,1035.4,0.583423,1,p:1.3.1.1.1.2
U054,2,FUSE2,19165.5,19165.5,20972.6,1807.1,1807.1,1035.4,0.572962,1,p:2.1.2.2.2.1
U055,2,FUSE2,19239.5,19239.5,21014.2,1774.7,1774.7,1035.4,0.583423,1,p:1.2.3.1.3.2
U056,2,FUSE2,19281.5,19281.5,21130.2,1848.7,1848.7,1035.4,0.560069,1,p:2.3.4.1.2.2
U4596,184,FUSE0,19360.7,19360.7,21093.4,1732.7,1732.7,941.0,0.543083,1,p:1.1.5.2.1.1
U4597,184,FUSE0,19397.5,19397.5,21209.4,1811.9,1811.9,941.0,0.519344,1,p:2.2.1.2.3.1
U4598,184,FUSE0,19476.7,19476.7,21251.0,1774.3,1774.3,941.0,0.53035,1,p:1.3.2.1.1.2
U4599,184,FUSE0,19518.3,19518.3,21325.4,1807.1,1807.1,941.0,0.520724,1,p:2.1.3.2.2.1
U4600,184,FUSE0,19592.7,19592.7,21367.0,1774.3,1774.3,941.0,0.53035,1,p:1.2.5.1.3.2
U4601,184,FUSE0,19634.3,19634.3,21446.2,1811.9,1811.9,941.0,0.519344,1,p:2.3.4.2.1.1
U4602,184,FUSE0,19713.5,19713.5,21483.0,1769.5,1769.5,941.0,0.531789,1,p:1.1.1.1.2.2
U4603,184,FUSE0,19750.3,19750.3,21562.2,1811.9,1811.9,941.0,0.519344,1,p:2.2.2.2.3.1
U4604,184,FUSE0,19829.5,19829.5,21603.8,1774.3,1774.3,941.0,0.53035,1,p:1.3.3.1.1.2
U4605,184,FUSE1,19871.1,19871.1,21678.2,1807.1,1807.1,1003.0,0.555033,1,p:2.1.5.2.2.1
U4606,184,FUSE1,19945.5,19945.5,21719.8,1774.3,1774.3,1003.0,0.565293,1,p:1.2.4.1.3.2
U4607,184,FUSE1,19987.1,19987.1,21799.0,1811.9,1811.9,1003.0,0.553563,1,p:2.3.1.2.1.1
U4608,184,FUSE1,20066.3,20066.3,21835.8,1769.5,1769.5,1003.0,0.566827,1,p:1.1.2.1.2.2
U4609,184,FUSE1,20103.1,20103.1,21915.0,1811.9,1811.9,1003.0,0.553563,1,p:2.2.3.2.3.1
U4610,184,FUSE1,20182.3,20182.3,21956.6,1774.3,1774.3,1003.0,0.565293,1,p:1.3.5.1.1.2
U4611,184,FUSE1,20223.9,20223.9,22031.0,1807.1,1807.1,1003.0,0.555033,1,p:2.1.4.2.2.1
U4612,184,FUSE1,20298.3,20298.3,22072.6,1774.3,1774.3,1003.0,0.565293,1,p:1.2.1.1.3.2
U4613,184,FUSE1,20339.9,20339.9,22151.8,1811.9,1811.9,1003.0,0.553563,1,p:2.3.2.2.1.1
U4614,184,FUSE2,20419.1,20419.1,22188.6,1769.5,1769.5,1035.4,0.585137,1,p:1.1.3.1.2.2
U4615,184,FUSE2,20455.9,20455.9,22267.8,1811.9,1811.9,1035.4,0.571444,1,p:2.2.5.2.3.1
U4616,184,FUSE2,20535.1,20535.1,22309.4,1774.3,1774.3,1035.4,0.583554,1,p:1.3.4.1.1.2
U4617,184,FUSE2,20576.7,20576.7,22383.8,1807.1,1807.1,1035.4,0.572962,1,p:2.1.1.2.2.1
U4618,184,FUSE2,20651.1,20651.1,22425.4,1774.3,1774.3,1035.4,0.583554,1,p:1.2.2.1.3.2
U4619,184,FUSE2,20692.7,20692.7,22504.6,1811.9,1811.9,1035.4,0.571444,1,p:2.3.3.2.1.1
U4620,184,FUSE2,20771.9,20771.9,22541.4,1769.5,1769.5,1035.4,0.585137,1,p:1.1.5.1.2.2
U4621,184,FUSE2,20808.7,20808.7,22620.6,1811.9,1811.9,1035.4,0.571444,1,p:2.2.4.2.3.1
U4622,184,FUSE2,20887.9,20887.9,22736.6,1848.7,1848.7,1035.4,0.560069,1,p:1.3.1.2.2.1
U2081,84,FUSE0,20929.5,20929.5,22689.0,1759.5,1759.5,941.0,0.534811,1,p:2.1.2.1.1.2
U2082,84,FUSE0,21003.9,21003.9,22805.0,1801.1,1801.1,941.0,0.522458,1,p:1.2.3.1.3.2
U2083,84,FUSE0,21045.5,21045.5,22883.8,1838.3,1838.3,941.0,0.511886,1,p:2.3.5.2.1.1
U2084,84,FUSE0,21124.7,21124.7,22921.0,1796.3,1796.3,941.0,0.523855,1,p:1.1.4.1.2.2
U2085,84,FUSE0,21161.5,21161.5,22999.8,1838.3,1838.3,941.0,0.511886,1,p:2.2.2.2.3.1
U2086,84,FUSE0,21240.7,21240.7,23041.8,1801.1,1801.1,941.0,0.522458,1,p:1.3.1.1.1.2
U2087,84,FUSE0,21282.3,21282.3,23115.8,1833.5,1833.5,941.0,0.513226,1,p:2.1.3.2.2.1
U2088,84,FUSE0,21356.7,21356.7,23157.8,1801.1,1801.1,941.0,0.522458,1,p:1.2.5.1.3.2
U2089,84,FUSE1,21398.3,21398.3,23236.6,1838.3,1838.3,1003.0,0.545613,1,p:2.3.4.2.1.1
U2090,84,FUSE1,21477.5,21477.5,23273.8,1796.3,1796.3,1003.0,0.55837,1,p:1.1.2.1.2.2
U2091,84,FUSE1,21514.3,21514.3,23352.6,1838.3,1838.3,1003.0,0.545613,1,p:2.2.1.2.3.1
U2092,84,FUSE1,21593.5,21593.5,23394.6,1801.1,1801.1,1003.0,0.556882,1,p:1.3.3.1.1.2
U2093,84,FUSE1,21635.1,21635.1,23468.6,1833.5,1833.5,1003.0,0.547041,1,p:2.1.5.2.2.1
U2094,84,FUSE1,21709.5,21709.5,23510.6,1801.1,1801.1,1003.0,0.556882,1,p:1.2.4.1.3.2
U2095,84,FUSE1,21751.1,21751.1,23589.4,1838.3,1838.3,1003.0,0.545613,1,p:2.3.2.2.1.1
U2096,84,FUSE1,21830.3,21830.3,23626.6,1796.3,1796.3,1003.0,0.55837,1,p:1.1.1.1.2.2
U2097,84,FUSE2,21867.1,21867.1,23705.4,1838.3,1838.3,1035.4,0.563238,1,p:2.2.3.2.3.1
U2098,84,FUSE2,21946.3,21946.3,23747.4,1801.1,1801.1,1035.4,0.574871,1,p:1.3.5.1.1.2
U2099,84,FUSE2,21987.9,21987.9,23821.4,1833.5,1833.5,1035.4,0.564712,1,p:2.1.4.2.2.1
U2100,84,FUSE2,22062.3,22062.3,23863.4,1801.1,1801.1,1035.4,0.574871,1,p:1.2.2.1.3.2
U2101,84,FUSE2,22103.9,22103.9,23945.0,1841.1,1841.1,1035.4,0.562381,1,p:2.3.1.2.1.1
U2102,84,FUSE2,22183.1,22183.1,23979.4,1796.3,1796.3,1035.4,0.576407,1,p:1.1.3.1.2.2
U2103,84,FUSE2,22219.9,22219.9,24061.0,1841.1,1841.1,1035.4,0.562381,1,p:2.2.5.2.3.1
U2104,84,FUSE2,22299.1,22299.1,24177.0,1877.9,1877.9,1035.4,0.551361,1,p:1.3.4.2.2.1
U2105,84,FUSE2,22340.7,22340.7,24216.2,1875.5,1875.5,1035.4,0.552066,1,p:2.1.2.1.3.2
U2326,94,FUSE0,22415.1,22415.1,24100.2,1685.1,1685.1,941.0,0.558424,1,p:1.2.1.1.1.2
U2327,94,FUSE0,22456.7,22456.7,24297.8,1841.1,1841.1,941.0,0.511107,1,p:2.3.3.2.1.1
U2328,94,FUSE0,22535.9,22535.9,24332.2,1796.3,1796.3,941.0,0.523855,1,p:1.1.5.1.2.2
U2329,94,FUSE0,22572.7,22572.7,24413.8,1841.1,1841.1,941.0,0.511107,1,p:2.2.1.2.3.1
U2330,94,FUSE0,22651.9,22651.9,24453.0,1801.1,1801.1,941.0,0.522458,1,p:1.3.4.1.1.2
U2331,94,FUSE0,22720.3,22720.3,24529.8,1809.5,1809.5,941.0,0.520033,1,p:2.1.2.2.2.1
U2332,94,FUSE0,22767.9,22767.9,24569.0,1801.1,1801.1,941.0,0.522458,1,p:1.2.3.1.3.2
U2333,94,FUSE0,22836.3,22836.3,24650.6,1814.3,1814.3,941.0,0.518657,1,p:2.3.5.2.1.1
U2334,94,FUSE1,22915.1,22915.1,24685.0,1769.9,1769.9,1003.0,0.566699,1,p:1.1.1.1.2.2
U2335,94,FUSE1,22952.3,22952.3,24766.6,1814.3,1814.3,1003.0,0.55283,1,p:2.2.4.2.3.1
U2336,94,FUSE1,23031.1,23031.1,24805.8,1774.7,1774.7,1003.0,0.565166,1,p:1.3.2.1.1.2
U2337,94,FUSE1,23073.1,23073.1,24882.6,1809.5,1809.5,1003.0,0.554297,1,p:2.1.3.2.2.1
U2338,94,FUSE1,23147.1,23147.1,24921.8,1774.7,1774.7,1003.0,0.565166,1,p:1.2.5.1.3.2
U2339,94,FUSE1,23189.1,23189.1,25003.4,1814.3,1814.3,1003.0,0.55283,1,p:2.3.1.2.1.1
U2340,94,FUSE1,23267.9,23267.9,25037.8,1769.9,1769.9,1003.0,0.566699,1,p:1.1.4.1.2.2
U2341,94,FUSE1,23305.1,23305.1,25119.4,1814.3,1814.3,1003.0,0.55283,1,p:2.2.2.2.3.1
U2342,94,FUSE2,23383.9,23383.9,25158.6,1774.7,1774.7,1035.4,0.583423,1,p:1.3.3.1.1.2
U2343,94,FUSE2,23425.9,23425.9,25235.4,1809.5,1809.5,1035.4,0.572202,1,p:2.1.5.2.2.1
U2344,94,FUSE2,23499.9,23499.9,25274.6,1774.7,1774.7,1035.4,0.583423,1,p:1.2.1.1.3.2
U2345,94,FUSE2,23541.9,23541.9,25358.2,1816.3,1816.3,1035.4,0.57006,1,p:2.3.4.2.1.1
U2346,94,FUSE2,23620.7,23620.7,25390.6,1769.9,1769.9,1035.4,0.585005,1,p:1.1.2.1.2.2
U2347,94,FUSE2,23657.9,23657.9,25474.2,1816.3,1816.3,1035.4,0.57006,1,p:2.2.3.2.3.1
U2348,94,FUSE2,23736.7,23736.7,25513.0,1776.3,1776.3,1035.4,0.582897,1,p:1.3.5.1.1.2
U2349,94,FUSE2,23778.7,23778.7,25629.0,1850.3,1850.3,1035.4,0.559585,1,p:2.1.1.1.3.2
U2350,94,FUSE2,23852.7,23852.7,25745.0,1892.3,1892.3,1035.4,0.547165,1,p:1.2.4.1.2.2
U3689,148,FUSE0,23894.7,23894.7,25590.2,1695.5,1695.5,941.0,0.554999,1,p:2.3.2.2.2.1
U3690,148,FUSE0,23976.3,23976.3,25730.2,1753.9,1753.9,941.0,0.536519,1,p:1.1.3.2.1.1
U3691,148,FUSE0,24010.7,24010.7,25846.2,1835.5,1835.5,941.0,0.512667,1,p:2.2.5.2.3.1
U3692,148,FUSE0,24092.3,24092.3,25885.0,1792.7,1792.7,941.0,0.524907,1,p:1.3.2.1.1.2
U3693,148,FUSE0,24131.5,24131.5,25962.2,1830.7,1830.7,941.0,0.514011,1,p:2.1.1.2.2.1
U3694,148,FUSE0,24208.3,24208.3,26001.0,1792.7,1792.7,941.0,0.524907,1,p:1.2.3.1.3.2
U3695,148,FUSE0,24247.5,24247.5,26083.0,1835.5,1835.5,941.0,0.512667,1,p:2.3.4.2.1.1
U3696,148,FUSE0,24329.1,24329.1,26117.0,1787.9,1787.9,941.0,0.526316,1,p:1.1.5.1.2.2
U3697,148,FUSE1,24363.5,24363.5,26199.0,1835.5,1835.5,1003.0,0.546445,1,p:2.2.2.2.3.1
U3698,148,FUSE1,24445.1,24445.1,26237.8,1792.7,1792.7,1003.0,0.559491,1,p:1.3.1.1.1.2
U3699,148,FUSE1,24484.3,24484.3,26315.0,1830.7,1830.7,1003.0,0.547878,1,p:2.1.3.2.2.1
U3700,148,FUSE1,24561.1,24561.1,26353.8,1792.7,1792.7,1003.0,0.559491,1,p:1.2.4.1.3.2
U3701,148,FUSE1,24600.3,24600.3,26435.8,1835.5,1835.5,1003.0,0.546445,1,p:2.3.5.2.1.1
U3702,148,FUSE1,24681.9,24681.9,26469.8,1787.9,1787.9,1003.0,0.560993,1,p:1.1.2.1.2.2
U3703,148,FUSE1,24716.3,24716.3,26551.8,1835.5,1835.5,1003.0,0.546445,1,p:2.2.1.2.3.1
U3704,148,FUSE1,24797.9,24797.9,26590.6,1792.7,1792.7,1003.0,0.559491,1,p:1.3.3.1.1.2
U3705,148,FUSE2,24837.1,24837.1,26667.8,1830.7,1830.7,1035.4,0.565576,1,p:2.1.4.2.2.1
U3706,148,FUSE2,24913.9,24913.9,26706.6,1792.7,1792.7,1035.4,0.577565,1,p:1.2.5.1.3.2
U3707,148,FUSE2,24953.1,24953.1,26822.6,1869.5,1869.5,1035.4,0.553838,1,p:2.3.2.1.2.2
U3708,148,FUSE2,25034.7,25034.7,26797.0,1762.3,1762.3,1035.4,0.587528,1,p:1.1.1.2.1.1
U3709,148,FUSE2,25069.1,25069.1,26913.0,1843.9,1843.9,1035.4,0.561527,1,p:2.2.3.2.3.1
U3710,148,FUSE2,25150.7,25150.7,26951.8,1801.1,1801.1,1035.4,0.574871,1,p:1.3.4.1.1.2
U3711,148,FUSE2,25189.9,25189.9,27029.0,1839.1,1839.1,1035.4,0.562993,1,p:2.1.5.2.2.1
U3712,148,FUSE2,25266.7,25266.7,27265.8,1999.1,1999.1,1035.4,0.517933,1,p:1.2.2.2.3.1
U1172,47,FUSE0,25305.9,25305.9,27067.8,1761.9,1761.9,941.0,0.534083,1,p:2.3.1.1.3.2
U1173,47,FUSE0,25389.5,25389.5,27149.8,1760.3,1760.3,941.0,0.534568,1,p:1.1.3.2.1.1
U1174,47,FUSE0,25421.9,25421.9,27183.8,1761.9,1761.9,941.0,0.534083,1,p:2.2.4.1.2.2
U1175,47,FUSE0,25505.5,25505.5,27304.6,1799.1,1799.1,941.0,0.523039,1,p:1.3.5.1.1.2
U1176,47,FUSE0,25544.3,25544.3,27381.8,1837.5,1837.5,941.0,0.512109,1,p:2.1.1.2.2.1
U1177,47,FUSE0,25621.5,25621.5,27420.6,1799.1,1799.1,941.0,0.523039,1,p:1.2.3.1.3.2
U1178,47,FUSE0,25660.3,25660.3,27502.6,1842.3,1842.3,941.0,0.510775,1,p:2.3.4.2.1.1
U1179,47,FUSE0,25761.5,25761.5,27536.6,1775.1,1775.1,941.0,0.530111,1,p:1.1.2.1.2.2
U1180,47,FUSE1,25776.3,25776.3,27618.6,1842.3,1842.3,1003.0,0.544428,1,p:2.2.5.2.3.1
U1181,47,FUSE1,25877.5,25877.5,27657.4,1779.9,1779.9,1003.0,0.563515,1,p:1.3.1.1.1.2
U1182,47,FUSE1,25916.3,25916.3,27734.6,1818.3,1818.3,1003.0,0.551614,1,p:2.1.3.2.2.1
U1183,47,FUSE1,25993.5,25993.5,27773.4,1779.9,1779.9,1003.0,0.563515,1,p:1.2.4.1.3.2
U1184,47,FUSE1,26032.3,26032.3,27855.4,1823.1,1823.1,1003.0,0.550162,1,p:2.3.2.2.1.1
U1185,47,FUSE1,26114.3,26114.3,27889.4,1775.1,1775.1,1003.0,0.565039,1,p:1.1.5.1.2.2
U1186,47,FUSE1,26148.3,26148.3,27971.4,1823.1,1823.1,1003.0,0.550162,1,p:2.2.1.2.3.1
U1187,47,FUSE1,26230.3,26230.3,28010.2,1779.9,1779.9,1003.0,0.563515,1,p:1.3.3.1.1.2
U1188,47,FUSE2,26269.1,26269.1,28087.4,1818.3,1818.3,1035.4,0.569433,1,p:2.1.4.2.2.1
U1189,47,FUSE2,26346.3,26346.3,28126.2,1779.9,1779.9,1035.4,0.581718,1,p:1.2.2.1.3.2
U1190,47,FUSE2,26385.1,26385.1,28208.2,1823.1,1823.1,1035.4,0.567934,1,p:2.3.5.2.1.1
U1191,47,FUSE2,26467.1,26467.1,28242.2,1775.1,1775.1,1035.4,0.583291,1,p:1.1.1.1.2.2
U1192,47,FUSE2,26501.1,26501.1,28324.2,1823.1,1823.1,1035.4,0.567934,1,p:2.2.3.2.3.1
U1193,47,FUSE2,26583.1,26583.1,28370.2,1787.1,1787.1,1035.4,0.579374,1,p:1.3.4.1.1.2
U1194,47,FUSE2,26621.9,26621.9,28440.2,1818.3,1818.3,1035.4,0.569433,1,p:2.1.2.2.2.1
U8094,324,FUSE0,26699.1,26699.1,28486.2,1787.1,1787.1,941.0,0.526551,1,p:1.2.5.1.3.2
U8095,324,FUSE0,26737.9,26737.9,28565.0,1827.1,1827.1,941.0,0.515024,1,p:2.3.1.2.1.1
U8096,324,FUSE0,26828.3,26828.3,28602.2,1773.9,1773.9,941.0,0.53047,1,p:1.1.3.1.2.2
U8097,324,FUSE0,26853.9,26853.9,28681.0,1827.1,1827.1,941.0,0.515024,1,p:2.2.4.2.3.1
U8098,324,FUSE0,26944.3,26944.3,28723.0,1778.7,1778.7,941.0,0.529038,1,p:1.3.2.1.1.2
U8099,324,FUSE0,26983.1,26983.1,28797.0,1813.9,1813.9,941.0,0.518772,1,p:2.1.5.2.2.1
U8100,324,FUSE0,27060.3,27060.3,28839.0,1778.7,1778.7,941.0,0.529038,1,p:1.2.1.1.3.2
U8101,324,FUSE0,27099.1,27099.1,28917.8,1818.7,1818.7,941.0,0.517403,1,p:2.3.3.2.1.1
U8102,324,FUSE0,27181.1,27181.1,28955.0,1773.9,1773.9,941.0,0.53047,1,p:1.1.4.1.2.2
U8103,324,FUSE0,27215.1,27215.1,29033.8,1818.7,1818.7,941.0,0.517403,1,p:2.2.2.2.3.1
U8104,324,FUSE1,27297.1,27297.1,29075.8,1778.7,1778.7,1003.0,0.563895,1,p:1.3.5.1.1.2
U8105,324,FUSE1,27335.9,27335.9,29149.8,1813.9,1813.9,1003.0,0.552952,1,p:2.1.1.2.2.1
U8106,324,FUSE1,27413.1,27413.1,29191.8,1778.7,1778.7,1003.0,0.563895,1,p:1.2.3.1.3.2
U8107,324,FUSE1,27451.9,27451.9,29270.6,1818.7,1818.7,1003.0,0.551493,1,p:2.3.4.2.1.1
U8108,324,FUSE1,27533.9,27533.9,29307.8,1773.9,1773.9,1003.0,0.565421,1,p:1.1.2.1.2.2
U8109,324,FUSE1,27567.9,27567.9,29386.6,1818.7,1818.7,1003.0,0.551493,1,p:2.2.5.2.3.1
U8110,324,FUSE1,27649.9,27649.9,29428.6,1778.7,1778.7,1003.0,0.563895,1,p:1.3.1.1.1.2
U8111,324,FUSE1,27688.7,27688.7,29502.6,1813.9,1813.9,1003.0,0.552952,1,p:2.1.3.2.2.1
U8112,324,FUSE1,27765.9,27765.9,29544.6,1778.7,1778.7,1003.0,0.563895,1,p:1.2.4.1.3.2
U8113,324,FUSE2,27804.7,27804.7,29623.4,1818.7,1818.7,1035.4,0.569308,1,p:2.3.2.2.1.1
U8114,324,FUSE2,27886.7,27886.7,29660.6,1773.9,1773.9,1035.4,0.583686,1,p:1.1.5.1.2.2
U8115,324,FUSE2,27920.7,27920.7,29739.4,1818.7,1818.7,1035.4,0.569308,1,p:2.2.1.2.3.1
U8116,324,FUSE2,28002.7,28002.7,29781.4,1778.7,1778.7,1035.4,0.582111,1,p:1.3.3.1.1.2
U8117,324,FUSE2,28041.5,28041.5,29855.4,1813.9,1813.9,1035.4,0.570814,1,p:2.1.4.2.2.1
U8118,324,FUSE2,28118.7,28118.7,29897.4,1778.7,1778.7,1035.4,0.582111,1,p:1.2.2.1.3.2
U8119,324,FUSE2,28157.5,28157.5,29976.2,1818.7,1818.7,1035.4,0.569308,1,p:2.3.5.2.1.1
U8120,324,FUSE2,28239.5,28239.5,30013.4,1773.9,1773.9,1035.4,0.583686,1,p:1.1.1.1.2.2
U8121,324,FUSE2,28273.5,28273.5,30092.2,1818.7,1818.7,1035.4,0.569308,1,p:2.2.3.2.3.1
U8122,324,FUSE2,28355.5,28355.5,30208.2,1852.7,1852.7,1035.4,0.55886,1,p:1.3.4.2.2.1
U461,19,FUSE0,28401.5,28401.5,30134.2,1732.7,1732.7,941.0,0.543083,1,p:2.1.2.1.1.2
U462,19,FUSE0,28471.5,28471.5,30250.2,1778.7,1778.7,941.0,0.529038,1,p:1.2.5.1.3.2
U463,19,FUSE0,28517.5,28517.5,30329.0,1811.5,1811.5,941.0,0.519459,1,p:2.3.1.2.1.1
U464,19,FUSE0,28596.3,28596.3,30366.2,1769.9,1769.9,941.0,0.531668,1,p:1.1.3.1.2.2
U465,19,FUSE0,28633.5,28633.5,30445.0,1811.5,1811.5,941.0,0.519459,1,p:2.2.2.2.3.1
U466,19,FUSE0,28712.3,28712.3,30487.0,1774.7,1774.7,941.0,0.53023,1,p:1.3.4.1.1.2
U467,19,FUSE0,28754.3,28754.3,30561.0,1806.7,1806.7,941.0,0.520839,1,p:2.1.5.2.2.1
U468,19,FUSE0,28828.3,28828.3,30603.0,1774.7,1774.7,941.0,0.53023,1,p:1.2.1.1.3.2
U469,19,FUSE1,28870.3,28870.3,30681.8,1811.5,1811.5,1003.0,0.553685,1,p:2.3.3.2.1.1
U470,19,FUSE1,28949.1,28949.1,30719.0,1769.9,1769.9,1003.0,0.566699,1,p:1.1.2.1.2.2
U471,19,FUSE1,28986.3,28986.3,30797.8,1811.5,1811.5,1003.0,0.553685,1,p:2.2.4.2.3.1
U472,19,FUSE1,29065.1,29065.1,30839.8,1774.7,1774.7,1003.0,0.565166,1,p:1.3.5.1.1.2
U473,19,FUSE1,29107.1,29107.1,30913.8,1806.7,1806.7,1003.0,0.555156,1,p:2.1.1.2.2.1
U474,19,FUSE1,29181.1,29181.1,30955.8,1774.7,1774.7,1003.0,0.565166,1,p:1.2.3.1.3.2
U475,19,FUSE1,29223.1,29223.1,31034.6,1811.5,1811.5,1003.0,0.553685,1,p:2.3.2.2.1.1
U476,19,FUSE1,29301.9,29301.9,31071.8,1769.9,1769.9,1003.0,0.566699,1,p:1.1.4.1.2.2
U477,19,FUSE2,29339.1,29339.1,31150.6,1811.5,1811.5,1035.4,0.571571,1,p:2.2.5.2.3.1
U478,19,FUSE2,29417.9,29417.9,31192.6,1774.7,1774.7,1035.4,0.583423,1,p:1.3.1.1.1.2
U479,19,FUSE2,29459.9,29459.9,31266.6,1806.7,1806.7,1035.4,0.573089,1,p:2.1.3.2.2.1
U480,19,FUSE2,29533.9,29533.9,31308.6,1774.7,1774.7,1035.4,0.583423,1,p:1.2.2.1.3.2
U481,19,FUSE2,29575.9,29575.9,31387.4,1811.5,1811.5,1035.4,0.571571,1,p:2.3.4.2.1.1
U482,19,FUSE2,29654.7,29654.7,31424.6,1769.9,1769.9,1035.4,0.585005,1,p:1.1.5.1.2.2
U483,19,FUSE2,29691.9,29691.9,31545.4,1853.5,1853.5,1035.4,0.558619,1,p:2.2.1.1.1.2
U7750,310,FUSE0,29770.7,29770.7,31503.4,1732.7,1732.7,941.0,0.543083,1,p:1.3.3.2.3.1
U7751,310,FUSE0,29812.7,29812.7,31619.4,1806.7,1806.7,941.0,0.520839,1,p:2.1.2.2.2.1
U7752,310,FUSE0,29886.7,29886.7,31661.4,1774.7,1774.7,941.0,0.53023,1,p:1.2.4.1.3.2
U7753,310,FUSE0,29928.7,29928.7,31740.2,1811.5,1811.5,941.0,0.519459,1,p:2.3.5.2.1.1
U7754,310,FUSE0,30007.5,30007.5,31777.4,1769.9,1769.9,941.0,0.531668,1,p:1.1.3.1.2.2
U7755,310,FUSE0,30044.7,30044.7,31856.2,1811.5,1811.5,941.0,0.519459,1,p:2.2.1.2.3.1
U7756,310,FUSE0,30123.5,30123.5,31898.2,1774.7,1774.7,941.0,0.53023,1,p:1.3.2.1.1.2
U7757,310,FUSE0,30165.5,30165.5,31972.2,1806.7,1806.7,941.0,0.520839,1,p:2.1.4.2.2.1
U7758,310,FUSE1,30239.5,30239.5,32014.2,1774.7,1774.7,1003.0,0.565166,1,p:1.2.5.1.3.2
U7759,310,FUSE1,30281.5,30281.5,32093.0,1811.5,1811.5,1003.0,0.553685,1,p:2.3.3.2.1.1
U7760,310,FUSE1,30360.3,30360.3,32130.2,1769.9,1769.9,1003.0,0.566699,1,p:1.1.1.1.2.2
U7761,310,FUSE1,30397.5,30397.5,32209.0,1811.5,1811.5,1003.0,0.553685,1,p:2.2.2.2.3.1
U7762,310,FUSE1,30476.3,30476.3,32251.0,1774.7,1774.7,1003.0,0.565166,1,p:1.3.4.1.1.2
U7763,310,FUSE1,30518.3,30518.3,32325.0,1806.7,1806.7,1003.0,0.555156,1,p:2.1.5.2.2.1
U7764,310,FUSE1,30592.3,30592.3,32367.0,1774.7,1774.7,1003.0,0.565166,1,p:1.2.3.1.3.2
U7765,310,FUSE1,30634.3,30634.3,32445.8,1811.5,1811.5,1003.0,0.553685,1,p:2.3.1.2.1.1
U7766,310,FUSE2,30713.1,30713.1,32483.0,1769.9,1769.9,1035.4,0.585005,1,p:1.1.2.1.2.2
U7767,310,FUSE2,30750.3,30750.3,32561.8,1811.5,1811.5,1035.4,0.571571,1,p:2.2.4.2.3.1
U7768,310,FUSE2,30829.1,30829.1,32606.6,1777.5,1777.5,1035.4,0.582504,1,p:1.3.5.1.1.2
U7769,310,FUSE2,30871.1,30871.1,32677.8,1806.7,1806.7,1035.4,0.573089,1,p:2.1.3.2.2.1
U7770,310,FUSE2,30945.1,30945.1,32722.6,1777.5,1777.5,1035.4,0.582504,1,p:1.2.1.1.3.2
U7771,310,FUSE2,30987.1,30987.1,32815.4,1828.3,1828.3,1035.4,0.566318,1,p:2.3.2.2.1.1
U7772,310,FUSE2,31065.9,31065.9,32838.6,1772.7,1772.7,1035.4,0.584081,1,p:1.1.4.1.2.2
U7773,310,FUSE2,31103.1,31103.1,32970.2,1867.1,1867.1,1035.4,0.55455,1,p:2.2.5.1.1.2
U7774,310,FUSE2,31181.9,31181.9,33086.2,1904.3,1904.3,1035.4,0.543717,1,p:1.3.3.1.3.2
U7211,288,FUSE0,31223.9,31223.9,32931.4,1707.5,1707.5,941.0,0.551098,1,p:2.1.1.2.3.1
U7212,288,FUSE0,31297.9,31297.9,33047.4,1749.5,1749.5,941.0,0.537868,1,p:1.2.2.2.2.1
U7213,288,FUSE0,31339.9,31339.9,33168.2,1828.3,1828.3,941.0,0.514686,1,p:2.3.4.2.1.1
U7214,288,FUSE0,31418.7,31418.7,33202.2,1783.5,1783.5,941.0,0.527614,1,p:1.1.5.1.2.2
U7215,288,FUSE0,31455.9,31455.9,33284.2,1828.3,1828.3,941.0,0.514686,1,p:2.2.1.2.3.1
U7216,288,FUSE0,31534.7,31534.7,33323.0,1788.3,1788.3,941.0,0.526198,1,p:1.3.2.1.1.2
U7217,288,FUSE0,31576.7,31576.7,33400.2,1823.5,1823.5,941.0,0.516041,1,p:2.1.3.2.2.1
U7218,288,FUSE0,31650.7,31650.7,33439.0,1788.3,1788.3,941.0,0.526198,1,p:1.2.4.1.3.2
U7219,288,FUSE1,31692.7,31692.7,33521.0,1828.3,1828.3,1003.0,0.548597,1,p:2.3.5.2.1.1
U7220,288,FUSE1,31771.5,31771.5,33555.0,1783.5,1783.5,1003.0,0.562377,1,p:1.1.1.1.2.2
U7221,288,FUSE1,31808.7,31808.7,33637.0,1828.3,1828.3,1003.0,0.548597,1,p:2.2.2.2.3.1
U7222,288,FUSE1,31887.5,31887.5,33675.8,1788.3,1788.3,1003.0,0.560868,1,p:1.3.3.1.1.2
U7223,288,FUSE1,31929.5,31929.5,33753.0,1823.5,1823.5,1003.0,0.550041,1,p:2.1.4.2.2.1
U7224,288,FUSE1,32003.5,32003.5,33791.8,1788.3,1788.3,1003.0,0.560868,1,p:1.2.5.1.3.2
U7225,288,FUSE1,32045.5,32045.5,33873.8,1828.3,1828.3,1003.0,0.548597,1,p:2.3.1.2.1.1
U7226,288,FUSE1,32124.3,32124.3,33907.8,1783.5,1783.5,1003.0,0.562377,1,p:1.1.2.1.2.2
U7227,288,FUSE2,32161.5,32161.5,33989.8,1828.3,1828.3,1035.4,0.566318,1,p:2.2.3.2.3.1
U7228,288,FUSE2,32240.3,32240.3,34034.6,1794.3,1794.3,1035.4,0.57705,1,p:1.3.4.1.1.2
U7229,288,FUSE2,32282.3,32282.3,34150.6,1868.3,1868.3,1035.4,0.554194,1,p:2.1.5.1.3.2
U7230,288,FUSE2,32356.3,32356.3,34105.8,1749.5,1749.5,1035.4,0.591826,1,p:1.2.1.2.2.1
U7231,288,FUSE2,32398.3,32398.3,34229.4,1831.1,1831.1,1035.4,0.565452,1,p:2.3.2.2.1.1
U7232,288,FUSE2,32477.1,32477.1,34266.6,1789.5,1789.5,1035.4,0.578597,1,p:1.1.3.1.2.2
U7233,288,FUSE2,32514.3,32514.3,34345.4,1831.1,1831.1,1035.4,0.565452,1,p:2.2.4.2.3.1
U4008,161,FUSE0,32593.1,32593.1,34387.4,1794.3,1794.3,941.0,0.524438,1,p:1.3.5.1.1.2
U4009,161,FUSE0,32637.9,32637.9,34461.4,1823.5,1823.5,941.0,0.516041,1,p:2.1.1.2.2.1
U4010,161,FUSE0,32709.1,32709.1,34503.4,1794.3,1794.3,941.0,0.524438,1,p:1.2.2.1.3.2
U4011,161,FUSE0,32753.9,32753.9,34582.2,1828.3,1828.3,941.0,0.514686,1,p:2.3.3.2.1.1
U4012,161,FUSE0,32846.7,32846.7,34619.4,1772.7,1772.7,941.0,0.530829,1,p:1.1.4.1.2.2
U4013,161,FUSE0,32869.9,32869.9,34698.2,1828.3,1828.3,941.0,0.514686,1,p:2.2.5.2.3.1
U4014,161,FUSE0,32962.7,32962.7,34740.2,1777.5,1777.5,941.0,0.529395,1,p:1.3.1.1.1.2
U4015,161,FUSE1,33001.5,33001.5,34814.2,1812.7,1812.7,1003.0,0.553318,1,p:2.1.2.2.2.1
U4016,161,FUSE1,33078.7,33078.7,34856.2,1777.5,1777.5,1003.0,0.564276,1,p:1.2.3.1.3.2
U4017,161,FUSE1,33117.5,33117.5,34935.0,1817.5,1817.5,1003.0,0.551857,1,p:2.3.4.2.1.1
U4018,161,FUSE1,33199.5,33199.5,34972.2,1772.7,1772.7,1003.0,0.565804,1,p:1.1.5.1.2.2
U4019,161,FUSE1,33233.5,33233.5,35051.0,1817.5,1817.5,1003.0,0.551857,1,p:2.2.1.2.3.1
U4020,161,FUSE1,33315.5,33315.5,35093.0,1777.5,1777.5,1003.0,0.564276,1,p:1.3.2.1.1.2
U4021,161,FUSE1,33354.3,33354.3,35167.0,1812.7,1812.7,1003.0,0.553318,1,p:2.1.3.2.2.1
U4022,161,FUSE2,33431.5,33431.5,35209.0,1777.5,1777.5,1035.4,0.582504,1,p:1.2.4.1.3.2
U4023,161,FUSE2,33470.3,33470.3,35288.2,1817.9,1817.9,1035.4,0.569558,1,p:2.3.5.2.1.1
U4024,161,FUSE2,33552.3,33552.3,35325.0,1772.7,1772.7,1035.4,0.584081,1,p:1.1.1.1.2.2
U4025,161,FUSE2,33586.3,33586.3,35404.2,1817.9,1817.9,1035.4,0.569558,1,p:2.2.2.2.3.1
U4026,161,FUSE2,33668.3,33668.3,35445.8,1777.5,1777.5,1035.4,0.582504,1,p:1.3.3.1.1.2
U4027,161,FUSE2,33707.1,33707.1,35520.2,1813.1,1813.1,1035.4,0.571066,1,p:2.1.4.2.2.1
U4028,161,FUSE2,33784.3,33784.3,35677.8,1893.5,1893.5,1035.4,0.546818,1,p:1.2.5.1.2.2
U4029,161,FUSE2,33823.1,33823.1,35641.0,1817.9,1817.9,1035.4,0.569558,1,p:2.3.1.2.1.1
U8070,323,FUSE0,33905.1,33905.1,35561.8,1656.7,1656.7,941.0,0.567997,1,p:1.1.2.1.3.2
U8071,323,FUSE0,33939.1,33939.1,35757.0,1817.9,1817.9,941.0,0.51763,1,p:2.2.3.2.3.1
U8072,323,FUSE0,34021.1,34021.1,35830.6,1809.5,1809.5,941.0,0.520033,1,p:1.3.4.1.1.2
U8073,323,FUSE0,34065.9,34065.9,36025.4,1959.5,1959.5,941.0,0.480225,1,p:2.1.5.2.1.1
U8074,323,FUSE0,34137.1,34137.1,35946.6,1809.5,1809.5,941.0,0.520033,1,p:1.2.1.1.3.2
U8075,323,FUSE0,34181.9,34181.9,35873.0,1691.1,1691.1,941.0,0.556443,1,p:2.3.2.2.2.1
U8076,323,FUSE0,34260.7,34260.7,36062.6,1801.9,1801.9,941.0,0.522227,1,p:1.1.3.1.2.2
U8077,323,FUSE0,34297.9,34297.9,36141.4,1843.5,1843.5,941.0,0.510442,1,p:2.2.4.2.3.1
U8078,323,FUSE1,34376.7,34376.7,36299.4,1922.7,1922.7,1003.0,0.521662,1,p:1.3.5.1.3.2
U8079,323,FUSE1,34418.7,34418.7,36257.4,1838.7,1838.7,1003.0,0.545494,1,p:2.1.1.2.2.1
U8080,323,FUSE1,34492.7,34492.7,36183.4,1690.7,1690.7,1003.0,0.593245,1,p:1.2.2.1.1.2
U8081,323,FUSE1,34534.7,34534.7,36378.2,1843.5,1843.5,1003.0,0.544074,1,p:2.3.3.2.1.1
U8082,323,FUSE1,34613.5,34613.5,36415.4,1801.9,1801.9,1003.0,0.556635,1,p:1.1.4.1.2.2
U8083,323,FUSE1,34650.7,34650.7,36610.2,1959.5,1959.5,1003.0,0.511865,1,p:2.2.5.2.2.1
U8084,323,FUSE1,34729.5,34729.5,36536.2,1806.7,1806.7,1003.0,0.555156,1,p:1.3.1.1.1.2
U8085,323,FUSE1,34771.5,34771.5,36494.2,1722.7,1722.7,1003.0,0.582226,1,p:2.1.2.2.3.1
U8086,323,FUSE2,34845.5,34845.5,36652.2,1806.7,1806.7,1035.4,0.573089,1,p:1.2.3.1.3.2
U8087,323,FUSE2,34887.5,34887.5,36731.0,1843.5,1843.5,1035.4,0.561649,1,p:2.3.4.2.1.1
U8088,323,FUSE2,34966.3,34966.3,36905.8,1939.5,1939.5,1035.4,0.533849,1,p:1.1.5.1.1.2
U8089,323,FUSE2,35003.5,35003.5,36847.0,1843.5,1843.5,1035.4,0.561649,1,p:2.2.1.2.3.1
U8090,323,FUSE2,35082.3,35082.3,36768.2,1685.9,1685.9,1035.4,0.614153,1,p:1.3.2.1.2.2
U8091,323,FUSE2,35124.3,35124.3,36963.0,1838.7,1838.7,1035.4,0.563115,1,p:2.1.3.2.2.1
U8092,323,FUSE2,35198.3,35198.3,37021.8,1823.5,1823.5,1035.4,0.567809,1,p:1.2.4.1.3.2
U8093,323,FUSE2,35240.3,35240.3,37216.6,1976.3,1976.3,1035.4,0.523908,1,p:2.3.5.2.3.1
U8651,347,FUSE0,35319.5,35319.5,37100.6,1781.1,1781.1,941.0,0.528325,1,p:1.1.1.2.1.1
U8652,347,FUSE0,35356.3,35356.3,37137.8,1781.5,1781.5,941.0,0.528207,1,p:2.2.2.1.2.2
U8653,347,FUSE0,35435.5,35435.5,37258.6,1823.1,1823.1,941.0,0.516154,1,p:1.3.3.1.1.2
U8654,347,FUSE0,35477.1,35477.1,37332.6,1855.5,1855.5,941.0,0.507141,1,p:2.1.4.2.2.1
U8655,347,FUSE0,35551.5,35551.5,37374.6,1823.1,1823.1,941.0,0.516154,1,p:1.2.1.1.3.2
U8656,347,FUSE0,35593.1,35593.1,37453.4,1860.3,1860.3,941.0,0.505832,1,p:2.3.2.2.1.1
U8657,347,FUSE0,35672.3,35672.3,37490.6,1818.3,1818.3,941.0,0.517516,1,p:1.1.5.1.2.2
U8658,347,FUSE0,35709.1,35709.1,37569.4,1860.3,1860.3,941.0,0.505832,1,p:2.2.3.2.3.1
U8659,347,FUSE0,35788.3,35788.3,37611.4,1823.1,1823.1,941.0,0.516154,1,p:1.3.4.1.1.2
U8660,347,FUSE0,35861.9,35861.9,37685.4,1823.5,1823.5,941.0,0.516041,1,p:2.1.1.2.2.1
U8661,347,FUSE0,35904.3,35904.3,37727.4,1823.1,1823.1,941.0,0.516154,1,p:1.2.2.1.3.2
U8662,347,FUSE1,35977.9,35977.9,37806.2,1828.3,1828.3,1003.0,0.548597,1,p:2.3.5.2.1.1
U8663,347,FUSE1,36056.7,36056.7,37843.4,1786.7,1786.7,1003.0,0.56137,1,p:1.1.3.1.2.2
U8664,347,FUSE1,36093.9,36093.9,37922.2,1828.3,1828.3,1003.0,0.548597,1,p:2.2.4.2.3.1
U8665,347,FUSE1,36172.7,36172.7,37964.2,1791.5,1791.5,1003.0,0.559866,1,p:1.3.1.1.1.2
U8666,347,FUSE1,36214.7,36214.7,38038.2,1823.5,1823.5,1003.0,0.550041,1,p:2.1.2.2.2.1
U8667,347,FUSE1,36288.7,36288.7,38080.2,1791.5,1791.5,1003.0,0.559866,1,p:1.2.5.1.3.2
U8668,347,FUSE1,36330.7,36330.7,38159.0,1828.3,1828.3,1003.0,0.548597,1,p:2.3.3.2.1.1
U8669,347,FUSE1,36409.5,36409.5,38196.2,1786.7,1786.7,1003.0,0.56137,1,p:1.1.4.1.2.2
U8670,347,FUSE1,36446.7,36446.7,38275.0,1828.3,1828.3,1003.0,0.548597,1,p:2.2.1.2.3.1
U8671,347,FUSE1,36525.5,36525.5,38317.0,1791.5,1791.5,1003.0,0.559866,1,p:1.3.2.1.1.2
U8672,347,FUSE1,36567.5,36567.5,38391.0,1823.5,1823.5,1003.0,0.550041,1,p:2.1.5.2.2.1
U8673,347,FUSE2,36641.5,36641.5,38433.0,1791.5,1791.5,1035.4,0.577951,1,p:1.2.3.1.3.2
U8674,347,FUSE2,36683.5,36683.5,38511.8,1828.3,1828.3,1035.4,0.566318,1,p:2.3.4.2.1.1
U8675,347,FUSE2,36762.3,36762.3,38549.0,1786.7,1786.7,1035.4,0.579504,1,p:1.1.1.1.2.2
U8676,347,FUSE2,36799.5,36799.5,38627.8,1828.3,1828.3,1035.4,0.566318,1,p:2.2.2.2.3.1
U8677,347,FUSE2,36878.3,36878.3,38669.8,1791.5,1791.5,1035.4,0.577951,1,p:1.3.5.1.1.2
U8678,347,FUSE2,36937.1,36937.1,38743.8,1806.7,1806.7,1035.4,0.573089,1,p:2.1.3.2.2.1
U8679,347,FUSE2,36994.3,36994.3,38785.8,1791.5,1791.5,1035.4,0.577951,1,p:1.2.4.1.3.2
U8680,347,FUSE2,37053.1,37053.1,38864.6,1811.5,1811.5,1035.4,0.571571,1,p:2.3.1.2.1.1
U8681,347,FUSE2,37131.9,37131.9,38901.8,1769.9,1769.9,1035.4,0.585005,1,p:1.1.2.1.2.2
U8682,347,FUSE2,37169.1,37169.1,39022.6,1853.5,1853.5,1035.4,0.558619,1,p:2.2.5.1.1.2
U4440,178,FUSE0,37247.9,37247.9,38980.6,1732.7,1732.7,941.0,0.543083,1,p:1.3.3.2.3.1
U4441,178,FUSE0,37289.9,37289.9,39096.6,1806.7,1806.7,941.0,0.520839,1,p:2.1.4.2.2.1
U4442,178,FUSE0,37363.9,37363.9,39138.6,1774.7,1774.7,941.0,0.53023,1,p:1.2.1.1.3.2
U4443,178,FUSE0,37405.9,37405.9,39217.4,1811.5,1811.5,941.0,0.519459,1,p:2.3.2.2.1.1
U4444,178,FUSE0,37484.7,37484.7,39254.6,1769.9,1769.9,941.0,0.531668,1,p:1.1.3.1.2.2
U4445,178,FUSE0,37521.9,37521.9,39333.4,1811.5,1811.5,941.0,0.519459,1,p:2.2.5.2.3.1
U4446,178,FUSE0,37600.7,37600.7,39375.4,1774.7,1774.7,941.0,0.53023,1,p:1.3.4.1.1.2
U4447,178,FUSE0,37642.7,37642.7,39449.4,1806.7,1806.7,941.0,0.520839,1,p:2.1.1.2.2.1
U4448,178,FUSE1,37716.7,37716.7,39491.4,1774.7,1774.7,1003.0,0.565166,1,p:1.2.2.1.3.2
U4449,178,FUSE1,37758.7,37758.7,39570.2,1811.5,1811.5,1003.0,0.553685,1,p:2.3.3.2.1.1
U4450,178,FUSE1,37837.5,37837.5,39607.4,1769.9,1769.9,1003.0,0.566699,1,p:1.1.5.1.2.2
U4451,178,FUSE1,37874.7,37874.7,39686.2,1811.5,1811.5,1003.0,0.553685,1,p:2.2.4.2.3.1
U4452,178,FUSE1,37953.5,37953.5,39728.2,1774.7,1774.7,1003.0,0.565166,1,p:1.3.1.1.1.2
U4453,178,FUSE1,37995.5,37995.5,39802.2,1806.7,1806.7,1003.0,0.555156,1,p:2.1.2.2.2.1
U4454,178,FUSE1,38069.5,38069.5,39844.2,1774.7,1774.7,1003.0,0.565166,1,p:1.2.3.1.3.2
U4455,178,FUSE1,38111.5,38111.5,39923.0,1811.5,1811.5,1003.0,0.553685,1,p:2.3.5.2.1.1
U4456,178,FUSE2,38190.3,38190.3,39960.2,1769.9,1769.9,1035.4,0.585005,1,p:1.1.4.1.2.2
U4457,178,FUSE2,38227.5,38227.5,40039.0,1811.5,1811.5,1035.4,0.571571,1,p:2.2.1.2.3.1
U4458,178,FUSE2,38306.3,38306.3,40081.0,1774.7,1774.7,1035.4,0.583423,1,p:1.3.2.1.1.2
U4459,178,FUSE2,38348.3,38348.3,40155.0,1806.7,1806.7,1035.4,0.573089,1,p:2.1.3.2.2.1
U4460,178,FUSE2,38422.3,38422.3,40197.0,1774.7,1774.7,1035.4,0.583423,1,p:1.2.5.1.3.2
U4461,178,FUSE2,38464.3,38464.3,40275.8,1811.5,1811.5,1035.4,0.571571,1,p:2.3.4.2.1.1
U4462,178,FUSE2,38543.1,38543.1,40313.0,1769.9,1769.9,1035.4,0.585005,1,p:1.1.1.1.2.2
U4463,178,FUSE2,38580.3,38580.3,40391.8,1811.5,1811.5,1035.4,0.571571,1,p:2.2.2.2.3.1
U6951,278,FUSE0,38659.1,38659.1,40433.8,1774.7,1774.7,941.0,0.53023,1,p:1.3.3.1.1.2
U6952,278,FUSE0,38701.1,38701.1,40507.8,1806.7,1806.7,941.0,0.520839,1,p:2.1.5.2.2.1
U6953,278,FUSE0,38775.1,38775.1,40549.8,1774.7,1774.7,941.0,0.53023,1,p:1.2.4.1.3.2
U6954,278,FUSE0,38817.1,38817.1,40628.6,1811.5,1811.5,941.0,0.519459,1,p:2.3.1.2.1.1
U6955,278,FUSE0,38895.9,38895.9,40665.8,1769.9,1769.9,941.0,0.531668,1,p:1.1.2.1.2.2
U6956,278,FUSE0,38933.1,38933.1,40744.6,1811.5,1811.5,941.0,0.519459,1,p:2.2.3.2.3.1
U6957,278,FUSE0,39011.9,39011.9,40786.6,1774.7,1774.7,941.0,0.53023,1,p:1.3.5.1.1.2
U6958,278,FUSE1,39053.9,39053.9,40860.6,1806.7,1806.7,1003.0,0.555156,1,p:2.1.4.2.2.1
U6959,278,FUSE1,39127.9,39127.9,40902.6,1774.7,1774.7,1003.0,0.565166,1,p:1.2.1.1.3.2
U6960,278,FUSE1,39169.9,39169.9,40981.4,1811.5,1811.5,1003.0,0.553685,1,p:2.3.2.2.1.1
U6961,278,FUSE1,39248.7,39248.7,41018.6,1769.9,1769.9,1003.0,0.566699,1,p:1.1.3.1.2.2
U6962,278,FUSE1,39285.9,39285.9,41097.4,1811.5,1811.5,1003.0,0.553685,1,p:2.2.5.2.3.1
U6963,278,FUSE1,39364.7,39364.7,41139.4,1774.7,1774.7,1003.0,0.565166,1,p:1.3.4.1.1.2
U6964,278,FUSE1,39406.7,39406.7,41213.4,1806.7,1806.7,1003.0,0.555156,1,p:2.1.1.2.2.1
U6965,278,FUSE2,39480.7,39480.7,41255.4,1774.7,1774.7,1035.4,0.583423,1,p:1.2.2.1.3.2
U6966,278,FUSE2,39522.7,39522.7,41334.2,1811.5,1811.5,1035.4,0.571571,1,p:2.3.3.2.1.1
U6967,278,FUSE2,39601.5,39601.5,41371.4,1769.9,1769.9,1035.4,0.585005,1,p:1.1.5.1.2.2
U6968,278,FUSE2,39638.7,39638.7,41450.2,1811.5,1811.5,1035.4,0.571571,1,p:2.2.4.2.3.1
U6969,278,FUSE2,39717.5,39717.5,41492.2,1774.7,1774.7,1035.4,0.583423,1,p:1.3.1.1.1.2
U6970,278,FUSE2,39759.5,39759.5,41566.2,1806.7,1806.7,1035.4,0.573089,1,p:2.1.2.2.2.1
U6971,278,FUSE2,39833.5,39833.5,41608.2,1774.7,1774.7,1035.4,0.583423,1,p:1.2.3.1.3.2
U6972,278,FUSE2,39875.5,39875.5,41699.8,1824.3,1824.3,1035.4,0.56756,1,p:2.3.5.2.1.1
U1562,63,FUSE0,39954.3,39954.3,41724.2,1769.9,1769.9,941.0,0.531668,1,p:1.1.4.1.2.2
U1563,63,FUSE0,39991.5,39991.5,41815.8,1824.3,1824.3,941.0,0.515814,1,p:2.2.1.2.3.1
U1564,63,FUSE0,40070.3,40070.3,41854.6,1784.3,1784.3,941.0,0.527378,1,p:1.3.2.1.1.2
U1565,63,FUSE0,40112.3,40112.3,41931.8,1819.5,1819.5,941.0,0.517175,1,p:2.1.3.2.2.1
U1566,63,FUSE0,40186.3,40186.3,41970.6,1784.3,1784.3,941.0,0.527378,1,p:1.2.5.1.3.2
U1567,63,FUSE0,40228.3,40228.3,42052.6,1824.3,1824.3,941.0,0.515814,1,p:2.3.4.2.1.1
U1568,63,FUSE0,40307.1,40307.1,42086.6,1779.5,1779.5,941.0,0.5288,1,p:1.1.1.1.2.2
U1569,63,FUSE1,40344.3,40344.3,42168.6,1824.3,1824.3,1003.0,0.5498,1,p:2.2.2.2.3.1
U1570,63,FUSE1,40423.1,40423.1,42207.4,1784.3,1784.3,1003.0,0.562125,1,p:1.3.3.1.1.2
U1571,63,FUSE1,40465.1,40465.1,42284.6,1819.5,1819.5,1003.0,0.55125,1,p:2.1.5.2.2.1
U1572,63,FUSE1,40539.1,40539.1,42323.4,1784.3,1784.3,1003.0,0.562125,1,p:1.2.4.1.3.2
U1573,63,FUSE1,40581.1,40581.1,42405.4,1824.3,1824.3,1003.0,0.5498,1,p:2.3.1.2.1.1
U1574,63,FUSE1,40659.9,40659.9,42439.4,1779.5,1779.5,1003.0,0.563641,1,p:1.1.2.1.2.2
U1575,63,FUSE1,40697.1,40697.1,42521.4,1824.3,1824.3,1003.0,0.5498,1,p:2.2.3.2.3.1
U1576,63,FUSE1,40775.9,40775.9,42560.2,1784.3,1784.3,1003.0,0.562125,1,p:1.3.5.1.1.2
U1577,63,FUSE2,40817.9,40817.9,42637.4,1819.5,1819.5,1035.4,0.569057,1,p:2.1.4.2.2.1
U1578,63,FUSE2,40891.9,40891.9,42676.2,1784.3,1784.3,1035.4,0.580284,1,p:1.2.1.1.3.2
U1579,63,FUSE2,40933.9,40933.9,42775.0,1841.1,1841.1,1035.4,0.562381,1,p:2.3.2.2.1.1
U1580,63,FUSE2,41012.7,41012.7,42792.2,1779.5,1779.5,1035.4,0.581849,1,p:1.1.3.1.2.2
U1581,63,FUSE2,41049.9,41049.9,42891.0,1841.1,1841.1,1035.4,0.562381,1,p:2.2.5.2.3.1
U1582,63,FUSE2,41128.7,41128.7,42929.8,1801.1,1801.1,1035.4,0.574871,1,p:1.3.4.1.1.2
U1583,63,FUSE2,41170.7,41170.7,43007.0,1836.3,1836.3,1035.4,0.563851,1,p:2.1.1.2.2.1
U1584,63,FUSE2,41244.7,41244.7,43243.8,1999.1,1999.1,1035.4,0.517933,1,p:1.2.2.2.3.1
U3450,139,FUSE0,41286.7,41286.7,43045.8,1759.1,1759.1,941.0,0.534933,1,p:2.3.3.1.3.2
U3451,139,FUSE0,41365.5,41365.5,43127.8,1762.3,1762.3,941.0,0.533961,1,p:1.1.5.2.1.1
U3452,139,FUSE0,41402.7,41402.7,43161.8,1759.1,1759.1,941.0,0.534933,1,p:2.2.4.1.2.2
U3453,139,FUSE0,41481.5,41481.5,43282.6,1801.1,1801.1,941.0,0.522458,1,p:1.3.1.1.1.2
U3454,139,FUSE0,41523.5,41523.5,43359.8,1836.3,1836.3,941.0,0.512444,1,p:2.1.3.2.2.1
U3455,139,FUSE0,41597.5,41597.5,43398.6,1801.1,1801.1,941.0,0.522458,1,p:1.2.5.1.3.2
U3456,139,FUSE0,41639.5,41639.5,43480.6,1841.1,1841.1,941.0,0.511107,1,p:2.3.4.2.1.1
U3457,139,FUSE0,41731.1,41731.1,43514.6,1783.5,1783.5,941.0,0.527614,1,p:1.1.2.1.2.2
U3458,139,FUSE0,41755.5,41755.5,43596.6,1841.1,1841.1,941.0,0.511107,1,p:2.2.1.2.3.1
U3459,139,FUSE0,41847.1,41847.1,43635.4,1788.3,1788.3,941.0,0.526198,1,p:1.3.3.1.1.2
U3460,139,FUSE1,41885.9,41885.9,43712.6,1826.7,1826.7,1003.0,0.549078,1,p:2.1.5.2.2.1
U3461,139,FUSE1,41963.1,41963.1,43751.4,1788.3,1788.3,1003.0,0.560868,1,p:1.2.4.1.3.2
U3462,139,FUSE1,42001.9,42001.9,43833.4,1831.5,1831.5,1003.0,0.547639,1,p:2.3.2.2.1.1
U3463,139,FUSE1,42083.9,42083.9,43867.4,1783.5,1783.5,1003.0,0.562377,1,p:1.1.1.1.2.2
U3464,139,FUSE1,42117.9,42117.9,43949.4,1831.5,1831.5,1003.0,0.547639,1,p:2.2.3.2.3.1
U3465,139,FUSE1,42199.9,42199.9,43988.2,1788.3,1788.3,1003.0,0.560868,1,p:1.3.5.1.1.2
U3466,139,FUSE1,42238.7,42238.7,44065.4,1826.7,1826.7,1003.0,0.549078,1,p:2.1.4.2.2.1
U3467,139,FUSE1,42315.9,42315.9,44104.2,1788.3,1788.3,1003.0,0.560868,1,p:1.2.2.1.3.2
U3468,139,FUSE1,42354.7,42354.7,44186.2,1831.5,1831.5,1003.0,0.547639,1,p:2.3.1.2.1.1
U3469,139,FUSE2,42436.7,42436.7,44220.2,1783.5,1783.5,1035.4,0.580544,1,p:1.1.3.1.2.2
U3470,139,FUSE2,42470.7,42470.7,44302.2,1831.5,1831.5,1035.4,0.565329,1,p:2.2.5.2.3.1
U3471,139,FUSE2,42552.7,42552.7,44341.0,1788.3,1788.3,1035.4,0.578986,1,p:1.3.4.1.1.2
U3472,139,FUSE2,42591.5,42591.5,44418.2,1826.7,1826.7,1035.4,0.566814,1,p:2.1.2.2.2.1
U3473,139,FUSE2,42668.7,42668.7,44457.0,1788.3,1788.3,1035.4,0.578986,1,p:1.2.1.1.3.2
U3474,139,FUSE2,42707.5,42707.5,44539.0,1831.5,1831.5,1035.4,0.565329,1,p:2.3.3.2.1.1
U3475,139,FUSE2,42806.3,42806.3,44573.0,1766.7,1766.7,1035.4,0.586064,1,p:1.1.5.1.2.2
U3476,139,FUSE2,42823.5,42823.5,44655.0,1831.5,1831.5,1035.4,0.565329,1,p:2.2.4.2.3.1
U3477,139,FUSE2,42922.3,42922.3,44719.8,1797.5,1797.5,1035.4,0.576022,1,p:1.3.2.1.1.2
U3478,139,FUSE2,42961.1,42961.1,44771.0,1809.9,1809.9,1035.4,0.572076,1,p:2.1.1.2.2.1
U892,36,FUSE0,43038.3,43038.3,44835.8,1797.5,1797.5,941.0,0.523505,1,p:1.2.3.1.3.2
U893,36,FUSE0,43077.1,43077.1,44914.6,1837.5,1837.5,941.0,0.512109,1,p:2.3.5.2.1.1
U894,36,FUSE0,43159.1,43159.1,44951.8,1792.7,1792.7,941.0,0.524907,1,p:1.1.4.1.2.2
U895,36,FUSE0,43193.1,43193.1,45030.6,1837.5,1837.5,941.0,0.512109,1,p:2.2.2.2.3.1
U896,36,FUSE0,43275.1,43275.1,45072.6,1797.5,1797.5,941.0,0.523505,1,p:1.3.1.1.1.2
U897,36,FUSE0,43313.9,43313.9,45146.6,1832.7,1832.7,941.0,0.51345,1,p:2.1.3.2.2.1
U898,36,FUSE0,43391.1,43391.1,45188.6,1797.5,1797.5,941.0,0.523505,1,p:1.2.5.1.3.2
U899,36,FUSE0,43429.9,43429.9,45267.4,1837.5,1837.5,941.0,0.512109,1,p:2.3.4.2.1.1
U900,36,FUSE0,43511.9,43511.9,45304.6,1792.7,1792.7,941.0,0.524907,1,p:1.1.2.1.2.2
U901,36,FUSE1,43545.9,43545.9,45383.4,1837.5,1837.5,1003.0,0.54585,1,p:2.2.1.2.3.1
U902,36,FUSE1,43627.9,43627.9,45425.4,1797.5,1797.5,1003.0,0.557997,1,p:1.3.3.1.1.2
U903,36,FUSE1,43666.7,43666.7,45499.4,1832.7,1832.7,1003.0,0.54728,1,p:2.1.5.2.2.1
U904,36,FUSE1,43743.9,43743.9,45541.4,1797.5,1797.5,1003.0,0.557997,1,p:1.2.4.1.3.2
U905,36,FUSE1,43782.7,43782.7,45620.2,1837.5,1837.5,1003.0,0.54585,1,p:2.3.2.2.1.1
U906,36,FUSE1,43864.7,43864.7,45657.4,1792.7,1792.7,1003.0,0.559491,1,p:1.1.1.1.2.2
U907,36,FUSE1,43898.7,43898.7,45736.2,1837.5,1837.5,1003.0,0.54585,1,p:2.2.3.2.3.1
U908,36,FUSE1,43980.7,43980.7,45778.2,1797.5,1797.5,1003.0,0.557997,1,p:1.3.5.1.1.2
U909,36,FUSE1,44019.5,44019.5,45852.2,1832.7,1832.7,1003.0,0.54728,1,p:2.1.4.2.2.1
U910,36,FUSE2,44096.7,44096.7,45894.2,1797.5,1797.5,1035.4,0.576022,1,p:1.2.2.1.3.2
U911,36,FUSE2,44135.5,44135.5,45973.0,1837.5,1837.5,1035.4,0.563483,1,p:2.3.1.2.1.1
U912,36,FUSE2,44217.5,44217.5,46010.2,1792.7,1792.7,1035.4,0.577565,1,p:1.1.3.1.2.2
U913,36,FUSE2,44251.5,44251.5,46089.0,1837.5,1837.5,1035.4,0.563483,1,p:2.2.5.2.3.1
U914,36,FUSE2,44333.5,44333.5,46131.0,1797.5,1797.5,1035.4,0.576022,1,p:1.3.4.1.1.2
U915,36,FUSE2,44372.3,44372.3,46205.0,1832.7,1832.7,1035.4,0.564959,1,p:2.1.2.2.2.1
U916,36,FUSE2,44449.5,44449.5,46247.0,1797.5,1797.5,1035.4,0.576022,1,p:1.2.1.1.3.2
U917,36,FUSE2,44488.3,44488.3,46325.8,1837.5,1837.5,1035.4,0.563483,1,p:2.3.3.2.1.1
U918,36,FUSE2,44570.3,44570.3,46441.8,1871.5,1871.5,1035.4,0.553246,1,p:1.1.5.2.3.1
U2965,119,FUSE0,44604.3,44604.3,46363.0,1758.7,1758.7,941.0,0.535054,1,p:2.2.4.1.2.2
U2966,119,FUSE0,44686.3,44686.3,46483.8,1797.5,1797.5,941.0,0.523505,1,p:1.3.2.1.1.2
U2967,119,FUSE0,44751.1,44751.1,46557.8,1806.7,1806.7,941.0,0.520839,1,p:2.1.1.2.2.1
U2968,119,FUSE0,44802.3,44802.3,46599.8,1797.5,1797.5,941.0,0.523505,1,p:1.2.3.1.3.2
U2969,119,FUSE0,44867.1,44867.1,46678.6,1811.5,1811.5,941.0,0.519459,1,p:2.3.4.2.1.1
U2970,119,FUSE0,44945.9,44945.9,46715.8,1769.9,1769.9,941.0,0.531668,1,p:1.1.5.1.2.2
U2971,119,FUSE0,44983.1,44983.1,46794.6,1811.5,1811.5,941.0,0.519459,1,p:2.2.2.2.3.1
U2972,119,FUSE0,45061.9,45061.9,46836.6,1774.7,1774.7,941.0,0.53023,1,p:1.3.1.1.1.2
U2973,119,FUSE0,45103.9,45103.9,46910.6,1806.7,1806.7,941.0,0.520839,1,p:2.1.3.2.2.1
U2974,119,FUSE1,45177.9,45177.9,46952.6,1774.7,1774.7,1003.0,0.565166,1,p:1.2.4.1.3.2
U2975,119,FUSE1,45219.9,45219.9,47031.4,1811.5,1811.5,1003.0,0.553685,1,p:2.3.5.2.1.1
U2976,119,FUSE1,45298.7,45298.7,47068.6,1769.9,1769.9,1003.0,0.566699,1,p:1.1.2.1.2.2
U2977,119,FUSE1,45335.9,45335.9,47147.4,1811.5,1811.5,1003.0,0.553685,1,p:2.2.1.2.3.1
U2978,119,FUSE1,45414.7,45414.7,47189.4,1774.7,1774.7,1003.0,0.565166,1,p:1.3.3.1.1.2
U2979,119,FUSE1,45456.7,45456.7,47263.4,1806.7,1806.7,1003.0,0.555156,1,p:2.1.4.2.2.1
U2980,119,FUSE1,45530.7,45530.7,47305.4,1774.7,1774.7,1003.0,0.565166,1,p:1.2.5.1.3.2
U2981,119,FUSE1,45572.7,45572.7,47384.2,1811.5,1811.5,1003.0,0.553685,1,p:2.3.2.2.1.1
U2982,119,FUSE1,45651.5,45651.5,47421.4,1769.9,1769.9,1003.0,0.566699,1,p:1.1.1.1.2.2
U2983,119,FUSE2,45688.7,45688.7,47500.2,1811.5,1811.5,1035.4,0.571571,1,p:2.2.3.2.3.1
U2984,119,FUSE2,45767.5,45767.5,47542.2,1774.7,1774.7,1035.4,0.583423,1,p:1.3.4.1.1.2
U2985,119,FUSE2,45809.5,45809.5,47616.2,1806.7,1806.7,1035.4,0.573089,1,p:2.1.5.2.2.1
U2986,119,FUSE2,45883.5,45883.5,47658.2,1774.7,1774.7,1035.4,0.583423,1,p:1.2.2.1.3.2
U2987,119,FUSE2,45925.5,45925.5,47737.0,1811.5,1811.5,1035.4,0.571571,1,p:2.3.1.2.1.1
U2988,119,FUSE2,46004.3,46004.3,47774.2,1769.9,1769.9,1035.4,0.585005,1,p:1.1.3.1.2.2
U2989,119,FUSE2,46041.5,46041.5,47895.0,1853.5,1853.5,1035.4,0.558619,1,p:2.2.4.1.1.2
U2990,119,FUSE2,46120.3,46120.3,47969.0,1848.7,1848.7,1035.4,0.560069,1,p:1.3.5.2.2.1
U3836,154,FUSE0,46162.3,46162.3,47853.0,1690.7,1690.7,941.0,0.556574,1,p:2.1.2.2.3.1
U3837,154,FUSE0,46236.3,46236.3,48011.0,1774.7,1774.7,941.0,0.53023,1,p:1.2.1.1.3.2
U3838,154,FUSE0,46278.3,46278.3,48089.8,1811.5,1811.5,941.0,0.519459,1,p:2.3.3.2.1.1
U3839,154,FUSE0,46357.1,46357.1,48127.0,1769.9,1769.9,941.0,0.531668,1,p:1.1.2.1.2.2
U3840,154,FUSE0,46394.3,46394.3,48205.8,1811.5,1811.5,941.0,0.519459,1,p:2.2.4.2.3.1
U3841,154,FUSE0,46473.1,46473.1,48247.8,1774.7,1774.7,941.0,0.53023,1,p:1.3.5.1.1.2
U3842,154,FUSE0,46515.1,46515.1,48321.8,1806.7,1806.7,941.0,0.520839,1,p:2.1.1.2.2.1
U3843,154,FUSE0,46589.1,46589.1,48363.8,1774.7,1774.7,941.0,0.53023,1,p:1.2.3.1.3.2
U3844,154,FUSE0,46631.1,46631.1,48442.6,1811.5,1811.5,941.0,0.519459,1,p:2.3.2.2.1.1
U3845,154,FUSE1,46709.9,46709.9,48479.8,1769.9,1769.9,1003.0,0.566699,1,p:1.1.4.1.2.2
U3846,154,FUSE1,46747.1,46747.1,48558.6,1811.5,1811.5,1003.0,0.553685,1,p:2.2.5.2.3.1
U3847,154,FUSE1,46825.9,46825.9,48600.6,1774.7,1774.7,1003.0,0.565166,1,p:1.3.1.1.1.2
U3848,154,FUSE1,46867.9,46867.9,48674.6,1806.7,1806.7,1003.0,0.555156,1,p:2.1.3.2.2.1
U3849,154,FUSE1,46941.9,46941.9,48716.6,1774.7,1774.7,1003.0,0.565166,1,p:1.2.2.1.3.2
U3850,154,FUSE1,46983.9,46983.9,48795.4,1811.5,1811.5,1003.0,0.553685,1,p:2.3.4.2.1.1
U3851,154,FUSE1,47062.7,47062.7,48832.6,1769.9,1769.9,1003.0,0.566699,1,p:1.1.5.1.2.2
U3852,154,FUSE1,47099.9,47099.9,48911.4,1811.5,1811.5,1003.0,0.553685,1,p:2.2.1.2.3.1
U3853,154,FUSE1,47178.7,47178.7,48953.4,1774.7,1774.7,1003.0,0.565166,1,p:1.3.3.1.1.2
U3854,154,FUSE2,47220.7,47220.7,49027.4,1806.7,1806.7,1035.4,0.573089,1,p:2.1.2.2.2.1
U3855,154,FUSE2,47294.7,47294.7,49069.4,1774.7,1774.7,1035.4,0.583423,1,p:1.2.4.1.3.2
U3856,154,FUSE2,47336.7,47336.7,49148.2,1811.5,1811.5,1035.4,0.571571,1,p:2.3.5.2.1.1
U3857,154,FUSE2,47415.5,47415.5,49185.4,1769.9,1769.9,1035.4,0.585005,1,p:1.1.1.1.2.2
U3858,154,FUSE2,47452.7,47452.7,49264.2,1811.5,1811.5,1035.4,0.571571,1,p:2.2.3.2.3.1
U3859,154,FUSE2,47531.5,47531.5,49306.2,1774.7,1774.7,1035.4,0.583423,1,p:1.3.2.1.1.2
U3860,154,FUSE2,47573.5,47573.5,49380.2,1806.7,1806.7,1035.4,0.573089,1,p:2.1.4.2.2.1
U3861,154,FUSE2,47647.5,47647.5,49422.2,1774.7,1774.7,1035.4,0.583423,1,p:1.2.5.1.3.2
U3862,154,FUSE2,47689.5,47689.5,49527.4,1837.9,1837.9,1035.4,0.56336,1,p:2.3.1.2.1.1
U3863,154,FUSE2,47768.3,47768.3,49643.4,1875.1,1875.1,1035.4,0.552184,1,p:1.1.3.2.3.1
U7476,299,FUSE0,47805.5,47805.5,49538.2,1732.7,1732.7,941.0,0.543083,1,p:2.2.2.1.2.2
U7477,299,FUSE0,47884.3,47884.3,49682.2,1797.9,1797.9,941.0,0.523388,1,p:1.3.4.1.1.2
U7478,299,FUSE0,47926.3,47926.3,49759.4,1833.1,1833.1,941.0,0.513338,1,p:2.1.5.2.2.1
U7479,299,FUSE0,48000.3,48000.3,49798.2,1797.9,1797.9,941.0,0.523388,1,p:1.2.1.1.3.2
U7480,299,FUSE0,48042.3,48042.3,49880.2,1837.9,1837.9,941.0,0.511997,1,p:2.3.2.2.1.1
U7481,299,FUSE0,48121.1,48121.1,49914.2,1793.1,1793.1,941.0,0.524789,1,p:1.1.3.1.2.2
U7482,299,FUSE0,48158.3,48158.3,49996.2,1837.9,1837.9,941.0,0.511997,1,p:2.2.4.2.3.1
U7483,299,FUSE0,48237.1,48237.1,50035.0,1797.9,1797.9,941.0,0.523388,1,p:1.3.5.1.1.2
U7484,299,FUSE1,48279.1,48279.1,50112.2,1833.1,1833.1,1003.0,0.547161,1,p:2.1.1.2.2.1
U7485,299,FUSE1,48353.1,48353.1,50151.0,1797.9,1797.9,1003.0,0.557873,1,p:1.2.2.1.3.2
U7486,299,FUSE1,48395.1,48395.1,50233.0,1837.9,1837.9,1003.0,0.545732,1,p:2.3.3.2.1.1
U7487,299,FUSE1,48473.9,48473.9,50267.0,1793.1,1793.1,1003.0,0.559366,1,p:1.1.4.1.2.2
U7488,299,FUSE1,48511.1,48511.1,50349.0,1837.9,1837.9,1003.0,0.545732,1,p:2.2.5.2.3.1
U7489,299,FUSE1,48589.9,48589.9,50387.8,1797.9,1797.9,1003.0,0.557873,1,p:1.3.1.1.1.2
U7490,299,FUSE1,48631.9,48631.9,50465.0,1833.1,1833.1,1003.0,0.547161,1,p:2.1.2.2.2.1
U7491,299,FUSE1,48705.9,48705.9,50503.8,1797.9,1797.9,1003.0,0.557873,1,p:1.2.3.1.3.2
U7492,299,FUSE2,48747.9,48747.9,50585.8,1837.9,1837.9,1035.4,0.56336,1,p:2.3.4.2.1.1
U7493,299,FUSE2,48826.7,48826.7,50619.8,1793.1,1793.1,1035.4,0.577436,1,p:1.1.5.1.2.2
U7494,299,FUSE2,48863.9,48863.9,50701.8,1837.9,1837.9,1035.4,0.56336,1,p:2.2.1.2.3.1
U7495,299,FUSE2,48942.7,48942.7,50740.6,1797.9,1797.9,1035.4,0.575894,1,p:1.3.2.1.1.2
U7496,299,FUSE2,48984.7,48984.7,50817.8,1833.1,1833.1,1035.4,0.564836,1,p:2.1.3.2.2.1
U7497,299,FUSE2,49058.7,49058.7,50972.6,1913.9,1913.9,1035.4,0.54099,1,p:1.2.4.1.2.2
U7498,299,FUSE2,49100.7,49100.7,50938.6,1837.9,1837.9,1035.4,0.56336,1,p:2.3.5.2.1.1
U7402,296,FUSE0,49179.5,49179.5,50856.6,1677.1,1677.1,941.0,0.561088,1,p:1.1.1.1.3.2
U7403,296,FUSE0,49216.7,49216.7,51054.6,1837.9,1837.9,941.0,0.511997,1,p:2.2.2.2.3.1
U7404,296,FUSE0,49295.5,49295.5,51093.4,1797.9,1797.9,941.0,0.523388,1,p:1.3.3.1.1.2
U7405,296,FUSE0,49337.5,49337.5,51291.4,1953.9,1953.9,941.0,0.481601,1,p:2.1.4.2.1.1
U7406,296,FUSE0,49411.5,49411.5,51209.4,1797.9,1797.9,941.0,0.523388,1,p:1.2.5.1.3.2
U7407,296,FUSE0,49453.5,49453.5,51170.6,1717.1,1717.1,941.0,0.548017,1,p:2.3.1.2.2.1
U7408,296,FUSE0,49558.7,49558.7,51325.4,1766.7,1766.7,941.0,0.532631,1,p:1.1.2.1.2.2
U7409,296,FUSE0,49569.5,49569.5,51407.4,1837.9,1837.9,941.0,0.511997,1,p:2.2.3.2.3.1
U7410,296,FUSE0,49674.7,49674.7,51446.2,1771.5,1771.5,941.0,0.531188,1,p:1.3.4.1.1.2
U7411,296,FUSE1,49713.5,49713.5,51523.4,1809.9,1809.9,1003.0,0.554174,1,p:2.1.5.2.2.1
U7412,296,FUSE1,49790.7,49790.7,51562.2,1771.5,1771.5,1003.0,0.566187,1,p:1.2.1.1.3.2
U7413,296,FUSE1,49829.5,49829.5,51644.2,1814.7,1814.7,1003.0,0.552708,1,p:2.3.2.2.1.1
U7414,296,FUSE1,49911.5,49911.5,51678.2,1766.7,1766.7,1003.0,0.567725,1,p:1.1.3.1.2.2
U7415,296,FUSE1,49945.5,49945.5,51760.2,1814.7,1814.7,1003.0,0.552708,1,p:2.2.4.2.3.1
U7416,296,FUSE1,50027.5,50027.5,51799.0,1771.5,1771.5,1003.0,0.566187,1,p:1.3.5.1.1.2
U7417,296,FUSE1,50066.3,50066.3,51876.2,1809.9,1809.9,1003.0,0.554174,1,p:2.1.1.2.2.1
U7418,296,FUSE1,50143.5,50143.5,51915.0,1771.5,1771.5,1003.0,0.566187,1,p:1.2.2.1.3.2
U7419,296,FUSE1,50182.3,50182.3,51997.0,1814.7,1814.7,1003.0,0.552708,1,p:2.3.3.2.1.1
U7420,296,FUSE2,50264.3,50264.3,52031.0,1766.7,1766.7,1035.4,0.586064,1,p:1.1.4.1.2.2
U7421,296,FUSE2,50298.3,50298.3,52113.0,1814.7,1814.7,1035.4,0.570563,1,p:2.2.5.2.3.1
U7422,296,FUSE2,50380.3,50380.3,52151.8,1771.5,1771.5,1035.4,0.584476,1,p:1.3.1.1.1.2
U7423,296,FUSE2,50419.1,50419.1,52229.0,1809.9,1809.9,1035.4,0.572076,1,p:2.1.2.2.2.1
U7424,296,FUSE2,50496.3,50496.3,52267.8,1771.5,1771.5,1035.4,0.584476,1,p:1.2.3.1.3.2
U7425,296,FUSE2,50535.1,50535.1,52355.0,1819.9,1819.9,1035.4,0.568932,1,p:2.3.4.2.1.1
U7426,296,FUSE2,50617.1,50617.1,52509.8,1892.7,1892.7,1035.4,0.547049,1,p:1.1.5.1.1.2
U7427,296,FUSE2,50651.1,50651.1,52587.0,1935.9,1935.9,1035.4,0.534842,1,p:2.2.1.2.2.1
U2778,112,FUSE0,50733.1,50733.1,52383.8,1650.7,1650.7,941.0,0.570061,1,p:1.3.2.1.2.2
U2779,112,FUSE0,50771.9,50771.9,52471.0,1699.1,1699.1,941.0,0.553823,1,p:2.1.3.2.3.1
U2780,112,FUSE0,50849.1,50849.1,52625.8,1776.7,1776.7,941.0,0.529634,1,p:1.2.4.1.3.2
U2781,112,FUSE0,50887.9,50887.9,52707.8,1819.9,1819.9,941.0,0.517061,1,p:2.3.2.2.1.1
U2782,112,FUSE0,50969.9,50969.9,52741.8,1771.9,1771.9,941.0,0.531068,1,p:1.1.3.1.2.2
U2783,112,FUSE0,51003.9,51003.9,52823.8,1819.9,1819.9,941.0,0.517061,1,p:2.2.5.2.3.1
U2784,112,FUSE0,51085.9,51085.9,52862.6,1776.7,1776.7,941.0,0.529634,1,p:1.3.1.1.1.2
U2785,112,FUSE0,51124.7,51124.7,52939.8,1815.1,1815.1,941.0,0.518429,1,p:2.1.4.2.2.1
U2786,112,FUSE0,51201.9,51201.9,52978.6,1776.7,1776.7,941.0,0.529634,1,p:1.2.2.1.3.2
U2787,112,FUSE1,51240.7,51240.7,53060.6,1819.9,1819.9,1003.0,0.551129,1,p:2.3.3.2.1.1
U2788,112,FUSE1,51322.7,51322.7,53094.6,1771.9,1771.9,1003.0,0.566059,1,p:1.1.5.1.2.2
U2789,112,FUSE1,51356.7,51356.7,53176.6,1819.9,1819.9,1003.0,0.551129,1,p:2.2.1.2.3.1
U2790,112,FUSE1,51438.7,51438.7,53215.4,1776.7,1776.7,1003.0,0.56453,1,p:1.3.4.1.1.2
U2791,112,FUSE1,51477.5,51477.5,53292.6,1815.1,1815.1,1003.0,0.552587,1,p:2.1.2.2.2.1
U2792,112,FUSE1,51554.7,51554.7,53331.4,1776.7,1776.7,1003.0,0.56453,1,p:1.2.3.1.3.2
U2793,112,FUSE1,51593.5,51593.5,53413.4,1819.9,1819.9,1003.0,0.551129,1,p:2.3.5.2.1.1
U2794,112,FUSE1,51675.5,51675.5,53447.4,1771.9,1771.9,1003.0,0.566059,1,p:1.1.1.1.2.2
U2795,112,FUSE1,51709.5,51709.5,53529.4,1819.9,1819.9,1003.0,0.551129,1,p:2.2.4.2.3.1
U2796,112,FUSE2,51791.5,51791.5,53568.2,1776.7,1776.7,1035.4,0.582766,1,p:1.3.2.1.1.2
U2797,112,FUSE2,51830.3,51830.3,53645.4,1815.1,1815.1,1035.4,0.570437,1,p:2.1.3.2.2.1
U2798,112,FUSE2,51907.5,51907.5,53684.2,1776.7,1776.7,1035.4,0.582766,1,p:1.2.5.1.3.2
U2799,112,FUSE2,51946.3,51946.3,53766.2,1819.9,1819.9,1035.4,0.568932,1,p:2.3.1.2.1.1
U2800,112,FUSE2,52028.3,52028.3,53800.2,1771.9,1771.9,1035.4,0.584344,1,p:1.1.4.1.2.2
U2801,112,FUSE2,52062.3,52062.3,53882.2,1819.9,1819.9,1035.4,0.568932,1,p:2.2.2.2.3.1
U2802,112,FUSE2,52144.3,52144.3,53998.2,1853.9,1853.9,1035.4,0.558498,1,p:1.3.3.2.2.1
U2803,112,FUSE2,52183.1,52183.1,54037.0,1853.9,1853.9,1035.4,0.558498,1,p:2.1.5.1.3.2
U2804,113,FUSE0,52260.3,52260.3,53921.0,1660.7,1660.7,941.0,0.566629,1,p:1.2.1.1.1.2
U2805,113,FUSE0,52299.1,52299.1,54119.0,1819.9,1819.9,941.0,0.517061,1,p:2.3.4.2.1.1
U2806,113,FUSE0,52386.3,52386.3,54153.0,1766.7,1766.7,941.0,0.532631,1,p:1.1.2.1.2.2
U2807,113,FUSE0,52415.1,52415.1,54235.0,1819.9,1819.9,941.0,0.517061,1,p:2.2.1.2.3.1
U2808,113,FUSE0,52502.3,52502.3,54273.8,1771.5,1771.5,941.0,0.531188,1,p:1.3.3.1.1.2
U2809,113,FUSE0,52541.1,52541.1,54351.0,1809.9,1809.9,941.0,0.519918,1,p:2.1.5.2.2.1
U2810,113,FUSE0,52618.3,52618.3,54389.8,1771.5,1771.5,941.0,0.531188,1,p:1.2.4.1.3.2
U2811,113,FUSE0,52657.1,52657.1,54471.8,1814.7,1814.7,941.0,0.518543,1,p:2.3.2.2.1.1
U2812,113,FUSE0,52739.1,52739.1,54505.8,1766.7,1766.7,941.0,0.532631,1,p:1.1.1.1.2.2
U2813,113,FUSE1,52773.1,52773.1,54587.8,1814.7,1814.7,1003.0,0.552708,1,p:2.2.3.2.3.1
U2814,113,FUSE1,52855.1,52855.1,54626.6,1771.5,1771.5,1003.0,0.566187,1,p:1.3.5.1.1.2
U2815,113,FUSE1,52893.9,52893.9,54703.8,1809.9,1809.9,1003.0,0.554174,1,p:2.1.4.2.2.1
U2816,113,FUSE1,52971.1,52971.1,54742.6,1771.5,1771.5,1003.0,0.566187,1,p:1.2.2.1.3.2
U2817,113,FUSE1,53009.9,53009.9,54824.6,1814.7,1814.7,1003.0,0.552708,1,p:2.3.1.2.1.1
U2818,113,FUSE1,53091.9,53091.9,54858.6,1766.7,1766.7,1003.0,0.567725,1,p:1.1.3.1.2.2
U2819,113,FUSE1,53125.9,53125.9,54940.6,1814.7,1814.7,1003.0,0.552708,1,p:2.2.5.2.3.1
U2820,113,FUSE1,53207.9,53207.9,54979.4,1771.5,1771.5,1003.0,0.566187,1,p:1.3.4.1.1.2
U2821,113,FUSE1,53246.7,53246.7,55056.6,1809.9,1809.9,1003.0,0.554174,1,p:2.1.2.2.2.1
U2822,113,FUSE2,53323.9,53323.9,55095.4,1771.5,1771.5,1035.4,0.584476,1,p:1.2.1.1.3.2
U2823,113,FUSE2,53362.7,53362.7,55177.4,1814.7,1814.7,1035.4,0.570563,1,p:2.3.3.2.1.1
U2824,113,FUSE2,53444.7,53444.7,55211.4,1766.7,1766.7,1035.4,0.586064,1,p:1.1.5.1.2.2
U2825,113,FUSE2,53478.7,53478.7,55293.4,1814.7,1814.7,1035.4,0.570563,1,p:2.2.4.2.3.1
U2826,113,FUSE2,53560.7,53560.7,55332.2,1771.5,1771.5,1035.4,0.584476,1,p:1.3.2.1.1.2
U2827,113,FUSE2,53599.5,53599.5,55409.4,1809.9,1809.9,1035.4,0.572076,1,p:2.1.1.2.2.1
U2828,113,FUSE2,53676.7,53676.7,55448.2,1771.5,1771.5,1035.4,0.584476,1,p:1.2.3.1.3.2
U2829,113,FUSE2,53715.5,53715.5,55530.2,1814.7,1814.7,1035.4,0.570563,1,p:2.3.5.2.1.1
U2830,113,FUSE2,53797.5,53797.5,55685.0,1887.5,1887.5,1035.4,0.548556,1,p:1.1.4.1.1.2
U3065,123,FUSE0,53831.5,53831.5,55646.2,1814.7,1814.7,941.0,0.518543,1,p:2.2.2.2.3.1
U3066,123,FUSE0,53913.5,53913.5,55564.2,1650.7,1650.7,941.0,0.570061,1,p:1.3.1.1.2.2
U3067,123,FUSE0,53952.3,53952.3,55762.2,1809.9,1809.9,941.0,0.519918,1,p:2.1.3.2.2.1
U3068,123,FUSE0,54029.5,54029.5,55801.0,1771.5,1771.5,941.0,0.531188,1,p:1.2.5.1.3.2
U3069,123,FUSE0,54068.3,54068.3,55999.0,1930.7,1930.7,941.0,0.487388,1,p:2.3.4.2.3.1
U3070,123,FUSE0,54150.3,54150.3,55917.0,1766.7,1766.7,941.0,0.532631,1,p:1.1.2.1.2.2
U3071,123,FUSE0,54184.3,54184.3,55883.0,1698.7,1698.7,941.0,0.553953,1,p:2.2.1.2.1.1
U3072,123,FUSE0,54266.3,54266.3,56037.8,1771.5,1771.5,941.0,0.531188,1,p:1.3.3.1.1.2
U3073,123,FUSE1,54305.1,54305.1,56115.0,1809.9,1809.9,1003.0,0.554174,1,p:2.1.5.2.2.1
U3074,123,FUSE1,54382.3,54382.3,56269.8,1887.5,1887.5,1003.0,0.531391,1,p:1.2.4.1.2.2
U3075,123,FUSE1,54421.1,54421.1,56235.8,1814.7,1814.7,1003.0,0.552708,1,p:2.3.2.2.1.1
U3076,123,FUSE1,54503.1,54503.1,56153.8,1650.7,1650.7,1003.0,0.607621,1,p:1.1.1.1.3.2
U3077,123,FUSE1,54537.1,54537.1,56351.8,1814.7,1814.7,1003.0,0.552708,1,p:2.2.3.2.3.1
U3078,123,FUSE1,54619.1,54619.1,56390.6,1771.5,1771.5,1003.0,0.566187,1,p:1.3.5.1.1.2
U3079,123,FUSE1,54657.9,54657.9,56467.8,1809.9,1809.9,1003.0,0.554174,1,p:2.1.4.2.2.1
U3080,123,FUSE1,54735.1,54735.1,56506.6,1771.5,1771.5,1003.0,0.566187,1,p:1.2.2.1.3.2
U3081,123,FUSE2,54773.9,54773.9,56588.6,1814.7,1814.7,1035.4,0.570563,1,p:2.3.1.2.1.1
U3082,123,FUSE2,54855.9,54855.9,56622.6,1766.7,1766.7,1035.4,0.586064,1,p:1.1.3.1.2.2
U3083,123,FUSE2,54889.9,54889.9,56704.6,1814.7,1814.7,1035.4,0.570563,1,p:2.2.5.2.3.1
U3084,123,FUSE2,54971.9,54971.9,56743.4,1771.5,1771.5,1035.4,0.584476,1,p:1.3.4.1.1.2
U3085,123,FUSE2,55010.7,55010.7,56820.6,1809.9,1809.9,1035.4,0.572076,1,p:2.1.2.2.2.1
U3086,123,FUSE2,55087.9,55087.9,56859.4,1771.5,1771.5,1035.4,0.584476,1,p:1.2.1.1.3.2
U3087,123,FUSE2,55126.7,55126.7,56947.4,1820.7,1820.7,1035.4,0.568682,1,p:2.3.3.2.1.1
U3088,123,FUSE2,55208.7,55208.7,57102.2,1893.5,1893.5,1035.4,0.546818,1,p:1.1.5.1.1.2
U2427,98,FUSE0,55242.7,55242.7,56975.4,1732.7,1732.7,941.0,0.543083,1,p:2.2.4.1.2.2
U2428,98,FUSE0,55324.7,55324.7,57063.4,1738.7,1738.7,941.0,0.541209,1,p:1.3.2.2.3.1
U2429,98,FUSE0,55363.5,55363.5,57179.4,1815.9,1815.9,941.0,0.5182,1,p:2.1.1.2.2.1
U2430,98,FUSE0,55440.7,55440.7,57218.2,1777.5,1777.5,941.0,0.529395,1,p:1.2.3.1.3.2
U2431,98,FUSE0,55479.5,55479.5,57300.2,1820.7,1820.7,941.0,0.516834,1,p:2.3.4.2.1.1
U2432,98,FUSE0,55561.5,55561.5,57334.2,1772.7,1772.7,941.0,0.530829,1,p:1.1.2.1.2.2
U2433,98,FUSE0,55595.5,55595.5,57416.2,1820.7,1820.7,941.0,0.516834,1,p:2.2.5.2.3.1
U2434,98,FUSE0,55677.5,55677.5,57455.0,1777.5,1777.5,941.0,0.529395,1,p:1.3.1.1.1.2
U2435,98,FUSE0,55716.3,55716.3,57532.2,1815.9,1815.9,941.0,0.5182,1,p:2.1.3.2.2.1
U2436,98,FUSE1,55793.5,55793.5,57571.0,1777.5,1777.5,1003.0,0.564276,1,p:1.2.4.1.3.2
U2437,98,FUSE1,55832.3,55832.3,57653.0,1820.7,1820.7,1003.0,0.550887,1,p:2.3.2.2.1.1
U2438,98,FUSE1,55914.3,55914.3,57687.0,1772.7,1772.7,1003.0,0.565804,1,p:1.1.5.1.2.2
U2439,98,FUSE1,55948.3,55948.3,57769.0,1820.7,1820.7,1003.0,0.550887,1,p:2.2.1.2.3.1
U2440,98,FUSE1,56030.3,56030.3,57807.8,1777.5,1777.5,1003.0,0.564276,1,p:1.3.3.1.1.2
U2441,98,FUSE1,56069.1,56069.1,57885.0,1815.9,1815.9,1003.0,0.552343,1,p:2.1.4.2.2.1
U2442,98,FUSE1,56146.3,56146.3,57923.8,1777.5,1777.5,1003.0,0.564276,1,p:1.2.2.1.3.2
U2443,98,FUSE1,56185.1,56185.1,58005.8,1820.7,1820.7,1003.0,0.550887,1,p:2.3.5.2.1.1
U2444,98,FUSE1,56267.1,56267.1,58039.8,1772.7,1772.7,1003.0,0.565804,1,p:1.1.1.1.2.2
U2445,98,FUSE2,56301.1,56301.1,58121.8,1820.7,1820.7,1035.4,0.568682,1,p:2.2.3.2.3.1
U2446,98,FUSE2,56383.1,56383.1,58167.4,1784.3,1784.3,1035.4,0.580284,1,p:1.3.4.1.1.2
U2447,98,FUSE2,56421.9,56421.9,58237.8,1815.9,1815.9,1035.4,0.570186,1,p:2.1.2.2.2.1
U2448,98,FUSE2,56499.1,56499.1,58283.4,1784.3,1784.3,1035.4,0.580284,1,p:1.2.5.1.3.2
U2449,98,FUSE2,56537.9,56537.9,58362.2,1824.3,1824.3,1035.4,0.56756,1,p:2.3.1.2.1.1
U2450,98,FUSE2,56619.9,56619.9,58399.4,1779.5,1779.5,1035.4,0.581849,1,p:1.1.3.1.2.2
U2451,98,FUSE2,56653.9,56653.9,58520.2,1866.3,1866.3,1035.4,0.554788,1,p:2.2.4.1.1.2
U2452,98,FUSE2,56735.9,56735.9,58478.2,1742.3,1742.3,1035.4,0.594272,1,p:1.3.2.2.3.1
U2453,98,FUSE2,56774.7,56774.7,58594.2,1819.5,1819.5,1035.4,0.569057,1,p:2.1.5.2.2.1
U2454,98,FUSE2,56851.9,56851.9,58636.2,1784.3,1784.3,1035.4,0.580284,1,p:1.2.1.1.3.2
U3278,132,FUSE0,56890.7,56890.7,58729.0,1838.3,1838.3,941.0,0.511886,1,p:2.3.3.2.1.1
U3279,132,FUSE0,56978.7,56978.7,58752.2,1773.5,1773.5,941.0,0.530589,1,p:1.1.4.1.2.2
U3280,132,FUSE0,57006.7,57006.7,58845.0,1838.3,1838.3,941.0,0.511886,1,p:2.2.2.2.3.1
U3281,132,FUSE0,57094.7,57094.7,58883.8,1789.1,1789.1,941.0,0.525963,1,p:1.3.5.1.1.2
U3282,132,FUSE0,57133.5,57133.5,58961.0,1827.5,1827.5,941.0,0.514911,1,p:2.1.1.2.2.1
U3283,132,FUSE0,57210.7,57210.7,58999.8,1789.1,1789.1,941.0,0.525963,1,p:1.2.3.1.3.2
U3284,132,FUSE0,57249.5,57249.5,59081.8,1832.3,1832.3,941.0,0.513562,1,p:2.3.4.2.1.1
U3285,132,FUSE0,57331.5,57331.5,59115.8,1784.3,1784.3,941.0,0.527378,1,p:1.1.2.1.2.2
U3286,132,FUSE1,57365.5,57365.5,59197.8,1832.3,1832.3,1003.0,0.547399,1,p:2.2.5.2.3.1
U3287,132,FUSE1,57447.5,57447.5,59236.6,1789.1,1789.1,1003.0,0.560617,1,p:1.3.1.1.1.2
U3288,132,FUSE1,57486.3,57486.3,59313.8,1827.5,1827.5,1003.0,0.548837,1,p:2.1.3.2.2.1
U3289,132,FUSE1,57563.5,57563.5,59352.6,1789.1,1789.1,1003.0,0.560617,1,p:1.2.4.1.3.2
U3290,132,FUSE1,57602.3,57602.3,59434.6,1832.3,1832.3,1003.0,0.547399,1,p:2.3.2.2.1.1
U3291,132,FUSE1,57684.3,57684.3,59468.6,1784.3,1784.3,1003.0,0.562125,1,p:1.1.5.1.2.2
U3292,132,FUSE1,57718.3,57718.3,59550.6,1832.3,1832.3,1003.0,0.547399,1,p:2.2.1.2.3.1
U3293,132,FUSE1,57800.3,57800.3,59589.4,1789.1,1789.1,1003.0,0.560617,1,p:1.3.3.1.1.2
U3294,132,FUSE2,57839.1,57839.1,59666.6,1827.5,1827.5,1035.4,0.566566,1,p:2.1.4.2.2.1
U3295,132,FUSE2,57916.3,57916.3,59705.4,1789.1,1789.1,1035.4,0.578727,1,p:1.2.2.1.3.2
U3296,132,FUSE2,57955.1,57955.1,59787.4,1832.3,1832.3,1035.4,0.565082,1,p:2.3.5.2.1.1
U3297,132,FUSE2,58037.1,58037.1,59821.4,1784.3,1784.3,1035.4,0.580284,1,p:1.1.1.1.2.2
U3298,132,FUSE2,58071.1,58071.1,59903.4,1832.3,1832.3,1035.4,0.565082,1,p:2.2.3.2.3.1
U3299,132,FUSE2,58153.1,58153.1,59974.2,1821.1,1821.1,1035.4,0.568557,1,p:1.3.4.1.1.2
U3300,132,FUSE2,58198.7,58198.7,60019.4,1820.7,1820.7,1035.4,0.568682,1,p:2.1.2.2.2.1
U3301,132,FUSE2,58269.1,58269.1,60206.2,1937.1,1937.1,1035.4,0.53451,1,p:1.2.5.1.2.2
U3302,132,FUSE2,58314.7,58314.7,60090.2,1775.5,1775.5,1035.4,0.58316,1,p:2.3.1.1.3.2
U3422,138,FUSE0,58393.5,58393.5,60169.0,1775.5,1775.5,941.0,0.529992,1,p:1.1.3.2.1.1
U3423,138,FUSE0,58430.7,58430.7,60285.0,1854.3,1854.3,941.0,0.507469,1,p:2.2.4.2.3.1
U3424,138,FUSE0,58509.5,58509.5,60327.0,1817.5,1817.5,941.0,0.517744,1,p:1.3.2.1.1.2
U3425,138,FUSE0,58551.5,58551.5,60521.8,1970.3,1970.3,941.0,0.477592,1,p:2.1.5.2.1.1
U3426,138,FUSE0,58625.5,58625.5,60443.0,1817.5,1817.5,941.0,0.517744,1,p:1.2.3.1.3.2
U3427,138,FUSE0,58667.5,58667.5,60401.0,1733.5,1733.5,941.0,0.542832,1,p:2.3.1.2.2.1
U3428,138,FUSE0,58760.3,58760.3,60559.0,1798.7,1798.7,941.0,0.523156,1,p:1.1.4.1.2.2
U3429,138,FUSE0,58783.5,58783.5,60637.8,1854.3,1854.3,941.0,0.507469,1,p:2.2.2.2.3.1
U3430,138,FUSE0,58876.3,58876.3,60679.8,1803.5,1803.5,941.0,0.521763,1,p:1.3.5.1.1.2
U3431,138,FUSE1,58915.1,58915.1,60753.8,1838.7,1838.7,1003.0,0.545494,1,p:2.1.3.2.2.1
U3432,138,FUSE1,58992.3,58992.3,60795.8,1803.5,1803.5,1003.0,0.556141,1,p:1.2.1.1.3.2
U3433,138,FUSE1,59031.1,59031.1,60874.6,1843.5,1843.5,1003.0,0.544074,1,p:2.3.4.2.1.1
U3434,138,FUSE1,59113.1,59113.1,60911.8,1798.7,1798.7,1003.0,0.557625,1,p:1.1.2.1.2.2
U3435,138,FUSE1,59147.1,59147.1,60990.6,1843.5,1843.5,1003.0,0.544074,1,p:2.2.5.2.3.1
U3436,138,FUSE1,59229.1,59229.1,61032.6,1803.5,1803.5,1003.0,0.556141,1,p:1.3.3.1.1.2
U3437,138,FUSE1,59267.9,59267.9,61106.6,1838.7,1838.7,1003.0,0.545494,1,p:2.1.1.2.2.1
U3438,138,FUSE1,59345.1,59345.1,61148.6,1803.5,1803.5,1003.0,0.556141,1,p:1.2.4.1.3.2
U3439,138,FUSE1,59383.9,59383.9,61227.4,1843.5,1843.5,1003.0,0.544074,1,p:2.3.2.2.1.1
U3440,138,FUSE2,59465.9,59465.9,61264.6,1798.7,1798.7,1035.4,0.575638,1,p:1.1.5.1.2.2
U3441,138,FUSE2,59499.9,59499.9,61343.4,1843.5,1843.5,1035.4,0.561649,1,p:2.2.3.2.3.1
U3442,138,FUSE2,59581.9,59581.9,61385.4,1803.5,1803.5,1035.4,0.574106,1,p:1.3.1.1.1.2
U3443,138,FUSE2,59620.7,59620.7,61459.4,1838.7,1838.7,1035.4,0.563115,1,p:2.1.4.2.2.1
U3444,138,FUSE2,59697.9,59697.9,61501.4,1803.5,1803.5,1035.4,0.574106,1,p:1.2.2.1.3.2
U3445,138,FUSE2,59736.7,59736.7,61580.6,1843.9,1843.9,1035.4,0.561527,1,p:2.3.5.2.1.1
U3446,138,FUSE2,59818.7,59818.7,61617.4,1798.7,1798.7,1035.4,0.575638,1,p:1.1.3.1.2.2
U3447,138,FUSE2,59852.7,59852.7,61696.6,1843.9,1843.9,1035.4,0.561527,1,p:2.2.1.2.3.1
U3448,138,FUSE2,59934.7,59934.7,61748.6,1813.9,1813.9,1035.4,0.570814,1,p:1.3.4.1.1.2
U3449,138,FUSE2,60005.5,60005.5,61812.6,1807.1,1807.1,1035.4,0.572962,1,p:2.1.2.2.2.1
U7350,294,FUSE0,60050.7,60050.7,61864.6,1813.9,1813.9,941.0,0.518772,1,p:1.2.5.1.3.2
U7351,294,FUSE0,60121.5,60121.5,61943.4,1821.9,1821.9,941.0,0.516494,1,p:2.3.3.2.1.1
U7352,294,FUSE0,60200.3,60200.3,61980.6,1780.3,1780.3,941.0,0.528563,1,p:1.1.1.1.2.2
U7353,294,FUSE0,60237.5,60237.5,62059.4,1821.9,1821.9,941.0,0.516494,1,p:2.2.4.2.3.1
U7354,294,FUSE0,60316.3,60316.3,62101.4,1785.1,1785.1,941.0,0.527141,1,p:1.3.2.1.1.2
U7355,294,FUSE0,60358.3,60358.3,62175.4,1817.1,1817.1,941.0,0.517858,1,p:2.1.5.2.2.1
U7356,294,FUSE0,60432.3,60432.3,62217.4,1785.1,1785.1,941.0,0.527141,1,p:1.2.3.1.3.2
U7357,294,FUSE0,60474.3,60474.3,62296.2,1821.9,1821.9,941.0,0.516494,1,p:2.3.1.2.1.1
U7358,294,FUSE0,60553.1,60553.1,62333.4,1780.3,1780.3,941.0,0.528563,1,p:1.1.4.1.2.2
U7359,294,FUSE1,60590.3,60590.3,62412.2,1821.9,1821.9,1003.0,0.550524,1,p:2.2.2.2.3.1
U7360,294,FUSE1,60669.1,60669.1,62454.2,1785.1,1785.1,1003.0,0.561873,1,p:1.3.5.1.1.2
U7361,294,FUSE1,60711.1,60711.1,62528.2,1817.1,1817.1,1003.0,0.551978,1,p:2.1.3.2.2.1
U7362,294,FUSE1,60785.1,60785.1,62570.2,1785.1,1785.1,1003.0,0.561873,1,p:1.2.1.1.3.2
U7363,294,FUSE1,60827.1,60827.1,62649.0,1821.9,1821.9,1003.0,0.550524,1,p:2.3.4.2.1.1
U7364,294,FUSE1,60905.9,60905.9,62686.2,1780.3,1780.3,1003.0,0.563388,1,p:1.1.2.1.2.2
U7365,294,FUSE1,60943.1,60943.1,62765.0,1821.9,1821.9,1003.0,0.550524,1,p:2.2.5.2.3.1
U7366,294,FUSE1,61021.9,61021.9,62807.0,1785.1,1785.1,1003.0,0.561873,1,p:1.3.3.1.1.2
U7367,294,FUSE1,61063.9,61063.9,62881.0,1817.1,1817.1,1003.0,0.551978,1,p:2.1.1.2.2.1
U7368,294,FUSE2,61137.9,61137.9,62923.0,1785.1,1785.1,1035.4,0.580024,1,p:1.2.4.1.3.2
U7369,294,FUSE2,61179.9,61179.9,63001.8,1821.9,1821.9,1035.4,0.568308,1,p:2.3.2.2.1.1
U7370,294,FUSE2,61258.7,61258.7,63039.0,1780.3,1780.3,1035.4,0.581587,1,p:1.1.5.1.2.2
U7371,294,FUSE2,61295.9,61295.9,63117.8,1821.9,1821.9,1035.4,0.568308,1,p:2.2.3.2.3.1
U7372,294,FUSE2,61374.7,61374.7,63159.8,1785.1,1785.1,1035.4,0.580024,1,p:1.3.1.1.1.2
U7373,294,FUSE2,61416.7,61416.7,63233.8,1817.1,1817.1,1035.4,0.569809,1,p:2.1.4.2.2.1
U7374,294,FUSE2,61490.7,61490.7,63275.8,1785.1,1785.1,1035.4,0.580024,1,p:1.2.2.1.3.2
U7375,294,FUSE2,61532.7,61532.7,63355.0,1822.3,1822.3,1035.4,0.568183,1,p:2.3.5.2.1.1
U7376,294,FUSE2,61611.9,61611.9,63471.0,1859.1,1859.1,1035.4,0.556936,1,p:1.1.3.2.3.1
U7428,297,FUSE0,61648.7,61648.7,63391.8,1743.1,1743.1,941.0,0.539843,1,p:2.2.1.1.2.2
U7429,297,FUSE0,61727.9,61727.9,63512.6,1784.7,1784.7,941.0,0.527259,1,p:1.3.4.1.1.2
U7430,297,FUSE0,61779.9,61779.9,63587.0,1807.1,1807.1,941.0,0.520724,1,p:2.1.2.2.2.1
U7431,297,FUSE0,61843.9,61843.9,63628.6,1784.7,1784.7,941.0,0.527259,1,p:1.2.5.1.3.2
U7432,297,FUSE0,61895.9,61895.9,63707.8,1811.9,1811.9,941.0,0.519344,1,p:2.3.1.2.1.1
U7433,297,FUSE0,61974.7,61974.7,63744.6,1769.9,1769.9,941.0,0.531668,1,p:1.1.3.1.2.2
U7434,297,FUSE0,62011.9,62011.9,63823.8,1811.9,1811.9,941.0,0.519344,1,p:2.2.4.2.3.1
U7435,297,FUSE0,62090.7,62090.7,63865.4,1774.7,1774.7,941.0,0.53023,1,p:1.3.2.1.1.2
U7436,297,FUSE1,62132.7,62132.7,63939.8,1807.1,1807.1,1003.0,0.555033,1,p:2.1.5.2.2.1
U7437,297,FUSE1,62206.7,62206.7,63981.4,1774.7,1774.7,1003.0,0.565166,1,p:1.2.1.1.3.2
U7438,297,FUSE1,62248.7,62248.7,64060.6,1811.9,1811.9,1003.0,0.553563,1,p:2.3.3.2.1.1
U7439,297,FUSE1,62327.5,62327.5,64097.4,1769.9,1769.9,1003.0,0.566699,1,p:1.1.4.1.2.2
U7440,297,FUSE1,62364.7,62364.7,64176.6,1811.9,1811.9,1003.0,0.553563,1,p:2.2.2.2.3.1
U7441,297,FUSE1,62443.5,62443.5,64218.2,1774.7,1774.7,1003.0,0.565166,1,p:1.3.5.1.1.2
U7442,297,FUSE1,62485.5,62485.5,64292.6,1807.1,1807.1,1003.0,0.555033,1,p:2.1.1.2.2.1
U7443,297,FUSE1,62559.5,62559.5,64334.2,1774.7,1774.7,1003.0,0.565166,1,p:1.2.3.1.3.2
U7444,297,FUSE2,62601.5,62601.5,64413.4,1811.9,1811.9,1035.4,0.571444,1,p:2.3.4.2.1.1
U7445,297,FUSE2,62680.3,62680.3,64450.2,1769.9,1769.9,1035.4,0.585005,1,p:1.1.2.1.2.2
U7446,297,FUSE2,62717.5,62717.5,64529.4,1811.9,1811.9,1035.4,0.571444,1,p:2.2.5.2.3.1
U7447,297,FUSE2,62796.3,62796.3,64571.0,1774.7,1774.7,1035.4,0.583423,1,p:1.3.1.1.1.2
U7448,297,FUSE2,62838.3,62838.3,64645.4,1807.1,1807.1,1035.4,0.572962,1,p:2.1.3.2.2.1
U7449,297,FUSE2,62912.3,62912.3,64687.0,1774.7,1774.7,1035.4,0.583423,1,p:1.2.4.1.3.2
U7450,297,FUSE2,62954.3,62954.3,64783.0,1828.7,1828.7,1035.4,0.566195,1,p:2.3.2.2.1.1
U7451,297,FUSE2,63033.1,63033.1,64899.0,1865.9,1865.9,1035.4,0.554906,1,p:1.1.5.2.3.1
U7452,297,FUSE2,63070.3,63070.3,64937.8,1867.5,1867.5,1035.4,0.554431,1,p:2.2.1.1.1.2
U2548,103,FUSE0,63149.1,63149.1,64803.0,1653.9,1653.9,941.0,0.568958,1,p:1.3.3.1.2.2
U2549,103,FUSE0,63191.1,63191.1,65015.0,1823.9,1823.9,941.0,0.515927,1,p:2.1.4.2.2.1
U2550,103,FUSE0,63265.1,63265.1,65053.8,1788.7,1788.7,941.0,0.52608,1,p:1.2.2.1.3.2
U2551,103,FUSE0,63307.1,63307.1,65135.8,1828.7,1828.7,941.0,0.514573,1,p:2.3.3.2.1.1
U2552,103,FUSE0,63386.3,63386.3,65169.8,1783.5,1783.5,941.0,0.527614,1,p:1.1.5.1.2.2
U2553,103,FUSE0,63423.1,63423.1,65251.8,1828.7,1828.7,941.0,0.514573,1,p:2.2.1.2.3.1
U2554,103,FUSE0,63502.3,63502.3,65290.6,1788.3,1788.3,941.0,0.526198,1,p:1.3.4.1.1.2
U2555,103,FUSE0,63543.9,63543.9,65367.8,1823.9,1823.9,941.0,0.515927,1,p:2.1.2.2.2.1
U2556,103,FUSE1,63618.3,63618.3,65406.6,1788.3,1788.3,1003.0,0.560868,1,p:1.2.3.1.3.2
U2557,103,FUSE1,63659.9,63659.9,65488.6,1828.7,1828.7,1003.0,0.548477,1,p:2.3.5.2.1.1
U2558,103,FUSE1,63739.1,63739.1,65522.6,1783.5,1783.5,1003.0,0.562377,1,p:1.1.1.1.2.2
U2559,103,FUSE1,63775.9,63775.9,65604.6,1828.7,1828.7,1003.0,0.548477,1,p:2.2.4.2.3.1
U2560,103,FUSE1,63855.1,63855.1,65643.4,1788.3,1788.3,1003.0,0.560868,1,p:1.3.2.1.1.2
U2561,103,FUSE1,63896.7,63896.7,65720.6,1823.9,1823.9,1003.0,0.549921,1,p:2.1.3.2.2.1
U2562,103,FUSE1,63971.1,63971.1,65759.4,1788.3,1788.3,1003.0,0.560868,1,p:1.2.5.1.3.2
U2563,103,FUSE1,64012.7,64012.7,65841.4,1828.7,1828.7,1003.0,0.548477,1,p:2.3.1.2.1.1
U2564,103,FUSE2,64091.9,64091.9,65875.4,1783.5,1783.5,1035.4,0.580544,1,p:1.1.4.1.2.2
U2565,103,FUSE2,64128.7,64128.7,65957.4,1828.7,1828.7,1035.4,0.566195,1,p:2.2.2.2.3.1
U2566,103,FUSE2,64207.9,64207.9,65996.2,1788.3,1788.3,1035.4,0.578986,1,p:1.3.3.1.1.2
U2567,103,FUSE2,64249.5,64249.5,66073.4,1823.9,1823.9,1035.4,0.567685,1,p:2.1.5.2.2.1
U2568,103,FUSE2,64323.9,64323.9,66112.2,1788.3,1788.3,1035.4,0.578986,1,p:1.2.1.1.3.2
U2569,103,FUSE2,64365.5,64365.5,66196.2,1830.7,1830.7,1035.4,0.565576,1,p:2.3.4.2.1.1
U2570,103,FUSE2,64444.7,64444.7,66228.2,1783.5,1783.5,1035.4,0.580544,1,p:1.1.2.1.2.2
U2571,103,FUSE2,64481.5,64481.5,66428.2,1946.7,1946.7,1035.4,0.531874,1,p:2.2.3.2.2.1
U5329,213,FUSE0,64560.7,64560.7,66312.2,1751.5,1751.5,941.0,0.537254,1,p:1.3.5.2.3.1
U5330,213,FUSE0,64602.3,64602.3,66351.0,1748.7,1748.7,941.0,0.538114,1,p:2.1.1.1.1.2
U5331,213,FUSE0,64676.7,64676.7,66467.0,1790.3,1790.3,941.0,0.52561,1,p:1.2.4.1.3.2
U5332,213,FUSE0,64718.3,64718.3,66557.4,1839.1,1839.1,941.0,0.511663,1,p:2.3.2.2.1.1
U5333,213,FUSE0,64814.3,64814.3,66583.0,1768.7,1768.7,941.0,0.532029,1,p:1.1.5.1.2.2
U5334,213,FUSE0,64834.3,64834.3,66673.4,1839.1,1839.1,941.0,0.511663,1,p:2.2.1.2.3.1
U5335,213,FUSE0,64930.3,64930.3,66712.2,1781.9,1781.9,941.0,0.528088,1,p:1.3.3.1.1.2
U5336,213,FUSE0,64969.1,64969.1,66789.4,1820.3,1820.3,941.0,0.516948,1,p:2.1.4.2.2.1
U5337,213,FUSE0,65046.3,65046.3,66828.2,1781.9,1781.9,941.0,0.528088,1,p:1.2.2.1.3.2
U5338,213,FUSE1,65085.1,65085.1,66910.2,1825.1,1825.1,1003.0,0.549559,1,p:2.3.5.2.1.1
U5339,213,FUSE1,65167.1,65167.1,66944.2,1777.1,1777.1,1003.0,0.564403,1,p:1.1.1.1.2.2
U5340,213,FUSE1,65201.1,65201.1,67026.2,1825.1,1825.1,1003.0,0.549559,1,p:2.2.3.2.3.1
U5341,213,FUSE1,65283.1,65283.1,67065.0,1781.9,1781.9,1003.0,0.562882,1,p:1.3.4.1.1.2
U5342,213,FUSE1,65321.9,65321.9,67142.2,1820.3,1820.3,1003.0,0.551008,1,p:2.1.2.2.2.1
U5343,213,FUSE1,65399.1,65399.1,67181.0,1781.9,1781.9,1003.0,0.562882,1,p:1.2.5.1.3.2
U5344,213,FUSE1,65437.9,65437.9,67263.0,1825.1,1825.1,1003.0,0.549559,1,p:2.3.1.2.1.1
U5345,213,FUSE1,65519.9,65519.9,67297.0,1777.1,1777.1,1003.0,0.564403,1,p:1.1.3.1.2.2
U5346,213,FUSE1,65553.9,65553.9,67379.0,1825.1,1825.1,1003.0,0.549559,1,p:2.2.4.2.3.1
U5347,213,FUSE2,65635.9,65635.9,67417.8,1781.9,1781.9,1035.4,0.581065,1,p:1.3.2.1.1.2
U5348,213,FUSE2,65674.7,65674.7,67495.0,1820.3,1820.3,1035.4,0.568807,1,p:2.1.5.2.2.1
U5349,213,FUSE2,65751.9,65751.9,67533.8,1781.9,1781.9,1035.4,0.581065,1,p:1.2.1.1.3.2
U5350,213,FUSE2,65790.7,65790.7,67632.6,1841.9,1841.9,1035.4,0.562137,1,p:2.3.3.2.1.1
U5351,213,FUSE2,65872.7,65872.7,67649.8,1777.1,1777.1,1035.4,0.582635,1,p:1.1.4.1.2.2
U5352,213,FUSE2,65906.7,65906.7,67748.6,1841.9,1841.9,1035.4,0.562137,1,p:2.2.2.2.3.1
U5353,213,FUSE2,65988.7,65988.7,67804.6,1815.9,1815.9,1035.4,0.570186,1,p:1.3.5.1.2.2
U5354,213,FUSE2,66027.5,66027.5,67867.8,1840.3,1840.3,1035.4,0.562626,1,p:2.1.1.2.1.1
U5355,213,FUSE2,66104.7,66104.7,67920.6,1815.9,1815.9,1035.4,0.570186,1,p:1.2.3.1.3.2
U5356,213,FUSE2,66143.5,66143.5,67999.4,1855.9,1855.9,1035.4,0.557896,1,p:2.3.4.2.2.1
U5357,213,FUSE2,66227.5,66227.5,68068.2,1840.7,1840.7,1035.4,0.562503,1,p:1.1.2.1.1.2
U2623,106,FUSE0,66259.5,66259.5,68115.4,1855.9,1855.9,941.0,0.507032,1,p:2.2.5.2.3.1
U2624,106,FUSE0,66343.5,66343.5,68184.2,1840.7,1840.7,941.0,0.511219,1,p:1.3.1.1.2.2
U2625,106,FUSE0,66382.3,66382.3,68263.0,1880.7,1880.7,941.0,0.500346,1,p:2.1.3.2.1.1
U2626,106,FUSE0,66459.5,66459.5,68300.2,1840.7,1840.7,941.0,0.511219,1,p:1.2.4.1.3.2
U2627,106,FUSE0,66498.3,66498.3,68379.0,1880.7,1880.7,941.0,0.500346,1,p:2.3.2.2.2.1
U2628,106,FUSE0,66588.7,66588.7,68421.0,1832.3,1832.3,941.0,0.513562,1,p:1.1.5.1.1.2
U2629,106,FUSE0,66614.3,66614.3,68495.0,1880.7,1880.7,941.0,0.500346,1,p:2.2.1.2.3.1
U2630,106,FUSE0,66704.7,66704.7,68537.0,1832.3,1832.3,941.0,0.513562,1,p:1.3.3.1.2.2
U2631,106,FUSE1,66743.5,66743.5,68615.8,1872.3,1872.3,1003.0,0.535705,1,p:2.1.4.2.1.1
U2632,106,FUSE1,66820.7,66820.7,68653.0,1832.3,1832.3,1003.0,0.547399,1,p:1.2.2.1.3.2
U2633,106,FUSE1,66859.5,66859.5,68731.8,1872.3,1872.3,1003.0,0.535705,1,p:2.3.5.2.2.1
U2634,106,FUSE1,66941.5,66941.5,68773.8,1832.3,1832.3,1003.0,0.547399,1,p:1.1.1.1.1.2
U2635,106,FUSE1,66975.5,66975.5,68847.8,1872.3,1872.3,1003.0,0.535705,1,p:2.2.3.2.3.1
U2636,106,FUSE1,67057.5,67057.5,68889.8,1832.3,1832.3,1003.0,0.547399,1,p:1.3.4.1.2.2
U2637,106,FUSE1,67096.3,67096.3,68968.6,1872.3,1872.3,1003.0,0.535705,1,p:2.1.2.2.1.1
U2638,106,FUSE1,67173.5,67173.5,69005.8,1832.3,1832.3,1003.0,0.547399,1,p:1.2.5.1.3.2
U2639,106,FUSE2,67212.3,67212.3,69084.6,1872.3,1872.3,1035.4,0.55301,1,p:2.3.1.2.2.1
U2640,106,FUSE2,67294.3,67294.3,69126.6,1832.3,1832.3,1035.4,0.565082,1,p:1.1.3.1.1.2
U2641,106,FUSE2,67328.3,67328.3,69200.6,1872.3,1872.3,1035.4,0.55301,1,p:2.2.4.2.3.1
U2642,106,FUSE2,67410.3,67410.3,69242.6,1832.3,1832.3,1035.4,0.565082,1,p:1.3.2.1.2.2
U2643,106,FUSE2,67449.1,67449.1,69321.4,1872.3,1872.3,1035.4,0.55301,1,p:2.1.5.2.1.1
U2644,106,FUSE2,67526.3,67526.3,69358.6,1832.3,1832.3,1035.4,0.565082,1,p:1.2.1.1.3.2
U2645,106,FUSE2,67565.1,67565.1,69437.4,1872.3,1872.3,1035.4,0.55301,1,p:2.3.3.2.2.1
U2646,106,FUSE2,67663.9,67663.9,69479.4,1815.5,1815.5,1035.4,0.570311,1,p:1.1.4.1.1.2
U2647,106,FUSE2,67681.1,67681.1,69674.2,1993.1,1993.1,1035.4,0.519492,1,p:2.2.2.2.1.1
U3399,137,FUSE0,67779.9,67779.9,69553.4,1773.5,1773.5,941.0,0.530589,1,p:1.3.5.2.3.1
U3400,137,FUSE0,67835.9,67835.9,69595.4,1759.5,1759.5,941.0,0.534811,1,p:2.1.1.1.2.2
U3401,137,FUSE0,67899.1,67899.1,69711.4,1812.3,1812.3,941.0,0.51923,1,p:1.2.3.1.3.2
U3402,137,FUSE0,67951.9,67951.9,69790.2,1838.3,1838.3,941.0,0.511886,1,p:2.3.4.2.2.1
U3403,137,FUSE0,68030.7,68030.7,69832.2,1801.5,1801.5,941.0,0.522342,1,p:1.1.5.1.1.2
U3404,137,FUSE0,68099.5,68099.5,69906.2,1806.7,1806.7,941.0,0.520839,1,p:2.2.1.2.3.1
U3405,137,FUSE0,68146.7,68146.7,69948.2,1801.5,1801.5,941.0,0.522342,1,p:1.3.2.1.2.2
U3406,137,FUSE0,68215.5,68215.5,70027.0,1811.5,1811.5,941.0,0.519459,1,p:2.1.3.2.1.1
U3407,137,FUSE1,68294.3,68294.3,70064.2,1769.9,1769.9,1003.0,0.566699,1,p:1.2.4.1.3.2
U3408,137,FUSE1,68331.5,68331.5,70143.0,1811.5,1811.5,1003.0,0.553685,1,p:2.3.5.2.2.1
U3409,137,FUSE1,68410.3,68410.3,70185.0,1774.7,1774.7,1003.0,0.565166,1,p:1.1.1.1.1.2
U3410,137,FUSE1,68452.3,68452.3,70259.0,1806.7,1806.7,1003.0,0.555156,1,p:2.2.2.2.3.1
U3411,137,FUSE1,68526.3,68526.3,70301.0,1774.7,1774.7,1003.0,0.565166,1,p:1.3.3.1.2.2
U3412,137,FUSE1,68568.3,68568.3,70379.8,1811.5,1811.5,1003.0,0.553685,1,p:2.1.4.2.1.1
U3413,137,FUSE1,68647.1,68647.1,70417.0,1769.9,1769.9,1003.0,0.566699,1,p:1.2.5.1.3.2
U3414,137,FUSE2,68684.3,68684.3,70495.8,1811.5,1811.5,1035.4,0.571571,1,p:2.3.1.2.2.1
U3415,137,FUSE2,68763.1,68763.1,70537.8,1774.7,1774.7,1035.4,0.583423,1,p:1.1.2.1.1.2
U3416,137,FUSE2,68805.1,68805.1,70611.8,1806.7,1806.7,1035.4,0.573089,1,p:2.2.3.2.3.1
U3417,137,FUSE2,68879.1,68879.1,70653.8,1774.7,1774.7,1035.4,0.583423,1,p:1.3.4.1.2.2
U3418,137,FUSE2,68921.1,68921.1,70732.6,1811.5,1811.5,1035.4,0.571571,1,p:2.1.5.2.1.1
U3419,137,FUSE2,68999.9,68999.9,70769.8,1769.9,1769.9,1035.4,0.585005,1,p:1.2.1.1.3.2
U3420,137,FUSE2,69037.1,69037.1,70848.6,1811.5,1811.5,1035.4,0.571571,1,p:2.3.2.2.2.1
U3421,137,FUSE2,69115.9,69115.9,70890.6,1774.7,1774.7,1035.4,0.583423,1,p:1.1.3.1.1.2
U1639,66,FUSE0,69157.9,69157.9,70964.6,1806.7,1806.7,941.0,0.520839,1,p:2.2.4.2.3.1
U1640,66,FUSE0,69231.9,69231.9,71006.6,1774.7,1774.7,941.0,0.53023,1,p:1.3.5.1.2.2
U1641,66,FUSE0,69273.9,69273.9,71085.4,1811.5,1811.5,941.0,0.519459,1,p:2.1.1.2.1.1
U1642,66,FUSE0,69352.7,69352.7,71122.6,1769.9,1769.9,941.0,0.531668,1,p:1.2.2.1.3.2
U1643,66,FUSE0,69389.9,69389.9,71201.4,1811.5,1811.5,941.0,0.519459,1,p:2.3.3.2.2.1
U1644,66,FUSE0,69468.7,69468.7,71243.4,1774.7,1774.7,941.0,0.53023,1,p:1.1.4.1.1.2
U1645,66,FUSE0,69510.7,69510.7,71317.4,1806.7,1806.7,941.0,0.520839,1,p:2.2.5.2.3.1
U1646,66,FUSE0,69584.7,69584.7,71359.4,1774.7,1774.7,941.0,0.53023,1,p:1.3.1.1.2.2
U1647,66,FUSE1,69626.7,69626.7,71438.2,1811.5,1811.5,1003.0,0.553685,1,p:2.1.2.2.1.1
U1648,66,FUSE1,69705.5,69705.5,71475.4,1769.9,1769.9,1003.0,0.566699,1,p:1.2.3.1.3.2
U1649,66,FUSE1,69742.7,69742.7,71554.2,1811.5,1811.5,1003.0,0.553685,1,p:2.3.4.2.2.1
U1650,66,FUSE1,69821.5,69821.5,71596.2,1774.7,1774.7,1003.0,0.565166,1,p:1.1.5.1.1.2
U1651,66,FUSE1,69863.5,69863.5,71670.2,1806.7,1806.7,1003.0,0.555156,1,p:2.2.1.2.3.1
U1652,66,FUSE1,69937.5,69937.5,71712.2,1774.7,1774.7,1003.0,0.565166,1,p:1.3.2.1.2.2
U1653,66,FUSE1,69979.5,69979.5,71791.0,1811.5,1811.5,1003.0,0.553685,1,p:2.1.3.2.1.1
U1654,66,FUSE1,70058.3,70058.3,71828.2,1769.9,1769.9,1003.0,0.566699,1,p:1.2.4.1.3.2
U1655,66,FUSE2,70095.5,70095.5,71907.0,1811.5,1811.5,1035.4,0.571571,1,p:2.3.5.2.2.1
U1656,66,FUSE2,70174.3,70174.3,71949.0,1774.7,1774.7,1035.4,0.583423,1,p:1.1.1.1.1.2
U1657,66,FUSE2,70216.3,70216.3,72023.0,1806.7,1806.7,1035.4,0.573089,1,p:2.2.2.2.3.1
U1658,66,FUSE2,70290.3,70290.3,72065.0,1774.7,1774.7,1035.4,0.583423,1,p:1.3.3.1.2.2
U1659,66,FUSE2,70332.3,70332.3,72143.8,1811.5,1811.5,1035.4,0.571571,1,p:2.1.4.2.1.1
U1660,66,FUSE2,70411.1,70411.1,72181.0,1769.9,1769.9,1035.4,0.585005,1,p:1.2.5.1.3.2
U1661,66,FUSE2,70448.3,70448.3,72259.8,1811.5,1811.5,1035.4,0.571571,1,p:2.3.1.2.2.1
U1662,66,FUSE2,70527.1,70527.1,72375.8,1848.7,1848.7,1035.4,0.560069,1,p:1.1.2.2.3.1
U126,6,FUSE0,70569.1,70569.1,72301.8,1732.7,1732.7,941.0,0.543083,1,p:2.2.3.1.1.2
U127,6,FUSE0,70643.1,70643.1,72417.8,1774.7,1774.7,941.0,0.53023,1,p:1.3.4.1.2.2
U128,6,FUSE0,70685.1,70685.1,72496.6,1811.5,1811.5,941.0,0.519459,1,p:2.1.5.2.1.1
U129,6,FUSE0,70763.9,70763.9,72533.8,1769.9,1769.9,941.0,0.531668,1,p:1.2.1.1.3.2
U130,6,FUSE0,70801.1,70801.1,72612.6,1811.5,1811.5,941.0,0.519459,1,p:2.3.3.2.2.1
U131,6,FUSE0,70879.9,70879.9,72654.6,1774.7,1774.7,941.0,0.53023,1,p:1.1.2.1.1.2
U132,6,FUSE0,70921.9,70921.9,72728.6,1806.7,1806.7,941.0,0.520839,1,p:2.2.4.2.3.1
U133,6,FUSE1,70995.9,70995.9,72770.6,1774.7,1774.7,1003.0,0.565166,1,p:1.3.5.1.2.2
U134,6,FUSE1,71037.9,71037.9,72849.4,1811.5,1811.5,1003.0,0.553685,1,p:2.1.1.2.1.1
U135,6,FUSE1,71116.7,71116.7,72886.6,1769.9,1769.9,1003.0,0.566699,1,p:1.2.3.1.3.2
U136,6,FUSE1,71153.9,71153.9,72965.4,1811.5,1811.5,1003.0,0.553685,1,p:2.3.2.2.2.1
U137,6,FUSE1,71232.7,71232.7,73007.4,1774.7,1774.7,1003.0,0.565166,1,p:1.1.4.1.1.2
U138,6,FUSE1,71274.7,71274.7,73081.4,1806.7,1806.7,1003.0,0.555156,1,p:2.2.5.2.3.1
U139,6,FUSE1,71348.7,71348.7,73123.4,1774.7,1774.7,1003.0,0.565166,1,p:1.3.1.1.2.2
U140,6,FUSE2,71390.7,71390.7,73202.2,1811.5,1811.5,1035.4,0.571571,1,p:2.1.3.2.1.1
U141,6,FUSE2,71469.5,71469.5,73239.4,1769.9,1769.9,1035.4,0.585005,1,p:1.2.2.1.3.2
U142,6,FUSE2,71506.7,71506.7,73318.2,1811.5,1811.5,1035.4,0.571571,1,p:2.3.4.2.2.1
U143,6,FUSE2,71585.5,71585.5,73367.4,1781.9,1781.9,1035.4,0.581065,1,p:1.1.5.1.1.2
U144,6,FUSE2,71627.5,71627.5,73434.2,1806.7,1806.7,1035.4,0.573089,1,p:2.2.1.2.3.1
U145,6,FUSE2,71701.5,71701.5,73483.4,1781.9,1781.9,1035.4,0.581065,1,p:1.3.3.1.2.2
U146,6,FUSE2,71743.5,71743.5,73562.2,1818.7,1818.7,1035.4,0.569308,1,p:2.1.2.2.1.1
U147,6,FUSE2,71822.3,71822.3,73599.4,1777.1,1777.1,1035.4,0.582635,1,p:1.2.4.1.3.2
U5854,234,FUSE0,71859.5,71859.5,73678.2,1818.7,1818.7,941.0,0.517403,1,p:2.3.5.2.2.1
U5855,234,FUSE0,71938.3,71938.3,73720.2,1781.9,1781.9,941.0,0.528088,1,p:1.1.1.1.1.2
U5856,234,FUSE0,71980.3,71980.3,73794.2,1813.9,1813.9,941.0,0.518772,1,p:2.2.3.2.3.1
U5857,234,FUSE0,72054.3,72054.3,73836.2,1781.9,1781.9,941.0,0.528088,1,p:1.3.2.1.2.2
U5858,234,FUSE0,72096.3,72096.3,73915.0,1818.7,1818.7,941.0,0.517403,1,p:2.1.4.2.1.1
U5859,234,FUSE0,72175.1,72175.1,73952.2,1777.1,1777.1,941.0,0.529514,1,p:1.2.5.1.3.2
U5860,234,FUSE0,72212.3,72212.3,74031.0,1818.7,1818.7,941.0,0.517403,1,p:2.3.1.2.2.1
U5861,234,FUSE0,72291.1,72291.1,74073.0,1781.9,1781.9,941.0,0.528088,1,p:1.1.3.1.1.2
U5862,234,FUSE1,72333.1,72333.1,74147.0,1813.9,1813.9,1003.0,0.552952,1,p:2.2.2.2.3.1
U5863,234,FUSE1,72407.1,72407.1,74189.0,1781.9,1781.9,1003.0,0.562882,1,p:1.3.4.1.2.2
U5864,234,FUSE1,72449.1,72449.1,74267.8,1818.7,1818.7,1003.0,0.551493,1,p:2.1.5.2.1.1
U5865,234,FUSE1,72527.9,72527.9,74305.0,1777.1,1777.1,1003.0,0.564403,1,p:1.2.1.1.3.2
U5866,234,FUSE1,72565.1,72565.1,74383.8,1818.7,1818.7,1003.0,0.551493,1,p:2.3.3.2.2.1
U5867,234,FUSE1,72643.9,72643.9,74425.8,1781.9,1781.9,1003.0,0.562882,1,p:1.1.2.1.1.2
U5868,234,FUSE1,72685.9,72685.9,74499.8,1813.9,1813.9,1003.0,0.552952,1,p:2.2.4.2.3.1
U5869,234,FUSE1,72759.9,72759.9,74541.8,1781.9,1781.9,1003.0,0.562882,1,p:1.3.5.1.2.2
U5870,234,FUSE2,72801.9,72801.9,74620.6,1818.7,1818.7,1035.4,0.569308,1,p:2.1.1.2.1.1
U5871,234,FUSE2,72880.7,72880.7,74657.8,1777.1,1777.1,1035.4,0.582635,1,p:1.2.3.1.3.2
U5872,234,FUSE2,72917.9,72917.9,74736.6,1818.7,1818.7,1035.4,0.569308,1,p:2.3.2.2.2.1
U5873,234,FUSE2,72996.7,72996.7,74778.6,1781.9,1781.9,1035.4,0.581065,1,p:1.1.4.1.1.2
U5874,234,FUSE2,73038.7,73038.7,74852.6,1813.9,1813.9,1035.4,0.570814,1,p:2.2.5.2.3.1
U5875,234,FUSE2,73112.7,73112.7,74894.6,1781.9,1781.9,1035.4,0.581065,1,p:1.3.1.1.2.2
U5876,234,FUSE2,73154.7,73154.7,74973.4,1818.7,1818.7,1035.4,0.569308,1,p:2.1.3.2.1.1
U5877,234,FUSE2,73233.5,73233.5,75131.4,1897.9,1897.9,1035.4,0.54555,1,p:1.2.2.1.1.2
U8569,343,FUSE0,73270.7,73270.7,75010.6,1739.9,1739.9,941.0,0.540836,1,p:2.3.4.1.3.2
U8570,343,FUSE0,73349.5,73349.5,75089.4,1739.9,1739.9,941.0,0.540836,1,p:1.1.5.2.2.1
U8571,343,FUSE0,73398.7,73398.7,75205.4,1806.7,1806.7,941.0,0.520839,1,p:2.2.1.2.3.1
U8572,343,FUSE0,73465.5,73465.5,75247.4,1781.9,1781.9,941.0,0.528088,1,p:1.3.3.1.2.2
U8573,343,FUSE0,73514.7,73514.7,75326.2,1811.5,1811.5,941.0,0.519459,1,p:2.1.4.2.1.1
U8574,343,FUSE0,73593.5,73593.5,75363.4,1769.9,1769.9,941.0,0.531668,1,p:1.2.5.1.3.2
U8575,343,FUSE1,73630.7,73630.7,75442.2,1811.5,1811.5,1003.0,0.553685,1,p:2.3.2.2.2.1
U8576,343,FUSE1,73709.5,73709.5,75484.2,1774.7,1774.7,1003.0,0.565166,1,p:1.1.1.1.1.2
U8577,343,FUSE1,73751.5,73751.5,75558.2,1806.7,1806.7,1003.0,0.555156,1,p:2.2.3.2.3.1
U8578,343,FUSE1,73825.5,73825.5,75600.2,1774.7,1774.7,1003.0,0.565166,1,p:1.3.4.1.2.2
U8579,343,FUSE1,73867.5,73867.5,75679.0,1811.5,1811.5,1003.0,0.553685,1,p:2.1.5.2.1.1
U8580,343,FUSE1,73946.3,73946.3,75716.2,1769.9,1769.9,1003.0,0.566699,1,p:1.2.2.1.3.2
U8581,343,FUSE2,73983.5,73983.5,75795.0,1811.5,1811.5,1035.4,0.571571,1,p:2.3.1.2.2.1
U8582,343,FUSE2,74062.3,74062.3,75837.0,1774.7,1774.7,1035.4,0.583423,1,p:1.1.3.1.1.2
U8583,343,FUSE2,74104.3,74104.3,75911.0,1806.7,1806.7,1035.4,0.573089,1,p:2.2.4.2.3.1
U8584,343,FUSE2,74178.3,74178.3,75953.0,1774.7,1774.7,1035.4,0.583423,1,p:1.3.5.1.2.2
U8585,343,FUSE2,74220.3,74220.3,76031.8,1811.5,1811.5,1035.4,0.571571,1,p:2.1.2.2.1.1
U8586,343,FUSE2,74299.1,74299.1,76069.0,1769.9,1769.9,1035.4,0.585005,1,p:1.2.1.1.3.2
U8587,343,FUSE2,74336.3,74336.3,76263.8,1927.5,1927.5,1035.4,0.537173,1,p:2.3.3.2.3.1
U148,7,FUSE0,74415.1,74415.1,76147.8,1732.7,1732.7,941.0,0.543083,1,p:1.1.4.2.2.1
U149,7,FUSE0,74457.1,74457.1,76189.8,1732.7,1732.7,941.0,0.543083,1,p:2.2.5.1.1.2
U150,7,FUSE0,74531.1,74531.1,76305.8,1774.7,1774.7,941.0,0.53023,1,p:1.3.2.1.2.2
U151,7,FUSE0,74573.1,74573.1,76384.6,1811.5,1811.5,941.0,0.519459,1,p:2.1.1.2.1.1
U152,7,FUSE0,74651.9,74651.9,76421.8,1769.9,1769.9,941.0,0.531668,1,p:1.2.4.1.3.2
U153,7,FUSE0,74689.1,74689.1,76500.6,1811.5,1811.5,941.0,0.519459,1,p:2.3.5.2.2.1
U154,7,FUSE0,74767.9,74767.9,76542.6,1774.7,1774.7,941.0,0.53023,1,p:1.1.3.1.1.2
U155,7,FUSE0,74809.9,74809.9,76616.6,1806.7,1806.7,941.0,0.520839,1,p:2.2.2.2.3.1
U156,7,FUSE0,74883.9,74883.9,76658.6,1774.7,1774.7,941.0,0.53023,1,p:1.3.1.1.2.2
U157,7,FUSE1,74925.9,74925.9,76737.4,1811.5,1811.5,1003.0,0.553685,1,p:2.1.4.2.1.1
U158,7,FUSE1,75004.7,75004.7,76774.6,1769.9,1769.9,1003.0,0.566699,1,p:1.2.5.1.3.2
U159,7,FUSE1,75041.9,75041.9,76853.4,1811.5,1811.5,1003.0,0.553685,1,p:2.3.3.2.2.1
U160,7,FUSE1,75120.7,75120.7,76895.4,1774.7,1774.7,1003.0,0.565166,1,p:1.1.2.1.1.2
U161,7,FUSE1,75162.7,75162.7,76969.4,1806.7,1806.7,1003.0,0.555156,1,p:2.2.1.2.3.1
U162,7,FUSE1,75236.7,75236.7,77011.4,1774.7,1774.7,1003.0,0.565166,1,p:1.3.4.1.2.2
U163,7,FUSE1,75278.7,75278.7,77090.2,1811.5,1811.5,1003.0,0.553685,1,p:2.1.5.2.1.1
U164,7,FUSE1,75357.5,75357.5,77127.4,1769.9,1769.9,1003.0,0.566699,1,p:1.2.3.1.3.2
U165,7,FUSE1,75394.7,75394.7,77206.2,1811.5,1811.5,1003.0,0.553685,1,p:2.3.2.2.2.1
U166,7,FUSE2,75473.5,75473.5,77248.2,1774.7,1774.7,1035.4,0.583423,1,p:1.1.1.1.1.2
U167,7,FUSE2,75515.5,75515.5,77322.2,1806.7,1806.7,1035.4,0.573089,1,p:2.2.4.2.3.1
U168,7,FUSE2,75589.5,75589.5,77364.2,1774.7,1774.7,1035.4,0.583423,1,p:1.3.5.1.2.2
U169,7,FUSE2,75631.5,75631.5,77455.8,1824.3,1824.3,1035.4,0.56756,1,p:2.1.3.2.1.1
U170,7,FUSE2,75710.3,75710.3,77480.2,1769.9,1769.9,1035.4,0.585005,1,p:1.2.2.1.3.2
U171,7,FUSE2,75747.5,75747.5,77571.8,1824.3,1824.3,1035.4,0.56756,1,p:2.3.1.2.2.1
U172,7,FUSE2,75826.3,75826.3,77596.2,1769.9,1769.9,1035.4,0.585005,1,p:1.1.4.1.3.2
U173,7,FUSE2,75868.3,75868.3,77820.2,1951.9,1951.9,1035.4,0.530458,1,p:2.2.5.2.3.1
U174,7,FUSE2,75942.3,75942.3,77704.2,1761.9,1761.9,1035.4,0.587661,1,p:1.3.3.2.1.1
U4649,186,FUSE0,75984.3,75984.3,77733.8,1749.5,1749.5,941.0,0.537868,1,p:2.1.2.1.2.2
U4650,186,FUSE0,76063.1,76063.1,77891.4,1828.3,1828.3,941.0,0.514686,1,p:1.2.1.1.1.2
U4651,186,FUSE0,76100.3,76100.3,77936.2,1835.9,1835.9,941.0,0.512555,1,p:2.3.4.2.2.1
U4652,186,FUSE0,76179.1,76179.1,78123.4,1944.3,1944.3,941.0,0.483979,1,p:1.1.5.1.2.2
U4653,186,FUSE0,76221.1,76221.1,78086.2,1865.1,1865.1,941.0,0.504531,1,p:2.2.2.2.1.1
U4654,186,FUSE0,76295.1,76295.1,78007.4,1712.3,1712.3,941.0,0.549553,1,p:1.3.3.1.3.2
U4655,186,FUSE0,76337.1,76337.1,78202.2,1865.1,1865.1,941.0,0.504531,1,p:2.1.1.2.3.1
U4656,186,FUSE0,76415.9,76415.9,78244.2,1828.3,1828.3,941.0,0.514686,1,p:1.2.4.1.1.2
U4657,186,FUSE1,76453.1,76453.1,78439.0,1985.9,1985.9,1003.0,0.505061,1,p:2.3.5.2.1.1
U4658,186,FUSE1,76531.9,76531.9,78360.2,1828.3,1828.3,1003.0,0.548597,1,p:1.1.2.1.3.2
U4659,186,FUSE1,76573.9,76573.9,78318.2,1744.3,1744.3,1003.0,0.575016,1,p:2.2.3.2.2.1
U4660,186,FUSE1,76647.9,76647.9,78476.2,1828.3,1828.3,1003.0,0.548597,1,p:1.3.1.1.2.2
U4661,186,FUSE1,76689.9,76689.9,78555.0,1865.1,1865.1,1003.0,0.537773,1,p:2.1.4.2.3.1
U4662,186,FUSE1,76768.7,76768.7,78713.0,1944.3,1944.3,1003.0,0.515867,1,p:1.2.5.1.3.2
U4663,186,FUSE1,76805.9,76805.9,78671.0,1865.1,1865.1,1003.0,0.537773,1,p:2.3.2.2.2.1
U4664,186,FUSE1,76884.7,76884.7,78597.0,1712.3,1712.3,1003.0,0.585762,1,p:1.1.3.1.1.2
U4665,186,FUSE2,76926.7,76926.7,78791.8,1865.1,1865.1,1035.4,0.555144,1,p:2.2.1.2.1.1
U4666,186,FUSE2,77000.7,77000.7,78829.0,1828.3,1828.3,1035.4,0.566318,1,p:1.3.4.1.2.2
U4667,186,FUSE2,77042.7,77042.7,79023.8,1981.1,1981.1,1035.4,0.522639,1,p:2.1.5.2.2.1
U4668,186,FUSE2,77121.5,77121.5,78949.8,1828.3,1828.3,1035.4,0.566318,1,p:1.2.2.1.1.2
U4669,186,FUSE2,77158.7,77158.7,78907.8,1749.1,1749.1,1035.4,0.591962,1,p:2.3.3.2.3.1
U4670,186,FUSE2,77237.5,77237.5,79065.8,1828.3,1828.3,1035.4,0.566318,1,p:1.1.1.1.3.2
U4671,186,FUSE2,77279.5,77279.5,79145.0,1865.5,1865.5,1035.4,0.555025,1,p:2.2.4.2.1.1
U4672,186,FUSE2,77353.5,77353.5,79261.0,1907.5,1907.5,1035.4,0.542805,1,p:1.3.5.2.3.1
U4673,186,FUSE2,77395.5,77395.5,79302.6,1907.1,1907.1,1035.4,0.542919,1,p:2.1.2.1.1.2
U3139,126,FUSE0,77487.1,77487.1,79181.8,1694.7,1694.7,941.0,0.555261,1,p:1.2.3.1.2.2
U3140,126,FUSE0,77511.5,77511.5,79377.0,1865.5,1865.5,941.0,0.504422,1,p:2.3.1.2.2.1
U3141,126,FUSE0,77603.1,77603.1,79418.6,1815.5,1815.5,941.0,0.518315,1,p:1.1.4.1.3.2
U3142,126,FUSE0,77627.5,77627.5,79497.8,1870.3,1870.3,941.0,0.503128,1,p:2.2.3.2.1.1
U3143,126,FUSE0,77735.5,77735.5,79534.6,1799.1,1799.1,941.0,0.523039,1,p:1.3.5.1.2.2
U3144,126,FUSE0,77765.1,77765.1,79613.8,1848.7,1848.7,941.0,0.509006,1,p:2.1.2.2.3.1
U3145,126,FUSE0,77851.5,77851.5,79655.4,1803.9,1803.9,941.0,0.521648,1,p:1.2.1.1.1.2
U3146,126,FUSE0,77922.7,77922.7,79729.8,1807.1,1807.1,941.0,0.520724,1,p:2.1.4.2.2.1
U3147,126,FUSE1,77967.5,77967.5,79771.4,1803.9,1803.9,1003.0,0.556018,1,p:1.3.3.1.3.2
U3148,126,FUSE1,78038.7,78038.7,79850.6,1811.9,1811.9,1003.0,0.553563,1,p:2.2.5.2.1.1
U3149,126,FUSE1,78117.5,78117.5,79887.4,1769.9,1769.9,1003.0,0.566699,1,p:1.1.2.1.2.2
U3150,126,FUSE1,78154.7,78154.7,79966.6,1811.9,1811.9,1003.0,0.553563,1,p:2.3.1.2.3.1
U3151,126,FUSE1,78233.5,78233.5,80008.2,1774.7,1774.7,1003.0,0.565166,1,p:1.2.4.1.1.2
U3152,126,FUSE1,78275.5,78275.5,80082.6,1807.1,1807.1,1003.0,0.555033,1,p:2.1.3.2.2.1
U3153,126,FUSE1,78349.5,78349.5,80124.2,1774.7,1774.7,1003.0,0.565166,1,p:1.3.5.1.3.2
U3154,126,FUSE1,78391.5,78391.5,80203.4,1811.9,1811.9,1003.0,0.553563,1,p:2.2.2.2.1.1
U3155,126,FUSE2,78470.3,78470.3,80240.2,1769.9,1769.9,1035.4,0.585005,1,p:1.1.1.1.2.2
U3156,126,FUSE2,78507.5,78507.5,80319.4,1811.9,1811.9,1035.4,0.571444,1,p:2.3.4.2.3.1
U3157,126,FUSE2,78586.3,78586.3,80361.0,1774.7,1774.7,1035.4,0.583423,1,p:1.2.3.1.1.2
U3158,126,FUSE2,78628.3,78628.3,80435.4,1807.1,1807.1,1035.4,0.572962,1,p:2.1.5.2.2.1
U3159,126,FUSE2,78702.3,78702.3,80477.0,1774.7,1774.7,1035.4,0.583423,1,p:1.3.2.1.3.2
U3160,126,FUSE2,78744.3,78744.3,80570.2,1825.9,1825.9,1035.4,0.567063,1,p:2.2.1.2.1.1
U3161,126,FUSE2,78823.1,78823.1,80593.0,1769.9,1769.9,1035.4,0.585005,1,p:1.1.4.1.2.2
U3162,126,FUSE2,78860.3,78860.3,80686.2,1825.9,1825.9,1035.4,0.567063,1,p:2.3.3.2.3.1
U3163,126,FUSE2,78939.1,78939.1,80841.0,1901.9,1901.9,1035.4,0.544403,1,p:1.2.5.1.3.2
U3164,126,FUSE2,78981.1,78981.1,80802.2,1821.1,1821.1,1035.4,0.568557,1,p:2.1.2.2.2.1
U663,27,FUSE0,79055.1,79055.1,80725.0,1669.9,1669.9,941.0,0.563507,1,p:1.3.1.1.1.2
U664,27,FUSE0,79097.1,79097.1,80923.0,1825.9,1825.9,941.0,0.515362,1,p:2.2.4.2.1.1
U665,27,FUSE0,79176.3,79176.3,80957.0,1780.7,1780.7,941.0,0.528444,1,p:1.1.3.1.2.2
U666,27,FUSE0,79213.1,79213.1,81155.0,1941.9,1941.9,941.0,0.484577,1,p:2.3.5.2.2.1
U667,27,FUSE0,79292.3,79292.3,81077.8,1785.5,1785.5,941.0,0.527023,1,p:1.2.2.1.1.2
U668,27,FUSE0,79333.9,79333.9,81039.0,1705.1,1705.1,941.0,0.551874,1,p:2.1.1.2.3.1
U669,27,FUSE0,79408.3,79408.3,81193.8,1785.5,1785.5,941.0,0.527023,1,p:1.3.4.1.3.2
U670,27,FUSE0,79449.9,79449.9,81275.8,1825.9,1825.9,941.0,0.515362,1,p:2.2.3.2.1.1
U671,27,FUSE0,79529.1,79529.1,81309.8,1780.7,1780.7,941.0,0.528444,1,p:1.1.5.1.2.2
U672,27,FUSE1,79565.9,79565.9,81391.8,1825.9,1825.9,1003.0,0.549318,1,p:2.3.2.2.3.1
U673,27,FUSE1,79645.1,79645.1,81430.6,1785.5,1785.5,1003.0,0.561747,1,p:1.2.1.1.1.2
U674,27,FUSE1,79686.7,79686.7,81507.8,1821.1,1821.1,1003.0,0.550766,1,p:2.1.4.2.2.1
U675,27,FUSE1,79761.1,79761.1,81546.6,1785.5,1785.5,1003.0,0.561747,1,p:1.3.3.1.3.2
U676,27,FUSE1,79802.7,79802.7,81628.6,1825.9,1825.9,1003.0,0.549318,1,p:2.2.5.2.1.1
U677,27,FUSE1,79881.9,79881.9,81662.6,1780.7,1780.7,1003.0,0.563262,1,p:1.1.2.1.2.2
U678,27,FUSE1,79918.7,79918.7,81744.6,1825.9,1825.9,1003.0,0.549318,1,p:2.3.1.2.3.1
U679,27,FUSE1,79997.9,79997.9,81783.4,1785.5,1785.5,1003.0,0.561747,1,p:1.2.4.1.1.2
U680,27,FUSE1,80039.5,80039.5,81860.6,1821.1,1821.1,1003.0,0.550766,1,p:2.1.3.2.2.1
U681,27,FUSE2,80113.9,80113.9,81899.4,1785.5,1785.5,1035.4,0.579894,1,p:1.3.5.1.3.2
U682,27,FUSE2,80155.5,80155.5,81981.4,1825.9,1825.9,1035.4,0.567063,1,p:2.2.2.2.1.1
U683,27,FUSE2,80234.7,80234.7,82015.4,1780.7,1780.7,1035.4,0.581457,1,p:1.1.1.1.2.2
U684,27,FUSE2,80271.5,80271.5,82097.4,1825.9,1825.9,1035.4,0.567063,1,p:2.3.4.2.3.1
U685,27,FUSE2,80350.7,80350.7,82136.6,1785.9,1785.9,1035.4,0.579764,1,p:1.2.3.1.1.2
U686,27,FUSE2,80392.3,80392.3,82252.6,1860.3,1860.3,1035.4,0.556577,1,p:2.1.5.2.2.2
U687,27,FUSE2,80466.7,80466.7,82213.4,1746.7,1746.7,1035.4,0.592775,1,p:1.3.2.1.3.1
U688,27,FUSE2,80508.3,80508.3,82371.4,1863.1,1863.1,1035.4,0.55574,1,p:2.2.1.2.3.1
U689,27,FUSE2,80601.5,80601.5,82374.2,1772.7,1772.7,1035.4,0.584081,1,p:1.1.4.1.1.2
U690,27,FUSE2,80624.3,80624.3,82549.0,1924.7,1924.7,1035.4,0.537954,1,p:2.3.3.2.1.2
U5728,229,FUSE0,80717.5,80717.5,82487.4,1769.9,1769.9,941.0,0.531668,1,p:1.2.5.1.2.1
U5729,229,FUSE0,80756.3,80756.3,82665.0,1908.7,1908.7,941.0,0.493006,1,p:2.1.2.2.2.2
U5730,229,FUSE0,80833.5,80833.5,82603.4,1769.9,1769.9,941.0,0.531668,1,p:1.3.1.1.3.1
U5731,229,FUSE0,80872.3,80872.3,82781.0,1908.7,1908.7,941.0,0.493006,1,p:2.2.4.2.3.2
U5732,229,FUSE0,80954.3,80954.3,82747.0,1792.7,1792.7,941.0,0.524907,1,p:1.1.3.1.1.1
U5733,229,FUSE0,80988.3,80988.3,82901.8,1913.5,1913.5,941.0,0.491769,1,p:2.3.5.2.1.2
U5734,229,FUSE0,81070.3,81070.3,82863.0,1792.7,1792.7,941.0,0.524907,1,p:1.2.2.1.2.1
U5735,229,FUSE0,81109.1,81109.1,83017.8,1908.7,1908.7,941.0,0.493006,1,p:2.1.1.2.2.2
U5736,229,FUSE1,81186.3,81186.3,82979.0,1792.7,1792.7,1003.0,0.559491,1,p:1.3.4.1.3.1
U5737,229,FUSE1,81225.1,81225.1,83133.8,1908.7,1908.7,1003.0,0.525489,1,p:2.2.3.2.3.2
U5738,229,FUSE1,81307.1,81307.1,83099.8,1792.7,1792.7,1003.0,0.559491,1,p:1.1.5.1.1.1
U5739,229,FUSE1,81341.1,81341.1,83254.6,1913.5,1913.5,1003.0,0.52417,1,p:2.3.2.2.1.2
U5740,229,FUSE1,81423.1,81423.1,83215.8,1792.7,1792.7,1003.0,0.559491,1,p:1.2.1.1.2.1
U5741,229,FUSE1,81461.9,81461.9,83370.6,1908.7,1908.7,1003.0,0.525489,1,p:2.1.4.2.2.2
U5742,229,FUSE1,81539.1,81539.1,83331.8,1792.7,1792.7,1003.0,0.559491,1,p:1.3.3.1.3.1
U5743,229,FUSE1,81577.9,81577.9,83486.6,1908.7,1908.7,1003.0,0.525489,1,p:2.2.5.2.3.2
U5744,229,FUSE2,81659.9,81659.9,83452.6,1792.7,1792.7,1035.4,0.577565,1,p:1.1.2.1.1.1
U5745,229,FUSE2,81693.9,81693.9,83568.6,1874.7,1874.7,1035.4,0.552302,1,p:2.3.1.2.2.1
U5746,229,FUSE2,81775.9,81775.9,83607.4,1831.5,1831.5,1035.4,0.565329,1,p:1.2.4.1.1.2
U5747,229,FUSE2,81814.7,81814.7,83684.6,1869.9,1869.9,1035.4,0.553719,1,p:2.1.3.2.3.1
U5748,229,FUSE2,81891.9,81891.9,83723.4,1831.5,1831.5,1035.4,0.565329,1,p:1.3.5.1.2.2
U5749,229,FUSE2,81930.7,81930.7,83802.2,1871.5,1871.5,1035.4,0.553246,1,p:2.2.2.2.1.1
U5750,229,FUSE2,82012.7,82012.7,83839.4,1826.7,1826.7,1035.4,0.566814,1,p:1.1.1.1.3.2
U768,31,FUSE0,82046.7,82046.7,83918.2,1871.5,1871.5,941.0,0.502805,1,p:2.3.4.2.2.1
U769,31,FUSE0,82128.7,82128.7,83957.0,1828.3,1828.3,941.0,0.514686,1,p:1.2.3.1.1.2
U770,31,FUSE0,82167.9,82167.9,84034.2,1866.3,1866.3,941.0,0.504206,1,p:2.1.5.2.3.1
U771,31,FUSE0,82244.7,82244.7,84073.0,1828.3,1828.3,941.0,0.514686,1,p:1.3.2.1.2.2
U772,31,FUSE0,82283.9,82283.9,84151.8,1867.9,1867.9,941.0,0.503774,1,p:2.2.1.2.1.1
U773,31,FUSE0,82402.7,82402.7,84189.0,1786.3,1786.3,941.0,0.526787,1,p:1.1.4.1.3.2
U774,31,FUSE0,82405.5,82405.5,84267.8,1862.3,1862.3,941.0,0.505289,1,p:2.3.3.2.2.1
U775,31,FUSE0,82518.7,82518.7,84306.6,1787.9,1787.9,941.0,0.526316,1,p:1.2.5.1.1.2
U776,31,FUSE1,82580.3,82580.3,84383.8,1803.5,1803.5,1003.0,0.556141,1,p:2.1.2.2.3.1
U777,31,FUSE1,82634.7,82634.7,84422.6,1787.9,1787.9,1003.0,0.560993,1,p:1.3.1.1.2.2
U778,31,FUSE1,82696.3,82696.3,84501.4,1805.1,1805.1,1003.0,0.555648,1,p:2.2.4.2.1.1
U779,31,FUSE1,82778.3,82778.3,84538.6,1760.3,1760.3,1003.0,0.569789,1,p:1.1.3.1.3.2
U780,31,FUSE1,82812.3,82812.3,84617.4,1805.1,1805.1,1003.0,0.555648,1,p:2.3.5.2.2.1
U781,31,FUSE1,82894.3,82894.3,84656.2,1761.9,1761.9,1003.0,0.569272,1,p:1.2.2.1.1.2
U782,31,FUSE1,82933.1,82933.1,84733.4,1800.3,1800.3,1003.0,0.557129,1,p:2.1.1.2.3.1
U783,31,FUSE1,83010.3,83010.3,84772.2,1761.9,1761.9,1003.0,0.569272,1,p:1.3.4.1.2.2
U784,31,FUSE2,83049.1,83049.1,84851.0,1801.9,1801.9,1035.4,0.574616,1,p:2.2.3.2.1.1
U785,31,FUSE2,83131.1,83131.1,84888.2,1757.1,1757.1,1035.4,0.589266,1,p:1.1.5.1.3.2
U786,31,FUSE2,83165.1,83165.1,84967.0,1801.9,1801.9,1035.4,0.574616,1,p:2.3.2.2.2.1
U787,31,FUSE2,83247.1,83247.1,85005.8,1758.7,1758.7,1035.4,0.58873,1,p:1.2.1.1.1.2
U788,31,FUSE2,83285.9,83285.9,85083.0,1797.1,1797.1,1035.4,0.57615,1,p:2.1.4.2.3.1
U789,31,FUSE2,83363.1,83363.1,85121.8,1758.7,1758.7,1035.4,0.58873,1,p:1.3.3.1.2.2
U790,31,FUSE2,83401.9,83401.9,85200.6,1798.7,1798.7,1035.4,0.575638,1,p:2.2.5.2.1.1
U791,31,FUSE2,83483.9,83483.9,85355.4,1871.5,1871.5,1035.4,0.553246,1,p:1.1.2.1.1.2
U3036,122,FUSE0,83517.9,83517.9,85237.8,1719.9,1719.9,941.0,0.547125,1,p:2.3.1.1.3.2
U3037,122,FUSE0,83599.9,83599.9,85316.6,1716.7,1716.7,941.0,0.548145,1,p:1.2.4.2.2.1
U3038,122,FUSE0,83638.7,83638.7,85432.6,1793.9,1793.9,941.0,0.524555,1,p:2.1.3.2.3.1
U3039,122,FUSE0,83715.9,83715.9,85471.4,1755.5,1755.5,941.0,0.53603,1,p:1.3.5.1.2.2
U3040,122,FUSE0,83754.7,83754.7,85552.2,1797.5,1797.5,941.0,0.523505,1,p:2.2.1.2.1.1
U3041,122,FUSE0,83833.5,83833.5,85587.4,1753.9,1753.9,941.0,0.536519,1,p:1.1.4.1.3.2
U3042,122,FUSE0,83870.7,83870.7,85668.2,1797.5,1797.5,941.0,0.523505,1,p:2.3.2.2.2.1
U3043,122,FUSE0,83949.5,83949.5,85707.0,1757.5,1757.5,941.0,0.53542,1,p:1.2.3.1.1.2
U3044,122,FUSE0,83988.3,83988.3,85784.2,1795.9,1795.9,941.0,0.523971,1,p:2.1.5.2.3.1
U3045,122,FUSE0,84065.5,84065.5,85823.0,1757.5,1757.5,941.0,0.53542,1,p:1.3.1.1.2.2
U3046,122,FUSE1,84104.3,84104.3,85905.0,1800.7,1800.7,1003.0,0.557006,1,p:2.2.4.2.1.1
U3047,122,FUSE1,84183.1,84183.1,85939.0,1755.9,1755.9,1003.0,0.571217,1,p:1.1.2.1.3.2
U3048,122,FUSE1,84220.3,84220.3,86021.0,1800.7,1800.7,1003.0,0.557006,1,p:2.3.3.2.2.1
U3049,122,FUSE1,84299.1,84299.1,86059.8,1760.7,1760.7,1003.0,0.56966,1,p:1.2.5.1.1.2
U3050,122,FUSE1,84337.9,84337.9,86137.0,1799.1,1799.1,1003.0,0.557501,1,p:2.1.1.2.3.1
U3051,122,FUSE1,84415.1,84415.1,86175.8,1760.7,1760.7,1003.0,0.56966,1,p:1.3.4.1.2.2
U3052,122,FUSE1,84453.9,84453.9,86257.8,1803.9,1803.9,1003.0,0.556018,1,p:2.2.2.2.1.1
U3053,122,FUSE1,84532.7,84532.7,86291.8,1759.1,1759.1,1003.0,0.570178,1,p:1.1.3.1.3.2
U3054,122,FUSE1,84569.9,84569.9,86373.8,1803.9,1803.9,1003.0,0.556018,1,p:2.3.5.2.2.1
U3055,122,FUSE1,84648.7,84648.7,86412.6,1763.9,1763.9,1003.0,0.568626,1,p:1.2.1.1.1.2
U3056,122,FUSE2,84687.5,84687.5,86489.8,1802.3,1802.3,1035.4,0.574488,1,p:2.1.4.2.3.1
U3057,122,FUSE2,84764.7,84764.7,86528.6,1763.9,1763.9,1035.4,0.586995,1,p:1.3.2.1.2.2
U3058,122,FUSE2,84803.5,84803.5,86610.6,1807.1,1807.1,1035.4,0.572962,1,p:2.2.3.2.1.1
U3059,122,FUSE2,84882.3,84882.3,86644.6,1762.3,1762.3,1035.4,0.587528,1,p:1.1.5.1.3.2
U3060,122,FUSE2,84919.5,84919.5,86726.6,1807.1,1807.1,1035.4,0.572962,1,p:2.3.1.2.2.1
U3061,122,FUSE2,84998.3,84998.3,86771.8,1773.5,1773.5,1035.4,0.583817,1,p:1.2.4.1.1.2
U3062,122,FUSE2,85037.1,85037.1,86842.6,1805.5,1805.5,1035.4,0.57347,1,p:2.1.2.2.3.1
U3063,122,FUSE2,85114.3,85114.3,86887.8,1773.5,1773.5,1035.4,0.583817,1,p:1.3.3.1.2.2
U3064,122,FUSE2,85153.1,85153.1,87003.8,1850.7,1850.7,1035.4,0.559464,1,p:2.2.5.1.3.2
U331,14,FUSE0,85231.9,85231.9,86966.6,1734.7,1734.7,941.0,0.542457,1,p:1.1.1.2.1.1
U332,14,FUSE0,85269.1,85269.1,87082.6,1813.5,1813.5,941.0,0.518886,1,p:2.3.4.2.2.1
U333,14,FUSE0,85347.9,85347.9,87124.6,1776.7,1776.7,941.0,0.529634,1,p:1.2.2.1.1.2
U334,14,FUSE0,85386.7,85386.7,87198.6,1811.9,1811.9,941.0,0.519344,1,p:2.1.3.2.3.1
U335,14,FUSE0,85463.9,85463.9,87240.6,1776.7,1776.7,941.0,0.529634,1,p:1.3.1.1.2.2
U336,14,FUSE0,85502.7,85502.7,87319.4,1816.7,1816.7,941.0,0.517972,1,p:2.2.5.2.1.1
U337,14,FUSE0,85583.5,85583.5,87356.6,1773.1,1773.1,941.0,0.530709,1,p:1.1.4.1.3.2
U338,14,FUSE0,85618.7,85618.7,87435.4,1816.7,1816.7,941.0,0.517972,1,p:2.3.2.2.2.1
U339,14,FUSE1,85699.5,85699.5,87477.4,1777.9,1777.9,1003.0,0.564149,1,p:1.2.3.1.1.2
U340,14,FUSE1,85738.3,85738.3,87551.4,1813.1,1813.1,1003.0,0.553196,1,p:2.1.1.2.3.1
U341,14,FUSE1,85815.5,85815.5,87593.4,1777.9,1777.9,1003.0,0.564149,1,p:1.3.5.1.2.2
U342,14,FUSE1,85854.3,85854.3,87672.2,1817.9,1817.9,1003.0,0.551736,1,p:2.2.4.2.1.1
U343,14,FUSE1,85936.3,85936.3,87709.4,1773.1,1773.1,1003.0,0.565676,1,p:1.1.2.1.3.2
U344,14,FUSE1,85970.3,85970.3,87788.2,1817.9,1817.9,1003.0,0.551736,1,p:2.3.3.2.2.1
U345,14,FUSE1,86052.3,86052.3,87830.2,1777.9,1777.9,1003.0,0.564149,1,p:1.2.1.1.1.2
U346,14,FUSE1,86091.1,86091.1,87904.2,1813.1,1813.1,1003.0,0.553196,1,p:2.1.5.2.3.1
U347,14,FUSE2,86168.3,86168.3,87946.2,1777.9,1777.9,1035.4,0.582372,1,p:1.3.4.1.2.2
U348,14,FUSE2,86207.1,86207.1,88025.0,1817.9,1817.9,1035.4,0.569558,1,p:2.2.2.2.1.1
U349,14,FUSE2,86289.1,86289.1,88062.2,1773.1,1773.1,1035.4,0.583949,1,p:1.1.3.1.3.2
U350,14,FUSE2,86323.1,86323.1,88141.0,1817.9,1817.9,1035.4,0.569558,1,p:2.3.1.2.2.1
U351,14,FUSE2,86405.1,86405.1,88183.0,1777.9,1777.9,1035.4,0.582372,1,p:1.2.5.1.1.2
U352,14,FUSE2,86443.9,86443.9,88257.0,1813.1,1813.1,1035.4,0.571066,1,p:2.1.4.2.3.1
U353,14,FUSE2,86521.1,86521.1,88299.0,1777.9,1777.9,1035.4,0.582372,1,p:1.3.2.1.2.2
U354,14,FUSE2,86559.9,86559.9,88415.0,1855.1,1855.1,1035.4,0.558137,1,p:2.2.3.1.3.2
U355,14,FUSE2,86641.9,86641.9,88494.2,1852.3,1852.3,1035.4,0.558981,1,p:1.1.1.2.2.1
U7051,282,FUSE0,86675.9,86675.9,88378.2,1702.3,1702.3,941.0,0.552782,1,p:2.3.5.2.1.1
U7052,282,FUSE0,86757.9,86757.9,88535.8,1777.9,1777.9,941.0,0.529276,1,p:1.2.4.1.1.2
U7053,282,FUSE0,86803.1,86803.1,88610.2,1807.1,1807.1,941.0,0.520724,1,p:2.1.2.2.3.1
U7054,282,FUSE0,86873.9,86873.9,88651.8,1777.9,1777.9,941.0,0.529276,1,p:1.3.5.1.2.2
U7055,282,FUSE0,86919.1,86919.1,88731.0,1811.9,1811.9,941.0,0.519344,1,p:2.2.3.2.1.1
U7056,282,FUSE0,86997.9,86997.9,88767.8,1769.9,1769.9,941.0,0.531668,1,p:1.1.1.1.3.2
U7057,282,FUSE0,87035.1,87035.1,88847.0,1811.9,1811.9,941.0,0.519344,1,p:2.3.4.2.2.1
U7058,282,FUSE1,87113.9,87113.9,88888.6,1774.7,1774.7,1003.0,0.565166,1,p:1.2.2.1.1.2
U7059,282,FUSE1,87155.9,87155.9,88963.0,1807.1,1807.1,1003.0,0.555033,1,p:2.1.5.2.3.1
U7060,282,FUSE1,87229.9,87229.9,89004.6,1774.7,1774.7,1003.0,0.565166,1,p:1.3.3.1.2.2
U7061,282,FUSE1,87271.9,87271.9,89083.8,1811.9,1811.9,1003.0,0.553563,1,p:2.2.1.2.1.1
U7062,282,FUSE1,87350.7,87350.7,89120.6,1769.9,1769.9,1003.0,0.566699,1,p:1.1.4.1.3.2
U7063,282,FUSE1,87387.9,87387.9,89199.8,1811.9,1811.9,1003.0,0.553563,1,p:2.3.2.2.2.1
U7064,282,FUSE1,87466.7,87466.7,89241.4,1774.7,1774.7,1003.0,0.565166,1,p:1.2.5.1.1.2
U7065,282,FUSE2,87508.7,87508.7,89315.8,1807.1,1807.1,1035.4,0.572962,1,p:2.1.3.2.3.1
U7066,282,FUSE2,87582.7,87582.7,89357.4,1774.7,1774.7,1035.4,0.583423,1,p:1.3.1.1.2.2
U7067,282,FUSE2,87624.7,87624.7,89436.6,1811.9,1811.9,1035.4,0.571444,1,p:2.2.4.2.1.1
U7068,282,FUSE2,87703.5,87703.5,89473.4,1769.9,1769.9,1035.4,0.585005,1,p:1.1.2.1.3.2
U7069,282,FUSE2,87740.7,87740.7,89552.6,1811.9,1811.9,1035.4,0.571444,1,p:2.3.5.2.2.1
U7070,282,FUSE2,87819.5,87819.5,89589.4,1769.9,1769.9,1035.4,0.585005,1,p:1.2.3.1.3.2
U7071,282,FUSE2,87861.5,87861.5,89685.8,1824.3,1824.3,1035.4,0.56756,1,p:2.1.1.2.1.1
U7072,282,FUSE2,87935.5,87935.5,89705.4,1769.9,1769.9,1035.4,0.585005,1,p:1.3.4.1.2.2
U6805,272,FUSE0,87977.5,87977.5,89801.8,1824.3,1824.3,941.0,0.515814,1,p:2.2.2.2.3.1
U6806,272,FUSE0,88056.3,88056.3,89853.0,1796.7,1796.7,941.0,0.523738,1,p:1.1.5.1.1.2
U6807,272,FUSE0,88093.5,88093.5,89917.8,1824.3,1824.3,941.0,0.515814,1,p:2.3.3.2.2.1
U6808,272,FUSE0,88172.3,88172.3,89969.0,1796.7,1796.7,941.0,0.523738,1,p:1.2.1.1.3.2
U6809,272,FUSE0,88214.3,88214.3,90047.8,1833.5,1833.5,941.0,0.513226,1,p:2.1.4.2.1.1
U6810,272,FUSE0,88288.3,88288.3,90085.0,1796.7,1796.7,941.0,0.523738,1,p:1.3.2.1.2.2
U6811,272,FUSE0,88330.3,88330.3,90163.8,1833.5,1833.5,941.0,0.513226,1,p:2.2.5.2.3.1
U6812,272,FUSE1,88409.5,88409.5,90205.8,1796.3,1796.3,1003.0,0.55837,1,p:1.1.3.1.1.2
U6813,272,FUSE1,88446.3,88446.3,90279.8,1833.5,1833.5,1003.0,0.547041,1,p:2.3.1.2.2.1
U6814,272,FUSE1,88525.5,88525.5,90321.8,1796.3,1796.3,1003.0,0.55837,1,p:1.2.4.1.3.2
U6815,272,FUSE1,88567.1,88567.1,90400.6,1833.5,1833.5,1003.0,0.547041,1,p:2.1.2.2.1.1
U6816,272,FUSE1,88641.5,88641.5,90437.8,1796.3,1796.3,1003.0,0.55837,1,p:1.3.5.1.2.2
U6817,272,FUSE1,88683.1,88683.1,90516.6,1833.5,1833.5,1003.0,0.547041,1,p:2.2.3.2.3.1
U6818,272,FUSE2,88762.3,88762.3,90558.6,1796.3,1796.3,1035.4,0.576407,1,p:1.1.1.1.1.2
U6819,272,FUSE2,88799.1,88799.1,90632.6,1833.5,1833.5,1035.4,0.564712,1,p:2.3.4.2.2.1
U6820,272,FUSE2,88878.3,88878.3,90674.6,1796.3,1796.3,1035.4,0.576407,1,p:1.2.2.1.3.2
U6821,272,FUSE2,88919.9,88919.9,90753.4,1833.5,1833.5,1035.4,0.564712,1,p:2.1.5.2.1.1
U6822,272,FUSE2,88994.3,88994.3,90925.0,1930.7,1930.7,1035.4,0.536282,1,p:1.3.3.1.1.2
U6823,272,FUSE2,89035.9,89035.9,90790.6,1754.7,1754.7,1035.4,0.590072,1,p:2.2.1.1.2.2
U6824,272,FUSE2,89115.1,89115.1,91041.0,1925.9,1925.9,1035.4,0.537619,1,p:1.1.4.1.3.2
U4702,188,FUSE0,89151.9,89151.9,90869.4,1717.5,1717.5,941.0,0.547889,1,p:2.3.2.2.3.1
U4703,188,FUSE0,89231.1,89231.1,90985.4,1754.3,1754.3,941.0,0.536396,1,p:1.2.5.2.2.1
U4704,188,FUSE0,89272.7,89272.7,91235.8,1963.1,1963.1,941.0,0.479344,1,p:2.1.3.2.3.1
U4705,188,FUSE0,89347.1,89347.1,91157.0,1809.9,1809.9,941.0,0.519918,1,p:1.3.2.1.2.2
U4706,188,FUSE0,89388.7,89388.7,91119.8,1731.1,1731.1,941.0,0.543585,1,p:2.2.1.2.1.1
U4707,188,FUSE0,89467.9,89467.9,91277.8,1809.9,1809.9,941.0,0.519918,1,p:1.1.5.1.1.2
U4708,188,FUSE0,89504.7,89504.7,91351.8,1847.1,1847.1,941.0,0.509447,1,p:2.3.4.2.2.1
U4709,188,FUSE0,89583.9,89583.9,91393.8,1809.9,1809.9,941.0,0.519918,1,p:1.2.3.1.3.2
U4710,188,FUSE0,89620.7,89620.7,91472.6,1851.9,1851.9,941.0,0.508127,1,p:2.1.2.2.1.1
U4711,188,FUSE1,89717.1,89717.1,91509.8,1792.7,1792.7,1003.0,0.559491,1,p:1.3.1.1.2.2
U4712,188,FUSE1,89736.7,89736.7,91588.6,1851.9,1851.9,1003.0,0.541606,1,p:2.2.5.2.3.1
U4713,188,FUSE1,89833.1,89833.1,91630.6,1797.5,1797.5,1003.0,0.557997,1,p:1.1.4.1.1.2
U4714,188,FUSE1,89884.3,89884.3,91704.6,1820.3,1820.3,1003.0,0.551008,1,p:2.3.3.2.2.1
U4715,188,FUSE1,89949.1,89949.1,91746.6,1797.5,1797.5,1003.0,0.557997,1,p:1.2.2.1.3.2
U4716,188,FUSE1,90000.3,90000.3,91825.4,1825.1,1825.1,1003.0,0.549559,1,p:2.1.1.2.1.1
U4717,188,FUSE1,90079.1,90079.1,91862.6,1783.5,1783.5,1003.0,0.562377,1,p:1.3.5.1.2.2
U4718,188,FUSE1,90116.3,90116.3,91941.4,1825.1,1825.1,1003.0,0.549559,1,p:2.2.4.2.3.1
U4719,188,FUSE1,90195.1,90195.1,91983.4,1788.3,1788.3,1003.0,0.560868,1,p:1.1.3.1.1.2
U4720,188,FUSE1,90237.1,90237.1,92057.4,1820.3,1820.3,1003.0,0.551008,1,p:2.3.2.2.2.1
U4721,188,FUSE2,90311.1,90311.1,92099.4,1788.3,1788.3,1035.4,0.578986,1,p:1.2.1.1.3.2
U4722,188,FUSE2,90353.1,90353.1,92178.2,1825.1,1825.1,1035.4,0.567311,1,p:2.1.5.2.1.1
U4723,188,FUSE2,90431.9,90431.9,92215.4,1783.5,1783.5,1035.4,0.580544,1,p:1.3.4.1.2.2
U4724,188,FUSE2,90469.1,90469.1,92294.2,1825.1,1825.1,1035.4,0.567311,1,p:2.2.3.2.3.1
U4725,188,FUSE2,90547.9,90547.9,92336.2,1788.3,1788.3,1035.4,0.578986,1,p:1.1.2.1.1.2
U4726,188,FUSE2,90589.9,90589.9,92410.2,1820.3,1820.3,1035.4,0.568807,1,p:2.3.1.2.2.1
U4727,188,FUSE2,90663.9,90663.9,92452.2,1788.3,1788.3,1035.4,0.578986,1,p:1.2.5.1.3.2
U4728,188,FUSE2,90705.9,90705.9,92531.0,1825.1,1825.1,1035.4,0.567311,1,p:2.1.4.2.1.1
U4729,188,FUSE2,90784.7,90784.7,92699.4,1914.7,1914.7,1035.4,0.540764,1,p:1.3.3.1.1.2
U4730,188,FUSE2,90821.9,90821.9,92647.0,1825.1,1825.1,1035.4,0.567311,1,p:2.2.2.2.3.1
U3526,142,FUSE0,90900.7,90900.7,92568.2,1667.5,1667.5,941.0,0.564318,1,p:1.1.1.1.2.2
U3527,142,FUSE0,90956.3,90956.3,92763.0,1806.7,1806.7,941.0,0.520839,1,p:2.3.5.2.2.1
U3528,142,FUSE0,91016.7,91016.7,92815.4,1798.7,1798.7,941.0,0.523156,1,p:1.2.4.1.3.2
U3529,142,FUSE0,91072.3,91072.3,93010.2,1937.9,1937.9,941.0,0.485577,1,p:2.1.3.2.3.1
U3530,142,FUSE0,91151.1,91151.1,92931.4,1780.3,1780.3,941.0,0.528563,1,p:1.3.2.1.2.2
U3531,142,FUSE0,91188.3,91188.3,92894.2,1705.9,1705.9,941.0,0.551615,1,p:2.2.1.2.1.1
U3532,142,FUSE0,91267.1,91267.1,93052.2,1785.1,1785.1,941.0,0.527141,1,p:1.1.5.1.1.2
U3533,142,FUSE0,91309.1,91309.1,93126.2,1817.1,1817.1,941.0,0.517858,1,p:2.3.4.2.2.1
U3534,142,FUSE0,91383.1,91383.1,93168.2,1785.1,1785.1,941.0,0.527141,1,p:1.2.3.1.3.2
U3535,142,FUSE1,91425.1,91425.1,93247.0,1821.9,1821.9,1003.0,0.550524,1,p:2.1.2.2.1.1
U3536,142,FUSE1,91503.9,91503.9,93284.2,1780.3,1780.3,1003.0,0.563388,1,p:1.3.1.1.2.2
U3537,142,FUSE1,91541.1,91541.1,93363.0,1821.9,1821.9,1003.0,0.550524,1,p:2.2.5.2.3.1
U3538,142,FUSE1,91619.9,91619.9,93405.0,1785.1,1785.1,1003.0,0.561873,1,p:1.1.4.1.1.2
U3539,142,FUSE1,91661.9,91661.9,93479.0,1817.1,1817.1,1003.0,0.551978,1,p:2.3.3.2.2.1
U3540,142,FUSE1,91735.9,91735.9,93521.0,1785.1,1785.1,1003.0,0.561873,1,p:1.2.2.1.3.2
U3541,142,FUSE1,91777.9,91777.9,93599.8,1821.9,1821.9,1003.0,0.550524,1,p:2.1.1.2.1.1
U3542,142,FUSE1,91856.7,91856.7,93637.0,1780.3,1780.3,1003.0,0.563388,1,p:1.3.5.1.2.2
U3543,142,FUSE1,91893.9,91893.9,93715.8,1821.9,1821.9,1003.0,0.550524,1,p:2.2.4.2.3.1
U3544,142,FUSE2,91972.7,91972.7,93757.8,1785.1,1785.1,1035.4,0.580024,1,p:1.1.3.1.1.2
U3545,142,FUSE2,92014.7,92014.7,93831.8,1817.1,1817.1,1035.4,0.569809,1,p:2.3.2.2.2.1
U3546,142,FUSE2,92088.7,92088.7,93873.8,1785.1,1785.1,1035.4,0.580024,1,p:1.2.1.1.3.2
U3547,142,FUSE2,92130.7,92130.7,93952.6,1821.9,1821.9,1035.4,0.568308,1,p:2.1.5.2.1.1
U3548,142,FUSE2,92209.5,92209.5,93989.8,1780.3,1780.3,1035.4,0.581587,1,p:1.3.4.1.2.2
U3549,142,FUSE2,92246.7,92246.7,94068.6,1821.9,1821.9,1035.4,0.568308,1,p:2.2.3.2.3.1
U3550,142,FUSE2,92325.5,92325.5,94128.2,1802.7,1802.7,1035.4,0.574361,1,p:1.1.2.1.1.2
U3551,142,FUSE2,92367.5,92367.5,94184.6,1817.1,1817.1,1035.4,0.569809,1,p:2.3.1.2.2.1
U3552,142,FUSE2,92441.5,92441.5,94244.2,1802.7,1802.7,1035.4,0.574361,1,p:1.2.5.1.3.2
U3553,142,FUSE2,92483.5,92483.5,94323.0,1839.5,1839.5,1035.4,0.56287,1,p:2.1.4.2.1.1
U1864,75,FUSE0,92562.3,92562.3,94360.2,1797.9,1797.9,941.0,0.523388,1,p:1.3.3.1.2.2
U1865,75,FUSE0,92599.5,92599.5,94439.0,1839.5,1839.5,941.0,0.511552,1,p:2.2.2.2.3.1
U1866,75,FUSE0,92678.3,92678.3,94481.0,1802.7,1802.7,941.0,0.521995,1,p:1.1.1.1.1.2
U1867,75,FUSE0,92730.7,92730.7,94555.0,1824.3,1824.3,941.0,0.515814,1,p:2.3.5.2.2.1
U1868,75,FUSE0,92794.3,92794.3,94597.0,1802.7,1802.7,941.0,0.521995,1,p:1.2.4.1.3.2
U1869,75,FUSE0,92846.7,92846.7,94675.8,1829.1,1829.1,941.0,0.514461,1,p:2.1.3.2.1.1
U1870,75,FUSE0,92925.5,92925.5,94713.0,1787.5,1787.5,941.0,0.526434,1,p:1.3.2.1.2.2
U1871,75,FUSE0,92962.7,92962.7,94791.8,1829.1,1829.1,941.0,0.514461,1,p:2.2.1.2.3.1
U1872,75,FUSE0,93041.5,93041.5,94833.8,1792.3,1792.3,941.0,0.525024,1,p:1.1.5.1.1.2
U1873,75,FUSE0,93083.5,93083.5,94907.8,1824.3,1824.3,941.0,0.515814,1,p:2.3.4.2.2.1
U1874,75,FUSE1,93157.5,93157.5,94949.8,1792.3,1792.3,1003.0,0.559616,1,p:1.2.3.1.3.2
U1875,75,FUSE1,93199.5,93199.5,95028.6,1829.1,1829.1,1003.0,0.548357,1,p:2.1.2.2.1.1
U1876,75,FUSE1,93278.3,93278.3,95065.8,1787.5,1787.5,1003.0,0.561119,1,p:1.3.1.1.2.2
U1877,75,FUSE1,93315.5,93315.5,95144.6,1829.1,1829.1,1003.0,0.548357,1,p:2.2.5.2.3.1
U1878,75,FUSE1,93394.3,93394.3,95186.6,1792.3,1792.3,1003.0,0.559616,1,p:1.1.4.1.1.2
U1879,75,FUSE1,93436.3,93436.3,95260.6,1824.3,1824.3,1003.0,0.5498,1,p:2.3.3.2.2.1
U1880,75,FUSE1,93510.3,93510.3,95302.6,1792.3,1792.3,1003.0,0.559616,1,p:1.2.2.1.3.2
U1881,75,FUSE1,93552.3,93552.3,95381.4,1829.1,1829.1,1003.0,0.548357,1,p:2.1.1.2.1.1
U1882,75,FUSE1,93631.1,93631.1,95418.6,1787.5,1787.5,1003.0,0.561119,1,p:1.3.5.1.2.2
U1883,75,FUSE2,93668.3,93668.3,95497.4,1829.1,1829.1,1035.4,0.566071,1,p:2.2.4.2.3.1
U1884,75,FUSE2,93747.1,93747.1,95539.4,1792.3,1792.3,1035.4,0.577693,1,p:1.1.3.1.1.2
U1885,75,FUSE2,93789.1,93789.1,95613.4,1824.3,1824.3,1035.4,0.56756,1,p:2.3.2.2.2.1
U1886,75,FUSE2,93863.1,93863.1,95655.4,1792.3,1792.3,1035.4,0.577693,1,p:1.2.1.1.3.2
U1887,75,FUSE2,93905.1,93905.1,95734.2,1829.1,1829.1,1035.4,0.566071,1,p:2.1.5.2.1.1
U1888,75,FUSE2,93983.9,93983.9,95771.4,1787.5,1787.5,1035.4,0.579245,1,p:1.3.4.1.2.2
U1889,75,FUSE2,94021.1,94021.1,95850.2,1829.1,1829.1,1035.4,0.566071,1,p:2.2.3.2.3.1
U1890,75,FUSE2,94099.9,94099.9,95902.6,1802.7,1802.7,1035.4,0.574361,1,p:1.1.2.1.1.2
U1891,75,FUSE2,94159.5,94159.5,95966.2,1806.7,1806.7,1035.4,0.573089,1,p:2.3.1.2.2.1
U1892,75,FUSE2,94215.9,94215.9,96097.4,1881.5,1881.5,1035.4,0.550306,1,p:1.2.5.2.1.1
U4388,176,FUSE0,94275.5,94275.5,96018.6,1743.1,1743.1,941.0,0.539843,1,p:2.1.4.1.3.2
U4389,176,FUSE0,94354.3,94354.3,96134.6,1780.3,1780.3,941.0,0.528563,1,p:1.3.3.1.2.2
U4390,176,FUSE0,94391.5,94391.5,96213.4,1821.9,1821.9,941.0,0.516494,1,p:2.2.2.2.3.1
U4391,176,FUSE0,94470.3,94470.3,96255.4,1785.1,1785.1,941.0,0.527141,1,p:1.1.1.1.1.2
U4392,176,FUSE0,94512.3,94512.3,96329.4,1817.1,1817.1,941.0,0.517858,1,p:2.3.4.2.2.1
U4393,176,FUSE0,94586.3,94586.3,96371.4,1785.1,1785.1,941.0,0.527141,1,p:1.2.5.1.3.2
U4394,176,FUSE0,94628.3,94628.3,96450.2,1821.9,1821.9,941.0,0.516494,1,p:2.1.3.2.1.1
U4395,176,FUSE0,94707.1,94707.1,96487.4,1780.3,1780.3,941.0,0.528563,1,p:1.3.2.1.2.2
U4396,176,FUSE1,94744.3,94744.3,96566.2,1821.9,1821.9,1003.0,0.550524,1,p:2.2.1.2.3.1
U4397,176,FUSE1,94823.1,94823.1,96608.2,1785.1,1785.1,1003.0,0.561873,1,p:1.1.4.1.1.2
U4398,176,FUSE1,94865.1,94865.1,96682.2,1817.1,1817.1,1003.0,0.551978,1,p:2.3.5.2.2.1
U4399,176,FUSE1,94939.1,94939.1,96724.2,1785.1,1785.1,1003.0,0.561873,1,p:1.2.3.1.3.2
U4400,176,FUSE1,94981.1,94981.1,96803.0,1821.9,1821.9,1003.0,0.550524,1,p:2.1.2.2.1.1
U4401,176,FUSE1,95059.9,95059.9,96840.2,1780.3,1780.3,1003.0,0.563388,1,p:1.3.1.1.2.2
U4402,176,FUSE1,95097.1,95097.1,96919.0,1821.9,1821.9,1003.0,0.550524,1,p:2.2.4.2.3.1
U4403,176,FUSE1,95175.9,95175.9,96961.0,1785.1,1785.1,1003.0,0.561873,1,p:1.1.5.1.1.2
U4404,176,FUSE2,95217.9,95217.9,97035.0,1817.1,1817.1,1035.4,0.569809,1,p:2.3.3.2.2.1
U4405,176,FUSE2,95291.9,95291.9,97077.0,1785.1,1785.1,1035.4,0.580024,1,p:1.2.2.1.3.2
U4406,176,FUSE2,95333.9,95333.9,97155.8,1821.9,1821.9,1035.4,0.568308,1,p:2.1.1.2.1.1
U4407,176,FUSE2,95412.7,95412.7,97193.0,1780.3,1780.3,1035.4,0.581587,1,p:1.3.4.1.2.2
U4408,176,FUSE2,95449.9,95449.9,97271.8,1821.9,1821.9,1035.4,0.568308,1,p:2.2.5.2.3.1
U4409,176,FUSE2,95528.7,95528.7,97313.8,1785.1,1785.1,1035.4,0.580024,1,p:1.1.3.1.1.2
U4410,176,FUSE2,95570.7,95570.7,97429.8,1859.1,1859.1,1035.4,0.556936,1,p:2.3.2.1.3.2
U4411,176,FUSE2,95644.7,95644.7,97545.8,1901.1,1901.1,1035.4,0.544632,1,p:1.2.1.1.2.2
U2297,93,FUSE0,95686.7,95686.7,97387.8,1701.1,1701.1,941.0,0.553171,1,p:2.1.4.2.2.1
U2298,93,FUSE0,95765.5,95765.5,97526.2,1760.7,1760.7,941.0,0.534447,1,p:1.3.5.2.1.1
U2299,93,FUSE0,95802.7,95802.7,97642.2,1839.5,1839.5,941.0,0.511552,1,p:2.2.3.2.3.1
U2300,93,FUSE0,95881.5,95881.5,97681.0,1799.5,1799.5,941.0,0.522923,1,p:1.1.4.1.1.2
U2301,93,FUSE0,95933.9,95933.9,97758.2,1824.3,1824.3,941.0,0.515814,1,p:2.3.2.2.2.1
U2302,93,FUSE0,95997.5,95997.5,97797.0,1799.5,1799.5,941.0,0.522923,1,p:1.2.5.1.3.2
U2303,93,FUSE0,96049.9,96049.9,97879.0,1829.1,1829.1,941.0,0.514461,1,p:2.1.1.2.1.1
U2304,93,FUSE0,96128.7,96128.7,97913.0,1784.3,1784.3,941.0,0.527378,1,p:1.3.3.1.2.2
U2305,93,FUSE0,96165.9,96165.9,97995.0,1829.1,1829.1,941.0,0.514461,1,p:2.2.4.2.3.1
U2306,93,FUSE0,96244.7,96244.7,98033.8,1789.1,1789.1,941.0,0.525963,1,p:1.1.2.1.1.2
U2307,93,FUSE1,96286.7,96286.7,98111.0,1824.3,1824.3,1003.0,0.5498,1,p:2.3.5.2.2.1
U2308,93,FUSE1,96360.7,96360.7,98149.8,1789.1,1789.1,1003.0,0.560617,1,p:1.2.1.1.3.2
U2309,93,FUSE1,96402.7,96402.7,98231.8,1829.1,1829.1,1003.0,0.548357,1,p:2.1.3.2.1.1
U2310,93,FUSE1,96481.5,96481.5,98265.8,1784.3,1784.3,1003.0,0.562125,1,p:1.3.4.1.2.2
U2311,93,FUSE1,96518.7,96518.7,98347.8,1829.1,1829.1,1003.0,0.548357,1,p:2.2.2.2.3.1
U2312,93,FUSE1,96597.5,96597.5,98386.6,1789.1,1789.1,1003.0,0.560617,1,p:1.1.5.1.1.2
U2313,93,FUSE1,96639.5,96639.5,98463.8,1824.3,1824.3,1003.0,0.5498,1,p:2.3.1.2.2.1
U2314,93,FUSE1,96713.5,96713.5,98502.6,1789.1,1789.1,1003.0,0.560617,1,p:1.2.3.1.3.2
U2315,93,FUSE1,96755.5,96755.5,98584.6,1829.1,1829.1,1003.0,0.548357,1,p:2.1.4.2.1.1
U2316,93,FUSE1,96834.3,96834.3,98618.6,1784.3,1784.3,1003.0,0.562125,1,p:1.3.2.1.2.2
U2317,93,FUSE2,96871.5,96871.5,98700.6,1829.1,1829.1,1035.4,0.566071,1,p:2.2.5.2.3.1
U2318,93,FUSE2,96950.3,96950.3,98739.4,1789.1,1789.1,1035.4,0.578727,1,p:1.1.1.1.1.2
U2319,93,FUSE2,96992.3,96992.3,98816.6,1824.3,1824.3,1035.4,0.56756,1,p:2.3.3.2.2.1
U2320,93,FUSE2,97066.3,97066.3,98855.4,1789.1,1789.1,1035.4,0.578727,1,p:1.2.4.1.3.2
U2321,93,FUSE2,97108.3,97108.3,98937.4,1829.1,1829.1,1035.4,0.566071,1,p:2.1.2.2.1.1
U2322,93,FUSE2,97187.1,97187.1,98971.4,1784.3,1784.3,1035.4,0.580284,1,p:1.3.5.1.2.2
U2323,93,FUSE2,97224.3,97224.3,99053.4,1829.1,1829.1,1035.4,0.566071,1,p:2.2.1.2.3.1
U2324,93,FUSE2,97303.1,97303.1,99169.4,1866.3,1866.3,1035.4,0.554788,1,p:1.1.3.2.2.1
U2325,93,FUSE2,97345.1,97345.1,99208.2,1863.1,1863.1,1035.4,0.55574,1,p:2.3.4.1.3.2
U969,39,FUSE0,97419.1,97419.1,99092.2,1673.1,1673.1,941.0,0.562429,1,p:1.2.2.1.1.2
U970,39,FUSE0,97461.1,97461.1,99290.2,1829.1,1829.1,941.0,0.514461,1,p:2.1.5.2.1.1
U971,39,FUSE0,97557.5,97557.5,99324.2,1766.7,1766.7,941.0,0.532631,1,p:1.3.1.1.2.2
U972,39,FUSE0,97577.1,97577.1,99406.2,1829.1,1829.1,941.0,0.514461,1,p:2.2.2.2.3.1
U973,39,FUSE0,97673.5,97673.5,99445.0,1771.5,1771.5,941.0,0.531188,1,p:1.1.3.1.1.2
U974,39,FUSE0,97712.3,97712.3,99522.2,1809.9,1809.9,941.0,0.519918,1,p:2.3.4.2.2.1
U975,39,FUSE0,97789.5,97789.5,99561.0,1771.5,1771.5,941.0,0.531188,1,p:1.2.5.1.3.2
U976,39,FUSE0,97828.3,97828.3,99643.0,1814.7,1814.7,941.0,0.518543,1,p:2.1.1.2.1.1
U977,39,FUSE1,97910.3,97910.3,99677.0,1766.7,1766.7,1003.0,0.567725,1,p:1.3.2.1.2.2
U978,39,FUSE1,97944.3,97944.3,99759.0,1814.7,1814.7,1003.0,0.552708,1,p:2.2.3.2.3.1
U979,39,FUSE1,98026.3,98026.3,99797.8,1771.5,1771.5,1003.0,0.566187,1,p:1.1.4.1.1.2
U980,39,FUSE1,98065.1,98065.1,99875.0,1809.9,1809.9,1003.0,0.554174,1,p:2.3.5.2.2.1
U981,39,FUSE1,98142.3,98142.3,99913.8,1771.5,1771.5,1003.0,0.566187,1,p:1.2.1.1.3.2
U982,39,FUSE1,98181.1,98181.1,99995.8,1814.7,1814.7,1003.0,0.552708,1,p:2.1.2.2.1.1
U983,39,FUSE1,98263.1,98263.1,100029.8,1766.7,1766.7,1003.0,0.567725,1,p:1.3.3.1.2.2
U984,39,FUSE1,98297.1,98297.1,100111.8,1814.7,1814.7,1003.0,0.552708,1,p:2.2.4.2.3.1
U985,39,FUSE2,98379.1,98379.1,100150.6,1771.5,1771.5,1035.4,0.584476,1,p:1.1.5.1.1.2
U986,39,FUSE2,98417.9,98417.9,100227.8,1809.9,1809.9,1035.4,0.572076,1,p:2.3.1.2.2.1
U987,39,FUSE2,98495.1,98495.1,100266.6,1771.5,1771.5,1035.4,0.584476,1,p:1.2.2.1.3.2
U988,39,FUSE2,98533.9,98533.9,100348.6,1814.7,1814.7,1035.4,0.570563,1,p:2.1.3.2.1.1
U989,39,FUSE2,98615.9,98615.9,100382.6,1766.7,1766.7,1035.4,0.586064,1,p:1.3.4.1.2.2
U990,39,FUSE2,98649.9,98649.9,100464.6,1814.7,1814.7,1035.4,0.570563,1,p:2.2.5.2.3.1
U991,39,FUSE2,98731.9,98731.9,100503.4,1771.5,1771.5,1035.4,0.584476,1,p:1.1.1.1.1.2
U6029,241,FUSE0,98770.7,98770.7,100580.6,1809.9,1809.9,941.0,0.519918,1,p:2.3.2.2.2.1
U6030,241,FUSE0,98847.9,98847.9,100619.4,1771.5,1771.5,941.0,0.531188,1,p:1.2.3.1.3.2
U6031,241,FUSE0,98886.7,98886.7,100701.4,1814.7,1814.7,941.0,0.518543,1,p:2.1.4.2.1.1
U6032,241,FUSE0,98968.7,98968.7,100735.4,1766.7,1766.7,941.0,0.532631,1,p:1.3.5.1.2.2
U6033,241,FUSE0,99002.7,99002.7,100817.4,1814.7,1814.7,941.0,0.518543,1,p:2.2.1.2.3.1
U6034,241,FUSE0,99084.7,99084.7,100856.2,1771.5,1771.5,941.0,0.531188,1,p:1.1.2.1.1.2
U6035,241,FUSE0,99123.5,99123.5,100933.4,1809.9,1809.9,941.0,0.519918,1,p:2.3.3.2.2.1
U6036,241,FUSE1,99200.7,99200.7,100972.2,1771.5,1771.5,1003.0,0.566187,1,p:1.2.4.1.3.2
U6037,241,FUSE1,99239.5,99239.5,101054.2,1814.7,1814.7,1003.0,0.552708,1,p:2.1.5.2.1.1
U6038,241,FUSE1,99321.5,99321.5,101088.2,1766.7,1766.7,1003.0,0.567725,1,p:1.3.1.1.2.2
U6039,241,FUSE1,99355.5,99355.5,101170.2,1814.7,1814.7,1003.0,0.552708,1,p:2.2.2.2.3.1
U6040,241,FUSE1,99437.5,99437.5,101209.0,1771.5,1771.5,1003.0,0.566187,1,p:1.1.3.1.1.2
U6041,241,FUSE1,99476.3,99476.3,101286.2,1809.9,1809.9,1003.0,0.554174,1,p:2.3.4.2.2.1
U6042,241,FUSE1,99553.5,99553.5,101325.0,1771.5,1771.5,1003.0,0.566187,1,p:1.2.5.1.3.2
U6043,241,FUSE1,99592.3,99592.3,101407.0,1814.7,1814.7,1003.0,0.552708,1,p:2.1.1.2.1.1
U6044,241,FUSE2,99674.3,99674.3,101441.0,1766.7,1766.7,1035.4,0.586064,1,p:1.3.2.1.2.2
U6045,241,FUSE2,99708.3,99708.3,101523.0,1814.7,1814.7,1035.4,0.570563,1,p:2.2.3.2.3.1
U6046,241,FUSE2,99790.3,99790.3,101561.8,1771.5,1771.5,1035.4,0.584476,1,p:1.1.4.1.1.2
U6047,241,FUSE2,99829.1,99829.1,101639.0,1809.9,1809.9,1035.4,0.572076,1,p:2.3.5.2.2.1
U6048,241,FUSE2,99906.3,99906.3,101677.8,1771.5,1771.5,1035.4,0.584476,1,p:1.2.1.1.3.2
U6049,241,FUSE2,99945.1,99945.1,101768.6,1823.5,1823.5,1035.4,0.567809,1,p:2.1.2.2.1.1
U6050,241,FUSE2,100027.1,100027.1,101793.8,1766.7,1766.7,1035.4,0.586064,1,p:1.3.3.1.2.2
U6051,241,FUSE2,100061.1,100061.1,101923.4,1862.3,1862.3,1035.4,0.555979,1,p:2.2.4.1.1.2
U6282,251,FUSE0,100143.1,100143.1,102000.6,1857.5,1857.5,941.0,0.506595,1,p:1.1.5.2.2.1
U6283,251,FUSE0,100181.9,100181.9,101884.6,1702.7,1702.7,941.0,0.552652,1,p:2.3.1.2.3.1
U6284,251,FUSE0,100259.1,100259.1,102039.4,1780.3,1780.3,941.0,0.528563,1,p:1.2.2.1.3.2
U6285,251,FUSE0,100297.9,100297.9,102121.4,1823.5,1823.5,941.0,0.516041,1,p:2.1.3.2.1.1
U6286,251,FUSE0,100379.9,100379.9,102276.2,1896.3,1896.3,941.0,0.496229,1,p:1.3.5.1.1.2
U6287,251,FUSE0,100413.9,100413.9,102237.4,1823.5,1823.5,941.0,0.516041,1,p:2.2.4.2.3.1
U6288,251,FUSE0,100495.9,100495.9,102155.4,1659.5,1659.5,941.0,0.567038,1,p:1.1.1.1.2.2
U6289,251,FUSE1,100534.7,100534.7,102353.4,1818.7,1818.7,1003.0,0.551493,1,p:2.3.2.2.2.1
U6290,251,FUSE1,100611.9,100611.9,102392.2,1780.3,1780.3,1003.0,0.563388,1,p:1.2.3.1.3.2
U6291,251,FUSE1,100650.7,100650.7,102590.2,1939.5,1939.5,1003.0,0.517144,1,p:2.1.5.2.3.1
U6292,251,FUSE1,100732.7,100732.7,102508.2,1775.5,1775.5,1003.0,0.564911,1,p:1.3.4.1.2.2
U6293,251,FUSE1,100766.7,100766.7,102474.2,1707.5,1707.5,1003.0,0.587408,1,p:2.2.1.2.1.1
U6294,251,FUSE1,100848.7,100848.7,102629.0,1780.3,1780.3,1003.0,0.563388,1,p:1.1.2.1.1.2
U6295,251,FUSE1,100887.5,100887.5,102706.2,1818.7,1818.7,1003.0,0.551493,1,p:2.3.3.2.2.1
U6296,251,FUSE1,100964.7,100964.7,102745.0,1780.3,1780.3,1003.0,0.563388,1,p:1.2.5.1.3.2
U6297,251,FUSE2,101003.5,101003.5,102827.0,1823.5,1823.5,1035.4,0.567809,1,p:2.1.4.2.1.1
U6298,251,FUSE2,101085.5,101085.5,102861.0,1775.5,1775.5,1035.4,0.58316,1,p:1.3.1.1.2.2
U6299,251,FUSE2,101119.5,101119.5,102943.0,1823.5,1823.5,1035.4,0.567809,1,p:2.2.2.2.3.1
U6300,251,FUSE2,101201.5,101201.5,102981.8,1780.3,1780.3,1035.4,0.581587,1,p:1.1.3.1.1.2
U6301,251,FUSE2,101240.3,101240.3,103059.0,1818.7,1818.7,1035.4,0.569308,1,p:2.3.5.1.3.1
U6302,251,FUSE2,101317.5,101317.5,103097.8,1780.3,1780.3,1035.4,0.581587,1,p:1.2.4.2.2.2
U6303,251,FUSE2,101356.3,101356.3,103213.8,1857.5,1857.5,1035.4,0.557416,1,p:2.1.1.1.1.2
U6304,251,FUSE2,101438.3,101438.3,103329.8,1891.5,1891.5,1035.4,0.547396,1,p:1.3.2.1.2.2
U7950,318,FUSE0,101472.3,101472.3,103214.2,1741.9,1741.9,941.0,0.540215,1,p:2.2.3.2.3.1
U7951,318,FUSE0,101554.3,101554.3,103397.8,1843.5,1843.5,941.0,0.510442,1,p:1.1.5.2.1.1
U7952,318,FUSE0,101593.1,101593.1,103445.8,1852.7,1852.7,941.0,0.507907,1,p:2.3.4.1.3.2
U7953,318,FUSE0,101670.3,101670.3,103513.8,1843.5,1843.5,941.0,0.510442,1,p:1.2.1.2.2.1
U7954,318,FUSE0,101709.1,101709.1,103561.8,1852.7,1852.7,941.0,0.507907,1,p:2.1.3.1.1.2
U7955,318,FUSE0,101799.9,101799.9,103629.8,1829.9,1829.9,941.0,0.514236,1,p:1.3.2.2.3.1
U7956,318,FUSE0,101825.1,101825.1,103677.8,1852.7,1852.7,941.0,0.507907,1,p:2.2.5.1.2.2
U7957,318,FUSE0,101915.9,101915.9,103750.6,1834.7,1834.7,941.0,0.51289,1,p:1.1.4.2.1.1
U7958,318,FUSE1,101954.7,101954.7,103793.8,1839.1,1839.1,1003.0,0.545375,1,p:2.3.1.1.3.2
U7959,318,FUSE1,102031.9,102031.9,103866.6,1834.7,1834.7,1003.0,0.546683,1,p:1.2.3.2.2.1
U7960,318,FUSE1,102070.7,102070.7,103909.8,1839.1,1839.1,1003.0,0.545375,1,p:2.1.2.1.1.2
U7961,318,FUSE1,102152.7,102152.7,103982.6,1829.9,1829.9,1003.0,0.548117,1,p:1.3.5.2.3.1
U7962,318,FUSE1,102186.7,102186.7,104025.8,1839.1,1839.1,1003.0,0.545375,1,p:2.2.4.1.2.2
U7963,318,FUSE1,102268.7,102268.7,104103.4,1834.7,1834.7,1003.0,0.546683,1,p:1.1.1.2.1.1
U7964,318,FUSE1,102307.5,102307.5,104141.8,1834.3,1834.3,1003.0,0.546803,1,p:2.3.3.1.3.2
U7965,318,FUSE1,102384.7,102384.7,104219.4,1834.7,1834.7,1003.0,0.546683,1,p:1.2.2.2.2.1
U7966,318,FUSE2,102423.5,102423.5,104261.4,1837.9,1837.9,1035.4,0.56336,1,p:2.1.5.1.1.2
U7967,318,FUSE2,102505.5,102505.5,104335.4,1829.9,1829.9,1035.4,0.565823,1,p:1.3.4.2.3.1
U7968,318,FUSE2,102539.5,102539.5,104377.4,1837.9,1837.9,1035.4,0.56336,1,p:2.2.1.1.2.2
U7969,318,FUSE2,102621.5,102621.5,104456.2,1834.7,1834.7,1035.4,0.564343,1,p:1.1.3.2.1.1
U7970,318,FUSE2,102660.3,102660.3,104493.4,1833.1,1833.1,1035.4,0.564836,1,p:2.3.2.1.3.2
U7971,318,FUSE2,102737.5,102737.5,104572.2,1834.7,1834.7,1035.4,0.564343,1,p:1.2.5.2.2.1
U7972,318,FUSE2,102776.3,102776.3,104614.2,1837.9,1837.9,1035.4,0.56336,1,p:2.1.4.1.1.2
U7973,318,FUSE2,102858.3,102858.3,104730.2,1871.9,1871.9,1035.4,0.553128,1,p:1.3.1.1.2.2
U3252,131,FUSE0,102892.3,102892.3,104688.2,1795.9,1795.9,941.0,0.523971,1,p:2.2.3.2.3.1
U3253,131,FUSE0,102974.3,102974.3,104809.0,1834.7,1834.7,941.0,0.51289,1,p:1.1.2.2.1.1
U3254,131,FUSE0,103013.1,103013.1,104846.2,1833.1,1833.1,941.0,0.513338,1,p:2.3.5.1.3.2
U3255,131,FUSE0,103090.3,103090.3,104925.0,1834.7,1834.7,941.0,0.51289,1,p:1.2.4.2.2.1
U3256,131,FUSE0,103129.1,103129.1,104967.0,1837.9,1837.9,941.0,0.511997,1,p:2.1.3.1.1.2
U3257,131,FUSE0,103245.1,103245.1,105041.0,1795.9,1795.9,941.0,0.523971,1,p:1.3.1.2.3.1
U3258,131,FUSE0,103245.5,103245.5,105083.0,1837.5,1837.5,941.0,0.512109,1,p:2.2.2.1.2.2
U3259,131,FUSE0,103361.1,103361.1,105161.8,1800.7,1800.7,941.0,0.522575,1,p:1.1.5.2.1.1
U3260,131,FUSE0,103429.1,103429.1,105199.0,1769.9,1769.9,941.0,0.531668,1,p:2.2.4.1.3.2
U3261,131,FUSE1,103477.1,103477.1,105277.8,1800.7,1800.7,1003.0,0.557006,1,p:1.3.3.2.2.1
U3262,131,FUSE1,103545.1,103545.1,105319.8,1774.7,1774.7,1003.0,0.565166,1,p:2.1.1.1.1.2
U3263,131,FUSE1,103593.1,103593.1,105393.8,1800.7,1800.7,1003.0,0.557006,1,p:1.2.2.2.3.1
U3264,131,FUSE1,103661.1,103661.1,105435.8,1774.7,1774.7,1003.0,0.565166,1,p:2.3.5.1.2.2
U3265,131,FUSE1,103709.1,103709.1,105514.6,1805.5,1805.5,1003.0,0.555525,1,p:1.1.4.2.1.1
U3266,131,FUSE1,103781.9,103781.9,105551.8,1769.9,1769.9,1003.0,0.566699,1,p:2.2.3.1.3.2
U3267,131,FUSE1,103825.1,103825.1,105630.6,1805.5,1805.5,1003.0,0.555525,1,p:1.3.1.2.2.1
U3268,131,FUSE1,103897.9,103897.9,105672.6,1774.7,1774.7,1003.0,0.565166,1,p:2.1.2.1.1.2
U3269,131,FUSE1,103941.1,103941.1,105746.6,1805.5,1805.5,1003.0,0.555525,1,p:1.2.5.2.3.1
U3270,131,FUSE2,104013.9,104013.9,105788.6,1774.7,1774.7,1035.4,0.583423,1,p:2.3.4.1.2.2
U3271,131,FUSE2,104057.1,104057.1,105867.4,1810.3,1810.3,1035.4,0.571949,1,p:1.1.3.2.1.1
U3272,131,FUSE2,104134.7,104134.7,105904.6,1769.9,1769.9,1035.4,0.585005,1,p:2.2.1.1.3.2
U3273,131,FUSE2,104173.1,104173.1,105983.4,1810.3,1810.3,1035.4,0.571949,1,p:1.3.2.2.2.1
U3274,131,FUSE2,104250.7,104250.7,106025.4,1774.7,1774.7,1035.4,0.583423,1,p:2.1.5.1.1.2
U3275,131,FUSE2,104292.7,104292.7,106099.4,1806.7,1806.7,1035.4,0.573089,1,p:1.2.4.2.3.1
U3276,131,FUSE2,104366.7,104366.7,106220.2,1853.5,1853.5,1035.4,0.558619,1,p:2.3.3.2.1.1
U3277,131,FUSE2,104408.7,104408.7,106336.2,1927.5,1927.5,1035.4,0.537173,1,p:1.1.1.2.2.1
U2272,92,FUSE0,104487.5,104487.5,106141.4,1653.9,1653.9,941.0,0.568958,1,p:2.2.2.1.2.2
U2273,92,FUSE0,104524.7,104524.7,106257.4,1732.7,1732.7,941.0,0.543083,1,p:1.3.5.1.3.2
U2274,92,FUSE0,104603.5,104603.5,106378.2,1774.7,1774.7,941.0,0.53023,1,p:2.1.4.1.1.2
U2275,92,FUSE0,104645.5,104645.5,106452.2,1806.7,1806.7,941.0,0.520839,1,p:1.2.2.2.3.1
U2276,92,FUSE0,104719.5,104719.5,106494.2,1774.7,1774.7,941.0,0.53023,1,p:2.3.3.1.2.2
U2277,92,FUSE0,104761.5,104761.5,106573.0,1811.5,1811.5,941.0,0.519459,1,p:1.1.5.2.1.1
U2278,92,FUSE0,104840.3,104840.3,106610.2,1769.9,1769.9,941.0,0.531668,1,p:2.2.1.1.3.2
U2279,92,FUSE0,104877.5,104877.5,106689.0,1811.5,1811.5,941.0,0.519459,1,p:1.3.4.2.2.1
U2280,92,FUSE1,104956.3,104956.3,106731.0,1774.7,1774.7,1003.0,0.565166,1,p:2.1.2.1.1.2
U2281,92,FUSE1,104998.3,104998.3,106805.0,1806.7,1806.7,1003.0,0.555156,1,p:1.2.3.2.3.1
U2282,92,FUSE1,105072.3,105072.3,106847.0,1774.7,1774.7,1003.0,0.565166,1,p:2.3.5.1.2.2
U2283,92,FUSE1,105114.3,105114.3,106925.8,1811.5,1811.5,1003.0,0.553685,1,p:1.1.1.2.1.1
U2284,92,FUSE1,105193.1,105193.1,106963.0,1769.9,1769.9,1003.0,0.566699,1,p:2.2.4.1.3.2
U2285,92,FUSE1,105230.3,105230.3,107041.8,1811.5,1811.5,1003.0,0.553685,1,p:1.3.2.2.2.1
U2286,92,FUSE1,105309.1,105309.1,107083.8,1774.7,1774.7,1003.0,0.565166,1,p:2.1.3.1.1.2
U2287,92,FUSE1,105351.1,105351.1,107157.8,1806.7,1806.7,1003.0,0.555156,1,p:1.2.5.2.3.1
U2288,92,FUSE1,105425.1,105425.1,107199.8,1774.7,1774.7,1003.0,0.565166,1,p:2.3.1.1.2.2
U2289,92,FUSE2,105467.1,105467.1,107278.6,1811.5,1811.5,1035.4,0.571571,1,p:1.1.4.2.1.1
U2290,92,FUSE2,105545.9,105545.9,107315.8,1769.9,1769.9,1035.4,0.585005,1,p:2.2.2.1.3.2
U2291,92,FUSE2,105583.1,105583.1,107394.6,1811.5,1811.5,1035.4,0.571571,1,p:1.3.3.2.2.1
U2292,92,FUSE2,105661.9,105661.9,107436.6,1774.7,1774.7,1035.4,0.583423,1,p:2.1.5.1.1.2
U2293,92,FUSE2,105703.9,105703.9,107510.6,1806.7,1806.7,1035.4,0.573089,1,p:1.2.1.2.3.1
U2294,92,FUSE2,105777.9,105777.9,107552.6,1774.7,1774.7,1035.4,0.583423,1,p:2.3.4.1.2.2
U2295,92,FUSE2,105819.9,105819.9,107747.4,1927.5,1927.5,1035.4,0.537173,1,p:1.1.2.2.2.1
U2296,92,FUSE2,105898.7,105898.7,107789.4,1890.7,1890.7,1035.4,0.547628,1,p:2.2.3.1.1.2
U5151,206,FUSE0,105935.9,105935.9,107668.6,1732.7,1732.7,941.0,0.543083,1,p:1.3.5.1.3.2
U5152,206,FUSE0,106014.7,106014.7,107631.4,1616.7,1616.7,941.0,0.58205,1,p:2.1.1.2.1.1
U5153,206,FUSE0,106056.7,106056.7,107863.4,1806.7,1806.7,941.0,0.520839,1,p:1.2.4.2.3.1
U5154,206,FUSE0,106130.7,106130.7,108021.4,1890.7,1890.7,941.0,0.497699,1,p:2.3.5.1.3.2
U5155,206,FUSE0,106172.7,106172.7,107984.2,1811.5,1811.5,941.0,0.519459,1,p:1.1.1.2.1.1
U5156,206,FUSE0,106251.5,106251.5,107905.4,1653.9,1653.9,941.0,0.568958,1,p:2.2.2.1.2.2
U5157,206,FUSE0,106288.7,106288.7,108100.2,1811.5,1811.5,941.0,0.519459,1,p:1.3.3.2.2.1
U5158,206,FUSE0,106367.5,106367.5,108142.2,1774.7,1774.7,941.0,0.53023,1,p:2.1.4.1.1.2
U5159,206,FUSE1,106409.5,106409.5,108337.0,1927.5,1927.5,1003.0,0.520363,1,p:1.2.5.2.1.1
U5160,206,FUSE1,106483.5,106483.5,108258.2,1774.7,1774.7,1003.0,0.565166,1,p:2.3.1.1.2.2
U5161,206,FUSE1,106525.5,106525.5,108216.2,1690.7,1690.7,1003.0,0.593245,1,p:1.1.2.2.3.1
U5162,206,FUSE1,106604.3,106604.3,108374.2,1769.9,1769.9,1003.0,0.566699,1,p:2.2.3.1.3.2
U5163,206,FUSE1,106641.5,106641.5,108453.0,1811.5,1811.5,1003.0,0.553685,1,p:1.3.4.2.2.1
U5164,206,FUSE1,106720.3,106720.3,108618.2,1897.9,1897.9,1003.0,0.528479,1,p:2.1.5.1.2.2
U5165,206,FUSE1,106762.3,106762.3,108569.0,1806.7,1806.7,1003.0,0.555156,1,p:1.2.1.2.3.1
U5166,206,FUSE1,106836.3,106836.3,108502.2,1665.9,1665.9,1003.0,0.602077,1,p:2.3.2.1.1.2
U5167,206,FUSE2,106878.3,106878.3,108697.0,1818.7,1818.7,1035.4,0.569308,1,p:1.1.3.2.1.1
U5168,206,FUSE2,106957.1,106957.1,108734.2,1777.1,1777.1,1035.4,0.582635,1,p:2.2.4.1.3.2
U5169,206,FUSE2,106994.3,106994.3,108855.0,1860.7,1860.7,1035.4,0.556457,1,p:1.3.5.1.1.2
U5170,206,FUSE2,107073.1,107073.1,108813.0,1739.9,1739.9,1035.4,0.595092,1,p:2.1.1.2.2.1
U5171,206,FUSE2,107115.1,107115.1,108929.0,1813.9,1813.9,1035.4,0.570814,1,p:1.2.2.2.3.1
U5172,206,FUSE2,107189.1,107189.1,108971.0,1781.9,1781.9,1035.4,0.581065,1,p:2.3.3.1.2.2
U5173,206,FUSE2,107231.1,107231.1,109049.8,1818.7,1818.7,1035.4,0.569308,1,p:1.1.4.2.1.1
U4760,190,FUSE0,107309.9,107309.9,109207.8,1897.9,1897.9,941.0,0.495811,1,p:2.2.5.1.1.2
U4761,190,FUSE0,107347.1,107347.1,109165.8,1818.7,1818.7,941.0,0.517403,1,p:1.3.1.2.2.1
U4762,190,FUSE0,107425.9,107425.9,109087.0,1661.1,1661.1,941.0,0.566492,1,p:2.1.2.1.3.2
U4763,190,FUSE0,107467.9,107467.9,109281.8,1813.9,1813.9,941.0,0.518772,1,p:1.2.3.2.3.1
U4764,190,FUSE0,107541.9,107541.9,109323.8,1781.9,1781.9,941.0,0.528088,1,p:2.3.4.1.2.2
U4765,190,FUSE0,107583.9,107583.9,109402.6,1818.7,1818.7,941.0,0.517403,1,p:1.1.5.2.1.1
U4766,190,FUSE0,107662.7,107662.7,109439.8,1777.1,1777.1,941.0,0.529514,1,p:2.2.1.1.3.2
U4767,190,FUSE1,107699.9,107699.9,109518.6,1818.7,1818.7,1003.0,0.551493,1,p:1.3.2.2.2.1
U4768,190,FUSE1,107778.7,107778.7,109560.6,1781.9,1781.9,1003.0,0.562882,1,p:2.1.3.1.1.2
U4769,190,FUSE1,107820.7,107820.7,109634.6,1813.9,1813.9,1003.0,0.552952,1,p:1.2.4.2.3.1
U4770,190,FUSE1,107894.7,107894.7,109676.6,1781.9,1781.9,1003.0,0.562882,1,p:2.3.5.1.2.2
U4771,190,FUSE1,107936.7,107936.7,109755.4,1818.7,1818.7,1003.0,0.551493,1,p:1.1.1.2.1.1
U4772,190,FUSE1,108015.5,108015.5,109792.6,1777.1,1777.1,1003.0,0.564403,1,p:2.2.2.1.3.2
U4773,190,FUSE1,108052.7,108052.7,109871.4,1818.7,1818.7,1003.0,0.551493,1,p:1.3.3.2.2.1
U4774,190,FUSE2,108131.5,108131.5,109913.4,1781.9,1781.9,1035.4,0.581065,1,p:2.1.4.1.1.2
U4775,190,FUSE2,108173.5,108173.5,109987.4,1813.9,1813.9,1035.4,0.570814,1,p:1.2.5.2.3.1
U4776,190,FUSE2,108247.5,108247.5,110029.4,1781.9,1781.9,1035.4,0.581065,1,p:2.3.1.1.2.2
U4777,190,FUSE2,108289.5,108289.5,110113.8,1824.3,1824.3,1035.4,0.56756,1,p:1.1.2.2.1.1
U4778,190,FUSE2,108368.3,108368.3,110145.4,1777.1,1777.1,1035.4,0.582635,1,p:2.2.3.1.3.2
U4779,190,FUSE2,108405.5,108405.5,110229.8,1824.3,1824.3,1035.4,0.56756,1,p:1.3.4.2.2.1
U4780,190,FUSE2,108484.3,108484.3,110392.6,1908.3,1908.3,1035.4,0.542577,1,p:2.1.5.1.2.2
U4781,190,FUSE2,108533.5,108533.5,110345.8,1812.3,1812.3,1035.4,0.571318,1,p:1.2.1.2.3.1
U1195,48,FUSE0,108600.3,108600.3,110276.6,1676.3,1676.3,941.0,0.561355,1,p:2.3.2.1.1.2
U1196,48,FUSE0,108649.5,108649.5,110471.4,1821.9,1821.9,941.0,0.516494,1,p:1.1.3.2.1.1
U1197,48,FUSE0,108728.3,108728.3,110508.6,1780.3,1780.3,941.0,0.528563,1,p:2.2.4.1.3.2
U1198,48,FUSE0,108765.5,108765.5,110703.4,1937.9,1937.9,941.0,0.485577,1,p:1.3.5.2.3.1
U1199,48,FUSE0,108844.3,108844.3,110629.4,1785.1,1785.1,941.0,0.527141,1,p:2.1.1.1.1.2
U1200,48,FUSE0,108886.3,108886.3,110587.4,1701.1,1701.1,941.0,0.553171,1,p:1.2.2.2.2.1
U1201,48,FUSE0,108960.3,108960.3,110745.4,1785.1,1785.1,941.0,0.527141,1,p:2.3.3.1.2.2
U1202,48,FUSE0,109002.3,109002.3,110824.2,1821.9,1821.9,941.0,0.516494,1,p:1.1.4.2.1.1
U1203,48,FUSE1,109081.1,109081.1,110982.2,1901.1,1901.1,1003.0,0.527589,1,p:2.2.5.1.1.2
U1204,48,FUSE1,109118.3,109118.3,110940.2,1821.9,1821.9,1003.0,0.550524,1,p:1.3.1.2.2.1
U1205,48,FUSE1,109197.1,109197.1,110861.4,1664.3,1664.3,1003.0,0.602656,1,p:2.1.2.1.3.2
U1206,48,FUSE1,109239.1,109239.1,111056.2,1817.1,1817.1,1003.0,0.551978,1,p:1.2.3.2.3.1
U1207,48,FUSE1,109313.1,109313.1,111098.2,1785.1,1785.1,1003.0,0.561873,1,p:2.3.4.1.2.2
U1208,48,FUSE1,109355.1,109355.1,111293.0,1937.9,1937.9,1003.0,0.517571,1,p:1.1.5.2.2.1
U1209,48,FUSE1,109433.9,109433.9,111214.2,1780.3,1780.3,1003.0,0.563388,1,p:2.2.1.1.3.2
U1210,48,FUSE1,109471.1,109471.1,111177.0,1705.9,1705.9,1003.0,0.587959,1,p:1.3.2.2.1.1
U1211,48,FUSE2,109549.9,109549.9,111335.0,1785.1,1785.1,1035.4,0.580024,1,p:2.1.3.1.1.2
U1212,48,FUSE2,109591.9,109591.9,111409.0,1817.1,1817.1,1035.4,0.569809,1,p:1.2.4.2.3.1
U1213,48,FUSE2,109665.9,109665.9,111567.0,1901.1,1901.1,1035.4,0.544632,1,p:2.3.5.1.3.2
U1214,48,FUSE2,109707.9,109707.9,111529.8,1821.9,1821.9,1035.4,0.568308,1,p:1.1.1.2.1.1
U1215,48,FUSE2,109786.7,109786.7,111451.0,1664.3,1664.3,1035.4,0.622123,1,p:2.2.2.1.2.2
U1216,48,FUSE2,109823.9,109823.9,111645.8,1821.9,1821.9,1035.4,0.568308,1,p:1.3.3.2.2.1
U1217,48,FUSE2,109902.7,109902.7,111704.6,1801.9,1801.9,1035.4,0.574616,1,p:2.1.4.1.1.2
U1218,48,FUSE2,109944.7,109944.7,111899.4,1954.7,1954.7,1035.4,0.529698,1,p:1.2.5.2.1.1
U1219,48,FUSE2,110018.7,110018.7,111820.6,1801.9,1801.9,1035.4,0.574616,1,p:2.3.1.1.2.2
U8019,321,FUSE0,110060.7,110060.7,111761.8,1701.1,1701.1,941.0,0.553171,1,p:1.1.2.2.3.1
U8020,321,FUSE0,110145.1,110145.1,111936.6,1791.5,1791.5,941.0,0.525258,1,p:2.2.3.1.3.2
U8021,321,FUSE0,110176.7,110176.7,112015.4,1838.7,1838.7,941.0,0.511775,1,p:1.3.4.2.2.1
U8022,321,FUSE0,110261.1,110261.1,112057.4,1796.3,1796.3,941.0,0.523855,1,p:2.1.2.1.1.2
U8023,321,FUSE0,110307.9,110307.9,112252.2,1944.3,1944.3,941.0,0.483979,1,p:1.2.3.2.1.1
U8024,321,FUSE0,110377.1,110377.1,112173.4,1796.3,1796.3,941.0,0.523855,1,p:2.3.5.1.2.2
U8025,321,FUSE0,110423.9,110423.9,112131.4,1707.5,1707.5,941.0,0.551098,1,p:1.1.1.2.3.1
U8026,321,FUSE0,110502.7,110502.7,112289.4,1786.7,1786.7,941.0,0.526669,1,p:2.2.4.1.3.2
U8027,321,FUSE1,110539.9,110539.9,112368.2,1828.3,1828.3,1003.0,0.548597,1,p:1.3.2.2.2.1
U8028,321,FUSE1,110618.7,110618.7,112526.2,1907.5,1907.5,1003.0,0.525819,1,p:2.1.3.1.2.2
U8029,321,FUSE1,110660.7,110660.7,112484.2,1823.5,1823.5,1003.0,0.550041,1,p:1.2.5.2.3.1
U8030,321,FUSE1,110734.7,110734.7,112410.2,1675.5,1675.5,1003.0,0.598627,1,p:2.3.1.1.1.2
U8031,321,FUSE1,110776.7,110776.7,112605.0,1828.3,1828.3,1003.0,0.548597,1,p:1.1.4.2.1.1
U8032,321,FUSE1,110855.5,110855.5,112642.2,1786.7,1786.7,1003.0,0.56137,1,p:2.2.2.1.3.2
U8033,321,FUSE1,110892.7,110892.7,112721.0,1828.3,1828.3,1003.0,0.548597,1,p:1.3.3.2.2.1
U8034,321,FUSE1,110971.5,110971.5,112763.0,1791.5,1791.5,1003.0,0.559866,1,p:2.1.5.1.1.2
U8035,321,FUSE2,111013.5,111013.5,112837.0,1823.5,1823.5,1035.4,0.567809,1,p:1.2.1.2.3.1
U8036,321,FUSE2,111087.5,111087.5,112879.0,1791.5,1791.5,1035.4,0.577951,1,p:2.3.4.1.2.2
U8037,321,FUSE2,111129.5,111129.5,112957.8,1828.3,1828.3,1035.4,0.566318,1,p:1.1.2.2.1.1
U8038,321,FUSE2,111208.3,111208.3,112995.0,1786.7,1786.7,1035.4,0.579504,1,p:2.2.3.1.3.2
U8039,321,FUSE2,111245.5,111245.5,113073.8,1828.3,1828.3,1035.4,0.566318,1,p:1.3.5.2.2.1
U8040,321,FUSE2,111324.3,111324.3,113115.8,1791.5,1791.5,1035.4,0.577951,1,p:2.1.1.1.1.2
U8041,321,FUSE2,111366.3,111366.3,113189.8,1823.5,1823.5,1035.4,0.567809,1,p:1.2.4.2.3.1
U8042,321,FUSE2,111440.3,111440.3,113347.8,1907.5,1907.5,1035.4,0.542805,1,p:2.3.2.1.3.2
U384,16,FUSE0,111482.3,111482.3,113231.8,1749.5,1749.5,941.0,0.537868,1,p:1.1.3.1.2.2
U385,16,FUSE0,111561.1,111561.1,113426.6,1865.5,1865.5,941.0,0.504422,1,p:2.2.5.2.2.1
U386,16,FUSE0,111598.3,111598.3,113310.6,1712.3,1712.3,941.0,0.549553,1,p:1.3.1.2.1.1
U387,16,FUSE0,111677.1,111677.1,113469.4,1792.3,1792.3,941.0,0.525024,1,p:2.1.4.1.1.2
U388,16,FUSE0,111735.9,111735.9,113542.6,1806.7,1806.7,941.0,0.520839,1,p:1.2.3.2.3.1
U389,16,FUSE0,111793.1,111793.1,113701.4,1908.3,1908.3,941.0,0.493109,1,p:2.3.5.1.3.2
U390,16,FUSE0,111851.9,111851.9,113664.2,1812.3,1812.3,941.0,0.51923,1,p:1.1.2.2.1.1
U391,16,FUSE0,111930.7,111930.7,113585.4,1654.7,1654.7,941.0,0.568683,1,p:2.2.1.1.2.2
U392,16,FUSE0,111967.9,111967.9,113780.2,1812.3,1812.3,941.0,0.51923,1,p:1.3.4.2.2.1
U393,16,FUSE1,112046.7,112046.7,113822.2,1775.5,1775.5,1003.0,0.564911,1,p:2.1.3.1.1.2
U394,16,FUSE1,112088.7,112088.7,114017.0,1928.3,1928.3,1003.0,0.520147,1,p:1.2.5.2.1.1
U395,16,FUSE1,112162.7,112162.7,113938.2,1775.5,1775.5,1003.0,0.564911,1,p:2.3.2.1.2.2
U396,16,FUSE1,112204.7,112204.7,113896.2,1691.5,1691.5,1003.0,0.592965,1,p:1.1.1.2.3.1
U397,16,FUSE1,112283.5,112283.5,114054.2,1770.7,1770.7,1003.0,0.566443,1,p:2.2.4.1.3.2
U398,16,FUSE1,112320.7,112320.7,114133.0,1812.3,1812.3,1003.0,0.55344,1,p:1.3.3.2.2.1
U399,16,FUSE1,112399.5,112399.5,114291.0,1891.5,1891.5,1003.0,0.530267,1,p:2.1.5.1.2.2
U400,16,FUSE1,112441.5,112441.5,114249.0,1807.5,1807.5,1003.0,0.55491,1,p:1.2.2.2.3.1
U401,16,FUSE1,112515.5,112515.5,114175.0,1659.5,1659.5,1003.0,0.604399,1,p:2.3.1.1.1.2
U402,16,FUSE2,112557.5,112557.5,114369.8,1812.3,1812.3,1035.4,0.571318,1,p:1.1.4.2.1.1
U403,16,FUSE2,112636.3,112636.3,114407.0,1770.7,1770.7,1035.4,0.58474,1,p:2.2.3.1.3.2
U404,16,FUSE2,112673.5,112673.5,114601.8,1928.3,1928.3,1035.4,0.53695,1,p:1.3.5.2.3.1
U405,16,FUSE2,112752.3,112752.3,114544.6,1792.3,1792.3,1035.4,0.577693,1,p:2.1.2.1.1.2
U406,16,FUSE2,112794.3,112794.3,114485.8,1691.5,1691.5,1035.4,0.612119,1,p:1.2.1.2.2.1
U407,16,FUSE2,112868.3,112868.3,114660.6,1792.3,1792.3,1035.4,0.577693,1,p:2.3.4.1.2.2
U408,16,FUSE2,112910.3,112910.3,114855.4,1945.1,1945.1,1035.4,0.532312,1,p:1.1.3.2.2.1
U409,16,FUSE2,112989.1,112989.1,114897.4,1908.3,1908.3,1035.4,0.542577,1,p:2.2.5.1.1.2
U4731,189,FUSE0,113026.3,113026.3,114739.4,1713.1,1713.1,941.0,0.549297,1,p:1.3.2.2.1.1
U4732,189,FUSE0,113105.1,113105.1,114776.6,1671.5,1671.5,941.0,0.562967,1,p:2.1.1.1.3.2
U4733,189,FUSE0,113147.1,113147.1,114971.4,1824.3,1824.3,941.0,0.515814,1,p:1.2.4.2.3.1
U4734,189,FUSE0,113221.1,113221.1,115013.4,1792.3,1792.3,941.0,0.525024,1,p:2.3.2.1.2.2
U4735,189,FUSE0,113263.1,113263.1,115092.2,1829.1,1829.1,941.0,0.514461,1,p:1.1.1.2.1.1
U4736,189,FUSE0,113341.9,113341.9,115129.4,1787.5,1787.5,941.0,0.526434,1,p:2.2.3.1.3.2
U4737,189,FUSE0,113379.1,113379.1,115208.2,1829.1,1829.1,941.0,0.514461,1,p:1.3.5.2.2.1
U4738,189,FUSE0,113457.9,113457.9,115250.2,1792.3,1792.3,941.0,0.525024,1,p:2.1.4.1.1.2
U4739,189,FUSE0,113500.7,113500.7,115324.2,1823.5,1823.5,941.0,0.516041,1,p:1.2.2.2.3.1
U4740,189,FUSE0,113573.9,113573.9,115366.2,1792.3,1792.3,941.0,0.525024,1,p:2.3.1.1.2.2
U4741,189,FUSE1,113616.7,113616.7,115445.0,1828.3,1828.3,1003.0,0.548597,1,p:1.1.3.2.1.1
U4742,189,FUSE1,113695.5,113695.5,115482.2,1786.7,1786.7,1003.0,0.56137,1,p:2.2.5.1.3.2
U4743,189,FUSE1,113732.7,113732.7,115561.0,1828.3,1828.3,1003.0,0.548597,1,p:1.3.4.2.2.1
U4744,189,FUSE1,113811.5,113811.5,115603.0,1791.5,1791.5,1003.0,0.559866,1,p:2.1.2.1.1.2
U4745,189,FUSE1,113853.5,113853.5,115677.0,1823.5,1823.5,1003.0,0.550041,1,p:1.2.1.2.3.1
U4746,189,FUSE1,113927.5,113927.5,115719.0,1791.5,1791.5,1003.0,0.559866,1,p:2.3.3.1.2.2
U4747,189,FUSE1,113969.5,113969.5,115797.8,1828.3,1828.3,1003.0,0.548597,1,p:1.1.5.2.1.1
U4748,189,FUSE1,114048.3,114048.3,115835.0,1786.7,1786.7,1003.0,0.56137,1,p:2.2.4.1.3.2
U4749,189,FUSE1,114085.5,114085.5,115913.8,1828.3,1828.3,1003.0,0.548597,1,p:1.3.2.2.2.1
U4750,189,FUSE2,114164.3,114164.3,115955.8,1791.5,1791.5,1035.4,0.577951,1,p:2.1.1.1.1.2
U4751,189,FUSE2,114206.3,114206.3,116029.8,1823.5,1823.5,1035.4,0.567809,1,p:1.2.3.2.3.1
U4752,189,FUSE2,114280.3,114280.3,116071.8,1791.5,1791.5,1035.4,0.577951,1,p:2.3.5.1.2.2
U4753,189,FUSE2,114322.3,114322.3,116150.6,1828.3,1828.3,1035.4,0.566318,1,p:1.1.4.2.1.1
U4754,189,FUSE2,114401.1,114401.1,116187.8,1786.7,1786.7,1035.4,0.579504,1,p:2.2.2.1.3.2
U4755,189,FUSE2,114438.3,114438.3,116266.6,1828.3,1828.3,1035.4,0.566318,1,p:1.3.1.2.2.1
U4756,189,FUSE2,114517.1,114517.1,116308.6,1791.5,1791.5,1035.4,0.577951,1,p:2.1.3.1.1.2
U4757,189,FUSE2,114575.9,114575.9,116382.6,1806.7,1806.7,1035.4,0.573089,1,p:1.2.5.2.3.1
U4758,189,FUSE2,114633.1,114633.1,116424.6,1791.5,1791.5,1035.4,0.577951,1,p:2.3.4.1.2.2
U4759,189,FUSE2,114691.9,114691.9,116540.6,1848.7,1848.7,1035.4,0.560069,1,p:1.1.2.1.3.2
U8588,344,FUSE0,114770.7,114770.7,116503.4,1732.7,1732.7,941.0,0.543083,1,p:2.2.1.2.1.1
U8589,344,FUSE0,114807.9,114807.9,116619.4,1811.5,1811.5,941.0,0.519459,1,p:1.3.3.2.2.1
U8590,344,FUSE0,114886.7,114886.7,116661.4,1774.7,1774.7,941.0,0.53023,1,p:2.1.5.1.1.2
U8591,344,FUSE0,114928.7,114928.7,116735.4,1806.7,1806.7,941.0,0.520839,1,p:1.2.4.2.3.1
U8592,344,FUSE0,115002.7,115002.7,116777.4,1774.7,1774.7,941.0,0.53023,1,p:2.3.1.1.2.2
U8593,344,FUSE0,115044.7,115044.7,116856.2,1811.5,1811.5,941.0,0.519459,1,p:1.1.2.2.1.1
U8594,344,FUSE0,115123.5,115123.5,116893.4,1769.9,1769.9,941.0,0.531668,1,p:2.2.3.1.3.2
U8595,344,FUSE1,115160.7,115160.7,116972.2,1811.5,1811.5,1003.0,0.553685,1,p:1.3.5.2.2.1
U8596,344,FUSE1,115239.5,115239.5,117014.2,1774.7,1774.7,1003.0,0.565166,1,p:2.1.4.1.1.2
U8597,344,FUSE1,115281.5,115281.5,117088.2,1806.7,1806.7,1003.0,0.555156,1,p:1.2.1.2.3.1
U8598,344,FUSE1,115355.5,115355.5,117130.2,1774.7,1774.7,1003.0,0.565166,1,p:2.3.2.1.2.2
U8599,344,FUSE1,115397.5,115397.5,117209.0,1811.5,1811.5,1003.0,0.553685,1,p:1.1.3.2.1.1
U8600,344,FUSE1,115476.3,115476.3,117246.2,1769.9,1769.9,1003.0,0.566699,1,p:2.2.5.1.3.2
U8601,344,FUSE1,115513.5,115513.5,117325.0,1811.5,1811.5,1003.0,0.553685,1,p:1.3.4.2.2.1
U8602,344,FUSE2,115592.3,115592.3,117367.0,1774.7,1774.7,1035.4,0.583423,1,p:2.1.1.1.1.2
U8603,344,FUSE2,115634.3,115634.3,117441.0,1806.7,1806.7,1035.4,0.573089,1,p:1.2.2.2.3.1
U8604,344,FUSE2,115708.3,115708.3,117483.0,1774.7,1774.7,1035.4,0.583423,1,p:2.3.3.1.2.2
U8605,344,FUSE2,115750.3,115750.3,117561.8,1811.5,1811.5,1035.4,0.571571,1,p:1.1.5.2.1.1
U8606,344,FUSE2,115829.1,115829.1,117599.0,1769.9,1769.9,1035.4,0.585005,1,p:2.2.4.1.3.2
U8607,344,FUSE2,115866.3,115866.3,117677.8,1811.5,1811.5,1035.4,0.571571,1,p:1.3.1.2.2.1
U8608,344,FUSE2,115945.1,115945.1,117793.8,1848.7,1848.7,1035.4,0.560069,1,p:2.1.2.2.3.1
U6848,274,FUSE0,115987.1,115987.1,117719.8,1732.7,1732.7,941.0,0.543083,1,p:1.2.3.1.1.2
U6849,274,FUSE0,116061.1,116061.1,117835.8,1774.7,1774.7,941.0,0.53023,1,p:2.3.5.1.2.2
U6850,274,FUSE0,116103.1,116103.1,117914.6,1811.5,1811.5,941.0,0.519459,1,p:1.1.4.2.1.1
U6851,274,FUSE0,116181.9,116181.9,117951.8,1769.9,1769.9,941.0,0.531668,1,p:2.2.1.1.3.2
U6852,274,FUSE0,116219.1,116219.1,118030.6,1811.5,1811.5,941.0,0.519459,1,p:1.3.3.2.2.1
U6853,274,FUSE0,116297.9,116297.9,118072.6,1774.7,1774.7,941.0,0.53023,1,p:2.1.2.1.1.2
U6854,274,FUSE0,116339.9,116339.9,118146.6,1806.7,1806.7,941.0,0.520839,1,p:1.2.5.2.3.1
U6855,274,FUSE0,116413.9,116413.9,118188.6,1774.7,1774.7,941.0,0.53023,1,p:2.3.4.1.2.2
U6856,274,FUSE0,116455.9,116455.9,118267.4,1811.5,1811.5,941.0,0.519459,1,p:1.1.1.2.1.1
U6857,274,FUSE0,116534.7,116534.7,118304.6,1769.9,1769.9,941.0,0.531668,1,p:2.2.3.1.3.2
U6858,274,FUSE1,116571.9,116571.9,118383.4,1811.5,1811.5,1003.0,0.553685,1,p:1.3.2.2.2.1
U6859,274,FUSE1,116650.7,116650.7,118425.4,1774.7,1774.7,1003.0,0.565166,1,p:2.1.5.1.1.2
U6860,274,FUSE1,116692.7,116692.7,118499.4,1806.7,1806.7,1003.0,0.555156,1,p:1.2.4.2.3.1
U6861,274,FUSE1,116766.7,116766.7,118541.4,1774.7,1774.7,1003.0,0.565166,1,p:2.3.1.1.2.2
U6862,274,FUSE1,116808.7,116808.7,118620.2,1811.5,1811.5,1003.0,0.553685,1,p:1.1.3.2.1.1
U6863,274,FUSE1,116887.5,116887.5,118657.4,1769.9,1769.9,1003.0,0.566699,1,p:2.2.2.1.3.2
U6864,274,FUSE1,116924.7,116924.7,118736.2,1811.5,1811.5,1003.0,0.553685,1,p:1.3.5.2.2.1
U6865,274,FUSE1,117003.5,117003.5,118778.2,1774.7,1774.7,1003.0,0.565166,1,p:2.1.4.1.1.2
U6866,274,FUSE1,117045.5,117045.5,118852.2,1806.7,1806.7,1003.0,0.555156,1,p:1.2.1.2.3.1
U6867,274,FUSE1,117119.5,117119.5,118894.2,1774.7,1774.7,1003.0,0.565166,1,p:2.3.3.1.2.2
U6868,274,FUSE2,117161.5,117161.5,118973.0,1811.5,1811.5,1035.4,0.571571,1,p:1.1.2.2.1.1
U6869,274,FUSE2,117240.3,117240.3,119010.2,1769.9,1769.9,1035.4,0.585005,1,p:2.2.5.1.3.2
U6870,274,FUSE2,117277.5,117277.5,119089.0,1811.5,1811.5,1035.4,0.571571,1,p:1.3.4.2.2.1
U6871,274,FUSE2,117356.3,117356.3,119131.0,1774.7,1774.7,1035.4,0.583423,1,p:2.1.1.1.1.2
U6872,274,FUSE2,117398.3,117398.3,119205.0,1806.7,1806.7,1035.4,0.573089,1,p:1.2.3.2.3.1
U6873,274,FUSE2,117472.3,117472.3,119247.0,1774.7,1774.7,1035.4,0.583423,1,p:2.3.2.1.2.2
U6874,274,FUSE2,117514.3,117514.3,119330.2,1815.9,1815.9,1035.4,0.570186,1,p:1.1.5.2.1.1
U6875,274,FUSE2,117593.1,117593.1,119363.0,1769.9,1769.9,1035.4,0.585005,1,p:2.2.4.1.3.2
U6876,274,FUSE2,117630.3,117630.3,119485.0,1854.7,1854.7,1035.4,0.558257,1,p:1.3.1.1.1.2
U718,29,FUSE0,117709.1,117709.1,119446.2,1737.1,1737.1,941.0,0.541707,1,p:2.1.3.2.2.1
U719,29,FUSE0,117751.1,117751.1,119562.2,1811.1,1811.1,941.0,0.519574,1,p:1.2.2.2.3.1
U720,29,FUSE0,117825.1,117825.1,119601.0,1775.9,1775.9,941.0,0.529872,1,p:2.3.5.1.2.2
U721,29,FUSE0,117867.1,117867.1,119683.0,1815.9,1815.9,941.0,0.5182,1,p:1.1.4.2.1.1
U722,29,FUSE0,117945.9,117945.9,119717.0,1771.1,1771.1,941.0,0.531308,1,p:2.2.3.1.3.2
U723,29,FUSE0,117983.1,117983.1,119799.0,1815.9,1815.9,941.0,0.5182,1,p:1.3.1.2.2.1
U724,29,FUSE0,118061.9,118061.9,119837.8,1775.9,1775.9,941.0,0.529872,1,p:2.1.2.1.1.2
U725,29,FUSE0,118103.9,118103.9,119915.0,1811.1,1811.1,941.0,0.519574,1,p:1.2.5.2.3.1
U726,29,FUSE1,118177.9,118177.9,119953.8,1775.9,1775.9,1003.0,0.564784,1,p:2.3.4.1.2.2
U727,29,FUSE1,118219.9,118219.9,120035.8,1815.9,1815.9,1003.0,0.552343,1,p:1.1.3.2.1.1
U728,29,FUSE1,118298.7,118298.7,120069.8,1771.1,1771.1,1003.0,0.566315,1,p:2.2.1.1.3.2
U729,29,FUSE1,118335.9,118335.9,120151.8,1815.9,1815.9,1003.0,0.552343,1,p:1.3.2.2.2.1
U730,29,FUSE1,118414.7,118414.7,120190.6,1775.9,1775.9,1003.0,0.564784,1,p:2.1.5.1.1.2
U731,29,FUSE1,118456.7,118456.7,120267.8,1811.1,1811.1,1003.0,0.553807,1,p:1.2.4.2.3.1
U732,29,FUSE1,118530.7,118530.7,120306.6,1775.9,1775.9,1003.0,0.564784,1,p:2.3.3.1.2.2
U733,29,FUSE1,118572.7,118572.7,120388.6,1815.9,1815.9,1003.0,0.552343,1,p:1.1.1.2.1.1
U734,29,FUSE2,118651.5,118651.5,120422.6,1771.1,1771.1,1035.4,0.584608,1,p:2.2.2.1.3.2
U735,29,FUSE2,118688.7,118688.7,120504.6,1815.9,1815.9,1035.4,0.570186,1,p:1.3.5.2.2.1
U736,29,FUSE2,118767.5,118767.5,120553.0,1785.5,1785.5,1035.4,0.579894,1,p:2.1.4.1.1.2
U737,29,FUSE2,118809.5,118809.5,120620.6,1811.1,1811.1,1035.4,0.571697,1,p:1.2.3.2.3.1
U738,29,FUSE2,118883.5,118883.5,120669.0,1785.5,1785.5,1035.4,0.579894,1,p:2.3.1.1.2.2
U739,29,FUSE2,118925.5,118925.5,120747.8,1822.3,1822.3,1035.4,0.568183,1,p:1.1.2.2.1.1
U740,29,FUSE2,119004.3,119004.3,120785.0,1780.7,1780.7,1035.4,0.581457,1,p:2.2.5.1.3.2
U741,29,FUSE2,119041.5,119041.5,120905.8,1864.3,1864.3,1035.4,0.555383,1,p:1.3.4.1.1.2
U742,29,FUSE2,119120.3,119120.3,120979.8,1859.5,1859.5,1035.4,0.556816,1,p:2.1.3.2.3.1
U4782,191,FUSE0,119162.3,119162.3,120863.8,1701.5,1701.5,941.0,0.553041,1,p:1.2.1.2.2.1
U4783,191,FUSE0,119236.3,119236.3,121021.8,1785.5,1785.5,941.0,0.527023,1,p:2.3.2.1.2.2
U4784,191,FUSE0,119278.3,119278.3,121100.6,1822.3,1822.3,941.0,0.51638,1,p:1.1.5.2.1.1
U4785,191,FUSE0,119361.5,119361.5,121137.8,1776.3,1776.3,941.0,0.529753,1,p:2.2.1.1.3.2
U4786,191,FUSE0,119394.3,119394.3,121216.6,1822.3,1822.3,941.0,0.51638,1,p:1.3.4.2.2.1
U4787,191,FUSE0,119477.5,119477.5,121258.6,1781.1,1781.1,941.0,0.528325,1,p:2.1.3.1.1.2
U4788,191,FUSE0,119516.3,119516.3,121332.6,1816.3,1816.3,941.0,0.518086,1,p:1.2.2.2.3.1
U4789,191,FUSE0,119593.5,119593.5,121374.6,1781.1,1781.1,941.0,0.528325,1,p:2.3.5.1.2.2
U4790,191,FUSE0,119632.3,119632.3,121453.4,1821.1,1821.1,941.0,0.516721,1,p:1.1.1.2.1.1
U4791,191,FUSE1,119714.3,119714.3,121490.6,1776.3,1776.3,1003.0,0.564657,1,p:2.2.4.1.3.2
U4792,191,FUSE1,119748.3,119748.3,121569.4,1821.1,1821.1,1003.0,0.550766,1,p:1.3.3.2.2.1
U4793,191,FUSE1,119830.3,119830.3,121611.4,1781.1,1781.1,1003.0,0.563135,1,p:2.1.2.1.1.2
U4794,191,FUSE1,119869.1,119869.1,121685.4,1816.3,1816.3,1003.0,0.552222,1,p:1.2.5.2.3.1
U4795,191,FUSE1,119946.3,119946.3,121727.4,1781.1,1781.1,1003.0,0.563135,1,p:2.3.1.1.2.2
U4796,191,FUSE1,119985.1,119985.1,121806.2,1821.1,1821.1,1003.0,0.550766,1,p:1.1.4.2.1.1
U4797,191,FUSE1,120067.1,120067.1,121843.4,1776.3,1776.3,1003.0,0.564657,1,p:2.2.3.1.3.2
U4798,191,FUSE1,120101.1,120101.1,121922.2,1821.1,1821.1,1003.0,0.550766,1,p:1.3.2.2.2.1
U4799,191,FUSE1,120183.1,120183.1,121964.2,1781.1,1781.1,1003.0,0.563135,1,p:2.1.5.1.1.2
U4800,191,FUSE2,120221.9,120221.9,122038.2,1816.3,1816.3,1035.4,0.57006,1,p:1.2.1.2.3.1
U4801,191,FUSE2,120299.1,120299.1,122080.2,1781.1,1781.1,1035.4,0.581326,1,p:2.3.4.1.2.2
U4802,191,FUSE2,120337.9,120337.9,122159.0,1821.1,1821.1,1035.4,0.568557,1,p:1.1.3.2.1.1
U4803,191,FUSE2,120419.9,120419.9,122196.2,1776.3,1776.3,1035.4,0.582897,1,p:2.2.2.1.3.2
U4804,191,FUSE2,120453.9,120453.9,122275.0,1821.1,1821.1,1035.4,0.568557,1,p:1.3.5.2.2.1
U4805,191,FUSE2,120535.9,120535.9,122319.0,1783.1,1783.1,1035.4,0.580674,1,p:2.1.1.1.1.2
U4806,191,FUSE2,120584.3,120584.3,122435.0,1850.7,1850.7,1035.4,0.559464,1,p:1.2.4.1.2.2
U4807,191,FUSE2,120651.9,120651.9,122513.8,1861.9,1861.9,1035.4,0.556099,1,p:2.3.3.2.1.1
U6529,261,FUSE0,120700.3,120700.3,122391.0,1690.7,1690.7,941.0,0.556574,1,p:1.1.2.2.3.1
U6530,261,FUSE0,120779.1,120779.1,122551.0,1771.9,1771.9,941.0,0.531068,1,p:2.2.5.1.3.2
U6531,261,FUSE0,120816.3,120816.3,122629.8,1813.5,1813.5,941.0,0.518886,1,p:1.3.1.2.2.1
U6532,261,FUSE0,120895.1,120895.1,122671.8,1776.7,1776.7,941.0,0.529634,1,p:2.1.2.1.1.2
U6533,261,FUSE0,120937.1,120937.1,122745.8,1808.7,1808.7,941.0,0.520263,1,p:1.2.4.2.3.1
U6534,261,FUSE0,121011.1,121011.1,122787.8,1776.7,1776.7,941.0,0.529634,1,p:2.3.3.1.2.2
U6535,261,FUSE0,121053.1,121053.1,122866.6,1813.5,1813.5,941.0,0.518886,1,p:1.1.5.2.1.1
U6536,261,FUSE0,121131.9,121131.9,122903.8,1771.9,1771.9,941.0,0.531068,1,p:2.2.1.1.3.2
U6537,261,FUSE1,121169.1,121169.1,122982.6,1813.5,1813.5,1003.0,0.553074,1,p:1.3.2.2.2.1
U6538,261,FUSE1,121247.9,121247.9,123024.6,1776.7,1776.7,1003.0,0.56453,1,p:2.1.4.1.1.2
U6539,261,FUSE1,121289.9,121289.9,123098.6,1808.7,1808.7,1003.0,0.554542,1,p:1.2.3.2.3.1
U6540,261,FUSE1,121363.9,121363.9,123140.6,1776.7,1776.7,1003.0,0.56453,1,p:2.3.5.1.2.2
U6541,261,FUSE1,121405.9,121405.9,123219.4,1813.5,1813.5,1003.0,0.553074,1,p:1.1.1.2.1.1
U6542,261,FUSE1,121484.7,121484.7,123256.6,1771.9,1771.9,1003.0,0.566059,1,p:2.2.2.1.3.2
U6543,261,FUSE1,121521.9,121521.9,123335.4,1813.5,1813.5,1003.0,0.553074,1,p:1.3.4.2.2.1
U6544,261,FUSE1,121600.7,121600.7,123377.4,1776.7,1776.7,1003.0,0.56453,1,p:2.1.3.1.1.2
U6545,261,FUSE2,121642.7,121642.7,123451.4,1808.7,1808.7,1035.4,0.572455,1,p:1.2.5.2.3.1
U6546,261,FUSE2,121716.7,121716.7,123493.4,1776.7,1776.7,1035.4,0.582766,1,p:2.3.1.1.2.2
U6547,261,FUSE2,121758.7,121758.7,123572.2,1813.5,1813.5,1035.4,0.57094,1,p:1.1.2.2.1.1
U6548,261,FUSE2,121837.5,121837.5,123609.4,1771.9,1771.9,1035.4,0.584344,1,p:2.2.4.1.3.2
U6549,261,FUSE2,121874.7,121874.7,123688.2,1813.5,1813.5,1035.4,0.57094,1,p:1.3.3.2.2.1
U6550,261,FUSE2,121953.5,121953.5,123732.2,1778.7,1778.7,1035.4,0.582111,1,p:2.1.5.1.1.2
U6551,261,FUSE2,121995.5,121995.5,123804.2,1808.7,1808.7,1035.4,0.572455,1,p:1.2.1.2.3.1
U8480,339,FUSE0,122069.5,122069.5,123848.2,1778.7,1778.7,941.0,0.529038,1,p:2.3.2.1.2.2
U8481,339,FUSE0,122111.5,122111.5,123927.0,1815.5,1815.5,941.0,0.518315,1,p:1.1.4.2.1.1
U8482,339,FUSE0,122190.3,122190.3,123964.2,1773.9,1773.9,941.0,0.53047,1,p:2.2.3.1.3.2
U8483,339,FUSE0,122227.5,122227.5,124043.0,1815.5,1815.5,941.0,0.518315,1,p:1.3.5.2.2.1
U8484,339,FUSE0,122306.3,122306.3,124085.0,1778.7,1778.7,941.0,0.529038,1,p:2.1.1.1.1.2
U8485,339,FUSE0,122350.3,122350.3,124159.0,1808.7,1808.7,941.0,0.520263,1,p:1.2.2.2.3.1
U8486,339,FUSE0,122422.3,122422.3,124201.0,1778.7,1778.7,941.0,0.529038,1,p:2.3.4.1.2.2
U8487,339,FUSE0,122466.3,122466.3,124279.8,1813.5,1813.5,941.0,0.518886,1,p:1.1.3.2.1.1
U8488,339,FUSE1,122545.1,122545.1,124317.0,1771.9,1771.9,1003.0,0.566059,1,p:2.2.5.1.3.2
U8489,339,FUSE1,122582.3,122582.3,124395.8,1813.5,1813.5,1003.0,0.553074,1,p:1.3.1.2.2.1
U8490,339,FUSE1,122661.1,122661.1,124437.8,1776.7,1776.7,1003.0,0.56453,1,p:2.1.2.1.1.2
U8491,339,FUSE1,122703.1,122703.1,124511.8,1808.7,1808.7,1003.0,0.554542,1,p:1.2.4.2.3.1
U8492,339,FUSE1,122777.1,122777.1,124553.8,1776.7,1776.7,1003.0,0.56453,1,p:2.3.3.1.2.2
U8493,339,FUSE1,122819.1,122819.1,124632.6,1813.5,1813.5,1003.0,0.553074,1,p:1.1.5.2.1.1
U8494,339,FUSE1,122897.9,122897.9,124669.8,1771.9,1771.9,1003.0,0.566059,1,p:2.2.1.1.3.2
U8495,339,FUSE1,122935.1,122935.1,124748.6,1813.5,1813.5,1003.0,0.553074,1,p:1.3.2.2.2.1
U8496,339,FUSE2,123013.9,123013.9,124790.6,1776.7,1776.7,1035.4,0.582766,1,p:2.1.4.1.1.2
U8497,339,FUSE2,123055.9,123055.9,124864.6,1808.7,1808.7,1035.4,0.572455,1,p:1.2.3.2.3.1
U8498,339,FUSE2,123129.9,123129.9,124906.6,1776.7,1776.7,1035.4,0.582766,1,p:2.3.5.1.2.2
U8499,339,FUSE2,123171.9,123171.9,124985.4,1813.5,1813.5,1035.4,0.57094,1,p:1.1.1.2.1.1
U8500,339,FUSE2,123250.7,123250.7,125022.6,1771.9,1771.9,1035.4,0.584344,1,p:2.2.2.1.3.2
U8501,339,FUSE2,123287.9,123287.9,125101.4,1813.5,1813.5,1035.4,0.57094,1,p:1.3.4.2.2.1
U8502,339,FUSE2,123366.7,123366.7,125143.4,1776.7,1776.7,1035.4,0.582766,1,p:2.1.3.1.1.2
U8503,339,FUSE2,123408.7,123408.7,125217.4,1808.7,1808.7,1035.4,0.572455,1,p:1.2.5.2.3.1
U8504,339,FUSE2,123482.7,123482.7,125352.6,1869.9,1869.9,1035.4,0.553719,1,p:2.3.1.2.1.1
U7801,312,FUSE0,123524.7,123524.7,125259.4,1734.7,1734.7,941.0,0.542457,1,p:1.1.2.1.2.2
U7802,312,FUSE0,123603.5,123603.5,125468.6,1865.1,1865.1,941.0,0.504531,1,p:2.2.4.2.2.1
U7803,312,FUSE0,123640.7,123640.7,125375.4,1734.7,1734.7,941.0,0.542457,1,p:1.3.3.1.3.2
U7804,312,FUSE0,123719.5,123719.5,125507.4,1787.9,1787.9,941.0,0.526316,1,p:2.1.5.1.1.2
U7805,312,FUSE0,123763.5,123763.5,125584.6,1821.1,1821.1,941.0,0.516721,1,p:1.2.2.2.3.1
U7806,312,FUSE0,123835.5,123835.5,125739.4,1903.9,1903.9,941.0,0.494249,1,p:2.3.4.1.3.2
U7807,312,FUSE0,123879.5,123879.5,125705.4,1825.9,1825.9,941.0,0.515362,1,p:1.1.3.2.1.1
U7808,312,FUSE0,123958.3,123958.3,125623.4,1665.1,1665.1,941.0,0.565131,1,p:2.2.1.1.2.2
U7809,312,FUSE0,123995.5,123995.5,125821.4,1825.9,1825.9,941.0,0.515362,1,p:1.3.5.2.2.1
U7810,312,FUSE1,124074.3,124074.3,125860.2,1785.9,1785.9,1003.0,0.561622,1,p:2.1.2.1.1.2
U7811,312,FUSE1,124116.3,124116.3,126058.2,1941.9,1941.9,1003.0,0.516504,1,p:1.2.4.2.1.1
U7812,312,FUSE1,124190.3,124190.3,125976.2,1785.9,1785.9,1003.0,0.561622,1,p:2.3.3.1.2.2
U7813,312,FUSE1,124232.3,124232.3,125937.4,1705.1,1705.1,1003.0,0.588235,1,p:1.1.1.2.3.1
U7814,312,FUSE1,124311.1,124311.1,126092.2,1781.1,1781.1,1003.0,0.563135,1,p:2.2.5.1.3.2
U7815,312,FUSE1,124348.3,124348.3,126174.2,1825.9,1825.9,1003.0,0.549318,1,p:1.3.2.2.2.1
U7816,312,FUSE1,124427.1,124427.1,126329.0,1901.9,1901.9,1003.0,0.527367,1,p:2.1.4.1.2.2
U7817,312,FUSE1,124469.1,124469.1,126290.2,1821.1,1821.1,1003.0,0.550766,1,p:1.2.3.2.3.1
U7818,312,FUSE1,124543.1,124543.1,126213.0,1669.9,1669.9,1003.0,0.600635,1,p:2.3.1.1.1.2
U7819,312,FUSE2,124585.1,124585.1,126411.0,1825.9,1825.9,1035.4,0.567063,1,p:1.1.5.2.1.1
U7820,312,FUSE2,124663.9,124663.9,126445.0,1781.1,1781.1,1035.4,0.581326,1,p:2.2.2.1.3.2
U7821,312,FUSE2,124701.1,124701.1,126643.0,1941.9,1941.9,1035.4,0.533189,1,p:1.3.4.2.3.1
U7822,312,FUSE2,124779.9,124779.9,126565.8,1785.9,1785.9,1035.4,0.579764,1,p:2.1.3.1.1.2
U7823,312,FUSE2,124821.9,124821.9,126527.0,1705.1,1705.1,1035.4,0.607237,1,p:1.2.1.2.2.1
U7824,312,FUSE2,124895.9,124895.9,126681.8,1785.9,1785.9,1035.4,0.579764,1,p:2.3.5.1.2.2
U7825,312,FUSE2,124937.9,124937.9,126797.8,1859.9,1859.9,1035.4,0.556697,1,p:1.1.2.1.3.2
U7826,312,FUSE2,125016.7,125016.7,126879.8,1863.1,1863.1,1035.4,0.55574,1,p:2.2.4.2.2.1
U7827,312,FUSE2,125053.9,125053.9,126919.0,1865.1,1865.1,1035.4,0.555144,1,p:1.3.3.1.1.2
U7253,290,FUSE0,125132.7,125132.7,126763.8,1631.1,1631.1,941.0,0.576911,1,p:2.1.1.2.1.1
U7254,290,FUSE0,125174.7,125174.7,126995.8,1821.1,1821.1,941.0,0.516721,1,p:1.2.5.2.3.1
U7255,290,FUSE0,125248.7,125248.7,127035.0,1786.3,1786.3,941.0,0.526787,1,p:2.3.1.1.2.2
U7256,290,FUSE0,125290.7,125290.7,127116.6,1825.9,1825.9,941.0,0.515362,1,p:1.1.2.2.1.1
U7257,290,FUSE0,125383.9,125383.9,127151.0,1767.1,1767.1,941.0,0.532511,1,p:2.2.4.1.3.2
U7258,290,FUSE0,125406.7,125406.7,127232.6,1825.9,1825.9,941.0,0.515362,1,p:1.3.3.2.2.1
U7259,290,FUSE0,125499.9,125499.9,127271.8,1771.9,1771.9,941.0,0.531068,1,p:2.1.5.1.1.2
U7260,290,FUSE0,125538.7,125538.7,127348.6,1809.9,1809.9,941.0,0.519918,1,p:1.2.1.2.3.1
U7261,290,FUSE1,125615.9,125615.9,127387.8,1771.9,1771.9,1003.0,0.566059,1,p:2.3.2.1.2.2
U7262,290,FUSE1,125654.7,125654.7,127469.4,1814.7,1814.7,1003.0,0.552708,1,p:1.1.4.2.1.1
U7263,290,FUSE1,125736.7,125736.7,127503.8,1767.1,1767.1,1003.0,0.567597,1,p:2.2.3.1.3.2
U7264,290,FUSE1,125770.7,125770.7,127585.4,1814.7,1814.7,1003.0,0.552708,1,p:1.3.5.2.2.1
U7265,290,FUSE1,125852.7,125852.7,127624.6,1771.9,1771.9,1003.0,0.566059,1,p:2.1.1.1.1.2
U7266,290,FUSE1,125891.5,125891.5,127701.4,1809.9,1809.9,1003.0,0.554174,1,p:1.2.2.2.3.1
U7267,290,FUSE1,125968.7,125968.7,127740.6,1771.9,1771.9,1003.0,0.566059,1,p:2.3.4.1.2.2
U7268,290,FUSE1,126007.5,126007.5,127822.2,1814.7,1814.7,1003.0,0.552708,1,p:1.1.3.2.1.1
U7269,290,FUSE2,126089.5,126089.5,127856.6,1767.1,1767.1,1035.4,0.585932,1,p:2.2.5.1.3.2
U7270,290,FUSE2,126123.5,126123.5,127938.2,1814.7,1814.7,1035.4,0.570563,1,p:1.3.1.2.2.1
U7271,290,FUSE2,126205.5,126205.5,127977.4,1771.9,1771.9,1035.4,0.584344,1,p:2.1.2.1.1.2
U7272,290,FUSE2,126244.3,126244.3,128054.2,1809.9,1809.9,1035.4,0.572076,1,p:1.2.4.2.3.1
U7273,290,FUSE2,126321.5,126321.5,128093.4,1771.9,1771.9,1035.4,0.584344,1,p:2.3.3.1.2.2
U7274,290,FUSE2,126360.3,126360.3,128188.2,1827.9,1827.9,1035.4,0.566442,1,p:1.1.5.2.1.1
U7275,290,FUSE2,126442.3,126442.3,128209.4,1767.1,1767.1,1035.4,0.585932,1,p:2.2.1.1.3.2
U7276,290,FUSE2,126476.3,126476.3,128343.0,1866.7,1866.7,1035.4,0.554669,1,p:1.3.2.1.1.2
U7277,290,FUSE2,126558.3,126558.3,128459.0,1900.7,1900.7,1035.4,0.544747,1,p:2.1.4.1.2.2
U5556,222,FUSE0,126597.1,126597.1,128304.2,1707.1,1707.1,941.0,0.551227,1,p:1.2.3.2.2.1
U5557,222,FUSE0,126674.3,126674.3,128420.2,1745.9,1745.9,941.0,0.538977,1,p:2.3.5.2.3.1
U5558,222,FUSE0,126713.1,126713.1,128541.0,1827.9,1827.9,941.0,0.514798,1,p:1.1.1.2.1.1
U5559,222,FUSE0,126795.1,126795.1,128575.0,1779.9,1779.9,941.0,0.528681,1,p:2.2.3.1.3.2
U5560,222,FUSE0,126829.1,126829.1,128657.0,1827.9,1827.9,941.0,0.514798,1,p:1.3.2.2.2.1
U5561,222,FUSE0,126911.1,126911.1,128695.8,1784.7,1784.7,941.0,0.527259,1,p:2.1.5.1.1.2
U5562,222,FUSE0,126950.3,126950.3,128773.0,1822.7,1822.7,941.0,0.516267,1,p:1.2.4.2.3.1
U5563,222,FUSE0,127027.1,127027.1,128811.8,1784.7,1784.7,941.0,0.527259,1,p:2.3.1.1.2.2
U5564,222,FUSE0,127066.3,127066.3,128893.8,1827.5,1827.5,941.0,0.514911,1,p:1.1.3.2.1.1
U5565,222,FUSE1,127147.9,127147.9,128927.8,1779.9,1779.9,1003.0,0.563515,1,p:2.2.2.1.3.2
U5566,222,FUSE1,127182.3,127182.3,129009.8,1827.5,1827.5,1003.0,0.548837,1,p:1.3.5.2.2.1
U5567,222,FUSE1,127263.9,127263.9,129048.6,1784.7,1784.7,1003.0,0.561999,1,p:2.1.4.1.1.2
U5568,222,FUSE1,127303.1,127303.1,129125.8,1822.7,1822.7,1003.0,0.550283,1,p:1.2.1.2.3.1
U5569,222,FUSE1,127379.9,127379.9,129164.6,1784.7,1784.7,1003.0,0.561999,1,p:2.3.3.1.2.2
U5570,222,FUSE1,127419.1,127419.1,129246.6,1827.5,1827.5,1003.0,0.548837,1,p:1.1.2.2.1.1
U5571,222,FUSE1,127500.7,127500.7,129280.6,1779.9,1779.9,1003.0,0.563515,1,p:2.2.5.1.3.2
U5572,222,FUSE1,127535.1,127535.1,129362.6,1827.5,1827.5,1003.0,0.548837,1,p:1.3.4.2.2.1
U5573,222,FUSE1,127616.7,127616.7,129401.4,1784.7,1784.7,1003.0,0.561999,1,p:2.1.1.1.1.2
U5574,222,FUSE2,127655.9,127655.9,129478.6,1822.7,1822.7,1035.4,0.568058,1,p:1.2.3.2.3.1
U5575,222,FUSE2,127732.7,127732.7,129517.4,1784.7,1784.7,1035.4,0.580154,1,p:2.3.2.1.2.2
U5576,222,FUSE2,127771.9,127771.9,129609.0,1837.1,1837.1,1035.4,0.563606,1,p:1.1.5.2.1.1
U5577,222,FUSE2,127853.5,127853.5,129633.4,1779.9,1779.9,1035.4,0.581718,1,p:2.2.4.1.3.2
U5578,222,FUSE2,127887.9,127887.9,129725.0,1837.1,1837.1,1035.4,0.563606,1,p:1.3.1.2.2.1
U5579,222,FUSE2,127969.5,127969.5,129763.8,1794.3,1794.3,1035.4,0.57705,1,p:2.1.3.1.1.2
U5580,222,FUSE2,128008.7,128008.7,129841.0,1832.3,1832.3,1035.4,0.565082,1,p:1.2.2.2.3.1
U5581,222,FUSE2,128085.5,128085.5,129995.8,1910.3,1910.3,1035.4,0.542009,1,p:2.3.5.1.3.2
U5582,222,FUSE2,128124.7,128124.7,129962.2,1837.5,1837.5,1035.4,0.563483,1,p:1.1.4.2.1.1
U4132,166,FUSE0,128219.5,128219.5,129879.8,1660.3,1660.3,941.0,0.566765,1,p:2.2.1.1.2.2
U4133,166,FUSE0,128240.7,128240.7,130078.2,1837.5,1837.5,941.0,0.512109,1,p:1.3.3.2.2.1
U4134,166,FUSE0,128335.5,128335.5,130117.0,1781.5,1781.5,941.0,0.528207,1,p:2.1.2.1.1.2
U4135,166,FUSE0,128374.3,128374.3,130315.0,1940.7,1940.7,941.0,0.484877,1,p:1.2.5.2.1.1
U4136,166,FUSE0,128451.5,128451.5,130233.0,1781.5,1781.5,941.0,0.528207,1,p:2.3.4.1.2.2
U4137,166,FUSE0,128490.3,128490.3,130194.2,1703.9,1703.9,941.0,0.552262,1,p:1.1.1.2.3.1
U4138,166,FUSE0,128572.3,128572.3,130349.0,1776.7,1776.7,941.0,0.529634,1,p:2.2.3.1.3.2
U4139,166,FUSE0,128606.3,128606.3,130431.0,1824.7,1824.7,941.0,0.515701,1,p:1.3.2.2.2.1
U4140,166,FUSE0,128688.3,128688.3,130469.8,1781.5,1781.5,941.0,0.528207,1,p:2.1.5.1.1.2
U4141,166,FUSE1,128727.1,128727.1,130547.0,1819.9,1819.9,1003.0,0.551129,1,p:1.2.4.2.3.1
U4142,166,FUSE1,128804.3,128804.3,130585.8,1781.5,1781.5,1003.0,0.563009,1,p:2.3.1.1.2.2
U4143,166,FUSE1,128843.1,128843.1,130667.8,1824.7,1824.7,1003.0,0.549679,1,p:1.1.3.2.1.1
U4144,166,FUSE1,128925.1,128925.1,130701.8,1776.7,1776.7,1003.0,0.56453,1,p:2.2.2.1.3.2
U4145,166,FUSE1,128959.1,128959.1,130783.8,1824.7,1824.7,1003.0,0.549679,1,p:1.3.5.2.2.1
U4146,166,FUSE1,129041.1,129041.1,130822.6,1781.5,1781.5,1003.0,0.563009,1,p:2.1.4.1.1.2
U4147,166,FUSE1,129079.9,129079.9,130899.8,1819.9,1819.9,1003.0,0.551129,1,p:1.2.1.2.3.1
U4148,166,FUSE1,129157.1,129157.1,130938.6,1781.5,1781.5,1003.0,0.563009,1,p:2.3.3.1.2.2
U4149,166,FUSE1,129195.9,129195.9,131020.6,1824.7,1824.7,1003.0,0.549679,1,p:1.1.2.2.1.1
U4150,166,FUSE2,129277.9,129277.9,131054.6,1776.7,1776.7,1035.4,0.582766,1,p:2.2.5.1.3.2
U4151,166,FUSE2,129311.9,129311.9,131136.6,1824.7,1824.7,1035.4,0.567436,1,p:1.3.4.2.2.1
U4152,166,FUSE2,129393.9,129393.9,131175.4,1781.5,1781.5,1035.4,0.581196,1,p:2.1.1.1.1.2
U4153,166,FUSE2,129432.7,129432.7,131252.6,1819.9,1819.9,1035.4,0.568932,1,p:1.2.3.2.3.1
U4154,166,FUSE2,129509.9,129509.9,131291.4,1781.5,1781.5,1035.4,0.581196,1,p:2.3.2.1.2.2
U4155,166,FUSE2,129548.7,129548.7,131368.6,1819.9,1819.9,1035.4,0.568932,1,p:1.1.5.2.3.1
U4156,166,FUSE2,129640.3,129640.3,131427.8,1787.5,1787.5,1035.4,0.579245,1,p:2.2.4.1.2.2
U4157,166,FUSE2,129664.7,129664.7,131533.4,1868.7,1868.7,1035.4,0.554075,1,p:1.3.1.2.1.1
U4158,166,FUSE2,129756.3,129756.3,131649.4,1893.1,1893.1,1035.4,0.546934,1,p:2.1.3.2.2.1
U1042,42,FUSE0,129795.1,129795.1,131543.8,1748.7,1748.7,941.0,0.538114,1,p:1.2.2.1.3.2
U1043,42,FUSE0,129872.3,129872.3,131688.2,1815.9,1815.9,941.0,0.5182,1,p:2.3.5.1.1.2
U1044,42,FUSE0,129911.1,129911.1,131765.4,1854.3,1854.3,941.0,0.507469,1,p:1.1.4.2.3.1
U1045,42,FUSE0,129993.5,129993.5,131804.2,1810.7,1810.7,941.0,0.519689,1,p:2.2.1.1.2.2
U1046,42,FUSE0,130027.1,130027.1,131886.2,1859.1,1859.1,941.0,0.506159,1,p:1.3.2.2.1.1
U1047,42,FUSE0,130109.5,130109.5,131920.2,1810.7,1810.7,941.0,0.519689,1,p:2.1.3.1.3.2
U1048,42,FUSE0,130148.3,130148.3,132002.2,1853.9,1853.9,941.0,0.507579,1,p:1.2.5.2.2.1
U1049,42,FUSE0,130225.5,130225.5,132041.0,1815.5,1815.5,941.0,0.518315,1,p:2.3.4.1.1.2
U1050,42,FUSE0,130264.3,130264.3,132118.2,1853.9,1853.9,941.0,0.507579,1,p:1.1.1.2.3.1
U1051,42,FUSE1,130346.3,130346.3,132157.0,1810.7,1810.7,1003.0,0.553929,1,p:2.2.2.1.2.2
U1052,42,FUSE1,130380.3,130380.3,132239.0,1858.7,1858.7,1003.0,0.539624,1,p:1.3.3.2.1.1
U1053,42,FUSE1,130462.3,130462.3,132273.0,1810.7,1810.7,1003.0,0.553929,1,p:2.1.5.1.3.2
U1054,42,FUSE1,130501.1,130501.1,132355.0,1853.9,1853.9,1003.0,0.541022,1,p:1.2.4.2.2.1
U1055,42,FUSE1,130578.3,130578.3,132393.8,1815.5,1815.5,1003.0,0.552465,1,p:2.3.1.1.1.2
U1056,42,FUSE1,130617.1,130617.1,132471.0,1853.9,1853.9,1003.0,0.541022,1,p:1.1.2.2.3.1
U1057,42,FUSE1,130699.1,130699.1,132509.8,1810.7,1810.7,1003.0,0.553929,1,p:2.2.3.1.2.2
U1058,42,FUSE1,130733.1,130733.1,132591.8,1858.7,1858.7,1003.0,0.539624,1,p:1.3.5.2.1.1
U1059,42,FUSE1,130815.1,130815.1,132625.8,1810.7,1810.7,1003.0,0.553929,1,p:2.1.4.1.3.2
U1060,42,FUSE2,130853.9,130853.9,132707.8,1853.9,1853.9,1035.4,0.558498,1,p:1.2.1.2.2.1
U1061,42,FUSE2,130931.1,130931.1,132746.6,1815.5,1815.5,1035.4,0.570311,1,p:2.3.2.1.1.2
U1062,42,FUSE2,130969.9,130969.9,132823.8,1853.9,1853.9,1035.4,0.558498,1,p:1.1.3.2.3.1
U1063,42,FUSE2,131051.9,131051.9,132862.6,1810.7,1810.7,1035.4,0.571823,1,p:2.2.5.1.2.2
U1064,42,FUSE2,131085.9,131085.9,132944.6,1858.7,1858.7,1035.4,0.557056,1,p:1.3.4.2.1.1
U1065,42,FUSE2,131167.9,131167.9,132978.6,1810.7,1810.7,1035.4,0.571823,1,p:2.1.1.1.3.2
U1066,42,FUSE2,131206.7,131206.7,133060.6,1853.9,1853.9,1035.4,0.558498,1,p:1.2.2.2.2.1
U1067,42,FUSE2,131283.9,131283.9,133099.4,1815.5,1815.5,1035.4,0.570311,1,p:2.3.3.1.1.2
U1068,42,FUSE2,131322.7,131322.7,133215.4,1892.7,1892.7,1035.4,0.547049,1,p:1.1.5.1.2.2
U7625,305,FUSE0,131399.9,131399.9,133297.4,1897.5,1897.5,941.0,0.495916,1,p:2.2.4.2.1.1
U7626,305,FUSE0,131459.1,131459.1,133176.6,1717.5,1717.5,941.0,0.547889,1,p:1.3.1.2.3.1
U7627,305,FUSE0,131564.7,131564.7,133331.4,1766.7,1766.7,941.0,0.532631,1,p:2.1.2.1.3.2
U7628,305,FUSE0,131575.1,131575.1,133413.4,1838.3,1838.3,941.0,0.511886,1,p:1.2.3.2.2.1
U7629,305,FUSE0,131680.7,131680.7,133568.2,1887.5,1887.5,941.0,0.498543,1,p:2.3.4.1.2.2
U7630,305,FUSE0,131719.5,131719.5,133529.4,1809.9,1809.9,941.0,0.519918,1,p:1.1.5.2.3.1
U7631,305,FUSE0,131796.7,131796.7,133452.2,1655.5,1655.5,941.0,0.568408,1,p:2.2.1.1.1.2
U7632,305,FUSE0,131835.5,131835.5,133650.2,1814.7,1814.7,941.0,0.518543,1,p:1.3.2.2.1.1
U7633,305,FUSE1,131917.5,131917.5,133684.2,1766.7,1766.7,1003.0,0.567725,1,p:2.1.3.1.3.2
U7634,305,FUSE1,131951.5,131951.5,133882.2,1930.7,1930.7,1003.0,0.519501,1,p:1.2.4.2.3.1
U7635,305,FUSE1,132033.5,132033.5,133805.0,1771.5,1771.5,1003.0,0.566187,1,p:2.3.5.1.1.2
U7636,305,FUSE1,132072.3,132072.3,133766.2,1693.9,1693.9,1003.0,0.592125,1,p:1.1.1.2.2.1
U7637,305,FUSE1,132149.5,132149.5,133921.0,1771.5,1771.5,1003.0,0.566187,1,p:2.2.2.1.2.2
U7638,305,FUSE1,132188.3,132188.3,134003.0,1814.7,1814.7,1003.0,0.552708,1,p:1.3.3.2.1.1
U7639,305,FUSE1,132270.3,132270.3,134037.0,1766.7,1766.7,1003.0,0.567725,1,p:2.1.4.1.3.2
U7640,305,FUSE1,132304.3,132304.3,134119.0,1814.7,1814.7,1003.0,0.552708,1,p:1.2.5.2.2.1
U7641,305,FUSE2,132386.3,132386.3,134157.8,1771.5,1771.5,1035.4,0.584476,1,p:2.3.1.1.1.2
U7642,305,FUSE2,132425.1,132425.1,134235.0,1809.9,1809.9,1035.4,0.572076,1,p:1.1.2.2.3.1
U7643,305,FUSE2,132502.3,132502.3,134273.8,1771.5,1771.5,1035.4,0.584476,1,p:2.2.3.1.2.2
U7644,305,FUSE2,132541.1,132541.1,134355.8,1814.7,1814.7,1035.4,0.570563,1,p:1.3.4.2.1.1
U7645,305,FUSE2,132623.1,132623.1,134389.8,1766.7,1766.7,1035.4,0.586064,1,p:2.1.5.1.3.2
U7646,305,FUSE2,132657.1,132657.1,134471.8,1814.7,1814.7,1035.4,0.570563,1,p:1.2.1.2.2.1
U7647,305,FUSE2,132739.1,132739.1,134510.6,1771.5,1771.5,1035.4,0.584476,1,p:2.3.2.1.1.2
U7648,305,FUSE2,132777.9,132777.9,134708.6,1930.7,1930.7,1035.4,0.536282,1,p:1.1.3.2.1.1
U5382,215,FUSE0,132855.1,132855.1,134587.8,1732.7,1732.7,941.0,0.543083,1,p:2.2.4.2.3.1
U5383,215,FUSE0,132893.9,132893.9,134742.6,1848.7,1848.7,941.0,0.509006,1,p:1.3.5.1.3.2
U5384,215,FUSE0,132975.9,132975.9,134626.6,1650.7,1650.7,941.0,0.570061,1,p:2.1.1.1.2.2
U5385,215,FUSE0,133009.9,133009.9,134824.6,1814.7,1814.7,941.0,0.518543,1,p:1.2.2.2.2.1
U5386,215,FUSE0,133091.9,133091.9,134863.4,1771.5,1771.5,941.0,0.531188,1,p:2.3.4.1.1.2
U5387,215,FUSE0,133130.7,133130.7,135061.4,1930.7,1930.7,941.0,0.487388,1,p:1.1.5.2.1.1
U5388,215,FUSE0,133207.9,133207.9,134979.4,1771.5,1771.5,941.0,0.531188,1,p:2.2.3.1.2.2
U5389,215,FUSE0,133246.7,133246.7,134940.6,1693.9,1693.9,941.0,0.555523,1,p:1.3.1.2.3.1
U5390,215,FUSE0,133328.7,133328.7,135095.4,1766.7,1766.7,941.0,0.532631,1,p:2.1.2.1.3.2
U5391,215,FUSE1,133362.7,133362.7,135177.4,1814.7,1814.7,1003.0,0.552708,1,p:1.2.4.2.2.1
U5392,215,FUSE1,133444.7,133444.7,135332.2,1887.5,1887.5,1003.0,0.531391,1,p:2.3.5.1.2.2
U5393,215,FUSE1,133483.5,133483.5,135293.4,1809.9,1809.9,1003.0,0.554174,1,p:1.1.3.2.3.1
U5394,215,FUSE1,133560.7,133560.7,135216.2,1655.5,1655.5,1003.0,0.605859,1,p:2.2.1.1.1.2
U5395,215,FUSE1,133599.5,133599.5,135414.2,1814.7,1814.7,1003.0,0.552708,1,p:1.3.2.2.1.1
U5396,215,FUSE1,133681.5,133681.5,135448.2,1766.7,1766.7,1003.0,0.567725,1,p:2.1.4.1.3.2
U5397,215,FUSE1,133715.5,133715.5,135646.2,1930.7,1930.7,1003.0,0.519501,1,p:1.2.5.2.3.1
U5398,215,FUSE1,133797.5,133797.5,135569.0,1771.5,1771.5,1003.0,0.566187,1,p:2.3.3.1.1.2
U5399,215,FUSE1,133836.3,133836.3,135530.2,1693.9,1693.9,1003.0,0.592125,1,p:1.1.1.2.2.1
U5400,215,FUSE2,133913.5,133913.5,135685.0,1771.5,1771.5,1035.4,0.584476,1,p:2.2.2.1.2.2
U5401,215,FUSE2,133952.3,133952.3,135779.4,1827.1,1827.1,1035.4,0.56669,1,p:1.3.4.2.1.1
U5402,215,FUSE2,134034.3,134034.3,135934.2,1899.9,1899.9,1035.4,0.544976,1,p:2.1.5.1.1.2
U5403,215,FUSE2,134068.3,134068.3,135895.4,1827.1,1827.1,1035.4,0.56669,1,p:1.2.3.2.2.1
U5404,215,FUSE2,134150.3,134150.3,135801.0,1650.7,1650.7,1035.4,0.627249,1,p:2.3.1.1.3.2
U5405,215,FUSE2,134189.1,134189.1,136011.4,1822.3,1822.3,1035.4,0.568183,1,p:1.1.2.2.3.1
U5406,215,FUSE2,134266.3,134266.3,136166.2,1899.9,1899.9,1035.4,0.544976,1,p:2.2.4.1.3.2
U5407,215,FUSE2,134305.1,134305.1,136248.2,1943.1,1943.1,1035.4,0.53286,1,p:1.3.5.2.2.1
U1785,72,FUSE0,134387.1,134387.1,136050.2,1663.1,1663.1,941.0,0.565811,1,p:2.1.3.1.2.2
U1786,72,FUSE0,134421.1,134421.1,136132.2,1711.1,1711.1,941.0,0.549939,1,p:1.2.1.2.1.1
U1787,72,FUSE0,134503.1,134503.1,136287.0,1783.9,1783.9,941.0,0.527496,1,p:2.3.2.1.1.2
U1788,72,FUSE0,134541.9,134541.9,136364.2,1822.3,1822.3,941.0,0.51638,1,p:1.1.3.2.3.1
U1789,72,FUSE0,134619.1,134619.1,136403.0,1783.9,1783.9,941.0,0.527496,1,p:2.2.1.1.2.2
U1790,72,FUSE0,134657.9,134657.9,136485.0,1827.1,1827.1,941.0,0.515024,1,p:1.3.4.2.1.1
U1791,72,FUSE0,134739.9,134739.9,136519.0,1779.1,1779.1,941.0,0.528919,1,p:2.1.5.1.3.2
U1792,72,FUSE0,134773.9,134773.9,136601.0,1827.1,1827.1,941.0,0.515024,1,p:1.2.2.2.2.1
U1793,72,FUSE1,134855.9,134855.9,136639.8,1783.9,1783.9,1003.0,0.562251,1,p:2.3.3.1.1.2
U1794,72,FUSE1,134894.7,134894.7,136717.0,1822.3,1822.3,1003.0,0.550403,1,p:1.1.1.2.3.1
U1795,72,FUSE1,134971.9,134971.9,136755.8,1783.9,1783.9,1003.0,0.562251,1,p:2.2.4.1.2.2
U1796,72,FUSE1,135010.7,135010.7,136837.8,1827.1,1827.1,1003.0,0.548957,1,p:1.3.5.2.1.1
U1797,72,FUSE1,135092.7,135092.7,136871.8,1779.1,1779.1,1003.0,0.563768,1,p:2.1.2.1.3.2
U1798,72,FUSE1,135126.7,135126.7,136953.8,1827.1,1827.1,1003.0,0.548957,1,p:1.2.3.2.2.1
U1799,72,FUSE1,135208.7,135208.7,136992.6,1783.9,1783.9,1003.0,0.562251,1,p:2.3.1.1.1.2
U1800,72,FUSE1,135247.5,135247.5,137069.8,1822.3,1822.3,1003.0,0.550403,1,p:1.1.4.2.3.1
U1801,72,FUSE2,135324.7,135324.7,137108.6,1783.9,1783.9,1035.4,0.580414,1,p:2.2.5.1.2.2
U1802,72,FUSE2,135363.5,135363.5,137190.6,1827.1,1827.1,1035.4,0.56669,1,p:1.3.2.2.1.1
U1803,72,FUSE2,135445.5,135445.5,137224.6,1779.1,1779.1,1035.4,0.58198,1,p:2.1.3.1.3.2
U1804,72,FUSE2,135479.5,135479.5,137306.6,1827.1,1827.1,1035.4,0.56669,1,p:1.2.1.2.2.1
U1805,72,FUSE2,135561.5,135561.5,137345.4,1783.9,1783.9,1035.4,0.580414,1,p:2.3.4.1.1.2
U1806,72,FUSE2,135600.3,135600.3,137422.6,1822.3,1822.3,1035.4,0.568183,1,p:1.1.5.2.3.1
U1807,72,FUSE2,135677.5,135677.5,137461.4,1783.9,1783.9,1035.4,0.580414,1,p:2.2.2.1.2.2
U1808,72,FUSE2,135716.3,135716.3,137659.4,1943.1,1943.1,1035.4,0.53286,1,p:1.3.3.2.2.1
U6383,255,FUSE0,135810.7,135810.7,137543.4,1732.7,1732.7,941.0,0.543083,1,p:2.1.1.2.1.1
U6384,255,FUSE0,135832.3,135832.3,137577.4,1745.1,1745.1,941.0,0.539224,1,p:1.2.4.1.3.2
U6385,255,FUSE0,135926.7,135926.7,137698.2,1771.5,1771.5,941.0,0.531188,1,p:2.3.5.1.1.2
U6386,255,FUSE0,135965.5,135965.5,137775.4,1809.9,1809.9,941.0,0.519918,1,p:1.1.2.2.3.1
U6387,255,FUSE0,136042.7,136042.7,137814.2,1771.5,1771.5,941.0,0.531188,1,p:2.2.1.1.2.2
U6388,255,FUSE0,136081.5,136081.5,137896.2,1814.7,1814.7,941.0,0.518543,1,p:1.3.4.2.1.1
U6389,255,FUSE0,136163.5,136163.5,137930.2,1766.7,1766.7,941.0,0.532631,1,p:2.1.3.1.3.2
U6390,255,FUSE0,136197.5,136197.5,138012.2,1814.7,1814.7,941.0,0.518543,1,p:1.2.5.2.2.1
U6391,255,FUSE1,136279.5,136279.5,138051.0,1771.5,1771.5,1003.0,0.566187,1,p:2.3.2.1.1.2
U6392,255,FUSE1,136318.3,136318.3,138128.2,1809.9,1809.9,1003.0,0.554174,1,p:1.1.1.2.3.1
U6393,255,FUSE1,136395.5,136395.5,138167.0,1771.5,1771.5,1003.0,0.566187,1,p:2.2.4.1.2.2
U6394,255,FUSE1,136434.3,136434.3,138249.0,1814.7,1814.7,1003.0,0.552708,1,p:1.3.3.2.1.1
U6395,255,FUSE1,136516.3,136516.3,138283.0,1766.7,1766.7,1003.0,0.567725,1,p:2.1.5.1.3.2
U6396,255,FUSE1,136550.3,136550.3,138365.0,1814.7,1814.7,1003.0,0.552708,1,p:1.2.2.2.2.1
U6397,255,FUSE1,136632.3,136632.3,138403.8,1771.5,1771.5,1003.0,0.566187,1,p:2.3.1.1.1.2
U6398,255,FUSE1,136671.1,136671.1,138481.0,1809.9,1809.9,1003.0,0.554174,1,p:1.1.4.2.3.1
U6399,255,FUSE2,136748.3,136748.3,138519.8,1771.5,1771.5,1035.4,0.584476,1,p:2.2.3.1.2.2
U6400,255,FUSE2,136787.1,136787.1,138601.8,1814.7,1814.7,1035.4,0.570563,1,p:1.3.5.2.1.1
U6401,255,FUSE2,136869.1,136869.1,138635.8,1766.7,1766.7,1035.4,0.586064,1,p:2.1.2.1.3.2
U6402,255,FUSE2,136903.1,136903.1,138717.8,1814.7,1814.7,1035.4,0.570563,1,p:1.2.1.2.2.1
U6403,255,FUSE2,136985.1,136985.1,138756.6,1771.5,1771.5,1035.4,0.584476,1,p:2.3.4.1.1.2
U6404,255,FUSE2,137023.9,137023.9,138833.8,1809.9,1809.9,1035.4,0.572076,1,p:1.1.3.2.3.1
U6405,255,FUSE2,137101.1,137101.1,138872.6,1771.5,1771.5,1035.4,0.584476,1,p:2.2.5.1.2.2
U1917,77,FUSE0,137139.9,137139.9,138954.6,1814.7,1814.7,941.0,0.518543,1,p:1.3.2.2.1.1
U1918,77,FUSE0,137221.9,137221.9,138988.6,1766.7,1766.7,941.0,0.532631,1,p:2.1.1.1.3.2
U1919,77,FUSE0,137255.9,137255.9,139070.6,1814.7,1814.7,941.0,0.518543,1,p:1.2.4.2.2.1
U1920,77,FUSE0,137337.9,137337.9,139109.4,1771.5,1771.5,941.0,0.531188,1,p:2.3.3.1.1.2
U1921,77,FUSE0,137376.7,137376.7,139186.6,1809.9,1809.9,941.0,0.519918,1,p:1.1.5.2.3.1
U1922,77,FUSE0,137453.9,137453.9,139225.4,1771.5,1771.5,941.0,0.531188,1,p:2.2.2.1.2.2
U1923,77,FUSE0,137492.7,137492.7,139307.4,1814.7,1814.7,941.0,0.518543,1,p:1.3.1.2.1.1
U1924,77,FUSE0,137574.7,137574.7,139341.4,1766.7,1766.7,941.0,0.532631,1,p:2.1.4.1.3.2
U1925,77,FUSE1,137608.7,137608.7,139423.4,1814.7,1814.7,1003.0,0.552708,1,p:1.2.3.2.2.1
U1926,77,FUSE1,137690.7,137690.7,139462.2,1771.5,1771.5,1003.0,0.566187,1,p:2.3.5.1.1.2
U1927,77,FUSE1,137729.5,137729.5,139539.4,1809.9,1809.9,1003.0,0.554174,1,p:1.1.2.2.3.1
U1928,77,FUSE1,137806.7,137806.7,139578.2,1771.5,1771.5,1003.0,0.566187,1,p:2.2.1.1.2.2
U1929,77,FUSE1,137845.5,137845.5,139660.2,1814.7,1814.7,1003.0,0.552708,1,p:1.3.4.2.1.1
U1930,77,FUSE1,137927.5,137927.5,139694.2,1766.7,1766.7,1003.0,0.567725,1,p:2.1.3.1.3.2
U1931,77,FUSE1,137961.5,137961.5,139776.2,1814.7,1814.7,1003.0,0.552708,1,p:1.2.5.2.2.1
U1932,77,FUSE1,138043.5,138043.5,139815.0,1771.5,1771.5,1003.0,0.566187,1,p:2.3.2.1.1.2
U1933,77,FUSE2,138082.3,138082.3,139892.2,1809.9,1809.9,1035.4,0.572076,1,p:1.1.1.2.3.1
U1934,77,FUSE2,138159.5,138159.5,139931.0,1771.5,1771.5,1035.4,0.584476,1,p:2.2.4.1.2.2
U1935,77,FUSE2,138198.3,138198.3,140013.0,1814.7,1814.7,1035.4,0.570563,1,p:1.3.3.2.1.1
U1936,77,FUSE2,138280.3,138280.3,140047.0,1766.7,1766.7,1035.4,0.586064,1,p:2.1.5.1.3.2
U1937,77,FUSE2,138314.3,138314.3,140129.0,1814.7,1814.7,1035.4,0.570563,1,p:1.2.2.2.2.1
U1938,77,FUSE2,138396.3,138396.3,140167.8,1771.5,1771.5,1035.4,0.584476,1,p:2.3.1.1.1.2
U1939,77,FUSE2,138435.1,138435.1,140245.0,1809.9,1809.9,1035.4,0.572076,1,p:1.1.4.2.3.1
U8148,326,FUSE0,138512.3,138512.3,140283.8,1771.5,1771.5,941.0,0.531188,1,p:2.2.3.1.2.2
U8149,326,FUSE0,138551.1,138551.1,140365.8,1814.7,1814.7,941.0,0.518543,1,p:1.3.5.2.1.1
U8150,326,FUSE0,138633.1,138633.1,140399.8,1766.7,1766.7,941.0,0.532631,1,p:2.1.2.1.3.2
U8151,326,FUSE0,138667.1,138667.1,140481.8,1814.7,1814.7,941.0,0.518543,1,p:1.2.1.2.2.1
U8152,326,FUSE0,138749.1,138749.1,140520.6,1771.5,1771.5,941.0,0.531188,1,p:2.3.4.1.1.2
U8153,326,FUSE0,138787.9,138787.9,140597.8,1809.9,1809.9,941.0,0.519918,1,p:1.1.3.2.3.1
U8154,326,FUSE0,138865.1,138865.1,140636.6,1771.5,1771.5,941.0,0.531188,1,p:2.2.5.1.2.2
U8155,326,FUSE0,138903.9,138903.9,140718.6,1814.7,1814.7,941.0,0.518543,1,p:1.3.2.2.1.1
U8156,326,FUSE0,138985.9,138985.9,140752.6,1766.7,1766.7,941.0,0.532631,1,p:2.1.1.1.3.2
U8157,326,FUSE1,139019.9,139019.9,140834.6,1814.7,1814.7,1003.0,0.552708,1,p:1.2.4.2.2.1
U8158,326,FUSE1,139101.9,139101.9,140873.4,1771.5,1771.5,1003.0,0.566187,1,p:2.3.3.1.1.2
U8159,326,FUSE1,139140.7,139140.7,140950.6,1809.9,1809.9,1003.0,0.554174,1,p:1.1.5.2.3.1
U8160,326,FUSE1,139217.9,139217.9,140989.4,1771.5,1771.5,1003.0,0.566187,1,p:2.2.2.1.2.2
U8161,326,FUSE1,139256.7,139256.7,141071.4,1814.7,1814.7,1003.0,0.552708,1,p:1.3.1.2.1.1
U8162,326,FUSE1,139338.7,139338.7,141105.4,1766.7,1766.7,1003.0,0.567725,1,p:2.1.4.1.3.2
U8163,326,FUSE1,139372.7,139372.7,141187.4,1814.7,1814.7,1003.0,0.552708,1,p:1.2.3.2.2.1
U8164,326,FUSE1,139454.7,139454.7,141226.2,1771.5,1771.5,1003.0,0.566187,1,p:2.3.5.1.1.2
U8165,326,FUSE1,139493.5,139493.5,141303.4,1809.9,1809.9,1003.0,0.554174,1,p:1.1.2.2.3.1
U8166,326,FUSE2,139570.7,139570.7,141342.2,1771.5,1771.5,1035.4,0.584476,1,p:2.2.1.1.2.2
U8167,326,FUSE2,139609.5,139609.5,141424.2,1814.7,1814.7,1035.4,0.570563,1,p:1.3.4.2.1.1
U8168,326,FUSE2,139691.5,139691.5,141458.2,1766.7,1766.7,1035.4,0.586064,1,p:2.1.3.1.3.2
U8169,326,FUSE2,139725.5,139725.5,141540.2,1814.7,1814.7,1035.4,0.570563,1,p:1.2.5.2.2.1
U8170,326,FUSE2,139807.5,139807.5,141579.0,1771.5,1771.5,1035.4,0.584476,1,p:2.3.2.1.1.2
U8171,326,FUSE2,139846.3,139846.3,141656.2,1809.9,1809.9,1035.4,0.572076,1,p:1.1.1.2.3.1
U8172,326,FUSE2,139923.5,139923.5,141695.0,1771.5,1771.5,1035.4,0.584476,1,p:2.2.4.1.2.2
U8173,326,FUSE2,139962.3,139962.3,141777.0,1814.7,1814.7,1035.4,0.570563,1,p:1.3.3.2.1.1
U8174,326,FUSE2,140044.3,140044.3,141811.0,1766.7,1766.7,1035.4,0.586064,1,p:2.1.5.1.3.2
U5704,228,FUSE0,140078.3,140078.3,141893.0,1814.7,1814.7,941.0,0.518543,1,p:1.2.2.2.2.1
U5705,228,FUSE0,140160.3,140160.3,141961.4,1801.1,1801.1,941.0,0.522458,1,p:2.3.1.1.1.2
U5706,228,FUSE0,140199.1,140199.1,142009.0,1809.9,1809.9,941.0,0.519918,1,p:1.1.4.2.3.1
U5707,228,FUSE0,140276.3,140276.3,142077.4,1801.1,1801.1,941.0,0.522458,1,p:2.2.3.1.2.2
U5708,228,FUSE0,140315.1,140315.1,142156.2,1841.1,1841.1,941.0,0.511107,1,p:1.3.5.2.1.1
U5709,228,FUSE0,140397.1,140397.1,142193.4,1796.3,1796.3,941.0,0.523855,1,p:2.1.2.1.3.2
U5710,228,FUSE0,140431.1,140431.1,142272.2,1841.1,1841.1,941.0,0.511107,1,p:1.2.1.2.2.1
U5711,228,FUSE0,140513.1,140513.1,142314.2,1801.1,1801.1,941.0,0.522458,1,p:2.3.4.1.1.2
U5712,228,FUSE1,140551.9,140551.9,142388.2,1836.3,1836.3,1003.0,0.546207,1,p:1.1.3.2.3.1
U5713,228,FUSE1,140629.1,140629.1,142430.2,1801.1,1801.1,1003.0,0.556882,1,p:2.2.5.1.2.2
U5714,228,FUSE1,140667.9,140667.9,142509.0,1841.1,1841.1,1003.0,0.544783,1,p:1.3.2.2.1.1
U5715,228,FUSE1,140749.9,140749.9,142546.2,1796.3,1796.3,1003.0,0.55837,1,p:2.1.1.1.3.2
U5716,228,FUSE1,140783.9,140783.9,142625.0,1841.1,1841.1,1003.0,0.544783,1,p:1.2.4.2.2.1
U5717,228,FUSE1,140865.9,140865.9,142667.0,1801.1,1801.1,1003.0,0.556882,1,p:2.3.3.1.1.2
U5718,228,FUSE1,140904.7,140904.7,142741.0,1836.3,1836.3,1003.0,0.546207,1,p:1.1.5.2.3.1
U5719,228,FUSE1,140981.9,140981.9,142783.0,1801.1,1801.1,1003.0,0.556882,1,p:2.2.2.1.2.2
U5720,228,FUSE2,141020.7,141020.7,142861.8,1841.1,1841.1,1035.4,0.562381,1,p:1.3.1.2.1.1
U5721,228,FUSE2,141102.7,141102.7,142899.0,1796.3,1796.3,1035.4,0.576407,1,p:2.1.4.1.3.2
U5722,228,FUSE2,141136.7,141136.7,142977.8,1841.1,1841.1,1035.4,0.562381,1,p:1.2.3.2.2.1
U5723,228,FUSE2,141218.7,141218.7,143019.8,1801.1,1801.1,1035.4,0.574871,1,p:2.3.5.1.1.2
U5724,228,FUSE2,141257.5,141257.5,143093.8,1836.3,1836.3,1035.4,0.563851,1,p:1.1.2.2.3.1
U5725,228,FUSE2,141334.7,141334.7,143135.8,1801.1,1801.1,1035.4,0.574871,1,p:2.2.1.1.2.2
U5726,228,FUSE2,141373.5,141373.5,143330.6,1957.1,1957.1,1035.4,0.529048,1,p:1.3.4.2.2.1
U5727,228,FUSE2,141455.5,141455.5,143372.6,1917.1,1917.1,1035.4,0.540087,1,p:2.1.3.1.1.2
U7129,285,FUSE0,141489.5,141489.5,143251.8,1762.3,1762.3,941.0,0.533961,1,p:1.2.5.1.3.2
U7130,285,FUSE0,141571.5,141571.5,143214.6,1643.1,1643.1,941.0,0.572698,1,p:2.3.2.2.1.1
U7131,285,FUSE0,141610.3,141610.3,143446.6,1836.3,1836.3,941.0,0.512444,1,p:1.1.1.2.3.1
U7132,285,FUSE0,141687.5,141687.5,143604.6,1917.1,1917.1,941.0,0.490846,1,p:2.2.4.1.3.2
U7133,285,FUSE0,141726.3,141726.3,143567.4,1841.1,1841.1,941.0,0.511107,1,p:1.3.5.2.1.1
U7134,285,FUSE0,141808.3,141808.3,143488.6,1680.3,1680.3,941.0,0.560019,1,p:2.1.2.1.2.2
U7135,285,FUSE0,141842.3,141842.3,143683.4,1841.1,1841.1,941.0,0.511107,1,p:1.2.3.2.2.1
U7136,285,FUSE0,141924.3,141924.3,143725.4,1801.1,1801.1,941.0,0.522458,1,p:2.3.1.1.1.2
U7137,285,FUSE0,141992.7,141992.7,143799.4,1806.7,1806.7,941.0,0.520839,1,p:1.1.4.2.3.1
U7138,285,FUSE1,142040.3,142040.3,143841.4,1801.1,1801.1,1003.0,0.556882,1,p:2.2.5.1.2.2
U7139,285,FUSE1,142108.7,142108.7,143920.2,1811.5,1811.5,1003.0,0.553685,1,p:1.3.2.2.1.1
U7140,285,FUSE1,142187.5,142187.5,143957.4,1769.9,1769.9,1003.0,0.566699,1,p:2.1.3.1.3.2
U7141,285,FUSE1,142224.7,142224.7,144036.2,1811.5,1811.5,1003.0,0.553685,1,p:1.2.1.2.2.1
U7142,285,FUSE1,142303.5,142303.5,144078.2,1774.7,1774.7,1003.0,0.565166,1,p:2.3.4.1.1.2
U7143,285,FUSE1,142345.5,142345.5,144152.2,1806.7,1806.7,1003.0,0.555156,1,p:1.1.5.2.3.1
U7144,285,FUSE1,142419.5,142419.5,144194.2,1774.7,1774.7,1003.0,0.565166,1,p:2.2.2.1.2.2
U7145,285,FUSE1,142461.5,142461.5,144273.0,1811.5,1811.5,1003.0,0.553685,1,p:1.3.3.2.1.1
U7146,285,FUSE1,142540.3,142540.3,144310.2,1769.9,1769.9,1003.0,0.566699,1,p:2.1.1.1.3.2
U7147,285,FUSE2,142577.5,142577.5,144389.0,1811.5,1811.5,1035.4,0.571571,1,p:1.2.4.2.2.1
U7148,285,FUSE2,142656.3,142656.3,144431.0,1774.7,1774.7,1035.4,0.583423,1,p:2.3.5.1.1.2
U7149,285,FUSE2,142698.3,142698.3,144505.0,1806.7,1806.7,1035.4,0.573089,1,p:1.1.2.2.3.1
U7150,285,FUSE2,142772.3,142772.3,144547.0,1774.7,1774.7,1035.4,0.583423,1,p:2.2.3.1.2.2
U7151,285,FUSE2,142814.3,142814.3,144625.8,1811.5,1811.5,1035.4,0.571571,1,p:1.3.1.2.1.1
U7152,285,FUSE2,142893.1,142893.1,144663.0,1769.9,1769.9,1035.4,0.585005,1,p:2.1.4.1.3.2
U7153,285,FUSE2,142930.3,142930.3,144783.8,1853.5,1853.5,1035.4,0.558619,1,p:1.2.5.1.1.2
U7154,285,FUSE2,143009.1,143009.1,144741.8,1732.7,1732.7,1035.4,0.597564,1,p:2.3.2.2.2.1
U7155,285,FUSE2,143051.1,143051.1,144899.8,1848.7,1848.7,1035.4,0.560069,1,p:1.1.3.1.2.2
U8710,349,FUSE0,143125.1,143125.1,144857.8,1732.7,1732.7,941.0,0.543083,1,p:2.2.1.2.3.1
U8711,349,FUSE0,143167.1,143167.1,144978.6,1811.5,1811.5,941.0,0.519459,1,p:1.3.4.2.1.1
U8712,349,FUSE0,143245.9,143245.9,145136.6,1890.7,1890.7,941.0,0.497699,1,p:2.1.5.1.1.2
U8713,349,FUSE0,143283.1,143283.1,145094.6,1811.5,1811.5,941.0,0.519459,1,p:1.2.2.2.2.1
U8714,349,FUSE0,143361.9,143361.9,145015.8,1653.9,1653.9,941.0,0.568958,1,p:2.3.1.1.3.2
U8715,349,FUSE0,143403.9,143403.9,145210.6,1806.7,1806.7,941.0,0.520839,1,p:1.1.3.2.3.1
U8716,349,FUSE0,143477.9,143477.9,145252.6,1774.7,1774.7,941.0,0.53023,1,p:2.2.4.1.2.2
U8717,349,FUSE0,143519.9,143519.9,145447.4,1927.5,1927.5,941.0,0.488197,1,p:1.3.5.2.2.1
U8718,349,FUSE0,143598.7,143598.7,145368.6,1769.9,1769.9,941.0,0.531668,1,p:2.1.2.1.3.2
U8719,349,FUSE0,143635.9,143635.9,145331.4,1695.5,1695.5,941.0,0.554999,1,p:1.2.1.2.1.1
U8720,349,FUSE1,143714.7,143714.7,145489.4,1774.7,1774.7,1003.0,0.565166,1,p:2.3.3.1.1.2
U8721,349,FUSE1,143756.7,143756.7,145563.4,1806.7,1806.7,1003.0,0.555156,1,p:1.1.4.2.3.1
U8722,349,FUSE1,143830.7,143830.7,145721.4,1890.7,1890.7,1003.0,0.530491,1,p:2.2.5.1.3.2
U8723,349,FUSE1,143872.7,143872.7,145684.2,1811.5,1811.5,1003.0,0.553685,1,p:1.3.2.2.1.1
U8724,349,FUSE1,143951.5,143951.5,145605.4,1653.9,1653.9,1003.0,0.606445,1,p:2.1.1.1.2.2
U8725,349,FUSE1,143988.7,143988.7,145800.2,1811.5,1811.5,1003.0,0.553685,1,p:1.2.3.2.2.1
U8726,349,FUSE1,144067.5,144067.5,145842.2,1774.7,1774.7,1003.0,0.565166,1,p:2.3.4.1.1.2
U8727,349,FUSE1,144109.5,144109.5,145916.2,1806.7,1806.7,1003.0,0.555156,1,p:1.1.5.2.3.1
U8728,349,FUSE1,144183.5,144183.5,145958.2,1774.7,1774.7,1003.0,0.565166,1,p:2.2.2.1.2.2
U8729,349,FUSE2,144225.5,144225.5,146037.0,1811.5,1811.5,1035.4,0.571571,1,p:1.3.1.2.1.1
U8730,349,FUSE2,144304.3,144304.3,146074.2,1769.9,1769.9,1035.4,0.585005,1,p:2.1.3.1.3.2
U8731,349,FUSE2,144341.5,144341.5,146153.0,1811.5,1811.5,1035.4,0.571571,1,p:1.2.4.2.2.1
U8732,349,FUSE2,144420.3,144420.3,146202.2,1781.9,1781.9,1035.4,0.581065,1,p:2.3.5.1.1.2
U8733,349,FUSE2,144462.3,144462.3,146269.0,1806.7,1806.7,1035.4,0.573089,1,p:1.1.2.2.3.1
U8734,349,FUSE2,144536.3,144536.3,146318.2,1781.9,1781.9,1035.4,0.581065,1,p:2.2.1.1.2.2
U8735,349,FUSE2,144578.3,144578.3,146397.0,1818.7,1818.7,1035.4,0.569308,1,p:1.3.3.2.1.1
U8736,349,FUSE2,144657.1,144657.1,146434.2,1777.1,1777.1,1035.4,0.582635,1,p:2.1.4.1.3.2
U8737,349,FUSE2,144694.3,144694.3,146555.8,1861.5,1861.5,1035.4,0.556218,1,p:1.2.5.1.1.2
U8738,349,FUSE2,144773.1,144773.1,146629.0,1855.9,1855.9,1035.4,0.557896,1,p:2.3.2.2.3.1
U1663,67,FUSE0,144815.1,144815.1,146513.0,1697.9,1697.9,941.0,0.554214,1,p:1.1.1.2.2.1
U1664,67,FUSE0,144889.1,144889.1,146671.8,1782.7,1782.7,941.0,0.527851,1,p:2.2.3.1.2.2
U1665,67,FUSE0,144931.1,144931.1,146750.6,1819.5,1819.5,941.0,0.517175,1,p:1.3.4.2.1.1
U1666,67,FUSE0,145009.9,145009.9,146787.8,1777.9,1777.9,941.0,0.529276,1,p:2.1.1.1.3.2
U1667,67,FUSE0,145047.1,145047.1,146866.6,1819.5,1819.5,941.0,0.517175,1,p:1.2.5.2.2.1
U1668,67,FUSE0,145125.9,145125.9,146908.6,1782.7,1782.7,941.0,0.527851,1,p:2.3.2.1.1.2
U1669,67,FUSE0,145167.9,145167.9,146982.6,1814.7,1814.7,941.0,0.518543,1,p:1.1.3.2.3.1
U1670,67,FUSE0,145241.9,145241.9,147024.6,1782.7,1782.7,941.0,0.527851,1,p:2.2.4.1.2.2
U1671,67,FUSE0,145283.9,145283.9,147103.4,1819.5,1819.5,941.0,0.517175,1,p:1.3.1.2.1.1
U1672,67,FUSE1,145362.7,145362.7,147140.6,1777.9,1777.9,1003.0,0.564149,1,p:2.1.5.1.3.2
U1673,67,FUSE1,145399.9,145399.9,147219.4,1819.5,1819.5,1003.0,0.55125,1,p:1.2.2.2.2.1
U1674,67,FUSE1,145478.7,145478.7,147261.4,1782.7,1782.7,1003.0,0.56263,1,p:2.3.3.1.1.2
U1675,67,FUSE1,145520.7,145520.7,147335.4,1814.7,1814.7,1003.0,0.552708,1,p:1.1.4.2.3.1
U1676,67,FUSE1,145594.7,145594.7,147377.4,1782.7,1782.7,1003.0,0.56263,1,p:2.2.1.1.2.2
U1677,67,FUSE1,145636.7,145636.7,147456.2,1819.5,1819.5,1003.0,0.55125,1,p:1.3.5.2.1.1
U1678,67,FUSE1,145715.5,145715.5,147493.4,1777.9,1777.9,1003.0,0.564149,1,p:2.1.2.1.3.2
U1679,67,FUSE1,145752.7,145752.7,147572.2,1819.5,1819.5,1003.0,0.55125,1,p:1.2.3.2.2.1
U1680,67,FUSE1,145831.5,145831.5,147614.2,1782.7,1782.7,1003.0,0.56263,1,p:2.3.4.1.1.2
U1681,67,FUSE1,145873.5,145873.5,147688.2,1814.7,1814.7,1003.0,0.552708,1,p:1.1.1.2.3.1
U1682,67,FUSE2,145947.5,145947.5,147730.2,1782.7,1782.7,1035.4,0.580804,1,p:2.2.5.1.2.2
U1683,67,FUSE2,145989.5,145989.5,147809.0,1819.5,1819.5,1035.4,0.569057,1,p:1.3.2.2.1.1
U1684,67,FUSE2,146068.3,146068.3,147846.2,1777.9,1777.9,1035.4,0.582372,1,p:2.1.3.1.3.2
U1685,67,FUSE2,146105.5,146105.5,147925.0,1819.5,1819.5,1035.4,0.569057,1,p:1.2.4.2.2.1
U1686,67,FUSE2,146184.3,146184.3,147968.2,1783.9,1783.9,1035.4,0.580414,1,p:2.3.1.1.1.2
U1687,67,FUSE2,146233.5,146233.5,148084.2,1850.7,1850.7,1035.4,0.559464,1,p:1.1.5.1.2.2
U1688,67,FUSE2,146300.3,146300.3,148041.0,1740.7,1740.7,1035.4,0.594818,1,p:2.2.2.2.3.1
U1689,67,FUSE2,146349.5,146349.5,148163.0,1813.5,1813.5,1035.4,0.57094,1,p:1.3.3.2.1.1
U1690,67,FUSE2,146428.3,146428.3,148200.2,1771.9,1771.9,1035.4,0.584344,1,p:2.1.4.1.3.2
U1691,67,FUSE2,146465.5,146465.5,148279.0,1813.5,1813.5,1035.4,0.57094,1,p:1.2.1.2.2.1
U1489,60,FUSE0,146544.3,146544.3,148330.2,1785.9,1785.9,941.0,0.526905,1,p:2.3.5.1.1.2
U1490,60,FUSE0,146587.1,146587.1,148395.0,1807.9,1807.9,941.0,0.520493,1,p:1.1.2.2.3.1
U1491,60,FUSE0,146660.3,146660.3,148446.2,1785.9,1785.9,941.0,0.526905,1,p:2.2.3.1.2.2
U1492,60,FUSE0,146703.1,146703.1,148525.0,1821.9,1821.9,941.0,0.516494,1,p:1.3.4.2.1.1
U1493,60,FUSE0,146781.9,146781.9,148562.2,1780.3,1780.3,941.0,0.528563,1,p:2.1.1.1.3.2
U1494,60,FUSE0,146819.1,146819.1,148641.0,1821.9,1821.9,941.0,0.516494,1,p:1.2.5.2.2.1
U1495,60,FUSE0,146897.9,146897.9,148683.0,1785.1,1785.1,941.0,0.527141,1,p:2.3.2.1.1.2
U1496,60,FUSE0,146939.9,146939.9,148757.0,1817.1,1817.1,941.0,0.517858,1,p:1.1.3.2.3.1
U1497,60,FUSE1,147013.9,147013.9,148799.0,1785.1,1785.1,1003.0,0.561873,1,p:2.2.4.1.2.2
U1498,60,FUSE1,147055.9,147055.9,148877.8,1821.9,1821.9,1003.0,0.550524,1,p:1.3.1.2.1.1
U1499,60,FUSE1,147134.7,147134.7,148915.0,1780.3,1780.3,1003.0,0.563388,1,p:2.1.5.1.3.2
U1500,60,FUSE1,147171.9,147171.9,148993.8,1821.9,1821.9,1003.0,0.550524,1,p:1.2.2.2.2.1
U1501,60,FUSE1,147250.7,147250.7,149035.8,1785.1,1785.1,1003.0,0.561873,1,p:2.3.3.1.1.2
U1502,60,FUSE1,147292.7,147292.7,149109.8,1817.1,1817.1,1003.0,0.551978,1,p:1.1.4.2.3.1
U1503,60,FUSE1,147366.7,147366.7,149151.8,1785.1,1785.1,1003.0,0.561873,1,p:2.2.1.1.2.2
U1504,60,FUSE2,147408.7,147408.7,149230.6,1821.9,1821.9,1035.4,0.568308,1,p:1.3.5.2.1.1
U1505,60,FUSE2,147487.5,147487.5,149267.8,1780.3,1780.3,1035.4,0.581587,1,p:2.1.2.1.3.2
U1506,60,FUSE2,147524.7,147524.7,149346.6,1821.9,1821.9,1035.4,0.568308,1,p:1.2.3.2.2.1
U1507,60,FUSE2,147603.5,147603.5,149405.4,1801.9,1801.9,1035.4,0.574616,1,p:2.3.4.1.1.2
U1508,60,FUSE2,147645.5,147645.5,149462.6,1817.1,1817.1,1035.4,0.569809,1,p:1.1.1.2.3.1
U1509,60,FUSE2,147719.5,147719.5,149600.2,1880.7,1880.7,1035.4,0.55054,1,p:2.2.5.2.1.1
U1510,60,FUSE2,147761.5,147761.5,149637.4,1875.9,1875.9,1035.4,0.551948,1,p:1.3.2.1.3.2
U5108,204,FUSE0,147840.3,147840.3,149521.4,1681.1,1681.1,941.0,0.559753,1,p:2.1.3.1.2.2
U5109,204,FUSE0,147877.5,147877.5,149716.2,1838.7,1838.7,941.0,0.511775,1,p:1.2.4.2.2.1
U5110,204,FUSE0,147956.3,147956.3,149758.2,1801.9,1801.9,941.0,0.522227,1,p:2.3.1.1.1.2
U5111,204,FUSE0,147999.5,147999.5,149832.2,1832.7,1832.7,941.0,0.51345,1,p:1.1.3.2.3.1
U5112,204,FUSE0,148072.3,148072.3,149874.2,1801.9,1801.9,941.0,0.522227,1,p:2.2.5.1.2.2
U5113,204,FUSE0,148115.5,148115.5,149953.0,1837.5,1837.5,941.0,0.512109,1,p:1.3.2.2.1.1
U5114,204,FUSE0,148194.3,148194.3,149990.2,1795.9,1795.9,941.0,0.523971,1,p:2.1.4.1.3.2
U5115,204,FUSE1,148231.5,148231.5,150069.0,1837.5,1837.5,1003.0,0.54585,1,p:1.2.1.2.2.1
U5116,204,FUSE1,148310.3,148310.3,150111.0,1800.7,1800.7,1003.0,0.557006,1,p:2.3.3.1.1.2
U5117,204,FUSE1,148361.5,148361.5,150185.0,1823.5,1823.5,1003.0,0.550041,1,p:1.1.5.2.3.1
U5118,204,FUSE1,148426.3,148426.3,150227.0,1800.7,1800.7,1003.0,0.557006,1,p:2.2.2.1.2.2
U5119,204,FUSE1,148477.5,148477.5,150305.8,1828.3,1828.3,1003.0,0.548597,1,p:1.3.4.2.1.1
U5120,204,FUSE1,148556.3,148556.3,150343.0,1786.7,1786.7,1003.0,0.56137,1,p:2.1.1.1.3.2
U5121,204,FUSE1,148593.5,148593.5,150421.8,1828.3,1828.3,1003.0,0.548597,1,p:1.2.3.2.2.1
U5122,204,FUSE2,148672.3,148672.3,150463.8,1791.5,1791.5,1035.4,0.577951,1,p:2.3.5.1.1.2
U5123,204,FUSE2,148714.3,148714.3,150537.8,1823.5,1823.5,1035.4,0.567809,1,p:1.1.2.2.3.1
U5124,204,FUSE2,148788.3,148788.3,150579.8,1791.5,1791.5,1035.4,0.577951,1,p:2.2.4.1.2.2
U5125,204,FUSE2,148830.3,148830.3,150658.6,1828.3,1828.3,1035.4,0.566318,1,p:1.3.1.2.1.1
U5126,204,FUSE2,148909.1,148909.1,150695.8,1786.7,1786.7,1035.4,0.579504,1,p:2.1.3.1.3.2
U5127,204,FUSE2,148946.3,148946.3,150774.6,1828.3,1828.3,1035.4,0.566318,1,p:1.2.5.2.2.1
U5128,204,FUSE2,149025.1,149025.1,150816.6,1791.5,1791.5,1035.4,0.577951,1,p:2.3.2.1.1.2
U5129,204,FUSE2,149067.1,149067.1,150890.6,1823.5,1823.5,1035.4,0.567809,1,p:1.1.4.2.3.1
U2106,85,FUSE0,149141.1,149141.1,150932.6,1791.5,1791.5,941.0,0.525258,1,p:2.2.1.1.2.2
U2107,85,FUSE0,149183.1,149183.1,151020.2,1837.1,1837.1,941.0,0.51222,1,p:1.3.3.2.1.1
U2108,85,FUSE0,149261.9,149261.9,151048.6,1786.7,1786.7,941.0,0.526669,1,p:2.1.5.1.3.2
U2109,85,FUSE0,149299.1,149299.1,151136.2,1837.1,1837.1,941.0,0.51222,1,p:1.2.2.2.2.1
U2110,85,FUSE0,149377.9,149377.9,151175.0,1797.1,1797.1,941.0,0.523621,1,p:2.3.4.1.1.2
U2111,85,FUSE0,149436.7,149436.7,151252.2,1815.5,1815.5,941.0,0.518315,1,p:1.1.1.2.3.1
U2112,85,FUSE0,149493.9,149493.9,151291.0,1797.1,1797.1,941.0,0.523621,1,p:2.2.3.1.2.2
U2113,85,FUSE0,149552.7,149552.7,151373.0,1820.3,1820.3,941.0,0.516948,1,p:1.3.5.2.1.1
U2114,85,FUSE1,149631.5,149631.5,151407.0,1775.5,1775.5,1003.0,0.564911,1,p:2.1.2.1.3.2
U2115,85,FUSE1,149668.7,149668.7,151489.0,1820.3,1820.3,1003.0,0.551008,1,p:1.2.4.2.2.1
U2116,85,FUSE1,149747.5,149747.5,151527.8,1780.3,1780.3,1003.0,0.563388,1,p:2.3.1.1.1.2
U2117,85,FUSE1,149789.5,149789.5,151605.0,1815.5,1815.5,1003.0,0.552465,1,p:1.1.3.2.3.1
U2118,85,FUSE1,149863.5,149863.5,151643.8,1780.3,1780.3,1003.0,0.563388,1,p:2.2.5.1.2.2
U2119,85,FUSE1,149905.5,149905.5,151725.8,1820.3,1820.3,1003.0,0.551008,1,p:1.3.2.2.1.1
U2120,85,FUSE1,149984.3,149984.3,151759.8,1775.5,1775.5,1003.0,0.564911,1,p:2.1.4.1.3.2
U2121,85,FUSE1,150021.5,150021.5,151841.8,1820.3,1820.3,1003.0,0.551008,1,p:1.2.1.2.2.1
U2122,85,FUSE1,150100.3,150100.3,151880.6,1780.3,1780.3,1003.0,0.563388,1,p:2.3.3.1.1.2
U2123,85,FUSE2,150142.3,150142.3,151957.8,1815.5,1815.5,1035.4,0.570311,1,p:1.1.5.2.3.1
U2124,85,FUSE2,150216.3,150216.3,151996.6,1780.3,1780.3,1035.4,0.581587,1,p:2.2.2.1.2.2
U2125,85,FUSE2,150258.3,150258.3,152087.0,1828.7,1828.7,1035.4,0.566195,1,p:1.3.4.2.1.1
U2126,85,FUSE2,150337.1,150337.1,152112.6,1775.5,1775.5,1035.4,0.58316,1,p:2.1.1.1.3.2
U2127,85,FUSE2,150374.3,150374.3,152203.0,1828.7,1828.7,1035.4,0.566195,1,p:1.2.3.2.2.1
U2128,85,FUSE2,150453.1,150453.1,152241.8,1788.7,1788.7,1035.4,0.578856,1,p:2.3.5.1.1.2
U2129,85,FUSE2,150495.1,150495.1,152319.0,1823.9,1823.9,1035.4,0.567685,1,p:1.1.2.2.3.1
U2130,85,FUSE2,150569.1,150569.1,152439.8,1870.7,1870.7,1035.4,0.553483,1,p:2.2.4.2.1.1
U2131,85,FUSE2,150611.1,150611.1,152473.8,1862.7,1862.7,1035.4,0.55586,1,p:1.3.1.1.3.2
U6676,267,FUSE0,150689.9,150689.9,152357.8,1667.9,1667.9,941.0,0.564183,1,p:2.1.3.1.2.2
U6677,267,FUSE0,150727.1,150727.1,152555.8,1828.7,1828.7,941.0,0.514573,1,p:1.2.5.2.2.1
U6678,267,FUSE0,150805.9,150805.9,152597.8,1791.9,1791.9,941.0,0.525141,1,p:2.3.2.1.1.2
U6679,267,FUSE0,150847.9,150847.9,152671.8,1823.9,1823.9,941.0,0.515927,1,p:1.1.3.2.3.1
U6680,267,FUSE0,150921.9,150921.9,152713.8,1791.9,1791.9,941.0,0.525141,1,p:2.2.4.1.2.2
U6681,267,FUSE0,150963.9,150963.9,152792.6,1828.7,1828.7,941.0,0.514573,1,p:1.3.1.2.1.1
U6682,267,FUSE0,151051.5,151051.5,152829.8,1778.3,1778.3,941.0,0.529157,1,p:2.1.5.1.3.2
U6683,267,FUSE0,151079.9,151079.9,152908.6,1828.7,1828.7,941.0,0.514573,1,p:1.2.2.2.2.1
U6684,267,FUSE1,151167.5,151167.5,152950.6,1783.1,1783.1,1003.0,0.562504,1,p:2.3.3.1.1.2
U6685,267,FUSE1,151206.3,151206.3,153024.6,1818.3,1818.3,1003.0,0.551614,1,p:1.1.4.2.3.1
U6686,267,FUSE1,151283.5,151283.5,153066.6,1783.1,1783.1,1003.0,0.562504,1,p:2.2.1.1.2.2
U6687,267,FUSE1,151322.3,151322.3,153145.4,1823.1,1823.1,1003.0,0.550162,1,p:1.3.5.2.1.1
U6688,267,FUSE1,151404.3,151404.3,153182.6,1778.3,1778.3,1003.0,0.564022,1,p:2.1.2.1.3.2
U6689,267,FUSE1,151438.3,151438.3,153261.4,1823.1,1823.1,1003.0,0.550162,1,p:1.2.3.2.2.1
U6690,267,FUSE1,151520.3,151520.3,153303.4,1783.1,1783.1,1003.0,0.562504,1,p:2.3.4.1.1.2
U6691,267,FUSE1,151559.1,151559.1,153377.4,1818.3,1818.3,1003.0,0.551614,1,p:1.1.1.2.3.1
U6692,267,FUSE2,151636.3,151636.3,153419.4,1783.1,1783.1,1035.4,0.580674,1,p:2.2.5.1.2.2
U6693,267,FUSE2,151675.1,151675.1,153498.2,1823.1,1823.1,1035.4,0.567934,1,p:1.3.2.2.1.1
U6694,267,FUSE2,151757.1,151757.1,153535.4,1778.3,1778.3,1035.4,0.582241,1,p:2.1.3.1.3.2
U6695,267,FUSE2,151791.1,151791.1,153614.2,1823.1,1823.1,1035.4,0.567934,1,p:1.2.4.2.2.1
U6696,267,FUSE2,151873.1,151873.1,153673.0,1799.9,1799.9,1035.4,0.575254,1,p:2.3.1.1.1.2
U6697,267,FUSE2,151911.9,151911.9,153730.2,1818.3,1818.3,1035.4,0.569433,1,p:1.1.5.2.3.1
U6698,267,FUSE2,151989.1,151989.1,153789.0,1799.9,1799.9,1035.4,0.575254,1,p:2.2.2.1.2.2
U6699,267,FUSE2,152027.9,152027.9,153983.8,1955.9,1955.9,1035.4,0.529373,1,p:1.3.3.2.2.1
U8523,341,FUSE0,152118.3,152118.3,153867.8,1749.5,1749.5,941.0,0.537868,1,p:2.1.4.2.1.1
U8524,341,FUSE0,152143.9,152143.9,153905.0,1761.1,1761.1,941.0,0.534325,1,p:1.2.1.1.3.2
U8525,341,FUSE0,152234.3,152234.3,154025.8,1791.5,1791.5,941.0,0.525258,1,p:2.3.5.1.1.2
U8526,341,FUSE0,152273.1,152273.1,154099.8,1826.7,1826.7,941.0,0.515137,1,p:1.1.2.2.3.1
U8527,341,FUSE0,152350.3,152350.3,154141.8,1791.5,1791.5,941.0,0.525258,1,p:2.2.4.1.2.2
U8528,341,FUSE0,152389.1,152389.1,154220.6,1831.5,1831.5,941.0,0.513787,1,p:1.3.1.2.1.1
U8529,341,FUSE0,152471.1,152471.1,154257.8,1786.7,1786.7,941.0,0.526669,1,p:2.1.3.1.3.2
U8530,341,FUSE1,152505.1,152505.1,154336.6,1831.5,1831.5,1003.0,0.547639,1,p:1.2.5.2.2.1
U8531,341,FUSE1,152587.1,152587.1,154378.6,1791.5,1791.5,1003.0,0.559866,1,p:2.3.2.1.1.2
U8532,341,FUSE1,152629.1,152629.1,154452.6,1823.5,1823.5,1003.0,0.550041,1,p:1.1.4.2.3.1
U8533,341,FUSE1,152703.1,152703.1,154494.6,1791.5,1791.5,1003.0,0.559866,1,p:2.2.1.1.2.2
U8534,341,FUSE1,152745.1,152745.1,154573.4,1828.3,1828.3,1003.0,0.548597,1,p:1.3.3.2.1.1
U8535,341,FUSE1,152823.9,152823.9,154610.6,1786.7,1786.7,1003.0,0.56137,1,p:2.1.5.1.3.2
U8536,341,FUSE1,152861.1,152861.1,154689.4,1828.3,1828.3,1003.0,0.548597,1,p:1.2.2.2.2.1
U8537,341,FUSE2,152939.9,152939.9,154731.4,1791.5,1791.5,1035.4,0.577951,1,p:2.3.4.1.1.2
U8538,341,FUSE2,152981.9,152981.9,154805.4,1823.5,1823.5,1035.4,0.567809,1,p:1.1.1.2.3.1
U8539,341,FUSE2,153055.9,153055.9,154847.4,1791.5,1791.5,1035.4,0.577951,1,p:2.2.3.1.2.2
U8540,341,FUSE2,153097.9,153097.9,154926.2,1828.3,1828.3,1035.4,0.566318,1,p:1.3.5.2.1.1
U8541,341,FUSE2,153176.7,153176.7,154963.4,1786.7,1786.7,1035.4,0.579504,1,p:2.1.2.1.3.2
U8542,341,FUSE2,153213.9,153213.9,155084.2,1870.3,1870.3,1035.4,0.553601,1,p:1.2.4.1.1.2
U8543,341,FUSE2,153292.7,153292.7,155042.2,1749.5,1749.5,1035.4,0.591826,1,p:2.3.1.2.2.1
U8544,341,FUSE2,153334.7,153334.7,155200.2,1865.5,1865.5,1035.4,0.555025,1,p:1.1.3.1.2.2
U6633,265,FUSE0,153408.7,153408.7,155158.2,1749.5,1749.5,941.0,0.537868,1,p:2.2.5.2.3.1
U6634,265,FUSE0,153450.7,153450.7,155304.2,1853.5,1853.5,941.0,0.507688,1,p:1.3.2.2.1.1
U6635,265,FUSE0,153529.5,153529.5,155316.2,1786.7,1786.7,941.0,0.526669,1,p:2.1.4.1.3.2
U6636,265,FUSE0,153566.7,153566.7,155420.2,1853.5,1853.5,941.0,0.507688,1,p:1.2.1.2.2.1
U6637,265,FUSE0,153645.5,153645.5,155459.0,1813.5,1813.5,941.0,0.518886,1,p:2.3.5.1.1.2
U6638,265,FUSE0,153704.3,153704.3,155536.2,1831.9,1831.9,941.0,0.513674,1,p:1.1.3.2.3.1
U6639,265,FUSE0,153761.5,153761.5,155575.0,1813.5,1813.5,941.0,0.518886,1,p:2.2.2.1.2.2
U6640,265,FUSE1,153820.3,153820.3,155657.0,1836.7,1836.7,1003.0,0.546088,1,p:1.3.4.2.1.1
U6641,265,FUSE1,153899.1,153899.1,155691.0,1791.9,1791.9,1003.0,0.559741,1,p:2.1.1.1.3.2
U6642,265,FUSE1,153936.3,153936.3,155773.0,1836.7,1836.7,1003.0,0.546088,1,p:1.2.5.2.2.1
U6643,265,FUSE1,154015.1,154015.1,155811.8,1796.7,1796.7,1003.0,0.558246,1,p:2.3.3.1.1.2
U6644,265,FUSE1,154057.1,154057.1,155889.0,1831.9,1831.9,1003.0,0.547519,1,p:1.1.2.2.3.1
U6645,265,FUSE1,154131.1,154131.1,155927.8,1796.7,1796.7,1003.0,0.558246,1,p:2.2.4.1.2.2
U6646,265,FUSE1,154173.1,154173.1,156009.8,1836.7,1836.7,1003.0,0.546088,1,p:1.3.1.2.1.1
U6647,265,FUSE2,154251.9,154251.9,156043.8,1791.9,1791.9,1035.4,0.577822,1,p:2.1.5.1.3.2
U6648,265,FUSE2,154289.1,154289.1,156125.8,1836.7,1836.7,1035.4,0.563728,1,p:1.2.3.2.2.1
U6649,265,FUSE2,154367.9,154367.9,156164.6,1796.7,1796.7,1035.4,0.576279,1,p:2.3.2.1.1.2
U6650,265,FUSE2,154409.9,154409.9,156280.6,1870.7,1870.7,1035.4,0.553483,1,p:1.1.4.1.2.2
U6651,265,FUSE2,154483.9,154483.9,156241.8,1757.9,1757.9,1035.4,0.588998,1,p:2.2.1.2.3.1
U6652,265,FUSE2,154525.9,154525.9,156384.2,1858.3,1858.3,1035.4,0.557176,1,p:1.3.5.2.1.1
U6653,265,FUSE2,154604.7,154604.7,156396.6,1791.9,1791.9,1035.4,0.577822,1,p:2.1.3.1.3.2
U6654,265,FUSE2,154641.9,154641.9,156500.2,1858.3,1858.3,1035.4,0.557176,1,p:1.2.2.2.2.1
U1366,55,FUSE0,154720.7,154720.7,156539.0,1818.3,1818.3,941.0,0.517516,1,p:2.3.4.1.1.2
U1367,55,FUSE0,154762.7,154762.7,156616.2,1853.5,1853.5,941.0,0.507688,1,p:1.1.1.2.3.1
U1368,55,FUSE0,154836.7,154836.7,156655.0,1818.3,1818.3,941.0,0.517516,1,p:2.2.5.1.2.2
U1369,55,FUSE0,154878.7,154878.7,156737.0,1858.3,1858.3,941.0,0.506377,1,p:1.3.3.2.1.1
U1370,55,FUSE0,154957.5,154957.5,156771.0,1813.5,1813.5,941.0,0.518886,1,p:2.1.2.1.3.2
U1371,55,FUSE0,154994.7,154994.7,156853.0,1858.3,1858.3,941.0,0.506377,1,p:1.2.4.2.2.1
U1372,55,FUSE0,155073.5,155073.5,156891.8,1818.3,1818.3,941.0,0.517516,1,p:2.3.1.1.1.2
U1373,55,FUSE0,155115.5,155115.5,156969.0,1853.5,1853.5,941.0,0.507688,1,p:1.1.5.2.3.1
U1374,55,FUSE1,155189.5,155189.5,157007.8,1818.3,1818.3,1003.0,0.551614,1,p:2.2.3.1.2.2
U1375,55,FUSE1,155231.5,155231.5,157089.8,1858.3,1858.3,1003.0,0.539741,1,p:1.3.2.2.1.1
U1376,55,FUSE1,155335.5,155335.5,157123.8,1788.3,1788.3,1003.0,0.560868,1,p:2.1.4.1.3.2
U1377,55,FUSE1,155347.5,155347.5,157205.8,1858.3,1858.3,1003.0,0.539741,1,p:1.2.1.2.2.1
U1378,55,FUSE1,155451.5,155451.5,157244.6,1793.1,1793.1,1003.0,0.559366,1,p:2.3.5.1.1.2
U1379,55,FUSE1,155490.3,155490.3,157321.8,1831.5,1831.5,1003.0,0.547639,1,p:1.1.3.2.3.1
U1380,55,FUSE1,155567.5,155567.5,157360.6,1793.1,1793.1,1003.0,0.559366,1,p:2.2.2.1.2.2
U1381,55,FUSE1,155606.3,155606.3,157442.6,1836.3,1836.3,1003.0,0.546207,1,p:1.3.4.2.1.1
U1382,55,FUSE2,155688.3,155688.3,157476.6,1788.3,1788.3,1035.4,0.578986,1,p:2.1.1.1.3.2
U1383,55,FUSE2,155722.3,155722.3,157558.6,1836.3,1836.3,1035.4,0.563851,1,p:1.2.5.2.2.1
U1384,55,FUSE2,155804.3,155804.3,157597.4,1793.1,1793.1,1035.4,0.577436,1,p:2.3.3.1.1.2
U1385,55,FUSE2,155843.1,155843.1,157674.6,1831.5,1831.5,1035.4,0.565329,1,p:1.1.2.2.3.1
U1386,55,FUSE2,155920.3,155920.3,157713.4,1793.1,1793.1,1035.4,0.577436,1,p:2.2.4.1.2.2
U1387,55,FUSE2,155959.1,155959.1,157795.4,1836.3,1836.3,1035.4,0.563851,1,p:1.3.1.2.1.1
U1388,55,FUSE2,156041.1,156041.1,157829.4,1788.3,1788.3,1035.4,0.578986,1,p:2.1.5.1.3.2
U1389,55,FUSE2,156075.1,156075.1,157911.4,1836.3,1836.3,1035.4,0.563851,1,p:1.2.3.2.2.1
U1390,55,FUSE2,156157.1,156157.1,158027.4,1870.3,1870.3,1035.4,0.553601,1,p:2.3.2.2.3.1
U743,30,FUSE0,156195.9,156195.9,157950.6,1754.7,1754.7,941.0,0.536274,1,p:1.1.4.1.1.2
U744,30,FUSE0,156273.1,156273.1,158066.6,1793.5,1793.5,941.0,0.524672,1,p:2.2.1.1.2.2
U745,30,FUSE0,156311.9,156311.9,158148.2,1836.3,1836.3,941.0,0.512444,1,p:1.3.5.2.1.1
U746,30,FUSE0,156415.5,156415.5,158182.6,1767.1,1767.1,941.0,0.532511,1,p:2.1.3.1.3.2
U747,30,FUSE0,156427.9,156427.9,158264.2,1836.3,1836.3,941.0,0.512444,1,p:1.2.4.2.2.1
U748,30,FUSE0,156531.5,156531.5,158303.4,1771.9,1771.9,941.0,0.531068,1,p:2.3.2.1.1.2
U749,30,FUSE0,156570.3,156570.3,158380.2,1809.9,1809.9,941.0,0.519918,1,p:1.1.1.2.3.1
U750,30,FUSE0,156647.5,156647.5,158419.4,1771.9,1771.9,941.0,0.531068,1,p:2.2.5.1.2.2
U751,30,FUSE1,156686.3,156686.3,158501.0,1814.7,1814.7,1003.0,0.552708,1,p:1.3.3.2.1.1
U752,30,FUSE1,156768.3,156768.3,158535.4,1767.1,1767.1,1003.0,0.567597,1,p:2.1.4.1.3.2
U753,30,FUSE1,156802.3,156802.3,158617.0,1814.7,1814.7,1003.0,0.552708,1,p:1.2.2.2.2.1
U754,30,FUSE1,156884.3,156884.3,158656.2,1771.9,1771.9,1003.0,0.566059,1,p:2.3.1.1.1.2
U755,30,FUSE1,156923.1,156923.1,158733.0,1809.9,1809.9,1003.0,0.554174,1,p:1.1.5.2.3.1
U756,30,FUSE1,157000.3,157000.3,158772.2,1771.9,1771.9,1003.0,0.566059,1,p:2.2.3.1.2.2
U757,30,FUSE1,157039.1,157039.1,158853.8,1814.7,1814.7,1003.0,0.552708,1,p:1.3.4.2.1.1
U758,30,FUSE1,157121.1,157121.1,158888.2,1767.1,1767.1,1003.0,0.567597,1,p:2.1.2.1.3.2
U759,30,FUSE2,157155.1,157155.1,158969.8,1814.7,1814.7,1035.4,0.570563,1,p:1.2.1.2.2.1
U760,30,FUSE2,157237.1,157237.1,159009.0,1771.9,1771.9,1035.4,0.584344,1,p:2.3.5.1.1.2
U761,30,FUSE2,157275.9,157275.9,159085.8,1809.9,1809.9,1035.4,0.572076,1,p:1.1.3.2.3.1
U762,30,FUSE2,157353.1,157353.1,159125.0,1771.9,1771.9,1035.4,0.584344,1,p:2.2.4.1.2.2
U763,30,FUSE2,157391.9,157391.9,159206.6,1814.7,1814.7,1035.4,0.570563,1,p:1.3.2.2.1.1
U764,30,FUSE2,157473.9,157473.9,159241.0,1767.1,1767.1,1035.4,0.585932,1,p:2.1.1.1.3.2
U765,30,FUSE2,157507.9,157507.9,159322.6,1814.7,1814.7,1035.4,0.570563,1,p:1.2.5.2.2.1
U766,30,FUSE2,157589.9,157589.9,159438.6,1848.7,1848.7,1035.4,0.560069,1,p:2.3.3.2.3.1
U767,30,FUSE2,157628.7,157628.7,159483.4,1854.7,1854.7,1035.4,0.558257,1,p:1.1.4.1.2.2
U2479,100,FUSE0,157705.9,157705.9,159367.4,1661.5,1661.5,941.0,0.566356,1,p:2.2.2.1.1.2
U2480,100,FUSE0,157744.7,157744.7,159562.2,1817.5,1817.5,941.0,0.517744,1,p:1.3.1.2.1.1
U2481,100,FUSE0,157826.7,157826.7,159599.4,1772.7,1772.7,941.0,0.530829,1,p:2.1.5.1.3.2
U2482,100,FUSE0,157860.7,157860.7,159678.2,1817.5,1817.5,941.0,0.517744,1,p:1.2.2.2.2.1
U2483,100,FUSE0,157942.7,157942.7,159720.2,1777.5,1777.5,941.0,0.529395,1,p:2.3.3.1.1.2
U2484,100,FUSE0,157981.9,157981.9,159794.2,1812.3,1812.3,941.0,0.51923,1,p:1.1.4.2.3.1
U2485,100,FUSE0,158058.7,158058.7,159836.2,1777.5,1777.5,941.0,0.529395,1,p:2.2.1.1.2.2
U2486,100,FUSE1,158097.9,158097.9,159915.0,1817.1,1817.1,1003.0,0.551978,1,p:1.3.5.2.1.1
U2487,100,FUSE1,158179.5,158179.5,159952.2,1772.7,1772.7,1003.0,0.565804,1,p:2.1.2.1.3.2
U2488,100,FUSE1,158213.9,158213.9,160031.0,1817.1,1817.1,1003.0,0.551978,1,p:1.2.3.2.2.1
U2489,100,FUSE1,158295.5,158295.5,160073.0,1777.5,1777.5,1003.0,0.564276,1,p:2.3.4.1.1.2
U2490,100,FUSE1,158334.7,158334.7,160147.0,1812.3,1812.3,1003.0,0.55344,1,p:1.1.1.2.3.1
U2491,100,FUSE1,158411.5,158411.5,160189.0,1777.5,1777.5,1003.0,0.564276,1,p:2.2.5.1.2.2
U2492,100,FUSE1,158450.7,158450.7,160267.8,1817.1,1817.1,1003.0,0.551978,1,p:1.3.2.2.1.1
U2493,100,FUSE2,158532.3,158532.3,160305.0,1772.7,1772.7,1035.4,0.584081,1,p:2.1.3.1.3.2
U2494,100,FUSE2,158566.7,158566.7,160383.8,1817.1,1817.1,1035.4,0.569809,1,p:1.2.4.2.2.1
U2495,100,FUSE2,158648.3,158648.3,160425.8,1777.5,1777.5,1035.4,0.582504,1,p:2.3.1.1.1.2
U2496,100,FUSE2,158687.5,158687.5,160499.8,1812.3,1812.3,1035.4,0.571318,1,p:1.1.5.2.3.1
U2497,100,FUSE2,158764.3,158764.3,160541.8,1777.5,1777.5,1035.4,0.582504,1,p:2.2.2.1.2.2
U2498,100,FUSE2,158803.5,158803.5,160657.8,1854.3,1854.3,1035.4,0.558378,1,p:1.3.3.1.3.2
U2499,100,FUSE2,158885.1,158885.1,160748.2,1863.1,1863.1,1035.4,0.55574,1,p:2.1.4.2.2.1
U8609,345,FUSE0,158919.5,158919.5,160632.2,1712.7,1712.7,941.0,0.549425,1,p:1.2.1.2.1.1
U8610,345,FUSE0,159001.1,159001.1,160787.0,1785.9,1785.9,941.0,0.526905,1,p:2.3.5.1.1.2
U8611,345,FUSE0,159040.3,159040.3,160864.2,1823.9,1823.9,941.0,0.515927,1,p:1.1.2.2.3.1
U8612,345,FUSE0,159117.1,159117.1,160903.0,1785.9,1785.9,941.0,0.526905,1,p:2.2.1.1.2.2
U8613,345,FUSE0,159156.3,159156.3,160985.0,1828.7,1828.7,941.0,0.514573,1,p:1.3.3.2.1.1
U8614,345,FUSE0,159237.9,159237.9,161019.0,1781.1,1781.1,941.0,0.528325,1,p:2.1.4.1.3.2
U8615,345,FUSE0,159272.3,159272.3,161101.0,1828.7,1828.7,941.0,0.514573,1,p:1.2.5.2.2.1
U8616,345,FUSE0,159353.9,159353.9,161139.8,1785.9,1785.9,941.0,0.526905,1,p:2.3.2.1.1.2
U8617,345,FUSE1,159398.7,159398.7,161217.0,1818.3,1818.3,1003.0,0.551614,1,p:1.1.1.2.3.1
U8618,345,FUSE1,159469.9,159469.9,161255.8,1785.9,1785.9,1003.0,0.561622,1,p:2.2.3.1.2.2
U8619,345,FUSE1,159514.7,159514.7,161337.8,1823.1,1823.1,1003.0,0.550162,1,p:1.3.4.2.1.1
U8620,345,FUSE1,159593.5,159593.5,161371.8,1778.3,1778.3,1003.0,0.564022,1,p:2.1.5.1.3.2
U8621,345,FUSE1,159630.7,159630.7,161453.8,1823.1,1823.1,1003.0,0.550162,1,p:1.2.2.2.2.1
U8622,345,FUSE1,159709.5,159709.5,161492.6,1783.1,1783.1,1003.0,0.562504,1,p:2.3.1.1.1.2
U8623,345,FUSE1,159751.5,159751.5,161569.8,1818.3,1818.3,1003.0,0.551614,1,p:1.1.3.2.3.1
U8624,345,FUSE2,159825.5,159825.5,161608.6,1783.1,1783.1,1035.4,0.580674,1,p:2.2.4.1.2.2
U8625,345,FUSE2,159867.5,159867.5,161690.6,1823.1,1823.1,1035.4,0.567934,1,p:1.3.5.2.1.1
U8626,345,FUSE2,159946.3,159946.3,161724.6,1778.3,1778.3,1035.4,0.582241,1,p:2.1.2.1.3.2
U8627,345,FUSE2,159983.5,159983.5,161806.6,1823.1,1823.1,1035.4,0.567934,1,p:1.2.1.2.2.1
U8628,345,FUSE2,160062.3,160062.3,161845.4,1783.1,1783.1,1035.4,0.580674,1,p:2.3.3.1.1.2
U8629,345,FUSE2,160104.3,160104.3,161922.6,1818.3,1818.3,1035.4,0.569433,1,p:1.1.4.2.3.1
U8630,345,FUSE2,160178.3,160178.3,161961.4,1783.1,1783.1,1035.4,0.580674,1,p:2.2.5.1.2.2
U8631,345,FUSE2,160220.3,160220.3,162058.2,1837.9,1837.9,1035.4,0.56336,1,p:1.3.2.2.1.1
U3554,143,FUSE0,160299.1,160299.1,162077.4,1778.3,1778.3,941.0,0.529157,1,p:2.1.1.1.3.2
U3555,143,FUSE0,160336.3,160336.3,162174.2,1837.9,1837.9,941.0,0.511997,1,p:1.2.3.2.2.1
U3556,143,FUSE0,160415.1,160415.1,162213.0,1797.9,1797.9,941.0,0.523388,1,p:2.3.4.1.1.2
U3557,143,FUSE0,160457.1,160457.1,162290.2,1833.1,1833.1,941.0,0.513338,1,p:1.1.5.2.3.1
U3558,143,FUSE0,160531.1,160531.1,162329.0,1797.9,1797.9,941.0,0.523388,1,p:2.2.2.1.2.2
U3559,143,FUSE0,160573.1,160573.1,162411.0,1837.9,1837.9,941.0,0.511997,1,p:1.3.1.2.1.1
U3560,143,FUSE0,160663.5,160663.5,162445.0,1781.5,1781.5,941.0,0.528207,1,p:2.1.3.1.3.2
U3561,143,FUSE0,160689.1,160689.1,162527.0,1837.9,1837.9,941.0,0.511997,1,p:1.2.4.2.2.1
U3562,143,FUSE0,160779.5,160779.5,162565.8,1786.3,1786.3,941.0,0.526787,1,p:2.3.5.1.1.2
U3563,143,FUSE1,160818.3,160818.3,162643.0,1824.7,1824.7,1003.0,0.549679,1,p:1.1.2.2.3.1
U3564,143,FUSE1,160895.5,160895.5,162681.8,1786.3,1786.3,1003.0,0.561496,1,p:2.2.1.1.2.2
U3565,143,FUSE1,160934.3,160934.3,162763.8,1829.5,1829.5,1003.0,0.548237,1,p:1.3.3.2.1.1
U3566,143,FUSE1,161016.3,161016.3,162797.8,1781.5,1781.5,1003.0,0.563009,1,p:2.1.4.1.3.2
U3567,143,FUSE1,161050.3,161050.3,162879.8,1829.5,1829.5,1003.0,0.548237,1,p:1.2.5.2.2.1
U3568,143,FUSE1,161132.3,161132.3,162918.6,1786.3,1786.3,1003.0,0.561496,1,p:2.3.2.1.1.2
U3569,143,FUSE1,161171.1,161171.1,162995.8,1824.7,1824.7,1003.0,0.549679,1,p:1.1.1.2.3.1
U3570,143,FUSE1,161248.3,161248.3,163034.6,1786.3,1786.3,1003.0,0.561496,1,p:2.2.3.1.2.2
U3571,143,FUSE1,161287.1,161287.1,163116.6,1829.5,1829.5,1003.0,0.548237,1,p:1.3.4.2.1.1
U3572,143,FUSE2,161369.1,161369.1,163150.6,1781.5,1781.5,1035.4,0.581196,1,p:2.1.5.1.3.2
U3573,143,FUSE2,161403.1,161403.1,163232.6,1829.5,1829.5,1035.4,0.565947,1,p:1.2.2.2.2.1
U3574,143,FUSE2,161485.1,161485.1,163271.4,1786.3,1786.3,1035.4,0.579634,1,p:2.3.1.1.1.2
U3575,143,FUSE2,161523.9,161523.9,163348.6,1824.7,1824.7,1035.4,0.567436,1,p:1.1.3.2.3.1
U3576,143,FUSE2,161601.1,161601.1,163387.4,1786.3,1786.3,1035.4,0.579634,1,p:2.2.4.1.2.2
U3577,143,FUSE2,161639.9,161639.9,163469.4,1829.5,1829.5,1035.4,0.565947,1,p:1.3.5.2.1.1
U3578,143,FUSE2,161721.9,161721.9,163503.4,1781.5,1781.5,1035.4,0.581196,1,p:2.1.2.1.3.2
U3579,143,FUSE2,161755.9,161755.9,163585.4,1829.5,1829.5,1035.4,0.565947,1,p:1.2.1.2.2.1
U3580,143,FUSE2,161837.9,161837.9,163655.8,1817.9,1817.9,1035.4,0.569558,1,p:2.3.3.1.1.2
U3581,143,FUSE2,161876.7,161876.7,163771.8,1895.1,1895.1,1035.4,0.546356,1,p:1.1.4.1.2.2
U1149,46,FUSE0,161953.9,161953.9,163701.4,1747.5,1747.5,941.0,0.538484,1,p:2.2.5.2.3.1
U1150,46,FUSE0,161992.7,161992.7,163850.6,1857.9,1857.9,941.0,0.506486,1,p:1.3.2.2.1.1
U1151,46,FUSE0,162089.5,162089.5,163887.8,1798.3,1798.3,941.0,0.523272,1,p:2.1.1.1.3.2
U1152,46,FUSE0,162108.7,162108.7,163966.6,1857.9,1857.9,941.0,0.506486,1,p:1.2.3.2.2.1
U1153,46,FUSE0,162205.5,162205.5,164008.6,1803.1,1803.1,941.0,0.521879,1,p:2.3.5.1.1.2
U1154,46,FUSE0,162244.3,162244.3,164082.6,1838.3,1838.3,941.0,0.511886,1,p:1.1.4.2.3.1
U1155,46,FUSE0,162321.5,162321.5,164124.6,1803.1,1803.1,941.0,0.521879,1,p:2.2.2.1.2.2
U1156,46,FUSE0,162360.3,162360.3,164203.4,1843.1,1843.1,941.0,0.510553,1,p:1.3.1.2.1.1
U1157,46,FUSE1,162442.3,162442.3,164240.6,1798.3,1798.3,1003.0,0.557749,1,p:2.1.3.1.3.2
U1158,46,FUSE1,162476.3,162476.3,164319.4,1843.1,1843.1,1003.0,0.544192,1,p:1.2.5.2.2.1
U1159,46,FUSE1,162558.3,162558.3,164361.4,1803.1,1803.1,1003.0,0.556264,1,p:2.3.4.1.1.2
U1160,46,FUSE1,162597.1,162597.1,164435.4,1838.3,1838.3,1003.0,0.545613,1,p:1.1.2.2.3.1
U1161,46,FUSE1,162674.3,162674.3,164477.4,1803.1,1803.1,1003.0,0.556264,1,p:2.2.1.1.2.2
U1162,46,FUSE1,162713.1,162713.1,164556.2,1843.1,1843.1,1003.0,0.544192,1,p:1.3.3.2.1.1
U1163,46,FUSE1,162795.1,162795.1,164593.4,1798.3,1798.3,1003.0,0.557749,1,p:2.1.5.1.3.2
U1164,46,FUSE1,162829.1,162829.1,164672.2,1843.1,1843.1,1003.0,0.544192,1,p:1.2.4.2.2.1
U1165,46,FUSE2,162911.1,162911.1,164714.2,1803.1,1803.1,1035.4,0.574233,1,p:2.3.2.1.1.2
U1166,46,FUSE2,162949.9,162949.9,164788.2,1838.3,1838.3,1035.4,0.563238,1,p:1.1.1.2.3.1
U1167,46,FUSE2,163027.1,163027.1,164830.2,1803.1,1803.1,1035.4,0.574233,1,p:2.2.3.1.2.2
U1168,46,FUSE2,163065.9,163065.9,164909.0,1843.1,1843.1,1035.4,0.561771,1,p:1.3.5.2.1.1
U1169,46,FUSE2,163147.9,163147.9,164946.2,1798.3,1798.3,1035.4,0.575766,1,p:2.1.4.1.3.2
U1170,46,FUSE2,163181.9,163181.9,165025.0,1843.1,1843.1,1035.4,0.561771,1,p:1.2.2.2.2.1
U1171,46,FUSE2,163263.9,163263.9,165067.0,1803.1,1803.1,1035.4,0.574233,1,p:2.3.1.1.1.2
U1120,45,FUSE0,163302.7,163302.7,165141.0,1838.3,1838.3,941.0,0.511886,1,p:1.1.3.2.3.1
U1121,45,FUSE0,163379.9,163379.9,165183.0,1803.1,1803.1,941.0,0.521879,1,p:2.2.5.1.2.2
U1122,45,FUSE0,163418.7,163418.7,165262.2,1843.5,1843.5,941.0,0.510442,1,p:1.3.4.2.1.1
U1123,45,FUSE0,163500.7,163500.7,165299.0,1798.3,1798.3,941.0,0.523272,1,p:2.1.2.1.3.2
U1124,45,FUSE0,163534.7,163534.7,165378.2,1843.5,1843.5,941.0,0.510442,1,p:1.2.1.2.2.1
U1125,45,FUSE0,163616.7,163616.7,165419.8,1803.1,1803.1,941.0,0.521879,1,p:2.3.3.1.1.2
U1126,45,FUSE0,163687.1,163687.1,165494.2,1807.1,1807.1,941.0,0.520724,1,p:1.1.5.2.3.1
U1127,45,FUSE0,163732.7,163732.7,165535.8,1803.1,1803.1,941.0,0.521879,1,p:2.2.4.1.2.2
U1128,45,FUSE0,163803.1,163803.1,165615.0,1811.9,1811.9,941.0,0.519344,1,p:1.3.2.2.1.1
U1129,45,FUSE0,163881.9,163881.9,165651.8,1769.9,1769.9,941.0,0.531668,1,p:2.1.1.1.3.2
U1130,45,FUSE1,163919.1,163919.1,165731.0,1811.9,1811.9,1003.0,0.553563,1,p:1.2.3.2.2.1
U1131,45,FUSE1,163997.9,163997.9,165772.6,1774.7,1774.7,1003.0,0.565166,1,p:2.3.5.1.1.2
U1132,45,FUSE1,164039.9,164039.9,165847.0,1807.1,1807.1,1003.0,0.555033,1,p:1.1.4.2.3.1
U1133,45,FUSE1,164113.9,164113.9,165888.6,1774.7,1774.7,1003.0,0.565166,1,p:2.2.2.1.2.2
U1134,45,FUSE1,164155.9,164155.9,165967.8,1811.9,1811.9,1003.0,0.553563,1,p:1.3.1.2.1.1
U1135,45,FUSE1,164234.7,164234.7,166004.6,1769.9,1769.9,1003.0,0.566699,1,p:2.1.3.1.3.2
U1136,45,FUSE1,164271.9,164271.9,166083.8,1811.9,1811.9,1003.0,0.553563,1,p:1.2.5.2.2.1
U1137,45,FUSE1,164350.7,164350.7,166125.4,1774.7,1774.7,1003.0,0.565166,1,p:2.3.4.1.1.2
U1138,45,FUSE1,164392.7,164392.7,166199.8,1807.1,1807.1,1003.0,0.555033,1,p:1.1.2.2.3.1
U1139,45,FUSE2,164466.7,164466.7,166241.4,1774.7,1774.7,1035.4,0.583423,1,p:2.2.1.1.2.2
U1140,45,FUSE2,164508.7,164508.7,166320.6,1811.9,1811.9,1035.4,0.571444,1,p:1.3.3.2.1.1
U1141,45,FUSE2,164587.5,164587.5,166357.4,1769.9,1769.9,1035.4,0.585005,1,p:2.1.5.1.3.2
U1142,45,FUSE2,164624.7,164624.7,166436.6,1811.9,1811.9,1035.4,0.571444,1,p:1.2.4.2.2.1
U1143,45,FUSE2,164703.5,164703.5,166478.2,1774.7,1774.7,1035.4,0.583423,1,p:2.3.2.1.1.2
U1144,45,FUSE2,164745.5,164745.5,166552.6,1807.1,1807.1,1035.4,0.572962,1,p:1.1.1.2.3.1
U1145,45,FUSE2,164819.5,164819.5,166594.2,1774.7,1774.7,1035.4,0.583423,1,p:2.2.3.1.2.2
U1146,45,FUSE2,164861.5,164861.5,166673.4,1811.9,1811.9,1035.4,0.571444,1,p:1.3.5.2.1.1
U1147,45,FUSE2,164940.3,164940.3,166710.2,1769.9,1769.9,1035.4,0.585005,1,p:2.1.4.1.3.2
U1148,45,FUSE2,164977.5,164977.5,166831.0,1853.5,1853.5,1035.4,0.558619,1,p:1.2.2.1.1.2
U6335,253,FUSE0,165056.3,165056.3,166789.4,1733.1,1733.1,941.0,0.542958,1,p:2.3.1.2.2.1
U6336,253,FUSE0,165098.3,165098.3,166905.4,1807.1,1807.1,941.0,0.520724,1,p:1.1.3.2.3.1
U6337,253,FUSE0,165172.3,165172.3,166947.0,1774.7,1774.7,941.0,0.53023,1,p:2.2.5.1.2.2
U6338,253,FUSE0,165214.3,165214.3,167026.2,1811.9,1811.9,941.0,0.519344,1,p:1.3.4.2.1.1
U6339,253,FUSE0,165293.5,165293.5,167063.0,1769.5,1769.5,941.0,0.531789,1,p:2.1.1.1.3.2
U6340,253,FUSE0,165330.3,165330.3,167142.2,1811.9,1811.9,941.0,0.519344,1,p:1.2.2.2.2.1
U6341,253,FUSE0,165409.5,165409.5,167183.8,1774.3,1774.3,941.0,0.53035,1,p:2.3.3.1.1.2
U6342,253,FUSE0,165451.1,165451.1,167258.2,1807.1,1807.1,941.0,0.520724,1,p:1.1.5.2.3.1
U6343,253,FUSE1,165525.5,165525.5,167299.8,1774.3,1774.3,1003.0,0.565293,1,p:2.2.4.1.2.2
U6344,253,FUSE1,165567.1,165567.1,167379.0,1811.9,1811.9,1003.0,0.553563,1,p:1.3.1.2.1.1
U6345,253,FUSE1,165646.3,165646.3,167415.8,1769.5,1769.5,1003.0,0.566827,1,p:2.1.2.1.3.2
U6346,253,FUSE1,165683.1,165683.1,167495.0,1811.9,1811.9,1003.0,0.553563,1,p:1.2.3.2.2.1
U6347,253,FUSE1,165762.3,165762.3,167536.6,1774.3,1774.3,1003.0,0.565293,1,p:2.3.5.1.1.2
U6348,253,FUSE1,165803.9,165803.9,167611.0,1807.1,1807.1,1003.0,0.555033,1,p:1.1.4.2.3.1
U6349,253,FUSE1,165878.3,165878.3,167652.6,1774.3,1774.3,1003.0,0.565293,1,p:2.2.1.1.2.2
U6350,253,FUSE1,165919.9,165919.9,167731.8,1811.9,1811.9,1003.0,0.553563,1,p:1.3.2.2.1.1
U6351,253,FUSE1,165999.1,165999.1,167768.6,1769.5,1769.5,1003.0,0.566827,1,p:2.1.3.1.3.2
U6352,253,FUSE2,166035.9,166035.9,167847.8,1811.9,1811.9,1035.4,0.571444,1,p:1.2.5.2.2.1
U6353,253,FUSE2,166115.1,166115.1,167889.4,1774.3,1774.3,1035.4,0.583554,1,p:2.3.4.1.1.2
U6354,253,FUSE2,166156.7,166156.7,167963.8,1807.1,1807.1,1035.4,0.572962,1,p:1.1.1.2.3.1
U6355,253,FUSE2,166231.1,166231.1,168005.4,1774.3,1774.3,1035.4,0.583554,1,p:2.2.2.1.2.2
U6356,253,FUSE2,166272.7,166272.7,168084.6,1811.9,1811.9,1035.4,0.571444,1,p:1.3.3.2.1.1
U6357,253,FUSE2,166351.9,166351.9,168121.4,1769.5,1769.5,1035.4,0.585137,1,p:2.1.5.1.3.2
U6358,253,FUSE2,166388.7,166388.7,168200.6,1811.9,1811.9,1035.4,0.571444,1,p:1.2.4.2.2.1
U6359,253,FUSE2,166467.9,166467.9,168316.6,1848.7,1848.7,1035.4,0.560069,1,p:2.3.1.2.3.1
U6360,253,FUSE2,166509.5,166509.5,168448.2,1938.7,1938.7,1035.4,0.534069,1,p:1.1.2.2.1.1
U6005,240,FUSE0,166583.9,166583.9,168245.0,1661.1,1661.1,941.0,0.566492,1,p:2.2.3.1.1.2
U6006,240,FUSE0,166625.5,166625.5,168361.0,1735.5,1735.5,941.0,0.542207,1,p:1.3.5.1.2.2
U6007,240,FUSE0,166704.7,166704.7,168477.0,1772.3,1772.3,941.0,0.530948,1,p:2.1.4.1.3.2
U6008,240,FUSE0,166741.5,166741.5,168564.2,1822.7,1822.7,941.0,0.516267,1,p:1.2.3.2.2.1
U6009,240,FUSE0,166820.7,166820.7,168603.0,1782.3,1782.3,941.0,0.527969,1,p:2.3.1.1.1.2
U6010,240,FUSE0,166862.3,166862.3,168680.2,1817.9,1817.9,941.0,0.51763,1,p:1.1.5.2.3.1
U6011,240,FUSE0,166936.7,166936.7,168719.0,1782.3,1782.3,941.0,0.527969,1,p:2.2.2.1.2.2
U6012,240,FUSE0,166978.3,166978.3,168801.0,1822.7,1822.7,941.0,0.516267,1,p:1.3.4.2.1.1
U6013,240,FUSE1,167057.5,167057.5,168835.0,1777.5,1777.5,1003.0,0.564276,1,p:2.1.3.1.3.2
U6014,240,FUSE1,167094.3,167094.3,168917.0,1822.7,1822.7,1003.0,0.550283,1,p:1.2.1.2.2.1
U6015,240,FUSE1,167173.5,167173.5,168955.8,1782.3,1782.3,1003.0,0.562756,1,p:2.3.5.1.1.2
U6016,240,FUSE1,167215.1,167215.1,169033.0,1817.9,1817.9,1003.0,0.551736,1,p:1.1.2.2.3.1
U6017,240,FUSE1,167289.5,167289.5,169071.8,1782.3,1782.3,1003.0,0.562756,1,p:2.2.4.1.2.2
U6018,240,FUSE1,167331.1,167331.1,169153.8,1822.7,1822.7,1003.0,0.550283,1,p:1.3.3.2.1.1
U6019,240,FUSE1,167410.3,167410.3,169187.8,1777.5,1777.5,1003.0,0.564276,1,p:2.1.1.1.3.2
U6020,240,FUSE1,167447.1,167447.1,169269.8,1822.7,1822.7,1003.0,0.550283,1,p:1.2.5.2.2.1
U6021,240,FUSE2,167526.3,167526.3,169308.6,1782.3,1782.3,1035.4,0.580935,1,p:2.3.2.1.1.2
U6022,240,FUSE2,167567.9,167567.9,169385.8,1817.9,1817.9,1035.4,0.569558,1,p:1.1.4.2.3.1
U6023,240,FUSE2,167642.3,167642.3,169424.6,1782.3,1782.3,1035.4,0.580935,1,p:2.2.3.1.2.2
U6024,240,FUSE2,167683.9,167683.9,169506.6,1822.7,1822.7,1035.4,0.568058,1,p:1.3.1.2.1.1
U6025,240,FUSE2,167763.1,167763.1,169540.6,1777.5,1777.5,1035.4,0.582504,1,p:2.1.5.1.3.2
U6026,240,FUSE2,167799.9,167799.9,169622.6,1822.7,1822.7,1035.4,0.568058,1,p:1.2.2.2.2.1
U6027,240,FUSE2,167879.1,167879.1,169673.0,1793.9,1793.9,1035.4,0.577178,1,p:2.3.4.1.1.2
U6028,240,FUSE2,167920.7,167920.7,169867.8,1947.1,1947.1,1035.4,0.531765,1,p:1.1.3.2.1.1
U8250,330,FUSE0,167995.1,167995.1,169738.6,1743.5,1743.5,941.0,0.539719,1,p:2.2.1.2.3.1
U8251,330,FUSE0,168036.7,168036.7,169905.0,1868.3,1868.3,941.0,0.503666,1,p:1.3.5.1.3.2
U8252,330,FUSE0,168115.9,168115.9,169789.0,1673.1,1673.1,941.0,0.562429,1,p:2.1.2.1.2.2
U8253,330,FUSE0,168152.7,168152.7,169983.8,1831.1,1831.1,941.0,0.513899,1,p:1.2.4.2.2.1
U8254,330,FUSE0,168231.9,168231.9,170025.8,1793.9,1793.9,941.0,0.524555,1,p:2.3.1.1.1.2
U8255,330,FUSE0,168276.3,168276.3,170220.6,1944.3,1944.3,941.0,0.483979,1,p:1.1.5.2.1.1
U8256,330,FUSE0,168347.9,168347.9,170141.8,1793.9,1793.9,941.0,0.524555,1,p:2.2.3.1.2.2
U8257,330,FUSE0,168392.3,168392.3,170099.8,1707.5,1707.5,941.0,0.551098,1,p:1.3.2.2.3.1
U8258,330,FUSE0,168479.5,168479.5,170257.8,1778.3,1778.3,941.0,0.529157,1,p:2.1.4.1.3.2
U8259,330,FUSE1,168508.3,168508.3,170336.6,1828.3,1828.3,1003.0,0.548597,1,p:1.2.1.2.2.1
U8260,330,FUSE1,168595.5,168595.5,170494.6,1899.1,1899.1,1003.0,0.528145,1,p:2.3.5.1.2.2
U8261,330,FUSE1,168634.3,168634.3,170452.6,1818.3,1818.3,1003.0,0.551614,1,p:1.1.3.2.3.1
U8262,330,FUSE1,168711.5,168711.5,170378.6,1667.1,1667.1,1003.0,0.601644,1,p:2.2.2.1.1.2
U8263,330,FUSE1,168750.3,168750.3,170573.4,1823.1,1823.1,1003.0,0.550162,1,p:1.3.4.2.1.1
U8264,330,FUSE1,168832.3,168832.3,170610.6,1778.3,1778.3,1003.0,0.564022,1,p:2.1.1.1.3.2
U8265,330,FUSE1,168866.3,168866.3,170805.4,1939.1,1939.1,1003.0,0.51725,1,p:1.2.5.2.3.1
U8266,330,FUSE1,168948.3,168948.3,170731.4,1783.1,1783.1,1003.0,0.562504,1,p:2.3.3.1.1.2
U8267,330,FUSE1,168987.1,168987.1,170689.4,1702.3,1702.3,1003.0,0.589203,1,p:1.1.2.2.2.1
U8268,330,FUSE2,169064.3,169064.3,170847.4,1783.1,1783.1,1035.4,0.580674,1,p:2.2.4.1.2.2
U8269,330,FUSE2,169103.1,169103.1,170926.2,1823.1,1823.1,1035.4,0.567934,1,p:1.3.1.2.1.1
U8270,330,FUSE2,169185.1,169185.1,171091.4,1906.3,1906.3,1035.4,0.543146,1,p:2.1.5.1.1.2
U8271,330,FUSE2,169219.1,169219.1,171042.2,1823.1,1823.1,1035.4,0.567934,1,p:1.2.3.2.2.1
U8272,330,FUSE2,169301.1,169301.1,170963.4,1662.3,1662.3,1035.4,0.622872,1,p:2.3.2.1.3.2
U8273,330,FUSE2,169339.9,169339.9,171158.2,1818.3,1818.3,1035.4,0.569433,1,p:1.1.4.2.3.1
U8274,330,FUSE2,169417.1,169417.1,171286.2,1869.1,1869.1,1035.4,0.553956,1,p:2.2.1.2.1.1
U8275,330,FUSE2,169455.9,169455.9,171323.4,1867.5,1867.5,1035.4,0.554431,1,p:1.3.5.1.3.2
U8276,330,FUSE2,169537.9,169537.9,171402.2,1864.3,1864.3,1035.4,0.555383,1,p:2.1.3.2.2.1
U6128,245,FUSE0,169571.9,169571.9,171207.4,1635.5,1635.5,941.0,0.575359,1,p:1.2.2.1.2.2
U6129,245,FUSE0,169653.9,169653.9,171452.6,1798.7,1798.7,941.0,0.523156,1,p:2.3.4.1.1.2
U6130,245,FUSE0,169704.3,169704.3,171518.2,1813.9,1813.9,941.0,0.518772,1,p:1.1.2.2.3.1
U6131,245,FUSE0,169769.9,169769.9,171568.6,1798.7,1798.7,941.0,0.523156,1,p:2.2.1.1.2.2
U6132,245,FUSE0,169820.3,169820.3,171647.4,1827.1,1827.1,941.0,0.515024,1,p:1.3.5.2.1.1
U6133,245,FUSE0,169899.1,169899.1,171684.6,1785.5,1785.5,941.0,0.527023,1,p:2.1.3.1.3.2
U6134,245,FUSE0,169936.3,169936.3,171763.4,1827.1,1827.1,941.0,0.515024,1,p:1.2.4.2.2.1
U6135,245,FUSE0,170015.1,170015.1,171805.4,1790.3,1790.3,941.0,0.52561,1,p:2.3.2.1.1.2
U6136,245,FUSE1,170057.1,170057.1,171879.4,1822.3,1822.3,1003.0,0.550403,1,p:1.1.1.2.3.1
U6137,245,FUSE1,170131.1,170131.1,171921.4,1790.3,1790.3,1003.0,0.560241,1,p:2.2.5.1.2.2
U6138,245,FUSE1,170173.1,170173.1,172000.2,1827.1,1827.1,1003.0,0.548957,1,p:1.3.3.2.1.1
U6139,245,FUSE1,170251.9,170251.9,172037.4,1785.5,1785.5,1003.0,0.561747,1,p:2.1.4.1.3.2
U6140,245,FUSE1,170289.1,170289.1,172116.2,1827.1,1827.1,1003.0,0.548957,1,p:1.2.2.2.2.1
U6141,245,FUSE1,170367.9,170367.9,172158.2,1790.3,1790.3,1003.0,0.560241,1,p:2.3.1.1.1.2
U6142,245,FUSE1,170409.9,170409.9,172232.2,1822.3,1822.3,1003.0,0.550403,1,p:1.1.5.2.3.1
U6143,245,FUSE1,170483.9,170483.9,172274.2,1790.3,1790.3,1003.0,0.560241,1,p:2.2.3.1.2.2
U6144,245,FUSE2,170525.9,170525.9,172353.0,1827.1,1827.1,1035.4,0.56669,1,p:1.3.4.2.1.1
U6145,245,FUSE2,170604.7,170604.7,172390.2,1785.5,1785.5,1035.4,0.579894,1,p:2.1.2.1.3.2
U6146,245,FUSE2,170641.9,170641.9,172469.0,1827.1,1827.1,1035.4,0.56669,1,p:1.2.1.2.2.1
U6147,245,FUSE2,170720.7,170720.7,172515.4,1794.7,1794.7,1035.4,0.576921,1,p:2.3.5.1.1.2
U6148,245,FUSE2,170762.7,170762.7,172585.0,1822.3,1822.3,1035.4,0.568183,1,p:1.1.3.2.3.1
U6149,245,FUSE2,170836.7,170836.7,172631.4,1794.7,1794.7,1035.4,0.576921,1,p:2.2.4.1.2.2
U6150,245,FUSE2,170878.7,170878.7,172710.2,1831.5,1831.5,1035.4,0.565329,1,p:1.3.2.2.1.1
U6151,245,FUSE2,170957.5,170957.5,172747.4,1789.9,1789.9,1035.4,0.578468,1,p:2.1.1.1.3.2
U6900,276,FUSE0,170994.7,170994.7,172868.2,1873.5,1873.5,941.0,0.502268,1,p:1.2.5.1.1.2
U6901,276,FUSE0,171073.5,171073.5,172826.2,1752.7,1752.7,941.0,0.536886,1,p:2.3.3.2.2.1
U6902,276,FUSE0,171122.7,171122.7,172942.2,1819.5,1819.5,941.0,0.517175,1,p:1.1.4.2.3.1
U6903,276,FUSE0,171189.5,171189.5,172984.2,1794.7,1794.7,941.0,0.524322,1,p:2.2.2.1.2.2
U6904,276,FUSE0,171238.7,171238.7,173179.0,1940.3,1940.3,941.0,0.484977,1,p:1.3.5.2.2.1
U6905,276,FUSE0,171317.5,171317.5,173100.2,1782.7,1782.7,941.0,0.527851,1,p:2.1.3.1.3.2
U6906,276,FUSE0,171354.7,171354.7,173063.0,1708.3,1708.3,941.0,0.55084,1,p:1.2.1.2.1.1
U6907,276,FUSE0,171433.5,171433.5,173221.0,1787.5,1787.5,941.0,0.526434,1,p:2.3.4.1.1.2
U6908,276,FUSE0,171483.9,171483.9,173295.0,1811.1,1811.1,941.0,0.519574,1,p:1.1.2.2.3.1
U6909,276,FUSE1,171549.5,171549.5,173453.0,1903.5,1903.5,1003.0,0.526924,1,p:2.2.5.1.3.2
U6910,276,FUSE1,171599.9,171599.9,173415.8,1815.9,1815.9,1003.0,0.552343,1,p:1.3.3.2.1.1
U6911,276,FUSE1,171678.7,171678.7,173337.0,1658.3,1658.3,1003.0,0.604836,1,p:2.1.1.1.2.2
U6912,276,FUSE1,171715.9,171715.9,173531.8,1815.9,1815.9,1003.0,0.552343,1,p:1.2.4.2.2.1
U6913,276,FUSE1,171794.7,171794.7,173573.8,1779.1,1779.1,1003.0,0.563768,1,p:2.3.2.1.1.2
U6914,276,FUSE1,171836.7,171836.7,173768.6,1931.9,1931.9,1003.0,0.519178,1,p:1.1.5.2.1.1
U6915,276,FUSE1,171910.7,171910.7,173689.8,1779.1,1779.1,1003.0,0.563768,1,p:2.2.3.1.2.2
U6916,276,FUSE1,171952.7,171952.7,173647.8,1695.1,1695.1,1003.0,0.591706,1,p:1.3.1.2.3.1
U6917,276,FUSE1,172031.5,172031.5,173805.8,1774.3,1774.3,1003.0,0.565293,1,p:2.1.4.1.3.2
U6918,276,FUSE2,172068.7,172068.7,173884.6,1815.9,1815.9,1035.4,0.570186,1,p:1.2.2.2.2.1
U6919,276,FUSE2,172147.5,172147.5,174042.6,1895.1,1895.1,1035.4,0.546356,1,p:2.3.5.1.2.2
U6920,276,FUSE2,172189.5,172189.5,174000.6,1811.1,1811.1,1035.4,0.571697,1,p:1.1.3.2.3.1
U6921,276,FUSE2,172263.5,172263.5,173926.6,1663.1,1663.1,1035.4,0.622572,1,p:2.2.1.1.1.2
U6922,276,FUSE2,172305.5,172305.5,174121.4,1815.9,1815.9,1035.4,0.570186,1,p:1.3.4.2.1.1
U6923,276,FUSE2,172384.3,172384.3,174158.6,1774.3,1774.3,1035.4,0.583554,1,p:2.1.2.1.3.2
U6924,276,FUSE2,172421.5,172421.5,174375.4,1953.9,1953.9,1035.4,0.529915,1,p:1.2.5.1.3.1
U6925,276,FUSE2,172500.3,172500.3,174276.2,1775.9,1775.9,1035.4,0.583028,1,p:2.3.3.2.1.2
U6926,276,FUSE2,172546.7,172546.7,174259.4,1712.7,1712.7,1035.4,0.604543,1,p:1.1.1.1.2.1
U1440,58,FUSE0,172616.3,172616.3,174414.2,1797.9,1797.9,941.0,0.523388,1,p:2.2.4.2.2.2
U1441,58,FUSE0,172662.7,172662.7,174511.8,1849.1,1849.1,941.0,0.508896,1,p:1.3.2.2.3.1
U1442,58,FUSE0,172741.5,172741.5,174627.8,1886.3,1886.3,941.0,0.49886,1,p:2.1.5.1.2.1
U1443,58,FUSE0,172778.7,172778.7,174808.2,2029.5,2029.5,941.0,0.463661,1,p:1.2.4.2.2.2
U1444,58,FUSE0,172857.5,172857.5,174530.2,1672.7,1672.7,941.0,0.562564,1,p:2.3.3.1.1.2
U1445,58,FUSE0,172899.5,172899.5,174692.2,1792.7,1792.7,941.0,0.524907,1,p:1.1.1.2.1.2
U1446,58,FUSE0,172973.5,172973.5,174743.8,1770.3,1770.3,941.0,0.531548,1,p:2.2.2.1.3.1
U1447,58,FUSE0,173015.5,173015.5,174924.2,1908.7,1908.7,941.0,0.493006,1,p:1.3.5.2.3.2
U1448,58,FUSE1,173094.3,173094.3,175006.2,1911.9,1911.9,1003.0,0.524609,1,p:2.1.4.1.2.1
U1449,58,FUSE1,173131.5,173131.5,175045.0,1913.5,1913.5,1003.0,0.52417,1,p:1.2.3.2.1.2
U1450,58,FUSE1,173210.3,173210.3,174890.2,1679.9,1679.9,1003.0,0.597059,1,p:2.3.1.1.1.1
U1451,58,FUSE1,173252.3,173252.3,175161.0,1908.7,1908.7,1003.0,0.525489,1,p:1.1.2.2.2.2
U1452,58,FUSE1,173326.3,173326.3,175122.2,1795.9,1795.9,1003.0,0.558494,1,p:2.2.5.1.3.1
U1453,58,FUSE1,173368.3,173368.3,175397.8,2029.5,2029.5,1003.0,0.49421,1,p:1.3.4.2.1.2
U1454,58,FUSE1,173447.1,173447.1,175243.0,1795.9,1795.9,1003.0,0.558494,1,p:2.1.3.1.1.1
U1455,58,FUSE1,173484.3,173484.3,175277.0,1792.7,1792.7,1003.0,0.559491,1,p:1.2.1.2.3.2
U1456,58,FUSE2,173563.1,173563.1,175359.0,1795.9,1795.9,1035.4,0.576535,1,p:2.3.2.1.2.1
U1457,58,FUSE2,173605.1,173605.1,175513.8,1908.7,1908.7,1035.4,0.542463,1,p:1.1.5.2.2.2
U1458,58,FUSE2,173679.1,173679.1,175595.8,1916.7,1916.7,1035.4,0.540199,1,p:2.2.4.1.1.1
U1459,58,FUSE2,173721.1,173721.1,175629.8,1908.7,1908.7,1035.4,0.542463,1,p:1.3.3.2.3.2
U1460,58,FUSE2,173799.9,173799.9,175475.0,1675.1,1675.1,1035.4,0.618112,1,p:2.1.1.1.3.1
U1461,58,FUSE2,173837.1,173837.1,175711.8,1874.7,1874.7,1035.4,0.552302,1,p:1.2.2.2.2.1
U1462,58,FUSE2,173915.9,173915.9,175758.6,1842.7,1842.7,1035.4,0.561893,1,p:2.3.5.1.1.2
U1463,58,FUSE2,173957.9,173957.9,175874.6,1916.7,1916.7,1035.4,0.540199,1,p:1.1.4.1.2.2
U1464,58,FUSE2,174031.9,174031.9,175953.4,1921.5,1921.5,1035.4,0.53885,1,p:2.2.3.2.1.1
U2500,101,FUSE0,174073.9,174073.9,175827.8,1753.9,1753.9,941.0,0.536519,1,p:1.3.1.2.3.1
U2501,101,FUSE0,174152.7,174152.7,175990.6,1837.9,1837.9,941.0,0.511997,1,p:2.1.2.1.3.2
U2502,101,FUSE0,174189.9,174189.9,176069.4,1879.5,1879.5,941.0,0.500665,1,p:1.2.5.2.2.1
U2503,101,FUSE0,174290.7,174290.7,176111.4,1820.7,1820.7,941.0,0.516834,1,p:2.3.1.1.1.2
U2504,101,FUSE0,174307.5,174307.5,176185.4,1877.9,1877.9,941.0,0.501092,1,p:1.1.4.2.3.1
U2505,101,FUSE0,174406.7,174406.7,176227.4,1820.7,1820.7,941.0,0.516834,1,p:2.2.3.1.2.2
U2506,101,FUSE0,174445.5,174445.5,176306.2,1860.7,1860.7,941.0,0.505724,1,p:1.3.2.2.1.1
U2507,101,FUSE0,174543.1,174543.1,176343.4,1800.3,1800.3,941.0,0.522691,1,p:2.1.5.1.3.2
U2508,101,FUSE1,174561.5,174561.5,176422.2,1860.7,1860.7,1003.0,0.539044,1,p:1.2.1.2.2.1
U2509,101,FUSE1,174659.1,174659.1,176464.2,1805.1,1805.1,1003.0,0.555648,1,p:2.3.4.1.1.2
U2510,101,FUSE1,174723.5,174723.5,176538.2,1814.7,1814.7,1003.0,0.552708,1,p:1.1.3.2.3.1
U2511,101,FUSE1,174775.1,174775.1,176580.2,1805.1,1805.1,1003.0,0.555648,1,p:2.2.2.1.2.2
U2512,101,FUSE1,174839.5,174839.5,176659.0,1819.5,1819.5,1003.0,0.55125,1,p:1.3.5.2.1.1
U2513,101,FUSE1,174921.5,174921.5,176696.2,1774.7,1774.7,1003.0,0.565166,1,p:2.1.1.1.3.2
U2514,101,FUSE1,174955.5,174955.5,176775.0,1819.5,1819.5,1003.0,0.55125,1,p:1.2.4.2.2.1
U2515,101,FUSE1,175037.5,175037.5,176817.0,1779.5,1779.5,1003.0,0.563641,1,p:2.3.3.1.1.2
U2516,101,FUSE2,175076.3,175076.3,176891.0,1814.7,1814.7,1035.4,0.570563,1,p:1.1.2.2.3.1
U2517,101,FUSE2,175153.5,175153.5,176933.0,1779.5,1779.5,1035.4,0.581849,1,p:2.2.5.1.2.2
U2518,101,FUSE2,175192.3,175192.3,177011.8,1819.5,1819.5,1035.4,0.569057,1,p:1.3.1.2.1.1
U2519,101,FUSE2,175274.3,175274.3,177049.0,1774.7,1774.7,1035.4,0.583423,1,p:2.1.4.1.3.2
U2520,101,FUSE2,175308.3,175308.3,177127.8,1819.5,1819.5,1035.4,0.569057,1,p:1.2.3.2.2.1
U2521,101,FUSE2,175390.3,175390.3,177169.8,1779.5,1779.5,1035.4,0.581849,1,p:2.3.2.1.1.2
U2522,101,FUSE2,175429.1,175429.1,177243.8,1814.7,1814.7,1035.4,0.570563,1,p:1.1.5.2.3.1
U2523,101,FUSE2,175506.3,175506.3,177365.0,1858.7,1858.7,1035.4,0.557056,1,p:2.2.1.2.1.1
U2524,101,FUSE2,175545.1,175545.1,177401.8,1856.7,1856.7,1035.4,0.557656,1,p:1.3.4.1.3.2
U8277,331,FUSE0,175627.1,175627.1,177285.8,1658.7,1658.7,941.0,0.567312,1,p:2.1.3.1.2.2
U8278,331,FUSE0,175661.1,175661.1,177481.0,1819.9,1819.9,941.0,0.517061,1,p:1.2.2.2.2.1
U8279,331,FUSE0,175743.1,175743.1,177522.6,1779.5,1779.5,941.0,0.5288,1,p:2.3.5.1.1.2
U8280,331,FUSE0,175789.9,175789.9,177597.0,1807.1,1807.1,941.0,0.520724,1,p:1.1.3.2.3.1
U8281,331,FUSE0,175859.1,175859.1,177638.6,1779.5,1779.5,941.0,0.5288,1,p:2.2.1.1.2.2
U8282,331,FUSE0,175905.9,175905.9,177717.8,1811.9,1811.9,941.0,0.519344,1,p:1.3.4.2.1.1
U8283,331,FUSE0,175984.7,175984.7,177754.6,1769.9,1769.9,941.0,0.531668,1,p:2.1.2.1.3.2
U8284,331,FUSE0,176021.9,176021.9,177833.8,1811.9,1811.9,941.0,0.519344,1,p:1.2.5.2.2.1
U8285,331,FUSE1,176100.7,176100.7,177875.4,1774.7,1774.7,1003.0,0.565166,1,p:2.3.3.1.1.2
U8286,331,FUSE1,176142.7,176142.7,177949.8,1807.1,1807.1,1003.0,0.555033,1,p:1.1.1.2.3.1
U8287,331,FUSE1,176216.7,176216.7,177991.4,1774.7,1774.7,1003.0,0.565166,1,p:2.2.4.1.2.2
U8288,331,FUSE1,176258.7,176258.7,178070.6,1811.9,1811.9,1003.0,0.553563,1,p:1.3.2.2.1.1
U8289,331,FUSE1,176337.5,176337.5,178107.4,1769.9,1769.9,1003.0,0.566699,1,p:2.1.5.1.3.2
U8290,331,FUSE1,176374.7,176374.7,178186.6,1811.9,1811.9,1003.0,0.553563,1,p:1.2.3.2.2.1
U8291,331,FUSE1,176453.5,176453.5,178228.2,1774.7,1774.7,1003.0,0.565166,1,p:2.3.1.1.1.2
U8292,331,FUSE1,176495.5,176495.5,178302.6,1807.1,1807.1,1003.0,0.555033,1,p:1.1.4.2.3.1
U8293,331,FUSE2,176569.5,176569.5,178344.2,1774.7,1774.7,1035.4,0.583423,1,p:2.2.2.1.2.2
U8294,331,FUSE2,176611.5,176611.5,178423.4,1811.9,1811.9,1035.4,0.571444,1,p:1.3.5.2.1.1
U8295,331,FUSE2,176690.3,176690.3,178460.2,1769.9,1769.9,1035.4,0.585005,1,p:2.1.3.1.3.2
U8296,331,FUSE2,176727.5,176727.5,178539.4,1811.9,1811.9,1035.4,0.571444,1,p:1.2.1.2.2.1
U8297,331,FUSE2,176806.3,176806.3,178581.0,1774.7,1774.7,1035.4,0.583423,1,p:2.3.4.1.1.2
U8298,331,FUSE2,176848.3,176848.3,178655.4,1807.1,1807.1,1035.4,0.572962,1,p:1.1.2.2.3.1
U8299,331,FUSE2,176922.3,176922.3,178697.0,1774.7,1774.7,1035.4,0.583423,1,p:2.2.5.1.2.2
U8300,331,FUSE2,176964.3,176964.3,178813.0,1848.7,1848.7,1035.4,0.560069,1,p:1.3.3.1.3.2
U8301,331,FUSE2,177043.1,177043.1,178779.8,1736.7,1736.7,1035.4,0.596188,1,p:2.1.1.2.1.1
U8175,327,FUSE0,177080.3,177080.3,178895.8,1815.5,1815.5,941.0,0.518315,1,p:1.2.4.2.2.1
U8176,327,FUSE0,177159.1,177159.1,178934.6,1775.5,1775.5,941.0,0.529992,1,p:2.3.2.1.1.2
U8177,327,FUSE0,177201.1,177201.1,179011.8,1810.7,1810.7,941.0,0.519689,1,p:1.1.5.2.3.1
U8178,327,FUSE0,177275.1,177275.1,179166.6,1891.5,1891.5,941.0,0.497489,1,p:2.2.4.1.3.2
U8179,327,FUSE0,177317.1,177317.1,179132.6,1815.5,1815.5,941.0,0.518315,1,p:1.3.3.2.1.1
U8180,327,FUSE0,177396.3,177396.3,179050.6,1654.3,1654.3,941.0,0.568821,1,p:2.1.1.1.2.2
U8181,327,FUSE0,177433.1,177433.1,179248.6,1815.5,1815.5,941.0,0.518315,1,p:1.2.2.2.2.1
U8182,327,FUSE0,177512.3,177512.3,179287.4,1775.1,1775.1,941.0,0.530111,1,p:2.3.5.1.1.2
U8183,327,FUSE1,177553.9,177553.9,179485.4,1931.5,1931.5,1003.0,0.519286,1,p:1.1.4.2.1.1
U8184,327,FUSE1,177628.3,177628.3,179403.4,1775.1,1775.1,1003.0,0.565039,1,p:2.2.3.1.2.2
U8185,327,FUSE1,177669.9,177669.9,179364.6,1694.7,1694.7,1003.0,0.591845,1,p:1.3.1.2.3.1
U8186,327,FUSE1,177749.1,177749.1,179519.4,1770.3,1770.3,1003.0,0.566571,1,p:2.1.2.1.3.2
U8187,327,FUSE1,177785.9,177785.9,179601.4,1815.5,1815.5,1003.0,0.552465,1,p:1.2.5.2.2.1
U8188,327,FUSE1,177865.1,177865.1,179756.2,1891.1,1891.1,1003.0,0.530379,1,p:2.3.4.1.2.2
U8189,327,FUSE1,177906.7,177906.7,179717.4,1810.7,1810.7,1003.0,0.553929,1,p:1.1.3.2.3.1
U8190,327,FUSE1,177981.1,177981.1,179640.2,1659.1,1659.1,1003.0,0.604545,1,p:2.2.1.1.1.2
U8191,327,FUSE2,178022.7,178022.7,179838.2,1815.5,1815.5,1035.4,0.570311,1,p:1.3.2.2.1.1
U8192,327,FUSE2,178101.9,178101.9,179872.2,1770.3,1770.3,1035.4,0.584873,1,p:2.1.5.1.3.2
U8193,327,FUSE2,178138.7,178138.7,180070.2,1931.5,1931.5,1035.4,0.53606,1,p:1.2.4.2.3.1
U8194,327,FUSE2,178217.9,178217.9,179993.0,1775.1,1775.1,1035.4,0.583291,1,p:2.3.3.1.1.2
U8195,327,FUSE2,178259.5,178259.5,179954.2,1694.7,1694.7,1035.4,0.610964,1,p:1.1.1.2.2.1
U8196,327,FUSE2,178333.9,178333.9,180109.0,1775.1,1775.1,1035.4,0.583291,1,p:2.2.2.1.2.2
U8197,327,FUSE2,178375.5,178375.5,180207.8,1832.3,1832.3,1035.4,0.565082,1,p:1.3.5.2.1.1
U3961,159,FUSE0,178454.7,178454.7,180362.6,1907.9,1907.9,941.0,0.493212,1,p:2.1.4.1.1.2
U3962,159,FUSE0,178491.5,178491.5,180323.8,1832.3,1832.3,941.0,0.513562,1,p:1.2.3.2.2.1
U3963,159,FUSE0,178570.7,178570.7,180225.0,1654.3,1654.3,941.0,0.568821,1,p:2.3.1.1.3.2
U3964,159,FUSE0,178612.3,178612.3,180439.8,1827.5,1827.5,941.0,0.514911,1,p:1.1.2.2.3.1
U3965,159,FUSE0,178686.7,178686.7,180478.6,1791.9,1791.9,941.0,0.525141,1,p:2.2.5.1.2.2
U3966,159,FUSE0,178728.3,178728.3,180676.6,1948.3,1948.3,941.0,0.482985,1,p:1.3.4.2.2.1
U3967,159,FUSE0,178811.1,178811.1,180594.6,1783.5,1783.5,941.0,0.527614,1,p:2.1.3.1.3.2
U3968,159,FUSE0,178844.3,178844.3,180560.6,1716.3,1716.3,941.0,0.548272,1,p:1.2.1.2.1.1
U3969,159,FUSE1,178927.1,178927.1,180715.4,1788.3,1788.3,1003.0,0.560868,1,p:2.3.2.1.1.2
U3970,159,FUSE1,178965.9,178965.9,180792.6,1826.7,1826.7,1003.0,0.549078,1,p:1.1.5.2.3.1
U3971,159,FUSE1,179043.1,179043.1,180947.4,1904.3,1904.3,1003.0,0.526703,1,p:2.2.4.1.3.2
U3972,159,FUSE1,179081.9,179081.9,180913.4,1831.5,1831.5,1003.0,0.547639,1,p:1.3.3.2.1.1
U3973,159,FUSE1,179163.9,179163.9,180831.4,1667.5,1667.5,1003.0,0.601499,1,p:2.1.1.1.2.2
U3974,159,FUSE1,179197.9,179197.9,181029.4,1831.5,1831.5,1003.0,0.547639,1,p:1.2.2.2.2.1
U3975,159,FUSE1,179279.9,179279.9,181068.2,1788.3,1788.3,1003.0,0.560868,1,p:2.3.5.1.1.2
U3976,159,FUSE2,179318.7,179318.7,181266.2,1947.5,1947.5,1035.4,0.531656,1,p:1.1.4.2.1.1
U3977,159,FUSE2,179395.9,179395.9,181184.2,1788.3,1788.3,1035.4,0.578986,1,p:2.2.3.1.2.2
U3978,159,FUSE2,179434.7,179434.7,181145.4,1710.7,1710.7,1035.4,0.605249,1,p:1.3.1.2.3.1
U3979,159,FUSE2,179516.7,179516.7,181300.2,1783.5,1783.5,1035.4,0.580544,1,p:2.1.2.1.3.2
U3980,159,FUSE2,179550.7,179550.7,181382.2,1831.5,1831.5,1035.4,0.565329,1,p:1.2.5.2.2.1
U3981,159,FUSE2,179632.7,179632.7,181537.4,1904.7,1904.7,1035.4,0.543603,1,p:2.3.4.1.2.2
U3982,159,FUSE2,179671.5,179671.5,181498.2,1826.7,1826.7,1035.4,0.566814,1,p:1.1.3.2.3.1
U3983,159,FUSE2,179748.7,179748.7,181421.4,1672.7,1672.7,1035.4,0.618999,1,p:2.2.1.1.1.2
U356,15,FUSE0,179787.5,179787.5,181619.0,1831.5,1831.5,941.0,0.513787,1,p:1.3.2.2.1.1
U357,15,FUSE0,179869.5,179869.5,181653.4,1783.9,1783.9,941.0,0.527496,1,p:2.1.5.1.3.2
U358,15,FUSE0,179903.5,179903.5,181851.0,1947.5,1947.5,941.0,0.483184,1,p:1.2.4.2.3.1
U359,15,FUSE0,179985.5,179985.5,181774.2,1788.7,1788.7,941.0,0.52608,1,p:2.3.3.1.1.2
U360,15,FUSE0,180024.3,180024.3,181735.0,1710.7,1710.7,941.0,0.550067,1,p:1.1.1.2.2.1
U361,15,FUSE0,180101.5,180101.5,181890.2,1788.7,1788.7,941.0,0.52608,1,p:2.2.2.1.2.2
U362,15,FUSE0,180140.3,180140.3,181971.8,1831.5,1831.5,941.0,0.513787,1,p:1.3.5.2.1.1
U363,15,FUSE0,180239.1,180239.1,182127.0,1887.9,1887.9,941.0,0.498437,1,p:2.1.4.1.1.2
U364,15,FUSE0,180256.3,180256.3,182087.8,1831.5,1831.5,941.0,0.513787,1,p:1.2.3.2.2.1
U365,15,FUSE0,180355.1,180355.1,182006.2,1651.1,1651.1,941.0,0.569923,1,p:2.3.1.1.3.2
U366,15,FUSE1,180393.9,180393.9,182203.8,1809.9,1809.9,1003.0,0.554174,1,p:1.1.2.2.3.1
U367,15,FUSE1,180471.1,180471.1,182243.0,1771.9,1771.9,1003.0,0.566059,1,p:2.2.5.1.2.2
U368,15,FUSE1,180509.9,180509.9,182440.6,1930.7,1930.7,1003.0,0.519501,1,p:1.3.4.2.2.1
U369,15,FUSE1,180591.9,180591.9,182359.0,1767.1,1767.1,1003.0,0.567597,1,p:2.1.3.1.3.2
U370,15,FUSE1,180625.9,180625.9,182324.6,1698.7,1698.7,1003.0,0.590452,1,p:1.2.1.2.1.1
U371,15,FUSE1,180707.9,180707.9,182479.8,1771.9,1771.9,1003.0,0.566059,1,p:2.3.2.1.1.2
U372,15,FUSE1,180746.7,180746.7,182556.6,1809.9,1809.9,1003.0,0.554174,1,p:1.1.5.2.3.1
U373,15,FUSE1,180823.9,180823.9,182595.8,1771.9,1771.9,1003.0,0.566059,1,p:2.2.4.1.2.2
U374,15,FUSE1,180862.7,180862.7,182677.4,1814.7,1814.7,1003.0,0.552708,1,p:1.3.3.2.1.1
U375,15,FUSE2,180944.7,180944.7,182711.8,1767.1,1767.1,1035.4,0.585932,1,p:2.1.1.1.3.2
U376,15,FUSE2,180978.7,180978.7,182793.4,1814.7,1814.7,1035.4,0.570563,1,p:1.2.2.2.2.1
U377,15,FUSE2,181060.7,181060.7,182832.6,1771.9,1771.9,1035.4,0.584344,1,p:2.3.5.1.1.2
U378,15,FUSE2,181099.5,181099.5,182909.4,1809.9,1809.9,1035.4,0.572076,1,p:1.1.4.2.3.1
U379,15,FUSE2,181176.7,181176.7,182948.6,1771.9,1771.9,1035.4,0.584344,1,p:2.2.3.1.2.2
U380,15,FUSE2,181215.5,181215.5,183030.2,1814.7,1814.7,1035.4,0.570563,1,p:1.3.1.2.1.1
U381,15,FUSE2,181297.5,181297.5,183064.6,1767.1,1767.1,1035.4,0.585932,1,p:2.1.2.1.3.2
U382,15,FUSE2,181331.5,181331.5,183146.2,1814.7,1814.7,1035.4,0.570563,1,p:1.2.5.2.2.1
U383,15,FUSE2,181413.5,181413.5,183301.4,1887.9,1887.9,1035.4,0.54844,1,p:2.3.4.1.2.2
U7775,311,FUSE0,181452.7,181452.7,183185.4,1732.7,1732.7,941.0,0.543083,1,p:1.1.3.1.1.2
U7776,311,FUSE0,181529.5,181529.5,183262.2,1732.7,1732.7,941.0,0.543083,1,p:2.2.1.2.3.1
U7777,311,FUSE0,181568.7,181568.7,183387.4,1818.7,1818.7,941.0,0.517403,1,p:1.3.2.2.1.1
U7778,311,FUSE0,181650.3,181650.3,183417.4,1767.1,1767.1,941.0,0.532511,1,p:2.1.5.1.3.2
U7779,311,FUSE0,181684.7,181684.7,183503.4,1818.7,1818.7,941.0,0.517403,1,p:1.2.3.2.2.1
U7780,311,FUSE0,181766.3,181766.3,183542.2,1775.9,1775.9,941.0,0.529872,1,p:2.3.1.1.1.2
U7781,311,FUSE0,181805.5,181805.5,183619.4,1813.9,1813.9,941.0,0.518772,1,p:1.1.4.2.3.1
U7782,311,FUSE0,181882.3,181882.3,183658.2,1775.9,1775.9,941.0,0.529872,1,p:2.2.2.1.2.2
U7783,311,FUSE0,181921.5,181921.5,183740.2,1818.7,1818.7,941.0,0.517403,1,p:1.3.5.2.1.1
U7784,311,FUSE1,182003.1,182003.1,183774.2,1771.1,1771.1,1003.0,0.566315,1,p:2.1.3.1.3.2
U7785,311,FUSE1,182037.5,182037.5,183856.2,1818.7,1818.7,1003.0,0.551493,1,p:1.2.1.2.2.1
U7786,311,FUSE1,182119.1,182119.1,183895.0,1775.9,1775.9,1003.0,0.564784,1,p:2.3.4.1.1.2
U7787,311,FUSE1,182158.3,182158.3,183972.2,1813.9,1813.9,1003.0,0.552952,1,p:1.1.2.2.3.1
U7788,311,FUSE1,182235.1,182235.1,184011.0,1775.9,1775.9,1003.0,0.564784,1,p:2.2.5.1.2.2
U7789,311,FUSE1,182274.3,182274.3,184093.0,1818.7,1818.7,1003.0,0.551493,1,p:1.3.3.2.1.1
U7790,311,FUSE1,182355.9,182355.9,184127.0,1771.1,1771.1,1003.0,0.566315,1,p:2.1.1.1.3.2
U7791,311,FUSE1,182390.3,182390.3,184209.0,1818.7,1818.7,1003.0,0.551493,1,p:1.2.4.2.2.1
U7792,311,FUSE1,182471.9,182471.9,184247.8,1775.9,1775.9,1003.0,0.564784,1,p:2.3.2.1.1.2
U7793,311,FUSE2,182511.1,182511.1,184325.0,1813.9,1813.9,1035.4,0.570814,1,p:1.1.5.2.3.1
U7794,311,FUSE2,182587.9,182587.9,184363.8,1775.9,1775.9,1035.4,0.583028,1,p:2.2.3.1.2.2
U7795,311,FUSE2,182627.1,182627.1,184445.8,1818.7,1818.7,1035.4,0.569308,1,p:1.3.1.2.1.1
U7796,311,FUSE2,182708.7,182708.7,184479.8,1771.1,1771.1,1035.4,0.584608,1,p:2.1.4.1.3.2
U7797,311,FUSE2,182743.1,182743.1,184561.8,1818.7,1818.7,1035.4,0.569308,1,p:1.2.2.2.2.1
U7798,311,FUSE2,182824.7,182824.7,184601.0,1776.3,1776.3,1035.4,0.582897,1,p:2.3.5.1.1.2
U7799,311,FUSE2,182863.9,182863.9,184717.0,1853.1,1853.1,1035.4,0.558739,1,p:1.1.3.1.2.2
U7800,311,FUSE2,182940.7,182940.7,184833.0,1892.3,1892.3,1035.4,0.547165,1,p:2.2.1.1.3.2
U1391,56,FUSE0,182979.9,182979.9,184677.8,1697.9,1697.9,941.0,0.554214,1,p:1.3.4.2.3.1
U1392,56,FUSE0,183061.5,183061.5,184798.6,1737.1,1737.1,941.0,0.541707,1,p:2.1.2.2.1.1
U1393,56,FUSE0,183095.9,183095.9,184914.6,1818.7,1818.7,941.0,0.517403,1,p:1.2.5.2.2.1
U1394,56,FUSE0,183177.5,183177.5,184953.8,1776.3,1776.3,941.0,0.529753,1,p:2.3.4.1.1.2
U1395,56,FUSE0,183216.7,183216.7,185030.6,1813.9,1813.9,941.0,0.518772,1,p:1.1.3.2.3.1
U1396,56,FUSE0,183293.5,183293.5,185069.8,1776.3,1776.3,941.0,0.529753,1,p:2.2.2.1.2.2
U1397,56,FUSE0,183332.7,183332.7,185151.4,1818.7,1818.7,941.0,0.517403,1,p:1.3.1.2.1.1
U1398,56,FUSE0,183418.7,183418.7,185185.8,1767.1,1767.1,941.0,0.532511,1,p:2.1.5.1.3.2
U1399,56,FUSE1,183448.7,183448.7,185267.4,1818.7,1818.7,1003.0,0.551493,1,p:1.2.4.2.2.1
U1400,56,FUSE1,183534.7,183534.7,185306.6,1771.9,1771.9,1003.0,0.566059,1,p:2.3.3.1.1.2
U1401,56,FUSE1,183573.5,183573.5,185383.4,1809.9,1809.9,1003.0,0.554174,1,p:1.1.2.2.3.1
U1402,56,FUSE1,183650.7,183650.7,185422.6,1771.9,1771.9,1003.0,0.566059,1,p:2.2.1.1.2.2
U1403,56,FUSE1,183689.5,183689.5,185504.2,1814.7,1814.7,1003.0,0.552708,1,p:1.3.5.2.1.1
U1404,56,FUSE1,183771.5,183771.5,185538.6,1767.1,1767.1,1003.0,0.567597,1,p:2.1.4.1.3.2
U1405,56,FUSE1,183805.5,183805.5,185620.2,1814.7,1814.7,1003.0,0.552708,1,p:1.2.3.2.2.1
U1406,56,FUSE1,183887.5,183887.5,185659.4,1771.9,1771.9,1003.0,0.566059,1,p:2.3.2.1.1.2
U1407,56,FUSE2,183926.3,183926.3,185736.2,1809.9,1809.9,1035.4,0.572076,1,p:1.1.1.2.3.1
U1408,56,FUSE2,184003.5,184003.5,185775.4,1771.9,1771.9,1035.4,0.584344,1,p:2.2.5.1.2.2
U1409,56,FUSE2,184042.3,184042.3,185862.6,1820.3,1820.3,1035.4,0.568807,1,p:1.3.4.2.1.1
U1410,56,FUSE2,184124.3,184124.3,185891.4,1767.1,1767.1,1035.4,0.585932,1,p:2.1.3.1.3.2
U1411,56,FUSE2,184158.3,184158.3,185978.6,1820.3,1820.3,1035.4,0.568807,1,p:1.2.2.2.2.1
U1412,56,FUSE2,184240.3,184240.3,186017.4,1777.1,1777.1,1035.4,0.582635,1,p:2.3.1.1.1.2
U1413,56,FUSE2,184279.1,184279.1,186094.6,1815.5,1815.5,1035.4,0.570311,1,p:1.1.5.2.3.1
U1414,56,FUSE2,184356.3,184356.3,186249.4,1893.1,1893.1,1035.4,0.546934,1,p:2.2.4.1.3.2
U7925,317,FUSE0,184395.1,184395.1,186133.4,1738.3,1738.3,941.0,0.541333,1,p:1.3.3.1.2.2
U7926,317,FUSE0,184477.1,184477.1,186215.4,1738.3,1738.3,941.0,0.541333,1,p:2.1.2.2.1.1
U7927,317,FUSE0,184511.1,184511.1,186331.4,1820.3,1820.3,941.0,0.516948,1,p:1.2.1.2.2.1
U7928,317,FUSE0,184593.1,184593.1,186370.2,1777.1,1777.1,941.0,0.529514,1,p:2.3.5.1.1.2
U7929,317,FUSE0,184632.3,184632.3,186447.4,1815.1,1815.1,941.0,0.518429,1,p:1.1.3.2.3.1
U7930,317,FUSE0,184709.1,184709.1,186486.2,1777.1,1777.1,941.0,0.529514,1,p:2.2.2.1.2.2
U7931,317,FUSE0,184748.3,184748.3,186568.2,1819.9,1819.9,941.0,0.517061,1,p:1.3.4.2.1.1
U7932,317,FUSE0,184829.9,184829.9,186602.2,1772.3,1772.3,941.0,0.530948,1,p:2.1.1.1.3.2
U7933,317,FUSE1,184864.3,184864.3,186684.2,1819.9,1819.9,1003.0,0.551129,1,p:1.2.5.2.2.1
U7934,317,FUSE1,184945.9,184945.9,186723.0,1777.1,1777.1,1003.0,0.564403,1,p:2.3.3.1.1.2
U7935,317,FUSE1,184985.1,184985.1,186800.2,1815.1,1815.1,1003.0,0.552587,1,p:1.1.2.2.3.1
U7936,317,FUSE1,185061.9,185061.9,186839.0,1777.1,1777.1,1003.0,0.564403,1,p:2.2.4.1.2.2
U7937,317,FUSE1,185101.1,185101.1,186921.0,1819.9,1819.9,1003.0,0.551129,1,p:1.3.1.2.1.1
U7938,317,FUSE1,185182.7,185182.7,186955.0,1772.3,1772.3,1003.0,0.565931,1,p:2.1.5.1.3.2
U7939,317,FUSE1,185217.1,185217.1,187037.0,1819.9,1819.9,1003.0,0.551129,1,p:1.2.3.2.2.1
U7940,317,FUSE1,185298.7,185298.7,187075.8,1777.1,1777.1,1003.0,0.564403,1,p:2.3.2.1.1.2
U7941,317,FUSE2,185337.9,185337.9,187153.0,1815.1,1815.1,1035.4,0.570437,1,p:1.1.4.2.3.1
U7942,317,FUSE2,185414.7,185414.7,187191.8,1777.1,1777.1,1035.4,0.582635,1,p:2.2.1.1.2.2
U7943,317,FUSE2,185453.9,185453.9,187282.6,1828.7,1828.7,1035.4,0.566195,1,p:1.3.5.2.1.1
U7944,317,FUSE2,185535.5,185535.5,187307.8,1772.3,1772.3,1035.4,0.584213,1,p:2.1.3.1.3.2
U7945,317,FUSE2,185569.9,185569.9,187398.6,1828.7,1828.7,1035.4,0.566195,1,p:1.2.2.2.2.1
U7946,317,FUSE2,185651.5,185651.5,187437.4,1785.9,1785.9,1035.4,0.579764,1,p:2.3.4.1.1.2
U7947,317,FUSE2,185690.7,185690.7,187514.6,1823.9,1823.9,1035.4,0.567685,1,p:1.1.1.2.3.1
U7948,317,FUSE2,185767.5,185767.5,187560.6,1793.1,1793.1,1035.4,0.577436,1,p:2.2.5.1.2.2
U7949,317,FUSE2,185806.7,185806.7,187835.8,2029.1,2029.1,1035.4,0.510275,1,p:1.3.3.1.1.2
U6406,256,FUSE0,185893.9,185893.9,187635.4,1741.5,1741.5,941.0,0.540339,1,p:2.1.2.2.1.1
U6407,256,FUSE0,185922.7,185922.7,187755.4,1832.7,1832.7,941.0,0.51345,1,p:1.2.4.2.2.1
U6408,256,FUSE0,186009.9,186009.9,187676.6,1666.7,1666.7,941.0,0.564589,1,p:2.3.1.1.3.2
U6409,256,FUSE0,186048.7,186048.7,187871.4,1822.7,1822.7,941.0,0.516267,1,p:1.1.5.2.3.1
U6410,256,FUSE0,186125.9,186125.9,187951.8,1825.9,1825.9,941.0,0.515362,1,p:2.2.2.1.2.2
U6411,256,FUSE0,186164.7,186164.7,188146.6,1981.9,1981.9,941.0,0.474797,1,p:1.3.3.2.2.1
U6412,256,FUSE0,186246.7,186246.7,188067.8,1821.1,1821.1,941.0,0.516721,1,p:2.1.4.1.3.2
U6413,256,FUSE0,186280.7,186280.7,188030.6,1749.9,1749.9,941.0,0.537745,1,p:1.2.1.2.1.1
U6414,256,FUSE0,186362.7,186362.7,188188.6,1825.9,1825.9,941.0,0.515362,1,p:2.3.5.1.1.2
U6415,256,FUSE1,186401.5,186401.5,188262.6,1861.1,1861.1,1003.0,0.538929,1,p:1.1.2.2.3.1
U6416,256,FUSE1,186478.7,186478.7,188420.6,1941.9,1941.9,1003.0,0.516504,1,p:2.2.3.1.3.2
U6417,256,FUSE1,186517.5,186517.5,188383.4,1865.9,1865.9,1003.0,0.537542,1,p:1.3.4.2.1.1
U6418,256,FUSE1,186599.5,186599.5,188304.6,1705.1,1705.1,1003.0,0.588235,1,p:2.1.1.1.2.2
U6419,256,FUSE1,186633.5,186633.5,188499.4,1865.9,1865.9,1003.0,0.537542,1,p:1.2.5.2.2.1
U6420,256,FUSE1,186715.5,186715.5,188541.4,1825.9,1825.9,1003.0,0.549318,1,p:2.3.2.1.1.2
U6421,256,FUSE1,186754.3,186754.3,188736.2,1981.9,1981.9,1003.0,0.50608,1,p:1.1.3.2.1.1
U6422,256,FUSE1,186831.5,186831.5,188657.4,1825.9,1825.9,1003.0,0.549318,1,p:2.2.4.1.2.2
U6423,256,FUSE1,186870.3,186870.3,188615.4,1745.1,1745.1,1003.0,0.574752,1,p:1.3.1.2.3.1
U6424,256,FUSE2,186952.3,186952.3,188773.4,1821.1,1821.1,1035.4,0.568557,1,p:2.1.5.1.3.2
U6425,256,FUSE2,186986.3,186986.3,188852.2,1865.9,1865.9,1035.4,0.554906,1,p:1.2.2.2.2.1
U6426,256,FUSE2,187068.3,187068.3,189010.2,1941.9,1941.9,1035.4,0.533189,1,p:2.3.3.1.2.2
U6427,256,FUSE2,187107.1,187107.1,188968.2,1861.1,1861.1,1035.4,0.556338,1,p:1.1.4.2.3.1
U6428,256,FUSE2,187184.3,187184.3,188894.2,1709.9,1709.9,1035.4,0.605532,1,p:2.2.1.1.1.2
U6429,256,FUSE2,187223.1,187223.1,189089.4,1866.3,1866.3,1035.4,0.554788,1,p:1.3.5.2.1.1
U6430,256,FUSE2,187313.9,187313.9,189205.4,1891.5,1891.5,1035.4,0.547396,1,p:2.1.2.2.2.1
U6431,256,FUSE2,187339.1,187339.1,189247.0,1907.9,1907.9,1035.4,0.542691,1,p:1.2.3.1.1.2
U6432,256,FUSE2,187429.9,187429.9,189321.4,1891.5,1891.5,1035.4,0.547396,1,p:2.3.4.2.3.1
U7522,301,FUSE0,187468.7,187468.7,189126.2,1657.5,1657.5,941.0,0.567722,1,p:1.1.1.1.3.2
U7523,301,FUSE0,187545.9,187545.9,189363.0,1817.1,1817.1,941.0,0.517858,1,p:2.2.5.1.2.2
U7524,301,FUSE0,187591.9,187591.9,189442.2,1850.3,1850.3,941.0,0.508566,1,p:1.3.1.2.1.1
U7525,301,FUSE0,187666.7,187666.7,189479.0,1812.3,1812.3,941.0,0.51923,1,p:2.1.2.1.3.2
U7526,301,FUSE0,187707.9,187707.9,189558.2,1850.3,1850.3,941.0,0.508566,1,p:1.2.3.2.2.1
U7527,301,FUSE0,187786.7,187786.7,189599.8,1813.1,1813.1,941.0,0.519001,1,p:2.3.4.1.1.2
U7528,301,FUSE0,187867.1,187867.1,189674.2,1807.1,1807.1,941.0,0.520724,1,p:1.1.5.2.3.1
U7529,301,FUSE0,187902.7,187902.7,189715.8,1813.1,1813.1,941.0,0.519001,1,p:2.2.1.1.2.2
U7530,301,FUSE0,187983.1,187983.1,189795.0,1811.9,1811.9,941.0,0.519344,1,p:1.3.2.2.1.1
U7531,301,FUSE0,188061.9,188061.9,189831.8,1769.9,1769.9,941.0,0.531668,1,p:2.1.3.1.3.2
U7532,301,FUSE1,188099.1,188099.1,189911.0,1811.9,1811.9,1003.0,0.553563,1,p:1.2.4.2.2.1
U7533,301,FUSE1,188177.9,188177.9,189952.6,1774.7,1774.7,1003.0,0.565166,1,p:2.3.5.1.1.2
U7534,301,FUSE1,188219.9,188219.9,190027.0,1807.1,1807.1,1003.0,0.555033,1,p:1.1.1.2.3.1
U7535,301,FUSE1,188293.9,188293.9,190068.6,1774.7,1774.7,1003.0,0.565166,1,p:2.2.2.1.2.2
U7536,301,FUSE1,188335.9,188335.9,190147.8,1811.9,1811.9,1003.0,0.553563,1,p:1.3.3.2.1.1
U7537,301,FUSE1,188414.7,188414.7,190184.6,1769.9,1769.9,1003.0,0.566699,1,p:2.1.4.1.3.2
U7538,301,FUSE1,188451.9,188451.9,190263.8,1811.9,1811.9,1003.0,0.553563,1,p:1.2.5.2.2.1
U7539,301,FUSE1,188530.7,188530.7,190305.4,1774.7,1774.7,1003.0,0.565166,1,p:2.3.1.1.1.2
U7540,301,FUSE1,188572.7,188572.7,190379.8,1807.1,1807.1,1003.0,0.555033,1,p:1.1.2.2.3.1
U7541,301,FUSE1,188646.7,188646.7,190421.4,1774.7,1774.7,1003.0,0.565166,1,p:2.2.3.1.2.2
U7542,301,FUSE2,188688.7,188688.7,190500.6,1811.9,1811.9,1035.4,0.571444,1,p:1.3.4.2.1.1
U7543,301,FUSE2,188767.5,188767.5,190537.4,1769.9,1769.9,1035.4,0.585005,1,p:2.1.5.1.3.2
U7544,301,FUSE2,188804.7,188804.7,190616.6,1811.9,1811.9,1035.4,0.571444,1,p:1.2.1.2.2.1
U7545,301,FUSE2,188883.5,188883.5,190658.2,1774.7,1774.7,1035.4,0.583423,1,p:2.3.2.1.1.2
U7546,301,FUSE2,188925.5,188925.5,190732.6,1807.1,1807.1,1035.4,0.572962,1,p:1.1.3.2.3.1
U7547,301,FUSE2,188999.5,188999.5,190774.2,1774.7,1774.7,1035.4,0.583423,1,p:2.2.4.1.2.2
U7548,301,FUSE2,189041.5,189041.5,190969.4,1927.9,1927.9,1035.4,0.537061,1,p:1.3.5.2.2.1
U7549,301,FUSE2,189120.7,189120.7,190853.4,1732.7,1732.7,1035.4,0.597564,1,p:2.1.1.2.1.1
U7550,301,FUSE2,189157.5,189157.5,191011.0,1853.5,1853.5,1035.4,0.558619,1,p:1.2.2.1.1.2
U226,10,FUSE0,189236.7,189236.7,190890.2,1653.5,1653.5,941.0,0.569096,1,p:2.3.3.1.3.2
U227,10,FUSE0,189278.3,189278.3,191085.4,1807.1,1807.1,941.0,0.520724,1,p:1.1.4.2.3.1
U228,10,FUSE0,189352.7,189352.7,191243.0,1890.3,1890.3,941.0,0.497805,1,p:2.2.5.1.3.2
U229,10,FUSE0,189394.3,189394.3,191206.2,1811.9,1811.9,941.0,0.519344,1,p:1.3.3.2.1.1
U230,10,FUSE0,189473.5,189473.5,191127.0,1653.5,1653.5,941.0,0.569096,1,p:2.1.1.1.2.2
U231,10,FUSE0,189510.3,189510.3,191322.2,1811.9,1811.9,941.0,0.519344,1,p:1.2.2.2.2.1
U232,10,FUSE0,189589.5,189589.5,191363.8,1774.3,1774.3,941.0,0.53035,1,p:2.3.4.1.1.2
U233,10,FUSE0,189631.1,189631.1,191438.2,1807.1,1807.1,941.0,0.520724,1,p:1.1.5.2.3.1
U234,10,FUSE0,189705.5,189705.5,191479.8,1774.3,1774.3,941.0,0.53035,1,p:2.2.3.1.2.2
U235,10,FUSE1,189747.1,189747.1,191559.0,1811.9,1811.9,1003.0,0.553563,1,p:1.3.1.2.1.1
U236,10,FUSE1,189826.3,189826.3,191595.8,1769.5,1769.5,1003.0,0.566827,1,p:2.1.2.1.3.2
U237,10,FUSE1,189863.1,189863.1,191675.0,1811.9,1811.9,1003.0,0.553563,1,p:1.2.4.2.2.1
U238,10,FUSE1,189942.3,189942.3,191716.6,1774.3,1774.3,1003.0,0.565293,1,p:2.3.5.1.1.2
U239,10,FUSE1,189983.9,189983.9,191791.0,1807.1,1807.1,1003.0,0.555033,1,p:1.1.3.2.3.1
U240,10,FUSE1,190058.3,190058.3,191832.6,1774.3,1774.3,1003.0,0.565293,1,p:2.2.1.1.2.2
U241,10,FUSE1,190099.9,190099.9,191911.8,1811.9,1811.9,1003.0,0.553563,1,p:1.3.2.2.1.1
U242,10,FUSE1,190179.1,190179.1,191948.6,1769.5,1769.5,1003.0,0.566827,1,p:2.1.4.1.3.2
U243,10,FUSE1,190215.9,190215.9,192027.8,1811.9,1811.9,1003.0,0.553563,1,p:1.2.5.2.2.1
U244,10,FUSE2,190295.1,190295.1,192069.4,1774.3,1774.3,1035.4,0.583554,1,p:2.3.3.1.1.2
U245,10,FUSE2,190336.7,190336.7,192143.8,1807.1,1807.1,1035.4,0.572962,1,p:1.1.1.2.3.1
U246,10,FUSE2,190411.1,190411.1,192185.4,1774.3,1774.3,1035.4,0.583554,1,p:2.2.2.1.2.2
U247,10,FUSE2,190452.7,190452.7,192264.6,1811.9,1811.9,1035.4,0.571444,1,p:1.3.4.2.1.1
U248,10,FUSE2,190531.9,190531.9,192301.4,1769.5,1769.5,1035.4,0.585137,1,p:2.1.5.1.3.2
U249,10,FUSE2,190568.7,190568.7,192380.6,1811.9,1811.9,1035.4,0.571444,1,p:1.2.3.2.2.1
U250,10,FUSE2,190647.9,190647.9,192422.2,1774.3,1774.3,1035.4,0.583554,1,p:2.3.1.1.1.2
U251,10,FUSE2,190689.5,190689.5,192496.6,1807.1,1807.1,1035.4,0.572962,1,p:1.1.2.2.3.1
U252,10,FUSE2,190763.9,190763.9,192538.2,1774.3,1774.3,1035.4,0.583554,1,p:2.2.4.1.2.2
U7025,281,FUSE0,190805.5,190805.5,192617.4,1811.9,1811.9,941.0,0.519344,1,p:1.3.5.2.1.1
U7026,281,FUSE0,190884.7,190884.7,192654.2,1769.5,1769.5,941.0,0.531789,1,p:2.1.3.1.3.2
U7027,281,FUSE0,190921.5,190921.5,192733.4,1811.9,1811.9,941.0,0.519344,1,p:1.2.1.2.2.1
U7028,281,FUSE0,191000.7,191000.7,192775.0,1774.3,1774.3,941.0,0.53035,1,p:2.3.2.1.1.2
U7029,281,FUSE0,191042.3,191042.3,192849.4,1807.1,1807.1,941.0,0.520724,1,p:1.1.4.2.3.1
U7030,281,FUSE0,191116.7,191116.7,192891.0,1774.3,1774.3,941.0,0.53035,1,p:2.2.5.1.2.2
U7031,281,FUSE0,191158.3,191158.3,192970.2,1811.9,1811.9,941.0,0.519344,1,p:1.3.3.2.1.1
U7032,281,FUSE0,191237.5,191237.5,193007.0,1769.5,1769.5,941.0,0.531789,1,p:2.1.1.1.3.2
U7033,281,FUSE1,191274.3,191274.3,193086.2,1811.9,1811.9,1003.0,0.553563,1,p:1.2.2.2.2.1
U7034,281,FUSE1,191353.5,191353.5,193127.8,1774.3,1774.3,1003.0,0.565293,1,p:2.3.4.1.1.2
U7035,281,FUSE1,191395.1,191395.1,193202.2,1807.1,1807.1,1003.0,0.555033,1,p:1.1.5.2.3.1
U7036,281,FUSE1,191469.5,191469.5,193243.8,1774.3,1774.3,1003.0,0.565293,1,p:2.2.3.1.2.2
U7037,281,FUSE1,191511.1,191511.1,193323.0,1811.9,1811.9,1003.0,0.553563,1,p:1.3.1.2.1.1
U7038,281,FUSE1,191590.3,191590.3,193359.8,1769.5,1769.5,1003.0,0.566827,1,p:2.1.2.1.3.2
U7039,281,FUSE1,191627.1,191627.1,193439.0,1811.9,1811.9,1003.0,0.553563,1,p:1.2.4.2.2.1
U7040,281,FUSE1,191706.3,191706.3,193480.6,1774.3,1774.3,1003.0,0.565293,1,p:2.3.5.1.1.2
U7041,281,FUSE1,191747.9,191747.9,193555.0,1807.1,1807.1,1003.0,0.555033,1,p:1.1.3.2.3.1
U7042,281,FUSE2,191822.3,191822.3,193596.6,1774.3,1774.3,1035.4,0.583554,1,p:2.2.1.1.2.2
U7043,281,FUSE2,191863.9,191863.9,193675.8,1811.9,1811.9,1035.4,0.571444,1,p:1.3.2.2.1.1
U7044,281,FUSE2,191943.1,191943.1,193712.6,1769.5,1769.5,1035.4,0.585137,1,p:2.1.4.1.3.2
U7045,281,FUSE2,191979.9,191979.9,193791.8,1811.9,1811.9,1035.4,0.571444,1,p:1.2.5.2.2.1
U7046,281,FUSE2,192059.1,192059.1,193833.4,1774.3,1774.3,1035.4,0.583554,1,p:2.3.3.1.1.2
U7047,281,FUSE2,192100.7,192100.7,193907.8,1807.1,1807.1,1035.4,0.572962,1,p:1.1.1.2.3.1
U7048,281,FUSE2,192175.1,192175.1,193949.4,1774.3,1774.3,1035.4,0.583554,1,p:2.2.2.1.2.2
U7049,281,FUSE2,192216.7,192216.7,194065.4,1848.7,1848.7,1035.4,0.560069,1,p:1.3.4.1.3.2
U7050,281,FUSE2,192295.9,192295.9,194144.6,1848.7,1848.7,1035.4,0.560069,1,p:2.1.5.2.2.1
U4808,192,FUSE0,192332.7,192332.7,194028.6,1695.9,1695.9,941.0,0.554868,1,p:1.2.3.2.1.1
U4809,192,FUSE0,192411.9,192411.9,194186.2,1774.3,1774.3,941.0,0.53035,1,p:2.3.1.1.1.2
U4810,192,FUSE0,192453.5,192453.5,194260.6,1807.1,1807.1,941.0,0.520724,1,p:1.1.2.2.3.1
U4811,192,FUSE0,192527.9,192527.9,194302.2,1774.3,1774.3,941.0,0.53035,1,p:2.2.3.1.2.2
U4812,192,FUSE0,192569.5,192569.5,194381.4,1811.9,1811.9,941.0,0.519344,1,p:1.3.4.2.1.1
U4813,192,FUSE0,192648.7,192648.7,194418.2,1769.5,1769.5,941.0,0.531789,1,p:2.1.5.1.3.2
U4814,192,FUSE0,192685.5,192685.5,194497.4,1811.9,1811.9,941.0,0.519344,1,p:1.2.1.2.2.1
U4815,192,FUSE0,192764.7,192764.7,194539.0,1774.3,1774.3,941.0,0.53035,1,p:2.3.2.1.1.2
U4816,192,FUSE0,192806.3,192806.3,194613.4,1807.1,1807.1,941.0,0.520724,1,p:1.1.3.2.3.1
U4817,192,FUSE1,192880.7,192880.7,194655.0,1774.3,1774.3,1003.0,0.565293,1,p:2.2.4.1.2.2
U4818,192,FUSE1,192922.3,192922.3,194734.2,1811.9,1811.9,1003.0,0.553563,1,p:1.3.5.2.1.1
U4819,192,FUSE1,193001.5,193001.5,194771.0,1769.5,1769.5,1003.0,0.566827,1,p:2.1.1.1.3.2
U4820,192,FUSE1,193038.3,193038.3,194850.2,1811.9,1811.9,1003.0,0.553563,1,p:1.2.2.2.2.1
U4821,192,FUSE1,193117.5,193117.5,194891.8,1774.3,1774.3,1003.0,0.565293,1,p:2.3.3.1.1.2
U4822,192,FUSE1,193159.1,193159.1,194966.2,1807.1,1807.1,1003.0,0.555033,1,p:1.1.4.2.3.1
U4823,192,FUSE1,193233.5,193233.5,195007.8,1774.3,1774.3,1003.0,0.565293,1,p:2.2.5.1.2.2
U4824,192,FUSE1,193275.1,193275.1,195087.0,1811.9,1811.9,1003.0,0.553563,1,p:1.3.1.2.1.1
U4825,192,FUSE1,193354.3,193354.3,195123.8,1769.5,1769.5,1003.0,0.566827,1,p:2.1.2.1.3.2
U4826,192,FUSE2,193391.1,193391.1,195203.0,1811.9,1811.9,1035.4,0.571444,1,p:1.2.3.2.2.1
U4827,192,FUSE2,193470.3,193470.3,195244.6,1774.3,1774.3,1035.4,0.583554,1,p:2.3.4.1.1.2
U4828,192,FUSE2,193511.9,193511.9,195319.0,1807.1,1807.1,1035.4,0.572962,1,p:1.1.5.2.3.1
U4829,192,FUSE2,193586.3,193586.3,195360.6,1774.3,1774.3,1035.4,0.583554,1,p:2.2.1.1.2.2
U4830,192,FUSE2,193627.9,193627.9,195439.8,1811.9,1811.9,1035.4,0.571444,1,p:1.3.2.2.1.1
U4831,192,FUSE2,193707.1,193707.1,195476.6,1769.5,1769.5,1035.4,0.585137,1,p:2.1.3.1.3.2
U4832,192,FUSE2,193743.9,193743.9,195555.8,1811.9,1811.9,1035.4,0.571444,1,p:1.2.4.2.2.1
U4833,192,FUSE2,193823.1,193823.1,195597.4,1774.3,1774.3,1035.4,0.583554,1,p:2.3.5.1.1.2
U4834,192,FUSE2,193864.7,193864.7,195671.8,1807.1,1807.1,1035.4,0.572962,1,p:1.1.1.2.3.1
U4835,192,FUSE2,193939.1,193939.1,195802.2,1863.1,1863.1,1035.4,0.55574,1,p:2.2.2.2.1.1
U4960,198,FUSE0,193980.7,193980.7,195713.4,1732.7,1732.7,941.0,0.543083,1,p:1.3.3.1.2.2
U4961,198,FUSE0,194059.9,194059.9,195829.4,1769.5,1769.5,941.0,0.531789,1,p:2.1.4.1.3.2
U4962,198,FUSE0,194096.7,194096.7,195918.2,1821.5,1821.5,941.0,0.516607,1,p:1.2.5.2.2.1
U4963,198,FUSE0,194175.9,194175.9,195957.0,1781.1,1781.1,941.0,0.528325,1,p:2.3.1.1.1.2
U4964,198,FUSE0,194217.5,194217.5,196034.2,1816.7,1816.7,941.0,0.517972,1,p:1.1.3.2.3.1
U4965,198,FUSE0,194291.9,194291.9,196073.0,1781.1,1781.1,941.0,0.528325,1,p:2.2.2.1.2.2
U4966,198,FUSE0,194333.5,194333.5,196155.0,1821.5,1821.5,941.0,0.516607,1,p:1.3.4.2.1.1
U4967,198,FUSE0,194412.7,194412.7,196189.0,1776.3,1776.3,941.0,0.529753,1,p:2.1.5.1.3.2
U4968,198,FUSE1,194449.5,194449.5,196271.0,1821.5,1821.5,1003.0,0.550645,1,p:1.2.1.2.2.1
U4969,198,FUSE1,194528.7,194528.7,196309.8,1781.1,1781.1,1003.0,0.563135,1,p:2.3.3.1.1.2
U4970,198,FUSE1,194570.3,194570.3,196387.0,1816.7,1816.7,1003.0,0.5521,1,p:1.1.2.2.3.1
U4971,198,FUSE1,194644.7,194644.7,196425.8,1781.1,1781.1,1003.0,0.563135,1,p:2.2.4.1.2.2
U4972,198,FUSE1,194686.3,194686.3,196507.8,1821.5,1821.5,1003.0,0.550645,1,p:1.3.5.2.1.1
U4973,198,FUSE1,194765.5,194765.5,196541.8,1776.3,1776.3,1003.0,0.564657,1,p:2.1.1.1.3.2
U4974,198,FUSE1,194802.3,194802.3,196623.8,1821.5,1821.5,1003.0,0.550645,1,p:1.2.3.2.2.1
U4975,198,FUSE1,194881.5,194881.5,196662.6,1781.1,1781.1,1003.0,0.563135,1,p:2.3.2.1.1.2
U4976,198,FUSE2,194923.1,194923.1,196739.8,1816.7,1816.7,1035.4,0.569934,1,p:1.1.4.2.3.1
U4977,198,FUSE2,194997.5,194997.5,196778.6,1781.1,1781.1,1035.4,0.581326,1,p:2.2.5.1.2.2
U4978,198,FUSE2,195039.1,195039.1,196860.6,1821.5,1821.5,1035.4,0.568433,1,p:1.3.1.2.1.1
U4979,198,FUSE2,195118.3,195118.3,196894.6,1776.3,1776.3,1035.4,0.582897,1,p:2.1.3.1.3.2
U4980,198,FUSE2,195155.1,195155.1,196976.6,1821.5,1821.5,1035.4,0.568433,1,p:1.2.2.2.2.1
U4981,198,FUSE2,195234.3,195234.3,197015.8,1781.5,1781.5,1035.4,0.581196,1,p:2.3.4.1.1.2
U4982,198,FUSE2,195275.9,195275.9,197092.6,1816.7,1816.7,1035.4,0.569934,1,p:1.1.5.2.3.1
U4983,198,FUSE2,195350.3,195350.3,197213.4,1863.1,1863.1,1035.4,0.55574,1,p:2.2.1.2.1.1
U4984,198,FUSE2,195391.9,195391.9,197247.8,1855.9,1855.9,1035.4,0.557896,1,p:1.3.3.1.3.2
U4464,179,FUSE0,195471.1,195471.1,197131.8,1660.7,1660.7,941.0,0.566629,1,p:2.1.2.1.2.2
U4465,179,FUSE0,195507.9,195507.9,197329.4,1821.5,1821.5,941.0,0.516607,1,p:1.2.4.2.2.1
U4466,179,FUSE0,195587.1,195587.1,197368.6,1781.5,1781.5,941.0,0.528207,1,p:2.3.5.1.1.2
U4467,179,FUSE0,195628.7,195628.7,197445.4,1816.7,1816.7,941.0,0.517972,1,p:1.1.2.2.3.1
U4468,179,FUSE0,195703.1,195703.1,197484.6,1781.5,1781.5,941.0,0.528207,1,p:2.2.1.1.2.2
U4469,179,FUSE0,195744.7,195744.7,197566.2,1821.5,1821.5,941.0,0.516607,1,p:1.3.3.2.1.1
U4470,179,FUSE0,195833.5,195833.5,197600.6,1767.1,1767.1,941.0,0.532511,1,p:2.1.4.1.3.2
U4471,179,FUSE0,195860.7,195860.7,197682.2,1821.5,1821.5,941.0,0.516607,1,p:1.2.5.2.2.1
U4472,179,FUSE0,195949.5,195949.5,197721.4,1771.9,1771.9,941.0,0.531068,1,p:2.3.2.1.1.2
U4473,179,FUSE1,195988.3,195988.3,197798.2,1809.9,1809.9,1003.0,0.554174,1,p:1.1.1.2.3.1
U4474,179,FUSE1,196065.5,196065.5,197837.4,1771.9,1771.9,1003.0,0.566059,1,p:2.2.3.1.2.2
U4475,179,FUSE1,196104.3,196104.3,197919.0,1814.7,1814.7,1003.0,0.552708,1,p:1.3.4.2.1.1
U4476,179,FUSE1,196186.3,196186.3,197953.4,1767.1,1767.1,1003.0,0.567597,1,p:2.1.5.1.3.2
U4477,179,FUSE1,196220.3,196220.3,198035.0,1814.7,1814.7,1003.0,0.552708,1,p:1.2.2.2.2.1
U4478,179,FUSE1,196302.3,196302.3,198074.2,1771.9,1771.9,1003.0,0.566059,1,p:2.3.1.1.1.2
U4479,179,FUSE1,196341.1,196341.1,198151.0,1809.9,1809.9,1003.0,0.554174,1,p:1.1.3.2.3.1
U4480,179,FUSE1,196418.3,196418.3,198190.2,1771.9,1771.9,1003.0,0.566059,1,p:2.2.4.1.2.2
U4481,179,FUSE1,196457.1,196457.1,198271.8,1814.7,1814.7,1003.0,0.552708,1,p:1.3.5.2.1.1
U4482,179,FUSE2,196539.1,196539.1,198306.2,1767.1,1767.1,1035.4,0.585932,1,p:2.1.2.1.3.2
U4483,179,FUSE2,196573.1,196573.1,198387.8,1814.7,1814.7,1035.4,0.570563,1,p:1.2.1.2.2.1
U4484,179,FUSE2,196655.1,196655.1,198427.0,1771.9,1771.9,1035.4,0.584344,1,p:2.3.3.1.1.2
U4485,179,FUSE2,196693.9,196693.9,198503.8,1809.9,1809.9,1035.4,0.572076,1,p:1.1.4.2.3.1
U4486,179,FUSE2,196771.1,196771.1,198543.0,1771.9,1771.9,1035.4,0.584344,1,p:2.2.5.1.2.2
U4487,179,FUSE2,196809.9,196809.9,198624.6,1814.7,1814.7,1035.4,0.570563,1,p:1.3.2.2.1.1
U4488,179,FUSE2,196891.9,196891.9,198659.0,1767.1,1767.1,1035.4,0.585932,1,p:2.1.1.1.3.2
U4489,179,FUSE2,196925.9,196925.9,198740.6,1814.7,1814.7,1035.4,0.570563,1,p:1.2.3.2.2.1
U4490,179,FUSE2,197007.9,197007.9,198790.2,1782.3,1782.3,1035.4,0.580935,1,p:2.3.4.1.1.2
U4491,179,FUSE2,197047.1,197047.1,198856.6,1809.5,1809.5,1035.4,0.572202,1,p:1.1.5.2.3.1
U7000,280,FUSE0,197123.9,197123.9,198906.2,1782.3,1782.3,941.0,0.527969,1,p:2.2.2.1.2.2
U7001,280,FUSE0,197163.1,197163.1,199000.2,1837.1,1837.1,941.0,0.51222,1,p:1.3.1.2.1.1
U7002,280,FUSE0,197244.7,197244.7,199022.2,1777.5,1777.5,941.0,0.529395,1,p:2.1.3.1.3.2
U7003,280,FUSE0,197279.1,197279.1,199116.2,1837.1,1837.1,941.0,0.51222,1,p:1.2.4.2.2.1
U7004,280,FUSE0,197360.7,197360.7,199155.0,1794.3,1794.3,941.0,0.524438,1,p:2.3.5.1.1.2
U7005,280,FUSE0,197399.9,197399.9,199232.2,1832.3,1832.3,941.0,0.513562,1,p:1.1.2.2.3.1
U7006,280,FUSE0,197476.7,197476.7,199271.0,1794.3,1794.3,941.0,0.524438,1,p:2.2.1.1.2.2
U7007,280,FUSE0,197515.9,197515.9,199353.0,1837.1,1837.1,941.0,0.51222,1,p:1.3.3.2.1.1
U7008,280,FUSE1,197597.5,197597.5,199387.0,1789.5,1789.5,1003.0,0.560492,1,p:2.1.4.1.3.2
U7009,280,FUSE1,197631.9,197631.9,199469.0,1837.1,1837.1,1003.0,0.545969,1,p:1.2.5.2.2.1
U7010,280,FUSE1,197713.5,197713.5,199507.8,1794.3,1794.3,1003.0,0.558992,1,p:2.3.2.1.1.2
U7011,280,FUSE1,197752.7,197752.7,199585.0,1832.3,1832.3,1003.0,0.547399,1,p:1.1.1.2.3.1
U7012,280,FUSE1,197829.5,197829.5,199623.8,1794.3,1794.3,1003.0,0.558992,1,p:2.2.3.1.2.2
U7013,280,FUSE1,197868.7,197868.7,199705.8,1837.1,1837.1,1003.0,0.545969,1,p:1.3.4.2.1.1
U7014,280,FUSE1,197950.3,197950.3,199739.8,1789.5,1789.5,1003.0,0.560492,1,p:2.1.5.1.3.2
U7015,280,FUSE1,197984.7,197984.7,199821.8,1837.1,1837.1,1003.0,0.545969,1,p:1.2.2.2.2.1
U7016,280,FUSE2,198066.3,198066.3,199860.6,1794.3,1794.3,1035.4,0.57705,1,p:2.3.1.1.1.2
U7017,280,FUSE2,198105.5,198105.5,199937.8,1832.3,1832.3,1035.4,0.565082,1,p:1.1.3.2.3.1
U7018,280,FUSE2,198182.3,198182.3,199976.6,1794.3,1794.3,1035.4,0.57705,1,p:2.2.4.1.2.2
U7019,280,FUSE2,198221.5,198221.5,200058.6,1837.1,1837.1,1035.4,0.563606,1,p:1.3.5.2.1.1
U7020,280,FUSE2,198303.1,198303.1,200092.6,1789.5,1789.5,1035.4,0.578597,1,p:2.1.2.1.3.2
U7021,280,FUSE2,198337.5,198337.5,200174.6,1837.1,1837.1,1035.4,0.563606,1,p:1.2.1.2.2.1
U7022,280,FUSE2,198419.1,198419.1,200218.2,1799.1,1799.1,1035.4,0.57551,1,p:2.3.3.1.1.2
U7023,280,FUSE2,198458.3,198458.3,200334.2,1875.9,1875.9,1035.4,0.551948,1,p:1.1.4.1.2.2
U7024,280,FUSE2,198535.1,198535.1,200414.2,1879.1,1879.1,1035.4,0.551008,1,p:2.2.5.2.1.1
U484,20,FUSE0,198574.3,198574.3,200290.6,1716.3,1716.3,941.0,0.548272,1,p:1.3.2.2.3.1
U485,20,FUSE0,198655.9,198655.9,200450.2,1794.3,1794.3,941.0,0.524438,1,p:2.1.1.1.3.2
U486,20,FUSE0,198690.3,198690.3,200530.2,1839.9,1839.9,941.0,0.511441,1,p:1.2.3.2.2.1
U487,20,FUSE0,198771.9,198771.9,200571.0,1799.1,1799.1,941.0,0.523039,1,p:2.3.2.1.1.2
U488,20,FUSE0,198821.5,198821.5,200646.2,1824.7,1824.7,941.0,0.515701,1,p:1.1.4.2.3.1
U489,20,FUSE0,198887.9,198887.9,200687.0,1799.1,1799.1,941.0,0.523039,1,p:2.2.5.1.2.2
U490,20,FUSE0,198937.5,198937.5,200767.0,1829.5,1829.5,941.0,0.514348,1,p:1.3.1.2.1.1
U491,20,FUSE0,199031.5,199031.5,200803.0,1771.5,1771.5,941.0,0.531188,1,p:2.1.3.1.3.2
U492,20,FUSE1,199053.5,199053.5,200883.0,1829.5,1829.5,1003.0,0.548237,1,p:1.2.2.2.2.1
U493,20,FUSE1,199147.5,199147.5,200923.8,1776.3,1776.3,1003.0,0.564657,1,p:2.3.4.1.1.2
U494,20,FUSE1,199186.3,199186.3,200999.0,1812.7,1812.7,1003.0,0.553318,1,p:1.1.5.2.3.1
U495,20,FUSE1,199263.5,199263.5,201039.8,1776.3,1776.3,1003.0,0.564657,1,p:2.2.1.1.2.2
U496,20,FUSE1,199302.3,199302.3,201119.8,1817.5,1817.5,1003.0,0.551857,1,p:1.3.3.2.1.1
U497,20,FUSE1,199384.3,199384.3,201155.8,1771.5,1771.5,1003.0,0.566187,1,p:2.1.2.1.3.2
U498,20,FUSE1,199418.3,199418.3,201235.8,1817.5,1817.5,1003.0,0.551857,1,p:1.2.4.2.2.1
U499,20,FUSE1,199500.3,199500.3,201276.6,1776.3,1776.3,1003.0,0.564657,1,p:2.3.5.1.1.2
U500,20,FUSE2,199539.1,199539.1,201351.8,1812.7,1812.7,1035.4,0.571192,1,p:1.1.1.2.3.1
U501,20,FUSE2,199616.3,199616.3,201392.6,1776.3,1776.3,1035.4,0.582897,1,p:2.2.3.1.2.2
U502,20,FUSE2,199655.1,199655.1,201489.4,1834.3,1834.3,1035.4,0.564466,1,p:1.3.2.2.1.1
U503,20,FUSE2,199737.1,199737.1,201508.6,1771.5,1771.5,1035.4,0.584476,1,p:2.1.4.1.3.2
U504,20,FUSE2,199771.1,199771.1,201605.4,1834.3,1834.3,1035.4,0.564466,1,p:1.2.5.2.2.1
U505,20,FUSE2,199853.1,199853.1,201644.2,1791.1,1791.1,1035.4,0.578081,1,p:2.3.1.1.1.2
U506,20,FUSE2,199891.9,199891.9,201721.4,1829.5,1829.5,1035.4,0.565947,1,p:1.1.3.2.3.1
U507,20,FUSE2,199969.1,199969.1,201842.2,1873.1,1873.1,1035.4,0.552773,1,p:2.2.2.2.1.1
U508,20,FUSE2,200007.9,200007.9,201876.2,1868.3,1868.3,1035.4,0.554194,1,p:1.3.4.1.3.2
U8632,346,FUSE0,200089.9,200089.9,201760.2,1670.3,1670.3,941.0,0.563372,1,p:2.1.5.1.2.2
U8633,346,FUSE0,200123.9,200123.9,201958.2,1834.3,1834.3,941.0,0.513002,1,p:1.2.1.2.2.1
U8634,346,FUSE0,200205.9,200205.9,202031.0,1825.1,1825.1,941.0,0.515588,1,p:2.3.3.1.1.2
U8635,346,FUSE0,200249.5,200249.5,202074.2,1824.7,1824.7,941.0,0.515701,1,p:1.1.5.2.3.1
U8636,346,FUSE0,200321.9,200321.9,202147.0,1825.1,1825.1,941.0,0.515588,1,p:2.2.2.1.2.2
U8637,346,FUSE0,200365.5,200365.5,202225.8,1860.3,1860.3,941.0,0.505832,1,p:1.3.4.2.1.1
U8638,346,FUSE1,200445.5,200445.5,202263.0,1817.5,1817.5,1003.0,0.551857,1,p:2.1.1.1.3.2
U8639,346,FUSE1,200481.5,200481.5,202341.8,1860.3,1860.3,1003.0,0.53916,1,p:1.2.3.2.2.1
U8640,346,FUSE1,200561.5,200561.5,202383.8,1822.3,1822.3,1003.0,0.550403,1,p:2.3.5.1.1.2
U8641,346,FUSE1,200602.3,200602.3,202457.8,1855.5,1855.5,1003.0,0.540555,1,p:1.1.2.2.3.1
U8642,346,FUSE1,200677.5,200677.5,202499.8,1822.3,1822.3,1003.0,0.550403,1,p:2.2.4.1.2.2
U8643,346,FUSE1,200718.3,200718.3,202578.6,1860.3,1860.3,1003.0,0.53916,1,p:1.3.1.2.1.1
U8644,346,FUSE2,200798.3,200798.3,202615.8,1817.5,1817.5,1035.4,0.569684,1,p:2.1.3.1.3.2
U8645,346,FUSE2,200834.3,200834.3,202694.6,1860.3,1860.3,1035.4,0.556577,1,p:1.2.5.2.2.1
U8646,346,FUSE2,200914.3,200914.3,202736.6,1822.3,1822.3,1035.4,0.568183,1,p:2.3.2.1.1.2
U8647,346,FUSE2,200955.1,200955.1,202810.6,1855.5,1855.5,1035.4,0.558017,1,p:1.1.4.2.3.1
U8648,346,FUSE2,201030.3,201030.3,202852.6,1822.3,1822.3,1035.4,0.568183,1,p:2.2.1.1.2.2
U8649,346,FUSE2,201071.1,201071.1,202938.2,1867.1,1867.1,1035.4,0.55455,1,p:1.3.3.2.1.1
U8650,346,FUSE2,201151.1,201151.1,203093.0,1941.9,1941.9,1035.4,0.533189,1,p:2.1.5.1.1.2
U3864,155,FUSE0,201187.1,201187.1,202968.6,1781.5,1781.5,941.0,0.528207,1,p:1.2.2.1.3.2
U3865,155,FUSE0,201267.1,201267.1,203054.2,1787.1,1787.1,941.0,0.526551,1,p:2.3.4.2.2.1
U3866,155,FUSE0,201307.9,201307.9,203170.2,1862.3,1862.3,941.0,0.505289,1,p:1.1.1.2.3.1
U3867,155,FUSE0,201383.1,201383.1,203209.0,1825.9,1825.9,941.0,0.515362,1,p:2.2.3.1.2.2
U3868,155,FUSE0,201423.9,201423.9,203291.0,1867.1,1867.1,941.0,0.50399,1,p:1.3.2.2.1.1
U3869,155,FUSE0,201520.7,201520.7,203325.0,1804.3,1804.3,941.0,0.521532,1,p:2.1.4.1.3.2
U3870,155,FUSE0,201539.9,201539.9,203407.0,1867.1,1867.1,941.0,0.50399,1,p:1.2.5.2.2.1
U3871,155,FUSE1,201636.7,201636.7,203445.8,1809.1,1809.1,1003.0,0.554419,1,p:2.3.1.1.1.2
U3872,155,FUSE1,201675.5,201675.5,203523.0,1847.5,1847.5,1003.0,0.542896,1,p:1.1.3.2.3.1
U3873,155,FUSE1,201752.7,201752.7,203561.8,1809.1,1809.1,1003.0,0.554419,1,p:2.2.2.1.2.2
U3874,155,FUSE1,201791.5,201791.5,203643.8,1852.3,1852.3,1003.0,0.541489,1,p:1.3.4.2.1.1
U3875,155,FUSE1,201873.5,201873.5,203677.8,1804.3,1804.3,1003.0,0.555894,1,p:2.1.5.1.3.2
U3876,155,FUSE1,201907.5,201907.5,203759.8,1852.3,1852.3,1003.0,0.541489,1,p:1.2.1.2.2.1
U3877,155,FUSE1,201989.5,201989.5,203798.6,1809.1,1809.1,1003.0,0.554419,1,p:2.3.3.1.1.2
U3878,155,FUSE2,202062.3,202062.3,203875.8,1813.5,1813.5,1035.4,0.57094,1,p:1.1.2.2.3.1
U3879,155,FUSE2,202105.5,202105.5,203914.6,1809.1,1809.1,1035.4,0.572329,1,p:2.2.4.1.2.2
U3880,155,FUSE2,202178.3,202178.3,203996.6,1818.3,1818.3,1035.4,0.569433,1,p:1.3.5.2.1.1
U3881,155,FUSE2,202257.1,202257.1,204030.6,1773.5,1773.5,1035.4,0.583817,1,p:2.1.1.1.3.2
U3882,155,FUSE2,202294.3,202294.3,204151.4,1857.1,1857.1,1035.4,0.557536,1,p:1.2.3.1.1.2
U3883,155,FUSE2,202373.1,202373.1,204267.4,1894.3,1894.3,1035.4,0.546587,1,p:2.3.2.1.2.2
U3664,147,FUSE0,202415.1,202415.1,204112.6,1697.5,1697.5,941.0,0.554345,1,p:1.1.4.2.2.1
U3665,147,FUSE0,202489.1,202489.1,204228.6,1739.5,1739.5,941.0,0.54096,1,p:2.2.5.2.3.1
U3666,147,FUSE0,202531.1,202531.1,204368.6,1837.5,1837.5,941.0,0.512109,1,p:1.3.1.2.1.1
U3667,147,FUSE0,202609.9,202609.9,204383.4,1773.5,1773.5,941.0,0.530589,1,p:2.1.4.1.3.2
U3668,147,FUSE0,202647.1,202647.1,204484.6,1837.5,1837.5,941.0,0.512109,1,p:1.2.3.2.2.1
U3669,147,FUSE0,202725.9,202725.9,204523.4,1797.5,1797.5,941.0,0.523505,1,p:2.3.5.1.1.2
U3670,147,FUSE0,202767.9,202767.9,204600.6,1832.7,1832.7,941.0,0.51345,1,p:1.1.2.2.3.1
U3671,147,FUSE0,202841.9,202841.9,204639.4,1797.5,1797.5,941.0,0.523505,1,p:2.2.1.1.2.2
U3672,147,FUSE1,202883.9,202883.9,204721.4,1837.5,1837.5,1003.0,0.54585,1,p:1.3.4.2.1.1
U3673,147,FUSE1,202969.5,202969.5,204755.4,1785.9,1785.9,1003.0,0.561622,1,p:2.1.3.1.3.2
U3674,147,FUSE1,202999.9,202999.9,204837.4,1837.5,1837.5,1003.0,0.54585,1,p:1.2.5.2.2.1
U3675,147,FUSE1,203085.5,203085.5,204876.2,1790.7,1790.7,1003.0,0.560116,1,p:2.3.2.1.1.2
U3676,147,FUSE1,203124.3,203124.3,204953.4,1829.1,1829.1,1003.0,0.548357,1,p:1.1.1.2.3.1
U3677,147,FUSE1,203201.5,203201.5,204992.2,1790.7,1790.7,1003.0,0.560116,1,p:2.2.4.1.2.2
U3678,147,FUSE1,203240.3,203240.3,205074.2,1833.9,1833.9,1003.0,0.546922,1,p:1.3.3.2.1.1
U3679,147,FUSE1,203322.3,203322.3,205108.2,1785.9,1785.9,1003.0,0.561622,1,p:2.1.5.1.3.2
U3680,147,FUSE2,203356.3,203356.3,205190.2,1833.9,1833.9,1035.4,0.564589,1,p:1.2.2.2.2.1
U3681,147,FUSE2,203438.3,203438.3,205229.0,1790.7,1790.7,1035.4,0.57821,1,p:2.3.1.1.1.2
U3682,147,FUSE2,203477.1,203477.1,205345.0,1867.9,1867.9,1035.4,0.554312,1,p:1.1.4.1.2.2
U3683,147,FUSE2,203554.3,203554.3,205306.2,1751.9,1751.9,1035.4,0.591015,1,p:2.2.3.2.3.1
U3684,147,FUSE2,203593.1,203593.1,205431.0,1837.9,1837.9,1035.4,0.56336,1,p:1.3.5.2.1.1
U3685,147,FUSE2,203675.1,203675.1,205461.0,1785.9,1785.9,1035.4,0.579764,1,p:2.1.2.1.3.2
U3686,147,FUSE2,203709.1,203709.1,205547.0,1837.9,1837.9,1035.4,0.56336,1,p:1.2.1.2.2.1
U3687,147,FUSE2,203791.1,203791.1,205783.8,1992.7,1992.7,1035.4,0.519597,1,p:2.3.4.2.1.1
U3688,147,FUSE2,203829.9,203829.9,205704.2,1874.3,1874.3,1035.4,0.55242,1,p:1.1.3.1.2.2
U437,18,FUSE0,203907.1,203907.1,205588.2,1681.1,1681.1,941.0,0.559753,1,p:2.2.5.1.1.2
U438,18,FUSE0,203945.9,203945.9,205663.0,1717.1,1717.1,941.0,0.548017,1,p:1.3.2.2.3.1
U439,18,FUSE0,204027.9,204027.9,205820.2,1792.3,1792.3,941.0,0.525024,1,p:2.1.1.1.3.2
U440,18,FUSE0,204061.9,204061.9,205899.8,1837.9,1837.9,941.0,0.511997,1,p:1.2.5.2.2.1
U441,18,FUSE0,204143.9,204143.9,206057.0,1913.1,1913.1,941.0,0.491872,1,p:2.3.4.1.2.2
U442,18,FUSE0,204182.7,204182.7,206015.8,1833.1,1833.1,941.0,0.513338,1,p:1.1.3.2.3.1
U443,18,FUSE0,204259.9,204259.9,205941.0,1681.1,1681.1,941.0,0.559753,1,p:2.2.2.1.1.2
U444,18,FUSE0,204298.7,204298.7,206136.6,1837.9,1837.9,941.0,0.511997,1,p:1.3.1.2.1.1
U445,18,FUSE1,204399.9,204399.9,206173.0,1773.1,1773.1,1003.0,0.565676,1,p:2.1.5.1.3.2
U446,18,FUSE1,204414.7,204414.7,206368.6,1953.9,1953.9,1003.0,0.513332,1,p:1.2.4.2.3.1
U447,18,FUSE1,204515.9,204515.9,206293.8,1777.9,1777.9,1003.0,0.564149,1,p:2.3.3.1.1.2
U448,18,FUSE1,204554.7,204554.7,206252.6,1697.9,1697.9,1003.0,0.59073,1,p:1.1.2.2.2.1
U449,18,FUSE1,204631.9,204631.9,206409.8,1777.9,1777.9,1003.0,0.564149,1,p:2.2.1.1.2.2
U450,18,FUSE1,204670.7,204670.7,206489.4,1818.7,1818.7,1003.0,0.551493,1,p:1.3.5.2.1.1
U451,18,FUSE1,204752.7,204752.7,206525.8,1773.1,1773.1,1003.0,0.565676,1,p:2.1.4.1.3.2
U452,18,FUSE1,204786.7,204786.7,206605.4,1818.7,1818.7,1003.0,0.551493,1,p:1.2.3.2.2.1
U453,18,FUSE2,204868.7,204868.7,206646.6,1777.9,1777.9,1035.4,0.582372,1,p:2.3.2.1.1.2
U454,18,FUSE2,204907.5,204907.5,206721.4,1813.9,1813.9,1035.4,0.570814,1,p:1.1.1.2.3.1
U455,18,FUSE2,204984.7,204984.7,206762.6,1777.9,1777.9,1035.4,0.582372,1,p:2.2.5.1.2.2
U456,18,FUSE2,205023.5,205023.5,206857.0,1833.5,1833.5,1035.4,0.564712,1,p:1.3.4.2.1.1
U457,18,FUSE2,205105.5,205105.5,206878.6,1773.1,1773.1,1035.4,0.583949,1,p:2.1.3.1.3.2
U458,18,FUSE2,205139.5,205139.5,206973.0,1833.5,1833.5,1035.4,0.564712,1,p:1.2.2.2.2.1
U459,18,FUSE2,205221.5,205221.5,207016.2,1794.7,1794.7,1035.4,0.576921,1,p:2.3.1.1.1.2
U460,18,FUSE2,205260.3,205260.3,207218.2,1957.9,1957.9,1035.4,0.528832,1,p:1.1.5.2.1.1
U5082,203,FUSE0,205337.5,205337.5,207089.0,1751.5,1751.5,941.0,0.537254,1,p:2.2.4.2.3.1
U5083,203,FUSE0,205376.3,205376.3,207132.2,1755.9,1755.9,941.0,0.535908,1,p:1.3.3.1.2.2
U5084,203,FUSE0,205462.3,205462.3,207248.2,1785.9,1785.9,941.0,0.526905,1,p:2.1.2.1.3.2
U5085,203,FUSE0,205492.3,205492.3,207334.2,1841.9,1841.9,941.0,0.510885,1,p:1.2.1.2.2.1
U5086,203,FUSE0,205578.3,205578.3,207373.0,1794.7,1794.7,941.0,0.524322,1,p:2.3.4.1.1.2
U5087,203,FUSE0,205619.5,205619.5,207450.2,1830.7,1830.7,941.0,0.514011,1,p:1.1.3.2.3.1
U5088,203,FUSE0,205694.3,205694.3,207489.0,1794.7,1794.7,941.0,0.524322,1,p:2.2.5.1.2.2
U5089,203,FUSE0,205735.5,205735.5,207571.0,1835.5,1835.5,941.0,0.512667,1,p:1.3.2.2.1.1
U5090,203,FUSE1,205815.1,205815.1,207605.0,1789.9,1789.9,1003.0,0.560367,1,p:2.1.1.1.3.2
U5091,203,FUSE1,205851.5,205851.5,207687.0,1835.5,1835.5,1003.0,0.546445,1,p:1.2.4.2.2.1
U5092,203,FUSE1,205931.1,205931.1,207725.8,1794.7,1794.7,1003.0,0.558868,1,p:2.3.3.1.1.2
U5093,203,FUSE1,205972.3,205972.3,207803.0,1830.7,1830.7,1003.0,0.547878,1,p:1.1.5.2.3.1
U5094,203,FUSE1,206047.1,206047.1,207841.8,1794.7,1794.7,1003.0,0.558868,1,p:2.2.2.1.2.2
U5095,203,FUSE1,206088.3,206088.3,207923.8,1835.5,1835.5,1003.0,0.546445,1,p:1.3.1.2.1.1
U5096,203,FUSE1,206167.9,206167.9,207957.8,1789.9,1789.9,1003.0,0.560367,1,p:2.1.4.1.3.2
U5097,203,FUSE1,206204.3,206204.3,208039.8,1835.5,1835.5,1003.0,0.546445,1,p:1.2.3.2.2.1
U5098,203,FUSE1,206283.9,206283.9,208078.6,1794.7,1794.7,1003.0,0.558868,1,p:2.3.5.1.1.2
U5099,203,FUSE2,206325.1,206325.1,208155.8,1830.7,1830.7,1035.4,0.565576,1,p:1.1.2.2.3.1
U5100,203,FUSE2,206399.9,206399.9,208194.6,1794.7,1794.7,1035.4,0.576921,1,p:2.2.1.1.2.2
U5101,203,FUSE2,206441.1,206441.1,208293.4,1852.3,1852.3,1035.4,0.558981,1,p:1.3.4.2.1.1
U5102,203,FUSE2,206520.7,206520.7,208310.6,1789.9,1789.9,1035.4,0.578468,1,p:2.1.3.1.3.2
U5103,203,FUSE2,206557.1,206557.1,208409.4,1852.3,1852.3,1035.4,0.558981,1,p:1.2.5.2.2.1
U5104,203,FUSE2,206636.7,206636.7,208448.2,1811.5,1811.5,1035.4,0.571571,1,p:2.3.2.1.1.2
U5105,203,FUSE2,206677.9,206677.9,208525.4,1847.5,1847.5,1035.4,0.560433,1,p:1.1.1.2.3.1
U5106,203,FUSE2,206752.7,206752.7,208680.2,1927.5,1927.5,1035.4,0.537173,1,p:2.2.4.1.3.2
U5107,203,FUSE2,206793.9,206793.9,208762.2,1968.3,1968.3,1035.4,0.526038,1,p:1.3.3.2.2.1
U4340,174,FUSE0,206888.3,206888.3,208564.2,1675.9,1675.9,941.0,0.561489,1,p:2.1.5.1.2.2
U4341,174,FUSE0,206909.9,206909.9,208646.2,1736.3,1736.3,941.0,0.541957,1,p:1.2.2.2.1.1
U4342,174,FUSE0,207004.3,207004.3,208801.0,1796.7,1796.7,941.0,0.523738,1,p:2.3.1.1.1.2
U4343,174,FUSE0,207047.5,207047.5,208878.2,1830.7,1830.7,941.0,0.514011,1,p:1.1.5.2.3.1
U4344,174,FUSE0,207120.3,207120.3,208917.0,1796.7,1796.7,941.0,0.523738,1,p:2.2.2.1.2.2
U4345,174,FUSE0,207163.5,207163.5,208999.0,1835.5,1835.5,941.0,0.512667,1,p:1.3.4.2.1.1
U4346,174,FUSE0,207249.5,207249.5,209033.0,1783.5,1783.5,941.0,0.527614,1,p:2.1.3.1.3.2
U4347,174,FUSE0,207279.5,207279.5,209115.0,1835.5,1835.5,941.0,0.512667,1,p:1.2.1.2.2.1
U4348,174,FUSE0,207365.5,207365.5,209153.8,1788.3,1788.3,941.0,0.526198,1,p:2.3.5.1.1.2
U4349,174,FUSE1,207404.3,207404.3,209231.0,1826.7,1826.7,1003.0,0.549078,1,p:1.1.2.2.3.1
U4350,174,FUSE1,207481.5,207481.5,209269.8,1788.3,1788.3,1003.0,0.560868,1,p:2.2.4.1.2.2
U4351,174,FUSE1,207520.3,207520.3,209351.8,1831.5,1831.5,1003.0,0.547639,1,p:1.3.3.2.1.1
U4352,174,FUSE1,207602.3,207602.3,209385.8,1783.5,1783.5,1003.0,0.562377,1,p:2.1.1.1.3.2
U4353,174,FUSE1,207636.3,207636.3,209467.8,1831.5,1831.5,1003.0,0.547639,1,p:1.2.5.2.2.1
U4354,174,FUSE1,207718.3,207718.3,209506.6,1788.3,1788.3,1003.0,0.560868,1,p:2.3.2.1.1.2
U4355,174,FUSE1,207757.1,207757.1,209583.8,1826.7,1826.7,1003.0,0.549078,1,p:1.1.4.2.3.1
U4356,174,FUSE1,207834.3,207834.3,209622.6,1788.3,1788.3,1003.0,0.560868,1,p:2.2.3.1.2.2
U4357,174,FUSE1,207873.1,207873.1,209704.6,1831.5,1831.5,1003.0,0.547639,1,p:1.3.1.2.1.1
U4358,174,FUSE2,207955.1,207955.1,209738.6,1783.5,1783.5,1035.4,0.580544,1,p:2.1.5.1.3.2
U4359,174,FUSE2,207989.1,207989.1,209820.6,1831.5,1831.5,1035.4,0.565329,1,p:1.2.2.2.2.1
U4360,174,FUSE2,208071.1,208071.1,209859.4,1788.3,1788.3,1035.4,0.578986,1,p:2.3.4.1.1.2
U4361,174,FUSE2,208109.9,208109.9,209936.6,1826.7,1826.7,1035.4,0.566814,1,p:1.1.3.2.3.1
U4362,174,FUSE2,208187.1,208187.1,209975.4,1788.3,1788.3,1035.4,0.578986,1,p:2.2.1.1.2.2
U4363,174,FUSE2,208225.9,208225.9,210057.4,1831.5,1831.5,1035.4,0.565329,1,p:1.3.5.2.1.1
U4364,174,FUSE2,208324.7,208324.7,210091.4,1766.7,1766.7,1035.4,0.586064,1,p:2.1.2.1.3.2
U4365,174,FUSE2,208341.9,208341.9,210289.4,1947.5,1947.5,1035.4,0.531656,1,p:1.2.4.2.3.1
U4366,174,FUSE2,208440.7,208440.7,210218.2,1777.5,1777.5,1035.4,0.582504,1,p:2.3.3.1.1.2
U7874,315,FUSE0,208479.5,208479.5,210173.4,1693.9,1693.9,941.0,0.555523,1,p:1.1.1.2.2.1
U7875,315,FUSE0,208556.7,208556.7,210334.2,1777.5,1777.5,941.0,0.529395,1,p:2.2.5.1.2.2
U7876,315,FUSE0,208595.5,208595.5,210413.0,1817.5,1817.5,941.0,0.517744,1,p:1.3.2.2.1.1
U7877,315,FUSE0,208677.5,208677.5,210571.0,1893.5,1893.5,941.0,0.496963,1,p:2.1.4.1.1.2
U7878,315,FUSE0,208711.5,208711.5,210529.0,1817.5,1817.5,941.0,0.517744,1,p:1.2.3.2.2.1
U7879,315,FUSE0,208793.5,208793.5,210450.2,1656.7,1656.7,941.0,0.567997,1,p:2.3.1.1.3.2
U7880,315,FUSE0,208832.3,208832.3,210645.0,1812.7,1812.7,941.0,0.519115,1,p:1.1.5.2.3.1
U7881,315,FUSE0,208909.5,208909.5,210687.0,1777.5,1777.5,941.0,0.529395,1,p:2.2.2.1.2.2
U7882,315,FUSE0,208948.3,208948.3,210765.8,1817.5,1817.5,941.0,0.517744,1,p:1.3.4.2.1.1
U7883,315,FUSE1,209030.3,209030.3,210803.0,1772.7,1772.7,1003.0,0.565804,1,p:2.1.3.1.3.2
U7884,315,FUSE1,209064.3,209064.3,210881.8,1817.5,1817.5,1003.0,0.551857,1,p:1.2.1.2.2.1
U7885,315,FUSE1,209146.3,209146.3,210923.8,1777.5,1777.5,1003.0,0.564276,1,p:2.3.5.1.1.2
U7886,315,FUSE1,209185.1,209185.1,210997.8,1812.7,1812.7,1003.0,0.553318,1,p:1.1.2.2.3.1
U7887,315,FUSE1,209262.3,209262.3,211039.8,1777.5,1777.5,1003.0,0.564276,1,p:2.2.4.1.2.2
U7888,315,FUSE1,209301.1,209301.1,211118.6,1817.5,1817.5,1003.0,0.551857,1,p:1.3.3.2.1.1
U7889,315,FUSE1,209383.1,209383.1,211155.8,1772.7,1772.7,1003.0,0.565804,1,p:2.1.1.1.3.2
U7890,315,FUSE1,209417.1,209417.1,211234.6,1817.5,1817.5,1003.0,0.551857,1,p:1.2.5.2.2.1
U7891,315,FUSE1,209499.1,209499.1,211276.6,1777.5,1777.5,1003.0,0.564276,1,p:2.3.2.1.1.2
U7892,315,FUSE2,209537.9,209537.9,211350.6,1812.7,1812.7,1035.4,0.571192,1,p:1.1.4.2.3.1
U7893,315,FUSE2,209615.1,209615.1,211392.6,1777.5,1777.5,1035.4,0.582504,1,p:2.2.3.1.2.2
U7894,315,FUSE2,209653.9,209653.9,211471.4,1817.5,1817.5,1035.4,0.569684,1,p:1.3.1.2.1.1
U7895,315,FUSE2,209735.9,209735.9,211508.6,1772.7,1772.7,1035.4,0.584081,1,p:2.1.5.1.3.2
U7896,315,FUSE2,209769.9,209769.9,211587.4,1817.5,1817.5,1035.4,0.569684,1,p:1.2.2.2.2.1
U7897,315,FUSE2,209851.9,209851.9,211629.4,1777.5,1777.5,1035.4,0.582504,1,p:2.3.4.1.1.2
U7898,315,FUSE2,209890.7,209890.7,211703.4,1812.7,1812.7,1035.4,0.571192,1,p:1.1.3.2.3.1
U7899,315,FUSE2,209967.9,209967.9,211745.4,1777.5,1777.5,1035.4,0.582504,1,p:2.2.1.1.2.2
U7900,315,FUSE2,210006.7,210006.7,211824.2,1817.5,1817.5,1035.4,0.569684,1,p:1.3.5.2.1.1
U7901,315,FUSE2,210088.7,210088.7,211940.2,1851.5,1851.5,1035.4,0.559222,1,p:2.1.2.2.2.1
U2178,88,FUSE0,210122.7,210122.7,211861.4,1738.7,1738.7,941.0,0.541209,1,p:1.2.4.1.3.2
U2179,88,FUSE0,210204.7,210204.7,211982.2,1777.5,1777.5,941.0,0.529395,1,p:2.3.3.1.1.2
U2180,88,FUSE0,210249.5,210249.5,212056.2,1806.7,1806.7,941.0,0.520839,1,p:1.1.1.2.3.1
U2181,88,FUSE0,210320.7,210320.7,212098.2,1777.5,1777.5,941.0,0.529395,1,p:2.2.5.1.2.2
U2182,88,FUSE0,210365.5,210365.5,212177.0,1811.5,1811.5,941.0,0.519459,1,p:1.3.4.2.1.1
U2183,88,FUSE0,210444.3,210444.3,212214.2,1769.9,1769.9,941.0,0.531668,1,p:2.1.2.1.3.2
U2184,88,FUSE0,210481.5,210481.5,212293.0,1811.5,1811.5,941.0,0.519459,1,p:1.2.3.2.2.1
U2185,88,FUSE1,210560.3,210560.3,212335.0,1774.7,1774.7,1003.0,0.565166,1,p:2.3.1.1.1.2
U2186,88,FUSE1,210602.3,210602.3,212409.0,1806.7,1806.7,1003.0,0.555156,1,p:1.1.5.2.3.1
U2187,88,FUSE1,210676.3,210676.3,212451.0,1774.7,1774.7,1003.0,0.565166,1,p:2.2.4.1.2.2
U2188,88,FUSE1,210718.3,210718.3,212529.8,1811.5,1811.5,1003.0,0.553685,1,p:1.3.2.2.1.1
U2189,88,FUSE1,210797.1,210797.1,212567.0,1769.9,1769.9,1003.0,0.566699,1,p:2.1.3.1.3.2
U2190,88,FUSE1,210834.3,210834.3,212645.8,1811.5,1811.5,1003.0,0.553685,1,p:1.2.1.2.2.1
U2191,88,FUSE1,210913.1,210913.1,212687.8,1774.7,1774.7,1003.0,0.565166,1,p:2.3.5.1.1.2
U2192,88,FUSE2,210955.1,210955.1,212761.8,1806.7,1806.7,1035.4,0.573089,1,p:1.1.4.2.3.1
U2193,88,FUSE2,211029.1,211029.1,212803.8,1774.7,1774.7,1035.4,0.583423,1,p:2.2.2.1.2.2
U2194,88,FUSE2,211071.1,211071.1,212882.6,1811.5,1811.5,1035.4,0.571571,1,p:1.3.3.2.1.1
U2195,88,FUSE2,211149.9,211149.9,212919.8,1769.9,1769.9,1035.4,0.585005,1,p:2.1.1.1.3.2
U2196,88,FUSE2,211187.1,211187.1,212998.6,1811.5,1811.5,1035.4,0.571571,1,p:1.2.5.2.2.1
U2197,88,FUSE2,211265.9,211265.9,213035.8,1769.9,1769.9,1035.4,0.585005,1,p:2.3.4.1.3.2
U2198,88,FUSE2,211307.9,211307.9,213129.0,1821.1,1821.1,1035.4,0.568557,1,p:1.1.2.2.1.1
U2199,88,FUSE2,211381.9,211381.9,213245.0,1863.1,1863.1,1035.4,0.55574,1,p:2.2.3.2.3.1
U3352,135,FUSE0,211423.9,211423.9,213157.4,1733.5,1733.5,941.0,0.542832,1,p:1.3.1.1.2.2
U3353,135,FUSE0,211502.7,211502.7,213315.0,1812.3,1812.3,941.0,0.51923,1,p:2.1.5.1.1.2
U3354,135,FUSE0,211539.9,211539.9,213361.0,1821.1,1821.1,941.0,0.516721,1,p:1.2.4.2.2.1
U3355,135,FUSE0,211618.7,211618.7,213431.0,1812.3,1812.3,941.0,0.51923,1,p:2.3.2.1.3.2
U3356,135,FUSE0,211660.7,211660.7,213509.8,1849.1,1849.1,941.0,0.508896,1,p:1.1.1.2.1.1
U3357,135,FUSE0,211734.7,211734.7,213547.0,1812.3,1812.3,941.0,0.51923,1,p:2.2.3.1.2.2
U3358,135,FUSE0,211776.7,211776.7,213625.8,1849.1,1849.1,941.0,0.508896,1,p:1.3.5.2.3.1
U3359,135,FUSE0,211855.5,211855.5,213667.8,1812.3,1812.3,941.0,0.51923,1,p:2.1.4.1.1.2
U3360,135,FUSE1,211892.7,211892.7,213741.8,1849.1,1849.1,1003.0,0.542426,1,p:1.2.2.2.2.1
U3361,135,FUSE1,211971.5,211971.5,213783.8,1812.3,1812.3,1003.0,0.55344,1,p:2.3.1.1.3.2
U3362,135,FUSE1,212013.5,212013.5,213862.6,1849.1,1849.1,1003.0,0.542426,1,p:1.1.3.2.1.1
U3363,135,FUSE1,212087.5,212087.5,213899.8,1812.3,1812.3,1003.0,0.55344,1,p:2.2.5.1.2.2
U3364,135,FUSE1,212129.5,212129.5,213978.6,1849.1,1849.1,1003.0,0.542426,1,p:1.3.4.2.3.1
U3365,135,FUSE1,212208.3,212208.3,214020.6,1812.3,1812.3,1003.0,0.55344,1,p:2.1.2.1.1.2
U3366,135,FUSE1,212245.5,212245.5,214094.6,1849.1,1849.1,1003.0,0.542426,1,p:1.2.1.2.2.1
U3367,135,FUSE1,212324.3,212324.3,214136.6,1812.3,1812.3,1003.0,0.55344,1,p:2.3.3.1.3.2
U3368,135,FUSE2,212366.3,212366.3,214215.4,1849.1,1849.1,1035.4,0.559948,1,p:1.1.5.2.1.1
U3369,135,FUSE2,212440.3,212440.3,214252.6,1812.3,1812.3,1035.4,0.571318,1,p:2.2.4.1.2.2
U3370,135,FUSE2,212482.3,212482.3,214331.4,1849.1,1849.1,1035.4,0.559948,1,p:1.3.2.2.3.1
U3371,135,FUSE2,212561.1,212561.1,214373.4,1812.3,1812.3,1035.4,0.571318,1,p:2.1.1.1.1.2
U3372,135,FUSE2,212598.3,212598.3,214447.4,1849.1,1849.1,1035.4,0.559948,1,p:1.2.3.2.2.1
U3373,135,FUSE2,212677.1,212677.1,214489.4,1812.3,1812.3,1035.4,0.571318,1,p:2.3.5.1.3.2
U3374,135,FUSE2,212719.1,212719.1,214684.2,1965.1,1965.1,1035.4,0.526894,1,p:1.1.4.2.3.1
U4291,172,FUSE0,212793.1,212793.1,214605.4,1812.3,1812.3,941.0,0.51923,1,p:2.2.2.1.2.2
U4292,172,FUSE0,212835.1,212835.1,214568.2,1733.1,1733.1,941.0,0.542958,1,p:1.3.1.2.1.1
U4293,172,FUSE0,212913.9,212913.9,214726.2,1812.3,1812.3,941.0,0.51923,1,p:2.1.3.1.1.2
U4294,172,FUSE0,212951.1,212951.1,214800.2,1849.1,1849.1,941.0,0.508896,1,p:1.2.5.2.2.1
U4295,172,FUSE0,213029.9,213029.9,214958.2,1928.3,1928.3,941.0,0.487995,1,p:2.3.4.1.2.2
U4296,172,FUSE0,213067.1,213067.1,214921.0,1853.9,1853.9,941.0,0.507579,1,p:1.1.2.2.1.1
U4297,172,FUSE0,213160.3,213160.3,214842.2,1681.9,1681.9,941.0,0.559486,1,p:2.2.1.1.3.2
U4298,172,FUSE0,213188.7,213188.7,215037.0,1848.3,1848.3,941.0,0.509116,1,p:1.3.3.2.3.1
U4299,172,FUSE1,213276.3,213276.3,215079.0,1802.7,1802.7,1003.0,0.556388,1,p:2.1.5.1.1.2
U4300,172,FUSE1,213346.3,213346.3,215273.8,1927.5,1927.5,1003.0,0.520363,1,p:1.2.4.2.1.1
U4301,172,FUSE1,213392.3,213392.3,215195.0,1802.7,1802.7,1003.0,0.556388,1,p:2.3.2.1.3.2
U4302,172,FUSE1,213462.3,213462.3,215153.0,1690.7,1690.7,1003.0,0.593245,1,p:1.1.1.2.2.1
U4303,172,FUSE1,213541.1,213541.1,215311.0,1769.9,1769.9,1003.0,0.566699,1,p:2.2.3.1.2.2
U4304,172,FUSE1,213578.3,213578.3,215389.8,1811.5,1811.5,1003.0,0.553685,1,p:1.3.5.2.3.1
U4305,172,FUSE1,213657.1,213657.1,215431.8,1774.7,1774.7,1003.0,0.565166,1,p:2.1.4.1.1.2
U4306,172,FUSE1,213699.1,213699.1,215505.8,1806.7,1806.7,1003.0,0.555156,1,p:1.2.2.2.2.1
U4307,172,FUSE2,213773.1,213773.1,215547.8,1774.7,1774.7,1035.4,0.583423,1,p:2.3.1.1.3.2
U4308,172,FUSE2,213815.1,213815.1,215626.6,1811.5,1811.5,1035.4,0.571571,1,p:1.1.3.2.1.1
U4309,172,FUSE2,213893.9,213893.9,215663.8,1769.9,1769.9,1035.4,0.585005,1,p:2.2.5.1.2.2
U4310,172,FUSE2,213931.1,213931.1,215742.6,1811.5,1811.5,1035.4,0.571571,1,p:1.3.4.2.3.1
U4311,172,FUSE2,214009.9,214009.9,215784.6,1774.7,1774.7,1035.4,0.583423,1,p:2.1.2.1.1.2
U4312,172,FUSE2,214051.9,214051.9,215858.6,1806.7,1806.7,1035.4,0.573089,1,p:1.2.1.2.2.1
U4313,172,FUSE2,214125.9,214125.9,215900.6,1774.7,1774.7,1035.4,0.583423,1,p:2.3.3.1.3.2
U5305,212,FUSE0,214167.9,214167.9,215996.6,1828.7,1828.7,941.0,0.514573,1,p:1.1.5.2.1.1
U5306,212,FUSE0,214246.7,214246.7,216016.6,1769.9,1769.9,941.0,0.531668,1,p:2.2.4.1.2.2
U5307,212,FUSE0,214283.9,214283.9,216112.6,1828.7,1828.7,941.0,0.514573,1,p:1.3.2.2.3.1
U5308,212,FUSE0,214362.7,214362.7,216151.4,1788.7,1788.7,941.0,0.52608,1,p:2.1.1.1.1.2
U5309,212,FUSE0,214404.7,214404.7,216228.6,1823.9,1823.9,941.0,0.515927,1,p:1.2.3.2.2.1
U5310,212,FUSE0,214478.7,214478.7,216267.4,1788.7,1788.7,941.0,0.52608,1,p:2.3.5.1.3.2
U5311,212,FUSE0,214520.7,214520.7,216349.4,1828.7,1828.7,941.0,0.514573,1,p:1.1.4.2.1.1
U5312,212,FUSE0,214599.5,214599.5,216383.4,1783.9,1783.9,941.0,0.527496,1,p:2.2.2.1.2.2
U5313,212,FUSE1,214636.7,214636.7,216465.4,1828.7,1828.7,1003.0,0.548477,1,p:1.3.1.2.3.1
U5314,212,FUSE1,214715.5,214715.5,216504.2,1788.7,1788.7,1003.0,0.560742,1,p:2.1.3.1.1.2
U5315,212,FUSE1,214757.5,214757.5,216581.4,1823.9,1823.9,1003.0,0.549921,1,p:1.2.5.2.2.1
U5316,212,FUSE1,214831.5,214831.5,216620.2,1788.7,1788.7,1003.0,0.560742,1,p:2.3.4.1.3.2
U5317,212,FUSE1,214873.5,214873.5,216702.2,1828.7,1828.7,1003.0,0.548477,1,p:1.1.2.2.1.1
U5318,212,FUSE1,214952.3,214952.3,216736.2,1783.9,1783.9,1003.0,0.562251,1,p:2.2.1.1.2.2
U5319,212,FUSE1,214989.5,214989.5,216818.2,1828.7,1828.7,1003.0,0.548477,1,p:1.3.3.2.3.1
U5320,212,FUSE1,215068.3,215068.3,216857.0,1788.7,1788.7,1003.0,0.560742,1,p:2.1.5.1.1.2
U5321,212,FUSE2,215110.3,215110.3,216934.2,1823.9,1823.9,1035.4,0.567685,1,p:1.2.4.2.2.1
U5322,212,FUSE2,215184.3,215184.3,216973.0,1788.7,1788.7,1035.4,0.578856,1,p:2.3.2.1.3.2
U5323,212,FUSE2,215226.3,215226.3,217055.0,1828.7,1828.7,1035.4,0.566195,1,p:1.1.1.2.1.1
U5324,212,FUSE2,215305.1,215305.1,217089.0,1783.9,1783.9,1035.4,0.580414,1,p:2.2.3.1.2.2
U5325,212,FUSE2,215342.3,215342.3,217171.0,1828.7,1828.7,1035.4,0.566195,1,p:1.3.5.2.3.1
U5326,212,FUSE2,215421.1,215421.1,217210.2,1789.1,1789.1,1035.4,0.578727,1,p:2.1.4.1.1.2
U5327,212,FUSE2,215463.1,215463.1,217287.0,1823.9,1823.9,1035.4,0.567685,1,p:1.2.2.2.2.1
U5328,212,FUSE2,215537.1,215537.1,217442.2,1905.1,1905.1,1035.4,0.543489,1,p:2.3.1.1.2.2
U3607,145,FUSE0,215579.1,215579.1,217326.2,1747.1,1747.1,941.0,0.538607,1,p:1.1.3.1.3.2
U3608,145,FUSE0,215657.9,215657.9,217407.8,1749.9,1749.9,941.0,0.537745,1,p:2.2.5.2.1.1
U3609,145,FUSE0,215695.1,215695.1,217523.8,1828.7,1828.7,941.0,0.514573,1,p:1.3.4.2.3.1
U3610,145,FUSE0,215773.9,215773.9,217563.0,1789.1,1789.1,941.0,0.525963,1,p:2.1.2.1.1.2
U3611,145,FUSE0,215815.9,215815.9,217639.8,1823.9,1823.9,941.0,0.515927,1,p:1.2.3.2.2.1
U3612,145,FUSE0,215889.9,215889.9,217679.0,1789.1,1789.1,941.0,0.525963,1,p:2.3.5.1.3.2
U3613,145,FUSE0,215931.9,215931.9,217760.6,1828.7,1828.7,941.0,0.514573,1,p:1.1.1.2.1.1
U3614,145,FUSE0,216027.9,216027.9,217795.0,1767.1,1767.1,941.0,0.532511,1,p:2.2.4.1.2.2
U3615,145,FUSE0,216047.9,216047.9,217876.6,1828.7,1828.7,941.0,0.514573,1,p:1.3.2.2.3.1
U3616,145,FUSE0,216143.9,216143.9,217915.8,1771.9,1771.9,941.0,0.531068,1,p:2.1.3.1.1.2
U3617,145,FUSE1,216182.7,216182.7,217992.6,1809.9,1809.9,1003.0,0.554174,1,p:1.2.5.2.2.1
U3618,145,FUSE1,216259.9,216259.9,218031.8,1771.9,1771.9,1003.0,0.566059,1,p:2.3.1.1.3.2
U3619,145,FUSE1,216298.7,216298.7,218113.4,1814.7,1814.7,1003.0,0.552708,1,p:1.1.4.2.1.1
U3620,145,FUSE1,216380.7,216380.7,218147.8,1767.1,1767.1,1003.0,0.567597,1,p:2.2.2.1.2.2
U3621,145,FUSE1,216414.7,216414.7,218229.4,1814.7,1814.7,1003.0,0.552708,1,p:1.3.3.2.3.1
U3622,145,FUSE1,216496.7,216496.7,218268.6,1771.9,1771.9,1003.0,0.566059,1,p:2.1.5.1.1.2
U3623,145,FUSE1,216535.5,216535.5,218345.4,1809.9,1809.9,1003.0,0.554174,1,p:1.2.1.2.2.1
U3624,145,FUSE1,216612.7,216612.7,218384.6,1771.9,1771.9,1003.0,0.566059,1,p:2.3.4.1.3.2
U3625,145,FUSE1,216651.5,216651.5,218466.2,1814.7,1814.7,1003.0,0.552708,1,p:1.1.2.2.1.1
U3626,145,FUSE1,216733.5,216733.5,218500.6,1767.1,1767.1,1003.0,0.567597,1,p:2.2.3.1.2.2
U3627,145,FUSE2,216767.5,216767.5,218582.2,1814.7,1814.7,1035.4,0.570563,1,p:1.3.5.2.3.1
U3628,145,FUSE2,216849.5,216849.5,218621.4,1771.9,1771.9,1035.4,0.584344,1,p:2.1.1.1.1.2
U3629,145,FUSE2,216888.3,216888.3,218698.2,1809.9,1809.9,1035.4,0.572076,1,p:1.2.4.2.2.1
U3630,145,FUSE2,216965.5,216965.5,218737.4,1771.9,1771.9,1035.4,0.584344,1,p:2.3.2.1.3.2
U3631,145,FUSE2,217004.3,217004.3,218819.0,1814.7,1814.7,1035.4,0.570563,1,p:1.1.3.2.1.1
U3632,145,FUSE2,217086.3,217086.3,218853.4,1767.1,1767.1,1035.4,0.585932,1,p:2.2.5.1.2.2
U3633,145,FUSE2,217120.3,217120.3,218935.0,1814.7,1814.7,1035.4,0.570563,1,p:1.3.1.2.3.1
U3634,145,FUSE2,217202.3,217202.3,219051.0,1848.7,1848.7,1035.4,0.560069,1,p:2.1.4.2.2.1
U3635,145,FUSE2,217241.5,217241.5,219097.4,1855.9,1855.9,1035.4,0.557896,1,p:1.2.2.1.3.2
U2916,117,FUSE0,217318.3,217318.3,218981.4,1663.1,1663.1,941.0,0.565811,1,p:2.3.3.1.1.2
U2917,117,FUSE0,217357.5,217357.5,219176.2,1818.7,1818.7,941.0,0.517403,1,p:1.1.5.2.1.1
U2918,117,FUSE0,217439.1,217439.1,219213.4,1774.3,1774.3,941.0,0.53035,1,p:2.2.1.1.2.2
U2919,117,FUSE0,217473.5,217473.5,219292.2,1818.7,1818.7,941.0,0.517403,1,p:1.3.3.2.3.1
U2920,117,FUSE0,217555.1,217555.1,219334.2,1779.1,1779.1,941.0,0.528919,1,p:2.1.4.1.1.2
U2921,117,FUSE0,217594.3,217594.3,219408.2,1813.9,1813.9,941.0,0.518772,1,p:1.2.2.2.2.1
U2922,117,FUSE0,217671.1,217671.1,219450.2,1779.1,1779.1,941.0,0.528919,1,p:2.3.5.1.3.2
U2923,117,FUSE0,217710.3,217710.3,219529.0,1818.7,1818.7,941.0,0.517403,1,p:1.1.1.2.1.1
U2924,117,FUSE1,217791.9,217791.9,219566.2,1774.3,1774.3,1003.0,0.565293,1,p:2.2.3.1.2.2
U2925,117,FUSE1,217826.3,217826.3,219645.0,1818.7,1818.7,1003.0,0.551493,1,p:1.3.4.2.3.1
U2926,117,FUSE1,217907.9,217907.9,219687.0,1779.1,1779.1,1003.0,0.563768,1,p:2.1.2.1.1.2
U2927,117,FUSE1,217947.1,217947.1,219761.0,1813.9,1813.9,1003.0,0.552952,1,p:1.2.5.2.2.1
U2928,117,FUSE1,218023.9,218023.9,219803.0,1779.1,1779.1,1003.0,0.563768,1,p:2.3.1.1.3.2
U2929,117,FUSE1,218063.1,218063.1,219881.8,1818.7,1818.7,1003.0,0.551493,1,p:1.1.3.2.1.1
U2930,117,FUSE1,218144.7,218144.7,219919.0,1774.3,1774.3,1003.0,0.565293,1,p:2.2.4.1.2.2
U2931,117,FUSE1,218179.1,218179.1,219997.8,1818.7,1818.7,1003.0,0.551493,1,p:1.3.2.2.3.1
U2932,117,FUSE2,218260.7,218260.7,220039.8,1779.1,1779.1,1035.4,0.58198,1,p:2.1.5.1.1.2
U2933,117,FUSE2,218299.9,218299.9,220113.8,1813.9,1813.9,1035.4,0.570814,1,p:1.2.1.2.2.1
U2934,117,FUSE2,218376.7,218376.7,220155.8,1779.1,1779.1,1035.4,0.58198,1,p:2.3.3.1.3.2
U2935,117,FUSE2,218415.9,218415.9,220234.6,1818.7,1818.7,1035.4,0.569308,1,p:1.1.4.2.1.1
U2936,117,FUSE2,218497.5,218497.5,220271.8,1774.3,1774.3,1035.4,0.583554,1,p:2.2.2.1.2.2
U2937,117,FUSE2,218531.9,218531.9,220350.6,1818.7,1818.7,1035.4,0.569308,1,p:1.3.5.2.3.1
U2938,117,FUSE2,218613.5,218613.5,220392.6,1779.1,1779.1,1035.4,0.58198,1,p:2.1.1.1.1.2
U2939,117,FUSE2,218652.7,218652.7,220587.8,1935.1,1935.1,1035.4,0.535063,1,p:1.2.3.2.1.1
U6152,246,FUSE0,218729.5,218729.5,220466.6,1737.1,1737.1,941.0,0.541707,1,p:2.3.4.2.2.1
U6153,246,FUSE0,218768.7,218768.7,220508.6,1739.9,1739.9,941.0,0.540836,1,p:1.1.2.1.3.2
U6154,246,FUSE0,218850.3,218850.3,220624.6,1774.3,1774.3,941.0,0.53035,1,p:2.2.5.1.2.2
U6155,246,FUSE0,218884.7,218884.7,220703.8,1819.1,1819.1,941.0,0.517289,1,p:1.3.1.2.3.1
U6156,246,FUSE0,218966.3,218966.3,220745.4,1779.1,1779.1,941.0,0.528919,1,p:2.1.4.1.1.2
U6157,246,FUSE0,219012.7,219012.7,220819.8,1807.1,1807.1,941.0,0.520724,1,p:1.2.2.2.2.1
U6158,246,FUSE0,219082.3,219082.3,220861.4,1779.1,1779.1,941.0,0.528919,1,p:2.3.3.1.3.2
U6159,246,FUSE0,219128.7,219128.7,220940.6,1811.9,1811.9,941.0,0.519344,1,p:1.1.5.2.1.1
U6160,246,FUSE0,219207.5,219207.5,220977.4,1769.9,1769.9,941.0,0.531668,1,p:2.2.1.1.2.2
U6161,246,FUSE1,219244.7,219244.7,221056.6,1811.9,1811.9,1003.0,0.553563,1,p:1.3.4.2.3.1
U6162,246,FUSE1,219323.5,219323.5,221098.2,1774.7,1774.7,1003.0,0.565166,1,p:2.1.2.1.1.2
U6163,246,FUSE1,219365.5,219365.5,221172.6,1807.1,1807.1,1003.0,0.555033,1,p:1.2.3.2.2.1
U6164,246,FUSE1,219439.5,219439.5,221214.2,1774.7,1774.7,1003.0,0.565166,1,p:2.3.5.1.3.2
U6165,246,FUSE1,219481.5,219481.5,221293.4,1811.9,1811.9,1003.0,0.553563,1,p:1.1.1.2.1.1
U6166,246,FUSE1,219560.3,219560.3,221330.2,1769.9,1769.9,1003.0,0.566699,1,p:2.2.4.1.2.2
U6167,246,FUSE1,219597.5,219597.5,221409.4,1811.9,1811.9,1003.0,0.553563,1,p:1.3.2.2.3.1
U6168,246,FUSE1,219676.3,219676.3,221451.0,1774.7,1774.7,1003.0,0.565166,1,p:2.1.3.1.1.2
U6169,246,FUSE1,219718.3,219718.3,221525.4,1807.1,1807.1,1003.0,0.555033,1,p:1.2.5.2.2.1
U6170,246,FUSE2,219792.3,219792.3,221567.0,1774.7,1774.7,1035.4,0.583423,1,p:2.3.1.1.3.2
U6171,246,FUSE2,219834.3,219834.3,221646.2,1811.9,1811.9,1035.4,0.571444,1,p:1.1.4.2.1.1
U6172,246,FUSE2,219913.1,219913.1,221683.0,1769.9,1769.9,1035.4,0.585005,1,p:2.2.2.1.2.2
U6173,246,FUSE2,219950.3,219950.3,221762.2,1811.9,1811.9,1035.4,0.571444,1,p:1.3.3.2.3.1
U6174,246,FUSE2,220029.1,220029.1,221803.8,1774.7,1774.7,1035.4,0.583423,1,p:2.1.5.1.1.2
U6175,246,FUSE2,220071.1,220071.1,221878.2,1807.1,1807.1,1035.4,0.572962,1,p:1.2.1.2.2.1
U6176,246,FUSE2,220145.1,220145.1,221919.8,1774.7,1774.7,1035.4,0.583423,1,p:2.3.4.1.3.2
U6177,246,FUSE2,220187.1,220187.1,221999.0,1811.9,1811.9,1035.4,0.571444,1,p:1.1.2.2.1.1
U6178,246,FUSE2,220265.9,220265.9,222035.8,1769.9,1769.9,1035.4,0.585005,1,p:2.2.3.1.2.2
U410,17,FUSE0,220303.1,220303.1,222115.0,1811.9,1811.9,941.0,0.519344,1,p:1.3.5.2.3.1
U411,17,FUSE0,220381.9,220381.9,222187.0,1805.1,1805.1,941.0,0.521301,1,p:2.1.1.1.1.2
U412,17,FUSE0,220423.9,220423.9,222231.0,1807.1,1807.1,941.0,0.520724,1,p:1.2.4.2.2.1
U413,17,FUSE0,220497.9,220497.9,222303.0,1805.1,1805.1,941.0,0.521301,1,p:2.3.2.1.3.2
U414,17,FUSE0,220539.9,220539.9,222381.8,1841.9,1841.9,941.0,0.510885,1,p:1.1.3.2.1.1
U415,17,FUSE0,220619.1,220619.1,222419.0,1799.9,1799.9,941.0,0.522807,1,p:2.2.5.1.2.2
U416,17,FUSE0,220655.9,220655.9,222497.8,1841.9,1841.9,941.0,0.510885,1,p:1.3.1.2.3.1
U417,17,FUSE0,220735.1,220735.1,222539.8,1804.7,1804.7,941.0,0.521416,1,p:2.1.4.1.1.2
U418,17,FUSE0,220776.7,220776.7,222613.8,1837.1,1837.1,941.0,0.51222,1,p:1.2.2.2.2.1
U419,17,FUSE1,220851.1,220851.1,222655.8,1804.7,1804.7,1003.0,0.555771,1,p:2.3.3.1.3.2
U420,17,FUSE1,220892.7,220892.7,222734.6,1841.9,1841.9,1003.0,0.544546,1,p:1.1.5.2.1.1
U421,17,FUSE1,220971.9,220971.9,222771.8,1799.9,1799.9,1003.0,0.557253,1,p:2.2.1.1.2.2
U422,17,FUSE1,221008.7,221008.7,222850.6,1841.9,1841.9,1003.0,0.544546,1,p:1.3.4.2.3.1
U423,17,FUSE1,221087.9,221087.9,222892.6,1804.7,1804.7,1003.0,0.555771,1,p:2.1.2.1.1.2
U424,17,FUSE1,221129.5,221129.5,222966.6,1837.1,1837.1,1003.0,0.545969,1,p:1.2.3.2.2.1
U425,17,FUSE1,221203.9,221203.9,223008.6,1804.7,1804.7,1003.0,0.555771,1,p:2.3.5.1.3.2
U426,17,FUSE1,221245.5,221245.5,223087.4,1841.9,1841.9,1003.0,0.544546,1,p:1.1.1.2.1.1
U427,17,FUSE1,221324.7,221324.7,223124.6,1799.9,1799.9,1003.0,0.557253,1,p:2.2.4.1.2.2
U428,17,FUSE2,221361.5,221361.5,223203.4,1841.9,1841.9,1035.4,0.562137,1,p:1.3.2.2.3.1
U429,17,FUSE2,221440.7,221440.7,223245.4,1804.7,1804.7,1035.4,0.573724,1,p:2.1.3.1.1.2
U430,17,FUSE2,221482.3,221482.3,223319.4,1837.1,1837.1,1035.4,0.563606,1,p:1.2.5.2.2.1
U431,17,FUSE2,221556.7,221556.7,223361.4,1804.7,1804.7,1035.4,0.573724,1,p:2.3.1.1.3.2
U432,17,FUSE2,221598.3,221598.3,223440.2,1841.9,1841.9,1035.4,0.562137,1,p:1.1.4.2.1.1
U433,17,FUSE2,221677.5,221677.5,223477.4,1799.9,1799.9,1035.4,0.575254,1,p:2.2.2.1.2.2
U434,17,FUSE2,221714.3,221714.3,223556.2,1841.9,1841.9,1035.4,0.562137,1,p:1.3.3.2.3.1
U435,17,FUSE2,221793.5,221793.5,223598.2,1804.7,1804.7,1035.4,0.573724,1,p:2.1.5.1.1.2
U436,17,FUSE2,221835.1,221835.1,223672.2,1837.1,1837.1,1035.4,0.563606,1,p:1.2.1.2.2.1
U1737,70,FUSE0,221909.5,221909.5,223714.2,1804.7,1804.7,941.0,0.521416,1,p:2.3.4.1.3.2
U1738,70,FUSE0,221951.1,221951.1,223793.0,1841.9,1841.9,941.0,0.510885,1,p:1.1.2.2.1.1
U1739,70,FUSE0,222030.3,222030.3,223830.2,1799.9,1799.9,941.0,0.522807,1,p:2.2.3.1.2.2
U1740,70,FUSE0,222067.1,222067.1,223909.0,1841.9,1841.9,941.0,0.510885,1,p:1.3.5.2.3.1
U1741,70,FUSE0,222146.3,222146.3,223951.0,1804.7,1804.7,941.0,0.521416,1,p:2.1.1.1.1.2
U1742,70,FUSE0,222218.3,222218.3,224025.0,1806.7,1806.7,941.0,0.520839,1,p:1.2.4.2.2.1
U1743,70,FUSE0,222262.3,222262.3,224067.0,1804.7,1804.7,941.0,0.521416,1,p:2.3.2.1.3.2
U1744,70,FUSE0,222334.3,222334.3,224145.8,1811.5,1811.5,941.0,0.519459,1,p:1.1.3.2.1.1
U1745,70,FUSE1,222413.1,222413.1,224183.0,1769.9,1769.9,1003.0,0.566699,1,p:2.2.5.1.2.2
U1746,70,FUSE1,222450.3,222450.3,224261.8,1811.5,1811.5,1003.0,0.553685,1,p:1.3.1.2.3.1
U1747,70,FUSE1,222529.1,222529.1,224303.8,1774.7,1774.7,1003.0,0.565166,1,p:2.1.4.1.1.2
U1748,70,FUSE1,222571.1,222571.1,224377.8,1806.7,1806.7,1003.0,0.555156,1,p:1.2.2.2.2.1
U1749,70,FUSE1,222645.1,222645.1,224419.8,1774.7,1774.7,1003.0,0.565166,1,p:2.3.3.1.3.2
U1750,70,FUSE1,222687.1,222687.1,224498.6,1811.5,1811.5,1003.0,0.553685,1,p:1.1.5.2.1.1
U1751,70,FUSE1,222765.9,222765.9,224535.8,1769.9,1769.9,1003.0,0.566699,1,p:2.2.1.1.2.2
U1752,70,FUSE1,222803.1,222803.1,224614.6,1811.5,1811.5,1003.0,0.553685,1,p:1.3.4.2.3.1
U1753,70,FUSE2,222881.9,222881.9,224656.6,1774.7,1774.7,1035.4,0.583423,1,p:2.1.2.1.1.2
U1754,70,FUSE2,222923.9,222923.9,224730.6,1806.7,1806.7,1035.4,0.573089,1,p:1.2.3.2.2.1
U1755,70,FUSE2,222997.9,222997.9,224772.6,1774.7,1774.7,1035.4,0.583423,1,p:2.3.5.1.3.2
U1756,70,FUSE2,223039.9,223039.9,224851.4,1811.5,1811.5,1035.4,0.571571,1,p:1.1.1.2.1.1
U1757,70,FUSE2,223118.7,223118.7,224888.6,1769.9,1769.9,1035.4,0.585005,1,p:2.2.4.1.2.2
U1758,70,FUSE2,223155.9,223155.9,224967.4,1811.5,1811.5,1035.4,0.571571,1,p:1.3.2.2.3.1
U1759,70,FUSE2,223234.7,223234.7,225009.4,1774.7,1774.7,1035.4,0.583423,1,p:2.1.3.1.1.2
U1760,70,FUSE2,223276.7,223276.7,225125.4,1848.7,1848.7,1035.4,0.560069,1,p:1.2.5.1.3.2
U5358,214,FUSE0,223350.7,223350.7,225083.4,1732.7,1732.7,941.0,0.543083,1,p:2.3.1.2.2.1
U5359,214,FUSE0,223392.7,223392.7,225204.2,1811.5,1811.5,941.0,0.519459,1,p:1.1.4.2.1.1
U5360,214,FUSE0,223471.5,223471.5,225241.4,1769.9,1769.9,941.0,0.531668,1,p:2.2.2.1.2.2
U5361,214,FUSE0,223508.7,223508.7,225320.2,1811.5,1811.5,941.0,0.519459,1,p:1.3.3.2.3.1
U5362,214,FUSE0,223587.5,223587.5,225362.2,1774.7,1774.7,941.0,0.53023,1,p:2.1.1.1.1.2
U5363,214,FUSE0,223629.5,223629.5,225436.2,1806.7,1806.7,941.0,0.520839,1,p:1.2.5.2.2.1
U5364,214,FUSE0,223703.5,223703.5,225478.2,1774.7,1774.7,941.0,0.53023,1,p:2.3.4.1.3.2
U5365,214,FUSE0,223745.5,223745.5,225557.0,1811.5,1811.5,941.0,0.519459,1,p:1.1.2.2.1.1
U5366,214,FUSE1,223824.3,223824.3,225594.2,1769.9,1769.9,1003.0,0.566699,1,p:2.2.3.1.2.2
U5367,214,FUSE1,223861.5,223861.5,225673.0,1811.5,1811.5,1003.0,0.553685,1,p:1.3.1.2.3.1
U5368,214,FUSE1,223940.3,223940.3,225715.0,1774.7,1774.7,1003.0,0.565166,1,p:2.1.5.1.1.2
U5369,214,FUSE1,223982.3,223982.3,225789.0,1806.7,1806.7,1003.0,0.555156,1,p:1.2.4.2.2.1
U5370,214,FUSE1,224056.3,224056.3,225831.0,1774.7,1774.7,1003.0,0.565166,1,p:2.3.2.1.3.2
U5371,214,FUSE1,224098.3,224098.3,225909.8,1811.5,1811.5,1003.0,0.553685,1,p:1.1.3.2.1.1
U5372,214,FUSE1,224177.1,224177.1,225947.0,1769.9,1769.9,1003.0,0.566699,1,p:2.2.1.1.2.2
U5373,214,FUSE1,224214.3,224214.3,226025.8,1811.5,1811.5,1003.0,0.553685,1,p:1.3.5.2.3.1
U5374,214,FUSE2,224293.1,224293.1,226067.8,1774.7,1774.7,1035.4,0.583423,1,p:2.1.4.1.1.2
U5375,214,FUSE2,224335.1,224335.1,226141.8,1806.7,1806.7,1035.4,0.573089,1,p:1.2.2.2.2.1
U5376,214,FUSE2,224409.1,224409.1,226183.8,1774.7,1774.7,1035.4,0.583423,1,p:2.3.3.1.3.2
U5377,214,FUSE2,224451.1,224451.1,226262.6,1811.5,1811.5,1035.4,0.571571,1,p:1.1.1.2.1.1
U5378,214,FUSE2,224529.9,224529.9,226299.8,1769.9,1769.9,1035.4,0.585005,1,p:2.2.5.1.2.2
U5379,214,FUSE2,224567.1,224567.1,226378.6,1811.5,1811.5,1035.4,0.571571,1,p:1.3.4.2.3.1
U5380,214,FUSE2,224645.9,224645.9,226420.6,1774.7,1774.7,1035.4,0.583423,1,p:2.1.2.1.1.2
U5381,214,FUSE2,224687.9,224687.9,226615.4,1927.5,1927.5,1035.4,0.537173,1,p:1.2.3.2.1.1
U5202,208,FUSE0,224761.9,224761.9,226494.6,1732.7,1732.7,941.0,0.543083,1,p:2.3.1.2.2.1
U5203,208,FUSE0,224803.9,224803.9,226536.6,1732.7,1732.7,941.0,0.543083,1,p:1.1.5.1.3.2
U5204,208,FUSE0,224882.7,224882.7,226652.6,1769.9,1769.9,941.0,0.531668,1,p:2.2.4.1.2.2
U5205,208,FUSE0,224919.9,224919.9,226731.4,1811.5,1811.5,941.0,0.519459,1,p:1.3.2.2.3.1
U5206,208,FUSE0,224998.7,224998.7,226773.4,1774.7,1774.7,941.0,0.53023,1,p:2.1.1.1.1.2
U5207,208,FUSE0,225040.7,225040.7,226847.4,1806.7,1806.7,941.0,0.520839,1,p:1.2.5.2.2.1
U5208,208,FUSE0,225114.7,225114.7,226889.4,1774.7,1774.7,941.0,0.53023,1,p:2.3.3.1.3.2
U5209,208,FUSE0,225156.7,225156.7,226968.2,1811.5,1811.5,941.0,0.519459,1,p:1.1.4.2.1.1
U5210,208,FUSE0,225235.5,225235.5,227005.4,1769.9,1769.9,941.0,0.531668,1,p:2.2.2.1.2.2
U5211,208,FUSE1,225272.7,225272.7,227084.2,1811.5,1811.5,1003.0,0.553685,1,p:1.3.1.2.3.1
U5212,208,FUSE1,225351.5,225351.5,227126.2,1774.7,1774.7,1003.0,0.565166,1,p:2.1.5.1.1.2
U5213,208,FUSE1,225393.5,225393.5,227200.2,1806.7,1806.7,1003.0,0.555156,1,p:1.2.3.2.2.1
U5214,208,FUSE1,225467.5,225467.5,227242.2,1774.7,1774.7,1003.0,0.565166,1,p:2.3.4.1.3.2
U5215,208,FUSE1,225509.5,225509.5,227321.0,1811.5,1811.5,1003.0,0.553685,1,p:1.1.2.2.1.1
U5216,208,FUSE1,225588.3,225588.3,227358.2,1769.9,1769.9,1003.0,0.566699,1,p:2.2.1.1.2.2
U5217,208,FUSE1,225625.5,225625.5,227437.0,1811.5,1811.5,1003.0,0.553685,1,p:1.3.5.2.3.1
U5218,208,FUSE1,225704.3,225704.3,227479.0,1774.7,1774.7,1003.0,0.565166,1,p:2.1.3.1.1.2
U5219,208,FUSE1,225746.3,225746.3,227553.0,1806.7,1806.7,1003.0,0.555156,1,p:1.2.4.2.2.1
U5220,208,FUSE2,225820.3,225820.3,227595.0,1774.7,1774.7,1035.4,0.583423,1,p:2.3.2.1.3.2
U5221,208,FUSE2,225862.3,225862.3,227673.8,1811.5,1811.5,1035.4,0.571571,1,p:1.1.1.2.1.1
U5222,208,FUSE2,225941.1,225941.1,227711.0,1769.9,1769.9,1035.4,0.585005,1,p:2.2.5.1.2.2
U5223,208,FUSE2,225978.3,225978.3,227789.8,1811.5,1811.5,1035.4,0.571571,1,p:1.3.3.2.3.1
U5224,208,FUSE2,226057.1,226057.1,227831.8,1774.7,1774.7,1035.4,0.583423,1,p:2.1.4.1.1.2
U5225,208,FUSE2,226099.1,226099.1,227905.8,1806.7,1806.7,1035.4,0.573089,1,p:1.2.2.2.2.1
U5226,208,FUSE2,226173.1,226173.1,227947.8,1774.7,1774.7,1035.4,0.583423,1,p:2.3.1.1.3.2
U5227,208,FUSE2,226215.1,226215.1,228142.6,1927.5,1927.5,1035.4,0.537173,1,p:1.1.5.2.3.1
U1613,65,FUSE0,226293.9,226293.9,228063.8,1769.9,1769.9,941.0,0.531668,1,p:2.2.3.1.2.2
U1614,65,FUSE0,226331.1,226331.1,228026.6,1695.5,1695.5,941.0,0.554999,1,p:1.3.4.2.1.1
U1615,65,FUSE0,226409.9,226409.9,228184.6,1774.7,1774.7,941.0,0.53023,1,p:2.1.2.1.1.2
U1616,65,FUSE0,226451.9,226451.9,228379.4,1927.5,1927.5,941.0,0.488197,1,p:1.2.3.2.1.1
U1617,65,FUSE0,226525.9,226525.9,228300.6,1774.7,1774.7,941.0,0.53023,1,p:2.3.4.1.3.2
U1618,65,FUSE0,226567.9,226567.9,228258.6,1690.7,1690.7,941.0,0.556574,1,p:1.1.1.2.2.1
U1619,65,FUSE0,226646.7,226646.7,228416.6,1769.9,1769.9,941.0,0.531668,1,p:2.2.5.1.2.2
U1620,65,FUSE0,226683.9,226683.9,228495.4,1811.5,1811.5,941.0,0.519459,1,p:1.3.2.2.3.1
U1621,65,FUSE1,226762.7,226762.7,228653.4,1890.7,1890.7,1003.0,0.530491,1,p:2.1.3.1.3.2
U1622,65,FUSE1,226804.7,226804.7,228611.4,1806.7,1806.7,1003.0,0.555156,1,p:1.2.4.2.2.1
U1623,65,FUSE1,226878.7,226878.7,228537.4,1658.7,1658.7,1003.0,0.60469,1,p:2.3.1.1.1.2
U1624,65,FUSE1,226920.7,226920.7,228732.2,1811.5,1811.5,1003.0,0.553685,1,p:1.1.5.2.1.1
U1625,65,FUSE1,226999.5,226999.5,228769.4,1769.9,1769.9,1003.0,0.566699,1,p:2.2.2.1.2.2
U1626,65,FUSE1,227036.7,227036.7,228964.2,1927.5,1927.5,1003.0,0.520363,1,p:1.3.3.2.2.1
U1627,65,FUSE1,227115.5,227115.5,228890.2,1774.7,1774.7,1003.0,0.565166,1,p:2.1.4.1.1.2
U1628,65,FUSE1,227157.5,227157.5,228848.2,1690.7,1690.7,1003.0,0.593245,1,p:1.2.1.2.3.1
U1629,65,FUSE1,227231.5,227231.5,229006.2,1774.7,1774.7,1003.0,0.565166,1,p:2.3.5.1.3.2
U1630,65,FUSE2,227273.5,227273.5,229085.0,1811.5,1811.5,1035.4,0.571571,1,p:1.1.2.2.1.1
U1631,65,FUSE2,227352.3,227352.3,229243.0,1890.7,1890.7,1035.4,0.547628,1,p:2.2.3.1.1.2
U1632,65,FUSE2,227389.5,227389.5,229201.0,1811.5,1811.5,1035.4,0.571571,1,p:1.3.4.2.3.1
U1633,65,FUSE2,227468.3,227468.3,229122.2,1653.9,1653.9,1035.4,0.626035,1,p:2.1.1.1.2.2
U1634,65,FUSE2,227510.3,227510.3,229317.0,1806.7,1806.7,1035.4,0.573089,1,p:1.2.5.2.2.1
U1635,65,FUSE2,227584.3,227584.3,229359.0,1774.7,1774.7,1035.4,0.583423,1,p:2.3.2.1.3.2
U1636,65,FUSE2,227626.3,227626.3,229571.0,1944.7,1944.7,1035.4,0.532421,1,p:1.1.3.2.3.1
U1637,65,FUSE2,227705.1,227705.1,229609.8,1904.7,1904.7,1035.4,0.543603,1,p:2.2.4.1.2.2
U1638,65,FUSE2,227742.3,227742.3,229455.0,1712.7,1712.7,1035.4,0.604543,1,p:1.3.1.2.2.1
U203,9,FUSE0,227821.1,227821.1,229478.2,1657.1,1657.1,941.0,0.56786,1,p:2.1.5.1.1.2
U204,9,FUSE0,227863.1,227863.1,229689.4,1826.3,1826.3,941.0,0.515249,1,p:1.2.2.1.3.1
U205,9,FUSE0,227937.1,227937.1,229725.8,1788.7,1788.7,941.0,0.52608,1,p:2.3.5.2.1.2
U206,9,FUSE0,227979.1,227979.1,229960.2,1981.1,1981.1,941.0,0.474989,1,p:1.1.3.1.1.2
U207,9,FUSE0,228057.9,228057.9,229844.2,1786.3,1786.3,941.0,0.526787,1,p:2.2.4.2.3.2
U208,9,FUSE0,228095.1,228095.1,229811.0,1715.9,1715.9,941.0,0.5484,1,p:1.3.1.1.2.1
U209,9,FUSE0,228173.9,228173.9,229985.8,1811.9,1811.9,941.0,0.519344,1,p:2.1.2.2.2.1
U210,9,FUSE0,228215.9,228215.9,230076.2,1860.3,1860.3,941.0,0.505832,1,p:1.2.5.1.3.2
U211,9,FUSE1,228289.9,228289.9,230259.4,1969.5,1969.5,1003.0,0.509266,1,p:2.3.3.2.3.1
U212,9,FUSE1,228331.9,228331.9,230192.2,1860.3,1860.3,1003.0,0.53916,1,p:1.1.4.1.2.2
U213,9,FUSE1,228410.7,228410.7,230143.4,1732.7,1732.7,1003.0,0.578865,1,p:2.2.1.2.1.1
U214,9,FUSE1,228447.9,228447.9,230308.2,1860.3,1860.3,1003.0,0.53916,1,p:1.3.2.1.1.2
U215,9,FUSE1,228526.7,228526.7,230375.4,1848.7,1848.7,1003.0,0.542543,1,p:2.1.5.2.2.1
U216,9,FUSE1,228568.7,228568.7,230540.2,1971.5,1971.5,1003.0,0.50875,1,p:1.2.3.1.2.2
U217,9,FUSE1,228642.7,228642.7,230496.2,1853.5,1853.5,1003.0,0.541138,1,p:2.3.4.2.1.1
U218,9,FUSE1,228684.7,228684.7,230424.2,1739.5,1739.5,1003.0,0.576602,1,p:1.1.1.1.3.2
U219,9,FUSE2,228763.5,228763.5,230612.2,1848.7,1848.7,1035.4,0.560069,1,p:2.2.2.2.3.1
U220,9,FUSE2,228800.7,228800.7,230656.2,1855.5,1855.5,1035.4,0.558017,1,p:1.3.5.1.1.2
U221,9,FUSE2,228879.5,228879.5,230849.0,1969.5,1969.5,1035.4,0.525717,1,p:2.1.3.2.1.1
U222,9,FUSE2,228921.5,228921.5,230772.2,1850.7,1850.7,1035.4,0.559464,1,p:1.2.4.1.3.2
U223,9,FUSE2,228995.5,228995.5,230728.2,1732.7,1732.7,1035.4,0.597564,1,p:2.3.1.2.2.1
U224,9,FUSE2,229037.5,229037.5,230888.2,1850.7,1850.7,1035.4,0.559464,1,p:1.1.2.1.2.2
U225,9,FUSE2,229116.3,229116.3,231123.0,2006.7,2006.7,1035.4,0.515971,1,p:2.2.5.1.3.2
U4985,199,FUSE0,229153.5,229153.5,230965.0,1811.5,1811.5,941.0,0.519459,1,p:1.3.3.2.3.1
U4986,199,FUSE0,229232.3,229232.3,231081.0,1848.7,1848.7,941.0,0.509006,1,p:2.1.4.2.2.1
U4987,199,FUSE0,229274.3,229274.3,231007.0,1732.7,1732.7,941.0,0.543083,1,p:1.2.1.1.1.2
U4988,199,FUSE0,229348.3,229348.3,231201.8,1853.5,1853.5,941.0,0.507688,1,p:2.3.2.2.1.1
U4989,199,FUSE0,229390.3,229390.3,231239.0,1848.7,1848.7,941.0,0.509006,1,p:1.1.3.1.2.2
U4990,199,FUSE0,229486.3,229486.3,231433.8,1947.5,1947.5,941.0,0.483184,1,p:2.2.5.2.2.1
U4991,199,FUSE0,229509.5,229509.5,231359.8,1850.3,1850.3,941.0,0.508566,1,p:1.3.4.1.1.2
U4992,199,FUSE0,229602.3,229602.3,231317.8,1715.5,1715.5,941.0,0.548528,1,p:2.1.1.2.3.1
U4993,199,FUSE1,229641.1,229641.1,231475.8,1834.7,1834.7,1003.0,0.546683,1,p:1.2.2.1.3.2
U4994,199,FUSE1,229720.7,229720.7,231554.6,1833.9,1833.9,1003.0,0.546922,1,p:2.3.3.2.1.1
U4995,199,FUSE1,229757.1,229757.1,231712.6,1955.5,1955.5,1003.0,0.512912,1,p:1.1.5.1.1.2
U4996,199,FUSE1,229842.3,229842.3,231670.6,1828.3,1828.3,1003.0,0.548597,1,p:2.2.4.2.3.1
U4997,199,FUSE1,229875.5,229875.5,231591.8,1716.3,1716.3,1003.0,0.584397,1,p:1.3.1.1.2.2
U4998,199,FUSE1,229991.5,229991.5,231786.6,1795.1,1795.1,1003.0,0.558743,1,p:2.1.2.2.2.1
U4999,199,FUSE1,230017.1,230017.1,231828.6,1811.5,1811.5,1003.0,0.553685,1,p:1.2.3.1.3.2
U5000,199,FUSE1,230107.5,230107.5,232023.4,1915.9,1915.9,1003.0,0.523514,1,p:2.3.5.2.3.1
U5001,199,FUSE2,230174.7,230174.7,231944.6,1769.9,1769.9,1035.4,0.585005,1,p:1.1.4.1.2.2
U5002,199,FUSE2,230223.5,230223.5,231907.4,1683.9,1683.9,1035.4,0.614882,1,p:2.2.1.2.1.1
U5003,199,FUSE2,230290.7,230290.7,232065.4,1774.7,1774.7,1035.4,0.583423,1,p:1.3.2.1.1.2
U5004,199,FUSE2,230339.5,230339.5,232139.4,1799.9,1799.9,1035.4,0.575254,1,p:2.1.3.2.2.1
U5005,199,FUSE2,230406.7,230406.7,232297.4,1890.7,1890.7,1035.4,0.547628,1,p:1.2.5.1.2.2
U5006,199,FUSE2,230455.5,230455.5,232260.2,1804.7,1804.7,1035.4,0.573724,1,p:2.3.4.2.1.1
U5007,199,FUSE2,230527.5,230527.5,232181.4,1653.9,1653.9,1035.4,0.626035,1,p:1.1.1.1.3.2
U5008,199,FUSE2,230571.5,230571.5,232376.2,1804.7,1804.7,1035.4,0.573724,1,p:2.2.2.2.3.1
U5009,199,FUSE2,230643.5,230643.5,232613.0,1969.5,1969.5,1035.4,0.525717,1,p:1.3.3.2.1.1
U1718,69,FUSE0,230687.5,230687.5,232534.2,1846.7,1846.7,941.0,0.509558,1,p:2.1.5.1.3.2
U1719,69,FUSE0,230759.5,230759.5,232492.2,1732.7,1732.7,941.0,0.543083,1,p:1.2.4.2.2.1
U1720,69,FUSE0,230803.5,230803.5,232418.2,1614.7,1614.7,941.0,0.582771,1,p:2.3.1.1.1.2
U1721,69,FUSE0,230880.3,230880.3,232650.2,1769.9,1769.9,941.0,0.531668,1,p:1.1.2.1.2.2
U1722,69,FUSE0,230919.5,230919.5,232729.0,1809.5,1809.5,941.0,0.520033,1,p:2.2.5.2.3.1
U1723,69,FUSE0,230996.3,230996.3,232771.0,1774.7,1774.7,941.0,0.53023,1,p:1.3.4.1.1.2
U1724,69,FUSE1,231038.3,231038.3,232845.0,1806.7,1806.7,1003.0,0.555156,1,p:2.1.1.2.2.1
U1725,69,FUSE1,231112.3,231112.3,232887.0,1774.7,1774.7,1003.0,0.565166,1,p:1.2.3.1.3.2
U1726,69,FUSE1,231154.3,231154.3,232965.8,1811.5,1811.5,1003.0,0.553685,1,p:2.3.2.2.1.1
U1727,69,FUSE1,231233.1,231233.1,233003.0,1769.9,1769.9,1003.0,0.566699,1,p:1.1.5.1.2.2
U1728,69,FUSE1,231270.3,231270.3,233081.8,1811.5,1811.5,1003.0,0.553685,1,p:2.2.4.2.3.1
U1729,69,FUSE1,231349.1,231349.1,233123.8,1774.7,1774.7,1003.0,0.565166,1,p:1.3.1.1.1.2
U1730,69,FUSE2,231391.1,231391.1,233197.8,1806.7,1806.7,1035.4,0.573089,1,p:2.1.3.2.2.1
U1731,69,FUSE2,231465.1,231465.1,233239.8,1774.7,1774.7,1035.4,0.583423,1,p:1.2.2.1.3.2
U1732,69,FUSE2,231507.1,231507.1,233318.6,1811.5,1811.5,1035.4,0.571571,1,p:2.3.5.2.1.1
U1733,69,FUSE2,231585.9,231585.9,233355.8,1769.9,1769.9,1035.4,0.585005,1,p:1.1.4.1.2.2
U1734,69,FUSE2,231623.1,231623.1,233434.6,1811.5,1811.5,1035.4,0.571571,1,p:2.2.1.2.3.1
U1735,69,FUSE2,231701.9,231701.9,233476.6,1774.7,1774.7,1035.4,0.583423,1,p:1.3.3.1.1.2
U1736,69,FUSE2,231743.9,231743.9,233550.6,1806.7,1806.7,1035.4,0.573089,1,p:2.1.2.2.2.1
U1019,41,FUSE0,231817.9,231817.9,233671.4,1853.5,1853.5,941.0,0.507688,1,p:1.2.5.2.1.1
U1020,41,FUSE0,231859.9,231859.9,233592.6,1732.7,1732.7,941.0,0.543083,1,p:2.3.4.1.3.2
U1021,41,FUSE0,231938.7,231938.7,233708.6,1769.9,1769.9,941.0,0.531668,1,p:1.1.1.1.2.2
U1022,41,FUSE0,231975.9,231975.9,233787.4,1811.5,1811.5,941.0,0.519459,1,p:2.2.3.2.3.1
U1023,41,FUSE0,232054.7,232054.7,233945.4,1890.7,1890.7,941.0,0.497699,1,p:1.3.5.1.3.2
U1024,41,FUSE0,232096.7,232096.7,233903.4,1806.7,1806.7,941.0,0.520839,1,p:2.1.4.2.2.1
U1025,41,FUSE0,232170.7,232170.7,233829.4,1658.7,1658.7,941.0,0.567312,1,p:1.2.2.1.1.2
U1026,41,FUSE0,232212.7,232212.7,234024.2,1811.5,1811.5,941.0,0.519459,1,p:2.3.1.2.1.1
U1027,41,FUSE1,232291.5,232291.5,234061.4,1769.9,1769.9,1003.0,0.566699,1,p:1.1.3.1.2.2
U1028,41,FUSE1,232328.7,232328.7,234256.2,1927.5,1927.5,1003.0,0.520363,1,p:2.2.5.2.2.1
U1029,41,FUSE1,232407.5,232407.5,234182.2,1774.7,1774.7,1003.0,0.565166,1,p:1.3.4.1.1.2
U1030,41,FUSE1,232449.5,232449.5,234140.2,1690.7,1690.7,1003.0,0.593245,1,p:2.1.2.2.3.1
U1031,41,FUSE1,232523.5,232523.5,234298.2,1774.7,1774.7,1003.0,0.565166,1,p:1.2.1.1.3.2
U1032,41,FUSE1,232565.5,232565.5,234377.0,1811.5,1811.5,1003.0,0.553685,1,p:2.3.3.2.1.1
U1033,41,FUSE1,232644.3,232644.3,234414.2,1769.9,1769.9,1003.0,0.566699,1,p:1.1.5.1.2.2
U1034,41,FUSE1,232681.5,232681.5,234493.0,1811.5,1811.5,1003.0,0.553685,1,p:2.2.4.2.3.1
U1035,41,FUSE2,232760.3,232760.3,234535.0,1774.7,1774.7,1035.4,0.583423,1,p:1.3.2.1.1.2
U1036,41,FUSE2,232802.3,232802.3,234609.0,1806.7,1806.7,1035.4,0.573089,1,p:2.1.1.2.2.1
U1037,41,FUSE2,232876.3,232876.3,234651.0,1774.7,1774.7,1035.4,0.583423,1,p:1.2.3.1.3.2
U1038,41,FUSE2,232918.3,232918.3,234729.8,1811.5,1811.5,1035.4,0.571571,1,p:2.3.5.2.1.1
U1039,41,FUSE2,232997.1,232997.1,234767.0,1769.9,1769.9,1035.4,0.585005,1,p:1.1.4.1.2.2
U1040,41,FUSE2,233034.3,233034.3,234845.8,1811.5,1811.5,1035.4,0.571571,1,p:2.2.2.2.3.1
U1041,41,FUSE2,233113.1,233113.1,234887.8,1774.7,1774.7,1035.4,0.583423,1,p:1.3.1.1.1.2
U253,11,FUSE0,233155.1,233155.1,234961.8,1806.7,1806.7,941.0,0.520839,1,p:2.1.3.2.2.1
U254,11,FUSE0,233229.1,233229.1,235003.8,1774.7,1774.7,941.0,0.53023,1,p:1.2.5.1.3.2
U255,11,FUSE0,233271.1,233271.1,235082.6,1811.5,1811.5,941.0,0.519459,1,p:2.3.4.2.1.1
U256,11,FUSE0,233349.9,233349.9,235119.8,1769.9,1769.9,941.0,0.531668,1,p:1.1.2.1.2.2
U257,11,FUSE0,233387.1,233387.1,235198.6,1811.5,1811.5,941.0,0.519459,1,p:2.2.1.2.3.1
U258,11,FUSE0,233465.9,233465.9,235240.6,1774.7,1774.7,941.0,0.53023,1,p:1.3.3.1.1.2
U259,11,FUSE0,233507.9,233507.9,235314.6,1806.7,1806.7,941.0,0.520839,1,p:2.1.5.2.2.1
U260,11,FUSE0,233581.9,233581.9,235356.6,1774.7,1774.7,941.0,0.53023,1,p:1.2.4.1.3.2
U261,11,FUSE0,233623.9,233623.9,235435.4,1811.5,1811.5,941.0,0.519459,1,p:2.3.2.2.1.1
U262,11,FUSE0,233702.7,233702.7,235472.6,1769.9,1769.9,941.0,0.531668,1,p:1.1.1.1.2.2
U263,11,FUSE1,233739.9,233739.9,235551.4,1811.5,1811.5,1003.0,0.553685,1,p:2.2.3.2.3.1
U264,11,FUSE1,233818.7,233818.7,235593.4,1774.7,1774.7,1003.0,0.565166,1,p:1.3.5.1.1.2
U265,11,FUSE1,233860.7,233860.7,235667.4,1806.7,1806.7,1003.0,0.555156,1,p:2.1.4.2.2.1
U266,11,FUSE1,233934.7,233934.7,235709.4,1774.7,1774.7,1003.0,0.565166,1,p:1.2.2.1.3.2
U267,11,FUSE1,233976.7,233976.7,235788.2,1811.5,1811.5,1003.0,0.553685,1,p:2.3.1.2.1.1
U268,11,FUSE1,234055.5,234055.5,235825.4,1769.9,1769.9,1003.0,0.566699,1,p:1.1.3.1.2.2
U269,11,FUSE1,234092.7,234092.7,235904.2,1811.5,1811.5,1003.0,0.553685,1,p:2.2.5.2.3.1
U270,11,FUSE1,234171.5,234171.5,235946.2,1774.7,1774.7,1003.0,0.565166,1,p:1.3.4.1.1.2
U271,11,FUSE1,234213.5,234213.5,236020.2,1806.7,1806.7,1003.0,0.555156,1,p:2.1.2.2.2.1
U272,11,FUSE1,234287.5,234287.5,236062.2,1774.7,1774.7,1003.0,0.565166,1,p:1.2.1.1.3.2
U273,11,FUSE2,234329.5,234329.5,236141.0,1811.5,1811.5,1035.4,0.571571,1,p:2.3.3.2.1.1
U274,11,FUSE2,234408.3,234408.3,236178.2,1769.9,1769.9,1035.4,0.585005,1,p:1.1.5.1.2.2
U275,11,FUSE2,234445.5,234445.5,236257.0,1811.5,1811.5,1035.4,0.571571,1,p:2.2.4.2.3.1
U276,11,FUSE2,234524.3,234524.3,236299.0,1774.7,1774.7,1035.4,0.583423,1,p:1.3.2.1.1.2
U277,11,FUSE2,234566.3,234566.3,236373.0,1806.7,1806.7,1035.4,0.573089,1,p:2.1.1.2.2.1
U278,11,FUSE2,234640.3,234640.3,236415.0,1774.7,1774.7,1035.4,0.583423,1,p:1.2.3.1.3.2
U279,11,FUSE2,234682.3,234682.3,236501.0,1818.7,1818.7,1035.4,0.569308,1,p:2.3.5.2.1.1
U280,11,FUSE2,234761.1,234761.1,236531.0,1769.9,1769.9,1035.4,0.585005,1,p:1.1.4.1.2.2
U281,11,FUSE2,234798.3,234798.3,236617.0,1818.7,1818.7,1035.4,0.569308,1,p:2.2.2.2.3.1
U282,11,FUSE2,234877.1,234877.1,236655.8,1778.7,1778.7,1035.4,0.582111,1,p:1.3.1.1.1.2
U5751,230,FUSE0,234919.1,234919.1,236733.0,1813.9,1813.9,941.0,0.518772,1,p:2.1.3.2.2.1
U5752,230,FUSE0,234993.1,234993.1,236771.8,1778.7,1778.7,941.0,0.529038,1,p:1.2.5.1.3.2
U5753,230,FUSE0,235035.1,235035.1,236853.8,1818.7,1818.7,941.0,0.517403,1,p:2.3.4.2.1.1
U5754,230,FUSE0,235113.9,235113.9,236887.8,1773.9,1773.9,941.0,0.53047,1,p:1.1.2.1.2.2
U5755,230,FUSE0,235151.1,235151.1,236969.8,1818.7,1818.7,941.0,0.517403,1,p:2.2.1.2.3.1
U5756,230,FUSE0,235229.9,235229.9,237008.6,1778.7,1778.7,941.0,0.529038,1,p:1.3.3.1.1.2
U5757,230,FUSE0,235271.9,235271.9,237085.8,1813.9,1813.9,941.0,0.518772,1,p:2.1.5.2.2.1
U5758,230,FUSE0,235345.9,235345.9,237124.6,1778.7,1778.7,941.0,0.529038,1,p:1.2.4.1.3.2
U5759,230,FUSE0,235387.9,235387.9,237206.6,1818.7,1818.7,941.0,0.517403,1,p:2.3.2.2.1.1
U5760,230,FUSE1,235466.7,235466.7,237240.6,1773.9,1773.9,1003.0,0.565421,1,p:1.1.1.1.2.2
U5761,230,FUSE1,235503.9,235503.9,237322.6,1818.7,1818.7,1003.0,0.551493,1,p:2.2.3.2.3.1
U5762,230,FUSE1,235582.7,235582.7,237361.4,1778.7,1778.7,1003.0,0.563895,1,p:1.3.5.1.1.2
U5763,230,FUSE1,235624.7,235624.7,237438.6,1813.9,1813.9,1003.0,0.552952,1,p:2.1.4.2.2.1
U5764,230,FUSE1,235698.7,235698.7,237477.4,1778.7,1778.7,1003.0,0.563895,1,p:1.2.2.1.3.2
U5765,230,FUSE1,235740.7,235740.7,237559.4,1818.7,1818.7,1003.0,0.551493,1,p:2.3.1.2.1.1
U5766,230,FUSE1,235819.5,235819.5,237593.4,1773.9,1773.9,1003.0,0.565421,1,p:1.1.3.1.2.2
U5767,230,FUSE1,235856.7,235856.7,237675.4,1818.7,1818.7,1003.0,0.551493,1,p:2.2.5.2.3.1
U5768,230,FUSE2,235935.5,235935.5,237714.2,1778.7,1778.7,1035.4,0.582111,1,p:1.3.4.1.1.2
U5769,230,FUSE2,235977.5,235977.5,237791.4,1813.9,1813.9,1035.4,0.570814,1,p:2.1.2.2.2.1
U5770,230,FUSE2,236051.5,236051.5,237830.2,1778.7,1778.7,1035.4,0.582111,1,p:1.2.1.1.3.2
U5771,230,FUSE2,236093.5,236093.5,237912.2,1818.7,1818.7,1035.4,0.569308,1,p:2.3.3.2.1.1
U5772,230,FUSE2,236172.3,236172.3,237946.2,1773.9,1773.9,1035.4,0.583686,1,p:1.1.5.1.2.2
U5773,230,FUSE2,236209.5,236209.5,238028.2,1818.7,1818.7,1035.4,0.569308,1,p:2.2.4.2.3.1
U5774,230,FUSE2,236288.3,236288.3,238067.0,1778.7,1778.7,1035.4,0.582111,1,p:1.3.2.1.1.2
U5775,230,FUSE2,236330.3,236330.3,238183.0,1852.7,1852.7,1035.4,0.55886,1,p:2.1.1.1.3.2
U5776,230,FUSE2,236404.3,236404.3,238144.2,1739.9,1739.9,1035.4,0.595092,1,p:1.2.3.2.2.1
U1537,62,FUSE0,236446.3,236446.3,238294.2,1847.9,1847.9,941.0,0.509227,1,p:2.3.5.2.1.1
U1538,62,FUSE0,236532.3,236532.3,238299.0,1766.7,1766.7,941.0,0.532631,1,p:1.1.4.1.2.2
U1539,62,FUSE0,236562.3,236562.3,238410.2,1847.9,1847.9,941.0,0.509227,1,p:2.2.2.2.3.1
U1540,62,FUSE0,236648.3,236648.3,238565.0,1916.7,1916.7,941.0,0.490948,1,p:1.3.5.1.3.2
U1541,62,FUSE0,236687.1,236687.1,238526.2,1839.1,1839.1,941.0,0.511663,1,p:2.1.1.2.2.1
U1542,62,FUSE0,236764.3,236764.3,238449.0,1684.7,1684.7,941.0,0.558556,1,p:1.2.3.1.1.2
U1543,62,FUSE0,236803.1,236803.1,238647.0,1843.9,1843.9,941.0,0.510331,1,p:2.3.4.2.1.1
U1544,62,FUSE0,236885.1,236885.1,238681.0,1795.9,1795.9,941.0,0.523971,1,p:1.1.2.1.2.2
U1545,62,FUSE1,236919.1,236919.1,238879.0,1959.9,1959.9,1003.0,0.511761,1,p:2.2.5.2.2.1
U1546,62,FUSE1,237001.1,237001.1,238801.8,1800.7,1800.7,1003.0,0.557006,1,p:1.3.1.1.1.2
U1547,62,FUSE1,237039.9,237039.9,238763.0,1723.1,1723.1,1003.0,0.58209,1,p:2.1.3.2.3.1
U1548,62,FUSE1,237117.1,237117.1,238917.8,1800.7,1800.7,1003.0,0.557006,1,p:1.2.4.1.3.2
U1549,62,FUSE1,237155.9,237155.9,238999.8,1843.9,1843.9,1003.0,0.543956,1,p:2.3.2.2.1.1
U1550,62,FUSE1,237237.9,237237.9,239154.6,1916.7,1916.7,1003.0,0.523295,1,p:1.1.5.1.1.2
U1551,62,FUSE1,237271.9,237271.9,239115.8,1843.9,1843.9,1003.0,0.543956,1,p:2.2.1.2.3.1
U1552,62,FUSE1,237353.9,237353.9,239033.8,1679.9,1679.9,1003.0,0.597059,1,p:1.3.3.1.2.2
U1553,62,FUSE2,237392.7,237392.7,239231.8,1839.1,1839.1,1035.4,0.562993,1,p:2.1.4.2.2.1
U1554,62,FUSE2,237469.9,237469.9,239270.6,1800.7,1800.7,1035.4,0.574999,1,p:1.2.2.1.3.2
U1555,62,FUSE2,237508.7,237508.7,239386.6,1877.9,1877.9,1035.4,0.551361,1,p:2.3.5.1.2.2
U1556,62,FUSE2,237590.7,237590.7,239352.6,1761.9,1761.9,1035.4,0.587661,1,p:1.1.1.2.1.1
U1557,62,FUSE2,237624.7,237624.7,239468.6,1843.9,1843.9,1035.4,0.561527,1,p:2.2.3.2.3.1
U1558,62,FUSE2,237706.7,237706.7,239507.4,1800.7,1800.7,1035.4,0.574999,1,p:1.3.4.1.1.2
U1559,62,FUSE2,237745.5,237745.5,239584.6,1839.1,1839.1,1035.4,0.562993,1,p:2.1.2.2.2.1
U1560,62,FUSE2,237822.7,237822.7,239824.6,2001.9,2001.9,1035.4,0.517209,1,p:1.2.5.2.3.1
U1561,62,FUSE2,237861.5,237861.5,239739.4,1877.9,1877.9,1035.4,0.551361,1,p:2.3.1.1.2.2
U3089,124,FUSE0,237943.5,237943.5,239623.4,1679.9,1679.9,941.0,0.560152,1,p:1.1.3.1.3.2
U3090,124,FUSE0,237977.5,237977.5,239708.6,1731.1,1731.1,941.0,0.543585,1,p:2.2.4.2.1.1
U3091,124,FUSE0,238059.5,238059.5,239863.4,1803.9,1803.9,941.0,0.521648,1,p:1.3.2.1.1.2
U3092,124,FUSE0,238098.3,238098.3,239940.6,1842.3,1842.3,941.0,0.510775,1,p:2.1.3.2.2.1
U3093,124,FUSE0,238175.5,238175.5,240095.4,1919.9,1919.9,941.0,0.49013,1,p:1.2.5.1.2.2
U3094,124,FUSE0,238214.3,238214.3,240061.4,1847.1,1847.1,941.0,0.509447,1,p:2.3.1.2.1.1
U3095,124,FUSE0,238325.5,238325.5,239979.4,1653.9,1653.9,941.0,0.568958,1,p:1.1.4.1.3.2
U3096,124,FUSE0,238330.3,238330.3,240177.4,1847.1,1847.1,941.0,0.509447,1,p:2.2.2.2.3.1
U3097,124,FUSE1,238441.5,238441.5,240216.2,1774.7,1774.7,1003.0,0.565166,1,p:1.3.3.1.1.2
U3098,124,FUSE1,238480.3,238480.3,240414.2,1933.9,1933.9,1003.0,0.518641,1,p:2.1.5.2.1.1
U3099,124,FUSE1,238557.5,238557.5,240332.2,1774.7,1774.7,1003.0,0.565166,1,p:1.2.1.1.3.2
U3100,124,FUSE1,238596.3,238596.3,240293.4,1697.1,1697.1,1003.0,0.591008,1,p:2.3.4.2.2.1
U3101,124,FUSE1,238678.3,238678.3,240448.2,1769.9,1769.9,1003.0,0.566699,1,p:1.1.2.1.2.2
U3102,124,FUSE1,238712.3,238712.3,240530.2,1817.9,1817.9,1003.0,0.551736,1,p:2.2.3.2.3.1
U3103,124,FUSE1,238794.3,238794.3,240569.0,1774.7,1774.7,1003.0,0.565166,1,p:1.3.5.1.1.2
U3104,124,FUSE1,238833.1,238833.1,240646.2,1813.1,1813.1,1003.0,0.553196,1,p:2.1.1.2.2.1
U3105,124,FUSE2,238910.3,238910.3,240685.0,1774.7,1774.7,1035.4,0.583423,1,p:1.2.4.1.3.2
U3106,124,FUSE2,238949.1,238949.1,240767.0,1817.9,1817.9,1035.4,0.569558,1,p:2.3.2.2.1.1
U3107,124,FUSE2,239031.1,239031.1,240801.0,1769.9,1769.9,1035.4,0.585005,1,p:1.1.3.1.2.2
U3108,124,FUSE2,239065.1,239065.1,240921.8,1856.7,1856.7,1035.4,0.557656,1,p:2.2.5.1.1.2
U3109,124,FUSE2,239147.1,239147.1,240883.0,1735.9,1735.9,1035.4,0.596463,1,p:1.3.1.2.3.1
U3110,124,FUSE2,239185.9,239185.9,240999.0,1813.1,1813.1,1035.4,0.571066,1,p:2.1.4.2.2.1
U3111,124,FUSE2,239263.1,239263.1,241037.8,1774.7,1774.7,1035.4,0.583423,1,p:1.2.2.1.3.2
U3112,124,FUSE2,239301.9,239301.9,241153.8,1851.9,1851.9,1035.4,0.559101,1,p:2.3.3.1.2.2
U3113,124,FUSE2,239383.9,239383.9,241351.8,1967.9,1967.9,1035.4,0.526145,1,p:1.1.5.2.2.1
U5831,233,FUSE0,239417.9,239417.9,241119.8,1701.9,1701.9,941.0,0.552911,1,p:2.2.1.2.1.1
U5832,233,FUSE0,239499.9,239499.9,241235.8,1735.9,1735.9,941.0,0.542082,1,p:1.3.4.2.3.1
U5833,233,FUSE0,239538.7,239538.7,241274.6,1735.9,1735.9,941.0,0.542082,1,p:2.1.2.1.1.2
U5834,233,FUSE0,239615.9,239615.9,241390.6,1774.7,1774.7,941.0,0.53023,1,p:1.2.1.1.3.2
U5835,233,FUSE0,239654.7,239654.7,241472.6,1817.9,1817.9,941.0,0.51763,1,p:2.3.3.2.1.1
U5836,233,FUSE0,239739.9,239739.9,241506.6,1766.7,1766.7,941.0,0.532631,1,p:1.1.4.1.2.2
U5837,233,FUSE0,239770.7,239770.7,241588.6,1817.9,1817.9,941.0,0.51763,1,p:2.2.2.2.3.1
U5838,233,FUSE0,239855.9,239855.9,241627.4,1771.5,1771.5,941.0,0.531188,1,p:1.3.5.1.1.2
U5839,233,FUSE1,239894.7,239894.7,241704.6,1809.9,1809.9,1003.0,0.554174,1,p:2.1.1.2.2.1
U5840,233,FUSE1,239971.9,239971.9,241743.4,1771.5,1771.5,1003.0,0.566187,1,p:1.2.3.1.3.2
U5841,233,FUSE1,240010.7,240010.7,241825.4,1814.7,1814.7,1003.0,0.552708,1,p:2.3.4.2.1.1
U5842,233,FUSE1,240092.7,240092.7,241859.4,1766.7,1766.7,1003.0,0.567725,1,p:1.1.2.1.2.2
U5843,233,FUSE1,240126.7,240126.7,241941.4,1814.7,1814.7,1003.0,0.552708,1,p:2.2.5.2.3.1
U5844,233,FUSE1,240208.7,240208.7,241980.2,1771.5,1771.5,1003.0,0.566187,1,p:1.3.1.1.1.2
U5845,233,FUSE1,240247.5,240247.5,242057.4,1809.9,1809.9,1003.0,0.554174,1,p:2.1.3.2.2.1
U5846,233,FUSE1,240324.7,240324.7,242096.2,1771.5,1771.5,1003.0,0.566187,1,p:1.2.4.1.3.2
U5847,233,FUSE2,240363.5,240363.5,242178.2,1814.7,1814.7,1035.4,0.570563,1,p:2.3.2.2.1.1
U5848,233,FUSE2,240445.5,240445.5,242212.2,1766.7,1766.7,1035.4,0.586064,1,p:1.1.5.1.2.2
U5849,233,FUSE2,240479.5,240479.5,242294.2,1814.7,1814.7,1035.4,0.570563,1,p:2.2.1.2.3.1
U5850,233,FUSE2,240561.5,240561.5,242333.0,1771.5,1771.5,1035.4,0.584476,1,p:1.3.3.1.1.2
U5851,233,FUSE2,240600.3,240600.3,242410.2,1809.9,1809.9,1035.4,0.572076,1,p:2.1.4.2.2.1
U5852,233,FUSE2,240677.5,240677.5,242449.0,1771.5,1771.5,1035.4,0.584476,1,p:1.2.2.1.3.2
U5853,233,FUSE2,240716.3,240716.3,242531.0,1814.7,1814.7,1035.4,0.570563,1,p:2.3.5.2.1.1
U4674,187,FUSE0,240798.3,240798.3,242565.0,1766.7,1766.7,941.0,0.532631,1,p:1.1.1.1.2.2
U4675,187,FUSE0,240832.3,240832.3,242647.0,1814.7,1814.7,941.0,0.518543,1,p:2.2.3.2.3.1
U4676,187,FUSE0,240914.3,240914.3,242685.8,1771.5,1771.5,941.0,0.531188,1,p:1.3.4.1.1.2
U4677,187,FUSE0,240953.1,240953.1,242763.0,1809.9,1809.9,941.0,0.519918,1,p:2.1.2.2.2.1
U4678,187,FUSE0,241030.3,241030.3,242801.8,1771.5,1771.5,941.0,0.531188,1,p:1.2.5.1.3.2
U4679,187,FUSE0,241069.1,241069.1,242883.8,1814.7,1814.7,941.0,0.518543,1,p:2.3.1.2.1.1
U4680,187,FUSE0,241151.1,241151.1,242917.8,1766.7,1766.7,941.0,0.532631,1,p:1.1.3.1.2.2
U4681,187,FUSE0,241185.1,241185.1,242999.8,1814.7,1814.7,941.0,0.518543,1,p:2.2.4.2.3.1
U4682,187,FUSE0,241267.1,241267.1,243038.6,1771.5,1771.5,941.0,0.531188,1,p:1.3.2.1.1.2
U4683,187,FUSE1,241305.9,241305.9,243115.8,1809.9,1809.9,1003.0,0.554174,1,p:2.1.5.2.2.1
U4684,187,FUSE1,241383.1,241383.1,243154.6,1771.5,1771.5,1003.0,0.566187,1,p:1.2.1.1.3.2
U4685,187,FUSE1,241421.9,241421.9,243236.6,1814.7,1814.7,1003.0,0.552708,1,p:2.3.3.2.1.1
U4686,187,FUSE1,241503.9,241503.9,243270.6,1766.7,1766.7,1003.0,0.567725,1,p:1.1.4.1.2.2
U4687,187,FUSE1,241537.9,241537.9,243352.6,1814.7,1814.7,1003.0,0.552708,1,p:2.2.2.2.3.1
U4688,187,FUSE1,241619.9,241619.9,243391.4,1771.5,1771.5,1003.0,0.566187,1,p:1.3.5.1.1.2
U4689,187,FUSE1,241658.7,241658.7,243468.6,1809.9,1809.9,1003.0,0.554174,1,p:2.1.1.2.2.1
U4690,187,FUSE1,241735.9,241735.9,243507.4,1771.5,1771.5,1003.0,0.566187,1,p:1.2.3.1.3.2
U4691,187,FUSE1,241774.7,241774.7,243589.4,1814.7,1814.7,1003.0,0.552708,1,p:2.3.4.2.1.1
U4692,187,FUSE1,241856.7,241856.7,243623.4,1766.7,1766.7,1003.0,0.567725,1,p:1.1.2.1.2.2
U4693,187,FUSE2,241890.7,241890.7,243705.4,1814.7,1814.7,1035.4,0.570563,1,p:2.2.5.2.3.1
U4694,187,FUSE2,241972.7,241972.7,243744.2,1771.5,1771.5,1035.4,0.584476,1,p:1.3.1.1.1.2
U4695,187,FUSE2,242011.5,242011.5,243821.4,1809.9,1809.9,1035.4,0.572076,1,p:2.1.3.2.2.1
U4696,187,FUSE2,242088.7,242088.7,243860.2,1771.5,1771.5,1035.4,0.584476,1,p:1.2.4.1.3.2
U4697,187,FUSE2,242127.5,242127.5,243942.2,1814.7,1814.7,1035.4,0.570563,1,p:2.3.2.2.1.1
U4698,187,FUSE2,242209.5,242209.5,243976.2,1766.7,1766.7,1035.4,0.586064,1,p:1.1.5.1.2.2
U4699,187,FUSE2,242243.5,242243.5,244058.2,1814.7,1814.7,1035.4,0.570563,1,p:2.2.1.2.3.1
U4700,187,FUSE2,242325.5,242325.5,244174.2,1848.7,1848.7,1035.4,0.560069,1,p:1.3.3.2.2.1
U4701,187,FUSE2,242364.3,242364.3,244213.0,1848.7,1848.7,1035.4,0.560069,1,p:2.1.4.1.3.2
U7073,283,FUSE0,242441.5,242441.5,244097.0,1655.5,1655.5,941.0,0.568408,1,p:1.2.2.1.1.2
U7074,283,FUSE0,242480.3,242480.3,244295.0,1814.7,1814.7,941.0,0.518543,1,p:2.3.5.2.1.1
U7075,283,FUSE0,242562.3,242562.3,244329.0,1766.7,1766.7,941.0,0.532631,1,p:1.1.1.1.2.2
U7076,283,FUSE0,242596.3,242596.3,244411.0,1814.7,1814.7,941.0,0.518543,1,p:2.2.2.2.3.1
U7077,283,FUSE0,242678.3,242678.3,244449.8,1771.5,1771.5,941.0,0.531188,1,p:1.3.3.1.1.2
U7078,283,FUSE0,242717.1,242717.1,244527.0,1809.9,1809.9,941.0,0.519918,1,p:2.1.4.2.2.1
U7079,283,FUSE0,242794.3,242794.3,244565.8,1771.5,1771.5,941.0,0.531188,1,p:1.2.5.1.3.2
U7080,283,FUSE0,242833.1,242833.1,244647.8,1814.7,1814.7,941.0,0.518543,1,p:2.3.1.2.1.1
U7081,283,FUSE0,242915.1,242915.1,244681.8,1766.7,1766.7,941.0,0.532631,1,p:1.1.2.1.2.2
U7082,283,FUSE0,242949.1,242949.1,244763.8,1814.7,1814.7,941.0,0.518543,1,p:2.2.3.2.3.1
U7083,283,FUSE1,243031.1,243031.1,244802.6,1771.5,1771.5,1003.0,0.566187,1,p:1.3.4.1.1.2
U7084,283,FUSE1,243069.9,243069.9,244879.8,1809.9,1809.9,1003.0,0.554174,1,p:2.1.5.2.2.1
U7085,283,FUSE1,243147.1,243147.1,244918.6,1771.5,1771.5,1003.0,0.566187,1,p:1.2.1.1.3.2
U7086,283,FUSE1,243185.9,243185.9,245000.6,1814.7,1814.7,1003.0,0.552708,1,p:2.3.2.2.1.1
U7087,283,FUSE1,243267.9,243267.9,245034.6,1766.7,1766.7,1003.0,0.567725,1,p:1.1.3.1.2.2
U7088,283,FUSE1,243301.9,243301.9,245116.6,1814.7,1814.7,1003.0,0.552708,1,p:2.2.4.2.3.1
U7089,283,FUSE1,243383.9,243383.9,245155.4,1771.5,1771.5,1003.0,0.566187,1,p:1.3.5.1.1.2
U7090,283,FUSE1,243422.7,243422.7,245232.6,1809.9,1809.9,1003.0,0.554174,1,p:2.1.1.2.2.1
U7091,283,FUSE1,243499.9,243499.9,245271.4,1771.5,1771.5,1003.0,0.566187,1,p:1.2.2.1.3.2
U7092,283,FUSE1,243538.7,243538.7,245353.4,1814.7,1814.7,1003.0,0.552708,1,p:2.3.3.2.1.1
U7093,283,FUSE2,243620.7,243620.7,245387.4,1766.7,1766.7,1035.4,0.586064,1,p:1.1.4.1.2.2
U7094,283,FUSE2,243654.7,243654.7,245469.4,1814.7,1814.7,1035.4,0.570563,1,p:2.2.5.2.3.1
U7095,283,FUSE2,243736.7,243736.7,245508.2,1771.5,1771.5,1035.4,0.584476,1,p:1.3.1.1.1.2
U7096,283,FUSE2,243775.5,243775.5,245585.4,1809.9,1809.9,1035.4,0.572076,1,p:2.1.2.2.2.1
U7097,283,FUSE2,243852.7,243852.7,245624.2,1771.5,1771.5,1035.4,0.584476,1,p:1.2.3.1.3.2
U7098,283,FUSE2,243891.5,243891.5,245706.2,1814.7,1814.7,1035.4,0.570563,1,p:2.3.4.2.1.1
U7099,283,FUSE2,243973.5,243973.5,245740.2,1766.7,1766.7,1035.4,0.586064,1,p:1.1.5.1.2.2
U7100,283,FUSE2,244007.5,244007.5,245822.2,1814.7,1814.7,1035.4,0.570563,1,p:2.2.1.2.3.1
U7101,283,FUSE2,244089.5,244089.5,245870.6,1781.1,1781.1,1035.4,0.581326,1,p:1.3.2.1.1.2
U7102,283,FUSE2,244128.3,244128.3,245938.2,1809.9,1809.9,1035.4,0.572076,1,p:2.1.3.2.2.1
U8327,333,FUSE0,244205.5,244205.5,245986.6,1781.1,1781.1,941.0,0.528325,1,p:1.2.4.1.3.2
U8328,333,FUSE0,244244.3,244244.3,246065.4,1821.1,1821.1,941.0,0.516721,1,p:2.3.5.2.1.1
U8329,333,FUSE0,244326.3,244326.3,246102.6,1776.3,1776.3,941.0,0.529753,1,p:1.1.1.1.2.2
U8330,333,FUSE0,244360.3,244360.3,246181.4,1821.1,1821.1,941.0,0.516721,1,p:2.2.2.2.3.1
U8331,333,FUSE0,244442.3,244442.3,246223.4,1781.1,1781.1,941.0,0.528325,1,p:1.3.3.1.1.2
U8332,333,FUSE0,244481.1,244481.1,246297.4,1816.3,1816.3,941.0,0.518086,1,p:2.1.4.2.2.1
U8333,333,FUSE0,244558.3,244558.3,246339.4,1781.1,1781.1,941.0,0.528325,1,p:1.2.5.1.3.2
U8334,333,FUSE0,244597.1,244597.1,246418.2,1821.1,1821.1,941.0,0.516721,1,p:2.3.1.2.1.1
U8335,333,FUSE0,244679.1,244679.1,246455.4,1776.3,1776.3,941.0,0.529753,1,p:1.1.2.1.2.2
U8336,333,FUSE1,244713.1,244713.1,246534.2,1821.1,1821.1,1003.0,0.550766,1,p:2.2.3.2.3.1
U8337,333,FUSE1,244795.1,244795.1,246576.2,1781.1,1781.1,1003.0,0.563135,1,p:1.3.4.1.1.2
U8338,333,FUSE1,244833.9,244833.9,246650.2,1816.3,1816.3,1003.0,0.552222,1,p:2.1.5.2.2.1
U8339,333,FUSE1,244911.1,244911.1,246692.2,1781.1,1781.1,1003.0,0.563135,1,p:1.2.1.1.3.2
U8340,333,FUSE1,244949.9,244949.9,246771.0,1821.1,1821.1,1003.0,0.550766,1,p:2.3.2.2.1.1
U8341,333,FUSE1,245031.9,245031.9,246808.2,1776.3,1776.3,1003.0,0.564657,1,p:1.1.3.1.2.2
U8342,333,FUSE1,245065.9,245065.9,246887.0,1821.1,1821.1,1003.0,0.550766,1,p:2.2.4.2.3.1
U8343,333,FUSE1,245147.9,245147.9,246929.0,1781.1,1781.1,1003.0,0.563135,1,p:1.3.5.1.1.2
U8344,333,FUSE1,245186.7,245186.7,247003.0,1816.3,1816.3,1003.0,0.552222,1,p:2.1.1.2.2.1
U8345,333,FUSE2,245263.9,245263.9,247045.0,1781.1,1781.1,1035.4,0.581326,1,p:1.2.2.1.3.2
U8346,333,FUSE2,245302.7,245302.7,247123.8,1821.1,1821.1,1035.4,0.568557,1,p:2.3.3.2.1.1
U8347,333,FUSE2,245384.7,245384.7,247161.0,1776.3,1776.3,1035.4,0.582897,1,p:1.1.4.1.2.2
U8348,333,FUSE2,245418.7,245418.7,247239.8,1821.1,1821.1,1035.4,0.568557,1,p:2.2.5.2.3.1
U8349,333,FUSE2,245500.7,245500.7,247281.8,1781.1,1781.1,1035.4,0.581326,1,p:1.3.1.1.1.2
U8350,333,FUSE2,245539.5,245539.5,247355.8,1816.3,1816.3,1035.4,0.57006,1,p:2.1.2.2.2.1
U8351,333,FUSE2,245616.7,245616.7,247476.6,1859.9,1859.9,1035.4,0.556697,1,p:1.2.3.2.1.1
U8352,333,FUSE2,245655.5,245655.5,247397.8,1742.3,1742.3,1035.4,0.594272,1,p:2.3.4.1.3.2
U5010,200,FUSE0,245737.5,245737.5,247513.8,1776.3,1776.3,941.0,0.529753,1,p:1.1.5.1.2.2
U5011,200,FUSE0,245771.5,245771.5,247592.6,1821.1,1821.1,941.0,0.516721,1,p:2.2.1.2.3.1
U5012,200,FUSE0,245853.5,245853.5,247665.0,1811.5,1811.5,941.0,0.519459,1,p:1.3.2.1.1.2
U5013,200,FUSE0,245901.9,245901.9,247859.8,1957.9,1957.9,941.0,0.480617,1,p:2.1.5.2.1.1
U5014,200,FUSE0,245969.5,245969.5,247781.0,1811.5,1811.5,941.0,0.519459,1,p:1.2.3.1.3.2
U5015,200,FUSE0,246017.9,246017.9,247708.6,1690.7,1690.7,941.0,0.556574,1,p:2.3.4.2.2.1
U5016,200,FUSE0,246096.7,246096.7,247897.0,1800.3,1800.3,941.0,0.522691,1,p:1.1.1.1.2.2
U5017,200,FUSE0,246133.9,246133.9,247975.8,1841.9,1841.9,941.0,0.510885,1,p:2.2.2.2.3.1
U5018,200,FUSE1,246212.7,246212.7,248133.8,1921.1,1921.1,1003.0,0.522097,1,p:1.3.5.1.3.2
U5019,200,FUSE1,246254.7,246254.7,248091.8,1837.1,1837.1,1003.0,0.545969,1,p:2.1.3.2.2.1
U5020,200,FUSE1,246328.7,246328.7,248017.8,1689.1,1689.1,1003.0,0.593807,1,p:1.2.4.1.1.2
U5021,200,FUSE1,246370.7,246370.7,248212.6,1841.9,1841.9,1003.0,0.544546,1,p:2.3.1.2.1.1
U5022,200,FUSE1,246449.5,246449.5,248249.8,1800.3,1800.3,1003.0,0.557129,1,p:1.1.2.1.2.2
U5023,200,FUSE1,246486.7,246486.7,248444.6,1957.9,1957.9,1003.0,0.512284,1,p:2.2.5.2.2.1
U5024,200,FUSE1,246565.5,246565.5,248370.6,1805.1,1805.1,1003.0,0.555648,1,p:1.3.3.1.1.2
U5025,200,FUSE1,246607.5,246607.5,248328.6,1721.1,1721.1,1003.0,0.582767,1,p:2.1.4.2.3.1
U5026,200,FUSE2,246681.5,246681.5,248486.6,1805.1,1805.1,1035.4,0.573597,1,p:1.2.1.1.3.2
U5027,200,FUSE2,246723.5,246723.5,248565.4,1841.9,1841.9,1035.4,0.562137,1,p:2.3.2.2.1.1
U5028,200,FUSE2,246802.3,246802.3,248740.2,1937.9,1937.9,1035.4,0.53429,1,p:1.1.5.1.1.2
U5029,200,FUSE2,246839.5,246839.5,248681.4,1841.9,1841.9,1035.4,0.562137,1,p:2.2.3.2.3.1
U5030,200,FUSE2,246918.3,246918.3,248602.6,1684.3,1684.3,1035.4,0.614736,1,p:1.3.4.1.2.2
U5031,200,FUSE2,246960.3,246960.3,248797.4,1837.1,1837.1,1035.4,0.563606,1,p:2.1.1.2.2.1
U5032,200,FUSE2,247034.3,247034.3,248856.2,1821.9,1821.9,1035.4,0.568308,1,p:1.2.2.1.3.2
U5033,200,FUSE2,247076.3,247076.3,249051.0,1974.7,1974.7,1035.4,0.524333,1,p:2.3.5.2.3.1
U8505,340,FUSE0,247155.1,247155.1,248935.0,1779.9,1779.9,941.0,0.528681,1,p:1.1.3.2.1.1
U8506,340,FUSE0,247192.3,247192.3,248972.2,1779.9,1779.9,941.0,0.528681,1,p:2.2.4.1.2.2
U8507,340,FUSE0,247271.1,247271.1,249093.0,1821.9,1821.9,941.0,0.516494,1,p:1.3.1.1.1.2
U8508,340,FUSE0,247313.1,247313.1,249167.0,1853.9,1853.9,941.0,0.507579,1,p:2.1.2.2.2.1
U8509,340,FUSE0,247387.1,247387.1,249209.0,1821.9,1821.9,941.0,0.516494,1,p:1.2.3.1.3.2
U8510,340,FUSE0,247429.1,247429.1,249287.8,1858.7,1858.7,941.0,0.506268,1,p:2.3.4.2.1.1
U8511,340,FUSE1,247507.9,247507.9,249325.0,1817.1,1817.1,1003.0,0.551978,1,p:1.1.5.1.2.2
U8512,340,FUSE1,247545.1,247545.1,249403.8,1858.7,1858.7,1003.0,0.539624,1,p:2.2.1.2.3.1
U8513,340,FUSE1,247623.9,247623.9,249445.8,1821.9,1821.9,1003.0,0.550524,1,p:1.3.2.1.1.2
U8514,340,FUSE1,247696.3,247696.3,249519.8,1823.5,1823.5,1003.0,0.550041,1,p:2.1.3.2.2.1
U8515,340,FUSE1,247739.9,247739.9,249561.8,1821.9,1821.9,1003.0,0.550524,1,p:1.2.4.1.3.2
U8516,340,FUSE1,247812.3,247812.3,249640.6,1828.3,1828.3,1003.0,0.548597,1,p:2.3.5.2.1.1
U8517,340,FUSE2,247891.1,247891.1,249677.8,1786.7,1786.7,1035.4,0.579504,1,p:1.1.1.1.2.2
U8518,340,FUSE2,247928.3,247928.3,249756.6,1828.3,1828.3,1035.4,0.566318,1,p:2.2.2.2.3.1
U8519,340,FUSE2,248007.1,248007.1,249798.6,1791.5,1791.5,1035.4,0.577951,1,p:1.3.3.1.1.2
U8520,340,FUSE2,248049.1,248049.1,249872.6,1823.5,1823.5,1035.4,0.567809,1,p:2.1.4.2.2.1
U8521,340,FUSE2,248123.1,248123.1,249914.6,1791.5,1791.5,1035.4,0.577951,1,p:1.2.5.1.3.2
U8522,340,FUSE2,248165.1,248165.1,250109.4,1944.3,1944.3,1035.4,0.532531,1,p:2.3.1.2.3.1
U8683,348,FUSE0,248243.9,248243.9,249993.4,1749.5,1749.5,941.0,0.537868,1,p:1.1.2.2.1.1
U8684,348,FUSE0,248281.1,248281.1,250030.6,1749.5,1749.5,941.0,0.537868,1,p:2.2.3.1.2.2
U8685,348,FUSE0,248359.9,248359.9,250151.4,1791.5,1791.5,941.0,0.525258,1,p:1.3.4.1.1.2
U8686,348,FUSE0,248401.9,248401.9,250225.4,1823.5,1823.5,941.0,0.516041,1,p:2.1.5.2.2.1
U8687,348,FUSE0,248475.9,248475.9,250267.4,1791.5,1791.5,941.0,0.525258,1,p:1.2.2.1.3.2
U8688,348,FUSE0,248517.9,248517.9,250346.2,1828.3,1828.3,941.0,0.514686,1,p:2.3.3.2.1.1
U8689,348,FUSE0,248596.7,248596.7,250383.4,1786.7,1786.7,941.0,0.526669,1,p:1.1.1.1.2.2
U8690,348,FUSE0,248633.9,248633.9,250462.2,1828.3,1828.3,941.0,0.514686,1,p:2.2.4.2.3.1
U8691,348,FUSE0,248712.7,248712.7,250504.2,1791.5,1791.5,941.0,0.525258,1,p:1.3.5.1.1.2
U8692,348,FUSE1,248771.5,248771.5,250578.2,1806.7,1806.7,1003.0,0.555156,1,p:2.1.2.2.2.1
U8693,348,FUSE1,248828.7,248828.7,250620.2,1791.5,1791.5,1003.0,0.559866,1,p:1.2.3.1.3.2
U8694,348,FUSE1,248887.5,248887.5,250699.0,1811.5,1811.5,1003.0,0.553685,1,p:2.3.1.2.1.1
U8695,348,FUSE1,248966.3,248966.3,250736.2,1769.9,1769.9,1003.0,0.566699,1,p:1.1.4.1.2.2
U8696,348,FUSE1,249003.5,249003.5,250815.0,1811.5,1811.5,1003.0,0.553685,1,p:2.2.5.2.3.1
U8697,348,FUSE1,249082.3,249082.3,250857.0,1774.7,1774.7,1003.0,0.565166,1,p:1.3.2.1.1.2
U8698,348,FUSE1,249124.3,249124.3,250931.0,1806.7,1806.7,1003.0,0.555156,1,p:2.1.3.2.2.1
U8699,348,FUSE1,249198.3,249198.3,250973.0,1774.7,1774.7,1003.0,0.565166,1,p:1.2.1.1.3.2
U8700,348,FUSE1,249240.3,249240.3,251051.8,1811.5,1811.5,1003.0,0.553685,1,p:2.3.4.2.1.1
U8701,348,FUSE2,249319.1,249319.1,251089.0,1769.9,1769.9,1035.4,0.585005,1,p:1.1.5.1.2.2
U8702,348,FUSE2,249356.3,249356.3,251167.8,1811.5,1811.5,1035.4,0.571571,1,p:2.2.2.2.3.1
U8703,348,FUSE2,249435.1,249435.1,251209.8,1774.7,1774.7,1035.4,0.583423,1,p:1.3.3.1.1.2
U8704,348,FUSE2,249477.1,249477.1,251283.8,1806.7,1806.7,1035.4,0.573089,1,p:2.1.1.2.2.1
U8705,348,FUSE2,249551.1,249551.1,251325.8,1774.7,1774.7,1035.4,0.583423,1,p:1.2.4.1.3.2
U8706,348,FUSE2,249593.1,249593.1,251404.6,1811.5,1811.5,1035.4,0.571571,1,p:2.3.5.2.1.1
U8707,348,FUSE2,249671.9,249671.9,251520.6,1848.7,1848.7,1035.4,0.560069,1,p:1.1.2.2.3.1
U8708,348,FUSE2,249709.1,249709.1,251562.6,1853.5,1853.5,1035.4,0.558619,1,p:2.2.3.1.1.2
U8709,348,FUSE2,249787.9,249787.9,251636.6,1848.7,1848.7,1035.4,0.560069,1,p:1.3.1.2.2.1
U1093,44,FUSE0,249829.9,249829.9,251441.8,1611.9,1611.9,941.0,0.583783,1,p:2.1.4.1.2.2
U1094,44,FUSE0,249903.9,249903.9,251678.6,1774.7,1774.7,941.0,0.53023,1,p:1.2.5.1.3.2
U1095,44,FUSE0,249945.9,249945.9,251757.4,1811.5,1811.5,941.0,0.519459,1,p:2.3.4.2.1.1
U1096,44,FUSE0,250024.7,250024.7,251794.6,1769.9,1769.9,941.0,0.531668,1,p:1.1.2.1.2.2
U1097,44,FUSE0,250061.9,250061.9,251873.4,1811.5,1811.5,941.0,0.519459,1,p:2.2.3.2.3.1
U1098,44,FUSE0,250140.7,250140.7,251915.4,1774.7,1774.7,941.0,0.53023,1,p:1.3.1.1.1.2
U1099,44,FUSE0,250182.7,250182.7,251989.4,1806.7,1806.7,941.0,0.520839,1,p:2.1.5.2.2.1
U1100,44,FUSE0,250256.7,250256.7,252031.4,1774.7,1774.7,941.0,0.53023,1,p:1.2.4.1.3.2
U1101,44,FUSE0,250298.7,250298.7,252110.2,1811.5,1811.5,941.0,0.519459,1,p:2.3.2.2.1.1
U1102,44,FUSE1,250377.5,250377.5,252147.4,1769.9,1769.9,1003.0,0.566699,1,p:1.1.3.1.2.2
U1103,44,FUSE1,250414.7,250414.7,252226.2,1811.5,1811.5,1003.0,0.553685,1,p:2.2.1.2.3.1
U1104,44,FUSE1,250493.5,250493.5,252268.2,1774.7,1774.7,1003.0,0.565166,1,p:1.3.5.1.1.2
U1105,44,FUSE1,250535.5,250535.5,252342.2,1806.7,1806.7,1003.0,0.555156,1,p:2.1.4.2.2.1
U1106,44,FUSE1,250609.5,250609.5,252384.2,1774.7,1774.7,1003.0,0.565166,1,p:1.2.2.1.3.2
U1107,44,FUSE1,250651.5,250651.5,252463.0,1811.5,1811.5,1003.0,0.553685,1,p:2.3.3.2.1.1
U1108,44,FUSE1,250730.3,250730.3,252500.2,1769.9,1769.9,1003.0,0.566699,1,p:1.1.1.1.2.2
U1109,44,FUSE1,250767.5,250767.5,252579.0,1811.5,1811.5,1003.0,0.553685,1,p:2.2.5.2.3.1
U1110,44,FUSE1,250846.3,250846.3,252621.0,1774.7,1774.7,1003.0,0.565166,1,p:1.3.4.1.1.2
U1111,44,FUSE2,250888.3,250888.3,252695.0,1806.7,1806.7,1035.4,0.573089,1,p:2.1.2.2.2.1
U1112,44,FUSE2,250962.3,250962.3,252737.0,1774.7,1774.7,1035.4,0.583423,1,p:1.2.3.1.3.2
U1113,44,FUSE2,251004.3,251004.3,252815.8,1811.5,1811.5,1035.4,0.571571,1,p:2.3.1.2.1.1
U1114,44,FUSE2,251083.1,251083.1,252853.0,1769.9,1769.9,1035.4,0.585005,1,p:1.1.5.1.2.2
U1115,44,FUSE2,251120.3,251120.3,252931.8,1811.5,1811.5,1035.4,0.571571,1,p:2.2.4.2.3.1
U1116,44,FUSE2,251199.1,251199.1,252973.8,1774.7,1774.7,1035.4,0.583423,1,p:1.3.2.1.1.2
U1117,44,FUSE2,251241.1,251241.1,253047.8,1806.7,1806.7,1035.4,0.573089,1,p:2.1.3.2.2.1
U1118,44,FUSE2,251315.1,251315.1,253089.8,1774.7,1774.7,1035.4,0.583423,1,p:1.2.1.1.3.2
U1119,44,FUSE2,251357.1,251357.1,253205.8,1848.7,1848.7,1035.4,0.560069,1,p:2.3.5.1.2.2
U5174,207,FUSE0,251435.9,251435.9,253168.6,1732.7,1732.7,941.0,0.543083,1,p:1.1.4.2.1.1
U5175,207,FUSE0,251473.1,251473.1,253284.6,1811.5,1811.5,941.0,0.519459,1,p:2.2.2.2.3.1
U5176,207,FUSE0,251551.9,251551.9,253326.6,1774.7,1774.7,941.0,0.53023,1,p:1.3.3.1.1.2
U5177,207,FUSE0,251593.9,251593.9,253400.6,1806.7,1806.7,941.0,0.520839,1,p:2.1.1.2.2.1
U5178,207,FUSE0,251667.9,251667.9,253442.6,1774.7,1774.7,941.0,0.53023,1,p:1.2.4.1.3.2
U5179,207,FUSE0,251709.9,251709.9,253521.4,1811.5,1811.5,941.0,0.519459,1,p:2.3.5.2.1.1
U5180,207,FUSE0,251788.7,251788.7,253558.6,1769.9,1769.9,941.0,0.531668,1,p:1.1.2.1.2.2
U5181,207,FUSE0,251825.9,251825.9,253637.4,1811.5,1811.5,941.0,0.519459,1,p:2.2.3.2.3.1
U5182,207,FUSE0,251904.7,251904.7,253679.4,1774.7,1774.7,941.0,0.53023,1,p:1.3.1.1.1.2
U5183,207,FUSE1,251946.7,251946.7,253753.4,1806.7,1806.7,1003.0,0.555156,1,p:2.1.4.2.2.1
U5184,207,FUSE1,252020.7,252020.7,253795.4,1774.7,1774.7,1003.0,0.565166,1,p:1.2.5.1.3.2
U5185,207,FUSE1,252062.7,252062.7,253874.2,1811.5,1811.5,1003.0,0.553685,1,p:2.3.2.2.1.1
U5186,207,FUSE1,252141.5,252141.5,253911.4,1769.9,1769.9,1003.0,0.566699,1,p:1.1.3.1.2.2
U5187,207,FUSE1,252178.7,252178.7,253990.2,1811.5,1811.5,1003.0,0.553685,1,p:2.2.1.2.3.1
U5188,207,FUSE1,252257.5,252257.5,254032.2,1774.7,1774.7,1003.0,0.565166,1,p:1.3.4.1.1.2
U5189,207,FUSE1,252299.5,252299.5,254106.2,1806.7,1806.7,1003.0,0.555156,1,p:2.1.5.2.2.1
U5190,207,FUSE1,252373.5,252373.5,254148.2,1774.7,1774.7,1003.0,0.565166,1,p:1.2.2.1.3.2
U5191,207,FUSE1,252415.5,252415.5,254227.0,1811.5,1811.5,1003.0,0.553685,1,p:2.3.3.2.1.1
U5192,207,FUSE2,252494.3,252494.3,254264.2,1769.9,1769.9,1035.4,0.585005,1,p:1.1.1.1.2.2
U5193,207,FUSE2,252531.5,252531.5,254343.0,1811.5,1811.5,1035.4,0.571571,1,p:2.2.4.2.3.1
U5194,207,FUSE2,252610.3,252610.3,254385.0,1774.7,1774.7,1035.4,0.583423,1,p:1.3.5.1.1.2
U5195,207,FUSE2,252652.3,252652.3,254459.0,1806.7,1806.7,1035.4,0.573089,1,p:2.1.2.2.2.1
U5196,207,FUSE2,252726.3,252726.3,254501.0,1774.7,1774.7,1035.4,0.583423,1,p:1.2.3.1.3.2
U5197,207,FUSE2,252768.3,252768.3,254579.8,1811.5,1811.5,1035.4,0.571571,1,p:2.3.1.2.1.1
U5198,207,FUSE2,252847.1,252847.1,254617.0,1769.9,1769.9,1035.4,0.585005,1,p:1.1.4.1.2.2
U5199,207,FUSE2,252884.3,252884.3,254695.8,1811.5,1811.5,1035.4,0.571571,1,p:2.2.5.2.3.1
U5200,207,FUSE2,252963.1,252963.1,254761.8,1798.7,1798.7,1035.4,0.575638,1,p:1.3.2.1.1.2
U5201,207,FUSE2,253005.1,253005.1,254877.8,1872.7,1872.7,1035.4,0.552892,1,p:2.1.3.1.3.2
U2351,95,FUSE0,253079.1,253079.1,254811.8,1732.7,1732.7,941.0,0.543083,1,p:1.2.1.2.2.1
U2352,95,FUSE0,253121.1,253121.1,254956.6,1835.5,1835.5,941.0,0.512667,1,p:2.3.4.2.1.1
U2353,95,FUSE0,253199.9,253199.9,254993.8,1793.9,1793.9,941.0,0.524555,1,p:1.1.5.1.2.2
U2354,95,FUSE0,253237.1,253237.1,255072.6,1835.5,1835.5,941.0,0.512667,1,p:2.2.2.2.3.1
U2355,95,FUSE0,253315.9,253315.9,255114.6,1798.7,1798.7,941.0,0.523156,1,p:1.3.1.1.1.2
U2356,95,FUSE0,253357.9,253357.9,255188.6,1830.7,1830.7,941.0,0.514011,1,p:2.1.3.2.2.1
U2357,95,FUSE0,253431.9,253431.9,255230.6,1798.7,1798.7,941.0,0.523156,1,p:1.2.4.1.3.2
U2358,95,FUSE0,253473.9,253473.9,255309.4,1835.5,1835.5,941.0,0.512667,1,p:2.3.5.2.1.1
U2359,95,FUSE0,253552.7,253552.7,255346.6,1793.9,1793.9,941.0,0.524555,1,p:1.1.2.1.2.2
U2360,95,FUSE1,253589.9,253589.9,255425.4,1835.5,1835.5,1003.0,0.546445,1,p:2.2.1.2.3.1
U2361,95,FUSE1,253668.7,253668.7,255467.4,1798.7,1798.7,1003.0,0.557625,1,p:1.3.3.1.1.2
U2362,95,FUSE1,253710.7,253710.7,255541.4,1830.7,1830.7,1003.0,0.547878,1,p:2.1.4.2.2.1
U2363,95,FUSE1,253784.7,253784.7,255583.4,1798.7,1798.7,1003.0,0.557625,1,p:1.2.5.1.3.2
U2364,95,FUSE1,253826.7,253826.7,255662.2,1835.5,1835.5,1003.0,0.546445,1,p:2.3.2.2.1.1
U2365,95,FUSE1,253905.5,253905.5,255699.4,1793.9,1793.9,1003.0,0.559117,1,p:1.1.1.1.2.2
U2366,95,FUSE1,253942.7,253942.7,255778.2,1835.5,1835.5,1003.0,0.546445,1,p:2.2.3.2.3.1
U2367,95,FUSE1,254021.5,254021.5,255820.2,1798.7,1798.7,1003.0,0.557625,1,p:1.3.4.1.1.2
U2368,95,FUSE1,254063.5,254063.5,255894.2,1830.7,1830.7,1003.0,0.547878,1,p:2.1.5.2.2.1
U2369,95,FUSE2,254137.5,254137.5,255936.2,1798.7,1798.7,1035.4,0.575638,1,p:1.2.2.1.3.2
U2370,95,FUSE2,254179.5,254179.5,256015.0,1835.5,1835.5,1035.4,0.564097,1,p:2.3.1.2.1.1
U2371,95,FUSE2,254258.3,254258.3,256052.2,1793.9,1793.9,1035.4,0.577178,1,p:1.1.3.1.2.2
U2372,95,FUSE2,254295.5,254295.5,256131.0,1835.5,1835.5,1035.4,0.564097,1,p:2.2.4.2.3.1
U2373,95,FUSE2,254374.3,254374.3,256173.0,1798.7,1798.7,1035.4,0.575638,1,p:1.3.5.1.1.2
U2374,95,FUSE2,254416.3,254416.3,256247.0,1830.7,1830.7,1035.4,0.565576,1,p:2.1.2.2.2.1
U2375,95,FUSE2,254490.3,254490.3,256289.0,1798.7,1798.7,1035.4,0.575638,1,p:1.2.1.1.3.2
U2376,95,FUSE2,254532.3,254532.3,256405.0,1872.7,1872.7,1035.4,0.552892,1,p:2.3.3.1.2.2
U2377,95,FUSE2,254611.1,254611.1,256503.0,1891.9,1891.9,1035.4,0.547281,1,p:1.1.4.2.3.1
U4412,177,FUSE0,254648.3,254648.3,256387.0,1738.7,1738.7,941.0,0.541209,1,p:2.2.5.2.1.1
U4413,177,FUSE0,254727.1,254727.1,256541.8,1814.7,1814.7,941.0,0.518543,1,p:1.3.2.1.1.2
U4414,177,FUSE0,254793.1,254793.1,256619.0,1825.9,1825.9,941.0,0.515362,1,p:2.1.1.2.2.1
U4415,177,FUSE0,254843.1,254843.1,256657.8,1814.7,1814.7,941.0,0.518543,1,p:1.2.5.1.3.2
U4416,177,FUSE0,254909.1,254909.1,256739.8,1830.7,1830.7,941.0,0.514011,1,p:2.3.3.2.1.1
U4417,177,FUSE0,254987.9,254987.9,256773.8,1785.9,1785.9,941.0,0.526905,1,p:1.1.4.1.2.2
U4418,177,FUSE0,255025.1,255025.1,256855.8,1830.7,1830.7,941.0,0.514011,1,p:2.2.2.2.3.1
U4419,177,FUSE0,255103.9,255103.9,256894.6,1790.7,1790.7,941.0,0.525493,1,p:1.3.1.1.1.2
U4420,177,FUSE0,255145.9,255145.9,256971.8,1825.9,1825.9,941.0,0.515362,1,p:2.1.5.2.2.1
U4421,177,FUSE1,255219.9,255219.9,257010.6,1790.7,1790.7,1003.0,0.560116,1,p:1.2.3.1.3.2
U4422,177,FUSE1,255261.9,255261.9,257092.6,1830.7,1830.7,1003.0,0.547878,1,p:2.3.4.2.1.1
U4423,177,FUSE1,255340.7,255340.7,257126.6,1785.9,1785.9,1003.0,0.561622,1,p:1.1.2.1.2.2
U4424,177,FUSE1,255377.9,255377.9,257208.6,1830.7,1830.7,1003.0,0.547878,1,p:2.2.1.2.3.1
U4425,177,FUSE1,255456.7,255456.7,257247.4,1790.7,1790.7,1003.0,0.560116,1,p:1.3.5.1.1.2
U4426,177,FUSE1,255498.7,255498.7,257324.6,1825.9,1825.9,1003.0,0.549318,1,p:2.1.3.2.2.1
U4427,177,FUSE1,255572.7,255572.7,257363.4,1790.7,1790.7,1003.0,0.560116,1,p:1.2.4.1.3.2
U4428,177,FUSE1,255614.7,255614.7,257445.4,1830.7,1830.7,1003.0,0.547878,1,p:2.3.2.2.1.1
U4429,177,FUSE1,255693.5,255693.5,257479.4,1785.9,1785.9,1003.0,0.561622,1,p:1.1.1.1.2.2
U4430,177,FUSE2,255730.7,255730.7,257561.4,1830.7,1830.7,1035.4,0.565576,1,p:2.2.5.2.3.1
U4431,177,FUSE2,255809.5,255809.5,257600.2,1790.7,1790.7,1035.4,0.57821,1,p:1.3.3.1.1.2
U4432,177,FUSE2,255851.5,255851.5,257677.4,1825.9,1825.9,1035.4,0.567063,1,p:2.1.4.2.2.1
U4433,177,FUSE2,255925.5,255925.5,257716.2,1790.7,1790.7,1035.4,0.57821,1,p:1.2.2.1.3.2
U4434,177,FUSE2,255967.5,255967.5,257798.2,1830.7,1830.7,1035.4,0.565576,1,p:2.3.1.2.1.1
U4435,177,FUSE2,256046.3,256046.3,257832.2,1785.9,1785.9,1035.4,0.579764,1,p:1.1.5.1.2.2
U4436,177,FUSE2,256083.5,256083.5,257914.2,1830.7,1830.7,1035.4,0.565576,1,p:2.2.3.2.3.1
U4437,177,FUSE2,256162.3,256162.3,257953.4,1791.1,1791.1,1035.4,0.578081,1,p:1.3.4.1.1.2
U4438,177,FUSE2,256204.3,256204.3,258030.2,1825.9,1825.9,1035.4,0.567063,1,p:2.1.2.2.2.1
U4439,177,FUSE2,256278.3,256278.3,258151.0,1872.7,1872.7,1035.4,0.552892,1,p:1.2.1.2.1.1
U2862,115,FUSE0,256320.3,256320.3,258069.4,1749.1,1749.1,941.0,0.537991,1,p:2.3.5.1.3.2
U2863,115,FUSE0,256418.3,256418.3,258185.4,1767.1,1767.1,941.0,0.532511,1,p:1.1.3.1.2.2
U2864,115,FUSE0,256436.3,256436.3,258267.0,1830.7,1830.7,941.0,0.514011,1,p:2.2.4.2.3.1
U2865,115,FUSE0,256534.3,256534.3,258314.6,1780.3,1780.3,941.0,0.528563,1,p:1.3.2.1.1.2
U2866,115,FUSE0,256573.1,256573.1,258383.0,1809.9,1809.9,941.0,0.519918,1,p:2.1.5.2.2.1
U2867,115,FUSE0,256650.3,256650.3,258430.6,1780.3,1780.3,941.0,0.528563,1,p:1.2.1.1.3.2
U2868,115,FUSE0,256689.1,256689.1,258509.4,1820.3,1820.3,941.0,0.516948,1,p:2.3.3.2.1.1
U2869,115,FUSE0,256771.1,256771.1,258546.6,1775.5,1775.5,941.0,0.529992,1,p:1.1.4.1.2.2
U2870,115,FUSE0,256805.1,256805.1,258625.4,1820.3,1820.3,941.0,0.516948,1,p:2.2.2.2.3.1
U2871,115,FUSE0,256887.1,256887.1,258667.4,1780.3,1780.3,941.0,0.528563,1,p:1.3.5.1.1.2
U2872,115,FUSE1,256925.9,256925.9,258741.4,1815.5,1815.5,1003.0,0.552465,1,p:2.1.1.2.2.1
U2873,115,FUSE1,257003.1,257003.1,258783.4,1780.3,1780.3,1003.0,0.563388,1,p:1.2.3.1.3.2
U2874,115,FUSE1,257041.9,257041.9,258862.2,1820.3,1820.3,1003.0,0.551008,1,p:2.3.4.2.1.1
U2875,115,FUSE1,257123.9,257123.9,258899.4,1775.5,1775.5,1003.0,0.564911,1,p:1.1.2.1.2.2
U2876,115,FUSE1,257157.9,257157.9,258978.2,1820.3,1820.3,1003.0,0.551008,1,p:2.2.5.2.3.1
U2877,115,FUSE1,257239.9,257239.9,259020.2,1780.3,1780.3,1003.0,0.563388,1,p:1.3.1.1.1.2
U2878,115,FUSE1,257278.7,257278.7,259094.2,1815.5,1815.5,1003.0,0.552465,1,p:2.1.3.2.2.1
U2879,115,FUSE1,257355.9,257355.9,259136.2,1780.3,1780.3,1003.0,0.563388,1,p:1.2.4.1.3.2
U2880,115,FUSE1,257394.7,257394.7,259215.0,1820.3,1820.3,1003.0,0.551008,1,p:2.3.2.2.1.1
U2881,115,FUSE2,257476.7,257476.7,259252.2,1775.5,1775.5,1035.4,0.58316,1,p:1.1.5.1.2.2
U2882,115,FUSE2,257510.7,257510.7,259331.0,1820.3,1820.3,1035.4,0.568807,1,p:2.2.1.2.3.1
U2883,115,FUSE2,257592.7,257592.7,259373.0,1780.3,1780.3,1035.4,0.581587,1,p:1.3.3.1.1.2
U2884,115,FUSE2,257631.5,257631.5,259447.0,1815.5,1815.5,1035.4,0.570311,1,p:2.1.4.2.2.1
U2885,115,FUSE2,257708.7,257708.7,259489.0,1780.3,1780.3,1035.4,0.581587,1,p:1.2.2.1.3.2
U2886,115,FUSE2,257747.5,257747.5,259568.2,1820.7,1820.7,1035.4,0.568682,1,p:2.3.5.2.1.1
U2887,115,FUSE2,257829.5,257829.5,259605.0,1775.5,1775.5,1035.4,0.58316,1,p:1.1.1.1.2.2
U2888,115,FUSE2,257863.5,257863.5,259684.2,1820.7,1820.7,1035.4,0.568682,1,p:2.2.3.2.3.1
U2889,115,FUSE2,257945.5,257945.5,259725.8,1780.3,1780.3,1035.4,0.581587,1,p:1.3.4.1.1.2
U2890,115,FUSE2,257984.7,257984.7,259800.2,1815.5,1815.5,1035.4,0.570311,1,p:2.1.2.2.2.1
U614,25,FUSE0,258061.5,258061.5,259841.8,1780.3,1780.3,941.0,0.528563,1,p:1.2.5.1.3.2
U615,25,FUSE0,258100.7,258100.7,259921.0,1820.3,1820.3,941.0,0.516948,1,p:2.3.1.2.1.1
U616,25,FUSE0,258182.3,258182.3,259957.8,1775.5,1775.5,941.0,0.529992,1,p:1.1.3.1.2.2
U617,25,FUSE0,258216.7,258216.7,260037.0,1820.3,1820.3,941.0,0.516948,1,p:2.2.4.2.3.1
U618,25,FUSE0,258298.3,258298.3,260078.6,1780.3,1780.3,941.0,0.528563,1,p:1.3.2.1.1.2
U619,25,FUSE0,258345.9,258345.9,260153.0,1807.1,1807.1,941.0,0.520724,1,p:2.1.5.2.2.1
U620,25,FUSE0,258414.3,258414.3,260194.6,1780.3,1780.3,941.0,0.528563,1,p:1.2.1.1.3.2
U621,25,FUSE0,258461.9,258461.9,260273.8,1811.9,1811.9,941.0,0.519344,1,p:2.3.3.2.1.1
U622,25,FUSE0,258540.7,258540.7,260310.6,1769.9,1769.9,941.0,0.531668,1,p:1.1.4.1.2.2
U623,25,FUSE1,258577.9,258577.9,260389.8,1811.9,1811.9,1003.0,0.553563,1,p:2.2.2.2.3.1
U624,25,FUSE1,258656.7,258656.7,260431.4,1774.7,1774.7,1003.0,0.565166,1,p:1.3.5.1.1.2
U625,25,FUSE1,258698.7,258698.7,260505.8,1807.1,1807.1,1003.0,0.555033,1,p:2.1.1.2.2.1
U626,25,FUSE1,258772.7,258772.7,260547.4,1774.7,1774.7,1003.0,0.565166,1,p:1.2.3.1.3.2
U627,25,FUSE1,258814.7,258814.7,260626.6,1811.9,1811.9,1003.0,0.553563,1,p:2.3.4.2.1.1
U628,25,FUSE1,258893.5,258893.5,260663.4,1769.9,1769.9,1003.0,0.566699,1,p:1.1.2.1.2.2
U629,25,FUSE1,258930.7,258930.7,260742.6,1811.9,1811.9,1003.0,0.553563,1,p:2.2.5.2.3.1
U630,25,FUSE1,259009.5,259009.5,260784.2,1774.7,1774.7,1003.0,0.565166,1,p:1.3.1.1.1.2
U631,25,FUSE1,259051.5,259051.5,260858.6,1807.1,1807.1,1003.0,0.555033,1,p:2.1.3.2.2.1
U632,25,FUSE2,259125.5,259125.5,260900.2,1774.7,1774.7,1035.4,0.583423,1,p:1.2.4.1.3.2
U633,25,FUSE2,259167.5,259167.5,260979.4,1811.9,1811.9,1035.4,0.571444,1,p:2.3.2.2.1.1
U634,25,FUSE2,259246.3,259246.3,261016.2,1769.9,1769.9,1035.4,0.585005,1,p:1.1.5.1.2.2
U635,25,FUSE2,259283.5,259283.5,261095.4,1811.9,1811.9,1035.4,0.571444,1,p:2.2.1.2.3.1
U636,25,FUSE2,259362.3,259362.3,261137.0,1774.7,1774.7,1035.4,0.583423,1,p:1.3.3.1.1.2
U637,25,FUSE2,259404.3,259404.3,261211.4,1807.1,1807.1,1035.4,0.572962,1,p:2.1.4.2.2.1
U638,25,FUSE2,259478.3,259478.3,261253.0,1774.7,1774.7,1035.4,0.583423,1,p:1.2.2.1.3.2
U639,25,FUSE2,259520.3,259520.3,261448.2,1927.9,1927.9,1035.4,0.537061,1,p:2.3.5.2.3.1
U640,25,FUSE2,259599.5,259599.5,261332.2,1732.7,1732.7,1035.4,0.597564,1,p:1.1.1.2.1.1
U8545,342,FUSE0,259636.3,259636.3,261369.0,1732.7,1732.7,941.0,0.543083,1,p:2.2.3.1.2.2
U8546,342,FUSE0,259715.5,259715.5,261489.8,1774.3,1774.3,941.0,0.53035,1,p:1.3.4.1.1.2
U8547,342,FUSE0,259757.1,259757.1,261564.2,1807.1,1807.1,941.0,0.520724,1,p:2.1.2.2.2.1
U8548,342,FUSE0,259831.5,259831.5,261721.8,1890.3,1890.3,941.0,0.497805,1,p:1.2.5.1.2.2
U8549,342,FUSE0,259873.1,259873.1,261685.0,1811.9,1811.9,941.0,0.519344,1,p:2.3.3.2.1.1
U8550,342,FUSE0,259952.3,259952.3,261605.8,1653.5,1653.5,941.0,0.569096,1,p:1.1.1.1.3.2
U8551,342,FUSE0,259989.1,259989.1,261801.0,1811.9,1811.9,941.0,0.519344,1,p:2.2.4.2.3.1
U8552,342,FUSE0,260068.3,260068.3,261842.6,1774.3,1774.3,941.0,0.53035,1,p:1.3.2.1.1.2
U8553,342,FUSE1,260109.9,260109.9,262037.8,1927.9,1927.9,1003.0,0.520255,1,p:2.1.5.2.1.1
U8554,342,FUSE1,260184.3,260184.3,261958.6,1774.3,1774.3,1003.0,0.565293,1,p:1.2.3.1.3.2
U8555,342,FUSE1,260225.9,260225.9,261917.0,1691.1,1691.1,1003.0,0.593105,1,p:2.3.1.2.2.1
U8556,342,FUSE1,260305.1,260305.1,262074.6,1769.5,1769.5,1003.0,0.566827,1,p:1.1.4.1.2.2
U8557,342,FUSE1,260341.9,260341.9,262153.8,1811.9,1811.9,1003.0,0.553563,1,p:2.2.2.2.3.1
U8558,342,FUSE1,260421.1,260421.1,262311.4,1890.3,1890.3,1003.0,0.530604,1,p:1.3.5.1.3.2
U8559,342,FUSE1,260462.7,260462.7,262269.8,1807.1,1807.1,1003.0,0.555033,1,p:2.1.3.2.2.1
U8560,342,FUSE1,260537.1,260537.1,262195.4,1658.3,1658.3,1003.0,0.604836,1,p:1.2.1.1.1.2
U8561,342,FUSE2,260578.7,260578.7,262390.6,1811.9,1811.9,1035.4,0.571444,1,p:2.3.4.2.1.1
U8562,342,FUSE2,260657.9,260657.9,262427.4,1769.5,1769.5,1035.4,0.585137,1,p:1.1.2.1.2.2
U8563,342,FUSE2,260694.7,260694.7,262622.6,1927.9,1927.9,1035.4,0.537061,1,p:2.2.5.2.2.1
U8564,342,FUSE2,260773.9,260773.9,262548.2,1774.3,1774.3,1035.4,0.583554,1,p:1.3.3.1.1.2
U8565,342,FUSE2,260815.5,260815.5,262506.6,1691.1,1691.1,1035.4,0.612264,1,p:2.1.1.2.3.1
U8566,342,FUSE2,260889.9,260889.9,262664.2,1774.3,1774.3,1035.4,0.583554,1,p:1.2.4.1.3.2
U8567,342,FUSE2,260931.5,260931.5,262757.0,1825.5,1825.5,1035.4,0.567187,1,p:2.3.2.2.1.1
U8568,342,FUSE2,261010.7,261010.7,262911.8,1901.1,1901.1,1035.4,0.544632,1,p:1.1.5.1.1.2
U3329,134,FUSE0,261047.5,261047.5,262780.2,1732.7,1732.7,941.0,0.543083,1,p:2.2.3.1.2.2
U3330,134,FUSE0,261126.7,261126.7,262873.0,1746.3,1746.3,941.0,0.538854,1,p:1.3.1.2.3.1
U3331,134,FUSE0,261168.3,261168.3,262989.0,1820.7,1820.7,941.0,0.516834,1,p:2.1.4.2.2.1
U3332,134,FUSE0,261242.7,261242.7,263027.8,1785.1,1785.1,941.0,0.527141,1,p:1.2.2.1.3.2
U3333,134,FUSE0,261284.3,261284.3,263109.8,1825.5,1825.5,941.0,0.515475,1,p:2.3.3.2.1.1
U3334,134,FUSE0,261363.5,261363.5,263143.8,1780.3,1780.3,941.0,0.528563,1,p:1.1.1.1.2.2
U3335,134,FUSE0,261400.3,261400.3,263225.8,1825.5,1825.5,941.0,0.515475,1,p:2.2.5.2.3.1
U3336,134,FUSE0,261479.5,261479.5,263264.6,1785.1,1785.1,941.0,0.527141,1,p:1.3.4.1.1.2
U3337,134,FUSE1,261521.1,261521.1,263341.8,1820.7,1820.7,1003.0,0.550887,1,p:2.1.2.2.2.1
U3338,134,FUSE1,261595.5,261595.5,263380.6,1785.1,1785.1,1003.0,0.561873,1,p:1.2.3.1.3.2
U3339,134,FUSE1,261637.1,261637.1,263462.6,1825.5,1825.5,1003.0,0.549439,1,p:2.3.1.2.1.1
U3340,134,FUSE1,261716.3,261716.3,263496.6,1780.3,1780.3,1003.0,0.563388,1,p:1.1.5.1.2.2
U3341,134,FUSE1,261753.1,261753.1,263578.6,1825.5,1825.5,1003.0,0.549439,1,p:2.2.4.2.3.1
U3342,134,FUSE1,261832.3,261832.3,263617.4,1785.1,1785.1,1003.0,0.561873,1,p:1.3.2.1.1.2
U3343,134,FUSE1,261873.9,261873.9,263694.6,1820.7,1820.7,1003.0,0.550887,1,p:2.1.3.2.2.1
U3344,134,FUSE1,261948.3,261948.3,263733.4,1785.1,1785.1,1003.0,0.561873,1,p:1.2.1.1.3.2
U3345,134,FUSE2,261989.9,261989.9,263815.4,1825.5,1825.5,1035.4,0.567187,1,p:2.3.5.2.1.1
U3346,134,FUSE2,262069.1,262069.1,263849.4,1780.3,1780.3,1035.4,0.581587,1,p:1.1.4.1.2.2
U3347,134,FUSE2,262105.9,262105.9,263931.4,1825.5,1825.5,1035.4,0.567187,1,p:2.2.2.2.3.1
U3348,134,FUSE2,262185.1,262185.1,263970.2,1785.1,1785.1,1035.4,0.580024,1,p:1.3.3.1.1.2
U3349,134,FUSE2,262226.7,262226.7,264047.4,1820.7,1820.7,1035.4,0.568682,1,p:2.1.1.2.2.1
U3350,134,FUSE2,262301.1,262301.1,264086.2,1785.1,1785.1,1035.4,0.580024,1,p:1.2.5.1.3.2
U3351,134,FUSE2,262342.7,262342.7,264168.2,1825.5,1825.5,1035.4,0.567187,1,p:2.3.4.2.1.1
U1963,79,FUSE0,262421.9,262421.9,264202.2,1780.3,1780.3,941.0,0.528563,1,p:1.1.2.1.2.2
U1964,79,FUSE0,262458.7,262458.7,264284.2,1825.5,1825.5,941.0,0.515475,1,p:2.2.3.2.3.1
U1965,79,FUSE0,262537.9,262537.9,264323.0,1785.1,1785.1,941.0,0.527141,1,p:1.3.1.1.1.2
U1966,79,FUSE0,262579.5,262579.5,264400.2,1820.7,1820.7,941.0,0.516834,1,p:2.1.5.2.2.1
U1967,79,FUSE0,262653.9,262653.9,264439.0,1785.1,1785.1,941.0,0.527141,1,p:1.2.4.1.3.2
U1968,79,FUSE0,262695.5,262695.5,264521.0,1825.5,1825.5,941.0,0.515475,1,p:2.3.2.2.1.1
U1969,79,FUSE0,262788.3,262788.3,264555.0,1766.7,1766.7,941.0,0.532631,1,p:1.1.3.1.2.2
U1970,79,FUSE1,262811.5,262811.5,264637.0,1825.5,1825.5,1003.0,0.549439,1,p:2.2.1.2.3.1
U1971,79,FUSE1,262904.3,262904.3,264675.8,1771.5,1771.5,1003.0,0.566187,1,p:1.3.5.1.1.2
U1972,79,FUSE1,262943.1,262943.1,264753.0,1809.9,1809.9,1003.0,0.554174,1,p:2.1.4.2.2.1
U1973,79,FUSE1,263020.3,263020.3,264791.8,1771.5,1771.5,1003.0,0.566187,1,p:1.2.2.1.3.2
U1974,79,FUSE1,263059.1,263059.1,264873.8,1814.7,1814.7,1003.0,0.552708,1,p:2.3.3.2.1.1
U1975,79,FUSE1,263141.1,263141.1,264907.8,1766.7,1766.7,1003.0,0.567725,1,p:1.1.1.1.2.2
U1976,79,FUSE1,263175.1,263175.1,264989.8,1814.7,1814.7,1003.0,0.552708,1,p:2.2.5.2.3.1
U1977,79,FUSE2,263257.1,263257.1,265028.6,1771.5,1771.5,1035.4,0.584476,1,p:1.3.4.1.1.2
U1978,79,FUSE2,263295.9,263295.9,265105.8,1809.9,1809.9,1035.4,0.572076,1,p:2.1.2.2.2.1
U1979,79,FUSE2,263373.1,263373.1,265144.6,1771.5,1771.5,1035.4,0.584476,1,p:1.2.3.1.3.2
U1980,79,FUSE2,263411.9,263411.9,265226.6,1814.7,1814.7,1035.4,0.570563,1,p:2.3.1.2.1.1
U1981,79,FUSE2,263493.9,263493.9,265260.6,1766.7,1766.7,1035.4,0.586064,1,p:1.1.5.1.2.2
U1982,79,FUSE2,263527.9,263527.9,265342.6,1814.7,1814.7,1035.4,0.570563,1,p:2.2.4.2.3.1
U1983,79,FUSE2,263609.9,263609.9,265389.0,1779.1,1779.1,1035.4,0.58198,1,p:1.3.2.1.1.2
U1984,79,FUSE2,263648.7,263648.7,265458.6,1809.9,1809.9,1035.4,0.572076,1,p:2.1.3.2.2.1
U6607,264,FUSE0,263725.9,263725.9,265505.0,1779.1,1779.1,941.0,0.528919,1,p:1.2.1.1.3.2
U6608,264,FUSE0,263764.7,263764.7,265610.6,1845.9,1845.9,941.0,0.509778,1,p:2.3.5.2.1.1
U6609,264,FUSE0,263846.7,263846.7,265621.0,1774.3,1774.3,941.0,0.53035,1,p:1.1.4.1.2.2
U6610,264,FUSE0,263880.7,263880.7,265726.6,1845.9,1845.9,941.0,0.509778,1,p:2.2.2.2.3.1
U6611,264,FUSE0,263962.7,263962.7,265765.4,1802.7,1802.7,941.0,0.521995,1,p:1.3.3.1.1.2
U6612,264,FUSE0,264001.5,264001.5,265842.6,1841.1,1841.1,941.0,0.511107,1,p:2.1.1.2.2.1
U6613,264,FUSE0,264078.7,264078.7,265881.4,1802.7,1802.7,941.0,0.521995,1,p:1.2.5.1.3.2
U6614,264,FUSE0,264117.5,264117.5,265963.4,1845.9,1845.9,941.0,0.509778,1,p:2.3.4.2.1.1
U6615,264,FUSE0,264199.5,264199.5,265997.4,1797.9,1797.9,941.0,0.523388,1,p:1.1.2.1.2.2
U6616,264,FUSE1,264233.5,264233.5,266079.4,1845.9,1845.9,1003.0,0.543366,1,p:2.2.3.2.3.1
U6617,264,FUSE1,264315.5,264315.5,266118.2,1802.7,1802.7,1003.0,0.556388,1,p:1.3.1.1.1.2
U6618,264,FUSE1,264354.3,264354.3,266195.4,1841.1,1841.1,1003.0,0.544783,1,p:2.1.5.2.2.1
U6619,264,FUSE1,264431.5,264431.5,266234.2,1802.7,1802.7,1003.0,0.556388,1,p:1.2.4.1.3.2
U6620,264,FUSE1,264470.3,264470.3,266316.2,1845.9,1845.9,1003.0,0.543366,1,p:2.3.2.2.1.1
U6621,264,FUSE1,264552.3,264552.3,266350.2,1797.9,1797.9,1003.0,0.557873,1,p:1.1.3.1.2.2
U6622,264,FUSE1,264586.3,264586.3,266432.2,1845.9,1845.9,1003.0,0.543366,1,p:2.2.1.2.3.1
U6623,264,FUSE1,264668.3,264668.3,266471.0,1802.7,1802.7,1003.0,0.556388,1,p:1.3.5.1.1.2
U6624,264,FUSE2,264707.1,264707.1,266548.2,1841.1,1841.1,1035.4,0.562381,1,p:2.1.4.2.2.1
U6625,264,FUSE2,264784.3,264784.3,266587.0,1802.7,1802.7,1035.4,0.574361,1,p:1.2.2.1.3.2
U6626,264,FUSE2,264823.1,264823.1,266669.0,1845.9,1845.9,1035.4,0.560919,1,p:2.3.3.2.1.1
U6627,264,FUSE2,264905.1,264905.1,266703.0,1797.9,1797.9,1035.4,0.575894,1,p:1.1.1.1.2.2
U6628,264,FUSE2,264939.1,264939.1,266785.0,1845.9,1845.9,1035.4,0.560919,1,p:2.2.5.2.3.1
U6629,264,FUSE2,265021.1,265021.1,266824.2,1803.1,1803.1,1035.4,0.574233,1,p:1.3.4.1.1.2
U6630,264,FUSE2,265059.9,265059.9,266901.0,1841.1,1841.1,1035.4,0.562381,1,p:2.1.2.2.2.1
U6631,264,FUSE2,265137.1,265137.1,267021.8,1884.7,1884.7,1035.4,0.549371,1,p:1.2.3.2.1.1
U6632,264,FUSE2,265175.9,265175.9,266940.2,1764.3,1764.3,1035.4,0.586862,1,p:2.3.1.1.3.2
U5034,201,FUSE0,265257.9,265257.9,267056.2,1798.3,1798.3,941.0,0.523272,1,p:1.1.5.1.2.2
U5035,201,FUSE0,265291.9,265291.9,267137.8,1845.9,1845.9,941.0,0.509778,1,p:2.2.4.2.3.1
U5036,201,FUSE0,265373.9,265373.9,267177.0,1803.1,1803.1,941.0,0.521879,1,p:1.3.2.1.1.2
U5037,201,FUSE0,265420.3,265420.3,267374.6,1954.3,1954.3,941.0,0.481502,1,p:2.1.5.2.1.1
U5038,201,FUSE0,265489.9,265489.9,267293.0,1803.1,1803.1,941.0,0.521879,1,p:1.2.3.1.3.2
U5039,201,FUSE0,265536.3,265536.3,267253.8,1717.5,1717.5,941.0,0.547889,1,p:2.3.1.2.2.1
U5040,201,FUSE0,265641.9,265641.9,267409.0,1767.1,1767.1,941.0,0.532511,1,p:1.1.4.1.2.2
U5041,201,FUSE0,265652.3,265652.3,267490.6,1838.3,1838.3,941.0,0.511886,1,p:2.2.2.2.3.1
U5042,201,FUSE1,265757.9,265757.9,267645.8,1887.9,1887.9,1003.0,0.531278,1,p:1.3.5.1.3.2
U5043,201,FUSE1,265796.7,265796.7,267606.6,1809.9,1809.9,1003.0,0.554174,1,p:2.1.3.2.2.1
U5044,201,FUSE1,265873.9,265873.9,267529.8,1655.9,1655.9,1003.0,0.605713,1,p:1.2.1.1.1.2
U5045,201,FUSE1,265912.7,265912.7,267727.4,1814.7,1814.7,1003.0,0.552708,1,p:2.3.4.2.1.1
U5046,201,FUSE1,265994.7,265994.7,267761.8,1767.1,1767.1,1003.0,0.567597,1,p:1.1.2.1.2.2
U5047,201,FUSE1,266028.7,266028.7,267959.4,1930.7,1930.7,1003.0,0.519501,1,p:2.2.5.2.2.1
U5048,201,FUSE1,266110.7,266110.7,267882.6,1771.9,1771.9,1003.0,0.566059,1,p:1.3.3.1.1.2
U5049,201,FUSE1,266149.5,266149.5,267843.4,1693.9,1693.9,1003.0,0.592125,1,p:2.1.1.2.3.1
U5050,201,FUSE2,266226.7,266226.7,267998.6,1771.9,1771.9,1035.4,0.584344,1,p:1.2.4.1.3.2
U5051,201,FUSE2,266265.5,266265.5,268080.2,1814.7,1814.7,1035.4,0.570563,1,p:2.3.2.2.1.1
U5052,201,FUSE2,266347.5,266347.5,268235.4,1887.9,1887.9,1035.4,0.54844,1,p:1.1.5.1.1.2
U5053,201,FUSE2,266381.5,266381.5,268196.2,1814.7,1814.7,1035.4,0.570563,1,p:2.2.3.2.3.1
U5054,201,FUSE2,266463.5,266463.5,268114.6,1651.1,1651.1,1035.4,0.627097,1,p:1.3.1.1.2.2
U5055,201,FUSE2,266502.3,266502.3,268312.2,1809.9,1809.9,1035.4,0.572076,1,p:2.1.4.2.2.1
U5056,201,FUSE2,266579.5,266579.5,268351.4,1771.9,1771.9,1035.4,0.584344,1,p:1.2.2.1.3.2
U5931,237,FUSE0,266618.3,266618.3,268549.0,1930.7,1930.7,941.0,0.487388,1,p:2.3.5.2.3.1
U5932,237,FUSE0,266700.3,266700.3,268467.4,1767.1,1767.1,941.0,0.532511,1,p:1.1.3.1.2.2
U5933,237,FUSE0,266734.3,266734.3,268433.0,1698.7,1698.7,941.0,0.553953,1,p:2.2.1.2.1.1
U5934,237,FUSE0,266816.3,266816.3,268588.2,1771.9,1771.9,941.0,0.531068,1,p:1.3.4.1.1.2
U5935,237,FUSE0,266855.5,266855.5,268665.0,1809.5,1809.5,941.0,0.520033,1,p:2.1.2.2.2.1
U5936,237,FUSE0,266932.3,266932.3,268820.2,1887.9,1887.9,941.0,0.498437,1,p:1.2.5.1.2.2
U5937,237,FUSE0,266971.5,266971.5,268785.8,1814.3,1814.3,941.0,0.518657,1,p:2.3.3.2.1.1
U5938,237,FUSE0,267053.1,267053.1,268704.2,1651.1,1651.1,941.0,0.569923,1,p:1.1.1.1.3.2
U5939,237,FUSE1,267087.5,267087.5,268901.8,1814.3,1814.3,1003.0,0.55283,1,p:2.2.4.2.3.1
U5940,237,FUSE1,267169.1,267169.1,268941.0,1771.9,1771.9,1003.0,0.566059,1,p:1.3.2.1.1.2
U5941,237,FUSE1,267208.3,267208.3,269138.6,1930.3,1930.3,1003.0,0.519608,1,p:2.1.5.2.1.1
U5942,237,FUSE1,267285.1,267285.1,269057.0,1771.9,1771.9,1003.0,0.566059,1,p:1.2.3.1.3.2
U5943,237,FUSE1,267324.3,267324.3,269017.8,1693.5,1693.5,1003.0,0.592265,1,p:2.3.1.2.2.1
U5944,237,FUSE1,267405.9,267405.9,269173.0,1767.1,1767.1,1003.0,0.567597,1,p:1.1.4.1.2.2
U5945,237,FUSE1,267440.3,267440.3,269254.6,1814.3,1814.3,1003.0,0.55283,1,p:2.2.2.2.3.1
U5946,237,FUSE1,267521.9,267521.9,269409.8,1887.9,1887.9,1003.0,0.531278,1,p:1.3.5.1.3.2
U5947,237,FUSE2,267561.1,267561.1,269370.6,1809.5,1809.5,1035.4,0.572202,1,p:2.1.3.2.2.1
U5948,237,FUSE2,267637.9,267637.9,269293.8,1655.9,1655.9,1035.4,0.625279,1,p:1.2.1.1.1.2
U5949,237,FUSE2,267677.1,267677.1,269505.8,1828.7,1828.7,1035.4,0.566195,1,p:2.3.4.2.1.1
U5950,237,FUSE2,267758.7,267758.7,269525.8,1767.1,1767.1,1035.4,0.585932,1,p:1.1.2.1.2.2
U5951,237,FUSE2,267793.1,267793.1,269737.8,1944.7,1944.7,1035.4,0.532421,1,p:2.2.5.2.2.1
U5952,237,FUSE2,267874.7,267874.7,269660.6,1785.9,1785.9,1035.4,0.579764,1,p:1.3.3.1.1.2
U5953,237,FUSE2,267913.9,267913.9,269621.8,1707.9,1707.9,1035.4,0.606242,1,p:2.1.1.2.3.1
U5954,237,FUSE2,267990.7,267990.7,269858.6,1867.9,1867.9,1035.4,0.554312,1,p:1.2.4.2.1.1
U5955,237,FUSE2,268029.9,268029.9,270045.8,2015.9,2015.9,1035.4,0.513617,1,p:2.3.2.1.1.2
U4030,162,FUSE0,268111.5,268111.5,269892.6,1781.1,1781.1,941.0,0.528325,1,p:1.1.5.1.2.2
U4031,162,FUSE0,268145.9,268145.9,269974.6,1828.7,1828.7,941.0,0.514573,1,p:2.2.3.2.3.1
U4032,162,FUSE0,268227.5,268227.5,269776.6,1549.1,1549.1,941.0,0.607449,1,p:1.3.1.1.3.2
U4033,162,FUSE0,268266.7,268266.7,270240.6,1973.9,1973.9,941.0,0.476721,1,p:2.1.5.2.1.1
U4034,162,FUSE0,268343.5,268343.5,270161.8,1818.3,1818.3,941.0,0.517516,1,p:1.2.4.1.3.2
U4035,162,FUSE0,268382.7,268382.7,270356.6,1973.9,1973.9,941.0,0.476721,1,p:2.3.2.2.3.1
U4036,162,FUSE0,268464.3,268464.3,270277.8,1813.5,1813.5,941.0,0.518886,1,p:1.1.3.1.2.2
U4037,162,FUSE0,268498.7,268498.7,270090.6,1591.9,1591.9,941.0,0.591118,1,p:2.2.1.2.2.1
U4038,162,FUSE0,268580.3,268580.3,270398.6,1818.3,1818.3,941.0,0.517516,1,p:1.3.5.1.1.2
U4039,162,FUSE1,268619.5,268619.5,270472.6,1853.1,1853.1,1003.0,0.541255,1,p:2.1.4.2.2.1
U4040,162,FUSE1,268696.3,268696.3,270630.6,1934.3,1934.3,1003.0,0.518534,1,p:1.2.2.1.2.2
U4041,162,FUSE1,268735.5,268735.5,270593.4,1857.9,1857.9,1003.0,0.539857,1,p:2.3.3.2.1.1
U4042,162,FUSE1,268817.1,268817.1,270514.6,1697.5,1697.5,1003.0,0.590869,1,p:1.1.1.1.3.2
U4043,162,FUSE1,268851.5,268851.5,270709.4,1857.9,1857.9,1003.0,0.539857,1,p:2.2.5.2.3.1
U4044,162,FUSE1,268933.1,268933.1,270751.4,1818.3,1818.3,1003.0,0.551614,1,p:1.3.4.1.1.2
U4045,162,FUSE1,268972.3,268972.3,270946.2,1973.9,1973.9,1003.0,0.508131,1,p:2.1.2.2.1.1
U4046,162,FUSE1,269049.1,269049.1,270867.4,1818.3,1818.3,1003.0,0.551614,1,p:1.2.3.1.3.2
U4047,162,FUSE1,269088.3,269088.3,270825.4,1737.1,1737.1,1003.0,0.577399,1,p:2.3.1.2.2.1
U4048,162,FUSE2,269169.9,269169.9,270983.4,1813.5,1813.5,1035.4,0.57094,1,p:1.1.5.1.2.2
U4049,162,FUSE2,269204.3,269204.3,271062.2,1857.9,1857.9,1035.4,0.557296,1,p:2.2.4.2.3.1
U4050,162,FUSE2,269285.9,269285.9,271220.2,1934.3,1934.3,1035.4,0.535284,1,p:1.3.2.1.3.2
U4051,162,FUSE2,269325.1,269325.1,271178.2,1853.1,1853.1,1035.4,0.558739,1,p:2.1.3.2.2.1
U4052,162,FUSE2,269401.9,269401.9,271104.2,1702.3,1702.3,1035.4,0.608236,1,p:1.2.1.1.1.2
U4053,162,FUSE2,269441.1,269441.1,271313.0,1871.9,1871.9,1035.4,0.553128,1,p:2.3.5.2.1.1
U4054,162,FUSE2,269537.1,269537.1,271336.2,1799.1,1799.1,1035.4,0.57551,1,p:1.1.4.1.2.2
U4055,162,FUSE2,269557.1,269557.1,271545.0,1987.9,1987.9,1035.4,0.520851,1,p:2.2.2.2.2.1
U4056,162,FUSE2,269653.1,269653.1,271472.2,1819.1,1819.1,1035.4,0.569183,1,p:1.3.3.1.1.2
U4057,162,FUSE2,269691.9,269691.9,271429.0,1737.1,1737.1,1035.4,0.596051,1,p:2.1.1.2.3.1
U8353,334,FUSE0,269769.1,269769.1,271588.2,1819.1,1819.1,941.0,0.517289,1,p:1.2.5.1.3.2
U8354,334,FUSE0,269807.9,269807.9,271667.0,1859.1,1859.1,941.0,0.506159,1,p:2.3.4.2.1.1
U8355,334,FUSE0,269889.9,269889.9,271825.0,1935.1,1935.1,941.0,0.48628,1,p:1.1.2.1.1.2
U8356,334,FUSE0,269923.9,269923.9,271783.0,1859.1,1859.1,941.0,0.506159,1,p:2.2.3.2.3.1
U8357,334,FUSE0,270005.9,270005.9,271704.2,1698.3,1698.3,941.0,0.554083,1,p:1.3.1.1.2.2
U8358,334,FUSE0,270077.1,270077.1,271899.0,1821.9,1821.9,941.0,0.516494,1,p:2.1.5.2.2.1
U8359,334,FUSE0,270121.9,270121.9,271941.0,1819.1,1819.1,941.0,0.517289,1,p:1.2.4.1.3.2
U8360,334,FUSE0,270193.1,270193.1,272019.8,1826.7,1826.7,941.0,0.515137,1,p:2.3.2.2.1.1
U8361,334,FUSE0,270271.9,270271.9,272057.0,1785.1,1785.1,941.0,0.527141,1,p:1.1.3.1.2.2
U8362,334,FUSE1,270309.1,270309.1,272135.8,1826.7,1826.7,1003.0,0.549078,1,p:2.2.1.2.3.1
U8363,334,FUSE1,270387.9,270387.9,272177.8,1789.9,1789.9,1003.0,0.560367,1,p:1.3.5.1.1.2
U8364,334,FUSE1,270429.9,270429.9,272251.8,1821.9,1821.9,1003.0,0.550524,1,p:2.1.4.2.2.1
U8365,334,FUSE1,270503.9,270503.9,272293.8,1789.9,1789.9,1003.0,0.560367,1,p:1.2.2.1.3.2
U8366,334,FUSE1,270545.9,270545.9,272372.6,1826.7,1826.7,1003.0,0.549078,1,p:2.3.3.2.1.1
U8367,334,FUSE1,270624.7,270624.7,272409.8,1785.1,1785.1,1003.0,0.561873,1,p:1.1.1.1.2.2
U8368,334,FUSE1,270661.9,270661.9,272488.6,1826.7,1826.7,1003.0,0.549078,1,p:2.2.5.2.3.1
U8369,334,FUSE1,270740.7,270740.7,272530.6,1789.9,1789.9,1003.0,0.560367,1,p:1.3.4.1.1.2
U8370,334,FUSE1,270782.7,270782.7,272604.6,1821.9,1821.9,1003.0,0.550524,1,p:2.1.2.2.2.1
U8371,334,FUSE2,270856.7,270856.7,272646.6,1789.9,1789.9,1035.4,0.578468,1,p:1.2.3.1.3.2
U8372,334,FUSE2,270898.7,270898.7,272725.4,1826.7,1826.7,1035.4,0.566814,1,p:2.3.1.2.1.1
U8373,334,FUSE2,270977.5,270977.5,272762.6,1785.1,1785.1,1035.4,0.580024,1,p:1.1.5.1.2.2
U8374,334,FUSE2,271014.7,271014.7,272841.4,1826.7,1826.7,1035.4,0.566814,1,p:2.2.4.2.3.1
U8375,334,FUSE2,271093.5,271093.5,272883.4,1789.9,1789.9,1035.4,0.578468,1,p:1.3.2.1.1.2
U8376,334,FUSE2,271135.5,271135.5,272957.4,1821.9,1821.9,1035.4,0.568308,1,p:2.1.3.2.2.1
U8377,334,FUSE2,271209.5,271209.5,272999.4,1789.9,1789.9,1035.4,0.578468,1,p:1.2.1.1.3.2
U8378,334,FUSE2,271251.5,271251.5,273087.4,1835.9,1835.9,1035.4,0.563974,1,p:2.3.5.2.1.1
U8379,334,FUSE2,271344.3,271344.3,273319.4,1975.1,1975.1,1035.4,0.524227,1,p:1.1.4.2.2.1
U8380,334,FUSE2,271367.5,271367.5,273242.2,1874.7,1874.7,1035.4,0.552302,1,p:2.2.2.1.1.2
U3884,156,FUSE0,271460.3,271460.3,273115.4,1655.1,1655.1,941.0,0.568546,1,p:1.3.3.1.2.2
U3885,156,FUSE0,271503.5,271503.5,273203.4,1699.9,1699.9,941.0,0.553562,1,p:2.1.1.2.3.1
U3886,156,FUSE0,271576.3,271576.3,273358.2,1781.9,1781.9,941.0,0.528088,1,p:1.2.5.1.3.2
U3887,156,FUSE0,271619.5,271619.5,273440.2,1820.7,1820.7,941.0,0.516834,1,p:2.3.3.2.1.1
U3888,156,FUSE0,271698.3,271698.3,273595.0,1896.7,1896.7,941.0,0.496125,1,p:1.1.4.1.1.2
U3889,156,FUSE0,271735.5,271735.5,273556.2,1820.7,1820.7,941.0,0.516834,1,p:2.2.2.2.3.1
U3890,156,FUSE0,271814.3,271814.3,273474.2,1659.9,1659.9,941.0,0.566902,1,p:1.3.1.1.2.2
U3891,156,FUSE0,271856.3,271856.3,273672.2,1815.9,1815.9,941.0,0.5182,1,p:2.1.5.2.2.1
U3892,156,FUSE1,271930.3,271930.3,273711.0,1780.7,1780.7,1003.0,0.563262,1,p:1.2.3.1.3.2
U3893,156,FUSE1,271972.3,271972.3,273909.0,1936.7,1936.7,1003.0,0.517891,1,p:2.3.4.2.3.1
U3894,156,FUSE1,272051.1,272051.1,273827.0,1775.9,1775.9,1003.0,0.564784,1,p:1.1.2.1.2.2
U3895,156,FUSE1,272088.3,272088.3,273793.0,1704.7,1704.7,1003.0,0.588373,1,p:2.2.1.2.1.1
U3896,156,FUSE1,272167.1,272167.1,273947.8,1780.7,1780.7,1003.0,0.563262,1,p:1.3.5.1.1.2
U3897,156,FUSE1,272209.1,272209.1,274025.0,1815.9,1815.9,1003.0,0.552343,1,p:2.1.3.2.2.1
U3898,156,FUSE1,272283.1,272283.1,274179.8,1896.7,1896.7,1003.0,0.528813,1,p:1.2.4.1.2.2
U3899,156,FUSE1,272325.1,272325.1,274145.8,1820.7,1820.7,1003.0,0.550887,1,p:2.3.2.2.1.1
U3900,156,FUSE1,272403.9,272403.9,274063.8,1659.9,1659.9,1003.0,0.604253,1,p:1.1.1.1.3.2
U3901,156,FUSE2,272441.1,272441.1,274261.8,1820.7,1820.7,1035.4,0.568682,1,p:2.2.5.2.3.1
U3902,156,FUSE2,272519.9,272519.9,274300.6,1780.7,1780.7,1035.4,0.581457,1,p:1.3.3.1.1.2
U3903,156,FUSE2,272561.9,272561.9,274498.6,1936.7,1936.7,1035.4,0.534621,1,p:2.1.4.2.1.1
U3904,156,FUSE2,272635.9,272635.9,274416.6,1780.7,1780.7,1035.4,0.581457,1,p:1.2.2.1.3.2
U3905,156,FUSE2,272677.9,272677.9,274377.8,1699.9,1699.9,1035.4,0.609095,1,p:2.3.1.2.2.1
U3906,156,FUSE2,272756.7,272756.7,274532.6,1775.9,1775.9,1035.4,0.583028,1,p:1.1.5.1.2.2
U3907,156,FUSE2,272793.9,272793.9,274653.8,1859.9,1859.9,1035.4,0.556697,1,p:2.2.3.1.1.2
U3908,156,FUSE2,272872.7,272872.7,274730.6,1857.9,1857.9,1035.4,0.557296,1,p:1.3.4.2.2.1
U3909,156,FUSE2,272914.7,272914.7,274769.8,1855.1,1855.1,1035.4,0.558137,1,p:2.1.2.1.3.2
U4915,196,FUSE0,272988.7,272988.7,274614.6,1625.9,1625.9,941.0,0.578756,1,p:1.2.1.2.3.1
U4916,196,FUSE0,273030.7,273030.7,274851.4,1820.7,1820.7,941.0,0.516834,1,p:2.3.5.2.1.1
U4917,196,FUSE0,273118.7,273118.7,274885.8,1767.1,1767.1,941.0,0.532511,1,p:1.1.1.1.2.2
U4918,196,FUSE0,273146.7,273146.7,274967.4,1820.7,1820.7,941.0,0.516834,1,p:2.2.3.2.3.1
U4919,196,FUSE0,273234.7,273234.7,275006.6,1771.9,1771.9,941.0,0.531068,1,p:1.3.4.1.1.2
U4920,196,FUSE0,273273.5,273273.5,275083.4,1809.9,1809.9,941.0,0.519918,1,p:2.1.2.2.2.1
U4921,196,FUSE0,273350.7,273350.7,275122.6,1771.9,1771.9,941.0,0.531068,1,p:1.2.5.1.3.2
U4922,196,FUSE1,273389.5,273389.5,275204.2,1814.7,1814.7,1003.0,0.552708,1,p:2.3.1.2.1.1
U4923,196,FUSE1,273471.5,273471.5,275238.6,1767.1,1767.1,1003.0,0.567597,1,p:1.1.3.1.2.2
U4924,196,FUSE1,273505.5,273505.5,275320.2,1814.7,1814.7,1003.0,0.552708,1,p:2.2.4.2.3.1
U4925,196,FUSE1,273587.5,273587.5,275359.4,1771.9,1771.9,1003.0,0.566059,1,p:1.3.2.1.1.2
U4926,196,FUSE1,273626.3,273626.3,275436.2,1809.9,1809.9,1003.0,0.554174,1,p:2.1.5.2.2.1
U4927,196,FUSE1,273703.5,273703.5,275475.4,1771.9,1771.9,1003.0,0.566059,1,p:1.2.1.1.3.2
U4928,196,FUSE1,273742.3,273742.3,275557.0,1814.7,1814.7,1003.0,0.552708,1,p:2.3.3.2.1.1
U4929,196,FUSE2,273824.3,273824.3,275591.4,1767.1,1767.1,1035.4,0.585932,1,p:1.1.4.1.2.2
U4930,196,FUSE2,273858.3,273858.3,275673.0,1814.7,1814.7,1035.4,0.570563,1,p:2.2.2.2.3.1
U4931,196,FUSE2,273940.3,273940.3,275712.2,1771.9,1771.9,1035.4,0.584344,1,p:1.3.5.1.1.2
U4932,196,FUSE2,273979.1,273979.1,275789.0,1809.9,1809.9,1035.4,0.572076,1,p:2.1.1.2.2.1
U4933,196,FUSE2,274056.3,274056.3,275909.8,1853.5,1853.5,1035.4,0.558619,1,p:1.2.3.2.1.1
U4934,196,FUSE2,274095.1,274095.1,275944.2,1849.1,1849.1,1035.4,0.559948,1,p:2.3.4.1.2.2
U865,35,FUSE0,274177.1,274177.1,275828.2,1651.1,1651.1,941.0,0.569923,1,p:1.1.2.1.3.2
U866,35,FUSE0,274211.1,274211.1,276025.8,1814.7,1814.7,941.0,0.518543,1,p:2.2.5.2.3.1
U867,35,FUSE0,274293.1,274293.1,276065.0,1771.9,1771.9,941.0,0.531068,1,p:1.3.1.1.1.2
U868,35,FUSE0,274331.9,274331.9,276141.8,1809.9,1809.9,941.0,0.519918,1,p:2.1.2.2.2.1
U869,35,FUSE0,274409.1,274409.1,276181.0,1771.9,1771.9,941.0,0.531068,1,p:1.2.3.1.3.2
U870,35,FUSE0,274447.9,274447.9,276262.6,1814.7,1814.7,941.0,0.518543,1,p:2.3.4.2.1.1
U871,35,FUSE0,274529.9,274529.9,276297.0,1767.1,1767.1,941.0,0.532511,1,p:1.1.5.1.2.2
U872,35,FUSE0,274563.9,274563.9,276378.6,1814.7,1814.7,941.0,0.518543,1,p:2.2.1.2.3.1
U873,35,FUSE0,274645.9,274645.9,276417.8,1771.9,1771.9,941.0,0.531068,1,p:1.3.2.1.1.2
U874,35,FUSE1,274685.1,274685.1,276494.6,1809.5,1809.5,1003.0,0.554297,1,p:2.1.3.2.2.1
U875,35,FUSE1,274761.9,274761.9,276533.8,1771.9,1771.9,1003.0,0.566059,1,p:1.2.4.1.3.2
U876,35,FUSE1,274801.1,274801.1,276615.4,1814.3,1814.3,1003.0,0.55283,1,p:2.3.5.2.1.1
U877,35,FUSE1,274882.7,274882.7,276649.8,1767.1,1767.1,1003.0,0.567597,1,p:1.1.1.1.2.2
U878,35,FUSE1,274917.1,274917.1,276731.4,1814.3,1814.3,1003.0,0.55283,1,p:2.2.2.2.3.1
U879,35,FUSE1,274998.7,274998.7,276770.6,1771.9,1771.9,1003.0,0.566059,1,p:1.3.3.1.1.2
U880,35,FUSE1,275037.9,275037.9,276847.4,1809.5,1809.5,1003.0,0.554297,1,p:2.1.4.2.2.1
U881,35,FUSE1,275114.7,275114.7,276886.6,1771.9,1771.9,1003.0,0.566059,1,p:1.2.5.1.3.2
U882,35,FUSE1,275153.9,275153.9,276968.2,1814.3,1814.3,1003.0,0.55283,1,p:2.3.1.2.1.1
U883,35,FUSE2,275235.5,275235.5,277002.6,1767.1,1767.1,1035.4,0.585932,1,p:1.1.2.1.2.2
U884,35,FUSE2,275269.9,275269.9,277084.2,1814.3,1814.3,1035.4,0.570688,1,p:2.2.3.2.3.1
U885,35,FUSE2,275351.5,275351.5,277123.4,1771.9,1771.9,1035.4,0.584344,1,p:1.3.4.1.1.2
U886,35,FUSE2,275390.7,275390.7,277200.2,1809.5,1809.5,1035.4,0.572202,1,p:2.1.5.2.2.1
U887,35,FUSE2,275467.5,275467.5,277239.4,1771.9,1771.9,1035.4,0.584344,1,p:1.2.1.1.3.2
U888,35,FUSE2,275506.7,275506.7,277321.0,1814.3,1814.3,1035.4,0.570688,1,p:2.3.2.2.1.1
U889,35,FUSE2,275588.3,275588.3,277355.4,1767.1,1767.1,1035.4,0.585932,1,p:1.1.3.1.2.2
U890,35,FUSE2,275622.7,275622.7,277437.0,1814.3,1814.3,1035.4,0.570688,1,p:2.2.4.2.3.1
U891,35,FUSE2,275704.3,275704.3,277476.2,1771.9,1771.9,1035.4,0.584344,1,p:1.3.5.1.1.2
U691,28,FUSE0,275743.5,275743.5,277553.0,1809.5,1809.5,941.0,0.520033,1,p:2.1.1.2.2.1
U692,28,FUSE0,275820.3,275820.3,277592.2,1771.9,1771.9,941.0,0.531068,1,p:1.2.2.1.3.2
U693,28,FUSE0,275859.5,275859.5,277673.8,1814.3,1814.3,941.0,0.518657,1,p:2.3.3.2.1.1
U694,28,FUSE0,275941.1,275941.1,277708.2,1767.1,1767.1,941.0,0.532511,1,p:1.1.4.1.2.2
U695,28,FUSE0,275975.5,275975.5,277789.8,1814.3,1814.3,941.0,0.518657,1,p:2.2.5.2.3.1
U696,28,FUSE0,276057.1,276057.1,277829.0,1771.9,1771.9,941.0,0.531068,1,p:1.3.1.1.1.2
U697,28,FUSE0,276096.3,276096.3,277905.8,1809.5,1809.5,941.0,0.520033,1,p:2.1.2.2.2.1
U698,28,FUSE0,276173.1,276173.1,277945.0,1771.9,1771.9,941.0,0.531068,1,p:1.2.3.1.3.2
U699,28,FUSE0,276212.3,276212.3,278026.6,1814.3,1814.3,941.0,0.518657,1,p:2.3.4.2.1.1
U700,28,FUSE1,276293.9,276293.9,278061.0,1767.1,1767.1,1003.0,0.567597,1,p:1.1.5.1.2.2
U701,28,FUSE1,276328.3,276328.3,278142.6,1814.3,1814.3,1003.0,0.55283,1,p:2.2.1.2.3.1
U702,28,FUSE1,276409.9,276409.9,278181.8,1771.9,1771.9,1003.0,0.566059,1,p:1.3.2.1.1.2
U703,28,FUSE1,276449.1,276449.1,278258.6,1809.5,1809.5,1003.0,0.554297,1,p:2.1.3.2.2.1
U704,28,FUSE1,276525.9,276525.9,278297.8,1771.9,1771.9,1003.0,0.566059,1,p:1.2.4.1.3.2
U705,28,FUSE1,276565.1,276565.1,278379.4,1814.3,1814.3,1003.0,0.55283,1,p:2.3.5.2.1.1
U706,28,FUSE1,276646.7,276646.7,278413.8,1767.1,1767.1,1003.0,0.567597,1,p:1.1.1.1.2.2
U707,28,FUSE1,276681.1,276681.1,278495.4,1814.3,1814.3,1003.0,0.55283,1,p:2.2.2.2.3.1
U708,28,FUSE1,276762.7,276762.7,278534.6,1771.9,1771.9,1003.0,0.566059,1,p:1.3.3.1.1.2
U709,28,FUSE2,276801.9,276801.9,278611.4,1809.5,1809.5,1035.4,0.572202,1,p:2.1.4.2.2.1
U710,28,FUSE2,276878.7,276878.7,278650.6,1771.9,1771.9,1035.4,0.584344,1,p:1.2.5.1.3.2
U711,28,FUSE2,276917.9,276917.9,278732.2,1814.3,1814.3,1035.4,0.570688,1,p:2.3.1.2.1.1
U712,28,FUSE2,276999.5,276999.5,278766.6,1767.1,1767.1,1035.4,0.585932,1,p:1.1.2.1.2.2
U713,28,FUSE2,277033.9,277033.9,278848.2,1814.3,1814.3,1035.4,0.570688,1,p:2.2.3.2.3.1
U714,28,FUSE2,277115.5,277115.5,278887.4,1771.9,1771.9,1035.4,0.584344,1,p:1.3.4.1.1.2
U715,28,FUSE2,277154.7,277154.7,278964.2,1809.5,1809.5,1035.4,0.572202,1,p:2.1.5.2.2.1
U716,28,FUSE2,277231.5,277231.5,279003.4,1771.9,1771.9,1035.4,0.584344,1,p:1.2.1.1.3.2
U717,28,FUSE2,277270.7,277270.7,279119.4,1848.7,1848.7,1035.4,0.560069,1,p:2.3.2.1.2.2
U945,38,FUSE0,277352.3,277352.3,279109.8,1757.5,1757.5,941.0,0.53542,1,p:1.1.3.2.1.1
U946,38,FUSE0,277386.7,277386.7,279225.8,1839.1,1839.1,941.0,0.511663,1,p:2.2.4.2.3.1
U947,38,FUSE0,277468.3,277468.3,279264.6,1796.3,1796.3,941.0,0.523855,1,p:1.3.5.1.1.2
U948,38,FUSE0,277507.5,277507.5,279341.8,1834.3,1834.3,941.0,0.513002,1,p:2.1.1.2.2.1
U949,38,FUSE0,277584.3,277584.3,279380.6,1796.3,1796.3,941.0,0.523855,1,p:1.2.3.1.3.2
U950,38,FUSE0,277623.5,277623.5,279462.6,1839.1,1839.1,941.0,0.511663,1,p:2.3.2.2.1.1
U951,38,FUSE0,277705.1,277705.1,279496.6,1791.5,1791.5,941.0,0.525258,1,p:1.1.4.1.2.2
U952,38,FUSE0,277739.5,277739.5,279578.6,1839.1,1839.1,941.0,0.511663,1,p:2.2.5.2.3.1
U953,38,FUSE1,277821.1,277821.1,279617.4,1796.3,1796.3,1003.0,0.55837,1,p:1.3.1.1.1.2
U954,38,FUSE1,277860.3,277860.3,279694.6,1834.3,1834.3,1003.0,0.546803,1,p:2.1.3.2.2.1
U955,38,FUSE1,277937.1,277937.1,279733.4,1796.3,1796.3,1003.0,0.55837,1,p:1.2.2.1.3.2
U956,38,FUSE1,277976.3,277976.3,279815.4,1839.1,1839.1,1003.0,0.545375,1,p:2.3.4.2.1.1
U957,38,FUSE1,278057.9,278057.9,279849.4,1791.5,1791.5,1003.0,0.559866,1,p:1.1.5.1.2.2
U958,38,FUSE1,278092.3,278092.3,279931.4,1839.1,1839.1,1003.0,0.545375,1,p:2.2.1.2.3.1
U959,38,FUSE1,278173.9,278173.9,279970.2,1796.3,1796.3,1003.0,0.55837,1,p:1.3.3.1.1.2
U960,38,FUSE1,278213.1,278213.1,280047.4,1834.3,1834.3,1003.0,0.546803,1,p:2.1.2.2.2.1
U961,38,FUSE2,278289.9,278289.9,280086.2,1796.3,1796.3,1035.4,0.576407,1,p:1.2.4.1.3.2
U962,38,FUSE2,278329.1,278329.1,280168.2,1839.1,1839.1,1035.4,0.562993,1,p:2.3.5.2.1.1
U963,38,FUSE2,278410.7,278410.7,280202.2,1791.5,1791.5,1035.4,0.577951,1,p:1.1.1.1.2.2
U964,38,FUSE2,278445.1,278445.1,280284.2,1839.1,1839.1,1035.4,0.562993,1,p:2.2.3.2.3.1
U965,38,FUSE2,278526.7,278526.7,280323.0,1796.3,1796.3,1035.4,0.576407,1,p:1.3.2.1.1.2
U966,38,FUSE2,278565.9,278565.9,280400.2,1834.3,1834.3,1035.4,0.564466,1,p:2.1.4.2.2.1
U967,38,FUSE2,278642.7,278642.7,280439.0,1796.3,1796.3,1035.4,0.576407,1,p:1.2.5.1.3.2
U968,38,FUSE2,278681.9,278681.9,280637.0,1955.1,1955.1,1035.4,0.529589,1,p:2.3.1.2.3.1
U5283,211,FUSE0,278763.5,278763.5,280521.0,1757.5,1757.5,941.0,0.53542,1,p:1.1.3.2.1.1
U5284,211,FUSE0,278797.9,278797.9,280555.0,1757.1,1757.1,941.0,0.535542,1,p:2.2.2.1.2.2
U5285,211,FUSE0,278879.5,278879.5,280676.2,1796.7,1796.7,941.0,0.523738,1,p:1.3.4.1.1.2
U5286,211,FUSE0,278918.7,278918.7,280753.0,1834.3,1834.3,941.0,0.513002,1,p:2.1.5.2.2.1
U5287,211,FUSE0,278995.5,278995.5,280792.2,1796.7,1796.7,941.0,0.523738,1,p:1.2.3.1.3.2
U5288,211,FUSE0,279034.7,279034.7,280873.8,1839.1,1839.1,941.0,0.511663,1,p:2.3.2.2.1.1
U5289,211,FUSE0,279141.1,279141.1,280908.2,1767.1,1767.1,941.0,0.532511,1,p:1.1.1.1.2.2
U5290,211,FUSE1,279150.7,279150.7,280989.8,1839.1,1839.1,1003.0,0.545375,1,p:2.2.4.2.3.1
U5291,211,FUSE1,279257.1,279257.1,281029.0,1771.9,1771.9,1003.0,0.566059,1,p:1.3.5.1.1.2
U5292,211,FUSE1,279295.9,279295.9,281105.8,1809.9,1809.9,1003.0,0.554174,1,p:2.1.3.2.2.1
U5293,211,FUSE1,279373.1,279373.1,281145.0,1771.9,1771.9,1003.0,0.566059,1,p:1.2.2.1.3.2
U5294,211,FUSE1,279411.9,279411.9,281226.6,1814.7,1814.7,1003.0,0.552708,1,p:2.3.1.2.1.1
U5295,211,FUSE1,279493.9,279493.9,281261.0,1767.1,1767.1,1003.0,0.567597,1,p:1.1.4.1.2.2
U5296,211,FUSE1,279527.9,279527.9,281342.6,1814.7,1814.7,1003.0,0.552708,1,p:2.2.5.2.3.1
U5297,211,FUSE2,279609.9,279609.9,281381.8,1771.9,1771.9,1035.4,0.584344,1,p:1.3.3.1.1.2
U5298,211,FUSE2,279648.7,279648.7,281458.6,1809.9,1809.9,1035.4,0.572076,1,p:2.1.2.2.2.1
U5299,211,FUSE2,279725.9,279725.9,281497.8,1771.9,1771.9,1035.4,0.584344,1,p:1.2.1.1.3.2
U5300,211,FUSE2,279764.7,279764.7,281579.4,1814.7,1814.7,1035.4,0.570563,1,p:2.3.4.2.1.1
U5301,211,FUSE2,279846.7,279846.7,281613.8,1767.1,1767.1,1035.4,0.585932,1,p:1.1.5.1.2.2
U5302,211,FUSE2,279880.7,279880.7,281695.4,1814.7,1814.7,1035.4,0.570563,1,p:2.2.3.2.3.1
U5303,211,FUSE2,279962.7,279962.7,281751.4,1788.7,1788.7,1035.4,0.578856,1,p:1.3.2.1.1.2
U5304,211,FUSE2,280001.5,280001.5,281811.4,1809.9,1809.9,1035.4,0.572076,1,p:2.1.1.2.2.1
U3114,125,FUSE0,280078.7,280078.7,281867.4,1788.7,1788.7,941.0,0.52608,1,p:1.2.4.1.3.2
U3115,125,FUSE0,280117.5,280117.5,281946.2,1828.7,1828.7,941.0,0.514573,1,p:2.3.5.2.1.1
U3116,125,FUSE0,280199.5,280199.5,281983.4,1783.9,1783.9,941.0,0.527496,1,p:1.1.3.1.2.2
U3117,125,FUSE0,280233.5,280233.5,282062.2,1828.7,1828.7,941.0,0.514573,1,p:2.2.2.2.3.1
U3118,125,FUSE0,280315.5,280315.5,282104.2,1788.7,1788.7,941.0,0.52608,1,p:1.3.1.1.1.2
U3119,125,FUSE0,280354.3,280354.3,282178.2,1823.9,1823.9,941.0,0.515927,1,p:2.1.4.2.2.1
U3120,125,FUSE0,280431.5,280431.5,282220.2,1788.7,1788.7,941.0,0.52608,1,p:1.2.5.1.3.2
U3121,125,FUSE0,280470.3,280470.3,282299.0,1828.7,1828.7,941.0,0.514573,1,p:2.3.3.2.1.1
U3122,125,FUSE1,280552.3,280552.3,282336.2,1783.9,1783.9,1003.0,0.562251,1,p:1.1.2.1.2.2
U3123,125,FUSE1,280586.3,280586.3,282415.0,1828.7,1828.7,1003.0,0.548477,1,p:2.2.1.2.3.1
U3124,125,FUSE1,280668.3,280668.3,282457.0,1788.7,1788.7,1003.0,0.560742,1,p:1.3.4.1.1.2
U3125,125,FUSE1,280707.5,280707.5,282531.0,1823.5,1823.5,1003.0,0.550041,1,p:2.1.5.2.2.1
U3126,125,FUSE1,280784.3,280784.3,282573.0,1788.7,1788.7,1003.0,0.560742,1,p:1.2.3.1.3.2
U3127,125,FUSE1,280823.5,280823.5,282651.8,1828.3,1828.3,1003.0,0.548597,1,p:2.3.2.2.1.1
U3128,125,FUSE1,280905.1,280905.1,282689.0,1783.9,1783.9,1003.0,0.562251,1,p:1.1.1.1.2.2
U3129,125,FUSE1,280939.5,280939.5,282767.8,1828.3,1828.3,1003.0,0.548597,1,p:2.2.4.2.3.1
U3130,125,FUSE2,281021.1,281021.1,282809.8,1788.7,1788.7,1035.4,0.578856,1,p:1.3.5.1.1.2
U3131,125,FUSE2,281060.3,281060.3,282883.8,1823.5,1823.5,1035.4,0.567809,1,p:2.1.3.2.2.1
U3132,125,FUSE2,281137.1,281137.1,282925.8,1788.7,1788.7,1035.4,0.578856,1,p:1.2.2.1.3.2
U3133,125,FUSE2,281176.3,281176.3,283004.6,1828.3,1828.3,1035.4,0.566318,1,p:2.3.1.2.1.1
U3134,125,FUSE2,281257.9,281257.9,283041.8,1783.9,1783.9,1035.4,0.580414,1,p:1.1.4.1.2.2
U3135,125,FUSE2,281292.3,281292.3,283120.6,1828.3,1828.3,1035.4,0.566318,1,p:2.2.5.2.3.1
U3136,125,FUSE2,281373.9,281373.9,283162.6,1788.7,1788.7,1035.4,0.578856,1,p:1.3.3.1.1.2
U3137,125,FUSE2,281413.1,281413.1,283278.6,1865.5,1865.5,1035.4,0.555025,1,p:2.1.2.1.3.2
U3138,125,FUSE2,281489.9,281489.9,283363.8,1873.9,1873.9,1035.4,0.552537,1,p:1.2.1.2.1.1
U6501,260,FUSE0,281529.1,281529.1,283236.6,1707.5,1707.5,941.0,0.551098,1,p:2.3.4.2.2.1
U6502,260,FUSE0,281610.7,281610.7,283394.6,1783.9,1783.9,941.0,0.527496,1,p:1.1.5.1.2.2
U6503,260,FUSE0,281645.1,281645.1,283479.8,1834.7,1834.7,941.0,0.51289,1,p:2.2.3.2.3.1
U6504,260,FUSE0,281726.7,281726.7,283518.6,1791.9,1791.9,941.0,0.525141,1,p:1.3.4.1.1.2
U6505,260,FUSE0,281782.7,281782.7,283595.8,1813.1,1813.1,941.0,0.519001,1,p:2.1.2.2.2.1
U6506,260,FUSE0,281842.7,281842.7,283634.6,1791.9,1791.9,941.0,0.525141,1,p:1.2.1.1.3.2
U6507,260,FUSE0,281898.7,281898.7,283716.6,1817.9,1817.9,941.0,0.51763,1,p:2.3.5.2.1.1
U6508,260,FUSE0,281977.5,281977.5,283750.6,1773.1,1773.1,941.0,0.530709,1,p:1.1.3.1.2.2
U6509,260,FUSE0,282014.7,282014.7,283832.6,1817.9,1817.9,941.0,0.51763,1,p:2.2.4.2.3.1
U6510,260,FUSE1,282093.5,282093.5,283871.4,1777.9,1777.9,1003.0,0.564149,1,p:1.3.2.1.1.2
U6511,260,FUSE1,282135.5,282135.5,283948.6,1813.1,1813.1,1003.0,0.553196,1,p:2.1.1.2.2.1
U6512,260,FUSE1,282209.5,282209.5,283987.4,1777.9,1777.9,1003.0,0.564149,1,p:1.2.5.1.3.2
U6513,260,FUSE1,282251.5,282251.5,284069.4,1817.9,1817.9,1003.0,0.551736,1,p:2.3.3.2.1.1
U6514,260,FUSE1,282330.3,282330.3,284103.4,1773.1,1773.1,1003.0,0.565676,1,p:1.1.4.1.2.2
U6515,260,FUSE1,282367.5,282367.5,284185.4,1817.9,1817.9,1003.0,0.551736,1,p:2.2.2.2.3.1
U6516,260,FUSE1,282446.3,282446.3,284224.2,1777.9,1777.9,1003.0,0.564149,1,p:1.3.1.1.1.2
U6517,260,FUSE1,282488.3,282488.3,284301.4,1813.1,1813.1,1003.0,0.553196,1,p:2.1.5.2.2.1
U6518,260,FUSE1,282562.3,282562.3,284340.2,1777.9,1777.9,1003.0,0.564149,1,p:1.2.3.1.3.2
U6519,260,FUSE2,282604.3,282604.3,284422.2,1817.9,1817.9,1035.4,0.569558,1,p:2.3.4.2.1.1
U6520,260,FUSE2,282683.1,282683.1,284456.2,1773.1,1773.1,1035.4,0.583949,1,p:1.1.2.1.2.2
U6521,260,FUSE2,282720.3,282720.3,284538.2,1817.9,1817.9,1035.4,0.569558,1,p:2.2.1.2.3.1
U6522,260,FUSE2,282799.1,282799.1,284577.0,1777.9,1777.9,1035.4,0.582372,1,p:1.3.5.1.1.2
U6523,260,FUSE2,282841.1,282841.1,284654.2,1813.1,1813.1,1035.4,0.571066,1,p:2.1.3.2.2.1
U6524,260,FUSE2,282915.1,282915.1,284693.0,1777.9,1777.9,1035.4,0.582372,1,p:1.2.4.1.3.2
U6525,260,FUSE2,282957.1,282957.1,284780.6,1823.5,1823.5,1035.4,0.567809,1,p:2.3.2.2.1.1
U6526,260,FUSE2,283035.9,283035.9,284809.0,1773.1,1773.1,1035.4,0.583949,1,p:1.1.1.1.2.2
U6527,260,FUSE2,283073.1,283073.1,284896.6,1823.5,1823.5,1035.4,0.567809,1,p:2.2.5.2.3.1
U6528,260,FUSE2,283151.9,283151.9,285012.6,1860.7,1860.7,1035.4,0.556457,1,p:1.3.3.2.2.1
U2891,116,FUSE0,283193.9,283193.9,284938.6,1744.7,1744.7,941.0,0.539348,1,p:2.1.4.1.1.2
U2892,116,FUSE0,283267.9,283267.9,285054.6,1786.7,1786.7,941.0,0.526669,1,p:1.2.2.1.3.2
U2893,116,FUSE0,283309.9,283309.9,285133.4,1823.5,1823.5,941.0,0.516041,1,p:2.3.1.2.1.1
U2894,116,FUSE0,283395.1,283395.1,285170.6,1775.5,1775.5,941.0,0.529992,1,p:1.1.5.1.2.2
U2895,116,FUSE0,283425.9,283425.9,285249.4,1823.5,1823.5,941.0,0.516041,1,p:2.2.4.2.3.1
U2896,116,FUSE0,283511.1,283511.1,285291.4,1780.3,1780.3,941.0,0.528563,1,p:1.3.3.1.1.2
U2897,116,FUSE0,283549.9,283549.9,285365.4,1815.5,1815.5,941.0,0.518315,1,p:2.1.2.2.2.1
U2898,116,FUSE0,283627.1,283627.1,285407.4,1780.3,1780.3,941.0,0.528563,1,p:1.2.1.1.3.2
U2899,116,FUSE1,283665.9,283665.9,285486.2,1820.3,1820.3,1003.0,0.551008,1,p:2.3.5.2.1.1
U2900,116,FUSE1,283747.9,283747.9,285523.4,1775.5,1775.5,1003.0,0.564911,1,p:1.1.4.1.2.2
U2901,116,FUSE1,283781.9,283781.9,285602.2,1820.3,1820.3,1003.0,0.551008,1,p:2.2.3.2.3.1
U2902,116,FUSE1,283863.9,283863.9,285644.2,1780.3,1780.3,1003.0,0.563388,1,p:1.3.2.1.1.2
U2903,116,FUSE1,283902.7,283902.7,285718.2,1815.5,1815.5,1003.0,0.552465,1,p:2.1.1.2.2.1
U2904,116,FUSE1,283979.9,283979.9,285760.2,1780.3,1780.3,1003.0,0.563388,1,p:1.2.5.1.3.2
U2905,116,FUSE1,284018.7,284018.7,285839.0,1820.3,1820.3,1003.0,0.551008,1,p:2.3.4.2.1.1
U2906,116,FUSE1,284100.7,284100.7,285876.2,1775.5,1775.5,1003.0,0.564911,1,p:1.1.3.1.2.2
U2907,116,FUSE2,284134.7,284134.7,285955.0,1820.3,1820.3,1035.4,0.568807,1,p:2.2.2.2.3.1
U2908,116,FUSE2,284216.7,284216.7,285997.0,1780.3,1780.3,1035.4,0.581587,1,p:1.3.1.1.1.2
U2909,116,FUSE2,284255.5,284255.5,286071.0,1815.5,1815.5,1035.4,0.570311,1,p:2.1.5.2.2.1
U2910,116,FUSE2,284332.7,284332.7,286113.0,1780.3,1780.3,1035.4,0.581587,1,p:1.2.4.1.3.2
U2911,116,FUSE2,284371.5,284371.5,286207.4,1835.9,1835.9,1035.4,0.563974,1,p:2.3.3.2.1.1
U2912,116,FUSE2,284453.5,284453.5,286229.0,1775.5,1775.5,1035.4,0.58316,1,p:1.1.2.1.2.2
U2913,116,FUSE2,284487.5,284487.5,286323.4,1835.9,1835.9,1035.4,0.563974,1,p:2.2.1.2.3.1
U2914,116,FUSE2,284569.5,284569.5,286383.8,1814.3,1814.3,1035.4,0.570688,1,p:1.3.5.1.2.2
U2915,116,FUSE2,284608.3,284608.3,286499.8,1891.5,1891.5,1035.4,0.547396,1,p:2.1.4.1.3.2
U6478,259,FUSE0,284685.5,284685.5,286442.6,1757.1,1757.1,941.0,0.535542,1,p:1.2.3.2.1.1
U6479,259,FUSE0,284724.3,284724.3,286578.6,1854.3,1854.3,941.0,0.507469,1,p:2.3.2.2.2.1
U6480,259,FUSE0,284811.9,284811.9,286643.0,1831.1,1831.1,941.0,0.513899,1,p:1.1.1.1.1.2
U6481,259,FUSE0,284840.3,284840.3,286694.6,1854.3,1854.3,941.0,0.507469,1,p:2.2.5.2.3.1
U6482,259,FUSE0,284927.9,284927.9,286759.0,1831.1,1831.1,941.0,0.513899,1,p:1.3.3.1.2.2
U6483,259,FUSE0,284969.9,284969.9,286837.8,1867.9,1867.9,941.0,0.503774,1,p:2.1.4.2.1.1
U6484,259,FUSE0,285043.9,285043.9,286875.0,1831.1,1831.1,941.0,0.513899,1,p:1.2.2.1.3.2
U6485,259,FUSE0,285085.9,285085.9,286953.8,1867.9,1867.9,941.0,0.503774,1,p:2.3.1.2.2.1
U6486,259,FUSE1,285164.7,285164.7,286995.8,1831.1,1831.1,1003.0,0.547758,1,p:1.1.5.1.1.2
U6487,259,FUSE1,285201.9,285201.9,287069.8,1867.9,1867.9,1003.0,0.536967,1,p:2.2.3.2.3.1
U6488,259,FUSE1,285280.7,285280.7,287111.8,1831.1,1831.1,1003.0,0.547758,1,p:1.3.4.1.2.2
U6489,259,FUSE1,285322.7,285322.7,287190.6,1867.9,1867.9,1003.0,0.536967,1,p:2.1.2.2.1.1
U6490,259,FUSE1,285396.7,285396.7,287227.8,1831.1,1831.1,1003.0,0.547758,1,p:1.2.1.1.3.2
U6491,259,FUSE1,285438.7,285438.7,287306.6,1867.9,1867.9,1003.0,0.536967,1,p:2.3.5.2.2.1
U6492,259,FUSE1,285517.5,285517.5,287348.6,1831.1,1831.1,1003.0,0.547758,1,p:1.1.3.1.1.2
U6493,259,FUSE2,285554.7,285554.7,287422.6,1867.9,1867.9,1035.4,0.554312,1,p:2.2.4.2.3.1
U6494,259,FUSE2,285633.5,285633.5,287464.6,1831.1,1831.1,1035.4,0.565452,1,p:1.3.2.1.2.2
U6495,259,FUSE2,285675.5,285675.5,287543.4,1867.9,1867.9,1035.4,0.554312,1,p:2.1.1.2.1.1
U6496,259,FUSE2,285749.5,285749.5,287580.6,1831.1,1831.1,1035.4,0.565452,1,p:1.2.5.1.3.2
U6497,259,FUSE2,285791.5,285791.5,287659.4,1867.9,1867.9,1035.4,0.554312,1,p:2.3.3.2.2.1
U6498,259,FUSE2,285870.3,285870.3,287718.2,1847.9,1847.9,1035.4,0.560312,1,p:1.1.4.1.1.2
U6499,259,FUSE2,285907.5,285907.5,287775.4,1867.9,1867.9,1035.4,0.554312,1,p:2.2.2.2.3.1
U6500,259,FUSE2,285986.3,285986.3,287834.2,1847.9,1847.9,1035.4,0.560312,1,p:1.3.1.1.2.2
U919,37,FUSE0,286028.3,286028.3,287913.0,1884.7,1884.7,941.0,0.499284,1,p:2.1.5.2.1.1
U920,37,FUSE0,286102.3,286102.3,287950.2,1847.9,1847.9,941.0,0.509227,1,p:1.2.3.1.3.2
U921,37,FUSE0,286144.3,286144.3,288029.0,1884.7,1884.7,941.0,0.499284,1,p:2.3.4.2.2.1
U922,37,FUSE0,286238.7,286238.7,288071.0,1832.3,1832.3,941.0,0.513562,1,p:1.1.2.1.1.2
U923,37,FUSE0,286260.3,286260.3,288145.0,1884.7,1884.7,941.0,0.499284,1,p:2.2.1.2.3.1
U924,37,FUSE0,286354.7,286354.7,288187.0,1832.3,1832.3,941.0,0.513562,1,p:1.3.5.1.2.2
U925,37,FUSE0,286415.1,286415.1,288265.8,1850.7,1850.7,941.0,0.508456,1,p:2.1.3.2.1.1
U926,37,FUSE0,286473.9,286473.9,288303.0,1829.1,1829.1,941.0,0.514461,1,p:1.2.4.1.3.2
U927,37,FUSE0,286531.1,286531.1,288381.8,1850.7,1850.7,941.0,0.508456,1,p:2.3.2.2.2.1
U928,37,FUSE1,286609.9,286609.9,288423.8,1813.9,1813.9,1003.0,0.552952,1,p:1.1.1.1.1.2
U929,37,FUSE1,286674.3,286674.3,288497.8,1823.5,1823.5,1003.0,0.550041,1,p:2.2.5.2.3.1
U930,37,FUSE1,286725.9,286725.9,288539.8,1813.9,1813.9,1003.0,0.552952,1,p:1.3.3.1.2.2
U931,37,FUSE1,286790.3,286790.3,288618.6,1828.3,1828.3,1003.0,0.548597,1,p:2.1.4.2.1.1
U932,37,FUSE1,286869.1,286869.1,288655.8,1786.7,1786.7,1003.0,0.56137,1,p:1.2.2.1.3.2
U933,37,FUSE1,286906.3,286906.3,288734.6,1828.3,1828.3,1003.0,0.548597,1,p:2.3.1.2.2.1
U934,37,FUSE1,286985.1,286985.1,288776.6,1791.5,1791.5,1003.0,0.559866,1,p:1.1.5.1.1.2
U935,37,FUSE1,287027.1,287027.1,288850.6,1823.5,1823.5,1003.0,0.550041,1,p:2.2.3.2.3.1
U936,37,FUSE1,287101.1,287101.1,288892.6,1791.5,1791.5,1003.0,0.559866,1,p:1.3.4.1.2.2
U937,37,FUSE2,287143.1,287143.1,288971.4,1828.3,1828.3,1035.4,0.566318,1,p:2.1.2.2.1.1
U938,37,FUSE2,287221.9,287221.9,289008.6,1786.7,1786.7,1035.4,0.579504,1,p:1.2.1.1.3.2
U939,37,FUSE2,287259.1,287259.1,289087.4,1828.3,1828.3,1035.4,0.566318,1,p:2.3.5.2.2.1
U940,37,FUSE2,287337.9,287337.9,289129.4,1791.5,1791.5,1035.4,0.577951,1,p:1.1.3.1.1.2
U941,37,FUSE2,287379.9,287379.9,289203.4,1823.5,1823.5,1035.4,0.567809,1,p:2.2.4.2.3.1
U942,37,FUSE2,287453.9,287453.9,289245.4,1791.5,1791.5,1035.4,0.577951,1,p:1.3.2.1.2.2
U943,37,FUSE2,287495.9,287495.9,289361.4,1865.5,1865.5,1035.4,0.555025,1,p:2.1.1.1.3.2
U944,37,FUSE2,287574.7,287574.7,289440.2,1865.5,1865.5,1035.4,0.555025,1,p:1.2.5.2.2.1
U4213,169,FUSE0,287611.9,287611.9,289324.2,1712.3,1712.3,941.0,0.549553,1,p:2.3.3.2.1.1
U4214,169,FUSE0,287690.7,287690.7,289482.2,1791.5,1791.5,941.0,0.525258,1,p:1.1.4.1.1.2
U4215,169,FUSE0,287749.5,287749.5,289556.2,1806.7,1806.7,941.0,0.520839,1,p:2.2.2.2.3.1
U4216,169,FUSE0,287806.7,287806.7,289598.2,1791.5,1791.5,941.0,0.525258,1,p:1.3.3.1.2.2
U4217,169,FUSE0,287865.5,287865.5,289677.0,1811.5,1811.5,941.0,0.519459,1,p:2.1.1.2.1.1
U4218,169,FUSE0,287944.3,287944.3,289714.2,1769.9,1769.9,941.0,0.531668,1,p:1.2.5.1.3.2
U4219,169,FUSE0,287981.5,287981.5,289793.0,1811.5,1811.5,941.0,0.519459,1,p:2.3.4.2.2.1
U4220,169,FUSE0,288060.3,288060.3,289835.0,1774.7,1774.7,941.0,0.53023,1,p:1.1.2.1.1.2
U4221,169,FUSE0,288102.3,288102.3,289909.0,1806.7,1806.7,941.0,0.520839,1,p:2.2.3.2.3.1
U4222,169,FUSE1,288176.3,288176.3,289951.0,1774.7,1774.7,1003.0,0.565166,1,p:1.3.1.1.2.2
U4223,169,FUSE1,288218.3,288218.3,290029.8,1811.5,1811.5,1003.0,0.553685,1,p:2.1.5.2.1.1
U4224,169,FUSE1,288297.1,288297.1,290067.0,1769.9,1769.9,1003.0,0.566699,1,p:1.2.4.1.3.2
U4225,169,FUSE1,288334.3,288334.3,290145.8,1811.5,1811.5,1003.0,0.553685,1,p:2.3.2.2.2.1
U4226,169,FUSE1,288413.1,288413.1,290187.8,1774.7,1774.7,1003.0,0.565166,1,p:1.1.3.1.1.2
U4227,169,FUSE1,288455.1,288455.1,290261.8,1806.7,1806.7,1003.0,0.555156,1,p:2.2.1.2.3.1
U4228,169,FUSE1,288529.1,288529.1,290303.8,1774.7,1774.7,1003.0,0.565166,1,p:1.3.5.1.2.2
U4229,169,FUSE1,288571.1,288571.1,290382.6,1811.5,1811.5,1003.0,0.553685,1,p:2.1.4.2.1.1
U4230,169,FUSE1,288649.9,288649.9,290419.8,1769.9,1769.9,1003.0,0.566699,1,p:1.2.2.1.3.2
U4231,169,FUSE2,288687.1,288687.1,290498.6,1811.5,1811.5,1035.4,0.571571,1,p:2.3.3.2.2.1
U4232,169,FUSE2,288765.9,288765.9,290540.6,1774.7,1774.7,1035.4,0.583423,1,p:1.1.1.1.1.2
U4233,169,FUSE2,288807.9,288807.9,290614.6,1806.7,1806.7,1035.4,0.573089,1,p:2.2.5.2.3.1
U4234,169,FUSE2,288881.9,288881.9,290656.6,1774.7,1774.7,1035.4,0.583423,1,p:1.3.4.1.2.2
U4235,169,FUSE2,288923.9,288923.9,290735.4,1811.5,1811.5,1035.4,0.571571,1,p:2.1.2.2.1.1
U4236,169,FUSE2,289002.7,289002.7,290772.6,1769.9,1769.9,1035.4,0.585005,1,p:1.2.3.1.3.2
U4237,169,FUSE2,289039.9,289039.9,290893.4,1853.5,1853.5,1035.4,0.558619,1,p:2.3.1.1.1.2
U4238,169,FUSE2,289118.7,289118.7,290967.4,1848.7,1848.7,1035.4,0.560069,1,p:1.1.5.2.3.1
U1069,43,FUSE0,289160.7,289160.7,290851.4,1690.7,1690.7,941.0,0.556574,1,p:2.2.4.2.2.1
U1070,43,FUSE0,289234.7,289234.7,291009.4,1774.7,1774.7,941.0,0.53023,1,p:1.3.2.1.2.2
U1071,43,FUSE0,289276.7,289276.7,291088.2,1811.5,1811.5,941.0,0.519459,1,p:2.1.3.2.1.1
U1072,43,FUSE0,289355.5,289355.5,291125.4,1769.9,1769.9,941.0,0.531668,1,p:1.2.4.1.3.2
U1073,43,FUSE0,289392.7,289392.7,291204.2,1811.5,1811.5,941.0,0.519459,1,p:2.3.1.2.2.1
U1074,43,FUSE0,289471.5,289471.5,291246.2,1774.7,1774.7,941.0,0.53023,1,p:1.1.5.1.1.2
U1075,43,FUSE0,289513.5,289513.5,291320.2,1806.7,1806.7,941.0,0.520839,1,p:2.2.2.2.3.1
U1076,43,FUSE0,289587.5,289587.5,291362.2,1774.7,1774.7,941.0,0.53023,1,p:1.3.3.1.2.2
U1077,43,FUSE1,289629.5,289629.5,291441.0,1811.5,1811.5,1003.0,0.553685,1,p:2.1.4.2.1.1
U1078,43,FUSE1,289708.3,289708.3,291478.2,1769.9,1769.9,1003.0,0.566699,1,p:1.2.1.1.3.2
U1079,43,FUSE1,289745.5,289745.5,291557.0,1811.5,1811.5,1003.0,0.553685,1,p:2.3.5.2.2.1
U1080,43,FUSE1,289824.3,289824.3,291599.0,1774.7,1774.7,1003.0,0.565166,1,p:1.1.2.1.1.2
U1081,43,FUSE1,289866.3,289866.3,291673.0,1806.7,1806.7,1003.0,0.555156,1,p:2.2.3.2.3.1
U1082,43,FUSE1,289940.3,289940.3,291715.0,1774.7,1774.7,1003.0,0.565166,1,p:1.3.4.1.2.2
U1083,43,FUSE1,289982.3,289982.3,291793.8,1811.5,1811.5,1003.0,0.553685,1,p:2.1.1.2.1.1
U1084,43,FUSE1,290061.1,290061.1,291831.0,1769.9,1769.9,1003.0,0.566699,1,p:1.2.5.1.3.2
U1085,43,FUSE2,290098.3,290098.3,291909.8,1811.5,1811.5,1035.4,0.571571,1,p:2.3.2.2.2.1
U1086,43,FUSE2,290177.1,290177.1,291951.8,1774.7,1774.7,1035.4,0.583423,1,p:1.1.3.1.1.2
U1087,43,FUSE2,290219.1,290219.1,292025.8,1806.7,1806.7,1035.4,0.573089,1,p:2.2.4.2.3.1
U1088,43,FUSE2,290293.1,290293.1,292067.8,1774.7,1774.7,1035.4,0.583423,1,p:1.3.1.1.2.2
U1089,43,FUSE2,290335.1,290335.1,292146.6,1811.5,1811.5,1035.4,0.571571,1,p:2.1.5.2.1.1
U1090,43,FUSE2,290413.9,290413.9,292183.8,1769.9,1769.9,1035.4,0.585005,1,p:1.2.2.1.3.2
U1091,43,FUSE2,290451.1,290451.1,292262.6,1811.5,1811.5,1035.4,0.571571,1,p:2.3.3.2.2.1
U1092,43,FUSE2,290529.9,290529.9,292420.6,1890.7,1890.7,1035.4,0.547628,1,p:1.1.4.1.2.2
U6579,263,FUSE0,290571.9,290571.9,292304.6,1732.7,1732.7,941.0,0.543083,1,p:2.2.1.1.1.2
U6580,263,FUSE0,290645.9,290645.9,292499.4,1853.5,1853.5,941.0,0.507688,1,p:1.3.5.2.1.1
U6581,263,FUSE0,290687.9,290687.9,292378.6,1690.7,1690.7,941.0,0.556574,1,p:2.1.2.2.3.1
U6582,263,FUSE0,290766.7,290766.7,292536.6,1769.9,1769.9,941.0,0.531668,1,p:1.2.3.1.3.2
U6583,263,FUSE0,290803.9,290803.9,292615.4,1811.5,1811.5,941.0,0.519459,1,p:2.3.1.2.2.1
U6584,263,FUSE0,290882.7,290882.7,292773.4,1890.7,1890.7,941.0,0.497699,1,p:1.1.5.1.2.2
U6585,263,FUSE0,290924.7,290924.7,292731.4,1806.7,1806.7,941.0,0.520839,1,p:2.2.4.2.3.1
U6586,263,FUSE0,290998.7,290998.7,292657.4,1658.7,1658.7,941.0,0.567312,1,p:1.3.2.1.1.2
U6587,263,FUSE0,291040.7,291040.7,292852.2,1811.5,1811.5,941.0,0.519459,1,p:2.1.3.2.1.1
U6588,263,FUSE1,291119.5,291119.5,292889.4,1769.9,1769.9,1003.0,0.566699,1,p:1.2.1.1.3.2
U6589,263,FUSE1,291156.7,291156.7,293084.2,1927.5,1927.5,1003.0,0.520363,1,p:2.3.5.2.3.1
U6590,263,FUSE1,291235.5,291235.5,293010.2,1774.7,1774.7,1003.0,0.565166,1,p:1.1.4.1.1.2
U6591,263,FUSE1,291277.5,291277.5,292968.2,1690.7,1690.7,1003.0,0.593245,1,p:2.2.2.2.2.1
U6592,263,FUSE1,291351.5,291351.5,293126.2,1774.7,1774.7,1003.0,0.565166,1,p:1.3.3.1.2.2
U6593,263,FUSE1,291393.5,291393.5,293205.0,1811.5,1811.5,1003.0,0.553685,1,p:2.1.1.2.1.1
U6594,263,FUSE1,291472.3,291472.3,293363.0,1890.7,1890.7,1003.0,0.530491,1,p:1.2.5.1.1.2
U6595,263,FUSE1,291509.5,291509.5,293321.0,1811.5,1811.5,1003.0,0.553685,1,p:2.3.4.2.2.1
U6596,263,FUSE1,291588.3,291588.3,293242.2,1653.9,1653.9,1003.0,0.606445,1,p:1.1.2.1.3.2
U6597,263,FUSE2,291630.3,291630.3,293437.0,1806.7,1806.7,1035.4,0.573089,1,p:2.2.3.2.3.1
U6598,263,FUSE2,291704.3,291704.3,293479.0,1774.7,1774.7,1035.4,0.583423,1,p:1.3.1.1.2.2
U6599,263,FUSE2,291746.3,291746.3,293673.8,1927.5,1927.5,1035.4,0.537173,1,p:2.1.5.2.2.1
U6600,263,FUSE2,291825.1,291825.1,293595.0,1769.9,1769.9,1035.4,0.585005,1,p:1.2.4.1.3.2
U6601,263,FUSE2,291862.3,291862.3,293557.8,1695.5,1695.5,1035.4,0.610675,1,p:2.3.2.2.1.1
U6602,263,FUSE2,291941.1,291941.1,293715.8,1774.7,1774.7,1035.4,0.583423,1,p:1.1.3.1.1.2
U6603,263,FUSE2,291983.1,291983.1,293789.8,1806.7,1806.7,1035.4,0.573089,1,p:2.2.1.2.3.1
U6604,263,FUSE2,292057.1,292057.1,293947.8,1890.7,1890.7,1035.4,0.547628,1,p:1.3.5.1.3.2
U6605,263,FUSE2,292099.1,292099.1,293910.6,1811.5,1811.5,1035.4,0.571571,1,p:2.1.4.2.1.1
U6606,263,FUSE2,292177.9,292177.9,293831.8,1653.9,1653.9,1035.4,0.626035,1,p:1.2.2.1.2.2
U5530,221,FUSE0,292215.1,292215.1,294026.6,1811.5,1811.5,941.0,0.519459,1,p:2.3.3.2.2.1
U5531,221,FUSE0,292293.9,292293.9,294081.8,1787.9,1787.9,941.0,0.526316,1,p:1.1.1.1.1.2
U5532,221,FUSE0,292335.9,292335.9,294276.6,1940.7,1940.7,941.0,0.484877,1,p:2.2.5.2.1.1
U5533,221,FUSE0,292409.9,292409.9,294197.8,1787.9,1787.9,941.0,0.526316,1,p:1.3.4.1.2.2
U5534,221,FUSE0,292451.9,292451.9,294142.6,1690.7,1690.7,941.0,0.556574,1,p:2.1.2.2.3.1
U5535,221,FUSE0,292530.7,292530.7,294313.8,1783.1,1783.1,941.0,0.527733,1,p:1.2.3.1.3.2
U5536,221,FUSE0,292567.9,292567.9,294392.6,1824.7,1824.7,941.0,0.515701,1,p:2.3.1.2.2.1
U5537,221,FUSE0,292646.7,292646.7,294434.6,1787.9,1787.9,941.0,0.526316,1,p:1.1.5.1.1.2
U5538,221,FUSE0,292688.7,292688.7,294508.6,1819.9,1819.9,941.0,0.517061,1,p:2.2.4.2.3.1
U5539,221,FUSE1,292762.7,292762.7,294550.6,1787.9,1787.9,1003.0,0.560993,1,p:1.3.2.1.2.2
U5540,221,FUSE1,292804.7,292804.7,294629.4,1824.7,1824.7,1003.0,0.549679,1,p:2.1.3.2.1.1
U5541,221,FUSE1,292883.5,292883.5,294666.6,1783.1,1783.1,1003.0,0.562504,1,p:1.2.1.1.3.2
U5542,221,FUSE1,292920.7,292920.7,294745.4,1824.7,1824.7,1003.0,0.549679,1,p:2.3.5.2.2.1
U5543,221,FUSE1,292999.5,292999.5,294787.4,1787.9,1787.9,1003.0,0.560993,1,p:1.1.4.1.1.2
U5544,221,FUSE1,293041.5,293041.5,294861.4,1819.9,1819.9,1003.0,0.551129,1,p:2.2.2.2.3.1
U5545,221,FUSE1,293115.5,293115.5,294903.4,1787.9,1787.9,1003.0,0.560993,1,p:1.3.3.1.2.2
U5546,221,FUSE1,293157.5,293157.5,294982.2,1824.7,1824.7,1003.0,0.549679,1,p:2.1.1.2.1.1
U5547,221,FUSE1,293236.3,293236.3,295019.4,1783.1,1783.1,1003.0,0.562504,1,p:1.2.5.1.3.2
U5548,221,FUSE2,293273.5,293273.5,295098.2,1824.7,1824.7,1035.4,0.567436,1,p:2.3.4.2.2.1
U5549,221,FUSE2,293352.3,293352.3,295140.2,1787.9,1787.9,1035.4,0.579115,1,p:1.1.2.1.1.2
U5550,221,FUSE2,293394.3,293394.3,295214.2,1819.9,1819.9,1035.4,0.568932,1,p:2.2.3.2.3.1
U5551,221,FUSE2,293468.3,293468.3,295256.2,1787.9,1787.9,1035.4,0.579115,1,p:1.3.1.1.2.2
U5552,221,FUSE2,293510.3,293510.3,295335.0,1824.7,1824.7,1035.4,0.567436,1,p:2.1.5.2.1.1
U5553,221,FUSE2,293589.1,293589.1,295372.2,1783.1,1783.1,1035.4,0.580674,1,p:1.2.4.1.3.2
U5554,221,FUSE2,293626.3,293626.3,295451.0,1824.7,1824.7,1035.4,0.567436,1,p:2.3.2.2.2.1
U5555,221,FUSE2,293705.1,293705.1,295493.0,1787.9,1787.9,1035.4,0.579115,1,p:1.1.3.1.1.2
U1220,49,FUSE0,293747.1,293747.1,295567.0,1819.9,1819.9,941.0,0.517061,1,p:2.2.1.2.3.1
U1221,49,FUSE0,293821.1,293821.1,295609.0,1787.9,1787.9,941.0,0.526316,1,p:1.3.5.1.2.2
U1222,49,FUSE0,293863.1,293863.1,295687.8,1824.7,1824.7,941.0,0.515701,1,p:2.1.4.2.1.1
U1223,49,FUSE0,293941.9,293941.9,295725.0,1783.1,1783.1,941.0,0.527733,1,p:1.2.2.1.3.2
U1224,49,FUSE0,293979.1,293979.1,295803.8,1824.7,1824.7,941.0,0.515701,1,p:2.3.3.2.2.1
U1225,49,FUSE0,294057.9,294057.9,295845.8,1787.9,1787.9,941.0,0.526316,1,p:1.1.1.1.1.2
U1226,49,FUSE0,294113.1,294113.1,295919.8,1806.7,1806.7,941.0,0.520839,1,p:2.2.5.2.3.1
U1227,49,FUSE0,294173.9,294173.9,295961.8,1787.9,1787.9,941.0,0.526316,1,p:1.3.4.1.2.2
U1228,49,FUSE1,294229.1,294229.1,296040.6,1811.5,1811.5,1003.0,0.553685,1,p:2.1.2.2.1.1
U1229,49,FUSE1,294307.9,294307.9,296077.8,1769.9,1769.9,1003.0,0.566699,1,p:1.2.3.1.3.2
U1230,49,FUSE1,294345.1,294345.1,296156.6,1811.5,1811.5,1003.0,0.553685,1,p:2.3.1.2.2.1
U1231,49,FUSE1,294423.9,294423.9,296198.6,1774.7,1774.7,1003.0,0.565166,1,p:1.1.5.1.1.2
U1232,49,FUSE1,294465.9,294465.9,296272.6,1806.7,1806.7,1003.0,0.555156,1,p:2.2.4.2.3.1
U1233,49,FUSE1,294539.9,294539.9,296314.6,1774.7,1774.7,1003.0,0.565166,1,p:1.3.2.1.2.2
U1234,49,FUSE1,294581.9,294581.9,296393.4,1811.5,1811.5,1003.0,0.553685,1,p:2.1.3.2.1.1
U1235,49,FUSE1,294660.7,294660.7,296430.6,1769.9,1769.9,1003.0,0.566699,1,p:1.2.1.1.3.2
U1236,49,FUSE2,294697.9,294697.9,296509.4,1811.5,1811.5,1035.4,0.571571,1,p:2.3.5.2.2.1
U1237,49,FUSE2,294776.7,294776.7,296551.4,1774.7,1774.7,1035.4,0.583423,1,p:1.1.4.1.1.2
U1238,49,FUSE2,294818.7,294818.7,296625.4,1806.7,1806.7,1035.4,0.573089,1,p:2.2.2.2.3.1
U1239,49,FUSE2,294892.7,294892.7,296667.4,1774.7,1774.7,1035.4,0.583423,1,p:1.3.3.1.2.2
U1240,49,FUSE2,294934.7,294934.7,296746.2,1811.5,1811.5,1035.4,0.571571,1,p:2.1.1.2.1.1
U1241,49,FUSE2,295013.5,295013.5,296783.4,1769.9,1769.9,1035.4,0.585005,1,p:1.2.5.1.3.2
U1242,49,FUSE2,295050.7,295050.7,296862.2,1811.5,1811.5,1035.4,0.571571,1,p:2.3.4.2.2.1
U080,4,FUSE0,295129.5,295129.5,296904.2,1774.7,1774.7,941.0,0.53023,1,p:1.1.2.1.1.2
U081,4,FUSE0,295171.5,295171.5,296978.2,1806.7,1806.7,941.0,0.520839,1,p:2.2.3.2.3.1
U082,4,FUSE0,295245.5,295245.5,297020.2,1774.7,1774.7,941.0,0.53023,1,p:1.3.1.1.2.2
U083,4,FUSE0,295287.5,295287.5,297099.0,1811.5,1811.5,941.0,0.519459,1,p:2.1.5.2.1.1
U084,4,FUSE0,295366.3,295366.3,297136.2,1769.9,1769.9,941.0,0.531668,1,p:1.2.4.1.3.2
U085,4,FUSE0,295403.5,295403.5,297215.0,1811.5,1811.5,941.0,0.519459,1,p:2.3.2.2.2.1
U086,4,FUSE0,295482.3,295482.3,297257.0,1774.7,1774.7,941.0,0.53023,1,p:1.1.3.1.1.2
U087,4,FUSE0,295524.3,295524.3,297331.0,1806.7,1806.7,941.0,0.520839,1,p:2.2.1.2.3.1
U088,4,FUSE1,295598.3,295598.3,297373.0,1774.7,1774.7,1003.0,0.565166,1,p:1.3.5.1.2.2
U089,4,FUSE1,295640.3,295640.3,297451.8,1811.5,1811.5,1003.0,0.553685,1,p:2.1.4.2.1.1
U090,4,FUSE1,295719.1,295719.1,297489.0,1769.9,1769.9,1003.0,0.566699,1,p:1.2.2.1.3.2
U091,4,FUSE1,295756.3,295756.3,297567.8,1811.5,1811.5,1003.0,0.553685,1,p:2.3.3.2.2.1
U092,4,FUSE1,295835.1,295835.1,297609.8,1774.7,1774.7,1003.0,0.565166,1,p:1.1.1.1.1.2
U093,4,FUSE1,295877.1,295877.1,297683.8,1806.7,1806.7,1003.0,0.555156,1,p:2.2.5.2.3.1
U094,4,FUSE1,295951.1,295951.1,297725.8,1774.7,1774.7,1003.0,0.565166,1,p:1.3.4.1.2.2
U095,4,FUSE1,295993.1,295993.1,297804.6,1811.5,1811.5,1003.0,0.553685,1,p:2.1.2.2.1.1
U096,4,FUSE2,296071.9,296071.9,297841.8,1769.9,1769.9,1035.4,0.585005,1,p:1.2.3.1.3.2
U097,4,FUSE2,296109.1,296109.1,297920.6,1811.5,1811.5,1035.4,0.571571,1,p:2.3.1.2.2.1
U098,4,FUSE2,296187.9,296187.9,297971.0,1783.1,1783.1,1035.4,0.580674,1,p:1.1.5.1.1.2
U099,4,FUSE2,296229.9,296229.9,298036.6,1806.7,1806.7,1035.4,0.573089,1,p:2.2.4.2.3.1
U100,4,FUSE2,296303.9,296303.9,298087.0,1783.1,1783.1,1035.4,0.580674,1,p:1.3.2.1.2.2
U101,4,FUSE2,296345.9,296345.9,298165.8,1819.9,1819.9,1035.4,0.568932,1,p:2.1.3.2.1.1
U102,4,FUSE2,296424.7,296424.7,298203.0,1778.3,1778.3,1035.4,0.582241,1,p:1.2.1.1.3.2
U103,4,FUSE2,296461.9,296461.9,298320.6,1858.7,1858.7,1035.4,0.557056,1,p:2.3.5.2.1.2
U104,4,FUSE2,296540.7,296540.7,298556.2,2015.5,2015.5,1035.4,0.513719,1,p:1.1.4.2.3.1
U3984,160,FUSE0,296582.7,296582.7,298303.8,1721.1,1721.1,941.0,0.546743,1,p:2.2.2.1.2.1
U3985,160,FUSE0,296656.7,296656.7,298419.8,1763.1,1763.1,941.0,0.533719,1,p:1.3.3.1.3.1
U3986,160,FUSE0,296698.7,296698.7,298458.6,1759.9,1759.9,941.0,0.534689,1,p:2.1.1.2.2.2
U3987,160,FUSE0,296777.5,296777.5,298574.6,1797.1,1797.1,941.0,0.523621,1,p:1.2.5.1.1.2
U3988,160,FUSE0,296814.7,296814.7,298733.8,1919.1,1919.1,941.0,0.490334,1,p:2.3.2.2.1.2
U3989,160,FUSE0,296893.5,296893.5,298788.2,1894.7,1894.7,941.0,0.496649,1,p:1.1.4.1.3.1
U3990,160,FUSE0,296935.5,296935.5,298849.8,1914.3,1914.3,941.0,0.491563,1,p:2.2.3.2.2.2
U3991,160,FUSE0,297009.5,297009.5,298672.2,1662.7,1662.7,941.0,0.565947,1,p:1.3.1.1.2.1
U3992,160,FUSE1,297051.5,297051.5,298965.8,1914.3,1914.3,1003.0,0.523951,1,p:2.1.5.2.3.2
U3993,160,FUSE1,297130.3,297130.3,298931.8,1801.5,1801.5,1003.0,0.556758,1,p:1.2.2.1.1.1
U3994,160,FUSE1,297167.5,297167.5,299163.8,1996.3,1996.3,1003.0,0.502429,1,p:2.3.4.2.3.1
U3995,160,FUSE1,297246.3,297246.3,299047.8,1801.5,1801.5,1003.0,0.556758,1,p:1.1.3.1.2.1
U3996,160,FUSE1,297288.3,297288.3,299086.6,1798.3,1798.3,1003.0,0.557749,1,p:2.2.1.2.1.2
U3997,160,FUSE1,297362.3,297362.3,299202.6,1840.3,1840.3,1003.0,0.54502,1,p:1.3.5.1.2.2
U3998,160,FUSE1,297404.3,297404.3,299281.4,1877.1,1877.1,1003.0,0.534335,1,p:2.1.2.2.1.1
U3999,160,FUSE1,297483.1,297483.1,299318.6,1835.5,1835.5,1003.0,0.546445,1,p:1.2.4.1.3.2
U4000,160,FUSE2,297520.3,297520.3,299397.4,1877.1,1877.1,1035.4,0.551596,1,p:2.3.3.2.2.1
U4001,160,FUSE2,297599.1,297599.1,299436.2,1837.1,1837.1,1035.4,0.563606,1,p:1.1.1.1.1.2
U4002,160,FUSE2,297641.1,297641.1,299552.2,1911.1,1911.1,1035.4,0.541782,1,p:2.2.5.1.2.2
U4003,160,FUSE2,297715.1,297715.1,299513.4,1798.3,1798.3,1035.4,0.575766,1,p:1.3.2.2.3.1
U4004,160,FUSE2,297757.1,297757.1,299631.0,1873.9,1873.9,1035.4,0.552537,1,p:2.1.4.2.1.1
U4005,160,FUSE2,297835.9,297835.9,299668.2,1832.3,1832.3,1035.4,0.565082,1,p:1.2.3.1.3.2
U4006,160,FUSE2,297873.1,297873.1,299747.0,1873.9,1873.9,1035.4,0.552537,1,p:2.3.1.2.2.1
U4007,160,FUSE2,297951.9,297951.9,299980.6,2028.7,2028.7,1035.4,0.510376,1,p:1.1.5.2.1.1
U7697,308,FUSE0,298002.3,298002.3,299785.8,1783.5,1783.5,941.0,0.527614,1,p:2.2.2.1.1.2
U7698,308,FUSE0,298067.9,298067.9,299863.0,1795.1,1795.1,941.0,0.524205,1,p:1.3.4.2.3.1
U7699,308,FUSE0,298118.3,298118.3,300017.8,1899.5,1899.5,941.0,0.495394,1,p:2.1.3.1.3.2
U7700,308,FUSE0,298197.1,298197.1,299901.8,1704.7,1704.7,941.0,0.552003,1,p:1.2.1.1.2.2
U7701,308,FUSE0,298234.3,298234.3,300096.6,1862.3,1862.3,941.0,0.505289,1,p:2.3.2.2.2.1
U7702,308,FUSE0,298335.1,298335.1,300135.4,1800.3,1800.3,941.0,0.522691,1,p:1.1.4.1.1.2
U7703,308,FUSE0,298351.9,298351.9,300330.2,1978.3,1978.3,941.0,0.475661,1,p:2.2.3.2.1.1
U7704,308,FUSE0,298451.1,298451.1,300251.4,1800.3,1800.3,941.0,0.522691,1,p:1.3.5.1.2.2
U7705,308,FUSE0,298489.9,298489.9,300212.6,1722.7,1722.7,941.0,0.546236,1,p:2.1.1.2.3.1
U7706,308,FUSE1,298587.5,298587.5,300367.4,1779.9,1779.9,1003.0,0.563515,1,p:1.2.2.1.3.2
U7707,308,FUSE1,298605.9,298605.9,300446.2,1840.3,1840.3,1003.0,0.54502,1,p:2.3.4.2.2.1
U7708,308,FUSE1,298703.5,298703.5,300601.0,1897.5,1897.5,1003.0,0.52859,1,p:1.1.3.1.2.2
U7709,308,FUSE1,298765.1,298765.1,300562.2,1797.1,1797.1,1003.0,0.558121,1,p:2.2.5.2.3.1
U7710,308,FUSE1,298819.5,298819.5,300485.0,1665.5,1665.5,1003.0,0.602222,1,p:1.3.1.1.1.2
U7711,308,FUSE1,298881.1,298881.1,300681.0,1799.9,1799.9,1003.0,0.557253,1,p:2.1.2.2.1.1
U7712,308,FUSE1,298963.1,298963.1,300717.0,1753.9,1753.9,1003.0,0.571868,1,p:1.2.4.1.3.2
U7713,308,FUSE1,298997.1,298997.1,300797.0,1799.9,1799.9,1003.0,0.557253,1,p:2.3.3.2.2.1
U7714,308,FUSE1,299079.1,299079.1,300835.8,1756.7,1756.7,1003.0,0.570957,1,p:1.1.5.1.1.2
U7715,308,FUSE2,299117.9,299117.9,300913.0,1795.1,1795.1,1035.4,0.576792,1,p:2.2.1.2.3.1
U7716,308,FUSE2,299195.1,299195.1,300951.8,1756.7,1756.7,1035.4,0.589401,1,p:1.3.2.1.2.2
U7717,308,FUSE2,299233.9,299233.9,301033.8,1799.9,1799.9,1035.4,0.575254,1,p:2.1.4.2.1.1
U7718,308,FUSE2,299312.7,299312.7,301067.8,1755.1,1755.1,1035.4,0.589938,1,p:1.2.3.1.3.2
U7719,308,FUSE2,299349.9,299349.9,301149.8,1799.9,1799.9,1035.4,0.575254,1,p:2.3.5.2.2.1
U7720,308,FUSE2,299428.7,299428.7,301188.6,1759.9,1759.9,1035.4,0.588329,1,p:1.1.1.1.1.2
U7721,308,FUSE2,299467.5,299467.5,301265.8,1798.3,1798.3,1035.4,0.575766,1,p:2.2.2.2.3.1
U7722,308,FUSE2,299544.7,299544.7,301386.6,1841.9,1841.9,1035.4,0.562137,1,p:1.3.4.2.1.1
U7723,308,FUSE2,299583.5,299583.5,301502.6,1919.1,1919.1,1035.4,0.539524,1,p:2.1.3.2.2.1
U1809,73,FUSE0,299662.3,299662.3,301420.6,1758.3,1758.3,941.0,0.535176,1,p:1.2.5.1.3.2
U1810,73,FUSE0,299699.5,299699.5,301304.6,1605.1,1605.1,941.0,0.586256,1,p:2.3.1.1.2.2
U1811,73,FUSE0,299778.3,299778.3,301541.4,1763.1,1763.1,941.0,0.533719,1,p:1.1.5.1.1.2
U1812,73,FUSE0,299817.1,299817.1,301618.6,1801.5,1801.5,941.0,0.522342,1,p:2.2.2.2.3.1
U1813,73,FUSE0,299894.3,299894.3,301657.4,1763.1,1763.1,941.0,0.533719,1,p:1.3.4.1.2.2
U1814,73,FUSE0,299933.1,299933.1,301739.4,1806.3,1806.3,941.0,0.520954,1,p:2.1.1.2.1.1
U1815,73,FUSE0,300011.9,300011.9,301773.4,1761.5,1761.5,941.0,0.534204,1,p:1.2.3.1.3.2
U1816,73,FUSE0,300049.1,300049.1,301855.4,1806.3,1806.3,941.0,0.520954,1,p:2.3.5.2.2.1
U1817,73,FUSE0,300127.9,300127.9,301894.2,1766.3,1766.3,941.0,0.532752,1,p:1.1.2.1.1.2
U1818,73,FUSE0,300166.7,300166.7,301971.4,1804.7,1804.7,941.0,0.521416,1,p:2.2.4.2.3.1
U1819,73,FUSE1,300243.9,300243.9,302010.2,1766.3,1766.3,1003.0,0.567854,1,p:1.3.1.1.2.2
U1820,73,FUSE1,300282.7,300282.7,302092.2,1809.5,1809.5,1003.0,0.554297,1,p:2.1.3.2.1.1
U1821,73,FUSE1,300361.5,300361.5,302126.2,1764.7,1764.7,1003.0,0.568369,1,p:1.2.5.1.3.2
U1822,73,FUSE1,300398.7,300398.7,302208.2,1809.5,1809.5,1003.0,0.554297,1,p:2.3.2.2.2.1
U1823,73,FUSE1,300477.5,300477.5,302247.0,1769.5,1769.5,1003.0,0.566827,1,p:1.1.4.1.1.2
U1824,73,FUSE1,300516.3,300516.3,302324.2,1807.9,1807.9,1003.0,0.554787,1,p:2.2.1.2.3.1
U1825,73,FUSE1,300593.5,300593.5,302363.0,1769.5,1769.5,1003.0,0.566827,1,p:1.3.3.1.2.2
U1826,73,FUSE1,300632.3,300632.3,302445.0,1812.7,1812.7,1003.0,0.553318,1,p:2.1.5.2.1.1
U1827,73,FUSE1,300712.3,300712.3,302479.0,1766.7,1766.7,1003.0,0.567725,1,p:1.2.2.1.3.2
U1828,73,FUSE1,300748.3,300748.3,302561.0,1812.7,1812.7,1003.0,0.553318,1,p:2.3.4.2.2.1
U1829,73,FUSE2,300828.3,300828.3,302599.8,1771.5,1771.5,1035.4,0.584476,1,p:1.1.1.1.1.2
U1830,73,FUSE2,300867.1,300867.1,302677.0,1809.9,1809.9,1035.4,0.572076,1,p:2.2.3.2.3.1
U1831,73,FUSE2,300944.3,300944.3,302715.8,1771.5,1771.5,1035.4,0.584476,1,p:1.3.5.1.2.2
U1832,73,FUSE2,300983.1,300983.1,302797.8,1814.7,1814.7,1035.4,0.570563,1,p:2.1.2.2.1.1
U1833,73,FUSE2,301065.1,301065.1,302831.8,1766.7,1766.7,1035.4,0.586064,1,p:1.2.4.1.3.2
U1834,73,FUSE2,301099.1,301099.1,302913.8,1814.7,1814.7,1035.4,0.570563,1,p:2.3.1.2.2.1
U1835,73,FUSE2,301181.1,301181.1,302952.6,1771.5,1771.5,1035.4,0.584476,1,p:1.1.3.1.1.2
U1836,73,FUSE2,301219.9,301219.9,303184.6,1964.7,1964.7,1035.4,0.527002,1,p:2.2.5.1.3.2
U1837,73,FUSE2,301297.1,301297.1,303029.8,1732.7,1732.7,1035.4,0.597564,1,p:1.3.2.2.3.1
U1838,73,FUSE2,301335.9,301335.9,303150.6,1814.7,1814.7,1035.4,0.570563,1,p:2.1.4.2.1.1
U6927,277,FUSE0,301417.9,301417.9,303068.6,1650.7,1650.7,941.0,0.570061,1,p:1.2.1.1.2.2
U6928,277,FUSE0,301451.9,301451.9,303266.6,1814.7,1814.7,941.0,0.518543,1,p:2.3.3.2.2.1
U6929,277,FUSE0,301533.9,301533.9,303305.4,1771.5,1771.5,941.0,0.531188,1,p:1.1.5.1.1.2
U6930,277,FUSE0,301572.7,301572.7,303382.6,1809.9,1809.9,941.0,0.519918,1,p:2.2.2.2.3.1
U6931,277,FUSE0,301649.9,301649.9,303421.4,1771.5,1771.5,941.0,0.531188,1,p:1.3.4.1.2.2
U6932,277,FUSE0,301688.7,301688.7,303503.4,1814.7,1814.7,941.0,0.518543,1,p:2.1.1.2.1.1
U6933,277,FUSE0,301770.7,301770.7,303537.4,1766.7,1766.7,941.0,0.532631,1,p:1.2.3.1.3.2
U6934,277,FUSE0,301804.7,301804.7,303619.4,1814.7,1814.7,941.0,0.518543,1,p:2.3.5.2.2.1
U6935,277,FUSE1,301886.7,301886.7,303658.2,1771.5,1771.5,1003.0,0.566187,1,p:1.1.2.1.1.2
U6936,277,FUSE1,301925.5,301925.5,303735.4,1809.9,1809.9,1003.0,0.554174,1,p:2.2.4.2.3.1
U6937,277,FUSE1,302002.7,302002.7,303774.2,1771.5,1771.5,1003.0,0.566187,1,p:1.3.1.1.2.2
U6938,277,FUSE1,302041.5,302041.5,303856.2,1814.7,1814.7,1003.0,0.552708,1,p:2.1.3.2.1.1
U6939,277,FUSE1,302123.5,302123.5,303890.2,1766.7,1766.7,1003.0,0.567725,1,p:1.2.5.1.3.2
U6940,277,FUSE1,302157.5,302157.5,303972.2,1814.7,1814.7,1003.0,0.552708,1,p:2.3.2.2.2.1
U6941,277,FUSE1,302239.5,302239.5,304011.0,1771.5,1771.5,1003.0,0.566187,1,p:1.1.4.1.1.2
U6942,277,FUSE1,302278.3,302278.3,304088.2,1809.9,1809.9,1003.0,0.554174,1,p:2.2.1.2.3.1
U6943,277,FUSE2,302355.5,302355.5,304127.0,1771.5,1771.5,1035.4,0.584476,1,p:1.3.3.1.2.2
U6944,277,FUSE2,302394.3,302394.3,304209.0,1814.7,1814.7,1035.4,0.570563,1,p:2.1.5.2.1.1
U6945,277,FUSE2,302476.3,302476.3,304243.0,1766.7,1766.7,1035.4,0.586064,1,p:1.2.2.1.3.2
U6946,277,FUSE2,302510.3,302510.3,304325.0,1814.7,1814.7,1035.4,0.570563,1,p:2.3.4.2.2.1
U6947,277,FUSE2,302592.3,302592.3,304363.8,1771.5,1771.5,1035.4,0.584476,1,p:1.1.1.1.1.2
U6948,277,FUSE2,302631.1,302631.1,304441.0,1809.9,1809.9,1035.4,0.572076,1,p:2.2.3.2.3.1
U6949,277,FUSE2,302708.3,302708.3,304595.8,1887.5,1887.5,1035.4,0.548556,1,p:1.3.5.1.3.2
U6950,277,FUSE2,302747.1,302747.1,304677.8,1930.7,1930.7,1035.4,0.536282,1,p:2.1.2.2.2.1
U2008,81,FUSE0,302829.1,302829.1,304561.8,1732.7,1732.7,941.0,0.543083,1,p:1.2.4.2.1.1
U2009,81,FUSE0,302863.1,302863.1,304479.8,1616.7,1616.7,941.0,0.58205,1,p:2.3.1.1.2.2
U2010,81,FUSE0,302945.1,302945.1,304716.6,1771.5,1771.5,941.0,0.531188,1,p:1.1.3.1.1.2
U2011,81,FUSE0,302983.9,302983.9,304914.6,1930.7,1930.7,941.0,0.487388,1,p:2.2.5.2.1.1
U2012,81,FUSE0,303061.1,303061.1,304832.6,1771.5,1771.5,941.0,0.531188,1,p:1.3.4.1.2.2
U2013,81,FUSE0,303099.9,303099.9,304793.8,1693.9,1693.9,941.0,0.555523,1,p:2.1.1.2.3.1
U2014,81,FUSE0,303181.9,303181.9,304948.6,1766.7,1766.7,941.0,0.532631,1,p:1.2.2.1.3.2
U2015,81,FUSE1,303215.9,303215.9,305030.6,1814.7,1814.7,1003.0,0.552708,1,p:2.3.3.2.2.1
U2016,81,FUSE1,303297.9,303297.9,305185.4,1887.5,1887.5,1003.0,0.531391,1,p:1.1.5.1.2.2
U2017,81,FUSE1,303336.7,303336.7,305146.6,1809.9,1809.9,1003.0,0.554174,1,p:2.2.4.2.3.1
U2018,81,FUSE1,303413.9,303413.9,305069.4,1655.5,1655.5,1003.0,0.605859,1,p:1.3.1.1.1.2
U2019,81,FUSE1,303452.7,303452.7,305267.4,1814.7,1814.7,1003.0,0.552708,1,p:2.1.2.2.1.1
U2020,81,FUSE1,303534.7,303534.7,305301.4,1766.7,1766.7,1003.0,0.567725,1,p:1.2.3.1.3.2
U2021,81,FUSE1,303568.7,303568.7,305499.4,1930.7,1930.7,1003.0,0.519501,1,p:2.3.5.2.3.1
U2022,81,FUSE2,303650.7,303650.7,305422.2,1771.5,1771.5,1035.4,0.584476,1,p:1.1.4.1.1.2
U2023,81,FUSE2,303689.5,303689.5,305383.4,1693.9,1693.9,1035.4,0.611252,1,p:2.2.1.2.2.1
U2024,81,FUSE2,303766.7,303766.7,305538.2,1771.5,1771.5,1035.4,0.584476,1,p:1.3.2.1.2.2
U2025,81,FUSE2,303805.5,303805.5,305620.2,1814.7,1814.7,1035.4,0.570563,1,p:2.1.3.2.1.1
U2026,81,FUSE2,303887.5,303887.5,305816.2,1928.7,1928.7,1035.4,0.536838,1,p:1.2.5.1.1.2
U2027,81,FUSE2,303921.5,303921.5,305736.2,1814.7,1814.7,1035.4,0.570563,1,p:2.3.4.2.2.1
U2028,81,FUSE2,304003.5,304003.5,305654.2,1650.7,1650.7,1035.4,0.627249,1,p:1.1.1.1.3.2
U2029,81,FUSE2,304042.3,304042.3,305932.2,1889.9,1889.9,1035.4,0.54786,1,p:2.2.2.1.2.2
U4623,185,FUSE0,304119.5,304119.5,305852.2,1732.7,1732.7,941.0,0.543083,1,p:1.3.3.2.3.1
U4624,185,FUSE0,304158.3,304158.3,306127.0,1968.7,1968.7,941.0,0.47798,1,p:2.1.5.2.2.1
U4625,185,FUSE0,304240.3,304240.3,306048.2,1807.9,1807.9,941.0,0.520493,1,p:1.2.4.1.3.2
U4626,185,FUSE0,304274.3,304274.3,306011.0,1736.7,1736.7,941.0,0.541832,1,p:2.3.1.2.1.1
U4627,185,FUSE0,304356.3,304356.3,306169.0,1812.7,1812.7,941.0,0.519115,1,p:1.1.3.1.1.2
U4628,185,FUSE0,304395.1,304395.1,306243.0,1847.9,1847.9,941.0,0.509227,1,p:2.2.2.2.3.1
U4629,185,FUSE0,304472.3,304472.3,306401.0,1928.7,1928.7,941.0,0.487893,1,p:1.3.5.1.3.2
U4630,185,FUSE0,304511.1,304511.1,306363.8,1852.7,1852.7,941.0,0.507907,1,p:2.1.4.2.1.1
U4631,185,FUSE0,304593.1,304593.1,306285.0,1691.9,1691.9,941.0,0.556179,1,p:1.2.1.1.2.2
U4632,185,FUSE1,304627.1,304627.1,306479.8,1852.7,1852.7,1003.0,0.541372,1,p:2.3.3.2.2.1
U4633,185,FUSE1,304709.1,304709.1,306521.8,1812.7,1812.7,1003.0,0.553318,1,p:1.1.2.1.1.2
U4634,185,FUSE1,304747.9,304747.9,306716.6,1968.7,1968.7,1003.0,0.509473,1,p:2.2.5.2.1.1
U4635,185,FUSE1,304825.1,304825.1,306637.8,1812.7,1812.7,1003.0,0.553318,1,p:1.3.4.1.2.2
U4636,185,FUSE1,304863.9,304863.9,306595.8,1731.9,1731.9,1003.0,0.579133,1,p:2.1.1.2.3.1
U4637,185,FUSE1,304945.9,304945.9,306753.8,1807.9,1807.9,1003.0,0.554787,1,p:1.2.3.1.3.2
U4638,185,FUSE1,304979.9,304979.9,306832.6,1852.7,1852.7,1003.0,0.541372,1,p:2.3.2.2.2.1
U4639,185,FUSE1,305061.9,305061.9,306874.6,1812.7,1812.7,1003.0,0.553318,1,p:1.1.5.1.1.2
U4640,185,FUSE2,305100.7,305100.7,306948.6,1847.9,1847.9,1035.4,0.560312,1,p:2.2.4.2.3.1
U4641,185,FUSE2,305177.9,305177.9,306990.6,1812.7,1812.7,1035.4,0.571192,1,p:1.3.1.1.2.2
U4642,185,FUSE2,305216.7,305216.7,307069.4,1852.7,1852.7,1035.4,0.55886,1,p:2.1.3.2.1.1
U4643,185,FUSE2,305298.7,305298.7,307106.6,1807.9,1807.9,1035.4,0.572709,1,p:1.2.2.1.3.2
U4644,185,FUSE2,305332.7,305332.7,307185.4,1852.7,1852.7,1035.4,0.55886,1,p:2.3.5.2.2.1
U4645,185,FUSE2,305414.7,305414.7,307227.4,1812.7,1812.7,1035.4,0.571192,1,p:1.1.4.1.1.2
U4646,185,FUSE2,305453.5,305453.5,307301.4,1847.9,1847.9,1035.4,0.560312,1,p:2.2.1.2.3.1
U4647,185,FUSE2,305530.7,305530.7,307343.4,1812.7,1812.7,1035.4,0.571192,1,p:1.3.3.1.2.2
U4648,185,FUSE2,305569.5,305569.5,307422.2,1852.7,1852.7,1035.4,0.55886,1,p:2.1.2.2.1.1
U3761,151,FUSE0,305651.5,305651.5,307459.4,1807.9,1807.9,941.0,0.520493,1,p:1.2.5.1.3.2
U3762,151,FUSE0,305685.5,305685.5,307538.2,1852.7,1852.7,941.0,0.507907,1,p:2.3.4.2.2.1
U3763,151,FUSE0,305767.5,305767.5,307580.2,1812.7,1812.7,941.0,0.519115,1,p:1.1.1.1.1.2
U3764,151,FUSE0,305847.5,305847.5,307654.2,1806.7,1806.7,941.0,0.520839,1,p:2.2.3.2.3.1
U3765,151,FUSE0,305883.5,305883.5,307696.2,1812.7,1812.7,941.0,0.519115,1,p:1.3.2.1.2.2
U3766,151,FUSE0,305963.5,305963.5,307775.0,1811.5,1811.5,941.0,0.519459,1,p:2.1.5.2.1.1
U3767,151,FUSE0,306042.3,306042.3,307812.2,1769.9,1769.9,941.0,0.531668,1,p:1.2.4.1.3.2
U3768,151,FUSE0,306079.5,306079.5,307891.0,1811.5,1811.5,941.0,0.519459,1,p:2.3.1.2.2.1
U3769,151,FUSE1,306158.3,306158.3,307933.0,1774.7,1774.7,1003.0,0.565166,1,p:1.1.3.1.1.2
U3770,151,FUSE1,306200.3,306200.3,308007.0,1806.7,1806.7,1003.0,0.555156,1,p:2.2.2.2.3.1
U3771,151,FUSE1,306274.3,306274.3,308049.0,1774.7,1774.7,1003.0,0.565166,1,p:1.3.5.1.2.2
U3772,151,FUSE1,306316.3,306316.3,308127.8,1811.5,1811.5,1003.0,0.553685,1,p:2.1.4.2.1.1
U3773,151,FUSE1,306395.1,306395.1,308165.0,1769.9,1769.9,1003.0,0.566699,1,p:1.2.1.1.3.2
U3774,151,FUSE1,306432.3,306432.3,308243.8,1811.5,1811.5,1003.0,0.553685,1,p:2.3.3.2.2.1
U3775,151,FUSE1,306511.1,306511.1,308285.8,1774.7,1774.7,1003.0,0.565166,1,p:1.1.2.1.1.2
U3776,151,FUSE1,306553.1,306553.1,308359.8,1806.7,1806.7,1003.0,0.555156,1,p:2.2.5.2.3.1
U3777,151,FUSE2,306627.1,306627.1,308401.8,1774.7,1774.7,1035.4,0.583423,1,p:1.3.4.1.2.2
U3778,151,FUSE2,306669.1,306669.1,308480.6,1811.5,1811.5,1035.4,0.571571,1,p:2.1.1.2.1.1
U3779,151,FUSE2,306747.9,306747.9,308517.8,1769.9,1769.9,1035.4,0.585005,1,p:1.2.3.1.3.2
U3780,151,FUSE2,306785.1,306785.1,308596.6,1811.5,1811.5,1035.4,0.571571,1,p:2.3.2.2.2.1
U3781,151,FUSE2,306863.9,306863.9,308638.6,1774.7,1774.7,1035.4,0.583423,1,p:1.1.5.1.1.2
U3782,151,FUSE2,306905.9,306905.9,308712.6,1806.7,1806.7,1035.4,0.573089,1,p:2.2.4.2.3.1
U3783,151,FUSE2,306979.9,306979.9,308754.6,1774.7,1774.7,1035.4,0.583423,1,p:1.3.1.1.2.2
U3784,151,FUSE2,307021.9,307021.9,308870.6,1848.7,1848.7,1035.4,0.560069,1,p:2.1.3.1.3.2
U3785,151,FUSE2,307100.7,307100.7,308833.4,1732.7,1732.7,1035.4,0.597564,1,p:1.2.2.2.1.1
U6099,244,FUSE0,307137.9,307137.9,308949.4,1811.5,1811.5,941.0,0.519459,1,p:2.3.5.2.2.1
U6100,244,FUSE0,307216.7,307216.7,308991.4,1774.7,1774.7,941.0,0.53023,1,p:1.1.4.1.1.2
U6101,244,FUSE0,307258.7,307258.7,309065.4,1806.7,1806.7,941.0,0.520839,1,p:2.2.1.2.3.1
U6102,244,FUSE0,307332.7,307332.7,309223.4,1890.7,1890.7,941.0,0.497699,1,p:1.3.5.1.3.2
U6103,244,FUSE0,307374.7,307374.7,309186.2,1811.5,1811.5,941.0,0.519459,1,p:2.1.3.2.1.1
U6104,244,FUSE0,307453.5,307453.5,309107.4,1653.9,1653.9,941.0,0.568958,1,p:1.2.2.1.2.2
U6105,244,FUSE0,307490.7,307490.7,309302.2,1811.5,1811.5,941.0,0.519459,1,p:2.3.4.2.2.1
U6106,244,FUSE0,307569.5,307569.5,309344.2,1774.7,1774.7,941.0,0.53023,1,p:1.1.1.1.1.2
U6107,244,FUSE0,307611.5,307611.5,309418.2,1806.7,1806.7,941.0,0.520839,1,p:2.2.5.2.3.1
U6108,244,FUSE1,307685.5,307685.5,309460.2,1774.7,1774.7,1003.0,0.565166,1,p:1.3.3.1.2.2
U6109,244,FUSE1,307727.5,307727.5,309539.0,1811.5,1811.5,1003.0,0.553685,1,p:2.1.2.2.1.1
U6110,244,FUSE1,307806.3,307806.3,309576.2,1769.9,1769.9,1003.0,0.566699,1,p:1.2.4.1.3.2
U6111,244,FUSE1,307843.5,307843.5,309655.0,1811.5,1811.5,1003.0,0.553685,1,p:2.3.1.2.2.1
U6112,244,FUSE1,307922.3,307922.3,309697.0,1774.7,1774.7,1003.0,0.565166,1,p:1.1.5.1.1.2
U6113,244,FUSE1,307964.3,307964.3,309771.0,1806.7,1806.7,1003.0,0.555156,1,p:2.2.3.2.3.1
U6114,244,FUSE1,308038.3,308038.3,309813.0,1774.7,1774.7,1003.0,0.565166,1,p:1.3.2.1.2.2
U6115,244,FUSE1,308080.3,308080.3,309891.8,1811.5,1811.5,1003.0,0.553685,1,p:2.1.4.2.1.1
U6116,244,FUSE1,308159.1,308159.1,309929.0,1769.9,1769.9,1003.0,0.566699,1,p:1.2.1.1.3.2
U6117,244,FUSE1,308196.3,308196.3,310007.8,1811.5,1811.5,1003.0,0.553685,1,p:2.3.5.2.2.1
U6118,244,FUSE2,308275.1,308275.1,310049.8,1774.7,1774.7,1035.4,0.583423,1,p:1.1.3.1.1.2
U6119,244,FUSE2,308317.1,308317.1,310123.8,1806.7,1806.7,1035.4,0.573089,1,p:2.2.2.2.3.1
U6120,244,FUSE2,308391.1,308391.1,310165.8,1774.7,1774.7,1035.4,0.583423,1,p:1.3.4.1.2.2
U6121,244,FUSE2,308433.1,308433.1,310244.6,1811.5,1811.5,1035.4,0.571571,1,p:2.1.1.2.1.1
U6122,244,FUSE2,308511.9,308511.9,310281.8,1769.9,1769.9,1035.4,0.585005,1,p:1.2.5.1.3.2
U6123,244,FUSE2,308549.1,308549.1,310360.6,1811.5,1811.5,1035.4,0.571571,1,p:2.3.3.2.2.1
U6124,244,FUSE2,308627.9,308627.9,310402.6,1774.7,1774.7,1035.4,0.583423,1,p:1.1.2.1.1.2
U6125,244,FUSE2,308669.9,308669.9,310476.6,1806.7,1806.7,1035.4,0.573089,1,p:2.2.4.2.3.1
U6126,244,FUSE2,308743.9,308743.9,310518.6,1774.7,1774.7,1035.4,0.583423,1,p:1.3.1.1.2.2
U6127,244,FUSE2,308785.9,308785.9,310726.2,1940.3,1940.3,1035.4,0.533629,1,p:2.1.5.2.2.1
U3813,153,FUSE0,308864.7,308864.7,310634.6,1769.9,1769.9,941.0,0.531668,1,p:1.2.3.1.3.2
U3814,153,FUSE0,308901.9,308901.9,310610.2,1708.3,1708.3,941.0,0.55084,1,p:2.3.2.2.1.1
U3815,153,FUSE0,308980.7,308980.7,310765.0,1784.3,1784.3,941.0,0.527378,1,p:1.1.4.1.1.2
U3816,153,FUSE0,309022.7,309022.7,310842.2,1819.5,1819.5,941.0,0.517175,1,p:2.2.1.2.3.1
U3817,153,FUSE0,309096.7,309096.7,310997.0,1900.3,1900.3,941.0,0.495185,1,p:1.3.5.1.3.2
U3818,153,FUSE0,309138.7,309138.7,310963.0,1824.3,1824.3,941.0,0.515814,1,p:2.1.3.2.1.1
U3819,153,FUSE0,309217.5,309217.5,310881.0,1663.5,1663.5,941.0,0.565675,1,p:1.2.2.1.2.2
U3820,153,FUSE0,309254.7,309254.7,311079.0,1824.3,1824.3,941.0,0.515814,1,p:2.3.4.2.2.1
U3821,153,FUSE1,309333.5,309333.5,311117.8,1784.3,1784.3,1003.0,0.562125,1,p:1.1.1.1.1.2
U3822,153,FUSE1,309375.5,309375.5,311315.8,1940.3,1940.3,1003.0,0.51693,1,p:2.2.5.2.1.1
U3823,153,FUSE1,309449.5,309449.5,311233.8,1784.3,1784.3,1003.0,0.562125,1,p:1.3.3.1.2.2
U3824,153,FUSE1,309491.5,309491.5,311195.0,1703.5,1703.5,1003.0,0.588788,1,p:2.1.2.2.3.1
U3825,153,FUSE1,309570.3,309570.3,311349.8,1779.5,1779.5,1003.0,0.563641,1,p:1.2.4.1.3.2
U3826,153,FUSE1,309607.5,309607.5,311431.8,1824.3,1824.3,1003.0,0.5498,1,p:2.3.1.2.2.1
U3827,153,FUSE1,309686.3,309686.3,311470.6,1784.3,1784.3,1003.0,0.562125,1,p:1.1.5.1.1.2
U3828,153,FUSE1,309728.3,309728.3,311547.8,1819.5,1819.5,1003.0,0.55125,1,p:2.2.3.2.3.1
U3829,153,FUSE2,309802.3,309802.3,311586.6,1784.3,1784.3,1035.4,0.580284,1,p:1.3.2.1.2.2
U3830,153,FUSE2,309844.3,309844.3,311668.6,1824.3,1824.3,1035.4,0.56756,1,p:2.1.4.2.1.1
U3831,153,FUSE2,309923.1,309923.1,311702.6,1779.5,1779.5,1035.4,0.581849,1,p:1.2.1.1.3.2
U3832,153,FUSE2,309960.3,309960.3,311823.4,1863.1,1863.1,1035.4,0.55574,1,p:2.3.5.2.1.2
U3833,153,FUSE2,310039.1,310039.1,311793.8,1754.7,1754.7,1035.4,0.590072,1,p:1.1.3.1.2.1
U3834,153,FUSE2,310081.1,310081.1,311948.6,1867.5,1867.5,1035.4,0.554431,1,p:2.2.2.2.2.2
U3835,153,FUSE2,310155.1,310155.1,312046.2,1891.1,1891.1,1035.4,0.547512,1,p:1.3.4.2.3.1
U6728,269,FUSE0,310197.1,310197.1,311909.8,1712.7,1712.7,941.0,0.549425,1,p:2.1.1.1.3.1
U6729,269,FUSE0,310275.9,310275.9,312064.6,1788.7,1788.7,941.0,0.52608,1,p:1.2.5.1.1.2
U6730,269,FUSE0,310313.1,310313.1,312223.8,1910.7,1910.7,941.0,0.49249,1,p:2.3.3.2.1.2
U6731,269,FUSE0,310391.9,310391.9,312162.2,1770.3,1770.3,941.0,0.531548,1,p:1.1.2.1.2.1
U6732,269,FUSE0,310433.9,310433.9,312339.8,1905.9,1905.9,941.0,0.49373,1,p:2.2.1.2.2.2
U6733,269,FUSE0,310507.9,310507.9,312278.2,1770.3,1770.3,941.0,0.531548,1,p:1.3.4.1.3.1
U6734,269,FUSE0,310549.9,310549.9,312455.8,1905.9,1905.9,941.0,0.49373,1,p:2.1.5.2.3.2
U6735,269,FUSE1,310641.5,310641.5,312421.8,1780.3,1780.3,1003.0,0.563388,1,p:1.2.3.1.1.1
U6736,269,FUSE1,310665.9,310665.9,312576.6,1910.7,1910.7,1003.0,0.524939,1,p:2.3.2.2.1.2
U6737,269,FUSE1,310757.5,310757.5,312537.8,1780.3,1780.3,1003.0,0.563388,1,p:1.1.1.1.2.1
U6738,269,FUSE1,310796.3,310796.3,312692.6,1896.3,1896.3,1003.0,0.528925,1,p:2.2.4.2.2.2
U6739,269,FUSE1,310873.5,310873.5,312653.8,1780.3,1780.3,1003.0,0.563388,1,p:1.3.5.1.3.1
U6740,269,FUSE1,310912.3,310912.3,312808.6,1896.3,1896.3,1003.0,0.528925,1,p:2.1.3.2.3.2
U6741,269,FUSE1,310994.3,310994.3,312774.6,1780.3,1780.3,1003.0,0.563388,1,p:1.2.2.1.1.1
U6742,269,FUSE2,311028.3,311028.3,312929.4,1901.1,1901.1,1035.4,0.544632,1,p:2.3.1.2.1.2
U6743,269,FUSE2,311110.3,311110.3,312890.6,1780.3,1780.3,1035.4,0.581587,1,p:1.1.4.1.2.1
U6744,269,FUSE2,311149.1,311149.1,313045.4,1896.3,1896.3,1035.4,0.546011,1,p:2.2.5.2.2.2
U6745,269,FUSE2,311226.3,311226.3,313006.6,1780.3,1780.3,1035.4,0.581587,1,p:1.3.3.1.3.1
U6746,269,FUSE2,311265.1,311265.1,313161.4,1896.3,1896.3,1035.4,0.546011,1,p:2.1.2.2.3.2
U6747,269,FUSE2,311347.1,311347.1,313127.4,1780.3,1780.3,1035.4,0.581587,1,p:1.2.1.1.1.1
U6748,269,FUSE2,311381.1,311381.1,313243.4,1862.3,1862.3,1035.4,0.555979,1,p:2.3.4.2.2.1
U6749,269,FUSE2,311463.1,311463.1,313282.2,1819.1,1819.1,1035.4,0.569183,1,p:1.1.5.1.1.2
U6750,269,FUSE2,311501.9,311501.9,313398.2,1896.3,1896.3,1035.4,0.546011,1,p:2.2.3.1.2.2
U2248,91,FUSE0,311579.1,311579.1,313359.4,1780.3,1780.3,941.0,0.528563,1,p:1.3.2.2.3.1
U2249,91,FUSE0,311617.9,311617.9,313477.0,1859.1,1859.1,941.0,0.506159,1,p:2.1.1.2.1.1
U2250,91,FUSE0,311699.9,311699.9,313514.2,1814.3,1814.3,941.0,0.518657,1,p:1.2.4.1.3.2
U2251,91,FUSE0,311733.9,311733.9,313593.0,1859.1,1859.1,941.0,0.506159,1,p:2.3.5.2.2.1
U2252,91,FUSE0,311825.1,311825.1,313631.8,1806.7,1806.7,941.0,0.520839,1,p:1.1.2.1.1.2
U2253,91,FUSE0,311854.7,311854.7,313709.0,1854.3,1854.3,941.0,0.507469,1,p:2.2.3.2.3.1
U2254,91,FUSE0,311941.1,311941.1,313747.8,1806.7,1806.7,941.0,0.520839,1,p:1.3.1.1.2.2
U2255,91,FUSE0,311979.9,311979.9,313826.6,1846.7,1846.7,941.0,0.509558,1,p:2.1.4.2.1.1
U2256,91,FUSE1,312077.5,312077.5,313863.8,1786.3,1786.3,1003.0,0.561496,1,p:1.2.5.1.3.2
U2257,91,FUSE1,312095.9,312095.9,313942.6,1846.7,1846.7,1003.0,0.543131,1,p:2.3.2.2.2.1
U2258,91,FUSE1,312193.5,312193.5,313981.4,1787.9,1787.9,1003.0,0.560993,1,p:1.1.3.1.1.2
U2259,91,FUSE1,312255.1,312255.1,314058.6,1803.5,1803.5,1003.0,0.556141,1,p:2.2.1.2.3.1
U2260,91,FUSE1,312309.5,312309.5,314097.4,1787.9,1787.9,1003.0,0.560993,1,p:1.3.4.1.2.2
U2261,91,FUSE1,312371.1,312371.1,314176.2,1805.1,1805.1,1003.0,0.555648,1,p:2.1.5.2.1.1
U2262,91,FUSE1,312453.1,312453.1,314213.4,1760.3,1760.3,1003.0,0.569789,1,p:1.2.2.1.3.2
U2263,91,FUSE1,312487.1,312487.1,314292.2,1805.1,1805.1,1003.0,0.555648,1,p:2.3.3.2.2.1
U2264,91,FUSE2,312569.1,312569.1,314331.0,1761.9,1761.9,1035.4,0.587661,1,p:1.1.1.1.1.2
U2265,91,FUSE2,312607.9,312607.9,314408.2,1800.3,1800.3,1035.4,0.575126,1,p:2.2.4.2.3.1
U2266,91,FUSE2,312685.1,312685.1,314447.0,1761.9,1761.9,1035.4,0.587661,1,p:1.3.5.1.2.2
U2267,91,FUSE2,312723.9,312723.9,314525.8,1801.9,1801.9,1035.4,0.574616,1,p:2.1.2.2.1.1
U2268,91,FUSE2,312805.9,312805.9,314563.0,1757.1,1757.1,1035.4,0.589266,1,p:1.2.3.1.3.2
U2269,91,FUSE2,312839.9,312839.9,314641.8,1801.9,1801.9,1035.4,0.574616,1,p:2.3.1.2.2.1
U2270,91,FUSE2,312921.9,312921.9,314692.6,1770.7,1770.7,1035.4,0.58474,1,p:1.1.4.1.1.2
U2271,91,FUSE2,312960.7,312960.7,314924.6,1963.9,1963.9,1035.4,0.527216,1,p:2.2.5.1.3.2
U7234,289,FUSE0,313037.9,313037.9,314757.8,1719.9,1719.9,941.0,0.547125,1,p:1.3.2.2.3.1
U7235,289,FUSE0,313076.7,313076.7,314887.4,1810.7,1810.7,941.0,0.519689,1,p:2.1.3.2.1.1
U7236,289,FUSE0,313158.7,313158.7,314808.6,1649.9,1649.9,941.0,0.570338,1,p:1.2.1.1.2.2
U7237,289,FUSE0,313192.7,313192.7,315003.4,1810.7,1810.7,941.0,0.519689,1,p:2.3.4.2.2.1
U7238,289,FUSE0,313274.7,313274.7,315045.4,1770.7,1770.7,941.0,0.531428,1,p:1.1.2.1.1.2
U7239,289,FUSE0,313313.5,313313.5,315119.4,1805.9,1805.9,941.0,0.52107,1,p:2.2.5.2.3.1
U7240,289,FUSE1,313390.7,313390.7,315161.4,1770.7,1770.7,1003.0,0.566443,1,p:1.3.3.1.2.2
U7241,289,FUSE1,313429.5,313429.5,315240.2,1810.7,1810.7,1003.0,0.553929,1,p:2.1.1.2.1.1
U7242,289,FUSE1,313508.3,313508.3,315277.4,1769.1,1769.1,1003.0,0.566955,1,p:1.2.4.1.3.2
U7243,289,FUSE1,313545.5,313545.5,315356.2,1810.7,1810.7,1003.0,0.553929,1,p:2.3.2.2.2.1
U7244,289,FUSE1,313624.3,313624.3,315398.2,1773.9,1773.9,1003.0,0.565421,1,p:1.1.5.1.1.2
U7245,289,FUSE1,313663.1,313663.1,315472.2,1809.1,1809.1,1003.0,0.554419,1,p:2.2.3.2.3.1
U7246,289,FUSE2,313740.3,313740.3,315514.2,1773.9,1773.9,1035.4,0.583686,1,p:1.3.1.1.2.2
U7247,289,FUSE2,313779.1,313779.1,315593.0,1813.9,1813.9,1035.4,0.570814,1,p:2.1.4.2.1.1
U7248,289,FUSE2,313857.9,313857.9,315630.2,1772.3,1772.3,1035.4,0.584213,1,p:1.2.2.1.3.2
U7249,289,FUSE2,313895.1,313895.1,315709.0,1813.9,1813.9,1035.4,0.570814,1,p:2.3.5.2.2.1
U7250,289,FUSE2,313973.9,313973.9,315751.0,1777.1,1777.1,1035.4,0.582635,1,p:1.1.3.1.1.2
U7251,289,FUSE2,314012.7,314012.7,315825.0,1812.3,1812.3,1035.4,0.571318,1,p:2.2.1.2.3.1
U7252,289,FUSE2,314089.9,314089.9,315867.0,1777.1,1777.1,1035.4,0.582635,1,p:1.3.4.1.2.2
U5130,205,FUSE0,314128.7,314128.7,315945.8,1817.1,1817.1,941.0,0.517858,1,p:2.1.2.2.1.1
U5131,205,FUSE0,314207.5,314207.5,315983.0,1775.5,1775.5,941.0,0.529992,1,p:1.2.5.1.3.2
U5132,205,FUSE0,314244.7,314244.7,316061.8,1817.1,1817.1,941.0,0.517858,1,p:2.3.3.2.2.1
U5133,205,FUSE0,314323.5,314323.5,316103.8,1780.3,1780.3,941.0,0.528563,1,p:1.1.1.1.1.2
U5134,205,FUSE0,314362.3,314362.3,316177.8,1815.5,1815.5,941.0,0.518315,1,p:2.2.4.2.3.1
U5135,205,FUSE0,314439.5,314439.5,316219.8,1780.3,1780.3,941.0,0.528563,1,p:1.3.2.1.2.2
U5136,205,FUSE0,314478.3,314478.3,316298.6,1820.3,1820.3,941.0,0.516948,1,p:2.1.5.2.1.1
U5137,205,FUSE1,314557.1,314557.1,316335.8,1778.7,1778.7,1003.0,0.563895,1,p:1.2.3.1.3.2
U5138,205,FUSE1,314594.3,314594.3,316414.6,1820.3,1820.3,1003.0,0.551008,1,p:2.3.1.2.2.1
U5139,205,FUSE1,314673.1,314673.1,316456.6,1783.5,1783.5,1003.0,0.562377,1,p:1.1.4.1.1.2
U5140,205,FUSE1,314723.9,314723.9,316530.6,1806.7,1806.7,1003.0,0.555156,1,p:2.2.2.2.3.1
U5141,205,FUSE1,314789.1,314789.1,316572.6,1783.5,1783.5,1003.0,0.562377,1,p:1.3.5.1.2.2
U5142,205,FUSE1,314839.9,314839.9,316651.4,1811.5,1811.5,1003.0,0.553685,1,p:2.1.3.2.1.1
U5143,205,FUSE1,314918.7,314918.7,316688.6,1769.9,1769.9,1003.0,0.566699,1,p:1.2.1.1.3.2
U5144,205,FUSE2,314955.9,314955.9,316767.4,1811.5,1811.5,1035.4,0.571571,1,p:2.3.4.2.2.1
U5145,205,FUSE2,315034.7,315034.7,316809.4,1774.7,1774.7,1035.4,0.583423,1,p:1.1.2.1.1.2
U5146,205,FUSE2,315076.7,315076.7,316883.4,1806.7,1806.7,1035.4,0.573089,1,p:2.2.5.2.3.1
U5147,205,FUSE2,315150.7,315150.7,316925.4,1774.7,1774.7,1035.4,0.583423,1,p:1.3.3.1.2.2
U5148,205,FUSE2,315192.7,315192.7,317004.2,1811.5,1811.5,1035.4,0.571571,1,p:2.1.1.2.1.1
U5149,205,FUSE2,315271.5,315271.5,317120.2,1848.7,1848.7,1035.4,0.560069,1,p:1.2.4.2.2.1
U5150,205,FUSE2,315308.7,315308.7,317041.4,1732.7,1732.7,1035.4,0.597564,1,p:2.3.2.1.3.2
U3229,130,FUSE0,315387.5,315387.5,317162.2,1774.7,1774.7,941.0,0.53023,1,p:1.1.5.1.1.2
U3230,130,FUSE0,315429.5,315429.5,317236.2,1806.7,1806.7,941.0,0.520839,1,p:2.2.3.2.3.1
U3231,130,FUSE0,315503.5,315503.5,317278.2,1774.7,1774.7,941.0,0.53023,1,p:1.3.1.1.2.2
U3232,130,FUSE0,315545.5,315545.5,317473.0,1927.5,1927.5,941.0,0.488197,1,p:2.1.5.2.2.1
U3233,130,FUSE0,315624.3,315624.3,317394.2,1769.9,1769.9,941.0,0.531668,1,p:1.2.4.1.3.2
U3234,130,FUSE0,315661.5,315661.5,317357.0,1695.5,1695.5,941.0,0.554999,1,p:2.3.2.2.1.1
U3235,130,FUSE0,315740.3,315740.3,317515.0,1774.7,1774.7,941.0,0.53023,1,p:1.1.3.1.1.2
U3236,130,FUSE1,315782.3,315782.3,317589.0,1806.7,1806.7,1003.0,0.555156,1,p:2.2.1.2.3.1
U3237,130,FUSE1,315856.3,315856.3,317747.0,1890.7,1890.7,1003.0,0.530491,1,p:1.3.5.1.3.2
U3238,130,FUSE1,315898.3,315898.3,317709.8,1811.5,1811.5,1003.0,0.553685,1,p:2.1.4.2.1.1
U3239,130,FUSE1,315977.1,315977.1,317631.0,1653.9,1653.9,1003.0,0.606445,1,p:1.2.2.1.2.2
U3240,130,FUSE1,316014.3,316014.3,317825.8,1811.5,1811.5,1003.0,0.553685,1,p:2.3.3.2.2.1
U3241,130,FUSE1,316093.1,316093.1,317867.8,1774.7,1774.7,1003.0,0.565166,1,p:1.1.1.1.1.2
U3242,130,FUSE1,316135.1,316135.1,317941.8,1806.7,1806.7,1003.0,0.555156,1,p:2.2.5.2.3.1
U3243,130,FUSE1,316209.1,316209.1,317983.8,1774.7,1774.7,1003.0,0.565166,1,p:1.3.4.1.2.2
U3244,130,FUSE2,316251.1,316251.1,318062.6,1811.5,1811.5,1035.4,0.571571,1,p:2.1.2.2.1.1
U3245,130,FUSE2,316329.9,316329.9,318099.8,1769.9,1769.9,1035.4,0.585005,1,p:1.2.3.1.3.2
U3246,130,FUSE2,316367.1,316367.1,318178.6,1811.5,1811.5,1035.4,0.571571,1,p:2.3.1.2.2.1
U3247,130,FUSE2,316445.9,316445.9,318215.8,1769.9,1769.9,1035.4,0.585005,1,p:1.1.5.1.3.2
U3248,130,FUSE2,316487.9,316487.9,318294.6,1806.7,1806.7,1035.4,0.573089,1,p:2.2.4.2.1.1
U3249,130,FUSE2,316561.9,316561.9,318331.8,1769.9,1769.9,1035.4,0.585005,1,p:1.3.2.1.2.2
U3250,130,FUSE2,316603.9,316603.9,318410.6,1806.7,1806.7,1035.4,0.573089,1,p:2.1.3.2.3.1
U3251,130,FUSE2,316682.7,316682.7,318526.6,1843.9,1843.9,1035.4,0.561527,1,p:1.2.1.2.2.1
U3786,152,FUSE0,316719.9,316719.9,318493.4,1773.5,1773.5,941.0,0.530589,1,p:2.3.5.1.1.2
U3787,152,FUSE0,316798.7,316798.7,318688.2,1889.5,1889.5,941.0,0.498015,1,p:1.1.4.2.1.1
U3788,152,FUSE0,316840.7,316840.7,318609.4,1768.7,1768.7,941.0,0.532029,1,p:2.2.2.1.3.2
U3789,152,FUSE0,316914.7,316914.7,318725.4,1810.7,1810.7,941.0,0.519689,1,p:1.3.3.1.2.2
U3790,152,FUSE0,316956.7,316956.7,318804.2,1847.5,1847.5,941.0,0.509337,1,p:2.1.5.2.3.1
U3791,152,FUSE0,317035.5,317035.5,318962.2,1926.7,1926.7,941.0,0.4884,1,p:1.2.4.1.3.2
U3792,152,FUSE0,317072.7,317072.7,318920.2,1847.5,1847.5,941.0,0.509337,1,p:2.3.2.2.2.1
U3793,152,FUSE0,317151.5,317151.5,318846.2,1694.7,1694.7,941.0,0.555261,1,p:1.1.1.1.1.2
U3794,152,FUSE0,317193.5,317193.5,319041.0,1847.5,1847.5,941.0,0.509337,1,p:2.2.3.2.1.1
U3795,152,FUSE1,317267.5,317267.5,319078.2,1810.7,1810.7,1003.0,0.553929,1,p:1.3.5.1.2.2
U3796,152,FUSE1,317309.5,317309.5,319273.0,1963.5,1963.5,1003.0,0.510823,1,p:2.1.4.2.2.1
U3797,152,FUSE1,317388.3,317388.3,319199.0,1810.7,1810.7,1003.0,0.553929,1,p:1.2.2.1.1.2
U3798,152,FUSE1,317425.5,317425.5,319157.0,1731.5,1731.5,1003.0,0.579267,1,p:2.3.1.2.3.1
U3799,152,FUSE1,317504.3,317504.3,319315.0,1810.7,1810.7,1003.0,0.553929,1,p:1.1.3.1.3.2
U3800,152,FUSE1,317546.3,317546.3,319393.8,1847.5,1847.5,1003.0,0.542896,1,p:2.2.5.2.1.1
U3801,152,FUSE1,317620.3,317620.3,319551.8,1931.5,1931.5,1003.0,0.519286,1,p:1.3.4.1.1.2
U3802,152,FUSE1,317662.3,317662.3,319509.8,1847.5,1847.5,1003.0,0.542896,1,p:2.1.2.2.3.1
U3803,152,FUSE1,317741.1,317741.1,319431.0,1689.9,1689.9,1003.0,0.593526,1,p:1.2.1.1.2.2
U3804,152,FUSE2,317778.3,317778.3,319625.8,1847.5,1847.5,1035.4,0.560433,1,p:2.3.3.2.2.1
U3805,152,FUSE2,317857.1,317857.1,319667.8,1810.7,1810.7,1035.4,0.571823,1,p:1.1.5.1.3.2
U3806,152,FUSE2,317899.1,317899.1,319862.6,1963.5,1963.5,1035.4,0.527324,1,p:2.2.4.2.3.1
U3807,152,FUSE2,317973.1,317973.1,319783.8,1810.7,1810.7,1035.4,0.571823,1,p:1.3.2.1.2.2
U3808,152,FUSE2,318015.1,318015.1,319746.6,1731.5,1731.5,1035.4,0.597979,1,p:2.1.1.2.1.1
U3809,152,FUSE2,318093.9,318093.9,319921.4,1827.5,1827.5,1035.4,0.566566,1,p:1.2.3.1.1.2
U3810,152,FUSE2,318131.1,318131.1,320037.4,1906.3,1906.3,1035.4,0.543146,1,p:2.3.5.1.3.2
U3811,152,FUSE2,318209.9,318209.9,320116.2,1906.3,1906.3,1035.4,0.543146,1,p:1.1.4.2.1.1
U3812,152,FUSE2,318247.1,318247.1,320153.4,1906.3,1906.3,1035.4,0.543146,1,p:2.2.2.1.2.2
U2594,105,FUSE0,318325.9,318325.9,319978.6,1652.7,1652.7,941.0,0.569371,1,p:1.3.1.2.2.1
U2595,105,FUSE0,318363.1,318363.1,320232.2,1869.1,1869.1,941.0,0.503451,1,p:2.1.3.2.3.1
U2596,105,FUSE0,318441.9,318441.9,320274.2,1832.3,1832.3,941.0,0.513562,1,p:1.2.1.1.1.2
U2597,105,FUSE0,318524.7,318524.7,320348.2,1823.5,1823.5,941.0,0.516041,1,p:2.1.5.2.2.1
U2598,105,FUSE0,318557.9,318557.9,320390.2,1832.3,1832.3,941.0,0.513562,1,p:1.3.4.1.3.2
U2599,105,FUSE0,318640.7,318640.7,320469.0,1828.3,1828.3,941.0,0.514686,1,p:2.2.2.2.1.1
U2600,105,FUSE0,318719.5,318719.5,320506.2,1786.7,1786.7,941.0,0.526669,1,p:1.1.3.1.2.2
U2601,105,FUSE0,318756.7,318756.7,320585.0,1828.3,1828.3,941.0,0.514686,1,p:2.3.1.2.3.1
U2602,105,FUSE0,318835.5,318835.5,320627.0,1791.5,1791.5,941.0,0.525258,1,p:1.2.5.1.1.2
U2603,105,FUSE1,318877.5,318877.5,320701.0,1823.5,1823.5,1003.0,0.550041,1,p:2.1.4.2.2.1
U2604,105,FUSE1,318951.5,318951.5,320743.0,1791.5,1791.5,1003.0,0.559866,1,p:1.3.2.1.3.2
U2605,105,FUSE1,318993.5,318993.5,320821.8,1828.3,1828.3,1003.0,0.548597,1,p:2.2.3.2.1.1
U2606,105,FUSE1,319072.3,319072.3,320859.0,1786.7,1786.7,1003.0,0.56137,1,p:1.1.1.1.2.2
U2607,105,FUSE1,319109.5,319109.5,320937.8,1828.3,1828.3,1003.0,0.548597,1,p:2.3.5.2.3.1
U2608,105,FUSE1,319188.3,319188.3,320979.8,1791.5,1791.5,1003.0,0.559866,1,p:1.2.4.1.1.2
U2609,105,FUSE1,319230.3,319230.3,321053.8,1823.5,1823.5,1003.0,0.550041,1,p:2.1.2.2.2.1
U2610,105,FUSE1,319304.3,319304.3,321095.8,1791.5,1791.5,1003.0,0.559866,1,p:1.3.3.1.3.2
U2611,105,FUSE1,319346.3,319346.3,321174.6,1828.3,1828.3,1003.0,0.548597,1,p:2.2.1.2.1.1
U2612,105,FUSE1,319425.1,319425.1,321211.8,1786.7,1786.7,1003.0,0.56137,1,p:1.1.5.1.2.2
U2613,105,FUSE2,319462.3,319462.3,321290.6,1828.3,1828.3,1035.4,0.566318,1,p:2.3.4.2.3.1
U2614,105,FUSE2,319541.1,319541.1,321332.6,1791.5,1791.5,1035.4,0.577951,1,p:1.2.2.1.1.2
U2615,105,FUSE2,319583.1,319583.1,321406.6,1823.5,1823.5,1035.4,0.567809,1,p:2.1.3.2.2.1
U2616,105,FUSE2,319657.1,319657.1,321448.6,1791.5,1791.5,1035.4,0.577951,1,p:1.3.1.1.3.2
U2617,105,FUSE2,319699.1,319699.1,321527.4,1828.3,1828.3,1035.4,0.566318,1,p:2.2.5.2.1.1
U2618,105,FUSE2,319777.9,319777.9,321564.6,1786.7,1786.7,1035.4,0.579504,1,p:1.1.4.1.2.2
U2619,105,FUSE2,319815.1,319815.1,321643.4,1828.3,1828.3,1035.4,0.566318,1,p:2.3.2.2.3.1
U2620,105,FUSE2,319893.9,319893.9,321685.4,1791.5,1791.5,1035.4,0.577951,1,p:1.2.3.1.1.2
U2621,105,FUSE2,319952.7,319952.7,321759.4,1806.7,1806.7,1035.4,0.573089,1,p:2.1.1.2.2.1
U2622,105,FUSE2,320009.9,320009.9,321801.4,1791.5,1791.5,1035.4,0.577951,1,p:1.3.5.1.3.2
U8459,338,FUSE0,320068.7,320068.7,321880.2,1811.5,1811.5,941.0,0.519459,1,p:2.2.4.2.1.1
U8460,338,FUSE0,320147.5,320147.5,321917.4,1769.9,1769.9,941.0,0.531668,1,p:1.1.2.1.2.2
U8461,338,FUSE0,320184.7,320184.7,321996.2,1811.5,1811.5,941.0,0.519459,1,p:2.3.3.2.3.1
U8462,338,FUSE0,320263.5,320263.5,322038.2,1774.7,1774.7,941.0,0.53023,1,p:1.2.1.1.1.2
U8463,338,FUSE0,320305.5,320305.5,322112.2,1806.7,1806.7,941.0,0.520839,1,p:2.1.5.2.2.1
U8464,338,FUSE0,320379.5,320379.5,322154.2,1774.7,1774.7,941.0,0.53023,1,p:1.3.4.1.3.2
U8465,338,FUSE0,320421.5,320421.5,322233.0,1811.5,1811.5,941.0,0.519459,1,p:2.2.2.2.1.1
U8466,338,FUSE1,320500.3,320500.3,322270.2,1769.9,1769.9,1003.0,0.566699,1,p:1.1.3.1.2.2
U8467,338,FUSE1,320537.5,320537.5,322349.0,1811.5,1811.5,1003.0,0.553685,1,p:2.3.1.2.3.1
U8468,338,FUSE1,320616.3,320616.3,322391.0,1774.7,1774.7,1003.0,0.565166,1,p:1.2.5.1.1.2
U8469,338,FUSE1,320658.3,320658.3,322465.0,1806.7,1806.7,1003.0,0.555156,1,p:2.1.4.2.2.1
U8470,338,FUSE1,320732.3,320732.3,322507.0,1774.7,1774.7,1003.0,0.565166,1,p:1.3.2.1.3.2
U8471,338,FUSE1,320774.3,320774.3,322585.8,1811.5,1811.5,1003.0,0.553685,1,p:2.2.3.2.1.1
U8472,338,FUSE1,320853.1,320853.1,322623.0,1769.9,1769.9,1003.0,0.566699,1,p:1.1.1.1.2.2
U8473,338,FUSE2,320890.3,320890.3,322701.8,1811.5,1811.5,1035.4,0.571571,1,p:2.3.5.2.3.1
U8474,338,FUSE2,320969.1,320969.1,322743.8,1774.7,1774.7,1035.4,0.583423,1,p:1.2.4.1.1.2
U8475,338,FUSE2,321011.1,321011.1,322817.8,1806.7,1806.7,1035.4,0.573089,1,p:2.1.2.2.2.1
U8476,338,FUSE2,321085.1,321085.1,322859.8,1774.7,1774.7,1035.4,0.583423,1,p:1.3.3.1.3.2
U8477,338,FUSE2,321127.1,321127.1,322941.0,1813.9,1813.9,1035.4,0.570814,1,p:2.2.1.2.1.1
U8478,338,FUSE2,321205.9,321205.9,323057.0,1851.1,1851.1,1035.4,0.559343,1,p:1.1.5.2.3.1
U8479,338,FUSE2,321243.1,321243.1,323096.6,1853.5,1853.5,1035.4,0.558619,1,p:2.3.4.1.1.2
U5408,216,FUSE0,321321.9,321321.9,322975.8,1653.9,1653.9,941.0,0.568958,1,p:1.2.2.1.2.2
U5409,216,FUSE0,321363.9,321363.9,323173.0,1809.1,1809.1,941.0,0.520148,1,p:2.1.3.2.2.1
U5410,216,FUSE0,321437.9,321437.9,323212.6,1774.7,1774.7,941.0,0.53023,1,p:1.3.1.1.3.2
U5411,216,FUSE0,321479.9,321479.9,323293.8,1813.9,1813.9,941.0,0.518772,1,p:2.2.2.2.1.1
U5412,216,FUSE0,321558.7,321558.7,323328.6,1769.9,1769.9,941.0,0.531668,1,p:1.1.5.1.2.2
U5413,216,FUSE0,321595.9,321595.9,323409.8,1813.9,1813.9,941.0,0.518772,1,p:2.3.4.2.3.1
U5414,216,FUSE0,321674.7,321674.7,323449.4,1774.7,1774.7,941.0,0.53023,1,p:1.2.3.1.1.2
U5415,216,FUSE0,321716.7,321716.7,323525.8,1809.1,1809.1,941.0,0.520148,1,p:2.1.1.2.2.1
U5416,216,FUSE1,321790.7,321790.7,323565.4,1774.7,1774.7,1003.0,0.565166,1,p:1.3.2.1.3.2
U5417,216,FUSE1,321832.7,321832.7,323646.6,1813.9,1813.9,1003.0,0.552952,1,p:2.2.5.2.1.1
U5418,216,FUSE1,321911.5,321911.5,323681.4,1769.9,1769.9,1003.0,0.566699,1,p:1.1.4.1.2.2
U5419,216,FUSE1,321948.7,321948.7,323762.6,1813.9,1813.9,1003.0,0.552952,1,p:2.3.3.2.3.1
U5420,216,FUSE1,322027.5,322027.5,323802.2,1774.7,1774.7,1003.0,0.565166,1,p:1.2.1.1.1.2
U5421,216,FUSE1,322069.5,322069.5,323878.6,1809.1,1809.1,1003.0,0.554419,1,p:2.1.2.2.2.1
U5422,216,FUSE1,322143.5,322143.5,323918.2,1774.7,1774.7,1003.0,0.565166,1,p:1.3.5.1.3.2
U5423,216,FUSE1,322185.5,322185.5,323999.4,1813.9,1813.9,1003.0,0.552952,1,p:2.2.4.2.1.1
U5424,216,FUSE2,322264.3,322264.3,324034.2,1769.9,1769.9,1035.4,0.585005,1,p:1.1.3.1.2.2
U5425,216,FUSE2,322301.5,322301.5,324115.4,1813.9,1813.9,1035.4,0.570814,1,p:2.3.1.2.3.1
U5426,216,FUSE2,322380.3,322380.3,324155.0,1774.7,1774.7,1035.4,0.583423,1,p:1.2.2.1.1.2
U5427,216,FUSE2,322422.3,322422.3,324231.4,1809.1,1809.1,1035.4,0.572329,1,p:2.1.5.2.2.1
U5428,216,FUSE2,322496.3,322496.3,324271.0,1774.7,1774.7,1035.4,0.583423,1,p:1.3.4.1.3.2
U5429,216,FUSE2,322538.3,322538.3,324354.2,1815.9,1815.9,1035.4,0.570186,1,p:2.2.3.2.1.1
U5430,216,FUSE2,322617.1,322617.1,324387.0,1769.9,1769.9,1035.4,0.585005,1,p:1.1.1.1.2.2
U5431,216,FUSE2,322654.3,322654.3,324586.2,1931.9,1931.9,1035.4,0.535949,1,p:2.3.2.2.2.1
U7303,292,FUSE0,322733.1,322733.1,324470.2,1737.1,1737.1,941.0,0.541707,1,p:1.2.5.2.3.1
U7304,292,FUSE0,322775.1,322775.1,324509.0,1733.9,1733.9,941.0,0.542707,1,p:2.1.4.1.1.2
U7305,292,FUSE0,322849.1,322849.1,324625.0,1775.9,1775.9,941.0,0.529872,1,p:1.3.3.1.3.2
U7306,292,FUSE0,322891.1,322891.1,324715.4,1824.3,1824.3,941.0,0.515814,1,p:2.2.1.2.1.1
U7307,292,FUSE0,322972.3,322972.3,324741.0,1768.7,1768.7,941.0,0.532029,1,p:1.1.5.1.2.2
U7308,292,FUSE0,323007.1,323007.1,324831.4,1824.3,1824.3,941.0,0.515814,1,p:2.3.4.2.3.1
U7309,292,FUSE0,323088.3,323088.3,324870.2,1781.9,1781.9,941.0,0.528088,1,p:1.2.2.1.1.2
U7310,292,FUSE0,323127.9,323127.9,324947.4,1819.5,1819.5,941.0,0.517175,1,p:2.1.3.2.2.1
U7311,292,FUSE1,323204.3,323204.3,324986.2,1781.9,1781.9,1003.0,0.562882,1,p:1.3.1.1.3.2
U7312,292,FUSE1,323243.9,323243.9,325068.2,1824.3,1824.3,1003.0,0.5498,1,p:2.2.5.2.1.1
U7313,292,FUSE1,323325.1,323325.1,325102.2,1777.1,1777.1,1003.0,0.564403,1,p:1.1.4.1.2.2
U7314,292,FUSE1,323359.9,323359.9,325184.2,1824.3,1824.3,1003.0,0.5498,1,p:2.3.2.2.3.1
U7315,292,FUSE1,323441.1,323441.1,325223.0,1781.9,1781.9,1003.0,0.562882,1,p:1.2.3.1.1.2
U7316,292,FUSE1,323480.7,323480.7,325300.2,1819.5,1819.5,1003.0,0.55125,1,p:2.1.1.2.2.1
U7317,292,FUSE1,323557.1,323557.1,325339.0,1781.9,1781.9,1003.0,0.562882,1,p:1.3.5.1.3.2
U7318,292,FUSE1,323596.7,323596.7,325421.0,1824.3,1824.3,1003.0,0.5498,1,p:2.2.4.2.1.1
U7319,292,FUSE2,323677.9,323677.9,325455.0,1777.1,1777.1,1035.4,0.582635,1,p:1.1.2.1.2.2
U7320,292,FUSE2,323712.7,323712.7,325537.0,1824.3,1824.3,1035.4,0.56756,1,p:2.3.3.2.3.1
U7321,292,FUSE2,323793.9,323793.9,325575.8,1781.9,1781.9,1035.4,0.581065,1,p:1.2.1.1.1.2
U7322,292,FUSE2,323833.5,323833.5,325653.0,1819.5,1819.5,1035.4,0.569057,1,p:2.1.5.2.2.1
U7323,292,FUSE2,323909.9,323909.9,325691.8,1781.9,1781.9,1035.4,0.581065,1,p:1.3.4.1.3.2
U7324,292,FUSE2,323949.5,323949.5,325790.6,1841.1,1841.1,1035.4,0.562381,1,p:2.2.2.2.1.1
U7325,292,FUSE2,324030.7,324030.7,325807.8,1777.1,1777.1,1035.4,0.582635,1,p:1.1.3.1.2.2
U7724,309,FUSE0,324065.5,324065.5,325906.6,1841.1,1841.1,941.0,0.511107,1,p:2.3.1.2.3.1
U7725,309,FUSE0,324146.7,324146.7,325945.4,1798.7,1798.7,941.0,0.523156,1,p:1.2.5.1.1.2
U7726,309,FUSE0,324186.3,324186.3,326022.6,1836.3,1836.3,941.0,0.512444,1,p:2.1.4.2.2.1
U7727,309,FUSE0,324262.7,324262.7,326061.4,1798.7,1798.7,941.0,0.523156,1,p:1.3.2.1.3.2
U7728,309,FUSE0,324302.3,324302.3,326143.4,1841.1,1841.1,941.0,0.511107,1,p:2.2.3.2.1.1
U7729,309,FUSE0,324385.5,324385.5,326177.4,1791.9,1791.9,941.0,0.525141,1,p:1.1.1.1.2.2
U7730,309,FUSE0,324418.3,324418.3,326259.4,1841.1,1841.1,941.0,0.511107,1,p:2.3.5.2.3.1
U7731,309,FUSE0,324501.5,324501.5,326298.2,1796.7,1796.7,941.0,0.523738,1,p:1.2.4.1.1.2
U7732,309,FUSE0,324540.3,324540.3,326375.4,1835.1,1835.1,941.0,0.512779,1,p:2.1.2.2.2.1
U7733,309,FUSE1,324617.5,324617.5,326414.2,1796.7,1796.7,1003.0,0.558246,1,p:1.3.3.1.3.2
U7734,309,FUSE1,324656.3,324656.3,326496.2,1839.9,1839.9,1003.0,0.545138,1,p:2.2.1.2.1.1
U7735,309,FUSE1,324746.7,324746.7,326530.2,1783.5,1783.5,1003.0,0.562377,1,p:1.1.5.1.2.2
U7736,309,FUSE1,324772.3,324772.3,326612.2,1839.9,1839.9,1003.0,0.545138,1,p:2.3.4.2.3.1
U7737,309,FUSE1,324862.7,324862.7,326651.0,1788.3,1788.3,1003.0,0.560868,1,p:1.2.2.1.1.2
U7738,309,FUSE1,324901.5,324901.5,326728.2,1826.7,1826.7,1003.0,0.549078,1,p:2.1.3.2.2.1
U7739,309,FUSE1,324978.7,324978.7,326767.0,1788.3,1788.3,1003.0,0.560868,1,p:1.3.1.1.3.2
U7740,309,FUSE1,325017.5,325017.5,326849.0,1831.5,1831.5,1003.0,0.547639,1,p:2.2.5.2.1.1
U7741,309,FUSE1,325099.5,325099.5,326883.0,1783.5,1783.5,1003.0,0.562377,1,p:1.1.4.1.2.2
U7742,309,FUSE2,325133.5,325133.5,326965.0,1831.5,1831.5,1035.4,0.565329,1,p:2.3.2.2.3.1
U7743,309,FUSE2,325215.5,325215.5,327003.8,1788.3,1788.3,1035.4,0.578986,1,p:1.2.3.1.1.2
U7744,309,FUSE2,325254.3,325254.3,327081.0,1826.7,1826.7,1035.4,0.566814,1,p:2.1.1.2.2.1
U7745,309,FUSE2,325331.5,325331.5,327119.8,1788.3,1788.3,1035.4,0.578986,1,p:1.3.5.1.3.2
U7746,309,FUSE2,325370.3,325370.3,327201.8,1831.5,1831.5,1035.4,0.565329,1,p:2.2.4.2.1.1
U7747,309,FUSE2,325452.3,325452.3,327235.8,1783.5,1783.5,1035.4,0.580544,1,p:1.1.2.1.2.2
U7748,309,FUSE2,325486.3,325486.3,327317.8,1831.5,1831.5,1035.4,0.565329,1,p:2.3.3.2.3.1
U7749,309,FUSE2,325568.3,325568.3,327356.6,1788.3,1788.3,1035.4,0.578986,1,p:1.2.1.1.1.2
U6776,271,FUSE0,325607.1,325607.1,327472.6,1865.5,1865.5,941.0,0.504422,1,p:2.1.5.1.3.2
U6777,271,FUSE0,325684.3,325684.3,327433.8,1749.5,1749.5,941.0,0.537868,1,p:1.3.4.2.2.1
U6778,271,FUSE0,325723.1,325723.1,327554.6,1831.5,1831.5,941.0,0.513787,1,p:2.2.2.2.1.1
U6779,271,FUSE0,325821.9,325821.9,327588.6,1766.7,1766.7,941.0,0.532631,1,p:1.1.3.1.2.2
U6780,271,FUSE0,325839.1,325839.1,327786.6,1947.5,1947.5,941.0,0.483184,1,p:2.3.5.2.2.1
U6781,271,FUSE0,325937.9,325937.9,327709.4,1771.5,1771.5,941.0,0.531188,1,p:1.2.4.1.1.2
U6782,271,FUSE0,325976.7,325976.7,327670.6,1693.9,1693.9,941.0,0.555523,1,p:2.1.1.2.3.1
U6783,271,FUSE0,326053.9,326053.9,327825.4,1771.5,1771.5,941.0,0.531188,1,p:1.3.2.1.3.2
U6784,271,FUSE0,326092.7,326092.7,327907.4,1814.7,1814.7,941.0,0.518543,1,p:2.2.3.2.1.1
U6785,271,FUSE0,326174.7,326174.7,327941.4,1766.7,1766.7,941.0,0.532631,1,p:1.1.5.1.2.2
U6786,271,FUSE1,326208.7,326208.7,328023.4,1814.7,1814.7,1003.0,0.552708,1,p:2.3.4.2.3.1
U6787,271,FUSE1,326290.7,326290.7,328062.2,1771.5,1771.5,1003.0,0.566187,1,p:1.2.1.1.1.2
U6788,271,FUSE1,326329.5,326329.5,328139.4,1809.9,1809.9,1003.0,0.554174,1,p:2.1.2.2.2.1
U6789,271,FUSE1,326406.7,326406.7,328178.2,1771.5,1771.5,1003.0,0.566187,1,p:1.3.3.1.3.2
U6790,271,FUSE1,326445.5,326445.5,328260.2,1814.7,1814.7,1003.0,0.552708,1,p:2.2.5.2.1.1
U6791,271,FUSE1,326527.5,326527.5,328294.2,1766.7,1766.7,1003.0,0.567725,1,p:1.1.4.1.2.2
U6792,271,FUSE1,326561.5,326561.5,328376.2,1814.7,1814.7,1003.0,0.552708,1,p:2.3.1.2.3.1
U6793,271,FUSE1,326643.5,326643.5,328415.0,1771.5,1771.5,1003.0,0.566187,1,p:1.2.2.1.1.2
U6794,271,FUSE1,326682.3,326682.3,328492.2,1809.9,1809.9,1003.0,0.554174,1,p:2.1.3.2.2.1
U6795,271,FUSE1,326759.5,326759.5,328531.0,1771.5,1771.5,1003.0,0.566187,1,p:1.3.5.1.3.2
U6796,271,FUSE2,326798.3,326798.3,328613.0,1814.7,1814.7,1035.4,0.570563,1,p:2.2.4.2.1.1
U6797,271,FUSE2,326880.3,326880.3,328647.0,1766.7,1766.7,1035.4,0.586064,1,p:1.1.1.1.2.2
U6798,271,FUSE2,326914.3,326914.3,328729.0,1814.7,1814.7,1035.4,0.570563,1,p:2.3.2.2.3.1
U6799,271,FUSE2,326996.3,326996.3,328767.8,1771.5,1771.5,1035.4,0.584476,1,p:1.2.3.1.1.2
U6800,271,FUSE2,327035.1,327035.1,328845.0,1809.9,1809.9,1035.4,0.572076,1,p:2.1.5.2.2.1
U6801,271,FUSE2,327112.3,327112.3,328883.8,1771.5,1771.5,1035.4,0.584476,1,p:1.3.4.1.3.2
U6802,271,FUSE2,327151.1,327151.1,328965.8,1814.7,1814.7,1035.4,0.570563,1,p:2.2.1.2.1.1
U6803,271,FUSE2,327233.1,327233.1,328999.8,1766.7,1766.7,1035.4,0.586064,1,p:1.1.2.1.2.2
U6804,271,FUSE2,327267.1,327267.1,329120.6,1853.5,1853.5,1035.4,0.558619,1,p:2.3.3.1.1.2
U4836,193,FUSE0,327349.1,327349.1,329081.8,1732.7,1732.7,941.0,0.543083,1,p:1.2.5.2.3.1
U4837,193,FUSE0,327387.9,327387.9,329197.8,1809.9,1809.9,941.0,0.519918,1,p:2.1.4.2.2.1
U4838,193,FUSE0,327465.1,327465.1,329236.6,1771.5,1771.5,941.0,0.531188,1,p:1.3.1.1.3.2
U4839,193,FUSE0,327503.9,327503.9,329318.6,1814.7,1814.7,941.0,0.518543,1,p:2.2.2.2.1.1
U4840,193,FUSE0,327585.9,327585.9,329352.6,1766.7,1766.7,941.0,0.532631,1,p:1.1.5.1.2.2
U4841,193,FUSE0,327619.9,327619.9,329434.6,1814.7,1814.7,941.0,0.518543,1,p:2.3.3.2.3.1
U4842,193,FUSE0,327701.9,327701.9,329473.4,1771.5,1771.5,941.0,0.531188,1,p:1.2.4.1.1.2
U4843,193,FUSE0,327740.7,327740.7,329550.6,1809.9,1809.9,941.0,0.519918,1,p:2.1.1.2.2.1
U4844,193,FUSE0,327817.9,327817.9,329589.4,1771.5,1771.5,941.0,0.531188,1,p:1.3.2.1.3.2
U4845,193,FUSE0,327856.7,327856.7,329671.4,1814.7,1814.7,941.0,0.518543,1,p:2.2.5.2.1.1
U4846,193,FUSE1,327938.7,327938.7,329705.4,1766.7,1766.7,1003.0,0.567725,1,p:1.1.3.1.2.2
U4847,193,FUSE1,327972.7,327972.7,329787.4,1814.7,1814.7,1003.0,0.552708,1,p:2.3.4.2.3.1
U4848,193,FUSE1,328054.7,328054.7,329826.2,1771.5,1771.5,1003.0,0.566187,1,p:1.2.1.1.1.2
U4849,193,FUSE1,328093.5,328093.5,329903.4,1809.9,1809.9,1003.0,0.554174,1,p:2.1.2.2.2.1
U4850,193,FUSE1,328170.7,328170.7,329942.2,1771.5,1771.5,1003.0,0.566187,1,p:1.3.5.1.3.2
U4851,193,FUSE1,328209.5,328209.5,330024.2,1814.7,1814.7,1003.0,0.552708,1,p:2.2.3.2.1.1
U4852,193,FUSE1,328291.5,328291.5,330058.2,1766.7,1766.7,1003.0,0.567725,1,p:1.1.4.1.2.2
U4853,193,FUSE1,328325.5,328325.5,330140.2,1814.7,1814.7,1003.0,0.552708,1,p:2.3.1.2.3.1
U4854,193,FUSE1,328407.5,328407.5,330179.0,1771.5,1771.5,1003.0,0.566187,1,p:1.2.2.1.1.2
U4855,193,FUSE2,328446.3,328446.3,330256.2,1809.9,1809.9,1035.4,0.572076,1,p:2.1.5.2.2.1
U4856,193,FUSE2,328523.5,328523.5,330295.0,1771.5,1771.5,1035.4,0.584476,1,p:1.3.3.1.3.2
U4857,193,FUSE2,328562.3,328562.3,330377.0,1814.7,1814.7,1035.4,0.570563,1,p:2.2.4.2.1.1
U4858,193,FUSE2,328644.3,328644.3,330411.0,1766.7,1766.7,1035.4,0.586064,1,p:1.1.1.1.2.2
U4859,193,FUSE2,328678.3,328678.3,330493.0,1814.7,1814.7,1035.4,0.570563,1,p:2.3.2.2.3.1
U4860,193,FUSE2,328760.3,328760.3,330531.8,1771.5,1771.5,1035.4,0.584476,1,p:1.2.5.1.1.2
U4861,193,FUSE2,328799.1,328799.1,330609.0,1809.9,1809.9,1035.4,0.572076,1,p:2.1.3.2.2.1
U4862,193,FUSE2,328876.3,328876.3,330647.8,1771.5,1771.5,1035.4,0.584476,1,p:1.3.4.1.3.2
U4863,193,FUSE2,328915.1,328915.1,330729.8,1814.7,1814.7,1035.4,0.570563,1,p:2.2.1.2.1.1
U4864,193,FUSE2,328997.1,328997.1,330845.8,1848.7,1848.7,1035.4,0.560069,1,p:1.1.2.2.3.1
U565,23,FUSE0,329031.1,329031.1,330763.8,1732.7,1732.7,941.0,0.543083,1,p:2.3.5.1.2.2
U566,23,FUSE0,329113.1,329113.1,330885.8,1772.7,1772.7,941.0,0.530829,1,p:1.2.3.1.1.2
U567,23,FUSE0,329151.9,329151.9,330961.8,1809.9,1809.9,941.0,0.519918,1,p:2.1.4.2.2.1
U568,23,FUSE0,329229.1,329229.1,331001.8,1772.7,1772.7,941.0,0.530829,1,p:1.3.1.1.3.2
U569,23,FUSE0,329267.9,329267.9,331082.6,1814.7,1814.7,941.0,0.518543,1,p:2.2.5.2.1.1
U570,23,FUSE0,329349.9,329349.9,331117.8,1767.9,1767.9,941.0,0.53227,1,p:1.1.2.1.2.2
U571,23,FUSE0,329383.9,329383.9,331198.6,1814.7,1814.7,941.0,0.518543,1,p:2.3.3.2.3.1
U572,23,FUSE0,329465.9,329465.9,331238.6,1772.7,1772.7,941.0,0.530829,1,p:1.2.4.1.1.2
U573,23,FUSE1,329504.7,329504.7,331314.6,1809.9,1809.9,1003.0,0.554174,1,p:2.1.1.2.2.1
U574,23,FUSE1,329581.9,329581.9,331354.6,1772.7,1772.7,1003.0,0.565804,1,p:1.3.5.1.3.2
U575,23,FUSE1,329620.7,329620.7,331435.4,1814.7,1814.7,1003.0,0.552708,1,p:2.2.2.2.1.1
U576,23,FUSE1,329702.7,329702.7,331470.6,1767.9,1767.9,1003.0,0.56734,1,p:1.1.3.1.2.2
U577,23,FUSE1,329736.7,329736.7,331551.4,1814.7,1814.7,1003.0,0.552708,1,p:2.3.4.2.3.1
U578,23,FUSE1,329818.7,329818.7,331591.4,1772.7,1772.7,1003.0,0.565804,1,p:1.2.1.1.1.2
U579,23,FUSE1,329857.5,329857.5,331667.4,1809.9,1809.9,1003.0,0.554174,1,p:2.1.5.2.2.1
U580,23,FUSE2,329934.7,329934.7,331707.4,1772.7,1772.7,1035.4,0.584081,1,p:1.3.2.1.3.2
U581,23,FUSE2,329973.5,329973.5,331788.2,1814.7,1814.7,1035.4,0.570563,1,p:2.2.3.2.1.1
U582,23,FUSE2,330055.5,330055.5,331823.4,1767.9,1767.9,1035.4,0.585667,1,p:1.1.4.1.2.2
U583,23,FUSE2,330089.5,330089.5,331904.2,1814.7,1814.7,1035.4,0.570563,1,p:2.3.1.2.3.1
U584,23,FUSE2,330171.5,330171.5,331944.2,1772.7,1772.7,1035.4,0.584081,1,p:1.2.5.1.1.2
U585,23,FUSE2,330210.3,330210.3,332020.2,1809.9,1809.9,1035.4,0.572076,1,p:2.1.2.2.2.1
U586,23,FUSE2,330287.5,330287.5,332060.2,1772.7,1772.7,1035.4,0.584081,1,p:1.3.3.1.3.2
U587,23,FUSE2,330326.3,330326.3,332141.0,1814.7,1814.7,1035.4,0.570563,1,p:2.2.4.2.1.1
U2572,104,FUSE0,330408.3,330408.3,332176.2,1767.9,1767.9,941.0,0.53227,1,p:1.1.1.1.2.2
U2573,104,FUSE0,330442.3,330442.3,332257.0,1814.7,1814.7,941.0,0.518543,1,p:2.3.5.2.3.1
U2574,104,FUSE0,330524.3,330524.3,332297.0,1772.7,1772.7,941.0,0.530829,1,p:1.2.2.1.1.2
U2575,104,FUSE0,330563.1,330563.1,332373.0,1809.9,1809.9,941.0,0.519918,1,p:2.1.3.2.2.1
U2576,104,FUSE0,330640.3,330640.3,332413.0,1772.7,1772.7,941.0,0.530829,1,p:1.3.4.1.3.2
U2577,104,FUSE0,330679.1,330679.1,332493.8,1814.7,1814.7,941.0,0.518543,1,p:2.2.1.2.1.1
U2578,104,FUSE0,330761.1,330761.1,332529.0,1767.9,1767.9,941.0,0.53227,1,p:1.1.5.1.2.2
U2579,104,FUSE1,330795.1,330795.1,332609.8,1814.7,1814.7,1003.0,0.552708,1,p:2.3.2.2.3.1
U2580,104,FUSE1,330877.1,330877.1,332649.8,1772.7,1772.7,1003.0,0.565804,1,p:1.2.3.1.1.2
U2581,104,FUSE1,330917.1,330917.1,332725.8,1808.7,1808.7,1003.0,0.554542,1,p:2.1.4.2.2.1
U2582,104,FUSE1,330993.1,330993.1,332765.8,1772.7,1772.7,1003.0,0.565804,1,p:1.3.1.1.3.2
U2583,104,FUSE1,331033.1,331033.1,332846.6,1813.5,1813.5,1003.0,0.553074,1,p:2.2.5.2.1.1
U2584,104,FUSE1,331113.9,331113.9,332881.8,1767.9,1767.9,1003.0,0.56734,1,p:1.1.2.1.2.2
U2585,104,FUSE1,331149.1,331149.1,332962.6,1813.5,1813.5,1003.0,0.553074,1,p:2.3.3.2.3.1
U2586,104,FUSE2,331229.9,331229.9,333006.6,1776.7,1776.7,1035.4,0.582766,1,p:1.2.4.1.1.2
U2587,104,FUSE2,331269.9,331269.9,333078.6,1808.7,1808.7,1035.4,0.572455,1,p:2.1.1.2.2.1
U2588,104,FUSE2,331345.9,331345.9,333122.6,1776.7,1776.7,1035.4,0.582766,1,p:1.3.5.1.3.2
U2589,104,FUSE2,331385.9,331385.9,333201.4,1815.5,1815.5,1035.4,0.570311,1,p:2.2.2.2.1.1
U2590,104,FUSE2,331466.7,331466.7,333238.6,1771.9,1771.9,1035.4,0.584344,1,p:1.1.3.1.2.2
U2591,104,FUSE2,331501.9,331501.9,333359.4,1857.5,1857.5,1035.4,0.557416,1,p:2.3.4.1.1.2
U2592,104,FUSE2,331582.7,331582.7,333317.4,1734.7,1734.7,1035.4,0.596876,1,p:1.2.1.2.3.1
U2593,104,FUSE2,331622.7,331622.7,333433.4,1810.7,1810.7,1035.4,0.571823,1,p:2.1.5.2.2.1
U2750,111,FUSE0,331698.7,331698.7,333475.4,1776.7,1776.7,941.0,0.529634,1,p:1.3.2.1.3.2
U2751,111,FUSE0,331738.7,331738.7,333554.2,1815.5,1815.5,941.0,0.518315,1,p:2.2.3.2.1.1
U2752,111,FUSE0,331819.5,331819.5,333591.4,1771.9,1771.9,941.0,0.531068,1,p:1.1.4.1.2.2
U2753,111,FUSE0,331854.7,331854.7,333670.2,1815.5,1815.5,941.0,0.518315,1,p:2.3.1.2.3.1
U2754,111,FUSE0,331935.5,331935.5,333712.2,1776.7,1776.7,941.0,0.529634,1,p:1.2.5.1.1.2
U2755,111,FUSE0,331975.5,331975.5,333786.2,1810.7,1810.7,941.0,0.519689,1,p:2.1.2.2.2.1
U2756,111,FUSE0,332051.5,332051.5,333828.2,1776.7,1776.7,941.0,0.529634,1,p:1.3.3.1.3.2
U2757,111,FUSE0,332091.5,332091.5,333907.0,1815.5,1815.5,941.0,0.518315,1,p:2.2.4.2.1.1
U2758,111,FUSE0,332172.3,332172.3,333944.2,1771.9,1771.9,941.0,0.531068,1,p:1.1.1.1.2.2
U2759,111,FUSE1,332207.5,332207.5,334023.0,1815.5,1815.5,1003.0,0.552465,1,p:2.3.5.2.3.1
U2760,111,FUSE1,332288.3,332288.3,334065.0,1776.7,1776.7,1003.0,0.56453,1,p:1.2.2.1.1.2
U2761,111,FUSE1,332328.3,332328.3,334139.0,1810.7,1810.7,1003.0,0.553929,1,p:2.1.3.2.2.1
U2762,111,FUSE1,332404.3,332404.3,334181.0,1776.7,1776.7,1003.0,0.56453,1,p:1.3.4.1.3.2
U2763,111,FUSE1,332444.3,332444.3,334259.8,1815.5,1815.5,1003.0,0.552465,1,p:2.2.1.2.1.1
U2764,111,FUSE1,332525.1,332525.1,334297.0,1771.9,1771.9,1003.0,0.566059,1,p:1.1.5.1.2.2
U2765,111,FUSE1,332560.3,332560.3,334375.8,1815.5,1815.5,1003.0,0.552465,1,p:2.3.2.2.3.1
U2766,111,FUSE1,332641.1,332641.1,334417.8,1776.7,1776.7,1003.0,0.56453,1,p:1.2.3.1.1.2
U2767,111,FUSE1,332681.1,332681.1,334491.8,1810.7,1810.7,1003.0,0.553929,1,p:2.1.4.2.2.1
U2768,111,FUSE2,332757.1,332757.1,334533.8,1776.7,1776.7,1035.4,0.582766,1,p:1.3.1.1.3.2
U2769,111,FUSE2,332797.1,332797.1,334612.6,1815.5,1815.5,1035.4,0.570311,1,p:2.2.5.2.1.1
U2770,111,FUSE2,332877.9,332877.9,334649.8,1771.9,1771.9,1035.4,0.584344,1,p:1.1.2.1.2.2
U2771,111,FUSE2,332913.1,332913.1,334728.6,1815.5,1815.5,1035.4,0.570311,1,p:2.3.3.2.3.1
U2772,111,FUSE2,332993.9,332993.9,334781.0,1787.1,1787.1,1035.4,0.579374,1,p:1.2.4.1.1.2
U2773,111,FUSE2,333037.9,333037.9,334844.6,1806.7,1806.7,1035.4,0.573089,1,p:2.1.1.2.2.1
U2774,111,FUSE2,333109.9,333109.9,334897.0,1787.1,1787.1,1035.4,0.579374,1,p:1.3.5.1.3.2
U2775,111,FUSE2,333153.9,333153.9,334975.8,1821.9,1821.9,1035.4,0.568308,1,p:2.2.2.2.1.1
U2776,111,FUSE2,333232.7,333232.7,335013.0,1780.3,1780.3,1035.4,0.581587,1,p:1.1.3.1.2.2
U2777,111,FUSE2,333269.9,333269.9,335153.0,1883.1,1883.1,1035.4,0.549838,1,p:2.3.4.1.1.2
U5057,202,FUSE0,333348.7,333348.7,335091.8,1743.1,1743.1,941.0,0.539843,1,p:1.2.1.2.3.1
U5058,202,FUSE0,333390.7,333390.7,335207.8,1817.1,1817.1,941.0,0.517858,1,p:2.1.5.2.2.1
U5059,202,FUSE0,333464.7,333464.7,335269.0,1804.3,1804.3,941.0,0.521532,1,p:1.3.2.1.3.2
U5060,202,FUSE0,333506.7,333506.7,335347.8,1841.1,1841.1,941.0,0.511107,1,p:2.2.3.2.1.1
U5061,202,FUSE0,333585.5,333585.5,335385.0,1799.5,1799.5,941.0,0.522923,1,p:1.1.1.1.2.2
U5062,202,FUSE0,333622.7,333622.7,335463.8,1841.1,1841.1,941.0,0.511107,1,p:2.3.4.2.3.1
U5063,202,FUSE0,333701.5,333701.5,335505.8,1804.3,1804.3,941.0,0.521532,1,p:1.2.5.1.1.2
U5064,202,FUSE0,333743.5,333743.5,335579.8,1836.3,1836.3,941.0,0.512444,1,p:2.1.2.2.2.1
U5065,202,FUSE1,333817.5,333817.5,335621.8,1804.3,1804.3,1003.0,0.555894,1,p:1.3.3.1.3.2
U5066,202,FUSE1,333859.5,333859.5,335700.6,1841.1,1841.1,1003.0,0.544783,1,p:2.2.1.2.1.1
U5067,202,FUSE1,333938.3,333938.3,335737.8,1799.5,1799.5,1003.0,0.557377,1,p:1.1.4.1.2.2
U5068,202,FUSE1,333975.5,333975.5,335816.6,1841.1,1841.1,1003.0,0.544783,1,p:2.3.5.2.3.1
U5069,202,FUSE1,334054.3,334054.3,335858.6,1804.3,1804.3,1003.0,0.555894,1,p:1.2.2.1.1.2
U5070,202,FUSE1,334096.3,334096.3,335932.6,1836.3,1836.3,1003.0,0.546207,1,p:2.1.3.2.2.1
U5071,202,FUSE1,334170.3,334170.3,335974.6,1804.3,1804.3,1003.0,0.555894,1,p:1.3.1.1.3.2
U5072,202,FUSE1,334212.3,334212.3,336053.4,1841.1,1841.1,1003.0,0.544783,1,p:2.2.4.2.1.1
U5073,202,FUSE2,334291.1,334291.1,336090.6,1799.5,1799.5,1035.4,0.575382,1,p:1.1.5.1.2.2
U5074,202,FUSE2,334328.3,334328.3,336169.4,1841.1,1841.1,1035.4,0.562381,1,p:2.3.2.2.3.1
U5075,202,FUSE2,334407.1,334407.1,336211.4,1804.3,1804.3,1035.4,0.573851,1,p:1.2.3.1.1.2
U5076,202,FUSE2,334449.1,334449.1,336285.4,1836.3,1836.3,1035.4,0.563851,1,p:2.1.1.2.2.1
U5077,202,FUSE2,334523.1,334523.1,336327.4,1804.3,1804.3,1035.4,0.573851,1,p:1.3.4.1.3.2
U5078,202,FUSE2,334565.1,334565.1,336406.6,1841.5,1841.5,1035.4,0.562259,1,p:2.2.5.2.1.1
U5079,202,FUSE2,334643.9,334643.9,336443.4,1799.5,1799.5,1035.4,0.575382,1,p:1.1.2.1.2.2
U5080,202,FUSE2,334681.1,334681.1,336561.4,1880.3,1880.3,1035.4,0.550657,1,p:2.3.3.2.1.2
U5081,202,FUSE2,334759.9,334759.9,336522.6,1762.7,1762.7,1035.4,0.587394,1,p:1.2.1.1.3.1
U7326,293,FUSE0,334812.3,334812.3,336661.8,1849.5,1849.5,941.0,0.508786,1,p:2.1.4.1.2.1
U7327,293,FUSE0,334875.9,334875.9,336677.4,1801.5,1801.5,941.0,0.522342,1,p:1.3.5.2.3.2
U7328,293,FUSE0,334928.3,334928.3,336799.4,1871.1,1871.1,941.0,0.502913,1,p:2.2.2.1.1.2
U7329,293,FUSE0,335007.1,335007.1,336994.2,1987.1,1987.1,941.0,0.473554,1,p:1.1.4.2.1.1
U7330,293,FUSE0,335044.3,335044.3,336915.4,1871.1,1871.1,941.0,0.502913,1,p:2.3.3.1.3.2
U7331,293,FUSE0,335123.1,335123.1,336836.6,1713.5,1713.5,941.0,0.549168,1,p:1.2.1.2.2.1
U7332,293,FUSE0,335184.3,335184.3,337031.4,1847.1,1847.1,941.0,0.509447,1,p:2.1.5.1.2.2
U7333,293,FUSE0,335239.1,335239.1,337110.2,1871.1,1871.1,941.0,0.502913,1,p:1.3.2.2.3.1
U7334,293,FUSE1,335300.3,335300.3,337268.2,1967.9,1967.9,1003.0,0.50968,1,p:2.2.4.1.3.2
U7335,293,FUSE1,335379.1,335379.1,337226.2,1847.1,1847.1,1003.0,0.543013,1,p:1.1.3.2.2.1
U7336,293,FUSE1,335416.3,335416.3,337152.2,1735.9,1735.9,1003.0,0.577798,1,p:2.3.1.1.1.2
U7337,293,FUSE1,335495.1,335495.1,337347.0,1851.9,1851.9,1003.0,0.541606,1,p:1.2.5.2.1.1
U7338,293,FUSE1,335537.1,335537.1,337384.2,1847.1,1847.1,1003.0,0.543013,1,p:2.1.2.1.2.2
U7339,293,FUSE1,335611.1,335611.1,337579.0,1967.9,1967.9,1003.0,0.50968,1,p:1.3.4.2.2.1
U7340,293,FUSE1,335653.1,335653.1,337505.0,1851.9,1851.9,1003.0,0.541606,1,p:2.2.3.1.1.2
U7341,293,FUSE1,335731.9,335731.9,337463.0,1731.1,1731.1,1003.0,0.5794,1,p:1.1.1.2.3.1
U7342,293,FUSE2,335769.1,335769.1,337621.0,1851.9,1851.9,1035.4,0.559101,1,p:2.3.5.1.3.2
U7343,293,FUSE2,335847.9,335847.9,337699.8,1851.9,1851.9,1035.4,0.559101,1,p:1.2.2.2.1.1
U7344,293,FUSE2,335889.9,335889.9,337857.8,1967.9,1967.9,1035.4,0.526145,1,p:2.1.4.1.1.2
U7345,293,FUSE2,335963.9,335963.9,337815.8,1851.9,1851.9,1035.4,0.559101,1,p:1.3.3.2.3.1
U7346,293,FUSE2,336005.9,336005.9,337737.0,1731.1,1731.1,1035.4,0.598117,1,p:2.2.1.1.2.2
U7347,293,FUSE2,336084.7,336084.7,337931.8,1847.1,1847.1,1035.4,0.560554,1,p:1.1.5.2.2.1
U7348,293,FUSE2,336121.9,336121.9,337973.8,1851.9,1851.9,1035.4,0.559101,1,p:2.3.2.1.3.2
U7349,293,FUSE2,336200.7,336200.7,338210.6,2009.9,2009.9,1035.4,0.51515,1,p:1.2.4.1.1.2
U7597,304,FUSE0,336242.7,336242.7,338052.6,1809.9,1809.9,941.0,0.519918,1,p:2.1.3.2.1.1
U7598,304,FUSE0,336316.7,336316.7,338089.8,1773.1,1773.1,941.0,0.530709,1,p:1.3.1.1.2.2
U7599,304,FUSE0,336358.7,336358.7,338284.6,1925.9,1925.9,941.0,0.488603,1,p:2.2.5.2.2.1
U7600,304,FUSE0,336437.9,336437.9,338168.6,1730.7,1730.7,941.0,0.543711,1,p:1.1.2.2.3.1
U7601,304,FUSE0,336474.7,336474.7,338326.6,1851.9,1851.9,941.0,0.508127,1,p:2.3.3.1.3.2
U7602,304,FUSE0,336553.9,336553.9,338405.4,1851.5,1851.5,941.0,0.508237,1,p:1.2.1.2.1.1
U7603,304,FUSE0,336592.7,336592.7,338563.4,1970.7,1970.7,941.0,0.477495,1,p:2.1.5.1.1.2
U7604,304,FUSE0,336693.1,336693.1,338521.4,1828.3,1828.3,941.0,0.514686,1,p:1.3.4.2.3.1
U7605,304,FUSE0,336708.7,336708.7,338442.6,1733.9,1733.9,941.0,0.542707,1,p:2.2.2.1.2.2
U7606,304,FUSE1,336830.7,336830.7,338637.4,1806.7,1806.7,1003.0,0.555156,1,p:1.1.3.2.2.1
U7607,304,FUSE1,336867.9,336867.9,338679.4,1811.5,1811.5,1003.0,0.553685,1,p:2.3.1.1.3.2
U7608,304,FUSE1,336946.7,336946.7,338874.2,1927.5,1927.5,1003.0,0.520363,1,p:1.2.5.2.3.1
U7609,304,FUSE1,337025.5,337025.5,338795.4,1769.9,1769.9,1003.0,0.566699,1,p:2.1.4.1.2.2
U7610,304,FUSE1,337062.7,337062.7,338758.2,1695.5,1695.5,1003.0,0.591566,1,p:1.3.2.2.1.1
U7611,304,FUSE1,337141.5,337141.5,338916.2,1774.7,1774.7,1003.0,0.565166,1,p:2.2.3.1.1.2
U7612,304,FUSE1,337183.5,337183.5,338990.2,1806.7,1806.7,1003.0,0.555156,1,p:1.1.1.2.2.1
U7613,304,FUSE1,337257.5,337257.5,339032.2,1774.7,1774.7,1003.0,0.565166,1,p:2.3.5.1.3.2
U7614,304,FUSE1,337299.5,337299.5,339111.0,1811.5,1811.5,1003.0,0.553685,1,p:1.2.4.2.1.1
U7615,304,FUSE2,337378.3,337378.3,339148.2,1769.9,1769.9,1035.4,0.585005,1,p:2.1.2.1.2.2
U7616,304,FUSE2,337415.5,337415.5,339227.0,1811.5,1811.5,1035.4,0.571571,1,p:1.3.3.2.3.1
U7617,304,FUSE2,337494.3,337494.3,339269.0,1774.7,1774.7,1035.4,0.583423,1,p:2.2.1.1.1.2
U7618,304,FUSE2,337536.3,337536.3,339343.0,1806.7,1806.7,1035.4,0.573089,1,p:1.1.5.2.2.1
U7619,304,FUSE2,337610.3,337610.3,339385.0,1774.7,1774.7,1035.4,0.583423,1,p:2.3.4.1.3.2
U7620,304,FUSE2,337652.3,337652.3,339463.8,1811.5,1811.5,1035.4,0.571571,1,p:1.2.2.2.1.1
U7621,304,FUSE2,337731.1,337731.1,339501.0,1769.9,1769.9,1035.4,0.585005,1,p:2.1.3.1.2.2
U7622,304,FUSE2,337768.3,337768.3,339579.8,1811.5,1811.5,1035.4,0.571571,1,p:1.3.1.2.3.1
U7623,304,FUSE2,337847.1,337847.1,339695.8,1848.7,1848.7,1035.4,0.560069,1,p:2.2.5.2.2.1
U7624,304,FUSE2,337889.1,337889.1,339746.6,1857.5,1857.5,1035.4,0.557416,1,p:1.1.4.1.3.2
U7974,319,FUSE0,337963.1,337963.1,339630.6,1667.5,1667.5,941.0,0.564318,1,p:2.3.2.1.1.2
U7975,319,FUSE0,338005.1,338005.1,339825.4,1820.3,1820.3,941.0,0.516948,1,p:1.2.3.2.1.1
U7976,319,FUSE0,338083.9,338083.9,339862.6,1778.7,1778.7,941.0,0.529038,1,p:2.1.1.1.2.2
U7977,319,FUSE0,338121.1,338121.1,339941.4,1820.3,1820.3,941.0,0.516948,1,p:1.3.2.2.3.1
U7978,319,FUSE0,338199.9,338199.9,339983.4,1783.5,1783.5,941.0,0.527614,1,p:2.2.5.1.1.2
U7979,319,FUSE0,338241.9,338241.9,340057.4,1815.5,1815.5,941.0,0.518315,1,p:1.1.4.2.2.1
U7980,319,FUSE0,338315.9,338315.9,340099.4,1783.5,1783.5,941.0,0.527614,1,p:2.3.3.1.3.2
U7981,319,FUSE1,338357.9,338357.9,340178.2,1820.3,1820.3,1003.0,0.551008,1,p:1.2.1.2.1.1
U7982,319,FUSE1,338436.7,338436.7,340215.4,1778.7,1778.7,1003.0,0.563895,1,p:2.1.2.1.2.2
U7983,319,FUSE1,338473.9,338473.9,340294.2,1820.3,1820.3,1003.0,0.551008,1,p:1.3.5.2.3.1
U7984,319,FUSE1,338552.7,338552.7,340336.2,1783.5,1783.5,1003.0,0.562377,1,p:2.2.4.1.1.2
U7985,319,FUSE1,338594.7,338594.7,340410.2,1815.5,1815.5,1003.0,0.552465,1,p:1.1.3.2.2.1
U7986,319,FUSE1,338668.7,338668.7,340452.2,1783.5,1783.5,1003.0,0.562377,1,p:2.3.1.1.3.2
U7987,319,FUSE1,338710.7,338710.7,340531.0,1820.3,1820.3,1003.0,0.551008,1,p:1.2.2.2.1.1
U7988,319,FUSE2,338789.5,338789.5,340568.2,1778.7,1778.7,1035.4,0.582111,1,p:2.1.5.1.2.2
U7989,319,FUSE2,338826.7,338826.7,340647.0,1820.3,1820.3,1035.4,0.568807,1,p:1.3.4.2.3.1
U7990,319,FUSE2,338905.5,338905.5,340689.0,1783.5,1783.5,1035.4,0.580544,1,p:2.2.3.1.1.2
U7991,319,FUSE2,338947.5,338947.5,340763.0,1815.5,1815.5,1035.4,0.570311,1,p:1.1.1.2.2.1
U7992,319,FUSE2,339021.5,339021.5,340805.0,1783.5,1783.5,1035.4,0.580544,1,p:2.3.2.1.3.2
U7993,319,FUSE2,339063.5,339063.5,340883.8,1820.3,1820.3,1035.4,0.568807,1,p:1.2.5.2.1.1
U7994,319,FUSE2,339142.3,339142.3,340921.0,1778.7,1778.7,1035.4,0.582111,1,p:2.1.4.1.2.2
U7995,319,FUSE2,339179.5,339179.5,340999.8,1820.3,1820.3,1035.4,0.568807,1,p:1.3.3.2.3.1
U5680,227,FUSE0,339258.3,339258.3,341041.8,1783.5,1783.5,941.0,0.527614,1,p:2.2.1.1.1.2
U5681,227,FUSE0,339300.3,339300.3,341115.8,1815.5,1815.5,941.0,0.518315,1,p:1.1.2.2.2.1
U5682,227,FUSE0,339374.3,339374.3,341157.8,1783.5,1783.5,941.0,0.527614,1,p:2.3.5.1.3.2
U5683,227,FUSE0,339416.3,339416.3,341237.0,1820.7,1820.7,941.0,0.516834,1,p:1.2.4.2.1.1
U5684,227,FUSE0,339495.1,339495.1,341273.8,1778.7,1778.7,941.0,0.529038,1,p:2.1.3.1.2.2
U5685,227,FUSE0,339532.3,339532.3,341353.0,1820.7,1820.7,941.0,0.516834,1,p:1.3.1.2.3.1
U5686,227,FUSE0,339611.1,339611.1,341394.6,1783.5,1783.5,941.0,0.527614,1,p:2.2.2.1.1.2
U5687,227,FUSE0,339661.9,339661.9,341469.0,1807.1,1807.1,941.0,0.520724,1,p:1.1.5.2.2.1
U5688,227,FUSE1,339727.1,339727.1,341510.6,1783.5,1783.5,1003.0,0.562377,1,p:2.3.4.1.3.2
U5689,227,FUSE1,339777.9,339777.9,341589.8,1811.9,1811.9,1003.0,0.553563,1,p:1.2.3.2.1.1
U5690,227,FUSE1,339856.7,339856.7,341626.6,1769.9,1769.9,1003.0,0.566699,1,p:2.1.1.1.2.2
U5691,227,FUSE1,339893.9,339893.9,341705.8,1811.9,1811.9,1003.0,0.553563,1,p:1.3.2.2.3.1
U5692,227,FUSE1,339972.7,339972.7,341747.4,1774.7,1774.7,1003.0,0.565166,1,p:2.2.5.1.1.2
U5693,227,FUSE1,340014.7,340014.7,341821.8,1807.1,1807.1,1003.0,0.555033,1,p:1.1.4.2.2.1
U5694,227,FUSE1,340088.7,340088.7,341863.4,1774.7,1774.7,1003.0,0.565166,1,p:2.3.3.1.3.2
U5695,227,FUSE1,340130.7,340130.7,341942.6,1811.9,1811.9,1003.0,0.553563,1,p:1.2.1.2.1.1
U5696,227,FUSE2,340209.5,340209.5,341979.4,1769.9,1769.9,1035.4,0.585005,1,p:2.1.2.1.2.2
U5697,227,FUSE2,340246.7,340246.7,342058.6,1811.9,1811.9,1035.4,0.571444,1,p:1.3.5.2.3.1
U5698,227,FUSE2,340325.5,340325.5,342100.2,1774.7,1774.7,1035.4,0.583423,1,p:2.2.4.1.1.2
U5699,227,FUSE2,340367.5,340367.5,342174.6,1807.1,1807.1,1035.4,0.572962,1,p:1.1.3.2.2.1
U5700,227,FUSE2,340441.5,340441.5,342216.2,1774.7,1774.7,1035.4,0.583423,1,p:2.3.1.1.3.2
U5701,227,FUSE2,340483.5,340483.5,342312.2,1828.7,1828.7,1035.4,0.566195,1,p:1.2.2.2.1.1
U5702,227,FUSE2,340562.3,340562.3,342332.2,1769.9,1769.9,1035.4,0.585005,1,p:2.1.5.1.2.2
U5703,227,FUSE2,340599.5,340599.5,342428.2,1828.7,1828.7,1035.4,0.566195,1,p:1.3.4.2.3.1
U5631,225,FUSE0,340678.3,340678.3,342467.0,1788.7,1788.7,941.0,0.52608,1,p:2.2.3.1.1.2
U5632,225,FUSE0,340720.3,340720.3,342544.2,1823.9,1823.9,941.0,0.515927,1,p:1.1.1.2.2.1
U5633,225,FUSE0,340794.3,340794.3,342583.0,1788.7,1788.7,941.0,0.52608,1,p:2.3.2.1.3.2
U5634,225,FUSE0,340836.3,340836.3,342665.0,1828.7,1828.7,941.0,0.514573,1,p:1.2.5.2.1.1
U5635,225,FUSE0,340915.1,340915.1,342699.0,1783.9,1783.9,941.0,0.527496,1,p:2.1.4.1.2.2
U5636,225,FUSE0,340952.3,340952.3,342781.0,1828.7,1828.7,941.0,0.514573,1,p:1.3.3.2.3.1
U5637,225,FUSE0,341031.1,341031.1,342819.8,1788.7,1788.7,941.0,0.52608,1,p:2.2.1.1.1.2
U5638,225,FUSE0,341073.1,341073.1,342897.0,1823.9,1823.9,941.0,0.515927,1,p:1.1.2.2.2.1
U5639,225,FUSE0,341147.1,341147.1,342935.8,1788.7,1788.7,941.0,0.52608,1,p:2.3.5.1.3.2
U5640,225,FUSE1,341189.1,341189.1,343017.8,1828.7,1828.7,1003.0,0.548477,1,p:1.2.4.2.1.1
U5641,225,FUSE1,341268.3,341268.3,343051.8,1783.5,1783.5,1003.0,0.562377,1,p:2.1.3.1.2.2
U5642,225,FUSE1,341305.1,341305.1,343133.8,1828.7,1828.7,1003.0,0.548477,1,p:1.3.1.2.3.1
U5643,225,FUSE1,341384.3,341384.3,343172.6,1788.3,1788.3,1003.0,0.560868,1,p:2.2.2.1.1.2
U5644,225,FUSE1,341425.9,341425.9,343249.8,1823.9,1823.9,1003.0,0.549921,1,p:1.1.5.2.2.1
U5645,225,FUSE1,341500.3,341500.3,343288.6,1788.3,1788.3,1003.0,0.560868,1,p:2.3.4.1.3.2
U5646,225,FUSE1,341541.9,341541.9,343370.6,1828.7,1828.7,1003.0,0.548477,1,p:1.2.3.2.1.1
U5647,225,FUSE1,341621.1,341621.1,343404.6,1783.5,1783.5,1003.0,0.562377,1,p:2.1.1.1.2.2
U5648,225,FUSE1,341657.9,341657.9,343486.6,1828.7,1828.7,1003.0,0.548477,1,p:1.3.2.2.3.1
U5649,225,FUSE2,341737.1,341737.1,343525.4,1788.3,1788.3,1035.4,0.578986,1,p:2.2.5.1.1.2
U5650,225,FUSE2,341778.7,341778.7,343602.6,1823.9,1823.9,1035.4,0.567685,1,p:1.1.4.2.2.1
U5651,225,FUSE2,341853.1,341853.1,343641.4,1788.3,1788.3,1035.4,0.578986,1,p:2.3.3.1.3.2
U5652,225,FUSE2,341894.7,341894.7,343723.4,1828.7,1828.7,1035.4,0.566195,1,p:1.2.1.2.1.1
U5653,225,FUSE2,341973.9,341973.9,343757.4,1783.5,1783.5,1035.4,0.580544,1,p:2.1.2.1.2.2
U5654,225,FUSE2,342010.7,342010.7,343839.4,1828.7,1828.7,1035.4,0.566195,1,p:1.3.5.2.3.1
U5655,225,FUSE2,342089.9,342089.9,343903.8,1813.9,1813.9,1035.4,0.570814,1,p:2.2.4.1.1.2
U5656,225,FUSE2,342131.5,342131.5,344019.8,1888.3,1888.3,1035.4,0.548324,1,p:1.1.3.1.3.2
U5657,225,FUSE2,342205.9,342205.9,344098.6,1892.7,1892.7,1035.4,0.547049,1,p:2.3.1.2.1.1
U7499,300,FUSE0,342247.5,342247.5,343955.4,1707.9,1707.9,941.0,0.550969,1,p:1.2.2.2.2.1
U7500,300,FUSE0,342343.5,342343.5,344135.8,1792.3,1792.3,941.0,0.525024,1,p:2.1.5.1.2.2
U7501,300,FUSE0,342363.5,342363.5,344214.6,1851.1,1851.1,941.0,0.508346,1,p:1.3.4.2.3.1
U7502,300,FUSE0,342459.5,342459.5,344256.6,1797.1,1797.1,941.0,0.523621,1,p:2.2.2.1.1.2
U7503,300,FUSE0,342498.3,342498.3,344330.6,1832.3,1832.3,941.0,0.513562,1,p:1.1.3.2.2.1
U7504,300,FUSE0,342575.5,342575.5,344372.6,1797.1,1797.1,941.0,0.523621,1,p:2.3.1.1.3.2
U7505,300,FUSE0,342614.3,342614.3,344451.4,1837.1,1837.1,941.0,0.51222,1,p:1.2.5.2.1.1
U7506,300,FUSE0,342696.3,342696.3,344488.6,1792.3,1792.3,941.0,0.525024,1,p:2.1.4.1.2.2
U7507,300,FUSE1,342730.3,342730.3,344567.4,1837.1,1837.1,1003.0,0.545969,1,p:1.3.2.2.3.1
U7508,300,FUSE1,342812.3,342812.3,344609.4,1797.1,1797.1,1003.0,0.558121,1,p:2.2.3.1.1.2
U7509,300,FUSE1,342851.1,342851.1,344683.4,1832.3,1832.3,1003.0,0.547399,1,p:1.1.1.2.2.1
U7510,300,FUSE1,342928.3,342928.3,344725.4,1797.1,1797.1,1003.0,0.558121,1,p:2.3.5.1.3.2
U7511,300,FUSE1,342967.1,342967.1,344804.2,1837.1,1837.1,1003.0,0.545969,1,p:1.2.4.2.1.1
U7512,300,FUSE1,343049.1,343049.1,344841.4,1792.3,1792.3,1003.0,0.559616,1,p:2.1.2.1.2.2
U7513,300,FUSE1,343083.1,343083.1,344920.2,1837.1,1837.1,1003.0,0.545969,1,p:1.3.3.2.3.1
U7514,300,FUSE1,343165.1,343165.1,344962.2,1797.1,1797.1,1003.0,0.558121,1,p:2.2.1.1.1.2
U7515,300,FUSE2,343203.9,343203.9,345036.2,1832.3,1832.3,1035.4,0.565082,1,p:1.1.5.2.2.1
U7516,300,FUSE2,343281.1,343281.1,345078.2,1797.1,1797.1,1035.4,0.57615,1,p:2.3.4.1.3.2
U7517,300,FUSE2,343319.9,343319.9,345157.0,1837.1,1837.1,1035.4,0.563606,1,p:1.2.2.2.1.1
U7518,300,FUSE2,343401.9,343401.9,345194.2,1792.3,1792.3,1035.4,0.577693,1,p:2.1.3.1.2.2
U7519,300,FUSE2,343435.9,343435.9,345273.0,1837.1,1837.1,1035.4,0.563606,1,p:1.3.1.2.3.1
U7520,300,FUSE2,343517.9,343517.9,345315.0,1797.1,1797.1,1035.4,0.57615,1,p:2.2.5.1.1.2
U7521,300,FUSE2,343556.7,343556.7,345389.0,1832.3,1832.3,1035.4,0.565082,1,p:1.1.4.2.2.1
U7377,295,FUSE0,343633.9,343633.9,345431.0,1797.1,1797.1,941.0,0.523621,1,p:2.3.2.1.3.2
U7378,295,FUSE0,343672.7,343672.7,345510.2,1837.5,1837.5,941.0,0.512109,1,p:1.2.3.2.1.1
U7379,295,FUSE0,343754.7,343754.7,345547.0,1792.3,1792.3,941.0,0.525024,1,p:2.1.1.1.2.2
U7380,295,FUSE0,343788.7,343788.7,345626.2,1837.5,1837.5,941.0,0.512109,1,p:1.3.5.2.3.1
U7381,295,FUSE0,343870.7,343870.7,345667.8,1797.1,1797.1,941.0,0.523621,1,p:2.2.4.1.1.2
U7382,295,FUSE0,343935.1,343935.1,345742.2,1807.1,1807.1,941.0,0.520724,1,p:1.1.2.2.2.1
U7383,295,FUSE0,343986.7,343986.7,345783.8,1797.1,1797.1,941.0,0.523621,1,p:2.3.3.1.3.2
U7384,295,FUSE0,344051.1,344051.1,345863.0,1811.9,1811.9,941.0,0.519344,1,p:1.2.1.2.1.1
U7385,295,FUSE1,344129.9,344129.9,345899.8,1769.9,1769.9,1003.0,0.566699,1,p:2.1.5.1.2.2
U7386,295,FUSE1,344167.1,344167.1,345979.0,1811.9,1811.9,1003.0,0.553563,1,p:1.3.4.2.3.1
U7387,295,FUSE1,344245.9,344245.9,346020.6,1774.7,1774.7,1003.0,0.565166,1,p:2.2.2.1.1.2
U7388,295,FUSE1,344287.9,344287.9,346095.0,1807.1,1807.1,1003.0,0.555033,1,p:1.1.3.2.2.1
U7389,295,FUSE1,344361.9,344361.9,346136.6,1774.7,1774.7,1003.0,0.565166,1,p:2.3.1.1.3.2
U7390,295,FUSE1,344403.9,344403.9,346215.8,1811.9,1811.9,1003.0,0.553563,1,p:1.2.5.2.1.1
U7391,295,FUSE1,344482.7,344482.7,346252.6,1769.9,1769.9,1003.0,0.566699,1,p:2.1.4.1.2.2
U7392,295,FUSE1,344519.9,344519.9,346331.8,1811.9,1811.9,1003.0,0.553563,1,p:1.3.2.2.3.1
U7393,295,FUSE2,344598.7,344598.7,346373.4,1774.7,1774.7,1035.4,0.583423,1,p:2.2.3.1.1.2
U7394,295,FUSE2,344640.7,344640.7,346447.8,1807.1,1807.1,1035.4,0.572962,1,p:1.1.1.2.2.1
U7395,295,FUSE2,344714.7,344714.7,346489.4,1774.7,1774.7,1035.4,0.583423,1,p:2.3.5.1.3.2
U7396,295,FUSE2,344756.7,344756.7,346585.4,1828.7,1828.7,1035.4,0.566195,1,p:1.2.4.2.1.1
U7397,295,FUSE2,344835.5,344835.5,346605.4,1769.9,1769.9,1035.4,0.585005,1,p:2.1.2.1.2.2
U7398,295,FUSE2,344872.7,344872.7,346701.4,1828.7,1828.7,1035.4,0.566195,1,p:1.3.3.2.3.1
U7399,295,FUSE2,344951.5,344951.5,346740.2,1788.7,1788.7,1035.4,0.578856,1,p:2.2.1.1.1.2
U7400,295,FUSE2,344993.5,344993.5,346817.4,1823.9,1823.9,1035.4,0.567685,1,p:1.1.5.2.2.1
U7401,295,FUSE2,345067.5,345067.5,347054.2,1986.7,1986.7,1035.4,0.521166,1,p:2.3.4.2.3.1
U2648,107,FUSE0,345109.5,345109.5,346856.2,1746.7,1746.7,941.0,0.53873,1,p:1.2.2.1.3.2
U2649,107,FUSE0,345188.3,345188.3,346938.2,1749.9,1749.9,941.0,0.537745,1,p:2.1.3.2.1.1
U2650,107,FUSE0,345225.5,345225.5,346972.2,1746.7,1746.7,941.0,0.53873,1,p:1.3.1.1.2.2
U2651,107,FUSE0,345304.3,345304.3,347093.0,1788.7,1788.7,941.0,0.52608,1,p:2.2.5.1.1.2
U2652,107,FUSE0,345346.3,345346.3,347170.2,1823.9,1823.9,941.0,0.515927,1,p:1.1.2.2.2.1
U2653,107,FUSE0,345420.3,345420.3,347209.0,1788.7,1788.7,941.0,0.52608,1,p:2.3.3.1.3.2
U2654,107,FUSE0,345462.3,345462.3,347291.0,1828.7,1828.7,941.0,0.514573,1,p:1.2.1.2.1.1
U2655,107,FUSE0,345541.5,345541.5,347325.0,1783.5,1783.5,941.0,0.527614,1,p:2.1.4.1.2.2
U2656,107,FUSE1,345578.3,345578.3,347407.0,1828.7,1828.7,1003.0,0.548477,1,p:1.3.5.2.3.1
U2657,107,FUSE1,345657.5,345657.5,347445.8,1788.3,1788.3,1003.0,0.560868,1,p:2.2.2.1.1.2
U2658,107,FUSE1,345699.1,345699.1,347523.0,1823.9,1823.9,1003.0,0.549921,1,p:1.1.3.2.2.1
U2659,107,FUSE1,345773.5,345773.5,347561.8,1788.3,1788.3,1003.0,0.560868,1,p:2.3.1.1.3.2
U2660,107,FUSE1,345815.1,345815.1,347643.8,1828.7,1828.7,1003.0,0.548477,1,p:1.2.4.2.1.1
U2661,107,FUSE1,345894.3,345894.3,347677.8,1783.5,1783.5,1003.0,0.562377,1,p:2.1.5.1.2.2
U2662,107,FUSE1,345931.1,345931.1,347759.8,1828.7,1828.7,1003.0,0.548477,1,p:1.3.2.2.3.1
U2663,107,FUSE1,346010.3,346010.3,347798.6,1788.3,1788.3,1003.0,0.560868,1,p:2.2.3.1.1.2
U2664,107,FUSE2,346051.9,346051.9,347875.8,1823.9,1823.9,1035.4,0.567685,1,p:1.1.1.2.2.1
U2665,107,FUSE2,346126.3,346126.3,347914.6,1788.3,1788.3,1035.4,0.578986,1,p:2.3.4.1.3.2
U2666,107,FUSE2,346167.9,346167.9,348005.0,1837.1,1837.1,1035.4,0.563606,1,p:1.2.5.2.1.1
U2667,107,FUSE2,346247.1,346247.1,348030.6,1783.5,1783.5,1035.4,0.580544,1,p:2.1.2.1.2.2
U2668,107,FUSE2,346283.9,346283.9,348121.0,1837.1,1837.1,1035.4,0.563606,1,p:1.3.3.2.3.1
U2669,107,FUSE2,346363.1,346363.1,348159.8,1796.7,1796.7,1035.4,0.576279,1,p:2.2.1.1.1.2
U2670,107,FUSE2,346404.7,346404.7,348237.0,1832.3,1832.3,1035.4,0.565082,1,p:1.1.4.2.2.1
U2671,107,FUSE2,346479.1,346479.1,348473.8,1994.7,1994.7,1035.4,0.519076,1,p:2.3.5.2.3.1
U5904,236,FUSE0,346520.7,346520.7,348275.8,1755.1,1755.1,941.0,0.536152,1,p:1.2.2.1.3.2
U5905,236,FUSE0,346616.7,346616.7,348391.8,1775.1,1775.1,941.0,0.530111,1,p:2.1.3.1.2.2
U5906,236,FUSE0,346636.7,346636.7,348357.8,1721.1,1721.1,941.0,0.546743,1,p:1.3.1.2.1.1
U5907,236,FUSE0,346732.7,346732.7,348512.6,1779.9,1779.9,941.0,0.528681,1,p:2.2.4.1.1.2
U5908,236,FUSE0,346771.5,346771.5,348589.8,1818.3,1818.3,941.0,0.517516,1,p:1.1.2.2.2.1
U5909,236,FUSE0,346848.7,346848.7,348744.6,1895.9,1895.9,941.0,0.496334,1,p:2.3.5.1.2.2
U5910,236,FUSE0,346887.5,346887.5,348710.6,1823.1,1823.1,941.0,0.516154,1,p:1.2.3.2.1.1
U5911,236,FUSE0,346969.5,346969.5,348628.6,1659.1,1659.1,941.0,0.567175,1,p:2.1.1.1.3.2
U5912,236,FUSE0,347003.5,347003.5,348826.6,1823.1,1823.1,941.0,0.516154,1,p:1.3.4.2.3.1
U5913,236,FUSE1,347085.5,347085.5,348865.4,1779.9,1779.9,1003.0,0.563515,1,p:2.2.2.1.1.2
U5914,236,FUSE1,347124.3,347124.3,349063.4,1939.1,1939.1,1003.0,0.51725,1,p:1.1.5.2.1.1
U5915,236,FUSE1,347201.5,347201.5,348981.4,1779.9,1779.9,1003.0,0.563515,1,p:2.3.3.1.3.2
U5916,236,FUSE1,347240.3,347240.3,348942.6,1702.3,1702.3,1003.0,0.589203,1,p:1.2.1.2.2.1
U5917,236,FUSE1,347322.3,347322.3,349097.4,1775.1,1775.1,1003.0,0.565039,1,p:2.1.4.1.2.2
U5918,236,FUSE1,347356.3,347356.3,349179.4,1823.1,1823.1,1003.0,0.550162,1,p:1.3.2.2.3.1
U5919,236,FUSE1,347438.3,347438.3,349334.2,1895.9,1895.9,1003.0,0.529036,1,p:2.2.5.1.3.2
U5920,236,FUSE1,347477.1,347477.1,349295.4,1818.3,1818.3,1003.0,0.551614,1,p:1.1.3.2.2.1
U5921,236,FUSE1,347554.3,347554.3,349218.2,1663.9,1663.9,1003.0,0.602801,1,p:2.3.1.1.1.2
U5922,236,FUSE2,347593.1,347593.1,349416.2,1823.1,1823.1,1035.4,0.567934,1,p:1.2.4.2.1.1
U5923,236,FUSE2,347675.1,347675.1,349450.2,1775.1,1775.1,1035.4,0.583291,1,p:2.1.2.1.2.2
U5924,236,FUSE2,347709.1,347709.1,349648.2,1939.1,1939.1,1035.4,0.533959,1,p:1.3.5.2.2.1
U5925,236,FUSE2,347791.1,347791.1,349571.0,1779.9,1779.9,1035.4,0.581718,1,p:2.2.3.1.1.2
U5926,236,FUSE2,347829.9,347829.9,349532.2,1702.3,1702.3,1035.4,0.608236,1,p:1.1.1.2.3.1
U5927,236,FUSE2,347907.1,347907.1,349687.0,1779.9,1779.9,1035.4,0.581718,1,p:2.3.4.1.3.2
U5928,236,FUSE2,347945.9,347945.9,349769.0,1823.1,1823.1,1035.4,0.567934,1,p:1.2.2.2.1.1
U5929,236,FUSE2,348036.3,348036.3,350001.0,1964.7,1964.7,1035.4,0.527002,1,p:2.1.5.2.2.1
U5930,236,FUSE2,348061.9,348061.9,349885.0,1823.1,1823.1,1035.4,0.567934,1,p:1.3.3.2.3.1
U3738,150,FUSE0,348152.3,348152.3,349803.0,1650.7,1650.7,941.0,0.570061,1,p:2.2.1.1.2.2
U3739,150,FUSE0,348191.1,348191.1,349923.8,1732.7,1732.7,941.0,0.543083,1,p:1.1.4.1.1.2
U3740,150,FUSE0,348268.3,348268.3,350039.8,1771.5,1771.5,941.0,0.531188,1,p:2.3.2.1.3.2
U3741,150,FUSE0,348307.1,348307.1,350121.8,1814.7,1814.7,941.0,0.518543,1,p:1.2.1.2.1.1
U3742,150,FUSE0,348389.1,348389.1,350276.6,1887.5,1887.5,941.0,0.498543,1,p:2.1.5.1.1.2
U3743,150,FUSE0,348423.1,348423.1,350237.8,1814.7,1814.7,941.0,0.518543,1,p:1.3.4.2.3.1
U3744,150,FUSE0,348505.1,348505.1,350155.8,1650.7,1650.7,941.0,0.570061,1,p:2.2.3.1.2.2
U3745,150,FUSE0,348543.9,348543.9,350353.8,1809.9,1809.9,941.0,0.519918,1,p:1.1.2.2.2.1
U3746,150,FUSE1,348621.1,348621.1,350392.6,1771.5,1771.5,1003.0,0.566187,1,p:2.3.1.1.3.2
U3747,150,FUSE1,348659.9,348659.9,350590.6,1930.7,1930.7,1003.0,0.519501,1,p:1.2.5.2.3.1
U3748,150,FUSE1,348741.9,348741.9,350508.6,1766.7,1766.7,1003.0,0.567725,1,p:2.1.4.1.2.2
U3749,150,FUSE1,348775.9,348775.9,350474.6,1698.7,1698.7,1003.0,0.590452,1,p:1.3.3.2.1.1
U3750,150,FUSE1,348857.9,348857.9,350629.4,1771.5,1771.5,1003.0,0.566187,1,p:2.2.2.1.1.2
U3751,150,FUSE1,348896.7,348896.7,350706.6,1809.9,1809.9,1003.0,0.554174,1,p:1.1.1.2.2.1
U3752,150,FUSE1,348973.9,348973.9,350745.4,1771.5,1771.5,1003.0,0.566187,1,p:2.3.5.1.3.2
U3753,150,FUSE1,349012.7,349012.7,350827.4,1814.7,1814.7,1003.0,0.552708,1,p:1.2.4.2.1.1
U3754,150,FUSE2,349094.7,349094.7,350861.4,1766.7,1766.7,1035.4,0.586064,1,p:2.1.3.1.2.2
U3755,150,FUSE2,349128.7,349128.7,350943.4,1814.7,1814.7,1035.4,0.570563,1,p:1.3.2.2.3.1
U3756,150,FUSE2,349210.7,349210.7,350982.2,1771.5,1771.5,1035.4,0.584476,1,p:2.2.1.1.1.2
U3757,150,FUSE2,349249.5,349249.5,351059.4,1809.9,1809.9,1035.4,0.572076,1,p:1.1.5.2.2.1
U3758,150,FUSE2,349326.7,349326.7,351098.2,1771.5,1771.5,1035.4,0.584476,1,p:2.3.4.1.3.2
U3759,150,FUSE2,349365.5,349365.5,351184.2,1818.7,1818.7,1035.4,0.569308,1,p:1.2.3.2.1.1
U3760,150,FUSE2,349447.5,349447.5,351300.2,1852.7,1852.7,1035.4,0.55886,1,p:2.1.2.2.3.1
U4935,197,FUSE0,349481.5,349481.5,351214.2,1732.7,1732.7,941.0,0.543083,1,p:1.3.1.1.2.2
U4936,197,FUSE0,349563.5,349563.5,351339.0,1775.5,1775.5,941.0,0.529992,1,p:2.2.5.1.1.2
U4937,197,FUSE0,349602.3,349602.3,351416.2,1813.9,1813.9,941.0,0.518772,1,p:1.1.4.2.2.1
U4938,197,FUSE0,349679.5,349679.5,351455.0,1775.5,1775.5,941.0,0.529992,1,p:2.3.3.1.3.2
U4939,197,FUSE0,349718.3,349718.3,351537.0,1818.7,1818.7,941.0,0.517403,1,p:1.2.1.2.1.1
U4940,197,FUSE0,349800.3,349800.3,351571.0,1770.7,1770.7,941.0,0.531428,1,p:2.1.2.1.2.2
U4941,197,FUSE0,349834.3,349834.3,351653.0,1818.7,1818.7,941.0,0.517403,1,p:1.3.5.2.3.1
U4942,197,FUSE0,349916.3,349916.3,351691.8,1775.5,1775.5,941.0,0.529992,1,p:2.2.4.1.1.2
U4943,197,FUSE1,349955.1,349955.1,351769.0,1813.9,1813.9,1003.0,0.552952,1,p:1.1.3.2.2.1
U4944,197,FUSE1,350032.3,350032.3,351807.8,1775.5,1775.5,1003.0,0.564911,1,p:2.3.1.1.3.2
U4945,197,FUSE1,350071.1,350071.1,351889.8,1818.7,1818.7,1003.0,0.551493,1,p:1.2.2.2.1.1
U4946,197,FUSE1,350153.1,350153.1,351923.8,1770.7,1770.7,1003.0,0.566443,1,p:2.1.5.1.2.2
U4947,197,FUSE1,350187.1,350187.1,352005.8,1818.7,1818.7,1003.0,0.551493,1,p:1.3.4.2.3.1
U4948,197,FUSE1,350269.1,350269.1,352044.6,1775.5,1775.5,1003.0,0.564911,1,p:2.2.3.1.1.2
U4949,197,FUSE1,350307.9,350307.9,352121.8,1813.9,1813.9,1003.0,0.552952,1,p:1.1.1.2.2.1
U4950,197,FUSE1,350385.1,350385.1,352160.6,1775.5,1775.5,1003.0,0.564911,1,p:2.3.2.1.3.2
U4951,197,FUSE2,350423.9,350423.9,352242.6,1818.7,1818.7,1035.4,0.569308,1,p:1.2.5.2.1.1
U4952,197,FUSE2,350505.9,350505.9,352276.6,1770.7,1770.7,1035.4,0.58474,1,p:2.1.4.1.2.2
U4953,197,FUSE2,350539.9,350539.9,352358.6,1818.7,1818.7,1035.4,0.569308,1,p:1.3.3.2.3.1
U4954,197,FUSE2,350621.9,350621.9,352397.4,1775.5,1775.5,1035.4,0.58316,1,p:2.2.1.1.1.2
U4955,197,FUSE2,350660.7,350660.7,352474.6,1813.9,1813.9,1035.4,0.570814,1,p:1.1.2.2.2.1
U4956,197,FUSE2,350737.9,350737.9,352513.4,1775.5,1775.5,1035.4,0.58316,1,p:2.3.5.1.3.2
U4957,197,FUSE2,350776.7,350776.7,352595.4,1818.7,1818.7,1035.4,0.569308,1,p:1.2.4.2.1.1
U4958,197,FUSE2,350858.7,350858.7,352629.4,1770.7,1770.7,1035.4,0.58474,1,p:2.1.3.1.2.2
U4959,197,FUSE2,350892.7,350892.7,352750.6,1857.9,1857.9,1035.4,0.557296,1,p:1.3.1.1.1.2
U5583,223,FUSE0,350974.7,350974.7,352711.4,1736.7,1736.7,941.0,0.541832,1,p:2.2.2.2.3.1
U5584,223,FUSE0,351013.5,351013.5,352866.6,1853.1,1853.1,941.0,0.507798,1,p:1.1.5.1.3.2
U5585,223,FUSE0,351090.7,351090.7,352827.4,1736.7,1736.7,941.0,0.541832,1,p:2.3.4.2.2.1
U5586,223,FUSE0,351129.5,351129.5,352948.2,1818.7,1818.7,941.0,0.517403,1,p:1.2.3.2.1.1
U5587,223,FUSE0,351215.5,351215.5,352982.6,1767.1,1767.1,941.0,0.532511,1,p:2.1.2.1.2.2
U5588,223,FUSE0,351245.5,351245.5,353180.2,1934.7,1934.7,941.0,0.48638,1,p:1.3.5.2.2.1
U5589,223,FUSE0,351331.5,351331.5,353103.4,1771.9,1771.9,941.0,0.531068,1,p:2.2.4.1.1.2
U5590,223,FUSE0,351370.3,351370.3,353064.2,1693.9,1693.9,941.0,0.555523,1,p:1.1.1.2.3.1
U5591,223,FUSE1,351447.5,351447.5,353219.4,1771.9,1771.9,1003.0,0.566059,1,p:2.3.3.1.3.2
U5592,223,FUSE1,351486.3,351486.3,353301.0,1814.7,1814.7,1003.0,0.552708,1,p:1.2.2.2.1.1
U5593,223,FUSE1,351568.3,351568.3,353456.2,1887.9,1887.9,1003.0,0.531278,1,p:2.1.5.1.1.2
U5594,223,FUSE1,351602.3,351602.3,353417.0,1814.7,1814.7,1003.0,0.552708,1,p:1.3.4.2.3.1
U5595,223,FUSE1,351684.3,351684.3,353335.4,1651.1,1651.1,1003.0,0.607474,1,p:2.2.1.1.2.2
U5596,223,FUSE1,351723.1,351723.1,353533.0,1809.9,1809.9,1003.0,0.554174,1,p:1.1.3.2.2.1
U5597,223,FUSE1,351800.3,351800.3,353572.2,1771.9,1771.9,1003.0,0.566059,1,p:2.3.2.1.3.2
U5598,223,FUSE1,351839.1,351839.1,353769.8,1930.7,1930.7,1003.0,0.519501,1,p:1.2.5.2.3.1
U5599,223,FUSE2,351921.1,351921.1,353688.2,1767.1,1767.1,1035.4,0.585932,1,p:2.1.4.1.2.2
U5600,223,FUSE2,351955.1,351955.1,353653.8,1698.7,1698.7,1035.4,0.609525,1,p:1.3.1.2.1.1
U5601,223,FUSE2,352037.1,352037.1,353809.0,1771.9,1771.9,1035.4,0.584344,1,p:2.2.3.1.1.2
U5602,223,FUSE2,352075.9,352075.9,353885.8,1809.9,1809.9,1035.4,0.572076,1,p:1.1.2.2.2.1
U5603,223,FUSE2,352153.1,352153.1,354041.0,1887.9,1887.9,1035.4,0.54844,1,p:2.3.5.1.2.2
U5604,223,FUSE2,352191.9,352191.9,354006.6,1814.7,1814.7,1035.4,0.570563,1,p:1.2.4.2.1.1
U5605,223,FUSE2,352273.9,352273.9,353925.0,1651.1,1651.1,1035.4,0.627097,1,p:2.1.1.1.3.2
U5606,223,FUSE2,352307.9,352307.9,354161.8,1853.9,1853.9,1035.4,0.558498,1,p:1.3.3.1.1.2
U7649,306,FUSE0,352389.9,352389.9,354122.6,1732.7,1732.7,941.0,0.543083,1,p:2.2.2.2.3.1
U7650,306,FUSE0,352428.7,352428.7,354359.4,1930.7,1930.7,941.0,0.487388,1,p:1.1.5.2.1.1
U7651,306,FUSE0,352505.9,352505.9,354277.8,1771.9,1771.9,941.0,0.531068,1,p:2.3.4.1.3.2
U7652,306,FUSE0,352544.7,352544.7,354238.6,1693.9,1693.9,941.0,0.555523,1,p:1.2.1.2.2.1
U7653,306,FUSE0,352626.7,352626.7,354393.8,1767.1,1767.1,941.0,0.532511,1,p:2.1.2.1.2.2
U7654,306,FUSE0,352660.7,352660.7,354475.4,1814.7,1814.7,941.0,0.518543,1,p:1.3.3.2.3.1
U7655,306,FUSE0,352742.7,352742.7,354514.6,1771.9,1771.9,941.0,0.531068,1,p:2.2.5.1.1.2
U7656,306,FUSE1,352781.9,352781.9,354591.4,1809.5,1809.5,1003.0,0.554297,1,p:1.1.4.2.2.1
U7657,306,FUSE1,352858.7,352858.7,354630.6,1771.9,1771.9,1003.0,0.566059,1,p:2.3.1.1.3.2
U7658,306,FUSE1,352897.9,352897.9,354712.2,1814.3,1814.3,1003.0,0.55283,1,p:1.2.2.2.1.1
U7659,306,FUSE1,352979.5,352979.5,354746.6,1767.1,1767.1,1003.0,0.567597,1,p:2.1.3.1.2.2
U7660,306,FUSE1,353013.9,353013.9,354828.2,1814.3,1814.3,1003.0,0.55283,1,p:1.3.5.2.3.1
U7661,306,FUSE1,353095.5,353095.5,354867.4,1771.9,1771.9,1003.0,0.566059,1,p:2.2.4.1.1.2
U7662,306,FUSE1,353134.7,353134.7,354944.2,1809.5,1809.5,1003.0,0.554297,1,p:1.1.1.2.2.1
U7663,306,FUSE2,353211.5,353211.5,354983.4,1771.9,1771.9,1035.4,0.584344,1,p:2.3.2.1.3.2
U7664,306,FUSE2,353250.7,353250.7,355065.0,1814.3,1814.3,1035.4,0.570688,1,p:1.2.3.2.1.1
U7665,306,FUSE2,353332.3,353332.3,355099.4,1767.1,1767.1,1035.4,0.585932,1,p:2.1.5.1.2.2
U7666,306,FUSE2,353366.7,353366.7,355181.0,1814.3,1814.3,1035.4,0.570688,1,p:1.3.4.2.3.1
U7667,306,FUSE2,353448.3,353448.3,355220.2,1771.9,1771.9,1035.4,0.584344,1,p:2.2.1.1.1.2
U7668,306,FUSE2,353487.5,353487.5,355297.0,1809.5,1809.5,1035.4,0.572202,1,p:1.1.2.2.2.1
U7669,306,FUSE2,353564.3,353564.3,355336.2,1771.9,1771.9,1035.4,0.584344,1,p:2.3.3.1.3.2
U7670,306,FUSE2,353603.5,353603.5,355560.6,1957.1,1957.1,1035.4,0.529048,1,p:1.2.5.2.3.1
U7828,313,FUSE0,353685.1,353685.1,355452.2,1767.1,1767.1,941.0,0.532511,1,p:2.1.4.1.2.2
U7829,313,FUSE0,353719.5,353719.5,355444.6,1725.1,1725.1,941.0,0.545476,1,p:1.3.1.2.1.1
U7830,313,FUSE0,353801.1,353801.1,355599.4,1798.3,1798.3,941.0,0.523272,1,p:2.2.2.1.1.2
U7831,313,FUSE0,353840.3,353840.3,355676.6,1836.3,1836.3,941.0,0.512444,1,p:1.1.3.2.2.1
U7832,313,FUSE0,353917.1,353917.1,355831.4,1914.3,1914.3,941.0,0.491563,1,p:2.3.5.1.2.2
U7833,313,FUSE0,353956.3,353956.3,355797.4,1841.1,1841.1,941.0,0.511107,1,p:1.2.4.2.1.1
U7834,313,FUSE0,354037.9,354037.9,355715.4,1677.5,1677.5,941.0,0.560954,1,p:2.1.1.1.3.2
U7835,313,FUSE0,354072.3,354072.3,355913.4,1841.1,1841.1,941.0,0.511107,1,p:1.3.2.2.3.1
U7836,313,FUSE0,354153.9,354153.9,355952.2,1798.3,1798.3,941.0,0.523272,1,p:2.2.3.1.1.2
U7837,313,FUSE1,354193.1,354193.1,356150.2,1957.1,1957.1,1003.0,0.512493,1,p:1.1.5.2.1.1
U7838,313,FUSE1,354269.9,354269.9,356068.2,1798.3,1798.3,1003.0,0.557749,1,p:2.3.4.1.3.2
U7839,313,FUSE1,354309.1,354309.1,356029.4,1720.3,1720.3,1003.0,0.583038,1,p:1.2.1.2.2.1
U7840,313,FUSE1,354390.7,354390.7,356184.2,1793.5,1793.5,1003.0,0.559242,1,p:2.1.2.1.2.2
U7841,313,FUSE1,354425.1,354425.1,356266.2,1841.1,1841.1,1003.0,0.544783,1,p:1.3.3.2.3.1
U7842,313,FUSE1,354506.7,354506.7,356421.0,1914.3,1914.3,1003.0,0.523951,1,p:2.2.5.1.3.2
U7843,313,FUSE1,354545.9,354545.9,356382.2,1836.3,1836.3,1003.0,0.546207,1,p:1.1.4.2.2.1
U7844,313,FUSE1,354622.7,354622.7,356305.0,1682.3,1682.3,1003.0,0.596208,1,p:2.3.1.1.1.2
U7845,313,FUSE1,354661.9,354661.9,356503.0,1841.1,1841.1,1003.0,0.544783,1,p:1.2.2.2.1.1
U7846,313,FUSE2,354743.5,354743.5,356537.0,1793.5,1793.5,1035.4,0.577307,1,p:2.1.3.1.2.2
U7847,313,FUSE2,354777.9,354777.9,356735.0,1957.1,1957.1,1035.4,0.529048,1,p:1.3.5.2.2.1
U7848,313,FUSE2,354859.5,354859.5,356657.8,1798.3,1798.3,1035.4,0.575766,1,p:2.2.4.1.1.2
U7849,313,FUSE2,354898.7,354898.7,356619.0,1720.3,1720.3,1035.4,0.601872,1,p:1.1.1.2.3.1
U7850,313,FUSE2,354975.5,354975.5,356773.8,1798.3,1798.3,1035.4,0.575766,1,p:2.3.2.1.3.2
U7851,313,FUSE2,355014.7,355014.7,356855.8,1841.1,1841.1,1035.4,0.562381,1,p:1.2.3.2.1.1
U7852,313,FUSE2,355096.3,355096.3,356971.8,1875.5,1875.5,1035.4,0.552066,1,p:2.1.5.2.3.1
U7853,313,FUSE2,355130.7,355130.7,357010.6,1879.9,1879.9,1035.4,0.550774,1,p:1.3.4.1.1.2
U1415,57,FUSE0,355212.3,355212.3,356889.8,1677.5,1677.5,941.0,0.560954,1,p:2.2.1.1.2.2
U1416,57,FUSE0,355251.5,355251.5,357087.8,1836.3,1836.3,941.0,0.512444,1,p:1.1.2.2.2.1
U1417,57,FUSE0,355328.3,355328.3,357126.6,1798.3,1798.3,941.0,0.523272,1,p:2.3.3.1.3.2
U1418,57,FUSE0,355367.5,355367.5,357208.6,1841.1,1841.1,941.0,0.511107,1,p:1.2.1.2.1.1
U1419,57,FUSE0,355475.9,355475.9,357242.6,1766.7,1766.7,941.0,0.532631,1,p:2.1.5.1.2.2
U1420,57,FUSE0,355483.5,355483.5,357324.6,1841.1,1841.1,941.0,0.511107,1,p:1.3.4.2.3.1
U1421,57,FUSE0,355591.9,355591.9,357363.4,1771.5,1771.5,941.0,0.531188,1,p:2.2.2.1.1.2
U1422,57,FUSE0,355630.7,355630.7,357440.6,1809.9,1809.9,941.0,0.519918,1,p:1.1.3.2.2.1
U1423,57,FUSE1,355707.9,355707.9,357479.4,1771.5,1771.5,1003.0,0.566187,1,p:2.3.1.1.3.2
U1424,57,FUSE1,355746.7,355746.7,357561.4,1814.7,1814.7,1003.0,0.552708,1,p:1.2.5.2.1.1
U1425,57,FUSE1,355828.7,355828.7,357595.4,1766.7,1766.7,1003.0,0.567725,1,p:2.1.4.1.2.2
U1426,57,FUSE1,355862.7,355862.7,357677.4,1814.7,1814.7,1003.0,0.552708,1,p:1.3.2.2.3.1
U1427,57,FUSE1,355944.7,355944.7,357716.2,1771.5,1771.5,1003.0,0.566187,1,p:2.2.3.1.1.2
U1428,57,FUSE1,355983.5,355983.5,357793.4,1809.9,1809.9,1003.0,0.554174,1,p:1.1.1.2.2.1
U1429,57,FUSE1,356060.7,356060.7,357832.2,1771.5,1771.5,1003.0,0.566187,1,p:2.3.5.1.3.2
U1430,57,FUSE1,356099.5,356099.5,357914.2,1814.7,1814.7,1003.0,0.552708,1,p:1.2.4.2.1.1
U1431,57,FUSE2,356181.5,356181.5,357948.2,1766.7,1766.7,1035.4,0.586064,1,p:2.1.2.1.2.2
U1432,57,FUSE2,356215.5,356215.5,358030.2,1814.7,1814.7,1035.4,0.570563,1,p:1.3.3.2.3.1
U1433,57,FUSE2,356297.5,356297.5,358069.0,1771.5,1771.5,1035.4,0.584476,1,p:2.2.1.1.1.2
U1434,57,FUSE2,356336.3,356336.3,358185.0,1848.7,1848.7,1035.4,0.560069,1,p:1.1.5.2.3.2
U1435,57,FUSE2,356413.5,356413.5,358146.2,1732.7,1732.7,1035.4,0.597564,1,p:2.3.4.1.2.1
U1436,57,FUSE2,356452.3,356452.3,358301.0,1848.7,1848.7,1035.4,0.560069,1,p:1.2.2.2.2.2
U1437,57,FUSE2,356534.3,356534.3,358297.8,1763.5,1763.5,1035.4,0.587128,1,p:2.1.3.1.1.1
U1438,57,FUSE2,356568.3,356568.3,358413.8,1845.5,1845.5,1035.4,0.56104,1,p:1.3.1.1.3.1
U1439,57,FUSE2,356650.3,356650.3,358568.6,1918.3,1918.3,1035.4,0.539749,1,p:2.2.5.2.3.2
U6751,270,FUSE0,356689.1,356689.1,358452.6,1763.5,1763.5,941.0,0.533598,1,p:1.1.4.2.1.2
U6752,270,FUSE0,356766.3,356766.3,358529.8,1763.5,1763.5,941.0,0.533598,1,p:2.3.2.1.2.1
U6753,270,FUSE0,356805.1,356805.1,358684.6,1879.5,1879.5,941.0,0.500665,1,p:1.2.3.2.2.2
U6754,270,FUSE0,356887.1,356887.1,358650.6,1763.5,1763.5,941.0,0.533598,1,p:2.1.4.1.1.1
U6755,270,FUSE0,356921.1,356921.1,358805.4,1884.3,1884.3,941.0,0.49939,1,p:1.3.1.2.1.2
U6756,270,FUSE0,357003.1,357003.1,358766.6,1763.5,1763.5,941.0,0.533598,1,p:2.2.5.1.3.1
U6757,270,FUSE0,357041.9,357041.9,358921.4,1879.5,1879.5,941.0,0.500665,1,p:1.1.2.2.3.2
U6758,270,FUSE0,357119.1,357119.1,358882.6,1763.5,1763.5,941.0,0.533598,1,p:2.3.3.1.2.1
U6759,270,FUSE1,357157.9,357157.9,359037.4,1879.5,1879.5,1003.0,0.533653,1,p:1.2.4.2.2.2
U6760,270,FUSE1,357239.9,357239.9,359003.4,1763.5,1763.5,1003.0,0.568755,1,p:2.1.1.1.1.1
U6761,270,FUSE1,357273.9,357273.9,359158.2,1884.3,1884.3,1003.0,0.532293,1,p:1.3.5.2.1.2
U6762,270,FUSE1,357355.9,357355.9,359119.4,1763.5,1763.5,1003.0,0.568755,1,p:2.2.2.1.3.1
U6763,270,FUSE1,357394.7,357394.7,359235.4,1840.7,1840.7,1003.0,0.544901,1,p:1.1.3.2.2.1
U6764,270,FUSE1,357471.9,357471.9,359274.2,1802.3,1802.3,1003.0,0.556511,1,p:2.3.4.1.3.2
U6765,270,FUSE1,357510.7,357510.7,359353.0,1842.3,1842.3,1003.0,0.544428,1,p:1.2.1.2.1.1
U6766,270,FUSE1,357592.7,357592.7,359390.2,1797.5,1797.5,1003.0,0.557997,1,p:2.1.5.1.2.2
U6767,270,FUSE2,357626.7,357626.7,359469.0,1842.3,1842.3,1035.4,0.562015,1,p:1.3.2.2.3.1
U6768,270,FUSE2,357708.7,357708.7,359507.8,1799.1,1799.1,1035.4,0.57551,1,p:2.2.3.1.1.2
U6769,270,FUSE2,357747.5,357747.5,359623.8,1876.3,1876.3,1035.4,0.551831,1,p:1.1.4.2.3.2
U6770,270,FUSE2,357824.7,357824.7,359585.0,1760.3,1760.3,1035.4,0.588195,1,p:2.3.1.1.2.1
U6771,270,FUSE2,357863.5,357863.5,359739.8,1876.3,1876.3,1035.4,0.551831,1,p:1.2.5.2.2.2
U6772,270,FUSE2,357945.5,357945.5,359720.2,1774.7,1774.7,1035.4,0.583423,1,p:2.1.2.1.1.1
U6773,270,FUSE2,357979.5,357979.5,359836.2,1856.7,1856.7,1035.4,0.557656,1,p:1.3.3.2.3.1
U6774,270,FUSE2,358061.5,358061.5,359952.2,1890.7,1890.7,1035.4,0.547628,1,p:2.2.4.2.2.1
U6775,270,FUSE2,358100.3,358100.3,359875.0,1774.7,1774.7,1035.4,0.583423,1,p:1.1.1.1.1.2
U1839,74,FUSE0,358177.5,358177.5,359991.0,1813.5,1813.5,941.0,0.518886,1,p:2.3.5.1.3.2
U1840,74,FUSE0,358216.3,358216.3,360069.8,1853.5,1853.5,941.0,0.507688,1,p:1.2.2.2.1.1
U1841,74,FUSE0,358329.1,358329.1,360107.0,1777.9,1777.9,941.0,0.529276,1,p:2.1.3.1.2.2
U1842,74,FUSE0,358332.3,358332.3,360301.8,1969.5,1969.5,941.0,0.477786,1,p:1.3.5.2.2.1
U1843,74,FUSE0,358445.1,358445.1,360224.6,1779.5,1779.5,941.0,0.5288,1,p:2.2.4.1.1.2
U1844,74,FUSE0,358483.9,358483.9,360185.8,1701.9,1701.9,941.0,0.552911,1,p:1.1.1.2.3.1
U1845,74,FUSE0,358561.1,358561.1,360340.6,1779.5,1779.5,941.0,0.5288,1,p:2.3.2.1.3.2
U1846,74,FUSE0,358599.9,358599.9,360419.4,1819.5,1819.5,941.0,0.517175,1,p:1.2.3.2.1.1
U1847,74,FUSE1,358681.9,358681.9,360574.2,1892.3,1892.3,1003.0,0.530043,1,p:2.1.5.1.1.2
U1848,74,FUSE1,358715.9,358715.9,360535.4,1819.5,1819.5,1003.0,0.55125,1,p:1.3.4.2.3.1
U1849,74,FUSE1,358797.9,358797.9,360456.6,1658.7,1658.7,1003.0,0.60469,1,p:2.2.1.1.2.2
U1850,74,FUSE1,358836.7,358836.7,360651.4,1814.7,1814.7,1003.0,0.552708,1,p:1.1.2.2.2.1
U1851,74,FUSE1,358913.9,358913.9,360690.2,1776.3,1776.3,1003.0,0.564657,1,p:2.3.3.1.3.2
U1852,74,FUSE1,358952.7,358952.7,360885.0,1932.3,1932.3,1003.0,0.519071,1,p:1.2.5.2.3.1
U1853,74,FUSE1,359034.7,359034.7,360806.2,1771.5,1771.5,1003.0,0.566187,1,p:2.1.4.1.2.2
U1854,74,FUSE1,359068.7,359068.7,360769.0,1700.3,1700.3,1003.0,0.589896,1,p:1.3.1.2.1.1
U1855,74,FUSE2,359150.7,359150.7,360923.8,1773.1,1773.1,1035.4,0.583949,1,p:2.2.2.1.1.2
U1856,74,FUSE2,359189.5,359189.5,361001.0,1811.5,1811.5,1035.4,0.571571,1,p:1.1.3.2.2.1
U1857,74,FUSE2,359266.7,359266.7,361155.8,1889.1,1889.1,1035.4,0.548092,1,p:2.3.5.1.2.2
U1858,74,FUSE2,359305.5,359305.5,361118.6,1813.1,1813.1,1035.4,0.571066,1,p:1.2.4.2.1.1
U1859,74,FUSE2,359384.3,359384.3,361039.8,1655.5,1655.5,1035.4,0.62543,1,p:2.1.1.1.3.2
U1860,74,FUSE2,359421.5,359421.5,361234.6,1813.1,1813.1,1035.4,0.571066,1,p:1.3.2.2.3.1
U1861,74,FUSE2,359500.3,359500.3,361275.4,1775.1,1775.1,1035.4,0.583291,1,p:2.2.3.1.1.2
U1862,74,FUSE2,359539.1,359539.1,361514.2,1975.1,1975.1,1035.4,0.524227,1,p:1.1.5.1.2.2
U1863,74,FUSE2,359616.3,359616.3,361391.4,1775.1,1775.1,1035.4,0.583291,1,p:2.3.4.1.3.2
U5255,210,FUSE0,359655.1,359655.1,361350.6,1695.5,1695.5,941.0,0.554999,1,p:1.2.1.2.2.1
U5256,210,FUSE0,359751.5,359751.5,361471.4,1719.9,1719.9,941.0,0.547125,1,p:2.1.2.2.1.1
U5257,210,FUSE0,359771.1,359771.1,361587.4,1816.3,1816.3,941.0,0.518086,1,p:1.3.3.2.3.1
U5258,210,FUSE0,359867.5,359867.5,361671.8,1804.3,1804.3,941.0,0.521532,1,p:2.2.1.1.1.2
U5259,210,FUSE0,359906.3,359906.3,361866.6,1960.3,1960.3,941.0,0.480029,1,p:1.1.5.2.1.1
U5260,210,FUSE0,359983.5,359983.5,361787.8,1804.3,1804.3,941.0,0.521532,1,p:2.3.2.1.3.2
U5261,210,FUSE0,360022.3,360022.3,361709.0,1686.7,1686.7,941.0,0.557894,1,p:1.2.4.2.2.1
U5262,210,FUSE0,360101.1,360101.1,361903.8,1802.7,1802.7,941.0,0.521995,1,p:2.1.3.1.2.2
U5263,210,FUSE0,360138.3,360138.3,361982.6,1844.3,1844.3,941.0,0.510221,1,p:1.3.1.2.3.1
U5264,210,FUSE1,360217.1,360217.1,362140.6,1923.5,1923.5,1003.0,0.521445,1,p:2.2.5.1.3.2
U5265,210,FUSE1,360255.9,360255.9,362098.6,1842.7,1842.7,1003.0,0.54431,1,p:1.1.2.2.2.1
U5266,210,FUSE1,360333.1,360333.1,362024.6,1691.5,1691.5,1003.0,0.592965,1,p:2.3.4.1.1.2
U5267,210,FUSE1,360371.9,360371.9,362219.4,1847.5,1847.5,1003.0,0.542896,1,p:1.2.3.2.1.1
U5268,210,FUSE1,360450.7,360450.7,362256.6,1805.9,1805.9,1003.0,0.555402,1,p:2.1.1.1.2.2
U5269,210,FUSE1,360487.9,360487.9,362451.4,1963.5,1963.5,1003.0,0.510823,1,p:1.3.5.2.2.1
U5270,210,FUSE1,360566.7,360566.7,362377.4,1810.7,1810.7,1003.0,0.553929,1,p:2.2.2.1.1.2
U5271,210,FUSE1,360605.5,360605.5,362335.4,1729.9,1729.9,1003.0,0.579802,1,p:1.1.4.2.3.1
U5272,210,FUSE1,360682.7,360682.7,362493.4,1810.7,1810.7,1003.0,0.553929,1,p:2.3.3.1.3.2
U5273,210,FUSE2,360721.5,360721.5,362572.2,1850.7,1850.7,1035.4,0.559464,1,p:1.2.1.2.1.1
U5274,210,FUSE2,360800.3,360800.3,362747.0,1946.7,1946.7,1035.4,0.531874,1,p:2.1.5.1.1.2
U5275,210,FUSE2,360837.5,360837.5,362688.2,1850.7,1850.7,1035.4,0.559464,1,p:1.3.2.2.3.1
U5276,210,FUSE2,360916.3,360916.3,362609.4,1693.1,1693.1,1035.4,0.611541,1,p:2.2.4.1.2.2
U5277,210,FUSE2,360955.1,360955.1,362804.2,1849.1,1849.1,1035.4,0.559948,1,p:1.1.3.2.2.1
U5278,210,FUSE2,361032.3,361032.3,362863.0,1830.7,1830.7,1035.4,0.565576,1,p:2.3.1.1.3.2
U5279,210,FUSE2,361071.1,361071.1,362979.0,1907.9,1907.9,1035.4,0.542691,1,p:1.2.5.1.2.2
U5280,210,FUSE2,361149.9,361149.9,362944.2,1794.3,1794.3,1035.4,0.57705,1,p:2.1.2.2.1.1
U5281,210,FUSE2,361187.1,361187.1,363060.2,1873.1,1873.1,1035.4,0.552773,1,p:1.3.4.2.3.1
U5282,210,FUSE2,361265.9,361265.9,363099.8,1833.9,1833.9,1035.4,0.564589,1,p:2.2.3.1.1.2
U4543,182,FUSE0,361306.7,361306.7,363176.2,1869.5,1869.5,941.0,0.503343,1,p:1.1.1.2.2.1
U4544,182,FUSE0,361381.9,361381.9,363331.8,1949.9,1949.9,941.0,0.482589,1,p:2.3.5.1.2.2
U4545,182,FUSE0,361422.7,361422.7,363297.0,1874.3,1874.3,941.0,0.502054,1,p:1.2.2.2.1.1
U4546,182,FUSE0,361502.7,361502.7,363215.8,1713.1,1713.1,941.0,0.549297,1,p:2.1.4.1.3.2
U4547,182,FUSE0,361545.5,361545.5,363413.0,1867.5,1867.5,941.0,0.503882,1,p:1.3.3.2.3.1
U4548,182,FUSE0,361618.7,361618.7,363452.6,1833.9,1833.9,941.0,0.513114,1,p:2.2.1.1.1.2
U4549,182,FUSE0,361703.1,361703.1,363529.0,1825.9,1825.9,941.0,0.515362,1,p:1.1.5.2.2.1
U4550,182,FUSE0,361740.3,361740.3,363568.6,1828.3,1828.3,941.0,0.514686,1,p:2.3.2.1.3.2
U4551,182,FUSE1,361819.1,361819.1,363649.8,1830.7,1830.7,1003.0,0.547878,1,p:1.2.4.2.1.1
U4552,182,FUSE1,361897.9,361897.9,363684.6,1786.7,1786.7,1003.0,0.56137,1,p:2.1.3.1.2.2
U4553,182,FUSE1,361935.1,361935.1,363765.8,1830.7,1830.7,1003.0,0.547878,1,p:1.3.1.2.3.1
U4554,182,FUSE1,362013.9,362013.9,363805.4,1791.5,1791.5,1003.0,0.559866,1,p:2.2.5.1.1.2
U4555,182,FUSE1,362055.9,362055.9,363881.8,1825.9,1825.9,1003.0,0.549318,1,p:1.1.2.2.2.1
U4556,182,FUSE1,362129.9,362129.9,363921.4,1791.5,1791.5,1003.0,0.559866,1,p:2.3.4.1.3.2
U4557,182,FUSE1,362171.9,362171.9,364002.6,1830.7,1830.7,1003.0,0.547878,1,p:1.2.3.2.1.1
U4558,182,FUSE1,362250.7,362250.7,364037.4,1786.7,1786.7,1003.0,0.56137,1,p:2.1.1.1.2.2
U4559,182,FUSE2,362287.9,362287.9,364118.6,1830.7,1830.7,1035.4,0.565576,1,p:1.3.5.2.3.1
U4560,182,FUSE2,362366.7,362366.7,364158.2,1791.5,1791.5,1035.4,0.577951,1,p:2.2.2.1.1.2
U4561,182,FUSE2,362408.7,362408.7,364234.6,1825.9,1825.9,1035.4,0.567063,1,p:1.1.4.2.2.1
U4562,182,FUSE2,362482.7,362482.7,364274.2,1791.5,1791.5,1035.4,0.577951,1,p:2.3.3.1.3.2
U4563,182,FUSE2,362524.7,362524.7,364366.2,1841.5,1841.5,1035.4,0.562259,1,p:1.2.1.2.1.1
U4564,182,FUSE2,362603.5,362603.5,364550.2,1946.7,1946.7,1035.4,0.531874,1,p:2.1.5.1.1.2
U4565,182,FUSE2,362640.7,362640.7,364482.2,1841.5,1841.5,1035.4,0.562259,1,p:1.3.2.2.3.1
U4566,182,FUSE2,362719.5,362719.5,364598.2,1878.7,1878.7,1035.4,0.551126,1,p:2.2.4.2.2.1
U4567,182,FUSE2,362778.3,362778.3,364666.2,1887.9,1887.9,1035.4,0.54844,1,p:1.1.3.1.3.2
U8381,335,FUSE0,362835.5,362835.5,364392.6,1557.1,1557.1,941.0,0.604329,1,p:2.3.1.1.2.2
U8382,335,FUSE0,362894.3,362894.3,364861.0,1966.7,1966.7,941.0,0.478466,1,p:1.2.5.2.3.1
U8383,335,FUSE0,362975.5,362975.5,364782.2,1806.7,1806.7,941.0,0.520839,1,p:2.1.2.1.2.2
U8384,335,FUSE0,363010.3,363010.3,364745.0,1734.7,1734.7,941.0,0.542457,1,p:1.3.1.2.1.1
U8385,335,FUSE0,363091.5,363091.5,364903.0,1811.5,1811.5,941.0,0.519459,1,p:2.2.4.1.1.2
U8386,335,FUSE0,363131.1,363131.1,364977.0,1845.9,1845.9,941.0,0.509778,1,p:1.1.3.2.2.1
U8387,335,FUSE0,363207.5,363207.5,365019.0,1811.5,1811.5,941.0,0.519459,1,p:2.3.5.1.3.2
U8388,335,FUSE0,363247.1,363247.1,365097.8,1850.7,1850.7,941.0,0.508456,1,p:1.2.2.2.1.1
U8389,335,FUSE1,363328.3,363328.3,365135.0,1806.7,1806.7,1003.0,0.555156,1,p:2.1.1.1.2.2
U8390,335,FUSE1,363363.1,363363.1,365213.8,1850.7,1850.7,1003.0,0.541957,1,p:1.3.4.2.3.1
U8391,335,FUSE1,363444.3,363444.3,365255.8,1811.5,1811.5,1003.0,0.553685,1,p:2.2.3.1.1.2
U8392,335,FUSE1,363483.9,363483.9,365329.8,1845.9,1845.9,1003.0,0.543366,1,p:1.1.5.2.2.1
U8393,335,FUSE1,363560.3,363560.3,365371.8,1811.5,1811.5,1003.0,0.553685,1,p:2.3.2.1.3.2
U8394,335,FUSE1,363599.9,363599.9,365450.6,1850.7,1850.7,1003.0,0.541957,1,p:1.2.1.2.1.1
U8395,335,FUSE1,363681.1,363681.1,365487.8,1806.7,1806.7,1003.0,0.555156,1,p:2.1.4.1.2.2
U8396,335,FUSE1,363715.9,363715.9,365566.6,1850.7,1850.7,1003.0,0.541957,1,p:1.3.3.2.3.1
U8397,335,FUSE2,363797.1,363797.1,365608.6,1811.5,1811.5,1035.4,0.571571,1,p:2.2.5.1.1.2
U8398,335,FUSE2,363836.7,363836.7,365682.6,1845.9,1845.9,1035.4,0.560919,1,p:1.1.2.2.2.1
U8399,335,FUSE2,363913.1,363913.1,365724.6,1811.5,1811.5,1035.4,0.571571,1,p:2.3.1.1.3.2
U8400,335,FUSE2,363952.7,363952.7,365803.4,1850.7,1850.7,1035.4,0.559464,1,p:1.2.4.2.1.1
U8401,335,FUSE2,364033.9,364033.9,365840.6,1806.7,1806.7,1035.4,0.573089,1,p:2.1.3.1.2.2
U8402,335,FUSE2,364068.7,364068.7,366035.4,1966.7,1966.7,1035.4,0.526466,1,p:1.3.5.2.2.1
U8403,335,FUSE2,364149.9,364149.9,365961.4,1811.5,1811.5,1035.4,0.571571,1,p:2.2.2.1.1.2
U1316,53,FUSE0,364189.5,364189.5,365919.4,1729.9,1729.9,941.0,0.543962,1,p:1.1.1.2.3.1
U1317,53,FUSE0,364265.9,364265.9,366077.4,1811.5,1811.5,941.0,0.519459,1,p:2.3.4.1.3.2
U1318,53,FUSE0,364305.5,364305.5,366156.2,1850.7,1850.7,941.0,0.508456,1,p:1.2.3.2.1.1
U1319,53,FUSE0,364397.5,364397.5,366314.2,1916.7,1916.7,941.0,0.490948,1,p:2.1.5.1.1.2
U1320,53,FUSE0,364423.9,364423.9,366272.2,1848.3,1848.3,941.0,0.509116,1,p:1.3.2.2.3.1
U1321,53,FUSE0,364513.5,364513.5,366193.4,1679.9,1679.9,941.0,0.560152,1,p:2.2.1.1.2.2
U1322,53,FUSE0,364581.5,364581.5,366388.2,1806.7,1806.7,941.0,0.520839,1,p:1.1.4.2.2.1
U1323,53,FUSE0,364629.5,364629.5,366430.2,1800.7,1800.7,941.0,0.522575,1,p:2.3.3.1.3.2
U1324,53,FUSE1,364697.5,364697.5,366625.0,1927.5,1927.5,1003.0,0.520363,1,p:1.2.5.2.3.1
U1325,53,FUSE1,364776.3,364776.3,366546.2,1769.9,1769.9,1003.0,0.566699,1,p:2.1.2.1.2.2
U1326,53,FUSE1,364813.5,364813.5,366509.0,1695.5,1695.5,1003.0,0.591566,1,p:1.3.1.2.1.1
U1327,53,FUSE1,364892.3,364892.3,366667.0,1774.7,1774.7,1003.0,0.565166,1,p:2.2.4.1.1.2
U1328,53,FUSE1,364934.3,364934.3,366741.0,1806.7,1806.7,1003.0,0.555156,1,p:1.1.3.2.2.1
U1329,53,FUSE1,365008.3,365008.3,366899.0,1890.7,1890.7,1003.0,0.530491,1,p:2.3.5.1.2.2
U1330,53,FUSE1,365050.3,365050.3,366861.8,1811.5,1811.5,1003.0,0.553685,1,p:1.2.2.2.1.1
U1331,53,FUSE1,365129.1,365129.1,366783.0,1653.9,1653.9,1003.0,0.606445,1,p:2.1.1.1.3.2
U1332,53,FUSE2,365166.3,365166.3,366977.8,1811.5,1811.5,1035.4,0.571571,1,p:1.3.4.2.3.1
U1333,53,FUSE2,365245.1,365245.1,367019.8,1774.7,1774.7,1035.4,0.583423,1,p:2.2.3.1.1.2
U1334,53,FUSE2,365287.1,365287.1,367214.6,1927.5,1927.5,1035.4,0.537173,1,p:1.1.5.2.1.1
U1335,53,FUSE2,365361.1,365361.1,367135.8,1774.7,1774.7,1035.4,0.583423,1,p:2.3.2.1.3.2
U1336,53,FUSE2,365403.1,365403.1,367093.8,1690.7,1690.7,1035.4,0.612409,1,p:1.2.1.2.2.1
U1337,53,FUSE2,365481.9,365481.9,367251.8,1769.9,1769.9,1035.4,0.585005,1,p:2.1.4.1.2.2
U1338,53,FUSE2,365519.1,365519.1,367330.6,1811.5,1811.5,1035.4,0.571571,1,p:1.3.3.2.3.1
U1339,53,FUSE2,365597.9,365597.9,367567.4,1969.5,1969.5,1035.4,0.525717,1,p:2.2.5.2.1.1
U3165,127,FUSE0,365639.9,365639.9,367372.6,1732.7,1732.7,941.0,0.543083,1,p:1.1.2.1.1.2
U3166,127,FUSE0,365713.9,365713.9,367446.6,1732.7,1732.7,941.0,0.543083,1,p:2.3.1.2.2.1
U3167,127,FUSE0,365755.9,365755.9,367488.6,1732.7,1732.7,941.0,0.543083,1,p:1.2.4.1.3.2
U3168,127,FUSE0,365834.7,365834.7,367604.6,1769.9,1769.9,941.0,0.531668,1,p:2.1.3.1.2.2
U3169,127,FUSE0,365871.9,365871.9,367683.4,1811.5,1811.5,941.0,0.519459,1,p:1.3.2.2.3.1
U3170,127,FUSE0,365950.7,365950.7,367725.4,1774.7,1774.7,941.0,0.53023,1,p:2.2.1.1.1.2
U3171,127,FUSE0,365992.7,365992.7,367799.4,1806.7,1806.7,941.0,0.520839,1,p:1.1.4.2.2.1
U3172,127,FUSE1,366066.7,366066.7,367841.4,1774.7,1774.7,1003.0,0.565166,1,p:2.3.5.1.3.2
U3173,127,FUSE1,366108.7,366108.7,367920.2,1811.5,1811.5,1003.0,0.553685,1,p:1.2.3.2.1.1
U3174,127,FUSE1,366187.5,366187.5,367957.4,1769.9,1769.9,1003.0,0.566699,1,p:2.1.2.1.2.2
U3175,127,FUSE1,366224.7,366224.7,368036.2,1811.5,1811.5,1003.0,0.553685,1,p:1.3.1.2.3.1
U3176,127,FUSE1,366303.5,366303.5,368078.2,1774.7,1774.7,1003.0,0.565166,1,p:2.2.4.1.1.2
U3177,127,FUSE1,366345.5,366345.5,368152.2,1806.7,1806.7,1003.0,0.555156,1,p:1.1.5.2.2.1
U3178,127,FUSE1,366419.5,366419.5,368194.2,1774.7,1774.7,1003.0,0.565166,1,p:2.3.3.1.3.2
U3179,127,FUSE2,366461.5,366461.5,368273.0,1811.5,1811.5,1035.4,0.571571,1,p:1.2.2.2.1.1
U3180,127,FUSE2,366540.3,366540.3,368310.2,1769.9,1769.9,1035.4,0.585005,1,p:2.1.1.1.2.2
U3181,127,FUSE2,366577.5,366577.5,368389.0,1811.5,1811.5,1035.4,0.571571,1,p:1.3.4.2.3.1
U3182,127,FUSE2,366656.3,366656.3,368431.0,1774.7,1774.7,1035.4,0.583423,1,p:2.2.5.1.1.2
U3183,127,FUSE2,366698.3,366698.3,368505.0,1806.7,1806.7,1035.4,0.573089,1,p:1.1.3.2.2.1
U3184,127,FUSE2,366772.3,366772.3,368547.0,1774.7,1774.7,1035.4,0.583423,1,p:2.3.2.1.3.2
U3185,127,FUSE2,366814.3,366814.3,368625.8,1811.5,1811.5,1035.4,0.571571,1,p:1.2.1.2.1.1
U3186,127,FUSE2,366893.1,366893.1,368741.8,1848.7,1848.7,1035.4,0.560069,1,p:2.1.4.2.3.1
U6700,268,FUSE0,366930.3,366930.3,368783.8,1853.5,1853.5,941.0,0.507688,1,p:1.3.5.1.1.2
U6701,268,FUSE0,367009.1,367009.1,368663.0,1653.9,1653.9,941.0,0.568958,1,p:2.2.3.1.2.2
U6702,268,FUSE0,367051.1,367051.1,368857.8,1806.7,1806.7,941.0,0.520839,1,p:1.1.2.2.2.1
U6703,268,FUSE0,367125.1,367125.1,368899.8,1774.7,1774.7,941.0,0.53023,1,p:2.3.1.1.3.2
U6704,268,FUSE0,367167.1,367167.1,369094.6,1927.5,1927.5,941.0,0.488197,1,p:1.2.5.2.3.1
U6705,268,FUSE0,367245.9,367245.9,369015.8,1769.9,1769.9,941.0,0.531668,1,p:2.1.4.1.2.2
U6706,268,FUSE0,367283.1,367283.1,368978.6,1695.5,1695.5,941.0,0.554999,1,p:1.3.3.2.1.1
U6707,268,FUSE0,367361.9,367361.9,369136.6,1774.7,1774.7,941.0,0.53023,1,p:2.2.2.1.1.2
U6708,268,FUSE0,367403.9,367403.9,369210.6,1806.7,1806.7,941.0,0.520839,1,p:1.1.1.2.2.1
U6709,268,FUSE1,367477.9,367477.9,369368.6,1890.7,1890.7,1003.0,0.530491,1,p:2.3.5.1.2.2
U6710,268,FUSE1,367519.9,367519.9,369331.4,1811.5,1811.5,1003.0,0.553685,1,p:1.2.4.2.1.1
U6711,268,FUSE1,367598.7,367598.7,369252.6,1653.9,1653.9,1003.0,0.606445,1,p:2.1.3.1.3.2
U6712,268,FUSE1,367635.9,367635.9,369447.4,1811.5,1811.5,1003.0,0.553685,1,p:1.3.2.2.3.1
U6713,268,FUSE1,367714.7,367714.7,369489.4,1774.7,1774.7,1003.0,0.565166,1,p:2.2.1.1.1.2
U6714,268,FUSE1,367756.7,367756.7,369684.2,1927.5,1927.5,1003.0,0.520363,1,p:1.1.5.2.1.1
U6715,268,FUSE1,367830.7,367830.7,369605.4,1774.7,1774.7,1003.0,0.565166,1,p:2.3.4.1.3.2
U6716,268,FUSE1,367872.7,367872.7,369563.4,1690.7,1690.7,1003.0,0.593245,1,p:1.2.3.2.2.1
U6717,268,FUSE1,367951.5,367951.5,369721.4,1769.9,1769.9,1003.0,0.566699,1,p:2.1.2.1.2.2
U6718,268,FUSE2,367988.7,367988.7,369800.2,1811.5,1811.5,1035.4,0.571571,1,p:1.3.1.2.3.1
U6719,268,FUSE2,368067.5,368067.5,369958.2,1890.7,1890.7,1035.4,0.547628,1,p:2.2.5.1.3.2
U6720,268,FUSE2,368109.5,368109.5,369916.2,1806.7,1806.7,1035.4,0.573089,1,p:1.1.4.2.2.1
U6721,268,FUSE2,368183.5,368183.5,369842.2,1658.7,1658.7,1035.4,0.624224,1,p:2.3.3.1.1.2
U6722,268,FUSE2,368225.5,368225.5,370037.0,1811.5,1811.5,1035.4,0.571571,1,p:1.2.2.2.1.1
U6723,268,FUSE2,368304.3,368304.3,370074.2,1769.9,1769.9,1035.4,0.585005,1,p:2.1.1.1.2.2
U6724,268,FUSE2,368341.5,368341.5,370269.0,1927.5,1927.5,1035.4,0.537173,1,p:1.3.5.2.2.1
U6725,268,FUSE2,368420.3,368420.3,370195.0,1774.7,1774.7,1035.4,0.583423,1,p:2.2.4.1.1.2
U6726,268,FUSE2,368462.3,368462.3,370153.0,1690.7,1690.7,1035.4,0.612409,1,p:1.1.3.2.3.1
U6727,268,FUSE2,368536.3,368536.3,370397.8,1861.5,1861.5,1035.4,0.556218,1,p:2.3.2.2.1.1
U6072,243,FUSE0,368578.3,368578.3,370311.0,1732.7,1732.7,941.0,0.543083,1,p:1.2.1.1.3.2
U6073,243,FUSE0,368657.1,368657.1,370552.6,1895.5,1895.5,941.0,0.496439,1,p:2.1.5.1.1.2
U6074,243,FUSE0,368694.3,368694.3,370513.8,1819.5,1819.5,941.0,0.517175,1,p:1.3.4.2.3.1
U6075,243,FUSE0,368773.1,368773.1,370427.0,1653.9,1653.9,941.0,0.568958,1,p:2.2.3.1.2.2
U6076,243,FUSE0,368815.1,368815.1,370629.8,1814.7,1814.7,941.0,0.518543,1,p:1.1.1.2.2.1
U6077,243,FUSE0,368889.1,368889.1,370668.6,1779.5,1779.5,941.0,0.5288,1,p:2.3.2.1.3.2
U6078,243,FUSE0,368931.1,368931.1,370866.6,1935.5,1935.5,941.0,0.486179,1,p:1.2.5.2.3.1
U6079,243,FUSE0,369009.9,369009.9,370784.6,1774.7,1774.7,941.0,0.53023,1,p:2.1.4.1.2.2
U6080,243,FUSE0,369047.1,369047.1,370750.6,1703.5,1703.5,941.0,0.552392,1,p:1.3.3.2.1.1
U6081,243,FUSE1,369125.9,369125.9,370905.4,1779.5,1779.5,1003.0,0.563641,1,p:2.2.1.1.1.2
U6082,243,FUSE1,369167.9,369167.9,370982.6,1814.7,1814.7,1003.0,0.552708,1,p:1.1.2.2.2.1
U6083,243,FUSE1,369241.9,369241.9,371137.4,1895.5,1895.5,1003.0,0.529148,1,p:2.3.5.1.2.2
U6084,243,FUSE1,369283.9,369283.9,371103.4,1819.5,1819.5,1003.0,0.55125,1,p:1.2.4.2.1.1
U6085,243,FUSE1,369362.7,369362.7,371021.4,1658.7,1658.7,1003.0,0.60469,1,p:2.1.3.1.3.2
U6086,243,FUSE1,369399.9,369399.9,371219.4,1819.5,1819.5,1003.0,0.55125,1,p:1.3.1.2.3.1
U6087,243,FUSE1,369478.7,369478.7,371258.2,1779.5,1779.5,1003.0,0.563641,1,p:2.2.2.1.1.2
U6088,243,FUSE1,369520.7,369520.7,371335.4,1814.7,1814.7,1003.0,0.552708,1,p:1.1.5.2.2.1
U6089,243,FUSE1,369594.7,369594.7,371374.2,1779.5,1779.5,1003.0,0.563641,1,p:2.3.4.1.3.2
U6090,243,FUSE2,369636.7,369636.7,371456.2,1819.5,1819.5,1035.4,0.569057,1,p:1.2.3.2.1.1
U6091,243,FUSE2,369715.5,369715.5,371490.2,1774.7,1774.7,1035.4,0.583423,1,p:2.1.1.1.2.2
U6092,243,FUSE2,369752.7,369752.7,371572.2,1819.5,1819.5,1035.4,0.569057,1,p:1.3.2.2.3.1
U6093,243,FUSE2,369831.5,369831.5,371611.0,1779.5,1779.5,1035.4,0.581849,1,p:2.2.5.1.1.2
U6094,243,FUSE2,369873.5,369873.5,371688.2,1814.7,1814.7,1035.4,0.570563,1,p:1.1.4.2.2.1
U6095,243,FUSE2,369947.5,369947.5,371727.0,1779.5,1779.5,1035.4,0.581849,1,p:2.3.3.1.3.2
U6096,243,FUSE2,369989.5,369989.5,371809.0,1819.5,1819.5,1035.4,0.569057,1,p:1.2.1.2.1.1
U6097,243,FUSE2,370068.3,370068.3,371925.0,1856.7,1856.7,1035.4,0.557656,1,p:2.1.2.2.3.1
U6098,243,FUSE2,370105.5,370105.5,372041.0,1935.5,1935.5,1035.4,0.534952,1,p:1.3.5.2.2.1
U2404,97,FUSE0,370184.3,370184.3,371843.0,1658.7,1658.7,941.0,0.567312,1,p:2.2.4.1.2.2
U2405,97,FUSE0,370226.3,370226.3,371963.8,1737.5,1737.5,941.0,0.541583,1,p:1.1.3.1.1.2
U2406,97,FUSE0,370300.3,370300.3,372079.8,1779.5,1779.5,941.0,0.5288,1,p:2.3.1.1.3.2
U2407,97,FUSE0,370342.3,370342.3,372161.8,1819.5,1819.5,941.0,0.517175,1,p:1.2.4.2.1.1
U2408,97,FUSE0,370429.1,370429.1,372195.8,1766.7,1766.7,941.0,0.532631,1,p:2.1.2.1.2.2
U2409,97,FUSE0,370458.3,370458.3,372277.8,1819.5,1819.5,941.0,0.517175,1,p:1.3.3.2.3.1
U2410,97,FUSE0,370545.1,370545.1,372316.6,1771.5,1771.5,941.0,0.531188,1,p:2.2.5.1.1.2
U2411,97,FUSE0,370583.9,370583.9,372393.8,1809.9,1809.9,941.0,0.519918,1,p:1.1.1.2.2.1
U2412,97,FUSE1,370661.1,370661.1,372432.6,1771.5,1771.5,1003.0,0.566187,1,p:2.3.4.1.3.2
U2413,97,FUSE1,370699.9,370699.9,372514.6,1814.7,1814.7,1003.0,0.552708,1,p:1.2.2.2.1.1
U2414,97,FUSE1,370781.9,370781.9,372548.6,1766.7,1766.7,1003.0,0.567725,1,p:2.1.3.1.2.2
U2415,97,FUSE1,370815.9,370815.9,372630.6,1814.7,1814.7,1003.0,0.552708,1,p:1.3.5.2.3.1
U2416,97,FUSE1,370897.9,370897.9,372669.4,1771.5,1771.5,1003.0,0.566187,1,p:2.2.1.1.1.2
U2417,97,FUSE1,370936.7,370936.7,372746.6,1809.9,1809.9,1003.0,0.554174,1,p:1.1.4.2.2.1
U2418,97,FUSE1,371013.9,371013.9,372785.4,1771.5,1771.5,1003.0,0.566187,1,p:2.3.2.1.3.2
U2419,97,FUSE1,371052.7,371052.7,372867.4,1814.7,1814.7,1003.0,0.552708,1,p:1.2.3.2.1.1
U2420,97,FUSE2,371134.7,371134.7,372901.4,1766.7,1766.7,1035.4,0.586064,1,p:2.1.5.1.2.2
U2421,97,FUSE2,371168.7,371168.7,372983.4,1814.7,1814.7,1035.4,0.570563,1,p:1.3.1.2.3.1
U2422,97,FUSE2,371250.7,371250.7,373032.2,1781.5,1781.5,1035.4,0.581196,1,p:2.2.4.1.1.2
U2423,97,FUSE2,371289.5,371289.5,373099.4,1809.9,1809.9,1035.4,0.572076,1,p:1.1.2.2.2.1
U2424,97,FUSE2,371366.7,371366.7,373148.2,1781.5,1781.5,1035.4,0.581196,1,p:2.3.3.1.3.2
U2425,97,FUSE2,371405.5,371405.5,373227.0,1821.5,1821.5,1035.4,0.568433,1,p:1.2.5.2.1.1
U2426,97,FUSE2,371487.5,371487.5,373343.0,1855.5,1855.5,1035.4,0.558017,1,p:2.1.1.2.3.1
U5479,219,FUSE0,371521.5,371521.5,373385.0,1863.5,1863.5,941.0,0.504964,1,p:1.3.4.1.1.2
U5480,219,FUSE0,371603.5,371603.5,373264.2,1660.7,1660.7,941.0,0.566629,1,p:2.2.2.1.2.2
U5481,219,FUSE0,371642.3,371642.3,373459.0,1816.7,1816.7,941.0,0.517972,1,p:1.1.3.2.2.1
U5482,219,FUSE0,371719.5,371719.5,373501.0,1781.5,1781.5,941.0,0.528207,1,p:2.3.5.1.3.2
U5483,219,FUSE0,371758.3,371758.3,373695.8,1937.5,1937.5,941.0,0.485677,1,p:1.2.4.2.3.1
U5484,219,FUSE0,371840.3,371840.3,373617.0,1776.7,1776.7,941.0,0.529634,1,p:2.1.1.1.2.2
U5485,219,FUSE0,371874.3,371874.3,373579.8,1705.5,1705.5,941.0,0.551744,1,p:1.3.2.2.1.1
U5486,219,FUSE0,371956.3,371956.3,373737.8,1781.5,1781.5,941.0,0.528207,1,p:2.2.3.1.1.2
U5487,219,FUSE0,371995.1,371995.1,373811.8,1816.7,1816.7,941.0,0.517972,1,p:1.1.5.2.2.1
U5488,219,FUSE1,372072.3,372072.3,373969.8,1897.5,1897.5,1003.0,0.52859,1,p:2.3.4.1.2.2
U5489,219,FUSE1,372111.1,372111.1,373932.6,1821.5,1821.5,1003.0,0.550645,1,p:1.2.1.2.1.1
U5490,219,FUSE1,372193.1,372193.1,373853.8,1660.7,1660.7,1003.0,0.603962,1,p:2.1.2.1.3.2
U5491,219,FUSE1,372227.1,372227.1,374048.6,1821.5,1821.5,1003.0,0.550645,1,p:1.3.3.2.3.1
U5492,219,FUSE1,372309.1,372309.1,374090.6,1781.5,1781.5,1003.0,0.563009,1,p:2.2.5.1.1.2
U5493,219,FUSE1,372347.9,372347.9,374285.4,1937.5,1937.5,1003.0,0.517677,1,p:1.1.4.2.1.1
U5494,219,FUSE1,372425.1,372425.1,374206.6,1781.5,1781.5,1003.0,0.563009,1,p:2.3.1.1.3.2
U5495,219,FUSE1,372463.9,372463.9,374164.6,1700.7,1700.7,1003.0,0.589757,1,p:1.2.2.2.2.1
U5496,219,FUSE2,372545.9,372545.9,374322.6,1776.7,1776.7,1035.4,0.582766,1,p:2.1.3.1.2.2
U5497,219,FUSE2,372579.9,372579.9,374401.4,1821.5,1821.5,1035.4,0.568433,1,p:1.3.5.2.3.1
U5498,219,FUSE2,372661.9,372661.9,374573.8,1911.9,1911.9,1035.4,0.541556,1,p:2.2.4.1.3.2
U5499,219,FUSE2,372700.7,372700.7,374517.4,1816.7,1816.7,1035.4,0.569934,1,p:1.1.1.2.2.1
U5500,219,FUSE2,372777.9,372777.9,374457.8,1679.9,1679.9,1035.4,0.616346,1,p:2.3.2.1.1.2
U5501,219,FUSE2,372816.7,372816.7,374652.6,1835.9,1835.9,1035.4,0.563974,1,p:1.2.3.2.1.1
U5502,219,FUSE2,372898.7,372898.7,374689.8,1791.1,1791.1,1035.4,0.578081,1,p:2.1.5.1.2.2
U5503,219,FUSE2,372932.7,372932.7,374884.6,1951.9,1951.9,1035.4,0.530458,1,p:1.3.4.2.2.1
U5504,219,FUSE2,373014.7,373014.7,374926.6,1911.9,1911.9,1035.4,0.541556,1,p:2.2.1.1.3.2
U308,13,FUSE0,373063.5,373063.5,374768.6,1705.1,1705.1,941.0,0.551874,1,p:1.1.2.2.3.1
U309,13,FUSE0,373130.7,373130.7,374810.6,1679.9,1679.9,941.0,0.560152,1,p:2.3.3.1.1.2
U310,13,FUSE0,373179.5,373179.5,375005.4,1825.9,1825.9,941.0,0.515362,1,p:1.2.5.2.1.1
U311,13,FUSE0,373258.3,373258.3,375042.6,1784.3,1784.3,941.0,0.527378,1,p:2.1.2.1.2.2
U312,13,FUSE0,373295.5,373295.5,375121.4,1825.9,1825.9,941.0,0.515362,1,p:1.3.3.2.3.1
U313,13,FUSE0,373374.3,373374.3,375163.4,1789.1,1789.1,941.0,0.525963,1,p:2.2.4.1.1.2
U314,13,FUSE0,373416.3,373416.3,375237.4,1821.1,1821.1,941.0,0.516721,1,p:1.1.1.2.2.1
U315,13,FUSE0,373490.3,373490.3,375279.4,1789.1,1789.1,941.0,0.525963,1,p:2.3.5.1.3.2
U316,13,FUSE1,373532.3,373532.3,375358.2,1825.9,1825.9,1003.0,0.549318,1,p:1.2.2.2.1.1
U317,13,FUSE1,373611.1,373611.1,375395.4,1784.3,1784.3,1003.0,0.562125,1,p:2.1.3.1.2.2
U318,13,FUSE1,373648.3,373648.3,375474.2,1825.9,1825.9,1003.0,0.549318,1,p:1.3.4.2.3.1
U319,13,FUSE1,373727.1,373727.1,375516.2,1789.1,1789.1,1003.0,0.560617,1,p:2.2.1.1.1.2
U320,13,FUSE1,373769.1,373769.1,375590.2,1821.1,1821.1,1003.0,0.550766,1,p:1.1.5.2.2.1
U321,13,FUSE1,373843.1,373843.1,375632.2,1789.1,1789.1,1003.0,0.560617,1,p:2.3.2.1.3.2
U322,13,FUSE1,373885.1,373885.1,375711.0,1825.9,1825.9,1003.0,0.549318,1,p:1.2.3.2.1.1
U323,13,FUSE2,373963.9,373963.9,375748.2,1784.3,1784.3,1035.4,0.580284,1,p:2.1.4.1.2.2
U324,13,FUSE2,374001.1,374001.1,375827.0,1825.9,1825.9,1035.4,0.567063,1,p:1.3.1.2.3.1
U325,13,FUSE2,374079.9,374079.9,375869.0,1789.1,1789.1,1035.4,0.578727,1,p:2.2.5.1.1.2
U326,13,FUSE2,374121.9,374121.9,375943.0,1821.1,1821.1,1035.4,0.568557,1,p:1.1.2.2.2.1
U327,13,FUSE2,374195.9,374195.9,375985.0,1789.1,1789.1,1035.4,0.578727,1,p:2.3.3.1.3.2
U328,13,FUSE2,374237.9,374237.9,376063.8,1825.9,1825.9,1035.4,0.567063,1,p:1.2.4.2.1.1
U329,13,FUSE2,374316.7,374316.7,376101.0,1784.3,1784.3,1035.4,0.580284,1,p:2.1.1.1.2.2
U330,13,FUSE2,374353.9,374353.9,376179.8,1825.9,1825.9,1035.4,0.567063,1,p:1.3.5.2.3.1
U3187,128,FUSE0,374432.7,374432.7,376221.8,1789.1,1789.1,941.0,0.525963,1,p:2.2.2.1.1.2
U3188,128,FUSE0,374489.1,374489.1,376295.8,1806.7,1806.7,941.0,0.520839,1,p:1.1.3.2.2.1
U3189,128,FUSE0,374548.7,374548.7,376337.8,1789.1,1789.1,941.0,0.525963,1,p:2.3.4.1.3.2
U3190,128,FUSE0,374605.1,374605.1,376416.6,1811.5,1811.5,941.0,0.519459,1,p:1.2.1.2.1.1
U3191,128,FUSE0,374683.9,374683.9,376453.8,1769.9,1769.9,941.0,0.531668,1,p:2.1.5.1.2.2
U3192,128,FUSE0,374721.1,374721.1,376532.6,1811.5,1811.5,941.0,0.519459,1,p:1.3.2.2.3.1
U3193,128,FUSE0,374799.9,374799.9,376574.6,1774.7,1774.7,941.0,0.53023,1,p:2.2.3.1.1.2
U3194,128,FUSE0,374841.9,374841.9,376648.6,1806.7,1806.7,941.0,0.520839,1,p:1.1.4.2.2.1
U3195,128,FUSE1,374915.9,374915.9,376690.6,1774.7,1774.7,1003.0,0.565166,1,p:2.3.1.1.3.2
U3196,128,FUSE1,374957.9,374957.9,376769.4,1811.5,1811.5,1003.0,0.553685,1,p:1.2.5.2.1.1
U3197,128,FUSE1,375036.7,375036.7,376806.6,1769.9,1769.9,1003.0,0.566699,1,p:2.1.2.1.2.2
U3198,128,FUSE1,375073.9,375073.9,376885.4,1811.5,1811.5,1003.0,0.553685,1,p:1.3.3.2.3.1
U3199,128,FUSE1,375152.7,375152.7,376927.4,1774.7,1774.7,1003.0,0.565166,1,p:2.2.4.1.1.2
U3200,128,FUSE1,375194.7,375194.7,377001.4,1806.7,1806.7,1003.0,0.555156,1,p:1.1.1.2.2.1
U3201,128,FUSE1,375268.7,375268.7,377043.4,1774.7,1774.7,1003.0,0.565166,1,p:2.3.5.1.3.2
U3202,128,FUSE1,375310.7,375310.7,377122.2,1811.5,1811.5,1003.0,0.553685,1,p:1.2.2.2.1.1
U3203,128,FUSE2,375389.5,375389.5,377159.4,1769.9,1769.9,1035.4,0.585005,1,p:2.1.3.1.2.2
U3204,128,FUSE2,375426.7,375426.7,377238.2,1811.5,1811.5,1035.4,0.571571,1,p:1.3.4.2.3.1
U3205,128,FUSE2,375505.5,375505.5,377280.2,1774.7,1774.7,1035.4,0.583423,1,p:2.2.1.1.1.2
U3206,128,FUSE2,375547.5,375547.5,377354.2,1806.7,1806.7,1035.4,0.573089,1,p:1.1.5.2.2.1
U3207,128,FUSE2,375621.5,375621.5,377396.2,1774.7,1774.7,1035.4,0.583423,1,p:2.3.2.1.3.2
U3208,128,FUSE2,375663.5,375663.5,377475.0,1811.5,1811.5,1035.4,0.571571,1,p:1.2.3.2.1.1
U3209,128,FUSE2,375742.3,375742.3,377512.2,1769.9,1769.9,1035.4,0.585005,1,p:2.1.4.1.2.2
U3210,128,FUSE2,375779.5,375779.5,377633.0,1853.5,1853.5,1035.4,0.558619,1,p:1.3.1.1.1.2
U8198,328,FUSE0,375858.3,375858.3,377591.0,1732.7,1732.7,941.0,0.543083,1,p:2.2.5.2.3.1
U8199,328,FUSE0,375900.3,375900.3,377707.0,1806.7,1806.7,941.0,0.520839,1,p:1.1.2.2.2.1
U8200,328,FUSE0,375974.3,375974.3,377749.0,1774.7,1774.7,941.0,0.53023,1,p:2.3.3.1.3.2
U8201,328,FUSE0,376016.3,376016.3,377827.8,1811.5,1811.5,941.0,0.519459,1,p:1.2.4.2.1.1
U8202,328,FUSE0,376095.1,376095.1,377865.0,1769.9,1769.9,941.0,0.531668,1,p:2.1.5.1.2.2
U8203,328,FUSE0,376132.3,376132.3,377943.8,1811.5,1811.5,941.0,0.519459,1,p:1.3.1.2.3.1
U8204,328,FUSE0,376211.1,376211.1,377985.8,1774.7,1774.7,941.0,0.53023,1,p:2.2.2.1.1.2
U8205,328,FUSE0,376253.1,376253.1,378059.8,1806.7,1806.7,941.0,0.520839,1,p:1.1.3.2.2.1
U8206,328,FUSE0,376327.1,376327.1,378101.8,1774.7,1774.7,941.0,0.53023,1,p:2.3.4.1.3.2
U8207,328,FUSE1,376369.1,376369.1,378180.6,1811.5,1811.5,1003.0,0.553685,1,p:1.2.5.2.1.1
U8208,328,FUSE1,376447.9,376447.9,378217.8,1769.9,1769.9,1003.0,0.566699,1,p:2.1.1.1.2.2
U8209,328,FUSE1,376485.1,376485.1,378296.6,1811.5,1811.5,1003.0,0.553685,1,p:1.3.2.2.3.1
U8210,328,FUSE1,376563.9,376563.9,378338.6,1774.7,1774.7,1003.0,0.565166,1,p:2.2.3.1.1.2
U8211,328,FUSE1,376605.9,376605.9,378412.6,1806.7,1806.7,1003.0,0.555156,1,p:1.1.4.2.2.1
U8212,328,FUSE1,376679.9,376679.9,378454.6,1774.7,1774.7,1003.0,0.565166,1,p:2.3.5.1.3.2
U8213,328,FUSE1,376721.9,376721.9,378533.4,1811.5,1811.5,1003.0,0.553685,1,p:1.2.1.2.1.1
U8214,328,FUSE1,376800.7,376800.7,378570.6,1769.9,1769.9,1003.0,0.566699,1,p:2.1.2.1.2.2
U8215,328,FUSE1,376837.9,376837.9,378649.4,1811.5,1811.5,1003.0,0.553685,1,p:1.3.3.2.3.1
U8216,328,FUSE2,376916.7,376916.7,378691.4,1774.7,1774.7,1035.4,0.583423,1,p:2.2.4.1.1.2
U8217,328,FUSE2,376958.7,376958.7,378765.4,1806.7,1806.7,1035.4,0.573089,1,p:1.1.5.2.2.1
U8218,328,FUSE2,377032.7,377032.7,378807.4,1774.7,1774.7,1035.4,0.583423,1,p:2.3.1.1.3.2
U8219,328,FUSE2,377074.7,377074.7,378886.2,1811.5,1811.5,1035.4,0.571571,1,p:1.2.2.2.1.1
U8220,328,FUSE2,377153.5,377153.5,378923.4,1769.9,1769.9,1035.4,0.585005,1,p:2.1.3.1.2.2
U8221,328,FUSE2,377190.7,377190.7,379002.2,1811.5,1811.5,1035.4,0.571571,1,p:1.3.4.2.3.1
U8222,328,FUSE2,377269.5,377269.5,379076.6,1807.1,1807.1,1035.4,0.572962,1,p:2.2.5.1.1.2
U8223,328,FUSE2,377311.5,377311.5,379118.2,1806.7,1806.7,1035.4,0.573089,1,p:1.1.1.2.2.1
U8224,328,FUSE2,377385.5,377385.5,379192.6,1807.1,1807.1,1035.4,0.572962,1,p:2.3.2.1.3.2
U8225,328,FUSE2,377427.5,377427.5,379308.6,1881.1,1881.1,1035.4,0.550423,1,p:1.2.3.1.2.2
U5804,232,FUSE0,377506.3,377506.3,379271.4,1765.1,1765.1,941.0,0.533114,1,p:2.1.4.2.1.1
U5805,232,FUSE0,377543.5,377543.5,379387.4,1843.9,1843.9,941.0,0.510331,1,p:1.3.5.2.3.1
U5806,232,FUSE0,377622.3,377622.3,379429.4,1807.1,1807.1,941.0,0.520724,1,p:2.2.1.1.1.2
U5807,232,FUSE0,377664.3,377664.3,379503.4,1839.1,1839.1,941.0,0.511663,1,p:1.1.2.2.2.1
U5808,232,FUSE0,377738.3,377738.3,379545.4,1807.1,1807.1,941.0,0.520724,1,p:2.3.4.1.3.2
U5809,232,FUSE0,377780.3,377780.3,379624.2,1843.9,1843.9,941.0,0.510331,1,p:1.2.3.2.1.1
U5810,232,FUSE0,377859.1,377859.1,379661.4,1802.3,1802.3,941.0,0.522111,1,p:2.1.5.1.2.2
U5811,232,FUSE0,377896.3,377896.3,379740.2,1843.9,1843.9,941.0,0.510331,1,p:1.3.1.2.3.1
U5812,232,FUSE0,377975.1,377975.1,379782.2,1807.1,1807.1,941.0,0.520724,1,p:2.2.2.1.1.2
U5813,232,FUSE1,378017.1,378017.1,379856.2,1839.1,1839.1,1003.0,0.545375,1,p:1.1.4.2.2.1
U5814,232,FUSE1,378091.1,378091.1,379898.2,1807.1,1807.1,1003.0,0.555033,1,p:2.3.3.1.3.2
U5815,232,FUSE1,378133.1,378133.1,379977.0,1843.9,1843.9,1003.0,0.543956,1,p:1.2.5.2.1.1
U5816,232,FUSE1,378211.9,378211.9,380014.2,1802.3,1802.3,1003.0,0.556511,1,p:2.1.1.1.2.2
U5817,232,FUSE1,378249.1,378249.1,380093.0,1843.9,1843.9,1003.0,0.543956,1,p:1.3.2.2.3.1
U5818,232,FUSE1,378327.9,378327.9,380135.0,1807.1,1807.1,1003.0,0.555033,1,p:2.2.4.1.1.2
U5819,232,FUSE1,378369.9,378369.9,380209.0,1839.1,1839.1,1003.0,0.545375,1,p:1.1.3.2.2.1
U5820,232,FUSE1,378443.9,378443.9,380251.0,1807.1,1807.1,1003.0,0.555033,1,p:2.3.5.1.3.2
U5821,232,FUSE1,378485.9,378485.9,380329.8,1843.9,1843.9,1003.0,0.543956,1,p:1.2.1.2.1.1
U5822,232,FUSE2,378564.7,378564.7,380367.0,1802.3,1802.3,1035.4,0.574488,1,p:2.1.2.1.2.2
U5823,232,FUSE2,378601.9,378601.9,380445.8,1843.9,1843.9,1035.4,0.561527,1,p:1.3.4.2.3.1
U5824,232,FUSE2,378680.7,378680.7,380487.8,1807.1,1807.1,1035.4,0.572962,1,p:2.2.3.1.1.2
U5825,232,FUSE2,378722.7,378722.7,380561.8,1839.1,1839.1,1035.4,0.562993,1,p:1.1.5.2.2.1
U5826,232,FUSE2,378796.7,378796.7,380603.8,1807.1,1807.1,1035.4,0.572962,1,p:2.3.1.1.3.2
U5827,232,FUSE2,378838.7,378838.7,380682.6,1843.9,1843.9,1035.4,0.561527,1,p:1.2.2.2.1.1
U5828,232,FUSE2,378917.5,378917.5,380857.8,1940.3,1940.3,1035.4,0.533629,1,p:2.1.4.1.1.2
U5829,232,FUSE2,378954.7,378954.7,380798.6,1843.9,1843.9,1035.4,0.561527,1,p:1.3.3.2.3.1
U5830,232,FUSE2,379033.5,379033.5,380914.6,1881.1,1881.1,1035.4,0.550423,1,p:2.2.5.2.2.1
U4889,195,FUSE0,379107.9,379107.9,380719.8,1611.9,1611.9,941.0,0.583783,1,p:1.1.1.1.2.2
U4890,195,FUSE0,379149.5,379149.5,380973.8,1824.3,1824.3,941.0,0.515814,1,p:2.3.2.1.3.2
U4891,195,FUSE0,379223.9,379223.9,381168.6,1944.7,1944.7,941.0,0.483879,1,p:1.2.4.2.3.1
U4892,195,FUSE0,379302.7,379302.7,381089.8,1787.1,1787.1,941.0,0.526551,1,p:2.1.3.1.2.2
U4893,195,FUSE0,379339.9,379339.9,381052.6,1712.7,1712.7,941.0,0.549425,1,p:1.3.1.2.1.1
U4894,195,FUSE0,379418.7,379418.7,381210.6,1791.9,1791.9,941.0,0.525141,1,p:2.2.5.1.1.2
U4895,195,FUSE0,379460.7,379460.7,381284.6,1823.9,1823.9,941.0,0.515927,1,p:1.1.2.2.2.1
U4896,195,FUSE0,379534.7,379534.7,381326.6,1791.9,1791.9,941.0,0.525141,1,p:2.3.4.1.3.2
U4897,195,FUSE0,379576.7,379576.7,381405.4,1828.7,1828.7,941.0,0.514573,1,p:1.2.3.2.1.1
U4898,195,FUSE1,379655.5,379655.5,381442.6,1787.1,1787.1,1003.0,0.561244,1,p:2.1.1.1.2.2
U4899,195,FUSE1,379692.7,379692.7,381521.4,1828.7,1828.7,1003.0,0.548477,1,p:1.3.5.2.3.1
U4900,195,FUSE1,379771.5,379771.5,381563.4,1791.9,1791.9,1003.0,0.559741,1,p:2.2.2.1.1.2
U4901,195,FUSE1,379813.5,379813.5,381637.4,1823.9,1823.9,1003.0,0.549921,1,p:1.1.4.2.2.1
U4902,195,FUSE1,379887.5,379887.5,381679.4,1791.9,1791.9,1003.0,0.559741,1,p:2.3.3.1.3.2
U4903,195,FUSE1,379929.5,379929.5,381758.2,1828.7,1828.7,1003.0,0.548477,1,p:1.2.1.2.1.1
U4904,195,FUSE1,380008.3,380008.3,381795.4,1787.1,1787.1,1003.0,0.561244,1,p:2.1.5.1.2.2
U4905,195,FUSE1,380045.5,380045.5,381874.2,1828.7,1828.7,1003.0,0.548477,1,p:1.3.2.2.3.1
U4906,195,FUSE1,380124.3,380124.3,381916.2,1791.9,1791.9,1003.0,0.559741,1,p:2.2.4.1.1.2
U4907,195,FUSE2,380166.3,380166.3,381990.2,1823.9,1823.9,1035.4,0.567685,1,p:1.1.3.2.2.1
U4908,195,FUSE2,380240.3,380240.3,382032.2,1791.9,1791.9,1035.4,0.577822,1,p:2.3.1.1.3.2
U4909,195,FUSE2,380282.3,380282.3,382111.0,1828.7,1828.7,1035.4,0.566195,1,p:1.2.5.2.1.1
U4910,195,FUSE2,380361.1,380361.1,382148.2,1787.1,1787.1,1035.4,0.579374,1,p:2.1.2.1.2.2
U4911,195,FUSE2,380398.3,380398.3,382227.0,1828.7,1828.7,1035.4,0.566195,1,p:1.3.4.2.3.1
U4912,195,FUSE2,380477.1,380477.1,382269.0,1791.9,1791.9,1035.4,0.577822,1,p:2.2.3.1.1.2
U4913,195,FUSE2,380519.1,380519.1,382385.0,1865.9,1865.9,1035.4,0.554906,1,p:1.1.1.1.3.2
U4914,195,FUSE2,380593.1,380593.1,382463.8,1870.7,1870.7,1035.4,0.553483,1,p:2.3.5.2.1.1
U5432,217,FUSE0,380635.1,380635.1,382343.0,1707.9,1707.9,941.0,0.550969,1,p:1.2.2.2.2.1
U5433,217,FUSE0,380713.9,380713.9,382501.0,1787.1,1787.1,941.0,0.526551,1,p:2.1.4.1.2.2
U5434,217,FUSE0,380751.1,380751.1,382579.8,1828.7,1828.7,941.0,0.514573,1,p:1.3.3.2.3.1
U5435,217,FUSE0,380829.9,380829.9,382621.8,1791.9,1791.9,941.0,0.525141,1,p:2.2.2.1.1.2
U5436,217,FUSE0,380889.1,380889.1,382695.8,1806.7,1806.7,941.0,0.520839,1,p:1.1.1.2.2.1
U5437,217,FUSE0,380945.9,380945.9,382737.8,1791.9,1791.9,941.0,0.525141,1,p:2.3.5.1.3.2
U5438,217,FUSE0,381005.1,381005.1,382816.6,1811.5,1811.5,941.0,0.519459,1,p:1.2.4.2.1.1
U5439,217,FUSE0,381083.9,381083.9,382853.8,1769.9,1769.9,941.0,0.531668,1,p:2.1.3.1.2.2
U5440,217,FUSE1,381121.1,381121.1,382932.6,1811.5,1811.5,1003.0,0.553685,1,p:1.3.2.2.3.1
U5441,217,FUSE1,381199.9,381199.9,382974.6,1774.7,1774.7,1003.0,0.565166,1,p:2.2.1.1.1.2
U5442,217,FUSE1,381241.9,381241.9,383048.6,1806.7,1806.7,1003.0,0.555156,1,p:1.1.5.2.2.1
U5443,217,FUSE1,381315.9,381315.9,383090.6,1774.7,1774.7,1003.0,0.565166,1,p:2.3.4.1.3.2
U5444,217,FUSE1,381357.9,381357.9,383169.4,1811.5,1811.5,1003.0,0.553685,1,p:1.2.3.2.1.1
U5445,217,FUSE1,381436.7,381436.7,383206.6,1769.9,1769.9,1003.0,0.566699,1,p:2.1.2.1.2.2
U5446,217,FUSE1,381473.9,381473.9,383285.4,1811.5,1811.5,1003.0,0.553685,1,p:1.3.1.2.3.1
U5447,217,FUSE1,381552.7,381552.7,383327.4,1774.7,1774.7,1003.0,0.565166,1,p:2.2.5.1.1.2
U5448,217,FUSE2,381594.7,381594.7,383401.4,1806.7,1806.7,1035.4,0.573089,1,p:1.1.4.2.2.1
U5449,217,FUSE2,381668.7,381668.7,383443.4,1774.7,1774.7,1035.4,0.583423,1,p:2.3.3.1.3.2
U5450,217,FUSE2,381710.7,381710.7,383522.2,1811.5,1811.5,1035.4,0.571571,1,p:1.2.2.2.1.1
U5451,217,FUSE2,381789.5,381789.5,383559.4,1769.9,1769.9,1035.4,0.585005,1,p:2.1.1.1.2.2
U5452,217,FUSE2,381826.7,381826.7,383638.2,1811.5,1811.5,1035.4,0.571571,1,p:1.3.5.2.3.1
U5453,217,FUSE2,381905.5,381905.5,383680.2,1774.7,1774.7,1035.4,0.583423,1,p:2.2.4.1.1.2
U5454,217,FUSE2,381947.5,381947.5,383754.2,1806.7,1806.7,1035.4,0.573089,1,p:1.1.3.2.2.1
U5455,217,FUSE2,382021.5,382021.5,383912.2,1890.7,1890.7,1035.4,0.547628,1,p:2.3.2.1.2.2
U3636,146,FUSE0,382063.5,382063.5,383796.2,1732.7,1732.7,941.0,0.543083,1,p:1.2.1.1.3.2
U3637,146,FUSE0,382142.3,382142.3,383875.0,1732.7,1732.7,941.0,0.543083,1,p:2.1.5.2.1.1
U3638,146,FUSE0,382179.5,382179.5,383991.0,1811.5,1811.5,941.0,0.519459,1,p:1.3.4.2.3.1
U3639,146,FUSE0,382258.3,382258.3,384033.0,1774.7,1774.7,941.0,0.53023,1,p:2.2.3.1.1.2
U3640,146,FUSE0,382300.3,382300.3,384107.0,1806.7,1806.7,941.0,0.520839,1,p:1.1.1.2.2.1
U3641,146,FUSE0,382374.3,382374.3,384149.0,1774.7,1774.7,941.0,0.53023,1,p:2.3.5.1.3.2
U3642,146,FUSE0,382416.3,382416.3,384227.8,1811.5,1811.5,941.0,0.519459,1,p:1.2.2.2.1.1
U3643,146,FUSE0,382495.1,382495.1,384265.0,1769.9,1769.9,941.0,0.531668,1,p:2.1.4.1.2.2
U3644,146,FUSE0,382532.3,382532.3,384343.8,1811.5,1811.5,941.0,0.519459,1,p:1.3.3.2.3.1
U3645,146,FUSE1,382611.1,382611.1,384385.8,1774.7,1774.7,1003.0,0.565166,1,p:2.2.1.1.1.2
U3646,146,FUSE1,382653.1,382653.1,384459.8,1806.7,1806.7,1003.0,0.555156,1,p:1.1.5.2.2.1
U3647,146,FUSE1,382727.1,382727.1,384501.8,1774.7,1774.7,1003.0,0.565166,1,p:2.3.2.1.3.2
U3648,146,FUSE1,382769.1,382769.1,384580.6,1811.5,1811.5,1003.0,0.553685,1,p:1.2.4.2.1.1
U3649,146,FUSE1,382847.9,382847.9,384617.8,1769.9,1769.9,1003.0,0.566699,1,p:2.1.3.1.2.2
U3650,146,FUSE1,382885.1,382885.1,384696.6,1811.5,1811.5,1003.0,0.553685,1,p:1.3.1.2.3.1
U3651,146,FUSE1,382963.9,382963.9,384738.6,1774.7,1774.7,1003.0,0.565166,1,p:2.2.5.1.1.2
U3652,146,FUSE1,383005.9,383005.9,384812.6,1806.7,1806.7,1003.0,0.555156,1,p:1.1.2.2.2.1
U3653,146,FUSE1,383079.9,383079.9,384854.6,1774.7,1774.7,1003.0,0.565166,1,p:2.3.4.1.3.2
U3654,146,FUSE2,383121.9,383121.9,384933.4,1811.5,1811.5,1035.4,0.571571,1,p:1.2.3.2.1.1
U3655,146,FUSE2,383200.7,383200.7,384970.6,1769.9,1769.9,1035.4,0.585005,1,p:2.1.1.1.2.2
U3656,146,FUSE2,383237.9,383237.9,385049.4,1811.5,1811.5,1035.4,0.571571,1,p:1.3.5.2.3.1
U3657,146,FUSE2,383316.7,383316.7,385091.4,1774.7,1774.7,1035.4,0.583423,1,p:2.2.2.1.1.2
U3658,146,FUSE2,383358.7,383358.7,385165.4,1806.7,1806.7,1035.4,0.573089,1,p:1.1.4.2.2.1
U3659,146,FUSE2,383432.7,383432.7,385207.4,1774.7,1774.7,1035.4,0.583423,1,p:2.3.3.1.3.2
U3660,146,FUSE2,383474.7,383474.7,385286.2,1811.5,1811.5,1035.4,0.571571,1,p:1.2.1.2.1.1
U3661,146,FUSE2,383553.5,383553.5,385323.4,1769.9,1769.9,1035.4,0.585005,1,p:2.1.5.1.2.2
U3662,146,FUSE2,383590.7,383590.7,385402.2,1811.5,1811.5,1035.4,0.571571,1,p:1.3.2.2.3.1
U3663,146,FUSE2,383669.5,383669.5,385518.2,1848.7,1848.7,1035.4,0.560069,1,p:2.2.4.2.2.1
U5456,218,FUSE0,383711.5,383711.5,385466.6,1755.1,1755.1,941.0,0.536152,1,p:1.1.3.1.1.2
U5457,218,FUSE0,383785.5,383785.5,385582.6,1797.1,1797.1,941.0,0.523621,1,p:2.3.1.1.3.2
U5458,218,FUSE0,383827.5,383827.5,385661.4,1833.9,1833.9,941.0,0.513114,1,p:1.2.5.2.1.1
U5459,218,FUSE0,383906.3,383906.3,385698.6,1792.3,1792.3,941.0,0.525024,1,p:2.1.2.1.2.2
U5460,218,FUSE0,383943.5,383943.5,385777.4,1833.9,1833.9,941.0,0.513114,1,p:1.3.3.2.3.1
U5461,218,FUSE0,384022.3,384022.3,385819.4,1797.1,1797.1,941.0,0.523621,1,p:2.2.4.1.1.2
U5462,218,FUSE0,384064.3,384064.3,385893.4,1829.1,1829.1,941.0,0.514461,1,p:1.1.1.2.2.1
U5463,218,FUSE0,384138.3,384138.3,385935.4,1797.1,1797.1,941.0,0.523621,1,p:2.3.5.1.3.2
U5464,218,FUSE1,384180.3,384180.3,386014.2,1833.9,1833.9,1003.0,0.546922,1,p:1.2.2.2.1.1
U5465,218,FUSE1,384259.1,384259.1,386051.4,1792.3,1792.3,1003.0,0.559616,1,p:2.1.3.1.2.2
U5466,218,FUSE1,384296.3,384296.3,386130.2,1833.9,1833.9,1003.0,0.546922,1,p:1.3.4.2.3.1
U5467,218,FUSE1,384375.1,384375.1,386172.2,1797.1,1797.1,1003.0,0.558121,1,p:2.2.1.1.1.2
U5468,218,FUSE1,384417.1,384417.1,386246.2,1829.1,1829.1,1003.0,0.548357,1,p:1.1.5.2.2.1
U5469,218,FUSE1,384491.1,384491.1,386288.2,1797.1,1797.1,1003.0,0.558121,1,p:2.3.2.1.3.2
U5470,218,FUSE1,384533.1,384533.1,386367.0,1833.9,1833.9,1003.0,0.546922,1,p:1.2.3.2.1.1
U5471,218,FUSE2,384611.9,384611.9,386404.2,1792.3,1792.3,1035.4,0.577693,1,p:2.1.4.1.2.2
U5472,218,FUSE2,384649.1,384649.1,386483.0,1833.9,1833.9,1035.4,0.564589,1,p:1.3.1.2.3.1
U5473,218,FUSE2,384727.9,384727.9,386525.0,1797.1,1797.1,1035.4,0.57615,1,p:2.2.5.1.1.2
U5474,218,FUSE2,384769.9,384769.9,386599.0,1829.1,1829.1,1035.4,0.566071,1,p:1.1.2.2.2.1
U5475,218,FUSE2,384843.9,384843.9,386641.0,1797.1,1797.1,1035.4,0.57615,1,p:2.3.3.1.3.2
U5476,218,FUSE2,384885.9,384885.9,386719.8,1833.9,1833.9,1035.4,0.564589,1,p:1.2.4.2.1.1
U5477,218,FUSE2,384964.7,384964.7,386757.0,1792.3,1792.3,1035.4,0.577693,1,p:2.1.1.1.2.2
U5478,218,FUSE2,385001.9,385001.9,386877.8,1875.9,1875.9,1035.4,0.551948,1,p:1.3.5.1.1.2
U4085,164,FUSE0,385080.7,385080.7,386835.8,1755.1,1755.1,941.0,0.536152,1,p:2.2.2.2.3.1
U4086,164,FUSE0,385122.7,385122.7,386951.8,1829.1,1829.1,941.0,0.514461,1,p:1.1.3.2.2.1
U4087,164,FUSE0,385196.7,385196.7,386993.8,1797.1,1797.1,941.0,0.523621,1,p:2.3.4.1.3.2
U4088,164,FUSE0,385238.7,385238.7,387072.6,1833.9,1833.9,941.0,0.513114,1,p:1.2.1.2.1.1
U4089,164,FUSE0,385317.5,385317.5,387109.8,1792.3,1792.3,941.0,0.525024,1,p:2.1.2.1.2.2
U4090,164,FUSE0,385354.7,385354.7,387188.6,1833.9,1833.9,941.0,0.513114,1,p:1.3.5.2.3.1
U4091,164,FUSE1,385433.5,385433.5,387230.6,1797.1,1797.1,1003.0,0.558121,1,p:2.2.3.1.1.2
U4092,164,FUSE1,385497.9,385497.9,387304.6,1806.7,1806.7,1003.0,0.555156,1,p:1.1.4.2.2.1
U4093,164,FUSE1,385549.5,385549.5,387346.6,1797.1,1797.1,1003.0,0.558121,1,p:2.3.1.1.3.2
U4094,164,FUSE1,385613.9,385613.9,387425.4,1811.5,1811.5,1003.0,0.553685,1,p:1.2.2.2.1.1
U4095,164,FUSE1,385692.7,385692.7,387462.6,1769.9,1769.9,1003.0,0.566699,1,p:2.1.5.1.2.2
U4096,164,FUSE1,385729.9,385729.9,387541.4,1811.5,1811.5,1003.0,0.553685,1,p:1.3.3.2.3.1
U4097,164,FUSE2,385808.7,385808.7,387583.4,1774.7,1774.7,1035.4,0.583423,1,p:2.2.4.1.1.2
U4098,164,FUSE2,385850.7,385850.7,387657.4,1806.7,1806.7,1035.4,0.573089,1,p:1.1.1.2.2.1
U4099,164,FUSE2,385924.7,385924.7,387699.4,1774.7,1774.7,1035.4,0.583423,1,p:2.3.2.1.3.2
U4100,164,FUSE2,385966.7,385966.7,387778.2,1811.5,1811.5,1035.4,0.571571,1,p:1.2.5.2.1.1
U4101,164,FUSE2,386045.5,386045.5,387815.4,1769.9,1769.9,1035.4,0.585005,1,p:2.1.3.1.2.2
U4102,164,FUSE2,386082.7,386082.7,387894.2,1811.5,1811.5,1035.4,0.571571,1,p:1.3.4.2.3.1
U2940,118,FUSE0,386161.5,386161.5,387936.2,1774.7,1774.7,941.0,0.53023,1,p:2.2.1.1.1.2
U2941,118,FUSE0,386203.5,386203.5,388010.2,1806.7,1806.7,941.0,0.520839,1,p:1.1.2.2.2.1
U2942,118,FUSE0,386277.5,386277.5,388052.2,1774.7,1774.7,941.0,0.53023,1,p:2.3.5.1.3.2
U2943,118,FUSE0,386319.5,386319.5,388131.0,1811.5,1811.5,941.0,0.519459,1,p:1.2.3.2.1.1
U2944,118,FUSE0,386398.3,386398.3,388168.2,1769.9,1769.9,941.0,0.531668,1,p:2.1.4.1.2.2
U2945,118,FUSE0,386435.5,386435.5,388247.0,1811.5,1811.5,941.0,0.519459,1,p:1.3.1.2.3.1
U2946,118,FUSE0,386514.3,386514.3,388289.0,1774.7,1774.7,941.0,0.53023,1,p:2.2.2.1.1.2
U2947,118,FUSE0,386556.3,386556.3,388363.0,1806.7,1806.7,941.0,0.520839,1,p:1.1.5.2.2.1
U2948,118,FUSE1,386630.3,386630.3,388405.0,1774.7,1774.7,1003.0,0.565166,1,p:2.3.3.1.3.2
U2949,118,FUSE1,386672.3,386672.3,388483.8,1811.5,1811.5,1003.0,0.553685,1,p:1.2.4.2.1.1
U2950,118,FUSE1,386751.1,386751.1,388521.0,1769.9,1769.9,1003.0,0.566699,1,p:2.1.1.1.2.2
U2951,118,FUSE1,386788.3,386788.3,388599.8,1811.5,1811.5,1003.0,0.553685,1,p:1.3.2.2.3.1
U2952,118,FUSE1,386867.1,386867.1,388641.8,1774.7,1774.7,1003.0,0.565166,1,p:2.2.5.1.1.2
U2953,118,FUSE1,386909.1,386909.1,388715.8,1806.7,1806.7,1003.0,0.555156,1,p:1.1.3.2.2.1
U2954,118,FUSE1,386983.1,386983.1,388757.8,1774.7,1774.7,1003.0,0.565166,1,p:2.3.4.1.3.2
U2955,118,FUSE1,387025.1,387025.1,388836.6,1811.5,1811.5,1003.0,0.553685,1,p:1.2.1.2.1.1
U2956,118,FUSE2,387103.9,387103.9,388873.8,1769.9,1769.9,1035.4,0.585005,1,p:2.1.2.1.2.2
U2957,118,FUSE2,387141.1,387141.1,388952.6,1811.5,1811.5,1035.4,0.571571,1,p:1.3.5.2.3.1
U2958,118,FUSE2,387219.9,387219.9,388994.6,1774.7,1774.7,1035.4,0.583423,1,p:2.2.3.1.1.2
U2959,118,FUSE2,387261.9,387261.9,389068.6,1806.7,1806.7,1035.4,0.573089,1,p:1.1.4.2.2.1
U2960,118,FUSE2,387335.9,387335.9,389110.6,1774.7,1774.7,1035.4,0.583423,1,p:2.3.1.1.3.2
U2961,118,FUSE2,387377.9,387377.9,389204.2,1826.3,1826.3,1035.4,0.566939,1,p:1.2.2.2.1.1
U2962,118,FUSE2,387456.7,387456.7,389226.6,1769.9,1769.9,1035.4,0.585005,1,p:2.1.5.1.2.2
U2963,118,FUSE2,387493.9,387493.9,389320.2,1826.3,1826.3,1035.4,0.566939,1,p:1.3.3.2.3.1
U2964,118,FUSE2,387572.7,387572.7,389557.0,1984.3,1984.3,1035.4,0.521796,1,p:2.2.4.2.1.1
U2723,110,FUSE0,387614.7,387614.7,389359.0,1744.3,1744.3,941.0,0.539471,1,p:1.1.1.1.1.2
U2724,110,FUSE0,387688.7,387688.7,389436.2,1747.5,1747.5,941.0,0.538484,1,p:2.3.2.2.2.1
U2725,110,FUSE0,387730.7,387730.7,389475.0,1744.3,1744.3,941.0,0.539471,1,p:1.2.5.1.3.2
U2726,110,FUSE0,387809.5,387809.5,389591.0,1781.5,1781.5,941.0,0.528207,1,p:2.1.3.1.2.2
U2727,110,FUSE0,387846.7,387846.7,389673.0,1826.3,1826.3,941.0,0.515249,1,p:1.3.1.2.3.1
U2728,110,FUSE0,387925.5,387925.5,389711.8,1786.3,1786.3,941.0,0.526787,1,p:2.2.2.1.1.2
U2729,110,FUSE0,387967.5,387967.5,389789.0,1821.5,1821.5,941.0,0.516607,1,p:1.1.5.2.2.1
U2730,110,FUSE0,388041.5,388041.5,389827.8,1786.3,1786.3,941.0,0.526787,1,p:2.3.4.1.3.2
U2731,110,FUSE0,388083.5,388083.5,389909.8,1826.3,1826.3,941.0,0.515249,1,p:1.2.3.2.1.1
U2732,110,FUSE1,388162.3,388162.3,389943.8,1781.5,1781.5,1003.0,0.563009,1,p:2.1.1.1.2.2
U2733,110,FUSE1,388199.5,388199.5,390025.8,1826.3,1826.3,1003.0,0.549198,1,p:1.3.2.2.3.1
U2734,110,FUSE1,388278.3,388278.3,390064.6,1786.3,1786.3,1003.0,0.561496,1,p:2.2.5.1.1.2
U2735,110,FUSE1,388320.3,388320.3,390141.8,1821.5,1821.5,1003.0,0.550645,1,p:1.1.4.2.2.1
U2736,110,FUSE1,388394.3,388394.3,390180.6,1786.3,1786.3,1003.0,0.561496,1,p:2.3.3.1.3.2
U2737,110,FUSE1,388436.3,388436.3,390262.6,1826.3,1826.3,1003.0,0.549198,1,p:1.2.1.2.1.1
U2738,110,FUSE1,388515.1,388515.1,390296.6,1781.5,1781.5,1003.0,0.563009,1,p:2.1.2.1.2.2
U2739,110,FUSE1,388552.3,388552.3,390378.6,1826.3,1826.3,1003.0,0.549198,1,p:1.3.5.2.3.1
U2740,110,FUSE1,388631.1,388631.1,390417.4,1786.3,1786.3,1003.0,0.561496,1,p:2.2.4.1.1.2
U2741,110,FUSE2,388673.1,388673.1,390494.6,1821.5,1821.5,1035.4,0.568433,1,p:1.1.3.2.2.1
U2742,110,FUSE2,388747.1,388747.1,390533.4,1786.3,1786.3,1035.4,0.579634,1,p:2.3.1.1.3.2
U2743,110,FUSE2,388789.1,388789.1,390615.4,1826.3,1826.3,1035.4,0.566939,1,p:1.2.2.2.1.1
U2744,110,FUSE2,388867.9,388867.9,390649.4,1781.5,1781.5,1035.4,0.581196,1,p:2.1.5.1.2.2
U2745,110,FUSE2,388905.1,388905.1,390731.4,1826.3,1826.3,1035.4,0.566939,1,p:1.3.4.2.3.1
U2746,110,FUSE2,388983.9,388983.9,390770.2,1786.3,1786.3,1035.4,0.579634,1,p:2.2.3.1.1.2
U2747,110,FUSE2,389025.9,389025.9,390886.2,1860.3,1860.3,1035.4,0.556577,1,p:1.1.1.1.3.2
U2748,110,FUSE2,389099.9,389099.9,390978.6,1878.7,1878.7,1035.4,0.551126,1,p:2.3.2.2.1.1
U2749,110,FUSE2,389141.9,389141.9,391002.2,1860.3,1860.3,1035.4,0.556577,1,p:1.2.5.1.2.2
U4239,170,FUSE0,389235.5,389235.5,390847.4,1611.9,1611.9,941.0,0.583783,1,p:2.1.4.2.2.1
U4240,170,FUSE0,389257.9,389257.9,391094.6,1836.7,1836.7,941.0,0.512332,1,p:1.3.3.2.3.1
U4241,170,FUSE0,389351.5,389351.5,391133.4,1781.9,1781.9,941.0,0.528088,1,p:2.2.4.1.1.2
U4242,170,FUSE0,389390.3,389390.3,391210.6,1820.3,1820.3,941.0,0.516948,1,p:1.1.1.2.2.1
U4243,170,FUSE0,389467.5,389467.5,391249.4,1781.9,1781.9,941.0,0.528088,1,p:2.3.2.1.3.2
U4244,170,FUSE0,389506.3,389506.3,391331.4,1825.1,1825.1,941.0,0.515588,1,p:1.2.5.2.1.1
U4245,170,FUSE0,389588.3,389588.3,391365.4,1777.1,1777.1,941.0,0.529514,1,p:2.1.3.1.2.2
U4246,170,FUSE0,389622.3,389622.3,391447.4,1825.1,1825.1,941.0,0.515588,1,p:1.3.4.2.3.1
U4247,170,FUSE0,389704.3,389704.3,391486.2,1781.9,1781.9,941.0,0.528088,1,p:2.2.1.1.1.2
U4248,170,FUSE1,389743.1,389743.1,391563.4,1820.3,1820.3,1003.0,0.551008,1,p:1.1.2.2.2.1
U4249,170,FUSE1,389820.3,389820.3,391602.2,1781.9,1781.9,1003.0,0.562882,1,p:2.3.5.1.3.2
U4250,170,FUSE1,389859.1,389859.1,391684.2,1825.1,1825.1,1003.0,0.549559,1,p:1.2.3.2.1.1
U4251,170,FUSE1,389941.1,389941.1,391718.2,1777.1,1777.1,1003.0,0.564403,1,p:2.1.4.1.2.2
U4252,170,FUSE1,389975.1,389975.1,391800.2,1825.1,1825.1,1003.0,0.549559,1,p:1.3.1.2.3.1
U4253,170,FUSE1,390057.1,390057.1,391839.0,1781.9,1781.9,1003.0,0.562882,1,p:2.2.2.1.1.2
U4254,170,FUSE1,390095.9,390095.9,391916.2,1820.3,1820.3,1003.0,0.551008,1,p:1.1.5.2.2.1
U4255,170,FUSE1,390173.1,390173.1,391955.0,1781.9,1781.9,1003.0,0.562882,1,p:2.3.3.1.3.2
U4256,170,FUSE1,390211.9,390211.9,392037.0,1825.1,1825.1,1003.0,0.549559,1,p:1.2.4.2.1.1
U4257,170,FUSE2,390293.9,390293.9,392071.0,1777.1,1777.1,1035.4,0.582635,1,p:2.1.1.1.2.2
U4258,170,FUSE2,390327.9,390327.9,392153.0,1825.1,1825.1,1035.4,0.567311,1,p:1.3.2.2.3.1
U4259,170,FUSE2,390409.9,390409.9,392191.8,1781.9,1781.9,1035.4,0.581065,1,p:2.2.5.1.1.2
U4260,170,FUSE2,390448.7,390448.7,392269.0,1820.3,1820.3,1035.4,0.568807,1,p:1.1.3.2.2.1
U4261,170,FUSE2,390525.9,390525.9,392307.8,1781.9,1781.9,1035.4,0.581065,1,p:2.3.4.1.3.2
U4262,170,FUSE2,390564.7,390564.7,392389.8,1825.1,1825.1,1035.4,0.567311,1,p:1.2.1.2.1.1
U4263,170,FUSE2,390646.7,390646.7,392423.8,1777.1,1777.1,1035.4,0.582635,1,p:2.1.2.1.2.2
U4264,170,FUSE2,390680.7,390680.7,392505.8,1825.1,1825.1,1035.4,0.567311,1,p:1.3.5.2.3.1
U4568,183,FUSE0,390762.7,390762.7,392544.6,1781.9,1781.9,941.0,0.528088,1,p:2.2.3.1.1.2
U4569,183,FUSE0,390801.5,390801.5,392621.8,1820.3,1820.3,941.0,0.516948,1,p:1.1.4.2.2.1
U4570,183,FUSE0,390878.7,390878.7,392660.6,1781.9,1781.9,941.0,0.528088,1,p:2.3.1.1.3.2
U4571,183,FUSE0,390917.5,390917.5,392742.6,1825.1,1825.1,941.0,0.515588,1,p:1.2.2.2.1.1
U4572,183,FUSE0,391009.9,391009.9,392776.6,1766.7,1766.7,941.0,0.532631,1,p:2.1.5.1.2.2
U4573,183,FUSE0,391033.5,391033.5,392858.6,1825.1,1825.1,941.0,0.515588,1,p:1.3.3.2.3.1
U4574,183,FUSE0,391125.9,391125.9,392897.4,1771.5,1771.5,941.0,0.531188,1,p:2.2.4.1.1.2
U4575,183,FUSE0,391164.7,391164.7,392974.6,1809.9,1809.9,941.0,0.519918,1,p:1.1.1.2.2.1
U4576,183,FUSE0,391241.9,391241.9,393013.4,1771.5,1771.5,941.0,0.531188,1,p:2.3.2.1.3.2
U4577,183,FUSE1,391280.7,391280.7,393095.4,1814.7,1814.7,1003.0,0.552708,1,p:1.2.5.2.1.1
U4578,183,FUSE1,391362.7,391362.7,393129.4,1766.7,1766.7,1003.0,0.567725,1,p:2.1.3.1.2.2
U4579,183,FUSE1,391396.7,391396.7,393211.4,1814.7,1814.7,1003.0,0.552708,1,p:1.3.4.2.3.1
U4580,183,FUSE1,391478.7,391478.7,393250.2,1771.5,1771.5,1003.0,0.566187,1,p:2.2.1.1.1.2
U4581,183,FUSE1,391517.5,391517.5,393327.4,1809.9,1809.9,1003.0,0.554174,1,p:1.1.2.2.2.1
U4582,183,FUSE1,391594.7,391594.7,393366.2,1771.5,1771.5,1003.0,0.566187,1,p:2.3.5.1.3.2
U4583,183,FUSE1,391633.5,391633.5,393448.2,1814.7,1814.7,1003.0,0.552708,1,p:1.2.3.2.1.1
U4584,183,FUSE1,391715.5,391715.5,393482.2,1766.7,1766.7,1003.0,0.567725,1,p:2.1.4.1.2.2
U4585,183,FUSE1,391749.5,391749.5,393564.2,1814.7,1814.7,1003.0,0.552708,1,p:1.3.1.2.3.1
U4586,183,FUSE2,391831.5,391831.5,393603.0,1771.5,1771.5,1035.4,0.584476,1,p:2.2.2.1.1.2
U4587,183,FUSE2,391870.3,391870.3,393680.2,1809.9,1809.9,1035.4,0.572076,1,p:1.1.5.2.2.1
U4588,183,FUSE2,391947.5,391947.5,393719.0,1771.5,1771.5,1035.4,0.584476,1,p:2.3.3.1.3.2
U4589,183,FUSE2,391986.3,391986.3,393809.4,1823.1,1823.1,1035.4,0.567934,1,p:1.2.4.2.1.1
U4590,183,FUSE2,392068.3,392068.3,393835.0,1766.7,1766.7,1035.4,0.586064,1,p:2.1.1.1.2.2
U4591,183,FUSE2,392102.3,392102.3,393925.4,1823.1,1823.1,1035.4,0.567934,1,p:1.3.2.2.3.1
U4592,183,FUSE2,392184.3,392184.3,393981.4,1797.1,1797.1,1035.4,0.57615,1,p:2.2.5.1.2.2
U4593,183,FUSE2,392223.1,392223.1,394044.6,1821.5,1821.5,1035.4,0.568433,1,p:1.1.3.2.1.1
U4594,183,FUSE2,392300.3,392300.3,394097.4,1797.1,1797.1,1035.4,0.57615,1,p:2.3.4.1.3.2
U4595,183,FUSE2,392339.1,392339.1,394176.2,1837.1,1837.1,1035.4,0.563606,1,p:1.2.1.2.2.1
U7453,298,FUSE0,392421.1,392421.1,394245.0,1823.9,1823.9,941.0,0.515927,1,p:2.1.2.1.1.2
U7454,298,FUSE0,392455.1,392455.1,394292.2,1837.1,1837.1,941.0,0.51222,1,p:1.3.5.2.3.1
U7455,298,FUSE0,392537.1,392537.1,394361.0,1823.9,1823.9,941.0,0.515927,1,p:2.2.3.1.2.2
U7456,298,FUSE0,392575.9,392575.9,394439.8,1863.9,1863.9,941.0,0.504855,1,p:1.1.4.2.1.1
U7457,298,FUSE0,392653.1,392653.1,394477.0,1823.9,1823.9,941.0,0.515927,1,p:2.3.1.1.3.2
U7458,298,FUSE0,392691.9,392691.9,394555.8,1863.9,1863.9,941.0,0.504855,1,p:1.2.2.2.2.1
U7459,298,FUSE0,392773.9,392773.9,394597.8,1823.9,1823.9,941.0,0.515927,1,p:2.1.5.1.1.2
U7460,298,FUSE0,392807.9,392807.9,394671.8,1863.9,1863.9,941.0,0.504855,1,p:1.3.3.2.3.1
U7461,298,FUSE1,392889.9,392889.9,394713.8,1823.9,1823.9,1003.0,0.549921,1,p:2.2.4.1.2.2
U7462,298,FUSE1,392928.7,392928.7,394792.6,1863.9,1863.9,1003.0,0.538119,1,p:1.1.1.2.1.1
U7463,298,FUSE1,393005.9,393005.9,394829.8,1823.9,1823.9,1003.0,0.549921,1,p:2.3.2.1.3.2
U7464,298,FUSE1,393044.7,393044.7,394908.6,1863.9,1863.9,1003.0,0.538119,1,p:1.2.5.2.2.1
U7465,298,FUSE1,393126.7,393126.7,394950.6,1823.9,1823.9,1003.0,0.549921,1,p:2.1.3.1.1.2
U7466,298,FUSE1,393160.7,393160.7,395024.6,1863.9,1863.9,1003.0,0.538119,1,p:1.3.4.2.3.1
U7467,298,FUSE1,393242.7,393242.7,395066.6,1823.9,1823.9,1003.0,0.549921,1,p:2.2.1.1.2.2
U7468,298,FUSE1,393281.5,393281.5,395145.4,1863.9,1863.9,1003.0,0.538119,1,p:1.1.2.2.1.1
U7469,298,FUSE2,393358.7,393358.7,395182.6,1823.9,1823.9,1035.4,0.567685,1,p:2.3.5.1.3.2
U7470,298,FUSE2,393397.5,393397.5,395261.4,1863.9,1863.9,1035.4,0.555502,1,p:1.2.3.2.2.1
U7471,298,FUSE2,393479.5,393479.5,395303.4,1823.9,1823.9,1035.4,0.567685,1,p:2.1.4.1.1.2
U7472,298,FUSE2,393513.5,393513.5,395377.4,1863.9,1863.9,1035.4,0.555502,1,p:1.3.1.2.3.1
U7473,298,FUSE2,393595.5,393595.5,395419.4,1823.9,1823.9,1035.4,0.567685,1,p:2.2.2.1.2.2
U7474,298,FUSE2,393634.3,393634.3,395498.6,1864.3,1864.3,1035.4,0.555383,1,p:1.1.5.2.1.1
U7475,298,FUSE2,393711.5,393711.5,395535.4,1823.9,1823.9,1035.4,0.567685,1,p:2.3.3.1.3.2
U1940,78,FUSE0,393750.3,393750.3,395614.6,1864.3,1864.3,941.0,0.504747,1,p:1.2.4.2.2.1
U1941,78,FUSE0,393840.7,393840.7,395656.2,1815.5,1815.5,941.0,0.518315,1,p:2.1.1.1.1.2
U1942,78,FUSE0,393866.3,393866.3,395730.6,1864.3,1864.3,941.0,0.504747,1,p:1.3.2.2.3.1
U1943,78,FUSE0,393956.7,393956.7,395772.2,1815.5,1815.5,941.0,0.518315,1,p:2.2.5.1.2.2
U1944,78,FUSE0,394012.7,394012.7,395851.4,1838.7,1838.7,941.0,0.511775,1,p:1.1.3.2.1.1
U1945,78,FUSE0,394075.9,394075.9,395888.2,1812.3,1812.3,941.0,0.51923,1,p:2.3.4.1.3.2
U1946,78,FUSE0,394128.7,394128.7,395967.4,1838.7,1838.7,941.0,0.511775,1,p:1.2.1.2.2.1
U1947,78,FUSE0,394207.5,394207.5,396009.0,1801.5,1801.5,941.0,0.522342,1,p:2.1.2.1.1.2
U1948,78,FUSE1,394276.3,394276.3,396083.4,1807.1,1807.1,1003.0,0.555033,1,p:1.3.5.2.3.1
U1949,78,FUSE1,394323.5,394323.5,396125.0,1801.5,1801.5,1003.0,0.556758,1,p:2.2.3.1.2.2
U1950,78,FUSE1,394392.3,394392.3,396204.2,1811.9,1811.9,1003.0,0.553563,1,p:1.1.4.2.1.1
U1951,78,FUSE1,394471.1,394471.1,396241.0,1769.9,1769.9,1003.0,0.566699,1,p:2.3.1.1.3.2
U1952,78,FUSE1,394508.3,394508.3,396320.2,1811.9,1811.9,1003.0,0.553563,1,p:1.2.2.2.2.1
U1953,78,FUSE1,394587.1,394587.1,396361.8,1774.7,1774.7,1003.0,0.565166,1,p:2.1.5.1.1.2
U1954,78,FUSE1,394629.1,394629.1,396436.2,1807.1,1807.1,1003.0,0.555033,1,p:1.3.3.2.3.1
U1955,78,FUSE2,394703.1,394703.1,396477.8,1774.7,1774.7,1035.4,0.583423,1,p:2.2.4.1.2.2
U1956,78,FUSE2,394745.1,394745.1,396557.0,1811.9,1811.9,1035.4,0.571444,1,p:1.1.1.2.1.1
U1957,78,FUSE2,394823.9,394823.9,396593.8,1769.9,1769.9,1035.4,0.585005,1,p:2.3.2.1.3.2
U1958,78,FUSE2,394861.1,394861.1,396673.0,1811.9,1811.9,1035.4,0.571444,1,p:1.2.5.2.2.1
U1959,78,FUSE2,394939.9,394939.9,396714.6,1774.7,1774.7,1035.4,0.583423,1,p:2.1.3.1.1.2
U1960,78,FUSE2,394981.9,394981.9,396789.0,1807.1,1807.1,1035.4,0.572962,1,p:1.3.4.2.3.1
U1961,78,FUSE2,395055.9,395055.9,396830.6,1774.7,1774.7,1035.4,0.583423,1,p:2.2.1.1.2.2
U1962,78,FUSE2,395097.9,395097.9,396926.6,1828.7,1828.7,1035.4,0.566195,1,p:1.1.2.2.1.1
U3303,133,FUSE0,395176.7,395176.7,396946.6,1769.9,1769.9,941.0,0.531668,1,p:2.3.5.1.3.2
U3304,133,FUSE0,395213.9,395213.9,397042.6,1828.7,1828.7,941.0,0.514573,1,p:1.2.3.2.2.1
U3305,133,FUSE0,395292.7,395292.7,397081.4,1788.7,1788.7,941.0,0.52608,1,p:2.1.4.1.1.2
U3306,133,FUSE0,395334.7,395334.7,397158.6,1823.9,1823.9,941.0,0.515927,1,p:1.3.1.2.3.1
U3307,133,FUSE0,395408.7,395408.7,397197.4,1788.7,1788.7,941.0,0.52608,1,p:2.2.2.1.2.2
U3308,133,FUSE0,395450.7,395450.7,397279.4,1828.7,1828.7,941.0,0.514573,1,p:1.1.5.2.1.1
U3309,133,FUSE0,395529.9,395529.9,397313.4,1783.5,1783.5,941.0,0.527614,1,p:2.3.3.1.3.2
U3310,133,FUSE0,395566.7,395566.7,397395.4,1828.7,1828.7,941.0,0.514573,1,p:1.2.4.2.2.1
U3311,133,FUSE0,395645.9,395645.9,397434.2,1788.3,1788.3,941.0,0.526198,1,p:2.1.1.1.1.2
U3312,133,FUSE1,395687.5,395687.5,397511.4,1823.9,1823.9,1003.0,0.549921,1,p:1.3.2.2.3.1
U3313,133,FUSE1,395761.9,395761.9,397550.2,1788.3,1788.3,1003.0,0.560868,1,p:2.2.5.1.2.2
U3314,133,FUSE1,395803.5,395803.5,397632.2,1828.7,1828.7,1003.0,0.548477,1,p:1.1.3.2.1.1
U3315,133,FUSE1,395882.7,395882.7,397666.2,1783.5,1783.5,1003.0,0.562377,1,p:2.3.4.1.3.2
U3316,133,FUSE1,395919.5,395919.5,397748.2,1828.7,1828.7,1003.0,0.548477,1,p:1.2.1.2.2.1
U3317,133,FUSE1,395998.7,395998.7,397787.0,1788.3,1788.3,1003.0,0.560868,1,p:2.1.2.1.1.2
U3318,133,FUSE1,396040.3,396040.3,397864.2,1823.9,1823.9,1003.0,0.549921,1,p:1.3.5.2.3.1
U3319,133,FUSE1,396114.7,396114.7,397903.0,1788.3,1788.3,1003.0,0.560868,1,p:2.2.3.1.2.2
U3320,133,FUSE1,396156.3,396156.3,397985.0,1828.7,1828.7,1003.0,0.548477,1,p:1.1.4.2.1.1
U3321,133,FUSE2,396235.5,396235.5,398019.0,1783.5,1783.5,1035.4,0.580544,1,p:2.3.1.1.3.2
U3322,133,FUSE2,396272.3,396272.3,398101.0,1828.7,1828.7,1035.4,0.566195,1,p:1.2.2.2.2.1
U3323,133,FUSE2,396351.5,396351.5,398139.8,1788.3,1788.3,1035.4,0.578986,1,p:2.1.5.1.1.2
U3324,133,FUSE2,396393.1,396393.1,398217.0,1823.9,1823.9,1035.4,0.567685,1,p:1.3.3.2.3.1
U3325,133,FUSE2,396467.5,396467.5,398255.8,1788.3,1788.3,1035.4,0.578986,1,p:2.2.4.1.2.2
U3326,133,FUSE2,396509.1,396509.1,398337.8,1828.7,1828.7,1035.4,0.566195,1,p:1.1.1.2.1.1
U3327,133,FUSE2,396588.3,396588.3,398453.8,1865.5,1865.5,1035.4,0.555025,1,p:2.3.2.2.2.1
U3328,133,FUSE2,396625.1,396625.1,398569.8,1944.7,1944.7,1035.4,0.532421,1,p:1.2.5.2.3.1
U6052,242,FUSE0,396704.3,396704.3,398371.8,1667.5,1667.5,941.0,0.564318,1,p:2.1.3.1.3.2
U6053,242,FUSE0,396745.9,396745.9,398492.6,1746.7,1746.7,941.0,0.53873,1,p:1.3.4.1.1.2
U6054,242,FUSE0,396820.3,396820.3,398608.6,1788.3,1788.3,941.0,0.526198,1,p:2.2.1.1.2.2
U6055,242,FUSE0,396861.9,396861.9,398690.6,1828.7,1828.7,941.0,0.514573,1,p:1.1.3.2.1.1
U6056,242,FUSE0,396957.9,396957.9,398724.6,1766.7,1766.7,941.0,0.532631,1,p:2.3.2.1.3.2
U6057,242,FUSE0,396977.9,396977.9,398806.6,1828.7,1828.7,941.0,0.514573,1,p:1.2.4.2.2.1
U6058,242,FUSE0,397073.9,397073.9,398845.4,1771.5,1771.5,941.0,0.531188,1,p:2.1.5.1.1.2
U6059,242,FUSE1,397112.7,397112.7,398922.6,1809.9,1809.9,1003.0,0.554174,1,p:1.3.1.2.3.1
U6060,242,FUSE1,397189.9,397189.9,398961.4,1771.5,1771.5,1003.0,0.566187,1,p:2.2.3.1.2.2
U6061,242,FUSE1,397228.7,397228.7,399043.4,1814.7,1814.7,1003.0,0.552708,1,p:1.1.2.2.1.1
U6062,242,FUSE1,397310.7,397310.7,399077.4,1766.7,1766.7,1003.0,0.567725,1,p:2.3.4.1.3.2
U6063,242,FUSE1,397344.7,397344.7,399159.4,1814.7,1814.7,1003.0,0.552708,1,p:1.2.5.2.2.1
U6064,242,FUSE1,397426.7,397426.7,399198.2,1771.5,1771.5,1003.0,0.566187,1,p:2.1.1.1.1.2
U6065,242,FUSE1,397465.5,397465.5,399275.4,1809.9,1809.9,1003.0,0.554174,1,p:1.3.3.2.3.1
U6066,242,FUSE2,397542.7,397542.7,399314.2,1771.5,1771.5,1035.4,0.584476,1,p:2.2.2.1.2.2
U6067,242,FUSE2,397581.5,397581.5,399396.2,1814.7,1814.7,1035.4,0.570563,1,p:1.1.4.2.1.1
U6068,242,FUSE2,397663.5,397663.5,399430.2,1766.7,1766.7,1035.4,0.586064,1,p:2.3.5.1.3.2
U6069,242,FUSE2,397697.5,397697.5,399512.2,1814.7,1814.7,1035.4,0.570563,1,p:1.2.1.2.2.1
U6070,242,FUSE2,397779.5,397779.5,399628.2,1848.7,1848.7,1035.4,0.560069,1,p:2.1.3.2.3.1
U6071,242,FUSE2,397818.3,397818.3,399749.0,1930.7,1930.7,1035.4,0.536282,1,p:1.3.2.2.1.1
U6877,275,FUSE0,397895.5,397895.5,399551.0,1655.5,1655.5,941.0,0.568408,1,p:2.2.4.1.1.2
U6878,275,FUSE0,397934.3,397934.3,399667.0,1732.7,1732.7,941.0,0.543083,1,p:1.1.5.1.2.2
U6879,275,FUSE0,398016.3,398016.3,399783.0,1766.7,1766.7,941.0,0.532631,1,p:2.3.1.1.3.2
U6880,275,FUSE0,398050.3,398050.3,399865.0,1814.7,1814.7,941.0,0.518543,1,p:1.2.4.2.2.1
U6881,275,FUSE0,398132.3,398132.3,399903.8,1771.5,1771.5,941.0,0.531188,1,p:2.1.3.1.1.2
U6882,275,FUSE0,398171.1,398171.1,399981.0,1809.9,1809.9,941.0,0.519918,1,p:1.3.5.2.3.1
U6883,275,FUSE0,398248.3,398248.3,400019.8,1771.5,1771.5,941.0,0.531188,1,p:2.2.2.1.2.2
U6884,275,FUSE0,398287.1,398287.1,400101.8,1814.7,1814.7,941.0,0.518543,1,p:1.1.1.2.1.1
U6885,275,FUSE1,398369.1,398369.1,400135.8,1766.7,1766.7,1003.0,0.567725,1,p:2.3.4.1.3.2
U6886,275,FUSE1,398403.1,398403.1,400217.8,1814.7,1814.7,1003.0,0.552708,1,p:1.2.3.2.2.1
U6887,275,FUSE1,398485.1,398485.1,400256.6,1771.5,1771.5,1003.0,0.566187,1,p:2.1.5.1.1.2
U6888,275,FUSE1,398523.9,398523.9,400333.8,1809.9,1809.9,1003.0,0.554174,1,p:1.3.2.2.3.1
U6889,275,FUSE1,398601.1,398601.1,400372.6,1771.5,1771.5,1003.0,0.566187,1,p:2.2.1.1.2.2
U6890,275,FUSE1,398639.9,398639.9,400454.6,1814.7,1814.7,1003.0,0.552708,1,p:1.1.4.2.1.1
U6891,275,FUSE1,398721.9,398721.9,400488.6,1766.7,1766.7,1003.0,0.567725,1,p:2.3.3.1.3.2
U6892,275,FUSE1,398755.9,398755.9,400570.6,1814.7,1814.7,1003.0,0.552708,1,p:1.2.5.2.2.1
U6893,275,FUSE2,398837.9,398837.9,400609.4,1771.5,1771.5,1035.4,0.584476,1,p:2.1.2.1.1.2
U6894,275,FUSE2,398876.7,398876.7,400686.6,1809.9,1809.9,1035.4,0.572076,1,p:1.3.1.2.3.1
U6895,275,FUSE2,398953.9,398953.9,400725.4,1771.5,1771.5,1035.4,0.584476,1,p:2.2.4.1.2.2
U6896,275,FUSE2,398992.7,398992.7,400807.4,1814.7,1814.7,1035.4,0.570563,1,p:1.1.3.2.1.1
U6897,275,FUSE2,399074.7,399074.7,400841.4,1766.7,1766.7,1035.4,0.586064,1,p:2.3.5.1.3.2
U6898,275,FUSE2,399108.7,399108.7,400923.4,1814.7,1814.7,1035.4,0.570563,1,p:1.2.2.2.2.1
U6899,275,FUSE2,399190.7,399190.7,400962.2,1771.5,1771.5,1035.4,0.584476,1,p:2.1.1.1.1.2
U8430,337,FUSE0,399229.5,399229.5,401039.4,1809.9,1809.9,941.0,0.519918,1,p:1.3.4.2.3.1
U8431,337,FUSE0,399306.7,399306.7,401078.2,1771.5,1771.5,941.0,0.531188,1,p:2.2.3.1.2.2
U8432,337,FUSE0,399345.5,399345.5,401160.2,1814.7,1814.7,941.0,0.518543,1,p:1.1.5.2.1.1
U8433,337,FUSE0,399427.5,399427.5,401194.2,1766.7,1766.7,941.0,0.532631,1,p:2.3.2.1.3.2
U8434,337,FUSE0,399461.5,399461.5,401276.2,1814.7,1814.7,941.0,0.518543,1,p:1.2.1.2.2.1
U8435,337,FUSE0,399543.5,399543.5,401315.0,1771.5,1771.5,941.0,0.531188,1,p:2.1.4.1.1.2
U8436,337,FUSE0,399582.3,399582.3,401392.2,1809.9,1809.9,941.0,0.519918,1,p:1.3.3.2.3.1
U8437,337,FUSE0,399659.5,399659.5,401431.0,1771.5,1771.5,941.0,0.531188,1,p:2.2.5.1.2.2
U8438,337,FUSE0,399698.3,399698.3,401513.0,1814.7,1814.7,941.0,0.518543,1,p:1.1.2.2.1.1
U8439,337,FUSE1,399780.3,399780.3,401547.0,1766.7,1766.7,1003.0,0.567725,1,p:2.3.1.1.3.2
U8440,337,FUSE1,399814.3,399814.3,401629.0,1814.7,1814.7,1003.0,0.552708,1,p:1.2.4.2.2.1
U8441,337,FUSE1,399896.3,399896.3,401667.8,1771.5,1771.5,1003.0,0.566187,1,p:2.1.3.1.1.2
U8442,337,FUSE1,399935.1,399935.1,401745.0,1809.9,1809.9,1003.0,0.554174,1,p:1.3.5.2.3.1
U8443,337,FUSE1,400012.3,400012.3,401783.8,1771.5,1771.5,1003.0,0.566187,1,p:2.2.2.1.2.2
U8444,337,FUSE1,400051.1,400051.1,401865.8,1814.7,1814.7,1003.0,0.552708,1,p:1.1.1.2.1.1
U8445,337,FUSE1,400133.1,400133.1,401899.8,1766.7,1766.7,1003.0,0.567725,1,p:2.3.4.1.3.2
U8446,337,FUSE1,400167.1,400167.1,401981.8,1814.7,1814.7,1003.0,0.552708,1,p:1.2.3.2.2.1
U8447,337,FUSE1,400249.1,400249.1,402020.6,1771.5,1771.5,1003.0,0.566187,1,p:2.1.5.1.1.2
U8448,337,FUSE1,400287.9,400287.9,402097.8,1809.9,1809.9,1003.0,0.554174,1,p:1.3.2.2.3.1
U8449,337,FUSE2,400365.1,400365.1,402136.6,1771.5,1771.5,1035.4,0.584476,1,p:2.2.1.1.2.2
U8450,337,FUSE2,400403.9,400403.9,402218.6,1814.7,1814.7,1035.4,0.570563,1,p:1.1.4.2.1.1
U8451,337,FUSE2,400485.9,400485.9,402252.6,1766.7,1766.7,1035.4,0.586064,1,p:2.3.3.1.3.2
U8452,337,FUSE2,400519.9,400519.9,402334.6,1814.7,1814.7,1035.4,0.570563,1,p:1.2.5.2.2.1
U8453,337,FUSE2,400601.9,400601.9,402373.4,1771.5,1771.5,1035.4,0.584476,1,p:2.1.2.1.1.2
U8454,337,FUSE2,400640.7,400640.7,402450.6,1809.9,1809.9,1035.4,0.572076,1,p:1.3.1.2.3.1
U8455,337,FUSE2,400717.9,400717.9,402489.4,1771.5,1771.5,1035.4,0.584476,1,p:2.2.4.1.2.2
U8456,337,FUSE2,400756.7,400756.7,402571.4,1814.7,1814.7,1035.4,0.570563,1,p:1.1.3.2.1.1
U8457,337,FUSE2,400838.7,400838.7,402605.4,1766.7,1766.7,1035.4,0.586064,1,p:2.3.5.1.3.2
U8458,337,FUSE2,400872.7,400872.7,402687.4,1814.7,1814.7,1035.4,0.570563,1,p:1.2.2.2.2.1
U5505,220,FUSE0,400954.7,400954.7,402726.6,1771.9,1771.9,941.0,0.531068,1,p:2.1.1.1.1.2
U5506,220,FUSE0,400993.5,400993.5,402803.4,1809.9,1809.9,941.0,0.519918,1,p:1.3.4.2.3.1
U5507,220,FUSE0,401070.7,401070.7,402842.6,1771.9,1771.9,941.0,0.531068,1,p:2.2.3.1.2.2
U5508,220,FUSE0,401109.5,401109.5,402924.2,1814.7,1814.7,941.0,0.518543,1,p:1.1.5.2.1.1
U5509,220,FUSE0,401191.5,401191.5,402958.6,1767.1,1767.1,941.0,0.532511,1,p:2.3.2.1.3.2
U5510,220,FUSE0,401225.5,401225.5,403040.2,1814.7,1814.7,941.0,0.518543,1,p:1.2.1.2.2.1
U5511,220,FUSE0,401307.5,401307.5,403079.4,1771.9,1771.9,941.0,0.531068,1,p:2.1.4.1.1.2
U5512,220,FUSE0,401346.3,401346.3,403156.2,1809.9,1809.9,941.0,0.519918,1,p:1.3.3.2.3.1
U5513,220,FUSE1,401423.5,401423.5,403195.4,1771.9,1771.9,1003.0,0.566059,1,p:2.2.5.1.2.2
U5514,220,FUSE1,401462.3,401462.3,403277.0,1814.7,1814.7,1003.0,0.552708,1,p:1.1.2.2.1.1
U5515,220,FUSE1,401544.3,401544.3,403311.4,1767.1,1767.1,1003.0,0.567597,1,p:2.3.1.1.3.2
U5516,220,FUSE1,401578.3,401578.3,403393.0,1814.7,1814.7,1003.0,0.552708,1,p:1.2.4.2.2.1
U5517,220,FUSE1,401660.3,401660.3,403432.2,1771.9,1771.9,1003.0,0.566059,1,p:2.1.3.1.1.2
U5518,220,FUSE1,401699.1,401699.1,403509.0,1809.9,1809.9,1003.0,0.554174,1,p:1.3.5.2.3.1
U5519,220,FUSE1,401776.3,401776.3,403548.2,1771.9,1771.9,1003.0,0.566059,1,p:2.2.2.1.2.2
U5520,220,FUSE1,401815.1,401815.1,403629.8,1814.7,1814.7,1003.0,0.552708,1,p:1.1.1.2.1.1
U5521,220,FUSE2,401897.1,401897.1,403664.2,1767.1,1767.1,1035.4,0.585932,1,p:2.3.4.1.3.2
U5522,220,FUSE2,401931.1,401931.1,403745.8,1814.7,1814.7,1035.4,0.570563,1,p:1.2.3.2.2.1
U5523,220,FUSE2,402013.1,402013.1,403785.0,1771.9,1771.9,1035.4,0.584344,1,p:2.1.5.1.1.2
U5524,220,FUSE2,402051.9,402051.9,403861.8,1809.9,1809.9,1035.4,0.572076,1,p:1.3.2.2.3.1
U5525,220,FUSE2,402129.1,402129.1,403901.0,1771.9,1771.9,1035.4,0.584344,1,p:2.2.1.1.2.2
U5526,220,FUSE2,402167.9,402167.9,403982.6,1814.7,1814.7,1035.4,0.570563,1,p:1.1.4.2.1.1
U5527,220,FUSE2,402249.9,402249.9,404017.0,1767.1,1767.1,1035.4,0.585932,1,p:2.3.3.1.3.2
U5528,220,FUSE2,402283.9,402283.9,404214.6,1930.7,1930.7,1035.4,0.536282,1,p:1.2.5.2.3.1
U5529,220,FUSE2,402365.9,402365.9,404098.6,1732.7,1732.7,1035.4,0.597564,1,p:2.1.2.2.2.1
U1511,61,FUSE0,402404.7,402404.7,404137.8,1733.1,1733.1,941.0,0.542958,1,p:1.3.1.1.1.2
U1512,61,FUSE0,402481.9,402481.9,404253.8,1771.9,1771.9,941.0,0.531068,1,p:2.2.4.1.2.2
U1513,61,FUSE0,402520.7,402520.7,404335.4,1814.7,1814.7,941.0,0.518543,1,p:1.1.3.2.1.1
U1514,61,FUSE0,402602.7,402602.7,404490.6,1887.9,1887.9,941.0,0.498437,1,p:2.3.5.1.1.2
U1515,61,FUSE0,402636.7,402636.7,404451.4,1814.7,1814.7,941.0,0.518543,1,p:1.2.1.2.2.1
U1516,61,FUSE0,402718.7,402718.7,404369.8,1651.1,1651.1,941.0,0.569923,1,p:2.1.2.1.3.2
U1517,61,FUSE0,402757.9,402757.9,404567.4,1809.5,1809.5,941.0,0.520033,1,p:1.3.4.2.3.1
U1518,61,FUSE0,402834.7,402834.7,404606.6,1771.9,1771.9,941.0,0.531068,1,p:2.2.3.1.2.2
U1519,61,FUSE0,402873.9,402873.9,404688.2,1814.3,1814.3,941.0,0.518657,1,p:1.1.5.2.1.1
U1520,61,FUSE1,402955.5,402955.5,404722.6,1767.1,1767.1,1003.0,0.567597,1,p:2.3.1.1.3.2
U1521,61,FUSE1,402989.9,402989.9,404804.2,1814.3,1814.3,1003.0,0.55283,1,p:1.2.2.2.2.1
U1522,61,FUSE1,403071.5,403071.5,404843.4,1771.9,1771.9,1003.0,0.566059,1,p:2.1.4.1.1.2
U1523,61,FUSE1,403110.7,403110.7,404920.2,1809.5,1809.5,1003.0,0.554297,1,p:1.3.3.2.3.1
U1524,61,FUSE1,403187.5,403187.5,404959.4,1771.9,1771.9,1003.0,0.566059,1,p:2.2.5.1.2.2
U1525,61,FUSE1,403226.7,403226.7,405041.0,1814.3,1814.3,1003.0,0.55283,1,p:1.1.1.2.1.1
U1526,61,FUSE1,403308.3,403308.3,405075.4,1767.1,1767.1,1003.0,0.567597,1,p:2.3.2.1.3.2
U1527,61,FUSE1,403342.7,403342.7,405157.0,1814.3,1814.3,1003.0,0.55283,1,p:1.2.4.2.2.1
U1528,61,FUSE1,403424.3,403424.3,405196.2,1771.9,1771.9,1003.0,0.566059,1,p:2.1.3.1.1.2
U1529,61,FUSE2,403463.5,403463.5,405273.0,1809.5,1809.5,1035.4,0.572202,1,p:1.3.5.2.3.1
U1530,61,FUSE2,403540.3,403540.3,405312.2,1771.9,1771.9,1035.4,0.584344,1,p:2.2.1.1.2.2
U1531,61,FUSE2,403579.5,403579.5,405393.8,1814.3,1814.3,1035.4,0.570688,1,p:1.1.2.2.1.1
U1532,61,FUSE2,403661.1,403661.1,405428.2,1767.1,1767.1,1035.4,0.585932,1,p:2.3.4.1.3.2
U1533,61,FUSE2,403695.5,403695.5,405509.8,1814.3,1814.3,1035.4,0.570688,1,p:1.2.3.2.2.1
U1534,61,FUSE2,403777.1,403777.1,405554.7,1777.6,1777.6,1035.4,0.582471,1,p:2.1.5.1.1.2
U1535,61,FUSE2,403816.3,403816.3,405670.7,1854.4,1854.4,1035.4,0.558348,1,p:1.3.1.1.2.2
U1536,61,FUSE2,403893.1,403893.1,405786.7,1893.6,1893.6,1035.4,0.546789,1,p:2.2.2.1.3.2
U1243,50,FUSE0,403932.3,403932.3,405761.0,1828.7,1828.7,941.0,0.514573,1,p:1.1.4.2.1.1
U1244,50,FUSE0,404013.9,404013.9,405625.8,1611.9,1611.9,941.0,0.583783,1,p:2.3.3.2.3.1
U1245,50,FUSE0,404048.3,404048.3,405877.0,1828.7,1828.7,941.0,0.514573,1,p:1.2.5.2.2.1
U1246,50,FUSE0,404129.9,404129.9,406031.8,1901.9,1901.9,941.0,0.494768,1,p:2.1.4.1.2.2
U1247,50,FUSE0,404169.1,404169.1,405993.0,1823.9,1823.9,941.0,0.515927,1,p:1.3.1.2.3.1
U1248,50,FUSE0,404245.9,404245.9,405915.8,1669.9,1669.9,941.0,0.563507,1,p:2.2.3.1.1.2
U1249,50,FUSE0,404285.1,404285.1,406113.8,1828.7,1828.7,941.0,0.514573,1,p:1.1.2.2.1.1
U1250,50,FUSE0,404366.7,404366.7,406147.8,1781.1,1781.1,941.0,0.528325,1,p:2.3.5.1.3.2
U1251,50,FUSE1,404401.1,404401.1,406345.8,1944.7,1944.7,1003.0,0.515761,1,p:1.2.4.2.3.1
U1252,50,FUSE1,404482.7,404482.7,406268.6,1785.9,1785.9,1003.0,0.561622,1,p:2.1.1.1.1.2
U1253,50,FUSE1,404521.9,404521.9,406229.8,1707.9,1707.9,1003.0,0.587271,1,p:1.3.3.2.2.1
U1254,50,FUSE1,404598.7,404598.7,406384.6,1785.9,1785.9,1003.0,0.561622,1,p:2.2.2.1.2.2
U1255,50,FUSE1,404637.9,404637.9,406466.6,1828.7,1828.7,1003.0,0.548477,1,p:1.1.5.2.1.1
U1256,50,FUSE1,404719.5,404719.5,406621.4,1901.9,1901.9,1003.0,0.527367,1,p:2.3.4.1.1.2
U1257,50,FUSE1,404753.9,404753.9,406582.6,1828.7,1828.7,1003.0,0.548477,1,p:1.2.1.2.2.1
U1258,50,FUSE1,404835.5,404835.5,406500.6,1665.1,1665.1,1003.0,0.602366,1,p:2.1.3.1.3.2
U1259,50,FUSE2,404874.7,404874.7,406698.6,1823.9,1823.9,1035.4,0.567685,1,p:1.3.2.2.3.1
U1260,50,FUSE2,404951.5,404951.5,406737.4,1785.9,1785.9,1035.4,0.579764,1,p:2.2.5.1.2.2
U1261,50,FUSE2,404990.7,404990.7,406974.2,1983.5,1983.5,1035.4,0.522007,1,p:1.1.4.1.1.2
U1262,50,FUSE2,405072.3,405072.3,406819.4,1747.1,1747.1,1035.4,0.592639,1,p:2.3.1.2.1.1
U1263,50,FUSE2,405106.7,405106.7,406935.4,1828.7,1828.7,1035.4,0.566195,1,p:1.2.3.2.2.1
U1264,50,FUSE2,405188.3,405188.3,406853.4,1665.1,1665.1,1035.4,0.621825,1,p:2.1.2.1.3.2
U1265,50,FUSE2,405227.5,405227.5,407051.4,1823.9,1823.9,1035.4,0.567685,1,p:1.3.5.2.3.1
U1266,50,FUSE2,405304.3,405304.3,407206.2,1901.9,1901.9,1035.4,0.544403,1,p:2.2.4.1.3.2
U1267,50,FUSE2,405343.5,405343.5,407288.2,1944.7,1944.7,1035.4,0.532421,1,p:1.1.1.2.2.1
U5228,209,FUSE0,405425.1,405425.1,407090.2,1665.1,1665.1,941.0,0.565131,1,p:2.3.3.1.2.2
U5229,209,FUSE0,405459.5,405459.5,407172.2,1712.7,1712.7,941.0,0.549425,1,p:1.2.2.2.1.1
U5230,209,FUSE0,405541.1,405541.1,407327.0,1785.9,1785.9,941.0,0.526905,1,p:2.1.5.1.1.2
U5231,209,FUSE0,405586.0,405586.0,407404.2,1818.2,1818.2,941.0,0.517545,1,p:1.3.3.2.3.1
U5232,209,FUSE0,405657.1,405657.1,407443.0,1785.9,1785.9,941.0,0.526905,1,p:2.2.2.1.2.2
U5233,209,FUSE0,405702.0,405702.0,407525.0,1823.0,1823.0,941.0,0.516182,1,p:1.1.4.2.1.1
U5234,209,FUSE0,405792.3,405792.3,407559.0,1766.7,1766.7,941.0,0.532631,1,p:2.3.1.1.3.2
U5235,209,FUSE0,405818.0,405818.0,407641.0,1823.0,1823.0,941.0,0.516182,1,p:1.2.5.2.2.1
U5236,209,FUSE0,405908.3,405908.3,407679.8,1771.5,1771.5,941.0,0.531188,1,p:2.1.3.1.1.2
U5237,209,FUSE1,405947.1,405947.1,407757.0,1809.9,1809.9,1003.0,0.554174,1,p:1.3.2.2.3.1
U5238,209,FUSE1,406024.3,406024.3,407795.8,1771.5,1771.5,1003.0,0.566187,1,p:2.2.4.1.2.2
U5239,209,FUSE1,406063.1,406063.1,407877.8,1814.7,1814.7,1003.0,0.552708,1,p:1.1.1.2.1.1
U5240,209,FUSE1,406145.1,406145.1,407911.8,1766.7,1766.7,1003.0,0.567725,1,p:2.3.5.1.3.2
U5241,209,FUSE1,406179.1,406179.1,407993.8,1814.7,1814.7,1003.0,0.552708,1,p:1.2.3.2.2.1
U5242,209,FUSE1,406261.1,406261.1,408032.6,1771.5,1771.5,1003.0,0.566187,1,p:2.1.2.1.1.2
U5243,209,FUSE1,406299.9,406299.9,408109.8,1809.9,1809.9,1003.0,0.554174,1,p:1.3.4.2.3.1
U5244,209,FUSE1,406377.1,406377.1,408148.6,1771.5,1771.5,1003.0,0.566187,1,p:2.2.1.1.2.2
U5245,209,FUSE1,406415.9,406415.9,408230.6,1814.7,1814.7,1003.0,0.552708,1,p:1.1.5.2.1.1
U5246,209,FUSE2,406497.9,406497.9,408264.6,1766.7,1766.7,1035.4,0.586064,1,p:2.3.3.1.3.2
U5247,209,FUSE2,406531.9,406531.9,408346.6,1814.7,1814.7,1035.4,0.570563,1,p:1.2.2.2.2.1
U5248,209,FUSE2,406613.9,406613.9,408385.4,1771.5,1771.5,1035.4,0.584476,1,p:2.1.4.1.1.2
U5249,209,FUSE2,406652.7,406652.7,408462.6,1809.9,1809.9,1035.4,0.572076,1,p:1.3.1.2.3.1
U5250,209,FUSE2,406729.9,406729.9,408501.4,1771.5,1771.5,1035.4,0.584476,1,p:2.2.5.1.2.2
U5251,209,FUSE2,406768.7,406768.7,408583.4,1814.7,1814.7,1035.4,0.570563,1,p:1.1.3.2.1.1
U5252,209,FUSE2,406850.7,406850.7,408617.4,1766.7,1766.7,1035.4,0.586064,1,p:2.3.2.1.3.2
U5253,209,FUSE2,406884.7,406884.7,408738.2,1853.5,1853.5,1035.4,0.558619,1,p:1.2.4.1.1.2
U5254,209,FUSE2,406966.7,406966.7,408699.4,1732.7,1732.7,1035.4,0.597564,1,p:2.1.1.2.2.1
U4367,175,FUSE0,407005.5,407005.5,408815.4,1809.9,1809.9,941.0,0.519918,1,p:1.3.5.2.3.1
U4368,175,FUSE0,407082.7,407082.7,408854.2,1771.5,1771.5,941.0,0.531188,1,p:2.2.3.1.2.2
U4369,175,FUSE0,407121.5,407121.5,408936.2,1814.7,1814.7,941.0,0.518543,1,p:1.1.2.2.1.1
U4370,175,FUSE0,407203.5,407203.5,409091.0,1887.5,1887.5,941.0,0.498543,1,p:2.3.5.1.1.2
U4371,175,FUSE0,407237.5,407237.5,409052.2,1814.7,1814.7,941.0,0.518543,1,p:1.2.4.2.2.1
U4372,175,FUSE0,407319.5,407319.5,408970.2,1650.7,1650.7,941.0,0.570061,1,p:2.1.1.1.3.2
U4373,175,FUSE0,407358.3,407358.3,409168.2,1809.9,1809.9,941.0,0.519918,1,p:1.3.3.2.3.1
U4374,175,FUSE1,407435.5,407435.5,409207.0,1771.5,1771.5,1003.0,0.566187,1,p:2.2.2.1.2.2
U4375,175,FUSE1,407474.3,407474.3,409405.0,1930.7,1930.7,1003.0,0.519501,1,p:1.1.5.2.2.1
U4376,175,FUSE1,407556.3,407556.3,409323.0,1766.7,1766.7,1003.0,0.567725,1,p:2.3.4.1.3.2
U4377,175,FUSE1,407590.3,407590.3,409289.0,1698.7,1698.7,1003.0,0.590452,1,p:1.2.1.2.1.1
U4378,175,FUSE1,407672.3,407672.3,409443.8,1771.5,1771.5,1003.0,0.566187,1,p:2.1.3.1.1.2
U4379,175,FUSE1,407711.1,407711.1,409521.0,1809.9,1809.9,1003.0,0.554174,1,p:1.3.2.2.3.1
U4380,175,FUSE1,407788.3,407788.3,409675.8,1887.5,1887.5,1003.0,0.531391,1,p:2.2.5.1.3.2
U4381,175,FUSE2,407827.1,407827.1,409641.8,1814.7,1814.7,1035.4,0.570563,1,p:1.1.4.2.1.1
U4382,175,FUSE2,407909.1,407909.1,409559.8,1650.7,1650.7,1035.4,0.627249,1,p:2.3.1.1.2.2
U4383,175,FUSE2,407943.1,407943.1,409757.8,1814.7,1814.7,1035.4,0.570563,1,p:1.2.3.2.2.1
U4384,175,FUSE2,408025.1,408025.1,409796.6,1771.5,1771.5,1035.4,0.584476,1,p:2.1.2.1.1.2
U4385,175,FUSE2,408063.9,408063.9,409912.6,1848.7,1848.7,1035.4,0.560069,1,p:1.3.5.1.2.2
U4386,175,FUSE2,408141.1,408141.1,410028.6,1887.5,1887.5,1035.4,0.548556,1,p:2.2.4.1.3.2
U4387,175,FUSE2,408179.9,408179.9,409873.8,1693.9,1693.9,1035.4,0.611252,1,p:1.1.1.2.3.1
U4492,180,FUSE0,408261.9,408261.9,410006.2,1744.3,1744.3,941.0,0.539471,1,p:2.3.3.2.1.1
U4493,180,FUSE0,408295.9,408295.9,410129.4,1833.5,1833.5,941.0,0.513226,1,p:1.2.2.1.2.1
U4494,180,FUSE0,408377.9,408377.9,410161.0,1783.1,1783.1,941.0,0.527733,1,p:2.1.5.2.1.2
U4495,180,FUSE0,408416.7,408416.7,410400.2,1983.5,1983.5,941.0,0.474414,1,p:1.3.3.1.1.2
U4496,180,FUSE0,408493.9,408493.9,410284.2,1790.3,1790.3,941.0,0.52561,1,p:2.2.4.2.2.2
U4497,180,FUSE0,408532.7,408532.7,410245.4,1712.7,1712.7,941.0,0.549425,1,p:1.1.1.1.3.1
U4498,180,FUSE0,408614.7,408614.7,410381.8,1767.1,1767.1,941.0,0.532511,1,p:2.3.2.2.3.1
U4499,180,FUSE1,408648.7,408648.7,410497.8,1849.1,1849.1,1003.0,0.542426,1,p:1.2.5.1.2.1
U4500,180,FUSE1,408730.7,408730.7,410675.4,1944.7,1944.7,1003.0,0.515761,1,p:2.1.3.2.2.2
U4501,180,FUSE1,408769.5,408769.5,410613.8,1844.3,1844.3,1003.0,0.543838,1,p:1.3.4.1.3.1
U4502,180,FUSE1,408846.7,408846.7,410559.4,1712.7,1712.7,1003.0,0.585625,1,p:2.2.1.2.1.2
U4503,180,FUSE1,408885.5,408885.5,410757.4,1871.9,1871.9,1003.0,0.535819,1,p:1.1.2.1.1.1
U4504,180,FUSE1,408967.5,408967.5,410791.4,1823.9,1823.9,1003.0,0.549921,1,p:2.3.5.2.3.2
U4505,180,FUSE1,409001.5,409001.5,410989.4,1987.9,1987.9,1003.0,0.504553,1,p:1.2.3.1.3.1
U4506,180,FUSE2,409083.5,409083.5,410912.2,1828.7,1828.7,1035.4,0.566195,1,p:2.1.4.2.1.2
U4507,180,FUSE2,409122.3,409122.3,410873.4,1751.1,1751.1,1035.4,0.591285,1,p:1.3.1.1.2.1
U4508,180,FUSE2,409199.5,409199.5,411028.2,1828.7,1828.7,1035.4,0.566195,1,p:2.2.2.2.2.2
U4509,180,FUSE2,409238.3,409238.3,411110.2,1871.9,1871.9,1035.4,0.553128,1,p:1.1.5.1.1.1
U4510,180,FUSE2,409320.3,409320.3,411265.0,1944.7,1944.7,1035.4,0.532421,1,p:2.3.3.2.1.2
U4511,180,FUSE2,409354.3,409354.3,411226.2,1871.9,1871.9,1035.4,0.553128,1,p:1.2.4.1.2.1
U4512,180,FUSE2,409436.3,409436.3,411144.2,1707.9,1707.9,1035.4,0.606242,1,p:2.1.1.2.3.2
U4513,180,FUSE2,409475.1,409475.1,411342.2,1867.1,1867.1,1035.4,0.55455,1,p:1.3.2.1.3.1
U4058,163,FUSE0,409552.3,409552.3,411381.0,1828.7,1828.7,941.0,0.514573,1,p:2.2.5.2.2.2
U4059,163,FUSE0,409591.1,409591.1,411579.0,1987.9,1987.9,941.0,0.473364,1,p:1.1.3.1.2.1
U4060,163,FUSE0,409673.1,409673.1,411497.0,1823.9,1823.9,941.0,0.515927,1,p:2.3.4.2.3.2
U4061,163,FUSE0,409707.1,409707.1,411463.0,1755.9,1755.9,941.0,0.535908,1,p:1.2.1.1.1.1
U4062,163,FUSE0,409789.1,409789.1,411617.8,1828.7,1828.7,941.0,0.514573,1,p:2.1.2.2.1.2
U4063,163,FUSE0,409827.9,409827.9,411695.0,1867.1,1867.1,941.0,0.50399,1,p:1.3.5.1.3.1
U4064,163,FUSE0,409905.1,409905.1,411849.8,1944.7,1944.7,941.0,0.483879,1,p:2.2.3.2.3.2
U4065,163,FUSE0,409943.9,409943.9,411815.8,1871.9,1871.9,941.0,0.502698,1,p:1.1.4.1.1.1
U4066,163,FUSE0,410037.5,410037.5,411733.8,1696.3,1696.3,941.0,0.554737,1,p:2.3.1.2.2.2
U4067,163,FUSE1,410059.9,410059.9,411931.8,1871.9,1871.9,1003.0,0.535819,1,p:1.2.2.1.2.1
U4068,163,FUSE1,410160.7,410160.7,411970.6,1809.9,1809.9,1003.0,0.554174,1,p:2.1.5.2.1.2
U4069,163,FUSE1,410192.3,410192.3,412168.6,1976.3,1976.3,1003.0,0.507514,1,p:1.3.3.1.1.1
U4070,163,FUSE1,410276.7,410276.7,412086.6,1809.9,1809.9,1003.0,0.554174,1,p:2.2.4.2.2.2
U4071,163,FUSE1,410315.5,410315.5,412047.8,1732.3,1732.3,1003.0,0.578999,1,p:1.1.1.1.3.1
U4072,163,FUSE1,410413.1,410413.1,412202.6,1789.5,1789.5,1003.0,0.560492,1,p:2.3.2.2.3.2
U4073,163,FUSE1,410431.5,410431.5,412284.6,1853.1,1853.1,1003.0,0.541255,1,p:1.2.5.1.2.1
U4074,163,FUSE1,410529.1,410529.1,412323.4,1794.3,1794.3,1003.0,0.558992,1,p:2.1.3.2.1.2
U4075,163,FUSE1,410590.7,410590.7,412400.6,1809.9,1809.9,1003.0,0.554174,1,p:1.3.4.1.3.1
U4076,163,FUSE2,410645.1,410645.1,412439.4,1794.3,1794.3,1035.4,0.57705,1,p:2.2.1.2.2.2
U4077,163,FUSE2,410706.7,410706.7,412521.4,1814.7,1814.7,1035.4,0.570563,1,p:1.1.2.1.1.1
U4078,163,FUSE2,410788.7,410788.7,412555.4,1766.7,1766.7,1035.4,0.586064,1,p:2.3.5.2.3.2
U4079,163,FUSE2,410822.7,410822.7,412637.4,1814.7,1814.7,1035.4,0.570563,1,p:1.2.3.1.2.1
U4080,163,FUSE2,410904.7,410904.7,412676.2,1771.5,1771.5,1035.4,0.584476,1,p:2.1.4.2.1.2
U4081,163,FUSE2,410943.5,410943.5,412753.4,1809.9,1809.9,1035.4,0.572076,1,p:1.3.1.1.3.1
U4082,163,FUSE2,411020.7,411020.7,412874.2,1853.5,1853.5,1035.4,0.558619,1,p:2.2.2.1.1.1
U4083,163,FUSE2,411059.5,411059.5,412908.2,1848.7,1848.7,1035.4,0.560069,1,p:1.1.5.2.3.2
U4084,163,FUSE2,411141.5,411141.5,413067.4,1925.9,1925.9,1035.4,0.537619,1,p:2.3.3.2.1.2
U7183,287,FUSE0,411175.5,411175.5,412792.2,1616.7,1616.7,941.0,0.58205,1,p:1.2.4.2.2.2
U7184,287,FUSE0,411257.5,411257.5,412990.2,1732.7,1732.7,941.0,0.543083,1,p:2.1.1.1.2.1
U7185,287,FUSE0,411296.3,411296.3,413106.2,1809.9,1809.9,941.0,0.519918,1,p:1.3.4.1.3.1
U7186,287,FUSE0,411373.5,411373.5,413183.4,1809.9,1809.9,941.0,0.519918,1,p:2.2.2.2.2.2
U7187,287,FUSE0,411412.3,411412.3,413262.2,1849.9,1849.9,941.0,0.508676,1,p:1.1.5.1.1.1
U7188,287,FUSE0,411494.3,411494.3,413299.4,1805.1,1805.1,941.0,0.521301,1,p:2.3.1.2.3.2
U7189,287,FUSE0,411528.3,411528.3,413378.2,1849.9,1849.9,941.0,0.508676,1,p:1.2.3.1.2.1
U7190,287,FUSE0,411610.3,411610.3,413420.2,1809.9,1809.9,941.0,0.519918,1,p:2.1.4.2.1.2
U7191,287,FUSE0,411649.1,411649.1,413494.2,1845.1,1845.1,941.0,0.509999,1,p:1.3.2.1.3.1
U7192,287,FUSE1,411726.3,411726.3,413536.2,1809.9,1809.9,1003.0,0.554174,1,p:2.2.5.2.2.2
U7193,287,FUSE1,411765.1,411765.1,413615.0,1849.9,1849.9,1003.0,0.542191,1,p:1.1.1.1.1.1
U7194,287,FUSE1,411847.1,411847.1,413652.2,1805.1,1805.1,1003.0,0.555648,1,p:2.3.3.2.3.2
U7195,287,FUSE1,411881.1,411881.1,413731.0,1849.9,1849.9,1003.0,0.542191,1,p:1.2.4.1.2.1
U7196,287,FUSE1,411963.1,411963.1,413773.0,1809.9,1809.9,1003.0,0.554174,1,p:2.1.2.2.1.2
U7197,287,FUSE1,412001.9,412001.9,413847.0,1845.1,1845.1,1003.0,0.543602,1,p:1.3.5.1.3.1
U7198,287,FUSE1,412079.1,412079.1,413889.0,1809.9,1809.9,1003.0,0.554174,1,p:2.2.1.2.2.2
U7199,287,FUSE1,412117.9,412117.9,413967.8,1849.9,1849.9,1003.0,0.542191,1,p:1.1.3.1.1.1
U7200,287,FUSE1,412199.9,412199.9,414005.0,1805.1,1805.1,1003.0,0.555648,1,p:2.3.4.2.3.2
U7201,287,FUSE2,412233.9,412233.9,414083.8,1849.9,1849.9,1035.4,0.559706,1,p:1.2.2.1.2.1
U7202,287,FUSE2,412315.9,412315.9,414125.8,1809.9,1809.9,1035.4,0.572076,1,p:2.1.5.2.1.2
U7203,287,FUSE2,412354.7,412354.7,414199.8,1845.1,1845.1,1035.4,0.561162,1,p:1.3.1.1.3.1
U7204,287,FUSE2,412431.9,412431.9,414241.8,1809.9,1809.9,1035.4,0.572076,1,p:2.2.3.2.2.2
U7205,287,FUSE2,412470.7,412470.7,414320.6,1849.9,1849.9,1035.4,0.559706,1,p:1.1.4.1.1.1
U7206,287,FUSE2,412552.7,412552.7,414357.8,1805.1,1805.1,1035.4,0.573597,1,p:2.3.2.2.3.2
U7207,287,FUSE2,412586.7,412586.7,414436.6,1849.9,1849.9,1035.4,0.559706,1,p:1.2.5.1.2.1
U7208,287,FUSE2,412668.7,412668.7,414478.6,1809.9,1809.9,1035.4,0.572076,1,p:2.1.1.2.1.2
U7209,287,FUSE2,412707.5,412707.5,414552.6,1845.1,1845.1,1035.4,0.561162,1,p:1.3.3.1.3.1
U7210,287,FUSE2,412784.7,412784.7,414789.4,2004.7,2004.7,1035.4,0.516486,1,p:2.2.4.1.2.1
U3502,141,FUSE0,412823.5,412823.5,414594.6,1771.1,1771.1,941.0,0.531308,1,p:1.1.2.2.2.2
U3503,141,FUSE0,412905.5,412905.5,414710.6,1805.1,1805.1,941.0,0.521301,1,p:2.3.5.2.3.2
U3504,141,FUSE0,412939.5,412939.5,414673.4,1733.9,1733.9,941.0,0.542707,1,p:1.2.1.1.1.1
U3505,141,FUSE0,413021.5,413021.5,414831.4,1809.9,1809.9,941.0,0.519918,1,p:2.1.3.2.1.2
U3506,141,FUSE0,413098.7,413098.7,414905.4,1806.7,1806.7,941.0,0.520839,1,p:1.3.2.1.3.1
U3507,141,FUSE0,413137.5,413137.5,415063.4,1925.9,1925.9,941.0,0.488603,1,p:2.2.4.2.3.2
U3508,141,FUSE0,413214.7,413214.7,415026.2,1811.5,1811.5,941.0,0.519459,1,p:1.1.5.1.1.1
U3509,141,FUSE0,413293.5,413293.5,414947.4,1653.9,1653.9,941.0,0.568958,1,p:2.3.1.2.2.2
U3510,141,FUSE1,413330.7,413330.7,415142.2,1811.5,1811.5,1003.0,0.553685,1,p:1.2.3.1.2.1
U3511,141,FUSE1,413409.5,413409.5,415184.2,1774.7,1774.7,1003.0,0.565166,1,p:2.1.2.2.1.2
U3512,141,FUSE1,413451.5,413451.5,415379.0,1927.5,1927.5,1003.0,0.520363,1,p:1.3.4.1.1.1
U3513,141,FUSE1,413525.5,413525.5,415300.2,1774.7,1774.7,1003.0,0.565166,1,p:2.2.5.2.2.2
U3514,141,FUSE1,413567.5,413567.5,415258.2,1690.7,1690.7,1003.0,0.593245,1,p:1.1.1.1.3.1
U3515,141,FUSE1,413646.3,413646.3,415416.2,1769.9,1769.9,1003.0,0.566699,1,p:2.3.3.2.3.2
U3516,141,FUSE1,413683.5,413683.5,415495.0,1811.5,1811.5,1003.0,0.553685,1,p:1.2.2.1.2.1
U3517,141,FUSE1,413762.3,413762.3,415537.0,1774.7,1774.7,1003.0,0.565166,1,p:2.1.4.2.1.2
U3518,141,FUSE2,413804.3,413804.3,415611.0,1806.7,1806.7,1035.4,0.573089,1,p:1.3.5.1.3.1
U3519,141,FUSE2,413878.3,413878.3,415653.0,1774.7,1774.7,1035.4,0.583423,1,p:2.2.1.2.2.2
U3520,141,FUSE2,413920.3,413920.3,415731.8,1811.5,1811.5,1035.4,0.571571,1,p:1.1.3.1.1.1
U3521,141,FUSE2,413999.1,413999.1,415769.0,1769.9,1769.9,1035.4,0.585005,1,p:2.3.2.2.3.2
U3522,141,FUSE2,414036.3,414036.3,415847.8,1811.5,1811.5,1035.4,0.571571,1,p:1.2.4.1.2.1
U3523,141,FUSE2,414115.1,414115.1,415889.8,1774.7,1774.7,1035.4,0.583423,1,p:2.1.5.2.1.2
U3524,141,FUSE2,414157.1,414157.1,415963.8,1806.7,1806.7,1035.4,0.573089,1,p:1.3.1.1.3.1
U3525,141,FUSE2,414231.1,414231.1,416005.8,1774.7,1774.7,1035.4,0.583423,1,p:2.2.3.2.2.2
U175,8,FUSE0,414273.1,414273.1,416084.6,1811.5,1811.5,941.0,0.519459,1,p:1.1.2.1.1.1
U176,8,FUSE0,414351.9,414351.9,416121.8,1769.9,1769.9,941.0,0.531668,1,p:2.3.4.2.3.2
U177,8,FUSE0,414389.1,414389.1,416200.6,1811.5,1811.5,941.0,0.519459,1,p:1.2.5.1.2.1
U178,8,FUSE0,414467.9,414467.9,416242.6,1774.7,1774.7,941.0,0.53023,1,p:2.1.1.2.1.2
U179,8,FUSE0,414509.9,414509.9,416316.6,1806.7,1806.7,941.0,0.520839,1,p:1.3.3.1.3.1
U180,8,FUSE0,414583.9,414583.9,416358.6,1774.7,1774.7,941.0,0.53023,1,p:2.2.2.2.2.2
U181,8,FUSE0,414625.9,414625.9,416437.4,1811.5,1811.5,941.0,0.519459,1,p:1.1.4.1.1.1
U182,8,FUSE0,414704.7,414704.7,416474.6,1769.9,1769.9,941.0,0.531668,1,p:2.3.5.2.3.2
U183,8,FUSE0,414741.9,414741.9,416553.4,1811.5,1811.5,941.0,0.519459,1,p:1.2.1.1.2.1
U184,8,FUSE1,414820.7,414820.7,416595.4,1774.7,1774.7,1003.0,0.565166,1,p:2.1.3.2.1.2
U185,8,FUSE1,414862.7,414862.7,416669.4,1806.7,1806.7,1003.0,0.555156,1,p:1.3.2.1.3.1
U186,8,FUSE1,414936.7,414936.7,416711.4,1774.7,1774.7,1003.0,0.565166,1,p:2.2.4.2.2.2
U187,8,FUSE1,414978.7,414978.7,416790.2,1811.5,1811.5,1003.0,0.553685,1,p:1.1.5.1.1.1
U188,8,FUSE1,415057.5,415057.5,416827.4,1769.9,1769.9,1003.0,0.566699,1,p:2.3.1.2.3.2
U189,8,FUSE1,415094.7,415094.7,416906.2,1811.5,1811.5,1003.0,0.553685,1,p:1.2.3.1.2.1
U190,8,FUSE1,415173.5,415173.5,416948.2,1774.7,1774.7,1003.0,0.565166,1,p:2.1.2.2.1.2
U191,8,FUSE1,415215.5,415215.5,417022.2,1806.7,1806.7,1003.0,0.555156,1,p:1.3.4.1.3.1
U192,8,FUSE1,415289.5,415289.5,417064.2,1774.7,1774.7,1003.0,0.565166,1,p:2.2.5.2.2.2
U193,8,FUSE2,415331.5,415331.5,417143.0,1811.5,1811.5,1035.4,0.571571,1,p:1.1.1.1.1.1
U194,8,FUSE2,415410.3,415410.3,417180.2,1769.9,1769.9,1035.4,0.585005,1,p:2.3.3.2.3.2
U195,8,FUSE2,415447.5,415447.5,417259.0,1811.5,1811.5,1035.4,0.571571,1,p:1.2.2.1.2.1
U196,8,FUSE2,415526.3,415526.3,417301.0,1774.7,1774.7,1035.4,0.583423,1,p:2.1.4.2.1.2
U197,8,FUSE2,415568.3,415568.3,417375.0,1806.7,1806.7,1035.4,0.573089,1,p:1.3.5.1.3.1
U198,8,FUSE2,415642.3,415642.3,417417.0,1774.7,1774.7,1035.4,0.583423,1,p:2.2.1.2.2.2
U199,8,FUSE2,415684.3,415684.3,417495.8,1811.5,1811.5,1035.4,0.571571,1,p:1.1.3.1.1.1
U200,8,FUSE2,415763.1,415763.1,417533.0,1769.9,1769.9,1035.4,0.585005,1,p:2.3.2.2.3.2
U201,8,FUSE2,415800.3,415800.3,417611.8,1811.5,1811.5,1035.4,0.571571,1,p:1.2.4.1.2.1
U202,8,FUSE2,415879.1,415879.1,417727.8,1848.7,1848.7,1035.4,0.560069,1,p:2.1.5.1.3.1
U5982,239,FUSE0,415921.1,415921.1,417653.8,1732.7,1732.7,941.0,0.543083,1,p:1.3.1.2.1.2
U5983,239,FUSE0,415995.1,415995.1,417769.8,1774.7,1774.7,941.0,0.53023,1,p:2.2.3.2.2.2
U5984,239,FUSE0,416037.1,416037.1,417848.6,1811.5,1811.5,941.0,0.519459,1,p:1.1.2.1.1.1
U5985,239,FUSE0,416115.9,416115.9,417885.8,1769.9,1769.9,941.0,0.531668,1,p:2.3.4.2.3.2
U5986,239,FUSE0,416153.1,416153.1,417964.6,1811.5,1811.5,941.0,0.519459,1,p:1.2.1.1.2.1
U5987,239,FUSE0,416231.9,416231.9,418006.6,1774.7,1774.7,941.0,0.53023,1,p:2.1.5.2.1.2
U5988,239,FUSE0,416273.9,416273.9,418080.6,1806.7,1806.7,941.0,0.520839,1,p:1.3.3.1.3.1
U5989,239,FUSE0,416347.9,416347.9,418122.6,1774.7,1774.7,941.0,0.53023,1,p:2.2.2.2.2.2
U5990,239,FUSE1,416389.9,416389.9,418201.4,1811.5,1811.5,1003.0,0.553685,1,p:1.1.4.1.1.1
U5991,239,FUSE1,416468.7,416468.7,418238.6,1769.9,1769.9,1003.0,0.566699,1,p:2.3.1.2.3.2
U5992,239,FUSE1,416505.9,416505.9,418317.4,1811.5,1811.5,1003.0,0.553685,1,p:1.2.5.1.2.1
U5993,239,FUSE1,416584.7,416584.7,418359.4,1774.7,1774.7,1003.0,0.565166,1,p:2.1.3.2.1.2
U5994,239,FUSE1,416626.7,416626.7,418433.4,1806.7,1806.7,1003.0,0.555156,1,p:1.3.2.1.3.1
U5995,239,FUSE1,416700.7,416700.7,418475.4,1774.7,1774.7,1003.0,0.565166,1,p:2.2.4.2.2.2
U5996,239,FUSE1,416742.7,416742.7,418554.2,1811.5,1811.5,1003.0,0.553685,1,p:1.1.1.1.1.1
U5997,239,FUSE1,416821.5,416821.5,418591.4,1769.9,1769.9,1003.0,0.566699,1,p:2.3.5.2.3.2
U5998,239,FUSE2,416858.7,416858.7,418670.2,1811.5,1811.5,1035.4,0.571571,1,p:1.2.3.1.2.1
U5999,239,FUSE2,416937.5,416937.5,418712.2,1774.7,1774.7,1035.4,0.583423,1,p:2.1.2.2.1.2
U6000,239,FUSE2,416979.5,416979.5,418786.2,1806.7,1806.7,1035.4,0.573089,1,p:1.3.4.1.3.1
U6001,239,FUSE2,417053.5,417053.5,418828.2,1774.7,1774.7,1035.4,0.583423,1,p:2.2.1.2.2.2
U6002,239,FUSE2,417095.5,417095.5,418907.0,1811.5,1811.5,1035.4,0.571571,1,p:1.1.5.1.1.1
U6003,239,FUSE2,417174.3,417174.3,418944.2,1769.9,1769.9,1035.4,0.585005,1,p:2.3.3.2.3.2
U6004,239,FUSE2,417211.5,417211.5,419023.0,1811.5,1811.5,1035.4,0.571571,1,p:1.2.2.1.2.1
U2057,83,FUSE0,417290.3,417290.3,419065.0,1774.7,1774.7,941.0,0.53023,1,p:2.1.4.2.1.2
U2058,83,FUSE0,417332.3,417332.3,419139.0,1806.7,1806.7,941.0,0.520839,1,p:1.3.1.1.3.1
U2059,83,FUSE0,417406.3,417406.3,419181.0,1774.7,1774.7,941.0,0.53023,1,p:2.2.5.2.2.2
U2060,83,FUSE0,417448.3,417448.3,419259.8,1811.5,1811.5,941.0,0.519459,1,p:1.1.3.1.1.1
U2061,83,FUSE0,417527.1,417527.1,419297.0,1769.9,1769.9,941.0,0.531668,1,p:2.3.2.2.3.2
U2062,83,FUSE0,417564.3,417564.3,419375.8,1811.5,1811.5,941.0,0.519459,1,p:1.2.4.1.2.1
U2063,83,FUSE0,417643.1,417643.1,419417.8,1774.7,1774.7,941.0,0.53023,1,p:2.1.1.2.1.2
U2064,83,FUSE0,417685.1,417685.1,419491.8,1806.7,1806.7,941.0,0.520839,1,p:1.3.5.1.3.1
U2065,83,FUSE1,417759.1,417759.1,419533.8,1774.7,1774.7,1003.0,0.565166,1,p:2.2.3.2.2.2
U2066,83,FUSE1,417801.1,417801.1,419612.6,1811.5,1811.5,1003.0,0.553685,1,p:1.1.2.1.1.1
U2067,83,FUSE1,417879.9,417879.9,419649.8,1769.9,1769.9,1003.0,0.566699,1,p:2.3.4.2.3.2
U2068,83,FUSE1,417917.1,417917.1,419728.6,1811.5,1811.5,1003.0,0.553685,1,p:1.2.1.1.2.1
U2069,83,FUSE1,417995.9,417995.9,419770.6,1774.7,1774.7,1003.0,0.565166,1,p:2.1.5.2.1.2
U2070,83,FUSE1,418037.9,418037.9,419844.6,1806.7,1806.7,1003.0,0.555156,1,p:1.3.3.1.3.1
U2071,83,FUSE1,418111.9,418111.9,419886.6,1774.7,1774.7,1003.0,0.565166,1,p:2.2.2.2.2.2
U2072,83,FUSE1,418153.9,418153.9,419965.4,1811.5,1811.5,1003.0,0.553685,1,p:1.1.4.1.1.1
U2073,83,FUSE2,418232.7,418232.7,420002.6,1769.9,1769.9,1035.4,0.585005,1,p:2.3.1.2.3.2
U2074,83,FUSE2,418269.9,418269.9,420081.4,1811.5,1811.5,1035.4,0.571571,1,p:1.2.5.1.2.1
U2075,83,FUSE2,418348.7,418348.7,420124.2,1775.5,1775.5,1035.4,0.58316,1,p:2.1.3.2.1.2
U2076,83,FUSE2,418390.7,418390.7,420197.4,1806.7,1806.7,1035.4,0.573089,1,p:1.3.2.1.3.1
U2077,83,FUSE2,418464.7,418464.7,420240.2,1775.5,1775.5,1035.4,0.58316,1,p:2.2.4.2.2.2
U2078,83,FUSE2,418506.7,418506.7,420319.0,1812.3,1812.3,1035.4,0.571318,1,p:1.1.1.1.1.1
U2079,83,FUSE2,418585.5,418585.5,420356.2,1770.7,1770.7,1035.4,0.58474,1,p:2.3.5.2.3.2
U2080,83,FUSE2,418622.7,418622.7,420551.0,1928.3,1928.3,1035.4,0.53695,1,p:1.2.3.1.3.1
U3375,136,FUSE0,418701.5,418701.5,420435.0,1733.5,1733.5,941.0,0.542832,1,p:2.1.2.1.2.1
U3376,136,FUSE0,418743.5,418743.5,420593.0,1849.5,1849.5,941.0,0.508786,1,p:1.3.4.2.2.2
U3377,136,FUSE0,418817.5,418817.5,420477.0,1659.5,1659.5,941.0,0.567038,1,p:2.2.1.2.1.2
U3378,136,FUSE0,418859.5,418859.5,420671.8,1812.3,1812.3,941.0,0.51923,1,p:1.1.5.1.1.1
U3379,136,FUSE0,418938.3,418938.3,420709.0,1770.7,1770.7,941.0,0.531428,1,p:2.3.2.2.3.2
U3380,136,FUSE0,418975.5,418975.5,420903.8,1928.3,1928.3,941.0,0.487995,1,p:1.2.4.1.3.1
U3381,136,FUSE0,419054.3,419054.3,420829.8,1775.5,1775.5,941.0,0.529992,1,p:2.1.3.2.1.2
U3382,136,FUSE0,419096.3,419096.3,420787.8,1691.5,1691.5,941.0,0.556311,1,p:1.3.1.1.2.1
U3383,136,FUSE1,419170.3,419170.3,420945.8,1775.5,1775.5,1003.0,0.564911,1,p:2.2.5.2.2.2
U3384,136,FUSE1,419212.3,419212.3,421024.6,1812.3,1812.3,1003.0,0.55344,1,p:1.1.2.1.1.1
U3385,136,FUSE1,419291.1,419291.1,421182.6,1891.5,1891.5,1003.0,0.530267,1,p:2.3.4.2.1.2
U3386,136,FUSE1,419328.3,419328.3,421140.6,1812.3,1812.3,1003.0,0.55344,1,p:1.2.3.1.2.1
U3387,136,FUSE1,419407.1,419407.1,421061.8,1654.7,1654.7,1003.0,0.606152,1,p:2.1.1.2.3.2
U3388,136,FUSE1,419449.1,419449.1,421256.6,1807.5,1807.5,1003.0,0.55491,1,p:1.3.5.1.3.1
U3389,136,FUSE1,419523.1,419523.1,421298.6,1775.5,1775.5,1003.0,0.564911,1,p:2.2.2.2.2.2
U3390,136,FUSE1,419565.1,419565.1,421377.4,1812.3,1812.3,1003.0,0.55344,1,p:1.1.4.1.1.1
U3391,136,FUSE2,419643.9,419643.9,421414.6,1770.7,1770.7,1035.4,0.58474,1,p:2.3.3.2.3.2
U3392,136,FUSE2,419681.1,419681.1,421493.4,1812.3,1812.3,1035.4,0.571318,1,p:1.2.1.1.2.1
U3393,136,FUSE2,419759.9,419759.9,421535.4,1775.5,1775.5,1035.4,0.58316,1,p:2.1.5.2.1.2
U3394,136,FUSE2,419801.9,419801.9,421609.4,1807.5,1807.5,1035.4,0.572835,1,p:1.3.2.1.3.1
U3395,136,FUSE2,419875.9,419875.9,421651.4,1775.5,1775.5,1035.4,0.58316,1,p:2.2.4.2.2.2
U3396,136,FUSE2,419917.9,419917.9,421730.2,1812.3,1812.3,1035.4,0.571318,1,p:1.1.3.1.1.1
U3397,136,FUSE2,419996.7,419996.7,421767.4,1770.7,1770.7,1035.4,0.58474,1,p:2.3.1.2.3.2
U3398,136,FUSE2,420033.9,420033.9,421846.2,1812.3,1812.3,1035.4,0.571318,1,p:1.2.5.1.2.1
U3713,149,FUSE0,420112.7,420112.7,421888.2,1775.5,1775.5,941.0,0.529992,1,p:2.1.2.2.1.2
U3714,149,FUSE0,420155.5,420155.5,421962.2,1806.7,1806.7,941.0,0.520839,1,p:1.3.4.1.3.1
U3715,149,FUSE0,420228.7,420228.7,422004.2,1775.5,1775.5,941.0,0.529992,1,p:2.2.3.2.2.2
U3716,149,FUSE0,420271.5,420271.5,422085.1,1813.6,1813.6,941.0,0.518858,1,p:1.1.1.1.1.1
U3717,149,FUSE0,420350.3,420350.3,422120.2,1769.9,1769.9,941.0,0.531668,1,p:2.3.5.2.3.2
U3718,149,FUSE0,420387.5,420387.5,422201.1,1813.6,1813.6,941.0,0.518858,1,p:1.2.2.1.2.1
U3719,149,FUSE0,420466.3,420466.3,422241.0,1774.7,1774.7,941.0,0.53023,1,p:2.1.4.2.1.2
U3720,149,FUSE0,420508.3,420508.3,422317.1,1808.8,1808.8,941.0,0.520234,1,p:1.3.3.1.3.1
U3721,149,FUSE1,420582.3,420582.3,422357.0,1774.7,1774.7,1003.0,0.565166,1,p:2.2.1.2.2.2
U3722,149,FUSE1,420624.3,420624.3,422437.9,1813.6,1813.6,1003.0,0.553044,1,p:1.1.5.1.1.1
U3723,149,FUSE1,420703.1,420703.1,422473.0,1769.9,1769.9,1003.0,0.566699,1,p:2.3.2.2.3.2
U3724,149,FUSE1,420740.3,420740.3,422553.9,1813.6,1813.6,1003.0,0.553044,1,p:1.2.4.1.2.1
U3725,149,FUSE1,420819.1,420819.1,422593.8,1774.7,1774.7,1003.0,0.565166,1,p:2.1.3.2.1.2
U3726,149,FUSE1,420861.1,420861.1,422669.9,1808.8,1808.8,1003.0,0.554511,1,p:1.3.1.1.3.1
U3727,149,FUSE1,420935.1,420935.1,422709.8,1774.7,1774.7,1003.0,0.565166,1,p:2.2.5.2.2.2
U3728,149,FUSE1,420977.1,420977.1,422790.7,1813.6,1813.6,1003.0,0.553044,1,p:1.1.2.1.1.1
U3729,149,FUSE2,421055.9,421055.9,422825.8,1769.9,1769.9,1035.4,0.585005,1,p:2.3.4.2.3.2
U3730,149,FUSE2,421093.1,421093.1,422906.7,1813.6,1813.6,1035.4,0.570909,1,p:1.2.3.1.2.1
U3731,149,FUSE2,421171.9,421171.9,422946.6,1774.7,1774.7,1035.4,0.583423,1,p:2.1.1.2.1.2
U3732,149,FUSE2,421213.9,421213.9,423022.7,1808.8,1808.8,1035.4,0.572424,1,p:1.3.5.1.3.1
U3733,149,FUSE2,421287.9,421287.9,423062.6,1774.7,1774.7,1035.4,0.583423,1,p:2.2.2.2.2.2
U3734,149,FUSE2,421329.9,421329.9,423160.3,1830.4,1830.4,1035.4,0.565669,1,p:1.1.4.1.1.1
U3735,149,FUSE2,421408.7,421408.7,423178.6,1769.9,1769.9,1035.4,0.585005,1,p:2.3.3.2.3.2
U3736,149,FUSE2,421445.9,421445.9,423276.3,1830.4,1830.4,1035.4,0.565669,1,p:1.2.1.1.2.1
U3737,149,FUSE2,421524.7,421524.7,423392.3,1867.6,1867.6,1035.4,0.554401,1,p:2.1.5.1.3.1
U509,21,FUSE0,421566.7,421566.7,423315.1,1748.4,1748.4,941.0,0.538206,1,p:1.3.2.2.1.2
U510,21,FUSE0,421640.7,421640.7,423431.1,1790.4,1790.4,941.0,0.525581,1,p:2.2.4.2.2.2
U511,21,FUSE0,421682.7,421682.7,423513.1,1830.4,1830.4,941.0,0.514095,1,p:1.1.3.1.1.1
U512,21,FUSE0,421761.5,421761.5,423547.1,1785.6,1785.6,941.0,0.526994,1,p:2.3.1.2.3.2
U513,21,FUSE0,421798.7,421798.7,423629.1,1830.4,1830.4,941.0,0.514095,1,p:1.2.2.1.2.1
U514,21,FUSE0,421877.5,421877.5,423667.9,1790.4,1790.4,941.0,0.525581,1,p:2.1.5.2.1.2
U515,21,FUSE0,421919.5,421919.5,423745.1,1825.6,1825.6,941.0,0.515447,1,p:1.3.4.1.3.1
U516,21,FUSE0,421993.5,421993.5,423783.9,1790.4,1790.4,941.0,0.525581,1,p:2.2.3.2.2.2
U517,21,FUSE0,422035.5,422035.5,423865.9,1830.4,1830.4,941.0,0.514095,1,p:1.1.1.1.1.1
U518,21,FUSE1,422116.4,422116.4,423899.9,1783.5,1783.5,1003.0,0.562377,1,p:2.3.2.2.3.2
U519,21,FUSE1,422151.5,422151.5,423981.9,1830.4,1830.4,1003.0,0.547968,1,p:1.2.5.1.2.1
U520,21,FUSE1,422232.4,422232.4,424020.7,1788.3,1788.3,1003.0,0.560868,1,p:2.1.4.2.1.2
U521,21,FUSE1,422272.3,422272.3,424097.9,1825.6,1825.6,1003.0,0.549408,1,p:1.3.3.1.3.1
U522,21,FUSE1,422348.4,422348.4,424136.7,1788.3,1788.3,1003.0,0.560868,1,p:2.2.1.2.2.2
U523,21,FUSE1,422388.3,422388.3,424218.7,1830.4,1830.4,1003.0,0.547968,1,p:1.1.2.1.1.1
U524,21,FUSE1,422469.2,422469.2,424252.7,1783.5,1783.5,1003.0,0.562377,1,p:2.3.5.2.3.2
U525,21,FUSE1,422504.3,422504.3,424334.7,1830.4,1830.4,1003.0,0.547968,1,p:1.2.4.1.2.1
U526,21,FUSE1,422585.2,422585.2,424373.5,1788.3,1788.3,1003.0,0.560868,1,p:2.1.3.2.1.2
U527,21,FUSE2,422625.1,422625.1,424450.7,1825.6,1825.6,1035.4,0.567156,1,p:1.3.1.1.3.1
U528,21,FUSE2,422701.2,422701.2,424489.5,1788.3,1788.3,1035.4,0.578986,1,p:2.2.2.2.2.2
U529,21,FUSE2,422741.1,422741.1,424573.5,1832.4,1832.4,1035.4,0.565051,1,p:1.1.5.1.1.1
U530,21,FUSE2,422822.0,422822.0,424605.5,1783.5,1783.5,1035.4,0.580544,1,p:2.3.4.2.3.2
U531,21,FUSE2,422857.1,422857.1,424689.5,1832.4,1832.4,1035.4,0.565051,1,p:1.2.3.1.2.1
U532,21,FUSE2,422938.0,422938.0,424728.3,1790.3,1790.3,1035.4,0.578339,1,p:2.1.1.2.1.2
U533,21,FUSE2,422977.9,422977.9,424805.5,1827.6,1827.6,1035.4,0.566535,1,p:1.3.2.1.3.1
U534,21,FUSE2,423054.0,423054.0,424926.3,1872.3,1872.3,1035.4,0.55301,1,p:2.2.5.1.1.1
U535,21,FUSE2,423093.9,423093.9,424960.3,1866.4,1866.4,1035.4,0.554758,1,p:1.1.4.2.3.2
U5777,231,FUSE0,423191.6,423191.6,424844.3,1652.7,1652.7,941.0,0.569371,1,p:2.3.3.2.2.2
U5778,231,FUSE0,423209.9,423209.9,425042.3,1832.4,1832.4,941.0,0.513534,1,p:1.2.1.1.2.1
U5779,231,FUSE0,423307.6,423307.6,425081.1,1773.5,1773.5,941.0,0.530589,1,p:2.1.2.2.1.2
U5780,231,FUSE0,423346.4,423346.4,425158.3,1811.9,1811.9,941.0,0.519344,1,p:1.3.3.1.3.1
U5781,231,FUSE0,423423.6,423423.6,425197.1,1773.5,1773.5,941.0,0.530589,1,p:2.2.5.2.2.2
U5782,231,FUSE0,423462.4,423462.4,425279.1,1816.7,1816.7,941.0,0.517972,1,p:1.1.4.1.1.1
U5783,231,FUSE0,423544.4,423544.4,425313.1,1768.7,1768.7,941.0,0.532029,1,p:2.3.1.2.3.2
U5784,231,FUSE0,423578.4,423578.4,425395.1,1816.7,1816.7,941.0,0.517972,1,p:1.2.2.1.2.1
U5785,231,FUSE0,423660.4,423660.4,425433.9,1773.5,1773.5,941.0,0.530589,1,p:2.1.3.2.1.2
U5786,231,FUSE1,423699.2,423699.2,425511.1,1811.9,1811.9,1003.0,0.553563,1,p:1.3.5.1.3.1
U5787,231,FUSE1,423776.4,423776.4,425549.9,1773.5,1773.5,1003.0,0.565548,1,p:2.2.4.2.2.2
U5788,231,FUSE1,423815.2,423815.2,425631.9,1816.7,1816.7,1003.0,0.5521,1,p:1.1.1.1.1.1
U5789,231,FUSE1,423897.2,423897.2,425665.9,1768.7,1768.7,1003.0,0.567083,1,p:2.3.2.2.3.2
U5790,231,FUSE1,423931.2,423931.2,425747.9,1816.7,1816.7,1003.0,0.5521,1,p:1.2.3.1.2.1
U5791,231,FUSE1,424013.2,424013.2,425786.7,1773.5,1773.5,1003.0,0.565548,1,p:2.1.5.2.1.2
U5792,231,FUSE1,424052.0,424052.0,425863.9,1811.9,1811.9,1003.0,0.553563,1,p:1.3.4.1.3.1
U5793,231,FUSE1,424129.2,424129.2,425902.7,1773.5,1773.5,1003.0,0.565548,1,p:2.2.1.2.2.2
U5794,231,FUSE1,424168.0,424168.0,425984.7,1816.7,1816.7,1003.0,0.5521,1,p:1.1.2.1.1.1
U5795,231,FUSE2,424250.0,424250.0,426018.7,1768.7,1768.7,1035.4,0.585402,1,p:2.3.3.2.3.2
U5796,231,FUSE2,424284.0,424284.0,426100.7,1816.7,1816.7,1035.4,0.569934,1,p:1.2.5.1.2.1
U5797,231,FUSE2,424366.0,424366.0,426139.5,1773.5,1773.5,1035.4,0.583817,1,p:2.1.4.2.1.2
U5798,231,FUSE2,424404.8,424404.8,426216.7,1811.9,1811.9,1035.4,0.571444,1,p:1.3.1.1.3.1
U5799,231,FUSE2,424482.0,424482.0,426255.5,1773.5,1773.5,1035.4,0.583817,1,p:2.2.2.2.2.2
U5800,231,FUSE2,424520.8,424520.8,426339.5,1818.7,1818.7,1035.4,0.569308,1,p:1.1.3.1.1.1
U5801,231,FUSE2,424604.8,424604.8,426455.5,1850.7,1850.7,1035.4,0.559464,1,p:2.3.5.1.2.1
U5802,231,FUSE2,424636.8,424636.8,426371.5,1734.7,1734.7,1035.4,0.596876,1,p:1.2.4.2.3.2
U5803,231,FUSE2,424720.8,424720.8,426531.0,1810.2,1810.2,1035.4,0.571981,1,p:2.1.1.2.1.2
U2525,102,FUSE0,424759.6,424759.6,426571.5,1811.9,1811.9,941.0,0.519344,1,p:1.3.2.1.3.1
U2526,102,FUSE0,424836.8,424836.8,426647.0,1810.2,1810.2,941.0,0.519832,1,p:2.2.3.2.2.2
U2527,102,FUSE0,424875.6,424875.6,426725.8,1850.2,1850.2,941.0,0.508594,1,p:1.1.5.1.1.1
U2528,102,FUSE0,424957.6,424957.6,426763.0,1805.4,1805.4,941.0,0.521214,1,p:2.3.4.2.3.2
U2529,102,FUSE0,424991.6,424991.6,426841.8,1850.2,1850.2,941.0,0.508594,1,p:1.2.1.1.2.1
U2530,102,FUSE0,425073.6,425073.6,426883.8,1810.2,1810.2,941.0,0.519832,1,p:2.1.2.2.1.2
U2531,102,FUSE0,425112.4,425112.4,426957.8,1845.4,1845.4,941.0,0.509917,1,p:1.3.3.1.3.1
U2532,102,FUSE0,425189.6,425189.6,426999.8,1810.2,1810.2,941.0,0.519832,1,p:2.2.5.2.2.2
U2533,102,FUSE1,425228.4,425228.4,427078.6,1850.2,1850.2,1003.0,0.542104,1,p:1.1.4.1.1.1
U2534,102,FUSE1,425310.4,425310.4,427115.8,1805.4,1805.4,1003.0,0.555556,1,p:2.3.1.2.3.2
U2535,102,FUSE1,425344.4,425344.4,427194.6,1850.2,1850.2,1003.0,0.542104,1,p:1.2.2.1.2.1
U2536,102,FUSE1,425426.4,425426.4,427236.6,1810.2,1810.2,1003.0,0.554082,1,p:2.1.3.2.1.2
U2537,102,FUSE1,425465.2,425465.2,427310.6,1845.4,1845.4,1003.0,0.543514,1,p:1.3.5.1.3.1
U2538,102,FUSE1,425542.4,425542.4,427352.6,1810.2,1810.2,1003.0,0.554082,1,p:2.2.4.2.2.2
U2539,102,FUSE1,425581.2,425581.2,427431.4,1850.2,1850.2,1003.0,0.542104,1,p:1.1.1.1.1.1
U2540,102,FUSE1,425663.2,425663.2,427468.6,1805.4,1805.4,1003.0,0.555556,1,p:2.3.2.2.3.2
U2541,102,FUSE2,425697.2,425697.2,427547.4,1850.2,1850.2,1035.4,0.559615,1,p:1.2.3.1.2.1
U2542,102,FUSE2,425779.2,425779.2,427589.4,1810.2,1810.2,1035.4,0.571981,1,p:2.1.5.2.1.2
U2543,102,FUSE2,425818.0,425818.0,427663.4,1845.4,1845.4,1035.4,0.561071,1,p:1.3.4.1.3.1
U2544,102,FUSE2,425895.2,425895.2,427705.4,1810.2,1810.2,1035.4,0.571981,1,p:2.2.1.2.2.2
U2545,102,FUSE2,425934.0,425934.0,427784.2,1850.2,1850.2,1035.4,0.559615,1,p:1.1.2.1.1.1
U2546,102,FUSE2,426016.0,426016.0,427821.4,1805.4,1805.4,1035.4,0.573502,1,p:2.3.3.2.3.2
U2547,102,FUSE2,426050.0,426050.0,427942.2,1892.2,1892.2,1035.4,0.547194,1,p:1.2.5.2.1.2
U7103,284,FUSE0,426132.0,426132.0,427900.2,1768.2,1768.2,941.0,0.53218,1,p:2.1.4.1.2.1
U7104,284,FUSE0,426170.8,426170.8,428016.2,1845.4,1845.4,941.0,0.509917,1,p:1.3.1.1.3.1
U7105,284,FUSE0,426248.0,426248.0,428058.2,1810.2,1810.2,941.0,0.519832,1,p:2.2.2.2.2.2
U7106,284,FUSE0,426286.8,426286.8,428137.0,1850.2,1850.2,941.0,0.508594,1,p:1.1.3.1.1.1
U7107,284,FUSE0,426370.8,426370.8,428174.2,1803.4,1803.4,941.0,0.521792,1,p:2.3.4.2.3.2
U7108,284,FUSE0,426402.8,426402.8,428253.0,1850.2,1850.2,941.0,0.508594,1,p:1.2.5.1.2.1
U7109,284,FUSE0,426486.8,426486.8,428295.0,1808.2,1808.2,941.0,0.520407,1,p:2.1.1.2.1.2
U7110,284,FUSE0,426562.3,426562.3,428369.0,1806.7,1806.7,941.0,0.520839,1,p:1.3.2.1.3.1
U7111,284,FUSE0,426602.8,426602.8,428411.0,1808.2,1808.2,941.0,0.520407,1,p:2.2.3.2.2.2
U7112,284,FUSE1,426678.3,426678.3,428489.8,1811.5,1811.5,1003.0,0.553685,1,p:1.1.4.1.1.1
U7113,284,FUSE1,426757.1,426757.1,428527.0,1769.9,1769.9,1003.0,0.566699,1,p:2.3.5.2.3.2
U7114,284,FUSE1,426794.3,426794.3,428605.8,1811.5,1811.5,1003.0,0.553685,1,p:1.2.1.1.2.1
U7115,284,FUSE1,426873.1,426873.1,428647.8,1774.7,1774.7,1003.0,0.565166,1,p:2.1.2.2.1.2
U7116,284,FUSE1,426915.1,426915.1,428721.8,1806.7,1806.7,1003.0,0.555156,1,p:1.3.3.1.3.1
U7117,284,FUSE1,426989.1,426989.1,428763.8,1774.7,1774.7,1003.0,0.565166,1,p:2.2.4.2.2.2
U7118,284,FUSE1,427031.1,427031.1,428842.6,1811.5,1811.5,1003.0,0.553685,1,p:1.1.5.1.1.1
U7119,284,FUSE1,427109.9,427109.9,428879.8,1769.9,1769.9,1003.0,0.566699,1,p:2.3.1.2.3.2
U7120,284,FUSE2,427147.1,427147.1,428958.6,1811.5,1811.5,1035.4,0.571571,1,p:1.2.2.1.2.1
U7121,284,FUSE2,427225.9,427225.9,429000.6,1774.7,1774.7,1035.4,0.583423,1,p:2.1.3.2.1.2
U7122,284,FUSE2,427267.9,427267.9,429074.6,1806.7,1806.7,1035.4,0.573089,1,p:1.3.4.1.3.1
U7123,284,FUSE2,427341.9,427341.9,429116.6,1774.7,1774.7,1035.4,0.583423,1,p:2.2.5.2.2.2
U7124,284,FUSE2,427383.9,427383.9,429195.4,1811.5,1811.5,1035.4,0.571571,1,p:1.1.1.1.1.1
U7125,284,FUSE2,427462.7,427462.7,429232.6,1769.9,1769.9,1035.4,0.585005,1,p:2.3.2.2.3.2
U7126,284,FUSE2,427499.9,427499.9,429311.4,1811.5,1811.5,1035.4,0.571571,1,p:1.2.3.1.2.1
U7127,284,FUSE2,427578.7,427578.7,429548.2,1969.5,1969.5,1035.4,0.525717,1,p:2.1.4.1.1.1
U7128,284,FUSE2,427620.7,427620.7,429469.4,1848.7,1848.7,1035.4,0.560069,1,p:1.3.5.2.2.2
U7551,302,FUSE0,427694.7,427694.7,429353.4,1658.7,1658.7,941.0,0.567312,1,p:2.2.1.2.1.2
U7552,302,FUSE0,427736.7,427736.7,429427.4,1690.7,1690.7,941.0,0.556574,1,p:1.1.2.1.3.1
U7553,302,FUSE0,427815.5,427815.5,429585.4,1769.9,1769.9,941.0,0.531668,1,p:2.3.3.2.3.2
U7554,302,FUSE0,427852.7,427852.7,429664.2,1811.5,1811.5,941.0,0.519459,1,p:1.2.1.1.2.1
U7555,302,FUSE0,427931.5,427931.5,429822.2,1890.7,1890.7,941.0,0.497699,1,p:2.1.4.2.2.2
U7556,302,FUSE0,427973.5,427973.5,429780.2,1806.7,1806.7,941.0,0.520839,1,p:1.3.5.1.3.1
U7557,302,FUSE0,428047.5,428047.5,429706.2,1658.7,1658.7,941.0,0.567312,1,p:2.2.2.2.1.2
U7558,302,FUSE1,428089.5,428089.5,429901.0,1811.5,1811.5,1003.0,0.553685,1,p:1.1.3.1.1.1
U7559,302,FUSE1,428168.3,428168.3,429938.2,1769.9,1769.9,1003.0,0.566699,1,p:2.3.1.2.3.2
U7560,302,FUSE1,428205.5,428205.5,430133.0,1927.5,1927.5,1003.0,0.520363,1,p:1.2.4.1.3.1
U7561,302,FUSE1,428284.3,428284.3,430059.0,1774.7,1774.7,1003.0,0.565166,1,p:2.1.5.2.1.2
U7562,302,FUSE1,428326.3,428326.3,430017.0,1690.7,1690.7,1003.0,0.593245,1,p:1.3.2.1.2.1
U7563,302,FUSE1,428400.3,428400.3,430175.0,1774.7,1774.7,1003.0,0.565166,1,p:2.2.3.2.2.2
U7564,302,FUSE1,428442.3,428442.3,430253.8,1811.5,1811.5,1003.0,0.553685,1,p:1.1.1.1.1.1
U7565,302,FUSE2,428521.1,428521.1,430411.8,1890.7,1890.7,1035.4,0.547628,1,p:2.3.4.2.1.2
U7566,302,FUSE2,428558.3,428558.3,430369.8,1811.5,1811.5,1035.4,0.571571,1,p:1.2.5.1.2.1
U7567,302,FUSE2,428637.1,428637.1,430291.0,1653.9,1653.9,1035.4,0.626035,1,p:2.1.2.2.3.2
U7568,302,FUSE2,428679.1,428679.1,430485.8,1806.7,1806.7,1035.4,0.573089,1,p:1.3.3.1.3.1
U7569,302,FUSE2,428753.1,428753.1,430527.8,1774.7,1774.7,1035.4,0.583423,1,p:2.2.1.2.2.2
U7570,302,FUSE2,428795.1,428795.1,430731.0,1935.9,1935.9,1035.4,0.534842,1,p:1.1.4.1.2.1
U7571,302,FUSE2,428873.9,428873.9,430643.8,1769.9,1769.9,1035.4,0.585005,1,p:2.3.5.2.3.2
U7572,302,FUSE2,428911.1,428911.1,430615.0,1703.9,1703.9,1035.4,0.607665,1,p:1.2.2.1.1.1
U7671,307,FUSE0,428989.9,428989.9,430769.8,1779.9,1779.9,941.0,0.528681,1,p:2.1.3.2.1.2
U7672,307,FUSE0,429031.9,429031.9,430847.0,1815.1,1815.1,941.0,0.518429,1,p:1.3.1.1.3.1
U7673,307,FUSE0,429105.9,429105.9,431001.8,1895.9,1895.9,941.0,0.496334,1,p:2.2.4.2.3.2
U7674,307,FUSE0,429147.9,429147.9,430967.8,1819.9,1819.9,941.0,0.517061,1,p:1.1.5.1.1.1
U7675,307,FUSE0,429226.7,429226.7,430885.8,1659.1,1659.1,941.0,0.567175,1,p:2.3.2.2.2.2
U7676,307,FUSE0,429263.9,429263.9,431083.8,1819.9,1819.9,941.0,0.517061,1,p:1.2.3.1.2.1
U7677,307,FUSE0,429342.7,429342.7,431122.6,1779.9,1779.9,941.0,0.528681,1,p:2.1.1.2.1.2
U7678,307,FUSE0,429384.7,429384.7,431199.8,1815.1,1815.1,941.0,0.518429,1,p:1.3.4.1.3.1
U7679,307,FUSE0,429458.7,429458.7,431238.6,1779.9,1779.9,941.0,0.528681,1,p:2.2.5.2.2.2
U7680,307,FUSE1,429500.7,429500.7,431320.6,1819.9,1819.9,1003.0,0.551129,1,p:1.1.2.1.1.1
U7681,307,FUSE1,429579.5,429579.5,431354.6,1775.1,1775.1,1003.0,0.565039,1,p:2.3.3.2.3.2
U7682,307,FUSE1,429616.7,429616.7,431436.6,1819.9,1819.9,1003.0,0.551129,1,p:1.2.1.1.2.1
U7683,307,FUSE1,429695.5,429695.5,431475.4,1779.9,1779.9,1003.0,0.563515,1,p:2.1.4.2.1.2
U7684,307,FUSE1,429737.5,429737.5,431552.6,1815.1,1815.1,1003.0,0.552587,1,p:1.3.5.1.3.1
U7685,307,FUSE1,429811.5,429811.5,431591.4,1779.9,1779.9,1003.0,0.563515,1,p:2.2.2.2.2.2
U7686,307,FUSE1,429853.5,429853.5,431673.4,1819.9,1819.9,1003.0,0.551129,1,p:1.1.3.1.1.1
U7687,307,FUSE1,429932.3,429932.3,431707.4,1775.1,1775.1,1003.0,0.565039,1,p:2.3.1.2.3.2
U7688,307,FUSE1,429969.5,429969.5,431789.4,1819.9,1819.9,1003.0,0.551129,1,p:1.2.4.1.2.1
U7689,307,FUSE2,430048.3,430048.3,431828.2,1779.9,1779.9,1035.4,0.581718,1,p:2.1.5.2.1.2
U7690,307,FUSE2,430090.3,430090.3,431905.4,1815.1,1815.1,1035.4,0.570437,1,p:1.3.2.1.3.1
U7691,307,FUSE2,430164.3,430164.3,431944.2,1779.9,1779.9,1035.4,0.581718,1,p:2.2.3.2.2.2
U7692,307,FUSE2,430206.3,430206.3,432026.2,1819.9,1819.9,1035.4,0.568932,1,p:1.1.1.1.1.1
U7693,307,FUSE2,430285.1,430285.1,432060.2,1775.1,1775.1,1035.4,0.583291,1,p:2.3.4.2.3.2
U7694,307,FUSE2,430322.3,430322.3,432142.2,1819.9,1819.9,1035.4,0.568932,1,p:1.2.5.1.2.1
U7695,307,FUSE2,430401.1,430401.1,432181.0,1779.9,1779.9,1035.4,0.581718,1,p:2.1.2.2.1.2
U7696,307,FUSE2,430443.1,430443.1,432297.0,1853.9,1853.9,1035.4,0.558498,1,p:1.3.3.2.2.2
U7902,316,FUSE0,430517.1,430517.1,432258.2,1741.1,1741.1,941.0,0.540463,1,p:2.2.1.1.3.1
U7903,316,FUSE0,430559.1,430559.1,432379.0,1819.9,1819.9,941.0,0.517061,1,p:1.1.4.1.1.1
U7904,316,FUSE0,430646.3,430646.3,432413.0,1766.7,1766.7,941.0,0.532631,1,p:2.3.5.2.3.2
U7905,316,FUSE0,430675.1,430675.1,432495.0,1819.9,1819.9,941.0,0.517061,1,p:1.2.2.1.2.1
U7906,316,FUSE0,430762.3,430762.3,432533.8,1771.5,1771.5,941.0,0.531188,1,p:2.1.1.2.1.2
U7907,316,FUSE0,430801.1,430801.1,432611.0,1809.9,1809.9,941.0,0.519918,1,p:1.3.3.1.3.1
U7908,316,FUSE0,430878.3,430878.3,432649.8,1771.5,1771.5,941.0,0.531188,1,p:2.2.4.2.2.2
U7909,316,FUSE0,430917.1,430917.1,432731.8,1814.7,1814.7,941.0,0.518543,1,p:1.1.5.1.1.1
U7910,316,FUSE1,430999.1,430999.1,432765.8,1766.7,1766.7,1003.0,0.567725,1,p:2.3.2.2.3.2
U7911,316,FUSE1,431033.1,431033.1,432847.8,1814.7,1814.7,1003.0,0.552708,1,p:1.2.1.1.2.1
U7912,316,FUSE1,431115.1,431115.1,432886.6,1771.5,1771.5,1003.0,0.566187,1,p:2.1.3.2.1.2
U7913,316,FUSE1,431153.9,431153.9,432963.8,1809.9,1809.9,1003.0,0.554174,1,p:1.3.4.1.3.1
U7914,316,FUSE1,431231.1,431231.1,433002.6,1771.5,1771.5,1003.0,0.566187,1,p:2.2.5.2.2.2
U7915,316,FUSE1,431269.9,431269.9,433084.6,1814.7,1814.7,1003.0,0.552708,1,p:1.1.2.1.1.1
U7916,316,FUSE1,431351.9,431351.9,433118.6,1766.7,1766.7,1003.0,0.567725,1,p:2.3.1.2.3.2
U7917,316,FUSE1,431385.9,431385.9,433200.6,1814.7,1814.7,1003.0,0.552708,1,p:1.2.3.1.2.1
U7918,316,FUSE2,431467.9,431467.9,433239.4,1771.5,1771.5,1035.4,0.584476,1,p:2.1.4.2.1.2
U7919,316,FUSE2,431506.7,431506.7,433316.6,1809.9,1809.9,1035.4,0.572076,1,p:1.3.5.1.3.1
U7920,316,FUSE2,431583.9,431583.9,433355.4,1771.5,1771.5,1035.4,0.584476,1,p:2.2.2.2.2.2
U7921,316,FUSE2,431622.7,431622.7,433437.4,1814.7,1814.7,1035.4,0.570563,1,p:1.1.1.1.1.1
U7922,316,FUSE2,431704.7,431704.7,433471.4,1766.7,1766.7,1035.4,0.586064,1,p:2.3.3.2.3.2
U7923,316,FUSE2,431738.7,431738.7,433553.4,1814.7,1814.7,1035.4,0.570563,1,p:1.2.4.1.2.1
U7924,316,FUSE2,431820.7,431820.7,433592.2,1771.5,1771.5,1035.4,0.584476,1,p:2.1.5.2.1.2
U5956,238,FUSE0,431859.5,431859.5,433669.4,1809.9,1809.9,941.0,0.519918,1,p:1.3.2.1.3.1
U5957,238,FUSE0,431936.7,431936.7,433708.2,1771.5,1771.5,941.0,0.531188,1,p:2.2.1.2.2.2
U5958,238,FUSE0,431975.5,431975.5,433790.2,1814.7,1814.7,941.0,0.518543,1,p:1.1.3.1.1.1
U5959,238,FUSE0,432057.5,432057.5,433824.2,1766.7,1766.7,941.0,0.532631,1,p:2.3.4.2.3.2
U5960,238,FUSE0,432091.5,432091.5,433906.2,1814.7,1814.7,941.0,0.518543,1,p:1.2.5.1.2.1
U5961,238,FUSE0,432173.5,432173.5,433945.0,1771.5,1771.5,941.0,0.531188,1,p:2.1.2.2.1.2
U5962,238,FUSE0,432212.3,432212.3,434022.2,1809.9,1809.9,941.0,0.519918,1,p:1.3.1.1.3.1
U5963,238,FUSE0,432289.5,432289.5,434061.0,1771.5,1771.5,941.0,0.531188,1,p:2.2.3.2.2.2
U5964,238,FUSE0,432328.3,432328.3,434143.0,1814.7,1814.7,941.0,0.518543,1,p:1.1.4.1.1.1
U5965,238,FUSE1,432410.3,432410.3,434177.0,1766.7,1766.7,1003.0,0.567725,1,p:2.3.5.2.3.2
U5966,238,FUSE1,432444.3,432444.3,434259.0,1814.7,1814.7,1003.0,0.552708,1,p:1.2.2.1.2.1
U5967,238,FUSE1,432526.3,432526.3,434297.8,1771.5,1771.5,1003.0,0.566187,1,p:2.1.1.2.1.2
U5968,238,FUSE1,432565.1,432565.1,434375.0,1809.9,1809.9,1003.0,0.554174,1,p:1.3.3.1.3.1
U5969,238,FUSE1,432642.3,432642.3,434413.8,1771.5,1771.5,1003.0,0.566187,1,p:2.2.4.2.2.2
U5970,238,FUSE1,432681.1,432681.1,434495.8,1814.7,1814.7,1003.0,0.552708,1,p:1.1.5.1.1.1
U5971,238,FUSE1,432763.1,432763.1,434529.8,1766.7,1766.7,1003.0,0.567725,1,p:2.3.2.2.3.2
U5972,238,FUSE1,432797.1,432797.1,434611.8,1814.7,1814.7,1003.0,0.552708,1,p:1.2.1.1.2.1
U5973,238,FUSE1,432879.1,432879.1,434650.6,1771.5,1771.5,1003.0,0.566187,1,p:2.1.3.2.1.2
U5974,238,FUSE2,432917.9,432917.9,434727.8,1809.9,1809.9,1035.4,0.572076,1,p:1.3.4.1.3.1
U5975,238,FUSE2,432995.1,432995.1,434766.6,1771.5,1771.5,1035.4,0.584476,1,p:2.2.5.2.2.2
U5976,238,FUSE2,433033.9,433033.9,434848.6,1814.7,1814.7,1035.4,0.570563,1,p:1.1.2.1.1.1
U5977,238,FUSE2,433115.9,433115.9,434882.6,1766.7,1766.7,1035.4,0.586064,1,p:2.3.1.2.3.2
U5978,238,FUSE2,433149.9,433149.9,434964.6,1814.7,1814.7,1035.4,0.570563,1,p:1.2.3.1.2.1
U5979,238,FUSE2,433231.9,433231.9,435012.7,1780.8,1780.8,1035.4,0.581424,1,p:2.1.4.2.1.2
U5980,238,FUSE2,433270.7,433270.7,435220.2,1949.5,1949.5,1035.4,0.531111,1,p:1.3.5.1.1.1
U5981,238,FUSE2,433347.9,433347.9,435244.7,1896.8,1896.8,1035.4,0.545867,1,p:2.2.2.2.3.2
U2154,87,FUSE0,433386.7,433386.7,435128.7,1742.0,1742.0,941.0,0.540184,1,p:1.1.1.2.2.2
U2155,87,FUSE0,433468.7,433468.7,435080.6,1611.9,1611.9,941.0,0.583783,1,p:2.3.3.1.3.1
U2156,87,FUSE0,433502.7,433502.7,435336.2,1833.5,1833.5,941.0,0.513226,1,p:1.2.4.1.2.1
U2157,87,FUSE0,433584.7,433584.7,435491.0,1906.3,1906.3,941.0,0.493626,1,p:2.1.5.2.2.2
U2158,87,FUSE0,433623.5,433623.5,435452.2,1828.7,1828.7,941.0,0.514573,1,p:1.3.1.1.3.1
U2159,87,FUSE0,433700.7,433700.7,435375.0,1674.3,1674.3,941.0,0.562026,1,p:2.2.3.2.1.2
U2160,87,FUSE0,433739.5,433739.5,435573.0,1833.5,1833.5,941.0,0.513226,1,p:1.1.2.1.1.1
U2161,87,FUSE0,433821.5,433821.5,435607.0,1785.5,1785.5,941.0,0.527023,1,p:2.3.4.2.3.2
U2162,87,FUSE1,433855.5,433855.5,435805.0,1949.5,1949.5,1003.0,0.514491,1,p:1.2.5.1.3.1
U2163,87,FUSE1,433937.5,433937.5,435727.8,1790.3,1790.3,1003.0,0.560241,1,p:2.1.1.2.1.2
U2164,87,FUSE1,433976.3,433976.3,435689.0,1712.7,1712.7,1003.0,0.585625,1,p:1.3.3.1.2.1
U2165,87,FUSE1,434053.5,434053.5,435843.8,1790.3,1790.3,1003.0,0.560241,1,p:2.2.2.2.2.2
U2166,87,FUSE1,434092.3,434092.3,435925.8,1833.5,1833.5,1003.0,0.547041,1,p:1.1.4.1.1.1
U2167,87,FUSE1,434174.3,434174.3,436080.6,1906.3,1906.3,1003.0,0.52615,1,p:2.3.5.2.1.2
U2168,87,FUSE1,434208.3,434208.3,436041.8,1833.5,1833.5,1003.0,0.547041,1,p:1.2.1.1.2.1
U2169,87,FUSE1,434290.3,434290.3,435959.8,1669.5,1669.5,1003.0,0.600779,1,p:2.1.3.2.3.2
U2170,87,FUSE2,434329.1,434329.1,436157.8,1828.7,1828.7,1035.4,0.566195,1,p:1.3.2.1.3.1
U2171,87,FUSE2,434406.3,434406.3,436196.6,1790.3,1790.3,1035.4,0.578339,1,p:2.2.4.2.2.2
U2172,87,FUSE2,434445.1,434445.1,436411.4,1966.3,1966.3,1035.4,0.526573,1,p:1.1.5.1.2.1
U2173,87,FUSE2,434527.1,434527.1,436312.6,1785.5,1785.5,1035.4,0.579894,1,p:2.3.1.2.3.2
U2174,87,FUSE2,434561.1,434561.1,436295.4,1734.3,1734.3,1035.4,0.597013,1,p:1.2.3.1.1.1
U2175,87,FUSE2,434643.1,434643.1,436450.2,1807.1,1807.1,1035.4,0.572962,1,p:2.1.2.2.1.2
U2176,87,FUSE2,434681.9,434681.9,436527.4,1845.5,1845.5,1035.4,0.56104,1,p:1.3.4.1.3.1
U2177,87,FUSE2,434759.1,434759.1,436764.2,2005.1,2005.1,1035.4,0.516383,1,p:2.2.5.1.2.1
U4865,194,FUSE0,434797.9,434797.9,436566.2,1768.3,1768.3,941.0,0.53215,1,p:1.1.1.2.2.2
U4866,194,FUSE0,434879.9,434879.9,436648.2,1768.3,1768.3,941.0,0.53215,1,p:2.3.3.1.1.1
U4867,194,FUSE0,434913.9,434913.9,436682.2,1768.3,1768.3,941.0,0.53215,1,p:1.2.2.2.3.2
U4868,194,FUSE0,434995.9,434995.9,436803.0,1807.1,1807.1,941.0,0.520724,1,p:2.1.4.2.1.2
U4869,194,FUSE0,435044.0,435044.0,436880.2,1836.2,1836.2,941.0,0.512471,1,p:1.3.1.1.3.1
U4870,194,FUSE0,435111.9,435111.9,436919.0,1807.1,1807.1,941.0,0.520724,1,p:2.2.3.2.2.2
U4871,194,FUSE0,435160.0,435160.0,437001.0,1841.0,1841.0,941.0,0.511135,1,p:1.1.2.1.1.1
U4872,194,FUSE0,435251.5,435251.5,437035.0,1783.5,1783.5,941.0,0.527614,1,p:2.3.5.2.3.2
U4873,194,FUSE1,435276.0,435276.0,437117.0,1841.0,1841.0,1003.0,0.544813,1,p:1.2.4.1.2.1
U4874,194,FUSE1,435367.5,435367.5,437155.8,1788.3,1788.3,1003.0,0.560868,1,p:2.1.1.2.1.2
U4875,194,FUSE1,435406.3,435406.3,437233.0,1826.7,1826.7,1003.0,0.549078,1,p:1.3.3.1.3.1
U4876,194,FUSE1,435483.5,435483.5,437271.8,1788.3,1788.3,1003.0,0.560868,1,p:2.2.2.2.2.2
U4877,194,FUSE1,435522.3,435522.3,437353.8,1831.5,1831.5,1003.0,0.547639,1,p:1.1.5.1.1.1
U4878,194,FUSE1,435604.3,435604.3,437387.8,1783.5,1783.5,1003.0,0.562377,1,p:2.3.4.2.3.2
U4879,194,FUSE1,435638.3,435638.3,437469.8,1831.5,1831.5,1003.0,0.547639,1,p:1.2.1.1.2.1
U4880,194,FUSE1,435720.3,435720.3,437508.6,1788.3,1788.3,1003.0,0.560868,1,p:2.1.3.2.1.2
U4881,194,FUSE2,435759.1,435759.1,437585.8,1826.7,1826.7,1035.4,0.566814,1,p:1.3.2.1.3.1
U4882,194,FUSE2,435836.3,435836.3,437624.6,1788.3,1788.3,1035.4,0.578986,1,p:2.2.5.2.2.2
U4883,194,FUSE2,435875.1,435875.1,437706.6,1831.5,1831.5,1035.4,0.565329,1,p:1.1.4.1.1.1
U4884,194,FUSE2,435957.1,435957.1,437740.6,1783.5,1783.5,1035.4,0.580544,1,p:2.3.1.2.3.2
U4885,194,FUSE2,435991.1,435991.1,437822.6,1831.5,1831.5,1035.4,0.565329,1,p:1.2.3.1.2.1
U4886,194,FUSE2,436073.1,436073.1,437861.4,1788.3,1788.3,1035.4,0.578986,1,p:2.1.2.2.1.2
U4887,194,FUSE2,436111.9,436111.9,437938.6,1826.7,1826.7,1035.4,0.566814,1,p:1.3.5.1.3.1
U4888,194,FUSE2,436189.1,436189.1,438093.4,1904.3,1904.3,1035.4,0.543717,1,p:2.2.4.2.3.2
U588,24,FUSE0,436227.9,436227.9,437977.4,1749.5,1749.5,941.0,0.537868,1,p:1.1.1.2.2.2
U589,24,FUSE0,436326.7,436326.7,438059.4,1732.7,1732.7,941.0,0.543083,1,p:2.3.3.1.1.1
U590,24,FUSE0,436343.9,436343.9,438175.4,1831.5,1831.5,941.0,0.513787,1,p:1.2.2.1.2.1
U591,24,FUSE0,436442.7,436442.7,438214.2,1771.5,1771.5,941.0,0.531188,1,p:2.1.5.2.1.2
U592,24,FUSE0,436481.5,436481.5,438291.4,1809.9,1809.9,941.0,0.519918,1,p:1.3.1.1.3.1
U593,24,FUSE0,436558.7,436558.7,438330.2,1771.5,1771.5,941.0,0.531188,1,p:2.2.3.2.2.2
U594,24,FUSE0,436597.5,436597.5,438412.2,1814.7,1814.7,941.0,0.518543,1,p:1.1.4.1.1.1
U595,24,FUSE0,436679.5,436679.5,438446.2,1766.7,1766.7,941.0,0.532631,1,p:2.3.2.2.3.2
U596,24,FUSE0,436713.5,436713.5,438528.2,1814.7,1814.7,941.0,0.518543,1,p:1.2.5.1.2.1
U597,24,FUSE1,436795.5,436795.5,438567.0,1771.5,1771.5,1003.0,0.566187,1,p:2.1.1.2.1.2
U598,24,FUSE1,436834.3,436834.3,438644.2,1809.9,1809.9,1003.0,0.554174,1,p:1.3.3.1.3.1
U599,24,FUSE1,436911.5,436911.5,438683.0,1771.5,1771.5,1003.0,0.566187,1,p:2.2.4.2.2.2
U600,24,FUSE1,436950.3,436950.3,438765.0,1814.7,1814.7,1003.0,0.552708,1,p:1.1.2.1.1.1
U601,24,FUSE1,437032.3,437032.3,438799.0,1766.7,1766.7,1003.0,0.567725,1,p:2.3.5.2.3.2
U602,24,FUSE1,437066.3,437066.3,438881.0,1814.7,1814.7,1003.0,0.552708,1,p:1.2.1.1.2.1
U603,24,FUSE1,437148.3,437148.3,438919.8,1771.5,1771.5,1003.0,0.566187,1,p:2.1.3.2.1.2
U604,24,FUSE1,437187.1,437187.1,438997.0,1809.9,1809.9,1003.0,0.554174,1,p:1.3.4.1.3.1
U605,24,FUSE2,437264.3,437264.3,439035.8,1771.5,1771.5,1035.4,0.584476,1,p:2.2.2.2.2.2
U606,24,FUSE2,437303.1,437303.1,439117.8,1814.7,1814.7,1035.4,0.570563,1,p:1.1.5.1.1.1
U607,24,FUSE2,437385.1,437385.1,439151.8,1766.7,1766.7,1035.4,0.586064,1,p:2.3.1.2.3.2
U608,24,FUSE2,437419.1,437419.1,439233.8,1814.7,1814.7,1035.4,0.570563,1,p:1.2.3.1.2.1
U609,24,FUSE2,437501.1,437501.1,439272.6,1771.5,1771.5,1035.4,0.584476,1,p:2.1.4.2.1.2
U610,24,FUSE2,437539.9,437539.9,439349.8,1809.9,1809.9,1035.4,0.572076,1,p:1.3.2.1.3.1
U611,24,FUSE2,437617.1,437617.1,439388.6,1771.5,1771.5,1035.4,0.584476,1,p:2.2.5.2.2.2
U612,24,FUSE2,437655.9,437655.9,439504.6,1848.7,1848.7,1035.4,0.560069,1,p:1.1.1.2.3.2
U613,24,FUSE2,437737.9,437737.9,439586.6,1848.7,1848.7,1035.4,0.560069,1,p:2.3.3.1.2.1
U1692,68,FUSE0,437771.9,437771.9,439470.6,1698.7,1698.7,941.0,0.553953,1,p:1.2.4.1.1.1
U1693,68,FUSE0,437853.9,437853.9,439625.4,1771.5,1771.5,941.0,0.531188,1,p:2.1.2.2.1.2
U1694,68,FUSE0,437892.7,437892.7,439702.6,1809.9,1809.9,941.0,0.519918,1,p:1.3.5.1.3.1
U1695,68,FUSE0,437969.9,437969.9,439741.4,1771.5,1771.5,941.0,0.531188,1,p:2.2.4.2.2.2
U1696,68,FUSE0,438008.7,438008.7,439823.4,1814.7,1814.7,941.0,0.518543,1,p:1.1.1.1.1.1
U1697,68,FUSE0,438090.7,438090.7,439857.4,1766.7,1766.7,941.0,0.532631,1,p:2.3.3.2.3.2
U1698,68,FUSE0,438124.7,438124.7,439939.4,1814.7,1814.7,941.0,0.518543,1,p:1.2.2.1.2.1
U1699,68,FUSE0,438206.7,438206.7,439978.2,1771.5,1771.5,941.0,0.531188,1,p:2.1.5.2.1.2
U1700,68,FUSE0,438245.5,438245.5,440055.4,1809.9,1809.9,941.0,0.519918,1,p:1.3.4.1.3.1
U1701,68,FUSE1,438322.7,438322.7,440094.2,1771.5,1771.5,1003.0,0.566187,1,p:2.2.1.2.2.2
U1702,68,FUSE1,438361.5,438361.5,440176.2,1814.7,1814.7,1003.0,0.552708,1,p:1.1.3.1.1.1
U1703,68,FUSE1,438443.5,438443.5,440210.2,1766.7,1766.7,1003.0,0.567725,1,p:2.3.2.2.3.2
U1704,68,FUSE1,438477.5,438477.5,440292.2,1814.7,1814.7,1003.0,0.552708,1,p:1.2.5.1.2.1
U1705,68,FUSE1,438559.5,438559.5,440331.0,1771.5,1771.5,1003.0,0.566187,1,p:2.1.4.2.1.2
U1706,68,FUSE1,438598.3,438598.3,440408.2,1809.9,1809.9,1003.0,0.554174,1,p:1.3.1.1.3.1
U1707,68,FUSE1,438675.5,438675.5,440447.0,1771.5,1771.5,1003.0,0.566187,1,p:2.2.3.2.2.2
U1708,68,FUSE1,438714.3,438714.3,440529.0,1814.7,1814.7,1003.0,0.552708,1,p:1.1.2.1.1.1
U1709,68,FUSE1,438796.3,438796.3,440563.0,1766.7,1766.7,1003.0,0.567725,1,p:2.3.5.2.3.2
U1710,68,FUSE2,438830.3,438830.3,440645.0,1814.7,1814.7,1035.4,0.570563,1,p:1.2.4.1.2.1
U1711,68,FUSE2,438912.3,438912.3,440683.8,1771.5,1771.5,1035.4,0.584476,1,p:2.1.1.2.1.2
U1712,68,FUSE2,438951.1,438951.1,440761.0,1809.9,1809.9,1035.4,0.572076,1,p:1.3.3.1.3.1
U1713,68,FUSE2,439028.3,439028.3,440799.8,1771.5,1771.5,1035.4,0.584476,1,p:2.2.2.2.2.2
U1714,68,FUSE2,439067.1,439067.1,440881.8,1814.7,1814.7,1035.4,0.570563,1,p:1.1.5.1.1.1
U1715,68,FUSE2,439149.1,439149.1,440915.8,1766.7,1766.7,1035.4,0.586064,1,p:2.3.4.2.3.2
U1716,68,FUSE2,439183.1,439183.1,441113.8,1930.7,1930.7,1035.4,0.536282,1,p:1.2.1.1.3.1
U1717,68,FUSE2,439265.1,439265.1,441036.6,1771.5,1771.5,1035.4,0.584476,1,p:2.1.3.2.1.2
U6305,252,FUSE0,439303.9,439303.9,440997.8,1693.9,1693.9,941.0,0.555523,1,p:1.3.2.1.2.1
U6306,252,FUSE0,439381.1,439381.1,441152.6,1771.5,1771.5,941.0,0.531188,1,p:2.2.5.2.2.2
U6307,252,FUSE0,439419.9,439419.9,441234.6,1814.7,1814.7,941.0,0.518543,1,p:1.1.4.1.1.1
U6308,252,FUSE0,439501.9,439501.9,441268.6,1766.7,1766.7,941.0,0.532631,1,p:2.3.2.2.3.2
U6309,252,FUSE0,439535.9,439535.9,441466.6,1930.7,1930.7,941.0,0.487388,1,p:1.2.5.1.3.1
U6310,252,FUSE0,439617.9,439617.9,441389.4,1771.5,1771.5,941.0,0.531188,1,p:2.1.1.2.1.2
U6311,252,FUSE0,439656.7,439656.7,441350.6,1693.9,1693.9,941.0,0.555523,1,p:1.3.3.1.2.1
U6312,252,FUSE0,439733.9,439733.9,441505.4,1771.5,1771.5,941.0,0.531188,1,p:2.2.4.2.2.2
U6313,252,FUSE0,439772.7,439772.7,441587.4,1814.7,1814.7,941.0,0.518543,1,p:1.1.2.1.1.1
U6314,252,FUSE0,439854.7,439854.7,441621.4,1766.7,1766.7,941.0,0.532631,1,p:2.3.5.2.3.2
U6315,252,FUSE1,439888.7,439888.7,441703.4,1814.7,1814.7,1003.0,0.552708,1,p:1.2.1.1.2.1
U6316,252,FUSE1,439970.7,439970.7,441742.2,1771.5,1771.5,1003.0,0.566187,1,p:2.1.3.2.1.2
U6317,252,FUSE1,440009.5,440009.5,441819.4,1809.9,1809.9,1003.0,0.554174,1,p:1.3.4.1.3.1
U6318,252,FUSE1,440086.7,440086.7,441858.2,1771.5,1771.5,1003.0,0.566187,1,p:2.2.2.2.2.2
U6319,252,FUSE1,440125.5,440125.5,441940.2,1814.7,1814.7,1003.0,0.552708,1,p:1.1.5.1.1.1
U6320,252,FUSE1,440207.5,440207.5,441974.2,1766.7,1766.7,1003.0,0.567725,1,p:2.3.1.2.3.2
U6321,252,FUSE1,440241.5,440241.5,442056.2,1814.7,1814.7,1003.0,0.552708,1,p:1.2.3.1.2.1
U6322,252,FUSE1,440323.5,440323.5,442095.0,1771.5,1771.5,1003.0,0.566187,1,p:2.1.4.2.1.2
U6323,252,FUSE1,440362.3,440362.3,442172.2,1809.9,1809.9,1003.0,0.554174,1,p:1.3.2.1.3.1
U6324,252,FUSE1,440439.5,440439.5,442211.0,1771.5,1771.5,1003.0,0.566187,1,p:2.2.5.2.2.2
U6325,252,FUSE2,440478.3,440478.3,442293.0,1814.7,1814.7,1035.4,0.570563,1,p:1.1.1.1.1.1
U6326,252,FUSE2,440560.3,440560.3,442327.0,1766.7,1766.7,1035.4,0.586064,1,p:2.3.3.2.3.2
U6327,252,FUSE2,440594.3,440594.3,442409.0,1814.7,1814.7,1035.4,0.570563,1,p:1.2.4.1.2.1
U6328,252,FUSE2,440676.3,440676.3,442447.8,1771.5,1771.5,1035.4,0.584476,1,p:2.1.2.2.1.2
U6329,252,FUSE2,440715.1,440715.1,442525.0,1809.9,1809.9,1035.4,0.572076,1,p:1.3.5.1.3.1
U6330,252,FUSE2,440792.3,440792.3,442563.8,1771.5,1771.5,1035.4,0.584476,1,p:2.2.1.2.2.2
U6331,252,FUSE2,440831.1,440831.1,442645.8,1814.7,1814.7,1035.4,0.570563,1,p:1.1.3.1.1.1
U6332,252,FUSE2,440913.1,440913.1,442679.8,1766.7,1766.7,1035.4,0.586064,1,p:2.3.4.2.3.2
U6333,252,FUSE2,440947.1,440947.1,442761.8,1814.7,1814.7,1035.4,0.570563,1,p:1.2.2.1.2.1
U6334,252,FUSE2,441029.1,441029.1,442916.6,1887.5,1887.5,1035.4,0.548556,1,p:2.1.5.2.2.2
U8123,325,FUSE0,441067.9,441067.9,442877.8,1809.9,1809.9,941.0,0.519918,1,p:1.3.1.1.3.1
U8124,325,FUSE0,441145.1,441145.1,442800.6,1655.5,1655.5,941.0,0.568408,1,p:2.2.3.2.1.2
U8125,325,FUSE0,441183.9,441183.9,442998.6,1814.7,1814.7,941.0,0.518543,1,p:1.1.4.1.1.1
U8126,325,FUSE0,441265.9,441265.9,443032.6,1766.7,1766.7,941.0,0.532631,1,p:2.3.2.2.3.2
U8127,325,FUSE0,441299.9,441299.9,443230.6,1930.7,1930.7,941.0,0.487388,1,p:1.2.5.1.3.1
U8128,325,FUSE0,441381.9,441381.9,443153.4,1771.5,1771.5,941.0,0.531188,1,p:2.1.1.2.1.2
U8129,325,FUSE0,441420.7,441420.7,443114.6,1693.9,1693.9,941.0,0.555523,1,p:1.3.3.1.2.1
U8130,325,FUSE0,441497.9,441497.9,443269.4,1771.5,1771.5,941.0,0.531188,1,p:2.2.4.2.2.2
U8131,325,FUSE1,441536.7,441536.7,443351.4,1814.7,1814.7,1003.0,0.552708,1,p:1.1.2.1.1.1
U8132,325,FUSE1,441618.7,441618.7,443506.2,1887.5,1887.5,1003.0,0.531391,1,p:2.3.5.2.1.2
U8133,325,FUSE1,441652.7,441652.7,443467.4,1814.7,1814.7,1003.0,0.552708,1,p:1.2.1.1.2.1
U8134,325,FUSE1,441734.7,441734.7,443385.4,1650.7,1650.7,1003.0,0.607621,1,p:2.1.3.2.3.2
U8135,325,FUSE1,441773.5,441773.5,443583.4,1809.9,1809.9,1003.0,0.554174,1,p:1.3.4.1.3.1
U8136,325,FUSE1,441850.7,441850.7,443622.2,1771.5,1771.5,1003.0,0.566187,1,p:2.2.2.2.2.2
U8137,325,FUSE1,441889.5,441889.5,443704.2,1814.7,1814.7,1003.0,0.552708,1,p:1.1.5.1.1.1
U8138,325,FUSE1,441971.5,441971.5,443738.2,1766.7,1766.7,1003.0,0.567725,1,p:2.3.1.2.3.2
U8139,325,FUSE2,442005.5,442005.5,443820.2,1814.7,1814.7,1035.4,0.570563,1,p:1.2.3.1.2.1
U8140,325,FUSE2,442087.5,442087.5,443859.0,1771.5,1771.5,1035.4,0.584476,1,p:2.1.4.2.1.2
U8141,325,FUSE2,442126.3,442126.3,443936.2,1809.9,1809.9,1035.4,0.572076,1,p:1.3.2.1.3.1
U8142,325,FUSE2,442203.5,442203.5,443975.0,1771.5,1771.5,1035.4,0.584476,1,p:2.2.5.2.2.2
U8143,325,FUSE2,442242.3,442242.3,444057.0,1814.7,1814.7,1035.4,0.570563,1,p:1.1.1.1.1.1
U8144,325,FUSE2,442324.3,442324.3,444091.0,1766.7,1766.7,1035.4,0.586064,1,p:2.3.3.2.3.2
U8145,325,FUSE2,442358.3,442358.3,444173.0,1814.7,1814.7,1035.4,0.570563,1,p:1.2.4.1.2.1
U8146,325,FUSE2,442440.3,442440.3,444338.7,1898.4,1898.4,1035.4,0.545407,1,p:2.1.2.2.2.2
U8147,325,FUSE2,442479.1,442479.1,444417.5,1938.4,1938.4,1035.4,0.534152,1,p:1.3.5.1.1.1
U1585,64,FUSE0,442556.3,442556.3,444222.7,1666.4,1666.4,941.0,0.56469,1,p:2.2.1.2.1.2
U1586,64,FUSE0,442595.1,442595.1,444289.0,1693.9,1693.9,941.0,0.555523,1,p:1.1.3.1.3.1
U1587,64,FUSE0,442677.1,442677.1,444454.7,1777.6,1777.6,941.0,0.529365,1,p:2.3.4.2.3.2
U1588,64,FUSE0,442711.1,442711.1,444533.5,1822.4,1822.4,941.0,0.516352,1,p:1.2.1.1.2.1
U1589,64,FUSE0,442793.1,442793.1,444575.5,1782.4,1782.4,941.0,0.52794,1,p:2.1.3.2.1.2
U1590,64,FUSE0,442831.9,442831.9,444649.5,1817.6,1817.6,941.0,0.517716,1,p:1.3.2.1.3.1
U1591,64,FUSE0,442909.1,442909.1,444691.5,1782.4,1782.4,941.0,0.52794,1,p:2.2.5.2.2.2
U1592,64,FUSE0,442947.9,442947.9,444770.3,1822.4,1822.4,941.0,0.516352,1,p:1.1.4.1.1.1
U1593,64,FUSE0,443029.9,443029.9,444807.5,1777.6,1777.6,941.0,0.529365,1,p:2.3.1.2.3.2
U1594,64,FUSE1,443063.9,443063.9,444886.3,1822.4,1822.4,1003.0,0.550373,1,p:1.2.3.1.2.1
U1595,64,FUSE1,443145.9,443145.9,444928.3,1782.4,1782.4,1003.0,0.562724,1,p:2.1.2.2.1.2
U1596,64,FUSE1,443184.7,443184.7,445002.3,1817.6,1817.6,1003.0,0.551827,1,p:1.3.5.1.3.1
U1597,64,FUSE1,443261.9,443261.9,445044.3,1782.4,1782.4,1003.0,0.562724,1,p:2.2.4.2.2.2
U1598,64,FUSE1,443300.7,443300.7,445123.1,1822.4,1822.4,1003.0,0.550373,1,p:1.1.1.1.1.1
U1599,64,FUSE1,443382.7,443382.7,445160.3,1777.6,1777.6,1003.0,0.564244,1,p:2.3.3.2.3.2
U1600,64,FUSE1,443416.7,443416.7,445239.1,1822.4,1822.4,1003.0,0.550373,1,p:1.2.2.1.2.1
U1601,64,FUSE1,443498.7,443498.7,445281.1,1782.4,1782.4,1003.0,0.562724,1,p:2.1.5.2.1.2
U1602,64,FUSE1,443537.5,443537.5,445355.1,1817.6,1817.6,1003.0,0.551827,1,p:1.3.4.1.3.1
U1603,64,FUSE2,443614.7,443614.7,445397.1,1782.4,1782.4,1035.4,0.580902,1,p:2.2.1.2.2.2
U1604,64,FUSE2,443653.5,443653.5,445475.9,1822.4,1822.4,1035.4,0.568152,1,p:1.1.3.1.1.1
U1605,64,FUSE2,443735.5,443735.5,445513.1,1777.6,1777.6,1035.4,0.582471,1,p:2.3.2.2.3.2
U1606,64,FUSE2,443769.5,443769.5,445591.9,1822.4,1822.4,1035.4,0.568152,1,p:1.2.5.1.2.1
U1607,64,FUSE2,443851.5,443851.5,445633.9,1782.4,1782.4,1035.4,0.580902,1,p:2.1.4.2.1.2
U1608,64,FUSE2,443890.3,443890.3,445707.9,1817.6,1817.6,1035.4,0.569652,1,p:1.3.1.1.3.1
U1609,64,FUSE2,443967.5,443967.5,445828.7,1861.2,1861.2,1035.4,0.556308,1,p:2.2.3.2.1.1
U1610,64,FUSE2,444006.3,444006.3,445765.8,1759.5,1759.5,1035.4,0.588463,1,p:1.1.2.1.2.2
U1611,64,FUSE2,444088.3,444088.3,445960.6,1872.3,1872.3,1035.4,0.55301,1,p:2.3.5.2.2.1
U1612,64,FUSE2,444122.3,444122.3,445881.8,1759.5,1759.5,1035.4,0.588463,1,p:1.2.4.1.3.2
U3015,121,FUSE0,444204.3,444204.3,446076.6,1872.3,1872.3,941.0,0.50259,1,p:2.1.1.2.3.1
U3016,121,FUSE0,444254.0,444254.0,446041.0,1787.0,1787.0,941.0,0.526581,1,p:1.3.3.1.1.2
U3017,121,FUSE0,444320.3,444320.3,446235.8,1915.5,1915.5,941.0,0.491256,1,p:2.2.2.2.1.1
U3018,121,FUSE0,444370.0,444370.0,446157.0,1787.0,1787.0,941.0,0.526581,1,p:1.1.5.1.2.2
U3019,121,FUSE0,444448.8,444448.8,446351.8,1903.0,1903.0,941.0,0.494482,1,p:2.3.4.2.2.1
U3020,121,FUSE0,444486.0,444486.0,446273.0,1787.0,1787.0,941.0,0.526581,1,p:1.2.1.1.3.2
U3021,121,FUSE0,444564.8,444564.8,446467.8,1903.0,1903.0,941.0,0.494482,1,p:2.1.3.2.3.1
U3022,121,FUSE1,444606.8,444606.8,446393.8,1787.0,1787.0,1003.0,0.561276,1,p:1.3.2.1.1.2
U3023,121,FUSE1,444680.8,444680.8,446588.6,1907.8,1907.8,1003.0,0.525736,1,p:2.2.5.2.1.1
U3024,121,FUSE1,444722.8,444722.8,446509.8,1787.0,1787.0,1003.0,0.561276,1,p:1.1.4.1.2.2
U3025,121,FUSE1,444801.6,444801.6,446704.6,1903.0,1903.0,1003.0,0.527063,1,p:2.3.1.2.2.1
U3026,121,FUSE1,444838.8,444838.8,446625.8,1787.0,1787.0,1003.0,0.561276,1,p:1.2.3.1.3.2
U3027,121,FUSE1,444917.6,444917.6,446820.6,1903.0,1903.0,1003.0,0.527063,1,p:2.1.2.2.3.1
U3028,121,FUSE1,444959.6,444959.6,446746.6,1787.0,1787.0,1003.0,0.561276,1,p:1.3.5.1.1.2
U3029,121,FUSE2,445033.6,445033.6,446941.4,1907.8,1907.8,1035.4,0.542719,1,p:2.2.4.2.1.1
U3030,121,FUSE2,445075.6,445075.6,446862.6,1787.0,1787.0,1035.4,0.579407,1,p:1.1.1.1.2.2
U3031,121,FUSE2,445154.4,445154.4,447057.4,1903.0,1903.0,1035.4,0.544088,1,p:2.3.3.2.2.1
U3032,121,FUSE2,445191.6,445191.6,446978.6,1787.0,1787.0,1035.4,0.579407,1,p:1.2.2.1.3.2
U3033,121,FUSE2,445270.4,445270.4,447096.2,1825.8,1825.8,1035.4,0.567094,1,p:2.1.5.2.1.2
U3034,121,FUSE2,445312.4,445312.4,447173.4,1861.0,1861.0,1035.4,0.556368,1,p:1.3.4.1.3.1
U3035,121,FUSE2,445386.4,445386.4,447212.2,1825.8,1825.8,1035.4,0.567094,1,p:2.2.1.2.2.2
U3479,140,FUSE0,445428.4,445428.4,447291.0,1862.6,1862.6,941.0,0.505208,1,p:1.1.3.1.1.1
U3480,140,FUSE0,445507.2,445507.2,447328.2,1821.0,1821.0,941.0,0.516749,1,p:2.3.2.2.3.2
U3481,140,FUSE0,445544.4,445544.4,447407.0,1862.6,1862.6,941.0,0.505208,1,p:1.2.5.1.2.1
U3482,140,FUSE0,445623.2,445623.2,447445.8,1822.6,1822.6,941.0,0.516295,1,p:2.1.4.2.1.2
U3483,140,FUSE0,445665.2,445665.2,447523.0,1857.8,1857.8,941.0,0.506513,1,p:1.3.1.1.3.1
U3484,140,FUSE0,445739.2,445739.2,447561.8,1822.6,1822.6,941.0,0.516295,1,p:2.2.3.2.2.2
U3485,140,FUSE0,445797.1,445797.1,447640.6,1843.5,1843.5,941.0,0.510442,1,p:1.1.2.1.1.1
U3486,140,FUSE0,445860.0,445860.0,447677.8,1817.8,1817.8,941.0,0.517659,1,p:2.3.5.2.3.2
U3487,140,FUSE1,445913.1,445913.1,447756.6,1843.5,1843.5,1003.0,0.544074,1,p:1.2.4.1.2.1
U3488,140,FUSE1,445991.9,445991.9,447795.4,1803.5,1803.5,1003.0,0.556141,1,p:2.1.1.2.1.2
U3489,140,FUSE1,446072.3,446072.3,447872.6,1800.3,1800.3,1003.0,0.557129,1,p:1.3.3.1.3.1
U3490,140,FUSE1,446107.9,446107.9,447911.4,1803.5,1803.5,1003.0,0.556141,1,p:2.2.2.2.2.2
U3491,140,FUSE1,446188.3,446188.3,447990.2,1801.9,1801.9,1003.0,0.556635,1,p:1.1.5.1.1.1
U3492,140,FUSE1,446267.1,446267.1,448027.4,1760.3,1760.3,1003.0,0.569789,1,p:2.2.4.2.3.2
U3493,140,FUSE1,446304.3,446304.3,448106.2,1801.9,1801.9,1003.0,0.556635,1,p:1.3.1.1.2.1
U3494,140,FUSE1,446383.1,446383.1,448145.0,1761.9,1761.9,1003.0,0.569272,1,p:2.1.3.2.1.2
U3495,140,FUSE2,446425.1,446425.1,448222.2,1797.1,1797.1,1035.4,0.57615,1,p:1.2.2.1.3.1
U3496,140,FUSE2,446499.1,446499.1,448261.0,1761.9,1761.9,1035.4,0.587661,1,p:2.3.5.2.2.2
U3497,140,FUSE2,446541.1,446541.1,448340.2,1799.1,1799.1,1035.4,0.57551,1,p:1.1.4.1.1.1
U3498,140,FUSE2,446619.9,446619.9,448377.0,1757.1,1757.1,1035.4,0.589266,1,p:2.2.1.2.3.2
U3499,140,FUSE2,446657.1,446657.1,448456.2,1799.1,1799.1,1035.4,0.57551,1,p:1.3.3.1.2.1
U3500,140,FUSE2,446735.9,446735.9,448495.8,1759.9,1759.9,1035.4,0.588329,1,p:2.1.2.2.1.2
U3501,140,FUSE2,446777.9,446777.9,448572.2,1794.3,1794.3,1035.4,0.57705,1,p:1.2.5.1.3.1
U8404,336,FUSE0,446851.9,446851.9,448611.8,1759.9,1759.9,941.0,0.534689,1,p:2.3.4.2.2.2
U8405,336,FUSE0,446893.9,446893.9,448693.0,1799.1,1799.1,941.0,0.523039,1,p:1.1.1.1.1.1
U8406,336,FUSE0,446972.7,446972.7,448727.8,1755.1,1755.1,941.0,0.536152,1,p:2.2.3.2.3.2
U8407,336,FUSE0,447009.9,447009.9,448809.0,1799.1,1799.1,941.0,0.523039,1,p:1.3.2.1.2.1
U8408,336,FUSE0,447088.7,447088.7,448848.6,1759.9,1759.9,941.0,0.534689,1,p:2.1.5.2.1.2
U8409,336,FUSE0,447127.5,447127.5,448925.0,1797.5,1797.5,941.0,0.523505,1,p:1.2.4.1.3.1
U8410,336,FUSE0,447204.7,447204.7,448964.6,1759.9,1759.9,941.0,0.534689,1,p:2.3.1.2.2.2
U8411,336,FUSE0,447243.5,447243.5,449045.8,1802.3,1802.3,941.0,0.522111,1,p:1.1.3.1.1.1
U8412,336,FUSE0,447322.3,447322.3,449080.6,1758.3,1758.3,941.0,0.535176,1,p:2.2.2.2.3.2
U8413,336,FUSE1,447359.5,447359.5,449161.8,1802.3,1802.3,1003.0,0.556511,1,p:1.3.5.1.2.1
U8414,336,FUSE1,447438.3,447438.3,449201.4,1763.1,1763.1,1003.0,0.568884,1,p:2.1.4.2.1.2
U8415,336,FUSE1,447477.1,447477.1,449277.8,1800.7,1800.7,1003.0,0.557006,1,p:1.2.1.1.3.1
U8416,336,FUSE1,447554.3,447554.3,449317.4,1763.1,1763.1,1003.0,0.568884,1,p:2.3.3.2.2.2
U8417,336,FUSE1,447593.1,447593.1,449398.6,1805.5,1805.5,1003.0,0.555525,1,p:1.1.2.1.1.1
U8418,336,FUSE1,447671.9,447671.9,449433.4,1761.5,1761.5,1003.0,0.569401,1,p:2.2.5.2.3.2
U8419,336,FUSE1,447709.1,447709.1,449514.6,1805.5,1805.5,1003.0,0.555525,1,p:1.3.4.1.2.1
U8420,336,FUSE1,447787.9,447787.9,449554.2,1766.3,1766.3,1003.0,0.567854,1,p:2.1.1.2.1.2
U8421,336,FUSE1,447826.7,447826.7,449630.6,1803.9,1803.9,1003.0,0.556018,1,p:1.2.3.1.3.1
U8422,336,FUSE2,447903.9,447903.9,449670.2,1766.3,1766.3,1035.4,0.586197,1,p:2.3.2.2.2.2
U8423,336,FUSE2,447942.7,447942.7,449751.4,1808.7,1808.7,1035.4,0.572455,1,p:1.1.5.1.1.1
U8424,336,FUSE2,448021.5,448021.5,449786.2,1764.7,1764.7,1035.4,0.586729,1,p:2.2.4.2.3.2
U8425,336,FUSE2,448058.7,448058.7,449867.4,1808.7,1808.7,1035.4,0.572455,1,p:1.3.1.1.2.1
U8426,336,FUSE2,448137.5,448137.5,449907.0,1769.5,1769.5,1035.4,0.585137,1,p:2.1.3.2.1.2
U8427,336,FUSE2,448176.3,448176.3,449983.4,1807.1,1807.1,1035.4,0.572962,1,p:1.2.2.1.3.1
U8428,336,FUSE2,448253.5,448253.5,450139.0,1885.5,1885.5,1035.4,0.549138,1,p:2.3.5.2.3.2
U8429,336,FUSE2,448292.3,448292.3,450220.2,1927.9,1927.9,1035.4,0.537061,1,p:1.1.4.1.2.1
U4103,165,FUSE0,448371.5,448371.5,450104.2,1732.7,1732.7,941.0,0.543083,1,p:2.2.1.1.1.1
U4104,165,FUSE0,448408.3,448408.3,450023.0,1614.7,1614.7,941.0,0.582771,1,p:1.3.3.2.2.2
U4105,165,FUSE0,448487.5,448487.5,450273.4,1785.9,1785.9,941.0,0.526905,1,p:2.1.2.2.1.2
U4106,165,FUSE0,448527.1,448527.1,450468.2,1941.1,1941.1,941.0,0.484777,1,p:1.2.5.1.1.1
U4107,165,FUSE0,448603.5,448603.5,450389.4,1785.9,1785.9,941.0,0.526905,1,p:2.3.1.2.2.2
U4108,165,FUSE0,448643.1,448643.1,450336.2,1693.1,1693.1,941.0,0.555785,1,p:1.1.3.1.3.1
U4109,165,FUSE0,448724.3,448724.3,450505.4,1781.1,1781.1,941.0,0.528325,1,p:2.2.4.2.3.2
U4110,165,FUSE0,448759.1,448759.1,450584.2,1825.1,1825.1,941.0,0.515588,1,p:1.3.2.1.2.1
U4111,165,FUSE0,448840.3,448840.3,450626.2,1785.9,1785.9,941.0,0.526905,1,p:2.1.5.2.1.2
U4112,165,FUSE0,448879.9,448879.9,450700.2,1820.3,1820.3,941.0,0.516948,1,p:1.2.1.1.3.1
U4113,165,FUSE1,448956.3,448956.3,450742.2,1785.9,1785.9,1003.0,0.561622,1,p:2.3.3.2.2.2
U4114,165,FUSE1,448995.9,448995.9,450821.0,1825.1,1825.1,1003.0,0.549559,1,p:1.1.4.1.1.1
U4115,165,FUSE1,449077.1,449077.1,450858.2,1781.1,1781.1,1003.0,0.563135,1,p:2.2.2.2.3.2
U4116,165,FUSE1,449111.9,449111.9,450937.0,1825.1,1825.1,1003.0,0.549559,1,p:1.3.5.1.2.1
U4117,165,FUSE1,449193.1,449193.1,450979.0,1785.9,1785.9,1003.0,0.561622,1,p:2.1.1.2.1.2
U4118,165,FUSE1,449232.7,449232.7,451053.0,1820.3,1820.3,1003.0,0.551008,1,p:1.2.3.1.3.1
U4119,165,FUSE1,449309.1,449309.1,451095.0,1785.9,1785.9,1003.0,0.561622,1,p:2.3.4.2.2.2
U4120,165,FUSE1,449348.7,449348.7,451173.8,1825.1,1825.1,1003.0,0.549559,1,p:1.1.2.1.1.1
U4121,165,FUSE1,449429.9,449429.9,451211.0,1781.1,1781.1,1003.0,0.563135,1,p:2.2.5.2.3.2
U4122,165,FUSE2,449464.7,449464.7,451289.8,1825.1,1825.1,1035.4,0.567311,1,p:1.3.1.1.2.1
U4123,165,FUSE2,449545.9,449545.9,451331.8,1785.9,1785.9,1035.4,0.579764,1,p:2.1.3.2.1.2
U4124,165,FUSE2,449585.5,449585.5,451405.8,1820.3,1820.3,1035.4,0.568807,1,p:1.2.4.1.3.1
U4125,165,FUSE2,449661.9,449661.9,451447.8,1785.9,1785.9,1035.4,0.579764,1,p:2.3.2.2.2.2
U4126,165,FUSE2,449701.5,449701.5,451526.6,1825.1,1825.1,1035.4,0.567311,1,p:1.1.5.1.1.1
U4127,165,FUSE2,449782.7,449782.7,451563.8,1781.1,1781.1,1035.4,0.581326,1,p:2.2.1.2.3.2
U4128,165,FUSE2,449817.5,449817.5,451642.6,1825.1,1825.1,1035.4,0.567311,1,p:1.3.3.1.2.1
U4129,165,FUSE2,449898.7,449898.7,451684.6,1785.9,1785.9,1035.4,0.579764,1,p:2.1.4.2.1.2
U4130,165,FUSE2,449938.3,449938.3,451758.6,1820.3,1820.3,1035.4,0.568807,1,p:1.2.2.1.3.1
U4131,165,FUSE2,450014.7,450014.7,451879.4,1864.7,1864.7,1035.4,0.555264,1,p:2.3.5.1.1.1
U1294,52,FUSE0,450054.3,450054.3,451800.6,1746.3,1746.3,941.0,0.538854,1,p:1.1.1.2.2.2
U1295,52,FUSE0,450135.5,450135.5,451916.6,1781.1,1781.1,941.0,0.528325,1,p:2.2.3.2.3.2
U1296,52,FUSE0,450170.3,450170.3,451995.4,1825.1,1825.1,941.0,0.515588,1,p:1.3.4.1.2.1
U1297,52,FUSE0,450251.5,450251.5,452037.4,1785.9,1785.9,941.0,0.526905,1,p:2.1.2.2.1.2
U1298,52,FUSE0,450304.7,450304.7,452111.4,1806.7,1806.7,941.0,0.520839,1,p:1.2.1.1.3.1
U1299,52,FUSE0,450367.5,450367.5,452153.4,1785.9,1785.9,941.0,0.526905,1,p:2.3.5.2.2.2
U1300,52,FUSE0,450420.7,450420.7,452232.2,1811.5,1811.5,941.0,0.519459,1,p:1.1.3.1.1.1
U1301,52,FUSE1,450499.5,450499.5,452269.4,1769.9,1769.9,1003.0,0.566699,1,p:2.2.4.2.3.2
U1302,52,FUSE1,450536.7,450536.7,452348.2,1811.5,1811.5,1003.0,0.553685,1,p:1.3.2.1.2.1
U1303,52,FUSE1,450615.5,450615.5,452390.2,1774.7,1774.7,1003.0,0.565166,1,p:2.1.1.2.1.2
U1304,52,FUSE1,450657.5,450657.5,452464.2,1806.7,1806.7,1003.0,0.555156,1,p:1.2.5.1.3.1
U1305,52,FUSE1,450731.5,450731.5,452506.2,1774.7,1774.7,1003.0,0.565166,1,p:2.3.3.2.2.2
U1306,52,FUSE1,450773.5,450773.5,452585.0,1811.5,1811.5,1003.0,0.553685,1,p:1.1.4.1.1.1
U1307,52,FUSE1,450852.3,450852.3,452622.2,1769.9,1769.9,1003.0,0.566699,1,p:2.2.2.2.3.2
U1308,52,FUSE2,450889.5,450889.5,452701.0,1811.5,1811.5,1035.4,0.571571,1,p:1.3.1.1.2.1
U1309,52,FUSE2,450968.3,450968.3,452743.0,1774.7,1774.7,1035.4,0.583423,1,p:2.1.5.2.1.2
U1310,52,FUSE2,451010.3,451010.3,452817.0,1806.7,1806.7,1035.4,0.573089,1,p:1.2.3.1.3.1
U1311,52,FUSE2,451084.3,451084.3,452859.0,1774.7,1774.7,1035.4,0.583423,1,p:2.3.4.2.2.2
U1312,52,FUSE2,451126.3,451126.3,452937.8,1811.5,1811.5,1035.4,0.571571,1,p:1.1.2.1.1.1
U1313,52,FUSE2,451205.1,451205.1,452975.0,1769.9,1769.9,1035.4,0.585005,1,p:2.2.1.2.3.2
U1314,52,FUSE2,451242.3,451242.3,453053.8,1811.5,1811.5,1035.4,0.571571,1,p:1.3.5.1.2.1
U1315,52,FUSE2,451321.1,451321.1,453095.8,1774.7,1774.7,1035.4,0.583423,1,p:2.1.3.2.1.2
U8226,329,FUSE0,451363.1,451363.1,453169.8,1806.7,1806.7,941.0,0.520839,1,p:1.2.4.1.3.1
U8227,329,FUSE0,451437.1,451437.1,453211.8,1774.7,1774.7,941.0,0.53023,1,p:2.3.2.2.2.2
U8228,329,FUSE0,451479.1,451479.1,453303.5,1824.4,1824.4,941.0,0.515786,1,p:1.1.1.1.1.1
U8229,329,FUSE0,451557.9,451557.9,453327.8,1769.9,1769.9,941.0,0.531668,1,p:2.2.5.2.3.2
U8230,329,FUSE0,451595.1,451595.1,453419.5,1824.4,1824.4,941.0,0.515786,1,p:1.3.3.1.2.1
U8231,329,FUSE0,451673.9,451673.9,453458.3,1784.4,1784.4,941.0,0.527348,1,p:2.1.4.2.1.2
U8232,329,FUSE0,451715.9,451715.9,453535.5,1819.6,1819.6,941.0,0.517147,1,p:1.2.2.1.3.1
U8233,329,FUSE0,451789.9,451789.9,453574.3,1784.4,1784.4,941.0,0.527348,1,p:2.3.1.2.2.2
U8234,329,FUSE1,451831.9,451831.9,453656.3,1824.4,1824.4,1003.0,0.54977,1,p:1.1.5.1.1.1
U8235,329,FUSE1,451910.7,451910.7,453690.3,1779.6,1779.6,1003.0,0.56361,1,p:2.2.3.2.3.2
U8236,329,FUSE1,451947.9,451947.9,453772.3,1824.4,1824.4,1003.0,0.54977,1,p:1.3.4.1.2.1
U8237,329,FUSE1,452026.7,452026.7,453811.1,1784.4,1784.4,1003.0,0.562094,1,p:2.1.2.2.1.2
U8238,329,FUSE1,452068.7,452068.7,453888.3,1819.6,1819.6,1003.0,0.55122,1,p:1.2.1.1.3.1
U8239,329,FUSE1,452142.7,452142.7,453927.1,1784.4,1784.4,1003.0,0.562094,1,p:2.3.5.2.2.2
U8240,329,FUSE1,452184.7,452184.7,454009.1,1824.4,1824.4,1003.0,0.54977,1,p:1.1.3.1.1.1
U8241,329,FUSE1,452263.5,452263.5,454043.1,1779.6,1779.6,1003.0,0.56361,1,p:2.2.4.2.3.2
U8242,329,FUSE2,452300.7,452300.7,454125.1,1824.4,1824.4,1035.4,0.567529,1,p:1.3.2.1.2.1
U8243,329,FUSE2,452379.5,452379.5,454163.9,1784.4,1784.4,1035.4,0.580251,1,p:2.1.1.2.1.2
U8244,329,FUSE2,452421.5,452421.5,454241.1,1819.6,1819.6,1035.4,0.569026,1,p:1.2.5.1.3.1
U8245,329,FUSE2,452495.5,452495.5,454279.9,1784.4,1784.4,1035.4,0.580251,1,p:2.3.3.2.2.2
U8246,329,FUSE2,452537.5,452537.5,454378.7,1841.2,1841.2,1035.4,0.562351,1,p:1.1.4.1.1.1
U8247,329,FUSE2,452616.3,452616.3,454395.9,1779.6,1779.6,1035.4,0.581816,1,p:2.2.2.2.3.2
U8248,329,FUSE2,452653.5,452653.5,454494.7,1841.2,1841.2,1035.4,0.562351,1,p:1.3.1.1.2.1
U8249,329,FUSE2,452732.3,452732.3,454649.5,1917.2,1917.2,1035.4,0.540058,1,p:2.1.5.2.2.2
U2030,82,FUSE0,452774.3,452774.3,454533.5,1759.2,1759.2,941.0,0.534902,1,p:1.2.3.2.1.2
U2031,82,FUSE0,452848.3,452848.3,454610.7,1762.4,1762.4,941.0,0.533931,1,p:2.3.4.1.3.1
U2032,82,FUSE0,452890.3,452890.3,454731.5,1841.2,1841.2,941.0,0.51108,1,p:1.1.2.1.1.1
U2033,82,FUSE0,452969.1,452969.1,454765.5,1796.4,1796.4,941.0,0.523825,1,p:2.2.1.2.3.2
U2034,82,FUSE0,453006.3,453006.3,454847.5,1841.2,1841.2,941.0,0.51108,1,p:1.3.3.1.2.1
U2035,82,FUSE0,453085.1,453085.1,454886.3,1801.2,1801.2,941.0,0.522429,1,p:2.1.4.2.1.2
U2036,82,FUSE0,453127.1,453127.1,454963.5,1836.4,1836.4,941.0,0.512416,1,p:1.2.5.1.3.1
U2037,82,FUSE0,453201.1,453201.1,455002.3,1801.2,1801.2,941.0,0.522429,1,p:2.3.2.2.2.2
U2038,82,FUSE0,453243.1,453243.1,455084.3,1841.2,1841.2,941.0,0.51108,1,p:1.1.1.1.1.1
U2039,82,FUSE1,453334.8,453334.8,455118.3,1783.5,1783.5,1003.0,0.562377,1,p:2.2.3.2.3.2
U2040,82,FUSE1,453359.1,453359.1,455200.3,1841.2,1841.2,1003.0,0.544753,1,p:1.3.4.1.2.1
U2041,82,FUSE1,453450.8,453450.8,455239.1,1788.3,1788.3,1003.0,0.560868,1,p:2.1.5.2.1.2
U2042,82,FUSE1,453489.6,453489.6,455316.3,1826.7,1826.7,1003.0,0.549078,1,p:1.2.2.1.3.1
U2043,82,FUSE1,453566.8,453566.8,455355.1,1788.3,1788.3,1003.0,0.560868,1,p:2.3.1.2.2.2
U2044,82,FUSE1,453605.6,453605.6,455437.1,1831.5,1831.5,1003.0,0.547639,1,p:1.1.3.1.1.1
U2045,82,FUSE1,453687.6,453687.6,455471.1,1783.5,1783.5,1003.0,0.562377,1,p:2.2.4.2.3.2
U2046,82,FUSE1,453721.6,453721.6,455553.1,1831.5,1831.5,1003.0,0.547639,1,p:1.3.5.1.2.1
U2047,82,FUSE1,453803.6,453803.6,455591.9,1788.3,1788.3,1003.0,0.560868,1,p:2.1.2.2.1.2
U2048,82,FUSE2,453842.4,453842.4,455669.1,1826.7,1826.7,1035.4,0.566814,1,p:1.2.1.1.3.1
U2049,82,FUSE2,453919.6,453919.6,455707.9,1788.3,1788.3,1035.4,0.578986,1,p:2.3.3.2.2.2
U2050,82,FUSE2,453958.4,453958.4,455789.9,1831.5,1831.5,1035.4,0.565329,1,p:1.1.4.1.1.1
U2051,82,FUSE2,454040.4,454040.4,455823.9,1783.5,1783.5,1035.4,0.580544,1,p:2.2.5.2.3.2
U2052,82,FUSE2,454074.4,454074.4,455905.9,1831.5,1831.5,1035.4,0.565329,1,p:1.3.2.1.2.1
U2053,82,FUSE2,454156.4,454156.4,455944.7,1788.3,1788.3,1035.4,0.578986,1,p:2.1.1.2.1.2
U2054,82,FUSE2,454195.2,454195.2,456021.9,1826.7,1826.7,1035.4,0.566814,1,p:1.2.3.1.3.1
U2055,82,FUSE2,454272.4,454272.4,456060.7,1788.3,1788.3,1035.4,0.578986,1,p:2.3.4.2.2.2
U2056,82,FUSE2,454311.2,454311.2,456176.7,1865.5,1865.5,1035.4,0.555025,1,p:1.1.5.2.3.2
U818,33,FUSE0,454410.0,454410.0,456142.7,1732.7,1732.7,941.0,0.543083,1,p:2.2.2.1.1.1
U819,33,FUSE0,454427.2,454427.2,456258.7,1831.5,1831.5,941.0,0.513787,1,p:1.3.1.1.2.1
U820,33,FUSE0,454526.0,454526.0,456297.5,1771.5,1771.5,941.0,0.531188,1,p:2.1.3.2.1.2
U821,33,FUSE0,454564.8,454564.8,456374.7,1809.9,1809.9,941.0,0.519918,1,p:1.2.4.1.3.1
U822,33,FUSE0,454642.0,454642.0,456413.5,1771.5,1771.5,941.0,0.531188,1,p:2.3.2.2.2.2
U823,33,FUSE0,454680.8,454680.8,456495.5,1814.7,1814.7,941.0,0.518543,1,p:1.1.5.1.1.1
U824,33,FUSE0,454762.8,454762.8,456529.5,1766.7,1766.7,941.0,0.532631,1,p:2.2.1.2.3.2
U825,33,FUSE1,454796.8,454796.8,456611.5,1814.7,1814.7,1003.0,0.552708,1,p:1.3.3.1.2.1
U826,33,FUSE1,454878.8,454878.8,456650.3,1771.5,1771.5,1003.0,0.566187,1,p:2.1.4.2.1.2
U827,33,FUSE1,454917.6,454917.6,456727.5,1809.9,1809.9,1003.0,0.554174,1,p:1.2.2.1.3.1
U828,33,FUSE1,454994.8,454994.8,456766.3,1771.5,1771.5,1003.0,0.566187,1,p:2.3.5.2.2.2
U829,33,FUSE1,455033.6,455033.6,456848.3,1814.7,1814.7,1003.0,0.552708,1,p:1.1.1.1.1.1
U830,33,FUSE1,455115.6,455115.6,456882.3,1766.7,1766.7,1003.0,0.567725,1,p:2.2.3.2.3.2
U831,33,FUSE1,455149.6,455149.6,456964.3,1814.7,1814.7,1003.0,0.552708,1,p:1.3.4.1.2.1
U832,33,FUSE2,455231.6,455231.6,457003.1,1771.5,1771.5,1035.4,0.584476,1,p:2.1.2.2.1.2
U833,33,FUSE2,455270.4,455270.4,457080.3,1809.9,1809.9,1035.4,0.572076,1,p:1.2.5.1.3.1
U834,33,FUSE2,455347.6,455347.6,457119.1,1771.5,1771.5,1035.4,0.584476,1,p:2.3.1.2.2.2
U835,33,FUSE2,455386.4,455386.4,457217.8,1831.4,1831.4,1035.4,0.56536,1,p:1.1.3.1.1.1
U836,33,FUSE2,455468.4,455468.4,457235.1,1766.7,1766.7,1035.4,0.586064,1,p:2.2.4.2.3.2
U837,33,FUSE2,455502.4,455502.4,457333.8,1831.4,1831.4,1035.4,0.56536,1,p:1.3.2.1.2.1
U838,33,FUSE2,455584.4,455584.4,457449.8,1865.4,1865.4,1035.4,0.555055,1,p:2.1.5.1.3.1
U7854,314,FUSE0,455623.2,455623.2,457372.6,1749.4,1749.4,941.0,0.537899,1,p:1.2.1.2.1.2
U7855,314,FUSE0,455700.4,455700.4,457488.6,1788.2,1788.2,941.0,0.526227,1,p:2.3.3.2.2.2
U7856,314,FUSE0,455739.2,455739.2,457570.6,1831.4,1831.4,941.0,0.513815,1,p:1.1.4.1.1.1
U7857,314,FUSE0,455821.2,455821.2,457604.6,1783.4,1783.4,941.0,0.527644,1,p:2.2.2.2.3.2
U7858,314,FUSE0,455855.2,455855.2,457686.6,1831.4,1831.4,941.0,0.513815,1,p:1.3.1.1.2.1
U7859,314,FUSE0,455937.2,455937.2,457725.4,1788.2,1788.2,941.0,0.526227,1,p:2.1.5.2.1.2
U7860,314,FUSE1,455976.0,455976.0,457802.6,1826.6,1826.6,1003.0,0.549108,1,p:1.2.3.1.3.1
U7861,314,FUSE1,456053.2,456053.2,457841.4,1788.2,1788.2,1003.0,0.560899,1,p:2.3.4.2.2.2
U7862,314,FUSE1,456092.0,456092.0,457923.4,1831.4,1831.4,1003.0,0.547668,1,p:1.1.2.1.1.1
U7863,314,FUSE1,456174.0,456174.0,457957.4,1783.4,1783.4,1003.0,0.562409,1,p:2.2.1.2.3.2
U7864,314,FUSE1,456208.0,456208.0,458039.4,1831.4,1831.4,1003.0,0.547668,1,p:1.3.5.1.2.1
U7865,314,FUSE1,456290.0,456290.0,458078.2,1788.2,1788.2,1003.0,0.560899,1,p:2.1.3.2.1.2
U7866,314,FUSE2,456328.8,456328.8,458155.4,1826.6,1826.6,1035.4,0.566846,1,p:1.2.4.1.3.1
U7867,314,FUSE2,456406.0,456406.0,458194.2,1788.2,1788.2,1035.4,0.579018,1,p:2.3.2.2.2.2
U7868,314,FUSE2,456444.8,456444.8,458276.2,1831.4,1831.4,1035.4,0.56536,1,p:1.1.1.1.1.1
U7869,314,FUSE2,456526.8,456526.8,458310.2,1783.4,1783.4,1035.4,0.580576,1,p:2.2.5.2.3.2
U7870,314,FUSE2,456560.8,456560.8,458392.2,1831.4,1831.4,1035.4,0.56536,1,p:1.3.3.1.2.1
U7871,314,FUSE2,456642.8,456642.8,458528.2,1885.4,1885.4,1035.4,0.549167,1,p:2.1.4.1.1.1
U7872,314,FUSE2,456681.6,456681.6,458543.5,1861.9,1861.9,1035.4,0.556099,1,p:1.2.2.2.2.2
U7873,314,FUSE2,456758.8,456758.8,458644.2,1885.4,1885.4,1035.4,0.549167,1,p:2.3.1.1.3.1
U4314,173,FUSE0,456797.6,456797.6,458426.2,1628.6,1628.6,941.0,0.577797,1,p:1.1.5.2.3.2
U4315,173,FUSE0,456879.6,456879.6,458701.1,1821.5,1821.5,941.0,0.516607,1,p:2.2.3.2.1.2
U4316,173,FUSE0,456913.6,456913.6,458760.2,1846.6,1846.6,941.0,0.509585,1,p:1.3.5.1.2.1
U4317,173,FUSE0,456995.6,456995.6,458817.1,1821.5,1821.5,941.0,0.516607,1,p:2.1.4.2.3.2
U4318,173,FUSE0,457034.4,457034.4,458895.9,1861.5,1861.5,941.0,0.505506,1,p:1.2.2.1.1.1
U4319,173,FUSE0,457111.6,457111.6,458933.1,1821.5,1821.5,941.0,0.516607,1,p:2.3.1.2.2.2
U4320,173,FUSE0,457150.4,457150.4,459011.9,1861.5,1861.5,941.0,0.505506,1,p:1.1.3.1.3.1
U4321,173,FUSE0,457249.1,457249.1,459053.9,1804.8,1804.8,941.0,0.521387,1,p:2.2.5.2.1.2
U4322,173,FUSE0,457266.4,457266.4,459127.9,1861.5,1861.5,941.0,0.505506,1,p:1.3.4.1.2.1
U4323,173,FUSE1,457365.1,457365.1,459169.9,1804.8,1804.8,1003.0,0.55574,1,p:2.1.2.2.3.2
U4324,173,FUSE1,457403.9,457403.9,459248.7,1844.8,1844.8,1003.0,0.54369,1,p:1.2.1.1.1.1
U4325,173,FUSE1,457481.1,457481.1,459285.9,1804.8,1804.8,1003.0,0.55574,1,p:2.3.3.2.2.2
U4326,173,FUSE1,457519.9,457519.9,459364.7,1844.8,1844.8,1003.0,0.54369,1,p:1.1.5.1.3.1
U4327,173,FUSE1,457601.9,457601.9,459406.7,1804.8,1804.8,1003.0,0.55574,1,p:2.2.4.2.1.2
U4328,173,FUSE1,457635.9,457635.9,459480.7,1844.8,1844.8,1003.0,0.54369,1,p:1.3.2.1.2.1
U4329,173,FUSE1,457717.9,457717.9,459522.7,1804.8,1804.8,1003.0,0.55574,1,p:2.1.1.2.3.2
U4330,173,FUSE1,457756.7,457756.7,459601.5,1844.8,1844.8,1003.0,0.54369,1,p:1.2.3.1.1.1
U4331,173,FUSE1,457833.9,457833.9,459638.7,1804.8,1804.8,1003.0,0.55574,1,p:2.3.5.2.2.2
U4332,173,FUSE2,457872.7,457872.7,459717.5,1844.8,1844.8,1035.4,0.561253,1,p:1.1.4.1.3.1
U4333,173,FUSE2,457954.7,457954.7,459759.5,1804.8,1804.8,1035.4,0.573692,1,p:2.2.2.2.1.2
U4334,173,FUSE2,457988.7,457988.7,459833.5,1844.8,1844.8,1035.4,0.561253,1,p:1.3.1.1.2.1
U4335,173,FUSE2,458070.7,458070.7,459875.5,1804.8,1804.8,1035.4,0.573692,1,p:2.1.3.2.3.2
U4336,173,FUSE2,458109.5,458109.5,459954.3,1844.8,1844.8,1035.4,0.561253,1,p:1.2.5.1.1.1
U4337,173,FUSE2,458186.7,458186.7,459991.5,1804.8,1804.8,1035.4,0.573692,1,p:2.3.4.2.2.2
U4338,173,FUSE2,458225.5,458225.5,460070.3,1844.8,1844.8,1035.4,0.561253,1,p:1.1.2.1.3.1
U4339,173,FUSE2,458307.5,458307.5,460112.3,1804.8,1804.8,1035.4,0.573692,1,p:2.2.1.2.1.2
U6234,249,FUSE0,458341.5,458341.5,460186.3,1844.8,1844.8,941.0,0.510082,1,p:1.3.3.1.2.1
U6235,249,FUSE0,458423.5,458423.5,460228.3,1804.8,1804.8,941.0,0.521387,1,p:2.1.5.2.3.2
U6236,249,FUSE0,458457.5,458457.5,460307.1,1849.6,1849.6,941.0,0.508759,1,p:1.2.4.1.1.1
U6237,249,FUSE0,458559.5,458559.5,460344.3,1784.8,1784.8,941.0,0.52723,1,p:2.3.2.2.2.2
U6238,249,FUSE0,458574.8,458574.8,460423.1,1848.3,1848.3,941.0,0.509116,1,p:1.1.1.1.3.1
U6239,249,FUSE0,458675.5,458675.5,460465.1,1789.6,1789.6,941.0,0.525816,1,p:2.2.3.2.1.2
U6240,249,FUSE0,458732.4,458732.4,460539.1,1806.7,1806.7,941.0,0.520839,1,p:1.3.5.1.2.1
U6241,249,FUSE0,458791.5,458791.5,460581.1,1789.6,1789.6,941.0,0.525816,1,p:2.1.4.2.3.2
U6242,249,FUSE1,458848.4,458848.4,460659.9,1811.5,1811.5,1003.0,0.553685,1,p:1.2.2.1.1.1
U6243,249,FUSE1,458927.2,458927.2,460697.1,1769.9,1769.9,1003.0,0.566699,1,p:2.3.1.2.2.2
U6244,249,FUSE1,458964.4,458964.4,460775.9,1811.5,1811.5,1003.0,0.553685,1,p:1.1.3.1.3.1
U6245,249,FUSE1,459043.2,459043.2,460817.9,1774.7,1774.7,1003.0,0.565166,1,p:2.2.5.2.1.2
U6246,249,FUSE1,459085.2,459085.2,460891.9,1806.7,1806.7,1003.0,0.555156,1,p:1.3.4.1.2.1
U6247,249,FUSE1,459159.2,459159.2,460933.9,1774.7,1774.7,1003.0,0.565166,1,p:2.1.2.2.3.2
U6248,249,FUSE1,459201.2,459201.2,461012.7,1811.5,1811.5,1003.0,0.553685,1,p:1.2.1.1.1.1
U6249,249,FUSE1,459280.0,459280.0,461049.9,1769.9,1769.9,1003.0,0.566699,1,p:2.3.3.2.2.2
U6250,249,FUSE2,459317.2,459317.2,461128.7,1811.5,1811.5,1035.4,0.571571,1,p:1.1.5.1.3.1
U6251,249,FUSE2,459396.0,459396.0,461170.7,1774.7,1774.7,1035.4,0.583423,1,p:2.2.4.2.1.2
U6252,249,FUSE2,459438.0,459438.0,461244.7,1806.7,1806.7,1035.4,0.573089,1,p:1.3.2.1.2.1
U6253,249,FUSE2,459512.0,459512.0,461286.7,1774.7,1774.7,1035.4,0.583423,1,p:2.1.1.2.3.2
U6254,249,FUSE2,459554.0,459554.0,461365.5,1811.5,1811.5,1035.4,0.571571,1,p:1.2.3.1.1.1
U6255,249,FUSE2,459632.8,459632.8,461402.7,1769.9,1769.9,1035.4,0.585005,1,p:2.3.5.2.2.2
U6256,249,FUSE2,459670.0,459670.0,461481.5,1811.5,1811.5,1035.4,0.571571,1,p:1.1.4.1.3.1
U3931,158,FUSE0,459748.8,459748.8,461523.5,1774.7,1774.7,941.0,0.53023,1,p:2.2.2.2.1.2
U3932,158,FUSE0,459790.8,459790.8,461597.5,1806.7,1806.7,941.0,0.520839,1,p:1.3.1.1.2.1
U3933,158,FUSE0,459864.8,459864.8,461639.5,1774.7,1774.7,941.0,0.53023,1,p:2.1.3.2.3.2
U3934,158,FUSE0,459906.8,459906.8,461718.3,1811.5,1811.5,941.0,0.519459,1,p:1.2.5.1.1.1
U3935,158,FUSE0,459985.6,459985.6,461755.5,1769.9,1769.9,941.0,0.531668,1,p:2.3.4.2.2.2
U3936,158,FUSE0,460022.8,460022.8,461834.3,1811.5,1811.5,941.0,0.519459,1,p:1.1.2.1.3.1
U3937,158,FUSE0,460101.6,460101.6,461876.3,1774.7,1774.7,941.0,0.53023,1,p:2.2.1.2.1.2
U3938,158,FUSE0,460143.6,460143.6,461950.3,1806.7,1806.7,941.0,0.520839,1,p:1.3.3.1.2.1
U3939,158,FUSE0,460217.6,460217.6,461992.3,1774.7,1774.7,941.0,0.53023,1,p:2.1.5.2.3.2
U3940,158,FUSE0,460259.6,460259.6,462071.1,1811.5,1811.5,941.0,0.519459,1,p:1.2.4.1.1.1
U3941,158,FUSE1,460338.4,460338.4,462108.3,1769.9,1769.9,1003.0,0.566699,1,p:2.3.2.2.2.2
U3942,158,FUSE1,460375.6,460375.6,462187.1,1811.5,1811.5,1003.0,0.553685,1,p:1.1.1.1.3.1
U3943,158,FUSE1,460454.4,460454.4,462229.1,1774.7,1774.7,1003.0,0.565166,1,p:2.2.3.2.1.2
U3944,158,FUSE1,460496.4,460496.4,462303.1,1806.7,1806.7,1003.0,0.555156,1,p:1.3.5.1.2.1
U3945,158,FUSE1,460570.4,460570.4,462345.1,1774.7,1774.7,1003.0,0.565166,1,p:2.1.4.2.3.2
U3946,158,FUSE1,460612.4,460612.4,462423.9,1811.5,1811.5,1003.0,0.553685,1,p:1.2.2.1.1.1
U3947,158,FUSE1,460691.2,460691.2,462461.1,1769.9,1769.9,1003.0,0.566699,1,p:2.3.1.2.2.2
U3948,158,FUSE1,460728.4,460728.4,462539.9,1811.5,1811.5,1003.0,0.553685,1,p:1.1.3.1.3.1
U3949,158,FUSE1,460807.2,460807.2,462581.9,1774.7,1774.7,1003.0,0.565166,1,p:2.2.5.2.1.2
U3950,158,FUSE1,460849.2,460849.2,462655.9,1806.7,1806.7,1003.0,0.555156,1,p:1.3.4.1.2.1
U3951,158,FUSE2,460923.2,460923.2,462697.9,1774.7,1774.7,1035.4,0.583423,1,p:2.1.2.2.3.2
U3952,158,FUSE2,460965.2,460965.2,462776.7,1811.5,1811.5,1035.4,0.571571,1,p:1.2.1.1.1.1
U3953,158,FUSE2,461044.0,461044.0,462813.9,1769.9,1769.9,1035.4,0.585005,1,p:2.3.3.2.2.2
U3954,158,FUSE2,461081.2,461081.2,462892.7,1811.5,1811.5,1035.4,0.571571,1,p:1.1.5.1.3.1
U3955,158,FUSE2,461160.0,461160.0,462934.7,1774.7,1774.7,1035.4,0.583423,1,p:2.2.4.2.1.2
U3956,158,FUSE2,461202.0,461202.0,463008.7,1806.7,1806.7,1035.4,0.573089,1,p:1.3.2.1.2.1
U3957,158,FUSE2,461276.0,461276.0,463050.7,1774.7,1774.7,1035.4,0.583423,1,p:2.1.1.2.3.2
U3958,158,FUSE2,461318.0,461318.0,463129.5,1811.5,1811.5,1035.4,0.571571,1,p:1.2.3.1.1.1
U3959,158,FUSE2,461396.8,461396.8,463166.7,1769.9,1769.9,1035.4,0.585005,1,p:2.3.5.2.2.2
U3960,158,FUSE2,461434.0,461434.0,463245.5,1811.5,1811.5,1035.4,0.571571,1,p:1.1.4.1.3.1
U6552,262,FUSE0,461512.8,461512.8,463287.5,1774.7,1774.7,941.0,0.53023,1,p:2.2.2.2.1.2
U6553,262,FUSE0,461554.8,461554.8,463361.5,1806.7,1806.7,941.0,0.520839,1,p:1.3.1.1.2.1
U6554,262,FUSE0,461628.8,461628.8,463403.5,1774.7,1774.7,941.0,0.53023,1,p:2.1.3.2.3.2
U6555,262,FUSE0,461670.8,461670.8,463482.3,1811.5,1811.5,941.0,0.519459,1,p:1.2.5.1.1.1
U6556,262,FUSE0,461749.6,461749.6,463519.5,1769.9,1769.9,941.0,0.531668,1,p:2.3.4.2.2.2
U6557,262,FUSE0,461786.8,461786.8,463598.3,1811.5,1811.5,941.0,0.519459,1,p:1.1.2.1.3.1
U6558,262,FUSE0,461865.6,461865.6,463640.3,1774.7,1774.7,941.0,0.53023,1,p:2.2.1.2.1.2
U6559,262,FUSE0,461907.6,461907.6,463714.3,1806.7,1806.7,941.0,0.520839,1,p:1.3.3.1.2.1
U6560,262,FUSE0,461981.6,461981.6,463756.3,1774.7,1774.7,941.0,0.53023,1,p:2.1.5.2.3.2
U6561,262,FUSE1,462023.6,462023.6,463835.1,1811.5,1811.5,1003.0,0.553685,1,p:1.2.4.1.1.1
U6562,262,FUSE1,462102.4,462102.4,463872.3,1769.9,1769.9,1003.0,0.566699,1,p:2.3.2.2.2.2
U6563,262,FUSE1,462139.6,462139.6,463951.1,1811.5,1811.5,1003.0,0.553685,1,p:1.1.1.1.3.1
U6564,262,FUSE1,462218.4,462218.4,463993.1,1774.7,1774.7,1003.0,0.565166,1,p:2.2.3.2.1.2
U6565,262,FUSE1,462260.4,462260.4,464067.1,1806.7,1806.7,1003.0,0.555156,1,p:1.3.5.1.2.1
U6566,262,FUSE1,462334.4,462334.4,464109.1,1774.7,1774.7,1003.0,0.565166,1,p:2.1.4.2.3.2
U6567,262,FUSE1,462376.4,462376.4,464187.9,1811.5,1811.5,1003.0,0.553685,1,p:1.2.2.1.1.1
U6568,262,FUSE1,462455.2,462455.2,464225.1,1769.9,1769.9,1003.0,0.566699,1,p:2.3.1.2.2.2
U6569,262,FUSE1,462492.4,462492.4,464303.9,1811.5,1811.5,1003.0,0.553685,1,p:1.1.3.1.3.1
U6570,262,FUSE2,462571.2,462571.2,464345.9,1774.7,1774.7,1035.4,0.583423,1,p:2.2.5.2.1.2
U6571,262,FUSE2,462613.2,462613.2,464419.9,1806.7,1806.7,1035.4,0.573089,1,p:1.3.4.1.2.1
U6572,262,FUSE2,462687.2,462687.2,464461.9,1774.7,1774.7,1035.4,0.583423,1,p:2.1.2.2.3.2
U6573,262,FUSE2,462729.2,462729.2,464540.7,1811.5,1811.5,1035.4,0.571571,1,p:1.2.1.1.1.1
U6574,262,FUSE2,462808.0,462808.0,464577.9,1769.9,1769.9,1035.4,0.585005,1,p:2.3.3.2.2.2
U6575,262,FUSE2,462845.2,462845.2,464656.7,1811.5,1811.5,1035.4,0.571571,1,p:1.1.5.1.3.1
U6576,262,FUSE2,462924.0,462924.0,464698.7,1774.7,1774.7,1035.4,0.583423,1,p:2.2.4.2.1.2
U6577,262,FUSE2,462966.0,462966.0,464814.7,1848.7,1848.7,1035.4,0.560069,1,p:1.3.2.2.3.2
U6578,262,FUSE2,463040.0,463040.0,464893.5,1853.5,1853.5,1035.4,0.558619,1,p:2.1.1.1.1.1
U6825,273,FUSE0,463082.0,463082.0,464772.7,1690.7,1690.7,941.0,0.556574,1,p:1.2.3.1.2.1
U6826,273,FUSE0,463160.8,463160.8,464930.7,1769.9,1769.9,941.0,0.531668,1,p:2.3.5.2.2.2
U6827,273,FUSE0,463198.0,463198.0,465009.5,1811.5,1811.5,941.0,0.519459,1,p:1.1.4.1.3.1
U6828,273,FUSE0,463276.8,463276.8,465051.5,1774.7,1774.7,941.0,0.53023,1,p:2.2.3.2.1.2
U6829,273,FUSE0,463318.8,463318.8,465125.5,1806.7,1806.7,941.0,0.520839,1,p:1.3.2.1.2.1
U6830,273,FUSE0,463392.8,463392.8,465167.5,1774.7,1774.7,941.0,0.53023,1,p:2.1.1.2.3.2
U6831,273,FUSE0,463434.8,463434.8,465246.3,1811.5,1811.5,941.0,0.519459,1,p:1.2.5.1.1.1
U6832,273,FUSE0,463513.6,463513.6,465283.5,1769.9,1769.9,941.0,0.531668,1,p:2.3.4.2.2.2
U6833,273,FUSE1,463550.8,463550.8,465362.3,1811.5,1811.5,1003.0,0.553685,1,p:1.1.3.1.3.1
U6834,273,FUSE1,463629.6,463629.6,465404.3,1774.7,1774.7,1003.0,0.565166,1,p:2.2.2.2.1.2
U6835,273,FUSE1,463671.6,463671.6,465478.3,1806.7,1806.7,1003.0,0.555156,1,p:1.3.1.1.2.1
U6836,273,FUSE1,463745.6,463745.6,465520.3,1774.7,1774.7,1003.0,0.565166,1,p:2.1.5.2.3.2
U6837,273,FUSE1,463787.6,463787.6,465599.1,1811.5,1811.5,1003.0,0.553685,1,p:1.2.4.1.1.1
U6838,273,FUSE1,463866.4,463866.4,465636.3,1769.9,1769.9,1003.0,0.566699,1,p:2.3.3.2.2.2
U6839,273,FUSE1,463903.6,463903.6,465715.1,1811.5,1811.5,1003.0,0.553685,1,p:1.1.2.1.3.1
U6840,273,FUSE1,463982.4,463982.4,465757.1,1774.7,1774.7,1003.0,0.565166,1,p:2.2.1.2.1.2
U6841,273,FUSE2,464024.4,464024.4,465831.1,1806.7,1806.7,1035.4,0.573089,1,p:1.3.5.1.2.1
U6842,273,FUSE2,464098.4,464098.4,465873.1,1774.7,1774.7,1035.4,0.583423,1,p:2.1.4.2.3.2
U6843,273,FUSE2,464140.4,464140.4,465951.9,1811.5,1811.5,1035.4,0.571571,1,p:1.2.3.1.1.1
U6844,273,FUSE2,464219.2,464219.2,465989.1,1769.9,1769.9,1035.4,0.585005,1,p:2.3.2.2.2.2
U6845,273,FUSE2,464256.4,464256.4,466067.9,1811.5,1811.5,1035.4,0.571571,1,p:1.1.1.1.3.1
U6846,273,FUSE2,464335.2,464335.2,466109.9,1774.7,1774.7,1035.4,0.583423,1,p:2.2.5.2.1.2
U6847,273,FUSE2,464377.2,464377.2,466183.9,1806.7,1806.7,1035.4,0.573089,1,p:1.3.4.1.2.1
U1340,54,FUSE0,464451.2,464451.2,466225.9,1774.7,1774.7,941.0,0.53023,1,p:2.1.3.2.3.2
U1341,54,FUSE0,464493.2,464493.2,466304.7,1811.5,1811.5,941.0,0.519459,1,p:1.2.2.1.1.1
U1342,54,FUSE0,464572.0,464572.0,466341.9,1769.9,1769.9,941.0,0.531668,1,p:2.3.1.2.2.2
U1343,54,FUSE0,464609.2,464609.2,466420.7,1811.5,1811.5,941.0,0.519459,1,p:1.1.5.1.3.1
U1344,54,FUSE0,464688.0,464688.0,466462.7,1774.7,1774.7,941.0,0.53023,1,p:2.2.4.2.1.2
U1345,54,FUSE0,464730.0,464730.0,466536.7,1806.7,1806.7,941.0,0.520839,1,p:1.3.3.1.2.1
U1346,54,FUSE0,464804.0,464804.0,466578.7,1774.7,1774.7,941.0,0.53023,1,p:2.1.2.2.3.2
U1347,54,FUSE0,464846.0,464846.0,466657.5,1811.5,1811.5,941.0,0.519459,1,p:1.2.1.1.1.1
U1348,54,FUSE0,464924.8,464924.8,466694.7,1769.9,1769.9,941.0,0.531668,1,p:2.3.5.2.2.2
U1349,54,FUSE1,464962.0,464962.0,466773.5,1811.5,1811.5,1003.0,0.553685,1,p:1.1.4.1.3.1
U1350,54,FUSE1,465040.8,465040.8,466815.5,1774.7,1774.7,1003.0,0.565166,1,p:2.2.3.2.1.2
U1351,54,FUSE1,465082.8,465082.8,466889.5,1806.7,1806.7,1003.0,0.555156,1,p:1.3.2.1.2.1
U1352,54,FUSE1,465156.8,465156.8,466931.5,1774.7,1774.7,1003.0,0.565166,1,p:2.1.1.2.3.2
U1353,54,FUSE1,465198.8,465198.8,467010.3,1811.5,1811.5,1003.0,0.553685,1,p:1.2.5.1.1.1
U1354,54,FUSE1,465277.6,465277.6,467047.5,1769.9,1769.9,1003.0,0.566699,1,p:2.3.4.2.2.2
U1355,54,FUSE1,465314.8,465314.8,467126.3,1811.5,1811.5,1003.0,0.553685,1,p:1.1.3.1.3.1
U1356,54,FUSE1,465393.6,465393.6,467168.3,1774.7,1774.7,1003.0,0.565166,1,p:2.2.2.2.1.2
U1357,54,FUSE1,465435.6,465435.6,467242.3,1806.7,1806.7,1003.0,0.555156,1,p:1.3.1.1.2.1
U1358,54,FUSE2,465509.6,465509.6,467284.3,1774.7,1774.7,1035.4,0.583423,1,p:2.1.5.2.3.2
U1359,54,FUSE2,465551.6,465551.6,467371.4,1819.8,1819.8,1035.4,0.568964,1,p:1.2.4.1.1.1
U1360,54,FUSE2,465630.4,465630.4,467400.3,1769.9,1769.9,1035.4,0.585005,1,p:2.3.3.2.2.2
U1361,54,FUSE2,465667.6,465667.6,467487.4,1819.8,1819.8,1035.4,0.568964,1,p:1.1.2.1.3.1
U1362,54,FUSE2,465746.4,465746.4,467526.2,1779.8,1779.8,1035.4,0.581751,1,p:2.2.1.2.1.2
U1363,54,FUSE2,465788.4,465788.4,467603.4,1815.0,1815.0,1035.4,0.570468,1,p:1.3.5.1.2.1
U1364,54,FUSE2,465862.4,465862.4,467758.2,1895.8,1895.8,1035.4,0.546155,1,p:2.1.4.2.2.2
U1365,54,FUSE2,465904.4,465904.4,467840.2,1935.8,1935.8,1035.4,0.534869,1,p:1.2.3.1.3.1
U2455,99,FUSE0,465983.2,465983.2,467642.2,1659.0,1659.0,941.0,0.567209,1,p:2.3.2.2.3.2
U2456,99,FUSE0,466020.4,466020.4,467724.2,1703.8,1703.8,941.0,0.552295,1,p:1.1.1.1.1.1
U2457,99,FUSE0,466099.2,466099.2,467879.0,1779.8,1779.8,941.0,0.528711,1,p:2.2.5.2.1.2
U2458,99,FUSE0,466141.2,466141.2,467956.2,1815.0,1815.0,941.0,0.518457,1,p:1.3.2.1.2.1
U2459,99,FUSE0,466215.2,466215.2,467995.0,1779.8,1779.8,941.0,0.528711,1,p:2.1.1.2.3.2
U2460,99,FUSE0,466257.2,466257.2,468077.0,1819.8,1819.8,941.0,0.51709,1,p:1.2.4.1.1.1
U2461,99,FUSE0,466336.0,466336.0,468111.0,1775.0,1775.0,941.0,0.530141,1,p:2.3.3.2.2.2
U2462,99,FUSE0,466373.2,466373.2,468193.0,1819.8,1819.8,941.0,0.51709,1,p:1.1.5.1.3.1
U2463,99,FUSE1,466452.0,466452.0,468231.8,1779.8,1779.8,1003.0,0.563546,1,p:2.2.2.2.1.2
U2464,99,FUSE1,466494.0,466494.0,468309.0,1815.0,1815.0,1003.0,0.552617,1,p:1.3.1.1.2.1
U2465,99,FUSE1,466568.0,466568.0,468347.8,1779.8,1779.8,1003.0,0.563546,1,p:2.1.4.2.3.2
U2466,99,FUSE1,466610.0,466610.0,468429.8,1819.8,1819.8,1003.0,0.551159,1,p:1.2.3.1.1.1
U2467,99,FUSE1,466688.8,466688.8,468463.8,1775.0,1775.0,1003.0,0.56507,1,p:2.3.5.2.2.2
U2468,99,FUSE1,466726.0,466726.0,468545.8,1819.8,1819.8,1003.0,0.551159,1,p:1.1.2.1.3.1
U2469,99,FUSE1,466804.8,466804.8,468584.6,1779.8,1779.8,1003.0,0.563546,1,p:2.2.1.2.1.2
U2470,99,FUSE1,466846.8,466846.8,468661.8,1815.0,1815.0,1003.0,0.552617,1,p:1.3.4.1.2.1
U2471,99,FUSE2,466920.8,466920.8,468700.6,1779.8,1779.8,1035.4,0.581751,1,p:2.1.3.2.3.2
U2472,99,FUSE2,466962.8,466962.8,468782.6,1819.8,1819.8,1035.4,0.568964,1,p:1.2.5.1.1.1
U2473,99,FUSE2,467041.6,467041.6,468816.6,1775.0,1775.0,1035.4,0.583324,1,p:2.3.2.2.2.2
U2474,99,FUSE2,467078.8,467078.8,468898.6,1819.8,1819.8,1035.4,0.568964,1,p:1.1.1.1.3.1
U2475,99,FUSE2,467157.6,467157.6,468937.4,1779.8,1779.8,1035.4,0.581751,1,p:2.2.4.2.1.2
U2476,99,FUSE2,467199.6,467199.6,469014.6,1815.0,1815.0,1035.4,0.570468,1,p:1.3.3.1.2.1
U2477,99,FUSE2,467273.6,467273.6,469053.4,1779.8,1779.8,1035.4,0.581751,1,p:2.1.5.2.3.2
U2478,99,FUSE2,467315.6,467315.6,469290.2,1974.6,1974.6,1035.4,0.524359,1,p:1.2.2.2.1.2
U2697,109,FUSE0,467402.7,467402.7,469135.4,1732.7,1732.7,941.0,0.543083,1,p:2.3.1.1.1.1
U2698,109,FUSE0,467431.6,467431.6,469169.4,1737.8,1737.8,941.0,0.541489,1,p:1.1.4.2.2.2
U2699,109,FUSE0,467518.7,467518.7,469251.4,1732.7,1732.7,941.0,0.543083,1,p:2.2.3.1.3.1
U2700,109,FUSE0,467557.5,467557.5,469367.4,1809.9,1809.9,941.0,0.519918,1,p:1.3.5.1.2.1
U2701,109,FUSE0,467634.7,467634.7,469406.2,1771.5,1771.5,941.0,0.531188,1,p:2.1.1.2.3.2
U2702,109,FUSE0,467673.5,467673.5,469488.2,1814.7,1814.7,941.0,0.518543,1,p:1.2.4.1.1.1
U2703,109,FUSE0,467755.5,467755.5,469522.2,1766.7,1766.7,941.0,0.532631,1,p:2.3.3.2.2.2
U2704,109,FUSE0,467789.5,467789.5,469604.2,1814.7,1814.7,941.0,0.518543,1,p:1.1.2.1.3.1
U2705,109,FUSE0,467871.5,467871.5,469643.0,1771.5,1771.5,941.0,0.531188,1,p:2.2.5.2.1.2
U2706,109,FUSE1,467910.3,467910.3,469720.2,1809.9,1809.9,1003.0,0.554174,1,p:1.3.1.1.2.1
U2707,109,FUSE1,467987.5,467987.5,469759.0,1771.5,1771.5,1003.0,0.566187,1,p:2.1.4.2.3.2
U2708,109,FUSE1,468026.3,468026.3,469841.0,1814.7,1814.7,1003.0,0.552708,1,p:1.2.3.1.1.1
U2709,109,FUSE1,468108.3,468108.3,469875.0,1766.7,1766.7,1003.0,0.567725,1,p:2.3.2.2.2.2
U2710,109,FUSE1,468142.3,468142.3,469957.0,1814.7,1814.7,1003.0,0.552708,1,p:1.1.5.1.3.1
U2711,109,FUSE1,468224.3,468224.3,469995.8,1771.5,1771.5,1003.0,0.566187,1,p:2.2.1.2.1.2
U2712,109,FUSE1,468263.1,468263.1,470073.0,1809.9,1809.9,1003.0,0.554174,1,p:1.3.4.1.2.1
U2713,109,FUSE1,468340.3,468340.3,470111.8,1771.5,1771.5,1003.0,0.566187,1,p:2.1.3.2.3.2
U2714,109,FUSE1,468379.1,468379.1,470193.8,1814.7,1814.7,1003.0,0.552708,1,p:1.2.2.1.1.1
U2715,109,FUSE2,468461.1,468461.1,470227.8,1766.7,1766.7,1035.4,0.586064,1,p:2.3.5.2.2.2
U2716,109,FUSE2,468495.1,468495.1,470309.8,1814.7,1814.7,1035.4,0.570563,1,p:1.1.1.1.3.1
U2717,109,FUSE2,468577.1,468577.1,470348.6,1771.5,1771.5,1035.4,0.584476,1,p:2.2.4.2.1.2
U2718,109,FUSE2,468615.9,468615.9,470425.8,1809.9,1809.9,1035.4,0.572076,1,p:1.3.3.1.2.1
U2719,109,FUSE2,468693.1,468693.1,470464.6,1771.5,1771.5,1035.4,0.584476,1,p:2.1.2.2.3.2
U2720,109,FUSE2,468731.9,468731.9,470546.6,1814.7,1814.7,1035.4,0.570563,1,p:1.2.5.1.1.1
U2721,109,FUSE2,468813.9,468813.9,470580.6,1766.7,1766.7,1035.4,0.586064,1,p:2.3.1.2.2.2
U2722,109,FUSE2,468847.9,468847.9,470778.6,1930.7,1930.7,1035.4,0.536282,1,p:1.1.4.1.2.1
U6454,258,FUSE0,468929.9,468929.9,470701.4,1771.5,1771.5,941.0,0.531188,1,p:2.2.3.2.1.2
U6455,258,FUSE0,468968.7,468968.7,470662.6,1693.9,1693.9,941.0,0.555523,1,p:1.3.2.1.3.1
U6456,258,FUSE0,469045.9,469045.9,470817.4,1771.5,1771.5,941.0,0.531188,1,p:2.1.5.2.3.2
U6457,258,FUSE0,469084.7,469084.7,471015.4,1930.7,1930.7,941.0,0.487388,1,p:1.2.3.1.3.1
U6458,258,FUSE0,469166.7,469166.7,470933.4,1766.7,1766.7,941.0,0.532631,1,p:2.3.2.2.2.2
U6459,258,FUSE0,469200.7,469200.7,470899.4,1698.7,1698.7,941.0,0.553953,1,p:1.1.1.1.1.1
U6460,258,FUSE0,469282.7,469282.7,471054.2,1771.5,1771.5,941.0,0.531188,1,p:2.2.4.2.1.2
U6461,258,FUSE0,469321.5,469321.5,471131.4,1809.9,1809.9,941.0,0.519918,1,p:1.3.5.1.2.1
U6462,258,FUSE1,469398.7,469398.7,471286.2,1887.5,1887.5,1003.0,0.531391,1,p:2.1.3.2.2.2
U6463,258,FUSE1,469437.5,469437.5,471252.2,1814.7,1814.7,1003.0,0.552708,1,p:1.2.2.1.1.1
U6464,258,FUSE1,469519.5,469519.5,471170.2,1650.7,1650.7,1003.0,0.607621,1,p:2.3.1.2.3.2
U6465,258,FUSE1,469553.5,469553.5,471368.2,1814.7,1814.7,1003.0,0.552708,1,p:1.1.4.1.3.1
U6466,258,FUSE1,469635.5,469635.5,471407.0,1771.5,1771.5,1003.0,0.566187,1,p:2.2.5.2.1.2
U6467,258,FUSE1,469674.3,469674.3,471605.0,1930.7,1930.7,1003.0,0.519501,1,p:1.3.3.1.1.1
U6468,258,FUSE1,469751.5,469751.5,471523.0,1771.5,1771.5,1003.0,0.566187,1,p:2.1.2.2.3.2
U6469,258,FUSE1,469790.3,469790.3,471484.2,1693.9,1693.9,1003.0,0.592125,1,p:1.2.1.1.2.1
U6470,258,FUSE2,469872.3,469872.3,471639.0,1766.7,1766.7,1035.4,0.586064,1,p:2.3.4.2.2.2
U6471,258,FUSE2,469906.3,469906.3,471721.0,1814.7,1814.7,1035.4,0.570563,1,p:1.1.5.1.3.1
U6472,258,FUSE2,469988.3,469988.3,471892.6,1904.3,1904.3,1035.4,0.543717,1,p:2.2.3.2.3.2
U6473,258,FUSE2,470027.1,470027.1,471837.0,1809.9,1809.9,1035.4,0.572076,1,p:1.3.2.1.2.1
U6474,258,FUSE2,470104.3,470104.3,471776.6,1672.3,1672.3,1035.4,0.619147,1,p:2.1.1.2.1.2
U6475,258,FUSE2,470143.1,470143.1,471971.4,1828.3,1828.3,1035.4,0.566318,1,p:1.2.4.1.1.1
U6476,258,FUSE2,470225.1,470225.1,472008.6,1783.5,1783.5,1035.4,0.580544,1,p:2.3.5.2.2.2
U6477,258,FUSE2,470259.1,470259.1,472245.4,1986.3,1986.3,1035.4,0.521271,1,p:1.1.3.2.3.2
U6257,250,FUSE0,470341.1,470341.1,472087.4,1746.3,1746.3,941.0,0.538854,1,p:2.2.2.1.3.1
U6258,250,FUSE0,470379.9,470379.9,472129.4,1749.5,1749.5,941.0,0.537868,1,p:1.3.1.2.1.2
U6259,250,FUSE0,470457.1,470457.1,472203.4,1746.3,1746.3,941.0,0.538854,1,p:2.1.4.1.2.1
U6260,250,FUSE0,470495.9,470495.9,472324.2,1828.3,1828.3,941.0,0.514686,1,p:1.2.5.1.1.1
U6261,250,FUSE0,470577.9,470577.9,472361.4,1783.5,1783.5,941.0,0.527614,1,p:2.3.2.2.2.2
U6262,250,FUSE0,470611.9,470611.9,472440.2,1828.3,1828.3,941.0,0.514686,1,p:1.1.1.1.3.1
U6263,250,FUSE0,470693.9,470693.9,472482.2,1788.3,1788.3,941.0,0.526198,1,p:2.2.4.2.1.2
U6264,250,FUSE0,470732.7,470732.7,472556.2,1823.5,1823.5,941.0,0.516041,1,p:1.3.3.1.2.1
U6265,250,FUSE1,470809.9,470809.9,472598.2,1788.3,1788.3,1003.0,0.560868,1,p:2.1.5.2.3.2
U6266,250,FUSE1,470848.7,470848.7,472677.0,1828.3,1828.3,1003.0,0.548597,1,p:1.2.2.1.1.1
U6267,250,FUSE1,470930.7,470930.7,472714.2,1783.5,1783.5,1003.0,0.562377,1,p:2.3.1.2.2.2
U6268,250,FUSE1,470964.7,470964.7,472793.0,1828.3,1828.3,1003.0,0.548597,1,p:1.1.4.1.3.1
U6269,250,FUSE1,471046.7,471046.7,472835.0,1788.3,1788.3,1003.0,0.560868,1,p:2.2.3.2.1.2
U6270,250,FUSE1,471085.5,471085.5,472909.0,1823.5,1823.5,1003.0,0.550041,1,p:1.3.5.1.2.1
U6271,250,FUSE1,471162.7,471162.7,472951.0,1788.3,1788.3,1003.0,0.560868,1,p:2.1.2.2.3.2
U6272,250,FUSE1,471201.5,471201.5,473029.8,1828.3,1828.3,1003.0,0.548597,1,p:1.2.1.1.1.1
U6273,250,FUSE2,471283.5,471283.5,473067.0,1783.5,1783.5,1035.4,0.580544,1,p:2.3.4.2.2.2
U6274,250,FUSE2,471317.5,471317.5,473145.8,1828.3,1828.3,1035.4,0.566318,1,p:1.1.3.1.3.1
U6275,250,FUSE2,471399.5,471399.5,473187.8,1788.3,1788.3,1035.4,0.578986,1,p:2.2.5.2.1.2
U6276,250,FUSE2,471438.3,471438.3,473261.8,1823.5,1823.5,1035.4,0.567809,1,p:1.3.2.1.2.1
U6277,250,FUSE2,471515.5,471515.5,473303.8,1788.3,1788.3,1035.4,0.578986,1,p:2.1.1.2.3.2
U6278,250,FUSE2,471554.3,471554.3,473382.6,1828.3,1828.3,1035.4,0.566318,1,p:1.2.4.1.1.1
U6279,250,FUSE2,471636.3,471636.3,473419.8,1783.5,1783.5,1035.4,0.580544,1,p:2.3.3.2.2.2
U6280,250,FUSE2,471670.3,471670.3,473498.6,1828.3,1828.3,1035.4,0.566318,1,p:1.1.5.1.3.1
U6281,250,FUSE2,471752.3,471752.3,473614.6,1862.3,1862.3,1035.4,0.555979,1,p:2.2.2.1.2.1
U2132,86,FUSE0,471807.9,471807.9,473540.6,1732.7,1732.7,941.0,0.543083,1,p:1.3.1.2.1.2
U2133,86,FUSE0,471868.3,471868.3,473656.6,1788.3,1788.3,941.0,0.526198,1,p:2.1.4.2.3.2
U2134,86,FUSE0,471923.9,471923.9,473744.3,1820.4,1820.4,941.0,0.516919,1,p:1.2.3.1.1.1
U2135,86,FUSE0,472002.7,472002.7,473772.6,1769.9,1769.9,941.0,0.531668,1,p:2.3.5.2.2.2
U2136,86,FUSE0,472039.9,472039.9,473860.3,1820.4,1820.4,941.0,0.516919,1,p:1.1.1.1.3.1
U2137,86,FUSE0,472118.7,472118.7,473899.1,1780.4,1780.4,941.0,0.528533,1,p:2.2.2.2.1.2
U2138,86,FUSE0,472160.7,472160.7,473976.3,1815.6,1815.6,941.0,0.518286,1,p:1.3.4.1.2.1
U2139,86,FUSE1,472234.7,472234.7,474015.1,1780.4,1780.4,1003.0,0.563357,1,p:2.1.3.2.3.2
U2140,86,FUSE1,472276.7,472276.7,474097.1,1820.4,1820.4,1003.0,0.550978,1,p:1.2.5.1.1.1
U2141,86,FUSE1,472355.5,472355.5,474131.1,1775.6,1775.6,1003.0,0.564879,1,p:2.3.1.2.2.2
U2142,86,FUSE1,472392.7,472392.7,474213.1,1820.4,1820.4,1003.0,0.550978,1,p:1.1.2.1.3.1
U2143,86,FUSE1,472471.5,472471.5,474251.9,1780.4,1780.4,1003.0,0.563357,1,p:2.2.4.2.1.2
U2144,86,FUSE1,472513.5,472513.5,474329.1,1815.6,1815.6,1003.0,0.552434,1,p:1.3.3.1.2.1
U2145,86,FUSE1,472587.5,472587.5,474367.9,1780.4,1780.4,1003.0,0.563357,1,p:2.1.5.2.3.2
U2146,86,FUSE2,472629.5,472629.5,474449.9,1820.4,1820.4,1035.4,0.568776,1,p:1.2.1.1.1.1
U2147,86,FUSE2,472708.3,472708.3,474483.9,1775.6,1775.6,1035.4,0.583127,1,p:2.3.2.2.2.2
U2148,86,FUSE2,472745.5,472745.5,474565.9,1820.4,1820.4,1035.4,0.568776,1,p:1.1.4.1.3.1
U2149,86,FUSE2,472824.3,472824.3,474604.7,1780.4,1780.4,1035.4,0.581555,1,p:2.2.3.2.1.2
U2150,86,FUSE2,472866.3,472866.3,474681.9,1815.6,1815.6,1035.4,0.57028,1,p:1.3.5.1.2.1
U2151,86,FUSE2,472940.3,472940.3,474720.7,1780.4,1780.4,1035.4,0.581555,1,p:2.1.1.2.3.2
U2152,86,FUSE2,472982.3,472982.3,474836.7,1854.4,1854.4,1035.4,0.558348,1,p:1.2.2.2.2.2
U2153,86,FUSE2,473061.1,473061.1,474935.5,1874.4,1874.4,1035.4,0.55239,1,p:2.3.4.1.3.1
U839,34,FUSE0,473098.3,473098.3,474819.5,1721.2,1721.2,941.0,0.546712,1,p:1.1.3.1.1.1
U840,34,FUSE0,473177.1,473177.1,474974.3,1797.2,1797.2,941.0,0.523592,1,p:2.2.5.2.1.2
U841,34,FUSE0,473219.1,473219.1,475051.5,1832.4,1832.4,941.0,0.513534,1,p:1.3.1.1.2.1
U842,34,FUSE0,473293.1,473293.1,475090.3,1797.2,1797.2,941.0,0.523592,1,p:2.1.3.2.3.2
U843,34,FUSE0,473335.1,473335.1,475172.3,1837.2,1837.2,941.0,0.512192,1,p:1.2.2.1.1.1
U844,34,FUSE0,473413.9,473413.9,475206.3,1792.4,1792.4,941.0,0.524994,1,p:2.3.4.2.2.2
U845,34,FUSE0,473451.1,473451.1,475288.3,1837.2,1837.2,941.0,0.512192,1,p:1.1.5.1.3.1
U846,34,FUSE0,473529.9,473529.9,475327.1,1797.2,1797.2,941.0,0.523592,1,p:2.2.1.2.1.2
U847,34,FUSE0,473571.9,473571.9,475404.3,1832.4,1832.4,941.0,0.513534,1,p:1.3.3.1.2.1
U848,34,FUSE1,473645.9,473645.9,475443.1,1797.2,1797.2,1003.0,0.55809,1,p:2.1.2.2.3.2
U849,34,FUSE1,473687.9,473687.9,475525.1,1837.2,1837.2,1003.0,0.545939,1,p:1.2.4.1.1.1
U850,34,FUSE1,473775.6,473775.6,475559.1,1783.5,1783.5,1003.0,0.562377,1,p:2.3.5.2.2.2
U851,34,FUSE1,473803.9,473803.9,475641.1,1837.2,1837.2,1003.0,0.545939,1,p:1.1.1.1.3.1
U852,34,FUSE1,473891.6,473891.6,475679.9,1788.3,1788.3,1003.0,0.560868,1,p:2.2.3.2.1.2
U853,34,FUSE1,473930.4,473930.4,475757.1,1826.7,1826.7,1003.0,0.549078,1,p:1.3.2.1.2.1
U854,34,FUSE1,474007.6,474007.6,475795.9,1788.3,1788.3,1003.0,0.560868,1,p:2.1.4.2.3.2
U855,34,FUSE1,474046.4,474046.4,475877.9,1831.5,1831.5,1003.0,0.547639,1,p:1.2.5.1.1.1
U856,34,FUSE1,474128.4,474128.4,475911.9,1783.5,1783.5,1003.0,0.562377,1,p:2.3.1.2.2.2
U857,34,FUSE2,474162.4,474162.4,475993.9,1831.5,1831.5,1035.4,0.565329,1,p:1.1.3.1.3.1
U858,34,FUSE2,474244.4,474244.4,476032.7,1788.3,1788.3,1035.4,0.578986,1,p:2.2.2.2.1.2
U859,34,FUSE2,474283.2,474283.2,476109.9,1826.7,1826.7,1035.4,0.566814,1,p:1.3.4.1.2.1
U860,34,FUSE2,474360.4,474360.4,476148.7,1788.3,1788.3,1035.4,0.578986,1,p:2.1.5.2.3.2
U861,34,FUSE2,474399.2,474399.2,476230.7,1831.5,1831.5,1035.4,0.565329,1,p:1.2.1.1.1.1
U862,34,FUSE2,474481.2,474481.2,476264.7,1783.5,1783.5,1035.4,0.580544,1,p:2.3.3.2.2.2
U863,34,FUSE2,474515.2,474515.2,476385.5,1870.3,1870.3,1035.4,0.553601,1,p:1.1.2.2.1.2
U864,34,FUSE2,474597.2,474597.2,476346.7,1749.5,1749.5,1035.4,0.591826,1,p:2.2.4.1.3.1
U792,32,FUSE0,474636.0,474636.0,476462.7,1826.7,1826.7,941.0,0.515137,1,p:1.3.5.1.2.1
U793,32,FUSE0,474713.2,474713.2,476501.5,1788.3,1788.3,941.0,0.526198,1,p:2.1.1.2.3.2
U794,32,FUSE0,474752.0,474752.0,476605.4,1853.4,1853.4,941.0,0.507716,1,p:1.2.3.1.1.1
U795,32,FUSE0,474850.8,474850.8,476760.2,1909.4,1909.4,941.0,0.492825,1,p:2.3.5.2.1.2
U796,32,FUSE0,474868.0,474868.0,476721.4,1853.4,1853.4,941.0,0.507716,1,p:1.1.2.1.3.1
U797,32,FUSE0,474966.8,474966.8,476617.5,1650.7,1650.7,941.0,0.570061,1,p:2.2.4.2.2.2
U798,32,FUSE0,475005.6,475005.6,476837.4,1831.8,1831.8,941.0,0.513702,1,p:1.3.1.1.2.1
U799,32,FUSE0,475082.8,475082.8,476876.2,1793.4,1793.4,941.0,0.524702,1,p:2.1.3.2.3.2
U800,32,FUSE0,475121.6,475121.6,476958.2,1836.6,1836.6,941.0,0.51236,1,p:1.2.5.1.1.1
U801,32,FUSE1,475203.6,475203.6,476992.2,1788.6,1788.6,1003.0,0.560774,1,p:2.3.2.2.2.2
U802,32,FUSE1,475237.6,475237.6,477074.2,1836.6,1836.6,1003.0,0.546118,1,p:1.1.4.1.3.1
U803,32,FUSE1,475319.6,475319.6,477113.0,1793.4,1793.4,1003.0,0.559273,1,p:2.2.1.2.1.2
U804,32,FUSE1,475358.4,475358.4,477190.2,1831.8,1831.8,1003.0,0.547549,1,p:1.3.3.1.2.1
U805,32,FUSE1,475435.6,475435.6,477229.0,1793.4,1793.4,1003.0,0.559273,1,p:2.1.5.2.3.2
U806,32,FUSE1,475474.4,475474.4,477311.0,1836.6,1836.6,1003.0,0.546118,1,p:1.2.2.1.1.1
U807,32,FUSE1,475556.4,475556.4,477345.0,1788.6,1788.6,1003.0,0.560774,1,p:2.3.4.2.2.2
U808,32,FUSE1,475590.4,475590.4,477427.0,1836.6,1836.6,1003.0,0.546118,1,p:1.1.1.1.3.1
U809,32,FUSE2,475672.4,475672.4,477465.8,1793.4,1793.4,1035.4,0.577339,1,p:2.2.3.2.1.2
U810,32,FUSE2,475711.2,475711.2,477543.0,1831.8,1831.8,1035.4,0.565236,1,p:1.3.5.1.2.1
U811,32,FUSE2,475788.4,475788.4,477581.8,1793.4,1793.4,1035.4,0.577339,1,p:2.1.2.2.3.2
U812,32,FUSE2,475827.2,475827.2,477663.8,1836.6,1836.6,1035.4,0.563759,1,p:1.2.4.1.1.1
U813,32,FUSE2,475909.2,475909.2,477697.8,1788.6,1788.6,1035.4,0.578889,1,p:2.3.1.2.2.2
U814,32,FUSE2,475943.2,475943.2,477779.8,1836.6,1836.6,1035.4,0.563759,1,p:1.1.3.1.3.1
U815,32,FUSE2,476025.2,476025.2,477830.7,1805.5,1805.5,1035.4,0.57347,1,p:2.2.5.2.1.2
U816,32,FUSE2,476064.0,476064.0,477946.7,1882.7,1882.7,1035.4,0.549955,1,p:1.3.2.2.3.2
U817,32,FUSE2,476141.2,476141.2,478025.5,1884.3,1884.3,1035.4,0.549488,1,p:2.1.4.1.1.1
U1761,71,FUSE0,476180.0,476180.0,477895.8,1715.8,1715.8,941.0,0.548432,1,p:1.2.1.1.2.1
U1762,71,FUSE0,476262.0,476262.0,478062.7,1800.7,1800.7,941.0,0.522575,1,p:2.3.3.2.2.2
U1763,71,FUSE0,476296.0,476296.0,478141.5,1845.5,1845.5,941.0,0.509889,1,p:1.1.5.1.3.1
U1764,71,FUSE0,476378.0,476378.0,478183.5,1805.5,1805.5,941.0,0.521185,1,p:2.2.1.2.1.2
U1765,71,FUSE0,476416.8,476416.8,478257.5,1840.7,1840.7,941.0,0.511219,1,p:1.3.2.1.2.1
U1766,71,FUSE0,476494.0,476494.0,478299.5,1805.5,1805.5,941.0,0.521185,1,p:2.1.4.2.3.2
U1767,71,FUSE0,476532.8,476532.8,478378.3,1845.5,1845.5,941.0,0.509889,1,p:1.2.3.1.1.1
U1768,71,FUSE0,476636.7,476636.7,478415.5,1778.8,1778.8,941.0,0.529008,1,p:2.1.1.2.2.2
U1769,71,FUSE1,476648.8,476648.8,478494.3,1845.5,1845.5,1003.0,0.543484,1,p:1.3.5.1.3.1
U1770,71,FUSE1,476752.7,476752.7,478536.3,1783.6,1783.6,1003.0,0.562346,1,p:2.2.2.2.1.2
U1771,71,FUSE1,476791.5,476791.5,478610.3,1818.8,1818.8,1003.0,0.551463,1,p:1.3.4.1.2.1
U1772,71,FUSE1,476868.7,476868.7,478652.3,1783.6,1783.6,1003.0,0.562346,1,p:2.1.3.2.3.2
U1773,71,FUSE1,476907.5,476907.5,478731.1,1823.6,1823.6,1003.0,0.550011,1,p:1.2.1.1.1.1
U1774,71,FUSE1,476989.5,476989.5,478768.3,1778.8,1778.8,1003.0,0.563863,1,p:2.3.5.2.2.2
U1775,71,FUSE1,477023.5,477023.5,478847.1,1823.6,1823.6,1003.0,0.550011,1,p:1.1.2.1.3.1
U1776,71,FUSE1,477105.5,477105.5,478889.1,1783.6,1783.6,1003.0,0.562346,1,p:2.2.4.2.1.2
U1777,71,FUSE2,477144.3,477144.3,478963.1,1818.8,1818.8,1035.4,0.569276,1,p:1.3.3.1.2.1
U1778,71,FUSE2,477221.5,477221.5,479005.1,1783.6,1783.6,1035.4,0.580511,1,p:2.1.1.2.3.2
U1779,71,FUSE2,477260.3,477260.3,479083.9,1823.6,1823.6,1035.4,0.567778,1,p:1.2.5.1.1.1
U1780,71,FUSE2,477342.3,477342.3,479121.1,1778.8,1778.8,1035.4,0.582078,1,p:2.3.2.2.2.2
U1781,71,FUSE2,477376.3,477376.3,479199.9,1823.6,1823.6,1035.4,0.567778,1,p:1.1.4.1.3.1
U1782,71,FUSE2,477458.3,477458.3,479241.9,1783.6,1783.6,1035.4,0.580511,1,p:2.2.3.2.1.2
U1783,71,FUSE2,477497.1,477497.1,479315.9,1818.8,1818.8,1035.4,0.569276,1,p:1.3.1.1.2.1
U1784,71,FUSE2,477574.3,477574.3,479473.9,1899.6,1899.6,1035.4,0.545062,1,p:2.1.5.2.2.2
U7156,286,FUSE0,477613.1,477613.1,479436.7,1823.6,1823.6,941.0,0.516012,1,p:1.2.2.1.1.1
U7157,286,FUSE0,477695.1,477695.1,479357.9,1662.8,1662.8,941.0,0.565913,1,p:2.3.4.2.3.2
U7158,286,FUSE0,477729.1,477729.1,479552.7,1823.6,1823.6,941.0,0.516012,1,p:1.1.3.1.3.1
U7159,286,FUSE0,477811.1,477811.1,479710.7,1899.6,1899.6,941.0,0.495367,1,p:2.2.2.2.3.2
U7160,286,FUSE0,477862.0,477862.0,479668.7,1806.7,1806.7,941.0,0.520839,1,p:1.3.4.1.2.1
U7161,286,FUSE0,477927.1,477927.1,479594.7,1667.6,1667.6,941.0,0.564284,1,p:2.1.1.2.1.2
U7162,286,FUSE0,477978.0,477978.0,479789.5,1811.5,1811.5,941.0,0.519459,1,p:1.2.5.1.1.1
U7163,286,FUSE0,478056.8,478056.8,479826.7,1769.9,1769.9,941.0,0.531668,1,p:2.3.3.2.2.2
U7164,286,FUSE0,478094.0,478094.0,479905.5,1811.5,1811.5,941.0,0.519459,1,p:1.1.2.1.3.1
U7165,286,FUSE1,478172.8,478172.8,479947.5,1774.7,1774.7,1003.0,0.565166,1,p:2.2.4.2.1.2
U7166,286,FUSE1,478214.8,478214.8,480021.5,1806.7,1806.7,1003.0,0.555156,1,p:1.3.1.1.2.1
U7167,286,FUSE1,478288.8,478288.8,480063.5,1774.7,1774.7,1003.0,0.565166,1,p:2.1.5.2.3.2
U7168,286,FUSE1,478330.8,478330.8,480142.3,1811.5,1811.5,1003.0,0.553685,1,p:1.2.3.1.1.1
U7169,286,FUSE1,478409.6,478409.6,480179.5,1769.9,1769.9,1003.0,0.566699,1,p:2.3.2.2.2.2
U7170,286,FUSE1,478446.8,478446.8,480258.3,1811.5,1811.5,1003.0,0.553685,1,p:1.1.4.1.3.1
U7171,286,FUSE1,478525.6,478525.6,480300.3,1774.7,1774.7,1003.0,0.565166,1,p:2.2.1.2.1.2
U7172,286,FUSE1,478567.6,478567.6,480374.3,1806.7,1806.7,1003.0,0.555156,1,p:1.3.5.1.2.1
U7173,286,FUSE1,478641.6,478641.6,480416.3,1774.7,1774.7,1003.0,0.565166,1,p:2.1.3.2.3.2
U7174,286,FUSE2,478683.6,478683.6,480495.1,1811.5,1811.5,1035.4,0.571571,1,p:1.2.2.1.1.1
U7175,286,FUSE2,478762.4,478762.4,480532.3,1769.9,1769.9,1035.4,0.585005,1,p:2.3.4.2.2.2
U7176,286,FUSE2,478799.6,478799.6,480611.1,1811.5,1811.5,1035.4,0.571571,1,p:1.1.1.1.3.1
U7177,286,FUSE2,478878.4,478878.4,480653.1,1774.7,1774.7,1035.4,0.583423,1,p:2.2.5.2.1.2
U7178,286,FUSE2,478920.4,478920.4,480727.1,1806.7,1806.7,1035.4,0.573089,1,p:1.3.3.1.2.1
U7179,286,FUSE2,478994.4,478994.4,480769.1,1774.7,1774.7,1035.4,0.583423,1,p:2.1.2.2.3.2
U7180,286,FUSE2,479036.4,479036.4,480868.2,1831.8,1831.8,1035.4,0.565236,1,p:1.2.4.1.1.1
U7181,286,FUSE2,479115.2,479115.2,480885.1,1769.9,1769.9,1035.4,0.585005,1,p:2.3.1.2.2.2
U7182,286,FUSE2,479152.4,479152.4,480984.2,1831.8,1831.8,1035.4,0.565236,1,p:1.1.5.1.3.1
U6973,279,FUSE0,479231.2,479231.2,481023.0,1791.8,1791.8,941.0,0.52517,1,p:2.2.3.2.1.2
U6974,279,FUSE0,479273.2,479273.2,481100.2,1827.0,1827.0,941.0,0.515052,1,p:1.3.2.1.2.1
U6975,279,FUSE0,479347.2,479347.2,481139.0,1791.8,1791.8,941.0,0.52517,1,p:2.1.4.2.3.2
U6976,279,FUSE0,479389.2,479389.2,481221.0,1831.8,1831.8,941.0,0.513702,1,p:1.2.1.1.1.1
U6977,279,FUSE0,479468.0,479468.0,481255.0,1787.0,1787.0,941.0,0.526581,1,p:2.3.5.2.2.2
U6978,279,FUSE0,479505.2,479505.2,481337.0,1831.8,1831.8,941.0,0.513702,1,p:1.1.3.1.3.1
U6979,279,FUSE0,479584.0,479584.0,481375.8,1791.8,1791.8,941.0,0.52517,1,p:2.2.2.2.1.2
U6980,279,FUSE0,479626.0,479626.0,481453.0,1827.0,1827.0,941.0,0.515052,1,p:1.3.4.1.2.1
U6981,279,FUSE0,479700.0,479700.0,481491.8,1791.8,1791.8,941.0,0.52517,1,p:2.1.1.2.3.2
U6982,279,FUSE1,479742.0,479742.0,481573.8,1831.8,1831.8,1003.0,0.547549,1,p:1.2.5.1.1.1
U6983,279,FUSE1,479820.8,479820.8,481607.8,1787.0,1787.0,1003.0,0.561276,1,p:2.3.3.2.2.2
U6984,279,FUSE1,479858.0,479858.0,481689.8,1831.8,1831.8,1003.0,0.547549,1,p:1.1.2.1.3.1
U6985,279,FUSE1,479936.8,479936.8,481728.6,1791.8,1791.8,1003.0,0.559772,1,p:2.2.4.2.1.2
U6986,279,FUSE1,479978.8,479978.8,481805.8,1827.0,1827.0,1003.0,0.548987,1,p:1.3.1.1.2.1
U6987,279,FUSE1,480052.8,480052.8,481844.6,1791.8,1791.8,1003.0,0.559772,1,p:2.1.5.2.3.2
U6988,279,FUSE1,480094.8,480094.8,481926.6,1831.8,1831.8,1003.0,0.547549,1,p:1.2.3.1.1.1
U6989,279,FUSE1,480173.6,480173.6,481960.6,1787.0,1787.0,1003.0,0.561276,1,p:2.3.2.2.2.2
U6990,279,FUSE1,480210.8,480210.8,482042.6,1831.8,1831.8,1003.0,0.547549,1,p:1.1.4.1.3.1
U6991,279,FUSE2,480289.6,480289.6,482081.4,1791.8,1791.8,1035.4,0.577855,1,p:2.2.1.2.1.2
U6992,279,FUSE2,480331.6,480331.6,482158.6,1827.0,1827.0,1035.4,0.566721,1,p:1.3.5.1.2.1
U6993,279,FUSE2,480405.6,480405.6,482197.4,1791.8,1791.8,1035.4,0.577855,1,p:2.1.3.2.3.2
U6994,279,FUSE2,480447.6,480447.6,482279.4,1831.8,1831.8,1035.4,0.565236,1,p:1.2.2.1.1.1
U6995,279,FUSE2,480526.4,480526.4,482313.4,1787.0,1787.0,1035.4,0.579407,1,p:2.3.4.2.2.2
U6996,279,FUSE2,480563.6,480563.6,482395.4,1831.8,1831.8,1035.4,0.565236,1,p:1.1.1.1.3.1
U6997,279,FUSE2,480642.4,480642.4,482434.2,1791.8,1791.8,1035.4,0.577855,1,p:2.2.5.2.1.2
U6998,279,FUSE2,480684.4,480684.4,482511.4,1827.0,1827.0,1035.4,0.566721,1,p:1.3.3.1.2.1
U6999,279,FUSE2,480758.4,480758.4,482632.2,1873.8,1873.8,1035.4,0.552567,1,p:2.1.2.1.1.1
U2378,96,FUSE0,480800.4,480800.4,482666.2,1865.8,1865.8,941.0,0.504341,1,p:1.2.4.2.2.2
U2379,96,FUSE0,480899.5,480899.5,482550.2,1650.7,1650.7,941.0,0.570061,1,p:2.3.1.2.3.2
U2380,96,FUSE0,480916.4,480916.4,482748.2,1831.8,1831.8,941.0,0.513702,1,p:1.1.5.1.3.1
U2381,96,FUSE0,481015.5,481015.5,482787.0,1771.5,1771.5,941.0,0.531188,1,p:2.2.3.2.1.2
U2382,96,FUSE0,481054.3,481054.3,482985.0,1930.7,1930.7,941.0,0.487388,1,p:1.3.4.1.1.1
U2383,96,FUSE0,481131.5,481131.5,482903.0,1771.5,1771.5,941.0,0.531188,1,p:2.1.2.2.3.2
U2384,96,FUSE0,481170.3,481170.3,482864.2,1693.9,1693.9,941.0,0.555523,1,p:1.2.1.1.2.1
U2385,96,FUSE0,481252.3,481252.3,483019.0,1766.7,1766.7,941.0,0.532631,1,p:2.3.5.2.2.2
U2386,96,FUSE1,481286.3,481286.3,483101.0,1814.7,1814.7,1003.0,0.552708,1,p:1.1.3.1.3.1
U2387,96,FUSE1,481368.3,481368.3,483255.8,1887.5,1887.5,1003.0,0.531391,1,p:2.2.4.2.3.2
U2388,96,FUSE1,481407.1,481407.1,483217.0,1809.9,1809.9,1003.0,0.554174,1,p:1.3.2.1.2.1
U2389,96,FUSE1,481484.3,481484.3,483139.8,1655.5,1655.5,1003.0,0.605859,1,p:2.1.1.2.1.2
U2390,96,FUSE1,481523.1,481523.1,483337.8,1814.7,1814.7,1003.0,0.552708,1,p:1.2.5.1.1.1
U2391,96,FUSE1,481605.1,481605.1,483371.8,1766.7,1766.7,1003.0,0.567725,1,p:2.3.3.2.2.2
U2392,96,FUSE1,481639.1,481639.1,483453.8,1814.7,1814.7,1003.0,0.552708,1,p:1.1.4.1.3.1
U2393,96,FUSE1,481721.1,481721.1,483492.6,1771.5,1771.5,1003.0,0.566187,1,p:2.2.2.2.1.2
U2394,96,FUSE2,481759.9,481759.9,483569.8,1809.9,1809.9,1035.4,0.572076,1,p:1.3.1.1.2.1
U2395,96,FUSE2,481837.1,481837.1,483608.6,1771.5,1771.5,1035.4,0.584476,1,p:2.1.5.2.3.2
U2396,96,FUSE2,481875.9,481875.9,483690.6,1814.7,1814.7,1035.4,0.570563,1,p:1.2.3.1.1.1
U2397,96,FUSE2,481957.9,481957.9,483724.6,1766.7,1766.7,1035.4,0.586064,1,p:2.3.4.2.2.2
U2398,96,FUSE2,481991.9,481991.9,483806.6,1814.7,1814.7,1035.4,0.570563,1,p:1.1.2.1.3.1
U2399,96,FUSE2,482073.9,482073.9,483845.4,1771.5,1771.5,1035.4,0.584476,1,p:2.2.1.2.1.2
U2400,96,FUSE2,482112.7,482112.7,483922.6,1809.9,1809.9,1035.4,0.572076,1,p:1.3.5.1.2.1
U2401,96,FUSE2,482189.9,482189.9,483961.4,1771.5,1771.5,1035.4,0.584476,1,p:2.1.3.2.3.2
U2402,96,FUSE2,482228.7,482228.7,484077.4,1848.7,1848.7,1035.4,0.560069,1,p:1.2.4.2.2.2
U2403,96,FUSE2,482310.7,482310.7,484159.4,1848.7,1848.7,1035.4,0.560069,1,p:2.3.2.1.3.1
U8043,322,FUSE0,482344.7,482344.7,484043.4,1698.7,1698.7,941.0,0.553953,1,p:1.1.1.1.1.1
U8044,322,FUSE0,482426.7,482426.7,484198.2,1771.5,1771.5,941.0,0.531188,1,p:2.2.5.2.1.2
U8045,322,FUSE0,482465.5,482465.5,484275.4,1809.9,1809.9,941.0,0.519918,1,p:1.3.3.1.2.1
U8046,322,FUSE0,482542.7,482542.7,484314.2,1771.5,1771.5,941.0,0.531188,1,p:2.1.1.2.3.2
U8047,322,FUSE0,482581.5,482581.5,484396.2,1814.7,1814.7,941.0,0.518543,1,p:1.2.4.1.1.1
U8048,322,FUSE0,482663.5,482663.5,484430.2,1766.7,1766.7,941.0,0.532631,1,p:2.3.2.2.2.2
U8049,322,FUSE0,482697.5,482697.5,484512.2,1814.7,1814.7,941.0,0.518543,1,p:1.1.5.1.3.1
U8050,322,FUSE0,482779.5,482779.5,484551.0,1771.5,1771.5,941.0,0.531188,1,p:2.2.3.2.1.2
U8051,322,FUSE0,482818.3,482818.3,484628.2,1809.9,1809.9,941.0,0.519918,1,p:1.3.1.1.2.1
U8052,322,FUSE1,482895.5,482895.5,484667.0,1771.5,1771.5,1003.0,0.566187,1,p:2.1.4.2.3.2
U8053,322,FUSE1,482934.3,482934.3,484749.0,1814.7,1814.7,1003.0,0.552708,1,p:1.2.2.1.1.1
U8054,322,FUSE1,483016.3,483016.3,484783.0,1766.7,1766.7,1003.0,0.567725,1,p:2.3.5.2.2.2
U8055,322,FUSE1,483050.3,483050.3,484865.0,1814.7,1814.7,1003.0,0.552708,1,p:1.1.3.1.3.1
U8056,322,FUSE1,483132.3,483132.3,484903.8,1771.5,1771.5,1003.0,0.566187,1,p:2.2.1.2.1.2
U8057,322,FUSE1,483171.1,483171.1,484981.0,1809.9,1809.9,1003.0,0.554174,1,p:1.3.4.1.2.1
U8058,322,FUSE1,483248.3,483248.3,485019.8,1771.5,1771.5,1003.0,0.566187,1,p:2.1.2.2.3.2
U8059,322,FUSE1,483287.1,483287.1,485101.8,1814.7,1814.7,1003.0,0.552708,1,p:1.2.5.1.1.1
U8060,322,FUSE1,483369.1,483369.1,485135.8,1766.7,1766.7,1003.0,0.567725,1,p:2.3.3.2.2.2
U8061,322,FUSE2,483403.1,483403.1,485217.8,1814.7,1814.7,1035.4,0.570563,1,p:1.1.1.1.3.1
U8062,322,FUSE2,483485.1,483485.1,485256.6,1771.5,1771.5,1035.4,0.584476,1,p:2.2.4.2.1.2
U8063,322,FUSE2,483523.9,483523.9,485333.8,1809.9,1809.9,1035.4,0.572076,1,p:1.3.2.1.2.1
U8064,322,FUSE2,483601.1,483601.1,485372.6,1771.5,1771.5,1035.4,0.584476,1,p:2.1.5.2.3.2
U8065,322,FUSE2,483639.9,483639.9,485454.6,1814.7,1814.7,1035.4,0.570563,1,p:1.2.3.1.1.1
U8066,322,FUSE2,483721.9,483721.9,485488.6,1766.7,1766.7,1035.4,0.586064,1,p:2.3.1.2.2.2
U8067,322,FUSE2,483755.9,483755.9,485570.6,1814.7,1814.7,1035.4,0.570563,1,p:1.1.4.1.3.1
U8068,322,FUSE2,483837.9,483837.9,485609.4,1771.5,1771.5,1035.4,0.584476,1,p:2.2.2.2.1.2
U8069,322,FUSE2,483876.7,483876.7,485725.4,1848.7,1848.7,1035.4,0.560069,1,p:1.3.5.2.3.2
U1985,80,FUSE0,483953.9,483953.9,485687.4,1733.5,1733.5,941.0,0.542832,1,p:2.1.3.1.2.1
U1986,80,FUSE0,483992.7,483992.7,485841.4,1848.7,1848.7,941.0,0.509006,1,p:1.2.1.1.1.2
U1987,80,FUSE0,484074.7,484074.7,485862.2,1787.5,1787.5,941.0,0.526434,1,p:2.3.4.2.2.1
U1988,80,FUSE0,484108.7,484108.7,485957.4,1848.7,1848.7,941.0,0.509006,1,p:1.1.2.1.3.2
U1989,80,FUSE0,484190.7,484190.7,486019.8,1829.1,1829.1,941.0,0.514461,1,p:2.2.3.2.1.1
U1990,80,FUSE0,484229.5,484229.5,486073.4,1843.9,1843.9,941.0,0.510331,1,p:1.3.5.1.2.2
U1991,80,FUSE0,484306.7,484306.7,486135.8,1829.1,1829.1,941.0,0.514461,1,p:2.1.1.2.3.1
U1992,80,FUSE0,484345.5,484345.5,486189.4,1843.9,1843.9,941.0,0.510331,1,p:1.2.4.1.1.2
U1993,80,FUSE1,484427.5,484427.5,486251.8,1824.3,1824.3,1003.0,0.5498,1,p:2.3.2.2.2.1
U1994,80,FUSE1,484461.5,484461.5,486305.4,1843.9,1843.9,1003.0,0.543956,1,p:1.1.3.1.3.2
U1995,80,FUSE1,484543.5,484543.5,486372.6,1829.1,1829.1,1003.0,0.548357,1,p:2.2.5.2.1.1
U1996,80,FUSE1,484582.3,484582.3,486421.4,1839.1,1839.1,1003.0,0.545375,1,p:1.3.1.1.2.2
U1997,80,FUSE1,484659.5,484659.5,486488.6,1829.1,1829.1,1003.0,0.548357,1,p:2.1.4.2.3.1
U1998,80,FUSE1,484698.3,484698.3,486537.4,1839.1,1839.1,1003.0,0.545375,1,p:1.2.2.1.1.2
U1999,80,FUSE1,484780.3,484780.3,486604.6,1824.3,1824.3,1003.0,0.5498,1,p:2.3.3.2.2.1
U2000,80,FUSE1,484814.3,484814.3,486653.4,1839.1,1839.1,1003.0,0.545375,1,p:1.1.5.1.3.2
U2001,80,FUSE2,484896.3,484896.3,486725.4,1829.1,1829.1,1035.4,0.566071,1,p:2.2.1.2.1.1
U2002,80,FUSE2,484935.1,484935.1,486769.4,1834.3,1834.3,1035.4,0.564466,1,p:1.3.4.1.2.2
U2003,80,FUSE2,485012.3,485012.3,486841.4,1829.1,1829.1,1035.4,0.566071,1,p:2.1.2.2.3.1
U2004,80,FUSE2,485051.1,485051.1,486885.4,1834.3,1834.3,1035.4,0.564466,1,p:1.2.3.1.1.2
U2005,80,FUSE2,485133.1,485133.1,486957.4,1824.3,1824.3,1035.4,0.56756,1,p:2.3.5.2.2.1
U2006,80,FUSE2,485167.1,485167.1,487001.4,1834.3,1834.3,1035.4,0.564466,1,p:1.1.1.1.3.2
U2007,80,FUSE2,485249.1,485249.1,487117.4,1868.3,1868.3,1035.4,0.554194,1,p:2.2.4.1.2.2
U283,12,FUSE0,485287.9,485287.9,487078.2,1790.3,1790.3,941.0,0.52561,1,p:1.3.2.2.1.1
U284,12,FUSE0,485365.1,485365.1,487194.2,1829.1,1829.1,941.0,0.514461,1,p:2.1.3.2.3.1
U285,12,FUSE0,485403.9,485403.9,487236.2,1832.3,1832.3,941.0,0.513562,1,p:1.2.5.1.1.2
U286,12,FUSE0,485485.9,485485.9,487310.2,1824.3,1824.3,941.0,0.515814,1,p:2.3.1.2.2.1
U287,12,FUSE0,485519.9,485519.9,487352.2,1832.3,1832.3,941.0,0.513562,1,p:1.1.2.1.3.2
U288,12,FUSE0,485601.9,485601.9,487431.0,1829.1,1829.1,941.0,0.514461,1,p:2.2.4.2.1.1
U289,12,FUSE0,485640.7,485640.7,487468.2,1827.5,1827.5,941.0,0.514911,1,p:1.3.3.1.2.2
U290,12,FUSE0,485718.7,485718.7,487547.0,1828.3,1828.3,941.0,0.514686,1,p:2.1.5.2.3.1
U291,12,FUSE1,485756.7,485756.7,487589.0,1832.3,1832.3,1003.0,0.547399,1,p:1.2.1.1.1.2
U292,12,FUSE1,485872.7,485872.7,487663.0,1790.3,1790.3,1003.0,0.560241,1,p:2.1.2.2.2.1
U293,12,FUSE1,485893.5,485893.5,487705.0,1811.5,1811.5,1003.0,0.553685,1,p:1.3.4.1.3.2
U294,12,FUSE1,485988.7,485988.7,487783.8,1795.1,1795.1,1003.0,0.558743,1,p:2.2.3.2.1.1
U295,12,FUSE1,486051.1,486051.1,487821.0,1769.9,1769.9,1003.0,0.566699,1,p:1.1.5.1.2.2
U296,12,FUSE1,486104.7,486104.7,487899.8,1795.1,1795.1,1003.0,0.558743,1,p:2.3.1.2.3.1
U297,12,FUSE1,486167.1,486167.1,487941.8,1774.7,1774.7,1003.0,0.565166,1,p:1.2.2.1.1.2
U298,12,FUSE1,486220.7,486220.7,488015.8,1795.1,1795.1,1003.0,0.558743,1,p:2.1.4.2.2.1
U299,12,FUSE2,486283.1,486283.1,488057.8,1774.7,1774.7,1035.4,0.583423,1,p:1.3.3.1.3.2
U300,12,FUSE2,486336.7,486336.7,488136.6,1799.9,1799.9,1035.4,0.575254,1,p:2.2.5.2.1.1
U301,12,FUSE2,486403.9,486403.9,488173.8,1769.9,1769.9,1035.4,0.585005,1,p:1.1.1.1.2.2
U302,12,FUSE2,486452.7,486452.7,488252.6,1799.9,1799.9,1035.4,0.575254,1,p:2.3.2.2.3.1
U303,12,FUSE2,486519.9,486519.9,488294.6,1774.7,1774.7,1035.4,0.583423,1,p:1.2.4.1.1.2
U304,12,FUSE2,486568.7,486568.7,488368.6,1799.9,1799.9,1035.4,0.575254,1,p:2.1.3.2.2.1
U305,12,FUSE2,486635.9,486635.9,488410.6,1774.7,1774.7,1035.4,0.583423,1,p:1.3.5.1.3.2
U306,12,FUSE2,486684.7,486684.7,488526.6,1841.9,1841.9,1035.4,0.562137,1,p:2.2.1.1.2.2
U307,12,FUSE2,486756.7,486756.7,488747.0,1990.3,1990.3,1035.4,0.520223,1,p:1.1.2.2.2.1
U6361,254,FUSE0,486800.7,486800.7,488515.0,1714.3,1714.3,941.0,0.548912,1,p:2.3.4.2.1.1
U6362,254,FUSE0,486872.7,486872.7,488631.0,1758.3,1758.3,941.0,0.535176,1,p:1.2.3.2.3.1
U6363,254,FUSE0,486916.7,486916.7,488669.8,1753.1,1753.1,941.0,0.536763,1,p:2.1.5.1.1.2
U6364,254,FUSE0,486988.7,486988.7,488785.8,1797.1,1797.1,941.0,0.523621,1,p:1.3.4.1.3.2
U6365,254,FUSE0,487032.7,487032.7,488867.8,1835.1,1835.1,941.0,0.512779,1,p:2.2.1.2.1.1
U6366,254,FUSE0,487109.5,487109.5,488901.8,1792.3,1792.3,941.0,0.525024,1,p:1.1.3.1.2.2
U6367,254,FUSE0,487148.7,487148.7,488983.8,1835.1,1835.1,941.0,0.512779,1,p:2.3.5.2.3.1
U6368,254,FUSE1,487225.5,487225.5,489022.6,1797.1,1797.1,1003.0,0.558121,1,p:1.2.2.1.1.2
U6369,254,FUSE1,487267.5,487267.5,489099.8,1832.3,1832.3,1003.0,0.547399,1,p:2.1.4.2.2.1
U6370,254,FUSE1,487341.5,487341.5,489138.6,1797.1,1797.1,1003.0,0.558121,1,p:1.3.1.1.3.2
U6371,254,FUSE1,487383.5,487383.5,489220.6,1837.1,1837.1,1003.0,0.545969,1,p:2.2.3.2.1.1
U6372,254,FUSE1,487462.3,487462.3,489254.6,1792.3,1792.3,1003.0,0.559616,1,p:1.1.5.1.2.2
U6373,254,FUSE1,487499.5,487499.5,489336.6,1837.1,1837.1,1003.0,0.545969,1,p:2.3.2.2.3.1
U6374,254,FUSE1,487578.3,487578.3,489375.4,1797.1,1797.1,1003.0,0.558121,1,p:1.2.4.1.1.2
U6375,254,FUSE2,487620.3,487620.3,489452.6,1832.3,1832.3,1035.4,0.565082,1,p:2.1.1.2.2.1
U6376,254,FUSE2,487694.3,487694.3,489491.4,1797.1,1797.1,1035.4,0.57615,1,p:1.3.3.1.3.2
U6377,254,FUSE2,487736.3,487736.3,489573.4,1837.1,1837.1,1035.4,0.563606,1,p:2.2.5.2.1.1
U6378,254,FUSE2,487815.1,487815.1,489607.4,1792.3,1792.3,1035.4,0.577693,1,p:1.1.2.1.2.2
U6379,254,FUSE2,487852.3,487852.3,489728.2,1875.9,1875.9,1035.4,0.551948,1,p:2.3.4.1.1.2
U6380,254,FUSE2,487931.1,487931.1,489689.4,1758.3,1758.3,1035.4,0.588864,1,p:1.2.1.2.3.1
U6381,254,FUSE2,487973.1,487973.1,489805.4,1832.3,1832.3,1035.4,0.565082,1,p:2.1.3.2.2.1
U6382,254,FUSE2,488047.1,488047.1,489927.8,1880.7,1880.7,1035.4,0.55054,1,p:1.3.5.2.1.1
U6655,266,FUSE0,488089.1,488089.1,489844.2,1755.1,1755.1,941.0,0.536152,1,p:2.2.2.1.3.2
U6656,266,FUSE0,488167.9,488167.9,489960.2,1792.3,1792.3,941.0,0.525024,1,p:1.1.4.1.2.2
U6657,266,FUSE0,488205.1,488205.1,490043.8,1838.7,1838.7,941.0,0.511775,1,p:2.3.1.2.3.1
U6658,266,FUSE0,488283.9,488283.9,490082.6,1798.7,1798.7,941.0,0.523156,1,p:1.2.3.1.1.2
U6659,266,FUSE0,488325.9,488325.9,490159.8,1833.9,1833.9,941.0,0.513114,1,p:2.1.2.2.2.1
U6660,266,FUSE0,488399.9,488399.9,490198.6,1798.7,1798.7,941.0,0.523156,1,p:1.3.5.1.3.2
U6661,266,FUSE0,488441.9,488441.9,490280.6,1838.7,1838.7,941.0,0.511775,1,p:2.2.4.2.1.1
U6662,266,FUSE1,488546.3,488546.3,490314.6,1768.3,1768.3,1003.0,0.567211,1,p:1.1.1.1.2.2
U6663,266,FUSE1,488557.9,488557.9,490396.6,1838.7,1838.7,1003.0,0.545494,1,p:2.3.3.2.3.1
U6664,266,FUSE1,488662.3,488662.3,490435.4,1773.1,1773.1,1003.0,0.565676,1,p:1.2.2.1.1.2
U6665,266,FUSE1,488701.1,488701.1,490512.6,1811.5,1811.5,1003.0,0.553685,1,p:2.1.5.2.2.1
U6666,266,FUSE1,488778.3,488778.3,490551.4,1773.1,1773.1,1003.0,0.565676,1,p:1.3.4.1.3.2
U6667,266,FUSE1,488817.1,488817.1,490633.4,1816.3,1816.3,1003.0,0.552222,1,p:2.2.1.2.1.1
U6668,266,FUSE1,488899.1,488899.1,490667.4,1768.3,1768.3,1003.0,0.567211,1,p:1.1.3.1.2.2
U6669,266,FUSE2,488933.1,488933.1,490749.4,1816.3,1816.3,1035.4,0.57006,1,p:2.3.2.2.3.1
U6670,266,FUSE2,489015.1,489015.1,490788.2,1773.1,1773.1,1035.4,0.583949,1,p:1.2.5.1.1.2
U6671,266,FUSE2,489053.9,489053.9,490865.4,1811.5,1811.5,1035.4,0.571571,1,p:2.1.4.2.2.1
U6672,266,FUSE2,489131.1,489131.1,490904.2,1773.1,1773.1,1035.4,0.583949,1,p:1.3.1.1.3.2
U6673,266,FUSE2,489169.9,489169.9,490986.2,1816.3,1816.3,1035.4,0.57006,1,p:2.2.3.2.1.1
U6674,266,FUSE2,489251.9,489251.9,491020.2,1768.3,1768.3,1035.4,0.585534,1,p:1.1.2.1.2.2
U6675,266,FUSE2,489285.9,489285.9,491102.2,1816.3,1816.3,1035.4,0.57006,1,p:2.3.5.2.3.1
U641,26,FUSE0,489367.9,489367.9,491141.0,1773.1,1773.1,941.0,0.530709,1,p:1.2.4.1.1.2
U642,26,FUSE0,489406.7,489406.7,491218.2,1811.5,1811.5,941.0,0.519459,1,p:2.1.1.2.2.1
U643,26,FUSE0,489483.9,489483.9,491257.0,1773.1,1773.1,941.0,0.530709,1,p:1.3.3.1.3.2
U644,26,FUSE0,489522.7,489522.7,491339.0,1816.3,1816.3,941.0,0.518086,1,p:2.2.2.2.1.1
U645,26,FUSE0,489604.7,489604.7,491373.0,1768.3,1768.3,941.0,0.53215,1,p:1.1.5.1.2.2
U646,26,FUSE0,489638.7,489638.7,491455.0,1816.3,1816.3,941.0,0.518086,1,p:2.3.4.2.3.1
U647,26,FUSE0,489720.7,489720.7,491493.8,1773.1,1773.1,941.0,0.530709,1,p:1.2.1.1.1.2
U648,26,FUSE1,489759.5,489759.5,491571.0,1811.5,1811.5,1003.0,0.553685,1,p:2.1.3.2.2.1
U649,26,FUSE1,489836.7,489836.7,491609.8,1773.1,1773.1,1003.0,0.565676,1,p:1.3.2.1.3.2
U650,26,FUSE1,489875.5,489875.5,491691.8,1816.3,1816.3,1003.0,0.552222,1,p:2.2.5.2.1.1
U651,26,FUSE1,489959.1,489959.1,491725.8,1766.7,1766.7,1003.0,0.567725,1,p:1.1.4.1.2.2
U652,26,FUSE1,489991.5,489991.5,491807.8,1816.3,1816.3,1003.0,0.552222,1,p:2.3.1.2.3.1
U653,26,FUSE1,490075.1,490075.1,491846.6,1771.5,1771.5,1003.0,0.566187,1,p:1.2.3.1.1.2
U654,26,FUSE1,490113.9,490113.9,491923.8,1809.9,1809.9,1003.0,0.554174,1,p:2.1.2.2.2.1
U655,26,FUSE2,490191.1,490191.1,491962.6,1771.5,1771.5,1035.4,0.584476,1,p:1.3.5.1.3.2
U656,26,FUSE2,490229.9,490229.9,492044.6,1814.7,1814.7,1035.4,0.570563,1,p:2.2.4.2.1.1
U657,26,FUSE2,490311.9,490311.9,492078.6,1766.7,1766.7,1035.4,0.586064,1,p:1.1.1.1.2.2
U658,26,FUSE2,490345.9,490345.9,492160.6,1814.7,1814.7,1035.4,0.570563,1,p:2.3.3.2.3.1
U659,26,FUSE2,490427.9,490427.9,492199.4,1771.5,1771.5,1035.4,0.584476,1,p:1.2.2.1.1.2
U660,26,FUSE2,490466.7,490466.7,492276.6,1809.9,1809.9,1035.4,0.572076,1,p:2.1.5.2.2.1
U661,26,FUSE2,490543.9,490543.9,492315.4,1771.5,1771.5,1035.4,0.584476,1,p:1.3.4.1.3.2
U662,26,FUSE2,490582.7,490582.7,492431.4,1848.7,1848.7,1035.4,0.560069,1,p:2.2.1.1.2.2
U1893,76,FUSE0,490664.7,490664.7,492397.4,1732.7,1732.7,941.0,0.543083,1,p:1.1.3.2.1.1
U1894,76,FUSE0,490698.7,490698.7,492513.4,1814.7,1814.7,941.0,0.518543,1,p:2.3.2.2.3.1
U1895,76,FUSE0,490780.7,490780.7,492552.2,1771.5,1771.5,941.0,0.531188,1,p:1.2.5.1.1.2
U1896,76,FUSE0,490819.5,490819.5,492629.4,1809.9,1809.9,941.0,0.519918,1,p:2.1.4.2.2.1
U1897,76,FUSE0,490896.7,490896.7,492668.2,1771.5,1771.5,941.0,0.531188,1,p:1.3.3.1.3.2
U1898,76,FUSE0,490935.5,490935.5,492750.2,1814.7,1814.7,941.0,0.518543,1,p:2.2.1.2.1.1
U1899,76,FUSE0,491017.5,491017.5,492784.2,1766.7,1766.7,941.0,0.532631,1,p:1.1.2.1.2.2
U1900,76,FUSE0,491051.5,491051.5,492866.2,1814.7,1814.7,941.0,0.518543,1,p:2.3.5.2.3.1
U1901,76,FUSE1,491133.5,491133.5,492905.0,1771.5,1771.5,1003.0,0.566187,1,p:1.2.4.1.1.2
U1902,76,FUSE1,491172.3,491172.3,492982.2,1809.9,1809.9,1003.0,0.554174,1,p:2.1.3.2.2.1
U1903,76,FUSE1,491249.5,491249.5,493021.0,1771.5,1771.5,1003.0,0.566187,1,p:1.3.1.1.3.2
U1904,76,FUSE1,491288.3,491288.3,493103.0,1814.7,1814.7,1003.0,0.552708,1,p:2.2.2.2.1.1
U1905,76,FUSE1,491370.3,491370.3,493137.0,1766.7,1766.7,1003.0,0.567725,1,p:1.1.5.1.2.2
U1906,76,FUSE1,491404.3,491404.3,493219.0,1814.7,1814.7,1003.0,0.552708,1,p:2.3.4.2.3.1
U1907,76,FUSE1,491486.3,491486.3,493257.8,1771.5,1771.5,1003.0,0.566187,1,p:1.2.3.1.1.2
U1908,76,FUSE1,491525.1,491525.1,493335.0,1809.9,1809.9,1003.0,0.554174,1,p:2.1.1.2.2.1
U1909,76,FUSE2,491602.3,491602.3,493373.8,1771.5,1771.5,1035.4,0.584476,1,p:1.3.2.1.3.2
U1910,76,FUSE2,491641.1,491641.1,493455.8,1814.7,1814.7,1035.4,0.570563,1,p:2.2.5.2.1.1
U1911,76,FUSE2,491723.1,491723.1,493489.8,1766.7,1766.7,1035.4,0.586064,1,p:1.1.4.1.2.2
U1912,76,FUSE2,491757.1,491757.1,493571.8,1814.7,1814.7,1035.4,0.570563,1,p:2.3.3.2.3.1
U1913,76,FUSE2,491839.1,491839.1,493610.6,1771.5,1771.5,1035.4,0.584476,1,p:1.2.1.1.1.2
U1914,76,FUSE2,491877.9,491877.9,493687.8,1809.9,1809.9,1035.4,0.572076,1,p:2.1.2.2.2.1
U1915,76,FUSE2,491955.1,491955.1,493726.6,1771.5,1771.5,1035.4,0.584476,1,p:1.3.5.1.3.2
U1916,76,FUSE2,491993.9,491993.9,493842.6,1848.7,1848.7,1035.4,0.560069,1,p:2.2.4.1.2.2
U2991,120,FUSE0,492075.9,492075.9,493934.2,1858.3,1858.3,941.0,0.506377,1,p:1.1.3.2.3.1
U2992,120,FUSE0,492109.9,492109.9,493818.2,1708.3,1708.3,941.0,0.55084,1,p:2.3.1.2.1.1
U2993,120,FUSE0,492191.9,492191.9,493973.0,1781.1,1781.1,941.0,0.528325,1,p:1.2.2.1.1.2
U2994,120,FUSE0,492230.7,492230.7,494050.2,1819.5,1819.5,941.0,0.517175,1,p:2.1.5.2.2.1
U2995,120,FUSE0,492307.9,492307.9,494205.0,1897.1,1897.1,941.0,0.49602,1,p:1.3.4.1.2.2
U2996,120,FUSE0,492346.7,492346.7,494171.0,1824.3,1824.3,941.0,0.515814,1,p:2.2.3.2.1.1
U2997,120,FUSE0,492428.7,492428.7,494089.0,1660.3,1660.3,941.0,0.566765,1,p:1.1.1.1.3.2
U2998,120,FUSE0,492462.7,492462.7,494287.0,1824.3,1824.3,941.0,0.515814,1,p:2.3.2.2.3.1
U2999,120,FUSE1,492544.7,492544.7,494325.8,1781.1,1781.1,1003.0,0.563135,1,p:1.2.5.1.1.2
U3000,120,FUSE1,492583.5,492583.5,494523.8,1940.3,1940.3,1003.0,0.51693,1,p:2.1.4.2.1.1
U3001,120,FUSE1,492660.7,492660.7,494441.8,1781.1,1781.1,1003.0,0.563135,1,p:1.3.3.1.3.2
U3002,120,FUSE1,492699.5,492699.5,494403.0,1703.5,1703.5,1003.0,0.588788,1,p:2.2.1.2.2.1
U3003,120,FUSE1,492781.5,492781.5,494557.8,1776.3,1776.3,1003.0,0.564657,1,p:1.1.2.1.2.2
U3004,120,FUSE1,492815.5,492815.5,494639.8,1824.3,1824.3,1003.0,0.5498,1,p:2.3.5.2.3.1
U3005,120,FUSE1,492897.5,492897.5,494794.6,1897.1,1897.1,1003.0,0.528702,1,p:1.2.4.1.3.2
U3006,120,FUSE1,492936.3,492936.3,494755.8,1819.5,1819.5,1003.0,0.55125,1,p:2.1.3.2.2.1
U3007,120,FUSE2,493013.5,493013.5,494678.6,1665.1,1665.1,1035.4,0.621825,1,p:1.3.1.1.1.2
U3008,120,FUSE2,493052.3,493052.3,494876.6,1824.3,1824.3,1035.4,0.56756,1,p:2.2.2.2.1.1
U3009,120,FUSE2,493134.3,493134.3,494910.6,1776.3,1776.3,1035.4,0.582897,1,p:1.1.5.1.2.2
U3010,120,FUSE2,493168.3,493168.3,495031.4,1863.1,1863.1,1035.4,0.55574,1,p:2.3.4.1.1.2
U3011,120,FUSE2,493250.3,493250.3,495108.6,1858.3,1858.3,1035.4,0.557176,1,p:1.2.3.2.2.1
U3012,120,FUSE2,493289.1,493289.1,494992.6,1703.5,1703.5,1035.4,0.607807,1,p:2.1.1.2.3.1
U3013,120,FUSE2,493366.3,493366.3,495147.4,1781.1,1781.1,1035.4,0.581326,1,p:1.3.2.1.3.2
U3014,120,FUSE2,493405.1,493405.1,495414.2,2009.1,2009.1,1035.4,0.515355,1,p:2.2.5.1.1.2
U4159,167,FUSE0,493487.1,493487.1,495375.4,1888.3,1888.3,941.0,0.498332,1,p:1.1.4.2.3.1
U4160,167,FUSE0,493521.1,493521.1,495263.4,1742.3,1742.3,941.0,0.540091,1,p:2.3.3.1.2.2
U4161,167,FUSE0,493603.1,493603.1,495259.4,1656.3,1656.3,941.0,0.568134,1,p:1.2.1.2.1.1
U4162,167,FUSE0,493641.9,493641.9,495491.4,1849.5,1849.5,941.0,0.508786,1,p:2.1.2.1.2.1
U4163,167,FUSE0,493719.1,493719.1,495646.2,1927.1,1927.1,941.0,0.488298,1,p:1.3.5.2.2.2
U4164,167,FUSE0,493757.9,493757.9,495750.3,1992.4,1992.4,941.0,0.472295,1,p:2.2.4.1.3.1
U4165,167,FUSE0,493849.5,493849.5,495530.2,1680.7,1680.7,941.0,0.559886,1,p:1.1.3.2.3.2
U4166,167,FUSE0,493873.9,493873.9,495634.3,1760.4,1760.4,941.0,0.534538,1,p:2.3.1.1.1.1
U4167,167,FUSE0,493965.5,493965.5,495789.1,1823.6,1823.6,941.0,0.516012,1,p:1.2.2.2.1.2
U4168,167,FUSE1,494004.3,494004.3,495987.1,1982.8,1982.8,1003.0,0.50585,1,p:2.1.5.1.1.1
U4169,167,FUSE1,494081.5,494081.5,496021.1,1939.6,1939.6,1003.0,0.517117,1,p:1.3.4.2.2.2
U4170,167,FUSE1,494120.3,494120.3,495866.3,1746.0,1746.0,1003.0,0.574456,1,p:2.2.3.1.2.1
U4171,167,FUSE1,494202.3,494202.3,495905.1,1702.8,1702.8,1003.0,0.58903,1,p:1.1.1.2.3.2
U4172,167,FUSE1,494236.3,494236.3,496103.1,1866.8,1866.8,1003.0,0.537283,1,p:2.3.2.1.3.1
U4173,167,FUSE1,494318.3,494318.3,496257.9,1939.6,1939.6,1003.0,0.517117,1,p:1.2.5.2.3.2
U4174,167,FUSE1,494357.1,494357.1,496339.9,1982.8,1982.8,1003.0,0.50585,1,p:2.1.4.1.1.1
U4175,167,FUSE1,494434.3,494434.3,496141.9,1707.6,1707.6,1003.0,0.587374,1,p:1.3.3.2.1.2
U4176,167,FUSE1,494473.1,494473.1,496219.1,1746.0,1746.0,1003.0,0.574456,1,p:2.2.1.1.2.1
U4177,167,FUSE2,494555.1,494555.1,496373.9,1818.8,1818.8,1035.4,0.569276,1,p:1.1.2.2.2.2
U4178,167,FUSE2,494589.1,494589.1,496571.9,1982.8,1982.8,1035.4,0.522191,1,p:2.3.5.1.2.1
U4179,167,FUSE2,494671.1,494671.1,496610.7,1939.6,1939.6,1035.4,0.533821,1,p:1.2.4.2.3.2
U4180,167,FUSE2,494709.9,494709.9,496455.9,1746.0,1746.0,1035.4,0.593013,1,p:2.1.3.1.3.1
U4181,167,FUSE2,494787.1,494787.1,496494.7,1707.6,1707.6,1035.4,0.606348,1,p:1.3.1.2.1.2
U4182,167,FUSE2,494825.9,494825.9,496692.7,1866.8,1866.8,1035.4,0.554639,1,p:2.2.2.1.1.1
U4183,167,FUSE2,494907.9,494907.9,496924.7,2016.8,2016.8,1035.4,0.513388,1,p:1.1.5.1.3.1
U4184,167,FUSE2,494941.9,494941.9,496887.8,1945.9,1945.9,1035.4,0.532093,1,p:2.3.4.2.1.2
U4185,167,FUSE2,495023.9,495023.9,496808.7,1784.8,1784.8,1035.4,0.580121,1,p:1.2.3.1.2.1
U4186,167,FUSE2,495062.7,495062.7,496726.7,1664.0,1664.0,1035.4,0.622236,1,p:2.1.1.2.3.2
U2831,114,FUSE0,495139.9,495139.9,497003.8,1863.9,1863.9,941.0,0.504855,1,p:1.3.2.1.2.2
U2832,114,FUSE0,495178.7,495178.7,497198.6,2019.9,2019.9,941.0,0.465865,1,p:2.2.5.2.2.1
U2833,114,FUSE0,495290.7,495290.7,497260.7,1970.0,1970.0,941.0,0.477665,1,p:1.1.4.1.1.2
U2834,114,FUSE0,495294.7,495294.7,497082.6,1787.9,1787.9,941.0,0.526316,1,p:2.3.3.2.1.1
U2835,114,FUSE0,495406.7,495406.7,497119.8,1713.1,1713.1,941.0,0.549297,1,p:1.2.1.1.3.2
U2836,114,FUSE0,495445.5,495445.5,497314.6,1869.1,1869.1,941.0,0.503451,1,p:2.1.2.2.3.1
U2837,114,FUSE0,495522.7,495522.7,497492.7,1970.0,1970.0,941.0,0.477665,1,p:1.3.5.1.3.2
U2838,114,FUSE0,495561.5,495561.5,497571.5,2010.0,2010.0,941.0,0.468159,1,p:2.2.4.2.2.1
U2839,114,FUSE0,495665.6,495665.6,497376.7,1711.1,1711.1,941.0,0.549939,1,p:1.1.3.1.2.2
U2840,114,FUSE0,495677.5,495677.5,497455.5,1778.0,1778.0,941.0,0.529246,1,p:2.3.1.2.1.1
U2841,114,FUSE1,495781.6,495781.6,497613.5,1831.9,1831.9,1003.0,0.547519,1,p:1.2.2.1.1.2
U2842,114,FUSE1,495820.4,495820.4,497808.3,1987.9,1987.9,1003.0,0.504553,1,p:2.1.5.2.1.1
U2843,114,FUSE1,495897.6,495897.6,497845.5,1947.9,1947.9,1003.0,0.514913,1,p:1.3.4.1.3.2
U2844,114,FUSE1,495936.4,495936.4,497687.5,1751.1,1751.1,1003.0,0.572783,1,p:2.2.3.2.3.1
U2845,114,FUSE1,496018.4,496018.4,497729.5,1711.1,1711.1,1003.0,0.586173,1,p:1.1.1.1.2.2
U2846,114,FUSE1,496052.4,496052.4,497924.3,1871.9,1871.9,1003.0,0.535819,1,p:2.3.2.2.2.1
U2847,114,FUSE1,496134.4,496134.4,498082.3,1947.9,1947.9,1003.0,0.514913,1,p:1.2.5.1.2.2
U2848,114,FUSE1,496173.2,496173.2,498161.1,1987.9,1987.9,1003.0,0.504553,1,p:2.1.4.2.1.1
U2849,114,FUSE1,496250.4,496250.4,497966.3,1715.9,1715.9,1003.0,0.584533,1,p:1.3.3.1.1.2
U2850,114,FUSE1,496289.2,496289.2,498040.3,1751.1,1751.1,1003.0,0.572783,1,p:2.2.1.2.3.1
U2851,114,FUSE2,496371.2,496371.2,498198.3,1827.1,1827.1,1035.4,0.56669,1,p:1.1.2.1.3.2
U2852,114,FUSE2,496405.2,496405.2,498393.1,1987.9,1987.9,1035.4,0.520851,1,p:2.3.5.2.3.1
U2853,114,FUSE2,496487.2,496487.2,498435.1,1947.9,1947.9,1035.4,0.531547,1,p:1.2.4.1.2.2
U2854,114,FUSE2,496526.0,496526.0,498277.1,1751.1,1751.1,1035.4,0.591285,1,p:2.1.3.2.2.1
U2855,114,FUSE2,496603.2,496603.2,498319.1,1715.9,1715.9,1035.4,0.603415,1,p:1.3.1.1.1.2
U2856,114,FUSE2,496642.0,496642.0,498513.9,1871.9,1871.9,1035.4,0.553128,1,p:2.2.2.2.1.1
U2857,114,FUSE2,496724.0,496724.0,498671.9,1947.9,1947.9,1035.4,0.531547,1,p:1.1.5.1.1.2
U2858,114,FUSE2,496758.0,496758.0,498745.9,1987.9,1987.9,1035.4,0.520851,1,p:2.3.4.2.3.1
U2859,114,FUSE2,496840.0,496840.0,498551.1,1711.1,1711.1,1035.4,0.605108,1,p:1.2.3.1.3.2
U2860,114,FUSE2,496919.1,496919.1,498629.9,1710.8,1710.8,1035.4,0.605214,1,p:2.1.1.2.2.1
U2861,114,FUSE2,496956.0,496956.0,498787.9,1831.9,1831.9,1035.4,0.565206,1,p:1.3.2.1.2.2
U2200,89,FUSE0,497035.1,497035.1,498982.7,1947.6,1947.6,941.0,0.483159,1,p:2.2.5.2.2.1
U2201,89,FUSE0,497113.9,497113.9,499024.7,1910.8,1910.8,941.0,0.492464,1,p:1.1.4.1.1.2
U2202,89,FUSE0,497151.1,497151.1,498866.7,1715.6,1715.6,941.0,0.548496,1,p:2.3.3.2.1.1
U2203,89,FUSE0,497229.9,497229.9,498903.9,1674.0,1674.0,941.0,0.562127,1,p:1.2.1.1.3.2
U2204,89,FUSE0,497292.0,497292.0,499098.7,1806.7,1806.7,941.0,0.520839,1,p:2.1.2.2.3.1
U2205,89,FUSE0,497345.9,497345.9,499256.7,1910.8,1910.8,941.0,0.492464,1,p:1.3.5.1.3.2
U2206,89,FUSE0,497408.0,497408.0,499219.5,1811.5,1811.5,941.0,0.519459,1,p:2.2.4.2.1.1
U2207,89,FUSE0,497486.8,497486.8,499140.7,1653.9,1653.9,941.0,0.568958,1,p:1.1.3.1.2.2
U2208,89,FUSE1,497524.0,497524.0,499335.5,1811.5,1811.5,1003.0,0.553685,1,p:2.3.1.2.2.1
U2209,89,FUSE1,497602.8,497602.8,499377.5,1774.7,1774.7,1003.0,0.565166,1,p:1.2.2.1.1.2
U2210,89,FUSE1,497644.8,497644.8,499572.3,1927.5,1927.5,1003.0,0.520363,1,p:2.1.5.2.1.1
U2211,89,FUSE1,497718.8,497718.8,499493.5,1774.7,1774.7,1003.0,0.565166,1,p:1.3.4.1.2.2
U2212,89,FUSE1,497760.8,497760.8,499451.5,1690.7,1690.7,1003.0,0.593245,1,p:2.2.3.2.3.1
U2213,89,FUSE1,497839.6,497839.6,499609.5,1769.9,1769.9,1003.0,0.566699,1,p:1.1.1.1.3.2
U2214,89,FUSE1,497876.8,497876.8,499688.3,1811.5,1811.5,1003.0,0.553685,1,p:2.3.2.2.2.1
U2215,89,FUSE1,497955.6,497955.6,499730.3,1774.7,1774.7,1003.0,0.565166,1,p:1.2.5.1.1.2
U2216,89,FUSE2,497997.6,497997.6,499804.3,1806.7,1806.7,1035.4,0.573089,1,p:2.1.4.2.3.1
U2217,89,FUSE2,498071.6,498071.6,499846.3,1774.7,1774.7,1035.4,0.583423,1,p:1.3.3.1.2.2
U2218,89,FUSE2,498113.6,498113.6,499925.1,1811.5,1811.5,1035.4,0.571571,1,p:2.2.1.2.1.1
U2219,89,FUSE2,498192.4,498192.4,499962.3,1769.9,1769.9,1035.4,0.585005,1,p:1.1.2.1.3.2
U2220,89,FUSE2,498229.6,498229.6,500041.1,1811.5,1811.5,1035.4,0.571571,1,p:2.3.5.2.2.1
U2221,89,FUSE2,498308.4,498308.4,500083.1,1774.7,1774.7,1035.4,0.583423,1,p:1.2.4.1.1.2
U2222,89,FUSE2,498350.4,498350.4,500157.1,1806.7,1806.7,1035.4,0.573089,1,p:2.1.3.2.3.1
U2223,89,FUSE2,498424.4,498424.4,500199.1,1774.7,1774.7,1035.4,0.583423,1,p:1.3.1.1.2.2
U5878,235,FUSE0,498466.4,498466.4,500277.9,1811.5,1811.5,941.0,0.519459,1,p:2.2.2.2.1.1
U5879,235,FUSE0,498545.2,498545.2,500315.1,1769.9,1769.9,941.0,0.531668,1,p:1.1.5.1.3.2
U5880,235,FUSE0,498582.4,498582.4,500393.9,1811.5,1811.5,941.0,0.519459,1,p:2.3.4.2.2.1
U5881,235,FUSE0,498661.2,498661.2,500435.9,1774.7,1774.7,941.0,0.53023,1,p:1.2.3.1.1.2
U5882,235,FUSE0,498703.2,498703.2,500509.9,1806.7,1806.7,941.0,0.520839,1,p:2.1.1.2.3.1
U5883,235,FUSE0,498777.2,498777.2,500551.9,1774.7,1774.7,941.0,0.53023,1,p:1.3.2.1.2.2
U5884,235,FUSE0,498819.2,498819.2,500630.7,1811.5,1811.5,941.0,0.519459,1,p:2.2.5.2.1.1
U5885,235,FUSE0,498898.0,498898.0,500667.9,1769.9,1769.9,941.0,0.531668,1,p:1.1.4.1.3.2
U5886,235,FUSE0,498935.2,498935.2,500746.7,1811.5,1811.5,941.0,0.519459,1,p:2.3.3.2.2.1
U5887,235,FUSE1,499014.0,499014.0,500788.7,1774.7,1774.7,1003.0,0.565166,1,p:1.2.1.1.1.2
U5888,235,FUSE1,499056.0,499056.0,500862.7,1806.7,1806.7,1003.0,0.555156,1,p:2.1.2.2.3.1
U5889,235,FUSE1,499130.0,499130.0,500904.7,1774.7,1774.7,1003.0,0.565166,1,p:1.3.5.1.2.2
U5890,235,FUSE1,499172.0,499172.0,500983.5,1811.5,1811.5,1003.0,0.553685,1,p:2.2.4.2.1.1
U5891,235,FUSE1,499250.8,499250.8,501020.7,1769.9,1769.9,1003.0,0.566699,1,p:1.1.3.1.3.2
U5892,235,FUSE1,499288.0,499288.0,501099.5,1811.5,1811.5,1003.0,0.553685,1,p:2.3.1.2.2.1
U5893,235,FUSE1,499366.8,499366.8,501141.5,1774.7,1774.7,1003.0,0.565166,1,p:1.2.2.1.1.2
U5894,235,FUSE1,499408.8,499408.8,501215.5,1806.7,1806.7,1003.0,0.555156,1,p:2.1.5.2.3.1
U5895,235,FUSE1,499482.8,499482.8,501257.5,1774.7,1774.7,1003.0,0.565166,1,p:1.3.4.1.2.2
U5896,235,FUSE2,499524.8,499524.8,501336.3,1811.5,1811.5,1035.4,0.571571,1,p:2.2.3.2.1.1
U5897,235,FUSE2,499603.6,499603.6,501373.5,1769.9,1769.9,1035.4,0.585005,1,p:1.1.1.1.3.2
U5898,235,FUSE2,499640.8,499640.8,501452.3,1811.5,1811.5,1035.4,0.571571,1,p:2.3.2.2.2.1
U5899,235,FUSE2,499719.6,499719.6,501494.3,1774.7,1774.7,1035.4,0.583423,1,p:1.2.5.1.1.2
U5900,235,FUSE2,499761.6,499761.6,501568.3,1806.7,1806.7,1035.4,0.573089,1,p:2.1.4.2.3.1
U5901,235,FUSE2,499835.6,499835.6,501610.3,1774.7,1774.7,1035.4,0.583423,1,p:1.3.3.1.2.2
U5902,235,FUSE2,499877.6,499877.6,501726.3,1848.7,1848.7,1035.4,0.560069,1,p:2.2.1.1.3.2
U5903,235,FUSE2,499956.4,499956.4,501689.1,1732.7,1732.7,1035.4,0.597564,1,p:1.1.2.2.1.1
U4187,168,FUSE0,499993.6,499993.6,501805.1,1811.5,1811.5,941.0,0.519459,1,p:2.3.5.2.2.1
U4188,168,FUSE0,500072.4,500072.4,501847.1,1774.7,1774.7,941.0,0.53023,1,p:1.2.4.1.1.2
U4189,168,FUSE0,500114.4,500114.4,501921.1,1806.7,1806.7,941.0,0.520839,1,p:2.1.3.2.3.1
U4190,168,FUSE0,500188.4,500188.4,502079.1,1890.7,1890.7,941.0,0.497699,1,p:1.3.5.1.3.2
U4191,168,FUSE0,500230.4,500230.4,502041.9,1811.5,1811.5,941.0,0.519459,1,p:2.2.1.2.1.1
U4192,168,FUSE0,500309.2,500309.2,501963.1,1653.9,1653.9,941.0,0.568958,1,p:1.1.2.1.2.2
U4193,168,FUSE0,500346.4,500346.4,502157.9,1811.5,1811.5,941.0,0.519459,1,p:2.3.4.2.2.1
U4194,168,FUSE0,500425.2,500425.2,502199.9,1774.7,1774.7,941.0,0.53023,1,p:1.2.3.1.1.2
U4195,168,FUSE0,500467.2,500467.2,502273.9,1806.7,1806.7,941.0,0.520839,1,p:2.1.5.2.3.1
U4196,168,FUSE1,500541.2,500541.2,502315.9,1774.7,1774.7,1003.0,0.565166,1,p:1.3.1.1.2.2
U4197,168,FUSE1,500583.2,500583.2,502394.7,1811.5,1811.5,1003.0,0.553685,1,p:2.2.2.2.1.1
U4198,168,FUSE1,500662.0,500662.0,502431.9,1769.9,1769.9,1003.0,0.566699,1,p:1.1.4.1.3.2
U4199,168,FUSE1,500699.2,500699.2,502510.7,1811.5,1811.5,1003.0,0.553685,1,p:2.3.3.2.2.1
U4200,168,FUSE1,500778.0,500778.0,502552.7,1774.7,1774.7,1003.0,0.565166,1,p:1.2.5.1.1.2
U4201,168,FUSE1,500820.0,500820.0,502626.7,1806.7,1806.7,1003.0,0.555156,1,p:2.1.1.2.3.1
U4202,168,FUSE1,500894.0,500894.0,502668.7,1774.7,1774.7,1003.0,0.565166,1,p:1.3.2.1.2.2
U4203,168,FUSE1,500936.0,500936.0,502747.5,1811.5,1811.5,1003.0,0.553685,1,p:2.2.4.2.1.1
U4204,168,FUSE1,501014.8,501014.8,502784.7,1769.9,1769.9,1003.0,0.566699,1,p:1.1.3.1.3.2
U4205,168,FUSE2,501052.0,501052.0,502863.5,1811.5,1811.5,1035.4,0.571571,1,p:2.3.5.2.2.1
U4206,168,FUSE2,501130.8,501130.8,502905.5,1774.7,1774.7,1035.4,0.583423,1,p:1.2.1.1.1.2
U4207,168,FUSE2,501172.8,501172.8,502979.5,1806.7,1806.7,1035.4,0.573089,1,p:2.1.2.2.3.1
U4208,168,FUSE2,501246.8,501246.8,503021.5,1774.7,1774.7,1035.4,0.583423,1,p:1.3.4.1.2.2
U4209,168,FUSE2,501288.8,501288.8,503100.3,1811.5,1811.5,1035.4,0.571571,1,p:2.2.3.2.1.1
U4210,168,FUSE2,501367.6,501367.6,503137.5,1769.9,1769.9,1035.4,0.585005,1,p:1.1.5.1.3.2
U4211,168,FUSE2,501404.8,501404.8,503216.3,1811.5,1811.5,1035.4,0.571571,1,p:2.3.1.2.2.1
U4212,168,FUSE2,501483.6,501483.6,503374.3,1890.7,1890.7,1035.4,0.547628,1,p:1.2.2.1.2.2
U7996,320,FUSE0,501525.6,501525.6,503332.3,1806.7,1806.7,941.0,0.520839,1,p:2.1.4.2.3.1
U7997,320,FUSE0,501599.6,501599.6,503258.3,1658.7,1658.7,941.0,0.567312,1,p:1.3.3.1.1.2
U7998,320,FUSE0,501641.6,501641.6,503453.1,1811.5,1811.5,941.0,0.519459,1,p:2.2.5.2.1.1
U7999,320,FUSE0,501720.4,501720.4,503611.1,1890.7,1890.7,941.0,0.497699,1,p:1.1.4.1.1.2
U8000,320,FUSE0,501757.6,501757.6,503569.1,1811.5,1811.5,941.0,0.519459,1,p:2.3.3.2.2.1
U8001,320,FUSE0,501836.4,501836.4,503490.3,1653.9,1653.9,941.0,0.568958,1,p:1.2.1.1.3.2
U8002,320,FUSE0,501878.4,501878.4,503685.1,1806.7,1806.7,941.0,0.520839,1,p:2.1.2.2.3.1
U8003,320,FUSE0,501952.4,501952.4,503727.1,1774.7,1774.7,941.0,0.53023,1,p:1.3.5.1.2.2
U8004,320,FUSE1,501994.4,501994.4,503921.9,1927.5,1927.5,1003.0,0.520363,1,p:2.2.4.2.2.1
U8005,320,FUSE1,502073.2,502073.2,503843.1,1769.9,1769.9,1003.0,0.566699,1,p:1.1.3.1.3.2
U8006,320,FUSE1,502110.4,502110.4,503805.9,1695.5,1695.5,1003.0,0.591566,1,p:2.3.1.2.1.1
U8007,320,FUSE1,502189.2,502189.2,503963.9,1774.7,1774.7,1003.0,0.565166,1,p:1.2.2.1.1.2
U8008,320,FUSE1,502231.2,502231.2,504037.9,1806.7,1806.7,1003.0,0.555156,1,p:2.1.5.2.3.1
U8009,320,FUSE1,502305.2,502305.2,504195.9,1890.7,1890.7,1003.0,0.530491,1,p:1.3.4.1.3.2
U8010,320,FUSE1,502347.2,502347.2,504158.7,1811.5,1811.5,1003.0,0.553685,1,p:2.2.3.2.1.1
U8011,320,FUSE1,502426.0,502426.0,504079.9,1653.9,1653.9,1003.0,0.606445,1,p:1.1.1.1.2.2
U8012,320,FUSE2,502463.2,502463.2,504274.7,1811.5,1811.5,1035.4,0.571571,1,p:2.3.2.2.2.1
U8013,320,FUSE2,502542.0,502542.0,504316.7,1774.7,1774.7,1035.4,0.583423,1,p:1.2.5.1.1.2
U8014,320,FUSE2,502584.0,502584.0,504511.5,1927.5,1927.5,1035.4,0.537173,1,p:2.1.4.2.1.1
U8015,320,FUSE2,502658.0,502658.0,504432.7,1774.7,1774.7,1035.4,0.583423,1,p:1.3.3.1.2.2
U8016,320,FUSE2,502700.0,502700.0,504390.7,1690.7,1690.7,1035.4,0.612409,1,p:2.2.1.2.3.1
U8017,320,FUSE2,502778.8,502778.8,504548.7,1769.9,1769.9,1035.4,0.585005,1,p:1.1.2.1.3.2
U8018,320,FUSE2,502816.0,502816.0,504785.5,1969.5,1969.5,1035.4,0.525717,1,p:2.3.5.1.2.2
U8302,332,FUSE0,502894.8,502894.8,504627.5,1732.7,1732.7,941.0,0.543083,1,p:1.2.4.2.2.1
U8303,332,FUSE0,502936.8,502936.8,504743.5,1806.7,1806.7,941.0,0.520839,1,p:2.1.3.2.3.1
U8304,332,FUSE0,503010.8,503010.8,504669.5,1658.7,1658.7,941.0,0.567312,1,p:1.3.1.1.1.2
U8305,332,FUSE0,503052.8,503052.8,504864.3,1811.5,1811.5,941.0,0.519459,1,p:2.2.2.2.1.1
U8306,332,FUSE0,503131.6,503131.6,504901.5,1769.9,1769.9,941.0,0.531668,1,p:1.1.4.1.3.2
U8307,332,FUSE0,503168.8,503168.8,505096.3,1927.5,1927.5,941.0,0.488197,1,p:2.3.5.2.3.1
U8308,332,FUSE0,503247.6,503247.6,505022.3,1774.7,1774.7,941.0,0.53023,1,p:1.2.3.1.1.2
U8309,332,FUSE0,503289.6,503289.6,504980.3,1690.7,1690.7,941.0,0.556574,1,p:2.1.1.2.2.1
U8310,332,FUSE1,503363.6,503363.6,505138.3,1774.7,1774.7,1003.0,0.565166,1,p:1.3.2.1.2.2
U8311,332,FUSE1,503405.6,503405.6,505217.1,1811.5,1811.5,1003.0,0.553685,1,p:2.2.4.2.1.1
U8312,332,FUSE1,503484.4,503484.4,505375.1,1890.7,1890.7,1003.0,0.530491,1,p:1.1.5.1.1.2
U8313,332,FUSE1,503521.6,503521.6,505333.1,1811.5,1811.5,1003.0,0.553685,1,p:2.3.3.2.2.1
U8314,332,FUSE1,503600.4,503600.4,505254.3,1653.9,1653.9,1003.0,0.606445,1,p:1.2.1.1.3.2
U8315,332,FUSE1,503642.4,503642.4,505449.1,1806.7,1806.7,1003.0,0.555156,1,p:2.1.2.2.3.1
U8316,332,FUSE1,503716.4,503716.4,505491.1,1774.7,1774.7,1003.0,0.565166,1,p:1.3.4.1.2.2
U8317,332,FUSE1,503758.4,503758.4,505685.9,1927.5,1927.5,1003.0,0.520363,1,p:2.2.5.2.2.1
U8318,332,FUSE2,503837.2,503837.2,505607.1,1769.9,1769.9,1035.4,0.585005,1,p:1.1.3.1.3.2
U8319,332,FUSE2,503874.4,503874.4,505569.9,1695.5,1695.5,1035.4,0.610675,1,p:2.3.1.2.1.1
U8320,332,FUSE2,503953.2,503953.2,505727.9,1774.7,1774.7,1035.4,0.583423,1,p:1.2.2.1.1.2
U8321,332,FUSE2,503995.2,503995.2,505801.9,1806.7,1806.7,1035.4,0.573089,1,p:2.1.4.2.3.1
U8322,332,FUSE2,504069.2,504069.2,505959.9,1890.7,1890.7,1035.4,0.547628,1,p:1.3.5.1.3.2
U8323,332,FUSE2,504111.2,504111.2,505922.7,1811.5,1811.5,1035.4,0.571571,1,p:2.2.3.2.1.1
U8324,332,FUSE2,504190.0,504190.0,505843.9,1653.9,1653.9,1035.4,0.626035,1,p:1.1.1.1.2.2
U8325,332,FUSE2,504227.2,504227.2,506038.7,1811.5,1811.5,1035.4,0.571571,1,p:2.3.2.2.2.1
U8326,332,FUSE2,504306.0,504306.0,506275.5,1969.5,1969.5,1035.4,0.525717,1,p:1.2.4.2.1.1
U5607,224,FUSE0,504348.0,504348.0,506196.7,1848.7,1848.7,941.0,0.509006,1,p:2.1.5.1.2.2
U5608,224,FUSE0,504422.0,504422.0,506154.7,1732.7,1732.7,941.0,0.543083,1,p:1.3.3.2.3.1
U5609,224,FUSE0,504464.0,504464.0,506080.7,1616.7,1616.7,941.0,0.58205,1,p:2.2.1.1.1.2
U5610,224,FUSE0,504542.8,504542.8,506312.7,1769.9,1769.9,941.0,0.531668,1,p:1.1.2.1.3.2
U5611,224,FUSE0,504580.0,504580.0,506507.5,1927.5,1927.5,941.0,0.488197,1,p:2.3.5.2.3.1
U5612,224,FUSE0,504658.8,504658.8,506433.5,1774.7,1774.7,941.0,0.53023,1,p:1.2.3.1.1.2
U5613,224,FUSE0,504700.8,504700.8,506391.5,1690.7,1690.7,941.0,0.556574,1,p:2.1.1.2.2.1
U5614,224,FUSE0,504774.8,504774.8,506549.5,1774.7,1774.7,941.0,0.53023,1,p:1.3.4.1.2.2
U5615,224,FUSE1,504816.8,504816.8,506628.3,1811.5,1811.5,1003.0,0.553685,1,p:2.2.2.2.1.1
U5616,224,FUSE1,504895.6,504895.6,506786.3,1890.7,1890.7,1003.0,0.530491,1,p:1.1.5.1.1.2
U5617,224,FUSE1,504932.8,504932.8,506744.3,1811.5,1811.5,1003.0,0.553685,1,p:2.3.3.2.2.1
U5618,224,FUSE1,505011.6,505011.6,506665.5,1653.9,1653.9,1003.0,0.606445,1,p:1.2.1.1.3.2
U5619,224,FUSE1,505053.6,505053.6,506860.3,1806.7,1806.7,1003.0,0.555156,1,p:2.1.4.2.3.1
U5620,224,FUSE1,505127.6,505127.6,506902.3,1774.7,1774.7,1003.0,0.565166,1,p:1.3.2.1.2.2
U5621,224,FUSE1,505169.6,505169.6,506981.1,1811.5,1811.5,1003.0,0.553685,1,p:2.2.5.2.1.1
U5622,224,FUSE1,505248.4,505248.4,507018.3,1769.9,1769.9,1003.0,0.566699,1,p:1.1.3.1.3.2
U5623,224,FUSE2,505285.6,505285.6,507097.1,1811.5,1811.5,1035.4,0.571571,1,p:2.3.1.2.2.1
U5624,224,FUSE2,505364.4,505364.4,507139.1,1774.7,1774.7,1035.4,0.583423,1,p:1.2.4.1.1.2
U5625,224,FUSE2,505406.4,505406.4,507213.1,1806.7,1806.7,1035.4,0.573089,1,p:2.1.2.2.3.1
U5626,224,FUSE2,505480.4,505480.4,507255.1,1774.7,1774.7,1035.4,0.583423,1,p:1.3.5.1.2.2
U5627,224,FUSE2,505522.4,505522.4,507333.9,1811.5,1811.5,1035.4,0.571571,1,p:2.2.3.2.1.1
U5628,224,FUSE2,505601.2,505601.2,507371.1,1769.9,1769.9,1035.4,0.585005,1,p:1.1.1.1.3.2
U5629,224,FUSE2,505638.4,505638.4,507449.9,1811.5,1811.5,1035.4,0.571571,1,p:2.3.4.2.2.1
U5630,224,FUSE2,505717.2,505717.2,507565.9,1848.7,1848.7,1035.4,0.560069,1,p:1.2.2.2.3.1
U8739,350,FUSE0,505759.2,505759.2,507491.9,1732.7,1732.7,941.0,0.543083,1,p:2.1.5.1.1.2
U8740,350,FUSE0,505833.2,505833.2,507607.9,1774.7,1774.7,941.0,0.53023,1,p:1.3.3.1.2.2
U8741,350,FUSE0,505875.2,505875.2,507686.7,1811.5,1811.5,941.0,0.519459,1,p:2.2.1.2.1.1
U8742,350,FUSE0,505954.0,505954.0,507723.9,1769.9,1769.9,941.0,0.531668,1,p:1.1.4.1.3.2
U8743,350,FUSE0,505991.2,505991.2,507802.7,1811.5,1811.5,941.0,0.519459,1,p:2.3.5.2.2.1
U8744,350,FUSE0,506070.0,506070.0,507844.7,1774.7,1774.7,941.0,0.53023,1,p:1.2.2.1.1.2
U8745,350,FUSE0,506112.0,506112.0,507918.7,1806.7,1806.7,941.0,0.520839,1,p:2.1.3.2.3.1
U8746,350,FUSE0,506186.0,506186.0,507960.7,1774.7,1774.7,941.0,0.53023,1,p:1.3.1.1.2.2
U8747,350,FUSE0,506228.0,506228.0,508039.5,1811.5,1811.5,941.0,0.519459,1,p:2.2.4.2.1.1
U8748,350,FUSE1,506306.8,506306.8,508076.7,1769.9,1769.9,1003.0,0.566699,1,p:1.1.5.1.3.2
U8749,350,FUSE1,506344.0,506344.0,508155.5,1811.5,1811.5,1003.0,0.553685,1,p:2.3.2.2.2.1
U8750,350,FUSE1,506422.8,506422.8,508197.5,1774.7,1774.7,1003.0,0.565166,1,p:1.2.3.1.1.2
U8751,350,FUSE1,506464.8,506464.8,508271.5,1806.7,1806.7,1003.0,0.555156,1,p:2.1.1.2.3.1
U8752,350,FUSE1,506538.8,506538.8,508313.5,1774.7,1774.7,1003.0,0.565166,1,p:1.3.4.1.2.2
U8753,350,FUSE1,506580.8,506580.8,508392.3,1811.5,1811.5,1003.0,0.553685,1,p:2.2.5.2.1.1
U8754,350,FUSE1,506659.6,506659.6,508429.5,1769.9,1769.9,1003.0,0.566699,1,p:1.1.2.1.3.2
U8755,350,FUSE1,506696.8,506696.8,508508.3,1811.5,1811.5,1003.0,0.553685,1,p:2.3.3.2.2.1
U8756,350,FUSE2,506775.6,506775.6,508550.3,1774.7,1774.7,1035.4,0.583423,1,p:1.2.1.1.1.2
U8757,350,FUSE2,506817.6,506817.6,508624.3,1806.7,1806.7,1035.4,0.573089,1,p:2.1.4.2.3.1
U8758,350,FUSE2,506891.6,506891.6,508666.3,1774.7,1774.7,1035.4,0.583423,1,p:1.3.5.1.2.2
U8759,350,FUSE2,506933.6,506933.6,508745.1,1811.5,1811.5,1035.4,0.571571,1,p:2.2.2.2.1.1
U8760,350,FUSE2,507012.4,507012.4,508782.3,1769.9,1769.9,1035.4,0.585005,1,p:1.1.3.1.3.2
U8761,350,FUSE2,507049.6,507049.6,508861.1,1811.5,1811.5,1035.4,0.571571,1,p:2.3.1.2.2.1
U8762,350,FUSE2,507128.4,507128.4,508906.7,1778.3,1778.3,1035.4,0.582241,1,p:1.2.4.1.1.2
U8763,350,FUSE2,507170.4,507170.4,509138.7,1968.3,1968.3,1035.4,0.526038,1,p:2.1.5.1.3.2
U8764,350,FUSE2,507244.4,507244.4,509101.5,1857.1,1857.1,1035.4,0.557536,1,p:1.3.2.2.1.1
U3910,157,FUSE0,507286.4,507286.4,508977.1,1690.7,1690.7,941.0,0.556574,1,p:2.2.3.2.3.1
U3911,157,FUSE0,507365.2,507365.2,509022.7,1657.5,1657.5,941.0,0.567722,1,p:1.1.1.1.2.2
U3912,157,FUSE0,507402.4,507402.4,509217.5,1815.1,1815.1,941.0,0.518429,1,p:2.3.4.2.2.1
U3913,157,FUSE0,507481.2,507481.2,509259.5,1778.3,1778.3,941.0,0.529157,1,p:1.2.3.1.1.2
U3914,157,FUSE0,507523.2,507523.2,509454.3,1931.1,1931.1,941.0,0.487287,1,p:2.1.5.2.1.1
U3915,157,FUSE0,507597.2,507597.2,509375.5,1778.3,1778.3,941.0,0.529157,1,p:1.3.2.1.2.2
U3916,157,FUSE0,507639.2,507639.2,509333.5,1694.3,1694.3,941.0,0.555392,1,p:2.2.1.2.3.1
U3917,157,FUSE1,507718.0,507718.0,509491.5,1773.5,1773.5,1003.0,0.565548,1,p:1.1.4.1.3.2
U3918,157,FUSE1,507755.2,507755.2,509570.3,1815.1,1815.1,1003.0,0.552587,1,p:2.3.3.2.2.1
U3919,157,FUSE1,507834.0,507834.0,509728.3,1894.3,1894.3,1003.0,0.529483,1,p:1.2.5.1.2.2
U3920,157,FUSE1,507876.0,507876.0,509686.3,1810.3,1810.3,1003.0,0.554052,1,p:2.1.2.2.3.1
U3921,157,FUSE1,507950.0,507950.0,509612.3,1662.3,1662.3,1003.0,0.603381,1,p:1.3.1.1.1.2
U3922,157,FUSE1,507992.0,507992.0,509807.1,1815.1,1815.1,1003.0,0.552587,1,p:2.2.4.2.1.1
U3923,157,FUSE1,508070.8,508070.8,509844.3,1773.5,1773.5,1003.0,0.565548,1,p:1.1.3.1.3.2
U3924,157,FUSE2,508108.0,508108.0,510039.1,1931.1,1931.1,1035.4,0.536171,1,p:2.3.5.2.3.1
U3925,157,FUSE2,508186.8,508186.8,509965.1,1778.3,1778.3,1035.4,0.582241,1,p:1.2.2.1.1.2
U3926,157,FUSE2,508228.8,508228.8,509923.1,1694.3,1694.3,1035.4,0.611108,1,p:2.1.1.2.2.1
U3927,157,FUSE2,508302.8,508302.8,510081.1,1778.3,1778.3,1035.4,0.582241,1,p:1.3.4.1.2.2
U3928,157,FUSE2,508344.8,508344.8,510159.9,1815.1,1815.1,1035.4,0.570437,1,p:2.2.3.2.1.1
U3929,157,FUSE2,508423.6,508423.6,510391.9,1968.3,1968.3,1035.4,0.526038,1,p:1.1.5.2.3.1
U3930,157,FUSE2,508460.8,508460.8,510275.9,1815.1,1815.1,1035.4,0.570437,1,p:2.3.2.2.2.1
U1268,51,FUSE0,508539.6,508539.6,510197.1,1657.5,1657.5,941.0,0.567722,1,p:1.2.1.1.3.2
U1269,51,FUSE0,508581.6,508581.6,510317.9,1736.3,1736.3,941.0,0.541957,1,p:2.1.4.1.1.2
U1270,51,FUSE0,508655.6,508655.6,510433.9,1778.3,1778.3,941.0,0.529157,1,p:1.3.3.1.2.2
U1271,51,FUSE0,508697.6,508697.6,510512.7,1815.1,1815.1,941.0,0.518429,1,p:2.2.1.2.1.1
U1272,51,FUSE0,508776.4,508776.4,510670.7,1894.3,1894.3,941.0,0.496753,1,p:1.1.5.1.1.2
U1273,51,FUSE0,508813.6,508813.6,510628.7,1815.1,1815.1,941.0,0.518429,1,p:2.3.4.2.2.1
U1274,51,FUSE0,508892.4,508892.4,510549.9,1657.5,1657.5,941.0,0.567722,1,p:1.2.2.1.3.2
U1275,51,FUSE0,508938.0,508938.0,510744.7,1806.7,1806.7,941.0,0.520839,1,p:2.1.3.2.3.1
U1276,51,FUSE0,509008.4,509008.4,510786.7,1778.3,1778.3,941.0,0.529157,1,p:1.3.1.1.2.2
U1277,51,FUSE1,509054.0,509054.0,510981.5,1927.5,1927.5,1003.0,0.520363,1,p:2.2.5.2.2.1
U1278,51,FUSE1,509132.8,509132.8,510902.7,1769.9,1769.9,1003.0,0.566699,1,p:1.1.4.1.3.2
U1279,51,FUSE1,509170.0,509170.0,510865.5,1695.5,1695.5,1003.0,0.591566,1,p:2.3.2.2.1.1
U1280,51,FUSE1,509248.8,509248.8,511023.5,1774.7,1774.7,1003.0,0.565166,1,p:1.2.3.1.1.2
U1281,51,FUSE1,509290.8,509290.8,511097.5,1806.7,1806.7,1003.0,0.555156,1,p:2.1.1.2.3.1
U1282,51,FUSE1,509364.8,509364.8,511255.5,1890.7,1890.7,1003.0,0.530491,1,p:1.3.5.1.3.2
U1283,51,FUSE1,509406.8,509406.8,511218.3,1811.5,1811.5,1003.0,0.553685,1,p:2.2.4.2.1.1
U1284,51,FUSE1,509485.6,509485.6,511139.5,1653.9,1653.9,1003.0,0.606445,1,p:1.1.2.1.2.2
U1285,51,FUSE2,509522.8,509522.8,511334.3,1811.5,1811.5,1035.4,0.571571,1,p:2.3.3.2.2.1
U1286,51,FUSE2,509601.6,509601.6,511376.3,1774.7,1774.7,1035.4,0.583423,1,p:1.2.1.1.1.2
U1287,51,FUSE2,509643.6,509643.6,511571.1,1927.5,1927.5,1035.4,0.537173,1,p:2.1.5.2.1.1
U1288,51,FUSE2,509717.6,509717.6,511492.3,1774.7,1774.7,1035.4,0.583423,1,p:1.3.4.1.2.2
U1289,51,FUSE2,509759.6,509759.6,511450.3,1690.7,1690.7,1035.4,0.612409,1,p:2.2.2.2.3.1
U1290,51,FUSE2,509838.4,509838.4,511608.3,1769.9,1769.9,1035.4,0.585005,1,p:1.1.3.1.3.2
U1291,51,FUSE2,509875.6,509875.6,511687.1,1811.5,1811.5,1035.4,0.571571,1,p:2.3.1.2.2.1
U1292,51,FUSE2,509954.4,509954.4,511803.1,1848.7,1848.7,1035.4,0.560069,1,p:1.2.5.2.3.1
U1293,51,FUSE2,509996.4,509996.4,511845.1,1848.7,1848.7,1035.4,0.560069,1,p:2.1.4.1.2.2
U2224,90,FUSE0,510070.4,510070.4,511729.1,1658.7,1658.7,941.0,0.567312,1,p:1.3.2.1.1.2
U2225,90,FUSE0,510112.4,510112.4,511923.9,1811.5,1811.5,941.0,0.519459,1,p:2.2.3.2.1.1
U2226,90,FUSE0,510191.2,510191.2,511961.1,1769.9,1769.9,941.0,0.531668,1,p:1.1.1.1.3.2
U2227,90,FUSE0,510228.4,510228.4,512039.9,1811.5,1811.5,941.0,0.519459,1,p:2.3.2.2.2.1
U2228,90,FUSE0,510307.2,510307.2,512081.9,1774.7,1774.7,941.0,0.53023,1,p:1.2.5.1.1.2
U2229,90,FUSE0,510349.2,510349.2,512155.9,1806.7,1806.7,941.0,0.520839,1,p:2.1.4.2.3.1
U2230,90,FUSE0,510423.2,510423.2,512197.9,1774.7,1774.7,941.0,0.53023,1,p:1.3.3.1.2.2
U2231,90,FUSE0,510465.2,510465.2,512276.7,1811.5,1811.5,941.0,0.519459,1,p:2.2.1.2.1.1
U2232,90,FUSE1,510544.0,510544.0,512313.9,1769.9,1769.9,1003.0,0.566699,1,p:1.1.2.1.3.2
U2233,90,FUSE1,510581.2,510581.2,512392.7,1811.5,1811.5,1003.0,0.553685,1,p:2.3.5.2.2.1
U2234,90,FUSE1,510660.0,510660.0,512434.7,1774.7,1774.7,1003.0,0.565166,1,p:1.2.4.1.1.2
U2235,90,FUSE1,510702.0,510702.0,512508.7,1806.7,1806.7,1003.0,0.555156,1,p:2.1.3.2.3.1
U2236,90,FUSE1,510776.0,510776.0,512550.7,1774.7,1774.7,1003.0,0.565166,1,p:1.3.1.1.2.2
U2237,90,FUSE1,510818.0,510818.0,512629.5,1811.5,1811.5,1003.0,0.553685,1,p:2.2.2.2.1.1
U2238,90,FUSE1,510896.8,510896.8,512666.7,1769.9,1769.9,1003.0,0.566699,1,p:1.1.5.1.3.2
U2239,90,FUSE1,510934.0,510934.0,512745.5,1811.5,1811.5,1003.0,0.553685,1,p:2.3.4.2.2.1
U2240,90,FUSE2,511012.8,511012.8,512787.5,1774.7,1774.7,1035.4,0.583423,1,p:1.2.3.1.1.2
U2241,90,FUSE2,511054.8,511054.8,512861.5,1806.7,1806.7,1035.4,0.573089,1,p:2.1.1.2.3.1
U2242,90,FUSE2,511128.8,511128.8,512903.5,1774.7,1774.7,1035.4,0.583423,1,p:1.3.2.1.2.2
U2243,90,FUSE2,511170.8,511170.8,512982.3,1811.5,1811.5,1035.4,0.571571,1,p:2.2.5.2.1.1
U2244,90,FUSE2,511249.6,511249.6,513019.5,1769.9,1769.9,1035.4,0.585005,1,p:1.1.4.1.3.2
U2245,90,FUSE2,511286.8,511286.8,513098.3,1811.5,1811.5,1035.4,0.571571,1,p:2.3.3.2.2.1
U2246,90,FUSE2,511365.6,511365.6,513140.3,1774.7,1774.7,1035.4,0.583423,1,p:1.2.1.1.1.2
U2247,90,FUSE2,511407.6,511407.6,513214.3,1806.7,1806.7,1035.4,0.573089,1,p:2.1.2.2.3.1
U992,40,FUSE0,511481.6,511481.6,513335.1,1853.5,1853.5,941.0,0.507688,1,p:1.3.5.2.1.1
U993,40,FUSE0,511523.6,511523.6,513256.3,1732.7,1732.7,941.0,0.543083,1,p:2.2.4.1.2.2
U994,40,FUSE0,511602.4,511602.4,513372.3,1769.9,1769.9,941.0,0.531668,1,p:1.1.3.1.3.2
U995,40,FUSE0,511639.6,511639.6,513451.1,1811.5,1811.5,941.0,0.519459,1,p:2.3.1.2.2.1
U996,40,FUSE0,511718.4,511718.4,513609.1,1890.7,1890.7,941.0,0.497699,1,p:1.2.5.1.2.2
U997,40,FUSE0,511760.4,511760.4,513567.1,1806.7,1806.7,941.0,0.520839,1,p:2.1.4.2.3.1
U998,40,FUSE0,511834.4,511834.4,513493.1,1658.7,1658.7,941.0,0.567312,1,p:1.3.2.1.1.2
U999,40,FUSE0,511876.4,511876.4,513687.9,1811.5,1811.5,941.0,0.519459,1,p:2.2.3.2.1.1
U1000,40,FUSE0,511955.2,511955.2,513725.1,1769.9,1769.9,941.0,0.531668,1,p:1.1.1.1.3.2
U1001,40,FUSE1,511992.4,511992.4,513919.9,1927.5,1927.5,1003.0,0.520363,1,p:2.3.5.2.3.1
U1002,40,FUSE1,512071.2,512071.2,513845.9,1774.7,1774.7,1003.0,0.565166,1,p:1.2.4.1.1.2
U1003,40,FUSE1,512113.2,512113.2,513803.9,1690.7,1690.7,1003.0,0.593245,1,p:2.1.2.2.2.1
U1004,40,FUSE1,512187.2,512187.2,513961.9,1774.7,1774.7,1003.0,0.565166,1,p:1.3.3.1.2.2
U1005,40,FUSE1,512229.2,512229.2,514040.7,1811.5,1811.5,1003.0,0.553685,1,p:2.2.1.2.1.1
U1006,40,FUSE1,512308.0,512308.0,514198.7,1890.7,1890.7,1003.0,0.530491,1,p:1.1.5.1.1.2
U1007,40,FUSE1,512345.2,512345.2,514156.7,1811.5,1811.5,1003.0,0.553685,1,p:2.3.4.2.2.1
U1008,40,FUSE1,512424.0,512424.0,514077.9,1653.9,1653.9,1003.0,0.606445,1,p:1.2.2.1.3.2
U1009,40,FUSE1,512466.0,512466.0,514272.7,1806.7,1806.7,1003.0,0.555156,1,p:2.1.3.2.3.1
U1010,40,FUSE2,512540.0,512540.0,514314.7,1774.7,1774.7,1035.4,0.583423,1,p:1.3.1.1.2.2
U1011,40,FUSE2,512582.0,512582.0,514509.8,1927.8,1927.8,1035.4,0.537089,1,p:2.2.5.2.2.1
U1012,40,FUSE2,512660.8,512660.8,514430.7,1769.9,1769.9,1035.4,0.585005,1,p:1.1.4.1.3.2
U1013,40,FUSE2,512698.0,512698.0,514393.8,1695.8,1695.8,1035.4,0.610567,1,p:2.3.2.2.1.1
U1014,40,FUSE2,512776.8,512776.8,514551.5,1774.7,1774.7,1035.4,0.583423,1,p:1.2.3.1.1.2
U1015,40,FUSE2,512818.8,512818.8,514625.8,1807.0,1807.0,1035.4,0.572994,1,p:2.1.1.2.3.1
U1016,40,FUSE2,512892.8,512892.8,514787.8,1895.0,1895.0,1035.4,0.546385,1,p:1.3.5.1.3.2
U1017,40,FUSE2,512934.8,512934.8,514760.6,1825.8,1825.8,1035.4,0.567094,1,p:2.2.4.2.1.1
U1018,40,FUSE2,513013.6,513013.6,514671.8,1658.2,1658.2,1035.4,0.624412,1,p:1.1.2.1.2.2
U5658,226,FUSE0,513050.8,513050.8,514876.6,1825.8,1825.8,941.0,0.515391,1,p:2.3.3.2.2.1
U5659,226,FUSE0,513129.6,513129.6,514947.0,1817.4,1817.4,941.0,0.517773,1,p:1.2.1.1.1.2
U5660,226,FUSE0,513171.6,513171.6,515141.8,1970.2,1970.2,941.0,0.477616,1,p:2.1.5.2.1.1
U5661,226,FUSE0,513245.6,513245.6,515063.0,1817.4,1817.4,941.0,0.517773,1,p:1.3.4.1.2.2
U5662,226,FUSE0,513287.6,513287.6,514992.6,1705.0,1705.0,941.0,0.551906,1,p:2.2.2.2.3.1
U5663,226,FUSE0,513366.4,513366.4,515179.0,1812.6,1812.6,941.0,0.519144,1,p:1.1.3.1.3.2
U5664,226,FUSE0,513403.6,513403.6,515257.8,1854.2,1854.2,941.0,0.507496,1,p:2.3.1.2.2.1
U5665,226,FUSE1,513482.4,513482.4,515415.8,1933.4,1933.4,1003.0,0.518775,1,p:1.2.5.1.2.2
U5666,226,FUSE1,513524.4,513524.4,515373.8,1849.4,1849.4,1003.0,0.542338,1,p:2.1.4.2.3.1
U5667,226,FUSE1,513598.4,513598.4,515299.8,1701.4,1701.4,1003.0,0.589515,1,p:1.3.2.1.1.2
U5668,226,FUSE1,513640.4,513640.4,515494.6,1854.2,1854.2,1003.0,0.540934,1,p:2.2.3.2.1.1
U5669,226,FUSE1,513719.2,513719.2,515531.8,1812.6,1812.6,1003.0,0.553349,1,p:1.1.1.1.3.2
U5670,226,FUSE1,513756.4,513756.4,515610.6,1854.2,1854.2,1003.0,0.540934,1,p:2.3.5.2.2.1
U5671,226,FUSE1,513835.2,513835.2,515652.6,1817.4,1817.4,1003.0,0.551887,1,p:1.2.4.1.1.2
U5672,226,FUSE2,513877.2,513877.2,515726.6,1849.4,1849.4,1035.4,0.559857,1,p:2.1.2.2.3.1
U5673,226,FUSE2,513951.2,513951.2,515768.6,1817.4,1817.4,1035.4,0.569715,1,p:1.3.3.1.2.2
U5674,226,FUSE2,513993.2,513993.2,515847.4,1854.2,1854.2,1035.4,0.558408,1,p:2.2.1.2.1.1
U5675,226,FUSE2,514072.0,514072.0,515884.6,1812.6,1812.6,1035.4,0.571224,1,p:1.1.5.1.3.2
U5676,226,FUSE2,514109.2,514109.2,515963.4,1854.2,1854.2,1035.4,0.558408,1,p:2.3.4.2.2.1
U5677,226,FUSE2,514188.0,514188.0,516043.1,1855.1,1855.1,1035.4,0.558137,1,p:1.2.2.1.1.2
U5678,226,FUSE2,514230.0,514230.0,516079.4,1849.4,1849.4,1035.4,0.559857,1,p:2.1.3.2.3.1
U5679,226,FUSE2,514304.0,514304.0,516159.1,1855.1,1855.1,1035.4,0.558137,1,p:1.3.1.1.2.2
U3211,129,FUSE0,514346.0,514346.0,516237.9,1891.9,1891.9,941.0,0.497384,1,p:2.2.5.2.1.1
U3212,129,FUSE0,514425.1,514425.1,516275.1,1850.0,1850.0,941.0,0.508649,1,p:1.1.4.1.3.2
U3213,129,FUSE0,514462.0,514462.0,516353.9,1891.9,1891.9,941.0,0.497384,1,p:2.3.2.2.2.1
U3214,129,FUSE0,514541.1,514541.1,516395.9,1854.8,1854.8,941.0,0.507332,1,p:1.2.3.1.1.2
U3215,129,FUSE0,514582.8,514582.8,516469.9,1887.1,1887.1,941.0,0.498649,1,p:2.1.1.2.3.1
U3216,129,FUSE0,514657.1,514657.1,516511.9,1854.8,1854.8,941.0,0.507332,1,p:1.3.5.1.2.2
U3217,129,FUSE1,514703.1,514703.1,516590.7,1887.6,1887.6,1003.0,0.531363,1,p:2.2.4.2.1.1
U3218,129,FUSE1,514791.9,514791.9,516627.9,1836.0,1836.0,1003.0,0.546296,1,p:1.1.2.1.3.2
U3219,129,FUSE1,514819.1,514819.1,516706.7,1887.6,1887.6,1003.0,0.531363,1,p:2.3.3.2.2.1
U3220,129,FUSE1,514907.9,514907.9,516748.7,1840.8,1840.8,1003.0,0.544872,1,p:1.2.1.1.1.2
U3221,129,FUSE1,514978.3,514978.3,516822.7,1844.4,1844.4,1003.0,0.543808,1,p:2.1.5.2.3.1
U3222,129,FUSE1,515023.9,515023.9,516864.7,1840.8,1840.8,1003.0,0.544872,1,p:1.3.4.1.2.2
U3223,129,FUSE2,515094.3,515094.3,516943.5,1849.2,1849.2,1035.4,0.559918,1,p:2.2.2.2.1.1
U3224,129,FUSE2,515173.1,515173.1,516980.7,1807.6,1807.6,1035.4,0.572804,1,p:1.1.3.1.3.2
U3225,129,FUSE2,515210.3,515210.3,517059.5,1849.2,1849.2,1035.4,0.559918,1,p:2.3.1.2.2.1
U3226,129,FUSE2,515289.1,515289.1,517101.5,1812.4,1812.4,1035.4,0.571287,1,p:1.2.5.1.1.2
U3227,129,FUSE2,515331.1,515331.1,517296.3,1965.2,1965.2,1035.4,0.526867,1,p:2.1.4.2.1.1
U3228,129,FUSE2,515405.1,515405.1,517333.5,1928.4,1928.4,1035.4,0.536922,1,p:1.3.2.1.3.2
U536,22,FUSE0,515447.1,515447.1,517217.5,1770.4,1770.4,941.0,0.531518,1,p:2.2.3.1.2.2
U537,22,FUSE0,515525.9,515525.9,517175.5,1649.6,1649.6,941.0,0.570441,1,p:1.1.1.2.3.1
U538,22,FUSE0,515563.1,515563.1,517412.3,1849.2,1849.2,941.0,0.508869,1,p:2.3.5.2.2.1
U539,22,FUSE0,515641.9,515641.9,517570.3,1928.4,1928.4,941.0,0.487969,1,p:1.2.4.1.2.2
U540,22,FUSE0,515683.9,515683.9,517528.3,1844.4,1844.4,941.0,0.510193,1,p:2.1.3.2.3.1
U541,22,FUSE0,515757.9,515757.9,517454.3,1696.4,1696.4,941.0,0.554704,1,p:1.3.1.1.1.2
U542,22,FUSE0,515799.9,515799.9,517649.1,1849.2,1849.2,941.0,0.508869,1,p:2.2.2.2.1.1
U543,22,FUSE0,515878.7,515878.7,517686.3,1807.6,1807.6,941.0,0.52058,1,p:1.1.5.1.3.2
U544,22,FUSE0,515915.9,515915.9,517765.1,1849.2,1849.2,941.0,0.508869,1,p:2.3.4.2.2.1
U545,22,FUSE0,515994.7,515994.7,517807.1,1812.4,1812.4,941.0,0.519201,1,p:1.2.3.1.1.2
U546,22,FUSE1,516074.4,516074.4,517881.1,1806.7,1806.7,1003.0,0.555156,1,p:2.1.1.2.3.1
U547,22,FUSE1,516110.7,516110.7,517923.1,1812.4,1812.4,1003.0,0.55341,1,p:1.3.2.1.2.2
U548,22,FUSE1,516190.4,516190.4,518001.9,1811.5,1811.5,1003.0,0.553685,1,p:2.2.5.2.1.1
U549,22,FUSE1,516269.2,516269.2,518039.1,1769.9,1769.9,1003.0,0.566699,1,p:1.1.4.1.3.2
U550,22,FUSE1,516306.4,516306.4,518117.9,1811.5,1811.5,1003.0,0.553685,1,p:2.3.3.2.2.1
U551,22,FUSE1,516385.2,516385.2,518159.9,1774.7,1774.7,1003.0,0.565166,1,p:1.2.1.1.1.2
U552,22,FUSE1,516427.2,516427.2,518233.9,1806.7,1806.7,1003.0,0.555156,1,p:2.1.2.2.3.1
U553,22,FUSE1,516501.2,516501.2,518275.9,1774.7,1774.7,1003.0,0.565166,1,p:1.3.5.1.2.2
U554,22,FUSE1,516543.2,516543.2,518354.7,1811.5,1811.5,1003.0,0.553685,1,p:2.2.4.2.1.1
U555,22,FUSE1,516622.0,516622.0,518391.9,1769.9,1769.9,1003.0,0.566699,1,p:1.1.3.1.3.2
U556,22,FUSE2,516659.2,516659.2,518470.7,1811.5,1811.5,1035.4,0.571571,1,p:2.3.1.2.2.1
U557,22,FUSE2,516738.0,516738.0,518512.7,1774.7,1774.7,1035.4,0.583423,1,p:1.2.2.1.1.2
U558,22,FUSE2,516780.0,516780.0,518586.7,1806.7,1806.7,1035.4,0.573089,1,p:2.1.5.2.3.1
U559,22,FUSE2,516854.0,516854.0,518628.7,1774.7,1774.7,1035.4,0.583423,1,p:1.3.4.1.2.2
U560,22,FUSE2,516896.0,516896.0,518707.5,1811.5,1811.5,1035.4,0.571571,1,p:2.2.3.2.1.1
U561,22,FUSE2,516974.8,516974.8,518744.7,1769.9,1769.9,1035.4,0.585005,1,p:1.1.1.1.3.2
U562,22,FUSE2,517012.0,517012.0,518823.5,1811.5,1811.5,1035.4,0.571571,1,p:2.3.2.2.2.1
U563,22,FUSE2,517090.8,517090.8,518939.5,1848.7,1848.7,1035.4,0.560069,1,p:1.2.5.2.3.1
U564,22,FUSE2,517132.8,517132.8,518981.5,1848.7,1848.7,1035.4,0.560069,1,p:2.1.4.1.2.2
U7573,303,FUSE0,517206.8,517206.8,518865.5,1658.7,1658.7,941.0,0.567312,1,p:1.3.3.1.1.2
U7574,303,FUSE0,517248.8,517248.8,519060.3,1811.5,1811.5,941.0,0.519459,1,p:2.2.1.2.1.1
U7575,303,FUSE0,517327.6,517327.6,519097.5,1769.9,1769.9,941.0,0.531668,1,p:1.1.2.1.3.2
U7576,303,FUSE0,517364.8,517364.8,519176.3,1811.5,1811.5,941.0,0.519459,1,p:2.3.3.2.2.1
U7577,303,FUSE0,517443.6,517443.6,519218.3,1774.7,1774.7,941.0,0.53023,1,p:1.2.5.1.1.2
U7578,303,FUSE0,517485.6,517485.6,519292.3,1806.7,1806.7,941.0,0.520839,1,p:2.1.4.2.3.1
U7579,303,FUSE0,517559.6,517559.6,519334.3,1774.7,1774.7,941.0,0.53023,1,p:1.3.1.1.2.2
U7580,303,FUSE0,517601.6,517601.6,519413.1,1811.5,1811.5,941.0,0.519459,1,p:2.2.2.2.1.1
U7581,303,FUSE1,517680.4,517680.4,519450.3,1769.9,1769.9,1003.0,0.566699,1,p:1.1.3.1.3.2
U7582,303,FUSE1,517717.6,517717.6,519529.1,1811.5,1811.5,1003.0,0.553685,1,p:2.3.5.2.2.1
U7583,303,FUSE1,517796.4,517796.4,519571.1,1774.7,1774.7,1003.0,0.565166,1,p:1.2.4.1.1.2
U7584,303,FUSE1,517838.4,517838.4,519645.1,1806.7,1806.7,1003.0,0.555156,1,p:2.1.1.2.3.1
U7585,303,FUSE1,517912.4,517912.4,519687.1,1774.7,1774.7,1003.0,0.565166,1,p:1.3.2.1.2.2
U7586,303,FUSE1,517954.4,517954.4,519765.9,1811.5,1811.5,1003.0,0.553685,1,p:2.2.3.2.1.1
U7587,303,FUSE1,518033.2,518033.2,519803.1,1769.9,1769.9,1003.0,0.566699,1,p:1.1.5.1.3.2
U7588,303,FUSE1,518070.4,518070.4,519881.9,1811.5,1811.5,1003.0,0.553685,1,p:2.3.4.2.2.1
U7589,303,FUSE2,518149.2,518149.2,519923.9,1774.7,1774.7,1035.4,0.583423,1,p:1.2.1.1.1.2
U7590,303,FUSE2,518191.2,518191.2,519997.9,1806.7,1806.7,1035.4,0.573089,1,p:2.1.2.2.3.1
U7591,303,FUSE2,518265.2,518265.2,520039.9,1774.7,1774.7,1035.4,0.583423,1,p:1.3.3.1.2.2
U7592,303,FUSE2,518307.2,518307.2,520118.7,1811.5,1811.5,1035.4,0.571571,1,p:2.2.5.2.1.1
U7593,303,FUSE2,518386.0,518386.0,520155.9,1769.9,1769.9,1035.4,0.585005,1,p:1.1.4.1.3.2
U7594,303,FUSE2,518423.2,518423.2,520234.7,1811.5,1811.5,1035.4,0.571571,1,p:2.3.1.2.2.1
U7595,303,FUSE2,518502.0,518502.0,520276.7,1774.7,1774.7,1035.4,0.583423,1,p:1.2.2.1.1.2
U7596,303,FUSE2,518544.0,518544.0,520350.7,1806.7,1806.7,1035.4,0.573089,1,p:2.1.3.2.3.1
