unit_id,orderID,variant,first_arrival_time_s,start_time_s,completion_time_s,flow_time_s,active_flow_time_s,time_spent_producing,throughput_efficiency,Attempts,route_taken
U3408,138,FUSE0,0.0,0.0,558.3,558.3,558.3,271.3,0.485939,1,p:1.1.1.1.2.2
U3409,138,FUSE0,0.0,0.0,618.3,618.3,618.3,271.3,0.438784,1,p:2.1.2.1.2.2
U3410,138,FUSE0,0.0,6.6,684.9,684.9,684.9,271.3,0.396116,1,p:1.2.3.1.2.2
U3411,138,FUSE0,0.0,6.6,708.7,708.7,708.7,271.3,0.382814,1,p:2.1.4.1.2.2
U3412,138,FUSE0,0.0,13.2,775.3,775.3,775.3,271.3,0.349929,1,p:1.2.5.1.2.2
U3413,138,FUSE0,0.0,13.2,801.9,801.9,801.9,271.3,0.338321,1,p:2.1.1.1.2.2
U3414,138,FUSE0,0.0,19.8,861.9,861.9,861.9,271.3,0.31477,1,p:1.2.2.1.2.2
U3415,138,FUSE0,0.0,19.8,928.5,928.5,928.5,271.3,0.292192,1,p:2.1.3.1.2.2
U3416,138,FUSE1,0.0,26.4,1014.3,1014.3,1014.3,333.3,0.328601,1,p:1.2.4.1.2.2
U3417,138,FUSE1,0.0,26.4,1080.9,1080.9,1080.9,333.3,0.308354,1,p:2.1.5.1.2.2
U3418,138,FUSE1,0.0,33.0,1107.5,1107.5,1107.5,333.3,0.300948,1,p:1.2.1.1.2.2
U3419,138,FUSE1,0.0,33.0,1167.5,1167.5,1167.5,333.3,0.285482,1,p:2.1.2.1.2.2
U3420,138,FUSE1,0.0,39.6,1234.1,1234.1,1234.1,333.3,0.270075,1,p:1.2.3.1.2.2
U3421,138,FUSE1,0.0,39.6,1319.9,1319.9,1319.9,333.3,0.252519,1,p:2.1.4.1.2.2
U3422,138,FUSE1,0.0,46.2,1386.5,1386.5,1386.5,333.3,0.240389,1,p:1.2.5.1.2.2
U3423,138,FUSE1,0.0,46.2,1413.1,1413.1,1413.1,333.3,0.235864,1,p:2.1.1.1.2.2
U3424,138,FUSE2,0.0,52.8,1505.5,1505.5,1505.5,365.7,0.242909,1,p:1.2.2.1.2.2
U3425,138,FUSE2,0.0,52.8,1572.1,1572.1,1572.1,365.7,0.232619,1,p:2.1.3.1.2.2
U3426,138,FUSE2,0.0,59.4,1657.9,1657.9,1657.9,365.7,0.22058,1,p:1.2.4.1.2.2
U3427,138,FUSE2,0.0,59.4,1724.5,1724.5,1724.5,365.7,0.212061,1,p:2.1.5.1.2.2
U3428,138,FUSE2,0.0,66.0,1751.1,1751.1,1751.1,365.7,0.20884,1,p:1.2.1.1.2.2
U3429,138,FUSE2,0.0,66.0,1843.5,1843.5,1843.5,365.7,0.198373,1,p:2.1.2.1.2.2
U3430,138,FUSE2,0.0,72.6,1910.1,1910.1,1910.1,365.7,0.191456,1,p:1.2.3.1.2.2
U3431,138,FUSE2,0.0,72.6,1999.3,1999.3,1999.3,365.7,0.182914,1,p:2.1.4.1.2.2
U3432,138,FUSE2,0.0,79.2,2062.5,2062.5,2062.5,365.7,0.177309,1,p:1.2.5.1.2.2
U6676,268,FUSE0,0.0,79.2,1994.7,1994.7,1994.7,271.3,0.13601,1,p:2.1.1.2.2.2
U6677,268,FUSE0,0.0,85.8,2087.1,2087.1,2087.1,271.3,0.129989,1,p:1.2.2.1.2.2
U6678,268,FUSE0,0.0,85.8,2153.7,2153.7,2153.7,271.3,0.125969,1,p:2.1.3.1.2.2
U6679,268,FUSE0,0.0,92.4,2242.9,2242.9,2242.9,271.3,0.120959,1,p:1.2.4.1.2.2
U6680,268,FUSE0,0.0,92.4,2306.1,2306.1,2306.1,271.3,0.117645,1,p:2.1.5.1.2.2
U6681,268,FUSE0,0.0,99.0,2238.3,2238.3,2238.3,271.3,0.121208,1,p:1.2.1.2.2.2
U6682,268,FUSE0,0.0,99.0,2330.7,2330.7,2330.7,271.3,0.116403,1,p:2.1.2.1.2.2
U6683,268,FUSE0,0.0,105.6,2397.3,2397.3,2397.3,271.3,0.113169,1,p:1.2.3.1.2.2
U6684,268,FUSE1,0.0,105.6,2548.5,2548.5,2548.5,333.3,0.130783,1,p:2.1.4.1.2.2
U6685,268,FUSE1,0.0,112.2,2611.7,2611.7,2611.7,333.3,0.127618,1,p:1.2.5.1.2.2
U6686,268,FUSE1,0.0,112.2,2543.9,2543.9,2543.9,333.3,0.131019,1,p:2.1.1.2.2.2
U6687,268,FUSE1,0.0,118.8,2636.3,2636.3,2636.3,333.3,0.126427,1,p:1.2.2.1.2.2
U6688,268,FUSE1,0.0,118.8,2702.9,2702.9,2702.9,333.3,0.123312,1,p:2.1.3.1.2.2
U6689,268,FUSE1,0.0,125.4,2854.1,2854.1,2854.1,333.3,0.116779,1,p:1.2.4.1.2.2
U6690,268,FUSE1,0.0,125.4,2917.3,2917.3,2917.3,333.3,0.114249,1,p:2.1.5.1.2.2
U6691,268,FUSE1,0.0,132.0,2849.5,2849.5,2849.5,333.3,0.116968,1,p:1.2.1.2.2.2
U6692,268,FUSE2,0.0,132.0,2974.3,2974.3,2974.3,365.7,0.122953,1,p:2.1.2.1.2.2
U6693,268,FUSE2,0.0,138.6,3040.9,3040.9,3040.9,365.7,0.12026,1,p:1.2.3.1.2.2
U6694,268,FUSE2,0.0,138.6,3192.1,3192.1,3192.1,365.7,0.114564,1,p:2.1.4.1.2.2
U6695,268,FUSE2,0.0,145.2,3255.3,3255.3,3255.3,365.7,0.11234,1,p:1.2.5.1.2.2
U6696,268,FUSE2,0.0,145.2,3187.5,3187.5,3187.5,365.7,0.114729,1,p:2.1.1.2.2.2
U6697,268,FUSE2,0.0,151.8,3312.3,3312.3,3312.3,365.7,0.110407,1,p:1.2.2.1.2.2
U6698,268,FUSE2,0.0,151.8,3378.9,3378.9,3378.9,365.7,0.10823,1,p:2.1.3.1.2.2
U082,4,FUSE0,589.6,589.6,3435.7,2846.1,2846.1,271.3,0.095323,1,p:1.1.4.1.2.2
U083,4,FUSE0,649.6,649.6,3498.9,2849.3,2849.3,271.3,0.095216,1,p:2.1.5.1.2.2
U084,4,FUSE0,716.2,716.2,3431.1,2714.9,2714.9,271.3,0.09993,1,p:1.1.1.2.2.2
U085,4,FUSE0,740.0,740.0,3555.9,2815.9,2815.9,271.3,0.096346,1,p:2.1.2.1.2.2
U086,4,FUSE0,806.6,806.6,3622.5,2815.9,2815.9,271.3,0.096346,1,p:1.1.3.1.2.2
U087,4,FUSE0,833.2,833.2,3679.3,2846.1,2846.1,271.3,0.095323,1,p:2.1.4.1.2.2
U088,4,FUSE0,893.2,893.2,3742.5,2849.3,2849.3,271.3,0.095216,1,p:1.1.5.1.2.2
U089,4,FUSE0,959.8,959.8,3674.7,2714.9,2714.9,271.3,0.09993,1,p:2.1.1.2.2.2
U090,4,FUSE1,1045.6,1045.6,3861.5,2815.9,2815.9,333.3,0.118364,1,p:1.1.2.1.2.2
U091,4,FUSE1,1112.2,1112.2,3928.1,2815.9,2815.9,333.3,0.118364,1,p:2.1.3.1.2.2
U092,4,FUSE1,1138.8,1138.8,3984.9,2846.1,2846.1,333.3,0.117108,1,p:1.1.4.1.2.2
U093,4,FUSE1,1198.8,1198.8,4048.1,2849.3,2849.3,333.3,0.116976,1,p:2.1.5.1.2.2
U094,4,FUSE1,1265.4,1265.4,3980.3,2714.9,2714.9,333.3,0.122767,1,p:1.1.1.2.2.2
U095,4,FUSE1,1351.2,1351.2,4167.1,2815.9,2815.9,333.3,0.118364,1,p:2.1.2.1.2.2
U096,4,FUSE1,1417.8,1417.8,4233.7,2815.9,2815.9,333.3,0.118364,1,p:1.1.3.1.2.2
U097,4,FUSE1,1444.4,1444.4,4287.1,2842.7,2842.7,333.3,0.117248,1,p:2.1.4.1.2.2
U098,4,FUSE2,1536.8,1536.8,4386.1,2849.3,2849.3,365.7,0.128347,1,p:1.1.5.1.2.2
U099,4,FUSE2,1603.4,1603.4,4318.3,2714.9,2714.9,365.7,0.134701,1,p:2.1.1.2.2.2
U100,4,FUSE2,1689.2,1689.2,4505.1,2815.9,2815.9,365.7,0.12987,1,p:1.1.2.1.2.2
U101,4,FUSE2,1755.8,1755.8,4571.7,2815.9,2815.9,365.7,0.12987,1,p:2.1.3.1.2.2
U102,4,FUSE2,1782.4,1782.4,4625.1,2842.7,2842.7,365.7,0.128645,1,p:1.1.4.1.2.2
U103,4,FUSE2,1874.8,1874.8,4724.1,2849.3,2849.3,365.7,0.128347,1,p:2.1.5.1.2.2
U104,4,FUSE2,1941.4,1941.4,4656.3,2714.9,2714.9,365.7,0.134701,1,p:1.1.1.2.2.2
U105,4,FUSE2,2026.0,2026.0,4843.1,2817.1,2817.1,365.7,0.129814,1,p:2.1.2.2.2.2
U106,4,FUSE2,2030.6,2030.6,4909.7,2879.1,2879.1,365.7,0.127019,1,p:1.2.3.1.2.2
U300,13,FUSE0,2093.8,2093.8,4868.7,2774.9,2774.9,271.3,0.097769,1,p:2.1.4.1.2.2
U301,13,FUSE0,2118.4,2118.4,4967.7,2849.3,2849.3,271.3,0.095216,1,p:1.1.5.1.2.2
U302,13,FUSE0,2185.0,2185.0,4899.9,2714.9,2714.9,271.3,0.09993,1,p:2.1.1.2.2.2
U303,13,FUSE0,2269.6,2269.6,5112.3,2842.7,2842.7,271.3,0.095437,1,p:1.1.4.1.2.2
U304,13,FUSE0,2274.2,2274.2,5086.7,2812.5,2812.5,271.3,0.096462,1,p:2.1.2.2.2.2
U305,13,FUSE0,2337.4,2337.4,5153.3,2815.9,2815.9,271.3,0.096346,1,p:1.1.3.1.2.2
U306,13,FUSE0,2362.0,2362.0,5211.3,2849.3,2849.3,271.3,0.095216,1,p:2.1.5.1.2.2
U307,13,FUSE0,2428.6,2428.6,5143.5,2714.9,2714.9,271.3,0.09993,1,p:1.1.1.2.2.2
U308,13,FUSE0,2575.2,2575.2,5355.9,2780.7,2780.7,271.3,0.097565,1,p:2.1.4.1.2.2
U309,13,FUSE1,2579.8,2579.8,5392.3,2812.5,2812.5,333.3,0.118507,1,p:1.2.2.1.2.2
U310,13,FUSE1,2643.0,2643.0,5458.9,2815.9,2815.9,333.3,0.118364,1,p:2.1.3.1.2.2
U311,13,FUSE1,2667.6,2667.6,5516.9,2849.3,2849.3,333.3,0.116976,1,p:1.1.5.1.2.2
U312,13,FUSE1,2734.2,2734.2,5449.1,2714.9,2714.9,333.3,0.122767,1,p:2.1.1.2.2.2
U313,13,FUSE1,2880.8,2880.8,5661.5,2780.7,2780.7,333.3,0.119862,1,p:1.1.4.1.2.2
U314,13,FUSE1,2885.4,2885.4,5697.9,2812.5,2812.5,333.3,0.118507,1,p:2.1.2.1.2.2
U315,13,FUSE1,2948.6,2948.6,5764.5,2815.9,2815.9,333.3,0.118364,1,p:1.1.3.1.2.2
U316,13,FUSE1,3005.6,3005.6,5822.5,2816.9,2816.9,333.3,0.118322,1,p:2.1.5.1.2.2
U317,13,FUSE2,3072.2,3072.2,5787.1,2714.9,2714.9,365.7,0.134701,1,p:1.1.1.2.2.2
U318,13,FUSE2,3218.8,3218.8,5999.5,2780.7,2780.7,365.7,0.131514,1,p:2.1.4.1.2.2
U319,13,FUSE2,3223.4,3223.4,6035.9,2812.5,2812.5,365.7,0.130027,1,p:1.2.2.1.2.2
U320,13,FUSE2,3286.6,3286.6,6102.5,2815.9,2815.9,365.7,0.12987,1,p:2.1.3.1.2.2
U321,13,FUSE2,3343.6,3343.6,6160.5,2816.9,2816.9,365.7,0.129824,1,p:1.1.5.1.2.2
U322,13,FUSE2,3410.2,3410.2,6125.1,2714.9,2714.9,365.7,0.134701,1,p:2.1.1.2.2.2
U323,13,FUSE2,3462.4,3462.4,6337.5,2875.1,2875.1,365.7,0.127196,1,p:1.1.4.1.2.2
U324,13,FUSE2,3467.0,3467.0,6373.9,2906.9,2906.9,365.7,0.125804,1,p:2.1.2.2.2.2
U325,13,FUSE2,3530.2,3530.2,6440.5,2910.3,2910.3,365.7,0.125657,1,p:1.1.3.1.2.2
U3538,143,FUSE0,3587.2,3587.2,6404.1,2816.9,2816.9,271.3,0.096312,1,p:2.1.5.1.2.2
U3539,143,FUSE0,3653.8,3653.8,6368.7,2714.9,2714.9,271.3,0.09993,1,p:1.1.1.2.2.2
U3540,143,FUSE0,3706.0,3706.0,6581.1,2875.1,2875.1,271.3,0.094362,1,p:2.1.4.1.2.2
U3541,143,FUSE0,3710.6,3710.6,6647.7,2937.1,2937.1,271.3,0.09237,1,p:1.2.5.1.2.2
U3542,143,FUSE0,3773.8,3773.8,6617.5,2843.7,2843.7,271.3,0.095404,1,p:2.1.2.2.2.2
U3543,143,FUSE0,3892.8,3892.8,6612.3,2719.5,2719.5,271.3,0.099761,1,p:1.1.1.2.2.2
U3544,143,FUSE0,3959.4,3959.4,6684.1,2724.7,2724.7,271.3,0.099571,1,p:2.1.3.1.2.2
U3545,143,FUSE0,4011.6,4011.6,6824.7,2813.1,2813.1,271.3,0.096442,1,p:1.1.4.1.2.2
U3546,143,FUSE1,4016.2,4016.2,6953.3,2937.1,2937.1,333.3,0.113479,1,p:2.1.5.1.2.2
U3547,143,FUSE1,4079.4,4079.4,6923.1,2843.7,2843.7,333.3,0.117206,1,p:1.1.2.2.2.2
U3548,143,FUSE1,4198.4,4198.4,6917.9,2719.5,2719.5,333.3,0.122559,1,p:2.1.1.2.2.2
U3549,143,FUSE1,4265.0,4265.0,6989.7,2724.7,2724.7,333.3,0.122325,1,p:1.1.3.1.2.2
U3550,143,FUSE1,4318.4,4318.4,7130.3,2811.9,2811.9,333.3,0.118532,1,p:2.1.4.1.2.2
U3551,143,FUSE1,4349.6,4349.6,7258.9,2909.3,2909.3,333.3,0.114564,1,p:1.1.5.1.2.2
U3552,143,FUSE1,4417.4,4417.4,7228.7,2811.3,2811.3,333.3,0.118557,1,p:2.1.2.2.2.2
U3553,143,FUSE1,4536.4,4536.4,7223.5,2687.1,2687.1,333.3,0.124037,1,p:1.1.1.2.2.2
U3554,143,FUSE2,4603.0,4603.0,7327.7,2724.7,2724.7,365.7,0.134217,1,p:2.1.3.1.2.2
U3555,143,FUSE2,4656.4,4656.4,7468.3,2811.9,2811.9,365.7,0.130054,1,p:1.1.4.1.2.2
U3556,143,FUSE2,4687.6,4687.6,7596.9,2909.3,2909.3,365.7,0.1257,1,p:2.1.5.1.2.2
U3557,143,FUSE2,4755.4,4755.4,7566.7,2811.3,2811.3,365.7,0.130082,1,p:1.1.2.2.2.2
U3558,143,FUSE2,4874.4,4874.4,7561.5,2687.1,2687.1,365.7,0.136095,1,p:2.1.1.2.2.2
U3559,143,FUSE2,4900.0,4900.0,7665.7,2765.7,2765.7,365.7,0.132227,1,p:1.1.3.1.2.2
U3560,143,FUSE2,4931.2,4931.2,7809.7,2878.5,2878.5,365.7,0.127045,1,p:2.1.4.1.2.2
U4882,196,FUSE0,4941.0,4941.0,7840.5,2899.5,2899.5,271.3,0.093568,1,p:1.2.5.1.2.2
U4883,196,FUSE0,4999.0,4999.0,7814.3,2815.3,2815.3,271.3,0.096366,1,p:2.1.2.2.2.2
U4884,196,FUSE0,5118.0,5118.0,7805.1,2687.1,2687.1,271.3,0.100964,1,p:1.1.1.2.2.2
U4885,196,FUSE0,5143.6,5143.6,7909.3,2765.7,2765.7,271.3,0.098095,1,p:2.1.3.1.2.2
U4886,196,FUSE0,5174.8,5174.8,8053.3,2878.5,2878.5,271.3,0.09425,1,p:1.1.4.1.2.2
U4887,196,FUSE0,5184.6,5184.6,8084.1,2899.5,2899.5,271.3,0.093568,1,p:2.1.5.1.2.2
U4888,196,FUSE0,5242.6,5242.6,8057.9,2815.3,2815.3,271.3,0.096366,1,p:1.1.2.2.2.2
U4889,196,FUSE0,5387.2,5387.2,8048.7,2661.5,2661.5,271.3,0.101935,1,p:2.1.1.2.2.2
U4890,196,FUSE0,5423.6,5423.6,8152.9,2729.3,2729.3,271.3,0.099403,1,p:1.1.3.1.2.2
U4891,196,FUSE1,5480.4,5480.4,8358.9,2878.5,2878.5,333.3,0.115789,1,p:2.1.4.1.2.2
U4892,196,FUSE1,5490.2,5490.2,8389.7,2899.5,2899.5,333.3,0.114951,1,p:1.2.5.1.2.2
U4893,196,FUSE1,5548.2,5548.2,8363.5,2815.3,2815.3,333.3,0.118389,1,p:2.1.2.2.2.2
U4894,196,FUSE1,5692.8,5692.8,8354.3,2661.5,2661.5,333.3,0.12523,1,p:1.1.1.2.2.2
U4895,196,FUSE1,5729.2,5729.2,8458.5,2729.3,2729.3,333.3,0.122119,1,p:2.1.3.1.2.2
U4896,196,FUSE1,5795.8,5795.8,8664.5,2868.7,2868.7,333.3,0.116185,1,p:1.1.4.1.2.2
U4897,196,FUSE1,5818.4,5818.4,8695.3,2876.9,2876.9,333.3,0.115854,1,p:2.1.5.1.2.2
U4898,196,FUSE1,5853.8,5853.8,8669.1,2815.3,2815.3,333.3,0.118389,1,p:1.1.2.2.2.2
U4899,196,FUSE1,6030.8,6030.8,8659.9,2629.1,2629.1,333.3,0.126773,1,p:2.1.1.2.2.2
U4900,196,FUSE2,6067.2,6067.2,8796.5,2729.3,2729.3,365.7,0.13399,1,p:1.1.3.1.2.2
U4901,196,FUSE2,6133.8,6133.8,9002.5,2868.7,2868.7,365.7,0.127479,1,p:2.1.4.1.2.2
U4902,196,FUSE2,6156.4,6156.4,9033.3,2876.9,2876.9,365.7,0.127116,1,p:1.1.5.1.2.2
U4903,196,FUSE2,6191.8,6191.8,9007.1,2815.3,2815.3,365.7,0.129897,1,p:2.1.2.2.2.2
U4904,196,FUSE2,6368.8,6368.8,8997.9,2629.1,2629.1,365.7,0.139097,1,p:1.1.1.2.2.2
U4905,196,FUSE2,6400.0,6400.0,9134.5,2734.5,2734.5,365.7,0.133736,1,p:2.1.3.1.2.2
U4906,196,FUSE2,6405.2,6405.2,9337.1,2931.9,2931.9,365.7,0.124731,1,p:1.2.4.1.2.2
U4907,196,FUSE2,6435.4,6435.4,9371.3,2935.9,2935.9,365.7,0.124561,1,p:2.1.5.1.2.2
U4908,196,FUSE2,6471.8,6471.8,9341.7,2869.9,2869.9,365.7,0.127426,1,p:1.1.2.2.2.2
U3516,142,FUSE0,6612.4,6612.4,9241.5,2629.1,2629.1,271.3,0.103191,1,p:2.1.1.1.2.2
U3517,142,FUSE0,6643.6,6643.6,9378.1,2734.5,2734.5,271.3,0.099214,1,p:1.1.3.1.2.2
U3518,142,FUSE0,6648.8,6648.8,9485.1,2836.3,2836.3,271.3,0.095653,1,p:2.1.1.1.2.2
U3519,142,FUSE0,6679.0,6679.0,9580.7,2901.7,2901.7,271.3,0.093497,1,p:1.1.4.1.2.2
U3520,142,FUSE0,6715.4,6715.4,9614.9,2899.5,2899.5,271.3,0.093568,1,p:2.1.5.1.2.2
U3521,142,FUSE0,6856.0,6856.0,9585.3,2729.3,2729.3,271.3,0.099403,1,p:1.1.2.2.2.2
U3522,142,FUSE0,6949.2,6949.2,9621.7,2672.5,2672.5,271.3,0.101515,1,p:2.1.3.1.2.2
U3523,142,FUSE1,6954.4,6954.4,9790.7,2836.3,2836.3,333.3,0.117512,1,p:1.2.1.1.2.2
U3524,142,FUSE1,6984.6,6984.6,9886.3,2901.7,2901.7,333.3,0.114864,1,p:2.1.4.1.2.2
U3525,142,FUSE1,7021.0,7021.0,9920.5,2899.5,2899.5,333.3,0.114951,1,p:1.1.5.1.2.2
U3526,142,FUSE1,7161.6,7161.6,9890.9,2729.3,2729.3,333.3,0.122119,1,p:2.1.2.2.2.2
U3527,142,FUSE1,7254.8,7254.8,9927.3,2672.5,2672.5,333.3,0.124715,1,p:1.1.3.1.2.2
U3528,142,FUSE1,7260.0,7260.0,10096.3,2836.3,2836.3,333.3,0.117512,1,p:2.1.1.1.2.2
U3529,142,FUSE1,7290.2,7290.2,10191.9,2901.7,2901.7,333.3,0.114864,1,p:1.1.4.1.2.2
U3530,142,FUSE2,7359.0,7359.0,10258.5,2899.5,2899.5,365.7,0.126125,1,p:2.1.5.1.2.2
U3531,142,FUSE2,7499.6,7499.6,10228.3,2728.7,2728.7,365.7,0.13402,1,p:1.1.2.2.2.2
U3532,142,FUSE2,7592.8,7592.8,10265.3,2672.5,2672.5,365.7,0.136838,1,p:2.1.3.1.2.2
U3533,142,FUSE2,7598.0,7598.0,10434.3,2836.3,2836.3,365.7,0.128936,1,p:1.2.1.1.2.2
U3534,142,FUSE2,7628.2,7628.2,10529.9,2901.7,2901.7,365.7,0.12603,1,p:2.1.4.1.2.2
U3535,142,FUSE2,7697.0,7697.0,10596.5,2899.5,2899.5,365.7,0.126125,1,p:1.1.5.1.2.2
U3536,142,FUSE2,7836.4,7836.4,10566.3,2729.9,2729.9,365.7,0.133961,1,p:2.1.2.2.2.2
U3537,142,FUSE2,7841.0,7841.0,10603.3,2762.3,2762.3,365.7,0.13239,1,p:1.2.3.1.2.2
U2380,97,FUSE0,7845.6,7845.6,10677.9,2832.3,2832.3,271.3,0.095788,1,p:2.1.1.1.2.2
U2381,97,FUSE0,7871.8,7871.8,10773.5,2901.7,2901.7,271.3,0.093497,1,p:1.1.4.1.2.2
U2382,97,FUSE0,7940.6,7940.6,10840.1,2899.5,2899.5,271.3,0.093568,1,p:2.1.5.1.2.2
U2383,97,FUSE0,8080.0,8080.0,10809.9,2729.9,2729.9,271.3,0.099381,1,p:1.1.2.2.2.2
U2384,97,FUSE0,8084.6,8084.6,10846.9,2762.3,2762.3,271.3,0.098215,1,p:2.1.3.1.2.2
U2385,97,FUSE0,8089.2,8089.2,10921.5,2832.3,2832.3,271.3,0.095788,1,p:1.2.1.1.2.2
U2386,97,FUSE0,8115.4,8115.4,11017.1,2901.7,2901.7,271.3,0.093497,1,p:2.1.4.1.2.2
U2387,97,FUSE0,8184.2,8184.2,11083.7,2899.5,2899.5,271.3,0.093568,1,p:1.1.5.1.2.2
U2388,97,FUSE0,8385.6,8385.6,11053.5,2667.9,2667.9,271.3,0.10169,1,p:2.1.2.2.2.2
U2389,97,FUSE1,8390.2,8390.2,11152.5,2762.3,2762.3,333.3,0.12066,1,p:1.2.3.1.2.2
U2390,97,FUSE1,8394.8,8394.8,11227.1,2832.3,2832.3,333.3,0.117678,1,p:2.1.1.1.2.2
U2391,97,FUSE1,8421.0,8421.0,11322.7,2901.7,2901.7,333.3,0.114864,1,p:1.1.4.1.2.2
U2392,97,FUSE1,8489.8,8489.8,11389.3,2899.5,2899.5,333.3,0.114951,1,p:2.1.5.1.2.2
U2393,97,FUSE1,8691.2,8691.2,11359.1,2667.9,2667.9,333.3,0.12493,1,p:1.1.2.2.2.2
U2394,97,FUSE1,8695.8,8695.8,11458.1,2762.3,2762.3,333.3,0.12066,1,p:2.1.3.1.2.2
U2395,97,FUSE1,8700.4,8700.4,11532.7,2832.3,2832.3,333.3,0.117678,1,p:1.2.1.1.2.2
U2396,97,FUSE1,8726.6,8726.6,11628.3,2901.7,2901.7,333.3,0.114864,1,p:2.1.4.1.2.2
U2397,97,FUSE1,8827.8,8827.8,11694.9,2867.1,2867.1,333.3,0.11625,1,p:1.1.5.1.2.2
U2398,97,FUSE2,9029.2,9029.2,11699.5,2670.3,2670.3,365.7,0.136951,1,p:2.1.2.1.2.2
U2399,97,FUSE2,9033.8,9033.8,11796.1,2762.3,2762.3,365.7,0.13239,1,p:1.2.3.1.2.2
U2400,97,FUSE2,9038.4,9038.4,11870.7,2832.3,2832.3,365.7,0.129118,1,p:2.1.1.1.2.2
U2401,97,FUSE2,9064.6,9064.6,11966.3,2901.7,2901.7,365.7,0.12603,1,p:1.1.4.1.2.2
U2402,97,FUSE2,9165.8,9165.8,12032.9,2867.1,2867.1,365.7,0.12755,1,p:2.1.5.1.2.2
U2403,97,FUSE2,9272.8,9272.8,12037.5,2764.7,2764.7,365.7,0.132275,1,p:1.1.2.1.2.2
U2404,97,FUSE2,9368.4,9368.4,12134.1,2765.7,2765.7,365.7,0.132227,1,p:2.1.3.1.2.2
U2405,97,FUSE2,9373.0,9373.0,12208.7,2835.7,2835.7,365.7,0.128963,1,p:1.2.1.2.2.2
U2526,103,FUSE0,9402.6,9402.6,12213.3,2810.7,2810.7,271.3,0.096524,1,p:2.1.4.1.2.2
U2527,103,FUSE0,9409.4,9409.4,12276.5,2867.1,2867.1,271.3,0.094625,1,p:1.2.5.1.2.2
U2528,103,FUSE0,9516.4,9516.4,12281.1,2764.7,2764.7,271.3,0.09813,1,p:2.1.2.1.2.2
U2529,103,FUSE0,9612.0,9612.0,12377.7,2765.7,2765.7,271.3,0.098095,1,p:1.1.3.1.2.2
U2530,103,FUSE0,9616.6,9616.6,12456.9,2840.3,2840.3,271.3,0.095518,1,p:2.1.4.1.2.2
U2531,103,FUSE0,9646.2,9646.2,12520.1,2873.9,2873.9,271.3,0.094401,1,p:1.1.5.1.2.2
U2532,103,FUSE0,9653.0,9653.0,12452.3,2799.3,2799.3,271.3,0.096917,1,p:2.1.1.2.2.2
U2533,103,FUSE0,9822.0,9822.0,12524.7,2702.7,2702.7,271.3,0.100381,1,p:1.1.2.1.2.2
U2534,103,FUSE1,9917.6,9917.6,12683.3,2765.7,2765.7,333.3,0.120512,1,p:2.1.3.1.2.2
U2535,103,FUSE1,9922.2,9922.2,12762.5,2840.3,2840.3,333.3,0.117347,1,p:1.2.4.1.2.2
U2536,103,FUSE1,9951.8,9951.8,12825.7,2873.9,2873.9,333.3,0.115975,1,p:2.1.5.1.2.2
U2537,103,FUSE1,9958.6,9958.6,12757.9,2799.3,2799.3,333.3,0.119065,1,p:1.2.1.2.2.2
U2538,103,FUSE1,10127.6,10127.6,12830.3,2702.7,2702.7,333.3,0.123321,1,p:2.1.2.1.2.2
U2539,103,FUSE1,10223.2,10223.2,12988.9,2765.7,2765.7,333.3,0.120512,1,p:1.1.3.1.2.2
U2540,103,FUSE1,10259.6,10259.6,13064.7,2805.1,2805.1,333.3,0.118819,1,p:2.1.4.1.2.2
U2541,103,FUSE1,10289.8,10289.8,13131.3,2841.5,2841.5,333.3,0.117297,1,p:1.1.5.1.2.2
U2542,103,FUSE2,10296.6,10296.6,13095.9,2799.3,2799.3,365.7,0.13064,1,p:2.1.1.2.2.2
U2543,103,FUSE2,10465.6,10465.6,13165.9,2700.3,2700.3,365.7,0.135429,1,p:1.1.2.1.2.2
U2544,103,FUSE2,10561.2,10561.2,13326.9,2765.7,2765.7,365.7,0.132227,1,p:2.1.3.1.2.2
U2545,103,FUSE2,10597.6,10597.6,13402.7,2805.1,2805.1,365.7,0.13037,1,p:1.1.4.1.2.2
U2546,103,FUSE2,10627.8,10627.8,13469.3,2841.5,2841.5,365.7,0.1287,1,p:2.1.5.1.2.2
U2547,103,FUSE2,10634.6,10634.6,13433.9,2799.3,2799.3,365.7,0.13064,1,p:1.2.1.2.2.2
U2548,103,FUSE2,10709.2,10709.2,13503.9,2794.7,2794.7,365.7,0.130855,1,p:2.1.2.1.2.2
U2549,103,FUSE2,10804.8,10804.8,13664.9,2860.1,2860.1,365.7,0.127863,1,p:1.1.3.1.2.2
U2550,103,FUSE2,10841.2,10841.2,13740.7,2899.5,2899.5,365.7,0.126125,1,p:2.1.4.1.2.2
U887,37,FUSE0,10871.4,10871.4,13712.9,2841.5,2841.5,271.3,0.095478,1,p:1.1.5.1.2.2
U888,37,FUSE0,10878.2,10878.2,13677.5,2799.3,2799.3,271.3,0.096917,1,p:2.1.1.2.2.2
U889,37,FUSE0,10952.8,10952.8,13747.5,2794.7,2794.7,271.3,0.097077,1,p:1.1.2.1.2.2
U890,37,FUSE0,11048.4,11048.4,13908.5,2860.1,2860.1,271.3,0.094857,1,p:2.1.3.1.2.2
U891,37,FUSE0,11084.8,11084.8,13956.5,2871.7,2871.7,271.3,0.094474,1,p:1.1.5.1.2.2
U892,37,FUSE0,11115.0,11115.0,13921.1,2806.1,2806.1,271.3,0.096682,1,p:2.1.1.2.2.2
U893,37,FUSE0,11183.8,11183.8,13984.3,2800.5,2800.5,271.3,0.096876,1,p:1.1.4.1.2.2
U894,37,FUSE0,11258.4,11258.4,13991.1,2732.7,2732.7,271.3,0.099279,1,p:2.1.2.1.2.2
U895,37,FUSE1,11354.0,11354.0,14214.1,2860.1,2860.1,333.3,0.116534,1,p:1.1.3.1.2.2
U896,37,FUSE1,11390.4,11390.4,14262.1,2871.7,2871.7,333.3,0.116064,1,p:2.1.5.1.2.2
U897,37,FUSE1,11420.6,11420.6,14226.7,2806.1,2806.1,333.3,0.118777,1,p:1.1.1.2.2.2
U898,37,FUSE1,11489.4,11489.4,14289.9,2800.5,2800.5,333.3,0.119014,1,p:2.1.4.1.2.2
U899,37,FUSE1,11564.0,11564.0,14296.7,2732.7,2732.7,333.3,0.121967,1,p:1.1.2.1.2.2
U900,37,FUSE1,11659.6,11659.6,14519.7,2860.1,2860.1,333.3,0.116534,1,p:2.1.3.1.2.2
U901,37,FUSE1,11726.2,11726.2,14567.7,2841.5,2841.5,333.3,0.117297,1,p:1.1.5.1.2.2
U902,37,FUSE1,11730.8,11730.8,14532.3,2801.5,2801.5,333.3,0.118972,1,p:2.1.1.2.2.2
U903,37,FUSE2,11827.4,11827.4,14627.9,2800.5,2800.5,365.7,0.130584,1,p:1.1.4.1.2.2
U904,37,FUSE2,11902.0,11902.0,14634.7,2732.7,2732.7,365.7,0.133824,1,p:2.1.2.1.2.2
U905,37,FUSE2,11997.6,11997.6,14857.7,2860.1,2860.1,365.7,0.127863,1,p:1.1.3.1.2.2
U906,37,FUSE2,12064.2,12064.2,14905.7,2841.5,2841.5,365.7,0.1287,1,p:2.1.5.1.2.2
U907,37,FUSE2,12068.8,12068.8,14870.3,2801.5,2801.5,365.7,0.130537,1,p:1.2.1.2.2.2
U908,37,FUSE2,12165.4,12165.4,14965.9,2800.5,2800.5,365.7,0.130584,1,p:2.1.4.1.2.2
U909,37,FUSE2,12240.0,12240.0,14972.7,2732.7,2732.7,365.7,0.133824,1,p:1.1.2.1.2.2
U910,37,FUSE2,12244.6,12244.6,15195.7,2951.1,2951.1,365.7,0.12392,1,p:2.1.3.1.2.2
U911,37,FUSE2,12307.8,12307.8,15243.7,2935.9,2935.9,365.7,0.124561,1,p:1.1.5.1.2.2
U3462,140,FUSE0,12312.4,12312.4,15113.9,2801.5,2801.5,271.3,0.096841,1,p:2.1.1.1.2.2
U3463,140,FUSE0,12409.0,12409.0,15209.5,2800.5,2800.5,271.3,0.096876,1,p:1.1.4.1.2.2
U3464,140,FUSE0,12483.6,12483.6,15216.3,2732.7,2732.7,271.3,0.099279,1,p:2.1.2.2.2.2
U3465,140,FUSE0,12488.2,12488.2,15357.5,2869.3,2869.3,271.3,0.094553,1,p:1.2.1.1.2.2
U3466,140,FUSE0,12551.4,12551.4,15453.1,2901.7,2901.7,271.3,0.093497,1,p:2.1.4.1.2.2
U3467,140,FUSE0,12556.0,12556.0,15439.3,2883.3,2883.3,271.3,0.094094,1,p:1.2.3.1.2.2
U3468,140,FUSE0,12714.6,12714.6,15487.3,2772.7,2772.7,271.3,0.097847,1,p:2.1.5.1.2.2
U3469,140,FUSE0,12789.2,12789.2,15459.9,2670.7,2670.7,271.3,0.101584,1,p:1.1.2.2.2.2
U3470,140,FUSE1,12793.8,12793.8,15663.1,2869.3,2869.3,333.3,0.116161,1,p:2.1.1.1.2.2
U3471,140,FUSE1,12857.0,12857.0,15758.7,2901.7,2901.7,333.3,0.114864,1,p:1.1.4.1.2.2
U3472,140,FUSE1,12861.6,12861.6,15744.9,2883.3,2883.3,333.3,0.115597,1,p:2.1.3.1.2.2
U3473,140,FUSE1,13020.2,13020.2,15792.9,2772.7,2772.7,333.3,0.120208,1,p:1.1.5.1.2.2
U3474,140,FUSE1,13096.0,13096.0,15765.5,2669.5,2669.5,333.3,0.124855,1,p:2.1.2.2.2.2
U3475,140,FUSE1,13127.2,13127.2,15968.7,2841.5,2841.5,333.3,0.117297,1,p:1.1.1.1.2.2
U3476,140,FUSE1,13162.6,13162.6,16064.3,2901.7,2901.7,333.3,0.114864,1,p:2.1.4.1.2.2
U3477,140,FUSE1,13197.2,13197.2,16050.5,2853.3,2853.3,333.3,0.116812,1,p:1.1.3.1.2.2
U3478,140,FUSE2,13358.2,13358.2,16130.9,2772.7,2772.7,365.7,0.131893,1,p:2.1.5.1.2.2
U3479,140,FUSE2,13434.0,13434.0,16103.5,2669.5,2669.5,365.7,0.136992,1,p:1.1.2.2.2.2
U3480,140,FUSE2,13465.2,13465.2,16306.7,2841.5,2841.5,365.7,0.1287,1,p:2.1.1.1.2.2
U3481,140,FUSE2,13500.6,13500.6,16402.3,2901.7,2901.7,365.7,0.12603,1,p:1.1.4.1.2.2
U3482,140,FUSE2,13535.2,13535.2,16388.5,2853.3,2853.3,365.7,0.128167,1,p:2.1.3.1.2.2
U3483,140,FUSE2,13696.2,13696.2,16468.9,2772.7,2772.7,365.7,0.131893,1,p:1.1.5.1.2.2
U3484,140,FUSE2,13708.8,13708.8,16441.5,2732.7,2732.7,365.7,0.133824,1,p:2.1.2.2.2.2
U3485,140,FUSE2,13744.2,13744.2,16644.7,2900.5,2900.5,365.7,0.126082,1,p:1.1.1.2.2.2
U3486,140,FUSE2,13772.0,13772.0,16740.3,2968.3,2968.3,365.7,0.123202,1,p:2.1.4.1.2.2
U1108,46,FUSE0,13778.8,13778.8,16632.1,2853.3,2853.3,271.3,0.095083,1,p:1.2.3.1.2.2
U1109,46,FUSE0,13939.8,13939.8,16685.1,2745.3,2745.3,271.3,0.098823,1,p:2.1.2.2.2.2
U1110,46,FUSE0,13952.4,13952.4,16712.5,2760.1,2760.1,271.3,0.098294,1,p:1.1.5.1.2.2
U1111,46,FUSE0,13987.8,13987.8,16875.7,2887.9,2887.9,271.3,0.093944,1,p:2.1.3.1.2.2
U1112,46,FUSE0,14015.6,14015.6,16956.1,2940.5,2940.5,271.3,0.092263,1,p:1.1.5.1.2.2
U1113,46,FUSE0,14022.4,14022.4,16888.3,2865.9,2865.9,271.3,0.094665,1,p:2.1.1.2.2.2
U1114,46,FUSE0,14245.4,14245.4,16928.7,2683.3,2683.3,271.3,0.101107,1,p:1.1.2.2.2.2
U1115,46,FUSE0,14258.0,14258.0,16983.9,2725.9,2725.9,271.3,0.099527,1,p:2.1.4.1.2.2
U1116,46,FUSE1,14293.4,14293.4,17181.3,2887.9,2887.9,333.3,0.115413,1,p:1.1.3.1.2.2
U1117,46,FUSE1,14321.2,14321.2,17261.7,2940.5,2940.5,333.3,0.113348,1,p:2.1.5.1.2.2
U1118,46,FUSE1,14328.0,14328.0,17193.9,2865.9,2865.9,333.3,0.116299,1,p:1.2.1.2.2.2
U1119,46,FUSE1,14551.0,14551.0,17289.5,2738.5,2738.5,333.3,0.121709,1,p:2.1.4.1.2.2
U1120,46,FUSE1,14563.6,14563.6,17234.3,2670.7,2670.7,333.3,0.124799,1,p:1.1.2.2.2.2
U1121,46,FUSE1,14599.0,14599.0,17486.9,2887.9,2887.9,333.3,0.115413,1,p:2.1.3.1.2.2
U1122,46,FUSE1,14659.2,14659.2,17567.3,2908.1,2908.1,333.3,0.114611,1,p:1.1.5.1.2.2
U1123,46,FUSE1,14666.0,14666.0,17499.5,2833.5,2833.5,333.3,0.117628,1,p:2.1.1.2.2.2
U1124,46,FUSE2,14889.0,14889.0,17572.3,2683.3,2683.3,365.7,0.136287,1,p:1.1.2.1.2.2
U1125,46,FUSE2,14901.6,14901.6,17627.5,2725.9,2725.9,365.7,0.134158,1,p:2.1.4.1.2.2
U1126,46,FUSE2,14937.0,14937.0,17824.9,2887.9,2887.9,365.7,0.126632,1,p:1.1.3.1.2.2
U1127,46,FUSE2,14997.2,14997.2,17905.3,2908.1,2908.1,365.7,0.125752,1,p:2.1.5.1.2.2
U1128,46,FUSE2,15004.0,15004.0,17837.5,2833.5,2833.5,365.7,0.129063,1,p:1.2.1.2.2.2
U1129,46,FUSE2,15145.2,15145.2,17910.3,2765.1,2765.1,365.7,0.132256,1,p:2.1.2.1.2.2
U1130,46,FUSE2,15227.0,15227.0,17965.5,2738.5,2738.5,365.7,0.13354,1,p:1.1.4.1.2.2
U1131,46,FUSE2,15240.8,15240.8,18162.9,2922.1,2922.1,365.7,0.12515,1,p:2.1.3.1.2.2
U3282,133,FUSE0,15247.6,15247.6,18148.9,2901.3,2901.3,271.3,0.09351,1,p:1.2.5.1.2.2
U3283,133,FUSE0,15275.0,15275.0,18081.1,2806.1,2806.1,271.3,0.096682,1,p:2.1.1.2.2.2
U3284,133,FUSE0,15388.8,15388.8,18153.9,2765.1,2765.1,271.3,0.098116,1,p:1.1.2.1.2.2
U3285,133,FUSE0,15470.6,15470.6,18392.5,2921.9,2921.9,271.3,0.092851,1,p:2.1.5.1.2.2
U3286,133,FUSE0,15484.4,15484.4,18209.1,2724.7,2724.7,271.3,0.099571,1,p:1.1.4.1.2.2
U3287,133,FUSE0,15491.2,15491.2,18324.7,2833.5,2833.5,271.3,0.095747,1,p:2.1.1.2.2.2
U3288,133,FUSE0,15518.6,15518.6,18406.5,2887.9,2887.9,271.3,0.093944,1,p:1.1.3.1.2.2
U3289,133,FUSE0,15694.4,15694.4,18397.5,2703.1,2703.1,271.3,0.100366,1,p:2.1.2.1.2.2
U3290,133,FUSE0,15776.2,15776.2,18452.7,2676.5,2676.5,271.3,0.101364,1,p:1.1.4.1.2.2
U3291,133,FUSE1,15790.0,15790.0,18698.1,2908.1,2908.1,333.3,0.114611,1,p:2.1.5.1.2.2
U3292,133,FUSE1,15796.8,15796.8,18630.3,2833.5,2833.5,333.3,0.117628,1,p:1.2.1.2.2.2
U3293,133,FUSE1,15824.2,15824.2,18712.1,2887.9,2887.9,333.3,0.115413,1,p:2.1.3.1.2.2
U3294,133,FUSE1,16000.0,16000.0,18703.1,2703.1,2703.1,333.3,0.123303,1,p:1.1.2.1.2.2
U3295,133,FUSE1,16081.8,16081.8,19003.7,2921.9,2921.9,333.3,0.11407,1,p:2.1.5.1.2.2
U3296,133,FUSE1,16095.6,16095.6,18758.3,2662.7,2662.7,333.3,0.125174,1,p:1.1.4.1.2.2
U3297,133,FUSE1,16134.8,16134.8,18935.9,2801.1,2801.1,333.3,0.118989,1,p:2.1.1.2.2.2
U3298,133,FUSE1,16162.2,16162.2,19017.7,2855.5,2855.5,333.3,0.116722,1,p:1.1.3.1.2.2
U3299,133,FUSE1,16338.0,16338.0,19008.7,2670.7,2670.7,333.3,0.124799,1,p:2.1.2.1.2.2
U3300,133,FUSE2,16419.8,16419.8,19096.3,2676.5,2676.5,365.7,0.136634,1,p:1.1.4.1.2.2
U3301,133,FUSE2,16433.6,16433.6,19341.7,2908.1,2908.1,365.7,0.125752,1,p:2.1.5.1.2.2
U3302,133,FUSE2,16472.8,16472.8,19273.9,2801.1,2801.1,365.7,0.130556,1,p:1.1.1.2.2.2
U3303,133,FUSE2,16500.2,16500.2,19355.7,2855.5,2855.5,365.7,0.128069,1,p:2.1.3.1.2.2
U3304,133,FUSE2,16663.4,16663.4,19346.7,2683.3,2683.3,365.7,0.136287,1,p:1.1.2.1.2.2
U3305,133,FUSE2,16676.0,16676.0,19434.3,2758.3,2758.3,365.7,0.132582,1,p:2.1.4.1.2.2
U3306,133,FUSE2,16716.4,16716.4,19679.7,2963.3,2963.3,365.7,0.12341,1,p:1.1.5.1.2.2
U3307,133,FUSE2,16743.8,16743.8,19611.9,2868.1,2868.1,365.7,0.127506,1,p:2.1.1.2.2.2
U3308,133,FUSE2,16771.6,16771.6,19693.7,2922.1,2922.1,365.7,0.12515,1,p:1.1.3.1.2.2
U3309,133,FUSE2,16907.0,16907.0,19772.3,2865.3,2865.3,365.7,0.127631,1,p:2.1.4.1.2.2
U4477,180,FUSE0,16919.6,16919.6,19590.3,2670.7,2670.7,271.3,0.101584,1,p:1.1.2.1.2.2
U4478,180,FUSE0,16960.0,16960.0,19833.9,2873.9,2873.9,271.3,0.094401,1,p:2.1.2.1.2.2
U4479,180,FUSE0,16987.4,16987.4,19923.3,2935.9,2935.9,271.3,0.092408,1,p:1.1.5.1.2.2
U4480,180,FUSE0,17015.2,17015.2,19855.5,2840.3,2840.3,271.3,0.095518,1,p:2.1.1.2.2.2
U4481,180,FUSE0,17212.6,17212.6,19937.3,2724.7,2724.7,271.3,0.099571,1,p:1.1.3.1.2.2
U4482,180,FUSE0,17225.2,17225.2,20015.9,2790.7,2790.7,271.3,0.097216,1,p:2.1.4.1.2.2
U4483,180,FUSE0,17265.6,17265.6,20077.5,2811.9,2811.9,271.3,0.096483,1,p:1.1.2.1.2.2
U4484,180,FUSE0,17293.0,17293.0,20166.9,2873.9,2873.9,271.3,0.094401,1,p:2.1.5.1.2.2
U4485,180,FUSE1,17320.8,17320.8,20161.1,2840.3,2840.3,333.3,0.117347,1,p:1.1.1.1.2.2
U4486,180,FUSE1,17518.2,17518.2,20321.5,2803.3,2803.3,333.3,0.118896,1,p:2.1.4.1.2.2
U4487,180,FUSE1,17530.8,17530.8,20242.9,2712.1,2712.1,333.3,0.122894,1,p:1.1.3.1.2.2
U4488,180,FUSE1,17598.6,17598.6,20383.1,2784.5,2784.5,333.3,0.119698,1,p:2.1.2.1.2.2
U4489,180,FUSE1,17603.6,17603.6,20472.5,2868.9,2868.9,333.3,0.116177,1,p:1.2.5.1.2.2
U4490,180,FUSE1,17658.8,17658.8,20466.7,2807.9,2807.9,333.3,0.118701,1,p:2.1.1.1.2.2
U4491,180,FUSE1,17856.2,17856.2,20548.5,2692.3,2692.3,333.3,0.123797,1,p:1.1.3.1.2.2
U4492,180,FUSE1,17868.8,17868.8,20627.1,2758.3,2758.3,333.3,0.120835,1,p:2.1.4.1.2.2
U4493,180,FUSE2,17936.6,17936.6,20721.1,2784.5,2784.5,365.7,0.131334,1,p:1.1.2.1.2.2
U4494,180,FUSE2,17941.6,17941.6,20810.5,2868.9,2868.9,365.7,0.12747,1,p:2.1.5.1.2.2
U4495,180,FUSE2,17996.8,17996.8,20804.7,2807.9,2807.9,365.7,0.13024,1,p:1.1.1.1.2.2
U4496,180,FUSE2,18112.4,18112.4,20886.5,2774.1,2774.1,365.7,0.131827,1,p:2.1.3.1.2.2
U4497,180,FUSE2,18180.2,18180.2,20965.1,2784.9,2784.9,365.7,0.131315,1,p:1.1.4.1.2.2
U4498,180,FUSE2,18185.2,18185.2,21059.1,2873.9,2873.9,365.7,0.127249,1,p:2.1.2.1.2.2
U4499,180,FUSE2,18194.2,18194.2,21148.5,2954.3,2954.3,365.7,0.123786,1,p:1.2.5.1.2.2
U4500,180,FUSE2,18240.4,18240.4,21142.7,2902.3,2902.3,365.7,0.126004,1,p:2.1.1.1.2.2
U4501,180,FUSE2,18356.0,18356.0,21224.5,2868.5,2868.5,365.7,0.127488,1,p:1.1.3.1.2.2
U523,22,FUSE0,18423.8,18423.8,21208.7,2784.9,2784.9,271.3,0.097418,1,p:2.1.4.1.2.2
U524,22,FUSE0,18428.8,18428.8,21302.7,2873.9,2873.9,271.3,0.094401,1,p:1.2.2.1.2.2
U525,22,FUSE0,18437.8,18437.8,21392.1,2954.3,2954.3,271.3,0.091832,1,p:2.1.5.1.2.2
U526,22,FUSE0,18484.0,18484.0,21386.3,2902.3,2902.3,271.3,0.093478,1,p:1.1.1.1.2.2
U527,22,FUSE0,18661.6,18661.6,21452.3,2790.7,2790.7,271.3,0.097216,1,p:2.1.4.1.2.2
U528,22,FUSE0,18729.4,18729.4,21468.1,2738.7,2738.7,271.3,0.099062,1,p:1.1.3.1.2.2
U529,22,FUSE0,18734.4,18734.4,21546.3,2811.9,2811.9,271.3,0.096483,1,p:2.1.2.1.2.2
U530,22,FUSE1,18743.4,18743.4,21697.7,2954.3,2954.3,333.3,0.112819,1,p:1.2.5.1.2.2
U531,22,FUSE1,18789.6,18789.6,21691.9,2902.3,2902.3,333.3,0.11484,1,p:2.1.1.1.2.2
U532,22,FUSE1,18967.2,18967.2,21757.9,2790.7,2790.7,333.3,0.119432,1,p:1.1.4.1.2.2
U533,22,FUSE1,19035.0,19035.0,21773.7,2738.7,2738.7,333.3,0.1217,1,p:2.1.3.1.2.2
U534,22,FUSE1,19040.0,19040.0,21851.9,2811.9,2811.9,333.3,0.118532,1,p:1.2.2.1.2.2
U535,22,FUSE1,19049.0,19049.0,22003.3,2954.3,2954.3,333.3,0.112819,1,p:2.1.5.1.2.2
U536,22,FUSE1,19127.6,19127.6,21997.5,2869.9,2869.9,333.3,0.116136,1,p:1.1.1.1.2.2
U537,22,FUSE2,19305.2,19305.2,22095.9,2790.7,2790.7,365.7,0.131042,1,p:2.1.4.1.2.2
U538,22,FUSE2,19373.0,19373.0,22111.7,2738.7,2738.7,365.7,0.133531,1,p:1.1.3.1.2.2
U539,22,FUSE2,19378.0,19378.0,22189.9,2811.9,2811.9,365.7,0.130054,1,p:2.1.2.1.2.2
U540,22,FUSE2,19387.0,19387.0,22341.3,2954.3,2954.3,365.7,0.123786,1,p:1.2.5.1.2.2
U541,22,FUSE2,19465.6,19465.6,22335.5,2869.9,2869.9,365.7,0.127426,1,p:2.1.1.1.2.2
U542,22,FUSE2,19621.6,19621.6,22433.9,2812.3,2812.3,365.7,0.130036,1,p:1.1.4.1.2.2
U543,22,FUSE2,19643.2,19643.2,22449.7,2806.5,2806.5,365.7,0.130305,1,p:2.1.3.1.2.2
U544,22,FUSE2,19711.0,19711.0,22527.9,2816.9,2816.9,365.7,0.129824,1,p:1.1.2.2.2.2
U6521,262,FUSE0,19725.0,19725.0,22584.9,2859.9,2859.9,271.3,0.094863,1,p:2.1.5.1.2.2
U6522,262,FUSE0,19803.6,19803.6,22579.1,2775.5,2775.5,271.3,0.097748,1,p:1.1.1.1.2.2
U6523,262,FUSE0,19865.2,19865.2,22677.5,2812.3,2812.3,271.3,0.096469,1,p:2.1.4.1.2.2
U6524,262,FUSE0,19886.8,19886.8,22693.3,2806.5,2806.5,271.3,0.096668,1,p:1.1.3.1.2.2
U6525,262,FUSE0,19954.6,19954.6,22771.5,2816.9,2816.9,271.3,0.096312,1,p:2.1.2.2.2.2
U6526,262,FUSE0,19968.6,19968.6,22828.5,2859.9,2859.9,271.3,0.094863,1,p:1.1.5.1.2.2
U6527,262,FUSE0,20047.2,20047.2,22822.7,2775.5,2775.5,271.3,0.097748,1,p:2.1.1.1.2.2
U6528,262,FUSE0,20108.8,20108.8,22921.1,2812.3,2812.3,271.3,0.096469,1,p:1.1.4.1.2.2
U6529,262,FUSE0,20192.4,20192.4,22936.9,2744.5,2744.5,271.3,0.098852,1,p:2.1.3.1.2.2
U6530,262,FUSE1,20198.2,20198.2,23134.1,2935.9,2935.9,333.3,0.113526,1,p:1.2.5.1.2.2
U6531,262,FUSE1,20274.2,20274.2,23077.1,2802.9,2802.9,333.3,0.118913,1,p:2.1.2.2.2.2
U6532,262,FUSE1,20352.8,20352.8,23128.3,2775.5,2775.5,333.3,0.120086,1,p:1.1.1.1.2.2
U6533,262,FUSE1,20414.4,20414.4,23226.7,2812.3,2812.3,333.3,0.118515,1,p:2.1.4.1.2.2
U6534,262,FUSE1,20498.0,20498.0,23242.5,2744.5,2744.5,333.3,0.121443,1,p:1.1.3.1.2.2
U6535,262,FUSE1,20503.8,20503.8,23439.7,2935.9,2935.9,333.3,0.113526,1,p:2.1.5.1.2.2
U6536,262,FUSE1,20579.8,20579.8,23382.7,2802.9,2802.9,333.3,0.118913,1,p:1.1.2.2.2.2
U6537,262,FUSE1,20658.4,20658.4,23433.9,2775.5,2775.5,333.3,0.120086,1,p:2.1.1.1.2.2
U6538,262,FUSE1,20752.4,20752.4,23532.3,2779.9,2779.9,333.3,0.119896,1,p:1.1.4.1.2.2
U6539,262,FUSE2,20836.0,20836.0,23580.5,2744.5,2744.5,365.7,0.133248,1,p:2.1.3.1.2.2
U6540,262,FUSE2,20841.8,20841.8,23777.7,2935.9,2935.9,365.7,0.124561,1,p:1.2.5.1.2.2
U6541,262,FUSE2,20917.8,20917.8,23720.7,2802.9,2802.9,365.7,0.130472,1,p:2.1.2.2.2.2
U6542,262,FUSE2,20996.4,20996.4,23771.9,2775.5,2775.5,365.7,0.13176,1,p:1.1.1.1.2.2
U6543,262,FUSE2,21090.4,21090.4,23870.3,2779.9,2779.9,365.7,0.131551,1,p:2.1.4.1.2.2
U6544,262,FUSE2,21174.0,21174.0,23918.5,2744.5,2744.5,365.7,0.133248,1,p:1.1.3.1.2.2
U6545,262,FUSE2,21179.8,21179.8,24119.1,2939.3,2939.3,365.7,0.124417,1,p:2.1.5.1.2.2
U6546,262,FUSE2,21240.0,21240.0,24058.7,2818.7,2818.7,365.7,0.129741,1,p:1.1.2.2.2.2
U6547,262,FUSE2,21255.8,21255.8,24109.9,2854.1,2854.1,365.7,0.128131,1,p:2.1.1.1.2.2
U7471,300,FUSE0,21334.0,21334.0,24114.5,2780.5,2780.5,271.3,0.097572,1,p:1.1.4.1.2.2
U7472,300,FUSE0,21417.6,21417.6,24162.1,2744.5,2744.5,271.3,0.098852,1,p:2.1.3.1.2.2
U7473,300,FUSE0,21423.4,21423.4,24362.7,2939.3,2939.3,271.3,0.092301,1,p:1.2.5.1.2.2
U7474,300,FUSE0,21483.6,21483.6,24358.1,2874.5,2874.5,271.3,0.094382,1,p:2.1.4.1.2.2
U7475,300,FUSE0,21499.4,21499.4,24302.3,2802.9,2802.9,271.3,0.096793,1,p:1.1.2.2.2.2
U7476,300,FUSE0,21577.6,21577.6,24353.5,2775.9,2775.9,271.3,0.097734,1,p:2.1.1.1.2.2
U7477,300,FUSE0,21723.2,21723.2,24405.7,2682.5,2682.5,271.3,0.101137,1,p:1.1.3.1.2.2
U7478,300,FUSE0,21729.0,21729.0,24602.9,2873.9,2873.9,271.3,0.094401,1,p:2.1.5.1.2.2
U7479,300,FUSE1,21789.2,21789.2,24607.9,2818.7,2818.7,333.3,0.118246,1,p:1.1.2.1.2.2
U7480,300,FUSE1,21805.0,21805.0,24663.7,2858.7,2858.7,333.3,0.116591,1,p:2.1.4.1.2.2
U7481,300,FUSE1,21883.2,21883.2,24659.1,2775.9,2775.9,333.3,0.120069,1,p:1.1.1.1.2.2
U7482,300,FUSE1,22028.8,22028.8,24711.3,2682.5,2682.5,333.3,0.12425,1,p:2.1.3.1.2.2
U7483,300,FUSE1,22034.6,22034.6,24908.5,2873.9,2873.9,333.3,0.115975,1,p:1.2.5.1.2.2
U7484,300,FUSE1,22127.2,22127.2,24969.3,2842.1,2842.1,333.3,0.117272,1,p:2.1.4.1.2.2
U7485,300,FUSE1,22143.0,22143.0,24913.5,2770.5,2770.5,333.3,0.120303,1,p:1.1.2.1.2.2
U7486,300,FUSE1,22221.2,22221.2,24964.7,2743.5,2743.5,333.3,0.121487,1,p:2.1.1.1.2.2
U7487,300,FUSE2,22366.8,22366.8,25049.3,2682.5,2682.5,365.7,0.136328,1,p:1.1.3.1.2.2
U7488,300,FUSE2,22372.6,22372.6,25246.5,2873.9,2873.9,365.7,0.127249,1,p:2.1.5.1.2.2
U7489,300,FUSE2,22465.2,22465.2,25251.5,2786.3,2786.3,365.7,0.131249,1,p:1.1.2.1.2.2
U7490,300,FUSE2,22481.0,22481.0,25307.3,2826.3,2826.3,365.7,0.129392,1,p:2.1.4.1.2.2
U7491,300,FUSE2,22559.2,22559.2,25302.7,2743.5,2743.5,365.7,0.133297,1,p:1.1.1.1.2.2
U7492,300,FUSE2,22610.4,22610.4,25387.3,2776.9,2776.9,365.7,0.131694,1,p:2.1.3.1.2.2
U7493,300,FUSE2,22616.2,22616.2,25584.5,2968.3,2968.3,365.7,0.123202,1,p:1.2.5.1.2.2
U7494,300,FUSE2,22708.8,22708.8,25644.7,2935.9,2935.9,365.7,0.124561,1,p:2.1.4.1.2.2
U7495,300,FUSE2,22724.6,22724.6,25589.5,2864.9,2864.9,365.7,0.127648,1,p:1.1.2.1.2.2
U5853,235,FUSE0,22802.8,22802.8,25546.3,2743.5,2743.5,271.3,0.098888,1,p:2.1.1.2.2.2
U5854,235,FUSE0,22854.0,22854.0,25630.9,2776.9,2776.9,271.3,0.097699,1,p:1.1.3.1.2.2
U5855,235,FUSE0,22859.8,22859.8,25828.1,2968.3,2968.3,271.3,0.091399,1,p:2.1.5.1.2.2
U5856,235,FUSE0,22952.4,22952.4,25789.9,2837.5,2837.5,271.3,0.095612,1,p:1.1.1.2.2.2
U5857,235,FUSE0,22968.2,22968.2,25833.1,2864.9,2864.9,271.3,0.094698,1,p:2.1.2.1.2.2
U5858,235,FUSE0,23108.4,23108.4,25888.3,2779.9,2779.9,271.3,0.097593,1,p:1.1.4.1.2.2
U5859,235,FUSE0,23159.6,23159.6,25874.5,2714.9,2714.9,271.3,0.09993,1,p:2.1.3.1.2.2
U5860,235,FUSE0,23165.4,23165.4,26071.7,2906.3,2906.3,271.3,0.093349,1,p:1.2.5.1.2.2
U5861,235,FUSE1,23258.0,23258.0,26138.7,2880.7,2880.7,333.3,0.115701,1,p:2.1.2.1.2.2
U5862,235,FUSE1,23273.8,23273.8,26095.5,2821.7,2821.7,333.3,0.11812,1,p:1.1.1.1.2.2
U5863,235,FUSE1,23414.0,23414.0,26193.9,2779.9,2779.9,333.3,0.119896,1,p:2.1.4.1.2.2
U5864,235,FUSE1,23465.2,23465.2,26180.1,2714.9,2714.9,333.3,0.122767,1,p:1.1.3.1.2.2
U5865,235,FUSE1,23471.0,23471.0,26377.3,2906.3,2906.3,333.3,0.114682,1,p:2.1.5.1.2.2
U5866,235,FUSE1,23563.6,23563.6,26401.1,2837.5,2837.5,333.3,0.117463,1,p:1.1.1.1.2.2
U5867,235,FUSE1,23611.8,23611.8,26444.3,2832.5,2832.5,333.3,0.11767,1,p:2.1.2.1.2.2
U5868,235,FUSE2,23752.0,23752.0,26531.9,2779.9,2779.9,365.7,0.131551,1,p:1.1.4.1.2.2
U5869,235,FUSE2,23803.2,23803.2,26518.1,2714.9,2714.9,365.7,0.134701,1,p:2.1.3.1.2.2
U5870,235,FUSE2,23809.0,23809.0,26715.3,2906.3,2906.3,365.7,0.12583,1,p:1.2.5.1.2.2
U5871,235,FUSE2,23901.6,23901.6,26739.1,2837.5,2837.5,365.7,0.128881,1,p:2.1.1.1.2.2
U5872,235,FUSE2,23949.8,23949.8,26782.3,2832.5,2832.5,365.7,0.129109,1,p:1.1.2.1.2.2
U5873,235,FUSE2,24090.0,24090.0,26869.9,2779.9,2779.9,365.7,0.131551,1,p:2.1.4.1.2.2
U5874,235,FUSE2,24141.2,24141.2,26856.1,2714.9,2714.9,365.7,0.134701,1,p:1.1.3.1.2.2
U5875,235,FUSE2,24145.8,24145.8,27053.3,2907.5,2907.5,365.7,0.125778,1,p:2.1.5.1.2.2
U8562,343,FUSE0,24150.4,24150.4,26982.7,2832.3,2832.3,271.3,0.095788,1,p:1.2.1.2.2.2
U8563,343,FUSE0,24193.4,24193.4,27025.9,2832.5,2832.5,271.3,0.095781,1,p:2.1.2.2.2.2
U8564,343,FUSE0,24333.6,24333.6,27113.5,2779.9,2779.9,271.3,0.097593,1,p:1.1.4.1.2.2
U8565,343,FUSE0,24384.8,24384.8,27099.7,2714.9,2714.9,271.3,0.09993,1,p:2.1.3.1.2.2
U8566,343,FUSE0,24389.4,24389.4,27296.9,2907.5,2907.5,271.3,0.09331,1,p:1.2.5.1.2.2
U8567,343,FUSE0,24394.0,24394.0,27226.3,2832.3,2832.3,271.3,0.095788,1,p:2.1.1.2.2.2
U8568,343,FUSE0,24437.0,24437.0,27269.5,2832.5,2832.5,271.3,0.095781,1,p:1.1.2.2.2.2
U8569,343,FUSE0,24634.2,24634.2,27357.1,2722.9,2722.9,271.3,0.099636,1,p:2.1.4.1.2.2
U8570,343,FUSE0,24639.2,24639.2,27343.3,2704.1,2704.1,271.3,0.100329,1,p:1.2.3.1.2.2
U8571,343,FUSE0,24690.4,24690.4,27540.5,2850.1,2850.1,271.3,0.09519,1,p:2.1.5.1.2.2
U8572,343,FUSE1,24695.0,24695.0,27531.9,2836.9,2836.9,333.3,0.117487,1,p:1.2.1.1.2.2
U8573,343,FUSE1,24742.6,24742.6,27575.1,2832.5,2832.5,333.3,0.11767,1,p:2.1.2.1.2.2
U8574,343,FUSE1,24939.8,24939.8,27662.7,2722.9,2722.9,333.3,0.122406,1,p:1.1.4.1.2.2
U8575,343,FUSE1,24944.8,24944.8,27648.9,2704.1,2704.1,333.3,0.123257,1,p:2.1.3.1.2.2
U8576,343,FUSE1,24996.0,24996.0,27846.1,2850.1,2850.1,333.3,0.116943,1,p:1.1.5.1.2.2
U8577,343,FUSE1,25000.6,25000.6,27837.5,2836.9,2836.9,333.3,0.117487,1,p:2.1.1.1.2.2
U8578,343,FUSE1,25080.6,25080.6,27880.7,2800.1,2800.1,333.3,0.119031,1,p:1.1.2.1.2.2
U8579,343,FUSE1,25277.8,25277.8,27968.3,2690.5,2690.5,333.3,0.12388,1,p:2.1.4.1.2.2
U8580,343,FUSE1,25282.8,25282.8,27954.5,2671.7,2671.7,333.3,0.124752,1,p:1.2.3.1.2.2
U8581,343,FUSE1,25334.0,25334.0,28151.7,2817.7,2817.7,333.3,0.118288,1,p:2.1.5.1.2.2
U8582,343,FUSE2,25338.6,25338.6,28175.5,2836.9,2836.9,365.7,0.128908,1,p:1.2.1.1.2.2
U8583,343,FUSE2,25418.6,25418.6,28218.7,2800.1,2800.1,365.7,0.130602,1,p:2.1.2.1.2.2
U8584,343,FUSE2,25577.6,25577.6,28306.3,2728.7,2728.7,365.7,0.13402,1,p:1.1.4.1.2.2
U8585,343,FUSE2,25615.8,25615.8,28292.5,2676.7,2676.7,365.7,0.136623,1,p:2.1.3.1.2.2
U8586,343,FUSE2,25620.8,25620.8,28489.7,2868.9,2868.9,365.7,0.12747,1,p:1.2.5.1.2.2
U8587,343,FUSE2,25662.2,25662.2,28556.7,2894.5,2894.5,365.7,0.126343,1,p:2.1.2.1.2.2
U8588,343,FUSE2,25676.0,25676.0,28513.5,2837.5,2837.5,365.7,0.128881,1,p:1.1.1.1.2.2
U8589,343,FUSE2,25821.2,25821.2,28644.3,2823.1,2823.1,365.7,0.129538,1,p:2.1.4.1.2.2
U8590,343,FUSE2,25859.4,25859.4,28630.5,2771.1,2771.1,365.7,0.131969,1,p:1.1.3.1.2.2
U5427,218,FUSE0,25864.4,25864.4,28733.3,2868.9,2868.9,271.3,0.094566,1,p:2.1.5.1.2.2
U5428,218,FUSE0,25905.8,25905.8,28757.1,2851.3,2851.3,271.3,0.09515,1,p:1.1.1.1.2.2
U5429,218,FUSE0,25919.6,25919.6,28800.3,2880.7,2880.7,271.3,0.094178,1,p:2.1.2.1.2.2
U5430,218,FUSE0,26103.0,26103.0,28887.9,2784.9,2784.9,271.3,0.097418,1,p:1.1.4.1.2.2
U5431,218,FUSE0,26126.8,26126.8,28874.1,2747.3,2747.3,271.3,0.098752,1,p:2.1.3.1.2.2
U5432,218,FUSE0,26170.0,26170.0,28976.9,2806.9,2806.9,271.3,0.096655,1,p:1.1.5.1.2.2
U5433,218,FUSE0,26211.4,26211.4,29043.9,2832.5,2832.5,271.3,0.095781,1,p:2.1.2.1.2.2
U5434,218,FUSE1,26225.2,26225.2,29062.7,2837.5,2837.5,333.3,0.117463,1,p:1.1.1.1.2.2
U5435,218,FUSE1,26408.6,26408.6,29193.5,2784.9,2784.9,333.3,0.119681,1,p:2.1.4.1.2.2
U5436,218,FUSE1,26432.4,26432.4,29179.7,2747.3,2747.3,333.3,0.121319,1,p:1.1.3.1.2.2
U5437,218,FUSE1,26475.6,26475.6,29282.5,2806.9,2806.9,333.3,0.118743,1,p:2.1.5.1.2.2
U5438,218,FUSE1,26549.4,26549.4,29349.5,2800.1,2800.1,333.3,0.119031,1,p:1.1.2.1.2.2
U5439,218,FUSE1,26563.2,26563.2,29368.3,2805.1,2805.1,333.3,0.118819,1,p:2.1.1.1.2.2
U5440,218,FUSE1,26746.6,26746.6,29499.1,2752.5,2752.5,333.3,0.12109,1,p:1.1.4.1.2.2
U5441,218,FUSE2,26770.4,26770.4,29517.7,2747.3,2747.3,365.7,0.133113,1,p:2.1.3.1.2.2
U5442,218,FUSE2,26813.6,26813.6,29620.5,2806.9,2806.9,365.7,0.130286,1,p:1.1.5.1.2.2
U5443,218,FUSE2,26887.4,26887.4,29706.3,2818.9,2818.9,365.7,0.129731,1,p:2.1.1.1.2.2
U5444,218,FUSE2,26901.2,26901.2,29687.5,2786.3,2786.3,365.7,0.131249,1,p:1.1.2.1.2.2
U5445,218,FUSE2,27014.0,27014.0,29837.1,2823.1,2823.1,365.7,0.129538,1,p:2.1.4.1.2.2
U5446,218,FUSE2,27057.2,27057.2,29855.7,2798.5,2798.5,365.7,0.130677,1,p:1.1.3.1.2.2
U5447,218,FUSE2,27084.6,27084.6,29958.5,2873.9,2873.9,365.7,0.127249,1,p:2.1.5.1.2.2
U5448,218,FUSE2,27131.0,27131.0,30025.5,2894.5,2894.5,365.7,0.126343,1,p:1.1.2.1.2.2
U709,30,FUSE0,27144.8,27144.8,29949.9,2805.1,2805.1,271.3,0.096717,1,p:2.1.1.1.2.2
U710,30,FUSE0,27257.6,27257.6,30080.7,2823.1,2823.1,271.3,0.0961,1,p:1.1.4.1.2.2
U711,30,FUSE0,27300.8,27300.8,30099.3,2798.5,2798.5,271.3,0.096945,1,p:2.1.3.1.2.2
U712,30,FUSE0,27328.2,27328.2,30202.1,2873.9,2873.9,271.3,0.094401,1,p:1.1.5.1.2.2
U713,30,FUSE0,27374.6,27374.6,30269.1,2894.5,2894.5,271.3,0.093729,1,p:2.1.2.1.2.2
U714,30,FUSE0,27388.4,27388.4,30193.5,2805.1,2805.1,271.3,0.096717,1,p:1.1.1.1.2.2
U715,30,FUSE0,27563.2,27563.2,30324.3,2761.1,2761.1,271.3,0.098258,1,p:2.1.4.1.2.2
U716,30,FUSE0,27571.8,27571.8,30342.9,2771.1,2771.1,271.3,0.097903,1,p:1.2.3.1.2.2
U717,30,FUSE0,27606.4,27606.4,30445.7,2839.3,2839.3,271.3,0.095552,1,p:2.1.5.1.2.2
U718,30,FUSE1,27680.2,27680.2,30499.1,2818.9,2818.9,333.3,0.118238,1,p:1.1.1.1.2.2
U719,30,FUSE1,27694.0,27694.0,30574.7,2880.7,2880.7,333.3,0.115701,1,p:2.1.2.1.2.2
U720,30,FUSE1,27868.8,27868.8,30629.9,2761.1,2761.1,333.3,0.120713,1,p:1.1.4.1.2.2
U721,30,FUSE1,27877.4,27877.4,30648.5,2771.1,2771.1,333.3,0.120277,1,p:2.1.3.1.2.2
U722,30,FUSE1,27912.0,27912.0,30751.3,2839.3,2839.3,333.3,0.117388,1,p:1.1.5.1.2.2
U723,30,FUSE1,27985.8,27985.8,30880.3,2894.5,2894.5,333.3,0.115149,1,p:2.1.2.1.2.2
U724,30,FUSE1,27999.6,27999.6,30804.7,2805.1,2805.1,333.3,0.118819,1,p:1.1.1.1.2.2
U725,30,FUSE1,28183.0,28183.0,30935.5,2752.5,2752.5,333.3,0.12109,1,p:2.1.4.1.2.2
U726,30,FUSE1,28206.8,28206.8,30954.1,2747.3,2747.3,333.3,0.121319,1,p:1.1.3.1.2.2
U727,30,FUSE2,28250.0,28250.0,31089.3,2839.3,2839.3,365.7,0.128799,1,p:2.1.5.1.2.2
U728,30,FUSE2,28323.8,28323.8,31142.7,2818.9,2818.9,365.7,0.129731,1,p:1.1.1.1.2.2
U729,30,FUSE2,28337.6,28337.6,31218.3,2880.7,2880.7,365.7,0.126948,1,p:2.1.2.1.2.2
U730,30,FUSE2,28521.0,28521.0,31273.5,2752.5,2752.5,365.7,0.132861,1,p:1.1.4.1.2.2
U731,30,FUSE2,28544.8,28544.8,31292.1,2747.3,2747.3,365.7,0.133113,1,p:2.1.3.1.2.2
U732,30,FUSE2,28588.0,28588.0,31427.3,2839.3,2839.3,365.7,0.128799,1,p:1.1.5.1.2.2
U733,30,FUSE2,28661.8,28661.8,31556.3,2894.5,2894.5,365.7,0.126343,1,p:2.1.2.1.2.2
U734,30,FUSE2,28675.6,28675.6,31480.7,2805.1,2805.1,365.7,0.13037,1,p:1.1.1.1.2.2
U735,30,FUSE2,28764.6,28764.6,31611.5,2846.9,2846.9,365.7,0.128456,1,p:2.1.4.1.2.2
U736,30,FUSE2,28788.4,28788.4,31630.1,2841.7,2841.7,365.7,0.128691,1,p:1.1.3.1.2.2
U3151,128,FUSE0,28831.6,28831.6,31670.9,2839.3,2839.3,271.3,0.095552,1,p:2.1.5.1.2.2
U3152,128,FUSE0,28905.4,28905.4,31724.3,2818.9,2818.9,271.3,0.096243,1,p:1.1.1.1.2.2
U3153,128,FUSE0,28919.2,28919.2,31799.9,2880.7,2880.7,271.3,0.094178,1,p:2.1.2.1.2.2
U3154,128,FUSE0,29008.2,29008.2,31855.1,2846.9,2846.9,271.3,0.095297,1,p:1.1.4.1.2.2
U3155,128,FUSE0,29075.2,29075.2,31914.5,2839.3,2839.3,271.3,0.095552,1,p:2.1.5.1.2.2
U3156,128,FUSE0,29094.0,29094.0,31873.7,2779.7,2779.7,271.3,0.0976,1,p:1.1.3.1.2.2
U3157,128,FUSE0,29211.0,29211.0,32043.5,2832.5,2832.5,271.3,0.095781,1,p:2.1.2.1.2.2
U3158,128,FUSE0,29224.8,29224.8,31967.9,2743.1,2743.1,271.3,0.098903,1,p:1.1.1.1.2.2
U3159,128,FUSE1,29313.8,29313.8,32160.7,2846.9,2846.9,333.3,0.117075,1,p:2.1.4.1.2.2
U3160,128,FUSE1,29380.8,29380.8,32179.3,2798.5,2798.5,333.3,0.1191,1,p:1.1.3.1.2.2
U3161,128,FUSE1,29399.6,29399.6,32220.1,2820.5,2820.5,333.3,0.118171,1,p:2.1.5.1.2.2
U3162,128,FUSE1,29530.4,29530.4,32273.5,2743.1,2743.1,333.3,0.121505,1,p:1.1.1.1.2.2
U3163,128,FUSE1,29549.0,29549.0,32349.1,2800.1,2800.1,333.3,0.119031,1,p:2.1.2.1.2.2
U3164,128,FUSE1,29651.8,29651.8,32466.3,2814.5,2814.5,333.3,0.118422,1,p:1.1.4.1.2.2
U3165,128,FUSE1,29718.8,29718.8,32525.7,2806.9,2806.9,333.3,0.118743,1,p:2.1.5.1.2.2
U3166,128,FUSE1,29737.6,29737.6,32484.9,2747.3,2747.3,333.3,0.121319,1,p:1.1.3.1.2.2
U3167,128,FUSE2,29868.4,29868.4,32687.1,2818.7,2818.7,365.7,0.129741,1,p:2.1.2.1.2.2
U3168,128,FUSE2,29887.0,29887.0,32611.5,2724.5,2724.5,365.7,0.134226,1,p:1.1.1.1.2.2
U3169,128,FUSE2,29981.2,29981.2,32804.3,2823.1,2823.1,365.7,0.129538,1,p:2.1.4.1.2.2
U3170,128,FUSE2,29989.8,29989.8,32822.9,2833.1,2833.1,365.7,0.129081,1,p:1.2.3.1.2.2
U3171,128,FUSE2,30056.8,30056.8,32863.7,2806.9,2806.9,365.7,0.130286,1,p:2.1.5.1.2.2
U3172,128,FUSE2,30112.0,30112.0,32949.5,2837.5,2837.5,365.7,0.128881,1,p:1.1.1.1.2.2
U3173,128,FUSE2,30130.6,30130.6,33025.1,2894.5,2894.5,365.7,0.126343,1,p:2.1.2.1.2.2
U3174,128,FUSE2,30224.8,30224.8,33142.3,2917.5,2917.5,365.7,0.125347,1,p:1.1.4.1.2.2
U3175,128,FUSE2,30233.4,30233.4,33160.9,2927.5,2927.5,365.7,0.124919,1,p:2.1.3.1.2.2
U3176,128,FUSE2,30300.4,30300.4,33201.7,2901.3,2901.3,365.7,0.126047,1,p:1.1.5.1.2.2
U787,33,FUSE0,30355.6,30355.6,33268.7,2913.1,2913.1,271.3,0.093131,1,p:2.1.2.1.2.2
U788,33,FUSE0,30374.2,30374.2,33193.1,2818.9,2818.9,271.3,0.096243,1,p:1.1.1.1.2.2
U789,33,FUSE0,30477.0,30477.0,33385.9,2908.9,2908.9,271.3,0.093265,1,p:2.1.4.1.2.2
U790,33,FUSE0,30530.4,30530.4,33404.5,2874.1,2874.1,271.3,0.094395,1,p:1.1.3.1.2.2
U791,33,FUSE0,30606.0,30606.0,33445.3,2839.3,2839.3,271.3,0.095552,1,p:2.1.5.1.2.2
U792,33,FUSE0,30661.2,30661.2,33436.7,2775.5,2775.5,271.3,0.097748,1,p:1.1.1.1.2.2
U793,33,FUSE0,30679.8,30679.8,33512.3,2832.5,2832.5,271.3,0.095781,1,p:2.1.2.1.2.2
U794,33,FUSE0,30782.6,30782.6,33629.5,2846.9,2846.9,271.3,0.095297,1,p:1.1.4.1.2.2
U795,33,FUSE0,30836.0,30836.0,33648.1,2812.1,2812.1,271.3,0.096476,1,p:2.1.3.1.2.2
U796,33,FUSE1,30911.6,30911.6,33750.9,2839.3,2839.3,333.3,0.117388,1,p:1.1.5.1.2.2
U797,33,FUSE1,30966.8,30966.8,33817.9,2851.1,2851.1,333.3,0.116902,1,p:2.1.2.1.2.2
U798,33,FUSE1,30985.4,30985.4,33742.3,2756.9,2756.9,333.3,0.120897,1,p:1.1.1.1.2.2
U799,33,FUSE1,31120.6,31120.6,33935.1,2814.5,2814.5,333.3,0.118422,1,p:2.1.4.1.2.2
U800,33,FUSE1,31174.0,31174.0,33953.7,2779.7,2779.7,333.3,0.119905,1,p:1.1.3.1.2.2
U801,33,FUSE1,31249.6,31249.6,34056.5,2806.9,2806.9,333.3,0.118743,1,p:2.1.5.1.2.2
U802,33,FUSE1,31304.8,31304.8,34047.9,2743.1,2743.1,333.3,0.121505,1,p:1.1.1.1.2.2
U803,33,FUSE1,31323.4,31323.4,34123.5,2800.1,2800.1,333.3,0.119031,1,p:2.1.2.1.2.2
U804,33,FUSE1,31458.6,31458.6,34240.7,2782.1,2782.1,333.3,0.119802,1,p:1.1.4.1.2.2
U805,33,FUSE2,31512.0,31512.0,34291.7,2779.7,2779.7,365.7,0.131561,1,p:2.1.3.1.2.2
U806,33,FUSE2,31587.6,31587.6,34394.5,2806.9,2806.9,365.7,0.130286,1,p:1.1.5.1.2.2
U807,33,FUSE2,31642.8,31642.8,34461.5,2818.7,2818.7,365.7,0.129741,1,p:2.1.2.1.2.2
U808,33,FUSE2,31661.4,31661.4,34385.9,2724.5,2724.5,365.7,0.134226,1,p:1.1.1.1.2.2
U809,33,FUSE2,31702.2,31702.2,34578.7,2876.5,2876.5,365.7,0.127134,1,p:2.1.4.1.2.2
U810,33,FUSE2,31755.6,31755.6,34629.7,2874.1,2874.1,365.7,0.12724,1,p:1.1.3.1.2.2
U811,33,FUSE2,31831.2,31831.2,34732.5,2901.3,2901.3,365.7,0.126047,1,p:2.1.5.1.2.2
U812,33,FUSE2,31886.4,31886.4,34723.9,2837.5,2837.5,365.7,0.128881,1,p:1.1.1.1.2.2
U813,33,FUSE2,31905.0,31905.0,34799.5,2894.5,2894.5,365.7,0.126343,1,p:2.1.2.2.2.2
U3101,126,FUSE0,31945.8,31945.8,34822.3,2876.5,2876.5,271.3,0.094316,1,p:1.1.4.1.2.2
U3102,126,FUSE0,31999.2,31999.2,34873.3,2874.1,2874.1,271.3,0.094395,1,p:2.1.3.1.2.2
U3103,126,FUSE0,32074.8,32074.8,34976.1,2901.3,2901.3,271.3,0.09351,1,p:1.1.5.1.2.2
U3104,126,FUSE0,32192.0,32192.0,35065.9,2873.9,2873.9,271.3,0.094401,1,p:2.1.4.1.2.2
U3105,126,FUSE0,32210.6,32210.6,34967.5,2756.9,2756.9,271.3,0.098408,1,p:1.1.1.1.2.2
U3106,126,FUSE0,32251.4,32251.4,35043.1,2791.7,2791.7,271.3,0.097181,1,p:2.1.2.2.2.2
U3107,126,FUSE0,32304.8,32304.8,35116.9,2812.1,2812.1,271.3,0.096476,1,p:1.1.3.1.2.2
U3108,126,FUSE0,32380.4,32380.4,35219.7,2839.3,2839.3,271.3,0.095552,1,p:2.1.5.1.2.2
U3109,126,FUSE1,32497.6,32497.6,35273.1,2775.5,2775.5,333.3,0.120086,1,p:1.1.1.1.2.2
U3110,126,FUSE1,32516.2,32516.2,35371.5,2855.3,2855.3,333.3,0.11673,1,p:2.1.4.1.2.2
U3111,126,FUSE1,32557.0,32557.0,35348.7,2791.7,2791.7,333.3,0.11939,1,p:1.1.2.2.2.2
U3112,126,FUSE1,32642.8,32642.8,35422.5,2779.7,2779.7,333.3,0.119905,1,p:2.1.3.1.2.2
U3113,126,FUSE1,32718.4,32718.4,35525.3,2806.9,2806.9,333.3,0.118743,1,p:1.1.5.1.2.2
U3114,126,FUSE1,32835.6,32835.6,35677.1,2841.5,2841.5,333.3,0.117297,1,p:2.1.4.1.2.2
U3115,126,FUSE1,32854.2,32854.2,35578.7,2724.5,2724.5,333.3,0.122334,1,p:1.1.1.1.2.2
U3116,126,FUSE1,32895.0,32895.0,35654.3,2759.3,2759.3,333.3,0.120792,1,p:2.1.2.2.2.2
U3117,126,FUSE2,32980.8,32980.8,35760.5,2779.7,2779.7,365.7,0.131561,1,p:1.1.3.1.2.2
U3118,126,FUSE2,33056.4,33056.4,35863.3,2806.9,2806.9,365.7,0.130286,1,p:2.1.5.1.2.2
U3119,126,FUSE2,33173.6,33173.6,35916.7,2743.1,2743.1,365.7,0.133316,1,p:1.1.1.1.2.2
U3120,126,FUSE2,33192.2,33192.2,36015.1,2822.9,2822.9,365.7,0.129548,1,p:2.1.4.1.2.2
U3121,126,FUSE2,33224.4,33224.4,35992.3,2767.9,2767.9,365.7,0.132122,1,p:1.1.2.2.2.2
U3122,126,FUSE2,33233.0,33233.0,36098.5,2865.5,2865.5,365.7,0.127622,1,p:2.1.3.1.2.2
U3123,126,FUSE2,33300.0,33300.0,36201.3,2901.3,2901.3,365.7,0.126047,1,p:1.1.5.1.2.2
U3124,126,FUSE2,33417.2,33417.2,36353.1,2935.9,2935.9,365.7,0.124561,1,p:2.1.4.1.2.2
U3125,126,FUSE2,33435.8,33435.8,36254.7,2818.9,2818.9,365.7,0.129731,1,p:1.1.1.1.2.2
U6653,267,FUSE0,33468.0,33468.0,36235.9,2767.9,2767.9,271.3,0.098017,1,p:2.1.2.1.2.2
U6654,267,FUSE0,33476.6,33476.6,36342.1,2865.5,2865.5,271.3,0.094678,1,p:1.2.3.1.2.2
U6655,267,FUSE0,33543.6,33543.6,36444.9,2901.3,2901.3,271.3,0.09351,1,p:2.1.5.1.2.2
U6656,267,FUSE0,33660.8,33660.8,36479.5,2818.7,2818.7,271.3,0.09625,1,p:1.1.2.1.2.2
U6657,267,FUSE0,33679.4,33679.4,36498.3,2818.9,2818.9,271.3,0.096243,1,p:2.1.1.1.2.2
U6658,267,FUSE0,33773.6,33773.6,36596.7,2823.1,2823.1,271.3,0.0961,1,p:1.1.4.1.2.2
U6659,267,FUSE0,33782.2,33782.2,36585.7,2803.5,2803.5,271.3,0.096772,1,p:2.1.3.1.2.2
U6660,267,FUSE1,33849.2,33849.2,36750.5,2901.3,2901.3,333.3,0.11488,1,p:1.1.5.1.2.2
U6661,267,FUSE1,33966.4,33966.4,36803.9,2837.5,2837.5,333.3,0.117463,1,p:2.1.1.1.2.2
U6662,267,FUSE1,33985.0,33985.0,36785.1,2800.1,2800.1,333.3,0.119031,1,p:1.1.2.1.2.2
U6663,267,FUSE1,34079.2,34079.2,36902.3,2823.1,2823.1,333.3,0.118062,1,p:2.1.4.1.2.2
U6664,267,FUSE1,34087.8,34087.8,36891.3,2803.5,2803.5,333.3,0.118887,1,p:1.2.3.1.2.2
U6665,267,FUSE1,34154.8,34154.8,37056.1,2901.3,2901.3,333.3,0.11488,1,p:2.1.5.1.2.2
U6666,267,FUSE1,34272.0,34272.0,37090.7,2818.7,2818.7,333.3,0.118246,1,p:1.1.2.1.2.2
U6667,267,FUSE1,34323.0,34323.0,37109.5,2786.5,2786.5,333.3,0.119612,1,p:2.1.1.1.2.2
U6668,267,FUSE2,34417.2,34417.2,37240.3,2823.1,2823.1,365.7,0.129538,1,p:1.1.4.1.2.2
U6669,267,FUSE2,34425.8,34425.8,37229.3,2803.5,2803.5,365.7,0.130444,1,p:2.1.3.1.2.2
U6670,267,FUSE2,34492.8,34492.8,37394.1,2901.3,2901.3,365.7,0.126047,1,p:1.1.5.1.2.2
U6671,267,FUSE2,34610.0,34610.0,37428.7,2818.7,2818.7,365.7,0.129741,1,p:2.1.2.1.2.2
U6672,267,FUSE2,34661.0,34661.0,37447.5,2786.5,2786.5,365.7,0.13124,1,p:1.1.1.1.2.2
U6673,267,FUSE2,34755.2,34755.2,37578.3,2823.1,2823.1,365.7,0.129538,1,p:2.1.4.1.2.2
U6674,267,FUSE2,34763.8,34763.8,37567.3,2803.5,2803.5,365.7,0.130444,1,p:1.2.3.1.2.2
U6675,267,FUSE2,34830.8,34830.8,37732.1,2901.3,2901.3,365.7,0.126047,1,p:2.1.5.1.2.2
U635,27,FUSE0,34853.6,34853.6,37672.3,2818.7,2818.7,271.3,0.09625,1,p:1.1.2.2.2.2
U636,27,FUSE0,34904.6,34904.6,37691.1,2786.5,2786.5,271.3,0.097362,1,p:2.1.1.2.2.2
U637,27,FUSE0,34998.8,34998.8,37821.9,2823.1,2823.1,271.3,0.0961,1,p:1.1.4.1.2.2
U638,27,FUSE0,35007.4,35007.4,37810.9,2803.5,2803.5,271.3,0.096772,1,p:2.1.3.1.2.2
U639,27,FUSE0,35074.4,35074.4,37975.7,2901.3,2901.3,271.3,0.09351,1,p:1.1.5.1.2.2
U640,27,FUSE0,35097.2,35097.2,37915.9,2818.7,2818.7,271.3,0.09625,1,p:2.1.2.2.2.2
U641,27,FUSE0,35148.2,35148.2,37934.7,2786.5,2786.5,271.3,0.097362,1,p:1.1.1.2.2.2
U642,27,FUSE1,35251.0,35251.0,38127.5,2876.5,2876.5,333.3,0.11587,1,p:2.1.4.1.2.2
U643,27,FUSE1,35304.4,35304.4,38116.5,2812.1,2812.1,333.3,0.118524,1,p:1.1.3.1.2.2
U644,27,FUSE1,35380.0,35380.0,38281.3,2901.3,2901.3,333.3,0.11488,1,p:2.1.5.1.2.2
U645,27,FUSE1,35402.8,35402.8,38221.5,2818.7,2818.7,333.3,0.118246,1,p:1.1.2.2.2.2
U646,27,FUSE1,35453.8,35453.8,38240.3,2786.5,2786.5,333.3,0.119612,1,p:2.1.1.2.2.2
U647,27,FUSE1,35556.6,35556.6,38433.1,2876.5,2876.5,333.3,0.11587,1,p:1.1.4.1.2.2
U648,27,FUSE1,35610.0,35610.0,38422.1,2812.1,2812.1,333.3,0.118524,1,p:2.1.3.1.2.2
U649,27,FUSE2,35685.6,35685.6,38619.3,2933.7,2933.7,365.7,0.124655,1,p:1.1.5.1.2.2
U650,27,FUSE2,35708.4,35708.4,38559.5,2851.1,2851.1,365.7,0.128266,1,p:2.1.2.2.2.2
U651,27,FUSE2,35791.8,35791.8,38578.3,2786.5,2786.5,365.7,0.13124,1,p:1.1.1.2.2.2
U652,27,FUSE2,35894.6,35894.6,38771.1,2876.5,2876.5,365.7,0.127134,1,p:2.1.4.1.2.2
U653,27,FUSE2,35948.0,35948.0,38760.1,2812.1,2812.1,365.7,0.130045,1,p:1.1.3.1.2.2
U654,27,FUSE2,36023.6,36023.6,38957.3,2933.7,2933.7,365.7,0.124655,1,p:2.1.5.1.2.2
U1333,55,FUSE0,36046.4,36046.4,38803.1,2756.7,2756.7,271.3,0.098415,1,p:1.1.2.1.2.2
U1334,55,FUSE0,36129.8,36129.8,38821.9,2692.1,2692.1,271.3,0.100776,1,p:2.1.1.1.2.2
U1335,55,FUSE0,36232.6,36232.6,39014.7,2782.1,2782.1,271.3,0.097516,1,p:1.1.4.1.2.2
U1336,55,FUSE0,36267.2,36267.2,39046.7,2779.5,2779.5,271.3,0.097607,1,p:2.1.2.1.2.2
U1337,55,FUSE0,36286.0,36286.0,39003.7,2717.7,2717.7,271.3,0.099827,1,p:1.1.3.1.2.2
U1338,55,FUSE0,36373.4,36373.4,39200.9,2827.5,2827.5,271.3,0.09595,1,p:2.1.5.1.2.2
U1339,55,FUSE0,36384.4,36384.4,39065.5,2681.1,2681.1,271.3,0.10119,1,p:1.1.1.1.2.2
U1340,55,FUSE0,36476.2,36476.2,39258.3,2782.1,2782.1,271.3,0.097516,1,p:2.1.4.1.2.2
U1341,55,FUSE1,36510.8,36510.8,39309.3,2798.5,2798.5,333.3,0.1191,1,p:1.1.3.1.2.2
U1342,55,FUSE1,36529.6,36529.6,39352.3,2822.7,2822.7,333.3,0.118078,1,p:2.1.2.1.2.2
U1343,55,FUSE1,36617.0,36617.0,39371.1,2754.1,2754.1,333.3,0.12102,1,p:1.1.1.1.2.2
U1344,55,FUSE1,36628.0,36628.0,39506.5,2878.5,2878.5,333.3,0.115789,1,p:2.1.5.1.2.2
U1345,55,FUSE1,36781.8,36781.8,39563.9,2782.1,2782.1,333.3,0.119802,1,p:1.1.4.1.2.2
U1346,55,FUSE1,36816.4,36816.4,39657.9,2841.5,2841.5,333.3,0.117297,1,p:2.1.2.1.2.2
U1347,55,FUSE1,36835.2,36835.2,39614.9,2779.7,2779.7,333.3,0.119905,1,p:1.1.3.1.2.2
U1348,55,FUSE1,36922.6,36922.6,39812.1,2889.5,2889.5,333.3,0.115349,1,p:2.1.5.1.2.2
U1349,55,FUSE2,36933.6,36933.6,39709.1,2775.5,2775.5,365.7,0.13176,1,p:1.1.1.1.2.2
U1350,55,FUSE2,37087.4,37087.4,39901.9,2814.5,2814.5,365.7,0.129934,1,p:2.1.4.1.2.2
U1351,55,FUSE2,37122.0,37122.0,39952.9,2830.9,2830.9,365.7,0.129182,1,p:1.1.3.1.2.2
U1352,55,FUSE2,37140.8,37140.8,39995.9,2855.1,2855.1,365.7,0.128087,1,p:2.1.2.1.2.2
U1353,55,FUSE2,37260.6,37260.6,40047.1,2786.5,2786.5,365.7,0.13124,1,p:1.1.1.1.2.2
U1354,55,FUSE2,37271.6,37271.6,40150.1,2878.5,2878.5,365.7,0.127045,1,p:2.1.5.1.2.2
U1355,55,FUSE2,37425.4,37425.4,40239.9,2814.5,2814.5,365.7,0.129934,1,p:1.1.4.1.2.2
U1356,55,FUSE2,37460.0,37460.0,40333.9,2873.9,2873.9,365.7,0.127249,1,p:2.1.2.2.2.2
U1357,55,FUSE2,37478.8,37478.8,40295.3,2816.5,2816.5,365.7,0.129842,1,p:1.1.3.1.2.2
U1090,45,FUSE0,37598.6,37598.6,40393.7,2795.1,2795.1,271.3,0.097063,1,p:2.1.5.1.2.2
U1091,45,FUSE0,37609.6,37609.6,40290.7,2681.1,2681.1,271.3,0.10119,1,p:1.1.1.1.2.2
U1092,45,FUSE0,37703.6,37703.6,40538.9,2835.3,2835.3,271.3,0.095687,1,p:2.1.3.1.2.2
U1093,45,FUSE0,37722.4,37722.4,40483.5,2761.1,2761.1,271.3,0.098258,1,p:1.1.4.1.2.2
U1094,45,FUSE0,37763.4,37763.4,40534.3,2770.9,2770.9,271.3,0.09791,1,p:2.1.1.1.2.2
U1095,45,FUSE0,37842.2,37842.2,40637.3,2795.1,2795.1,271.3,0.097063,1,p:1.1.5.1.2.2
U1096,45,FUSE1,37853.2,37853.2,40641.9,2788.7,2788.7,333.3,0.119518,1,p:2.1.2.1.2.2
U1097,45,FUSE1,37947.2,37947.2,40789.1,2841.9,2841.9,333.3,0.117281,1,p:1.1.4.1.2.2
U1098,45,FUSE1,37966.0,37966.0,40844.5,2878.5,2878.5,333.3,0.115789,1,p:2.1.3.1.2.2
U1099,45,FUSE1,38007.0,38007.0,40839.9,2832.9,2832.9,333.3,0.117653,1,p:1.1.1.1.2.2
U1100,45,FUSE1,38147.8,38147.8,40947.5,2799.7,2799.7,333.3,0.119048,1,p:2.1.2.1.2.2
U1101,45,FUSE1,38158.8,38158.8,40942.9,2784.1,2784.1,333.3,0.119716,1,p:1.1.5.1.2.2
U1102,45,FUSE2,38252.8,38252.8,41182.5,2929.7,2929.7,365.7,0.124825,1,p:2.1.3.1.2.2
U1103,45,FUSE2,38271.6,38271.6,41127.1,2855.5,2855.5,365.7,0.128069,1,p:1.1.4.1.2.2
U1104,45,FUSE2,38312.6,38312.6,41177.9,2865.3,2865.3,365.7,0.127631,1,p:2.1.1.1.2.2
U1105,45,FUSE2,38453.4,38453.4,41280.9,2827.5,2827.5,365.7,0.129337,1,p:1.1.5.1.2.2
U1106,45,FUSE2,38464.4,38464.4,41285.5,2821.1,2821.1,365.7,0.12963,1,p:2.1.2.1.2.2
U1107,45,FUSE2,38590.8,38590.8,41465.1,2874.3,2874.3,365.7,0.127231,1,p:1.1.4.1.2.2
U7525,302,FUSE0,38609.6,38609.6,41426.1,2816.5,2816.5,271.3,0.096325,1,p:2.1.3.1.2.2
U7526,302,FUSE0,38650.6,38650.6,41421.5,2770.9,2770.9,271.3,0.09791,1,p:1.1.1.2.2.2
U7527,302,FUSE0,38791.4,38791.4,41529.1,2737.7,2737.7,271.3,0.099098,1,p:2.1.2.1.2.2
U7528,302,FUSE0,38802.4,38802.4,41524.5,2722.1,2722.1,271.3,0.099666,1,p:1.1.5.1.2.2
U7529,302,FUSE0,38834.4,38834.4,41708.7,2874.3,2874.3,271.3,0.094388,1,p:2.1.4.1.2.2
U7530,302,FUSE0,38853.2,38853.2,41669.7,2816.5,2816.5,271.3,0.096325,1,p:1.1.3.1.2.2
U7531,302,FUSE0,38988.6,38988.6,41665.1,2676.5,2676.5,271.3,0.101364,1,p:2.1.1.2.2.2
U7532,302,FUSE0,39035.0,39035.0,41768.1,2733.1,2733.1,271.3,0.099265,1,p:1.1.5.1.2.2
U7533,302,FUSE0,39046.0,39046.0,41772.7,2726.7,2726.7,271.3,0.099498,1,p:2.1.2.1.2.2
U7534,302,FUSE1,39078.0,39078.0,41975.3,2897.3,2897.3,333.3,0.115038,1,p:1.1.3.1.2.2
U7535,302,FUSE1,39096.8,39096.8,42014.3,2917.5,2917.5,333.3,0.114242,1,p:2.1.4.1.2.2
U7536,302,FUSE1,39232.2,39232.2,41970.7,2738.5,2738.5,333.3,0.121709,1,p:1.1.1.2.2.2
U7537,302,FUSE1,39289.6,39289.6,42073.7,2784.1,2784.1,333.3,0.119716,1,p:2.1.5.1.2.2
U7538,302,FUSE1,39340.6,39340.6,42078.3,2737.7,2737.7,333.3,0.121745,1,p:1.1.2.1.2.2
U7539,302,FUSE1,39383.6,39383.6,42319.9,2936.3,2936.3,333.3,0.11351,1,p:2.1.4.1.2.2
U7540,302,FUSE1,39402.4,39402.4,42280.9,2878.5,2878.5,333.3,0.115789,1,p:1.1.3.1.2.2
U7541,302,FUSE1,39537.8,39537.8,42276.3,2738.5,2738.5,333.3,0.121709,1,p:2.1.1.2.2.2
U7542,302,FUSE1,39595.2,39595.2,42379.3,2784.1,2784.1,333.3,0.119716,1,p:1.1.5.1.2.2
U7543,302,FUSE2,39646.2,39646.2,42413.9,2767.7,2767.7,365.7,0.132131,1,p:2.1.2.1.2.2
U7544,302,FUSE2,39689.2,39689.2,42618.9,2929.7,2929.7,365.7,0.124825,1,p:1.1.3.1.2.2
U7545,302,FUSE2,39740.4,39740.4,42657.9,2917.5,2917.5,365.7,0.125347,1,p:2.1.4.1.2.2
U7546,302,FUSE2,39843.4,39843.4,42614.3,2770.9,2770.9,365.7,0.131979,1,p:1.1.1.2.2.2
U7547,302,FUSE2,39933.2,39933.2,42717.3,2784.1,2784.1,365.7,0.131353,1,p:2.1.5.1.2.2
U7548,302,FUSE2,39984.2,39984.2,42751.9,2767.7,2767.7,365.7,0.132131,1,p:1.1.2.1.2.2
U7549,302,FUSE2,40027.2,40027.2,42956.9,2929.7,2929.7,365.7,0.124825,1,p:2.1.3.1.2.2
U7550,302,FUSE2,40078.4,40078.4,43000.1,2921.7,2921.7,365.7,0.125167,1,p:1.1.4.1.2.2
U7551,302,FUSE2,40181.4,40181.4,42952.3,2770.9,2770.9,365.7,0.131979,1,p:2.1.1.2.2.2
U4935,198,FUSE0,40271.2,40271.2,42961.5,2690.3,2690.3,271.3,0.100844,1,p:1.1.5.1.2.2
U4936,198,FUSE0,40322.0,40322.0,42995.5,2673.5,2673.5,271.3,0.101477,1,p:2.1.2.1.2.2
U4937,198,FUSE0,40326.6,40326.6,43205.1,2878.5,2878.5,271.3,0.09425,1,p:1.2.5.1.2.2
U4938,198,FUSE0,40365.2,40365.2,43200.5,2835.3,2835.3,271.3,0.095687,1,p:2.1.3.1.2.2
U4939,198,FUSE0,40425.0,40425.0,43243.7,2818.7,2818.7,271.3,0.09625,1,p:1.1.4.1.2.2
U4940,198,FUSE0,40514.8,40514.8,43195.9,2681.1,2681.1,271.3,0.10119,1,p:2.1.1.2.2.2
U4941,198,FUSE0,40565.6,40565.6,43239.1,2673.5,2673.5,271.3,0.101477,1,p:1.1.2.1.2.2
U4942,198,FUSE0,40570.2,40570.2,43448.1,2877.9,2877.9,271.3,0.09427,1,p:2.1.5.1.2.2
U4943,198,FUSE1,40668.6,40668.6,43506.1,2837.5,2837.5,333.3,0.117463,1,p:1.1.3.1.2.2
U4944,198,FUSE1,40673.2,40673.2,43549.3,2876.1,2876.1,333.3,0.115886,1,p:2.1.4.1.2.2
U4945,198,FUSE1,40820.4,40820.4,43501.5,2681.1,2681.1,333.3,0.124315,1,p:1.1.1.2.2.2
U4946,198,FUSE1,40871.2,40871.2,43544.7,2673.5,2673.5,333.3,0.124668,1,p:2.1.2.1.2.2
U4947,198,FUSE1,40875.8,40875.8,43753.7,2877.9,2877.9,333.3,0.115814,1,p:1.2.5.1.2.2
U4948,198,FUSE1,40974.2,40974.2,43811.7,2837.5,2837.5,333.3,0.117463,1,p:2.1.3.1.2.2
U4949,198,FUSE1,40978.8,40978.8,43850.7,2871.9,2871.9,333.3,0.116056,1,p:1.2.4.1.2.2
U4950,198,FUSE1,41158.4,41158.4,43807.1,2648.7,2648.7,333.3,0.125835,1,p:2.1.1.2.2.2
U4951,198,FUSE2,41209.2,41209.2,43882.7,2673.5,2673.5,365.7,0.136787,1,p:1.1.2.1.2.2
U4952,198,FUSE2,41213.8,41213.8,44091.7,2877.9,2877.9,365.7,0.127072,1,p:2.1.5.1.2.2
U4953,198,FUSE2,41312.2,41312.2,44149.7,2837.5,2837.5,365.7,0.128881,1,p:1.1.3.1.2.2
U4954,198,FUSE2,41316.8,41316.8,44188.7,2871.9,2871.9,365.7,0.127337,1,p:2.1.4.1.2.2
U4955,198,FUSE2,41452.8,41452.8,44145.1,2692.3,2692.3,365.7,0.135832,1,p:1.1.1.2.2.2
U4956,198,FUSE2,41457.4,41457.4,44220.7,2763.3,2763.3,365.7,0.132342,1,p:2.1.2.1.2.2
U4957,198,FUSE2,41496.4,41496.4,44429.7,2933.3,2933.3,365.7,0.124672,1,p:1.1.5.1.2.2
U4958,198,FUSE2,41555.8,41555.8,44483.3,2927.5,2927.5,365.7,0.124919,1,p:2.1.3.1.2.2
U4551,183,FUSE0,41560.4,41560.4,44434.3,2873.9,2873.9,271.3,0.094401,1,p:1.2.4.1.2.2
U4552,183,FUSE0,41696.4,41696.4,44388.7,2692.3,2692.3,271.3,0.100769,1,p:2.1.1.2.2.2
U4553,183,FUSE0,41701.0,41701.0,44504.3,2803.3,2803.3,271.3,0.096779,1,p:1.2.2.2.1.2
U4554,183,FUSE0,41740.0,41740.0,44673.3,2933.3,2933.3,271.3,0.09249,1,p:2.1.5.1.2.2
U4555,183,FUSE0,41799.4,41799.4,44677.9,2878.5,2878.5,271.3,0.09425,1,p:1.1.4.1.2.2
U4556,183,FUSE0,41804.0,41804.0,44632.3,2828.3,2828.3,271.3,0.095923,1,p:2.1.1.2.2.2
U4557,183,FUSE0,42002.0,42002.0,44726.9,2724.9,2724.9,271.3,0.099563,1,p:1.1.3.1.2.2
U4558,183,FUSE0,42006.6,42006.6,44747.9,2741.3,2741.3,271.3,0.098968,1,p:2.1.2.2.1.2
U4559,183,FUSE1,42045.6,42045.6,44978.9,2933.3,2933.3,333.3,0.113626,1,p:1.1.5.1.2.2
U4560,183,FUSE1,42105.0,42105.0,44983.5,2878.5,2878.5,333.3,0.115789,1,p:2.1.4.1.2.2
U4561,183,FUSE1,42109.6,42109.6,44937.9,2828.3,2828.3,333.3,0.117845,1,p:1.2.1.2.2.2
U4562,183,FUSE1,42307.6,42307.6,45032.5,2724.9,2724.9,333.3,0.122316,1,p:2.1.3.1.2.2
U4563,183,FUSE1,42312.2,42312.2,45053.5,2741.3,2741.3,333.3,0.121585,1,p:1.2.2.2.1.2
U4564,183,FUSE1,42351.2,42351.2,45284.5,2933.3,2933.3,333.3,0.113626,1,p:2.1.5.1.2.2
U4565,183,FUSE1,42410.6,42410.6,45289.1,2878.5,2878.5,333.3,0.115789,1,p:1.1.4.1.2.2
U4566,183,FUSE1,42445.2,42445.2,45243.5,2798.3,2798.3,333.3,0.119108,1,p:2.1.1.2.2.2
U4567,183,FUSE2,42645.6,42645.6,45370.5,2724.9,2724.9,365.7,0.134207,1,p:1.1.3.1.2.2
U4568,183,FUSE2,42650.2,42650.2,45391.5,2741.3,2741.3,365.7,0.133404,1,p:2.1.2.2.1.2
U4569,183,FUSE2,42689.2,42689.2,45622.5,2933.3,2933.3,365.7,0.124672,1,p:1.1.5.1.2.2
U4570,183,FUSE2,42748.6,42748.6,45627.1,2878.5,2878.5,365.7,0.127045,1,p:2.1.4.1.2.2
U4571,183,FUSE2,42783.2,42783.2,45581.5,2798.3,2798.3,365.7,0.130686,1,p:1.1.1.2.2.2
U4572,183,FUSE2,42983.6,42983.6,45708.5,2724.9,2724.9,365.7,0.134207,1,p:2.1.3.1.2.2
U4573,183,FUSE2,42988.2,42988.2,45729.5,2741.3,2741.3,365.7,0.133404,1,p:1.2.2.2.1.2
U3056,124,FUSE0,42992.8,42992.8,45866.1,2873.3,2873.3,271.3,0.094421,1,p:2.1.5.1.2.2
U3057,124,FUSE0,43026.8,43026.8,45870.7,2843.9,2843.9,271.3,0.095397,1,p:1.1.4.1.2.2
U3058,124,FUSE0,43031.4,43031.4,45825.1,2793.7,2793.7,271.3,0.097111,1,p:2.1.1.2.2.2
U3059,124,FUSE0,43227.2,43227.2,45952.1,2724.9,2724.9,271.3,0.099563,1,p:1.1.3.1.2.2
U3060,124,FUSE0,43231.8,43231.8,45973.1,2741.3,2741.3,271.3,0.098968,1,p:2.1.2.2.1.2
U3061,124,FUSE0,43236.4,43236.4,46109.7,2873.3,2873.3,271.3,0.094421,1,p:1.2.5.1.2.2
U3062,124,FUSE0,43270.4,43270.4,46114.3,2843.9,2843.9,271.3,0.095397,1,p:2.1.4.1.2.2
U3063,124,FUSE1,43275.0,43275.0,46130.7,2855.7,2855.7,333.3,0.116714,1,p:1.2.1.1.2.2
U3064,124,FUSE1,43479.4,43479.4,46257.7,2778.3,2778.3,333.3,0.119965,1,p:2.1.3.1.2.2
U3065,124,FUSE1,43532.8,43532.8,46278.7,2745.9,2745.9,333.3,0.121381,1,p:1.1.2.2.1.2
U3066,124,FUSE1,43537.4,43537.4,46415.3,2877.9,2877.9,333.3,0.115814,1,p:2.1.5.1.2.2
U3067,124,FUSE1,43576.0,43576.0,46419.9,2843.9,2843.9,333.3,0.117198,1,p:1.1.4.1.2.2
U3068,124,FUSE1,43580.6,43580.6,46436.3,2855.7,2855.7,333.3,0.116714,1,p:2.1.1.1.2.2
U3069,124,FUSE1,43785.0,43785.0,46563.3,2778.3,2778.3,333.3,0.119965,1,p:1.1.3.1.2.2
U3070,124,FUSE2,43838.4,43838.4,46576.7,2738.3,2738.3,365.7,0.13355,1,p:2.1.2.1.2.2
U3071,124,FUSE2,43843.0,43843.0,46753.3,2910.3,2910.3,365.7,0.125657,1,p:1.2.5.1.2.2
U3072,124,FUSE2,43882.0,43882.0,46757.9,2875.9,2875.9,365.7,0.12716,1,p:2.1.4.1.2.2
U3073,124,FUSE2,43914.0,43914.0,46774.3,2860.3,2860.3,365.7,0.127854,1,p:1.1.1.1.2.2
U3074,124,FUSE2,44123.0,44123.0,46901.3,2778.3,2778.3,365.7,0.131627,1,p:2.1.3.1.2.2
U3075,124,FUSE2,44176.4,44176.4,46914.7,2738.3,2738.3,365.7,0.13355,1,p:1.1.2.1.2.2
U3076,124,FUSE2,44181.0,44181.0,47091.3,2910.3,2910.3,365.7,0.125657,1,p:2.1.5.1.2.2
U3077,124,FUSE2,44220.0,44220.0,47095.9,2875.9,2875.9,365.7,0.12716,1,p:1.1.4.1.2.2
U1041,43,FUSE0,44252.0,44252.0,47017.9,2765.9,2765.9,271.3,0.098087,1,p:2.1.1.2.2.2
U1042,43,FUSE0,44420.0,44420.0,47144.9,2724.9,2724.9,271.3,0.099563,1,p:1.1.3.1.2.2
U1043,43,FUSE0,44461.0,44461.0,47158.3,2697.3,2697.3,271.3,0.100582,1,p:2.1.2.1.2.2
U1044,43,FUSE0,44465.6,44465.6,47334.9,2869.3,2869.3,271.3,0.094553,1,p:1.2.5.1.2.2
U1045,43,FUSE0,44514.6,44514.6,47261.5,2746.9,2746.9,271.3,0.098766,1,p:2.1.1.2.2.2
U1046,43,FUSE0,44535.6,44535.6,47339.5,2803.9,2803.9,271.3,0.096758,1,p:1.1.4.1.2.2
U1047,43,FUSE0,44663.6,44663.6,47388.5,2724.9,2724.9,271.3,0.099563,1,p:2.1.3.1.2.2
U1048,43,FUSE0,44704.6,44704.6,47401.9,2697.3,2697.3,271.3,0.100582,1,p:1.1.2.1.2.2
U1049,43,FUSE0,44709.2,44709.2,47578.5,2869.3,2869.3,271.3,0.094553,1,p:2.1.5.1.2.2
U1050,43,FUSE1,44758.2,44758.2,47567.1,2808.9,2808.9,333.3,0.118659,1,p:1.1.1.1.2.2
U1051,43,FUSE1,44779.2,44779.2,47643.1,2863.9,2863.9,333.3,0.11638,1,p:2.1.4.1.2.2
U1052,43,FUSE1,44969.2,44969.2,47694.1,2724.9,2724.9,333.3,0.122316,1,p:1.1.3.1.2.2
U1053,43,FUSE1,45010.2,45010.2,47707.5,2697.3,2697.3,333.3,0.123568,1,p:2.1.2.1.2.2
U1054,43,FUSE1,45014.8,45014.8,47884.1,2869.3,2869.3,333.3,0.116161,1,p:1.2.5.1.2.2
U1055,43,FUSE1,45063.8,45063.8,47872.7,2808.9,2808.9,333.3,0.118659,1,p:2.1.1.1.2.2
U1056,43,FUSE1,45084.8,45084.8,47948.7,2863.9,2863.9,333.3,0.11638,1,p:1.1.4.1.2.2
U1057,43,FUSE1,45274.8,45274.8,47999.7,2724.9,2724.9,333.3,0.122316,1,p:2.1.3.1.2.2
U1058,43,FUSE1,45315.8,45315.8,48013.1,2697.3,2697.3,333.3,0.123568,1,p:1.1.2.1.2.2
U1059,43,FUSE2,45320.4,45320.4,48222.1,2901.7,2901.7,365.7,0.12603,1,p:2.1.5.1.2.2
U1060,43,FUSE2,45401.8,45401.8,48210.7,2808.9,2808.9,365.7,0.130193,1,p:1.1.1.1.2.2
U1061,43,FUSE2,45422.8,45422.8,48286.7,2863.9,2863.9,365.7,0.127693,1,p:2.1.4.1.2.2
U1062,43,FUSE2,45612.8,45612.8,48337.7,2724.9,2724.9,365.7,0.134207,1,p:1.1.3.1.2.2
U1063,43,FUSE2,45653.8,45653.8,48351.1,2697.3,2697.3,365.7,0.13558,1,p:2.1.2.1.2.2
U1064,43,FUSE2,45658.4,45658.4,48560.1,2901.7,2901.7,365.7,0.12603,1,p:1.2.5.1.2.2
U1065,43,FUSE2,45739.8,45739.8,48548.7,2808.9,2808.9,365.7,0.130193,1,p:2.1.1.1.2.2
U1066,43,FUSE2,45760.8,45760.8,48624.7,2863.9,2863.9,365.7,0.127693,1,p:1.1.4.1.2.2
U1067,43,FUSE2,45856.4,45856.4,48675.7,2819.3,2819.3,365.7,0.129713,1,p:2.1.3.1.2.2
U7424,298,FUSE0,45897.4,45897.4,48594.7,2697.3,2697.3,271.3,0.100582,1,p:1.1.2.2.2.2
U7425,298,FUSE0,45902.0,45902.0,48803.7,2901.7,2901.7,271.3,0.093497,1,p:2.1.5.1.2.2
U7426,298,FUSE0,45983.4,45983.4,48792.3,2808.9,2808.9,271.3,0.096586,1,p:1.1.1.1.2.2
U7427,298,FUSE0,46004.4,46004.4,48868.3,2863.9,2863.9,271.3,0.094731,1,p:2.1.4.1.2.2
U7428,298,FUSE0,46141.0,46141.0,48838.3,2697.3,2697.3,271.3,0.100582,1,p:1.1.2.2.2.2
U7429,298,FUSE0,46145.6,46145.6,49047.3,2901.7,2901.7,271.3,0.093497,1,p:2.1.5.1.2.2
U7430,298,FUSE0,46162.0,46162.0,48919.3,2757.3,2757.3,271.3,0.098393,1,p:1.1.3.1.2.2
U7431,298,FUSE0,46289.0,46289.0,49035.9,2746.9,2746.9,271.3,0.098766,1,p:2.1.1.1.2.2
U7432,298,FUSE0,46310.0,46310.0,49111.9,2801.9,2801.9,271.3,0.096827,1,p:1.1.4.1.2.2
U7433,298,FUSE1,46446.6,46446.6,49143.9,2697.3,2697.3,333.3,0.123568,1,p:2.1.2.1.2.2
U7434,298,FUSE1,46451.2,46451.2,49224.9,2773.7,2773.7,333.3,0.120164,1,p:1.2.3.1.2.2
U7435,298,FUSE1,46467.6,46467.6,49352.9,2885.3,2885.3,333.3,0.115517,1,p:2.1.5.1.2.2
U7436,298,FUSE1,46594.6,46594.6,49341.5,2746.9,2746.9,333.3,0.121337,1,p:1.1.1.1.2.2
U7437,298,FUSE1,46608.0,46608.0,49417.5,2809.5,2809.5,333.3,0.118633,1,p:2.1.4.1.2.2
U7438,298,FUSE1,46784.6,46784.6,49449.5,2664.9,2664.9,333.3,0.12507,1,p:1.1.2.1.2.2
U7439,298,FUSE1,46789.2,46789.2,49658.5,2869.3,2869.3,333.3,0.116161,1,p:2.1.5.1.2.2
U7440,298,FUSE1,46805.6,46805.6,49530.5,2724.9,2724.9,333.3,0.122316,1,p:1.1.3.1.2.2
U7441,298,FUSE1,46932.6,46932.6,49723.1,2790.5,2790.5,333.3,0.119441,1,p:2.1.4.1.2.2
U7442,298,FUSE2,46946.0,46946.0,49679.5,2733.5,2733.5,365.7,0.133785,1,p:1.1.1.2.2.2
U7443,298,FUSE2,47049.2,47049.2,49787.5,2738.3,2738.3,365.7,0.13355,1,p:2.1.2.1.2.2
U7444,298,FUSE2,47122.6,47122.6,49868.5,2745.9,2745.9,365.7,0.13318,1,p:1.1.3.1.2.2
U7445,298,FUSE2,47127.2,47127.2,49996.5,2869.3,2869.3,365.7,0.127453,1,p:2.1.5.1.2.2
U7446,298,FUSE2,47176.2,47176.2,50061.1,2884.9,2884.9,365.7,0.126763,1,p:1.1.4.1.2.2
U7447,298,FUSE2,47189.6,47189.6,50017.5,2827.9,2827.9,365.7,0.129319,1,p:2.1.1.2.2.2
U7448,298,FUSE2,47292.8,47292.8,50125.5,2832.7,2832.7,365.7,0.129099,1,p:1.1.2.1.2.2
U7449,298,FUSE2,47366.2,47366.2,50206.5,2840.3,2840.3,365.7,0.128754,1,p:2.1.3.1.2.2
U7450,298,FUSE2,47370.8,47370.8,50334.5,2963.7,2963.7,365.7,0.123393,1,p:1.2.5.1.2.2
U7451,298,FUSE2,47419.8,47419.8,50355.5,2935.7,2935.7,365.7,0.12457,1,p:2.1.1.1.2.2
U7730,310,FUSE0,47433.2,47433.2,50304.7,2871.5,2871.5,271.3,0.09448,1,p:1.1.4.1.2.2
U7731,310,FUSE0,47598.4,47598.4,50450.1,2851.7,2851.7,271.3,0.095136,1,p:2.1.3.1.2.2
U7732,310,FUSE0,47609.8,47609.8,50369.1,2759.3,2759.3,271.3,0.098322,1,p:1.1.2.1.2.2
U7733,310,FUSE0,47674.4,47674.4,50548.3,2873.9,2873.9,271.3,0.094401,1,p:2.1.4.1.2.2
U7734,310,FUSE0,47725.4,47725.4,50578.1,2852.7,2852.7,271.3,0.095103,1,p:1.1.5.1.2.2
U7735,310,FUSE0,47738.8,47738.8,50612.7,2873.9,2873.9,271.3,0.094401,1,p:2.1.2.1.2.2
U7736,310,FUSE0,47904.0,47904.0,50599.1,2695.1,2695.1,271.3,0.100664,1,p:1.1.1.1.2.2
U7737,310,FUSE0,47915.4,47915.4,50693.7,2778.3,2778.3,271.3,0.09765,1,p:2.1.3.1.2.2
U7738,310,FUSE0,47980.0,47980.0,50791.9,2811.9,2811.9,271.3,0.096483,1,p:1.1.4.1.2.2
U7739,310,FUSE1,48031.0,48031.0,50918.3,2887.3,2887.3,333.3,0.115437,1,p:2.1.2.1.2.2
U7740,310,FUSE1,48044.4,48044.4,50883.7,2839.3,2839.3,333.3,0.117388,1,p:1.1.5.1.2.2
U7741,310,FUSE1,48242.0,48242.0,50999.3,2757.3,2757.3,333.3,0.120879,1,p:2.1.3.1.2.2
U7742,310,FUSE1,48253.4,48253.4,50904.7,2651.3,2651.3,333.3,0.125712,1,p:1.1.1.1.2.2
U7743,310,FUSE1,48318.0,48318.0,51097.5,2779.5,2779.5,333.3,0.119914,1,p:2.1.4.1.2.2
U7744,310,FUSE1,48369.0,48369.0,51189.3,2820.3,2820.3,333.3,0.118179,1,p:1.1.5.1.2.2
U7745,310,FUSE1,48382.4,48382.4,51223.9,2841.5,2841.5,333.3,0.117297,1,p:2.1.2.1.2.2
U7746,310,FUSE1,48580.0,48580.0,51210.3,2630.3,2630.3,333.3,0.126716,1,p:1.1.1.1.2.2
U7747,310,FUSE1,48591.4,48591.4,51304.9,2713.5,2713.5,333.3,0.12283,1,p:2.1.3.1.2.2
U7748,310,FUSE2,48626.0,48626.0,51435.5,2809.5,2809.5,365.7,0.130166,1,p:1.1.4.1.2.2
U7749,310,FUSE2,48656.0,48656.0,51527.3,2871.3,2871.3,365.7,0.127364,1,p:2.1.5.1.2.2
U7750,310,FUSE2,48707.0,48707.0,51561.9,2854.9,2854.9,365.7,0.128096,1,p:1.1.2.1.2.2
U7751,310,FUSE2,48823.6,48823.6,51642.9,2819.3,2819.3,365.7,0.129713,1,p:2.1.3.1.2.2
U7752,310,FUSE2,48835.0,48835.0,51548.3,2713.3,2713.3,365.7,0.134781,1,p:1.1.1.1.2.2
U7753,310,FUSE2,48869.6,48869.6,51773.5,2903.9,2903.9,365.7,0.125934,1,p:2.1.4.1.2.2
U7754,310,FUSE2,48899.6,48899.6,51865.3,2965.7,2965.7,365.7,0.12331,1,p:1.1.5.1.2.2
U7755,310,FUSE2,48950.6,48950.6,51899.9,2949.3,2949.3,365.7,0.123996,1,p:2.1.2.1.2.2
U912,38,FUSE0,49067.2,49067.2,51791.9,2724.7,2724.7,271.3,0.099571,1,p:1.1.1.2.2.2
U913,38,FUSE0,49078.6,49078.6,51886.5,2807.9,2807.9,271.3,0.09662,1,p:2.1.3.1.2.2
U914,38,FUSE0,49143.2,49143.2,52017.1,2873.9,2873.9,271.3,0.094401,1,p:1.1.4.1.2.2
U915,38,FUSE0,49175.2,49175.2,52108.9,2933.7,2933.7,271.3,0.092477,1,p:2.1.5.1.2.2
U916,38,FUSE0,49256.2,49256.2,52035.5,2779.3,2779.3,271.3,0.097615,1,p:1.1.1.2.2.2
U917,38,FUSE0,49372.8,49372.8,52143.5,2770.7,2770.7,271.3,0.097917,1,p:2.1.2.1.2.2
U918,38,FUSE0,49384.2,49384.2,52130.1,2745.9,2745.9,271.3,0.098802,1,p:1.1.3.1.2.2
U919,38,FUSE0,49448.8,49448.8,52260.7,2811.9,2811.9,271.3,0.096483,1,p:2.1.4.1.2.2
U920,38,FUSE0,49480.8,49480.8,52352.5,2871.7,2871.7,271.3,0.094474,1,p:1.1.5.1.2.2
U921,38,FUSE1,49561.8,49561.8,52341.1,2779.3,2779.3,333.3,0.119922,1,p:2.1.1.1.2.2
U922,38,FUSE1,49689.8,49689.8,52435.7,2745.9,2745.9,333.3,0.121381,1,p:1.1.3.1.2.2
U923,38,FUSE1,49710.8,49710.8,52449.1,2738.3,2738.3,333.3,0.121718,1,p:2.1.2.1.2.2
U924,38,FUSE1,49754.4,49754.4,52566.3,2811.9,2811.9,333.3,0.118532,1,p:1.1.4.1.2.2
U925,38,FUSE1,49818.8,49818.8,52658.1,2839.3,2839.3,333.3,0.117388,1,p:2.1.5.1.2.2
U926,38,FUSE1,49899.8,49899.8,52646.7,2746.9,2746.9,333.3,0.121337,1,p:1.1.1.1.2.2
U927,38,FUSE1,50027.8,50027.8,52741.3,2713.5,2713.5,333.3,0.12283,1,p:2.1.3.1.2.2
U928,38,FUSE1,50048.8,50048.8,52754.7,2705.9,2705.9,333.3,0.123175,1,p:1.1.2.1.2.2
U929,38,FUSE2,50092.4,50092.4,52904.3,2811.9,2811.9,365.7,0.130054,1,p:2.1.4.1.2.2
U930,38,FUSE2,50156.8,50156.8,52996.1,2839.3,2839.3,365.7,0.128799,1,p:1.1.5.1.2.2
U931,38,FUSE2,50237.8,50237.8,52984.7,2746.9,2746.9,365.7,0.133132,1,p:2.1.1.1.2.2
U932,38,FUSE2,50336.0,50336.0,53079.3,2743.3,2743.3,365.7,0.133307,1,p:1.1.3.1.2.2
U933,38,FUSE2,50365.8,50365.8,53092.7,2726.9,2726.9,365.7,0.134108,1,p:2.1.2.1.2.2
U934,38,FUSE2,50386.8,50386.8,53242.3,2855.5,2855.5,365.7,0.128069,1,p:1.1.4.1.2.2
U935,38,FUSE2,50400.4,50400.4,53334.1,2933.7,2933.7,365.7,0.124655,1,p:2.1.5.1.2.2
U936,38,FUSE2,50481.4,50481.4,53322.7,2841.3,2841.3,365.7,0.128709,1,p:1.1.1.1.2.2
U937,38,FUSE2,50579.6,50579.6,53417.3,2837.7,2837.7,365.7,0.128872,1,p:2.1.3.1.2.2
U5785,232,FUSE0,50609.4,50609.4,53338.7,2729.3,2729.3,271.3,0.099403,1,p:1.1.2.1.2.2
U5786,232,FUSE0,50630.4,50630.4,53577.7,2947.3,2947.3,271.3,0.09205,1,p:2.1.5.1.2.2
U5787,232,FUSE0,50644.0,50644.0,53485.9,2841.9,2841.9,271.3,0.095464,1,p:1.1.4.1.2.2
U5788,232,FUSE0,50725.0,50725.0,53582.3,2857.3,2857.3,271.3,0.09495,1,p:2.1.2.1.2.2
U5789,232,FUSE0,50823.2,50823.2,53566.3,2743.1,2743.1,271.3,0.098903,1,p:1.1.1.1.2.2
U5790,232,FUSE0,50915.0,50915.0,53660.9,2745.9,2745.9,271.3,0.098802,1,p:2.1.3.1.2.2
U5791,232,FUSE0,50936.0,50936.0,53729.5,2793.5,2793.5,271.3,0.097118,1,p:1.1.4.1.2.2
U5792,232,FUSE1,50949.6,50949.6,53883.3,2933.7,2933.7,333.3,0.113611,1,p:2.1.5.1.2.2
U5793,232,FUSE1,51030.6,51030.6,53887.9,2857.3,2857.3,333.3,0.116649,1,p:1.1.2.1.2.2
U5794,232,FUSE1,51128.8,51128.8,53871.9,2743.1,2743.1,333.3,0.121505,1,p:2.1.1.1.2.2
U5795,232,FUSE1,51220.6,51220.6,53966.5,2745.9,2745.9,333.3,0.121381,1,p:1.1.3.1.2.2
U5796,232,FUSE1,51241.6,51241.6,54188.9,2947.3,2947.3,333.3,0.113087,1,p:2.1.5.1.2.2
U5797,232,FUSE1,51255.2,51255.2,54035.1,2779.9,2779.9,333.3,0.119896,1,p:1.1.4.1.2.2
U5798,232,FUSE1,51336.2,51336.2,54193.5,2857.3,2857.3,333.3,0.116649,1,p:2.1.2.1.2.2
U5799,232,FUSE2,51466.8,51466.8,54209.9,2743.1,2743.1,365.7,0.133316,1,p:1.1.1.1.2.2
U5800,232,FUSE2,51558.6,51558.6,54304.5,2745.9,2745.9,365.7,0.13318,1,p:2.1.3.1.2.2
U5801,232,FUSE2,51579.6,51579.6,54373.1,2793.5,2793.5,365.7,0.130911,1,p:1.1.4.1.2.2
U5802,232,FUSE2,51593.2,51593.2,54526.9,2933.7,2933.7,365.7,0.124655,1,p:2.1.5.1.2.2
U5803,232,FUSE2,51674.2,51674.2,54531.5,2857.3,2857.3,365.7,0.127988,1,p:1.1.2.1.2.2
U5804,232,FUSE2,51804.8,51804.8,54642.5,2837.7,2837.7,365.7,0.128872,1,p:2.1.3.1.2.2
U5805,232,FUSE2,51823.2,51823.2,54547.9,2724.7,2724.7,365.7,0.134217,1,p:1.1.1.1.2.2
U5806,232,FUSE2,51896.6,51896.6,54711.1,2814.5,2814.5,365.7,0.129934,1,p:2.1.4.1.2.2
U8069,323,FUSE0,51917.8,51917.8,54770.5,2852.7,2852.7,271.3,0.095103,1,p:1.1.5.1.2.2
U8070,323,FUSE0,51931.2,51931.2,54775.1,2843.9,2843.9,271.3,0.095397,1,p:2.1.2.1.2.2
U8071,323,FUSE0,52048.4,52048.4,54791.5,2743.1,2743.1,271.3,0.098903,1,p:1.1.1.1.2.2
U8072,323,FUSE0,52066.8,52066.8,54886.1,2819.3,2819.3,271.3,0.09623,1,p:2.1.3.1.2.2
U8073,323,FUSE0,52140.2,52140.2,54954.7,2814.5,2814.5,271.3,0.096394,1,p:1.1.4.1.2.2
U8074,323,FUSE0,52161.4,52161.4,55018.7,2857.3,2857.3,271.3,0.09495,1,p:2.1.2.1.2.2
U8075,323,FUSE0,52174.8,52174.8,55014.1,2839.3,2839.3,271.3,0.095552,1,p:1.1.5.1.2.2
U8076,323,FUSE0,52292.0,52292.0,55035.1,2743.1,2743.1,271.3,0.098903,1,p:2.1.1.1.2.2
U8077,323,FUSE0,52372.4,52372.4,55129.7,2757.3,2757.3,271.3,0.098393,1,p:1.1.3.1.2.2
U8078,323,FUSE1,52383.8,52383.8,55260.3,2876.5,2876.5,333.3,0.11587,1,p:2.1.4.1.2.2
U8079,323,FUSE1,52467.0,52467.0,55319.7,2852.7,2852.7,333.3,0.116837,1,p:1.1.5.1.2.2
U8080,323,FUSE1,52480.4,52480.4,55324.3,2843.9,2843.9,333.3,0.117198,1,p:2.1.2.1.2.2
U8081,323,FUSE1,52597.6,52597.6,55340.7,2743.1,2743.1,333.3,0.121505,1,p:1.1.1.1.2.2
U8082,323,FUSE1,52678.0,52678.0,55565.9,2887.9,2887.9,333.3,0.115413,1,p:2.1.4.1.2.2
U8083,323,FUSE1,52689.4,52689.4,55435.3,2745.9,2745.9,333.3,0.121381,1,p:1.1.3.1.2.2
U8084,323,FUSE1,52772.6,52772.6,55629.9,2857.3,2857.3,333.3,0.116649,1,p:2.1.2.1.2.2
U8085,323,FUSE1,52786.0,52786.0,55625.3,2839.3,2839.3,333.3,0.117388,1,p:1.1.5.1.2.2
U8086,323,FUSE2,52935.6,52935.6,55678.7,2743.1,2743.1,365.7,0.133316,1,p:2.1.1.1.2.2
U8087,323,FUSE2,53016.0,53016.0,55773.3,2757.3,2757.3,365.7,0.13263,1,p:1.1.3.1.2.2
U8088,323,FUSE2,53027.4,53027.4,55903.9,2876.5,2876.5,365.7,0.127134,1,p:2.1.4.1.2.2
U8089,323,FUSE2,53110.6,53110.6,55963.3,2852.7,2852.7,365.7,0.128194,1,p:1.1.5.1.2.2
U8090,323,FUSE2,53124.0,53124.0,55967.9,2843.9,2843.9,365.7,0.128591,1,p:2.1.2.1.2.2
U8091,323,FUSE2,53273.6,53273.6,56016.7,2743.1,2743.1,365.7,0.133316,1,p:1.1.1.1.2.2
U8092,323,FUSE2,53354.0,53354.0,56241.9,2887.9,2887.9,365.7,0.126632,1,p:2.1.4.1.2.2
U8093,323,FUSE2,53365.4,53365.4,56111.3,2745.9,2745.9,365.7,0.13318,1,p:1.1.3.1.2.2
U8094,323,FUSE2,53370.0,53370.0,56301.3,2931.3,2931.3,365.7,0.124757,1,p:2.1.5.1.2.2
U814,34,FUSE0,53448.6,53448.6,56209.1,2760.5,2760.5,271.3,0.098279,1,p:1.1.2.2.2.2
U815,34,FUSE0,53517.2,53517.2,56260.3,2743.1,2743.1,271.3,0.098903,1,p:2.1.1.2.2.2
U816,34,FUSE0,53597.6,53597.6,56354.9,2757.3,2757.3,271.3,0.098393,1,p:1.1.3.1.2.2
U817,34,FUSE0,53609.0,53609.0,56485.5,2876.5,2876.5,271.3,0.094316,1,p:2.1.4.1.2.2
U818,34,FUSE0,53613.6,53613.6,56452.7,2839.1,2839.1,271.3,0.095558,1,p:1.2.2.2.2.2
U819,34,FUSE0,53692.2,53692.2,56544.9,2852.7,2852.7,271.3,0.095103,1,p:2.1.5.1.2.2
U820,34,FUSE0,53760.8,53760.8,56503.9,2743.1,2743.1,271.3,0.098903,1,p:1.1.1.2.2.2
U821,34,FUSE0,53903.2,53903.2,56729.1,2825.9,2825.9,271.3,0.096005,1,p:2.1.4.1.2.2
U822,34,FUSE1,53914.6,53914.6,56660.5,2745.9,2745.9,333.3,0.121381,1,p:1.1.3.1.2.2
U823,34,FUSE1,53919.2,53919.2,56758.3,2839.1,2839.1,333.3,0.117396,1,p:2.1.2.1.2.2
U824,34,FUSE1,53997.8,53997.8,56850.5,2852.7,2852.7,333.3,0.116837,1,p:1.1.5.1.2.2
U825,34,FUSE1,54066.4,54066.4,56809.5,2743.1,2743.1,333.3,0.121505,1,p:2.1.1.2.2.2
U826,34,FUSE1,54220.2,54220.2,56966.1,2745.9,2745.9,333.3,0.121381,1,p:1.1.3.1.2.2
U827,34,FUSE1,54224.8,54224.8,57063.9,2839.1,2839.1,333.3,0.117396,1,p:2.1.2.1.2.2
U828,34,FUSE1,54241.2,54241.2,57034.7,2793.5,2793.5,333.3,0.119313,1,p:1.1.4.1.2.2
U829,34,FUSE1,54335.8,54335.8,57156.1,2820.3,2820.3,333.3,0.118179,1,p:2.1.5.1.2.2
U830,34,FUSE2,54404.4,54404.4,57147.5,2743.1,2743.1,365.7,0.133316,1,p:1.1.1.1.2.2
U831,34,FUSE2,54558.2,54558.2,57304.1,2745.9,2745.9,365.7,0.13318,1,p:2.1.3.1.2.2
U832,34,FUSE2,54562.8,54562.8,57372.7,2809.9,2809.9,365.7,0.130147,1,p:1.2.4.1.2.2
U833,34,FUSE2,54579.2,54579.2,57401.9,2822.7,2822.7,365.7,0.129557,1,p:2.1.2.1.2.2
U834,34,FUSE2,54673.8,54673.8,57494.1,2820.3,2820.3,365.7,0.129667,1,p:1.1.5.1.2.2
U835,34,FUSE2,54742.4,54742.4,57485.5,2743.1,2743.1,365.7,0.133316,1,p:2.1.1.1.2.2
U836,34,FUSE2,54801.8,54801.8,57642.1,2840.3,2840.3,365.7,0.128754,1,p:1.1.3.1.2.2
U763,32,FUSE0,54806.4,54806.4,57646.7,2840.3,2840.3,271.3,0.095518,1,p:2.1.2.1.2.2
U764,32,FUSE0,54822.8,54822.8,57616.3,2793.5,2793.5,271.3,0.097118,1,p:1.1.4.1.2.2
U765,32,FUSE0,54917.4,54917.4,57737.7,2820.3,2820.3,271.3,0.096195,1,p:2.1.5.1.2.2
U766,32,FUSE0,54986.0,54986.0,57729.1,2743.1,2743.1,271.3,0.098903,1,p:1.1.1.1.2.2
U767,32,FUSE0,55045.4,55045.4,57859.9,2814.5,2814.5,271.3,0.096394,1,p:2.1.4.1.2.2
U768,32,FUSE0,55050.0,55050.0,57885.7,2835.7,2835.7,271.3,0.095673,1,p:1.2.3.1.2.2
U769,32,FUSE0,55066.4,55066.4,57890.3,2823.9,2823.9,271.3,0.096073,1,p:2.1.2.1.2.2
U770,32,FUSE0,55161.0,55161.0,57981.3,2820.3,2820.3,271.3,0.096195,1,p:1.1.5.1.2.2
U771,32,FUSE1,55291.6,55291.6,58034.7,2743.1,2743.1,333.3,0.121505,1,p:2.1.1.1.2.2
U772,32,FUSE1,55351.0,55351.0,58165.5,2814.5,2814.5,333.3,0.118422,1,p:1.1.4.1.2.2
U773,32,FUSE1,55355.6,55355.6,58195.9,2840.3,2840.3,333.3,0.117347,1,p:2.1.2.1.2.2
U774,32,FUSE1,55372.0,55372.0,58191.3,2819.3,2819.3,333.3,0.118221,1,p:1.1.3.1.2.2
U775,32,FUSE1,55466.6,55466.6,58286.9,2820.3,2820.3,333.3,0.118179,1,p:2.1.5.1.2.2
U776,32,FUSE1,55597.2,55597.2,58340.3,2743.1,2743.1,333.3,0.121505,1,p:1.1.1.1.2.2
U777,32,FUSE1,55656.6,55656.6,58471.1,2814.5,2814.5,333.3,0.118422,1,p:2.1.4.1.2.2
U778,32,FUSE1,55661.2,55661.2,58496.9,2835.7,2835.7,333.3,0.117537,1,p:1.2.3.1.2.2
U779,32,FUSE2,55710.0,55710.0,58532.7,2822.7,2822.7,365.7,0.129557,1,p:2.1.2.1.2.2
U780,32,FUSE2,55804.6,55804.6,58624.9,2820.3,2820.3,365.7,0.129667,1,p:1.1.5.1.2.2
U781,32,FUSE2,55935.2,55935.2,58678.3,2743.1,2743.1,365.7,0.133316,1,p:2.1.1.1.2.2
U782,32,FUSE2,55994.6,55994.6,58809.1,2814.5,2814.5,365.7,0.129934,1,p:1.1.4.1.2.2
U783,32,FUSE2,55999.2,55999.2,58834.9,2835.7,2835.7,365.7,0.128963,1,p:2.1.3.1.2.2
U784,32,FUSE2,56048.0,56048.0,58870.7,2822.7,2822.7,365.7,0.129557,1,p:1.1.2.1.2.2
U785,32,FUSE2,56142.6,56142.6,58962.9,2820.3,2820.3,365.7,0.129667,1,p:2.1.5.1.2.2
U786,32,FUSE2,56240.4,56240.4,59016.3,2775.9,2775.9,365.7,0.131741,1,p:1.1.1.2.2.2
U5735,230,FUSE0,56273.2,56273.2,59078.5,2805.3,2805.3,271.3,0.09671,1,p:2.1.3.1.2.2
U5736,230,FUSE0,56291.6,56291.6,59052.7,2761.1,2761.1,271.3,0.098258,1,p:1.1.4.1.2.2
U5737,230,FUSE0,56332.6,56332.6,59114.3,2781.7,2781.7,271.3,0.09753,1,p:2.1.2.1.2.2
U5738,230,FUSE0,56386.2,56386.2,59206.5,2820.3,2820.3,271.3,0.096195,1,p:1.1.5.1.2.2
U5739,230,FUSE0,56484.0,56484.0,59296.3,2812.3,2812.3,271.3,0.096469,1,p:2.1.4.1.2.2
U5740,230,FUSE0,56516.8,56516.8,59259.9,2743.1,2743.1,271.3,0.098903,1,p:1.1.1.2.2.2
U5741,230,FUSE0,56535.2,56535.2,59322.1,2786.9,2786.9,271.3,0.097348,1,p:2.1.3.1.2.2
U5742,230,FUSE0,56576.2,56576.2,59357.9,2781.7,2781.7,271.3,0.09753,1,p:1.1.2.1.2.2
U5743,230,FUSE1,56691.8,56691.8,59512.1,2820.3,2820.3,333.3,0.118179,1,p:2.1.5.1.2.2
U5744,230,FUSE1,56760.4,56760.4,59601.9,2841.5,2841.5,333.3,0.117297,1,p:1.1.4.1.2.2
U5745,230,FUSE1,56789.6,56789.6,59565.5,2775.9,2775.9,333.3,0.120069,1,p:2.1.1.2.2.2
U5746,230,FUSE1,56840.8,56840.8,59627.7,2786.9,2786.9,333.3,0.119595,1,p:1.1.3.1.2.2
U5747,230,FUSE1,56881.8,56881.8,59663.5,2781.7,2781.7,333.3,0.119819,1,p:2.1.2.1.2.2
U5748,230,FUSE1,56997.4,56997.4,59817.7,2820.3,2820.3,333.3,0.118179,1,p:1.1.5.1.2.2
U5749,230,FUSE1,57066.0,57066.0,59907.5,2841.5,2841.5,333.3,0.117297,1,p:2.1.4.1.2.2
U5750,230,FUSE1,57095.2,57095.2,59871.1,2775.9,2775.9,333.3,0.120069,1,p:1.1.1.2.2.2
U5751,230,FUSE2,57178.8,57178.8,59965.7,2786.9,2786.9,365.7,0.131221,1,p:2.1.3.1.2.2
U5752,230,FUSE2,57187.4,57187.4,60001.5,2814.1,2814.1,365.7,0.129953,1,p:1.2.2.1.2.2
U5753,230,FUSE2,57335.4,57335.4,60155.7,2820.3,2820.3,365.7,0.129667,1,p:2.1.5.1.2.2
U5754,230,FUSE2,57404.0,57404.0,60245.5,2841.5,2841.5,365.7,0.1287,1,p:1.1.4.1.2.2
U5755,230,FUSE2,57433.2,57433.2,60209.1,2775.9,2775.9,365.7,0.131741,1,p:2.1.1.2.2.2
U5756,230,FUSE2,57516.8,57516.8,60303.7,2786.9,2786.9,365.7,0.131221,1,p:1.1.3.1.2.2
U5757,230,FUSE2,57525.4,57525.4,60339.5,2814.1,2814.1,365.7,0.129953,1,p:2.1.2.1.2.2
U5758,230,FUSE2,57647.6,57647.6,60493.7,2846.1,2846.1,365.7,0.128492,1,p:1.1.5.1.2.2
U5759,230,FUSE2,57673.4,57673.4,60587.7,2914.3,2914.3,365.7,0.125485,1,p:2.1.4.1.2.2
U5374,216,FUSE0,57678.0,57678.0,60452.7,2774.7,2774.7,271.3,0.097776,1,p:1.2.1.2.2.2
U5375,216,FUSE0,57760.4,57760.4,60547.3,2786.9,2786.9,271.3,0.097348,1,p:2.1.3.1.2.2
U5376,216,FUSE0,57769.0,57769.0,60583.1,2814.1,2814.1,271.3,0.096407,1,p:1.2.2.1.2.2
U5377,216,FUSE0,57891.2,57891.2,60737.3,2846.1,2846.1,271.3,0.095323,1,p:2.1.5.1.2.2
U5378,216,FUSE0,57917.0,57917.0,60696.3,2779.3,2779.3,271.3,0.097615,1,p:1.1.1.2.2.2
U5379,216,FUSE0,57921.6,57921.6,60790.9,2869.3,2869.3,271.3,0.094553,1,p:2.1.3.1.2.2
U5380,216,FUSE0,58012.6,58012.6,60831.3,2818.7,2818.7,271.3,0.09625,1,p:1.1.4.1.2.2
U5381,216,FUSE0,58066.0,58066.0,60826.7,2760.7,2760.7,271.3,0.098272,1,p:2.1.2.1.2.2
U5382,216,FUSE0,58196.8,58196.8,60980.9,2784.1,2784.1,271.3,0.097446,1,p:1.1.5.1.2.2
U5383,216,FUSE1,58222.6,58222.6,61001.9,2779.3,2779.3,333.3,0.119922,1,p:2.1.1.1.2.2
U5384,216,FUSE1,58227.2,58227.2,61096.5,2869.3,2869.3,333.3,0.116161,1,p:1.2.3.1.2.2
U5385,216,FUSE1,58318.2,58318.2,61136.9,2818.7,2818.7,333.3,0.118246,1,p:2.1.4.1.2.2
U5386,216,FUSE1,58371.6,58371.6,61132.3,2760.7,2760.7,333.3,0.12073,1,p:1.1.2.1.2.2
U5387,216,FUSE1,58502.4,58502.4,61286.5,2784.1,2784.1,333.3,0.119716,1,p:2.1.5.1.2.2
U5388,216,FUSE1,58528.2,58528.2,61307.5,2779.3,2779.3,333.3,0.119922,1,p:1.1.1.1.2.2
U5389,216,FUSE1,58564.0,58564.0,61402.1,2838.1,2838.1,333.3,0.117438,1,p:2.1.3.1.2.2
U5390,216,FUSE1,58656.2,58656.2,61438.3,2782.1,2782.1,333.3,0.119802,1,p:1.1.4.1.2.2
U5391,216,FUSE2,58709.6,58709.6,61470.3,2760.7,2760.7,365.7,0.132466,1,p:2.1.2.1.2.2
U5392,216,FUSE2,58840.4,58840.4,61624.5,2784.1,2784.1,365.7,0.131353,1,p:1.1.5.1.2.2
U5393,216,FUSE2,58866.2,58866.2,61645.5,2779.3,2779.3,365.7,0.13158,1,p:2.1.1.1.2.2
U5394,216,FUSE2,58902.0,58902.0,61740.1,2838.1,2838.1,365.7,0.128854,1,p:1.1.3.1.2.2
U5395,216,FUSE2,58994.2,58994.2,61776.3,2782.1,2782.1,365.7,0.131447,1,p:2.1.4.1.2.2
U5396,216,FUSE2,59047.6,59047.6,61808.3,2760.7,2760.7,365.7,0.132466,1,p:1.1.2.1.2.2
U5397,216,FUSE2,59084.0,59084.0,61962.5,2878.5,2878.5,365.7,0.127045,1,p:2.1.5.1.2.2
U5398,216,FUSE2,59109.8,59109.8,61983.5,2873.7,2873.7,365.7,0.127258,1,p:1.1.1.2.2.2
U5399,216,FUSE2,59145.6,59145.6,62078.1,2932.5,2932.5,365.7,0.124706,1,p:2.1.3.1.2.2
U1581,65,FUSE0,59237.8,59237.8,62019.9,2782.1,2782.1,271.3,0.097516,1,p:1.1.4.1.2.2
U1582,65,FUSE0,59291.2,59291.2,62051.9,2760.7,2760.7,271.3,0.098272,1,p:2.1.2.1.2.2
U1583,65,FUSE0,59327.6,59327.6,62206.1,2878.5,2878.5,271.3,0.09425,1,p:1.1.5.1.2.2
U1584,65,FUSE0,59353.4,59353.4,62263.5,2910.1,2910.1,271.3,0.093227,1,p:2.1.4.1.2.2
U1585,65,FUSE0,59389.2,59389.2,62227.1,2837.9,2837.9,271.3,0.095599,1,p:1.1.1.2.2.2
U1586,65,FUSE0,59543.4,59543.4,62295.5,2752.1,2752.1,271.3,0.098579,1,p:2.1.2.1.2.2
U1587,65,FUSE0,59596.8,59596.8,62321.7,2724.9,2724.9,271.3,0.099563,1,p:1.1.3.1.2.2
U1588,65,FUSE1,59633.2,59633.2,62511.7,2878.5,2878.5,333.3,0.115789,1,p:2.1.5.1.2.2
U1589,65,FUSE1,59659.0,59659.0,62569.1,2910.1,2910.1,333.3,0.114532,1,p:1.1.4.1.2.2
U1590,65,FUSE1,59694.8,59694.8,62532.7,2837.9,2837.9,333.3,0.117446,1,p:2.1.1.2.2.2
U1591,65,FUSE1,59849.0,59849.0,62601.1,2752.1,2752.1,333.3,0.121108,1,p:1.1.2.1.2.2
U1592,65,FUSE1,59902.4,59902.4,62627.3,2724.9,2724.9,333.3,0.122316,1,p:2.1.3.1.2.2
U1593,65,FUSE1,59938.8,59938.8,62817.3,2878.5,2878.5,333.3,0.115789,1,p:1.1.5.1.2.2
U1594,65,FUSE1,59997.0,59997.0,62875.3,2878.3,2878.3,333.3,0.115798,1,p:2.1.4.1.2.2
U1595,65,FUSE2,60032.8,60032.8,62870.7,2837.9,2837.9,365.7,0.128863,1,p:1.1.1.1.2.2
U1596,65,FUSE2,60187.0,60187.0,62939.1,2752.1,2752.1,365.7,0.13288,1,p:2.1.2.1.2.2
U1597,65,FUSE2,60240.4,60240.4,62965.3,2724.9,2724.9,365.7,0.134207,1,p:1.1.3.1.2.2
U1598,65,FUSE2,60276.8,60276.8,63155.3,2878.5,2878.5,365.7,0.127045,1,p:2.1.5.1.2.2
U1599,65,FUSE2,60335.0,60335.0,63213.3,2878.3,2878.3,365.7,0.127054,1,p:1.1.4.1.2.2
U1600,65,FUSE2,60370.8,60370.8,63208.7,2837.9,2837.9,365.7,0.128863,1,p:2.1.1.1.2.2
U1601,65,FUSE2,60484.0,60484.0,63277.1,2793.1,2793.1,365.7,0.13093,1,p:1.1.2.1.2.2
U1602,65,FUSE2,60525.0,60525.0,63303.3,2778.3,2778.3,365.7,0.131627,1,p:2.1.3.1.2.2
U7099,285,FUSE0,60578.6,60578.6,63398.9,2820.3,2820.3,271.3,0.096195,1,p:1.1.5.1.2.2
U7100,285,FUSE0,60614.4,60614.4,63456.9,2842.5,2842.5,271.3,0.095444,1,p:2.1.4.1.2.2
U7101,285,FUSE0,60619.0,60619.0,63452.3,2833.3,2833.3,271.3,0.095754,1,p:1.2.1.1.2.2
U7102,285,FUSE0,60727.6,60727.6,63520.7,2793.1,2793.1,271.3,0.097132,1,p:2.1.2.1.2.2
U7103,285,FUSE0,60768.6,60768.6,63546.9,2778.3,2778.3,271.3,0.09765,1,p:1.1.3.1.2.2
U7104,285,FUSE0,60822.2,60822.2,63642.5,2820.3,2820.3,271.3,0.096195,1,p:2.1.5.1.2.2
U7105,285,FUSE0,60858.0,60858.0,63700.5,2842.5,2842.5,271.3,0.095444,1,p:1.1.4.1.2.2
U7106,285,FUSE0,60862.6,60862.6,63695.9,2833.3,2833.3,271.3,0.095754,1,p:2.1.1.1.2.2
U7107,285,FUSE1,61012.2,61012.2,63826.3,2814.1,2814.1,333.3,0.118439,1,p:1.1.2.1.2.2
U7108,285,FUSE1,61033.2,61033.2,63852.5,2819.3,2819.3,333.3,0.118221,1,p:2.1.3.1.2.2
U7109,285,FUSE1,61127.8,61127.8,63948.1,2820.3,2820.3,333.3,0.118179,1,p:1.1.5.1.2.2
U7110,285,FUSE1,61163.6,61163.6,64006.1,2842.5,2842.5,333.3,0.117256,1,p:2.1.4.1.2.2
U7111,285,FUSE1,61168.2,61168.2,64001.5,2833.3,2833.3,333.3,0.117637,1,p:1.2.1.1.2.2
U7112,285,FUSE1,61317.8,61317.8,64131.9,2814.1,2814.1,333.3,0.118439,1,p:2.1.2.1.2.2
U7113,285,FUSE1,61338.8,61338.8,64158.1,2819.3,2819.3,333.3,0.118221,1,p:1.1.3.1.2.2
U7114,285,FUSE1,61433.4,61433.4,64253.7,2820.3,2820.3,333.3,0.118179,1,p:2.1.5.1.2.2
U7115,285,FUSE2,61469.6,61469.6,64344.1,2874.5,2874.5,365.7,0.127222,1,p:1.1.4.1.2.2
U7116,285,FUSE2,61501.6,61501.6,64339.5,2837.9,2837.9,365.7,0.128863,1,p:2.1.1.1.2.2
U7117,285,FUSE2,61655.8,61655.8,64469.9,2814.1,2814.1,365.7,0.129953,1,p:1.1.2.1.2.2
U7118,285,FUSE2,61676.8,61676.8,64496.1,2819.3,2819.3,365.7,0.129713,1,p:2.1.3.1.2.2
U7119,285,FUSE2,61771.4,61771.4,64591.7,2820.3,2820.3,365.7,0.129667,1,p:1.1.5.1.2.2
U7120,285,FUSE2,61807.6,61807.6,64682.1,2874.5,2874.5,365.7,0.127222,1,p:2.1.4.1.2.2
U7121,285,FUSE2,61839.6,61839.6,64677.5,2837.9,2837.9,365.7,0.128863,1,p:1.1.1.1.2.2
U7122,285,FUSE2,61993.8,61993.8,64807.9,2814.1,2814.1,365.7,0.129953,1,p:2.1.2.2.2.2
U5976,240,FUSE0,62014.8,62014.8,64739.7,2724.9,2724.9,271.3,0.099563,1,p:1.1.3.1.2.2
U5977,240,FUSE0,62051.2,62051.2,64835.3,2784.1,2784.1,271.3,0.097446,1,p:2.1.5.1.2.2
U5978,240,FUSE0,62083.2,62083.2,64925.7,2842.5,2842.5,271.3,0.095444,1,p:1.1.4.1.2.2
U5979,240,FUSE0,62109.4,62109.4,64921.1,2811.7,2811.7,271.3,0.09649,1,p:2.1.1.1.2.2
U5980,240,FUSE0,62237.4,62237.4,64983.3,2745.9,2745.9,271.3,0.098802,1,p:1.1.3.1.2.2
U5981,240,FUSE0,62258.4,62258.4,65078.9,2820.5,2820.5,271.3,0.096189,1,p:2.1.5.1.2.2
U5982,240,FUSE0,62294.8,62294.8,65051.5,2756.7,2756.7,271.3,0.098415,1,p:1.1.2.2.2.2
U5983,240,FUSE0,62326.8,62326.8,65169.3,2842.5,2842.5,271.3,0.095444,1,p:2.1.4.1.2.2
U5984,240,FUSE0,62353.0,62353.0,65164.7,2811.7,2811.7,271.3,0.09649,1,p:1.1.1.1.2.2
U5985,240,FUSE1,62543.0,62543.0,65288.9,2745.9,2745.9,333.3,0.121381,1,p:2.1.3.1.2.2
U5986,240,FUSE1,62564.0,62564.0,65384.5,2820.5,2820.5,333.3,0.118171,1,p:1.1.5.1.2.2
U5987,240,FUSE1,62600.4,62600.4,65357.1,2756.7,2756.7,333.3,0.120905,1,p:2.1.2.2.2.2
U5988,240,FUSE1,62632.4,62632.4,65474.9,2842.5,2842.5,333.3,0.117256,1,p:1.1.4.1.2.2
U5989,240,FUSE1,62658.6,62658.6,65470.3,2811.7,2811.7,333.3,0.11854,1,p:2.1.1.1.2.2
U5990,240,FUSE1,62848.6,62848.6,65594.5,2745.9,2745.9,333.3,0.121381,1,p:1.1.3.1.2.2
U5991,240,FUSE1,62902.0,62902.0,65690.1,2788.1,2788.1,333.3,0.119544,1,p:2.1.5.1.2.2
U5992,240,FUSE1,62906.6,62906.6,65662.7,2756.1,2756.1,333.3,0.120932,1,p:1.2.2.2.2.2
U5993,240,FUSE1,62970.4,62970.4,65779.9,2809.5,2809.5,333.3,0.118633,1,p:2.1.4.1.2.2
U5994,240,FUSE2,62996.6,62996.6,65808.3,2811.7,2811.7,365.7,0.130064,1,p:1.1.1.1.2.2
U5995,240,FUSE2,63186.6,63186.6,65932.5,2745.9,2745.9,365.7,0.13318,1,p:2.1.3.1.2.2
U5996,240,FUSE2,63240.0,63240.0,66028.1,2788.1,2788.1,365.7,0.131165,1,p:1.1.5.1.2.2
U5997,240,FUSE2,63244.6,63244.6,66000.7,2756.1,2756.1,365.7,0.132687,1,p:2.1.2.2.2.2
U5998,240,FUSE2,63308.4,63308.4,66117.9,2809.5,2809.5,365.7,0.130166,1,p:1.1.4.1.2.2
U5999,240,FUSE2,63334.6,63334.6,66146.3,2811.7,2811.7,365.7,0.130064,1,p:2.1.1.1.2.2
U6000,240,FUSE2,63430.2,63430.2,66270.5,2840.3,2840.3,365.7,0.128754,1,p:1.1.3.1.2.2
U6001,240,FUSE2,63483.6,63483.6,66366.1,2882.5,2882.5,365.7,0.126869,1,p:2.1.5.1.2.2
U6002,240,FUSE2,63488.2,63488.2,66338.7,2850.5,2850.5,365.7,0.128293,1,p:1.2.2.2.2.2
U5655,227,FUSE0,63552.0,63552.0,66361.5,2809.5,2809.5,271.3,0.096565,1,p:2.1.4.1.2.2
U5656,227,FUSE0,63578.2,63578.2,66389.9,2811.7,2811.7,271.3,0.09649,1,p:1.1.1.1.2.2
U5657,227,FUSE0,63673.8,63673.8,66514.1,2840.3,2840.3,271.3,0.095518,1,p:2.1.3.1.2.2
U5658,227,FUSE0,63727.2,63727.2,66609.7,2882.5,2882.5,271.3,0.09412,1,p:1.1.5.1.2.2
U5659,227,FUSE0,63731.8,63731.8,66605.1,2873.3,2873.3,271.3,0.094421,1,p:2.1.4.1.2.2
U5660,227,FUSE0,63857.6,63857.6,66582.3,2724.7,2724.7,271.3,0.099571,1,p:1.1.2.2.2.2
U5661,227,FUSE0,63883.8,63883.8,66633.5,2749.7,2749.7,271.3,0.098665,1,p:2.1.1.1.2.2
U5662,227,FUSE0,63979.4,63979.4,66757.7,2778.3,2778.3,271.3,0.09765,1,p:1.1.3.1.2.2
U5663,227,FUSE0,64032.8,64032.8,66853.3,2820.5,2820.5,271.3,0.096189,1,p:2.1.5.1.2.2
U5664,227,FUSE1,64037.4,64037.4,66910.7,2873.3,2873.3,333.3,0.115999,1,p:1.2.4.1.2.2
U5665,227,FUSE1,64163.2,64163.2,66887.9,2724.7,2724.7,333.3,0.122325,1,p:2.1.2.2.2.2
U5666,227,FUSE1,64189.4,64189.4,66939.1,2749.7,2749.7,333.3,0.121213,1,p:1.1.1.1.2.2
U5667,227,FUSE1,64285.0,64285.0,67063.3,2778.3,2778.3,333.3,0.119965,1,p:2.1.3.1.2.2
U5668,227,FUSE1,64370.8,64370.8,67158.9,2788.1,2788.1,333.3,0.119544,1,p:1.1.5.1.2.2
U5669,227,FUSE1,64375.4,64375.4,67216.3,2840.9,2840.9,333.3,0.117322,1,p:2.1.4.1.2.2
U5670,227,FUSE1,64501.2,64501.2,67193.5,2692.3,2692.3,333.3,0.123797,1,p:1.1.2.2.2.2
U5671,227,FUSE1,64527.4,64527.4,67244.7,2717.3,2717.3,333.3,0.122659,1,p:2.1.1.1.2.2
U5672,227,FUSE1,64623.0,64623.0,67368.9,2745.9,2745.9,333.3,0.121381,1,p:1.1.3.1.2.2
U5673,227,FUSE2,64708.8,64708.8,67496.9,2788.1,2788.1,365.7,0.131165,1,p:2.1.5.1.2.2
U5674,227,FUSE2,64713.4,64713.4,67554.3,2840.9,2840.9,365.7,0.128727,1,p:1.2.4.1.2.2
U5675,227,FUSE2,64771.0,64771.0,67531.5,2760.5,2760.5,365.7,0.132476,1,p:2.1.2.2.2.2
U5676,227,FUSE2,64839.2,64839.2,67582.7,2743.5,2743.5,365.7,0.133297,1,p:1.1.1.1.2.2
U5677,227,FUSE2,64866.6,64866.6,67706.9,2840.3,2840.3,365.7,0.128754,1,p:2.1.3.1.2.2
U5678,227,FUSE2,64952.4,64952.4,67834.9,2882.5,2882.5,365.7,0.126869,1,p:1.1.5.1.2.2
U5679,227,FUSE2,64957.0,64957.0,67892.3,2935.3,2935.3,365.7,0.124587,1,p:2.1.4.1.2.2
U5680,227,FUSE2,65014.6,65014.6,67869.5,2854.9,2854.9,365.7,0.128096,1,p:1.1.2.2.2.2
U6049,243,FUSE0,65082.8,65082.8,67826.3,2743.5,2743.5,271.3,0.098888,1,p:2.1.1.1.2.2
U6050,243,FUSE0,65110.2,65110.2,67950.5,2840.3,2840.3,271.3,0.095518,1,p:1.1.3.1.2.2
U6051,243,FUSE0,65196.0,65196.0,68078.5,2882.5,2882.5,271.3,0.09412,1,p:2.1.5.1.2.2
U6052,243,FUSE0,65200.6,65200.6,68069.9,2869.3,2869.3,271.3,0.094553,1,p:1.2.1.1.2.2
U6053,243,FUSE0,65320.2,65320.2,68135.9,2815.7,2815.7,271.3,0.096353,1,p:2.1.4.1.2.2
U6054,243,FUSE0,65388.4,65388.4,68113.1,2724.7,2724.7,271.3,0.099571,1,p:1.1.2.2.2.2
U6055,243,FUSE0,65415.8,65415.8,68194.1,2778.3,2778.3,271.3,0.09765,1,p:2.1.3.1.2.2
U6056,243,FUSE0,65501.6,65501.6,68322.1,2820.5,2820.5,271.3,0.096189,1,p:1.1.5.1.2.2
U6057,243,FUSE1,65506.2,65506.2,68375.5,2869.3,2869.3,333.3,0.116161,1,p:2.1.1.1.2.2
U6058,243,FUSE1,65625.8,65625.8,68441.5,2815.7,2815.7,333.3,0.118372,1,p:1.1.4.1.2.2
U6059,243,FUSE1,65694.0,65694.0,68418.7,2724.7,2724.7,333.3,0.122325,1,p:2.1.2.2.2.2
U6060,243,FUSE1,65721.4,65721.4,68499.7,2778.3,2778.3,333.3,0.119965,1,p:1.1.3.1.2.2
U6061,243,FUSE1,65811.2,65811.2,68627.7,2816.5,2816.5,333.3,0.118338,1,p:2.1.5.1.2.2
U6062,243,FUSE1,65839.6,65839.6,68681.1,2841.5,2841.5,333.3,0.117297,1,p:1.1.1.1.2.2
U6063,243,FUSE1,65963.8,65963.8,68747.1,2783.3,2783.3,333.3,0.11975,1,p:2.1.4.1.2.2
U6064,243,FUSE1,66032.0,66032.0,68724.3,2692.3,2692.3,333.3,0.123797,1,p:1.1.2.2.2.2
U6065,243,FUSE2,66059.4,66059.4,68837.7,2778.3,2778.3,365.7,0.131627,1,p:2.1.3.1.2.2
U6066,243,FUSE2,66149.2,66149.2,68965.7,2816.5,2816.5,365.7,0.129842,1,p:1.1.5.1.2.2
U6067,243,FUSE2,66177.6,66177.6,69019.1,2841.5,2841.5,365.7,0.1287,1,p:2.1.1.1.2.2
U6068,243,FUSE2,66301.8,66301.8,69085.1,2783.3,2783.3,365.7,0.131391,1,p:1.1.4.1.2.2
U6069,243,FUSE2,66370.0,66370.0,69062.3,2692.3,2692.3,365.7,0.135832,1,p:2.1.2.2.2.2
U6070,243,FUSE2,66392.8,66392.8,69175.7,2782.9,2782.9,365.7,0.13141,1,p:1.1.3.1.2.2
U6071,243,FUSE2,66397.4,66397.4,69303.7,2906.3,2906.3,365.7,0.12583,1,p:2.1.5.1.2.2
U7452,299,FUSE0,66421.2,66421.2,69262.7,2841.5,2841.5,271.3,0.095478,1,p:1.1.1.2.2.2
U7453,299,FUSE0,66545.4,66545.4,69328.7,2783.3,2783.3,271.3,0.097474,1,p:2.1.4.1.2.2
U7454,299,FUSE0,66613.6,66613.6,69308.3,2694.7,2694.7,271.3,0.100679,1,p:1.1.2.2.2.2
U7455,299,FUSE0,66636.4,66636.4,69419.3,2782.9,2782.9,271.3,0.097488,1,p:2.1.3.1.2.2
U7456,299,FUSE0,66641.0,66641.0,69547.3,2906.3,2906.3,271.3,0.093349,1,p:1.2.5.1.2.2
U7457,299,FUSE0,66664.8,66664.8,69506.3,2841.5,2841.5,271.3,0.095478,1,p:2.1.1.2.2.2
U7458,299,FUSE1,66789.0,66789.0,69634.3,2845.3,2845.3,333.3,0.117141,1,p:1.1.4.1.2.2
U7459,299,FUSE1,66884.6,66884.6,69611.5,2726.9,2726.9,333.3,0.122227,1,p:2.1.2.2.2.2
U7460,299,FUSE1,66919.2,66919.2,69724.9,2805.7,2805.7,333.3,0.118794,1,p:1.1.3.1.2.2
U7461,299,FUSE1,66942.0,66942.0,69852.9,2910.9,2910.9,333.3,0.114501,1,p:2.1.5.1.2.2
U7462,299,FUSE1,66970.4,66970.4,69811.9,2841.5,2841.5,333.3,0.117297,1,p:1.1.1.2.2.2
U7463,299,FUSE1,67094.6,67094.6,69939.9,2845.3,2845.3,333.3,0.117141,1,p:2.1.4.1.2.2
U7464,299,FUSE2,67190.2,67190.2,69949.5,2759.3,2759.3,365.7,0.132534,1,p:1.1.2.1.2.2
U7465,299,FUSE2,67224.8,67224.8,70062.9,2838.1,2838.1,365.7,0.128854,1,p:2.1.3.1.2.2
U7466,299,FUSE2,67247.6,67247.6,70190.9,2943.3,2943.3,365.7,0.124248,1,p:1.1.5.1.2.2
U7467,299,FUSE2,67276.0,67276.0,70149.9,2873.9,2873.9,365.7,0.127249,1,p:2.1.1.2.2.2
U7468,299,FUSE2,67400.2,67400.2,70277.9,2877.7,2877.7,365.7,0.127081,1,p:1.1.4.1.2.2
U7469,299,FUSE2,67528.2,67528.2,70287.5,2759.3,2759.3,365.7,0.132534,1,p:2.1.2.1.2.2
U7470,299,FUSE2,67562.8,67562.8,70400.9,2838.1,2838.1,365.7,0.128854,1,p:1.1.3.2.2.2
U6254,251,FUSE0,67585.6,67585.6,70434.5,2848.9,2848.9,271.3,0.09523,1,p:2.1.5.1.2.2
U6255,251,FUSE0,67614.0,67614.0,70393.5,2779.5,2779.5,271.3,0.097607,1,p:1.1.1.2.2.2
U6256,251,FUSE0,67738.2,67738.2,70521.5,2783.3,2783.3,271.3,0.097474,1,p:2.1.4.1.2.2
U6257,251,FUSE0,67857.6,67857.6,70531.1,2673.5,2673.5,271.3,0.101477,1,p:1.1.2.1.2.2
U6258,251,FUSE0,67866.2,67866.2,70678.1,2811.9,2811.9,271.3,0.096483,1,p:2.1.5.1.2.2
U6259,251,FUSE0,67900.8,67900.8,70644.5,2743.7,2743.7,271.3,0.098881,1,p:1.1.3.2.2.2
U6260,251,FUSE0,67923.6,67923.6,70637.1,2713.5,2713.5,271.3,0.099982,1,p:2.1.1.2.2.2
U6261,251,FUSE1,67981.8,67981.8,70827.1,2845.3,2845.3,333.3,0.117141,1,p:1.1.4.1.2.2
U6262,251,FUSE1,68101.2,68101.2,70836.7,2735.5,2735.5,333.3,0.121842,1,p:2.1.2.1.2.2
U6263,251,FUSE1,68109.8,68109.8,70983.7,2873.9,2873.9,333.3,0.115975,1,p:1.2.5.1.2.2
U6264,251,FUSE1,68144.4,68144.4,70950.1,2805.7,2805.7,333.3,0.118794,1,p:2.1.3.2.2.2
U6265,251,FUSE1,68167.2,68167.2,70942.7,2775.5,2775.5,333.3,0.120086,1,p:1.1.1.2.2.2
U6266,251,FUSE1,68225.4,68225.4,71132.7,2907.3,2907.3,333.3,0.114642,1,p:2.1.4.1.2.2
U6267,251,FUSE1,68353.4,68353.4,71142.3,2788.9,2788.9,333.3,0.119509,1,p:1.1.2.1.2.2
U6268,251,FUSE2,68406.8,68406.8,71321.7,2914.9,2914.9,365.7,0.125459,1,p:2.1.5.1.2.2
U6269,251,FUSE2,68450.0,68450.0,71288.1,2838.1,2838.1,365.7,0.128854,1,p:1.1.3.2.2.2
U6270,251,FUSE2,68472.8,68472.8,71280.7,2807.9,2807.9,365.7,0.13024,1,p:2.1.1.2.2.2
U6271,251,FUSE2,68531.0,68531.0,71470.7,2939.7,2939.7,365.7,0.1244,1,p:1.1.4.1.2.2
U6272,251,FUSE2,68659.0,68659.0,71480.3,2821.3,2821.3,365.7,0.129621,1,p:2.1.2.1.2.2
U6273,251,FUSE2,68712.4,68712.4,71659.7,2947.3,2947.3,365.7,0.12408,1,p:1.1.5.1.2.2
U4319,174,FUSE0,68755.6,68755.6,71531.7,2776.1,2776.1,271.3,0.097727,1,p:2.1.3.1.2.2
U4320,174,FUSE0,68778.4,68778.4,71524.3,2745.9,2745.9,271.3,0.098802,1,p:1.1.1.1.2.2
U4321,174,FUSE0,68869.0,68869.0,71714.3,2845.3,2845.3,271.3,0.09535,1,p:2.1.4.1.2.2
U4322,174,FUSE0,68997.0,68997.0,71723.9,2726.9,2726.9,271.3,0.09949,1,p:1.1.2.1.2.2
U4323,174,FUSE0,69050.4,69050.4,71775.3,2724.9,2724.9,271.3,0.099563,1,p:2.1.3.1.2.2
U4324,174,FUSE0,69093.6,69093.6,71767.9,2674.3,2674.3,271.3,0.101447,1,p:1.1.1.1.2.2
U4325,174,FUSE0,69116.4,69116.4,71903.3,2786.9,2786.9,271.3,0.097348,1,p:2.1.5.1.2.2
U4326,174,FUSE0,69207.0,69207.0,71957.9,2750.9,2750.9,271.3,0.098622,1,p:1.1.4.1.2.2
U4327,174,FUSE0,69294.0,69294.0,71967.5,2673.5,2673.5,271.3,0.101477,1,p:2.1.2.1.2.2
U4328,174,FUSE1,69335.0,69335.0,72080.9,2745.9,2745.9,333.3,0.121381,1,p:1.1.3.1.2.2
U4329,174,FUSE1,69339.6,69339.6,72073.5,2733.9,2733.9,333.3,0.121914,1,p:2.1.1.1.2.2
U4330,174,FUSE1,69360.0,69360.0,72208.9,2848.9,2848.9,333.3,0.116993,1,p:1.1.5.1.2.2
U4331,174,FUSE1,69450.6,69450.6,72263.5,2812.9,2812.9,333.3,0.11849,1,p:2.1.4.1.2.2
U4332,174,FUSE1,69537.6,69537.6,72273.1,2735.5,2735.5,333.3,0.121842,1,p:1.1.2.1.2.2
U4333,174,FUSE1,69578.6,69578.6,72386.5,2807.9,2807.9,333.3,0.118701,1,p:2.1.3.1.2.2
U4334,174,FUSE1,69642.8,69642.8,72379.1,2736.3,2736.3,333.3,0.121807,1,p:1.1.1.1.2.2
U4335,174,FUSE1,69665.6,69665.6,72514.5,2848.9,2848.9,333.3,0.116993,1,p:2.1.5.1.2.2
U4336,174,FUSE1,69756.2,69756.2,72569.1,2812.9,2812.9,333.3,0.11849,1,p:1.1.4.1.2.2
U4337,174,FUSE2,69843.2,69843.2,72611.1,2767.9,2767.9,365.7,0.132122,1,p:2.1.2.1.2.2
U4338,174,FUSE2,69884.2,69884.2,72724.5,2840.3,2840.3,365.7,0.128754,1,p:1.1.3.1.2.2
U4339,174,FUSE2,69971.2,69971.2,72717.1,2745.9,2745.9,365.7,0.13318,1,p:2.1.1.1.2.2
U4340,174,FUSE2,69980.8,69980.8,72852.5,2871.7,2871.7,365.7,0.127346,1,p:1.2.5.1.2.2
U4341,174,FUSE2,70094.2,70094.2,72907.1,2812.9,2812.9,365.7,0.130008,1,p:2.1.4.1.2.2
U4342,174,FUSE2,70181.2,70181.2,72949.1,2767.9,2767.9,365.7,0.132122,1,p:1.1.2.1.2.2
U4343,174,FUSE2,70222.2,70222.2,73062.5,2840.3,2840.3,365.7,0.128754,1,p:2.1.3.1.2.2
U4344,174,FUSE2,70309.2,70309.2,73055.1,2745.9,2745.9,365.7,0.13318,1,p:1.1.1.1.2.2
U4345,174,FUSE2,70318.8,70318.8,73190.5,2871.7,2871.7,365.7,0.127346,1,p:2.1.5.1.2.2
U2852,116,FUSE0,70424.8,70424.8,73150.7,2725.9,2725.9,271.3,0.099527,1,p:1.1.4.1.2.2
U2853,116,FUSE0,70432.2,70432.2,73195.1,2762.9,2762.9,271.3,0.098194,1,p:2.1.2.1.2.2
U2854,116,FUSE0,70465.8,70465.8,73306.1,2840.3,2840.3,271.3,0.095518,1,p:1.1.3.1.2.2
U2855,116,FUSE0,70552.8,70552.8,73298.7,2745.9,2745.9,271.3,0.098802,1,p:2.1.1.1.2.2
U2856,116,FUSE0,70562.4,70562.4,73394.3,2831.9,2831.9,271.3,0.095801,1,p:1.2.4.1.2.2
U2857,116,FUSE0,70668.4,70668.4,73434.1,2765.7,2765.7,271.3,0.098095,1,p:2.1.5.1.2.2
U2858,116,FUSE0,70675.8,70675.8,73438.7,2762.9,2762.9,271.3,0.098194,1,p:1.2.2.1.2.2
U2859,116,FUSE0,70709.4,70709.4,73549.7,2840.3,2840.3,271.3,0.095518,1,p:2.1.3.1.2.2
U2860,116,FUSE1,70858.4,70858.4,73604.3,2745.9,2745.9,333.3,0.121381,1,p:1.1.1.1.2.2
U2861,116,FUSE1,70868.0,70868.0,73699.9,2831.9,2831.9,333.3,0.117695,1,p:2.1.4.1.2.2
U2862,116,FUSE1,70974.0,70974.0,73739.7,2765.7,2765.7,333.3,0.120512,1,p:1.1.5.1.2.2
U2863,116,FUSE1,70981.4,70981.4,73744.3,2762.9,2762.9,333.3,0.120634,1,p:2.1.2.1.2.2
U2864,116,FUSE1,71015.0,71015.0,73855.3,2840.3,2840.3,333.3,0.117347,1,p:1.1.3.1.2.2
U2865,116,FUSE1,71164.0,71164.0,73909.9,2745.9,2745.9,333.3,0.121381,1,p:2.1.1.1.2.2
U2866,116,FUSE1,71173.6,71173.6,74005.5,2831.9,2831.9,333.3,0.117695,1,p:1.2.4.1.2.2
U2867,116,FUSE1,71312.0,71312.0,74045.3,2733.3,2733.3,333.3,0.121941,1,p:2.1.5.1.2.2
U2868,116,FUSE2,71319.4,71319.4,74079.9,2760.5,2760.5,365.7,0.132476,1,p:1.2.2.1.2.2
U2869,116,FUSE2,71353.0,71353.0,74193.3,2840.3,2840.3,365.7,0.128754,1,p:2.1.3.1.2.2
U2870,116,FUSE2,71502.0,71502.0,74247.9,2745.9,2745.9,365.7,0.13318,1,p:1.1.1.1.2.2
U2871,116,FUSE2,71511.6,71511.6,74343.5,2831.9,2831.9,365.7,0.129136,1,p:2.1.4.1.2.2
U2872,116,FUSE2,71555.6,71555.6,74383.3,2827.7,2827.7,365.7,0.129328,1,p:1.1.5.1.2.2
U2873,116,FUSE2,71563.0,71563.0,74417.9,2854.9,2854.9,365.7,0.128096,1,p:2.1.2.1.2.2
U2874,116,FUSE2,71691.0,71691.0,74531.3,2840.3,2840.3,365.7,0.128754,1,p:1.1.3.1.2.2
U2875,116,FUSE2,71745.6,71745.6,74585.9,2840.3,2840.3,365.7,0.128754,1,p:2.1.1.2.2.2
U5503,221,FUSE0,71755.2,71755.2,74590.5,2835.3,2835.3,271.3,0.095687,1,p:1.2.4.1.2.2
U5504,221,FUSE0,71799.2,71799.2,74626.9,2827.7,2827.7,271.3,0.095944,1,p:2.1.5.1.2.2
U5505,221,FUSE0,71806.6,71806.6,74661.5,2854.9,2854.9,271.3,0.09503,1,p:1.2.2.1.2.2
U5506,221,FUSE0,71934.6,71934.6,74774.9,2840.3,2840.3,271.3,0.095518,1,p:2.1.3.1.2.2
U5507,221,FUSE0,71989.2,71989.2,74834.1,2844.9,2844.9,271.3,0.095364,1,p:1.1.4.1.2.2
U5508,221,FUSE0,71998.8,71998.8,74870.5,2871.7,2871.7,271.3,0.094474,1,p:2.1.5.1.2.2
U5509,221,FUSE0,72104.8,72104.8,74829.5,2724.7,2724.7,271.3,0.099571,1,p:1.1.1.2.2.2
U5510,221,FUSE0,72112.2,72112.2,74905.1,2792.9,2792.9,271.3,0.097139,1,p:2.1.2.1.2.2
U5511,221,FUSE1,72240.2,72240.2,75080.5,2840.3,2840.3,333.3,0.117347,1,p:1.1.3.1.2.2
U5512,221,FUSE1,72294.8,72294.8,75139.7,2844.9,2844.9,333.3,0.117157,1,p:2.1.4.1.2.2
U5513,221,FUSE1,72304.4,72304.4,75176.1,2871.7,2871.7,333.3,0.116064,1,p:1.2.5.1.2.2
U5514,221,FUSE1,72410.4,72410.4,75135.1,2724.7,2724.7,333.3,0.122325,1,p:2.1.1.2.2.2
U5515,221,FUSE1,72417.8,72417.8,75210.7,2792.9,2792.9,333.3,0.119338,1,p:1.2.2.1.2.2
U5516,221,FUSE1,72545.8,72545.8,75386.1,2840.3,2840.3,333.3,0.117347,1,p:2.1.3.1.2.2
U5517,221,FUSE1,72600.4,72600.4,75441.9,2841.5,2841.5,333.3,0.117297,1,p:1.1.4.1.2.2
U5518,221,FUSE1,72642.4,72642.4,75481.7,2839.3,2839.3,333.3,0.117388,1,p:2.1.5.1.2.2
U5519,221,FUSE2,72748.4,72748.4,75473.1,2724.7,2724.7,365.7,0.134217,1,p:1.1.1.1.2.2
U5520,221,FUSE2,72755.8,72755.8,75548.7,2792.9,2792.9,365.7,0.130939,1,p:2.1.2.1.2.2
U5521,221,FUSE2,72883.8,72883.8,75724.1,2840.3,2840.3,365.7,0.128754,1,p:1.1.3.1.2.2
U5522,221,FUSE2,72938.4,72938.4,75779.9,2841.5,2841.5,365.7,0.1287,1,p:2.1.4.1.2.2
U5523,221,FUSE2,72980.4,72980.4,75819.7,2839.3,2839.3,365.7,0.128799,1,p:1.1.5.1.2.2
U5524,221,FUSE2,73086.4,73086.4,75811.1,2724.7,2724.7,365.7,0.134217,1,p:2.1.1.1.2.2
U5525,221,FUSE2,73093.8,73093.8,75886.7,2792.9,2792.9,365.7,0.130939,1,p:1.2.2.1.2.2
U5526,221,FUSE2,73182.0,73182.0,76062.1,2880.1,2880.1,365.7,0.126975,1,p:2.1.3.1.2.2
U154,7,FUSE0,73221.8,73221.8,76023.5,2801.7,2801.7,271.3,0.096834,1,p:1.1.4.1.2.2
U155,7,FUSE0,73226.4,73226.4,76066.7,2840.3,2840.3,271.3,0.095518,1,p:2.1.5.1.2.2
U156,7,FUSE0,73330.0,73330.0,76054.7,2724.7,2724.7,271.3,0.099571,1,p:1.1.1.1.2.2
U157,7,FUSE0,73337.4,73337.4,76130.3,2792.9,2792.9,271.3,0.097139,1,p:2.1.2.1.2.2
U158,7,FUSE0,73425.6,73425.6,76267.1,2841.5,2841.5,271.3,0.095478,1,p:1.1.4.1.2.2
U159,7,FUSE0,73465.4,73465.4,76310.3,2844.9,2844.9,271.3,0.095364,1,p:2.1.5.1.2.2
U160,7,FUSE0,73470.0,73470.0,76305.7,2835.7,2835.7,271.3,0.095673,1,p:1.2.3.1.2.2
U161,7,FUSE0,73581.0,73581.0,76298.3,2717.3,2717.3,271.3,0.099842,1,p:2.1.1.1.2.2
U162,7,FUSE0,73635.6,73635.6,76373.9,2738.3,2738.3,271.3,0.099076,1,p:1.1.2.1.2.2
U163,7,FUSE1,73731.2,73731.2,76572.7,2841.5,2841.5,333.3,0.117297,1,p:2.1.4.1.2.2
U164,7,FUSE1,73771.0,73771.0,76615.9,2844.9,2844.9,333.3,0.117157,1,p:1.1.5.1.2.2
U165,7,FUSE1,73775.6,73775.6,76611.3,2835.7,2835.7,333.3,0.117537,1,p:2.1.3.1.2.2
U166,7,FUSE1,73886.6,73886.6,76603.9,2717.3,2717.3,333.3,0.122659,1,p:1.1.1.1.2.2
U167,7,FUSE1,73941.2,73941.2,76679.5,2738.3,2738.3,333.3,0.121718,1,p:2.1.2.1.2.2
U168,7,FUSE1,74036.8,74036.8,76878.3,2841.5,2841.5,333.3,0.117297,1,p:1.1.4.1.2.2
U169,7,FUSE1,74076.6,74076.6,76921.5,2844.9,2844.9,333.3,0.117157,1,p:2.1.5.1.2.2
U170,7,FUSE1,74111.2,74111.2,76916.9,2805.7,2805.7,333.3,0.118794,1,p:1.1.3.1.2.2
U171,7,FUSE1,74224.6,74224.6,76909.5,2684.9,2684.9,333.3,0.124139,1,p:2.1.1.1.2.2
U172,7,FUSE2,74279.2,74279.2,77017.5,2738.3,2738.3,365.7,0.13355,1,p:1.1.2.1.2.2
U173,7,FUSE2,74374.8,74374.8,77216.3,2841.5,2841.5,365.7,0.1287,1,p:2.1.4.1.2.2
U174,7,FUSE2,74414.6,74414.6,77259.5,2844.9,2844.9,365.7,0.128546,1,p:1.1.5.1.2.2
U175,7,FUSE2,74449.2,74449.2,77254.9,2805.7,2805.7,365.7,0.130342,1,p:2.1.3.1.2.2
U176,7,FUSE2,74562.6,74562.6,77247.5,2684.9,2684.9,365.7,0.136206,1,p:1.1.1.1.2.2
U177,7,FUSE2,74617.2,74617.2,77355.5,2738.3,2738.3,365.7,0.13355,1,p:2.1.2.1.2.2
U178,7,FUSE2,74621.8,74621.8,77554.3,2932.5,2932.5,365.7,0.124706,1,p:1.2.4.1.2.2
U179,7,FUSE2,74658.2,74658.2,77597.5,2939.3,2939.3,365.7,0.124417,1,p:2.1.5.1.2.2
U180,7,FUSE2,74692.8,74692.8,77592.9,2900.1,2900.1,365.7,0.126099,1,p:1.1.3.1.2.2
U6728,270,FUSE0,74806.2,74806.2,77491.1,2684.9,2684.9,271.3,0.101047,1,p:2.1.1.1.2.2
U6729,270,FUSE0,74860.8,74860.8,77602.1,2741.3,2741.3,271.3,0.098968,1,p:1.1.2.1.2.2
U6730,270,FUSE0,74865.4,74865.4,77734.7,2869.3,2869.3,271.3,0.094553,1,p:2.1.1.1.2.2
U6731,270,FUSE0,74901.8,74901.8,77797.9,2896.1,2896.1,271.3,0.093678,1,p:1.1.4.1.2.2
U6732,270,FUSE0,74936.4,74936.4,77841.1,2904.7,2904.7,271.3,0.0934,1,p:2.1.5.1.2.2
U6733,270,FUSE0,75111.8,75111.8,77836.5,2724.7,2724.7,271.3,0.099571,1,p:1.1.3.1.2.2
U6734,270,FUSE0,75166.4,75166.4,77845.7,2679.3,2679.3,271.3,0.101258,1,p:2.1.2.1.2.2
U6735,270,FUSE0,75171.0,75171.0,77978.3,2807.3,2807.3,271.3,0.096641,1,p:1.2.1.1.2.2
U6736,270,FUSE0,75207.4,75207.4,78041.5,2834.1,2834.1,271.3,0.095727,1,p:2.1.4.1.2.2
U6737,270,FUSE1,75242.0,75242.0,78146.7,2904.7,2904.7,333.3,0.114745,1,p:1.1.5.1.2.2
U6738,270,FUSE1,75417.4,75417.4,78142.1,2724.7,2724.7,333.3,0.122325,1,p:2.1.3.1.2.2
U6739,270,FUSE1,75473.2,75473.2,78151.3,2678.1,2678.1,333.3,0.124454,1,p:1.1.2.1.2.2
U6740,270,FUSE1,75504.4,75504.4,78283.9,2779.5,2779.5,333.3,0.119914,1,p:2.1.1.1.2.2
U6741,270,FUSE1,75513.0,75513.0,78347.1,2834.1,2834.1,333.3,0.117603,1,p:1.2.4.1.2.2
U6742,270,FUSE1,75580.0,75580.0,78452.3,2872.3,2872.3,333.3,0.116039,1,p:2.1.5.1.2.2
U6743,270,FUSE1,75755.4,75755.4,78447.7,2692.3,2692.3,333.3,0.123797,1,p:1.1.3.1.2.2
U6744,270,FUSE1,75811.2,75811.2,78456.9,2645.7,2645.7,333.3,0.125978,1,p:2.1.2.1.2.2
U6745,270,FUSE1,75842.4,75842.4,78589.5,2747.1,2747.1,333.3,0.121328,1,p:1.1.1.1.2.2
U6746,270,FUSE2,75851.0,75851.0,78685.1,2834.1,2834.1,365.7,0.129036,1,p:2.1.4.1.2.2
U6747,270,FUSE2,75918.0,75918.0,78790.3,2872.3,2872.3,365.7,0.12732,1,p:1.1.5.1.2.2
U6748,270,FUSE2,76054.8,76054.8,78785.7,2730.9,2730.9,365.7,0.133912,1,p:2.1.3.1.2.2
U6749,270,FUSE2,76086.0,76086.0,78794.9,2708.9,2708.9,365.7,0.134999,1,p:1.1.2.1.2.2
U6750,270,FUSE2,76093.4,76093.4,78927.5,2834.1,2834.1,365.7,0.129036,1,p:2.1.1.1.2.2
U6751,270,FUSE2,76098.0,76098.0,79023.1,2925.1,2925.1,365.7,0.125021,1,p:1.2.4.1.2.2
U6752,270,FUSE2,76161.6,76161.6,79128.3,2966.7,2966.7,365.7,0.123268,1,p:2.1.5.1.2.2
U6753,270,FUSE2,76298.4,76298.4,79123.7,2825.3,2825.3,365.7,0.129438,1,p:1.1.3.1.2.2
U6754,270,FUSE2,76329.6,76329.6,79132.9,2803.3,2803.3,365.7,0.130453,1,p:2.1.2.1.2.2
U6755,270,FUSE2,76337.0,76337.0,79265.5,2928.5,2928.5,365.7,0.124876,1,p:1.2.1.1.2.2
U1383,57,FUSE0,76341.6,76341.6,79270.1,2928.5,2928.5,271.3,0.092641,1,p:2.1.4.1.2.2
U1384,57,FUSE0,76405.2,76405.2,79371.9,2966.7,2966.7,271.3,0.091448,1,p:1.1.5.1.2.2
U1385,57,FUSE0,76604.0,76604.0,79367.3,2763.3,2763.3,271.3,0.09818,1,p:2.1.3.1.2.2
U1386,57,FUSE0,76635.2,76635.2,79376.5,2741.3,2741.3,271.3,0.098968,1,p:1.1.2.1.2.2
U1387,57,FUSE0,76642.6,76642.6,79513.7,2871.1,2871.1,271.3,0.094493,1,p:2.1.4.1.2.2
U1388,57,FUSE0,76647.2,76647.2,79509.1,2861.9,2861.9,271.3,0.094797,1,p:1.2.1.1.2.2
U1389,57,FUSE0,76710.8,76710.8,79612.1,2901.3,2901.3,271.3,0.09351,1,p:2.1.5.1.2.2
U1390,57,FUSE1,76909.6,76909.6,79672.9,2763.3,2763.3,333.3,0.120617,1,p:1.1.3.1.2.2
U1391,57,FUSE1,76940.8,76940.8,79679.1,2738.3,2738.3,333.3,0.121718,1,p:2.1.2.1.2.2
U1392,57,FUSE1,76948.2,76948.2,79819.3,2871.1,2871.1,333.3,0.116088,1,p:1.2.4.1.2.2
U1393,57,FUSE1,76952.8,76952.8,79814.7,2861.9,2861.9,333.3,0.116461,1,p:2.1.1.1.2.2
U1394,57,FUSE1,77048.8,77048.8,79917.7,2868.9,2868.9,333.3,0.116177,1,p:1.1.5.1.2.2
U1395,57,FUSE1,77247.6,77247.6,79978.5,2730.9,2730.9,333.3,0.122048,1,p:2.1.3.1.2.2
U1396,57,FUSE1,77278.8,77278.8,79984.7,2705.9,2705.9,333.3,0.123175,1,p:1.1.2.1.2.2
U1397,57,FUSE2,77286.2,77286.2,80157.3,2871.1,2871.1,365.7,0.127373,1,p:2.1.4.1.2.2
U1398,57,FUSE2,77290.8,77290.8,80152.7,2861.9,2861.9,365.7,0.127782,1,p:1.2.1.1.2.2
U1399,57,FUSE2,77386.8,77386.8,80255.7,2868.9,2868.9,365.7,0.12747,1,p:2.1.5.1.2.2
U1400,57,FUSE2,77522.4,77522.4,80316.5,2794.1,2794.1,365.7,0.130883,1,p:1.1.3.1.2.2
U1401,57,FUSE2,77585.6,77585.6,80322.7,2737.1,2737.1,365.7,0.133609,1,p:2.1.2.1.2.2
U1402,57,FUSE2,77624.2,77624.2,80495.3,2871.1,2871.1,365.7,0.127373,1,p:1.1.4.1.2.2
U1403,57,FUSE2,77628.8,77628.8,80490.7,2861.9,2861.9,365.7,0.127782,1,p:2.1.1.1.2.2
U5400,217,FUSE0,77633.4,77633.4,80499.9,2866.5,2866.5,271.3,0.094645,1,p:1.2.5.1.2.2
U5401,217,FUSE0,77766.0,77766.0,80560.1,2794.1,2794.1,271.3,0.097097,1,p:2.1.3.1.2.2
U5402,217,FUSE0,77829.2,77829.2,80566.3,2737.1,2737.1,271.3,0.09912,1,p:1.1.2.1.2.2
U5403,217,FUSE0,77867.8,77867.8,80743.5,2875.7,2875.7,271.3,0.094342,1,p:2.1.5.1.2.2
U5404,217,FUSE0,77872.4,77872.4,80738.9,2866.5,2866.5,271.3,0.094645,1,p:1.2.4.1.2.2
U5405,217,FUSE0,77877.0,77877.0,80734.3,2857.3,2857.3,271.3,0.09495,1,p:2.1.1.1.2.2
U5406,217,FUSE0,78009.6,78009.6,80803.7,2794.1,2794.1,271.3,0.097097,1,p:1.1.3.1.2.2
U5407,217,FUSE0,78072.8,78072.8,80809.9,2737.1,2737.1,271.3,0.09912,1,p:2.1.2.1.2.2
U5408,217,FUSE0,78173.4,78173.4,80986.5,2813.1,2813.1,271.3,0.096442,1,p:1.1.5.1.2.2
U5409,217,FUSE1,78178.0,78178.0,81044.5,2866.5,2866.5,333.3,0.116274,1,p:2.1.4.1.2.2
U5410,217,FUSE1,78182.6,78182.6,81039.9,2857.3,2857.3,333.3,0.116649,1,p:1.2.1.1.2.2
U5411,217,FUSE1,78315.2,78315.2,81109.3,2794.1,2794.1,333.3,0.119287,1,p:2.1.3.1.2.2
U5412,217,FUSE1,78378.4,78378.4,81115.5,2737.1,2737.1,333.3,0.121771,1,p:1.1.2.1.2.2
U5413,217,FUSE1,78479.0,78479.0,81292.1,2813.1,2813.1,333.3,0.118481,1,p:2.1.5.1.2.2
U5414,217,FUSE1,78483.6,78483.6,81350.1,2866.5,2866.5,333.3,0.116274,1,p:1.2.4.1.2.2
U5415,217,FUSE1,78488.2,78488.2,81345.5,2857.3,2857.3,333.3,0.116649,1,p:2.1.1.1.2.2
U5416,217,FUSE1,78620.8,78620.8,81414.9,2794.1,2794.1,333.3,0.119287,1,p:1.1.3.1.2.2
U5417,217,FUSE1,78716.4,78716.4,81421.1,2704.7,2704.7,333.3,0.12323,1,p:2.1.2.1.2.2
U5418,217,FUSE2,78817.0,78817.0,81630.1,2813.1,2813.1,365.7,0.129999,1,p:1.1.5.1.2.2
U5419,217,FUSE2,78821.6,78821.6,81688.1,2866.5,2866.5,365.7,0.127577,1,p:2.1.4.1.2.2
U5420,217,FUSE2,78826.2,78826.2,81683.5,2857.3,2857.3,365.7,0.127988,1,p:1.2.1.1.2.2
U5421,217,FUSE2,78958.8,78958.8,81752.9,2794.1,2794.1,365.7,0.130883,1,p:2.1.3.1.2.2
U5422,217,FUSE2,79054.4,79054.4,81759.1,2704.7,2704.7,365.7,0.135209,1,p:1.1.2.1.2.2
U5423,217,FUSE2,79155.0,79155.0,81968.1,2813.1,2813.1,365.7,0.129999,1,p:2.1.5.1.2.2
U5424,217,FUSE2,79159.6,79159.6,82046.1,2886.5,2886.5,365.7,0.126693,1,p:1.2.4.1.2.1
U5425,217,FUSE2,79164.2,79164.2,82021.5,2857.3,2857.3,365.7,0.127988,1,p:2.1.1.1.2.2
U5426,217,FUSE2,79296.8,79296.8,82090.9,2794.1,2794.1,365.7,0.130883,1,p:1.1.3.1.2.2
U1283,53,FUSE0,79301.4,79301.4,82042.7,2741.3,2741.3,271.3,0.098968,1,p:2.1.2.2.1.2
U1284,53,FUSE0,79398.6,79398.6,82211.7,2813.1,2813.1,271.3,0.096442,1,p:1.1.5.1.2.2
U1285,53,FUSE0,79403.2,79403.2,82289.7,2886.5,2886.5,271.3,0.093989,1,p:2.1.4.1.2.1
U1286,53,FUSE0,79407.8,79407.8,82286.3,2878.5,2878.5,271.3,0.09425,1,p:1.2.2.2.1.2
U1287,53,FUSE0,79540.4,79540.4,82265.1,2724.7,2724.7,271.3,0.099571,1,p:2.1.1.1.2.2
U1288,53,FUSE0,79545.0,79545.0,82334.5,2789.5,2789.5,271.3,0.097258,1,p:1.2.3.1.2.2
U1289,53,FUSE0,79643.4,79643.4,82455.3,2811.9,2811.9,271.3,0.096483,1,p:2.1.5.1.2.2
U1290,53,FUSE0,79704.2,79704.2,82509.9,2805.7,2805.7,271.3,0.096696,1,p:1.1.4.1.2.2
U1291,53,FUSE0,79710.4,79710.4,82489.9,2779.5,2779.5,271.3,0.097607,1,p:2.1.2.2.2.2
U1292,53,FUSE1,79846.0,79846.0,82570.7,2724.7,2724.7,333.3,0.122325,1,p:1.1.1.1.2.2
U1293,53,FUSE1,79850.6,79850.6,82640.1,2789.5,2789.5,333.3,0.119484,1,p:2.1.3.1.2.2
U1294,53,FUSE1,79949.0,79949.0,82760.9,2811.9,2811.9,333.3,0.118532,1,p:1.1.5.1.2.2
U1295,53,FUSE1,80009.8,80009.8,82815.5,2805.7,2805.7,333.3,0.118794,1,p:2.1.4.1.2.2
U1296,53,FUSE1,80016.0,80016.0,82795.5,2779.5,2779.5,333.3,0.119914,1,p:1.2.2.2.2.2
U1297,53,FUSE1,80184.0,80184.0,82876.3,2692.3,2692.3,333.3,0.123797,1,p:2.1.1.1.2.2
U1298,53,FUSE1,80188.6,80188.6,82945.7,2757.1,2757.1,333.3,0.120888,1,p:1.2.3.1.2.2
U1299,53,FUSE1,80287.0,80287.0,83066.5,2779.5,2779.5,333.3,0.119914,1,p:2.1.5.1.2.2
U1300,53,FUSE1,80347.8,80347.8,83121.1,2773.3,2773.3,333.3,0.120182,1,p:1.1.4.1.2.2
U1301,53,FUSE2,80354.0,80354.0,83133.5,2779.5,2779.5,365.7,0.13157,1,p:2.1.2.1.2.2
U1302,53,FUSE2,80522.0,80522.0,83214.3,2692.3,2692.3,365.7,0.135832,1,p:1.1.1.1.2.2
U1303,53,FUSE2,80526.6,80526.6,83283.7,2757.1,2757.1,365.7,0.132639,1,p:2.1.3.1.2.2
U1304,53,FUSE2,80531.2,80531.2,83404.5,2873.3,2873.3,365.7,0.127275,1,p:1.2.5.1.2.2
U1305,53,FUSE2,80591.4,80591.4,83459.1,2867.7,2867.7,365.7,0.127524,1,p:2.1.4.1.2.2
U1306,53,FUSE2,80597.6,80597.6,83471.5,2873.9,2873.9,365.7,0.127249,1,p:1.2.2.1.2.2
U1307,53,FUSE2,80765.6,80765.6,83552.3,2786.7,2786.7,365.7,0.13123,1,p:2.1.1.1.2.2
U1308,53,FUSE2,80770.2,80770.2,83621.7,2851.5,2851.5,365.7,0.128248,1,p:1.2.3.1.2.2
U1309,53,FUSE2,80774.8,80774.8,83742.5,2967.7,2967.7,365.7,0.123227,1,p:2.1.5.1.2.2
U5010,201,FUSE0,80835.0,80835.0,83702.7,2867.7,2867.7,271.3,0.094605,1,p:1.1.4.1.2.2
U5011,201,FUSE0,80841.2,80841.2,83715.1,2873.9,2873.9,271.3,0.094401,1,p:2.1.2.2.2.2
U5012,201,FUSE0,81017.8,81017.8,83795.9,2778.1,2778.1,271.3,0.097657,1,p:1.1.1.1.2.2
U5013,201,FUSE0,81071.2,81071.2,83865.3,2794.1,2794.1,271.3,0.097097,1,p:2.1.3.1.2.2
U5014,201,FUSE0,81075.8,81075.8,83946.3,2870.5,2870.5,271.3,0.094513,1,p:1.2.4.1.2.2
U5015,201,FUSE0,81140.6,81140.6,83986.1,2845.5,2845.5,271.3,0.095344,1,p:2.1.5.1.2.2
U5016,201,FUSE0,81146.8,81146.8,83958.7,2811.9,2811.9,271.3,0.096483,1,p:1.2.2.2.2.2
U5017,201,FUSE0,81323.4,81323.4,84039.5,2716.1,2716.1,271.3,0.099886,1,p:2.1.1.1.2.2
U5018,201,FUSE0,81376.8,81376.8,84108.9,2732.1,2732.1,271.3,0.099301,1,p:1.1.3.1.2.2
U5019,201,FUSE1,81381.4,81381.4,84251.9,2870.5,2870.5,333.3,0.116112,1,p:2.1.4.1.2.2
U5020,201,FUSE1,81446.2,81446.2,84291.7,2845.5,2845.5,333.3,0.117132,1,p:1.1.5.1.2.2
U5021,201,FUSE1,81452.4,81452.4,84264.3,2811.9,2811.9,333.3,0.118532,1,p:2.1.2.2.2.2
U5022,201,FUSE1,81661.4,81661.4,84345.1,2683.7,2683.7,333.3,0.124194,1,p:1.1.1.1.2.2
U5023,201,FUSE1,81714.8,81714.8,84414.5,2699.7,2699.7,333.3,0.123458,1,p:2.1.3.1.2.2
U5024,201,FUSE1,81719.4,81719.4,84557.5,2838.1,2838.1,333.3,0.117438,1,p:1.2.4.1.2.2
U5025,201,FUSE1,81784.2,81784.2,84597.3,2813.1,2813.1,333.3,0.118481,1,p:2.1.5.1.2.2
U5026,201,FUSE1,81790.4,81790.4,84569.9,2779.5,2779.5,333.3,0.119914,1,p:1.2.2.2.2.2
U5027,201,FUSE1,81999.4,81999.4,84650.7,2651.3,2651.3,333.3,0.125712,1,p:2.1.1.1.2.2
U5028,201,FUSE2,82052.8,82052.8,84752.5,2699.7,2699.7,365.7,0.135459,1,p:1.1.3.1.2.2
U5029,201,FUSE2,82074.0,82074.0,84895.5,2821.5,2821.5,365.7,0.129612,1,p:2.1.4.1.2.2
U5030,201,FUSE2,82077.4,82077.4,84935.3,2857.9,2857.9,365.7,0.127961,1,p:1.2.5.1.2.2
U5031,201,FUSE2,82122.2,82122.2,84907.9,2785.7,2785.7,365.7,0.131278,1,p:2.1.2.2.2.2
U5032,201,FUSE2,82243.0,82243.0,84988.7,2745.7,2745.7,365.7,0.13319,1,p:1.1.1.1.2.2
U5033,201,FUSE2,82296.4,82296.4,85090.5,2794.1,2794.1,365.7,0.130883,1,p:2.1.3.1.2.2
U5034,201,FUSE2,82317.6,82317.6,85233.5,2915.9,2915.9,365.7,0.125416,1,p:1.1.4.1.2.2
U5035,201,FUSE2,82321.0,82321.0,85273.3,2952.3,2952.3,365.7,0.12387,1,p:2.1.5.1.2.2
U5036,201,FUSE2,82365.8,82365.8,85245.9,2880.1,2880.1,365.7,0.126975,1,p:1.1.2.2.2.2
U5037,201,FUSE2,82486.6,82486.6,85326.7,2840.1,2840.1,365.7,0.128763,1,p:2.1.1.1.2.2
U6627,266,FUSE0,82521.2,82521.2,85334.1,2812.9,2812.9,271.3,0.096449,1,p:1.1.3.1.2.2
U6628,266,FUSE0,82541.2,82541.2,85477.1,2935.9,2935.9,271.3,0.092408,1,p:2.1.4.1.2.2
U6629,266,FUSE0,82602.0,82602.0,85516.9,2914.9,2914.9,271.3,0.093074,1,p:1.1.5.1.2.2
U6630,266,FUSE0,82671.4,82671.4,85489.5,2818.1,2818.1,271.3,0.096271,1,p:2.1.2.2.2.2
U6631,266,FUSE0,82792.2,82792.2,85577.7,2785.5,2785.5,271.3,0.097397,1,p:1.1.3.1.2.2
U6632,266,FUSE0,82826.8,82826.8,85570.3,2743.5,2743.5,271.3,0.098888,1,p:2.1.1.1.2.2
U6633,266,FUSE0,82846.8,82846.8,85720.7,2873.9,2873.9,271.3,0.094401,1,p:1.1.4.1.2.2
U6634,266,FUSE0,82907.6,82907.6,85760.5,2852.9,2852.9,271.3,0.095096,1,p:2.1.5.1.2.2
U6635,266,FUSE0,82977.0,82977.0,85733.1,2756.1,2756.1,271.3,0.098436,1,p:1.1.2.2.2.2
U6636,266,FUSE1,83097.8,83097.8,85883.3,2785.5,2785.5,333.3,0.119655,1,p:2.1.3.1.2.2
U6637,266,FUSE1,83152.4,83152.4,85875.9,2723.5,2723.5,333.3,0.122379,1,p:1.1.1.1.2.2
U6638,266,FUSE1,83164.8,83164.8,86026.3,2861.5,2861.5,333.3,0.116477,1,p:2.1.4.1.2.2
U6639,266,FUSE1,83245.6,83245.6,86066.1,2820.5,2820.5,333.3,0.118171,1,p:1.1.5.1.2.2
U6640,266,FUSE1,83315.0,83315.0,86038.7,2723.7,2723.7,333.3,0.12237,1,p:2.1.2.2.2.2
U6641,266,FUSE1,83435.8,83435.8,86188.9,2753.1,2753.1,333.3,0.121064,1,p:1.1.3.1.2.2
U6642,266,FUSE1,83490.4,83490.4,86331.9,2841.5,2841.5,333.3,0.117297,1,p:2.1.4.1.2.2
U6643,266,FUSE1,83502.8,83502.8,86181.5,2678.7,2678.7,333.3,0.124426,1,p:1.1.1.1.2.2
U6644,266,FUSE1,83583.6,83583.6,86371.7,2788.1,2788.1,333.3,0.119544,1,p:2.1.5.1.2.2
U6645,266,FUSE2,83653.0,83653.0,86376.7,2723.7,2723.7,365.7,0.134266,1,p:1.1.2.1.2.2
U6646,266,FUSE2,83734.0,83734.0,86519.5,2785.5,2785.5,365.7,0.131287,1,p:2.1.1.1.2.2
U6647,266,FUSE2,83746.4,83746.4,86526.9,2780.5,2780.5,365.7,0.131523,1,p:1.1.3.1.2.2
U6648,266,FUSE2,83773.8,83773.8,86669.9,2896.1,2896.1,365.7,0.126273,1,p:2.1.4.1.2.2
U6649,266,FUSE2,83827.2,83827.2,86709.7,2882.5,2882.5,365.7,0.126869,1,p:1.1.5.1.2.2
U6650,266,FUSE2,83896.6,83896.6,86714.7,2818.1,2818.1,365.7,0.129768,1,p:2.1.2.1.2.2
U6651,266,FUSE2,83977.6,83977.6,86864.9,2887.3,2887.3,365.7,0.126658,1,p:1.1.3.1.2.2
U6652,266,FUSE2,83990.0,83990.0,86857.5,2867.5,2867.5,365.7,0.127533,1,p:2.1.1.2.2.2
U8745,350,FUSE0,84017.4,84017.4,86913.5,2896.1,2896.1,271.3,0.093678,1,p:1.1.4.1.2.2
U8746,350,FUSE0,84070.8,84070.8,86953.3,2882.5,2882.5,271.3,0.09412,1,p:2.1.5.1.2.2
U8747,350,FUSE0,84140.2,84140.2,86958.3,2818.1,2818.1,271.3,0.096271,1,p:1.1.2.1.2.2
U8748,350,FUSE0,84283.2,84283.2,87157.1,2873.9,2873.9,271.3,0.094401,1,p:2.1.4.1.2.2
U8749,350,FUSE0,84295.6,84295.6,87108.5,2812.9,2812.9,271.3,0.096449,1,p:1.1.3.1.2.2
U8750,350,FUSE0,84323.0,84323.0,87101.1,2778.1,2778.1,271.3,0.097657,1,p:2.1.1.2.2.2
U8751,350,FUSE0,84376.4,84376.4,87196.9,2820.5,2820.5,271.3,0.096189,1,p:1.1.5.1.2.2
U8752,350,FUSE1,84445.8,84445.8,87263.9,2818.1,2818.1,333.3,0.118271,1,p:2.1.2.1.2.2
U8753,350,FUSE1,84588.8,84588.8,87414.1,2825.3,2825.3,333.3,0.11797,1,p:1.1.3.1.2.2
U8754,350,FUSE1,84601.2,84601.2,87462.7,2861.5,2861.5,333.3,0.116477,1,p:2.1.4.1.2.2
U8755,350,FUSE1,84628.6,84628.6,87406.7,2778.1,2778.1,333.3,0.119974,1,p:1.1.1.2.2.2
U8756,350,FUSE1,84682.0,84682.0,87502.5,2820.5,2820.5,333.3,0.118171,1,p:2.1.5.1.2.2
U8757,350,FUSE1,84783.8,84783.8,87569.5,2785.7,2785.7,333.3,0.119647,1,p:1.1.2.1.2.2
U8758,350,FUSE1,84926.8,84926.8,87768.3,2841.5,2841.5,333.3,0.117297,1,p:2.1.4.1.2.2
U8759,350,FUSE2,84939.2,84939.2,87752.1,2812.9,2812.9,365.7,0.130008,1,p:1.1.3.1.2.2
U8760,350,FUSE2,84966.6,84966.6,87744.7,2778.1,2778.1,365.7,0.131637,1,p:2.1.1.2.2.2
U8761,350,FUSE2,85020.0,85020.0,87840.5,2820.5,2820.5,365.7,0.129658,1,p:1.1.5.1.2.2
U8762,350,FUSE2,85121.8,85121.8,87907.5,2785.7,2785.7,365.7,0.131278,1,p:2.1.2.1.2.2
U8763,350,FUSE2,85264.8,85264.8,88106.3,2841.5,2841.5,365.7,0.1287,1,p:1.1.4.1.2.2
U8764,350,FUSE2,85277.2,85277.2,88090.1,2812.9,2812.9,365.7,0.130008,1,p:2.1.3.1.2.2
U2236,91,FUSE0,85304.6,85304.6,87988.3,2683.7,2683.7,271.3,0.101092,1,p:1.1.1.1.2.2
U2237,91,FUSE0,85358.0,85358.0,88084.1,2726.1,2726.1,271.3,0.099519,1,p:2.1.5.1.2.2
U2238,91,FUSE0,85365.4,85365.4,88151.1,2785.7,2785.7,271.3,0.09739,1,p:1.2.2.1.2.2
U2239,91,FUSE0,85508.4,85508.4,88327.7,2819.3,2819.3,271.3,0.09623,1,p:2.1.5.1.2.2
U2240,91,FUSE0,85520.8,85520.8,88231.9,2711.1,2711.1,271.3,0.10007,1,p:1.1.1.1.2.2
U2241,91,FUSE0,85548.2,85548.2,88349.9,2801.7,2801.7,271.3,0.096834,1,p:2.1.4.1.2.2
U2242,91,FUSE0,85601.6,85601.6,88333.7,2732.1,2732.1,271.3,0.099301,1,p:1.1.3.1.2.2
U2243,91,FUSE0,85609.0,85609.0,88394.7,2785.7,2785.7,271.3,0.09739,1,p:2.1.2.1.2.2
U2244,91,FUSE0,85752.0,85752.0,88475.5,2723.5,2723.5,271.3,0.099614,1,p:1.1.1.1.2.2
U2245,91,FUSE1,85764.4,85764.4,88633.3,2868.9,2868.9,333.3,0.116177,1,p:2.1.5.1.2.2
U2246,91,FUSE1,85791.8,85791.8,88655.5,2863.7,2863.7,333.3,0.116388,1,p:1.1.4.1.2.2
U2247,91,FUSE1,85907.2,85907.2,88639.3,2732.1,2732.1,333.3,0.121994,1,p:2.1.3.1.2.2
U2248,91,FUSE1,85914.6,85914.6,88700.3,2785.7,2785.7,333.3,0.119647,1,p:1.2.2.1.2.2
U2249,91,FUSE1,86057.6,86057.6,88938.9,2881.3,2881.3,333.3,0.115677,1,p:2.1.5.1.2.2
U2250,91,FUSE1,86070.0,86070.0,88781.1,2711.1,2711.1,333.3,0.122939,1,p:1.1.1.1.2.2
U2251,91,FUSE1,86097.4,86097.4,88961.1,2863.7,2863.7,333.3,0.116388,1,p:2.1.4.1.2.2
U2252,91,FUSE1,86212.8,86212.8,88944.9,2732.1,2732.1,333.3,0.121994,1,p:1.1.3.1.2.2
U2253,91,FUSE1,86220.2,86220.2,89005.9,2785.7,2785.7,333.3,0.119647,1,p:2.1.2.1.2.2
U2254,91,FUSE2,86363.2,86363.2,89119.1,2755.9,2755.9,365.7,0.132697,1,p:1.1.1.1.2.2
U2255,91,FUSE2,86403.0,86403.0,89276.9,2873.9,2873.9,365.7,0.127249,1,p:2.1.5.1.2.2
U2256,91,FUSE2,86408.0,86408.0,89299.1,2891.1,2891.1,365.7,0.126492,1,p:1.2.4.1.2.2
U2257,91,FUSE2,86550.8,86550.8,89282.9,2732.1,2732.1,365.7,0.133853,1,p:2.1.3.1.2.2
U2258,91,FUSE2,86558.2,86558.2,89343.9,2785.7,2785.7,365.7,0.131278,1,p:1.2.2.1.2.2
U2259,91,FUSE2,86701.2,86701.2,89457.1,2755.9,2755.9,365.7,0.132697,1,p:2.1.1.1.2.2
U2260,91,FUSE2,86741.0,86741.0,89614.9,2873.9,2873.9,365.7,0.127249,1,p:1.1.5.1.2.2
U2261,91,FUSE2,86746.0,86746.0,89637.1,2891.1,2891.1,365.7,0.126492,1,p:2.1.4.1.2.2
U3205,130,FUSE0,86888.8,86888.8,89526.5,2637.7,2637.7,271.3,0.102855,1,p:1.1.3.1.2.2
U3206,130,FUSE0,86896.2,86896.2,89587.5,2691.3,2691.3,271.3,0.100806,1,p:2.1.2.2.2.2
U3207,130,FUSE0,86944.8,86944.8,89700.7,2755.9,2755.9,271.3,0.098443,1,p:1.1.1.1.2.2
U3208,130,FUSE0,86984.6,86984.6,89770.1,2785.5,2785.5,271.3,0.097397,1,p:2.1.3.1.2.2
U3209,130,FUSE0,86989.6,86989.6,89858.5,2868.9,2868.9,271.3,0.094566,1,p:1.2.5.1.2.2
U3210,130,FUSE0,87132.4,87132.4,89831.1,2698.7,2698.7,271.3,0.10053,1,p:2.1.2.2.2.2
U3211,130,FUSE0,87139.8,87139.8,89880.7,2740.9,2740.9,271.3,0.098982,1,p:1.2.4.1.2.2
U3212,130,FUSE0,87188.4,87188.4,89944.3,2755.9,2755.9,271.3,0.098443,1,p:2.1.1.1.2.2
U3213,130,FUSE1,87228.2,87228.2,90075.7,2847.5,2847.5,333.3,0.11705,1,p:1.1.3.1.2.2
U3214,130,FUSE1,87295.2,87295.2,90164.1,2868.9,2868.9,333.3,0.116177,1,p:2.1.5.1.2.2
U3215,130,FUSE1,87438.0,87438.0,90136.7,2698.7,2698.7,333.3,0.123504,1,p:1.1.2.2.2.2
U3216,130,FUSE1,87445.4,87445.4,90186.3,2740.9,2740.9,333.3,0.121602,1,p:2.1.4.1.2.2
U3217,130,FUSE1,87494.0,87494.0,90249.9,2755.9,2755.9,333.3,0.120941,1,p:1.1.1.1.2.2
U3218,130,FUSE1,87533.8,87533.8,90381.3,2847.5,2847.5,333.3,0.11705,1,p:2.1.3.1.2.2
U3219,130,FUSE1,87600.8,87600.8,90469.7,2868.9,2868.9,333.3,0.116177,1,p:1.1.5.1.2.2
U3220,130,FUSE1,87776.0,87776.0,90442.3,2666.3,2666.3,333.3,0.125005,1,p:2.1.2.2.2.2
U3221,130,FUSE2,87783.4,87783.4,90524.3,2740.9,2740.9,365.7,0.133423,1,p:1.2.4.1.2.2
U3222,130,FUSE2,87799.6,87799.6,90587.9,2788.3,2788.3,365.7,0.131155,1,p:2.1.1.1.2.2
U3223,130,FUSE2,87871.8,87871.8,90719.3,2847.5,2847.5,365.7,0.128428,1,p:1.1.3.1.2.2
U3224,130,FUSE2,87938.8,87938.8,90807.7,2868.9,2868.9,365.7,0.12747,1,p:2.1.5.1.2.2
U3225,130,FUSE2,88019.6,88019.6,90780.3,2760.7,2760.7,365.7,0.132466,1,p:1.1.2.2.2.2
U3226,130,FUSE2,88115.4,88115.4,90862.3,2746.9,2746.9,365.7,0.133132,1,p:2.1.4.1.2.2
U3227,130,FUSE2,88121.4,88121.4,90925.9,2804.5,2804.5,365.7,0.130398,1,p:1.2.1.2.2.2
U6229,250,FUSE0,88137.6,88137.6,90962.9,2825.3,2825.3,271.3,0.096025,1,p:2.1.3.1.2.2
U6230,250,FUSE0,88182.4,88182.4,91051.3,2868.9,2868.9,271.3,0.094566,1,p:1.1.5.1.2.2
U6231,250,FUSE0,88263.2,88263.2,91023.9,2760.7,2760.7,271.3,0.098272,1,p:2.1.2.2.2.2
U6232,250,FUSE0,88359.0,88359.0,91105.9,2746.9,2746.9,271.3,0.098766,1,p:1.1.4.1.2.2
U6233,250,FUSE0,88365.0,88365.0,91169.5,2804.5,2804.5,271.3,0.096737,1,p:2.1.1.2.2.2
U6234,250,FUSE0,88381.2,88381.2,91206.5,2825.3,2825.3,271.3,0.096025,1,p:1.1.3.1.2.2
U6235,250,FUSE0,88426.0,88426.0,91294.9,2868.9,2868.9,271.3,0.094566,1,p:2.1.5.1.2.2
U6236,250,FUSE0,88506.8,88506.8,91267.5,2760.7,2760.7,271.3,0.098272,1,p:1.1.2.2.2.2
U6237,250,FUSE1,88664.6,88664.6,91411.5,2746.9,2746.9,333.3,0.121337,1,p:2.1.4.1.2.2
U6238,250,FUSE1,88670.6,88670.6,91512.1,2841.5,2841.5,333.3,0.117297,1,p:1.2.3.1.2.2
U6239,250,FUSE1,88686.8,88686.8,91475.1,2788.3,2788.3,333.3,0.119535,1,p:2.1.1.2.2.2
U6240,250,FUSE1,88731.6,88731.6,91600.5,2868.9,2868.9,333.3,0.116177,1,p:1.1.5.1.2.2
U6241,250,FUSE1,88812.4,88812.4,91573.1,2760.7,2760.7,333.3,0.12073,1,p:2.1.2.2.2.2
U6242,250,FUSE1,88970.2,88970.2,91717.1,2746.9,2746.9,333.3,0.121337,1,p:1.1.4.1.2.2
U6243,250,FUSE1,88976.2,88976.2,91780.7,2804.5,2804.5,333.3,0.118845,1,p:2.1.1.2.2.2
U6244,250,FUSE1,88992.4,88992.4,91817.7,2825.3,2825.3,333.3,0.11797,1,p:1.1.3.1.2.2
U6245,250,FUSE2,89037.2,89037.2,91938.5,2901.3,2901.3,365.7,0.126047,1,p:2.1.5.1.2.2
U6246,250,FUSE2,89150.4,89150.4,91911.1,2760.7,2760.7,365.7,0.132466,1,p:1.1.2.2.2.2
U6247,250,FUSE2,89308.2,89308.2,92055.1,2746.9,2746.9,365.7,0.133132,1,p:2.1.4.1.2.2
U6248,250,FUSE2,89314.2,89314.2,92155.7,2841.5,2841.5,365.7,0.1287,1,p:1.2.3.1.2.2
U6249,250,FUSE2,89330.4,89330.4,92118.7,2788.3,2788.3,365.7,0.131155,1,p:2.1.1.2.2.2
U6250,250,FUSE2,89375.2,89375.2,92276.5,2901.3,2901.3,365.7,0.126047,1,p:1.1.5.1.2.2
U6251,250,FUSE2,89488.4,89488.4,92249.1,2760.7,2760.7,365.7,0.132466,1,p:2.1.2.2.2.2
U6252,250,FUSE2,89557.8,89557.8,92393.1,2835.3,2835.3,365.7,0.128981,1,p:1.1.4.1.2.2
U6253,250,FUSE2,89618.8,89618.8,92497.3,2878.5,2878.5,365.7,0.127045,1,p:2.1.3.2.2.2
U207,9,FUSE0,89646.2,89646.2,92362.3,2716.1,2716.1,271.3,0.099886,1,p:1.1.1.2.2.2
U208,9,FUSE0,89668.4,89668.4,92520.1,2851.7,2851.7,271.3,0.095136,1,p:2.1.5.1.2.2
U209,9,FUSE0,89732.0,89732.0,92492.7,2760.7,2760.7,271.3,0.098272,1,p:1.1.2.2.2.2
U210,9,FUSE0,89801.4,89801.4,92636.7,2835.3,2835.3,271.3,0.095687,1,p:2.1.4.1.2.2
U211,9,FUSE0,89862.4,89862.4,92605.9,2743.5,2743.5,271.3,0.098888,1,p:1.1.1.2.2.2
U212,9,FUSE0,89889.8,89889.8,92763.7,2873.9,2873.9,271.3,0.094401,1,p:2.1.5.1.2.2
U213,9,FUSE0,89912.0,89912.0,92740.9,2828.9,2828.9,271.3,0.095903,1,p:1.1.3.2.2.2
U214,9,FUSE0,89975.6,89975.6,92736.3,2760.7,2760.7,271.3,0.098272,1,p:2.1.2.2.2.2
U215,9,FUSE1,90107.0,90107.0,92942.3,2835.3,2835.3,333.3,0.117554,1,p:1.1.4.1.2.2
U216,9,FUSE1,90168.0,90168.0,92911.5,2743.5,2743.5,333.3,0.121487,1,p:2.1.1.2.2.2
U217,9,FUSE1,90195.4,90195.4,93069.3,2873.9,2873.9,333.3,0.115975,1,p:1.1.5.1.2.2
U218,9,FUSE1,90217.6,90217.6,93046.5,2828.9,2828.9,333.3,0.11782,1,p:2.1.3.2.2.2
U219,9,FUSE1,90281.2,90281.2,93041.9,2760.7,2760.7,333.3,0.12073,1,p:1.1.2.2.2.2
U220,9,FUSE1,90412.6,90412.6,93247.9,2835.3,2835.3,333.3,0.117554,1,p:2.1.4.1.2.2
U221,9,FUSE1,90473.6,90473.6,93217.1,2743.5,2743.5,333.3,0.121487,1,p:1.1.1.2.2.2
U222,9,FUSE1,90501.0,90501.0,93374.9,2873.9,2873.9,333.3,0.115975,1,p:2.1.5.1.2.2
U223,9,FUSE2,90555.6,90555.6,93384.5,2828.9,2828.9,365.7,0.129273,1,p:1.1.3.1.2.2
U224,9,FUSE2,90619.2,90619.2,93379.9,2760.7,2760.7,365.7,0.132466,1,p:2.1.2.1.2.2
U225,9,FUSE2,90750.6,90750.6,93585.9,2835.3,2835.3,365.7,0.128981,1,p:1.1.4.1.2.2
U226,9,FUSE2,90811.6,90811.6,93555.1,2743.5,2743.5,365.7,0.133297,1,p:2.1.1.2.2.2
U227,9,FUSE2,90839.0,90839.0,93712.9,2873.9,2873.9,365.7,0.127249,1,p:1.1.5.1.2.2
U228,9,FUSE2,90893.6,90893.6,93722.5,2828.9,2828.9,365.7,0.129273,1,p:2.1.3.1.2.2
U229,9,FUSE2,90957.2,90957.2,93717.9,2760.7,2760.7,365.7,0.132466,1,p:1.1.2.1.2.2
U8011,321,FUSE0,90994.2,90994.2,93829.5,2835.3,2835.3,271.3,0.095687,1,p:2.1.4.1.2.2
U8012,321,FUSE0,91055.2,91055.2,93798.7,2743.5,2743.5,271.3,0.098888,1,p:1.1.1.2.2.2
U8013,321,FUSE0,91082.6,91082.6,93956.5,2873.9,2873.9,271.3,0.094401,1,p:2.1.5.1.2.2
U8014,321,FUSE0,91137.2,91137.2,93966.1,2828.9,2828.9,271.3,0.095903,1,p:1.1.3.1.2.2
U8015,321,FUSE0,91200.8,91200.8,93961.5,2760.7,2760.7,271.3,0.098272,1,p:2.1.2.1.2.2
U8016,321,FUSE0,91237.8,91237.8,94073.1,2835.3,2835.3,271.3,0.095687,1,p:1.1.4.1.2.2
U8017,321,FUSE0,91298.8,91298.8,94042.3,2743.5,2743.5,271.3,0.098888,1,p:2.1.1.2.2.2
U8018,321,FUSE0,91326.2,91326.2,94200.1,2873.9,2873.9,271.3,0.094401,1,p:1.1.5.1.2.2
U8019,321,FUSE0,91442.8,91442.8,94206.1,2763.3,2763.3,271.3,0.09818,1,p:2.1.3.1.2.2
U8020,321,FUSE1,91506.4,91506.4,94267.1,2760.7,2760.7,333.3,0.12073,1,p:1.1.2.1.2.2
U8021,321,FUSE1,91543.4,91543.4,94378.7,2835.3,2835.3,333.3,0.117554,1,p:2.1.4.1.2.2
U8022,321,FUSE1,91604.4,91604.4,94347.9,2743.5,2743.5,333.3,0.121487,1,p:1.1.1.2.2.2
U8023,321,FUSE1,91631.8,91631.8,94505.7,2873.9,2873.9,333.3,0.115975,1,p:2.1.5.1.2.2
U8024,321,FUSE1,91748.4,91748.4,94511.7,2763.3,2763.3,333.3,0.120617,1,p:1.1.3.1.2.2
U8025,321,FUSE1,91812.0,91812.0,94572.7,2760.7,2760.7,333.3,0.12073,1,p:2.1.2.1.2.2
U8026,321,FUSE1,91849.0,91849.0,94684.3,2835.3,2835.3,333.3,0.117554,1,p:1.1.4.1.2.2
U8027,321,FUSE1,91942.4,91942.4,94653.5,2711.1,2711.1,333.3,0.122939,1,p:2.1.1.2.2.2
U8028,321,FUSE1,91969.8,91969.8,94811.3,2841.5,2841.5,333.3,0.117297,1,p:1.1.5.1.2.2
U8029,321,FUSE2,92086.4,92086.4,94849.7,2763.3,2763.3,365.7,0.132342,1,p:2.1.3.1.2.2
U8030,321,FUSE2,92150.0,92150.0,94910.7,2760.7,2760.7,365.7,0.132466,1,p:1.1.2.1.2.2
U8031,321,FUSE2,92187.0,92187.0,95022.3,2835.3,2835.3,365.7,0.128981,1,p:2.1.4.1.2.2
U8032,321,FUSE2,92280.4,92280.4,94991.5,2711.1,2711.1,365.7,0.13489,1,p:1.1.1.2.2.2
U8033,321,FUSE2,92307.8,92307.8,95149.3,2841.5,2841.5,365.7,0.1287,1,p:2.1.5.1.2.2
U8034,321,FUSE2,92393.6,92393.6,95187.7,2794.1,2794.1,365.7,0.130883,1,p:1.1.3.1.2.2
U8035,321,FUSE2,92424.4,92424.4,95248.7,2824.3,2824.3,365.7,0.129483,1,p:2.1.2.1.2.2
U8036,321,FUSE2,92524.0,92524.0,95360.3,2836.3,2836.3,365.7,0.128936,1,p:1.1.4.1.2.2
U8037,321,FUSE2,92528.6,92528.6,95329.5,2800.9,2800.9,365.7,0.130565,1,p:2.1.1.2.2.2
U8038,321,FUSE2,92551.4,92551.4,95487.3,2935.9,2935.9,365.7,0.124561,1,p:1.1.5.1.2.2
U2755,112,FUSE0,92637.2,92637.2,95431.3,2794.1,2794.1,271.3,0.097097,1,p:2.1.3.1.2.2
U2756,112,FUSE0,92668.0,92668.0,95492.3,2824.3,2824.3,271.3,0.096059,1,p:1.1.2.1.2.2
U2757,112,FUSE0,92767.6,92767.6,95603.9,2836.3,2836.3,271.3,0.095653,1,p:2.1.4.1.2.2
U2758,112,FUSE0,92772.2,92772.2,95573.1,2800.9,2800.9,271.3,0.096862,1,p:1.2.1.2.2.2
U2759,112,FUSE0,92795.0,92795.0,95674.9,2879.9,2879.9,271.3,0.094205,1,p:2.1.3.1.2.2
U2760,112,FUSE0,92942.8,92942.8,95730.9,2788.1,2788.1,271.3,0.097306,1,p:1.1.5.1.2.2
U2761,112,FUSE0,92973.6,92973.6,95735.9,2762.3,2762.3,271.3,0.098215,1,p:2.1.2.1.2.2
U2762,112,FUSE1,93073.2,93073.2,95909.5,2836.3,2836.3,333.3,0.117512,1,p:1.1.4.1.2.2
U2763,112,FUSE1,93077.8,93077.8,95878.7,2800.9,2800.9,333.3,0.118997,1,p:2.1.1.2.2.2
U2764,112,FUSE1,93100.6,93100.6,95980.5,2879.9,2879.9,333.3,0.115733,1,p:1.1.3.1.2.2
U2765,112,FUSE1,93248.4,93248.4,96036.5,2788.1,2788.1,333.3,0.119544,1,p:2.1.5.1.2.2
U2766,112,FUSE1,93279.2,93279.2,96041.5,2762.3,2762.3,333.3,0.12066,1,p:1.1.2.1.2.2
U2767,112,FUSE1,93406.2,93406.2,96215.1,2808.9,2808.9,333.3,0.118659,1,p:2.1.4.1.2.2
U2768,112,FUSE1,93411.2,93411.2,96184.3,2773.1,2773.1,333.3,0.12019,1,p:1.2.1.2.2.2
U2769,112,FUSE2,93415.8,93415.8,96318.5,2902.7,2902.7,365.7,0.125986,1,p:2.1.3.1.2.2
U2770,112,FUSE2,93586.4,93586.4,96374.5,2788.1,2788.1,365.7,0.131165,1,p:1.1.5.1.2.2
U2771,112,FUSE2,93617.2,93617.2,96379.5,2762.3,2762.3,365.7,0.13239,1,p:2.1.2.1.2.2
U2772,112,FUSE2,93744.2,93744.2,96553.1,2808.9,2808.9,365.7,0.130193,1,p:1.1.4.1.2.2
U2773,112,FUSE2,93749.2,93749.2,96522.3,2773.1,2773.1,365.7,0.131874,1,p:2.1.1.2.2.2
U2774,112,FUSE2,93753.8,93753.8,96656.5,2902.7,2902.7,365.7,0.125986,1,p:1.2.3.1.2.2
U2775,112,FUSE2,93830.0,93830.0,96712.5,2882.5,2882.5,365.7,0.126869,1,p:2.1.5.1.2.2
U2776,112,FUSE2,93860.8,93860.8,96717.5,2856.7,2856.7,365.7,0.128015,1,p:1.1.2.1.2.2
U2777,112,FUSE2,93987.8,93987.8,96891.1,2903.3,2903.3,365.7,0.12596,1,p:2.1.4.1.2.2
U8641,346,FUSE0,93992.8,93992.8,96765.9,2773.1,2773.1,271.3,0.097833,1,p:1.2.1.1.2.2
U8642,346,FUSE0,93997.4,93997.4,96900.1,2902.7,2902.7,271.3,0.093465,1,p:2.1.3.1.2.2
U8643,346,FUSE0,94073.6,94073.6,96956.1,2882.5,2882.5,271.3,0.09412,1,p:1.1.5.1.2.2
U8644,346,FUSE0,94104.4,94104.4,96961.1,2856.7,2856.7,271.3,0.09497,1,p:2.1.2.1.2.2
U8645,346,FUSE0,94231.4,94231.4,97009.5,2778.1,2778.1,271.3,0.097657,1,p:1.1.1.1.2.2
U8646,346,FUSE0,94237.4,94237.4,97134.7,2897.3,2897.3,271.3,0.093639,1,p:2.1.4.1.2.2
U8647,346,FUSE0,94298.4,94298.4,97143.7,2845.3,2845.3,271.3,0.09535,1,p:1.1.3.1.2.2
U8648,346,FUSE0,94379.2,94379.2,97199.7,2820.5,2820.5,271.3,0.096189,1,p:2.1.5.1.2.2
U8649,346,FUSE0,94410.0,94410.0,97204.7,2794.7,2794.7,271.3,0.097077,1,p:1.1.2.1.2.2
U8650,346,FUSE0,94537.0,94537.0,97253.1,2716.1,2716.1,271.3,0.099886,1,p:2.1.1.1.2.2
U8651,346,FUSE1,94543.0,94543.0,97440.3,2897.3,2897.3,333.3,0.115038,1,p:1.2.4.1.2.2
U8652,346,FUSE1,94604.0,94604.0,97449.3,2845.3,2845.3,333.3,0.117141,1,p:2.1.3.1.2.2
U8653,346,FUSE1,94684.8,94684.8,97505.3,2820.5,2820.5,333.3,0.118171,1,p:1.1.5.1.2.2
U8654,346,FUSE1,94715.6,94715.6,97510.3,2794.7,2794.7,333.3,0.119261,1,p:2.1.2.1.2.2
U8655,346,FUSE1,94842.6,94842.6,97558.7,2716.1,2716.1,333.3,0.122713,1,p:1.1.1.1.2.2
U8656,346,FUSE1,94881.0,94881.0,97745.9,2864.9,2864.9,333.3,0.116339,1,p:2.1.4.1.2.2
U8657,346,FUSE1,94942.0,94942.0,97754.9,2812.9,2812.9,333.3,0.11849,1,p:1.1.3.1.2.2
U8658,346,FUSE1,95022.8,95022.8,97810.9,2788.1,2788.1,333.3,0.119544,1,p:2.1.5.1.2.2
U8659,346,FUSE1,95053.6,95053.6,97815.9,2762.3,2762.3,333.3,0.12066,1,p:1.1.2.1.2.2
U8660,346,FUSE1,95180.6,95180.6,97864.3,2683.7,2683.7,333.3,0.124194,1,p:2.1.1.1.2.2
U8661,346,FUSE2,95219.0,95219.0,98083.9,2864.9,2864.9,365.7,0.127648,1,p:1.1.4.1.2.2
U8662,346,FUSE2,95280.0,95280.0,98092.9,2812.9,2812.9,365.7,0.130008,1,p:2.1.3.1.2.2
U8663,346,FUSE2,95360.8,95360.8,98148.9,2788.1,2788.1,365.7,0.131165,1,p:1.1.5.1.2.2
U8664,346,FUSE2,95391.6,95391.6,98153.9,2762.3,2762.3,365.7,0.13239,1,p:2.1.2.1.2.2
U8665,346,FUSE2,95462.6,95462.6,98202.3,2739.7,2739.7,365.7,0.133482,1,p:1.1.1.1.2.2
U8666,346,FUSE2,95518.6,95518.6,98421.9,2903.3,2903.3,365.7,0.12596,1,p:2.1.4.1.2.2
U8667,346,FUSE2,95523.6,95523.6,98430.9,2907.3,2907.3,365.7,0.125787,1,p:1.2.3.1.2.2
U8668,346,FUSE2,95604.4,95604.4,98486.9,2882.5,2882.5,365.7,0.126869,1,p:2.1.5.1.2.2
U8669,346,FUSE2,95635.2,95635.2,98491.9,2856.7,2856.7,365.7,0.128015,1,p:1.1.2.1.2.2
U8670,346,FUSE2,95706.2,95706.2,98540.3,2834.1,2834.1,365.7,0.129036,1,p:2.1.1.1.2.2
U8671,346,FUSE2,95762.2,95762.2,98759.9,2997.7,2997.7,365.7,0.121994,1,p:1.1.4.1.2.2
U399,17,FUSE0,95767.2,95767.2,98674.5,2907.3,2907.3,271.3,0.093317,1,p:2.1.3.1.2.2
U400,17,FUSE0,95910.0,95910.0,98730.5,2820.5,2820.5,271.3,0.096189,1,p:1.1.5.1.2.2
U401,17,FUSE0,95940.8,95940.8,98735.5,2794.7,2794.7,271.3,0.097077,1,p:2.1.2.2.2.2
U402,17,FUSE0,96011.8,96011.8,98783.9,2772.1,2772.1,271.3,0.097868,1,p:1.1.1.1.2.2
U403,17,FUSE0,96067.8,96067.8,98918.1,2850.3,2850.3,271.3,0.095183,1,p:2.1.3.1.2.2
U404,17,FUSE0,96072.8,96072.8,98974.1,2901.3,2901.3,271.3,0.09351,1,p:1.2.5.1.2.2
U405,17,FUSE0,96215.6,96215.6,99003.5,2787.9,2787.9,271.3,0.097313,1,p:2.1.4.1.2.2
U406,17,FUSE1,96246.4,96246.4,99041.1,2794.7,2794.7,333.3,0.119261,1,p:1.1.2.1.2.2
U407,17,FUSE1,96349.8,96349.8,99089.5,2739.7,2739.7,333.3,0.121656,1,p:2.1.1.1.2.2
U408,17,FUSE1,96405.8,96405.8,99223.7,2817.9,2817.9,333.3,0.11828,1,p:1.1.3.1.2.2
U409,17,FUSE1,96410.8,96410.8,99279.7,2868.9,2868.9,333.3,0.116177,1,p:2.1.5.1.2.2
U410,17,FUSE1,96553.6,96553.6,99309.1,2755.5,2755.5,333.3,0.120958,1,p:1.1.4.1.2.2
U411,17,FUSE1,96584.4,96584.4,99346.7,2762.3,2762.3,333.3,0.12066,1,p:2.1.2.1.2.2
U412,17,FUSE1,96687.8,96687.8,99395.1,2707.3,2707.3,333.3,0.123112,1,p:1.1.1.1.2.2
U413,17,FUSE2,96743.8,96743.8,99561.7,2817.9,2817.9,365.7,0.129777,1,p:2.1.3.1.2.2
U414,17,FUSE2,96748.8,96748.8,99617.7,2868.9,2868.9,365.7,0.12747,1,p:1.2.5.1.2.2
U415,17,FUSE2,96797.2,96797.2,99647.1,2849.9,2849.9,365.7,0.12832,1,p:2.1.4.1.2.2
U416,17,FUSE2,96922.4,96922.4,99684.7,2762.3,2762.3,365.7,0.13239,1,p:1.1.2.1.2.2
U417,17,FUSE2,96931.4,96931.4,99733.1,2801.7,2801.7,365.7,0.130528,1,p:2.1.1.1.2.2
U418,17,FUSE2,96987.4,96987.4,99899.7,2912.3,2912.3,365.7,0.125571,1,p:1.1.3.1.2.2
U419,17,FUSE2,96992.4,96992.4,99955.7,2963.3,2963.3,365.7,0.12341,1,p:2.1.5.1.2.2
U420,17,FUSE2,97040.8,97040.8,99985.1,2944.3,2944.3,365.7,0.124206,1,p:1.1.4.1.2.2
U5480,220,FUSE0,97166.0,97166.0,99928.3,2762.3,2762.3,271.3,0.098215,1,p:2.1.2.2.2.2
U5481,220,FUSE0,97175.0,97175.0,99976.7,2801.7,2801.7,271.3,0.096834,1,p:1.2.1.1.2.2
U5482,220,FUSE0,97231.0,97231.0,100143.3,2912.3,2912.3,271.3,0.093157,1,p:2.1.3.1.2.2
U5483,220,FUSE0,97236.0,97236.0,100199.3,2963.3,2963.3,271.3,0.091553,1,p:1.2.5.1.2.2
U5484,220,FUSE0,97284.4,97284.4,100171.9,2887.5,2887.5,271.3,0.093957,1,p:2.1.2.2.2.2
U5485,220,FUSE0,97471.6,97471.6,100228.7,2757.1,2757.1,271.3,0.0984,1,p:1.1.4.1.2.2
U5486,220,FUSE0,97480.6,97480.6,100220.3,2739.7,2739.7,271.3,0.099025,1,p:2.1.1.1.2.2
U5487,220,FUSE0,97536.6,97536.6,100386.9,2850.3,2850.3,271.3,0.095183,1,p:1.1.3.1.2.2
U5488,220,FUSE1,97541.6,97541.6,100504.9,2963.3,2963.3,333.3,0.112476,1,p:2.1.5.1.2.2
U5489,220,FUSE1,97590.0,97590.0,100477.5,2887.5,2887.5,333.3,0.115429,1,p:1.1.2.2.2.2
U5490,220,FUSE1,97777.2,97777.2,100534.3,2757.1,2757.1,333.3,0.120888,1,p:2.1.4.1.2.2
U5491,220,FUSE1,97786.2,97786.2,100525.9,2739.7,2739.7,333.3,0.121656,1,p:1.2.1.1.2.2
U5492,220,FUSE1,97842.2,97842.2,100692.5,2850.3,2850.3,333.3,0.116935,1,p:2.1.3.1.2.2
U5493,220,FUSE1,97847.2,97847.2,100810.5,2963.3,2963.3,333.3,0.112476,1,p:1.2.5.1.2.2
U5494,220,FUSE1,97895.6,97895.6,100783.1,2887.5,2887.5,333.3,0.115429,1,p:2.1.2.2.2.2
U5495,220,FUSE1,98115.2,98115.2,100839.9,2724.7,2724.7,333.3,0.122325,1,p:1.1.4.1.2.2
U5496,220,FUSE2,98124.2,98124.2,100863.9,2739.7,2739.7,365.7,0.133482,1,p:2.1.1.1.2.2
U5497,220,FUSE2,98180.2,98180.2,101030.5,2850.3,2850.3,365.7,0.128302,1,p:1.1.3.1.2.2
U5498,220,FUSE2,98185.2,98185.2,101148.5,2963.3,2963.3,365.7,0.12341,1,p:2.1.5.1.2.2
U5499,220,FUSE2,98233.6,98233.6,101121.1,2887.5,2887.5,365.7,0.126649,1,p:1.1.2.2.2.2
U5500,220,FUSE2,98453.2,98453.2,101177.9,2724.7,2724.7,365.7,0.134217,1,p:2.1.4.1.2.2
U5501,220,FUSE2,98462.2,98462.2,101201.9,2739.7,2739.7,365.7,0.133482,1,p:1.2.1.1.2.2
U5502,220,FUSE2,98518.2,98518.2,101369.3,2851.1,2851.1,365.7,0.128266,1,p:2.1.3.2.2.2
U6098,245,FUSE0,98523.2,98523.2,101392.1,2868.9,2868.9,271.3,0.094566,1,p:1.2.5.1.2.2
U6099,245,FUSE0,98571.6,98571.6,101364.7,2793.1,2793.1,271.3,0.097132,1,p:2.1.2.2.2.2
U6100,245,FUSE0,98705.8,98705.8,101421.5,2715.7,2715.7,271.3,0.099901,1,p:1.1.4.1.2.2
U6101,245,FUSE0,98761.8,98761.8,101445.5,2683.7,2683.7,271.3,0.101092,1,p:2.1.1.1.2.2
U6102,245,FUSE0,98766.8,98766.8,101635.7,2868.9,2868.9,271.3,0.094566,1,p:1.2.5.1.2.2
U6103,245,FUSE0,98791.2,98791.2,101612.9,2821.7,2821.7,271.3,0.096148,1,p:2.1.3.2.2.2
U6104,245,FUSE0,98815.2,98815.2,101608.3,2793.1,2793.1,271.3,0.097132,1,p:1.1.2.2.2.2
U6105,245,FUSE0,98949.4,98949.4,101665.1,2715.7,2715.7,271.3,0.099901,1,p:2.1.4.1.2.2
U6106,245,FUSE0,99005.4,99005.4,101689.1,2683.7,2683.7,271.3,0.101092,1,p:1.1.1.1.2.2
U6107,245,FUSE1,99034.8,99034.8,101941.3,2906.5,2906.5,333.3,0.114674,1,p:2.1.5.1.2.2
U6108,245,FUSE1,99072.4,99072.4,101918.5,2846.1,2846.1,333.3,0.117108,1,p:1.1.3.2.2.2
U6109,245,FUSE1,99120.8,99120.8,101913.9,2793.1,2793.1,333.3,0.11933,1,p:2.1.2.2.2.2
U6110,245,FUSE1,99255.0,99255.0,101970.7,2715.7,2715.7,333.3,0.122731,1,p:1.1.4.1.2.2
U6111,245,FUSE1,99311.0,99311.0,101994.7,2683.7,2683.7,333.3,0.124194,1,p:2.1.1.1.2.2
U6112,245,FUSE1,99340.4,99340.4,102246.9,2906.5,2906.5,333.3,0.114674,1,p:1.1.5.1.2.2
U6113,245,FUSE1,99378.0,99378.0,102224.1,2846.1,2846.1,333.3,0.117108,1,p:2.1.3.2.2.2
U6114,245,FUSE1,99426.4,99426.4,102219.5,2793.1,2793.1,333.3,0.11933,1,p:1.1.2.2.2.2
U6115,245,FUSE1,99593.0,99593.0,102276.3,2683.3,2683.3,333.3,0.124213,1,p:2.1.4.1.2.2
U6116,245,FUSE2,99649.0,99649.0,102332.7,2683.7,2683.7,365.7,0.136267,1,p:1.1.1.1.2.2
U6117,245,FUSE2,99678.4,99678.4,102584.9,2906.5,2906.5,365.7,0.125821,1,p:2.1.5.1.2.2
U6118,245,FUSE2,99716.0,99716.0,102562.1,2846.1,2846.1,365.7,0.128492,1,p:1.1.3.2.2.2
U6119,245,FUSE2,99764.4,99764.4,102557.5,2793.1,2793.1,365.7,0.13093,1,p:2.1.2.2.2.2
U6120,245,FUSE2,99931.0,99931.0,102614.3,2683.3,2683.3,365.7,0.136287,1,p:1.1.4.1.2.2
U6121,245,FUSE2,99959.6,99959.6,102670.7,2711.1,2711.1,365.7,0.13489,1,p:2.1.1.1.2.2
U6122,245,FUSE2,99987.0,99987.0,102922.9,2935.9,2935.9,365.7,0.124561,1,p:1.1.5.1.2.2
U6123,245,FUSE2,100008.0,100008.0,102899.3,2891.3,2891.3,365.7,0.126483,1,p:2.1.3.2.2.2
U6124,245,FUSE2,100016.4,100016.4,102935.5,2919.1,2919.1,365.7,0.125278,1,p:1.2.2.2.1.2
U7679,308,FUSE0,100174.6,100174.6,102857.9,2683.3,2683.3,271.3,0.101107,1,p:2.1.4.1.2.2
U7680,308,FUSE0,100203.2,100203.2,102914.3,2711.1,2711.1,271.3,0.10007,1,p:1.1.1.1.2.2
U7681,308,FUSE0,100230.6,100230.6,103101.5,2870.9,2870.9,271.3,0.0945,1,p:2.1.4.1.2.2
U7682,308,FUSE0,100251.6,100251.6,103166.5,2914.9,2914.9,271.3,0.093074,1,p:1.1.5.1.2.2
U7683,308,FUSE0,100260.0,100260.0,103142.9,2882.9,2882.9,271.3,0.094107,1,p:2.1.3.2.2.2
U7684,308,FUSE0,100418.2,100418.2,103179.1,2760.9,2760.9,271.3,0.098265,1,p:1.1.2.2.1.2
U7685,308,FUSE0,100508.8,100508.8,103157.9,2649.1,2649.1,271.3,0.102412,1,p:2.1.1.1.2.2
U7686,308,FUSE0,100536.2,100536.2,103345.1,2808.9,2808.9,271.3,0.096586,1,p:1.1.4.1.2.2
U7687,308,FUSE1,100557.2,100557.2,103472.1,2914.9,2914.9,333.3,0.114344,1,p:2.1.5.1.2.2
U7688,308,FUSE1,100565.6,100565.6,103448.5,2882.9,2882.9,333.3,0.115613,1,p:1.2.3.2.2.2
U7689,308,FUSE1,100723.8,100723.8,103484.7,2760.9,2760.9,333.3,0.120722,1,p:2.1.2.2.1.2
U7690,308,FUSE1,100814.4,100814.4,103463.5,2649.1,2649.1,333.3,0.125816,1,p:1.1.1.1.2.2
U7691,308,FUSE1,100841.8,100841.8,103650.7,2808.9,2808.9,333.3,0.118659,1,p:2.1.4.1.2.2
U7692,308,FUSE1,100871.2,100871.2,103777.7,2906.5,2906.5,333.3,0.114674,1,p:1.1.5.1.2.2
U7693,308,FUSE1,100895.2,100895.2,103754.9,2859.7,2859.7,333.3,0.116551,1,p:2.1.3.2.2.2
U7694,308,FUSE1,101061.8,101061.8,103750.3,2688.5,2688.5,333.3,0.123972,1,p:1.1.2.2.2.2
U7695,308,FUSE2,101152.4,101152.4,103801.5,2649.1,2649.1,365.7,0.138047,1,p:2.1.1.1.2.2
U7696,308,FUSE2,101179.8,101179.8,103988.7,2808.9,2808.9,365.7,0.130193,1,p:1.1.4.1.2.2
U7697,308,FUSE2,101209.2,101209.2,104115.7,2906.5,2906.5,365.7,0.125821,1,p:2.1.5.1.2.2
U7698,308,FUSE2,101233.2,101233.2,104092.9,2859.7,2859.7,365.7,0.127881,1,p:1.1.3.2.2.2
U7699,308,FUSE2,101396.0,101396.0,104088.3,2692.3,2692.3,365.7,0.135832,1,p:2.1.2.2.2.2
U7700,308,FUSE2,101400.6,101400.6,104139.5,2738.9,2738.9,365.7,0.133521,1,p:1.2.1.1.2.2
U7701,308,FUSE2,101423.4,101423.4,104326.7,2903.3,2903.3,365.7,0.12596,1,p:2.1.4.1.2.2
U7702,308,FUSE2,101452.8,101452.8,104453.7,3000.9,3000.9,365.7,0.121863,1,p:1.1.5.1.2.2
U7703,308,FUSE2,101476.8,101476.8,104430.1,2953.3,2953.3,365.7,0.123828,1,p:2.1.3.2.2.2
U5093,204,FUSE0,101639.6,101639.6,104331.9,2692.3,2692.3,271.3,0.100769,1,p:1.1.2.1.2.2
U5094,204,FUSE0,101644.2,101644.2,104383.1,2738.9,2738.9,271.3,0.099054,1,p:2.1.1.2.2.2
U5095,204,FUSE0,101667.0,101667.0,104570.3,2903.3,2903.3,271.3,0.093445,1,p:1.1.4.1.2.2
U5096,204,FUSE0,101696.4,101696.4,104575.5,2879.1,2879.1,271.3,0.094231,1,p:2.1.2.1.2.2
U5097,204,FUSE0,101720.4,101720.4,104697.3,2976.9,2976.9,271.3,0.091135,1,p:1.1.5.1.2.2
U5098,204,FUSE0,101945.2,101945.2,104626.7,2681.5,2681.5,271.3,0.101175,1,p:2.1.1.2.2.2
U5099,204,FUSE0,101949.8,101949.8,104673.7,2723.9,2723.9,271.3,0.0996,1,p:1.2.3.2.2.2
U5100,204,FUSE0,101972.6,101972.6,104813.9,2841.3,2841.3,271.3,0.095484,1,p:2.1.4.1.2.2
U5101,204,FUSE1,102002.0,102002.0,104881.1,2879.1,2879.1,333.3,0.115765,1,p:1.1.2.1.2.2
U5102,204,FUSE1,102026.0,102026.0,105002.9,2976.9,2976.9,333.3,0.111962,1,p:2.1.5.1.2.2
U5103,204,FUSE1,102250.8,102250.8,104932.3,2681.5,2681.5,333.3,0.124296,1,p:1.1.1.2.2.2
U5104,204,FUSE1,102255.4,102255.4,104979.3,2723.9,2723.9,333.3,0.122361,1,p:2.1.3.2.2.2
U5105,204,FUSE1,102278.2,102278.2,105119.5,2841.3,2841.3,333.3,0.117305,1,p:1.1.4.1.2.2
U5106,204,FUSE1,102307.6,102307.6,105186.7,2879.1,2879.1,333.3,0.115765,1,p:2.1.2.1.2.2
U5107,204,FUSE1,102364.0,102364.0,105308.5,2944.5,2944.5,333.3,0.113194,1,p:1.1.5.1.2.2
U5108,204,FUSE1,102588.8,102588.8,105237.9,2649.1,2649.1,333.3,0.125816,1,p:2.1.1.2.2.2
U5109,204,FUSE2,102593.4,102593.4,105317.3,2723.9,2723.9,365.7,0.134256,1,p:1.2.3.1.2.2
U5110,204,FUSE2,102616.2,102616.2,105457.5,2841.3,2841.3,365.7,0.128709,1,p:2.1.4.1.2.2
U5111,204,FUSE2,102645.6,102645.6,105524.7,2879.1,2879.1,365.7,0.127019,1,p:1.1.2.1.2.2
U5112,204,FUSE2,102702.0,102702.0,105646.5,2944.5,2944.5,365.7,0.124198,1,p:2.1.5.1.2.2
U5113,204,FUSE2,102889.2,102889.2,105575.9,2686.7,2686.7,365.7,0.136115,1,p:1.1.1.2.2.2
U5114,204,FUSE2,102930.6,102930.6,105795.5,2864.9,2864.9,365.7,0.127648,1,p:2.1.4.1.2.2
U5115,204,FUSE2,102945.6,102945.6,105655.3,2709.7,2709.7,365.7,0.13496,1,p:1.1.3.1.2.2
U5900,237,FUSE0,102954.2,102954.2,105890.1,2935.9,2935.9,271.3,0.092408,1,p:2.1.5.1.2.2
U5901,237,FUSE0,102966.8,102966.8,105768.3,2801.5,2801.5,271.3,0.096841,1,p:1.1.2.2.2.2
U5902,237,FUSE0,103132.8,103132.8,105819.5,2686.7,2686.7,271.3,0.100979,1,p:2.1.1.2.2.2
U5903,237,FUSE0,103174.2,103174.2,105898.9,2724.7,2724.7,271.3,0.099571,1,p:1.1.3.1.2.2
U5904,237,FUSE0,103189.2,103189.2,106039.1,2849.9,2849.9,271.3,0.095196,1,p:2.1.4.1.2.2
U5905,237,FUSE0,103197.8,103197.8,106011.9,2814.1,2814.1,271.3,0.096407,1,p:1.2.2.2.2.2
U5906,237,FUSE0,103210.4,103210.4,106133.7,2923.3,2923.3,271.3,0.092806,1,p:2.1.5.1.2.2
U5907,237,FUSE0,103376.4,103376.4,106063.1,2686.7,2686.7,271.3,0.100979,1,p:1.1.1.2.2.2
U5908,237,FUSE0,103479.8,103479.8,106282.7,2802.9,2802.9,271.3,0.096793,1,p:2.1.4.1.2.2
U5909,237,FUSE0,103494.8,103494.8,106142.5,2647.7,2647.7,271.3,0.102466,1,p:1.1.3.1.2.2
U5910,237,FUSE1,103503.4,103503.4,106439.3,2935.9,2935.9,333.3,0.113526,1,p:2.1.5.1.2.2
U5911,237,FUSE1,103516.0,103516.0,106317.5,2801.5,2801.5,333.3,0.118972,1,p:1.1.2.1.2.2
U5912,237,FUSE1,103682.0,103682.0,106368.7,2686.7,2686.7,333.3,0.124056,1,p:2.1.1.2.2.2
U5913,237,FUSE1,103781.6,103781.6,106448.1,2666.5,2666.5,333.3,0.124995,1,p:1.1.3.1.2.2
U5914,237,FUSE1,103786.2,103786.2,106588.3,2802.1,2802.1,333.3,0.118947,1,p:2.1.4.1.2.2
U5915,237,FUSE1,103809.0,103809.0,106623.1,2814.1,2814.1,333.3,0.118439,1,p:1.1.2.1.2.2
U5916,237,FUSE1,103832.8,103832.8,106744.9,2912.1,2912.1,333.3,0.114453,1,p:2.1.5.1.2.2
U5917,237,FUSE1,104020.0,104020.0,106674.3,2654.3,2654.3,333.3,0.12557,1,p:1.1.1.2.2.2
U5918,237,FUSE1,104119.6,104119.6,106753.7,2634.1,2634.1,333.3,0.126533,1,p:2.1.3.1.2.2
U5919,237,FUSE1,104124.2,104124.2,106893.9,2769.7,2769.7,333.3,0.120338,1,p:1.2.4.1.2.2
U5920,237,FUSE2,104147.0,104147.0,106961.1,2814.1,2814.1,365.7,0.129953,1,p:2.1.2.1.2.2
U5921,237,FUSE2,104170.8,104170.8,107082.9,2912.1,2912.1,365.7,0.125579,1,p:1.1.5.1.2.2
U5922,237,FUSE2,104358.0,104358.0,107012.3,2654.3,2654.3,365.7,0.137776,1,p:2.1.1.2.2.2
U5923,237,FUSE2,104363.2,104363.2,107091.7,2728.5,2728.5,365.7,0.13403,1,p:1.2.3.1.2.2
U5924,237,FUSE2,104414.4,104414.4,107231.9,2817.5,2817.5,365.7,0.129796,1,p:2.1.4.1.2.2
U5925,237,FUSE2,104461.4,104461.4,107299.1,2837.7,2837.7,365.7,0.128872,1,p:1.1.2.1.2.2
U5926,237,FUSE2,104485.0,104485.0,107420.9,2935.9,2935.9,365.7,0.124561,1,p:2.1.5.1.2.2
U5927,237,FUSE2,104601.6,104601.6,107350.3,2748.7,2748.7,365.7,0.133045,1,p:1.1.1.2.2.2
U5928,237,FUSE2,104606.8,104606.8,107429.7,2822.9,2822.9,365.7,0.129548,1,p:2.1.3.1.2.2
U275,12,FUSE0,104658.0,104658.0,107475.5,2817.5,2817.5,271.3,0.096291,1,p:1.1.4.1.2.2
U276,12,FUSE0,104705.0,104705.0,107542.7,2837.7,2837.7,271.3,0.095606,1,p:2.1.2.1.2.2
U277,12,FUSE0,104728.6,104728.6,107664.5,2935.9,2935.9,271.3,0.092408,1,p:1.1.5.1.2.2
U278,12,FUSE0,104845.2,104845.2,107593.9,2748.7,2748.7,271.3,0.098701,1,p:2.1.1.2.2.2
U279,12,FUSE0,104912.4,104912.4,107673.3,2760.9,2760.9,271.3,0.098265,1,p:1.1.3.1.2.2
U280,12,FUSE0,104963.6,104963.6,107719.1,2755.5,2755.5,271.3,0.098458,1,p:2.1.4.1.2.2
U281,12,FUSE0,105010.6,105010.6,107786.3,2775.7,2775.7,271.3,0.097741,1,p:1.1.2.1.2.2
U282,12,FUSE0,105034.2,105034.2,107908.1,2873.9,2873.9,271.3,0.094401,1,p:2.1.5.1.2.2
U283,12,FUSE1,105150.8,105150.8,107899.5,2748.7,2748.7,333.3,0.121257,1,p:1.1.1.1.2.2
U284,12,FUSE1,105218.0,105218.0,107978.9,2760.9,2760.9,333.3,0.120722,1,p:2.1.3.1.2.2
U285,12,FUSE1,105269.2,105269.2,108024.7,2755.5,2755.5,333.3,0.120958,1,p:1.1.4.1.2.2
U286,12,FUSE1,105339.8,105339.8,108091.9,2752.1,2752.1,333.3,0.121108,1,p:2.1.2.1.2.2
U287,12,FUSE1,105348.6,105348.6,108213.7,2865.1,2865.1,333.3,0.116331,1,p:1.2.5.1.2.2
U288,12,FUSE1,105488.8,105488.8,108205.1,2716.3,2716.3,333.3,0.122704,1,p:2.1.1.1.2.2
U289,12,FUSE1,105556.0,105556.0,108284.5,2728.5,2728.5,333.3,0.122155,1,p:1.1.3.1.2.2
U290,12,FUSE1,105607.2,105607.2,108330.3,2723.1,2723.1,333.3,0.122397,1,p:2.1.4.1.2.2
U291,12,FUSE2,105677.8,105677.8,108429.9,2752.1,2752.1,365.7,0.13288,1,p:1.1.2.1.2.2
U292,12,FUSE2,105686.6,105686.6,108551.7,2865.1,2865.1,365.7,0.12764,1,p:2.1.5.1.2.2
U293,12,FUSE2,105799.6,105799.6,108543.1,2743.5,2743.5,365.7,0.133297,1,p:1.1.1.1.2.2
U294,12,FUSE2,105826.8,105826.8,108622.5,2795.7,2795.7,365.7,0.130808,1,p:2.1.3.1.2.2
U295,12,FUSE2,105850.8,105850.8,108668.3,2817.5,2817.5,365.7,0.129796,1,p:1.1.4.1.2.2
U296,12,FUSE2,105921.4,105921.4,108767.9,2846.5,2846.5,365.7,0.128474,1,p:2.1.2.1.2.2
U297,12,FUSE2,105930.2,105930.2,108889.7,2959.5,2959.5,365.7,0.123568,1,p:1.2.5.1.2.2
U298,12,FUSE2,106043.2,106043.2,108881.1,2837.9,2837.9,365.7,0.128863,1,p:2.1.1.2.2.2
U299,12,FUSE2,106070.4,106070.4,108960.5,2890.1,2890.1,365.7,0.126535,1,p:1.1.3.1.2.2
U029,2,FUSE0,106094.4,106094.4,108911.9,2817.5,2817.5,271.3,0.096291,1,p:2.1.4.1.2.2
U030,2,FUSE0,106165.0,106165.0,109011.5,2846.5,2846.5,271.3,0.09531,1,p:1.1.2.1.2.2
U031,2,FUSE0,106173.8,106173.8,109133.3,2959.5,2959.5,271.3,0.091671,1,p:2.1.5.1.2.2
U032,2,FUSE0,106314.0,106314.0,109155.5,2841.5,2841.5,271.3,0.095478,1,p:1.1.4.1.2.2
U033,2,FUSE0,106348.8,106348.8,109124.7,2775.9,2775.9,271.3,0.097734,1,p:2.1.1.2.2.2
U034,2,FUSE0,106400.0,106400.0,109204.1,2804.1,2804.1,271.3,0.096751,1,p:1.1.3.1.2.2
U035,2,FUSE0,106470.6,106470.6,109255.1,2784.5,2784.5,271.3,0.097432,1,p:2.1.2.1.2.2
U036,2,FUSE0,106479.4,106479.4,109376.9,2897.5,2897.5,271.3,0.093632,1,p:1.2.5.1.2.2
U037,2,FUSE0,106619.6,106619.6,109399.1,2779.5,2779.5,271.3,0.097607,1,p:2.1.4.1.2.2
U038,2,FUSE1,106654.4,106654.4,109430.3,2775.9,2775.9,333.3,0.120069,1,p:1.1.1.1.2.2
U039,2,FUSE1,106705.6,106705.6,109509.7,2804.1,2804.1,333.3,0.118862,1,p:2.1.3.1.2.2
U040,2,FUSE1,106776.2,106776.2,109560.7,2784.5,2784.5,333.3,0.119698,1,p:1.1.2.1.2.2
U041,2,FUSE1,106785.0,106785.0,109682.5,2897.5,2897.5,333.3,0.11503,1,p:2.1.5.1.2.2
U042,2,FUSE1,106925.2,106925.2,109704.7,2779.5,2779.5,333.3,0.119914,1,p:1.1.4.1.2.2
U043,2,FUSE1,106992.4,106992.4,109735.9,2743.5,2743.5,333.3,0.121487,1,p:2.1.1.1.2.2
U044,2,FUSE1,107043.6,107043.6,109815.3,2771.7,2771.7,333.3,0.120251,1,p:1.1.3.1.2.2
U045,2,FUSE1,107114.2,107114.2,109866.3,2752.1,2752.1,333.3,0.121108,1,p:2.1.2.1.2.2
U046,2,FUSE1,107123.0,107123.0,109988.1,2865.1,2865.1,333.3,0.116331,1,p:1.2.5.1.2.2
U047,2,FUSE2,107263.2,107263.2,110042.7,2779.5,2779.5,365.7,0.13157,1,p:2.1.4.1.2.2
U048,2,FUSE2,107330.4,107330.4,110073.9,2743.5,2743.5,365.7,0.133297,1,p:1.1.1.1.2.2
U049,2,FUSE2,107381.6,107381.6,110153.3,2771.7,2771.7,365.7,0.131941,1,p:2.1.3.1.2.2
U050,2,FUSE2,107452.2,107452.2,110204.3,2752.1,2752.1,365.7,0.13288,1,p:1.1.2.1.2.2
U051,2,FUSE2,107461.0,107461.0,110326.1,2865.1,2865.1,365.7,0.12764,1,p:2.1.5.1.2.2
U052,2,FUSE2,107506.8,107506.8,110380.7,2873.9,2873.9,365.7,0.127249,1,p:1.1.4.1.2.2
U053,2,FUSE2,107574.0,107574.0,110411.9,2837.9,2837.9,365.7,0.128863,1,p:2.1.1.1.2.2
U054,2,FUSE2,107625.2,107625.2,110491.3,2866.1,2866.1,365.7,0.127595,1,p:1.1.3.1.2.2
U055,2,FUSE2,107695.8,107695.8,110542.3,2846.5,2846.5,365.7,0.128474,1,p:2.1.2.1.2.2
U056,2,FUSE2,107704.6,107704.6,110664.1,2959.5,2959.5,365.7,0.123568,1,p:1.2.5.1.2.2
U6952,279,FUSE0,107750.4,107750.4,110624.3,2873.9,2873.9,271.3,0.094401,1,p:2.1.4.1.2.2
U6953,279,FUSE0,107817.6,107817.6,110655.5,2837.9,2837.9,271.3,0.095599,1,p:1.1.1.1.2.2
U6954,279,FUSE0,107930.8,107930.8,110734.9,2804.1,2804.1,271.3,0.096751,1,p:2.1.3.1.2.2
U6955,279,FUSE0,107939.4,107939.4,110785.9,2846.5,2846.5,271.3,0.09531,1,p:1.2.2.1.2.2
U6956,279,FUSE0,108010.2,108010.2,110867.9,2857.7,2857.7,271.3,0.094936,1,p:2.1.4.1.2.2
U6957,279,FUSE0,108056.0,108056.0,110907.7,2851.7,2851.7,271.3,0.095136,1,p:1.1.5.1.2.2
U6958,279,FUSE0,108123.2,108123.2,110899.1,2775.9,2775.9,271.3,0.097734,1,p:2.1.1.1.2.2
U6959,279,FUSE0,108236.4,108236.4,110978.5,2742.1,2742.1,271.3,0.098939,1,p:1.1.3.1.2.2
U6960,279,FUSE1,108245.0,108245.0,111091.5,2846.5,2846.5,333.3,0.117091,1,p:2.1.2.1.2.2
U6961,279,FUSE1,108315.8,108315.8,111173.5,2857.7,2857.7,333.3,0.116632,1,p:1.1.4.1.2.2
U6962,279,FUSE1,108361.6,108361.6,111213.3,2851.7,2851.7,333.3,0.116878,1,p:2.1.5.1.2.2
U6963,279,FUSE1,108461.2,108461.2,111204.7,2743.5,2743.5,333.3,0.121487,1,p:1.1.1.1.2.2
U6964,279,FUSE1,108574.4,108574.4,111284.1,2709.7,2709.7,333.3,0.123003,1,p:2.1.3.1.2.2
U6965,279,FUSE1,108583.0,108583.0,111397.1,2814.1,2814.1,333.3,0.118439,1,p:1.2.2.1.2.2
U6966,279,FUSE1,108653.8,108653.8,111479.1,2825.3,2825.3,333.3,0.11797,1,p:2.1.4.1.2.2
U6967,279,FUSE1,108699.6,108699.6,111518.9,2819.3,2819.3,333.3,0.118221,1,p:1.1.5.1.2.2
U6968,279,FUSE2,108799.2,108799.2,111542.7,2743.5,2743.5,365.7,0.133297,1,p:2.1.1.1.2.2
U6969,279,FUSE2,108912.4,108912.4,111622.1,2709.7,2709.7,365.7,0.13496,1,p:1.1.3.1.2.2
U6970,279,FUSE2,108921.0,108921.0,111735.1,2814.1,2814.1,365.7,0.129953,1,p:2.1.2.1.2.2
U6971,279,FUSE2,108943.2,108943.2,111817.1,2873.9,2873.9,365.7,0.127249,1,p:1.1.4.1.2.2
U6972,279,FUSE2,108991.8,108991.8,111856.9,2865.1,2865.1,365.7,0.12764,1,p:2.1.5.1.2.2
U6973,279,FUSE2,109042.8,109042.8,111880.7,2837.9,2837.9,365.7,0.128863,1,p:1.1.1.1.2.2
U6974,279,FUSE2,109156.0,109156.0,111960.1,2804.1,2804.1,365.7,0.130416,1,p:2.1.3.1.2.2
U6975,279,FUSE2,109164.6,109164.6,112073.1,2908.5,2908.5,365.7,0.125735,1,p:1.2.2.2.2.2
U6976,279,FUSE2,109186.8,109186.8,112155.1,2968.3,2968.3,365.7,0.123202,1,p:2.1.4.1.2.2
U611,26,FUSE0,109235.4,109235.4,112100.5,2865.1,2865.1,271.3,0.094691,1,p:1.1.5.1.2.2
U612,26,FUSE0,109286.4,109286.4,112124.3,2837.9,2837.9,271.3,0.095599,1,p:2.1.1.2.2.2
U613,26,FUSE0,109408.2,109408.2,112203.7,2795.5,2795.5,271.3,0.097049,1,p:1.1.3.1.2.2
U614,26,FUSE0,109430.4,109430.4,112344.1,2913.7,2913.7,271.3,0.093112,1,p:2.1.5.1.2.2
U615,26,FUSE0,109461.6,109461.6,112316.7,2855.1,2855.1,271.3,0.095023,1,p:1.1.2.2.2.2
U616,26,FUSE0,109541.0,109541.0,112398.7,2857.7,2857.7,271.3,0.094936,1,p:2.1.4.1.2.2
U617,26,FUSE0,109592.0,109592.0,112367.9,2775.9,2775.9,271.3,0.097734,1,p:1.1.1.2.2.2
U618,26,FUSE0,109713.8,109713.8,112447.3,2733.5,2733.5,271.3,0.09925,1,p:2.1.3.1.2.2
U619,26,FUSE1,109736.0,109736.0,112649.7,2913.7,2913.7,333.3,0.114391,1,p:1.1.5.1.2.2
U620,26,FUSE1,109767.2,109767.2,112622.3,2855.1,2855.1,333.3,0.116738,1,p:2.1.2.2.2.2
U621,26,FUSE1,109846.6,109846.6,112704.3,2857.7,2857.7,333.3,0.116632,1,p:1.1.4.1.2.2
U622,26,FUSE1,109897.6,109897.6,112673.5,2775.9,2775.9,333.3,0.120069,1,p:2.1.1.2.2.2
U623,26,FUSE1,110019.4,110019.4,112752.9,2733.5,2733.5,333.3,0.121932,1,p:1.1.3.1.2.2
U624,26,FUSE1,110074.0,110074.0,112955.3,2881.3,2881.3,333.3,0.115677,1,p:2.1.5.1.2.2
U625,26,FUSE1,110105.2,110105.2,112927.9,2822.7,2822.7,333.3,0.118078,1,p:1.1.2.2.2.2
U626,26,FUSE1,110184.6,110184.6,113009.9,2825.3,2825.3,333.3,0.11797,1,p:2.1.4.1.2.2
U627,26,FUSE2,110235.6,110235.6,113014.5,2778.9,2778.9,365.7,0.131599,1,p:1.1.1.1.2.2
U628,26,FUSE2,110357.4,110357.4,113090.9,2733.5,2733.5,365.7,0.133785,1,p:2.1.3.1.2.2
U629,26,FUSE2,110412.0,110412.0,113293.3,2881.3,2881.3,365.7,0.126922,1,p:1.1.5.1.2.2
U630,26,FUSE2,110443.2,110443.2,113265.9,2822.7,2822.7,365.7,0.129557,1,p:2.1.2.2.2.2
U631,26,FUSE2,110522.6,110522.6,113347.9,2825.3,2825.3,365.7,0.129438,1,p:1.1.4.1.2.2
U632,26,FUSE2,110573.6,110573.6,113352.5,2778.9,2778.9,365.7,0.131599,1,p:2.1.1.1.2.2
U633,26,FUSE2,110655.6,110655.6,113428.9,2773.3,2773.3,365.7,0.131865,1,p:1.1.3.1.2.2
U634,26,FUSE2,110686.8,110686.8,113631.3,2944.5,2944.5,365.7,0.124198,1,p:2.1.5.1.2.2
U4502,181,FUSE0,110695.4,110695.4,113509.5,2814.1,2814.1,271.3,0.096407,1,p:1.2.2.1.2.2
U4503,181,FUSE0,110766.2,110766.2,113591.5,2825.3,2825.3,271.3,0.096025,1,p:2.1.4.1.2.2
U4504,181,FUSE0,110817.2,110817.2,113596.1,2778.9,2778.9,271.3,0.097629,1,p:1.1.1.2.2.2
U4505,181,FUSE0,110899.2,110899.2,113672.5,2773.3,2773.3,271.3,0.097826,1,p:2.1.3.1.2.2
U4506,181,FUSE0,110930.4,110930.4,113753.1,2822.7,2822.7,271.3,0.096114,1,p:1.1.2.1.2.2
U4507,181,FUSE0,110939.0,110939.0,113835.1,2896.1,2896.1,271.3,0.093678,1,p:2.1.4.1.2.2
U4508,181,FUSE0,111009.8,111009.8,113874.9,2865.1,2865.1,271.3,0.094691,1,p:1.1.5.1.2.2
U4509,181,FUSE1,111122.8,111122.8,113898.7,2775.9,2775.9,333.3,0.120069,1,p:2.1.1.1.2.2
U4510,181,FUSE1,111204.8,111204.8,113978.1,2773.3,2773.3,333.3,0.120182,1,p:1.1.3.1.2.2
U4511,181,FUSE1,111236.0,111236.0,114058.7,2822.7,2822.7,333.3,0.118078,1,p:2.1.2.1.2.2
U4512,181,FUSE1,111244.6,111244.6,114140.7,2896.1,2896.1,333.3,0.115086,1,p:1.2.4.1.2.2
U4513,181,FUSE1,111315.4,111315.4,114180.5,2865.1,2865.1,333.3,0.116331,1,p:2.1.5.1.2.2
U4514,181,FUSE1,111428.4,111428.4,114204.3,2775.9,2775.9,333.3,0.120069,1,p:1.1.1.1.2.2
U4515,181,FUSE1,111510.4,111510.4,114283.7,2773.3,2773.3,333.3,0.120182,1,p:2.1.3.1.2.2
U4516,181,FUSE2,111550.2,111550.2,114396.7,2846.5,2846.5,365.7,0.128474,1,p:1.1.2.1.2.2
U4517,181,FUSE2,111574.0,111574.0,114478.7,2904.7,2904.7,365.7,0.125899,1,p:2.1.4.1.2.2
U4518,181,FUSE2,111653.4,111653.4,114518.5,2865.1,2865.1,365.7,0.12764,1,p:1.1.5.1.2.2
U4519,181,FUSE2,111766.4,111766.4,114542.3,2775.9,2775.9,365.7,0.131741,1,p:2.1.1.1.2.2
U4520,181,FUSE2,111848.4,111848.4,114621.7,2773.3,2773.3,365.7,0.131865,1,p:1.1.3.1.2.2
U4521,181,FUSE2,111888.2,111888.2,114734.7,2846.5,2846.5,365.7,0.128474,1,p:2.1.2.2.2.2
U4522,181,FUSE2,111912.0,111912.0,114816.7,2904.7,2904.7,365.7,0.125899,1,p:1.1.4.1.2.2
U8173,327,FUSE0,111991.4,111991.4,114762.1,2770.7,2770.7,271.3,0.097917,1,p:2.1.5.1.2.2
U8174,327,FUSE0,112104.4,112104.4,114785.9,2681.5,2681.5,271.3,0.101175,1,p:1.1.1.2.2.2
U8175,327,FUSE0,112131.8,112131.8,114865.3,2733.5,2733.5,271.3,0.09925,1,p:2.1.3.1.2.2
U8176,327,FUSE0,112155.6,112155.6,115005.7,2850.1,2850.1,271.3,0.09519,1,p:1.1.5.1.2.2
U8177,327,FUSE0,112186.4,112186.4,114978.3,2791.9,2791.9,271.3,0.097174,1,p:2.1.2.2.2.2
U8178,327,FUSE0,112235.0,112235.0,115060.3,2825.3,2825.3,271.3,0.096025,1,p:1.1.4.1.2.2
U8179,327,FUSE0,112348.0,112348.0,115029.5,2681.5,2681.5,271.3,0.101175,1,p:2.1.1.2.2.2
U8180,327,FUSE0,112375.4,112375.4,115108.9,2733.5,2733.5,271.3,0.09925,1,p:1.1.3.1.2.2
U8181,327,FUSE1,112399.2,112399.2,115311.3,2912.1,2912.1,333.3,0.114453,1,p:2.1.5.1.2.2
U8182,327,FUSE1,112430.0,112430.0,115283.9,2853.9,2853.9,333.3,0.116788,1,p:1.1.2.2.2.2
U8183,327,FUSE1,112478.6,112478.6,115365.9,2887.3,2887.3,333.3,0.115437,1,p:2.1.4.1.2.2
U8184,327,FUSE1,112653.6,112653.6,115335.1,2681.5,2681.5,333.3,0.124296,1,p:1.1.1.2.2.2
U8185,327,FUSE1,112681.0,112681.0,115414.5,2733.5,2733.5,333.3,0.121932,1,p:2.1.3.1.2.2
U8186,327,FUSE1,112704.8,112704.8,115616.9,2912.1,2912.1,333.3,0.114453,1,p:1.1.5.1.2.2
U8187,327,FUSE1,112735.6,112735.6,115589.5,2853.9,2853.9,333.3,0.116788,1,p:2.1.2.2.2.2
U8188,327,FUSE1,112784.2,112784.2,115671.5,2887.3,2887.3,333.3,0.115437,1,p:1.1.4.1.2.2
U8189,327,FUSE2,112959.2,112959.2,115676.1,2716.9,2716.9,365.7,0.134602,1,p:2.1.1.1.2.2
U8190,327,FUSE2,112986.6,112986.6,115752.5,2765.9,2765.9,365.7,0.132217,1,p:1.1.3.1.2.2
U8191,327,FUSE2,113041.2,113041.2,115954.9,2913.7,2913.7,365.7,0.125511,1,p:2.1.5.1.2.2
U8192,327,FUSE2,113045.8,113045.8,115927.5,2881.7,2881.7,365.7,0.126904,1,p:1.2.2.2.2.2
U8193,327,FUSE2,113122.2,113122.2,116009.5,2887.3,2887.3,365.7,0.126658,1,p:2.1.4.1.2.2
U8194,327,FUSE2,113297.2,113297.2,116014.1,2716.9,2716.9,365.7,0.134602,1,p:1.1.1.1.2.2
U8195,327,FUSE2,113324.6,113324.6,116090.5,2765.9,2765.9,365.7,0.132217,1,p:2.1.3.1.2.2
U8196,327,FUSE2,113379.2,113379.2,116292.9,2913.7,2913.7,365.7,0.125511,1,p:1.1.5.1.2.2
U8197,327,FUSE2,113383.8,113383.8,116265.5,2881.7,2881.7,365.7,0.126904,1,p:2.1.2.2.2.2
U5527,222,FUSE0,113460.2,113460.2,116253.1,2792.9,2792.9,271.3,0.097139,1,p:1.1.4.1.2.2
U5528,222,FUSE0,113540.8,113540.8,116257.7,2716.9,2716.9,271.3,0.099856,1,p:2.1.1.2.2.2
U5529,222,FUSE0,113622.8,113622.8,116334.1,2711.3,2711.3,271.3,0.100063,1,p:1.1.3.1.2.2
U5530,222,FUSE0,113627.4,113627.4,116496.7,2869.3,2869.3,271.3,0.094553,1,p:2.1.4.1.2.2
U5531,222,FUSE0,113662.6,113662.6,116536.5,2873.9,2873.9,271.3,0.094401,1,p:1.1.5.1.2.2
U5532,222,FUSE0,113703.8,113703.8,116509.1,2805.3,2805.3,271.3,0.09671,1,p:2.1.2.2.2.2
U5533,222,FUSE0,113784.4,113784.4,116501.3,2716.9,2716.9,271.3,0.099856,1,p:1.1.1.2.2.2
U5534,222,FUSE0,113866.4,113866.4,116577.7,2711.3,2711.3,271.3,0.100063,1,p:2.1.3.1.2.2
U5535,222,FUSE0,113906.2,113906.2,116740.3,2834.1,2834.1,271.3,0.095727,1,p:1.1.4.1.2.2
U5536,222,FUSE0,113930.0,113930.0,116780.1,2850.1,2850.1,271.3,0.09519,1,p:2.1.5.1.2.2
U5537,222,FUSE1,114009.4,114009.4,116814.7,2805.3,2805.3,333.3,0.118811,1,p:1.1.2.1.2.2
U5538,222,FUSE1,114090.0,114090.0,116803.9,2713.9,2713.9,333.3,0.122812,1,p:2.1.1.1.2.2
U5539,222,FUSE1,114172.0,114172.0,116883.3,2711.3,2711.3,333.3,0.12293,1,p:1.1.3.1.2.2
U5540,222,FUSE1,114211.8,114211.8,117045.9,2834.1,2834.1,333.3,0.117603,1,p:2.1.4.1.2.2
U5541,222,FUSE1,114235.6,114235.6,117085.7,2850.1,2850.1,333.3,0.116943,1,p:1.1.5.1.2.2
U5542,222,FUSE1,114315.0,114315.0,117120.3,2805.3,2805.3,333.3,0.118811,1,p:2.1.2.1.2.2
U5543,222,FUSE1,114428.0,114428.0,117109.5,2681.5,2681.5,333.3,0.124296,1,p:1.1.1.1.2.2
U5544,222,FUSE1,114510.0,114510.0,117188.9,2678.9,2678.9,333.3,0.124417,1,p:2.1.3.1.2.2
U5545,222,FUSE1,114549.8,114549.8,117351.5,2801.7,2801.7,333.3,0.118963,1,p:1.1.4.1.2.2
U5546,222,FUSE1,114573.6,114573.6,117391.3,2817.7,2817.7,333.3,0.118288,1,p:2.1.5.1.2.2
U5547,222,FUSE2,114653.0,114653.0,117458.3,2805.3,2805.3,365.7,0.13036,1,p:1.1.2.1.2.2
U5548,222,FUSE2,114766.0,114766.0,117447.5,2681.5,2681.5,365.7,0.136379,1,p:2.1.1.1.2.2
U5549,222,FUSE2,114793.4,114793.4,117526.9,2733.5,2733.5,365.7,0.133785,1,p:1.1.3.1.2.2
U5550,222,FUSE2,114817.2,114817.2,117689.5,2872.3,2872.3,365.7,0.12732,1,p:2.1.4.1.2.2
U5551,222,FUSE2,114848.0,114848.0,117729.3,2881.3,2881.3,365.7,0.126922,1,p:1.1.5.1.2.2
U5552,222,FUSE2,114896.6,114896.6,117796.3,2899.7,2899.7,365.7,0.126116,1,p:2.1.2.1.2.2
U5553,222,FUSE2,115009.6,115009.6,117785.5,2775.9,2775.9,365.7,0.131741,1,p:1.1.1.1.2.2
U5554,222,FUSE2,115037.0,115037.0,117864.9,2827.9,2827.9,365.7,0.129319,1,p:2.1.3.1.2.2
U5555,222,FUSE2,115060.8,115060.8,118027.5,2966.7,2966.7,365.7,0.123268,1,p:1.1.4.1.2.2
U5556,222,FUSE2,115091.6,115091.6,118067.3,2975.7,2975.7,365.7,0.122895,1,p:2.1.5.1.2.2
U7371,296,FUSE0,115140.2,115140.2,118039.9,2899.7,2899.7,271.3,0.093561,1,p:1.1.2.2.2.2
U7372,296,FUSE0,115315.2,115315.2,118032.1,2716.9,2716.9,271.3,0.099856,1,p:2.1.1.2.2.2
U7373,296,FUSE0,115342.6,115342.6,118108.5,2765.9,2765.9,271.3,0.098087,1,p:1.1.3.1.2.2
U7374,296,FUSE0,115366.4,115366.4,118271.1,2904.7,2904.7,271.3,0.0934,1,p:2.1.4.1.2.2
U7375,296,FUSE0,115397.2,115397.2,118310.9,2913.7,2913.7,271.3,0.093112,1,p:1.1.5.1.2.2
U7376,296,FUSE0,115445.8,115445.8,118283.5,2837.7,2837.7,271.3,0.095606,1,p:2.1.2.2.2.2
U7377,296,FUSE0,115620.8,115620.8,118275.7,2654.9,2654.9,271.3,0.102188,1,p:1.1.1.2.2.2
U7378,296,FUSE0,115648.2,115648.2,118352.1,2703.9,2703.9,271.3,0.100337,1,p:2.1.3.1.2.2
U7379,296,FUSE0,115702.8,115702.8,118514.7,2811.9,2811.9,271.3,0.096483,1,p:1.1.4.1.2.2
U7380,296,FUSE1,115707.4,115707.4,118616.5,2909.1,2909.1,333.3,0.114572,1,p:2.1.5.1.2.2
U7381,296,FUSE1,115783.8,115783.8,118589.1,2805.3,2805.3,333.3,0.118811,1,p:1.1.2.2.2.2
U7382,296,FUSE1,115958.8,115958.8,118578.3,2619.5,2619.5,333.3,0.127238,1,p:2.1.1.2.2.2
U7383,296,FUSE1,115986.2,115986.2,118657.7,2671.5,2671.5,333.3,0.124761,1,p:1.1.3.1.2.2
U7384,296,FUSE1,116040.8,116040.8,118820.3,2779.5,2779.5,333.3,0.119914,1,p:2.1.4.1.2.2
U7385,296,FUSE1,116045.4,116045.4,118922.1,2876.7,2876.7,333.3,0.115862,1,p:1.2.5.1.2.2
U7386,296,FUSE1,116121.8,116121.8,118894.7,2772.9,2772.9,333.3,0.120199,1,p:2.1.2.2.2.2
U7387,296,FUSE1,116284.4,116284.4,118883.9,2599.5,2599.5,333.3,0.128217,1,p:1.1.1.2.2.2
U7388,296,FUSE1,116289.0,116289.0,118963.3,2674.3,2674.3,333.3,0.124631,1,p:2.1.3.1.2.2
U7389,296,FUSE2,116296.8,116296.8,119158.3,2861.5,2861.5,365.7,0.1278,1,p:1.2.4.1.2.2
U7390,296,FUSE2,116324.2,116324.2,119260.1,2935.9,2935.9,365.7,0.124561,1,p:2.1.5.1.2.2
U7391,296,FUSE2,116365.4,116365.4,119232.7,2867.3,2867.3,365.7,0.127542,1,p:1.1.2.2.2.2
U7392,296,FUSE2,116528.0,116528.0,119221.9,2693.9,2693.9,365.7,0.135751,1,p:2.1.1.2.2.2
U7393,296,FUSE2,116532.6,116532.6,119301.3,2768.7,2768.7,365.7,0.132084,1,p:1.2.3.1.2.2
U7394,296,FUSE2,116540.4,116540.4,119496.3,2955.9,2955.9,365.7,0.123719,1,p:2.1.4.1.2.2
U7395,296,FUSE2,116567.8,116567.8,119598.1,3030.3,3030.3,365.7,0.120681,1,p:1.1.5.1.2.2
U7396,296,FUSE2,116609.0,116609.0,119570.7,2961.7,2961.7,365.7,0.123476,1,p:2.1.2.2.2.2
U7397,296,FUSE2,116771.6,116771.6,119559.9,2788.3,2788.3,365.7,0.131155,1,p:1.1.1.2.2.2
U2184,89,FUSE0,116811.4,116811.4,119544.9,2733.5,2733.5,271.3,0.09925,1,p:2.1.3.1.2.2
U2185,89,FUSE0,116835.2,116835.2,119739.9,2904.7,2904.7,271.3,0.0934,1,p:1.1.4.1.2.2
U2186,89,FUSE0,116846.0,116846.0,119788.5,2942.5,2942.5,271.3,0.092201,1,p:2.1.3.1.2.2
U2187,89,FUSE0,116914.6,116914.6,119841.7,2927.1,2927.1,271.3,0.092686,1,p:1.1.5.1.2.2
U2188,89,FUSE0,117077.2,117077.2,119814.3,2737.1,2737.1,271.3,0.09912,1,p:2.1.2.2.2.2
U2189,89,FUSE0,117117.0,117117.0,119803.5,2686.5,2686.5,271.3,0.100986,1,p:1.1.1.2.2.2
U2190,89,FUSE0,117140.8,117140.8,120032.1,2891.3,2891.3,271.3,0.093833,1,p:2.1.3.1.2.2
U2191,89,FUSE0,117151.6,117151.6,119983.5,2831.9,2831.9,271.3,0.095801,1,p:1.1.4.1.2.2
U2192,89,FUSE0,117220.2,117220.2,120085.3,2865.1,2865.1,271.3,0.094691,1,p:2.1.5.1.2.2
U2193,89,FUSE1,117382.8,117382.8,120119.9,2737.1,2737.1,333.3,0.121771,1,p:1.1.2.1.2.2
U2194,89,FUSE1,117422.6,117422.6,120109.1,2686.5,2686.5,333.3,0.124065,1,p:2.1.1.1.2.2
U2195,89,FUSE1,117478.8,117478.8,120289.1,2810.3,2810.3,333.3,0.118599,1,p:1.1.4.1.2.2
U2196,89,FUSE1,117489.6,117489.6,120337.7,2848.1,2848.1,333.3,0.117025,1,p:2.1.3.1.2.2
U2197,89,FUSE1,117558.2,117558.2,120390.9,2832.7,2832.7,333.3,0.117662,1,p:1.1.5.1.2.2
U2198,89,FUSE1,117720.8,117720.8,120425.5,2704.7,2704.7,333.3,0.12323,1,p:2.1.2.1.2.2
U2199,89,FUSE1,117760.6,117760.6,120414.7,2654.1,2654.1,333.3,0.125579,1,p:1.1.1.1.2.2
U2200,89,FUSE1,117816.8,117816.8,120643.3,2826.5,2826.5,333.3,0.11792,1,p:2.1.3.1.2.2
U2201,89,FUSE1,117827.6,117827.6,120594.7,2767.1,2767.1,333.3,0.120451,1,p:1.1.4.1.2.2
U2202,89,FUSE2,117896.2,117896.2,120728.9,2832.7,2832.7,365.7,0.129099,1,p:2.1.5.1.2.2
U2203,89,FUSE2,118058.8,118058.8,120763.5,2704.7,2704.7,365.7,0.135209,1,p:1.1.2.1.2.2
U2204,89,FUSE2,118063.4,118063.4,120752.7,2689.3,2689.3,365.7,0.135983,1,p:2.1.1.1.2.2
U2205,89,FUSE2,118071.2,118071.2,120932.7,2861.5,2861.5,365.7,0.1278,1,p:1.2.4.1.2.2
U2206,89,FUSE2,118098.6,118098.6,120981.3,2882.7,2882.7,365.7,0.12686,1,p:2.1.3.1.2.2
U2207,89,FUSE2,118139.8,118139.8,121066.9,2927.1,2927.1,365.7,0.124936,1,p:1.1.5.1.2.2
U2208,89,FUSE2,118302.4,118302.4,121101.5,2799.1,2799.1,365.7,0.130649,1,p:2.1.2.1.2.2
U2209,89,FUSE2,118307.0,118307.0,121090.7,2783.7,2783.7,365.7,0.131372,1,p:1.2.1.1.2.2
U2210,89,FUSE2,118314.8,118314.8,121270.7,2955.9,2955.9,365.7,0.123719,1,p:2.1.4.1.2.2
U8459,339,FUSE0,118342.2,118342.2,121224.9,2882.7,2882.7,271.3,0.094113,1,p:1.1.3.1.2.2
U8460,339,FUSE0,118383.4,118383.4,121310.5,2927.1,2927.1,271.3,0.092686,1,p:2.1.5.1.2.2
U8461,339,FUSE0,118546.0,118546.0,121345.1,2799.1,2799.1,271.3,0.096924,1,p:1.1.2.1.2.2
U8462,339,FUSE0,118609.6,118609.6,121468.5,2858.9,2858.9,271.3,0.094897,1,p:2.1.3.1.2.2
U8463,339,FUSE0,118620.4,118620.4,121334.3,2713.9,2713.9,271.3,0.099967,1,p:1.1.1.1.2.2
U8464,339,FUSE0,118647.8,118647.8,121514.3,2866.5,2866.5,271.3,0.094645,1,p:2.1.4.1.2.2
U8465,339,FUSE0,118689.0,118689.0,121554.1,2865.1,2865.1,271.3,0.094691,1,p:1.1.5.1.2.2
U8466,339,FUSE0,118851.6,118851.6,121588.7,2737.1,2737.1,271.3,0.09912,1,p:2.1.2.1.2.2
U8467,339,FUSE0,118915.2,118915.2,121577.9,2662.7,2662.7,271.3,0.101889,1,p:1.1.1.1.2.2
U8468,339,FUSE1,118926.0,118926.0,121774.1,2848.1,2848.1,333.3,0.117025,1,p:2.1.3.1.2.2
U8469,339,FUSE1,118953.4,118953.4,121819.9,2866.5,2866.5,333.3,0.116274,1,p:1.1.4.1.2.2
U8470,339,FUSE1,118994.6,118994.6,121859.7,2865.1,2865.1,333.3,0.116331,1,p:2.1.5.1.2.2
U8471,339,FUSE1,119189.6,119189.6,121894.3,2704.7,2704.7,333.3,0.12323,1,p:1.1.2.1.2.2
U8472,339,FUSE1,119253.2,119253.2,122079.7,2826.5,2826.5,333.3,0.11792,1,p:2.1.3.1.2.2
U8473,339,FUSE1,119264.0,119264.0,121883.5,2619.5,2619.5,333.3,0.127238,1,p:1.1.1.1.2.2
U8474,339,FUSE1,119291.4,119291.4,122125.5,2834.1,2834.1,333.3,0.117603,1,p:2.1.4.1.2.2
U8475,339,FUSE1,119332.6,119332.6,122165.3,2832.7,2832.7,333.3,0.117662,1,p:1.1.5.1.2.2
U8476,339,FUSE1,119527.6,119527.6,122199.9,2672.3,2672.3,333.3,0.124724,1,p:2.1.2.1.2.2
U8477,339,FUSE1,119576.2,119576.2,122189.1,2612.9,2612.9,333.3,0.127559,1,p:1.1.1.1.2.2
U8478,339,FUSE2,119591.2,119591.2,122463.5,2872.3,2872.3,365.7,0.12732,1,p:2.1.4.1.2.2
U8479,339,FUSE2,119602.0,119602.0,122417.7,2815.7,2815.7,365.7,0.129879,1,p:1.1.3.1.2.2
U8480,339,FUSE2,119629.4,119629.4,122503.3,2873.9,2873.9,365.7,0.127249,1,p:2.1.5.1.2.2
U8481,339,FUSE2,119771.2,119771.2,122537.9,2766.7,2766.7,365.7,0.132179,1,p:1.1.2.1.2.2
U8482,339,FUSE2,119819.8,119819.8,122755.7,2935.9,2935.9,365.7,0.124561,1,p:2.1.3.1.2.2
U8483,339,FUSE2,119834.8,119834.8,122527.1,2692.3,2692.3,365.7,0.135832,1,p:1.1.1.1.2.2
U8484,339,FUSE2,119845.6,119845.6,122801.5,2955.9,2955.9,365.7,0.123719,1,p:2.1.4.1.2.2
U8485,339,FUSE2,119873.0,119873.0,122841.3,2968.3,2968.3,365.7,0.123202,1,p:1.1.5.1.2.2
U8486,339,FUSE2,120014.8,120014.8,122875.9,2861.1,2861.1,365.7,0.127818,1,p:2.1.2.1.2.2
U8487,339,FUSE2,120063.4,120063.4,122865.1,2801.7,2801.7,365.7,0.130528,1,p:1.1.1.1.2.2
U6781,272,FUSE0,120116.6,120116.6,122999.3,2882.7,2882.7,271.3,0.094113,1,p:2.1.3.1.2.2
U6782,272,FUSE0,120140.4,120140.4,123045.1,2904.7,2904.7,271.3,0.0934,1,p:1.1.4.1.2.2
U6783,272,FUSE0,120151.2,120151.2,123084.9,2933.7,2933.7,271.3,0.092477,1,p:2.1.5.1.2.2
U6784,272,FUSE0,120320.4,120320.4,123119.5,2799.1,2799.1,271.3,0.096924,1,p:1.1.2.1.2.2
U6785,272,FUSE0,120369.0,120369.0,123108.7,2739.7,2739.7,271.3,0.099025,1,p:2.1.1.1.2.2
U6786,272,FUSE0,120422.2,120422.2,123242.9,2820.7,2820.7,271.3,0.096182,1,p:1.1.3.1.2.2
U6787,272,FUSE0,120446.0,120446.0,123328.5,2882.5,2882.5,271.3,0.09412,1,p:2.1.5.1.2.2
U6788,272,FUSE0,120456.8,120456.8,123288.7,2831.9,2831.9,271.3,0.095801,1,p:1.1.4.1.2.2
U6789,272,FUSE1,120626.0,120626.0,123425.1,2799.1,2799.1,333.3,0.119074,1,p:2.1.2.1.2.2
U6790,272,FUSE1,120674.6,120674.6,123414.3,2739.7,2739.7,333.3,0.121656,1,p:1.1.1.1.2.2
U6791,272,FUSE1,120760.2,120760.2,123548.5,2788.3,2788.3,333.3,0.119535,1,p:2.1.3.1.2.2
U6792,272,FUSE1,120784.0,120784.0,123594.3,2810.3,2810.3,333.3,0.118599,1,p:1.1.4.1.2.2
U6793,272,FUSE1,120794.8,120794.8,123634.1,2839.3,2839.3,333.3,0.117388,1,p:2.1.5.1.2.2
U6794,272,FUSE1,120964.0,120964.0,123730.7,2766.7,2766.7,333.3,0.120468,1,p:1.1.2.1.2.2
U6795,272,FUSE1,121012.6,121012.6,123719.9,2707.3,2707.3,333.3,0.123112,1,p:2.1.1.1.2.2
U6796,272,FUSE1,121098.2,121098.2,123854.1,2755.9,2755.9,333.3,0.120941,1,p:1.1.3.1.2.2
U6797,272,FUSE2,121122.0,121122.0,123972.1,2850.1,2850.1,365.7,0.128311,1,p:2.1.5.1.2.2
U6798,272,FUSE2,121132.8,121132.8,123932.3,2799.5,2799.5,365.7,0.13063,1,p:1.1.4.1.2.2
U6799,272,FUSE2,121256.2,121256.2,124068.7,2812.5,2812.5,365.7,0.130027,1,p:2.1.2.1.2.2
U6800,272,FUSE2,121302.0,121302.0,124057.9,2755.9,2755.9,365.7,0.132697,1,p:1.1.1.1.2.2
U6801,272,FUSE2,121341.8,121341.8,124192.1,2850.3,2850.3,365.7,0.128302,1,p:2.1.3.1.2.2
U6802,272,FUSE2,121365.6,121365.6,124270.3,2904.7,2904.7,365.7,0.125899,1,p:1.1.4.1.2.2
U6803,272,FUSE2,121376.4,121376.4,124310.1,2933.7,2933.7,365.7,0.124655,1,p:2.1.5.1.2.2
U6804,272,FUSE2,121499.8,121499.8,124406.7,2906.9,2906.9,365.7,0.125804,1,p:1.1.2.1.2.2
U5038,202,FUSE0,121545.6,121545.6,124301.5,2755.9,2755.9,271.3,0.098443,1,p:2.1.1.1.2.2
U5039,202,FUSE0,121585.4,121585.4,124435.7,2850.3,2850.3,271.3,0.095183,1,p:1.1.3.1.2.2
U5040,202,FUSE0,121609.2,121609.2,124553.7,2944.5,2944.5,271.3,0.092138,1,p:2.1.5.1.2.2
U5041,202,FUSE0,121620.0,121620.0,124513.9,2893.9,2893.9,271.3,0.093749,1,p:1.1.4.1.2.2
U5042,202,FUSE0,121805.4,121805.4,124545.1,2739.7,2739.7,271.3,0.099025,1,p:2.1.1.1.2.2
U5043,202,FUSE0,121851.2,121851.2,124650.3,2799.1,2799.1,271.3,0.096924,1,p:1.1.2.1.2.2
U5044,202,FUSE0,121891.0,121891.0,124679.3,2788.3,2788.3,271.3,0.097299,1,p:2.1.3.1.2.2
U5045,202,FUSE0,121914.8,121914.8,124757.5,2842.7,2842.7,271.3,0.095437,1,p:1.1.4.1.2.2
U5046,202,FUSE0,121925.6,121925.6,124797.3,2871.7,2871.7,271.3,0.094474,1,p:2.1.5.1.2.2
U5047,202,FUSE1,122111.0,122111.0,124850.7,2739.7,2739.7,333.3,0.121656,1,p:1.1.1.1.2.2
U5048,202,FUSE1,122156.8,122156.8,124955.9,2799.1,2799.1,333.3,0.119074,1,p:2.1.2.1.2.2
U5049,202,FUSE1,122196.6,122196.6,124984.9,2788.3,2788.3,333.3,0.119535,1,p:1.1.3.1.2.2
U5050,202,FUSE1,122220.4,122220.4,125102.9,2882.5,2882.5,333.3,0.115629,1,p:2.1.5.1.2.2
U5051,202,FUSE1,122231.2,122231.2,125063.1,2831.9,2831.9,333.3,0.117695,1,p:1.1.4.1.2.2
U5052,202,FUSE1,122449.0,122449.0,125156.3,2707.3,2707.3,333.3,0.123112,1,p:2.1.1.1.2.2
U5053,202,FUSE1,122494.8,122494.8,125261.5,2766.7,2766.7,333.3,0.120468,1,p:1.1.2.1.2.2
U5054,202,FUSE1,122534.6,122534.6,125290.5,2755.9,2755.9,333.3,0.120941,1,p:2.1.3.1.2.2
U5055,202,FUSE1,122558.4,122558.4,125368.7,2810.3,2810.3,333.3,0.118599,1,p:1.1.4.1.2.2
U5056,202,FUSE2,122569.2,122569.2,125440.9,2871.7,2871.7,365.7,0.127346,1,p:2.1.5.1.2.2
U5057,202,FUSE2,122787.0,122787.0,125494.3,2707.3,2707.3,365.7,0.135079,1,p:1.1.1.1.2.2
U5058,202,FUSE2,122832.8,122832.8,125599.5,2766.7,2766.7,365.7,0.132179,1,p:2.1.2.1.2.2
U5059,202,FUSE2,122872.6,122872.6,125628.5,2755.9,2755.9,365.7,0.132697,1,p:1.1.3.1.2.2
U5060,202,FUSE2,122896.4,122896.4,125778.9,2882.5,2882.5,365.7,0.126869,1,p:2.1.5.1.2.2
U5061,202,FUSE2,122907.2,122907.2,125706.7,2799.5,2799.5,365.7,0.13063,1,p:1.1.4.1.2.2
U5062,202,FUSE2,123030.6,123030.6,125832.3,2801.7,2801.7,365.7,0.130528,1,p:2.1.1.1.2.2
U5063,202,FUSE2,123076.4,123076.4,125937.5,2861.1,2861.1,365.7,0.127818,1,p:1.1.2.1.2.2
U5064,202,FUSE2,123116.2,123116.2,125966.5,2850.3,2850.3,365.7,0.128302,1,p:2.1.3.1.2.2
U7321,294,FUSE0,123140.0,123140.0,125950.3,2810.3,2810.3,271.3,0.096538,1,p:1.1.4.1.2.2
U7322,294,FUSE0,123150.8,123150.8,126022.5,2871.7,2871.7,271.3,0.094474,1,p:2.1.5.1.2.2
U7323,294,FUSE0,123274.2,123274.2,126075.9,2801.7,2801.7,271.3,0.096834,1,p:1.1.1.1.2.2
U7324,294,FUSE0,123320.0,123320.0,126193.9,2873.9,2873.9,271.3,0.094401,1,p:2.1.4.1.2.2
U7325,294,FUSE0,123359.8,123359.8,126181.1,2821.3,2821.3,271.3,0.096161,1,p:1.1.2.1.2.2
U7326,294,FUSE0,123445.6,123445.6,126266.1,2820.5,2820.5,271.3,0.096189,1,p:2.1.5.1.2.2
U7327,294,FUSE0,123456.4,123456.4,126210.1,2753.7,2753.7,271.3,0.098522,1,p:1.1.3.1.2.2
U7328,294,FUSE0,123579.8,123579.8,126319.5,2739.7,2739.7,271.3,0.099025,1,p:2.1.1.1.2.2
U7329,294,FUSE1,123625.6,123625.6,126499.5,2873.9,2873.9,333.3,0.115975,1,p:1.1.4.1.2.2
U7330,294,FUSE1,123665.4,123665.4,126486.7,2821.3,2821.3,333.3,0.118137,1,p:2.1.2.1.2.2
U7331,294,FUSE1,123751.2,123751.2,126515.7,2764.5,2764.5,333.3,0.120564,1,p:1.1.3.1.2.2
U7332,294,FUSE1,123762.0,123762.0,126571.7,2809.7,2809.7,333.3,0.118625,1,p:2.1.5.1.2.2
U7333,294,FUSE1,123885.4,123885.4,126625.1,2739.7,2739.7,333.3,0.121656,1,p:1.1.1.1.2.2
U7334,294,FUSE1,123963.6,123963.6,126805.1,2841.5,2841.5,333.3,0.117297,1,p:2.1.4.1.2.2
U7335,294,FUSE1,124003.4,124003.4,126792.3,2788.9,2788.9,333.3,0.119509,1,p:1.1.2.1.2.2
U7336,294,FUSE1,124089.2,124089.2,126877.3,2788.1,2788.1,333.3,0.119544,1,p:2.1.5.1.2.2
U7337,294,FUSE2,124100.0,124100.0,126853.7,2753.7,2753.7,365.7,0.132803,1,p:1.1.3.2.2.2
U7338,294,FUSE2,124223.4,124223.4,126963.1,2739.7,2739.7,365.7,0.133482,1,p:2.1.1.1.2.2
U7339,294,FUSE2,124301.6,124301.6,127143.1,2841.5,2841.5,365.7,0.1287,1,p:1.1.4.1.2.2
U7340,294,FUSE2,124332.8,124332.8,127130.3,2797.5,2797.5,365.7,0.130724,1,p:2.1.2.1.2.2
U7341,294,FUSE2,124341.4,124341.4,127215.3,2873.9,2873.9,365.7,0.127249,1,p:1.2.5.1.2.2
U7342,294,FUSE2,124438.0,124438.0,127191.7,2753.7,2753.7,365.7,0.132803,1,p:2.1.3.2.2.2
U7343,294,FUSE2,124467.0,124467.0,127301.1,2834.1,2834.1,365.7,0.129036,1,p:1.1.1.1.2.2
U7344,294,FUSE2,124545.2,124545.2,127481.1,2935.9,2935.9,365.7,0.124561,1,p:2.1.4.1.2.2
U8244,330,FUSE0,124576.4,124576.4,127373.9,2797.5,2797.5,271.3,0.096979,1,p:1.1.2.1.2.2
U8245,330,FUSE0,124585.0,124585.0,127458.9,2873.9,2873.9,271.3,0.094401,1,p:2.1.5.1.2.2
U8246,330,FUSE0,124681.6,124681.6,127435.3,2753.7,2753.7,271.3,0.098522,1,p:1.1.3.2.2.2
U8247,330,FUSE0,124710.6,124710.6,127544.7,2834.1,2834.1,271.3,0.095727,1,p:2.1.1.1.2.2
U8248,330,FUSE0,124788.8,124788.8,127617.5,2828.7,2828.7,271.3,0.09591,1,p:1.1.2.1.2.2
U8249,330,FUSE0,124828.6,124828.6,127702.5,2873.9,2873.9,271.3,0.094401,1,p:2.1.5.1.2.2
U8250,330,FUSE0,124882.0,124882.0,127678.9,2796.9,2796.9,271.3,0.097,1,p:1.1.3.2.2.2
U8251,330,FUSE0,124987.2,124987.2,127724.7,2737.5,2737.5,271.3,0.099105,1,p:2.1.4.1.2.2
U8252,330,FUSE1,125016.2,125016.2,127850.3,2834.1,2834.1,333.3,0.117603,1,p:1.1.1.1.2.2
U8253,330,FUSE1,125094.4,125094.4,127923.1,2828.7,2828.7,333.3,0.117828,1,p:2.1.2.1.2.2
U8254,330,FUSE1,125134.2,125134.2,128008.1,2873.9,2873.9,333.3,0.115975,1,p:1.1.5.1.2.2
U8255,330,FUSE1,125187.6,125187.6,127984.5,2796.9,2796.9,333.3,0.119168,1,p:2.1.3.2.2.2
U8256,330,FUSE1,125292.8,125292.8,128030.3,2737.5,2737.5,333.3,0.121753,1,p:1.1.4.1.2.2
U8257,330,FUSE1,125321.8,125321.8,128155.9,2834.1,2834.1,333.3,0.117603,1,p:2.1.1.1.2.2
U8258,330,FUSE1,125400.0,125400.0,128228.7,2828.7,2828.7,333.3,0.117828,1,p:1.1.2.1.2.2
U8259,330,FUSE1,125472.2,125472.2,128313.7,2841.5,2841.5,333.3,0.117297,1,p:2.1.5.1.2.2
U8260,330,FUSE2,125525.6,125525.6,128322.5,2796.9,2796.9,365.7,0.130752,1,p:1.1.3.1.2.2
U8261,330,FUSE2,125630.8,125630.8,128368.3,2737.5,2737.5,365.7,0.133589,1,p:2.1.4.1.2.2
U8262,330,FUSE2,125659.8,125659.8,128493.9,2834.1,2834.1,365.7,0.129036,1,p:1.1.1.1.2.2
U8263,330,FUSE2,125738.0,125738.0,128566.7,2828.7,2828.7,365.7,0.129282,1,p:2.1.2.1.2.2
U8264,330,FUSE2,125810.2,125810.2,128651.7,2841.5,2841.5,365.7,0.1287,1,p:1.1.5.1.2.2
U8265,330,FUSE2,125863.6,125863.6,128660.5,2796.9,2796.9,365.7,0.130752,1,p:2.1.3.1.2.2
U8266,330,FUSE2,125968.8,125968.8,128706.3,2737.5,2737.5,365.7,0.133589,1,p:1.1.4.1.2.2
U8267,330,FUSE2,125981.6,125981.6,128908.7,2927.1,2927.1,365.7,0.124936,1,p:2.1.2.1.2.2
U5807,233,FUSE0,125997.8,125997.8,128737.5,2739.7,2739.7,271.3,0.099025,1,p:1.1.1.1.2.2
U5808,233,FUSE0,126053.8,126053.8,128895.3,2841.5,2841.5,271.3,0.095478,1,p:2.1.5.1.2.2
U5809,233,FUSE0,126107.2,126107.2,128904.1,2796.9,2796.9,271.3,0.097,1,p:1.1.3.1.2.2
U5810,233,FUSE0,126212.4,126212.4,128981.1,2768.7,2768.7,271.3,0.097988,1,p:2.1.1.1.2.2
U5811,233,FUSE0,126225.2,126225.2,128949.9,2724.7,2724.7,271.3,0.099571,1,p:1.1.4.1.2.2
U5812,233,FUSE0,126241.4,126241.4,129138.9,2897.5,2897.5,271.3,0.093632,1,p:2.1.5.1.2.2
U5813,233,FUSE0,126297.4,126297.4,129147.7,2850.3,2850.3,271.3,0.095183,1,p:1.1.3.1.2.2
U5814,233,FUSE1,126350.8,126350.8,129210.3,2859.5,2859.5,333.3,0.116559,1,p:2.1.2.1.2.2
U5815,233,FUSE1,126518.0,126518.0,129255.5,2737.5,2737.5,333.3,0.121753,1,p:1.1.4.1.2.2
U5816,233,FUSE1,126530.8,126530.8,129444.5,2913.7,2913.7,333.3,0.114391,1,p:2.1.5.1.2.2
U5817,233,FUSE1,126547.0,126547.0,129286.7,2739.7,2739.7,333.3,0.121656,1,p:1.1.1.1.2.2
U5818,233,FUSE1,126603.0,126603.0,129453.3,2850.3,2850.3,333.3,0.116935,1,p:2.1.3.1.2.2
U5819,233,FUSE1,126656.4,126656.4,129515.9,2859.5,2859.5,333.3,0.116559,1,p:1.1.2.1.2.2
U5820,233,FUSE1,126823.6,126823.6,129592.3,2768.7,2768.7,333.3,0.120381,1,p:2.1.1.1.2.2
U5821,233,FUSE2,126836.4,126836.4,129596.9,2760.5,2760.5,365.7,0.132476,1,p:1.1.4.1.2.2
U5822,233,FUSE2,126885.0,126885.0,129782.5,2897.5,2897.5,365.7,0.126212,1,p:2.1.5.1.2.2
U5823,233,FUSE2,126908.6,126908.6,129791.3,2882.7,2882.7,365.7,0.12686,1,p:1.1.3.1.2.2
U5824,233,FUSE2,126994.4,126994.4,129853.9,2859.5,2859.5,365.7,0.127889,1,p:2.1.2.1.2.2
U5825,233,FUSE2,127161.6,127161.6,129934.9,2773.3,2773.3,365.7,0.131865,1,p:1.1.4.1.2.2
U5826,233,FUSE2,127174.4,127174.4,129930.3,2755.9,2755.9,365.7,0.132697,1,p:2.1.1.1.2.2
U5827,233,FUSE2,127223.0,127223.0,130120.5,2897.5,2897.5,365.7,0.126212,1,p:1.1.5.1.2.2
U4454,179,FUSE0,127246.6,127246.6,130034.9,2788.3,2788.3,271.3,0.097299,1,p:2.1.3.1.2.2
U4455,179,FUSE0,127332.4,127332.4,130097.5,2765.1,2765.1,271.3,0.098116,1,p:1.1.2.2.2.2
U4456,179,FUSE0,127405.2,127405.2,130178.5,2773.3,2773.3,271.3,0.097826,1,p:2.1.4.1.2.2
U4457,179,FUSE0,127466.6,127466.6,130173.9,2707.3,2707.3,271.3,0.100211,1,p:1.1.1.1.2.2
U4458,179,FUSE0,127490.2,127490.2,130278.5,2788.3,2788.3,271.3,0.097299,1,p:2.1.3.1.2.2
U4459,179,FUSE0,127512.4,127512.4,130364.1,2851.7,2851.7,271.3,0.095136,1,p:1.1.5.1.2.2
U4460,179,FUSE0,127576.0,127576.0,130341.1,2765.1,2765.1,271.3,0.098116,1,p:2.1.2.2.2.2
U4461,179,FUSE1,127648.8,127648.8,130484.1,2835.3,2835.3,333.3,0.117554,1,p:1.1.4.1.2.2
U4462,179,FUSE1,127710.2,127710.2,130479.5,2769.3,2769.3,333.3,0.120355,1,p:2.1.1.1.2.2
U4463,179,FUSE1,127733.8,127733.8,130584.1,2850.3,2850.3,333.3,0.116935,1,p:1.1.3.1.2.2
U4464,179,FUSE1,127756.0,127756.0,130669.7,2913.7,2913.7,333.3,0.114391,1,p:2.1.5.1.2.2
U4465,179,FUSE1,127881.6,127881.6,130646.7,2765.1,2765.1,333.3,0.120538,1,p:1.1.2.2.2.2
U4466,179,FUSE1,127954.4,127954.4,130789.7,2835.3,2835.3,333.3,0.117554,1,p:2.1.4.1.2.2
U4467,179,FUSE1,128015.8,128015.8,130785.1,2769.3,2769.3,333.3,0.120355,1,p:1.1.1.1.2.2
U4468,179,FUSE1,128039.4,128039.4,130889.7,2850.3,2850.3,333.3,0.116935,1,p:2.1.3.1.2.2
U4469,179,FUSE2,128061.6,128061.6,131007.7,2946.1,2946.1,365.7,0.12413,1,p:1.1.5.1.2.2
U4470,179,FUSE2,128187.2,128187.2,130984.7,2797.5,2797.5,365.7,0.130724,1,p:2.1.2.2.2.2
U4471,179,FUSE2,128260.0,128260.0,131127.7,2867.7,2867.7,365.7,0.127524,1,p:1.1.4.1.2.2
U4472,179,FUSE2,128345.0,128345.0,131123.1,2778.1,2778.1,365.7,0.131637,1,p:2.1.1.1.2.2
U4473,179,FUSE2,128353.8,128353.8,131227.7,2873.9,2873.9,365.7,0.127249,1,p:1.2.3.1.2.2
U4474,179,FUSE2,128399.6,128399.6,131345.7,2946.1,2946.1,365.7,0.12413,1,p:2.1.5.1.2.2
U4475,179,FUSE2,128525.2,128525.2,131322.7,2797.5,2797.5,365.7,0.130724,1,p:1.1.2.2.2.2
U4476,179,FUSE2,128598.0,128598.0,131462.3,2864.3,2864.3,365.7,0.127675,1,p:2.1.4.1.2.2
U132,6,FUSE0,128683.0,128683.0,131366.7,2683.7,2683.7,271.3,0.101092,1,p:1.1.1.1.2.2
U133,6,FUSE0,128691.8,128691.8,131471.3,2779.5,2779.5,271.3,0.097607,1,p:2.1.3.1.2.2
U134,6,FUSE0,128737.6,128737.6,131589.3,2851.7,2851.7,271.3,0.095136,1,p:1.1.5.1.2.2
U135,6,FUSE0,128768.8,128768.8,131566.3,2797.5,2797.5,271.3,0.096979,1,p:2.1.2.2.2.2
U136,6,FUSE0,128926.6,128926.6,131610.3,2683.7,2683.7,271.3,0.101092,1,p:1.1.1.1.2.2
U137,6,FUSE0,128935.4,128935.4,131705.9,2770.5,2770.5,271.3,0.097925,1,p:2.1.4.1.2.2
U138,6,FUSE0,128940.0,128940.0,131714.9,2774.9,2774.9,271.3,0.097769,1,p:1.2.3.1.2.2
U139,6,FUSE1,128981.2,128981.2,131894.9,2913.7,2913.7,333.3,0.114391,1,p:2.1.5.1.2.2
U140,6,FUSE1,129012.4,129012.4,131871.9,2859.5,2859.5,333.3,0.116559,1,p:1.1.2.2.2.2
U141,6,FUSE1,129170.2,129170.2,131915.9,2745.7,2745.7,333.3,0.12139,1,p:2.1.1.1.2.2
U142,6,FUSE1,129179.0,129179.0,132011.5,2832.5,2832.5,333.3,0.11767,1,p:1.2.4.1.2.2
U143,6,FUSE1,129241.6,129241.6,132020.5,2778.9,2778.9,333.3,0.11994,1,p:2.1.3.1.2.2
U144,6,FUSE1,129286.8,129286.8,132200.5,2913.7,2913.7,333.3,0.114391,1,p:1.1.5.1.2.2
U145,6,FUSE1,129318.0,129318.0,132177.5,2859.5,2859.5,333.3,0.116559,1,p:2.1.2.2.2.2
U146,6,FUSE2,129475.8,129475.8,132253.9,2778.1,2778.1,365.7,0.131637,1,p:1.1.1.1.2.2
U147,6,FUSE2,129484.6,129484.6,132349.5,2864.9,2864.9,365.7,0.127648,1,p:2.1.4.1.2.2
U148,6,FUSE2,129547.2,129547.2,132358.5,2811.3,2811.3,365.7,0.130082,1,p:1.1.3.1.2.2
U149,6,FUSE2,129623.6,129623.6,132538.5,2914.9,2914.9,365.7,0.125459,1,p:2.1.5.1.2.2
U150,6,FUSE2,129628.2,129628.2,132515.5,2887.3,2887.3,365.7,0.126658,1,p:1.2.2.2.2.2
U151,6,FUSE2,129813.8,129813.8,132591.9,2778.1,2778.1,365.7,0.131637,1,p:2.1.1.1.2.2
U152,6,FUSE2,129822.6,129822.6,132687.5,2864.9,2864.9,365.7,0.127648,1,p:1.2.4.1.2.2
U153,6,FUSE2,129885.2,129885.2,132696.5,2811.3,2811.3,365.7,0.130082,1,p:2.1.3.1.2.2
U6125,246,FUSE0,129961.6,129961.6,132782.1,2820.5,2820.5,271.3,0.096189,1,p:1.1.5.1.2.2
U6126,246,FUSE0,129966.2,129966.2,132759.1,2792.9,2792.9,271.3,0.097139,1,p:2.1.2.2.2.2
U6127,246,FUSE0,130066.2,130066.2,132835.5,2769.3,2769.3,271.3,0.097967,1,p:1.1.1.1.2.2
U6128,246,FUSE0,130128.8,130128.8,132931.1,2802.3,2802.3,271.3,0.096813,1,p:2.1.4.1.2.2
U6129,246,FUSE0,130151.8,130151.8,132940.1,2788.3,2788.3,271.3,0.097299,1,p:1.1.3.1.2.2
U6130,246,FUSE0,130205.2,130205.2,133025.7,2820.5,2820.5,271.3,0.096189,1,p:2.1.5.1.2.2
U6131,246,FUSE0,130209.8,130209.8,133002.7,2792.9,2792.9,271.3,0.097139,1,p:1.2.2.2.2.2
U6132,246,FUSE1,130309.8,130309.8,133141.1,2831.3,2831.3,333.3,0.11772,1,p:2.1.1.1.2.2
U6133,246,FUSE1,130372.4,130372.4,133236.7,2864.3,2864.3,333.3,0.116364,1,p:1.1.4.1.2.2
U6134,246,FUSE1,130395.4,130395.4,133245.7,2850.3,2850.3,333.3,0.116935,1,p:2.1.3.1.2.2
U6135,246,FUSE1,130510.8,130510.8,133331.3,2820.5,2820.5,333.3,0.118171,1,p:1.1.5.1.2.2
U6136,246,FUSE1,130515.4,130515.4,133308.3,2792.9,2792.9,333.3,0.119338,1,p:2.1.2.2.2.2
U6137,246,FUSE1,130615.4,130615.4,133446.7,2831.3,2831.3,333.3,0.11772,1,p:1.1.1.1.2.2
U6138,246,FUSE1,130678.0,130678.0,133542.3,2864.3,2864.3,333.3,0.116364,1,p:2.1.4.1.2.2
U6139,246,FUSE2,130701.0,130701.0,133583.7,2882.7,2882.7,365.7,0.12686,1,p:1.1.3.1.2.2
U6140,246,FUSE2,130816.4,130816.4,133669.3,2852.9,2852.9,365.7,0.128185,1,p:2.1.5.1.2.2
U6141,246,FUSE2,130821.0,130821.0,133646.3,2825.3,2825.3,365.7,0.129438,1,p:1.2.2.2.2.2
U6142,246,FUSE2,130921.0,130921.0,133784.7,2863.7,2863.7,365.7,0.127702,1,p:2.1.1.1.2.2
U6143,246,FUSE2,131016.0,131016.0,133880.3,2864.3,2864.3,365.7,0.127675,1,p:1.1.4.1.2.2
U6144,246,FUSE2,131039.0,131039.0,133921.7,2882.7,2882.7,365.7,0.12686,1,p:2.1.3.1.2.2
U6145,246,FUSE2,131154.4,131154.4,134007.3,2852.9,2852.9,365.7,0.128185,1,p:1.1.5.1.2.2
U6146,246,FUSE2,131159.0,131159.0,133984.3,2825.3,2825.3,365.7,0.129438,1,p:2.1.2.2.2.2
U7552,303,FUSE0,131259.0,131259.0,134028.3,2769.3,2769.3,271.3,0.097967,1,p:1.1.1.1.2.2
U7553,303,FUSE0,131354.0,131354.0,134123.9,2769.9,2769.9,271.3,0.097946,1,p:2.1.4.1.2.2
U7554,303,FUSE0,131377.0,131377.0,134165.3,2788.3,2788.3,271.3,0.097299,1,p:1.1.3.1.2.2
U7555,303,FUSE0,131398.0,131398.0,134250.9,2852.9,2852.9,271.3,0.095096,1,p:2.1.5.1.2.2
U7556,303,FUSE0,131493.6,131493.6,134227.9,2734.3,2734.3,271.3,0.099221,1,p:1.1.2.2.2.2
U7557,303,FUSE0,131502.6,131502.6,134271.9,2769.3,2769.3,271.3,0.097967,1,p:2.1.1.1.2.2
U7558,303,FUSE0,131597.6,131597.6,134367.5,2769.9,2769.9,271.3,0.097946,1,p:1.1.4.1.2.2
U7559,303,FUSE0,131620.6,131620.6,134408.9,2788.3,2788.3,271.3,0.097299,1,p:2.1.3.1.2.2
U7560,303,FUSE1,131641.6,131641.6,134556.5,2914.9,2914.9,333.3,0.114344,1,p:1.1.5.1.2.2
U7561,303,FUSE1,131737.2,131737.2,134533.5,2796.3,2796.3,333.3,0.119193,1,p:2.1.2.2.2.2
U7562,303,FUSE1,131746.2,131746.2,134577.5,2831.3,2831.3,333.3,0.11772,1,p:1.2.1.1.2.2
U7563,303,FUSE1,131903.2,131903.2,134673.1,2769.9,2769.9,333.3,0.120329,1,p:2.1.4.1.2.2
U7564,303,FUSE1,131926.2,131926.2,134714.5,2788.3,2788.3,333.3,0.119535,1,p:1.1.3.1.2.2
U7565,303,FUSE1,131947.2,131947.2,134862.1,2914.9,2914.9,333.3,0.114344,1,p:2.1.5.1.2.2
U7566,303,FUSE1,132042.8,132042.8,134839.1,2796.3,2796.3,333.3,0.119193,1,p:1.1.2.2.2.2
U7567,303,FUSE1,132051.8,132051.8,134883.1,2831.3,2831.3,333.3,0.11772,1,p:2.1.1.1.2.2
U7568,303,FUSE2,132208.8,132208.8,135011.1,2802.3,2802.3,365.7,0.1305,1,p:1.1.4.1.2.2
U7569,303,FUSE2,132231.8,132231.8,135052.5,2820.7,2820.7,365.7,0.129649,1,p:2.1.3.1.2.2
U7570,303,FUSE2,132285.2,132285.2,135200.1,2914.9,2914.9,365.7,0.125459,1,p:1.1.5.1.2.2
U7571,303,FUSE2,132380.8,132380.8,135177.1,2796.3,2796.3,365.7,0.13078,1,p:2.1.2.2.2.2
U7572,303,FUSE2,132389.8,132389.8,135221.1,2831.3,2831.3,365.7,0.129163,1,p:1.2.1.1.2.2
U7573,303,FUSE2,132546.8,132546.8,135349.1,2802.3,2802.3,365.7,0.1305,1,p:2.1.4.1.2.2
U7574,303,FUSE2,132569.8,132569.8,135390.5,2820.7,2820.7,365.7,0.129649,1,p:1.1.3.1.2.2
U7575,303,FUSE2,132623.2,132623.2,135538.1,2914.9,2914.9,365.7,0.125459,1,p:2.1.5.1.2.2
U1855,76,FUSE0,132718.8,132718.8,135420.7,2701.9,2701.9,271.3,0.100411,1,p:1.1.2.1.2.2
U1856,76,FUSE0,132727.8,132727.8,135464.7,2736.9,2736.9,271.3,0.099127,1,p:2.1.1.2.2.2
U1857,76,FUSE0,132790.4,132790.4,135592.7,2802.3,2802.3,271.3,0.096813,1,p:1.1.4.1.2.2
U1858,76,FUSE0,132813.4,132813.4,135634.1,2820.7,2820.7,271.3,0.096182,1,p:2.1.3.1.2.2
U1859,76,FUSE0,132866.8,132866.8,135664.3,2797.5,2797.5,271.3,0.096979,1,p:1.1.2.1.2.2
U1860,76,FUSE0,132962.4,132962.4,135781.7,2819.3,2819.3,271.3,0.09623,1,p:2.1.5.1.2.2
U1861,76,FUSE0,132971.4,132971.4,135708.3,2736.9,2736.9,271.3,0.099127,1,p:1.2.1.2.2.2
U1862,76,FUSE0,133034.0,133034.0,135836.3,2802.3,2802.3,271.3,0.096813,1,p:2.1.4.1.2.2
U1863,76,FUSE0,133057.0,133057.0,135877.7,2820.7,2820.7,271.3,0.096182,1,p:1.1.3.1.2.2
U1864,76,FUSE1,133172.4,133172.4,135969.9,2797.5,2797.5,333.3,0.119142,1,p:2.1.2.1.2.2
U1865,76,FUSE1,133268.0,133268.0,136087.3,2819.3,2819.3,333.3,0.118221,1,p:1.1.5.1.2.2
U1866,76,FUSE1,133277.0,133277.0,136013.9,2736.9,2736.9,333.3,0.12178,1,p:2.1.1.2.2.2
U1867,76,FUSE1,133339.6,133339.6,136141.9,2802.3,2802.3,333.3,0.118938,1,p:1.1.4.1.2.2
U1868,76,FUSE1,133362.6,133362.6,136183.3,2820.7,2820.7,333.3,0.118162,1,p:2.1.3.1.2.2
U1869,76,FUSE1,133478.0,133478.0,136275.5,2797.5,2797.5,333.3,0.119142,1,p:1.1.2.1.2.2
U1870,76,FUSE1,133573.6,133573.6,136392.9,2819.3,2819.3,333.3,0.118221,1,p:2.1.5.1.2.2
U1871,76,FUSE1,133615.0,133615.0,136319.5,2704.5,2704.5,333.3,0.123239,1,p:1.1.1.2.2.2
U1872,76,FUSE1,133677.6,133677.6,136447.5,2769.9,2769.9,333.3,0.120329,1,p:2.1.4.1.2.2
U1873,76,FUSE2,133700.6,133700.6,136521.3,2820.7,2820.7,365.7,0.129649,1,p:1.1.3.1.2.2
U1874,76,FUSE2,133816.0,133816.0,136613.5,2797.5,2797.5,365.7,0.130724,1,p:2.1.2.1.2.2
U1875,76,FUSE2,133911.6,133911.6,136730.9,2819.3,2819.3,365.7,0.129713,1,p:1.1.5.1.2.2
U1876,76,FUSE2,133953.0,133953.0,136657.5,2704.5,2704.5,365.7,0.135219,1,p:2.1.1.2.2.2
U1877,76,FUSE2,134015.6,134015.6,136785.5,2769.9,2769.9,365.7,0.132026,1,p:1.1.4.1.2.2
U1878,76,FUSE2,134038.6,134038.6,136859.3,2820.7,2820.7,365.7,0.129649,1,p:2.1.3.1.2.2
U1879,76,FUSE2,134059.6,134059.6,136951.5,2891.9,2891.9,365.7,0.126457,1,p:1.1.2.1.2.2
U1880,76,FUSE2,134155.2,134155.2,137068.9,2913.7,2913.7,365.7,0.125511,1,p:2.1.5.1.2.2
U1881,76,FUSE2,134196.6,134196.6,136995.5,2798.9,2798.9,365.7,0.130658,1,p:1.1.1.2.2.2
U4704,189,FUSE0,134259.2,134259.2,137029.1,2769.9,2769.9,271.3,0.097946,1,p:2.1.4.1.2.2
U4705,189,FUSE0,134282.2,134282.2,137102.9,2820.7,2820.7,271.3,0.096182,1,p:1.1.3.1.2.2
U4706,189,FUSE0,134303.2,134303.2,137195.1,2891.9,2891.9,271.3,0.093814,1,p:2.1.2.1.2.2
U4707,189,FUSE0,134398.8,134398.8,137272.7,2873.9,2873.9,271.3,0.094401,1,p:1.1.4.1.2.2
U4708,189,FUSE0,134440.2,134440.2,137312.5,2872.3,2872.3,271.3,0.094454,1,p:2.1.5.1.2.2
U4709,189,FUSE0,134564.8,134564.8,137239.1,2674.3,2674.3,271.3,0.101447,1,p:1.1.1.2.2.2
U4710,189,FUSE0,134587.8,134587.8,137346.5,2758.7,2758.7,271.3,0.098343,1,p:2.1.3.1.2.2
U4711,189,FUSE1,134608.8,134608.8,137500.7,2891.9,2891.9,333.3,0.115253,1,p:1.1.2.1.2.2
U4712,189,FUSE1,134704.4,134704.4,137578.3,2873.9,2873.9,333.3,0.115975,1,p:2.1.4.1.2.2
U4713,189,FUSE1,134745.8,134745.8,137618.1,2872.3,2872.3,333.3,0.116039,1,p:1.1.5.1.2.2
U4714,189,FUSE1,134870.4,134870.4,137544.7,2674.3,2674.3,333.3,0.124631,1,p:2.1.1.2.2.2
U4715,189,FUSE1,134893.4,134893.4,137652.1,2758.7,2758.7,333.3,0.120818,1,p:1.1.3.1.2.2
U4716,189,FUSE1,134914.4,134914.4,137806.3,2891.9,2891.9,333.3,0.115253,1,p:2.1.2.1.2.2
U4717,189,FUSE1,135042.4,135042.4,137887.3,2844.9,2844.9,333.3,0.117157,1,p:1.1.4.1.2.2
U4718,189,FUSE2,135083.8,135083.8,137956.1,2872.3,2872.3,365.7,0.12732,1,p:2.1.5.1.2.2
U4719,189,FUSE2,135208.4,135208.4,137882.7,2674.3,2674.3,365.7,0.136746,1,p:1.1.1.2.2.2
U4720,189,FUSE2,135231.4,135231.4,137990.1,2758.7,2758.7,365.7,0.132562,1,p:2.1.3.1.2.2
U4721,189,FUSE2,135252.4,135252.4,138144.3,2891.9,2891.9,365.7,0.126457,1,p:1.1.2.1.2.2
U4722,189,FUSE2,135380.4,135380.4,138225.3,2844.9,2844.9,365.7,0.128546,1,p:2.1.4.1.2.2
U4723,189,FUSE2,135421.8,135421.8,138294.1,2872.3,2872.3,365.7,0.12732,1,p:1.1.5.1.2.2
U4724,189,FUSE2,135452.0,135452.0,138220.7,2768.7,2768.7,365.7,0.132084,1,p:2.1.1.2.2.2
U4725,189,FUSE2,135496.0,135496.0,138328.1,2832.1,2832.1,365.7,0.129127,1,p:1.1.3.1.2.2
U4026,162,FUSE0,135569.4,135569.4,138387.9,2818.5,2818.5,271.3,0.096257,1,p:2.1.2.1.2.2
U4027,162,FUSE0,135624.0,135624.0,138468.9,2844.9,2844.9,271.3,0.095364,1,p:1.1.4.1.2.2
U4028,162,FUSE0,135665.4,135665.4,138537.7,2872.3,2872.3,271.3,0.094454,1,p:2.1.5.1.2.2
U4029,162,FUSE0,135695.6,135695.6,138464.3,2768.7,2768.7,271.3,0.097988,1,p:1.1.1.2.2.2
U4030,162,FUSE0,135739.6,135739.6,138571.7,2832.1,2832.1,271.3,0.095795,1,p:2.1.3.1.2.2
U4031,162,FUSE0,135813.0,135813.0,138631.5,2818.5,2818.5,271.3,0.096257,1,p:1.1.2.1.2.2
U4032,162,FUSE0,135867.6,135867.6,138709.1,2841.5,2841.5,271.3,0.095478,1,p:2.1.4.1.2.2
U4033,162,FUSE1,135909.0,135909.0,138843.3,2934.3,2934.3,333.3,0.113588,1,p:1.1.5.1.2.2
U4034,162,FUSE1,136001.2,136001.2,138769.9,2768.7,2768.7,333.3,0.120381,1,p:2.1.1.2.2.2
U4035,162,FUSE1,136045.2,136045.2,138877.3,2832.1,2832.1,333.3,0.117687,1,p:1.1.3.1.2.2
U4036,162,FUSE1,136118.6,136118.6,138937.1,2818.5,2818.5,333.3,0.118254,1,p:2.1.2.1.2.2
U4037,162,FUSE1,136173.2,136173.2,139014.7,2841.5,2841.5,333.3,0.117297,1,p:1.1.4.1.2.2
U4038,162,FUSE1,136214.6,136214.6,139148.9,2934.3,2934.3,333.3,0.113588,1,p:2.1.5.1.2.2
U4039,162,FUSE1,136306.8,136306.8,139075.5,2768.7,2768.7,333.3,0.120381,1,p:1.1.1.2.2.2
U4040,162,FUSE2,136350.8,136350.8,139215.3,2864.5,2864.5,365.7,0.127666,1,p:2.1.3.1.2.2
U4041,162,FUSE2,136424.2,136424.2,139275.1,2850.9,2850.9,365.7,0.128275,1,p:1.1.2.1.2.2
U4042,162,FUSE2,136478.8,136478.8,139352.7,2873.9,2873.9,365.7,0.127249,1,p:2.1.4.1.2.2
U4043,162,FUSE2,136552.6,136552.6,139486.9,2934.3,2934.3,365.7,0.124629,1,p:1.1.5.1.2.2
U4044,162,FUSE2,136644.8,136644.8,139413.5,2768.7,2768.7,365.7,0.132084,1,p:2.1.1.2.2.2
U4045,162,FUSE2,136688.8,136688.8,139553.3,2864.5,2864.5,365.7,0.127666,1,p:1.1.3.1.2.2
U4046,162,FUSE2,136762.2,136762.2,139613.1,2850.9,2850.9,365.7,0.128275,1,p:2.1.2.1.2.2
U7988,320,FUSE0,136816.8,136816.8,139596.3,2779.5,2779.5,271.3,0.097607,1,p:1.1.4.1.2.2
U7989,320,FUSE0,136890.6,136890.6,139730.5,2839.9,2839.9,271.3,0.095532,1,p:2.1.5.1.2.2
U7990,320,FUSE0,136982.8,136982.8,139657.1,2674.3,2674.3,271.3,0.101447,1,p:1.1.1.2.2.2
U7991,320,FUSE0,137026.8,137026.8,139796.9,2770.1,2770.1,271.3,0.097939,1,p:2.1.3.1.2.2
U7992,320,FUSE0,137060.4,137060.4,139839.9,2779.5,2779.5,271.3,0.097607,1,p:1.1.4.1.2.2
U7993,320,FUSE0,137100.2,137100.2,139856.7,2756.5,2756.5,271.3,0.098422,1,p:2.1.2.1.2.2
U7994,320,FUSE0,137134.2,137134.2,139974.1,2839.9,2839.9,271.3,0.095532,1,p:1.1.5.1.2.2
U7995,320,FUSE1,137226.4,137226.4,139962.7,2736.3,2736.3,333.3,0.121807,1,p:2.1.1.1.2.2
U7996,320,FUSE1,137270.4,137270.4,140102.5,2832.1,2832.1,333.3,0.117687,1,p:1.1.3.1.2.2
U7997,320,FUSE1,137304.0,137304.0,140145.5,2841.5,2841.5,333.3,0.117297,1,p:2.1.4.1.2.2
U7998,320,FUSE1,137343.8,137343.8,140162.3,2818.5,2818.5,333.3,0.118254,1,p:1.1.2.1.2.2
U7999,320,FUSE1,137377.8,137377.8,140279.7,2901.9,2901.9,333.3,0.114856,1,p:2.1.5.1.2.2
U8000,320,FUSE1,137532.0,137532.0,140268.3,2736.3,2736.3,333.3,0.121807,1,p:1.1.1.1.2.2
U8001,320,FUSE1,137576.0,137576.0,140408.1,2832.1,2832.1,333.3,0.117687,1,p:2.1.3.1.2.2
U8002,320,FUSE2,137609.6,137609.6,140483.5,2873.9,2873.9,365.7,0.127249,1,p:1.1.4.1.2.2
U8003,320,FUSE2,137649.4,137649.4,140500.3,2850.9,2850.9,365.7,0.128275,1,p:2.1.2.1.2.2
U8004,320,FUSE2,137683.4,137683.4,140617.7,2934.3,2934.3,365.7,0.124629,1,p:1.1.5.1.2.2
U8005,320,FUSE2,137837.6,137837.6,140606.3,2768.7,2768.7,365.7,0.132084,1,p:2.1.1.1.2.2
U8006,320,FUSE2,137914.0,137914.0,140746.1,2832.1,2832.1,365.7,0.129127,1,p:1.1.3.1.2.2
U8007,320,FUSE2,137918.6,137918.6,140821.5,2902.9,2902.9,365.7,0.125977,1,p:2.1.4.1.2.2
U8008,320,FUSE2,137987.4,137987.4,140838.3,2850.9,2850.9,365.7,0.128275,1,p:1.1.2.1.2.2
U8009,320,FUSE2,138021.4,138021.4,140955.7,2934.3,2934.3,365.7,0.124629,1,p:2.1.5.1.2.2
U8010,320,FUSE2,138175.6,138175.6,140944.3,2768.7,2768.7,365.7,0.132084,1,p:1.1.1.1.2.2
U5260,211,FUSE0,138252.0,138252.0,140989.7,2737.7,2737.7,271.3,0.099098,1,p:2.1.3.1.2.2
U5261,211,FUSE0,138256.6,138256.6,141065.1,2808.5,2808.5,271.3,0.0966,1,p:1.2.4.1.2.2
U5262,211,FUSE0,138325.4,138325.4,141081.9,2756.5,2756.5,271.3,0.098422,1,p:2.1.2.1.2.2
U5263,211,FUSE0,138359.4,138359.4,141199.3,2839.9,2839.9,271.3,0.095532,1,p:1.1.5.1.2.2
U5264,211,FUSE0,138419.2,138419.2,141187.9,2768.7,2768.7,271.3,0.097988,1,p:2.1.1.1.2.2
U5265,211,FUSE0,138495.6,138495.6,141233.3,2737.7,2737.7,271.3,0.099098,1,p:1.1.3.1.2.2
U5266,211,FUSE0,138500.2,138500.2,141308.7,2808.5,2808.5,271.3,0.0966,1,p:2.1.4.1.2.2
U5267,211,FUSE0,138569.0,138569.0,141325.5,2756.5,2756.5,271.3,0.098422,1,p:1.1.2.1.2.2
U5268,211,FUSE0,138603.0,138603.0,141442.9,2839.9,2839.9,271.3,0.095532,1,p:2.1.5.1.2.2
U5269,211,FUSE1,138662.8,138662.8,141493.5,2830.7,2830.7,333.3,0.117745,1,p:1.1.1.1.2.2
U5270,211,FUSE1,138740.4,138740.4,141538.9,2798.5,2798.5,333.3,0.1191,1,p:2.1.3.1.2.2
U5271,211,FUSE1,138801.2,138801.2,141614.3,2813.1,2813.1,333.3,0.118481,1,p:1.1.4.1.2.2
U5272,211,FUSE1,138874.6,138874.6,141631.1,2756.5,2756.5,333.3,0.120914,1,p:2.1.2.1.2.2
U5273,211,FUSE1,138908.6,138908.6,141748.5,2839.9,2839.9,333.3,0.117363,1,p:1.1.5.1.2.2
U5274,211,FUSE1,138968.4,138968.4,141799.1,2830.7,2830.7,333.3,0.117745,1,p:2.1.1.1.2.2
U5275,211,FUSE1,139046.0,139046.0,141844.5,2798.5,2798.5,333.3,0.1191,1,p:1.1.3.1.2.2
U5276,211,FUSE1,139106.8,139106.8,141919.9,2813.1,2813.1,333.3,0.118481,1,p:2.1.4.1.2.2
U5277,211,FUSE2,139180.2,139180.2,141969.1,2788.9,2788.9,365.7,0.131127,1,p:1.1.2.1.2.2
U5278,211,FUSE2,139246.6,139246.6,142086.5,2839.9,2839.9,365.7,0.128772,1,p:2.1.5.1.2.2
U5279,211,FUSE2,139306.4,139306.4,142137.1,2830.7,2830.7,365.7,0.129191,1,p:1.1.1.1.2.2
U5280,211,FUSE2,139384.0,139384.0,142182.5,2798.5,2798.5,365.7,0.130677,1,p:2.1.3.1.2.2
U5281,211,FUSE2,139444.8,139444.8,142257.9,2813.1,2813.1,365.7,0.129999,1,p:1.1.4.1.2.2
U5282,211,FUSE2,139518.2,139518.2,142307.1,2788.9,2788.9,365.7,0.131127,1,p:2.1.2.1.2.2
U5283,211,FUSE2,139584.6,139584.6,142424.5,2839.9,2839.9,365.7,0.128772,1,p:1.1.5.1.2.2
U5284,211,FUSE2,139627.6,139627.6,142520.5,2892.9,2892.9,365.7,0.126413,1,p:2.1.3.1.2.2
U5285,211,FUSE2,139644.4,139644.4,142475.1,2830.7,2830.7,365.7,0.129191,1,p:1.1.1.2.2.2
U8147,326,FUSE0,139688.4,139688.4,142501.5,2813.1,2813.1,271.3,0.096442,1,p:2.1.4.1.2.2
U8148,326,FUSE0,139761.8,139761.8,142550.7,2788.9,2788.9,271.3,0.097278,1,p:1.1.2.1.2.2
U8149,326,FUSE0,139828.2,139828.2,142668.1,2839.9,2839.9,271.3,0.095532,1,p:2.1.5.1.2.2
U8150,326,FUSE0,139871.2,139871.2,142745.1,2873.9,2873.9,271.3,0.094401,1,p:1.1.4.1.2.2
U8151,326,FUSE0,139888.0,139888.0,142718.7,2830.7,2830.7,271.3,0.095842,1,p:2.1.1.2.2.2
U8152,326,FUSE0,139994.0,139994.0,142764.1,2770.1,2770.1,271.3,0.097939,1,p:1.1.3.1.2.2
U8153,326,FUSE0,140005.4,140005.4,142794.3,2788.9,2788.9,271.3,0.097278,1,p:2.1.2.1.2.2
U8154,326,FUSE0,140133.8,140133.8,142911.7,2777.9,2777.9,271.3,0.097664,1,p:1.1.5.1.2.2
U8155,326,FUSE0,140176.8,140176.8,142962.3,2785.5,2785.5,271.3,0.097397,1,p:2.1.1.1.2.2
U8156,326,FUSE1,140193.6,140193.6,143050.7,2857.1,2857.1,333.3,0.116657,1,p:1.1.4.1.2.2
U8157,326,FUSE1,140299.6,140299.6,143099.9,2800.3,2800.3,333.3,0.119023,1,p:2.1.2.1.2.2
U8158,326,FUSE1,140311.0,140311.0,143069.7,2758.7,2758.7,333.3,0.120818,1,p:1.1.3.1.2.2
U8159,326,FUSE1,140439.4,140439.4,143217.3,2777.9,2777.9,333.3,0.119983,1,p:2.1.5.1.2.2
U8160,326,FUSE1,140514.8,140514.8,143267.9,2753.1,2753.1,333.3,0.121064,1,p:1.1.1.1.2.2
U8161,326,FUSE1,140531.6,140531.6,143356.3,2824.7,2824.7,333.3,0.117995,1,p:2.1.4.1.2.2
U8162,326,FUSE1,140637.6,140637.6,143375.3,2737.7,2737.7,333.3,0.121745,1,p:1.1.3.1.2.2
U8163,326,FUSE1,140649.0,140649.0,143405.5,2756.5,2756.5,333.3,0.120914,1,p:2.1.2.1.2.2
U8164,326,FUSE1,140777.4,140777.4,143522.9,2745.5,2745.5,333.3,0.121399,1,p:1.1.5.1.2.2
U8165,326,FUSE2,140852.8,140852.8,143694.3,2841.5,2841.5,365.7,0.1287,1,p:2.1.4.1.2.2
U8166,326,FUSE2,140869.6,140869.6,143605.9,2736.3,2736.3,365.7,0.133648,1,p:1.1.1.1.2.2
U8167,326,FUSE2,140975.6,140975.6,143743.5,2767.9,2767.9,365.7,0.132122,1,p:2.1.2.1.2.2
U8168,326,FUSE2,140987.0,140987.0,143713.3,2726.3,2726.3,365.7,0.134138,1,p:1.1.3.1.2.2
U8169,326,FUSE2,141021.0,141021.0,143860.9,2839.9,2839.9,365.7,0.128772,1,p:2.1.5.1.2.2
U8170,326,FUSE2,141096.4,141096.4,143943.9,2847.5,2847.5,365.7,0.128428,1,p:1.1.1.1.2.2
U8171,326,FUSE2,141113.2,141113.2,144032.3,2919.1,2919.1,365.7,0.125278,1,p:2.1.4.1.2.2
U8172,326,FUSE2,141219.2,141219.2,144051.3,2832.1,2832.1,365.7,0.129127,1,p:1.1.3.1.2.2
U1531,63,FUSE0,141230.6,141230.6,143987.1,2756.5,2756.5,271.3,0.098422,1,p:2.1.2.1.2.2
U1532,63,FUSE0,141264.6,141264.6,144104.5,2839.9,2839.9,271.3,0.095532,1,p:1.1.5.1.2.2
U1533,63,FUSE0,141340.0,141340.0,144230.7,2890.7,2890.7,271.3,0.093853,1,p:2.1.2.1.2.2
U1534,63,FUSE0,141356.8,141356.8,144187.5,2830.7,2830.7,271.3,0.095842,1,p:1.1.1.1.2.2
U1535,63,FUSE0,141474.2,141474.2,144275.9,2801.7,2801.7,271.3,0.096834,1,p:2.1.4.1.2.2
U1536,63,FUSE0,141524.8,141524.8,144294.9,2770.1,2770.1,271.3,0.097939,1,p:1.1.3.1.2.2
U1537,63,FUSE0,141570.2,141570.2,144348.1,2777.9,2777.9,271.3,0.097664,1,p:2.1.5.1.2.2
U1538,63,FUSE0,141645.6,141645.6,144431.1,2785.5,2785.5,271.3,0.097397,1,p:1.1.1.1.2.2
U1539,63,FUSE1,141662.4,141662.4,144536.3,2873.9,2873.9,333.3,0.115975,1,p:2.1.2.1.2.2
U1540,63,FUSE1,141779.8,141779.8,144581.5,2801.7,2801.7,333.3,0.118963,1,p:1.1.4.1.2.2
U1541,63,FUSE1,141830.4,141830.4,144600.5,2770.1,2770.1,333.3,0.120321,1,p:2.1.3.1.2.2
U1542,63,FUSE1,141875.8,141875.8,144653.7,2777.9,2777.9,333.3,0.119983,1,p:1.1.5.1.2.2
U1543,63,FUSE1,141951.2,141951.2,144736.7,2785.5,2785.5,333.3,0.119655,1,p:2.1.1.1.2.2
U1544,63,FUSE1,142000.4,142000.4,144841.9,2841.5,2841.5,333.3,0.117297,1,p:1.1.2.1.2.2
U1545,63,FUSE1,142117.8,142117.8,144887.1,2769.3,2769.3,333.3,0.120355,1,p:2.1.4.1.2.2
U1546,63,FUSE1,142168.4,142168.4,144906.1,2737.7,2737.7,333.3,0.121745,1,p:1.1.3.1.2.2
U1547,63,FUSE2,142213.8,142213.8,144991.7,2777.9,2777.9,365.7,0.131646,1,p:2.1.5.1.2.2
U1548,63,FUSE2,142289.2,142289.2,145074.7,2785.5,2785.5,365.7,0.131287,1,p:1.1.1.1.2.2
U1549,63,FUSE2,142338.4,142338.4,145179.9,2841.5,2841.5,365.7,0.1287,1,p:2.1.2.1.2.2
U1550,63,FUSE2,142455.8,142455.8,145225.1,2769.3,2769.3,365.7,0.132055,1,p:1.1.4.1.2.2
U1551,63,FUSE2,142506.4,142506.4,145244.1,2737.7,2737.7,365.7,0.133579,1,p:2.1.3.1.2.2
U1552,63,FUSE2,142532.8,142532.8,145329.7,2796.9,2796.9,365.7,0.130752,1,p:1.1.5.1.2.2
U1553,63,FUSE2,142551.8,142551.8,145412.7,2860.9,2860.9,365.7,0.127827,1,p:2.1.1.1.2.2
U1554,63,FUSE2,142582.0,142582.0,145517.9,2935.9,2935.9,365.7,0.124561,1,p:1.1.2.2.2.2
U1555,63,FUSE2,142699.4,142699.4,145563.1,2863.7,2863.7,365.7,0.127702,1,p:2.1.4.1.2.2
U3126,127,FUSE0,142750.0,142750.0,145487.7,2737.7,2737.7,271.3,0.099098,1,p:1.1.3.1.2.2
U3127,127,FUSE0,142776.4,142776.4,145656.3,2879.9,2879.9,271.3,0.094205,1,p:2.1.1.1.2.2
U3128,127,FUSE0,142795.4,142795.4,145573.3,2777.9,2777.9,271.3,0.097664,1,p:1.1.5.1.2.2
U3129,127,FUSE0,142825.6,142825.6,145731.3,2905.7,2905.7,271.3,0.093368,1,p:2.1.3.1.2.2
U3130,127,FUSE0,142943.0,142943.0,145816.9,2873.9,2873.9,271.3,0.094401,1,p:1.1.5.1.2.2
U3131,127,FUSE0,142993.6,142993.6,145761.5,2767.9,2767.9,271.3,0.098017,1,p:2.1.2.2.2.2
U3132,127,FUSE0,143082.0,143082.0,145806.7,2724.7,2724.7,271.3,0.099571,1,p:1.1.4.1.2.2
U3133,127,FUSE0,143101.0,143101.0,145899.9,2798.9,2798.9,271.3,0.096931,1,p:2.1.1.1.2.2
U3134,127,FUSE1,143131.2,143131.2,146036.9,2905.7,2905.7,333.3,0.114706,1,p:1.1.3.1.2.2
U3135,127,FUSE1,143248.6,143248.6,146122.5,2873.9,2873.9,333.3,0.115975,1,p:2.1.5.1.2.2
U3136,127,FUSE1,143299.2,143299.2,146067.1,2767.9,2767.9,333.3,0.120416,1,p:1.1.2.2.2.2
U3137,127,FUSE1,143387.6,143387.6,146205.5,2817.9,2817.9,333.3,0.11828,1,p:2.1.1.1.2.2
U3138,127,FUSE1,143406.6,143406.6,146112.3,2705.7,2705.7,333.3,0.123184,1,p:1.1.4.1.2.2
U3139,127,FUSE1,143436.8,143436.8,146342.5,2905.7,2905.7,333.3,0.114706,1,p:2.1.3.1.2.2
U3140,127,FUSE1,143554.2,143554.2,146428.1,2873.9,2873.9,333.3,0.115975,1,p:1.1.5.1.2.2
U3141,127,FUSE1,143637.2,143637.2,146372.7,2735.5,2735.5,333.3,0.121842,1,p:2.1.2.2.2.2
U3142,127,FUSE2,143725.6,143725.6,146450.3,2724.7,2724.7,365.7,0.134217,1,p:1.1.4.1.2.2
U3143,127,FUSE2,143744.6,143744.6,146543.5,2798.9,2798.9,365.7,0.130658,1,p:2.1.1.1.2.2
U3144,127,FUSE2,143774.8,143774.8,146680.5,2905.7,2905.7,365.7,0.125856,1,p:1.1.3.1.2.2
U3145,127,FUSE2,143892.2,143892.2,146766.1,2873.9,2873.9,365.7,0.127249,1,p:2.1.5.1.2.2
U3146,127,FUSE2,143975.2,143975.2,146710.7,2735.5,2735.5,365.7,0.133687,1,p:1.1.2.2.2.2
U3147,127,FUSE2,144018.4,144018.4,146788.3,2769.9,2769.9,365.7,0.132026,1,p:2.1.4.1.2.2
U3148,127,FUSE2,144063.6,144063.6,146881.5,2817.9,2817.9,365.7,0.129777,1,p:1.1.1.1.2.2
U3149,127,FUSE2,144082.6,144082.6,147018.5,2935.9,2935.9,365.7,0.124561,1,p:2.1.3.1.2.2
U3150,127,FUSE2,144135.8,144135.8,147104.1,2968.3,2968.3,365.7,0.123202,1,p:1.1.5.1.2.2
U5449,219,FUSE0,144218.8,144218.8,146954.3,2735.5,2735.5,271.3,0.099177,1,p:2.1.2.1.2.2
U5450,219,FUSE0,144262.0,144262.0,147031.9,2769.9,2769.9,271.3,0.097946,1,p:1.1.4.1.2.2
U5451,219,FUSE0,144307.2,144307.2,147197.9,2890.7,2890.7,271.3,0.093853,1,p:2.1.2.1.2.2
U5452,219,FUSE0,144326.2,144326.2,147125.1,2798.9,2798.9,271.3,0.096931,1,p:1.1.1.1.2.2
U5453,219,FUSE0,144379.4,144379.4,147275.5,2896.1,2896.1,271.3,0.093678,1,p:2.1.4.1.2.2
U5454,219,FUSE0,144462.4,144462.4,147262.1,2799.7,2799.7,271.3,0.096903,1,p:1.1.3.1.2.2
U5455,219,FUSE0,144567.6,144567.6,147347.7,2780.1,2780.1,271.3,0.097586,1,p:2.1.5.1.2.2
U5456,219,FUSE0,144612.8,144612.8,147368.7,2755.9,2755.9,271.3,0.098443,1,p:1.1.1.1.2.2
U5457,219,FUSE0,144631.8,144631.8,147441.5,2809.7,2809.7,271.3,0.096558,1,p:2.1.2.1.2.2
U5458,219,FUSE0,144685.0,144685.0,147519.1,2834.1,2834.1,271.3,0.095727,1,p:1.1.4.1.2.2
U5459,219,FUSE1,144768.0,144768.0,147567.7,2799.7,2799.7,333.3,0.119048,1,p:2.1.3.1.2.2
U5460,219,FUSE1,144873.2,144873.2,147653.3,2780.1,2780.1,333.3,0.119888,1,p:1.1.5.1.2.2
U5461,219,FUSE1,144918.4,144918.4,147747.1,2828.7,2828.7,333.3,0.117828,1,p:2.1.2.1.2.2
U5462,219,FUSE1,144937.4,144937.4,147674.3,2736.9,2736.9,333.3,0.12178,1,p:1.1.1.1.2.2
U5463,219,FUSE1,145023.0,145023.0,147824.7,2801.7,2801.7,333.3,0.118963,1,p:2.1.4.1.2.2
U5464,219,FUSE1,145106.0,145106.0,147873.3,2767.3,2767.3,333.3,0.120442,1,p:1.1.3.1.2.2
U5465,219,FUSE1,145211.2,145211.2,147958.9,2747.7,2747.7,333.3,0.121301,1,p:2.1.5.1.2.2
U5466,219,FUSE1,145256.4,145256.4,147979.9,2723.5,2723.5,333.3,0.122379,1,p:1.1.1.1.2.2
U5467,219,FUSE1,145275.4,145275.4,148052.7,2777.3,2777.3,333.3,0.120009,1,p:2.1.2.1.2.2
U5468,219,FUSE1,145361.0,145361.0,148130.3,2769.3,2769.3,333.3,0.120355,1,p:1.1.4.1.2.2
U5469,219,FUSE2,145444.0,145444.0,148211.3,2767.3,2767.3,365.7,0.13215,1,p:2.1.3.1.2.2
U5470,219,FUSE2,145519.0,145519.0,148296.9,2777.9,2777.9,365.7,0.131646,1,p:1.1.5.1.2.2
U5471,219,FUSE2,145549.2,145549.2,148317.9,2768.7,2768.7,365.7,0.132084,1,p:2.1.1.1.2.2
U5472,219,FUSE2,145594.4,145594.4,148390.7,2796.3,2796.3,365.7,0.13078,1,p:1.1.2.1.2.2
U5473,219,FUSE2,145604.6,145604.6,148468.3,2863.7,2863.7,365.7,0.127702,1,p:2.1.4.1.2.2
U5474,219,FUSE2,145687.6,145687.6,148549.3,2861.7,2861.7,365.7,0.127791,1,p:1.1.3.1.2.2
U5475,219,FUSE2,145762.6,145762.6,148634.9,2872.3,2872.3,365.7,0.12732,1,p:2.1.5.1.2.2
U5476,219,FUSE2,145792.8,145792.8,148655.9,2863.1,2863.1,365.7,0.127729,1,p:1.1.1.1.2.2
U5477,219,FUSE2,145838.0,145838.0,148728.7,2890.7,2890.7,365.7,0.126509,1,p:2.1.2.1.2.2
U5478,219,FUSE2,145848.2,145848.2,148806.3,2958.1,2958.1,365.7,0.123627,1,p:1.2.4.1.2.2
U5479,219,FUSE2,145931.2,145931.2,148887.3,2956.1,2956.1,365.7,0.12371,1,p:2.1.3.1.2.2
U6397,257,FUSE0,146068.2,146068.2,148878.5,2810.3,2810.3,271.3,0.096538,1,p:1.1.5.1.2.2
U6398,257,FUSE0,146098.4,146098.4,148899.5,2801.1,2801.1,271.3,0.096855,1,p:2.1.1.1.2.2
U6399,257,FUSE0,146143.6,146143.6,148972.3,2828.7,2828.7,271.3,0.09591,1,p:1.1.2.1.2.2
U6400,257,FUSE0,146153.8,146153.8,149049.9,2896.1,2896.1,271.3,0.093678,1,p:2.1.4.1.2.2
U6401,257,FUSE0,146236.8,146236.8,149122.1,2885.3,2885.3,271.3,0.094028,1,p:1.1.5.1.2.2
U6402,257,FUSE0,146373.8,146373.8,149130.9,2757.1,2757.1,271.3,0.0984,1,p:2.1.3.1.2.2
U6403,257,FUSE0,146404.0,146404.0,149143.1,2739.1,2739.1,271.3,0.099047,1,p:1.1.1.1.2.2
U6404,257,FUSE1,146459.4,146459.4,149277.9,2818.5,2818.5,333.3,0.118254,1,p:2.1.2.1.2.2
U6405,257,FUSE1,146481.6,146481.6,149355.5,2873.9,2873.9,333.3,0.115975,1,p:1.1.4.1.2.2
U6406,257,FUSE1,146574.8,146574.8,149427.7,2852.9,2852.9,333.3,0.116828,1,p:2.1.5.1.2.2
U6407,257,FUSE1,146711.8,146711.8,149436.5,2724.7,2724.7,333.3,0.122325,1,p:1.1.3.1.2.2
U6408,257,FUSE1,146742.0,146742.0,149448.7,2706.7,2706.7,333.3,0.123139,1,p:2.1.1.1.2.2
U6409,257,FUSE1,146797.4,146797.4,149583.5,2786.1,2786.1,333.3,0.11963,1,p:1.1.2.1.2.2
U6410,257,FUSE1,146819.6,146819.6,149661.1,2841.5,2841.5,333.3,0.117297,1,p:2.1.4.1.2.2
U6411,257,FUSE2,146912.8,146912.8,149765.7,2852.9,2852.9,365.7,0.128185,1,p:1.1.5.1.2.2
U6412,257,FUSE2,146985.6,146985.6,149774.5,2788.9,2788.9,365.7,0.131127,1,p:2.1.3.1.2.2
U6413,257,FUSE2,147049.8,147049.8,149786.7,2736.9,2736.9,365.7,0.133618,1,p:1.1.1.1.2.2
U6414,257,FUSE2,147063.2,147063.2,149921.5,2858.3,2858.3,365.7,0.127943,1,p:2.1.2.1.2.2
U6415,257,FUSE2,147135.4,147135.4,149999.1,2863.7,2863.7,365.7,0.127702,1,p:1.1.4.1.2.2
U6416,257,FUSE2,147156.4,147156.4,150103.7,2947.3,2947.3,365.7,0.12408,1,p:2.1.5.1.2.2
U6417,257,FUSE2,147229.2,147229.2,150112.5,2883.3,2883.3,365.7,0.126834,1,p:1.1.3.1.2.2
U6418,257,FUSE2,147293.4,147293.4,150259.5,2966.1,2966.1,365.7,0.123293,1,p:2.1.2.1.2.2
U1454,60,FUSE0,147306.8,147306.8,150030.3,2723.5,2723.5,271.3,0.099614,1,p:1.1.1.2.2.2
U1455,60,FUSE0,147379.0,147379.0,150242.7,2863.7,2863.7,271.3,0.094738,1,p:2.1.4.1.2.2
U1456,60,FUSE0,147400.0,147400.0,150347.3,2947.3,2947.3,271.3,0.09205,1,p:1.1.5.1.2.2
U1457,60,FUSE0,147472.8,147472.8,150273.9,2801.1,2801.1,271.3,0.096855,1,p:2.1.1.2.2.2
U1458,60,FUSE0,147550.4,147550.4,150356.1,2805.7,2805.7,271.3,0.096696,1,p:1.1.3.1.2.2
U1459,60,FUSE0,147599.0,147599.0,150486.3,2887.3,2887.3,271.3,0.093963,1,p:2.1.4.1.2.2
U1460,60,FUSE0,147684.6,147684.6,150503.1,2818.5,2818.5,271.3,0.096257,1,p:1.1.2.1.2.2
U1461,60,FUSE0,147705.6,147705.6,150590.9,2885.3,2885.3,271.3,0.094028,1,p:2.1.5.1.2.2
U1462,60,FUSE1,147778.4,147778.4,150579.5,2801.1,2801.1,333.3,0.118989,1,p:1.1.1.1.2.2
U1463,60,FUSE1,147856.0,147856.0,150661.7,2805.7,2805.7,333.3,0.118794,1,p:2.1.3.1.2.2
U1464,60,FUSE1,147904.6,147904.6,150791.9,2887.3,2887.3,333.3,0.115437,1,p:1.1.4.1.2.2
U1465,60,FUSE1,147990.2,147990.2,150808.7,2818.5,2818.5,333.3,0.118254,1,p:2.1.2.1.2.2
U1466,60,FUSE1,148011.2,148011.2,150896.5,2885.3,2885.3,333.3,0.115517,1,p:1.1.5.1.2.2
U1467,60,FUSE1,148084.0,148084.0,150885.1,2801.1,2801.1,333.3,0.118989,1,p:2.1.1.1.2.2
U1468,60,FUSE1,148161.6,148161.6,150967.3,2805.7,2805.7,333.3,0.118794,1,p:1.1.3.1.2.2
U1469,60,FUSE1,148242.6,148242.6,151097.5,2854.9,2854.9,333.3,0.116747,1,p:2.1.4.1.2.2
U1470,60,FUSE2,148328.2,148328.2,151146.7,2818.5,2818.5,365.7,0.12975,1,p:1.1.2.1.2.2
U1471,60,FUSE2,148349.2,148349.2,151234.5,2885.3,2885.3,365.7,0.126746,1,p:2.1.5.1.2.2
U1472,60,FUSE2,148422.0,148422.0,151223.1,2801.1,2801.1,365.7,0.130556,1,p:1.1.1.1.2.2
U1473,60,FUSE2,148499.6,148499.6,151305.3,2805.7,2805.7,365.7,0.130342,1,p:2.1.3.1.2.2
U1474,60,FUSE2,148580.6,148580.6,151435.5,2854.9,2854.9,365.7,0.128096,1,p:1.1.4.1.2.2
U1475,60,FUSE2,148666.2,148666.2,151484.7,2818.5,2818.5,365.7,0.12975,1,p:2.1.2.1.2.2
U1476,60,FUSE2,148687.2,148687.2,151572.5,2885.3,2885.3,365.7,0.126746,1,p:1.1.5.1.2.2
U1477,60,FUSE2,148760.0,148760.0,151561.1,2801.1,2801.1,365.7,0.130556,1,p:2.1.1.1.2.2
U1478,60,FUSE2,148837.6,148837.6,151643.3,2805.7,2805.7,365.7,0.130342,1,p:1.1.3.1.2.2
U5209,209,FUSE0,148909.8,148909.8,151679.1,2769.3,2769.3,271.3,0.097967,1,p:2.1.4.1.2.2
U5210,209,FUSE0,148918.6,148918.6,151728.3,2809.7,2809.7,271.3,0.096558,1,p:1.2.2.1.2.2
U5211,209,FUSE0,148930.8,148930.8,151816.1,2885.3,2885.3,271.3,0.094028,1,p:2.1.5.1.2.2
U5212,209,FUSE0,149003.6,149003.6,151804.7,2801.1,2801.1,271.3,0.096855,1,p:1.1.1.1.2.2
U5213,209,FUSE0,149081.2,149081.2,151886.9,2805.7,2805.7,271.3,0.096696,1,p:2.1.3.1.2.2
U5214,209,FUSE0,149153.4,149153.4,151922.7,2769.3,2769.3,271.3,0.097967,1,p:1.1.4.1.2.2
U5215,209,FUSE0,149162.2,149162.2,152059.7,2897.5,2897.5,271.3,0.093632,1,p:2.1.5.1.2.2
U5216,209,FUSE0,149174.4,149174.4,151971.9,2797.5,2797.5,271.3,0.096979,1,p:1.1.2.1.2.2
U5217,209,FUSE0,149309.2,149309.2,152048.3,2739.1,2739.1,271.3,0.099047,1,p:2.1.1.1.2.2
U5218,209,FUSE1,149386.8,149386.8,152192.5,2805.7,2805.7,333.3,0.118794,1,p:1.1.3.1.2.2
U5219,209,FUSE1,149459.0,149459.0,152228.3,2769.3,2769.3,333.3,0.120355,1,p:2.1.4.1.2.2
U5220,209,FUSE1,149467.8,149467.8,152277.5,2809.7,2809.7,333.3,0.118625,1,p:1.2.2.1.2.2
U5221,209,FUSE1,149480.0,149480.0,152365.3,2885.3,2885.3,333.3,0.115517,1,p:2.1.5.1.2.2
U5222,209,FUSE1,149614.8,149614.8,152353.9,2739.1,2739.1,333.3,0.121682,1,p:1.1.1.1.2.2
U5223,209,FUSE1,149692.4,149692.4,152498.1,2805.7,2805.7,333.3,0.118794,1,p:2.1.3.1.2.2
U5224,209,FUSE1,149797.0,149797.0,152533.9,2736.9,2736.9,333.3,0.12178,1,p:1.1.4.1.2.2
U5225,209,FUSE1,149805.8,149805.8,152670.9,2865.1,2865.1,333.3,0.116331,1,p:2.1.5.1.2.2
U5226,209,FUSE1,149818.0,149818.0,152583.1,2765.1,2765.1,333.3,0.120538,1,p:1.1.2.1.2.2
U5227,209,FUSE2,149952.8,149952.8,152691.9,2739.1,2739.1,365.7,0.133511,1,p:2.1.1.1.2.2
U5228,209,FUSE2,150030.4,150030.4,152836.1,2805.7,2805.7,365.7,0.130342,1,p:1.1.3.1.2.2
U5229,209,FUSE2,150061.6,150061.6,152871.9,2810.3,2810.3,365.7,0.130128,1,p:2.1.4.1.2.2
U5230,209,FUSE2,150135.0,150135.0,152921.1,2786.1,2786.1,365.7,0.131259,1,p:1.1.2.1.2.2
U5231,209,FUSE2,150143.8,150143.8,153008.9,2865.1,2865.1,365.7,0.12764,1,p:2.1.5.1.2.2
U5232,209,FUSE2,150274.0,150274.0,153029.9,2755.9,2755.9,365.7,0.132697,1,p:1.1.1.1.2.2
U5233,209,FUSE2,150290.8,150290.8,153209.9,2919.1,2919.1,365.7,0.125278,1,p:2.1.4.1.2.2
U5234,209,FUSE2,150305.2,150305.2,153174.1,2868.9,2868.9,365.7,0.12747,1,p:1.1.3.1.2.2
U5235,209,FUSE2,150378.6,150378.6,153259.1,2880.5,2880.5,365.7,0.126957,1,p:2.1.2.1.2.2
U5236,209,FUSE2,150387.4,150387.4,153346.9,2959.5,2959.5,365.7,0.123568,1,p:1.2.5.1.2.2
U326,14,FUSE0,150517.6,150517.6,153417.7,2900.1,2900.1,271.3,0.093548,1,p:2.1.3.1.2.2
U327,14,FUSE0,150534.4,150534.4,153273.5,2739.1,2739.1,271.3,0.099047,1,p:1.1.1.2.2.2
U328,14,FUSE0,150610.8,150610.8,153502.7,2891.9,2891.9,271.3,0.093814,1,p:2.1.2.1.2.2
U329,14,FUSE0,150622.2,150622.2,153453.5,2831.3,2831.3,271.3,0.095822,1,p:1.1.4.1.2.2
U330,14,FUSE0,150693.0,150693.0,153590.5,2897.5,2897.5,271.3,0.093632,1,p:2.1.5.1.2.2
U331,14,FUSE0,150823.2,150823.2,153517.1,2693.9,2693.9,271.3,0.100709,1,p:1.1.1.2.2.2
U332,14,FUSE0,150840.0,150840.0,153661.3,2821.3,2821.3,271.3,0.096161,1,p:2.1.3.1.2.2
U333,14,FUSE0,150916.4,150916.4,153697.1,2780.7,2780.7,271.3,0.097565,1,p:1.1.4.1.2.2
U334,14,FUSE1,150927.8,150927.8,153808.3,2880.5,2880.5,333.3,0.115709,1,p:2.1.2.1.2.2
U335,14,FUSE1,150998.6,150998.6,153896.1,2897.5,2897.5,333.3,0.11503,1,p:1.1.5.1.2.2
U336,14,FUSE1,151128.8,151128.8,153822.7,2693.9,2693.9,333.3,0.123724,1,p:2.1.1.2.2.2
U337,14,FUSE1,151178.0,151178.0,153966.9,2788.9,2788.9,333.3,0.119509,1,p:1.1.3.1.2.2
U338,14,FUSE1,151254.4,151254.4,154113.9,2859.5,2859.5,333.3,0.116559,1,p:2.1.2.1.2.2
U339,14,FUSE1,151265.8,151265.8,154002.7,2736.9,2736.9,333.3,0.12178,1,p:1.1.4.1.2.2
U340,14,FUSE1,151336.6,151336.6,154201.7,2865.1,2865.1,333.3,0.116331,1,p:2.1.5.1.2.2
U341,14,FUSE1,151466.8,151466.8,154128.3,2661.5,2661.5,333.3,0.12523,1,p:1.1.1.2.2.2
U342,14,FUSE2,151516.0,151516.0,154304.9,2788.9,2788.9,365.7,0.131127,1,p:2.1.3.1.2.2
U343,14,FUSE2,151592.4,151592.4,154340.7,2748.3,2748.3,365.7,0.133064,1,p:1.1.4.1.2.2
U344,14,FUSE2,151603.8,151603.8,154451.9,2848.1,2848.1,365.7,0.128401,1,p:2.1.2.1.2.2
U345,14,FUSE2,151674.6,151674.6,154539.7,2865.1,2865.1,365.7,0.12764,1,p:1.1.5.1.2.2
U346,14,FUSE2,151710.4,151710.4,154466.3,2755.9,2755.9,365.7,0.132697,1,p:2.1.1.2.2.2
U347,14,FUSE2,151759.6,151759.6,154642.9,2883.3,2883.3,365.7,0.126834,1,p:1.1.3.1.2.2
U348,14,FUSE2,151836.0,151836.0,154789.9,2953.9,2953.9,365.7,0.123802,1,p:2.1.2.1.2.2
U349,14,FUSE2,151847.4,151847.4,154678.7,2831.3,2831.3,365.7,0.129163,1,p:1.1.4.1.2.2
U001,1,FUSE0,151918.2,151918.2,154783.3,2865.1,2865.1,271.3,0.094691,1,p:2.1.5.1.2.2
U002,1,FUSE0,151954.0,151954.0,154709.9,2755.9,2755.9,271.3,0.098443,1,p:1.1.1.2.2.2
U003,1,FUSE0,152003.2,152003.2,154886.5,2883.3,2883.3,271.3,0.094094,1,p:2.1.3.1.2.2
U004,1,FUSE0,152079.6,152079.6,154922.3,2842.7,2842.7,271.3,0.095437,1,p:1.1.4.1.2.2
U005,1,FUSE0,152091.0,152091.0,155026.9,2935.9,2935.9,271.3,0.092408,1,p:2.1.5.1.2.2
U006,1,FUSE0,152223.8,152223.8,154953.5,2729.7,2729.7,271.3,0.099388,1,p:1.1.1.2.2.2
U007,1,FUSE0,152259.6,152259.6,155033.5,2773.9,2773.9,271.3,0.097805,1,p:2.1.2.1.2.2
U008,1,FUSE0,152308.8,152308.8,155130.1,2821.3,2821.3,271.3,0.096161,1,p:1.1.3.1.2.2
U009,1,FUSE0,152385.2,152385.2,155270.5,2885.3,2885.3,271.3,0.094028,1,p:2.1.5.1.2.2
U010,1,FUSE1,152396.6,152396.6,155227.9,2831.3,2831.3,333.3,0.11772,1,p:1.1.4.1.2.2
U011,1,FUSE1,152529.4,152529.4,155259.1,2729.7,2729.7,333.3,0.122101,1,p:2.1.1.1.2.2
U012,1,FUSE1,152565.2,152565.2,155339.1,2773.9,2773.9,333.3,0.120156,1,p:1.1.2.1.2.2
U013,1,FUSE1,152614.4,152614.4,155435.7,2821.3,2821.3,333.3,0.118137,1,p:2.1.3.1.2.2
U014,1,FUSE1,152702.2,152702.2,155533.5,2831.3,2831.3,333.3,0.11772,1,p:1.1.4.1.2.2
U015,1,FUSE1,152723.2,152723.2,155576.1,2852.9,2852.9,333.3,0.116828,1,p:2.1.5.1.2.2
U016,1,FUSE1,152867.4,152867.4,155564.7,2697.3,2697.3,333.3,0.123568,1,p:1.1.1.1.2.2
U017,1,FUSE1,152903.2,152903.2,155644.7,2741.5,2741.5,333.3,0.121576,1,p:2.1.2.1.2.2
U018,1,FUSE1,152952.4,152952.4,155741.3,2788.9,2788.9,333.3,0.119509,1,p:1.1.3.1.2.2
U019,1,FUSE2,153040.2,153040.2,155871.5,2831.3,2831.3,365.7,0.129163,1,p:2.1.4.1.2.2
U020,1,FUSE2,153061.2,153061.2,155914.1,2852.9,2852.9,365.7,0.128185,1,p:1.1.5.1.2.2
U021,1,FUSE2,153205.4,153205.4,155902.7,2697.3,2697.3,365.7,0.13558,1,p:2.1.1.1.2.2
U022,1,FUSE2,153241.2,153241.2,155982.7,2741.5,2741.5,365.7,0.133394,1,p:1.1.2.1.2.2
U023,1,FUSE2,153290.4,153290.4,156209.5,2919.1,2919.1,365.7,0.125278,1,p:2.1.4.1.2.2
U024,1,FUSE2,153304.8,153304.8,156079.3,2774.5,2774.5,365.7,0.131808,1,p:1.1.3.1.2.2
U025,1,FUSE2,153378.2,153378.2,156252.1,2873.9,2873.9,365.7,0.127249,1,p:2.1.5.1.2.2
U026,1,FUSE2,153449.0,153449.0,156240.7,2791.7,2791.7,365.7,0.130995,1,p:1.1.1.1.2.2
U027,1,FUSE2,153484.8,153484.8,156320.7,2835.9,2835.9,365.7,0.128954,1,p:2.1.2.1.2.2
U028,1,FUSE2,153534.0,153534.0,156417.3,2883.3,2883.3,365.7,0.126834,1,p:1.1.3.1.2.2
U5953,239,FUSE0,153548.4,153548.4,156453.1,2904.7,2904.7,271.3,0.0934,1,p:2.1.4.1.2.2
U5954,239,FUSE0,153621.8,153621.8,156495.7,2873.9,2873.9,271.3,0.094401,1,p:1.1.5.1.2.2
U5955,239,FUSE0,153692.6,153692.6,156484.3,2791.7,2791.7,271.3,0.097181,1,p:2.1.1.1.2.2
U5956,239,FUSE0,153728.4,153728.4,156564.3,2835.9,2835.9,271.3,0.095666,1,p:1.1.2.1.2.2
U5957,239,FUSE0,153839.6,153839.6,156696.7,2857.1,2857.1,271.3,0.094956,1,p:2.1.4.1.2.2
U5958,239,FUSE0,153854.0,153854.0,156660.9,2806.9,2806.9,271.3,0.096655,1,p:1.1.3.1.2.2
U5959,239,FUSE0,153927.4,153927.4,156739.3,2811.9,2811.9,271.3,0.096483,1,p:2.1.5.1.2.2
U5960,239,FUSE0,153998.2,153998.2,156727.9,2729.7,2729.7,271.3,0.099388,1,p:1.1.1.1.2.2
U5961,239,FUSE1,154034.0,154034.0,156869.9,2835.9,2835.9,333.3,0.117529,1,p:2.1.2.1.2.2
U5962,239,FUSE1,154145.2,154145.2,156966.5,2821.3,2821.3,333.3,0.118137,1,p:1.1.3.1.2.2
U5963,239,FUSE1,154159.6,154159.6,157002.3,2842.7,2842.7,333.3,0.117248,1,p:2.1.4.1.2.2
U5964,239,FUSE1,154233.0,154233.0,157044.9,2811.9,2811.9,333.3,0.118532,1,p:1.1.5.1.2.2
U5965,239,FUSE1,154336.2,154336.2,157033.5,2697.3,2697.3,333.3,0.123568,1,p:2.1.1.1.2.2
U5966,239,FUSE1,154372.0,154372.0,157175.5,2803.5,2803.5,333.3,0.118887,1,p:1.1.2.1.2.2
U5967,239,FUSE1,154483.2,154483.2,157307.9,2824.7,2824.7,333.3,0.117995,1,p:2.1.4.1.2.2
U5968,239,FUSE1,154497.6,154497.6,157272.1,2774.5,2774.5,333.3,0.12013,1,p:1.1.3.1.2.2
U5969,239,FUSE2,154571.0,154571.0,157382.9,2811.9,2811.9,365.7,0.130054,1,p:2.1.5.1.2.2
U5970,239,FUSE2,154674.2,154674.2,157371.5,2697.3,2697.3,365.7,0.13558,1,p:1.1.1.1.2.2
U5971,239,FUSE2,154710.0,154710.0,157513.5,2803.5,2803.5,365.7,0.130444,1,p:2.1.2.1.2.2
U5972,239,FUSE2,154741.2,154741.2,157610.1,2868.9,2868.9,365.7,0.12747,1,p:1.1.3.1.2.2
U5973,239,FUSE2,154814.6,154814.6,157645.9,2831.3,2831.3,365.7,0.129163,1,p:2.1.4.1.2.2
U5974,239,FUSE2,154821.2,154821.2,157720.9,2899.7,2899.7,365.7,0.126116,1,p:1.2.5.1.2.2
U5975,239,FUSE2,154917.8,154917.8,157709.5,2791.7,2791.7,365.7,0.130995,1,p:2.1.1.1.2.2
U6442,259,FUSE0,154953.6,154953.6,157757.1,2803.5,2803.5,271.3,0.096772,1,p:1.1.2.1.2.2
U6443,259,FUSE0,154984.8,154984.8,157853.7,2868.9,2868.9,271.3,0.094566,1,p:2.1.3.1.2.2
U6444,259,FUSE0,155058.2,155058.2,157889.5,2831.3,2831.3,271.3,0.095822,1,p:1.1.4.1.2.2
U6445,259,FUSE0,155064.8,155064.8,157964.5,2899.7,2899.7,271.3,0.093561,1,p:2.1.5.1.2.2
U6446,259,FUSE0,155161.4,155161.4,157953.1,2791.7,2791.7,271.3,0.097181,1,p:1.1.1.1.2.2
U6447,259,FUSE0,155259.2,155259.2,158000.7,2741.5,2741.5,271.3,0.09896,1,p:2.1.2.1.2.2
U6448,259,FUSE0,155290.4,155290.4,158097.3,2806.9,2806.9,271.3,0.096655,1,p:1.1.3.1.2.2
U6449,259,FUSE0,155301.8,155301.8,158133.1,2831.3,2831.3,271.3,0.095822,1,p:2.1.4.1.2.2
U6450,259,FUSE1,155370.4,155370.4,158270.1,2899.7,2899.7,333.3,0.114943,1,p:1.1.5.1.2.2
U6451,259,FUSE1,155467.0,155467.0,158258.7,2791.7,2791.7,333.3,0.11939,1,p:2.1.1.1.2.2
U6452,259,FUSE1,155564.8,155564.8,158306.3,2741.5,2741.5,333.3,0.121576,1,p:1.1.2.1.2.2
U6453,259,FUSE1,155596.0,155596.0,158438.7,2842.7,2842.7,333.3,0.117248,1,p:2.1.4.1.2.2
U6454,259,FUSE1,155607.4,155607.4,158402.9,2795.5,2795.5,333.3,0.119227,1,p:1.1.3.1.2.2
U6455,259,FUSE1,155676.0,155676.0,158575.7,2899.7,2899.7,333.3,0.114943,1,p:2.1.5.1.2.2
U6456,259,FUSE1,155772.6,155772.6,158564.3,2791.7,2791.7,333.3,0.11939,1,p:1.1.1.1.2.2
U6457,259,FUSE1,155902.8,155902.8,158611.9,2709.1,2709.1,333.3,0.12303,1,p:2.1.2.1.2.2
U6458,259,FUSE2,155934.0,155934.0,158740.9,2806.9,2806.9,365.7,0.130286,1,p:1.1.3.1.2.2
U6459,259,FUSE2,155945.4,155945.4,158776.7,2831.3,2831.3,365.7,0.129163,1,p:2.1.4.1.2.2
U6460,259,FUSE2,156014.0,156014.0,158913.7,2899.7,2899.7,365.7,0.126116,1,p:1.1.5.1.2.2
U6461,259,FUSE2,156110.6,156110.6,158902.3,2791.7,2791.7,365.7,0.130995,1,p:2.1.1.1.2.2
U6462,259,FUSE2,156240.8,156240.8,158949.9,2709.1,2709.1,365.7,0.134989,1,p:1.1.2.1.2.2
U6463,259,FUSE2,156272.0,156272.0,159114.7,2842.7,2842.7,365.7,0.128645,1,p:2.1.4.1.2.2
U6464,259,FUSE2,156283.4,156283.4,159078.9,2795.5,2795.5,365.7,0.130817,1,p:1.1.3.1.2.2
U6465,259,FUSE2,156352.0,156352.0,159251.7,2899.7,2899.7,365.7,0.126116,1,p:2.1.5.1.2.2
U6466,259,FUSE2,156448.6,156448.6,159240.3,2791.7,2791.7,365.7,0.130995,1,p:1.1.1.1.2.2
U7198,289,FUSE0,156484.4,156484.4,159193.5,2709.1,2709.1,271.3,0.100144,1,p:2.1.2.2.2.2
U7199,289,FUSE0,156515.6,156515.6,159322.5,2806.9,2806.9,271.3,0.096655,1,p:1.1.3.1.2.2
U7200,289,FUSE0,156527.0,156527.0,159358.3,2831.3,2831.3,271.3,0.095822,1,p:2.1.4.1.2.2
U7201,289,FUSE0,156595.6,156595.6,159495.3,2899.7,2899.7,271.3,0.093561,1,p:1.1.5.1.2.2
U7202,289,FUSE0,156692.2,156692.2,159437.1,2744.9,2744.9,271.3,0.098838,1,p:2.1.2.2.2.2
U7203,289,FUSE0,156728.0,156728.0,159483.9,2755.9,2755.9,271.3,0.098443,1,p:1.1.1.1.2.2
U7204,289,FUSE0,156759.2,156759.2,159601.9,2842.7,2842.7,271.3,0.095437,1,p:2.1.4.1.2.2
U7205,289,FUSE0,156770.6,156770.6,159566.1,2795.5,2795.5,271.3,0.097049,1,p:1.1.3.1.2.2
U7206,289,FUSE1,156901.2,156901.2,159800.9,2899.7,2899.7,333.3,0.114943,1,p:2.1.5.1.2.2
U7207,289,FUSE1,156997.8,156997.8,159742.7,2744.9,2744.9,333.3,0.121425,1,p:1.1.2.2.2.2
U7208,289,FUSE1,157033.6,157033.6,159789.5,2755.9,2755.9,333.3,0.120941,1,p:2.1.1.1.2.2
U7209,289,FUSE1,157064.8,157064.8,159871.7,2806.9,2806.9,333.3,0.118743,1,p:1.1.3.1.2.2
U7210,289,FUSE1,157076.2,157076.2,159907.5,2831.3,2831.3,333.3,0.11772,1,p:2.1.4.1.2.2
U7211,289,FUSE1,157206.8,157206.8,160106.5,2899.7,2899.7,333.3,0.114943,1,p:1.1.5.1.2.2
U7212,289,FUSE1,157303.4,157303.4,160048.3,2744.9,2744.9,333.3,0.121425,1,p:2.1.2.2.2.2
U7213,289,FUSE1,157339.2,157339.2,160095.1,2755.9,2755.9,333.3,0.120941,1,p:1.1.1.1.2.2
U7214,289,FUSE2,157402.8,157402.8,160245.5,2842.7,2842.7,365.7,0.128645,1,p:2.1.4.1.2.2
U7215,289,FUSE2,157414.2,157414.2,160209.7,2795.5,2795.5,365.7,0.130817,1,p:1.1.3.1.2.2
U7216,289,FUSE2,157544.8,157544.8,160444.5,2899.7,2899.7,365.7,0.126116,1,p:2.1.5.1.2.2
U7217,289,FUSE2,157641.4,157641.4,160386.3,2744.9,2744.9,365.7,0.133229,1,p:1.1.2.2.2.2
U7218,289,FUSE2,157677.2,157677.2,160433.1,2755.9,2755.9,365.7,0.132697,1,p:2.1.1.1.2.2
U7219,289,FUSE2,157740.8,157740.8,160547.7,2806.9,2806.9,365.7,0.130286,1,p:1.1.3.1.2.2
U7220,289,FUSE2,157752.2,157752.2,160583.5,2831.3,2831.3,365.7,0.129163,1,p:2.1.4.1.2.2
U7221,289,FUSE2,157788.4,157788.4,160782.5,2994.1,2994.1,365.7,0.12214,1,p:1.1.5.1.2.2
U7222,289,FUSE2,157885.0,157885.0,160724.3,2839.3,2839.3,365.7,0.128799,1,p:2.1.2.2.2.2
U3310,134,FUSE0,157920.8,157920.8,160676.7,2755.9,2755.9,271.3,0.098443,1,p:1.1.1.1.2.2
U3311,134,FUSE0,157984.4,157984.4,160827.1,2842.7,2842.7,271.3,0.095437,1,p:2.1.4.1.2.2
U3312,134,FUSE0,157995.8,157995.8,160791.3,2795.5,2795.5,271.3,0.097049,1,p:1.1.3.1.2.2
U3313,134,FUSE0,158032.0,158032.0,160920.3,2888.3,2888.3,271.3,0.093931,1,p:2.1.1.1.2.2
U3314,134,FUSE0,158128.6,158128.6,161026.1,2897.5,2897.5,271.3,0.093632,1,p:1.1.5.1.2.2
U3315,134,FUSE0,158164.4,158164.4,160967.9,2803.5,2803.5,271.3,0.096772,1,p:2.1.2.2.2.2
U3316,134,FUSE0,158290.0,158290.0,161034.9,2744.9,2744.9,271.3,0.098838,1,p:1.1.3.1.2.2
U3317,134,FUSE0,158301.4,158301.4,161070.7,2769.3,2769.3,271.3,0.097967,1,p:2.1.4.1.2.2
U3318,134,FUSE0,158337.6,158337.6,161163.9,2826.3,2826.3,271.3,0.095991,1,p:1.1.1.1.2.2
U3319,134,FUSE1,158434.2,158434.2,161331.7,2897.5,2897.5,333.3,0.11503,1,p:2.1.5.1.2.2
U3320,134,FUSE1,158470.0,158470.0,161273.5,2803.5,2803.5,333.3,0.118887,1,p:1.1.2.2.2.2
U3321,134,FUSE1,158595.6,158595.6,161376.3,2780.7,2780.7,333.3,0.119862,1,p:2.1.4.1.2.2
U3322,134,FUSE1,158607.0,158607.0,161340.5,2733.5,2733.5,333.3,0.121932,1,p:1.1.3.1.2.2
U3323,134,FUSE1,158643.2,158643.2,161469.5,2826.3,2826.3,333.3,0.117928,1,p:2.1.1.1.2.2
U3324,134,FUSE1,158772.2,158772.2,161637.3,2865.1,2865.1,333.3,0.116331,1,p:1.1.5.1.2.2
U3325,134,FUSE1,158808.0,158808.0,161579.1,2771.1,2771.1,333.3,0.120277,1,p:2.1.2.2.2.2
U3326,134,FUSE1,158933.6,158933.6,161646.1,2712.5,2712.5,333.3,0.122876,1,p:1.1.3.1.2.2
U3327,134,FUSE1,158945.0,158945.0,161681.9,2736.9,2736.9,333.3,0.12178,1,p:2.1.4.1.2.2
U3328,134,FUSE2,158981.2,158981.2,161807.5,2826.3,2826.3,365.7,0.129392,1,p:1.1.1.1.2.2
U3329,134,FUSE2,159110.2,159110.2,161975.3,2865.1,2865.1,365.7,0.12764,1,p:2.1.5.1.2.2
U3330,134,FUSE2,159146.0,159146.0,161917.1,2771.1,2771.1,365.7,0.131969,1,p:1.1.2.2.2.2
U3331,134,FUSE2,159224.8,159224.8,161984.1,2759.3,2759.3,365.7,0.132534,1,p:2.1.3.1.2.2
U3332,134,FUSE2,159271.6,159271.6,162019.9,2748.3,2748.3,365.7,0.133064,1,p:1.1.4.1.2.2
U3333,134,FUSE2,159283.0,159283.0,162145.5,2862.5,2862.5,365.7,0.127755,1,p:2.1.1.1.2.2
U3334,134,FUSE2,159353.8,159353.8,162313.3,2959.5,2959.5,365.7,0.123568,1,p:1.1.5.1.2.2
U3335,134,FUSE2,159389.6,159389.6,162255.1,2865.5,2865.5,365.7,0.127622,1,p:2.1.2.2.2.2
U3336,134,FUSE2,159468.4,159468.4,162322.1,2853.7,2853.7,365.7,0.128149,1,p:1.1.3.1.2.2
U2480,101,FUSE0,159515.2,159515.2,162389.1,2873.9,2873.9,271.3,0.094401,1,p:2.1.1.1.2.2
U2481,101,FUSE0,159526.6,159526.6,162263.5,2736.9,2736.9,271.3,0.099127,1,p:1.1.4.1.2.2
U2482,101,FUSE0,159597.4,159597.4,162507.1,2909.7,2909.7,271.3,0.09324,1,p:2.1.4.1.2.2
U2483,101,FUSE0,159633.2,159633.2,162556.9,2923.7,2923.7,271.3,0.092793,1,p:1.1.5.1.2.2
U2484,101,FUSE0,159774.0,159774.0,162498.7,2724.7,2724.7,271.3,0.099571,1,p:2.1.2.2.2.2
U2485,101,FUSE0,159820.8,159820.8,162565.7,2744.9,2744.9,271.3,0.098838,1,p:1.1.3.1.2.2
U2486,101,FUSE0,159832.2,159832.2,162632.7,2800.5,2800.5,271.3,0.096876,1,p:2.1.1.1.2.2
U2487,101,FUSE1,159903.0,159903.0,162812.7,2909.7,2909.7,333.3,0.114548,1,p:1.1.4.1.2.2
U2488,101,FUSE1,159938.8,159938.8,162862.5,2923.7,2923.7,333.3,0.113999,1,p:2.1.5.1.2.2
U2489,101,FUSE1,160079.6,160079.6,162804.3,2724.7,2724.7,333.3,0.122325,1,p:1.1.2.2.2.2
U2490,101,FUSE1,160126.4,160126.4,162938.3,2811.9,2811.9,333.3,0.118532,1,p:2.1.1.1.2.2
U2491,101,FUSE1,160137.8,160137.8,162871.3,2733.5,2733.5,333.3,0.121932,1,p:1.1.3.1.2.2
U2492,101,FUSE1,160241.0,160241.0,163118.3,2877.3,2877.3,333.3,0.115838,1,p:2.1.4.1.2.2
U2493,101,FUSE1,160276.8,160276.8,163168.1,2891.3,2891.3,333.3,0.115277,1,p:1.1.5.1.2.2
U2494,101,FUSE2,160417.6,160417.6,163142.3,2724.7,2724.7,365.7,0.134217,1,p:2.1.2.2.2.2
U2495,101,FUSE2,160464.4,160464.4,163209.3,2744.9,2744.9,365.7,0.133229,1,p:1.1.3.1.2.2
U2496,101,FUSE2,160475.8,160475.8,163276.3,2800.5,2800.5,365.7,0.130584,1,p:2.1.1.1.2.2
U2497,101,FUSE2,160579.0,160579.0,163456.3,2877.3,2877.3,365.7,0.127098,1,p:1.1.4.1.2.2
U2498,101,FUSE2,160614.8,160614.8,163506.1,2891.3,2891.3,365.7,0.126483,1,p:2.1.5.1.2.2
U2499,101,FUSE2,160708.0,160708.0,163480.3,2772.3,2772.3,365.7,0.131912,1,p:1.1.2.2.2.2
U2500,101,FUSE2,160755.6,160755.6,163547.3,2791.7,2791.7,365.7,0.130995,1,p:2.1.3.1.2.2
U1479,61,FUSE0,160813.8,160813.8,163519.9,2706.1,2706.1,271.3,0.100255,1,p:1.1.1.2.2.2
U1480,61,FUSE0,160822.6,160822.6,163699.9,2877.3,2877.3,271.3,0.09429,1,p:2.1.4.1.2.2
U1481,61,FUSE0,160858.4,160858.4,163749.7,2891.3,2891.3,271.3,0.093833,1,p:1.1.5.1.2.2
U1482,61,FUSE0,160951.6,160951.6,163723.9,2772.3,2772.3,271.3,0.097861,1,p:2.1.2.2.2.2
U1483,61,FUSE0,160999.2,160999.2,163790.9,2791.7,2791.7,271.3,0.097181,1,p:1.1.3.1.2.2
U1484,61,FUSE0,161057.4,161057.4,163763.5,2706.1,2706.1,271.3,0.100255,1,p:2.1.1.2.2.2
U1485,61,FUSE0,161066.2,161066.2,163943.5,2877.3,2877.3,271.3,0.09429,1,p:1.2.4.1.2.2
U1486,61,FUSE0,161102.0,161102.0,163993.3,2891.3,2891.3,271.3,0.093833,1,p:2.1.5.1.2.2
U1487,61,FUSE0,161195.2,161195.2,163967.5,2772.3,2772.3,271.3,0.097861,1,p:1.1.2.2.2.2
U1488,61,FUSE1,161304.8,161304.8,164096.5,2791.7,2791.7,333.3,0.11939,1,p:2.1.3.1.2.2
U1489,61,FUSE1,161363.0,161363.0,164069.1,2706.1,2706.1,333.3,0.123166,1,p:1.1.1.2.2.2
U1490,61,FUSE1,161371.8,161371.8,164249.1,2877.3,2877.3,333.3,0.115838,1,p:2.1.4.1.2.2
U1491,61,FUSE1,161407.6,161407.6,164298.9,2891.3,2891.3,333.3,0.115277,1,p:1.1.5.1.2.2
U1492,61,FUSE1,161500.8,161500.8,164273.1,2772.3,2772.3,333.3,0.120225,1,p:2.1.2.2.2.2
U1493,61,FUSE1,161610.4,161610.4,164402.1,2791.7,2791.7,333.3,0.11939,1,p:1.1.3.1.2.2
U1494,61,FUSE1,161668.6,161668.6,164374.7,2706.1,2706.1,333.3,0.123166,1,p:2.1.1.2.2.2
U1495,61,FUSE1,161677.4,161677.4,164554.7,2877.3,2877.3,333.3,0.115838,1,p:1.2.4.1.2.2
U1496,61,FUSE1,161713.2,161713.2,164604.5,2891.3,2891.3,333.3,0.115277,1,p:2.1.5.1.2.2
U1497,61,FUSE1,161838.8,161838.8,164578.7,2739.9,2739.9,333.3,0.121647,1,p:1.1.2.2.2.2
U1498,61,FUSE2,161948.4,161948.4,164740.1,2791.7,2791.7,365.7,0.130995,1,p:2.1.3.1.2.2
U1499,61,FUSE2,162006.6,162006.6,164712.7,2706.1,2706.1,365.7,0.135139,1,p:1.1.1.2.2.2
U1500,61,FUSE2,162015.4,162015.4,164892.7,2877.3,2877.3,365.7,0.127098,1,p:2.1.4.1.2.2
U1501,61,FUSE2,162051.2,162051.2,164942.5,2891.3,2891.3,365.7,0.126483,1,p:1.1.5.1.2.2
U1502,61,FUSE2,162176.8,162176.8,164916.7,2739.9,2739.9,365.7,0.133472,1,p:2.1.2.2.2.2
U1503,61,FUSE2,162286.4,162286.4,165078.1,2791.7,2791.7,365.7,0.130995,1,p:1.1.3.1.2.2
U1504,61,FUSE2,162294.8,162294.8,165050.7,2755.9,2755.9,365.7,0.132697,1,p:2.1.1.2.2.2
U1505,61,FUSE2,162344.6,162344.6,165230.7,2886.1,2886.1,365.7,0.126711,1,p:1.1.4.1.2.2
U1506,61,FUSE2,162353.4,162353.4,165280.5,2927.1,2927.1,365.7,0.124936,1,p:2.1.5.1.2.2
U1507,61,FUSE2,162420.4,162420.4,165254.7,2834.3,2834.3,365.7,0.129027,1,p:1.1.2.2.2.2
U2211,90,FUSE0,162530.0,162530.0,165321.7,2791.7,2791.7,271.3,0.097181,1,p:2.1.3.1.2.2
U2212,90,FUSE0,162538.4,162538.4,165294.3,2755.9,2755.9,271.3,0.098443,1,p:1.2.1.2.2.2
U2213,90,FUSE0,162588.2,162588.2,165474.3,2886.1,2886.1,271.3,0.094002,1,p:2.1.4.1.2.2
U2214,90,FUSE0,162597.0,162597.0,165524.1,2927.1,2927.1,271.3,0.092686,1,p:1.2.5.1.2.2
U2215,90,FUSE0,162664.0,162664.0,165498.3,2834.3,2834.3,271.3,0.09572,1,p:2.1.2.2.2.2
U2216,90,FUSE0,162835.6,162835.6,165565.3,2729.7,2729.7,271.3,0.099388,1,p:1.1.3.1.2.2
U2217,90,FUSE0,162844.0,162844.0,165537.9,2693.9,2693.9,271.3,0.100709,1,p:2.1.1.2.2.2
U2218,90,FUSE0,162893.8,162893.8,165717.9,2824.1,2824.1,271.3,0.096066,1,p:1.1.4.1.2.2
U2219,90,FUSE1,162902.6,162902.6,165829.7,2927.1,2927.1,333.3,0.113867,1,p:2.1.5.1.2.2
U2220,90,FUSE1,162969.6,162969.6,165803.9,2834.3,2834.3,333.3,0.117595,1,p:1.1.2.2.2.2
U2221,90,FUSE1,163149.6,163149.6,165870.9,2721.3,2721.3,333.3,0.122478,1,p:2.1.3.1.2.2
U2222,90,FUSE1,163173.6,163173.6,165843.5,2669.9,2669.9,333.3,0.124836,1,p:1.1.1.2.2.2
U2223,90,FUSE1,163199.4,163199.4,166023.5,2824.1,2824.1,333.3,0.11802,1,p:2.1.4.1.2.2
U2224,90,FUSE1,163240.6,163240.6,166135.3,2894.7,2894.7,333.3,0.115141,1,p:1.1.5.1.2.2
U2225,90,FUSE1,163307.6,163307.6,166109.5,2801.9,2801.9,333.3,0.118955,1,p:2.1.2.2.2.2
U2226,90,FUSE1,163487.6,163487.6,166176.5,2688.9,2688.9,333.3,0.123954,1,p:1.1.3.1.2.2
U2227,90,FUSE2,163511.6,163511.6,166181.5,2669.9,2669.9,365.7,0.136971,1,p:2.1.1.1.2.2
U2228,90,FUSE2,163537.4,163537.4,166361.5,2824.1,2824.1,365.7,0.129493,1,p:1.1.4.1.2.2
U2229,90,FUSE2,163551.2,163551.2,166473.3,2922.1,2922.1,365.7,0.12515,1,p:2.1.5.1.2.2
U2230,90,FUSE2,163578.6,163578.6,166447.5,2868.9,2868.9,365.7,0.12747,1,p:1.1.2.2.2.2
U2231,90,FUSE2,163731.2,163731.2,166514.5,2783.3,2783.3,365.7,0.131391,1,p:2.1.3.1.2.2
U2232,90,FUSE2,163755.2,163755.2,166519.5,2764.3,2764.3,365.7,0.132294,1,p:1.1.1.1.2.2
U2233,90,FUSE2,163781.0,163781.0,166811.3,3030.3,3030.3,365.7,0.120681,1,p:2.1.5.1.2.2
U2234,90,FUSE2,163794.8,163794.8,166699.5,2904.7,2904.7,365.7,0.125899,1,p:1.1.4.1.2.2
U2235,90,FUSE2,163822.2,163822.2,166785.5,2963.3,2963.3,365.7,0.12341,1,p:2.1.2.2.2.2
U5308,213,FUSE0,163974.8,163974.8,166758.1,2783.3,2783.3,271.3,0.097474,1,p:1.1.3.1.2.2
U5309,213,FUSE0,163998.8,163998.8,166763.1,2764.3,2764.3,271.3,0.098144,1,p:2.1.1.2.2.2
U5310,213,FUSE0,164024.6,164024.6,166943.1,2918.5,2918.5,271.3,0.092959,1,p:1.1.4.1.2.2
U5311,213,FUSE0,164100.4,164100.4,167001.7,2901.3,2901.3,271.3,0.09351,1,p:2.1.3.1.2.2
U5312,213,FUSE0,164127.8,164127.8,167054.9,2927.1,2927.1,271.3,0.092686,1,p:1.1.5.1.2.2
U5313,213,FUSE0,164280.4,164280.4,167006.7,2726.3,2726.3,271.3,0.099512,1,p:2.1.1.2.2.2
U5314,213,FUSE0,164304.4,164304.4,167029.1,2724.7,2724.7,271.3,0.099571,1,p:1.1.2.2.2.2
U5315,213,FUSE0,164330.2,164330.2,167186.7,2856.5,2856.5,271.3,0.094976,1,p:2.1.4.1.2.2
U5316,213,FUSE1,164406.0,164406.0,167307.3,2901.3,2901.3,333.3,0.11488,1,p:1.1.3.1.2.2
U5317,213,FUSE1,164433.4,164433.4,167360.5,2927.1,2927.1,333.3,0.113867,1,p:2.1.5.1.2.2
U5318,213,FUSE1,164586.0,164586.0,167312.3,2726.3,2726.3,333.3,0.122254,1,p:1.1.1.2.2.2
U5319,213,FUSE1,164610.0,164610.0,167334.7,2724.7,2724.7,333.3,0.122325,1,p:2.1.2.2.2.2
U5320,213,FUSE1,164635.8,164635.8,167492.3,2856.5,2856.5,333.3,0.116681,1,p:1.1.4.1.2.2
U5321,213,FUSE1,164744.0,164744.0,167612.9,2868.9,2868.9,333.3,0.116177,1,p:2.1.3.1.2.2
U5322,213,FUSE1,164771.4,164771.4,167666.1,2894.7,2894.7,333.3,0.115141,1,p:1.1.5.1.2.2
U5323,213,FUSE1,164924.0,164924.0,167617.9,2693.9,2693.9,333.3,0.123724,1,p:2.1.1.2.2.2
U5324,213,FUSE2,164948.0,164948.0,167672.7,2724.7,2724.7,365.7,0.134217,1,p:1.1.2.1.2.2
U5325,213,FUSE2,164973.8,164973.8,167830.3,2856.5,2856.5,365.7,0.128024,1,p:2.1.4.1.2.2
U5326,213,FUSE2,165082.0,165082.0,167950.9,2868.9,2868.9,365.7,0.12747,1,p:1.1.3.1.2.2
U5327,213,FUSE2,165109.4,165109.4,168004.1,2894.7,2894.7,365.7,0.126334,1,p:2.1.5.1.2.2
U5328,213,FUSE2,165262.0,165262.0,167955.9,2693.9,2693.9,365.7,0.135751,1,p:1.1.1.2.2.2
U5329,213,FUSE2,165286.0,165286.0,168010.7,2724.7,2724.7,365.7,0.134217,1,p:2.1.2.1.2.2
U5330,213,FUSE2,165311.8,165311.8,168168.3,2856.5,2856.5,365.7,0.128024,1,p:1.1.4.1.2.2
U5331,213,FUSE2,165325.6,165325.6,168288.9,2963.3,2963.3,365.7,0.12341,1,p:2.1.3.1.2.2
U938,39,FUSE0,165353.0,165353.0,168247.7,2894.7,2894.7,271.3,0.093723,1,p:1.1.5.1.2.2
U939,39,FUSE0,165505.6,165505.6,168199.5,2693.9,2693.9,271.3,0.100709,1,p:2.1.1.2.2.2
U940,39,FUSE0,165529.6,165529.6,168254.3,2724.7,2724.7,271.3,0.099571,1,p:1.1.2.1.2.2
U941,39,FUSE0,165555.4,165555.4,168491.3,2935.9,2935.9,271.3,0.092408,1,p:2.1.5.1.2.2
U942,39,FUSE0,165569.2,165569.2,168411.9,2842.7,2842.7,271.3,0.095437,1,p:1.1.4.1.2.2
U943,39,FUSE0,165596.6,165596.6,168443.1,2846.5,2846.5,271.3,0.09531,1,p:2.1.1.2.2.2
U944,39,FUSE0,165749.2,165749.2,168497.9,2748.7,2748.7,271.3,0.098701,1,p:1.1.2.1.2.2
U945,39,FUSE0,165835.2,165835.2,168532.5,2697.3,2697.3,271.3,0.100582,1,p:2.1.3.1.2.2
U946,39,FUSE0,165861.0,165861.0,168655.5,2794.5,2794.5,271.3,0.097084,1,p:1.1.4.1.2.2
U947,39,FUSE1,165874.8,165874.8,168796.9,2922.1,2922.1,333.3,0.114062,1,p:2.1.5.1.2.2
U948,39,FUSE1,165902.2,165902.2,168748.7,2846.5,2846.5,333.3,0.117091,1,p:1.1.1.2.2.2
U949,39,FUSE1,166054.8,166054.8,168803.5,2748.7,2748.7,333.3,0.121257,1,p:2.1.2.1.2.2
U950,39,FUSE1,166140.8,166140.8,168838.1,2697.3,2697.3,333.3,0.123568,1,p:1.1.3.1.2.2
U951,39,FUSE1,166166.6,166166.6,168961.1,2794.5,2794.5,333.3,0.11927,1,p:2.1.4.1.2.2
U952,39,FUSE1,166207.8,166207.8,169102.5,2894.7,2894.7,333.3,0.115141,1,p:1.1.5.1.2.2
U953,39,FUSE1,166212.8,166212.8,169054.3,2841.5,2841.5,333.3,0.117297,1,p:2.1.1.2.2.2
U954,39,FUSE1,166392.8,166392.8,169109.1,2716.3,2716.3,333.3,0.122704,1,p:1.1.2.1.2.2
U955,39,FUSE1,166478.8,166478.8,169143.7,2664.9,2664.9,333.3,0.12507,1,p:2.1.3.1.2.2
U956,39,FUSE2,166504.6,166504.6,169299.1,2794.5,2794.5,365.7,0.130864,1,p:1.1.4.1.2.2
U957,39,FUSE2,166545.8,166545.8,169440.5,2894.7,2894.7,365.7,0.126334,1,p:2.1.5.1.2.2
U958,39,FUSE2,166550.8,166550.8,169392.3,2841.5,2841.5,365.7,0.1287,1,p:1.2.1.2.2.2
U959,39,FUSE2,166730.8,166730.8,169447.1,2716.3,2716.3,365.7,0.134632,1,p:2.1.2.1.2.2
U960,39,FUSE2,166789.4,166789.4,169481.7,2692.3,2692.3,365.7,0.135832,1,p:1.1.3.1.2.2
U961,39,FUSE2,166794.4,166794.4,169637.1,2842.7,2842.7,365.7,0.128645,1,p:2.1.4.1.2.2
U962,39,FUSE2,166816.8,166816.8,169778.5,2961.7,2961.7,365.7,0.123476,1,p:1.1.5.1.2.2
U963,39,FUSE2,166842.6,166842.6,169730.3,2887.7,2887.7,365.7,0.126641,1,p:2.1.1.2.2.2
U2330,95,FUSE0,166974.4,166974.4,169690.7,2716.3,2716.3,271.3,0.099879,1,p:1.1.2.1.2.2
U2331,95,FUSE0,167033.0,167033.0,169725.3,2692.3,2692.3,271.3,0.100769,1,p:2.1.3.1.2.2
U2332,95,FUSE0,167038.0,167038.0,169880.7,2842.7,2842.7,271.3,0.095437,1,p:1.2.4.1.2.2
U2333,95,FUSE0,167060.4,167060.4,169934.3,2873.9,2873.9,271.3,0.094401,1,p:2.1.2.1.2.2
U2334,95,FUSE0,167086.2,167086.2,169968.9,2882.7,2882.7,271.3,0.094113,1,p:1.1.3.1.2.2
U2335,95,FUSE0,167218.0,167218.0,170022.1,2804.1,2804.1,271.3,0.096751,1,p:2.1.5.1.2.2
U2336,95,FUSE0,167338.6,167338.6,169973.9,2635.3,2635.3,271.3,0.102948,1,p:1.1.1.2.2.2
U2337,95,FUSE1,167343.6,167343.6,170186.3,2842.7,2842.7,333.3,0.117248,1,p:2.1.4.1.2.2
U2338,95,FUSE1,167366.0,167366.0,170239.9,2873.9,2873.9,333.3,0.115975,1,p:1.1.2.1.2.2
U2339,95,FUSE1,167391.8,167391.8,170274.5,2882.7,2882.7,333.3,0.115621,1,p:2.1.3.1.2.2
U2340,95,FUSE1,167523.6,167523.6,170327.7,2804.1,2804.1,333.3,0.118862,1,p:1.1.5.1.2.2
U2341,95,FUSE1,167644.2,167644.2,170279.5,2635.3,2635.3,333.3,0.126475,1,p:2.1.1.2.2.2
U2342,95,FUSE1,167649.2,167649.2,170491.9,2842.7,2842.7,333.3,0.117248,1,p:1.2.4.1.2.2
U2343,95,FUSE1,167697.4,167697.4,170545.5,2848.1,2848.1,333.3,0.117025,1,p:2.1.2.1.2.2
U2344,95,FUSE2,167704.0,167704.0,170612.5,2908.5,2908.5,365.7,0.125735,1,p:1.2.3.1.2.2
U2345,95,FUSE2,167861.6,167861.6,170665.7,2804.1,2804.1,365.7,0.130416,1,p:2.1.5.1.2.2
U2346,95,FUSE2,167982.2,167982.2,170617.5,2635.3,2635.3,365.7,0.13877,1,p:1.1.1.2.2.2
U2347,95,FUSE2,167987.2,167987.2,170829.9,2842.7,2842.7,365.7,0.128645,1,p:2.1.4.1.2.2
U2348,95,FUSE2,168035.4,168035.4,170883.5,2848.1,2848.1,365.7,0.128401,1,p:1.1.2.1.2.2
U2349,95,FUSE2,168042.0,168042.0,170950.5,2908.5,2908.5,365.7,0.125735,1,p:2.1.3.1.2.2
U2350,95,FUSE2,168199.6,168199.6,171003.7,2804.1,2804.1,365.7,0.130416,1,p:1.1.5.1.2.2
U2351,95,FUSE2,168230.8,168230.8,170955.5,2724.7,2724.7,365.7,0.134217,1,p:2.1.1.2.2.2
U2352,95,FUSE2,168279.0,168279.0,171167.9,2888.9,2888.9,365.7,0.126588,1,p:1.1.4.1.2.2
U421,18,FUSE0,168285.6,168285.6,171127.1,2841.5,2841.5,271.3,0.095478,1,p:2.1.2.1.2.2
U422,18,FUSE0,168320.2,168320.2,171194.1,2873.9,2873.9,271.3,0.094401,1,p:1.1.3.1.2.2
U423,18,FUSE0,168443.2,168443.2,171247.3,2804.1,2804.1,271.3,0.096751,1,p:2.1.5.1.2.2
U424,18,FUSE0,168474.4,168474.4,171199.1,2724.7,2724.7,271.3,0.099571,1,p:1.1.1.2.2.2
U425,18,FUSE0,168522.6,168522.6,171370.7,2848.1,2848.1,271.3,0.095256,1,p:2.1.2.1.2.2
U426,18,FUSE0,168529.2,168529.2,171411.5,2882.3,2882.3,271.3,0.094126,1,p:1.2.4.1.2.2
U427,18,FUSE0,168563.8,168563.8,171437.7,2873.9,2873.9,271.3,0.094401,1,p:2.1.3.1.2.2
U428,18,FUSE0,168686.8,168686.8,171490.9,2804.1,2804.1,271.3,0.096751,1,p:1.1.5.1.2.2
U429,18,FUSE0,168780.0,168780.0,171442.7,2662.7,2662.7,271.3,0.101889,1,p:2.1.1.2.2.2
U430,18,FUSE1,168828.2,168828.2,171676.3,2848.1,2848.1,333.3,0.117025,1,p:1.1.2.1.2.2
U431,18,FUSE1,168834.8,168834.8,171717.1,2882.3,2882.3,333.3,0.115637,1,p:2.1.4.1.2.2
U432,18,FUSE1,168869.4,168869.4,171743.3,2873.9,2873.9,333.3,0.115975,1,p:1.1.3.1.2.2
U433,18,FUSE1,168992.4,168992.4,171796.5,2804.1,2804.1,333.3,0.118862,1,p:2.1.5.1.2.2
U434,18,FUSE1,169085.6,169085.6,171748.3,2662.7,2662.7,333.3,0.125174,1,p:1.1.1.2.2.2
U435,18,FUSE1,169133.8,169133.8,171981.9,2848.1,2848.1,333.3,0.117025,1,p:2.1.2.1.2.2
U436,18,FUSE1,169140.4,169140.4,172022.7,2882.3,2882.3,333.3,0.115637,1,p:1.2.4.1.2.2
U437,18,FUSE1,169175.0,169175.0,172048.9,2873.9,2873.9,333.3,0.115975,1,p:2.1.3.1.2.2
U438,18,FUSE1,169330.4,169330.4,172102.1,2771.7,2771.7,333.3,0.120251,1,p:1.1.5.1.2.2
U439,18,FUSE2,169423.6,169423.6,172086.3,2662.7,2662.7,365.7,0.137342,1,p:2.1.1.1.2.2
U440,18,FUSE2,169471.8,169471.8,172319.9,2848.1,2848.1,365.7,0.128401,1,p:1.1.2.1.2.2
U441,18,FUSE2,169478.4,169478.4,172360.7,2882.3,2882.3,365.7,0.126878,1,p:2.1.4.1.2.2
U442,18,FUSE2,169513.0,169513.0,172386.9,2873.9,2873.9,365.7,0.127249,1,p:1.1.3.1.2.2
U443,18,FUSE2,169668.4,169668.4,172440.1,2771.7,2771.7,365.7,0.131941,1,p:2.1.5.1.2.2
U444,18,FUSE2,169722.0,169722.0,172424.3,2702.3,2702.3,365.7,0.135329,1,p:1.1.1.1.2.2
U445,18,FUSE2,169756.6,169756.6,172657.9,2901.3,2901.3,365.7,0.126047,1,p:2.1.2.1.2.2
U446,18,FUSE2,169761.6,169761.6,172698.7,2937.1,2937.1,365.7,0.124511,1,p:1.2.4.1.2.2
U447,18,FUSE2,169809.8,169809.8,172724.9,2915.1,2915.1,365.7,0.12545,1,p:2.1.3.1.2.2
U448,18,FUSE2,169912.0,169912.0,172778.1,2866.1,2866.1,365.7,0.127595,1,p:1.1.5.1.2.2
U1159,48,FUSE0,169965.6,169965.6,172667.9,2702.3,2702.3,271.3,0.100396,1,p:2.1.1.2.2.2
U1160,48,FUSE0,170000.2,170000.2,172901.5,2901.3,2901.3,271.3,0.09351,1,p:1.1.2.1.2.2
U1161,48,FUSE0,170005.2,170005.2,172942.3,2937.1,2937.1,271.3,0.09237,1,p:2.1.4.1.2.2
U1162,48,FUSE0,170053.4,170053.4,172911.5,2858.1,2858.1,271.3,0.094923,1,p:1.1.1.2.2.2
U1163,48,FUSE0,170217.6,170217.6,172968.5,2750.9,2750.9,271.3,0.098622,1,p:2.1.3.1.2.2
U1164,48,FUSE0,170271.2,170271.2,173021.7,2750.5,2750.5,271.3,0.098637,1,p:1.1.5.1.2.2
U1165,48,FUSE0,170305.8,170305.8,173145.1,2839.3,2839.3,271.3,0.095552,1,p:2.1.2.1.2.2
U1166,48,FUSE0,170310.8,170310.8,173185.9,2875.1,2875.1,271.3,0.094362,1,p:1.2.4.1.2.2
U1167,48,FUSE1,170359.0,170359.0,173217.1,2858.1,2858.1,333.3,0.116616,1,p:2.1.1.1.2.2
U1168,48,FUSE1,170523.2,170523.2,173274.1,2750.9,2750.9,333.3,0.12116,1,p:1.1.3.1.2.2
U1169,48,FUSE1,170576.8,170576.8,173327.3,2750.5,2750.5,333.3,0.121178,1,p:2.1.5.1.2.2
U1170,48,FUSE1,170643.8,170643.8,173450.7,2806.9,2806.9,333.3,0.118743,1,p:1.1.2.1.2.2
U1171,48,FUSE1,170648.8,170648.8,173491.5,2842.7,2842.7,333.3,0.117248,1,p:2.1.4.1.2.2
U1172,48,FUSE1,170697.0,170697.0,173522.7,2825.7,2825.7,333.3,0.117953,1,p:1.1.1.1.2.2
U1173,48,FUSE1,170861.2,170861.2,173579.7,2718.5,2718.5,333.3,0.122604,1,p:2.1.3.1.2.2
U1174,48,FUSE1,170914.8,170914.8,173632.9,2718.1,2718.1,333.3,0.122622,1,p:1.1.5.1.2.2
U1175,48,FUSE1,170981.8,170981.8,173756.3,2774.5,2774.5,333.3,0.12013,1,p:2.1.2.1.2.2
U1176,48,FUSE2,170986.8,170986.8,173829.5,2842.7,2842.7,365.7,0.128645,1,p:1.2.4.1.2.2
U1177,48,FUSE2,171035.0,171035.0,173860.7,2825.7,2825.7,365.7,0.129419,1,p:2.1.1.1.2.2
U1178,48,FUSE2,171158.4,171158.4,173917.7,2759.3,2759.3,365.7,0.132534,1,p:1.1.3.1.2.2
U1179,48,FUSE2,171199.2,171199.2,173970.9,2771.7,2771.7,365.7,0.131941,1,p:2.1.5.1.2.2
U1180,48,FUSE2,171225.4,171225.4,174094.3,2868.9,2868.9,365.7,0.12747,1,p:1.1.2.1.2.2
U1181,48,FUSE2,171230.4,171230.4,174167.5,2937.1,2937.1,365.7,0.124511,1,p:2.1.4.1.2.2
U1182,48,FUSE2,171278.6,171278.6,174198.7,2920.1,2920.1,365.7,0.125235,1,p:1.1.1.1.2.2
U1183,48,FUSE2,171402.0,171402.0,174255.7,2853.7,2853.7,365.7,0.128149,1,p:2.1.3.1.2.2
U1184,48,FUSE2,171442.8,171442.8,174308.9,2866.1,2866.1,365.7,0.127595,1,p:1.1.5.1.2.2
U7704,309,FUSE0,171469.0,171469.0,174337.9,2868.9,2868.9,271.3,0.094566,1,p:2.1.2.1.2.2
U7705,309,FUSE0,171474.0,171474.0,174411.1,2937.1,2937.1,271.3,0.09237,1,p:1.2.4.1.2.2
U7706,309,FUSE0,171522.2,171522.2,174442.3,2920.1,2920.1,271.3,0.092908,1,p:2.1.1.1.2.2
U7707,309,FUSE0,171707.6,171707.6,174499.3,2791.7,2791.7,271.3,0.097181,1,p:1.1.3.1.2.2
U7708,309,FUSE0,171748.4,171748.4,174552.5,2804.1,2804.1,271.3,0.096751,1,p:2.1.5.1.2.2
U7709,309,FUSE0,171774.6,171774.6,174581.5,2806.9,2806.9,271.3,0.096655,1,p:1.1.2.1.2.2
U7710,309,FUSE0,171779.6,171779.6,174654.7,2875.1,2875.1,271.3,0.094362,1,p:2.1.4.1.2.2
U7711,309,FUSE0,171827.8,171827.8,174685.9,2858.1,2858.1,271.3,0.094923,1,p:1.1.1.1.2.2
U7712,309,FUSE0,172013.2,172013.2,174742.9,2729.7,2729.7,271.3,0.099388,1,p:2.1.3.1.2.2
U7713,309,FUSE1,172054.0,172054.0,174858.1,2804.1,2804.1,333.3,0.118862,1,p:1.1.5.1.2.2
U7714,309,FUSE1,172080.2,172080.2,174887.1,2806.9,2806.9,333.3,0.118743,1,p:2.1.2.1.2.2
U7715,309,FUSE1,172117.6,172117.6,174960.3,2842.7,2842.7,333.3,0.117248,1,p:1.1.4.1.2.2
U7716,309,FUSE1,172133.4,172133.4,174991.5,2858.1,2858.1,333.3,0.116616,1,p:2.1.1.1.2.2
U7717,309,FUSE1,172351.2,172351.2,175048.5,2697.3,2697.3,333.3,0.123568,1,p:1.1.3.1.2.2
U7718,309,FUSE1,172392.0,172392.0,175163.7,2771.7,2771.7,333.3,0.120251,1,p:2.1.5.1.2.2
U7719,309,FUSE1,172418.2,172418.2,175192.7,2774.5,2774.5,333.3,0.12013,1,p:1.1.2.1.2.2
U7720,309,FUSE1,172455.6,172455.6,175297.1,2841.5,2841.5,333.3,0.117297,1,p:2.1.1.1.2.2
U7721,309,FUSE1,172471.4,172471.4,175265.9,2794.5,2794.5,333.3,0.11927,1,p:1.1.4.1.2.2
U7722,309,FUSE2,172689.2,172689.2,175386.5,2697.3,2697.3,365.7,0.13558,1,p:2.1.3.1.2.2
U7723,309,FUSE2,172699.2,172699.2,175501.7,2802.5,2802.5,365.7,0.130491,1,p:1.2.5.1.2.2
U7724,309,FUSE2,172730.0,172730.0,175530.7,2800.7,2800.7,365.7,0.130574,1,p:2.1.2.1.2.2
U7725,309,FUSE2,172756.2,172756.2,175603.9,2847.7,2847.7,365.7,0.128419,1,p:1.1.4.1.2.2
U7726,309,FUSE2,172809.4,172809.4,175635.1,2825.7,2825.7,365.7,0.129419,1,p:2.1.1.1.2.2
U7727,309,FUSE2,172932.8,172932.8,175724.5,2791.7,2791.7,365.7,0.130995,1,p:1.1.3.1.2.2
U7728,309,FUSE2,172942.8,172942.8,175839.7,2896.9,2896.9,365.7,0.126238,1,p:2.1.5.1.2.2
U7729,309,FUSE2,172973.6,172973.6,175868.7,2895.1,2895.1,365.7,0.126317,1,p:1.1.2.1.2.2
U7756,311,FUSE0,172999.8,172999.8,175847.5,2847.7,2847.7,271.3,0.09527,1,p:2.1.4.1.2.2
U7757,311,FUSE0,173053.0,173053.0,175878.7,2825.7,2825.7,271.3,0.096012,1,p:1.1.1.1.2.2
U7758,311,FUSE0,173176.4,173176.4,175968.1,2791.7,2791.7,271.3,0.097181,1,p:2.1.3.1.2.2
U7759,311,FUSE0,173217.2,173217.2,176083.3,2866.1,2866.1,271.3,0.094658,1,p:1.1.5.1.2.2
U7760,311,FUSE0,173248.4,173248.4,176091.1,2842.7,2842.7,271.3,0.095437,1,p:2.1.4.1.2.2
U7761,311,FUSE0,173305.4,173305.4,176112.3,2806.9,2806.9,271.3,0.096655,1,p:1.1.2.1.2.2
U7762,311,FUSE0,173358.6,173358.6,176122.3,2763.7,2763.7,271.3,0.098166,1,p:2.1.1.1.2.2
U7763,311,FUSE0,173482.0,173482.0,176211.7,2729.7,2729.7,271.3,0.099388,1,p:1.1.3.1.2.2
U7764,311,FUSE0,173522.8,173522.8,176326.9,2804.1,2804.1,271.3,0.096751,1,p:2.1.5.1.2.2
U7765,311,FUSE0,173554.0,173554.0,176334.7,2780.7,2780.7,271.3,0.097565,1,p:1.1.4.1.2.2
U7766,311,FUSE1,173611.0,173611.0,176417.9,2806.9,2806.9,333.3,0.118743,1,p:2.1.2.1.2.2
U7767,311,FUSE1,173664.2,173664.2,176427.9,2763.7,2763.7,333.3,0.120599,1,p:1.1.1.1.2.2
U7768,311,FUSE1,173787.6,173787.6,176517.3,2729.7,2729.7,333.3,0.122101,1,p:2.1.3.1.2.2
U7769,311,FUSE1,173860.8,173860.8,176632.5,2771.7,2771.7,333.3,0.120251,1,p:1.1.5.1.2.2
U7770,311,FUSE1,173892.0,173892.0,176640.3,2748.3,2748.3,333.3,0.121275,1,p:2.1.4.1.2.2
U7771,311,FUSE1,173949.0,173949.0,176723.5,2774.5,2774.5,333.3,0.12013,1,p:1.1.2.1.2.2
U7772,311,FUSE1,174002.2,174002.2,176733.5,2731.3,2731.3,333.3,0.12203,1,p:2.1.1.1.2.2
U7773,311,FUSE1,174125.6,174125.6,176822.9,2697.3,2697.3,333.3,0.123568,1,p:1.1.3.1.2.2
U7774,311,FUSE1,174198.8,174198.8,176938.1,2739.3,2739.3,333.3,0.121673,1,p:2.1.5.1.2.2
U7775,311,FUSE1,174230.0,174230.0,176945.9,2715.9,2715.9,333.3,0.122722,1,p:1.1.4.1.2.2
U7776,311,FUSE2,174287.0,174287.0,177061.5,2774.5,2774.5,365.7,0.131808,1,p:2.1.2.1.2.2
U7777,311,FUSE2,174340.2,174340.2,177071.5,2731.3,2731.3,365.7,0.133892,1,p:1.1.1.1.2.2
U7778,311,FUSE2,174369.2,174369.2,177160.9,2791.7,2791.7,365.7,0.130995,1,p:2.1.3.1.2.2
U7779,311,FUSE2,174442.4,174442.4,177276.1,2833.7,2833.7,365.7,0.129054,1,p:1.1.5.1.2.2
U7780,311,FUSE2,174473.6,174473.6,177283.9,2810.3,2810.3,365.7,0.130128,1,p:2.1.4.1.2.2
U7781,311,FUSE2,174530.6,174530.6,177399.5,2868.9,2868.9,365.7,0.12747,1,p:1.1.2.1.2.2
U7782,311,FUSE2,174583.8,174583.8,177409.5,2825.7,2825.7,365.7,0.129419,1,p:2.1.1.1.2.2
U7783,311,FUSE2,174612.8,174612.8,177498.9,2886.1,2886.1,365.7,0.126711,1,p:1.1.3.1.2.2
U7784,311,FUSE2,174686.0,174686.0,177614.1,2928.1,2928.1,365.7,0.124893,1,p:2.1.5.1.2.2
U7785,311,FUSE2,174717.2,174717.2,177621.9,2904.7,2904.7,365.7,0.125899,1,p:1.1.4.1.2.2
U6899,277,FUSE0,174774.2,174774.2,177643.1,2868.9,2868.9,271.3,0.094566,1,p:2.1.2.1.2.2
U6900,277,FUSE0,174889.4,174889.4,177653.1,2763.7,2763.7,271.3,0.098166,1,p:1.1.1.1.2.2
U6901,277,FUSE0,174918.4,174918.4,177742.5,2824.1,2824.1,271.3,0.096066,1,p:2.1.3.1.2.2
U6902,277,FUSE0,174991.6,174991.6,177857.7,2866.1,2866.1,271.3,0.094658,1,p:1.1.5.1.2.2
U6903,277,FUSE0,175022.8,175022.8,177865.5,2842.7,2842.7,271.3,0.095437,1,p:2.1.4.1.2.2
U6904,277,FUSE0,175079.8,175079.8,177886.7,2806.9,2806.9,271.3,0.096655,1,p:1.1.2.1.2.2
U6905,277,FUSE0,175195.0,175195.0,177896.7,2701.7,2701.7,271.3,0.100418,1,p:2.1.1.1.2.2
U6906,277,FUSE0,175224.0,175224.0,177986.1,2762.1,2762.1,271.3,0.098222,1,p:1.1.3.1.2.2
U6907,277,FUSE0,175297.2,175297.2,178101.3,2804.1,2804.1,271.3,0.096751,1,p:2.1.5.1.2.2
U6908,277,FUSE1,175328.4,175328.4,178171.1,2842.7,2842.7,333.3,0.117248,1,p:1.1.4.1.2.2
U6909,277,FUSE1,175417.8,175417.8,178192.3,2774.5,2774.5,333.3,0.12013,1,p:2.1.2.1.2.2
U6910,277,FUSE1,175533.0,175533.0,178202.3,2669.3,2669.3,333.3,0.124864,1,p:1.1.1.1.2.2
U6911,277,FUSE1,175562.0,175562.0,178291.7,2729.7,2729.7,333.3,0.122101,1,p:2.1.3.1.2.2
U6912,277,FUSE1,175635.2,175635.2,178406.9,2771.7,2771.7,333.3,0.120251,1,p:1.1.5.1.2.2
U6913,277,FUSE1,175666.4,175666.4,178476.7,2810.3,2810.3,333.3,0.118599,1,p:2.1.4.1.2.2
U6914,277,FUSE1,175755.8,175755.8,178497.9,2742.1,2742.1,333.3,0.121549,1,p:1.1.2.1.2.2
U6915,277,FUSE1,175871.0,175871.0,178507.9,2636.9,2636.9,333.3,0.126398,1,p:2.1.1.1.2.2
U6916,277,FUSE1,175878.8,175878.8,178597.3,2718.5,2718.5,333.3,0.122604,1,p:1.2.3.1.2.2
U6917,277,FUSE2,175900.0,175900.0,178744.9,2844.9,2844.9,365.7,0.128546,1,p:2.1.5.1.2.2
U6918,277,FUSE2,175910.0,175910.0,178814.7,2904.7,2904.7,365.7,0.125899,1,p:1.2.4.1.2.2
U6919,277,FUSE2,175999.4,175999.4,178835.9,2836.5,2836.5,365.7,0.128926,1,p:2.1.2.1.2.2
U6920,277,FUSE2,176114.6,176114.6,178845.9,2731.3,2731.3,365.7,0.133892,1,p:1.1.1.1.2.2
U6921,277,FUSE2,176122.4,176122.4,178935.3,2812.9,2812.9,365.7,0.130008,1,p:2.1.3.1.2.2
U6922,277,FUSE2,176143.6,176143.6,179082.9,2939.3,2939.3,365.7,0.124417,1,p:1.1.5.1.2.2
U6923,277,FUSE2,176153.6,176153.6,179152.7,2999.1,2999.1,365.7,0.121937,1,p:2.1.4.1.2.2
U6924,277,FUSE2,176243.0,176243.0,179173.9,2930.9,2930.9,365.7,0.124774,1,p:1.1.2.1.2.2
U6925,277,FUSE2,176358.2,176358.2,179183.9,2825.7,2825.7,365.7,0.129419,1,p:2.1.1.1.2.2
U6926,277,FUSE2,176366.0,176366.0,179273.3,2907.3,2907.3,365.7,0.125787,1,p:1.2.3.1.2.2
U4376,176,FUSE0,176449.2,176449.2,179326.5,2877.3,2877.3,271.3,0.09429,1,p:2.1.5.1.2.2
U4377,176,FUSE0,176459.2,176459.2,179396.3,2937.1,2937.1,271.3,0.09237,1,p:1.2.4.1.2.2
U4378,176,FUSE0,176548.6,176548.6,179417.5,2868.9,2868.9,271.3,0.094566,1,p:2.1.2.1.2.2
U4379,176,FUSE0,176663.8,176663.8,179427.5,2763.7,2763.7,271.3,0.098166,1,p:1.1.1.1.2.2
U4380,176,FUSE0,176671.6,176671.6,179516.9,2845.3,2845.3,271.3,0.09535,1,p:2.1.3.1.2.2
U4381,176,FUSE0,176754.8,176754.8,179570.1,2815.3,2815.3,271.3,0.096366,1,p:1.1.5.1.2.2
U4382,176,FUSE0,176764.8,176764.8,179639.9,2875.1,2875.1,271.3,0.094362,1,p:2.1.4.1.2.2
U4383,176,FUSE0,176854.2,176854.2,179661.1,2806.9,2806.9,271.3,0.096655,1,p:1.1.2.1.2.2
U4384,176,FUSE1,176969.4,176969.4,179733.1,2763.7,2763.7,333.3,0.120599,1,p:2.1.1.1.2.2
U4385,176,FUSE1,176977.2,176977.2,179822.5,2845.3,2845.3,333.3,0.117141,1,p:1.2.3.1.2.2
U4386,176,FUSE1,177092.8,177092.8,179875.7,2782.9,2782.9,333.3,0.119767,1,p:2.1.5.1.2.2
U4387,176,FUSE1,177102.8,177102.8,179945.5,2842.7,2842.7,333.3,0.117248,1,p:1.2.4.1.2.2
U4388,176,FUSE1,177192.2,177192.2,179966.7,2774.5,2774.5,333.3,0.12013,1,p:2.1.2.1.2.2
U4389,176,FUSE1,177307.4,177307.4,180038.7,2731.3,2731.3,333.3,0.12203,1,p:1.1.1.1.2.2
U4390,176,FUSE1,177315.2,177315.2,180128.1,2812.9,2812.9,333.3,0.11849,1,p:2.1.3.1.2.2
U4391,176,FUSE1,177430.8,177430.8,180181.3,2750.5,2750.5,333.3,0.121178,1,p:1.1.5.1.2.2
U4392,176,FUSE2,177440.8,177440.8,180283.5,2842.7,2842.7,365.7,0.128645,1,p:2.1.4.1.2.2
U4393,176,FUSE2,177530.2,177530.2,180304.7,2774.5,2774.5,365.7,0.131808,1,p:1.1.2.1.2.2
U4394,176,FUSE2,177645.4,177645.4,180376.7,2731.3,2731.3,365.7,0.133892,1,p:2.1.1.1.2.2
U4395,176,FUSE2,177653.2,177653.2,180466.1,2812.9,2812.9,365.7,0.130008,1,p:1.2.3.1.2.2
U4396,176,FUSE2,177674.4,177674.4,180519.3,2844.9,2844.9,365.7,0.128546,1,p:2.1.5.1.2.2
U4397,176,FUSE2,177684.4,177684.4,180621.5,2937.1,2937.1,365.7,0.124511,1,p:1.2.4.1.2.2
U4398,176,FUSE2,177773.8,177773.8,180642.7,2868.9,2868.9,365.7,0.12747,1,p:2.1.2.1.2.2
U4399,176,FUSE2,177889.0,177889.0,180714.7,2825.7,2825.7,365.7,0.129419,1,p:1.1.1.2.2.2
U4400,176,FUSE2,177896.8,177896.8,180804.1,2907.3,2907.3,365.7,0.125787,1,p:2.1.3.1.2.2
U7148,287,FUSE0,177918.0,177918.0,180762.9,2844.9,2844.9,271.3,0.095364,1,p:1.1.5.1.2.2
U7149,287,FUSE0,177928.0,177928.0,180865.1,2937.1,2937.1,271.3,0.09237,1,p:2.1.4.1.2.2
U7150,287,FUSE0,178017.4,178017.4,180886.3,2868.9,2868.9,271.3,0.094566,1,p:1.1.2.1.2.2
U7151,287,FUSE0,178132.6,178132.6,181006.5,2873.9,2873.9,271.3,0.094401,1,p:2.1.5.1.2.2
U7152,287,FUSE0,178202.4,178202.4,180958.3,2755.9,2755.9,271.3,0.098443,1,p:1.1.1.2.2.2
U7153,287,FUSE0,178223.6,178223.6,181047.7,2824.1,2824.1,271.3,0.096066,1,p:2.1.3.1.2.2
U7154,287,FUSE0,178233.6,178233.6,181108.7,2875.1,2875.1,271.3,0.094362,1,p:1.2.4.1.2.2
U7155,287,FUSE0,178323.0,178323.0,181129.9,2806.9,2806.9,271.3,0.096655,1,p:2.1.2.1.2.2
U7156,287,FUSE1,178438.2,178438.2,181312.1,2873.9,2873.9,333.3,0.115975,1,p:1.1.5.1.2.2
U7157,287,FUSE1,178508.0,178508.0,181263.9,2755.9,2755.9,333.3,0.120941,1,p:2.1.1.2.2.2
U7158,287,FUSE1,178529.2,178529.2,181353.3,2824.1,2824.1,333.3,0.11802,1,p:1.1.3.1.2.2
U7159,287,FUSE1,178539.2,178539.2,181414.3,2875.1,2875.1,333.3,0.115926,1,p:2.1.4.1.2.2
U7160,287,FUSE1,178628.6,178628.6,181435.5,2806.9,2806.9,333.3,0.118743,1,p:1.1.2.1.2.2
U7161,287,FUSE1,178776.2,178776.2,181617.7,2841.5,2841.5,333.3,0.117297,1,p:2.1.5.1.2.2
U7162,287,FUSE1,178846.0,178846.0,181569.5,2723.5,2723.5,333.3,0.122379,1,p:1.1.1.2.2.2
U7163,287,FUSE1,178867.2,178867.2,181658.9,2791.7,2791.7,333.3,0.11939,1,p:2.1.3.1.2.2
U7164,287,FUSE2,178877.2,178877.2,181752.3,2875.1,2875.1,365.7,0.127196,1,p:1.2.4.1.2.2
U7165,287,FUSE2,178966.6,178966.6,181773.5,2806.9,2806.9,365.7,0.130286,1,p:2.1.2.1.2.2
U7166,287,FUSE2,179114.2,179114.2,181955.7,2841.5,2841.5,365.7,0.1287,1,p:1.1.5.1.2.2
U7167,287,FUSE2,179184.0,179184.0,181907.5,2723.5,2723.5,365.7,0.134276,1,p:2.1.1.2.2.2
U7168,287,FUSE2,179205.2,179205.2,181996.9,2791.7,2791.7,365.7,0.130995,1,p:1.1.3.1.2.2
U7169,287,FUSE2,179215.2,179215.2,182090.3,2875.1,2875.1,365.7,0.127196,1,p:2.1.4.1.2.2
U7170,287,FUSE2,179304.6,179304.6,182111.5,2806.9,2806.9,365.7,0.130286,1,p:1.1.2.1.2.2
U7171,287,FUSE2,179357.8,179357.8,182293.7,2935.9,2935.9,365.7,0.124561,1,p:2.1.5.1.2.2
U7172,287,FUSE2,179427.6,179427.6,182245.5,2817.9,2817.9,365.7,0.129777,1,p:1.1.1.2.2.2
U7173,287,FUSE2,179448.8,179448.8,182338.5,2889.7,2889.7,365.7,0.126553,1,p:2.1.3.1.2.2
U8413,337,FUSE0,179458.8,179458.8,182333.9,2875.1,2875.1,271.3,0.094362,1,p:1.2.4.1.2.2
U8414,337,FUSE0,179548.2,179548.2,182355.1,2806.9,2806.9,271.3,0.096655,1,p:2.1.2.1.2.2
U8415,337,FUSE0,179601.4,179601.4,182537.3,2935.9,2935.9,271.3,0.092408,1,p:1.1.5.1.2.2
U8416,337,FUSE0,179671.2,179671.2,182489.1,2817.9,2817.9,271.3,0.096277,1,p:2.1.1.2.2.2
U8417,337,FUSE0,179692.4,179692.4,182577.5,2885.1,2885.1,271.3,0.094035,1,p:1.1.4.1.2.2
U8418,337,FUSE0,179764.4,179764.4,182582.1,2817.7,2817.7,271.3,0.096284,1,p:2.1.3.1.2.2
U8419,337,FUSE0,179853.8,179853.8,182598.7,2744.9,2744.9,271.3,0.098838,1,p:1.1.2.1.2.2
U8420,337,FUSE0,179907.0,179907.0,182780.9,2873.9,2873.9,271.3,0.094401,1,p:2.1.5.1.2.2
U8421,337,FUSE1,179976.8,179976.8,182794.7,2817.9,2817.9,333.3,0.11828,1,p:1.1.1.1.2.2
U8422,337,FUSE1,179998.0,179998.0,182883.1,2885.1,2885.1,333.3,0.115525,1,p:2.1.4.1.2.2
U8423,337,FUSE1,180070.0,180070.0,182887.7,2817.7,2817.7,333.3,0.118288,1,p:1.1.3.1.2.2
U8424,337,FUSE1,180159.4,180159.4,182904.3,2744.9,2744.9,333.3,0.121425,1,p:2.1.2.1.2.2
U8425,337,FUSE1,180212.6,180212.6,183086.5,2873.9,2873.9,333.3,0.115975,1,p:1.1.5.1.2.2
U8426,337,FUSE1,180314.8,180314.8,183100.3,2785.5,2785.5,333.3,0.119655,1,p:2.1.1.1.2.2
U8427,337,FUSE1,180336.0,180336.0,183188.7,2852.7,2852.7,333.3,0.116837,1,p:1.1.4.1.2.2
U8428,337,FUSE2,180408.0,180408.0,183222.1,2814.1,2814.1,365.7,0.129953,1,p:2.1.3.1.2.2
U8429,337,FUSE2,180497.4,180497.4,183242.3,2744.9,2744.9,365.7,0.133229,1,p:1.1.2.1.2.2
U8430,337,FUSE2,180550.6,180550.6,183424.5,2873.9,2873.9,365.7,0.127249,1,p:2.1.5.1.2.2
U8431,337,FUSE2,180652.8,180652.8,183438.3,2785.5,2785.5,365.7,0.131287,1,p:1.1.1.1.2.2
U8432,337,FUSE2,180674.0,180674.0,183526.7,2852.7,2852.7,365.7,0.128194,1,p:2.1.4.1.2.2
U8433,337,FUSE2,180746.0,180746.0,183560.1,2814.1,2814.1,365.7,0.129953,1,p:1.1.3.1.2.2
U8434,337,FUSE2,180794.2,180794.2,183580.3,2786.1,2786.1,365.7,0.131259,1,p:2.1.2.1.2.2
U8435,337,FUSE2,180835.4,180835.4,183762.5,2927.1,2927.1,365.7,0.124936,1,p:1.1.5.1.2.2
U4574,184,FUSE0,180896.4,180896.4,183681.9,2785.5,2785.5,271.3,0.097397,1,p:2.1.1.1.2.2
U4575,184,FUSE0,180917.6,180917.6,183770.3,2852.7,2852.7,271.3,0.095103,1,p:1.1.4.1.2.2
U4576,184,FUSE0,180989.6,180989.6,183803.7,2814.1,2814.1,271.3,0.096407,1,p:2.1.3.1.2.2
U4577,184,FUSE0,181037.8,181037.8,183823.9,2786.1,2786.1,271.3,0.097376,1,p:1.1.2.1.2.2
U4578,184,FUSE0,181079.0,181079.0,183925.5,2846.5,2846.5,271.3,0.09531,1,p:2.1.1.1.2.2
U4579,184,FUSE0,181140.0,181140.0,184006.1,2866.1,2866.1,271.3,0.094658,1,p:1.1.5.1.2.2
U4580,184,FUSE0,181161.2,181161.2,184013.9,2852.7,2852.7,271.3,0.095103,1,p:2.1.4.1.2.2
U4581,184,FUSE0,181295.2,181295.2,184047.3,2752.1,2752.1,271.3,0.098579,1,p:1.1.3.1.2.2
U4582,184,FUSE0,181343.4,181343.4,184067.5,2724.1,2724.1,271.3,0.099593,1,p:2.1.2.1.2.2
U4583,184,FUSE0,181384.6,181384.6,184169.1,2784.5,2784.5,271.3,0.097432,1,p:1.1.1.1.2.2
U4584,184,FUSE1,181445.6,181445.6,184311.7,2866.1,2866.1,333.3,0.11629,1,p:2.1.5.1.2.2
U4585,184,FUSE1,181466.8,181466.8,184319.5,2852.7,2852.7,333.3,0.116837,1,p:1.1.4.1.2.2
U4586,184,FUSE1,181600.8,181600.8,184352.9,2752.1,2752.1,333.3,0.121108,1,p:2.1.3.1.2.2
U4587,184,FUSE1,181649.0,181649.0,184373.1,2724.1,2724.1,333.3,0.122352,1,p:1.1.2.1.2.2
U4588,184,FUSE1,181690.2,181690.2,184474.7,2784.5,2784.5,333.3,0.119698,1,p:2.1.1.1.2.2
U4589,184,FUSE1,181783.6,181783.6,184617.3,2833.7,2833.7,333.3,0.11762,1,p:1.1.5.1.2.2
U4590,184,FUSE1,181804.8,181804.8,184625.1,2820.3,2820.3,333.3,0.118179,1,p:2.1.4.1.2.2
U4591,184,FUSE1,181938.8,181938.8,184658.5,2719.7,2719.7,333.3,0.12255,1,p:1.1.3.1.2.2
U4592,184,FUSE1,181987.0,181987.0,184678.7,2691.7,2691.7,333.3,0.123825,1,p:2.1.2.1.2.2
U4593,184,FUSE1,182028.2,182028.2,184780.3,2752.1,2752.1,333.3,0.121108,1,p:1.1.1.1.2.2
U4594,184,FUSE2,182121.6,182121.6,184955.3,2833.7,2833.7,365.7,0.129054,1,p:2.1.5.1.2.2
U4595,184,FUSE2,182142.8,182142.8,184963.1,2820.3,2820.3,365.7,0.129667,1,p:1.1.4.1.2.2
U4596,184,FUSE2,182276.8,182276.8,184996.5,2719.7,2719.7,365.7,0.134463,1,p:2.1.3.1.2.2
U4597,184,FUSE2,182325.0,182325.0,185016.7,2691.7,2691.7,365.7,0.135862,1,p:1.1.2.1.2.2
U4598,184,FUSE2,182365.2,182365.2,185118.3,2753.1,2753.1,365.7,0.132832,1,p:2.1.1.1.2.2
U4599,184,FUSE2,182369.8,182369.8,185293.3,2923.5,2923.5,365.7,0.12509,1,p:1.2.5.1.2.2
U4600,184,FUSE2,182386.4,182386.4,185301.1,2914.7,2914.7,365.7,0.125467,1,p:2.1.4.1.2.2
U4601,184,FUSE2,182520.4,182520.4,185334.5,2814.1,2814.1,365.7,0.129953,1,p:1.1.3.1.2.2
U4602,184,FUSE2,182568.6,182568.6,185354.7,2786.1,2786.1,365.7,0.131259,1,p:2.1.2.1.2.2
U4603,184,FUSE2,182608.8,182608.8,185456.3,2847.5,2847.5,365.7,0.128428,1,p:1.1.1.1.2.2
U7627,306,FUSE0,182613.4,182613.4,185544.7,2931.3,2931.3,271.3,0.092553,1,p:2.1.4.1.2.2
U7628,306,FUSE0,182630.0,182630.0,185536.9,2906.9,2906.9,271.3,0.09333,1,p:1.1.5.1.2.2
U7629,306,FUSE0,182812.2,182812.2,185598.3,2786.1,2786.1,271.3,0.097376,1,p:2.1.2.1.2.2
U7630,306,FUSE0,182826.0,182826.0,185578.1,2752.1,2752.1,271.3,0.098579,1,p:1.1.3.1.2.2
U7631,306,FUSE0,182914.4,182914.4,185699.9,2785.5,2785.5,271.3,0.097397,1,p:2.1.1.1.2.2
U7632,306,FUSE0,182919.0,182919.0,185780.5,2861.5,2861.5,271.3,0.09481,1,p:1.2.5.1.2.2
U7633,306,FUSE0,182935.6,182935.6,185788.3,2852.7,2852.7,271.3,0.095103,1,p:2.1.4.1.2.2
U7634,306,FUSE0,183117.8,183117.8,185821.7,2703.9,2703.9,271.3,0.100337,1,p:1.1.3.1.2.2
U7635,306,FUSE0,183131.6,183131.6,185841.9,2710.3,2710.3,271.3,0.1001,1,p:2.1.2.1.2.2
U7636,306,FUSE1,183220.0,183220.0,186005.5,2785.5,2785.5,333.3,0.119655,1,p:1.1.1.1.2.2
U7637,306,FUSE1,183253.4,183253.4,186086.1,2832.7,2832.7,333.3,0.117662,1,p:2.1.5.1.2.2
U7638,306,FUSE1,183273.6,183273.6,186093.9,2820.3,2820.3,333.3,0.118179,1,p:1.1.4.1.2.2
U7639,306,FUSE1,183455.8,183455.8,186147.5,2691.7,2691.7,333.3,0.123825,1,p:2.1.2.1.2.2
U7640,306,FUSE1,183469.6,183469.6,186127.3,2657.7,2657.7,333.3,0.125409,1,p:1.1.3.1.2.2
U7641,306,FUSE1,183558.0,183558.0,186311.1,2753.1,2753.1,333.3,0.121064,1,p:2.1.1.1.2.2
U7642,306,FUSE1,183591.4,183591.4,186391.7,2800.3,2800.3,333.3,0.119023,1,p:1.1.5.1.2.2
U7643,306,FUSE1,183611.6,183611.6,186399.5,2787.9,2787.9,333.3,0.119552,1,p:2.1.4.1.2.2
U7644,306,FUSE1,183713.2,183713.2,186432.9,2719.7,2719.7,333.3,0.12255,1,p:1.1.3.1.2.2
U7645,306,FUSE2,183793.8,183793.8,186485.5,2691.7,2691.7,365.7,0.135862,1,p:2.1.2.1.2.2
U7646,306,FUSE2,183801.6,183801.6,186649.1,2847.5,2847.5,365.7,0.128428,1,p:1.2.1.1.2.2
U7647,306,FUSE2,183835.0,183835.0,186729.7,2894.7,2894.7,365.7,0.126334,1,p:2.1.5.1.2.2
U7648,306,FUSE2,183855.2,183855.2,186737.5,2882.3,2882.3,365.7,0.126878,1,p:1.1.4.1.2.2
U7649,306,FUSE2,183956.8,183956.8,186770.9,2814.1,2814.1,365.7,0.129953,1,p:2.1.3.1.2.2
U7650,306,FUSE2,184037.4,184037.4,186823.5,2786.1,2786.1,365.7,0.131259,1,p:1.1.2.1.2.2
U7651,306,FUSE2,184045.2,184045.2,186987.1,2941.9,2941.9,365.7,0.124307,1,p:2.1.1.1.2.2
U7652,306,FUSE2,184078.6,184078.6,187071.7,2993.1,2993.1,365.7,0.122181,1,p:1.1.5.1.2.2
U7653,306,FUSE2,184098.8,184098.8,187076.3,2977.5,2977.5,365.7,0.122821,1,p:2.1.4.1.2.2
U7654,306,FUSE2,184200.4,184200.4,187108.9,2908.5,2908.5,365.7,0.125735,1,p:1.1.3.1.2.2
U3337,135,FUSE0,184343.0,184343.0,187067.1,2724.1,2724.1,271.3,0.099593,1,p:2.1.2.1.2.2
U3338,135,FUSE0,184350.8,184350.8,187230.7,2879.9,2879.9,271.3,0.094205,1,p:1.2.1.1.2.2
U3339,135,FUSE0,184384.2,184384.2,187315.3,2931.1,2931.1,271.3,0.092559,1,p:2.1.5.1.2.2
U3340,135,FUSE0,184404.4,184404.4,187319.9,2915.5,2915.5,271.3,0.093054,1,p:1.1.4.1.2.2
U3341,135,FUSE0,184506.0,184506.0,187310.7,2804.7,2804.7,271.3,0.09673,1,p:2.1.2.1.2.2
U3342,135,FUSE0,184648.6,184648.6,187352.5,2703.9,2703.9,271.3,0.100337,1,p:1.1.3.1.2.2
U3343,135,FUSE1,184656.4,184656.4,187536.3,2879.9,2879.9,333.3,0.115733,1,p:2.1.1.1.2.2
U3344,135,FUSE1,184689.8,184689.8,187620.9,2931.1,2931.1,333.3,0.113712,1,p:1.1.5.1.2.2
U3345,135,FUSE1,184710.0,184710.0,187625.5,2915.5,2915.5,333.3,0.11432,1,p:2.1.4.1.2.2
U3346,135,FUSE1,184811.6,184811.6,187616.3,2804.7,2804.7,333.3,0.118836,1,p:1.1.2.1.2.2
U3347,135,FUSE1,184986.6,184986.6,187658.1,2671.5,2671.5,333.3,0.124761,1,p:2.1.3.1.2.2
U3348,135,FUSE1,184994.4,184994.4,187841.9,2847.5,2847.5,333.3,0.11705,1,p:1.2.1.1.2.2
U3349,135,FUSE1,185027.8,185027.8,187922.5,2894.7,2894.7,333.3,0.115141,1,p:2.1.5.1.2.2
U3350,135,FUSE2,185048.0,185048.0,187962.7,2914.7,2914.7,365.7,0.125467,1,p:1.1.4.1.2.2
U3351,135,FUSE2,185149.6,185149.6,187954.3,2804.7,2804.7,365.7,0.130388,1,p:2.1.2.1.2.2
U3352,135,FUSE2,185324.6,185324.6,187996.1,2671.5,2671.5,365.7,0.136889,1,p:1.1.3.1.2.2
U3353,135,FUSE2,185332.4,185332.4,188179.9,2847.5,2847.5,365.7,0.128428,1,p:2.1.1.1.2.2
U3354,135,FUSE2,185365.8,185365.8,188260.5,2894.7,2894.7,365.7,0.126334,1,p:1.1.5.1.2.2
U3355,135,FUSE2,185386.0,185386.0,188300.7,2914.7,2914.7,365.7,0.125467,1,p:2.1.4.1.2.2
U3356,135,FUSE2,185487.6,185487.6,188292.3,2804.7,2804.7,365.7,0.130388,1,p:1.1.2.1.2.2
U6348,255,FUSE0,185568.2,185568.2,188239.7,2671.5,2671.5,271.3,0.101553,1,p:2.1.3.2.2.2
U6349,255,FUSE0,185576.0,185576.0,188423.5,2847.5,2847.5,271.3,0.095277,1,p:1.2.1.1.2.2
U6350,255,FUSE0,185609.4,185609.4,188504.1,2894.7,2894.7,271.3,0.093723,1,p:2.1.5.1.2.2
U6351,255,FUSE0,185629.6,185629.6,188483.3,2853.7,2853.7,271.3,0.09507,1,p:1.1.3.2.2.2
U6352,255,FUSE0,185731.2,185731.2,188544.3,2813.1,2813.1,271.3,0.096442,1,p:2.1.4.1.2.2
U6353,255,FUSE0,185811.8,185811.8,188535.9,2724.1,2724.1,271.3,0.099593,1,p:1.1.2.1.2.2
U6354,255,FUSE0,185819.6,185819.6,188667.1,2847.5,2847.5,271.3,0.095277,1,p:2.1.1.1.2.2
U6355,255,FUSE0,185853.0,185853.0,188747.7,2894.7,2894.7,271.3,0.093723,1,p:1.1.5.1.2.2
U6356,255,FUSE0,185873.2,185873.2,188726.9,2853.7,2853.7,271.3,0.09507,1,p:2.1.3.2.2.2
U6357,255,FUSE1,186036.8,186036.8,188849.9,2813.1,2813.1,333.3,0.118481,1,p:1.1.4.1.2.2
U6358,255,FUSE1,186117.4,186117.4,188841.5,2724.1,2724.1,333.3,0.122352,1,p:2.1.2.1.2.2
U6359,255,FUSE1,186125.2,186125.2,188972.7,2847.5,2847.5,333.3,0.11705,1,p:1.2.1.1.2.2
U6360,255,FUSE1,186158.6,186158.6,189053.3,2894.7,2894.7,333.3,0.115141,1,p:2.1.5.1.2.2
U6361,255,FUSE1,186178.8,186178.8,189032.5,2853.7,2853.7,333.3,0.116796,1,p:1.1.3.2.2.2
U6362,255,FUSE1,186342.4,186342.4,189155.5,2813.1,2813.1,333.3,0.118481,1,p:2.1.4.1.2.2
U6363,255,FUSE1,186423.0,186423.0,189147.1,2724.1,2724.1,333.3,0.122352,1,p:1.1.2.1.2.2
U6364,255,FUSE1,186430.8,186430.8,189278.3,2847.5,2847.5,333.3,0.11705,1,p:2.1.1.1.2.2
U6365,255,FUSE1,186464.2,186464.2,189358.9,2894.7,2894.7,333.3,0.115141,1,p:1.1.5.1.2.2
U6366,255,FUSE2,186516.8,186516.8,189370.5,2853.7,2853.7,365.7,0.128149,1,p:2.1.3.1.2.2
U6367,255,FUSE2,186680.4,186680.4,189493.5,2813.1,2813.1,365.7,0.129999,1,p:1.1.4.1.2.2
U6368,255,FUSE2,186761.0,186761.0,189485.1,2724.1,2724.1,365.7,0.134246,1,p:2.1.2.1.2.2
U6369,255,FUSE2,186768.8,186768.8,189616.3,2847.5,2847.5,365.7,0.128428,1,p:1.2.1.1.2.2
U6370,255,FUSE2,186802.2,186802.2,189696.9,2894.7,2894.7,365.7,0.126334,1,p:2.1.5.1.2.2
U6371,255,FUSE2,186854.8,186854.8,189708.5,2853.7,2853.7,365.7,0.128149,1,p:1.1.3.1.2.2
U6372,255,FUSE2,187018.4,187018.4,189831.5,2813.1,2813.1,365.7,0.129999,1,p:2.1.4.1.2.2
U6373,255,FUSE2,187098.4,187098.4,189823.1,2724.7,2724.7,365.7,0.134217,1,p:1.1.2.1.2.2
U6374,255,FUSE2,187103.0,187103.0,189956.7,2853.7,2853.7,365.7,0.128149,1,p:2.1.1.1.2.2
U6375,255,FUSE2,187107.6,187107.6,190034.9,2927.3,2927.3,365.7,0.124927,1,p:1.2.5.1.2.2
U7296,293,FUSE0,187140.2,187140.2,189952.1,2811.9,2811.9,271.3,0.096483,1,p:2.1.3.1.2.2
U7297,293,FUSE0,187262.0,187262.0,190075.1,2813.1,2813.1,271.3,0.096442,1,p:1.1.4.1.2.2
U7298,293,FUSE0,187342.0,187342.0,190066.7,2724.7,2724.7,271.3,0.099571,1,p:2.1.2.1.2.2
U7299,293,FUSE0,187346.6,187346.6,190195.7,2849.1,2849.1,271.3,0.095223,1,p:1.2.3.1.2.2
U7300,293,FUSE0,187351.2,187351.2,190200.3,2849.1,2849.1,271.3,0.095223,1,p:2.1.1.1.2.2
U7301,293,FUSE0,187383.8,187383.8,190278.5,2894.7,2894.7,271.3,0.093723,1,p:1.1.5.1.2.2
U7302,293,FUSE0,187567.6,187567.6,190318.7,2751.1,2751.1,271.3,0.098615,1,p:2.1.4.1.2.2
U7303,293,FUSE0,187647.6,187647.6,190310.3,2662.7,2662.7,271.3,0.101889,1,p:1.1.2.1.2.2
U7304,293,FUSE1,187652.2,187652.2,190501.3,2849.1,2849.1,333.3,0.116984,1,p:2.1.3.1.2.2
U7305,293,FUSE1,187656.8,187656.8,190505.9,2849.1,2849.1,333.3,0.116984,1,p:1.2.1.1.2.2
U7306,293,FUSE1,187689.4,187689.4,190584.1,2894.7,2894.7,333.3,0.115141,1,p:2.1.5.1.2.2
U7307,293,FUSE1,187873.2,187873.2,190624.3,2751.1,2751.1,333.3,0.121152,1,p:1.1.4.1.2.2
U7308,293,FUSE1,187953.8,187953.8,190615.9,2662.1,2662.1,333.3,0.125202,1,p:2.1.2.1.2.2
U7309,293,FUSE1,187985.6,187985.6,190806.9,2821.3,2821.3,333.3,0.118137,1,p:1.1.3.1.2.2
U7310,293,FUSE1,187994.0,187994.0,190811.5,2817.5,2817.5,333.3,0.118296,1,p:2.1.1.1.2.2
U7311,293,FUSE1,188027.4,188027.4,190889.7,2862.3,2862.3,333.3,0.116445,1,p:1.1.5.1.2.2
U7312,293,FUSE2,188211.2,188211.2,190962.3,2751.1,2751.1,365.7,0.132929,1,p:2.1.4.1.2.2
U7313,293,FUSE2,188271.0,188271.0,190953.9,2682.9,2682.9,365.7,0.136308,1,p:1.1.2.1.2.2
U7314,293,FUSE2,188291.8,188291.8,191144.9,2853.1,2853.1,365.7,0.128176,1,p:2.1.3.1.2.2
U7315,293,FUSE2,188323.6,188323.6,191149.5,2825.9,2825.9,365.7,0.12941,1,p:1.1.1.1.2.2
U7316,293,FUSE2,188332.0,188332.0,191227.7,2895.7,2895.7,365.7,0.126291,1,p:2.1.5.1.2.2
U7317,293,FUSE2,188454.8,188454.8,191300.3,2845.5,2845.5,365.7,0.128519,1,p:1.1.4.1.2.2
U7318,293,FUSE2,188514.6,188514.6,191291.9,2777.3,2777.3,365.7,0.131675,1,p:2.1.2.1.2.2
U7319,293,FUSE2,188535.4,188535.4,191482.9,2947.5,2947.5,365.7,0.124071,1,p:1.1.3.1.2.2
U7320,293,FUSE2,188567.2,188567.2,191487.5,2920.3,2920.3,365.7,0.125227,1,p:2.1.1.2.2.2
U4909,197,FUSE0,188575.6,188575.6,191471.3,2895.7,2895.7,271.3,0.093691,1,p:1.2.5.1.2.2
U4910,197,FUSE0,188698.4,188698.4,191543.9,2845.5,2845.5,271.3,0.095344,1,p:2.1.4.1.2.2
U4911,197,FUSE0,188758.2,188758.2,191535.5,2777.3,2777.3,271.3,0.097685,1,p:1.1.2.1.2.2
U4912,197,FUSE0,188779.0,188779.0,191714.9,2935.9,2935.9,271.3,0.092408,1,p:2.1.5.1.2.2
U4913,197,FUSE0,188872.8,188872.8,191726.5,2853.7,2853.7,271.3,0.09507,1,p:1.1.3.1.2.2
U4914,197,FUSE0,188881.2,188881.2,191787.5,2906.3,2906.3,271.3,0.093349,1,p:2.1.4.1.2.2
U4915,197,FUSE0,189004.0,189004.0,191731.1,2727.1,2727.1,271.3,0.099483,1,p:1.1.1.2.2.2
U4916,197,FUSE0,189063.8,189063.8,191779.1,2715.3,2715.3,271.3,0.099915,1,p:2.1.2.1.2.2
U4917,197,FUSE0,189084.6,189084.6,191958.5,2873.9,2873.9,271.3,0.094401,1,p:1.1.5.1.2.2
U4918,197,FUSE1,189178.4,189178.4,192032.1,2853.7,2853.7,333.3,0.116796,1,p:2.1.3.1.2.2
U4919,197,FUSE1,189186.8,189186.8,192093.1,2906.3,2906.3,333.3,0.114682,1,p:1.2.4.1.2.2
U4920,197,FUSE1,189309.6,189309.6,192036.7,2727.1,2727.1,333.3,0.122218,1,p:2.1.1.2.2.2
U4921,197,FUSE1,189390.2,189390.2,192084.7,2694.5,2694.5,333.3,0.123696,1,p:1.1.2.1.2.2
U4922,197,FUSE1,189401.8,189401.8,192264.1,2862.3,2862.3,333.3,0.116445,1,p:2.1.5.1.2.2
U4923,197,FUSE1,189516.4,189516.4,192337.7,2821.3,2821.3,333.3,0.118137,1,p:1.1.3.1.2.2
U4924,197,FUSE1,189524.8,189524.8,192398.7,2873.9,2873.9,333.3,0.115975,1,p:2.1.4.1.2.2
U4925,197,FUSE1,189647.6,189647.6,192342.3,2694.7,2694.7,333.3,0.123687,1,p:1.1.1.2.2.2
U4926,197,FUSE1,189728.2,189728.2,192569.7,2841.5,2841.5,333.3,0.117297,1,p:2.1.5.1.2.2
U4927,197,FUSE2,189739.8,189739.8,192422.7,2682.9,2682.9,365.7,0.136308,1,p:1.1.2.1.2.2
U4928,197,FUSE2,189854.4,189854.4,192675.7,2821.3,2821.3,365.7,0.129621,1,p:2.1.3.1.2.2
U4929,197,FUSE2,189862.8,189862.8,192736.7,2873.9,2873.9,365.7,0.127249,1,p:1.2.4.1.2.2
U4930,197,FUSE2,189983.4,189983.4,192680.3,2696.9,2696.9,365.7,0.1356,1,p:2.1.1.2.2.2
U4931,197,FUSE2,189988.0,189988.0,192760.7,2772.7,2772.7,365.7,0.131893,1,p:1.2.2.1.2.2
U4932,197,FUSE2,190066.2,190066.2,192907.7,2841.5,2841.5,365.7,0.1287,1,p:2.1.5.1.2.2
U4933,197,FUSE2,190098.0,190098.0,193013.7,2915.7,2915.7,365.7,0.125424,1,p:1.1.3.1.2.2
U4934,197,FUSE2,190106.4,190106.4,193074.7,2968.3,2968.3,365.7,0.123202,1,p:2.1.4.1.2.2
U6072,244,FUSE0,190227.0,190227.0,192921.5,2694.5,2694.5,271.3,0.100687,1,p:1.1.1.1.2.2
U6073,244,FUSE0,190231.6,190231.6,193004.3,2772.7,2772.7,271.3,0.097847,1,p:2.1.2.1.2.2
U6074,244,FUSE0,190309.8,190309.8,193151.3,2841.5,2841.5,271.3,0.095478,1,p:1.1.5.1.2.2
U6075,244,FUSE0,190341.6,190341.6,193165.1,2823.5,2823.5,271.3,0.096086,1,p:2.1.1.1.2.2
U6076,244,FUSE0,190350.0,190350.0,193257.3,2907.3,2907.3,271.3,0.093317,1,p:1.2.3.1.2.2
U6077,244,FUSE0,190532.6,190532.6,193247.9,2715.3,2715.3,271.3,0.099915,1,p:2.1.2.1.2.2
U6078,244,FUSE0,190537.2,190537.2,193318.3,2781.1,2781.1,271.3,0.097551,1,p:1.2.4.1.2.2
U6079,244,FUSE0,190615.4,190615.4,193394.9,2779.5,2779.5,271.3,0.097607,1,p:2.1.5.1.2.2
U6080,244,FUSE1,190647.2,190647.2,193470.7,2823.5,2823.5,333.3,0.118045,1,p:1.1.1.1.2.2
U6081,244,FUSE1,190655.6,190655.6,193562.9,2907.3,2907.3,333.3,0.114642,1,p:2.1.3.1.2.2
U6082,244,FUSE1,190838.2,190838.2,193553.5,2715.3,2715.3,333.3,0.122749,1,p:1.1.2.1.2.2
U6083,244,FUSE1,190842.8,190842.8,193623.9,2781.1,2781.1,333.3,0.119845,1,p:2.1.4.1.2.2
U6084,244,FUSE1,190921.0,190921.0,193700.5,2779.5,2779.5,333.3,0.119914,1,p:1.1.5.1.2.2
U6085,244,FUSE1,190985.2,190985.2,193776.3,2791.1,2791.1,333.3,0.119415,1,p:2.1.1.1.2.2
U6086,244,FUSE1,190993.6,190993.6,193868.5,2874.9,2874.9,333.3,0.115934,1,p:1.2.3.1.2.2
U6087,244,FUSE1,191176.2,191176.2,193859.1,2682.9,2682.9,333.3,0.124231,1,p:2.1.2.1.2.2
U6088,244,FUSE1,191180.8,191180.8,193929.5,2748.7,2748.7,333.3,0.121257,1,p:1.2.4.1.2.2
U6089,244,FUSE2,191259.0,191259.0,194038.5,2779.5,2779.5,365.7,0.13157,1,p:2.1.5.1.2.2
U6090,244,FUSE2,191323.2,191323.2,194114.3,2791.1,2791.1,365.7,0.131024,1,p:1.1.1.1.2.2
U6091,244,FUSE2,191331.6,191331.6,194206.5,2874.9,2874.9,365.7,0.127204,1,p:2.1.3.1.2.2
U6092,244,FUSE2,191502.6,191502.6,194197.1,2694.5,2694.5,365.7,0.135721,1,p:1.1.2.1.2.2
U6093,244,FUSE2,191514.2,191514.2,194267.5,2753.3,2753.3,365.7,0.132822,1,p:2.1.4.1.2.2
U6094,244,FUSE2,191518.8,191518.8,194376.5,2857.7,2857.7,365.7,0.12797,1,p:1.2.5.1.2.2
U6095,244,FUSE2,191566.8,191566.8,194452.3,2885.5,2885.5,365.7,0.126737,1,p:2.1.1.1.2.2
U6096,244,FUSE2,191575.2,191575.2,194544.5,2969.3,2969.3,365.7,0.12316,1,p:1.2.3.1.2.2
U6097,244,FUSE2,191746.2,191746.2,194605.5,2859.3,2859.3,365.7,0.127898,1,p:2.1.4.1.2.2
U1680,69,FUSE0,191757.8,191757.8,194440.7,2682.9,2682.9,271.3,0.101122,1,p:1.1.2.1.2.2
U1681,69,FUSE0,191762.4,191762.4,194620.1,2857.7,2857.7,271.3,0.094936,1,p:2.1.5.1.2.2
U1682,69,FUSE0,191810.4,191810.4,194684.3,2873.9,2873.9,271.3,0.094401,1,p:1.1.2.1.2.2
U1683,69,FUSE0,191818.8,191818.8,194695.9,2877.1,2877.1,271.3,0.094296,1,p:2.1.1.1.2.2
U1684,69,FUSE0,191989.8,191989.8,194788.1,2798.3,2798.3,271.3,0.096952,1,p:1.1.3.1.2.2
U1685,69,FUSE0,192063.4,192063.4,194863.7,2800.3,2800.3,271.3,0.096882,1,p:2.1.5.1.2.2
U1686,69,FUSE0,192068.0,192068.0,194849.1,2781.1,2781.1,271.3,0.097551,1,p:1.2.4.1.2.2
U1687,69,FUSE0,192116.0,192116.0,194927.9,2811.9,2811.9,271.3,0.096483,1,p:2.1.2.1.2.2
U1688,69,FUSE0,192124.4,192124.4,194939.5,2815.1,2815.1,271.3,0.096373,1,p:1.2.1.1.2.2
U1689,69,FUSE0,192295.4,192295.4,195031.7,2736.3,2736.3,271.3,0.099148,1,p:2.1.3.1.2.2
U1690,69,FUSE1,192369.0,192369.0,195169.3,2800.3,2800.3,333.3,0.119023,1,p:1.1.5.1.2.2
U1691,69,FUSE1,192373.6,192373.6,195154.7,2781.1,2781.1,333.3,0.119845,1,p:2.1.4.1.2.2
U1692,69,FUSE1,192430.0,192430.0,195233.5,2803.5,2803.5,333.3,0.118887,1,p:1.1.2.1.2.2
U1693,69,FUSE1,192454.0,192454.0,195245.1,2791.1,2791.1,333.3,0.119415,1,p:2.1.1.1.2.2
U1694,69,FUSE1,192601.0,192601.0,195337.3,2736.3,2736.3,333.3,0.121807,1,p:1.1.3.1.2.2
U1695,69,FUSE1,192707.0,192707.0,195474.9,2767.9,2767.9,333.3,0.120416,1,p:2.1.5.1.2.2
U1696,69,FUSE1,192711.6,192711.6,195460.3,2748.7,2748.7,333.3,0.121257,1,p:1.2.4.1.2.2
U1697,69,FUSE1,192768.0,192768.0,195539.1,2771.1,2771.1,333.3,0.120277,1,p:2.1.2.1.2.2
U1698,69,FUSE1,192792.0,192792.0,195550.7,2758.7,2758.7,333.3,0.120818,1,p:1.1.1.1.2.2
U1699,69,FUSE1,192939.0,192939.0,195780.5,2841.5,2841.5,333.3,0.117297,1,p:2.1.5.1.2.2
U1700,69,FUSE2,192952.8,192952.8,195675.3,2722.5,2722.5,365.7,0.134325,1,p:1.1.3.1.2.2
U1701,69,FUSE2,193035.6,193035.6,195798.3,2762.7,2762.7,365.7,0.132371,1,p:2.1.4.1.2.2
U1702,69,FUSE2,193045.0,193045.0,195877.1,2832.1,2832.1,365.7,0.129127,1,p:1.2.2.1.2.2
U1703,69,FUSE2,193106.0,193106.0,195888.7,2782.7,2782.7,365.7,0.131419,1,p:2.1.1.1.2.2
U1704,69,FUSE2,193182.6,193182.6,196013.3,2830.7,2830.7,365.7,0.129191,1,p:1.1.3.1.2.2
U1705,69,FUSE2,193196.4,193196.4,196118.5,2922.1,2922.1,365.7,0.12515,1,p:2.1.5.1.2.2
U1706,69,FUSE2,193279.2,193279.2,196136.3,2857.1,2857.1,365.7,0.127997,1,p:1.1.4.1.2.2
U1707,69,FUSE2,193288.6,193288.6,196215.1,2926.5,2926.5,365.7,0.124962,1,p:2.1.2.1.2.2
U1708,69,FUSE2,193349.6,193349.6,196226.7,2877.1,2877.1,365.7,0.127107,1,p:1.1.1.2.2.2
U568,24,FUSE0,193426.2,193426.2,196256.9,2830.7,2830.7,271.3,0.095842,1,p:2.1.3.1.2.2
U569,24,FUSE0,193502.0,193502.0,196362.1,2860.1,2860.1,271.3,0.094857,1,p:1.1.5.1.2.2
U570,24,FUSE0,193584.8,193584.8,196379.9,2795.1,2795.1,271.3,0.097063,1,p:2.1.4.1.2.2
U571,24,FUSE0,193594.2,193594.2,196458.7,2864.5,2864.5,271.3,0.094711,1,p:1.2.2.1.2.2
U572,24,FUSE0,193655.2,193655.2,196500.5,2845.3,2845.3,271.3,0.09535,1,p:2.1.3.1.2.2
U573,24,FUSE0,193731.8,193731.8,196470.3,2738.5,2738.5,271.3,0.099069,1,p:1.1.1.2.2.2
U574,24,FUSE0,193807.6,193807.6,196605.7,2798.1,2798.1,271.3,0.096959,1,p:2.1.5.1.2.2
U575,24,FUSE1,193890.4,193890.4,196685.5,2795.1,2795.1,333.3,0.119244,1,p:1.1.4.1.2.2
U576,24,FUSE1,193899.8,193899.8,196764.3,2864.5,2864.5,333.3,0.116355,1,p:2.1.2.1.2.2
U577,24,FUSE1,193960.8,193960.8,196806.1,2845.3,2845.3,333.3,0.117141,1,p:1.1.3.1.2.2
U578,24,FUSE1,194069.8,194069.8,196775.9,2706.1,2706.1,333.3,0.123166,1,p:2.1.1.2.2.2
U579,24,FUSE1,194145.6,194145.6,196911.3,2765.7,2765.7,333.3,0.120512,1,p:1.1.5.1.2.2
U580,24,FUSE1,194228.4,194228.4,196991.1,2762.7,2762.7,333.3,0.120643,1,p:2.1.4.1.2.2
U581,24,FUSE1,194237.8,194237.8,197069.9,2832.1,2832.1,333.3,0.117687,1,p:1.2.2.1.2.2
U582,24,FUSE2,194298.8,194298.8,197144.1,2845.3,2845.3,365.7,0.128528,1,p:2.1.3.1.2.2
U583,24,FUSE2,194407.8,194407.8,197113.9,2706.1,2706.1,365.7,0.135139,1,p:1.1.1.2.2.2
U584,24,FUSE2,194472.0,194472.0,197329.1,2857.1,2857.1,365.7,0.127997,1,p:2.1.4.1.2.2
U585,24,FUSE2,194483.6,194483.6,197249.3,2765.7,2765.7,365.7,0.132227,1,p:1.1.5.1.2.2
U586,24,FUSE2,194575.8,194575.8,197407.9,2832.1,2832.1,365.7,0.129127,1,p:2.1.2.1.2.2
U587,24,FUSE2,194636.8,194636.8,197482.1,2845.3,2845.3,365.7,0.128528,1,p:1.1.3.1.2.2
U588,24,FUSE2,194651.4,194651.4,197451.9,2800.5,2800.5,365.7,0.130584,1,p:2.1.1.2.2.2
U589,24,FUSE2,194715.6,194715.6,197587.3,2871.7,2871.7,365.7,0.127346,1,p:1.1.5.1.2.2
U7028,282,FUSE0,194727.2,194727.2,197572.7,2845.5,2845.5,271.3,0.095344,1,p:2.1.4.1.2.2
U7029,282,FUSE0,194819.4,194819.4,197651.5,2832.1,2832.1,271.3,0.095795,1,p:1.1.2.1.2.2
U7030,282,FUSE0,194880.4,194880.4,197695.5,2815.1,2815.1,271.3,0.096373,1,p:2.1.1.2.2.2
U7031,282,FUSE0,194895.0,194895.0,197725.7,2830.7,2830.7,271.3,0.095842,1,p:1.1.3.1.2.2
U7032,282,FUSE0,194959.2,194959.2,197816.3,2857.1,2857.1,271.3,0.094956,1,p:2.1.4.1.2.2
U7033,282,FUSE0,194970.8,194970.8,197830.9,2860.1,2860.1,271.3,0.094857,1,p:1.1.5.1.2.2
U7034,282,FUSE0,195063.0,195063.0,197895.1,2832.1,2832.1,271.3,0.095795,1,p:2.1.2.1.2.2
U7035,282,FUSE1,195186.0,195186.0,198031.3,2845.3,2845.3,333.3,0.117141,1,p:1.1.3.1.2.2
U7036,282,FUSE1,195200.6,195200.6,198001.1,2800.5,2800.5,333.3,0.119014,1,p:2.1.1.2.2.2
U7037,282,FUSE1,195264.8,195264.8,198136.5,2871.7,2871.7,333.3,0.116064,1,p:1.1.5.1.2.2
U7038,282,FUSE1,195276.4,195276.4,198121.9,2845.5,2845.5,333.3,0.117132,1,p:2.1.4.1.2.2
U7039,282,FUSE1,195368.6,195368.6,198200.7,2832.1,2832.1,333.3,0.117687,1,p:1.1.2.1.2.2
U7040,282,FUSE1,195491.6,195491.6,198306.7,2815.1,2815.1,333.3,0.118397,1,p:2.1.1.2.2.2
U7041,282,FUSE1,195506.2,195506.2,198336.9,2830.7,2830.7,333.3,0.117745,1,p:1.1.3.1.2.2
U7042,282,FUSE2,195570.4,195570.4,198459.9,2889.5,2889.5,365.7,0.126562,1,p:2.1.4.1.2.2
U7043,282,FUSE2,195582.0,195582.0,198474.5,2892.5,2892.5,365.7,0.12643,1,p:1.1.5.1.2.2
U7044,282,FUSE2,195706.6,195706.6,198538.7,2832.1,2832.1,365.7,0.129127,1,p:2.1.2.1.2.2
U7045,282,FUSE2,195811.8,195811.8,198674.9,2863.1,2863.1,365.7,0.127729,1,p:1.1.3.1.2.2
U7046,282,FUSE2,195829.6,195829.6,198644.7,2815.1,2815.1,365.7,0.129907,1,p:2.1.1.2.2.2
U7047,282,FUSE2,195908.4,195908.4,198812.5,2904.1,2904.1,365.7,0.125925,1,p:1.1.5.1.2.2
U7048,282,FUSE2,195920.0,195920.0,198797.9,2877.9,2877.9,365.7,0.127072,1,p:2.1.4.1.2.2
U8039,322,FUSE0,196044.6,196044.6,198822.3,2777.7,2777.7,271.3,0.097671,1,p:1.1.2.2.1.2
U8040,322,FUSE0,196149.8,196149.8,198888.3,2738.5,2738.5,271.3,0.099069,1,p:2.1.1.2.2.2
U8041,322,FUSE0,196167.6,196167.6,198918.5,2750.9,2750.9,271.3,0.098622,1,p:1.1.3.1.2.2
U8042,322,FUSE0,196246.4,196246.4,199041.5,2795.1,2795.1,271.3,0.097063,1,p:2.1.4.1.2.2
U8043,322,FUSE0,196258.0,196258.0,199056.1,2798.1,2798.1,271.3,0.096959,1,p:1.1.5.1.2.2
U8044,322,FUSE0,196288.2,196288.2,199065.9,2777.7,2777.7,271.3,0.097671,1,p:2.1.2.2.1.2
U8045,322,FUSE0,196393.4,196393.4,199162.1,2768.7,2768.7,271.3,0.097988,1,p:1.1.3.1.2.2
U8046,322,FUSE0,196411.2,196411.2,199131.9,2720.7,2720.7,271.3,0.099717,1,p:2.1.1.2.2.2
U8047,322,FUSE0,196490.0,196490.0,199299.7,2809.7,2809.7,271.3,0.096558,1,p:1.1.5.1.2.2
U8048,322,FUSE0,196501.6,196501.6,199285.1,2783.5,2783.5,271.3,0.097467,1,p:2.1.4.1.2.2
U8049,322,FUSE1,196531.8,196531.8,199331.5,2799.7,2799.7,333.3,0.119048,1,p:1.1.2.1.2.2
U8050,322,FUSE1,196637.0,196637.0,199467.7,2830.7,2830.7,333.3,0.117745,1,p:2.1.3.1.2.2
U8051,322,FUSE1,196716.8,196716.8,199437.5,2720.7,2720.7,333.3,0.122505,1,p:1.1.1.2.2.2
U8052,322,FUSE1,196795.6,196795.6,199590.7,2795.1,2795.1,333.3,0.119244,1,p:2.1.4.1.2.2
U8053,322,FUSE1,196807.2,196807.2,199605.3,2798.1,2798.1,333.3,0.119117,1,p:1.1.5.1.2.2
U8054,322,FUSE1,196837.4,196837.4,199637.1,2799.7,2799.7,333.3,0.119048,1,p:2.1.2.1.2.2
U8055,322,FUSE1,196942.6,196942.6,199773.3,2830.7,2830.7,333.3,0.117745,1,p:1.1.3.1.2.2
U8056,322,FUSE1,197022.4,197022.4,199743.1,2720.7,2720.7,333.3,0.122505,1,p:2.1.1.2.2.2
U8057,322,FUSE1,197101.2,197101.2,199910.9,2809.7,2809.7,333.3,0.118625,1,p:1.1.5.1.2.2
U8058,322,FUSE1,197145.2,197145.2,199896.3,2751.1,2751.1,333.3,0.121152,1,p:2.1.4.1.2.2
U8059,322,FUSE2,197175.4,197175.4,199975.1,2799.7,2799.7,365.7,0.130621,1,p:1.1.2.1.2.2
U8060,322,FUSE2,197280.6,197280.6,200111.3,2830.7,2830.7,365.7,0.129191,1,p:2.1.3.1.2.2
U8061,322,FUSE2,197360.4,197360.4,200081.1,2720.7,2720.7,365.7,0.134414,1,p:1.1.1.2.2.2
U8062,322,FUSE2,197439.2,197439.2,200248.9,2809.7,2809.7,365.7,0.130156,1,p:2.1.5.1.2.2
U8063,322,FUSE2,197483.2,197483.2,200234.3,2751.1,2751.1,365.7,0.132929,1,p:1.1.4.1.2.2
U8064,322,FUSE2,197513.4,197513.4,200313.1,2799.7,2799.7,365.7,0.130621,1,p:2.1.2.1.2.2
U8065,322,FUSE2,197604.0,197604.0,200449.3,2845.3,2845.3,365.7,0.128528,1,p:1.1.3.1.2.2
U8066,322,FUSE2,197618.6,197618.6,200419.1,2800.5,2800.5,365.7,0.130584,1,p:2.1.1.2.2.2
U8067,322,FUSE2,197682.8,197682.8,200586.9,2904.1,2904.1,365.7,0.125925,1,p:1.1.5.1.2.2
U8068,322,FUSE2,197726.8,197726.8,200572.3,2845.5,2845.5,365.7,0.128519,1,p:2.1.4.1.2.2
U964,40,FUSE0,197757.0,197757.0,200596.7,2839.7,2839.7,271.3,0.095538,1,p:1.1.2.2.1.2
U965,40,FUSE0,197847.6,197847.6,200662.7,2815.1,2815.1,271.3,0.096373,1,p:2.1.1.2.2.2
U966,40,FUSE0,197862.2,197862.2,200692.9,2830.7,2830.7,271.3,0.095842,1,p:1.1.3.1.2.2
U967,40,FUSE0,197926.4,197926.4,200830.5,2904.1,2904.1,271.3,0.09342,1,p:2.1.5.1.2.2
U968,40,FUSE0,198032.4,198032.4,200815.9,2783.5,2783.5,271.3,0.097467,1,p:1.1.4.1.2.2
U969,40,FUSE0,198062.6,198062.6,200840.3,2777.7,2777.7,271.3,0.097671,1,p:2.1.2.2.1.2
U970,40,FUSE0,198153.2,198153.2,200936.5,2783.3,2783.3,271.3,0.097474,1,p:1.1.3.1.2.2
U971,40,FUSE0,198167.8,198167.8,200906.3,2738.5,2738.5,271.3,0.099069,1,p:2.1.1.2.2.2
U972,40,FUSE1,198232.0,198232.0,201136.1,2904.1,2904.1,333.3,0.114769,1,p:1.1.5.1.2.2
U973,40,FUSE1,198338.0,198338.0,201121.5,2783.5,2783.5,333.3,0.119741,1,p:2.1.4.1.2.2
U974,40,FUSE1,198368.2,198368.2,201145.9,2777.7,2777.7,333.3,0.119991,1,p:1.1.2.2.1.2
U975,40,FUSE1,198491.2,198491.2,201211.9,2720.7,2720.7,333.3,0.122505,1,p:2.1.1.2.2.2
U976,40,FUSE1,198505.8,198505.8,201242.1,2736.3,2736.3,333.3,0.121807,1,p:1.1.3.1.2.2
U977,40,FUSE1,198570.0,198570.0,201441.7,2871.7,2871.7,333.3,0.116064,1,p:2.1.5.1.2.2
U978,40,FUSE1,198676.0,198676.0,201427.1,2751.1,2751.1,333.3,0.121152,1,p:1.1.4.1.2.2
U979,40,FUSE1,198706.2,198706.2,201451.5,2745.3,2745.3,333.3,0.121407,1,p:2.1.2.2.1.2
U980,40,FUSE1,198829.2,198829.2,201547.7,2718.5,2718.5,333.3,0.122604,1,p:1.1.3.1.2.2
U981,40,FUSE2,198843.8,198843.8,201552.3,2708.5,2708.5,365.7,0.135019,1,p:2.1.1.1.2.2
U982,40,FUSE2,198853.6,198853.6,201779.7,2926.1,2926.1,365.7,0.124979,1,p:1.2.5.1.2.2
U983,40,FUSE2,198919.6,198919.6,201765.1,2845.5,2845.5,365.7,0.128519,1,p:2.1.4.1.2.2
U984,40,FUSE2,198949.8,198949.8,201789.5,2839.7,2839.7,365.7,0.128781,1,p:1.1.2.2.1.2
U985,40,FUSE2,199072.8,199072.8,201890.3,2817.5,2817.5,365.7,0.129796,1,p:2.1.1.1.2.2
U986,40,FUSE2,199087.4,199087.4,201885.7,2798.3,2798.3,365.7,0.130686,1,p:1.1.3.1.2.2
U987,40,FUSE2,199097.2,199097.2,202117.7,3020.5,3020.5,365.7,0.121073,1,p:2.1.5.1.2.2
U988,40,FUSE2,199163.2,199163.2,202103.1,2939.9,2939.9,365.7,0.124392,1,p:1.1.4.1.2.2
U989,40,FUSE2,199193.4,199193.4,202127.5,2934.1,2934.1,365.7,0.124638,1,p:2.1.2.2.1.2
U3561,144,FUSE0,199316.4,199316.4,202131.5,2815.1,2815.1,271.3,0.096373,1,p:1.1.3.1.2.2
U3562,144,FUSE0,199331.0,199331.0,202135.5,2804.5,2804.5,271.3,0.096737,1,p:2.1.1.1.2.2
U3563,144,FUSE0,199362.8,199362.8,202361.3,2998.5,2998.5,271.3,0.090479,1,p:1.1.5.1.2.2
U3564,144,FUSE0,199468.8,199468.8,202346.7,2877.9,2877.9,271.3,0.09427,1,p:2.1.4.1.2.2
U3565,144,FUSE0,199499.0,199499.0,202371.1,2872.1,2872.1,271.3,0.09446,1,p:1.1.2.2.1.2
U3566,144,FUSE0,199622.0,199622.0,202379.1,2757.1,2757.1,271.3,0.0984,1,p:2.1.1.1.2.2
U3567,144,FUSE0,199636.6,199636.6,202375.1,2738.5,2738.5,271.3,0.099069,1,p:1.1.3.1.2.2
U3568,144,FUSE1,199668.4,199668.4,202666.9,2998.5,2998.5,333.3,0.111156,1,p:2.1.5.1.2.2
U3569,144,FUSE1,199774.4,199774.4,202652.3,2877.9,2877.9,333.3,0.115814,1,p:1.1.4.1.2.2
U3570,144,FUSE1,199804.6,199804.6,202676.7,2872.1,2872.1,333.3,0.116047,1,p:2.1.2.2.1.2
U3571,144,FUSE1,199927.6,199927.6,202680.7,2753.1,2753.1,333.3,0.121064,1,p:1.1.3.1.2.2
U3572,144,FUSE1,199942.2,199942.2,202684.7,2742.5,2742.5,333.3,0.121531,1,p:2.1.1.1.2.2
U3573,144,FUSE1,200006.4,200006.4,202972.5,2966.1,2966.1,333.3,0.11237,1,p:1.1.5.1.2.2
U3574,144,FUSE1,200112.4,200112.4,202957.9,2845.5,2845.5,333.3,0.117132,1,p:2.1.4.1.2.2
U3575,144,FUSE2,200142.6,200142.6,202977.1,2834.5,2834.5,365.7,0.129017,1,p:1.1.2.1.2.2
U3576,144,FUSE2,200265.6,200265.6,203021.1,2755.5,2755.5,365.7,0.132716,1,p:2.1.1.1.2.2
U3577,144,FUSE2,200280.2,200280.2,203016.5,2736.3,2736.3,365.7,0.133648,1,p:1.1.3.1.2.2
U3578,144,FUSE2,200344.4,200344.4,203310.5,2966.1,2966.1,365.7,0.123293,1,p:2.1.5.1.2.2
U3579,144,FUSE2,200450.4,200450.4,203295.9,2845.5,2845.5,365.7,0.128519,1,p:1.1.4.1.2.2
U3580,144,FUSE2,200480.6,200480.6,203315.1,2834.5,2834.5,365.7,0.129017,1,p:2.1.2.1.2.2
U3581,144,FUSE2,200603.6,200603.6,203354.5,2750.9,2750.9,365.7,0.132938,1,p:1.1.3.1.2.2
U3582,144,FUSE2,200618.2,200618.2,203359.1,2740.9,2740.9,365.7,0.133423,1,p:2.1.1.1.2.2
U5607,225,FUSE0,200628.0,200628.0,203554.1,2926.1,2926.1,271.3,0.092717,1,p:1.2.5.1.2.2
U5608,225,FUSE0,200694.0,200694.0,203539.5,2845.5,2845.5,271.3,0.095344,1,p:2.1.4.1.2.2
U5609,225,FUSE0,200724.2,200724.2,203558.7,2834.5,2834.5,271.3,0.095714,1,p:1.1.2.1.2.2
U5610,225,FUSE0,200847.2,200847.2,203602.7,2755.5,2755.5,271.3,0.098458,1,p:2.1.1.1.2.2
U5611,225,FUSE0,200861.8,200861.8,203598.1,2736.3,2736.3,271.3,0.099148,1,p:1.1.3.1.2.2
U5612,225,FUSE0,200871.6,200871.6,203797.7,2926.1,2926.1,271.3,0.092717,1,p:2.1.5.1.2.2
U5613,225,FUSE0,200937.6,200937.6,203783.1,2845.5,2845.5,271.3,0.095344,1,p:1.1.4.1.2.2
U5614,225,FUSE0,200967.8,200967.8,203802.3,2834.5,2834.5,271.3,0.095714,1,p:2.1.2.1.2.2
U5615,225,FUSE0,201152.8,201152.8,203841.7,2688.9,2688.9,271.3,0.100896,1,p:1.1.3.1.2.2
U5616,225,FUSE1,201167.4,201167.4,203905.9,2738.5,2738.5,333.3,0.121709,1,p:2.1.1.1.2.2
U5617,225,FUSE1,201177.2,201177.2,204103.3,2926.1,2926.1,333.3,0.113906,1,p:1.2.5.1.2.2
U5618,225,FUSE1,201243.2,201243.2,204088.7,2845.5,2845.5,333.3,0.117132,1,p:2.1.4.1.2.2
U5619,225,FUSE1,201273.4,201273.4,204107.9,2834.5,2834.5,333.3,0.117587,1,p:1.1.2.1.2.2
U5620,225,FUSE1,201458.4,201458.4,204211.5,2753.1,2753.1,333.3,0.121064,1,p:2.1.1.1.2.2
U5621,225,FUSE1,201473.0,201473.0,204147.3,2674.3,2674.3,333.3,0.124631,1,p:1.1.3.1.2.2
U5622,225,FUSE1,201482.8,201482.8,204408.9,2926.1,2926.1,333.3,0.113906,1,p:2.1.5.1.2.2
U5623,225,FUSE1,201579.0,201579.0,204394.3,2815.3,2815.3,333.3,0.118389,1,p:1.1.4.1.2.2
U5624,225,FUSE1,201583.6,201583.6,204413.5,2829.9,2829.9,333.3,0.117778,1,p:2.1.2.1.2.2
U5625,225,FUSE2,201796.4,201796.4,204485.3,2688.9,2688.9,365.7,0.136004,1,p:1.1.3.1.2.2
U5626,225,FUSE2,201811.0,201811.0,204549.5,2738.5,2738.5,365.7,0.13354,1,p:2.1.1.1.2.2
U5627,225,FUSE2,201820.8,201820.8,204746.9,2926.1,2926.1,365.7,0.124979,1,p:1.2.5.1.2.2
U5628,225,FUSE2,201917.0,201917.0,204732.3,2815.3,2815.3,365.7,0.129897,1,p:2.1.4.1.2.2
U5629,225,FUSE2,201921.6,201921.6,204751.5,2829.9,2829.9,365.7,0.129227,1,p:1.2.2.1.2.2
U5630,225,FUSE2,202134.4,202134.4,204887.5,2753.1,2753.1,365.7,0.132832,1,p:2.1.1.1.2.2
U5631,225,FUSE2,202149.0,202149.0,204823.3,2674.3,2674.3,365.7,0.136746,1,p:1.1.3.1.2.2
U5632,225,FUSE2,202158.8,202158.8,205084.9,2926.1,2926.1,365.7,0.124979,1,p:2.1.5.1.2.2
U5633,225,FUSE2,202162.8,202162.8,205070.3,2907.5,2907.5,365.7,0.125778,1,p:1.2.4.1.2.2
U1234,51,FUSE0,202166.8,202166.8,204992.7,2825.9,2825.9,271.3,0.096005,1,p:2.1.2.1.2.2
U1235,51,FUSE0,202378.0,202378.0,205106.9,2728.9,2728.9,271.3,0.099417,1,p:1.1.3.2.1.2
U1236,51,FUSE0,202392.6,202392.6,205131.1,2738.5,2738.5,271.3,0.099069,1,p:2.1.1.1.2.2
U1237,51,FUSE0,202402.4,202402.4,205236.3,2833.9,2833.9,271.3,0.095734,1,p:1.2.2.1.2.2
U1238,51,FUSE0,202406.4,202406.4,205328.5,2922.1,2922.1,271.3,0.092844,1,p:2.1.5.1.2.2
U1239,51,FUSE0,202410.4,202410.4,205313.9,2903.5,2903.5,271.3,0.093439,1,p:1.2.4.1.2.2
U1240,51,FUSE0,202683.6,202683.6,205374.7,2691.1,2691.1,271.3,0.100814,1,p:2.1.1.1.2.2
U1241,51,FUSE0,202698.2,202698.2,205350.5,2652.3,2652.3,271.3,0.102289,1,p:1.1.3.2.1.2
U1242,51,FUSE0,202708.0,202708.0,205479.9,2771.9,2771.9,271.3,0.097875,1,p:2.1.2.1.2.2
U1243,51,FUSE1,202712.0,202712.0,205634.1,2922.1,2922.1,333.3,0.114062,1,p:1.2.5.1.2.2
U1244,51,FUSE1,202716.0,202716.0,205619.5,2903.5,2903.5,333.3,0.114792,1,p:2.1.4.1.2.2
U1245,51,FUSE1,202989.2,202989.2,205656.1,2666.9,2666.9,333.3,0.124977,1,p:1.1.3.2.1.2
U1246,51,FUSE1,203003.8,203003.8,205680.3,2676.5,2676.5,333.3,0.124528,1,p:2.1.1.1.2.2
U1247,51,FUSE1,203008.4,203008.4,205785.5,2777.1,2777.1,333.3,0.120017,1,p:1.2.2.1.2.2
U1248,51,FUSE1,203047.8,203047.8,205939.7,2891.9,2891.9,333.3,0.115253,1,p:2.1.5.1.2.2
U1249,51,FUSE1,203052.4,203052.4,205925.1,2872.7,2872.7,333.3,0.116023,1,p:1.2.4.1.2.2
U1250,51,FUSE1,203327.2,203327.2,205985.9,2658.7,2658.7,333.3,0.125362,1,p:2.1.1.1.2.2
U1251,51,FUSE1,203341.8,203341.8,205961.7,2619.9,2619.9,333.3,0.127219,1,p:1.1.3.2.1.2
U1252,51,FUSE2,203346.4,203346.4,206123.5,2777.1,2777.1,365.7,0.131684,1,p:2.1.2.1.2.2
U1253,51,FUSE2,203385.8,203385.8,206277.7,2891.9,2891.9,365.7,0.126457,1,p:1.1.5.1.2.2
U1254,51,FUSE2,203390.4,203390.4,206263.1,2872.7,2872.7,365.7,0.127302,1,p:2.1.4.1.2.2
U1255,51,FUSE2,203570.8,203570.8,206299.7,2728.9,2728.9,365.7,0.13401,1,p:1.1.3.2.1.2
U1256,51,FUSE2,203585.4,203585.4,206323.9,2738.5,2738.5,365.7,0.13354,1,p:2.1.1.1.2.2
U1257,51,FUSE2,203590.0,203590.0,206461.5,2871.5,2871.5,365.7,0.127355,1,p:1.2.2.1.2.2
U1258,51,FUSE2,203629.4,203629.4,206615.7,2986.3,2986.3,365.7,0.122459,1,p:2.1.5.1.2.2
U1259,51,FUSE2,203634.0,203634.0,206601.1,2967.1,2967.1,365.7,0.123252,1,p:1.2.4.1.2.2
U1260,51,FUSE2,203814.4,203814.4,206661.9,2847.5,2847.5,365.7,0.128428,1,p:2.1.1.1.2.2
U1132,47,FUSE0,203829.0,203829.0,206503.3,2674.3,2674.3,271.3,0.101447,1,p:1.1.3.1.2.2
U1133,47,FUSE0,203833.6,203833.6,206705.1,2871.5,2871.5,271.3,0.09448,1,p:2.1.2.1.2.2
U1134,47,FUSE0,203873.0,203873.0,206746.9,2873.9,2873.9,271.3,0.094401,1,p:1.1.3.1.2.2
U1135,47,FUSE0,203937.2,203937.2,206859.3,2922.1,2922.1,271.3,0.092844,1,p:2.1.5.1.2.2
U1136,47,FUSE0,204120.0,204120.0,206844.7,2724.7,2724.7,271.3,0.099571,1,p:1.1.4.1.2.2
U1137,47,FUSE0,204134.6,204134.6,206905.5,2770.9,2770.9,271.3,0.09791,1,p:2.1.1.1.2.2
U1138,47,FUSE0,204139.2,204139.2,206948.7,2809.5,2809.5,271.3,0.096565,1,p:1.2.2.1.2.2
U1139,47,FUSE0,204178.6,204178.6,206990.5,2811.9,2811.9,271.3,0.096483,1,p:2.1.3.1.2.2
U1140,47,FUSE0,204242.8,204242.8,207102.9,2860.1,2860.1,271.3,0.094857,1,p:1.1.5.1.2.2
U1141,47,FUSE1,204425.6,204425.6,207211.1,2785.5,2785.5,333.3,0.119655,1,p:2.1.1.1.2.2
U1142,47,FUSE1,204440.2,204440.2,207150.3,2710.1,2710.1,333.3,0.122984,1,p:1.1.4.1.2.2
U1143,47,FUSE1,204444.8,204444.8,207254.3,2809.5,2809.5,333.3,0.118633,1,p:2.1.2.1.2.2
U1144,47,FUSE1,204516.6,204516.6,207296.1,2779.5,2779.5,333.3,0.119914,1,p:1.1.3.1.2.2
U1145,47,FUSE1,204580.8,204580.8,207408.5,2827.7,2827.7,333.3,0.11787,1,p:2.1.5.1.2.2
U1146,47,FUSE1,204763.6,204763.6,207455.9,2692.3,2692.3,333.3,0.123797,1,p:1.1.4.1.2.2
U1147,47,FUSE1,204778.2,204778.2,207516.7,2738.5,2738.5,333.3,0.121709,1,p:2.1.1.1.2.2
U1148,47,FUSE1,204782.8,204782.8,207559.9,2777.1,2777.1,333.3,0.120017,1,p:1.2.2.1.2.2
U1149,47,FUSE1,204854.6,204854.6,207601.7,2747.1,2747.1,333.3,0.121328,1,p:2.1.3.1.2.2
U1150,47,FUSE2,204918.8,204918.8,207746.5,2827.7,2827.7,365.7,0.129328,1,p:1.1.5.1.2.2
U1151,47,FUSE2,205024.0,205024.0,207793.9,2769.9,2769.9,365.7,0.132026,1,p:2.1.4.1.2.2
U1152,47,FUSE2,205101.6,205101.6,207854.7,2753.1,2753.1,365.7,0.132832,1,p:1.1.1.1.2.2
U1153,47,FUSE2,205116.2,205116.2,207897.9,2781.7,2781.7,365.7,0.131466,1,p:2.1.2.1.2.2
U1154,47,FUSE2,205138.2,205138.2,207939.7,2801.5,2801.5,365.7,0.130537,1,p:1.1.3.1.2.2
U1155,47,FUSE2,205162.4,205162.4,208084.5,2922.1,2922.1,365.7,0.12515,1,p:2.1.5.1.2.2
U1156,47,FUSE2,205267.6,205267.6,208131.9,2864.3,2864.3,365.7,0.127675,1,p:1.1.4.1.2.2
U1157,47,FUSE2,205345.2,205345.2,208235.9,2890.7,2890.7,365.7,0.126509,1,p:2.1.2.1.2.2
U1158,47,FUSE2,205359.8,205359.8,208192.7,2832.9,2832.9,365.7,0.12909,1,p:1.1.1.1.2.2
U8343,334,FUSE0,205381.8,205381.8,208183.3,2801.5,2801.5,271.3,0.096841,1,p:2.1.3.1.2.2
U8344,334,FUSE0,205406.0,205406.0,208328.1,2922.1,2922.1,271.3,0.092844,1,p:1.1.5.1.2.2
U8345,334,FUSE0,205511.2,205511.2,208375.5,2864.3,2864.3,271.3,0.094718,1,p:2.1.4.1.2.2
U8346,334,FUSE0,205650.8,205650.8,208426.9,2776.1,2776.1,271.3,0.097727,1,p:1.1.3.1.2.2
U8347,334,FUSE0,205665.4,205665.4,208436.3,2770.9,2770.9,271.3,0.09791,1,p:2.1.1.1.2.2
U8348,334,FUSE0,205687.4,205687.4,208479.5,2792.1,2792.1,271.3,0.097167,1,p:1.1.2.1.2.2
U8349,334,FUSE0,205711.6,205711.6,208571.7,2860.1,2860.1,271.3,0.094857,1,p:2.1.5.1.2.2
U8350,334,FUSE1,205816.8,205816.8,208681.1,2864.3,2864.3,333.3,0.116364,1,p:1.1.4.1.2.2
U8351,334,FUSE1,205956.4,205956.4,208741.9,2785.5,2785.5,333.3,0.119655,1,p:2.1.1.1.2.2
U8352,334,FUSE1,205971.0,205971.0,208732.5,2761.5,2761.5,333.3,0.120695,1,p:1.1.3.1.2.2
U8353,334,FUSE1,205993.0,205993.0,208785.1,2792.1,2792.1,333.3,0.119373,1,p:2.1.2.1.2.2
U8354,334,FUSE1,206017.2,206017.2,208877.3,2860.1,2860.1,333.3,0.116534,1,p:1.1.5.1.2.2
U8355,334,FUSE1,206154.8,206154.8,208986.7,2831.9,2831.9,333.3,0.117695,1,p:2.1.4.1.2.2
U8356,334,FUSE1,206294.4,206294.4,209038.1,2743.7,2743.7,333.3,0.121478,1,p:1.1.3.1.2.2
U8357,334,FUSE2,206309.0,206309.0,209079.9,2770.9,2770.9,365.7,0.131979,1,p:2.1.1.1.2.2
U8358,334,FUSE2,206331.0,206331.0,209123.1,2792.1,2792.1,365.7,0.130977,1,p:1.1.2.1.2.2
U8359,334,FUSE2,206355.2,206355.2,209215.3,2860.1,2860.1,365.7,0.127863,1,p:2.1.5.1.2.2
U8360,334,FUSE2,206492.8,206492.8,209324.7,2831.9,2831.9,365.7,0.129136,1,p:1.1.4.1.2.2
U8361,334,FUSE2,206534.6,206534.6,209376.1,2841.5,2841.5,365.7,0.1287,1,p:2.1.3.1.2.2
U8362,334,FUSE2,206632.4,206632.4,209417.9,2785.5,2785.5,365.7,0.131287,1,p:1.1.1.1.2.2
U8363,334,FUSE2,206647.0,206647.0,209461.1,2814.1,2814.1,365.7,0.129953,1,p:2.1.2.1.2.2
U8364,334,FUSE2,206693.2,206693.2,209553.3,2860.1,2860.1,365.7,0.127863,1,p:1.1.5.1.2.2
U1508,62,FUSE0,206736.4,206736.4,209568.3,2831.9,2831.9,271.3,0.095801,1,p:2.1.4.1.2.2
U1509,62,FUSE0,206778.2,206778.2,209619.7,2841.5,2841.5,271.3,0.095478,1,p:1.1.3.1.2.2
U1510,62,FUSE0,206876.0,206876.0,209704.7,2828.7,2828.7,271.3,0.09591,1,p:2.1.2.1.2.2
U1511,62,FUSE0,206890.6,206890.6,209661.5,2770.9,2770.9,271.3,0.09791,1,p:1.1.1.1.2.2
U1512,62,FUSE0,206936.8,206936.8,209796.9,2860.1,2860.1,271.3,0.094857,1,p:2.1.5.1.2.2
U1513,62,FUSE0,206980.0,206980.0,209811.9,2831.9,2831.9,271.3,0.095801,1,p:1.1.4.1.2.2
U1514,62,FUSE0,207021.8,207021.8,209863.3,2841.5,2841.5,271.3,0.095478,1,p:2.1.3.1.2.2
U1515,62,FUSE0,207134.2,207134.2,209905.1,2770.9,2770.9,271.3,0.09791,1,p:1.1.1.1.2.2
U1516,62,FUSE1,207181.6,207181.6,210010.3,2828.7,2828.7,333.3,0.117828,1,p:2.1.2.1.2.2
U1517,62,FUSE1,207242.4,207242.4,210102.5,2860.1,2860.1,333.3,0.116534,1,p:1.1.5.1.2.2
U1518,62,FUSE1,207285.6,207285.6,210117.5,2831.9,2831.9,333.3,0.117695,1,p:2.1.4.1.2.2
U1519,62,FUSE1,207327.4,207327.4,210168.9,2841.5,2841.5,333.3,0.117297,1,p:1.1.3.1.2.2
U1520,62,FUSE1,207439.8,207439.8,210210.7,2770.9,2770.9,333.3,0.120286,1,p:2.1.1.1.2.2
U1521,62,FUSE1,207487.2,207487.2,210315.9,2828.7,2828.7,333.3,0.117828,1,p:1.1.2.1.2.2
U1522,62,FUSE1,207548.0,207548.0,210408.1,2860.1,2860.1,333.3,0.116534,1,p:2.1.5.1.2.2
U1523,62,FUSE1,207591.2,207591.2,210423.1,2831.9,2831.9,333.3,0.117695,1,p:1.1.4.1.2.2
U1524,62,FUSE2,207633.0,207633.0,210506.9,2873.9,2873.9,365.7,0.127249,1,p:2.1.3.1.2.2
U1525,62,FUSE2,207777.8,207777.8,210548.7,2770.9,2770.9,365.7,0.131979,1,p:1.1.1.1.2.2
U1526,62,FUSE2,207825.2,207825.2,210653.9,2828.7,2828.7,365.7,0.129282,1,p:2.1.2.1.2.2
U1527,62,FUSE2,207886.0,207886.0,210746.1,2860.1,2860.1,365.7,0.127863,1,p:1.1.5.1.2.2
U1528,62,FUSE2,207929.2,207929.2,210761.1,2831.9,2831.9,365.7,0.129136,1,p:2.1.4.1.2.2
U1529,62,FUSE2,207971.0,207971.0,210844.9,2873.9,2873.9,365.7,0.127249,1,p:1.1.3.1.2.2
U1530,62,FUSE2,208115.8,208115.8,210886.7,2770.9,2770.9,365.7,0.131979,1,p:2.1.1.1.2.2
U6999,281,FUSE0,208163.2,208163.2,210897.5,2734.3,2734.3,271.3,0.099221,1,p:1.1.2.1.2.2
U7000,281,FUSE0,208214.6,208214.6,210989.7,2775.1,2775.1,271.3,0.097762,1,p:2.1.5.1.2.2
U7001,281,FUSE0,208224.0,208224.0,211004.7,2780.7,2780.7,271.3,0.097565,1,p:1.2.4.1.2.2
U7002,281,FUSE0,208267.2,208267.2,211088.5,2821.3,2821.3,271.3,0.096161,1,p:2.1.3.1.2.2
U7003,281,FUSE0,208359.4,208359.4,211141.1,2781.7,2781.7,271.3,0.09753,1,p:1.1.2.1.2.2
U7004,281,FUSE0,208406.8,208406.8,211130.3,2723.5,2723.5,271.3,0.099614,1,p:2.1.1.1.2.2
U7005,281,FUSE0,208458.2,208458.2,211233.3,2775.1,2775.1,271.3,0.097762,1,p:1.1.5.1.2.2
U7006,281,FUSE0,208467.6,208467.6,211248.3,2780.7,2780.7,271.3,0.097565,1,p:2.1.4.1.2.2
U7007,281,FUSE0,208510.8,208510.8,211332.1,2821.3,2821.3,271.3,0.096161,1,p:1.1.3.1.2.2
U7008,281,FUSE0,208603.0,208603.0,211384.7,2781.7,2781.7,271.3,0.09753,1,p:2.1.2.1.2.2
U7009,281,FUSE1,208712.4,208712.4,211435.9,2723.5,2723.5,333.3,0.122379,1,p:1.1.1.1.2.2
U7010,281,FUSE1,208763.8,208763.8,211538.9,2775.1,2775.1,333.3,0.120104,1,p:2.1.5.1.2.2
U7011,281,FUSE1,208773.2,208773.2,211553.9,2780.7,2780.7,333.3,0.119862,1,p:1.2.4.1.2.2
U7012,281,FUSE1,208816.4,208816.4,211637.7,2821.3,2821.3,333.3,0.118137,1,p:2.1.3.1.2.2
U7013,281,FUSE1,208908.6,208908.6,211690.3,2781.7,2781.7,333.3,0.119819,1,p:1.1.2.1.2.2
U7014,281,FUSE1,209018.0,209018.0,211741.5,2723.5,2723.5,333.3,0.122379,1,p:2.1.1.1.2.2
U7015,281,FUSE1,209069.4,209069.4,211844.5,2775.1,2775.1,333.3,0.120104,1,p:1.1.5.1.2.2
U7016,281,FUSE1,209111.2,209111.2,211859.5,2748.3,2748.3,333.3,0.121275,1,p:2.1.4.1.2.2
U7017,281,FUSE1,209154.4,209154.4,211943.3,2788.9,2788.9,333.3,0.119509,1,p:1.1.3.1.2.2
U7018,281,FUSE1,209246.6,209246.6,211995.9,2749.3,2749.3,333.3,0.121231,1,p:2.1.2.1.2.2
U7019,281,FUSE2,209356.0,209356.0,212079.5,2723.5,2723.5,365.7,0.134276,1,p:1.1.1.1.2.2
U7020,281,FUSE2,209407.4,209407.4,212182.5,2775.1,2775.1,365.7,0.131779,1,p:2.1.5.1.2.2
U7021,281,FUSE2,209449.2,209449.2,212197.5,2748.3,2748.3,365.7,0.133064,1,p:1.1.4.1.2.2
U7022,281,FUSE2,209492.4,209492.4,212281.3,2788.9,2788.9,365.7,0.131127,1,p:2.1.3.1.2.2
U7023,281,FUSE2,209584.6,209584.6,212333.9,2749.3,2749.3,365.7,0.133016,1,p:1.1.2.1.2.2
U7024,281,FUSE2,209599.6,209599.6,212417.5,2817.9,2817.9,365.7,0.129777,1,p:2.1.1.1.2.2
U7025,281,FUSE2,209651.0,209651.0,212520.5,2869.5,2869.5,365.7,0.127444,1,p:1.1.5.1.2.2
U7026,281,FUSE2,209692.8,209692.8,212535.5,2842.7,2842.7,365.7,0.128645,1,p:2.1.4.1.2.2
U7027,281,FUSE2,209736.0,209736.0,212619.3,2883.3,2883.3,365.7,0.126834,1,p:1.1.3.1.2.2
U8120,325,FUSE0,209828.2,209828.2,212661.1,2832.9,2832.9,271.3,0.095768,1,p:2.1.1.1.2.2
U8121,325,FUSE0,209843.2,209843.2,212577.5,2734.3,2734.3,271.3,0.099221,1,p:1.1.2.1.2.2
U8122,325,FUSE0,209894.6,209894.6,212764.1,2869.5,2869.5,271.3,0.094546,1,p:2.1.5.1.2.2
U8123,325,FUSE0,209936.4,209936.4,212779.1,2842.7,2842.7,271.3,0.095437,1,p:1.1.4.1.2.2
U8124,325,FUSE0,210041.6,210041.6,212821.1,2779.5,2779.5,271.3,0.097607,1,p:2.1.2.1.2.2
U8125,325,FUSE0,210133.8,210133.8,212862.9,2729.1,2729.1,271.3,0.09941,1,p:1.1.3.1.2.2
U8126,325,FUSE0,210148.8,210148.8,212904.7,2755.9,2755.9,271.3,0.098443,1,p:2.1.1.1.2.2
U8127,325,FUSE0,210200.2,210200.2,213007.7,2807.5,2807.5,271.3,0.096634,1,p:1.1.5.1.2.2
U8128,325,FUSE0,210242.0,210242.0,213022.7,2780.7,2780.7,271.3,0.097565,1,p:2.1.4.1.2.2
U8129,325,FUSE1,210347.2,210347.2,213126.7,2779.5,2779.5,333.3,0.119914,1,p:1.1.2.1.2.2
U8130,325,FUSE1,210439.4,210439.4,213210.3,2770.9,2770.9,333.3,0.120286,1,p:2.1.1.1.2.2
U8131,325,FUSE1,210454.4,210454.4,213168.5,2714.1,2714.1,333.3,0.122803,1,p:1.1.3.1.2.2
U8132,325,FUSE1,210538.2,210538.2,213313.3,2775.1,2775.1,333.3,0.120104,1,p:2.1.5.1.2.2
U8133,325,FUSE1,210580.0,210580.0,213328.3,2748.3,2748.3,333.3,0.121275,1,p:1.1.4.1.2.2
U8134,325,FUSE1,210685.2,210685.2,213432.3,2747.1,2747.1,333.3,0.121328,1,p:2.1.2.1.2.2
U8135,325,FUSE1,210777.4,210777.4,213474.1,2696.7,2696.7,333.3,0.123596,1,p:1.1.3.1.2.2
U8136,325,FUSE1,210792.4,210792.4,213515.9,2723.5,2723.5,333.3,0.122379,1,p:2.1.1.1.2.2
U8137,325,FUSE1,210876.2,210876.2,213618.9,2742.7,2742.7,333.3,0.121523,1,p:1.1.5.1.2.2
U8138,325,FUSE2,210918.0,210918.0,213770.3,2852.3,2852.3,365.7,0.128212,1,p:2.1.2.1.2.2
U8139,325,FUSE2,210928.8,210928.8,213666.3,2737.5,2737.5,365.7,0.133589,1,p:1.1.4.1.2.2
U8140,325,FUSE2,211021.0,211021.0,213853.9,2832.9,2832.9,365.7,0.12909,1,p:2.1.1.1.2.2
U8141,325,FUSE2,211036.0,211036.0,213812.1,2776.1,2776.1,365.7,0.131732,1,p:1.1.3.1.2.2
U8142,325,FUSE2,211119.8,211119.8,213956.9,2837.1,2837.1,365.7,0.128899,1,p:2.1.5.1.2.2
U8143,325,FUSE2,211161.6,211161.6,214004.3,2842.7,2842.7,365.7,0.128645,1,p:1.1.4.1.2.2
U8144,325,FUSE2,211172.4,211172.4,214108.3,2935.9,2935.9,365.7,0.124561,1,p:2.1.2.1.2.2
U8145,325,FUSE2,211264.6,211264.6,214150.1,2885.5,2885.5,365.7,0.126737,1,p:1.1.3.1.2.2
U8146,325,FUSE2,211279.6,211279.6,214191.9,2912.3,2912.3,365.7,0.125571,1,p:2.1.1.2.2.2
U1018,42,FUSE0,211363.4,211363.4,214200.5,2837.1,2837.1,271.3,0.095626,1,p:1.1.5.1.2.2
U1019,42,FUSE0,211416.0,211416.0,214247.9,2831.9,2831.9,271.3,0.095801,1,p:2.1.4.1.2.2
U1020,42,FUSE0,211467.2,211467.2,214351.9,2884.7,2884.7,271.3,0.094048,1,p:1.1.2.1.2.2
U1021,42,FUSE0,211570.2,211570.2,214444.1,2873.9,2873.9,271.3,0.094401,1,p:2.1.5.1.2.2
U1022,42,FUSE0,211585.2,211585.2,214393.7,2808.5,2808.5,271.3,0.0966,1,p:1.1.3.1.2.2
U1023,42,FUSE0,211669.0,211669.0,214491.5,2822.5,2822.5,271.3,0.09612,1,p:2.1.4.1.2.2
U1024,42,FUSE0,211721.6,211721.6,214435.5,2713.9,2713.9,271.3,0.099967,1,p:1.1.1.2.2.2
U1025,42,FUSE0,211772.8,211772.8,214595.5,2822.7,2822.7,271.3,0.096114,1,p:2.1.2.1.2.2
U1026,42,FUSE1,211875.8,211875.8,214699.3,2823.5,2823.5,333.3,0.118045,1,p:1.1.3.1.2.2
U1027,42,FUSE1,211890.8,211890.8,214749.7,2858.9,2858.9,333.3,0.116583,1,p:2.1.5.1.2.2
U1028,42,FUSE1,211974.6,211974.6,214797.1,2822.5,2822.5,333.3,0.118087,1,p:1.1.4.1.2.2
U1029,42,FUSE1,212027.2,212027.2,214741.1,2713.9,2713.9,333.3,0.122812,1,p:2.1.1.2.2.2
U1030,42,FUSE1,212110.8,212110.8,214901.1,2790.3,2790.3,333.3,0.11945,1,p:1.1.2.1.2.2
U1031,42,FUSE1,212213.8,212213.8,215055.3,2841.5,2841.5,333.3,0.117297,1,p:2.1.5.1.2.2
U1032,42,FUSE1,212228.8,212228.8,215004.9,2776.1,2776.1,333.3,0.120061,1,p:1.1.3.1.2.2
U1033,42,FUSE1,212312.6,212312.6,215102.7,2790.1,2790.1,333.3,0.119458,1,p:2.1.4.1.2.2
U1034,42,FUSE2,212365.2,212365.2,215079.1,2713.9,2713.9,365.7,0.134751,1,p:1.1.1.2.2.2
U1035,42,FUSE2,212448.8,212448.8,215239.1,2790.3,2790.3,365.7,0.131061,1,p:2.1.2.1.2.2
U1036,42,FUSE2,212551.8,212551.8,215342.9,2791.1,2791.1,365.7,0.131024,1,p:1.1.3.1.2.2
U1037,42,FUSE2,212566.8,212566.8,215393.3,2826.5,2826.5,365.7,0.129383,1,p:2.1.5.1.2.2
U1038,42,FUSE2,212608.8,212608.8,215440.7,2831.9,2831.9,365.7,0.129136,1,p:1.1.4.1.2.2
U1039,42,FUSE2,212650.6,212650.6,215417.1,2766.5,2766.5,365.7,0.132189,1,p:2.1.1.2.2.2
U1040,42,FUSE2,212692.4,212692.4,215577.1,2884.7,2884.7,365.7,0.126772,1,p:1.1.2.2.2.2
U4800,193,FUSE0,212795.4,212795.4,215636.9,2841.5,2841.5,271.3,0.095478,1,p:2.1.5.1.2.2
U4801,193,FUSE0,212810.4,212810.4,215586.5,2776.1,2776.1,271.3,0.097727,1,p:1.1.3.1.2.2
U4802,193,FUSE0,212852.4,212852.4,215684.3,2831.9,2831.9,271.3,0.095801,1,p:2.1.4.1.2.2
U4803,193,FUSE0,212894.2,212894.2,215660.7,2766.5,2766.5,271.3,0.098066,1,p:1.1.1.2.2.2
U4804,193,FUSE0,212936.0,212936.0,215830.1,2894.1,2894.1,271.3,0.093742,1,p:2.1.3.1.2.2
U4805,193,FUSE0,213039.0,213039.0,215880.5,2841.5,2841.5,271.3,0.095478,1,p:1.1.5.1.2.2
U4806,193,FUSE0,213054.0,213054.0,215820.7,2766.7,2766.7,271.3,0.098059,1,p:2.1.2.2.2.2
U4807,193,FUSE0,213158.0,213158.0,215927.9,2769.9,2769.9,271.3,0.097946,1,p:1.1.4.1.2.2
U4808,193,FUSE1,213199.8,213199.8,215966.3,2766.5,2766.5,333.3,0.120477,1,p:2.1.1.1.2.2
U4809,193,FUSE1,213241.6,213241.6,216135.7,2894.1,2894.1,333.3,0.115165,1,p:1.1.3.1.2.2
U4810,193,FUSE1,213344.6,213344.6,216126.3,2781.7,2781.7,333.3,0.119819,1,p:2.1.2.2.2.2
U4811,193,FUSE1,213359.6,213359.6,216186.1,2826.5,2826.5,333.3,0.11792,1,p:1.1.5.1.2.2
U4812,193,FUSE1,213463.6,213463.6,216233.5,2769.9,2769.9,333.3,0.120329,1,p:2.1.4.1.2.2
U4813,193,FUSE1,213505.4,213505.4,216271.9,2766.5,2766.5,333.3,0.120477,1,p:1.1.1.1.2.2
U4814,193,FUSE1,213547.2,213547.2,216441.3,2894.1,2894.1,333.3,0.115165,1,p:2.1.3.1.2.2
U4815,193,FUSE1,213650.2,213650.2,216491.7,2841.5,2841.5,333.3,0.117297,1,p:1.1.5.1.2.2
U4816,193,FUSE2,213697.6,213697.6,216464.3,2766.7,2766.7,365.7,0.132179,1,p:2.1.2.2.2.2
U4817,193,FUSE2,213801.6,213801.6,216571.5,2769.9,2769.9,365.7,0.132026,1,p:1.1.4.1.2.2
U4818,193,FUSE2,213843.4,213843.4,216609.9,2766.5,2766.5,365.7,0.132189,1,p:2.1.1.1.2.2
U4819,193,FUSE2,213885.2,213885.2,216779.3,2894.1,2894.1,365.7,0.126361,1,p:1.1.3.1.2.2
U4820,193,FUSE2,213988.2,213988.2,216829.7,2841.5,2841.5,365.7,0.1287,1,p:2.1.5.1.2.2
U4821,193,FUSE2,214035.6,214035.6,216802.3,2766.7,2766.7,365.7,0.132179,1,p:1.1.2.2.2.2
U4822,193,FUSE2,214139.6,214139.6,216909.5,2769.9,2769.9,365.7,0.132026,1,p:2.1.4.1.2.2
U4823,193,FUSE2,214181.4,214181.4,216947.9,2766.5,2766.5,365.7,0.132189,1,p:1.1.1.1.2.2
U4824,193,FUSE2,214223.2,214223.2,217117.3,2894.1,2894.1,365.7,0.126361,1,p:2.1.3.1.2.2
U7786,312,FUSE0,214231.8,214231.8,217073.3,2841.5,2841.5,271.3,0.095478,1,p:1.2.5.1.2.2
U7787,312,FUSE0,214279.2,214279.2,217045.9,2766.7,2766.7,271.3,0.098059,1,p:2.1.2.2.2.2
U7788,312,FUSE0,214383.2,214383.2,217153.1,2769.9,2769.9,271.3,0.097946,1,p:1.1.4.1.2.2
U7789,312,FUSE0,214425.0,214425.0,217191.5,2766.5,2766.5,271.3,0.098066,1,p:2.1.1.1.2.2
U7790,312,FUSE0,214466.8,214466.8,217316.9,2850.1,2850.1,271.3,0.09519,1,p:1.1.5.1.2.2
U7791,312,FUSE0,214475.4,214475.4,217289.5,2814.1,2814.1,271.3,0.096407,1,p:2.1.2.2.2.2
U7792,312,FUSE0,214522.8,214522.8,217360.9,2838.1,2838.1,271.3,0.095592,1,p:1.1.3.1.2.2
U7793,312,FUSE0,214626.8,214626.8,217396.7,2769.9,2769.9,271.3,0.097946,1,p:2.1.4.1.2.2
U7794,312,FUSE0,214730.6,214730.6,217435.1,2704.5,2704.5,271.3,0.100314,1,p:1.1.1.1.2.2
U7795,312,FUSE1,214772.4,214772.4,217622.5,2850.1,2850.1,333.3,0.116943,1,p:2.1.5.1.2.2
U7796,312,FUSE1,214781.0,214781.0,217595.1,2814.1,2814.1,333.3,0.118439,1,p:1.2.2.2.2.2
U7797,312,FUSE1,214828.4,214828.4,217666.5,2838.1,2838.1,333.3,0.117438,1,p:2.1.3.1.2.2
U7798,312,FUSE1,214932.4,214932.4,217702.3,2769.9,2769.9,333.3,0.120329,1,p:1.1.4.1.2.2
U7799,312,FUSE1,215036.2,215036.2,217740.7,2704.5,2704.5,333.3,0.123239,1,p:2.1.1.1.2.2
U7800,312,FUSE1,215086.6,215086.6,217928.1,2841.5,2841.5,333.3,0.117297,1,p:1.1.5.1.2.2
U7801,312,FUSE1,215110.4,215110.4,217900.7,2790.3,2790.3,333.3,0.11945,1,p:2.1.2.2.2.2
U7802,312,FUSE1,215134.0,215134.0,217972.1,2838.1,2838.1,333.3,0.117438,1,p:1.1.3.1.2.2
U7803,312,FUSE1,215270.4,215270.4,218007.9,2737.5,2737.5,333.3,0.121753,1,p:2.1.4.1.2.2
U7804,312,FUSE2,215374.2,215374.2,218078.7,2704.5,2704.5,365.7,0.135219,1,p:1.1.1.1.2.2
U7805,312,FUSE2,215424.6,215424.6,218266.1,2841.5,2841.5,365.7,0.1287,1,p:2.1.5.1.2.2
U7806,312,FUSE2,215448.4,215448.4,218238.7,2790.3,2790.3,365.7,0.131061,1,p:1.1.2.2.2.2
U7807,312,FUSE2,215472.0,215472.0,218310.1,2838.1,2838.1,365.7,0.128854,1,p:2.1.3.1.2.2
U7808,312,FUSE2,215608.4,215608.4,218345.9,2737.5,2737.5,365.7,0.133589,1,p:1.1.4.1.2.2
U7809,312,FUSE2,215617.8,215617.8,218416.7,2798.9,2798.9,365.7,0.130658,1,p:2.1.1.1.2.2
U7810,312,FUSE2,215668.2,215668.2,218604.1,2935.9,2935.9,365.7,0.124561,1,p:1.1.5.1.2.2
U7811,312,FUSE2,215692.0,215692.0,218576.7,2884.7,2884.7,365.7,0.126772,1,p:2.1.2.2.2.2
U7812,312,FUSE2,215715.6,215715.6,218648.1,2932.5,2932.5,365.7,0.124706,1,p:1.1.3.1.2.2
U4959,199,FUSE0,215852.0,215852.0,218589.5,2737.5,2737.5,271.3,0.099105,1,p:2.1.4.1.2.2
U4960,199,FUSE0,215861.4,215861.4,218660.3,2798.9,2798.9,271.3,0.096931,1,p:1.2.1.1.2.2
U4961,199,FUSE0,215911.8,215911.8,218847.7,2935.9,2935.9,271.3,0.092408,1,p:2.1.5.1.2.2
U4962,199,FUSE0,215959.2,215959.2,218833.1,2873.9,2873.9,271.3,0.094401,1,p:1.1.4.1.2.2
U4963,199,FUSE0,215997.6,215997.6,218820.3,2822.7,2822.7,271.3,0.096114,1,p:2.1.2.2.2.2
U4964,199,FUSE0,216157.6,216157.6,218891.7,2734.1,2734.1,271.3,0.099228,1,p:1.1.3.1.2.2
U4965,199,FUSE0,216167.0,216167.0,218903.9,2736.9,2736.9,271.3,0.099127,1,p:2.1.1.1.2.2
U4966,199,FUSE0,216217.4,216217.4,219091.3,2873.9,2873.9,271.3,0.094401,1,p:1.1.5.1.2.2
U4967,199,FUSE0,216264.8,216264.8,219076.7,2811.9,2811.9,271.3,0.096483,1,p:2.1.4.1.2.2
U4968,199,FUSE1,216303.2,216303.2,219125.9,2822.7,2822.7,333.3,0.118078,1,p:1.1.2.1.2.2
U4969,199,FUSE1,216472.6,216472.6,219197.3,2724.7,2724.7,333.3,0.122325,1,p:2.1.3.1.2.2
U4970,199,FUSE1,216495.6,216495.6,219209.5,2713.9,2713.9,333.3,0.122812,1,p:1.1.1.1.2.2
U4971,199,FUSE1,216523.0,216523.0,219396.9,2873.9,2873.9,333.3,0.115975,1,p:2.1.5.1.2.2
U4972,199,FUSE1,216602.8,216602.8,219382.3,2779.5,2779.5,333.3,0.119914,1,p:1.1.4.1.2.2
U4973,199,FUSE1,216641.2,216641.2,219431.5,2790.3,2790.3,333.3,0.11945,1,p:2.1.2.1.2.2
U4974,199,FUSE1,216810.6,216810.6,219502.9,2692.3,2692.3,333.3,0.123797,1,p:1.1.3.1.2.2
U4975,199,FUSE1,216833.6,216833.6,219515.1,2681.5,2681.5,333.3,0.124296,1,p:2.1.1.1.2.2
U4976,199,FUSE1,216861.0,216861.0,219702.5,2841.5,2841.5,333.3,0.117297,1,p:1.1.5.1.2.2
U4977,199,FUSE2,216940.8,216940.8,219720.3,2779.5,2779.5,365.7,0.13157,1,p:2.1.4.1.2.2
U4978,199,FUSE2,216979.2,216979.2,219769.5,2790.3,2790.3,365.7,0.131061,1,p:1.1.2.1.2.2
U4979,199,FUSE2,217077.2,217077.2,219840.9,2763.7,2763.7,365.7,0.132323,1,p:2.1.3.1.2.2
U4980,199,FUSE2,217104.6,217104.6,219853.1,2748.5,2748.5,365.7,0.133054,1,p:1.1.1.1.2.2
U4981,199,FUSE2,217148.6,217148.6,220040.5,2891.9,2891.9,365.7,0.126457,1,p:2.1.5.1.2.2
U4982,199,FUSE2,217184.4,217184.4,220058.3,2873.9,2873.9,365.7,0.127249,1,p:1.1.4.1.2.2
U4983,199,FUSE2,217222.8,217222.8,220107.5,2884.7,2884.7,365.7,0.126772,1,p:2.1.2.1.2.2
U4984,199,FUSE2,217320.8,217320.8,220178.9,2858.1,2858.1,365.7,0.127952,1,p:1.1.3.1.2.2
U6548,263,FUSE0,217348.2,217348.2,220096.7,2748.5,2748.5,271.3,0.098708,1,p:2.1.1.1.2.2
U6549,263,FUSE0,217392.2,217392.2,220284.1,2891.9,2891.9,271.3,0.093814,1,p:1.1.5.1.2.2
U6550,263,FUSE0,217428.0,217428.0,220301.9,2873.9,2873.9,271.3,0.094401,1,p:2.1.4.1.2.2
U6551,263,FUSE0,217466.4,217466.4,220351.1,2884.7,2884.7,271.3,0.094048,1,p:1.1.2.1.2.2
U6552,263,FUSE0,217626.4,217626.4,220340.3,2713.9,2713.9,271.3,0.099967,1,p:2.1.1.1.2.2
U6553,263,FUSE0,217653.8,217653.8,220422.5,2768.7,2768.7,271.3,0.097988,1,p:1.1.3.1.2.2
U6554,263,FUSE0,217697.8,217697.8,220527.7,2829.9,2829.9,271.3,0.095869,1,p:2.1.5.1.2.2
U6555,263,FUSE0,217733.6,217733.6,220545.5,2811.9,2811.9,271.3,0.096483,1,p:1.1.4.1.2.2
U6556,263,FUSE0,217772.0,217772.0,220594.7,2822.7,2822.7,271.3,0.096114,1,p:2.1.2.1.2.2
U6557,263,FUSE0,217932.0,217932.0,220583.9,2651.9,2651.9,271.3,0.102304,1,p:1.1.1.1.2.2
U6558,263,FUSE1,217959.4,217959.4,220728.1,2768.7,2768.7,333.3,0.120381,1,p:2.1.3.1.2.2
U6559,263,FUSE1,218003.4,218003.4,220833.3,2829.9,2829.9,333.3,0.117778,1,p:1.1.5.1.2.2
U6560,263,FUSE1,218039.2,218039.2,220851.1,2811.9,2811.9,333.3,0.118532,1,p:2.1.4.1.2.2
U6561,263,FUSE1,218110.0,218110.0,220900.3,2790.3,2790.3,333.3,0.11945,1,p:1.1.2.1.2.2
U6562,263,FUSE1,218270.0,218270.0,220889.5,2619.5,2619.5,333.3,0.127238,1,p:2.1.1.1.2.2
U6563,263,FUSE1,218297.4,218297.4,221033.7,2736.3,2736.3,333.3,0.121807,1,p:1.1.3.1.2.2
U6564,263,FUSE1,218341.4,218341.4,221138.9,2797.5,2797.5,333.3,0.119142,1,p:2.1.5.1.2.2
U6565,263,FUSE1,218377.2,218377.2,221156.7,2779.5,2779.5,333.3,0.119914,1,p:1.1.4.1.2.2
U6566,263,FUSE1,218448.0,218448.0,221205.9,2757.9,2757.9,333.3,0.120853,1,p:2.1.2.1.2.2
U6567,263,FUSE1,218608.0,218608.0,221195.1,2587.1,2587.1,333.3,0.128832,1,p:1.1.1.1.2.2
U6568,263,FUSE2,218620.8,218620.8,221476.9,2856.1,2856.1,365.7,0.128042,1,p:2.1.5.1.2.2
U6569,263,FUSE2,218635.4,218635.4,221371.7,2736.3,2736.3,365.7,0.133648,1,p:1.1.3.1.2.2
U6570,263,FUSE2,218679.4,218679.4,221543.9,2864.5,2864.5,365.7,0.127666,1,p:2.1.2.1.2.2
U6571,263,FUSE2,218691.6,218691.6,221494.7,2803.1,2803.1,365.7,0.130463,1,p:1.1.4.1.2.2
U6572,263,FUSE2,218851.6,218851.6,221709.7,2858.1,2858.1,365.7,0.127952,1,p:2.1.3.1.2.2
U6573,263,FUSE2,218864.4,218864.4,221533.1,2668.7,2668.7,365.7,0.137033,1,p:1.1.1.1.2.2
U6574,263,FUSE2,218879.0,218879.0,221814.9,2935.9,2935.9,365.7,0.124561,1,p:2.1.5.1.2.2
U6575,263,FUSE2,218923.0,218923.0,221832.7,2909.7,2909.7,365.7,0.125683,1,p:1.1.4.1.2.2
U6576,263,FUSE2,218935.2,218935.2,221881.9,2946.7,2946.7,365.7,0.124105,1,p:2.1.2.1.2.2
U2451,100,FUSE0,219108.0,219108.0,221776.7,2668.7,2668.7,271.3,0.10166,1,p:1.1.1.2.2.2
U2452,100,FUSE0,219122.6,219122.6,221953.3,2830.7,2830.7,271.3,0.095842,1,p:2.1.3.1.2.2
U2453,100,FUSE0,219157.2,219157.2,222058.5,2901.3,2901.3,271.3,0.09351,1,p:1.1.5.1.2.2
U2454,100,FUSE0,219228.6,219228.6,222020.3,2791.7,2791.7,271.3,0.097181,1,p:2.1.1.2.2.2
U2455,100,FUSE0,219240.8,219240.8,222076.3,2835.5,2835.5,271.3,0.09568,1,p:1.1.4.1.2.2
U2456,100,FUSE0,219413.6,219413.6,222196.9,2783.3,2783.3,271.3,0.097474,1,p:2.1.3.1.2.2
U2457,100,FUSE0,219428.2,219428.2,222125.5,2697.3,2697.3,271.3,0.100582,1,p:1.1.2.1.2.2
U2458,100,FUSE0,219462.8,219462.8,222302.1,2839.3,2839.3,271.3,0.095552,1,p:2.1.5.1.2.2
U2459,100,FUSE0,219534.2,219534.2,222319.9,2785.7,2785.7,271.3,0.09739,1,p:1.1.4.1.2.2
U2460,100,FUSE0,219546.4,219546.4,222263.9,2717.5,2717.5,271.3,0.099834,1,p:2.1.1.2.2.2
U2461,100,FUSE1,219733.8,219733.8,222431.1,2697.3,2697.3,333.3,0.123568,1,p:1.1.2.1.2.2
U2462,100,FUSE1,219751.6,219751.6,222502.5,2750.9,2750.9,333.3,0.12116,1,p:2.1.3.1.2.2
U2463,100,FUSE1,219800.8,219800.8,222607.7,2806.9,2806.9,333.3,0.118743,1,p:1.1.5.1.2.2
U2464,100,FUSE1,219872.2,219872.2,222569.5,2697.3,2697.3,333.3,0.123568,1,p:2.1.1.2.2.2
U2465,100,FUSE1,219884.4,219884.4,222625.5,2741.1,2741.1,333.3,0.121594,1,p:1.1.4.1.2.2
U2466,100,FUSE1,220071.8,220071.8,222808.1,2736.3,2736.3,333.3,0.121807,1,p:2.1.3.1.2.2
U2467,100,FUSE1,220089.6,220089.6,222736.7,2647.1,2647.1,333.3,0.125911,1,p:1.1.2.1.2.2
U2468,100,FUSE1,220128.0,220128.0,222931.1,2803.1,2803.1,333.3,0.118904,1,p:2.1.4.1.2.2
U2469,100,FUSE1,220138.8,220138.8,222913.3,2774.5,2774.5,333.3,0.12013,1,p:1.1.5.1.2.2
U2470,100,FUSE2,220210.2,220210.2,222907.5,2697.3,2697.3,365.7,0.13558,1,p:2.1.1.2.2.2
U2471,100,FUSE2,220315.4,220315.4,223074.7,2759.3,2759.3,365.7,0.132534,1,p:1.1.2.1.2.2
U2472,100,FUSE2,220333.2,220333.2,223146.1,2812.9,2812.9,365.7,0.130008,1,p:2.1.3.1.2.2
U2473,100,FUSE2,220371.6,220371.6,223251.3,2879.7,2879.7,365.7,0.126992,1,p:1.1.5.1.2.2
U2474,100,FUSE2,220382.4,220382.4,223269.1,2886.7,2886.7,365.7,0.126684,1,p:2.1.4.1.2.2
U2475,100,FUSE2,220453.8,220453.8,223245.5,2791.7,2791.7,365.7,0.130995,1,p:1.1.1.2.2.2
U2476,100,FUSE2,220559.0,220559.0,223484.1,2925.1,2925.1,365.7,0.125021,1,p:2.1.3.1.2.2
U2477,100,FUSE2,220576.8,220576.8,223412.7,2835.9,2835.9,365.7,0.128954,1,p:1.1.2.1.2.2
U2478,100,FUSE2,220615.2,220615.2,223607.1,2991.9,2991.9,365.7,0.12223,1,p:2.1.4.1.2.2
U2479,100,FUSE2,220626.0,220626.0,223589.3,2963.3,2963.3,365.7,0.12341,1,p:1.1.5.1.2.2
U1185,49,FUSE0,220759.4,220759.4,223489.1,2729.7,2729.7,271.3,0.099388,1,p:2.1.1.1.2.2
U1186,49,FUSE0,220864.6,220864.6,223656.3,2791.7,2791.7,271.3,0.097181,1,p:1.1.2.1.2.2
U1187,49,FUSE0,220882.4,220882.4,223727.7,2845.3,2845.3,271.3,0.09535,1,p:2.1.3.1.2.2
U1188,49,FUSE0,220920.8,220920.8,223732.7,2811.9,2811.9,271.3,0.096483,1,p:1.1.1.1.2.2
U1189,49,FUSE0,220931.6,220931.6,223832.9,2901.3,2901.3,271.3,0.09351,1,p:2.1.5.1.2.2
U1190,49,FUSE0,221065.0,221065.0,223850.7,2785.7,2785.7,271.3,0.09739,1,p:1.1.4.1.2.2
U1191,49,FUSE0,221170.2,221170.2,223971.3,2801.1,2801.1,271.3,0.096855,1,p:2.1.3.1.2.2
U1192,49,FUSE0,221188.0,221188.0,223899.9,2711.9,2711.9,271.3,0.100041,1,p:1.1.2.1.2.2
U1193,49,FUSE1,221226.4,221226.4,224138.5,2912.1,2912.1,333.3,0.114453,1,p:2.1.5.1.2.2
U1194,49,FUSE1,221237.2,221237.2,224038.3,2801.1,2801.1,333.3,0.118989,1,p:1.1.1.1.2.2
U1195,49,FUSE1,221403.0,221403.0,224156.3,2753.3,2753.3,333.3,0.121055,1,p:2.1.4.1.2.2
U1196,49,FUSE1,221508.2,221508.2,224205.5,2697.3,2697.3,333.3,0.123568,1,p:1.1.2.1.2.2
U1197,49,FUSE1,221526.0,221526.0,224276.9,2750.9,2750.9,333.3,0.12116,1,p:2.1.3.1.2.2
U1198,49,FUSE1,221564.4,221564.4,224343.9,2779.5,2779.5,333.3,0.119914,1,p:1.1.1.1.2.2
U1199,49,FUSE1,221575.2,221575.2,224444.1,2868.9,2868.9,333.3,0.116177,1,p:2.1.5.1.2.2
U1200,49,FUSE1,221741.0,221741.0,224461.9,2720.9,2720.9,333.3,0.122496,1,p:1.1.4.1.2.2
U1201,49,FUSE2,221808.0,221808.0,224543.5,2735.5,2735.5,365.7,0.133687,1,p:2.1.2.1.2.2
U1202,49,FUSE2,221846.2,221846.2,224614.9,2768.7,2768.7,365.7,0.132084,1,p:1.1.3.1.2.2
U1203,49,FUSE2,221864.0,221864.0,224681.9,2817.9,2817.9,365.7,0.129777,1,p:2.1.1.1.2.2
U1204,49,FUSE2,221913.2,221913.2,224782.1,2868.9,2868.9,365.7,0.12747,1,p:1.1.5.1.2.2
U1205,49,FUSE2,221984.6,221984.6,224799.9,2815.3,2815.3,365.7,0.129897,1,p:2.1.4.1.2.2
U1206,49,FUSE2,222051.6,222051.6,224881.5,2829.9,2829.9,365.7,0.129227,1,p:1.1.2.1.2.2
U1207,49,FUSE2,222089.8,222089.8,225019.9,2930.1,2930.1,365.7,0.124808,1,p:2.1.1.2.2.2
U1208,49,FUSE2,222107.6,222107.6,224952.9,2845.3,2845.3,365.7,0.128528,1,p:1.1.3.1.2.2
U2007,82,FUSE0,222156.8,222156.8,225025.7,2868.9,2868.9,271.3,0.094566,1,p:2.1.5.1.2.2
U2008,82,FUSE0,222228.2,222228.2,225043.5,2815.3,2815.3,271.3,0.096366,1,p:1.1.4.1.2.2
U2009,82,FUSE0,222295.2,222295.2,225125.1,2829.9,2829.9,271.3,0.095869,1,p:2.1.2.1.2.2
U2010,82,FUSE0,222333.4,222333.4,225196.5,2863.1,2863.1,271.3,0.094757,1,p:1.1.3.1.2.2
U2011,82,FUSE0,222351.2,222351.2,225269.3,2918.1,2918.1,271.3,0.092971,1,p:2.1.5.1.2.2
U2012,82,FUSE0,222462.4,222462.4,225287.1,2824.7,2824.7,271.3,0.096046,1,p:1.1.4.1.2.2
U2013,82,FUSE0,222533.8,222533.8,225263.5,2729.7,2729.7,271.3,0.099388,1,p:2.1.1.2.2.2
U2014,82,FUSE0,222600.8,222600.8,225368.7,2767.9,2767.9,271.3,0.098017,1,p:1.1.2.1.2.2
U2015,82,FUSE0,222639.0,222639.0,225512.9,2873.9,2873.9,271.3,0.094401,1,p:2.1.5.1.2.2
U2016,82,FUSE0,222656.8,222656.8,225440.1,2783.3,2783.3,271.3,0.097474,1,p:1.1.3.1.2.2
U2017,82,FUSE1,222768.0,222768.0,225592.7,2824.7,2824.7,333.3,0.117995,1,p:2.1.4.1.2.2
U2018,82,FUSE1,222839.4,222839.4,225569.1,2729.7,2729.7,333.3,0.122101,1,p:1.1.1.2.2.2
U2019,82,FUSE1,222938.8,222938.8,225674.3,2735.5,2735.5,333.3,0.121842,1,p:2.1.2.1.2.2
U2020,82,FUSE1,222944.6,222944.6,225745.7,2801.1,2801.1,333.3,0.118989,1,p:1.2.3.1.2.2
U2021,82,FUSE1,222962.4,222962.4,225818.5,2856.1,2856.1,333.3,0.116698,1,p:2.1.5.1.2.2
U2022,82,FUSE1,223106.0,223106.0,225898.3,2792.3,2792.3,333.3,0.119364,1,p:1.1.4.1.2.2
U2023,82,FUSE1,223177.4,223177.4,225874.7,2697.3,2697.3,333.3,0.123568,1,p:2.1.1.2.2.2
U2024,82,FUSE1,223276.8,223276.8,225979.9,2703.1,2703.1,333.3,0.123303,1,p:1.1.2.1.2.2
U2025,82,FUSE1,223282.6,223282.6,226124.1,2841.5,2841.5,333.3,0.117297,1,p:2.1.5.1.2.2
U2026,82,FUSE1,223300.4,223300.4,226051.3,2750.9,2750.9,333.3,0.12116,1,p:1.1.3.1.2.2
U2027,82,FUSE2,223444.0,223444.0,226236.3,2792.3,2792.3,365.7,0.130967,1,p:2.1.4.1.2.2
U2028,82,FUSE2,223515.4,223515.4,226212.7,2697.3,2697.3,365.7,0.13558,1,p:1.1.1.2.2.2
U2029,82,FUSE2,223520.4,223520.4,226317.9,2797.5,2797.5,365.7,0.130724,1,p:2.1.2.1.2.2
U2030,82,FUSE2,223620.6,223620.6,226389.3,2768.7,2768.7,365.7,0.132084,1,p:1.1.3.1.2.2
U2031,82,FUSE2,223638.4,223638.4,226462.1,2823.7,2823.7,365.7,0.129511,1,p:2.1.5.1.2.2
U2032,82,FUSE2,223687.6,223687.6,226574.3,2886.7,2886.7,365.7,0.126684,1,p:1.1.4.1.2.2
U2033,82,FUSE2,223759.0,223759.0,226550.7,2791.7,2791.7,365.7,0.130995,1,p:2.1.1.2.2.2
U2034,82,FUSE2,223764.0,223764.0,226655.9,2891.9,2891.9,365.7,0.126457,1,p:1.2.2.1.2.2
U2035,82,FUSE2,223864.2,223864.2,226800.1,2935.9,2935.9,365.7,0.124561,1,p:2.1.5.1.2.2
U5065,203,FUSE0,223882.0,223882.0,226632.9,2750.9,2750.9,271.3,0.098622,1,p:1.1.3.1.2.2
U5066,203,FUSE0,223931.2,223931.2,226817.9,2886.7,2886.7,271.3,0.093983,1,p:2.1.4.1.2.2
U5067,203,FUSE0,224002.6,224002.6,226794.3,2791.7,2791.7,271.3,0.097181,1,p:1.1.1.2.2.2
U5068,203,FUSE0,224069.6,224069.6,226876.5,2806.9,2806.9,271.3,0.096655,1,p:2.1.3.1.2.2
U5069,203,FUSE0,224169.8,224169.8,226899.5,2729.7,2729.7,271.3,0.099388,1,p:1.1.2.1.2.2
U5070,203,FUSE0,224187.6,224187.6,227043.7,2856.1,2856.1,271.3,0.09499,1,p:2.1.5.1.2.2
U5071,203,FUSE0,224236.8,224236.8,227061.5,2824.7,2824.7,271.3,0.096046,1,p:1.1.4.1.2.2
U5072,203,FUSE0,224308.2,224308.2,227037.9,2729.7,2729.7,271.3,0.099388,1,p:2.1.1.2.2.2
U5073,203,FUSE0,224375.2,224375.2,227120.1,2744.9,2744.9,271.3,0.098838,1,p:1.1.3.1.2.2
U5074,203,FUSE1,224475.4,224475.4,227349.3,2873.9,2873.9,333.3,0.115975,1,p:2.1.5.1.2.2
U5075,203,FUSE1,224493.2,224493.2,227205.1,2711.9,2711.9,333.3,0.122903,1,p:1.1.2.1.2.2
U5076,203,FUSE1,224574.8,224574.8,227367.1,2792.3,2792.3,333.3,0.119364,1,p:2.1.4.1.2.2
U5077,203,FUSE1,224646.2,224646.2,227343.5,2697.3,2697.3,333.3,0.123568,1,p:1.1.1.2.2.2
U5078,203,FUSE1,224713.2,224713.2,227425.7,2712.5,2712.5,333.3,0.122876,1,p:2.1.3.1.2.2
U5079,203,FUSE1,224813.4,224813.4,227510.7,2697.3,2697.3,333.3,0.123568,1,p:1.1.2.1.2.2
U5080,203,FUSE1,224831.2,224831.2,227654.9,2823.7,2823.7,333.3,0.118037,1,p:2.1.5.1.2.2
U5081,203,FUSE1,224912.8,224912.8,227672.7,2759.9,2759.9,333.3,0.120765,1,p:1.1.4.1.2.2
U5082,203,FUSE1,224984.2,224984.2,227649.1,2664.9,2664.9,333.3,0.12507,1,p:2.1.1.2.2.2
U5083,203,FUSE2,225051.2,225051.2,227763.7,2712.5,2712.5,365.7,0.13482,1,p:1.1.3.1.2.2
U5084,203,FUSE2,225057.0,225057.0,227992.9,2935.9,2935.9,365.7,0.124561,1,p:2.1.5.1.2.2
U5085,203,FUSE2,225074.8,225074.8,227848.7,2773.9,2773.9,365.7,0.131836,1,p:1.1.2.1.2.2
U5086,203,FUSE2,225156.4,225156.4,228010.7,2854.3,2854.3,365.7,0.128122,1,p:2.1.4.1.2.2
U5087,203,FUSE2,225227.8,225227.8,227987.1,2759.3,2759.3,365.7,0.132534,1,p:1.1.1.2.2.2
U5088,203,FUSE2,225294.8,225294.8,228101.7,2806.9,2806.9,365.7,0.130286,1,p:2.1.3.1.2.2
U5089,203,FUSE2,225300.6,225300.6,228186.7,2886.1,2886.1,365.7,0.126711,1,p:1.2.2.1.2.2
U5090,203,FUSE2,225318.4,225318.4,228330.9,3012.5,3012.5,365.7,0.121394,1,p:2.1.5.1.2.2
U5091,203,FUSE2,225400.0,225400.0,228349.9,2949.9,2949.9,365.7,0.12397,1,p:1.1.4.1.2.2
U5092,203,FUSE2,225471.4,225471.4,228325.1,2853.7,2853.7,365.7,0.128149,1,p:2.1.1.2.2.2
U2826,115,FUSE0,225544.2,225544.2,228345.3,2801.1,2801.1,271.3,0.096855,1,p:1.1.3.1.2.2
U2827,115,FUSE0,225600.4,225600.4,228430.3,2829.9,2829.9,271.3,0.095869,1,p:2.1.2.1.2.2
U2828,115,FUSE0,225624.0,225624.0,228574.5,2950.5,2950.5,271.3,0.091951,1,p:1.1.5.1.2.2
U2829,115,FUSE0,225705.6,225705.6,228593.5,2887.9,2887.9,271.3,0.093944,1,p:2.1.4.1.2.2
U2830,115,FUSE0,225777.0,225777.0,228588.9,2811.9,2811.9,271.3,0.096483,1,p:1.1.3.1.2.2
U2831,115,FUSE0,225849.8,225849.8,228568.7,2718.9,2718.9,271.3,0.099783,1,p:2.1.1.2.2.2
U2832,115,FUSE0,225906.0,225906.0,228673.9,2767.9,2767.9,271.3,0.098017,1,p:1.1.2.1.2.2
U2833,115,FUSE0,225929.6,225929.6,228818.1,2888.5,2888.5,271.3,0.093924,1,p:2.1.5.1.2.2
U2834,115,FUSE0,226011.2,226011.2,228835.9,2824.7,2824.7,271.3,0.096046,1,p:1.1.4.1.2.2
U2835,115,FUSE1,226082.6,226082.6,228894.5,2811.9,2811.9,333.3,0.118532,1,p:2.1.3.1.2.2
U2836,115,FUSE1,226155.4,226155.4,228874.3,2718.9,2718.9,333.3,0.122586,1,p:1.1.1.2.2.2
U2837,115,FUSE1,226244.0,226244.0,228979.5,2735.5,2735.5,333.3,0.121842,1,p:2.1.2.1.2.2
U2838,115,FUSE1,226267.6,226267.6,229123.7,2856.1,2856.1,333.3,0.116698,1,p:1.1.5.1.2.2
U2839,115,FUSE1,226349.2,226349.2,229141.5,2792.3,2792.3,333.3,0.119364,1,p:2.1.4.1.2.2
U2840,115,FUSE1,226420.6,226420.6,229200.1,2779.5,2779.5,333.3,0.119914,1,p:1.1.3.1.2.2
U2841,115,FUSE1,226493.4,226493.4,229179.9,2686.5,2686.5,333.3,0.124065,1,p:2.1.1.2.2.2
U2842,115,FUSE1,226582.0,226582.0,229285.1,2703.1,2703.1,333.3,0.123303,1,p:1.1.2.1.2.2
U2843,115,FUSE1,226605.6,226605.6,229429.3,2823.7,2823.7,333.3,0.118037,1,p:2.1.5.1.2.2
U2844,115,FUSE2,226664.2,226664.2,229479.5,2815.3,2815.3,365.7,0.129897,1,p:1.1.4.1.2.2
U2845,115,FUSE2,226687.2,226687.2,229538.1,2850.9,2850.9,365.7,0.128275,1,p:2.1.3.1.2.2
U2846,115,FUSE2,226825.6,226825.6,229517.9,2692.3,2692.3,365.7,0.135832,1,p:1.1.1.2.2.2
U2847,115,FUSE2,226831.4,226831.4,229767.3,2935.9,2935.9,365.7,0.124561,1,p:2.1.5.1.2.2
U2848,115,FUSE2,226849.2,226849.2,229623.1,2773.9,2773.9,365.7,0.131836,1,p:1.1.2.1.2.2
U2849,115,FUSE2,226907.8,226907.8,229817.5,2909.7,2909.7,365.7,0.125683,1,p:2.1.4.1.2.2
U2850,115,FUSE2,226930.8,226930.8,229876.1,2945.3,2945.3,365.7,0.124164,1,p:1.1.3.1.2.2
U2851,115,FUSE2,227069.2,227069.2,229855.9,2786.7,2786.7,365.7,0.13123,1,p:2.1.1.2.2.2
U3943,159,FUSE0,227075.0,227075.0,229866.7,2791.7,2791.7,271.3,0.097181,1,p:1.2.2.1.2.2
U3944,159,FUSE0,227092.8,227092.8,230010.9,2918.1,2918.1,271.3,0.092971,1,p:2.1.5.1.2.2
U3945,159,FUSE0,227151.4,227151.4,230061.1,2909.7,2909.7,271.3,0.09324,1,p:1.1.4.1.2.2
U3946,159,FUSE0,227236.4,227236.4,230119.7,2883.3,2883.3,271.3,0.094094,1,p:2.1.3.1.2.2
U3947,159,FUSE0,227374.8,227374.8,230110.3,2735.5,2735.5,271.3,0.099177,1,p:1.1.2.1.2.2
U3948,159,FUSE0,227380.6,227380.6,230254.5,2873.9,2873.9,271.3,0.094401,1,p:2.1.5.1.2.2
U3949,159,FUSE0,227398.4,227398.4,230099.5,2701.1,2701.1,271.3,0.100441,1,p:1.1.1.2.2.2
U3950,159,FUSE0,227457.0,227457.0,230304.7,2847.7,2847.7,271.3,0.09527,1,p:2.1.4.1.2.2
U3951,159,FUSE0,227542.0,227542.0,230363.3,2821.3,2821.3,271.3,0.096161,1,p:1.1.3.1.2.2
U3952,159,FUSE1,227680.4,227680.4,230415.9,2735.5,2735.5,333.3,0.121842,1,p:2.1.2.1.2.2
U3953,159,FUSE1,227686.2,227686.2,230405.1,2718.9,2718.9,333.3,0.122586,1,p:1.2.1.1.2.2
U3954,159,FUSE1,227704.0,227704.0,230560.1,2856.1,2856.1,333.3,0.116698,1,p:2.1.5.1.2.2
U3955,159,FUSE1,227795.0,227795.0,230610.3,2815.3,2815.3,333.3,0.118389,1,p:1.1.4.1.2.2
U3956,159,FUSE1,227880.0,227880.0,230668.9,2788.9,2788.9,333.3,0.119509,1,p:2.1.3.1.2.2
U3957,159,FUSE1,228018.4,228018.4,230721.5,2703.1,2703.1,333.3,0.123303,1,p:1.1.2.1.2.2
U3958,159,FUSE1,228024.2,228024.2,230865.7,2841.5,2841.5,333.3,0.117297,1,p:2.1.5.1.2.2
U3959,159,FUSE1,228042.0,228042.0,230710.7,2668.7,2668.7,333.3,0.124892,1,p:1.1.1.1.2.2
U3960,159,FUSE1,228133.0,228133.0,230915.9,2782.9,2782.9,333.3,0.119767,1,p:2.1.4.1.2.2
U3961,159,FUSE2,228218.0,228218.0,231006.9,2788.9,2788.9,365.7,0.131127,1,p:1.1.3.1.2.2
U3962,159,FUSE2,228356.4,228356.4,231059.5,2703.1,2703.1,365.7,0.135289,1,p:2.1.2.1.2.2
U3963,159,FUSE2,228362.2,228362.2,231048.7,2686.5,2686.5,365.7,0.136125,1,p:1.2.1.1.2.2
U3964,159,FUSE2,228376.6,228376.6,231203.7,2827.1,2827.1,365.7,0.129355,1,p:2.1.5.1.2.2
U3965,159,FUSE2,228381.2,228381.2,231253.9,2872.7,2872.7,365.7,0.127302,1,p:1.2.4.1.2.2
U3966,159,FUSE2,228461.6,228461.6,231344.9,2883.3,2883.3,365.7,0.126834,1,p:2.1.3.1.2.2
U3967,159,FUSE2,228600.0,228600.0,231397.5,2797.5,2797.5,365.7,0.130724,1,p:1.1.2.1.2.2
U3968,159,FUSE2,228605.8,228605.8,231541.7,2935.9,2935.9,365.7,0.124561,1,p:2.1.5.1.2.2
U3969,159,FUSE2,228620.2,228620.2,231386.7,2766.5,2766.5,365.7,0.132189,1,p:1.1.1.1.2.2
U6003,241,FUSE0,228624.8,228624.8,231497.5,2872.7,2872.7,271.3,0.094441,1,p:2.1.4.1.2.2
U6004,241,FUSE0,228705.2,228705.2,231588.5,2883.3,2883.3,271.3,0.094094,1,p:1.1.3.1.2.2
U6005,241,FUSE0,228849.4,228849.4,231630.3,2780.9,2780.9,271.3,0.097558,1,p:2.1.1.1.2.2
U6006,241,FUSE0,228867.2,228867.2,231641.1,2773.9,2773.9,271.3,0.097805,1,p:1.1.2.1.2.2
U6007,241,FUSE0,228905.6,228905.6,231741.1,2835.5,2835.5,271.3,0.09568,1,p:2.1.4.1.2.2
U6008,241,FUSE0,228925.8,228925.8,231785.3,2859.5,2859.5,271.3,0.094877,1,p:1.1.5.1.2.2
U6009,241,FUSE0,229010.8,229010.8,231832.1,2821.3,2821.3,271.3,0.096161,1,p:2.1.3.1.2.2
U6010,241,FUSE0,229155.0,229155.0,231884.7,2729.7,2729.7,271.3,0.099388,1,p:1.1.2.1.2.2
U6011,241,FUSE1,229172.8,229172.8,231935.9,2763.1,2763.1,333.3,0.120625,1,p:2.1.1.1.2.2
U6012,241,FUSE1,229211.2,229211.2,232046.7,2835.5,2835.5,333.3,0.117545,1,p:1.1.4.1.2.2
U6013,241,FUSE1,229231.4,229231.4,232090.9,2859.5,2859.5,333.3,0.116559,1,p:2.1.5.1.2.2
U6014,241,FUSE1,229316.4,229316.4,232137.7,2821.3,2821.3,333.3,0.118137,1,p:1.1.3.1.2.2
U6015,241,FUSE1,229460.6,229460.6,232190.3,2729.7,2729.7,333.3,0.122101,1,p:2.1.2.1.2.2
U6016,241,FUSE1,229510.8,229510.8,232241.5,2730.7,2730.7,333.3,0.122057,1,p:1.1.1.1.2.2
U6017,241,FUSE1,229549.2,229549.2,232352.3,2803.1,2803.1,333.3,0.118904,1,p:2.1.4.1.2.2
U6018,241,FUSE2,229569.4,229569.4,232428.9,2859.5,2859.5,365.7,0.127889,1,p:1.1.5.1.2.2
U6019,241,FUSE2,229654.4,229654.4,232475.7,2821.3,2821.3,365.7,0.129621,1,p:2.1.3.1.2.2
U6020,241,FUSE2,229798.6,229798.6,232528.3,2729.7,2729.7,365.7,0.133971,1,p:1.1.2.1.2.2
U6021,241,FUSE2,229848.8,229848.8,232579.5,2730.7,2730.7,365.7,0.133922,1,p:2.1.1.1.2.2
U6022,241,FUSE2,229887.2,229887.2,232690.3,2803.1,2803.1,365.7,0.130463,1,p:1.1.4.1.2.2
U6023,241,FUSE2,229898.0,229898.0,232766.9,2868.9,2868.9,365.7,0.12747,1,p:2.1.5.1.2.2
U6024,241,FUSE2,229907.4,229907.4,232813.7,2906.3,2906.3,365.7,0.12583,1,p:1.2.3.1.2.2
U6025,241,FUSE2,230042.2,230042.2,232866.3,2824.1,2824.1,365.7,0.129493,1,p:2.1.2.1.2.2
U2802,114,FUSE0,230092.4,230092.4,232823.1,2730.7,2730.7,271.3,0.099352,1,p:1.1.1.1.2.2
U2803,114,FUSE0,230130.8,230130.8,233010.5,2879.7,2879.7,271.3,0.094211,1,p:2.1.5.1.2.2
U2804,114,FUSE0,230141.6,230141.6,232933.9,2792.3,2792.3,271.3,0.09716,1,p:1.1.4.1.2.2
U2805,114,FUSE0,230151.0,230151.0,233057.3,2906.3,2906.3,271.3,0.093349,1,p:2.1.3.1.2.2
U2806,114,FUSE0,230285.8,230285.8,233066.7,2780.9,2780.9,271.3,0.097558,1,p:1.1.1.1.2.2
U2807,114,FUSE0,230336.0,230336.0,233109.9,2773.9,2773.9,271.3,0.097805,1,p:2.1.2.1.2.2
U2808,114,FUSE0,230394.6,230394.6,233177.5,2782.9,2782.9,271.3,0.097488,1,p:1.1.4.1.2.2
U2809,114,FUSE0,230436.4,230436.4,233300.9,2864.5,2864.5,271.3,0.094711,1,p:2.1.3.1.2.2
U2810,114,FUSE1,230447.2,230447.2,233316.1,2868.9,2868.9,333.3,0.116177,1,p:1.1.5.1.2.2
U2811,114,FUSE1,230591.4,230591.4,233372.3,2780.9,2780.9,333.3,0.119853,1,p:2.1.1.1.2.2
U2812,114,FUSE1,230641.6,230641.6,233415.5,2773.9,2773.9,333.3,0.120156,1,p:1.1.2.1.2.2
U2813,114,FUSE1,230700.2,230700.2,233483.1,2782.9,2782.9,333.3,0.119767,1,p:2.1.4.1.2.2
U2814,114,FUSE1,230742.0,230742.0,233621.7,2879.7,2879.7,333.3,0.115741,1,p:1.1.5.1.2.2
U2815,114,FUSE1,230752.8,230752.8,233606.5,2853.7,2853.7,333.3,0.116796,1,p:2.1.3.1.2.2
U2816,114,FUSE1,230897.0,230897.0,233677.9,2780.9,2780.9,333.3,0.119853,1,p:1.1.1.1.2.2
U2817,114,FUSE1,230947.2,230947.2,233721.1,2773.9,2773.9,333.3,0.120156,1,p:2.1.2.1.2.2
U2818,114,FUSE2,231038.2,231038.2,233821.1,2782.9,2782.9,365.7,0.13141,1,p:1.1.4.1.2.2
U2819,114,FUSE2,231080.0,231080.0,233944.5,2864.5,2864.5,365.7,0.127666,1,p:2.1.3.1.2.2
U2820,114,FUSE2,231090.8,231090.8,233959.7,2868.9,2868.9,365.7,0.12747,1,p:1.1.5.1.2.2
U2821,114,FUSE2,231235.0,231235.0,234015.9,2780.9,2780.9,365.7,0.131504,1,p:2.1.1.1.2.2
U2822,114,FUSE2,231285.2,231285.2,234059.1,2773.9,2773.9,365.7,0.131836,1,p:1.1.2.1.2.2
U2823,114,FUSE2,231376.2,231376.2,234159.1,2782.9,2782.9,365.7,0.13141,1,p:2.1.4.1.2.2
U2824,114,FUSE2,231418.0,231418.0,234297.7,2879.7,2879.7,365.7,0.126992,1,p:1.1.5.1.2.2
U2825,114,FUSE2,231428.8,231428.8,234282.5,2853.7,2853.7,365.7,0.128149,1,p:2.1.3.1.2.2
U3078,125,FUSE0,231528.8,231528.8,234259.5,2730.7,2730.7,271.3,0.099352,1,p:1.1.1.2.2.2
U3079,125,FUSE0,231573.0,231573.0,234302.7,2729.7,2729.7,271.3,0.099388,1,p:2.1.2.1.2.2
U3080,125,FUSE0,231619.8,231619.8,234402.7,2782.9,2782.9,271.3,0.097488,1,p:1.1.4.1.2.2
U3081,125,FUSE0,231661.6,231661.6,234526.1,2864.5,2864.5,271.3,0.094711,1,p:2.1.3.1.2.2
U3082,125,FUSE0,231672.4,231672.4,234541.3,2868.9,2868.9,271.3,0.094566,1,p:1.1.5.1.2.2
U3083,125,FUSE0,231772.4,231772.4,234503.1,2730.7,2730.7,271.3,0.099352,1,p:2.1.1.2.2.2
U3084,125,FUSE0,231816.6,231816.6,234546.3,2729.7,2729.7,271.3,0.099388,1,p:1.1.2.1.2.2
U3085,125,FUSE0,231863.4,231863.4,234646.3,2782.9,2782.9,271.3,0.097488,1,p:2.1.4.1.2.2
U3086,125,FUSE1,231916.0,231916.0,234846.9,2930.9,2930.9,333.3,0.113719,1,p:1.1.5.1.2.2
U3087,125,FUSE1,231967.2,231967.2,234831.7,2864.5,2864.5,333.3,0.116355,1,p:2.1.3.1.2.2
U3088,125,FUSE1,232078.0,232078.0,234808.7,2730.7,2730.7,333.3,0.122057,1,p:1.1.1.2.2.2
U3089,125,FUSE1,232122.2,232122.2,234851.9,2729.7,2729.7,333.3,0.122101,1,p:2.1.2.1.2.2
U3090,125,FUSE1,232169.0,232169.0,234951.9,2782.9,2782.9,333.3,0.119767,1,p:1.1.4.1.2.2
U3091,125,FUSE1,232221.6,232221.6,235152.5,2930.9,2930.9,333.3,0.113719,1,p:2.1.5.1.2.2
U3092,125,FUSE1,232272.8,232272.8,235137.3,2864.5,2864.5,333.3,0.116355,1,p:1.1.3.1.2.2
U3093,125,FUSE1,232383.6,232383.6,235114.3,2730.7,2730.7,333.3,0.122057,1,p:2.1.1.2.2.2
U3094,125,FUSE2,232460.2,232460.2,235189.9,2729.7,2729.7,365.7,0.133971,1,p:1.1.2.1.2.2
U3095,125,FUSE2,232507.0,232507.0,235289.9,2782.9,2782.9,365.7,0.13141,1,p:2.1.4.1.2.2
U3096,125,FUSE2,232559.6,232559.6,235490.5,2930.9,2930.9,365.7,0.124774,1,p:1.1.5.1.2.2
U3097,125,FUSE2,232610.8,232610.8,235475.3,2864.5,2864.5,365.7,0.127666,1,p:2.1.3.1.2.2
U3098,125,FUSE2,232721.6,232721.6,235452.3,2730.7,2730.7,365.7,0.133922,1,p:1.1.1.2.2.2
U3099,125,FUSE2,232798.2,232798.2,235527.9,2729.7,2729.7,365.7,0.133971,1,p:2.1.2.1.2.2
U3100,125,FUSE2,232845.0,232845.0,235627.9,2782.9,2782.9,365.7,0.13141,1,p:1.1.4.1.2.2
U8221,329,FUSE0,232854.4,232854.4,235734.1,2879.7,2879.7,271.3,0.094211,1,p:2.1.5.1.2.2
U8222,329,FUSE0,232897.6,232897.6,235718.9,2821.3,2821.3,271.3,0.096161,1,p:1.1.3.1.2.2
U8223,329,FUSE0,232965.2,232965.2,235695.9,2730.7,2730.7,271.3,0.099352,1,p:2.1.1.2.2.2
U8224,329,FUSE0,233041.8,233041.8,235771.5,2729.7,2729.7,271.3,0.099388,1,p:1.1.2.1.2.2
U8225,329,FUSE0,233088.6,233088.6,235871.5,2782.9,2782.9,271.3,0.097488,1,p:2.1.4.1.2.2
U8226,329,FUSE0,233098.0,233098.0,235977.7,2879.7,2879.7,271.3,0.094211,1,p:1.2.5.1.2.2
U8227,329,FUSE0,233141.2,233141.2,235962.5,2821.3,2821.3,271.3,0.096161,1,p:2.1.3.1.2.2
U8228,329,FUSE1,233208.8,233208.8,236001.5,2792.7,2792.7,333.3,0.119347,1,p:1.1.1.1.2.2
U8229,329,FUSE1,233332.2,233332.2,236177.1,2844.9,2844.9,333.3,0.117157,1,p:2.1.4.1.2.2
U8230,329,FUSE1,233347.4,233347.4,236077.1,2729.7,2729.7,333.3,0.122101,1,p:1.1.2.1.2.2
U8231,329,FUSE1,233403.6,233403.6,236283.3,2879.7,2879.7,333.3,0.115741,1,p:2.1.5.1.2.2
U8232,329,FUSE1,233446.8,233446.8,236268.1,2821.3,2821.3,333.3,0.118137,1,p:1.1.3.1.2.2
U8233,329,FUSE1,233514.4,233514.4,236307.1,2792.7,2792.7,333.3,0.119347,1,p:2.1.1.1.2.2
U8234,329,FUSE1,233637.8,233637.8,236382.7,2744.9,2744.9,333.3,0.121425,1,p:1.1.2.1.2.2
U8235,329,FUSE1,233653.0,233653.0,236482.7,2829.7,2829.7,333.3,0.117786,1,p:2.1.4.1.2.2
U8236,329,FUSE2,233709.2,233709.2,236621.3,2912.1,2912.1,365.7,0.125579,1,p:1.1.5.1.2.2
U8237,329,FUSE2,233752.4,233752.4,236606.1,2853.7,2853.7,365.7,0.128149,1,p:2.1.3.1.2.2
U8238,329,FUSE2,233852.4,233852.4,236645.1,2792.7,2792.7,365.7,0.130949,1,p:1.1.1.1.2.2
U8239,329,FUSE2,233975.8,233975.8,236820.7,2844.9,2844.9,365.7,0.128546,1,p:2.1.4.1.2.2
U8240,329,FUSE2,233991.0,233991.0,236720.7,2729.7,2729.7,365.7,0.133971,1,p:1.1.2.1.2.2
U8241,329,FUSE2,234047.2,234047.2,236959.3,2912.1,2912.1,365.7,0.125579,1,p:2.1.5.1.2.2
U8242,329,FUSE2,234090.4,234090.4,236944.1,2853.7,2853.7,365.7,0.128149,1,p:1.1.3.1.2.2
U8243,329,FUSE2,234190.4,234190.4,236983.1,2792.7,2792.7,365.7,0.130949,1,p:2.1.1.1.2.2
U8268,331,FUSE0,234290.8,234290.8,236964.3,2673.5,2673.5,271.3,0.101477,1,p:1.1.2.1.2.2
U8269,331,FUSE0,234313.8,234313.8,237202.9,2889.1,2889.1,271.3,0.093905,1,p:2.1.5.1.2.2
U8270,331,FUSE0,234329.0,234329.0,237064.3,2735.3,2735.3,271.3,0.099185,1,p:1.1.4.1.2.2
U8271,331,FUSE0,234334.0,234334.0,237187.7,2853.7,2853.7,271.3,0.09507,1,p:2.1.3.1.2.2
U8272,331,FUSE0,234434.0,234434.0,237207.9,2773.9,2773.9,271.3,0.097805,1,p:1.1.2.1.2.2
U8273,331,FUSE0,234534.4,234534.4,237226.7,2692.3,2692.3,271.3,0.100769,1,p:2.1.1.1.2.2
U8274,331,FUSE0,234557.4,234557.4,237307.9,2750.5,2750.5,271.3,0.098637,1,p:1.1.4.1.2.2
U8275,331,FUSE0,234572.6,234572.6,237446.5,2873.9,2873.9,271.3,0.094401,1,p:2.1.5.1.2.2
U8276,331,FUSE1,234577.6,234577.6,237493.3,2915.7,2915.7,333.3,0.114312,1,p:1.2.3.1.2.2
U8277,331,FUSE1,234677.6,234677.6,237513.5,2835.9,2835.9,333.3,0.117529,1,p:2.1.2.1.2.2
U8278,331,FUSE1,234840.0,234840.0,237532.3,2692.3,2692.3,333.3,0.123797,1,p:1.1.1.1.2.2
U8279,331,FUSE1,234863.0,234863.0,237752.1,2889.1,2889.1,333.3,0.115365,1,p:2.1.5.1.2.2
U8280,331,FUSE1,234878.2,234878.2,237613.5,2735.3,2735.3,333.3,0.121851,1,p:1.1.4.1.2.2
U8281,331,FUSE1,234883.2,234883.2,237798.9,2915.7,2915.7,333.3,0.114312,1,p:2.1.3.1.2.2
U8282,331,FUSE1,234983.2,234983.2,237819.1,2835.9,2835.9,333.3,0.117529,1,p:1.1.2.1.2.2
U8283,331,FUSE1,235145.6,235145.6,237837.9,2692.3,2692.3,333.3,0.123797,1,p:2.1.1.1.2.2
U8284,331,FUSE2,235168.6,235168.6,237951.5,2782.9,2782.9,365.7,0.13141,1,p:1.1.4.1.2.2
U8285,331,FUSE2,235183.8,235183.8,238090.1,2906.3,2906.3,365.7,0.12583,1,p:2.1.5.1.2.2
U8286,331,FUSE2,235221.2,235221.2,238136.9,2915.7,2915.7,365.7,0.125424,1,p:1.1.3.1.2.2
U8287,331,FUSE2,235321.2,235321.2,238157.1,2835.9,2835.9,365.7,0.128954,1,p:2.1.2.1.2.2
U8288,331,FUSE2,235483.6,235483.6,238175.9,2692.3,2692.3,365.7,0.135832,1,p:1.1.1.1.2.2
U8289,331,FUSE2,235506.6,235506.6,238428.1,2921.5,2921.5,365.7,0.125175,1,p:2.1.5.1.2.2
U8290,331,FUSE2,235521.8,235521.8,238289.5,2767.7,2767.7,365.7,0.132131,1,p:1.1.4.1.2.2
U057,3,FUSE0,235559.2,235559.2,238380.5,2821.3,2821.3,271.3,0.096161,1,p:2.1.3.1.2.2
U058,3,FUSE0,235659.2,235659.2,238440.7,2781.5,2781.5,271.3,0.097537,1,p:1.1.2.2.1.2
U059,3,FUSE0,235727.2,235727.2,238419.5,2692.3,2692.3,271.3,0.100769,1,p:2.1.1.1.2.2
U060,3,FUSE0,235750.2,235750.2,238533.1,2782.9,2782.9,271.3,0.097488,1,p:1.1.4.1.2.2
U061,3,FUSE0,235765.4,235765.4,238624.1,2858.7,2858.7,271.3,0.094903,1,p:2.1.3.1.2.2
U062,3,FUSE0,235802.8,235802.8,238671.7,2868.9,2868.9,271.3,0.094566,1,p:1.1.5.1.2.2
U063,3,FUSE0,235902.8,235902.8,238684.3,2781.5,2781.5,271.3,0.097537,1,p:2.1.2.2.1.2
U064,3,FUSE0,235993.8,235993.8,238663.1,2669.3,2669.3,271.3,0.101637,1,p:1.1.1.1.2.2
U065,3,FUSE1,236009.0,236009.0,238838.7,2829.7,2829.7,333.3,0.117786,1,p:2.1.4.1.2.2
U066,3,FUSE1,236032.8,236032.8,238929.7,2896.9,2896.9,333.3,0.115054,1,p:1.1.3.1.2.2
U067,3,FUSE1,236108.4,236108.4,238977.3,2868.9,2868.9,333.3,0.116177,1,p:2.1.5.1.2.2
U068,3,FUSE1,236208.4,236208.4,238989.9,2781.5,2781.5,333.3,0.119827,1,p:1.1.2.2.1.2
U069,3,FUSE1,236299.4,236299.4,239144.3,2844.9,2844.9,333.3,0.117157,1,p:2.1.4.1.2.2
U070,3,FUSE1,236314.6,236314.6,238968.7,2654.1,2654.1,333.3,0.125579,1,p:1.1.1.1.2.2
U071,3,FUSE1,236338.4,236338.4,239235.3,2896.9,2896.9,333.3,0.115054,1,p:2.1.3.1.2.2
U072,3,FUSE1,236414.0,236414.0,239282.9,2868.9,2868.9,333.3,0.116177,1,p:1.1.5.1.2.2
U073,3,FUSE2,236514.0,236514.0,239287.9,2773.9,2773.9,365.7,0.131836,1,p:2.1.2.1.2.2
U074,3,FUSE2,236637.4,236637.4,239306.7,2669.3,2669.3,365.7,0.137002,1,p:1.1.1.1.2.2
U075,3,FUSE2,236652.6,236652.6,239482.3,2829.7,2829.7,365.7,0.129236,1,p:2.1.4.1.2.2
U076,3,FUSE2,236676.4,236676.4,239573.3,2896.9,2896.9,365.7,0.126238,1,p:1.1.3.1.2.2
U077,3,FUSE2,236752.0,236752.0,239620.9,2868.9,2868.9,365.7,0.12747,1,p:2.1.5.1.2.2
U078,3,FUSE2,236852.0,236852.0,239625.9,2773.9,2773.9,365.7,0.131836,1,p:1.1.2.1.2.2
U079,3,FUSE2,236975.4,236975.4,239821.5,2846.1,2846.1,365.7,0.128492,1,p:2.1.4.1.2.2
U080,3,FUSE2,236990.6,236990.6,239644.7,2654.1,2654.1,365.7,0.137787,1,p:1.1.1.1.2.2
U081,3,FUSE2,236995.6,236995.6,239958.9,2963.3,2963.3,365.7,0.12341,1,p:2.1.5.1.2.2
U4182,169,FUSE0,237014.4,237014.4,239816.9,2802.5,2802.5,271.3,0.096806,1,p:1.1.3.1.2.2
U4183,169,FUSE0,237095.6,237095.6,239869.5,2773.9,2773.9,271.3,0.097805,1,p:2.1.2.1.2.2
U4184,169,FUSE0,237219.0,237219.0,239888.3,2669.3,2669.3,271.3,0.101637,1,p:1.1.1.2.2.2
U4185,169,FUSE0,237234.2,237234.2,240065.1,2830.9,2830.9,271.3,0.095835,1,p:2.1.4.1.2.2
U4186,169,FUSE0,237239.2,237239.2,240060.5,2821.3,2821.3,271.3,0.096161,1,p:1.2.3.1.2.2
U4187,169,FUSE0,237258.0,237258.0,240113.1,2855.1,2855.1,271.3,0.095023,1,p:2.1.2.1.2.2
U4188,169,FUSE1,237339.2,237339.2,240264.5,2925.3,2925.3,333.3,0.113937,1,p:1.1.5.1.2.2
U4189,169,FUSE1,237477.8,237477.8,240193.9,2716.1,2716.1,333.3,0.122713,1,p:2.1.1.2.2.2
U4190,169,FUSE1,237524.6,237524.6,240370.7,2846.1,2846.1,333.3,0.117108,1,p:1.1.4.1.2.2
U4191,169,FUSE1,237544.8,237544.8,240418.7,2873.9,2873.9,333.3,0.115975,1,p:2.1.2.1.2.2
U4192,169,FUSE1,237563.6,237563.6,240366.1,2802.5,2802.5,333.3,0.11893,1,p:1.1.3.1.2.2
U4193,169,FUSE1,237644.8,237644.8,240570.1,2925.3,2925.3,333.3,0.113937,1,p:2.1.5.1.2.2
U4194,169,FUSE2,237783.4,237783.4,240531.9,2748.5,2748.5,365.7,0.133054,1,p:1.1.1.2.2.2
U4195,169,FUSE2,237830.2,237830.2,240708.7,2878.5,2878.5,365.7,0.127045,1,p:2.1.4.1.2.2
U4196,169,FUSE2,237850.4,237850.4,240704.1,2853.7,2853.7,365.7,0.128149,1,p:1.1.3.1.2.2
U4197,169,FUSE2,237869.2,237869.2,240756.7,2887.5,2887.5,365.7,0.126649,1,p:2.1.2.1.2.2
U4198,169,FUSE2,237982.8,237982.8,240908.1,2925.3,2925.3,365.7,0.125013,1,p:1.1.5.1.2.2
U4199,169,FUSE2,238121.4,238121.4,240869.9,2748.5,2748.5,365.7,0.133054,1,p:2.1.1.2.2.2
U4200,169,FUSE2,238168.2,238168.2,241045.5,2877.3,2877.3,365.7,0.127098,1,p:1.1.4.1.2.2
U478,20,FUSE0,238188.4,238188.4,241000.3,2811.9,2811.9,271.3,0.096483,1,p:2.1.2.1.2.2
U479,20,FUSE0,238207.2,238207.2,240947.7,2740.5,2740.5,271.3,0.098997,1,p:1.1.3.1.2.2
U480,20,FUSE0,238320.8,238320.8,241151.7,2830.9,2830.9,271.3,0.095835,1,p:2.1.5.1.2.2
U481,20,FUSE0,238411.8,238411.8,241113.5,2701.7,2701.7,271.3,0.100418,1,p:1.1.1.2.2.2
U482,20,FUSE0,238450.8,238450.8,241191.3,2740.5,2740.5,271.3,0.098997,1,p:2.1.3.1.2.2
U483,20,FUSE0,238459.4,238459.4,241243.9,2784.5,2784.5,271.3,0.097432,1,p:1.2.2.1.2.2
U484,20,FUSE0,238472.0,238472.0,241289.1,2817.1,2817.1,271.3,0.096305,1,p:2.1.4.1.2.2
U485,20,FUSE0,238564.4,238564.4,241395.3,2830.9,2830.9,271.3,0.095835,1,p:1.1.5.1.2.2
U486,20,FUSE1,238655.4,238655.4,241419.1,2763.7,2763.7,333.3,0.120599,1,p:2.1.1.1.2.2
U487,20,FUSE1,238694.4,238694.4,241496.9,2802.5,2802.5,333.3,0.11893,1,p:1.1.3.1.2.2
U488,20,FUSE1,238703.0,238703.0,241594.7,2891.7,2891.7,333.3,0.115261,1,p:2.1.4.1.2.2
U489,20,FUSE1,238715.6,238715.6,241549.5,2833.9,2833.9,333.3,0.117612,1,p:1.1.2.1.2.2
U490,20,FUSE1,238870.0,238870.0,241700.9,2830.9,2830.9,333.3,0.117736,1,p:2.1.5.1.2.2
U491,20,FUSE1,238961.0,238961.0,241724.7,2763.7,2763.7,333.3,0.120599,1,p:1.1.1.1.2.2
U492,20,FUSE1,239000.0,239000.0,241802.5,2802.5,2802.5,333.3,0.11893,1,p:2.1.3.1.2.2
U493,20,FUSE1,239008.6,239008.6,241855.1,2846.5,2846.5,333.3,0.117091,1,p:1.2.2.1.2.2
U494,20,FUSE2,239021.2,239021.2,241932.7,2911.5,2911.5,365.7,0.125605,1,p:2.1.4.1.2.2
U495,20,FUSE2,239175.6,239175.6,242038.9,2863.3,2863.3,365.7,0.12772,1,p:1.1.5.1.2.2
U496,20,FUSE2,239266.6,239266.6,242062.7,2796.1,2796.1,365.7,0.130789,1,p:2.1.1.1.2.2
U497,20,FUSE2,239314.2,239314.2,242140.5,2826.3,2826.3,365.7,0.129392,1,p:1.1.3.1.2.2
U498,20,FUSE2,239319.2,239319.2,242270.7,2951.5,2951.5,365.7,0.123903,1,p:2.1.4.1.2.2
U499,20,FUSE2,239338.0,239338.0,242193.1,2855.1,2855.1,365.7,0.128087,1,p:1.1.2.1.2.2
U500,20,FUSE2,239513.6,239513.6,242376.9,2863.3,2863.3,365.7,0.12772,1,p:2.1.5.1.2.2
U501,20,FUSE2,239604.6,239604.6,242400.7,2796.1,2796.1,365.7,0.130789,1,p:1.1.1.1.2.2
U5929,238,FUSE0,239652.2,239652.2,242384.1,2731.9,2731.9,271.3,0.099308,1,p:2.1.3.1.2.2
U5930,238,FUSE0,239657.2,239657.2,242436.7,2779.5,2779.5,271.3,0.097607,1,p:1.2.2.1.2.2
U5931,238,FUSE0,239676.0,239676.0,242514.3,2838.3,2838.3,271.3,0.095585,1,p:2.1.4.1.2.2
U5932,238,FUSE0,239848.2,239848.2,242620.5,2772.3,2772.3,271.3,0.097861,1,p:1.1.5.1.2.2
U5933,238,FUSE0,239852.8,239852.8,242627.7,2774.9,2774.9,271.3,0.097769,1,p:2.1.3.1.2.2
U5934,238,FUSE0,239900.8,239900.8,242644.3,2743.5,2743.5,271.3,0.098888,1,p:1.1.1.1.2.2
U5935,238,FUSE0,239919.6,239919.6,242680.3,2760.7,2760.7,271.3,0.098272,1,p:2.1.2.1.2.2
U5936,238,FUSE0,239990.2,239990.2,242757.9,2767.7,2767.7,271.3,0.098024,1,p:1.1.4.1.2.2
U5937,238,FUSE1,240091.8,240091.8,242926.1,2834.3,2834.3,333.3,0.117595,1,p:2.1.5.1.2.2
U5938,238,FUSE1,240096.4,240096.4,242933.3,2836.9,2836.9,333.3,0.117487,1,p:1.2.3.1.2.2
U5939,238,FUSE1,240144.4,240144.4,242949.9,2805.5,2805.5,333.3,0.118802,1,p:2.1.1.1.2.2
U5940,238,FUSE1,240225.2,240225.2,242985.9,2760.7,2760.7,333.3,0.12073,1,p:1.1.2.1.2.2
U5941,238,FUSE1,240295.8,240295.8,243063.5,2767.7,2767.7,333.3,0.120425,1,p:2.1.4.1.2.2
U5942,238,FUSE1,240397.4,240397.4,243231.7,2834.3,2834.3,333.3,0.117595,1,p:1.1.5.1.2.2
U5943,238,FUSE1,240402.0,240402.0,243238.9,2836.9,2836.9,333.3,0.117487,1,p:2.1.3.1.2.2
U5944,238,FUSE1,240450.0,240450.0,243255.5,2805.5,2805.5,333.3,0.118802,1,p:1.1.1.1.2.2
U5945,238,FUSE2,240563.2,240563.2,243323.9,2760.7,2760.7,365.7,0.132466,1,p:2.1.2.1.2.2
U5946,238,FUSE2,240601.4,240601.4,243401.5,2800.1,2800.1,365.7,0.130602,1,p:1.1.4.1.2.2
U5947,238,FUSE2,240735.4,240735.4,243569.7,2834.3,2834.3,365.7,0.129027,1,p:2.1.5.1.2.2
U5948,238,FUSE2,240740.0,240740.0,243576.9,2836.9,2836.9,365.7,0.128908,1,p:1.2.3.1.2.2
U5949,238,FUSE2,240788.0,240788.0,243593.5,2805.5,2805.5,365.7,0.130351,1,p:2.1.1.1.2.2
U5950,238,FUSE2,240901.2,240901.2,243661.9,2760.7,2760.7,365.7,0.132466,1,p:1.1.2.1.2.2
U5951,238,FUSE2,240939.4,240939.4,243739.5,2800.1,2800.1,365.7,0.130602,1,p:2.1.4.1.2.2
U5952,238,FUSE2,240979.0,240979.0,243910.1,2931.1,2931.1,365.7,0.124765,1,p:1.1.5.1.2.2
U4229,171,FUSE0,241031.6,241031.6,243820.5,2788.9,2788.9,271.3,0.097278,1,p:2.1.3.1.2.2
U4230,171,FUSE0,241076.8,241076.8,243837.1,2760.3,2760.3,271.3,0.098286,1,p:1.1.1.2.2.2
U4231,171,FUSE0,241144.8,241144.8,243905.5,2760.7,2760.7,271.3,0.098272,1,p:2.1.2.1.2.2
U4232,171,FUSE0,241183.0,241183.0,243983.1,2800.1,2800.1,271.3,0.096889,1,p:1.1.4.1.2.2
U4233,171,FUSE0,241222.6,241222.6,244064.1,2841.5,2841.5,271.3,0.095478,1,p:2.1.3.1.2.2
U4234,171,FUSE0,241275.2,241275.2,244153.7,2878.5,2878.5,271.3,0.09425,1,p:1.1.5.1.2.2
U4235,171,FUSE0,241320.4,241320.4,244080.7,2760.3,2760.3,271.3,0.098286,1,p:2.1.1.2.2.2
U4236,171,FUSE0,241426.6,241426.6,244149.1,2722.5,2722.5,271.3,0.099651,1,p:1.1.2.1.2.2
U4237,171,FUSE0,241450.4,241450.4,244226.7,2776.3,2776.3,271.3,0.09772,1,p:2.1.4.1.2.2
U4238,171,FUSE0,241528.2,241528.2,244307.7,2779.5,2779.5,271.3,0.097607,1,p:1.1.3.1.2.2
U4239,171,FUSE1,241580.8,241580.8,244459.3,2878.5,2878.5,333.3,0.115789,1,p:2.1.5.1.2.2
U4240,171,FUSE1,241626.0,241626.0,244386.3,2760.3,2760.3,333.3,0.120748,1,p:1.1.1.2.2.2
U4241,171,FUSE1,241732.2,241732.2,244454.7,2722.5,2722.5,333.3,0.122424,1,p:2.1.2.1.2.2
U4242,171,FUSE1,241756.0,241756.0,244532.3,2776.3,2776.3,333.3,0.120052,1,p:1.1.4.1.2.2
U4243,171,FUSE1,241833.8,241833.8,244613.3,2779.5,2779.5,333.3,0.119914,1,p:2.1.3.1.2.2
U4244,171,FUSE1,241886.4,241886.4,244764.9,2878.5,2878.5,333.3,0.115789,1,p:1.1.5.1.2.2
U4245,171,FUSE1,241964.0,241964.0,244691.9,2727.9,2727.9,333.3,0.122182,1,p:2.1.1.2.2.2
U4246,171,FUSE1,242070.2,242070.2,244760.3,2690.1,2690.1,333.3,0.123899,1,p:1.1.2.1.2.2
U4247,171,FUSE1,242094.0,242094.0,244837.9,2743.9,2743.9,333.3,0.121469,1,p:2.1.4.1.2.2
U4248,171,FUSE1,242171.8,242171.8,244918.9,2747.1,2747.1,333.3,0.121328,1,p:1.1.3.1.2.2
U4249,171,FUSE2,242224.4,242224.4,245102.9,2878.5,2878.5,365.7,0.127045,1,p:2.1.5.1.2.2
U4250,171,FUSE2,242302.0,242302.0,245029.9,2727.9,2727.9,365.7,0.134059,1,p:1.1.1.2.2.2
U4251,171,FUSE2,242408.2,242408.2,245098.3,2690.1,2690.1,365.7,0.135943,1,p:2.1.2.1.2.2
U4252,171,FUSE2,242415.4,242415.4,245175.9,2760.5,2760.5,365.7,0.132476,1,p:1.2.4.1.2.2
U4253,171,FUSE2,242432.0,242432.0,245256.9,2824.9,2824.9,365.7,0.129456,1,p:2.1.3.1.2.2
U4254,171,FUSE2,242468.0,242468.0,245440.9,2972.9,2972.9,365.7,0.123011,1,p:1.1.5.1.2.2
U4255,171,FUSE2,242545.6,242545.6,245367.9,2822.3,2822.3,365.7,0.129575,1,p:2.1.1.2.2.2
U4256,171,FUSE2,242651.8,242651.8,245436.3,2784.5,2784.5,365.7,0.131334,1,p:1.1.2.1.2.2
U4257,171,FUSE2,242659.0,242659.0,245594.9,2935.9,2935.9,365.7,0.124561,1,p:2.1.3.1.2.2
U4258,171,FUSE2,242675.6,242675.6,245513.9,2838.3,2838.3,365.7,0.128845,1,p:1.1.4.1.2.2
U5681,228,FUSE0,242711.6,242711.6,245684.5,2972.9,2972.9,271.3,0.091258,1,p:2.1.5.1.2.2
U5682,228,FUSE0,242789.2,242789.2,245611.5,2822.3,2822.3,271.3,0.096127,1,p:1.1.1.2.2.2
U5683,228,FUSE0,242957.4,242957.4,245679.9,2722.5,2722.5,271.3,0.099651,1,p:2.1.2.1.2.2
U5684,228,FUSE0,242964.6,242964.6,245757.5,2792.9,2792.9,271.3,0.097139,1,p:1.2.4.1.2.2
U5685,228,FUSE0,242981.2,242981.2,245838.5,2857.3,2857.3,271.3,0.09495,1,p:2.1.3.1.2.2
U5686,228,FUSE0,243017.2,243017.2,245928.1,2910.9,2910.9,271.3,0.093201,1,p:1.1.5.1.2.2
U5687,228,FUSE0,243094.8,243094.8,245855.1,2760.3,2760.3,271.3,0.098286,1,p:2.1.1.2.2.2
U5688,228,FUSE0,243263.0,243263.0,245923.5,2660.5,2660.5,271.3,0.101973,1,p:1.1.2.1.2.2
U5689,228,FUSE0,243270.2,243270.2,246082.1,2811.9,2811.9,271.3,0.096483,1,p:2.1.3.1.2.2
U5690,228,FUSE1,243286.8,243286.8,246063.1,2776.3,2776.3,333.3,0.120052,1,p:1.1.4.1.2.2
U5691,228,FUSE1,243355.2,243355.2,246233.7,2878.5,2878.5,333.3,0.115789,1,p:2.1.5.1.2.2
U5692,228,FUSE1,243432.8,243432.8,246160.7,2727.9,2727.9,333.3,0.122182,1,p:1.1.1.2.2.2
U5693,228,FUSE1,243601.0,243601.0,246229.1,2628.1,2628.1,333.3,0.126822,1,p:2.1.2.1.2.2
U5694,228,FUSE1,243608.2,243608.2,246368.7,2760.5,2760.5,333.3,0.120739,1,p:1.2.4.1.2.2
U5695,228,FUSE1,243624.8,243624.8,246387.7,2762.9,2762.9,333.3,0.120634,1,p:2.1.3.1.2.2
U5696,228,FUSE1,243693.2,243693.2,246539.3,2846.1,2846.1,333.3,0.117108,1,p:1.1.5.1.2.2
U5697,228,FUSE1,243770.8,243770.8,246466.3,2695.5,2695.5,333.3,0.123651,1,p:2.1.1.2.2.2
U5698,228,FUSE1,243851.8,243851.8,246534.7,2682.9,2682.9,333.3,0.124231,1,p:1.1.2.1.2.2
U5699,228,FUSE2,243868.4,243868.4,246706.7,2838.3,2838.3,365.7,0.128845,1,p:2.1.4.1.2.2
U5700,228,FUSE2,243936.8,243936.8,246725.7,2788.9,2788.9,365.7,0.131127,1,p:1.1.3.1.2.2
U5701,228,FUSE2,243941.4,243941.4,246877.3,2935.9,2935.9,365.7,0.124561,1,p:2.1.5.1.2.2
U5702,228,FUSE2,244014.4,244014.4,246804.3,2789.9,2789.9,365.7,0.13108,1,p:1.1.1.2.2.2
U5703,228,FUSE2,244095.4,244095.4,247044.7,2949.3,2949.3,365.7,0.123996,1,p:2.1.4.1.2.2
U5704,228,FUSE2,244112.0,244112.0,246872.7,2760.7,2760.7,365.7,0.132466,1,p:1.1.2.1.2.2
U5705,228,FUSE2,244180.4,244180.4,247063.7,2883.3,2883.3,365.7,0.126834,1,p:2.1.3.1.2.2
U5706,228,FUSE2,244185.0,244185.0,247215.3,3030.3,3030.3,365.7,0.120681,1,p:1.2.5.1.2.2
U5707,228,FUSE2,244258.0,244258.0,247142.3,2884.3,2884.3,365.7,0.12679,1,p:2.1.1.2.2.2
U5708,228,FUSE2,244339.0,244339.0,247210.7,2871.7,2871.7,365.7,0.127346,1,p:1.1.2.1.2.2
U8317,333,FUSE0,244417.6,244417.6,247288.3,2870.7,2870.7,271.3,0.094507,1,p:2.1.4.1.2.2
U8318,333,FUSE0,244486.0,244486.0,247307.3,2821.3,2821.3,271.3,0.096161,1,p:1.1.3.1.2.2
U8319,333,FUSE0,244490.6,244490.6,247458.9,2968.3,2968.3,271.3,0.091399,1,p:2.1.5.1.2.2
U8320,333,FUSE0,244563.6,244563.6,247385.9,2822.3,2822.3,271.3,0.096127,1,p:1.1.1.2.2.2
U8321,333,FUSE0,244644.6,244644.6,247454.3,2809.7,2809.7,271.3,0.096558,1,p:2.1.2.1.2.2
U8322,333,FUSE0,244723.2,244723.2,247531.9,2808.7,2808.7,271.3,0.096593,1,p:1.1.4.1.2.2
U8323,333,FUSE0,244791.6,244791.6,247550.9,2759.3,2759.3,271.3,0.098322,1,p:2.1.3.1.2.2
U8324,333,FUSE0,244796.2,244796.2,247700.1,2903.9,2903.9,271.3,0.093426,1,p:1.2.5.1.2.2
U8325,333,FUSE0,244869.2,244869.2,247629.5,2760.3,2760.3,271.3,0.098286,1,p:2.1.1.2.2.2
U8326,333,FUSE1,244950.2,244950.2,247759.9,2809.7,2809.7,333.3,0.118625,1,p:1.1.2.1.2.2
U8327,333,FUSE1,245061.2,245061.2,247837.5,2776.3,2776.3,333.3,0.120052,1,p:2.1.4.1.2.2
U8328,333,FUSE1,245129.6,245129.6,247856.5,2726.9,2726.9,333.3,0.122227,1,p:1.1.3.1.2.2
U8329,333,FUSE1,245134.2,245134.2,248005.7,2871.5,2871.5,333.3,0.116072,1,p:2.1.5.1.2.2
U8330,333,FUSE1,245207.2,245207.2,247935.1,2727.9,2727.9,333.3,0.122182,1,p:1.1.1.2.2.2
U8331,333,FUSE1,245288.2,245288.2,248065.5,2777.3,2777.3,333.3,0.120009,1,p:2.1.2.1.2.2
U8332,333,FUSE1,245399.2,245399.2,248143.1,2743.9,2743.9,333.3,0.121469,1,p:1.1.4.1.2.2
U8333,333,FUSE1,245467.6,245467.6,248162.1,2694.5,2694.5,333.3,0.123696,1,p:2.1.3.1.2.2
U8334,333,FUSE1,245472.2,245472.2,248311.3,2839.1,2839.1,333.3,0.117396,1,p:1.2.5.1.2.2
U8335,333,FUSE2,245545.2,245545.2,248273.1,2727.9,2727.9,365.7,0.134059,1,p:2.1.1.2.2.2
U8336,333,FUSE2,245626.2,245626.2,248403.5,2777.3,2777.3,365.7,0.131675,1,p:1.1.2.1.2.2
U8337,333,FUSE2,245642.8,245642.8,248481.1,2838.3,2838.3,365.7,0.128845,1,p:2.1.4.1.2.2
U8338,333,FUSE2,245711.2,245711.2,248500.1,2788.9,2788.9,365.7,0.131127,1,p:1.1.3.1.2.2
U8339,333,FUSE2,245715.8,245715.8,248649.3,2933.5,2933.5,365.7,0.124663,1,p:2.1.5.1.2.2
U8340,333,FUSE2,245788.8,245788.8,248611.1,2822.3,2822.3,365.7,0.129575,1,p:1.1.1.2.2.2
U8341,333,FUSE2,245869.8,245869.8,248819.1,2949.3,2949.3,365.7,0.123996,1,p:2.1.4.1.2.2
U8342,333,FUSE2,245886.4,245886.4,248741.5,2855.1,2855.1,365.7,0.128087,1,p:1.1.2.1.2.2
U2064,84,FUSE0,245954.8,245954.8,248746.1,2791.3,2791.3,271.3,0.097195,1,p:2.1.3.1.2.2
U2065,84,FUSE0,245959.4,245959.4,248892.9,2933.5,2933.5,271.3,0.092483,1,p:1.2.5.1.2.2
U2066,84,FUSE0,246094.4,246094.4,248989.7,2895.3,2895.3,271.3,0.093704,1,p:2.1.3.1.2.2
U2067,84,FUSE0,246113.4,246113.4,248854.7,2741.3,2741.3,271.3,0.098968,1,p:1.1.1.2.2.2
U2068,84,FUSE0,246192.0,246192.0,248985.1,2793.1,2793.1,271.3,0.097132,1,p:2.1.2.1.2.2
U2069,84,FUSE0,246260.4,246260.4,249062.7,2802.3,2802.3,271.3,0.096813,1,p:1.1.4.1.2.2
U2070,84,FUSE0,246265.0,246265.0,249136.5,2871.5,2871.5,271.3,0.09448,1,p:2.1.5.1.2.2
U2071,84,FUSE1,246400.0,246400.0,249160.3,2760.3,2760.3,333.3,0.120748,1,p:1.1.1.1.2.2
U2072,84,FUSE1,246419.0,246419.0,249295.3,2876.3,2876.3,333.3,0.115878,1,p:2.1.3.1.2.2
U2073,84,FUSE1,246497.6,246497.6,249290.7,2793.1,2793.1,333.3,0.11933,1,p:1.1.2.1.2.2
U2074,84,FUSE1,246566.0,246566.0,249368.3,2802.3,2802.3,333.3,0.118938,1,p:2.1.4.1.2.2
U2075,84,FUSE1,246570.6,246570.6,249442.1,2871.5,2871.5,333.3,0.116072,1,p:1.2.5.1.2.2
U2076,84,FUSE1,246738.0,246738.0,249598.5,2860.5,2860.5,333.3,0.116518,1,p:2.1.3.1.2.2
U2077,84,FUSE1,246757.0,246757.0,249465.9,2708.9,2708.9,333.3,0.123039,1,p:1.1.1.1.2.2
U2078,84,FUSE2,246835.6,246835.6,249628.7,2793.1,2793.1,365.7,0.13093,1,p:2.1.2.1.2.2
U2079,84,FUSE2,246904.0,246904.0,249706.3,2802.3,2802.3,365.7,0.1305,1,p:1.1.4.1.2.2
U2080,84,FUSE2,246908.6,246908.6,249780.1,2871.5,2871.5,365.7,0.127355,1,p:2.1.5.1.2.2
U2081,84,FUSE2,247076.0,247076.0,249803.9,2727.9,2727.9,365.7,0.134059,1,p:1.1.1.1.2.2
U2082,84,FUSE2,247095.0,247095.0,249936.5,2841.5,2841.5,365.7,0.1287,1,p:2.1.3.1.2.2
U2083,84,FUSE2,247173.6,247173.6,249966.7,2793.1,2793.1,365.7,0.13093,1,p:1.1.2.2.2.2
U2084,84,FUSE2,247242.0,247242.0,250044.3,2802.3,2802.3,365.7,0.1305,1,p:2.1.4.1.2.2
U6699,269,FUSE0,247246.6,247246.6,250023.7,2777.1,2777.1,271.3,0.097692,1,p:1.2.5.1.2.2
U6700,269,FUSE0,247319.6,247319.6,250180.1,2860.5,2860.5,271.3,0.094844,1,p:2.1.3.1.2.2
U6701,269,FUSE0,247338.6,247338.6,250048.9,2710.3,2710.3,271.3,0.1001,1,p:1.1.1.1.2.2
U6702,269,FUSE0,247417.2,247417.2,250267.3,2850.1,2850.1,271.3,0.09519,1,p:2.1.5.1.2.2
U6703,269,FUSE0,247485.6,247485.6,250210.3,2724.7,2724.7,271.3,0.099571,1,p:1.1.2.2.2.2
U6704,269,FUSE0,247490.2,247490.2,250287.9,2797.7,2797.7,271.3,0.096973,1,p:2.1.4.1.2.2
U6705,269,FUSE0,247563.2,247563.2,250292.5,2729.3,2729.3,271.3,0.099403,1,p:1.1.1.1.2.2
U6706,269,FUSE0,247582.2,247582.2,250423.7,2841.5,2841.5,271.3,0.095478,1,p:2.1.3.1.2.2
U6707,269,FUSE0,247660.8,247660.8,250510.9,2850.1,2850.1,271.3,0.09519,1,p:1.1.5.1.2.2
U6708,269,FUSE0,247731.4,247731.4,250453.9,2722.5,2722.5,271.3,0.099651,1,p:2.1.2.2.2.2
U6709,269,FUSE1,247791.2,247791.2,250593.5,2802.3,2802.3,333.3,0.118938,1,p:1.1.4.1.2.2
U6710,269,FUSE1,247868.8,247868.8,250729.3,2860.5,2860.5,333.3,0.116518,1,p:2.1.3.1.2.2
U6711,269,FUSE1,247887.8,247887.8,250598.1,2710.3,2710.3,333.3,0.122975,1,p:1.1.1.1.2.2
U6712,269,FUSE1,247966.4,247966.4,250816.5,2850.1,2850.1,333.3,0.116943,1,p:2.1.5.1.2.2
U6713,269,FUSE1,248037.0,248037.0,250759.5,2722.5,2722.5,333.3,0.122424,1,p:1.1.2.2.2.2
U6714,269,FUSE1,248096.8,248096.8,250899.1,2802.3,2802.3,333.3,0.118938,1,p:2.1.4.1.2.2
U6715,269,FUSE1,248174.4,248174.4,250903.7,2729.3,2729.3,333.3,0.122119,1,p:1.1.1.1.2.2
U6716,269,FUSE1,248193.4,248193.4,251034.9,2841.5,2841.5,333.3,0.117297,1,p:2.1.3.1.2.2
U6717,269,FUSE1,248304.4,248304.4,251122.1,2817.7,2817.7,333.3,0.118288,1,p:1.1.5.1.2.2
U6718,269,FUSE2,248342.6,248342.6,251097.5,2754.9,2754.9,365.7,0.132745,1,p:2.1.2.2.2.2
U6719,269,FUSE2,248434.8,248434.8,251237.1,2802.3,2802.3,365.7,0.1305,1,p:1.1.4.1.2.2
U6720,269,FUSE2,248512.4,248512.4,251372.9,2860.5,2860.5,365.7,0.127845,1,p:2.1.3.1.2.2
U6721,269,FUSE2,248531.4,248531.4,251241.7,2710.3,2710.3,365.7,0.13493,1,p:1.1.1.1.2.2
U6722,269,FUSE2,248642.4,248642.4,251460.1,2817.7,2817.7,365.7,0.129787,1,p:2.1.5.1.2.2
U6723,269,FUSE2,248680.6,248680.6,251435.5,2754.9,2754.9,365.7,0.132745,1,p:1.1.2.2.2.2
U6724,269,FUSE2,248772.8,248772.8,251575.1,2802.3,2802.3,365.7,0.1305,1,p:2.1.4.1.2.2
U6725,269,FUSE2,248777.4,248777.4,251579.7,2802.3,2802.3,365.7,0.1305,1,p:1.2.1.1.2.2
U6726,269,FUSE2,248850.4,248850.4,251710.9,2860.5,2860.5,365.7,0.127845,1,p:2.1.3.1.2.2
U6727,269,FUSE2,248886.0,248886.0,251798.1,2912.1,2912.1,365.7,0.125579,1,p:1.1.5.1.2.2
U837,35,FUSE0,248924.2,248924.2,251679.1,2754.9,2754.9,271.3,0.098479,1,p:2.1.2.1.2.2
U838,35,FUSE0,249016.4,249016.4,251818.7,2802.3,2802.3,271.3,0.096813,1,p:1.1.4.1.2.2
U839,35,FUSE0,249021.0,249021.0,251823.3,2802.3,2802.3,271.3,0.096813,1,p:2.1.1.1.2.2
U840,35,FUSE0,249094.0,249094.0,251922.7,2828.7,2828.7,271.3,0.09591,1,p:1.1.2.1.2.2
U841,35,FUSE0,249167.8,249167.8,251954.5,2786.7,2786.7,271.3,0.097355,1,p:2.1.3.1.2.2
U842,35,FUSE0,249191.6,249191.6,252041.7,2850.1,2850.1,271.3,0.09519,1,p:1.1.5.1.2.2
U843,35,FUSE0,249322.0,249322.0,252062.3,2740.3,2740.3,271.3,0.099004,1,p:2.1.4.1.2.2
U844,35,FUSE0,249326.6,249326.6,252066.9,2740.3,2740.3,271.3,0.099004,1,p:1.2.1.1.2.2
U845,35,FUSE1,249399.6,249399.6,252228.3,2828.7,2828.7,333.3,0.117828,1,p:2.1.2.1.2.2
U846,35,FUSE1,249473.4,249473.4,252260.1,2786.7,2786.7,333.3,0.119604,1,p:1.1.3.1.2.2
U847,35,FUSE1,249497.2,249497.2,252347.3,2850.1,2850.1,333.3,0.116943,1,p:2.1.5.1.2.2
U848,35,FUSE1,249629.8,249629.8,252367.9,2738.1,2738.1,333.3,0.121727,1,p:1.1.4.1.2.2
U849,35,FUSE1,249660.0,249660.0,252372.5,2712.5,2712.5,333.3,0.122876,1,p:2.1.1.1.2.2
U850,35,FUSE1,249737.6,249737.6,252533.9,2796.3,2796.3,333.3,0.119193,1,p:1.1.2.1.2.2
U851,35,FUSE1,249811.4,249811.4,252565.7,2754.3,2754.3,333.3,0.121011,1,p:2.1.3.1.2.2
U852,35,FUSE1,249835.2,249835.2,252652.9,2817.7,2817.7,333.3,0.118288,1,p:1.1.5.1.2.2
U853,35,FUSE2,249967.8,249967.8,252705.9,2738.1,2738.1,365.7,0.13356,1,p:2.1.4.1.2.2
U854,35,FUSE2,249998.0,249998.0,252710.5,2712.5,2712.5,365.7,0.13482,1,p:1.1.1.1.2.2
U855,35,FUSE2,250055.0,250055.0,252871.9,2816.9,2816.9,365.7,0.129824,1,p:2.1.2.1.2.2
U856,35,FUSE2,250075.6,250075.6,252903.7,2828.1,2828.1,365.7,0.129309,1,p:1.1.3.1.2.2
U857,35,FUSE2,250080.2,250080.2,252990.9,2910.7,2910.7,365.7,0.12564,1,p:2.1.5.1.2.2
U858,35,FUSE2,250211.4,250211.4,253043.9,2832.5,2832.5,365.7,0.129109,1,p:1.1.4.1.2.2
U859,35,FUSE2,250241.6,250241.6,253048.5,2806.9,2806.9,365.7,0.130286,1,p:2.1.1.1.2.2
U6927,278,FUSE0,250298.6,250298.6,253115.5,2816.9,2816.9,271.3,0.096312,1,p:1.1.2.1.2.2
U6928,278,FUSE0,250319.2,250319.2,253147.3,2828.1,2828.1,271.3,0.09593,1,p:2.1.3.1.2.2
U6929,278,FUSE0,250323.8,250323.8,253234.5,2910.7,2910.7,271.3,0.093208,1,p:1.2.5.1.2.2
U6930,278,FUSE0,250455.0,250455.0,253287.5,2832.5,2832.5,271.3,0.095781,1,p:2.1.4.1.2.2
U6931,278,FUSE0,250485.2,250485.2,253292.1,2806.9,2806.9,271.3,0.096655,1,p:1.1.1.1.2.2
U6932,278,FUSE0,250542.2,250542.2,253359.1,2816.9,2816.9,271.3,0.096312,1,p:2.1.2.1.2.2
U6933,278,FUSE0,250624.8,250624.8,253390.9,2766.1,2766.1,271.3,0.09808,1,p:1.1.3.1.2.2
U6934,278,FUSE0,250629.4,250629.4,253478.1,2848.7,2848.7,271.3,0.095236,1,p:2.1.5.1.2.2
U6935,278,FUSE1,250760.6,250760.6,253593.1,2832.5,2832.5,333.3,0.11767,1,p:1.1.4.1.2.2
U6936,278,FUSE1,250790.8,250790.8,253597.7,2806.9,2806.9,333.3,0.118743,1,p:2.1.1.1.2.2
U6937,278,FUSE1,250847.8,250847.8,253664.7,2816.9,2816.9,333.3,0.118322,1,p:1.1.2.1.2.2
U6938,278,FUSE1,250930.4,250930.4,253696.5,2766.1,2766.1,333.3,0.120495,1,p:2.1.3.1.2.2
U6939,278,FUSE1,250935.0,250935.0,253783.7,2848.7,2848.7,333.3,0.117001,1,p:1.2.5.1.2.2
U6940,278,FUSE1,251066.2,251066.2,253898.7,2832.5,2832.5,333.3,0.11767,1,p:2.1.4.1.2.2
U6941,278,FUSE1,251128.8,251128.8,253903.3,2774.5,2774.5,333.3,0.12013,1,p:1.1.1.1.2.2
U6942,278,FUSE1,251153.4,251153.4,253970.3,2816.9,2816.9,333.3,0.118322,1,p:2.1.2.1.2.2
U6943,278,FUSE2,251268.4,251268.4,254034.5,2766.1,2766.1,365.7,0.132208,1,p:1.1.3.1.2.2
U6944,278,FUSE2,251273.0,251273.0,254121.7,2848.7,2848.7,365.7,0.128374,1,p:2.1.5.1.2.2
U6945,278,FUSE2,251404.2,251404.2,254236.7,2832.5,2832.5,365.7,0.129109,1,p:1.1.4.1.2.2
U6946,278,FUSE2,251466.8,251466.8,254241.3,2774.5,2774.5,365.7,0.131808,1,p:2.1.1.1.2.2
U6947,278,FUSE2,251491.4,251491.4,254308.3,2816.9,2816.9,365.7,0.129824,1,p:1.1.2.1.2.2
U6948,278,FUSE2,251606.4,251606.4,254372.5,2766.1,2766.1,365.7,0.132208,1,p:2.1.3.1.2.2
U6949,278,FUSE2,251611.0,251611.0,254459.7,2848.7,2848.7,365.7,0.128374,1,p:1.2.5.1.2.2
U6950,278,FUSE2,251710.4,251710.4,254574.7,2864.3,2864.3,365.7,0.127675,1,p:2.1.4.1.2.2
U6951,278,FUSE2,251742.2,251742.2,254579.3,2837.1,2837.1,365.7,0.128899,1,p:1.1.1.2.2.2
U655,28,FUSE0,251829.4,251829.4,254551.9,2722.5,2722.5,271.3,0.099651,1,p:2.1.2.2.2.2
U656,28,FUSE0,251850.0,251850.0,254616.1,2766.1,2766.1,271.3,0.09808,1,p:1.1.3.1.2.2
U657,28,FUSE0,251854.6,251854.6,254703.3,2848.7,2848.7,271.3,0.095236,1,p:2.1.5.1.2.2
U658,28,FUSE0,251954.0,251954.0,254818.3,2864.3,2864.3,271.3,0.094718,1,p:1.1.4.1.2.2
U659,28,FUSE0,251985.8,251985.8,254795.5,2809.7,2809.7,271.3,0.096558,1,p:2.1.2.2.2.2
U660,28,FUSE0,252073.0,252073.0,254859.7,2786.7,2786.7,271.3,0.097355,1,p:1.1.3.1.2.2
U661,28,FUSE0,252093.6,252093.6,254822.9,2729.3,2729.3,271.3,0.099403,1,p:2.1.1.2.2.2
U662,28,FUSE0,252098.2,252098.2,254946.9,2848.7,2848.7,271.3,0.095236,1,p:1.2.5.1.2.2
U663,28,FUSE0,252259.6,252259.6,255061.9,2802.3,2802.3,271.3,0.096813,1,p:2.1.4.1.2.2
U664,28,FUSE0,252291.4,252291.4,255039.1,2747.7,2747.7,271.3,0.098737,1,p:1.1.2.2.2.2
U665,28,FUSE1,252378.6,252378.6,255165.3,2786.7,2786.7,333.3,0.119604,1,p:2.1.3.1.2.2
U666,28,FUSE1,252399.2,252399.2,255127.1,2727.9,2727.9,333.3,0.122182,1,p:1.1.1.2.2.2
U667,28,FUSE1,252403.8,252403.8,255252.5,2848.7,2848.7,333.3,0.117001,1,p:2.1.5.1.2.2
U668,28,FUSE1,252565.2,252565.2,255367.5,2802.3,2802.3,333.3,0.118938,1,p:1.1.4.1.2.2
U669,28,FUSE1,252597.0,252597.0,255344.7,2747.7,2747.7,333.3,0.121301,1,p:2.1.2.2.2.2
U670,28,FUSE1,252684.2,252684.2,255470.9,2786.7,2786.7,333.3,0.119604,1,p:1.1.3.1.2.2
U671,28,FUSE1,252737.2,252737.2,255432.7,2695.5,2695.5,333.3,0.123651,1,p:2.1.1.2.2.2
U672,28,FUSE1,252741.8,252741.8,255558.1,2816.3,2816.3,333.3,0.118347,1,p:1.2.5.1.2.2
U673,28,FUSE1,252903.2,252903.2,255673.1,2769.9,2769.9,333.3,0.120329,1,p:2.1.4.1.2.2
U674,28,FUSE1,252935.0,252935.0,255650.3,2715.3,2715.3,333.3,0.122749,1,p:1.1.2.2.2.2
U675,28,FUSE2,253022.2,253022.2,255808.9,2786.7,2786.7,365.7,0.13123,1,p:2.1.3.1.2.2
U676,28,FUSE2,253075.2,253075.2,255770.7,2695.5,2695.5,365.7,0.135671,1,p:1.1.1.2.2.2
U677,28,FUSE2,253079.8,253079.8,255896.1,2816.3,2816.3,365.7,0.129851,1,p:2.1.5.1.2.2
U678,28,FUSE2,253146.8,253146.8,256011.1,2864.3,2864.3,365.7,0.127675,1,p:1.1.4.1.2.2
U679,28,FUSE2,253178.6,253178.6,255988.3,2809.7,2809.7,365.7,0.130156,1,p:2.1.2.2.2.2
U680,28,FUSE2,253265.8,253265.8,256146.9,2881.1,2881.1,365.7,0.126931,1,p:1.1.3.1.2.2
U681,28,FUSE2,253318.8,253318.8,256108.7,2789.9,2789.9,365.7,0.13108,1,p:2.1.1.2.2.2
U682,28,FUSE2,253323.4,253323.4,256234.1,2910.7,2910.7,365.7,0.12564,1,p:1.2.5.1.2.2
U683,28,FUSE2,253390.4,253390.4,256349.1,2958.7,2958.7,365.7,0.123602,1,p:2.1.4.1.2.2
U684,28,FUSE2,253422.2,253422.2,256326.3,2904.1,2904.1,365.7,0.125925,1,p:1.1.2.2.2.2
U3357,136,FUSE0,253509.4,253509.4,256390.5,2881.1,2881.1,271.3,0.094165,1,p:2.1.3.1.2.2
U3358,136,FUSE0,253624.4,253624.4,256353.7,2729.3,2729.3,271.3,0.099403,1,p:1.1.1.2.2.2
U3359,136,FUSE0,253629.0,253629.0,256477.7,2848.7,2848.7,271.3,0.095236,1,p:2.1.5.1.2.2
U3360,136,FUSE0,253696.0,253696.0,256592.7,2896.7,2896.7,271.3,0.093658,1,p:1.1.4.1.2.2
U3361,136,FUSE0,253727.8,253727.8,256569.9,2842.1,2842.1,271.3,0.095458,1,p:2.1.2.2.2.2
U3362,136,FUSE0,253815.0,253815.0,256634.1,2819.1,2819.1,271.3,0.096236,1,p:1.1.3.1.2.2
U3363,136,FUSE0,253930.0,253930.0,256597.3,2667.3,2667.3,271.3,0.101713,1,p:2.1.1.2.2.2
U3364,136,FUSE0,253934.6,253934.6,256721.3,2786.7,2786.7,271.3,0.097355,1,p:1.2.5.1.2.2
U3365,136,FUSE1,254001.6,254001.6,256898.3,2896.7,2896.7,333.3,0.115062,1,p:2.1.4.1.2.2
U3366,136,FUSE1,254065.8,254065.8,256875.5,2809.7,2809.7,333.3,0.118625,1,p:1.1.2.2.2.2
U3367,136,FUSE1,254153.0,254153.0,256939.7,2786.7,2786.7,333.3,0.119604,1,p:2.1.3.1.2.2
U3368,136,FUSE1,254268.0,254268.0,256902.9,2634.9,2634.9,333.3,0.126494,1,p:1.1.1.2.2.2
U3369,136,FUSE1,254272.6,254272.6,257026.9,2754.3,2754.3,333.3,0.121011,1,p:2.1.5.1.2.2
U3370,136,FUSE1,254339.6,254339.6,257203.9,2864.3,2864.3,333.3,0.116364,1,p:1.1.4.1.2.2
U3371,136,FUSE1,254403.8,254403.8,257181.1,2777.3,2777.3,333.3,0.120009,1,p:2.1.2.2.2.2
U3372,136,FUSE1,254491.0,254491.0,257245.3,2754.3,2754.3,333.3,0.121011,1,p:1.1.3.1.2.2
U3373,136,FUSE2,254583.2,254583.2,257239.5,2656.3,2656.3,365.7,0.137673,1,p:2.1.1.1.2.2
U3374,136,FUSE2,254606.0,254606.0,257364.9,2758.9,2758.9,365.7,0.132553,1,p:1.1.5.1.2.2
U3375,136,FUSE2,254610.6,254610.6,257541.9,2931.3,2931.3,365.7,0.124757,1,p:2.1.4.1.2.2
U3376,136,FUSE2,254647.4,254647.4,257519.1,2871.7,2871.7,365.7,0.127346,1,p:1.1.2.2.2.2
U3377,136,FUSE2,254734.6,254734.6,257583.3,2848.7,2848.7,365.7,0.128374,1,p:2.1.3.1.2.2
U3378,136,FUSE2,254826.8,254826.8,257577.5,2750.7,2750.7,365.7,0.132948,1,p:1.1.1.1.2.2
U3379,136,FUSE2,254849.6,254849.6,257702.9,2853.3,2853.3,365.7,0.128167,1,p:2.1.5.1.2.2
U3380,136,FUSE2,254854.2,254854.2,257879.9,3025.7,3025.7,365.7,0.120865,1,p:1.2.4.1.2.2
U3381,136,FUSE2,254891.0,254891.0,257857.1,2966.1,2966.1,365.7,0.123293,1,p:2.1.2.2.2.2
U7345,295,FUSE0,254978.2,254978.2,257826.9,2848.7,2848.7,271.3,0.095236,1,p:1.1.3.1.2.2
U7346,295,FUSE0,255070.4,255070.4,257821.1,2750.7,2750.7,271.3,0.098629,1,p:2.1.1.2.2.2
U7347,295,FUSE0,255093.2,255093.2,257946.5,2853.3,2853.3,271.3,0.095083,1,p:1.1.5.1.2.2
U7348,295,FUSE0,255158.4,255158.4,258070.5,2912.1,2912.1,271.3,0.093163,1,p:2.1.3.1.2.2
U7349,295,FUSE0,255196.6,255196.6,258123.5,2926.9,2926.9,271.3,0.092692,1,p:1.1.4.1.2.2
U7350,295,FUSE0,255283.8,255283.8,258064.7,2780.9,2780.9,271.3,0.097558,1,p:2.1.1.2.2.2
U7351,295,FUSE0,255376.0,255376.0,258100.7,2724.7,2724.7,271.3,0.099571,1,p:1.1.2.2.2.2
U7352,295,FUSE0,255398.8,255398.8,258190.1,2791.3,2791.3,271.3,0.097195,1,p:2.1.5.1.2.2
U7353,295,FUSE0,255464.0,255464.0,258314.1,2850.1,2850.1,271.3,0.09519,1,p:1.1.3.1.2.2
U7354,295,FUSE1,255502.2,255502.2,258429.1,2926.9,2926.9,333.3,0.113875,1,p:2.1.4.1.2.2
U7355,295,FUSE1,255589.4,255589.4,258370.3,2780.9,2780.9,333.3,0.119853,1,p:1.1.1.2.2.2
U7356,295,FUSE1,255681.6,255681.6,258406.3,2724.7,2724.7,333.3,0.122325,1,p:2.1.2.2.2.2
U7357,295,FUSE1,255704.4,255704.4,258495.7,2791.3,2791.3,333.3,0.119407,1,p:1.1.5.1.2.2
U7358,295,FUSE1,255802.0,255802.0,258619.7,2817.7,2817.7,333.3,0.118288,1,p:2.1.3.1.2.2
U7359,295,FUSE1,255840.2,255840.2,258734.7,2894.5,2894.5,333.3,0.115149,1,p:1.1.4.1.2.2
U7360,295,FUSE1,255927.4,255927.4,258675.9,2748.5,2748.5,333.3,0.121266,1,p:2.1.1.2.2.2
U7361,295,FUSE1,256019.6,256019.6,258711.9,2692.3,2692.3,333.3,0.123797,1,p:1.1.2.2.2.2
U7362,295,FUSE2,256042.4,256042.4,258833.7,2791.3,2791.3,365.7,0.131014,1,p:2.1.5.1.2.2
U7363,295,FUSE2,256140.0,256140.0,258957.7,2817.7,2817.7,365.7,0.129787,1,p:1.1.3.1.2.2
U7364,295,FUSE2,256178.2,256178.2,259072.7,2894.5,2894.5,365.7,0.126343,1,p:2.1.4.1.2.2
U7365,295,FUSE2,256265.4,256265.4,259013.9,2748.5,2748.5,365.7,0.133054,1,p:1.1.1.2.2.2
U7366,295,FUSE2,256357.6,256357.6,259049.9,2692.3,2692.3,365.7,0.135832,1,p:2.1.2.2.2.2
U7367,295,FUSE2,256380.4,256380.4,259171.7,2791.3,2791.3,365.7,0.131014,1,p:1.1.5.1.2.2
U7368,295,FUSE2,256385.0,256385.0,259298.1,2913.1,2913.1,365.7,0.125536,1,p:2.1.3.1.2.2
U7369,295,FUSE2,256421.8,256421.8,259410.7,2988.9,2988.9,365.7,0.122353,1,p:1.1.4.1.2.2
U7370,295,FUSE2,256509.0,256509.0,259351.9,2842.9,2842.9,365.7,0.128636,1,p:2.1.1.2.2.2
U1631,67,FUSE0,256601.2,256601.2,259293.5,2692.3,2692.3,271.3,0.100769,1,p:1.1.2.1.2.2
U1632,67,FUSE0,256624.0,256624.0,259415.3,2791.3,2791.3,271.3,0.097195,1,p:2.1.5.1.2.2
U1633,67,FUSE0,256628.6,256628.6,259541.7,2913.1,2913.1,271.3,0.093131,1,p:1.2.3.1.2.2
U1634,67,FUSE0,256665.4,256665.4,259537.1,2871.7,2871.7,271.3,0.094474,1,p:2.1.2.1.2.2
U1635,67,FUSE0,256752.6,256752.6,259658.9,2906.3,2906.3,271.3,0.093349,1,p:1.1.5.1.2.2
U1636,67,FUSE0,256906.8,256906.8,259654.3,2747.5,2747.5,271.3,0.098744,1,p:2.1.4.1.2.2
U1637,67,FUSE0,256929.6,256929.6,259595.5,2665.9,2665.9,271.3,0.101767,1,p:1.1.1.2.2.2
U1638,67,FUSE1,256934.2,256934.2,259847.3,2913.1,2913.1,333.3,0.114414,1,p:2.1.3.1.2.2
U1639,67,FUSE1,256971.0,256971.0,259842.7,2871.7,2871.7,333.3,0.116064,1,p:1.1.2.1.2.2
U1640,67,FUSE1,257058.2,257058.2,259964.5,2906.3,2906.3,333.3,0.114682,1,p:2.1.5.1.2.2
U1641,67,FUSE1,257212.4,257212.4,259959.9,2747.5,2747.5,333.3,0.12131,1,p:1.1.4.1.2.2
U1642,67,FUSE1,257235.2,257235.2,259901.1,2665.9,2665.9,333.3,0.125023,1,p:2.1.1.2.2.2
U1643,67,FUSE1,257270.8,257270.8,260152.9,2882.1,2882.1,333.3,0.115645,1,p:1.1.3.1.2.2
U1644,67,FUSE1,257276.6,257276.6,260148.3,2871.7,2871.7,333.3,0.116064,1,p:2.1.2.1.2.2
U1645,67,FUSE2,257396.2,257396.2,260302.5,2906.3,2906.3,365.7,0.12583,1,p:1.1.5.1.2.2
U1646,67,FUSE2,257550.4,257550.4,260297.9,2747.5,2747.5,365.7,0.133103,1,p:2.1.4.1.2.2
U1647,67,FUSE2,257573.2,257573.2,260239.1,2665.9,2665.9,365.7,0.137177,1,p:1.1.1.2.2.2
U1648,67,FUSE2,257608.8,257608.8,260491.9,2883.1,2883.1,365.7,0.126843,1,p:2.1.3.1.2.2
U1649,67,FUSE2,257614.6,257614.6,260487.3,2872.7,2872.7,365.7,0.127302,1,p:1.2.2.1.2.2
U1650,67,FUSE2,257734.2,257734.2,260640.5,2906.3,2906.3,365.7,0.12583,1,p:2.1.5.1.2.2
U1651,67,FUSE2,257852.4,257852.4,260635.9,2783.5,2783.5,365.7,0.131381,1,p:1.1.4.1.2.2
U6173,248,FUSE0,257858.2,257858.2,260482.7,2624.5,2624.5,271.3,0.103372,1,p:2.1.1.1.2.2
U6174,248,FUSE0,257888.4,257888.4,260735.5,2847.1,2847.1,271.3,0.09529,1,p:1.1.3.1.2.2
U6175,248,FUSE0,257911.2,257911.2,260730.9,2819.7,2819.7,271.3,0.096216,1,p:2.1.2.1.2.2
U6176,248,FUSE0,257977.8,257977.8,260726.3,2748.5,2748.5,271.3,0.098708,1,p:1.1.1.1.2.2
U6177,248,FUSE0,258096.0,258096.0,260884.1,2788.1,2788.1,271.3,0.097306,1,p:2.1.5.1.2.2
U6178,248,FUSE0,258101.8,258101.8,260879.5,2777.7,2777.7,271.3,0.097671,1,p:1.2.4.1.2.2
U6179,248,FUSE0,258132.0,258132.0,260979.1,2847.1,2847.1,271.3,0.09529,1,p:2.1.3.1.2.2
U6180,248,FUSE0,258154.8,258154.8,260974.5,2819.7,2819.7,271.3,0.096216,1,p:1.1.2.1.2.2
U6181,248,FUSE0,258221.4,258221.4,260969.9,2748.5,2748.5,271.3,0.098708,1,p:2.1.1.1.2.2
U6182,248,FUSE0,258345.4,258345.4,261127.7,2782.3,2782.3,271.3,0.097509,1,p:1.1.5.1.2.2
U6183,248,FUSE1,258401.6,258401.6,261185.1,2783.5,2783.5,333.3,0.119741,1,p:2.1.4.1.2.2
U6184,248,FUSE1,258437.6,258437.6,261284.7,2847.1,2847.1,333.3,0.117066,1,p:1.1.3.1.2.2
U6185,248,FUSE1,258460.4,258460.4,261280.1,2819.7,2819.7,333.3,0.118204,1,p:2.1.2.1.2.2
U6186,248,FUSE1,258527.0,258527.0,261275.5,2748.5,2748.5,333.3,0.121266,1,p:1.1.1.1.2.2
U6187,248,FUSE1,258651.0,258651.0,261433.3,2782.3,2782.3,333.3,0.119793,1,p:2.1.5.1.2.2
U6188,248,FUSE1,258707.2,258707.2,261490.7,2783.5,2783.5,333.3,0.119741,1,p:1.1.4.1.2.2
U6189,248,FUSE1,258743.2,258743.2,261590.3,2847.1,2847.1,333.3,0.117066,1,p:2.1.3.1.2.2
U6190,248,FUSE1,258766.0,258766.0,261585.7,2819.7,2819.7,333.3,0.118204,1,p:1.1.2.1.2.2
U6191,248,FUSE1,258865.0,258865.0,261581.1,2716.1,2716.1,333.3,0.122713,1,p:2.1.1.1.2.2
U6192,248,FUSE1,258989.0,258989.0,261738.9,2749.9,2749.9,333.3,0.121204,1,p:1.1.5.1.2.2
U6193,248,FUSE2,259045.2,259045.2,261828.7,2783.5,2783.5,365.7,0.131381,1,p:2.1.4.1.2.2
U6194,248,FUSE2,259081.2,259081.2,261928.3,2847.1,2847.1,365.7,0.128446,1,p:1.1.3.1.2.2
U6195,248,FUSE2,259104.0,259104.0,261923.7,2819.7,2819.7,365.7,0.129695,1,p:2.1.2.1.2.2
U6196,248,FUSE2,259203.0,259203.0,261919.1,2716.1,2716.1,365.7,0.134642,1,p:1.1.1.1.2.2
U6197,248,FUSE2,259324.8,259324.8,262076.9,2752.1,2752.1,365.7,0.13288,1,p:2.1.5.1.2.2
U6198,248,FUSE2,259329.4,259329.4,262166.7,2837.3,2837.3,365.7,0.12889,1,p:1.2.4.1.2.2
U6199,248,FUSE2,259383.2,259383.2,262266.3,2883.1,2883.1,365.7,0.126843,1,p:2.1.3.1.2.2
U6200,248,FUSE2,259442.0,259442.0,262261.7,2819.7,2819.7,365.7,0.129695,1,p:1.1.2.2.2.2
U6201,248,FUSE2,259446.6,259446.6,262257.1,2810.5,2810.5,365.7,0.130119,1,p:2.1.1.2.2.2
U5286,212,FUSE0,259568.4,259568.4,262320.5,2752.1,2752.1,271.3,0.098579,1,p:1.1.5.1.2.2
U5287,212,FUSE0,259573.0,259573.0,262410.3,2837.3,2837.3,271.3,0.095619,1,p:2.1.4.1.2.2
U5288,212,FUSE0,259626.8,259626.8,262509.9,2883.1,2883.1,271.3,0.0941,1,p:1.1.3.1.2.2
U5289,212,FUSE0,259685.6,259685.6,262564.1,2878.5,2878.5,271.3,0.09425,1,p:2.1.5.1.2.2
U5290,212,FUSE0,259690.2,259690.2,262505.3,2815.1,2815.1,271.3,0.096373,1,p:1.2.2.2.2.2
U5291,212,FUSE0,259874.0,259874.0,262500.7,2626.7,2626.7,271.3,0.103285,1,p:2.1.1.2.2.2
U5292,212,FUSE0,259878.6,259878.6,262653.9,2775.3,2775.3,271.3,0.097755,1,p:1.2.4.1.2.2
U5293,212,FUSE1,259932.4,259932.4,262815.5,2883.1,2883.1,333.3,0.115605,1,p:2.1.3.1.2.2
U5294,212,FUSE1,259991.2,259991.2,262869.7,2878.5,2878.5,333.3,0.115789,1,p:1.1.5.1.2.2
U5295,212,FUSE1,259995.8,259995.8,262810.9,2815.1,2815.1,333.3,0.118397,1,p:2.1.2.2.2.2
U5296,212,FUSE1,260179.6,260179.6,262806.3,2626.7,2626.7,333.3,0.126889,1,p:1.1.1.2.2.2
U5297,212,FUSE1,260184.2,260184.2,262959.5,2775.3,2775.3,333.3,0.120095,1,p:2.1.4.1.2.2
U5298,212,FUSE1,260270.4,260270.4,263117.7,2847.3,2847.3,333.3,0.117058,1,p:1.1.3.1.2.2
U5299,212,FUSE1,260329.2,260329.2,263175.3,2846.1,2846.1,333.3,0.117108,1,p:2.1.5.1.2.2
U5300,212,FUSE2,260333.8,260333.8,263148.9,2815.1,2815.1,365.7,0.129907,1,p:1.2.2.2.2.2
U5301,212,FUSE2,260514.0,260514.0,263144.3,2630.3,2630.3,365.7,0.139034,1,p:2.1.1.2.2.2
U5302,212,FUSE2,260518.6,260518.6,263297.5,2778.9,2778.9,365.7,0.131599,1,p:1.2.4.1.2.2
U5303,212,FUSE2,260523.2,260523.2,263455.7,2932.5,2932.5,365.7,0.124706,1,p:2.1.3.1.2.2
U5304,212,FUSE2,260667.2,260667.2,263513.3,2846.1,2846.1,365.7,0.128492,1,p:1.1.5.1.2.2
U5305,212,FUSE2,260671.8,260671.8,263486.9,2815.1,2815.1,365.7,0.129907,1,p:2.1.2.2.2.2
U5306,212,FUSE2,260757.6,260757.6,263482.3,2724.7,2724.7,365.7,0.134217,1,p:1.1.1.2.2.2
U5307,212,FUSE2,260762.2,260762.2,263635.5,2873.3,2873.3,365.7,0.127275,1,p:2.1.4.1.2.2
U2729,111,FUSE0,260766.8,260766.8,263699.3,2932.5,2932.5,271.3,0.092515,1,p:1.2.3.1.2.2
U2730,111,FUSE0,260910.8,260910.8,263756.9,2846.1,2846.1,271.3,0.095323,1,p:2.1.5.1.2.2
U2731,111,FUSE0,260915.4,260915.4,263730.5,2815.1,2815.1,271.3,0.096373,1,p:1.2.2.2.2.2
U2732,111,FUSE0,261001.2,261001.2,263725.9,2724.7,2724.7,271.3,0.099571,1,p:2.1.1.2.2.2
U2733,111,FUSE0,261005.8,261005.8,263879.1,2873.3,2873.3,271.3,0.094421,1,p:1.2.4.1.2.2
U2734,111,FUSE0,261010.4,261010.4,263942.9,2932.5,2932.5,271.3,0.092515,1,p:2.1.3.1.2.2
U2735,111,FUSE0,261159.0,261159.0,264000.5,2841.5,2841.5,271.3,0.095478,1,p:1.1.5.1.2.2
U2736,111,FUSE0,261216.4,261216.4,263974.1,2757.7,2757.7,271.3,0.098379,1,p:2.1.2.2.2.2
U2737,111,FUSE0,261306.8,261306.8,263969.5,2662.7,2662.7,271.3,0.101889,1,p:1.1.1.2.2.2
U2738,111,FUSE1,261311.4,261311.4,264184.7,2873.3,2873.3,333.3,0.115999,1,p:2.1.4.1.2.2
U2739,111,FUSE1,261316.0,261316.0,264248.5,2932.5,2932.5,333.3,0.113657,1,p:1.2.3.1.2.2
U2740,111,FUSE1,261464.6,261464.6,264306.1,2841.5,2841.5,333.3,0.117297,1,p:2.1.5.1.2.2
U2741,111,FUSE1,261522.0,261522.0,264279.7,2757.7,2757.7,333.3,0.120862,1,p:1.1.2.2.2.2
U2742,111,FUSE1,261612.4,261612.4,264275.1,2662.7,2662.7,333.3,0.125174,1,p:2.1.1.2.2.2
U2743,111,FUSE1,261617.0,261617.0,264490.3,2873.3,2873.3,333.3,0.115999,1,p:1.2.4.1.2.2
U2744,111,FUSE1,261621.6,261621.6,264554.1,2932.5,2932.5,333.3,0.113657,1,p:2.1.3.1.2.2
U2745,111,FUSE1,261770.2,261770.2,264611.7,2841.5,2841.5,333.3,0.117297,1,p:1.1.5.1.2.2
U2746,111,FUSE1,261860.0,261860.0,264584.3,2724.3,2724.3,333.3,0.122343,1,p:2.1.2.2.2.2
U2747,111,FUSE2,261950.4,261950.4,264616.3,2665.9,2665.9,365.7,0.137177,1,p:1.1.1.1.2.2
U2748,111,FUSE2,261955.0,261955.0,264828.3,2873.3,2873.3,365.7,0.127275,1,p:2.1.4.1.2.2
U2749,111,FUSE2,261959.6,261959.6,264892.1,2932.5,2932.5,365.7,0.124706,1,p:1.2.3.1.2.2
U2750,111,FUSE2,262108.2,262108.2,264949.7,2841.5,2841.5,365.7,0.1287,1,p:2.1.5.1.2.2
U2751,111,FUSE2,262198.0,262198.0,264922.3,2724.3,2724.3,365.7,0.134236,1,p:1.1.2.2.2.2
U2752,111,FUSE2,262288.4,262288.4,264954.3,2665.9,2665.9,365.7,0.137177,1,p:2.1.1.1.2.2
U2753,111,FUSE2,262293.0,262293.0,265170.5,2877.5,2877.5,365.7,0.127089,1,p:1.2.4.1.2.2
U2754,111,FUSE2,262297.6,262297.6,265230.1,2932.5,2932.5,365.7,0.124706,1,p:2.1.3.1.2.2
U3915,158,FUSE0,262351.8,262351.8,265193.3,2841.5,2841.5,271.3,0.095478,1,p:1.1.5.1.2.2
U3916,158,FUSE0,262441.6,262441.6,265165.9,2724.3,2724.3,271.3,0.099585,1,p:2.1.2.2.2.2
U3917,158,FUSE0,262532.0,262532.0,265197.9,2665.9,2665.9,271.3,0.101767,1,p:1.1.1.2.2.2
U3918,158,FUSE0,262536.6,262536.6,265414.1,2877.5,2877.5,271.3,0.094283,1,p:2.1.4.1.2.2
U3919,158,FUSE0,262541.2,262541.2,265436.9,2895.7,2895.7,271.3,0.093691,1,p:1.2.5.1.2.2
U3920,158,FUSE0,262595.4,262595.4,265409.5,2814.1,2814.1,271.3,0.096407,1,p:2.1.2.2.2.2
U3921,158,FUSE0,262685.2,262685.2,265473.7,2788.5,2788.5,271.3,0.097292,1,p:1.1.3.1.2.2
U3922,158,FUSE0,262837.6,262837.6,265441.5,2603.9,2603.9,271.3,0.10419,1,p:2.1.1.2.2.2
U3923,158,FUSE0,262842.2,262842.2,265653.5,2811.3,2811.3,271.3,0.096503,1,p:1.2.4.1.2.2
U3924,158,FUSE1,262846.8,262846.8,265742.5,2895.7,2895.7,333.3,0.115102,1,p:2.1.5.1.2.2
U3925,158,FUSE1,262901.0,262901.0,265715.1,2814.1,2814.1,333.3,0.118439,1,p:1.1.2.2.2.2
U3926,158,FUSE1,262990.8,262990.8,265779.3,2788.5,2788.5,333.3,0.119527,1,p:2.1.3.1.2.2
U3927,158,FUSE1,263149.0,263149.0,265747.1,2598.1,2598.1,333.3,0.128286,1,p:1.1.1.2.2.2
U3928,158,FUSE1,263175.6,263175.6,265959.1,2783.5,2783.5,333.3,0.119741,1,p:2.1.4.1.2.2
U3929,158,FUSE1,263180.2,263180.2,266048.1,2867.9,2867.9,333.3,0.116217,1,p:1.2.5.1.2.2
U3930,158,FUSE1,263206.6,263206.6,266020.7,2814.1,2814.1,333.3,0.118439,1,p:2.1.2.2.2.2
U3931,158,FUSE1,263328.8,263328.8,266084.9,2756.1,2756.1,333.3,0.120932,1,p:1.1.3.1.2.2
U3932,158,FUSE1,263487.0,263487.0,266052.7,2565.7,2565.7,333.3,0.129906,1,p:2.1.1.2.2.2
U3933,158,FUSE2,263513.6,263513.6,266297.1,2783.5,2783.5,365.7,0.131381,1,p:1.1.4.1.2.2
U3934,158,FUSE2,263518.2,263518.2,266386.1,2867.9,2867.9,365.7,0.127515,1,p:2.1.5.1.2.2
U3935,158,FUSE2,263544.6,263544.6,266358.7,2814.1,2814.1,365.7,0.129953,1,p:1.1.2.2.2.2
U3936,158,FUSE2,263666.8,263666.8,266422.9,2756.1,2756.1,365.7,0.132687,1,p:2.1.3.1.2.2
U3937,158,FUSE2,263730.6,263730.6,266390.7,2660.1,2660.1,365.7,0.137476,1,p:1.1.1.2.2.2
U3938,158,FUSE2,263757.2,263757.2,266635.1,2877.9,2877.9,365.7,0.127072,1,p:2.1.4.1.2.2
U3939,158,FUSE2,263761.8,263761.8,266724.1,2962.3,2962.3,365.7,0.123451,1,p:1.2.5.1.2.2
U3940,158,FUSE2,263788.2,263788.2,266696.7,2908.5,2908.5,365.7,0.125735,1,p:2.1.2.2.2.2
U3941,158,FUSE2,263910.4,263910.4,266760.9,2850.5,2850.5,365.7,0.128293,1,p:1.1.3.1.2.2
U3942,158,FUSE2,263974.2,263974.2,266728.7,2754.5,2754.5,365.7,0.132765,1,p:2.1.1.2.2.2
U2501,102,FUSE0,264000.8,264000.8,266878.7,2877.9,2877.9,271.3,0.09427,1,p:1.1.4.1.2.2
U2502,102,FUSE0,264005.4,264005.4,266967.7,2962.3,2962.3,271.3,0.091584,1,p:2.1.5.1.2.2
U2503,102,FUSE0,264031.8,264031.8,266940.3,2908.5,2908.5,271.3,0.093278,1,p:1.1.2.2.2.2
U2504,102,FUSE0,264216.0,264216.0,267004.5,2788.5,2788.5,271.3,0.097292,1,p:2.1.3.1.2.2
U2505,102,FUSE0,264279.8,264279.8,266972.3,2692.5,2692.5,271.3,0.100761,1,p:1.1.1.2.2.2
U2506,102,FUSE0,264306.4,264306.4,267122.3,2815.9,2815.9,271.3,0.096346,1,p:2.1.4.1.2.2
U2507,102,FUSE0,264311.0,264311.0,267211.3,2900.3,2900.3,271.3,0.093542,1,p:1.2.5.1.2.2
U2508,102,FUSE0,264337.4,264337.4,267183.9,2846.5,2846.5,271.3,0.09531,1,p:2.1.2.2.2.2
U2509,102,FUSE1,264521.6,264521.6,267310.1,2788.5,2788.5,333.3,0.119527,1,p:1.1.3.1.2.2
U2510,102,FUSE1,264585.4,264585.4,267274.7,2689.3,2689.3,333.3,0.123936,1,p:2.1.1.2.2.2
U2511,102,FUSE1,264615.6,264615.6,267427.9,2812.3,2812.3,333.3,0.118515,1,p:1.1.4.1.2.2
U2512,102,FUSE1,264643.0,264643.0,267516.9,2873.9,2873.9,333.3,0.115975,1,p:2.1.5.1.2.2
U2513,102,FUSE1,264647.6,264647.6,267489.5,2841.9,2841.9,333.3,0.117281,1,p:1.2.2.2.2.2
U2514,102,FUSE1,264859.6,264859.6,267615.7,2756.1,2756.1,333.3,0.120932,1,p:2.1.3.1.2.2
U2515,102,FUSE1,264923.4,264923.4,267580.3,2656.9,2656.9,333.3,0.125447,1,p:1.1.1.2.2.2
U2516,102,FUSE1,264953.6,264953.6,267733.5,2779.9,2779.9,333.3,0.119896,1,p:2.1.4.1.2.2
U2517,102,FUSE2,264981.0,264981.0,267854.9,2873.9,2873.9,365.7,0.127249,1,p:1.1.5.1.2.2
U2518,102,FUSE2,264985.6,264985.6,267827.5,2841.9,2841.9,365.7,0.128682,1,p:2.1.2.2.2.2
U2519,102,FUSE2,265197.2,265197.2,267953.7,2756.5,2756.5,365.7,0.132668,1,p:1.1.3.1.2.2
U2520,102,FUSE2,265201.8,265201.8,267918.3,2716.5,2716.5,365.7,0.134622,1,p:2.1.1.2.2.2
U2521,102,FUSE2,265224.6,265224.6,268071.5,2846.9,2846.9,365.7,0.128456,1,p:1.1.4.1.2.2
U2522,102,FUSE2,265229.2,265229.2,268192.9,2963.7,2963.7,365.7,0.123393,1,p:2.1.5.1.2.2
U2523,102,FUSE2,265261.4,265261.4,268165.5,2904.1,2904.1,365.7,0.125925,1,p:1.1.2.2.2.2
U2524,102,FUSE2,265440.8,265440.8,268291.7,2850.9,2850.9,365.7,0.128275,1,p:2.1.3.1.2.2
U2525,102,FUSE2,265445.4,265445.4,268256.3,2810.9,2810.9,365.7,0.130101,1,p:1.2.1.2.2.2
U4752,191,FUSE0,265468.2,265468.2,268315.1,2846.9,2846.9,271.3,0.095297,1,p:2.1.4.1.2.2
U4753,191,FUSE0,265472.8,265472.8,268436.5,2963.7,2963.7,271.3,0.091541,1,p:1.2.5.1.2.2
U4754,191,FUSE0,265505.0,265505.0,268409.1,2904.1,2904.1,271.3,0.09342,1,p:2.1.2.2.2.2
U4755,191,FUSE0,265684.8,265684.8,268535.3,2850.5,2850.5,271.3,0.095176,1,p:1.1.3.1.2.2
U4756,191,FUSE0,265746.4,265746.4,268558.7,2812.3,2812.3,271.3,0.096469,1,p:2.1.4.1.2.2
U4757,191,FUSE0,265773.8,265773.8,268499.9,2726.1,2726.1,271.3,0.099519,1,p:1.1.1.2.2.2
U4758,191,FUSE0,265778.4,265778.4,268680.1,2901.7,2901.7,271.3,0.093497,1,p:2.1.5.1.2.2
U4759,191,FUSE0,265810.6,265810.6,268652.7,2842.1,2842.1,271.3,0.095458,1,p:1.1.2.2.2.2
U4760,191,FUSE1,265990.4,265990.4,268840.9,2850.5,2850.5,333.3,0.116927,1,p:2.1.3.1.2.2
U4761,191,FUSE1,266052.0,266052.0,268864.3,2812.3,2812.3,333.3,0.118515,1,p:1.1.4.1.2.2
U4762,191,FUSE1,266079.4,266079.4,268805.5,2726.1,2726.1,333.3,0.122263,1,p:2.1.1.2.2.2
U4763,191,FUSE1,266084.0,266084.0,268985.7,2901.7,2901.7,333.3,0.114864,1,p:1.2.5.1.2.2
U4764,191,FUSE1,266116.2,266116.2,268958.3,2842.1,2842.1,333.3,0.117272,1,p:2.1.2.2.2.2
U4765,191,FUSE1,266328.4,266328.4,269146.5,2818.1,2818.1,333.3,0.118271,1,p:1.1.3.1.2.2
U4766,191,FUSE1,266390.0,266390.0,269169.9,2779.9,2779.9,333.3,0.119896,1,p:2.1.4.1.2.2
U4767,191,FUSE1,266417.4,266417.4,269111.1,2693.7,2693.7,333.3,0.123733,1,p:1.1.1.2.2.2
U4768,191,FUSE2,266422.0,266422.0,269323.7,2901.7,2901.7,365.7,0.12603,1,p:2.1.5.1.2.2
U4769,191,FUSE2,266454.2,266454.2,269296.3,2842.1,2842.1,365.7,0.128672,1,p:1.1.2.2.2.2
U4770,191,FUSE2,266666.4,266666.4,269484.5,2818.1,2818.1,365.7,0.129768,1,p:2.1.3.1.2.2
U4771,191,FUSE2,266728.0,266728.0,269507.9,2779.9,2779.9,365.7,0.131551,1,p:1.1.4.1.2.2
U4772,191,FUSE2,266755.4,266755.4,269449.1,2693.7,2693.7,365.7,0.135761,1,p:2.1.1.2.2.2
U4773,191,FUSE2,266760.0,266760.0,269661.7,2901.7,2901.7,365.7,0.12603,1,p:1.2.5.1.2.2
U4774,191,FUSE2,266792.2,266792.2,269634.3,2842.1,2842.1,365.7,0.128672,1,p:2.1.2.2.2.2
U4775,191,FUSE2,266910.0,266910.0,269822.5,2912.5,2912.5,365.7,0.125562,1,p:1.1.3.1.2.2
U5237,210,FUSE0,266971.6,266971.6,269751.5,2779.9,2779.9,271.3,0.097593,1,p:2.1.4.1.2.2
U5238,210,FUSE0,266999.0,266999.0,269692.7,2693.7,2693.7,271.3,0.100716,1,p:1.1.1.2.2.2
U5239,210,FUSE0,267003.6,267003.6,269905.3,2901.7,2901.7,271.3,0.093497,1,p:2.1.5.1.2.2
U5240,210,FUSE0,267035.8,267035.8,269877.9,2842.1,2842.1,271.3,0.095458,1,p:1.1.2.2.2.2
U5241,210,FUSE0,267153.6,267153.6,269995.1,2841.5,2841.5,271.3,0.095478,1,p:2.1.4.1.2.2
U5242,210,FUSE0,267215.2,267215.2,269936.3,2721.1,2721.1,271.3,0.099702,1,p:1.1.1.2.2.2
U5243,210,FUSE0,267242.6,267242.6,270066.1,2823.5,2823.5,271.3,0.096086,1,p:2.1.3.1.2.2
U5244,210,FUSE0,267306.0,267306.0,270148.9,2842.9,2842.9,271.3,0.095431,1,p:1.1.5.1.2.2
U5245,210,FUSE1,267341.4,267341.4,270183.5,2842.1,2842.1,333.3,0.117272,1,p:2.1.2.1.2.2
U5246,210,FUSE1,267459.2,267459.2,270300.7,2841.5,2841.5,333.3,0.117297,1,p:1.1.4.1.2.2
U5247,210,FUSE1,267520.8,267520.8,270241.9,2721.1,2721.1,333.3,0.122487,1,p:2.1.1.2.2.2
U5248,210,FUSE1,267548.2,267548.2,270371.7,2823.5,2823.5,333.3,0.118045,1,p:1.1.3.1.2.2
U5249,210,FUSE1,267611.6,267611.6,270454.5,2842.9,2842.9,333.3,0.117239,1,p:2.1.5.1.2.2
U5250,210,FUSE1,267647.0,267647.0,270489.1,2842.1,2842.1,333.3,0.117272,1,p:1.1.2.1.2.2
U5251,210,FUSE1,267764.8,267764.8,270606.3,2841.5,2841.5,333.3,0.117297,1,p:2.1.4.1.2.2
U5252,210,FUSE1,267858.8,267858.8,270547.5,2688.7,2688.7,333.3,0.123963,1,p:1.1.1.2.2.2
U5253,210,FUSE2,267886.2,267886.2,270709.7,2823.5,2823.5,365.7,0.12952,1,p:2.1.3.1.2.2
U5254,210,FUSE2,267949.6,267949.6,270792.5,2842.9,2842.9,365.7,0.128636,1,p:1.1.5.1.2.2
U5255,210,FUSE2,267985.0,267985.0,270827.1,2842.1,2842.1,365.7,0.128672,1,p:2.1.2.1.2.2
U5256,210,FUSE2,268102.8,268102.8,270944.3,2841.5,2841.5,365.7,0.1287,1,p:1.1.4.1.2.2
U5257,210,FUSE2,268196.8,268196.8,270885.5,2688.7,2688.7,365.7,0.136014,1,p:2.1.1.2.2.2
U5258,210,FUSE2,268224.2,268224.2,271047.7,2823.5,2823.5,365.7,0.12952,1,p:1.1.3.1.2.2
U5259,210,FUSE2,268287.6,268287.6,271133.7,2846.1,2846.1,365.7,0.128492,1,p:2.1.5.1.2.2
U8511,341,FUSE0,268323.0,268323.0,271070.7,2747.7,2747.7,271.3,0.098737,1,p:1.1.2.2.2.2
U8512,341,FUSE0,268346.4,268346.4,271187.9,2841.5,2841.5,271.3,0.095478,1,p:2.1.4.1.2.2
U8513,341,FUSE0,268440.4,268440.4,271129.1,2688.7,2688.7,271.3,0.100904,1,p:1.1.1.2.2.2
U8514,341,FUSE0,268467.8,268467.8,271291.3,2823.5,2823.5,271.3,0.096086,1,p:2.1.3.1.2.2
U8515,341,FUSE0,268531.2,268531.2,271377.3,2846.1,2846.1,271.3,0.095323,1,p:1.1.5.1.2.2
U8516,341,FUSE0,268566.6,268566.6,271314.3,2747.7,2747.7,271.3,0.098737,1,p:2.1.2.2.2.2
U8517,341,FUSE0,268590.0,268590.0,271431.5,2841.5,2841.5,271.3,0.095478,1,p:1.1.4.1.2.2
U8518,341,FUSE0,268684.0,268684.0,271372.7,2688.7,2688.7,271.3,0.100904,1,p:2.1.1.2.2.2
U8519,341,FUSE1,268711.4,268711.4,271596.9,2885.5,2885.5,333.3,0.115509,1,p:1.1.3.1.2.2
U8520,341,FUSE1,268836.8,268836.8,271682.9,2846.1,2846.1,333.3,0.117108,1,p:2.1.5.1.2.2
U8521,341,FUSE1,268872.2,268872.2,271619.9,2747.7,2747.7,333.3,0.121301,1,p:1.1.2.2.2.2
U8522,341,FUSE1,268895.6,268895.6,271737.1,2841.5,2841.5,333.3,0.117297,1,p:2.1.4.1.2.2
U8523,341,FUSE1,268989.6,268989.6,271678.3,2688.7,2688.7,333.3,0.123963,1,p:1.1.1.2.2.2
U8524,341,FUSE1,269017.0,269017.0,271902.5,2885.5,2885.5,333.3,0.115509,1,p:2.1.3.1.2.2
U8525,341,FUSE1,269142.4,269142.4,271985.3,2842.9,2842.9,333.3,0.117239,1,p:1.1.5.1.2.2
U8526,341,FUSE1,269177.8,269177.8,271925.5,2747.7,2747.7,333.3,0.121301,1,p:2.1.2.2.2.2
U8527,341,FUSE2,269201.2,269201.2,272075.1,2873.9,2873.9,365.7,0.127249,1,p:1.1.4.1.2.2
U8528,341,FUSE2,269327.6,269327.6,272016.3,2688.7,2688.7,365.7,0.136014,1,p:2.1.1.2.2.2
U8529,341,FUSE2,269355.0,269355.0,272240.5,2885.5,2885.5,365.7,0.126737,1,p:1.1.3.1.2.2
U8530,341,FUSE2,269480.4,269480.4,272323.3,2842.9,2842.9,365.7,0.128636,1,p:2.1.5.1.2.2
U8531,341,FUSE2,269515.8,269515.8,272263.5,2747.7,2747.7,365.7,0.133093,1,p:1.1.2.2.2.2
U8532,341,FUSE2,269539.2,269539.2,272413.1,2873.9,2873.9,365.7,0.127249,1,p:2.1.4.1.2.2
U8533,341,FUSE2,269665.6,269665.6,272354.3,2688.7,2688.7,365.7,0.136014,1,p:1.1.1.2.2.2
U8534,341,FUSE2,269693.0,269693.0,272578.5,2885.5,2885.5,365.7,0.126737,1,p:2.1.3.1.2.2
U8535,341,FUSE2,269724.0,269724.0,272661.3,2937.3,2937.3,365.7,0.124502,1,p:1.1.5.1.2.2
U3583,145,FUSE0,269782.8,269782.8,272507.1,2724.3,2724.3,271.3,0.099585,1,p:2.1.2.1.2.2
U3584,145,FUSE0,269853.8,269853.8,272656.7,2802.9,2802.9,271.3,0.096793,1,p:1.1.4.1.2.2
U3585,145,FUSE0,269909.2,269909.2,272597.9,2688.7,2688.7,271.3,0.100904,1,p:2.1.1.2.2.2
U3586,145,FUSE0,269936.6,269936.6,272750.7,2814.1,2814.1,271.3,0.096407,1,p:1.1.2.1.2.2
U3587,145,FUSE0,269967.6,269967.6,272822.1,2854.5,2854.5,271.3,0.095043,1,p:2.1.3.1.2.2
U3588,145,FUSE0,270026.4,270026.4,272904.9,2878.5,2878.5,271.3,0.09425,1,p:1.1.5.1.2.2
U3589,145,FUSE0,270097.4,270097.4,272900.3,2802.9,2802.9,271.3,0.096793,1,p:2.1.4.1.2.2
U3590,145,FUSE0,270180.2,270180.2,272841.5,2661.3,2661.3,271.3,0.101943,1,p:1.1.1.2.2.2
U3591,145,FUSE0,270214.8,270214.8,272994.3,2779.5,2779.5,271.3,0.097607,1,p:2.1.2.1.2.2
U3592,145,FUSE1,270273.2,270273.2,273127.7,2854.5,2854.5,333.3,0.116763,1,p:1.1.3.1.2.2
U3593,145,FUSE1,270332.0,270332.0,273210.5,2878.5,2878.5,333.3,0.115789,1,p:2.1.5.1.2.2
U3594,145,FUSE1,270403.0,270403.0,273205.9,2802.9,2802.9,333.3,0.118913,1,p:1.1.4.1.2.2
U3595,145,FUSE1,270485.8,270485.8,273147.1,2661.3,2661.3,333.3,0.12524,1,p:2.1.1.2.2.2
U3596,145,FUSE1,270520.4,270520.4,273299.9,2779.5,2779.5,333.3,0.119914,1,p:1.1.2.1.2.2
U3597,145,FUSE1,270578.8,270578.8,273433.3,2854.5,2854.5,333.3,0.116763,1,p:2.1.3.1.2.2
U3598,145,FUSE1,270637.6,270637.6,273516.1,2878.5,2878.5,333.3,0.115789,1,p:1.1.5.1.2.2
U3599,145,FUSE1,270741.0,270741.0,273511.5,2770.5,2770.5,333.3,0.120303,1,p:2.1.4.1.2.2
U3600,145,FUSE1,270823.8,270823.8,273452.7,2628.9,2628.9,333.3,0.126783,1,p:1.1.1.2.2.2
U3601,145,FUSE2,270858.4,270858.4,273637.9,2779.5,2779.5,365.7,0.13157,1,p:2.1.2.1.2.2
U3602,145,FUSE2,270916.8,270916.8,273771.3,2854.5,2854.5,365.7,0.128114,1,p:1.1.3.1.2.2
U3603,145,FUSE2,270975.6,270975.6,273854.1,2878.5,2878.5,365.7,0.127045,1,p:2.1.5.1.2.2
U3604,145,FUSE2,271079.0,271079.0,273849.5,2770.5,2770.5,365.7,0.131998,1,p:1.1.4.1.2.2
U3605,145,FUSE2,271102.0,271102.0,273790.7,2688.7,2688.7,365.7,0.136014,1,p:2.1.1.2.2.2
U3606,145,FUSE2,271160.4,271160.4,273975.9,2815.5,2815.5,365.7,0.129888,1,p:1.1.2.1.2.2
U3607,145,FUSE2,271165.0,271165.0,274109.3,2944.3,2944.3,365.7,0.124206,1,p:2.1.3.1.2.2
U3608,145,FUSE2,271219.2,271219.2,274192.1,2972.9,2972.9,365.7,0.123011,1,p:1.1.5.1.2.2
U3609,145,FUSE2,271322.6,271322.6,274187.5,2864.9,2864.9,365.7,0.127648,1,p:2.1.4.1.2.2
U3610,145,FUSE2,271345.6,271345.6,274128.7,2783.1,2783.1,365.7,0.1314,1,p:1.1.1.2.2.2
U6805,273,FUSE0,271404.0,271404.0,274219.5,2815.5,2815.5,271.3,0.096359,1,p:2.1.2.1.2.2
U6806,273,FUSE0,271408.6,271408.6,274352.9,2944.3,2944.3,271.3,0.092144,1,p:1.2.3.1.2.2
U6807,273,FUSE0,271462.8,271462.8,274435.7,2972.9,2972.9,271.3,0.091258,1,p:2.1.5.1.2.2
U6808,273,FUSE0,271628.2,271628.2,274431.1,2802.9,2802.9,271.3,0.096793,1,p:1.1.4.1.2.2
U6809,273,FUSE0,271651.2,271651.2,274372.3,2721.1,2721.1,271.3,0.099702,1,p:2.1.1.2.2.2
U6810,273,FUSE0,271709.6,271709.6,274463.1,2753.5,2753.5,271.3,0.098529,1,p:1.1.2.1.2.2
U6811,273,FUSE0,271714.2,271714.2,274596.5,2882.3,2882.3,271.3,0.094126,1,p:2.1.3.1.2.2
U6812,273,FUSE0,271768.4,271768.4,274682.5,2914.1,2914.1,271.3,0.093099,1,p:1.1.5.1.2.2
U6813,273,FUSE1,271933.8,271933.8,274736.7,2802.9,2802.9,333.3,0.118913,1,p:2.1.4.1.2.2
U6814,273,FUSE1,271956.8,271956.8,274677.9,2721.1,2721.1,333.3,0.122487,1,p:1.1.1.2.2.2
U6815,273,FUSE1,272016.6,272016.6,274768.7,2752.1,2752.1,333.3,0.121108,1,p:2.1.2.1.2.2
U6816,273,FUSE1,272047.6,272047.6,274902.1,2854.5,2854.5,333.3,0.116763,1,p:1.1.3.1.2.2
U6817,273,FUSE1,272106.4,272106.4,274988.1,2881.7,2881.7,333.3,0.115661,1,p:2.1.5.1.2.2
U6818,273,FUSE1,272271.8,272271.8,275042.3,2770.5,2770.5,333.3,0.120303,1,p:1.1.4.1.2.2
U6819,273,FUSE1,272294.8,272294.8,274983.5,2688.7,2688.7,333.3,0.123963,1,p:2.1.1.2.2.2
U6820,273,FUSE1,272354.6,272354.6,275074.3,2719.7,2719.7,333.3,0.12255,1,p:1.1.2.1.2.2
U6821,273,FUSE2,272385.6,272385.6,275240.1,2854.5,2854.5,365.7,0.128114,1,p:2.1.3.1.2.2
U6822,273,FUSE2,272444.4,272444.4,275326.1,2881.7,2881.7,365.7,0.126904,1,p:1.1.5.1.2.2
U6823,273,FUSE2,272538.4,272538.4,275380.3,2841.9,2841.9,365.7,0.128682,1,p:2.1.4.1.2.2
U6824,273,FUSE2,272609.8,272609.8,275321.5,2711.7,2711.7,365.7,0.13486,1,p:1.1.1.2.2.2
U6825,273,FUSE2,272629.2,272629.2,275412.3,2783.1,2783.1,365.7,0.1314,1,p:2.1.2.1.2.2
U6826,273,FUSE2,272688.0,272688.0,275578.1,2890.1,2890.1,365.7,0.126535,1,p:1.1.3.1.2.2
U6827,273,FUSE2,272692.6,272692.6,275660.9,2968.3,2968.3,365.7,0.123202,1,p:2.1.5.1.2.2
U6467,260,FUSE0,272782.0,272782.0,275623.9,2841.9,2841.9,271.3,0.095464,1,p:1.1.4.1.2.2
U6468,260,FUSE0,272853.4,272853.4,275655.9,2802.5,2802.5,271.3,0.096806,1,p:2.1.2.1.2.2
U6469,260,FUSE0,272872.8,272872.8,275565.1,2692.3,2692.3,271.3,0.100769,1,p:1.1.1.2.2.2
U6470,260,FUSE0,272931.6,272931.6,275821.7,2890.1,2890.1,271.3,0.093872,1,p:2.1.3.1.2.2
U6471,260,FUSE0,272936.2,272936.2,275867.5,2931.3,2931.3,271.3,0.092553,1,p:1.2.4.1.2.2
U6472,260,FUSE0,273025.6,273025.6,275808.7,2783.1,2783.1,271.3,0.097481,1,p:2.1.1.2.2.2
U6473,260,FUSE0,273159.0,273159.0,275904.5,2745.5,2745.5,271.3,0.098816,1,p:1.1.5.1.2.2
U6474,260,FUSE0,273178.4,273178.4,275899.5,2721.1,2721.1,271.3,0.099702,1,p:2.1.2.1.2.2
U6475,260,FUSE0,273237.2,273237.2,276065.3,2828.1,2828.1,271.3,0.09593,1,p:1.1.3.1.2.2
U6476,260,FUSE0,273241.8,273241.8,276111.1,2869.3,2869.3,271.3,0.094553,1,p:2.1.4.1.2.2
U6477,260,FUSE1,273331.2,273331.2,276115.7,2784.5,2784.5,333.3,0.119698,1,p:1.1.1.1.2.2
U6478,260,FUSE1,273464.6,273464.6,276205.1,2740.5,2740.5,333.3,0.12162,1,p:2.1.2.1.2.2
U6479,260,FUSE1,273484.0,273484.0,276210.1,2726.1,2726.1,333.3,0.122263,1,p:1.1.5.1.2.2
U6480,260,FUSE1,273542.8,273542.8,276370.9,2828.1,2828.1,333.3,0.117853,1,p:2.1.3.1.2.2
U6481,260,FUSE1,273547.4,273547.4,276416.7,2869.3,2869.3,333.3,0.116161,1,p:1.2.4.1.2.2
U6482,260,FUSE1,273669.2,273669.2,276421.3,2752.1,2752.1,333.3,0.121108,1,p:2.1.1.1.2.2
U6483,260,FUSE1,273802.6,273802.6,276515.7,2713.1,2713.1,333.3,0.122848,1,p:1.1.5.1.2.2
U6484,260,FUSE1,273822.0,273822.0,276510.7,2688.7,2688.7,333.3,0.123963,1,p:2.1.2.1.2.2
U6485,260,FUSE1,273880.8,273880.8,276676.5,2795.7,2795.7,333.3,0.119219,1,p:1.1.3.1.2.2
U6486,260,FUSE1,273885.4,273885.4,276722.3,2836.9,2836.9,333.3,0.117487,1,p:2.1.4.1.2.2
U6487,260,FUSE2,274007.2,274007.2,276757.9,2750.7,2750.7,365.7,0.132948,1,p:1.1.1.1.2.2
U6488,260,FUSE2,274140.6,274140.6,276848.7,2708.1,2708.1,365.7,0.135039,1,p:2.1.2.1.2.2
U6489,260,FUSE2,274160.0,274160.0,276853.7,2693.7,2693.7,365.7,0.135761,1,p:1.1.5.1.2.2
U6490,260,FUSE2,274218.8,274218.8,277014.5,2795.7,2795.7,365.7,0.130808,1,p:2.1.3.1.2.2
U6491,260,FUSE2,274223.4,274223.4,277060.3,2836.9,2836.9,365.7,0.128908,1,p:1.2.4.1.2.2
U6492,260,FUSE2,274250.8,274250.8,277095.9,2845.1,2845.1,365.7,0.128537,1,p:2.1.1.1.2.2
U6493,260,FUSE2,274384.2,274384.2,277191.7,2807.5,2807.5,365.7,0.130258,1,p:1.1.5.1.2.2
U6494,260,FUSE2,274403.6,274403.6,277186.7,2783.1,2783.1,365.7,0.1314,1,p:2.1.2.1.2.2
U6495,260,FUSE2,274462.4,274462.4,277352.5,2890.1,2890.1,365.7,0.126535,1,p:1.1.3.1.2.2
U6496,260,FUSE2,274467.0,274467.0,277398.3,2931.3,2931.3,365.7,0.124757,1,p:2.1.4.1.2.2
U2551,104,FUSE0,274494.4,274494.4,277339.5,2845.1,2845.1,271.3,0.095357,1,p:1.1.1.2.2.2
U2552,104,FUSE0,274627.8,274627.8,277435.3,2807.5,2807.5,271.3,0.096634,1,p:2.1.5.1.2.2
U2553,104,FUSE0,274709.2,274709.2,277430.3,2721.1,2721.1,271.3,0.099702,1,p:1.1.2.1.2.2
U2554,104,FUSE0,274713.8,274713.8,277596.1,2882.3,2882.3,271.3,0.094126,1,p:2.1.3.1.2.2
U2555,104,FUSE0,274768.0,274768.0,277641.9,2873.9,2873.9,271.3,0.094401,1,p:1.1.4.1.2.2
U2556,104,FUSE0,274800.0,274800.0,277583.1,2783.1,2783.1,271.3,0.097481,1,p:2.1.1.2.2.2
U2557,104,FUSE0,274933.4,274933.4,277678.9,2745.5,2745.5,271.3,0.098816,1,p:1.1.5.1.2.2
U2558,104,FUSE0,275014.8,275014.8,277673.9,2659.1,2659.1,271.3,0.102027,1,p:2.1.2.1.2.2
U2559,104,FUSE0,275019.4,275019.4,277839.7,2820.3,2820.3,271.3,0.096195,1,p:1.2.3.1.2.2
U2560,104,FUSE0,275073.6,275073.6,277885.5,2811.9,2811.9,271.3,0.096483,1,p:2.1.4.1.2.2
U2561,104,FUSE1,275105.6,275105.6,277890.1,2784.5,2784.5,333.3,0.119698,1,p:1.1.1.1.2.2
U2562,104,FUSE1,275271.4,275271.4,277984.5,2713.1,2713.1,333.3,0.122848,1,p:2.1.5.1.2.2
U2563,104,FUSE1,275352.8,275352.8,277979.5,2626.7,2626.7,333.3,0.126889,1,p:1.1.2.1.2.2
U2564,104,FUSE1,275357.4,275357.4,278145.3,2787.9,2787.9,333.3,0.119552,1,p:2.1.3.1.2.2
U2565,104,FUSE1,275411.6,275411.6,278191.1,2779.5,2779.5,333.3,0.119914,1,p:1.1.4.1.2.2
U2566,104,FUSE1,275443.6,275443.6,278195.7,2752.1,2752.1,333.3,0.121108,1,p:2.1.1.1.2.2
U2567,104,FUSE1,275596.4,275596.4,278290.1,2693.7,2693.7,333.3,0.123733,1,p:1.1.5.1.2.2
U2568,104,FUSE1,275609.4,275609.4,278285.1,2675.7,2675.7,333.3,0.124566,1,p:2.1.2.1.2.2
U2569,104,FUSE1,275655.2,275655.2,278450.9,2795.7,2795.7,333.3,0.119219,1,p:1.1.3.1.2.2
U2570,104,FUSE1,275687.2,275687.2,278496.7,2809.5,2809.5,333.3,0.118633,1,p:2.1.4.1.2.2
U2571,104,FUSE2,275692.2,275692.2,278532.3,2840.1,2840.1,365.7,0.128763,1,p:1.2.1.1.2.2
U2572,104,FUSE2,275840.0,275840.0,278623.1,2783.1,2783.1,365.7,0.1314,1,p:2.1.2.1.2.2
U2573,104,FUSE2,275853.0,275853.0,278628.1,2775.1,2775.1,365.7,0.131779,1,p:1.1.5.1.2.2
U2574,104,FUSE2,275898.8,275898.8,278788.9,2890.1,2890.1,365.7,0.126535,1,p:2.1.3.1.2.2
U2575,104,FUSE2,275930.8,275930.8,278834.7,2903.9,2903.9,365.7,0.125934,1,p:1.1.4.1.2.2
U2576,104,FUSE2,275935.8,275935.8,278870.3,2934.5,2934.5,365.7,0.124621,1,p:2.1.1.1.2.2
U2577,104,FUSE2,276096.6,276096.6,278966.1,2869.5,2869.5,365.7,0.127444,1,p:1.1.5.1.2.2
U2578,104,FUSE2,276142.4,276142.4,278961.1,2818.7,2818.7,365.7,0.129741,1,p:2.1.2.1.2.2
U2579,104,FUSE2,276147.0,276147.0,279126.9,2979.9,2979.9,365.7,0.122722,1,p:1.2.3.1.2.2
U2580,104,FUSE2,276236.4,276236.4,279172.7,2936.3,2936.3,365.7,0.124544,1,p:2.1.4.1.2.2
U5160,207,FUSE0,276241.4,276241.4,279113.9,2872.5,2872.5,271.3,0.094447,1,p:1.2.1.2.2.2
U5161,207,FUSE0,276402.2,276402.2,279209.7,2807.5,2807.5,271.3,0.096634,1,p:2.1.5.1.2.2
U5162,207,FUSE0,276448.0,276448.0,279204.7,2756.7,2756.7,271.3,0.098415,1,p:1.1.2.1.2.2
U5163,207,FUSE0,276452.6,276452.6,279370.5,2917.9,2917.9,271.3,0.092978,1,p:2.1.3.1.2.2
U5164,207,FUSE0,276542.0,276542.0,279416.3,2874.3,2874.3,271.3,0.094388,1,p:1.1.4.1.2.2
U5165,207,FUSE0,276547.0,276547.0,279357.5,2810.5,2810.5,271.3,0.096531,1,p:2.1.1.2.2.2
U5166,207,FUSE0,276707.8,276707.8,279453.3,2745.5,2745.5,271.3,0.098816,1,p:1.1.5.1.2.2
U5167,207,FUSE0,276753.6,276753.6,279448.3,2694.7,2694.7,271.3,0.100679,1,p:2.1.2.1.2.2
U5168,207,FUSE1,276789.2,276789.2,279676.1,2886.9,2886.9,333.3,0.115453,1,p:1.1.3.1.2.2
U5169,207,FUSE1,276880.0,276880.0,279721.9,2841.9,2841.9,333.3,0.117281,1,p:2.1.4.1.2.2
U5170,207,FUSE1,276885.0,276885.0,279663.1,2778.1,2778.1,333.3,0.119974,1,p:1.2.1.2.2.2
U5171,207,FUSE1,277045.8,277045.8,279758.9,2713.1,2713.1,333.3,0.122848,1,p:2.1.5.1.2.2
U5172,207,FUSE1,277091.6,277091.6,279753.9,2662.3,2662.3,333.3,0.125193,1,p:1.1.2.1.2.2
U5173,207,FUSE1,277127.2,277127.2,279981.7,2854.5,2854.5,333.3,0.116763,1,p:2.1.3.1.2.2
U5174,207,FUSE1,277218.0,277218.0,280027.5,2809.5,2809.5,333.3,0.118633,1,p:1.1.4.1.2.2
U5175,207,FUSE1,277223.0,277223.0,279968.7,2745.7,2745.7,333.3,0.12139,1,p:2.1.1.2.2.2
U5176,207,FUSE2,277370.8,277370.8,280096.9,2726.1,2726.1,365.7,0.134148,1,p:1.1.5.1.2.2
U5177,207,FUSE2,277383.8,277383.8,280091.9,2708.1,2708.1,365.7,0.135039,1,p:2.1.2.1.2.2
U5178,207,FUSE2,277429.6,277429.6,280319.7,2890.1,2890.1,365.7,0.126535,1,p:1.1.3.1.2.2
U5179,207,FUSE2,277461.6,277461.6,280365.5,2903.9,2903.9,365.7,0.125934,1,p:2.1.4.1.2.2
U5180,207,FUSE2,277466.6,277466.6,280306.7,2840.1,2840.1,365.7,0.128763,1,p:1.2.1.2.2.2
U5181,207,FUSE2,277614.4,277614.4,280429.9,2815.5,2815.5,365.7,0.129888,1,p:2.1.2.1.2.2
U5182,207,FUSE2,277627.4,277627.4,280434.9,2807.5,2807.5,365.7,0.130258,1,p:1.1.5.1.2.2
U5183,207,FUSE2,277673.2,277673.2,280657.7,2984.5,2984.5,365.7,0.122533,1,p:2.1.3.2.2.2
U5184,207,FUSE2,277705.2,277705.2,280703.5,2998.3,2998.3,365.7,0.121969,1,p:1.1.4.1.2.2
U5116,205,FUSE0,277710.2,277710.2,280550.3,2840.1,2840.1,271.3,0.095525,1,p:2.1.1.1.2.2
U5117,205,FUSE0,277871.0,277871.0,280678.5,2807.5,2807.5,271.3,0.096634,1,p:1.1.5.1.2.2
U5118,205,FUSE0,277916.8,277916.8,280673.5,2756.7,2756.7,271.3,0.098415,1,p:2.1.2.2.2.2
U5119,205,FUSE0,277921.4,277921.4,280793.9,2872.5,2872.5,271.3,0.094447,1,p:1.2.1.1.2.2
U5120,205,FUSE0,278010.8,278010.8,280922.1,2911.3,2911.3,271.3,0.093189,1,p:2.1.5.1.2.2
U5121,205,FUSE0,278015.8,278015.8,280901.3,2885.5,2885.5,271.3,0.094022,1,p:1.2.3.2.2.2
U5122,205,FUSE0,278176.6,278176.6,280947.1,2770.5,2770.5,271.3,0.097925,1,p:2.1.4.1.2.2
U5123,205,FUSE0,278222.4,278222.4,280917.1,2694.7,2694.7,271.3,0.100679,1,p:1.1.2.2.2.2
U5124,205,FUSE1,278227.0,278227.0,281099.5,2872.5,2872.5,333.3,0.116031,1,p:2.1.1.1.2.2
U5125,205,FUSE1,278316.4,278316.4,281227.7,2911.3,2911.3,333.3,0.114485,1,p:1.1.5.1.2.2
U5126,205,FUSE1,278321.4,278321.4,281206.9,2885.5,2885.5,333.3,0.115509,1,p:2.1.3.2.2.2
U5127,205,FUSE1,278482.2,278482.2,281252.7,2770.5,2770.5,333.3,0.120303,1,p:1.1.4.1.2.2
U5128,205,FUSE1,278528.0,278528.0,281222.7,2694.7,2694.7,333.3,0.123687,1,p:2.1.2.2.2.2
U5129,205,FUSE1,278563.6,278563.6,281405.1,2841.5,2841.5,333.3,0.117297,1,p:1.1.1.1.2.2
U5130,205,FUSE1,278654.4,278654.4,281533.3,2878.9,2878.9,333.3,0.115773,1,p:2.1.5.1.2.2
U5131,205,FUSE1,278659.4,278659.4,281512.5,2853.1,2853.1,333.3,0.11682,1,p:1.2.3.2.2.2
U5132,205,FUSE2,278820.2,278820.2,281590.7,2770.5,2770.5,365.7,0.131998,1,p:2.1.4.1.2.2
U5133,205,FUSE2,278866.0,278866.0,281560.7,2694.7,2694.7,365.7,0.135711,1,p:1.1.2.2.2.2
U5134,205,FUSE2,278901.6,278901.6,281743.1,2841.5,2841.5,365.7,0.1287,1,p:2.1.1.1.2.2
U5135,205,FUSE2,278992.4,278992.4,281871.3,2878.9,2878.9,365.7,0.127028,1,p:1.1.5.1.2.2
U5136,205,FUSE2,278997.4,278997.4,281850.5,2853.1,2853.1,365.7,0.128176,1,p:2.1.3.2.2.2
U5137,205,FUSE2,279145.2,279145.2,281928.7,2783.5,2783.5,365.7,0.131381,1,p:1.1.4.1.2.2
U5138,205,FUSE2,279158.2,279158.2,281898.7,2740.5,2740.5,365.7,0.133443,1,p:2.1.2.2.2.2
U7123,286,FUSE0,279204.0,279204.0,281986.7,2782.7,2782.7,271.3,0.097495,1,p:1.1.1.1.2.2
U7124,286,FUSE0,279236.0,279236.0,282114.9,2878.9,2878.9,271.3,0.094237,1,p:2.1.5.1.2.2
U7125,286,FUSE0,279241.0,279241.0,282094.1,2853.1,2853.1,271.3,0.09509,1,p:1.2.3.2.2.2
U7126,286,FUSE0,279388.8,279388.8,282142.3,2753.5,2753.5,271.3,0.098529,1,p:2.1.2.2.2.2
U7127,286,FUSE0,279401.8,279401.8,282172.3,2770.5,2770.5,271.3,0.097925,1,p:1.1.4.1.2.2
U7128,286,FUSE0,279447.6,279447.6,282230.3,2782.7,2782.7,271.3,0.097495,1,p:2.1.1.1.2.2
U7129,286,FUSE0,279479.6,279479.6,282358.5,2878.9,2878.9,271.3,0.094237,1,p:1.1.5.1.2.2
U7130,286,FUSE0,279484.6,279484.6,282337.7,2853.1,2853.1,271.3,0.09509,1,p:2.1.3.2.2.2
U7131,286,FUSE1,279694.4,279694.4,282477.9,2783.5,2783.5,333.3,0.119741,1,p:1.1.4.1.2.2
U7132,286,FUSE1,279707.4,279707.4,282447.9,2740.5,2740.5,333.3,0.12162,1,p:2.1.2.2.2.2
U7133,286,FUSE1,279753.2,279753.2,282535.9,2782.7,2782.7,333.3,0.119776,1,p:1.1.1.1.2.2
U7134,286,FUSE1,279785.2,279785.2,282664.1,2878.9,2878.9,333.3,0.115773,1,p:2.1.5.1.2.2
U7135,286,FUSE1,279790.2,279790.2,282643.3,2853.1,2853.1,333.3,0.11682,1,p:1.2.3.2.2.2
U7136,286,FUSE1,280000.0,280000.0,282753.5,2753.5,2753.5,333.3,0.121046,1,p:2.1.2.2.2.2
U7137,286,FUSE1,280013.0,280013.0,282783.5,2770.5,2770.5,333.3,0.120303,1,p:1.1.4.1.2.2
U7138,286,FUSE1,280058.8,280058.8,282841.5,2782.7,2782.7,333.3,0.119776,1,p:2.1.1.1.2.2
U7139,286,FUSE2,280123.2,280123.2,283002.1,2878.9,2878.9,365.7,0.127028,1,p:1.1.5.1.2.2
U7140,286,FUSE2,280128.2,280128.2,282981.3,2853.1,2853.1,365.7,0.128176,1,p:2.1.3.2.2.2
U7141,286,FUSE2,280338.0,280338.0,283121.5,2783.5,2783.5,365.7,0.131381,1,p:1.1.4.1.2.2
U7142,286,FUSE2,280351.0,280351.0,283091.5,2740.5,2740.5,365.7,0.133443,1,p:2.1.2.2.2.2
U7143,286,FUSE2,280396.8,280396.8,283179.5,2782.7,2782.7,365.7,0.131419,1,p:1.1.1.1.2.2
U7144,286,FUSE2,280461.2,280461.2,283340.1,2878.9,2878.9,365.7,0.127028,1,p:2.1.5.1.2.2
U7145,286,FUSE2,280466.2,280466.2,283319.3,2853.1,2853.1,365.7,0.128176,1,p:1.2.3.2.2.2
U7146,286,FUSE2,280581.6,280581.6,283459.5,2877.9,2877.9,365.7,0.127072,1,p:2.1.4.1.2.2
U7147,286,FUSE2,280689.0,280689.0,283429.5,2740.5,2740.5,365.7,0.133443,1,p:1.1.2.2.2.2
U2262,92,FUSE0,280704.8,280704.8,283423.1,2718.3,2718.3,271.3,0.099805,1,p:2.1.1.2.2.2
U2263,92,FUSE0,280709.8,280709.8,283583.7,2873.9,2873.9,271.3,0.094401,1,p:1.2.5.1.2.2
U2264,92,FUSE0,280734.8,280734.8,283562.9,2828.1,2828.1,271.3,0.09593,1,p:2.1.3.2.2.2
U2265,92,FUSE0,280825.2,280825.2,283703.1,2877.9,2877.9,271.3,0.09427,1,p:1.1.4.1.2.2
U2266,92,FUSE0,280932.6,280932.6,283666.7,2734.1,2734.1,271.3,0.099228,1,p:2.1.1.2.2.2
U2267,92,FUSE0,280948.4,280948.4,283673.1,2724.7,2724.7,271.3,0.099571,1,p:1.1.2.2.2.2
U2268,92,FUSE0,280953.4,280953.4,283827.3,2873.9,2873.9,271.3,0.094401,1,p:2.1.5.1.2.2
U2269,92,FUSE1,280978.4,280978.4,283868.5,2890.1,2890.1,333.3,0.115325,1,p:1.1.3.1.2.2
U2270,92,FUSE1,281130.8,281130.8,284008.7,2877.9,2877.9,333.3,0.115814,1,p:2.1.4.1.2.2
U2271,92,FUSE1,281238.2,281238.2,283978.7,2740.5,2740.5,333.3,0.12162,1,p:1.1.2.2.2.2
U2272,92,FUSE1,281254.0,281254.0,283972.3,2718.3,2718.3,333.3,0.122613,1,p:2.1.1.2.2.2
U2273,92,FUSE1,281259.0,281259.0,284132.9,2873.9,2873.9,333.3,0.115975,1,p:1.2.5.1.2.2
U2274,92,FUSE1,281284.0,281284.0,284174.1,2890.1,2890.1,333.3,0.115325,1,p:2.1.3.1.2.2
U2275,92,FUSE1,281436.4,281436.4,284314.9,2878.5,2878.5,333.3,0.115789,1,p:1.1.4.1.2.2
U2276,92,FUSE2,281543.8,281543.8,284319.5,2775.7,2775.7,365.7,0.131751,1,p:2.1.2.1.2.2
U2277,92,FUSE2,281564.6,281564.6,284310.3,2745.7,2745.7,365.7,0.13319,1,p:1.1.1.1.2.2
U2278,92,FUSE2,281592.0,281592.0,284470.9,2878.9,2878.9,365.7,0.127028,1,p:2.1.5.1.2.2
U2279,92,FUSE2,281622.0,281622.0,284512.1,2890.1,2890.1,365.7,0.126535,1,p:1.1.3.1.2.2
U2280,92,FUSE2,281774.4,281774.4,284652.3,2877.9,2877.9,365.7,0.127072,1,p:2.1.4.1.2.2
U2281,92,FUSE2,281881.8,281881.8,284656.9,2775.1,2775.1,365.7,0.131779,1,p:1.1.2.2.2.2
U2432,99,FUSE0,281902.6,281902.6,284553.9,2651.3,2651.3,271.3,0.102327,1,p:2.1.1.1.2.2
U2433,99,FUSE0,281930.0,281930.0,284714.5,2784.5,2784.5,271.3,0.097432,1,p:1.1.5.1.2.2
U2434,99,FUSE0,281960.0,281960.0,284755.7,2795.7,2795.7,271.3,0.097042,1,p:2.1.3.1.2.2
U2435,99,FUSE0,282018.0,282018.0,284797.5,2779.5,2779.5,271.3,0.097607,1,p:1.1.1.1.2.2
U2436,99,FUSE0,282125.4,282125.4,284895.9,2770.5,2770.5,271.3,0.097925,1,p:2.1.4.1.2.2
U2437,99,FUSE0,282146.2,282146.2,284958.1,2811.9,2811.9,271.3,0.096483,1,p:1.1.5.1.2.2
U2438,99,FUSE1,282173.6,282173.6,284962.7,2789.1,2789.1,333.3,0.119501,1,p:2.1.2.1.2.2
U2439,99,FUSE1,282203.6,282203.6,285061.3,2857.7,2857.7,333.3,0.116632,1,p:1.1.3.1.2.2
U2440,99,FUSE1,282261.6,282261.6,285103.1,2841.5,2841.5,333.3,0.117297,1,p:2.1.1.1.2.2
U2441,99,FUSE1,282369.0,282369.0,285201.5,2832.5,2832.5,333.3,0.11767,1,p:1.1.4.1.2.2
U2442,99,FUSE1,282389.8,282389.8,285263.7,2873.9,2873.9,333.3,0.115975,1,p:2.1.5.1.2.2
U2443,99,FUSE1,282479.2,282479.2,285268.3,2789.1,2789.1,333.3,0.119501,1,p:1.1.2.1.2.2
U2444,99,FUSE2,282509.2,282509.2,285399.3,2890.1,2890.1,365.7,0.126535,1,p:2.1.3.1.2.2
U2445,99,FUSE2,282567.2,282567.2,285441.1,2873.9,2873.9,365.7,0.127249,1,p:1.1.1.1.2.2
U2446,99,FUSE2,282674.6,282674.6,285539.5,2864.9,2864.9,365.7,0.127648,1,p:2.1.4.1.2.2
U2447,99,FUSE2,282695.4,282695.4,285601.7,2906.3,2906.3,365.7,0.12583,1,p:1.1.5.1.2.2
U2448,99,FUSE2,282784.8,282784.8,285606.3,2821.5,2821.5,365.7,0.129612,1,p:2.1.2.1.2.2
U2449,99,FUSE2,282814.8,282814.8,285737.3,2922.5,2922.5,365.7,0.125133,1,p:1.1.3.1.2.2
U2450,99,FUSE2,282872.8,282872.8,285779.1,2906.3,2906.3,365.7,0.12583,1,p:2.1.1.2.2.2
U7576,304,FUSE0,283012.6,283012.6,285783.7,2771.1,2771.1,271.3,0.097903,1,p:1.1.4.1.2.2
U7577,304,FUSE0,283033.4,283033.4,285845.3,2811.9,2811.9,271.3,0.096483,1,p:2.1.5.1.2.2
U7578,304,FUSE0,283122.8,283122.8,285849.9,2727.1,2727.1,271.3,0.099483,1,p:1.1.2.1.2.2
U7579,304,FUSE0,283152.8,283152.8,285980.9,2828.1,2828.1,271.3,0.09593,1,p:2.1.3.1.2.2
U7580,304,FUSE0,283210.8,283210.8,286027.3,2816.5,2816.5,271.3,0.096325,1,p:1.1.4.1.2.2
U7581,304,FUSE0,283350.6,283350.6,286088.9,2738.3,2738.3,271.3,0.099076,1,p:2.1.5.1.2.2
U7582,304,FUSE0,283371.4,283371.4,286022.7,2651.3,2651.3,271.3,0.102327,1,p:1.1.1.2.2.2
U7583,304,FUSE0,283454.4,283454.4,286093.5,2639.1,2639.1,271.3,0.1028,1,p:2.1.2.1.2.2
U7584,304,FUSE1,283460.8,283460.8,286286.5,2825.7,2825.7,333.3,0.117953,1,p:1.2.3.1.2.2
U7585,304,FUSE1,283490.8,283490.8,286332.9,2842.1,2842.1,333.3,0.117272,1,p:2.1.4.1.2.2
U7586,304,FUSE1,283594.2,283594.2,286394.5,2800.3,2800.3,333.3,0.119023,1,p:1.1.5.1.2.2
U7587,304,FUSE1,283615.0,283615.0,286328.3,2713.3,2713.3,333.3,0.122839,1,p:2.1.1.2.2.2
U7588,304,FUSE1,283698.0,283698.0,286399.1,2701.1,2701.1,333.3,0.123394,1,p:1.1.2.1.2.2
U7589,304,FUSE1,283704.4,283704.4,286592.1,2887.7,2887.7,333.3,0.115421,1,p:2.1.3.1.2.2
U7590,304,FUSE1,283734.4,283734.4,286638.5,2904.1,2904.1,333.3,0.114769,1,p:1.1.4.1.2.2
U7591,304,FUSE1,283858.6,283858.6,286700.1,2841.5,2841.5,333.3,0.117297,1,p:2.1.5.1.2.2
U7592,304,FUSE1,283899.8,283899.8,286633.9,2734.1,2734.1,333.3,0.121905,1,p:1.1.1.2.2.2
U7593,304,FUSE2,284003.6,284003.6,286734.7,2731.1,2731.1,365.7,0.133902,1,p:2.1.2.1.2.2
U7594,304,FUSE2,284010.0,284010.0,286930.1,2920.1,2920.1,365.7,0.125235,1,p:1.2.3.1.2.2
U7595,304,FUSE2,284040.0,284040.0,286976.5,2936.5,2936.5,365.7,0.124536,1,p:2.1.4.1.2.2
U7596,304,FUSE2,284164.2,284164.2,287038.1,2873.9,2873.9,365.7,0.127249,1,p:1.1.5.1.2.2
U7597,304,FUSE2,284205.4,284205.4,286971.9,2766.5,2766.5,365.7,0.132189,1,p:2.1.1.2.2.2
U7598,304,FUSE2,284341.6,284341.6,287072.7,2731.1,2731.1,365.7,0.133902,1,p:1.1.2.1.2.2
U7599,304,FUSE2,284346.2,284346.2,287268.1,2921.9,2921.9,365.7,0.125158,1,p:2.1.3.1.2.2
U7600,304,FUSE2,284350.8,284350.8,287313.9,2963.1,2963.1,365.7,0.123418,1,p:1.2.4.1.2.2
U7601,304,FUSE2,284502.2,284502.2,287376.1,2873.9,2873.9,365.7,0.127249,1,p:2.1.5.1.2.2
U8095,324,FUSE0,284543.4,284543.4,287215.5,2672.1,2672.1,271.3,0.101531,1,p:1.1.1.1.2.2
U8096,324,FUSE0,284585.2,284585.2,287318.5,2733.3,2733.3,271.3,0.099257,1,p:2.1.2.2.2.2
U8097,324,FUSE0,284683.6,284683.6,287459.1,2775.5,2775.5,271.3,0.097748,1,p:1.1.1.1.2.2
U8098,324,FUSE0,284688.2,284688.2,287511.7,2823.5,2823.5,271.3,0.096086,1,p:2.1.3.1.2.2
U8099,324,FUSE0,284745.8,284745.8,287557.5,2811.7,2811.7,271.3,0.09649,1,p:1.1.4.1.2.2
U8100,324,FUSE0,284787.0,284787.0,287619.7,2832.7,2832.7,271.3,0.095774,1,p:2.1.5.1.2.2
U8101,324,FUSE0,284828.8,284828.8,287562.1,2733.3,2733.3,271.3,0.099257,1,p:1.1.2.2.2.2
U8102,324,FUSE0,284927.2,284927.2,287702.7,2775.5,2775.5,271.3,0.097748,1,p:2.1.1.1.2.2
U8103,324,FUSE1,284989.4,284989.4,287817.3,2827.9,2827.9,333.3,0.117861,1,p:1.1.3.1.2.2
U8104,324,FUSE1,284994.0,284994.0,287863.1,2869.1,2869.1,333.3,0.116169,1,p:2.1.4.1.2.2
U8105,324,FUSE1,285092.6,285092.6,287925.3,2832.7,2832.7,333.3,0.117662,1,p:1.1.5.1.2.2
U8106,324,FUSE1,285134.4,285134.4,287867.7,2733.3,2733.3,333.3,0.121941,1,p:2.1.2.2.2.2
U8107,324,FUSE1,285232.8,285232.8,288008.3,2775.5,2775.5,333.3,0.120086,1,p:1.1.1.1.2.2
U8108,324,FUSE1,285295.0,285295.0,288122.9,2827.9,2827.9,333.3,0.117861,1,p:2.1.3.1.2.2
U8109,324,FUSE1,285299.6,285299.6,288168.7,2869.1,2869.1,333.3,0.116169,1,p:1.2.4.1.2.2
U8110,324,FUSE1,285430.6,285430.6,288230.9,2800.3,2800.3,333.3,0.119023,1,p:2.1.5.1.2.2
U8111,324,FUSE2,285472.4,285472.4,288203.5,2731.1,2731.1,365.7,0.133902,1,p:1.1.2.2.2.2
U8112,324,FUSE2,285570.8,285570.8,288346.3,2775.5,2775.5,365.7,0.13176,1,p:2.1.1.1.2.2
U8113,324,FUSE2,285633.0,285633.0,288460.9,2827.9,2827.9,365.7,0.129319,1,p:1.1.3.1.2.2
U8114,324,FUSE2,285637.6,285637.6,288506.7,2869.1,2869.1,365.7,0.127462,1,p:2.1.4.1.2.2
U8115,324,FUSE2,285768.6,285768.6,288568.9,2800.3,2800.3,365.7,0.130593,1,p:1.1.5.1.2.2
U8116,324,FUSE2,285810.4,285810.4,288541.5,2731.1,2731.1,365.7,0.133902,1,p:2.1.2.2.2.2
U8117,324,FUSE2,285815.0,285815.0,288684.3,2869.3,2869.3,365.7,0.127453,1,p:1.2.1.1.2.2
U8118,324,FUSE2,285876.6,285876.6,288798.9,2922.3,2922.3,365.7,0.125141,1,p:2.1.3.1.2.2
U8119,324,FUSE2,285881.2,285881.2,288844.7,2963.5,2963.5,365.7,0.123401,1,p:1.2.4.1.2.2
U1310,54,FUSE0,286012.2,286012.2,288812.5,2800.3,2800.3,271.3,0.096882,1,p:2.1.5.1.2.2
U1311,54,FUSE0,286054.0,286054.0,288785.1,2731.1,2731.1,271.3,0.099337,1,p:1.1.2.2.2.2
U1312,54,FUSE0,286058.6,286058.6,288927.9,2869.3,2869.3,271.3,0.094553,1,p:2.1.1.1.2.2
U1313,54,FUSE0,286120.2,286120.2,289056.1,2935.9,2935.9,271.3,0.092408,1,p:1.1.5.1.2.2
U1314,54,FUSE0,286124.8,286124.8,289042.5,2917.7,2917.7,271.3,0.092984,1,p:2.1.3.1.2.2
U1315,54,FUSE0,286317.8,286317.8,289028.7,2710.9,2710.9,271.3,0.100077,1,p:1.1.2.2.2.2
U1316,54,FUSE0,286359.6,286359.6,289088.3,2728.7,2728.7,271.3,0.099425,1,p:2.1.4.1.2.2
U1317,54,FUSE0,286364.2,286364.2,289171.5,2807.3,2807.3,271.3,0.096641,1,p:1.2.1.1.2.2
U1318,54,FUSE1,286425.8,286425.8,289361.7,2935.9,2935.9,333.3,0.113526,1,p:2.1.5.1.2.2
U1319,54,FUSE1,286430.4,286430.4,289348.1,2917.7,2917.7,333.3,0.114234,1,p:1.2.3.1.2.2
U1320,54,FUSE1,286623.4,286623.4,289334.3,2710.9,2710.9,333.3,0.122948,1,p:2.1.2.2.2.2
U1321,54,FUSE1,286665.2,286665.2,289393.9,2728.7,2728.7,333.3,0.122146,1,p:1.1.4.1.2.2
U1322,54,FUSE1,286669.8,286669.8,289477.1,2807.3,2807.3,333.3,0.118726,1,p:2.1.1.1.2.2
U1323,54,FUSE1,286731.4,286731.4,289667.3,2935.9,2935.9,333.3,0.113526,1,p:1.1.5.1.2.2
U1324,54,FUSE1,286766.0,286766.0,289653.7,2887.7,2887.7,333.3,0.115421,1,p:2.1.3.1.2.2
U1325,54,FUSE1,286961.4,286961.4,289639.9,2678.5,2678.5,333.3,0.124435,1,p:1.1.2.2.2.2
U1326,54,FUSE2,287003.2,287003.2,289731.9,2728.7,2728.7,365.7,0.13402,1,p:2.1.4.1.2.2
U1327,54,FUSE2,287007.8,287007.8,289815.1,2807.3,2807.3,365.7,0.130268,1,p:1.2.1.1.2.2
U1328,54,FUSE2,287069.4,287069.4,290005.3,2935.9,2935.9,365.7,0.124561,1,p:2.1.5.1.2.2
U1329,54,FUSE2,287104.0,287104.0,289991.7,2887.7,2887.7,365.7,0.126641,1,p:1.1.3.1.2.2
U1330,54,FUSE2,287246.8,287246.8,289977.9,2731.1,2731.1,365.7,0.133902,1,p:2.1.2.2.2.2
U1331,54,FUSE2,287299.4,287299.4,290069.9,2770.5,2770.5,365.7,0.131998,1,p:1.1.4.1.2.2
U1332,54,FUSE2,287345.2,287345.2,290153.1,2807.9,2807.9,365.7,0.13024,1,p:2.1.1.1.2.2
U8291,332,FUSE0,287349.8,287349.8,290248.9,2899.1,2899.1,271.3,0.093581,1,p:1.2.5.1.2.2
U8292,332,FUSE0,287407.4,287407.4,290235.3,2827.9,2827.9,271.3,0.095937,1,p:2.1.3.1.2.2
U8293,332,FUSE0,287490.4,287490.4,290221.5,2731.1,2731.1,271.3,0.099337,1,p:1.1.2.2.2.2
U8294,332,FUSE0,287543.0,287543.0,290313.5,2770.5,2770.5,271.3,0.097925,1,p:2.1.4.1.2.2
U8295,332,FUSE0,287588.8,287588.8,290396.7,2807.9,2807.9,271.3,0.09662,1,p:1.1.1.1.2.2
U8296,332,FUSE0,287593.4,287593.4,290492.5,2899.1,2899.1,271.3,0.093581,1,p:2.1.5.1.2.2
U8297,332,FUSE0,287651.0,287651.0,290478.9,2827.9,2827.9,271.3,0.095937,1,p:1.1.3.1.2.2
U8298,332,FUSE0,287734.0,287734.0,290465.1,2731.1,2731.1,271.3,0.099337,1,p:2.1.2.2.2.2
U8299,332,FUSE0,287848.6,287848.6,290557.1,2708.5,2708.5,271.3,0.100166,1,p:1.1.4.1.2.2
U8300,332,FUSE1,287894.4,287894.4,290702.3,2807.9,2807.9,333.3,0.118701,1,p:2.1.1.1.2.2
U8301,332,FUSE1,287899.0,287899.0,290798.1,2899.1,2899.1,333.3,0.114967,1,p:1.2.5.1.2.2
U8302,332,FUSE1,287956.6,287956.6,290784.5,2827.9,2827.9,333.3,0.117861,1,p:2.1.3.1.2.2
U8303,332,FUSE1,288039.6,288039.6,290770.7,2731.1,2731.1,333.3,0.122039,1,p:1.1.2.2.2.2
U8304,332,FUSE1,288154.2,288154.2,290862.7,2708.5,2708.5,333.3,0.123057,1,p:2.1.4.1.2.2
U8305,332,FUSE1,288200.0,288200.0,291007.9,2807.9,2807.9,333.3,0.118701,1,p:1.1.1.1.2.2
U8306,332,FUSE1,288234.8,288234.8,291103.7,2868.9,2868.9,333.3,0.116177,1,p:2.1.5.1.2.2
U8307,332,FUSE1,288262.2,288262.2,291090.1,2827.9,2827.9,333.3,0.117861,1,p:1.1.3.1.2.2
U8308,332,FUSE1,288377.6,288377.6,291076.3,2698.7,2698.7,333.3,0.123504,1,p:2.1.2.2.2.2
U8309,332,FUSE2,288492.2,288492.2,291200.7,2708.5,2708.5,365.7,0.135019,1,p:1.1.4.1.2.2
U8310,332,FUSE2,288538.0,288538.0,291345.9,2807.9,2807.9,365.7,0.13024,1,p:2.1.1.1.2.2
U8311,332,FUSE2,288572.8,288572.8,291441.7,2868.9,2868.9,365.7,0.12747,1,p:1.1.5.1.2.2
U8312,332,FUSE2,288600.2,288600.2,291428.1,2827.9,2827.9,365.7,0.129319,1,p:2.1.3.1.2.2
U8313,332,FUSE2,288715.6,288715.6,291414.3,2698.7,2698.7,365.7,0.13551,1,p:1.1.2.2.2.2
U8314,332,FUSE2,288816.4,288816.4,291683.9,2867.5,2867.5,365.7,0.127533,1,p:2.1.1.1.2.2
U8315,332,FUSE2,288830.2,288830.2,291538.7,2708.5,2708.5,365.7,0.135019,1,p:1.1.4.1.2.2
U8316,332,FUSE2,288843.8,288843.8,291779.7,2935.9,2935.9,365.7,0.124561,1,p:2.1.5.1.2.2
U1430,59,FUSE0,288876.0,288876.0,291671.7,2795.7,2795.7,271.3,0.097042,1,p:1.1.3.1.2.2
U1431,59,FUSE0,288959.2,288959.2,291657.9,2698.7,2698.7,271.3,0.10053,1,p:2.1.2.1.2.2
U1432,59,FUSE0,289060.0,289060.0,291784.3,2724.3,2724.3,271.3,0.099585,1,p:1.1.4.1.2.2
U1433,59,FUSE0,289073.8,289073.8,291901.5,2827.7,2827.7,271.3,0.095944,1,p:2.1.2.1.2.2
U1434,59,FUSE0,289087.4,289087.4,291915.3,2827.9,2827.9,271.3,0.095937,1,p:1.1.3.1.2.2
U1435,59,FUSE0,289119.6,289119.6,291927.5,2807.9,2807.9,271.3,0.09662,1,p:2.1.1.1.2.2
U1436,59,FUSE0,289202.8,289202.8,292023.3,2820.5,2820.5,271.3,0.096189,1,p:1.1.5.1.2.2
U1437,59,FUSE0,289365.6,289365.6,292158.9,2793.3,2793.3,271.3,0.097125,1,p:2.1.3.1.2.2
U1438,59,FUSE1,289379.4,289379.4,292087.9,2708.5,2708.5,333.3,0.123057,1,p:1.1.4.1.2.2
U1439,59,FUSE1,289393.0,289393.0,292207.1,2814.1,2814.1,333.3,0.118439,1,p:2.1.2.1.2.2
U1440,59,FUSE1,289425.2,289425.2,292233.1,2807.9,2807.9,333.3,0.118701,1,p:1.1.1.1.2.2
U1441,59,FUSE1,289508.4,289508.4,292328.9,2820.5,2820.5,333.3,0.118171,1,p:2.1.5.1.2.2
U1442,59,FUSE1,289671.2,289671.2,292393.5,2722.3,2722.3,333.3,0.122433,1,p:1.1.4.1.2.2
U1443,59,FUSE1,289685.0,289685.0,292512.7,2827.7,2827.7,333.3,0.11787,1,p:2.1.2.1.2.2
U1444,59,FUSE1,289698.6,289698.6,292464.5,2765.9,2765.9,333.3,0.120503,1,p:1.1.3.1.2.2
U1445,59,FUSE1,289763.2,289763.2,292538.7,2775.5,2775.5,333.3,0.120086,1,p:2.1.1.1.2.2
U1446,59,FUSE2,289846.4,289846.4,292666.9,2820.5,2820.5,365.7,0.129658,1,p:1.1.5.1.2.2
U1447,59,FUSE2,290009.2,290009.2,292802.5,2793.3,2793.3,365.7,0.13092,1,p:2.1.3.1.2.2
U1448,59,FUSE2,290023.0,290023.0,292731.5,2708.5,2708.5,365.7,0.135019,1,p:1.1.4.1.2.2
U1449,59,FUSE2,290036.6,290036.6,292850.7,2814.1,2814.1,365.7,0.129953,1,p:2.1.2.1.2.2
U1450,59,FUSE2,290101.2,290101.2,292876.7,2775.5,2775.5,365.7,0.13176,1,p:1.1.1.1.2.2
U1451,59,FUSE2,290184.4,290184.4,293004.9,2820.5,2820.5,365.7,0.129658,1,p:2.1.5.1.2.2
U1452,59,FUSE2,290252.8,290252.8,293069.5,2816.7,2816.7,365.7,0.129833,1,p:1.1.4.1.2.2
U1453,59,FUSE2,290266.6,290266.6,293188.7,2922.1,2922.1,365.7,0.12515,1,p:2.1.2.2.2.2
U1652,68,FUSE0,290280.2,290280.2,293046.1,2765.9,2765.9,271.3,0.098087,1,p:1.1.3.1.2.2
U1653,68,FUSE0,290344.8,290344.8,293120.3,2775.5,2775.5,271.3,0.097748,1,p:2.1.1.1.2.2
U1654,68,FUSE0,290428.0,290428.0,293248.5,2820.5,2820.5,271.3,0.096189,1,p:1.1.5.1.2.2
U1655,68,FUSE0,290496.4,290496.4,293313.1,2816.7,2816.7,271.3,0.096318,1,p:2.1.4.1.2.2
U1656,68,FUSE0,290510.2,290510.2,293289.7,2779.5,2779.5,271.3,0.097607,1,p:1.1.3.1.2.2
U1657,68,FUSE0,290523.8,290523.8,293363.9,2840.1,2840.1,271.3,0.095525,1,p:2.1.1.1.2.2
U1658,68,FUSE0,290588.4,290588.4,293492.1,2903.7,2903.7,271.3,0.093433,1,p:1.1.5.1.2.2
U1659,68,FUSE0,290733.6,290733.6,293432.3,2698.7,2698.7,271.3,0.10053,1,p:2.1.2.2.2.2
U1660,68,FUSE0,290802.0,290802.0,293533.3,2731.3,2731.3,271.3,0.09933,1,p:1.1.3.1.2.2
U1661,68,FUSE1,290815.8,290815.8,293669.5,2853.7,2853.7,333.3,0.116796,1,p:2.1.1.1.2.2
U1662,68,FUSE1,290829.4,290829.4,293618.7,2789.3,2789.3,333.3,0.119492,1,p:1.1.4.1.2.2
U1663,68,FUSE1,290894.0,290894.0,293797.7,2903.7,2903.7,333.3,0.114785,1,p:2.1.5.1.2.2
U1664,68,FUSE1,291039.2,291039.2,293737.9,2698.7,2698.7,333.3,0.123504,1,p:1.1.2.2.2.2
U1665,68,FUSE1,291107.6,291107.6,293924.3,2816.7,2816.7,333.3,0.11833,1,p:2.1.4.1.2.2
U1666,68,FUSE1,291121.4,291121.4,293838.9,2717.5,2717.5,333.3,0.122649,1,p:1.1.3.1.2.2
U1667,68,FUSE1,291135.0,291135.0,293975.1,2840.1,2840.1,333.3,0.117355,1,p:2.1.1.1.2.2
U1668,68,FUSE1,291232.0,291232.0,294103.3,2871.3,2871.3,333.3,0.11608,1,p:1.1.5.1.2.2
U1669,68,FUSE1,291377.2,291377.2,294043.5,2666.3,2666.3,333.3,0.125005,1,p:2.1.2.2.2.2
U1670,68,FUSE2,291445.6,291445.6,294176.9,2731.3,2731.3,365.7,0.133892,1,p:1.1.3.1.2.2
U1671,68,FUSE2,291459.4,291459.4,294313.1,2853.7,2853.7,365.7,0.128149,1,p:2.1.1.1.2.2
U1672,68,FUSE2,291473.0,291473.0,294262.3,2789.3,2789.3,365.7,0.131108,1,p:1.1.4.1.2.2
U1673,68,FUSE2,291570.0,291570.0,294441.3,2871.3,2871.3,365.7,0.127364,1,p:2.1.5.1.2.2
U1674,68,FUSE2,291689.2,291689.2,294381.5,2692.3,2692.3,365.7,0.135832,1,p:1.1.2.2.2.2
U1675,68,FUSE2,291703.0,291703.0,294600.3,2897.3,2897.3,365.7,0.126221,1,p:2.1.4.1.2.2
U1676,68,FUSE2,291715.2,291715.2,294514.9,2799.7,2799.7,365.7,0.130621,1,p:1.1.3.1.2.2
U1677,68,FUSE2,291811.0,291811.0,294651.1,2840.1,2840.1,365.7,0.128763,1,p:2.1.1.1.2.2
U1678,68,FUSE2,291815.6,291815.6,294779.3,2963.7,2963.7,365.7,0.123393,1,p:1.2.5.1.2.2
U1679,68,FUSE2,291932.8,291932.8,294852.9,2920.1,2920.1,365.7,0.125235,1,p:2.1.3.1.2.2
U3228,131,FUSE0,291946.6,291946.6,294625.1,2678.5,2678.5,271.3,0.101288,1,p:1.1.2.1.2.2
U3229,131,FUSE0,291958.8,291958.8,294843.9,2885.1,2885.1,271.3,0.094035,1,p:2.1.4.1.2.2
U3230,131,FUSE0,292054.6,292054.6,294868.7,2814.1,2814.1,271.3,0.096407,1,p:1.1.2.1.2.2
U3231,131,FUSE0,292119.2,292119.2,294894.7,2775.5,2775.5,271.3,0.097748,1,p:2.1.1.1.2.2
U3232,131,FUSE0,292190.2,292190.2,295022.9,2832.7,2832.7,271.3,0.095774,1,p:1.1.5.1.2.2
U3233,131,FUSE0,292238.4,292238.4,295087.5,2849.1,2849.1,271.3,0.095223,1,p:2.1.4.1.2.2
U3234,131,FUSE0,292264.4,292264.4,295096.5,2832.1,2832.1,271.3,0.095795,1,p:1.1.3.1.2.2
U3235,131,FUSE0,292360.2,292360.2,295112.3,2752.1,2752.1,271.3,0.098579,1,p:2.1.2.1.2.2
U3236,131,FUSE0,292424.8,292424.8,295138.3,2713.5,2713.5,271.3,0.099982,1,p:1.1.1.1.2.2
U3237,131,FUSE1,292495.8,292495.8,295328.5,2832.7,2832.7,333.3,0.117662,1,p:2.1.5.1.2.2
U3238,131,FUSE1,292544.0,292544.0,295393.1,2849.1,2849.1,333.3,0.116984,1,p:1.1.4.1.2.2
U3239,131,FUSE1,292570.0,292570.0,295402.1,2832.1,2832.1,333.3,0.117687,1,p:2.1.3.1.2.2
U3240,131,FUSE1,292698.2,292698.2,295417.9,2719.7,2719.7,333.3,0.12255,1,p:1.1.2.1.2.2
U3241,131,FUSE1,292762.8,292762.8,295443.9,2681.1,2681.1,333.3,0.124315,1,p:2.1.1.1.2.2
U3242,131,FUSE1,292833.8,292833.8,295634.1,2800.3,2800.3,333.3,0.119023,1,p:1.1.5.1.2.2
U3243,131,FUSE1,292882.0,292882.0,295698.7,2816.7,2816.7,333.3,0.11833,1,p:2.1.4.1.2.2
U3244,131,FUSE1,292908.0,292908.0,295707.7,2799.7,2799.7,333.3,0.119048,1,p:1.1.3.1.2.2
U3245,131,FUSE1,293036.2,293036.2,295723.5,2687.3,2687.3,333.3,0.124028,1,p:2.1.2.1.2.2
U3246,131,FUSE2,293077.4,293077.4,295781.9,2704.5,2704.5,365.7,0.135219,1,p:1.1.1.1.2.2
U3247,131,FUSE2,293100.8,293100.8,295972.1,2871.3,2871.3,365.7,0.127364,1,p:2.1.5.1.2.2
U3248,131,FUSE2,293151.6,293151.6,296036.7,2885.1,2885.1,365.7,0.126755,1,p:1.1.4.1.2.2
U3249,131,FUSE2,293220.0,293220.0,296045.7,2825.7,2825.7,365.7,0.129419,1,p:2.1.3.1.2.2
U3250,131,FUSE2,293279.8,293279.8,296061.5,2781.7,2781.7,365.7,0.131466,1,p:1.1.2.1.2.2
U3251,131,FUSE2,293321.0,293321.0,296119.9,2798.9,2798.9,365.7,0.130658,1,p:2.1.1.1.2.2
U3252,131,FUSE2,293344.4,293344.4,296330.1,2985.7,2985.7,365.7,0.122484,1,p:1.1.5.1.2.1
U3253,131,FUSE2,293395.2,293395.2,296374.7,2979.5,2979.5,365.7,0.122739,1,p:2.1.4.1.2.2
U1828,75,FUSE0,293463.6,293463.6,296329.3,2865.7,2865.7,271.3,0.094671,1,p:1.1.3.2.1.2
U1829,75,FUSE0,293523.4,293523.4,296305.1,2781.7,2781.7,271.3,0.09753,1,p:2.1.2.1.2.2
U1830,75,FUSE0,293564.6,293564.6,296363.5,2798.9,2798.9,271.3,0.096931,1,p:1.1.1.1.2.2
U1831,75,FUSE0,293650.0,293650.0,296573.7,2923.7,2923.7,271.3,0.092793,1,p:2.1.5.1.2.1
U1832,75,FUSE0,293700.8,293700.8,296572.9,2872.1,2872.1,271.3,0.09446,1,p:1.1.3.2.1.2
U1833,75,FUSE0,293769.2,293769.2,296548.7,2779.5,2779.5,271.3,0.097607,1,p:2.1.2.1.2.2
U1834,75,FUSE0,293829.0,293829.0,296618.3,2789.3,2789.3,271.3,0.097265,1,p:1.1.4.1.2.2
U1835,75,FUSE0,293870.2,293870.2,296607.1,2736.9,2736.9,271.3,0.099127,1,p:2.1.1.1.2.2
U1836,75,FUSE0,293955.6,293955.6,296797.3,2841.7,2841.7,271.3,0.095471,1,p:1.1.5.1.2.2
U1837,75,FUSE1,294006.4,294006.4,296838.5,2832.1,2832.1,333.3,0.117687,1,p:2.1.3.1.2.2
U1838,75,FUSE1,294074.8,294074.8,296854.3,2779.5,2779.5,333.3,0.119914,1,p:1.1.2.1.2.2
U1839,75,FUSE1,294134.6,294134.6,296923.9,2789.3,2789.3,333.3,0.119492,1,p:2.1.4.1.2.2
U1840,75,FUSE1,294208.2,294208.2,296912.7,2704.5,2704.5,333.3,0.123239,1,p:1.1.1.1.2.2
U1841,75,FUSE1,294293.6,294293.6,297102.9,2809.3,2809.3,333.3,0.118642,1,p:2.1.5.1.2.2
U1842,75,FUSE1,294344.4,294344.4,297144.1,2799.7,2799.7,333.3,0.119048,1,p:1.1.3.1.2.2
U1843,75,FUSE1,294412.8,294412.8,297159.9,2747.1,2747.1,333.3,0.121328,1,p:2.1.2.1.2.2
U1844,75,FUSE1,294472.6,294472.6,297229.5,2756.9,2756.9,333.3,0.120897,1,p:1.1.4.1.2.2
U1845,75,FUSE1,294546.2,294546.2,297218.3,2672.1,2672.1,333.3,0.124733,1,p:2.1.1.1.2.2
U1846,75,FUSE2,294631.6,294631.6,297440.9,2809.3,2809.3,365.7,0.130175,1,p:1.1.5.1.2.2
U1847,75,FUSE2,294656.4,294656.4,297482.1,2825.7,2825.7,365.7,0.129419,1,p:2.1.3.1.2.2
U1848,75,FUSE2,294682.4,294682.4,297497.9,2815.5,2815.5,365.7,0.129888,1,p:1.1.2.1.2.2
U1849,75,FUSE2,294810.6,294810.6,297567.5,2756.9,2756.9,365.7,0.132649,1,p:2.1.4.1.2.2
U1850,75,FUSE2,294875.2,294875.2,297556.3,2681.1,2681.1,365.7,0.136399,1,p:1.1.1.1.2.2
U1851,75,FUSE2,294884.2,294884.2,297820.1,2935.9,2935.9,365.7,0.124561,1,p:2.1.3.1.2.2
U1852,75,FUSE2,294900.0,294900.0,297778.9,2878.9,2878.9,365.7,0.127028,1,p:1.1.5.1.2.2
U1853,75,FUSE2,294926.0,294926.0,297835.9,2909.9,2909.9,365.7,0.125674,1,p:2.1.2.1.2.2
U1854,75,FUSE2,295054.2,295054.2,297905.5,2851.3,2851.3,365.7,0.128257,1,p:1.1.4.1.2.2
U5760,231,FUSE0,295118.8,295118.8,297799.9,2681.1,2681.1,271.3,0.10119,1,p:2.1.1.2.2.2
U5761,231,FUSE0,295127.8,295127.8,298022.5,2894.7,2894.7,271.3,0.093723,1,p:1.2.5.1.2.2
U5762,231,FUSE0,295143.6,295143.6,298063.7,2920.1,2920.1,271.3,0.092908,1,p:2.1.3.1.2.2
U5763,231,FUSE0,295169.6,295169.6,298043.5,2873.9,2873.9,271.3,0.094401,1,p:1.1.1.2.2.2
U5764,231,FUSE0,295359.8,295359.8,298079.5,2719.7,2719.7,271.3,0.099754,1,p:2.1.2.1.2.2
U5765,231,FUSE0,295424.4,295424.4,298149.1,2724.7,2724.7,271.3,0.099571,1,p:1.1.4.1.2.2
U5766,231,FUSE0,295433.4,295433.4,298307.3,2873.9,2873.9,271.3,0.094401,1,p:2.1.3.1.2.2
U5767,231,FUSE0,295449.2,295449.2,298266.1,2816.9,2816.9,271.3,0.096312,1,p:1.1.5.1.2.2
U5768,231,FUSE1,295475.2,295475.2,298349.1,2873.9,2873.9,333.3,0.115975,1,p:2.1.1.1.2.2
U5769,231,FUSE1,295665.4,295665.4,298385.1,2719.7,2719.7,333.3,0.12255,1,p:1.1.2.1.2.2
U5770,231,FUSE1,295730.0,295730.0,298454.7,2724.7,2724.7,333.3,0.122325,1,p:2.1.4.1.2.2
U5771,231,FUSE1,295739.0,295739.0,298571.7,2832.7,2832.7,333.3,0.117662,1,p:1.2.5.1.2.2
U5772,231,FUSE1,295754.8,295754.8,298612.9,2858.1,2858.1,333.3,0.116616,1,p:2.1.3.1.2.2
U5773,231,FUSE1,295813.2,295813.2,298654.7,2841.5,2841.5,333.3,0.117297,1,p:1.1.1.1.2.2
U5774,231,FUSE1,296003.4,296003.4,298690.7,2687.3,2687.3,333.3,0.124028,1,p:2.1.2.1.2.2
U5775,231,FUSE1,296068.0,296068.0,298760.3,2692.3,2692.3,333.3,0.123797,1,p:1.1.4.1.2.2
U5776,231,FUSE2,296077.0,296077.0,298950.9,2873.9,2873.9,365.7,0.127249,1,p:2.1.3.1.2.2
U5777,231,FUSE2,296092.8,296092.8,298909.7,2816.9,2816.9,365.7,0.129824,1,p:1.1.5.1.2.2
U5778,231,FUSE2,296151.2,296151.2,298992.7,2841.5,2841.5,365.7,0.1287,1,p:2.1.1.1.2.2
U5779,231,FUSE2,296336.4,296336.4,299028.7,2692.3,2692.3,365.7,0.135832,1,p:1.1.2.1.2.2
U5780,231,FUSE2,296360.6,296360.6,299098.3,2737.7,2737.7,365.7,0.133579,1,p:2.1.4.1.2.2
U5781,231,FUSE2,296361.4,296361.4,299247.7,2886.3,2886.3,365.7,0.126702,1,p:1.2.5.1.2.2
U5782,231,FUSE2,296394.8,296394.8,299330.7,2935.9,2935.9,365.7,0.124561,1,p:2.1.1.1.2.2
U5783,231,FUSE2,296406.0,296406.0,299288.9,2882.9,2882.9,365.7,0.126851,1,p:1.1.3.1.2.2
U5784,231,FUSE2,296580.0,296580.0,299366.7,2786.7,2786.7,365.7,0.13123,1,p:2.1.2.1.2.2
U4070,164,FUSE0,296604.2,296604.2,299341.9,2737.7,2737.7,271.3,0.099098,1,p:1.1.4.1.2.2
U4071,164,FUSE0,296605.0,296605.0,299491.3,2886.3,2886.3,271.3,0.093996,1,p:2.1.5.1.2.2
U4072,164,FUSE0,296638.4,296638.4,299532.5,2894.1,2894.1,271.3,0.093742,1,p:1.1.3.1.2.2
U4073,164,FUSE0,296649.6,296649.6,299585.5,2935.9,2935.9,271.3,0.092408,1,p:2.1.4.1.2.2
U4074,164,FUSE0,296828.6,296828.6,299574.3,2745.7,2745.7,271.3,0.098809,1,p:1.1.1.1.2.2
U4075,164,FUSE0,296869.8,296869.8,299734.9,2865.1,2865.1,271.3,0.094691,1,p:2.1.5.1.2.2
U4076,164,FUSE0,296885.6,296885.6,299610.3,2724.7,2724.7,271.3,0.099571,1,p:1.1.2.1.2.2
U4077,164,FUSE1,296944.0,296944.0,299891.1,2947.1,2947.1,333.3,0.113094,1,p:2.1.4.1.2.2
U4078,164,FUSE1,296955.2,296955.2,299838.1,2882.9,2882.9,333.3,0.115613,1,p:1.1.3.1.2.2
U4079,164,FUSE1,297134.2,297134.2,299879.9,2745.7,2745.7,333.3,0.12139,1,p:2.1.1.1.2.2
U4080,164,FUSE1,297175.4,297175.4,299915.9,2740.5,2740.5,333.3,0.12162,1,p:1.1.2.1.2.2
U4081,164,FUSE1,297191.2,297191.2,300040.5,2849.3,2849.3,333.3,0.116976,1,p:2.1.5.1.2.2
U4082,164,FUSE1,297249.6,297249.6,300143.7,2894.1,2894.1,333.3,0.115165,1,p:1.1.3.1.2.2
U4083,164,FUSE1,297260.8,297260.8,300196.7,2935.9,2935.9,333.3,0.113526,1,p:2.1.4.1.2.2
U4084,164,FUSE2,297472.2,297472.2,300217.9,2745.7,2745.7,365.7,0.13319,1,p:1.1.1.1.2.2
U4085,164,FUSE2,297513.4,297513.4,300378.5,2865.1,2865.1,365.7,0.12764,1,p:2.1.5.1.2.2
U4086,164,FUSE2,297529.2,297529.2,300253.9,2724.7,2724.7,365.7,0.134217,1,p:1.1.2.1.2.2
U4087,164,FUSE2,297587.6,297587.6,300534.7,2947.1,2947.1,365.7,0.124088,1,p:2.1.4.1.2.2
U4088,164,FUSE2,297598.8,297598.8,300481.7,2882.9,2882.9,365.7,0.126851,1,p:1.1.3.1.2.2
U4089,164,FUSE2,297810.2,297810.2,300555.9,2745.7,2745.7,365.7,0.13319,1,p:2.1.1.2.2.2
U4090,164,FUSE2,297831.2,297831.2,300591.9,2760.7,2760.7,365.7,0.132466,1,p:1.1.2.2.2.2
U4091,164,FUSE2,297851.4,297851.4,300819.7,2968.3,2968.3,365.7,0.123202,1,p:2.1.3.1.2.2
U7247,291,FUSE0,297867.2,297867.2,300622.1,2754.9,2754.9,271.3,0.098479,1,p:1.1.5.1.2.2
U7248,291,FUSE0,297936.8,297936.8,300778.3,2841.5,2841.5,271.3,0.095478,1,p:2.1.4.1.2.2
U7249,291,FUSE0,298053.8,298053.8,300865.7,2811.9,2811.9,271.3,0.096483,1,p:1.1.5.1.2.2
U7250,291,FUSE0,298074.8,298074.8,300799.5,2724.7,2724.7,271.3,0.099571,1,p:2.1.1.2.2.2
U7251,291,FUSE0,298095.0,298095.0,300835.5,2740.5,2740.5,271.3,0.098997,1,p:1.1.2.2.2.2
U7252,291,FUSE0,298110.8,298110.8,301021.9,2911.1,2911.1,271.3,0.093195,1,p:2.1.4.1.2.2
U7253,291,FUSE0,298180.4,298180.4,301063.3,2882.9,2882.9,271.3,0.094107,1,p:1.1.3.1.2.2
U7254,291,FUSE0,298297.4,298297.4,301109.3,2811.9,2811.9,271.3,0.096483,1,p:2.1.5.1.2.2
U7255,291,FUSE0,298338.6,298338.6,301043.1,2704.5,2704.5,271.3,0.100314,1,p:1.1.1.2.2.2
U7256,291,FUSE1,298380.4,298380.4,301141.1,2760.7,2760.7,333.3,0.12073,1,p:2.1.2.1.2.2
U7257,291,FUSE1,298416.4,298416.4,301327.5,2911.1,2911.1,333.3,0.114493,1,p:1.1.4.1.2.2
U7258,291,FUSE1,298486.0,298486.0,301368.9,2882.9,2882.9,333.3,0.115613,1,p:2.1.3.1.2.2
U7259,291,FUSE1,298603.0,298603.0,301414.9,2811.9,2811.9,333.3,0.118532,1,p:1.1.5.1.2.2
U7260,291,FUSE1,298644.2,298644.2,301348.7,2704.5,2704.5,333.3,0.123239,1,p:2.1.1.2.2.2
U7261,291,FUSE1,298686.0,298686.0,301446.7,2760.7,2760.7,333.3,0.12073,1,p:1.1.2.1.2.2
U7262,291,FUSE1,298722.0,298722.0,301633.1,2911.1,2911.1,333.3,0.114493,1,p:2.1.4.1.2.2
U7263,291,FUSE1,298791.6,298791.6,301674.5,2882.9,2882.9,333.3,0.115613,1,p:1.1.3.1.2.2
U7264,291,FUSE1,298941.0,298941.0,301720.5,2779.5,2779.5,333.3,0.119914,1,p:2.1.5.1.2.2
U7265,291,FUSE2,298982.2,298982.2,301686.7,2704.5,2704.5,365.7,0.135219,1,p:1.1.1.2.2.2
U7266,291,FUSE2,299024.0,299024.0,301784.7,2760.7,2760.7,365.7,0.132466,1,p:2.1.2.1.2.2
U7267,291,FUSE2,299060.0,299060.0,301971.1,2911.1,2911.1,365.7,0.125623,1,p:1.1.4.1.2.2
U7268,291,FUSE2,299129.6,299129.6,302012.5,2882.9,2882.9,365.7,0.126851,1,p:2.1.3.1.2.2
U7269,291,FUSE2,299279.0,299279.0,302058.5,2779.5,2779.5,365.7,0.13157,1,p:1.1.5.1.2.2
U7270,291,FUSE2,299320.2,299320.2,302024.7,2704.5,2704.5,365.7,0.135219,1,p:2.1.1.2.2.2
U7271,291,FUSE2,299362.0,299362.0,302122.7,2760.7,2760.7,365.7,0.132466,1,p:1.1.2.1.2.2
U7272,291,FUSE2,299373.2,299373.2,302309.1,2935.9,2935.9,365.7,0.124561,1,p:2.1.4.1.2.2
U2282,93,FUSE0,299398.0,299398.0,302256.1,2858.1,2858.1,271.3,0.094923,1,p:1.1.3.1.2.2
U2283,93,FUSE0,299522.6,299522.6,302302.1,2779.5,2779.5,271.3,0.097607,1,p:2.1.5.1.2.2
U2284,93,FUSE0,299563.8,299563.8,302268.3,2704.5,2704.5,271.3,0.100314,1,p:1.1.1.2.2.2
U2285,93,FUSE0,299605.6,299605.6,302499.7,2894.1,2894.1,271.3,0.093742,1,p:2.1.3.1.2.2
U2286,93,FUSE0,299616.8,299616.8,302366.3,2749.5,2749.5,271.3,0.098672,1,p:1.1.2.1.2.2
U2287,93,FUSE0,299641.6,299641.6,302545.7,2904.1,2904.1,271.3,0.09342,1,p:2.1.5.1.2.2
U2288,93,FUSE0,299766.2,299766.2,302552.7,2786.5,2786.5,271.3,0.097362,1,p:1.1.4.1.2.2
U2289,93,FUSE1,299869.4,299869.4,302573.9,2704.5,2704.5,333.3,0.123239,1,p:2.1.1.1.2.2
U2290,93,FUSE1,299911.2,299911.2,302671.9,2760.7,2760.7,333.3,0.12073,1,p:1.1.2.1.2.2
U2291,93,FUSE1,299922.4,299922.4,302805.3,2882.9,2882.9,333.3,0.115613,1,p:2.1.3.1.2.2
U2292,93,FUSE1,299947.2,299947.2,302851.3,2904.1,2904.1,333.3,0.114769,1,p:1.1.5.1.2.2
U2293,93,FUSE1,300071.8,300071.8,302858.3,2786.5,2786.5,333.3,0.119612,1,p:2.1.4.1.2.2
U2294,93,FUSE1,300175.0,300175.0,302879.5,2704.5,2704.5,333.3,0.123239,1,p:1.1.1.1.2.2
U2295,93,FUSE2,300228.0,300228.0,303009.9,2781.9,2781.9,365.7,0.131457,1,p:2.1.2.1.2.2
U2296,93,FUSE2,300249.2,300249.2,303143.3,2894.1,2894.1,365.7,0.126361,1,p:1.1.3.1.2.2
U2297,93,FUSE2,300285.2,300285.2,303189.3,2904.1,2904.1,365.7,0.125925,1,p:2.1.5.1.2.2
U2298,93,FUSE2,300409.8,300409.8,303196.3,2786.5,2786.5,365.7,0.13124,1,p:1.1.4.1.2.2
U2299,93,FUSE2,300513.0,300513.0,303217.5,2704.5,2704.5,365.7,0.135219,1,p:2.1.1.1.2.2
U2300,93,FUSE2,300566.0,300566.0,303347.9,2781.9,2781.9,365.7,0.131457,1,p:1.1.2.1.2.2
U2301,93,FUSE2,300587.2,300587.2,303481.3,2894.1,2894.1,365.7,0.126361,1,p:2.1.3.1.2.2
U6828,274,FUSE0,300623.2,300623.2,303432.9,2809.7,2809.7,271.3,0.096558,1,p:1.1.5.1.2.2
U6829,274,FUSE0,300653.4,300653.4,303439.9,2786.5,2786.5,271.3,0.097362,1,p:2.1.4.1.2.2
U6830,274,FUSE0,300809.6,300809.6,303461.1,2651.5,2651.5,271.3,0.102319,1,p:1.1.1.2.2.2
U6831,274,FUSE0,300830.8,300830.8,303591.5,2760.7,2760.7,271.3,0.098272,1,p:2.1.2.1.2.2
U6832,274,FUSE0,300851.0,300851.0,303676.5,2825.5,2825.5,271.3,0.096018,1,p:1.1.5.1.2.2
U6833,274,FUSE0,300866.8,300866.8,303683.5,2816.7,2816.7,271.3,0.096318,1,p:2.1.4.1.2.2
U6834,274,FUSE0,300897.0,300897.0,303724.9,2827.9,2827.9,271.3,0.095937,1,p:1.1.3.1.2.2
U6835,274,FUSE0,301053.2,301053.2,303704.7,2651.5,2651.5,271.3,0.102319,1,p:2.1.1.2.2.2
U6836,274,FUSE1,301074.4,301074.4,303897.1,2822.7,2822.7,333.3,0.118078,1,p:1.1.2.1.2.2
U6837,274,FUSE1,301094.6,301094.6,303982.1,2887.5,2887.5,333.3,0.115429,1,p:2.1.5.1.2.2
U6838,274,FUSE1,301140.6,301140.6,303989.1,2848.5,2848.5,333.3,0.117009,1,p:1.1.4.1.2.2
U6839,274,FUSE1,301172.4,301172.4,304030.5,2858.1,2858.1,333.3,0.116616,1,p:2.1.3.1.2.2
U6840,274,FUSE1,301358.8,301358.8,304010.3,2651.5,2651.5,333.3,0.125702,1,p:1.1.1.2.2.2
U6841,274,FUSE1,301380.0,301380.0,304202.7,2822.7,2822.7,333.3,0.118078,1,p:2.1.2.1.2.2
U6842,274,FUSE1,301400.2,301400.2,304287.7,2887.5,2887.5,333.3,0.115429,1,p:1.1.5.1.2.2
U6843,274,FUSE1,301446.2,301446.2,304294.7,2848.5,2848.5,333.3,0.117009,1,p:2.1.4.1.2.2
U6844,274,FUSE2,301478.0,301478.0,304368.5,2890.5,2890.5,365.7,0.126518,1,p:1.1.3.1.2.2
U6845,274,FUSE2,301664.4,301664.4,304348.3,2683.9,2683.9,365.7,0.136257,1,p:2.1.1.2.2.2
U6846,274,FUSE2,301705.8,301705.8,304540.7,2834.9,2834.9,365.7,0.128999,1,p:1.1.2.1.2.2
U6847,274,FUSE2,301718.0,301718.0,304625.7,2907.7,2907.7,365.7,0.12577,1,p:2.1.5.1.2.2
U6848,274,FUSE2,301751.8,301751.8,304632.7,2880.9,2880.9,365.7,0.126939,1,p:1.1.4.1.2.2
U6849,274,FUSE2,301816.0,301816.0,304706.5,2890.5,2890.5,365.7,0.126518,1,p:2.1.3.1.2.2
U6850,274,FUSE2,302002.4,302002.4,304686.3,2683.9,2683.9,365.7,0.136257,1,p:1.1.1.2.2.2
U6851,274,FUSE2,302043.8,302043.8,304963.7,2919.9,2919.9,365.7,0.125244,1,p:2.1.5.1.2.2
U4201,170,FUSE0,302056.0,302056.0,304784.3,2728.3,2728.3,271.3,0.099439,1,p:1.1.2.1.2.2
U4202,170,FUSE0,302089.8,302089.8,304876.3,2786.5,2786.5,271.3,0.097362,1,p:2.1.4.1.2.2
U4203,170,FUSE0,302154.0,302154.0,304950.1,2796.1,2796.1,271.3,0.097028,1,p:1.1.3.1.2.2
U4204,170,FUSE0,302287.4,302287.4,305027.9,2740.5,2740.5,271.3,0.098997,1,p:2.1.2.1.2.2
U4205,170,FUSE0,302299.6,302299.6,304929.9,2630.3,2630.3,271.3,0.103144,1,p:1.1.1.2.2.2
U4206,170,FUSE0,302333.4,302333.4,305119.9,2786.5,2786.5,271.3,0.097362,1,p:2.1.4.1.2.2
U4207,170,FUSE0,302340.4,302340.4,305207.3,2866.9,2866.9,271.3,0.094632,1,p:1.2.5.1.2.2
U4208,170,FUSE0,302397.6,302397.6,305193.7,2796.1,2796.1,271.3,0.097028,1,p:2.1.3.1.2.2
U4209,170,FUSE0,302531.0,302531.0,305173.5,2642.5,2642.5,271.3,0.102668,1,p:1.1.1.2.2.2
U4210,170,FUSE1,302577.0,302577.0,305333.5,2756.5,2756.5,333.3,0.120914,1,p:2.1.2.1.2.2
U4211,170,FUSE1,302584.0,302584.0,305425.5,2841.5,2841.5,333.3,0.117297,1,p:1.2.4.1.2.2
U4212,170,FUSE1,302605.2,302605.2,305512.9,2907.7,2907.7,333.3,0.114627,1,p:2.1.5.1.2.2
U4213,170,FUSE1,302703.2,302703.2,305499.3,2796.1,2796.1,333.3,0.119202,1,p:1.1.3.1.2.2
U4214,170,FUSE1,302836.6,302836.6,305479.1,2642.5,2642.5,333.3,0.126131,1,p:2.1.1.2.2.2
U4215,170,FUSE1,302882.6,302882.6,305639.1,2756.5,2756.5,333.3,0.120914,1,p:1.1.2.1.2.2
U4216,170,FUSE1,302889.6,302889.6,305731.1,2841.5,2841.5,333.3,0.117297,1,p:2.1.4.1.2.2
U4217,170,FUSE1,302910.8,302910.8,305821.7,2910.9,2910.9,333.3,0.114501,1,p:1.1.5.1.2.2
U4218,170,FUSE1,303041.2,303041.2,305804.9,2763.7,2763.7,333.3,0.120599,1,p:2.1.3.1.2.2
U4219,170,FUSE2,303174.6,303174.6,305817.1,2642.5,2642.5,365.7,0.138392,1,p:1.1.1.1.2.2
U4220,170,FUSE2,303220.6,303220.6,305977.1,2756.5,2756.5,365.7,0.132668,1,p:2.1.2.1.2.2
U4221,170,FUSE2,303227.6,303227.6,306069.1,2841.5,2841.5,365.7,0.1287,1,p:1.2.4.1.2.2
U4222,170,FUSE2,303248.8,303248.8,306159.7,2910.9,2910.9,365.7,0.125631,1,p:2.1.5.1.2.2
U4223,170,FUSE2,303379.2,303379.2,306142.9,2763.7,2763.7,365.7,0.132323,1,p:1.1.3.1.2.2
U4224,170,FUSE2,303464.2,303464.2,306155.1,2690.9,2690.9,365.7,0.135902,1,p:2.1.1.1.2.2
U4225,170,FUSE2,303471.2,303471.2,306315.1,2843.9,2843.9,365.7,0.128591,1,p:1.2.2.1.2.2
U4226,170,FUSE2,303492.4,303492.4,306407.1,2914.7,2914.7,365.7,0.125467,1,p:2.1.4.1.2.2
U4227,170,FUSE2,303512.6,303512.6,306494.5,2981.9,2981.9,365.7,0.12264,1,p:1.1.5.1.2.2
U4228,170,FUSE2,303622.8,303622.8,306480.9,2858.1,2858.1,365.7,0.127952,1,p:2.1.3.1.2.2
U3030,123,FUSE0,303707.8,303707.8,306398.7,2690.9,2690.9,271.3,0.100821,1,p:1.1.1.1.2.2
U3031,123,FUSE0,303714.8,303714.8,306558.7,2843.9,2843.9,271.3,0.095397,1,p:2.1.2.1.2.2
U3032,123,FUSE0,303736.0,303736.0,306650.7,2914.7,2914.7,271.3,0.09308,1,p:1.1.4.1.2.2
U3033,123,FUSE0,303756.2,303756.2,306642.3,2886.1,2886.1,271.3,0.094002,1,p:2.1.1.1.2.2
U3034,123,FUSE0,303928.4,303928.4,306738.1,2809.7,2809.7,271.3,0.096558,1,p:1.1.5.1.2.2
U3035,123,FUSE0,304013.4,304013.4,306724.5,2711.1,2711.1,271.3,0.10007,1,p:2.1.3.1.2.2
U3036,123,FUSE0,304020.4,304020.4,306802.3,2781.9,2781.9,271.3,0.097523,1,p:1.2.2.1.2.2
U3037,123,FUSE0,304041.6,304041.6,306894.3,2852.7,2852.7,271.3,0.095103,1,p:2.1.4.1.2.2
U3038,123,FUSE0,304061.8,304061.8,306885.9,2824.1,2824.1,271.3,0.096066,1,p:1.1.1.1.2.2
U3039,123,FUSE1,304234.0,304234.0,307043.7,2809.7,2809.7,333.3,0.118625,1,p:2.1.5.1.2.2
U3040,123,FUSE1,304319.0,304319.0,307030.1,2711.1,2711.1,333.3,0.122939,1,p:1.1.3.1.2.2
U3041,123,FUSE1,304326.0,304326.0,307107.9,2781.9,2781.9,333.3,0.11981,1,p:2.1.2.1.2.2
U3042,123,FUSE1,304379.6,304379.6,307199.9,2820.3,2820.3,333.3,0.118179,1,p:1.1.4.1.2.2
U3043,123,FUSE1,304399.8,304399.8,307191.5,2791.7,2791.7,333.3,0.11939,1,p:2.1.1.1.2.2
U3044,123,FUSE1,304572.0,304572.0,307349.3,2777.3,2777.3,333.3,0.120009,1,p:1.1.5.1.2.2
U3045,123,FUSE1,304657.0,304657.0,307335.7,2678.7,2678.7,333.3,0.124426,1,p:2.1.3.1.2.2
U3046,123,FUSE1,304664.0,304664.0,307413.5,2749.5,2749.5,333.3,0.121222,1,p:1.2.2.1.2.2
U3047,123,FUSE2,304717.6,304717.6,307537.9,2820.3,2820.3,365.7,0.129667,1,p:2.1.4.1.2.2
U3048,123,FUSE2,304737.8,304737.8,307529.5,2791.7,2791.7,365.7,0.130995,1,p:1.1.1.1.2.2
U3049,123,FUSE2,304815.6,304815.6,307687.3,2871.7,2871.7,365.7,0.127346,1,p:2.1.5.1.2.2
U3050,123,FUSE2,304907.6,304907.6,307673.7,2766.1,2766.1,365.7,0.132208,1,p:1.1.3.1.2.2
U3051,123,FUSE2,304961.2,304961.2,307751.5,2790.3,2790.3,365.7,0.131061,1,p:2.1.2.1.2.2
U3052,123,FUSE2,304981.4,304981.4,307875.9,2894.5,2894.5,365.7,0.126343,1,p:1.1.4.1.2.2
U3053,123,FUSE2,304995.0,304995.0,307867.5,2872.5,2872.5,365.7,0.127311,1,p:2.1.1.1.2.2
U3054,123,FUSE2,305059.2,305059.2,308025.3,2966.1,2966.1,365.7,0.123293,1,p:1.1.5.1.2.2
U3055,123,FUSE2,305151.2,305151.2,308011.7,2860.5,2860.5,365.7,0.127845,1,p:2.1.3.1.2.2
U4401,177,FUSE0,305204.8,305204.8,308035.1,2830.3,2830.3,271.3,0.095856,1,p:1.1.2.2.1.2
U4402,177,FUSE0,305225.0,305225.0,308111.1,2886.1,2886.1,271.3,0.094002,1,p:2.1.1.1.2.2
U4403,177,FUSE0,305238.6,305238.6,308119.5,2880.9,2880.9,271.3,0.094172,1,p:1.1.4.1.2.2
U4404,177,FUSE0,305364.8,305364.8,308268.9,2904.1,2904.1,271.3,0.09342,1,p:2.1.5.1.2.2
U4405,177,FUSE0,305456.8,305456.8,308255.3,2798.5,2798.5,271.3,0.096945,1,p:1.1.3.1.2.2
U4406,177,FUSE0,305510.4,305510.4,308278.7,2768.3,2768.3,271.3,0.098002,1,p:2.1.2.2.1.2
U4407,177,FUSE0,305530.6,305530.6,308363.1,2832.5,2832.5,271.3,0.095781,1,p:1.1.4.1.2.2
U4408,177,FUSE0,305544.2,305544.2,308354.7,2810.5,2810.5,271.3,0.096531,1,p:2.1.1.1.2.2
U4409,177,FUSE0,305670.4,305670.4,308512.5,2842.1,2842.1,271.3,0.095458,1,p:1.1.5.1.2.2
U4410,177,FUSE1,305762.4,305762.4,308560.9,2798.5,2798.5,333.3,0.1191,1,p:2.1.3.1.2.2
U4411,177,FUSE1,305836.2,305836.2,308544.3,2708.1,2708.1,333.3,0.123075,1,p:1.1.2.1.2.2
U4412,177,FUSE1,305848.4,305848.4,308668.7,2820.3,2820.3,333.3,0.118179,1,p:2.1.4.1.2.2
U4413,177,FUSE1,305853.0,305853.0,308660.3,2807.3,2807.3,333.3,0.118726,1,p:1.2.1.1.2.2
U4414,177,FUSE1,306008.4,306008.4,308818.1,2809.7,2809.7,333.3,0.118625,1,p:2.1.5.1.2.2
U4415,177,FUSE1,306100.4,306100.4,308866.5,2766.1,2766.1,333.3,0.120495,1,p:1.1.3.1.2.2
U4416,177,FUSE1,306174.2,306174.2,308974.3,2800.1,2800.1,333.3,0.119031,1,p:2.1.4.1.2.2
U4417,177,FUSE1,306186.4,306186.4,308849.9,2663.5,2663.5,333.3,0.125136,1,p:1.1.2.1.2.2
U4418,177,FUSE1,306191.0,306191.0,308965.9,2774.9,2774.9,333.3,0.120112,1,p:2.1.1.1.2.2
U4419,177,FUSE2,306346.4,306346.4,309156.1,2809.7,2809.7,365.7,0.130156,1,p:1.1.5.1.2.2
U4420,177,FUSE2,306430.0,306430.0,309204.5,2774.5,2774.5,365.7,0.131808,1,p:2.1.3.1.2.2
U4421,177,FUSE2,306438.4,306438.4,309187.9,2749.5,2749.5,365.7,0.133006,1,p:1.2.2.1.2.2
U4422,177,FUSE2,306512.2,306512.2,309303.9,2791.7,2791.7,365.7,0.130995,1,p:2.1.1.1.2.2
U4423,177,FUSE2,306525.8,306525.8,309312.3,2786.5,2786.5,365.7,0.13124,1,p:1.1.4.1.2.2
U4424,177,FUSE2,306590.0,306590.0,309494.1,2904.1,2904.1,365.7,0.125925,1,p:2.1.5.1.2.2
U4425,177,FUSE2,306673.6,306673.6,309542.5,2868.9,2868.9,365.7,0.12747,1,p:1.1.3.1.2.2
U4426,177,FUSE2,306682.0,306682.0,309525.9,2843.9,2843.9,365.7,0.128591,1,p:2.1.2.1.2.2
U4427,177,FUSE2,306755.8,306755.8,309650.3,2894.5,2894.5,365.7,0.126343,1,p:1.1.4.1.2.2
U3712,150,FUSE0,306769.4,306769.4,309547.5,2778.1,2778.1,271.3,0.097657,1,p:2.1.1.1.2.2
U3713,150,FUSE0,306833.6,306833.6,309737.7,2904.1,2904.1,271.3,0.09342,1,p:1.1.5.1.2.2
U3714,150,FUSE0,306917.2,306917.2,309786.1,2868.9,2868.9,271.3,0.094566,1,p:2.1.3.1.2.2
U3715,150,FUSE0,306925.6,306925.6,309769.5,2843.9,2843.9,271.3,0.095397,1,p:1.2.2.1.2.2
U3716,150,FUSE0,307061.4,307061.4,309893.9,2832.5,2832.5,271.3,0.095781,1,p:2.1.4.1.2.2
U3717,150,FUSE0,307075.0,307075.0,309791.1,2716.1,2716.1,271.3,0.099886,1,p:1.1.1.1.2.2
U3718,150,FUSE0,307139.2,307139.2,309981.3,2842.1,2842.1,271.3,0.095458,1,p:2.1.5.1.2.2
U3719,150,FUSE0,307222.8,307222.8,310029.7,2806.9,2806.9,271.3,0.096655,1,p:1.1.3.1.2.2
U3720,150,FUSE0,307231.2,307231.2,310013.1,2781.9,2781.9,271.3,0.097523,1,p:2.1.2.1.2.2
U3721,150,FUSE1,307367.0,307367.0,310096.7,2729.7,2729.7,333.3,0.122101,1,p:1.1.1.1.2.2
U3722,150,FUSE1,307380.6,307380.6,310199.5,2818.9,2818.9,333.3,0.118238,1,p:2.1.4.1.2.2
U3723,150,FUSE1,307444.8,307444.8,310286.9,2842.1,2842.1,333.3,0.117272,1,p:1.1.5.1.2.2
U3724,150,FUSE1,307560.8,307560.8,310335.3,2774.5,2774.5,333.3,0.12013,1,p:2.1.3.1.2.2
U3725,150,FUSE1,307569.2,307569.2,310318.7,2749.5,2749.5,333.3,0.121222,1,p:1.2.2.1.2.2
U3726,150,FUSE1,307705.0,307705.0,310505.1,2800.1,2800.1,333.3,0.119031,1,p:2.1.4.1.2.2
U3727,150,FUSE1,307718.6,307718.6,310402.3,2683.7,2683.7,333.3,0.124194,1,p:1.1.1.1.2.2
U3728,150,FUSE1,307782.8,307782.8,310592.5,2809.7,2809.7,333.3,0.118625,1,p:2.1.5.1.2.2
U3729,150,FUSE1,307898.8,307898.8,310640.9,2742.1,2742.1,333.3,0.121549,1,p:1.1.3.1.2.2
U3730,150,FUSE2,307907.2,307907.2,310656.7,2749.5,2749.5,365.7,0.133006,1,p:2.1.2.1.2.2
U3731,150,FUSE2,308043.0,308043.0,310740.3,2697.3,2697.3,365.7,0.13558,1,p:1.1.1.1.2.2
U3732,150,FUSE2,308056.6,308056.6,310843.1,2786.5,2786.5,365.7,0.13124,1,p:2.1.4.1.2.2
U3733,150,FUSE2,308066.4,308066.4,310930.5,2864.1,2864.1,365.7,0.127684,1,p:1.2.5.1.2.2
U3734,150,FUSE2,308142.4,308142.4,310978.9,2836.5,2836.5,365.7,0.128926,1,p:2.1.3.1.2.2
U3735,150,FUSE2,308150.8,308150.8,310994.7,2843.9,2843.9,365.7,0.128591,1,p:1.2.2.1.2.2
U3736,150,FUSE2,308286.6,308286.6,311181.1,2894.5,2894.5,365.7,0.126343,1,p:2.1.4.1.2.2
U3737,150,FUSE2,308300.2,308300.2,311078.3,2778.1,2778.1,365.7,0.131637,1,p:1.1.1.1.2.2
U3738,150,FUSE2,308310.0,308310.0,311268.5,2958.5,2958.5,365.7,0.12361,1,p:2.1.5.1.2.2
U3893,157,FUSE0,308386.0,308386.0,311222.5,2836.5,2836.5,271.3,0.095646,1,p:1.1.3.1.2.2
U3894,157,FUSE0,308394.4,308394.4,311238.3,2843.9,2843.9,271.3,0.095397,1,p:2.1.2.2.2.2
U3895,157,FUSE0,308543.8,308543.8,311321.9,2778.1,2778.1,271.3,0.097657,1,p:1.1.1.1.2.2
U3896,157,FUSE0,308575.6,308575.6,311466.1,2890.5,2890.5,271.3,0.093859,1,p:2.1.3.1.2.2
U3897,157,FUSE0,308592.2,308592.2,311424.7,2832.5,2832.5,271.3,0.095781,1,p:1.1.4.1.2.2
U3898,157,FUSE0,308691.6,308691.6,311512.1,2820.5,2820.5,271.3,0.096189,1,p:2.1.5.1.2.2
U3899,157,FUSE0,308700.0,308700.0,311481.9,2781.9,2781.9,271.3,0.097523,1,p:1.2.2.2.2.2
U3900,157,FUSE1,308849.4,308849.4,311627.5,2778.1,2778.1,333.3,0.119974,1,p:2.1.1.1.2.2
U3901,157,FUSE1,308881.2,308881.2,311730.3,2849.1,2849.1,333.3,0.116984,1,p:1.1.4.1.2.2
U3902,157,FUSE1,308897.8,308897.8,311771.7,2873.9,2873.9,333.3,0.115975,1,p:2.1.3.1.2.2
U3903,157,FUSE1,308997.2,308997.2,311817.7,2820.5,2820.5,333.3,0.118171,1,p:1.1.5.1.2.2
U3904,157,FUSE1,309005.6,309005.6,311787.5,2781.9,2781.9,333.3,0.11981,1,p:2.1.2.2.2.2
U3905,157,FUSE1,309187.4,309187.4,311933.1,2745.7,2745.7,333.3,0.12139,1,p:1.1.1.1.2.2
U3906,157,FUSE1,309219.2,309219.2,312077.3,2858.1,2858.1,333.3,0.116616,1,p:2.1.3.1.2.2
U3907,157,FUSE2,309235.8,309235.8,312068.3,2832.5,2832.5,365.7,0.129109,1,p:1.1.4.1.2.2
U3908,157,FUSE2,309335.2,309335.2,312155.7,2820.5,2820.5,365.7,0.129658,1,p:2.1.5.1.2.2
U3909,157,FUSE2,309343.6,309343.6,312125.5,2781.9,2781.9,365.7,0.131457,1,p:1.2.2.2.2.2
U3910,157,FUSE2,309525.4,309525.4,312271.1,2745.7,2745.7,365.7,0.13319,1,p:2.1.1.1.2.2
U3911,157,FUSE2,309557.2,309557.2,312406.3,2849.1,2849.1,365.7,0.128356,1,p:1.1.4.1.2.2
U3912,157,FUSE2,309573.8,309573.8,312415.3,2841.5,2841.5,365.7,0.1287,1,p:2.1.3.1.2.2
U3913,157,FUSE2,309578.8,309578.8,312493.7,2914.9,2914.9,365.7,0.125459,1,p:1.2.5.1.2.2
U3914,157,FUSE2,309681.6,309681.6,312463.5,2781.9,2781.9,365.7,0.131457,1,p:2.1.2.2.2.2
U7496,301,FUSE0,309769.0,309769.0,312514.7,2745.7,2745.7,271.3,0.098809,1,p:1.1.1.1.2.2
U7497,301,FUSE0,309800.8,309800.8,312658.9,2858.1,2858.1,271.3,0.094923,1,p:2.1.3.1.2.2
U7498,301,FUSE0,309817.4,309817.4,312649.9,2832.5,2832.5,271.3,0.095781,1,p:1.1.4.1.2.2
U7499,301,FUSE0,309822.4,309822.4,312737.3,2914.9,2914.9,271.3,0.093074,1,p:2.1.5.1.2.2
U7500,301,FUSE0,309925.2,309925.2,312707.1,2781.9,2781.9,271.3,0.097523,1,p:1.1.2.2.2.2
U7501,301,FUSE0,310012.6,310012.6,312758.3,2745.7,2745.7,271.3,0.098809,1,p:2.1.1.1.2.2
U7502,301,FUSE0,310044.4,310044.4,312893.5,2849.1,2849.1,271.3,0.095223,1,p:1.1.4.1.2.2
U7503,301,FUSE0,310061.0,310061.0,312902.5,2841.5,2841.5,271.3,0.095478,1,p:2.1.3.1.2.2
U7504,301,FUSE0,310128.0,310128.0,312980.9,2852.9,2852.9,271.3,0.095096,1,p:1.1.5.1.2.2
U7505,301,FUSE0,310230.8,310230.8,312950.7,2719.9,2719.9,271.3,0.099746,1,p:2.1.2.2.2.2
U7506,301,FUSE1,310318.2,310318.2,313063.9,2745.7,2745.7,333.3,0.12139,1,p:1.1.1.1.2.2
U7507,301,FUSE1,310350.0,310350.0,313208.1,2858.1,2858.1,333.3,0.116616,1,p:2.1.3.1.2.2
U7508,301,FUSE1,310366.6,310366.6,313199.1,2832.5,2832.5,333.3,0.11767,1,p:1.1.4.1.2.2
U7509,301,FUSE1,310433.6,310433.6,313286.5,2852.9,2852.9,333.3,0.116828,1,p:2.1.5.1.2.2
U7510,301,FUSE1,310536.4,310536.4,313256.3,2719.9,2719.9,333.3,0.122541,1,p:1.1.2.2.2.2
U7511,301,FUSE1,310623.8,310623.8,313369.5,2745.7,2745.7,333.3,0.12139,1,p:2.1.1.1.2.2
U7512,301,FUSE1,310672.2,310672.2,313504.7,2832.5,2832.5,333.3,0.11767,1,p:1.1.4.1.2.2
U7513,301,FUSE1,310688.0,310688.0,313513.7,2825.7,2825.7,333.3,0.117953,1,p:2.1.3.1.2.2
U7514,301,FUSE1,310771.6,310771.6,313592.1,2820.5,2820.5,333.3,0.118171,1,p:1.1.5.1.2.2
U7515,301,FUSE1,310874.4,310874.4,313561.9,2687.5,2687.5,333.3,0.124019,1,p:2.1.2.2.2.2
U7516,301,FUSE2,310961.8,310961.8,313707.5,2745.7,2745.7,365.7,0.13319,1,p:1.1.1.1.2.2
U7517,301,FUSE2,311010.2,311010.2,313851.7,2841.5,2841.5,365.7,0.1287,1,p:2.1.3.1.2.2
U7518,301,FUSE2,311026.0,311026.0,313842.7,2816.7,2816.7,365.7,0.129833,1,p:1.1.4.1.2.2
U7519,301,FUSE2,311109.6,311109.6,313930.1,2820.5,2820.5,365.7,0.129658,1,p:2.1.5.1.2.2
U7520,301,FUSE2,311212.4,311212.4,313899.9,2687.5,2687.5,365.7,0.136074,1,p:1.1.2.2.2.2
U7521,301,FUSE2,311253.8,311253.8,314180.7,2926.9,2926.9,365.7,0.124944,1,p:2.1.4.1.2.2
U7522,301,FUSE2,311269.6,311269.6,314045.5,2775.9,2775.9,365.7,0.131741,1,p:1.1.1.1.2.2
U7523,301,FUSE2,311299.8,311299.8,314189.7,2889.9,2889.9,365.7,0.126544,1,p:2.1.3.1.2.2
U7524,301,FUSE2,311353.2,311353.2,314268.1,2914.9,2914.9,365.7,0.125459,1,p:1.1.5.1.2.2
U1068,44,FUSE0,311456.0,311456.0,314143.5,2687.5,2687.5,271.3,0.100949,1,p:2.1.2.2.2.2
U1069,44,FUSE0,311497.4,311497.4,314289.1,2791.7,2791.7,271.3,0.097181,1,p:1.1.1.1.2.2
U1070,44,FUSE0,311513.2,311513.2,314424.3,2911.1,2911.1,271.3,0.093195,1,p:2.1.4.1.2.2
U1071,44,FUSE0,311543.4,311543.4,314387.1,2843.7,2843.7,271.3,0.095404,1,p:1.1.2.2.2.2
U1072,44,FUSE0,311658.8,311658.8,314433.3,2774.5,2774.5,271.3,0.097783,1,p:2.1.3.1.2.2
U1073,44,FUSE0,311761.6,311761.6,314511.7,2750.1,2750.1,271.3,0.098651,1,p:1.1.5.1.2.2
U1074,44,FUSE0,311803.0,311803.0,314667.9,2864.9,2864.9,271.3,0.094698,1,p:2.1.4.1.2.2
U1075,44,FUSE1,311818.8,311818.8,314594.7,2775.9,2775.9,333.3,0.120069,1,p:1.1.1.1.2.2
U1076,44,FUSE1,311849.0,311849.0,314692.7,2843.7,2843.7,333.3,0.117206,1,p:2.1.2.1.2.2
U1077,44,FUSE1,311964.4,311964.4,314738.9,2774.5,2774.5,333.3,0.12013,1,p:1.1.3.1.2.2
U1078,44,FUSE1,312099.6,312099.6,314817.3,2717.7,2717.7,333.3,0.12264,1,p:2.1.5.1.2.2
U1079,44,FUSE1,312108.6,312108.6,314900.3,2791.7,2791.7,333.3,0.11939,1,p:1.2.1.1.2.2
U1080,44,FUSE1,312156.8,312156.8,314973.5,2816.7,2816.7,333.3,0.11833,1,p:2.1.4.1.2.2
U1081,44,FUSE1,312187.0,312187.0,314998.3,2811.3,2811.3,333.3,0.118557,1,p:1.1.2.1.2.2
U1082,44,FUSE2,312302.4,312302.4,315076.9,2774.5,2774.5,365.7,0.131808,1,p:2.1.3.1.2.2
U1083,44,FUSE2,312437.6,312437.6,315155.3,2717.7,2717.7,365.7,0.134562,1,p:1.1.5.1.2.2
U1084,44,FUSE2,312446.6,312446.6,315238.3,2791.7,2791.7,365.7,0.130995,1,p:2.1.1.1.2.2
U1085,44,FUSE2,312494.8,312494.8,315311.5,2816.7,2816.7,365.7,0.129833,1,p:1.1.4.1.2.2
U1086,44,FUSE2,312525.0,312525.0,315336.3,2811.3,2811.3,365.7,0.130082,1,p:2.1.2.1.2.2
U1087,44,FUSE2,312546.0,312546.0,315414.9,2868.9,2868.9,365.7,0.12747,1,p:1.1.3.1.2.2
U1088,44,FUSE2,312681.2,312681.2,315493.3,2812.1,2812.1,365.7,0.130045,1,p:2.1.5.1.2.2
U1089,44,FUSE2,312690.2,312690.2,315576.3,2886.1,2886.1,365.7,0.126711,1,p:1.2.1.1.2.2
U5332,214,FUSE0,312738.4,312738.4,315555.1,2816.7,2816.7,271.3,0.096318,1,p:2.1.4.1.2.2
U5333,214,FUSE0,312768.6,312768.6,315580.9,2812.3,2812.3,271.3,0.096469,1,p:1.1.2.1.2.2
U5334,214,FUSE0,312789.6,312789.6,315658.5,2868.9,2868.9,271.3,0.094566,1,p:2.1.3.1.2.2
U5335,214,FUSE0,312924.8,312924.8,315736.9,2812.1,2812.1,271.3,0.096476,1,p:1.1.5.1.2.2
U5336,214,FUSE0,312933.8,312933.8,315798.7,2864.9,2864.9,271.3,0.094698,1,p:2.1.4.1.2.2
U5337,214,FUSE0,312982.0,312982.0,315823.5,2841.5,2841.5,271.3,0.095478,1,p:1.1.2.1.2.2
U5338,214,FUSE1,313012.2,313012.2,315881.9,2869.7,2869.7,333.3,0.116145,1,p:2.1.1.1.2.2
U5339,214,FUSE1,313095.2,313095.2,315964.1,2868.9,2868.9,333.3,0.116177,1,p:1.1.3.1.2.2
U5340,214,FUSE1,313230.4,313230.4,316042.5,2812.1,2812.1,333.3,0.118524,1,p:2.1.5.1.2.2
U5341,214,FUSE1,313239.4,313239.4,316104.3,2864.9,2864.9,333.3,0.116339,1,p:1.2.4.1.2.2
U5342,214,FUSE1,313287.6,313287.6,316129.1,2841.5,2841.5,333.3,0.117297,1,p:2.1.2.1.2.2
U5343,214,FUSE1,313317.8,313317.8,316187.5,2869.7,2869.7,333.3,0.116145,1,p:1.1.1.1.2.2
U5344,214,FUSE2,313400.8,313400.8,316302.1,2901.3,2901.3,365.7,0.126047,1,p:2.1.3.1.2.2
U5345,214,FUSE2,313536.0,313536.0,316380.5,2844.5,2844.5,365.7,0.128564,1,p:1.1.5.1.2.2
U5346,214,FUSE2,313545.0,313545.0,316442.3,2897.3,2897.3,365.7,0.126221,1,p:2.1.4.1.2.2
U5347,214,FUSE2,313593.2,313593.2,316467.1,2873.9,2873.9,365.7,0.127249,1,p:1.1.2.1.2.2
U5348,214,FUSE2,313623.4,313623.4,316525.5,2902.1,2902.1,365.7,0.126012,1,p:2.1.1.1.2.2
U5349,214,FUSE2,313738.8,313738.8,316640.1,2901.3,2901.3,365.7,0.126047,1,p:1.1.3.1.2.2
U5350,214,FUSE2,313874.0,313874.0,316718.5,2844.5,2844.5,365.7,0.128564,1,p:2.1.5.1.2.2
U449,19,FUSE0,313883.0,313883.0,316685.9,2802.9,2802.9,271.3,0.096793,1,p:1.2.4.1.2.2
U450,19,FUSE0,313931.2,313931.2,316710.7,2779.5,2779.5,271.3,0.097607,1,p:2.1.2.1.2.2
U451,19,FUSE0,313961.4,313961.4,316769.1,2807.7,2807.7,271.3,0.096627,1,p:1.1.1.1.2.2
U452,19,FUSE0,314076.8,314076.8,316883.7,2806.9,2806.9,271.3,0.096655,1,p:2.1.3.1.2.2
U453,19,FUSE0,314174.8,314174.8,316929.5,2754.7,2754.7,271.3,0.098486,1,p:1.1.4.1.2.2
U454,19,FUSE0,314212.0,314212.0,316962.1,2750.1,2750.1,271.3,0.098651,1,p:2.1.5.1.2.2
U455,19,FUSE0,314221.0,314221.0,316954.3,2733.3,2733.3,271.3,0.099257,1,p:1.2.2.1.2.2
U456,19,FUSE0,314299.4,314299.4,317012.7,2713.3,2713.3,271.3,0.099989,1,p:2.1.1.1.2.2
U457,19,FUSE0,314320.4,314320.4,317127.3,2806.9,2806.9,271.3,0.096655,1,p:1.1.3.1.2.2
U458,19,FUSE1,314418.4,314418.4,317235.1,2816.7,2816.7,333.3,0.11833,1,p:2.1.4.1.2.2
U459,19,FUSE1,314455.6,314455.6,317267.7,2812.1,2812.1,333.3,0.118524,1,p:1.1.5.1.2.2
U460,19,FUSE1,314464.6,314464.6,317259.9,2795.3,2795.3,333.3,0.119236,1,p:2.1.2.1.2.2
U461,19,FUSE1,314543.0,314543.0,317318.3,2775.3,2775.3,333.3,0.120095,1,p:1.1.1.1.2.2
U462,19,FUSE1,314626.0,314626.0,317432.9,2806.9,2806.9,333.3,0.118743,1,p:2.1.3.1.2.2
U463,19,FUSE1,314699.2,314699.2,317540.7,2841.5,2841.5,333.3,0.117297,1,p:1.1.4.1.2.2
U464,19,FUSE1,314724.0,314724.0,317573.3,2849.3,2849.3,333.3,0.116976,1,p:2.1.5.1.2.2
U465,19,FUSE1,314770.2,314770.2,317565.5,2795.3,2795.3,333.3,0.119236,1,p:1.1.2.1.2.2
U466,19,FUSE1,314848.6,314848.6,317623.9,2775.3,2775.3,333.3,0.120095,1,p:2.1.1.1.2.2
U467,19,FUSE1,314931.6,314931.6,317738.5,2806.9,2806.9,333.3,0.118743,1,p:1.1.3.1.2.2
U468,19,FUSE2,315004.8,315004.8,317878.7,2873.9,2873.9,365.7,0.127249,1,p:2.1.4.1.2.2
U469,19,FUSE2,315029.6,315029.6,317911.3,2881.7,2881.7,365.7,0.126904,1,p:1.1.5.1.2.2
U470,19,FUSE2,315108.2,315108.2,317903.5,2795.3,2795.3,365.7,0.130827,1,p:2.1.2.1.2.2
U471,19,FUSE2,315186.6,315186.6,317961.9,2775.3,2775.3,365.7,0.13177,1,p:1.1.1.1.2.2
U472,19,FUSE2,315269.6,315269.6,318076.5,2806.9,2806.9,365.7,0.130286,1,p:2.1.3.1.2.2
U473,19,FUSE2,315342.8,315342.8,318216.7,2873.9,2873.9,365.7,0.127249,1,p:1.1.4.1.2.2
U474,19,FUSE2,315367.6,315367.6,318249.3,2881.7,2881.7,365.7,0.126904,1,p:2.1.5.1.2.2
U475,19,FUSE2,315446.2,315446.2,318241.5,2795.3,2795.3,365.7,0.130827,1,p:1.1.2.1.2.2
U476,19,FUSE2,315524.6,315524.6,318299.9,2775.3,2775.3,365.7,0.13177,1,p:2.1.1.1.2.2
U477,19,FUSE2,315586.4,315586.4,318414.5,2828.1,2828.1,365.7,0.129309,1,p:1.1.3.1.2.2
U2633,107,FUSE0,315607.6,315607.6,318460.3,2852.7,2852.7,271.3,0.095103,1,p:2.1.4.1.2.2
U2634,107,FUSE0,315612.2,315612.2,318492.9,2880.7,2880.7,271.3,0.094178,1,p:1.2.5.1.2.2
U2635,107,FUSE0,315689.8,315689.8,318485.1,2795.3,2795.3,271.3,0.097056,1,p:2.1.2.1.2.2
U2636,107,FUSE0,315768.2,315768.2,318543.5,2775.3,2775.3,271.3,0.097755,1,p:1.1.1.1.2.2
U2637,107,FUSE0,315830.0,315830.0,318658.1,2828.1,2828.1,271.3,0.09593,1,p:2.1.3.1.2.2
U2638,107,FUSE0,315854.8,315854.8,318703.9,2849.1,2849.1,271.3,0.095223,1,p:1.1.4.1.2.2
U2639,107,FUSE0,315913.2,315913.2,318736.5,2823.3,2823.3,271.3,0.096093,1,p:2.1.5.1.2.2
U2640,107,FUSE0,315995.4,315995.4,318728.7,2733.3,2733.3,271.3,0.099257,1,p:1.1.2.1.2.2
U2641,107,FUSE1,316073.8,316073.8,318849.1,2775.3,2775.3,333.3,0.120095,1,p:2.1.1.1.2.2
U2642,107,FUSE1,316135.6,316135.6,318963.7,2828.1,2828.1,333.3,0.117853,1,p:1.1.3.1.2.2
U2643,107,FUSE1,316160.4,316160.4,319009.5,2849.1,2849.1,333.3,0.116984,1,p:2.1.4.1.2.2
U2644,107,FUSE1,316218.8,316218.8,319042.1,2823.3,2823.3,333.3,0.118053,1,p:1.1.5.1.2.2
U2645,107,FUSE1,316333.4,316333.4,319034.3,2700.9,2700.9,333.3,0.123403,1,p:2.1.2.1.2.2
U2646,107,FUSE1,316411.8,316411.8,319154.7,2742.9,2742.9,333.3,0.121514,1,p:1.1.1.1.2.2
U2647,107,FUSE1,316473.6,316473.6,319269.3,2795.7,2795.7,333.3,0.119219,1,p:2.1.3.1.2.2
U2648,107,FUSE1,316498.4,316498.4,319315.1,2816.7,2816.7,333.3,0.11833,1,p:1.1.4.1.2.2
U2649,107,FUSE2,316556.8,316556.8,319380.1,2823.3,2823.3,365.7,0.129529,1,p:2.1.5.1.2.2
U2650,107,FUSE2,316671.4,316671.4,319372.3,2700.9,2700.9,365.7,0.135399,1,p:1.1.2.1.2.2
U2651,107,FUSE2,316717.2,316717.2,319492.7,2775.5,2775.5,365.7,0.13176,1,p:2.1.1.1.2.2
U2652,107,FUSE2,316742.0,316742.0,319607.3,2865.3,2865.3,365.7,0.127631,1,p:1.1.3.1.2.2
U2653,107,FUSE2,316749.8,316749.8,319653.1,2903.3,2903.3,365.7,0.12596,1,p:2.1.4.1.2.2
U2654,107,FUSE2,316800.4,316800.4,319718.1,2917.7,2917.7,365.7,0.125338,1,p:1.1.5.1.2.2
U2655,107,FUSE2,316915.0,316915.0,319710.3,2795.3,2795.3,365.7,0.130827,1,p:2.1.2.1.2.2
U2656,107,FUSE2,316960.8,316960.8,319830.7,2869.9,2869.9,365.7,0.127426,1,p:1.1.1.2.2.2
U5828,234,FUSE0,316985.6,316985.6,319850.9,2865.3,2865.3,271.3,0.094685,1,p:2.1.3.1.2.2
U5829,234,FUSE0,316993.4,316993.4,319896.7,2903.3,2903.3,271.3,0.093445,1,p:1.2.4.1.2.2
U5830,234,FUSE0,317044.0,317044.0,319961.7,2917.7,2917.7,271.3,0.092984,1,p:2.1.5.1.2.2
U5831,234,FUSE0,317158.6,317158.6,319953.9,2795.3,2795.3,271.3,0.097056,1,p:1.1.2.1.2.2
U5832,234,FUSE0,317266.4,317266.4,320094.5,2828.1,2828.1,271.3,0.09593,1,p:2.1.3.1.2.2
U5833,234,FUSE0,317291.2,317291.2,320074.3,2783.1,2783.1,271.3,0.097481,1,p:1.1.1.2.2.2
U5834,234,FUSE0,317299.0,317299.0,320140.3,2841.3,2841.3,271.3,0.095484,1,p:2.1.4.1.2.2
U5835,234,FUSE0,317349.6,317349.6,320205.3,2855.7,2855.7,271.3,0.095003,1,p:1.1.5.1.2.2
U5836,234,FUSE1,317464.2,317464.2,320259.5,2795.3,2795.3,333.3,0.119236,1,p:2.1.2.1.2.2
U5837,234,FUSE1,317572.0,317572.0,320400.1,2828.1,2828.1,333.3,0.117853,1,p:1.1.3.1.2.2
U5838,234,FUSE1,317596.8,317596.8,320379.9,2783.1,2783.1,333.3,0.119759,1,p:2.1.1.2.2.2
U5839,234,FUSE1,317604.6,317604.6,320445.9,2841.3,2841.3,333.3,0.117305,1,p:1.2.4.1.2.2
U5840,234,FUSE1,317655.2,317655.2,320510.9,2855.7,2855.7,333.3,0.116714,1,p:2.1.5.1.2.2
U5841,234,FUSE1,317769.8,317769.8,320565.1,2795.3,2795.3,333.3,0.119236,1,p:1.1.2.1.2.2
U5842,234,FUSE1,317910.0,317910.0,320705.7,2795.7,2795.7,333.3,0.119219,1,p:2.1.3.1.2.2
U5843,234,FUSE1,317934.8,317934.8,320685.5,2750.7,2750.7,333.3,0.121169,1,p:1.1.1.2.2.2
U5844,234,FUSE2,317942.6,317942.6,320783.9,2841.3,2841.3,365.7,0.128709,1,p:2.1.4.1.2.2
U5845,234,FUSE2,317993.2,317993.2,320848.9,2855.7,2855.7,365.7,0.12806,1,p:1.1.5.1.2.2
U5846,234,FUSE2,318107.8,318107.8,320903.1,2795.3,2795.3,365.7,0.130827,1,p:2.1.2.1.2.2
U5847,234,FUSE2,318248.0,318248.0,321043.7,2795.7,2795.7,365.7,0.130808,1,p:1.1.3.1.2.2
U5848,234,FUSE2,318272.8,318272.8,321023.5,2750.7,2750.7,365.7,0.132948,1,p:2.1.1.2.2.2
U5849,234,FUSE2,318280.6,318280.6,321121.9,2841.3,2841.3,365.7,0.128709,1,p:1.2.4.1.2.2
U5850,234,FUSE2,318331.2,318331.2,321186.9,2855.7,2855.7,365.7,0.12806,1,p:2.1.5.1.2.2
U5851,234,FUSE2,318445.8,318445.8,321241.1,2795.3,2795.3,365.7,0.130827,1,p:1.1.2.1.2.2
U5852,234,FUSE2,318491.6,318491.6,321381.7,2890.1,2890.1,365.7,0.126535,1,p:2.1.3.1.2.2
U4160,168,FUSE0,318516.4,318516.4,321267.1,2750.7,2750.7,271.3,0.098629,1,p:1.1.1.1.2.2
U4161,168,FUSE0,318524.2,318524.2,321365.5,2841.3,2841.3,271.3,0.095484,1,p:2.1.4.1.2.2
U4162,168,FUSE0,318574.8,318574.8,321430.5,2855.7,2855.7,271.3,0.095003,1,p:1.1.5.1.2.2
U4163,168,FUSE0,318689.4,318689.4,321484.7,2795.3,2795.3,271.3,0.097056,1,p:2.1.2.1.2.2
U4164,168,FUSE0,318735.2,318735.2,321510.7,2775.5,2775.5,271.3,0.097748,1,p:1.1.1.1.2.2
U4165,168,FUSE0,318760.0,318760.0,321609.1,2849.1,2849.1,271.3,0.095223,1,p:2.1.4.1.2.2
U4166,168,FUSE0,318767.8,318767.8,321625.3,2857.5,2857.5,271.3,0.094943,1,p:1.2.3.1.2.2
U4167,168,FUSE1,318880.4,318880.4,321736.1,2855.7,2855.7,333.3,0.116714,1,p:2.1.5.1.2.2
U4168,168,FUSE1,318995.0,318995.0,321790.3,2795.3,2795.3,333.3,0.119236,1,p:1.1.2.1.2.2
U4169,168,FUSE1,319040.8,319040.8,321816.3,2775.5,2775.5,333.3,0.120086,1,p:2.1.1.1.2.2
U4170,168,FUSE1,319065.6,319065.6,321914.7,2849.1,2849.1,333.3,0.116984,1,p:1.1.4.1.2.2
U4171,168,FUSE1,319073.4,319073.4,321930.9,2857.5,2857.5,333.3,0.11664,1,p:2.1.3.1.2.2
U4172,168,FUSE1,319186.0,319186.0,322041.7,2855.7,2855.7,333.3,0.116714,1,p:1.1.5.1.2.2
U4173,168,FUSE1,319300.6,319300.6,322095.9,2795.3,2795.3,333.3,0.119236,1,p:2.1.2.1.2.2
U4174,168,FUSE2,319346.4,319346.4,322154.3,2807.9,2807.9,365.7,0.13024,1,p:1.1.1.1.2.2
U4175,168,FUSE2,319403.6,319403.6,322252.7,2849.1,2849.1,365.7,0.128356,1,p:2.1.4.1.2.2
U4176,168,FUSE2,319411.4,319411.4,322268.9,2857.5,2857.5,365.7,0.127979,1,p:1.2.3.1.2.2
U4177,168,FUSE2,319524.0,319524.0,322379.7,2855.7,2855.7,365.7,0.12806,1,p:2.1.5.1.2.2
U4178,168,FUSE2,319638.6,319638.6,322433.9,2795.3,2795.3,365.7,0.130827,1,p:1.1.2.1.2.2
U4179,168,FUSE2,319684.4,319684.4,322492.3,2807.9,2807.9,365.7,0.13024,1,p:2.1.1.1.2.2
U4180,168,FUSE2,319741.6,319741.6,322590.7,2849.1,2849.1,365.7,0.128356,1,p:1.1.4.1.2.2
U4181,168,FUSE2,319749.4,319749.4,322606.9,2857.5,2857.5,365.7,0.127979,1,p:2.1.3.1.2.2
U6147,247,FUSE0,319862.0,319862.0,322623.3,2761.3,2761.3,271.3,0.098251,1,p:1.1.5.1.2.2
U6148,247,FUSE0,319882.2,319882.2,322677.5,2795.3,2795.3,271.3,0.097056,1,p:2.1.2.1.2.2
U6149,247,FUSE0,319928.0,319928.0,322735.9,2807.9,2807.9,271.3,0.09662,1,p:1.1.1.1.2.2
U6150,247,FUSE0,319985.2,319985.2,322834.3,2849.1,2849.1,271.3,0.095223,1,p:2.1.4.1.2.2
U6151,247,FUSE0,319993.0,319993.0,322866.9,2873.9,2873.9,271.3,0.094401,1,p:1.2.5.1.2.2
U6152,247,FUSE0,320105.6,320105.6,322850.5,2744.9,2744.9,271.3,0.098838,1,p:2.1.3.1.2.2
U6153,247,FUSE0,320125.8,320125.8,322921.1,2795.3,2795.3,271.3,0.097056,1,p:1.1.2.1.2.2
U6154,247,FUSE0,320171.6,320171.6,322979.5,2807.9,2807.9,271.3,0.09662,1,p:2.1.1.1.2.2
U6155,247,FUSE0,320236.6,320236.6,323077.9,2841.3,2841.3,271.3,0.095484,1,p:1.1.4.1.2.2
U6156,247,FUSE1,320290.8,320290.8,323172.5,2881.7,2881.7,333.3,0.115661,1,p:2.1.5.1.2.2
U6157,247,FUSE1,320411.2,320411.2,323156.1,2744.9,2744.9,333.3,0.121425,1,p:1.1.3.1.2.2
U6158,247,FUSE1,320431.4,320431.4,323226.7,2795.3,2795.3,333.3,0.119236,1,p:2.1.2.1.2.2
U6159,247,FUSE1,320477.2,320477.2,323285.1,2807.9,2807.9,333.3,0.118701,1,p:1.1.1.1.2.2
U6160,247,FUSE1,320542.2,320542.2,323383.5,2841.3,2841.3,333.3,0.117305,1,p:2.1.4.1.2.2
U6161,247,FUSE1,320596.4,320596.4,323478.1,2881.7,2881.7,333.3,0.115661,1,p:1.1.5.1.2.2
U6162,247,FUSE1,320716.8,320716.8,323461.7,2744.9,2744.9,333.3,0.121425,1,p:2.1.3.1.2.2
U6163,247,FUSE1,320737.0,320737.0,323532.3,2795.3,2795.3,333.3,0.119236,1,p:1.1.2.1.2.2
U6164,247,FUSE2,320815.2,320815.2,323623.1,2807.9,2807.9,365.7,0.13024,1,p:2.1.1.1.2.2
U6165,247,FUSE2,320880.2,320880.2,323721.5,2841.3,2841.3,365.7,0.128709,1,p:1.1.4.1.2.2
U6166,247,FUSE2,320934.4,320934.4,323816.1,2881.7,2881.7,365.7,0.126904,1,p:2.1.5.1.2.2
U6167,247,FUSE2,321054.8,321054.8,323799.7,2744.9,2744.9,365.7,0.133229,1,p:1.1.3.1.2.2
U6168,247,FUSE2,321075.0,321075.0,323870.3,2795.3,2795.3,365.7,0.130827,1,p:2.1.2.1.2.2
U6169,247,FUSE2,321153.2,321153.2,323961.1,2807.9,2807.9,365.7,0.13024,1,p:1.1.1.1.2.2
U6170,247,FUSE2,321218.2,321218.2,324059.5,2841.3,2841.3,365.7,0.128709,1,p:2.1.4.1.2.2
U6171,247,FUSE2,321272.4,321272.4,324154.1,2881.7,2881.7,365.7,0.126904,1,p:1.1.5.1.2.2
U6172,247,FUSE2,321298.4,321298.4,324137.7,2839.3,2839.3,365.7,0.128799,1,p:2.1.3.1.2.2
U3433,139,FUSE0,321396.8,321396.8,324113.9,2717.1,2717.1,271.3,0.099849,1,p:1.1.2.2.2.2
U3434,139,FUSE0,321413.0,321413.0,324204.7,2791.7,2791.7,271.3,0.097181,1,p:2.1.1.1.2.2
U3435,139,FUSE0,321461.8,321461.8,324303.1,2841.3,2841.3,271.3,0.095484,1,p:1.1.4.1.2.2
U3436,139,FUSE0,321516.0,321516.0,324397.7,2881.7,2881.7,271.3,0.094146,1,p:2.1.5.1.2.2
U3437,139,FUSE0,321542.0,321542.0,324357.5,2815.5,2815.5,271.3,0.096359,1,p:1.1.2.2.2.2
U3438,139,FUSE0,321640.4,321640.4,324448.3,2807.9,2807.9,271.3,0.09662,1,p:2.1.1.1.2.2
U3439,139,FUSE0,321656.6,321656.6,324381.3,2724.7,2724.7,271.3,0.099571,1,p:1.1.3.1.2.2
U3440,139,FUSE0,321767.4,321767.4,324546.7,2779.3,2779.3,271.3,0.097615,1,p:2.1.4.1.2.2
U3441,139,FUSE0,321821.6,321821.6,324641.3,2819.7,2819.7,271.3,0.096216,1,p:1.1.5.1.2.2
U3442,139,FUSE0,321847.6,321847.6,324601.1,2753.5,2753.5,271.3,0.098529,1,p:2.1.2.2.2.2
U3443,139,FUSE1,321946.0,321946.0,324686.9,2740.9,2740.9,333.3,0.121602,1,p:1.1.3.1.2.2
U3444,139,FUSE1,321962.2,321962.2,324753.9,2791.7,2791.7,333.3,0.11939,1,p:2.1.1.1.2.2
U3445,139,FUSE1,322073.0,322073.0,324852.3,2779.3,2779.3,333.3,0.119922,1,p:1.1.4.1.2.2
U3446,139,FUSE1,322127.2,322127.2,324946.9,2819.7,2819.7,333.3,0.118204,1,p:2.1.5.1.2.2
U3447,139,FUSE1,322185.6,322185.6,324906.7,2721.1,2721.1,333.3,0.122487,1,p:1.1.2.2.2.2
U3448,139,FUSE1,322284.0,322284.0,325059.5,2775.5,2775.5,333.3,0.120086,1,p:2.1.1.1.2.2
U3449,139,FUSE1,322300.2,322300.2,324992.5,2692.3,2692.3,333.3,0.123797,1,p:1.1.3.1.2.2
U3450,139,FUSE1,322411.0,322411.0,325157.9,2746.9,2746.9,333.3,0.121337,1,p:2.1.4.1.2.2
U3451,139,FUSE1,322465.2,322465.2,325252.5,2787.3,2787.3,333.3,0.119578,1,p:1.1.5.1.2.2
U3452,139,FUSE1,322523.6,322523.6,325212.3,2688.7,2688.7,333.3,0.123963,1,p:2.1.2.2.2.2
U3453,139,FUSE2,322622.0,322622.0,325330.5,2708.5,2708.5,365.7,0.135019,1,p:1.1.3.1.2.2
U3454,139,FUSE2,322638.2,322638.2,325495.9,2857.7,2857.7,365.7,0.12797,1,p:2.1.4.1.2.2
U3455,139,FUSE2,322654.6,322654.6,325397.5,2742.9,2742.9,365.7,0.133326,1,p:1.1.1.1.2.2
U3456,139,FUSE2,322708.8,322708.8,325590.5,2881.7,2881.7,365.7,0.126904,1,p:2.1.5.1.2.2
U3457,139,FUSE2,322767.2,322767.2,325550.3,2783.1,2783.1,365.7,0.1314,1,p:1.1.2.2.2.2
U3458,139,FUSE2,322865.6,322865.6,325735.5,2869.9,2869.9,365.7,0.127426,1,p:2.1.1.1.2.2
U3459,139,FUSE2,322881.8,322881.8,325668.5,2786.7,2786.7,365.7,0.13123,1,p:1.1.3.1.2.2
U3460,139,FUSE2,322898.2,322898.2,325833.9,2935.7,2935.7,365.7,0.12457,1,p:2.1.4.1.2.2
U3461,139,FUSE2,322952.4,322952.4,325928.5,2976.1,2976.1,365.7,0.122879,1,p:1.1.5.1.2.2
U8488,340,FUSE0,323010.8,323010.8,325793.9,2783.1,2783.1,271.3,0.097481,1,p:2.1.2.1.2.2
U8489,340,FUSE0,323109.2,323109.2,325912.1,2802.9,2802.9,271.3,0.096793,1,p:1.1.3.1.2.2
U8490,340,FUSE0,323187.4,323187.4,326037.5,2850.1,2850.1,271.3,0.09519,1,p:2.1.2.1.2.2
U8491,340,FUSE0,323203.8,323203.8,325979.1,2775.3,2775.3,271.3,0.097755,1,p:1.1.1.1.2.2
U8492,340,FUSE0,323258.0,323258.0,326077.5,2819.5,2819.5,271.3,0.096223,1,p:2.1.4.1.2.2
U8493,340,FUSE0,323316.4,323316.4,326172.1,2855.7,2855.7,271.3,0.095003,1,p:1.1.5.1.2.2
U8494,340,FUSE0,323414.8,323414.8,326155.7,2740.9,2740.9,271.3,0.098982,1,p:2.1.3.1.2.2
U8495,340,FUSE0,323493.0,323493.0,326222.7,2729.7,2729.7,271.3,0.099388,1,p:1.1.1.1.2.2
U8496,340,FUSE1,323509.4,323509.4,326343.1,2833.7,2833.7,333.3,0.11762,1,p:2.1.2.1.2.2
U8497,340,FUSE1,323563.6,323563.6,326383.1,2819.5,2819.5,333.3,0.118212,1,p:1.1.4.1.2.2
U8498,340,FUSE1,323654.4,323654.4,326477.7,2823.3,2823.3,333.3,0.118053,1,p:2.1.5.1.2.2
U8499,340,FUSE1,323752.8,323752.8,326461.3,2708.5,2708.5,333.3,0.123057,1,p:1.1.3.1.2.2
U8500,340,FUSE1,323831.0,323831.0,326648.7,2817.7,2817.7,333.3,0.118288,1,p:2.1.2.1.2.2
U8501,340,FUSE1,323847.4,323847.4,326528.3,2680.9,2680.9,333.3,0.124324,1,p:1.1.1.1.2.2
U8502,340,FUSE1,323901.6,323901.6,326688.7,2787.1,2787.1,333.3,0.119587,1,p:2.1.4.1.2.2
U8503,340,FUSE2,323992.4,323992.4,326815.7,2823.3,2823.3,365.7,0.129529,1,p:1.1.5.1.2.2
U8504,340,FUSE2,324090.8,324090.8,326799.3,2708.5,2708.5,365.7,0.135019,1,p:2.1.3.1.2.2
U8505,340,FUSE2,324145.2,324145.2,326866.3,2721.1,2721.1,365.7,0.134394,1,p:1.1.1.1.2.2
U8506,340,FUSE2,324169.0,324169.0,327026.7,2857.7,2857.7,365.7,0.12797,1,p:2.1.4.1.2.2
U8507,340,FUSE2,324185.4,324185.4,326986.7,2801.3,2801.3,365.7,0.130547,1,p:1.1.2.1.2.2
U8508,340,FUSE2,324236.0,324236.0,327153.7,2917.7,2917.7,365.7,0.125338,1,p:2.1.5.1.2.2
U8509,340,FUSE2,324334.4,324334.4,327137.3,2802.9,2802.9,365.7,0.130472,1,p:1.1.3.1.2.2
U8510,340,FUSE2,324388.8,324388.8,327204.3,2815.5,2815.5,365.7,0.129888,1,p:2.1.1.1.2.2
U2680,109,FUSE0,324412.6,324412.6,327230.3,2817.7,2817.7,271.3,0.096284,1,p:1.1.2.1.2.2
U2681,109,FUSE0,324429.0,324429.0,327270.3,2841.3,2841.3,271.3,0.095484,1,p:2.1.4.1.2.2
U2682,109,FUSE0,324479.6,324479.6,327397.3,2917.7,2917.7,271.3,0.092984,1,p:1.1.5.1.2.2
U2683,109,FUSE0,324578.0,324578.0,327380.9,2802.9,2802.9,271.3,0.096793,1,p:2.1.3.1.2.2
U2684,109,FUSE0,324632.4,324632.4,327447.9,2815.5,2815.5,271.3,0.096359,1,p:1.1.1.1.2.2
U2685,109,FUSE0,324672.6,324672.6,327473.9,2801.3,2801.3,271.3,0.096848,1,p:2.1.2.1.2.2
U2686,109,FUSE0,324718.2,324718.2,327513.9,2795.7,2795.7,271.3,0.097042,1,p:1.1.4.1.2.2
U2687,109,FUSE0,324785.2,324785.2,327640.9,2855.7,2855.7,271.3,0.095003,1,p:2.1.5.1.2.2
U2688,109,FUSE1,324883.6,324883.6,327686.5,2802.9,2802.9,333.3,0.118913,1,p:1.1.3.1.2.2
U2689,109,FUSE1,324938.0,324938.0,327753.5,2815.5,2815.5,333.3,0.11838,1,p:2.1.1.1.2.2
U2690,109,FUSE1,324978.2,324978.2,327779.5,2801.3,2801.3,333.3,0.11898,1,p:1.1.2.1.2.2
U2691,109,FUSE1,325023.8,325023.8,327819.5,2795.7,2795.7,333.3,0.119219,1,p:2.1.4.1.2.2
U2692,109,FUSE1,325090.8,325090.8,327946.5,2855.7,2855.7,333.3,0.116714,1,p:1.1.5.1.2.2
U2693,109,FUSE1,325189.2,325189.2,327992.1,2802.9,2802.9,333.3,0.118913,1,p:2.1.3.1.2.2
U2694,109,FUSE1,325243.6,325243.6,328059.1,2815.5,2815.5,333.3,0.11838,1,p:1.1.1.1.2.2
U2695,109,FUSE1,325283.8,325283.8,328085.1,2801.3,2801.3,333.3,0.11898,1,p:2.1.2.1.2.2
U2696,109,FUSE2,325361.8,325361.8,328157.5,2795.7,2795.7,365.7,0.130808,1,p:1.1.4.1.2.2
U2697,109,FUSE2,325428.8,325428.8,328284.5,2855.7,2855.7,365.7,0.12806,1,p:2.1.5.1.2.2
U2698,109,FUSE2,325527.2,325527.2,328330.1,2802.9,2802.9,365.7,0.130472,1,p:1.1.3.1.2.2
U2699,109,FUSE2,325581.6,325581.6,328397.1,2815.5,2815.5,365.7,0.129888,1,p:2.1.1.1.2.2
U2700,109,FUSE2,325621.8,325621.8,328423.1,2801.3,2801.3,365.7,0.130547,1,p:1.1.2.1.2.2
U2701,109,FUSE2,325699.8,325699.8,328495.5,2795.7,2795.7,365.7,0.130808,1,p:2.1.4.1.2.2
U2702,109,FUSE2,325766.8,325766.8,328622.5,2855.7,2855.7,365.7,0.12806,1,p:1.1.5.1.2.2
U2703,109,FUSE2,325825.2,325825.2,328671.3,2846.1,2846.1,365.7,0.128492,1,p:2.1.3.1.2.2
U1261,52,FUSE0,325865.2,325865.2,328640.7,2775.5,2775.5,271.3,0.097748,1,p:1.1.1.2.2.2
U1262,52,FUSE0,325943.4,325943.4,328739.1,2795.7,2795.7,271.3,0.097042,1,p:2.1.4.1.2.2
U1263,52,FUSE0,325959.8,325959.8,328666.7,2706.9,2706.9,271.3,0.100225,1,p:1.1.2.1.2.2
U1264,52,FUSE0,326010.4,326010.4,328866.1,2855.7,2855.7,271.3,0.095003,1,p:2.1.5.1.2.2
U1265,52,FUSE0,326068.8,326068.8,328914.9,2846.1,2846.1,271.3,0.095323,1,p:1.1.3.1.2.2
U1266,52,FUSE0,326108.8,326108.8,328884.3,2775.5,2775.5,271.3,0.097748,1,p:2.1.1.2.2.2
U1267,52,FUSE0,326187.0,326187.0,328910.3,2723.3,2723.3,271.3,0.099622,1,p:1.1.2.1.2.2
U1268,52,FUSE1,326203.4,326203.4,329044.7,2841.3,2841.3,333.3,0.117305,1,p:2.1.4.1.2.2
U1269,52,FUSE1,326254.0,326254.0,329171.7,2917.7,2917.7,333.3,0.114234,1,p:1.1.5.1.2.2
U1270,52,FUSE1,326374.4,326374.4,329220.5,2846.1,2846.1,333.3,0.117108,1,p:2.1.3.1.2.2
U1271,52,FUSE1,326414.4,326414.4,329189.9,2775.5,2775.5,333.3,0.120086,1,p:1.1.1.2.2.2
U1272,52,FUSE1,326492.6,326492.6,329350.3,2857.7,2857.7,333.3,0.116632,1,p:2.1.4.1.2.2
U1273,52,FUSE1,326509.0,326509.0,329215.9,2706.9,2706.9,333.3,0.12313,1,p:1.1.2.1.2.2
U1274,52,FUSE1,326559.6,326559.6,329477.3,2917.7,2917.7,333.3,0.114234,1,p:2.1.5.1.2.2
U1275,52,FUSE2,326680.0,326680.0,329558.5,2878.5,2878.5,365.7,0.127045,1,p:1.1.3.1.2.2
U1276,52,FUSE2,326720.0,326720.0,329527.9,2807.9,2807.9,365.7,0.13024,1,p:2.1.1.2.2.2
U1277,52,FUSE2,326830.6,326830.6,329553.9,2723.3,2723.3,365.7,0.134286,1,p:1.1.2.1.2.2
U1278,52,FUSE2,326847.0,326847.0,329688.3,2841.3,2841.3,365.7,0.128709,1,p:2.1.4.1.2.2
U1279,52,FUSE2,326897.6,326897.6,329815.3,2917.7,2917.7,365.7,0.125338,1,p:1.1.5.1.2.2
U1280,52,FUSE2,327018.0,327018.0,329893.3,2875.3,2875.3,365.7,0.127187,1,p:2.1.3.1.2.2
U1281,52,FUSE2,327058.0,327058.0,329865.9,2807.9,2807.9,365.7,0.13024,1,p:1.1.1.2.2.2
U1282,52,FUSE2,327168.6,327168.6,330026.3,2857.7,2857.7,365.7,0.12797,1,p:2.1.4.1.2.2
U3787,153,FUSE0,327185.0,327185.0,329797.5,2612.5,2612.5,271.3,0.103847,1,p:1.1.2.1.2.2
U3788,153,FUSE0,327235.6,327235.6,330058.9,2823.3,2823.3,271.3,0.096093,1,p:2.1.5.1.2.2
U3789,153,FUSE0,327261.6,327261.6,330041.1,2779.5,2779.5,271.3,0.097607,1,p:1.1.2.1.2.2
U3790,153,FUSE0,327301.6,327301.6,330136.9,2835.3,2835.3,271.3,0.095687,1,p:2.1.3.1.2.2
U3791,153,FUSE0,327412.2,327412.2,330109.5,2697.3,2697.3,271.3,0.100582,1,p:1.1.1.2.2.2
U3792,153,FUSE0,327428.6,327428.6,330269.9,2841.3,2841.3,271.3,0.095484,1,p:2.1.4.1.2.2
U3793,153,FUSE0,327479.2,327479.2,330302.5,2823.3,2823.3,271.3,0.096093,1,p:1.1.5.1.2.2
U3794,153,FUSE0,327505.2,327505.2,330284.7,2779.5,2779.5,271.3,0.097607,1,p:2.1.2.1.2.2
U3795,153,FUSE1,327545.2,327545.2,330442.5,2897.3,2897.3,333.3,0.115038,1,p:1.1.3.1.2.2
U3796,153,FUSE1,327672.2,327672.2,330415.1,2742.9,2742.9,333.3,0.121514,1,p:2.1.1.2.2.2
U3797,153,FUSE1,327717.8,327717.8,330575.5,2857.7,2857.7,333.3,0.116632,1,p:1.1.4.1.2.2
U3798,153,FUSE1,327784.8,327784.8,330608.1,2823.3,2823.3,333.3,0.118053,1,p:2.1.5.1.2.2
U3799,153,FUSE1,327810.8,327810.8,330590.3,2779.5,2779.5,333.3,0.119914,1,p:1.1.2.1.2.2
U3800,153,FUSE1,327850.8,327850.8,330748.1,2897.3,2897.3,333.3,0.115038,1,p:2.1.3.1.2.2
U3801,153,FUSE1,327977.8,327977.8,330720.7,2742.9,2742.9,333.3,0.121514,1,p:1.1.1.2.2.2
U3802,153,FUSE1,328023.4,328023.4,330881.1,2857.7,2857.7,333.3,0.116632,1,p:2.1.4.1.2.2
U3803,153,FUSE1,328090.4,328090.4,330913.7,2823.3,2823.3,333.3,0.118053,1,p:1.1.5.1.2.2
U3804,153,FUSE2,328116.4,328116.4,330928.3,2811.9,2811.9,365.7,0.130054,1,p:2.1.2.1.2.2
U3805,153,FUSE2,328188.8,328188.8,331086.1,2897.3,2897.3,365.7,0.126221,1,p:1.1.3.1.2.2
U3806,153,FUSE2,328315.8,328315.8,331058.7,2742.9,2742.9,365.7,0.133326,1,p:2.1.1.2.2.2
U3807,153,FUSE2,328361.4,328361.4,331219.1,2857.7,2857.7,365.7,0.12797,1,p:1.1.4.1.2.2
U3808,153,FUSE2,328428.4,328428.4,331251.7,2823.3,2823.3,365.7,0.129529,1,p:2.1.5.1.2.2
U3809,153,FUSE2,328454.4,328454.4,331266.3,2811.9,2811.9,365.7,0.130054,1,p:1.1.2.1.2.2
U3810,153,FUSE2,328526.8,328526.8,331424.1,2897.3,2897.3,365.7,0.126221,1,p:2.1.3.1.2.2
U3811,153,FUSE2,328653.8,328653.8,331396.7,2742.9,2742.9,365.7,0.133326,1,p:1.1.1.2.2.2
U6756,271,FUSE0,328672.0,328672.0,331462.7,2790.7,2790.7,271.3,0.097216,1,p:2.1.4.1.2.2
U6757,271,FUSE0,328698.0,328698.0,331495.3,2797.3,2797.3,271.3,0.096986,1,p:1.1.5.1.2.2
U6758,271,FUSE0,328702.6,328702.6,331509.9,2807.3,2807.3,271.3,0.096641,1,p:2.1.2.1.2.2
U6759,271,FUSE0,328770.4,328770.4,331667.7,2897.3,2897.3,271.3,0.093639,1,p:1.1.3.1.2.2
U6760,271,FUSE0,328897.4,328897.4,331706.3,2808.9,2808.9,271.3,0.096586,1,p:2.1.4.1.2.2
U6761,271,FUSE0,328915.6,328915.6,331640.3,2724.7,2724.7,271.3,0.099571,1,p:1.1.1.2.2.2
U6762,271,FUSE0,328941.6,328941.6,331738.9,2797.3,2797.3,271.3,0.096986,1,p:2.1.5.1.2.2
U6763,271,FUSE0,328946.2,328946.2,331753.5,2807.3,2807.3,271.3,0.096641,1,p:1.2.2.1.2.2
U6764,271,FUSE1,329076.0,329076.0,331973.3,2897.3,2897.3,333.3,0.115038,1,p:2.1.3.1.2.2
U6765,271,FUSE1,329203.0,329203.0,331945.9,2742.9,2742.9,333.3,0.121514,1,p:1.1.1.2.2.2
U6766,271,FUSE1,329221.2,329221.2,332011.9,2790.7,2790.7,333.3,0.119432,1,p:2.1.4.1.2.2
U6767,271,FUSE1,329247.2,329247.2,332044.5,2797.3,2797.3,333.3,0.119151,1,p:1.1.5.1.2.2
U6768,271,FUSE1,329251.8,329251.8,332059.1,2807.3,2807.3,333.3,0.118726,1,p:2.1.2.1.2.2
U6769,271,FUSE1,329381.6,329381.6,332278.9,2897.3,2897.3,333.3,0.115038,1,p:1.1.3.1.2.2
U6770,271,FUSE1,329508.6,329508.6,332251.5,2742.9,2742.9,333.3,0.121514,1,p:2.1.1.2.2.2
U6771,271,FUSE1,329559.2,329559.2,332317.5,2758.3,2758.3,333.3,0.120835,1,p:1.1.4.1.2.2
U6772,271,FUSE2,329585.2,329585.2,332382.5,2797.3,2797.3,365.7,0.130733,1,p:2.1.5.1.2.2
U6773,271,FUSE2,329589.8,329589.8,332397.1,2807.3,2807.3,365.7,0.130268,1,p:1.2.2.1.2.2
U6774,271,FUSE2,329719.6,329719.6,332616.9,2897.3,2897.3,365.7,0.126221,1,p:2.1.3.1.2.2
U6775,271,FUSE2,329828.8,329828.8,332589.5,2760.7,2760.7,365.7,0.132466,1,p:1.1.1.2.2.2
U6776,271,FUSE2,329846.6,329846.6,332655.5,2808.9,2808.9,365.7,0.130193,1,p:2.1.4.1.2.2
U6777,271,FUSE2,329897.2,329897.2,332720.5,2823.3,2823.3,365.7,0.129529,1,p:1.1.5.1.2.2
U6778,271,FUSE2,329924.6,329924.6,332735.1,2810.5,2810.5,365.7,0.130119,1,p:2.1.2.1.2.2
U6779,271,FUSE2,330057.6,330057.6,332954.9,2897.3,2897.3,365.7,0.126221,1,p:1.1.3.1.2.2
U6780,271,FUSE2,330072.4,330072.4,332993.5,2921.1,2921.1,365.7,0.125193,1,p:2.1.4.1.2.2
U6603,265,FUSE0,330090.2,330090.2,332833.1,2742.9,2742.9,271.3,0.09891,1,p:1.1.1.1.2.2
U6604,265,FUSE0,330140.8,330140.8,332964.1,2823.3,2823.3,271.3,0.096093,1,p:2.1.5.1.2.2
U6605,265,FUSE0,330168.2,330168.2,332978.7,2810.5,2810.5,271.3,0.096531,1,p:1.1.2.1.2.2
U6606,265,FUSE0,330301.2,330301.2,333207.7,2906.5,2906.5,271.3,0.093343,1,p:2.1.5.1.2.2
U6607,265,FUSE0,330316.0,330316.0,333076.7,2760.7,2760.7,271.3,0.098272,1,p:1.1.1.1.2.2
U6608,265,FUSE0,330333.8,330333.8,333198.5,2864.7,2864.7,271.3,0.094705,1,p:2.1.3.1.2.2
U6609,265,FUSE0,330446.4,330446.4,333237.1,2790.7,2790.7,271.3,0.097216,1,p:1.1.4.1.2.2
U6610,265,FUSE0,330473.8,330473.8,333222.3,2748.5,2748.5,271.3,0.098708,1,p:2.1.2.1.2.2
U6611,265,FUSE1,330606.8,330606.8,333382.3,2775.5,2775.5,333.3,0.120086,1,p:1.1.1.1.2.2
U6612,265,FUSE1,330621.6,330621.6,333504.1,2882.5,2882.5,333.3,0.115629,1,p:2.1.3.1.2.2
U6613,265,FUSE1,330639.4,330639.4,333513.3,2873.9,2873.9,333.3,0.115975,1,p:1.1.5.1.2.2
U6614,265,FUSE1,330752.0,330752.0,333542.7,2790.7,2790.7,333.3,0.119432,1,p:2.1.4.1.2.2
U6615,265,FUSE1,330779.4,330779.4,333527.9,2748.5,2748.5,333.3,0.121266,1,p:1.1.2.1.2.2
U6616,265,FUSE1,330912.4,330912.4,333687.9,2775.5,2775.5,333.3,0.120086,1,p:2.1.1.1.2.2
U6617,265,FUSE1,330945.0,330945.0,333818.9,2873.9,2873.9,333.3,0.115975,1,p:1.1.5.1.2.2
U6618,265,FUSE1,330959.6,330959.6,333809.7,2850.1,2850.1,333.3,0.116943,1,p:2.1.3.1.2.2
U6619,265,FUSE2,331090.0,331090.0,333880.7,2790.7,2790.7,365.7,0.131042,1,p:1.1.4.1.2.2
U6620,265,FUSE2,331117.4,331117.4,333865.9,2748.5,2748.5,365.7,0.133054,1,p:2.1.2.1.2.2
U6621,265,FUSE2,331250.4,331250.4,334025.9,2775.5,2775.5,365.7,0.13176,1,p:1.1.1.1.2.2
U6622,265,FUSE2,331283.0,331283.0,334147.7,2864.7,2864.7,365.7,0.127657,1,p:2.1.3.1.2.2
U6623,265,FUSE2,331297.6,331297.6,334156.9,2859.3,2859.3,365.7,0.127898,1,p:1.1.5.1.2.2
U6624,265,FUSE2,331428.0,331428.0,334218.7,2790.7,2790.7,365.7,0.131042,1,p:2.1.4.1.2.2
U6625,265,FUSE2,331455.4,331455.4,334203.9,2748.5,2748.5,365.7,0.133054,1,p:1.1.2.1.2.2
U6626,265,FUSE2,331494.0,331494.0,334363.9,2869.9,2869.9,365.7,0.127426,1,p:2.1.1.2.2.2
U6274,252,FUSE0,331526.6,331526.6,334400.5,2873.9,2873.9,271.3,0.094401,1,p:1.1.5.1.2.2
U6275,252,FUSE0,331541.2,331541.2,334391.3,2850.1,2850.1,271.3,0.09519,1,p:2.1.3.1.2.2
U6276,252,FUSE0,331671.6,331671.6,334462.3,2790.7,2790.7,271.3,0.097216,1,p:1.1.4.1.2.2
U6277,252,FUSE0,331699.0,331699.0,334447.5,2748.5,2748.5,271.3,0.098708,1,p:2.1.2.1.2.2
U6278,252,FUSE0,331737.6,331737.6,334644.1,2906.5,2906.5,271.3,0.093343,1,p:1.1.5.1.2.2
U6279,252,FUSE0,331770.2,331770.2,334607.5,2837.3,2837.3,271.3,0.095619,1,p:2.1.1.2.2.2
U6280,252,FUSE0,331784.8,331784.8,334634.9,2850.1,2850.1,271.3,0.09519,1,p:1.1.3.1.2.2
U6281,252,FUSE0,331977.2,331977.2,334705.9,2728.7,2728.7,271.3,0.099425,1,p:2.1.4.1.2.2
U6282,252,FUSE0,332004.6,332004.6,334691.1,2686.5,2686.5,271.3,0.100986,1,p:1.1.2.1.2.2
U6283,252,FUSE1,332043.2,332043.2,334949.7,2906.5,2906.5,333.3,0.114674,1,p:2.1.5.1.2.2
U6284,252,FUSE1,332075.8,332075.8,334940.5,2864.7,2864.7,333.3,0.116347,1,p:1.1.3.1.2.2
U6285,252,FUSE1,332090.4,332090.4,334913.1,2822.7,2822.7,333.3,0.118078,1,p:2.1.1.2.2.2
U6286,252,FUSE1,332282.8,332282.8,335011.5,2728.7,2728.7,333.3,0.122146,1,p:1.1.4.1.2.2
U6287,252,FUSE1,332310.2,332310.2,334996.7,2686.5,2686.5,333.3,0.124065,1,p:2.1.2.1.2.2
U6288,252,FUSE1,332348.8,332348.8,335255.3,2906.5,2906.5,333.3,0.114674,1,p:1.1.5.1.2.2
U6289,252,FUSE1,332413.8,332413.8,335218.7,2804.9,2804.9,333.3,0.118828,1,p:2.1.1.2.2.2
U6290,252,FUSE1,332428.4,332428.4,335246.1,2817.7,2817.7,333.3,0.118288,1,p:1.1.3.1.2.2
U6291,252,FUSE2,332620.8,332620.8,335349.5,2728.7,2728.7,365.7,0.13402,1,p:2.1.4.1.2.2
U6292,252,FUSE2,332648.2,332648.2,335334.7,2686.5,2686.5,365.7,0.136125,1,p:1.1.2.1.2.2
U6293,252,FUSE2,332686.8,332686.8,335593.3,2906.5,2906.5,365.7,0.125821,1,p:2.1.5.1.2.2
U6294,252,FUSE2,332751.8,332751.8,335584.1,2832.3,2832.3,365.7,0.129118,1,p:1.1.3.1.2.2
U6295,252,FUSE2,332766.4,332766.4,335556.7,2790.3,2790.3,365.7,0.131061,1,p:2.1.1.2.2.2
U6296,252,FUSE2,332864.4,332864.4,335687.5,2823.1,2823.1,365.7,0.129538,1,p:1.1.4.1.2.2
U6297,252,FUSE2,332986.2,332986.2,335672.7,2686.5,2686.5,365.7,0.136125,1,p:2.1.2.1.2.2
U6298,252,FUSE2,332995.4,332995.4,335935.7,2940.3,2940.3,365.7,0.124375,1,p:1.2.5.1.2.2
U6299,252,FUSE2,333010.0,333010.0,335894.7,2884.7,2884.7,365.7,0.126772,1,p:2.1.1.2.2.2
U7174,288,FUSE0,333024.8,333024.8,335827.7,2802.9,2802.9,271.3,0.096793,1,p:1.1.3.1.2.2
U7175,288,FUSE0,333108.0,333108.0,335931.1,2823.1,2823.1,271.3,0.0961,1,p:2.1.4.1.2.2
U7176,288,FUSE0,333229.8,333229.8,335916.3,2686.5,2686.5,271.3,0.100986,1,p:1.1.2.1.2.2
U7177,288,FUSE0,333239.0,333239.0,336179.3,2940.3,2940.3,271.3,0.092269,1,p:2.1.5.1.2.2
U7178,288,FUSE0,333253.6,333253.6,336071.3,2817.7,2817.7,271.3,0.096284,1,p:1.1.3.1.2.2
U7179,288,FUSE0,333268.4,333268.4,336174.7,2906.3,2906.3,271.3,0.093349,1,p:2.1.4.1.2.2
U7180,288,FUSE0,333413.6,333413.6,336138.3,2724.7,2724.7,271.3,0.099571,1,p:1.1.1.2.2.2
U7181,288,FUSE0,333535.4,333535.4,336159.9,2624.5,2624.5,271.3,0.103372,1,p:2.1.2.1.2.2
U7182,288,FUSE1,333544.6,333544.6,336376.9,2832.3,2832.3,333.3,0.117678,1,p:1.2.3.1.2.2
U7183,288,FUSE1,333559.2,333559.2,336480.3,2921.1,2921.1,333.3,0.114101,1,p:2.1.4.1.2.2
U7184,288,FUSE1,333574.0,333574.0,336484.9,2910.9,2910.9,333.3,0.114501,1,p:1.1.5.1.2.2
U7185,288,FUSE1,333719.2,333719.2,336443.9,2724.7,2724.7,333.3,0.122325,1,p:2.1.1.2.2.2
U7186,288,FUSE1,333841.0,333841.0,336465.5,2624.5,2624.5,333.3,0.126996,1,p:1.1.2.1.2.2
U7187,288,FUSE1,333850.2,333850.2,336682.5,2832.3,2832.3,333.3,0.117678,1,p:2.1.3.1.2.2
U7188,288,FUSE1,333897.2,333897.2,336791.1,2893.9,2893.9,333.3,0.115173,1,p:1.1.5.1.2.2
U7189,288,FUSE1,333912.0,333912.0,336786.5,2874.5,2874.5,333.3,0.115951,1,p:2.1.4.1.2.2
U7190,288,FUSE2,334057.2,334057.2,336781.9,2724.7,2724.7,365.7,0.134217,1,p:1.1.1.1.2.2
U7191,288,FUSE2,334179.0,334179.0,336803.5,2624.5,2624.5,365.7,0.139341,1,p:2.1.2.1.2.2
U7192,288,FUSE2,334188.2,334188.2,337020.5,2832.3,2832.3,365.7,0.129118,1,p:1.2.3.1.2.2
U7193,288,FUSE2,334235.2,334235.2,337124.5,2889.3,2889.3,365.7,0.12657,1,p:2.1.4.1.2.2
U7194,288,FUSE2,334250.0,334250.0,337129.1,2879.1,2879.1,365.7,0.127019,1,p:1.1.5.1.2.2
U7195,288,FUSE2,334395.2,334395.2,337119.9,2724.7,2724.7,365.7,0.134217,1,p:2.1.1.1.2.2
U7196,288,FUSE2,334422.6,334422.6,337141.5,2718.9,2718.9,365.7,0.134503,1,p:1.1.2.1.2.2
U7197,288,FUSE2,334431.8,334431.8,337358.5,2926.7,2926.7,365.7,0.124953,1,p:2.1.3.1.2.2
U6873,276,FUSE0,334478.8,334478.8,337372.7,2893.9,2893.9,271.3,0.093749,1,p:1.1.5.1.2.2
U6874,276,FUSE0,334493.6,334493.6,337368.1,2874.5,2874.5,271.3,0.094382,1,p:2.1.4.1.2.2
U6875,276,FUSE0,334638.8,334638.8,337363.5,2724.7,2724.7,271.3,0.099571,1,p:1.1.1.1.2.2
U6876,276,FUSE0,334666.2,334666.2,337385.1,2718.9,2718.9,271.3,0.099783,1,p:2.1.2.1.2.2
U6877,276,FUSE0,334675.4,334675.4,337616.3,2940.9,2940.9,271.3,0.092251,1,p:1.2.5.1.2.2
U6878,276,FUSE0,334722.4,334722.4,337602.1,2879.7,2879.7,271.3,0.094211,1,p:2.1.3.1.2.2
U6879,276,FUSE0,334737.2,334737.2,337611.7,2874.5,2874.5,271.3,0.094382,1,p:1.1.4.1.2.2
U6880,276,FUSE0,334944.4,334944.4,337607.1,2662.7,2662.7,271.3,0.101889,1,p:2.1.1.1.2.2
U6881,276,FUSE0,334971.8,334971.8,337628.7,2656.9,2656.9,271.3,0.102111,1,p:1.1.2.1.2.2
U6882,276,FUSE1,334981.0,334981.0,337921.9,2940.9,2940.9,333.3,0.113333,1,p:2.1.5.1.2.2
U6883,276,FUSE1,335028.0,335028.0,337917.3,2889.3,2889.3,333.3,0.115357,1,p:1.1.4.1.2.2
U6884,276,FUSE1,335042.8,335042.8,337907.7,2864.9,2864.9,333.3,0.116339,1,p:2.1.3.1.2.2
U6885,276,FUSE1,335250.0,335250.0,337912.7,2662.7,2662.7,333.3,0.125174,1,p:1.1.1.1.2.2
U6886,276,FUSE1,335277.4,335277.4,337934.3,2656.9,2656.9,333.3,0.125447,1,p:2.1.2.1.2.2
U6887,276,FUSE1,335286.6,335286.6,338226.9,2940.3,2940.3,333.3,0.113356,1,p:1.2.5.1.2.2
U6888,276,FUSE1,335366.0,335366.0,338213.3,2847.3,2847.3,333.3,0.117058,1,p:2.1.3.1.2.2
U6889,276,FUSE1,335380.8,335380.8,338222.3,2841.5,2841.5,333.3,0.117297,1,p:1.1.4.1.2.2
U6890,276,FUSE2,335588.0,335588.0,338250.7,2662.7,2662.7,365.7,0.137342,1,p:2.1.1.1.2.2
U6891,276,FUSE2,335615.4,335615.4,338272.3,2656.9,2656.9,365.7,0.137642,1,p:1.1.2.1.2.2
U6892,276,FUSE2,335624.6,335624.6,338564.9,2940.3,2940.3,365.7,0.124375,1,p:2.1.5.1.2.2
U6893,276,FUSE2,335704.0,335704.0,338560.3,2856.3,2856.3,365.7,0.128033,1,p:1.1.4.1.2.2
U6894,276,FUSE2,335718.8,335718.8,338551.3,2832.5,2832.5,365.7,0.129109,1,p:2.1.3.1.2.2
U6895,276,FUSE2,335859.0,335859.0,338588.7,2729.7,2729.7,365.7,0.133971,1,p:1.1.1.1.2.2
U6896,276,FUSE2,335926.0,335926.0,338610.3,2684.3,2684.3,365.7,0.136237,1,p:2.1.2.1.2.2
U6897,276,FUSE2,335947.6,335947.6,338902.9,2955.3,2955.3,365.7,0.123744,1,p:1.1.5.1.2.2
U6898,276,FUSE2,335962.4,335962.4,338898.3,2935.9,2935.9,365.7,0.124561,1,p:2.1.4.1.2.2
U2111,86,FUSE0,335967.0,335967.0,338794.9,2827.9,2827.9,271.3,0.095937,1,p:1.2.3.1.2.2
U2112,86,FUSE0,336102.6,336102.6,338832.3,2729.7,2729.7,271.3,0.099388,1,p:2.1.1.2.2.2
U2113,86,FUSE0,336169.6,336169.6,338853.9,2684.3,2684.3,271.3,0.101069,1,p:1.1.2.2.2.2
U2114,86,FUSE0,336191.2,336191.2,339146.5,2955.3,2955.3,271.3,0.091801,1,p:2.1.5.1.2.2
U2115,86,FUSE0,336206.0,336206.0,339038.5,2832.5,2832.5,271.3,0.095781,1,p:1.1.3.1.2.2
U2116,86,FUSE0,336210.6,336210.6,339075.9,2865.3,2865.3,271.3,0.094685,1,p:2.1.1.2.2.2
U2117,86,FUSE0,336408.2,336408.2,339097.5,2689.3,2689.3,271.3,0.100881,1,p:1.1.2.2.2.2
U2118,86,FUSE0,336475.2,336475.2,339141.9,2666.7,2666.7,271.3,0.101736,1,p:2.1.4.1.2.2
U2119,86,FUSE1,336496.8,336496.8,339344.1,2847.3,2847.3,333.3,0.117058,1,p:1.1.3.1.2.2
U2120,86,FUSE1,336511.6,336511.6,339452.1,2940.5,2940.5,333.3,0.113348,1,p:2.1.5.1.2.2
U2121,86,FUSE1,336516.2,336516.2,339381.5,2865.3,2865.3,333.3,0.116323,1,p:1.2.1.2.2.2
U2122,86,FUSE1,336713.8,336713.8,339403.1,2689.3,2689.3,333.3,0.123936,1,p:2.1.2.2.2.2
U2123,86,FUSE1,336813.2,336813.2,339447.5,2634.3,2634.3,333.3,0.126523,1,p:1.1.4.1.2.2
U2124,86,FUSE1,336817.8,336817.8,339649.7,2831.9,2831.9,333.3,0.117695,1,p:2.1.3.1.2.2
U2125,86,FUSE1,336822.4,336822.4,339753.3,2930.9,2930.9,333.3,0.113719,1,p:1.2.5.1.2.2
U2126,86,FUSE1,336834.8,336834.8,339687.1,2852.3,2852.3,333.3,0.116853,1,p:2.1.1.2.2.2
U2127,86,FUSE2,337051.8,337051.8,339741.1,2689.3,2689.3,365.7,0.135983,1,p:1.1.2.1.2.2
U2128,86,FUSE2,337151.2,337151.2,339785.5,2634.3,2634.3,365.7,0.138822,1,p:2.1.4.1.2.2
U2129,86,FUSE2,337155.8,337155.8,339987.7,2831.9,2831.9,365.7,0.129136,1,p:1.2.3.1.2.2
U2130,86,FUSE2,337160.4,337160.4,340025.1,2864.7,2864.7,365.7,0.127657,1,p:2.1.1.2.2.2
U2131,86,FUSE2,337172.8,337172.8,340091.3,2918.5,2918.5,365.7,0.125304,1,p:1.1.5.1.2.2
U2132,86,FUSE2,337389.8,337389.8,340079.1,2689.3,2689.3,365.7,0.135983,1,p:2.1.2.1.2.2
U2133,86,FUSE2,337394.8,337394.8,340123.5,2728.7,2728.7,365.7,0.13402,1,p:1.2.4.1.2.2
U2134,86,FUSE2,337399.4,337399.4,340327.3,2927.9,2927.9,365.7,0.124902,1,p:2.1.3.1.2.2
U2135,86,FUSE2,337404.0,337404.0,340429.3,3025.3,3025.3,365.7,0.120881,1,p:1.2.5.1.2.2
U545,23,FUSE0,337416.4,337416.4,340268.7,2852.3,2852.3,271.3,0.095116,1,p:2.1.1.1.2.2
U546,23,FUSE0,337633.4,337633.4,340322.7,2689.3,2689.3,271.3,0.100881,1,p:1.1.2.1.2.2
U547,23,FUSE0,337638.4,337638.4,340367.1,2728.7,2728.7,271.3,0.099425,1,p:2.1.4.1.2.2
U548,23,FUSE0,337643.0,337643.0,340512.3,2869.3,2869.3,271.3,0.094553,1,p:1.2.1.1.2.2
U549,23,FUSE0,337647.6,337647.6,340566.3,2918.7,2918.7,271.3,0.092952,1,p:2.1.2.1.2.2
U550,23,FUSE0,337660.0,337660.0,340570.9,2910.9,2910.9,271.3,0.093201,1,p:1.1.3.1.2.2
U551,23,FUSE0,337939.0,337939.0,340610.7,2671.7,2671.7,271.3,0.101546,1,p:2.1.4.1.2.2
U552,23,FUSE1,337944.0,337944.0,340734.9,2790.9,2790.9,333.3,0.119424,1,p:1.2.5.1.2.2
U553,23,FUSE1,337948.6,337948.6,340817.9,2869.3,2869.3,333.3,0.116161,1,p:2.1.1.1.2.2
U554,23,FUSE1,337953.2,337953.2,340876.5,2923.3,2923.3,333.3,0.114015,1,p:1.2.3.1.2.2
U555,23,FUSE1,337965.6,337965.6,340871.9,2906.3,2906.3,333.3,0.114682,1,p:2.1.2.1.2.2
U556,23,FUSE1,338244.6,338244.6,340916.3,2671.7,2671.7,333.3,0.124752,1,p:1.1.4.1.2.2
U557,23,FUSE1,338253.6,338253.6,341040.5,2786.9,2786.9,333.3,0.119595,1,p:2.1.5.1.2.2
U558,23,FUSE1,338258.2,338258.2,341123.5,2865.3,2865.3,333.3,0.116323,1,p:1.2.1.1.2.2
U559,23,FUSE1,338282.0,338282.0,341180.5,2898.5,2898.5,333.3,0.114991,1,p:2.1.3.1.2.2
U560,23,FUSE2,338303.6,338303.6,341209.9,2906.3,2906.3,365.7,0.12583,1,p:1.1.2.1.2.2
U561,23,FUSE2,338582.6,338582.6,341254.3,2671.7,2671.7,365.7,0.136879,1,p:2.1.4.1.2.2
U562,23,FUSE2,338591.6,338591.6,341378.5,2786.9,2786.9,365.7,0.131221,1,p:1.2.5.1.2.2
U563,23,FUSE2,338596.2,338596.2,341461.5,2865.3,2865.3,365.7,0.127631,1,p:2.1.1.1.2.2
U564,23,FUSE2,338620.0,338620.0,341518.5,2898.5,2898.5,365.7,0.126169,1,p:1.1.3.1.2.2
U565,23,FUSE2,338641.6,338641.6,341547.9,2906.3,2906.3,365.7,0.12583,1,p:2.1.2.1.2.2
U566,23,FUSE2,338826.2,338826.2,341592.3,2766.1,2766.1,365.7,0.132208,1,p:1.1.4.1.2.2
U567,23,FUSE2,338863.6,338863.6,341716.5,2852.9,2852.9,365.7,0.128185,1,p:2.1.5.1.2.2
U2778,113,FUSE0,338885.2,338885.2,341705.1,2819.9,2819.9,271.3,0.096209,1,p:1.1.1.1.2.2
U2779,113,FUSE0,338929.6,338929.6,341762.1,2832.5,2832.5,271.3,0.095781,1,p:2.1.3.1.2.2
U2780,113,FUSE0,338934.2,338934.2,341791.5,2857.3,2857.3,271.3,0.09495,1,p:1.2.2.1.2.2
U2781,113,FUSE0,339069.8,339069.8,341835.9,2766.1,2766.1,271.3,0.09808,1,p:2.1.4.1.2.2
U2782,113,FUSE0,339107.2,339107.2,341960.1,2852.9,2852.9,271.3,0.095096,1,p:1.1.5.1.2.2
U2783,113,FUSE0,339128.8,339128.8,341948.7,2819.9,2819.9,271.3,0.096209,1,p:2.1.1.1.2.2
U2784,113,FUSE0,339173.2,339173.2,342005.7,2832.5,2832.5,271.3,0.095781,1,p:1.1.3.1.2.2
U2785,113,FUSE0,339177.8,339177.8,342035.1,2857.3,2857.3,271.3,0.09495,1,p:2.1.2.1.2.2
U2786,113,FUSE1,339375.4,339375.4,342141.5,2766.1,2766.1,333.3,0.120495,1,p:1.1.4.1.2.2
U2787,113,FUSE1,339412.8,339412.8,342265.7,2852.9,2852.9,333.3,0.116828,1,p:2.1.5.1.2.2
U2788,113,FUSE1,339434.4,339434.4,342254.3,2819.9,2819.9,333.3,0.118196,1,p:1.1.1.1.2.2
U2789,113,FUSE1,339478.8,339478.8,342311.3,2832.5,2832.5,333.3,0.11767,1,p:2.1.3.1.2.2
U2790,113,FUSE1,339483.4,339483.4,342340.7,2857.3,2857.3,333.3,0.116649,1,p:1.2.2.1.2.2
U2791,113,FUSE1,339681.0,339681.0,342447.1,2766.1,2766.1,333.3,0.120495,1,p:2.1.4.1.2.2
U2792,113,FUSE1,339718.4,339718.4,342571.3,2852.9,2852.9,333.3,0.116828,1,p:1.1.5.1.2.2
U2793,113,FUSE1,339772.4,339772.4,342616.9,2844.5,2844.5,333.3,0.117173,1,p:2.1.3.1.2.2
U2794,113,FUSE2,339784.6,339784.6,342592.3,2807.7,2807.7,365.7,0.130249,1,p:1.1.1.2.2.2
U2795,113,FUSE2,339816.8,339816.8,342678.7,2861.9,2861.9,365.7,0.127782,1,p:2.1.2.1.2.2
U2796,113,FUSE2,340019.0,340019.0,342785.1,2766.1,2766.1,365.7,0.132208,1,p:1.1.4.1.2.2
U2797,113,FUSE2,340056.4,340056.4,342909.3,2852.9,2852.9,365.7,0.128185,1,p:2.1.5.1.2.2
U2798,113,FUSE2,340110.4,340110.4,342954.9,2844.5,2844.5,365.7,0.128564,1,p:1.1.3.1.2.2
U2799,113,FUSE2,340122.6,340122.6,342930.3,2807.7,2807.7,365.7,0.130249,1,p:2.1.1.2.2.2
U2800,113,FUSE2,340154.8,340154.8,343016.7,2861.9,2861.9,365.7,0.127782,1,p:1.1.2.1.2.2
U2801,113,FUSE2,340300.0,340300.0,343123.1,2823.1,2823.1,365.7,0.129538,1,p:2.1.4.1.2.2
U4776,192,FUSE0,340354.0,340354.0,343152.9,2798.9,2798.9,271.3,0.096931,1,p:1.1.5.1.2.2
U4777,192,FUSE0,340358.6,340358.6,343198.5,2839.9,2839.9,271.3,0.095532,1,p:2.1.3.1.2.2
U4778,192,FUSE0,340398.4,340398.4,343173.9,2775.5,2775.5,271.3,0.097748,1,p:1.1.1.2.2.2
U4779,192,FUSE0,340460.6,340460.6,343260.3,2799.7,2799.7,271.3,0.096903,1,p:2.1.2.1.2.2
U4780,192,FUSE0,340543.6,340543.6,343366.7,2823.1,2823.1,271.3,0.0961,1,p:1.1.4.1.2.2
U4781,192,FUSE0,340597.6,340597.6,343396.5,2798.9,2798.9,271.3,0.096931,1,p:2.1.5.1.2.2
U4782,192,FUSE0,340602.2,340602.2,343442.1,2839.9,2839.9,271.3,0.095532,1,p:1.2.3.1.2.2
U4783,192,FUSE0,340642.0,340642.0,343417.5,2775.5,2775.5,271.3,0.097748,1,p:2.1.1.2.2.2
U4784,192,FUSE1,340766.2,340766.2,343565.9,2799.7,2799.7,333.3,0.119048,1,p:1.1.2.1.2.2
U4785,192,FUSE1,340849.2,340849.2,343672.3,2823.1,2823.1,333.3,0.118062,1,p:2.1.4.1.2.2
U4786,192,FUSE1,340903.2,340903.2,343702.1,2798.9,2798.9,333.3,0.119082,1,p:1.1.5.1.2.2
U4787,192,FUSE1,340907.8,340907.8,343747.7,2839.9,2839.9,333.3,0.117363,1,p:2.1.3.1.2.2
U4788,192,FUSE1,340947.6,340947.6,343723.1,2775.5,2775.5,333.3,0.120086,1,p:1.1.1.2.2.2
U4789,192,FUSE1,341071.8,341071.8,343871.5,2799.7,2799.7,333.3,0.119048,1,p:2.1.2.1.2.2
U4790,192,FUSE1,341154.8,341154.8,343977.9,2823.1,2823.1,333.3,0.118062,1,p:1.1.4.1.2.2
U4791,192,FUSE1,341211.8,341211.8,344007.7,2795.9,2795.9,333.3,0.11921,1,p:2.1.5.1.2.2
U4792,192,FUSE2,341241.2,341241.2,344085.7,2844.5,2844.5,365.7,0.128564,1,p:1.1.3.1.2.2
U4793,192,FUSE2,341285.6,341285.6,344061.1,2775.5,2775.5,365.7,0.13176,1,p:2.1.1.2.2.2
U4794,192,FUSE2,341409.8,341409.8,344209.5,2799.7,2799.7,365.7,0.130621,1,p:1.1.2.1.2.2
U4795,192,FUSE2,341492.8,341492.8,344315.9,2823.1,2823.1,365.7,0.129538,1,p:2.1.4.1.2.2
U4796,192,FUSE2,341549.8,341549.8,344345.7,2795.9,2795.9,365.7,0.130799,1,p:1.1.5.1.2.2
U4797,192,FUSE2,341579.2,341579.2,344423.7,2844.5,2844.5,365.7,0.128564,1,p:2.1.3.1.2.2
U4798,192,FUSE2,341623.6,341623.6,344399.1,2775.5,2775.5,365.7,0.13176,1,p:1.1.1.2.2.2
U4799,192,FUSE2,341736.4,341736.4,344653.9,2917.5,2917.5,365.7,0.125347,1,p:2.1.4.1.2.2
U4428,178,FUSE0,341747.8,341747.8,344453.1,2705.3,2705.3,271.3,0.100285,1,p:1.1.2.1.2.2
U4429,178,FUSE0,341793.4,341793.4,344589.3,2795.9,2795.9,271.3,0.097035,1,p:2.1.5.1.2.2
U4430,178,FUSE0,341822.8,341822.8,344667.3,2844.5,2844.5,271.3,0.095377,1,p:1.1.3.1.2.2
U4431,178,FUSE0,341867.2,341867.2,344642.7,2775.5,2775.5,271.3,0.097748,1,p:2.1.1.2.2.2
U4432,178,FUSE0,341980.0,341980.0,344696.7,2716.7,2716.7,271.3,0.099864,1,p:1.1.2.1.2.2
U4433,178,FUSE0,341991.4,341991.4,344832.9,2841.5,2841.5,271.3,0.095478,1,p:2.1.5.1.2.2
U4434,178,FUSE0,342037.0,342037.0,344897.5,2860.5,2860.5,271.3,0.094844,1,p:1.1.4.1.2.2
U4435,178,FUSE0,342066.4,342066.4,344910.9,2844.5,2844.5,271.3,0.095377,1,p:2.1.3.1.2.2
U4436,178,FUSE0,342172.8,342172.8,344886.3,2713.5,2713.5,271.3,0.099982,1,p:1.1.1.2.2.2
U4437,178,FUSE1,342285.6,342285.6,345138.5,2852.9,2852.9,333.3,0.116828,1,p:2.1.5.1.2.2
U4438,178,FUSE1,342297.0,342297.0,345002.3,2705.3,2705.3,333.3,0.123203,1,p:1.1.2.1.2.2
U4439,178,FUSE1,342342.6,342342.6,345203.1,2860.5,2860.5,333.3,0.116518,1,p:2.1.4.1.2.2
U4440,178,FUSE1,342372.0,342372.0,345216.5,2844.5,2844.5,333.3,0.117173,1,p:1.1.3.1.2.2
U4441,178,FUSE1,342478.4,342478.4,345191.9,2713.5,2713.5,333.3,0.12283,1,p:2.1.1.2.2.2
U4442,178,FUSE1,342602.6,342602.6,345307.9,2705.3,2705.3,333.3,0.123203,1,p:1.1.2.1.2.2
U4443,178,FUSE1,342623.6,342623.6,345444.1,2820.5,2820.5,333.3,0.118171,1,p:2.1.5.1.2.2
U4444,178,FUSE1,342648.2,342648.2,345508.7,2860.5,2860.5,333.3,0.116518,1,p:1.1.4.1.2.2
U4445,178,FUSE1,342710.0,342710.0,345522.1,2812.1,2812.1,333.3,0.118524,1,p:2.1.3.1.2.2
U4446,178,FUSE2,342816.4,342816.4,345529.9,2713.5,2713.5,365.7,0.134771,1,p:1.1.1.1.2.2
U4447,178,FUSE2,342940.6,342940.6,345645.9,2705.3,2705.3,365.7,0.135179,1,p:2.1.2.1.2.2
U4448,178,FUSE2,342961.6,342961.6,345782.1,2820.5,2820.5,365.7,0.129658,1,p:1.1.5.1.2.2
U4449,178,FUSE2,342986.2,342986.2,345846.7,2860.5,2860.5,365.7,0.127845,1,p:2.1.4.1.2.2
U4450,178,FUSE2,343048.0,343048.0,345860.1,2812.1,2812.1,365.7,0.130045,1,p:1.1.3.1.2.2
U4451,178,FUSE2,343154.4,343154.4,345867.9,2713.5,2713.5,365.7,0.134771,1,p:2.1.1.1.2.2
U4452,178,FUSE2,343184.2,343184.2,345983.9,2799.7,2799.7,365.7,0.130621,1,p:1.1.2.1.2.2
U4453,178,FUSE2,343205.2,343205.2,346120.1,2914.9,2914.9,365.7,0.125459,1,p:2.1.5.1.2.2
U1907,78,FUSE0,343229.8,343229.8,346090.3,2860.5,2860.5,271.3,0.094844,1,p:1.1.4.1.2.2
U1908,78,FUSE0,343291.6,343291.6,346103.7,2812.1,2812.1,271.3,0.096476,1,p:2.1.3.1.2.2
U1909,78,FUSE0,343398.0,343398.0,346111.5,2713.5,2713.5,271.3,0.099982,1,p:1.1.1.1.2.2
U1910,78,FUSE0,343427.8,343427.8,346227.5,2799.7,2799.7,271.3,0.096903,1,p:2.1.2.1.2.2
U1911,78,FUSE0,343448.8,343448.8,346333.9,2885.1,2885.1,271.3,0.094035,1,p:1.1.4.1.2.2
U1912,78,FUSE0,343473.4,343473.4,346363.7,2890.3,2890.3,271.3,0.093866,1,p:2.1.5.1.2.2
U1913,78,FUSE0,343597.2,343597.2,346347.3,2750.1,2750.1,271.3,0.098651,1,p:1.1.3.1.2.2
U1914,78,FUSE0,343703.6,343703.6,346355.1,2651.5,2651.5,271.3,0.102319,1,p:2.1.1.1.2.2
U1915,78,FUSE1,343733.4,343733.4,346533.1,2799.7,2799.7,333.3,0.119048,1,p:1.1.2.1.2.2
U1916,78,FUSE1,343754.4,343754.4,346639.5,2885.1,2885.1,333.3,0.115525,1,p:2.1.4.1.2.2
U1917,78,FUSE1,343779.0,343779.0,346669.3,2890.3,2890.3,333.3,0.115317,1,p:1.1.5.1.2.2
U1918,78,FUSE1,343902.8,343902.8,346652.9,2750.1,2750.1,333.3,0.121196,1,p:2.1.3.1.2.2
U1919,78,FUSE1,344009.2,344009.2,346660.7,2651.5,2651.5,333.3,0.125702,1,p:1.1.1.1.2.2
U1920,78,FUSE1,344039.0,344039.0,346838.7,2799.7,2799.7,333.3,0.119048,1,p:2.1.2.1.2.2
U1921,78,FUSE1,344092.4,344092.4,346945.1,2852.7,2852.7,333.3,0.116837,1,p:1.1.4.1.2.2
U1922,78,FUSE1,344117.0,344117.0,346974.9,2857.9,2857.9,333.3,0.116624,1,p:2.1.5.1.2.2
U1923,78,FUSE2,344240.8,344240.8,346990.9,2750.1,2750.1,365.7,0.132977,1,p:1.1.3.1.2.2
U1924,78,FUSE2,344347.2,344347.2,346998.7,2651.5,2651.5,365.7,0.137922,1,p:2.1.1.1.2.2
U1925,78,FUSE2,344377.0,344377.0,347176.7,2799.7,2799.7,365.7,0.130621,1,p:1.1.2.1.2.2
U1926,78,FUSE2,344430.4,344430.4,347283.1,2852.7,2852.7,365.7,0.128194,1,p:2.1.4.1.2.2
U1927,78,FUSE2,344455.0,344455.0,347312.9,2857.9,2857.9,365.7,0.127961,1,p:1.1.5.1.2.2
U1928,78,FUSE2,344484.4,344484.4,347328.9,2844.5,2844.5,365.7,0.128564,1,p:2.1.3.1.2.2
U1929,78,FUSE2,344620.6,344620.6,347336.7,2716.1,2716.1,365.7,0.134642,1,p:1.1.1.1.2.2
U4985,200,FUSE0,344674.0,344674.0,347526.7,2852.7,2852.7,271.3,0.095103,1,p:2.1.4.1.2.2
U4986,200,FUSE0,344685.2,344685.2,347420.3,2735.1,2735.1,271.3,0.099192,1,p:1.1.2.1.2.2
U4987,200,FUSE0,344698.6,344698.6,347556.5,2857.9,2857.9,271.3,0.09493,1,p:2.1.5.1.2.2
U4988,200,FUSE0,344728.0,344728.0,347572.5,2844.5,2844.5,271.3,0.095377,1,p:1.1.3.1.2.2
U4989,200,FUSE0,344864.2,344864.2,347580.3,2716.1,2716.1,271.3,0.099886,1,p:2.1.1.1.2.2
U4990,200,FUSE0,344917.6,344917.6,347663.9,2746.3,2746.3,271.3,0.098787,1,p:1.1.2.1.2.2
U4991,200,FUSE0,344928.8,344928.8,347800.1,2871.3,2871.3,271.3,0.094487,1,p:2.1.5.1.2.2
U4992,200,FUSE0,344942.2,344942.2,347770.3,2828.1,2828.1,271.3,0.09593,1,p:1.1.4.1.2.2
U4993,200,FUSE1,345033.6,345033.6,347878.1,2844.5,2844.5,333.3,0.117173,1,p:2.1.3.1.2.2
U4994,200,FUSE1,345169.8,345169.8,347885.9,2716.1,2716.1,333.3,0.122713,1,p:1.1.1.1.2.2
U4995,200,FUSE1,345223.2,345223.2,348075.9,2852.7,2852.7,333.3,0.116837,1,p:2.1.4.1.2.2
U4996,200,FUSE1,345234.4,345234.4,347969.5,2735.1,2735.1,333.3,0.12186,1,p:1.1.2.1.2.2
U4997,200,FUSE1,345247.8,345247.8,348105.7,2857.9,2857.9,333.3,0.116624,1,p:2.1.5.1.2.2
U4998,200,FUSE1,345339.2,345339.2,348183.7,2844.5,2844.5,333.3,0.117173,1,p:1.1.3.1.2.2
U4999,200,FUSE1,345475.4,345475.4,348191.5,2716.1,2716.1,333.3,0.122713,1,p:2.1.1.1.2.2
U5000,200,FUSE1,345540.0,345540.0,348275.1,2735.1,2735.1,333.3,0.12186,1,p:1.1.2.1.2.2
U5001,200,FUSE2,345553.4,345553.4,348413.9,2860.5,2860.5,365.7,0.127845,1,p:2.1.4.1.2.2
U5002,200,FUSE2,345561.2,345561.2,348443.7,2882.5,2882.5,365.7,0.126869,1,p:1.2.5.1.2.2
U5003,200,FUSE2,345677.2,345677.2,348521.7,2844.5,2844.5,365.7,0.128564,1,p:2.1.3.1.2.2
U5004,200,FUSE2,345813.4,345813.4,348529.5,2716.1,2716.1,365.7,0.134642,1,p:1.1.1.1.2.2
U5005,200,FUSE2,345878.0,345878.0,348751.9,2873.9,2873.9,365.7,0.127249,1,p:2.1.4.1.2.2
U5006,200,FUSE2,345891.4,345891.4,348613.1,2721.7,2721.7,365.7,0.134365,1,p:1.1.2.1.2.2
U5007,200,FUSE2,345899.2,345899.2,348781.7,2882.5,2882.5,365.7,0.126869,1,p:2.1.5.1.2.2
U5008,200,FUSE2,346015.2,346015.2,348859.7,2844.5,2844.5,365.7,0.128564,1,p:1.1.3.1.2.2
U5009,200,FUSE2,346121.6,346121.6,348951.1,2829.5,2829.5,365.7,0.129245,1,p:2.1.2.1.2.2
U8672,347,FUSE0,346135.0,346135.0,348773.1,2638.1,2638.1,271.3,0.102839,1,p:1.1.1.1.2.2
U8673,347,FUSE0,346142.8,346142.8,348995.5,2852.7,2852.7,271.3,0.095103,1,p:2.1.4.1.2.2
U8674,347,FUSE0,346151.4,346151.4,349025.3,2873.9,2873.9,271.3,0.094401,1,p:1.2.5.1.2.2
U8675,347,FUSE0,346258.8,346258.8,349016.7,2757.9,2757.9,271.3,0.098372,1,p:2.1.1.1.2.2
U8676,347,FUSE0,346365.2,346365.2,349103.3,2738.1,2738.1,271.3,0.099083,1,p:1.1.3.1.2.2
U8677,347,FUSE0,346378.6,346378.6,349194.7,2816.1,2816.1,271.3,0.096339,1,p:2.1.2.1.2.2
U8678,347,FUSE0,346386.4,346386.4,349239.1,2852.7,2852.7,271.3,0.095103,1,p:1.2.4.1.2.2
U8679,347,FUSE0,346395.0,346395.0,349268.9,2873.9,2873.9,271.3,0.094401,1,p:2.1.5.1.2.2
U8680,347,FUSE1,346564.4,346564.4,349322.3,2757.9,2757.9,333.3,0.120853,1,p:1.1.1.1.2.2
U8681,347,FUSE1,346670.8,346670.8,349500.3,2829.5,2829.5,333.3,0.117795,1,p:2.1.2.1.2.2
U8682,347,FUSE1,346684.2,346684.2,349408.9,2724.7,2724.7,333.3,0.122325,1,p:1.1.3.1.2.2
U8683,347,FUSE1,346692.0,346692.0,349544.7,2852.7,2852.7,333.3,0.116837,1,p:2.1.4.1.2.2
U8684,347,FUSE1,346700.6,346700.6,349574.5,2873.9,2873.9,333.3,0.115975,1,p:1.2.5.1.2.2
U8685,347,FUSE1,346870.0,346870.0,349627.9,2757.9,2757.9,333.3,0.120853,1,p:2.1.1.1.2.2
U8686,347,FUSE1,346976.4,346976.4,349714.5,2738.1,2738.1,333.3,0.121727,1,p:1.1.3.1.2.2
U8687,347,FUSE1,347006.2,347006.2,349850.3,2844.1,2844.1,333.3,0.11719,1,p:2.1.4.1.2.2
U8688,347,FUSE2,347022.2,347022.2,349838.3,2816.1,2816.1,365.7,0.12986,1,p:1.1.2.1.2.2
U8689,347,FUSE2,347030.0,347030.0,349912.5,2882.5,2882.5,365.7,0.126869,1,p:2.1.5.1.2.2
U8690,347,FUSE2,347208.0,347208.0,349965.9,2757.9,2757.9,365.7,0.132601,1,p:1.1.1.1.2.2
U8691,347,FUSE2,347314.4,347314.4,350052.5,2738.1,2738.1,365.7,0.13356,1,p:2.1.3.1.2.2
U8692,347,FUSE2,347344.2,347344.2,350188.3,2844.1,2844.1,365.7,0.128582,1,p:1.1.4.1.2.2
U8693,347,FUSE2,347360.2,347360.2,350176.3,2816.1,2816.1,365.7,0.12986,1,p:2.1.2.1.2.2
U8694,347,FUSE2,347368.0,347368.0,350250.5,2882.5,2882.5,365.7,0.126869,1,p:1.2.5.1.2.2
U8695,347,FUSE2,347451.6,347451.6,350303.9,2852.3,2852.3,365.7,0.128212,1,p:2.1.1.1.2.2
U5582,224,FUSE0,347558.0,347558.0,350296.1,2738.1,2738.1,271.3,0.099083,1,p:1.1.3.1.2.2
U5583,224,FUSE0,347587.8,347587.8,350419.9,2832.1,2832.1,271.3,0.095795,1,p:2.1.2.1.2.2
U5584,224,FUSE0,347603.8,347603.8,350431.9,2828.1,2828.1,271.3,0.09593,1,p:1.1.4.1.2.2
U5585,224,FUSE0,347611.6,347611.6,350494.1,2882.5,2882.5,271.3,0.09412,1,p:2.1.5.1.2.2
U5586,224,FUSE0,347695.2,347695.2,350539.7,2844.5,2844.5,271.3,0.095377,1,p:1.1.3.1.2.2
U5587,224,FUSE0,347801.6,347801.6,350547.5,2745.9,2745.9,271.3,0.098802,1,p:2.1.1.1.2.2
U5588,224,FUSE0,347831.4,347831.4,350675.5,2844.1,2844.1,271.3,0.09539,1,p:1.1.4.1.2.2
U5589,224,FUSE0,347909.4,347909.4,350663.5,2754.1,2754.1,271.3,0.098508,1,p:2.1.2.1.2.2
U5590,224,FUSE1,347917.2,347917.2,350799.7,2882.5,2882.5,333.3,0.115629,1,p:1.2.5.1.2.2
U5591,224,FUSE1,348000.8,348000.8,350845.3,2844.5,2844.5,333.3,0.117173,1,p:2.1.3.1.2.2
U5592,224,FUSE1,348107.2,348107.2,350853.1,2745.9,2745.9,333.3,0.121381,1,p:1.1.1.1.2.2
U5593,224,FUSE1,348137.0,348137.0,350981.1,2844.1,2844.1,333.3,0.11719,1,p:2.1.4.1.2.2
U5594,224,FUSE1,348215.0,348215.0,350969.1,2754.1,2754.1,333.3,0.12102,1,p:1.1.2.1.2.2
U5595,224,FUSE1,348222.8,348222.8,351105.3,2882.5,2882.5,333.3,0.115629,1,p:2.1.5.1.2.2
U5596,224,FUSE1,348306.4,348306.4,351150.9,2844.5,2844.5,333.3,0.117173,1,p:1.1.3.1.2.2
U5597,224,FUSE1,348445.2,348445.2,351158.7,2713.5,2713.5,333.3,0.12283,1,p:2.1.1.1.2.2
U5598,224,FUSE2,348475.0,348475.0,351319.1,2844.1,2844.1,365.7,0.128582,1,p:1.1.4.1.2.2
U5599,224,FUSE2,348553.0,348553.0,351307.1,2754.1,2754.1,365.7,0.132784,1,p:2.1.2.1.2.2
U5600,224,FUSE2,348560.8,348560.8,351443.3,2882.5,2882.5,365.7,0.126869,1,p:1.2.5.1.2.2
U5601,224,FUSE2,348644.4,348644.4,351488.9,2844.5,2844.5,365.7,0.128564,1,p:2.1.3.1.2.2
U5602,224,FUSE2,348783.2,348783.2,351496.7,2713.5,2713.5,365.7,0.134771,1,p:1.1.1.1.2.2
U5603,224,FUSE2,348804.4,348804.4,351657.1,2852.7,2852.7,365.7,0.128194,1,p:2.1.4.1.2.2
U5604,224,FUSE2,348813.0,348813.0,351645.1,2832.1,2832.1,365.7,0.129127,1,p:1.2.2.1.2.2
U5605,224,FUSE2,348891.0,348891.0,351781.3,2890.3,2890.3,365.7,0.126527,1,p:2.1.5.1.2.2
U5606,224,FUSE2,348982.4,348982.4,351826.9,2844.5,2844.5,365.7,0.128564,1,p:1.1.3.1.2.2
U8536,342,FUSE0,349026.8,349026.8,351740.3,2713.5,2713.5,271.3,0.099982,1,p:2.1.1.2.2.2
U8537,342,FUSE0,349048.0,349048.0,351900.7,2852.7,2852.7,271.3,0.095103,1,p:1.1.4.1.2.2
U8538,342,FUSE0,349056.6,349056.6,351888.7,2832.1,2832.1,271.3,0.095795,1,p:2.1.2.1.2.2
U8539,342,FUSE0,349134.6,349134.6,352024.9,2890.3,2890.3,271.3,0.093866,1,p:1.1.5.1.2.2
U8540,342,FUSE0,349226.0,349226.0,351983.9,2757.9,2757.9,271.3,0.098372,1,p:2.1.1.2.2.2
U8541,342,FUSE0,349270.4,349270.4,352070.5,2800.1,2800.1,271.3,0.096889,1,p:1.1.3.1.2.2
U8542,342,FUSE0,349300.2,349300.2,352144.3,2844.1,2844.1,271.3,0.09539,1,p:2.1.4.1.2.2
U8543,342,FUSE0,349353.6,349353.6,352132.3,2778.7,2778.7,271.3,0.097636,1,p:1.1.2.1.2.2
U8544,342,FUSE0,349440.2,349440.2,352268.5,2828.3,2828.3,271.3,0.095923,1,p:2.1.5.1.2.2
U8545,342,FUSE1,349531.6,349531.6,352289.5,2757.9,2757.9,333.3,0.120853,1,p:1.1.1.1.2.2
U8546,342,FUSE1,349576.0,349576.0,352376.1,2800.1,2800.1,333.3,0.119031,1,p:2.1.3.1.2.2
U8547,342,FUSE1,349605.8,349605.8,352449.9,2844.1,2844.1,333.3,0.11719,1,p:1.1.4.1.2.2
U8548,342,FUSE1,349659.2,349659.2,352437.9,2778.7,2778.7,333.3,0.119948,1,p:2.1.2.1.2.2
U8549,342,FUSE1,349745.8,349745.8,352574.1,2828.3,2828.3,333.3,0.117845,1,p:1.1.5.1.2.2
U8550,342,FUSE1,349869.6,349869.6,352681.7,2812.1,2812.1,333.3,0.118524,1,p:2.1.3.1.2.2
U8551,342,FUSE1,349881.6,349881.6,352595.1,2713.5,2713.5,333.3,0.12283,1,p:1.1.1.1.2.2
U8552,342,FUSE1,349943.8,349943.8,352755.5,2811.7,2811.7,333.3,0.11854,1,p:2.1.4.1.2.2
U8553,342,FUSE2,349997.2,349997.2,352775.9,2778.7,2778.7,365.7,0.131608,1,p:1.1.2.1.2.2
U8554,342,FUSE2,350083.8,350083.8,352912.1,2828.3,2828.3,365.7,0.1293,1,p:2.1.5.1.2.2
U8555,342,FUSE2,350207.6,350207.6,352933.1,2725.5,2725.5,365.7,0.134177,1,p:1.1.1.1.2.2
U8556,342,FUSE2,350219.6,350219.6,353019.7,2800.1,2800.1,365.7,0.130602,1,p:2.1.3.1.2.2
U8557,342,FUSE2,350281.8,350281.8,353093.5,2811.7,2811.7,365.7,0.130064,1,p:1.1.4.1.2.2
U8558,342,FUSE2,350327.4,350327.4,353113.9,2786.5,2786.5,365.7,0.13124,1,p:2.1.2.1.2.2
U8559,342,FUSE2,350335.2,350335.2,353250.1,2914.9,2914.9,365.7,0.125459,1,p:1.2.5.1.2.2
U8560,342,FUSE2,350451.2,350451.2,353362.1,2910.9,2910.9,365.7,0.125631,1,p:2.1.3.1.2.2
U8561,342,FUSE2,350463.2,350463.2,353271.1,2807.9,2807.9,365.7,0.13024,1,p:1.1.1.1.2.2
U4726,190,FUSE0,350525.4,350525.4,353337.1,2811.7,2811.7,271.3,0.09649,1,p:2.1.4.1.2.2
U4727,190,FUSE0,350571.0,350571.0,353357.5,2786.5,2786.5,271.3,0.097362,1,p:1.1.2.1.2.2
U4728,190,FUSE0,350578.8,350578.8,353493.7,2914.9,2914.9,271.3,0.093074,1,p:2.1.5.1.2.2
U4729,190,FUSE0,350694.8,350694.8,353514.7,2819.9,2819.9,271.3,0.096209,1,p:1.1.1.1.2.2
U4730,190,FUSE0,350706.8,350706.8,353580.7,2873.9,2873.9,271.3,0.094401,1,p:2.1.4.1.2.2
U4731,190,FUSE0,350831.0,350831.0,353605.7,2774.7,2774.7,271.3,0.097776,1,p:1.1.3.1.2.2
U4732,190,FUSE0,350876.6,350876.6,353601.1,2724.5,2724.5,271.3,0.099578,1,p:2.1.2.1.2.2
U4733,190,FUSE0,350884.4,350884.4,353737.3,2852.9,2852.9,271.3,0.095096,1,p:1.2.5.1.2.2
U4734,190,FUSE0,351000.4,351000.4,353824.9,2824.5,2824.5,271.3,0.096052,1,p:2.1.4.1.2.2
U4735,190,FUSE1,351012.4,351012.4,353820.3,2807.9,2807.9,333.3,0.118701,1,p:1.1.1.1.2.2
U4736,190,FUSE1,351136.6,351136.6,353911.3,2774.7,2774.7,333.3,0.120121,1,p:2.1.3.1.2.2
U4737,190,FUSE1,351182.2,351182.2,353906.7,2724.5,2724.5,333.3,0.122334,1,p:1.1.2.1.2.2
U4738,190,FUSE1,351190.0,351190.0,354042.9,2852.9,2852.9,333.3,0.116828,1,p:2.1.5.1.2.2
U4739,190,FUSE1,351338.4,351338.4,354130.5,2792.1,2792.1,333.3,0.119373,1,p:1.1.4.1.2.2
U4740,190,FUSE1,351350.4,351350.4,354125.9,2775.5,2775.5,333.3,0.120086,1,p:2.1.1.1.2.2
U4741,190,FUSE1,351474.6,351474.6,354216.9,2742.3,2742.3,333.3,0.12154,1,p:1.1.3.1.2.2
U4742,190,FUSE1,351520.2,351520.2,354212.3,2692.1,2692.1,333.3,0.123807,1,p:2.1.2.1.2.2
U4743,190,FUSE1,351528.0,351528.0,354348.5,2820.5,2820.5,333.3,0.118171,1,p:1.2.5.1.2.2
U4744,190,FUSE2,351676.4,351676.4,354463.9,2787.5,2787.5,365.7,0.131193,1,p:2.1.1.1.2.2
U4745,190,FUSE2,351688.4,351688.4,354468.5,2780.1,2780.1,365.7,0.131542,1,p:1.1.4.1.2.2
U4746,190,FUSE2,351771.6,351771.6,354554.9,2783.3,2783.3,365.7,0.131391,1,p:2.1.3.1.2.2
U4747,190,FUSE2,351812.6,351812.6,354550.3,2737.7,2737.7,365.7,0.133579,1,p:1.1.2.1.2.2
U4748,190,FUSE2,351858.2,351858.2,354686.5,2828.3,2828.3,365.7,0.1293,1,p:2.1.5.1.2.2
U4749,190,FUSE2,351920.0,351920.0,354806.5,2886.5,2886.5,365.7,0.126693,1,p:1.1.4.1.2.2
U4750,190,FUSE2,351932.0,351932.0,354801.9,2869.9,2869.9,365.7,0.127426,1,p:2.1.1.1.2.2
U4751,190,FUSE2,352015.2,352015.2,354888.5,2873.3,2873.3,365.7,0.127275,1,p:1.1.3.1.2.2
U3635,147,FUSE0,352056.2,352056.2,354793.9,2737.7,2737.7,271.3,0.099098,1,p:2.1.2.1.2.2
U3636,147,FUSE0,352101.8,352101.8,354930.1,2828.3,2828.3,271.3,0.095923,1,p:1.1.5.1.2.2
U3637,147,FUSE0,352163.6,352163.6,355037.5,2873.9,2873.9,271.3,0.094401,1,p:2.1.2.1.2.2
U3638,147,FUSE0,352175.6,352175.6,355050.1,2874.5,2874.5,271.3,0.094382,1,p:1.1.4.1.2.2
U3639,147,FUSE0,352299.8,352299.8,355045.5,2745.7,2745.7,271.3,0.098809,1,p:2.1.1.1.2.2
U3640,147,FUSE0,352320.8,352320.8,355132.1,2811.3,2811.3,271.3,0.096503,1,p:1.1.3.1.2.2
U3641,147,FUSE0,352407.4,352407.4,355173.7,2766.3,2766.3,271.3,0.098073,1,p:2.1.5.1.2.2
U3642,147,FUSE0,352469.2,352469.2,355293.1,2823.9,2823.9,271.3,0.096073,1,p:1.1.4.1.2.2
U3643,147,FUSE1,352481.2,352481.2,355343.1,2861.9,2861.9,333.3,0.116461,1,p:2.1.2.1.2.2
U3644,147,FUSE1,352605.4,352605.4,355351.1,2745.7,2745.7,333.3,0.12139,1,p:1.1.1.1.2.2
U3645,147,FUSE1,352626.4,352626.4,355437.7,2811.3,2811.3,333.3,0.118557,1,p:2.1.3.1.2.2
U3646,147,FUSE1,352713.0,352713.0,355479.3,2766.3,2766.3,333.3,0.120486,1,p:1.1.5.1.2.2
U3647,147,FUSE1,352786.8,352786.8,355598.7,2811.9,2811.9,333.3,0.118532,1,p:2.1.4.1.2.2
U3648,147,FUSE1,352807.2,352807.2,355648.7,2841.5,2841.5,333.3,0.117297,1,p:1.1.2.1.2.2
U3649,147,FUSE1,352943.4,352943.4,355656.7,2713.3,2713.3,333.3,0.122839,1,p:2.1.1.1.2.2
U3650,147,FUSE1,352964.4,352964.4,355743.3,2778.9,2778.9,333.3,0.11994,1,p:1.1.3.1.2.2
U3651,147,FUSE2,353051.0,353051.0,355817.3,2766.3,2766.3,365.7,0.132198,1,p:2.1.5.1.2.2
U3652,147,FUSE2,353124.8,353124.8,355936.7,2811.9,2811.9,365.7,0.130054,1,p:1.1.4.1.2.2
U3653,147,FUSE2,353145.2,353145.2,355986.7,2841.5,2841.5,365.7,0.1287,1,p:2.1.2.1.2.2
U3654,147,FUSE2,353281.4,353281.4,355994.7,2713.3,2713.3,365.7,0.134781,1,p:1.1.1.1.2.2
U3655,147,FUSE2,353302.4,353302.4,356081.3,2778.9,2778.9,365.7,0.131599,1,p:2.1.3.1.2.2
U3656,147,FUSE2,353368.4,353368.4,356155.3,2786.9,2786.9,365.7,0.131221,1,p:1.1.5.1.2.2
U3657,147,FUSE2,353388.8,353388.8,356274.7,2885.9,2885.9,365.7,0.12672,1,p:2.1.4.1.2.2
U3177,129,FUSE0,353393.4,353393.4,356230.3,2836.9,2836.9,271.3,0.095633,1,p:1.2.2.1.2.2
U3178,129,FUSE0,353525.0,353525.0,356238.3,2713.3,2713.3,271.3,0.099989,1,p:2.1.1.2.2.2
U3179,129,FUSE0,353546.0,353546.0,356324.9,2778.9,2778.9,271.3,0.097629,1,p:1.1.3.1.2.2
U3180,129,FUSE0,353612.0,353612.0,356398.9,2786.9,2786.9,271.3,0.097348,1,p:2.1.5.1.2.2
U3181,129,FUSE0,353632.4,353632.4,356473.9,2841.5,2841.5,271.3,0.095478,1,p:1.1.2.1.2.2
U3182,129,FUSE0,353637.0,353637.0,356518.3,2881.3,2881.3,271.3,0.094159,1,p:2.1.4.1.2.2
U3183,129,FUSE0,353768.6,353768.6,356481.9,2713.3,2713.3,271.3,0.099989,1,p:1.1.1.2.2.2
U3184,129,FUSE0,353851.6,353851.6,356568.5,2716.9,2716.9,271.3,0.099856,1,p:2.1.3.1.2.2
U3185,129,FUSE0,353856.2,353856.2,356642.5,2786.3,2786.3,271.3,0.097369,1,p:1.2.5.1.2.2
U3186,129,FUSE1,353938.0,353938.0,356779.5,2841.5,2841.5,333.3,0.117297,1,p:2.1.2.1.2.2
U3187,129,FUSE1,353942.6,353942.6,356823.9,2881.3,2881.3,333.3,0.115677,1,p:1.2.4.1.2.2
U3188,129,FUSE1,354074.2,354074.2,356787.5,2713.3,2713.3,333.3,0.122839,1,p:2.1.1.2.2.2
U3189,129,FUSE1,354157.2,354157.2,356874.1,2716.9,2716.9,333.3,0.122677,1,p:1.1.3.1.2.2
U3190,129,FUSE1,354161.8,354161.8,356948.1,2786.3,2786.3,333.3,0.119621,1,p:2.1.5.1.2.2
U3191,129,FUSE1,354243.6,354243.6,357085.1,2841.5,2841.5,333.3,0.117297,1,p:1.1.2.1.2.2
U3192,129,FUSE1,354248.2,354248.2,357129.5,2881.3,2881.3,333.3,0.115677,1,p:2.1.4.1.2.2
U3193,129,FUSE1,354379.8,354379.8,357093.1,2713.3,2713.3,333.3,0.122839,1,p:1.1.1.2.2.2
U3194,129,FUSE1,354495.2,354495.2,357179.7,2684.5,2684.5,333.3,0.124157,1,p:2.1.3.1.2.2
U3195,129,FUSE2,354499.8,354499.8,357286.1,2786.3,2786.3,365.7,0.131249,1,p:1.2.5.1.2.2
U3196,129,FUSE2,354581.6,354581.6,357423.1,2841.5,2841.5,365.7,0.1287,1,p:2.1.2.1.2.2
U3197,129,FUSE2,354586.2,354586.2,357467.5,2881.3,2881.3,365.7,0.126922,1,p:1.2.4.1.2.2
U3198,129,FUSE2,354717.8,354717.8,357431.1,2713.3,2713.3,365.7,0.134781,1,p:2.1.1.2.2.2
U3199,129,FUSE2,354825.2,354825.2,357517.7,2692.5,2692.5,365.7,0.135822,1,p:1.1.3.1.2.2
U3200,129,FUSE2,354833.2,354833.2,357624.1,2790.9,2790.9,365.7,0.131033,1,p:2.1.5.1.2.2
U3201,129,FUSE2,354837.8,354837.8,357761.1,2923.3,2923.3,365.7,0.125098,1,p:1.2.2.1.2.2
U3202,129,FUSE2,354919.8,354919.8,357805.5,2885.7,2885.7,365.7,0.126728,1,p:2.1.4.1.2.2
U3203,129,FUSE2,354961.4,354961.4,357769.1,2807.7,2807.7,365.7,0.130249,1,p:1.1.1.2.2.2
U3204,129,FUSE2,355068.8,355068.8,357855.7,2786.9,2786.9,365.7,0.131221,1,p:2.1.3.1.2.2
U6326,254,FUSE0,355076.8,355076.8,357867.7,2790.9,2790.9,271.3,0.097209,1,p:1.2.5.1.2.2
U6327,254,FUSE0,355081.4,355081.4,358004.7,2923.3,2923.3,271.3,0.092806,1,p:2.1.2.1.2.2
U6328,254,FUSE0,355163.4,355163.4,358049.1,2885.7,2885.7,271.3,0.094015,1,p:1.1.4.1.2.2
U6329,254,FUSE0,355205.0,355205.0,358012.7,2807.7,2807.7,271.3,0.096627,1,p:2.1.1.2.2.2
U6330,254,FUSE0,355324.4,355324.4,358111.3,2786.9,2786.9,271.3,0.097348,1,p:1.1.5.1.2.2
U6331,254,FUSE0,355374.4,355374.4,358099.3,2724.9,2724.9,271.3,0.099563,1,p:2.1.3.1.2.2
U6332,254,FUSE0,355382.4,355382.4,358248.3,2865.9,2865.9,271.3,0.094665,1,p:1.2.2.1.2.2
U6333,254,FUSE1,355469.0,355469.0,358354.7,2885.7,2885.7,333.3,0.115501,1,p:2.1.4.1.2.2
U6334,254,FUSE1,355510.6,355510.6,358318.3,2807.7,2807.7,333.3,0.118709,1,p:1.1.1.2.2.2
U6335,254,FUSE1,355630.0,355630.0,358416.9,2786.9,2786.9,333.3,0.119595,1,p:2.1.5.1.2.2
U6336,254,FUSE1,355680.0,355680.0,358404.9,2724.9,2724.9,333.3,0.122316,1,p:1.1.3.1.2.2
U6337,254,FUSE1,355688.0,355688.0,358553.9,2865.9,2865.9,333.3,0.116299,1,p:2.1.2.1.2.2
U6338,254,FUSE1,355774.6,355774.6,358660.3,2885.7,2885.7,333.3,0.115501,1,p:1.1.4.1.2.2
U6339,254,FUSE1,355848.6,355848.6,358623.9,2775.3,2775.3,333.3,0.120095,1,p:2.1.1.2.2.2
U6340,254,FUSE2,355968.0,355968.0,358754.9,2786.9,2786.9,365.7,0.131221,1,p:1.1.5.1.2.2
U6341,254,FUSE2,356018.0,356018.0,358742.9,2724.9,2724.9,365.7,0.134207,1,p:2.1.3.1.2.2
U6342,254,FUSE2,356026.0,356026.0,358891.9,2865.9,2865.9,365.7,0.127604,1,p:1.2.2.1.2.2
U6343,254,FUSE2,356112.6,356112.6,358998.3,2885.7,2885.7,365.7,0.126728,1,p:2.1.4.1.2.2
U6344,254,FUSE2,356186.6,356186.6,358961.9,2775.3,2775.3,365.7,0.13177,1,p:1.1.1.2.2.2
U6345,254,FUSE2,356261.6,356261.6,359092.9,2831.3,2831.3,365.7,0.129163,1,p:2.1.5.1.2.2
U6346,254,FUSE2,356269.6,356269.6,359080.9,2811.3,2811.3,365.7,0.130082,1,p:1.2.3.1.2.2
U6347,254,FUSE2,356306.0,356306.0,359229.9,2923.9,2923.9,365.7,0.125073,1,p:2.1.2.1.2.2
U6419,258,FUSE0,356356.2,356356.2,359241.9,2885.7,2885.7,271.3,0.094015,1,p:1.1.4.1.2.2
U6420,258,FUSE0,356430.2,356430.2,359205.5,2775.3,2775.3,271.3,0.097755,1,p:2.1.1.2.2.2
U6421,258,FUSE0,356505.2,356505.2,359336.5,2831.3,2831.3,271.3,0.095822,1,p:1.1.5.1.2.2
U6422,258,FUSE0,356513.2,356513.2,359324.5,2811.3,2811.3,271.3,0.096503,1,p:2.1.3.1.2.2
U6423,258,FUSE0,356549.6,356549.6,359485.5,2935.9,2935.9,271.3,0.092408,1,p:1.1.4.1.2.2
U6424,258,FUSE0,356599.8,356599.8,359449.1,2849.3,2849.3,271.3,0.095216,1,p:2.1.1.2.2.2
U6425,258,FUSE0,356673.8,356673.8,359473.5,2799.7,2799.7,271.3,0.096903,1,p:1.1.2.1.2.2
U6426,258,FUSE0,356810.8,356810.8,359580.1,2769.3,2769.3,271.3,0.097967,1,p:2.1.5.1.2.2
U6427,258,FUSE1,356818.8,356818.8,359630.1,2811.3,2811.3,333.3,0.118557,1,p:1.2.3.1.2.2
U6428,258,FUSE1,356855.2,356855.2,359791.1,2935.9,2935.9,333.3,0.113526,1,p:2.1.4.1.2.2
U6429,258,FUSE1,356905.4,356905.4,359754.7,2849.3,2849.3,333.3,0.116976,1,p:1.1.1.2.2.2
U6430,258,FUSE1,356979.4,356979.4,359779.1,2799.7,2799.7,333.3,0.119048,1,p:2.1.2.1.2.2
U6431,258,FUSE1,357116.4,357116.4,359885.7,2769.3,2769.3,333.3,0.120355,1,p:1.1.5.1.2.2
U6432,258,FUSE1,357124.4,357124.4,359935.7,2811.3,2811.3,333.3,0.118557,1,p:2.1.3.1.2.2
U6433,258,FUSE1,357160.8,357160.8,360096.7,2935.9,2935.9,333.3,0.113526,1,p:1.1.4.1.2.2
U6434,258,FUSE1,357211.0,357211.0,360060.3,2849.3,2849.3,333.3,0.116976,1,p:2.1.1.2.2.2
U6435,258,FUSE2,357317.4,357317.4,360117.1,2799.7,2799.7,365.7,0.130621,1,p:1.1.2.1.2.2
U6436,258,FUSE2,357454.4,357454.4,360223.7,2769.3,2769.3,365.7,0.132055,1,p:2.1.5.1.2.2
U6437,258,FUSE2,357462.4,357462.4,360273.7,2811.3,2811.3,365.7,0.130082,1,p:1.2.3.1.2.2
U6438,258,FUSE2,357498.8,357498.8,360434.7,2935.9,2935.9,365.7,0.124561,1,p:2.1.4.1.2.2
U6439,258,FUSE2,357549.0,357549.0,360398.3,2849.3,2849.3,365.7,0.128347,1,p:1.1.1.2.2.2
U6440,258,FUSE2,357655.4,357655.4,360455.1,2799.7,2799.7,365.7,0.130621,1,p:2.1.2.1.2.2
U6441,258,FUSE2,357792.4,357792.4,360561.7,2769.3,2769.3,365.7,0.132055,1,p:1.1.5.1.2.2
U6577,264,FUSE0,357800.4,357800.4,360517.3,2716.9,2716.9,271.3,0.099856,1,p:2.1.3.1.2.2
U6578,264,FUSE0,357836.8,357836.8,360678.3,2841.5,2841.5,271.3,0.095478,1,p:1.1.4.1.2.2
U6579,264,FUSE0,357887.0,357887.0,360698.7,2811.7,2811.7,271.3,0.09649,1,p:2.1.2.1.2.2
U6580,264,FUSE0,357899.0,357899.0,360641.9,2742.9,2742.9,271.3,0.09891,1,p:1.1.1.2.2.2
U6581,264,FUSE0,358036.0,358036.0,360760.9,2724.9,2724.9,271.3,0.099563,1,p:2.1.3.1.2.2
U6582,264,FUSE0,358044.0,358044.0,360805.3,2761.3,2761.3,271.3,0.098251,1,p:1.2.5.1.2.2
U6583,264,FUSE0,358080.4,358080.4,360921.9,2841.5,2841.5,271.3,0.095478,1,p:2.1.4.1.2.2
U6584,264,FUSE0,358130.6,358130.6,360885.5,2754.9,2754.9,271.3,0.098479,1,p:1.1.1.2.2.2
U6585,264,FUSE0,358142.6,358142.6,360942.3,2799.7,2799.7,271.3,0.096903,1,p:2.1.2.1.2.2
U6586,264,FUSE1,358279.6,358279.6,361066.5,2786.9,2786.9,333.3,0.119595,1,p:1.1.3.1.2.2
U6587,264,FUSE1,358349.6,358349.6,361110.9,2761.3,2761.3,333.3,0.120704,1,p:2.1.5.1.2.2
U6588,264,FUSE1,358386.0,358386.0,361227.5,2841.5,2841.5,333.3,0.117297,1,p:1.1.4.1.2.2
U6589,264,FUSE1,358436.2,358436.2,361247.9,2811.7,2811.7,333.3,0.11854,1,p:2.1.2.1.2.2
U6590,264,FUSE1,358448.2,358448.2,361191.1,2742.9,2742.9,333.3,0.121514,1,p:1.1.1.2.2.2
U6591,264,FUSE1,358585.2,358585.2,361372.1,2786.9,2786.9,333.3,0.119595,1,p:2.1.3.1.2.2
U6592,264,FUSE1,358655.2,358655.2,361416.5,2761.3,2761.3,333.3,0.120704,1,p:1.1.5.1.2.2
U6593,264,FUSE1,358691.6,358691.6,361533.1,2841.5,2841.5,333.3,0.117297,1,p:2.1.4.1.2.2
U6594,264,FUSE1,358774.2,358774.2,361496.7,2722.5,2722.5,333.3,0.122424,1,p:1.1.1.2.2.2
U6595,264,FUSE2,358786.2,358786.2,361585.9,2799.7,2799.7,365.7,0.130621,1,p:2.1.2.1.2.2
U6596,264,FUSE2,358923.2,358923.2,361710.1,2786.9,2786.9,365.7,0.131221,1,p:1.1.3.1.2.2
U6597,264,FUSE2,358993.2,358993.2,361754.5,2761.3,2761.3,365.7,0.132438,1,p:2.1.5.1.2.2
U6598,264,FUSE2,359029.6,359029.6,361871.1,2841.5,2841.5,365.7,0.1287,1,p:1.1.4.1.2.2
U6599,264,FUSE2,359112.2,359112.2,361923.9,2811.7,2811.7,365.7,0.130064,1,p:2.1.2.1.2.2
U6600,264,FUSE2,359124.2,359124.2,361834.7,2710.5,2710.5,365.7,0.13492,1,p:1.1.1.2.2.2
U6601,264,FUSE2,359236.8,359236.8,362048.1,2811.3,2811.3,365.7,0.130082,1,p:2.1.3.1.2.2
U6602,264,FUSE2,359261.2,359261.2,362092.5,2831.3,2831.3,365.7,0.129163,1,p:1.1.5.1.2.2
U7965,319,FUSE0,359273.2,359273.2,362114.7,2841.5,2841.5,271.3,0.095478,1,p:2.1.4.1.2.2
U7966,319,FUSE0,359355.8,359355.8,362078.3,2722.5,2722.5,271.3,0.099651,1,p:1.1.1.2.2.2
U7967,319,FUSE0,359367.8,359367.8,362167.5,2799.7,2799.7,271.3,0.096903,1,p:2.1.2.1.2.2
U7968,319,FUSE0,359480.4,359480.4,362291.7,2811.3,2811.3,271.3,0.096503,1,p:1.1.3.1.2.2
U7969,319,FUSE0,359504.8,359504.8,362358.3,2853.5,2853.5,271.3,0.095076,1,p:2.1.4.1.2.2
U7970,319,FUSE0,359516.8,359516.8,362336.1,2819.3,2819.3,271.3,0.09623,1,p:1.1.5.1.2.2
U7971,319,FUSE0,359611.4,359611.4,362321.9,2710.5,2710.5,271.3,0.100092,1,p:2.1.1.2.2.2
U7972,319,FUSE0,359661.4,359661.4,362411.1,2749.7,2749.7,271.3,0.098665,1,p:1.1.2.1.2.2
U7973,319,FUSE1,359786.0,359786.0,362597.3,2811.3,2811.3,333.3,0.118557,1,p:2.1.3.1.2.2
U7974,319,FUSE1,359810.4,359810.4,362641.7,2831.3,2831.3,333.3,0.11772,1,p:1.1.5.1.2.2
U7975,319,FUSE1,359822.4,359822.4,362663.9,2841.5,2841.5,333.3,0.117297,1,p:2.1.4.1.2.2
U7976,319,FUSE1,359917.0,359917.0,362627.5,2710.5,2710.5,333.3,0.122966,1,p:1.1.1.2.2.2
U7977,319,FUSE1,359967.0,359967.0,362716.7,2749.7,2749.7,333.3,0.121213,1,p:2.1.2.1.2.2
U7978,319,FUSE1,360091.6,360091.6,362902.9,2811.3,2811.3,333.3,0.118557,1,p:1.1.3.1.2.2
U7979,319,FUSE1,360128.0,360128.0,362947.3,2819.3,2819.3,333.3,0.118221,1,p:2.1.5.1.2.2
U7980,319,FUSE2,360148.4,360148.4,363001.9,2853.5,2853.5,365.7,0.128158,1,p:1.1.4.1.2.2
U7981,319,FUSE2,360255.0,360255.0,362965.5,2710.5,2710.5,365.7,0.13492,1,p:2.1.1.2.2.2
U7982,319,FUSE2,360305.0,360305.0,363054.7,2749.7,2749.7,365.7,0.132996,1,p:1.1.2.1.2.2
U7983,319,FUSE2,360429.6,360429.6,363240.9,2811.3,2811.3,365.7,0.130082,1,p:2.1.3.1.2.2
U7984,319,FUSE2,360466.0,360466.0,363285.3,2819.3,2819.3,365.7,0.129713,1,p:1.1.5.1.2.2
U7985,319,FUSE2,360486.4,360486.4,363339.9,2853.5,2853.5,365.7,0.128158,1,p:2.1.4.1.2.2
U7986,319,FUSE2,360548.6,360548.6,363303.5,2754.9,2754.9,365.7,0.132745,1,p:1.1.1.2.2.2
U7987,319,FUSE2,360593.0,360593.0,363392.7,2799.7,2799.7,365.7,0.130621,1,p:2.1.2.1.2.2
U1756,72,FUSE0,360673.2,360673.2,363484.5,2811.3,2811.3,271.3,0.096503,1,p:1.1.3.1.2.2
U1757,72,FUSE0,360709.6,360709.6,363528.9,2819.3,2819.3,271.3,0.09623,1,p:2.1.5.1.2.2
U1758,72,FUSE0,360730.0,360730.0,363583.5,2853.5,2853.5,271.3,0.095076,1,p:1.1.4.1.2.2
U1759,72,FUSE0,360792.2,360792.2,363547.1,2754.9,2754.9,271.3,0.098479,1,p:2.1.1.2.2.2
U1760,72,FUSE0,360836.6,360836.6,363636.3,2799.7,2799.7,271.3,0.096903,1,p:1.1.2.1.2.2
U1761,72,FUSE0,360916.8,360916.8,363728.1,2811.3,2811.3,271.3,0.096503,1,p:2.1.3.1.2.2
U1762,72,FUSE0,360953.2,360953.2,363772.5,2819.3,2819.3,271.3,0.09623,1,p:1.1.5.1.2.2
U1763,72,FUSE0,360973.6,360973.6,363827.1,2853.5,2853.5,271.3,0.095076,1,p:2.1.4.1.2.2
U1764,72,FUSE1,361097.8,361097.8,363852.7,2754.9,2754.9,333.3,0.120984,1,p:1.1.1.1.2.2
U1765,72,FUSE1,361142.2,361142.2,363941.9,2799.7,2799.7,333.3,0.119048,1,p:2.1.2.1.2.2
U1766,72,FUSE1,361222.4,361222.4,364033.7,2811.3,2811.3,333.3,0.118557,1,p:1.1.3.1.2.2
U1767,72,FUSE1,361258.8,361258.8,364078.1,2819.3,2819.3,333.3,0.118221,1,p:2.1.5.1.2.2
U1768,72,FUSE1,361279.2,361279.2,364132.7,2853.5,2853.5,333.3,0.116804,1,p:1.1.4.1.2.2
U1769,72,FUSE1,361403.4,361403.4,364158.3,2754.9,2754.9,333.3,0.120984,1,p:2.1.1.1.2.2
U1770,72,FUSE1,361447.8,361447.8,364247.5,2799.7,2799.7,333.3,0.119048,1,p:1.1.2.1.2.2
U1771,72,FUSE1,361528.0,361528.0,364339.3,2811.3,2811.3,333.3,0.118557,1,p:2.1.3.1.2.2
U1772,72,FUSE2,361564.4,361564.4,364416.1,2851.7,2851.7,365.7,0.128239,1,p:1.1.5.1.2.2
U1773,72,FUSE2,361617.2,361617.2,364470.7,2853.5,2853.5,365.7,0.128158,1,p:2.1.4.1.2.2
U1774,72,FUSE2,361741.4,361741.4,364496.3,2754.9,2754.9,365.7,0.132745,1,p:1.1.1.1.2.2
U1775,72,FUSE2,361785.8,361785.8,364585.5,2799.7,2799.7,365.7,0.130621,1,p:2.1.2.1.2.2
U1776,72,FUSE2,361866.0,361866.0,364677.3,2811.3,2811.3,365.7,0.130082,1,p:1.1.3.1.2.2
U1777,72,FUSE2,361902.4,361902.4,364754.1,2851.7,2851.7,365.7,0.128239,1,p:2.1.5.1.2.2
U1778,72,FUSE2,361955.2,361955.2,364808.7,2853.5,2853.5,365.7,0.128158,1,p:1.1.4.1.2.2
U1779,72,FUSE2,362079.4,362079.4,364834.3,2754.9,2754.9,365.7,0.132745,1,p:2.1.1.1.2.2
U1780,72,FUSE2,362109.6,362109.6,364925.5,2815.9,2815.9,365.7,0.12987,1,p:1.1.2.1.2.2
U7398,297,FUSE0,362123.8,362123.8,364920.9,2797.1,2797.1,271.3,0.096993,1,p:2.1.3.1.2.2
U7399,297,FUSE0,362146.0,362146.0,364997.7,2851.7,2851.7,271.3,0.095136,1,p:1.1.5.1.2.2
U7400,297,FUSE0,362198.8,362198.8,365052.3,2853.5,2853.5,271.3,0.095076,1,p:2.1.4.1.2.2
U7401,297,FUSE0,362323.0,362323.0,365077.9,2754.9,2754.9,271.3,0.098479,1,p:1.1.1.1.2.2
U7402,297,FUSE0,362353.2,362353.2,365169.1,2815.9,2815.9,271.3,0.096346,1,p:2.1.2.1.2.2
U7403,297,FUSE0,362367.4,362367.4,365164.5,2797.1,2797.1,271.3,0.096993,1,p:1.1.3.1.2.2
U7404,297,FUSE0,362389.6,362389.6,365241.3,2851.7,2851.7,271.3,0.095136,1,p:2.1.5.1.2.2
U7405,297,FUSE0,362442.4,362442.4,365295.9,2853.5,2853.5,271.3,0.095076,1,p:1.1.4.1.2.2
U7406,297,FUSE0,362628.6,362628.6,365321.5,2692.9,2692.9,271.3,0.100746,1,p:2.1.1.1.2.2
U7407,297,FUSE1,362658.8,362658.8,365470.1,2811.3,2811.3,333.3,0.118557,1,p:1.1.3.1.2.2
U7408,297,FUSE1,362673.0,362673.0,365474.7,2801.7,2801.7,333.3,0.118963,1,p:2.1.2.1.2.2
U7409,297,FUSE1,362695.2,362695.2,365546.9,2851.7,2851.7,333.3,0.116878,1,p:1.1.5.1.2.2
U7410,297,FUSE1,362748.0,362748.0,365601.5,2853.5,2853.5,333.3,0.116804,1,p:2.1.4.1.2.2
U7411,297,FUSE1,362934.2,362934.2,365627.1,2692.9,2692.9,333.3,0.12377,1,p:1.1.1.1.2.2
U7412,297,FUSE1,362978.6,362978.6,365780.3,2801.7,2801.7,333.3,0.118963,1,p:2.1.2.1.2.2
U7413,297,FUSE1,362996.8,362996.8,365775.7,2778.9,2778.9,333.3,0.11994,1,p:1.1.3.1.2.2
U7414,297,FUSE1,363033.2,363033.2,365852.5,2819.3,2819.3,333.3,0.118221,1,p:2.1.5.1.2.2
U7415,297,FUSE2,363086.0,363086.0,365939.5,2853.5,2853.5,365.7,0.128158,1,p:1.1.4.1.2.2
U7416,297,FUSE2,363272.2,363272.2,365965.1,2692.9,2692.9,365.7,0.135802,1,p:2.1.1.1.2.2
U7417,297,FUSE2,363316.6,363316.6,366113.7,2797.1,2797.1,365.7,0.130743,1,p:1.1.3.1.2.2
U7418,297,FUSE2,363334.8,363334.8,366118.3,2783.5,2783.5,365.7,0.131381,1,p:2.1.2.1.2.2
U7419,297,FUSE2,363371.2,363371.2,366190.5,2819.3,2819.3,365.7,0.129713,1,p:1.1.5.1.2.2
U7420,297,FUSE2,363424.0,363424.0,366277.5,2853.5,2853.5,365.7,0.128158,1,p:2.1.4.1.2.2
U7421,297,FUSE2,363515.8,363515.8,366303.1,2787.3,2787.3,365.7,0.131202,1,p:1.1.1.1.2.2
U7422,297,FUSE2,363560.2,363560.2,366456.3,2896.1,2896.1,365.7,0.126273,1,p:2.1.2.1.2.2
U7423,297,FUSE2,363578.4,363578.4,366451.7,2873.3,2873.3,365.7,0.127275,1,p:1.1.3.1.2.2
U7077,284,FUSE0,363614.8,363614.8,366434.1,2819.3,2819.3,271.3,0.09623,1,p:2.1.5.1.2.2
U7078,284,FUSE0,363667.6,363667.6,366521.1,2853.5,2853.5,271.3,0.095076,1,p:1.1.4.1.2.2
U7079,284,FUSE0,363759.4,363759.4,366546.7,2787.3,2787.3,271.3,0.097334,1,p:2.1.1.1.2.2
U7080,284,FUSE0,363803.8,363803.8,366677.7,2873.9,2873.9,271.3,0.094401,1,p:1.1.5.1.2.2
U7081,284,FUSE0,363858.4,363858.4,366695.3,2836.9,2836.9,271.3,0.095633,1,p:2.1.3.1.2.2
U7082,284,FUSE0,363884.0,363884.0,366699.9,2815.9,2815.9,271.3,0.096346,1,p:1.1.2.1.2.2
U7083,284,FUSE0,363973.2,363973.2,366764.7,2791.5,2791.5,271.3,0.097188,1,p:2.1.4.1.2.2
U7084,284,FUSE1,364065.0,364065.0,366852.3,2787.3,2787.3,333.3,0.119578,1,p:1.1.1.1.2.2
U7085,284,FUSE1,364109.4,364109.4,366983.3,2873.9,2873.9,333.3,0.115975,1,p:2.1.5.1.2.2
U7086,284,FUSE1,364164.0,364164.0,367000.9,2836.9,2836.9,333.3,0.117487,1,p:1.1.3.1.2.2
U7087,284,FUSE1,364189.6,364189.6,367005.5,2815.9,2815.9,333.3,0.118364,1,p:2.1.2.1.2.2
U7088,284,FUSE1,364278.8,364278.8,367070.3,2791.5,2791.5,333.3,0.119398,1,p:1.1.4.1.2.2
U7089,284,FUSE1,364370.6,364370.6,367157.9,2787.3,2787.3,333.3,0.119578,1,p:2.1.1.1.2.2
U7090,284,FUSE1,364447.4,364447.4,367288.9,2841.5,2841.5,333.3,0.117297,1,p:1.1.5.1.2.2
U7091,284,FUSE2,364502.0,364502.0,367338.9,2836.9,2836.9,365.7,0.128908,1,p:2.1.3.1.2.2
U7092,284,FUSE2,364527.6,364527.6,367343.5,2815.9,2815.9,365.7,0.12987,1,p:1.1.2.1.2.2
U7093,284,FUSE2,364616.8,364616.8,367408.3,2791.5,2791.5,365.7,0.131005,1,p:2.1.4.1.2.2
U7094,284,FUSE2,364708.6,364708.6,367495.9,2787.3,2787.3,365.7,0.131202,1,p:1.1.1.1.2.2
U7095,284,FUSE2,364785.4,364785.4,367626.9,2841.5,2841.5,365.7,0.1287,1,p:2.1.5.1.2.2
U7096,284,FUSE2,364840.0,364840.0,367676.9,2836.9,2836.9,365.7,0.128908,1,p:1.1.3.1.2.2
U7097,284,FUSE2,364865.6,364865.6,367681.5,2815.9,2815.9,365.7,0.12987,1,p:2.1.2.1.2.2
U7098,284,FUSE2,364952.2,364952.2,367746.3,2794.1,2794.1,365.7,0.130883,1,p:1.1.4.1.2.2
U2581,105,FUSE0,364956.8,364956.8,367739.5,2782.7,2782.7,271.3,0.097495,1,p:2.1.1.1.2.2
U2582,105,FUSE0,365029.0,365029.0,367870.5,2841.5,2841.5,271.3,0.095478,1,p:1.1.5.1.2.2
U2583,105,FUSE0,365083.6,365083.6,367920.5,2836.9,2836.9,271.3,0.095633,1,p:2.1.3.1.2.2
U2584,105,FUSE0,365109.2,365109.2,367925.1,2815.9,2815.9,271.3,0.096346,1,p:1.1.2.1.2.2
U2585,105,FUSE0,365195.8,365195.8,367989.9,2794.1,2794.1,271.3,0.097097,1,p:2.1.4.1.2.2
U2586,105,FUSE0,365200.4,365200.4,367983.1,2782.7,2782.7,271.3,0.097495,1,p:1.2.1.1.2.2
U2587,105,FUSE0,365272.6,365272.6,368114.1,2841.5,2841.5,271.3,0.095478,1,p:2.1.5.1.2.2
U2588,105,FUSE0,365327.2,365327.2,368164.1,2836.9,2836.9,271.3,0.095633,1,p:1.1.3.1.2.2
U2589,105,FUSE1,365352.8,365352.8,368228.7,2875.9,2875.9,333.3,0.115894,1,p:2.1.2.1.2.2
U2590,105,FUSE1,365501.4,365501.4,368295.5,2794.1,2794.1,333.3,0.119287,1,p:1.1.4.1.2.2
U2591,105,FUSE1,365506.0,365506.0,368288.7,2782.7,2782.7,333.3,0.119776,1,p:2.1.1.1.2.2
U2592,105,FUSE1,365578.2,365578.2,368419.7,2841.5,2841.5,333.3,0.117297,1,p:1.1.5.1.2.2
U2593,105,FUSE1,365632.8,365632.8,368469.7,2836.9,2836.9,333.3,0.117487,1,p:2.1.3.1.2.2
U2594,105,FUSE1,365658.4,365658.4,368534.3,2875.9,2875.9,333.3,0.115894,1,p:1.1.2.1.2.2
U2595,105,FUSE1,365807.0,365807.0,368601.1,2794.1,2794.1,333.3,0.119287,1,p:2.1.4.1.2.2
U2596,105,FUSE1,365811.6,365811.6,368594.3,2782.7,2782.7,333.3,0.119776,1,p:1.2.1.1.2.2
U2597,105,FUSE2,365883.8,365883.8,368757.7,2873.9,2873.9,365.7,0.127249,1,p:2.1.5.1.2.2
U2598,105,FUSE2,365970.8,365970.8,368807.7,2836.9,2836.9,365.7,0.128908,1,p:1.1.3.1.2.2
U2599,105,FUSE2,365996.4,365996.4,368872.3,2875.9,2875.9,365.7,0.12716,1,p:2.1.2.1.2.2
U2600,105,FUSE2,366145.0,366145.0,368939.1,2794.1,2794.1,365.7,0.130883,1,p:1.1.4.1.2.2
U2601,105,FUSE2,366149.6,366149.6,368932.3,2782.7,2782.7,365.7,0.131419,1,p:2.1.1.1.2.2
U2602,105,FUSE2,366221.8,366221.8,369095.7,2873.9,2873.9,365.7,0.127249,1,p:1.1.5.1.2.2
U2603,105,FUSE2,366308.8,366308.8,369145.7,2836.9,2836.9,365.7,0.128908,1,p:2.1.3.1.2.2
U2604,105,FUSE2,366334.4,366334.4,369210.3,2875.9,2875.9,365.7,0.12716,1,p:1.1.2.1.2.2
U2605,105,FUSE2,366465.4,366465.4,369270.3,2804.9,2804.9,365.7,0.130379,1,p:2.1.1.2.2.2
U251,11,FUSE0,366483.0,366483.0,369182.7,2699.7,2699.7,271.3,0.100493,1,p:1.1.4.1.2.2
U252,11,FUSE0,366487.6,366487.6,369339.3,2851.7,2851.7,271.3,0.095136,1,p:2.1.5.1.2.2
U253,11,FUSE0,366552.4,366552.4,369389.3,2836.9,2836.9,271.3,0.095633,1,p:1.1.3.1.2.2
U254,11,FUSE0,366578.0,366578.0,369426.3,2848.3,2848.3,271.3,0.09525,1,p:2.1.4.1.2.2
U255,11,FUSE0,366709.0,366709.0,369453.9,2744.9,2744.9,271.3,0.098838,1,p:1.1.2.1.2.2
U256,11,FUSE0,366726.6,366726.6,369582.9,2856.3,2856.3,271.3,0.094983,1,p:2.1.5.1.2.2
U257,11,FUSE0,366731.2,366731.2,369513.9,2782.7,2782.7,271.3,0.097495,1,p:1.2.1.2.2.2
U258,11,FUSE0,366796.0,366796.0,369632.9,2836.9,2836.9,271.3,0.095633,1,p:2.1.3.1.2.2
U259,11,FUSE1,366883.6,366883.6,369731.9,2848.3,2848.3,333.3,0.117017,1,p:1.1.4.1.2.2
U260,11,FUSE1,367014.6,367014.6,369888.5,2873.9,2873.9,333.3,0.115975,1,p:2.1.5.1.2.2
U261,11,FUSE1,367032.2,367032.2,369759.5,2727.3,2727.3,333.3,0.122209,1,p:1.1.2.1.2.2
U262,11,FUSE1,367036.8,367036.8,369819.5,2782.7,2782.7,333.3,0.119776,1,p:2.1.1.2.2.2
U263,11,FUSE1,367101.6,367101.6,369938.5,2836.9,2836.9,333.3,0.117487,1,p:1.1.3.1.2.2
U264,11,FUSE1,367189.2,367189.2,370037.5,2848.3,2848.3,333.3,0.117017,1,p:2.1.4.1.2.2
U265,11,FUSE1,367320.2,367320.2,370065.1,2744.9,2744.9,333.3,0.121425,1,p:1.1.2.1.2.2
U266,11,FUSE1,367370.2,367370.2,370194.1,2823.9,2823.9,333.3,0.118028,1,p:2.1.5.1.2.2
U267,11,FUSE2,367374.8,367374.8,370157.5,2782.7,2782.7,365.7,0.131419,1,p:1.2.1.2.2.2
U268,11,FUSE2,367439.6,367439.6,370276.5,2836.9,2836.9,365.7,0.128908,1,p:2.1.3.1.2.2
U269,11,FUSE2,367527.2,367527.2,370375.5,2848.3,2848.3,365.7,0.128392,1,p:1.1.4.1.2.2
U270,11,FUSE2,367658.2,367658.2,370403.1,2744.9,2744.9,365.7,0.133229,1,p:2.1.2.1.2.2
U271,11,FUSE2,367708.2,367708.2,370532.1,2823.9,2823.9,365.7,0.129502,1,p:1.1.5.1.2.2
U272,11,FUSE2,367712.8,367712.8,370495.5,2782.7,2782.7,365.7,0.131419,1,p:2.1.1.2.2.2
U273,11,FUSE2,367770.8,367770.8,370614.5,2843.7,2843.7,365.7,0.1286,1,p:1.1.3.1.2.2
U274,11,FUSE2,367777.6,367777.6,370713.5,2935.9,2935.9,365.7,0.124561,1,p:2.1.4.1.2.2
U8591,344,FUSE0,367901.8,367901.8,370646.7,2744.9,2744.9,271.3,0.098838,1,p:1.1.2.1.2.2
U8592,344,FUSE0,367951.8,367951.8,370775.7,2823.9,2823.9,271.3,0.096073,1,p:2.1.5.1.2.2
U8593,344,FUSE0,367956.4,367956.4,370739.1,2782.7,2782.7,271.3,0.097495,1,p:1.2.1.2.2.2
U8594,344,FUSE0,368014.4,368014.4,370858.1,2843.7,2843.7,271.3,0.095404,1,p:2.1.3.1.2.2
U8595,344,FUSE0,368021.2,368021.2,370890.3,2869.1,2869.1,271.3,0.094559,1,p:1.2.2.1.2.2
U8596,344,FUSE0,368145.4,368145.4,370957.1,2811.7,2811.7,271.3,0.09649,1,p:2.1.4.1.2.2
U8597,344,FUSE0,368195.4,368195.4,371019.3,2823.9,2823.9,271.3,0.096073,1,p:1.1.5.1.2.2
U8598,344,FUSE0,368260.0,368260.0,370982.7,2722.7,2722.7,271.3,0.099644,1,p:2.1.1.2.2.2
U8599,344,FUSE0,368320.0,368320.0,371101.7,2781.7,2781.7,271.3,0.09753,1,p:1.1.3.1.2.2
U8600,344,FUSE1,368326.8,368326.8,371195.9,2869.1,2869.1,333.3,0.116169,1,p:2.1.2.1.2.2
U8601,344,FUSE1,368451.0,368451.0,371262.7,2811.7,2811.7,333.3,0.11854,1,p:1.1.4.1.2.2
U8602,344,FUSE1,368501.0,368501.0,371324.9,2823.9,2823.9,333.3,0.118028,1,p:2.1.5.1.2.2
U8603,344,FUSE1,368565.6,368565.6,371288.3,2722.7,2722.7,333.3,0.122415,1,p:1.1.1.2.2.2
U8604,344,FUSE1,368625.6,368625.6,371407.3,2781.7,2781.7,333.3,0.119819,1,p:2.1.3.1.2.2
U8605,344,FUSE1,368632.4,368632.4,371501.5,2869.1,2869.1,333.3,0.116169,1,p:1.2.2.1.2.2
U8606,344,FUSE1,368789.0,368789.0,371568.3,2779.3,2779.3,333.3,0.119922,1,p:2.1.4.1.2.2
U8607,344,FUSE1,368839.0,368839.0,371630.5,2791.5,2791.5,333.3,0.119398,1,p:1.1.5.1.2.2
U8608,344,FUSE1,368903.6,368903.6,371593.9,2690.3,2690.3,333.3,0.12389,1,p:2.1.1.2.2.2
U8609,344,FUSE2,368963.6,368963.6,371745.3,2781.7,2781.7,365.7,0.131466,1,p:1.1.3.1.2.2
U8610,344,FUSE2,368970.4,368970.4,371839.5,2869.1,2869.1,365.7,0.127462,1,p:2.1.2.1.2.2
U8611,344,FUSE2,369127.0,369127.0,371906.3,2779.3,2779.3,365.7,0.13158,1,p:1.1.4.1.2.2
U8612,344,FUSE2,369177.0,369177.0,371968.5,2791.5,2791.5,365.7,0.131005,1,p:2.1.5.1.2.2
U8613,344,FUSE2,369214.0,369214.0,371931.9,2717.9,2717.9,365.7,0.134552,1,p:1.1.1.2.2.2
U8614,344,FUSE2,369241.6,369241.6,372083.3,2841.7,2841.7,365.7,0.128691,1,p:2.1.3.1.2.2
U8615,344,FUSE2,369301.6,369301.6,372177.5,2875.9,2875.9,365.7,0.12716,1,p:1.1.2.1.2.2
U8616,344,FUSE2,369370.6,369370.6,372244.3,2873.7,2873.7,365.7,0.127258,1,p:2.1.4.1.2.2
U8617,344,FUSE2,369420.6,369420.6,372306.5,2885.9,2885.9,365.7,0.12672,1,p:1.1.5.1.2.2
U8618,344,FUSE2,369457.6,369457.6,372269.9,2812.3,2812.3,365.7,0.130036,1,p:2.1.1.2.2.2
U2606,106,FUSE0,369485.2,369485.2,372326.9,2841.7,2841.7,271.3,0.095471,1,p:1.1.3.1.2.2
U2607,106,FUSE0,369545.2,369545.2,372421.1,2875.9,2875.9,271.3,0.094336,1,p:2.1.2.1.2.2
U2608,106,FUSE0,369614.2,369614.2,372487.9,2873.7,2873.7,271.3,0.094408,1,p:1.1.4.1.2.2
U2609,106,FUSE0,369664.2,369664.2,372550.1,2885.9,2885.9,271.3,0.094009,1,p:2.1.5.1.2.2
U2610,106,FUSE0,369763.2,369763.2,372513.5,2750.3,2750.3,271.3,0.098644,1,p:1.1.1.2.2.2
U2611,106,FUSE0,369790.8,369790.8,372570.5,2779.7,2779.7,271.3,0.0976,1,p:2.1.3.1.2.2
U2612,106,FUSE0,369850.8,369850.8,372664.7,2813.9,2813.9,271.3,0.096414,1,p:1.1.2.1.2.2
U2613,106,FUSE0,369919.8,369919.8,372731.5,2811.7,2811.7,271.3,0.09649,1,p:2.1.4.1.2.2
U2614,106,FUSE0,369969.8,369969.8,372793.7,2823.9,2823.9,271.3,0.096073,1,p:1.1.5.1.2.2
U2615,106,FUSE1,370068.8,370068.8,372819.1,2750.3,2750.3,333.3,0.121187,1,p:2.1.1.1.2.2
U2616,106,FUSE1,370096.4,370096.4,372876.1,2779.7,2779.7,333.3,0.119905,1,p:1.1.3.1.2.2
U2617,106,FUSE1,370188.8,370188.8,372970.3,2781.5,2781.5,333.3,0.119827,1,p:2.1.2.1.2.2
U2618,106,FUSE1,370225.4,370225.4,373037.1,2811.7,2811.7,333.3,0.11854,1,p:1.1.4.1.2.2
U2619,106,FUSE1,370307.8,370307.8,373099.3,2791.5,2791.5,333.3,0.119398,1,p:2.1.5.1.2.2
U2620,106,FUSE1,370406.8,370406.8,373124.7,2717.9,2717.9,333.3,0.122631,1,p:1.1.1.1.2.2
U2621,106,FUSE1,370434.4,370434.4,373181.7,2747.3,2747.3,333.3,0.121319,1,p:2.1.3.1.2.2
U2622,106,FUSE1,370526.8,370526.8,373275.9,2749.1,2749.1,333.3,0.12124,1,p:1.1.2.1.2.2
U2623,106,FUSE1,370563.4,370563.4,373342.7,2779.3,2779.3,333.3,0.119922,1,p:2.1.4.1.2.2
U2624,106,FUSE2,370645.8,370645.8,373437.3,2791.5,2791.5,365.7,0.131005,1,p:1.1.5.1.2.2
U2625,106,FUSE2,370678.0,370678.0,373462.7,2784.7,2784.7,365.7,0.131325,1,p:2.1.1.1.2.2
U2626,106,FUSE2,370744.8,370744.8,373519.7,2774.9,2774.9,365.7,0.131789,1,p:1.1.3.1.2.2
U2627,106,FUSE2,370770.4,370770.4,373613.9,2843.5,2843.5,365.7,0.128609,1,p:2.1.2.1.2.2
U2628,106,FUSE2,370807.0,370807.0,373680.7,2873.7,2873.7,365.7,0.127258,1,p:1.1.4.1.2.2
U2629,106,FUSE2,370889.4,370889.4,373775.3,2885.9,2885.9,365.7,0.12672,1,p:2.1.5.1.2.2
U2630,106,FUSE2,370921.6,370921.6,373800.7,2879.1,2879.1,365.7,0.127019,1,p:1.1.1.1.2.2
U2631,106,FUSE2,370988.4,370988.4,373857.7,2869.3,2869.3,365.7,0.127453,1,p:2.1.3.1.2.2
U2632,106,FUSE2,371014.0,371014.0,373951.9,2937.9,2937.9,365.7,0.124477,1,p:1.1.2.1.2.2
U4290,173,FUSE0,371050.6,371050.6,373924.3,2873.7,2873.7,271.3,0.094408,1,p:2.1.4.1.2.2
U4291,173,FUSE0,371133.0,371133.0,374018.9,2885.9,2885.9,271.3,0.094009,1,p:1.1.5.1.2.2
U4292,173,FUSE0,371227.2,371227.2,374044.3,2817.1,2817.1,271.3,0.096305,1,p:2.1.1.1.2.2
U4293,173,FUSE0,371294.0,371294.0,374101.3,2807.3,2807.3,271.3,0.096641,1,p:1.1.3.1.2.2
U4294,173,FUSE0,371319.6,371319.6,374167.9,2848.3,2848.3,271.3,0.09525,1,p:2.1.4.1.2.2
U4295,173,FUSE0,371356.2,371356.2,374195.5,2839.3,2839.3,271.3,0.095552,1,p:1.1.2.1.2.2
U4296,173,FUSE0,371438.6,371438.6,374262.5,2823.9,2823.9,271.3,0.096073,1,p:2.1.5.1.2.2
U4297,173,FUSE0,371532.8,371532.8,374287.9,2755.1,2755.1,271.3,0.098472,1,p:1.1.1.1.2.2
U4298,173,FUSE0,371599.6,371599.6,374344.9,2745.3,2745.3,271.3,0.098823,1,p:2.1.3.1.2.2
U4299,173,FUSE0,371625.2,371625.2,374411.5,2786.3,2786.3,271.3,0.097369,1,p:1.1.4.1.2.2
U4300,173,FUSE1,371661.8,371661.8,374501.1,2839.3,2839.3,333.3,0.117388,1,p:2.1.2.1.2.2
U4301,173,FUSE1,371776.6,371776.6,374568.1,2791.5,2791.5,333.3,0.119398,1,p:1.1.5.1.2.2
U4302,173,FUSE1,371870.8,371870.8,374593.5,2722.7,2722.7,333.3,0.122415,1,p:2.1.1.1.2.2
U4303,173,FUSE1,371937.6,371937.6,374650.5,2712.9,2712.9,333.3,0.122857,1,p:1.1.3.1.2.2
U4304,173,FUSE1,371963.2,371963.2,374717.1,2753.9,2753.9,333.3,0.121028,1,p:2.1.4.1.2.2
U4305,173,FUSE1,371999.8,371999.8,374806.7,2806.9,2806.9,333.3,0.118743,1,p:1.1.2.1.2.2
U4306,173,FUSE1,372114.6,372114.6,374873.7,2759.1,2759.1,333.3,0.1208,1,p:2.1.5.1.2.2
U4307,173,FUSE1,372208.8,372208.8,374899.1,2690.3,2690.3,333.3,0.12389,1,p:1.1.1.1.2.2
U4308,173,FUSE1,372275.6,372275.6,374956.1,2680.5,2680.5,333.3,0.124342,1,p:2.1.3.1.2.2
U4309,173,FUSE1,372301.2,372301.2,375022.7,2721.5,2721.5,333.3,0.122469,1,p:1.1.4.1.2.2
U4310,173,FUSE2,372337.8,372337.8,375144.7,2806.9,2806.9,365.7,0.130286,1,p:2.1.2.1.2.2
U4311,173,FUSE2,372358.2,372358.2,375211.7,2853.5,2853.5,365.7,0.128158,1,p:1.1.5.1.2.2
U4312,173,FUSE2,372452.4,372452.4,375237.1,2784.7,2784.7,365.7,0.131325,1,p:2.1.1.1.2.2
U4313,173,FUSE2,372519.2,372519.2,375294.1,2774.9,2774.9,365.7,0.131789,1,p:1.1.3.1.2.2
U4314,173,FUSE2,372544.8,372544.8,375360.7,2815.9,2815.9,365.7,0.12987,1,p:2.1.4.1.2.2
U4315,173,FUSE2,372581.4,372581.4,375482.7,2901.3,2901.3,365.7,0.126047,1,p:1.1.2.1.2.2
U4316,173,FUSE2,372601.8,372601.8,375549.7,2947.9,2947.9,365.7,0.124054,1,p:2.1.5.1.2.2
U4317,173,FUSE2,372696.0,372696.0,375575.1,2879.1,2879.1,365.7,0.127019,1,p:1.1.1.2.2.2
U4318,173,FUSE2,372762.8,372762.8,375632.1,2869.3,2869.3,365.7,0.127453,1,p:2.1.3.1.2.2
U6026,242,FUSE0,372825.0,372825.0,375604.3,2779.3,2779.3,271.3,0.097615,1,p:1.1.4.1.2.2
U6027,242,FUSE0,372850.4,372850.4,375726.3,2875.9,2875.9,271.3,0.094336,1,p:2.1.2.1.2.2
U6028,242,FUSE0,372907.4,372907.4,375793.3,2885.9,2885.9,271.3,0.094009,1,p:1.1.5.1.2.2
U6029,242,FUSE0,373001.6,373001.6,375847.9,2846.3,2846.3,271.3,0.095317,1,p:2.1.4.1.2.2
U6030,242,FUSE0,373068.4,373068.4,375818.7,2750.3,2750.3,271.3,0.098644,1,p:1.1.1.2.2.2
U6031,242,FUSE0,373130.6,373130.6,375875.7,2745.1,2745.1,271.3,0.098831,1,p:2.1.3.1.2.2
U6032,242,FUSE0,373156.0,373156.0,375969.9,2813.9,2813.9,271.3,0.096414,1,p:1.1.2.1.2.2
U6033,242,FUSE0,373213.0,373213.0,376036.9,2823.9,2823.9,271.3,0.096073,1,p:2.1.5.1.2.2
U6034,242,FUSE1,373307.2,373307.2,376153.5,2846.3,2846.3,333.3,0.117099,1,p:1.1.4.1.2.2
U6035,242,FUSE1,373374.0,373374.0,376124.3,2750.3,2750.3,333.3,0.121187,1,p:2.1.1.2.2.2
U6036,242,FUSE1,373468.6,373468.6,376181.3,2712.7,2712.7,333.3,0.122867,1,p:1.1.3.1.2.2
U6037,242,FUSE1,373494.0,373494.0,376275.5,2781.5,2781.5,333.3,0.119827,1,p:2.1.2.1.2.2
U6038,242,FUSE1,373551.0,373551.0,376342.5,2791.5,2791.5,333.3,0.119398,1,p:1.1.5.1.2.2
U6039,242,FUSE1,373645.2,373645.2,376459.1,2813.9,2813.9,333.3,0.118448,1,p:2.1.4.1.2.2
U6040,242,FUSE1,373712.0,373712.0,376429.9,2717.9,2717.9,333.3,0.122631,1,p:1.1.1.2.2.2
U6041,242,FUSE1,373806.6,373806.6,376486.9,2680.3,2680.3,333.3,0.124352,1,p:2.1.3.1.2.2
U6042,242,FUSE2,373832.0,373832.0,376613.5,2781.5,2781.5,365.7,0.131476,1,p:1.1.2.1.2.2
U6043,242,FUSE2,373889.0,373889.0,376680.5,2791.5,2791.5,365.7,0.131005,1,p:2.1.5.1.2.2
U6044,242,FUSE2,373955.6,373955.6,376797.1,2841.5,2841.5,365.7,0.1287,1,p:1.1.4.1.2.2
U6045,242,FUSE2,373983.2,373983.2,376767.9,2784.7,2784.7,365.7,0.131325,1,p:2.1.1.2.2.2
U6046,242,FUSE2,374050.2,374050.2,376824.9,2774.7,2774.7,365.7,0.131798,1,p:1.1.3.1.2.2
U6047,242,FUSE2,374075.6,374075.6,376951.5,2875.9,2875.9,365.7,0.12716,1,p:2.1.2.1.2.2
U6048,242,FUSE2,374132.6,374132.6,377018.5,2885.9,2885.9,365.7,0.12672,1,p:1.1.5.1.2.2
U3970,160,FUSE0,374199.2,374199.2,377040.7,2841.5,2841.5,271.3,0.095478,1,p:2.1.4.1.2.2
U3971,160,FUSE0,374226.8,374226.8,377011.5,2784.7,2784.7,271.3,0.097425,1,p:1.1.1.2.2.2
U3972,160,FUSE0,374293.8,374293.8,377068.5,2774.7,2774.7,271.3,0.097776,1,p:2.1.3.1.2.2
U3973,160,FUSE0,374319.2,374319.2,377195.1,2875.9,2875.9,271.3,0.094336,1,p:1.1.2.1.2.2
U3974,160,FUSE0,374376.2,374376.2,377262.1,2885.9,2885.9,271.3,0.094009,1,p:2.1.5.1.2.2
U3975,160,FUSE0,374442.8,374442.8,377284.3,2841.5,2841.5,271.3,0.095478,1,p:1.1.4.1.2.2
U3976,160,FUSE0,374532.4,374532.4,377255.1,2722.7,2722.7,271.3,0.099644,1,p:2.1.1.2.2.2
U3977,160,FUSE0,374599.4,374599.4,377312.1,2712.7,2712.7,271.3,0.100011,1,p:1.1.3.1.2.2
U3978,160,FUSE0,374624.8,374624.8,377438.7,2813.9,2813.9,271.3,0.096414,1,p:2.1.2.1.2.2
U3979,160,FUSE0,374681.8,374681.8,377505.7,2823.9,2823.9,271.3,0.096073,1,p:1.1.5.1.2.2
U3980,160,FUSE1,374748.4,374748.4,377589.9,2841.5,2841.5,333.3,0.117297,1,p:2.1.4.1.2.2
U3981,160,FUSE1,374838.0,374838.0,377560.7,2722.7,2722.7,333.3,0.122415,1,p:1.1.1.2.2.2
U3982,160,FUSE1,374905.0,374905.0,377617.7,2712.7,2712.7,333.3,0.122867,1,p:2.1.3.1.2.2
U3983,160,FUSE1,374930.4,374930.4,377744.3,2813.9,2813.9,333.3,0.118448,1,p:1.1.2.1.2.2
U3984,160,FUSE1,374987.4,374987.4,377811.3,2823.9,2823.9,333.3,0.118028,1,p:2.1.5.1.2.2
U3985,160,FUSE1,375054.0,375054.0,377895.5,2841.5,2841.5,333.3,0.117297,1,p:1.1.4.1.2.2
U3986,160,FUSE1,375176.0,375176.0,377866.3,2690.3,2690.3,333.3,0.12389,1,p:2.1.1.2.2.2
U3987,160,FUSE1,375243.0,375243.0,377923.3,2680.3,2680.3,333.3,0.124352,1,p:1.1.3.1.2.2
U3988,160,FUSE1,375268.4,375268.4,378049.9,2781.5,2781.5,333.3,0.119827,1,p:2.1.2.1.2.2
U3989,160,FUSE1,375325.4,375325.4,378116.9,2791.5,2791.5,333.3,0.119398,1,p:1.1.5.1.2.2
U3990,160,FUSE2,375392.0,375392.0,378233.5,2841.5,2841.5,365.7,0.1287,1,p:2.1.4.1.2.2
U3991,160,FUSE2,375514.0,375514.0,378204.3,2690.3,2690.3,365.7,0.135933,1,p:1.1.1.2.2.2
U3992,160,FUSE2,375581.0,375581.0,378261.3,2680.3,2680.3,365.7,0.13644,1,p:2.1.3.1.2.2
U3993,160,FUSE2,375606.4,375606.4,378387.9,2781.5,2781.5,365.7,0.131476,1,p:1.1.2.1.2.2
U3994,160,FUSE2,375635.6,375635.6,378454.9,2819.3,2819.3,365.7,0.129713,1,p:2.1.5.1.2.2
U3995,160,FUSE2,375663.4,375663.4,378571.5,2908.1,2908.1,365.7,0.125752,1,p:1.1.4.1.2.2
U3996,160,FUSE2,375757.6,375757.6,378542.3,2784.7,2784.7,365.7,0.131325,1,p:2.1.1.2.2.2
U3997,160,FUSE2,375824.6,375824.6,378599.3,2774.7,2774.7,365.7,0.131798,1,p:1.1.3.1.2.2
U3998,160,FUSE2,375850.0,375850.0,378725.9,2875.9,2875.9,365.7,0.12716,1,p:2.1.2.1.2.2
U5351,215,FUSE0,375879.2,375879.2,378698.5,2819.3,2819.3,271.3,0.09623,1,p:1.1.5.1.2.2
U5352,215,FUSE0,375907.0,375907.0,378815.1,2908.1,2908.1,271.3,0.093291,1,p:2.1.4.1.2.2
U5353,215,FUSE0,376001.2,376001.2,378785.9,2784.7,2784.7,271.3,0.097425,1,p:1.1.1.2.2.2
U5354,215,FUSE0,376068.2,376068.2,378842.9,2774.7,2774.7,271.3,0.097776,1,p:2.1.3.1.2.2
U5355,215,FUSE0,376155.6,376155.6,378942.1,2786.5,2786.5,271.3,0.097362,1,p:1.1.5.1.2.2
U5356,215,FUSE0,376184.8,376184.8,378969.5,2784.7,2784.7,271.3,0.097425,1,p:2.1.2.1.2.2
U5357,215,FUSE0,376212.6,376212.6,379058.7,2846.1,2846.1,271.3,0.095323,1,p:1.1.4.1.2.2
U5358,215,FUSE0,376306.8,376306.8,379029.5,2722.7,2722.7,271.3,0.099644,1,p:2.1.1.2.2.2
U5359,215,FUSE1,376373.8,376373.8,379148.5,2774.7,2774.7,333.3,0.120121,1,p:1.1.3.1.2.2
U5360,215,FUSE1,376461.2,376461.2,379247.7,2786.5,2786.5,333.3,0.119612,1,p:2.1.5.1.2.2
U5361,215,FUSE1,376490.4,376490.4,379275.1,2784.7,2784.7,333.3,0.11969,1,p:1.1.2.1.2.2
U5362,215,FUSE1,376518.2,376518.2,379364.3,2846.1,2846.1,333.3,0.117108,1,p:2.1.4.1.2.2
U5363,215,FUSE1,376644.8,376644.8,379335.1,2690.3,2690.3,333.3,0.12389,1,p:1.1.1.2.2.2
U5364,215,FUSE1,376711.8,376711.8,379454.1,2742.3,2742.3,333.3,0.12154,1,p:2.1.3.1.2.2
U5365,215,FUSE1,376799.2,376799.2,379553.3,2754.1,2754.1,333.3,0.12102,1,p:1.1.5.1.2.2
U5366,215,FUSE1,376828.4,376828.4,379580.7,2752.3,2752.3,333.3,0.121099,1,p:2.1.2.1.2.2
U5367,215,FUSE2,376856.2,376856.2,379702.3,2846.1,2846.1,365.7,0.128492,1,p:1.1.4.1.2.2
U5368,215,FUSE2,376982.8,376982.8,379673.1,2690.3,2690.3,365.7,0.135933,1,p:2.1.1.2.2.2
U5369,215,FUSE2,377042.8,377042.8,379792.1,2749.3,2749.3,365.7,0.133016,1,p:1.1.3.1.2.2
U5370,215,FUSE2,377049.8,377049.8,379891.3,2841.5,2841.5,365.7,0.1287,1,p:2.1.5.1.2.2
U5371,215,FUSE2,377072.0,377072.0,379918.7,2846.7,2846.7,365.7,0.128465,1,p:1.1.2.1.2.2
U5372,215,FUSE2,377099.8,377099.8,380040.3,2940.5,2940.5,365.7,0.124367,1,p:2.1.4.1.2.2
U5373,215,FUSE2,377226.4,377226.4,380011.1,2784.7,2784.7,365.7,0.131325,1,p:1.1.1.2.2.2
U2898,118,FUSE0,377286.4,377286.4,380035.7,2749.3,2749.3,271.3,0.09868,1,p:2.1.3.1.2.2
U2899,118,FUSE0,377293.4,377293.4,380134.9,2841.5,2841.5,271.3,0.095478,1,p:1.2.5.1.2.2
U2900,118,FUSE0,377315.6,377315.6,380162.3,2846.7,2846.7,271.3,0.095303,1,p:2.1.2.1.2.2
U2901,118,FUSE0,377343.4,377343.4,380283.9,2940.5,2940.5,271.3,0.092263,1,p:1.1.4.1.2.2
U2902,118,FUSE0,377470.0,377470.0,380279.3,2809.3,2809.3,271.3,0.096572,1,p:2.1.3.1.2.2
U2903,118,FUSE0,377537.0,377537.0,380254.7,2717.7,2717.7,271.3,0.099827,1,p:1.1.1.2.2.2
U2904,118,FUSE0,377592.0,377592.0,380378.5,2786.5,2786.5,271.3,0.097362,1,p:2.1.5.1.2.2
U2905,118,FUSE0,377621.2,377621.2,380405.9,2784.7,2784.7,271.3,0.097425,1,p:1.1.2.1.2.2
U2906,118,FUSE0,377649.0,377649.0,380527.5,2878.5,2878.5,271.3,0.09425,1,p:2.1.4.1.2.2
U2907,118,FUSE1,377775.6,377775.6,380584.9,2809.3,2809.3,333.3,0.118642,1,p:1.1.3.1.2.2
U2908,118,FUSE1,377842.6,377842.6,380560.3,2717.7,2717.7,333.3,0.12264,1,p:2.1.1.2.2.2
U2909,118,FUSE1,377897.6,377897.6,380684.1,2786.5,2786.5,333.3,0.119612,1,p:1.1.5.1.2.2
U2910,118,FUSE1,377926.8,377926.8,380711.5,2784.7,2784.7,333.3,0.11969,1,p:2.1.2.1.2.2
U2911,118,FUSE1,377954.6,377954.6,380833.1,2878.5,2878.5,333.3,0.115789,1,p:1.1.4.1.2.2
U2912,118,FUSE1,378081.2,378081.2,380890.5,2809.3,2809.3,333.3,0.118642,1,p:2.1.3.1.2.2
U2913,118,FUSE1,378148.2,378148.2,380865.9,2717.7,2717.7,333.3,0.12264,1,p:1.1.1.2.2.2
U2914,118,FUSE1,378235.6,378235.6,380989.7,2754.1,2754.1,333.3,0.12102,1,p:2.1.5.1.2.2
U2915,118,FUSE1,378264.8,378264.8,381017.1,2752.3,2752.3,333.3,0.121099,1,p:1.1.2.1.2.2
U2916,118,FUSE2,378292.6,378292.6,381171.1,2878.5,2878.5,365.7,0.127045,1,p:2.1.4.1.2.2
U2917,118,FUSE2,378419.2,378419.2,381228.5,2809.3,2809.3,365.7,0.130175,1,p:1.1.3.1.2.2
U2918,118,FUSE2,378486.2,378486.2,381203.9,2717.7,2717.7,365.7,0.134562,1,p:2.1.1.2.2.2
U2919,118,FUSE2,378573.6,378573.6,381327.7,2754.1,2754.1,365.7,0.132784,1,p:1.1.5.1.2.2
U2920,118,FUSE2,378602.8,378602.8,381355.1,2752.3,2752.3,365.7,0.132871,1,p:2.1.2.1.2.2
U2921,118,FUSE2,378630.6,378630.6,381509.1,2878.5,2878.5,365.7,0.127045,1,p:1.1.4.1.2.2
U2922,118,FUSE2,378729.8,378729.8,381566.5,2836.7,2836.7,365.7,0.128917,1,p:2.1.3.1.2.2
U2923,118,FUSE2,378757.2,378757.2,381541.9,2784.7,2784.7,365.7,0.131325,1,p:1.1.1.2.2.2
U2924,118,FUSE2,378817.2,378817.2,381665.7,2848.5,2848.5,365.7,0.128383,1,p:2.1.5.1.2.2
U2925,118,FUSE2,378846.4,378846.4,381693.1,2846.7,2846.7,365.7,0.128465,1,p:1.1.2.1.2.2
U350,15,FUSE0,378874.2,378874.2,381752.7,2878.5,2878.5,271.3,0.09425,1,p:2.1.4.1.2.2
U351,15,FUSE0,378973.4,378973.4,381810.1,2836.7,2836.7,271.3,0.095639,1,p:1.1.3.1.2.2
U352,15,FUSE0,379000.8,379000.8,381785.5,2784.7,2784.7,271.3,0.097425,1,p:2.1.1.2.2.2
U353,15,FUSE0,379060.8,379060.8,381909.3,2848.5,2848.5,271.3,0.095243,1,p:1.1.5.1.2.2
U354,15,FUSE0,379090.0,379090.0,381936.7,2846.7,2846.7,271.3,0.095303,1,p:2.1.2.1.2.2
U355,15,FUSE0,379179.8,379179.8,381996.3,2816.5,2816.5,271.3,0.096325,1,p:1.1.4.1.2.2
U356,15,FUSE0,379279.0,379279.0,382053.7,2774.7,2774.7,271.3,0.097776,1,p:2.1.3.1.2.2
U357,15,FUSE0,379306.4,379306.4,382029.1,2722.7,2722.7,271.3,0.099644,1,p:1.1.1.2.2.2
U358,15,FUSE0,379366.4,379366.4,382152.9,2786.5,2786.5,271.3,0.097362,1,p:2.1.5.1.2.2
U359,15,FUSE1,379395.6,379395.6,382242.3,2846.7,2846.7,333.3,0.117083,1,p:1.1.2.1.2.2
U360,15,FUSE1,379485.4,379485.4,382301.9,2816.5,2816.5,333.3,0.118338,1,p:2.1.4.1.2.2
U361,15,FUSE1,379584.6,379584.6,382359.3,2774.7,2774.7,333.3,0.120121,1,p:1.1.3.1.2.2
U362,15,FUSE1,379612.0,379612.0,382334.7,2722.7,2722.7,333.3,0.122415,1,p:2.1.1.2.2.2
U363,15,FUSE1,379704.4,379704.4,382458.5,2754.1,2754.1,333.3,0.12102,1,p:1.1.5.1.2.2
U364,15,FUSE1,379733.6,379733.6,382547.9,2814.3,2814.3,333.3,0.118431,1,p:2.1.2.1.2.2
U365,15,FUSE1,379823.4,379823.4,382607.5,2784.1,2784.1,333.3,0.119716,1,p:1.1.4.1.2.2
U366,15,FUSE1,379922.6,379922.6,382664.9,2742.3,2742.3,333.3,0.12154,1,p:2.1.3.1.2.2
U367,15,FUSE1,379950.0,379950.0,382640.3,2690.3,2690.3,333.3,0.12389,1,p:1.1.1.2.2.2
U368,15,FUSE2,380042.4,380042.4,382796.5,2754.1,2754.1,365.7,0.132784,1,p:2.1.5.1.2.2
U369,15,FUSE2,380067.0,380067.0,382885.9,2818.9,2818.9,365.7,0.129731,1,p:1.1.2.1.2.2
U370,15,FUSE2,380071.6,380071.6,382945.5,2873.9,2873.9,365.7,0.127249,1,p:2.1.4.1.2.2
U371,15,FUSE2,380166.2,380166.2,383002.9,2836.7,2836.7,365.7,0.128917,1,p:1.1.3.1.2.2
U372,15,FUSE2,380193.6,380193.6,382978.3,2784.7,2784.7,365.7,0.131325,1,p:2.1.1.2.2.2
U373,15,FUSE2,380286.0,380286.0,383134.5,2848.5,2848.5,365.7,0.128383,1,p:1.1.5.1.2.2
U374,15,FUSE2,380310.6,380310.6,383226.5,2915.9,2915.9,365.7,0.125416,1,p:2.1.2.1.2.2
U375,15,FUSE2,380315.2,380315.2,383283.5,2968.3,2968.3,365.7,0.123202,1,p:1.2.4.1.2.2
U4653,187,FUSE0,380409.8,380409.8,383246.5,2836.7,2836.7,271.3,0.095639,1,p:2.1.3.1.2.2
U4654,187,FUSE0,380437.2,380437.2,383221.9,2784.7,2784.7,271.3,0.097425,1,p:1.1.1.2.2.2
U4655,187,FUSE0,380558.8,380558.8,383378.1,2819.3,2819.3,271.3,0.09623,1,p:2.1.5.1.2.2
U4656,187,FUSE0,380591.6,380591.6,383470.1,2878.5,2878.5,271.3,0.09425,1,p:1.1.2.1.2.2
U4657,187,FUSE0,380616.2,380616.2,383490.1,2873.9,2873.9,271.3,0.094401,1,p:2.1.3.1.2.2
U4658,187,FUSE0,380715.4,380715.4,383465.5,2750.1,2750.1,271.3,0.098651,1,p:1.1.1.2.2.2
U4659,187,FUSE0,380742.8,380742.8,383527.1,2784.3,2784.3,271.3,0.097439,1,p:2.1.4.1.2.2
U4660,187,FUSE0,380864.4,380864.4,383621.7,2757.3,2757.3,271.3,0.098393,1,p:1.1.5.1.2.2
U4661,187,FUSE0,380897.2,380897.2,383711.1,2813.9,2813.9,271.3,0.096414,1,p:2.1.2.1.2.2
U4662,187,FUSE1,380921.8,380921.8,383795.7,2873.9,2873.9,333.3,0.115975,1,p:1.1.3.1.2.2
U4663,187,FUSE1,381021.0,381021.0,383771.1,2750.1,2750.1,333.3,0.121196,1,p:2.1.1.2.2.2
U4664,187,FUSE1,381048.4,381048.4,383832.7,2784.3,2784.3,333.3,0.119707,1,p:1.1.4.1.2.2
U4665,187,FUSE1,381202.4,381202.4,383927.3,2724.9,2724.9,333.3,0.122316,1,p:2.1.5.1.2.2
U4666,187,FUSE1,381235.2,381235.2,384016.7,2781.5,2781.5,333.3,0.119827,1,p:1.1.2.1.2.2
U4667,187,FUSE1,381259.8,381259.8,384101.3,2841.5,2841.5,333.3,0.117297,1,p:2.1.3.1.2.2
U4668,187,FUSE1,381359.0,381359.0,384076.7,2717.7,2717.7,333.3,0.12264,1,p:1.1.1.2.2.2
U4669,187,FUSE1,381386.4,381386.4,384138.3,2751.9,2751.9,333.3,0.121116,1,p:2.1.4.1.2.2
U4670,187,FUSE1,381540.4,381540.4,384232.9,2692.5,2692.5,333.3,0.123788,1,p:1.1.5.1.2.2
U4671,187,FUSE2,381573.2,381573.2,384354.7,2781.5,2781.5,365.7,0.131476,1,p:2.1.2.1.2.2
U4672,187,FUSE2,381597.8,381597.8,384439.3,2841.5,2841.5,365.7,0.1287,1,p:1.1.3.1.2.2
U4673,187,FUSE2,381697.0,381697.0,384414.7,2717.7,2717.7,365.7,0.134562,1,p:2.1.1.2.2.2
U4674,187,FUSE2,381724.4,381724.4,384476.3,2751.9,2751.9,365.7,0.13289,1,p:1.1.4.1.2.2
U4675,187,FUSE2,381784.0,381784.0,384570.9,2786.9,2786.9,365.7,0.131221,1,p:2.1.5.1.2.2
U4676,187,FUSE2,381816.8,381816.8,384692.7,2875.9,2875.9,365.7,0.12716,1,p:1.1.2.1.2.2
U4677,187,FUSE2,381841.4,381841.4,384777.3,2935.9,2935.9,365.7,0.124561,1,p:2.1.3.1.2.2
U4678,187,FUSE2,381940.6,381940.6,384752.7,2812.1,2812.1,365.7,0.130045,1,p:1.1.1.2.2.2
U4679,187,FUSE2,381968.0,381968.0,384814.3,2846.3,2846.3,365.7,0.128483,1,p:2.1.4.1.2.2
U4680,187,FUSE2,382027.6,382027.6,384908.9,2881.3,2881.3,365.7,0.126922,1,p:1.1.5.1.2.2
U737,31,FUSE0,382060.4,382060.4,384936.3,2875.9,2875.9,271.3,0.094336,1,p:2.1.2.1.2.2
U738,31,FUSE0,382085.0,382085.0,385020.9,2935.9,2935.9,271.3,0.092408,1,p:1.1.3.1.2.2
U739,31,FUSE0,382184.2,382184.2,384996.3,2812.1,2812.1,271.3,0.096476,1,p:2.1.1.2.2.2
U740,31,FUSE0,382273.6,382273.6,385057.9,2784.3,2784.3,271.3,0.097439,1,p:1.1.4.1.2.2
U741,31,FUSE0,382333.2,382333.2,385152.5,2819.3,2819.3,271.3,0.09623,1,p:2.1.5.1.2.2
U742,31,FUSE0,382366.0,382366.0,385179.9,2813.9,2813.9,271.3,0.096414,1,p:1.1.2.1.2.2
U743,31,FUSE0,382390.6,382390.6,385264.5,2873.9,2873.9,271.3,0.094401,1,p:2.1.3.1.2.2
U744,31,FUSE0,382489.8,382489.8,385239.9,2750.1,2750.1,271.3,0.098651,1,p:1.1.1.2.2.2
U745,31,FUSE0,382579.2,382579.2,385301.5,2722.3,2722.3,271.3,0.099658,1,p:2.1.4.1.2.2
U746,31,FUSE1,382638.8,382638.8,385458.1,2819.3,2819.3,333.3,0.118221,1,p:1.1.5.1.2.2
U747,31,FUSE1,382671.6,382671.6,385485.5,2813.9,2813.9,333.3,0.118448,1,p:2.1.2.1.2.2
U748,31,FUSE1,382696.2,382696.2,385570.1,2873.9,2873.9,333.3,0.115975,1,p:1.1.3.1.2.2
U749,31,FUSE1,382827.8,382827.8,385545.5,2717.7,2717.7,333.3,0.12264,1,p:2.1.1.2.2.2
U750,31,FUSE1,382917.2,382917.2,385607.1,2689.9,2689.9,333.3,0.123908,1,p:1.1.4.1.2.2
U751,31,FUSE1,382976.8,382976.8,385763.7,2786.9,2786.9,333.3,0.119595,1,p:2.1.5.1.2.2
U752,31,FUSE1,383009.6,383009.6,385791.1,2781.5,2781.5,333.3,0.119827,1,p:1.1.2.1.2.2
U753,31,FUSE1,383034.2,383034.2,385875.7,2841.5,2841.5,333.3,0.117297,1,p:2.1.3.1.2.2
U754,31,FUSE1,383165.8,383165.8,385851.1,2685.3,2685.3,333.3,0.12412,1,p:1.1.1.2.2.2
U755,31,FUSE2,383253.2,383253.2,385945.1,2691.9,2691.9,365.7,0.135852,1,p:2.1.4.1.2.2
U756,31,FUSE2,383257.8,383257.8,386101.7,2843.9,2843.9,365.7,0.128591,1,p:1.2.5.1.2.2
U757,31,FUSE2,383277.8,383277.8,386129.1,2851.3,2851.3,365.7,0.128257,1,p:2.1.2.1.2.2
U758,31,FUSE2,383314.8,383314.8,386213.7,2898.9,2898.9,365.7,0.126151,1,p:1.1.3.1.2.2
U759,31,FUSE2,383409.4,383409.4,386189.1,2779.7,2779.7,365.7,0.131561,1,p:2.1.1.2.2.2
U760,31,FUSE2,383496.8,383496.8,386283.1,2786.3,2786.3,365.7,0.131249,1,p:1.1.4.1.2.2
U761,31,FUSE2,383501.4,383501.4,386439.7,2938.3,2938.3,365.7,0.12446,1,p:2.1.5.1.2.2
U762,31,FUSE2,383521.4,383521.4,386467.1,2945.7,2945.7,365.7,0.124147,1,p:1.1.2.1.2.2
U2657,108,FUSE0,383558.4,383558.4,386457.3,2898.9,2898.9,271.3,0.093587,1,p:2.1.3.1.2.2
U2658,108,FUSE0,383653.0,383653.0,386432.7,2779.7,2779.7,271.3,0.0976,1,p:1.1.1.2.2.2
U2659,108,FUSE0,383742.4,383742.4,386526.7,2784.3,2784.3,271.3,0.097439,1,p:2.1.4.1.2.2
U2660,108,FUSE0,383802.4,383802.4,386683.3,2880.9,2880.9,271.3,0.094172,1,p:1.1.5.1.2.2
U2661,108,FUSE0,383827.0,383827.0,386700.9,2873.9,2873.9,271.3,0.094401,1,p:2.1.3.1.2.2
U2662,108,FUSE0,383864.0,383864.0,386676.3,2812.3,2812.3,271.3,0.096469,1,p:1.1.1.2.2.2
U2663,108,FUSE0,383958.6,383958.6,386710.7,2752.1,2752.1,271.3,0.098579,1,p:2.1.2.1.2.2
U2664,108,FUSE0,384048.0,384048.0,386770.3,2722.3,2722.3,271.3,0.099658,1,p:1.1.4.1.2.2
U2665,108,FUSE1,384108.0,384108.0,386988.9,2880.9,2880.9,333.3,0.115693,1,p:2.1.5.1.2.2
U2666,108,FUSE1,384132.6,384132.6,387006.5,2873.9,2873.9,333.3,0.115975,1,p:1.1.3.1.2.2
U2667,108,FUSE1,384169.6,384169.6,386981.9,2812.3,2812.3,333.3,0.118515,1,p:2.1.1.2.2.2
U2668,108,FUSE1,384264.2,384264.2,387016.3,2752.1,2752.1,333.3,0.121108,1,p:1.1.2.1.2.2
U2669,108,FUSE1,384386.0,384386.0,387075.9,2689.9,2689.9,333.3,0.123908,1,p:2.1.4.1.2.2
U2670,108,FUSE1,384446.0,384446.0,387294.5,2848.5,2848.5,333.3,0.117009,1,p:1.1.5.1.2.2
U2671,108,FUSE1,384470.6,384470.6,387312.1,2841.5,2841.5,333.3,0.117297,1,p:2.1.3.1.2.2
U2672,108,FUSE1,384507.6,384507.6,387287.5,2779.9,2779.9,333.3,0.119896,1,p:1.1.1.2.2.2
U2673,108,FUSE2,384602.2,384602.2,387354.3,2752.1,2752.1,365.7,0.13288,1,p:2.1.2.1.2.2
U2674,108,FUSE2,384724.0,384724.0,387413.9,2689.9,2689.9,365.7,0.135953,1,p:1.1.4.1.2.2
U2675,108,FUSE2,384784.0,384784.0,387632.5,2848.5,2848.5,365.7,0.128383,1,p:2.1.5.1.2.2
U2676,108,FUSE2,384808.6,384808.6,387650.1,2841.5,2841.5,365.7,0.1287,1,p:1.1.3.1.2.2
U2677,108,FUSE2,384845.6,384845.6,387625.5,2779.9,2779.9,365.7,0.131551,1,p:2.1.1.2.2.2
U2678,108,FUSE2,384940.2,384940.2,387692.3,2752.1,2752.1,365.7,0.13288,1,p:1.1.2.1.2.2
U2679,108,FUSE2,384967.6,384967.6,387751.9,2784.3,2784.3,365.7,0.131344,1,p:2.1.4.1.2.2
U5876,236,FUSE0,385027.6,385027.6,387876.1,2848.5,2848.5,271.3,0.095243,1,p:1.1.5.1.2.2
U5877,236,FUSE0,385052.2,385052.2,387893.7,2841.5,2841.5,271.3,0.095478,1,p:2.1.3.1.2.2
U5878,236,FUSE0,385089.2,385089.2,387869.1,2779.9,2779.9,271.3,0.097593,1,p:1.1.1.2.2.2
U5879,236,FUSE0,385183.8,385183.8,387935.9,2752.1,2752.1,271.3,0.098579,1,p:2.1.2.1.2.2
U5880,236,FUSE0,385211.2,385211.2,387995.5,2784.3,2784.3,271.3,0.097439,1,p:1.1.4.1.2.2
U5881,236,FUSE0,385271.2,385271.2,388119.7,2848.5,2848.5,271.3,0.095243,1,p:2.1.5.1.2.2
U5882,236,FUSE0,385295.8,385295.8,388137.3,2841.5,2841.5,271.3,0.095478,1,p:1.1.3.1.2.2
U5883,236,FUSE0,385332.8,385332.8,388112.7,2779.9,2779.9,271.3,0.097593,1,p:2.1.1.2.2.2
U5884,236,FUSE1,385489.4,385489.4,388241.5,2752.1,2752.1,333.3,0.121108,1,p:1.1.2.1.2.2
U5885,236,FUSE1,385516.8,385516.8,388301.1,2784.3,2784.3,333.3,0.119707,1,p:2.1.4.1.2.2
U5886,236,FUSE1,385576.8,385576.8,388425.3,2848.5,2848.5,333.3,0.117009,1,p:1.1.5.1.2.2
U5887,236,FUSE1,385601.4,385601.4,388442.9,2841.5,2841.5,333.3,0.117297,1,p:2.1.3.1.2.2
U5888,236,FUSE1,385638.4,385638.4,388418.3,2779.9,2779.9,333.3,0.119896,1,p:1.1.1.2.2.2
U5889,236,FUSE1,385795.0,385795.0,388547.1,2752.1,2752.1,333.3,0.121108,1,p:2.1.2.1.2.2
U5890,236,FUSE1,385822.4,385822.4,388606.7,2784.3,2784.3,333.3,0.119707,1,p:1.1.4.1.2.2
U5891,236,FUSE1,385882.4,385882.4,388730.9,2848.5,2848.5,333.3,0.117009,1,p:2.1.5.1.2.2
U5892,236,FUSE2,385907.0,385907.0,388780.9,2873.9,2873.9,365.7,0.127249,1,p:1.1.3.1.2.2
U5893,236,FUSE2,385976.4,385976.4,388756.3,2779.9,2779.9,365.7,0.131551,1,p:2.1.1.2.2.2
U5894,236,FUSE2,386133.0,386133.0,388885.1,2752.1,2752.1,365.7,0.13288,1,p:1.1.2.1.2.2
U5895,236,FUSE2,386160.4,386160.4,388944.7,2784.3,2784.3,365.7,0.131344,1,p:2.1.4.1.2.2
U5896,236,FUSE2,386220.4,386220.4,389068.9,2848.5,2848.5,365.7,0.128383,1,p:1.1.5.1.2.2
U5897,236,FUSE2,386245.0,386245.0,389118.9,2873.9,2873.9,365.7,0.127249,1,p:2.1.3.1.2.2
U5898,236,FUSE2,386314.4,386314.4,389094.3,2779.9,2779.9,365.7,0.131551,1,p:1.1.1.2.2.2
U5899,236,FUSE2,386464.0,386464.0,389223.1,2759.1,2759.1,365.7,0.132543,1,p:2.1.2.1.2.2
U7839,314,FUSE0,386471.0,386471.0,389188.3,2717.3,2717.3,271.3,0.099842,1,p:1.2.4.1.2.2
U7840,314,FUSE0,386488.6,386488.6,389312.5,2823.9,2823.9,271.3,0.096073,1,p:2.1.5.1.2.2
U7841,314,FUSE0,386498.4,386498.4,389362.5,2864.1,2864.1,271.3,0.094724,1,p:1.2.3.1.2.2
U7842,314,FUSE0,386558.0,386558.0,389337.9,2779.9,2779.9,271.3,0.097593,1,p:2.1.1.2.2.2
U7843,314,FUSE0,386707.6,386707.6,389431.9,2724.3,2724.3,271.3,0.099585,1,p:1.1.4.1.2.2
U7844,314,FUSE0,386714.6,386714.6,389556.1,2841.5,2841.5,271.3,0.095478,1,p:2.1.5.1.2.2
U7845,314,FUSE0,386732.2,386732.2,389466.7,2734.5,2734.5,271.3,0.099214,1,p:1.1.2.1.2.2
U7846,314,FUSE0,386742.0,386742.0,389606.1,2864.1,2864.1,271.3,0.094724,1,p:2.1.3.1.2.2
U7847,314,FUSE0,386801.6,386801.6,389581.5,2779.9,2779.9,271.3,0.097593,1,p:1.1.1.2.2.2
U7848,314,FUSE0,387013.2,387013.2,389675.5,2662.3,2662.3,271.3,0.101904,1,p:2.1.4.1.2.2
U7849,314,FUSE1,387020.2,387020.2,389772.3,2752.1,2752.1,333.3,0.121108,1,p:1.2.2.1.2.2
U7850,314,FUSE1,387037.8,387037.8,389861.7,2823.9,2823.9,333.3,0.118028,1,p:2.1.5.1.2.2
U7851,314,FUSE1,387047.6,387047.6,389911.7,2864.1,2864.1,333.3,0.116372,1,p:1.2.3.1.2.2
U7852,314,FUSE1,387107.2,387107.2,389887.1,2779.9,2779.9,333.3,0.119896,1,p:2.1.1.2.2.2
U7853,314,FUSE1,387318.8,387318.8,389981.1,2662.3,2662.3,333.3,0.125193,1,p:1.1.4.1.2.2
U7854,314,FUSE1,387325.8,387325.8,390167.3,2841.5,2841.5,333.3,0.117297,1,p:2.1.5.1.2.2
U7855,314,FUSE1,387343.4,387343.4,390077.9,2734.5,2734.5,333.3,0.121887,1,p:1.1.2.1.2.2
U7856,314,FUSE1,387385.6,387385.6,390217.3,2831.7,2831.7,333.3,0.117703,1,p:2.1.3.1.2.2
U7857,314,FUSE1,387445.2,387445.2,390192.7,2747.5,2747.5,333.3,0.12131,1,p:1.1.1.2.2.2
U7858,314,FUSE1,387656.8,387656.8,390286.7,2629.9,2629.9,333.3,0.126735,1,p:2.1.4.1.2.2
U7859,314,FUSE2,387663.8,387663.8,390415.9,2752.1,2752.1,365.7,0.13288,1,p:1.2.2.1.2.2
U7860,314,FUSE2,387681.4,387681.4,390505.3,2823.9,2823.9,365.7,0.129502,1,p:2.1.5.1.2.2
U7861,314,FUSE2,387723.6,387723.6,390555.3,2831.7,2831.7,365.7,0.129145,1,p:1.1.3.1.2.2
U7862,314,FUSE2,387783.2,387783.2,390530.7,2747.5,2747.5,365.7,0.133103,1,p:2.1.1.2.2.2
U7863,314,FUSE2,387900.4,387900.4,390624.7,2724.3,2724.3,365.7,0.134236,1,p:1.1.4.1.2.2
U7864,314,FUSE2,387907.4,387907.4,390843.3,2935.9,2935.9,365.7,0.124561,1,p:2.1.5.1.2.2
U7865,314,FUSE2,387925.0,387925.0,390753.9,2828.9,2828.9,365.7,0.129273,1,p:1.1.2.1.2.2
U7866,314,FUSE2,387967.2,387967.2,390893.3,2926.1,2926.1,365.7,0.124979,1,p:2.1.3.1.2.2
U7867,314,FUSE2,388026.8,388026.8,390872.9,2846.1,2846.1,365.7,0.128492,1,p:1.1.1.2.2.2
U8390,336,FUSE0,388144.0,388144.0,390868.3,2724.3,2724.3,271.3,0.099585,1,p:2.1.4.1.2.2
U8391,336,FUSE0,388151.0,388151.0,390997.5,2846.5,2846.5,271.3,0.09531,1,p:1.2.2.1.2.2
U8392,336,FUSE0,388168.6,388168.6,391086.9,2918.3,2918.3,271.3,0.092965,1,p:2.1.5.1.2.2
U8393,336,FUSE0,388272.8,388272.8,391111.9,2839.1,2839.1,271.3,0.095558,1,p:1.1.4.1.2.2
U8394,336,FUSE0,388332.4,388332.4,391136.9,2804.5,2804.5,271.3,0.096737,1,p:2.1.3.1.2.2
U8395,336,FUSE0,388449.6,388449.6,391116.5,2666.9,2666.9,271.3,0.101729,1,p:1.1.1.2.2.2
U8396,336,FUSE0,388456.6,388456.6,391330.5,2873.9,2873.9,271.3,0.094401,1,p:2.1.5.1.2.2
U8397,336,FUSE0,388474.2,388474.2,391241.1,2766.9,2766.9,271.3,0.098052,1,p:1.1.2.1.2.2
U8398,336,FUSE1,388578.4,388578.4,391417.5,2839.1,2839.1,333.3,0.117396,1,p:2.1.4.1.2.2
U8399,336,FUSE1,388638.0,388638.0,391442.5,2804.5,2804.5,333.3,0.118845,1,p:1.1.3.1.2.2
U8400,336,FUSE1,388762.2,388762.2,391422.1,2659.9,2659.9,333.3,0.125305,1,p:2.1.1.2.2.2
U8401,336,FUSE1,388787.6,388787.6,391546.7,2759.1,2759.1,333.3,0.1208,1,p:1.1.2.1.2.2
U8402,336,FUSE1,388812.2,388812.2,391636.1,2823.9,2823.9,333.3,0.118028,1,p:2.1.5.1.2.2
U8403,336,FUSE1,388916.4,388916.4,391723.1,2806.7,2806.7,333.3,0.118752,1,p:1.1.4.1.2.2
U8404,336,FUSE1,388976.0,388976.0,391748.1,2772.1,2772.1,333.3,0.120234,1,p:2.1.3.1.2.2
U8405,336,FUSE1,389100.2,389100.2,391727.7,2627.5,2627.5,333.3,0.126851,1,p:1.1.1.2.2.2
U8406,336,FUSE2,389125.6,389125.6,391884.7,2759.1,2759.1,365.7,0.132543,1,p:2.1.2.1.2.2
U8407,336,FUSE2,389150.2,389150.2,391974.1,2823.9,2823.9,365.7,0.129502,1,p:1.1.5.1.2.2
U8408,336,FUSE2,389219.6,389219.6,392061.1,2841.5,2841.5,365.7,0.1287,1,p:2.1.4.1.2.2
U8409,336,FUSE2,389254.4,389254.4,392086.1,2831.7,2831.7,365.7,0.129145,1,p:1.1.3.1.2.2
U8410,336,FUSE2,389343.8,389343.8,392065.7,2721.9,2721.9,365.7,0.134355,1,p:2.1.1.2.2.2
U8411,336,FUSE2,389369.2,389369.2,392222.7,2853.5,2853.5,365.7,0.128158,1,p:1.1.2.1.2.2
U8412,336,FUSE2,389393.8,389393.8,392313.9,2920.1,2920.1,365.7,0.125235,1,p:2.1.5.1.2.2
U4346,175,FUSE0,389463.2,389463.2,392304.7,2841.5,2841.5,271.3,0.095478,1,p:1.1.4.1.2.2
U4347,175,FUSE0,389498.0,389498.0,392329.7,2831.7,2831.7,271.3,0.095808,1,p:2.1.3.1.2.2
U4348,175,FUSE0,389587.4,389587.4,392309.3,2721.9,2721.9,271.3,0.099673,1,p:1.1.1.2.2.2
U4349,175,FUSE0,389612.8,389612.8,392466.3,2853.5,2853.5,271.3,0.095076,1,p:2.1.2.1.2.2
U4350,175,FUSE0,389637.4,389637.4,392557.5,2920.1,2920.1,271.3,0.092908,1,p:1.1.5.1.2.2
U4351,175,FUSE0,389706.8,389706.8,392548.3,2841.5,2841.5,271.3,0.095478,1,p:2.1.4.1.2.2
U4352,175,FUSE0,389803.6,389803.6,392573.3,2769.7,2769.7,271.3,0.097953,1,p:1.1.3.1.2.2
U4353,175,FUSE0,389893.0,389893.0,392552.9,2659.9,2659.9,271.3,0.101996,1,p:2.1.1.2.2.2
U4354,175,FUSE0,389918.4,389918.4,392709.9,2791.5,2791.5,271.3,0.097188,1,p:1.1.2.1.2.2
U4355,175,FUSE0,389943.0,389943.0,392799.3,2856.3,2856.3,271.3,0.094983,1,p:2.1.5.1.2.2
U4356,175,FUSE1,390012.4,390012.4,392853.9,2841.5,2841.5,333.3,0.117297,1,p:1.1.4.1.2.2
U4357,175,FUSE1,390109.2,390109.2,392878.9,2769.7,2769.7,333.3,0.120338,1,p:2.1.3.1.2.2
U4358,175,FUSE1,390198.6,390198.6,392858.5,2659.9,2659.9,333.3,0.125305,1,p:1.1.1.2.2.2
U4359,175,FUSE1,390224.0,390224.0,393015.5,2791.5,2791.5,333.3,0.119398,1,p:2.1.2.1.2.2
U4360,175,FUSE1,390248.6,390248.6,393104.9,2856.3,2856.3,333.3,0.116689,1,p:1.1.5.1.2.2
U4361,175,FUSE1,390318.0,390318.0,393159.5,2841.5,2841.5,333.3,0.117297,1,p:2.1.4.1.2.2
U4362,175,FUSE1,390447.2,390447.2,393184.5,2737.3,2737.3,333.3,0.121762,1,p:1.1.3.1.2.2
U4363,175,FUSE1,390536.6,390536.6,393164.1,2627.5,2627.5,333.3,0.126851,1,p:2.1.1.2.2.2
U4364,175,FUSE1,390562.0,390562.0,393321.1,2759.1,2759.1,333.3,0.1208,1,p:1.1.2.1.2.2
U4365,175,FUSE1,390586.6,390586.6,393410.5,2823.9,2823.9,333.3,0.118028,1,p:2.1.5.1.2.2
U4366,175,FUSE2,390656.0,390656.0,393497.5,2841.5,2841.5,365.7,0.1287,1,p:1.1.4.1.2.2
U4367,175,FUSE2,390785.2,390785.2,393522.5,2737.3,2737.3,365.7,0.133599,1,p:2.1.3.1.2.2
U4368,175,FUSE2,390874.6,390874.6,393502.1,2627.5,2627.5,365.7,0.139182,1,p:1.1.1.2.2.2
U4369,175,FUSE2,390899.6,390899.6,393659.1,2759.5,2759.5,365.7,0.132524,1,p:2.1.2.1.2.2
U4370,175,FUSE2,390904.2,390904.2,393748.5,2844.3,2844.3,365.7,0.128573,1,p:1.2.5.1.2.2
U4371,175,FUSE2,390924.6,390924.6,393835.5,2910.9,2910.9,365.7,0.125631,1,p:2.1.4.1.2.2
U4372,175,FUSE2,391028.8,391028.8,393860.5,2831.7,2831.7,365.7,0.129145,1,p:1.1.3.1.2.2
U4373,175,FUSE2,391118.2,391118.2,393840.1,2721.9,2721.9,365.7,0.134355,1,p:2.1.1.2.2.2
U4374,175,FUSE2,391143.2,391143.2,393997.1,2853.9,2853.9,365.7,0.12814,1,p:1.1.2.1.2.2
U4375,175,FUSE2,391147.8,391147.8,394088.3,2940.5,2940.5,365.7,0.124367,1,p:2.1.5.1.2.2
U8720,349,FUSE0,391168.2,391168.2,394079.1,2910.9,2910.9,271.3,0.093201,1,p:1.1.4.1.2.2
U8721,349,FUSE0,391272.4,391272.4,394104.1,2831.7,2831.7,271.3,0.095808,1,p:2.1.3.1.2.2
U8722,349,FUSE0,391361.8,391361.8,394083.7,2721.9,2721.9,271.3,0.099673,1,p:1.1.1.2.2.2
U8723,349,FUSE0,391448.8,391448.8,394240.7,2791.9,2791.9,271.3,0.097174,1,p:2.1.2.1.2.2
U8724,349,FUSE0,391453.4,391453.4,394331.9,2878.5,2878.5,271.3,0.09425,1,p:1.2.5.1.2.2
U8725,349,FUSE0,391473.8,391473.8,394322.7,2848.9,2848.9,271.3,0.09523,1,p:2.1.4.1.2.2
U8726,349,FUSE0,391578.0,391578.0,394347.7,2769.7,2769.7,271.3,0.097953,1,p:1.1.3.1.2.2
U8727,349,FUSE0,391667.4,391667.4,394327.3,2659.9,2659.9,271.3,0.101996,1,p:2.1.1.2.2.2
U8728,349,FUSE1,391754.4,391754.4,394546.3,2791.9,2791.9,333.3,0.119381,1,p:1.1.2.1.2.2
U8729,349,FUSE1,391759.0,391759.0,394637.5,2878.5,2878.5,333.3,0.115789,1,p:2.1.5.1.2.2
U8730,349,FUSE1,391779.4,391779.4,394628.3,2848.9,2848.9,333.3,0.116993,1,p:1.1.4.1.2.2
U8731,349,FUSE1,391916.0,391916.0,394653.3,2737.3,2737.3,333.3,0.121762,1,p:2.1.3.1.2.2
U8732,349,FUSE1,392005.4,392005.4,394632.9,2627.5,2627.5,333.3,0.126851,1,p:1.1.1.2.2.2
U8733,349,FUSE1,392092.4,392092.4,394851.9,2759.5,2759.5,333.3,0.120783,1,p:2.1.2.1.2.2
U8734,349,FUSE1,392097.0,392097.0,394941.3,2844.3,2844.3,333.3,0.117182,1,p:1.2.5.1.2.2
U8735,349,FUSE1,392117.4,392117.4,394933.9,2816.5,2816.5,333.3,0.118338,1,p:2.1.4.1.2.2
U8736,349,FUSE2,392254.0,392254.0,394991.3,2737.3,2737.3,365.7,0.133599,1,p:1.1.3.1.2.2
U8737,349,FUSE2,392336.0,392336.0,394966.7,2630.7,2630.7,365.7,0.139012,1,p:2.1.1.2.2.2
U8738,349,FUSE2,392340.6,392340.6,395189.9,2849.3,2849.3,365.7,0.128347,1,p:1.2.2.1.2.2
U8739,349,FUSE2,392345.2,392345.2,395271.9,2926.7,2926.7,365.7,0.124953,1,p:2.1.4.1.2.2
U8740,349,FUSE2,392361.0,392361.0,395279.3,2918.3,2918.3,365.7,0.125313,1,p:1.1.5.1.2.2
U8741,349,FUSE2,392497.6,392497.6,395329.3,2831.7,2831.7,365.7,0.129145,1,p:2.1.3.1.2.2
U8742,349,FUSE2,392579.6,392579.6,395304.7,2725.1,2725.1,365.7,0.134197,1,p:1.1.1.2.2.2
U8743,349,FUSE2,392584.2,392584.2,395527.9,2943.7,2943.7,365.7,0.124231,1,p:2.1.2.1.2.2
U8744,349,FUSE2,392588.8,392588.8,395617.3,3028.5,3028.5,365.7,0.120753,1,p:1.2.5.1.2.2
U3812,154,FUSE0,392604.6,392604.6,395515.5,2910.9,2910.9,271.3,0.093201,1,p:2.1.4.1.2.2
U3813,154,FUSE0,392741.2,392741.2,395572.9,2831.7,2831.7,271.3,0.095808,1,p:1.1.3.1.2.2
U3814,154,FUSE0,392830.6,392830.6,395548.3,2717.7,2717.7,271.3,0.099827,1,p:2.1.1.2.2.2
U3815,154,FUSE0,392885.2,392885.2,395759.1,2873.9,2873.9,271.3,0.094401,1,p:1.1.4.1.2.2
U3816,154,FUSE0,392889.8,392889.8,395771.5,2881.7,2881.7,271.3,0.094146,1,p:2.1.2.1.2.2
U3817,154,FUSE0,392910.2,392910.2,395816.5,2906.3,2906.3,271.3,0.093349,1,p:1.1.3.1.2.2
U3818,154,FUSE0,393046.8,393046.8,395860.9,2814.1,2814.1,271.3,0.096407,1,p:2.1.5.1.2.2
U3819,154,FUSE0,393136.2,393136.2,395791.9,2655.7,2655.7,271.3,0.102158,1,p:1.1.1.2.2.2
U3820,154,FUSE0,393190.8,393190.8,396002.7,2811.9,2811.9,271.3,0.096483,1,p:2.1.4.1.2.2
U3821,154,FUSE1,393195.4,393195.4,396077.1,2881.7,2881.7,333.3,0.115661,1,p:1.2.2.1.2.2
U3822,154,FUSE1,393215.8,393215.8,396122.1,2906.3,2906.3,333.3,0.114682,1,p:2.1.3.1.2.2
U3823,154,FUSE1,393352.4,393352.4,396166.5,2814.1,2814.1,333.3,0.118439,1,p:1.1.5.1.2.2
U3824,154,FUSE1,393441.8,393441.8,396097.5,2655.7,2655.7,333.3,0.125504,1,p:2.1.1.2.2.2
U3825,154,FUSE1,393528.8,393528.8,396308.3,2779.5,2779.5,333.3,0.119914,1,p:1.1.4.1.2.2
U3826,154,FUSE1,393533.4,393533.4,396382.7,2849.3,2849.3,333.3,0.116976,1,p:2.1.2.1.2.2
U3827,154,FUSE1,393553.8,393553.8,396427.7,2873.9,2873.9,333.3,0.115975,1,p:1.1.3.1.2.2
U3828,154,FUSE1,393690.4,393690.4,396472.1,2781.7,2781.7,333.3,0.119819,1,p:2.1.5.1.2.2
U3829,154,FUSE1,393779.8,393779.8,396403.1,2623.3,2623.3,333.3,0.127054,1,p:1.1.1.2.2.2
U3830,154,FUSE2,393866.8,393866.8,396646.3,2779.5,2779.5,365.7,0.13157,1,p:2.1.4.1.2.2
U3831,154,FUSE2,393871.4,393871.4,396720.7,2849.3,2849.3,365.7,0.128347,1,p:1.2.2.1.2.2
U3832,154,FUSE2,393891.8,393891.8,396765.7,2873.9,2873.9,365.7,0.127249,1,p:2.1.3.1.2.2
U3833,154,FUSE2,394028.4,394028.4,396810.1,2781.7,2781.7,365.7,0.131466,1,p:1.1.5.1.2.2
U3834,154,FUSE2,394110.4,394110.4,396741.1,2630.7,2630.7,365.7,0.139012,1,p:2.1.1.2.2.2
U3835,154,FUSE2,394115.0,394115.0,396984.3,2869.3,2869.3,365.7,0.127453,1,p:1.2.4.1.2.2
U3836,154,FUSE2,394119.6,394119.6,397103.7,2984.1,2984.1,365.7,0.12255,1,p:2.1.3.1.2.2
U3837,154,FUSE2,394135.4,394135.4,397058.7,2923.3,2923.3,365.7,0.125098,1,p:1.1.2.1.2.2
U3838,154,FUSE2,394272.0,394272.0,397148.1,2876.1,2876.1,365.7,0.127151,1,p:2.1.5.1.2.2
U1709,70,FUSE0,394354.0,394354.0,396988.9,2634.9,2634.9,271.3,0.102964,1,p:1.1.1.1.2.2
U1710,70,FUSE0,394358.6,394358.6,397227.9,2869.3,2869.3,271.3,0.094553,1,p:2.1.4.1.2.2
U1711,70,FUSE0,394363.2,394363.2,397232.5,2869.3,2869.3,271.3,0.094553,1,p:1.2.1.1.2.2
U1712,70,FUSE0,394379.0,394379.0,397302.3,2923.3,2923.3,271.3,0.092806,1,p:2.1.2.1.2.2
U1713,70,FUSE0,394577.6,394577.6,397347.3,2769.7,2769.7,271.3,0.097953,1,p:1.1.3.1.2.2
U1714,70,FUSE0,394659.6,394659.6,397391.7,2732.1,2732.1,271.3,0.099301,1,p:2.1.5.1.2.2
U1715,70,FUSE0,394664.2,394664.2,397471.5,2807.3,2807.3,271.3,0.096641,1,p:1.2.4.1.2.2
U1716,70,FUSE1,394668.8,394668.8,397607.9,2939.1,2939.1,333.3,0.113402,1,p:2.1.2.1.2.2
U1717,70,FUSE1,394684.6,394684.6,397533.9,2849.3,2849.3,333.3,0.116976,1,p:1.1.1.1.2.2
U1718,70,FUSE1,394883.2,394883.2,397652.9,2769.7,2769.7,333.3,0.120338,1,p:2.1.3.1.2.2
U1719,70,FUSE1,394965.2,394965.2,397697.3,2732.1,2732.1,333.3,0.121994,1,p:1.1.5.1.2.2
U1720,70,FUSE1,394972.6,394972.6,397777.1,2804.5,2804.5,333.3,0.118845,1,p:2.1.4.1.2.2
U1721,70,FUSE1,394998.0,394998.0,397839.5,2841.5,2841.5,333.3,0.117297,1,p:1.1.1.1.2.2
U1722,70,FUSE1,395022.6,395022.6,397913.5,2890.9,2890.9,333.3,0.115293,1,p:2.1.2.1.2.2
U1723,70,FUSE1,395221.2,395221.2,397958.5,2737.3,2737.3,333.3,0.121762,1,p:1.1.3.1.2.2
U1724,70,FUSE2,395303.2,395303.2,398035.3,2732.1,2732.1,365.7,0.133853,1,p:2.1.5.1.2.2
U1725,70,FUSE2,395310.6,395310.6,398115.1,2804.5,2804.5,365.7,0.130398,1,p:1.2.4.1.2.2
U1726,70,FUSE2,395336.0,395336.0,398177.5,2841.5,2841.5,365.7,0.1287,1,p:2.1.1.1.2.2
U1727,70,FUSE2,395360.6,395360.6,398251.5,2890.9,2890.9,365.7,0.1265,1,p:1.1.2.1.2.2
U1728,70,FUSE2,395546.8,395546.8,398373.3,2826.5,2826.5,365.7,0.129383,1,p:2.1.5.1.2.2
U1729,70,FUSE2,395559.2,395559.2,398296.5,2737.3,2737.3,365.7,0.133599,1,p:1.1.3.1.2.2
U1730,70,FUSE2,395579.6,395579.6,398453.1,2873.5,2873.5,365.7,0.127266,1,p:2.1.4.1.2.2
U1731,70,FUSE2,395604.2,395604.2,398515.5,2911.3,2911.3,365.7,0.125614,1,p:1.1.1.2.2.2
U6497,261,FUSE0,395648.6,395648.6,398495.1,2846.5,2846.5,271.3,0.09531,1,p:2.1.2.1.2.2
U6498,261,FUSE0,395790.4,395790.4,398540.1,2749.7,2749.7,271.3,0.098665,1,p:1.1.3.1.2.2
U6499,261,FUSE0,395802.8,395802.8,398616.9,2814.1,2814.1,271.3,0.096407,1,p:2.1.5.1.2.2
U6500,261,FUSE0,395823.2,395823.2,398696.7,2873.5,2873.5,271.3,0.094414,1,p:1.1.4.1.2.2
U6501,261,FUSE0,395847.8,395847.8,398738.7,2890.9,2890.9,271.3,0.093846,1,p:2.1.2.1.2.2
U6502,261,FUSE0,395892.2,395892.2,398783.7,2891.5,2891.5,271.3,0.093827,1,p:1.1.3.1.2.2
U6503,261,FUSE0,396034.0,396034.0,398759.1,2725.1,2725.1,271.3,0.099556,1,p:2.1.1.2.2.2
U6504,261,FUSE0,396108.4,396108.4,398860.5,2752.1,2752.1,271.3,0.098579,1,p:1.1.5.1.2.2
U6505,261,FUSE1,396128.8,396128.8,399002.3,2873.5,2873.5,333.3,0.115991,1,p:2.1.4.1.2.2
U6506,261,FUSE1,396153.4,396153.4,399044.3,2890.9,2890.9,333.3,0.115293,1,p:1.1.2.1.2.2
U6507,261,FUSE1,396197.8,396197.8,399089.3,2891.5,2891.5,333.3,0.115269,1,p:2.1.3.1.2.2
U6508,261,FUSE1,396339.6,396339.6,399064.7,2725.1,2725.1,333.3,0.122307,1,p:1.1.1.2.2.2
U6509,261,FUSE1,396414.0,396414.0,399166.1,2752.1,2752.1,333.3,0.121108,1,p:2.1.5.1.2.2
U6510,261,FUSE1,396434.4,396434.4,399307.9,2873.5,2873.5,333.3,0.115991,1,p:1.1.4.1.2.2
U6511,261,FUSE1,396459.0,396459.0,399349.9,2890.9,2890.9,333.3,0.115293,1,p:2.1.2.1.2.2
U6512,261,FUSE1,396503.4,396503.4,399394.9,2891.5,2891.5,333.3,0.115269,1,p:1.1.3.1.2.2
U6513,261,FUSE2,396677.6,396677.6,399402.7,2725.1,2725.1,365.7,0.134197,1,p:2.1.1.1.2.2
U6514,261,FUSE2,396752.0,396752.0,399504.1,2752.1,2752.1,365.7,0.13288,1,p:1.1.5.1.2.2
U6515,261,FUSE2,396772.4,396772.4,399645.9,2873.5,2873.5,365.7,0.127266,1,p:2.1.4.1.2.2
U6516,261,FUSE2,396797.0,396797.0,399687.9,2890.9,2890.9,365.7,0.1265,1,p:1.1.2.1.2.2
U6517,261,FUSE2,396841.4,396841.4,399732.9,2891.5,2891.5,365.7,0.126474,1,p:2.1.3.1.2.2
U6518,261,FUSE2,397015.6,397015.6,399740.7,2725.1,2725.1,365.7,0.134197,1,p:1.1.1.1.2.2
U6519,261,FUSE2,397020.2,397020.2,399842.1,2821.9,2821.9,365.7,0.129594,1,p:2.1.5.1.2.2
U6520,261,FUSE2,397090.0,397090.0,399983.9,2893.9,2893.9,365.7,0.126369,1,p:1.1.4.1.2.2
U5709,229,FUSE0,397135.0,397135.0,399931.5,2796.5,2796.5,271.3,0.097014,1,p:2.1.2.1.2.2
U5710,229,FUSE0,397179.4,397179.4,399976.5,2797.1,2797.1,271.3,0.096993,1,p:1.1.3.1.2.2
U5711,229,FUSE0,397259.2,397259.2,399988.5,2729.3,2729.3,271.3,0.099403,1,p:2.1.1.1.2.2
U5712,229,FUSE0,397263.8,397263.8,400085.7,2821.9,2821.9,271.3,0.096141,1,p:1.2.5.1.2.2
U5713,229,FUSE0,397333.6,397333.6,400175.1,2841.5,2841.5,271.3,0.095478,1,p:2.1.2.1.2.2
U5714,229,FUSE0,397378.6,397378.6,400227.5,2848.9,2848.9,271.3,0.09523,1,p:1.1.4.1.2.2
U5715,229,FUSE0,397423.0,397423.0,400220.1,2797.1,2797.1,271.3,0.096993,1,p:2.1.3.1.2.2
U5716,229,FUSE0,397502.8,397502.8,400232.1,2729.3,2729.3,271.3,0.099403,1,p:1.1.1.1.2.2
U5717,229,FUSE0,397565.2,397565.2,400329.3,2764.1,2764.1,271.3,0.098151,1,p:2.1.5.1.2.2
U5718,229,FUSE1,397639.2,397639.2,400480.7,2841.5,2841.5,333.3,0.117297,1,p:1.1.2.1.2.2
U5719,229,FUSE1,397684.2,397684.2,400533.1,2848.9,2848.9,333.3,0.116993,1,p:2.1.4.1.2.2
U5720,229,FUSE1,397728.6,397728.6,400525.7,2797.1,2797.1,333.3,0.119159,1,p:1.1.3.1.2.2
U5721,229,FUSE1,397808.4,397808.4,400537.7,2729.3,2729.3,333.3,0.122119,1,p:2.1.1.1.2.2
U5722,229,FUSE1,397870.8,397870.8,400634.9,2764.1,2764.1,333.3,0.120582,1,p:1.1.5.1.2.2
U5723,229,FUSE1,397944.8,397944.8,400786.3,2841.5,2841.5,333.3,0.117297,1,p:2.1.2.1.2.2
U5724,229,FUSE1,397989.8,397989.8,400838.7,2848.9,2848.9,333.3,0.116993,1,p:1.1.4.1.2.2
U5725,229,FUSE1,398066.6,398066.6,400831.3,2764.7,2764.7,333.3,0.120556,1,p:2.1.3.1.2.2
U5726,229,FUSE1,398146.4,398146.4,400843.3,2696.9,2696.9,333.3,0.123586,1,p:1.1.1.1.2.2
U5727,229,FUSE2,398208.8,398208.8,400972.9,2764.1,2764.1,365.7,0.132303,1,p:2.1.5.1.2.2
U5728,229,FUSE2,398282.8,398282.8,401124.3,2841.5,2841.5,365.7,0.1287,1,p:1.1.2.1.2.2
U5729,229,FUSE2,398327.8,398327.8,401176.7,2848.9,2848.9,365.7,0.128365,1,p:2.1.4.1.2.2
U5730,229,FUSE2,398404.6,398404.6,401169.3,2764.7,2764.7,365.7,0.132275,1,p:1.1.3.1.2.2
U5731,229,FUSE2,398484.4,398484.4,401181.3,2696.9,2696.9,365.7,0.1356,1,p:2.1.1.1.2.2
U5732,229,FUSE2,398526.4,398526.4,401310.9,2784.5,2784.5,365.7,0.131334,1,p:1.1.5.1.2.2
U5733,229,FUSE2,398546.8,398546.8,401462.3,2915.5,2915.5,365.7,0.125433,1,p:2.1.2.1.2.2
U5734,229,FUSE2,398571.4,398571.4,401514.7,2943.3,2943.3,365.7,0.124248,1,p:1.1.4.1.2.2
U4092,165,FUSE0,398648.2,398648.2,401412.9,2764.7,2764.7,271.3,0.09813,1,p:2.1.3.1.2.2
U4093,165,FUSE0,398728.0,398728.0,401420.7,2692.7,2692.7,271.3,0.100754,1,p:1.1.1.1.2.2
U4094,165,FUSE0,398770.0,398770.0,401554.5,2784.5,2784.5,271.3,0.097432,1,p:2.1.5.1.2.2
U4095,165,FUSE0,398790.4,398790.4,401656.5,2866.1,2866.1,271.3,0.094658,1,p:1.1.3.1.2.2
U4096,165,FUSE0,398815.0,398815.0,401664.3,2849.3,2849.3,271.3,0.095216,1,p:2.1.1.1.2.2
U4097,165,FUSE0,398891.8,398891.8,401705.9,2814.1,2814.1,271.3,0.096407,1,p:1.1.2.1.2.2
U4098,165,FUSE0,399033.6,399033.6,401758.3,2724.7,2724.7,271.3,0.099571,1,p:2.1.4.1.2.2
U4099,165,FUSE1,399075.6,399075.6,401860.1,2784.5,2784.5,333.3,0.119698,1,p:1.1.5.1.2.2
U4100,165,FUSE1,399096.0,399096.0,401962.1,2866.1,2866.1,333.3,0.11629,1,p:2.1.3.1.2.2
U4101,165,FUSE1,399120.6,399120.6,401969.9,2849.3,2849.3,333.3,0.116976,1,p:1.1.1.1.2.2
U4102,165,FUSE1,399197.4,399197.4,402011.5,2814.1,2814.1,333.3,0.118439,1,p:2.1.2.1.2.2
U4103,165,FUSE1,399339.2,399339.2,402063.9,2724.7,2724.7,333.3,0.122325,1,p:1.1.4.1.2.2
U4104,165,FUSE1,399381.2,399381.2,402165.7,2784.5,2784.5,333.3,0.119698,1,p:2.1.5.1.2.2
U4105,165,FUSE1,399426.2,399426.2,402267.7,2841.5,2841.5,333.3,0.117297,1,p:1.1.3.1.2.2
U4106,165,FUSE2,399434.0,399434.0,402307.9,2873.9,2873.9,365.7,0.127249,1,p:2.1.1.1.2.2
U4107,165,FUSE2,399535.4,399535.4,402349.5,2814.1,2814.1,365.7,0.129953,1,p:1.1.2.1.2.2
U4108,165,FUSE2,399677.2,399677.2,402401.9,2724.7,2724.7,365.7,0.134217,1,p:2.1.4.1.2.2
U4109,165,FUSE2,399719.2,399719.2,402503.7,2784.5,2784.5,365.7,0.131334,1,p:1.1.5.1.2.2
U4110,165,FUSE2,399764.2,399764.2,402605.7,2841.5,2841.5,365.7,0.1287,1,p:2.1.3.1.2.2
U4111,165,FUSE2,399772.0,399772.0,402645.9,2873.9,2873.9,365.7,0.127249,1,p:1.2.1.1.2.2
U4112,165,FUSE2,399873.4,399873.4,402687.5,2814.1,2814.1,365.7,0.129953,1,p:2.1.2.2.2.2
U4113,165,FUSE2,399962.8,399962.8,402739.9,2777.1,2777.1,365.7,0.131684,1,p:1.1.4.1.2.2
U4047,163,FUSE0,400007.8,400007.8,402747.3,2739.5,2739.5,271.3,0.099033,1,p:2.1.5.1.2.2
U4048,163,FUSE0,400015.2,400015.2,402849.3,2834.1,2834.1,271.3,0.095727,1,p:1.2.3.1.2.2
U4049,163,FUSE0,400019.8,400019.8,402889.5,2869.7,2869.7,271.3,0.094539,1,p:2.1.1.1.2.2
U4050,163,FUSE0,400117.0,400117.0,402990.9,2873.9,2873.9,271.3,0.094401,1,p:1.1.5.1.2.2
U4051,163,FUSE0,400206.4,400206.4,402931.1,2724.7,2724.7,271.3,0.099571,1,p:2.1.2.2.2.2
U4052,163,FUSE0,400251.4,400251.4,402983.5,2732.1,2732.1,271.3,0.099301,1,p:1.1.4.1.2.2
U4053,163,FUSE0,400258.8,400258.8,403092.9,2834.1,2834.1,271.3,0.095727,1,p:2.1.3.1.2.2
U4054,163,FUSE0,400263.4,400263.4,403133.1,2869.7,2869.7,271.3,0.094539,1,p:1.2.1.1.2.2
U4055,163,FUSE1,400360.6,400360.6,403296.5,2935.9,2935.9,333.3,0.113526,1,p:2.1.5.1.2.2
U4056,163,FUSE1,400512.0,400512.0,403236.7,2724.7,2724.7,333.3,0.122325,1,p:1.1.2.2.2.2
U4057,163,FUSE1,400557.0,400557.0,403289.1,2732.1,2732.1,333.3,0.121994,1,p:2.1.4.1.2.2
U4058,163,FUSE1,400564.4,400564.4,403398.5,2834.1,2834.1,333.3,0.117603,1,p:1.2.3.1.2.2
U4059,163,FUSE1,400569.0,400569.0,403438.7,2869.7,2869.7,333.3,0.116145,1,p:2.1.1.1.2.2
U4060,163,FUSE1,400666.2,400666.2,403602.1,2935.9,2935.9,333.3,0.113526,1,p:1.1.5.1.2.2
U4061,163,FUSE1,400817.6,400817.6,403542.3,2724.7,2724.7,333.3,0.122325,1,p:2.1.2.2.2.2
U4062,163,FUSE2,400862.6,400862.6,403627.1,2764.5,2764.5,365.7,0.132284,1,p:1.1.4.1.2.2
U4063,163,FUSE2,400870.0,400870.0,403736.5,2866.5,2866.5,365.7,0.127577,1,p:2.1.3.1.2.2
U4064,163,FUSE2,400874.6,400874.6,403776.7,2902.1,2902.1,365.7,0.126012,1,p:1.2.1.1.2.2
U4065,163,FUSE2,401004.2,401004.2,403940.1,2935.9,2935.9,365.7,0.124561,1,p:2.1.5.1.2.2
U4066,163,FUSE2,401155.6,401155.6,403880.3,2724.7,2724.7,365.7,0.134217,1,p:1.1.2.2.2.2
U4067,163,FUSE2,401200.6,401200.6,403965.1,2764.5,2764.5,365.7,0.132284,1,p:2.1.4.1.2.2
U4068,163,FUSE2,401208.0,401208.0,404074.5,2866.5,2866.5,365.7,0.127577,1,p:1.2.3.1.2.2
U4069,163,FUSE2,401212.6,401212.6,404114.7,2902.1,2902.1,365.7,0.126012,1,p:2.1.1.2.2.2
U3999,161,FUSE0,401342.2,401342.2,404183.7,2841.5,2841.5,271.3,0.095478,1,p:1.1.5.1.2.2
U4000,161,FUSE0,401444.2,401444.2,404123.9,2679.7,2679.7,271.3,0.101243,1,p:2.1.2.2.2.2
U4001,161,FUSE0,401452.0,401452.0,404208.7,2756.7,2756.7,271.3,0.098415,1,p:1.2.4.1.2.2
U4002,161,FUSE0,401493.6,401493.6,404318.1,2824.5,2824.5,271.3,0.096052,1,p:2.1.3.1.2.2
U4003,161,FUSE0,401546.0,401546.0,404427.3,2881.3,2881.3,271.3,0.094159,1,p:1.1.5.1.2.2
U4004,161,FUSE0,401585.8,401585.8,404367.5,2781.7,2781.7,271.3,0.09753,1,p:2.1.2.2.2.2
U4005,161,FUSE0,401687.8,401687.8,404358.3,2670.5,2670.5,271.3,0.101591,1,p:1.1.1.2.2.2
U4006,161,FUSE0,401695.6,401695.6,404452.3,2756.7,2756.7,271.3,0.098415,1,p:2.1.4.1.2.2
U4007,161,FUSE0,401737.2,401737.2,404561.7,2824.5,2824.5,271.3,0.096052,1,p:1.1.3.1.2.2
U4008,161,FUSE1,401789.6,401789.6,404732.9,2943.3,2943.3,333.3,0.11324,1,p:2.1.5.1.2.2
U4009,161,FUSE1,401891.4,401891.4,404673.1,2781.7,2781.7,333.3,0.119819,1,p:1.1.2.2.2.2
U4010,161,FUSE1,401993.4,401993.4,404663.9,2670.5,2670.5,333.3,0.124808,1,p:2.1.1.2.2.2
U4011,161,FUSE1,402001.2,402001.2,404757.9,2756.7,2756.7,333.3,0.120905,1,p:1.2.4.1.2.2
U4012,161,FUSE1,402042.8,402042.8,404867.3,2824.5,2824.5,333.3,0.118003,1,p:2.1.3.1.2.2
U4013,161,FUSE1,402095.2,402095.2,405038.5,2943.3,2943.3,333.3,0.11324,1,p:1.1.5.1.2.2
U4014,161,FUSE1,402197.0,402197.0,404978.7,2781.7,2781.7,333.3,0.119819,1,p:2.1.2.2.2.2
U4015,161,FUSE1,402299.0,402299.0,404969.5,2670.5,2670.5,333.3,0.124808,1,p:1.1.1.2.2.2
U4016,161,FUSE1,402339.2,402339.2,405063.5,2724.3,2724.3,333.3,0.122343,1,p:2.1.4.1.2.2
U4017,161,FUSE2,402380.8,402380.8,405205.3,2824.5,2824.5,365.7,0.129474,1,p:1.1.3.1.2.2
U4018,161,FUSE2,402433.2,402433.2,405376.5,2943.3,2943.3,365.7,0.124248,1,p:2.1.5.1.2.2
U4019,161,FUSE2,402535.0,402535.0,405316.7,2781.7,2781.7,365.7,0.131466,1,p:1.1.2.2.2.2
U4020,161,FUSE2,402637.0,402637.0,405307.5,2670.5,2670.5,365.7,0.136941,1,p:2.1.1.2.2.2
U4021,161,FUSE2,402677.2,402677.2,405401.5,2724.3,2724.3,365.7,0.134236,1,p:1.1.4.1.2.2
U4022,161,FUSE2,402718.8,402718.8,405543.3,2824.5,2824.5,365.7,0.129474,1,p:2.1.3.1.2.2
U4023,161,FUSE2,402771.2,402771.2,405714.5,2943.3,2943.3,365.7,0.124248,1,p:1.1.5.1.2.2
U4024,161,FUSE2,402778.6,402778.6,405654.7,2876.1,2876.1,365.7,0.127151,1,p:2.1.2.2.2.2
U4025,161,FUSE2,402880.6,402880.6,405649.7,2769.1,2769.1,365.7,0.132065,1,p:1.1.1.2.2.2
U1209,50,FUSE0,402920.8,402920.8,405645.1,2724.3,2724.3,271.3,0.099585,1,p:2.1.4.1.2.2
U1210,50,FUSE0,402962.4,402962.4,405786.9,2824.5,2824.5,271.3,0.096052,1,p:1.1.3.1.2.2
U1211,50,FUSE0,403014.8,403014.8,405888.7,2873.9,2873.9,271.3,0.094401,1,p:2.1.4.1.2.2
U1212,50,FUSE0,403022.2,403022.2,405958.1,2935.9,2935.9,271.3,0.092408,1,p:1.2.5.1.2.2
U1213,50,FUSE0,403124.2,403124.2,405898.3,2774.1,2774.1,271.3,0.097797,1,p:2.1.2.2.2.2
U1214,50,FUSE0,403164.4,403164.4,405893.3,2728.9,2728.9,271.3,0.099417,1,p:1.1.1.2.2.2
U1215,50,FUSE0,403268.0,403268.0,406030.5,2762.5,2762.5,271.3,0.098208,1,p:2.1.3.1.2.2
U1216,50,FUSE0,403320.4,403320.4,406132.3,2811.9,2811.9,271.3,0.096483,1,p:1.1.4.1.2.2
U1217,50,FUSE1,403327.8,403327.8,406263.7,2935.9,2935.9,333.3,0.113526,1,p:2.1.5.1.2.2
U1218,50,FUSE1,403429.8,403429.8,406203.9,2774.1,2774.1,333.3,0.120147,1,p:1.1.2.2.2.2
U1219,50,FUSE1,403470.0,403470.0,406194.7,2724.7,2724.7,333.3,0.122325,1,p:2.1.1.2.2.2
U1220,50,FUSE1,403573.6,403573.6,406336.1,2762.5,2762.5,333.3,0.120652,1,p:1.1.3.1.2.2
U1221,50,FUSE1,403633.4,403633.4,406437.9,2804.5,2804.5,333.3,0.118845,1,p:2.1.4.1.2.2
U1222,50,FUSE1,403658.4,403658.4,406569.3,2910.9,2910.9,333.3,0.114501,1,p:1.1.5.1.2.2
U1223,50,FUSE1,403767.8,403767.8,406509.5,2741.7,2741.7,333.3,0.121567,1,p:2.1.2.2.2.2
U1224,50,FUSE1,403808.0,403808.0,406500.3,2692.3,2692.3,333.3,0.123797,1,p:1.1.1.2.2.2
U1225,50,FUSE2,403911.6,403911.6,406674.1,2762.5,2762.5,365.7,0.13238,1,p:2.1.3.1.2.2
U1226,50,FUSE2,403971.4,403971.4,406775.9,2804.5,2804.5,365.7,0.130398,1,p:1.1.4.1.2.2
U1227,50,FUSE2,403996.4,403996.4,406907.3,2910.9,2910.9,365.7,0.125631,1,p:2.1.5.1.2.2
U1228,50,FUSE2,404105.8,404105.8,406847.5,2741.7,2741.7,365.7,0.133384,1,p:1.1.2.2.2.2
U1229,50,FUSE2,404146.0,404146.0,406838.3,2692.3,2692.3,365.7,0.135832,1,p:2.1.1.2.2.2
U1230,50,FUSE2,404155.2,404155.2,407012.1,2856.9,2856.9,365.7,0.128006,1,p:1.2.3.1.2.2
U1231,50,FUSE2,404215.0,404215.0,407113.9,2898.9,2898.9,365.7,0.126151,1,p:2.1.4.1.2.2
U1232,50,FUSE2,404240.0,404240.0,407245.3,3005.3,3005.3,365.7,0.121685,1,p:1.1.5.1.2.2
U1233,50,FUSE2,404349.4,404349.4,407185.5,2836.1,2836.1,365.7,0.128945,1,p:2.1.2.2.2.2
U376,16,FUSE0,404389.6,404389.6,407081.9,2692.3,2692.3,271.3,0.100769,1,p:1.1.1.2.2.2
U377,16,FUSE0,404398.8,404398.8,407255.7,2856.9,2856.9,271.3,0.094963,1,p:2.1.3.1.2.2
U378,16,FUSE0,404458.6,404458.6,407357.5,2898.9,2898.9,271.3,0.093587,1,p:1.1.4.1.2.2
U379,16,FUSE0,404483.6,404483.6,407325.5,2841.9,2841.9,271.3,0.095464,1,p:2.1.1.2.2.2
U380,16,FUSE0,404593.0,404593.0,407488.9,2895.9,2895.9,271.3,0.093684,1,p:1.1.5.1.2.2
U381,16,FUSE0,404695.2,404695.2,407429.1,2733.9,2733.9,271.3,0.099236,1,p:2.1.2.2.2.2
U382,16,FUSE0,404704.4,404704.4,407499.3,2794.9,2794.9,271.3,0.09707,1,p:1.2.3.1.2.2
U383,16,FUSE0,404764.2,404764.2,407601.1,2836.9,2836.9,271.3,0.095633,1,p:2.1.4.1.2.2
U384,16,FUSE1,404789.2,404789.2,407631.1,2841.9,2841.9,333.3,0.117281,1,p:1.1.1.1.2.2
U385,16,FUSE1,404898.6,404898.6,407794.5,2895.9,2895.9,333.3,0.115094,1,p:2.1.5.1.2.2
U386,16,FUSE1,405000.8,405000.8,407734.7,2733.9,2733.9,333.3,0.121914,1,p:1.1.2.2.2.2
U387,16,FUSE1,405010.0,405010.0,407804.9,2794.9,2794.9,333.3,0.119253,1,p:2.1.3.1.2.2
U388,16,FUSE1,405069.8,405069.8,407906.7,2836.9,2836.9,333.3,0.117487,1,p:1.1.4.1.2.2
U389,16,FUSE1,405094.8,405094.8,407936.7,2841.9,2841.9,333.3,0.117281,1,p:2.1.1.1.2.2
U390,16,FUSE1,405236.6,405236.6,408100.1,2863.5,2863.5,333.3,0.116396,1,p:1.1.5.1.2.2
U391,16,FUSE2,405338.8,405338.8,408072.7,2733.9,2733.9,365.7,0.133765,1,p:2.1.2.2.2.2
U392,16,FUSE2,405348.0,405348.0,408142.9,2794.9,2794.9,365.7,0.130845,1,p:1.2.3.1.2.2
U393,16,FUSE2,405407.8,405407.8,408244.7,2836.9,2836.9,365.7,0.128908,1,p:2.1.4.1.2.2
U394,16,FUSE2,405432.8,405432.8,408274.7,2841.9,2841.9,365.7,0.128682,1,p:1.1.1.1.2.2
U395,16,FUSE2,405574.6,405574.6,408438.1,2863.5,2863.5,365.7,0.127711,1,p:2.1.5.1.2.2
U396,16,FUSE2,405676.4,405676.4,408410.7,2734.3,2734.3,365.7,0.133745,1,p:1.1.2.2.2.2
U397,16,FUSE2,405681.0,405681.0,408480.9,2799.9,2799.9,365.7,0.130612,1,p:2.1.3.1.2.2
U398,16,FUSE2,405686.0,405686.0,408582.7,2896.7,2896.7,365.7,0.126247,1,p:1.2.4.1.2.2
U6376,256,FUSE0,405745.8,405745.8,408518.3,2772.5,2772.5,271.3,0.097854,1,p:2.1.1.1.2.2
U6377,256,FUSE0,405818.2,405818.2,408681.7,2863.5,2863.5,271.3,0.094744,1,p:1.1.5.1.2.2
U6378,256,FUSE0,405920.0,405920.0,408654.3,2734.3,2734.3,271.3,0.099221,1,p:2.1.2.2.2.2
U6379,256,FUSE0,405924.6,405924.6,408724.5,2799.9,2799.9,271.3,0.096896,1,p:1.2.3.1.2.2
U6380,256,FUSE0,405929.6,405929.6,408761.9,2832.3,2832.3,271.3,0.095788,1,p:2.1.1.1.2.2
U6381,256,FUSE0,405989.4,405989.4,408826.3,2836.9,2836.9,271.3,0.095633,1,p:1.1.4.1.2.2
U6382,256,FUSE0,406061.8,406061.8,408925.3,2863.5,2863.5,271.3,0.094744,1,p:2.1.5.1.2.2
U6383,256,FUSE1,406163.6,406163.6,408959.9,2796.3,2796.3,333.3,0.119193,1,p:1.1.2.1.2.2
U6384,256,FUSE1,406226.0,406226.0,409030.1,2804.1,2804.1,333.3,0.118862,1,p:2.1.3.1.2.2
U6385,256,FUSE1,406235.2,406235.2,409067.5,2832.3,2832.3,333.3,0.117678,1,p:1.2.1.1.2.2
U6386,256,FUSE1,406295.0,406295.0,409131.9,2836.9,2836.9,333.3,0.117487,1,p:2.1.4.1.2.2
U6387,256,FUSE1,406367.4,406367.4,409230.9,2863.5,2863.5,333.3,0.116396,1,p:1.1.5.1.2.2
U6388,256,FUSE1,406469.2,406469.2,409265.5,2796.3,2796.3,333.3,0.119193,1,p:2.1.2.1.2.2
U6389,256,FUSE1,406531.6,406531.6,409335.7,2804.1,2804.1,333.3,0.118862,1,p:1.1.3.1.2.2
U6390,256,FUSE2,406540.8,406540.8,409405.5,2864.7,2864.7,365.7,0.127657,1,p:2.1.1.1.2.2
U6391,256,FUSE2,406600.6,406600.6,409469.9,2869.3,2869.3,365.7,0.127453,1,p:1.1.4.1.2.2
U6392,256,FUSE2,406705.4,406705.4,409568.9,2863.5,2863.5,365.7,0.127711,1,p:2.1.5.1.2.2
U6393,256,FUSE2,406807.2,406807.2,409603.5,2796.3,2796.3,365.7,0.13078,1,p:1.1.2.1.2.2
U6394,256,FUSE2,406869.6,406869.6,409673.7,2804.1,2804.1,365.7,0.130416,1,p:2.1.3.1.2.2
U6395,256,FUSE2,406878.8,406878.8,409743.5,2864.7,2864.7,365.7,0.127657,1,p:1.2.1.2.2.2
U6396,256,FUSE2,406938.6,406938.6,409807.9,2869.3,2869.3,365.7,0.127453,1,p:2.1.4.1.2.2
U4259,172,FUSE0,407043.4,407043.4,409812.5,2769.1,2769.1,271.3,0.097974,1,p:1.1.5.1.2.2
U4260,172,FUSE0,407113.2,407113.2,409847.1,2733.9,2733.9,271.3,0.099236,1,p:2.1.2.1.2.2
U4261,172,FUSE0,407145.2,407145.2,409917.3,2772.1,2772.1,271.3,0.097868,1,p:1.1.3.1.2.2
U4262,172,FUSE0,407216.8,407216.8,410056.1,2839.3,2839.3,271.3,0.095552,1,p:2.1.5.1.2.2
U4263,172,FUSE0,407276.6,407276.6,409987.1,2710.5,2710.5,271.3,0.100092,1,p:1.1.1.2.2.2
U4264,172,FUSE0,407287.0,407287.0,410051.5,2764.5,2764.5,271.3,0.098137,1,p:2.1.4.1.2.2
U4265,172,FUSE0,407356.8,407356.8,410090.7,2733.9,2733.9,271.3,0.099236,1,p:1.1.2.1.2.2
U4266,172,FUSE0,407388.8,407388.8,410160.9,2772.1,2772.1,271.3,0.097868,1,p:2.1.3.1.2.2
U4267,172,FUSE0,407460.4,407460.4,410299.7,2839.3,2839.3,271.3,0.095552,1,p:1.1.5.1.2.2
U4268,172,FUSE0,407520.2,407520.2,410230.7,2710.5,2710.5,271.3,0.100092,1,p:2.1.1.2.2.2
U4269,172,FUSE1,407530.6,407530.6,410357.1,2826.5,2826.5,333.3,0.11792,1,p:1.2.4.1.2.2
U4270,172,FUSE1,407632.4,407632.4,410396.3,2763.9,2763.9,333.3,0.12059,1,p:2.1.2.1.2.2
U4271,172,FUSE1,407662.4,407662.4,410466.5,2804.1,2804.1,333.3,0.118862,1,p:1.1.3.1.2.2
U4272,172,FUSE1,407766.0,407766.0,410605.3,2839.3,2839.3,333.3,0.117388,1,p:2.1.5.1.2.2
U4273,172,FUSE1,407825.8,407825.8,410536.3,2710.5,2710.5,333.3,0.122966,1,p:1.1.1.2.2.2
U4274,172,FUSE1,407836.2,407836.2,410662.7,2826.5,2826.5,333.3,0.11792,1,p:2.1.4.1.2.2
U4275,172,FUSE1,407938.0,407938.0,410701.9,2763.9,2763.9,333.3,0.12059,1,p:1.1.2.1.2.2
U4276,172,FUSE1,407968.0,407968.0,410772.1,2804.1,2804.1,333.3,0.118862,1,p:2.1.3.1.2.2
U4277,172,FUSE1,408104.0,408104.0,410910.9,2806.9,2806.9,333.3,0.118743,1,p:1.1.5.1.2.2
U4278,172,FUSE1,408131.4,408131.4,410841.9,2710.5,2710.5,333.3,0.122966,1,p:2.1.1.2.2.2
U4279,172,FUSE2,408174.2,408174.2,411000.7,2826.5,2826.5,365.7,0.129383,1,p:1.1.4.1.2.2
U4280,172,FUSE2,408276.0,408276.0,411039.9,2763.9,2763.9,365.7,0.132313,1,p:2.1.2.1.2.2
U4281,172,FUSE2,408306.0,408306.0,411110.1,2804.1,2804.1,365.7,0.130416,1,p:1.1.3.1.2.2
U4282,172,FUSE2,408442.0,408442.0,411248.9,2806.9,2806.9,365.7,0.130286,1,p:2.1.5.1.2.2
U4283,172,FUSE2,408469.4,408469.4,411179.9,2710.5,2710.5,365.7,0.13492,1,p:1.1.1.2.2.2
U4284,172,FUSE2,408512.2,408512.2,411338.7,2826.5,2826.5,365.7,0.129383,1,p:2.1.4.1.2.2
U4285,172,FUSE2,408549.6,408549.6,411377.9,2828.3,2828.3,365.7,0.1293,1,p:1.1.2.1.2.2
U4286,172,FUSE2,408614.0,408614.0,411448.1,2834.1,2834.1,365.7,0.129036,1,p:2.1.3.1.2.2
U4287,172,FUSE2,408685.6,408685.6,411586.9,2901.3,2901.3,365.7,0.126047,1,p:1.1.5.1.2.2
U4288,172,FUSE2,408713.0,408713.0,411517.9,2804.9,2804.9,365.7,0.130379,1,p:2.1.1.2.2.2
U4289,172,FUSE2,408755.8,408755.8,411676.7,2920.9,2920.9,365.7,0.125201,1,p:1.1.4.1.2.2
U7868,315,FUSE0,408793.2,408793.2,411621.5,2828.3,2828.3,271.3,0.095923,1,p:2.1.2.1.2.2
U7869,315,FUSE0,408857.6,408857.6,411691.7,2834.1,2834.1,271.3,0.095727,1,p:1.1.3.1.2.2
U7870,315,FUSE0,408956.6,408956.6,411830.5,2873.9,2873.9,271.3,0.094401,1,p:2.1.5.1.2.2
U7871,315,FUSE0,408991.2,408991.2,411761.5,2770.3,2770.3,271.3,0.097932,1,p:1.1.1.2.2.2
U7872,315,FUSE0,409061.4,409061.4,411865.1,2803.7,2803.7,271.3,0.096765,1,p:2.1.2.1.2.2
U7873,315,FUSE0,409098.8,409098.8,411920.3,2821.5,2821.5,271.3,0.096155,1,p:1.1.4.1.2.2
U7874,315,FUSE0,409163.2,409163.2,411935.3,2772.1,2772.1,271.3,0.097868,1,p:2.1.3.1.2.2
U7875,315,FUSE0,409262.2,409262.2,412074.1,2811.9,2811.9,271.3,0.096483,1,p:1.1.5.1.2.2
U7876,315,FUSE1,409296.8,409296.8,412067.1,2770.3,2770.3,333.3,0.120312,1,p:2.1.1.1.2.2
U7877,315,FUSE1,409367.0,409367.0,412170.7,2803.7,2803.7,333.3,0.118879,1,p:1.1.2.1.2.2
U7878,315,FUSE1,409436.8,409436.8,412225.9,2789.1,2789.1,333.3,0.119501,1,p:2.1.4.1.2.2
U7879,315,FUSE1,409501.2,409501.2,412240.9,2739.7,2739.7,333.3,0.121656,1,p:1.1.3.1.2.2
U7880,315,FUSE1,409600.2,409600.2,412379.7,2779.5,2779.5,333.3,0.119914,1,p:2.1.5.1.2.2
U7881,315,FUSE1,409634.8,409634.8,412372.7,2737.9,2737.9,333.3,0.121736,1,p:1.1.1.1.2.2
U7882,315,FUSE1,409705.0,409705.0,412476.3,2771.3,2771.3,333.3,0.120268,1,p:2.1.2.1.2.2
U7883,315,FUSE1,409774.8,409774.8,412531.5,2756.7,2756.7,333.3,0.120905,1,p:1.1.4.1.2.2
U7884,315,FUSE2,409839.2,409839.2,412578.9,2739.7,2739.7,365.7,0.133482,1,p:2.1.3.1.2.2
U7885,315,FUSE2,409843.8,409843.8,412717.7,2873.9,2873.9,365.7,0.127249,1,p:1.2.5.1.2.2
U7886,315,FUSE2,409878.4,409878.4,412710.7,2832.3,2832.3,365.7,0.129118,1,p:2.1.1.1.2.2
U7887,315,FUSE2,409948.6,409948.6,412814.3,2865.7,2865.7,365.7,0.127613,1,p:1.1.2.1.2.2
U7888,315,FUSE2,410018.4,410018.4,412869.5,2851.1,2851.1,365.7,0.128266,1,p:2.1.4.1.2.2
U7889,315,FUSE2,410082.8,410082.8,412916.9,2834.1,2834.1,365.7,0.129036,1,p:1.1.3.1.2.2
U7890,315,FUSE2,410087.4,410087.4,413055.7,2968.3,2968.3,365.7,0.123202,1,p:2.1.5.1.2.2
U7891,315,FUSE2,410122.0,410122.0,413048.7,2926.7,2926.7,365.7,0.124953,1,p:1.1.1.1.2.2
U4855,195,FUSE0,410192.2,410192.2,413060.3,2868.1,2868.1,271.3,0.094592,1,p:2.1.2.1.2.2
U4856,195,FUSE0,410262.0,410262.0,413113.1,2851.1,2851.1,271.3,0.095156,1,p:1.1.4.1.2.2
U4857,195,FUSE0,410331.0,410331.0,413160.5,2829.5,2829.5,271.3,0.095883,1,p:2.1.3.1.2.2
U4858,195,FUSE0,410388.4,410388.4,413299.3,2910.9,2910.9,271.3,0.093201,1,p:1.1.5.1.2.2
U4859,195,FUSE0,410427.6,410427.6,413303.9,2876.3,2876.3,271.3,0.094323,1,p:2.1.2.1.2.2
U4860,195,FUSE0,410497.8,410497.8,413292.3,2794.5,2794.5,271.3,0.097084,1,p:1.1.1.1.2.2
U4861,195,FUSE0,410567.6,410567.6,413356.7,2789.1,2789.1,271.3,0.097272,1,p:2.1.4.1.2.2
U4862,195,FUSE0,410636.6,410636.6,413404.1,2767.5,2767.5,271.3,0.098031,1,p:1.1.3.1.2.2
U4863,195,FUSE0,410694.0,410694.0,413542.9,2848.9,2848.9,271.3,0.09523,1,p:2.1.5.1.2.2
U4864,195,FUSE1,410733.2,410733.2,413607.1,2873.9,2873.9,333.3,0.115975,1,p:1.1.2.1.2.2
U4865,195,FUSE1,410803.4,410803.4,413597.9,2794.5,2794.5,333.3,0.11927,1,p:2.1.1.1.2.2
U4866,195,FUSE1,410873.2,410873.2,413662.3,2789.1,2789.1,333.3,0.119501,1,p:1.1.4.1.2.2
U4867,195,FUSE1,410942.2,410942.2,413709.7,2767.5,2767.5,333.3,0.120434,1,p:2.1.3.1.2.2
U4868,195,FUSE1,411032.0,411032.0,413848.5,2816.5,2816.5,333.3,0.118338,1,p:1.1.5.1.2.2
U4869,195,FUSE1,411071.2,411071.2,413912.7,2841.5,2841.5,333.3,0.117297,1,p:2.1.2.1.2.2
U4870,195,FUSE1,411141.4,411141.4,413903.5,2762.1,2762.1,333.3,0.120669,1,p:1.1.1.1.2.2
U4871,195,FUSE1,411211.2,411211.2,413967.9,2756.7,2756.7,333.3,0.120905,1,p:2.1.4.1.2.2
U4872,195,FUSE1,411280.2,411280.2,414015.3,2735.1,2735.1,333.3,0.12186,1,p:1.1.3.1.2.2
U4873,195,FUSE2,411370.0,411370.0,414186.5,2816.5,2816.5,365.7,0.129842,1,p:2.1.5.1.2.2
U4874,195,FUSE2,411409.2,411409.2,414250.7,2841.5,2841.5,365.7,0.1287,1,p:1.1.2.1.2.2
U4875,195,FUSE2,411479.4,411479.4,414241.5,2762.1,2762.1,365.7,0.132399,1,p:2.1.1.1.2.2
U4876,195,FUSE2,411549.2,411549.2,414305.9,2756.7,2756.7,365.7,0.132659,1,p:1.1.4.1.2.2
U4877,195,FUSE2,411618.2,411618.2,414353.3,2735.1,2735.1,365.7,0.133706,1,p:2.1.3.1.2.2
U4878,195,FUSE2,411652.8,411652.8,414524.5,2871.7,2871.7,365.7,0.127346,1,p:1.1.5.1.2.2
U4879,195,FUSE2,411708.0,411708.0,414619.5,2911.5,2911.5,365.7,0.125605,1,p:2.1.1.2.1.2
U4880,195,FUSE2,411723.0,411723.0,414588.7,2865.7,2865.7,365.7,0.127613,1,p:1.1.2.1.2.2
U4881,195,FUSE2,411792.8,411792.8,414643.9,2851.1,2851.1,365.7,0.128266,1,p:2.1.4.1.2.2
U1732,71,FUSE0,411861.8,411861.8,414596.9,2735.1,2735.1,271.3,0.099192,1,p:1.1.3.1.2.2
U1733,71,FUSE0,411896.4,411896.4,414768.1,2871.7,2871.7,271.3,0.094474,1,p:2.1.5.1.2.2
U1734,71,FUSE0,411951.6,411951.6,414840.5,2888.9,2888.9,271.3,0.093911,1,p:1.1.3.1.2.2
U1735,71,FUSE0,411966.6,411966.6,414832.3,2865.7,2865.7,271.3,0.094671,1,p:2.1.2.1.2.2
U1736,71,FUSE0,412098.4,412098.4,414863.1,2764.7,2764.7,271.3,0.09813,1,p:1.1.1.2.1.2
U1737,71,FUSE0,412105.4,412105.4,414887.5,2782.1,2782.1,271.3,0.097516,1,p:2.1.4.1.2.2
U1738,71,FUSE0,412202.0,412202.0,415011.7,2809.7,2809.7,271.3,0.096558,1,p:1.1.5.1.2.2
U1739,71,FUSE0,412257.2,412257.2,415075.9,2818.7,2818.7,271.3,0.09625,1,p:2.1.2.1.2.2
U1740,71,FUSE1,412272.2,412272.2,415146.1,2873.9,2873.9,333.3,0.115975,1,p:1.1.3.1.2.2
U1741,71,FUSE1,412404.0,412404.0,415128.7,2724.7,2724.7,333.3,0.122325,1,p:2.1.1.1.2.2
U1742,71,FUSE1,412411.0,412411.0,415193.1,2782.1,2782.1,333.3,0.119802,1,p:1.2.4.1.2.2
U1743,71,FUSE1,412507.6,412507.6,415317.3,2809.7,2809.7,333.3,0.118625,1,p:2.1.5.1.2.2
U1744,71,FUSE1,412562.8,412562.8,415381.5,2818.7,2818.7,333.3,0.118246,1,p:1.1.2.1.2.2
U1745,71,FUSE1,412610.2,412610.2,415451.7,2841.5,2841.5,333.3,0.117297,1,p:2.1.3.1.2.2
U1746,71,FUSE1,412742.0,412742.0,415434.3,2692.3,2692.3,333.3,0.123797,1,p:1.1.1.1.2.2
U1747,71,FUSE1,412749.0,412749.0,415498.7,2749.7,2749.7,333.3,0.121213,1,p:2.1.4.1.2.2
U1748,71,FUSE2,412845.6,412845.6,415655.3,2809.7,2809.7,365.7,0.130156,1,p:1.1.5.1.2.2
U1749,71,FUSE2,412900.8,412900.8,415719.5,2818.7,2818.7,365.7,0.129741,1,p:2.1.2.1.2.2
U1750,71,FUSE2,412948.2,412948.2,415789.7,2841.5,2841.5,365.7,0.1287,1,p:1.1.3.1.2.2
U1751,71,FUSE2,413080.0,413080.0,415772.3,2692.3,2692.3,365.7,0.135832,1,p:2.1.1.1.2.2
U1752,71,FUSE2,413087.0,413087.0,415836.7,2749.7,2749.7,365.7,0.132996,1,p:1.2.4.1.2.2
U1753,71,FUSE2,413091.6,413091.6,415993.3,2901.7,2901.7,365.7,0.12603,1,p:2.1.5.1.2.2
U1754,71,FUSE2,413144.4,413144.4,416057.5,2913.1,2913.1,365.7,0.125536,1,p:1.1.2.2.2.2
U1755,71,FUSE2,413191.8,413191.8,416127.7,2935.9,2935.9,365.7,0.124561,1,p:2.1.3.1.2.2
U1556,64,FUSE0,413323.6,413323.6,416015.9,2692.3,2692.3,271.3,0.100769,1,p:1.1.1.1.2.2
U1557,64,FUSE0,413330.6,413330.6,416080.3,2749.7,2749.7,271.3,0.098665,1,p:2.1.4.1.2.2
U1558,64,FUSE0,413335.2,413335.2,416236.9,2901.7,2901.7,271.3,0.093497,1,p:1.2.5.1.2.2
U1559,64,FUSE0,413388.0,413388.0,416259.5,2871.5,2871.5,271.3,0.09448,1,p:2.1.1.1.2.2
U1560,64,FUSE0,413435.4,413435.4,416323.9,2888.5,2888.5,271.3,0.093924,1,p:1.1.4.1.2.2
U1561,64,FUSE0,413574.2,413574.2,416301.1,2726.9,2726.9,271.3,0.09949,1,p:2.1.2.2.2.2
U1562,64,FUSE0,413629.2,413629.2,416371.3,2742.1,2742.1,271.3,0.098939,1,p:1.1.3.1.2.2
U1563,64,FUSE0,413638.4,413638.4,416480.5,2842.1,2842.1,271.3,0.095458,1,p:2.1.5.1.2.2
U1564,64,FUSE1,413693.6,413693.6,416565.1,2871.5,2871.5,333.3,0.116072,1,p:1.1.1.1.2.2
U1565,64,FUSE1,413741.0,413741.0,416629.5,2888.5,2888.5,333.3,0.115389,1,p:2.1.4.1.2.2
U1566,64,FUSE1,413879.8,413879.8,416606.7,2726.9,2726.9,333.3,0.122227,1,p:1.1.2.2.2.2
U1567,64,FUSE1,413934.8,413934.8,416676.9,2742.1,2742.1,333.3,0.121549,1,p:2.1.3.1.2.2
U1568,64,FUSE1,413944.0,413944.0,416786.1,2842.1,2842.1,333.3,0.117272,1,p:1.2.5.1.2.2
U1569,64,FUSE1,413999.2,413999.2,416870.7,2871.5,2871.5,333.3,0.116072,1,p:2.1.1.1.2.2
U1570,64,FUSE1,414046.6,414046.6,416935.1,2888.5,2888.5,333.3,0.115389,1,p:1.1.4.1.2.2
U1571,64,FUSE1,414217.8,414217.8,416912.3,2694.5,2694.5,333.3,0.123696,1,p:2.1.2.2.2.2
U1572,64,FUSE2,414272.8,414272.8,417014.9,2742.1,2742.1,365.7,0.133365,1,p:1.1.3.1.2.2
U1573,64,FUSE2,414282.0,414282.0,417124.1,2842.1,2842.1,365.7,0.128672,1,p:2.1.5.1.2.2
U1574,64,FUSE2,414337.2,414337.2,417208.7,2871.5,2871.5,365.7,0.127355,1,p:1.1.1.1.2.2
U1575,64,FUSE2,414384.6,414384.6,417273.1,2888.5,2888.5,365.7,0.126606,1,p:2.1.4.1.2.2
U1576,64,FUSE2,414555.8,414555.8,417250.3,2694.5,2694.5,365.7,0.135721,1,p:1.1.2.2.2.2
U1577,64,FUSE2,414620.0,414620.0,417352.9,2732.9,2732.9,365.7,0.133814,1,p:2.1.3.1.2.2
U1578,64,FUSE2,414628.2,414628.2,417462.1,2833.9,2833.9,365.7,0.129045,1,p:1.2.5.1.2.2
U1579,64,FUSE2,414650.8,414650.8,417546.7,2895.9,2895.9,365.7,0.126282,1,p:2.1.1.1.2.2
U1580,64,FUSE2,414675.2,414675.2,417611.1,2935.9,2935.9,365.7,0.124561,1,p:1.1.4.1.2.2
U1803,74,FUSE0,414799.4,414799.4,417493.9,2694.5,2694.5,271.3,0.100687,1,p:2.1.2.1.2.2
U1804,74,FUSE0,414863.6,414863.6,417596.5,2732.9,2732.9,271.3,0.099272,1,p:1.1.3.1.2.2
U1805,74,FUSE0,414871.8,414871.8,417705.7,2833.9,2833.9,271.3,0.095734,1,p:2.1.5.1.2.2
U1806,74,FUSE0,414894.4,414894.4,417737.5,2843.1,2843.1,271.3,0.095424,1,p:1.1.2.1.2.2
U1807,74,FUSE0,414918.8,414918.8,417790.3,2871.5,2871.5,271.3,0.09448,1,p:2.1.1.1.2.2
U1808,74,FUSE0,415043.0,415043.0,417854.7,2811.7,2811.7,271.3,0.09649,1,p:1.1.4.1.2.2
U1809,74,FUSE0,415107.2,415107.2,417840.1,2732.9,2732.9,271.3,0.099272,1,p:2.1.3.1.2.2
U1810,74,FUSE0,415160.0,415160.0,417949.3,2789.3,2789.3,271.3,0.097265,1,p:1.1.5.1.2.2
U1811,74,FUSE1,415177.4,415177.4,418043.1,2865.7,2865.7,333.3,0.116307,1,p:2.1.2.1.2.2
U1812,74,FUSE1,415224.4,415224.4,418095.9,2871.5,2871.5,333.3,0.116072,1,p:1.1.1.1.2.2
U1813,74,FUSE1,415348.6,415348.6,418160.3,2811.7,2811.7,333.3,0.11854,1,p:2.1.4.1.2.2
U1814,74,FUSE1,415412.8,415412.8,418145.7,2732.9,2732.9,333.3,0.121958,1,p:1.1.3.1.2.2
U1815,74,FUSE1,415465.6,415465.6,418348.7,2883.1,2883.1,333.3,0.115605,1,p:2.1.2.1.2.2
U1816,74,FUSE1,415483.0,415483.0,418254.9,2771.9,2771.9,333.3,0.120242,1,p:1.1.5.1.2.2
U1817,74,FUSE1,415530.0,415530.0,418401.5,2871.5,2871.5,333.3,0.116072,1,p:2.1.1.1.2.2
U1818,74,FUSE1,415686.6,415686.6,418465.9,2779.3,2779.3,333.3,0.119922,1,p:1.1.4.1.2.2
U1819,74,FUSE2,415750.8,415750.8,418483.7,2732.9,2732.9,365.7,0.133814,1,p:2.1.3.1.2.2
U1820,74,FUSE2,415803.6,415803.6,418592.9,2789.3,2789.3,365.7,0.131108,1,p:1.1.5.1.2.2
U1821,74,FUSE2,415821.0,415821.0,418686.7,2865.7,2865.7,365.7,0.127613,1,p:2.1.2.1.2.2
U1822,74,FUSE2,415868.0,415868.0,418739.5,2871.5,2871.5,365.7,0.127355,1,p:1.1.1.1.2.2
U1823,74,FUSE2,416024.6,416024.6,418803.9,2779.3,2779.3,365.7,0.13158,1,p:2.1.4.1.2.2
U1824,74,FUSE2,416047.2,416047.2,418821.7,2774.5,2774.5,365.7,0.131808,1,p:1.1.3.1.2.2
U1825,74,FUSE2,416088.8,416088.8,418930.9,2842.1,2842.1,365.7,0.128672,1,p:2.1.5.1.2.2
U1826,74,FUSE2,416111.6,416111.6,419024.7,2913.1,2913.1,365.7,0.125536,1,p:1.1.2.2.2.2
U1827,74,FUSE2,416159.0,416159.0,419077.5,2918.5,2918.5,365.7,0.125304,1,p:2.1.1.1.2.2
U2353,96,FUSE0,416268.2,416268.2,419047.5,2779.3,2779.3,271.3,0.097615,1,p:1.1.4.1.2.2
U2354,96,FUSE0,416290.8,416290.8,419065.3,2774.5,2774.5,271.3,0.097783,1,p:2.1.3.1.2.2
U2355,96,FUSE0,416332.4,416332.4,419174.5,2842.1,2842.1,271.3,0.095458,1,p:1.1.5.1.2.2
U2356,96,FUSE0,416355.2,416355.2,419291.1,2935.9,2935.9,271.3,0.092408,1,p:2.1.4.1.2.2
U2357,96,FUSE0,416402.6,416402.6,419268.3,2865.7,2865.7,271.3,0.094671,1,p:1.1.2.2.2.2
U2358,96,FUSE0,416511.8,416511.8,419308.9,2797.1,2797.1,271.3,0.096993,1,p:2.1.3.1.2.2
U2359,96,FUSE0,416596.4,416596.4,419321.1,2724.7,2724.7,271.3,0.099571,1,p:1.1.1.1.2.2
U2360,96,FUSE0,416638.0,416638.0,419418.1,2780.1,2780.1,271.3,0.097586,1,p:2.1.5.1.2.2
U2361,96,FUSE0,416660.8,416660.8,419534.7,2873.9,2873.9,271.3,0.094401,1,p:1.1.4.1.2.2
U2362,96,FUSE1,416708.2,416708.2,419573.9,2865.7,2865.7,333.3,0.116307,1,p:2.1.2.1.2.2
U2363,96,FUSE1,416817.4,416817.4,419614.5,2797.1,2797.1,333.3,0.119159,1,p:1.1.3.1.2.2
U2364,96,FUSE1,416902.0,416902.0,419626.7,2724.7,2724.7,333.3,0.122325,1,p:2.1.1.1.2.2
U2365,96,FUSE1,416943.6,416943.6,419723.7,2780.1,2780.1,333.3,0.119888,1,p:1.1.5.1.2.2
U2366,96,FUSE1,416966.4,416966.4,419840.3,2873.9,2873.9,333.3,0.115975,1,p:2.1.4.1.2.2
U2367,96,FUSE1,417046.2,417046.2,419879.5,2833.3,2833.3,333.3,0.117637,1,p:1.1.2.1.2.2
U2368,96,FUSE1,417155.4,417155.4,419920.1,2764.7,2764.7,333.3,0.120556,1,p:2.1.3.1.2.2
U2369,96,FUSE1,417240.0,417240.0,419932.3,2692.3,2692.3,333.3,0.123797,1,p:1.1.1.1.2.2
U2370,96,FUSE1,417281.6,417281.6,420029.3,2747.7,2747.7,333.3,0.121301,1,p:2.1.5.1.2.2
U2371,96,FUSE2,417304.4,417304.4,420178.3,2873.9,2873.9,365.7,0.127249,1,p:1.1.4.1.2.2
U2372,96,FUSE2,417384.2,417384.2,420217.5,2833.3,2833.3,365.7,0.129072,1,p:2.1.2.1.2.2
U2373,96,FUSE2,417493.4,417493.4,420258.1,2764.7,2764.7,365.7,0.132275,1,p:1.1.3.1.2.2
U2374,96,FUSE2,417525.2,417525.2,420270.3,2745.1,2745.1,365.7,0.133219,1,p:2.1.1.1.2.2
U2375,96,FUSE2,417578.0,417578.0,420367.3,2789.3,2789.3,365.7,0.131108,1,p:1.1.5.1.2.2
U2376,96,FUSE2,417627.8,417627.8,420555.5,2927.7,2927.7,365.7,0.12491,1,p:2.1.2.2.2.2
U2377,96,FUSE2,417642.4,417642.4,420516.3,2873.9,2873.9,365.7,0.127249,1,p:1.1.4.1.2.2
U2378,96,FUSE2,417737.0,417737.0,420596.1,2859.1,2859.1,365.7,0.127907,1,p:2.1.3.1.2.2
U2379,96,FUSE2,417768.8,417768.8,420608.3,2839.5,2839.5,365.7,0.12879,1,p:1.1.1.1.2.2
U6977,280,FUSE0,417821.6,417821.6,420612.9,2791.3,2791.3,271.3,0.097195,1,p:2.1.5.1.2.2
U6978,280,FUSE0,417871.4,417871.4,420759.9,2888.5,2888.5,271.3,0.093924,1,p:1.1.4.1.2.2
U6979,280,FUSE0,417886.0,417886.0,420856.5,2970.5,2970.5,271.3,0.091331,1,p:2.1.5.1.2.2
U6980,280,FUSE0,417980.6,417980.6,420799.1,2818.5,2818.5,271.3,0.096257,1,p:1.1.2.2.2.2
U6981,280,FUSE0,418074.4,418074.4,420839.7,2765.3,2765.3,271.3,0.098109,1,p:2.1.3.1.2.2
U6982,280,FUSE0,418127.2,418127.2,420851.9,2724.7,2724.7,271.3,0.099571,1,p:1.1.1.1.2.2
U6983,280,FUSE0,418177.0,418177.0,421098.1,2921.1,2921.1,271.3,0.092876,1,p:2.1.5.1.2.2
U6984,280,FUSE1,418191.6,418191.6,421065.5,2873.9,2873.9,333.3,0.115975,1,p:1.1.4.1.2.2
U6985,280,FUSE1,418286.2,418286.2,421104.7,2818.5,2818.5,333.3,0.118254,1,p:2.1.2.1.2.2
U6986,280,FUSE1,418380.0,418380.0,421145.3,2765.3,2765.3,333.3,0.120529,1,p:1.1.3.1.2.2
U6987,280,FUSE1,418432.8,418432.8,421157.5,2724.7,2724.7,333.3,0.122325,1,p:2.1.1.1.2.2
U6988,280,FUSE1,418497.2,418497.2,421371.1,2873.9,2873.9,333.3,0.115975,1,p:1.1.4.1.2.2
U6989,280,FUSE1,418515.0,418515.0,421403.7,2888.7,2888.7,333.3,0.115381,1,p:2.1.5.1.2.2
U6990,280,FUSE1,418624.2,418624.2,421410.3,2786.1,2786.1,333.3,0.11963,1,p:1.1.2.1.2.2
U6991,280,FUSE2,418718.0,418718.0,421483.3,2765.3,2765.3,365.7,0.132246,1,p:2.1.3.1.2.2
U6992,280,FUSE2,418770.8,418770.8,421495.5,2724.7,2724.7,365.7,0.134217,1,p:1.1.1.1.2.2
U6993,280,FUSE2,418835.2,418835.2,421741.7,2906.5,2906.5,365.7,0.125821,1,p:2.1.5.1.2.2
U6994,280,FUSE2,418853.0,418853.0,421709.1,2856.1,2856.1,365.7,0.128042,1,p:1.1.4.1.2.2
U6995,280,FUSE2,418962.2,418962.2,421748.3,2786.1,2786.1,365.7,0.131259,1,p:2.1.2.1.2.2
U6996,280,FUSE2,419056.0,419056.0,421821.3,2765.3,2765.3,365.7,0.132246,1,p:1.1.3.1.2.2
U6997,280,FUSE2,419078.8,419078.8,422047.1,2968.3,2968.3,365.7,0.123202,1,p:2.1.4.1.2.2
U6998,280,FUSE2,419096.6,419096.6,421833.5,2736.9,2736.9,365.7,0.133618,1,p:1.1.1.1.2.2
U685,29,FUSE0,419108.8,419108.8,421985.3,2876.5,2876.5,271.3,0.094316,1,p:2.1.5.1.2.2
U686,29,FUSE0,419205.8,419205.8,421991.9,2786.1,2786.1,271.3,0.097376,1,p:1.1.2.1.2.2
U687,29,FUSE0,419299.6,419299.6,422064.9,2765.3,2765.3,271.3,0.098109,1,p:2.1.3.1.2.2
U688,29,FUSE0,419322.4,419322.4,422077.1,2754.7,2754.7,271.3,0.098486,1,p:1.1.1.1.2.2
U689,29,FUSE0,419340.2,419340.2,422235.5,2895.3,2895.3,271.3,0.093704,1,p:2.1.2.1.2.2
U690,29,FUSE0,419352.4,419352.4,422228.9,2876.5,2876.5,271.3,0.094316,1,p:1.1.5.1.2.2
U691,29,FUSE0,419449.4,419449.4,422290.7,2841.3,2841.3,271.3,0.095484,1,p:2.1.4.1.2.2
U692,29,FUSE0,419566.0,419566.0,422308.5,2742.5,2742.5,271.3,0.098924,1,p:1.1.3.1.2.2
U693,29,FUSE1,419605.2,419605.2,422382.7,2777.5,2777.5,333.3,0.12,1,p:2.1.1.1.2.2
U694,29,FUSE1,419645.8,419645.8,422534.5,2888.7,2888.7,333.3,0.115381,1,p:1.1.5.1.2.2
U695,29,FUSE1,419658.0,419658.0,422541.1,2883.1,2883.1,333.3,0.115605,1,p:2.1.2.1.2.2
U696,29,FUSE1,419755.0,419755.0,422596.3,2841.3,2841.3,333.3,0.117305,1,p:1.1.4.1.2.2
U697,29,FUSE1,419871.6,419871.6,422614.1,2742.5,2742.5,333.3,0.121531,1,p:2.1.3.1.2.2
U698,29,FUSE1,419910.8,419910.8,422688.3,2777.5,2777.5,333.3,0.12,1,p:1.1.1.1.2.2
U699,29,FUSE1,419951.4,419951.4,422846.7,2895.3,2895.3,333.3,0.115118,1,p:2.1.2.1.2.2
U700,29,FUSE1,419963.6,419963.6,422840.1,2876.5,2876.5,333.3,0.11587,1,p:1.1.5.1.2.2
U701,29,FUSE2,420060.6,420060.6,422934.3,2873.7,2873.7,365.7,0.127258,1,p:2.1.4.1.2.2
U702,29,FUSE2,420209.6,420209.6,422952.1,2742.5,2742.5,365.7,0.133345,1,p:1.1.3.1.2.2
U703,29,FUSE2,420248.8,420248.8,423026.3,2777.5,2777.5,365.7,0.131665,1,p:2.1.1.1.2.2
U704,29,FUSE2,420289.4,420289.4,423178.1,2888.7,2888.7,365.7,0.126597,1,p:1.1.5.1.2.2
U705,29,FUSE2,420301.6,420301.6,423184.7,2883.1,2883.1,365.7,0.126843,1,p:2.1.2.1.2.2
U706,29,FUSE2,420398.6,420398.6,423272.3,2873.7,2873.7,365.7,0.127258,1,p:1.1.4.1.2.2
U707,29,FUSE2,420547.6,420547.6,423290.1,2742.5,2742.5,365.7,0.133345,1,p:2.1.3.1.2.2
U708,29,FUSE2,420586.8,420586.8,423364.3,2777.5,2777.5,365.7,0.131665,1,p:1.1.1.2.2.2
U2036,83,FUSE0,420627.4,420627.4,423428.3,2800.9,2800.9,271.3,0.096862,1,p:2.1.2.1.2.2
U2037,83,FUSE0,420639.6,420639.6,423421.7,2782.1,2782.1,271.3,0.097516,1,p:1.1.5.1.2.2
U2038,83,FUSE0,420644.2,420644.2,423515.9,2871.7,2871.7,271.3,0.094474,1,p:2.1.4.1.2.2
U2039,83,FUSE0,420791.2,420791.2,423533.7,2742.5,2742.5,271.3,0.098924,1,p:1.1.3.1.2.2
U2040,83,FUSE0,420830.4,420830.4,423665.3,2834.9,2834.9,271.3,0.0957,1,p:2.1.5.1.2.2
U2041,83,FUSE0,420871.0,420871.0,423607.9,2736.9,2736.9,271.3,0.099127,1,p:1.1.1.2.2.2
U2042,83,FUSE0,420883.2,420883.2,423671.9,2788.7,2788.7,271.3,0.097285,1,p:2.1.2.1.2.2
U2043,83,FUSE0,420887.8,420887.8,423759.5,2871.7,2871.7,271.3,0.094474,1,p:1.2.4.1.2.2
U2044,83,FUSE0,421096.8,421096.8,423777.3,2680.5,2680.5,271.3,0.101212,1,p:2.1.3.1.2.2
U2045,83,FUSE1,421129.4,421129.4,423970.9,2841.5,2841.5,333.3,0.117297,1,p:1.1.5.1.2.2
U2046,83,FUSE1,421136.0,421136.0,423913.5,2777.5,2777.5,333.3,0.12,1,p:2.1.1.2.2.2
U2047,83,FUSE1,421176.6,421176.6,423977.5,2800.9,2800.9,333.3,0.118997,1,p:1.1.2.1.2.2
U2048,83,FUSE1,421188.8,421188.8,424065.1,2876.3,2876.3,333.3,0.115878,1,p:2.1.4.1.2.2
U2049,83,FUSE1,421402.4,421402.4,424082.9,2680.5,2680.5,333.3,0.124342,1,p:1.1.3.1.2.2
U2050,83,FUSE1,421435.0,421435.0,424276.5,2841.5,2841.5,333.3,0.117297,1,p:2.1.5.1.2.2
U2051,83,FUSE1,421441.6,421441.6,424219.1,2777.5,2777.5,333.3,0.12,1,p:1.2.1.2.2.2
U2052,83,FUSE1,421514.6,421514.6,424370.7,2856.1,2856.1,333.3,0.116698,1,p:2.1.4.1.2.2
U2053,83,FUSE1,421526.8,421526.8,424283.1,2756.3,2756.3,333.3,0.120923,1,p:1.1.2.1.2.2
U2054,83,FUSE2,421740.4,421740.4,424420.9,2680.5,2680.5,365.7,0.13643,1,p:2.1.3.1.2.2
U2055,83,FUSE2,421773.0,421773.0,424614.5,2841.5,2841.5,365.7,0.1287,1,p:1.1.5.1.2.2
U2056,83,FUSE2,421779.6,421779.6,424557.1,2777.5,2777.5,365.7,0.131665,1,p:2.1.1.2.2.2
U2057,83,FUSE2,421852.6,421852.6,424621.1,2768.5,2768.5,365.7,0.132093,1,p:1.1.2.1.2.2
U2058,83,FUSE2,421864.8,421864.8,424708.7,2843.9,2843.9,365.7,0.128591,1,p:2.1.4.1.2.2
U2059,83,FUSE2,422016.6,422016.6,424758.9,2742.3,2742.3,365.7,0.133355,1,p:1.1.3.1.2.2
U2060,83,FUSE2,422023.2,422023.2,424952.5,2929.3,2929.3,365.7,0.124842,1,p:2.1.5.1.2.2
U2061,83,FUSE2,422078.4,422078.4,424895.1,2816.7,2816.7,365.7,0.129833,1,p:1.1.1.2.2.2
U2062,83,FUSE2,422096.2,422096.2,425046.7,2950.5,2950.5,365.7,0.123945,1,p:2.1.4.1.2.2
U2063,83,FUSE2,422108.4,422108.4,424959.1,2850.7,2850.7,365.7,0.128284,1,p:1.1.2.1.2.2
U3658,148,FUSE0,422260.2,422260.2,425002.5,2742.3,2742.3,271.3,0.098932,1,p:2.1.3.1.2.2
U3659,148,FUSE0,422266.8,422266.8,425196.1,2929.3,2929.3,271.3,0.092616,1,p:1.2.5.1.2.2
U3660,148,FUSE0,422322.0,422322.0,425202.7,2880.7,2880.7,271.3,0.094178,1,p:2.1.2.1.2.2
U3661,148,FUSE0,422339.8,422339.8,425138.7,2798.9,2798.9,271.3,0.096931,1,p:1.1.1.2.2.2
U3662,148,FUSE0,422414.0,422414.0,425246.1,2832.1,2832.1,271.3,0.095795,1,p:2.1.3.1.2.2
U3663,148,FUSE0,422565.8,422565.8,425290.3,2724.5,2724.5,271.3,0.099578,1,p:1.1.4.1.2.2
U3664,148,FUSE0,422572.4,422572.4,425439.7,2867.3,2867.3,271.3,0.094619,1,p:2.1.5.1.2.2
U3665,148,FUSE0,422627.6,422627.6,425382.3,2754.7,2754.7,271.3,0.098486,1,p:1.1.1.2.2.2
U3666,148,FUSE0,422645.4,422645.4,425446.3,2800.9,2800.9,271.3,0.096862,1,p:2.1.2.1.2.2
U3667,148,FUSE1,422719.6,422719.6,425551.7,2832.1,2832.1,333.3,0.117687,1,p:1.1.3.1.2.2
U3668,148,FUSE1,422871.4,422871.4,425595.9,2724.5,2724.5,333.3,0.122334,1,p:2.1.4.1.2.2
U3669,148,FUSE1,422878.0,422878.0,425745.3,2867.3,2867.3,333.3,0.116242,1,p:1.2.5.1.2.2
U3670,148,FUSE1,422965.6,422965.6,425751.9,2786.3,2786.3,333.3,0.119621,1,p:2.1.2.1.2.2
U3671,148,FUSE1,422983.4,422983.4,425687.9,2704.5,2704.5,333.3,0.123239,1,p:1.1.1.2.2.2
U3672,148,FUSE1,423057.6,423057.6,425857.3,2799.7,2799.7,333.3,0.119048,1,p:2.1.3.1.2.2
U3673,148,FUSE1,423209.4,423209.4,425901.5,2692.1,2692.1,333.3,0.123807,1,p:1.1.4.1.2.2
U3674,148,FUSE1,423216.0,423216.0,426050.9,2834.9,2834.9,333.3,0.11757,1,p:2.1.5.1.2.2
U3675,148,FUSE1,423303.6,423303.6,425993.5,2689.9,2689.9,333.3,0.123908,1,p:1.1.1.2.2.2
U3676,148,FUSE2,423321.4,423321.4,426089.9,2768.5,2768.5,365.7,0.132093,1,p:2.1.2.1.2.2
U3677,148,FUSE2,423395.6,423395.6,426195.3,2799.7,2799.7,365.7,0.130621,1,p:1.1.3.1.2.2
U3678,148,FUSE2,423453.0,423453.0,426239.5,2786.5,2786.5,365.7,0.13124,1,p:2.1.4.1.2.2
U3679,148,FUSE2,423459.6,423459.6,426388.9,2929.3,2929.3,365.7,0.124842,1,p:1.2.5.1.2.2
U3680,148,FUSE2,423547.2,423547.2,426427.9,2880.7,2880.7,365.7,0.126948,1,p:2.1.2.1.2.2
U3681,148,FUSE2,423565.0,423565.0,426331.5,2766.5,2766.5,365.7,0.132189,1,p:1.1.1.2.2.2
U3682,148,FUSE2,423639.2,423639.2,426533.3,2894.1,2894.1,365.7,0.126361,1,p:2.1.3.1.2.2
U3683,148,FUSE2,423696.6,423696.6,426577.5,2880.9,2880.9,365.7,0.126939,1,p:1.1.4.1.2.2
U3684,148,FUSE2,423703.2,423703.2,426726.9,3023.7,3023.7,365.7,0.120945,1,p:2.1.5.1.2.2
U3685,148,FUSE2,423790.8,423790.8,426669.5,2878.7,2878.7,365.7,0.127037,1,p:1.1.1.2.2.2
U4523,182,FUSE0,423808.6,423808.6,426674.1,2865.5,2865.5,271.3,0.094678,1,p:2.1.2.2.2.2
U4524,182,FUSE0,423944.8,423944.8,426776.9,2832.1,2832.1,271.3,0.095795,1,p:1.1.3.1.2.2
U4525,182,FUSE0,424002.2,424002.2,426821.1,2818.9,2818.9,271.3,0.096243,1,p:2.1.4.1.2.2
U4526,182,FUSE0,424008.8,424008.8,426970.5,2961.7,2961.7,271.3,0.091603,1,p:1.2.5.1.2.2
U4527,182,FUSE0,424096.4,424096.4,426913.1,2816.7,2816.7,271.3,0.096318,1,p:2.1.1.2.2.2
U4528,182,FUSE0,424114.2,424114.2,426917.7,2803.5,2803.5,271.3,0.096772,1,p:1.1.2.2.2.2
U4529,182,FUSE0,424250.4,424250.4,427020.5,2770.1,2770.1,271.3,0.097939,1,p:2.1.3.1.2.2
U4530,182,FUSE0,424307.8,424307.8,427064.7,2756.9,2756.9,271.3,0.098408,1,p:1.1.4.1.2.2
U4531,182,FUSE0,424314.4,424314.4,427214.1,2899.7,2899.7,271.3,0.093561,1,p:2.1.5.1.2.2
U4532,182,FUSE1,424402.0,424402.0,427223.3,2821.3,2821.3,333.3,0.118137,1,p:1.1.2.1.2.2
U4533,182,FUSE1,424452.2,424452.2,427218.7,2766.5,2766.5,333.3,0.120477,1,p:2.1.1.1.2.2
U4534,182,FUSE1,424588.4,424588.4,427326.1,2737.7,2737.7,333.3,0.121745,1,p:1.1.3.1.2.2
U4535,182,FUSE1,424645.8,424645.8,427370.3,2724.5,2724.5,333.3,0.122334,1,p:2.1.4.1.2.2
U4536,182,FUSE1,424652.4,424652.4,427519.7,2867.3,2867.3,333.3,0.116242,1,p:1.2.5.1.2.2
U4537,182,FUSE1,424740.0,424740.0,427528.9,2788.9,2788.9,333.3,0.119509,1,p:2.1.2.1.2.2
U4538,182,FUSE1,424790.2,424790.2,427524.3,2734.1,2734.1,333.3,0.121905,1,p:1.1.1.1.2.2
U4539,182,FUSE1,424926.4,424926.4,427631.7,2705.3,2705.3,333.3,0.123203,1,p:2.1.3.1.2.2
U4540,182,FUSE1,424983.8,424983.8,427675.9,2692.1,2692.1,333.3,0.123807,1,p:1.1.4.1.2.2
U4541,182,FUSE2,424990.4,424990.4,427857.7,2867.3,2867.3,365.7,0.127542,1,p:2.1.5.1.2.2
U4542,182,FUSE2,425033.8,425033.8,427866.9,2833.1,2833.1,365.7,0.129081,1,p:1.1.2.1.2.2
U4543,182,FUSE2,425078.0,425078.0,427862.3,2784.3,2784.3,365.7,0.131344,1,p:2.1.1.1.2.2
U4544,182,FUSE2,425170.0,425170.0,427969.7,2799.7,2799.7,365.7,0.130621,1,p:1.1.3.1.2.2
U4545,182,FUSE2,425227.4,425227.4,428013.9,2786.5,2786.5,365.7,0.13124,1,p:2.1.4.1.2.2
U4546,182,FUSE2,425234.0,425234.0,428195.7,2961.7,2961.7,365.7,0.123476,1,p:1.2.5.1.2.2
U4547,182,FUSE2,425277.4,425277.4,428204.9,2927.5,2927.5,365.7,0.124919,1,p:2.1.2.1.2.2
U4548,182,FUSE2,425321.6,425321.6,428200.3,2878.7,2878.7,365.7,0.127037,1,p:1.1.1.1.2.2
U4549,182,FUSE2,425413.6,425413.6,428307.7,2894.1,2894.1,365.7,0.126361,1,p:2.1.3.1.2.2
U4550,182,FUSE2,425471.0,425471.0,428351.9,2880.9,2880.9,365.7,0.126939,1,p:1.1.4.1.2.2
U8619,345,FUSE0,425477.6,425477.6,428439.3,2961.7,2961.7,271.3,0.091603,1,p:2.1.5.1.2.2
U8620,345,FUSE0,425583.0,425583.0,428448.5,2865.5,2865.5,271.3,0.094678,1,p:1.1.2.1.2.2
U8621,345,FUSE0,425627.2,425627.2,428443.9,2816.7,2816.7,271.3,0.096318,1,p:2.1.1.1.2.2
U8622,345,FUSE0,425719.2,425719.2,428551.3,2832.1,2832.1,271.3,0.095795,1,p:1.1.3.1.2.2
U8623,345,FUSE0,425776.6,425776.6,428595.5,2818.9,2818.9,271.3,0.096243,1,p:2.1.4.1.2.2
U8624,345,FUSE0,425783.2,425783.2,428682.9,2899.7,2899.7,271.3,0.093561,1,p:1.2.5.1.2.2
U8625,345,FUSE0,425888.6,425888.6,428689.5,2800.9,2800.9,271.3,0.096862,1,p:2.1.2.1.2.2
U8626,345,FUSE1,425932.8,425932.8,428749.5,2816.7,2816.7,333.3,0.11833,1,p:1.1.1.1.2.2
U8627,345,FUSE1,426024.8,426024.8,428856.9,2832.1,2832.1,333.3,0.117687,1,p:2.1.3.1.2.2
U8628,345,FUSE1,426082.2,426082.2,428901.1,2818.9,2818.9,333.3,0.118238,1,p:1.1.4.1.2.2
U8629,345,FUSE1,426121.2,426121.2,428988.5,2867.3,2867.3,333.3,0.116242,1,p:2.1.5.1.2.2
U8630,345,FUSE1,426226.6,426226.6,428995.1,2768.5,2768.5,333.3,0.12039,1,p:1.1.2.1.2.2
U8631,345,FUSE1,426270.8,426270.8,429055.1,2784.3,2784.3,333.3,0.119707,1,p:2.1.1.1.2.2
U8632,345,FUSE1,426362.8,426362.8,429162.5,2799.7,2799.7,333.3,0.119048,1,p:1.1.3.1.2.2
U8633,345,FUSE2,426420.2,426420.2,429239.1,2818.9,2818.9,365.7,0.129731,1,p:2.1.4.1.2.2
U8634,345,FUSE2,426459.2,426459.2,429326.5,2867.3,2867.3,365.7,0.127542,1,p:1.1.5.1.2.2
U8635,345,FUSE2,426564.6,426564.6,429333.1,2768.5,2768.5,365.7,0.132093,1,p:2.1.2.1.2.2
U8636,345,FUSE2,426608.8,426608.8,429393.1,2784.3,2784.3,365.7,0.131344,1,p:1.1.1.1.2.2
U8637,345,FUSE2,426700.8,426700.8,429500.5,2799.7,2799.7,365.7,0.130621,1,p:2.1.3.1.2.2
U8638,345,FUSE2,426705.4,426705.4,429577.1,2871.7,2871.7,365.7,0.127346,1,p:1.2.4.1.2.2
U8639,345,FUSE2,426758.2,426758.2,429664.5,2906.3,2906.3,365.7,0.12583,1,p:2.1.5.1.2.2
U8640,345,FUSE2,426808.2,426808.2,429671.1,2862.9,2862.9,365.7,0.127738,1,p:1.1.2.1.2.2
U1358,56,FUSE0,426852.4,426852.4,429636.7,2784.3,2784.3,271.3,0.097439,1,p:2.1.1.2.2.2
U1359,56,FUSE0,426944.4,426944.4,429744.1,2799.7,2799.7,271.3,0.096903,1,p:1.1.3.1.2.2
U1360,56,FUSE0,426949.0,426949.0,429820.7,2871.7,2871.7,271.3,0.094474,1,p:2.1.4.1.2.2
U1361,56,FUSE0,427001.8,427001.8,429908.1,2906.3,2906.3,271.3,0.093349,1,p:1.1.5.1.2.2
U1362,56,FUSE0,427051.8,427051.8,429880.3,2828.5,2828.5,271.3,0.095917,1,p:2.1.1.2.2.2
U1363,56,FUSE0,427096.0,427096.0,429914.7,2818.7,2818.7,271.3,0.09625,1,p:1.1.2.1.2.2
U1364,56,FUSE0,427245.4,427245.4,429987.7,2742.3,2742.3,271.3,0.098932,1,p:2.1.3.1.2.2
U1365,56,FUSE0,427250.0,427250.0,430064.3,2814.3,2814.3,271.3,0.096401,1,p:1.2.4.1.2.2
U1366,56,FUSE1,427254.6,427254.6,430213.7,2959.1,2959.1,333.3,0.112636,1,p:2.1.5.1.2.2
U1367,56,FUSE1,427357.4,427357.4,430185.9,2828.5,2828.5,333.3,0.117836,1,p:1.1.1.2.2.2
U1368,56,FUSE1,427401.6,427401.6,430220.3,2818.7,2818.7,333.3,0.118246,1,p:2.1.2.1.2.2
U1369,56,FUSE1,427551.0,427551.0,430293.3,2742.3,2742.3,333.3,0.12154,1,p:1.1.3.1.2.2
U1370,56,FUSE1,427555.6,427555.6,430369.9,2814.3,2814.3,333.3,0.118431,1,p:2.1.4.1.2.2
U1371,56,FUSE1,427560.2,427560.2,430519.3,2959.1,2959.1,333.3,0.112636,1,p:1.2.5.1.2.2
U1372,56,FUSE1,427663.0,427663.0,430491.5,2828.5,2828.5,333.3,0.117836,1,p:2.1.1.2.2.2
U1373,56,FUSE1,427707.2,427707.2,430525.9,2818.7,2818.7,333.3,0.118246,1,p:1.1.2.1.2.2
U1374,56,FUSE2,427889.0,427889.0,430631.3,2742.3,2742.3,365.7,0.133355,1,p:2.1.3.1.2.2
U1375,56,FUSE2,427893.6,427893.6,430707.9,2814.3,2814.3,365.7,0.129944,1,p:1.2.4.1.2.2
U1376,56,FUSE2,427898.2,427898.2,430857.3,2959.1,2959.1,365.7,0.123585,1,p:2.1.5.1.2.2
U1377,56,FUSE2,428001.0,428001.0,430829.5,2828.5,2828.5,365.7,0.129291,1,p:1.1.1.2.2.2
U1378,56,FUSE2,428045.2,428045.2,430863.9,2818.7,2818.7,365.7,0.129741,1,p:2.1.2.1.2.2
U1379,56,FUSE2,428227.0,428227.0,430969.3,2742.3,2742.3,365.7,0.133355,1,p:1.1.3.1.2.2
U1380,56,FUSE2,428231.6,428231.6,431045.9,2814.3,2814.3,365.7,0.129944,1,p:2.1.4.1.2.2
U1381,56,FUSE2,428236.2,428236.2,431195.3,2959.1,2959.1,365.7,0.123585,1,p:1.2.5.1.2.2
U1382,56,FUSE2,428339.0,428339.0,431167.5,2828.5,2828.5,365.7,0.129291,1,p:2.1.1.2.2.2
U2976,121,FUSE0,428383.2,428383.2,431107.5,2724.3,2724.3,271.3,0.099585,1,p:1.1.2.1.2.2
U2977,121,FUSE0,428470.6,428470.6,431212.9,2742.3,2742.3,271.3,0.098932,1,p:2.1.3.1.2.2
U2978,121,FUSE0,428475.2,428475.2,431289.5,2814.3,2814.3,271.3,0.096401,1,p:1.2.4.1.2.2
U2979,121,FUSE0,428479.8,428479.8,431351.1,2871.3,2871.3,271.3,0.094487,1,p:2.1.2.1.2.2
U2980,121,FUSE0,428582.6,428582.6,431438.9,2856.3,2856.3,271.3,0.094983,1,p:1.1.5.1.2.2
U2981,121,FUSE0,428626.8,428626.8,431411.1,2784.3,2784.3,271.3,0.097439,1,p:2.1.1.2.2.2
U2982,121,FUSE0,428714.2,428714.2,431456.5,2742.3,2742.3,271.3,0.098932,1,p:1.1.3.1.2.2
U2983,121,FUSE0,428720.8,428720.8,431533.1,2812.3,2812.3,271.3,0.096469,1,p:2.1.4.1.2.2
U2984,121,FUSE0,428780.8,428780.8,431594.7,2813.9,2813.9,271.3,0.096414,1,p:1.1.2.1.2.2
U2985,121,FUSE1,428888.2,428888.2,431744.5,2856.3,2856.3,333.3,0.116689,1,p:2.1.5.1.2.2
U2986,121,FUSE1,428932.4,428932.4,431716.7,2784.3,2784.3,333.3,0.119707,1,p:1.1.1.2.2.2
U2987,121,FUSE1,429019.8,429019.8,431762.1,2742.3,2742.3,333.3,0.12154,1,p:2.1.3.1.2.2
U2988,121,FUSE1,429026.4,429026.4,431838.7,2812.3,2812.3,333.3,0.118515,1,p:1.2.4.1.2.2
U2989,121,FUSE1,429086.4,429086.4,431900.3,2813.9,2813.9,333.3,0.118448,1,p:2.1.2.1.2.2
U2990,121,FUSE1,429193.8,429193.8,432050.1,2856.3,2856.3,333.3,0.116689,1,p:1.1.5.1.2.2
U2991,121,FUSE1,429270.4,429270.4,432022.3,2751.9,2751.9,333.3,0.121116,1,p:2.1.1.2.2.2
U2992,121,FUSE1,429357.8,429357.8,432067.7,2709.9,2709.9,333.3,0.122993,1,p:1.1.3.1.2.2
U2993,121,FUSE1,429364.4,429364.4,432144.3,2779.9,2779.9,333.3,0.119896,1,p:2.1.4.1.2.2
U2994,121,FUSE2,429424.4,429424.4,432238.3,2813.9,2813.9,365.7,0.129962,1,p:1.1.2.1.2.2
U2995,121,FUSE2,429531.8,429531.8,432388.1,2856.3,2856.3,365.7,0.128033,1,p:2.1.5.1.2.2
U2996,121,FUSE2,429608.4,429608.4,432360.3,2751.9,2751.9,365.7,0.13289,1,p:1.1.1.2.2.2
U2997,121,FUSE2,429668.0,429668.0,432405.7,2737.7,2737.7,365.7,0.133579,1,p:2.1.3.1.2.2
U2998,121,FUSE2,429695.8,429695.8,432482.3,2786.5,2786.5,365.7,0.13124,1,p:1.1.4.1.2.2
U2999,121,FUSE2,429702.4,429702.4,432576.3,2873.9,2873.9,365.7,0.127249,1,p:2.1.2.1.2.2
U3000,121,FUSE2,429775.4,429775.4,432730.5,2955.1,2955.1,365.7,0.123752,1,p:1.1.5.1.2.2
U3001,121,FUSE2,429852.0,429852.0,432698.3,2846.3,2846.3,365.7,0.128483,1,p:2.1.1.2.2.2
U8365,335,FUSE0,429911.6,429911.6,432649.3,2737.7,2737.7,271.3,0.099098,1,p:1.1.3.1.2.2
U8366,335,FUSE0,429939.4,429939.4,432725.9,2786.5,2786.5,271.3,0.097362,1,p:2.1.4.1.2.2
U8367,335,FUSE0,429946.0,429946.0,432819.9,2873.9,2873.9,271.3,0.094401,1,p:1.2.2.1.2.2
U8368,335,FUSE0,430019.0,430019.0,432892.9,2873.9,2873.9,271.3,0.094401,1,p:2.1.3.1.2.2
U8369,335,FUSE0,430095.6,430095.6,432974.1,2878.5,2878.5,271.3,0.09425,1,p:1.1.5.1.2.2
U8370,335,FUSE0,430217.2,430217.2,432969.5,2752.3,2752.3,271.3,0.098572,1,p:2.1.4.1.2.2
U8371,335,FUSE0,430245.0,430245.0,432941.9,2696.9,2696.9,271.3,0.100597,1,p:1.1.1.2.2.2
U8372,335,FUSE0,430251.6,430251.6,433063.5,2811.9,2811.9,271.3,0.096483,1,p:2.1.2.1.2.2
U8373,335,FUSE1,430324.6,430324.6,433198.5,2873.9,2873.9,333.3,0.115975,1,p:1.1.3.1.2.2
U8374,335,FUSE1,430401.2,430401.2,433279.7,2878.5,2878.5,333.3,0.115789,1,p:2.1.5.1.2.2
U8375,335,FUSE1,430522.8,430522.8,433275.1,2752.3,2752.3,333.3,0.121099,1,p:1.1.4.1.2.2
U8376,335,FUSE1,430550.6,430550.6,433247.5,2696.9,2696.9,333.3,0.123586,1,p:2.1.1.2.2.2
U8377,335,FUSE1,430557.2,430557.2,433369.1,2811.9,2811.9,333.3,0.118532,1,p:1.2.2.1.2.2
U8378,335,FUSE1,430662.6,430662.6,433504.1,2841.5,2841.5,333.3,0.117297,1,p:2.1.3.1.2.2
U8379,335,FUSE1,430739.2,430739.2,433585.3,2846.1,2846.1,333.3,0.117108,1,p:1.1.5.1.2.2
U8380,335,FUSE1,430860.8,430860.8,433580.7,2719.9,2719.9,333.3,0.122541,1,p:2.1.4.1.2.2
U8381,335,FUSE2,430888.6,430888.6,433589.9,2701.3,2701.3,365.7,0.135379,1,p:1.1.1.1.2.2
U8382,335,FUSE2,430895.2,430895.2,433707.1,2811.9,2811.9,365.7,0.130054,1,p:2.1.2.1.2.2
U8383,335,FUSE2,431000.6,431000.6,433842.1,2841.5,2841.5,365.7,0.1287,1,p:1.1.3.1.2.2
U8384,335,FUSE2,431077.2,431077.2,433923.3,2846.1,2846.1,365.7,0.128492,1,p:2.1.5.1.2.2
U8385,335,FUSE2,431138.8,431138.8,433918.7,2779.9,2779.9,365.7,0.131551,1,p:1.1.4.1.2.2
U8386,335,FUSE2,431198.8,431198.8,433927.9,2729.1,2729.1,365.7,0.134,1,p:2.1.1.1.2.2
U8387,335,FUSE2,431226.6,431226.6,434045.1,2818.5,2818.5,365.7,0.12975,1,p:1.1.2.1.2.2
U8388,335,FUSE2,431244.2,431244.2,434180.1,2935.9,2935.9,365.7,0.124561,1,p:2.1.3.1.2.2
U8389,335,FUSE2,431320.8,431320.8,434256.9,2936.1,2936.1,365.7,0.124553,1,p:1.1.5.1.2.2
U2953,120,FUSE0,431382.4,431382.4,434162.3,2779.9,2779.9,271.3,0.097593,1,p:2.1.4.1.2.2
U2954,120,FUSE0,431442.4,431442.4,434167.1,2724.7,2724.7,271.3,0.099571,1,p:1.1.1.1.2.2
U2955,120,FUSE0,431470.2,431470.2,434405.9,2935.7,2935.7,271.3,0.092414,1,p:2.1.4.1.2.2
U2956,120,FUSE0,431487.8,431487.8,434288.7,2800.9,2800.9,271.3,0.096862,1,p:1.1.2.1.2.2
U2957,120,FUSE0,431564.4,431564.4,434423.7,2859.3,2859.3,271.3,0.094883,1,p:2.1.3.1.2.2
U2958,120,FUSE0,431626.0,431626.0,434410.7,2784.7,2784.7,271.3,0.097425,1,p:1.1.1.1.2.2
U2959,120,FUSE0,431748.0,431748.0,434500.5,2752.5,2752.5,271.3,0.098565,1,p:2.1.5.1.2.2
U2960,120,FUSE0,431775.8,431775.8,434532.3,2756.5,2756.5,271.3,0.098422,1,p:1.1.2.1.2.2
U2961,120,FUSE1,431793.4,431793.4,434711.5,2918.1,2918.1,333.3,0.114218,1,p:2.1.4.1.2.2
U2962,120,FUSE1,431870.0,431870.0,434729.3,2859.3,2859.3,333.3,0.116567,1,p:1.1.3.1.2.2
U2963,120,FUSE1,431931.6,431931.6,434716.3,2784.7,2784.7,333.3,0.11969,1,p:2.1.1.1.2.2
U2964,120,FUSE1,432053.6,432053.6,434806.1,2752.5,2752.5,333.3,0.12109,1,p:1.1.5.1.2.2
U2965,120,FUSE1,432081.4,432081.4,435017.1,2935.7,2935.7,333.3,0.113533,1,p:2.1.4.1.2.2
U2966,120,FUSE1,432099.0,432099.0,434837.9,2738.9,2738.9,333.3,0.121691,1,p:1.1.2.1.2.2
U2967,120,FUSE1,432175.6,432175.6,435034.9,2859.3,2859.3,333.3,0.116567,1,p:2.1.3.1.2.2
U2968,120,FUSE2,432269.6,432269.6,435054.3,2784.7,2784.7,365.7,0.131325,1,p:1.1.1.1.2.2
U2969,120,FUSE2,432391.6,432391.6,435144.1,2752.5,2752.5,365.7,0.132861,1,p:2.1.5.1.2.2
U2970,120,FUSE2,432419.4,432419.4,435175.9,2756.5,2756.5,365.7,0.132668,1,p:1.1.2.1.2.2
U2971,120,FUSE2,432437.0,432437.0,435355.1,2918.1,2918.1,365.7,0.125321,1,p:2.1.4.1.2.2
U2972,120,FUSE2,432513.6,432513.6,435372.9,2859.3,2859.3,365.7,0.127898,1,p:1.1.3.1.2.2
U2973,120,FUSE2,432607.6,432607.6,435392.3,2784.7,2784.7,365.7,0.131325,1,p:2.1.1.1.2.2
U2974,120,FUSE2,432680.6,432680.6,435482.1,2801.5,2801.5,365.7,0.130537,1,p:1.1.5.1.2.2
U2975,120,FUSE2,432729.6,432729.6,435513.9,2784.3,2784.3,365.7,0.131344,1,p:2.1.2.1.2.2
U2704,110,FUSE0,432757.2,432757.2,435598.7,2841.5,2841.5,271.3,0.095478,1,p:1.1.4.1.2.2
U2705,110,FUSE0,432761.8,432761.8,435616.5,2854.7,2854.7,271.3,0.095036,1,p:2.1.3.1.2.2
U2706,110,FUSE0,432851.2,432851.2,435635.9,2784.7,2784.7,271.3,0.097425,1,p:1.1.1.1.2.2
U2707,110,FUSE0,432924.2,432924.2,435725.7,2801.5,2801.5,271.3,0.096841,1,p:2.1.5.1.2.2
U2708,110,FUSE0,432973.2,432973.2,435757.5,2784.3,2784.3,271.3,0.097439,1,p:1.1.2.1.2.2
U2709,110,FUSE0,433000.8,433000.8,435842.3,2841.5,2841.5,271.3,0.095478,1,p:2.1.4.1.2.2
U2710,110,FUSE0,433005.4,433005.4,435860.1,2854.7,2854.7,271.3,0.095036,1,p:1.2.3.1.2.2
U2711,110,FUSE0,433094.8,433094.8,435879.5,2784.7,2784.7,271.3,0.097425,1,p:2.1.1.1.2.2
U2712,110,FUSE1,433229.8,433229.8,436031.3,2801.5,2801.5,333.3,0.118972,1,p:1.1.5.1.2.2
U2713,110,FUSE1,433278.8,433278.8,436063.1,2784.3,2784.3,333.3,0.119707,1,p:2.1.2.1.2.2
U2714,110,FUSE1,433306.4,433306.4,436147.9,2841.5,2841.5,333.3,0.117297,1,p:1.1.4.1.2.2
U2715,110,FUSE1,433311.0,433311.0,436165.7,2854.7,2854.7,333.3,0.116755,1,p:2.1.3.1.2.2
U2716,110,FUSE1,433400.4,433400.4,436185.1,2784.7,2784.7,333.3,0.11969,1,p:1.1.1.1.2.2
U2717,110,FUSE1,433535.4,433535.4,436336.9,2801.5,2801.5,333.3,0.118972,1,p:2.1.5.1.2.2
U2718,110,FUSE1,433612.0,433612.0,436368.7,2756.7,2756.7,333.3,0.120905,1,p:1.1.2.1.2.2
U2719,110,FUSE1,433616.6,433616.6,436453.5,2836.9,2836.9,333.3,0.117487,1,p:2.1.4.1.2.2
U2720,110,FUSE2,433621.2,433621.2,436503.7,2882.5,2882.5,365.7,0.126869,1,p:1.2.3.1.2.2
U2721,110,FUSE2,433738.4,433738.4,436523.1,2784.7,2784.7,365.7,0.131325,1,p:2.1.1.1.2.2
U2722,110,FUSE2,433873.4,433873.4,436674.9,2801.5,2801.5,365.7,0.130537,1,p:1.1.5.1.2.2
U2723,110,FUSE2,433950.0,433950.0,436706.7,2756.7,2756.7,365.7,0.132659,1,p:2.1.2.1.2.2
U2724,110,FUSE2,433954.6,433954.6,436791.5,2836.9,2836.9,365.7,0.128908,1,p:1.2.4.1.2.2
U2725,110,FUSE2,433959.2,433959.2,436841.7,2882.5,2882.5,365.7,0.126869,1,p:2.1.3.1.2.2
U2726,110,FUSE2,434076.4,434076.4,436861.1,2784.7,2784.7,365.7,0.131325,1,p:1.1.1.1.2.2
U2727,110,FUSE2,434193.6,434193.6,437012.9,2819.3,2819.3,365.7,0.129713,1,p:2.1.5.1.2.2
U2728,110,FUSE2,434198.4,434198.4,437044.7,2846.3,2846.3,365.7,0.128483,1,p:1.2.2.1.2.2
U7223,290,FUSE0,434211.4,434211.4,437035.1,2823.7,2823.7,271.3,0.09608,1,p:2.1.4.1.2.2
U7224,290,FUSE0,434288.2,434288.2,437085.3,2797.1,2797.1,271.3,0.096993,1,p:1.1.3.1.2.2
U7225,290,FUSE0,434320.0,434320.0,437104.7,2784.7,2784.7,271.3,0.097425,1,p:2.1.1.1.2.2
U7226,290,FUSE0,434437.2,434437.2,437256.5,2819.3,2819.3,271.3,0.09623,1,p:1.1.5.1.2.2
U7227,290,FUSE0,434442.0,434442.0,437288.3,2846.3,2846.3,271.3,0.095317,1,p:2.1.2.1.2.2
U7228,290,FUSE0,434455.0,434455.0,437278.7,2823.7,2823.7,271.3,0.09608,1,p:1.1.4.1.2.2
U7229,290,FUSE0,434531.8,434531.8,437328.9,2797.1,2797.1,271.3,0.096993,1,p:2.1.3.1.2.2
U7230,290,FUSE0,434563.6,434563.6,437348.3,2784.7,2784.7,271.3,0.097425,1,p:1.1.1.1.2.2
U7231,290,FUSE1,434742.8,434742.8,437562.1,2819.3,2819.3,333.3,0.118221,1,p:2.1.5.1.2.2
U7232,290,FUSE1,434747.6,434747.6,437584.3,2836.7,2836.7,333.3,0.117496,1,p:1.2.4.1.2.2
U7233,290,FUSE1,434760.6,434760.6,437593.9,2833.3,2833.3,333.3,0.117637,1,p:2.1.2.1.2.2
U7234,290,FUSE1,434837.4,434837.4,437634.5,2797.1,2797.1,333.3,0.119159,1,p:1.1.3.1.2.2
U7235,290,FUSE1,434869.2,434869.2,437653.9,2784.7,2784.7,333.3,0.11969,1,p:2.1.1.1.2.2
U7236,290,FUSE1,435048.4,435048.4,437867.7,2819.3,2819.3,333.3,0.118221,1,p:1.1.5.1.2.2
U7237,290,FUSE1,435066.2,435066.2,437899.5,2833.3,2833.3,333.3,0.117637,1,p:2.1.2.1.2.2
U7238,290,FUSE1,435085.6,435085.6,437889.9,2804.3,2804.3,333.3,0.118853,1,p:1.1.4.1.2.2
U7239,290,FUSE2,435175.4,435175.4,437972.5,2797.1,2797.1,365.7,0.130743,1,p:2.1.3.1.2.2
U7240,290,FUSE2,435207.2,435207.2,437991.9,2784.7,2784.7,365.7,0.131325,1,p:1.1.1.1.2.2
U7241,290,FUSE2,435386.4,435386.4,438227.9,2841.5,2841.5,365.7,0.1287,1,p:2.1.4.1.2.2
U7242,290,FUSE2,435404.2,435404.2,438205.7,2801.5,2801.5,365.7,0.130537,1,p:1.1.5.1.2.2
U7243,290,FUSE2,435423.6,435423.6,438237.5,2813.9,2813.9,365.7,0.129962,1,p:2.1.2.1.2.2
U7244,290,FUSE2,435513.4,435513.4,438310.5,2797.1,2797.1,365.7,0.130743,1,p:1.1.3.1.2.2
U7245,290,FUSE2,435545.2,435545.2,438329.9,2784.7,2784.7,365.7,0.131325,1,p:2.1.1.1.2.2
U7246,290,FUSE2,435630.0,435630.0,438543.7,2913.7,2913.7,365.7,0.125511,1,p:1.1.5.1.2.2
U3839,155,FUSE0,435647.8,435647.8,438481.1,2833.3,2833.3,271.3,0.095754,1,p:2.1.2.1.2.2
U3840,155,FUSE0,435667.2,435667.2,438471.5,2804.3,2804.3,271.3,0.096744,1,p:1.1.4.1.2.2
U3841,155,FUSE0,435757.0,435757.0,438554.1,2797.1,2797.1,271.3,0.096993,1,p:2.1.3.1.2.2
U3842,155,FUSE0,435788.8,435788.8,438573.5,2784.7,2784.7,271.3,0.097425,1,p:1.1.1.1.2.2
U3843,155,FUSE0,435873.6,435873.6,438724.7,2851.1,2851.1,271.3,0.095156,1,p:2.1.2.1.2.2
U3844,155,FUSE0,435891.4,435891.4,438715.1,2823.7,2823.7,271.3,0.09608,1,p:1.1.4.1.2.2
U3845,155,FUSE0,435910.8,435910.8,438787.3,2876.5,2876.5,271.3,0.094316,1,p:2.1.5.1.2.2
U3846,155,FUSE0,436062.6,436062.6,438797.7,2735.1,2735.1,271.3,0.099192,1,p:1.1.3.1.2.2
U3847,155,FUSE0,436094.4,436094.4,438817.1,2722.7,2722.7,271.3,0.099644,1,p:2.1.1.1.2.2
U3848,155,FUSE1,436179.2,436179.2,439020.7,2841.5,2841.5,333.3,0.117297,1,p:1.1.4.1.2.2
U3849,155,FUSE1,436197.0,436197.0,439092.9,2895.9,2895.9,333.3,0.115094,1,p:2.1.5.1.2.2
U3850,155,FUSE1,436216.4,436216.4,439030.3,2813.9,2813.9,333.3,0.118448,1,p:1.1.2.1.2.2
U3851,155,FUSE1,436368.2,436368.2,439103.3,2735.1,2735.1,333.3,0.12186,1,p:2.1.3.1.2.2
U3852,155,FUSE1,436400.0,436400.0,439122.7,2722.7,2722.7,333.3,0.122415,1,p:1.1.1.1.2.2
U3853,155,FUSE1,436484.8,436484.8,439326.3,2841.5,2841.5,333.3,0.117297,1,p:2.1.4.1.2.2
U3854,155,FUSE1,436535.0,436535.0,439335.9,2800.9,2800.9,333.3,0.118997,1,p:1.1.2.1.2.2
U3855,155,FUSE1,436554.4,436554.4,439398.5,2844.1,2844.1,333.3,0.11719,1,p:2.1.5.1.2.2
U3856,155,FUSE1,436706.2,436706.2,439408.9,2702.7,2702.7,333.3,0.123321,1,p:1.1.3.1.2.2
U3857,155,FUSE2,436738.0,436738.0,439460.7,2722.7,2722.7,365.7,0.134315,1,p:2.1.1.1.2.2
U3858,155,FUSE2,436822.8,436822.8,439664.3,2841.5,2841.5,365.7,0.1287,1,p:1.1.4.1.2.2
U3859,155,FUSE2,436873.0,436873.0,439736.5,2863.5,2863.5,365.7,0.127711,1,p:2.1.5.1.2.2
U3860,155,FUSE2,436892.4,436892.4,439673.9,2781.5,2781.5,365.7,0.131476,1,p:1.1.2.1.2.2
U3861,155,FUSE2,437044.2,437044.2,439746.9,2702.7,2702.7,365.7,0.135309,1,p:2.1.3.1.2.2
U3862,155,FUSE2,437066.4,437066.4,439798.7,2732.3,2732.3,365.7,0.133843,1,p:1.1.1.1.2.2
U3863,155,FUSE2,437076.0,437076.0,440002.3,2926.3,2926.3,365.7,0.12497,1,p:2.1.4.1.2.2
U3864,155,FUSE2,437116.6,437116.6,440011.9,2895.3,2895.3,365.7,0.126308,1,p:1.1.2.1.2.2
U5185,208,FUSE0,437136.0,437136.0,439980.1,2844.1,2844.1,271.3,0.09539,1,p:2.1.5.1.2.2
U5186,208,FUSE0,437287.8,437287.8,439990.5,2702.7,2702.7,271.3,0.100381,1,p:1.1.3.1.2.2
U5187,208,FUSE0,437310.0,437310.0,440042.3,2732.3,2732.3,271.3,0.099294,1,p:2.1.1.1.2.2
U5188,208,FUSE0,437319.6,437319.6,440223.7,2904.1,2904.1,271.3,0.09342,1,p:1.2.5.1.2.2
U5189,208,FUSE0,437360.2,437360.2,440234.1,2873.9,2873.9,271.3,0.094401,1,p:2.1.3.1.2.2
U5190,208,FUSE0,437379.6,437379.6,440245.9,2866.3,2866.3,271.3,0.094652,1,p:1.1.4.1.2.2
U5191,208,FUSE0,437593.4,437593.4,440255.5,2662.1,2662.1,271.3,0.101912,1,p:2.1.2.1.2.2
U5192,208,FUSE0,437615.6,437615.6,440285.9,2670.3,2670.3,271.3,0.101599,1,p:1.1.1.1.2.2
U5193,208,FUSE1,437625.2,437625.2,440529.3,2904.1,2904.1,333.3,0.114769,1,p:2.1.5.1.2.2
U5194,208,FUSE1,437665.8,437665.8,440551.5,2885.7,2885.7,333.3,0.115501,1,p:1.1.4.1.2.2
U5195,208,FUSE1,437685.2,437685.2,440539.7,2854.5,2854.5,333.3,0.116763,1,p:2.1.3.1.2.2
U5196,208,FUSE1,437899.0,437899.0,440561.1,2662.1,2662.1,333.3,0.125202,1,p:1.1.2.1.2.2
U5197,208,FUSE1,437921.2,437921.2,440591.5,2670.3,2670.3,333.3,0.124817,1,p:2.1.1.1.2.2
U5198,208,FUSE1,437930.8,437930.8,440834.9,2904.1,2904.1,333.3,0.114769,1,p:1.2.5.1.2.2
U5199,208,FUSE1,438003.8,438003.8,440845.3,2841.5,2841.5,333.3,0.117297,1,p:2.1.3.1.2.2
U5200,208,FUSE1,438023.2,438023.2,440857.1,2833.9,2833.9,333.3,0.117612,1,p:1.1.4.1.2.2
U5201,208,FUSE2,438237.0,438237.0,440899.1,2662.1,2662.1,365.7,0.137373,1,p:2.1.2.1.2.2
U5202,208,FUSE2,438259.2,438259.2,440929.5,2670.3,2670.3,365.7,0.136951,1,p:1.1.1.1.2.2
U5203,208,FUSE2,438268.8,438268.8,441172.9,2904.1,2904.1,365.7,0.125925,1,p:2.1.5.1.2.2
U5204,208,FUSE2,438341.8,438341.8,441195.1,2853.3,2853.3,365.7,0.128167,1,p:1.1.4.1.2.2
U5205,208,FUSE2,438361.2,438361.2,441183.3,2822.1,2822.1,365.7,0.129584,1,p:2.1.3.1.2.2
U5206,208,FUSE2,438502.8,438502.8,441237.1,2734.3,2734.3,365.7,0.133745,1,p:1.1.2.1.2.2
U5207,208,FUSE2,438512.4,438512.4,441267.5,2755.1,2755.1,365.7,0.132736,1,p:2.1.1.1.2.2
U5208,208,FUSE2,438575.0,438575.0,441510.9,2935.9,2935.9,365.7,0.124561,1,p:1.1.5.1.2.2
U4825,194,FUSE0,438585.4,438585.4,441426.9,2841.5,2841.5,271.3,0.095478,1,p:2.1.3.1.2.2
U4826,194,FUSE0,438604.8,438604.8,441438.7,2833.9,2833.9,271.3,0.095734,1,p:1.1.4.1.2.2
U4827,194,FUSE0,438746.4,438746.4,441480.7,2734.3,2734.3,271.3,0.099221,1,p:2.1.2.2.2.2
U4828,194,FUSE0,438756.0,438756.0,441515.5,2759.5,2759.5,271.3,0.098315,1,p:1.2.1.1.2.2
U4829,194,FUSE0,438818.6,438818.6,441682.3,2863.7,2863.7,271.3,0.094738,1,p:2.1.4.1.2.2
U4830,194,FUSE0,438829.0,438829.0,441670.5,2841.5,2841.5,271.3,0.095478,1,p:1.2.3.1.2.2
U4831,194,FUSE0,438848.4,438848.4,441754.5,2906.1,2906.1,271.3,0.093355,1,p:2.1.5.1.2.2
U4832,194,FUSE0,439052.0,439052.0,441724.3,2672.3,2672.3,271.3,0.101523,1,p:1.1.2.2.2.2
U4833,194,FUSE0,439061.6,439061.6,441759.1,2697.5,2697.5,271.3,0.100575,1,p:2.1.1.1.2.2
U4834,194,FUSE0,439124.2,439124.2,441925.9,2801.7,2801.7,271.3,0.096834,1,p:1.1.4.1.2.2
U4835,194,FUSE1,439134.6,439134.6,442060.1,2925.5,2925.5,333.3,0.113929,1,p:2.1.5.1.2.2
U4836,194,FUSE1,439154.0,439154.0,441976.1,2822.1,2822.1,333.3,0.118104,1,p:1.1.3.1.2.2
U4837,194,FUSE1,439357.6,439357.6,442029.9,2672.3,2672.3,333.3,0.124724,1,p:2.1.2.2.2.2
U4838,194,FUSE1,439367.2,439367.2,442064.7,2697.5,2697.5,333.3,0.123559,1,p:1.2.1.1.2.2
U4839,194,FUSE1,439429.8,439429.8,442231.5,2801.7,2801.7,333.3,0.118963,1,p:2.1.4.1.2.2
U4840,194,FUSE1,439440.2,439440.2,442281.7,2841.5,2841.5,333.3,0.117297,1,p:1.2.3.1.2.2
U4841,194,FUSE1,439492.0,439492.0,442365.7,2873.7,2873.7,333.3,0.115983,1,p:2.1.5.1.2.2
U4842,194,FUSE1,439695.6,439695.6,442335.5,2639.9,2639.9,333.3,0.126255,1,p:1.1.2.2.2.2
U4843,194,FUSE1,439705.2,439705.2,442370.3,2665.1,2665.1,333.3,0.125061,1,p:2.1.1.1.2.2
U4844,194,FUSE1,439767.8,439767.8,442537.1,2769.3,2769.3,333.3,0.120355,1,p:1.1.4.1.2.2
U4845,194,FUSE2,439778.2,439778.2,442619.7,2841.5,2841.5,365.7,0.1287,1,p:2.1.3.1.2.2
U4846,194,FUSE2,439830.0,439830.0,442703.7,2873.7,2873.7,365.7,0.127258,1,p:1.1.5.1.2.2
U4847,194,FUSE2,440011.4,440011.4,442673.5,2662.1,2662.1,365.7,0.137373,1,p:2.1.2.2.2.2
U4848,194,FUSE2,440021.8,440021.8,442708.3,2686.5,2686.5,365.7,0.136125,1,p:1.2.1.1.2.2
U4849,194,FUSE2,440033.6,440033.6,442875.1,2841.5,2841.5,365.7,0.1287,1,p:2.1.4.1.2.2
U4850,194,FUSE2,440043.2,440043.2,442957.7,2914.5,2914.5,365.7,0.125476,1,p:1.2.3.1.2.2
U4851,194,FUSE2,440073.6,440073.6,443041.7,2968.1,2968.1,365.7,0.12321,1,p:2.1.5.1.2.2
U4852,194,FUSE2,440255.0,440255.0,443011.5,2756.5,2756.5,365.7,0.132668,1,p:1.1.2.2.2.2
U4853,194,FUSE2,440265.4,440265.4,443213.1,2947.7,2947.7,365.7,0.124063,1,p:2.1.4.1.2.2
U4854,194,FUSE2,440277.2,440277.2,443046.3,2769.1,2769.1,365.7,0.132065,1,p:1.1.1.1.2.2
U7917,317,FUSE0,440286.8,440286.8,443201.3,2914.5,2914.5,271.3,0.093086,1,p:2.1.3.1.2.2
U7918,317,FUSE0,440317.2,440317.2,443285.3,2968.1,2968.1,271.3,0.091405,1,p:1.1.5.1.2.2
U7919,317,FUSE0,440560.6,440560.6,443255.1,2694.5,2694.5,271.3,0.100687,1,p:2.1.2.2.2.2
U7920,317,FUSE0,440571.0,440571.0,443289.9,2718.9,2718.9,271.3,0.099783,1,p:1.2.1.1.2.2
U7921,317,FUSE0,440582.8,440582.8,443456.7,2873.9,2873.9,271.3,0.094401,1,p:2.1.4.1.2.2
U7922,317,FUSE0,440592.4,440592.4,443444.9,2852.5,2852.5,271.3,0.09511,1,p:1.2.3.1.2.2
U7923,317,FUSE0,440622.8,440622.8,443528.9,2906.1,2906.1,271.3,0.093355,1,p:2.1.5.1.2.2
U7924,317,FUSE0,440866.2,440866.2,443498.7,2632.5,2632.5,271.3,0.103058,1,p:1.1.2.2.2.2
U7925,317,FUSE1,440876.6,440876.6,443762.3,2885.7,2885.7,333.3,0.115501,1,p:2.1.4.1.2.2
U7926,317,FUSE1,440888.4,440888.4,443591.1,2702.7,2702.7,333.3,0.123321,1,p:1.1.1.1.2.2
U7927,317,FUSE1,440930.4,440930.4,443750.5,2820.1,2820.1,333.3,0.118187,1,p:2.1.3.1.2.2
U7928,317,FUSE1,440960.8,440960.8,443834.5,2873.7,2873.7,333.3,0.115983,1,p:1.1.5.1.2.2
U7929,317,FUSE1,441204.2,441204.2,443804.3,2600.1,2600.1,333.3,0.128187,1,p:2.1.2.2.2.2
U7930,317,FUSE1,441214.6,441214.6,443896.7,2682.1,2682.1,333.3,0.124268,1,p:1.2.1.1.2.2
U7931,317,FUSE1,441226.4,441226.4,444067.9,2841.5,2841.5,333.3,0.117297,1,p:2.1.4.1.2.2
U7932,317,FUSE2,441268.4,441268.4,444088.5,2820.1,2820.1,365.7,0.129676,1,p:1.1.3.1.2.2
U7933,317,FUSE2,441298.8,441298.8,444172.5,2873.7,2873.7,365.7,0.127258,1,p:2.1.5.1.2.2
U7934,317,FUSE2,441458.2,441458.2,444142.3,2684.1,2684.1,365.7,0.136247,1,p:1.1.2.2.2.2
U7935,317,FUSE2,441470.0,441470.0,444234.7,2764.7,2764.7,365.7,0.132275,1,p:2.1.1.1.2.2
U7936,317,FUSE2,441512.0,441512.0,444405.9,2893.9,2893.9,365.7,0.126369,1,p:1.1.4.1.2.2
U7937,317,FUSE2,441542.2,441542.2,444429.9,2887.7,2887.7,365.7,0.126641,1,p:2.1.3.1.2.2
U7938,317,FUSE2,441546.8,441546.8,444510.5,2963.7,2963.7,365.7,0.123393,1,p:1.2.5.1.2.2
U7939,317,FUSE2,441701.8,441701.8,444572.7,2870.9,2870.9,365.7,0.127382,1,p:2.1.1.1.2.2
U1882,77,FUSE0,441713.6,441713.6,444425.9,2712.3,2712.3,271.3,0.100026,1,p:1.1.2.2.1.2
U1883,77,FUSE0,441755.6,441755.6,444649.5,2893.9,2893.9,271.3,0.093749,1,p:2.1.4.1.2.2
U1884,77,FUSE0,441785.8,441785.8,444669.5,2883.7,2883.7,271.3,0.094081,1,p:1.1.2.2.1.2
U1885,77,FUSE0,441790.4,441790.4,444673.5,2883.1,2883.1,271.3,0.0941,1,p:2.1.3.1.2.2
U1886,77,FUSE0,441957.2,441957.2,444754.1,2796.9,2796.9,271.3,0.097,1,p:1.1.5.1.2.2
U1887,77,FUSE0,442007.4,442007.4,444816.3,2808.9,2808.9,271.3,0.096586,1,p:2.1.1.1.2.2
U1888,77,FUSE0,442061.2,442061.2,444893.1,2831.9,2831.9,271.3,0.095801,1,p:1.1.4.1.2.2
U1889,77,FUSE0,442091.4,442091.4,444913.1,2821.7,2821.7,271.3,0.096148,1,p:2.1.2.2.1.2
U1890,77,FUSE1,442096.0,442096.0,444975.7,2879.7,2879.7,333.3,0.115741,1,p:1.2.3.1.2.2
U1891,77,FUSE1,442262.8,442262.8,445059.7,2796.9,2796.9,333.3,0.119168,1,p:2.1.5.1.2.2
U1892,77,FUSE1,442313.0,442313.0,445121.9,2808.9,2808.9,333.3,0.118659,1,p:1.1.1.1.2.2
U1893,77,FUSE1,442366.8,442366.8,445198.7,2831.9,2831.9,333.3,0.117695,1,p:2.1.4.1.2.2
U1894,77,FUSE1,442397.0,442397.0,445218.7,2821.7,2821.7,333.3,0.11812,1,p:1.1.2.2.1.2
U1895,77,FUSE1,442401.6,442401.6,445281.3,2879.7,2879.7,333.3,0.115741,1,p:2.1.3.1.2.2
U1896,77,FUSE1,442568.4,442568.4,445365.3,2796.9,2796.9,333.3,0.119168,1,p:1.1.5.1.2.2
U1897,77,FUSE1,442651.0,442651.0,445427.5,2776.5,2776.5,333.3,0.120043,1,p:2.1.1.1.2.2
U1898,77,FUSE2,442704.8,442704.8,445536.7,2831.9,2831.9,365.7,0.129136,1,p:1.1.4.1.2.2
U1899,77,FUSE2,442735.0,442735.0,445556.7,2821.7,2821.7,365.7,0.129603,1,p:2.1.2.2.1.2
U1900,77,FUSE2,442739.6,442739.6,445619.3,2879.7,2879.7,365.7,0.126992,1,p:1.2.3.1.2.2
U1901,77,FUSE2,442906.4,442906.4,445703.3,2796.9,2796.9,365.7,0.130752,1,p:2.1.5.1.2.2
U1902,77,FUSE2,442989.0,442989.0,445765.5,2776.5,2776.5,365.7,0.131713,1,p:1.1.1.1.2.2
U1903,77,FUSE2,443042.8,443042.8,445874.7,2831.9,2831.9,365.7,0.129136,1,p:2.1.4.1.2.2
U1904,77,FUSE2,443073.0,443073.0,445894.7,2821.7,2821.7,365.7,0.129603,1,p:1.1.2.2.1.2
U1905,77,FUSE2,443077.6,443077.6,445957.3,2879.7,2879.7,365.7,0.126992,1,p:2.1.3.1.2.2
U1906,77,FUSE2,443232.6,443232.6,446041.3,2808.7,2808.7,365.7,0.130203,1,p:1.1.5.1.2.2
U4134,167,FUSE0,443244.4,443244.4,446009.1,2764.7,2764.7,271.3,0.09813,1,p:2.1.1.2.2.2
U4135,167,FUSE0,443286.4,443286.4,446118.3,2831.9,2831.9,271.3,0.095801,1,p:1.1.4.1.2.2
U4136,167,FUSE0,443316.6,443316.6,446138.3,2821.7,2821.7,271.3,0.096148,1,p:2.1.2.2.1.2
U4137,167,FUSE0,443321.2,443321.2,446200.9,2879.7,2879.7,271.3,0.094211,1,p:1.2.3.1.2.2
U4138,167,FUSE0,443476.2,443476.2,446252.7,2776.5,2776.5,271.3,0.097713,1,p:2.1.1.2.2.2
U4139,167,FUSE0,443488.0,443488.0,446284.9,2796.9,2796.9,271.3,0.097,1,p:1.1.5.1.2.2
U4140,167,FUSE0,443530.0,443530.0,446361.9,2831.9,2831.9,271.3,0.095801,1,p:2.1.4.1.2.2
U4141,167,FUSE0,443560.2,443560.2,446381.9,2821.7,2821.7,271.3,0.096148,1,p:1.1.2.2.1.2
U4142,167,FUSE0,443622.4,443622.4,446444.5,2822.1,2822.1,271.3,0.096134,1,p:2.1.3.1.2.2
U4143,167,FUSE1,443781.8,443781.8,446590.5,2808.7,2808.7,333.3,0.118667,1,p:1.1.5.1.2.2
U4144,167,FUSE1,443793.6,443793.6,446558.3,2764.7,2764.7,333.3,0.120556,1,p:2.1.1.2.2.2
U4145,167,FUSE1,443835.6,443835.6,446667.5,2831.9,2831.9,333.3,0.117695,1,p:1.1.4.1.2.2
U4146,167,FUSE1,443865.8,443865.8,446687.5,2821.7,2821.7,333.3,0.11812,1,p:2.1.2.2.1.2
U4147,167,FUSE1,443928.0,443928.0,446750.1,2822.1,2822.1,333.3,0.118104,1,p:1.1.3.1.2.2
U4148,167,FUSE1,444099.2,444099.2,446896.1,2796.9,2796.9,333.3,0.119168,1,p:2.1.5.1.2.2
U4149,167,FUSE1,444119.8,444119.8,446863.9,2744.1,2744.1,333.3,0.121461,1,p:1.1.1.2.2.2
U4150,167,FUSE1,444173.6,444173.6,446973.1,2799.5,2799.5,333.3,0.119057,1,p:2.1.4.1.2.2
U4151,167,FUSE1,444203.8,444203.8,446993.1,2789.3,2789.3,333.3,0.119492,1,p:1.1.2.2.1.2
U4152,167,FUSE2,444266.0,444266.0,447088.1,2822.1,2822.1,365.7,0.129584,1,p:2.1.3.1.2.2
U4153,167,FUSE2,444437.2,444437.2,447234.1,2796.9,2796.9,365.7,0.130752,1,p:1.1.5.1.2.2
U4154,167,FUSE2,444457.2,444457.2,447201.9,2744.7,2744.7,365.7,0.133239,1,p:2.1.1.2.2.2
U4155,167,FUSE2,444461.2,444461.2,447311.1,2849.9,2849.9,365.7,0.12832,1,p:1.2.4.1.2.2
U4156,167,FUSE2,444541.8,444541.8,447331.1,2789.3,2789.3,365.7,0.131108,1,p:2.1.2.2.1.2
U4157,167,FUSE2,444604.0,444604.0,447426.1,2822.1,2822.1,365.7,0.129584,1,p:1.1.3.1.2.2
U4158,167,FUSE2,444680.8,444680.8,447572.1,2891.3,2891.3,365.7,0.126483,1,p:2.1.5.1.2.2
U4159,167,FUSE2,444700.8,444700.8,447539.9,2839.1,2839.1,365.7,0.128808,1,p:1.1.1.2.2.2
U2302,94,FUSE0,444704.8,444704.8,447554.7,2849.9,2849.9,271.3,0.095196,1,p:2.1.4.1.2.2
U2303,94,FUSE0,444785.4,444785.4,447576.1,2790.7,2790.7,271.3,0.097216,1,p:1.1.2.2.1.2
U2304,94,FUSE0,444847.6,444847.6,447669.7,2822.1,2822.1,271.3,0.096134,1,p:2.1.3.1.2.2
U2305,94,FUSE0,444924.4,444924.4,447815.7,2891.3,2891.3,271.3,0.093833,1,p:1.1.5.1.2.2
U2306,94,FUSE0,444944.4,444944.4,447798.3,2853.9,2853.9,271.3,0.095063,1,p:2.1.4.1.2.2
U2307,94,FUSE0,445007.0,445007.0,447819.7,2812.7,2812.7,271.3,0.096455,1,p:1.1.2.2.1.2
U2308,94,FUSE0,445091.0,445091.0,447783.5,2692.5,2692.5,271.3,0.100761,1,p:2.1.1.2.2.2
U2309,94,FUSE0,445153.2,445153.2,447913.3,2760.1,2760.1,271.3,0.098294,1,p:1.1.3.1.2.2
U2310,94,FUSE0,445230.0,445230.0,448059.3,2829.3,2829.3,271.3,0.095889,1,p:2.1.5.1.2.2
U2311,94,FUSE1,445250.0,445250.0,448103.9,2853.9,2853.9,333.3,0.116788,1,p:1.1.4.1.2.2
U2312,94,FUSE1,445312.6,445312.6,448123.9,2811.3,2811.3,333.3,0.118557,1,p:2.1.2.2.1.2
U2313,94,FUSE1,445396.6,445396.6,448089.1,2692.5,2692.5,333.3,0.123788,1,p:1.1.1.1.2.2
U2314,94,FUSE1,445458.8,445458.8,448218.9,2760.1,2760.1,333.3,0.120756,1,p:2.1.3.1.2.2
U2315,94,FUSE1,445568.0,445568.0,448364.9,2796.9,2796.9,333.3,0.119168,1,p:1.1.5.1.2.2
U2316,94,FUSE1,445588.0,445588.0,448409.5,2821.5,2821.5,333.3,0.118129,1,p:2.1.4.1.2.2
U2317,94,FUSE1,445650.6,445650.6,448429.5,2778.9,2778.9,333.3,0.11994,1,p:1.1.2.2.1.2
U2318,94,FUSE1,445734.6,445734.6,448394.7,2660.1,2660.1,333.3,0.125296,1,p:2.1.1.1.2.2
U2319,94,FUSE1,445796.8,445796.8,448524.5,2727.7,2727.7,333.3,0.122191,1,p:1.1.3.1.2.2
U2320,94,FUSE2,445906.0,445906.0,448702.9,2796.9,2796.9,365.7,0.130752,1,p:2.1.5.1.2.2
U2321,94,FUSE2,445926.0,445926.0,448747.5,2821.5,2821.5,365.7,0.129612,1,p:1.1.4.1.2.2
U2322,94,FUSE2,445988.6,445988.6,448767.5,2778.9,2778.9,365.7,0.131599,1,p:2.1.2.2.1.2
U2323,94,FUSE2,446040.4,446040.4,448732.7,2692.3,2692.3,365.7,0.135832,1,p:1.1.1.1.2.2
U2324,94,FUSE2,446072.6,446072.6,448862.5,2789.9,2789.9,365.7,0.13108,1,p:2.1.3.1.2.2
U2325,94,FUSE2,446149.6,446149.6,449040.9,2891.3,2891.3,365.7,0.126483,1,p:1.1.5.1.2.2
U2326,94,FUSE2,446169.6,446169.6,449085.5,2915.9,2915.9,365.7,0.125416,1,p:2.1.4.1.2.2
U2327,94,FUSE2,446232.2,446232.2,449105.5,2873.3,2873.3,365.7,0.127275,1,p:1.1.2.2.1.2
U2328,94,FUSE2,446284.0,446284.0,449070.7,2786.7,2786.7,365.7,0.13123,1,p:2.1.1.1.2.2
U2329,94,FUSE2,446316.2,446316.2,449200.5,2884.3,2884.3,365.7,0.12679,1,p:1.1.3.1.2.2
U3611,146,FUSE0,446393.2,446393.2,449284.5,2891.3,2891.3,271.3,0.093833,1,p:2.1.5.1.2.2
U3612,146,FUSE0,446413.2,446413.2,449329.1,2915.9,2915.9,271.3,0.093042,1,p:1.1.4.1.2.2
U3613,146,FUSE0,446475.8,446475.8,449349.1,2873.3,2873.3,271.3,0.094421,1,p:2.1.2.2.1.2
U3614,146,FUSE0,446589.6,446589.6,449314.3,2724.7,2724.7,271.3,0.099571,1,p:1.1.1.1.2.2
U3615,146,FUSE0,446621.8,446621.8,449444.1,2822.3,2822.3,271.3,0.096127,1,p:2.1.3.1.2.2
U3616,146,FUSE0,446698.8,446698.8,449528.1,2829.3,2829.3,271.3,0.095889,1,p:1.1.5.1.2.2
U3617,146,FUSE0,446718.8,446718.8,449572.7,2853.9,2853.9,271.3,0.095063,1,p:2.1.4.1.2.2
U3618,146,FUSE0,446781.4,446781.4,449592.7,2811.3,2811.3,271.3,0.096503,1,p:1.1.2.2.1.2
U3619,146,FUSE1,446895.2,446895.2,449619.9,2724.7,2724.7,333.3,0.122325,1,p:2.1.1.1.2.2
U3620,146,FUSE1,446927.4,446927.4,449749.7,2822.3,2822.3,333.3,0.118095,1,p:1.1.3.1.2.2
U3621,146,FUSE1,447004.4,447004.4,449833.7,2829.3,2829.3,333.3,0.117803,1,p:2.1.5.1.2.2
U3622,146,FUSE1,447024.4,447024.4,449878.3,2853.9,2853.9,333.3,0.116788,1,p:1.1.4.1.2.2
U3623,146,FUSE1,447119.4,447119.4,449898.3,2778.9,2778.9,333.3,0.11994,1,p:2.1.2.2.1.2
U3624,146,FUSE1,447233.2,447233.2,449925.5,2692.3,2692.3,333.3,0.123797,1,p:1.1.1.1.2.2
U3625,146,FUSE1,447265.4,447265.4,450055.3,2789.9,2789.9,333.3,0.119467,1,p:2.1.3.1.2.2
U3626,146,FUSE1,447342.4,447342.4,450139.3,2796.9,2796.9,333.3,0.119168,1,p:1.1.5.1.2.2
U3627,146,FUSE2,447362.4,447362.4,450216.3,2853.9,2853.9,365.7,0.12814,1,p:2.1.4.1.2.2
U3628,146,FUSE2,447457.4,447457.4,450236.3,2778.9,2778.9,365.7,0.131599,1,p:1.1.2.2.1.2
U3629,146,FUSE2,447571.2,447571.2,450393.3,2822.1,2822.1,365.7,0.129584,1,p:2.1.3.1.2.2
U3630,146,FUSE2,447586.0,447586.0,450263.5,2677.5,2677.5,365.7,0.136583,1,p:1.1.1.1.2.2
U3631,146,FUSE2,447603.4,447603.4,450477.3,2873.9,2873.9,365.7,0.127249,1,p:2.1.5.1.2.2
U3632,146,FUSE2,447607.4,447607.4,450554.3,2946.9,2946.9,365.7,0.124097,1,p:1.2.4.1.2.2
U3633,146,FUSE2,447701.0,447701.0,450574.3,2873.3,2873.3,365.7,0.127275,1,p:2.1.2.2.1.2
U3634,146,FUSE2,447814.8,447814.8,450601.5,2786.7,2786.7,365.7,0.13123,1,p:1.1.1.2.2.2
U3739,151,FUSE0,447829.6,447829.6,450720.9,2891.3,2891.3,271.3,0.093833,1,p:2.1.5.1.2.2
U3740,151,FUSE0,447847.0,447847.0,450636.9,2789.9,2789.9,271.3,0.097244,1,p:1.1.3.1.2.2
U3741,151,FUSE0,447851.0,447851.0,450797.9,2946.9,2946.9,271.3,0.092063,1,p:2.1.4.1.2.2
U3742,151,FUSE0,447944.6,447944.6,450817.9,2873.3,2873.3,271.3,0.094421,1,p:1.1.2.2.1.2
U3743,151,FUSE0,448090.6,448090.6,450880.5,2789.9,2789.9,271.3,0.097244,1,p:2.1.3.1.2.2
U3744,151,FUSE0,448120.4,448120.4,450845.1,2724.7,2724.7,271.3,0.099571,1,p:1.1.1.2.2.2
U3745,151,FUSE0,448135.2,448135.2,450964.5,2829.3,2829.3,271.3,0.095889,1,p:2.1.5.1.2.2
U3746,151,FUSE0,448155.2,448155.2,451041.5,2886.3,2886.3,271.3,0.093996,1,p:1.1.4.1.2.2
U3747,151,FUSE1,448250.2,448250.2,451083.5,2833.3,2833.3,333.3,0.117637,1,p:2.1.2.1.2.2
U3748,151,FUSE1,448396.2,448396.2,451186.1,2789.9,2789.9,333.3,0.119467,1,p:1.1.3.1.2.2
U3749,151,FUSE1,448426.0,448426.0,451270.1,2844.1,2844.1,333.3,0.11719,1,p:2.1.5.1.2.2
U3750,151,FUSE1,448440.8,448440.8,451150.7,2709.9,2709.9,333.3,0.122993,1,p:1.1.1.2.2.2
U3751,151,FUSE1,448460.8,448460.8,451347.1,2886.3,2886.3,333.3,0.115477,1,p:2.1.4.1.2.2
U3752,151,FUSE1,448555.8,448555.8,451389.1,2833.3,2833.3,333.3,0.117637,1,p:1.1.2.1.2.2
U3753,151,FUSE1,448734.2,448734.2,451491.7,2757.5,2757.5,333.3,0.12087,1,p:2.1.3.1.2.2
U3754,151,FUSE1,448764.0,448764.0,451456.3,2692.3,2692.3,333.3,0.123797,1,p:1.1.1.2.2.2
U3755,151,FUSE2,448778.8,448778.8,451608.1,2829.3,2829.3,365.7,0.129255,1,p:2.1.5.1.2.2
U3756,151,FUSE2,448798.8,448798.8,451685.1,2886.3,2886.3,365.7,0.126702,1,p:1.1.4.1.2.2
U3757,151,FUSE2,448893.8,448893.8,451727.1,2833.3,2833.3,365.7,0.129072,1,p:2.1.2.1.2.2
U3758,151,FUSE2,449072.2,449072.2,451829.7,2757.5,2757.5,365.7,0.13262,1,p:1.1.3.1.2.2
U3759,151,FUSE2,449102.0,449102.0,451946.1,2844.1,2844.1,365.7,0.128582,1,p:2.1.5.1.2.2
U3760,151,FUSE2,449116.8,449116.8,451794.3,2677.5,2677.5,365.7,0.136583,1,p:1.1.1.2.2.2
U3761,151,FUSE2,449136.8,449136.8,452023.1,2886.3,2886.3,365.7,0.126702,1,p:2.1.4.1.2.2
U3762,151,FUSE2,449231.8,449231.8,452065.1,2833.3,2833.3,365.7,0.129072,1,p:1.1.2.1.2.2
U3763,151,FUSE2,449315.8,449315.8,452167.7,2851.9,2851.9,365.7,0.12823,1,p:2.1.3.2.2.2
U3002,122,FUSE0,449345.6,449345.6,452037.9,2692.3,2692.3,271.3,0.100769,1,p:1.1.1.1.2.2
U3003,122,FUSE0,449360.4,449360.4,452189.7,2829.3,2829.3,271.3,0.095889,1,p:2.1.5.1.2.2
U3004,122,FUSE0,449380.4,449380.4,452266.7,2886.3,2886.3,271.3,0.093996,1,p:1.1.4.1.2.2
U3005,122,FUSE0,449475.4,449475.4,452281.5,2806.1,2806.1,271.3,0.096682,1,p:2.1.1.1.2.2
U3006,122,FUSE0,449559.4,449559.4,452308.7,2749.3,2749.3,271.3,0.09868,1,p:1.1.2.1.2.2
U3007,122,FUSE0,449604.0,449604.0,452433.3,2829.3,2829.3,271.3,0.095889,1,p:2.1.5.1.2.2
U3008,122,FUSE0,449624.0,449624.0,452411.3,2787.3,2787.3,271.3,0.097334,1,p:1.1.3.2.2.2
U3009,122,FUSE0,449651.2,449651.2,452510.3,2859.1,2859.1,271.3,0.09489,1,p:2.1.4.1.2.2
U3010,122,FUSE0,449781.0,449781.0,452525.1,2744.1,2744.1,271.3,0.098867,1,p:1.1.1.1.2.2
U3011,122,FUSE1,449865.0,449865.0,452614.3,2749.3,2749.3,333.3,0.121231,1,p:2.1.2.1.2.2
U3012,122,FUSE1,449909.6,449909.6,452738.9,2829.3,2829.3,333.3,0.117803,1,p:1.1.5.1.2.2
U3013,122,FUSE1,449929.6,449929.6,452716.9,2787.3,2787.3,333.3,0.119578,1,p:2.1.3.2.2.2
U3014,122,FUSE1,449956.8,449956.8,452815.9,2859.1,2859.1,333.3,0.116575,1,p:1.1.4.1.2.2
U3015,122,FUSE1,450086.6,450086.6,452830.7,2744.1,2744.1,333.3,0.121461,1,p:2.1.1.1.2.2
U3016,122,FUSE1,450170.6,450170.6,452919.9,2749.3,2749.3,333.3,0.121231,1,p:1.1.2.1.2.2
U3017,122,FUSE1,450247.6,450247.6,453044.5,2796.9,2796.9,333.3,0.119168,1,p:2.1.5.1.2.2
U3018,122,FUSE1,450267.6,450267.6,453022.5,2754.9,2754.9,333.3,0.120984,1,p:1.1.3.2.2.2
U3019,122,FUSE1,450294.8,450294.8,453121.5,2826.7,2826.7,333.3,0.117911,1,p:2.1.4.1.2.2
U3020,122,FUSE2,450424.6,450424.6,453168.7,2744.1,2744.1,365.7,0.133268,1,p:1.1.1.1.2.2
U3021,122,FUSE2,450508.6,450508.6,453257.9,2749.3,2749.3,365.7,0.133016,1,p:2.1.2.1.2.2
U3022,122,FUSE2,450585.6,450585.6,453382.5,2796.9,2796.9,365.7,0.130752,1,p:1.1.5.1.2.2
U3023,122,FUSE2,450605.6,450605.6,453360.5,2754.9,2754.9,365.7,0.132745,1,p:2.1.3.2.2.2
U3024,122,FUSE2,450632.8,450632.8,453459.5,2826.7,2826.7,365.7,0.129373,1,p:1.1.4.1.2.2
U3025,122,FUSE2,450668.2,450668.2,453506.7,2838.5,2838.5,365.7,0.128836,1,p:2.1.1.1.2.2
U3026,122,FUSE2,450752.2,450752.2,453595.9,2843.7,2843.7,365.7,0.1286,1,p:1.1.2.1.2.2
U3027,122,FUSE2,450829.2,450829.2,453720.5,2891.3,2891.3,365.7,0.126483,1,p:2.1.5.1.2.2
U3028,122,FUSE2,450849.2,450849.2,453698.5,2849.3,2849.3,365.7,0.128347,1,p:1.1.3.2.2.2
U3029,122,FUSE2,450876.4,450876.4,453797.5,2921.1,2921.1,365.7,0.125193,1,p:2.1.4.1.2.2
U1978,81,FUSE0,450911.8,450911.8,453750.3,2838.5,2838.5,271.3,0.095579,1,p:1.1.1.2.2.2
U1979,81,FUSE0,450995.8,450995.8,453839.5,2843.7,2843.7,271.3,0.095404,1,p:2.1.2.1.2.2
U1980,81,FUSE0,451072.8,451072.8,453964.1,2891.3,2891.3,271.3,0.093833,1,p:1.1.5.1.2.2
U1981,81,FUSE0,451114.8,451114.8,453942.1,2827.3,2827.3,271.3,0.095957,1,p:2.1.3.2.2.2
U1982,81,FUSE0,451182.0,451182.0,454041.1,2859.1,2859.1,271.3,0.09489,1,p:1.1.4.1.2.2
U1983,81,FUSE0,451217.4,451217.4,453993.9,2776.5,2776.5,271.3,0.097713,1,p:2.1.1.2.2.2
U1984,81,FUSE0,451301.4,451301.4,454083.1,2781.7,2781.7,271.3,0.09753,1,p:1.1.2.1.2.2
U1985,81,FUSE0,451378.4,451378.4,454207.7,2829.3,2829.3,271.3,0.095889,1,p:2.1.5.1.2.2
U1986,81,FUSE0,451420.4,451420.4,454185.7,2765.3,2765.3,271.3,0.098109,1,p:1.1.3.2.2.2
U1987,81,FUSE0,451487.6,451487.6,454284.7,2797.1,2797.1,271.3,0.096993,1,p:2.1.4.1.2.2
U1988,81,FUSE1,451523.0,451523.0,454299.5,2776.5,2776.5,333.3,0.120043,1,p:1.1.1.1.2.2
U1989,81,FUSE1,451639.4,451639.4,454388.7,2749.3,2749.3,333.3,0.121231,1,p:2.1.2.1.2.2
U1990,81,FUSE1,451716.4,451716.4,454513.3,2796.9,2796.9,333.3,0.119168,1,p:1.1.5.1.2.2
U1991,81,FUSE1,451758.4,451758.4,454491.3,2732.9,2732.9,333.3,0.121958,1,p:2.1.3.2.2.2
U1992,81,FUSE1,451825.6,451825.6,454590.3,2764.7,2764.7,333.3,0.120556,1,p:1.1.4.1.2.2
U1993,81,FUSE1,451861.0,451861.0,454605.1,2744.1,2744.1,333.3,0.121461,1,p:2.1.1.1.2.2
U1994,81,FUSE1,451977.4,451977.4,454694.3,2716.9,2716.9,333.3,0.122677,1,p:1.1.2.1.2.2
U1995,81,FUSE1,452054.4,452054.4,454796.9,2742.5,2742.5,333.3,0.121531,1,p:2.1.3.2.2.2
U1996,81,FUSE1,452069.2,452069.2,454818.9,2749.7,2749.7,333.3,0.121213,1,p:1.1.5.1.2.2
U1997,81,FUSE1,452096.4,452096.4,454895.9,2799.5,2799.5,333.3,0.119057,1,p:2.1.4.1.2.2
U1998,81,FUSE2,452199.0,452199.0,454943.1,2744.1,2744.1,365.7,0.133268,1,p:1.1.1.1.2.2
U1999,81,FUSE2,452221.0,452221.0,455032.3,2811.3,2811.3,365.7,0.130082,1,p:2.1.2.1.2.2
U2000,81,FUSE2,452298.0,452298.0,455156.9,2858.9,2858.9,365.7,0.127916,1,p:1.1.5.1.2.2
U2001,81,FUSE2,452312.8,452312.8,455134.9,2822.1,2822.1,365.7,0.129584,1,p:2.1.3.2.2.2
U2002,81,FUSE2,452340.0,452340.0,455233.9,2893.9,2893.9,365.7,0.126369,1,p:1.1.4.1.2.2
U2003,81,FUSE2,452442.6,452442.6,455281.1,2838.5,2838.5,365.7,0.128836,1,p:2.1.1.1.2.2
U2004,81,FUSE2,452464.6,452464.6,455370.3,2905.7,2905.7,365.7,0.125856,1,p:1.1.2.1.2.2
U2005,81,FUSE2,452541.6,452541.6,455472.9,2931.3,2931.3,365.7,0.124757,1,p:2.1.3.2.2.2
U2006,81,FUSE2,452556.4,452556.4,455494.9,2938.5,2938.5,365.7,0.124451,1,p:1.1.5.1.2.2
U2406,98,FUSE0,452645.6,452645.6,455477.5,2831.9,2831.9,271.3,0.095801,1,p:2.1.4.1.2.2
U2407,98,FUSE0,452748.2,452748.2,455524.7,2776.5,2776.5,271.3,0.097713,1,p:1.1.1.1.2.2
U2408,98,FUSE0,452770.2,452770.2,455613.9,2843.7,2843.7,271.3,0.095404,1,p:2.1.2.1.2.2
U2409,98,FUSE0,452847.2,452847.2,455738.5,2891.3,2891.3,271.3,0.093833,1,p:1.1.5.1.2.2
U2410,98,FUSE0,452862.0,452862.0,455721.1,2859.1,2859.1,271.3,0.09489,1,p:2.1.4.1.2.2
U2411,98,FUSE0,452951.2,452951.2,455716.5,2765.3,2765.3,271.3,0.098109,1,p:1.1.3.2.2.2
U2412,98,FUSE0,453053.8,453053.8,455768.3,2714.5,2714.5,271.3,0.099945,1,p:2.1.1.1.2.2
U2413,98,FUSE0,453075.8,453075.8,455857.5,2781.7,2781.7,271.3,0.09753,1,p:1.1.2.1.2.2
U2414,98,FUSE0,453152.8,453152.8,455982.1,2829.3,2829.3,271.3,0.095889,1,p:2.1.5.1.2.2
U2415,98,FUSE1,453200.0,453200.0,456026.7,2826.7,2826.7,333.3,0.117911,1,p:1.1.4.1.2.2
U2416,98,FUSE1,453289.2,453289.2,456022.1,2732.9,2732.9,333.3,0.121958,1,p:2.1.3.1.2.2
U2417,98,FUSE1,453391.8,453391.8,456073.9,2682.1,2682.1,333.3,0.124268,1,p:1.1.1.1.2.2
U2418,98,FUSE1,453413.8,453413.8,456163.1,2749.3,2749.3,333.3,0.121231,1,p:2.1.2.1.2.2
U2419,98,FUSE1,453490.8,453490.8,456287.7,2796.9,2796.9,333.3,0.119168,1,p:1.1.5.1.2.2
U2420,98,FUSE1,453538.0,453538.0,456332.3,2794.3,2794.3,333.3,0.119279,1,p:2.1.4.1.2.2
U2421,98,FUSE1,453627.2,453627.2,456327.7,2700.5,2700.5,333.3,0.123422,1,p:1.1.3.1.2.2
U2422,98,FUSE1,453729.8,453729.8,456379.5,2649.7,2649.7,333.3,0.125788,1,p:2.1.1.1.2.2
U2423,98,FUSE2,453751.8,453751.8,456501.1,2749.3,2749.3,365.7,0.133016,1,p:1.1.2.1.2.2
U2424,98,FUSE2,453781.6,453781.6,456625.7,2844.1,2844.1,365.7,0.128582,1,p:2.1.5.1.2.2
U2425,98,FUSE2,453828.8,453828.8,456670.3,2841.5,2841.5,365.7,0.1287,1,p:1.1.4.1.2.2
U2426,98,FUSE2,453870.8,453870.8,456665.7,2794.9,2794.9,365.7,0.130845,1,p:2.1.3.1.2.2
U2427,98,FUSE2,453973.4,453973.4,456717.5,2744.1,2744.1,365.7,0.133268,1,p:1.1.1.1.2.2
U2428,98,FUSE2,453995.4,453995.4,456839.1,2843.7,2843.7,365.7,0.1286,1,p:2.1.2.1.2.2
U2429,98,FUSE2,454025.2,454025.2,456965.7,2940.5,2940.5,365.7,0.124367,1,p:1.1.5.1.2.2
U2430,98,FUSE2,454072.4,454072.4,457008.3,2935.9,2935.9,365.7,0.124561,1,p:2.1.4.1.2.2
U2431,98,FUSE2,454114.4,454114.4,457003.7,2889.3,2889.3,365.7,0.12657,1,p:1.1.3.1.2.2
U2159,88,FUSE0,454217.0,454217.0,456961.1,2744.1,2744.1,271.3,0.098867,1,p:2.1.1.2.2.2
U2160,88,FUSE0,454239.0,454239.0,457082.7,2843.7,2843.7,271.3,0.095404,1,p:1.1.2.1.2.2
U2161,88,FUSE0,454316.0,454316.0,457251.9,2935.9,2935.9,271.3,0.092408,1,p:2.1.4.1.2.2
U2162,88,FUSE0,454330.8,454330.8,457209.3,2878.5,2878.5,271.3,0.09425,1,p:1.1.5.1.2.2
U2163,88,FUSE0,454420.0,454420.0,457204.7,2784.7,2784.7,271.3,0.097425,1,p:2.1.1.2.2.2
U2164,88,FUSE0,454522.6,454522.6,457247.3,2724.7,2724.7,271.3,0.099571,1,p:1.1.3.1.2.2
U2165,88,FUSE0,454544.6,454544.6,457326.3,2781.7,2781.7,271.3,0.09753,1,p:2.1.2.1.2.2
U2166,88,FUSE0,454621.6,454621.6,457450.9,2829.3,2829.3,271.3,0.095889,1,p:1.1.5.1.2.2
U2167,88,FUSE1,454636.4,454636.4,457557.5,2921.1,2921.1,333.3,0.114101,1,p:2.1.4.1.2.2
U2168,88,FUSE1,454725.6,454725.6,457510.3,2784.7,2784.7,333.3,0.11969,1,p:1.1.1.2.2.2
U2169,88,FUSE1,454828.2,454828.2,457552.9,2724.7,2724.7,333.3,0.122325,1,p:2.1.3.1.2.2
U2170,88,FUSE1,454850.2,454850.2,457631.9,2781.7,2781.7,333.3,0.119819,1,p:1.1.2.1.2.2
U2171,88,FUSE1,454927.2,454927.2,457756.5,2829.3,2829.3,333.3,0.117803,1,p:2.1.5.1.2.2
U2172,88,FUSE1,454974.4,454974.4,457863.1,2888.7,2888.7,333.3,0.115381,1,p:1.1.4.1.2.2
U2173,88,FUSE1,455063.6,455063.6,457815.9,2752.3,2752.3,333.3,0.121099,1,p:2.1.1.2.2.2
U2174,88,FUSE1,455166.2,455166.2,457858.5,2692.3,2692.3,333.3,0.123797,1,p:1.1.3.1.2.2
U2175,88,FUSE2,455188.2,455188.2,457969.9,2781.7,2781.7,365.7,0.131466,1,p:2.1.2.1.2.2
U2176,88,FUSE2,455265.2,455265.2,458094.5,2829.3,2829.3,365.7,0.129255,1,p:1.1.5.1.2.2
U2177,88,FUSE2,455312.4,455312.4,458201.1,2888.7,2888.7,365.7,0.126597,1,p:2.1.4.1.2.2
U2178,88,FUSE2,455401.6,455401.6,458153.9,2752.3,2752.3,365.7,0.132871,1,p:1.1.1.2.2.2
U2179,88,FUSE2,455504.2,455504.2,458196.5,2692.3,2692.3,365.7,0.135832,1,p:2.1.3.1.2.2
U2180,88,FUSE2,455508.8,455508.8,458307.9,2799.1,2799.1,365.7,0.130649,1,p:1.2.2.1.2.2
U2181,88,FUSE2,455526.2,455526.2,458432.5,2906.3,2906.3,365.7,0.12583,1,p:2.1.5.1.2.2
U2182,88,FUSE2,455556.0,455556.0,458539.1,2983.1,2983.1,365.7,0.122591,1,p:1.1.4.1.2.2
U2183,88,FUSE2,455645.2,455645.2,458491.9,2846.7,2846.7,365.7,0.128465,1,p:2.1.1.2.2.2
U7655,307,FUSE0,455747.8,455747.8,458440.1,2692.3,2692.3,271.3,0.100769,1,p:1.1.3.1.2.2
U7656,307,FUSE0,455752.4,455752.4,458676.1,2923.7,2923.7,271.3,0.092793,1,p:2.1.5.1.2.2
U7657,307,FUSE0,455769.8,455769.8,458551.5,2781.7,2781.7,271.3,0.09753,1,p:1.1.2.1.2.2
U7658,307,FUSE0,455799.6,455799.6,458683.7,2884.1,2884.1,271.3,0.094067,1,p:2.1.3.1.2.2
U7659,307,FUSE0,455888.8,455888.8,458782.7,2893.9,2893.9,271.3,0.093749,1,p:1.1.4.1.2.2
U7660,307,FUSE0,456013.4,456013.4,458735.5,2722.1,2722.1,271.3,0.099666,1,p:2.1.1.2.2.2
U7661,307,FUSE0,456053.4,456053.4,458795.1,2741.7,2741.7,271.3,0.098953,1,p:1.1.2.1.2.2
U7662,307,FUSE0,456058.0,456058.0,458919.7,2861.7,2861.7,271.3,0.094804,1,p:2.1.5.1.2.2
U7663,307,FUSE1,456105.2,456105.2,458989.3,2884.1,2884.1,333.3,0.115565,1,p:1.1.3.1.2.2
U7664,307,FUSE1,456194.4,456194.4,459088.3,2893.9,2893.9,333.3,0.115173,1,p:2.1.4.1.2.2
U7665,307,FUSE1,456319.0,456319.0,459041.1,2722.1,2722.1,333.3,0.122442,1,p:1.1.1.2.2.2
U7666,307,FUSE1,456359.0,456359.0,459100.7,2741.7,2741.7,333.3,0.121567,1,p:2.1.2.1.2.2
U7667,307,FUSE1,456363.6,456363.6,459225.3,2861.7,2861.7,333.3,0.116469,1,p:1.2.5.1.2.2
U7668,307,FUSE1,456410.8,456410.8,459294.9,2884.1,2884.1,333.3,0.115565,1,p:2.1.3.1.2.2
U7669,307,FUSE1,456532.4,456532.4,459393.9,2861.5,2861.5,333.3,0.116477,1,p:1.1.4.1.2.2
U7670,307,FUSE1,456657.0,456657.0,459346.7,2689.7,2689.7,333.3,0.123917,1,p:2.1.1.2.2.2
U7671,307,FUSE2,456697.0,456697.0,459438.7,2741.7,2741.7,365.7,0.133384,1,p:1.1.2.1.2.2
U7672,307,FUSE2,456701.6,456701.6,459563.3,2861.7,2861.7,365.7,0.127791,1,p:2.1.5.1.2.2
U7673,307,FUSE2,456748.8,456748.8,459632.9,2884.1,2884.1,365.7,0.126799,1,p:1.1.3.1.2.2
U7674,307,FUSE2,456870.4,456870.4,459731.9,2861.5,2861.5,365.7,0.1278,1,p:2.1.4.1.2.2
U7675,307,FUSE2,456992.4,456992.4,459684.7,2692.3,2692.3,365.7,0.135832,1,p:1.1.1.2.2.2
U7676,307,FUSE2,456997.0,456997.0,459776.7,2779.7,2779.7,365.7,0.131561,1,p:2.1.2.1.2.2
U7677,307,FUSE2,457035.0,457035.0,459901.3,2866.3,2866.3,365.7,0.127586,1,p:1.1.5.1.2.2
U7678,307,FUSE2,457039.6,457039.6,459970.9,2931.3,2931.3,365.7,0.124757,1,p:2.1.3.1.2.2
U6852,275,FUSE0,457114.0,457114.0,459975.5,2861.5,2861.5,271.3,0.09481,1,p:1.1.4.1.2.2
U6853,275,FUSE0,457236.0,457236.0,459928.3,2692.3,2692.3,271.3,0.100769,1,p:2.1.1.2.2.2
U6854,275,FUSE0,457240.6,457240.6,460020.3,2779.7,2779.7,271.3,0.0976,1,p:1.2.2.1.2.2
U6855,275,FUSE0,457278.6,457278.6,460144.9,2866.3,2866.3,271.3,0.094652,1,p:2.1.5.1.2.2
U6856,275,FUSE0,457283.2,457283.2,460219.1,2935.9,2935.9,271.3,0.092408,1,p:1.2.4.1.2.2
U6857,275,FUSE0,457357.6,457357.6,460171.9,2814.3,2814.3,271.3,0.096401,1,p:2.1.1.2.2.2
U6858,275,FUSE0,457482.2,457482.2,460214.5,2732.3,2732.3,271.3,0.099294,1,p:1.1.3.1.2.2
U6859,275,FUSE1,457541.6,457541.6,460325.9,2784.3,2784.3,333.3,0.119707,1,p:2.1.2.1.2.2
U6860,275,FUSE1,457584.2,457584.2,460450.5,2866.3,2866.3,333.3,0.116282,1,p:1.1.5.1.2.2
U6861,275,FUSE1,457588.8,457588.8,460524.7,2935.9,2935.9,333.3,0.113526,1,p:2.1.4.1.2.2
U6862,275,FUSE1,457663.2,457663.2,460477.5,2814.3,2814.3,333.3,0.118431,1,p:1.1.1.2.2.2
U6863,275,FUSE1,457787.8,457787.8,460520.1,2732.3,2732.3,333.3,0.121985,1,p:2.1.3.1.2.2
U6864,275,FUSE1,457847.2,457847.2,460631.5,2784.3,2784.3,333.3,0.119707,1,p:1.1.2.1.2.2
U6865,275,FUSE1,457889.8,457889.8,460756.1,2866.3,2866.3,333.3,0.116282,1,p:2.1.5.1.2.2
U6866,275,FUSE2,457894.4,457894.4,460862.7,2968.3,2968.3,365.7,0.123202,1,p:1.2.4.1.2.2
U6867,275,FUSE2,458001.2,458001.2,460815.5,2814.3,2814.3,365.7,0.129944,1,p:2.1.1.2.2.2
U6868,275,FUSE2,458125.8,458125.8,460858.1,2732.3,2732.3,365.7,0.133843,1,p:1.1.3.1.2.2
U6869,275,FUSE2,458185.2,458185.2,460969.5,2784.3,2784.3,365.7,0.131344,1,p:2.1.2.1.2.2
U6870,275,FUSE2,458227.8,458227.8,461094.1,2866.3,2866.3,365.7,0.127586,1,p:1.1.5.1.2.2
U6871,275,FUSE2,458232.4,458232.4,461200.7,2968.3,2968.3,365.7,0.123202,1,p:2.1.4.1.2.2
U6872,275,FUSE2,458339.2,458339.2,461153.5,2814.3,2814.3,365.7,0.129944,1,p:1.1.1.2.2.2
U2085,85,FUSE0,458463.8,458463.8,461101.7,2637.9,2637.9,271.3,0.102847,1,p:2.1.3.1.2.2
U2086,85,FUSE0,458471.4,458471.4,461213.1,2741.7,2741.7,271.3,0.098953,1,p:1.2.2.1.2.2
U2087,85,FUSE0,458523.2,458523.2,461337.7,2814.5,2814.5,271.3,0.096394,1,p:2.1.5.1.2.2
U2088,85,FUSE0,458570.4,458570.4,461345.3,2774.9,2774.9,271.3,0.097769,1,p:1.1.3.1.2.2
U2089,85,FUSE0,458582.8,458582.8,461444.3,2861.5,2861.5,271.3,0.09481,1,p:2.1.4.1.2.2
U2090,85,FUSE0,458707.4,458707.4,461397.1,2689.7,2689.7,271.3,0.100866,1,p:1.1.1.2.2.2
U2091,85,FUSE0,458715.0,458715.0,461456.7,2741.7,2741.7,271.3,0.098953,1,p:2.1.2.1.2.2
U2092,85,FUSE0,458766.8,458766.8,461581.3,2814.5,2814.5,271.3,0.096394,1,p:1.1.5.1.2.2
U2093,85,FUSE1,458814.0,458814.0,461749.9,2935.9,2935.9,333.3,0.113526,1,p:2.1.4.1.2.2
U2094,85,FUSE1,458826.4,458826.4,461650.9,2824.5,2824.5,333.3,0.118003,1,p:1.1.3.1.2.2
U2095,85,FUSE1,458951.0,458951.0,461702.7,2751.7,2751.7,333.3,0.121125,1,p:2.1.1.2.2.2
U2096,85,FUSE1,459020.6,459020.6,461762.3,2741.7,2741.7,333.3,0.121567,1,p:1.1.2.1.2.2
U2097,85,FUSE1,459072.4,459072.4,461886.9,2814.5,2814.5,333.3,0.118422,1,p:2.1.5.1.2.2
U2098,85,FUSE1,459119.6,459119.6,461956.5,2836.9,2836.9,333.3,0.117487,1,p:1.1.3.1.2.2
U2099,85,FUSE1,459132.0,459132.0,462055.5,2923.5,2923.5,333.3,0.114007,1,p:2.1.4.1.2.2
U2100,85,FUSE1,459256.6,459256.6,462008.3,2751.7,2751.7,333.3,0.121125,1,p:1.1.1.2.2.2
U2101,85,FUSE1,459326.2,459326.2,462067.9,2741.7,2741.7,333.3,0.121567,1,p:2.1.2.1.2.2
U2102,85,FUSE2,459378.0,459378.0,462224.9,2846.9,2846.9,365.7,0.128456,1,p:1.1.5.1.2.2
U2103,85,FUSE2,459425.2,459425.2,462294.5,2869.3,2869.3,365.7,0.127453,1,p:2.1.3.1.2.2
U2104,85,FUSE2,459470.0,459470.0,462393.5,2923.5,2923.5,365.7,0.12509,1,p:1.1.4.1.2.2
U2105,85,FUSE2,459594.6,459594.6,462346.3,2751.7,2751.7,365.7,0.1329,1,p:2.1.1.2.2.2
U2106,85,FUSE2,459664.2,459664.2,462405.9,2741.7,2741.7,365.7,0.133384,1,p:1.1.2.1.2.2
U2107,85,FUSE2,459716.0,459716.0,462562.9,2846.9,2846.9,365.7,0.128456,1,p:2.1.5.1.2.2
U2108,85,FUSE2,459763.2,459763.2,462632.5,2869.3,2869.3,365.7,0.127453,1,p:1.1.3.1.2.2
U2109,85,FUSE2,459808.0,459808.0,462731.5,2923.5,2923.5,365.7,0.12509,1,p:2.1.4.1.2.2
U2110,85,FUSE2,459932.6,459932.6,462684.3,2751.7,2751.7,365.7,0.1329,1,p:1.1.1.2.2.2
U181,8,FUSE0,459959.6,459959.6,462649.5,2689.9,2689.9,271.3,0.100859,1,p:2.1.2.1.2.2
U182,8,FUSE0,460002.2,460002.2,462806.5,2804.3,2804.3,271.3,0.096744,1,p:1.1.5.1.2.2
U183,8,FUSE0,460006.8,460006.8,462876.1,2869.3,2869.3,271.3,0.094553,1,p:2.1.3.1.2.2
U184,8,FUSE0,460051.6,460051.6,462893.1,2841.5,2841.5,271.3,0.095478,1,p:1.1.2.1.2.2
U185,8,FUSE0,460176.2,460176.2,462975.1,2798.9,2798.9,271.3,0.096931,1,p:2.1.4.1.2.2
U186,8,FUSE0,460203.2,460203.2,462927.9,2724.7,2724.7,271.3,0.099571,1,p:1.1.1.2.2.2
U187,8,FUSE0,460245.8,460245.8,463050.1,2804.3,2804.3,271.3,0.096744,1,p:2.1.5.1.2.2
U188,8,FUSE0,460250.4,460250.4,463119.7,2869.3,2869.3,271.3,0.094553,1,p:1.2.3.1.2.2
U189,8,FUSE1,460357.2,460357.2,463198.7,2841.5,2841.5,333.3,0.117297,1,p:2.1.2.1.2.2
U190,8,FUSE1,460481.8,460481.8,463280.7,2798.9,2798.9,333.3,0.119082,1,p:1.1.4.1.2.2
U191,8,FUSE1,460508.8,460508.8,463233.5,2724.7,2724.7,333.3,0.122325,1,p:2.1.1.2.2.2
U192,8,FUSE1,460551.4,460551.4,463355.7,2804.3,2804.3,333.3,0.118853,1,p:1.1.5.1.2.2
U193,8,FUSE1,460556.0,460556.0,463425.3,2869.3,2869.3,333.3,0.116161,1,p:2.1.3.1.2.2
U194,8,FUSE1,460662.8,460662.8,463504.3,2841.5,2841.5,333.3,0.117297,1,p:1.1.2.1.2.2
U195,8,FUSE1,460787.4,460787.4,463586.3,2798.9,2798.9,333.3,0.119082,1,p:2.1.4.1.2.2
U196,8,FUSE1,460846.8,460846.8,463539.1,2692.3,2692.3,333.3,0.123797,1,p:1.1.1.2.2.2
U197,8,FUSE1,460889.4,460889.4,463661.3,2771.9,2771.9,333.3,0.120242,1,p:2.1.5.1.2.2
U198,8,FUSE2,460894.0,460894.0,463763.3,2869.3,2869.3,365.7,0.127453,1,p:1.2.3.1.2.2
U199,8,FUSE2,461000.8,461000.8,463842.3,2841.5,2841.5,365.7,0.1287,1,p:2.1.2.1.2.2
U200,8,FUSE2,461125.4,461125.4,463924.3,2798.9,2798.9,365.7,0.130658,1,p:1.1.4.1.2.2
U201,8,FUSE2,461133.0,461133.0,463877.1,2744.1,2744.1,365.7,0.133268,1,p:2.1.1.2.2.2
U202,8,FUSE2,461184.8,461184.8,463999.3,2814.5,2814.5,365.7,0.129934,1,p:1.1.5.1.2.2
U203,8,FUSE2,461232.0,461232.0,464180.3,2948.3,2948.3,365.7,0.124038,1,p:2.1.2.1.2.2
U204,8,FUSE2,461244.4,461244.4,464101.3,2856.9,2856.9,365.7,0.128006,1,p:1.1.3.1.2.2
U205,8,FUSE2,461369.0,461369.0,464262.3,2893.3,2893.3,365.7,0.126395,1,p:2.1.4.1.2.2
U206,8,FUSE2,461376.6,461376.6,464215.1,2838.5,2838.5,365.7,0.128836,1,p:1.2.1.2.2.2
U7940,318,FUSE0,461428.4,461428.4,464242.9,2814.5,2814.5,271.3,0.096394,1,p:2.1.5.1.2.2
U7941,318,FUSE0,461475.6,461475.6,464344.9,2869.3,2869.3,271.3,0.094553,1,p:1.1.3.1.2.2
U7942,318,FUSE0,461488.0,461488.0,464423.9,2935.9,2935.9,271.3,0.092408,1,p:2.1.2.1.2.2
U7943,318,FUSE0,461612.6,461612.6,464486.5,2873.9,2873.9,271.3,0.094401,1,p:1.1.5.1.2.2
U7944,318,FUSE0,461682.2,461682.2,464505.9,2823.7,2823.7,271.3,0.09608,1,p:2.1.4.1.2.2
U7945,318,FUSE0,461734.0,461734.0,464458.7,2724.7,2724.7,271.3,0.099571,1,p:1.1.1.2.2.2
U7946,318,FUSE0,461781.2,461781.2,464667.5,2886.3,2886.3,271.3,0.093996,1,p:2.1.2.1.2.2
U7947,318,FUSE0,461793.6,461793.6,464588.5,2794.9,2794.9,271.3,0.09707,1,p:1.1.3.1.2.2
U7948,318,FUSE1,461918.2,461918.2,464792.1,2873.9,2873.9,333.3,0.115975,1,p:2.1.5.1.2.2
U7949,318,FUSE1,461987.8,461987.8,464811.5,2823.7,2823.7,333.3,0.118037,1,p:1.1.4.1.2.2
U7950,318,FUSE1,462039.6,462039.6,464764.3,2724.7,2724.7,333.3,0.122325,1,p:2.1.1.2.2.2
U7951,318,FUSE1,462086.8,462086.8,464894.1,2807.3,2807.3,333.3,0.118726,1,p:1.1.3.1.2.2
U7952,318,FUSE1,462099.2,462099.2,464973.1,2873.9,2873.9,333.3,0.115975,1,p:2.1.2.1.2.2
U7953,318,FUSE1,462256.2,462256.2,465097.7,2841.5,2841.5,333.3,0.117297,1,p:1.1.5.1.2.2
U7954,318,FUSE1,462325.8,462325.8,465117.1,2791.3,2791.3,333.3,0.119407,1,p:2.1.4.1.2.2
U7955,318,FUSE1,462377.6,462377.6,465069.9,2692.3,2692.3,333.3,0.123797,1,p:1.1.1.2.2.2
U7956,318,FUSE2,462424.8,462424.8,465311.1,2886.3,2886.3,365.7,0.126702,1,p:2.1.2.1.2.2
U7957,318,FUSE2,462437.2,462437.2,465232.1,2794.9,2794.9,365.7,0.130845,1,p:1.1.3.1.2.2
U7958,318,FUSE2,462594.2,462594.2,465435.7,2841.5,2841.5,365.7,0.1287,1,p:2.1.5.1.2.2
U7959,318,FUSE2,462663.8,462663.8,465455.1,2791.3,2791.3,365.7,0.131014,1,p:1.1.4.1.2.2
U7960,318,FUSE2,462680.8,462680.8,465407.9,2727.1,2727.1,365.7,0.134098,1,p:2.1.1.2.2.2
U7961,318,FUSE2,462715.6,462715.6,465570.1,2854.5,2854.5,365.7,0.128114,1,p:1.1.3.1.2.2
U7962,318,FUSE2,462762.8,462762.8,465649.1,2886.3,2886.3,365.7,0.126702,1,p:2.1.2.1.2.2
U7963,318,FUSE2,462837.8,462837.8,465773.7,2935.9,2935.9,365.7,0.124561,1,p:1.1.5.1.2.2
U7964,318,FUSE2,462907.4,462907.4,465745.9,2838.5,2838.5,365.7,0.128836,1,p:2.1.1.2.2.2
U7049,283,FUSE0,462924.4,462924.4,465698.7,2774.3,2774.3,271.3,0.09779,1,p:1.1.4.1.2.2
U7050,283,FUSE0,462959.2,462959.2,465813.7,2854.5,2854.5,271.3,0.095043,1,p:2.1.3.1.2.2
U7051,283,FUSE0,463006.4,463006.4,465892.7,2886.3,2886.3,271.3,0.093996,1,p:1.1.2.1.2.2
U7052,283,FUSE0,463081.4,463081.4,465942.3,2860.9,2860.9,271.3,0.09483,1,p:2.1.4.1.2.2
U7053,283,FUSE0,463151.0,463151.0,466017.3,2866.3,2866.3,271.3,0.094652,1,p:1.1.5.1.2.2
U7054,283,FUSE0,463230.0,463230.0,465989.5,2759.5,2759.5,271.3,0.098315,1,p:2.1.1.2.2.2
U7055,283,FUSE0,463264.8,463264.8,466057.3,2792.5,2792.5,271.3,0.097153,1,p:1.1.3.1.2.2
U7056,283,FUSE0,463312.0,463312.0,466136.3,2824.3,2824.3,271.3,0.096059,1,p:2.1.2.1.2.2
U7057,283,FUSE0,463387.0,463387.0,466185.9,2798.9,2798.9,271.3,0.096931,1,p:1.1.4.1.2.2
U7058,283,FUSE1,463456.6,463456.6,466322.9,2866.3,2866.3,333.3,0.116282,1,p:2.1.5.1.2.2
U7059,283,FUSE1,463535.6,463535.6,466295.1,2759.5,2759.5,333.3,0.120783,1,p:1.1.1.2.2.2
U7060,283,FUSE1,463570.4,463570.4,466362.9,2792.5,2792.5,333.3,0.119355,1,p:2.1.3.1.2.2
U7061,283,FUSE1,463617.6,463617.6,466441.9,2824.3,2824.3,333.3,0.118012,1,p:1.1.2.1.2.2
U7062,283,FUSE1,463692.6,463692.6,466491.5,2798.9,2798.9,333.3,0.119082,1,p:2.1.4.1.2.2
U7063,283,FUSE1,463794.6,463794.6,466628.5,2833.9,2833.9,333.3,0.117612,1,p:1.1.5.1.2.2
U7064,283,FUSE1,463873.6,463873.6,466600.7,2727.1,2727.1,333.3,0.122218,1,p:2.1.1.2.2.2
U7065,283,FUSE1,463908.4,463908.4,466668.5,2760.1,2760.1,333.3,0.120756,1,p:1.1.3.1.2.2
U7066,283,FUSE1,463955.6,463955.6,466747.5,2791.9,2791.9,333.3,0.119381,1,p:2.1.2.1.2.2
U7067,283,FUSE2,464030.6,464030.6,466829.5,2798.9,2798.9,365.7,0.130658,1,p:1.1.4.1.2.2
U7068,283,FUSE2,464132.6,464132.6,466966.5,2833.9,2833.9,365.7,0.129045,1,p:2.1.5.1.2.2
U7069,283,FUSE2,464211.6,464211.6,466938.7,2727.1,2727.1,365.7,0.134098,1,p:1.1.1.2.2.2
U7070,283,FUSE2,464246.4,464246.4,467006.5,2760.1,2760.1,365.7,0.132495,1,p:2.1.3.1.2.2
U7071,283,FUSE2,464274.2,464274.2,467085.5,2811.3,2811.3,365.7,0.130082,1,p:1.1.2.1.2.2
U7072,283,FUSE2,464293.6,464293.6,467167.5,2873.9,2873.9,365.7,0.127249,1,p:2.1.4.1.2.2
U7073,283,FUSE2,464376.2,464376.2,467304.5,2928.3,2928.3,365.7,0.124885,1,p:1.1.5.1.2.2
U7074,283,FUSE2,464455.2,464455.2,467276.7,2821.5,2821.5,365.7,0.129612,1,p:2.1.1.2.2.2
U7075,283,FUSE2,464490.0,464490.0,467344.5,2854.5,2854.5,365.7,0.128114,1,p:1.1.3.1.2.2
U7076,283,FUSE2,464517.8,464517.8,467505.5,2987.7,2987.7,365.7,0.122402,1,p:2.1.4.1.2.2
U3686,149,FUSE0,464537.2,464537.2,467329.1,2791.9,2791.9,271.3,0.097174,1,p:1.1.2.1.2.2
U3687,149,FUSE0,464619.8,464619.8,467548.1,2928.3,2928.3,271.3,0.092648,1,p:2.1.5.1.2.2
U3688,149,FUSE0,464698.8,464698.8,467520.3,2821.5,2821.5,271.3,0.096155,1,p:1.1.1.2.2.2
U3689,149,FUSE0,464795.6,464795.6,467588.1,2792.5,2792.5,271.3,0.097153,1,p:2.1.3.1.2.2
U3690,149,FUSE0,464823.4,464823.4,467572.7,2749.3,2749.3,271.3,0.09868,1,p:1.1.2.1.2.2
U3691,149,FUSE0,464842.8,464842.8,467749.1,2906.3,2906.3,271.3,0.093349,1,p:2.1.4.1.2.2
U3692,149,FUSE0,464925.4,464925.4,467791.7,2866.3,2866.3,271.3,0.094652,1,p:1.1.5.1.2.2
U3693,149,FUSE0,465004.4,465004.4,467763.9,2759.5,2759.5,271.3,0.098315,1,p:2.1.1.2.2.2
U3694,149,FUSE0,465101.2,465101.2,467831.7,2730.5,2730.5,271.3,0.099359,1,p:1.1.3.1.2.2
U3695,149,FUSE1,465129.0,465129.0,468054.7,2925.7,2925.7,333.3,0.113921,1,p:2.1.4.1.2.2
U3696,149,FUSE1,465148.4,465148.4,467878.3,2729.9,2729.9,333.3,0.122092,1,p:1.1.2.1.2.2
U3697,149,FUSE1,465263.4,465263.4,468097.3,2833.9,2833.9,333.3,0.117612,1,p:2.1.5.1.2.2
U3698,149,FUSE1,465342.4,465342.4,468069.5,2727.1,2727.1,333.3,0.122218,1,p:1.1.1.2.2.2
U3699,149,FUSE1,465439.2,465439.2,468137.3,2698.1,2698.1,333.3,0.123531,1,p:2.1.3.1.2.2
U3700,149,FUSE1,465467.0,465467.0,468183.9,2716.9,2716.9,333.3,0.122677,1,p:1.1.2.1.2.2
U3701,149,FUSE1,465486.4,465486.4,468360.3,2873.9,2873.9,333.3,0.115975,1,p:2.1.4.1.2.2
U3702,149,FUSE1,465601.4,465601.4,468402.9,2801.5,2801.5,333.3,0.118972,1,p:1.1.5.1.2.2
U3703,149,FUSE1,465680.4,465680.4,468375.1,2694.7,2694.7,333.3,0.123687,1,p:2.1.1.2.2.2
U3704,149,FUSE2,465730.0,465730.0,468475.3,2745.3,2745.3,365.7,0.133209,1,p:1.1.3.1.2.2
U3705,149,FUSE2,465777.2,465777.2,468521.9,2744.7,2744.7,365.7,0.133239,1,p:2.1.2.1.2.2
U3706,149,FUSE2,465805.0,465805.0,468698.3,2893.3,2893.3,365.7,0.126395,1,p:1.1.4.1.2.2
U3707,149,FUSE2,465845.0,465845.0,468740.9,2895.9,2895.9,365.7,0.126282,1,p:2.1.5.1.2.2
U3708,149,FUSE2,465924.0,465924.0,468713.1,2789.1,2789.1,365.7,0.131118,1,p:1.1.1.2.2.2
U3709,149,FUSE2,465973.6,465973.6,468813.3,2839.7,2839.7,365.7,0.128781,1,p:2.1.3.1.2.2
U3710,149,FUSE2,466020.8,466020.8,468859.9,2839.1,2839.1,365.7,0.128808,1,p:1.1.2.1.2.2
U3711,149,FUSE2,466048.6,466048.6,469036.3,2987.7,2987.7,365.7,0.122402,1,p:2.1.4.1.2.2
U502,21,FUSE0,466088.6,466088.6,468984.5,2895.9,2895.9,271.3,0.093684,1,p:1.1.5.1.2.2
U503,21,FUSE0,466167.6,466167.6,468956.7,2789.1,2789.1,271.3,0.097272,1,p:2.1.1.2.2.2
U504,21,FUSE0,466217.2,466217.2,469056.9,2839.7,2839.7,271.3,0.095538,1,p:1.1.3.1.2.2
U505,21,FUSE0,466326.4,466326.4,469103.5,2777.1,2777.1,271.3,0.097692,1,p:2.1.2.1.2.2
U506,21,FUSE0,466354.2,466354.2,469228.1,2873.9,2873.9,271.3,0.094401,1,p:1.1.5.1.2.2
U507,21,FUSE0,466394.2,466394.2,469200.3,2806.1,2806.1,271.3,0.096682,1,p:2.1.1.2.2.2
U508,21,FUSE0,466473.2,466473.2,469279.9,2806.7,2806.7,271.3,0.096662,1,p:1.1.4.1.2.2
U509,21,FUSE1,466522.8,466522.8,469362.5,2839.7,2839.7,333.3,0.117372,1,p:2.1.3.1.2.2
U510,21,FUSE1,466632.0,466632.0,469409.1,2777.1,2777.1,333.3,0.120017,1,p:1.1.2.1.2.2
U511,21,FUSE1,466659.8,466659.8,469533.7,2873.9,2873.9,333.3,0.115975,1,p:2.1.5.1.2.2
U512,21,FUSE1,466699.8,466699.8,469505.9,2806.1,2806.1,333.3,0.118777,1,p:1.1.1.2.2.2
U513,21,FUSE1,466778.8,466778.8,469585.5,2806.7,2806.7,333.3,0.118752,1,p:2.1.4.1.2.2
U514,21,FUSE1,466860.8,466860.8,469668.1,2807.3,2807.3,333.3,0.118726,1,p:1.1.3.1.2.2
U515,21,FUSE1,466970.0,466970.0,469714.7,2744.7,2744.7,333.3,0.121434,1,p:2.1.2.1.2.2
U516,21,FUSE2,466997.8,466997.8,469871.7,2873.9,2873.9,365.7,0.127249,1,p:1.1.5.1.2.2
U517,21,FUSE2,467037.8,467037.8,469843.9,2806.1,2806.1,365.7,0.130323,1,p:2.1.1.2.2.2
U518,21,FUSE2,467116.8,467116.8,469923.5,2806.7,2806.7,365.7,0.130295,1,p:1.1.4.1.2.2
U519,21,FUSE2,467198.8,467198.8,470006.1,2807.3,2807.3,365.7,0.130268,1,p:2.1.3.1.2.2
U520,21,FUSE2,467308.0,467308.0,470052.7,2744.7,2744.7,365.7,0.133239,1,p:1.1.2.1.2.2
U521,21,FUSE2,467335.8,467335.8,470209.7,2873.9,2873.9,365.7,0.127249,1,p:2.1.5.1.2.2
U522,21,FUSE2,467360.4,467360.4,470181.9,2821.5,2821.5,365.7,0.129612,1,p:1.1.1.2.2.2
U7602,305,FUSE0,467375.8,467375.8,470167.1,2791.3,2791.3,271.3,0.097195,1,p:2.1.4.1.2.2
U7603,305,FUSE0,467536.8,467536.8,470249.7,2712.9,2712.9,271.3,0.100004,1,p:1.1.3.1.2.2
U7604,305,FUSE0,467551.6,467551.6,470296.3,2744.7,2744.7,271.3,0.098845,1,p:2.1.2.1.2.2
U7605,305,FUSE0,467579.4,467579.4,470410.7,2831.3,2831.3,271.3,0.095822,1,p:1.1.4.1.2.2
U7606,305,FUSE0,467604.0,467604.0,470425.5,2821.5,2821.5,271.3,0.096155,1,p:2.1.1.2.2.2
U7607,305,FUSE0,467619.4,467619.4,470453.3,2833.9,2833.9,271.3,0.095734,1,p:1.1.5.1.2.2
U7608,305,FUSE0,467780.4,467780.4,470539.9,2759.5,2759.5,271.3,0.098315,1,p:2.1.2.1.2.2
U7609,305,FUSE0,467795.2,467795.2,470493.3,2698.1,2698.1,271.3,0.100552,1,p:1.1.3.1.2.2
U7610,305,FUSE1,467823.0,467823.0,470716.3,2893.3,2893.3,333.3,0.115197,1,p:2.1.4.1.2.2
U7611,305,FUSE1,467863.0,467863.0,470758.9,2895.9,2895.9,333.3,0.115094,1,p:1.1.5.1.2.2
U7612,305,FUSE1,467909.6,467909.6,470731.1,2821.5,2821.5,333.3,0.118129,1,p:2.1.1.2.2.2
U7613,305,FUSE1,468086.0,468086.0,470798.9,2712.9,2712.9,333.3,0.122857,1,p:1.1.3.1.2.2
U7614,305,FUSE1,468100.8,468100.8,470845.5,2744.7,2744.7,333.3,0.121434,1,p:2.1.2.1.2.2
U7615,305,FUSE1,468128.6,468128.6,471021.9,2893.3,2893.3,333.3,0.115197,1,p:1.1.4.1.2.2
U7616,305,FUSE1,468168.6,468168.6,471064.5,2895.9,2895.9,333.3,0.115094,1,p:2.1.5.1.2.2
U7617,305,FUSE1,468215.2,468215.2,471036.7,2821.5,2821.5,333.3,0.118129,1,p:1.1.1.2.2.2
U7618,305,FUSE2,468391.6,468391.6,471183.5,2791.9,2791.9,365.7,0.130986,1,p:2.1.2.1.2.2
U7619,305,FUSE2,468406.4,468406.4,471136.9,2730.5,2730.5,365.7,0.133932,1,p:1.1.3.1.2.2
U7620,305,FUSE2,468434.2,468434.2,471359.9,2925.7,2925.7,365.7,0.124996,1,p:2.1.4.1.2.2
U7621,305,FUSE2,468506.6,468506.6,471402.5,2895.9,2895.9,365.7,0.126282,1,p:1.1.5.1.2.2
U7622,305,FUSE2,468553.2,468553.2,471374.7,2821.5,2821.5,365.7,0.129612,1,p:2.1.1.2.2.2
U7623,305,FUSE2,468729.6,468729.6,471474.9,2745.3,2745.3,365.7,0.133209,1,p:1.1.3.1.2.2
U7624,305,FUSE2,468744.4,468744.4,471521.5,2777.1,2777.1,365.7,0.131684,1,p:2.1.2.1.2.2
U7625,305,FUSE2,468772.2,468772.2,471697.9,2925.7,2925.7,365.7,0.124996,1,p:1.1.4.1.2.2
U7626,305,FUSE2,468844.6,468844.6,471740.5,2895.9,2895.9,365.7,0.126282,1,p:2.1.5.1.2.2
U3487,141,FUSE0,468891.2,468891.2,471618.3,2727.1,2727.1,271.3,0.099483,1,p:1.1.1.1.2.2
U3488,141,FUSE0,468988.0,468988.0,471718.5,2730.5,2730.5,271.3,0.099359,1,p:2.1.3.2.2.2
U3489,141,FUSE0,469015.8,469015.8,471765.1,2749.3,2749.3,271.3,0.09868,1,p:1.1.2.1.2.2
U3490,141,FUSE0,469067.6,469067.6,471861.9,2794.3,2794.3,271.3,0.097091,1,p:2.1.1.1.2.2
U3491,141,FUSE0,469088.2,469088.2,471941.5,2853.3,2853.3,271.3,0.095083,1,p:1.1.4.1.2.2
U3492,141,FUSE0,469134.8,469134.8,471984.1,2849.3,2849.3,271.3,0.095216,1,p:2.1.5.1.2.2
U3493,141,FUSE0,469231.6,469231.6,471962.1,2730.5,2730.5,271.3,0.099359,1,p:1.1.3.2.2.2
U3494,141,FUSE0,469259.4,469259.4,472008.7,2749.3,2749.3,271.3,0.09868,1,p:2.1.2.1.2.2
U3495,141,FUSE0,469311.2,469311.2,472105.5,2794.3,2794.3,271.3,0.097091,1,p:1.1.1.1.2.2
U3496,141,FUSE0,469393.8,469393.8,472185.1,2791.3,2791.3,271.3,0.097195,1,p:2.1.4.1.2.2
U3497,141,FUSE1,469440.4,469440.4,472289.7,2849.3,2849.3,333.3,0.116976,1,p:1.1.5.1.2.2
U3498,141,FUSE1,469537.2,469537.2,472267.7,2730.5,2730.5,333.3,0.122066,1,p:2.1.3.2.2.2
U3499,141,FUSE1,469565.0,469565.0,472314.3,2749.3,2749.3,333.3,0.121231,1,p:1.1.2.1.2.2
U3500,141,FUSE1,469616.8,469616.8,472411.1,2794.3,2794.3,333.3,0.119279,1,p:2.1.1.1.2.2
U3501,141,FUSE1,469699.4,469699.4,472490.7,2791.3,2791.3,333.3,0.119407,1,p:1.1.4.1.2.2
U3502,141,FUSE1,469746.0,469746.0,472595.3,2849.3,2849.3,333.3,0.116976,1,p:2.1.5.1.2.2
U3503,141,FUSE1,469875.2,469875.2,472573.3,2698.1,2698.1,333.3,0.123531,1,p:1.1.3.2.2.2
U3504,141,FUSE1,469903.0,469903.0,472619.9,2716.9,2716.9,333.3,0.122677,1,p:2.1.2.1.2.2
U3505,141,FUSE1,469954.8,469954.8,472716.7,2761.9,2761.9,333.3,0.120678,1,p:1.1.1.1.2.2
U3506,141,FUSE1,470037.4,470037.4,472796.3,2758.9,2758.9,333.3,0.120809,1,p:2.1.4.1.2.2
U3507,141,FUSE2,470084.0,470084.0,472933.3,2849.3,2849.3,365.7,0.128347,1,p:1.1.5.1.2.2
U3508,141,FUSE2,470198.4,470198.4,472957.9,2759.5,2759.5,365.7,0.132524,1,p:2.1.2.1.2.2
U3509,141,FUSE2,470213.2,470213.2,472911.3,2698.1,2698.1,365.7,0.13554,1,p:1.1.3.2.2.2
U3510,141,FUSE2,470241.0,470241.0,473054.7,2813.7,2813.7,365.7,0.129971,1,p:2.1.1.1.2.2
U3511,141,FUSE2,470281.0,470281.0,473134.3,2853.3,2853.3,365.7,0.128167,1,p:1.1.4.1.2.2
U3512,141,FUSE2,470327.6,470327.6,473271.3,2943.7,2943.7,365.7,0.124231,1,p:2.1.5.1.2.2
U3513,141,FUSE2,470442.0,470442.0,473249.3,2807.3,2807.3,365.7,0.130268,1,p:1.1.3.2.2.2
U3514,141,FUSE2,470456.8,470456.8,473295.9,2839.1,2839.1,365.7,0.128808,1,p:2.1.2.1.2.2
U3515,141,FUSE2,470484.6,470484.6,473392.7,2908.1,2908.1,365.7,0.125752,1,p:1.1.1.1.2.2
U107,5,FUSE0,470524.6,470524.6,473377.9,2853.3,2853.3,271.3,0.095083,1,p:2.1.4.1.2.2
U108,5,FUSE0,470571.2,470571.2,473514.9,2943.7,2943.7,271.3,0.092163,1,p:1.1.5.1.2.2
U109,5,FUSE0,470747.6,470747.6,473539.5,2791.9,2791.9,271.3,0.097174,1,p:2.1.2.1.2.2
U110,5,FUSE0,470762.4,470762.4,473492.9,2730.5,2730.5,271.3,0.099359,1,p:1.1.3.2.2.2
U111,5,FUSE0,470790.2,470790.2,473621.5,2831.3,2831.3,271.3,0.095822,1,p:2.1.4.1.2.2
U112,5,FUSE0,470830.2,470830.2,473636.3,2806.1,2806.1,271.3,0.096682,1,p:1.1.1.1.2.2
U113,5,FUSE0,470876.8,470876.8,473758.5,2881.7,2881.7,271.3,0.094146,1,p:2.1.5.1.2.2
U114,5,FUSE0,471053.2,471053.2,473736.5,2683.3,2683.3,271.3,0.101107,1,p:1.1.3.2.2.2
U115,5,FUSE1,471068.0,471068.0,473845.1,2777.1,2777.1,333.3,0.120017,1,p:2.1.2.1.2.2
U116,5,FUSE1,471095.8,471095.8,473927.1,2831.3,2831.3,333.3,0.11772,1,p:1.1.4.1.2.2
U117,5,FUSE1,471168.2,471168.2,473941.9,2773.7,2773.7,333.3,0.120164,1,p:2.1.1.1.2.2
U118,5,FUSE1,471214.8,471214.8,474064.1,2849.3,2849.3,333.3,0.116976,1,p:1.1.5.1.2.2
U119,5,FUSE1,471391.2,471391.2,474150.7,2759.5,2759.5,333.3,0.120783,1,p:2.1.2.1.2.2
U120,5,FUSE1,471406.0,471406.0,474042.1,2636.1,2636.1,333.3,0.126437,1,p:1.1.3.2.2.2
U121,5,FUSE1,471433.8,471433.8,474232.7,2798.9,2798.9,333.3,0.119082,1,p:2.1.4.1.2.2
U122,5,FUSE1,471506.2,471506.2,474247.5,2741.3,2741.3,333.3,0.121585,1,p:1.1.1.1.2.2
U123,5,FUSE2,471552.8,471552.8,474402.1,2849.3,2849.3,365.7,0.128347,1,p:2.1.5.1.2.2
U124,5,FUSE2,471649.6,471649.6,474380.1,2730.5,2730.5,365.7,0.133932,1,p:1.1.3.2.2.2
U125,5,FUSE2,471729.2,471729.2,474488.7,2759.5,2759.5,365.7,0.132524,1,p:2.1.2.1.2.2
U126,5,FUSE2,471749.8,471749.8,474570.7,2820.9,2820.9,365.7,0.129639,1,p:1.1.4.1.2.2
U127,5,FUSE2,471771.8,471771.8,474585.5,2813.7,2813.7,365.7,0.129971,1,p:2.1.1.1.2.2
U128,5,FUSE2,471796.4,471796.4,474740.1,2943.7,2943.7,365.7,0.124231,1,p:1.1.5.1.2.2
U129,5,FUSE2,471893.2,471893.2,474718.1,2824.9,2824.9,365.7,0.129456,1,p:2.1.3.2.2.2
U130,5,FUSE2,471972.8,471972.8,474826.7,2853.9,2853.9,365.7,0.12814,1,p:1.1.2.1.2.2
U131,5,FUSE2,471993.4,471993.4,474908.7,2915.3,2915.3,365.7,0.125442,1,p:2.1.4.1.2.2
U3865,156,FUSE0,472015.4,472015.4,474831.3,2815.9,2815.9,271.3,0.096346,1,p:1.1.1.1.2.2
U3866,156,FUSE0,472040.0,472040.0,474983.7,2943.7,2943.7,271.3,0.092163,1,p:2.1.5.1.2.2
U3867,156,FUSE0,472136.8,472136.8,474961.7,2824.9,2824.9,271.3,0.096039,1,p:1.1.3.2.2.2
U3868,156,FUSE0,472216.4,472216.4,475070.3,2853.9,2853.9,271.3,0.095063,1,p:2.1.2.1.2.2
U3869,156,FUSE0,472299.0,472299.0,475074.9,2775.9,2775.9,271.3,0.097734,1,p:1.1.1.1.2.2
U3870,156,FUSE0,472321.0,472321.0,475152.3,2831.3,2831.3,271.3,0.095822,1,p:2.1.4.1.2.2
U3871,156,FUSE0,472345.6,472345.6,475227.3,2881.7,2881.7,271.3,0.094146,1,p:1.1.5.1.2.2
U3872,156,FUSE0,472442.4,472442.4,475205.3,2762.9,2762.9,271.3,0.098194,1,p:2.1.3.2.2.2
U3873,156,FUSE0,472522.0,472522.0,475313.9,2791.9,2791.9,271.3,0.097174,1,p:1.1.2.1.2.2
U3874,156,FUSE1,472604.6,472604.6,475378.3,2773.7,2773.7,333.3,0.120164,1,p:2.1.1.1.2.2
U3875,156,FUSE1,472626.6,472626.6,475457.9,2831.3,2831.3,333.3,0.11772,1,p:1.1.4.1.2.2
U3876,156,FUSE1,472651.2,472651.2,475532.9,2881.7,2881.7,333.3,0.115661,1,p:2.1.5.1.2.2
U3877,156,FUSE1,472748.0,472748.0,475510.9,2762.9,2762.9,333.3,0.120634,1,p:1.1.3.2.2.2
U3878,156,FUSE1,472827.6,472827.6,475619.5,2791.9,2791.9,333.3,0.119381,1,p:2.1.2.1.2.2
U3879,156,FUSE1,472942.6,472942.6,475683.9,2741.3,2741.3,333.3,0.121585,1,p:1.1.1.1.2.2
U3880,156,FUSE1,472964.6,472964.6,475763.5,2798.9,2798.9,333.3,0.119082,1,p:2.1.4.1.2.2
U3881,156,FUSE1,472989.2,472989.2,475838.5,2849.3,2849.3,333.3,0.116976,1,p:1.1.5.1.2.2
U3882,156,FUSE1,473086.0,473086.0,475816.5,2730.5,2730.5,333.3,0.122066,1,p:2.1.3.2.2.2
U3883,156,FUSE2,473165.6,473165.6,475957.5,2791.9,2791.9,365.7,0.130986,1,p:1.1.2.1.2.2
U3884,156,FUSE2,473280.6,473280.6,476021.9,2741.3,2741.3,365.7,0.133404,1,p:2.1.1.1.2.2
U3885,156,FUSE2,473302.6,473302.6,476101.5,2798.9,2798.9,365.7,0.130658,1,p:1.1.4.1.2.2
U3886,156,FUSE2,473327.2,473327.2,476176.5,2849.3,2849.3,365.7,0.128347,1,p:2.1.5.1.2.2
U3887,156,FUSE2,473409.2,473409.2,476154.5,2745.3,2745.3,365.7,0.133209,1,p:1.1.3.2.2.2
U3888,156,FUSE2,473424.0,473424.0,476295.5,2871.5,2871.5,365.7,0.127355,1,p:2.1.2.1.2.2
U3889,156,FUSE2,473524.2,473524.2,476359.9,2835.7,2835.7,365.7,0.128963,1,p:1.1.1.2.2.2
U3890,156,FUSE2,473546.2,473546.2,476439.5,2893.3,2893.3,365.7,0.126395,1,p:2.1.4.1.2.2
U3891,156,FUSE2,473570.8,473570.8,476514.5,2943.7,2943.7,365.7,0.124231,1,p:1.1.5.1.2.2
U3892,156,FUSE2,473652.8,473652.8,476633.5,2980.7,2980.7,365.7,0.122689,1,p:2.1.2.1.2.2
U6300,253,FUSE0,473667.6,473667.6,476398.1,2730.5,2730.5,271.3,0.099359,1,p:1.1.3.1.2.2
U6301,253,FUSE0,473767.8,473767.8,476641.7,2873.9,2873.9,271.3,0.094401,1,p:2.1.3.1.2.2
U6302,253,FUSE0,473789.8,473789.8,476603.5,2813.7,2813.7,271.3,0.096421,1,p:1.1.1.2.2.2
U6303,253,FUSE0,473876.4,473876.4,476683.1,2806.7,2806.7,271.3,0.096662,1,p:2.1.4.1.2.2
U6304,253,FUSE0,473958.4,473958.4,476758.1,2799.7,2799.7,271.3,0.096903,1,p:1.1.5.1.2.2
U6305,253,FUSE0,473973.2,473973.2,476885.3,2912.1,2912.1,271.3,0.093163,1,p:2.1.3.1.2.2
U6306,253,FUSE0,474073.4,474073.4,476847.1,2773.7,2773.7,271.3,0.097812,1,p:1.1.1.2.2.2
U6307,253,FUSE0,474095.4,474095.4,476877.1,2781.7,2781.7,271.3,0.09753,1,p:2.1.2.1.2.2
U6308,253,FUSE1,474182.0,474182.0,476988.7,2806.7,2806.7,333.3,0.118752,1,p:1.1.4.1.2.2
U6309,253,FUSE1,474264.0,474264.0,477190.9,2926.9,2926.9,333.3,0.113875,1,p:2.1.3.1.2.2
U6310,253,FUSE1,474278.8,474278.8,477063.7,2784.9,2784.9,333.3,0.119681,1,p:1.1.5.1.2.2
U6311,253,FUSE1,474411.4,474411.4,477152.7,2741.3,2741.3,333.3,0.121585,1,p:2.1.1.2.2.2
U6312,253,FUSE1,474433.4,474433.4,477182.7,2749.3,2749.3,333.3,0.121231,1,p:1.1.2.1.2.2
U6313,253,FUSE1,474520.0,474520.0,477294.3,2774.3,2774.3,333.3,0.120138,1,p:2.1.4.1.2.2
U6314,253,FUSE1,474602.0,474602.0,477369.3,2767.3,2767.3,333.3,0.120442,1,p:1.1.5.1.2.2
U6315,253,FUSE1,474616.8,474616.8,477496.5,2879.7,2879.7,333.3,0.115741,1,p:2.1.3.1.2.2
U6316,253,FUSE2,474749.4,474749.4,477490.7,2741.3,2741.3,365.7,0.133404,1,p:1.1.1.1.2.2
U6317,253,FUSE2,474771.4,474771.4,477520.7,2749.3,2749.3,365.7,0.133016,1,p:2.1.2.1.2.2
U6318,253,FUSE2,474858.0,474858.0,477632.3,2774.3,2774.3,365.7,0.131817,1,p:1.1.4.1.2.2
U6319,253,FUSE2,474862.6,474862.6,477707.3,2844.7,2844.7,365.7,0.128555,1,p:2.1.5.1.2.2
U6320,253,FUSE2,474940.0,474940.0,477834.5,2894.5,2894.5,365.7,0.126343,1,p:1.1.3.1.2.2
U6321,253,FUSE2,474993.0,474993.0,477828.7,2835.7,2835.7,365.7,0.128963,1,p:2.1.1.1.2.2
U6322,253,FUSE2,475015.0,475015.0,477858.7,2843.7,2843.7,365.7,0.1286,1,p:1.1.2.1.2.2
U6323,253,FUSE2,475101.6,475101.6,477970.3,2868.7,2868.7,365.7,0.127479,1,p:2.1.4.1.2.2
U6324,253,FUSE2,475106.2,475106.2,478045.3,2939.1,2939.1,365.7,0.124426,1,p:1.2.5.1.2.2
U6325,253,FUSE2,475183.6,475183.6,478172.5,2988.9,2988.9,365.7,0.122353,1,p:2.1.3.1.2.2
U1603,66,FUSE0,475236.6,475236.6,478072.3,2835.7,2835.7,271.3,0.095673,1,p:1.1.1.1.2.2
U1604,66,FUSE0,475258.6,475258.6,478102.3,2843.7,2843.7,271.3,0.095404,1,p:2.1.2.1.2.2
U1605,66,FUSE0,475345.2,475345.2,478213.9,2868.7,2868.7,271.3,0.094572,1,p:1.1.4.1.2.2
U1606,66,FUSE0,475409.6,475409.6,478288.9,2879.3,2879.3,271.3,0.094224,1,p:2.1.5.1.2.2
U1607,66,FUSE0,475489.2,475489.2,478315.9,2826.7,2826.7,271.3,0.095978,1,p:1.1.1.1.2.2
U1608,66,FUSE0,475542.2,475542.2,478345.9,2803.7,2803.7,271.3,0.096765,1,p:2.1.2.1.2.2
U1609,66,FUSE0,475564.2,475564.2,478416.1,2851.9,2851.9,271.3,0.09513,1,p:1.1.3.1.2.2
U1610,66,FUSE0,475650.8,475650.8,478457.5,2806.7,2806.7,271.3,0.096662,1,p:2.1.4.1.2.2
U1611,66,FUSE0,475715.2,475715.2,478532.5,2817.3,2817.3,271.3,0.096298,1,p:1.1.5.1.2.2
U1612,66,FUSE1,475794.8,475794.8,478621.5,2826.7,2826.7,333.3,0.117911,1,p:2.1.1.1.2.2
U1613,66,FUSE1,475847.8,475847.8,478651.5,2803.7,2803.7,333.3,0.118879,1,p:1.1.2.1.2.2
U1614,66,FUSE1,475869.8,475869.8,478721.7,2851.9,2851.9,333.3,0.116869,1,p:2.1.3.1.2.2
U1615,66,FUSE1,475988.8,475988.8,478763.1,2774.3,2774.3,333.3,0.120138,1,p:1.1.4.1.2.2
U1616,66,FUSE1,476053.2,476053.2,478838.1,2784.9,2784.9,333.3,0.119681,1,p:2.1.5.1.2.2
U1617,66,FUSE1,476132.8,476132.8,478927.1,2794.3,2794.3,333.3,0.119279,1,p:1.1.1.1.2.2
U1618,66,FUSE1,476185.8,476185.8,478957.1,2771.3,2771.3,333.3,0.120268,1,p:2.1.2.1.2.2
U1619,66,FUSE1,476207.8,476207.8,479027.3,2819.5,2819.5,333.3,0.118212,1,p:1.1.3.1.2.2
U1620,66,FUSE1,476326.8,476326.8,479068.7,2741.9,2741.9,333.3,0.121558,1,p:2.1.4.1.2.2
U1621,66,FUSE2,476391.2,476391.2,479176.1,2784.9,2784.9,365.7,0.131315,1,p:1.1.5.1.2.2
U1622,66,FUSE2,476429.4,476429.4,479265.1,2835.7,2835.7,365.7,0.128963,1,p:2.1.1.1.2.2
U1623,66,FUSE2,476470.8,476470.8,479295.1,2824.3,2824.3,365.7,0.129483,1,p:1.1.2.1.2.2
U1624,66,FUSE2,476545.8,476545.8,479365.3,2819.5,2819.5,365.7,0.129704,1,p:2.1.3.1.2.2
U1625,66,FUSE2,476634.8,476634.8,479406.7,2771.9,2771.9,365.7,0.131931,1,p:1.1.4.1.2.2
U1626,66,FUSE2,476664.8,476664.8,479514.1,2849.3,2849.3,365.7,0.128347,1,p:2.1.5.1.2.2
U1627,66,FUSE2,476673.0,476673.0,479603.1,2930.1,2930.1,365.7,0.124808,1,p:1.2.1.1.2.2
U1628,66,FUSE2,476714.4,476714.4,479633.1,2918.7,2918.7,365.7,0.125296,1,p:2.1.2.1.2.2
U1629,66,FUSE2,476789.4,476789.4,479703.3,2913.9,2913.9,365.7,0.125502,1,p:1.1.3.1.2.2
U1630,66,FUSE2,476878.4,476878.4,479744.7,2866.3,2866.3,365.7,0.127586,1,p:2.1.4.1.2.2
U5139,206,FUSE0,476908.4,476908.4,479757.7,2849.3,2849.3,271.3,0.095216,1,p:1.1.5.1.2.2
U5140,206,FUSE0,476916.6,476916.6,479846.7,2930.1,2930.1,271.3,0.092591,1,p:2.1.1.1.2.2
U5141,206,FUSE0,477020.0,477020.0,479876.7,2856.7,2856.7,271.3,0.09497,1,p:1.1.2.1.2.2
U5142,206,FUSE0,477095.0,477095.0,479946.9,2851.9,2851.9,271.3,0.09513,1,p:2.1.3.1.2.2
U5143,206,FUSE0,477184.0,477184.0,480001.3,2817.3,2817.3,271.3,0.096298,1,p:1.1.5.1.2.2
U5144,206,FUSE0,477214.0,477214.0,479988.3,2774.3,2774.3,271.3,0.09779,1,p:2.1.4.1.2.2
U5145,206,FUSE0,477222.2,477222.2,480090.3,2868.1,2868.1,271.3,0.094592,1,p:1.2.1.1.2.2
U5146,206,FUSE1,477325.6,477325.6,480182.3,2856.7,2856.7,333.3,0.116673,1,p:2.1.2.1.2.2
U5147,206,FUSE1,477400.6,477400.6,480252.5,2851.9,2851.9,333.3,0.116869,1,p:1.1.3.1.2.2
U5148,206,FUSE1,477522.0,477522.0,480306.9,2784.9,2784.9,333.3,0.119681,1,p:2.1.5.1.2.2
U5149,206,FUSE1,477527.8,477527.8,480293.9,2766.1,2766.1,333.3,0.120495,1,p:1.2.4.1.2.2
U5150,206,FUSE1,477552.0,477552.0,480395.9,2843.9,2843.9,333.3,0.117198,1,p:2.1.1.1.2.2
U5151,206,FUSE1,477663.6,477663.6,480487.9,2824.3,2824.3,333.3,0.118012,1,p:1.1.2.1.2.2
U5152,206,FUSE1,477738.6,477738.6,480558.1,2819.5,2819.5,333.3,0.118212,1,p:2.1.3.1.2.2
U5153,206,FUSE2,477860.0,477860.0,480644.9,2784.9,2784.9,365.7,0.131315,1,p:1.1.5.1.2.2
U5154,206,FUSE2,477865.8,477865.8,480631.9,2766.1,2766.1,365.7,0.132208,1,p:2.1.4.1.2.2
U5155,206,FUSE2,477890.0,477890.0,480733.9,2843.9,2843.9,365.7,0.128591,1,p:1.1.1.1.2.2
U5156,206,FUSE2,478001.6,478001.6,480825.9,2824.3,2824.3,365.7,0.129483,1,p:2.1.2.1.2.2
U5157,206,FUSE2,478076.6,478076.6,480896.1,2819.5,2819.5,365.7,0.129704,1,p:1.1.3.1.2.2
U5158,206,FUSE2,478103.6,478103.6,480982.9,2879.3,2879.3,365.7,0.12701,1,p:2.1.5.1.2.2
U5159,206,FUSE2,478133.6,478133.6,480969.9,2836.3,2836.3,365.7,0.128936,1,p:1.1.4.1.2.2
U990,41,FUSE0,478203.8,478203.8,480977.5,2773.7,2773.7,271.3,0.097812,1,p:2.1.1.1.2.2
U991,41,FUSE0,478245.2,478245.2,481069.5,2824.3,2824.3,271.3,0.096059,1,p:1.1.2.1.2.2
U992,41,FUSE0,478320.2,478320.2,481139.7,2819.5,2819.5,271.3,0.096223,1,p:2.1.3.1.2.2
U993,41,FUSE0,478347.2,478347.2,481226.5,2879.3,2879.3,271.3,0.094224,1,p:1.1.5.1.2.2
U994,41,FUSE0,478377.2,478377.2,481213.5,2836.3,2836.3,271.3,0.095653,1,p:2.1.4.1.2.2
U995,41,FUSE0,478447.4,478447.4,481221.1,2773.7,2773.7,271.3,0.097812,1,p:1.1.1.1.2.2
U996,41,FUSE0,478488.8,478488.8,481313.1,2824.3,2824.3,271.3,0.096059,1,p:2.1.2.1.2.2
U997,41,FUSE0,478563.8,478563.8,481383.3,2819.5,2819.5,271.3,0.096223,1,p:1.1.3.1.2.2
U998,41,FUSE0,478652.8,478652.8,481470.1,2817.3,2817.3,271.3,0.096298,1,p:2.1.5.1.2.2
U999,41,FUSE1,478682.8,478682.8,481519.1,2836.3,2836.3,333.3,0.117512,1,p:1.1.4.1.2.2
U1000,41,FUSE1,478753.0,478753.0,481526.7,2773.7,2773.7,333.3,0.120164,1,p:2.1.1.1.2.2
U1001,41,FUSE1,478794.4,478794.4,481618.7,2824.3,2824.3,333.3,0.118012,1,p:1.1.2.1.2.2
U1002,41,FUSE1,478869.4,478869.4,481688.9,2819.5,2819.5,333.3,0.118212,1,p:2.1.3.1.2.2
U1003,41,FUSE1,478958.4,478958.4,481775.7,2817.3,2817.3,333.3,0.118305,1,p:1.1.5.1.2.2
U1004,41,FUSE1,478988.4,478988.4,481824.7,2836.3,2836.3,333.3,0.117512,1,p:2.1.4.1.2.2
U1005,41,FUSE1,479058.6,479058.6,481832.3,2773.7,2773.7,333.3,0.120164,1,p:1.1.1.1.2.2
U1006,41,FUSE1,479100.0,479100.0,481924.3,2824.3,2824.3,333.3,0.118012,1,p:2.1.2.1.2.2
U1007,41,FUSE1,479207.4,479207.4,481994.5,2787.1,2787.1,333.3,0.119587,1,p:1.1.3.1.2.2
U1008,41,FUSE2,479296.4,479296.4,482113.7,2817.3,2817.3,365.7,0.129805,1,p:2.1.5.1.2.2
U1009,41,FUSE2,479326.4,479326.4,482162.7,2836.3,2836.3,365.7,0.128936,1,p:1.1.4.1.2.2
U1010,41,FUSE2,479396.6,479396.6,482170.3,2773.7,2773.7,365.7,0.131846,1,p:2.1.1.1.2.2
U1011,41,FUSE2,479438.0,479438.0,482262.3,2824.3,2824.3,365.7,0.129483,1,p:1.1.2.1.2.2
U1012,41,FUSE2,479545.4,479545.4,482332.5,2787.1,2787.1,365.7,0.131212,1,p:2.1.3.1.2.2
U1013,41,FUSE2,479634.4,479634.4,482451.7,2817.3,2817.3,365.7,0.129805,1,p:1.1.5.1.2.2
U1014,41,FUSE2,479664.4,479664.4,482500.7,2836.3,2836.3,365.7,0.128936,1,p:2.1.4.1.2.2
U1015,41,FUSE2,479734.6,479734.6,482508.3,2773.7,2773.7,365.7,0.131846,1,p:1.1.1.1.2.2
U1016,41,FUSE2,479776.0,479776.0,482670.5,2894.5,2894.5,365.7,0.126343,1,p:2.1.3.2.2.2
U1017,41,FUSE2,479789.0,479789.0,482600.3,2811.3,2811.3,365.7,0.130082,1,p:1.1.2.1.2.2
U590,25,FUSE0,479878.0,479878.0,482695.3,2817.3,2817.3,271.3,0.096298,1,p:2.1.5.1.2.2
U591,25,FUSE0,479908.0,479908.0,482744.3,2836.3,2836.3,271.3,0.095653,1,p:1.1.4.1.2.2
U592,25,FUSE0,479978.2,479978.2,482751.9,2773.7,2773.7,271.3,0.097812,1,p:2.1.1.1.2.2
U593,25,FUSE0,480019.6,480019.6,482843.9,2824.3,2824.3,271.3,0.096059,1,p:1.1.2.1.2.2
U594,25,FUSE0,480032.6,480032.6,482938.9,2906.3,2906.3,271.3,0.093349,1,p:2.1.5.1.2.2
U595,25,FUSE0,480121.6,480121.6,482914.1,2792.5,2792.5,271.3,0.097153,1,p:1.1.3.2.2.2
U596,25,FUSE0,480213.6,480213.6,482987.9,2774.3,2774.3,271.3,0.09779,1,p:2.1.4.1.2.2
U597,25,FUSE1,480283.8,480283.8,483057.5,2773.7,2773.7,333.3,0.120164,1,p:1.1.1.1.2.2
U598,25,FUSE1,480325.2,480325.2,483244.5,2919.3,2919.3,333.3,0.114171,1,p:2.1.5.1.2.2
U599,25,FUSE1,480338.2,480338.2,483149.5,2811.3,2811.3,333.3,0.118557,1,p:1.1.2.1.2.2
U600,25,FUSE1,480427.2,480427.2,483219.7,2792.5,2792.5,333.3,0.119355,1,p:2.1.3.2.2.2
U601,25,FUSE1,480519.2,480519.2,483293.5,2774.3,2774.3,333.3,0.120138,1,p:1.1.4.1.2.2
U602,25,FUSE1,480589.4,480589.4,483363.1,2773.7,2773.7,333.3,0.120164,1,p:2.1.1.1.2.2
U603,25,FUSE1,480663.2,480663.2,483455.1,2791.9,2791.9,333.3,0.119381,1,p:1.1.2.1.2.2
U604,25,FUSE2,480676.2,480676.2,483582.5,2906.3,2906.3,365.7,0.12583,1,p:2.1.5.1.2.2
U605,25,FUSE2,480765.2,480765.2,483557.7,2792.5,2792.5,365.7,0.130958,1,p:1.1.3.2.2.2
U606,25,FUSE2,480857.2,480857.2,483631.5,2774.3,2774.3,365.7,0.131817,1,p:2.1.4.1.2.2
U607,25,FUSE2,480927.4,480927.4,483701.1,2773.7,2773.7,365.7,0.131846,1,p:1.1.1.1.2.2
U608,25,FUSE2,481001.2,481001.2,483793.1,2791.9,2791.9,365.7,0.130986,1,p:2.1.2.1.2.2
U609,25,FUSE2,481008.8,481008.8,483920.5,2911.7,2911.7,365.7,0.125597,1,p:1.2.5.1.2.2
U610,25,FUSE2,481014.2,481014.2,483895.7,2881.5,2881.5,365.7,0.126913,1,p:2.1.3.2.2.2
U230,10,FUSE0,481100.8,481100.8,483875.1,2774.3,2774.3,271.3,0.09779,1,p:1.1.4.1.2.2
U231,10,FUSE0,481171.0,481171.0,483944.7,2773.7,2773.7,271.3,0.097812,1,p:2.1.1.1.2.2
U232,10,FUSE0,481244.8,481244.8,484036.7,2791.9,2791.9,271.3,0.097174,1,p:1.1.2.1.2.2
U233,10,FUSE0,481252.4,481252.4,484118.7,2866.3,2866.3,271.3,0.094652,1,p:2.1.4.1.2.2
U234,10,FUSE0,481257.8,481257.8,484164.1,2906.3,2906.3,271.3,0.093349,1,p:1.2.5.1.2.2
U235,10,FUSE0,481344.4,481344.4,484139.3,2794.9,2794.9,271.3,0.09707,1,p:2.1.3.2.2.2
U236,10,FUSE0,481414.6,481414.6,484188.3,2773.7,2773.7,271.3,0.097812,1,p:1.1.1.1.2.2
U237,10,FUSE1,481501.4,481501.4,484342.3,2840.9,2840.9,333.3,0.117322,1,p:2.1.2.1.2.2
U238,10,FUSE1,481550.4,481550.4,484424.3,2873.9,2873.9,333.3,0.115975,1,p:1.1.4.1.2.2
U239,10,FUSE1,481558.0,481558.0,484469.7,2911.7,2911.7,333.3,0.114469,1,p:2.1.5.1.2.2
U240,10,FUSE1,481650.0,481650.0,484444.9,2794.9,2794.9,333.3,0.119253,1,p:1.1.3.2.2.2
U241,10,FUSE1,481720.2,481720.2,484493.9,2773.7,2773.7,333.3,0.120164,1,p:2.1.1.1.2.2
U242,10,FUSE1,481807.0,481807.0,484647.9,2840.9,2840.9,333.3,0.117322,1,p:1.1.2.1.2.2
U243,10,FUSE1,481856.0,481856.0,484729.9,2873.9,2873.9,333.3,0.115975,1,p:2.1.4.1.2.2
U244,10,FUSE2,481863.6,481863.6,484807.7,2944.1,2944.1,365.7,0.124215,1,p:1.2.5.1.2.2
U245,10,FUSE2,481955.6,481955.6,484782.9,2827.3,2827.3,365.7,0.129346,1,p:2.1.3.2.2.2
U246,10,FUSE2,482025.8,482025.8,484831.9,2806.1,2806.1,365.7,0.130323,1,p:1.1.1.1.2.2
U247,10,FUSE2,482145.0,482145.0,484985.9,2840.9,2840.9,365.7,0.128727,1,p:2.1.2.1.2.2
U248,10,FUSE2,482194.0,482194.0,485067.9,2873.9,2873.9,365.7,0.127249,1,p:1.1.4.1.2.2
U249,10,FUSE2,482201.6,482201.6,485145.7,2944.1,2944.1,365.7,0.124215,1,p:2.1.5.1.2.2
U250,10,FUSE2,482293.6,482293.6,485120.9,2827.3,2827.3,365.7,0.129346,1,p:1.1.3.2.2.2
U1781,73,FUSE0,482363.8,482363.8,485075.5,2711.7,2711.7,271.3,0.100048,1,p:2.1.1.2.2.2
U1782,73,FUSE0,482483.0,482483.0,485229.5,2746.5,2746.5,271.3,0.09878,1,p:1.1.2.1.2.2
U1783,73,FUSE0,482532.0,482532.0,485311.5,2779.5,2779.5,271.3,0.097607,1,p:2.1.4.1.2.2
U1784,73,FUSE0,482539.6,482539.6,485389.3,2849.7,2849.7,271.3,0.095203,1,p:1.2.5.1.2.2
U1785,73,FUSE0,482631.6,482631.6,485319.1,2687.5,2687.5,271.3,0.100949,1,p:2.1.1.2.2.2
U1786,73,FUSE0,482701.8,482701.8,485364.5,2662.7,2662.7,271.3,0.101889,1,p:1.1.3.2.2.2
U1787,73,FUSE0,482726.6,482726.6,485473.1,2746.5,2746.5,271.3,0.09878,1,p:2.1.2.1.2.2
U1788,73,FUSE1,482775.6,482775.6,485617.1,2841.5,2841.5,333.3,0.117297,1,p:1.1.4.1.2.2
U1789,73,FUSE1,482783.2,482783.2,485694.9,2911.7,2911.7,333.3,0.114469,1,p:2.1.5.1.2.2
U1790,73,FUSE1,482875.2,482875.2,485624.7,2749.5,2749.5,333.3,0.121222,1,p:1.1.1.2.2.2
U1791,73,FUSE1,482945.4,482945.4,485670.1,2724.7,2724.7,333.3,0.122325,1,p:2.1.3.2.2.2
U1792,73,FUSE1,482970.2,482970.2,485778.7,2808.5,2808.5,333.3,0.118675,1,p:1.1.2.1.2.2
U1793,73,FUSE1,483019.2,483019.2,485922.7,2903.5,2903.5,333.3,0.114792,1,p:2.1.4.1.2.2
U1794,73,FUSE1,483088.8,483088.8,486000.5,2911.7,2911.7,333.3,0.114469,1,p:1.1.5.1.2.2
U1795,73,FUSE2,483180.8,483180.8,485962.7,2781.9,2781.9,365.7,0.131457,1,p:2.1.1.2.2.2
U1796,73,FUSE2,483251.0,483251.0,486008.1,2757.1,2757.1,365.7,0.132639,1,p:1.1.3.1.2.2
U1797,73,FUSE2,483275.8,483275.8,486116.7,2840.9,2840.9,365.7,0.128727,1,p:2.1.2.1.2.2
U1798,73,FUSE2,483324.8,483324.8,486260.7,2935.9,2935.9,365.7,0.124561,1,p:1.1.4.1.2.2
U1799,73,FUSE2,483394.4,483394.4,486338.5,2944.1,2944.1,365.7,0.124215,1,p:2.1.5.1.2.2
U1800,73,FUSE2,483486.4,483486.4,486300.7,2814.3,2814.3,365.7,0.129944,1,p:1.1.1.2.2.2
U1801,73,FUSE2,483589.0,483589.0,486346.1,2757.1,2757.1,365.7,0.132639,1,p:2.1.3.1.2.2
U1802,73,FUSE2,483613.8,483613.8,486454.7,2840.9,2840.9,365.7,0.128727,1,p:1.1.2.1.2.2
U1958,80,FUSE0,483662.8,483662.8,486504.3,2841.5,2841.5,271.3,0.095478,1,p:2.1.4.1.2.2
U1959,80,FUSE0,483732.4,483732.4,486582.1,2849.7,2849.7,271.3,0.095203,1,p:1.1.5.1.2.2
U1960,80,FUSE0,483824.4,483824.4,486544.3,2719.9,2719.9,271.3,0.099746,1,p:2.1.1.2.2.2
U1961,80,FUSE0,483906.4,483906.4,486589.7,2683.3,2683.3,271.3,0.101107,1,p:1.1.3.1.2.2
U1962,80,FUSE0,483927.0,483927.0,486698.3,2771.3,2771.3,271.3,0.097896,1,p:2.1.2.1.2.2
U1963,80,FUSE0,483951.8,483951.8,486747.9,2796.1,2796.1,271.3,0.097028,1,p:1.1.4.1.2.2
U1964,80,FUSE0,483976.0,483976.0,486825.7,2849.7,2849.7,271.3,0.095203,1,p:2.1.5.1.2.2
U1965,80,FUSE1,484068.0,484068.0,486849.9,2781.9,2781.9,333.3,0.11981,1,p:1.1.1.1.2.2
U1966,80,FUSE1,484150.0,484150.0,486895.3,2745.3,2745.3,333.3,0.121407,1,p:2.1.3.1.2.2
U1967,80,FUSE1,484170.6,484170.6,487003.9,2833.3,2833.3,333.3,0.117637,1,p:1.1.2.1.2.2
U1968,80,FUSE1,484195.4,484195.4,487053.5,2858.1,2858.1,333.3,0.116616,1,p:2.1.4.1.2.2
U1969,80,FUSE1,484219.6,484219.6,487131.3,2911.7,2911.7,333.3,0.114469,1,p:1.1.5.1.2.2
U1970,80,FUSE1,484373.6,484373.6,487155.5,2781.9,2781.9,333.3,0.11981,1,p:2.1.1.1.2.2
U1971,80,FUSE1,484455.6,484455.6,487200.9,2745.3,2745.3,333.3,0.121407,1,p:1.1.3.1.2.2
U1972,80,FUSE2,484476.2,484476.2,487341.9,2865.7,2865.7,365.7,0.127613,1,p:2.1.2.1.2.2
U1973,80,FUSE2,484501.0,484501.0,487391.5,2890.5,2890.5,365.7,0.126518,1,p:1.1.4.1.2.2
U1974,80,FUSE2,484525.2,484525.2,487469.3,2944.1,2944.1,365.7,0.124215,1,p:2.1.5.1.2.2
U1975,80,FUSE2,484679.2,484679.2,487493.5,2814.3,2814.3,365.7,0.129944,1,p:1.1.1.1.2.2
U1976,80,FUSE2,484761.2,484761.2,487538.9,2777.7,2777.7,365.7,0.131656,1,p:2.1.3.1.2.2
U1977,80,FUSE2,484814.2,484814.2,487679.9,2865.7,2865.7,365.7,0.127613,1,p:1.1.2.2.2.2
U1930,79,FUSE0,484839.0,484839.0,487635.1,2796.1,2796.1,271.3,0.097028,1,p:2.1.4.1.2.2
U1931,79,FUSE0,484863.2,484863.2,487712.9,2849.7,2849.7,271.3,0.095203,1,p:1.1.5.1.2.2
U1932,79,FUSE0,485017.2,485017.2,487737.1,2719.9,2719.9,271.3,0.099746,1,p:2.1.1.1.2.2
U1933,79,FUSE0,485099.2,485099.2,487782.5,2683.3,2683.3,271.3,0.101107,1,p:1.1.3.1.2.2
U1934,79,FUSE0,485106.8,485106.8,487878.7,2771.9,2771.9,271.3,0.097875,1,p:2.1.4.1.2.2
U1935,79,FUSE0,485152.2,485152.2,487956.5,2804.3,2804.3,271.3,0.096744,1,p:1.1.5.1.2.2
U1936,79,FUSE0,485177.0,485177.0,487923.5,2746.5,2746.5,271.3,0.09878,1,p:2.1.2.2.2.2
U1937,79,FUSE0,485260.8,485260.8,487980.7,2719.9,2719.9,271.3,0.099746,1,p:1.1.1.1.2.2
U1938,79,FUSE0,485342.8,485342.8,488026.1,2683.3,2683.3,271.3,0.101107,1,p:2.1.3.1.2.2
U1939,79,FUSE1,485350.4,485350.4,488184.3,2833.9,2833.9,333.3,0.117612,1,p:1.2.4.1.2.2
U1940,79,FUSE1,485395.8,485395.8,488262.1,2866.3,2866.3,333.3,0.116282,1,p:2.1.5.1.2.2
U1941,79,FUSE1,485420.6,485420.6,488229.1,2808.5,2808.5,333.3,0.118675,1,p:1.1.2.2.2.2
U1942,79,FUSE1,485504.4,485504.4,488286.3,2781.9,2781.9,333.3,0.11981,1,p:2.1.1.1.2.2
U1943,79,FUSE1,485648.4,485648.4,488331.7,2683.3,2683.3,333.3,0.124213,1,p:1.1.3.1.2.2
U1944,79,FUSE1,485656.0,485656.0,488489.9,2833.9,2833.9,333.3,0.117612,1,p:2.1.4.1.2.2
U1945,79,FUSE1,485701.4,485701.4,488567.7,2866.3,2866.3,333.3,0.116282,1,p:1.1.5.1.2.2
U1946,79,FUSE1,485726.2,485726.2,488534.7,2808.5,2808.5,333.3,0.118675,1,p:2.1.2.2.2.2
U1947,79,FUSE1,485810.0,485810.0,488591.9,2781.9,2781.9,333.3,0.11981,1,p:1.1.1.1.2.2
U1948,79,FUSE2,485954.0,485954.0,488669.7,2715.7,2715.7,365.7,0.134661,1,p:2.1.3.1.2.2
U1949,79,FUSE2,485994.0,485994.0,488827.9,2833.9,2833.9,365.7,0.129045,1,p:1.1.4.1.2.2
U1950,79,FUSE2,486031.8,486031.8,488905.7,2873.9,2873.9,365.7,0.127249,1,p:2.1.5.1.2.2
U1951,79,FUSE2,486039.4,486039.4,488872.7,2833.3,2833.3,365.7,0.129072,1,p:1.2.2.2.2.2
U1952,79,FUSE2,486148.0,486148.0,488929.9,2781.9,2781.9,365.7,0.131457,1,p:2.1.1.1.2.2
U1953,79,FUSE2,486292.0,486292.0,489007.7,2715.7,2715.7,365.7,0.134661,1,p:1.1.3.1.2.2
U1954,79,FUSE2,486332.0,486332.0,489165.9,2833.9,2833.9,365.7,0.129045,1,p:2.1.4.1.2.2
U1955,79,FUSE2,486369.8,486369.8,489243.7,2873.9,2873.9,365.7,0.127249,1,p:1.1.5.1.2.2
U1956,79,FUSE2,486377.4,486377.4,489210.7,2833.3,2833.3,365.7,0.129072,1,p:2.1.2.2.2.2
U1957,79,FUSE2,486486.0,486486.0,489267.9,2781.9,2781.9,365.7,0.131457,1,p:1.1.1.1.2.2
U4604,185,FUSE0,486535.6,486535.6,489251.3,2715.7,2715.7,271.3,0.099901,1,p:2.1.3.1.2.2
U4605,185,FUSE0,486575.6,486575.6,489409.5,2833.9,2833.9,271.3,0.095734,1,p:1.1.4.1.2.2
U4606,185,FUSE0,486613.4,486613.4,489487.3,2873.9,2873.9,271.3,0.094401,1,p:2.1.5.1.2.2
U4607,185,FUSE0,486621.0,486621.0,489454.3,2833.3,2833.3,271.3,0.095754,1,p:1.2.2.2.2.2
U4608,185,FUSE0,486729.6,486729.6,489494.9,2765.3,2765.3,271.3,0.098109,1,p:2.1.3.1.2.2
U4609,185,FUSE0,486779.2,486779.2,489511.5,2732.3,2732.3,271.3,0.099294,1,p:1.1.1.1.2.2
U4610,185,FUSE0,486857.0,486857.0,489653.1,2796.1,2796.1,271.3,0.097028,1,p:2.1.4.1.2.2
U4611,185,FUSE0,486881.2,486881.2,489730.9,2849.7,2849.7,271.3,0.095203,1,p:1.1.5.1.2.2
U4612,185,FUSE0,486926.6,486926.6,489697.9,2771.3,2771.3,271.3,0.097896,1,p:2.1.2.2.2.2
U4613,185,FUSE1,487035.2,487035.2,489800.5,2765.3,2765.3,333.3,0.120529,1,p:1.1.3.1.2.2
U4614,185,FUSE1,487084.8,487084.8,489817.1,2732.3,2732.3,333.3,0.121985,1,p:2.1.1.1.2.2
U4615,185,FUSE1,487162.6,487162.6,489958.7,2796.1,2796.1,333.3,0.119202,1,p:1.1.4.1.2.2
U4616,185,FUSE1,487186.8,487186.8,490036.5,2849.7,2849.7,333.3,0.11696,1,p:2.1.5.1.2.2
U4617,185,FUSE1,487232.2,487232.2,490003.5,2771.3,2771.3,333.3,0.120268,1,p:1.1.2.2.2.2
U4618,185,FUSE1,487373.2,487373.2,490106.1,2732.9,2732.9,333.3,0.121958,1,p:2.1.3.1.2.2
U4619,185,FUSE1,487422.8,487422.8,490122.7,2699.9,2699.9,333.3,0.123449,1,p:1.1.1.1.2.2
U4620,185,FUSE1,487500.6,487500.6,490264.3,2763.7,2763.7,333.3,0.120599,1,p:2.1.4.1.2.2
U4621,185,FUSE1,487524.8,487524.8,490346.1,2821.3,2821.3,333.3,0.118137,1,p:1.1.5.1.2.2
U4622,185,FUSE2,487570.2,487570.2,490341.5,2771.3,2771.3,365.7,0.13196,1,p:2.1.2.1.2.2
U4623,185,FUSE2,487666.4,487666.4,490444.1,2777.7,2777.7,365.7,0.131656,1,p:1.1.3.1.2.2
U4624,185,FUSE2,487711.2,487711.2,490460.7,2749.5,2749.5,365.7,0.133006,1,p:2.1.1.1.2.2
U4625,185,FUSE2,487744.2,487744.2,490602.3,2858.1,2858.1,365.7,0.127952,1,p:1.1.4.1.2.2
U4626,185,FUSE2,487768.4,487768.4,490684.1,2915.7,2915.7,365.7,0.125424,1,p:2.1.5.1.2.2
U4627,185,FUSE2,487813.8,487813.8,490679.5,2865.7,2865.7,365.7,0.127613,1,p:1.1.2.1.2.2
U4628,185,FUSE2,487910.0,487910.0,490782.1,2872.1,2872.1,365.7,0.127328,1,p:2.1.3.1.2.2
U4629,185,FUSE2,487954.8,487954.8,490798.7,2843.9,2843.9,365.7,0.128591,1,p:1.1.1.2.2.2
U860,36,FUSE0,487987.8,487987.8,490845.9,2858.1,2858.1,271.3,0.094923,1,p:2.1.4.1.2.2
U861,36,FUSE0,488012.0,488012.0,490927.7,2915.7,2915.7,271.3,0.093048,1,p:1.1.5.1.2.2
U862,36,FUSE0,488057.4,488057.4,490923.1,2865.7,2865.7,271.3,0.094671,1,p:2.1.2.1.2.2
U863,36,FUSE0,488215.6,488215.6,491025.7,2810.1,2810.1,271.3,0.096545,1,p:1.1.3.1.2.2
U864,36,FUSE0,488260.4,488260.4,491089.5,2829.1,2829.1,271.3,0.095896,1,p:2.1.4.1.2.2
U865,36,FUSE0,488293.4,488293.4,491042.3,2748.9,2748.9,271.3,0.098694,1,p:1.1.1.2.2.2
U866,36,FUSE0,488317.6,488317.6,491171.3,2853.7,2853.7,271.3,0.09507,1,p:2.1.5.1.2.2
U867,36,FUSE0,488363.0,488363.0,491166.7,2803.7,2803.7,271.3,0.096765,1,p:1.1.2.1.2.2
U868,36,FUSE0,488521.2,488521.2,491269.3,2748.1,2748.1,271.3,0.098723,1,p:2.1.3.1.2.2
U869,36,FUSE1,488566.0,488566.0,491395.1,2829.1,2829.1,333.3,0.117811,1,p:1.1.4.1.2.2
U870,36,FUSE1,488599.0,488599.0,491347.9,2748.9,2748.9,333.3,0.121248,1,p:2.1.1.2.2.2
U871,36,FUSE1,488623.2,488623.2,491476.9,2853.7,2853.7,333.3,0.116796,1,p:1.1.5.1.2.2
U872,36,FUSE1,488701.0,488701.0,491472.3,2771.3,2771.3,333.3,0.120268,1,p:2.1.2.1.2.2
U873,36,FUSE1,488859.2,488859.2,491574.9,2715.7,2715.7,333.3,0.122731,1,p:1.1.3.1.2.2
U874,36,FUSE1,488904.0,488904.0,491700.7,2796.7,2796.7,333.3,0.119176,1,p:2.1.4.1.2.2
U875,36,FUSE1,488937.0,488937.0,491653.5,2716.5,2716.5,333.3,0.122695,1,p:1.1.1.2.2.2
U876,36,FUSE1,488961.2,488961.2,491782.5,2821.3,2821.3,333.3,0.118137,1,p:2.1.5.1.2.2
U877,36,FUSE1,489039.0,489039.0,491777.9,2738.9,2738.9,333.3,0.121691,1,p:1.1.2.1.2.2
U878,36,FUSE2,489197.2,489197.2,491912.9,2715.7,2715.7,365.7,0.134661,1,p:2.1.3.1.2.2
U879,36,FUSE2,489242.0,489242.0,492038.7,2796.7,2796.7,365.7,0.130761,1,p:1.1.4.1.2.2
U880,36,FUSE2,489275.0,489275.0,491991.5,2716.5,2716.5,365.7,0.134622,1,p:2.1.1.2.2.2
U881,36,FUSE2,489282.6,489282.6,492120.5,2837.9,2837.9,365.7,0.128863,1,p:1.2.5.1.2.2
U882,36,FUSE2,489299.2,489299.2,492115.9,2816.7,2816.7,365.7,0.129833,1,p:2.1.2.1.2.2
U883,36,FUSE2,489440.8,489440.8,492250.9,2810.1,2810.1,365.7,0.130138,1,p:1.1.3.1.2.2
U884,36,FUSE2,489485.6,489485.6,492376.7,2891.1,2891.1,365.7,0.126492,1,p:2.1.4.1.2.2
U885,36,FUSE2,489518.6,489518.6,492329.5,2810.9,2810.9,365.7,0.130101,1,p:1.1.1.2.2.2
U886,36,FUSE2,489526.2,489526.2,492453.9,2927.7,2927.7,365.7,0.12491,1,p:2.1.2.1.2.2
U3382,137,FUSE0,489542.8,489542.8,492360.1,2817.3,2817.3,271.3,0.096298,1,p:1.1.5.1.2.2
U3383,137,FUSE0,489684.4,489684.4,492494.5,2810.1,2810.1,271.3,0.096545,1,p:2.1.3.1.2.2
U3384,137,FUSE0,489729.2,489729.2,492603.7,2874.5,2874.5,271.3,0.094382,1,p:1.1.5.1.2.2
U3385,137,FUSE0,489762.2,489762.2,492620.3,2858.1,2858.1,271.3,0.094923,1,p:2.1.4.1.2.2
U3386,137,FUSE0,489831.8,489831.8,492573.1,2741.3,2741.3,271.3,0.098968,1,p:1.1.1.2.2.2
U3387,137,FUSE0,489848.4,489848.4,492697.5,2849.1,2849.1,271.3,0.095223,1,p:2.1.2.1.2.2
U3388,137,FUSE0,489990.0,489990.0,492738.1,2748.1,2748.1,271.3,0.098723,1,p:1.1.3.1.2.2
U3389,137,FUSE0,490034.8,490034.8,492847.3,2812.5,2812.5,271.3,0.096462,1,p:2.1.5.1.2.2
U3390,137,FUSE0,490067.8,490067.8,492863.9,2796.1,2796.1,271.3,0.097028,1,p:1.1.4.1.2.2
U3391,137,FUSE1,490137.4,490137.4,493003.1,2865.7,2865.7,333.3,0.116307,1,p:2.1.2.1.2.2
U3392,137,FUSE1,490154.0,490154.0,492878.7,2724.7,2724.7,333.3,0.122325,1,p:1.1.1.1.2.2
U3393,137,FUSE1,490295.6,490295.6,493043.7,2748.1,2748.1,333.3,0.121284,1,p:2.1.3.1.2.2
U3394,137,FUSE1,490372.8,490372.8,493152.9,2780.1,2780.1,333.3,0.119888,1,p:1.1.5.1.2.2
U3395,137,FUSE1,490377.4,490377.4,493169.5,2792.1,2792.1,333.3,0.119373,1,p:2.1.4.1.2.2
U3396,137,FUSE1,490475.4,490475.4,493184.3,2708.9,2708.9,333.3,0.123039,1,p:1.1.1.1.2.2
U3397,137,FUSE1,490492.0,490492.0,493308.7,2816.7,2816.7,333.3,0.11833,1,p:2.1.2.1.2.2
U3398,137,FUSE1,490633.6,490633.6,493349.3,2715.7,2715.7,333.3,0.122731,1,p:1.1.3.1.2.2
U3399,137,FUSE1,490710.8,490710.8,493458.5,2747.7,2747.7,333.3,0.121301,1,p:2.1.5.1.2.2
U3400,137,FUSE2,490715.4,490715.4,493507.5,2792.1,2792.1,365.7,0.130977,1,p:1.2.4.1.2.2
U3401,137,FUSE2,490813.4,490813.4,493646.7,2833.3,2833.3,365.7,0.129072,1,p:2.1.2.1.2.2
U3402,137,FUSE2,490830.0,490830.0,493522.3,2692.3,2692.3,365.7,0.135832,1,p:1.1.1.1.2.2
U3403,137,FUSE2,490877.2,490877.2,493687.3,2810.1,2810.1,365.7,0.130138,1,p:2.1.3.1.2.2
U3404,137,FUSE2,490954.4,490954.4,493796.5,2842.1,2842.1,365.7,0.128672,1,p:1.1.5.1.2.2
U3405,137,FUSE2,490959.0,490959.0,493845.5,2886.5,2886.5,365.7,0.126693,1,p:2.1.4.1.2.2
U3406,137,FUSE2,491057.0,491057.0,493860.3,2803.3,2803.3,365.7,0.130453,1,p:1.1.1.1.2.2
U3407,137,FUSE2,491073.6,491073.6,493984.7,2911.1,2911.1,365.7,0.125623,1,p:2.1.2.2.2.2
U3254,132,FUSE0,491120.8,491120.8,493930.9,2810.1,2810.1,271.3,0.096545,1,p:1.1.3.1.2.2
U3255,132,FUSE0,491198.0,491198.0,494040.1,2842.1,2842.1,271.3,0.095458,1,p:2.1.5.1.2.2
U3256,132,FUSE0,491202.6,491202.6,494089.1,2886.5,2886.5,271.3,0.093989,1,p:1.2.4.1.2.2
U3257,132,FUSE0,491300.6,491300.6,494103.9,2803.3,2803.3,271.3,0.096779,1,p:2.1.1.1.2.2
U3258,132,FUSE0,491379.2,491379.2,494174.5,2795.3,2795.3,271.3,0.097056,1,p:1.1.3.1.2.2
U3259,132,FUSE0,491426.4,491426.4,494283.7,2857.3,2857.3,271.3,0.09495,1,p:2.1.5.1.2.2
U3260,132,FUSE0,491503.6,491503.6,494228.3,2724.7,2724.7,271.3,0.099571,1,p:1.1.2.2.2.2
U3261,132,FUSE0,491508.2,491508.2,494332.7,2824.5,2824.5,271.3,0.096052,1,p:2.1.4.1.2.2
U3262,132,FUSE0,491606.2,491606.2,494347.5,2741.3,2741.3,271.3,0.098968,1,p:1.1.1.1.2.2
U3263,132,FUSE1,491684.8,491684.8,494480.1,2795.3,2795.3,333.3,0.119236,1,p:2.1.3.1.2.2
U3264,132,FUSE1,491732.0,491732.0,494589.3,2857.3,2857.3,333.3,0.116649,1,p:1.1.5.1.2.2
U3265,132,FUSE1,491809.2,491809.2,494533.9,2724.7,2724.7,333.3,0.122325,1,p:2.1.2.2.2.2
U3266,132,FUSE1,491813.8,491813.8,494638.3,2824.5,2824.5,333.3,0.118003,1,p:1.2.4.1.2.2
U3267,132,FUSE1,491944.2,491944.2,494653.1,2708.9,2708.9,333.3,0.123039,1,p:2.1.1.1.2.2
U3268,132,FUSE1,492022.8,492022.8,494785.7,2762.9,2762.9,333.3,0.120634,1,p:1.1.3.1.2.2
U3269,132,FUSE1,492070.0,492070.0,494894.9,2824.9,2824.9,333.3,0.117986,1,p:2.1.5.1.2.2
U3270,132,FUSE1,492147.2,492147.2,494839.5,2692.3,2692.3,333.3,0.123797,1,p:1.1.2.2.2.2
U3271,132,FUSE1,492151.8,492151.8,494943.9,2792.1,2792.1,333.3,0.119373,1,p:2.1.4.1.2.2
U3272,132,FUSE2,492282.2,492282.2,494991.1,2708.9,2708.9,365.7,0.134999,1,p:1.1.1.1.2.2
U3273,132,FUSE2,492360.8,492360.8,495123.7,2762.9,2762.9,365.7,0.132361,1,p:2.1.3.1.2.2
U3274,132,FUSE2,492391.4,492391.4,495232.9,2841.5,2841.5,365.7,0.1287,1,p:1.1.5.1.2.2
U3275,132,FUSE2,492408.0,492408.0,495177.5,2769.5,2769.5,365.7,0.132045,1,p:2.1.2.2.2.2
U3276,132,FUSE2,492485.2,492485.2,495281.9,2796.7,2796.7,365.7,0.130761,1,p:1.1.4.1.2.2
U3277,132,FUSE2,492525.8,492525.8,495329.1,2803.3,2803.3,365.7,0.130453,1,p:2.1.1.1.2.2
U3278,132,FUSE2,492604.4,492604.4,495461.7,2857.3,2857.3,365.7,0.127988,1,p:1.1.3.1.2.2
U3279,132,FUSE2,492635.0,492635.0,495515.5,2880.5,2880.5,365.7,0.126957,1,p:2.1.2.2.2.2
U3280,132,FUSE2,492651.6,492651.6,495570.9,2919.3,2919.3,365.7,0.12527,1,p:1.1.5.1.2.2
U3281,132,FUSE2,492728.8,492728.8,495619.9,2891.1,2891.1,365.7,0.126492,1,p:2.1.4.1.2.2
U2136,87,FUSE0,492769.4,492769.4,495575.5,2806.1,2806.1,271.3,0.096682,1,p:1.1.1.2.2.2
U2137,87,FUSE0,492878.6,492878.6,495814.5,2935.9,2935.9,271.3,0.092408,1,p:2.1.5.1.2.2
U2138,87,FUSE0,492895.2,492895.2,495705.3,2810.1,2810.1,271.3,0.096545,1,p:1.1.3.1.2.2
U2139,87,FUSE0,492910.0,492910.0,495759.1,2849.1,2849.1,271.3,0.095223,1,p:2.1.2.2.2.2
U2140,87,FUSE0,493034.4,493034.4,495863.5,2829.1,2829.1,271.3,0.095896,1,p:1.1.4.1.2.2
U2141,87,FUSE0,493075.0,493075.0,495819.1,2744.1,2744.1,271.3,0.098867,1,p:2.1.1.2.2.2
U2142,87,FUSE0,493184.2,493184.2,495948.9,2764.7,2764.7,271.3,0.09813,1,p:1.1.3.1.2.2
U2143,87,FUSE0,493200.8,493200.8,496002.7,2801.9,2801.9,271.3,0.096827,1,p:2.1.2.1.2.2
U2144,87,FUSE1,493215.6,493215.6,496120.1,2904.5,2904.5,333.3,0.114753,1,p:1.1.5.1.2.2
U2145,87,FUSE1,493340.0,493340.0,496169.1,2829.1,2829.1,333.3,0.117811,1,p:2.1.4.1.2.2
U2146,87,FUSE1,493380.6,493380.6,496124.7,2744.1,2744.1,333.3,0.121461,1,p:1.1.1.2.2.2
U2147,87,FUSE1,493489.8,493489.8,496254.5,2764.7,2764.7,333.3,0.120556,1,p:2.1.3.1.2.2
U2148,87,FUSE1,493538.8,493538.8,496308.3,2769.5,2769.5,333.3,0.120347,1,p:1.1.2.1.2.2
U2149,87,FUSE1,493553.6,493553.6,496425.7,2872.1,2872.1,333.3,0.116047,1,p:2.1.5.1.2.2
U2150,87,FUSE1,493678.0,493678.0,496474.7,2796.7,2796.7,333.3,0.119176,1,p:1.1.4.1.2.2
U2151,87,FUSE1,493718.6,493718.6,496430.3,2711.7,2711.7,333.3,0.122912,1,p:2.1.1.2.2.2
U2152,87,FUSE2,493827.8,493827.8,496592.5,2764.7,2764.7,365.7,0.132275,1,p:1.1.3.1.2.2
U2153,87,FUSE2,493876.8,493876.8,496763.7,2886.9,2886.9,365.7,0.126676,1,p:2.1.5.1.2.2
U2154,87,FUSE2,493891.6,493891.6,496646.3,2754.7,2754.7,365.7,0.132755,1,p:1.1.2.1.2.2
U2155,87,FUSE2,493962.2,493962.2,496812.7,2850.5,2850.5,365.7,0.128293,1,p:2.1.4.1.2.2
U2156,87,FUSE2,494016.0,494016.0,496768.3,2752.3,2752.3,365.7,0.132871,1,p:1.1.1.2.2.2
U2157,87,FUSE2,494071.4,494071.4,496930.5,2859.1,2859.1,365.7,0.127907,1,p:2.1.3.1.2.2
U2158,87,FUSE2,494120.4,494120.4,496984.3,2863.9,2863.9,365.7,0.127693,1,p:1.1.2.2.2.2
U7892,316,FUSE0,494135.2,494135.2,497007.3,2872.1,2872.1,271.3,0.09446,1,p:2.1.5.1.2.2
U7893,316,FUSE0,494205.8,494205.8,497056.3,2850.5,2850.5,271.3,0.095176,1,p:1.1.4.1.2.2
U7894,316,FUSE0,494259.6,494259.6,497011.9,2752.3,2752.3,271.3,0.098572,1,p:2.1.1.2.2.2
U7895,316,FUSE0,494315.0,494315.0,497174.1,2859.1,2859.1,271.3,0.09489,1,p:1.1.3.1.2.2
U7896,316,FUSE0,494364.0,494364.0,497227.9,2863.9,2863.9,271.3,0.094731,1,p:2.1.2.2.2.2
U7897,316,FUSE0,494378.8,494378.8,497250.9,2872.1,2872.1,271.3,0.09446,1,p:1.1.5.1.2.2
U7898,316,FUSE0,494511.4,494511.4,497299.9,2788.5,2788.5,271.3,0.097292,1,p:2.1.4.1.2.2
U7899,316,FUSE0,494565.2,494565.2,497255.5,2690.3,2690.3,271.3,0.100844,1,p:1.1.1.2.2.2
U7900,316,FUSE1,494620.6,494620.6,497479.7,2859.1,2859.1,333.3,0.116575,1,p:2.1.3.1.2.2
U7901,316,FUSE1,494669.6,494669.6,497556.5,2886.9,2886.9,333.3,0.115453,1,p:1.1.5.1.2.2
U7902,316,FUSE1,494684.4,494684.4,497533.5,2849.1,2849.1,333.3,0.116984,1,p:2.1.2.2.2.2
U7903,316,FUSE1,494817.0,494817.0,497605.5,2788.5,2788.5,333.3,0.119527,1,p:1.1.4.1.2.2
U7904,316,FUSE1,494870.8,494870.8,497561.1,2690.3,2690.3,333.3,0.12389,1,p:2.1.1.2.2.2
U7905,316,FUSE1,494926.2,494926.2,497785.3,2859.1,2859.1,333.3,0.116575,1,p:1.1.3.1.2.2
U7906,316,FUSE1,494975.2,494975.2,497862.1,2886.9,2886.9,333.3,0.115453,1,p:2.1.5.1.2.2
U7907,316,FUSE1,495022.4,495022.4,497839.1,2816.7,2816.7,333.3,0.11833,1,p:1.1.2.2.2.2
U7908,316,FUSE2,495155.0,495155.0,497943.5,2788.5,2788.5,365.7,0.131146,1,p:2.1.4.1.2.2
U7909,316,FUSE2,495208.8,495208.8,497896.3,2687.5,2687.5,365.7,0.136074,1,p:1.1.1.2.2.2
U7910,316,FUSE2,495264.2,495264.2,498123.3,2859.1,2859.1,365.7,0.127907,1,p:2.1.3.1.2.2
U7911,316,FUSE2,495313.2,495313.2,498200.1,2886.9,2886.9,365.7,0.126676,1,p:1.1.5.1.2.2
U7912,316,FUSE2,495360.4,495360.4,498177.1,2816.7,2816.7,365.7,0.129833,1,p:2.1.2.2.2.2
U7913,316,FUSE2,495493.0,495493.0,498281.5,2788.5,2788.5,365.7,0.131146,1,p:1.1.4.1.2.2
U7914,316,FUSE2,495546.8,495546.8,498234.3,2687.5,2687.5,365.7,0.136074,1,p:2.1.1.2.2.2
U7915,316,FUSE2,495602.2,495602.2,498461.3,2859.1,2859.1,365.7,0.127907,1,p:1.1.3.1.2.2
U7916,316,FUSE2,495606.8,495606.8,498538.1,2931.3,2931.3,365.7,0.124757,1,p:2.1.5.1.2.2
U4114,166,FUSE0,495651.2,495651.2,498420.7,2769.5,2769.5,271.3,0.09796,1,p:1.1.2.1.2.2
U4115,166,FUSE0,495736.6,495736.6,498525.1,2788.5,2788.5,271.3,0.097292,1,p:2.1.4.1.2.2
U4116,166,FUSE0,495790.4,495790.4,498477.9,2687.5,2687.5,271.3,0.100949,1,p:1.1.1.2.2.2
U4117,166,FUSE0,495845.8,495845.8,498664.3,2818.5,2818.5,271.3,0.096257,1,p:2.1.2.1.2.2
U4118,166,FUSE0,495850.4,495850.4,498704.9,2854.5,2854.5,271.3,0.095043,1,p:1.2.3.1.2.2
U4119,166,FUSE0,495894.8,495894.8,498781.7,2886.9,2886.9,271.3,0.093976,1,p:2.1.5.1.2.2
U4120,166,FUSE0,495980.2,495980.2,498768.7,2788.5,2788.5,271.3,0.097292,1,p:1.1.4.1.2.2
U4121,166,FUSE1,496034.0,496034.0,498786.3,2752.3,2752.3,333.3,0.121099,1,p:2.1.1.1.2.2
U4122,166,FUSE1,496151.4,496151.4,498969.9,2818.5,2818.5,333.3,0.118254,1,p:1.1.2.1.2.2
U4123,166,FUSE1,496156.0,496156.0,499010.5,2854.5,2854.5,333.3,0.116763,1,p:2.1.3.1.2.2
U4124,166,FUSE1,496200.4,496200.4,499087.3,2886.9,2886.9,333.3,0.115453,1,p:1.1.5.1.2.2
U4125,166,FUSE1,496285.8,496285.8,499074.3,2788.5,2788.5,333.3,0.119527,1,p:2.1.4.1.2.2
U4126,166,FUSE1,496339.6,496339.6,499091.9,2752.3,2752.3,333.3,0.121099,1,p:1.1.1.1.2.2
U4127,166,FUSE1,496457.0,496457.0,499275.5,2818.5,2818.5,333.3,0.118254,1,p:2.1.2.1.2.2
U4128,166,FUSE2,496461.6,496461.6,499348.5,2886.9,2886.9,365.7,0.126676,1,p:1.2.3.1.2.2
U4129,166,FUSE2,496506.0,496506.0,499425.3,2919.3,2919.3,365.7,0.12527,1,p:2.1.5.1.2.2
U4130,166,FUSE2,496623.8,496623.8,499412.3,2788.5,2788.5,365.7,0.131146,1,p:1.1.4.1.2.2
U4131,166,FUSE2,496677.6,496677.6,499429.9,2752.3,2752.3,365.7,0.132871,1,p:2.1.1.1.2.2
U4132,166,FUSE2,496795.0,496795.0,499613.5,2818.5,2818.5,365.7,0.12975,1,p:1.1.2.2.2.2
U4133,166,FUSE2,496799.6,496799.6,499686.5,2886.9,2886.9,365.7,0.126676,1,p:2.1.3.1.2.2
U7273,292,FUSE0,496844.0,496844.0,499668.9,2824.9,2824.9,271.3,0.096039,1,p:1.1.5.1.2.2
U7274,292,FUSE0,496961.8,496961.8,499655.9,2694.1,2694.1,271.3,0.100702,1,p:2.1.4.1.2.2
U7275,292,FUSE0,497015.6,497015.6,499673.5,2657.9,2657.9,271.3,0.102073,1,p:1.1.1.1.2.2
U7276,292,FUSE0,497038.6,497038.6,499912.5,2873.9,2873.9,271.3,0.094401,1,p:2.1.5.1.2.2
U7277,292,FUSE0,497043.2,497043.2,499857.1,2813.9,2813.9,271.3,0.096414,1,p:1.2.2.2.2.2
U7278,292,FUSE0,497087.6,497087.6,499899.5,2811.9,2811.9,271.3,0.096483,1,p:2.1.4.1.2.2
U7279,292,FUSE0,497205.4,497205.4,499930.1,2724.7,2724.7,271.3,0.099571,1,p:1.1.3.1.2.2
U7280,292,FUSE1,497259.2,497259.2,499976.3,2717.1,2717.1,333.3,0.122668,1,p:2.1.1.1.2.2
U7281,292,FUSE1,497282.2,497282.2,500218.1,2935.9,2935.9,333.3,0.113526,1,p:1.1.5.1.2.2
U7282,292,FUSE1,497286.8,497286.8,500162.7,2875.9,2875.9,333.3,0.115894,1,p:2.1.2.2.2.2
U7283,292,FUSE1,497331.2,497331.2,500205.1,2873.9,2873.9,333.3,0.115975,1,p:1.1.4.1.2.2
U7284,292,FUSE1,497511.0,497511.0,500235.7,2724.7,2724.7,333.3,0.122325,1,p:2.1.3.1.2.2
U7285,292,FUSE1,497564.8,497564.8,500281.9,2717.1,2717.1,333.3,0.122668,1,p:1.1.1.1.2.2
U7286,292,FUSE1,497587.8,497587.8,500523.7,2935.9,2935.9,333.3,0.113526,1,p:2.1.5.1.2.2
U7287,292,FUSE1,497592.4,497592.4,500468.3,2875.9,2875.9,333.3,0.115894,1,p:1.2.2.2.2.2
U7288,292,FUSE2,497636.8,497636.8,500543.1,2906.3,2906.3,365.7,0.12583,1,p:2.1.4.1.2.2
U7289,292,FUSE2,497816.6,497816.6,500573.7,2757.1,2757.1,365.7,0.132639,1,p:1.1.3.1.2.2
U7290,292,FUSE2,497870.4,497870.4,500619.9,2749.5,2749.5,365.7,0.133006,1,p:2.1.1.1.2.2
U7291,292,FUSE2,497893.4,497893.4,500861.7,2968.3,2968.3,365.7,0.123202,1,p:1.1.5.1.2.2
U7292,292,FUSE2,497927.6,497927.6,500806.3,2878.7,2878.7,365.7,0.127037,1,p:2.1.2.2.2.2
U7293,292,FUSE2,497974.8,497974.8,500881.1,2906.3,2906.3,365.7,0.12583,1,p:1.1.4.1.2.2
U7294,292,FUSE2,498154.6,498154.6,500911.7,2757.1,2757.1,365.7,0.132639,1,p:2.1.3.1.2.2
U7295,292,FUSE2,498208.4,498208.4,500957.9,2749.5,2749.5,365.7,0.133006,1,p:1.1.1.1.2.2
U2876,117,FUSE0,498231.4,498231.4,501105.3,2873.9,2873.9,271.3,0.094401,1,p:2.1.5.1.2.2
U2877,117,FUSE0,498265.6,498265.6,501049.9,2784.3,2784.3,271.3,0.097439,1,p:1.1.2.2.2.2
U2878,117,FUSE0,498312.8,498312.8,501124.7,2811.9,2811.9,271.3,0.096483,1,p:2.1.4.1.2.2
U2879,117,FUSE0,498452.0,498452.0,501155.3,2703.3,2703.3,271.3,0.100359,1,p:1.1.3.1.2.2
U2880,117,FUSE0,498492.6,498492.6,501348.9,2856.3,2856.3,271.3,0.094983,1,p:2.1.5.1.2.2
U2881,117,FUSE0,498509.2,498509.2,501201.5,2692.3,2692.3,271.3,0.100769,1,p:1.1.1.1.2.2
U2882,117,FUSE0,498556.4,498556.4,501368.3,2811.9,2811.9,271.3,0.096483,1,p:2.1.4.1.2.2
U2883,117,FUSE1,498569.4,498569.4,501355.5,2786.1,2786.1,333.3,0.11963,1,p:1.1.2.1.2.2
U2884,117,FUSE1,498695.6,498695.6,501460.9,2765.3,2765.3,333.3,0.120529,1,p:2.1.3.1.2.2
U2885,117,FUSE1,498736.2,498736.2,501507.1,2770.9,2770.9,333.3,0.120286,1,p:1.1.1.1.2.2
U2886,117,FUSE1,498800.0,498800.0,501673.9,2873.9,2873.9,333.3,0.115975,1,p:2.1.4.1.2.2
U2887,117,FUSE1,498813.0,498813.0,501654.5,2841.5,2841.5,333.3,0.117297,1,p:1.1.5.1.2.2
U2888,117,FUSE1,498817.6,498817.6,501661.1,2843.5,2843.5,333.3,0.117215,1,p:2.1.2.1.2.2
U2889,117,FUSE1,499001.2,499001.2,501766.5,2765.3,2765.3,333.3,0.120529,1,p:1.1.3.1.2.2
U2890,117,FUSE2,499041.8,499041.8,501845.1,2803.3,2803.3,365.7,0.130453,1,p:2.1.1.1.2.2
U2891,117,FUSE2,499105.6,499105.6,501992.5,2886.9,2886.9,365.7,0.126676,1,p:1.1.5.1.2.2
U2892,117,FUSE2,499118.6,499118.6,502011.9,2893.3,2893.3,365.7,0.126395,1,p:2.1.4.1.2.2
U2893,117,FUSE2,499123.2,499123.2,501999.1,2875.9,2875.9,365.7,0.12716,1,p:1.2.2.1.2.2
U2894,117,FUSE2,499306.8,499306.8,502104.5,2797.7,2797.7,365.7,0.130715,1,p:2.1.3.1.2.2
U2895,117,FUSE2,499379.8,499379.8,502183.1,2803.3,2803.3,365.7,0.130453,1,p:1.1.1.1.2.2
U2896,117,FUSE2,499443.6,499443.6,502352.7,2909.1,2909.1,365.7,0.125709,1,p:2.1.4.1.2.2
U2897,117,FUSE2,499456.6,499456.6,502330.5,2873.9,2873.9,365.7,0.127249,1,p:1.1.5.1.2.2
U2926,119,FUSE0,499461.2,499461.2,502242.7,2781.5,2781.5,271.3,0.097537,1,p:2.1.2.1.2.2
U2927,119,FUSE0,499644.8,499644.8,502348.1,2703.3,2703.3,271.3,0.100359,1,p:1.1.3.1.2.2
U2928,119,FUSE0,499687.2,499687.2,502486.3,2799.1,2799.1,271.3,0.096924,1,p:2.1.2.1.2.2
U2929,119,FUSE0,499700.2,499700.2,502426.7,2726.5,2726.5,271.3,0.099505,1,p:1.1.1.1.2.2
U2930,119,FUSE0,499704.8,499704.8,502574.1,2869.3,2869.3,271.3,0.094553,1,p:2.1.5.1.2.2
U2931,119,FUSE0,499717.8,499717.8,502596.3,2878.5,2878.5,271.3,0.09425,1,p:1.2.4.1.2.2
U2932,119,FUSE0,499888.4,499888.4,502591.7,2703.3,2703.3,271.3,0.100359,1,p:2.1.3.1.2.2
U2933,119,FUSE0,499930.8,499930.8,502670.3,2739.5,2739.5,271.3,0.099033,1,p:1.1.1.1.2.2
U2934,119,FUSE0,499943.8,499943.8,502817.7,2873.9,2873.9,271.3,0.094401,1,p:2.1.5.1.2.2
U2935,119,FUSE1,499961.4,499961.4,502791.9,2830.5,2830.5,333.3,0.117753,1,p:1.1.2.2.2.2
U2936,119,FUSE1,500007.6,500007.6,502901.9,2894.3,2894.3,333.3,0.115157,1,p:2.1.4.1.2.2
U2937,119,FUSE1,500194.0,500194.0,502897.3,2703.3,2703.3,333.3,0.123294,1,p:1.1.3.1.2.2
U2938,119,FUSE1,500236.4,500236.4,503123.3,2886.9,2886.9,333.3,0.115453,1,p:2.1.5.1.2.2
U2939,119,FUSE1,500249.4,500249.4,502975.9,2726.5,2726.5,333.3,0.122245,1,p:1.1.1.1.2.2
U2940,119,FUSE1,500267.0,500267.0,503097.5,2830.5,2830.5,333.3,0.117753,1,p:2.1.2.2.2.2
U2941,119,FUSE1,500313.2,500313.2,503207.5,2894.3,2894.3,333.3,0.115157,1,p:1.1.4.1.2.2
U2942,119,FUSE1,500499.6,500499.6,503202.9,2703.3,2703.3,333.3,0.123294,1,p:2.1.3.1.2.2
U2943,119,FUSE1,500555.0,500555.0,503281.5,2726.5,2726.5,333.3,0.122245,1,p:1.1.1.1.2.2
U2944,119,FUSE2,500574.4,500574.4,503461.3,2886.9,2886.9,365.7,0.126676,1,p:2.1.5.1.2.2
U2945,119,FUSE2,500605.0,500605.0,503435.5,2830.5,2830.5,365.7,0.1292,1,p:1.1.2.2.2.2
U2946,119,FUSE2,500651.2,500651.2,503545.5,2894.3,2894.3,365.7,0.126352,1,p:2.1.4.1.2.2
U2947,119,FUSE2,500837.6,500837.6,503540.9,2703.3,2703.3,365.7,0.135279,1,p:1.1.3.1.2.2
U2948,119,FUSE2,500893.0,500893.0,503799.3,2906.3,2906.3,365.7,0.12583,1,p:2.1.5.1.2.2
U2949,119,FUSE2,500912.4,500912.4,503619.5,2707.1,2707.1,365.7,0.135089,1,p:1.1.1.1.2.2
U2950,119,FUSE2,500943.0,500943.0,503773.5,2830.5,2830.5,365.7,0.1292,1,p:2.1.2.2.2.2
U2951,119,FUSE2,500989.2,500989.2,503903.5,2914.3,2914.3,365.7,0.125485,1,p:1.1.4.1.2.1
U2952,119,FUSE2,501081.2,501081.2,503878.9,2797.7,2797.7,365.7,0.130715,1,p:2.1.3.1.2.2
U4681,188,FUSE0,501136.6,501136.6,503903.1,2766.5,2766.5,271.3,0.098066,1,p:1.1.1.2.1.2
U4682,188,FUSE0,501156.0,501156.0,504042.9,2886.9,2886.9,271.3,0.093976,1,p:2.1.5.1.2.2
U4683,188,FUSE0,501186.6,501186.6,504017.1,2830.5,2830.5,271.3,0.095849,1,p:1.1.2.2.2.2
U4684,188,FUSE0,501232.8,501232.8,504147.1,2914.3,2914.3,271.3,0.093093,1,p:2.1.4.1.2.1
U4685,188,FUSE0,501380.2,501380.2,504122.5,2742.3,2742.3,271.3,0.098932,1,p:1.1.3.1.2.2
U4686,188,FUSE0,501386.8,501386.8,504286.5,2899.7,2899.7,271.3,0.093561,1,p:2.1.5.1.2.2
U4687,188,FUSE0,501399.6,501399.6,504146.7,2747.1,2747.1,271.3,0.098759,1,p:1.1.1.2.1.2
U4688,188,FUSE0,501492.2,501492.2,504260.7,2768.5,2768.5,271.3,0.097995,1,p:2.1.2.2.2.2
U4689,188,FUSE1,501538.4,501538.4,504452.7,2914.3,2914.3,333.3,0.114367,1,p:1.1.4.1.2.1
U4690,188,FUSE1,501685.8,501685.8,504428.1,2742.3,2742.3,333.3,0.12154,1,p:2.1.3.1.2.2
U4691,188,FUSE1,501692.4,501692.4,504452.3,2759.9,2759.9,333.3,0.120765,1,p:1.2.1.2.1.2
U4692,188,FUSE1,501705.2,501705.2,504592.1,2886.9,2886.9,333.3,0.115453,1,p:2.1.5.1.2.2
U4693,188,FUSE1,501797.8,501797.8,504566.3,2768.5,2768.5,333.3,0.12039,1,p:1.1.2.2.2.2
U4694,188,FUSE1,501876.4,501876.4,504738.3,2861.9,2861.9,333.3,0.116461,1,p:2.1.4.1.2.2
U4695,188,FUSE1,502023.8,502023.8,504733.7,2709.9,2709.9,333.3,0.122993,1,p:1.1.3.1.2.2
U4696,188,FUSE1,502030.4,502030.4,504897.7,2867.3,2867.3,333.3,0.116242,1,p:2.1.5.1.2.2
U4697,188,FUSE2,502043.2,502043.2,504750.3,2707.1,2707.1,365.7,0.135089,1,p:1.1.1.1.2.2
U4698,188,FUSE2,502135.8,502135.8,504904.3,2768.5,2768.5,365.7,0.132093,1,p:2.1.2.1.2.2
U4699,188,FUSE2,502214.4,502214.4,505076.3,2861.9,2861.9,365.7,0.127782,1,p:1.1.4.1.2.2
U4700,188,FUSE2,502274.0,502274.0,505071.7,2797.7,2797.7,365.7,0.130715,1,p:2.1.3.1.2.2
U4701,188,FUSE2,502361.8,502361.8,505088.3,2726.5,2726.5,365.7,0.134128,1,p:1.1.1.1.2.2
U4702,188,FUSE2,502379.4,502379.4,505235.7,2856.3,2856.3,365.7,0.128033,1,p:2.1.5.1.2.2
U4703,188,FUSE2,502384.0,502384.0,505242.3,2858.3,2858.3,365.7,0.127943,1,p:1.2.2.1.2.2
U5557,223,FUSE0,502458.0,502458.0,505319.9,2861.9,2861.9,271.3,0.094797,1,p:2.1.4.1.2.2
U5558,223,FUSE0,502517.6,502517.6,505315.3,2797.7,2797.7,271.3,0.096973,1,p:1.1.3.1.2.2
U5559,223,FUSE0,502605.4,502605.4,505479.3,2873.9,2873.9,271.3,0.094401,1,p:2.1.5.1.2.2
U5560,223,FUSE0,502623.0,502623.0,505331.9,2708.9,2708.9,271.3,0.100151,1,p:1.1.1.1.2.2
U5561,223,FUSE0,502627.6,502627.6,505485.9,2858.3,2858.3,271.3,0.094917,1,p:2.1.2.1.2.2
U5562,223,FUSE0,502701.6,502701.6,505563.5,2861.9,2861.9,271.3,0.094797,1,p:1.1.4.1.2.2
U5563,223,FUSE0,502823.2,502823.2,505558.9,2735.7,2735.7,271.3,0.09917,1,p:2.1.3.1.2.2
U5564,223,FUSE0,502849.0,502849.0,505575.5,2726.5,2726.5,271.3,0.099505,1,p:1.1.1.1.2.2
U5565,223,FUSE1,502928.6,502928.6,505784.9,2856.3,2856.3,333.3,0.116689,1,p:2.1.5.1.2.2
U5566,223,FUSE1,502933.2,502933.2,505791.5,2858.3,2858.3,333.3,0.116608,1,p:1.2.2.1.2.2
U5567,223,FUSE1,503007.2,503007.2,505869.1,2861.9,2861.9,333.3,0.116461,1,p:2.1.4.1.2.2
U5568,223,FUSE1,503128.8,503128.8,505864.5,2735.7,2735.7,333.3,0.121834,1,p:1.1.3.1.2.2
U5569,223,FUSE1,503154.6,503154.6,505881.1,2726.5,2726.5,333.3,0.122245,1,p:2.1.1.1.2.2
U5570,223,FUSE1,503234.2,503234.2,506090.5,2856.3,2856.3,333.3,0.116689,1,p:1.1.5.1.2.2
U5571,223,FUSE1,503238.8,503238.8,506097.1,2858.3,2858.3,333.3,0.116608,1,p:2.1.2.1.2.2
U5572,223,FUSE1,503312.8,503312.8,506171.9,2859.1,2859.1,333.3,0.116575,1,p:1.1.4.1.2.2
U5573,223,FUSE2,503466.8,503466.8,506202.5,2735.7,2735.7,365.7,0.133677,1,p:2.1.3.1.2.2
U5574,223,FUSE2,503492.6,503492.6,506219.1,2726.5,2726.5,365.7,0.134128,1,p:1.1.1.1.2.2
U5575,223,FUSE2,503572.2,503572.2,506428.5,2856.3,2856.3,365.7,0.128033,1,p:2.1.5.1.2.2
U5576,223,FUSE2,503576.8,503576.8,506435.1,2858.3,2858.3,365.7,0.127943,1,p:1.2.2.1.2.2
U5577,223,FUSE2,503650.8,503650.8,506509.9,2859.1,2859.1,365.7,0.127907,1,p:2.1.4.1.2.2
U5578,223,FUSE2,503804.8,503804.8,506540.5,2735.7,2735.7,365.7,0.133677,1,p:1.1.3.1.2.2
U5579,223,FUSE2,503830.6,503830.6,506557.1,2726.5,2726.5,365.7,0.134128,1,p:2.1.1.1.2.2
U5580,223,FUSE2,503910.2,503910.2,506766.5,2856.3,2856.3,365.7,0.128033,1,p:1.1.5.1.2.2
U5581,223,FUSE2,503934.4,503934.4,506773.1,2838.7,2838.7,365.7,0.128827,1,p:2.1.2.1.2.2
U6202,249,FUSE0,503934.8,503934.8,506753.5,2818.7,2818.7,271.3,0.09625,1,p:1.2.4.1.2.2
U6203,249,FUSE0,504048.4,504048.4,506784.1,2735.7,2735.7,271.3,0.09917,1,p:2.1.3.1.2.2
U6204,249,FUSE0,504074.2,504074.2,506800.7,2726.5,2726.5,271.3,0.099505,1,p:1.1.1.1.2.2
U6205,249,FUSE0,504153.8,504153.8,507010.1,2856.3,2856.3,271.3,0.094983,1,p:2.1.5.1.2.2
U6206,249,FUSE0,504178.0,504178.0,506997.1,2819.1,2819.1,271.3,0.096236,1,p:1.1.4.1.2.2
U6207,249,FUSE0,504178.4,504178.4,507027.7,2849.3,2849.3,271.3,0.095216,1,p:2.1.3.1.2.2
U6208,249,FUSE0,504292.0,504292.0,507016.7,2724.7,2724.7,271.3,0.099571,1,p:1.1.2.1.2.2
U6209,249,FUSE0,504317.8,504317.8,507044.3,2726.5,2726.5,271.3,0.099505,1,p:2.1.1.1.2.2
U6210,249,FUSE0,504459.4,504459.4,507253.7,2794.3,2794.3,271.3,0.097091,1,p:1.1.5.1.2.2
U6211,249,FUSE1,504483.6,504483.6,507302.7,2819.1,2819.1,333.3,0.118229,1,p:2.1.4.1.2.2
U6212,249,FUSE1,504484.0,504484.0,507333.3,2849.3,2849.3,333.3,0.116976,1,p:1.2.3.1.2.2
U6213,249,FUSE1,504597.6,504597.6,507322.3,2724.7,2724.7,333.3,0.122325,1,p:2.1.2.1.2.2
U6214,249,FUSE1,504623.4,504623.4,507349.9,2726.5,2726.5,333.3,0.122245,1,p:1.1.1.1.2.2
U6215,249,FUSE1,504765.0,504765.0,507559.3,2794.3,2794.3,333.3,0.119279,1,p:2.1.5.1.2.2
U6216,249,FUSE1,504769.6,504769.6,507608.3,2838.7,2838.7,333.3,0.117413,1,p:1.2.4.1.2.2
U6217,249,FUSE1,504781.6,504781.6,507638.9,2857.3,2857.3,333.3,0.116649,1,p:2.1.3.1.2.2
U6218,249,FUSE1,504929.0,504929.0,507627.9,2698.9,2698.9,333.3,0.123495,1,p:1.1.2.1.2.2
U6219,249,FUSE1,504935.6,504935.6,507655.5,2719.9,2719.9,333.3,0.122541,1,p:2.1.1.1.2.2
U6220,249,FUSE2,505103.0,505103.0,507897.3,2794.3,2794.3,365.7,0.130874,1,p:1.1.5.1.2.2
U6221,249,FUSE2,505107.6,505107.6,507976.9,2869.3,2869.3,365.7,0.127453,1,p:2.1.3.1.2.2
U6222,249,FUSE2,505119.6,505119.6,507946.3,2826.7,2826.7,365.7,0.129373,1,p:1.1.4.1.2.2
U6223,249,FUSE2,505267.0,505267.0,507965.9,2698.9,2698.9,365.7,0.1355,1,p:2.1.2.1.2.2
U6224,249,FUSE2,505273.6,505273.6,507993.5,2719.9,2719.9,365.7,0.134453,1,p:1.2.1.1.2.2
U6225,249,FUSE2,505346.6,505346.6,508235.3,2888.7,2888.7,365.7,0.126597,1,p:2.1.5.1.2.2
U6226,249,FUSE2,505351.2,505351.2,508284.3,2933.1,2933.1,365.7,0.12468,1,p:1.2.4.1.2.2
U6227,249,FUSE2,505363.2,505363.2,508314.9,2951.7,2951.7,365.7,0.123895,1,p:2.1.3.1.2.2
U6228,249,FUSE2,505510.6,505510.6,508303.9,2793.3,2793.3,365.7,0.13092,1,p:1.1.2.1.2.2
U8198,328,FUSE0,505517.2,505517.2,508239.9,2722.7,2722.7,271.3,0.099644,1,p:2.1.1.2.2.2
U8199,328,FUSE0,505590.2,505590.2,508478.9,2888.7,2888.7,271.3,0.093918,1,p:1.1.5.1.2.2
U8200,328,FUSE0,505594.8,505594.8,508483.5,2888.7,2888.7,271.3,0.093918,1,p:2.1.1.2.2.2
U8201,328,FUSE0,505606.8,505606.8,508527.9,2921.1,2921.1,271.3,0.092876,1,p:1.1.4.1.2.2
U8202,328,FUSE0,505816.2,505816.2,508558.5,2742.3,2742.3,271.3,0.098932,1,p:2.1.3.1.2.2
U8203,328,FUSE0,505822.8,505822.8,508547.5,2724.7,2724.7,271.3,0.099571,1,p:1.2.2.1.2.2
U8204,328,FUSE0,505895.8,505895.8,508722.5,2826.7,2826.7,271.3,0.095978,1,p:2.1.5.1.2.2
U8205,328,FUSE0,505900.4,505900.4,508771.5,2871.1,2871.1,271.3,0.094493,1,p:1.2.4.1.2.2
U8206,328,FUSE1,505912.4,505912.4,508786.3,2873.9,2873.9,333.3,0.115975,1,p:2.1.1.1.2.2
U8207,328,FUSE1,506121.8,506121.8,508864.1,2742.3,2742.3,333.3,0.12154,1,p:1.1.3.1.2.2
U8208,328,FUSE1,506128.4,506128.4,508853.1,2724.7,2724.7,333.3,0.122325,1,p:2.1.2.1.2.2
U8209,328,FUSE1,506203.2,506203.2,509028.1,2824.9,2824.9,333.3,0.117986,1,p:1.1.5.1.2.2
U8210,328,FUSE1,506233.8,506233.8,509091.9,2858.1,2858.1,333.3,0.116616,1,p:2.1.1.1.2.2
U8211,328,FUSE1,506250.4,506250.4,509077.1,2826.7,2826.7,333.3,0.117911,1,p:1.1.4.1.2.2
U8212,328,FUSE1,506459.8,506459.8,509169.7,2709.9,2709.9,333.3,0.122993,1,p:2.1.3.1.2.2
U8213,328,FUSE2,506466.4,506466.4,509191.1,2724.7,2724.7,365.7,0.134217,1,p:1.2.2.1.2.2
U8214,328,FUSE2,506541.2,506541.2,509366.1,2824.9,2824.9,365.7,0.129456,1,p:2.1.5.1.2.2
U8215,328,FUSE2,506571.8,506571.8,509415.1,2843.3,2843.3,365.7,0.128618,1,p:1.1.4.1.2.2
U8216,328,FUSE2,506588.4,506588.4,509429.9,2841.5,2841.5,365.7,0.1287,1,p:2.1.1.1.2.2
U8217,328,FUSE2,506784.8,506784.8,509507.7,2722.9,2722.9,365.7,0.134305,1,p:1.1.3.1.2.2
U8218,328,FUSE2,506797.8,506797.8,509529.1,2731.3,2731.3,365.7,0.133892,1,p:2.1.2.1.2.2
U8219,328,FUSE2,506804.4,506804.4,509704.1,2899.7,2899.7,365.7,0.126116,1,p:1.2.5.1.2.2
U8220,328,FUSE2,506815.4,506815.4,509767.9,2952.5,2952.5,365.7,0.123861,1,p:2.1.1.1.2.2
U8696,348,FUSE0,506832.0,506832.0,509658.7,2826.7,2826.7,271.3,0.095978,1,p:1.1.4.1.2.2
U8697,348,FUSE0,507028.4,507028.4,509772.7,2744.3,2744.3,271.3,0.098859,1,p:2.1.2.1.2.2
U8698,348,FUSE0,507041.4,507041.4,509751.3,2709.9,2709.9,271.3,0.100114,1,p:1.1.3.1.2.2
U8699,348,FUSE0,507048.0,507048.0,509902.3,2854.3,2854.3,271.3,0.09505,1,p:2.1.4.1.2.2
U8700,348,FUSE0,507059.0,507059.0,509947.7,2888.7,2888.7,271.3,0.093918,1,p:1.2.5.1.2.2
U8701,348,FUSE0,507075.6,507075.6,509994.9,2919.3,2919.3,271.3,0.092933,1,p:2.1.3.1.2.2
U8702,348,FUSE0,507285.0,507285.0,510016.3,2731.3,2731.3,271.3,0.09933,1,p:1.1.2.1.2.2
U8703,348,FUSE0,507334.0,507334.0,510145.9,2811.9,2811.9,271.3,0.096483,1,p:2.1.4.1.2.2
U8704,348,FUSE1,507353.6,507353.6,510073.5,2719.9,2719.9,333.3,0.122541,1,p:1.1.1.1.2.2
U8705,348,FUSE1,507364.6,507364.6,510300.5,2935.9,2935.9,333.3,0.113526,1,p:2.1.3.1.2.2
U8706,348,FUSE1,507381.2,507381.2,510253.3,2872.1,2872.1,333.3,0.116047,1,p:1.1.5.1.2.2
U8707,348,FUSE1,507590.6,507590.6,510321.9,2731.3,2731.3,333.3,0.12203,1,p:2.1.2.1.2.2
U8708,348,FUSE1,507639.6,507639.6,510379.1,2739.5,2739.5,333.3,0.121665,1,p:1.1.1.1.2.2
U8709,348,FUSE1,507659.2,507659.2,510558.9,2899.7,2899.7,333.3,0.114943,1,p:2.1.5.1.2.2
U8710,348,FUSE1,507670.2,507670.2,510451.5,2781.3,2781.3,333.3,0.119836,1,p:1.1.4.1.2.2
U8711,348,FUSE1,507686.8,507686.8,510606.1,2919.3,2919.3,333.3,0.114171,1,p:2.1.3.1.2.2
U8712,348,FUSE2,507928.6,507928.6,510659.9,2731.3,2731.3,365.7,0.133892,1,p:1.1.2.1.2.2
U8713,348,FUSE2,507977.6,507977.6,510789.5,2811.9,2811.9,365.7,0.130054,1,p:2.1.4.1.2.2
U8714,348,FUSE2,507997.2,507997.2,510717.1,2719.9,2719.9,365.7,0.134453,1,p:1.1.1.1.2.2
U8715,348,FUSE2,508008.2,508008.2,510944.1,2935.9,2935.9,365.7,0.124561,1,p:2.1.3.1.2.2
U8716,348,FUSE2,508024.8,508024.8,510896.9,2872.1,2872.1,365.7,0.127328,1,p:1.1.5.1.2.2
U8717,348,FUSE2,508266.6,508266.6,510997.9,2731.3,2731.3,365.7,0.133892,1,p:2.1.2.2.2.2
U8718,348,FUSE2,508271.2,508271.2,511055.1,2783.9,2783.9,365.7,0.131362,1,p:1.2.1.1.2.2
U8719,348,FUSE2,508315.6,508315.6,511234.9,2919.3,2919.3,365.7,0.12527,1,p:2.1.5.1.2.2
U8436,338,FUSE0,508335.2,508335.2,511033.1,2697.9,2697.9,271.3,0.10056,1,p:1.1.4.1.2.2
U8437,338,FUSE0,508346.2,508346.2,511187.7,2841.5,2841.5,271.3,0.095478,1,p:2.1.3.1.2.2
U8438,338,FUSE0,508510.2,508510.2,511276.7,2766.5,2766.5,271.3,0.098066,1,p:1.1.4.1.2.2
U8439,338,FUSE0,508514.8,508514.8,511241.5,2726.7,2726.7,271.3,0.099498,1,p:2.1.2.2.2.2
U8440,338,FUSE0,508559.2,508559.2,511298.7,2739.5,2739.5,271.3,0.099033,1,p:1.1.1.1.2.2
U8441,338,FUSE0,508578.8,508578.8,511478.5,2899.7,2899.7,271.3,0.093561,1,p:2.1.5.1.2.2
U8442,338,FUSE0,508589.8,508589.8,511431.3,2841.5,2841.5,271.3,0.095478,1,p:1.1.3.1.2.2
U8443,338,FUSE0,508753.8,508753.8,511520.3,2766.5,2766.5,271.3,0.098066,1,p:2.1.4.1.2.2
U8444,338,FUSE1,508802.8,508802.8,511547.1,2744.3,2744.3,333.3,0.121452,1,p:1.1.2.1.2.2
U8445,338,FUSE1,508817.6,508817.6,511604.3,2786.7,2786.7,333.3,0.119604,1,p:2.1.1.1.2.2
U8446,338,FUSE1,508884.4,508884.4,511736.9,2852.5,2852.5,333.3,0.116845,1,p:1.1.3.1.2.2
U8447,338,FUSE1,508895.4,508895.4,511784.1,2888.7,2888.7,333.3,0.115381,1,p:2.1.5.1.2.2
U8448,338,FUSE1,509059.4,509059.4,511825.9,2766.5,2766.5,333.3,0.120477,1,p:1.1.4.1.2.2
U8449,338,FUSE1,509108.4,509108.4,511909.9,2801.5,2801.5,333.3,0.118972,1,p:2.1.1.1.2.2
U8450,338,FUSE1,509123.2,509123.2,511852.7,2729.5,2729.5,333.3,0.12211,1,p:1.1.2.1.2.2
U8451,338,FUSE1,509201.0,509201.0,512042.5,2841.5,2841.5,333.3,0.117297,1,p:2.1.3.1.2.2
U8452,338,FUSE2,509222.4,509222.4,512122.1,2899.7,2899.7,365.7,0.126116,1,p:1.1.5.1.2.2
U8453,338,FUSE2,509397.4,509397.4,512163.9,2766.5,2766.5,365.7,0.132189,1,p:2.1.4.1.2.2
U8454,338,FUSE2,509446.4,509446.4,512190.7,2744.3,2744.3,365.7,0.133258,1,p:1.1.2.1.2.2
U8455,338,FUSE2,509461.2,509461.2,512247.9,2786.7,2786.7,365.7,0.13123,1,p:2.1.1.1.2.2
U8456,338,FUSE2,509539.0,509539.0,512380.5,2841.5,2841.5,365.7,0.1287,1,p:1.1.3.1.2.2
U8457,338,FUSE2,509560.4,509560.4,512460.1,2899.7,2899.7,365.7,0.126116,1,p:2.1.5.1.2.2
U8458,338,FUSE2,509690.0,509690.0,512501.9,2811.9,2811.9,365.7,0.130054,1,p:1.1.4.1.2.2
U5634,226,FUSE0,509735.4,509735.4,512434.3,2698.9,2698.9,271.3,0.100522,1,p:2.1.2.2.2.2
U5635,226,FUSE0,509782.6,509782.6,512491.5,2708.9,2708.9,271.3,0.100151,1,p:1.1.1.1.2.2
U5636,226,FUSE0,509799.2,509799.2,512624.1,2824.9,2824.9,271.3,0.096039,1,p:2.1.3.1.2.2
U5637,226,FUSE0,509804.0,509804.0,512703.7,2899.7,2899.7,271.3,0.093561,1,p:1.2.5.1.2.2
U5638,226,FUSE0,509933.6,509933.6,512677.9,2744.3,2744.3,271.3,0.098859,1,p:2.1.2.2.2.2
U5639,226,FUSE0,509979.0,509979.0,512745.5,2766.5,2766.5,271.3,0.098066,1,p:1.1.4.1.2.2
U5640,226,FUSE0,510026.2,510026.2,512735.1,2708.9,2708.9,271.3,0.100151,1,p:2.1.1.1.2.2
U5641,226,FUSE1,510047.6,510047.6,512929.7,2882.1,2882.1,333.3,0.115645,1,p:1.1.3.1.2.2
U5642,226,FUSE1,510104.8,510104.8,513009.3,2904.5,2904.5,333.3,0.114753,1,p:2.1.5.1.2.2
U5643,226,FUSE1,510177.2,510177.2,512983.5,2806.3,2806.3,333.3,0.118768,1,p:1.1.2.2.2.2
U5644,226,FUSE1,510284.6,510284.6,513051.1,2766.5,2766.5,333.3,0.120477,1,p:2.1.4.1.2.2
U5645,226,FUSE1,510331.8,510331.8,513040.7,2708.9,2708.9,333.3,0.123039,1,p:1.1.1.1.2.2
U5646,226,FUSE1,510353.2,510353.2,513235.3,2882.1,2882.1,333.3,0.115645,1,p:2.1.3.1.2.2
U5647,226,FUSE1,510410.4,510410.4,513314.9,2904.5,2904.5,333.3,0.114753,1,p:1.1.5.1.2.2
U5648,226,FUSE2,510482.8,510482.8,513321.5,2838.7,2838.7,365.7,0.128827,1,p:2.1.2.1.2.2
U5649,226,FUSE2,510590.2,510590.2,513389.1,2798.9,2798.9,365.7,0.130658,1,p:1.1.4.1.2.2
U5650,226,FUSE2,510637.4,510637.4,513378.7,2741.3,2741.3,365.7,0.133404,1,p:2.1.1.1.2.2
U5651,226,FUSE2,510691.2,510691.2,513573.3,2882.1,2882.1,365.7,0.126887,1,p:1.1.3.1.2.2
U5652,226,FUSE2,510748.4,510748.4,513652.9,2904.5,2904.5,365.7,0.125908,1,p:2.1.5.1.2.2
U5653,226,FUSE2,510820.8,510820.8,513659.5,2838.7,2838.7,365.7,0.128827,1,p:1.1.2.1.2.2
U5654,226,FUSE2,510928.2,510928.2,513727.1,2798.9,2798.9,365.7,0.130658,1,p:2.1.4.1.2.2
U4630,186,FUSE0,510975.4,510975.4,513622.3,2646.9,2646.9,271.3,0.102497,1,p:1.1.1.2.2.2
U4631,186,FUSE0,511029.2,511029.2,513816.9,2787.7,2787.7,271.3,0.09732,1,p:2.1.3.1.2.2
U4632,186,FUSE0,511064.4,511064.4,513896.5,2832.1,2832.1,271.3,0.095795,1,p:1.1.5.1.2.2
U4633,186,FUSE0,511086.4,511086.4,513865.9,2779.5,2779.5,271.3,0.097607,1,p:2.1.1.2.2.2
U4634,186,FUSE0,511219.0,511219.0,513903.1,2684.1,2684.1,271.3,0.101077,1,p:1.1.2.1.2.2
U4635,186,FUSE0,511266.2,511266.2,513970.7,2704.5,2704.5,271.3,0.100314,1,p:2.1.4.1.2.2
U4636,186,FUSE0,511272.8,511272.8,514060.5,2787.7,2787.7,271.3,0.09732,1,p:1.2.3.1.2.2
U4637,186,FUSE0,511308.0,511308.0,514140.1,2832.1,2832.1,271.3,0.095795,1,p:2.1.5.1.2.2
U4638,186,FUSE1,511330.0,511330.0,514171.5,2841.5,2841.5,333.3,0.117297,1,p:1.1.1.1.2.2
U4639,186,FUSE1,511462.6,511462.6,514208.7,2746.1,2746.1,333.3,0.121372,1,p:2.1.2.1.2.2
U4640,186,FUSE1,511509.8,511509.8,514276.3,2766.5,2766.5,333.3,0.120477,1,p:1.1.4.1.2.2
U4641,186,FUSE1,511551.6,511551.6,514366.1,2814.5,2814.5,333.3,0.118422,1,p:2.1.3.1.2.2
U4642,186,FUSE1,511578.4,511578.4,514445.7,2867.3,2867.3,333.3,0.116242,1,p:1.1.5.1.2.2
U4643,186,FUSE1,511635.6,511635.6,514477.1,2841.5,2841.5,333.3,0.117297,1,p:2.1.1.1.2.2
U4644,186,FUSE1,511768.2,511768.2,514514.3,2746.1,2746.1,333.3,0.121372,1,p:1.1.2.1.2.2
U4645,186,FUSE2,511815.4,511815.4,514614.3,2798.9,2798.9,365.7,0.130658,1,p:2.1.4.1.2.2
U4646,186,FUSE2,511857.2,511857.2,514704.1,2846.9,2846.9,365.7,0.128456,1,p:1.1.3.1.2.2
U4647,186,FUSE2,511884.0,511884.0,514783.7,2899.7,2899.7,365.7,0.126116,1,p:2.1.5.1.2.2
U4648,186,FUSE2,511941.2,511941.2,514815.1,2873.9,2873.9,365.7,0.127249,1,p:1.1.1.1.2.2
U4649,186,FUSE2,512073.8,512073.8,514852.3,2778.5,2778.5,365.7,0.131618,1,p:2.1.2.1.2.2
U4650,186,FUSE2,512153.4,512153.4,514952.3,2798.9,2798.9,365.7,0.130658,1,p:1.1.4.1.2.2
U4651,186,FUSE2,512195.2,512195.2,515042.1,2846.9,2846.9,365.7,0.128456,1,p:2.1.3.1.2.2
U4652,186,FUSE2,512222.0,512222.0,515121.7,2899.7,2899.7,365.7,0.126116,1,p:1.1.5.1.2.2
U7813,313,FUSE0,512279.2,512279.2,515058.7,2779.5,2779.5,271.3,0.097607,1,p:2.1.1.2.2.2
U7814,313,FUSE0,512411.8,512411.8,515095.9,2684.1,2684.1,271.3,0.101077,1,p:1.1.2.2.2.2
U7815,313,FUSE0,512465.6,512465.6,515195.9,2730.3,2730.3,271.3,0.099366,1,p:2.1.4.1.2.2
U7816,313,FUSE0,512491.4,512491.4,515285.7,2794.3,2794.3,271.3,0.097091,1,p:1.1.3.1.2.2
U7817,313,FUSE0,512522.8,512522.8,515365.3,2842.5,2842.5,271.3,0.095444,1,p:2.1.5.1.2.2
U7818,313,FUSE0,512533.2,512533.2,515302.3,2769.1,2769.1,271.3,0.097974,1,p:1.2.1.2.2.2
U7819,313,FUSE0,512655.4,512655.4,515339.5,2684.1,2684.1,271.3,0.101077,1,p:2.1.2.2.2.2
U7820,313,FUSE0,512709.2,512709.2,515439.5,2730.3,2730.3,271.3,0.099366,1,p:1.1.4.1.2.2
U7821,313,FUSE0,512735.0,512735.0,515529.3,2794.3,2794.3,271.3,0.097091,1,p:2.1.3.1.2.2
U7822,313,FUSE1,512766.4,512766.4,515670.9,2904.5,2904.5,333.3,0.114753,1,p:1.1.5.1.2.2
U7823,313,FUSE1,512776.8,512776.8,515607.9,2831.1,2831.1,333.3,0.117728,1,p:2.1.1.2.2.2
U7824,313,FUSE1,512961.0,512961.0,515645.1,2684.1,2684.1,333.3,0.124176,1,p:1.1.2.2.2.2
U7825,313,FUSE1,513014.8,513014.8,515745.1,2730.3,2730.3,333.3,0.122074,1,p:2.1.4.1.2.2
U7826,313,FUSE1,513040.6,513040.6,515834.9,2794.3,2794.3,333.3,0.119279,1,p:1.1.3.1.2.2
U7827,313,FUSE1,513072.0,513072.0,515976.5,2904.5,2904.5,333.3,0.114753,1,p:2.1.5.1.2.2
U7828,313,FUSE1,513082.4,513082.4,515913.5,2831.1,2831.1,333.3,0.117728,1,p:1.2.1.2.2.2
U7829,313,FUSE1,513266.6,513266.6,515950.7,2684.1,2684.1,333.3,0.124176,1,p:2.1.2.2.2.2
U7830,313,FUSE2,513346.2,513346.2,516083.1,2736.9,2736.9,365.7,0.133618,1,p:1.1.4.1.2.2
U7831,313,FUSE2,513352.8,513352.8,516172.9,2820.1,2820.1,365.7,0.129676,1,p:2.1.3.1.2.2
U7832,313,FUSE2,513410.0,513410.0,516314.5,2904.5,2904.5,365.7,0.125908,1,p:1.1.5.1.2.2
U7833,313,FUSE2,513420.4,513420.4,516251.5,2831.1,2831.1,365.7,0.129172,1,p:2.1.1.2.2.2
U7834,313,FUSE2,513604.6,513604.6,516288.7,2684.1,2684.1,365.7,0.136247,1,p:1.1.2.2.2.2
U7835,313,FUSE2,513653.6,513653.6,516421.1,2767.5,2767.5,365.7,0.132141,1,p:2.1.4.1.2.2
U7836,313,FUSE2,513684.2,513684.2,516510.9,2826.7,2826.7,365.7,0.129373,1,p:1.1.3.1.2.2
U7837,313,FUSE2,513690.8,513690.8,516652.5,2961.7,2961.7,365.7,0.123476,1,p:2.1.5.1.2.2
U7838,313,FUSE2,513758.4,513758.4,516589.5,2831.1,2831.1,365.7,0.129172,1,p:1.1.1.2.2.2
U3764,152,FUSE0,513848.2,513848.2,516532.3,2684.1,2684.1,271.3,0.101077,1,p:2.1.2.1.2.2
U3765,152,FUSE0,513897.2,513897.2,516664.7,2767.5,2767.5,271.3,0.098031,1,p:1.1.4.1.2.2
U3766,152,FUSE0,513927.8,513927.8,516754.5,2826.7,2826.7,271.3,0.095978,1,p:2.1.3.1.2.2
U3767,152,FUSE0,513934.4,513934.4,516775.9,2841.5,2841.5,271.3,0.095478,1,p:1.2.2.1.2.2
U3768,152,FUSE0,514002.0,514002.0,516896.1,2894.1,2894.1,271.3,0.093742,1,p:2.1.5.1.2.2
U3769,152,FUSE0,514091.8,514091.8,516833.1,2741.3,2741.3,271.3,0.098968,1,p:1.1.1.2.2.2
U3770,152,FUSE0,514171.4,514171.4,516908.3,2736.9,2736.9,271.3,0.099127,1,p:2.1.4.1.2.2
U3771,152,FUSE1,514202.8,514202.8,517060.1,2857.3,2857.3,333.3,0.116649,1,p:1.1.3.1.2.2
U3772,152,FUSE1,514240.0,514240.0,517081.5,2841.5,2841.5,333.3,0.117297,1,p:2.1.2.1.2.2
U3773,152,FUSE1,514307.6,514307.6,517201.7,2894.1,2894.1,333.3,0.115165,1,p:1.1.5.1.2.2
U3774,152,FUSE1,514397.4,514397.4,517138.7,2741.3,2741.3,333.3,0.121585,1,p:2.1.1.2.2.2
U3775,152,FUSE1,514477.0,514477.0,517213.9,2736.9,2736.9,333.3,0.12178,1,p:1.1.4.1.2.2
U3776,152,FUSE1,514508.4,514508.4,517365.7,2857.3,2857.3,333.3,0.116649,1,p:2.1.3.1.2.2
U3777,152,FUSE1,514545.6,514545.6,517387.1,2841.5,2841.5,333.3,0.117297,1,p:1.1.2.1.2.2
U3778,152,FUSE1,514645.6,514645.6,517507.3,2861.7,2861.7,333.3,0.116469,1,p:2.1.5.1.2.2
U3779,152,FUSE2,514735.4,514735.4,517476.7,2741.3,2741.3,365.7,0.133404,1,p:1.1.1.2.2.2
U3780,152,FUSE2,514815.0,514815.0,517551.9,2736.9,2736.9,365.7,0.133618,1,p:2.1.4.1.2.2
U3781,152,FUSE2,514846.4,514846.4,517703.7,2857.3,2857.3,365.7,0.127988,1,p:1.1.3.1.2.2
U3782,152,FUSE2,514883.6,514883.6,517725.1,2841.5,2841.5,365.7,0.1287,1,p:2.1.2.1.2.2
U3783,152,FUSE2,514983.6,514983.6,517845.3,2861.7,2861.7,365.7,0.127791,1,p:1.1.5.1.2.2
U3784,152,FUSE2,515073.4,515073.4,517889.9,2816.5,2816.5,365.7,0.129842,1,p:2.1.4.1.2.2
U3785,152,FUSE2,515090.0,515090.0,517814.7,2724.7,2724.7,365.7,0.134217,1,p:1.1.1.2.2.2
U3786,152,FUSE2,515127.2,515127.2,518041.7,2914.5,2914.5,365.7,0.125476,1,p:2.1.3.1.2.2
U1404,58,FUSE0,515153.0,515153.0,517968.7,2815.7,2815.7,271.3,0.096353,1,p:1.1.2.1.2.2
U1405,58,FUSE0,515227.2,515227.2,518088.9,2861.7,2861.7,271.3,0.094804,1,p:2.1.5.1.2.2
U1406,58,FUSE0,515317.0,515317.0,518058.3,2741.3,2741.3,271.3,0.098968,1,p:1.1.1.2.2.2
U1407,58,FUSE0,515333.6,515333.6,518133.5,2799.9,2799.9,271.3,0.096896,1,p:2.1.4.1.2.2
U1408,58,FUSE0,515370.8,515370.8,518212.3,2841.5,2841.5,271.3,0.095478,1,p:1.1.2.1.2.2
U1409,58,FUSE0,515396.6,515396.6,518285.3,2888.7,2888.7,271.3,0.093918,1,p:2.1.3.1.2.2
U1410,58,FUSE0,515470.8,515470.8,518332.5,2861.7,2861.7,271.3,0.094804,1,p:1.1.5.1.2.2
U1411,58,FUSE0,515560.6,515560.6,518301.9,2741.3,2741.3,271.3,0.098968,1,p:2.1.1.2.2.2
U1412,58,FUSE1,515639.2,515639.2,518439.1,2799.9,2799.9,333.3,0.11904,1,p:1.1.4.1.2.2
U1413,58,FUSE1,515676.4,515676.4,518517.9,2841.5,2841.5,333.3,0.117297,1,p:2.1.2.1.2.2
U1414,58,FUSE1,515702.2,515702.2,518590.9,2888.7,2888.7,333.3,0.115381,1,p:1.1.3.1.2.2
U1415,58,FUSE1,515776.4,515776.4,518638.1,2861.7,2861.7,333.3,0.116469,1,p:2.1.5.1.2.2
U1416,58,FUSE1,515866.2,515866.2,518607.5,2741.3,2741.3,333.3,0.121585,1,p:1.1.1.2.2.2
U1417,58,FUSE1,515944.8,515944.8,518744.7,2799.9,2799.9,333.3,0.11904,1,p:2.1.4.1.2.2
U1418,58,FUSE1,515982.0,515982.0,518823.5,2841.5,2841.5,333.3,0.117297,1,p:1.1.2.1.2.2
U1419,58,FUSE1,516007.8,516007.8,518896.5,2888.7,2888.7,333.3,0.115381,1,p:2.1.3.1.2.2
U1420,58,FUSE1,516114.4,516114.4,518943.7,2829.3,2829.3,333.3,0.117803,1,p:1.1.5.1.2.2
U1421,58,FUSE2,516204.2,516204.2,518948.3,2744.1,2744.1,365.7,0.133268,1,p:2.1.1.1.2.2
U1422,58,FUSE2,516282.8,516282.8,519082.7,2799.9,2799.9,365.7,0.130612,1,p:1.1.4.1.2.2
U1423,58,FUSE2,516320.0,516320.0,519161.5,2841.5,2841.5,365.7,0.1287,1,p:2.1.2.1.2.2
U1424,58,FUSE2,516345.8,516345.8,519234.5,2888.7,2888.7,365.7,0.126597,1,p:1.1.3.1.2.2
U1425,58,FUSE2,516452.4,516452.4,519281.7,2829.3,2829.3,365.7,0.129255,1,p:2.1.5.1.2.2
U1426,58,FUSE2,516542.2,516542.2,519286.3,2744.1,2744.1,365.7,0.133268,1,p:1.1.1.1.2.2
U1427,58,FUSE2,516563.6,516563.6,519420.7,2857.1,2857.1,365.7,0.127997,1,p:2.1.4.1.2.2
U1428,58,FUSE2,516620.8,516620.8,519499.5,2878.7,2878.7,365.7,0.127037,1,p:1.1.2.1.2.2
U1429,58,FUSE2,516683.8,516683.8,519572.5,2888.7,2888.7,365.7,0.126597,1,p:2.1.3.1.2.2
