unit_id,orderID,variant,first_arrival_time_s,start_time_s,completion_time_s,flow_time_s,active_flow_time_s,time_spent_producing,throughput_efficiency,Attempts,route_taken
U1245,51,FUSE0,0.0,0.0,1208.0,1208.0,1208.0,941.0,0.778974,1,p:1.1.1.1.3.2
U1246,51,FUSE0,0.0,0.0,1365.6,1365.6,1365.6,941.0,0.689074,1,p:2.2.2.1.2.2
U1247,51,FUSE0,0.0,112.2,1670.0,1670.0,1670.0,941.0,0.563473,1,p:1.3.3.1.1.2
U1248,51,FUSE0,0.0,112.2,1564.8,1564.8,1564.8,941.0,0.601355,1,p:2.1.4.2.2.1
U1249,51,FUSE0,0.0,224.4,1481.6,1481.6,1481.6,941.0,0.635124,1,p:1.2.1.1.3.2
U1250,51,FUSE0,0.0,224.4,1680.8,1680.8,1680.8,941.0,0.559852,1,p:2.3.2.2.3.1
U1251,51,FUSE0,0.0,336.6,1786.0,1786.0,1786.0,941.0,0.526876,1,p:1.1.5.1.2.2
U1252,51,FUSE0,0.0,336.6,1864.8,1864.8,1864.8,941.0,0.504612,1,p:2.2.3.2.1.1
U1253,51,FUSE1,0.0,448.8,1902.0,1902.0,1902.0,1003.0,0.52734,1,p:1.3.1.1.3.2
U1254,51,FUSE1,0.0,448.8,1980.8,1980.8,1980.8,1003.0,0.506361,1,p:2.1.4.2.2.1
U1255,51,FUSE1,0.0,561.0,2036.8,2036.8,2036.8,1003.0,0.492439,1,p:1.2.2.1.1.2
U1256,51,FUSE1,0.0,561.0,2096.8,2096.8,2096.8,1003.0,0.478348,1,p:2.3.3.1.3.1
U1257,51,FUSE1,0.0,673.2,2177.2,2177.2,2177.2,1003.0,0.460683,1,p:1.1.5.2.2.2
U1258,51,FUSE1,0.0,673.2,2292.0,2292.0,2292.0,1003.0,0.437609,1,p:2.2.1.1.1.1
U1259,51,FUSE1,0.0,785.4,2293.2,2293.2,2293.2,1003.0,0.43738,1,p:1.3.2.2.3.2
U1260,51,FUSE1,0.0,785.4,2408.0,2408.0,2408.0,1003.0,0.416528,1,p:2.1.4.1.2.1
U1261,51,FUSE2,0.0,897.6,2429.6,2429.6,2429.6,1035.4,0.426161,1,p:1.2.3.1.3.2
U1262,51,FUSE2,0.0,897.6,2604.8,2604.8,2604.8,1035.4,0.397497,1,p:2.3.5.1.2.1
U1263,51,FUSE2,0.0,1009.8,2545.6,2545.6,2545.6,1035.4,0.406741,1,p:1.1.1.2.1.2
U1264,51,FUSE2,0.0,1009.8,2661.6,2661.6,2661.6,1035.4,0.389014,1,p:2.2.2.2.3.2
U1265,51,FUSE2,0.0,1122.0,2775.4,2775.4,2775.4,1035.4,0.373063,1,p:1.3.4.1.1.1
U1266,51,FUSE2,0.0,1122.0,2788.6,2788.6,2788.6,1035.4,0.371297,1,p:2.1.3.2.2.2
U1267,51,FUSE2,0.0,1234.2,2956.6,2956.6,2956.6,1035.4,0.3502,1,p:1.2.5.2.1.2
U1268,51,FUSE2,0.0,1234.2,2891.4,2891.4,2891.4,1035.4,0.358096,1,p:2.3.1.1.3.1
U7688,307,FUSE0,0.0,1346.4,3007.4,3007.4,3007.4,941.0,0.312895,1,p:1.1.2.1.2.1
U7689,307,FUSE0,0.0,1346.4,3072.6,3072.6,3072.6,941.0,0.306255,1,p:2.2.4.2.3.2
U7690,307,FUSE0,0.0,1458.6,3151.4,3151.4,3151.4,941.0,0.298597,1,p:1.3.3.1.1.1
U7691,307,FUSE0,0.0,1458.6,3309.4,3309.4,3309.4,941.0,0.284342,1,p:2.1.2.2.1.2
U7692,307,FUSE0,0.0,1570.8,3267.4,3267.4,3267.4,941.0,0.287997,1,p:1.2.5.1.3.1
U7693,307,FUSE0,0.0,1570.8,3188.6,3188.6,3188.6,941.0,0.295114,1,p:2.3.1.2.2.2
U7694,307,FUSE0,0.0,1683.0,3383.4,3383.4,3383.4,941.0,0.278123,1,p:1.1.4.1.2.1
U7695,307,FUSE1,0.0,1683.0,3425.4,3425.4,3425.4,1003.0,0.292813,1,p:2.2.3.2.3.2
U7696,307,FUSE1,0.0,1795.2,3620.2,3620.2,3620.2,1003.0,0.277057,1,p:1.3.2.1.3.1
U7697,307,FUSE1,0.0,1795.2,3541.4,3541.4,3541.4,1003.0,0.283221,1,p:2.1.5.2.2.2
U7698,307,FUSE1,0.0,1907.4,3504.2,3504.2,3504.2,1003.0,0.286228,1,p:1.2.1.1.1.1
U7699,307,FUSE1,0.0,1907.4,3662.2,3662.2,3662.2,1003.0,0.273879,1,p:2.3.4.2.1.2
U7700,307,FUSE1,0.0,2019.6,3736.2,3736.2,3736.2,1003.0,0.268455,1,p:1.1.3.1.2.1
U7701,307,FUSE1,0.0,2019.6,3778.2,3778.2,3778.2,1003.0,0.26547,1,p:2.2.2.2.3.2
U7702,307,FUSE2,0.0,2131.8,3894.2,3894.2,3894.2,1035.4,0.265883,1,p:1.3.1.2.2.2
U7703,307,FUSE2,0.0,2131.8,3863.8,3863.8,3863.8,1035.4,0.267975,1,p:2.1.5.1.1.1
U7704,307,FUSE2,0.0,2244.0,3979.8,3979.8,3979.8,1035.4,0.260164,1,p:1.2.4.1.3.1
U7705,307,FUSE2,0.0,2244.0,4021.4,4021.4,4021.4,1035.4,0.257473,1,p:2.3.3.2.1.2
U7706,307,FUSE2,0.0,2356.2,4095.8,4095.8,4095.8,1035.4,0.252796,1,p:1.1.2.1.2.1
U7707,307,FUSE2,0.0,2356.2,4137.4,4137.4,4137.4,1035.4,0.250254,1,p:2.2.5.2.3.2
U7708,307,FUSE2,0.0,2468.4,4225.6,4225.6,4225.6,1035.4,0.24503,1,p:1.3.1.1.1.1
U7709,307,FUSE2,0.0,2468.4,4259.4,4259.4,4259.4,1035.4,0.243086,1,p:2.1.4.2.2.2
U2729,110,FUSE0,0.0,2580.6,4341.6,4341.6,4341.6,941.0,0.21674,1,p:1.2.3.1.3.1
U2730,110,FUSE0,0.0,2580.6,4417.0,4417.0,4417.0,941.0,0.213041,1,p:2.3.2.2.1.2
U2731,110,FUSE0,0.0,2692.8,4457.6,4457.6,4457.6,941.0,0.2111,1,p:1.1.5.1.2.1
U2732,110,FUSE0,0.0,2692.8,4533.0,4533.0,4533.0,941.0,0.207589,1,p:2.2.1.2.3.2
U2733,110,FUSE0,0.0,2805.0,4611.8,4611.8,4611.8,941.0,0.204042,1,p:1.3.4.1.1.1
U2734,110,FUSE0,0.0,2805.0,4649.0,4649.0,4649.0,941.0,0.202409,1,p:2.1.3.2.2.2
U2735,110,FUSE0,0.0,2917.2,4727.8,4727.8,4727.8,941.0,0.199035,1,p:1.2.2.1.3.1
U2736,110,FUSE0,0.0,2917.2,4769.8,4769.8,4769.8,941.0,0.197283,1,p:2.3.5.2.1.2
U2737,110,FUSE0,0.0,3029.4,4843.8,4843.8,4843.8,941.0,0.194269,1,p:1.1.1.1.2.1
U2738,110,FUSE0,0.0,3029.4,4885.8,4885.8,4885.8,941.0,0.192599,1,p:2.2.4.2.3.2
U2739,110,FUSE1,0.0,3141.6,4964.6,4964.6,4964.6,1003.0,0.20203,1,p:1.3.3.1.1.1
U2740,110,FUSE1,0.0,3141.6,5001.8,5001.8,5001.8,1003.0,0.200528,1,p:2.1.2.2.2.2
U2741,110,FUSE1,0.0,3253.8,5080.6,5080.6,5080.6,1003.0,0.197418,1,p:1.2.5.1.3.1
U2742,110,FUSE1,0.0,3253.8,5122.6,5122.6,5122.6,1003.0,0.195799,1,p:2.3.1.2.1.2
U2743,110,FUSE1,0.0,3366.0,5196.6,5196.6,5196.6,1003.0,0.193011,1,p:1.1.4.1.2.1
U2744,110,FUSE1,0.0,3366.0,5238.6,5238.6,5238.6,1003.0,0.191463,1,p:2.2.3.2.3.2
U2745,110,FUSE1,0.0,3478.2,5317.4,5317.4,5317.4,1003.0,0.188626,1,p:1.3.2.1.1.1
U2746,110,FUSE1,0.0,3478.2,5354.6,5354.6,5354.6,1003.0,0.187316,1,p:2.1.5.2.2.2
U2747,110,FUSE1,0.0,3590.4,5433.4,5433.4,5433.4,1003.0,0.184599,1,p:1.2.1.1.3.1
U2748,110,FUSE2,0.0,3590.4,5475.4,5475.4,5475.4,1035.4,0.1891,1,p:2.3.4.2.1.2
U2749,110,FUSE2,0.0,3702.6,5549.4,5549.4,5549.4,1035.4,0.186579,1,p:1.1.3.1.2.1
U2750,110,FUSE2,0.0,3702.6,5591.4,5591.4,5591.4,1035.4,0.185177,1,p:2.2.2.2.3.2
U2751,110,FUSE2,0.0,3814.8,5670.2,5670.2,5670.2,1035.4,0.182604,1,p:1.3.5.1.1.1
U2752,110,FUSE2,0.0,3814.8,5707.4,5707.4,5707.4,1035.4,0.181414,1,p:2.1.1.2.2.2
U2753,110,FUSE2,0.0,3927.0,5786.2,5786.2,5786.2,1035.4,0.178943,1,p:1.2.4.1.3.1
U2754,110,FUSE2,0.0,3927.0,5828.2,5828.2,5828.2,1035.4,0.177653,1,p:2.3.3.2.1.2
U2755,110,FUSE2,1239.3,4039.2,5902.2,4662.9,4662.9,1035.4,0.222051,1,p:1.1.2.1.2.1
U2756,110,FUSE2,1396.9,4039.2,5944.2,4547.3,4547.3,1035.4,0.227696,1,p:2.2.5.2.3.2
U2757,110,FUSE2,1512.9,4151.4,6023.0,4510.1,4510.1,1035.4,0.229574,1,p:1.3.1.1.1.1
U657,27,FUSE0,1596.1,4151.4,6060.2,4464.1,4464.1,941.0,0.210793,1,p:2.1.4.2.2.2
U658,27,FUSE0,1701.3,4263.6,6139.0,4437.7,4437.7,941.0,0.212047,1,p:1.2.3.1.3.1
U659,27,FUSE0,1712.1,4263.6,6197.4,4485.3,4485.3,941.0,0.209796,1,p:2.3.2.2.1.2
U660,27,FUSE0,1817.3,4375.8,6255.0,4437.7,4437.7,941.0,0.212047,1,p:1.1.5.1.2.1
U661,27,FUSE0,1896.1,4375.8,6313.4,4417.3,4417.3,941.0,0.213026,1,p:2.2.1.2.3.2
U662,27,FUSE0,1933.3,4488.0,6392.2,4458.9,4458.9,941.0,0.211039,1,p:1.3.4.1.1.1
U663,27,FUSE0,2012.1,4488.0,6429.4,4417.3,4417.3,941.0,0.213026,1,p:2.1.3.2.2.2
U664,27,FUSE0,2068.1,4600.2,6508.2,4440.1,4440.1,941.0,0.211932,1,p:1.2.2.1.3.1
U665,27,FUSE0,2128.1,4600.2,6550.2,4422.1,4422.1,941.0,0.212795,1,p:2.3.5.2.1.2
U666,27,FUSE1,2208.5,4712.4,6624.2,4415.7,4415.7,1003.0,0.227144,1,p:1.1.1.1.2.1
U667,27,FUSE1,2323.3,4712.4,6666.2,4342.9,4342.9,1003.0,0.230952,1,p:2.2.4.2.3.2
U668,27,FUSE1,2324.5,4824.6,6745.0,4420.5,4420.5,1003.0,0.226897,1,p:1.3.3.1.1.1
U669,27,FUSE1,2439.3,4824.6,6782.2,4342.9,4342.9,1003.0,0.230952,1,p:2.1.2.2.2.2
U670,27,FUSE1,2460.9,4936.8,6861.0,4400.1,4400.1,1003.0,0.227949,1,p:1.2.5.1.3.1
U671,27,FUSE1,2576.9,4936.8,6903.0,4326.1,4326.1,1003.0,0.231849,1,p:2.3.1.2.1.2
U672,27,FUSE1,2636.1,5049.0,6977.0,4340.9,4340.9,1003.0,0.231058,1,p:1.1.4.1.2.1
U673,27,FUSE1,2692.9,5049.0,7019.0,4326.1,4326.1,1003.0,0.231849,1,p:2.2.3.2.3.2
U674,27,FUSE1,2806.7,5161.2,7097.8,4291.1,4291.1,1003.0,0.23374,1,p:1.3.2.1.1.1
U675,27,FUSE2,2819.9,5161.2,7135.0,4315.1,4315.1,1035.4,0.239948,1,p:2.1.5.2.2.2
U676,27,FUSE2,2922.7,5273.4,7213.8,4291.1,4291.1,1035.4,0.24129,1,p:1.2.1.1.3.1
U677,27,FUSE2,2987.9,5273.4,7255.8,4267.9,4267.9,1035.4,0.242602,1,p:2.3.4.2.1.2
U678,27,FUSE2,3038.7,5385.6,7329.8,4291.1,4291.1,1035.4,0.24129,1,p:1.1.3.1.2.1
U679,27,FUSE2,3103.9,5385.6,7371.8,4267.9,4267.9,1035.4,0.242602,1,p:2.2.2.2.3.2
U680,27,FUSE2,3182.7,5497.8,7451.0,4268.3,4268.3,1035.4,0.242579,1,p:1.3.5.1.1.1
U681,27,FUSE2,3219.9,5497.8,7487.8,4267.9,4267.9,1035.4,0.242602,1,p:2.1.1.2.2.2
U682,27,FUSE2,3298.7,5610.0,7608.6,4309.9,4309.9,1035.4,0.240238,1,p:1.2.4.2.1.2
U8249,330,FUSE0,3340.7,5610.0,7567.0,4226.3,4226.3,941.0,0.222653,1,p:2.3.3.1.3.1
U8250,330,FUSE0,3414.7,5722.2,7683.0,4268.3,4268.3,941.0,0.220462,1,p:1.1.2.1.2.1
U8251,330,FUSE0,3456.7,5722.2,7724.6,4267.9,4267.9,941.0,0.220483,1,p:2.2.5.2.3.2
U8252,330,FUSE0,3535.5,5834.4,7803.8,4268.3,4268.3,941.0,0.220462,1,p:1.3.1.1.1.1
U8253,330,FUSE0,3572.7,5834.4,7840.6,4267.9,4267.9,941.0,0.220483,1,p:2.1.3.2.2.2
U8254,330,FUSE0,3651.5,5946.6,7919.8,4268.3,4268.3,941.0,0.220462,1,p:1.2.4.1.3.1
U8255,330,FUSE0,3693.5,5946.6,7961.4,4267.9,4267.9,941.0,0.220483,1,p:2.3.2.2.1.2
U8256,330,FUSE0,3767.5,6058.8,8035.8,4268.3,4268.3,941.0,0.220462,1,p:1.1.5.1.2.1
U8257,330,FUSE0,3809.5,6058.8,8077.4,4267.9,4267.9,941.0,0.220483,1,p:2.2.1.2.3.2
U8258,330,FUSE1,3895.1,6171.0,8156.6,4261.5,4261.5,1003.0,0.235363,1,p:1.3.3.1.1.1
U8259,330,FUSE1,3925.5,6171.0,8193.4,4267.9,4267.9,1003.0,0.23501,1,p:2.1.4.2.2.2
U8260,330,FUSE1,4011.1,6283.2,8272.6,4261.5,4261.5,1003.0,0.235363,1,p:1.2.2.1.3.1
U8261,330,FUSE1,4052.7,6283.2,8314.2,4261.5,4261.5,1003.0,0.235363,1,p:2.3.5.2.1.2
U8262,330,FUSE1,4127.1,6395.4,8388.6,4261.5,4261.5,1003.0,0.235363,1,p:1.1.1.1.2.1
U8263,330,FUSE1,4168.7,6395.4,8430.2,4261.5,4261.5,1003.0,0.235363,1,p:2.2.3.2.3.2
U8264,330,FUSE1,4256.9,6507.6,8509.4,4252.5,4252.5,1003.0,0.235861,1,p:1.3.4.1.1.1
U8265,330,FUSE1,4290.7,6507.6,8546.2,4255.5,4255.5,1003.0,0.235695,1,p:2.1.2.2.2.2
U8266,330,FUSE1,4372.9,6619.8,8625.4,4252.5,4252.5,1003.0,0.235861,1,p:1.2.5.1.3.1
U8267,330,FUSE2,4448.3,6619.8,8667.0,4218.7,4218.7,1035.4,0.245431,1,p:2.3.1.2.1.2
U8268,330,FUSE2,4488.9,6732.0,8741.4,4252.5,4252.5,1035.4,0.24348,1,p:1.1.3.1.2.1
U8269,330,FUSE2,4564.3,6732.0,8783.0,4218.7,4218.7,1035.4,0.245431,1,p:2.2.4.2.3.2
U8270,330,FUSE2,4643.1,6844.2,8862.2,4219.1,4219.1,1035.4,0.245408,1,p:1.3.2.1.1.1
U8271,330,FUSE2,4680.3,6844.2,8899.0,4218.7,4218.7,1035.4,0.245431,1,p:2.1.5.2.2.2
U8272,330,FUSE2,4759.1,6956.4,8978.2,4219.1,4219.1,1035.4,0.245408,1,p:1.2.1.1.3.1
U8273,330,FUSE2,4801.1,6956.4,9019.8,4218.7,4218.7,1035.4,0.245431,1,p:2.3.3.2.1.2
U8274,330,FUSE2,4875.1,7068.6,9094.2,4219.1,4219.1,1035.4,0.245408,1,p:1.1.4.1.2.1
U8275,330,FUSE2,4917.1,7068.6,9251.8,4334.7,4334.7,1035.4,0.238863,1,p:2.2.2.1.1.2
U8519,341,FUSE0,4995.9,7180.8,9235.0,4239.1,4239.1,941.0,0.221981,1,p:1.3.5.2.2.1
U8520,341,FUSE0,5033.1,7180.8,9135.8,4102.7,4102.7,941.0,0.229361,1,p:2.1.1.2.3.2
U8521,341,FUSE0,5111.9,7293.0,9367.8,4255.9,4255.9,941.0,0.221105,1,p:1.2.3.1.3.2
U8522,341,FUSE0,5153.9,7293.0,9392.6,4238.7,4238.7,941.0,0.222002,1,p:2.3.4.2.1.1
U8523,341,FUSE0,5227.9,7405.2,9599.8,4371.9,4371.9,941.0,0.215238,1,p:1.1.5.1.1.2
U8524,341,FUSE0,5269.9,7405.2,9508.6,4238.7,4238.7,941.0,0.222002,1,p:2.2.2.2.3.1
U8525,341,FUSE0,5348.7,7517.4,9483.8,4135.1,4135.1,941.0,0.227564,1,p:1.3.1.1.2.2
U8526,341,FUSE0,5385.9,7517.4,9624.6,4238.7,4238.7,941.0,0.222002,1,p:2.1.3.2.2.1
U8527,341,FUSE0,5464.7,7629.6,9715.8,4251.1,4251.1,941.0,0.221354,1,p:1.2.4.1.3.2
U8528,341,FUSE1,5506.7,7629.6,9831.8,4325.1,4325.1,1003.0,0.231902,1,p:2.3.5.1.2.2
U8529,341,FUSE1,5580.7,7741.8,9745.4,4164.7,4164.7,1003.0,0.240834,1,p:1.1.2.2.1.1
U8530,341,FUSE1,5622.7,7741.8,9861.4,4238.7,4238.7,1003.0,0.236629,1,p:2.2.1.2.3.1
U8531,341,FUSE1,5701.5,7854.0,9947.8,4246.3,4246.3,1003.0,0.236206,1,p:1.3.3.1.1.2
U8532,341,FUSE1,5738.7,7854.0,9977.4,4238.7,4238.7,1003.0,0.236629,1,p:2.1.4.2.2.1
U8533,341,FUSE1,5817.5,7966.2,10115.8,4298.3,4298.3,1003.0,0.233348,1,p:1.2.5.1.2.1
U8534,341,FUSE1,5859.5,7966.2,10179.8,4320.3,4320.3,1003.0,0.23216,1,p:2.3.2.2.1.2
U8535,341,FUSE1,5933.5,8078.4,10063.8,4130.3,4130.3,1003.0,0.24284,1,p:1.1.1.1.3.2
U8536,341,FUSE1,5975.5,8078.4,10295.8,4320.3,4320.3,1003.0,0.23216,1,p:2.2.3.2.3.2
U8537,341,FUSE2,6054.3,8190.6,10527.8,4473.5,4473.5,1035.4,0.231452,1,p:1.3.1.2.1.2
U8538,341,FUSE2,6091.5,8190.6,10505.4,4413.9,4413.9,1035.4,0.234577,1,p:2.1.3.1.2.1
U8539,341,FUSE2,6170.3,8302.8,10273.4,4103.1,4103.1,1035.4,0.252346,1,p:1.2.4.1.1.1
U8540,341,FUSE2,6228.7,8302.8,10411.8,4183.1,4183.1,1035.4,0.24752,1,p:2.3.2.2.2.2
U8541,341,FUSE2,6286.3,8415.0,10389.4,4103.1,4103.1,1035.4,0.252346,1,p:1.1.5.1.3.1
U8542,341,FUSE2,6344.7,8415.0,14411.8,8067.1,8067.1,1035.4,0.128348,1,p:2.2.1.1.1.2
U8543,341,FUSE2,6423.5,8527.2,10770.8,4347.3,4347.3,1035.4,0.238171,1,p:1.3.3.2.3.1
U8544,341,FUSE2,6460.7,8527.2,10643.8,4183.1,4183.1,1035.4,0.24752,1,p:2.1.4.1.3.2
U8545,341,FUSE2,6539.5,8639.4,10759.8,4220.3,4220.3,1035.4,0.245338,1,p:1.2.2.1.1.2
U5717,229,FUSE0,6581.5,8639.4,10654.8,4073.3,4073.3,941.0,0.231017,1,p:2.3.5.2.2.1
U5718,229,FUSE0,6655.5,8751.6,14643.8,7988.3,7988.3,941.0,0.117797,1,p:1.1.1.1.2.2
U5719,229,FUSE0,6697.5,8751.6,11046.0,4348.5,4348.5,941.0,0.216396,1,p:2.2.3.2.2.1
U5720,229,FUSE0,6776.3,8863.8,10930.0,4153.7,4153.7,941.0,0.226545,1,p:1.1.5.2.1.1
U5721,229,FUSE0,6813.5,8863.8,10991.8,4178.3,4178.3,941.0,0.225211,1,p:2.2.2.1.3.2
U5722,229,FUSE0,6892.3,8976.0,10875.8,3983.5,3983.5,941.0,0.236224,1,p:1.3.4.1.2.2
U5723,229,FUSE0,6934.3,8976.0,11107.8,4173.5,4173.5,941.0,0.22547,1,p:2.1.5.1.3.2
U5724,229,FUSE0,7008.3,9088.2,11301.0,4292.7,4292.7,941.0,0.219209,1,p:1.2.3.2.3.1
U5725,229,FUSE1,7050.3,9088.2,11185.0,4134.7,4134.7,1003.0,0.242581,1,p:2.3.2.2.1.1
U5726,229,FUSE1,7129.1,9200.4,11409.8,4280.7,4280.7,1003.0,0.234307,1,p:1.1.5.1.2.2
U5727,229,FUSE1,7166.3,9200.4,11434.8,4268.5,4268.5,1003.0,0.234977,1,p:2.2.2.2.3.1
U5728,229,FUSE1,7245.1,9312.6,11223.8,3978.7,3978.7,1003.0,0.252092,1,p:1.3.4.1.2.2
U5729,229,FUSE1,7287.1,9312.6,11567.4,4280.3,4280.3,1003.0,0.234329,1,p:2.1.4.1.1.2
U5730,229,FUSE1,7361.1,9424.8,11683.4,4322.3,4322.3,1003.0,0.232052,1,p:1.2.5.1.3.2
U5731,229,FUSE1,7403.1,9424.8,11604.6,4201.5,4201.5,1003.0,0.238724,1,p:2.3.3.2.2.1
U5732,229,FUSE1,7482.3,9537.0,11904.6,4422.3,4422.3,1003.0,0.226805,1,p:1.1.3.2.3.1
U5733,229,FUSE2,7519.1,9537.0,11873.0,4353.9,4353.9,1035.4,0.23781,1,p:2.2.4.1.1.2
U5734,229,FUSE2,7598.3,9649.2,11788.6,4190.3,4190.3,1035.4,0.247094,1,p:1.3.2.2.2.1
U5735,229,FUSE2,7639.9,9649.2,12211.0,4571.1,4571.1,1035.4,0.22651,1,p:2.1.2.1.1.2
U5736,229,FUSE2,7714.3,9761.4,12391.4,4677.1,4677.1,1035.4,0.221376,1,p:1.1.5.1.2.2
U5737,229,FUSE2,7755.9,9761.4,12219.8,4463.9,4463.9,1035.4,0.23195,1,p:2.2.3.2.3.1
U5738,229,FUSE2,7835.1,9873.6,12025.0,4189.9,4189.9,1035.4,0.247118,1,p:1.3.5.1.3.2
U5739,229,FUSE2,7871.9,9873.6,12394.6,4522.7,4522.7,1035.4,0.228934,1,p:2.1.4.2.3.1
U5740,229,FUSE2,7951.1,9985.8,12586.2,4635.1,4635.1,1035.4,0.223382,1,p:1.2.2.2.2.1
U6323,253,FUSE0,7992.7,9985.8,12076.6,4083.9,4083.9,941.0,0.230417,1,p:2.3.4.2.2.1
U6324,253,FUSE0,8067.1,10098.0,12859.8,4792.7,4792.7,941.0,0.19634,1,p:1.1.2.2.3.1
U6325,253,FUSE0,8108.7,10098.0,12781.0,4672.3,4672.3,941.0,0.2014,1,p:2.2.3.1.2.2
U6326,253,FUSE0,8187.9,10210.2,12549.0,4361.1,4361.1,941.0,0.215771,1,p:1.3.3.1.1.2
U6327,253,FUSE0,8224.7,10210.2,12918.6,4693.9,4693.9,941.0,0.200473,1,p:2.1.5.1.1.2
U6328,253,FUSE0,8303.9,10322.4,12743.8,4439.9,4439.9,941.0,0.211942,1,p:1.2.4.2.1.1
U6329,253,FUSE0,8345.5,10322.4,12665.0,4319.5,4319.5,941.0,0.217849,1,p:2.3.5.1.3.2
U6330,253,FUSE0,8419.9,10434.6,13150.6,4730.7,4730.7,941.0,0.198913,1,p:1.1.3.2.3.2
U6331,253,FUSE0,8461.5,10434.6,13113.4,4651.9,4651.9,941.0,0.202283,1,p:2.2.2.2.1.1
U6332,253,FUSE0,8540.7,10546.8,12975.8,4435.1,4435.1,941.0,0.212171,1,p:1.3.3.2.2.1
U6333,253,FUSE1,8577.5,10546.8,13309.4,4731.9,4731.9,1003.0,0.211966,1,p:2.1.4.2.1.2
U6334,253,FUSE1,8656.7,10659.0,13229.4,4572.7,4572.7,1003.0,0.219345,1,p:1.2.5.1.2.1
U6335,253,FUSE1,8698.3,10659.0,13034.6,4336.3,4336.3,1003.0,0.231303,1,p:2.3.4.1.3.2
U6336,253,FUSE1,8772.7,10771.2,13633.4,4860.7,4860.7,1003.0,0.206349,1,p:1.1.2.2.2.1
U6337,253,FUSE1,8814.3,10771.2,13517.4,4703.1,4703.1,1003.0,0.213264,1,p:2.2.3.2.1.1
U6338,253,FUSE1,8893.5,10883.4,13345.4,4451.9,4451.9,1003.0,0.225297,1,p:1.3.2.1.3.1
E001,358,FUSE0,8930.3,10995.6,13543.8,4613.5,4613.5,941.0,0.203967,1,p:1.2.4.1.3.2
E002,358,FUSE0,9009.5,11107.8,14025.8,5016.3,5016.3,941.0,0.187588,1,p:1.1.3.2.2.1
E003,358,FUSE0,9051.1,10883.4,13711.4,4660.3,4660.3,941.0,0.201918,1,p:2.1.5.1.1.2
E004,358,FUSE0,9125.5,11220.0,13749.4,4623.9,4623.9,941.0,0.203508,1,p:1.3.3.2.3.1
E005,358,FUSE0,9167.1,10995.6,13427.8,4260.7,4260.7,941.0,0.220856,1,p:2.3.5.1.2.2
E006,358,FUSE1,9266.3,11332.2,13947.0,4680.7,4680.7,1003.0,0.214284,1,p:1.2.5.1.3.2
E007,358,FUSE1,9283.1,11107.8,13908.6,4625.5,4625.5,1003.0,0.216841,1,p:2.2.2.2.1.1
E008,358,FUSE1,9399.1,11444.4,14479.8,5080.7,5080.7,1003.0,0.197414,1,p:1.1.2.2.2.1
E009,358,FUSE1,9423.9,11220.0,14254.2,4830.3,4830.3,1003.0,0.207648,1,p:2.1.3.1.2.2
E010,358,FUSE1,9515.1,11556.6,14214.2,4699.1,4699.1,1003.0,0.213445,1,p:1.3.2.2.1.1
E011,358,FUSE1,9539.9,11668.8,14637.4,5097.5,5097.5,1003.0,0.196763,1,p:1.2.3.2.1.1
E012,358,FUSE2,9631.1,11332.2,13831.0,4199.9,4199.9,1035.4,0.24653,1,p:2.3.4.1.2.2
E013,358,FUSE2,9655.9,11781.0,14812.6,5156.7,5156.7,1035.4,0.200787,1,p:1.1.4.1.2.2
E014,358,FUSE2,9747.1,11444.4,14330.2,4583.1,4583.1,1035.4,0.225917,1,p:2.2.5.2.3.1
E015,358,FUSE2,9776.7,11893.2,14527.8,4751.1,4751.1,1035.4,0.217928,1,p:1.3.4.1.3.2
E016,358,FUSE2,9863.1,12005.4,15067.8,5204.7,5204.7,1035.4,0.198936,1,p:1.2.5.1.2.1
E017,358,FUSE2,9892.7,12117.6,15508.6,5615.9,5615.9,1035.4,0.184369,1,p:1.1.2.2.3.2
E018,358,FUSE2,9979.1,11556.6,14753.4,4774.3,4774.3,1035.4,0.216869,1,p:2.1.5.2.3.1
U6339,253,FUSE1,10008.7,12229.8,15160.6,5151.9,5151.9,1003.0,0.194685,1,p:1.3.2.2.3.2
U6340,253,FUSE1,10095.1,11668.8,14111.8,4016.7,4016.7,1003.0,0.249707,1,p:2.3.4.1.3.2
U6341,253,FUSE1,10147.1,12342.0,15624.6,5477.5,5477.5,1003.0,0.183113,1,p:1.2.3.2.2.2
U6342,253,FUSE1,10211.1,12454.2,15745.0,5533.9,5533.9,1003.0,0.181246,1,p:1.1.4.2.1.2
U6343,253,FUSE2,10304.7,11781.0,14872.6,4567.9,4567.9,1035.4,0.226669,1,p:2.2.2.2.1.1
U6344,253,FUSE2,10327.1,12566.4,15819.0,5491.9,5491.9,1035.4,0.188532,1,p:1.3.5.1.2.1
U6345,253,FUSE2,10420.7,11893.2,15457.4,5036.7,5036.7,1035.4,0.205571,1,p:2.1.3.1.2.1
U6346,253,FUSE2,10443.1,12678.6,16171.8,5728.7,5728.7,1035.4,0.180739,1,p:1.2.4.1.2.1
U6347,253,FUSE2,10536.7,12005.4,15044.6,4507.9,4507.9,1035.4,0.229686,1,p:2.3.3.2.1.2
U6348,253,FUSE2,10559.1,12790.8,16499.0,5939.9,5939.9,1035.4,0.174313,1,p:1.1.4.1.1.2
U6349,253,FUSE2,10675.1,12903.0,16118.2,5443.1,5443.1,1035.4,0.190222,1,p:1.3.2.2.1.2
U6350,253,FUSE2,10686.1,12117.6,15341.4,4655.3,4655.3,1035.4,0.222413,1,p:2.2.4.1.3.1
U6351,253,FUSE2,10791.1,13015.2,16429.0,5637.9,5637.9,1035.4,0.18365,1,p:1.2.2.2.3.1
U605,25,FUSE0,10802.1,12229.8,15587.0,4784.9,4784.9,941.0,0.19666,1,p:2.1.4.1.1.1
U606,25,FUSE0,10907.1,13127.4,16731.0,5823.9,5823.9,941.0,0.161576,1,p:1.1.4.1.2.2
U607,25,FUSE0,10961.3,12342.0,15276.6,4315.3,4315.3,941.0,0.218061,1,p:2.3.5.2.2.2
U608,25,FUSE0,11023.1,13239.6,15225.4,4202.3,4202.3,941.0,0.223925,1,p:1.3.1.1.1.1
U609,25,FUSE0,11077.3,12454.2,15939.8,4862.5,4862.5,941.0,0.193522,1,p:2.2.2.1.1.1
U610,25,FUSE0,11139.1,13351.8,15703.0,4563.9,4563.9,941.0,0.206183,1,p:1.2.1.1.3.1
U611,25,FUSE0,11216.3,12566.4,16313.0,5096.7,5096.7,941.0,0.184629,1,p:2.1.3.1.1.1
U612,25,FUSE0,11255.1,13464.0,16809.8,5554.7,5554.7,941.0,0.169406,1,p:1.1.2.2.3.1
U613,25,FUSE1,11332.3,13576.2,16967.8,5635.5,5635.5,1003.0,0.177979,1,p:1.1.5.1.3.2
U614,25,FUSE1,11441.1,12678.6,15861.0,4419.9,4419.9,1003.0,0.226928,1,p:2.3.3.2.3.2
U615,25,FUSE1,11466.1,13688.4,17162.6,5696.5,5696.5,1003.0,0.176073,1,p:1.2.3.2.3.1
U616,25,FUSE1,11598.7,13800.6,17046.6,5447.9,5447.9,1003.0,0.184108,1,p:1.3.4.2.1.1
U617,25,FUSE1,11635.9,12790.8,14928.6,3292.7,3292.7,1003.0,0.304613,1,p:2.2.1.1.3.2
U618,25,FUSE1,11714.7,13912.8,17278.6,5563.9,5563.9,1003.0,0.180269,1,p:1.1.2.2.2.1
U619,25,FUSE1,11819.9,14025.0,16615.0,4795.1,4795.1,1003.0,0.209172,1,p:1.2.1.1.3.2
U620,25,FUSE1,11904.3,14137.2,17436.6,5532.3,5532.3,1003.0,0.181299,1,p:1.3.4.2.1.2
U621,25,FUSE2,11935.9,12903.0,16545.0,4609.1,4609.1,1035.4,0.224643,1,p:2.1.3.2.2.1
U622,25,FUSE2,12056.3,14249.4,17853.8,5797.5,5797.5,1035.4,0.178594,1,p:1.2.5.1.2.2
U623,25,FUSE2,12107.9,13015.2,15977.0,3869.1,3869.1,1035.4,0.267607,1,p:2.3.5.2.2.2
U624,25,FUSE2,12242.3,14361.6,18223.4,5981.1,5981.1,1035.4,0.173112,1,p:1.2.4.1.2.1
U625,25,FUSE2,12251.1,13127.4,16350.2,4099.1,4099.1,1035.4,0.252592,1,p:2.2.5.1.2.2
U626,25,FUSE2,12422.7,14473.8,18107.4,5684.7,5684.7,1035.4,0.182138,1,p:1.1.3.1.1.1
U627,25,FUSE2,12425.9,13239.6,16693.8,4267.9,4267.9,1035.4,0.242602,1,p:2.1.5.2.1.1
U628,25,FUSE2,12580.3,14586.0,17655.0,5074.7,5074.7,1035.4,0.204032,1,p:1.3.2.1.2.1
U8648,346,FUSE0,12617.5,13351.8,15392.6,2775.1,2775.1,941.0,0.339087,1,p:2.3.1.2.1.2
U8649,346,FUSE0,12696.3,14698.2,17771.0,5074.7,5074.7,941.0,0.18543,1,p:1.2.1.1.3.1
U8650,346,FUSE0,12775.1,13464.0,16055.8,3280.7,3280.7,941.0,0.286829,1,p:2.2.1.1.3.1
U8651,346,FUSE0,12812.3,14810.4,18549.8,5737.5,5737.5,941.0,0.164009,1,p:1.1.4.2.1.2
U8652,346,FUSE0,12891.1,13576.2,16851.8,3960.7,3960.7,941.0,0.237584,1,p:2.3.3.1.1.2
U8653,346,FUSE0,12949.9,14922.6,18339.4,5389.5,5389.5,941.0,0.174599,1,p:1.3.3.2.3.1
U8654,346,FUSE0,13007.1,13688.4,17320.6,4313.5,4313.5,941.0,0.218152,1,p:2.1.3.1.3.2
U8655,346,FUSE0,13065.9,15034.8,18665.8,5599.9,5599.9,941.0,0.168039,1,p:1.2.5.1.3.2
U8656,346,FUSE1,13144.7,15147.0,17969.8,4825.1,4825.1,1003.0,0.207871,1,p:1.1.1.2.1.2
U8657,346,FUSE1,13181.9,13800.6,17083.8,3901.9,3901.9,1003.0,0.257054,1,p:2.2.2.1.2.2
U8658,346,FUSE1,13260.7,15259.2,18781.8,5521.1,5521.1,1003.0,0.181667,1,p:1.3.4.2.1.2
U8659,346,FUSE1,13340.7,13912.8,16234.2,2893.5,2893.5,1003.0,0.346639,1,p:2.3.1.2.3.2
U8660,346,FUSE1,13376.7,15371.4,19013.8,5637.1,5637.1,1003.0,0.177928,1,p:1.2.2.1.2.2
U8661,346,FUSE1,13459.1,14025.0,16925.8,3466.7,3466.7,1003.0,0.289324,1,p:2.1.1.2.2.1
U8662,346,FUSE1,13548.7,15483.6,18819.8,5271.1,5271.1,1003.0,0.190283,1,p:1.1.5.2.3.1
U8663,346,FUSE1,13575.1,14137.2,17563.0,3987.9,3987.9,1003.0,0.251511,1,p:2.2.3.2.1.2
E019,358,FUSE0,13664.7,15595.8,18085.8,4421.1,4421.1,941.0,0.212843,1,p:1.3.1.2.2.2
E020,358,FUSE0,13742.7,15708.0,19335.8,5593.1,5593.1,941.0,0.168243,1,p:1.2.3.2.3.1
U8664,346,FUSE2,13780.7,15820.2,18703.8,4923.1,4923.1,1035.4,0.210315,1,p:1.1.1.2.2.1
U8665,346,FUSE2,13862.3,15932.4,19477.8,5615.5,5615.5,1035.4,0.184383,1,p:1.3.5.1.2.2
U8666,346,FUSE2,13939.9,14249.4,17419.8,3479.9,3479.9,1035.4,0.297537,1,p:2.3.5.1.2.1
U8667,346,FUSE2,13978.3,16044.6,19924.6,5946.3,5946.3,1035.4,0.174125,1,p:1.2.2.2.2.1
U8668,346,FUSE2,14057.1,16156.8,19808.6,5751.5,5751.5,1035.4,0.180023,1,p:1.1.3.2.3.1
U8669,346,FUSE2,14143.1,14361.6,17737.8,3594.7,3594.7,1035.4,0.288035,1,p:2.3.4.2.1.2
U8670,346,FUSE2,14245.5,16269.0,20040.6,5795.1,5795.1,1035.4,0.178668,1,p:1.3.4.2.1.1
U8671,346,FUSE2,14285.5,16381.2,20639.4,6353.9,6353.9,1035.4,0.162955,1,p:1.2.3.1.2.2
E021,358,FUSE0,14361.5,16493.4,20523.4,6161.9,6161.9,941.0,0.152713,1,p:1.1.4.1.3.2
E022,358,FUSE0,14443.1,16605.6,20581.0,6137.9,6137.9,941.0,0.15331,1,p:1.3.4.2.3.1
E023,358,FUSE0,14511.1,14511.1,17915.6672,3404.5672,3404.5672,941.0,0.276393,1,p:2.2.2.1.3.1
E024,358,FUSE1,14559.1,16717.8,20272.6,5713.5,5713.5,1003.0,0.175549,1,p:1.2.2.2.1.1
E025,358,FUSE1,14668.7,14668.7,18201.8,3533.1,3533.1,1003.0,0.283887,1,p:2.1.5.2.3.2
E026,358,FUSE1,14675.1,16830.0,20929.0,6253.9,6253.9,1003.0,0.16038,1,p:1.1.3.2.2.1
E027,358,FUSE1,14784.7,14784.7,17204.6,2419.9,2419.9,1003.0,0.41448,1,p:2.3.1.1.1.2
E028,358,FUSE2,14843.9,14896.9,18897.8,4053.9,4053.9,1035.4,0.255408,1,p:2.2.3.1.1.2
E029,358,FUSE2,14903.9,16942.2,21161.0,6257.1,6257.1,1035.4,0.165476,1,p:1.3.4.2.2.1
E030,368,FUSE0,14959.9,15009.1,18455.4,3495.5,3495.5,941.0,0.269203,1,p:2.1.5.1.3.1
E031,368,FUSE0,15075.9,15121.3,18433.8,3357.9,3357.9,941.0,0.280235,1,p:2.3.2.1.2.2
E032,368,FUSE0,15099.1,17054.4,20465.0,5365.9,5365.9,941.0,0.175367,1,p:1.2.5.2.1.1
E033,368,FUSE0,15191.9,15233.5,18987.8,3795.9,3795.9,941.0,0.247899,1,p:2.2.4.2.1.1
E034,368,FUSE0,15256.7,17166.6,20697.0,5440.3,5440.3,941.0,0.172968,1,p:1.1.2.2.1.1
E035,368,FUSE0,15307.9,15345.7,19245.8,3937.9,3937.9,941.0,0.23896,1,p:2.1.3.1.1.2
E036,368,FUSE0,15372.7,15457.9,18571.4,3198.7,3198.7,941.0,0.294182,1,p:2.3.2.1.2.1
E037,368,FUSE1,15423.9,17278.8,21144.2,5720.3,5720.3,1003.0,0.17534,1,p:1.3.3.1.1.2
E038,368,FUSE1,15488.7,15570.1,18317.8,2829.1,2829.1,1003.0,0.35453,1,p:2.2.1.2.1.2
E039,368,FUSE1,15539.9,17391.0,21393.0,5853.1,5853.1,1003.0,0.171362,1,p:1.1.4.2.2.1
E040,368,FUSE1,15618.3,15682.3,19219.8,3601.5,3601.5,1003.0,0.278495,1,p:2.1.4.2.3.1
E041,368,FUSE1,15655.9,17503.2,21804.6,6148.7,6148.7,1003.0,0.163124,1,p:1.2.3.1.3.1
E042,368,FUSE1,15734.3,15794.5,19129.8,3395.5,3395.5,1003.0,0.295391,1,p:2.3.3.2.3.2
E043,368,FUSE2,15776.3,17615.4,20871.4,5095.1,5095.1,1035.4,0.203215,1,p:1.3.5.1.1.2
E044,368,FUSE2,15850.3,15906.7,19576.6,3726.3,3726.3,1035.4,0.277863,1,p:2.2.4.1.1.1
E045,368,FUSE2,15892.3,17727.6,22321.4,6429.1,6429.1,1035.4,0.161049,1,p:1.2.4.1.1.2
E046,368,FUSE2,15971.1,16018.9,19361.8,3390.7,3390.7,1035.4,0.305365,1,p:2.1.2.1.2.2
E047,368,FUSE2,16008.3,17839.8,21045.0,5036.7,5036.7,1035.4,0.205571,1,p:1.1.2.1.1.1
E048,368,FUSE2,16087.1,16131.1,19103.8,3016.7,3016.7,1035.4,0.343223,1,p:2.3.1.1.2.1
U2092,84,FUSE0,16149.5,16243.3,19692.6,3543.1,3543.1,941.0,0.265587,1,p:2.2.5.2.2.1
U2093,84,FUSE0,16203.1,17952.0,21526.2,5323.1,5323.1,941.0,0.176777,1,p:1.3.1.2.2.1
U2094,84,FUSE0,16265.5,16355.5,19593.8,3328.3,3328.3,941.0,0.282727,1,p:2.1.1.1.3.2
U2095,84,FUSE0,16344.3,18064.2,22553.4,6209.1,6209.1,941.0,0.151552,1,p:1.2.3.1.3.2
U2096,84,FUSE0,16381.5,16467.7,20291.4,3909.9,3909.9,941.0,0.240671,1,p:2.3.3.1.2.2
U2097,84,FUSE0,16460.3,18176.4,21724.2,5263.9,5263.9,941.0,0.178765,1,p:1.1.1.1.1.2
U2098,84,FUSE0,16530.3,16579.9,19941.8,3411.5,3411.5,941.0,0.275832,1,p:2.2.5.1.1.2
U2099,84,FUSE0,16576.3,18288.6,22437.4,5861.1,5861.1,941.0,0.16055,1,p:1.3.3.1.2.2
U2100,84,FUSE0,16646.3,16692.1,20407.4,3761.1,3761.1,941.0,0.250193,1,p:2.1.2.1.1.2
U2101,84,FUSE1,16725.1,18400.8,21920.6,5195.5,5195.5,1003.0,0.193052,1,p:1.2.1.2.3.1
U2102,84,FUSE1,16762.3,16804.3,19825.8,3063.5,3063.5,1003.0,0.327403,1,p:2.3.1.1.3.2
U2103,84,FUSE1,16841.1,18513.0,22205.4,5364.3,5364.3,1003.0,0.186977,1,p:1.1.3.1.2.2
U2104,84,FUSE1,16883.1,16916.5,21492.2,4609.1,4609.1,1003.0,0.217613,1,p:2.2.4.1.1.2
U2105,84,FUSE1,16957.1,18625.2,21840.2,4883.1,4883.1,1003.0,0.205402,1,p:1.3.5.1.2.2
U2106,84,FUSE1,16999.1,17028.7,20057.8,3058.7,3058.7,1003.0,0.327917,1,p:2.1.1.1.2.2
U2107,84,FUSE1,17077.9,17140.9,20175.4,3097.5,3097.5,1003.0,0.32381,1,p:2.3.5.1.3.2
E049,358,FUSE1,17115.1,17253.1,20755.4,3640.3,3640.3,1003.0,0.275527,1,p:2.2.2.2.2.2
E050,358,FUSE1,17193.9,17365.3,21376.2,4182.3,4182.3,1003.0,0.23982,1,p:2.2.3.2.3.2
E051,358,FUSE2,17235.9,18737.4,21260.2,4024.3,4024.3,1035.4,0.257287,1,p:1.1.5.2.2.2
E052,358,FUSE2,17309.9,17477.5,20156.6,2846.7,2846.7,1035.4,0.363719,1,p:2.3.1.2.3.1
E053,358,FUSE2,17351.9,18849.6,22036.6,4684.7,4684.7,1035.4,0.221017,1,p:1.2.5.2.1.1
E054,358,FUSE2,17451.1,17589.7,20987.4,3536.3,3536.3,1035.4,0.292792,1,p:2.2.1.1.3.2
E055,358,FUSE2,17467.9,18961.8,22732.6,5264.7,5264.7,1035.4,0.196668,1,p:1.2.2.1.3.1
U2108,84,FUSE1,17594.3,17701.9,21688.6,4094.3,4094.3,1003.0,0.244975,1,p:2.1.4.2.1.1
E056,358,FUSE1,17686.3,17814.1,20813.0,3126.7,3126.7,1003.0,0.320785,1,p:2.3.1.1.3.1
U2109,84,FUSE1,17769.1,19074.0,23666.6,5897.5,5897.5,1003.0,0.170072,1,p:1.2.2.2.3.1
U2110,84,FUSE2,17802.3,17926.3,21608.2,3805.9,3805.9,1035.4,0.272051,1,p:2.3.2.1.3.2
U2111,84,FUSE2,17885.1,19186.2,23471.8,5586.7,5586.7,1035.4,0.185333,1,p:1.1.4.1.3.2
U2112,84,FUSE2,17946.9672,18038.5,22500.6,4553.6328,4553.6328,1035.4,0.227379,1,p:2.2.4.2.1.1
U2113,84,FUSE2,18001.1,19298.4,22384.6,4383.5,4383.5,1035.4,0.236204,1,p:1.3.5.2.3.1
U2114,84,FUSE2,18117.1,18150.7,21277.0,3159.9,3159.9,1035.4,0.327669,1,p:2.1.5.2.3.1
U2115,84,FUSE2,18138.7,19410.6,23898.6,5759.9,5759.9,1035.4,0.17976,1,p:1.2.3.2.2.1
U2116,84,FUSE2,18233.1,18262.9,22072.2,3839.1,3839.1,1035.4,0.269699,1,p:2.3.2.1.3.2
U2117,84,FUSE2,18254.7,19522.8,23317.0,5062.3,5062.3,1035.4,0.204532,1,p:1.1.4.2.3.1
U2118,84,FUSE2,18349.1,18375.1,22941.0,4591.9,4591.9,1035.4,0.225484,1,p:2.2.4.1.3.2
U7147,286,FUSE0,18370.7,19635.0,22848.6,4477.9,4477.9,941.0,0.210143,1,p:1.3.5.2.2.1
U7148,286,FUSE0,18465.1,18487.3,21956.2,3491.1,3491.1,941.0,0.269543,1,p:2.1.1.1.2.2
U7149,286,FUSE0,18486.7,19747.2,23196.6,4709.9,4709.9,941.0,0.199792,1,p:1.2.1.2.1.1
U7150,286,FUSE0,18581.1,18599.5,22792.2,4211.1,4211.1,941.0,0.223457,1,p:2.3.3.1.1.2
U7151,286,FUSE0,18602.7,19859.4,23703.8,5101.1,5101.1,941.0,0.18447,1,p:1.1.4.1.2.2
U7152,286,FUSE0,18697.1,18711.7,22616.6,3919.5,3919.5,941.0,0.240082,1,p:2.2.1.2.2.1
U7153,286,FUSE0,18735.1,19971.6,22964.6,4229.5,4229.5,941.0,0.222485,1,p:1.3.1.2.3.1
U7154,286,FUSE0,18813.1,18823.9,22152.6,3339.5,3339.5,941.0,0.281779,1,p:2.1.2.2.2.1
U7155,286,FUSE1,18851.1,20083.8,24248.2,5397.1,5397.1,1003.0,0.185841,1,p:1.2.4.2.2.1
U7156,286,FUSE1,18929.1,18936.1,22669.4,3740.3,3740.3,1003.0,0.26816,1,p:2.3.1.1.1.2
U7157,286,FUSE1,19019.1,20196.0,23354.2,4335.1,4335.1,1003.0,0.231367,1,p:1.1.5.1.1.2
U7158,286,FUSE1,19045.1,19048.3,23238.2,4193.1,4193.1,1003.0,0.239202,1,p:2.2.2.1.1.2
U7159,286,FUSE1,19135.1,20308.2,24621.0,5485.9,5485.9,1003.0,0.182832,1,p:1.3.3.1.3.2
U7160,286,FUSE1,19161.1,19161.1,23122.2,3961.1,3961.1,1003.0,0.253212,1,p:2.1.3.1.3.2
U7161,286,FUSE1,19251.1,20420.4,24364.2,5113.1,5113.1,1003.0,0.196163,1,p:1.2.1.2.1.1
U7162,286,FUSE1,19277.1,19277.1,22268.6,2991.5,2991.5,1003.0,0.335283,1,p:2.3.2.2.1.1
U7163,286,FUSE2,19367.1,20532.6,23782.6,4415.5,4415.5,1035.4,0.234492,1,p:1.1.5.2.1.1
U7164,286,FUSE2,19393.1,19393.1,23080.6,3687.5,3687.5,1035.4,0.280786,1,p:2.2.5.2.2.1
U7165,286,FUSE2,19509.1,20644.8,24389.0,4879.9,4879.9,1035.4,0.212176,1,p:1.3.2.1.2.2
U7166,286,FUSE2,19607.9,19607.9,23511.4,3903.5,3903.5,1035.4,0.265249,1,p:2.1.3.2.1.1
U7167,286,FUSE2,19625.1,20757.0,24853.0,5227.9,5227.9,1035.4,0.198053,1,p:1.2.1.1.1.2
U7168,286,FUSE2,19723.9,19723.9,23821.4,4097.5,4097.5,1035.4,0.252691,1,p:2.3.2.1.3.2
U7169,286,FUSE2,19839.9,20869.2,24944.2,5104.3,5104.3,1035.4,0.202849,1,p:1.1.4.2.3.1
U3468,139,FUSE0,19857.1,19857.1,23587.8,3730.7,3730.7,941.0,0.252231,1,p:2.2.1.1.2.2
U3469,139,FUSE0,19955.9,20981.4,24596.2,4640.3,4640.3,941.0,0.202789,1,p:1.3.2.2.2.1
U3470,139,FUSE0,19973.1,19973.1,23937.4,3964.3,3964.3,941.0,0.237369,1,p:2.1.4.1.1.2
U3471,139,FUSE0,20071.9,21093.6,24969.0,4897.1,4897.1,941.0,0.192155,1,p:1.2.5.1.2.2
U3472,139,FUSE0,20089.1,20089.1,24480.2,4391.1,4391.1,941.0,0.214297,1,p:2.3.2.2.3.1
U3473,139,FUSE0,20187.9,21205.8,25060.2,4872.3,4872.3,941.0,0.193133,1,p:1.1.3.2.1.1
U3474,139,FUSE0,20206.7,20206.7,25756.2,5549.5,5549.5,941.0,0.169565,1,p:2.2.4.2.3.1
U3475,139,FUSE0,20303.9,21318.0,24505.0,4201.1,4201.1,941.0,0.223989,1,p:1.3.5.1.1.2
U3476,139,FUSE0,20322.7,20322.7,24053.4,3730.7,3730.7,941.0,0.252231,1,p:2.1.3.1.2.2
U3477,139,FUSE1,20438.7,21430.2,26113.8,5675.1,5675.1,1003.0,0.176737,1,p:1.2.3.2.3.1
U3478,139,FUSE1,20496.3,20496.3,24171.0,3674.7,3674.7,1003.0,0.272947,1,p:2.3.5.1.3.2
U3479,139,FUSE1,20554.7,21542.4,24712.2,4157.5,4157.5,1003.0,0.241251,1,p:1.1.5.2.1.1
U3480,139,FUSE1,20612.3,20612.3,25176.2,4563.9,4563.9,1003.0,0.219768,1,p:2.2.3.2.2.1
U3481,139,FUSE1,20670.7,21654.6,25085.0,4414.3,4414.3,1003.0,0.227216,1,p:1.3.1.1.3.2
U3482,139,FUSE1,20728.3,20728.3,24016.2,3287.9,3287.9,1003.0,0.305058,1,p:2.1.1.2.3.1
U3483,139,FUSE1,20786.7,21766.8,25988.2,5201.5,5201.5,1003.0,0.192829,1,p:1.2.4.2.2.1
U3484,139,FUSE1,20844.3,20844.3,25292.2,4447.9,4447.9,1003.0,0.2255,1,p:2.3.4.2.3.1
U3485,139,FUSE1,20902.7,21879.0,25201.0,4298.3,4298.3,1003.0,0.233348,1,p:1.1.2.1.1.2
U3486,139,FUSE2,20960.3,20960.3,24828.2,3867.9,3867.9,1035.4,0.26769,1,p:2.2.2.2.2.1
U3487,139,FUSE2,21018.7,21991.2,26076.6,5057.9,5057.9,1035.4,0.204709,1,p:1.3.3.1.3.2
U3488,139,FUSE2,21076.3,21076.3,24132.2,3055.9,3055.9,1035.4,0.33882,1,p:2.1.1.2.1.1
U3489,139,FUSE2,21175.5,22103.4,25408.2,4232.7,4232.7,1035.4,0.244619,1,p:1.2.5.2.1.1
U3490,139,FUSE2,21192.3,21192.3,25612.6,4420.3,4420.3,1035.4,0.234237,1,p:2.3.4.1.2.2
U3491,139,FUSE2,21291.5,22215.6,25524.2,4232.7,4232.7,1035.4,0.244619,1,p:1.1.1.2.2.1
U3492,139,FUSE2,21308.3,21308.3,25960.6,4652.3,4652.3,1035.4,0.222557,1,p:2.2.2.1.1.2
U3493,139,FUSE2,21407.5,22327.8,26288.6,4881.1,4881.1,1035.4,0.212124,1,p:1.3.3.2.3.1
U3494,139,FUSE2,21424.3,21424.3,25433.0,4008.7,4008.7,1035.4,0.258288,1,p:2.1.3.1.3.2
U3495,139,FUSE2,21523.5,22440.0,26811.4,5287.9,5287.9,1035.4,0.195806,1,p:1.2.2.2.3.1
U3155,127,FUSE0,21557.5,21557.5,24737.0,3179.5,3179.5,941.0,0.295958,1,p:2.3.5.1.3.2
U3156,127,FUSE0,21639.5,22552.2,26540.6,4901.1,4901.1,941.0,0.191998,1,p:1.1.4.1.1.2
U3157,127,FUSE0,21719.9,21719.9,26192.6,4472.7,4472.7,941.0,0.210387,1,p:2.2.1.1.2.2
U3158,127,FUSE0,21755.5,22664.4,27086.2,5330.7,5330.7,941.0,0.176525,1,p:1.3.3.1.2.2
U3159,127,FUSE0,21835.9,21835.9,25640.2,3804.3,3804.3,941.0,0.247352,1,p:2.1.4.2.1.1
U3160,127,FUSE0,21871.5,22776.6,27855.4,5983.9,5983.9,941.0,0.157255,1,p:1.2.4.2.1.1
U3161,127,FUSE0,21951.9,21951.9,25844.6,3892.7,3892.7,941.0,0.241735,1,p:2.3.2.1.3.2
U3162,127,FUSE0,21987.5,22888.8,26695.4,4707.9,4707.9,941.0,0.199877,1,p:1.1.3.2.1.1
U3163,127,FUSE0,22067.9,22067.9,26463.4,4395.5,4395.5,941.0,0.214083,1,p:2.2.4.2.3.1
U3164,127,FUSE1,22103.5,23001.0,27202.2,5098.7,5098.7,1003.0,0.196717,1,p:1.3.4.1.3.2
U3165,127,FUSE1,22183.9,22183.9,25317.0,3133.1,3133.1,1003.0,0.32013,1,p:2.1.5.1.2.2
U3166,127,FUSE1,22236.7,23113.2,27275.4,5038.7,5038.7,1003.0,0.199059,1,p:1.2.1.2.1.1
U3167,127,FUSE1,22299.9,22299.9,25728.6,3428.7,3428.7,1003.0,0.292531,1,p:2.3.1.1.1.2
U3168,127,FUSE1,22352.7,23225.4,27507.4,5154.7,5154.7,1003.0,0.19458,1,p:1.1.4.2.3.1
U3169,127,FUSE1,22415.9,22415.9,25872.2,3456.3,3456.3,1003.0,0.290195,1,p:2.2.5.2.2.1
U3170,127,FUSE1,22468.7,23337.6,26970.2,4501.5,4501.5,1003.0,0.222815,1,p:1.3.2.1.1.2
U3171,127,FUSE1,22531.9,22531.9,26424.6,3892.7,3892.7,1003.0,0.257662,1,p:2.1.2.1.2.2
U3172,127,FUSE1,22584.7,23449.8,27899.8,5315.1,5315.1,1003.0,0.188708,1,p:1.2.3.1.3.2
U3173,127,FUSE2,22647.9,22647.9,26308.6,3660.7,3660.7,1035.4,0.282842,1,p:2.3.1.1.1.2
U3174,127,FUSE2,22700.7,23562.0,26579.4,3878.7,3878.7,1035.4,0.266945,1,p:1.1.5.2.2.1
U3175,127,FUSE2,22763.9,22763.9,27043.4,4279.5,4279.5,1035.4,0.241944,1,p:2.2.5.2.2.1
U3176,127,FUSE2,22823.5,23674.2,27159.4,4335.9,4335.9,1035.4,0.238797,1,p:1.3.1.2.3.1
U3177,127,FUSE2,22879.9,22879.9,26661.4,3781.5,3781.5,1035.4,0.273807,1,p:2.1.2.1.2.2
U3178,127,FUSE2,22972.3,23786.4,29080.6,6108.3,6108.3,1035.4,0.169507,1,p:1.2.4.1.2.2
U3179,127,FUSE2,22995.9,22995.9,26927.4,3931.5,3931.5,1035.4,0.26336,1,p:2.3.3.2.1.1
U3180,127,FUSE2,23111.9,23898.6,27319.8,4207.9,4207.9,1035.4,0.246061,1,p:1.1.5.1.1.2
U3181,127,FUSE2,23153.5,23153.5,27391.4,4237.9,4237.9,1035.4,0.244319,1,p:2.2.5.2.2.1
U3182,127,FUSE2,23227.9,24010.8,27435.8,4207.9,4207.9,1035.4,0.246061,1,p:1.3.3.1.2.2
U3967,159,FUSE0,23269.5,23269.5,26793.0,3523.5,3523.5,941.0,0.267064,1,p:2.1.1.1.3.2
U3968,159,FUSE0,23348.3,24123.0,28620.6,5272.3,5272.3,941.0,0.17848,1,p:1.2.2.2.3.1
U3969,159,FUSE0,23385.5,23385.5,27783.8,4398.3,4398.3,941.0,0.213946,1,p:2.3.4.1.2.2
U3970,159,FUSE0,23503.1,24235.2,28203.4,4700.3,4700.3,941.0,0.2002,1,p:1.1.5.2.1.1
U3971,159,FUSE0,23542.7,23542.7,27667.8,4125.1,4125.1,941.0,0.228116,1,p:2.2.2.1.1.2
U3972,159,FUSE0,23619.1,24347.4,28015.8,4396.7,4396.7,941.0,0.214024,1,p:1.3.2.1.1.2
U3973,159,FUSE0,23697.9,23697.9,27739.4,4041.5,4041.5,941.0,0.232834,1,p:2.1.3.2.3.1
U3974,159,FUSE0,23735.1,24459.6,28247.8,4512.7,4512.7,941.0,0.208523,1,p:1.2.5.1.3.2
U3975,159,FUSE1,23813.9,23813.9,27551.8,3737.9,3737.9,1003.0,0.268332,1,p:2.3.2.1.3.2
U3976,159,FUSE1,23852.7,24571.8,28388.6,4535.9,4535.9,1003.0,0.221125,1,p:1.1.2.2.1.1
U3977,159,FUSE1,23929.9,23929.9,28131.8,4201.9,4201.9,1003.0,0.238702,1,p:2.2.1.1.2.2
U3978,159,FUSE1,23968.7,24684.0,28087.4,4118.7,4118.7,1003.0,0.243523,1,p:1.3.5.2.3.1
U3979,159,FUSE1,24047.5,24047.5,28504.6,4457.1,4457.1,1003.0,0.225034,1,p:2.1.4.2.2.1
U3980,159,FUSE1,24084.7,24796.2,28831.8,4747.1,4747.1,1003.0,0.211287,1,p:1.2.1.1.1.2
U3981,159,FUSE1,24163.5,24163.5,27623.4,3459.9,3459.9,1003.0,0.289893,1,p:2.3.1.2.2.1
U3982,159,FUSE2,24202.3,24908.4,29428.6,5226.3,5226.3,1035.4,0.198113,1,p:1.1.4.1.3.2
U3983,159,FUSE2,24279.5,24279.5,28852.6,4573.1,4573.1,1035.4,0.226411,1,p:2.2.3.2.2.1
U3984,159,FUSE2,24395.5,25020.6,28479.8,4084.3,4084.3,1035.4,0.253507,1,p:1.3.5.1.2.2
U3985,159,FUSE2,24420.3,24420.3,28363.8,3943.5,3943.5,1035.4,0.262559,1,p:2.1.4.1.1.2
U3986,159,FUSE2,24511.5,25132.8,29432.6,4921.1,4921.1,1035.4,0.2104,1,p:1.2.1.2.1.1
U3987,159,FUSE2,24536.3,24536.3,27971.4,3435.1,3435.1,1035.4,0.301418,1,p:2.3.1.2.2.1
U3988,159,FUSE2,24627.5,25245.0,29780.6,5153.1,5153.1,1035.4,0.200928,1,p:1.1.4.2.3.1
U3989,159,FUSE2,24652.3,24652.3,29312.6,4660.3,4660.3,1035.4,0.222175,1,p:2.2.3.1.2.2
U831,34,FUSE0,24743.5,25357.2,28964.6,4221.1,4221.1,941.0,0.222928,1,p:1.3.2.1.1.2
U832,34,FUSE0,24768.3,24768.3,29196.6,4428.3,4428.3,941.0,0.212497,1,p:2.1.4.1.3.2
U833,34,FUSE0,24859.5,25469.4,30134.2,5274.7,5274.7,941.0,0.178399,1,p:1.2.3.2.3.1
U834,34,FUSE0,24884.3,24884.3,28595.8,3711.5,3711.5,941.0,0.253536,1,p:2.3.2.1.3.2
U835,34,FUSE0,24975.5,25581.6,30243.8,5268.3,5268.3,941.0,0.178615,1,p:1.1.4.1.2.2
U836,34,FUSE0,25000.3,25000.3,29200.6,4200.3,4200.3,941.0,0.224032,1,p:2.2.3.2.1.1
U837,34,FUSE0,25091.5,25693.8,29316.6,4225.1,4225.1,941.0,0.222717,1,p:1.3.1.2.3.1
U838,34,FUSE0,25116.3,25116.3,29084.6,3968.3,3968.3,941.0,0.237129,1,p:2.1.2.2.3.1
U839,34,FUSE1,25207.5,25806.0,31171.8,5964.3,5964.3,1003.0,0.168167,1,p:1.2.4.2.2.2
U840,34,FUSE1,25232.3,25232.3,28715.8,3483.5,3483.5,1003.0,0.287929,1,p:2.3.3.1.3.2
U841,34,FUSE1,25323.5,25918.2,28968.6,3645.1,3645.1,1003.0,0.275164,1,p:1.1.5.2.2.1
U842,34,FUSE1,25348.3,25348.3,29548.6,4200.3,4200.3,1003.0,0.238792,1,p:2.2.5.2.2.1
U843,34,FUSE1,25439.5,26030.4,29895.8,4456.3,4456.3,1003.0,0.225075,1,p:1.3.3.1.2.2
U844,34,FUSE1,25464.3,25464.3,28736.6,3272.3,3272.3,1003.0,0.306512,1,p:2.1.1.2.1.1
U845,34,FUSE1,25555.5,26142.6,30011.8,4456.3,4456.3,1003.0,0.225075,1,p:1.2.2.1.3.2
U846,34,FUSE1,25643.9,25643.9,29544.6,3900.7,3900.7,1003.0,0.257133,1,p:2.3.2.1.1.2
U847,34,FUSE2,25671.5,26254.8,29663.8,3992.3,3992.3,1035.4,0.259349,1,p:1.1.5.1.1.2
U848,34,FUSE2,25759.9,25759.9,29664.6,3904.7,3904.7,1035.4,0.265168,1,p:2.2.5.2.2.1
U849,34,FUSE2,25787.5,26367.0,31055.8,5268.3,5268.3,1035.4,0.196534,1,p:1.3.3.1.2.2
U850,34,FUSE2,25875.9,25875.9,29779.8,3903.9,3903.9,1035.4,0.265222,1,p:2.1.3.1.2.2
U851,34,FUSE2,25903.5,26479.2,30833.4,4929.9,4929.9,1035.4,0.210025,1,p:1.2.2.1.3.1
U852,34,FUSE2,25991.9,25991.9,30012.6,4020.7,4020.7,1035.4,0.257517,1,p:2.3.2.2.1.1
U853,34,FUSE2,26019.5,26591.4,30591.8,4572.3,4572.3,1035.4,0.226451,1,p:1.1.4.1.3.2
U2561,103,FUSE0,26107.9,26107.9,30475.8,4367.9,4367.9,941.0,0.215435,1,p:2.2.1.1.2.2
U2562,103,FUSE0,26145.1,26703.6,29896.6,3751.5,3751.5,941.0,0.250833,1,p:1.3.1.2.3.1
U2563,103,FUSE0,26223.9,26223.9,30707.8,4483.9,4483.9,941.0,0.209862,1,p:2.1.4.1.1.2
U2564,103,FUSE0,26319.9,26815.8,30658.6,4338.7,4338.7,941.0,0.216885,1,p:1.2.5.2.3.1
U2565,103,FUSE0,26339.9,26339.9,30127.8,3787.9,3787.9,941.0,0.248423,1,p:2.3.1.1.1.2
U2566,103,FUSE0,26455.9,26928.0,30823.8,4367.9,4367.9,941.0,0.215435,1,p:1.1.1.2.2.2
U2567,103,FUSE0,26494.7,26494.7,31707.4,5212.7,5212.7,941.0,0.180521,1,p:2.2.4.2.3.1
U2568,103,FUSE0,26571.9,27040.2,30366.2,3794.3,3794.3,941.0,0.248004,1,p:1.3.5.2.2.1
U2569,103,FUSE1,26610.7,26610.7,30250.2,3639.5,3639.5,1003.0,0.275587,1,p:2.1.1.2.1.1
U2570,103,FUSE1,26692.7,27152.4,31770.6,5077.9,5077.9,1003.0,0.197523,1,p:1.2.1.1.2.2
U2571,103,FUSE1,26726.7,26726.7,30482.2,3755.5,3755.5,1003.0,0.267075,1,p:2.3.5.2.1.1
U2572,103,FUSE1,26824.3,27264.6,32200.2023,5375.9023,5375.9023,1003.0,0.186573,1,p:1.1.5.1.1.2
U2573,103,FUSE1,26842.7,26842.7,30939.8,4097.1,4097.1,1003.0,0.244807,1,p:2.2.3.2.2.2
U2574,103,FUSE1,26958.7,27376.8,31421.0,4462.3,4462.3,1003.0,0.224772,1,p:1.3.2.1.2.2
U2575,103,FUSE1,27001.5,27001.5,30359.8,3358.3,3358.3,1003.0,0.298663,1,p:2.1.2.1.3.2
U2576,103,FUSE1,27074.7,27489.0,32432.2023,5357.5023,5357.5023,1003.0,0.187214,1,p:1.2.4.2.3.2
U2577,103,FUSE2,27117.5,27117.5,31357.8,4240.3,4240.3,1035.4,0.244181,1,p:2.3.4.2.3.1
U2578,103,FUSE2,27190.7,27601.2,31532.6,4341.9,4341.9,1035.4,0.238467,1,p:1.1.5.2.3.1
U2579,103,FUSE2,27233.5,27233.5,31595.8,4362.3,4362.3,1035.4,0.237352,1,p:2.2.3.1.2.2
U2580,103,FUSE2,27306.7,27713.4,31287.8,3981.1,3981.1,1035.4,0.260079,1,p:1.3.1.1.2.2
U2581,103,FUSE2,27351.1,27351.1,31008.2,3657.1,3657.1,1035.4,0.283121,1,p:2.1.2.2.3.1
U2582,103,FUSE2,27422.7,27825.6,33326.2023,5903.5023,5903.5023,1035.4,0.175387,1,p:1.2.4.2.3.1
U2583,103,FUSE2,27467.1,27467.1,32061.4,4594.3,4594.3,1035.4,0.225366,1,p:2.3.4.2.3.2
U129,6,FUSE0,27538.7,27937.8,31882.2,4343.5,4343.5,941.0,0.216646,1,p:1.1.2.2.3.1
U130,6,FUSE0,27583.1,27583.1,32395.0023,4811.9023,4811.9023,941.0,0.195557,1,p:2.2.3.2.1.1
U131,6,FUSE0,27654.7,28050.0,32277.4023,4622.7023,4622.7023,941.0,0.203561,1,p:1.3.3.2.3.1
U132,6,FUSE0,27699.1,27699.1,32045.4023,4346.3023,4346.3023,941.0,0.216506,1,p:2.1.1.2.1.1
U133,6,FUSE0,27770.7,28162.2,32976.6023,5205.9023,5205.9023,941.0,0.180756,1,p:1.2.2.2.3.1
U134,6,FUSE0,27815.1,27815.1,31183.0,3367.9,3367.9,941.0,0.279403,1,p:2.3.3.1.3.1
U135,6,FUSE0,27886.7,28274.4,32781.8023,4895.1023,4895.1023,941.0,0.192233,1,p:1.1.3.2.3.2
U136,6,FUSE0,27931.1,27931.1,32627.0023,4695.9023,4695.9023,941.0,0.200387,1,p:2.2.2.2.3.1
U137,6,FUSE1,28002.7,28386.6,32665.8023,4663.1023,4663.1023,1003.0,0.215093,1,p:1.3.2.1.2.2
U138,6,FUSE1,28047.1,28047.1,32161.4023,4114.3023,4114.3023,1003.0,0.243784,1,p:2.1.3.1.2.1
U139,6,FUSE1,28118.7,28498.8,33558.2023,5439.5023,5439.5023,1003.0,0.184392,1,p:1.2.5.1.3.1
U140,6,FUSE1,28163.1,28163.1,31945.4,3782.3,3782.3,1003.0,0.265183,1,p:2.3.5.1.2.2
U141,6,FUSE1,28234.7,28611.0,32316.2023,4081.5023,4081.5023,1003.0,0.245743,1,p:1.1.1.1.2.2
U142,6,FUSE1,28279.1,28279.1,33210.2023,4931.1023,4931.1023,1003.0,0.203403,1,p:2.2.1.1.2.1
U143,6,FUSE1,28395.1,28723.2,33674.2023,5279.1023,5279.1023,1003.0,0.189994,1,p:1.3.4.1.1.1
U144,6,FUSE1,28419.9,28419.9,32549.8023,4129.9023,4129.9023,1003.0,0.242863,1,p:2.1.4.1.1.2
U145,6,FUSE2,28511.1,28835.4,34239.0023,5727.9023,5727.9023,1035.4,0.180764,1,p:1.2.2.1.2.2
U146,6,FUSE2,28535.9,28535.9,32511.0023,3975.1023,3975.1023,1035.4,0.260471,1,p:2.3.5.1.2.1
U147,6,FUSE2,28627.1,28947.6,32860.6023,4233.5023,4233.5023,1035.4,0.244573,1,p:1.1.1.1.2.1
U148,6,FUSE2,28651.9,28651.9,33655.8023,5003.9023,5003.9023,1035.4,0.206919,1,p:2.2.3.2.3.2
U149,6,FUSE2,28747.1,29059.8,34588.6023,5841.5023,5841.5023,1035.4,0.177249,1,p:1.3.4.1.2.2
U150,6,FUSE2,28767.9,28767.9,33889.4023,5121.5023,5121.5023,1035.4,0.202167,1,p:2.1.4.1.2.2
U151,6,FUSE2,28863.1,29172.0,34936.6023,6073.5023,6073.5023,1035.4,0.170478,1,p:1.2.4.2.3.2
U152,6,FUSE2,28883.9,28883.9,33539.8023,4655.9023,4655.9023,1035.4,0.222384,1,p:2.3.3.1.2.2
U153,6,FUSE2,28995.9,29284.2,32744.6023,3748.7023,3748.7023,1035.4,0.276202,1,p:1.1.2.2.1.1
U3105,125,FUSE0,28999.9,28999.9,33790.2023,4790.3023,4790.3023,941.0,0.196439,1,p:2.2.3.2.2.1
U3106,125,FUSE0,29111.9,29396.4,33015.4023,3903.5023,3903.5023,941.0,0.241066,1,p:1.3.1.2.2.2
U3107,125,FUSE0,29115.9,29115.9,33131.4023,4015.5023,4015.5023,941.0,0.234342,1,p:2.1.5.1.3.2
U3108,125,FUSE0,29227.9,29508.6,34005.4023,4777.5023,4777.5023,941.0,0.196965,1,p:1.2.5.2.3.2
U3109,125,FUSE0,29231.9,29231.9,33249.0023,4017.1023,4017.1023,941.0,0.234248,1,p:2.3.2.1.1.2
U3110,125,FUSE0,29343.9,29620.8,33906.2023,4562.3023,4562.3023,941.0,0.206256,1,p:1.1.5.1.3.1
U3111,125,FUSE0,29347.9,29347.9,34254.2023,4906.3023,4906.3023,941.0,0.191794,1,p:2.2.1.1.3.1
U3112,125,FUSE0,29459.9,29733.0,33442.2023,3982.3023,3982.3023,941.0,0.236295,1,p:1.3.1.2.2.1
U3113,125,FUSE0,29463.9,29463.9,32899.4023,3435.5023,3435.5023,941.0,0.273905,1,p:2.1.5.1.1.2
U3114,125,FUSE1,29575.9,29845.2,34022.2023,4446.3023,4446.3023,1003.0,0.225581,1,p:1.2.3.2.1.1
U3115,125,FUSE1,29579.9,29579.9,33773.4023,4193.5023,4193.5023,1003.0,0.23918,1,p:2.3.4.2.1.2
U3116,125,FUSE1,29695.1,29957.4,33094.2023,3399.1023,3399.1023,1003.0,0.295078,1,p:1.1.5.2.1.1
U3117,125,FUSE1,29695.9,29695.9,34718.2023,5022.3023,5022.3023,1003.0,0.199709,1,p:2.2.5.1.3.1
U3118,125,FUSE1,29811.1,30069.6,34370.2023,4559.1023,4559.1023,1003.0,0.219999,1,p:1.3.4.2.1.1
U3119,125,FUSE1,29811.9,29811.9,33423.8023,3611.9023,3611.9023,1003.0,0.277693,1,p:2.1.2.2.1.2
U3120,125,FUSE1,29927.1,30181.8,35516.6023,5589.5023,5589.5023,1003.0,0.179444,1,p:1.2.2.1.2.2
U3121,125,FUSE1,29927.9,29927.9,34138.2023,4210.3023,4210.3023,1003.0,0.238225,1,p:2.3.3.2.2.1
U3122,125,FUSE1,30043.1,30294.0,34820.6023,4777.5023,4777.5023,1003.0,0.209942,1,p:1.3.3.1.2.2
U3123,125,FUSE2,30043.9,30043.9,35400.6023,5356.7023,5356.7023,1035.4,0.193291,1,p:2.2.3.1.3.2
U3124,125,FUSE2,30159.1,30406.2,34704.6023,4545.5023,4545.5023,1035.4,0.227786,1,p:1.2.3.2.1.2
U3125,125,FUSE2,30165.5,30165.5,34602.2023,4436.7023,4436.7023,1035.4,0.233372,1,p:2.1.1.1.3.1
U3126,125,FUSE2,30275.1,30518.4,34355.0023,4079.9023,4079.9023,1035.4,0.253781,1,p:1.1.1.2.3.2
U3127,125,FUSE2,30281.5,30281.5,35006.6,4725.1,4725.1,1035.4,0.219128,1,p:2.2.1.2.2.1
U3128,125,FUSE2,30391.1,30393.7,34123.0023,3731.9023,3731.9023,1035.4,0.277446,1,p:2.1.2.1.1.2
U3129,125,FUSE2,30397.5,30630.6,34472.6023,4075.1023,4075.1023,1035.4,0.25408,1,p:1.3.2.1.1.2
U3130,125,FUSE2,30507.1,30507.1,34890.6,4383.5,4383.5,1035.4,0.236204,1,p:2.3.4.1.1.1
U4169,167,FUSE0,30513.5,30742.8,38723.8,8210.3,8210.3,941.0,0.114612,1,p:1.2.5.2.3.1
U4170,167,FUSE0,30623.1,30623.1,35122.6,4499.5,4499.5,941.0,0.209134,1,p:2.2.4.2.1.1
U4171,167,FUSE0,30689.9,30735.3,34486.2023,3796.3023,3796.3023,941.0,0.247873,1,p:2.1.5.2.2.1
U4172,167,FUSE0,30739.1,30855.0,35052.6023,4313.5023,4313.5023,941.0,0.218152,1,p:1.3.1.1.3.2
U4173,167,FUSE0,30855.1,30855.1,35168.6023,4313.5023,4313.5023,941.0,0.218152,1,p:2.1.5.1.2.2
U4174,167,FUSE0,30864.7,30967.2,36166.6,5301.9,5301.9,941.0,0.177484,1,p:1.2.2.1.2.1
U4175,167,FUSE0,30971.1,30971.1,35586.6,4615.5,4615.5,941.0,0.203878,1,p:2.3.3.1.3.1
U4176,167,FUSE0,31039.5,31079.4,38163.5034,7124.0034,7124.0034,941.0,0.132089,1,p:1.1.5.1.3.2
U4177,167,FUSE1,31087.1,31087.1,35748.6023,4661.5023,4661.5023,1003.0,0.215167,1,p:2.2.1.2.3.2
U4178,167,FUSE1,31203.1,31203.1,35934.6,4731.5,4731.5,1003.0,0.211984,1,p:1.3.4.1.3.1
U4179,167,FUSE1,31214.3,31214.3,35354.6,4140.3,4140.3,1003.0,0.242253,1,p:2.1.2.2.2.1
U4180,167,FUSE1,31319.1,31319.1,36427.0,5107.9,5107.9,1003.0,0.196362,1,p:1.2.4.1.3.1
U4181,167,FUSE1,31389.1,31389.1,38529.0,7139.9,7139.9,1003.0,0.140478,1,p:2.3.5.1.3.2
U4182,167,FUSE1,31452.3,31452.3,35238.6,3786.3,3786.3,1003.0,0.264902,1,p:1.1.1.2.3.1
U4183,167,FUSE1,31563.9,31563.9,36811.8,5247.9,5247.9,1003.0,0.191124,1,p:2.2.3.2.3.1
U4184,167,FUSE1,31627.1,31627.1,35284.6023,3657.5023,3657.5023,1003.0,0.274231,1,p:1.1.3.1.1.2
U4185,167,FUSE2,31738.7,31738.7,35818.6,4079.9,4079.9,1035.4,0.253781,1,p:2.2.1.1.1.1
U4186,167,FUSE2,31801.9,31801.9,35470.6,3668.7,3668.7,1035.4,0.282225,1,p:1.1.4.2.1.1
U4187,167,FUSE2,31913.5,31913.5,37130.6,5217.1,5217.1,1035.4,0.198463,1,p:2.2.4.2.3.2
U4188,167,FUSE2,31976.7,31976.7,36282.6,4305.9,4305.9,1035.4,0.240461,1,p:1.1.3.1.3.1
U4189,167,FUSE2,32076.7023,32076.7023,37043.8,4967.0977,4967.0977,1035.4,0.208452,1,p:2.2.2.2.3.1
U4190,167,FUSE2,32092.7,32092.7,35702.6,3609.9,3609.9,1035.4,0.286822,1,p:1.3.2.2.2.1
U4191,167,FUSE2,32192.7023,32192.7023,36543.0,4350.2977,4350.2977,1035.4,0.238007,1,p:2.1.3.2.2.1
U4192,167,FUSE2,32231.5023,32231.5023,37275.8,5044.2977,5044.2977,1035.4,0.205261,1,p:1.2.3.1.2.1
U4193,167,FUSE2,32308.7023,32308.7023,35864.6023,3555.9,3555.9,1035.4,0.291178,1,p:2.3.1.1.2.2
U1499,61,FUSE0,32347.5023,32347.5023,35632.6023,3285.1,3285.1,941.0,0.286445,1,p:1.1.1.1.1.2
U1500,61,FUSE0,32426.3023,32426.3023,37014.6,4588.2977,4588.2977,941.0,0.205087,1,p:2.2.1.1.2.2
U1501,61,FUSE0,32463.5023,32463.5023,38607.8,6144.2977,6144.2977,941.0,0.15315,1,p:1.3.5.2.2.1
U1502,61,FUSE0,32542.3023,32542.3023,36342.6,3800.2977,3800.2977,941.0,0.247612,1,p:2.1.2.2.2.2
U1503,61,FUSE0,32581.1023,32581.1023,37815.5034,5234.4011,5234.4011,941.0,0.179772,1,p:1.2.4.1.3.2
U1504,61,FUSE0,32658.3023,32658.3023,36050.6,3392.2977,3392.2977,941.0,0.277393,1,p:2.3.1.2.2.1
U1505,61,FUSE0,32697.1023,32697.1023,36226.6,3529.4977,3529.4977,941.0,0.26661,1,p:1.1.3.1.1.2
U1506,61,FUSE0,32775.9023,32775.9023,37766.6,4990.6977,4990.6977,941.0,0.188551,1,p:2.2.4.1.2.1
U1507,61,FUSE0,32813.1023,32813.1023,36096.6023,3283.5,3283.5,941.0,0.286584,1,p:1.3.2.2.3.2
U1508,61,FUSE1,32891.9023,32891.9023,37281.0,4389.0977,4389.0977,1003.0,0.228521,1,p:2.1.3.2.3.2
U1509,61,FUSE1,32930.7023,32930.7023,38363.0,5432.2977,5432.2977,1003.0,0.184636,1,p:1.2.4.2.3.1
U1510,61,FUSE1,33007.9023,33007.9023,35980.6023,2972.7,2972.7,1003.0,0.337404,1,p:2.3.4.1.1.2
U1511,61,FUSE1,33046.7023,33046.7023,36927.8,3881.0977,3881.0977,1003.0,0.258432,1,p:1.1.1.1.2.1
U1512,61,FUSE1,33125.5023,33125.5023,37467.5034,4342.0011,4342.0011,1003.0,0.230999,1,p:2.2.1.2.1.2
U1513,61,FUSE1,33162.7023,33162.7023,36617.0,3454.2977,3454.2977,1003.0,0.290363,1,p:1.3.2.2.3.2
U1514,61,FUSE1,33241.5023,33241.5023,37650.6,4409.0977,4409.0977,1003.0,0.227484,1,p:2.1.4.2.3.1
U1515,61,FUSE1,33280.3023,33280.3023,38413.0,5132.6977,5132.6977,1003.0,0.195414,1,p:1.2.3.1.2.2
U1516,61,FUSE1,33357.5023,33357.5023,36733.0,3375.4977,3375.4977,1003.0,0.297141,1,p:2.3.1.1.2.2
U1517,61,FUSE2,33455.1023,33455.1023,38047.5034,4592.4011,4592.4011,1035.4,0.225459,1,p:1.2.2.1.1.2
U1518,61,FUSE2,33473.5023,33473.5023,37507.8,4034.2977,4034.2977,1035.4,0.256649,1,p:2.1.2.1.3.1
U1519,61,FUSE2,33571.1023,33571.1023,36695.8,3124.6977,3124.6977,1035.4,0.33136,1,p:1.3.4.2.1.1
U1520,61,FUSE2,33589.5023,33589.5023,39289.1167,5699.6144,5699.6144,1035.4,0.181661,1,p:2.2.4.1.3.2
U1521,61,FUSE2,33687.1023,33687.1023,37931.5034,4244.4011,4244.4011,1035.4,0.243945,1,p:1.1.3.2.2.2
U1522,61,FUSE2,33705.5023,33705.5023,36501.0,2795.4977,2795.4977,1035.4,0.370381,1,p:2.3.2.1.1.2
U1523,61,FUSE2,33804.7023,33804.7023,38762.6,4957.8977,4957.8977,1035.4,0.208839,1,p:1.2.1.1.2.2
U1524,61,FUSE2,33821.5023,33821.5023,37391.8,3570.2977,3570.2977,1035.4,0.290004,1,p:2.1.1.2.2.1
U1525,61,FUSE2,33920.7023,33920.7023,37583.5034,3662.8011,3662.8011,1035.4,0.28268,1,p:1.3.3.2.2.2
U1526,61,FUSE2,33937.5023,33937.5023,38991.0,5053.4977,5053.4977,1035.4,0.204888,1,p:2.2.2.1.2.1
U758,31,FUSE0,34036.7023,34036.7023,37885.8,3849.0977,3849.0977,941.0,0.244473,1,p:1.1.3.2.1.1
U759,31,FUSE0,34053.5023,34053.5023,36850.6,2797.0977,2797.0977,941.0,0.33642,1,p:2.3.1.2.1.2
U760,31,FUSE0,34154.3023,34154.3023,39947.9167,5793.6144,5793.6144,941.0,0.16242,1,p:1.2.3.1.3.1
U761,31,FUSE0,34169.5023,34169.5023,38279.5034,4110.0011,4110.0011,941.0,0.228954,1,p:2.1.4.2.2.2
U762,31,FUSE0,34270.3023,34270.3023,37159.8,2889.4977,2889.4977,941.0,0.325662,1,p:1.3.2.1.1.1
U763,31,FUSE0,34285.5023,34285.5023,39637.1167,5351.6144,5351.6144,941.0,0.175835,1,p:2.2.3.2.1.2
U764,31,FUSE0,34386.3023,34386.3023,38878.6,4492.2977,4492.2977,941.0,0.20947,1,p:1.1.4.1.3.2
U765,31,FUSE0,34401.5023,34401.5023,38001.8,3600.2977,3600.2977,941.0,0.261367,1,p:2.3.2.1.3.1
U766,31,FUSE0,34503.9023,34503.9023,40449.1167,5945.2144,5945.2144,941.0,0.158279,1,p:1.2.3.2.3.2
U767,31,FUSE1,34517.5023,34517.5023,38247.0,3729.4977,3729.4977,1003.0,0.268937,1,p:2.1.1.2.1.1
U768,31,FUSE1,34619.9023,34619.9023,37699.5034,3079.6011,3079.6011,1003.0,0.325692,1,p:1.3.2.1.1.2
U769,31,FUSE1,34633.5023,34633.5023,40295.9167,5662.4144,5662.4144,1003.0,0.177133,1,p:2.2.2.1.3.1
U770,31,FUSE1,34735.9023,34735.9023,39405.1167,4669.2144,4669.2144,1003.0,0.214811,1,p:1.1.3.2.3.2
U771,31,FUSE1,34749.5023,34749.5023,38117.8,3368.2977,3368.2977,1003.0,0.297777,1,p:2.3.1.1.2.1
U772,31,FUSE1,34851.9023,34851.9023,40565.1167,5713.2144,5713.2144,1003.0,0.175558,1,p:1.2.3.2.2.2
U773,31,FUSE1,34921.9,34921.9,39057.1167,4135.2167,4135.2167,1003.0,0.242551,1,p:2.1.3.2.1.2
U774,31,FUSE1,34967.9023,34967.9023,38482.2,3514.2977,3514.2977,1003.0,0.285406,1,p:1.3.3.2.1.1
U775,31,FUSE1,35037.9,35037.9,40217.1167,5179.2167,5179.2167,1003.0,0.193659,1,p:2.2.1.2.2.2
U776,31,FUSE2,35083.9023,35083.9023,39521.1167,4437.2144,4437.2144,1035.4,0.233345,1,p:1.1.4.2.2.2
U777,31,FUSE2,35153.9,35153.9,39107.0,3953.1,3953.1,1035.4,0.261921,1,p:2.3.2.1.3.1
U778,31,FUSE2,35199.9023,35199.9023,40333.1167,5133.2144,5133.2144,1035.4,0.201706,1,p:1.2.2.2.1.2
U779,31,FUSE2,35269.9,35269.9,39367.9167,4098.0167,4098.0167,1035.4,0.252659,1,p:2.1.1.1.2.1
U780,31,FUSE2,35315.9023,35315.9023,39753.1167,4437.2144,4437.2144,1035.4,0.233345,1,p:1.3.4.1.3.2
U781,31,FUSE2,35385.9,35385.9,39599.9167,4214.0167,4214.0167,1035.4,0.245704,1,p:2.2.5.2.3.1
U782,31,FUSE2,35431.9023,35431.9023,39251.9167,3820.0144,3820.0144,1035.4,0.271046,1,p:1.1.2.2.1.1
U783,31,FUSE2,35501.9,35501.9,38875.0,3373.1,3373.1,1035.4,0.306958,1,p:2.3.1.1.1.1
U052,3,FUSE0,35547.9023,35547.9023,41493.1167,5945.2144,5945.2144,941.0,0.158279,1,p:1.2.3.2.3.2
U053,3,FUSE0,35617.9,35617.9,40101.1167,4483.2167,4483.2167,941.0,0.209894,1,p:2.1.1.2.3.2
U054,3,FUSE0,35663.9023,35663.9023,39173.1167,3509.2144,3509.2144,941.0,0.268151,1,p:1.3.2.1.2.2
U055,3,FUSE0,35733.9,35733.9,41145.1167,5411.2167,5411.2167,941.0,0.173898,1,p:2.2.4.1.1.2
U056,3,FUSE0,35779.9023,35779.9023,39831.9167,4052.0144,4052.0144,941.0,0.23223,1,p:1.1.1.1.1.1
U057,3,FUSE0,35849.9,35849.9,39715.9167,3866.0167,3866.0167,941.0,0.243403,1,p:2.3.4.1.2.1
U058,3,FUSE0,35895.9023,35895.9023,41377.1167,5481.2144,5481.2144,941.0,0.171677,1,p:1.2.2.2.3.2
U059,3,FUSE0,35965.9,35965.9,40179.9167,4214.0167,4214.0167,941.0,0.223302,1,p:2.1.4.1.1.1
U060,3,FUSE1,36011.9023,36011.9023,40063.9167,4052.0144,4052.0144,1003.0,0.247531,1,p:1.3.4.1.2.1
U061,3,FUSE1,36081.9,36081.9,41734.6,5652.7,5652.7,1003.0,0.177437,1,p:2.2.4.2.1.2
U062,3,FUSE1,36127.9023,36127.9023,38645.0,2517.0977,2517.0977,1003.0,0.398475,1,p:1.1.5.2.1.2
U063,3,FUSE1,36197.9,36197.9,40812.2,4614.3,4614.3,1003.0,0.217368,1,p:2.3.3.2.3.1
U064,3,FUSE1,36257.9,36257.9,41331.2503,5073.3503,5073.3503,1003.0,0.1977,1,p:1.2.1.2.1.1
U065,3,FUSE1,36313.9,36313.9,41029.1167,4715.2167,4715.2167,1003.0,0.212716,1,p:2.1.1.1.3.2
U066,3,FUSE1,36373.9,36373.9,40681.1167,4307.2167,4307.2167,1003.0,0.232865,1,p:1.3.2.1.3.2
U067,3,FUSE1,36458.3,36458.3,41447.2503,4988.9503,4988.9503,1003.0,0.201044,1,p:2.2.2.1.2.1
U068,3,FUSE2,36532.3,36532.3,40696.2,4163.9,4163.9,1035.4,0.248661,1,p:1.1.2.2.1.1
U069,3,FUSE2,36574.3,36574.3,40521.4,3947.1,3947.1,1035.4,0.262319,1,p:2.3.4.1.1.1
U070,3,FUSE2,36648.3,36648.3,42556.2,5907.9,5907.9,1035.4,0.175257,1,p:1.2.4.1.3.2
U071,3,FUSE2,36727.1,36727.1,39483.9167,2756.8167,2756.8167,1035.4,0.375578,1,p:2.1.5.1.1.1
U072,3,FUSE2,36764.3,36764.3,41171.0,4406.7,4406.7,1035.4,0.23496,1,p:1.3.3.1.3.1
U073,3,FUSE2,36843.1,36843.1,42087.4,5244.3,5244.3,1035.4,0.197433,1,p:2.2.3.2.1.2
U074,3,FUSE2,36881.9,36881.9,39869.1167,2987.2167,2987.2167,1035.4,0.34661,1,p:1.1.5.2.2.2
U075,3,FUSE2,36959.1,36959.1,40928.2,3969.1,3969.1,1035.4,0.260865,1,p:2.3.4.2.2.1
U7758,310,FUSE0,37045.9,37045.9,41811.8,4765.9,4765.9,941.0,0.197444,1,p:1.2.2.1.2.1
U7759,310,FUSE0,37075.1,37075.1,41695.8,4620.7,4620.7,941.0,0.203649,1,p:2.1.3.1.3.1
U7760,310,FUSE0,37161.9,37161.9,42319.4,5157.5,5157.5,941.0,0.182453,1,p:1.2.3.2.2.2
U7761,310,FUSE0,37191.1,37191.1,40797.1167,3606.0167,3606.0167,941.0,0.260953,1,p:2.3.1.1.2.2
U7762,310,FUSE0,37307.1,37307.1,41261.1167,3954.0167,3954.0167,941.0,0.237986,1,p:1.1.2.2.2.2
U7763,310,FUSE0,37312.3,37312.3,41932.6,4620.3,4620.3,941.0,0.203666,1,p:2.2.2.1.1.1
U7764,310,FUSE0,37423.1,37423.1,41609.1167,4186.0167,4186.0167,941.0,0.224796,1,p:1.3.4.2.2.2
U7765,310,FUSE0,37498.8034,37498.8034,42401.4,4902.5966,4902.5966,941.0,0.191939,1,p:2.1.4.2.3.1
U7766,310,FUSE1,37539.1,37539.1,42517.4,4978.3,4978.3,1003.0,0.201474,1,p:1.2.3.1.2.1
U7767,310,FUSE1,37614.8034,37614.8034,40913.1167,3298.3133,3298.3133,1003.0,0.304095,1,p:2.3.1.1.1.2
U7768,310,FUSE1,37681.9,37681.9,41579.8,3897.9,3897.9,1003.0,0.257318,1,p:1.1.3.1.1.1
U7769,310,FUSE1,37730.8034,37730.8034,42754.2,5023.3966,5023.3966,1003.0,0.199666,1,p:2.2.2.2.3.1
E004,364,FUSE0,37962.8034,37962.8034,39985.1167,2022.3133,2022.3133,941.0,0.465309,1,p:2.3.5.2.1.2
U7770,310,FUSE1,38906.3,38906.3,42870.2,3963.9,3963.9,1003.0,0.253034,1,p:1.1.3.1.2.1
U7771,310,FUSE1,38909.9,38909.9,41055.0,2145.1,2145.1,1003.0,0.467577,1,p:2.3.5.1.2.1
U7772,310,FUSE1,39022.3,39022.3,42048.6,3026.3,3026.3,1003.0,0.331428,1,p:1.1.5.2.3.1
U7773,310,FUSE1,39088.4167,39088.4167,43453.4,4364.9833,4364.9833,1003.0,0.229783,1,p:2.2.2.1.3.1
U7774,310,FUSE2,39138.3,39138.3,42909.0,3770.7,3770.7,1035.4,0.274591,1,p:1.3.4.1.3.2
U7775,310,FUSE2,39204.4167,39204.4167,43258.6,4054.1833,4054.1833,1035.4,0.255391,1,p:2.1.4.1.3.2
U7776,310,FUSE2,39283.2167,39283.2167,43687.0,4403.7833,4403.7833,1035.4,0.235116,1,p:1.2.3.2.1.1
U7777,310,FUSE2,39320.4167,39320.4167,41850.6,2530.1833,2530.1833,1035.4,0.409219,1,p:2.3.1.1.3.2
U7778,310,FUSE2,39399.2167,39399.2167,43608.2,4208.9833,4208.9833,1035.4,0.245998,1,p:1.1.3.2.3.2
U7779,310,FUSE2,39436.4167,39436.4167,43492.2,4055.7833,4055.7833,1035.4,0.25529,1,p:2.2.4.1.1.2
U7780,310,FUSE2,39515.2167,39515.2167,43103.8,3588.5833,3588.5833,1035.4,0.288526,1,p:1.3.2.2.3.1
U2887,116,FUSE0,39552.4167,39552.4167,43219.8,3667.3833,3667.3833,941.0,0.256586,1,p:2.1.4.2.2.1
U2888,116,FUSE0,39631.2167,39631.2167,43724.2,4092.9833,4092.9833,941.0,0.229906,1,p:1.2.2.1.2.2
U2889,116,FUSE0,39668.4167,39668.4167,41966.6,2298.1833,2298.1833,941.0,0.409454,1,p:2.3.1.2.2.2
U2890,116,FUSE0,39747.2167,39747.2167,42203.4,2456.1833,2456.1833,941.0,0.383115,1,p:1.1.5.1.3.2
U2891,116,FUSE0,39784.4167,39784.4167,42672.2,2887.7833,2887.7833,941.0,0.325855,1,p:2.2.5.2.2.2
U2892,116,FUSE0,39863.2167,39863.2167,43025.0,3161.7833,3161.7833,941.0,0.297617,1,p:1.3.2.2.2.2
U2893,116,FUSE0,39900.4167,39900.4167,42440.2,2539.7833,2539.7833,941.0,0.370504,1,p:2.1.1.2.1.2
U2894,116,FUSE0,39979.2167,39979.2167,42987.8,3008.5833,3008.5833,941.0,0.312772,1,p:1.2.1.2.1.1
U2895,116,FUSE0,40016.4167,40016.4167,43337.4,3320.9833,3320.9833,941.0,0.28335,1,p:2.3.3.2.1.1
U2896,116,FUSE1,40095.2167,40095.2167,42285.4,2190.1833,2190.1833,1003.0,0.457953,1,p:1.1.5.1.1.1
U2897,116,FUSE1,40132.4167,40132.4167,44775.6503,4643.2336,4643.2336,1003.0,0.216013,1,p:2.2.3.1.2.2
U2898,116,FUSE1,40211.2167,40211.2167,42164.6,1953.3833,1953.3833,1003.0,0.513468,1,p:1.3.1.1.2.1
U2899,116,FUSE1,40248.4167,40248.4167,43919.0,3670.5833,3670.5833,1003.0,0.273254,1,p:2.1.4.2.2.1
U2900,116,FUSE1,40327.2167,40327.2167,44388.8503,4061.6336,4061.6336,1003.0,0.246945,1,p:1.1.3.2.1.1
U2901,116,FUSE1,40364.4167,40364.4167,43142.6,2778.1833,2778.1833,1003.0,0.361027,1,p:2.2.5.1.1.2
U2902,116,FUSE1,40390.0,40439.4167,43569.4,3179.4,3179.4,1003.0,0.315468,1,p:1.3.2.2.2.1
U2903,116,FUSE1,40390.0,40476.6167,44504.8503,4114.8503,4114.8503,1003.0,0.243751,1,p:2.1.4.1.3.1
U2904,116,FUSE1,40390.0,40551.6167,43957.8,3567.8,3567.8,1003.0,0.281126,1,p:1.2.1.2.3.2
U2905,116,FUSE2,40390.0,40588.8167,44036.6,3646.6,3646.6,1035.4,0.283936,1,p:2.3.3.2.1.1
U2906,116,FUSE2,40390.0,40663.8167,43374.6,2984.6,2984.6,1035.4,0.346914,1,p:1.1.1.1.2.2
U2907,116,FUSE2,40390.0,40701.0167,45362.4,4972.4,4972.4,1035.4,0.208229,1,p:2.2.3.2.3.2
U2908,116,FUSE2,40390.0,40776.0167,42638.2,2248.2,2248.2,1035.4,0.460546,1,p:1.3.1.1.1.1
U2909,116,FUSE2,40390.0,40813.2167,44543.6503,4153.6503,4153.6503,1035.4,0.249275,1,p:2.1.2.1.1.2
U2910,116,FUSE2,40390.0,40888.2167,44152.6,3762.6,3762.6,1035.4,0.275182,1,p:1.2.5.1.3.1
U2911,116,FUSE2,40390.0,40925.4167,44073.8,3683.8,3683.8,1035.4,0.281068,1,p:2.3.2.1.2.2
U2912,116,FUSE2,40390.0,41000.4167,45014.4,4624.4,4624.4,1035.4,0.223899,1,p:1.1.4.2.3.2
U2119,85,FUSE0,40390.0,41037.6167,45094.4503,4704.4503,4704.4503,941.0,0.200023,1,p:2.2.2.2.1.1
U2120,85,FUSE0,40390.0,41112.6167,42793.0,2403.0,2403.0,941.0,0.391594,1,p:1.3.5.2.1.2
U2121,85,FUSE0,40390.0,41149.8167,43841.8,3451.8,3451.8,941.0,0.272611,1,p:2.1.1.1.1.2
U2122,85,FUSE0,40390.0,41224.8167,44307.4,3917.4,3917.4,941.0,0.24021,1,p:1.2.5.2.3.2
U2123,85,FUSE0,40390.0,41262.0167,44659.6503,4269.6503,4269.6503,941.0,0.220393,1,p:2.3.2.2.3.2
U2124,85,FUSE0,40390.0,41337.0167,45246.4,4856.4,4856.4,941.0,0.193765,1,p:1.1.3.2.2.2
U2125,85,FUSE0,40480.4167,41374.2167,44857.6503,4377.2336,4377.2336,941.0,0.214976,1,p:2.2.1.1.3.1
U2126,85,FUSE0,40552.7,41449.2167,44423.4,3870.7,3870.7,941.0,0.243108,1,p:1.3.4.1.2.2
U2127,85,FUSE1,40596.4167,41486.4167,45906.4503,5310.0336,5310.0336,1003.0,0.188888,1,p:2.1.3.1.3.1
U2128,85,FUSE1,40712.4167,41561.4167,45594.4,4881.9833,4881.9833,1003.0,0.205449,1,p:1.2.4.2.2.2
U2129,85,FUSE1,40727.5,41598.6167,43803.0,3075.5,3075.5,1003.0,0.326126,1,p:2.3.5.1.3.1
U2130,85,FUSE1,40828.4167,41673.6167,45326.4503,4498.0336,4498.0336,1003.0,0.222986,1,p:1.1.4.1.1.1
U2131,85,FUSE1,40843.5,41710.8167,44620.8503,3777.3503,3777.3503,1003.0,0.26553,1,p:2.2.5.2.2.1
U2132,85,FUSE1,40944.4167,41785.8167,44973.6503,4029.2336,4029.2336,1003.0,0.248931,1,p:1.3.2.2.2.1
U2133,85,FUSE1,40959.5,41823.0167,45826.4,4866.9,4866.9,1003.0,0.206086,1,p:2.1.3.2.1.2
U2134,85,FUSE1,41060.4167,41898.0167,46254.4503,5194.0336,5194.0336,1003.0,0.193106,1,p:1.2.4.1.3.1
U2135,85,FUSE2,41086.3,41935.2167,44898.4,3812.1,3812.1,1035.4,0.271609,1,p:2.3.4.1.1.2
U2136,85,FUSE2,41176.4167,42010.2167,44741.6503,3565.2336,3565.2336,1035.4,0.290416,1,p:1.1.1.2.1.1
U2137,85,FUSE2,41202.3,42047.4167,46290.4,5088.1,5088.1,1035.4,0.203494,1,p:2.2.2.2.2.2
U2138,85,FUSE2,41292.4167,42122.4167,44268.6,2976.1833,2976.1833,1035.4,0.347895,1,p:1.3.1.2.2.1
U2139,85,FUSE2,41362.5503,42159.6167,46174.4,4811.8497,4811.8497,1035.4,0.215177,1,p:2.1.3.2.1.2
U2140,85,FUSE2,41408.4167,42234.6167,45710.4,4301.9833,4301.9833,1035.4,0.24068,1,p:1.2.1.2.3.2
U2141,85,FUSE2,41478.5503,42271.8167,45478.4,3999.8497,3999.8497,1035.4,0.25886,1,p:2.3.2.2.1.2
U2142,85,FUSE2,41524.4167,42346.8167,45210.4503,3686.0336,3686.0336,1035.4,0.280898,1,p:1.1.5.1.3.1
U4596,184,FUSE0,41611.1,42459.0167,44191.4,2580.3,2580.3,941.0,0.364686,1,p:1.3.5.1.1.2
U4597,184,FUSE0,41640.4167,42384.0167,46370.4503,4730.0336,4730.0336,941.0,0.198942,1,p:2.2.4.1.1.1
U4598,184,FUSE0,41727.1,42571.2167,45442.4503,3715.3503,3715.3503,941.0,0.253274,1,p:1.2.5.1.2.1
U4599,184,FUSE0,41765.9,42496.2167,46138.4503,4372.5503,4372.5503,941.0,0.215206,1,p:2.1.4.1.2.1
U4600,184,FUSE0,41843.1,42683.4167,46522.4,4679.3,4679.3,941.0,0.201098,1,p:1.1.2.2.1.2
U4601,184,FUSE0,41881.9,42608.4167,46058.4,4176.5,4176.5,941.0,0.225308,1,p:2.3.2.2.3.2
U4602,184,FUSE0,41963.9,42795.6167,45942.4,3978.5,3978.5,941.0,0.236521,1,p:1.3.2.2.2.2
U4603,184,FUSE0,41997.9,42720.6167,47066.4503,5068.5503,5068.5503,941.0,0.185655,1,p:2.2.3.1.1.1
U4604,184,FUSE0,42079.9,42907.8167,47182.4503,5102.5503,5102.5503,941.0,0.184418,1,p:1.2.2.2.2.1
U4605,184,FUSE1,42118.7,42832.8167,45674.4503,3555.7503,3555.7503,1003.0,0.282078,1,p:2.1.1.1.1.1
U4606,184,FUSE1,42195.9,43020.0167,46718.4503,4522.5503,4522.5503,1003.0,0.221778,1,p:1.1.4.1.1.1
U4607,184,FUSE1,42234.7,42945.0167,45130.4,2895.7,2895.7,1003.0,0.346376,1,p:2.3.1.1.2.2
U4608,184,FUSE1,42316.7,43132.2167,46754.4,4437.7,4437.7,1003.0,0.226018,1,p:1.3.3.1.3.2
U4609,184,FUSE1,42350.7,43057.2167,46406.4,4055.7,4055.7,1003.0,0.247306,1,p:2.2.5.2.3.2
U4610,184,FUSE1,42432.7,43244.4167,47566.4,5133.7,5133.7,1003.0,0.195376,1,p:1.2.3.2.1.2
U4611,184,FUSE1,42471.5,43169.4167,46022.4503,3550.9503,3550.9503,1003.0,0.28246,1,p:2.1.1.1.1.1
U4612,184,FUSE1,42548.7,43356.6167,47298.4503,4749.7503,4749.7503,1003.0,0.211169,1,p:1.1.4.2.3.1
U4613,184,FUSE1,42587.5,43281.6167,45558.4503,2970.9503,2970.9503,1003.0,0.337602,1,p:2.3.5.1.3.1
U4614,184,FUSE2,42669.5,43468.8167,46834.4503,4164.9503,4164.9503,1035.4,0.248598,1,p:1.3.3.2.2.1
U4615,184,FUSE2,42703.5,43393.8167,46486.4503,3782.9503,3782.9503,1035.4,0.273702,1,p:2.2.5.2.2.1
U4616,184,FUSE2,42785.5,43581.0167,47682.4,4896.9,4896.9,1035.4,0.21144,1,p:1.2.4.1.2.2
U4617,184,FUSE2,42824.3,43506.0167,47414.4503,4590.1503,4590.1503,1035.4,0.22557,1,p:2.1.2.1.1.1
U4618,184,FUSE2,42901.5,43693.2167,46638.4,3736.9,3736.9,1035.4,0.277075,1,p:1.1.1.1.2.2
U4619,184,FUSE2,42940.3,43618.2167,47102.4,4162.1,4162.1,1035.4,0.248769,1,p:2.3.2.1.3.2
U4620,184,FUSE2,43019.1,43805.4167,45790.4503,2771.3503,2771.3503,1035.4,0.373608,1,p:1.3.5.1.2.1
U4621,184,FUSE2,43056.3,43730.4167,48110.4503,5054.1503,5054.1503,1035.4,0.204861,1,p:2.2.2.1.1.1
U2269,91,FUSE0,43135.1,43842.6167,48146.4,5011.3,5011.3,941.0,0.187776,1,p:2.1.3.1.3.2
U2270,91,FUSE0,43173.9,43917.6167,46986.4,3812.5,3812.5,941.0,0.24682,1,p:1.2.5.1.2.2
U2271,91,FUSE0,43251.1,43954.8167,47646.4503,4395.3503,4395.3503,941.0,0.21409,1,p:2.3.3.2.3.1
U2272,91,FUSE0,43289.9,44029.8167,46950.4503,3660.5503,3660.5503,941.0,0.257065,1,p:1.1.5.2.3.1
U2273,91,FUSE0,43368.7,44067.0167,48226.4503,4857.7503,4857.7503,941.0,0.193711,1,p:2.2.4.2.2.1
U2274,91,FUSE0,43405.9,44142.0167,46602.4503,3196.5503,3196.5503,941.0,0.29438,1,p:1.3.1.1.3.1
U2275,91,FUSE0,43484.7,44179.2167,47914.4,4429.7,4429.7,941.0,0.21243,1,p:2.1.4.2.1.2
U2276,91,FUSE0,43523.5,44254.2167,47530.4503,4006.9503,4006.9503,941.0,0.234842,1,p:1.2.1.2.2.1
U2277,91,FUSE1,43600.7,44291.4167,47334.4,3733.7,3733.7,1003.0,0.268634,1,p:2.3.4.1.2.2
U2278,91,FUSE1,43639.5,44366.4167,48458.4503,4818.9503,4818.9503,1003.0,0.208137,1,p:1.1.2.1.1.1
U2279,91,FUSE1,43718.3,44403.6167,48806.4503,5088.1503,5088.1503,1003.0,0.197125,1,p:2.2.3.1.1.1
U2280,91,FUSE1,43755.5,44478.6167,47762.4503,4006.9503,4006.9503,1003.0,0.250315,1,p:1.3.2.1.1.1
U2281,91,FUSE1,43834.3,44515.8167,47450.4,3616.1,3616.1,1003.0,0.277371,1,p:2.1.5.1.3.2
U2282,91,FUSE1,43873.1,44590.8167,48610.4,4737.3,4737.3,1003.0,0.211724,1,p:1.2.4.2.1.2
U2283,91,FUSE1,43950.3,44628.0167,46870.4,2920.1,2920.1,1003.0,0.343481,1,p:2.3.1.2.1.2
U2284,91,FUSE1,43989.1,44703.0167,48726.4,4737.3,4737.3,1003.0,0.211724,1,p:1.1.2.1.2.2
U2285,91,FUSE2,44067.9,44815.2167,48494.4,4426.5,4426.5,1035.4,0.233909,1,p:1.3.3.1.3.2
U2286,91,FUSE2,44105.1,44740.2167,49270.6,5165.5,5165.5,1035.4,0.200445,1,p:2.2.3.2.2.1
U2287,91,FUSE2,44183.9,44927.4167,48958.4,4774.5,4774.5,1035.4,0.21686,1,p:1.2.4.2.1.2
U2288,91,FUSE2,44222.7,44852.4167,47994.4503,3771.7503,3771.7503,1035.4,0.274514,1,p:2.1.1.2.3.1
U2289,91,FUSE2,44299.9,45039.6167,47878.4503,3578.5503,3578.5503,1035.4,0.289335,1,p:1.1.5.2.2.1
U2290,91,FUSE2,44338.7,44964.6167,47218.4,2879.7,2879.7,1035.4,0.359551,1,p:2.3.1.2.1.2
U2291,91,FUSE2,44420.1503,45151.8167,48574.4503,4154.3,4154.3,1035.4,0.249236,1,p:1.3.3.2.2.1
U2292,91,FUSE2,44454.7,45076.8167,49517.0,5062.3,5062.3,1035.4,0.204532,1,p:2.2.3.1.1.1
U2293,91,FUSE2,44536.1503,45264.0167,48842.4,4306.2497,4306.2497,1035.4,0.240441,1,p:1.2.1.1.3.2
U7512,300,FUSE0,44574.9503,45189.0167,49154.4503,4579.5,4579.5,941.0,0.205481,1,p:2.1.2.1.1.1
U7513,300,FUSE0,44652.1503,45376.2167,48262.4,3610.2497,3610.2497,941.0,0.260647,1,p:1.1.1.2.1.2
U7514,300,FUSE0,44690.9503,45301.2167,48378.4,3687.4497,3687.4497,941.0,0.25519,1,p:2.3.4.1.2.2
U7515,300,FUSE0,44772.9503,45488.4167,47798.4,3025.4497,3025.4497,941.0,0.311028,1,p:1.3.5.1.3.2
U7516,300,FUSE0,44806.9503,45413.4167,49787.8,4980.8497,4980.8497,941.0,0.188924,1,p:2.2.3.1.2.2
U7517,300,FUSE0,44888.9503,45600.6167,48922.4503,4033.5,4033.5,941.0,0.233296,1,p:1.2.1.2.2.1
U7518,300,FUSE0,44929.7,45525.6167,49541.4,4611.7,4611.7,941.0,0.204046,1,p:2.1.4.1.3.2
U7519,300,FUSE0,45004.9503,45712.8167,49671.8,4666.8497,4666.8497,941.0,0.201635,1,p:1.1.2.2.1.2
U7520,300,FUSE0,45045.7,45637.8167,49191.8,4146.1,4146.1,941.0,0.22696,1,p:2.3.2.1.3.2
U7521,300,FUSE0,45125.7503,45825.0167,48030.4,2904.6497,2904.6497,941.0,0.323963,1,p:1.3.1.1.2.2
U7522,300,FUSE1,45161.7,45750.0167,49872.0,4710.3,4710.3,1003.0,0.212938,1,p:2.2.4.1.1.1
U7523,300,FUSE1,45241.7503,45937.2167,49075.8,3834.0497,3834.0497,1003.0,0.261603,1,p:1.2.5.1.2.2
U7524,300,FUSE1,45277.7,45862.2167,50272.0,4994.3,4994.3,1003.0,0.200829,1,p:2.1.2.1.3.2
U7525,300,FUSE1,45357.7503,46049.4167,50040.0,4682.2497,4682.2497,1003.0,0.214213,1,p:1.1.3.2.1.2
U7526,300,FUSE1,45393.7,45974.4167,48342.4503,2948.7503,2948.7503,1003.0,0.340144,1,p:2.3.5.2.3.1
U7527,300,FUSE1,45473.7503,46161.6167,49425.4,3951.6497,3951.6497,1003.0,0.253818,1,p:1.3.2.1.2.2
U7528,300,FUSE1,45509.7,46086.6167,49749.0,4239.3,4239.3,1003.0,0.236596,1,p:2.2.1.2.3.1
U7529,300,FUSE1,45589.7503,46273.8167,49308.2,3718.4497,3718.4497,1003.0,0.269736,1,p:1.2.5.2.1.2
U7530,300,FUSE1,45625.7,46198.8167,50350.8,4725.1,4725.1,1003.0,0.212271,1,p:2.1.2.2.2.1
U7531,300,FUSE1,45705.7503,46386.0167,50466.8,4761.0497,4761.0497,1003.0,0.210668,1,p:1.1.4.2.3.1
U7532,300,FUSE2,45741.7,46311.0167,48690.4503,2948.7503,2948.7503,1035.4,0.351132,1,p:2.3.5.2.3.1
U7533,300,FUSE2,45821.7503,46498.2167,49633.0,3811.2497,3811.2497,1035.4,0.271669,1,p:1.3.4.2.2.1
U7534,300,FUSE2,45857.7,46423.2167,50104.0,4246.3,4246.3,1035.4,0.243836,1,p:2.2.1.2.3.1
U7535,300,FUSE2,45937.7503,46535.4167,50587.6,4649.8497,4649.8497,1035.4,0.222674,1,p:2.1.3.1.1.1
U7536,300,FUSE2,45973.7,46610.4167,50745.6,4771.9,4771.9,1035.4,0.216979,1,p:1.2.4.2.1.2
U7537,300,FUSE2,46053.7503,46647.6167,49038.4503,2984.7,2984.7,1035.4,0.346903,1,p:2.3.5.2.3.1
U7538,300,FUSE2,46089.7,46722.6167,50861.6,4771.9,4771.9,1035.4,0.216979,1,p:1.1.2.2.2.2
U7539,300,FUSE2,46169.7503,46759.8167,51293.2,5123.4497,5123.4497,1035.4,0.20209,1,p:2.2.3.1.1.1
U7540,300,FUSE2,46205.7,46834.8167,49386.6,3180.9,3180.9,1035.4,0.325505,1,p:1.3.1.2.3.1
U7541,300,FUSE2,46285.7503,46872.0167,49903.8,3618.0497,3618.0497,1035.4,0.286176,1,p:2.1.5.1.3.2
U8546,342,FUSE0,46321.7,46947.0167,50234.8,3913.1,3913.1,941.0,0.240474,1,p:1.2.1.1.1.1
U8547,342,FUSE0,46401.7503,46984.2167,50624.8,4223.0497,4223.0497,941.0,0.222825,1,p:2.3.3.1.3.2
U8548,342,FUSE0,46437.7,47059.2167,50156.0,3718.3,3718.3,941.0,0.253073,1,p:1.1.1.1.2.2
U8549,342,FUSE0,46517.7503,47096.4167,51214.4,4696.6497,4696.6497,941.0,0.200356,1,p:2.2.4.2.2.2
U8550,342,FUSE0,46553.7,47171.4167,50819.6,4265.9,4265.9,941.0,0.220587,1,p:1.3.2.2.3.1
U8551,342,FUSE0,46633.7503,47208.6167,51056.4,4422.6497,4422.6497,941.0,0.212768,1,p:2.1.4.1.2.1
U8552,342,FUSE0,46669.7,47283.6167,51994.0,5324.3,5324.3,941.0,0.176737,1,p:1.2.2.2.3.1
U8553,342,FUSE0,46749.7503,47320.8167,50508.8,3759.0497,3759.0497,941.0,0.250329,1,p:2.3.4.1.2.2
U8554,342,FUSE0,46785.7,47395.8167,51451.2,4665.5,4665.5,941.0,0.201693,1,p:1.1.3.2.1.2
U8555,342,FUSE1,46865.7503,47433.0167,50703.6,3837.8497,3837.8497,1003.0,0.261344,1,p:2.2.5.1.2.1
U8556,342,FUSE1,46901.7,47508.0167,50940.4,4038.7,4038.7,1003.0,0.248347,1,p:1.3.3.1.1.1
U8557,342,FUSE1,46981.7503,47545.2167,50977.6,3995.8497,3995.8497,1003.0,0.25101,1,p:2.1.1.2.3.2
U8558,342,FUSE1,47017.7,47620.2167,51820.6,4802.9,4802.9,1003.0,0.208832,1,p:1.2.4.2.1.2
U8559,342,FUSE1,47097.7503,47732.4167,51878.0,4780.2497,4780.2497,1003.0,0.209822,1,p:1.1.4.1.3.1
U8560,342,FUSE1,47133.7,47657.4167,51525.2,4391.5,4391.5,1003.0,0.228396,1,p:2.3.2.1.3.1
U8561,342,FUSE1,47213.7503,47844.6167,49988.0,2774.2497,2774.2497,1003.0,0.361539,1,p:1.3.5.2.2.1
U8562,342,FUSE1,47249.7,47769.6167,51098.4,3848.7,3848.7,1003.0,0.260607,1,p:2.2.1.2.1.2
U8563,342,FUSE1,47329.7503,47956.8167,52228.2,4898.4497,4898.4497,1003.0,0.204759,1,p:1.2.4.2.1.1
U8564,342,FUSE2,47365.7,47881.8167,52112.2,4746.5,4746.5,1035.4,0.21814,1,p:2.1.2.1.2.1
U8565,342,FUSE2,47445.7503,48069.0167,51330.4,3884.6497,3884.6497,1035.4,0.266536,1,p:1.1.5.2.3.2
U8566,342,FUSE2,47481.7,47994.0167,51567.2,4085.5,4085.5,1035.4,0.253433,1,p:2.3.2.2.2.2
U8567,342,FUSE2,47561.7503,48181.2167,50392.8,2831.0497,2831.0497,1035.4,0.36573,1,p:1.3.5.2.1.2
U8568,342,FUSE2,47597.7,48106.2167,52748.6,5150.9,5150.9,1035.4,0.201013,1,p:2.2.2.1.1.2
U8569,342,FUSE2,47677.7503,48293.4167,51762.0,4084.2497,4084.2497,1035.4,0.25351,1,p:1.2.1.1.2.1
U8570,342,FUSE2,47713.7,48218.4167,52465.0,4751.3,4751.3,1035.4,0.217919,1,p:2.1.3.1.2.1
U8571,342,FUSE2,47793.7503,48405.6167,51683.2,3889.4497,3889.4497,1035.4,0.266207,1,p:1.1.5.2.3.2
U8572,342,FUSE2,47829.7,48330.6167,52168.6,4338.9,4338.9,1035.4,0.238632,1,p:2.3.3.1.3.2
U3944,158,FUSE0,47909.7503,48517.8167,51172.4,3262.6497,3262.6497,941.0,0.288416,1,p:1.3.1.1.3.1
U3945,158,FUSE0,47945.7,48442.8167,52864.6,4918.9,4918.9,941.0,0.191303,1,p:2.2.4.1.3.2
U3946,158,FUSE0,48025.7503,48630.0167,53286.6,5260.8497,5260.8497,941.0,0.178868,1,p:1.2.2.2.1.1
U3947,158,FUSE0,48061.7,48555.0167,52400.6,4338.9,4338.9,941.0,0.216875,1,p:2.1.4.1.1.2
U3948,158,FUSE0,48141.7503,48742.2167,53212.6,5070.8497,5070.8497,941.0,0.18557,1,p:1.1.2.1.3.2
U3949,158,FUSE0,48177.7,48667.2167,52052.6,3874.9,3874.9,941.0,0.242845,1,p:2.3.3.1.1.2
U3950,158,FUSE0,48257.7503,48854.4167,52284.6,4026.8497,4026.8497,941.0,0.233681,1,p:1.3.2.2.2.2
U3951,158,FUSE0,48293.7,48779.4167,53444.6,5150.9,5150.9,941.0,0.182687,1,p:2.2.3.1.1.2
U3952,158,FUSE1,48373.7503,48966.6167,52697.0,4323.2497,4323.2497,1003.0,0.232001,1,p:1.2.1.2.3.1
U3953,158,FUSE1,48409.7,48891.6167,52344.2,3934.5,3934.5,1003.0,0.254924,1,p:2.1.1.2.3.1
U3954,158,FUSE1,48489.7503,49078.8167,51936.6,3446.8497,3446.8497,1003.0,0.29099,1,p:1.1.5.2.2.2
U3955,158,FUSE1,48525.7,49003.8167,51409.2,2883.5,2883.5,1003.0,0.347841,1,p:2.3.1.1.2.1
U3956,158,FUSE1,48605.7503,49191.0167,53049.8,4444.0497,4444.0497,1003.0,0.225695,1,p:1.3.3.2.3.1
U3957,158,FUSE1,48641.7,49116.0167,53794.2,5152.5,5152.5,1003.0,0.194663,1,p:2.2.2.1.1.2
U3958,158,FUSE1,48721.7503,49303.2167,52632.6,3910.8497,3910.8497,1003.0,0.256466,1,p:1.2.1.2.2.2
U3959,158,FUSE1,48757.7,49228.2167,53170.6,4412.9,4412.9,1003.0,0.227288,1,p:2.1.4.1.2.1
U3960,158,FUSE2,48837.7503,49415.4167,53678.2,4840.4497,4840.4497,1035.4,0.213906,1,p:1.1.3.2.2.2
U3961,158,FUSE2,48873.7,49340.4167,51646.0,2772.3,2772.3,1035.4,0.373481,1,p:2.3.5.1.1.1
U3962,158,FUSE2,48953.7503,49527.6167,53402.6,4448.8497,4448.8497,1035.4,0.232734,1,p:1.3.3.2.3.1
U3963,158,FUSE2,48989.7,49452.6167,53876.2,4886.5,4886.5,1035.4,0.21189,1,p:2.2.4.1.2.1
U3964,158,FUSE2,49069.7503,49639.8167,54345.0,5275.2497,5275.2497,1035.4,0.196275,1,p:1.2.3.2.1.1
U3965,158,FUSE2,49107.1,49564.8167,52581.0,3473.9,3473.9,1035.4,0.298051,1,p:2.1.5.2.1.1
U3966,158,FUSE2,49185.7503,49752.0167,54031.0,4845.2497,4845.2497,1035.4,0.213694,1,p:1.1.2.2.2.2
U1269,52,FUSE0,49223.1,49677.0167,52933.8,3710.7,3710.7,941.0,0.253591,1,p:2.3.4.2.1.1
U1270,52,FUSE0,49301.9,49864.2167,53755.4,4453.5,4453.5,941.0,0.211294,1,p:1.3.2.2.3.1
U1271,52,FUSE0,49339.5,49789.2167,53328.6,3989.1,3989.1,941.0,0.235893,1,p:2.2.1.2.2.2
U1272,52,FUSE0,49417.9,49901.4167,52817.8,3399.9,3399.9,941.0,0.276773,1,p:2.1.5.1.2.1
U1273,52,FUSE0,49456.7,49976.4167,53560.6,4103.9,4103.9,941.0,0.229294,1,p:1.2.5.1.3.2
U1274,52,FUSE0,49548.3,50013.6167,52516.6,2968.3,2968.3,941.0,0.317016,1,p:2.3.5.1.3.2
U1275,52,FUSE0,49572.7,50088.6167,52980.6,3407.9,3407.9,941.0,0.276123,1,p:1.1.5.2.2.2
U1276,52,FUSE1,49664.3,50125.8167,54813.8,5149.5,5149.5,1003.0,0.194776,1,p:2.2.4.2.3.1
U1277,52,FUSE1,49703.1,50200.8167,53639.4,3936.3,3936.3,1003.0,0.254808,1,p:1.3.4.2.1.1
U1278,52,FUSE1,49780.3,50238.0167,54581.8,4801.5,4801.5,1003.0,0.208893,1,p:2.1.3.1.2.1
U1279,52,FUSE1,49819.1,50313.0167,55166.6,5347.5,5347.5,1003.0,0.187564,1,p:1.2.3.2.3.1
U1280,52,FUSE1,49903.3,50425.2167,54736.6,4833.3,4833.3,1003.0,0.207519,1,p:1.1.2.2.2.2
U1281,52,FUSE1,49935.1,50350.2167,54263.0,4327.9,4327.9,1003.0,0.231752,1,p:2.3.3.1.3.2
U1282,52,FUSE1,50019.3,50537.4167,53096.6,3077.3,3077.3,1003.0,0.325935,1,p:1.3.1.1.1.2
U1283,52,FUSE2,50071.3,50462.4167,53992.2,3920.9,3920.9,1035.4,0.264072,1,p:2.2.5.2.1.1
U1284,52,FUSE2,50135.3,50649.6167,55403.4,5268.1,5268.1,1035.4,0.196541,1,p:1.2.2.2.1.1
U1285,52,FUSE2,50187.3,50574.6167,54108.2,3920.9,3920.9,1035.4,0.264072,1,p:2.1.1.2.3.1
U1286,52,FUSE2,50266.1,50761.8167,54852.6,4586.5,4586.5,1035.4,0.225749,1,p:1.1.4.1.1.2
U1287,52,FUSE2,50303.3,50686.8167,54615.8,4312.5,4312.5,1035.4,0.240093,1,p:2.3.2.1.3.2
U1288,52,FUSE2,50382.1,50874.0167,54229.0,3846.9,3846.9,1035.4,0.269152,1,p:1.3.4.1.2.1
U1289,52,FUSE2,50424.1,50799.0167,54383.8,3959.7,3959.7,1035.4,0.261484,1,p:2.2.1.2.2.2
U1290,52,FUSE2,50498.1,50986.2167,54499.8,4001.7,4001.7,1035.4,0.25874,1,p:1.2.5.1.1.2
U1452,59,FUSE0,50540.1,50911.2167,54147.0,3606.9,3606.9,941.0,0.260889,1,p:2.1.1.1.1.2
U1453,59,FUSE0,50618.9,51098.4167,54461.0,3842.1,3842.1,941.0,0.244918,1,p:1.1.5.2.3.1
U1454,59,FUSE0,50656.1,51023.4167,53523.4,2867.3,2867.3,941.0,0.328183,1,p:2.3.1.1.2.1
U1455,59,FUSE0,50734.9,51210.6167,53910.2,3175.3,3175.3,941.0,0.29635,1,p:1.3.5.1.3.2
U1456,59,FUSE0,50776.9,51135.6167,56051.6,5274.7,5274.7,941.0,0.178399,1,p:2.2.3.1.3.2
U1457,59,FUSE0,50850.9,51322.8167,55756.2,4905.3,4905.3,941.0,0.191833,1,p:1.2.4.2.1.1
U1458,59,FUSE0,50892.9,51247.8167,55872.2,4979.3,4979.3,941.0,0.188982,1,p:2.1.2.2.3.1
U1459,59,FUSE0,50971.7,51435.0167,54697.8,3726.1,3726.1,941.0,0.252543,1,p:1.1.1.2.1.1
U1460,59,FUSE1,51008.9,51360.0167,55321.4,4312.5,4312.5,1003.0,0.23258,1,p:2.3.2.1.3.2
U1461,59,FUSE1,51087.7,51547.2167,55205.4,4117.7,4117.7,1003.0,0.243583,1,p:1.3.3.1.1.2
U1462,59,FUSE1,51129.7,51472.2167,56288.4,5158.7,5158.7,1003.0,0.194429,1,p:2.2.2.1.1.2
U1463,59,FUSE1,51203.7,51659.4167,55050.6,3846.9,3846.9,1003.0,0.260729,1,p:1.2.5.2.1.1
U1464,59,FUSE1,51245.7,51584.4167,54968.6,3722.9,3722.9,1003.0,0.269414,1,p:2.1.5.1.3.2
U1465,59,FUSE1,51324.5,51696.6167,55089.4,3764.9,3764.9,1003.0,0.266408,1,p:2.3.4.2.2.2
U1466,59,FUSE1,51361.7,51771.6167,56130.4,4768.7,4768.7,1003.0,0.21033,1,p:1.1.3.2.1.1
U1467,59,FUSE1,51440.5,51808.8167,56599.2,5158.7,5158.7,1003.0,0.194429,1,p:2.2.4.2.3.1
U1468,59,FUSE2,51482.5,51883.8167,55442.2,3959.7,3959.7,1035.4,0.261484,1,p:1.3.3.2.2.2
U1469,59,FUSE2,51556.5,51921.0167,55519.4,3962.9,3962.9,1035.4,0.261273,1,p:2.1.1.2.3.1
U1470,59,FUSE2,51598.5,51996.0167,56720.0,5121.5,5121.5,1035.4,0.202167,1,p:1.2.3.2.2.1
U1471,59,FUSE2,51677.3,52033.2167,55674.2,3996.9,3996.9,1035.4,0.259051,1,p:2.3.4.1.3.2
U1472,59,FUSE2,51714.5,52108.2167,56641.2,4926.7,4926.7,1035.4,0.210161,1,p:1.1.2.1.1.2
U1473,59,FUSE2,51793.3,52145.4167,55640.2,3846.9,3846.9,1035.4,0.269152,1,p:2.2.5.1.2.1
U1474,59,FUSE2,51851.9,52220.4167,56014.4,4162.5,4162.5,1035.4,0.248745,1,p:1.3.2.1.2.1
U1475,59,FUSE2,51909.3,52257.6167,55558.2,3648.9,3648.9,1035.4,0.283757,1,p:2.1.1.1.1.2
U1476,59,FUSE2,51967.9,52332.6167,57190.0,5222.1,5222.1,1035.4,0.198273,1,p:1.2.2.2.1.1
U5895,236,FUSE0,52025.3,52369.8167,54934.6,2909.3,2909.3,941.0,0.323446,1,p:2.3.1.1.2.1
U5896,236,FUSE0,52083.9,52444.8167,56836.0,4752.1,4752.1,941.0,0.198018,1,p:1.1.2.2.1.1
U5897,236,FUSE0,52143.5,52482.0167,57460.8,5317.3,5317.3,941.0,0.17697,1,p:2.2.3.2.3.2
U5898,236,FUSE0,52199.9,52557.0167,56246.4,4046.5,4046.5,941.0,0.232547,1,p:1.3.4.2.3.1
U5899,236,FUSE0,52259.5,52669.2167,57306.0,5046.5,5046.5,941.0,0.186466,1,p:1.2.4.1.3.1
U5900,236,FUSE0,52315.9,52594.2167,56990.8,4674.9,4674.9,941.0,0.201288,1,p:2.1.3.1.1.2
U5901,236,FUSE0,52375.5,52781.4167,55819.6,3444.1,3444.1,941.0,0.273221,1,p:1.1.5.2.2.2
U5902,236,FUSE1,52431.9,52706.4167,56367.2,3935.3,3935.3,1003.0,0.254873,1,p:2.3.3.1.2.1
U5903,236,FUSE1,52496.3,52893.6167,55287.4,2791.1,2791.1,1003.0,0.359357,1,p:1.3.5.1.2.1
U5904,236,FUSE1,52547.9,52818.6167,56525.2,3977.3,3977.3,1003.0,0.252181,1,p:2.2.1.2.2.2
U5905,236,FUSE1,52612.3,53005.8167,56483.2,3870.9,3870.9,1003.0,0.259113,1,p:1.2.5.2.1.1
U5906,236,FUSE1,52663.9,52930.8167,57658.8,4994.9,4994.9,1003.0,0.200805,1,p:2.1.2.1.3.1
U5907,236,FUSE1,52728.3,53118.0167,57542.8,4814.5,4814.5,1003.0,0.208329,1,p:1.1.3.2.1.1
U5908,236,FUSE1,52779.9,53043.0167,56757.2,3977.3,3977.3,1003.0,0.252181,1,p:2.3.4.1.3.2
U5909,236,FUSE2,52849.1,53230.2167,55935.6,3086.5,3086.5,1035.4,0.335461,1,p:1.3.1.1.1.2
U5910,236,FUSE2,52895.9,53155.2167,57697.6,4801.7,4801.7,1035.4,0.215632,1,p:2.2.4.1.1.2
U5911,236,FUSE2,52965.1,53342.4167,58364.4,5399.3,5399.3,1035.4,0.191766,1,p:1.2.3.1.3.1
U5912,236,FUSE2,53011.9,53267.4167,58011.6,4999.7,4999.7,1035.4,0.207092,1,p:2.1.2.1.3.1
U5913,236,FUSE2,53081.1,53454.6167,57106.8,4025.7,4025.7,1035.4,0.257198,1,p:1.1.1.2.3.2
U5914,236,FUSE2,53127.9,53379.6167,56874.8,3746.9,3746.9,1035.4,0.276335,1,p:2.3.4.1.2.2
U5915,236,FUSE2,53201.9,53566.8167,56172.4,2970.5,2970.5,1035.4,0.348561,1,p:1.3.1.2.2.2
U5916,236,FUSE2,53243.9,53491.8167,58403.2,5159.3,5159.3,1035.4,0.200686,1,p:2.2.2.1.1.2
U6523,261,FUSE0,53317.9,53679.0167,58282.4,4964.5,4964.5,941.0,0.189546,1,p:1.2.4.1.2.2
U6524,261,FUSE0,53359.9,53604.0167,58050.4,4690.5,4690.5,941.0,0.200618,1,p:2.1.2.1.1.2
U6525,261,FUSE0,53433.9,53791.2167,58166.4,4732.5,4732.5,941.0,0.198838,1,p:1.1.4.2.3.2
U6526,261,FUSE0,53475.9,53716.2167,56404.4,2928.5,2928.5,941.0,0.321325,1,p:2.3.5.1.3.2
U6527,261,FUSE0,53554.7,53903.4167,57422.0,3867.3,3867.3,941.0,0.243322,1,p:1.3.4.2.2.1
U6528,261,FUSE0,53591.9,53828.4167,57344.8,3752.9,3752.9,941.0,0.250739,1,p:2.2.5.1.1.2
U6529,261,FUSE0,53670.7,54015.6167,57774.8,4104.1,4104.1,941.0,0.229283,1,p:1.2.1.2.2.1
U6530,261,FUSE0,53709.5,53940.6167,58480.4,4770.9,4770.9,941.0,0.197237,1,p:2.1.3.2.2.1
U6531,261,FUSE1,53786.7,54127.8167,58635.2,4848.5,4848.5,1003.0,0.206868,1,p:1.1.2.1.2.2
U6532,261,FUSE1,53825.5,54052.8167,57895.6,4070.1,4070.1,1003.0,0.246431,1,p:2.3.3.2.1.1
U6533,261,FUSE1,53907.5,54165.0167,59108.8,5201.3,5201.3,1003.0,0.192836,1,p:2.2.3.1.1.2
U6534,261,FUSE1,53941.5,54240.0167,56952.0,3010.5,3010.5,1003.0,0.333167,1,p:1.3.5.1.3.1
U6535,261,FUSE1,54023.5,54277.2167,58717.2,4693.7,4693.7,1003.0,0.213691,1,p:2.1.4.1.3.1
U6536,261,FUSE1,54062.3,54352.2167,57929.6,3867.3,3867.3,1003.0,0.259354,1,p:1.2.5.1.2.2
U6537,261,FUSE1,54139.5,54389.4167,57224.4,3084.9,3084.9,1003.0,0.325132,1,p:2.3.1.1.2.2
U6538,261,FUSE1,54178.3,54464.4167,59224.8,5046.5,5046.5,1003.0,0.198752,1,p:1.1.2.2.3.2
U6539,261,FUSE2,54260.3,54501.6167,59577.6,5317.3,5317.3,1035.4,0.194723,1,p:2.2.3.2.3.2
U6540,261,FUSE2,54294.3,54576.6167,57069.6,2775.3,2775.3,1035.4,0.373077,1,p:1.3.5.2.2.1
U6541,261,FUSE2,54376.3,54613.8167,58127.6,3751.3,3751.3,1035.4,0.276011,1,p:2.1.1.2.2.1
U6542,261,FUSE2,54415.1,54688.8167,59662.8,5247.7,5247.7,1035.4,0.197305,1,p:1.2.2.2.1.1
U6543,261,FUSE2,54492.3,54726.0167,57576.8,3084.5,3084.5,1035.4,0.335678,1,p:2.3.1.1.2.2
U6544,261,FUSE2,54531.1,54801.0167,59186.0,4654.9,4654.9,1035.4,0.222432,1,p:1.1.4.2.2.1
U6545,261,FUSE2,54613.1,54838.2167,58872.0,4258.9,4258.9,1035.4,0.243114,1,p:2.2.1.2.3.2
U6546,261,FUSE2,54647.1,54913.2167,58833.2,4186.1,4186.1,1035.4,0.247342,1,p:1.3.3.2.2.1
U6547,261,FUSE2,54729.1,55025.4167,60015.6,5286.5,5286.5,1035.4,0.195857,1,p:1.2.3.2.1.1
U6455,258,FUSE0,54767.9,54950.4167,58519.2,3751.3,3751.3,941.0,0.250846,1,p:2.1.1.2.3.2
U6456,258,FUSE0,54845.1,55137.6167,59693.6,4848.5,4848.5,941.0,0.194081,1,p:1.1.3.1.2.2
U6457,258,FUSE0,54883.9,55062.6167,57813.6,2929.7,2929.7,941.0,0.321193,1,p:2.3.5.2.3.2
U6458,258,FUSE0,54965.9,55249.8167,58756.0,3790.1,3790.1,941.0,0.248278,1,p:1.3.4.1.1.2
U6459,258,FUSE0,54999.9,55174.8167,59070.0,4070.1,4070.1,941.0,0.231198,1,p:2.2.5.1.3.1
U6460,258,FUSE0,55081.9,55362.0167,60247.6,5165.7,5165.7,941.0,0.182163,1,p:1.2.3.2.2.1
U6461,258,FUSE0,55120.7,55287.0167,59894.8,4774.1,4774.1,941.0,0.197105,1,p:2.1.2.2.2.1
U6462,258,FUSE1,55197.9,55474.2167,58954.0,3756.1,3756.1,1003.0,0.267032,1,p:1.1.1.2.1.1
U6463,258,FUSE1,55236.7,55399.2167,59306.8,4070.1,4070.1,1003.0,0.246431,1,p:2.3.2.2.1.1
U6464,258,FUSE1,55318.7,55586.4167,58248.4,2929.7,2929.7,1003.0,0.342356,1,p:1.3.5.2.1.1
U6465,258,FUSE1,55352.7,55511.4167,59422.8,4070.1,4070.1,1003.0,0.246431,1,p:2.2.1.1.3.1
U6466,258,FUSE1,55434.7,55698.6167,59340.8,3906.1,3906.1,1003.0,0.256778,1,p:1.2.5.1.2.2
U6467,258,FUSE1,55473.5,55623.6167,60049.6,4576.1,4576.1,1003.0,0.219182,1,p:2.1.4.1.2.2
U6468,258,FUSE1,55550.7,55810.8167,60639.2,5088.5,5088.5,1003.0,0.197111,1,p:1.1.2.2.3.2
U6469,258,FUSE2,55589.5,55735.8167,59461.6,3872.1,3872.1,1035.4,0.2674,1,p:2.3.4.1.1.2
U6470,258,FUSE2,55671.5,55923.0167,58601.2,2929.7,2929.7,1035.4,0.353415,1,p:1.3.5.2.1.1
U6471,258,FUSE2,55705.5,55848.0167,60992.0,5286.5,5286.5,1035.4,0.195857,1,p:2.2.3.2.3.2
U6472,258,FUSE2,55787.5,56035.2167,61108.0,5320.5,5320.5,1035.4,0.194606,1,p:1.2.2.1.2.2
U6473,258,FUSE2,55850.9,56147.4167,59778.8,3927.9,3927.9,1035.4,0.263601,1,p:1.1.1.1.3.1
U6474,258,FUSE2,55903.5,55960.2167,60368.4,4464.9,4464.9,1035.4,0.231898,1,p:2.1.4.2.1.1
U334,14,FUSE0,55966.9,56259.6167,60170.4,4203.5,4203.5,941.0,0.223861,1,p:1.3.2.1.1.2
U335,14,FUSE0,56045.7,56072.4167,59933.6,3887.9,3887.9,941.0,0.242033,1,p:2.3.4.2.3.2
U336,14,FUSE0,56082.9,56371.8167,61460.8,5377.9,5377.9,941.0,0.174975,1,p:1.2.3.1.3.2
U337,14,FUSE0,56161.7,56184.6167,59817.6,3655.9,3655.9,941.0,0.257392,1,p:2.2.5.1.1.2
U338,14,FUSE0,56203.7,56484.0167,61189.8,4986.1,4986.1,941.0,0.188725,1,p:1.1.3.2.1.1
U339,14,FUSE0,56277.7,56296.8167,59538.8,3261.1,3261.1,941.0,0.288553,1,p:2.1.5.2.2.1
U340,14,FUSE0,56319.7,56596.2167,60523.2,4203.5,4203.5,941.0,0.223861,1,p:1.3.3.1.1.2
U341,14,FUSE0,56398.5,56409.0167,58988.0,2589.5,2589.5,941.0,0.363391,1,p:2.3.5.1.2.2
U342,14,FUSE1,56435.7,56708.4167,61813.6,5377.9,5377.9,1003.0,0.186504,1,p:1.2.2.1.3.2
U343,14,FUSE1,56514.5,56521.2167,61344.8,4830.3,4830.3,1003.0,0.207648,1,p:2.2.4.2.2.2
U344,14,FUSE1,56556.5,56820.6167,60286.4,3729.9,3729.9,1003.0,0.268908,1,p:1.1.5.2.3.2
U345,14,FUSE1,56630.5,56633.4167,61542.8,4912.3,4912.3,1003.0,0.204181,1,p:2.1.2.1.2.1
U346,14,FUSE1,56672.5,56932.8167,60837.2,4164.7,4164.7,1003.0,0.240834,1,p:1.3.4.1.3.1
U347,14,FUSE1,56751.3,56751.3,60755.2,4003.9,4003.9,1003.0,0.250506,1,p:2.3.2.1.2.2
U348,14,FUSE1,56788.5,57045.0167,60721.2,3932.7,3932.7,1003.0,0.255041,1,p:1.2.5.2.1.1
U349,14,FUSE1,56867.3,56867.3,61697.6,4830.3,4830.3,1003.0,0.207648,1,p:2.2.4.2.2.2
U350,14,FUSE2,56906.1,57157.2167,61934.4,5028.3,5028.3,1035.4,0.205915,1,p:1.1.3.1.1.2
U351,14,FUSE2,56983.3,56983.3,60600.4,3617.1,3617.1,1035.4,0.286251,1,p:2.1.1.2.2.1
U352,14,FUSE2,57022.1,57269.4167,61073.8,4051.7,4051.7,1035.4,0.255547,1,p:1.3.4.1.3.1
U353,14,FUSE2,57100.9,57100.9,60131.6,3030.7,3030.7,1035.4,0.341637,1,p:2.3.1.1.3.1
U354,14,FUSE2,57138.1,57381.6167,62287.2,5149.1,5149.1,1035.4,0.201084,1,p:1.2.4.1.1.2
U355,14,FUSE2,57221.3,57221.3,62403.2,5181.9,5181.9,1035.4,0.199811,1,p:2.2.2.2.2.2
U356,14,FUSE2,57255.7,57493.8167,62364.4,5108.7,5108.7,1035.4,0.202674,1,p:1.1.3.2.3.1
U8399,336,FUSE0,57337.3,57337.3,60876.0,3538.7,3538.7,941.0,0.265917,1,p:2.1.1.1.1.2
U8400,336,FUSE0,57376.1,57606.0167,61581.6,4205.5,4205.5,941.0,0.223755,1,p:1.3.3.1.1.2
U8401,336,FUSE0,57453.3,57453.3,60484.4,3031.1,3031.1,941.0,0.310448,1,p:2.3.1.1.3.1
U8402,336,FUSE0,57492.1,57718.2167,61658.8,4166.7,4166.7,941.0,0.225838,1,p:1.2.5.2.3.1
U8403,336,FUSE0,57574.1,57574.1,61228.8,3654.7,3654.7,941.0,0.257477,1,p:2.2.5.1.1.2
U8404,336,FUSE0,57608.1,57686.3,60953.2,3345.1,3345.1,941.0,0.281307,1,p:2.1.5.2.2.1
U8405,336,FUSE0,57690.1,57830.4167,62485.2,4795.1,4795.1,941.0,0.196242,1,p:1.1.3.2.1.1
U8406,336,FUSE0,57728.9,57798.5,60402.4,2673.5,2673.5,941.0,0.351973,1,p:2.3.5.1.2.2
U8407,336,FUSE0,57806.1,57942.6167,62050.4,4244.3,4244.3,941.0,0.221709,1,p:1.3.2.2.2.2
U8408,336,FUSE0,57844.9,57910.7,62838.0,4993.1,4993.1,941.0,0.18846,1,p:2.2.2.2.1.1
U8409,336,FUSE1,57926.9,58054.8167,63306.8,5379.9,5379.9,1003.0,0.186435,1,p:1.2.2.1.2.1
U8410,336,FUSE1,57960.9,58022.9,62872.0,4911.1,4911.1,1003.0,0.204231,1,p:2.1.3.1.3.2
U8411,336,FUSE1,58042.9,58167.0167,61895.6,3852.7,3852.7,1003.0,0.260337,1,p:1.1.1.1.2.1
U8412,336,FUSE1,58081.7,58135.1,62011.6,3929.9,3929.9,1003.0,0.255223,1,p:2.3.4.2.3.1
U8413,336,FUSE1,58158.9,58279.2167,61305.8,3146.9,3146.9,1003.0,0.318726,1,p:1.3.1.2.3.1
U8414,336,FUSE1,58197.7,58247.3,62132.4,3934.7,3934.7,1003.0,0.254911,1,p:2.2.5.2.1.1
U8415,336,FUSE1,58279.7,58359.5,63108.8,4829.1,4829.1,1003.0,0.207699,1,p:2.1.3.2.2.2
U8416,336,FUSE1,58313.7,58391.4167,63572.8,5259.1,5259.1,1003.0,0.190717,1,p:1.2.2.2.1.2
U8417,336,FUSE1,58395.7,58471.7,61426.8,3031.1,3031.1,1003.0,0.330903,1,p:2.3.1.2.1.1
U8418,336,FUSE1,58434.5,58503.6167,63070.0,4635.5,4635.5,1003.0,0.216374,1,p:1.1.4.2.3.1
U8419,336,FUSE2,58511.7,58583.9,62519.2,4007.5,4007.5,1035.4,0.258366,1,p:2.2.5.1.3.2
U8420,336,FUSE2,58550.5,58615.8167,62756.0,4205.5,4205.5,1035.4,0.246201,1,p:1.3.2.2.2.2
U8421,336,FUSE2,58632.5,58696.1,63456.8,4824.3,4824.3,1035.4,0.214622,1,p:2.1.3.2.2.2
U8422,336,FUSE2,58666.5,58728.0167,63538.8,4872.3,4872.3,1035.4,0.212507,1,p:1.2.4.1.3.1
U8423,336,FUSE2,58748.5,58808.3,62601.2,3852.7,3852.7,1035.4,0.268747,1,p:2.3.4.1.2.1
U8424,336,FUSE2,58787.3,58840.2167,62717.2,3929.9,3929.9,1035.4,0.263467,1,p:1.1.1.2.3.1
U8425,336,FUSE2,58864.5,58920.5,64118.8,5254.3,5254.3,1035.4,0.197058,1,p:2.2.3.1.1.1
U8426,336,FUSE2,58903.3,58952.4167,61779.6,2876.3,2876.3,1035.4,0.359976,1,p:1.3.5.2.1.1
U8427,336,FUSE2,58985.3,59032.7,63920.8,4935.5,4935.5,1035.4,0.209786,1,p:2.1.2.2.1.2
U5791,232,FUSE0,59019.3,59064.6167,62992.8,3973.5,3973.5,941.0,0.236819,1,p:1.2.5.1.1.2
U5792,232,FUSE0,59101.3,59144.9,62166.4,3065.1,3065.1,941.0,0.307005,1,p:2.3.1.1.3.2
U5793,232,FUSE0,59140.1,59176.8167,62640.0,3499.9,3499.9,941.0,0.268865,1,p:1.1.5.1.1.2
U5794,232,FUSE0,59217.3,59257.1,64350.8,5133.5,5133.5,941.0,0.183306,1,p:2.2.3.1.2.1
U5795,232,FUSE0,59256.1,59289.0167,62248.4,2992.3,2992.3,941.0,0.314474,1,p:1.3.1.1.2.1
U5796,232,FUSE0,59338.1,59369.3,63688.8,4350.7,4350.7,941.0,0.216287,1,p:2.1.4.2.3.2
U5797,232,FUSE0,59372.1,59401.2167,64268.8,4896.7,4896.7,941.0,0.19217,1,p:1.2.4.2.1.2
U5798,232,FUSE0,59454.1,59481.5,63224.8,3770.7,3770.7,941.0,0.249556,1,p:2.3.4.1.3.2
U5799,232,FUSE0,59492.9,59513.4167,64002.8,4509.9,4509.9,941.0,0.208652,1,p:1.1.4.1.2.1
U5800,232,FUSE1,59570.1,59593.7,64814.8,5244.7,5244.7,1003.0,0.191241,1,p:2.2.2.1.1.1
U5801,232,FUSE1,59608.9,59625.6167,63804.8,4195.9,4195.9,1003.0,0.239043,1,p:1.3.3.2.2.2
U5802,232,FUSE1,59694.1,59705.9,63340.8,3646.7,3646.7,1003.0,0.275043,1,p:2.1.5.2.3.2
U5803,232,FUSE1,59724.9,59737.8167,64964.8,5239.9,5239.9,1003.0,0.191416,1,p:1.2.3.2.1.2
U5804,232,FUSE1,59810.1,59818.1,62954.0,3143.9,3143.9,1003.0,0.319031,1,p:2.3.1.1.2.1
U5805,232,FUSE1,59848.9,59850.0167,64698.8,4849.9,4849.9,1003.0,0.206808,1,p:1.1.3.1.2.1
U5806,232,FUSE1,59926.1,59930.3,63770.8,3844.7,3844.7,1003.0,0.260879,1,p:2.2.5.1.1.1
U5807,232,FUSE1,59964.9,59964.9,64152.8,4187.9,4187.9,1003.0,0.2395,1,p:1.3.2.2.2.2
U5808,232,FUSE1,60046.9,60046.9,64582.8,4535.9,4535.9,1003.0,0.221125,1,p:2.1.4.1.3.1
U5809,232,FUSE2,60080.9,60080.9,65278.8,5197.9,5197.9,1035.4,0.199196,1,p:1.2.3.1.3.1
U5810,232,FUSE2,60162.9,60162.9,63190.8,3027.9,3027.9,1035.4,0.341953,1,p:2.3.1.2.1.1
U5811,232,FUSE2,60201.7,60201.7,65162.8,4961.1,4961.1,1035.4,0.208704,1,p:1.1.2.1.1.1
U5812,232,FUSE2,60278.9,60278.9,65428.8,5149.9,5149.9,1035.4,0.201052,1,p:2.2.2.2.3.2
U5813,232,FUSE2,60317.7,60317.7,64500.8,4183.1,4183.1,1035.4,0.24752,1,p:1.3.2.2.2.2
U5814,232,FUSE2,60399.7,60399.7,64234.8,3835.1,3835.1,1035.4,0.26998,1,p:2.1.1.1.3.1
U5815,232,FUSE2,60433.7,60433.7,64384.8,3951.1,3951.1,1035.4,0.262054,1,p:1.2.5.2.3.2
U5816,232,FUSE2,60515.7,60515.7,63654.8,3139.1,3139.1,1035.4,0.32984,1,p:2.3.1.1.2.1
U5817,232,FUSE2,60554.5,60554.5,65080.8,4526.3,4526.3,1035.4,0.228752,1,p:1.1.4.2.3.2
U5818,232,FUSE2,60631.7,60631.7,65862.0,5230.3,5230.3,1035.4,0.197962,1,p:2.2.3.1.1.1
U3569,143,FUSE0,60670.5,60670.5,63422.8,2752.3,2752.3,941.0,0.341896,1,p:1.3.5.1.1.1
U3570,143,FUSE0,60752.5,60752.5,65544.8,4792.3,4792.3,941.0,0.196357,1,p:2.1.3.2.2.2
U3571,143,FUSE0,60786.5,60786.5,64616.8,3830.3,3830.3,941.0,0.245673,1,p:1.2.5.2.1.2
U3572,143,FUSE0,60868.5,60868.5,63886.8,3018.3,3018.3,941.0,0.311765,1,p:2.3.1.1.3.1
U3573,143,FUSE0,60907.3,60907.3,65664.0,4756.7,4756.7,941.0,0.197826,1,p:1.1.2.2.1.2
U3574,143,FUSE0,60984.5,60984.5,65046.8,4062.3,4062.3,941.0,0.231642,1,p:2.2.1.1.2.1
U3575,143,FUSE0,61023.3,61023.3,64732.8,3709.5,3709.5,941.0,0.253673,1,p:1.3.4.2.3.2
U3576,143,FUSE0,61105.1,61105.1,65896.0,4790.9,4790.9,941.0,0.196414,1,p:2.1.2.2.2.2
U3577,143,FUSE0,61139.3,61139.3,65978.0,4838.7,4838.7,941.0,0.194474,1,p:1.2.4.1.3.1
U3578,143,FUSE1,61221.1,61221.1,64036.8,2815.7,2815.7,1003.0,0.356217,1,p:2.3.5.2.3.2
U3579,143,FUSE1,61260.1,61260.1,66132.8,4872.7,4872.7,1003.0,0.205841,1,p:1.1.3.2.3.2
U3580,143,FUSE1,61337.1,61337.1,66504.4,5167.3,5167.3,1003.0,0.194105,1,p:2.2.2.2.3.2
U3581,143,FUSE1,61376.1,61376.1,64466.8,3090.7,3090.7,1003.0,0.324522,1,p:1.3.1.1.1.1
U3582,143,FUSE1,61458.1,61458.1,64930.8,3472.7,3472.7,1003.0,0.288824,1,p:2.1.5.1.3.1
U3583,143,FUSE1,61492.1,61492.1,65626.8,4134.7,4134.7,1003.0,0.242581,1,p:1.2.1.1.3.1
U3584,143,FUSE1,61574.1,61574.1,65394.8,3820.7,3820.7,1003.0,0.262517,1,p:2.3.4.1.2.1
U3585,143,FUSE1,61612.9,61612.9,66465.6,4852.7,4852.7,1003.0,0.206689,1,p:1.1.3.1.2.1
U3586,143,FUSE1,61690.1,61690.1,66818.4,5128.3,5128.3,1003.0,0.195581,1,p:2.2.2.1.2.1
U3587,143,FUSE2,61728.9,61728.9,64848.8,3119.9,3119.9,1035.4,0.33187,1,p:1.3.1.2.2.2
U3588,143,FUSE2,61810.9,61810.9,66248.8,4437.9,4437.9,1035.4,0.233309,1,p:2.1.4.2.2.2
U3589,143,FUSE2,61844.9,61844.9,66016.8,4171.9,4171.9,1035.4,0.248184,1,p:1.2.1.2.1.2
U3590,143,FUSE2,61926.9,61926.9,65742.8,3815.9,3815.9,1035.4,0.271338,1,p:2.3.4.1.2.1
U3591,143,FUSE2,61965.7,61965.7,65510.8,3545.1,3545.1,1035.4,0.292065,1,p:1.1.5.1.1.1
U3592,143,FUSE2,62042.9,62042.9,66939.2,4896.3,4896.3,1035.4,0.211466,1,p:2.2.4.1.1.1
U3593,143,FUSE2,62081.7,62081.7,66233.6,4151.9,4151.9,1035.4,0.24938,1,p:1.3.2.1.1.1
U3594,143,FUSE2,62163.7,62163.7,67055.2,4891.5,4891.5,1035.4,0.211673,1,p:2.1.3.1.3.1
U3595,143,FUSE2,62197.7,62197.7,66349.6,4151.9,4151.9,1035.4,0.24938,1,p:1.2.1.1.3.1
U3596,143,FUSE2,62279.7,62279.7,65312.8,3033.1,3033.1,1035.4,0.341367,1,p:2.3.1.2.1.2
U1888,76,FUSE0,62318.5,62318.5,67106.2,4787.7,4787.7,941.0,0.196545,1,p:1.1.2.2.1.2
U1889,76,FUSE0,62395.7,62395.7,67575.0,5179.3,5179.3,941.0,0.181685,1,p:2.2.2.2.3.2
U1890,76,FUSE0,62434.5,62434.5,65196.8,2762.3,2762.3,941.0,0.340658,1,p:1.3.5.2.2.2
U1891,76,FUSE0,62516.5,62516.5,67417.0,4900.5,4900.5,941.0,0.192021,1,p:2.1.2.1.3.1
U1892,76,FUSE0,62550.5,62550.5,66388.4,3837.9,3837.9,941.0,0.245186,1,p:1.2.5.2.1.2
U1893,76,FUSE0,62632.5,62632.5,66741.2,4108.7,4108.7,941.0,0.229026,1,p:2.3.3.2.1.2
U1894,76,FUSE0,62671.3,62671.3,67171.2,4499.9,4499.9,941.0,0.209116,1,p:1.1.4.1.2.1
U1895,76,FUSE0,62748.5,62748.5,67885.8,5137.3,5137.3,941.0,0.18317,1,p:2.2.3.1.2.1
U1896,76,FUSE1,62787.3,62787.3,66586.4,3799.1,3799.1,1003.0,0.26401,1,p:1.3.4.1.1.1
U1897,76,FUSE1,62869.3,62869.3,66702.4,3833.1,3833.1,1003.0,0.261668,1,p:2.1.1.1.3.1
U1898,76,FUSE1,62903.3,62903.3,67769.8,4866.5,4866.5,1003.0,0.206103,1,p:1.2.4.1.3.1
U1899,76,FUSE1,62985.3,62985.3,65780.0,2794.7,2794.7,1003.0,0.358894,1,p:2.3.5.2.3.2
U1900,76,FUSE1,63024.1,63024.1,67927.8,4903.7,4903.7,1003.0,0.204539,1,p:1.1.2.2.3.2
U1901,76,FUSE1,63101.3,63101.3,66973.2,3871.9,3871.9,1003.0,0.259046,1,p:2.2.5.2.2.2
U1902,76,FUSE1,63140.1,63140.1,67338.2,4198.1,4198.1,1003.0,0.238918,1,p:1.3.3.2.2.2
U1903,76,FUSE2,63222.1,63222.1,66857.2,3635.1,3635.1,1035.4,0.284834,1,p:2.1.1.2.3.2
U1904,76,FUSE2,63256.1,63256.1,68517.4,5261.3,5261.3,1035.4,0.196795,1,p:1.2.2.2.1.2
U1905,76,FUSE2,63338.1,63338.1,66094.0,2755.9,2755.9,1035.4,0.375703,1,p:2.3.5.1.2.1
U1906,76,FUSE2,63372.1,63372.1,68238.6,4866.5,4866.5,1035.4,0.212761,1,p:1.1.3.1.2.1
U1907,76,FUSE2,63454.1,63454.1,68396.6,4942.5,4942.5,1035.4,0.209489,1,p:2.2.4.2.2.2
U1908,76,FUSE2,63488.1,63488.1,67691.0,4202.9,4202.9,1035.4,0.246354,1,p:1.3.3.2.2.2
U1909,76,FUSE2,63570.1,63570.1,67301.0,3730.9,3730.9,1035.4,0.27752,1,p:2.1.1.1.1.1
U1910,76,FUSE2,63604.1,63604.1,68828.2,5224.1,5224.1,1035.4,0.198197,1,p:1.2.3.1.3.1
U4551,182,FUSE0,63686.1,63686.1,67459.0,3772.9,3772.9,941.0,0.24941,1,p:2.3.4.2.1.2
U4552,182,FUSE0,63720.1,63720.1,68475.4,4755.3,4755.3,941.0,0.197884,1,p:1.1.3.1.3.1
U4553,182,FUSE0,63802.1,63802.1,68591.4,4789.3,4789.3,941.0,0.19648,1,p:2.2.4.1.2.1
U4554,182,FUSE0,63836.1,63836.1,66620.4,2784.3,2784.3,941.0,0.337966,1,p:1.3.5.2.2.2
U4555,182,FUSE0,63918.1,63918.1,68749.4,4831.3,4831.3,941.0,0.194772,1,p:2.1.2.2.2.2
U4556,182,FUSE0,63952.1,63952.1,67811.8,3859.7,3859.7,941.0,0.243801,1,p:1.2.5.2.1.2
U4557,182,FUSE0,64034.1,64034.1,68164.6,4130.5,4130.5,941.0,0.227817,1,p:2.3.2.2.1.2
U4558,182,FUSE0,64068.1,64068.1,68986.2,4918.1,4918.1,941.0,0.191334,1,p:1.1.2.2.3.2
U4559,182,FUSE1,64150.1,64150.1,68280.6,4130.5,4130.5,1003.0,0.242828,1,p:2.2.1.2.3.2
U4560,182,FUSE1,64184.1,64184.1,68043.8,3859.7,3859.7,1003.0,0.259865,1,p:1.3.4.2.2.2
U4561,182,FUSE1,64266.1,64266.1,69181.0,4914.9,4914.9,1003.0,0.204073,1,p:2.1.3.1.3.1
U4562,182,FUSE1,64300.1,64300.1,69533.8,5233.7,5233.7,1003.0,0.191643,1,p:1.2.2.1.3.1
U4563,182,FUSE1,64382.1,64382.1,67222.2,2840.1,2840.1,1003.0,0.353157,1,p:2.3.5.2.3.2
U4564,182,FUSE1,64416.1,64416.1,68944.2,4528.1,4528.1,1003.0,0.221506,1,p:1.1.4.1.2.1
U4565,182,FUSE1,64498.1,64498.1,68359.4,3861.3,3861.3,1003.0,0.259757,1,p:2.2.5.1.1.1
U4566,182,FUSE1,64532.1,64532.1,67533.0,3000.9,3000.9,1003.0,0.334233,1,p:1.3.1.1.2.1
U4567,182,FUSE2,64614.1,64614.1,69455.0,4840.9,4840.9,1035.4,0.213886,1,p:2.1.3.2.2.2
U4568,182,FUSE2,64648.1,64648.1,69575.8,4927.7,4927.7,1035.4,0.210118,1,p:1.2.4.2.1.2
U4569,182,FUSE2,64730.1,64730.1,67653.8,2923.7,2923.7,1035.4,0.35414,1,p:2.3.5.1.1.1
U4570,182,FUSE2,64764.1,64764.1,68633.4,3869.3,3869.3,1035.4,0.267594,1,p:1.1.1.2.3.2
U4571,182,FUSE2,64846.1,64846.1,70123.4,5277.3,5277.3,1035.4,0.196199,1,p:2.2.3.1.1.1
U4572,182,FUSE2,64880.1,64880.1,68006.6,3126.5,3126.5,1035.4,0.331169,1,p:1.3.1.1.1.1
U4573,182,FUSE2,64962.1,64962.1,69886.6,4924.5,4924.5,1035.4,0.210255,1,p:2.1.2.1.3.1
U5544,222,FUSE0,64996.1,64996.1,69102.2,4106.1,4106.1,941.0,0.229171,1,p:1.2.1.2.2.2
U5545,222,FUSE0,65078.1,65078.1,69297.0,4218.9,4218.9,941.0,0.223044,1,p:2.3.2.1.2.1
U5546,222,FUSE0,65112.1,65112.1,68870.2,3758.1,3758.1,941.0,0.250392,1,p:1.1.1.2.1.2
U5547,222,FUSE0,65194.1,65194.1,70002.6,4808.5,4808.5,941.0,0.195695,1,p:2.2.4.1.2.1
U5548,222,FUSE0,65228.1,65228.1,68122.6,2894.5,2894.5,941.0,0.325099,1,p:1.3.5.1.3.1
U5549,222,FUSE0,65310.1,65310.1,69807.8,4497.7,4497.7,941.0,0.209218,1,p:2.1.4.2.2.2
U5550,222,FUSE0,65344.1,65344.1,69339.0,3994.9,3994.9,941.0,0.23555,1,p:1.2.5.2.3.2
U5551,222,FUSE1,65426.1,65426.1,69223.0,3796.9,3796.9,1003.0,0.264163,1,p:2.3.4.2.1.2
U5552,222,FUSE1,65460.1,65460.1,70355.4,4895.3,4895.3,1003.0,0.20489,1,p:1.1.3.2.3.1
U5553,222,FUSE1,65542.1,65542.1,69691.8,4149.7,4149.7,1003.0,0.241704,1,p:2.2.1.2.3.2
U5554,222,FUSE1,65576.1,65576.1,69770.6,4194.5,4194.5,1003.0,0.239123,1,p:1.3.3.1.1.1
U5555,222,FUSE1,65658.1,65658.1,69417.8,3759.7,3759.7,1003.0,0.266777,1,p:2.1.1.1.1.1
U5556,222,FUSE1,65695.3,65695.3,70745.4,5050.1,5050.1,1003.0,0.19861,1,p:1.2.4.2.3.2
U5557,222,FUSE1,65774.1,65774.1,68712.2,2938.1,2938.1,1003.0,0.341377,1,p:2.3.5.1.1.1
U5558,222,FUSE1,65811.3,65811.3,70787.4,4976.1,4976.1,1003.0,0.201563,1,p:1.1.3.2.1.1
U5559,222,FUSE2,65893.3,65893.3,70044.6,4151.3,4151.3,1035.4,0.249416,1,p:2.2.1.2.3.2
U5560,222,FUSE2,65927.3,65927.3,70160.6,4233.3,4233.3,1035.4,0.244585,1,p:1.3.2.2.2.2
U5561,222,FUSE2,66009.3,66009.3,69649.8,3640.5,3640.5,1035.4,0.284411,1,p:2.1.5.1.2.1
U5562,222,FUSE2,66048.1,66048.1,71441.4,5393.3,5393.3,1035.4,0.191979,1,p:1.2.3.2.3.2
U5563,222,FUSE2,66125.3,66125.3,69065.0,2939.7,2939.7,1035.4,0.352213,1,p:2.3.5.1.1.1
U5564,222,FUSE2,66164.1,66164.1,71256.2,5092.1,5092.1,1035.4,0.203335,1,p:1.1.2.1.3.1
U5565,222,FUSE2,66264.9,66264.9,71209.4,4944.5,4944.5,1035.4,0.209404,1,p:2.2.4.2.2.2
U5566,222,FUSE2,66280.1,66280.1,70629.4,4349.3,4349.3,1035.4,0.238061,1,p:1.3.2.1.3.2
U5567,223,FUSE0,66380.9,66380.9,70861.4,4480.5,4480.5,941.0,0.210021,1,p:2.1.4.2.2.2
U5568,223,FUSE0,66419.7,66419.7,71673.4,5253.7,5253.7,941.0,0.179112,1,p:1.2.3.1.1.2
U5569,223,FUSE0,66496.9,66496.9,70281.4,3784.5,3784.5,941.0,0.248646,1,p:2.3.4.2.1.2
U5570,223,FUSE0,66535.7,66535.7,70239.4,3703.7,3703.7,941.0,0.25407,1,p:1.1.1.1.3.1
U5571,223,FUSE0,66617.7,66617.7,70513.4,3895.7,3895.7,941.0,0.241548,1,p:2.2.5.1.1.2
U5572,223,FUSE0,66651.7,66651.7,70903.4,4251.7,4251.7,941.0,0.221323,1,p:1.3.2.1.3.1
U5573,223,FUSE0,66733.7,66733.7,70496.6,3762.9,3762.9,941.0,0.250073,1,p:2.1.1.2.2.1
U5574,223,FUSE0,66772.5,66772.5,72137.4,5364.9,5364.9,941.0,0.175399,1,p:1.2.2.2.3.2
U5575,223,FUSE1,66849.7,66849.7,71093.4,4243.7,4243.7,1003.0,0.23635,1,p:2.3.3.2.3.2
U5576,223,FUSE1,66888.5,66888.5,71609.0,4720.5,4720.5,1003.0,0.212477,1,p:1.1.4.1.3.1
U5577,223,FUSE1,66970.5,66970.5,72314.6,5344.1,5344.1,1003.0,0.187684,1,p:2.2.3.1.3.1
U5578,223,FUSE1,67004.5,67004.5,69928.6,2924.1,2924.1,1003.0,0.343012,1,p:1.3.5.2.1.2
U5579,223,FUSE1,67086.5,67086.5,71905.4,4818.9,4818.9,1003.0,0.208139,1,p:2.1.3.2.2.2
U5580,223,FUSE1,67137.5,67137.5,71024.2,3886.7,3886.7,1003.0,0.25806,1,p:1.2.5.1.2.1
U5581,223,FUSE1,67202.5,67202.5,71377.0,4174.5,4174.5,1003.0,0.240268,1,p:2.3.2.1.2.1
U5582,223,FUSE1,67253.5,67253.5,71845.8,4592.3,4592.3,1003.0,0.218409,1,p:1.1.4.2.1.1
U5583,223,FUSE2,67332.3,67332.3,72551.4,5219.1,5219.1,1035.4,0.198387,1,p:2.2.3.2.1.1
U5584,223,FUSE2,67369.5,67369.5,70397.4,3027.9,3027.9,1035.4,0.341953,1,p:1.3.5.1.2.2
U5585,223,FUSE2,67448.3,67448.3,72485.4,5037.1,5037.1,1035.4,0.205555,1,p:2.1.2.2.3.2
U5586,223,FUSE2,67490.3,67490.3,72435.4,4945.1,4945.1,1035.4,0.209379,1,p:1.2.4.1.2.1
U5587,223,FUSE2,67564.3,67564.3,71729.8,4165.5,4165.5,1035.4,0.248566,1,p:2.3.2.1.2.1
U5588,223,FUSE2,67606.3,67606.3,71493.0,3886.7,3886.7,1035.4,0.266396,1,p:1.1.1.2.1.1
U5589,223,FUSE2,67685.1,67685.1,71557.4,3872.3,3872.3,1035.4,0.267386,1,p:2.2.5.2.2.2
U5590,223,FUSE2,67722.3,67722.3,70977.4,3255.1,3255.1,1035.4,0.318085,1,p:1.3.1.1.1.2
U3990,160,FUSE0,67801.1,67801.1,71325.4,3524.3,3524.3,941.0,0.267003,1,p:2.1.5.1.1.2
U3991,160,FUSE0,67843.1,67843.1,72021.4,4178.3,4178.3,941.0,0.225211,1,p:1.2.1.1.1.2
U3992,160,FUSE0,67917.1,67917.1,70671.4,2754.3,2754.3,941.0,0.341648,1,p:2.3.5.1.2.1
U3993,160,FUSE0,67959.1,67959.1,72788.2,4829.1,4829.1,941.0,0.19486,1,p:1.1.3.1.2.1
U3994,160,FUSE0,68037.9,68037.9,72198.6,4160.7,4160.7,941.0,0.226164,1,p:2.2.5.2.1.1
U3995,160,FUSE0,68075.1,68075.1,71140.2,3065.1,3065.1,941.0,0.307005,1,p:1.3.1.2.1.1
U3996,160,FUSE0,68153.9,68153.9,71961.8,3807.9,3807.9,941.0,0.247118,1,p:2.1.5.1.3.1
U3997,160,FUSE0,68195.9,68195.9,72949.4,4753.5,4753.5,941.0,0.197959,1,p:1.2.4.2.2.2
U3998,160,FUSE1,68269.9,68269.9,72082.6,3812.7,3812.7,1003.0,0.263068,1,p:2.3.4.1.2.1
U3999,160,FUSE1,68311.9,68311.9,72833.4,4521.5,4521.5,1003.0,0.221829,1,p:1.1.4.2.3.2
U4000,160,FUSE1,68390.7,68390.7,72667.4,4276.7,4276.7,1003.0,0.234527,1,p:2.2.1.1.3.1
U4001,160,FUSE1,68427.9,68427.9,72717.4,4289.5,4289.5,1003.0,0.233827,1,p:1.3.2.1.1.2
U4002,160,FUSE1,68506.7,68506.7,72253.4,3746.7,3746.7,1003.0,0.267702,1,p:2.1.1.2.2.2
U4003,160,FUSE1,68548.7,68548.7,72601.4,4052.7,4052.7,1003.0,0.247489,1,p:1.2.5.2.2.2
U4004,160,FUSE1,68622.7,68622.7,71789.4,3166.7,3166.7,1003.0,0.316734,1,p:2.3.1.2.3.2
U4005,160,FUSE2,68664.7,68664.7,73767.8,5103.1,5103.1,1035.4,0.202896,1,p:1.1.3.1.1.2
U4006,160,FUSE2,68743.5,68743.5,73020.2,4276.7,4276.7,1035.4,0.242103,1,p:2.2.1.1.3.1
U4007,160,FUSE2,68780.7,68780.7,73141.0,4360.3,4360.3,1035.4,0.237461,1,p:1.3.3.1.2.1
U4008,160,FUSE2,68859.5,68859.5,73299.0,4439.5,4439.5,1035.4,0.233224,1,p:2.1.4.2.2.2
U4009,160,FUSE2,68901.5,68901.5,74431.4,5529.9,5529.9,1035.4,0.187237,1,p:1.2.3.2.3.1
U4010,160,FUSE2,68975.5,68975.5,73065.4,4089.9,4089.9,1035.4,0.25316,1,p:2.3.2.1.1.2
U4011,160,FUSE2,69017.5,69017.5,73609.8,4592.3,4592.3,1035.4,0.225464,1,p:1.1.2.2.1.1
U4012,160,FUSE2,69096.3,69096.3,73962.6,4866.3,4866.3,1035.4,0.212769,1,p:2.2.4.2.1.1
U6406,256,FUSE0,69133.5,69133.5,73531.0,4397.5,4397.5,941.0,0.213985,1,p:1.3.3.2.3.2
U6407,256,FUSE0,69212.3,69212.3,72904.2,3691.9,3691.9,941.0,0.254882,1,p:2.1.5.2.1.1
U6408,256,FUSE0,69254.3,69254.3,73415.0,4160.7,4160.7,941.0,0.226164,1,p:1.2.1.1.1.2
U6409,256,FUSE0,69328.3,69328.3,72369.4,3041.1,3041.1,941.0,0.309428,1,p:2.3.5.1.1.2
U6410,256,FUSE0,69370.3,69370.3,73181.4,3811.1,3811.1,941.0,0.24691,1,p:1.1.1.2.3.2
U6411,256,FUSE0,69449.1,69449.1,73493.8,4044.7,4044.7,941.0,0.23265,1,p:2.2.5.1.2.1
U6412,256,FUSE0,69486.3,69486.3,73373.0,3886.7,3886.7,941.0,0.242108,1,p:1.3.2.1.3.1
U6413,256,FUSE0,69565.1,69565.1,74549.0,4983.9,4983.9,941.0,0.188808,1,p:2.1.3.2.2.1
U6414,256,FUSE1,69607.1,69607.1,74470.2,4863.1,4863.1,1003.0,0.206247,1,p:1.2.2.1.1.2
U6415,256,FUSE1,69681.1,69681.1,74004.6,4323.5,4323.5,1003.0,0.231988,1,p:2.3.3.2.2.2
U6416,256,FUSE1,69723.1,69723.1,74236.6,4513.5,4513.5,1003.0,0.222222,1,p:1.1.4.1.3.2
U6417,256,FUSE1,69801.9,69801.9,75290.4,5488.5,5488.5,1003.0,0.182746,1,p:2.2.3.2.2.1
U6418,256,FUSE1,69839.1,69839.1,73725.8,3886.7,3886.7,1003.0,0.25806,1,p:1.3.4.1.3.1
U6419,256,FUSE1,69917.9,69917.9,73651.8,3733.9,3733.9,1003.0,0.26862,1,p:2.1.1.2.2.2
U6420,256,FUSE1,69959.9,69959.9,74078.6,4118.7,4118.7,1003.0,0.243523,1,p:1.2.5.1.3.1
U6421,256,FUSE1,70033.9,70033.9,73883.8,3849.9,3849.9,1003.0,0.260526,1,p:2.1.5.2.3.2
U6422,256,FUSE2,70075.9,70075.9,75095.6,5019.7,5019.7,1035.4,0.206267,1,p:1.2.2.1.2.2
E057,353,FUSE0,70154.7,70154.7,73846.6,3691.9,3691.9,941.0,0.254882,1,p:2.3.2.1.2.1
E058,353,FUSE0,70191.9,70191.9,74793.4,4601.5,4601.5,941.0,0.204499,1,p:1.1.2.2.3.1
E059,353,FUSE0,70270.7,70270.7,75174.4,4903.7,4903.7,941.0,0.191896,1,p:2.2.4.2.3.1
E060,353,FUSE0,70312.7,70312.7,73257.0,2944.3,2944.3,941.0,0.319601,1,p:1.3.5.2.1.1
E061,353,FUSE0,70386.7,70386.7,75569.2,5182.5,5182.5,941.0,0.181573,1,p:2.1.3.1.1.2
E062,353,FUSE1,70428.7,70428.7,75411.2,4982.5,4982.5,1003.0,0.201305,1,p:1.2.2.2.1.1
E063,353,FUSE1,70527.9,70527.9,74315.4,3787.5,3787.5,1003.0,0.264818,1,p:2.1.5.2.1.1
E064,353,FUSE1,70544.7,70544.7,74199.4,3654.7,3654.7,1003.0,0.274441,1,p:1.3.2.2.2.1
E065,353,FUSE1,70660.7,70660.7,74703.8,4043.1,4043.1,1003.0,0.248077,1,p:2.2.5.1.2.2
E066,353,FUSE1,70702.7,70702.7,74586.2,3883.5,3883.5,1003.0,0.258272,1,p:1.1.1.1.3.2
E067,353,FUSE2,70776.7,70776.7,75922.0,5145.3,5145.3,1035.4,0.201232,1,p:2.2.4.1.1.2
E068,353,FUSE2,70818.7,70818.7,75058.4,4239.7,4239.7,1035.4,0.244215,1,p:1.3.3.2.1.1
E069,353,FUSE2,70892.7,70892.7,76232.8,5340.1,5340.1,1035.4,0.193892,1,p:2.1.3.2.3.1
E070,353,FUSE2,70934.7,70934.7,75216.4,4281.7,4281.7,1035.4,0.24182,1,p:1.2.1.1.1.2
E071,353,FUSE2,71008.7,71008.7,74677.4,3668.7,3668.7,1035.4,0.282225,1,p:2.3.4.2.1.1
U6423,256,FUSE2,71055.5,71055.5,75685.2,4629.7,4629.7,1035.4,0.223643,1,p:1.1.2.1.3.2
U6424,256,FUSE2,71124.7,71124.7,75332.4,4207.7,4207.7,1035.4,0.246073,1,p:2.2.5.1.3.2
U6425,256,FUSE2,71171.5,71171.5,74120.6,2949.1,2949.1,1035.4,0.35109,1,p:1.3.1.1.1.2
U6426,256,FUSE2,71240.7,71240.7,76506.8,5266.1,5266.1,1035.4,0.196616,1,p:2.1.3.1.2.2
U6427,256,FUSE2,71287.5,71287.5,76469.6,5182.1,5182.1,1035.4,0.199803,1,p:1.2.4.2.1.1
U6428,256,FUSE2,71356.7,71356.7,74979.6,3622.9,3622.9,1035.4,0.285793,1,p:2.3.4.1.3.2
U6166,247,FUSE0,71408.3,71408.3,76038.0,4629.7,4629.7,941.0,0.203253,1,p:1.1.4.1.3.2
U6167,247,FUSE0,71472.7,71472.7,75764.0,4291.3,4291.3,941.0,0.219281,1,p:2.2.1.2.1.1
U6168,247,FUSE0,71524.3,71524.3,74354.2,2829.9,2829.9,941.0,0.332521,1,p:1.3.1.1.2.2
U6169,247,FUSE0,71588.7,71588.7,75527.2,3938.5,3938.5,941.0,0.238923,1,p:2.1.1.2.3.1
U6170,247,FUSE0,71640.3,71640.3,76585.6,4945.3,4945.3,941.0,0.190282,1,p:1.2.2.2.3.1
U6171,247,FUSE0,71704.7,71704.7,75801.2,4096.5,4096.5,941.0,0.229708,1,p:2.3.3.1.2.2
U6172,247,FUSE0,71761.1,71761.1,75643.2,3882.1,3882.1,941.0,0.242395,1,p:1.1.5.2.2.1
U6173,247,FUSE0,71820.7,71820.7,77407.2,5586.5,5586.5,941.0,0.168442,1,p:2.2.3.2.2.1
U6174,247,FUSE0,71877.1,71877.1,75448.4,3571.3,3571.3,941.0,0.263489,1,p:1.3.4.1.2.2
U6175,247,FUSE1,71936.7,71936.7,76701.6,4764.9,4764.9,1003.0,0.210498,1,p:2.1.4.2.2.1
U6176,247,FUSE1,71993.1,71993.1,77054.4,5061.3,5061.3,1003.0,0.19817,1,p:1.2.4.2.2.1
U6177,247,FUSE1,72052.7,72052.7,74909.4,2856.7,2856.7,1003.0,0.351104,1,p:2.3.1.2.2.1
U6178,247,FUSE1,72113.9,72113.9,76154.0,4040.1,4040.1,1003.0,0.248261,1,p:1.1.1.1.2.2
U6179,247,FUSE1,72168.7,72168.7,77175.2,5006.5,5006.5,1003.0,0.20034,1,p:2.2.2.2.1.1
U6180,247,FUSE1,72229.9,72229.9,74863.6,2633.7,2633.7,1003.0,0.380833,1,p:1.3.5.1.1.2
U6181,247,FUSE1,72284.7,72284.7,76116.8,3832.1,3832.1,1003.0,0.261736,1,p:2.1.5.2.1.1
U6182,247,FUSE1,72345.9,72345.9,76627.6,4281.7,4281.7,1003.0,0.234253,1,p:1.2.1.1.1.2
U6183,247,FUSE1,72400.7,72400.7,75996.0,3595.3,3595.3,1003.0,0.278975,1,p:2.3.2.2.2.1
U6184,247,FUSE2,72466.7,72466.7,77686.0,5219.3,5219.3,1035.4,0.198379,1,p:1.1.3.1.1.2
U6185,247,FUSE2,72516.7,72516.7,76743.6,4226.9,4226.9,1035.4,0.244955,1,p:2.2.5.1.3.2
U6186,247,FUSE2,72582.7,72582.7,76822.4,4239.7,4239.7,1035.4,0.244215,1,p:1.3.3.2.1.1
U6187,247,FUSE2,72632.7,72632.7,77333.2,4700.5,4700.5,1035.4,0.220274,1,p:2.1.4.1.1.2
U6188,247,FUSE2,72698.7,72698.7,78349.6,5650.9,5650.9,1035.4,0.183227,1,p:1.2.3.2.3.1
U6189,247,FUSE2,72748.7,72748.7,76274.8,3526.1,3526.1,1035.4,0.293639,1,p:2.3.2.1.1.2
U6190,247,FUSE2,72819.5,72819.5,77449.2,4629.7,4629.7,1035.4,0.223643,1,p:1.1.2.1.3.2
U6191,247,FUSE2,72864.7,72864.7,77291.2,4426.5,4426.5,1035.4,0.233909,1,p:2.2.1.2.3.1
U6192,247,FUSE2,72935.5,72935.5,77096.4,4160.9,4160.9,1035.4,0.24884,1,p:1.3.3.1.3.2
U6193,247,FUSE2,72980.7,72980.7,77644.0,4663.3,4663.3,1035.4,0.222032,1,p:2.1.4.2.3.1
U5846,234,FUSE0,73051.5,73051.5,77212.4,4160.9,4160.9,941.0,0.226153,1,p:1.2.5.1.2.2
U5847,234,FUSE0,73096.7,73096.7,75880.0,2783.3,2783.3,941.0,0.338088,1,p:2.3.5.2.3.1
U5848,234,FUSE0,73172.3,73172.3,76938.4,3766.1,3766.1,941.0,0.249861,1,p:1.1.5.2.3.1
U5849,234,FUSE0,73212.7,73212.7,78233.6,5020.9,5020.9,941.0,0.187417,1,p:2.2.4.2.1.1
U5850,234,FUSE0,73288.3,73288.3,76859.6,3571.3,3571.3,941.0,0.263489,1,p:1.3.2.1.2.2
U5851,234,FUSE0,73330.3,73330.3,78586.4,5256.1,5256.1,941.0,0.17903,1,p:2.1.3.2.1.1
U5852,234,FUSE0,73404.3,73404.3,77802.0,4397.7,4397.7,941.0,0.213975,1,p:1.2.1.1.3.2
U5853,234,FUSE0,73446.3,73446.3,76348.8,2902.5,2902.5,941.0,0.324203,1,p:2.3.1.2.2.1
U5854,234,FUSE0,73525.1,73525.1,77565.2,4040.1,4040.1,941.0,0.232915,1,p:1.1.1.1.2.2
U5855,234,FUSE1,73562.3,73562.3,79097.2,5534.9,5534.9,1003.0,0.181214,1,p:2.2.3.1.1.2
U5856,234,FUSE1,73641.1,73641.1,76390.8,2749.7,2749.7,1003.0,0.364767,1,p:1.3.5.1.3.2
U5857,234,FUSE1,73683.1,73683.1,77528.0,3844.9,3844.9,1003.0,0.260865,1,p:2.1.5.2.1.1
U5858,234,FUSE1,73757.1,73757.1,78702.4,4945.3,4945.3,1003.0,0.202819,1,p:1.2.2.2.3.1
U5859,234,FUSE1,73799.1,73799.1,77996.8,4197.7,4197.7,1003.0,0.23894,1,p:2.3.3.2.3.1
U5860,234,FUSE1,73877.9,73877.9,78507.6,4629.7,4629.7,1003.0,0.216645,1,p:1.1.4.1.3.2
U5861,234,FUSE1,73915.1,73915.1,78038.8,4123.7,4123.7,1003.0,0.243228,1,p:2.2.5.1.1.2
U5862,234,FUSE1,73993.9,73993.9,76980.4,2986.5,2986.5,1003.0,0.335845,1,p:1.3.1.1.1.2
U5863,234,FUSE1,74035.9,74035.9,78112.8,4076.9,4076.9,1003.0,0.24602,1,p:2.1.1.2.2.1
U5864,234,FUSE2,74109.9,74109.9,79171.2,5061.3,5061.3,1035.4,0.204572,1,p:1.2.4.2.2.1
U5865,234,FUSE2,74151.9,74151.9,77880.8,3728.9,3728.9,1035.4,0.277669,1,p:2.3.2.2.1.1
U5866,234,FUSE2,74230.7,74230.7,79450.0,5219.3,5219.3,1035.4,0.198379,1,p:1.1.3.1.1.2
U5867,234,FUSE2,74267.9,74267.9,78744.4,4476.5,4476.5,1035.4,0.231297,1,p:2.2.1.1.1.2
U5868,234,FUSE2,74346.7,74346.7,77918.0,3571.3,3571.3,1035.4,0.289922,1,p:1.3.4.1.2.2
U5869,234,FUSE2,74385.5,74385.5,79055.2,4669.7,4669.7,1035.4,0.221727,1,p:2.1.2.2.3.1
U5870,234,FUSE2,74462.7,74462.7,78623.6,4160.9,4160.9,1035.4,0.24884,1,p:1.2.5.1.2.2
U5871,234,FUSE2,74501.5,74501.5,78154.8,3653.3,3653.3,1035.4,0.283415,1,p:2.3.2.1.3.2
U3816,153,FUSE0,74580.3,74580.3,78270.8,3690.5,3690.5,941.0,0.254979,1,p:1.1.5.1.2.2
U3817,153,FUSE0,74617.5,74617.5,79682.0,5064.5,5064.5,941.0,0.185803,1,p:2.2.4.1.2.2
U3818,153,FUSE0,74708.7,74708.7,78818.4,4109.7,4109.7,941.0,0.22897,1,p:1.3.3.2.2.1
U3819,153,FUSE0,74735.1,74735.1,79408.0,4672.9,4672.9,941.0,0.201374,1,p:2.1.4.2.3.1
U3820,153,FUSE0,74824.7,74824.7,80350.4,5525.7,5525.7,941.0,0.170295,1,p:1.2.3.2.1.1
U3821,153,FUSE0,74894.9,74894.9,78465.6,3570.7,3570.7,941.0,0.263534,1,p:2.3.2.2.2.1
U3822,153,FUSE0,74940.7,74940.7,78976.4,4035.7,4035.7,941.0,0.233169,1,p:1.1.1.1.2.2
U3823,153,FUSE0,75010.9,75010.9,79876.8,4865.9,4865.9,941.0,0.193387,1,p:2.2.2.2.2.1
U3824,153,FUSE0,75089.7,75089.7,77760.0,2670.3,2670.3,941.0,0.352395,1,p:1.3.5.2.2.1
U3825,153,FUSE1,75126.9,75126.9,78939.2,3812.3,3812.3,1003.0,0.263096,1,p:2.1.5.2.1.1
U3826,153,FUSE1,75205.7,75205.7,79524.0,4318.3,4318.3,1003.0,0.232267,1,p:1.2.1.2.2.1
U3827,153,FUSE1,75247.7,75247.7,78860.4,3612.7,3612.7,1003.0,0.277632,1,p:2.3.4.1.3.2
U3828,153,FUSE1,75321.7,75321.7,79997.6,4675.9,4675.9,1003.0,0.214504,1,p:1.1.4.2.1.1
U3829,153,FUSE1,75363.7,75363.7,81048.5231,5684.8231,5684.8231,1003.0,0.176435,1,p:2.2.3.2.2.1
U3830,153,FUSE1,75442.5,75442.5,78391.6,2949.1,2949.1,1003.0,0.340104,1,p:1.3.1.1.1.2
U3831,153,FUSE1,75479.7,75479.7,79292.0,3812.3,3812.3,1003.0,0.263096,1,p:2.1.5.2.1.1
U3832,153,FUSE1,75558.5,75558.5,80387.6,4829.1,4829.1,1003.0,0.207699,1,p:1.2.2.1.2.2
U3833,153,FUSE1,75600.5,75600.5,79760.8,4160.3,4160.3,1003.0,0.241088,1,p:2.3.3.2.3.1
U3834,153,FUSE2,75674.5,75674.5,80271.6,4597.1,4597.1,1035.4,0.225229,1,p:1.1.4.1.3.2
U3835,153,FUSE2,75716.5,75716.5,79918.8,4202.3,4202.3,1035.4,0.246389,1,p:2.2.5.1.3.2
U3836,153,FUSE2,75795.3,75795.3,79329.2,3533.9,3533.9,1035.4,0.292991,1,p:1.3.2.1.2.2
U3837,153,FUSE2,75832.5,75832.5,79802.8,3970.3,3970.3,1035.4,0.260786,1,p:2.1.1.1.1.2
U3838,153,FUSE2,75911.3,75911.3,80977.2,5065.9,5065.9,1035.4,0.204386,1,p:1.2.4.1.3.2
U3839,153,FUSE2,75953.3,75953.3,80113.6,4160.3,4160.3,1035.4,0.248876,1,p:2.3.3.2.3.1
U3840,153,FUSE2,76027.3,76027.3,81243.0,5215.7,5215.7,1035.4,0.198516,1,p:1.1.3.2.1.2
U3841,153,FUSE2,76069.3,76069.3,80229.6,4160.3,4160.3,1035.4,0.248876,1,p:2.2.5.2.2.1
U251,11,FUSE0,76148.1,76148.1,79644.8,3496.7,3496.7,941.0,0.269111,1,p:1.3.2.2.1.1
U252,11,FUSE0,76185.3,76185.3,80816.5231,4631.2231,4631.2231,941.0,0.203186,1,p:2.1.2.2.1.1
U253,11,FUSE0,76264.1,76264.1,81396.5231,5132.4231,5132.4231,941.0,0.183344,1,p:1.2.2.2.2.1
U254,11,FUSE0,76306.1,76306.1,79213.2,2907.1,2907.1,941.0,0.32369,1,p:2.3.1.1.3.2
U255,11,FUSE0,76380.1,76380.1,80861.2,4481.1,4481.1,941.0,0.209993,1,p:1.1.2.1.1.2
U256,11,FUSE0,76422.1,76422.1,80740.4,4318.3,4318.3,941.0,0.21791,1,p:2.2.1.1.2.2
U257,11,FUSE0,76500.9,76500.9,80582.4,4081.5,4081.5,941.0,0.230552,1,p:1.3.3.2.2.1
U258,11,FUSE0,76538.1,76538.1,81280.5231,4742.4231,4742.4231,941.0,0.198422,1,p:2.1.4.1.3.1
U259,11,FUSE0,76616.9,76616.9,82055.0,5438.1,5438.1,941.0,0.173038,1,p:1.2.3.2.3.2
U260,11,FUSE0,76658.9,76658.9,80034.8,3375.9,3375.9,941.0,0.27874,1,p:2.3.2.1.2.2
U261,11,FUSE1,76732.9,76732.9,80508.4,3775.5,3775.5,1003.0,0.26566,1,p:1.1.5.1.1.2
U262,11,FUSE1,76774.9,76774.9,81823.0,5048.1,5048.1,1003.0,0.198689,1,p:2.2.4.1.1.2
U263,11,FUSE1,76853.7,76853.7,79566.0,2712.3,2712.3,1003.0,0.369797,1,p:1.3.5.1.3.2
U264,11,FUSE1,76890.9,76890.9,81475.0,4584.1,4584.1,1003.0,0.2188,1,p:2.1.2.1.1.2
U265,11,FUSE1,76969.7,76969.7,81512.5231,4542.8231,4542.8231,1003.0,0.220788,1,p:1.2.1.1.2.1
U266,11,FUSE1,77011.7,77011.7,80624.4,3612.7,3612.7,1003.0,0.277632,1,p:2.3.4.1.3.2
U267,11,FUSE1,77085.7,77085.7,80932.5231,3846.8231,3846.8231,1003.0,0.260735,1,p:1.1.5.2.3.1
U268,11,FUSE1,77127.7,77127.7,81939.0,4811.3,4811.3,1003.0,0.208468,1,p:2.2.2.2.2.2
U269,11,FUSE1,77206.5,77206.5,80155.6,2949.1,2949.1,1003.0,0.340104,1,p:1.3.1.1.1.2
U270,11,FUSE1,77243.7,77243.7,82526.6,5282.9,5282.9,1003.0,0.189858,1,p:2.1.3.1.1.2
U271,11,FUSE2,77322.5,77322.5,81628.5231,4306.0231,4306.0231,1035.4,0.240454,1,p:1.2.5.1.3.1
U272,11,FUSE2,77364.5,77364.5,81744.5231,4380.0231,4380.0231,1035.4,0.236391,1,p:2.3.3.2.1.1
U273,11,FUSE2,77438.5,77438.5,82171.0,4732.5,4732.5,1035.4,0.218785,1,p:1.1.4.1.1.2
U274,11,FUSE2,77480.5,77480.5,83128.4,5647.9,5647.9,1035.4,0.183325,1,p:2.2.3.1.1.2
U275,11,FUSE2,77559.3,77559.3,80466.4,2907.1,2907.1,1035.4,0.356162,1,p:1.3.1.2.3.1
U276,11,FUSE2,77596.5,77596.5,81591.0,3994.5,3994.5,1035.4,0.259206,1,p:2.1.1.2.2.2
U277,11,FUSE2,77675.3,77675.3,82642.6,4967.3,4967.3,1035.4,0.208443,1,p:1.2.2.2.2.2
U278,11,FUSE2,77717.3,77717.3,82208.5231,4491.2231,4491.2231,1035.4,0.230539,1,p:2.3.3.1.2.1
U279,11,FUSE2,77791.3,77791.3,82440.5231,4649.2231,4649.2231,1035.4,0.222704,1,p:1.1.4.2.1.1
U1151,47,FUSE0,77833.3,77833.3,82092.5231,4259.2231,4259.2231,941.0,0.220932,1,p:2.2.5.2.1.1
U1152,47,FUSE0,77912.1,77912.1,81359.0,3446.9,3446.9,941.0,0.272999,1,p:1.3.4.2.3.2
U1153,47,FUSE0,77949.3,77949.3,81707.0,3757.7,3757.7,941.0,0.250419,1,p:2.1.5.2.3.2
U1154,47,FUSE0,78028.1,78028.1,83020.5231,4992.4231,4992.4231,941.0,0.188486,1,p:1.2.4.2.2.1
U1155,47,FUSE0,78070.1,78070.1,81093.2,3023.1,3023.1,941.0,0.31127,1,p:2.3.1.2.1.2
U1156,47,FUSE0,78144.1,78144.1,83406.4,5262.3,5262.3,941.0,0.178819,1,p:1.1.3.2.2.1
U1157,47,FUSE0,78186.1,78186.1,83875.2,5689.1,5689.1,941.0,0.165404,1,p:2.2.3.2.3.1
U1158,47,FUSE0,78264.9,78264.9,81860.5231,3595.6231,3595.6231,941.0,0.261707,1,p:1.3.2.1.2.1
U1159,47,FUSE1,78302.1,78302.1,83012.4,4710.3,4710.3,1003.0,0.212938,1,p:2.1.2.1.3.2
U1160,47,FUSE1,78380.9,78380.9,83360.4,4979.5,4979.5,1003.0,0.201426,1,p:1.2.4.1.3.2
U1161,47,FUSE1,78422.9,78422.9,81164.5231,2741.6231,2741.6231,1003.0,0.365842,1,p:2.3.5.1.2.1
U1162,47,FUSE1,78496.9,78496.9,83290.4,4793.5,4793.5,1003.0,0.209242,1,p:1.1.2.2.1.1
U1163,47,FUSE1,78538.9,78538.9,82904.5231,4365.6231,4365.6231,1003.0,0.22975,1,p:2.2.1.1.2.1
U1164,47,FUSE1,78617.7,78617.7,82788.5231,4170.8231,4170.8231,1003.0,0.24048,1,p:1.3.3.2.1.1
U1165,47,FUSE1,78654.9,78654.9,82287.0,3632.1,3632.1,1003.0,0.276149,1,p:2.1.5.2.2.2
U1166,47,FUSE1,78733.7,78733.7,84464.8,5731.1,5731.1,1003.0,0.17501,1,p:1.2.3.2.2.1
U1167,47,FUSE2,78775.7,78775.7,82556.5231,3780.8231,3780.8231,1035.4,0.273856,1,p:2.3.2.1.2.1
U1168,47,FUSE2,78849.7,78849.7,82672.5231,3822.8231,3822.8231,1035.4,0.270847,1,p:1.1.5.1.3.1
U1169,47,FUSE2,78891.7,78891.7,83940.4,5048.7,5048.7,1035.4,0.205082,1,p:2.2.2.1.2.2
U1170,47,FUSE2,78970.5,78970.5,81976.5231,3006.0231,3006.0231,1035.4,0.344442,1,p:1.3.1.1.3.1
U1171,47,FUSE2,79007.7,79007.7,83708.4,4700.7,4700.7,1035.4,0.220265,1,p:2.1.4.1.3.2
U1172,47,FUSE2,79086.5,79086.5,83522.4,4435.9,4435.9,1035.4,0.233414,1,p:1.2.1.2.3.1
U1173,47,FUSE2,79128.5,79128.5,82780.4,3651.9,3651.9,1035.4,0.283524,1,p:2.3.4.1.3.2
U1174,47,FUSE2,79202.5,79202.5,82896.4,3693.9,3693.9,1035.4,0.2803,1,p:1.1.5.2.1.2
U4866,195,FUSE0,79244.5,79244.5,84984.4,5739.9,5739.9,941.0,0.16394,1,p:2.2.3.1.2.2
U4867,195,FUSE0,79323.3,79323.3,82324.5231,3001.2231,3001.2231,941.0,0.313539,1,p:1.3.1.1.3.1
U4868,195,FUSE0,79360.5,79360.5,84701.6,5341.1,5341.1,941.0,0.176181,1,p:2.1.3.2.1.1
U4869,195,FUSE0,79439.3,79439.3,83476.4,4037.1,4037.1,941.0,0.233088,1,p:1.2.5.1.1.2
U4870,195,FUSE0,79481.3,79481.3,83643.2,4161.9,4161.9,941.0,0.226099,1,p:2.3.3.2.1.1
U4871,195,FUSE0,79555.3,79555.3,84228.0,4672.7,4672.7,941.0,0.201382,1,p:1.1.2.2.3.1
U4872,195,FUSE0,79597.3,79597.3,85216.4,5619.1,5619.1,941.0,0.167465,1,p:2.2.3.1.1.2
U4873,195,FUSE1,79676.1,79676.1,82403.0,2726.9,2726.9,1003.0,0.367817,1,p:1.3.1.2.3.2
U4874,195,FUSE1,79713.3,79713.3,84520.4,4807.1,4807.1,1003.0,0.20865,1,p:2.1.2.1.1.2
U4875,195,FUSE1,79792.1,79792.1,84817.6,5025.5,5025.5,1003.0,0.199582,1,p:1.2.2.2.2.1
U4876,195,FUSE1,79834.1,79834.1,84172.4,4338.3,4338.3,1003.0,0.231197,1,p:2.3.3.1.1.2
U4877,195,FUSE1,79908.1,79908.1,84636.4,4728.3,4728.3,1003.0,0.212127,1,p:1.1.4.1.2.2
U4878,195,FUSE1,79950.1,79950.1,84056.4,4106.3,4106.3,1003.0,0.244259,1,p:2.2.5.1.3.2
U4879,195,FUSE1,80028.9,80028.9,83592.4,3563.5,3563.5,1003.0,0.281465,1,p:1.3.2.1.2.2
U4880,195,FUSE2,80066.1,80066.1,84112.0,4045.9,4045.9,1035.4,0.255913,1,p:2.1.1.2.2.1
U4881,195,FUSE2,80144.9,80144.9,85332.4,5187.5,5187.5,1035.4,0.199595,1,p:1.2.4.1.2.2
U4882,195,FUSE2,80186.9,80186.9,83150.0,2963.1,2963.1,1035.4,0.349431,1,p:2.3.1.2.3.1
U4883,195,FUSE2,80260.9,80260.9,85565.2,5304.3,5304.3,1035.4,0.1952,1,p:1.1.3.1.1.2
U4884,195,FUSE2,80302.9,80302.9,84752.4,4449.5,4449.5,1035.4,0.2327,1,p:2.2.1.1.3.2
U4885,195,FUSE2,80381.7,80381.7,83996.0,3614.3,3614.3,1035.4,0.286473,1,p:1.3.4.2.1.1
U4752,190,FUSE0,80418.9,80418.9,84404.4,3985.5,3985.5,941.0,0.236106,1,p:2.1.1.1.3.2
U4753,190,FUSE0,80497.7,80497.7,84580.8,4083.1,4083.1,941.0,0.230462,1,p:1.2.5.2.3.1
U4754,190,FUSE0,80539.7,80539.7,83244.4,2704.7,2704.7,941.0,0.347913,1,p:2.3.5.1.2.2
U4755,190,FUSE0,80613.7,80613.7,84348.8,3735.1,3735.1,941.0,0.251934,1,p:1.1.5.2.1.1
U4756,190,FUSE0,80655.7,80655.7,85054.4,4398.7,4398.7,941.0,0.213927,1,p:2.2.1.2.1.1
U4757,190,FUSE0,80771.7,80771.7,85523.2,4751.5,4751.5,941.0,0.198043,1,p:1.1.4.2.2.1
U4758,190,FUSE0,80847.8231,80847.8231,85170.4,4322.5769,4322.5769,941.0,0.217694,1,p:2.2.1.2.2.1
U4759,190,FUSE0,80892.5,80892.5,84288.4,3395.9,3395.9,941.0,0.277099,1,p:1.3.4.1.2.2
U4760,190,FUSE1,80963.8231,80963.8231,85681.2,4717.3769,4717.3769,1003.0,0.212618,1,p:2.1.2.1.2.2
U4761,190,FUSE1,81008.5,81008.5,86034.0,5025.5,5025.5,1003.0,0.199582,1,p:1.2.4.1.2.2
U4762,190,FUSE1,81079.8231,81079.8231,83824.4,2744.5769,2744.5769,1003.0,0.365448,1,p:2.3.1.1.1.2
U4763,190,FUSE1,81124.5,81124.5,84868.4,3743.9,3743.9,1003.0,0.267902,1,p:1.1.5.1.1.2
U4764,190,FUSE1,81195.8231,81195.8231,86813.6,5617.7769,5617.7769,1003.0,0.17854,1,p:2.2.3.1.2.1
U4765,190,FUSE1,81274.3,81274.3,83759.2,2484.9,2484.9,1003.0,0.403638,1,p:1.3.5.2.2.1
U4766,190,FUSE1,81311.8231,81311.8231,85992.0,4680.1769,4680.1769,1003.0,0.214308,1,p:2.1.2.2.3.1
U4767,190,FUSE1,81390.3,81390.3,85448.4,4058.1,4058.1,1003.0,0.24716,1,p:1.2.5.1.3.2
U4768,190,FUSE2,81427.8231,81427.8231,84933.6,3505.7769,3505.7769,1035.4,0.295341,1,p:2.3.4.2.3.1
U4769,190,FUSE2,81506.3,81506.3,85639.2,4132.9,4132.9,1035.4,0.250526,1,p:1.1.1.2.3.1
U4770,190,FUSE2,81543.8231,81543.8231,86623.6,5079.7769,5079.7769,1035.4,0.203828,1,p:2.2.2.1.1.2
U4771,190,FUSE2,81622.3,81622.3,85100.4,3478.1,3478.1,1035.4,0.297691,1,p:1.3.2.1.3.2
U4772,190,FUSE2,81659.8231,81659.8231,86344.8,4684.9769,4684.9769,1035.4,0.221004,1,p:2.1.4.2.3.1
U4773,190,FUSE2,81738.3,81738.3,86228.8,4490.5,4490.5,1035.4,0.230576,1,p:1.2.1.2.2.1
U4774,190,FUSE2,81775.8231,81775.8231,85876.0,4100.1769,4100.1769,1035.4,0.252526,1,p:2.3.3.2.2.1
U4775,190,FUSE2,81854.3,81854.3,87030.4,5176.1,5176.1,1035.4,0.200035,1,p:1.1.3.2.3.2
U4776,190,FUSE2,81891.8231,81891.8231,86914.4,5022.5769,5022.5769,1035.4,0.206149,1,p:2.2.4.2.2.2
U4216,169,FUSE0,81970.3,81970.3,85407.2,3436.9,3436.9,941.0,0.273793,1,p:1.3.2.2.1.1
U4217,169,FUSE0,82007.8231,82007.8231,86581.6,4573.7769,4573.7769,941.0,0.205738,1,p:2.1.4.2.2.1
U4218,169,FUSE0,82086.3,82086.3,86502.8,4416.5,4416.5,941.0,0.213065,1,p:1.2.1.1.3.2
U4219,169,FUSE0,82123.8231,82123.8231,86112.8,3988.9769,3988.9769,941.0,0.2359,1,p:2.3.3.2.1.1
U4220,169,FUSE0,82202.3,82202.3,86929.6,4727.3,4727.3,941.0,0.199057,1,p:1.1.2.1.3.1
U4221,169,FUSE0,82239.8231,82239.8231,86386.8,4146.9769,4146.9769,941.0,0.226912,1,p:2.2.5.1.2.2
U4222,169,FUSE0,82318.3,82318.3,85760.0,3441.7,3441.7,941.0,0.273411,1,p:1.3.4.2.1.1
U4223,169,FUSE0,82355.8231,82355.8231,87150.4,4794.5769,4794.5769,941.0,0.196263,1,p:2.1.2.1.3.2
U4224,169,FUSE0,82434.3,82434.3,87869.6,5435.3,5435.3,941.0,0.173128,1,p:1.2.3.1.3.1
U4225,169,FUSE1,82471.8231,82471.8231,86465.6,3993.7769,3993.7769,1003.0,0.251141,1,p:2.3.3.2.1.1
U4226,169,FUSE1,82557.9,82557.9,87277.6,4719.7,4719.7,1003.0,0.212514,1,p:1.1.4.1.1.1
U4227,169,FUSE1,82587.8231,82587.8231,90581.8,7993.9769,7993.9769,1003.0,0.125469,1,p:2.2.2.2.2.1
U4228,169,FUSE1,82673.9,82673.9,85286.4,2612.5,2612.5,1003.0,0.383923,1,p:1.3.5.2.3.1
U4229,169,FUSE1,82703.8231,82703.8231,86798.4,4094.5769,4094.5769,1003.0,0.244958,1,p:2.1.1.2.1.2
U4230,169,FUSE1,82811.7,82811.7,87790.8,4979.1,4979.1,1003.0,0.201442,1,p:1.2.4.2.1.2
U4231,169,FUSE1,82819.8231,82819.8231,86270.8,3450.9769,3450.9769,1003.0,0.290642,1,p:2.3.2.1.1.2
U4232,169,FUSE1,82927.7,82927.7,86697.6,3769.9,3769.9,1003.0,0.266055,1,p:1.1.5.2.3.1
U4233,169,FUSE1,82935.8231,82935.8231,88468.6,5532.7769,5532.7769,1003.0,0.181283,1,p:2.2.3.1.1.2
U4234,169,FUSE2,83043.7,83043.7,85918.0,2874.3,2874.3,1035.4,0.360227,1,p:1.3.1.1.1.2
U4235,169,FUSE2,83051.8231,83051.8231,87161.6,4109.7769,4109.7769,1035.4,0.251936,1,p:2.1.1.2.2.1
U4236,169,FUSE2,83159.7,83159.7,87393.6,4233.9,4233.9,1035.4,0.24455,1,p:1.2.5.2.3.1
U4237,169,FUSE2,83181.3,83181.3,85797.2,2615.9,2615.9,1035.4,0.39581,1,p:2.3.5.1.3.2
U4238,169,FUSE2,83275.7,83275.7,90837.0,7561.3,7561.3,1035.4,0.136934,1,p:1.1.2.1.1.1
U4239,169,FUSE2,83321.7,83321.7,87674.8,4353.1,4353.1,1035.4,0.237853,1,p:2.2.1.2.3.2
U4240,169,FUSE2,83391.7,83391.7,87405.2,4013.5,4013.5,1035.4,0.257979,1,p:1.3.3.2.1.2
U4241,169,FUSE2,83437.7,83437.7,88047.4,4609.7,4609.7,1035.4,0.224613,1,p:2.1.4.2.3.1
U4242,169,FUSE2,83507.7,83507.7,88941.4,5433.7,5433.7,1035.4,0.190552,1,p:1.2.3.2.2.2
U4243,169,FUSE2,83553.7,83553.7,86150.0,2596.3,2596.3,1035.4,0.398798,1,p:2.3.5.1.3.2
U3345,134,FUSE0,83623.7,83623.7,88663.4,5039.7,5039.7,941.0,0.186717,1,p:1.1.3.2.1.1
U3346,134,FUSE0,83674.5,83674.5,88584.6,4910.1,4910.1,941.0,0.191646,1,p:2.2.4.1.2.2
U3347,134,FUSE0,83739.7,83739.7,87625.6,3885.9,3885.9,941.0,0.242158,1,p:1.3.3.1.1.1
U3348,134,FUSE0,83790.5,83790.5,87509.6,3719.1,3719.1,941.0,0.253018,1,p:2.1.5.2.2.1
U3349,134,FUSE0,83855.7,83855.7,89231.8,5376.1,5376.1,941.0,0.175034,1,p:1.2.3.2.3.2
U3350,134,FUSE0,83906.5,83906.5,90130.6,6224.1,6224.1,941.0,0.151187,1,p:2.3.2.1.3.2
U3351,134,FUSE0,83971.7,83971.7,87906.8,3935.1,3935.1,941.0,0.23913,1,p:1.1.1.2.2.2
U3352,134,FUSE0,84027.3,84027.3,88477.0,4449.7,4449.7,941.0,0.211475,1,p:2.2.1.2.3.1
U3353,134,FUSE1,84087.7,84087.7,87521.2,3433.5,3433.5,1003.0,0.292122,1,p:1.3.4.1.3.2
U3354,134,FUSE1,84143.3,84143.3,91756.2,7612.9,7612.9,1003.0,0.13175,1,p:2.1.2.1.1.2
U3355,134,FUSE1,84203.7,84203.7,89551.4,5347.7,5347.7,1003.0,0.187557,1,p:1.2.3.2.2.1
U3356,134,FUSE1,84259.3,84259.3,88158.0,3898.7,3898.7,1003.0,0.257265,1,p:2.3.3.1.2.2
U3357,134,FUSE1,84319.7,84319.7,88820.2,4500.5,4500.5,1003.0,0.222864,1,p:1.1.4.1.3.2
U3358,134,FUSE1,84380.1,84380.1,89511.4,5131.3,5131.3,1003.0,0.195467,1,p:2.2.4.1.1.2
U3359,134,FUSE1,84435.7,84435.7,87045.6,2609.9,2609.9,1003.0,0.384306,1,p:1.3.5.1.1.1
U3360,134,FUSE1,84496.1,84496.1,88042.0,3545.9,3545.9,1003.0,0.282862,1,p:2.1.5.1.1.2
U3361,134,FUSE2,84551.7,84551.7,89789.4,5237.7,5237.7,1035.4,0.197682,1,p:1.2.4.1.3.1
U3362,134,FUSE2,84612.1,84612.1,87289.2,2677.1,2677.1,1035.4,0.386762,1,p:2.3.1.1.2.2
U3363,134,FUSE2,84667.7,84667.7,88361.0,3693.3,3693.3,1035.4,0.280345,1,p:1.1.5.2.2.1
U3364,134,FUSE2,84732.9,84732.9,89393.8,4660.9,4660.9,1035.4,0.222146,1,p:2.2.1.2.3.1
U3365,134,FUSE2,84783.7,84783.7,91111.0,6327.3,6327.3,1035.4,0.16364,1,p:1.3.2.2.2.2
U3366,134,FUSE2,84848.9,84848.9,89115.8,4266.9,4266.9,1035.4,0.242659,1,p:2.1.1.2.1.2
U3367,134,FUSE2,84899.7,84899.7,89015.0,4115.3,4115.3,1035.4,0.251598,1,p:1.2.5.1.3.1
U7026,281,FUSE0,84964.9,84964.9,88274.0,3309.1,3309.1,941.0,0.284367,1,p:2.3.4.1.3.2
U7027,281,FUSE0,85015.7,85015.7,90229.0,5213.3,5213.3,941.0,0.1805,1,p:1.1.3.2.2.1
U7028,281,FUSE0,85085.7,85085.7,89743.4,4657.7,4657.7,941.0,0.202031,1,p:2.2.1.2.1.2
U7029,281,FUSE0,85131.7,85131.7,91421.8,6290.1,6290.1,941.0,0.1496,1,p:1.3.2.1.3.1
U7030,281,FUSE0,85201.7,85201.7,90465.8,5264.1,5264.1,941.0,0.178758,1,p:2.1.3.1.1.1
U7031,281,FUSE0,85247.7,85247.7,89964.2,4716.5,4716.5,941.0,0.199512,1,p:1.2.1.2.3.1
U7032,281,FUSE0,85317.7,85317.7,87741.6,2423.9,2423.9,941.0,0.388217,1,p:2.3.5.1.2.1
U7033,281,FUSE1,85363.7,85363.7,90699.8,5336.1,5336.1,1003.0,0.187965,1,p:1.1.3.2.3.1
U7034,281,FUSE1,85438.5,85438.5,90267.8,4829.3,4829.3,1003.0,0.207691,1,p:2.2.1.2.1.2
U7035,281,FUSE1,85479.7,85479.7,88245.0,2765.3,2765.3,1003.0,0.362709,1,p:1.3.1.2.1.1
U7036,281,FUSE1,85554.5,85554.5,90642.2,5087.7,5087.7,1003.0,0.197142,1,p:2.1.4.2.1.2
U7037,281,FUSE1,85596.5,85596.5,90003.4,4406.9,4406.9,1003.0,0.227598,1,p:1.2.5.1.2.2
U7038,281,FUSE1,85670.5,85670.5,89185.8,3515.3,3515.3,1003.0,0.285324,1,p:2.3.4.1.2.1
U7039,281,FUSE1,85712.5,85712.5,89627.4,3914.9,3914.9,1003.0,0.256201,1,p:1.1.5.1.3.2
U7040,281,FUSE2,85791.3,85791.3,91662.0219,5870.7219,5870.7219,1035.4,0.176367,1,p:2.2.3.2.2.1
U7041,281,FUSE2,85828.5,85828.5,88779.4,2950.9,2950.9,1035.4,0.350876,1,p:1.3.1.2.2.1
U7042,281,FUSE2,85907.3,85907.3,91351.2219,5443.9219,5443.9219,1035.4,0.190194,1,p:2.1.3.2.1.2
U7043,281,FUSE2,85949.3,85949.3,91583.2219,5633.9219,5633.9219,1035.4,0.18378,1,p:1.2.4.1.3.2
U7044,281,FUSE2,86023.3,86023.3,89859.4,3836.1,3836.1,1035.4,0.26991,1,p:2.3.3.2.2.2
U7045,281,FUSE2,86065.3,86065.3,91305.8,5240.5,5240.5,1035.4,0.197577,1,p:1.1.4.1.2.1
U7046,281,FUSE2,86144.1,86144.1,91227.0,5082.9,5082.9,1035.4,0.203703,1,p:2.2.1.2.3.2
U7047,281,FUSE2,86181.3,86181.3,88700.6,2519.3,2519.3,1035.4,0.410987,1,p:1.3.5.1.3.2
U1055,43,FUSE0,86260.1,86260.1,90953.0,4692.9,4692.9,941.0,0.200516,1,p:2.1.1.1.2.1
U1056,43,FUSE0,86302.1,86302.1,92341.0,6038.9,6038.9,941.0,0.155823,1,p:1.2.3.1.3.2
U1057,43,FUSE0,86376.1,86376.1,90113.0,3736.9,3736.9,941.0,0.251813,1,p:2.3.4.1.1.1
U1058,43,FUSE0,86418.1,86418.1,92656.6,6238.5,6238.5,941.0,0.150838,1,p:1.2.3.2.1.1
U1059,43,FUSE0,86496.9,86496.9,92577.8,6080.9,6080.9,941.0,0.154747,1,p:2.2.4.1.2.2
U1060,43,FUSE0,86534.1,86534.1,90345.0,3810.9,3810.9,941.0,0.246923,1,p:1.3.4.2.3.1
U1061,43,FUSE0,86612.9,86612.9,90499.8,3886.9,3886.9,941.0,0.242095,1,p:2.1.5.1.3.2
U1062,43,FUSE0,86654.9,86654.9,92109.0,5454.1,5454.1,941.0,0.172531,1,p:1.2.1.1.1.2
U1063,43,FUSE1,86728.9,86728.9,89347.8,2618.9,2618.9,1003.0,0.382985,1,p:2.3.5.1.2.2
U1064,43,FUSE1,86829.7,86829.7,90874.2,4044.5,4044.5,1003.0,0.247991,1,p:1.1.5.2.3.2
U1065,43,FUSE1,86844.9,86844.9,92419.8,5574.9,5574.9,1003.0,0.179914,1,p:2.2.1.2.2.1
U1066,43,FUSE1,86945.7,86945.7,91069.0,4123.3,4123.3,1003.0,0.243252,1,p:1.3.3.1.3.1
U1067,43,FUSE1,86960.9,86960.9,92225.0,5264.1,5264.1,1003.0,0.190536,1,p:2.1.4.1.2.2
U1068,43,FUSE1,87061.7,87061.7,91872.2,4810.5,4810.5,1003.0,0.208502,1,p:1.2.5.1.2.2
U1069,43,FUSE1,87076.9,87076.9,90995.0,3918.1,3918.1,1003.0,0.255991,1,p:2.3.4.2.1.2
U1070,43,FUSE1,87181.7,87181.7,91778.0219,4596.3219,4596.3219,1003.0,0.218218,1,p:1.1.1.2.3.1
U1071,43,FUSE2,87192.9,87192.9,92693.8,5500.9,5500.9,1035.4,0.188224,1,p:2.2.1.1.3.2
U1072,43,FUSE2,87308.9,87308.9,90758.2,3449.3,3449.3,1035.4,0.300177,1,p:1.3.1.1.2.2
U1073,43,FUSE2,87320.5,87320.5,91546.0219,4225.5219,4225.5219,1035.4,0.245035,1,p:2.1.5.1.1.1
U1074,43,FUSE2,87424.9,87424.9,93371.0,5946.1,5946.1,1035.4,0.174131,1,p:1.2.4.2.1.1
U1075,43,FUSE2,87436.5,87436.5,90383.8,2947.3,2947.3,1035.4,0.351305,1,p:2.3.5.1.2.2
U1076,43,FUSE2,87540.9,87540.9,93250.2,5709.3,5709.3,1035.4,0.181353,1,p:1.1.3.2.3.1
U1077,43,FUSE2,87552.5,87552.5,93046.6,5494.1,5494.1,1035.4,0.188457,1,p:2.2.1.1.3.2
U1078,43,FUSE2,87656.9,87656.9,92067.0,4410.1,4410.1,1035.4,0.234779,1,p:1.3.3.2.2.1
U6378,255,FUSE0,87706.1,87706.1,91988.2,4282.1,4282.1,941.0,0.219752,1,p:2.1.2.1.3.2
U6379,255,FUSE0,87772.9,87772.9,94117.4,6344.5,6344.5,941.0,0.148317,1,p:1.2.3.1.3.2
U6380,255,FUSE0,87822.1,87822.1,91951.0,4128.9,4128.9,941.0,0.227906,1,p:2.3.4.2.1.1
U6381,255,FUSE0,87900.9,87900.9,93018.2,5117.3,5117.3,941.0,0.183886,1,p:1.1.4.2.1.1
U6382,255,FUSE0,87938.1,87938.1,92772.6,4834.5,4834.5,941.0,0.194643,1,p:2.2.5.2.2.1
U6383,255,FUSE0,88073.3,88073.3,92303.8,4230.5,4230.5,941.0,0.222432,1,p:1.1.2.2.1.1
U6384,255,FUSE0,88078.7,88078.7,93173.0,5094.3,5094.3,941.0,0.184716,1,p:2.2.2.1.1.2
U6385,255,FUSE0,88189.3,88189.3,91467.2219,3277.9219,3277.9219,941.0,0.287072,1,p:1.3.1.2.2.2
U6386,255,FUSE0,88276.3,88276.3,94196.2,5919.9,5919.9,941.0,0.158955,1,p:2.2.4.2.2.1
U6387,255,FUSE1,88305.3,88305.3,93839.8,5534.5,5534.5,1003.0,0.181227,1,p:1.1.3.2.2.1
U6388,255,FUSE1,88392.3,88392.3,91189.8,2797.5,2797.5,1003.0,0.358534,1,p:2.3.5.1.1.1
U6389,255,FUSE1,88499.9,88499.9,93955.8,5455.9,5455.9,1003.0,0.183838,1,p:1.2.1.2.3.1
U6390,255,FUSE1,88508.3,88508.3,92535.8,4027.5,4027.5,1003.0,0.249038,1,p:2.1.5.2.3.1
U6391,255,FUSE1,88615.9,88615.9,93757.8,5141.9,5141.9,1003.0,0.195064,1,p:1.2.2.1.3.2
U6392,255,FUSE1,88694.7,88694.7,92814.6,4119.9,4119.9,1003.0,0.243453,1,p:2.1.2.1.1.2
U6393,255,FUSE1,88731.9,88731.9,92930.6,4198.7,4198.7,1003.0,0.238883,1,p:1.3.3.1.2.2
U6394,255,FUSE1,88810.7,88810.7,93723.8,4913.1,4913.1,1003.0,0.204148,1,p:2.2.5.2.1.1
U6395,255,FUSE1,88851.5,88851.5,93885.4,5033.9,5033.9,1003.0,0.199249,1,p:1.1.4.1.1.2
U6396,255,FUSE2,88972.7,88972.7,94080.2,5107.5,5107.5,1035.4,0.202721,1,p:2.2.2.2.1.1
U6397,255,FUSE2,89046.3,89046.3,92888.6,3842.3,3842.3,1035.4,0.269474,1,p:1.3.4.2.3.1
U6398,255,FUSE2,89147.1,89147.1,94001.4,4854.3,4854.3,1035.4,0.213295,1,p:2.2.5.1.2.2
U6399,255,FUSE2,89217.1,89217.1,93525.8,4308.7,4308.7,1035.4,0.240305,1,p:1.3.3.1.1.2
U6400,255,FUSE2,89263.1,89263.1,93641.8,4378.7,4378.7,1035.4,0.236463,1,p:2.1.1.1.2.2
U6401,255,FUSE2,89379.1,89379.1,95370.6,5991.5,5991.5,1035.4,0.172811,1,p:1.2.4.2.3.1
U6402,255,FUSE2,89425.1,89425.1,93405.0,3979.9,3979.9,1035.4,0.260157,1,p:2.1.2.1.3.2
U6403,255,FUSE2,89542.7,89542.7,94354.2,4811.5,4811.5,1035.4,0.215193,1,p:1.2.5.1.2.2
U6404,255,FUSE2,89582.7,89582.7,93487.0,3904.3,3904.3,1035.4,0.265195,1,p:2.1.5.2.2.1
U6405,255,FUSE2,89658.7,89658.7,92183.0,2524.3,2524.3,1035.4,0.410173,1,p:1.3.5.2.3.1
U2171,87,FUSE0,89774.7,89774.7,94943.8,5169.1,5169.1,941.0,0.182043,1,p:2.1.3.1.1.2
U2172,87,FUSE0,89820.7,89820.7,92461.8,2641.1,2641.1,941.0,0.356291,1,p:1.3.2.1.1.2
U2173,87,FUSE0,89890.7,89890.7,95649.4,5758.7,5758.7,941.0,0.163405,1,p:2.2.4.1.1.2
U2174,87,FUSE0,89995.5,89995.5,94785.8,4790.3,4790.3,941.0,0.196439,1,p:1.1.4.2.1.1
U2175,87,FUSE0,90034.7,90034.7,93603.0,3568.3,3568.3,941.0,0.263711,1,p:2.3.4.2.3.1
U2176,87,FUSE0,90144.3,90144.3,95059.8,4915.5,4915.5,941.0,0.191435,1,p:1.1.4.1.2.2
U2177,87,FUSE0,90161.9,90161.9,93289.0,3127.1,3127.1,941.0,0.300918,1,p:2.3.1.1.2.2
U2178,87,FUSE1,90260.3,90260.3,95960.2,5699.9,5699.9,1003.0,0.175968,1,p:1.2.4.2.2.1
U2179,87,FUSE1,90299.1,90299.1,95528.6,5229.5,5229.5,1003.0,0.191797,1,p:2.1.3.1.3.2
U2180,87,FUSE1,90376.3,90376.3,94433.0,4056.7,4056.7,1003.0,0.247245,1,p:1.3.3.2.1.1
U2181,87,FUSE1,90415.1,90415.1,95017.8,4602.7,4602.7,1003.0,0.217916,1,p:2.2.5.2.3.1
U2182,87,FUSE1,90497.1,90497.1,94823.0,4325.9,4325.9,1003.0,0.231859,1,p:1.1.1.1.3.2
U2183,87,FUSE1,90531.1,90531.1,93134.2,2603.1,2603.1,1003.0,0.38531,1,p:2.3.5.2.2.1
U2184,87,FUSE1,90613.1,90613.1,95765.4,5152.3,5152.3,1003.0,0.19467,1,p:1.2.1.1.2.2
U2185,87,FUSE2,90673.5,90673.5,94591.0,3917.5,3917.5,1035.4,0.264301,1,p:2.1.2.1.1.2
U2186,87,FUSE2,90731.1,90731.1,94707.0,3975.9,3975.9,1035.4,0.260419,1,p:1.3.3.1.2.2
U2187,87,FUSE2,90789.5,90789.5,95296.6,4507.1,4507.1,1035.4,0.229726,1,p:2.2.5.1.1.2
U2188,87,FUSE2,90868.3,90868.3,96201.2,5332.9,5332.9,1035.4,0.194153,1,p:1.1.3.2.1.1
U2189,87,FUSE2,90905.5,90905.5,94470.2,3564.7,3564.7,1035.4,0.290459,1,p:2.3.4.1.3.2
U2190,87,FUSE2,90984.3,90984.3,96118.2,5133.9,5133.9,1035.4,0.201679,1,p:1.2.1.1.2.2
U2191,87,FUSE2,91026.3,91026.3,95491.4,4465.1,4465.1,1035.4,0.231887,1,p:2.1.1.2.1.1
U2192,87,FUSE2,91100.3,91100.3,94312.2,3211.9,3211.9,1035.4,0.322364,1,p:1.3.1.2.3.1
U3209,129,FUSE0,91142.3,91142.3,96708.8,5566.5,5566.5,941.0,0.169047,1,p:2.2.4.1.1.2
U3210,129,FUSE0,91221.1,91221.1,96433.2,5212.1,5212.1,941.0,0.180541,1,p:1.1.3.2.3.1
U3211,129,FUSE0,91258.3,91258.3,95254.6,3996.3,3996.3,941.0,0.235468,1,p:2.3.3.2.2.1
U3212,129,FUSE0,91337.1,91337.1,95844.2,4507.1,4507.1,941.0,0.208782,1,p:1.2.5.2.1.1
U3213,129,FUSE0,91382.5219,91382.5219,95175.8,3793.2781,3793.2781,941.0,0.24807,1,p:2.1.2.1.3.2
U3214,129,FUSE0,91453.1,91453.1,94549.0,3095.9,3095.9,941.0,0.30395,1,p:1.3.1.2.2.1
U3215,129,FUSE0,91498.5219,91498.5219,96002.2,4503.6781,4503.6781,941.0,0.20894,1,p:2.2.2.1.1.2
U3216,129,FUSE0,91577.3219,91577.3219,96554.0,4976.6781,4976.6781,941.0,0.189082,1,p:1.1.4.2.1.1
U3217,129,FUSE0,91614.5219,91614.5219,94238.2,2623.6781,2623.6781,941.0,0.358657,1,p:2.3.2.1.1.2
U3218,129,FUSE1,91693.3219,91693.3219,97612.4,5919.0781,5919.0781,1003.0,0.169452,1,p:1.2.3.2.1.1
U3219,129,FUSE1,91787.5,91787.5,97061.6,5274.1,5274.1,1003.0,0.190175,1,p:2.1.3.1.1.2
U3220,129,FUSE1,91809.3219,91809.3219,95881.4,4072.0781,4072.0781,1003.0,0.246312,1,p:1.3.3.1.3.2
U3221,129,FUSE1,91903.5,91903.5,95723.4,3819.9,3819.9,1003.0,0.262572,1,p:2.1.2.2.3.1
U3222,129,FUSE1,91982.3,91982.3,95138.6,3156.3,3156.3,1003.0,0.317777,1,p:1.3.1.2.1.1
U3223,129,FUSE1,92019.5,92019.5,96940.8,4921.3,4921.3,1003.0,0.203808,1,p:2.2.1.1.3.2
U3224,129,FUSE1,92098.3,92098.3,97293.6,5195.3,5195.3,1003.0,0.193059,1,p:1.1.3.1.3.2
U3225,129,FUSE1,92140.3,92140.3,94665.0,2524.7,2524.7,1003.0,0.397275,1,p:2.3.5.2.3.1
U3226,129,FUSE1,92214.3,92214.3,97646.4,5432.1,5432.1,1003.0,0.184643,1,p:1.2.4.1.3.2
U3227,129,FUSE2,92256.3,92256.3,96670.0,4413.7,4413.7,1035.4,0.234588,1,p:2.1.1.2.2.1
U3228,129,FUSE2,92335.1,92335.1,94901.8,2566.7,2566.7,1035.4,0.403397,1,p:1.3.2.2.2.1
U3229,129,FUSE2,92372.3,92372.3,96824.8,4452.5,4452.5,1035.4,0.232544,1,p:2.2.5.1.2.2
U3230,129,FUSE2,92451.1,92451.1,97375.6,4924.5,4924.5,1035.4,0.210255,1,p:1.1.4.2.2.1
U3231,129,FUSE2,92493.1,92493.1,96234.2,3741.1,3741.1,1035.4,0.276764,1,p:2.3.4.1.3.2
U3232,129,FUSE2,92567.1,92567.1,96906.8,4339.7,4339.7,1035.4,0.238588,1,p:1.2.2.2.1.1
U3233,129,FUSE2,92609.1,92609.1,96472.0,3862.9,3862.9,1035.4,0.268037,1,p:2.1.5.1.2.2
U3234,129,FUSE2,92687.9,92687.9,96786.0,4098.1,4098.1,1035.4,0.252654,1,p:1.3.3.2.3.1
U3235,129,FUSE2,92725.1,92725.1,97138.8,4413.7,4413.7,1035.4,0.234588,1,p:2.2.5.2.3.1
U3236,129,FUSE2,92803.9,92803.9,96588.0,3784.1,3784.1,1035.4,0.273619,1,p:1.1.2.1.3.2
U3443,138,FUSE0,92845.9,92845.9,95412.6,2566.7,2566.7,941.0,0.366619,1,p:2.3.2.1.2.2
U3444,138,FUSE0,92919.9,92919.9,97844.4,4924.5,4924.5,941.0,0.191085,1,p:1.2.1.2.3.1
U3445,138,FUSE0,92961.9,92961.9,98205.8,5243.9,5243.9,941.0,0.179447,1,p:2.1.3.2.3.1
U3446,138,FUSE0,93049.5,93049.5,95607.4,2557.9,2557.9,941.0,0.36788,1,p:1.3.5.2.2.1
U3447,138,FUSE0,93077.9,93077.9,98619.4,5541.5,5541.5,941.0,0.16981,1,p:2.2.4.1.2.2
U3448,138,FUSE0,93165.5,93165.5,97530.4,4364.9,4364.9,941.0,0.215583,1,p:1.1.1.1.2.2
U3449,138,FUSE0,93204.3,93204.3,96356.0,3151.7,3151.7,941.0,0.298569,1,p:2.3.1.1.1.2
U3450,138,FUSE0,93281.5,93281.5,99051.0,5769.5,5769.5,941.0,0.163099,1,p:1.2.3.2.1.1
U3451,138,FUSE1,93320.3,93320.3,98345.4,5025.1,5025.1,1003.0,0.199598,1,p:2.1.4.2.1.1
U3452,138,FUSE1,93402.3,93402.3,97022.8,3620.5,3620.5,1003.0,0.277034,1,p:1.3.4.2.2.1
U3453,138,FUSE1,93436.3,93436.3,97767.2,4330.9,4330.9,1003.0,0.231592,1,p:2.2.2.1.1.2
U3454,138,FUSE1,93518.3,93518.3,98814.2,5295.9,5295.9,1003.0,0.189392,1,p:1.1.3.2.2.1
U3455,138,FUSE1,93557.1,93557.1,96076.2,2519.1,2519.1,1003.0,0.398158,1,p:2.3.5.2.3.1
U3456,138,FUSE1,93634.3,93634.3,97999.2,4364.9,4364.9,1003.0,0.229788,1,p:1.2.5.1.3.2
U3457,138,FUSE1,93673.1,93673.1,97491.6,3818.5,3818.5,1003.0,0.262669,1,p:2.1.2.2.3.1
U3458,138,FUSE1,93755.1,93755.1,96317.2,2562.1,2562.1,1003.0,0.391476,1,p:1.3.2.2.2.1
U3459,138,FUSE2,93789.1,93789.1,98735.4,4946.3,4946.3,1035.4,0.209328,1,p:2.2.1.1.3.2
U3460,138,FUSE2,93871.1,93871.1,98930.2,5059.1,5059.1,1035.4,0.204661,1,p:1.1.4.2.3.1
U3461,138,FUSE2,93916.7,93916.7,97883.2,3966.5,3966.5,1035.4,0.261036,1,p:2.3.3.1.2.2
U3462,138,FUSE2,93987.1,93987.1,99519.8,5532.7,5532.7,1035.4,0.187142,1,p:1.2.4.2.2.1
U3463,138,FUSE2,94032.7,94032.7,98461.4,4428.7,4428.7,1035.4,0.233793,1,p:2.1.1.2.2.1
U3464,138,FUSE2,94111.5,94111.5,97259.6,3148.1,3148.1,1035.4,0.328897,1,p:1.3.1.2.1.1
U3465,138,FUSE2,94148.7,94148.7,99167.0,5018.3,5018.3,1035.4,0.206325,1,p:2.2.1.2.2.1
U3466,138,FUSE2,94227.5,94227.5,99209.0,4981.5,4981.5,1035.4,0.207849,1,p:1.1.4.1.1.2
U3467,138,FUSE2,94269.5,94269.5,97973.8,3704.3,3704.3,1035.4,0.279513,1,p:2.3.4.2.1.1
U5973,239,FUSE0,94343.5,94343.5,98698.2,4354.7,4354.7,941.0,0.216088,1,p:1.2.2.2.1.1
U5974,239,FUSE0,94385.5,94385.5,99561.8,5176.3,5176.3,941.0,0.18179,1,p:2.1.3.1.1.2
U5975,239,FUSE0,94464.3,94464.3,98503.4,4039.1,4039.1,941.0,0.232973,1,p:1.3.3.1.1.2
U5976,239,FUSE0,94501.5,94501.5,98856.2,4354.7,4354.7,941.0,0.216088,1,p:2.2.5.1.1.2
U5977,239,FUSE0,94580.3,94580.3,99793.8,5213.5,5213.5,941.0,0.180493,1,p:1.1.3.1.3.2
U5978,239,FUSE0,94622.3,94622.3,97177.6,2555.3,2555.3,941.0,0.368254,1,p:2.3.2.1.2.2
U5979,239,FUSE0,94696.3,94696.3,100174.0,5477.7,5477.7,941.0,0.171787,1,p:1.2.4.1.3.2
U5980,239,FUSE0,94738.3,94738.3,98577.4,3839.1,3839.1,941.0,0.24511,1,p:2.1.5.2.3.1
U5981,239,FUSE1,94817.1,94817.1,97414.4,2597.3,2597.3,1003.0,0.38617,1,p:1.3.5.1.1.2
U5982,239,FUSE1,94854.3,94854.3,100763.6,5909.3,5909.3,1003.0,0.169732,1,p:2.2.3.1.2.2
U5983,239,FUSE1,94933.1,94933.1,99888.2,4955.1,4955.1,1003.0,0.202418,1,p:1.1.4.2.2.1
U5984,239,FUSE1,94975.1,94975.1,98089.8,3114.7,3114.7,1003.0,0.322021,1,p:2.3.1.2.2.1
U5985,239,FUSE1,95049.1,95049.1,99403.8,4354.7,4354.7,1003.0,0.230326,1,p:1.2.5.2.1.1
U5986,239,FUSE1,95091.1,95091.1,100410.8,5319.7,5319.7,1003.0,0.188544,1,p:2.1.3.1.2.2
U5987,239,FUSE1,95169.9,95169.9,97728.4,2558.5,2558.5,1003.0,0.392027,1,p:1.3.5.2.2.1
U5988,239,FUSE2,95207.1,95207.1,99635.8,4428.7,4428.7,1035.4,0.233793,1,p:2.2.2.2.3.1
U5989,239,FUSE2,95285.9,95285.9,99088.2,3802.3,3802.3,1035.4,0.272309,1,p:1.1.5.1.3.2
U5990,239,FUSE2,95327.9,95327.9,99325.0,3997.1,3997.1,1035.4,0.259038,1,p:2.3.3.1.2.2
U5991,239,FUSE2,95401.9,95401.9,99677.8,4275.9,4275.9,1035.4,0.242148,1,p:1.2.5.1.2.2
U5992,239,FUSE2,95443.9,95443.9,99283.0,3839.1,3839.1,1035.4,0.269699,1,p:2.1.2.2.3.1
U5993,239,FUSE2,95522.7,95522.7,98150.6,2627.9,2627.9,1035.4,0.394003,1,p:1.3.2.1.1.2
U5994,239,FUSE2,95559.9,95559.9,99942.0,4382.1,4382.1,1035.4,0.236279,1,p:2.2.2.1.1.2
U5371,215,FUSE0,95638.7,95638.7,100058.0,4419.3,4419.3,941.0,0.21293,1,p:1.1.1.1.2.2
U5372,215,FUSE0,95680.7,95680.7,98266.6,2585.9,2585.9,941.0,0.363897,1,p:2.3.5.1.2.2
U5373,215,FUSE0,95754.7,95754.7,101471.2,5716.5,5716.5,941.0,0.164611,1,p:1.2.3.1.2.2
U5374,215,FUSE0,95796.7,95796.7,100721.6,4924.9,4924.9,941.0,0.19107,1,p:2.1.4.2.3.1
U5375,215,FUSE0,95875.5,95875.5,98382.6,2507.1,2507.1,941.0,0.375334,1,p:1.3.2.1.3.2
U5376,215,FUSE0,95912.7,95912.7,100252.8,4340.1,4340.1,941.0,0.216815,1,p:2.2.2.2.2.1
U5377,215,FUSE0,95991.5,95991.5,101311.2,5319.7,5319.7,941.0,0.17689,1,p:1.1.3.2.2.1
U5378,215,FUSE0,96033.5,96033.5,100136.8,4103.3,4103.3,941.0,0.229328,1,p:2.3.3.2.1.1
U5379,215,FUSE0,96107.5,96107.5,101000.4,4892.9,4892.9,941.0,0.192319,1,p:1.2.1.1.1.2
U5380,215,FUSE0,96149.5,96149.5,100605.6,4456.1,4456.1,941.0,0.211171,1,p:2.1.1.2.2.1
U5381,215,FUSE1,96232.5,96232.5,99441.0,3208.5,3208.5,1003.0,0.312607,1,p:1.3.1.1.3.2
U5382,215,FUSE1,96265.5,96265.5,102176.8,5911.3,5911.3,1003.0,0.169675,1,p:2.2.3.1.2.2
U5383,215,FUSE1,96348.5,96348.5,101355.2,5006.7,5006.7,1003.0,0.200332,1,p:1.1.4.1.1.2
U5384,215,FUSE1,96387.3,96387.3,98972.2,2584.9,2584.9,1003.0,0.388023,1,p:2.3.2.1.2.2
U5385,215,FUSE1,96464.5,96464.5,101427.2,4962.7,4962.7,1003.0,0.202108,1,p:1.2.1.2.3.1
U5386,215,FUSE1,96503.3,96503.3,100294.8,3791.5,3791.5,1003.0,0.264539,1,p:2.1.5.1.1.2
U5387,215,FUSE1,96585.3,96585.3,99772.2,3186.9,3186.9,1003.0,0.314726,1,p:1.3.1.2.1.1
U5388,215,FUSE1,96619.3,96619.3,102492.6,5873.3,5873.3,1003.0,0.170773,1,p:2.2.3.2.3.1
U5389,215,FUSE1,96701.3,96701.3,101666.0,4964.7,4964.7,1003.0,0.202026,1,p:1.1.4.2.2.1
U5390,215,FUSE2,96740.1,96740.1,100489.6,3749.5,3749.5,1035.4,0.276143,1,p:2.3.4.2.1.1
U5391,215,FUSE2,96817.3,96817.3,102260.6,5443.3,5443.3,1035.4,0.190215,1,p:1.2.4.2.1.1
U5392,215,FUSE2,96856.1,96856.1,100647.6,3791.5,3791.5,1035.4,0.273085,1,p:2.1.5.1.1.2
U5393,215,FUSE2,96938.1,96938.1,101074.4,4136.3,4136.3,1035.4,0.25032,1,p:1.3.3.2.3.1
U5394,215,FUSE2,96972.1,96972.1,101232.4,4260.3,4260.3,1035.4,0.243035,1,p:2.2.5.1.3.2
U5395,215,FUSE2,97054.1,97054.1,100879.6,3825.5,3825.5,1035.4,0.270657,1,p:1.1.2.1.3.2
U5396,215,FUSE2,97092.9,97092.9,100368.8,3275.9,3275.9,1035.4,0.316066,1,p:2.3.1.2.3.1
U5397,215,FUSE2,97170.1,97170.1,102647.4,5477.3,5477.3,1035.4,0.189035,1,p:1.2.4.1.3.2
U5398,215,FUSE2,97208.9,97208.9,101708.0,4499.1,4499.1,1035.4,0.230135,1,p:2.1.1.1.1.2
U5399,215,FUSE2,97290.9,97290.9,101116.4,3825.5,3825.5,1035.4,0.270657,1,p:1.3.4.1.2.2
U4497,180,FUSE0,97324.9,97324.9,103121.0,5796.1,5796.1,941.0,0.162351,1,p:2.2.3.1.1.2
U4498,180,FUSE0,97406.9,97406.9,102613.4,5206.5,5206.5,941.0,0.180736,1,p:1.1.3.2.1.1
U4499,180,FUSE0,97445.7,97445.7,100004.2,2558.5,2558.5,941.0,0.367794,1,p:2.3.5.2.3.1
U4500,180,FUSE0,97522.9,97522.9,101902.8,4379.9,4379.9,941.0,0.214845,1,p:1.2.5.2.1.1
U4501,180,FUSE0,97561.7,97561.7,102884.2,5322.5,5322.5,941.0,0.176797,1,p:2.1.3.1.2.2
U4502,180,FUSE0,97643.7,97643.7,100842.4,3198.7,3198.7,941.0,0.294182,1,p:1.3.1.2.1.1
U4503,180,FUSE0,97677.7,97677.7,102531.4,4853.7,4853.7,941.0,0.193873,1,p:2.2.1.1.2.2
U4504,180,FUSE0,97759.7,97759.7,101587.2,3827.5,3827.5,941.0,0.245852,1,p:1.1.5.1.3.2
U4505,180,FUSE0,97798.5,97798.5,101782.0,3983.5,3983.5,941.0,0.236224,1,p:2.3.3.2.3.1
U4506,180,FUSE1,97875.7,97875.7,103319.0,5443.3,5443.3,1003.0,0.184263,1,p:1.2.4.2.1.1
U4507,180,FUSE1,97914.5,97914.5,102966.2,5051.7,5051.7,1003.0,0.198547,1,p:2.1.4.2.1.1
U4508,180,FUSE1,98005.1,98005.1,100526.8,2521.7,2521.7,1003.0,0.397748,1,p:1.3.2.1.3.2
U4509,180,FUSE1,98030.5,98030.5,102376.6,4346.1,4346.1,1003.0,0.230782,1,p:2.2.5.2.2.1
U4510,180,FUSE1,98121.1,98121.1,103473.8,5352.7,5352.7,1003.0,0.187382,1,p:1.1.3.1.1.2
U4511,180,FUSE1,98181.9,98181.9,101940.0,3758.1,3758.1,1003.0,0.26689,1,p:2.3.4.1.3.2
U4512,180,FUSE1,98237.1,98237.1,103198.2,4961.1,4961.1,1003.0,0.202173,1,p:1.2.1.2.3.1
U4513,180,FUSE1,98297.9,98297.9,102134.8,3836.9,3836.9,1003.0,0.261409,1,p:2.1.2.2.3.1
U4514,180,FUSE1,98376.7,98376.7,100958.4,2581.7,2581.7,1003.0,0.388504,1,p:1.3.5.2.2.1
U4515,180,FUSE2,98413.9,98413.9,102768.2,4354.3,4354.3,1035.4,0.237788,1,p:2.2.2.1.1.2
U4516,180,FUSE2,98492.7,98492.7,103787.8,5295.1,5295.1,1035.4,0.195539,1,p:1.1.3.2.2.1
U4517,180,FUSE2,98534.7,98534.7,101195.2,2660.5,2660.5,1035.4,0.389175,1,p:2.3.2.2.1.1
U4518,180,FUSE2,98608.7,98608.7,104411.4,5802.7,5802.7,1035.4,0.178434,1,p:1.2.3.1.3.2
U4519,180,FUSE2,98650.7,98650.7,103671.8,5021.1,5021.1,1035.4,0.20621,1,p:2.1.4.2.1.1
U4520,180,FUSE2,98729.5,98729.5,102060.8,3331.3,3331.3,1035.4,0.31081,1,p:1.3.1.1.1.2
U4521,180,FUSE2,98766.7,98766.7,103705.8,4939.1,4939.1,1035.4,0.209633,1,p:2.2.1.1.3.2
U4522,180,FUSE2,98845.5,98845.5,102729.4,3883.9,3883.9,1035.4,0.266588,1,p:1.1.5.2.2.1
U4523,180,FUSE2,98887.5,98887.5,101550.0,2662.5,2662.5,1035.4,0.388883,1,p:2.3.2.2.1.1
U4524,180,FUSE2,98961.5,98961.5,103353.0,4391.5,4391.5,1035.4,0.235774,1,p:1.2.2.1.3.2
U2219,89,FUSE0,99003.5,99003.5,103435.0,4431.5,4431.5,941.0,0.212343,1,p:2.1.1.2.2.1
U2220,89,FUSE0,99082.3,99082.3,102292.8,3210.5,3210.5,941.0,0.293101,1,p:1.3.1.1.3.2
U2221,89,FUSE0,99119.5,99119.5,104024.6,4905.1,4905.1,941.0,0.191841,1,p:2.2.1.2.1.1
U2222,89,FUSE0,99198.3,99198.3,103000.2,3801.9,3801.9,941.0,0.247508,1,p:1.1.2.1.3.2
U2223,89,FUSE0,99240.3,99240.3,101824.0,2583.7,2583.7,941.0,0.364206,1,p:2.3.2.1.2.2
U2224,89,FUSE0,99314.3,99314.3,103589.8,4275.5,4275.5,941.0,0.220091,1,p:1.2.2.1.2.2
U2225,89,FUSE0,99356.3,99356.3,104648.2,5291.9,5291.9,941.0,0.177819,1,p:2.1.3.1.2.2
U2226,89,FUSE0,99435.1,99435.1,102018.8,2583.7,2583.7,941.0,0.364206,1,p:1.3.5.2.2.1
U2227,89,FUSE1,99472.3,99472.3,105199.0,5726.7,5726.7,1003.0,0.175144,1,p:2.2.3.2.2.1
U2228,89,FUSE1,99551.1,99551.1,104493.4,4942.3,4942.3,1003.0,0.202942,1,p:1.1.4.2.2.1
U2229,89,FUSE1,99593.1,99593.1,102845.4,3252.3,3252.3,1003.0,0.308397,1,p:2.3.1.2.3.1
U2230,89,FUSE1,99667.1,99667.1,104609.4,4942.3,4942.3,1003.0,0.202942,1,p:1.2.1.2.3.1
U2231,89,FUSE1,99709.1,99709.1,103551.0,3841.9,3841.9,1003.0,0.261069,1,p:2.1.5.2.3.1
U2232,89,FUSE1,99803.5,99803.5,102415.4,2611.9,2611.9,1003.0,0.384012,1,p:1.3.2.1.1.2
U2233,89,FUSE1,99825.1,99825.1,104140.6,4315.5,4315.5,1003.0,0.232418,1,p:2.2.2.2.2.1
U2234,89,FUSE1,99919.5,99919.5,104764.2,4844.7,4844.7,1003.0,0.20703,1,p:1.1.4.1.3.2
U2235,89,FUSE2,99973.3,99973.3,104058.6,4085.3,4085.3,1035.4,0.253445,1,p:2.3.3.1.3.2
U2236,89,FUSE2,100035.5,100035.5,105435.8,5400.3,5400.3,1035.4,0.19173,1,p:1.2.4.2.1.1
U2237,89,FUSE2,100089.3,100089.3,103903.8,3814.5,3814.5,1035.4,0.271438,1,p:2.1.5.2.3.1
U2238,89,FUSE2,100168.1,100168.1,103942.6,3774.5,3774.5,1035.4,0.274314,1,p:1.3.4.1.2.2
U2239,89,FUSE2,100205.3,100205.3,104532.2,4326.9,4326.9,1035.4,0.239294,1,p:2.2.5.1.1.2
U2240,89,FUSE2,100284.1,100284.1,105551.8,5267.7,5267.7,1035.4,0.196556,1,p:1.1.3.2.2.1
U2241,89,FUSE2,100326.1,100326.1,103082.2,2756.1,2756.1,1035.4,0.375676,1,p:2.3.5.2.2.1
U2242,89,FUSE2,100400.1,100400.1,104962.2,4562.1,4562.1,1035.4,0.226957,1,p:1.1.1.2.3.1
U2243,89,FUSE2,100442.1,100442.1,104730.2,4288.1,4288.1,1035.4,0.241459,1,p:2.2.2.2.1.1
U5615,225,FUSE0,100520.9,100520.9,104179.4,3658.5,3658.5,941.0,0.257209,1,p:1.3.4.1.1.2
U5616,225,FUSE0,100558.1,100558.1,104377.4,3819.3,3819.3,941.0,0.24638,1,p:2.1.2.2.1.1
U5617,225,FUSE0,100636.9,100636.9,104846.2,4209.3,4209.3,941.0,0.223553,1,p:1.2.5.2.2.1
U5618,225,FUSE0,100678.9,100678.9,103237.0,2558.1,2558.1,941.0,0.367851,1,p:2.3.5.1.2.2
U5619,225,FUSE0,100752.9,100752.9,105667.8,4914.9,4914.9,941.0,0.191459,1,p:1.1.4.2.3.1
U5620,225,FUSE0,100794.9,100794.9,105001.0,4206.1,4206.1,941.0,0.223723,1,p:2.2.2.1.2.2
U5621,225,FUSE0,100873.7,100873.7,104885.0,4011.3,4011.3,941.0,0.234587,1,p:1.3.3.1.1.2
U5622,225,FUSE0,100910.9,100910.9,105914.0,5003.1,5003.1,941.0,0.188083,1,p:2.1.4.2.2.1
U5623,225,FUSE1,100989.7,100989.7,105798.0,4808.3,4808.3,1003.0,0.208598,1,p:1.2.1.2.1.1
U5624,225,FUSE1,101031.7,101031.7,104295.4,3263.7,3263.7,1003.0,0.30732,1,p:2.3.1.1.2.2
U5625,225,FUSE1,101105.7,101105.7,106424.8,5319.1,5319.1,1003.0,0.188566,1,p:1.1.3.1.2.2
U5626,225,FUSE1,101147.7,101147.7,106619.6,5471.9,5471.9,1003.0,0.1833,1,p:2.2.4.2.2.1
U5627,225,FUSE1,101226.5,101226.5,103826.6,2600.1,2600.1,1003.0,0.385754,1,p:1.3.2.1.1.2
U5628,225,FUSE1,101263.7,101263.7,105117.0,3853.3,3853.3,1003.0,0.260296,1,p:2.1.5.1.3.2
U5629,225,FUSE1,101342.5,101342.5,107014.4,5671.9,5671.9,1003.0,0.176837,1,p:1.2.3.1.1.2
U5630,225,FUSE1,101386.5,101386.5,105083.0,3696.5,3696.5,1003.0,0.271338,1,p:2.3.4.2.1.1
U5631,225,FUSE2,101458.5,101458.5,105315.0,3856.5,3856.5,1035.4,0.268482,1,p:1.1.2.2.3.1
U5632,225,FUSE2,101502.5,101502.5,105719.2,4216.7,4216.7,1035.4,0.245547,1,p:2.2.5.1.2.2
U5633,225,FUSE2,101581.3,101581.3,104256.6,2675.3,2675.3,1035.4,0.387022,1,p:1.3.5.2.3.1
U5634,225,FUSE2,101618.5,101618.5,106072.0,4453.5,4453.5,1035.4,0.232491,1,p:2.1.1.1.2.2
U5635,225,FUSE2,101697.3,101697.3,105956.0,4258.7,4258.7,1035.4,0.243126,1,p:1.2.2.1.1.2
U5636,225,FUSE2,101739.3,101739.3,105835.2,4095.9,4095.9,1035.4,0.252789,1,p:2.3.3.1.3.2
U5637,225,FUSE2,101813.3,101813.3,106893.6,5080.3,5080.3,1035.4,0.203807,1,p:1.1.4.1.3.2
U5638,225,FUSE2,101855.3,101855.3,107557.2,5701.9,5701.9,1035.4,0.181589,1,p:2.2.3.2.3.1
U5639,225,FUSE2,101934.1,101934.1,105237.8,3303.7,3303.7,1035.4,0.313406,1,p:1.3.1.1.1.2
U436,18,FUSE0,101971.3,101971.3,107367.2,5395.9,5395.9,941.0,0.174392,1,p:2.1.3.1.1.2
U437,18,FUSE0,102050.1,102050.1,107441.2,5391.1,5391.1,941.0,0.174547,1,p:1.2.4.2.3.1
U438,18,FUSE0,102092.1,102092.1,106188.0,4095.9,4095.9,941.0,0.229742,1,p:2.3.3.1.3.2
U439,18,FUSE0,102166.1,102166.1,106030.0,3863.9,3863.9,941.0,0.243536,1,p:1.1.5.2.3.1
U440,18,FUSE0,102208.1,102208.1,107834.4,5626.3,5626.3,941.0,0.16725,1,p:2.2.3.1.2.2
U441,18,FUSE0,102291.9,102291.9,105469.8,3177.9,3177.9,941.0,0.296107,1,p:1.3.1.1.3.2
U442,18,FUSE0,102324.1,102324.1,106266.8,3942.7,3942.7,941.0,0.238669,1,p:2.1.2.2.2.1
U443,18,FUSE0,102407.9,102407.9,106540.8,4132.9,4132.9,941.0,0.227685,1,p:1.2.5.1.3.2
U444,18,FUSE0,102446.7,102446.7,106150.8,3704.1,3704.1,941.0,0.254043,1,p:2.3.4.2.1.1
U445,18,FUSE1,102523.9,102523.9,106972.4,4448.5,4448.5,1003.0,0.225469,1,p:1.1.1.2.2.1
U446,18,FUSE1,102562.7,102562.7,106735.6,4172.9,4172.9,1003.0,0.24036,1,p:2.2.2.2.3.1
U447,18,FUSE1,102644.7,102644.7,106777.6,4132.9,4132.9,1003.0,0.242687,1,p:1.3.3.1.2.2
U448,18,FUSE1,102678.7,102678.7,107673.2,4994.5,4994.5,1003.0,0.200821,1,p:2.1.4.2.2.1
U449,18,FUSE1,102760.7,102760.7,108567.8,5807.1,5807.1,1003.0,0.17272,1,p:1.2.3.1.2.2
U450,18,FUSE1,102799.5,102799.5,105353.8,2554.3,2554.3,1003.0,0.392671,1,p:2.3.5.1.2.2
U451,18,FUSE1,102876.7,102876.7,107246.4,4369.7,4369.7,1003.0,0.229535,1,p:1.1.1.1.3.2
U452,18,FUSE1,102915.5,102915.5,107088.4,4172.9,4172.9,1003.0,0.24036,1,p:2.2.5.2.3.1
U453,18,FUSE1,102997.5,102997.5,105603.2,2605.7,2605.7,1003.0,0.384925,1,p:1.3.2.1.1.2
U454,18,FUSE2,103031.5,103031.5,108099.0,5067.5,5067.5,1035.4,0.204322,1,p:2.1.4.1.3.2
U455,18,FUSE2,103113.5,103113.5,108060.2,4946.7,4946.7,1035.4,0.209311,1,p:1.2.1.2.2.1
U456,18,FUSE2,103152.3,103152.3,106503.6,3351.3,3351.3,1035.4,0.308955,1,p:2.3.1.2.1.1
U457,18,FUSE2,103229.5,103229.5,107130.4,3900.9,3900.9,1035.4,0.265426,1,p:1.1.2.1.2.2
U458,18,FUSE2,103268.3,103268.3,108688.6,5420.3,5420.3,1035.4,0.191023,1,p:2.2.4.1.1.2
U459,18,FUSE2,103350.3,103350.3,107209.2,3858.9,3858.9,1035.4,0.268315,1,p:1.3.4.2.1.1
U460,18,FUSE2,103384.3,103384.3,108886.6,5502.3,5502.3,1035.4,0.188176,1,p:2.1.3.2.1.1
U461,18,FUSE2,103466.3,103466.3,107828.2,4361.9,4361.9,1035.4,0.237374,1,p:1.2.5.2.1.1
U3542,142,FUSE0,103505.1,103505.1,106661.6,3156.5,3156.5,941.0,0.298115,1,p:2.3.1.1.1.2
U3543,142,FUSE0,103582.3,103582.3,107325.2,3742.9,3742.9,941.0,0.251409,1,p:1.1.5.2.2.1
U3544,142,FUSE0,103621.1,103621.1,109002.6,5381.5,5381.5,941.0,0.174858,1,p:2.2.4.2.3.1
U3545,142,FUSE0,103703.1,103703.1,106308.8,2605.7,2605.7,941.0,0.361131,1,p:1.3.5.1.1.2
U3546,142,FUSE0,103737.1,103737.1,108215.0,4477.9,4477.9,941.0,0.210143,1,p:2.1.1.1.2.2
U3547,142,FUSE0,103819.1,103819.1,107944.2,4125.1,4125.1,941.0,0.228116,1,p:1.2.5.2.3.1
U3548,142,FUSE0,103857.9,103857.9,106382.8,2524.9,2524.9,941.0,0.372688,1,p:2.3.2.2.3.1
U3549,142,FUSE0,103935.1,103935.1,108451.8,4516.7,4516.7,941.0,0.208338,1,p:1.1.1.1.3.2
U3550,142,FUSE0,103973.9,103973.9,108181.0,4207.1,4207.1,941.0,0.22367,1,p:2.2.2.2.1.1
U3551,142,FUSE1,104055.9,104055.9,108335.8,4279.9,4279.9,1003.0,0.234351,1,p:1.3.3.1.1.2
U3552,142,FUSE1,104089.9,104089.9,109510.2,5420.3,5420.3,1003.0,0.185045,1,p:2.1.3.1.3.2
U3553,142,FUSE1,104171.9,104171.9,109041.4,4869.5,4869.5,1003.0,0.205976,1,p:1.2.1.1.1.2
U3554,142,FUSE1,104210.7,104210.7,106856.4,2645.7,2645.7,1003.0,0.379106,1,p:2.3.5.2.1.1
U3555,142,FUSE1,104287.9,104287.9,109273.4,4985.5,4985.5,1003.0,0.201183,1,p:1.1.4.1.2.2
U3556,142,FUSE1,104326.7,104326.7,108649.8,4323.1,4323.1,1003.0,0.232009,1,p:2.2.5.2.3.1
U3557,142,FUSE1,104408.7,104408.7,107602.4,3193.7,3193.7,1003.0,0.314056,1,p:1.3.1.1.1.2
U3558,142,FUSE1,104442.7,104442.7,109824.2,5381.5,5381.5,1003.0,0.186379,1,p:2.1.3.2.2.1
U3559,142,FUSE1,104524.7,104524.7,109863.0,5338.3,5338.3,1003.0,0.187888,1,p:1.2.4.1.3.2
U3560,142,FUSE2,104563.5,104563.5,108413.0,3849.5,3849.5,1035.4,0.26897,1,p:2.3.4.2.2.1
U3561,142,FUSE2,104640.7,104640.7,108533.8,3893.1,3893.1,1035.4,0.265958,1,p:1.1.2.2.1.1
U3562,142,FUSE2,104679.5,104679.5,110415.0,5735.5,5735.5,1035.4,0.180525,1,p:2.2.3.2.2.1
U3563,142,FUSE2,104761.5,104761.5,107483.2,2721.7,2721.7,1035.4,0.380424,1,p:1.3.2.1.2.2
U3564,142,FUSE2,104795.5,104795.5,109355.4,4559.9,4559.9,1035.4,0.227066,1,p:2.1.1.2.3.1
U3565,142,FUSE2,104877.5,104877.5,109118.6,4241.1,4241.1,1035.4,0.244135,1,p:1.2.2.2.2.1
U3566,142,FUSE2,104916.3,104916.3,109157.4,4241.1,4241.1,1035.4,0.244135,1,p:2.3.3.1.3.2
U3567,142,FUSE2,104993.5,104993.5,108920.6,3927.1,3927.1,1035.4,0.263655,1,p:1.1.5.1.2.2
U3568,142,FUSE2,105032.3,105032.3,110331.8,5299.5,5299.5,1035.4,0.195377,1,p:2.2.4.1.3.2
U5142,206,FUSE0,105114.3,105114.3,107718.4,2604.1,2604.1,941.0,0.361353,1,p:1.3.2.1.3.2
U5143,206,FUSE0,105148.3,105148.3,110061.0,4912.7,4912.7,941.0,0.191544,1,p:2.1.4.2.3.1
U5144,206,FUSE0,105230.3,105230.3,110926.2,5695.9,5695.9,941.0,0.165207,1,p:1.2.3.2.3.1
U5145,206,FUSE0,105269.1,105269.1,107983.0,2713.9,2713.9,941.0,0.346733,1,p:2.3.2.1.1.2
U5146,206,FUSE0,105346.3,105346.3,110731.4,5385.1,5385.1,941.0,0.174741,1,p:1.1.3.1.3.2
U5147,206,FUSE0,105385.1,105385.1,110694.2,5309.1,5309.1,941.0,0.177243,1,p:2.2.4.2.1.1
U5148,206,FUSE0,105467.1,105467.1,108765.8,3298.7,3298.7,941.0,0.285264,1,p:1.3.1.2.2.1
U5149,206,FUSE0,105501.1,105501.1,109394.2,3893.1,3893.1,941.0,0.24171,1,p:2.1.2.1.1.2
U5150,206,FUSE1,105583.1,105583.1,109747.0,4163.9,4163.9,1003.0,0.24088,1,p:1.2.5.1.1.2
U5151,206,FUSE1,105634.5,105634.5,108297.0,2662.5,2662.5,1003.0,0.376714,1,p:2.3.5.2.3.1
U5152,206,FUSE1,105699.1,105699.1,110215.8,4516.7,4516.7,1003.0,0.222065,1,p:1.1.1.1.3.2
U5153,206,FUSE1,105750.5,105750.5,109979.0,4228.5,4228.5,1003.0,0.2372,1,p:2.2.2.1.2.2
U5154,206,FUSE1,105829.3,105829.3,109592.2,3762.9,3762.9,1003.0,0.26655,1,p:1.3.4.2.1.1
U5155,206,FUSE1,105866.5,105866.5,111205.0,5338.5,5338.5,1003.0,0.18788,1,p:2.1.3.1.1.2
U5156,206,FUSE1,105945.3,105945.3,111321.0,5375.7,5375.7,1003.0,0.18658,1,p:1.2.4.1.2.2
U5157,206,FUSE1,105987.3,105987.3,110099.8,4112.5,4112.5,1003.0,0.243891,1,p:2.3.3.1.1.2
U5158,206,FUSE2,106061.3,106061.3,110531.0,4469.7,4469.7,1035.4,0.231649,1,p:1.1.1.2.3.1
U5159,206,FUSE2,106103.3,106103.3,111910.6,5807.3,5807.3,1035.4,0.178293,1,p:2.2.3.1.1.2
U5160,206,FUSE2,106182.1,106182.1,108804.6,2622.5,2622.5,1035.4,0.394814,1,p:1.3.2.1.3.2
U5161,206,FUSE2,106219.3,106219.3,110177.0,3957.7,3957.7,1035.4,0.261617,1,p:2.1.5.2.2.1
U5162,206,FUSE2,106298.1,106298.1,111279.0,4980.9,4980.9,1035.4,0.207874,1,p:1.2.1.2.3.1
U5163,206,FUSE2,106340.1,106340.1,109626.2,3286.1,3286.1,1035.4,0.315085,1,p:2.3.1.1.2.2
U5164,206,FUSE2,106414.1,106414.1,110299.0,3884.9,3884.9,1035.4,0.266519,1,p:1.1.2.2.1.1
U5165,206,FUSE2,106456.1,106456.1,111868.6,5412.5,5412.5,1035.4,0.191298,1,p:2.2.4.2.2.1
U5166,206,FUSE2,106534.9,106534.9,109239.4,2704.5,2704.5,1035.4,0.382843,1,p:1.3.5.2.1.1
U2488,100,FUSE0,106572.1,106572.1,111557.8,4985.7,4985.7,941.0,0.18874,1,p:2.1.4.1.1.2
U2489,100,FUSE0,106650.9,106650.9,111515.8,4864.9,4864.9,941.0,0.193426,1,p:1.2.1.2.2.1
U2490,100,FUSE0,106692.9,106692.9,109945.0,3252.1,3252.1,941.0,0.289351,1,p:2.3.1.2.1.1
U2491,100,FUSE0,106766.9,106766.9,112221.4,5454.5,5454.5,941.0,0.172518,1,p:1.1.3.2.2.1
U2492,100,FUSE0,106808.9,106808.9,112142.6,5333.7,5333.7,941.0,0.176425,1,p:2.2.4.1.3.2
U2493,100,FUSE0,106887.7,106887.7,109471.4,2583.7,2583.7,941.0,0.364206,1,p:1.3.5.2.2.1
U2494,100,FUSE0,106924.9,106924.9,110852.2,3927.3,3927.3,941.0,0.239605,1,p:2.1.2.1.1.2
U2495,100,FUSE1,107003.7,107003.7,112706.0219,5702.3219,5702.3219,1003.0,0.175893,1,p:1.2.3.2.3.1
U2496,100,FUSE1,107045.7,107045.7,109708.2,2662.5,2662.5,1003.0,0.376714,1,p:2.3.2.2.3.1
U2497,100,FUSE1,107119.7,107119.7,111047.0,3927.3,3927.3,1003.0,0.255392,1,p:1.1.5.2.1.1
U2498,100,FUSE1,107161.7,107161.7,111437.0,4275.3,4275.3,1003.0,0.234603,1,p:2.2.2.1.3.2
U2499,100,FUSE1,107240.5,107240.5,111084.2,3843.7,3843.7,1003.0,0.260946,1,p:1.3.4.1.3.2
U2500,100,FUSE1,107277.7,107277.7,111789.8,4512.1,4512.1,1003.0,0.222291,1,p:2.1.1.1.3.2
U2501,100,FUSE1,107356.5,107356.5,112826.8219,5470.3219,5470.3219,1003.0,0.183353,1,p:1.2.4.2.1.1
U2502,100,FUSE2,107398.5,107398.5,111631.8,4233.3,4233.3,1035.4,0.244585,1,p:2.3.3.2.3.1
U2503,100,FUSE2,107472.5,107472.5,111399.8,3927.3,3927.3,1035.4,0.263642,1,p:1.1.5.2.1.1
U2504,100,FUSE2,107514.5,107514.5,112474.0219,4959.5219,4959.5219,1035.4,0.20877,1,p:2.2.1.2.1.1
U2505,100,FUSE2,107588.5,107588.5,110968.2,3379.7,3379.7,1035.4,0.306359,1,p:1.3.1.1.2.2
U2506,100,FUSE2,107633.7,107633.7,113100.8219,5467.1219,5467.1219,1035.4,0.189387,1,p:2.1.3.1.2.2
U2507,100,FUSE2,107704.5,107704.5,111984.6,4280.1,4280.1,1035.4,0.24191,1,p:1.2.5.2.3.1
U2508,100,FUSE2,107749.7,107749.7,110499.4,2749.7,2749.7,1035.4,0.37655,1,p:2.3.5.1.1.2
U2509,100,FUSE2,107859.5,107859.5,111752.6,3893.1,3893.1,1035.4,0.265958,1,p:1.1.2.2.1.1
U7995,320,FUSE0,107865.7,107865.7,113216.8219,5351.1219,5351.1219,941.0,0.175851,1,p:2.2.4.1.3.2
U7996,320,FUSE0,107975.5,107975.5,110615.4,2639.9,2639.9,941.0,0.356453,1,p:1.3.2.1.2.2
U7997,320,FUSE0,108014.3,108014.3,112984.8219,4970.5219,4970.5219,941.0,0.189316,1,p:2.1.4.1.1.2
U7998,320,FUSE0,108091.5,108091.5,112942.8219,4851.3219,4851.3219,941.0,0.193968,1,p:1.2.1.2.2.1
U7999,320,FUSE0,108130.3,108130.3,110810.2,2679.9,2679.9,941.0,0.351133,1,p:2.3.5.2.2.1
U8000,320,FUSE0,108212.3,108212.3,112632.0219,4419.7219,4419.7219,941.0,0.212909,1,p:1.1.1.1.1.2
U8001,320,FUSE0,108246.3,108246.3,114001.2219,5754.9219,5754.9219,941.0,0.163512,1,p:2.2.3.2.2.1
U8002,320,FUSE0,108328.3,108328.3,112337.4,4009.1,4009.1,941.0,0.234716,1,p:1.3.3.2.3.1
U8003,320,FUSE0,108367.1,108367.1,112279.2219,3912.1219,3912.1219,941.0,0.240534,1,p:2.1.5.1.1.2
U8004,320,FUSE0,108444.3,108444.3,113690.4219,5246.1219,5246.1219,941.0,0.179371,1,p:1.2.4.1.1.2
U8005,320,FUSE1,108483.1,108483.1,111163.0,2679.9,2679.9,1003.0,0.374268,1,p:2.3.2.2.2.1
U8006,320,FUSE1,108565.1,108565.1,112395.2219,3830.1219,3830.1219,1003.0,0.261872,1,p:1.1.2.1.2.2
U8007,320,FUSE1,108599.1,108599.1,112864.0219,4264.9219,4264.9219,1003.0,0.235174,1,p:2.2.5.1.3.2
U8008,320,FUSE1,108681.1,108681.1,112511.2219,3830.1219,3830.1219,1003.0,0.261872,1,p:1.3.4.1.3.2
U8009,320,FUSE1,108719.9,108719.9,113295.6219,4575.7219,4575.7219,1003.0,0.2192,1,p:2.1.1.2.2.1
U8010,320,FUSE1,108797.1,108797.1,113058.8219,4261.7219,4261.7219,1003.0,0.235351,1,p:1.2.2.2.3.1
U8011,320,FUSE1,108835.9,108835.9,112105.4,3269.5,3269.5,1003.0,0.306775,1,p:2.3.1.2.1.1
U8012,320,FUSE1,108917.9,108917.9,114238.0219,5320.1219,5320.1219,1003.0,0.18853,1,p:1.1.3.2.1.1
U8013,320,FUSE1,108951.9,108951.9,114354.0219,5402.1219,5402.1219,1003.0,0.185668,1,p:2.2.4.2.2.1
U8014,320,FUSE1,109033.9,109033.9,111673.8,2639.9,2639.9,1003.0,0.379939,1,p:1.3.5.1.2.2
U8015,320,FUSE2,109072.7,109072.7,113648.4219,4575.7219,4575.7219,1035.4,0.226281,1,p:2.1.1.2.2.1
U8016,320,FUSE2,109149.9,109149.9,114923.6219,5773.7219,5773.7219,1035.4,0.17933,1,p:1.2.3.2.1.2
U8017,320,FUSE2,109188.7,109188.7,113411.6219,4222.9219,4222.9219,1035.4,0.245186,1,p:2.3.3.2.3.1
U8018,320,FUSE2,109270.7,109270.7,113179.6219,3908.9219,3908.9219,1035.4,0.264881,1,p:1.1.5.2.1.1
U8019,320,FUSE2,109304.7,109304.7,114275.2219,4970.5219,4970.5219,1035.4,0.208308,1,p:2.2.1.1.3.2
U8020,320,FUSE2,109386.7,109386.7,112026.6,2639.9,2639.9,1035.4,0.392212,1,p:1.3.2.1.2.2
U8021,320,FUSE2,109425.5,109425.5,113922.4219,4496.9219,4496.9219,1035.4,0.230246,1,p:2.1.1.1.3.2
U8022,320,FUSE2,109502.7,109502.7,113806.4219,4303.7219,4303.7219,1035.4,0.240582,1,p:1.2.5.1.2.2
U8023,320,FUSE2,109541.5,109541.5,113764.4219,4222.9219,4222.9219,1035.4,0.245186,1,p:2.3.3.2.3.1
U8024,320,FUSE2,109623.5,109623.5,113453.6219,3830.1219,3830.1219,1035.4,0.270331,1,p:1.1.5.1.2.2
U2812,113,FUSE0,109657.5,109657.5,114586.0219,4928.5219,4928.5219,941.0,0.190929,1,p:2.2.1.1.2.1
U2813,113,FUSE0,109739.5,109739.5,113532.4219,3792.9219,3792.9219,941.0,0.248094,1,p:1.3.4.2.1.1
U2814,113,FUSE0,109778.3,109778.3,113569.6219,3791.3219,3791.3219,941.0,0.248198,1,p:2.1.2.1.3.2
U2815,113,FUSE0,109855.5,109855.5,114117.2219,4261.7219,4261.7219,941.0,0.220803,1,p:1.2.2.2.3.1
U2816,113,FUSE0,109894.3,109894.3,112590.0219,2695.7219,2695.7219,941.0,0.349072,1,p:2.3.5.2.2.1
U2817,113,FUSE0,109976.3,109976.3,114802.8219,4826.5219,4826.5219,941.0,0.194964,1,p:1.1.4.1.3.2
U2818,113,FUSE0,110010.3,110010.3,115619.6219,5609.3219,5609.3219,941.0,0.167756,1,p:2.2.4.2.2.2
U2819,113,FUSE0,110092.3,110092.3,112748.0219,2655.7219,2655.7219,941.0,0.354329,1,p:1.3.2.1.2.2
U2820,113,FUSE1,110131.1,110131.1,115692.4,5561.3,5561.3,1003.0,0.180354,1,p:2.1.3.2.1.1
U2821,113,FUSE1,110208.3,110208.3,115050.0219,4841.7219,4841.7219,1003.0,0.207158,1,p:1.2.1.2.3.1
U2822,113,FUSE1,110247.1,110247.1,114043.2219,3796.1219,3796.1219,1003.0,0.264217,1,p:2.3.4.1.1.2
U2823,113,FUSE1,110330.3,110330.3,114159.2219,3828.9219,3828.9219,1003.0,0.261954,1,p:1.1.5.1.2.2
U2824,113,FUSE1,110363.1,110363.1,116406.4,6043.3,6043.3,1003.0,0.165969,1,p:2.2.3.2.1.1
U2825,113,FUSE1,110446.3,110446.3,114570.8219,4124.5219,4124.5219,1003.0,0.24318,1,p:1.3.3.2.1.2
U2826,113,FUSE1,110530.7,110530.7,115858.8,5328.1,5328.1,1003.0,0.188247,1,p:2.1.3.1.1.2
U2827,113,FUSE1,110562.3,110562.3,114818.0219,4255.7219,4255.7219,1003.0,0.235683,1,p:1.2.5.1.1.1
U2828,113,FUSE2,110646.7,110646.7,113337.6219,2690.9219,2690.9219,1035.4,0.384775,1,p:2.3.2.1.1.2
U2829,113,FUSE2,110725.5,110725.5,115039.6219,4314.1219,4314.1219,1035.4,0.240002,1,p:1.2.2.1.2.2
U2830,113,FUSE2,110762.7,110762.7,114470.0219,3707.3219,3707.3219,1035.4,0.279285,1,p:2.1.5.2.3.1
U2831,113,FUSE2,110841.5,110841.5,114702.0219,3860.5219,3860.5219,1035.4,0.268202,1,p:1.3.4.1.3.1
U2832,113,FUSE2,110883.5,110883.5,116443.6,5560.1,5560.1,1035.4,0.18622,1,p:2.2.4.1.3.2
U2833,113,FUSE2,110957.5,110957.5,114686.8219,3729.3219,3729.3219,1035.4,0.277638,1,p:1.1.2.2.2.2
U2834,113,FUSE2,110999.5,110999.5,115271.6219,4272.1219,4272.1219,1035.4,0.242362,1,p:2.3.3.2.1.2
U2835,113,FUSE2,111078.3,111078.3,115387.6219,4309.3219,4309.3219,1035.4,0.24027,1,p:1.2.2.1.2.2
U2836,113,FUSE2,111115.5,111115.5,116090.8,4975.3,4975.3,1035.4,0.208108,1,p:2.1.4.1.3.2
U6072,243,FUSE0,111194.3,111194.3,113885.2219,2690.9219,2690.9219,941.0,0.349694,1,p:1.3.2.2.1.1
U6073,243,FUSE0,111236.3,111236.3,116564.4,5328.1,5328.1,941.0,0.176611,1,p:2.2.4.1.1.2
U6074,243,FUSE0,111310.3,111310.3,115924.4,4614.1,4614.1,941.0,0.20394,1,p:1.1.1.2.3.1
U6075,243,FUSE0,111352.3,111352.3,115155.6219,3803.3219,3803.3219,941.0,0.247415,1,p:2.3.4.1.3.2
U6076,243,FUSE0,111431.1,111431.1,115735.6219,4304.5219,4304.5219,941.0,0.218607,1,p:1.2.2.1.3.2
U6077,243,FUSE0,111468.3,111468.3,116053.6,4585.3,4585.3,941.0,0.205221,1,p:2.1.1.2.1.1
U6078,243,FUSE0,111547.1,111547.1,114934.0219,3386.9219,3386.9219,941.0,0.277833,1,p:1.3.1.2.2.1
U6079,243,FUSE0,111589.1,111589.1,115808.4,4219.3,4219.3,941.0,0.223023,1,p:2.2.5.1.2.1
U6080,243,FUSE0,111663.1,111663.1,115330.8219,3667.7219,3667.7219,941.0,0.256563,1,p:1.1.5.1.3.1
U6081,243,FUSE1,111705.1,111705.1,114396.0219,2690.9219,2690.9219,1003.0,0.372735,1,p:2.3.2.1.1.2
U6082,243,FUSE1,111783.9,111783.9,117266.8,5482.9,5482.9,1003.0,0.182932,1,p:1.2.4.2.1.2
U6083,243,FUSE1,111821.1,111821.1,117344.0,5522.9,5522.9,1003.0,0.181607,1,p:2.1.3.1.3.1
U6084,243,FUSE1,111899.9,111899.9,115974.8,4074.9,4074.9,1003.0,0.246141,1,p:1.3.4.2.2.2
U6085,243,FUSE1,111941.9,111941.9,116211.6,4269.7,4269.7,1003.0,0.234911,1,p:2.2.2.1.1.2
U6086,243,FUSE1,112015.9,112015.9,116638.4,4622.5,4622.5,1003.0,0.216982,1,p:1.1.1.2.3.1
U6087,243,FUSE1,112057.9,112057.9,115505.6219,3447.7219,3447.7219,1003.0,0.290917,1,p:2.3.1.2.3.1
U6088,243,FUSE1,112136.7,112136.7,117228.0,5091.3,5091.3,1003.0,0.197003,1,p:1.2.1.2.2.1
U6089,243,FUSE1,112173.9,112173.9,116285.6,4111.7,4111.7,1003.0,0.243938,1,p:2.1.2.2.3.1
U6090,243,FUSE2,112252.7,112252.7,116522.4,4269.7,4269.7,1035.4,0.242499,1,p:1.3.3.1.2.1
U6091,243,FUSE2,112310.5219,112310.5219,117966.0,5655.4781,5655.4781,1035.4,0.183079,1,p:2.2.4.2.1.2
U6092,243,FUSE2,112368.7,112368.7,116796.4,4427.7,4427.7,1035.4,0.233846,1,p:1.1.1.1.3.2
U6093,243,FUSE2,112426.5219,112426.5219,115192.8219,2766.3,2766.3,1035.4,0.374291,1,p:2.3.5.2.2.1
U6094,243,FUSE2,112505.3219,112505.3219,117382.8,4877.4781,4877.4781,1035.4,0.212282,1,p:1.2.1.1.2.2
U6095,243,FUSE2,112542.5219,112542.5219,117927.2,5384.6781,5384.6781,1035.4,0.192286,1,p:2.1.3.2.2.1
U6096,243,FUSE2,112621.3219,112621.3219,117033.2,4411.8781,4411.8781,1035.4,0.234685,1,p:1.3.3.2.2.2
U6097,243,FUSE2,112663.3219,112663.3219,118547.6,5884.2781,5884.2781,1035.4,0.17596,1,p:2.2.3.2.3.2
U381,16,FUSE0,112737.3219,112737.3219,116680.4,3943.0781,3943.0781,941.0,0.238646,1,p:1.1.5.2.2.2
U382,16,FUSE0,112779.3219,112779.3219,116169.6,3390.2781,3390.2781,941.0,0.277558,1,p:2.3.1.1.2.1
U383,16,FUSE0,112858.1219,112858.1219,117498.8,4640.6781,4640.6781,941.0,0.202772,1,p:1.2.5.2.3.2
U384,16,FUSE0,112895.3219,112895.3219,118198.0,5302.6781,5302.6781,941.0,0.177457,1,p:2.1.3.2.3.2
U385,16,FUSE0,112974.1219,112974.1219,115503.6219,2529.5,2529.5,941.0,0.37201,1,p:1.3.5.1.1.2
U386,16,FUSE0,113016.1219,113016.1219,117112.0,4095.8781,4095.8781,941.0,0.229743,1,p:2.2.2.1.1.1
U387,16,FUSE0,113090.1219,113090.1219,117149.2,4059.0781,4059.0781,941.0,0.231826,1,p:1.1.5.2.3.2
U388,16,FUSE0,113132.1219,113132.1219,116875.2,3743.0781,3743.0781,941.0,0.251397,1,p:2.3.4.1.2.1
U389,16,FUSE0,113210.9219,113210.9219,118897.2,5686.2781,5686.2781,941.0,0.165486,1,p:1.2.3.1.1.2
U390,16,FUSE1,113248.1219,113248.1219,118276.8,5028.6781,5028.6781,1003.0,0.199456,1,p:2.1.4.2.2.1
U391,16,FUSE1,113326.9219,113326.9219,117461.6,4134.6781,4134.6781,1003.0,0.242582,1,p:1.3.3.1.1.1
U392,16,FUSE1,113368.9219,113368.9219,118858.4,5489.4781,5489.4781,1003.0,0.182713,1,p:2.2.4.2.3.1
U393,16,FUSE1,113442.9219,113442.9219,118043.2,4600.2781,4600.2781,1003.0,0.21803,1,p:1.1.1.1.3.1
U394,16,FUSE1,113484.9219,113484.9219,116327.6,2842.6781,2842.6781,1003.0,0.352836,1,p:2.3.5.2.2.2
U395,16,FUSE1,113563.7219,113563.7219,117811.2,4247.4781,4247.4781,1003.0,0.23614,1,p:1.2.2.1.1.1
U396,16,FUSE1,113600.9219,113600.9219,118431.6,4830.6781,4830.6781,1003.0,0.207631,1,p:2.1.4.1.2.2
U397,16,FUSE1,113679.7219,113679.7219,117616.4,3936.6781,3936.6781,1003.0,0.254783,1,p:1.3.4.2.1.2
U398,16,FUSE1,113721.7219,113721.7219,118665.2,4943.4781,4943.4781,1003.0,0.202894,1,p:2.2.1.2.1.2
U399,16,FUSE2,113795.7219,113795.7219,117693.6,3897.8781,3897.8781,1035.4,0.265632,1,p:1.1.2.1.3.1
U400,16,FUSE2,113837.7219,113837.7219,116759.2,2921.4781,2921.4781,1035.4,0.35441,1,p:2.3.2.2.1.1
U401,16,FUSE2,113916.5219,113916.5219,118160.8,4244.2781,4244.2781,1035.4,0.243952,1,p:1.2.2.1.1.1
U402,16,FUSE2,113953.7219,113953.7219,118315.6,4361.8781,4361.8781,1035.4,0.237375,1,p:2.1.1.2.1.2
U403,16,FUSE2,114032.5219,114032.5219,116991.2,2958.6781,2958.6781,1035.4,0.349954,1,p:1.3.5.2.3.1
U404,16,FUSE2,114074.5219,114074.5219,119090.4,5015.8781,5015.8781,1035.4,0.206424,1,p:2.2.1.2.1.1
U405,16,FUSE2,114148.5219,114148.5219,118626.4,4477.8781,4477.8781,1035.4,0.231226,1,p:1.2.2.2.2.1
U406,16,FUSE2,114190.5219,114190.5219,116917.2,2726.6781,2726.6781,1035.4,0.379729,1,p:2.3.2.1.1.2
U407,16,FUSE2,114269.3219,114269.3219,118082.0,3812.6781,3812.6781,1035.4,0.271568,1,p:1.1.5.1.2.2
U5944,238,FUSE0,114306.5219,114306.5219,120134.4,5827.8781,5827.8781,941.0,0.161465,1,p:2.2.3.2.1.1
U5945,238,FUSE0,114385.3219,114385.3219,117848.4,3463.0781,3463.0781,941.0,0.271724,1,p:1.3.1.2.3.2
U5946,238,FUSE0,114427.3219,114427.3219,119554.4,5127.0781,5127.0781,941.0,0.183535,1,p:2.1.3.2.3.1
U5947,238,FUSE0,114501.3219,114501.3219,119941.2,5439.8781,5439.8781,941.0,0.172982,1,p:1.2.4.1.1.2
U5948,238,FUSE0,114602.1219,114602.1219,118392.8,3790.6781,3790.6781,941.0,0.248241,1,p:2.1.5.1.3.1
U5949,238,FUSE0,114617.3219,114617.3219,118742.4,4125.0781,4125.0781,941.0,0.228117,1,p:1.3.3.1.3.1
U5950,238,FUSE0,114718.1219,114718.1219,118510.4,3792.2781,3792.2781,941.0,0.248136,1,p:2.1.5.1.1.1
U5951,238,FUSE0,114733.3219,114733.3219,117577.6,2844.2781,2844.2781,941.0,0.33084,1,p:1.3.5.2.2.1
U5952,238,FUSE0,114834.1219,114834.1219,120173.2,5339.0781,5339.0781,941.0,0.176248,1,p:2.2.3.1.2.2
U5953,238,FUSE1,114849.3219,114849.3219,119245.2,4395.8781,4395.8781,1003.0,0.228168,1,p:1.1.1.1.1.2
U5954,238,FUSE1,114954.9219,114954.9219,117732.4,2777.4781,2777.4781,1003.0,0.361119,1,p:2.3.5.1.2.2
U5955,238,FUSE1,114965.3219,114965.3219,119709.2,4743.8781,4743.8781,1003.0,0.21143,1,p:1.2.1.1.3.2
U5956,238,FUSE1,115070.9219,115070.9219,118974.4,3903.4781,3903.4781,1003.0,0.25695,1,p:2.1.2.2.2.1
U5957,238,FUSE1,115081.3219,115081.3219,119322.4,4241.0781,4241.0781,1003.0,0.236496,1,p:1.3.3.2.2.1
U5958,238,FUSE1,115186.9219,115186.9219,119438.4,4251.4781,4251.4781,1003.0,0.235918,1,p:2.2.2.2.1.1
U5959,238,FUSE1,115224.1219,115224.1219,119129.2,3905.0781,3905.0781,1003.0,0.256845,1,p:1.1.5.1.2.2
U5960,238,FUSE1,115302.9219,115302.9219,119013.2,3710.2781,3710.2781,1003.0,0.27033,1,p:2.3.4.1.3.2
U5961,238,FUSE1,115362.1219,115362.1219,120757.2,5395.0781,5395.0781,1003.0,0.18591,1,p:1.2.3.1.3.2
U5962,238,FUSE1,115418.9219,115418.9219,120366.4,4947.4781,4947.4781,1003.0,0.20273,1,p:2.1.4.2.2.1
U5963,238,FUSE2,115534.9219,115534.9219,119361.2,3826.2781,3826.2781,1035.4,0.270602,1,p:1.3.4.1.3.2
U5964,238,FUSE2,115536.9219,115536.9219,120952.0,5415.0781,5415.0781,1035.4,0.191207,1,p:2.2.4.2.3.1
U5965,238,FUSE2,115650.9219,115650.9219,119477.2,3826.2781,3826.2781,1035.4,0.270602,1,p:1.1.5.1.2.2
U5966,238,FUSE2,115723.7,115723.7,120057.2,4333.5,4333.5,1035.4,0.238929,1,p:2.2.5.1.3.2
U5967,238,FUSE2,115766.9219,115766.9219,119825.2,4058.2781,4058.2781,1035.4,0.255133,1,p:1.3.3.1.2.2
U5968,238,FUSE2,115839.7,115839.7,120250.4,4410.7,4410.7,1035.4,0.234747,1,p:2.1.1.2.3.1
U5969,238,FUSE2,115890.1,115890.1,121544.2,5654.1,5654.1,1035.4,0.183124,1,p:1.2.3.2.1.1
U5970,238,FUSE2,115955.7,115955.7,119786.4,3830.7,3830.7,1035.4,0.27029,1,p:2.3.4.2.1.1
U5971,238,FUSE2,116006.1,116006.1,119593.2,3587.1,3587.1,1035.4,0.288645,1,p:1.1.2.1.1.2
U5972,238,FUSE2,116084.9,116084.9,120289.2,4204.3,4204.3,1035.4,0.246272,1,p:2.2.2.1.1.2
U2319,93,FUSE0,116122.1,116122.1,118781.2,2659.1,2659.1,941.0,0.353879,1,p:1.3.5.1.2.2
U2320,93,FUSE0,116200.9,116200.9,121191.4,4990.5,4990.5,941.0,0.188558,1,p:2.1.3.2.1.1
U2321,93,FUSE0,116242.9,116242.9,121581.4,5338.5,5338.5,941.0,0.176267,1,p:1.2.3.1.2.2
U2322,93,FUSE0,116316.9,116316.9,119670.4,3353.5,3353.5,941.0,0.280602,1,p:2.3.1.2.2.1
U2323,93,FUSE0,116358.9,116358.9,121112.6,4753.7,4753.7,941.0,0.197951,1,p:1.1.4.1.3.2
U2324,93,FUSE0,116437.7,116437.7,120641.2,4203.5,4203.5,941.0,0.223861,1,p:2.2.5.1.1.2
U2325,93,FUSE0,116474.9,116474.9,119206.4,2731.5,2731.5,941.0,0.344499,1,p:1.3.2.2.3.1
U2326,93,FUSE1,116553.7,116553.7,120483.2,3929.5,3929.5,1003.0,0.255249,1,p:2.1.5.2.1.1
U2327,93,FUSE1,116595.7,116595.7,121068.0,4472.3,4472.3,1003.0,0.224269,1,p:1.2.5.2.2.1
U2328,93,FUSE1,116669.7,116669.7,120599.2,3929.5,3929.5,1003.0,0.255249,1,p:2.3.3.2.3.1
U2329,93,FUSE1,116711.7,116711.7,120996.6,4284.9,4284.9,1003.0,0.234078,1,p:1.1.1.1.1.2
U2330,93,FUSE1,116790.5,116790.5,122173.0,5382.5,5382.5,1003.0,0.186345,1,p:2.2.3.1.3.2
U2331,93,FUSE1,116827.7,116827.7,120521.2,3693.5,3693.5,1003.0,0.271558,1,p:1.3.4.1.2.2
U2332,93,FUSE1,116906.5,116906.5,120715.2,3808.7,3808.7,1003.0,0.263344,1,p:2.1.2.2.2.1
U2333,93,FUSE2,116948.5,116948.5,122483.8,5535.3,5535.3,1035.4,0.187054,1,p:1.2.4.2.2.1
U2334,93,FUSE2,117022.5,117022.5,119902.4,2879.9,2879.9,1035.4,0.359526,1,p:2.3.5.2.3.1
U2335,93,FUSE2,117064.5,117064.5,121423.4,4358.9,4358.9,1035.4,0.237537,1,p:1.1.1.2.2.1
U2336,93,FUSE2,117143.3,117143.3,122015.0,4871.7,4871.7,1035.4,0.212534,1,p:2.2.1.2.3.1
U2337,93,FUSE2,117180.5,117180.5,120405.2,3224.7,3224.7,1035.4,0.321084,1,p:1.3.1.1.3.2
U2338,93,FUSE2,117259.3,117259.3,120873.2,3613.9,3613.9,1035.4,0.286505,1,p:2.1.2.1.2.2
U2339,93,FUSE2,117298.1,117298.1,122980.6,5682.5,5682.5,1035.4,0.182209,1,p:1.2.3.2.1.1
U7635,305,FUSE0,117375.3,117375.3,120018.4,2643.1,2643.1,941.0,0.356021,1,p:2.3.2.2.2.1
U7636,305,FUSE0,117414.1,117414.1,121307.4,3893.3,3893.3,941.0,0.241697,1,p:1.1.5.2.3.1
U7637,305,FUSE0,117492.9,117492.9,121899.0,4406.1,4406.1,941.0,0.213568,1,p:2.2.5.2.1.1
U7638,305,FUSE0,117530.1,117530.1,120836.0,3305.9,3305.9,941.0,0.284643,1,p:1.3.1.2.1.1
U7639,305,FUSE0,117608.9,117608.9,122627.8,5018.9,5018.9,941.0,0.187491,1,p:2.1.3.2.1.1
U7640,305,FUSE0,117647.7,117647.7,123212.6,5564.9,5564.9,941.0,0.169096,1,p:1.2.3.2.2.1
U7641,305,FUSE0,117724.9,117724.9,121349.4,3624.5,3624.5,941.0,0.259622,1,p:2.3.4.1.1.2
U7642,305,FUSE0,117763.7,117763.7,122743.8,4980.1,4980.1,941.0,0.188952,1,p:1.1.4.2.3.1
U7643,305,FUSE0,117842.5,117842.5,122549.0,4706.5,4706.5,941.0,0.199936,1,p:2.2.1.1.3.2
U7644,305,FUSE1,117879.7,117879.7,121704.2,3824.5,3824.5,1003.0,0.262257,1,p:1.3.4.1.1.2
U7645,305,FUSE1,117958.5,117958.5,122367.8,4409.3,4409.3,1003.0,0.227474,1,p:2.1.1.2.3.1
U7646,305,FUSE1,117997.3,117997.3,122433.0,4435.7,4435.7,1003.0,0.22612,1,p:1.2.5.1.1.2
U7647,305,FUSE1,118074.5,118074.5,122131.0,4056.5,4056.5,1003.0,0.247257,1,p:2.3.3.2.2.1
U7648,305,FUSE1,118113.3,118113.3,121820.2,3706.9,3706.9,1003.0,0.270576,1,p:1.1.2.1.3.2
U7649,305,FUSE1,118192.1,118192.1,122289.0,4096.9,4096.9,1003.0,0.244819,1,p:2.2.2.1.2.2
U7650,305,FUSE1,118229.3,118229.3,121936.2,3706.9,3706.9,1003.0,0.270576,1,p:1.3.4.1.2.2
U7651,305,FUSE1,118308.1,118308.1,123254.6,4946.5,4946.5,1003.0,0.20277,1,p:2.1.4.1.3.2
U7652,305,FUSE1,118346.9,118346.9,123138.6,4791.7,4791.7,1003.0,0.20932,1,p:1.2.1.1.1.2
U7653,305,FUSE2,118424.1,118424.1,121776.2,3352.1,3352.1,1035.4,0.308881,1,p:2.3.1.2.2.1
U7654,305,FUSE2,118462.9,118462.9,123491.4,5028.5,5028.5,1035.4,0.205906,1,p:1.1.3.1.1.2
U7655,305,FUSE2,118541.7,118541.7,124076.2,5534.5,5534.5,1035.4,0.187081,1,p:2.2.3.1.2.2
U7656,305,FUSE2,118578.9,118578.9,121228.6,2649.7,2649.7,1035.4,0.390761,1,p:1.3.2.1.2.2
U7657,305,FUSE2,118657.7,118657.7,123686.2,5028.5,5028.5,1035.4,0.205906,1,p:2.1.4.2.1.1
U7658,305,FUSE2,118696.5,118696.5,124271.0,5574.5,5574.5,1035.4,0.185739,1,p:1.2.4.2.2.1
U7659,305,FUSE2,118773.7,118773.7,121660.2,2886.5,2886.5,1035.4,0.358704,1,p:2.3.5.2.3.1
U7660,305,FUSE2,118812.5,118812.5,122859.8,4047.3,4047.3,1035.4,0.255825,1,p:1.1.5.2.2.1
U7661,305,FUSE2,118889.7,118889.7,123918.2,5028.5,5028.5,1035.4,0.205906,1,p:2.2.1.2.2.1
U7170,287,FUSE0,118928.5,118928.5,121465.4,2536.9,2536.9,941.0,0.370925,1,p:1.3.2.1.3.2
U7171,287,FUSE0,119005.7,119005.7,122665.0,3659.3,3659.3,941.0,0.257153,1,p:2.1.2.1.2.2
U7172,287,FUSE0,119044.5,119044.5,123333.4,4288.9,4288.9,941.0,0.219404,1,p:1.2.2.2.1.1
U7173,287,FUSE0,119121.7,119121.7,122901.8,3780.1,3780.1,941.0,0.248935,1,p:2.3.4.1.3.2
U7174,287,FUSE0,119160.5,119160.5,123449.4,4288.9,4288.9,941.0,0.219404,1,p:1.1.1.2.3.1
U7175,287,FUSE0,119237.7,119237.7,123607.4,4369.7,4369.7,941.0,0.215347,1,p:2.2.5.1.3.2
U7176,287,FUSE0,119276.5,119276.5,122057.0,2780.5,2780.5,941.0,0.338428,1,p:1.3.5.1.1.2
U7177,287,FUSE0,119353.7,119353.7,124507.8,5154.1,5154.1,941.0,0.182573,1,p:2.1.3.2.3.1
U7178,287,FUSE0,119392.5,119392.5,124665.8,5273.3,5273.3,941.0,0.178446,1,p:1.2.4.1.3.2
U7179,287,FUSE0,119469.7,119469.7,122251.8,2782.1,2782.1,941.0,0.338234,1,p:2.3.2.2.1.1
U7180,287,FUSE1,119508.5,119508.5,124429.0,4920.5,4920.5,1003.0,0.203841,1,p:1.1.4.1.2.2
U7181,287,FUSE1,119585.7,119585.7,123802.2,4216.5,4216.5,1003.0,0.237875,1,p:2.2.2.2.3.1
U7182,287,FUSE1,119624.5,119624.5,122785.8,3161.3,3161.3,1003.0,0.317275,1,p:1.3.1.1.1.2
U7183,287,FUSE1,119701.7,119701.7,124155.0,4453.3,4453.3,1003.0,0.225226,1,p:2.1.1.2.3.1
U7184,287,FUSE1,119740.5,119740.5,124623.8,4883.3,4883.3,1003.0,0.205394,1,p:1.2.1.2.2.1
U7185,287,FUSE1,119817.7,119817.7,123723.4,3905.7,3905.7,1003.0,0.256804,1,p:2.3.3.1.2.2
U7186,287,FUSE1,119856.5,119856.5,124899.4,5042.9,5042.9,1003.0,0.198893,1,p:1.1.3.2.1.2
U7187,287,FUSE1,119933.7,119933.7,123960.2,4026.5,4026.5,1003.0,0.2491,1,p:2.2.2.1.3.2
U7188,287,FUSE1,119972.5,119972.5,123844.2,3871.7,3871.7,1003.0,0.259059,1,p:1.3.4.1.1.2
U7189,287,FUSE1,120049.7,120049.7,124039.0,3989.3,3989.3,1003.0,0.251423,1,p:2.1.5.2.1.1
U7190,287,FUSE2,120088.5,120088.5,124744.6,4656.1,4656.1,1035.4,0.222375,1,p:1.2.5.2.1.1
U7191,287,FUSE2,120165.7,120165.7,123017.8,2852.1,2852.1,1035.4,0.363031,1,p:2.3.5.1.2.2
U7192,287,FUSE2,120204.5,120204.5,125210.2,5005.7,5005.7,1035.4,0.206844,1,p:1.1.3.1.3.1
U7193,287,FUSE2,120281.7,120281.7,125835.4,5553.7,5553.7,1035.4,0.186434,1,p:2.2.3.2.2.2
U7194,287,FUSE2,120320.5,120320.5,123096.6,2776.1,2776.1,1035.4,0.372969,1,p:1.3.2.2.3.1
U7195,287,FUSE2,120397.7,120397.7,125366.6,4968.9,4968.9,1035.4,0.208376,1,p:2.1.4.2.3.2
U7196,287,FUSE2,120436.5,120436.5,124781.8,4345.3,4345.3,1035.4,0.23828,1,p:1.2.2.2.2.2
U7197,287,FUSE2,120514.5,120514.5,123565.4,3050.9,3050.9,1035.4,0.339375,1,p:2.3.5.2.2.1
U7198,287,FUSE2,120552.5,120552.5,125015.4,4462.9,4462.9,1035.4,0.232002,1,p:1.1.1.2.3.2
U7199,287,FUSE2,120630.5,120630.5,126072.2,5441.7,5441.7,1035.4,0.190271,1,p:2.2.4.2.3.2
U4394,176,FUSE0,120672.5,120672.5,124549.8,3877.3,3877.3,941.0,0.242695,1,p:1.3.3.1.1.2
U4395,176,FUSE0,120746.5,120746.5,125482.6,4736.1,4736.1,941.0,0.198687,1,p:2.1.4.2.2.2
U4396,176,FUSE0,120788.5,120788.5,125131.4,4342.9,4342.9,941.0,0.216675,1,p:1.2.5.2.2.2
U4397,176,FUSE0,120867.3,120867.3,123370.6,2503.3,2503.3,941.0,0.375904,1,p:2.3.2.1.2.2
U4398,176,FUSE0,120904.5,120904.5,125798.2,4893.7,4893.7,941.0,0.192288,1,p:1.1.4.1.1.1
U4399,176,FUSE0,120983.3,120983.3,125914.2,4930.9,4930.9,941.0,0.190837,1,p:2.2.1.1.3.1
U4400,176,FUSE0,121027.9,121027.9,124391.8,3363.9,3363.9,941.0,0.279735,1,p:1.3.1.2.1.1
U4401,176,FUSE0,121099.3,121099.3,126151.0,5051.7,5051.7,941.0,0.186274,1,p:2.1.3.1.1.1
U4402,176,FUSE0,121143.9,121143.9,126541.0,5397.1,5397.1,941.0,0.174353,1,p:1.2.3.2.2.2
U4403,176,FUSE0,121222.7,121222.7,124976.6,3753.9,3753.9,941.0,0.250673,1,p:2.3.4.1.2.1
U4404,176,FUSE1,121259.9,121259.9,125094.2,3834.3,3834.3,1003.0,0.261586,1,p:1.1.2.1.1.1
U4405,176,FUSE1,121338.7,121338.7,125719.4,4380.7,4380.7,1003.0,0.228959,1,p:2.2.5.2.3.2
U4406,176,FUSE1,121380.7,121380.7,124197.0,2816.3,2816.3,1003.0,0.356141,1,p:1.3.5.1.1.2
U4407,176,FUSE1,121454.7,121454.7,126425.0,4970.3,4970.3,1003.0,0.201799,1,p:2.1.4.2.3.2
U4408,176,FUSE1,121496.7,121496.7,127014.6,5517.9,5517.9,1003.0,0.181772,1,p:1.2.4.2.1.2
U4409,176,FUSE1,121575.5,121575.5,125561.4,3985.9,3985.9,1003.0,0.251637,1,p:2.3.3.1.3.1
U4410,176,FUSE1,121612.7,121612.7,125326.2,3713.5,3713.5,1003.0,0.270096,1,p:1.1.2.1.2.1
U4411,176,FUSE1,121691.5,121691.5,126503.8,4812.3,4812.3,1003.0,0.208424,1,p:2.2.1.1.1.1
U4412,176,FUSE1,121735.5,121735.5,124313.0,2577.5,2577.5,1003.0,0.389137,1,p:1.3.2.1.3.2
U4413,176,FUSE2,121807.5,121807.5,126188.2,4380.7,4380.7,1035.4,0.236355,1,p:2.1.1.2.2.2
U4414,176,FUSE2,121851.5,121851.5,126309.0,4457.5,4457.5,1035.4,0.232283,1,p:1.2.5.2.1.2
U4415,176,FUSE2,121930.3,121930.3,125250.6,3320.3,3320.3,1035.4,0.311839,1,p:2.3.1.2.1.2
U4416,176,FUSE2,121967.5,121967.5,125603.4,3635.9,3635.9,1035.4,0.284771,1,p:1.1.2.2.1.2
U4417,176,FUSE2,122046.3,122046.3,126267.0,4220.7,4220.7,1035.4,0.245315,1,p:2.2.2.1.3.1
U4418,176,FUSE2,122088.3,122088.3,124860.6,2772.3,2772.3,1035.4,0.373481,1,p:1.3.5.1.3.1
U4419,176,FUSE2,122162.3,122162.3,127246.6,5084.3,5084.3,1035.4,0.203647,1,p:2.1.3.2.2.2
U4420,176,FUSE2,122204.3,122204.3,126735.8,4531.5,4531.5,1035.4,0.228489,1,p:1.2.5.1.2.1
U4421,176,FUSE2,122283.1,122283.1,125677.4,3394.3,3394.3,1035.4,0.305041,1,p:2.3.1.1.2.1
U4422,176,FUSE2,122320.3,122320.3,127325.4,5005.1,5005.1,1035.4,0.206869,1,p:1.1.4.1.3.1
U8672,347,FUSE0,122399.1,122399.1,127956.0,5556.9,5556.9,941.0,0.169339,1,p:2.2.3.2.2.2
U8673,347,FUSE0,122464.3,122464.3,126383.0,3918.7,3918.7,941.0,0.240131,1,p:1.3.3.1.2.1
U8674,347,FUSE0,122515.1,122515.1,127441.4,4926.3,4926.3,941.0,0.191016,1,p:2.1.3.1.2.1
U8675,347,FUSE0,122580.3,122580.3,126972.6,4392.3,4392.3,941.0,0.214239,1,p:1.2.5.1.3.1
U8676,347,FUSE0,122659.1,122659.1,125445.4,2786.3,2786.3,941.0,0.337724,1,p:2.3.5.1.1.1
U8677,347,FUSE0,122696.3,122696.3,127724.0,5027.7,5027.7,941.0,0.187163,1,p:1.1.3.2.1.2
U8678,347,FUSE0,122775.1,122775.1,128076.8,5301.7,5301.7,941.0,0.17749,1,p:2.2.4.2.1.2
U8679,347,FUSE0,122817.1,122817.1,126661.8,3844.7,3844.7,941.0,0.244753,1,p:1.3.4.2.1.2
U8680,347,FUSE1,122891.1,122891.1,126619.8,3728.7,3728.7,1003.0,0.268995,1,p:2.1.2.1.3.1
U8681,347,FUSE1,122933.1,122933.1,128624.4,5691.3,5691.3,1003.0,0.176234,1,p:1.2.3.1.1.1
U8682,347,FUSE1,123011.9,123011.9,126893.8,3881.9,3881.9,1003.0,0.258379,1,p:2.3.3.2.2.2
U8683,347,FUSE1,123049.1,123049.1,127368.8219,4319.7219,4319.7219,1003.0,0.232191,1,p:1.1.1.2.1.2
U8684,347,FUSE1,123127.9,123127.9,128034.8,4906.9,4906.9,1003.0,0.204406,1,p:2.2.1.1.3.1
U8685,347,FUSE1,123169.9,123169.9,126030.2,2860.3,2860.3,1003.0,0.350663,1,p:1.3.5.1.2.1
U8686,347,FUSE1,123243.9,123243.9,126856.6,3612.7,3612.7,1003.0,0.277632,1,p:2.1.2.1.1.1
U8687,347,FUSE1,123285.9,123285.9,128740.4,5454.5,5454.5,1003.0,0.183885,1,p:1.2.4.1.3.1
U8688,347,FUSE2,123364.7,123364.7,125956.2,2591.5,2591.5,1035.4,0.399537,1,p:2.3.2.2.1.2
U8689,347,FUSE2,123401.9,123401.9,127209.4,3807.5,3807.5,1035.4,0.271937,1,p:1.1.5.1.1.1
U8690,347,FUSE2,123480.7,123480.7,127840.0,4359.3,4359.3,1035.4,0.237515,1,p:2.2.5.2.3.2
U8691,347,FUSE2,123522.7,123522.7,126777.8,3255.1,3255.1,1035.4,0.318085,1,p:1.3.1.2.3.2
U8692,347,FUSE2,123596.7,123596.7,127130.6,3533.9,3533.9,1035.4,0.292991,1,p:2.1.2.2.3.2
U8693,347,FUSE2,123638.7,123638.7,127918.8,4280.1,4280.1,1035.4,0.24191,1,p:1.2.2.1.1.1
U8694,347,FUSE2,123717.5,123717.5,127600.8219,3883.3219,3883.3219,1035.4,0.266627,1,p:2.3.4.2.2.2
U8695,347,FUSE2,123754.7,123754.7,128898.4,5143.7,5143.7,1035.4,0.201295,1,p:1.1.3.2.3.2
U8696,347,FUSE2,123833.5,123833.5,129251.2,5417.7,5417.7,1035.4,0.191114,1,p:2.2.4.2.3.2
U3082,124,FUSE0,123875.5,123875.5,127088.6,3213.1,3213.1,941.0,0.292864,1,p:1.3.1.1.2.1
U3083,124,FUSE0,123949.5,123949.5,128308.8,4359.3,4359.3,941.0,0.21586,1,p:2.1.1.2.2.2
U3084,124,FUSE0,123991.5,123991.5,128192.8,4201.3,4201.3,941.0,0.223978,1,p:1.2.2.2.3.2
U3085,124,FUSE0,124070.3,124070.3,127795.6219,3725.3219,3725.3219,941.0,0.252596,1,p:2.3.4.1.2.1
U3086,124,FUSE0,124107.5,124107.5,128977.2,4869.7,4869.7,941.0,0.193236,1,p:1.1.4.1.1.1
U3087,124,FUSE0,124186.3,124186.3,129562.0,5375.7,5375.7,941.0,0.175047,1,p:2.2.4.1.2.1
U3088,124,FUSE0,124228.3,124228.3,128271.6,4043.3,4043.3,941.0,0.232731,1,p:1.3.3.1.1.1
U3089,124,FUSE0,124302.3,124302.3,128150.8,3848.5,3848.5,941.0,0.244511,1,p:2.1.5.1.2.1
U3090,124,FUSE1,124344.3,124344.3,128661.6,4317.3,4317.3,1003.0,0.232321,1,p:1.2.5.2.2.2
U3091,124,FUSE1,124423.1,124423.1,127679.6219,3256.5219,3256.5219,1003.0,0.307997,1,p:2.3.1.1.3.1
U3092,124,FUSE1,124460.3,124460.3,128856.4,4396.1,4396.1,1003.0,0.228157,1,p:1.1.1.1.2.1
U3093,124,FUSE1,124539.1,124539.1,128782.4,4243.3,4243.3,1003.0,0.236373,1,p:2.2.2.2.1.2
U3094,124,FUSE1,124581.1,124581.1,128429.6,3848.5,3848.5,1003.0,0.260621,1,p:1.3.4.2.1.2
U3095,124,FUSE1,124655.1,124655.1,129720.0,5064.9,5064.9,1003.0,0.19803,1,p:2.1.3.2.2.2
U3096,124,FUSE1,124697.1,124697.1,130193.6,5496.5,5496.5,1003.0,0.18248,1,p:1.2.4.2.1.2
U3097,124,FUSE1,124775.9,124775.9,127484.8219,2708.9219,2708.9219,1003.0,0.370258,1,p:2.3.5.2.3.2
U3098,124,FUSE2,124813.1,124813.1,129135.2,4322.1,4322.1,1035.4,0.239559,1,p:1.1.1.2.1.2
U3099,124,FUSE2,124891.9,124891.9,129798.8,4906.9,4906.9,1035.4,0.211009,1,p:2.2.1.1.3.1
U3100,124,FUSE2,124930.7,124930.7,127563.6219,2632.9219,2632.9219,1035.4,0.393251,1,p:1.3.2.1.1.1
U3101,124,FUSE2,125007.9,125007.9,130072.8,5064.9,5064.9,1035.4,0.204427,1,p:2.1.3.2.2.2
U3102,124,FUSE2,125046.7,125046.7,129367.2,4320.5,4320.5,1035.4,0.239648,1,p:1.2.2.2.2.2
U3103,124,FUSE2,125125.5,125125.5,129209.2,4083.7,4083.7,1035.4,0.253545,1,p:2.3.3.1.2.1
U3104,124,FUSE2,125162.7,125162.7,129014.4,3851.7,3851.7,1035.4,0.268816,1,p:1.1.5.2.2.2
U2935,118,FUSE0,125241.5,125241.5,130662.4,5420.9,5420.9,941.0,0.173587,1,p:2.2.4.2.3.2
U2936,118,FUSE0,125281.9,125281.9,128545.6,3263.7,3263.7,941.0,0.288323,1,p:1.3.1.2.3.2
U2937,118,FUSE0,125357.5,125357.5,129093.2,3735.7,3735.7,941.0,0.251894,1,p:2.1.2.1.3.1
U2938,118,FUSE0,125397.9,125397.9,131094.0,5696.1,5696.1,941.0,0.165201,1,p:1.2.3.1.1.1
U2939,118,FUSE0,125476.7,125476.7,129446.0,3969.3,3969.3,941.0,0.23707,1,p:2.3.3.1.3.1
U2940,118,FUSE0,125513.9,125513.9,130388.4,4874.5,4874.5,941.0,0.193045,1,p:1.1.4.1.1.1
U2941,118,FUSE0,125592.7,125592.7,129840.8,4248.1,4248.1,941.0,0.221511,1,p:2.2.5.2.1.2
U2942,118,FUSE0,125634.7,125634.7,128387.6,2752.9,2752.9,941.0,0.341821,1,p:1.3.5.1.3.1
U2943,118,FUSE0,125708.7,125708.7,130035.6,4326.9,4326.9,941.0,0.217477,1,p:2.1.1.1.1.1
U2944,118,FUSE1,125750.7,125750.7,130546.4,4795.7,4795.7,1003.0,0.209146,1,p:1.2.1.2.1.2
U2945,118,FUSE1,125829.5,125829.5,128503.6,2674.1,2674.1,1003.0,0.375079,1,p:2.3.2.1.2.1
U2946,118,FUSE1,125866.7,125866.7,129682.8,3816.1,3816.1,1003.0,0.262834,1,p:1.1.2.1.1.1
U2947,118,FUSE1,125945.5,125945.5,131678.8,5733.3,5733.3,1003.0,0.174943,1,p:2.2.3.1.2.1
U2948,118,FUSE1,125987.5,125987.5,129914.8,3927.3,3927.3,1003.0,0.255392,1,p:1.3.4.1.2.1
U2949,118,FUSE1,126061.5,126061.5,130973.2,4911.7,4911.7,1003.0,0.204206,1,p:2.1.4.1.2.1
U2950,118,FUSE1,126103.5,126103.5,130504.4,4400.9,4400.9,1003.0,0.227908,1,p:1.2.5.1.3.1
U2951,118,FUSE1,126182.3,126182.3,129488.0,3305.7,3305.7,1003.0,0.303415,1,p:2.3.1.2.1.2
U2952,118,FUSE1,126219.5,126219.5,129956.8,3737.3,3737.3,1003.0,0.268376,1,p:1.1.2.2.3.2
U2953,118,FUSE2,126298.3,126298.3,130620.4,4322.1,4322.1,1035.4,0.239559,1,p:2.2.2.1.2.1
U2954,118,FUSE2,126340.3,126340.3,130425.6,4085.3,4085.3,1035.4,0.253445,1,p:1.3.3.2.2.2
U2955,118,FUSE2,126414.3,126414.3,131326.0,4911.7,4911.7,1035.4,0.210803,1,p:2.1.4.1.2.1
U2956,118,FUSE2,126456.3,126456.3,131957.6,5501.3,5501.3,1035.4,0.18821,1,p:1.2.4.2.1.2
U2957,118,FUSE2,126535.1,126535.1,129330.0,2794.9,2794.9,1035.4,0.37046,1,p:2.3.5.1.1.1
U2958,118,FUSE2,126572.3,126572.3,130857.2,4284.9,4284.9,1035.4,0.241639,1,p:1.1.1.1.3.1
U2959,118,FUSE2,126651.1,126651.1,130899.2,4248.1,4248.1,1035.4,0.243732,1,p:2.2.2.2.1.2
U2960,118,FUSE2,126693.1,126693.1,130778.4,4085.3,4085.3,1035.4,0.253445,1,p:1.3.3.2.2.2
U8471,339,FUSE0,126767.1,126767.1,131915.6,5148.5,5148.5,941.0,0.182772,1,p:2.1.3.1.3.1
U8472,339,FUSE0,126809.1,126809.1,131131.2,4322.1,4322.1,941.0,0.217718,1,p:1.2.5.2.2.2
U8473,339,FUSE0,126887.9,126887.9,129604.0,2716.1,2716.1,941.0,0.346453,1,p:2.3.5.2.3.2
U8474,339,FUSE0,126925.1,126925.1,130741.2,3816.1,3816.1,941.0,0.246587,1,p:1.1.5.1.1.1
U8475,339,FUSE0,127003.9,127003.9,131210.0,4206.1,4206.1,941.0,0.223723,1,p:2.2.2.1.3.1
U8476,339,FUSE0,127045.9,127045.9,130309.6,3263.7,3263.7,941.0,0.288323,1,p:1.3.1.2.3.2
U8477,339,FUSE0,127119.9,127119.9,131015.2,3895.3,3895.3,941.0,0.241573,1,p:2.1.5.2.3.2
U8478,339,FUSE0,127161.9,127161.9,132737.2,5575.3,5575.3,941.0,0.16878,1,p:1.2.3.1.2.1
U8479,339,FUSE1,127240.7,127240.7,131368.0,4127.3,4127.3,1003.0,0.243016,1,p:2.3.3.2.3.2
U8480,339,FUSE1,127277.9,127277.9,132268.4,4990.5,4990.5,1003.0,0.200982,1,p:1.1.4.1.3.1
U8481,339,FUSE1,127356.7,127356.7,131720.8,4364.1,4364.1,1003.0,0.22983,1,p:2.2.5.2.3.2
U8482,339,FUSE1,127400.1219,127400.1219,130151.6,2751.4781,2751.4781,1003.0,0.364531,1,p:1.3.5.1.3.1
U8483,339,FUSE1,127472.7,127472.7,131836.8,4364.1,4364.1,1003.0,0.22983,1,p:2.1.1.2.2.2
U8484,339,FUSE1,127516.1219,127516.1219,131799.6,4283.4781,4283.4781,1003.0,0.234156,1,p:1.2.2.1.1.1
U8485,339,FUSE1,127594.9219,127594.9219,130267.6,2672.6781,2672.6781,1003.0,0.375279,1,p:2.3.2.1.2.1
U8486,339,FUSE1,127632.1219,127632.1219,132542.4,4910.2781,4910.2781,1003.0,0.204265,1,p:1.1.4.2.2.2
U8487,339,FUSE2,127710.9219,127710.9219,133368.8,5657.8781,5657.8781,1035.4,0.183001,1,p:2.2.3.2.1.2
U8488,339,FUSE2,127755.3,127755.3,131604.8,3849.5,3849.5,1035.4,0.26897,1,p:1.3.4.2.1.2
U8489,339,FUSE2,127826.9219,127826.9219,132152.4,4325.4781,4325.4781,1035.4,0.239372,1,p:2.1.1.1.1.1
U8490,339,FUSE2,127871.3,127871.3,132779.2,4907.9,4907.9,1035.4,0.210966,1,p:1.2.1.2.3.2
U8491,339,FUSE2,127950.1,127950.1,131252.0,3301.9,3301.9,1035.4,0.313577,1,p:2.3.1.2.1.2
U8492,339,FUSE2,127987.3,127987.3,132895.2,4907.9,4907.9,1035.4,0.210966,1,p:1.1.4.2.2.2
U8493,339,FUSE2,128066.1,128066.1,133679.6,5613.5,5613.5,1035.4,0.184448,1,p:2.2.4.1.3.1
U8494,339,FUSE2,128108.1,128108.1,132189.6,4081.5,4081.5,1035.4,0.253681,1,p:1.3.3.2.2.2
U8495,339,FUSE2,128182.1,128182.1,132073.6,3891.5,3891.5,1035.4,0.266067,1,p:2.1.5.2.3.2
U5016,201,FUSE0,128224.1,128224.1,133795.6,5571.5,5571.5,941.0,0.168895,1,p:1.2.3.1.2.1
U5017,201,FUSE0,128302.9,128302.9,131562.8,3259.9,3259.9,941.0,0.288659,1,p:2.3.1.1.3.1
U5018,201,FUSE0,128340.1,128340.1,132031.6,3691.5,3691.5,941.0,0.25491,1,p:1.1.2.1.2.1
U5019,201,FUSE0,128418.9,128418.9,132621.2,4202.3,4202.3,941.0,0.223925,1,p:2.2.2.1.3.1
U5020,201,FUSE0,128460.9,128460.9,132426.4,3965.5,3965.5,941.0,0.237297,1,p:1.3.3.2.3.2
U5021,201,FUSE0,128534.9,128534.9,133484.8,4949.9,4949.9,941.0,0.190105,1,p:2.1.3.2.3.2
U5022,201,FUSE0,128576.9,128576.9,132974.0,4397.1,4397.1,941.0,0.214005,1,p:1.2.5.1.3.1
U5023,201,FUSE0,128655.7,128655.7,131446.8,2791.1,2791.1,941.0,0.337143,1,p:2.3.5.1.1.1
U5024,201,FUSE0,128692.9,128692.9,133090.0,4397.1,4397.1,941.0,0.214005,1,p:1.1.1.1.2.1
U5025,201,FUSE1,128771.7,128771.7,134301.6,5529.9,5529.9,1003.0,0.181378,1,p:2.2.4.2.3.2
U5026,201,FUSE1,128813.7,128813.7,131484.0,2670.3,2670.3,1003.0,0.375613,1,p:1.3.2.2.2.2
U5027,201,FUSE1,128887.7,128887.7,133953.6,5065.9,5065.9,1003.0,0.19799,1,p:2.1.4.2.2.2
U5028,201,FUSE1,128929.7,128929.7,133132.0,4202.3,4202.3,1003.0,0.238679,1,p:1.2.2.2.3.2
U5029,201,FUSE1,129008.5,129008.5,133016.0,4007.5,4007.5,1003.0,0.250281,1,p:2.3.3.2.1.2
U5030,201,FUSE1,129045.7,129045.7,134185.6,5139.9,5139.9,1003.0,0.19514,1,p:1.1.3.2.1.2
U5031,201,FUSE1,129124.5,129124.5,134639.2,5514.7,5514.7,1003.0,0.181878,1,p:2.2.3.2.2.1
U5032,201,FUSE1,129166.5,129166.5,132384.4,3217.9,3217.9,1003.0,0.311694,1,p:1.3.1.1.2.1
U5033,201,FUSE1,129240.5,129240.5,133563.6,4323.1,4323.1,1003.0,0.232009,1,p:2.1.1.1.1.1
U5034,201,FUSE2,129282.5,129282.5,134269.2,4986.7,4986.7,1035.4,0.207632,1,p:1.2.1.1.1.1
U5035,201,FUSE2,129361.3,129361.3,133326.8,3965.5,3965.5,1035.4,0.261102,1,p:2.3.4.1.3.1
U5036,201,FUSE2,129398.5,129398.5,133248.0,3849.5,3849.5,1035.4,0.26897,1,p:1.1.5.2.2.2
U5037,201,FUSE2,129477.3,129477.3,133916.4,4439.1,4439.1,1035.4,0.233245,1,p:2.2.5.1.1.1
U5038,201,FUSE2,129519.3,129519.3,132505.2,2985.9,2985.9,1035.4,0.346763,1,p:1.3.5.1.1.1
U5039,201,FUSE2,129593.3,129593.3,134501.2,4907.9,4907.9,1035.4,0.210966,1,p:2.1.4.1.2.1
U5040,201,FUSE2,129635.3,129635.3,134649.6,5014.3,5014.3,1035.4,0.206489,1,p:1.2.1.1.3.2
U5041,201,FUSE2,129714.1,129714.1,132310.4,2596.3,2596.3,1035.4,0.398798,1,p:2.3.2.2.1.2
U8183,327,FUSE0,129751.3,129751.3,133442.8,3691.5,3691.5,941.0,0.25491,1,p:1.1.2.1.2.1
U8184,327,FUSE0,129830.1,129830.1,134111.6,4281.5,4281.5,941.0,0.219783,1,p:2.2.5.1.2.1
U8185,327,FUSE0,129872.1,129872.1,132663.2,2791.1,2791.1,941.0,0.337143,1,p:1.3.5.2.1.2
U8186,327,FUSE0,129946.1,129946.1,135113.6,5167.5,5167.5,941.0,0.1821,1,p:2.1.3.1.1.2
U8187,327,FUSE0,129988.1,129988.1,134755.2,4767.1,4767.1,941.0,0.197395,1,p:1.2.1.2.3.1
U8188,327,FUSE0,130066.9,130066.9,133210.8,3143.9,3143.9,941.0,0.29931,1,p:2.3.1.1.1.1
U8189,327,FUSE0,130104.1,130104.1,135345.6,5241.5,5241.5,941.0,0.179529,1,p:1.1.3.1.3.2
U8190,327,FUSE1,130182.9,130182.9,135925.6,5742.7,5742.7,1003.0,0.174657,1,p:2.2.3.1.2.2
U8191,327,FUSE1,130224.9,130224.9,132858.0,2633.1,2633.1,1003.0,0.38092,1,p:1.3.2.1.1.1
U8192,327,FUSE1,130298.9,130298.9,134069.6,3770.7,3770.7,1003.0,0.265998,1,p:2.1.2.1.3.2
U8193,327,FUSE1,130340.9,130340.9,134881.6,4540.7,4540.7,1003.0,0.220891,1,p:1.2.5.1.2.2
U8194,327,FUSE1,130419.7,130419.7,134385.2,3965.5,3965.5,1003.0,0.252932,1,p:2.3.3.1.3.1
U8195,327,FUSE1,130456.9,130456.9,135379.8,4922.9,4922.9,1003.0,0.203742,1,p:1.1.4.2.2.1
U8196,327,FUSE1,130535.7,130535.7,135969.4,5433.7,5433.7,1003.0,0.184589,1,p:2.2.4.2.1.1
U8197,327,FUSE2,130577.7,130577.7,133837.6,3259.9,3259.9,1035.4,0.317617,1,p:1.3.1.2.3.2
U8198,327,FUSE2,130651.7,130651.7,134417.6,3765.9,3765.9,1035.4,0.274941,1,p:2.1.2.2.2.2
U8199,327,FUSE2,130693.7,130693.7,136505.6,5811.9,5811.9,1035.4,0.178152,1,p:1.2.3.1.1.2
U8200,327,FUSE2,130772.5,130772.5,133600.8,2828.3,2828.3,1035.4,0.366086,1,p:2.3.5.2.2.2
U8201,327,FUSE2,130809.7,130809.7,135143.0,4333.3,4333.3,1035.4,0.23894,1,p:1.1.1.2.3.1
U8202,327,FUSE2,130888.5,130888.5,135461.6,4573.1,4573.1,1035.4,0.226411,1,p:2.2.5.1.1.2
U8203,327,FUSE2,130930.5,130930.5,134997.6,4067.1,4067.1,1035.4,0.254579,1,p:1.3.4.1.3.2
U559,23,FUSE0,131004.5,131004.5,136085.4,5080.9,5080.9,941.0,0.185203,1,p:2.1.3.2.2.1
U560,23,FUSE0,131046.5,131046.5,136737.6,5691.1,5691.1,941.0,0.165346,1,p:1.2.3.1.3.2
U561,23,FUSE0,131125.3,131125.3,133721.6,2596.3,2596.3,941.0,0.362439,1,p:2.3.2.2.1.2
U562,23,FUSE0,131162.5,131162.5,135027.0,3864.5,3864.5,941.0,0.243499,1,p:1.1.5.2.2.1
U563,23,FUSE0,131241.3,131241.3,135616.6,4375.3,4375.3,941.0,0.215071,1,p:2.2.5.2.1.1
U564,23,FUSE0,131283.3,131283.3,135229.6,3946.3,3946.3,941.0,0.238451,1,p:1.3.4.1.2.2
U565,23,FUSE0,131357.3,131357.3,136389.6,5032.3,5032.3,941.0,0.186992,1,p:2.1.4.1.3.2
U566,23,FUSE1,131399.3,131399.3,136969.6,5570.3,5570.3,1003.0,0.180062,1,p:1.2.4.1.2.2
U567,23,FUSE1,131478.1,131478.1,135495.8,4017.7,4017.7,1003.0,0.249645,1,p:2.3.3.2.3.1
U568,23,FUSE1,131515.3,131515.3,135263.8,3748.5,3748.5,1003.0,0.267574,1,p:1.1.2.2.1.1
U569,23,FUSE1,131594.1,131594.1,135848.6,4254.5,4254.5,1003.0,0.23575,1,p:2.2.2.2.3.1
U570,23,FUSE1,131636.1,131636.1,134533.6,2897.5,2897.5,1003.0,0.34616,1,p:1.3.5.2.1.2
U571,23,FUSE1,131710.1,131710.1,136157.6,4447.5,4447.5,1003.0,0.22552,1,p:2.1.1.1.1.2
U572,23,FUSE1,131752.1,131752.1,136273.6,4521.5,4521.5,1003.0,0.221829,1,p:1.2.5.1.2.2
U573,23,FUSE1,131830.9,131830.9,135809.6,3978.7,3978.7,1003.0,0.252092,1,p:2.3.4.1.1.2
U574,23,FUSE2,131868.1,131868.1,137085.6,5217.5,5217.5,1035.4,0.198448,1,p:1.1.3.1.3.2
U575,23,FUSE2,131946.9,131946.9,136791.0,4844.1,4844.1,1035.4,0.213745,1,p:2.2.1.2.2.1
U576,23,FUSE2,131988.9,131988.9,134765.6,2776.7,2776.7,1035.4,0.372889,1,p:1.3.2.1.1.2
U577,23,FUSE2,132062.9,132062.9,136322.2,4259.3,4259.3,1035.4,0.243092,1,p:2.1.1.2.1.1
U578,23,FUSE2,132104.9,132104.9,137849.4,5744.5,5744.5,1035.4,0.180242,1,p:1.2.3.2.2.1
U579,23,FUSE2,132183.7,132183.7,135577.6,3393.9,3393.9,1035.4,0.305077,1,p:2.3.1.1.2.2
U580,23,FUSE2,132220.9,132220.9,137380.6,5159.7,5159.7,1035.4,0.200671,1,p:1.1.3.2.1.1
U581,23,FUSE2,132299.7,132299.7,137897.6,5597.9,5597.9,1035.4,0.184962,1,p:2.2.4.1.1.2
U908,37,FUSE0,132341.7,132341.7,134911.0,2569.3,2569.3,941.0,0.366248,1,p:1.3.2.2.1.1
U909,37,FUSE0,132415.7,132415.7,137665.6,5249.9,5249.9,941.0,0.179242,1,p:2.1.3.1.2.2
U910,37,FUSE0,132457.7,132457.7,136675.0,4217.3,4217.3,941.0,0.223129,1,p:1.2.2.2.1.1
U911,37,FUSE0,132536.5,132536.5,135732.6,3196.1,3196.1,941.0,0.294421,1,p:2.3.1.2.2.1
U912,37,FUSE0,132573.7,132573.7,136438.2,3864.5,3864.5,941.0,0.243499,1,p:1.1.5.2.2.1
U913,37,FUSE0,132652.5,132652.5,137201.6,4549.1,4549.1,941.0,0.206854,1,p:2.2.5.1.1.2
U914,37,FUSE0,132694.5,132694.5,136554.2,3859.7,3859.7,941.0,0.243801,1,p:1.3.4.2.3.1
U915,37,FUSE0,132768.5,132768.5,136621.6,3853.1,3853.1,941.0,0.244219,1,p:2.1.2.1.2.2
U916,37,FUSE0,132810.5,132810.5,136907.0,4096.5,4096.5,941.0,0.229708,1,p:1.2.2.2.3.1
U917,37,FUSE1,132889.3,132889.3,135693.6,2804.3,2804.3,1003.0,0.357665,1,p:2.3.2.1.3.2
U918,37,FUSE1,132926.5,132926.5,136853.6,3927.1,3927.1,1003.0,0.255405,1,p:1.1.5.1.1.2
U919,37,FUSE1,133005.3,133005.3,138477.6,5472.3,5472.3,1003.0,0.183287,1,p:2.2.4.1.3.2
U920,37,FUSE1,133047.3,133047.3,136041.6,2994.3,2994.3,1003.0,0.33497,1,p:1.3.5.1.3.2
U921,37,FUSE1,133121.3,133121.3,137259.8,4138.5,4138.5,1003.0,0.242358,1,p:2.1.1.2.3.1
U922,37,FUSE1,133163.3,133163.3,137317.6,4154.3,4154.3,1003.0,0.241437,1,p:1.2.2.1.2.2
U923,37,FUSE1,133242.1,133242.1,137143.8,3901.7,3901.7,1003.0,0.257067,1,p:2.3.4.2.2.1
U924,37,FUSE1,133279.3,133279.3,138086.8,4807.5,4807.5,1003.0,0.208632,1,p:1.1.4.2.1.1
U925,37,FUSE1,133358.1,133358.1,138202.8,4844.7,4844.7,1003.0,0.20703,1,p:2.2.1.2.2.1
U926,37,FUSE2,133400.1,133400.1,136201.4,2801.3,2801.3,1035.4,0.369614,1,p:1.3.2.2.3.1
U927,37,FUSE2,133474.1,133474.1,137433.6,3959.5,3959.5,1035.4,0.261498,1,p:2.1.5.1.3.2
U928,37,FUSE2,133516.1,133516.1,137965.4,4449.3,4449.3,1035.4,0.232711,1,p:1.2.5.2.3.1
U929,37,FUSE2,133594.9,133594.9,137549.6,3954.7,3954.7,1035.4,0.261815,1,p:2.3.4.1.1.2
U930,37,FUSE2,133632.1,133632.1,138013.6,4381.5,4381.5,1035.4,0.236312,1,p:1.1.1.1.2.2
U931,37,FUSE2,133710.9,133710.9,137781.6,4070.7,4070.7,1035.4,0.254354,1,p:2.1.5.1.3.2
E072,356,FUSE0,133752.9,133752.9,138597.0,4844.1,4844.1,941.0,0.194257,1,p:1.2.1.1.1.2
E073,356,FUSE0,133826.9,133826.9,137027.8,3200.9,3200.9,941.0,0.29398,1,p:2.3.1.2.1.1
E074,356,FUSE0,133868.9,133868.9,137496.6,3627.7,3627.7,941.0,0.259393,1,p:1.1.2.2.2.1
E075,356,FUSE0,133947.7,133947.7,139266.2,5318.5,5318.5,941.0,0.17693,1,p:2.2.4.2.2.1
E076,356,FUSE0,133984.9,133984.9,138245.6,4260.7,4260.7,941.0,0.220856,1,p:1.3.3.1.1.2
E077,356,FUSE0,134100.9,134100.9,139068.2,4967.3,4967.3,941.0,0.189439,1,p:2.1.4.1.2.2
E078,356,FUSE0,134142.9,134142.9,139855.8,5712.9,5712.9,941.0,0.164715,1,p:1.2.3.2.1.1
E079,356,FUSE1,134216.9,134216.9,138439.6,4222.7,4222.7,1003.0,0.237526,1,p:2.3.3.2.1.1
E080,356,FUSE1,134300.5,134300.5,139619.0,5318.5,5318.5,1003.0,0.188587,1,p:1.1.3.2.2.1
E081,356,FUSE1,134332.9,134332.9,139029.4,4696.5,4696.5,1003.0,0.213563,1,p:2.2.1.2.3.1
E082,356,FUSE1,134416.5,134416.5,137612.6,3196.1,3196.1,1003.0,0.31382,1,p:1.3.1.2.3.1
E083,356,FUSE1,134448.9,134448.9,138129.6,3680.7,3680.7,1003.0,0.272503,1,p:2.1.2.1.3.2
E084,356,FUSE1,134532.5,134532.5,138829.0,4296.5,4296.5,1003.0,0.233446,1,p:1.3.3.1.3.2
E085,356,FUSE2,134564.9,134564.9,140010.6,5445.7,5445.7,1035.4,0.190132,1,p:2.2.4.1.1.2
E086,356,FUSE2,134670.5,134670.5,139657.8,4987.3,4987.3,1035.4,0.207607,1,p:1.1.4.1.1.2
E087,356,FUSE2,134680.9,134680.9,139184.2,4503.3,4503.3,1035.4,0.22992,1,p:2.3.3.1.3.2
E088,356,FUSE2,134786.5,134786.5,140463.6,5677.1,5677.1,1035.4,0.182382,1,p:1.2.3.2.3.1
E089,356,FUSE2,134796.9,134796.9,138555.6,3758.7,3758.7,1035.4,0.275468,1,p:2.1.5.2.2.1
E090,356,FUSE2,134912.9,134912.9,138797.4,3884.5,3884.5,1035.4,0.266547,1,p:1.3.4.2.1.1
U932,37,FUSE2,134942.3,134942.3,139150.2,4207.9,4207.9,1035.4,0.246061,1,p:2.2.5.2.1.1
U933,37,FUSE2,135028.9,135028.9,138713.0,3684.1,3684.1,1035.4,0.281046,1,p:1.1.2.1.2.2
U5320,213,FUSE0,135058.3,135058.3,139421.0,4362.7,4362.7,941.0,0.215692,1,p:2.3.3.1.2.2
U5321,213,FUSE0,135144.9,135144.9,140862.6,5717.7,5717.7,941.0,0.164577,1,p:1.2.3.1.2.2
U5322,213,FUSE0,135174.3,135174.3,138952.2,3777.9,3777.9,941.0,0.24908,1,p:2.1.5.1.1.2
U5323,213,FUSE0,135260.9,135260.9,137733.4,2472.5,2472.5,941.0,0.380586,1,p:1.3.2.2.1.1
U5324,213,FUSE0,135295.1,135295.1,141060.6,5765.5,5765.5,941.0,0.163212,1,p:2.2.3.2.2.1
U5325,213,FUSE0,135376.9,135376.9,138913.4,3536.5,3536.5,941.0,0.266082,1,p:1.1.2.2.2.1
U5326,213,FUSE0,135411.1,135411.1,138361.6,2950.5,2950.5,941.0,0.318929,1,p:2.3.5.1.2.2
U5327,213,FUSE0,135492.9,135492.9,139382.2,3889.3,3889.3,941.0,0.241946,1,p:1.2.2.2.3.1
U5328,213,FUSE1,135527.1,135527.1,140618.4,5091.3,5091.3,1003.0,0.197003,1,p:2.1.4.1.3.2
U5329,213,FUSE1,135608.9,135608.9,138671.6,3062.7,3062.7,1003.0,0.327489,1,p:1.3.1.2.3.1
U5330,213,FUSE1,135647.9,135647.9,140386.4,4738.5,4738.5,1003.0,0.21167,1,p:2.2.1.1.1.2
U5331,213,FUSE1,135724.9,135724.9,139503.0,3778.1,3778.1,1003.0,0.265477,1,p:1.1.5.2.1.1
U5332,213,FUSE1,135763.9,135763.9,138318.8,2554.9,2554.9,1003.0,0.392579,1,p:2.3.2.2.3.1
U5333,213,FUSE1,135840.9,135840.9,141215.4,5374.5,5374.5,1003.0,0.186622,1,p:1.2.4.1.2.2
U5334,213,FUSE1,135879.9,135879.9,141452.2,5572.3,5572.3,1003.0,0.179997,1,p:2.1.3.1.1.2
U5335,213,FUSE1,135956.9,135956.9,140242.6,4285.7,4285.7,1003.0,0.234034,1,p:1.3.3.1.3.2
U5336,213,FUSE2,136000.7,136000.7,140087.8,4087.1,4087.1,1035.4,0.253334,1,p:2.2.5.2.3.1
U5337,213,FUSE2,136072.9,136072.9,139889.8,3816.9,3816.9,1035.4,0.271267,1,p:1.1.5.1.3.2
U5338,213,FUSE2,136116.7,136116.7,139537.0,3420.3,3420.3,1035.4,0.302722,1,p:2.3.1.1.3.2
U5339,213,FUSE2,136188.9,136188.9,142061.4,5872.5,5872.5,1035.4,0.176313,1,p:1.2.3.2.3.2
U5340,213,FUSE2,136232.7,136232.7,141790.6,5557.9,5557.9,1035.4,0.186293,1,p:2.1.3.1.2.1
U5341,213,FUSE2,136304.9,136304.9,140231.6,3926.7,3926.7,1035.4,0.263682,1,p:1.3.4.2.1.1
U5342,213,FUSE2,136353.5,136353.5,140347.6,3994.1,3994.1,1035.4,0.259232,1,p:2.2.2.2.2.1
U5343,213,FUSE2,136420.9,136420.9,140126.6,3705.7,3705.7,1035.4,0.279407,1,p:1.1.2.1.2.2
U5344,213,FUSE2,136469.5,136469.5,139735.0,3265.5,3265.5,1035.4,0.317072,1,p:2.3.1.2.3.1
U2461,99,FUSE0,136536.9,136536.9,142425.2,5888.3,5888.3,941.0,0.159808,1,p:1.2.3.1.1.2
U2462,99,FUSE0,136585.5,136585.5,140978.6,4393.1,4393.1,941.0,0.2142,1,p:2.1.1.1.3.2
U2463,99,FUSE0,136652.9,136652.9,139305.0,2652.1,2652.1,941.0,0.354813,1,p:1.3.2.1.1.2
U2464,99,FUSE0,136706.3,136706.3,140746.6,4040.3,4040.3,941.0,0.232903,1,p:2.2.2.1.1.2
U2465,99,FUSE0,136768.9,136768.9,141684.2,4915.3,4915.3,941.0,0.191443,1,p:1.1.4.2.3.2
U2466,99,FUSE0,136822.3,136822.3,139971.8,3149.5,3149.5,941.0,0.298778,1,p:2.3.1.2.2.1
U2467,99,FUSE0,136884.9,136884.9,141099.4,4214.5,4214.5,941.0,0.223277,1,p:1.2.5.1.1.2
U2468,99,FUSE0,136938.3,136938.3,140707.8,3769.5,3769.5,941.0,0.249635,1,p:2.1.5.2.2.1
U2469,99,FUSE0,137000.9,137000.9,140823.8,3822.9,3822.9,941.0,0.246148,1,p:1.3.4.2.3.1
U2470,99,FUSE1,137059.1,137059.1,143095.2,6036.1,6036.1,1003.0,0.166167,1,p:2.2.3.2.2.1
U2471,99,FUSE1,137116.9,137116.9,142682.0,5565.1,5565.1,1003.0,0.18023,1,p:1.1.3.2.2.1
U2472,99,FUSE1,137175.1,137175.1,139773.8,2598.7,2598.7,1003.0,0.385962,1,p:2.3.2.1.2.2
U2473,99,FUSE1,137232.9,137232.9,142657.2,5424.3,5424.3,1003.0,0.184909,1,p:1.2.4.1.3.2
U2474,99,FUSE1,137291.1,137291.1,140944.6,3653.5,3653.5,1003.0,0.274531,1,p:2.1.2.2.1.1
U2475,99,FUSE1,137348.9,137348.9,140591.8,3242.9,3242.9,1003.0,0.309291,1,p:1.3.1.2.1.1
U2476,99,FUSE1,137411.9,137411.9,142154.4,4742.5,4742.5,1003.0,0.211492,1,p:2.2.1.1.2.1
U2477,99,FUSE1,137464.9,137464.9,141829.4,4364.5,4364.5,1003.0,0.229809,1,p:1.1.1.2.1.2
U2478,99,FUSE1,137527.9,137527.9,141413.4,3885.5,3885.5,1003.0,0.258139,1,p:2.3.4.2.2.1
U2479,99,FUSE2,137580.9,137580.9,141674.6,4093.7,4093.7,1035.4,0.252925,1,p:1.2.2.1.1.1
U2480,99,FUSE2,137643.9,137643.9,141297.4,3653.5,3653.5,1035.4,0.283399,1,p:2.1.2.2.1.1
U2481,99,FUSE2,137696.9,137696.9,140502.4,2805.5,2805.5,1035.4,0.369061,1,p:1.3.5.1.2.2
U2482,99,FUSE2,137764.7,137764.7,141906.6,4141.9,4141.9,1035.4,0.249982,1,p:2.2.5.1.3.1
U2483,99,FUSE2,137812.9,137812.9,141568.2,3755.3,3755.3,1035.4,0.275717,1,p:1.1.5.2.2.2
U2484,99,FUSE2,137880.7,137880.7,141176.6,3295.9,3295.9,1035.4,0.314148,1,p:2.3.1.2.3.1
U2485,99,FUSE2,137928.9,137928.9,143916.8,5987.9,5987.9,1035.4,0.172915,1,p:1.2.3.1.3.1
U2486,99,FUSE2,137996.7,137996.7,143487.2,5490.5,5490.5,1035.4,0.18858,1,p:2.1.3.2.1.2
U2487,99,FUSE2,138044.9,138044.9,142038.4,3993.5,3993.5,1035.4,0.259271,1,p:1.3.4.1.1.1
U7542,301,FUSE0,138118.1,138118.1,142193.2,4075.1,4075.1,941.0,0.230915,1,p:2.2.5.2.1.2
U7543,301,FUSE0,138160.9,138160.9,143134.0,4973.1,4973.1,941.0,0.189218,1,p:1.1.4.2.1.2
U7544,301,FUSE0,138234.1,138234.1,141529.4,3295.3,3295.3,941.0,0.285558,1,p:2.3.1.1.3.1
U7545,301,FUSE0,138276.9,138276.9,144072.0,5795.1,5795.1,941.0,0.162379,1,p:1.2.3.2.3.2
U7546,301,FUSE0,138350.1,138350.1,142889.2,4539.1,4539.1,941.0,0.20731,1,p:2.1.1.1.2.2
U7547,301,FUSE0,138392.9,138392.9,142309.2,3916.3,3916.3,941.0,0.240278,1,p:1.3.4.2.2.2
U7548,301,FUSE0,138470.9,138470.9,142541.2,4070.3,4070.3,941.0,0.231187,1,p:2.2.2.1.2.2
U7549,301,FUSE1,138508.9,138508.9,143250.0,4741.1,4741.1,1003.0,0.211554,1,p:1.1.1.1.2.2
U7550,301,FUSE1,138586.9,138586.9,141331.4,2744.5,2744.5,1003.0,0.365458,1,p:2.3.5.1.3.2
U7551,301,FUSE1,138628.3,138628.3,144037.6,5409.3,5409.3,1003.0,0.185421,1,p:1.2.4.1.1.1
U7552,301,FUSE1,138702.9,138702.9,143800.8,5097.9,5097.9,1003.0,0.196748,1,p:2.1.4.2.2.1
U7553,301,FUSE1,138744.3,138744.3,143332.0,4587.7,4587.7,1003.0,0.218628,1,p:1.3.3.1.1.1
U7554,301,FUSE1,138828.7,138828.7,143684.8,4856.1,4856.1,1003.0,0.206544,1,p:2.2.1.1.1.1
U7555,301,FUSE1,138860.3,138860.3,143448.0,4587.7,4587.7,1003.0,0.218628,1,p:1.1.1.2.2.1
U7556,301,FUSE2,138944.7,138944.7,142979.2,4034.5,4034.5,1035.4,0.256637,1,p:2.3.4.1.1.1
U7557,301,FUSE2,138983.5,138983.5,143005.2,4021.7,4021.7,1035.4,0.257453,1,p:1.2.2.2.3.2
U7558,301,FUSE2,139060.7,139060.7,142798.0,3737.3,3737.3,1035.4,0.277045,1,p:2.1.5.1.3.1
U7559,301,FUSE2,139099.5,139099.5,142386.4,3286.9,3286.9,1035.4,0.315008,1,p:1.3.1.2.3.1
U7560,301,FUSE2,139181.5,139181.5,145213.6,6032.1,6032.1,1035.4,0.171648,1,p:2.2.3.1.1.1
U7561,301,FUSE2,139215.5,139215.5,144778.8,5563.3,5563.3,1035.4,0.186113,1,p:1.1.3.2.2.2
U7562,301,FUSE2,139297.5,139297.5,141945.4,2647.9,2647.9,1035.4,0.391027,1,p:2.3.2.2.2.2
U7563,301,FUSE2,139336.3,139336.3,143564.0,4227.7,4227.7,1035.4,0.244909,1,p:1.2.2.1.3.1
U3597,144,FUSE0,139413.5,139413.5,143211.2,3797.7,3797.7,941.0,0.247782,1,p:2.1.5.1.3.1
U3598,144,FUSE0,139452.3,139452.3,143603.2,4150.9,4150.9,941.0,0.226698,1,p:1.3.4.1.2.2
U3599,144,FUSE0,139534.3,139534.3,145368.4,5834.1,5834.1,941.0,0.161293,1,p:2.2.3.2.1.2
U3600,144,FUSE0,139568.3,139568.3,144536.0,4967.7,4967.7,941.0,0.189424,1,p:1.1.4.2.3.2
U3601,144,FUSE0,139650.3,139650.3,142270.4,2620.1,2620.1,941.0,0.359147,1,p:2.3.2.1.3.1
U3602,144,FUSE0,139689.1,139689.1,144304.0,4614.9,4614.9,941.0,0.203905,1,p:1.2.1.2.1.2
U3603,144,FUSE0,139766.3,139766.3,144188.0,4421.7,4421.7,941.0,0.212814,1,p:2.1.1.1.3.2
U3604,144,FUSE1,139805.1,139805.1,142566.0,2760.9,2760.9,1003.0,0.363287,1,p:1.3.5.2.1.1
U3605,144,FUSE1,139887.1,139887.1,144269.6,4382.5,4382.5,1003.0,0.228865,1,p:2.2.5.1.2.1
U3606,144,FUSE1,139921.1,139921.1,143719.2,3798.1,3798.1,1003.0,0.264079,1,p:1.1.5.2.3.2
U3607,144,FUSE1,140003.1,140003.1,144624.0,4620.9,4620.9,1003.0,0.217057,1,p:2.3.3.1.2.1
U3608,144,FUSE1,140041.9,140041.9,145566.4,5524.5,5524.5,1003.0,0.181555,1,p:1.2.4.1.1.1
U3609,144,FUSE1,140119.1,140119.1,145131.6,5012.5,5012.5,1003.0,0.2001,1,p:2.1.4.2.2.2
U3610,144,FUSE1,140157.9,140157.9,142773.2,2615.3,2615.3,1003.0,0.383512,1,p:1.3.2.2.1.2
U3611,144,FUSE2,140262.9,140262.9,145015.6,4752.7,4752.7,1035.4,0.217855,1,p:2.2.1.2.1.2
U3612,144,FUSE2,140273.9,140273.9,144153.6,3879.7,3879.7,1035.4,0.266876,1,p:1.1.2.2.2.1
U3613,144,FUSE2,140378.9,140378.9,144508.0,4129.1,4129.1,1035.4,0.250757,1,p:2.3.4.1.1.1
U3614,144,FUSE2,140417.7,140417.7,144860.8,4443.1,4443.1,1035.4,0.233035,1,p:1.2.5.1.1.1
U3615,144,FUSE2,140494.9,140494.9,145953.2,5458.3,5458.3,1035.4,0.189693,1,p:2.1.3.2.3.2
U3616,144,FUSE2,140533.7,140533.7,143840.0,3306.3,3306.3,1035.4,0.31316,1,p:1.3.1.2.1.2
U3617,144,FUSE2,140623.1,140623.1,146074.0,5450.9,5450.9,1035.4,0.18995,1,p:2.2.4.2.1.2
U3618,144,FUSE2,140649.7,140649.7,144385.6,3735.9,3735.9,1035.4,0.277149,1,p:1.1.2.1.3.1
U3619,144,FUSE2,140739.1,140739.1,143366.0,2626.9,2626.9,1035.4,0.394153,1,p:2.3.5.2.3.2
U6903,276,FUSE0,140777.9,140777.9,145484.4,4706.5,4706.5,941.0,0.199936,1,p:1.2.1.2.2.2
U6904,276,FUSE0,140855.1,140855.1,145445.6,4590.5,4590.5,941.0,0.204989,1,p:2.1.1.1.3.1
U6905,276,FUSE0,140893.9,140893.9,144976.8,4082.9,4082.9,941.0,0.230473,1,p:1.3.4.1.2.1
U6906,276,FUSE0,140975.9,140975.9,146306.0,5330.1,5330.1,941.0,0.176545,1,p:2.2.4.2.3.2
U6907,276,FUSE0,141009.9,141009.9,144894.8,3884.9,3884.9,941.0,0.24222,1,p:1.1.5.2.3.2
U6908,276,FUSE0,141091.9,141091.9,143956.0,2864.1,2864.1,941.0,0.32855,1,p:2.3.2.1.2.2
U6909,276,FUSE0,141130.7,141130.7,145247.6,4116.9,4116.9,941.0,0.22857,1,p:1.2.2.2.3.2
U6910,276,FUSE0,141207.9,141207.9,145329.6,4121.7,4121.7,941.0,0.228304,1,p:2.1.5.1.2.1
U6911,276,FUSE1,141246.7,141246.7,145798.4,4551.7,4551.7,1003.0,0.220357,1,p:1.3.3.1.3.1
U6912,276,FUSE1,141328.7,141328.7,146977.6,5648.9,5648.9,1003.0,0.177557,1,p:2.2.3.1.1.1
U6913,276,FUSE1,141362.7,141362.7,146542.8,5180.1,5180.1,1003.0,0.193626,1,p:1.1.3.2.2.2
U6914,276,FUSE1,141444.7,141444.7,144740.0,3295.3,3295.3,1003.0,0.304373,1,p:2.3.1.1.3.1
U6915,276,FUSE1,141483.5,141483.5,145682.4,4198.9,4198.9,1003.0,0.238872,1,p:1.2.2.1.2.1
U6916,276,FUSE1,141560.7,141560.7,145600.4,4039.7,4039.7,1003.0,0.248286,1,p:2.1.5.2.3.2
U6917,276,FUSE1,141599.5,141599.5,144420.0,2820.5,2820.5,1003.0,0.355611,1,p:1.3.5.2.2.2
U6918,276,FUSE1,141705.9,141705.9,146624.8,4918.9,4918.9,1003.0,0.203907,1,p:2.2.1.1.1.1
U6919,276,FUSE2,141715.5,141715.5,146190.0,4474.5,4474.5,1035.4,0.2314,1,p:1.1.1.2.2.2
U6920,276,FUSE2,141821.9,141821.9,145919.2,4097.3,4097.3,1035.4,0.252703,1,p:2.3.4.1.1.1
U6921,276,FUSE2,141860.7,141860.7,147446.6,5585.9,5585.9,1035.4,0.18536,1,p:1.2.4.1.2.1
U6922,276,FUSE2,141937.9,141937.9,146895.6,4957.7,4957.7,1035.4,0.208847,1,p:2.1.4.2.2.2
U6923,276,FUSE2,141976.7,141976.7,144662.8,2686.1,2686.1,1035.4,0.385466,1,p:1.3.2.2.1.2
U6924,276,FUSE2,142069.7,142069.7,146272.0,4202.3,4202.3,1035.4,0.246389,1,p:2.1.5.1.1.1
U6925,276,FUSE2,142092.7,142092.7,146151.2,4058.5,4058.5,1035.4,0.255119,1,p:1.2.2.1.3.1
E091,369,FUSE0,142185.7,142185.7,146388.0,4202.3,4202.3,941.0,0.223925,1,p:2.3.3.1.2.1
E092,369,FUSE0,142224.5,142224.5,147562.6,5338.1,5338.1,941.0,0.17628,1,p:1.1.3.1.3.1
E093,369,FUSE0,142301.7,142301.7,145092.8,2791.1,2791.1,941.0,0.337143,1,p:2.3.2.1.3.1
E094,369,FUSE0,142340.5,142340.5,147604.6,5264.1,5264.1,941.0,0.178758,1,p:1.2.3.2.2.2
E095,369,FUSE1,142417.7,142417.7,146426.8,4009.1,4009.1,1003.0,0.250181,1,p:2.1.5.2.1.2
E096,369,FUSE1,142456.5,142456.5,146035.2,3578.7,3578.7,1003.0,0.280269,1,p:1.3.1.1.2.1
E097,369,FUSE1,142572.5,142572.5,147841.4,5268.9,5268.9,1003.0,0.190362,1,p:2.2.4.2.1.2
E098,369,FUSE1,142597.3,142597.3,147093.6,4496.3,4496.3,1003.0,0.223072,1,p:1.1.1.1.2.1
E099,369,FUSE1,142688.5,142688.5,146740.8,4052.3,4052.3,1003.0,0.247514,1,p:2.3.4.1.2.1
E100,369,FUSE2,142713.3,142713.3,147330.6,4617.3,4617.3,1035.4,0.224244,1,p:1.2.1.1.1.1
E101,369,FUSE2,142804.5,142804.5,146779.6,3975.1,3975.1,1035.4,0.260471,1,p:2.1.5.2.1.2
E102,369,FUSE2,142829.3,142829.3,145837.2,3007.9,3007.9,1035.4,0.344227,1,p:1.3.5.2.2.2
E103,369,FUSE2,142920.5,142920.5,148215.4,5294.9,5294.9,1035.4,0.195547,1,p:2.2.3.2.1.1
E104,369,FUSE2,143010.5,143010.5,146658.8,3648.3,3648.3,1035.4,0.283803,1,p:1.1.2.2.3.2
E105,369,FUSE2,143036.5,143036.5,147135.8,4099.3,4099.3,1035.4,0.25258,1,p:2.3.3.2.1.2
U6926,276,FUSE2,143126.5,143126.5,147011.6,3885.1,3885.1,1035.4,0.266505,1,p:1.2.2.2.3.2
U2510,101,FUSE0,143165.3,143165.3,147683.4,4518.1,4518.1,941.0,0.208273,1,p:2.1.1.1.1.1
U2511,101,FUSE0,143242.5,143242.5,145721.2,2478.7,2478.7,941.0,0.379634,1,p:1.3.2.2.1.2
U2512,101,FUSE0,143281.3,143281.3,147915.4,4634.1,4634.1,941.0,0.20306,1,p:2.2.1.1.3.1
U2513,101,FUSE0,143363.3,143363.3,148450.6,5087.3,5087.3,941.0,0.18497,1,p:1.1.4.2.1.1
U2514,101,FUSE0,143397.3,143397.3,146856.8,3459.5,3459.5,941.0,0.272005,1,p:2.3.1.1.3.1
U2515,101,FUSE0,143479.3,143479.3,148038.4,4559.1,4559.1,941.0,0.2064,1,p:1.2.1.2.3.1
U2516,101,FUSE0,143518.5,143518.5,147367.8,3849.3,3849.3,941.0,0.24446,1,p:2.1.5.2.3.2
U2517,101,FUSE0,143595.3,143595.3,147488.6,3893.3,3893.3,941.0,0.241697,1,p:1.3.4.2.1.2
U2518,101,FUSE1,143634.5,143634.5,147720.6,4086.1,4086.1,1003.0,0.245466,1,p:2.2.5.2.3.2
U2519,101,FUSE1,143716.1,143716.1,147251.8,3535.7,3535.7,1003.0,0.283678,1,p:1.1.2.2.2.2
U2520,101,FUSE1,143750.5,143750.5,146504.0,2753.5,2753.5,1003.0,0.364264,1,p:2.3.2.1.3.1
U2521,101,FUSE1,143832.1,143832.1,149233.4,5401.3,5401.3,1003.0,0.185696,1,p:1.2.3.1.2.2
U2522,101,FUSE1,143871.3,143871.3,149117.4,5246.1,5246.1,1003.0,0.19119,1,p:2.1.4.1.3.2
U2523,101,FUSE1,143948.1,143948.1,148073.4,4125.3,4125.3,1003.0,0.243134,1,p:1.3.3.1.1.2
U2524,101,FUSE1,143987.3,143987.3,149465.4,5478.1,5478.1,1003.0,0.183093,1,p:2.2.4.1.3.2
U2525,101,FUSE1,144068.9,144068.9,147799.4,3730.5,3730.5,1003.0,0.268865,1,p:1.1.2.1.2.1
U2526,101,FUSE2,144103.3,144103.3,148305.4,4202.1,4202.1,1035.4,0.246401,1,p:2.3.4.1.3.2
U2527,101,FUSE2,144184.9,144184.9,148189.4,4004.5,4004.5,1035.4,0.258559,1,p:1.2.2.1.2.2
U2528,101,FUSE2,144219.3,144219.3,148769.4,4550.1,4550.1,1035.4,0.227555,1,p:2.1.1.1.3.2
U2529,101,FUSE2,144300.9,144300.9,147209.6,2908.7,2908.7,1035.4,0.355967,1,p:1.3.5.1.3.1
U2530,101,FUSE2,144335.3,144335.3,149035.4,4700.1,4700.1,1035.4,0.220293,1,p:2.2.1.2.2.1
U2531,101,FUSE2,144416.9,144416.9,148537.4,4120.5,4120.5,1035.4,0.25128,1,p:1.1.5.1.2.2
U2532,101,FUSE2,144451.3,144451.3,148566.6,4115.3,4115.3,1035.4,0.251598,1,p:2.3.3.2.3.1
U2533,101,FUSE2,144539.3,144539.3,148885.4,4346.1,4346.1,1035.4,0.238237,1,p:1.2.5.1.2.2
U7588,303,FUSE0,144567.3,144567.3,149813.4,5246.1,5246.1,941.0,0.179371,1,p:2.1.3.1.3.2
U7589,303,FUSE0,144655.3,144655.3,148682.6,4027.3,4027.3,941.0,0.233655,1,p:1.3.4.2.2.1
U7590,303,FUSE0,144694.1,144694.1,149349.4,4655.3,4655.3,941.0,0.202135,1,p:2.2.1.1.1.2
U7591,303,FUSE0,144771.3,144771.3,149878.6,5107.3,5107.3,941.0,0.184246,1,p:1.1.4.2.1.1
U7592,303,FUSE0,144810.1,144810.1,148803.4,3993.3,3993.3,941.0,0.235645,1,p:2.3.3.2.1.1
U7593,303,FUSE0,144892.1,144892.1,150231.4,5339.3,5339.3,941.0,0.17624,1,p:1.2.3.2.1.1
U7594,303,FUSE0,144926.1,144926.1,148653.4,3727.3,3727.3,941.0,0.252462,1,p:2.1.2.1.1.2
U7595,303,FUSE1,145008.1,145008.1,148421.4,3413.3,3413.3,1003.0,0.293851,1,p:1.3.1.1.3.2
U7596,303,FUSE1,145046.9,145046.9,149001.4,3954.5,3954.5,1003.0,0.253635,1,p:2.2.2.1.1.2
U7597,303,FUSE1,145124.1,145124.1,148919.4,3795.3,3795.3,1003.0,0.264274,1,p:1.1.5.2.3.1
U7598,303,FUSE1,145162.9,145162.9,147957.4,2794.5,2794.5,1003.0,0.358919,1,p:2.3.5.2.2.2
U7599,303,FUSE1,145244.9,145244.9,149929.4,4684.5,4684.5,1003.0,0.21411,1,p:1.2.1.1.2.2
U7600,303,FUSE1,145278.9,145278.9,150509.4,5230.5,5230.5,1003.0,0.19176,1,p:2.1.4.1.3.2
U7601,303,FUSE1,145360.9,145360.9,149398.4,4037.5,4037.5,1003.0,0.248421,1,p:1.3.3.2.2.1
U7602,303,FUSE2,145399.7,145399.7,150704.8,5305.1,5305.1,1035.4,0.195171,1,p:2.2.4.2.3.1
U7603,303,FUSE2,145476.9,145476.9,149282.4,3805.5,3805.5,1035.4,0.27208,1,p:1.1.5.2.3.1
U7604,303,FUSE2,145515.7,145515.7,149697.4,4181.7,4181.7,1035.4,0.247603,1,p:2.3.4.1.1.2
U7605,303,FUSE2,145597.7,145597.7,149641.8,4044.1,4044.1,1035.4,0.256027,1,p:1.2.5.2.3.1
U7606,303,FUSE2,145631.7,145631.7,150277.4,4645.7,4645.7,1035.4,0.222873,1,p:2.1.1.1.2.2
U7607,303,FUSE2,145713.7,145713.7,148331.4,2617.7,2617.7,1035.4,0.395538,1,p:1.3.2.2.2.1
U7608,303,FUSE2,145752.5,145752.5,150625.4,4872.9,4872.9,1035.4,0.212481,1,p:2.2.1.1.2.2
U7609,303,FUSE2,145829.7,145829.7,149581.4,3751.7,3751.7,1035.4,0.275982,1,p:1.1.2.1.2.2
U4471,179,FUSE0,145868.5,145868.5,150045.4,4176.9,4176.9,941.0,0.225287,1,p:2.3.3.1.1.2
U4472,179,FUSE0,145950.5,145950.5,149757.8,3807.3,3807.3,941.0,0.247157,1,p:1.2.2.2.2.1
U4473,179,FUSE0,145984.5,145984.5,151064.2,5079.7,5079.7,941.0,0.185247,1,p:2.1.3.2.3.1
U4474,179,FUSE0,146066.5,146066.5,150110.6,4044.1,4044.1,941.0,0.232685,1,p:1.3.4.2.2.1
U4475,179,FUSE0,146105.3,146105.3,150859.6,4754.3,4754.3,941.0,0.197926,1,p:2.2.1.1.3.2
U4476,179,FUSE0,146182.5,146182.5,151483.6,5301.1,5301.1,941.0,0.17751,1,p:1.1.4.1.1.2
U4477,179,FUSE0,146221.3,146221.3,149525.8,3304.5,3304.5,941.0,0.284763,1,p:2.3.1.2.1.1
U4478,179,FUSE0,146303.3,146303.3,151993.383,5690.083,5690.083,941.0,0.165375,1,p:1.2.3.1.2.2
U4479,179,FUSE0,146337.3,146337.3,153857.2,7519.9,7519.9,941.0,0.125135,1,p:2.1.1.1.3.2
U4480,179,FUSE1,146419.3,146419.3,150463.4,4044.1,4044.1,1003.0,0.248016,1,p:1.3.3.2.2.1
U4481,179,FUSE1,146458.1,146458.1,151678.4,5220.3,5220.3,1003.0,0.192135,1,p:2.2.4.2.1.1
U4482,179,FUSE1,146535.3,146535.3,153193.3468,6658.0468,6658.0468,1003.0,0.150645,1,p:1.1.2.1.3.2
U4483,179,FUSE1,146574.1,146574.1,149166.4,2592.3,2592.3,1003.0,0.386915,1,p:2.3.2.2.1.1
U4484,179,FUSE1,146656.1,146656.1,152129.2,5473.1,5473.1,1003.0,0.18326,1,p:1.2.3.1.3.1
U4485,179,FUSE1,146690.1,146690.1,154206.8,7516.7,7516.7,1003.0,0.133436,1,p:2.1.3.1.3.2
U4486,179,FUSE1,146772.1,146772.1,150820.8,4048.7,4048.7,1003.0,0.247734,1,p:1.3.3.2.2.1
U4487,179,FUSE1,146810.9,146810.9,150393.4,3582.5,3582.5,1003.0,0.279972,1,p:2.2.5.1.1.2
U4488,179,FUSE2,146888.1,146888.1,153727.2,6839.1,6839.1,1035.4,0.151394,1,p:1.1.5.1.3.2
U4489,179,FUSE2,146926.9,146926.9,151219.0,4292.1,4292.1,1035.4,0.241234,1,p:2.3.4.1.3.2
U4490,179,FUSE2,147008.9,147008.9,150347.4,3338.5,3338.5,1035.4,0.310139,1,p:1.2.2.2.3.1
U4491,179,FUSE2,147042.9,147042.9,153513.6,6470.7,6470.7,1035.4,0.160014,1,p:2.1.2.2.1.1
U4492,179,FUSE2,147124.9,147124.9,149994.6,2869.7,2869.7,1035.4,0.360804,1,p:1.3.5.2.3.1
U4493,179,FUSE2,147167.1,147167.1,150588.8,3421.7,3421.7,1035.4,0.302598,1,p:2.2.5.2.1.1
U4494,179,FUSE2,147240.9,147240.9,155036.2,7795.3,7795.3,1035.4,0.132824,1,p:1.1.4.1.2.2
U4495,179,FUSE2,147283.1,147283.1,151550.2,4267.1,4267.1,1035.4,0.242647,1,p:2.3.3.2.3.1
U4496,179,FUSE2,147361.9,147361.9,151715.6,4353.7,4353.7,1035.4,0.237821,1,p:1.2.1.1.3.2
U4574,183,FUSE0,147399.1,147399.1,155299.4,7900.3,7900.3,941.0,0.119109,1,p:2.1.1.1.3.2
U4575,183,FUSE0,147477.9,147477.9,151103.0,3625.1,3625.1,941.0,0.259579,1,p:1.3.1.1.1.2
U4576,183,FUSE0,147519.9,147519.9,150975.6,3455.7,3455.7,941.0,0.272304,1,p:2.2.5.1.2.2
U4577,183,FUSE0,147593.9,147593.9,155735.6,8141.7,8141.7,941.0,0.115578,1,p:1.1.4.1.3.1
U4578,183,FUSE0,147635.9,147635.9,150161.4,2525.5,2525.5,941.0,0.372599,1,p:2.3.2.1.3.2
U4579,183,FUSE0,147714.7,147714.7,152729.3468,5014.6468,5014.6468,941.0,0.18765,1,p:1.2.4.1.3.2
U4580,183,FUSE0,147751.9,147751.9,151318.2,3566.3,3566.3,941.0,0.263859,1,p:2.3.1.2.2.1
E106,358,FUSE0,147830.7,147830.7,152961.3468,5130.6468,5130.6468,941.0,0.183408,1,p:1.2.4.1.2.2
E107,358,FUSE0,147872.7,147872.7,151954.4,4081.7,4081.7,941.0,0.230541,1,p:2.3.4.1.3.1
E108,358,FUSE0,147946.7,147946.7,153077.3468,5130.6468,5130.6468,941.0,0.183408,1,p:1.2.3.1.1.2
E109,358,FUSE1,147988.7,147988.7,152399.2,4410.5,4410.5,1003.0,0.227412,1,p:2.3.3.1.1.1
E110,358,FUSE1,148069.7,148069.7,153003.2,4933.5,4933.5,1003.0,0.203304,1,p:1.2.4.2.3.1
E111,358,FUSE1,148104.7,148104.7,152245.2,4140.5,4140.5,1003.0,0.242241,1,p:2.3.4.2.1.1
E112,358,FUSE1,148220.7,148220.7,151434.2,3213.5,3213.5,1003.0,0.312121,1,p:1.2.5.1.1.1
E113,358,FUSE1,148246.7,148246.7,150743.6,2496.9,2496.9,1003.0,0.401698,1,p:2.3.2.1.1.2
E114,358,FUSE1,148336.7,148336.7,153397.6,5060.9,5060.9,1003.0,0.198186,1,p:1.2.4.2.3.1
E115,358,FUSE2,148362.7,148362.7,152873.2,4510.5,4510.5,1035.4,0.229553,1,p:2.3.3.1.3.1
E116,358,FUSE2,148452.7,148452.7,151831.6,3378.9,3378.9,1035.4,0.306431,1,p:1.2.5.2.2.2
E117,358,FUSE2,148481.9,148481.9,152149.3468,3667.4468,3667.4468,1035.4,0.282322,1,p:2.3.1.1.2.2
E118,358,FUSE2,148568.7,148568.7,153745.6,5176.9,5176.9,1035.4,0.200004,1,p:1.2.4.2.1.1
E119,358,FUSE2,148597.9,148597.9,150948.2,2350.3,2350.3,1035.4,0.44054,1,p:2.3.2.2.1.1
E120,358,FUSE2,148684.7,148684.7,151794.4,3109.7,3109.7,1035.4,0.332958,1,p:1.2.2.2.3.1
E121,358,FUSE2,148713.9,148713.9,152381.3468,3667.4468,3667.4468,1035.4,0.282322,1,p:2.3.1.2.3.2
E122,368,FUSE0,148800.7,148800.7,153973.2,5172.5,5172.5,941.0,0.181924,1,p:1.2.4.2.1.2
E123,368,FUSE0,148834.7,148834.7,151180.2,2345.5,2345.5,941.0,0.401194,1,p:2.3.2.2.2.1
E124,368,FUSE0,148916.7,148916.7,152265.3468,3348.6468,3348.6468,941.0,0.281009,1,p:1.2.2.2.2.2
E125,368,FUSE0,148950.7,148950.7,153309.3468,4358.6468,4358.6468,941.0,0.215893,1,p:2.3.3.1.1.2
E126,368,FUSE0,149032.7,149032.7,152631.2,3598.5,3598.5,941.0,0.261498,1,p:1.2.5.1.2.1
E127,368,FUSE0,149066.7,149066.7,152515.2,3448.5,3448.5,941.0,0.272872,1,p:2.3.1.2.3.1
E128,368,FUSE0,149148.7,149148.7,152757.2,3608.5,3608.5,941.0,0.260773,1,p:1.2.5.2.2.1
E129,368,FUSE1,149197.7,149197.7,151599.6,2401.9,2401.9,1003.0,0.417586,1,p:2.3.2.1.2.2
E130,368,FUSE1,149264.7,149264.7,154446.4,5181.7,5181.7,1003.0,0.193566,1,p:1.2.4.1.1.1
E131,368,FUSE1,149313.7,149313.7,153436.4,4122.7,4122.7,1003.0,0.243287,1,p:2.3.3.2.2.2
E132,368,FUSE1,149380.7,149380.7,154089.2,4708.5,4708.5,1003.0,0.213019,1,p:1.2.1.2.3.2
E133,368,FUSE1,149429.7,149429.7,152845.3468,3415.6468,3415.6468,1003.0,0.293649,1,p:2.3.1.2.1.2
E134,368,FUSE1,149496.7,149496.7,153119.2,3622.5,3622.5,1003.0,0.276881,1,p:1.2.2.2.2.1
E135,368,FUSE2,149557.1,149557.1,152497.3468,2940.2468,2940.2468,1035.4,0.352147,1,p:2.3.5.1.2.2
E136,368,FUSE2,149612.7,149612.7,153980.8,4368.1,4368.1,1035.4,0.237037,1,p:1.2.5.1.2.1
E137,368,FUSE2,149673.1,149673.1,153629.6,3956.5,3956.5,1035.4,0.261696,1,p:2.3.1.1.3.1
E138,368,FUSE2,149728.7,149728.7,154096.8,4368.1,4368.1,1035.4,0.237037,1,p:1.2.2.1.1.1
E139,368,FUSE2,149789.1,149789.1,152613.3468,2824.2468,2824.2468,1035.4,0.366611,1,p:2.3.2.2.1.2
E140,368,FUSE2,149844.7,149844.7,154330.4,4485.7,4485.7,1035.4,0.230822,1,p:1.2.5.1.2.1
E141,364,FUSE0,149909.9,149909.9,153861.6,3951.7,3951.7,941.0,0.238125,1,p:2.3.3.1.2.1
E142,364,FUSE0,149960.7,149960.7,154794.4,4833.7,4833.7,941.0,0.194675,1,p:1.2.3.1.1.1
E143,364,FUSE0,150025.9,150025.9,153611.2,3585.3,3585.3,941.0,0.262461,1,p:2.3.1.2.2.2
E144,364,FUSE0,150076.7,150076.7,154438.8,4362.1,4362.1,941.0,0.215722,1,p:1.1.5.2.3.2
E145,364,FUSE0,150141.9,150141.9,154688.2,4546.3,4546.3,941.0,0.206982,1,p:2.2.2.1.2.2
E146,364,FUSE0,150192.7,150192.7,153281.6,3088.9,3088.9,941.0,0.304639,1,p:1.3.5.1.2.1
E147,364,FUSE1,150262.7,150262.7,155287.8,5025.1,5025.1,1003.0,0.199598,1,p:2.1.4.2.2.1
E148,364,FUSE1,150308.7,150308.7,154572.2,4263.5,4263.5,1003.0,0.235253,1,p:1.2.5.2.1.2
E149,364,FUSE1,150378.7,150378.7,154678.4,4299.7,4299.7,1003.0,0.233272,1,p:2.3.1.1.3.1
E150,364,FUSE1,150424.7,150424.7,155656.8,5232.1,5232.1,1003.0,0.191701,1,p:1.1.1.1.2.2
E151,364,FUSE1,150494.7,150494.7,156129.6,5634.9,5634.9,1003.0,0.177998,1,p:2.2.4.1.3.2
E152,364,FUSE1,150540.7,150540.7,154562.4,4021.7,4021.7,1003.0,0.249397,1,p:1.3.4.2.2.1
E153,364,FUSE2,150620.1,150620.1,155144.6,4524.5,4524.5,1035.4,0.228843,1,p:2.1.5.2.3.1
E154,364,FUSE2,150656.7,150656.7,155424.8,4768.1,4768.1,1035.4,0.217151,1,p:1.2.3.1.1.2
E155,364,FUSE2,150736.1,150736.1,154920.2,4184.1,4184.1,1035.4,0.247461,1,p:2.3.1.1.3.2
E156,364,FUSE2,150774.9,150774.9,155540.8,4765.9,4765.9,1035.4,0.217252,1,p:1.1.2.1.3.2
E157,364,FUSE2,150852.1,150852.1,155183.4,4331.3,4331.3,1035.4,0.239051,1,p:2.2.5.2.1.2
E158,364,FUSE2,150890.9,150890.9,154322.8,3431.9,3431.9,1035.4,0.301699,1,p:1.3.3.2.1.2
E159,353,FUSE0,150979.5,150979.5,155972.4,4992.9,4992.9,941.0,0.188468,1,p:2.1.1.2.1.1
E160,353,FUSE0,151006.9,151006.9,156325.2,5318.3,5318.3,941.0,0.176936,1,p:1.2.4.2.1.1
E161,353,FUSE0,151095.5,151095.5,154212.8,3117.3,3117.3,941.0,0.301864,1,p:2.3.2.2.2.1
E162,353,FUSE0,151134.3,151134.3,156483.2,5348.9,5348.9,941.0,0.175924,1,p:1.1.1.1.1.2
E163,353,FUSE0,151211.5,151211.5,155777.6,4566.1,4566.1,941.0,0.206084,1,p:2.2.5.1.1.2
E164,353,FUSE0,151250.3,151250.3,155028.6,3778.3,3778.3,941.0,0.249054,1,p:1.3.1.2.1.1
E207,358,FUSE0,151349.5,151349.5,155619.6,4270.1,4270.1,941.0,0.22037,1,p:2.1.2.2.1.1
E208,358,FUSE0,151465.5,151465.5,156599.2,5133.7,5133.7,941.0,0.183299,1,p:1.2.1.2.2.2
E209,358,FUSE1,151514.9,151514.9,156009.6,4494.7,4494.7,1003.0,0.223152,1,p:2.1.3.1.2.2
E210,358,FUSE2,151581.5,151581.5,154910.4,3328.9,3328.9,1035.4,0.311034,1,p:1.3.3.2.2.1
E211,368,FUSE0,151630.9,151630.9,156245.6,4614.7,4614.7,941.0,0.203914,1,p:2.2.2.1.1.2
E165,353,FUSE1,151709.7,151709.7,156952.0,5242.3,5242.3,1003.0,0.191328,1,p:1.1.4.2.2.2
E166,353,FUSE1,151746.9,151746.9,154804.2,3057.3,3057.3,1003.0,0.328067,1,p:2.3.2.2.3.2
E167,353,FUSE1,151825.7,151825.7,157304.8,5479.1,5479.1,1003.0,0.183059,1,p:1.2.4.2.2.2
E168,353,FUSE1,151862.9,151862.9,157146.8,5283.9,5283.9,1003.0,0.189822,1,p:2.1.1.1.2.1
E214,358,FUSE1,151985.7,151985.7,156204.4,4218.7,4218.7,1003.0,0.237751,1,p:1.2.5.2.2.1
E215,358,FUSE2,152024.683,152024.683,156715.2,4690.517,4690.517,1035.4,0.220743,1,p:2.1.2.2.3.2
E216,358,FUSE2,152160.5,152160.5,157852.4,5691.9,5691.9,1035.4,0.181908,1,p:1.2.4.1.2.1
E218,358,FUSE0,152180.6468,152180.6468,156910.0,4729.3532,4729.3532,941.0,0.19897,1,p:2.1.3.1.3.1
E217,368,FUSE1,152276.5,152276.5,156088.4,3811.9,3811.9,1003.0,0.263123,1,p:1.3.1.2.3.1
E169,353,FUSE1,152296.6468,152296.6468,156794.0,4497.3532,4497.3532,1003.0,0.22302,1,p:2.2.5.1.2.1
E170,353,FUSE2,152412.6468,152412.6468,157773.6,5360.9532,5360.9532,1035.4,0.193137,1,p:1.1.1.2.3.2
E171,353,FUSE2,152430.5,152430.5,156557.2,4126.7,4126.7,1035.4,0.250903,1,p:2.3.4.1.3.1
E172,353,FUSE2,152528.6468,152528.6468,158205.2,5676.5532,5676.5532,1035.4,0.182399,1,p:1.2.4.1.2.1
E173,353,FUSE2,152546.5,152546.5,157615.6,5069.1,5069.1,1035.4,0.204257,1,p:2.1.2.1.3.1
E174,353,FUSE2,152644.6468,152644.6468,155893.6,3248.9532,3248.9532,1035.4,0.318687,1,p:1.3.2.1.3.2
E175,356,FUSE0,152662.5,152662.5,157068.0,4405.5,4405.5,941.0,0.213597,1,p:2.2.5.2.3.2
E176,356,FUSE0,152760.6468,152760.6468,157736.4,4975.7532,4975.7532,941.0,0.189117,1,p:1.1.1.2.1.1
E177,356,FUSE0,152788.5,152788.5,155462.6,2674.1,2674.1,941.0,0.351894,1,p:2.3.3.2.2.1
E178,356,FUSE0,152876.6468,152876.6468,158674.0,5797.3532,5797.3532,941.0,0.162315,1,p:1.2.4.1.3.1
E179,356,FUSE0,152904.5,152904.5,157030.8,4126.3,4126.3,941.0,0.228049,1,p:2.1.5.2.1.1
E180,356,FUSE0,152992.6468,152992.6468,156836.0,3843.3532,3843.3532,941.0,0.244838,1,p:1.3.4.1.1.2
E181,356,FUSE0,153034.5,153034.5,158247.2,5212.7,5212.7,941.0,0.180521,1,p:2.2.1.1.1.2
E182,356,FUSE1,153108.6468,153108.6468,159026.8,5918.1532,5918.1532,1003.0,0.169479,1,p:1.1.4.1.3.1
E183,356,FUSE1,153150.5,153150.5,155851.6,2701.1,2701.1,1003.0,0.37133,1,p:2.3.5.2.2.1
E184,356,FUSE1,153224.6468,153224.6468,157968.4,4743.7532,4743.7532,1003.0,0.211436,1,p:1.2.3.1.3.1
E185,356,FUSE1,153312.9,153312.9,158363.2,5050.3,5050.3,1003.0,0.198602,1,p:2.2.2.2.2.2
E219,358,FUSE0,153340.6468,153340.6468,156361.6,3020.9532,3020.9532,941.0,0.311491,1,p:1.3.2.2.3.2
E220,358,FUSE0,153428.9,153452.8468,157894.4,4465.5,4465.5,941.0,0.210727,1,p:1.1.2.1.1.2
E221,358,FUSE1,153467.7,153565.0468,158952.8,5485.1,5485.1,1003.0,0.182859,1,p:1.2.4.1.1.2
E222,358,FUSE1,153544.9,153677.2468,156441.2,2896.3,2896.3,1003.0,0.346304,1,p:1.3.3.1.2.1
E223,358,FUSE1,153642.5,153789.4468,158321.2,4678.7,4678.7,1003.0,0.214376,1,p:1.1.3.1.3.1
E224,358,FUSE2,153660.9,153901.6468,158010.4,4349.5,4349.5,1035.4,0.23805,1,p:1.2.2.2.2.2
E225,358,FUSE2,153758.5,154013.8468,157420.8,3662.3,3662.3,1035.4,0.282719,1,p:1.3.1.2.3.2
E226,358,FUSE2,153776.9,154126.0468,158089.2,4312.3,4312.3,1035.4,0.240104,1,p:1.2.3.2.1.1
E227,368,FUSE0,153888.5,154238.2468,157262.8,3374.3,3374.3,941.0,0.278873,1,p:1.3.2.1.3.1
E228,368,FUSE0,153892.9,154350.4468,159263.6,5370.7,5370.7,941.0,0.17521,1,p:1.2.1.1.2.1
E229,368,FUSE0,154004.5,154332.1499,158600.0,4595.5,4595.5,941.0,0.204766,1,p:2.1.1.1.1.2
E230,368,FUSE0,154012.1,154462.6468,158126.4,4114.3,4114.3,941.0,0.228714,1,p:1.1.5.2.3.2
E231,368,FUSE0,154120.5,154444.3499,156678.0,2557.5,2557.5,941.0,0.367937,1,p:2.3.3.2.1.1
E232,368,FUSE1,154128.1,154574.8468,157188.8,3060.7,3060.7,1003.0,0.327703,1,p:1.3.3.1.1.2
E233,368,FUSE1,154238.1,154556.5499,159537.6,5299.5,5299.5,1003.0,0.189263,1,p:2.2.1.2.3.2
E234,368,FUSE2,154244.1,154687.0468,159379.6,5135.5,5135.5,1035.4,0.201616,1,p:1.2.3.1.3.1
E237,358,FUSE1,154354.1,154668.7499,158479.2,4125.1,4125.1,1003.0,0.243146,1,p:2.1.5.2.3.2
E238,358,FUSE2,154361.7,154799.2468,158442.0,4080.3,4080.3,1035.4,0.253756,1,p:1.1.3.2.1.1
E235,368,FUSE2,154470.1,154780.9499,157383.6,2913.5,2913.5,1035.4,0.35538,1,p:2.3.2.2.1.1
E239,368,FUSE0,154477.7,154911.4468,157499.6,3021.9,3021.9,941.0,0.311393,1,p:1.3.3.1.2.1
E240,368,FUSE1,154593.7,154893.1499,158794.8,4201.1,4201.1,1003.0,0.238747,1,p:2.2.5.2.1.1
E241,368,FUSE1,154603.5,155023.6468,159421.6,4818.1,4818.1,1003.0,0.208173,1,p:1.2.2.1.2.2
E242,368,FUSE2,154709.7,155005.3499,158832.0,4122.3,4122.3,1035.4,0.25117,1,p:2.1.5.2.3.2
E243,368,FUSE2,154719.5,155135.8468,159184.8,4465.3,4465.3,1035.4,0.231877,1,p:1.1.2.2.3.2
E244,368,FUSE2,154825.7,155117.5499,157541.6,2715.9,2715.9,1035.4,0.381236,1,p:2.3.5.1.1.2
E236,364,FUSE0,154835.5,155248.0468,158558.0,3722.5,3722.5,941.0,0.252787,1,p:1.3.1.1.2.1
E245,364,FUSE0,154941.7,155229.7499,159679.8,4738.1,4738.1,941.0,0.198603,1,p:2.2.1.2.1.2
E246,364,FUSE0,154951.5,155360.2468,160499.6,5548.1,5548.1,941.0,0.169608,1,p:1.2.1.1.3.2
E247,353,FUSE0,155059.9,155341.9499,160375.8,5315.9,5315.9,941.0,0.177016,1,p:2.1.4.1.3.2
E186,356,FUSE1,155067.5,155472.4468,160259.8,5192.3,5192.3,1003.0,0.193171,1,p:1.1.4.2.1.2
E187,356,FUSE1,155175.9,155454.1499,157657.6,2481.7,2481.7,1003.0,0.404158,1,p:2.3.5.2.2.2
E188,356,FUSE2,155214.7,155584.6468,159068.8,3854.1,3854.1,1035.4,0.268649,1,p:1.3.4.2.2.2
E189,356,FUSE2,155319.1,155566.3499,159500.4,4181.3,4181.3,1035.4,0.247626,1,p:2.2.5.2.1.1
E190,356,FUSE2,155330.7,155696.8468,159911.8,4581.1,4581.1,1035.4,0.226016,1,p:1.2.2.2.1.2
E191,356,FUSE2,155456.1,155809.0468,160694.4,5238.3,5238.3,1035.4,0.19766,1,p:1.1.4.2.3.1
E192,356,FUSE2,155493.9,155678.5499,159305.6,3811.7,3811.7,1035.4,0.271637,1,p:2.1.5.1.1.2
E193,356,FUSE2,155572.1,155921.2468,159848.4,4276.3,4276.3,1035.4,0.242125,1,p:1.3.4.1.3.1
E194,369,FUSE0,155650.9,155790.7499,158716.0,3065.1,3065.1,941.0,0.307005,1,p:2.3.1.2.2.2
E195,369,FUSE0,155688.1,156033.4468,161051.0,5362.9,5362.9,941.0,0.175465,1,p:1.2.4.2.1.1
E196,369,FUSE0,155766.9,155902.9499,159964.4,4197.5,4197.5,941.0,0.224181,1,p:2.2.3.2.2.1
E197,369,FUSE0,155808.9,156145.6468,160312.4,4503.5,4503.5,941.0,0.208949,1,p:1.1.1.2.2.1
E198,369,FUSE1,155882.9,156015.1499,160196.4,4313.5,4313.5,1003.0,0.232526,1,p:2.1.3.1.3.1
E199,369,FUSE1,155924.9,156127.3499,158910.8,2985.9,2985.9,1003.0,0.335912,1,p:2.3.2.1.2.1
E200,369,FUSE1,156003.7,156257.8468,159616.4,3612.7,3612.7,1003.0,0.277632,1,p:1.3.4.2.2.1
E201,369,FUSE1,156040.9,156239.5499,160615.6,4574.7,4574.7,1003.0,0.219249,1,p:2.2.2.1.1.2
E202,369,FUSE2,156119.7,156370.0468,160849.2,4729.5,4729.5,1035.4,0.218924,1,p:1.2.3.1.3.2
E203,369,FUSE2,156160.9,156351.7499,160428.4,4267.5,4267.5,1035.4,0.242624,1,p:2.1.2.1.1.1
E204,369,FUSE2,156235.7,156482.2468,160080.4,3844.7,3844.7,1035.4,0.269306,1,p:1.1.5.2.1.1
E205,369,FUSE2,156276.9,156463.9499,159795.8,3518.9,3518.9,1035.4,0.29424,1,p:2.3.1.1.2.2
E206,369,FUSE2,156356.5,156594.4468,159147.6,2791.1,2791.1,1035.4,0.370965,1,p:1.3.3.2.1.1
E212,369,FUSE1,156392.9,156576.1499,162138.9,5746.0,5746.0,1003.0,0.174556,1,p:2.2.4.1.3.1
E213,369,FUSE2,156472.5,156706.6468,161625.6,5153.1,5153.1,1035.4,0.200928,1,p:1.1.4.2.1.1
U4581,183,FUSE1,156514.5,156818.8468,161600.0,5085.5,5085.5,1003.0,0.197227,1,p:1.1.1.1.3.2
U4582,183,FUSE1,156588.5,156688.3499,161484.0,4895.5,4895.5,1003.0,0.204882,1,p:2.2.2.1.2.2
U4583,183,FUSE1,156630.5,156931.0468,160027.8,3397.3,3397.3,1003.0,0.295234,1,p:1.3.3.1.3.2
U4584,183,FUSE1,156709.3,156800.5499,162254.9,5545.6,5545.6,1003.0,0.180864,1,p:2.1.4.2.2.1
U4585,183,FUSE1,156746.5,157043.2468,162180.0,5433.5,5433.5,1003.0,0.184596,1,p:1.2.1.1.1.2
U4586,183,FUSE1,156825.3,156912.7499,159732.4,2907.1,2907.1,1003.0,0.345017,1,p:2.3.2.2.3.1
U4587,183,FUSE1,156867.3,157155.4468,161197.2,4329.9,4329.9,1003.0,0.231645,1,p:1.1.5.1.2.2
U4588,183,FUSE2,156941.3,157024.9499,161218.8,4277.5,4277.5,1035.4,0.242057,1,p:2.2.3.2.3.1
U4589,183,FUSE2,156983.3,157267.6468,161313.2,4329.9,4329.9,1035.4,0.239128,1,p:1.3.4.1.2.2
U4590,183,FUSE2,157062.1,157137.1499,162370.9,5308.8,5308.8,1035.4,0.195035,1,p:2.1.1.2.1.1
U4591,183,FUSE2,157099.3,157379.8468,161832.0,4732.7,4732.7,1035.4,0.218776,1,p:1.2.2.1.3.2
U4592,183,FUSE2,157178.1,157249.3499,160143.8,2965.7,2965.7,1035.4,0.349125,1,p:2.3.5.1.2.2
U4593,183,FUSE2,157220.1,157492.0468,161790.9,4570.8,4570.8,1035.4,0.226525,1,p:1.1.3.2.1.1
U4594,183,FUSE2,157294.1,157361.5499,162602.9,5308.8,5308.8,1035.4,0.195035,1,p:2.2.4.2.2.1
U4595,183,FUSE2,157336.1,157604.2468,161081.2,3745.1,3745.1,1035.4,0.276468,1,p:1.3.1.1.3.2
U2861,115,FUSE0,157414.9,157473.7499,162516.8,5101.9,5101.9,941.0,0.184441,1,p:2.1.2.1.1.2
U2862,115,FUSE0,157452.1,157716.4468,161393.6,3941.5,3941.5,941.0,0.238742,1,p:1.2.5.2.3.1
U2863,115,FUSE0,157530.9,157585.9499,160731.6,3200.7,3200.7,941.0,0.293998,1,p:2.3.3.1.2.2
U2864,115,FUSE0,157572.9,157828.6468,162486.9,4914.0,4914.0,941.0,0.191494,1,p:1.1.2.2.2.1
U2865,115,FUSE0,157646.9,157698.1499,162955.2,5308.3,5308.3,941.0,0.17727,1,p:2.2.4.1.3.2
U2866,115,FUSE0,157688.9,157940.8468,160926.4,3237.5,3237.5,941.0,0.290656,1,p:1.3.1.2.1.1
U2867,115,FUSE0,157767.7,157810.3499,161948.0,4180.3,4180.3,941.0,0.225103,1,p:2.1.5.1.1.2
U2868,115,FUSE0,157804.9,158053.0468,162022.9,4218.0,4218.0,941.0,0.223092,1,p:1.2.3.2.3.1
U2869,115,FUSE0,157883.7,157922.5499,160965.2,3081.5,3081.5,941.0,0.305371,1,p:2.3.2.1.2.2
U2870,115,FUSE1,157925.7,158165.2468,163266.0,5340.3,5340.3,1003.0,0.187817,1,p:1.1.4.2.1.1
U2871,115,FUSE1,157999.7,158034.7499,163304.8,5305.1,5305.1,1003.0,0.189063,1,p:2.2.1.1.3.2
U2872,115,FUSE1,158041.7,158277.4468,160544.4,2502.7,2502.7,1003.0,0.400767,1,p:1.3.5.2.2.1
U2873,115,FUSE1,158120.5,158146.9499,162644.9,4524.4,4524.4,1003.0,0.221687,1,p:2.1.3.1.1.2
U2874,115,FUSE1,158157.7,158389.6468,162800.4,4642.7,4642.7,1003.0,0.216038,1,p:1.2.2.2.3.1
U2875,115,FUSE1,158236.5,158259.1499,161509.6,3273.1,3273.1,1003.0,0.306437,1,p:2.3.1.2.1.1
U2876,115,FUSE1,158278.5,158501.8468,164280.8,6002.3,6002.3,1003.0,0.167103,1,p:1.1.4.1.2.2
U2877,115,FUSE1,158352.5,158371.3499,162400.8,4048.3,4048.3,1003.0,0.247758,1,p:2.2.5.1.3.2
U2878,115,FUSE1,158394.5,158614.0468,160810.4,2415.9,2415.9,1003.0,0.415166,1,p:1.3.3.2.2.1
U2879,115,FUSE2,158473.3,158483.5499,163420.8,4947.5,4947.5,1035.4,0.209277,1,p:2.1.2.1.1.2
U2880,115,FUSE2,158510.5,158726.2468,163962.0,5451.5,5451.5,1035.4,0.189929,1,p:1.2.4.2.3.1
U2881,115,FUSE2,158589.3,158595.7499,162760.9,4171.6,4171.6,1035.4,0.248202,1,p:2.3.1.1.2.2
U2882,115,FUSE2,158631.3,158838.4468,162916.4,4285.1,4285.1,1035.4,0.241628,1,p:1.1.5.2.1.1
U2883,115,FUSE2,158705.3,158707.9499,163536.8,4831.5,4831.5,1035.4,0.214302,1,p:2.2.3.1.3.2
U2884,115,FUSE2,158747.3,158950.6468,161906.9,3159.6,3159.6,1035.4,0.3277,1,p:1.3.2.2.2.1
U2885,115,FUSE2,158826.1,158826.1,164396.8,5570.7,5570.7,1035.4,0.185865,1,p:2.1.4.1.1.2
U2886,115,FUSE2,158863.3,159062.8468,163730.0,4866.7,4866.7,1035.4,0.212752,1,p:1.2.1.2.3.1
U5090,204,FUSE0,158942.1,158942.1,161716.0,2773.9,2773.9,941.0,0.339234,1,p:2.3.5.1.2.2
U5091,204,FUSE0,158984.1,159175.0468,163614.0,4629.9,4629.9,941.0,0.203244,1,p:1.1.3.2.1.1
U5092,204,FUSE0,159058.1,159058.1,164047.2,4989.1,4989.1,941.0,0.188611,1,p:2.2.2.1.3.2
U5093,204,FUSE0,159100.1,159287.2468,163382.0,4281.9,4281.9,941.0,0.219762,1,p:1.3.4.2.2.1
U5094,204,FUSE0,159178.9,159178.9,164163.2,4984.3,4984.3,941.0,0.188793,1,p:2.1.1.1.1.2
U5095,204,FUSE0,159216.1,159399.4468,163150.0,3933.9,3933.9,941.0,0.239203,1,p:1.2.5.2.3.1
U5096,204,FUSE0,159294.9,159294.9,162064.0,2769.1,2769.1,941.0,0.339822,1,p:2.3.3.1.2.2
U5097,204,FUSE0,159336.9,159511.6468,164078.0,4741.1,4741.1,941.0,0.198477,1,p:1.1.2.2.1.1
U5098,204,FUSE0,159410.9,159410.9,165448.8,6037.9,6037.9,941.0,0.155849,1,p:2.2.4.1.3.2
U5099,204,FUSE0,159452.9,159623.8468,163032.4,3579.5,3579.5,941.0,0.262886,1,p:1.3.1.2.2.1
U5100,204,FUSE1,159531.7,159531.7,163768.8,4237.1,4237.1,1003.0,0.236719,1,p:2.1.5.1.1.2
U5101,204,FUSE1,159568.9,159736.0468,164310.0,4741.1,4741.1,1003.0,0.211554,1,p:1.2.3.2.3.1
U5102,204,FUSE1,159647.7,159647.7,163187.2,3539.5,3539.5,1003.0,0.283373,1,p:2.3.2.1.2.2
U5103,204,FUSE1,159711.1,159848.2468,165756.4,6045.3,6045.3,1003.0,0.165914,1,p:1.1.4.2.1.1
U5104,204,FUSE1,159763.7,159763.7,164512.8,4749.1,4749.1,1003.0,0.211198,1,p:2.2.1.1.3.2
U5105,204,FUSE1,159827.1,159960.4468,163071.2,3244.1,3244.1,1003.0,0.309177,1,p:1.3.3.1.1.2
U5106,204,FUSE1,159879.7,159879.7,164194.0,4314.3,4314.3,1003.0,0.232483,1,p:2.1.5.2.2.1
U5107,204,FUSE1,159943.1,160072.6468,164594.8,4651.7,4651.7,1003.0,0.21562,1,p:1.2.2.2.3.1
U5108,204,FUSE1,159995.7,159995.7,163931.2,3935.5,3935.5,1003.0,0.25486,1,p:2.3.1.1.2.2
U5109,204,FUSE2,160059.1,160184.8468,166452.4,6393.3,6393.3,1035.4,0.161951,1,p:1.1.4.2.1.1
U5110,204,FUSE2,160111.7,160111.7,164749.6,4637.9,4637.9,1035.4,0.223248,1,p:2.2.5.1.3.2
U5111,204,FUSE2,160175.1,160297.0468,163498.0,3322.9,3322.9,1035.4,0.311595,1,p:1.3.3.2.2.1
U5112,204,FUSE2,160227.7,160227.7,165097.6,4869.9,4869.9,1035.4,0.212612,1,p:2.1.2.1.1.2
U5113,204,FUSE2,160291.1,160409.2468,164944.4,4653.3,4653.3,1035.4,0.222509,1,p:1.2.1.2.3.1
U5114,204,FUSE2,160343.7,160343.7,165564.8,5221.1,5221.1,1035.4,0.198311,1,p:2.3.4.1.2.2
U5115,204,FUSE2,160407.1,160521.4468,165176.4,4769.3,4769.3,1035.4,0.217097,1,p:1.1.5.2.3.1
U5116,204,FUSE2,160459.7,160459.7,164981.6,4521.9,4521.9,1035.4,0.228975,1,p:2.2.3.1.1.2
U5117,204,FUSE2,160530.9,160633.6468,163846.0,3315.1,3315.1,1035.4,0.312328,1,p:1.3.2.2.2.1
U5118,204,FUSE2,160575.7,160575.7,165640.4,5064.7,5064.7,1035.4,0.204435,1,p:2.1.1.2.1.1
U3059,123,FUSE0,160646.9,160745.8468,166904.4,6257.5,6257.5,941.0,0.15038,1,p:1.2.4.1.3.2
U3060,123,FUSE0,160725.7,160725.7,163652.8,2927.1,2927.1,941.0,0.321479,1,p:2.3.5.1.2.2
U3061,123,FUSE0,160762.9,160858.0468,165408.4,4645.5,4645.5,941.0,0.202562,1,p:1.1.3.2.3.1
U3062,123,FUSE0,160841.7,160841.7,165796.8,4955.1,4955.1,941.0,0.189905,1,p:2.2.2.1.1.2
U3063,123,FUSE0,160880.5,160970.2468,165524.4,4643.9,4643.9,941.0,0.202631,1,p:1.3.4.2.2.1
U3064,123,FUSE0,160957.7,160957.7,165912.8,4955.1,4955.1,941.0,0.189905,1,p:2.1.1.1.3.2
U3065,123,FUSE0,160996.5,161082.4468,165988.4,4991.9,4991.9,941.0,0.188505,1,p:1.2.5.2.1.1
U3066,123,FUSE0,161082.3,161082.3,164628.8,3546.5,3546.5,941.0,0.265332,1,p:2.3.3.1.2.2
U3067,123,FUSE1,161112.5,161194.6468,166104.4,4991.9,4991.9,1003.0,0.200925,1,p:1.1.2.2.3.1
U3068,123,FUSE1,161228.5,161228.5,167484.4,6255.9,6255.9,1003.0,0.160329,1,p:2.2.4.1.1.2
U3069,123,FUSE1,161250.1,161306.8468,165060.4,3810.3,3810.3,1003.0,0.263234,1,p:1.3.1.2.2.1
U3070,123,FUSE1,161344.5,161344.5,166148.0,4803.5,4803.5,1003.0,0.208806,1,p:2.1.5.1.3.2
U3071,123,FUSE1,161424.9,161424.9,166336.4,4911.5,4911.5,1003.0,0.204215,1,p:1.2.3.2.1.1
U3072,123,FUSE1,161515.3,161515.3,164865.6,3350.3,3350.3,1003.0,0.299376,1,p:2.3.2.1.2.2
U3073,123,FUSE1,161540.9,161540.9,167948.4,6407.5,6407.5,1003.0,0.156535,1,p:1.1.4.2.3.2
U3074,123,FUSE1,161631.3,161631.3,166788.4,5157.1,5157.1,1003.0,0.194489,1,p:2.2.1.1.1.2
U3075,123,FUSE2,161656.9,161656.9,164710.8,3053.9,3053.9,1035.4,0.339042,1,p:1.3.5.2.2.1
U3076,123,FUSE2,161747.3,161747.3,166380.0,4632.7,4632.7,1035.4,0.223498,1,p:2.1.3.1.3.2
U3077,123,FUSE2,161822.2,161822.2,166916.4,5094.2,5094.2,1035.4,0.203251,1,p:1.2.2.2.1.1
U3078,123,FUSE2,161863.3,161863.3,166264.0,4400.7,4400.7,1035.4,0.235281,1,p:2.3.4.1.2.2
U3079,123,FUSE2,161938.2,161938.2,167148.4,5210.2,5210.2,1035.4,0.198726,1,p:1.1.1.2.3.1
U3080,123,FUSE2,161979.3,161979.3,166672.4,4693.1,4693.1,1035.4,0.220622,1,p:2.2.5.1.3.2
U3081,123,FUSE2,162054.2,162054.2,165292.4,3238.2,3238.2,1035.4,0.319746,1,p:1.3.3.2.2.1
U2412,97,FUSE0,162095.3,162095.3,167368.4,5273.1,5273.1,941.0,0.178453,1,p:2.1.2.1.1.2
U2413,97,FUSE0,162170.2,162170.2,167960.4,5790.2,5790.2,941.0,0.162516,1,p:1.2.4.2.3.1
U2414,97,FUSE0,162211.3,162211.3,166028.8,3817.5,3817.5,941.0,0.246496,1,p:2.3.1.1.2.2
U2415,97,FUSE0,162286.2,162286.2,166800.4,4514.2,4514.2,941.0,0.208453,1,p:1.1.5.2.2.1
U2416,97,FUSE0,162402.2,162402.2,167136.4,4734.2,4734.2,941.0,0.198766,1,p:2.2.3.1.1.2
U2417,97,FUSE0,162432.1,162432.1,165872.4,3440.3,3440.3,941.0,0.273523,1,p:1.3.2.2.3.1
U2418,97,FUSE0,162518.2,162518.2,168644.4,6126.2,6126.2,941.0,0.153603,1,p:2.1.4.1.2.2
U2419,97,FUSE0,162548.1,162548.1,167496.4,4948.3,4948.3,941.0,0.190166,1,p:1.2.1.2.1.1
U2420,97,FUSE1,162634.2,162634.2,165213.6,2579.4,2579.4,1003.0,0.38885,1,p:2.3.5.1.1.2
U2421,97,FUSE1,162676.2,162676.2,167264.4,4588.2,4588.2,1003.0,0.218604,1,p:1.1.3.2.3.1
U2422,97,FUSE1,162792.2,162792.2,167716.4,4924.2,4924.2,1003.0,0.203688,1,p:2.2.2.1.2.2
U2423,97,FUSE1,162831.7,162831.7,167032.4,4200.7,4200.7,1003.0,0.23877,1,p:1.3.4.2.2.1
U2424,97,FUSE1,162947.7,162947.7,168076.4,5128.7,5128.7,1003.0,0.195566,1,p:2.1.1.1.2.1
U2425,97,FUSE1,162986.5,162986.5,167612.4,4625.9,4625.9,1003.0,0.216823,1,p:1.2.5.2.3.1
U2426,97,FUSE1,163063.7,163063.7,165680.8,2617.1,2617.1,1003.0,0.383249,1,p:2.3.3.1.2.2
U2427,97,FUSE1,163102.5,163102.5,167844.4,4741.9,4741.9,1003.0,0.211519,1,p:1.1.2.2.1.1
U2428,97,FUSE2,163181.3,163181.3,168701.6,5520.3,5520.3,1035.4,0.187562,1,p:2.2.4.2.1.1
U2429,97,FUSE2,163218.5,163218.5,166220.4,3001.9,3001.9,1035.4,0.344915,1,p:1.3.1.2.2.1
U2430,97,FUSE2,163297.3,163297.3,168064.4,4767.1,4767.1,1035.4,0.217197,1,p:2.1.5.1.2.2
U2431,97,FUSE2,163336.1,163336.1,167832.4,4496.3,4496.3,1035.4,0.230278,1,p:1.2.3.2.1.2
U2432,97,FUSE2,163413.3,163413.3,166497.6,3084.3,3084.3,1035.4,0.3357,1,p:2.3.2.1.3.2
U2433,97,FUSE2,163452.1,163452.1,169051.2,5599.1,5599.1,1035.4,0.184923,1,p:1.1.4.2.1.1
U2434,97,FUSE2,163529.3,163529.3,168352.0,4822.7,4822.7,1035.4,0.214693,1,p:2.2.1.2.1.1
U5872,235,FUSE0,163568.1,163568.1,166684.4,3116.3,3116.3,941.0,0.301961,1,p:1.3.5.2.1.1
U5873,235,FUSE0,163645.3,163645.3,168296.4,4651.1,4651.1,941.0,0.202318,1,p:2.1.3.1.3.2
U5874,235,FUSE0,163684.1,163684.1,168760.4,5076.3,5076.3,941.0,0.185371,1,p:1.2.2.1.1.2
U5875,235,FUSE0,163761.3,163761.3,167728.4,3967.1,3967.1,941.0,0.237201,1,p:2.3.4.1.2.1
U5876,235,FUSE0,163800.1,163800.1,169224.4,5424.3,5424.3,941.0,0.173479,1,p:1.1.1.1.3.2
U5877,235,FUSE0,163877.3,163877.3,168468.0,4590.7,4590.7,941.0,0.20498,1,p:2.2.5.1.3.1
U5878,235,FUSE0,163962.5,163962.5,166568.4,2605.9,2605.9,941.0,0.361104,1,p:1.3.3.2.2.1
U5879,235,FUSE0,163993.3,163993.3,168992.4,4999.1,4999.1,941.0,0.188234,1,p:2.1.2.1.2.2
U5880,235,FUSE1,164078.5,164078.5,170152.4,6073.9,6073.9,1003.0,0.165133,1,p:1.2.4.1.1.2
U5881,235,FUSE1,164109.3,164109.3,167252.4,3143.1,3143.1,1003.0,0.319112,1,p:2.3.1.1.2.2
U5882,235,FUSE1,164194.5,164194.5,168817.6,4623.1,4623.1,1003.0,0.216954,1,p:1.1.5.1.3.1
U5883,235,FUSE1,164225.3,164225.3,168876.4,4651.1,4651.1,1003.0,0.215648,1,p:2.2.3.2.3.2
U5884,235,FUSE1,164312.1,164312.1,167600.4,3288.3,3288.3,1003.0,0.305021,1,p:1.3.2.2.3.2
U5885,235,FUSE1,164341.3,164341.3,170500.4,6159.1,6159.1,1003.0,0.162848,1,p:2.1.4.1.1.2
U5886,235,FUSE1,164428.1,164428.1,169283.2,4855.1,4855.1,1003.0,0.206587,1,p:1.2.1.2.2.1
U5887,235,FUSE1,164544.1,164544.1,167020.4,2476.3,2476.3,1003.0,0.40504,1,p:2.3.5.1.2.2
U5888,235,FUSE2,164626.1,164626.1,168933.6,4307.5,4307.5,1035.4,0.240371,1,p:1.1.3.2.2.1
U5889,235,FUSE2,164660.1,164660.1,169456.4,4796.3,4796.3,1035.4,0.215875,1,p:2.2.2.1.1.2
U5890,235,FUSE2,164742.1,164742.1,168584.0,3841.9,3841.9,1035.4,0.269502,1,p:1.3.4.2.2.1
U5891,235,FUSE2,164780.9,164780.9,170036.4,5255.5,5255.5,1035.4,0.197013,1,p:2.1.1.1.2.2
U5892,235,FUSE2,164896.9,164896.9,169688.4,4791.5,4791.5,1035.4,0.216091,1,p:1.2.5.1.2.2
U5893,235,FUSE2,164975.7,164975.7,167380.4,2404.7,2404.7,1035.4,0.430573,1,p:2.3.3.1.2.1
U5894,235,FUSE2,165012.9,165012.9,169400.8,4387.9,4387.9,1035.4,0.235967,1,p:1.1.2.2.1.1
U8496,340,FUSE0,165091.7,165091.7,169167.2,4075.5,4075.5,941.0,0.230892,1,p:2.2.3.2.3.1
U8497,340,FUSE0,165128.9,165128.9,168412.4,3283.5,3283.5,941.0,0.286584,1,p:1.3.1.2.2.2
U8498,340,FUSE0,165207.7,165207.7,170964.4,5756.7,5756.7,941.0,0.163462,1,p:2.1.4.1.3.2
U8499,340,FUSE0,165244.9,165244.9,170449.6,5204.7,5204.7,941.0,0.180798,1,p:1.2.4.2.1.1
U8500,340,FUSE0,165323.7,165323.7,168192.4,2868.7,2868.7,941.0,0.328023,1,p:2.3.2.1.1.1
U8501,340,FUSE0,165439.7,165439.7,170616.4,5176.7,5176.7,941.0,0.181776,1,p:1.1.1.1.3.2
U8502,340,FUSE0,165480.1,165480.1,170732.4,5252.3,5252.3,941.0,0.17916,1,p:2.2.1.1.2.2
U8503,340,FUSE0,165555.7,165555.7,168180.4,2624.7,2624.7,941.0,0.358517,1,p:1.3.5.2.1.2
U8504,340,FUSE1,165596.1,165596.1,169982.4,4386.3,4386.3,1003.0,0.228667,1,p:2.1.2.2.2.1
U8505,340,FUSE1,165671.7,165671.7,169516.8,3845.1,3845.1,1003.0,0.260851,1,p:1.2.3.2.3.1
U8506,340,FUSE1,165712.1,165712.1,169804.4,4092.3,4092.3,1003.0,0.245094,1,p:2.3.4.1.1.2
U8507,340,FUSE1,165787.7,165787.7,169632.8,3845.1,3845.1,1003.0,0.260851,1,p:1.1.5.2.2.1
U8508,340,FUSE1,165828.1,165828.1,170565.6,4737.5,4737.5,1003.0,0.211715,1,p:2.2.2.2.3.1
U8509,340,FUSE1,165903.7,165903.7,168528.4,2624.7,2624.7,1003.0,0.382139,1,p:1.3.3.2.3.2
U8510,340,FUSE1,165944.1,165944.1,171428.4,5484.3,5484.3,1003.0,0.182886,1,p:2.1.4.1.2.2
U8511,340,FUSE2,166019.7,166019.7,169866.4,3846.7,3846.7,1035.4,0.269166,1,p:1.2.3.2.3.1
U8512,340,FUSE2,166060.1,166060.1,169572.4,3512.3,3512.3,1035.4,0.294793,1,p:2.3.1.1.3.2
U8513,340,FUSE2,166135.7,166135.7,170681.6,4545.9,4545.9,1035.4,0.227766,1,p:1.1.1.2.2.1
U8514,340,FUSE2,166179.3,166179.3,170799.2,4619.9,4619.9,1035.4,0.224117,1,p:2.2.1.2.1.1
U8515,340,FUSE2,166251.7,166251.7,169108.4,2856.7,2856.7,1035.4,0.362446,1,p:1.3.2.1.1.2
U8516,340,FUSE2,166295.3,166295.3,171776.4,5481.1,5481.1,1035.4,0.188904,1,p:2.1.4.1.2.2
U8517,340,FUSE2,166367.7,166367.7,171498.4,5130.7,5130.7,1035.4,0.201805,1,p:1.2.4.2.1.1
U8518,340,FUSE2,166411.3,166411.3,169340.4,2929.1,2929.1,1035.4,0.353487,1,p:2.3.5.1.2.2
U2340,94,FUSE0,166483.7,166483.7,170384.4,3900.7,3900.7,941.0,0.241239,1,p:1.1.5.1.2.2
U2341,94,FUSE0,166528.9,166528.9,171264.8,4735.9,4735.9,941.0,0.198695,1,p:2.2.1.2.3.1
U2342,94,FUSE0,166599.7,166599.7,169750.4,3150.7,3150.7,941.0,0.298664,1,p:1.3.1.2.1.1
U2343,94,FUSE0,166703.7,166703.7,171196.4,4492.7,4492.7,941.0,0.209451,1,p:2.1.2.1.1.2
U2344,94,FUSE0,166715.7,166715.7,172356.4,5640.7,5640.7,941.0,0.166823,1,p:1.2.4.1.3.2
U2345,94,FUSE0,166819.7,166819.7,170268.4,3448.7,3448.7,941.0,0.272856,1,p:2.3.2.1.3.2
U2346,94,FUSE0,166831.7,166831.7,170100.0,3268.3,3268.3,941.0,0.287917,1,p:1.1.3.2.1.1
U2347,94,FUSE0,166935.7,166935.7,170848.4,3912.7,3912.7,941.0,0.240499,1,p:2.2.3.1.1.2
U2348,94,FUSE0,166947.7,166947.7,169920.4,2972.7,2972.7,941.0,0.316547,1,p:1.3.5.1.3.2
U2349,94,FUSE1,167051.7,167059.9,171080.4,4028.7,4028.7,1003.0,0.248964,1,p:1.1.5.1.2.2
U2350,94,FUSE1,168001.0,168001.0,171312.4,3311.4,3311.4,1003.0,0.302893,1,p:1.3.2.1.3.2
U2351,94,FUSE1,168001.0,168001.0037,170915.2,2914.2,2914.2,1003.0,0.344177,1,p:2.2.3.2.3.1
U2352,94,FUSE1,168001.0,168113.2,172704.4,4703.4,4703.4,1003.0,0.21325,1,p:1.1.4.1.3.2
U2353,94,FUSE1,168001.0,168113.2037,170216.0,2215.0,2215.0,1003.0,0.452822,1,p:2.3.3.2.3.1
U2354,94,FUSE1,168001.0,168225.4,172197.6,4196.6,4196.6,1003.0,0.239003,1,p:1.2.4.2.1.1
U2355,94,FUSE1,168001.0,168225.4037,171031.2,3030.2,3030.2,1003.0,0.331001,1,p:2.1.5.2.2.1
U2356,94,FUSE1,168001.0,168337.6,170332.0,2331.0,2331.0,1003.0,0.430287,1,p:1.3.5.2.2.1
U2357,94,FUSE1,168001.0,168337.6037,171148.8,3147.8,3147.8,1003.0,0.318635,1,p:2.2.5.2.1.1
U2358,94,FUSE2,168001.0,168449.8,171848.0,3847.0,3847.0,1035.4,0.269145,1,p:1.1.2.2.1.1
U2359,94,FUSE2,168001.0,168449.8037,171544.4,3543.4,3543.4,1035.4,0.292205,1,p:2.3.2.1.1.2
U2360,94,FUSE2,168001.0,168562.0,172588.4,4587.4,4587.4,1035.4,0.225705,1,p:1.2.2.1.1.2
U2361,94,FUSE2,168001.0,168562.0037,172472.4,4471.4,4471.4,1035.4,0.231561,1,p:2.1.1.1.2.2
U2362,94,FUSE2,168001.0,168674.2,172008.4,4007.4,4007.4,1035.4,0.258372,1,p:1.3.1.1.3.2
U2363,94,FUSE2,168001.0,168674.2037,172429.6,4428.6,4428.6,1035.4,0.233798,1,p:2.2.1.2.2.1
U2364,94,FUSE2,168001.0,168786.4,171892.4,3891.4,3891.4,1035.4,0.266074,1,p:1.1.5.1.1.2
U2365,94,FUSE2,168001.0,168786.4037,171614.4,3613.4,3613.4,1035.4,0.286545,1,p:2.3.2.2.3.1
U1291,53,FUSE0,168001.0,168898.6,171964.0,3963.0,3963.0,941.0,0.237446,1,p:1.2.5.2.3.1
U1292,53,FUSE0,168095.7,168898.6037,172124.4,4028.7,4028.7,941.0,0.233574,1,p:2.1.3.1.2.2
U1293,53,FUSE0,168107.7,169010.8,171730.4,3622.7,3622.7,941.0,0.259751,1,p:1.3.1.2.2.1
U1294,53,FUSE0,168211.7,169010.8037,172547.2,4335.5,4335.5,941.0,0.217045,1,p:2.2.1.2.1.1
U1295,53,FUSE0,168223.7,169123.0,173012.8,4789.1,4789.1,941.0,0.196488,1,p:1.1.4.2.3.1
U1296,53,FUSE0,168327.7,169123.0037,171660.4,3332.7,3332.7,941.0,0.282354,1,p:2.3.3.1.3.2
U1297,53,FUSE0,168383.3,169235.2,173748.4,5365.1,5365.1,941.0,0.175393,1,p:1.2.4.1.3.2
U1298,53,FUSE0,168443.7,169235.2037,172779.2,4335.5,4335.5,941.0,0.217045,1,p:2.1.2.2.2.1
U1299,53,FUSE0,168499.3,169347.4,171380.8,2881.5,2881.5,941.0,0.326566,1,p:1.3.3.2.2.1
U1300,53,FUSE1,168559.7,169347.4037,172896.8,4337.1,4337.1,1003.0,0.231261,1,p:2.2.2.2.1.1
U1301,53,FUSE1,168615.3,169459.6,173284.4,4669.1,4669.1,1003.0,0.214817,1,p:1.1.1.1.1.2
U1302,53,FUSE1,168675.7,169459.6037,172936.4,4260.7,4260.7,1003.0,0.235407,1,p:2.3.4.1.1.2
U1303,53,FUSE1,168732.9,169571.8,173362.4,4629.5,4629.5,1003.0,0.216654,1,p:1.2.1.2.3.1
U1304,53,FUSE1,168791.7,169571.8037,173478.4,4686.7,4686.7,1003.0,0.21401,1,p:2.1.4.2.2.1
U1305,53,FUSE1,168848.9,169684.0,172663.2,3814.3,3814.3,1003.0,0.262958,1,p:1.3.2.2.3.1
U1306,53,FUSE1,168907.7,169684.0037,174212.4,5304.7,5304.7,1003.0,0.189078,1,p:2.2.4.1.2.2
U1307,53,FUSE1,168964.9,169796.2,173052.4,4087.5,4087.5,1003.0,0.245382,1,p:1.1.3.1.3.2
U1308,53,FUSE1,169023.7,169796.2037,172240.4,3216.7,3216.7,1003.0,0.31181,1,p:2.3.3.1.1.2
U1309,53,FUSE2,169082.5,169908.4,173400.4,4317.9,4317.9,1035.4,0.239792,1,p:1.2.3.1.3.2
U1310,53,FUSE2,169139.7,169908.4037,173168.4,4028.7,4028.7,1035.4,0.257006,1,p:2.1.5.1.2.2
U1311,53,FUSE2,169198.5,170020.6,172080.0,2881.5,2881.5,1035.4,0.359327,1,p:1.3.5.2.2.1
U1312,53,FUSE2,169255.7,170020.6037,173828.0,4572.3,4572.3,1035.4,0.226451,1,p:2.2.1.2.2.1
U1313,53,FUSE2,169314.5,170132.8,173712.0,4397.5,4397.5,1035.4,0.235452,1,p:1.1.2.2.3.1
U1314,53,FUSE2,169371.7,170132.8037,172313.6,2941.9,2941.9,1035.4,0.351949,1,p:2.3.3.2.3.1
U1315,53,FUSE2,169432.1,170245.0,174328.4,4896.3,4896.3,1035.4,0.211466,1,p:1.2.2.1.1.2
U1316,53,FUSE2,169487.7,170245.0037,173516.4,4028.7,4028.7,1035.4,0.257006,1,p:2.1.5.1.2.2
U1317,53,FUSE2,169548.1,170357.2,172820.4,3272.3,3272.3,1035.4,0.316414,1,p:1.3.5.1.2.2
U1318,53,FUSE2,169603.7,170357.2037,173864.4,4260.7,4260.7,1035.4,0.243012,1,p:2.2.5.1.2.2
U5499,220,FUSE0,169664.1,170469.4,174792.4,5128.3,5128.3,941.0,0.183492,1,p:1.1.4.1.3.2
U5500,220,FUSE0,169719.7,170469.4037,173632.4,3912.7,3912.7,941.0,0.240499,1,p:2.3.2.1.1.2
U5501,220,FUSE0,169781.7,170581.6,174177.6,4395.9,4395.9,941.0,0.214063,1,p:1.2.2.2.2.1
U5502,220,FUSE0,169835.7,170581.6037,173246.4,3410.7,3410.7,941.0,0.275896,1,p:2.1.3.2.1.1
U5503,220,FUSE0,169897.7,170693.8,174096.4,4198.7,4198.7,941.0,0.224117,1,p:1.3.1.1.3.2
U5504,220,FUSE0,169951.7,170693.8037,173980.4,4028.7,4028.7,941.0,0.233574,1,p:2.2.5.1.1.2
U5505,220,FUSE0,170013.7,170806.0,174295.2,4281.5,4281.5,941.0,0.219783,1,p:1.1.1.2.1.1
U5506,220,FUSE0,170067.7,170806.0037,173945.6,3877.9,3877.9,941.0,0.242657,1,p:2.3.4.2.1.1
U5507,220,FUSE1,170131.3,170918.2,175024.4,4893.1,4893.1,1003.0,0.204983,1,p:1.2.1.1.1.2
U5508,220,FUSE1,170183.7,170918.2037,174908.4,4724.7,4724.7,1003.0,0.212289,1,p:2.1.2.1.2.2
U5509,220,FUSE1,170247.3,171030.4,173128.8,2881.5,2881.5,1003.0,0.348083,1,p:1.3.3.2.2.1
U5510,220,FUSE1,170299.7,171030.4037,175256.4,4956.7,4956.7,1003.0,0.202352,1,p:2.2.2.1.2.2
U5511,220,FUSE1,170363.3,171142.6,174061.6,3698.3,3698.3,1003.0,0.271206,1,p:1.1.5.2.3.1
U5512,220,FUSE1,170415.7,171142.6037,174560.4,4144.7,4144.7,1003.0,0.241996,1,p:2.3.1.1.2.2
U5513,220,FUSE1,170480.9,171254.8,174411.2,3930.3,3930.3,1003.0,0.255197,1,p:1.2.3.2.3.1
U5514,220,FUSE1,170531.7,171254.8037,175226.4,4694.7,4694.7,1003.0,0.213645,1,p:2.1.4.2.2.1
U5515,220,FUSE2,170596.9,171367.0,175140.4,4543.5,4543.5,1035.4,0.227886,1,p:1.3.4.1.3.2
U5516,220,FUSE2,170647.7,171367.0037,175952.4,5304.7,5304.7,1035.4,0.195185,1,p:2.2.4.1.2.2
U5517,220,FUSE2,170712.9,171479.2,174676.4,3963.5,3963.5,1035.4,0.261234,1,p:1.1.5.1.1.2
U5518,220,FUSE2,170763.7,171479.2037,173596.0,2832.3,2832.3,1035.4,0.365569,1,p:2.3.3.2.1.1
U5519,220,FUSE2,170830.5,171591.4,174760.8,3930.3,3930.3,1035.4,0.26344,1,p:1.2.5.2.3.1
U5520,220,FUSE2,170879.7,171591.4037,175836.4,4956.7,4956.7,1035.4,0.208889,1,p:2.1.1.1.3.2
U5521,220,FUSE2,170946.5,171703.6,175488.4,4541.9,4541.9,1035.4,0.227966,1,p:1.3.4.1.3.2
U5522,220,FUSE2,170995.7,171703.6037,175576.0,4580.3,4580.3,1035.4,0.226055,1,p:2.2.1.2.2.1
U1477,60,FUSE0,171062.5,171815.8,175460.0,4397.5,4397.5,941.0,0.213985,1,p:1.1.2.2.3.1
U1478,60,FUSE0,171111.7,171815.8037,174444.4,3332.7,3332.7,941.0,0.282354,1,p:2.3.3.1.3.2
U1479,60,FUSE0,171180.1,171928.0,175110.4,3930.3,3930.3,941.0,0.239422,1,p:1.2.5.2.3.1
U1480,60,FUSE0,171227.7,171928.0037,174644.8,3417.1,3417.1,941.0,0.27538,1,p:2.1.3.2.1.1
U1481,60,FUSE0,171296.1,172040.2,174876.8,3580.7,3580.7,941.0,0.262798,1,p:1.3.1.2.2.1
U1482,60,FUSE0,171343.7,172040.2037,176068.4,4724.7,4724.7,941.0,0.199166,1,p:2.2.1.1.1.2
U1483,60,FUSE0,171412.1,172152.4,176159.2,4747.1,4747.1,941.0,0.198226,1,p:1.1.4.2.3.1
U1484,60,FUSE1,171459.7,172152.4037,175372.4,3912.7,3912.7,1003.0,0.256345,1,p:2.3.2.1.1.2
U1485,60,FUSE1,171529.7,172264.6,176392.8,4863.1,4863.1,1003.0,0.206247,1,p:1.2.4.1.1.1
U1486,60,FUSE1,171575.7,172264.6037,175604.4,4028.7,4028.7,1003.0,0.248964,1,p:2.1.5.1.2.2
U1487,60,FUSE1,171645.7,172376.8,174527.2,2881.5,2881.5,1003.0,0.348083,1,p:1.3.3.2.2.1
U1488,60,FUSE1,171691.7,172376.8037,176508.8,4817.1,4817.1,1003.0,0.208217,1,p:2.2.2.1.3.1
U1489,60,FUSE1,171761.7,172489.0,176043.2,4281.5,4281.5,1003.0,0.234264,1,p:1.1.1.2.1.1
U1490,60,FUSE1,171807.7,172489.0037,176300.4,4492.7,4492.7,1003.0,0.223251,1,p:2.3.4.1.2.2
U1491,60,FUSE2,171879.3,172601.2,176624.8,4745.5,4745.5,1035.4,0.218186,1,p:1.2.1.1.2.1
U1492,60,FUSE2,171923.7,172601.2037,175344.0,3420.3,3420.3,1035.4,0.302722,1,p:2.1.5.2.1.1
U1493,60,FUSE2,171995.3,172713.4,176184.4,4189.1,4189.1,1035.4,0.247165,1,p:1.3.2.1.3.2
U1494,60,FUSE2,172039.7,172713.4037,175693.6,3653.9,3653.9,1035.4,0.283368,1,p:2.2.5.2.1.1
U1495,60,FUSE2,172111.3,172825.6,175809.6,3698.3,3698.3,1035.4,0.279966,1,p:1.1.3.2.3.1
U1496,60,FUSE2,172155.7,172825.6037,174994.4,2838.7,2838.7,1035.4,0.364744,1,p:2.3.3.2.1.1
U1497,60,FUSE2,172228.9,172937.8,176532.4,4303.5,4303.5,1035.4,0.240595,1,p:1.2.3.1.3.2
U1498,60,FUSE2,172271.7,172937.8037,177208.0,4936.3,4936.3,1035.4,0.209752,1,p:2.1.4.1.3.1
U4991,200,FUSE0,172344.9,173050.0,175925.6,3580.7,3580.7,941.0,0.262798,1,p:1.3.2.2.2.1
U4992,200,FUSE0,172387.7,173050.0037,177576.4,5188.7,5188.7,941.0,0.181356,1,p:2.2.4.2.3.2
U4993,200,FUSE0,172460.9,173162.2,176996.4,4535.5,4535.5,941.0,0.207474,1,p:1.1.2.2.2.2
U4994,200,FUSE0,172503.7,173162.2037,175720.4,3216.7,3216.7,941.0,0.292536,1,p:2.3.3.1.1.2
U4995,200,FUSE0,172578.5,173274.4,176275.2,3696.7,3696.7,941.0,0.254551,1,p:1.2.3.2.2.1
U4996,200,FUSE0,172619.7,173274.4037,177112.4,4492.7,4492.7,941.0,0.209451,1,p:2.1.2.2.1.2
U4997,200,FUSE0,172694.5,173386.6,176764.4,4069.9,4069.9,941.0,0.23121,1,p:1.3.4.2.1.2
U4998,200,FUSE0,172735.7,173386.6037,178884.5152,6148.8152,6148.8152,941.0,0.153038,1,p:2.2.2.1.3.1
U4999,200,FUSE1,172810.5,173498.8,177808.4,4997.9,4997.9,1003.0,0.200684,1,p:1.1.4.1.2.2
U5000,200,FUSE1,172851.7,173498.8037,176880.4,4028.7,4028.7,1003.0,0.248964,1,p:2.3.2.2.3.2
U5001,200,FUSE1,172928.1,173611.0,178156.4,5228.3,5228.3,1003.0,0.191841,1,p:1.2.4.2.2.2
U5002,200,FUSE1,172967.7,173611.0037,176858.4,3890.7,3890.7,1003.0,0.257794,1,p:2.1.3.1.3.1
U5003,200,FUSE1,173044.1,173723.2,176742.4,3698.3,3698.3,1003.0,0.271206,1,p:1.3.1.1.1.1
U5004,200,FUSE1,173083.7,173723.2037,177228.4,4144.7,4144.7,1003.0,0.241996,1,p:2.2.3.2.3.2
U5005,200,FUSE1,173160.1,173835.4,176974.4,3814.3,3814.3,1003.0,0.262958,1,p:1.1.5.1.2.1
U5006,200,FUSE1,173199.7,173835.4037,176416.4,3216.7,3216.7,1003.0,0.31181,1,p:2.3.5.1.1.2
U5007,200,FUSE2,173277.7,173947.6,177324.0,4046.3,4046.3,1035.4,0.255888,1,p:1.2.5.1.2.1
U5008,200,FUSE2,173315.7,173947.6037,178272.4,4956.7,4956.7,1035.4,0.208889,1,p:2.1.1.1.1.2
U5009,200,FUSE2,173393.7,174059.8,177344.4,3950.7,3950.7,1035.4,0.26208,1,p:1.3.1.2.2.2
U5010,200,FUSE2,173431.7,174059.8037,180708.4,7276.7,7276.7,1035.4,0.14229,1,p:2.2.4.2.2.2
U5011,200,FUSE2,173509.7,174172.0,178852.4,5342.7,5342.7,1035.4,0.193797,1,p:1.1.2.1.2.2
U5012,200,FUSE2,173547.7,174172.0037,176648.4,3100.7,3100.7,1035.4,0.333925,1,p:2.3.5.2.2.2
U5013,200,FUSE2,173627.3,174284.2,179084.4,5457.1,5457.1,1035.4,0.189734,1,p:1.2.2.1.1.2
U5014,200,FUSE2,173663.7,174284.2037,179200.4,5536.7,5536.7,1035.4,0.187007,1,p:2.1.1.1.2.2
U5015,200,FUSE2,173743.3,174396.4,177692.4,3949.1,3949.1,1035.4,0.262186,1,p:1.3.1.2.2.2
U5216,209,FUSE0,173779.7,174396.4037,179548.4,5768.7,5768.7,941.0,0.163122,1,p:2.2.1.1.3.2
U5217,209,FUSE0,173859.3,174508.6,177460.4,3601.1,3601.1,941.0,0.261309,1,p:1.1.3.2.1.2
U5218,209,FUSE0,173895.7,174508.6037,178040.4,4144.7,4144.7,941.0,0.227037,1,p:2.3.2.2.3.2
U5219,209,FUSE0,173976.9,174620.8,180126.4,6149.5,6149.5,941.0,0.153021,1,p:1.2.2.1.2.1
U5220,209,FUSE0,174011.7,174620.8037,178388.4,4376.7,4376.7,941.0,0.215002,1,p:2.1.3.1.3.2
U5221,209,FUSE0,174092.9,174733.0,178968.4,4875.5,4875.5,941.0,0.193006,1,p:1.3.4.1.3.2
U5222,209,FUSE0,174127.7,174733.0037,178736.4,4608.7,4608.7,941.0,0.204179,1,p:2.2.3.2.3.2
U5223,209,FUSE0,174208.9,174845.2,179664.4,5455.5,5455.5,941.0,0.172486,1,p:1.1.1.1.1.2
U5224,209,FUSE0,174243.7,174845.2037,177092.0,2848.3,2848.3,941.0,0.330373,1,p:2.3.3.1.1.1
U5225,209,FUSE0,174326.5,174957.4,179896.4,5569.9,5569.9,941.0,0.168944,1,p:1.2.1.2.1.2
U5226,209,FUSE1,174359.7,174957.4037,179780.4,5420.7,5420.7,1003.0,0.185031,1,p:2.1.2.2.3.2
U5227,209,FUSE1,174442.5,175069.6,178768.5152,4326.0152,4326.0152,1003.0,0.231853,1,p:1.3.5.1.1.1
U5228,209,FUSE1,174475.7,175069.6037,180012.4,5536.7,5536.7,1003.0,0.181155,1,p:2.2.2.2.1.2
U5229,209,FUSE1,174558.5,175181.8,178620.4,4061.9,4061.9,1003.0,0.246929,1,p:1.1.3.2.1.2
U5230,209,FUSE1,174591.7,175181.8037,179000.5152,4408.8152,4408.8152,1003.0,0.227499,1,p:2.3.4.1.3.1
U5231,209,FUSE1,174676.1,175294.0,179432.4,4756.3,4756.3,1003.0,0.210878,1,p:1.2.3.2.1.2
U5232,209,FUSE1,174707.7,175294.0037,179316.4,4608.7,4608.7,1003.0,0.217632,1,p:2.1.5.2.3.2
U5233,209,FUSE1,174792.1,175406.2,177924.4,3132.3,3132.3,1003.0,0.320212,1,p:1.3.5.2.1.2
U5234,209,FUSE1,174823.7,175406.2037,181056.4,6232.7,6232.7,1003.0,0.160925,1,p:2.2.5.2.2.2
U5235,209,FUSE1,174908.1,175518.4,180360.0,5451.9,5451.9,1003.0,0.183973,1,p:1.1.4.1.1.1
U5236,209,FUSE2,174939.7,175518.4037,180244.4,5304.7,5304.7,1035.4,0.195185,1,p:2.3.4.1.3.2
U5237,209,FUSE2,175025.7,175630.6,179802.4,4776.7,4776.7,1035.4,0.216761,1,p:1.2.2.2.3.1
U5238,209,FUSE2,175055.7,175630.6037,179116.5152,4060.8152,4060.8152,1035.4,0.254973,1,p:2.1.3.1.3.1
U5239,209,FUSE2,175141.7,175742.8,178504.4,3362.7,3362.7,1035.4,0.307907,1,p:1.3.5.2.2.2
U5240,209,FUSE2,175171.7,175742.8037,180128.4,4956.7,4956.7,1035.4,0.208889,1,p:2.2.3.2.1.2
U5241,209,FUSE2,175257.7,175855.0,180476.0,5218.3,5218.3,1035.4,0.198417,1,p:1.1.4.1.2.1
U5242,209,FUSE2,175287.7,175855.0037,179311.2,4023.5,4023.5,1035.4,0.257338,1,p:2.3.4.2.1.1
U5243,209,FUSE2,175375.3,175967.2,179452.8,4077.5,4077.5,1035.4,0.25393,1,p:1.2.5.1.3.1
U5244,209,FUSE2,175403.7,175967.2037,180242.4,4838.7,4838.7,1035.4,0.213983,1,p:2.1.1.2.3.1
U5245,209,FUSE2,175491.3,176079.4,180476.4,4985.1,4985.1,1035.4,0.207699,1,p:1.3.1.1.3.2
U2985,120,FUSE0,175519.7,176079.4037,180592.0,5072.3,5072.3,941.0,0.185517,1,p:2.2.1.2.3.1
U2986,120,FUSE0,175607.3,176191.6,180941.6,5334.3,5334.3,941.0,0.176406,1,p:1.1.2.1.3.1
U2987,120,FUSE0,175635.7,176191.6037,179660.8,4025.1,4025.1,941.0,0.233783,1,p:2.3.2.1.1.1
U2988,120,FUSE0,175724.9,176303.8,180592.4,4867.5,4867.5,941.0,0.193323,1,p:1.2.5.1.1.2
U2989,120,FUSE0,175751.7,176303.8037,180825.6,5073.9,5073.9,941.0,0.185459,1,p:2.1.4.1.2.1
U2990,120,FUSE0,175840.9,176416.0,180360.4,4519.5,4519.5,941.0,0.208209,1,p:1.3.1.2.1.2
U2991,120,FUSE0,175867.7,176416.0037,180940.4,5072.7,5072.7,941.0,0.185503,1,p:2.2.5.1.1.2
U2992,120,FUSE0,175956.9,176528.2,180824.4,4867.5,4867.5,941.0,0.193323,1,p:1.1.3.2.3.2
U2993,120,FUSE1,175983.7,176528.2037,181172.4,5188.7,5188.7,1003.0,0.193305,1,p:2.3.2.2.3.2
U2994,120,FUSE1,176074.5,176640.4,181990.4,5915.9,5915.9,1003.0,0.169543,1,p:1.2.4.1.3.1
U2995,120,FUSE1,176099.7,176640.4037,181175.2,5075.5,5075.5,1003.0,0.197616,1,p:2.1.4.1.2.1
U2996,120,FUSE1,176190.5,176752.6,181636.4,5445.9,5445.9,1003.0,0.184175,1,p:1.3.4.2.1.2
U2997,120,FUSE1,176215.7,176752.6037,181288.4,5072.7,5072.7,1003.0,0.197725,1,p:2.2.5.1.1.2
U2998,120,FUSE1,176306.5,176864.8,181520.4,5213.9,5213.9,1003.0,0.19237,1,p:1.1.3.2.3.2
U2999,120,FUSE1,176331.7,176864.8037,180010.4,3678.7,3678.7,1003.0,0.272651,1,p:2.3.3.1.1.1
U3000,120,FUSE1,176424.1,176977.0,182340.0,5915.9,5915.9,1003.0,0.169543,1,p:1.2.4.1.3.1
U3001,120,FUSE2,176447.7,176977.0037,182564.4,6116.7,6116.7,1035.4,0.169274,1,p:2.1.2.2.3.2
U3002,120,FUSE2,176540.1,177089.2,181404.4,4864.3,4864.3,1035.4,0.212857,1,p:1.3.2.2.2.2
U3003,120,FUSE2,176563.7,177089.2037,181059.2,4495.5,4495.5,1035.4,0.230319,1,p:2.2.5.1.1.1
U3004,120,FUSE2,176656.1,177201.4,181752.4,5096.3,5096.3,1035.4,0.203167,1,p:1.1.1.2.2.2
U3005,120,FUSE2,176679.7,177201.4037,181868.4,5188.7,5188.7,1035.4,0.199549,1,p:2.3.1.1.3.2
U3006,120,FUSE2,176773.7,177313.6,181291.2,4517.5,4517.5,1035.4,0.229198,1,p:1.1.3.2.3.1
U3007,120,FUSE2,176795.7,177313.6037,181984.4,5188.7,5188.7,1035.4,0.199549,1,p:2.3.2.2.1.2
U3008,120,FUSE2,176889.7,177425.8,183028.4,6138.7,6138.7,1035.4,0.168668,1,p:1.2.4.2.1.2
U3009,120,FUSE2,176911.7,177425.8037,182457.6,5545.9,5545.9,1035.4,0.186696,1,p:2.1.2.1.1.1
U3010,120,FUSE2,177005.7,177538.0,181408.8,4403.1,4403.1,1035.4,0.235153,1,p:1.3.1.1.1.1
U7273,291,FUSE0,177027.7,177538.0037,181640.8,4613.1,4613.1,941.0,0.203984,1,p:2.2.3.1.3.1
U7274,291,FUSE0,177123.3,177650.2,181874.4,4751.1,4751.1,941.0,0.198059,1,p:1.1.1.1.2.1
U7275,291,FUSE0,177143.7,177650.2037,180709.6,3565.9,3565.9,941.0,0.263888,1,p:2.3.3.2.1.1
U7276,291,FUSE0,177239.3,177762.4,182796.4,5557.1,5557.1,941.0,0.169333,1,p:1.2.4.2.2.2
U7277,291,FUSE0,177259.7,177762.4037,182332.4,5072.7,5072.7,941.0,0.185503,1,p:2.1.3.2.1.2
U7278,291,FUSE0,177355.3,177874.6,182680.4,5325.1,5325.1,941.0,0.17671,1,p:1.3.2.2.1.2
U7279,291,FUSE0,177375.7,177986.8,182108.0,4732.3,4732.3,941.0,0.198846,1,p:1.1.3.1.1.1
U7280,291,FUSE0,177491.7,178099.0,182912.4,5420.7,5420.7,941.0,0.173594,1,p:1.2.3.2.3.2
U7281,291,FUSE1,177607.7,178211.2,182216.4,4608.7,4608.7,1003.0,0.217632,1,p:1.3.5.1.3.2
U7282,291,FUSE1,177723.7,178323.4,182689.6,4965.9,4965.9,1003.0,0.201977,1,p:1.1.3.1.3.1
U7283,291,FUSE1,177839.7,178435.6,183956.4,6116.7,6116.7,1003.0,0.163977,1,p:1.2.2.2.3.2
U7284,291,FUSE1,177955.7,177955.7,183260.4,5304.7,5304.7,1003.0,0.189078,1,p:2.2.1.2.3.2
U7285,291,FUSE1,178071.7,178071.7,181524.8,3453.1,3453.1,1003.0,0.290464,1,p:2.3.1.1.2.1
U7286,291,FUSE1,178187.7,178187.7,182573.6,4385.9,4385.9,1003.0,0.228687,1,p:2.1.2.1.2.1
U7287,291,FUSE1,178303.7,178303.7,182100.4,3796.7,3796.7,1003.0,0.264177,1,p:2.2.5.2.2.2
U7288,291,FUSE1,178419.7,178419.7,182807.2,4387.5,4387.5,1003.0,0.228604,1,p:2.3.2.1.1.1
U7289,291,FUSE2,178535.7,178535.7,182448.4,3912.7,3912.7,1035.4,0.264625,1,p:2.1.5.2.2.2
U7290,291,FUSE2,178651.7,178651.7,181758.4,3106.7,3106.7,1035.4,0.33328,1,p:1.3.5.1.1.1
U7291,291,FUSE2,178767.7,178767.7,183039.2,4271.5,4271.5,1035.4,0.242397,1,p:1.3.1.1.3.1
U7292,291,FUSE2,178799.8152,178799.8152,183376.4,4576.5848,4576.5848,1035.4,0.226239,1,p:2.2.3.2.1.2
U7293,291,FUSE2,178883.7,178883.7,183506.4,4622.7,4622.7,1035.4,0.223982,1,p:1.1.4.1.1.1
U7294,291,FUSE2,178915.8152,178915.8152,183144.4,4228.5848,4228.5848,1035.4,0.244857,1,p:2.3.4.2.2.2
U7295,291,FUSE2,178999.7,178999.7,183840.4,4840.7,4840.7,1035.4,0.213895,1,p:1.2.1.2.2.2
U7296,291,FUSE2,179031.8152,179031.8152,182224.0,3192.1848,3192.1848,1035.4,0.324355,1,p:2.1.5.1.2.1
U8326,333,FUSE0,179115.7,179115.7,183724.4,4608.7,4608.7,941.0,0.204179,1,p:1.3.1.2.1.2
U8327,333,FUSE0,179147.8152,179147.8152,183272.8,4124.9848,4124.9848,941.0,0.228122,1,p:2.2.4.1.2.1
U8328,333,FUSE0,179231.7,179231.7,183156.8,3925.1,3925.1,941.0,0.239739,1,p:1.1.3.1.1.1
U8329,333,FUSE0,179342.5,179342.5,183608.4,4265.9,4265.9,941.0,0.220587,1,p:2.2.5.2.3.2
U8330,333,FUSE0,179347.7,179347.7,183492.4,4144.7,4144.7,941.0,0.227037,1,p:1.3.1.2.2.2
U8331,333,FUSE0,179463.7,179463.7,183856.0,4392.3,4392.3,941.0,0.214239,1,p:2.1.4.1.1.1
U8332,333,FUSE0,179484.1,179484.1,182923.2,3439.1,3439.1,941.0,0.273618,1,p:1.2.3.1.2.1
U8333,333,FUSE0,179579.7,179579.7,184437.6,4857.9,4857.9,941.0,0.193705,1,p:2.1.1.1.3.1
U8334,333,FUSE1,179692.1,179692.1,184304.4,4612.3,4612.3,1003.0,0.217462,1,p:1.3.2.2.3.2
U8335,333,FUSE1,179695.7,179695.7,184188.4,4492.7,4492.7,1003.0,0.223251,1,p:2.2.4.2.2.2
U8336,333,FUSE1,179811.7,179811.7,183738.4,3926.7,3926.7,1003.0,0.255431,1,p:1.1.3.1.3.1
U8337,333,FUSE1,179833.7,179833.7,184088.0,4254.3,4254.3,1003.0,0.235761,1,p:2.3.2.1.3.1
U8338,333,FUSE1,179927.7,179927.7,185116.4,5188.7,5188.7,1003.0,0.193305,1,p:1.2.1.2.1.2
U8339,333,FUSE1,180041.7,180041.7,183622.4,3580.7,3580.7,1003.0,0.280113,1,p:2.3.1.1.2.1
U8340,333,FUSE1,180043.7,180043.7,184652.4,4608.7,4608.7,1003.0,0.217632,1,p:1.2.3.2.3.2
U8341,333,FUSE1,180157.7,180157.7,184072.4,3914.7,3914.7,1003.0,0.256214,1,p:2.1.5.2.1.2
U8342,333,FUSE2,180159.7,180159.7,185000.4,4840.7,4840.7,1035.4,0.213895,1,p:1.3.2.2.3.2
U8343,333,FUSE2,180273.7,180273.7,184420.4,4146.7,4146.7,1035.4,0.249693,1,p:2.2.5.2.1.2
U8344,333,FUSE2,180275.7,180275.7,185464.4,5188.7,5188.7,1035.4,0.199549,1,p:1.1.2.2.1.2
U8345,333,FUSE2,180391.3,180391.3,183388.8,2997.5,2997.5,1035.4,0.345421,1,p:2.3.5.1.3.1
U8346,333,FUSE2,180391.7,180391.7,185232.4,4840.7,4840.7,1035.4,0.213895,1,p:1.2.1.2.2.2
U8347,333,FUSE2,180507.3,180507.3,184904.8,4397.5,4397.5,1035.4,0.235452,1,p:2.1.4.1.1.1
U8348,333,FUSE2,180507.7,180507.7,184787.2,4279.5,4279.5,1035.4,0.241944,1,p:1.3.2.1.3.1
U8349,333,FUSE2,180623.3,180623.3,184555.2,3931.9,3931.9,1035.4,0.263333,1,p:2.2.3.1.1.1
U8350,333,FUSE2,180623.7,180623.7,185812.4,5188.7,5188.7,1035.4,0.199549,1,p:1.1.2.2.1.2
U4525,181,FUSE0,180739.7,180739.7,183972.0,3232.3,3232.3,941.0,0.291124,1,p:2.3.4.1.2.1
U4526,181,FUSE0,180740.9,180740.9,185604.0,4863.1,4863.1,941.0,0.193498,1,p:1.2.2.1.1.1
U4527,181,FUSE0,180855.7,180855.7,185696.4,4840.7,4840.7,941.0,0.194393,1,p:2.1.4.2.3.2
U4528,181,FUSE0,180856.9,180856.9,184321.6,3464.7,3464.7,941.0,0.271596,1,p:1.3.1.1.2.1
U4529,181,FUSE0,180971.7,180971.7,184884.4,3912.7,3912.7,941.0,0.240499,1,p:2.2.3.2.2.2
U4530,181,FUSE0,180972.9,180972.9,184536.4,3563.5,3563.5,941.0,0.264066,1,p:1.1.5.2.2.2
U4531,181,FUSE0,181087.7,181087.7,184205.6,3117.9,3117.9,941.0,0.301806,1,p:2.3.3.1.1.1
U4532,181,FUSE0,181090.5,181090.5,185348.4,4257.9,4257.9,941.0,0.221001,1,p:1.2.5.2.3.2
U4533,181,FUSE0,181203.7,181203.7,186392.4,5188.7,5188.7,941.0,0.181356,1,p:2.1.2.2.3.2
U4534,181,FUSE1,181206.5,181206.5,184768.4,3561.9,3561.9,1003.0,0.281591,1,p:1.3.5.2.1.2
U4535,181,FUSE1,181319.7,181319.7,186185.6,4865.9,4865.9,1003.0,0.206128,1,p:2.2.2.1.3.1
U4536,181,FUSE1,181322.5,181322.5,186160.4,4837.9,4837.9,1003.0,0.207321,1,p:1.1.4.2.1.2
U4537,181,FUSE1,181435.7,181435.7,185020.8,3585.1,3585.1,1003.0,0.279769,1,p:2.3.1.1.2.1
U4538,181,FUSE1,181440.1,181440.1,185953.6,4513.5,4513.5,1003.0,0.222222,1,p:1.2.4.1.1.1
U4539,181,FUSE1,181551.7,181551.7,185136.8,3585.1,3585.1,1003.0,0.279769,1,p:2.1.5.1.3.1
U4540,181,FUSE1,181556.1,181556.1,185486.4,3930.3,3930.3,1003.0,0.255197,1,p:1.3.4.1.3.1
U4541,181,FUSE1,181667.7,181667.7,185254.4,3586.7,3586.7,1003.0,0.279644,1,p:2.2.5.1.1.1
U4542,181,FUSE1,181672.1,181672.1,186044.4,4372.3,4372.3,1003.0,0.229399,1,p:1.1.3.2.3.2
U4543,181,FUSE2,181783.7,181783.7,185836.0,4052.3,4052.3,1035.4,0.255509,1,p:2.3.1.1.3.1
U4544,181,FUSE2,181789.7,181789.7,185370.4,3580.7,3580.7,1035.4,0.289161,1,p:1.2.3.1.2.1
U4545,181,FUSE2,181899.7,181899.7,186535.2,4635.5,4635.5,1035.4,0.223363,1,p:2.1.1.1.3.1
U4546,181,FUSE2,181905.7,181905.7,184671.2,2765.5,2765.5,1035.4,0.374399,1,p:1.3.3.1.2.1
U4547,181,FUSE2,182015.7,182015.7,187436.4,5420.7,5420.7,1035.4,0.191009,1,p:2.2.1.2.3.2
U4548,181,FUSE2,182021.7,182021.7,186652.8,4631.1,4631.1,1035.4,0.223575,1,p:1.1.2.1.1.1
U4549,181,FUSE2,182131.7,182131.7,185720.0,3588.3,3588.3,1035.4,0.288549,1,p:2.3.1.1.2.1
U4550,181,FUSE2,182139.3,182139.3,185928.4,3789.1,3789.1,1035.4,0.273258,1,p:1.2.5.2.2.2
U408,17,FUSE0,182247.7,182247.7,186069.6,3821.9,3821.9,941.0,0.246213,1,p:2.1.4.1.2.1
U409,17,FUSE0,182255.3,182255.3,186303.2,4047.9,4047.9,941.0,0.232466,1,p:1.3.2.1.1.1
U410,17,FUSE0,182363.7,182363.7,187552.4,5188.7,5188.7,941.0,0.181356,1,p:2.2.1.2.1.2
U411,17,FUSE0,182371.3,182371.3,187784.4,5413.1,5413.1,941.0,0.173838,1,p:1.1.2.1.3.2
U412,17,FUSE0,182479.7,182479.7,186276.4,3796.7,3796.7,941.0,0.247847,1,p:2.3.4.2.2.2
U413,17,FUSE0,182488.9,182488.9,186740.4,4251.5,4251.5,941.0,0.221334,1,p:1.2.5.2.3.2
U414,17,FUSE0,182595.7,182595.7,186419.2,3823.5,3823.5,941.0,0.24611,1,p:2.1.2.2.2.1
U415,17,FUSE0,182604.9,182604.9,185580.4,2975.5,2975.5,941.0,0.316249,1,p:1.3.5.2.2.2
U416,17,FUSE0,182711.7,182711.7,187352.0,4640.3,4640.3,941.0,0.202789,1,p:2.2.2.1.1.1
U417,17,FUSE1,182720.9,182720.9,187002.4,4281.5,4281.5,1003.0,0.234264,1,p:1.1.4.1.1.1
U418,17,FUSE1,182827.7,182827.7,186508.4,3680.7,3680.7,1003.0,0.272503,1,p:2.3.3.2.1.2
U419,17,FUSE1,182838.5,182838.5,187900.4,5061.9,5061.9,1003.0,0.198147,1,p:1.2.4.2.1.2
U420,17,FUSE1,182943.7,182943.7,186624.4,3680.7,3680.7,1003.0,0.272503,1,p:2.1.3.2.2.2
U421,17,FUSE1,182954.5,182954.5,187204.4,4249.9,4249.9,1003.0,0.236006,1,p:1.3.4.2.1.2
U422,17,FUSE1,183059.7,183059.7,186884.8,3825.1,3825.1,1003.0,0.262215,1,p:2.2.3.2.3.1
U423,17,FUSE1,183070.5,183070.5,187701.6,4631.1,4631.1,1003.0,0.216579,1,p:1.1.2.1.1.1
U424,17,FUSE1,183175.7,183175.7,186856.4,3680.7,3680.7,1003.0,0.272503,1,p:2.3.3.2.1.2
U425,17,FUSE1,183188.1,183188.1,187933.6,4745.5,4745.5,1003.0,0.211358,1,p:1.2.2.2.3.1
U426,17,FUSE2,183291.7,183291.7,186972.4,3680.7,3680.7,1035.4,0.281305,1,p:2.1.5.1.2.2
U427,17,FUSE2,183304.1,183304.1,187234.4,3930.3,3930.3,1035.4,0.26344,1,p:1.3.1.2.3.1
U428,17,FUSE2,183407.7,183407.7,188828.4,5420.7,5420.7,1035.4,0.191009,1,p:2.2.4.1.3.2
U429,17,FUSE2,183420.1,183420.1,188051.2,4631.1,4631.1,1035.4,0.223575,1,p:1.1.1.1.1.1
U430,17,FUSE2,183523.7,183523.7,187088.4,3564.7,3564.7,1035.4,0.290459,1,p:2.3.5.2.3.2
U431,17,FUSE2,183537.7,183537.7,188283.2,4745.5,4745.5,1035.4,0.218186,1,p:1.2.1.2.3.1
U432,17,FUSE2,183639.7,183639.7,187320.4,3680.7,3680.7,1035.4,0.281305,1,p:2.1.5.1.2.2
U433,17,FUSE2,183653.7,183653.7,188248.4,4594.7,4594.7,1035.4,0.225347,1,p:1.3.1.2.1.2
U434,17,FUSE2,183755.7,183755.7,187817.6,4061.9,4061.9,1035.4,0.254905,1,p:2.2.2.2.2.1
U435,17,FUSE2,183769.7,183769.7,186768.8,2999.1,2999.1,1035.4,0.345237,1,p:1.1.3.2.2.1
U4728,189,FUSE0,183871.7,183871.7,188480.4,4608.7,4608.7,941.0,0.204179,1,p:2.3.4.1.3.2
U4729,189,FUSE0,183887.3,183887.3,188016.4,4129.1,4129.1,941.0,0.227895,1,p:1.2.3.1.2.2
U4730,189,FUSE0,183987.7,183987.7,187668.4,3680.7,3680.7,941.0,0.255658,1,p:2.1.5.1.2.2
U4731,189,FUSE0,184003.3,184003.3,188132.4,4129.1,4129.1,941.0,0.227895,1,p:1.3.3.1.3.2
U4732,189,FUSE0,184103.7,184103.7,189292.4,5188.7,5188.7,941.0,0.181356,1,p:2.2.2.2.1.2
U4733,189,FUSE0,184119.3,184119.3,187584.0,3464.7,3464.7,941.0,0.271596,1,p:1.1.5.2.3.1
U4734,189,FUSE0,184219.7,184219.7,189176.4,4956.7,4956.7,941.0,0.189844,1,p:2.3.2.1.3.2
U4735,189,FUSE0,184236.9,184236.9,187118.4,2881.5,2881.5,941.0,0.326566,1,p:1.2.5.2.2.1
U4736,189,FUSE1,184335.7,184335.7,188596.4,4260.7,4260.7,1003.0,0.235407,1,p:2.1.3.2.1.2
U4737,189,FUSE1,184352.9,184352.9,187468.0,3115.1,3115.1,1003.0,0.32198,1,p:1.3.4.2.2.1
U4738,189,FUSE1,184451.7,184451.7,188400.8,3949.1,3949.1,1003.0,0.253982,1,p:2.2.3.1.1.1
U4739,189,FUSE1,184468.9,184468.9,189100.0,4631.1,4631.1,1003.0,0.216579,1,p:1.1.2.1.1.1
U4740,189,FUSE1,184567.7,184567.7,188632.8,4065.1,4065.1,1003.0,0.246734,1,p:2.3.1.2.3.1
U4741,189,FUSE1,184586.5,184586.5,189332.0,4745.5,4745.5,1003.0,0.211358,1,p:1.2.2.2.3.1
U4742,189,FUSE1,184683.7,184683.7,188364.4,3680.7,3680.7,1003.0,0.272503,1,p:2.1.5.1.2.2
U4743,189,FUSE1,184702.5,184702.5,188712.4,4009.9,4009.9,1003.0,0.250131,1,p:1.3.4.1.2.2
U4744,189,FUSE2,184799.7,184799.7,188944.4,4144.7,4144.7,1035.4,0.249813,1,p:2.2.5.2.1.2
U4745,189,FUSE2,184818.5,184818.5,189640.4,4821.9,4821.9,1035.4,0.214729,1,p:1.1.4.2.1.2
U4746,189,FUSE2,184915.7,184915.7,189872.4,4956.7,4956.7,1035.4,0.208889,1,p:2.3.1.1.3.2
U4747,189,FUSE2,184936.1,184936.1,189449.6,4513.5,4513.5,1035.4,0.229401,1,p:1.2.4.1.1.1
U4748,189,FUSE2,185031.7,185031.7,188866.4,3834.7,3834.7,1035.4,0.270008,1,p:2.1.1.2.2.1
U4749,189,FUSE2,185052.1,185052.1,189060.4,4008.3,4008.3,1035.4,0.258314,1,p:1.3.4.1.2.2
U4750,189,FUSE2,185147.7,185147.7,189799.2,4651.5,4651.5,1035.4,0.222595,1,p:2.2.1.2.1.1
U4751,189,FUSE2,185168.1,185168.1,188167.2,2999.1,2999.1,1035.4,0.345237,1,p:1.1.3.2.2.1
U4244,170,FUSE0,185263.7,185263.7,188516.8,3253.1,3253.1,941.0,0.289263,1,p:2.3.1.2.2.1
U4245,170,FUSE0,185285.7,185285.7,189408.4,4122.7,4122.7,941.0,0.228248,1,p:1.2.3.1.2.2
U4246,170,FUSE0,185379.7,185379.7,190568.4,5188.7,5188.7,941.0,0.181356,1,p:2.1.2.2.3.2
U4247,170,FUSE0,185401.7,185401.7,189524.4,4122.7,4122.7,941.0,0.228248,1,p:1.3.3.1.3.2
U4248,170,FUSE0,185495.7,185495.7,189565.6,4069.9,4069.9,941.0,0.23121,1,p:2.2.1.1.2.1
U4249,170,FUSE0,185517.7,185517.7,188982.4,3464.7,3464.7,941.0,0.271596,1,p:1.1.5.2.3.1
U4250,170,FUSE0,185611.7,185611.7,190336.4,4724.7,4724.7,941.0,0.199166,1,p:2.3.2.1.1.2
U4251,170,FUSE0,185635.3,185635.3,190220.4,4585.1,4585.1,941.0,0.20523,1,p:1.2.5.1.3.2
U4252,170,FUSE1,185727.7,185727.7,189988.4,4260.7,4260.7,1003.0,0.235407,1,p:2.1.3.2.1.2
U4253,170,FUSE1,185751.3,185751.3,188750.4,2999.1,2999.1,1003.0,0.334434,1,p:1.3.5.1.1.1
U4254,170,FUSE1,185843.7,185843.7,189216.0,3372.3,3372.3,1003.0,0.297423,1,p:2.2.3.1.2.1
U4255,170,FUSE1,185867.3,185867.3,190452.4,4585.1,4585.1,1003.0,0.218752,1,p:1.1.1.2.2.2
U4256,170,FUSE1,185959.7,185959.7,189756.4,3796.7,3796.7,1003.0,0.264177,1,p:2.3.4.2.2.2
U4257,170,FUSE1,185984.9,185984.9,190800.4,4815.5,4815.5,1003.0,0.208286,1,p:1.2.1.2.2.2
U4258,170,FUSE1,186075.7,186075.7,189681.6,3605.9,3605.9,1003.0,0.278155,1,p:2.1.5.1.3.1
U4259,170,FUSE1,186100.9,186100.9,190916.4,4815.5,4815.5,1003.0,0.208286,1,p:1.3.2.2.3.2
U4260,170,FUSE2,186191.7,186191.7,190031.2,3839.5,3839.5,1035.4,0.269671,1,p:2.2.5.1.3.1
U4261,170,FUSE2,186216.9,186216.9,191612.4,5395.5,5395.5,1035.4,0.191901,1,p:1.1.2.2.3.2
U4262,170,FUSE2,186307.7,186307.7,190104.4,3796.7,3796.7,1035.4,0.272711,1,p:2.3.4.2.2.2
U4263,170,FUSE2,186334.5,186334.5,190614.4,4279.9,4279.9,1035.4,0.241922,1,p:1.2.2.1.2.1
U4264,170,FUSE2,186423.7,186423.7,191728.4,5304.7,5304.7,1035.4,0.195185,1,p:2.1.1.1.1.2
U4265,170,FUSE2,186450.5,186450.5,191264.4,4813.9,4813.9,1035.4,0.215085,1,p:1.3.2.2.3.2
U4266,170,FUSE2,186539.7,186539.7,190848.0,4308.3,4308.3,1035.4,0.240327,1,p:2.2.4.2.1.1
U4267,170,FUSE2,186566.5,186566.5,190148.8,3582.3,3582.3,1035.4,0.289032,1,p:1.1.3.2.1.1
U4268,170,FUSE2,186655.7,186655.7,189915.2,3259.5,3259.5,1035.4,0.317656,1,p:2.3.4.1.2.1
U7433,297,FUSE0,186684.1,186684.1,190730.4,4046.3,4046.3,941.0,0.232558,1,p:1.2.3.1.3.1
U7434,297,FUSE0,186771.7,186771.7,191960.4,5188.7,5188.7,941.0,0.181356,1,p:2.1.1.2.3.2
U7435,297,FUSE0,186800.1,186800.1,190684.4,3884.3,3884.3,941.0,0.242257,1,p:1.3.3.1.1.2
U7436,297,FUSE0,186887.7,186887.7,191197.6,4309.9,4309.9,941.0,0.218335,1,p:2.2.4.2.1.1
U7437,297,FUSE0,186916.1,186916.1,191032.4,4116.3,4116.3,941.0,0.228603,1,p:1.1.5.1.1.2
U7438,297,FUSE0,187003.7,187003.7,191380.4,4376.7,4376.7,941.0,0.215002,1,p:2.3.4.1.1.2
U7439,297,FUSE0,187033.7,187033.7,190498.4,3464.7,3464.7,941.0,0.271596,1,p:1.2.5.2.1.1
U7440,297,FUSE0,187119.7,187119.7,190264.8,3145.1,3145.1,941.0,0.299196,1,p:2.1.3.1.2.1
U7441,297,FUSE1,187149.7,187149.7,190380.8,3231.1,3231.1,1003.0,0.310421,1,p:1.3.5.1.3.1
U7442,297,FUSE1,187235.7,187235.7,191148.4,3912.7,3912.7,1003.0,0.256345,1,p:2.2.3.2.2.2
U7443,297,FUSE1,187265.7,187265.7,191779.2,4513.5,4513.5,1003.0,0.222222,1,p:1.1.4.1.3.1
U7444,297,FUSE1,187351.7,187351.7,191496.4,4144.7,4144.7,1003.0,0.241996,1,p:2.3.2.2.2.2
U7445,297,FUSE1,187383.3,187383.3,191313.6,3930.3,3930.3,1003.0,0.255197,1,p:1.2.4.1.2.1
U7446,297,FUSE1,187467.7,187467.7,191080.0,3612.3,3612.3,1003.0,0.277662,1,p:2.1.5.1.3.1
U7447,297,FUSE1,187499.3,187499.3,190964.0,3464.7,3464.7,1003.0,0.289491,1,p:1.3.1.1.2.1
U7448,297,FUSE1,187583.7,187583.7,191429.6,3845.9,3845.9,1003.0,0.260797,1,p:2.2.5.1.3.1
U7449,297,FUSE2,187615.3,187615.3,193004.4,5389.1,5389.1,1035.4,0.192129,1,p:1.1.1.2.3.2
U7450,297,FUSE2,187699.7,187699.7,191844.4,4144.7,4144.7,1035.4,0.249813,1,p:2.3.2.2.2.2
U7451,297,FUSE2,187732.9,187732.9,191547.2,3814.3,3814.3,1035.4,0.271452,1,p:1.2.3.2.1.1
U7452,297,FUSE2,187815.7,187815.7,193120.4,5304.7,5304.7,1035.4,0.195185,1,p:2.1.2.1.1.2
U7453,297,FUSE2,187848.9,187848.9,192656.4,4807.5,4807.5,1035.4,0.215372,1,p:1.3.1.2.3.2
U7454,297,FUSE2,187931.7,187931.7,192246.4,4314.7,4314.7,1035.4,0.23997,1,p:2.2.4.2.1.1
U7455,297,FUSE2,187964.9,187964.9,192012.8,4047.9,4047.9,1035.4,0.255787,1,p:1.1.1.1.2.1
U7456,297,FUSE2,188047.7,188047.7,192192.4,4144.7,4144.7,1035.4,0.249813,1,p:2.3.2.2.2.2
U029,2,FUSE0,188082.5,188082.5,192888.4,4805.9,4805.9,941.0,0.195801,1,p:1.2.1.2.2.2
U030,2,FUSE0,188163.7,188163.7,192594.4,4430.7,4430.7,941.0,0.212382,1,p:2.1.2.2.3.1
U031,2,FUSE0,188198.5,188198.5,192076.4,3877.9,3877.9,941.0,0.242657,1,p:1.3.3.1.1.2
U032,2,FUSE0,188279.7,188279.7,193352.4,5072.7,5072.7,941.0,0.185503,1,p:2.2.4.2.1.2
U033,2,FUSE0,188314.5,188314.5,192424.4,4109.9,4109.9,941.0,0.228959,1,p:1.1.5.1.1.2
U034,2,FUSE0,188395.7,188395.7,192772.4,4376.7,4376.7,941.0,0.215002,1,p:2.3.4.1.1.2
U035,2,FUSE0,188432.1,188432.1,191896.8,3464.7,3464.7,941.0,0.271596,1,p:1.2.5.2.1.1
U036,2,FUSE0,188511.7,188511.7,191663.2,3151.5,3151.5,941.0,0.298588,1,p:2.1.3.1.2.1
U037,2,FUSE1,188548.1,188548.1,192308.4,3760.3,3760.3,1003.0,0.266734,1,p:1.3.5.2.3.2
U038,2,FUSE1,188627.7,188627.7,192540.4,3912.7,3912.7,1003.0,0.256345,1,p:2.2.3.2.2.2
U039,2,FUSE1,188664.1,188664.1,193816.4,5152.3,5152.3,1003.0,0.19467,1,p:1.1.4.1.3.2
U040,2,FUSE1,188743.7,188743.7,192128.8,3385.1,3385.1,1003.0,0.296298,1,p:2.3.3.1.3.1
U041,2,FUSE1,188781.7,188781.7,193236.4,4454.7,4454.7,1003.0,0.225155,1,p:1.2.4.2.2.2
U042,2,FUSE1,188859.7,188859.7,192478.4,3618.7,3618.7,1003.0,0.277171,1,p:2.1.5.1.3.1
U043,2,FUSE1,188897.7,188897.7,192362.4,3464.7,3464.7,1003.0,0.289491,1,p:1.3.2.1.2.1
U044,2,FUSE2,188975.7,188975.7,193584.4,4608.7,4608.7,1035.4,0.224662,1,p:2.2.5.1.3.2
U045,2,FUSE2,189013.7,189013.7,193876.8,4863.1,4863.1,1035.4,0.212909,1,p:1.1.2.1.3.1
U046,2,FUSE2,189091.7,189091.7,193144.4,4052.7,4052.7,1035.4,0.255484,1,p:2.3.1.1.1.1
U047,2,FUSE2,189131.3,189131.3,193700.4,4569.1,4569.1,1035.4,0.226609,1,p:1.2.3.2.1.2
U048,2,FUSE2,189207.7,189207.7,194164.4,4956.7,4956.7,1035.4,0.208889,1,p:2.1.1.2.1.2
U049,2,FUSE2,189247.3,189247.3,193262.0,4014.7,4014.7,1035.4,0.257902,1,p:1.3.2.2.3.1
U050,2,FUSE2,189323.7,189323.7,194512.4,5188.7,5188.7,1035.4,0.199549,1,p:2.2.1.2.1.2
U051,2,FUSE2,189363.3,189363.3,196716.4,7353.1,7353.1,1035.4,0.140811,1,p:1.1.2.2.2.2
U309,13,FUSE0,189439.7,189439.7,194048.4,4608.7,4608.7,941.0,0.204179,1,p:2.3.1.2.1.2
U310,13,FUSE0,189480.9,189480.9,196948.4,7467.5,7467.5,941.0,0.126013,1,p:1.2.2.1.1.2
U311,13,FUSE0,189555.7,189555.7,193932.4,4376.7,4376.7,941.0,0.215002,1,p:2.1.4.2.2.2
U312,13,FUSE0,189596.9,189596.9,192770.8,3173.9,3173.9,941.0,0.296481,1,p:1.3.3.1.1.1
U313,13,FUSE0,189671.7,189671.7,194976.4,5304.7,5304.7,941.0,0.17739,1,p:2.2.1.1.3.2
U314,13,FUSE0,189712.9,189712.9,194744.4,5031.5,5031.5,941.0,0.187022,1,p:1.1.4.2.3.2
U315,13,FUSE0,189787.7,189787.7,193028.4,3240.7,3240.7,941.0,0.290369,1,p:2.3.4.1.2.1
U316,13,FUSE0,189830.5,189830.5,194280.4,4449.9,4449.9,941.0,0.211465,1,p:1.2.4.1.2.2
U317,13,FUSE1,189903.7,189903.7,197644.4,7740.7,7740.7,1003.0,0.129575,1,p:2.1.2.2.3.2
U318,13,FUSE1,189946.5,189946.5,192912.4,2965.9,2965.9,1003.0,0.338177,1,p:1.3.5.2.3.1
U319,13,FUSE1,190019.7,190019.7,194860.4,4840.7,4840.7,1003.0,0.207201,1,p:2.2.4.1.1.2
U320,13,FUSE1,190062.5,190062.5,194628.4,4565.9,4565.9,1003.0,0.219672,1,p:1.1.1.1.2.2
U321,13,FUSE1,190135.7,190135.7,193494.0,3358.3,3358.3,1003.0,0.298663,1,p:2.3.3.1.3.1
U322,13,FUSE1,190180.1,190180.1,194110.4,3930.3,3930.3,1003.0,0.255197,1,p:1.2.1.1.2.1
U323,13,FUSE1,190251.7,190251.7,197085.4,6833.7,6833.7,1003.0,0.146773,1,p:2.1.2.1.2.1
U324,13,FUSE1,190296.1,190296.1,193468.4,3172.3,3172.3,1003.0,0.316174,1,p:1.3.5.1.2.2
U325,13,FUSE2,190367.7,190367.7,197876.4,7508.7,7508.7,1035.4,0.137893,1,p:2.2.2.2.1.2
U326,13,FUSE2,190412.1,190412.1,193378.0,2965.9,2965.9,1035.4,0.349101,1,p:1.1.5.1.2.1
U327,13,FUSE2,190483.7,190483.7,193644.8,3161.1,3161.1,1035.4,0.327544,1,p:2.3.3.1.1.1
U328,13,FUSE2,190529.7,190529.7,193994.4,3464.7,3464.7,1035.4,0.298843,1,p:1.2.5.2.1.1
U329,13,FUSE2,190599.7,190599.7,193760.8,3161.1,3161.1,1035.4,0.327544,1,p:2.1.3.2.2.1
U330,13,FUSE2,190645.7,190645.7,194396.4,3750.7,3750.7,1035.4,0.276055,1,p:1.3.5.2.3.2
U331,13,FUSE2,190715.7,190715.7,198224.4,7508.7,7508.7,1035.4,0.137893,1,p:2.2.2.2.1.2
U332,13,FUSE2,190761.7,190761.7,195092.4,4330.7,4330.7,1035.4,0.239084,1,p:1.1.4.2.2.2
U333,13,FUSE2,190831.7,190831.7,194226.4,3394.7,3394.7,1035.4,0.305005,1,p:2.3.3.1.3.1
U7972,319,FUSE0,190879.3,190879.3,195208.4,4329.1,4329.1,941.0,0.217366,1,p:1.2.3.2.1.2
U7973,319,FUSE0,190947.7,190947.7,194344.0,3396.3,3396.3,941.0,0.277066,1,p:2.1.3.2.1.1
U7974,319,FUSE0,190995.3,190995.3,195324.4,4329.1,4329.1,941.0,0.217366,1,p:1.3.4.1.3.2
U7975,319,FUSE0,191063.7,191063.7,195218.0,4154.3,4154.3,941.0,0.226512,1,p:2.2.1.1.1.1
U7976,319,FUSE0,191111.3,191111.3,195672.4,4561.1,4561.1,941.0,0.20631,1,p:1.1.1.2.1.2
U7977,319,FUSE0,191179.7,191179.7,194601.6,3421.9,3421.9,941.0,0.274993,1,p:2.3.1.2.2.1
U7978,319,FUSE0,191228.9,191228.9,196484.4,5255.5,5255.5,941.0,0.179051,1,p:1.2.1.2.3.2
U7979,319,FUSE0,191295.7,191295.7,194868.2,3572.5,3572.5,941.0,0.263401,1,p:2.1.4.1.2.1
U7980,319,FUSE1,191344.9,191344.9,194984.2,3639.3,3639.3,1003.0,0.275602,1,p:1.3.1.1.1.1
U7981,319,FUSE1,191411.7,191411.7,196020.4,4608.7,4608.7,1003.0,0.217632,1,p:2.2.3.2.3.2
U7982,319,FUSE1,191460.9,191460.9,195556.4,4095.5,4095.5,1003.0,0.244903,1,p:1.1.5.1.3.2
U7983,319,FUSE1,191527.7,191527.7,195904.4,4376.7,4376.7,1003.0,0.229168,1,p:2.3.4.1.3.2
U7984,319,FUSE1,191578.5,191578.5,196136.4,4557.9,4557.9,1003.0,0.220057,1,p:1.2.4.2.2.2
U7985,319,FUSE1,191643.7,191643.7,195689.8,4046.1,4046.1,1003.0,0.247893,1,p:2.1.1.2.2.1
U7986,319,FUSE1,191694.5,191694.5,194485.6,2791.1,2791.1,1003.0,0.359357,1,p:1.3.5.2.3.1
U7987,319,FUSE1,191759.7,191759.7,195440.4,3680.7,3680.7,1003.0,0.272503,1,p:2.2.5.2.2.2
U7988,319,FUSE2,191810.5,191810.5,195788.4,3977.9,3977.9,1035.4,0.260288,1,p:1.1.3.2.2.2
U7989,319,FUSE2,191875.7,191875.7,194717.6,2841.9,2841.9,1035.4,0.364334,1,p:2.3.3.1.1.1
U7990,319,FUSE2,191928.1,191928.1,195457.8,3529.7,3529.7,1035.4,0.293339,1,p:1.2.3.1.1.1
U7991,319,FUSE2,191991.7,191991.7,195861.4,3869.7,3869.7,1035.4,0.267566,1,p:2.1.4.2.2.1
U7992,319,FUSE2,192044.1,192044.1,196368.4,4324.3,4324.3,1035.4,0.239438,1,p:1.3.4.2.3.2
U7993,319,FUSE2,192107.7,192107.7,196621.4,4513.7,4513.7,1035.4,0.229391,1,p:2.2.1.2.1.1
U7994,319,FUSE2,192160.1,192160.1,195573.8,3413.7,3413.7,1035.4,0.303307,1,p:1.1.5.1.3.1
U8573,343,FUSE0,192223.7,192223.7,195100.2,2876.5,2876.5,941.0,0.327134,1,p:2.3.5.1.3.1
U8574,343,FUSE0,192277.7,192277.7,197064.4,4786.7,4786.7,941.0,0.196586,1,p:1.2.4.2.2.2
U8575,343,FUSE0,192339.7,192339.7,196252.4,3912.7,3912.7,941.0,0.240499,1,p:2.1.3.1.1.2
U8576,343,FUSE0,192393.7,192393.7,196465.6,4071.9,4071.9,941.0,0.231096,1,p:1.3.1.1.3.1
U8577,343,FUSE0,192455.7,192455.7,196058.8,3603.1,3603.1,941.0,0.261164,1,p:2.2.5.1.3.1
U8578,343,FUSE0,192509.7,192509.7,197317.4,4807.7,4807.7,941.0,0.195728,1,p:1.1.1.1.3.1
U8579,343,FUSE0,192571.7,192571.7,197180.4,4608.7,4608.7,941.0,0.204179,1,p:2.3.1.1.3.2
U8580,343,FUSE1,192625.7,192625.7,196233.6,3607.9,3607.9,1003.0,0.278001,1,p:1.2.5.1.3.1
U8581,343,FUSE1,192687.7,192687.7,196853.4,4165.7,4165.7,1003.0,0.240776,1,p:2.1.4.1.1.1
U8582,343,FUSE1,192802.1,192802.1,196349.6,3547.5,3547.5,1003.0,0.282734,1,p:1.3.4.1.2.1
U8583,343,FUSE1,192803.7,192803.7,197549.4,4745.7,4745.7,1003.0,0.211349,1,p:2.2.1.1.1.1
U8584,343,FUSE1,192919.7,192919.7,195334.0,2414.3,2414.3,1003.0,0.415441,1,p:1.3.5.1.2.1
U8585,343,FUSE1,192943.7,192943.7,198340.4,5396.7,5396.7,1003.0,0.185854,1,p:2.2.4.2.3.2
U8586,343,FUSE1,193035.7,193035.7,197296.4,4260.7,4260.7,1003.0,0.235407,1,p:1.1.3.2.3.2
U8587,343,FUSE2,193059.7,193059.7,196600.4,3540.7,3540.7,1035.4,0.292428,1,p:2.3.3.2.1.2
U8588,343,FUSE2,193151.7,193151.7,196969.4,3817.7,3817.7,1035.4,0.27121,1,p:1.2.5.1.3.1
U8589,343,FUSE2,193175.7,193175.7,196832.4,3656.7,3656.7,1035.4,0.283151,1,p:2.1.5.2.1.2
U8590,343,FUSE2,193267.7,193267.7,197665.4,4397.7,4397.7,1035.4,0.235441,1,p:1.3.1.1.3.1
U8591,343,FUSE2,193293.3,193293.3,199036.4,5743.1,5743.1,1035.4,0.180286,1,p:2.2.1.2.3.2
U8592,343,FUSE2,193383.7,193383.7,197897.4,4513.7,4513.7,1035.4,0.229391,1,p:1.1.1.1.1.1
U8593,343,FUSE2,193409.3,193409.3,197992.4,4583.1,4583.1,1035.4,0.225917,1,p:2.3.4.2.3.2
U8594,343,FUSE2,193499.7,193499.7,198108.4,4608.7,4608.7,1035.4,0.224662,1,p:1.2.3.2.2.2
U3496,140,FUSE0,193525.3,193525.3,198013.4,4488.1,4488.1,941.0,0.209666,1,p:2.1.4.1.3.1
U3497,140,FUSE0,193615.7,193615.7,196737.4,3121.7,3121.7,941.0,0.301438,1,p:1.3.3.1.2.1
U3498,140,FUSE0,193676.1,193676.1,198245.4,4569.3,4569.3,941.0,0.20594,1,p:2.2.4.1.1.1
U3499,140,FUSE0,193731.7,193731.7,197412.4,3680.7,3680.7,941.0,0.255658,1,p:1.1.5.2.2.2
U3500,140,FUSE0,193792.1,193792.1,197528.4,3736.3,3736.3,941.0,0.251853,1,p:2.3.3.2.1.2
U3501,140,FUSE0,193847.7,193847.7,197433.4,3585.7,3585.7,941.0,0.262431,1,p:1.2.5.1.2.1
U3502,140,FUSE0,193908.1,193908.1,198477.4,4569.3,4569.3,941.0,0.20594,1,p:2.1.1.1.2.1
U3503,140,FUSE1,193963.7,193963.7,197760.4,3796.7,3796.7,1003.0,0.264177,1,p:1.3.3.2.2.2
U3504,140,FUSE1,194025.7,194025.7,199384.4,5358.7,5358.7,1003.0,0.187172,1,p:2.2.4.2.3.2
U3505,140,FUSE1,194079.7,194079.7,199268.4,5188.7,5188.7,1003.0,0.193305,1,p:1.1.1.2.1.2
U3506,140,FUSE1,194141.7,194141.7,198456.4,4314.7,4314.7,1003.0,0.232461,1,p:2.3.4.2.2.2
U3507,140,FUSE1,194195.7,194195.7,198129.4,3933.7,3933.7,1003.0,0.254976,1,p:1.2.3.1.2.1
U3508,140,FUSE1,194257.7,194257.7,198688.4,4430.7,4430.7,1003.0,0.226375,1,p:2.1.3.2.3.2
U3509,140,FUSE1,194311.7,194311.7,197201.4,2889.7,2889.7,1003.0,0.347095,1,p:1.3.5.1.1.1
U3510,140,FUSE2,194375.3,194375.3,199656.6622,5281.3622,5281.3622,1035.4,0.196048,1,p:2.2.1.1.1.1
U3511,140,FUSE2,194427.7,194427.7,197781.4,3353.7,3353.7,1035.4,0.308734,1,p:1.1.5.1.2.1
U3512,140,FUSE2,194516.9,194516.9,199616.4,5099.5,5099.5,1035.4,0.20304,1,p:2.3.1.2.1.2
U3513,140,FUSE2,194543.7,194543.7,199067.0622,4523.3622,4523.3622,1035.4,0.228901,1,p:1.2.2.1.3.1
U3514,140,FUSE2,194632.9,194632.9,198804.4,4171.5,4171.5,1035.4,0.248208,1,p:2.1.2.2.2.2
U3515,140,FUSE2,194659.7,194659.7,198361.4,3701.7,3701.7,1035.4,0.279709,1,p:1.3.2.1.3.1
U3516,140,FUSE2,194748.9,194748.9,198920.4,4171.5,4171.5,1035.4,0.248208,1,p:2.2.5.2.1.2
U3517,140,FUSE2,194775.7,194775.7,198572.4,3796.7,3796.7,1035.4,0.272711,1,p:1.1.5.2.1.2
U6498,260,FUSE0,194891.7,194891.7,199848.4,4956.7,4956.7,941.0,0.189844,1,p:2.3.1.2.2.2
U6499,260,FUSE0,194899.5,194899.5,198598.2622,3698.7622,3698.7622,941.0,0.254409,1,p:1.2.3.1.1.1
U6500,260,FUSE0,195007.7,195007.7,198714.2622,3706.5622,3706.5622,941.0,0.253874,1,p:2.1.3.1.3.1
U6501,260,FUSE0,195015.5,195015.5,198830.2622,3814.7622,3814.7622,941.0,0.246673,1,p:1.3.4.1.2.1
U6502,260,FUSE0,195123.7,195123.7,199152.4,4028.7,4028.7,941.0,0.233574,1,p:2.2.5.2.2.2
U6503,260,FUSE0,195131.5,195131.5,199303.8622,4172.3622,4172.3622,941.0,0.225532,1,p:1.1.4.1.1.1
U6504,260,FUSE0,195239.7,195239.7,199500.4,4260.7,4260.7,941.0,0.220856,1,p:2.3.4.2.2.2
U6505,260,FUSE0,195249.3,195249.3,201008.4,5759.1,5759.1,941.0,0.163394,1,p:1.2.1.2.1.2
U6506,260,FUSE1,195355.7,195355.7,200241.4622,4885.7622,4885.7622,1003.0,0.20529,1,p:2.1.1.1.2.1
U6507,260,FUSE1,195365.3,195365.3,200776.4,5411.1,5411.1,1003.0,0.18536,1,p:1.3.1.2.3.2
U6508,260,FUSE1,195471.7,195471.7,199183.0622,3711.3622,3711.3622,1003.0,0.270251,1,p:2.2.3.1.2.1
U6509,260,FUSE1,195489.1,195489.1,199732.4,4243.3,4243.3,1003.0,0.236373,1,p:1.1.3.2.3.2
U6510,260,FUSE1,195587.7,195587.7,199419.8622,3832.1622,3832.1622,1003.0,0.261732,1,p:2.3.2.1.3.1
U6511,260,FUSE1,195605.1,195605.1,200080.4,4475.3,4475.3,1003.0,0.224119,1,p:1.2.5.2.3.2
U6512,260,FUSE1,195703.7,195703.7,198951.0622,3247.3622,3247.3622,1003.0,0.308866,1,p:2.1.5.1.1.1
U6513,260,FUSE1,195721.1,195721.1,200428.4,4707.3,4707.3,1003.0,0.213073,1,p:1.3.4.2.3.2
U6514,260,FUSE2,195819.7,195819.7,200544.4,4724.7,4724.7,1035.4,0.219146,1,p:2.2.2.2.2.2
U6515,260,FUSE2,195892.7,195892.7,200196.4,4303.7,4303.7,1035.4,0.240584,1,p:1.1.2.2.2.2
U6516,260,FUSE2,195935.7,195935.7,199772.6622,3836.9622,3836.9622,1035.4,0.269849,1,p:2.3.2.1.3.1
U6517,260,FUSE2,196051.7,196051.7,200660.4,4608.7,4608.7,1035.4,0.224662,1,p:1.1.4.2.1.2
U6518,260,FUSE2,196090.1,196090.1,200312.4,4222.3,4222.3,1035.4,0.245222,1,p:2.2.3.2.1.2
U6519,260,FUSE2,196167.7,196167.7,199888.6622,3720.9622,3720.9622,1035.4,0.278261,1,p:1.3.4.1.2.1
U6520,260,FUSE2,196264.9,196264.9,200373.8,4108.9,4108.9,1035.4,0.25199,1,p:2.2.2.1.1.1
U6521,260,FUSE2,196283.7,196283.7,201195.4,4911.7,4911.7,1035.4,0.210803,1,p:1.3.1.1.3.1
U6522,260,FUSE2,196380.9,196380.9,201588.4,5207.5,5207.5,1035.4,0.198829,1,p:2.1.1.2.2.2
U6548,262,FUSE0,196399.7,196399.7,200009.4622,3609.7622,3609.7622,941.0,0.260682,1,p:1.2.3.1.1.1
U6549,262,FUSE0,196496.9,196496.9,199964.4,3467.5,3467.5,941.0,0.271377,1,p:2.3.3.2.1.2
U6550,262,FUSE0,196515.7,196515.7,200842.6,4326.9,4326.9,941.0,0.217477,1,p:1.1.4.1.3.1
U6551,262,FUSE0,196631.7,196631.7,201472.4,4840.7,4840.7,941.0,0.194393,1,p:2.2.2.2.3.2
U6552,262,FUSE0,196652.7,196652.7,199535.8622,2883.1622,2883.1622,941.0,0.326378,1,p:1.3.5.1.2.1
U6553,262,FUSE0,196747.7,196747.7,201432.2,4684.5,4684.5,941.0,0.200875,1,p:2.1.1.1.1.1
U6554,262,FUSE0,196768.7,196768.7,201124.4,4355.7,4355.7,941.0,0.216039,1,p:1.2.5.2.3.2
U6555,262,FUSE0,196863.7,196863.7,200125.4622,3261.7622,3261.7622,941.0,0.288494,1,p:2.3.5.1.3.1
U6556,262,FUSE1,196884.7,196884.7,200489.8,3605.1,3605.1,1003.0,0.278217,1,p:1.1.5.1.3.1
U6557,262,FUSE1,196979.7,196979.7,202168.4,5188.7,5188.7,1003.0,0.193305,1,p:2.2.4.2.3.2
U6558,262,FUSE1,197000.7,197000.7,201240.4,4239.7,4239.7,1003.0,0.236573,1,p:1.3.4.2.2.2
U6559,262,FUSE1,197095.7,197095.7,201079.4,3983.7,3983.7,1003.0,0.251776,1,p:2.1.4.1.1.1
U6560,262,FUSE1,197116.7,197116.7,201548.2,4431.5,4431.5,1003.0,0.226334,1,p:1.2.2.1.3.1
U6561,262,FUSE1,197211.7,197211.7,201785.0,4573.3,4573.3,1003.0,0.219316,1,p:2.3.1.1.1.1
U6562,262,FUSE1,197232.7,197232.7,201356.4,4123.7,4123.7,1003.0,0.243228,1,p:1.1.2.2.1.2
U6563,262,FUSE1,197327.7,197327.7,201820.4,4492.7,4492.7,1003.0,0.223251,1,p:2.2.3.2.3.2
U6564,262,FUSE2,197348.7,197348.7,200892.4,3543.7,3543.7,1035.4,0.29218,1,p:1.3.3.2.2.2
U6565,262,FUSE2,197443.7,197443.7,200726.6,3282.9,3282.9,1035.4,0.315392,1,p:2.1.3.1.1.1
U6566,262,FUSE2,197464.7,197464.7,202733.0,5268.3,5268.3,1035.4,0.196534,1,p:1.2.1.2.1.1
U6567,262,FUSE2,197559.7,197559.7,203096.4,5536.7,5536.7,1035.4,0.187007,1,p:2.3.1.2.3.2
U6568,262,FUSE2,197580.7,197580.7,202748.4,5167.7,5167.7,1035.4,0.20036,1,p:1.1.1.1.2.2
U6569,262,FUSE2,197675.7,197675.7,201311.4,3635.7,3635.7,1035.4,0.284787,1,p:2.2.5.1.2.1
U6570,262,FUSE2,197696.7,197696.7,200605.8,2909.1,2909.1,1035.4,0.355918,1,p:1.3.5.1.2.1
U6571,262,FUSE2,197791.7,197791.7,200958.6,3166.9,3166.9,1035.4,0.326944,1,p:2.1.5.1.2.1
U6572,262,FUSE2,197812.7,197812.7,203207.0,5394.3,5394.3,1035.4,0.191943,1,p:1.2.1.2.2.1
U489,20,FUSE0,197907.7,197907.7,201664.2,3756.5,3756.5,941.0,0.250499,1,p:2.3.4.1.2.1
U490,20,FUSE0,197928.7,197928.7,202400.4,4471.7,4471.7,941.0,0.210435,1,p:1.1.4.2.1.2
U491,20,FUSE0,198023.7,198023.7,202052.4,4028.7,4028.7,941.0,0.233574,1,p:2.2.5.2.1.2
U492,20,FUSE0,198044.7,198044.7,201936.4,3891.7,3891.7,941.0,0.241797,1,p:1.3.2.2.2.2
U493,20,FUSE0,198139.7,198139.7,202516.4,4376.7,4376.7,941.0,0.215002,1,p:2.1.2.2.3.2
U494,20,FUSE0,198160.7,198160.7,203676.4,5515.7,5515.7,941.0,0.170604,1,p:1.2.1.2.2.2
U495,20,FUSE0,198255.7,198255.7,201704.4,3448.7,3448.7,941.0,0.272856,1,p:2.3.3.2.1.2
U496,20,FUSE0,198276.7,198276.7,201901.0,3624.3,3624.3,941.0,0.259636,1,p:1.1.3.1.3.1
U497,20,FUSE1,198371.7,198371.7,203328.4,4956.7,4956.7,1003.0,0.202352,1,p:2.2.4.1.2.2
U498,20,FUSE1,198392.7,198392.7,202253.8,3861.1,3861.1,1003.0,0.259771,1,p:1.3.4.2.2.1
U499,20,FUSE1,198487.7,198487.7,202507.8,4020.1,4020.1,1003.0,0.249496,1,p:2.1.4.1.2.1
U500,20,FUSE1,198508.7,198508.7,202980.4,4471.7,4471.7,1003.0,0.224299,1,p:1.2.2.1.2.2
U501,20,FUSE1,198603.7,198603.7,202017.0,3413.3,3413.3,1003.0,0.293851,1,p:2.3.2.1.2.1
U502,20,FUSE1,198629.5622,198629.5622,202632.4,4002.8378,4002.8378,1003.0,0.250572,1,p:1.1.2.2.1.2
U503,20,FUSE1,198719.7,198719.7,204372.4,5652.7,5652.7,1003.0,0.177437,1,p:2.2.1.2.2.2
U504,20,FUSE1,198745.5622,198745.5622,202284.4,3538.8378,3538.8378,1003.0,0.283426,1,p:1.3.3.2.2.2
U505,20,FUSE2,198835.7,198835.7,204024.4,5188.7,5188.7,1035.4,0.199549,1,p:2.1.1.2.2.2
U506,20,FUSE2,198861.5622,198861.5622,204140.4,5278.8378,5278.8378,1035.4,0.196142,1,p:1.2.4.2.3.2
U507,20,FUSE2,198951.7,198951.7,202369.8,3418.1,3418.1,1035.4,0.302917,1,p:2.3.5.1.3.1
U508,20,FUSE2,198982.3622,198982.3622,202973.4,3991.0378,3991.0378,1035.4,0.259431,1,p:1.1.5.1.3.1
U509,20,FUSE2,199067.7,199067.7,203672.6,4604.9,4604.9,1035.4,0.224847,1,p:2.2.2.1.3.1
U510,20,FUSE2,199098.3622,199098.3622,202137.8,3039.4378,3039.4378,1035.4,0.340655,1,p:1.3.3.1.1.1
U511,20,FUSE2,199183.7,199183.7,202864.4,3680.7,3680.7,1035.4,0.281305,1,p:2.1.3.2.1.2
U512,20,FUSE2,199214.3622,199214.3622,203788.6,4574.2378,4574.2378,1035.4,0.226355,1,p:1.2.4.1.1.1
U7220,289,FUSE0,199299.7,199299.7,203089.4,3789.7,3789.7,941.0,0.248305,1,p:2.3.4.1.1.1
U7221,289,FUSE0,199335.1622,199335.1622,203444.4,4109.2378,4109.2378,941.0,0.228996,1,p:1.1.5.2.3.2
U7222,289,FUSE0,199415.7,199415.7,203908.4,4492.7,4492.7,941.0,0.209451,1,p:2.2.2.2.1.2
U7223,289,FUSE0,199451.1622,199451.1622,203323.0,3871.8378,3871.8378,941.0,0.243037,1,p:1.3.2.2.3.1
U7224,289,FUSE0,199531.7,199531.7,202857.4,3325.7,3325.7,941.0,0.282948,1,p:2.1.3.1.2.1
U7225,289,FUSE0,199567.1622,199567.1622,204371.8,4804.6378,4804.6378,941.0,0.195852,1,p:1.2.4.1.3.1
U7226,289,FUSE0,199647.7,199647.7,204604.4,4956.7,4956.7,941.0,0.189844,1,p:2.3.1.2.1.2
U7227,289,FUSE0,199687.9622,199687.9622,204605.4,4917.4378,4917.4378,941.0,0.19136,1,p:1.1.1.1.2.1
U7228,289,FUSE1,199763.7,199763.7,205187.0,5423.3,5423.3,1003.0,0.184943,1,p:2.2.1.1.1.1
U7229,289,FUSE1,199803.9622,199803.9622,203212.4,3408.4378,3408.4378,1003.0,0.29427,1,p:1.3.5.2.1.2
U7230,289,FUSE1,199879.7,199879.7,204837.4,4957.7,4957.7,1003.0,0.202312,1,p:2.1.1.1.1.1
U7231,289,FUSE1,199919.9622,199919.9622,204022.2,4102.2378,4102.2378,1003.0,0.244501,1,p:1.2.3.1.3.1
U7232,289,FUSE1,199995.7,199995.7,203560.4,3564.7,3564.7,1003.0,0.28137,1,p:2.3.3.2.1.2
U7233,289,FUSE1,200040.7622,200040.7622,203439.0,3398.2378,3398.2378,1003.0,0.295153,1,p:1.1.3.1.1.1
U7234,289,FUSE1,200111.7,200111.7,205071.0,4959.3,4959.3,1003.0,0.202246,1,p:2.2.4.1.3.1
U7235,289,FUSE1,200156.7622,200156.7622,203792.4,3635.6378,3635.6378,1003.0,0.27588,1,p:1.3.5.1.3.2
U7236,289,FUSE2,200227.7,200227.7,204720.4,4492.7,4492.7,1035.4,0.230463,1,p:2.1.4.2.2.2
U7237,289,FUSE2,200272.7622,200272.7622,205996.4,5723.6378,5723.6378,1035.4,0.180899,1,p:1.2.1.2.1.2
U7238,289,FUSE2,200343.7,200343.7,203906.2,3562.5,3562.5,1035.4,0.290639,1,p:2.3.2.1.2.1
U7239,289,FUSE2,200405.1,200405.1,204836.4,4431.3,4431.3,1035.4,0.233656,1,p:1.1.2.2.3.2
U7240,289,FUSE2,200459.7,200459.7,205068.4,4608.7,4608.7,1035.4,0.224662,1,p:2.2.2.2.2.2
U7241,289,FUSE2,200521.1,200521.1,203556.6,3035.5,3035.5,1035.4,0.341097,1,p:1.3.5.1.2.1
U7242,289,FUSE2,200575.7,200575.7,204488.4,3912.7,3912.7,1035.4,0.264625,1,p:2.1.5.2.3.2
U7243,289,FUSE2,200637.1,200637.1,206353.4,5716.3,5716.3,1035.4,0.181131,1,p:1.2.1.1.2.1
U1715,69,FUSE0,200691.7,200691.7,205648.4,4956.7,4956.7,941.0,0.189844,1,p:2.3.1.2.1.2
U1716,69,FUSE0,200757.9,200757.9,204487.8,3729.9,3729.9,941.0,0.252286,1,p:1.1.2.1.1.1
U1717,69,FUSE0,200807.7,200807.7,205184.4,4376.7,4376.7,941.0,0.215002,1,p:2.2.3.2.3.2
U1718,69,FUSE0,200873.9,200873.9,204256.4,3382.5,3382.5,941.0,0.278197,1,p:1.3.3.2.1.2
U1719,69,FUSE0,200923.7,200923.7,205300.4,4376.7,4376.7,941.0,0.215002,1,p:2.1.4.2.1.2
U1720,69,FUSE0,200989.9,200989.9,204721.4,3731.5,3731.5,941.0,0.252177,1,p:1.2.5.1.3.1
U1721,69,FUSE0,201039.7,201039.7,206003.8,4964.1,4964.1,941.0,0.189561,1,p:2.3.1.1.2.1
U1722,69,FUSE0,201110.7,201110.7,204138.2,3027.5,3027.5,941.0,0.310818,1,p:1.1.5.1.1.1
U1723,69,FUSE1,201155.7,201155.7,205880.4,4724.7,4724.7,1003.0,0.212289,1,p:2.2.3.2.3.2
U1724,69,FUSE1,201226.7,201226.7,204255.8,3029.1,3029.1,1003.0,0.331121,1,p:1.3.3.1.2.1
U1725,69,FUSE1,201271.7,201271.7,205304.6,4032.9,4032.9,1003.0,0.248704,1,p:2.1.4.1.2.1
U1726,69,FUSE1,201342.7,201342.7,205654.2,4311.5,4311.5,1003.0,0.232634,1,p:1.2.2.1.2.1
U1727,69,FUSE1,201387.7,201387.7,205420.6,4032.9,4032.9,1003.0,0.248704,1,p:2.3.2.1.3.1
U1728,69,FUSE1,201463.5,201463.5,205770.2,4306.7,4306.7,1003.0,0.232893,1,p:1.1.2.1.3.1
U1729,69,FUSE1,201503.7,201503.7,207388.4,5884.7,5884.7,1003.0,0.170442,1,p:2.2.1.1.1.2
U1730,69,FUSE1,201579.5,201579.5,206595.0,5015.5,5015.5,1003.0,0.19998,1,p:1.3.1.2.1.1
U1731,69,FUSE2,201619.7,201619.7,207620.4,6000.7,6000.7,1035.4,0.172547,1,p:2.1.1.1.3.2
U1732,69,FUSE2,201695.5,201695.5,206119.8,4424.3,4424.3,1035.4,0.234026,1,p:1.2.3.1.3.1
U1733,69,FUSE2,201735.7,201735.7,205532.4,3796.7,3796.7,1035.4,0.272711,1,p:2.3.3.2.3.2
U1734,69,FUSE2,201816.3,201816.3,204952.4,3136.1,3136.1,1035.4,0.330155,1,p:1.1.5.2.1.2
U1735,69,FUSE2,201851.7,201851.7,205886.2,4034.5,4034.5,1035.4,0.256637,1,p:2.1.4.1.1.1
U1736,69,FUSE2,201932.3,201932.3,206228.4,4296.1,4296.1,1035.4,0.241009,1,p:1.3.4.2.3.2
U1737,69,FUSE2,201967.7,201967.7,206235.8,4268.1,4268.1,1035.4,0.24259,1,p:2.2.2.1.1.1
U1988,80,FUSE0,202048.3,202048.3,204955.0,2906.7,2906.7,941.0,0.323735,1,p:1.1.5.1.2.1
U1989,80,FUSE0,202083.7,202083.7,205764.4,3680.7,3680.7,941.0,0.255658,1,p:2.3.3.2.2.2
U1990,80,FUSE0,202169.1,202169.1,207671.0,5501.9,5501.9,941.0,0.171032,1,p:1.2.1.2.1.1
U1991,80,FUSE0,202199.7,202199.7,206460.4,4260.7,4260.7,941.0,0.220856,1,p:2.1.4.2.2.2
U1992,80,FUSE0,202285.1,202285.1,206576.4,4291.3,4291.3,941.0,0.219281,1,p:1.3.2.2.3.2
U1993,80,FUSE0,202315.7,202315.7,206808.4,4492.7,4492.7,941.0,0.209451,1,p:2.2.2.2.2.2
U1994,80,FUSE0,202401.1,202401.1,205416.4,3015.3,3015.3,941.0,0.312075,1,p:1.1.5.2.2.2
U1995,80,FUSE0,202431.7,202431.7,207434.2,5002.5,5002.5,941.0,0.188106,1,p:2.3.1.1.2.1
U1996,80,FUSE0,202539.1,202539.1,206924.4,4385.3,4385.3,941.0,0.214581,1,p:1.2.3.2.3.2
U1997,80,FUSE1,202547.7,202547.7,208664.4,6116.7,6116.7,1003.0,0.163977,1,p:2.1.1.1.3.2
U1998,80,FUSE1,202663.7,202663.7,206344.4,3680.7,3680.7,1003.0,0.272503,1,p:1.3.3.2.1.2
U1999,80,FUSE1,202764.3,202764.3,207197.4,4433.1,4433.1,1003.0,0.226253,1,p:2.1.4.2.3.1
U2000,80,FUSE1,202779.7,202779.7,206827.0,4047.3,4047.3,1003.0,0.24782,1,p:1.3.4.1.3.1
U2001,80,FUSE1,202888.7,202888.7,207272.4,4383.7,4383.7,1003.0,0.228802,1,p:2.2.3.1.3.2
U2002,80,FUSE1,202895.7,202895.7,208548.4,5652.7,5652.7,1003.0,0.177437,1,p:1.1.1.2.2.2
U2003,80,FUSE1,203004.7,203004.7,205536.6,2531.9,2531.9,1003.0,0.396145,1,p:2.3.5.1.1.1
U2004,80,FUSE1,203011.7,203011.7,207081.4,4069.7,4069.7,1003.0,0.246456,1,p:1.2.4.1.2.1
U2005,80,FUSE1,203120.7,203120.7,207550.2,4429.5,4429.5,1003.0,0.226436,1,p:2.1.2.2.3.1
U2006,80,FUSE2,203127.7,203127.7,207040.4,3912.7,3912.7,1035.4,0.264625,1,p:1.3.2.1.1.2
U2007,80,FUSE2,203238.3,203238.3,208896.4,5658.1,5658.1,1035.4,0.182994,1,p:2.2.1.2.2.2
U2008,80,FUSE2,203243.7,203243.7,206469.4,3225.7,3225.7,1035.4,0.320985,1,p:1.1.5.1.3.1
U2009,80,FUSE2,203354.3,203354.3,206112.4,2758.1,2758.1,1035.4,0.375403,1,p:2.3.5.2.2.2
U2010,80,FUSE2,203359.7,203359.7,207903.0,4543.3,4543.3,1035.4,0.227896,1,p:1.2.2.2.3.1
U2011,80,FUSE2,203470.3,203470.3,207504.4,4034.1,4034.1,1035.4,0.256662,1,p:2.1.3.2.2.2
U2012,80,FUSE2,203475.7,203475.7,207156.4,3680.7,3680.7,1035.4,0.281305,1,p:1.3.3.2.2.2
U2013,80,FUSE2,203587.9,203587.9,208316.4,4728.5,4728.5,1035.4,0.21897,1,p:2.2.4.1.3.2
U2014,80,FUSE2,203591.7,203591.7,206692.4,3100.7,3100.7,1035.4,0.333925,1,p:1.1.5.2.1.2
U6672,267,FUSE0,203703.9,203703.9,207318.2,3614.3,3614.3,941.0,0.260355,1,p:2.3.4.2.1.1
U6673,267,FUSE0,203707.7,203707.7,207787.0,4079.3,4079.3,941.0,0.230677,1,p:1.2.2.1.2.1
U6674,267,FUSE0,203819.9,203819.9,207736.4,3916.5,3916.5,941.0,0.240266,1,p:2.1.3.1.1.2
U6675,267,FUSE0,203823.7,203823.7,208845.4,5021.7,5021.7,941.0,0.187387,1,p:1.3.1.1.2.1
U6676,267,FUSE0,203937.5,203937.5,206711.0,2773.5,2773.5,941.0,0.339282,1,p:2.2.5.1.2.1
U6677,267,FUSE0,203939.7,203939.7,210056.4,6116.7,6116.7,941.0,0.153841,1,p:1.1.1.1.3.2
U6678,267,FUSE0,204053.5,204053.5,209092.2,5038.7,5038.7,941.0,0.186755,1,p:2.3.1.2.1.1
U6679,267,FUSE1,204055.7,204055.7,208084.4,4028.7,4028.7,1003.0,0.248964,1,p:1.2.3.1.1.2
U6680,267,FUSE1,204169.5,204169.5,206965.4,2795.9,2795.9,1003.0,0.35874,1,p:2.1.5.2.1.1
U6681,267,FUSE1,204171.7,204171.7,208200.4,4028.7,4028.7,1003.0,0.248964,1,p:1.3.4.2.2.2
U6682,267,FUSE1,204287.1,204287.1,209940.4,5653.3,5653.3,1003.0,0.177418,1,p:2.2.1.2.2.2
U6683,267,FUSE1,204287.7,204287.7,209012.4,4724.7,4724.7,1003.0,0.212289,1,p:1.1.2.1.3.2
U6684,267,FUSE1,204403.1,204403.1,208023.8,3620.7,3620.7,1003.0,0.277018,1,p:2.3.2.2.1.1
U6685,267,FUSE1,204403.7,204403.7,207968.4,3564.7,3564.7,1003.0,0.28137,1,p:1.2.5.1.3.2
U6686,267,FUSE2,204519.1,204519.1,208780.4,4261.3,4261.3,1035.4,0.242977,1,p:2.1.4.1.1.2
U6687,267,FUSE2,204519.7,204519.7,208432.4,3912.7,3912.7,1035.4,0.264625,1,p:1.3.4.1.1.2
U6688,267,FUSE2,204635.7,204635.7,210172.4,5536.7,5536.7,1035.4,0.187007,1,p:2.2.1.1.1.2
U6689,267,FUSE2,204636.7,204636.7,208492.6,3855.9,3855.9,1035.4,0.268524,1,p:1.1.3.1.2.1
U6690,267,FUSE2,204751.7,204751.7,208608.6,3856.9,3856.9,1035.4,0.268454,1,p:2.3.3.2.3.1
U6691,267,FUSE2,204752.7,204752.7,209128.4,4375.7,4375.7,1035.4,0.236625,1,p:1.2.2.1.1.2
U6692,267,FUSE2,204867.7,204867.7,209324.2,4456.5,4456.5,1035.4,0.232335,1,p:2.1.4.2.3.1
U4293,172,FUSE0,204868.7,204868.7,208961.4,4092.7,4092.7,941.0,0.229922,1,p:1.3.2.2.3.1
U4294,172,FUSE0,204983.7,204983.7,208729.4,3745.7,3745.7,941.0,0.251221,1,p:2.2.3.2.1.1
U4295,172,FUSE0,204986.3,204986.3,208255.8,3269.5,3269.5,941.0,0.287812,1,p:1.1.5.2.3.1
U4296,172,FUSE0,205099.7,205099.7,207852.4,2752.7,2752.7,941.0,0.341846,1,p:2.3.5.2.2.2
U4297,172,FUSE0,205102.3,205102.3,210841.8,5739.5,5739.5,941.0,0.163952,1,p:1.2.1.1.3.1
U4298,172,FUSE0,205215.7,205215.7,209708.4,4492.7,4492.7,941.0,0.209451,1,p:2.1.3.1.3.2
U4299,172,FUSE0,205218.3,205218.3,210261.8,5043.5,5043.5,941.0,0.186577,1,p:1.3.1.1.2.1
U4300,172,FUSE0,205331.7,205331.7,209208.2,3876.5,3876.5,941.0,0.242745,1,p:2.2.4.1.2.1
U4301,172,FUSE0,205335.9,205335.9,210984.4,5648.5,5648.5,941.0,0.166593,1,p:1.1.1.2.2.2
U4302,172,FUSE1,205447.7,205447.7,209677.0,4229.3,4229.3,1003.0,0.237155,1,p:2.3.2.2.3.1
U4303,172,FUSE1,205451.9,205451.9,209592.4,4140.5,4140.5,1003.0,0.242241,1,p:1.2.3.2.2.2
U4304,172,FUSE1,205563.7,205563.7,208376.6,2812.9,2812.9,1003.0,0.356572,1,p:2.1.5.2.1.1
U4305,172,FUSE1,205567.9,205567.9,208139.8,2571.9,2571.9,1003.0,0.389984,1,p:1.3.5.1.2.1
U4306,172,FUSE1,205679.7,205679.7,211332.4,5652.7,5652.7,1003.0,0.177437,1,p:2.2.1.2.2.2
U4307,172,FUSE1,205685.5,205685.5,209797.8,4112.3,4112.3,1003.0,0.243902,1,p:1.1.2.2.1.1
U4308,172,FUSE1,205795.7,205795.7,209561.0,3765.3,3765.3,1003.0,0.26638,1,p:2.3.2.1.2.1
U4309,172,FUSE1,205801.5,205801.5,209360.4,3558.9,3558.9,1003.0,0.281829,1,p:1.2.5.1.3.2
U4310,172,FUSE1,205911.7,205911.7,210145.8,4234.1,4234.1,1003.0,0.236886,1,p:2.1.4.1.3.1
U4311,172,FUSE2,205917.5,205917.5,209445.0,3527.5,3527.5,1035.4,0.293522,1,p:1.3.4.2.1.1
U4312,172,FUSE2,206027.7,206027.7,210288.4,4260.7,4260.7,1035.4,0.243012,1,p:2.2.2.2.2.2
U4313,172,FUSE2,206035.1,206035.1,210520.4,4485.3,4485.3,1035.4,0.230843,1,p:1.1.3.2.3.2
U4314,172,FUSE2,206143.7,206143.7,209824.4,3680.7,3680.7,1035.4,0.281305,1,p:2.3.3.1.1.2
U4315,172,FUSE2,206151.1,206151.1,210493.8,4342.7,4342.7,1035.4,0.238423,1,p:1.2.4.1.3.1
U4316,172,FUSE2,206259.7,206259.7,211769.8,5510.1,5510.1,1035.4,0.187909,1,p:2.1.1.1.1.1
U4317,172,FUSE2,206267.1,206267.1,211912.4,5645.3,5645.3,1035.4,0.183409,1,p:1.3.1.2.3.2
U4318,172,FUSE2,206375.7,206375.7,209476.4,3100.7,3100.7,1035.4,0.333925,1,p:2.2.5.1.1.2
U4319,172,FUSE2,206384.7,206384.7,210868.4,4483.7,4483.7,1035.4,0.230925,1,p:1.1.3.2.3.2
U4777,191,FUSE0,206491.7,206491.7,209244.4,2752.7,2752.7,941.0,0.341846,1,p:2.3.5.2.2.2
U4778,191,FUSE0,206500.7,206500.7,210725.8,4225.1,4225.1,941.0,0.222717,1,p:1.2.2.1.1.1
U4779,191,FUSE0,206607.7,206607.7,212608.4,6000.7,6000.7,941.0,0.156815,1,p:2.1.1.2.3.2
U4780,191,FUSE0,206626.3,206626.3,210636.4,4010.1,4010.1,941.0,0.234657,1,p:1.3.2.2.2.2
U4781,191,FUSE0,206723.7,206723.7,210752.4,4028.7,4028.7,941.0,0.233574,1,p:2.2.3.2.1.2
U4782,191,FUSE0,206742.3,206742.3,211216.4,4474.1,4474.1,941.0,0.210322,1,p:1.1.4.2.3.2
U4783,191,FUSE0,206839.7,206839.7,210377.8,3538.1,3538.1,941.0,0.265962,1,p:2.3.4.1.1.1
U4784,191,FUSE1,206858.3,206858.3,212589.4,5731.1,5731.1,1003.0,0.17501,1,p:1.2.1.1.3.1
U4785,191,FUSE1,206955.7,206955.7,211100.4,4144.7,4144.7,1003.0,0.241996,1,p:2.1.3.2.1.2
U4786,191,FUSE1,206996.7,206996.7,210029.8,3033.1,3033.1,1003.0,0.330685,1,p:1.3.5.2.3.1
U4787,191,FUSE1,207071.7,207071.7,210957.8,3886.1,3886.1,1003.0,0.258099,1,p:2.2.4.1.2.1
U4788,191,FUSE1,207112.7,207112.7,211448.4,4335.7,4335.7,1003.0,0.231335,1,p:1.1.2.2.1.2
U4789,191,FUSE1,207187.7,207187.7,211564.4,4376.7,4376.7,1003.0,0.229168,1,p:2.3.2.2.3.2
U4790,191,FUSE1,207228.7,207228.7,211537.8,4309.1,4309.1,1003.0,0.232763,1,p:1.2.3.1.3.1
U4791,191,FUSE2,207303.7,207303.7,210404.4,3100.7,3100.7,1035.4,0.333925,1,p:2.1.5.2.1.2
U4792,191,FUSE2,207349.5,207349.5,209913.8,2564.3,2564.3,1035.4,0.403775,1,p:1.3.5.1.2.1
U4793,191,FUSE2,207419.7,207419.7,211885.8,4466.1,4466.1,1035.4,0.231835,1,p:2.2.2.1.3.1
U4794,191,FUSE2,207465.5,207465.5,213312.2,5846.7,5846.7,1035.4,0.177091,1,p:1.1.1.1.3.1
U4795,191,FUSE2,207535.7,207535.7,212840.4,5304.7,5304.7,1035.4,0.195185,1,p:2.3.1.2.1.2
U4796,191,FUSE2,207581.5,207581.5,210609.8,3028.3,3028.3,1035.4,0.341908,1,p:1.2.5.1.2.1
U4797,191,FUSE2,207651.7,207651.7,211653.8,4002.1,4002.1,1035.4,0.258714,1,p:2.1.4.1.2.1
U4798,191,FUSE2,207702.3,207702.3,211305.8,3603.5,3603.5,1035.4,0.287332,1,p:1.3.4.1.2.1
U6244,250,FUSE0,207767.7,207767.7,213196.2,5428.5,5428.5,941.0,0.173344,1,p:2.2.1.1.1.1
U6245,250,FUSE0,207818.3,207818.3,211796.4,3978.1,3978.1,941.0,0.236545,1,p:1.1.3.2.1.2
U6246,250,FUSE0,207883.7,207883.7,211421.8,3538.1,3538.1,941.0,0.265962,1,p:2.3.3.1.1.1
U6247,250,FUSE0,207934.3,207934.3,211189.8,3255.5,3255.5,941.0,0.289049,1,p:1.2.5.1.3.1
U6248,250,FUSE0,207999.7,207999.7,214000.4,6000.7,6000.7,941.0,0.156815,1,p:2.1.1.2.3.2
U6249,250,FUSE0,208055.1,208055.1,212028.4,3973.3,3973.3,941.0,0.236831,1,p:1.3.2.2.2.2
U6250,250,FUSE0,208115.7,208115.7,212236.6,4120.9,4120.9,941.0,0.228348,1,p:2.2.3.1.3.1
U6251,250,FUSE0,208171.1,208171.1,211073.8,2902.7,2902.7,941.0,0.324181,1,p:1.1.5.1.1.1
U6252,250,FUSE1,208231.7,208231.7,212120.6,3888.9,3888.9,1003.0,0.257914,1,p:2.3.2.1.1.1
U6253,250,FUSE1,208287.1,208287.1,212956.4,4669.3,4669.3,1003.0,0.214807,1,p:1.2.2.2.3.2
U6254,250,FUSE1,208347.7,208347.7,212376.4,4028.7,4028.7,1003.0,0.248964,1,p:2.1.3.2.2.2
U6255,250,FUSE1,208407.9,208407.9,212144.4,3736.5,3736.5,1003.0,0.268433,1,p:1.3.4.2.1.2
U6256,250,FUSE1,208463.7,208463.7,211680.4,3216.7,3216.7,1003.0,0.31181,1,p:2.2.5.2.2.2
U6257,250,FUSE1,208523.9,208523.9,214232.4,5708.5,5708.5,1003.0,0.175703,1,p:1.1.1.2.1.2
U6258,250,FUSE1,208579.7,208579.7,213781.0,5201.3,5201.3,1003.0,0.192836,1,p:2.3.1.1.2.1
U6259,250,FUSE1,208639.9,208639.9,212473.4,3833.5,3833.5,1003.0,0.261641,1,p:1.2.3.1.1.1
U6260,250,FUSE2,208695.7,208695.7,212959.4,4263.7,4263.7,1035.4,0.242841,1,p:2.1.4.1.3.1
U6261,250,FUSE2,208760.7,208760.7,212492.4,3731.7,3731.7,1035.4,0.277461,1,p:1.3.4.2.1.2
U6262,250,FUSE2,208811.7,208811.7,214747.8,5936.1,5936.1,1035.4,0.174424,1,p:2.2.1.1.3.1
U6263,250,FUSE2,208876.7,208876.7,213304.4,4427.7,4427.7,1035.4,0.233846,1,p:1.1.3.2.3.2
U6264,250,FUSE2,208927.7,208927.7,212705.4,3777.7,3777.7,1035.4,0.274082,1,p:2.3.2.1.2.1
U6265,250,FUSE2,208992.7,208992.7,212001.8,3009.1,3009.1,1035.4,0.34409,1,p:1.2.5.1.2.1
U6266,250,FUSE2,209043.7,209043.7,213072.4,4028.7,4028.7,1035.4,0.257006,1,p:2.1.4.2.2.2
U5917,237,FUSE0,209123.5,209123.5,212260.4,3136.9,3136.9,941.0,0.299978,1,p:1.3.5.2.3.2
U5918,237,FUSE0,209159.7,209159.7,214812.4,5652.7,5652.7,941.0,0.166469,1,p:2.2.1.2.2.2
U5919,237,FUSE0,209239.5,209239.5,213075.4,3835.9,3835.9,941.0,0.245314,1,p:1.1.3.1.2.1
U5920,237,FUSE0,209275.7,209275.7,213188.4,3912.7,3912.7,941.0,0.240499,1,p:2.3.2.2.1.2
U5921,237,FUSE0,209355.5,209355.5,213652.4,4296.9,4296.9,941.0,0.218995,1,p:1.2.4.2.3.2
U5922,237,FUSE0,209391.7,209391.7,213549.0,4157.3,4157.3,941.0,0.226349,1,p:2.1.2.1.1.1
U5923,237,FUSE0,209476.3,209476.3,213665.0,4188.7,4188.7,941.0,0.224652,1,p:1.3.2.1.3.1
U5924,237,FUSE0,209507.7,209507.7,213536.4,4028.7,4028.7,941.0,0.233574,1,p:2.2.3.2.1.2
U5925,237,FUSE0,209592.3,209592.3,213428.2,3835.9,3835.9,941.0,0.245314,1,p:1.1.4.1.2.1
U5926,237,FUSE1,209623.7,209623.7,212352.6,2728.9,2728.9,1003.0,0.367547,1,p:2.3.5.1.2.1
U5927,237,FUSE1,209708.3,209708.3,212724.4,3016.1,3016.1,1003.0,0.332549,1,p:1.2.5.2.2.2
U5928,237,FUSE1,209739.7,209739.7,214017.8,4278.1,4278.1,1003.0,0.23445,1,p:2.1.3.1.3.1
U5929,237,FUSE1,209829.1,209829.1,214984.6,5155.5,5155.5,1003.0,0.19455,1,p:1.3.1.1.1.1
U5930,237,FUSE1,209855.7,209855.7,213884.4,4028.7,4028.7,1003.0,0.248964,1,p:2.2.4.2.1.2
U5931,237,FUSE1,209945.1,209945.1,214696.4,4751.3,4751.3,1003.0,0.2111,1,p:1.1.2.2.3.2
U5932,237,FUSE1,209971.7,209971.7,213901.8,3930.1,3930.1,1003.0,0.25521,1,p:2.3.2.1.1.1
U5933,237,FUSE1,210061.1,210061.1,214116.4,4055.3,4055.3,1003.0,0.247331,1,p:1.2.3.2.2.2
U5934,237,FUSE1,210087.7,210087.7,216088.4,6000.7,6000.7,1003.0,0.167147,1,p:2.1.1.2.3.2
U5935,237,FUSE2,210177.1,210177.1,215740.4,5563.3,5563.3,1035.4,0.186113,1,p:1.3.1.2.3.2
U5936,237,FUSE2,210203.7,210203.7,214486.6,4282.9,4282.9,1035.4,0.241752,1,p:2.2.2.1.2.1
U5937,237,FUSE2,210293.1,210293.1,213420.4,3127.3,3127.3,1035.4,0.331084,1,p:1.1.5.2.2.2
U5938,237,FUSE2,210319.7,210319.7,212843.4,2523.7,2523.7,1035.4,0.410271,1,p:2.3.5.1.1.1
U5939,237,FUSE2,210409.1,210409.1,215922.2,5513.1,5513.1,1035.4,0.187807,1,p:1.2.1.1.2.1
U5940,237,FUSE2,210435.7,210435.7,214464.4,4028.7,4028.7,1035.4,0.257006,1,p:2.1.4.2.2.2
U5941,237,FUSE2,210525.1,210525.1,214370.6,3845.5,3845.5,1035.4,0.26925,1,p:1.3.4.1.3.1
U5942,237,FUSE2,210551.7,210551.7,215044.4,4492.7,4492.7,1035.4,0.230463,1,p:2.2.3.2.3.2
U5943,237,FUSE2,210641.1,210641.1,213768.4,3127.3,3127.3,1035.4,0.331084,1,p:1.1.5.2.2.2
U2837,114,FUSE0,210667.7,210667.7,214254.6,3586.9,3586.9,941.0,0.262344,1,p:2.3.3.1.1.1
U2838,114,FUSE0,210757.1,210757.1,214631.8,3874.7,3874.7,941.0,0.242858,1,p:1.2.4.1.1.1
U2839,114,FUSE0,210783.7,210783.7,215392.4,4608.7,4608.7,941.0,0.204179,1,p:2.1.2.2.3.2
U2840,114,FUSE0,210873.1,210873.1,214928.4,4055.3,4055.3,941.0,0.232042,1,p:1.3.2.2.1.2
U2841,114,FUSE0,210899.7,210899.7,214348.4,3448.7,3448.7,941.0,0.272856,1,p:2.2.5.2.3.2
U2842,114,FUSE0,210989.1,210989.1,216864.6,5875.5,5875.5,941.0,0.160157,1,p:1.1.1.1.3.1
U2843,114,FUSE0,211015.7,211015.7,216320.4,5304.7,5304.7,941.0,0.17739,1,p:2.3.1.2.1.2
U2844,114,FUSE0,211105.1,211105.1,215216.6,4111.5,4111.5,941.0,0.22887,1,p:1.2.2.1.2.1
U2845,114,FUSE1,211131.7,211131.7,214133.8,3002.1,3002.1,1003.0,0.334099,1,p:2.1.5.1.2.1
U2846,114,FUSE1,211221.1,211221.1,214863.8,3642.7,3642.7,1003.0,0.275345,1,p:1.3.3.1.2.1
U2847,114,FUSE1,211247.7,211247.7,215276.4,4028.7,4028.7,1003.0,0.248964,1,p:2.2.3.2.1.2
U2848,114,FUSE1,211337.1,211337.1,215624.4,4287.3,4287.3,1003.0,0.233947,1,p:1.1.2.2.1.2
U2849,114,FUSE1,211363.7,211363.7,215160.4,3796.7,3796.7,1003.0,0.264177,1,p:2.3.4.2.2.2
U2850,114,FUSE1,211453.1,211453.1,214580.4,3127.3,3127.3,1003.0,0.320724,1,p:1.2.5.2.1.2
U2851,114,FUSE1,211479.7,211479.7,217101.4,5621.7,5621.7,1003.0,0.178416,1,p:2.1.1.1.1.1
U2852,114,FUSE1,211569.1,211569.1,216900.4,5331.3,5331.3,1003.0,0.188134,1,p:1.3.1.2.2.2
U2853,114,FUSE2,211595.7,211595.7,216159.0,4563.3,4563.3,1035.4,0.226897,1,p:2.2.2.1.3.1
U2854,114,FUSE2,211685.1,211685.1,215690.2,4005.1,4005.1,1035.4,0.25852,1,p:1.1.4.1.1.1
U2855,114,FUSE2,211711.7,211711.7,215337.4,3625.7,3625.7,1035.4,0.285572,1,p:2.3.4.1.1.1
U2856,114,FUSE2,211801.1,211801.1,217828.4,6027.3,6027.3,1035.4,0.171785,1,p:1.2.1.2.3.2
U2857,114,FUSE2,211827.7,211827.7,215856.4,4028.7,4028.7,1035.4,0.257006,1,p:2.1.3.2.2.2
U2858,114,FUSE2,211917.1,211917.1,215806.2,3889.1,3889.1,1035.4,0.266231,1,p:1.3.3.1.3.1
U2859,114,FUSE2,211943.7,211943.7,216436.4,4492.7,4492.7,1035.4,0.230463,1,p:2.2.4.2.3.2
U2860,114,FUSE2,212033.1,212033.1,215453.4,3420.3,3420.3,1035.4,0.302722,1,p:1.1.5.1.3.1
U8304,332,FUSE0,212059.7,212059.7,215100.6,3040.9,3040.9,941.0,0.309448,1,p:2.3.5.1.3.1
U8305,332,FUSE0,212151.9,212151.9,216395.8,4243.9,4243.9,941.0,0.22173,1,p:1.2.2.1.1.1
U8306,332,FUSE0,212175.7,212175.7,216043.0,3867.3,3867.3,941.0,0.243322,1,p:2.1.3.1.1.1
U8307,332,FUSE0,212267.9,212267.9,216204.4,3936.5,3936.5,941.0,0.239045,1,p:1.3.2.2.2.2
U8308,332,FUSE0,212291.7,212291.7,215508.4,3216.7,3216.7,941.0,0.292536,1,p:2.2.5.2.2.2
U8309,332,FUSE0,212383.9,212383.9,218275.8,5891.9,5891.9,941.0,0.159711,1,p:1.1.1.1.3.1
U8310,332,FUSE0,212407.7,212407.7,217686.2,5278.5,5278.5,941.0,0.17827,1,p:2.3.1.1.2.1
U8311,332,FUSE1,212504.7,212504.7,216784.4,4279.7,4279.7,1003.0,0.234362,1,p:1.2.3.2.3.2
U8312,332,FUSE1,212523.7,212523.7,215569.4,3045.7,3045.7,1003.0,0.329317,1,p:2.1.5.1.2.1
U8313,332,FUSE1,212620.7,212620.7,216275.0,3654.3,3654.3,1003.0,0.274471,1,p:1.3.4.1.2.1
U8314,332,FUSE1,212639.7,212639.7,216668.4,4028.7,4028.7,1003.0,0.248964,1,p:2.2.4.2.1.2
U8315,332,FUSE1,212736.7,212736.7,217217.4,4480.7,4480.7,1003.0,0.223849,1,p:1.1.2.1.3.1
U8316,332,FUSE1,212755.7,212755.7,217132.4,4376.7,4376.7,1003.0,0.229168,1,p:2.3.2.2.3.2
U8317,332,FUSE1,212871.7,212871.7,215972.4,3100.7,3100.7,1003.0,0.323475,1,p:1.2.5.2.1.2
U8318,332,FUSE2,212874.7,212874.7,217016.4,4141.7,4141.7,1035.4,0.249994,1,p:2.1.4.2.1.2
U8319,332,FUSE2,212987.7,212987.7,218628.6,5640.9,5640.9,1035.4,0.183552,1,p:1.3.1.1.3.1
U8320,332,FUSE2,212990.7,212990.7,217333.4,4342.7,4342.7,1035.4,0.238423,1,p:2.2.2.1.2.1
U8321,332,FUSE2,213103.7,213103.7,217480.4,4376.7,4376.7,1035.4,0.236571,1,p:1.1.3.2.3.2
U8322,332,FUSE2,213106.7,213106.7,216748.6,3641.9,3641.9,1035.4,0.284302,1,p:2.3.3.1.1.1
U8323,332,FUSE2,213219.7,213219.7,217364.4,4144.7,4144.7,1035.4,0.249813,1,p:1.2.4.2.1.2
U8324,332,FUSE2,213227.5,213227.5,218865.4,5637.9,5637.9,1035.4,0.18365,1,p:2.1.1.1.1.1
U8325,332,FUSE2,213335.7,213335.7,218640.4,5304.7,5304.7,1035.4,0.195185,1,p:1.3.1.2.2.2
U8204,328,FUSE0,213343.5,213343.5,217570.2,4226.7,4226.7,941.0,0.222632,1,p:2.2.3.1.3.1
U8205,328,FUSE0,213451.7,213451.7,216552.4,3100.7,3100.7,941.0,0.30348,1,p:1.1.5.2.2.2
U8206,328,FUSE0,213459.5,213459.5,216511.8,3052.3,3052.3,941.0,0.308292,1,p:2.3.5.1.3.1
U8207,328,FUSE0,213567.7,213567.7,217596.4,4028.7,4028.7,941.0,0.233574,1,p:1.2.4.2.2.2
U8208,328,FUSE0,213580.3,213580.3,219097.4,5517.1,5517.1,941.0,0.170561,1,p:2.1.1.1.2.1
U8209,328,FUSE0,213683.7,213683.7,217923.0,4239.3,4239.3,941.0,0.221971,1,p:1.3.2.1.3.1
U8210,328,FUSE0,213696.3,213696.3,216627.8,2931.5,2931.5,941.0,0.320996,1,p:2.2.5.1.2.1
U8211,328,FUSE0,213799.7,213799.7,217807.0,4007.3,4007.3,941.0,0.234821,1,p:1.1.4.1.1.1
U8212,328,FUSE1,213812.3,213812.3,217944.4,4132.1,4132.1,1003.0,0.242734,1,p:2.3.2.2.2.2
U8213,328,FUSE1,213915.7,213915.7,218159.8,4244.1,4244.1,1003.0,0.236328,1,p:1.2.2.1.1.1
U8214,328,FUSE1,213933.1,213933.1,216980.6,3047.5,3047.5,1003.0,0.329122,1,p:2.1.5.1.2.1
U8215,328,FUSE1,214031.7,214031.7,217712.4,3680.7,3680.7,1003.0,0.272503,1,p:1.3.3.2.1.2
U8216,328,FUSE1,214049.1,214049.1,218524.4,4475.3,4475.3,1003.0,0.224119,1,p:2.2.4.2.3.2
U8217,328,FUSE1,214147.7,214147.7,219925.8229,5778.1229,5778.1229,1003.0,0.173586,1,p:1.1.1.1.3.1
U8218,328,FUSE1,214165.1,214165.1,219452.4,5287.3,5287.3,1003.0,0.1897,1,p:2.3.1.2.1.2
U8219,328,FUSE1,214263.7,214263.7,217248.4,2984.7,2984.7,1003.0,0.336047,1,p:1.2.5.2.2.2
U8220,328,FUSE2,214285.9,214285.9,218408.4,4122.5,4122.5,1035.4,0.251158,1,p:2.1.3.2.1.2
U8221,328,FUSE2,214379.7,214379.7,218060.4,3680.7,3680.7,1035.4,0.281305,1,p:1.3.3.2.1.2
U8222,328,FUSE2,214401.9,214401.9,220041.8229,5639.9229,5639.9229,1035.4,0.183584,1,p:2.2.1.2.1.1
U8223,328,FUSE2,214495.7,214495.7,218744.6,4248.9,4248.9,1035.4,0.243687,1,p:1.1.2.1.2.1
U8224,328,FUSE2,214517.9,214517.9,218872.4,4354.5,4354.5,1035.4,0.237777,1,p:2.3.2.2.3.2
U8225,328,FUSE2,214611.7,214611.7,218981.4,4369.7,4369.7,1035.4,0.23695,1,p:1.2.3.1.3.1
U8226,328,FUSE2,214663.1,214663.1,218756.4,4093.3,4093.3,1035.4,0.25295,1,p:2.1.4.2.1.2
U8227,328,FUSE2,214727.7,214727.7,218391.8,3664.1,3664.1,1035.4,0.28258,1,p:1.3.4.1.2.1
U1664,67,FUSE0,214779.1,214779.1,220380.4,5601.3,5601.3,941.0,0.167997,1,p:2.2.1.1.2.2
U1665,67,FUSE0,214843.7,214843.7,219104.4,4260.7,4260.7,941.0,0.220856,1,p:1.1.2.2.1.2
U1666,67,FUSE0,214895.1,214895.1,217454.2,2559.1,2559.1,941.0,0.367707,1,p:2.3.5.1.1.1
U1667,67,FUSE0,214959.7,214959.7,218039.0,3079.3,3079.3,941.0,0.305589,1,p:1.2.5.1.2.1
U1668,67,FUSE0,215015.9,215015.9,220844.4,5828.5,5828.5,941.0,0.161448,1,p:2.1.1.2.3.2
U1669,67,FUSE0,215075.7,215075.7,218176.4,3100.7,3100.7,941.0,0.30348,1,p:1.3.5.2.3.2
U1670,67,FUSE0,215131.9,215131.9,219336.4,4204.5,4204.5,941.0,0.223808,1,p:2.2.2.2.2.2
U1671,67,FUSE0,215191.7,215191.7,218292.4,3100.7,3100.7,941.0,0.30348,1,p:1.1.5.2.2.2
U1672,67,FUSE1,215247.9,215247.9,218988.4,3740.5,3740.5,1003.0,0.268146,1,p:2.3.3.2.2.2
U1673,67,FUSE1,215307.7,215307.7,220960.4,5652.7,5652.7,1003.0,0.177437,1,p:1.2.1.1.1.2
U1674,67,FUSE1,215368.7,215368.7,219571.0,4202.3,4202.3,1003.0,0.238679,1,p:2.1.2.1.1.1
U1675,67,FUSE1,215423.7,215423.7,219334.2,3910.5,3910.5,1003.0,0.256489,1,p:1.3.4.1.3.1
U1676,67,FUSE1,215484.7,215484.7,218512.6,3027.9,3027.9,1003.0,0.331253,1,p:2.2.5.1.1.1
U1677,67,FUSE1,215539.7,215539.7,219803.0,4263.3,4263.3,1003.0,0.235264,1,p:1.1.3.2.3.1
U1678,67,FUSE1,215600.7,215600.7,219218.2,3617.5,3617.5,1003.0,0.277263,1,p:2.3.3.1.1.1
U1679,67,FUSE1,215655.7,215655.7,220148.4,4492.7,4492.7,1003.0,0.223251,1,p:1.2.2.2.3.2
U1680,67,FUSE2,215721.5,215721.5,219687.0,3965.5,3965.5,1035.4,0.261102,1,p:2.1.4.2.2.1
U1681,67,FUSE2,215771.7,215771.7,219684.4,3912.7,3912.7,1035.4,0.264625,1,p:1.3.4.1.3.2
U1682,67,FUSE2,215837.5,215837.5,219916.4,4078.9,4078.9,1035.4,0.253843,1,p:2.2.3.1.2.2
U1683,67,FUSE2,215887.7,215887.7,221446.6,5558.9,5558.9,1035.4,0.18626,1,p:1.1.1.2.1.1
U1684,67,FUSE2,215953.5,215953.5,221209.8,5256.3,5256.3,1035.4,0.196983,1,p:2.3.1.2.2.1
U1685,67,FUSE2,216003.7,216003.7,220032.4,4028.7,4028.7,1035.4,0.257006,1,p:1.2.4.1.2.2
U1686,67,FUSE2,216074.3,216074.3,219568.4,3494.1,3494.1,1035.4,0.296328,1,p:2.1.5.2.3.2
U1687,67,FUSE2,216119.7,216119.7,219220.4,3100.7,3100.7,1035.4,0.333925,1,p:1.3.5.2.3.2
U8351,334,FUSE0,216190.3,216190.3,220275.4229,4085.1229,4085.1229,941.0,0.230348,1,p:2.2.3.1.3.1
U8352,334,FUSE0,216235.7,216235.7,221772.4,5536.7,5536.7,941.0,0.169957,1,p:1.1.1.1.2.2
U8353,334,FUSE0,216306.3,216306.3,220264.4,3958.1,3958.1,941.0,0.23774,1,p:2.3.2.1.1.2
U8354,334,FUSE0,216351.7,216351.7,220741.0229,4389.3229,4389.3229,941.0,0.214384,1,p:1.2.2.2.1.1
U8355,334,FUSE0,216427.1,216427.1,220391.4229,3964.3229,3964.3229,941.0,0.237367,1,p:2.1.3.2.1.1
U8356,334,FUSE0,216467.7,216467.7,220625.0229,4157.3229,4157.3229,941.0,0.226348,1,p:1.3.2.1.3.1
U8357,334,FUSE0,216543.1,216543.1,222236.4,5693.3,5693.3,941.0,0.165282,1,p:2.2.1.2.3.2
U8358,334,FUSE0,216583.7,216583.7,220612.4,4028.7,4028.7,941.0,0.233574,1,p:1.1.4.1.1.2
U8359,334,FUSE0,216659.1,216659.1,220496.4,3837.3,3837.3,941.0,0.245225,1,p:2.3.4.2.3.2
U8360,334,FUSE1,216699.7,216699.7,220728.4,4028.7,4028.7,1003.0,0.248964,1,p:1.2.3.1.2.2
U8361,334,FUSE1,216779.9,216779.9,222352.4,5572.5,5572.5,1003.0,0.179991,1,p:2.1.1.1.1.2
U8362,334,FUSE1,216815.7,216815.7,219450.2,2634.5,2634.5,1003.0,0.380717,1,p:1.3.5.1.2.1
U8363,334,FUSE1,216895.9,216895.9,220857.0229,3961.1229,3961.1229,1003.0,0.253211,1,p:2.2.4.2.2.1
U8364,334,FUSE1,216931.7,216931.7,221540.4,4608.7,4608.7,1003.0,0.217632,1,p:1.1.2.2.3.2
U8365,334,FUSE1,217011.9,217011.9,221076.4,4064.5,4064.5,1003.0,0.246771,1,p:2.3.2.1.2.2
U8366,334,FUSE1,217047.7,217047.7,222700.4,5652.7,5652.7,1003.0,0.177437,1,p:1.2.1.1.1.2
U8367,334,FUSE1,217132.7,217132.7,220157.8229,3025.1229,3025.1229,1003.0,0.331557,1,p:2.1.5.2.2.1
U8368,334,FUSE1,217163.7,217163.7,219800.4,2636.7,2636.7,1003.0,0.3804,1,p:1.3.5.2.1.2
U8369,334,FUSE2,217248.7,217248.7,221656.4,4407.7,4407.7,1035.4,0.234907,1,p:2.2.2.1.1.2
U8370,334,FUSE2,217279.7,217279.7,221424.4,4144.7,4144.7,1035.4,0.249813,1,p:1.1.3.1.2.2
U8371,334,FUSE2,217364.7,217364.7,221093.8,3729.1,3729.1,1035.4,0.277654,1,p:2.3.3.2.1.1
U8372,334,FUSE2,217395.7,217395.7,220507.4229,3111.7229,3111.7229,1035.4,0.332742,1,p:1.2.5.2.2.1
U8373,334,FUSE2,217485.5,217485.5,221678.6,4193.1,4193.1,1035.4,0.246929,1,p:2.1.4.1.3.1
U8374,334,FUSE2,217511.7,217511.7,221325.8,3814.1,3814.1,1035.4,0.271466,1,p:1.3.4.1.3.1
U8375,334,FUSE2,217601.5,217601.5,222004.4,4402.9,4402.9,1035.4,0.235163,1,p:2.2.2.1.1.2
U8376,334,FUSE2,217627.7,217627.7,221888.4,4260.7,4260.7,1035.4,0.243012,1,p:1.1.3.2.3.2
U582,24,FUSE0,217717.5,217717.5,222857.8,5140.3,5140.3,941.0,0.183063,1,p:2.3.1.2.1.1
U583,24,FUSE0,217743.7,217743.7,223396.4,5652.7,5652.7,941.0,0.166469,1,p:1.2.1.1.1.2
U584,24,FUSE0,217838.3,217838.3,221799.4,3961.1,3961.1,941.0,0.23756,1,p:2.1.4.2.1.1
U585,24,FUSE0,217859.7,217859.7,223280.4,5420.7,5420.7,941.0,0.173594,1,p:1.3.1.2.3.2
U586,24,FUSE0,217954.3,217954.3,221192.4,3238.1,3238.1,941.0,0.290603,1,p:2.2.5.2.3.2
U587,24,FUSE0,217975.7,217975.7,221915.4,3939.7,3939.7,941.0,0.238851,1,p:1.1.3.2.2.1
U588,24,FUSE0,218070.3,218070.3,220974.6229,2904.3229,2904.3229,941.0,0.324,1,p:2.3.5.1.3.1
U589,24,FUSE0,218091.7,218091.7,222120.4,4028.7,4028.7,941.0,0.233574,1,p:1.2.4.1.2.2
U590,24,FUSE1,218191.1,218191.1,221308.4,3117.3,3117.3,1003.0,0.321753,1,p:2.1.5.1.1.2
U591,24,FUSE1,218207.7,218207.7,222268.2,4060.5,4060.5,1003.0,0.247014,1,p:1.3.2.2.2.1
U592,24,FUSE1,218307.1,218307.1,222505.0,4197.9,4197.9,1003.0,0.238929,1,p:2.2.2.2.1.1
U593,24,FUSE1,218323.7,218323.7,222584.4,4260.7,4260.7,1003.0,0.235407,1,p:1.1.4.2.3.2
U594,24,FUSE1,218423.1,218423.1,223679.4,5256.3,5256.3,1003.0,0.190819,1,p:2.3.1.2.2.1
U595,24,FUSE1,218439.7,218439.7,221562.6,3122.9,3122.9,1003.0,0.321176,1,p:1.2.5.2.2.1
U596,24,FUSE1,218543.9,218543.9,222816.4,4272.5,4272.5,1003.0,0.234757,1,p:2.1.2.1.2.2
U597,24,FUSE2,218555.7,218555.7,222384.2,3828.5,3828.5,1035.4,0.270445,1,p:1.3.3.1.3.1
U598,24,FUSE2,218659.9,218659.9,222932.4,4272.5,4272.5,1035.4,0.242341,1,p:2.2.4.2.3.2
U599,24,FUSE2,218671.7,218671.7,224385.0,5713.3,5713.3,1035.4,0.181226,1,p:1.1.1.2.2.1
U600,24,FUSE2,218775.9,218775.9,224032.2,5256.3,5256.3,1035.4,0.196983,1,p:2.3.1.2.2.1
U601,24,FUSE2,218787.7,218787.7,223326.6,4538.9,4538.9,1035.4,0.228117,1,p:1.2.2.2.2.1
U602,24,FUSE2,218896.7,218896.7,222973.8,4077.1,4077.1,1035.4,0.253955,1,p:2.1.3.2.2.1
U603,24,FUSE2,218903.7,218903.7,222737.0,3833.3,3833.3,1035.4,0.270107,1,p:1.3.3.1.3.1
U604,24,FUSE2,219012.7,219012.7,224737.8,5725.1,5725.1,1035.4,0.180853,1,p:2.2.1.2.2.1
U6693,268,FUSE0,219019.7,219019.7,222152.2,3132.5,3132.5,941.0,0.300399,1,p:1.1.5.2.1.1
U6694,268,FUSE0,219128.7,219128.7,222031.4,2902.7,2902.7,941.0,0.324181,1,p:2.3.5.1.3.1
U6695,268,FUSE0,219135.7,219135.7,223164.4,4028.7,4028.7,941.0,0.233574,1,p:1.2.4.1.2.2
U6696,268,FUSE0,219249.5,219249.5,223210.6,3961.1,3961.1,941.0,0.23756,1,p:2.1.3.2.1.1
U6697,268,FUSE0,219251.7,219251.7,223089.8,3838.1,3838.1,941.0,0.245173,1,p:1.3.4.1.3.1
U6698,268,FUSE0,219365.5,219365.5,224974.6,5609.1,5609.1,941.0,0.167763,1,p:2.2.1.2.1.1
U6699,268,FUSE0,219367.7,219367.7,223744.4,4376.7,4376.7,941.0,0.215002,1,p:1.1.2.1.1.2
U6700,268,FUSE0,219481.5,219481.5,223628.4,4146.9,4146.9,941.0,0.226916,1,p:2.3.2.2.3.2
U6701,268,FUSE1,219483.7,219483.7,223563.4,4079.7,4079.7,1003.0,0.245851,1,p:1.2.3.2.1.1
U6702,268,FUSE1,219599.7,219599.7,222621.0,3021.3,3021.3,1003.0,0.331976,1,p:2.1.5.2.2.1
U6703,268,FUSE1,219602.3,219602.3,222468.4,2866.1,2866.1,1003.0,0.349953,1,p:1.3.5.1.2.2
U6704,268,FUSE1,219715.7,219715.7,224148.2,4432.5,4432.5,1003.0,0.226283,1,p:2.2.2.1.3.1
U6705,268,FUSE1,219718.3,219718.3,223860.4,4142.1,4142.1,1003.0,0.242148,1,p:1.1.4.1.2.2
U6706,268,FUSE1,219831.7,219831.7,223512.4,3680.7,3680.7,1003.0,0.272503,1,p:2.3.4.1.2.2
U6707,268,FUSE1,219834.3,219834.3,223048.4,3214.1,3214.1,1003.0,0.312062,1,p:1.2.5.1.1.2
U6708,268,FUSE1,219947.7,219947.7,225601.4,5653.7,5653.7,1003.0,0.177406,1,p:2.1.1.1.2.2
U6709,268,FUSE2,219957.1229,219957.1229,225252.4,5295.2771,5295.2771,1035.4,0.195533,1,p:1.3.1.1.2.2
U6710,268,FUSE2,220063.7,220063.7,224324.4,4260.7,4260.7,1035.4,0.243012,1,p:2.2.4.2.3.2
U6711,268,FUSE2,220073.1229,220073.1229,224208.4,4135.2771,4135.2771,1035.4,0.250382,1,p:1.1.3.1.2.2
U6712,268,FUSE2,220179.7,220179.7,223916.2,3736.5,3736.5,1035.4,0.277104,1,p:2.3.3.2.1.1
U6713,268,FUSE2,220189.1229,220189.1229,225954.2,5765.0771,5765.0771,1035.4,0.179599,1,p:1.2.1.1.2.2
U6714,268,FUSE2,220295.7,220295.7,224621.8,4326.1,4326.1,1035.4,0.239338,1,p:2.1.2.2.1.1
U6715,268,FUSE2,220306.7229,220306.7229,224269.0,3962.2771,3962.2771,1035.4,0.261314,1,p:1.3.2.2.1.1
U6716,268,FUSE2,220411.7,220411.7,223795.4,3383.7,3383.7,1035.4,0.305996,1,p:2.2.5.1.3.1
U1738,70,FUSE0,220422.7229,220422.7229,224440.4,4017.6771,4017.6771,941.0,0.234215,1,p:1.1.3.1.1.2
U1739,70,FUSE0,220527.7,220527.7,223442.6,2914.9,2914.9,941.0,0.322824,1,p:2.3.5.1.3.1
U1740,70,FUSE0,220538.7229,220538.7229,224556.4,4017.6771,4017.6771,941.0,0.234215,1,p:1.2.4.1.2.2
U1741,70,FUSE0,220643.7,220643.7,224904.4,4260.7,4260.7,941.0,0.220856,1,p:2.1.2.1.2.2
U1742,70,FUSE0,220656.3229,220656.3229,224501.0,3844.6771,3844.6771,941.0,0.244754,1,p:1.3.4.1.3.1
U1743,70,FUSE0,220759.7,220759.7,223976.4,3216.7,3216.7,941.0,0.292536,1,p:2.2.5.2.3.2
U1744,70,FUSE0,220772.3229,220772.3229,225020.4,4248.0771,4248.0771,941.0,0.221512,1,p:1.1.4.2.3.2
U1745,70,FUSE1,220875.7,220875.7,226423.0,5547.3,5547.3,1003.0,0.180809,1,p:2.3.1.2.3.2
U1746,70,FUSE1,220888.3229,220888.3229,226543.8,5655.4771,5655.4771,1003.0,0.17735,1,p:1.2.1.1.1.2
U1747,70,FUSE1,220991.7,220991.7,225206.6,4214.9,4214.9,1003.0,0.237965,1,p:2.1.3.1.3.1
U1748,70,FUSE1,221005.9229,221005.9229,224853.8,3847.8771,3847.8771,1003.0,0.260663,1,p:1.3.3.1.3.1
U1749,70,FUSE1,221107.7,221107.7,225136.4,4028.7,4028.7,1003.0,0.248964,1,p:2.2.4.1.1.2
U1750,70,FUSE1,221125.1,221125.1,225485.4,4360.3,4360.3,1003.0,0.23003,1,p:1.1.2.1.1.2
U1751,70,FUSE1,221223.7,221223.7,225368.4,4144.7,4144.7,1003.0,0.241996,1,p:2.3.2.2.3.2
U1752,70,FUSE2,221241.1,221241.1,225559.4,4318.3,4318.3,1035.4,0.23977,1,p:1.2.3.1.3.1
U1753,70,FUSE2,221339.7,221339.7,224672.4,3332.7,3332.7,1035.4,0.310679,1,p:2.1.5.2.3.2
U1754,70,FUSE2,221357.1,221357.1,224092.4,2735.3,2735.3,1035.4,0.378533,1,p:1.3.5.1.1.2
U1755,70,FUSE2,221455.7,221455.7,225838.2,4382.5,4382.5,1035.4,0.236258,1,p:2.2.2.1.1.2
U1756,70,FUSE2,221477.9,221477.9,227323.4,5845.5,5845.5,1035.4,0.177128,1,p:1.1.1.1.3.1
U1757,70,FUSE2,221571.7,221571.7,226854.6,5282.9,5282.9,1035.4,0.195991,1,p:2.3.1.2.2.1
U1758,70,FUSE2,221593.9,221593.9,225912.2,4318.3,4318.3,1035.4,0.23977,1,p:1.2.4.1.3.1
U1759,70,FUSE2,221687.7,221687.7,224788.4,3100.7,3100.7,1035.4,0.333925,1,p:2.1.5.1.1.2
U7074,283,FUSE0,221709.9,221709.9,225443.4,3733.5,3733.5,941.0,0.252042,1,p:1.3.4.2.2.1
U7075,283,FUSE0,221803.7,221803.7,227365.4,5561.7,5561.7,941.0,0.169193,1,p:2.2.1.1.2.2
U7076,283,FUSE0,221830.7,221830.7,225796.2,3965.5,3965.5,941.0,0.237297,1,p:1.1.3.2.2.1
U7077,283,FUSE0,221919.7,221919.7,225717.4,3797.7,3797.7,941.0,0.247782,1,p:2.3.3.2.3.2
U7078,283,FUSE0,221946.7,221946.7,225090.6,3143.9,3143.9,941.0,0.29931,1,p:1.2.5.2.2.1
U7079,283,FUSE0,222035.7,222035.7,226385.8,4350.1,4350.1,941.0,0.216317,1,p:2.1.2.2.1.1
U7080,283,FUSE0,222062.7,222062.7,226149.0,4086.3,4086.3,941.0,0.230282,1,p:1.3.2.2.2.1
U7081,283,FUSE0,222151.7,222151.7,226265.0,4113.3,4113.3,941.0,0.22877,1,p:2.2.3.1.3.1
U7082,283,FUSE1,222183.5,222183.5,225327.4,3143.9,3143.9,1003.0,0.319031,1,p:1.1.5.2.1.1
U7083,283,FUSE1,222267.7,222267.7,226033.0,3765.3,3765.3,1003.0,0.26638,1,p:2.3.4.2.1.1
U7084,283,FUSE1,222299.5,222299.5,226659.8,4360.3,4360.3,1003.0,0.23003,1,p:1.2.2.1.2.2
U7085,283,FUSE1,222383.7,222383.7,226617.8,4234.1,4234.1,1003.0,0.236886,1,p:2.1.3.1.3.1
U7086,283,FUSE1,222415.5,222415.5,227834.2,5418.7,5418.7,1003.0,0.1851,1,p:1.3.1.2.3.2
U7087,283,FUSE1,222499.7,222499.7,225680.2,3180.5,3180.5,1003.0,0.315359,1,p:2.2.5.2.1.1
U7088,283,FUSE1,222536.3,222536.3,226775.8,4239.5,4239.5,1003.0,0.236585,1,p:1.1.4.2.3.2
U7089,283,FUSE1,222615.7,222615.7,226307.0,3691.3,3691.3,1003.0,0.27172,1,p:2.3.4.1.2.2
U7090,283,FUSE2,222652.3,222652.3,226738.6,4086.3,4086.3,1035.4,0.253383,1,p:1.2.3.2.1.1
U7091,283,FUSE2,222731.7,222731.7,228539.8,5808.1,5808.1,1035.4,0.178268,1,p:2.1.1.2.3.2
U7092,283,FUSE2,222768.3,222768.3,228071.0,5302.7,5302.7,1035.4,0.195259,1,p:1.3.1.1.2.2
U7093,283,FUSE2,222847.7,222847.7,227128.6,4280.9,4280.9,1035.4,0.241865,1,p:2.2.4.2.3.2
U7094,283,FUSE2,222889.1,222889.1,227481.4,4592.3,4592.3,1035.4,0.225464,1,p:1.1.2.2.3.2
U7095,283,FUSE2,222963.7,222963.7,227012.6,4048.9,4048.9,1035.4,0.255724,1,p:2.3.2.1.2.2
U7096,283,FUSE2,223005.1,223005.1,228892.6,5887.5,5887.5,1035.4,0.175864,1,p:1.2.1.2.3.2
U7097,283,FUSE2,223079.7,223079.7,226191.0,3111.3,3111.3,1035.4,0.332787,1,p:2.1.5.1.1.2
U7380,295,FUSE0,223121.1,223121.1,226070.2,2949.1,2949.1,941.0,0.31908,1,p:1.3.5.2.3.2
U7381,295,FUSE0,223195.7,223195.7,227249.4,4053.7,4053.7,941.0,0.232134,1,p:2.2.3.1.1.2
U7382,295,FUSE0,223241.9,223241.9,227602.2,4360.3,4360.3,941.0,0.215811,1,p:1.1.2.1.1.2
U7383,295,FUSE0,223311.7,223311.7,226896.6,3584.9,3584.9,941.0,0.26249,1,p:2.3.3.1.1.2
U7384,295,FUSE0,223357.9,223357.9,226501.8,3143.9,3143.9,941.0,0.29931,1,p:1.2.5.2.2.1
U7385,295,FUSE0,223427.7,223427.7,227444.2,4016.5,4016.5,941.0,0.234284,1,p:2.1.4.2.1.1
U7386,295,FUSE0,223473.9,223473.9,227207.4,3733.5,3733.5,941.0,0.252042,1,p:1.3.4.2.2.1
U7387,295,FUSE0,223543.7,223543.7,228029.0,4485.3,4485.3,941.0,0.209796,1,p:2.2.2.1.3.1
U7388,295,FUSE1,223594.7,223594.7,226970.6,3375.9,3375.9,1003.0,0.297106,1,p:1.1.5.1.3.1
U7389,295,FUSE1,223659.7,223659.7,229013.4,5353.7,5353.7,1003.0,0.187347,1,p:2.3.1.1.1.2
U7390,295,FUSE1,223710.7,223710.7,229361.4,5650.7,5650.7,1003.0,0.1775,1,p:1.2.1.2.2.2
U7391,295,FUSE1,223775.7,223775.7,228149.8,4374.1,4374.1,1003.0,0.229304,1,p:2.1.2.2.1.1
U7392,295,FUSE1,223826.7,223826.7,227560.2,3733.5,3733.5,1003.0,0.268649,1,p:1.3.3.2.2.1
U7393,295,FUSE1,223891.7,223891.7,227091.4,3199.7,3199.7,1003.0,0.313467,1,p:2.2.5.2.1.1
U7394,295,FUSE1,223947.5,223947.5,228187.0,4239.5,4239.5,1003.0,0.236585,1,p:1.1.4.2.3.2
U7395,295,FUSE1,224007.7,224007.7,227718.2,3710.5,3710.5,1003.0,0.270314,1,p:2.3.4.1.2.2
U7396,295,FUSE2,224063.5,224063.5,228423.8,4360.3,4360.3,1035.4,0.237461,1,p:1.2.2.1.2.2
U7397,295,FUSE2,224123.7,224123.7,228381.8,4258.1,4258.1,1035.4,0.24316,1,p:2.1.3.1.3.1
U7398,295,FUSE2,224179.5,224179.5,227913.0,3733.5,3733.5,1035.4,0.277327,1,p:1.3.3.2.2.1
U7399,295,FUSE2,224239.7,224239.7,228307.8,4068.1,4068.1,1035.4,0.254517,1,p:2.2.4.1.1.2
U7400,295,FUSE2,224300.3,224300.3,230121.4229,5821.1229,5821.1229,1035.4,0.177869,1,p:1.1.1.1.2.1
U7401,295,FUSE2,224355.7,224355.7,229709.4,5353.7,5353.7,1035.4,0.193399,1,p:2.3.1.1.2.2
U7402,295,FUSE2,224416.3,224416.3,228502.6,4086.3,4086.3,1035.4,0.253383,1,p:1.2.3.2.1.1
U7403,295,FUSE2,224471.7,224471.7,227797.0,3325.3,3325.3,1035.4,0.31137,1,p:2.1.5.2.1.1
U7404,295,FUSE2,224532.3,224532.3,227676.2,3143.9,3143.9,1035.4,0.329336,1,p:1.3.5.1.3.1
U8129,325,FUSE0,224587.7,224587.7,228618.6,4030.9,4030.9,941.0,0.233447,1,p:2.2.4.2.2.1
U8130,325,FUSE0,224653.1,224653.1,230239.0229,5585.9229,5585.9229,941.0,0.168459,1,p:1.1.1.2.3.1
U8131,325,FUSE0,224703.7,224703.7,228660.6,3956.9,3956.9,941.0,0.237812,1,p:2.3.2.1.1.2
U8132,325,FUSE0,224769.1,224769.1,229208.2,4439.1,4439.1,941.0,0.21198,1,p:1.2.2.2.1.1
U8133,325,FUSE0,224819.7,224819.7,229087.4,4267.7,4267.7,941.0,0.220493,1,p:2.1.4.1.3.1
U8134,325,FUSE0,224885.1,224885.1,228971.4,4086.3,4086.3,941.0,0.230282,1,p:1.3.2.2.2.1
U8135,325,FUSE0,224935.7,224935.7,227955.0,3019.3,3019.3,941.0,0.311662,1,p:2.2.5.1.1.2
U8136,325,FUSE0,225005.9,225005.9,229129.4,4123.5,4123.5,941.0,0.228204,1,p:1.1.3.1.2.2
U8137,325,FUSE1,225051.7,225051.7,228776.6,3724.9,3724.9,1003.0,0.269269,1,p:2.3.3.1.2.2
U8138,325,FUSE1,225121.9,225121.9,229365.0229,4243.1229,4243.1229,1003.0,0.236382,1,p:1.2.4.1.3.1
U8139,325,FUSE1,225167.7,225167.7,228265.8,3098.1,3098.1,1003.0,0.323747,1,p:2.1.5.2.2.1
U8140,325,FUSE1,225237.9,225237.9,230753.4,5515.5,5515.5,1003.0,0.181851,1,p:1.3.1.1.3.2
U8141,325,FUSE1,225283.7,225283.7,229477.4,4193.7,4193.7,1003.0,0.239168,1,p:2.2.3.1.1.2
U8142,325,FUSE1,225358.7,225358.7,229889.4229,4530.7229,4530.7229,1003.0,0.221377,1,p:1.1.2.2.3.1
U8143,325,FUSE1,225399.7,225399.7,229481.0229,4081.3229,4081.3229,1003.0,0.245754,1,p:2.3.2.1.2.1
U8144,325,FUSE1,225474.7,225474.7,228734.6,3259.9,3259.9,1003.0,0.307678,1,p:1.2.5.1.3.1
U8145,325,FUSE2,225516.7,225516.7,231114.6,5597.9,5597.9,1035.4,0.184962,1,p:2.1.1.2.2.2
U8146,325,FUSE2,225590.7,225590.7,230985.4,5394.7,5394.7,1035.4,0.191929,1,p:1.3.1.2.3.2
U8147,325,FUSE2,225632.7,225632.7,230355.0229,4722.3229,4722.3229,1035.4,0.219257,1,p:2.2.2.1.1.1
U8148,325,FUSE2,225711.5,225711.5,230005.4229,4293.9229,4293.9229,1035.4,0.241131,1,p:1.1.4.1.1.1
U8149,325,FUSE2,225748.7,225748.7,229593.4,3844.7,3844.7,1035.4,0.269306,1,p:2.3.4.2.1.2
U8150,325,FUSE2,225827.5,225827.5,231694.6,5867.1,5867.1,1035.4,0.176476,1,p:1.2.1.2.1.2
U8151,325,FUSE2,225869.5,225869.5,229941.4,4071.9,4071.9,1035.4,0.254279,1,p:2.1.3.2.2.2
U8152,325,FUSE2,225943.5,225943.5,229735.8,3792.3,3792.3,1035.4,0.273027,1,p:1.3.3.2.1.1
U8153,325,FUSE2,225985.5,225985.5,230521.4,4535.9,4535.9,1035.4,0.228268,1,p:2.2.2.2.1.2
U3320,133,FUSE0,226064.3,226064.3,230173.4,4109.1,4109.1,941.0,0.229004,1,p:1.1.4.2.1.2
U3321,133,FUSE0,226101.5,226101.5,228855.4,2753.9,2753.9,941.0,0.341697,1,p:2.3.5.2.1.1
U3322,133,FUSE0,226180.3,226180.3,229597.0229,3416.7229,3416.7229,941.0,0.27541,1,p:1.2.5.2.3.1
U3323,133,FUSE0,226222.3,226222.3,230289.4,4067.1,4067.1,941.0,0.231369,1,p:2.1.3.2.2.2
U3324,133,FUSE0,226296.3,226296.3,229245.4,2949.1,2949.1,941.0,0.31908,1,p:1.3.5.2.3.2
U3325,133,FUSE0,226338.3,226338.3,230637.4,4299.1,4299.1,941.0,0.218883,1,p:2.2.2.2.2.2
U3326,133,FUSE0,226417.1,226417.1,232158.6,5741.5,5741.5,941.0,0.163894,1,p:1.1.1.2.3.2
U3327,133,FUSE0,226454.3,226454.3,231810.6,5356.3,5356.3,941.0,0.175681,1,p:2.3.1.2.3.2
U3328,133,FUSE1,226533.1,226533.1,230588.6229,4055.5229,4055.5229,1003.0,0.247317,1,p:1.2.3.2.3.1
U3329,133,FUSE1,226575.1,226575.1,231191.4,4616.3,4616.3,1003.0,0.217274,1,p:2.1.2.1.3.1
U3330,133,FUSE1,226649.1,226649.1,230471.0229,3821.9229,3821.9229,1003.0,0.262433,1,p:1.3.4.1.2.1
U3331,133,FUSE1,226691.1,226691.1,232485.0,5793.9,5793.9,1003.0,0.173113,1,p:2.2.1.1.2.1
U3332,133,FUSE1,226769.9,226769.9,230057.4,3287.5,3287.5,1003.0,0.305095,1,p:1.1.5.1.3.2
U3333,133,FUSE1,226807.1,226807.1,229825.4,3018.3,3018.3,1003.0,0.332306,1,p:2.3.5.1.3.2
U3334,133,FUSE1,226885.9,226885.9,231441.0,4555.1,4555.1,1003.0,0.220193,1,p:1.2.2.1.2.1
U3335,133,FUSE1,226927.9,226927.9,231230.6,4302.7,4302.7,1003.0,0.233109,1,p:2.1.4.1.1.2
U3336,133,FUSE2,227001.9,227001.9,230869.4,3867.5,3867.5,1035.4,0.267718,1,p:1.3.4.2.1.2
U3337,133,FUSE2,227043.9,227043.9,230405.4,3361.5,3361.5,1035.4,0.308017,1,p:2.2.5.1.3.2
U3338,133,FUSE2,227122.7,227122.7,231346.6,4223.9,4223.9,1035.4,0.245129,1,p:1.1.3.1.3.2
U3339,133,FUSE2,227159.9,227159.9,230959.4,3799.5,3799.5,1035.4,0.27251,1,p:2.3.3.1.1.1
U3340,133,FUSE2,227238.7,227238.7,231462.6,4223.9,4223.9,1035.4,0.245129,1,p:1.2.4.2.3.2
U3341,133,FUSE2,227280.7,227280.7,233065.0,5784.3,5784.3,1035.4,0.179002,1,p:2.1.1.1.3.1
U3342,133,FUSE2,227354.7,227354.7,232738.6,5383.9,5383.9,1035.4,0.192314,1,p:1.3.1.2.1.2
U3343,133,FUSE2,227396.7,227396.7,232042.6,4645.9,4645.9,1035.4,0.222863,1,p:2.2.2.2.1.2
U3344,133,FUSE2,227475.5,227475.5,231673.0,4197.5,4197.5,1035.4,0.246671,1,p:1.1.3.1.3.1
U8105,324,FUSE0,227512.7,227512.7,231578.6,4065.9,4065.9,941.0,0.231437,1,p:2.3.2.2.2.2
U8106,324,FUSE0,227591.5,227591.5,233318.6,5727.1,5727.1,941.0,0.164307,1,p:1.2.1.2.2.2
U8107,324,FUSE0,227633.5,227633.5,231905.0,4271.5,4271.5,941.0,0.220297,1,p:2.1.3.1.1.1
U8108,324,FUSE0,227707.5,227707.5,230704.6229,2997.1229,2997.1229,941.0,0.313968,1,p:1.3.5.1.1.1
U8109,324,FUSE0,227749.5,227749.5,232274.6,4525.1,4525.1,941.0,0.207951,1,p:2.2.2.2.2.2
U8110,324,FUSE0,227828.3,227828.3,232021.0,4192.7,4192.7,941.0,0.224438,1,p:1.1.4.1.3.1
U8111,324,FUSE0,227865.5,227865.5,231789.0,3923.5,3923.5,941.0,0.239837,1,p:2.3.4.1.2.1
U8112,324,FUSE0,227944.3,227944.3,230820.6229,2876.3229,2876.3229,941.0,0.327154,1,p:1.2.5.1.2.1
U8113,324,FUSE1,227986.3,227986.3,233993.0,6006.7,6006.7,1003.0,0.16698,1,p:2.1.1.1.1.1
U8114,324,FUSE1,228060.3,228060.3,233761.0,5700.7,5700.7,1003.0,0.175943,1,p:1.3.1.2.3.1
U8115,324,FUSE1,228102.3,228102.3,232369.0,4266.7,4266.7,1003.0,0.235076,1,p:2.2.4.1.3.1
U8116,324,FUSE1,228181.1,228181.1,231075.4,2894.3,2894.3,1003.0,0.346543,1,p:1.1.5.2.2.1
U8117,324,FUSE1,228218.3,228218.3,232253.0,4034.7,4034.7,1003.0,0.248593,1,p:2.3.3.1.1.1
U8118,324,FUSE1,228297.1,228297.1,234341.0,6043.9,6043.9,1003.0,0.165952,1,p:1.2.1.1.1.1
U8119,324,FUSE1,228339.1,228339.1,232833.0,4493.9,4493.9,1003.0,0.223191,1,p:2.1.2.1.2.1
U8120,324,FUSE1,228413.1,228413.1,232506.6,4093.5,4093.5,1003.0,0.245023,1,p:1.3.2.2.3.2
U8121,324,FUSE2,228455.1,228455.1,232854.6,4399.5,4399.5,1035.4,0.235345,1,p:2.2.3.2.3.2
U8122,324,FUSE2,228533.9,228533.9,234615.0,6081.1,6081.1,1035.4,0.170265,1,p:1.1.1.1.3.2
U8123,324,FUSE2,228571.1,228571.1,232601.0,4029.9,4029.9,1035.4,0.256929,1,p:2.3.3.1.1.1
U8124,324,FUSE2,228649.9,228649.9,233086.6,4436.7,4436.7,1035.4,0.233372,1,p:1.2.2.2.1.2
U8125,324,FUSE2,228691.9,228691.9,232949.0,4257.1,4257.1,1035.4,0.243217,1,p:2.1.4.1.1.1
U8126,324,FUSE2,228765.9,228765.9,232622.6,3856.7,3856.7,1035.4,0.268468,1,p:1.3.4.2.2.2
U8127,324,FUSE2,228807.9,228807.9,233202.6,4394.7,4394.7,1035.4,0.235602,1,p:2.2.3.2.3.2
U8128,324,FUSE2,228886.7,228886.7,234870.7293,5984.0293,5984.0293,1035.4,0.173027,1,p:1.1.1.2.1.2
U7457,298,FUSE0,228923.9,228923.9,231325.0,2401.1,2401.1,941.0,0.391904,1,p:2.3.5.2.1.1
U7458,298,FUSE0,229002.7,229002.7,231557.0,2554.3,2554.3,941.0,0.368398,1,p:1.3.5.1.1.1
E001,365,FUSE0,229044.7,229044.7,233181.0,4136.3,4136.3,941.0,0.227498,1,p:2.2.4.1.2.1
E002,361,FUSE0,229118.7,229118.7,231926.6,2807.9,2807.9,941.0,0.335126,1,p:1.1.5.2.2.2
E003,365,FUSE0,229160.7,229160.7,233413.0,4252.3,4252.3,941.0,0.221292,1,p:2.3.2.1.3.1
E004,365,FUSE0,229239.5,229239.5,233434.6,4195.1,4195.1,941.0,0.224309,1,p:1.2.3.2.1.2
E005,365,FUSE0,229276.7,229276.7,235200.3293,5923.6293,5923.6293,941.0,0.158855,1,p:2.1.1.2.3.1
E006,365,FUSE0,229392.7,229392.7,233645.0,4252.3,4252.3,941.0,0.221292,1,p:1.3.2.1.1.1
E007,361,FUSE0,229396.3229,229396.3229,232137.0,2740.6771,2740.6771,941.0,0.343346,1,p:2.2.5.1.2.1
E008,365,FUSE1,229508.7,229508.7,233550.6,4041.9,4041.9,1003.0,0.248151,1,p:1.3.4.1.3.2
E009,365,FUSE1,229512.3229,229512.3229,235321.1293,5808.8064,5808.8064,1003.0,0.172669,1,p:2.2.1.2.2.1
E010,365,FUSE1,229624.7,229624.7,233877.0,4252.3,4252.3,1003.0,0.235872,1,p:1.1.2.2.2.1
E011,365,FUSE1,229628.3229,229628.3229,233677.4,4049.0771,4049.0771,1003.0,0.247711,1,p:2.3.3.1.2.2
E012,365,FUSE1,229740.7,229740.7,234262.2,4521.5,4521.5,1003.0,0.221829,1,p:1.2.2.1.3.2
E013,361,FUSE1,229767.1,229767.1,232390.6,2623.5,2623.5,1003.0,0.382314,1,p:2.1.5.2.1.2
E014,365,FUSE2,229856.7,229856.7,233793.4,3936.7,3936.7,1035.4,0.263012,1,p:1.3.4.2.1.2
E015,365,FUSE2,229920.7229,229920.7229,235707.9293,5787.2064,5787.2064,1035.4,0.178912,1,p:2.2.1.1.2.2
E016,365,FUSE2,229972.7,229972.7,234030.2,4057.5,4057.5,1035.4,0.255182,1,p:1.1.3.1.2.2
E017,361,FUSE2,230036.7229,230036.7229,232717.0,2680.2771,2680.2771,1035.4,0.386303,1,p:2.3.5.1.3.1
E018,365,FUSE2,230088.7,230088.7,234457.0,4368.3,4368.3,1035.4,0.237026,1,p:1.2.3.2.3.1
U7459,298,FUSE0,230152.7229,230152.7229,234383.0,4230.2771,4230.2771,941.0,0.222444,1,p:2.1.2.1.2.2
U7460,298,FUSE0,230204.7,230204.7,234109.0,3904.3,3904.3,941.0,0.241016,1,p:1.3.4.2.3.1
U7461,298,FUSE0,230270.3229,230270.3229,234735.8,4465.4771,4465.4771,941.0,0.210728,1,p:2.2.2.1.2.2
U7462,298,FUSE0,230320.7,230320.7,232970.6,2649.9,2649.9,941.0,0.355108,1,p:1.1.5.2.2.2
U7463,298,FUSE0,230386.3229,230386.3229,236017.1293,5630.8064,5630.8064,941.0,0.167116,1,p:2.3.1.2.3.1
U7464,298,FUSE0,230436.7,230436.7,233297.0,2860.3,2860.3,941.0,0.328986,1,p:1.2.5.1.1.1
U7465,298,FUSE0,230502.3229,230502.3229,234225.0,3722.6771,3722.6771,941.0,0.252775,1,p:2.1.4.2.2.1
U7466,298,FUSE1,230552.7,230552.7,234577.8,4025.1,4025.1,1003.0,0.249186,1,p:1.3.3.2.2.1
U7467,298,FUSE1,230619.9229,230619.9229,234499.0,3879.0771,3879.0771,1003.0,0.258567,1,p:2.2.4.2.1.2
U7468,298,FUSE1,230668.7,230668.7,236304.6,5635.9,5635.9,1003.0,0.177966,1,p:1.1.1.1.1.2
U7469,298,FUSE1,230735.9229,230735.9229,234968.3293,4232.4064,4232.4064,1003.0,0.236981,1,p:2.3.2.2.2.1
U7470,298,FUSE1,230784.7,230784.7,236615.4,5830.7,5830.7,1003.0,0.172021,1,p:1.2.1.2.2.1
U7471,298,FUSE1,230851.9229,230851.9229,233529.0,2677.0771,2677.0771,1003.0,0.374662,1,p:2.1.5.2.2.1
U7472,298,FUSE1,230900.7,230900.7,235084.3293,4183.6293,4183.6293,1003.0,0.239744,1,p:1.3.3.1.1.1
U7473,298,FUSE1,230990.7,230990.7,233909.4,2918.7,2918.7,1003.0,0.343646,1,p:2.2.5.1.3.2
U7474,298,FUSE1,231016.7,231016.7,235239.1293,4222.4293,4222.4293,1003.0,0.237541,1,p:1.1.2.2.1.2
U7475,298,FUSE1,231106.7,231106.7,234986.7293,3880.0293,3880.0293,1003.0,0.258503,1,p:2.3.4.1.3.2
U7476,298,FUSE2,231145.9,231145.9,235669.1293,4523.2293,4523.2293,1035.4,0.228907,1,p:1.2.2.1.3.1
U7477,298,FUSE2,231222.7,231222.7,235437.1293,4214.4293,4214.4293,1035.4,0.24568,1,p:2.1.3.1.1.1
U7478,298,FUSE2,231261.9,231261.9,236889.4,5627.5,5627.5,1035.4,0.183989,1,p:1.3.1.1.3.2
U7479,298,FUSE2,231356.3,231356.3,235591.9293,4235.6293,4235.6293,1035.4,0.24445,1,p:2.2.3.2.1.2
U7480,298,FUSE2,231377.9,231377.9,235355.1293,3977.2293,3977.2293,1035.4,0.260332,1,p:1.1.4.1.3.2
U7481,298,FUSE2,231472.3,231472.3,234146.2,2673.9,2673.9,1035.4,0.387225,1,p:2.3.5.2.1.2
U7482,298,FUSE2,231493.9,231493.9,235553.1293,4059.2293,4059.2293,1035.4,0.255073,1,p:1.2.4.2.3.1
U7483,298,FUSE2,231588.3,231588.3,237165.4,5577.1,5577.1,1035.4,0.185652,1,p:2.1.1.1.3.2
U7484,298,FUSE2,231609.9,231609.9,235901.1293,4291.2293,4291.2293,1035.4,0.241283,1,p:1.3.2.2.2.1
U7485,298,FUSE2,231704.3,231704.3,235951.8,4247.5,4247.5,1035.4,0.243767,1,p:2.2.3.1.1.2
U1612,65,FUSE0,231725.9,231725.9,236183.8,4457.9,4457.9,941.0,0.211086,1,p:1.1.2.1.3.2
U1613,65,FUSE0,231820.3,231820.3,237613.8,5793.5,5793.5,941.0,0.162423,1,p:2.3.1.2.1.2
U1614,65,FUSE0,231841.9,231841.9,237924.6,6082.7,6082.7,941.0,0.154701,1,p:1.2.1.2.3.1
U1615,65,FUSE0,231936.3,231936.3,235823.9293,3887.6293,3887.6293,941.0,0.24205,1,p:2.1.4.1.3.2
U1616,65,FUSE0,231957.9,231957.9,236499.4,4541.5,4541.5,941.0,0.2072,1,p:1.3.2.2.1.1
U1617,65,FUSE0,232052.3,232052.3,236731.4,4679.1,4679.1,941.0,0.201107,1,p:2.2.2.2.3.1
U1618,65,FUSE0,232073.9,232073.9,234693.8,2619.9,2619.9,941.0,0.359174,1,p:1.1.5.1.1.1
U1619,65,FUSE0,232168.3,232168.3,236262.6,4094.3,4094.3,941.0,0.229832,1,p:2.3.3.2.2.1
U1620,65,FUSE1,232189.9,232189.9,238263.0,6073.1,6073.1,1003.0,0.165155,1,p:1.2.1.1.2.2
U1621,65,FUSE1,232284.3,232284.3,234809.8,2525.5,2525.5,1003.0,0.397149,1,p:2.1.5.2.3.1
U1622,65,FUSE1,232305.9,232305.9,236067.8,3761.9,3761.9,1003.0,0.266621,1,p:1.3.4.1.2.2
U1623,65,FUSE1,232400.3,232400.3,235123.1293,2722.8293,2722.8293,1003.0,0.368367,1,p:2.2.5.1.2.2
U1624,65,FUSE1,232421.9,232421.9,236536.6,4114.7,4114.7,1003.0,0.24376,1,p:1.1.3.1.3.2
U1625,65,FUSE1,232516.3,232516.3,236968.2,4451.9,4451.9,1003.0,0.225297,1,p:2.3.2.2.2.1
U1626,65,FUSE1,232537.9,232537.9,236852.2,4314.3,4314.3,1003.0,0.232483,1,p:1.2.3.2.1.1
U1627,65,FUSE1,232632.3,232632.3,236378.6,3746.3,3746.3,1003.0,0.267731,1,p:2.1.4.2.3.1
U1628,65,FUSE2,232653.9,232653.9,238499.8,5845.9,5845.9,1035.4,0.177116,1,p:1.3.1.1.3.2
U1629,65,FUSE2,232748.3,232748.3,236773.4,4025.1,4025.1,1035.4,0.257236,1,p:2.2.4.1.2.2
U1630,65,FUSE2,232769.9,232769.9,237387.5,4617.6,4617.6,1035.4,0.224229,1,p:1.1.2.2.3.1
U1631,65,FUSE2,232864.3,232864.3,235475.9293,2611.6293,2611.6293,1035.4,0.396457,1,p:2.3.5.1.2.2
U1632,65,FUSE2,232885.9,232885.9,237692.6,4806.7,4806.7,1035.4,0.215408,1,p:1.2.2.2.2.1
E017,365,FUSE2,233117.9,233117.9,235785.1293,2667.2293,2667.2293,1035.4,0.388193,1,p:1.1.5.2.1.1
U1633,65,FUSE2,233212.3,233212.3,238805.8,5593.5,5593.5,1035.4,0.185108,1,p:2.3.1.2.1.1
U1634,65,FUSE2,233233.9,233233.9,236146.6,2912.7,2912.7,1035.4,0.355478,1,p:1.2.5.2.1.1
U1635,65,FUSE2,233328.3,233328.3,237535.0,4206.7,4206.7,1035.4,0.246131,1,p:2.1.3.2.3.1
U1636,65,FUSE2,233349.9,233349.9,238147.0,4797.1,4797.1,1035.4,0.215839,1,p:1.3.2.1.3.2
U203,9,FUSE0,233444.3,233444.3,237808.6,4364.3,4364.3,941.0,0.215613,1,p:2.2.3.1.1.1
U204,9,FUSE0,233465.9,233465.9,239037.8,5571.9,5571.9,941.0,0.168883,1,p:1.1.1.2.3.1
U205,9,FUSE0,233560.3,233560.3,237271.5,3711.2,3711.2,941.0,0.253557,1,p:2.3.4.2.1.1
U206,9,FUSE0,233581.9,233581.9,237497.8,3915.9,3915.9,941.0,0.240302,1,p:1.2.4.1.2.2
U207,9,FUSE0,233676.3,233676.3,238457.8,4781.5,4781.5,941.0,0.1968,1,p:2.1.2.2.2.1
U208,9,FUSE0,233708.7,233708.7,239269.8,5561.1,5561.1,941.0,0.169211,1,p:1.3.1.2.2.1
U209,9,FUSE0,233792.3,233792.3,238689.8,4897.5,4897.5,941.0,0.192139,1,p:2.2.2.2.3.1
U210,9,FUSE0,233824.7,233824.7,236420.6,2595.9,2595.9,941.0,0.362495,1,p:1.1.5.1.2.2
U211,9,FUSE1,233908.3,233908.3,238031.0,4122.7,4122.7,1003.0,0.243287,1,p:2.3.3.2.1.2
U212,9,FUSE1,233940.7,233940.7,236657.4,2716.7,2716.7,1003.0,0.369198,1,p:1.2.5.1.1.2
U213,9,FUSE1,234024.3,234024.3,239659.8,5635.5,5635.5,1003.0,0.177979,1,p:2.1.1.1.3.2
U214,9,FUSE1,234061.5,234061.5,237847.4,3785.9,3785.9,1003.0,0.26493,1,p:1.3.4.1.2.2
U215,9,FUSE1,234140.3,234140.3,239965.8,5825.5,5825.5,1003.0,0.172174,1,p:2.2.1.2.2.1
U216,9,FUSE1,234177.5,234177.5,238921.8,4744.3,4744.3,1003.0,0.211412,1,p:1.1.2.1.2.1
U217,9,FUSE1,234256.3,234256.3,238383.8,4127.5,4127.5,1003.0,0.243004,1,p:2.3.3.2.1.2
U218,9,FUSE1,234293.5,234293.5,239195.8,4902.3,4902.3,1003.0,0.204598,1,p:1.2.2.1.1.2
U219,9,FUSE2,234372.3,234372.3,237016.5,2644.2,2644.2,1035.4,0.391574,1,p:2.1.5.1.1.2
U220,9,FUSE2,234414.3,234414.3,238341.8,3927.5,3927.5,1035.4,0.263628,1,p:1.3.4.2.3.1
U221,9,FUSE2,234488.3,234488.3,237323.0,2834.7,2834.7,1035.4,0.365259,1,p:2.2.5.1.2.2
U222,9,FUSE2,234530.3,234530.3,238731.8,4201.5,4201.5,1035.4,0.246436,1,p:1.1.3.2.2.2
U223,9,FUSE2,234609.1,234609.1,240197.8,5588.7,5588.7,1035.4,0.185267,1,p:2.3.1.2.3.1
U224,9,FUSE2,234646.3,234646.3,238963.8,4317.5,4317.5,1035.4,0.239815,1,p:1.2.3.1.1.2
U225,9,FUSE2,234725.1,234725.1,238573.8,3848.7,3848.7,1035.4,0.269026,1,p:2.1.4.1.2.1
U226,9,FUSE2,234767.1,234767.1,239501.8,4734.7,4734.7,1035.4,0.218683,1,p:1.3.2.2.3.1
U8025,321,FUSE0,234841.1,234841.1,238847.8,4006.7,4006.7,941.0,0.234857,1,p:2.2.4.1.3.2
U8026,321,FUSE0,234902.0293,234902.0293,240471.8,5569.7707,5569.7707,941.0,0.168948,1,p:1.1.1.1.2.2
U8027,321,FUSE0,234999.6293,234999.6293,237729.8,2730.1707,2730.1707,941.0,0.344667,1,p:2.3.5.1.3.2
U8028,321,FUSE0,235018.0293,235018.0293,240703.8,5685.7707,5685.7707,941.0,0.165501,1,p:1.2.1.1.3.2
U8029,321,FUSE0,235115.6293,235115.6293,239775.8,4660.1707,4660.1707,941.0,0.201924,1,p:2.1.2.1.2.2
U8030,321,FUSE0,235154.4293,235154.4293,239311.8,4157.3707,4157.3707,941.0,0.226345,1,p:1.3.3.1.3.2
U8031,321,FUSE0,235231.6293,235231.6293,240007.8,4776.1707,4776.1707,941.0,0.19702,1,p:2.2.2.1.3.2
U8032,321,FUSE0,235270.4293,235270.4293,238042.2,2771.7707,2771.7707,941.0,0.339494,1,p:1.1.5.2.2.1
U8033,321,FUSE0,235352.4293,235352.4293,239079.8,3727.3707,3727.3707,941.0,0.252457,1,p:2.3.4.2.2.2
U8034,321,FUSE0,235386.4293,235386.4293,239849.8,4463.3707,4463.3707,941.0,0.210827,1,p:1.2.3.2.3.1
U8035,321,FUSE1,235468.4293,235468.4293,239617.8,4149.3707,4149.3707,1003.0,0.241723,1,p:2.1.3.2.2.1
U8036,321,FUSE1,235507.2293,235507.2293,240355.8,4848.5707,4848.5707,1003.0,0.206865,1,p:1.3.2.1.3.2
U8037,321,FUSE1,235584.4293,235584.4293,238225.8,2641.3707,2641.3707,1003.0,0.379727,1,p:2.2.5.1.1.1
U8038,321,FUSE1,235623.2293,235623.2293,242325.0694,6701.8401,6701.8401,1003.0,0.14966,1,p:1.1.1.2.1.2
U8039,321,FUSE1,235700.4293,235700.4293,239427.8,3727.3707,3727.3707,1003.0,0.26909,1,p:2.3.4.1.2.2
U8040,321,FUSE1,235739.2293,235739.2293,241475.4,5736.1707,5736.1707,1003.0,0.174855,1,p:1.2.1.1.2.2
U8041,321,FUSE1,235816.4293,235816.4293,240664.2,4847.7707,4847.7707,1003.0,0.206899,1,p:2.1.2.2.2.1
U8042,321,FUSE1,235855.2293,235855.2293,240123.8,4268.5707,4268.5707,1003.0,0.234973,1,p:1.3.3.1.2.2
U8043,321,FUSE1,235932.4293,235932.4293,242167.4694,6235.0401,6235.0401,1003.0,0.160865,1,p:2.2.2.2.2.2
U8044,321,FUSE1,235983.1,235983.1,239733.8,3750.7,3750.7,1003.0,0.267417,1,p:1.1.4.2.1.1
U8045,321,FUSE2,236048.4293,236048.4293,238615.8,2567.3707,2567.3707,1035.4,0.403292,1,p:2.3.5.1.1.2
U8046,321,FUSE2,236099.1,236099.1,242043.4,5944.3,5944.3,1035.4,0.174184,1,p:1.2.1.1.3.1
U8047,321,FUSE2,236177.9,236177.9,240430.6,4252.7,4252.7,1035.4,0.243469,1,p:2.1.3.2.1.1
U8048,321,FUSE2,236215.1,236215.1,240780.2,4565.1,4565.1,1035.4,0.226808,1,p:1.3.3.2.1.1
U8049,321,FUSE2,236293.9,236293.9,239153.8,2859.9,2859.9,1035.4,0.362041,1,p:2.2.5.1.3.1
U8050,321,FUSE2,236335.9,236335.9,241240.2,4904.3,4904.3,1035.4,0.211121,1,p:1.1.2.1.2.2
U8051,321,FUSE2,236409.9,236409.9,240081.8,3671.9,3671.9,1035.4,0.281979,1,p:2.3.4.2.1.1
U8052,321,FUSE2,236451.9,236451.9,241808.2,5356.3,5356.3,1035.4,0.193305,1,p:1.2.2.1.3.1
U8053,321,FUSE2,236530.7,236530.7,241045.0,4514.3,4514.3,1035.4,0.22936,1,p:2.1.3.1.1.2
U1911,77,FUSE0,236567.9,236567.9,242441.0694,5873.1694,5873.1694,941.0,0.16022,1,p:1.3.1.2.3.2
U1912,77,FUSE0,236646.7,236646.7,242769.0694,6122.3694,6122.3694,941.0,0.153699,1,p:2.2.1.2.1.1
U1913,77,FUSE0,236688.7,236688.7,239543.8,2855.1,2855.1,941.0,0.329586,1,p:1.2.5.1.1.2
U1914,77,FUSE0,236762.7,236762.7,239385.8,2623.1,2623.1,941.0,0.358736,1,p:2.3.5.2.1.1
U1915,77,FUSE0,236790.0,236800.9,242394.6,5604.6,5604.6,941.0,0.167898,1,p:1.2.3.1.2.1
U1916,77,FUSE0,236790.0,236874.9,240239.8,3449.8,3449.8,941.0,0.272769,1,p:2.1.4.1.1.2
U1917,77,FUSE0,236790.0,236913.1,242278.6,5488.6,5488.6,941.0,0.171446,1,p:1.3.2.1.3.1
U1918,77,FUSE0,236804.7,236987.1,243395.4,6590.7,6590.7,941.0,0.142777,1,p:2.2.1.2.2.2
U1919,77,FUSE1,236883.5,237025.3,241573.0,4689.5,4689.5,1003.0,0.213882,1,p:1.1.3.1.3.1
U1920,77,FUSE1,236920.7,237099.3,240546.6,3625.9,3625.9,1003.0,0.276621,1,p:2.3.4.2.3.1
U1921,77,FUSE1,236999.5,237137.5,243042.6,6043.1,6043.1,1003.0,0.165974,1,p:1.2.2.2.2.2
U1922,77,FUSE1,237047.8,237211.5,243121.4,6073.6,6073.6,1003.0,0.165141,1,p:2.1.1.2.1.1
U1923,77,FUSE1,237196.7,237249.7,239891.8,2695.1,2695.1,1003.0,0.372157,1,p:1.3.5.1.1.2
U1924,77,FUSE1,237302.8,237323.7,243002.6694,5699.8694,5699.8694,1003.0,0.175969,1,p:2.2.3.1.3.1
U1925,77,FUSE1,237354.3,237361.9,242653.0694,5298.7694,5298.7694,1003.0,0.189289,1,p:1.3.3.1.3.1
U1926,77,FUSE1,237418.8,237435.9,242886.6694,5467.8694,5467.8694,1003.0,0.183435,1,p:2.1.2.1.2.1
U1927,77,FUSE2,237529.1,237529.1,240587.8,3058.7,3058.7,1035.4,0.33851,1,p:1.2.5.1.1.2
U1928,77,FUSE2,237566.3,237566.3,240836.2,3269.9,3269.9,1035.4,0.316646,1,p:2.1.4.1.3.2
U1929,77,FUSE2,237645.1,237645.1,243748.2,6103.1,6103.1,1035.4,0.169651,1,p:1.3.1.2.2.2
U1930,77,FUSE2,237723.9,237723.9,241945.8,4221.9,4221.9,1035.4,0.245245,1,p:2.2.4.1.2.2
U1931,77,FUSE2,237761.1,237761.1,240314.6,2553.5,2553.5,1035.4,0.405483,1,p:1.1.5.2.2.1
U1932,77,FUSE2,237839.9,237839.9,243590.2,5750.3,5750.3,1035.4,0.18006,1,p:2.3.2.1.2.1
U1933,77,FUSE2,237878.7,237878.7,240907.4,3028.7,3028.7,1035.4,0.341863,1,p:1.2.5.1.2.1
U1934,77,FUSE2,237955.9,237955.9,241337.8,3381.9,3381.9,1035.4,0.306159,1,p:2.1.4.1.3.1
U1935,77,FUSE2,238062.3,238062.3,243158.6,5096.3,5096.3,1035.4,0.203167,1,p:1.3.3.2.3.2
U1527,62,FUSE0,238073.5,238073.5,242537.0694,4463.5694,4463.5694,941.0,0.210818,1,p:2.2.4.1.2.1
U1528,62,FUSE0,238178.3,238178.3,244337.8,6159.5,6159.5,941.0,0.152772,1,p:1.3.1.1.1.2
U1529,62,FUSE0,238257.1,238257.1,243943.0,5685.9,5685.9,941.0,0.165497,1,p:2.2.3.1.2.1
U1530,62,FUSE0,238294.3,238294.3,244059.0,5764.7,5764.7,941.0,0.163235,1,p:1.1.1.1.3.1
U1531,62,FUSE0,238373.1,238373.1,243985.0,5611.9,5611.9,941.0,0.167679,1,p:2.3.2.1.1.2
U1532,62,FUSE0,238415.1,238415.1,244806.6,6391.5,6391.5,941.0,0.147227,1,p:1.2.1.2.2.2
U1533,62,FUSE0,238489.1,238489.1,243706.2,5217.1,5217.1,941.0,0.180368,1,p:2.1.2.1.3.1
U1534,62,FUSE0,238531.1,238531.1,241102.6,2571.5,2571.5,941.0,0.365934,1,p:1.3.5.1.3.1
U1535,62,FUSE0,238605.1,238605.1,242807.8694,4202.7694,4202.7694,941.0,0.2239,1,p:2.2.4.2.3.2
U1536,62,FUSE0,238647.1,238647.1,243474.2,4827.1,4827.1,941.0,0.194941,1,p:1.1.3.2.1.1
U1537,62,FUSE0,238721.1,238721.1,242691.8694,3970.7694,3970.7694,941.0,0.236982,1,p:2.3.4.2.2.2
U1538,62,FUSE1,238763.1,238763.1,243279.4,4516.3,4516.3,1003.0,0.222084,1,p:1.2.4.1.1.2
U1539,62,FUSE1,238837.1,238837.1,244532.6,5695.5,5695.5,1003.0,0.176104,1,p:2.1.1.2.1.1
U1540,62,FUSE1,238879.1,238879.1,244101.0,5221.9,5221.9,1003.0,0.192076,1,p:1.3.3.2.2.2
U1541,62,FUSE1,238953.1,238953.1,242573.8,3620.7,3620.7,1003.0,0.277018,1,p:2.2.5.1.1.2
U1542,62,FUSE1,238995.1,238995.1,244179.8,5184.7,5184.7,1003.0,0.193454,1,p:1.1.2.2.1.1
U1543,62,FUSE1,239069.1,239069.1,245001.4,5932.3,5932.3,1003.0,0.169074,1,p:2.3.2.1.2.1
U1544,62,FUSE1,239111.1,239111.1,245396.2,6285.1,6285.1,1003.0,0.159584,1,p:1.2.1.1.1.2
U1545,62,FUSE1,239185.1,239185.1,241710.6,2525.5,2525.5,1003.0,0.397149,1,p:2.1.5.1.2.2
U1546,62,FUSE1,239227.1,239227.1,244453.8,5226.7,5226.7,1003.0,0.191899,1,p:1.3.3.2.2.2
U1547,62,FUSE1,239301.1,239301.1,245470.2,6169.1,6169.1,1003.0,0.162584,1,p:2.2.2.1.3.1
U1548,62,FUSE1,239343.1,239343.1,244648.6,5305.5,5305.5,1003.0,0.189049,1,p:1.1.2.1.2.1
U1549,62,FUSE2,239417.1,239417.1,243632.2,4215.1,4215.1,1035.4,0.245641,1,p:2.3.4.1.1.2
U1550,62,FUSE2,239459.1,239459.1,244922.6,5463.5,5463.5,1035.4,0.189512,1,p:1.2.3.2.3.2
U1551,62,FUSE2,239533.1,239533.1,245117.4,5584.3,5584.3,1035.4,0.185413,1,p:2.1.1.1.3.1
U1552,62,FUSE2,239575.1,239575.1,242926.6,3351.5,3351.5,1035.4,0.308936,1,p:1.3.5.1.1.2
U1553,62,FUSE2,239649.1,239649.1,244295.8,4646.7,4646.7,1035.4,0.222825,1,p:2.2.4.1.2.1
U1554,62,FUSE2,239691.1,239691.1,245159.4,5468.3,5468.3,1035.4,0.189346,1,p:1.1.2.2.2.2
U1555,62,FUSE2,239765.1,239765.1,245749.0,5983.9,5983.9,1035.4,0.173031,1,p:2.3.1.1.1.2
U1556,62,FUSE2,239807.1,239807.1,245275.4,5468.3,5468.3,1035.4,0.189346,1,p:1.2.3.2.3.2
U1557,62,FUSE2,239881.1,239881.1,244764.6,4883.5,4883.5,1035.4,0.21202,1,p:2.1.3.1.3.1
U1558,62,FUSE2,239923.1,239923.1,245628.2,5705.1,5705.1,1035.4,0.181487,1,p:1.3.2.2.3.2
U8595,344,FUSE0,239997.1,239997.1,244411.8,4414.7,4414.7,941.0,0.213152,1,p:2.2.4.1.3.1
U8596,344,FUSE0,240039.1,240039.1,243827.0,3787.9,3787.9,941.0,0.248423,1,p:1.1.4.2.1.1
U8597,344,FUSE0,240113.1,240113.1,243353.4,3240.3,3240.3,941.0,0.290405,1,p:2.3.5.1.3.1
U8598,344,FUSE0,240155.1,240155.1,245981.0,5825.9,5825.9,941.0,0.16152,1,p:1.3.1.2.3.2
U8599,344,FUSE0,240229.1,240229.1,243237.4,3008.3,3008.3,941.0,0.312801,1,p:2.1.5.1.2.1
U8600,344,FUSE0,240271.1,240271.1,245591.0,5319.9,5319.9,941.0,0.176883,1,p:1.3.3.2.1.1
U8601,344,FUSE0,240345.9,240345.9,246454.6,6108.7,6108.7,941.0,0.154043,1,p:2.2.1.1.1.2
U8602,344,FUSE0,240387.1,240387.1,245865.0,5477.9,5477.9,941.0,0.171781,1,p:1.1.1.2.2.2
U8603,344,FUSE0,240461.9,240461.9,244569.8,4107.9,4107.9,941.0,0.229071,1,p:2.3.4.2.3.2
U8604,344,FUSE1,240503.1,240503.1,246059.8,5556.7,5556.7,1003.0,0.180503,1,p:1.2.3.1.2.1
U8605,344,FUSE1,240577.9,240577.9,246101.8,5523.9,5523.9,1003.0,0.181575,1,p:2.1.2.1.1.2
U8606,344,FUSE1,240619.1,240619.1,246765.4,6146.3,6146.3,1003.0,0.163188,1,p:1.3.2.1.2.1
U8607,344,FUSE1,240695.5,240695.5,246649.4,5953.9,5953.9,1003.0,0.168461,1,p:2.2.1.2.1.1
U8608,344,FUSE1,240735.1,240735.1,243511.4,2776.3,2776.3,1003.0,0.361272,1,p:1.1.5.2.3.2
U8609,344,FUSE1,240811.5,240811.5,246412.6,5601.1,5601.1,1003.0,0.179072,1,p:2.3.3.1.2.1
U8610,344,FUSE1,240867.5,240867.5,244217.0,3349.5,3349.5,1003.0,0.299448,1,p:1.2.5.2.3.2
U8611,344,FUSE1,240938.7,240938.7,246296.6,5357.9,5357.9,1003.0,0.1872,1,p:2.1.2.2.1.1
U8612,344,FUSE1,241076.3,241076.3,245238.2,4161.9,4161.9,1003.0,0.240996,1,p:1.2.4.2.1.1
U8613,344,FUSE1,241133.9,241133.9,243864.2,2730.3,2730.3,1003.0,0.367359,1,p:2.1.5.2.3.2
U8614,344,FUSE2,241271.5,241271.5,247256.6694,5985.1694,5985.1694,1035.4,0.172994,1,p:1.2.2.2.2.1
U8615,344,FUSE2,241369.1,241369.1,247118.2,5749.1,5749.1,1035.4,0.180098,1,p:2.3.1.1.2.1
U8616,344,FUSE2,241506.7,241506.7,245043.4,3536.7,3536.7,1035.4,0.292759,1,p:1.1.4.1.1.2
U8617,344,FUSE2,241604.3,241604.3,246881.4,5277.1,5277.1,1035.4,0.196206,1,p:2.2.3.1.3.1
U8618,344,FUSE2,241741.9,241741.9,244690.6,2948.7,2948.7,1035.4,0.351138,1,p:1.3.5.1.1.2
U8619,344,FUSE2,241839.5,241839.5,246923.4,5083.9,5083.9,1035.4,0.203663,1,p:2.1.2.2.2.2
U8620,344,FUSE2,241977.1,241977.1,245943.8,3966.7,3966.7,1035.4,0.261023,1,p:1.2.4.2.1.1
U8621,344,FUSE2,242074.7,242074.7,245707.0,3632.3,3632.3,1035.4,0.285054,1,p:2.3.4.1.2.1
U8622,344,FUSE2,242198.7694,242198.7694,246570.6,4371.8306,4371.8306,1035.4,0.236834,1,p:1.1.3.2.2.2
U8623,344,FUSE2,242309.9,242309.9,245354.2,3044.3,3044.3,1035.4,0.340111,1,p:2.2.5.1.2.1
U4423,177,FUSE0,242356.3694,242356.3694,247197.8,4841.4306,4841.4306,941.0,0.194364,1,p:1.1.1.1.3.2
U4424,177,FUSE0,242425.9,242425.9,244885.4,2459.5,2459.5,941.0,0.382598,1,p:2.3.5.2.1.1
U4425,177,FUSE0,242472.3694,242472.3694,248421.4,5949.0306,5949.0306,941.0,0.158177,1,p:1.2.1.1.3.2
U4426,177,FUSE0,242568.3694,242568.3694,247372.6,4804.2306,4804.2306,941.0,0.195869,1,p:2.1.1.2.3.2
U4427,177,FUSE0,242605.1,242605.1,247781.0694,5175.9694,5175.9694,941.0,0.181802,1,p:1.3.1.2.2.1
U4428,177,FUSE0,242684.3694,242684.3694,248493.6882,5809.3188,5809.3188,941.0,0.161981,1,p:2.2.1.1.1.1
U4429,177,FUSE0,242723.1694,242723.1694,247722.2,4999.0306,4999.0306,941.0,0.188236,1,p:1.1.2.1.3.2
U4430,177,FUSE1,242800.3694,242800.3694,247039.4,4239.0306,4239.0306,1003.0,0.236611,1,p:2.3.3.2.3.2
U4431,177,FUSE1,242839.1694,242839.1694,246528.6,3689.4306,3689.4306,1003.0,0.271858,1,p:1.2.4.1.3.1
U4432,177,FUSE1,242917.9694,242917.9694,247955.8694,5037.9,5037.9,1003.0,0.199091,1,p:2.1.2.2.2.1
U4433,177,FUSE1,242957.9,242957.9,245512.2,2554.3,2554.3,1003.0,0.392671,1,p:1.3.5.2.2.2
U4434,177,FUSE1,243033.9694,243033.9694,248771.0,5737.0306,5737.0306,1003.0,0.174829,1,p:2.2.2.2.3.2
U4435,177,FUSE1,243073.9,243073.9,246217.8,3143.9,3143.9,1003.0,0.319031,1,p:1.1.4.2.2.2
U4436,177,FUSE1,243152.7,243152.7,247547.4,4394.7,4394.7,1003.0,0.228229,1,p:2.3.3.1.3.2
U4437,177,FUSE2,243189.9,243189.9,246175.8,2985.9,2985.9,1035.4,0.346763,1,p:1.2.5.1.3.1
U4438,177,FUSE2,243268.7,243268.7,249122.4648,5853.7648,5853.7648,1035.4,0.176878,1,p:2.1.2.2.2.1
U4439,177,FUSE2,243310.7,243310.7,249354.4648,6043.7648,6043.7648,1035.4,0.171317,1,p:1.3.1.1.3.1
U4440,177,FUSE2,243384.7,243384.7,248596.2,5211.5,5211.5,1035.4,0.198676,1,p:2.2.3.1.3.2
U4441,177,FUSE2,243426.7,243426.7,245823.0,2396.3,2396.3,1035.4,0.432083,1,p:1.1.5.1.3.1
U4442,177,FUSE2,243505.5,243505.5,246686.6,3181.1,3181.1,1035.4,0.325485,1,p:2.3.4.2.3.2
U4443,177,FUSE2,243542.7,243542.7,246333.8,2791.1,2791.1,1035.4,0.370965,1,p:1.2.5.2.3.2
U4444,177,FUSE2,243621.5,243621.5,248071.8,4450.3,4450.3,1035.4,0.232658,1,p:2.1.3.1.3.2
U7806,312,FUSE0,243663.5,243663.5,249509.2648,5845.7648,5845.7648,941.0,0.160971,1,p:1.3.2.1.3.2
U7807,312,FUSE0,243737.5,243737.5,248965.8,5228.3,5228.3,941.0,0.179982,1,p:2.2.3.1.3.1
U7808,312,FUSE0,243779.5,243779.5,249043.6648,5264.1648,5264.1648,941.0,0.178756,1,p:1.1.1.2.1.2
U7809,312,FUSE0,243858.3,243858.3,249626.8648,5768.5648,5768.5648,941.0,0.163125,1,p:2.3.1.1.2.2
U7810,312,FUSE0,243895.5,243895.5,249821.6648,5926.1648,5926.1648,941.0,0.158787,1,p:1.2.2.1.2.1
U7811,312,FUSE0,243974.3,243974.3,247002.2,3027.9,3027.9,941.0,0.310776,1,p:2.1.4.2.1.1
U7812,312,FUSE0,244016.3,244016.3,247431.4694,3415.1694,3415.1694,941.0,0.275535,1,p:1.3.4.1.2.1
U7813,312,FUSE1,244090.3,244090.3,249976.4648,5886.1648,5886.1648,1003.0,0.1704,1,p:2.2.1.2.2.2
U7814,312,FUSE1,244132.3,244132.3,249858.8648,5726.5648,5726.5648,1003.0,0.175149,1,p:1.1.2.1.3.2
U7815,312,FUSE1,244211.1,244211.1,246807.4,2596.3,2596.3,1003.0,0.386319,1,p:2.3.5.1.1.2
U7816,312,FUSE1,244248.3,244248.3,248927.6648,4679.3648,4679.3648,1003.0,0.214345,1,p:1.2.4.2.2.2
U7817,312,FUSE1,244327.1,244327.1,249937.6648,5610.5648,5610.5648,1003.0,0.17877,1,p:2.1.1.1.1.1
U7818,312,FUSE1,244369.1,244369.1,248843.2882,4474.1882,4474.1882,1003.0,0.224175,1,p:1.3.3.2.1.1
U7819,312,FUSE1,244443.1,244443.1,250092.4648,5649.3648,5649.3648,1003.0,0.177542,1,p:2.2.2.2.1.2
U7820,312,FUSE2,244485.1,244485.1,247897.0,3411.9,3411.9,1035.4,0.303467,1,p:1.1.4.1.3.2
U7821,312,FUSE2,244563.9,244563.9,248187.8,3623.9,3623.9,1035.4,0.285714,1,p:2.3.5.1.1.2
U7822,312,FUSE2,244601.1,244601.1,250053.6648,5452.5648,5452.5648,1035.4,0.189892,1,p:1.2.3.2.3.1
U7823,312,FUSE2,244679.9,244679.9,250171.2648,5491.3648,5491.3648,1035.4,0.188551,1,p:2.1.2.1.2.1
U7824,312,FUSE2,244721.9,244721.9,250636.8648,5914.9648,5914.9648,1035.4,0.175048,1,p:1.3.1.1.1.1
U7825,312,FUSE2,244795.9,244795.9,251257.2648,6461.3648,6461.3648,1035.4,0.160245,1,p:2.2.2.1.3.2
U7826,312,FUSE2,244837.9,244837.9,249393.2648,4555.3648,4555.3648,1035.4,0.227292,1,p:1.1.3.2.1.2
U7827,312,FUSE2,244916.7,244916.7,249472.0648,4555.3648,4555.3648,1035.4,0.227292,1,p:2.3.4.2.2.1
U7610,304,FUSE0,244953.9,244953.9,250403.2648,5449.3648,5449.3648,941.0,0.172681,1,p:1.2.3.2.3.1
U7611,304,FUSE0,245032.7,245032.7,248303.8,3271.1,3271.1,941.0,0.287671,1,p:2.1.5.2.1.2
U7612,304,FUSE0,245074.7,245074.7,247606.2694,2531.5694,2531.5694,941.0,0.371706,1,p:1.3.5.2.2.1
U7613,304,FUSE0,245148.7,245148.7,249704.0648,4555.3648,4555.3648,941.0,0.20657,1,p:2.2.4.1.3.1
U7614,304,FUSE0,245190.7,245190.7,250326.0648,5135.3648,5135.3648,941.0,0.183239,1,p:1.1.1.2.2.2
U7615,304,FUSE0,245269.5,245269.5,251102.4648,5832.9648,5832.9648,941.0,0.161324,1,p:2.3.1.2.3.1
U7616,304,FUSE0,245306.7,245306.7,249277.2648,3970.5648,3970.5648,941.0,0.236994,1,p:1.2.5.2.2.2
U7617,304,FUSE0,245385.5,245385.5,248668.4882,3282.9882,3282.9882,941.0,0.286629,1,p:2.1.4.2.1.1
U7618,304,FUSE1,245427.5,245427.5,251606.8648,6179.3648,6179.3648,1003.0,0.162314,1,p:1.3.2.1.3.2
U7619,304,FUSE1,245501.5,245501.5,251801.6648,6300.1648,6300.1648,1003.0,0.159202,1,p:2.2.1.2.3.1
U7620,304,FUSE1,245543.5,245543.5,248266.6,2723.1,2723.1,1003.0,0.36833,1,p:1.1.5.1.3.1
U7621,304,FUSE1,245622.3,245622.3,250520.8648,4898.5648,4898.5648,1003.0,0.204754,1,p:2.3.3.1.2.1
U7622,304,FUSE1,245659.5,245659.5,249742.8648,4083.3648,4083.3648,1003.0,0.245631,1,p:1.2.4.2.1.2
U7623,304,FUSE1,245738.3,245738.3,251220.0648,5481.7648,5481.7648,1003.0,0.18297,1,p:2.1.1.1.2.1
U7624,304,FUSE1,245780.3,245780.3,251025.2648,5244.9648,5244.9648,1003.0,0.191231,1,p:1.3.2.2.2.2
U7625,304,FUSE1,245854.3,245854.3,249238.4648,3384.1648,3384.1648,1003.0,0.29638,1,p:2.2.5.2.1.1
U7626,304,FUSE2,245896.3,245896.3,249588.0648,3691.7648,3691.7648,1035.4,0.280462,1,p:1.1.4.2.1.1
U7627,304,FUSE2,245975.1,245975.1,250870.4648,4895.3648,4895.3648,1035.4,0.211506,1,p:2.3.3.1.2.1
U7628,304,FUSE2,246012.3,246012.3,251919.2648,5906.9648,5906.9648,1035.4,0.175285,1,p:1.2.2.1.2.1
U7629,304,FUSE2,246091.1,246091.1,249159.6648,3068.5648,3068.5648,1035.4,0.337422,1,p:2.1.5.1.3.2
U7630,304,FUSE2,246133.1,246133.1,251490.8648,5357.7648,5357.7648,1035.4,0.193252,1,p:1.3.1.2.1.2
U7631,304,FUSE2,246207.1,246207.1,251840.4648,5633.3648,5633.3648,1035.4,0.183798,1,p:2.2.1.2.1.2
U7632,304,FUSE2,246249.1,246249.1,251685.6648,5436.5648,5436.5648,1035.4,0.190451,1,p:1.1.2.1.1.1
U7633,304,FUSE2,246327.9,246327.9,250907.6648,4579.7648,4579.7648,1035.4,0.226081,1,p:2.3.4.1.3.2
U7634,304,FUSE2,246365.1,246365.1,250208.4648,3843.3648,3843.3648,1035.4,0.269399,1,p:1.2.5.1.3.2
U7297,292,FUSE0,246443.9,246443.9,250675.6648,4231.7648,4231.7648,941.0,0.222366,1,p:2.1.3.2.2.2
U7298,292,FUSE0,246485.9,246485.9,252655.6648,6169.7648,6169.7648,941.0,0.152518,1,p:1.3.2.1.3.2
U7299,292,FUSE0,246559.9,246559.9,251374.8648,4814.9648,4814.9648,941.0,0.195432,1,p:2.2.3.2.2.2
U7300,292,FUSE0,246601.9,246601.9,251452.0648,4850.1648,4850.1648,941.0,0.194014,1,p:1.1.3.2.3.1
U7301,292,FUSE0,246680.7,246680.7,250752.8648,4072.1648,4072.1648,941.0,0.231081,1,p:2.3.4.2.3.1
U7302,292,FUSE0,246717.9,246717.9,250558.0648,3840.1648,3840.1648,941.0,0.245042,1,p:1.2.5.1.3.2
U7303,292,FUSE0,246796.7,246796.7,251569.6648,4772.9648,4772.9648,941.0,0.197152,1,p:2.1.3.1.2.1
U7304,292,FUSE0,246838.7,246838.7,252074.0648,5235.3648,5235.3648,941.0,0.179739,1,p:1.1.1.2.2.2
U7305,292,FUSE0,246912.7,246912.7,250287.2648,3374.5648,3374.5648,941.0,0.278851,1,p:2.2.5.1.1.1
U7306,292,FUSE1,246954.7,246954.7,250442.0648,3487.3648,3487.3648,1003.0,0.28761,1,p:1.1.4.2.1.2
U7307,292,FUSE1,247033.5,247033.5,253005.2648,5971.7648,5971.7648,1003.0,0.167957,1,p:2.3.2.1.3.2
U7308,292,FUSE1,247070.7,247070.7,253317.6648,6246.9648,6246.9648,1003.0,0.160558,1,p:1.2.1.1.2.1
U7309,292,FUSE1,247149.5,247149.5,252423.6648,5274.1648,5274.1648,1003.0,0.190172,1,p:2.1.2.2.2.2
U7310,292,FUSE1,247229.1,247229.1,252850.4648,5621.3648,5621.3648,1003.0,0.178426,1,p:1.3.1.2.3.1
U7311,292,FUSE1,247287.9694,247287.9694,252268.8648,4980.8954,4980.8954,1003.0,0.201369,1,p:2.2.3.1.2.1
U7312,292,FUSE1,247403.9,247403.9,252151.2648,4747.3648,4747.3648,1003.0,0.211275,1,p:1.3.3.2.3.1
U7313,292,FUSE1,247462.7694,247462.7694,250791.6648,3328.8954,3328.8954,1003.0,0.301301,1,p:2.2.4.2.1.2
U7314,292,FUSE1,247578.7,247578.7,252539.6648,4960.9648,4960.9648,1003.0,0.202178,1,p:1.1.1.2.1.2
U7315,292,FUSE2,247637.5694,247637.5694,253433.6648,5796.0954,5796.0954,1035.4,0.178638,1,p:2.2.2.1.1.1
U7316,292,FUSE2,247753.5,247753.5,253084.0648,5330.5648,5330.5648,1035.4,0.194238,1,p:1.1.2.1.1.1
U7317,292,FUSE2,247812.3694,247812.3694,253354.8648,5542.4954,5542.4954,1035.4,0.186811,1,p:2.2.3.1.3.2
U7318,292,FUSE2,247928.3,247928.3,253238.8648,5310.5648,5310.5648,1035.4,0.19497,1,p:1.1.1.2.1.2
U7319,292,FUSE2,247987.1694,247987.1694,253899.2648,5912.0954,5912.0954,1035.4,0.175132,1,p:2.2.2.2.3.1
U7320,292,FUSE2,248103.1,248103.1,252190.0648,4086.9648,4086.9648,1035.4,0.253342,1,p:1.1.3.2.1.2
U7321,292,FUSE2,248219.1,248219.1,253588.4648,5369.3648,5369.3648,1035.4,0.192835,1,p:2.3.1.2.1.2
U7322,292,FUSE2,248297.9,248297.9,250986.4648,2688.5648,2688.5648,1035.4,0.385113,1,p:1.1.5.1.1.1
U7323,292,FUSE2,248335.1,248335.1,254171.6648,5836.5648,5836.5648,1035.4,0.177399,1,p:2.2.1.2.2.2
U6219,249,FUSE0,248452.7,248452.7,253822.0648,5369.3648,5369.3648,941.0,0.175254,1,p:1.1.1.2.2.2
U6220,249,FUSE0,248524.9882,248524.9882,251141.2648,2616.2766,2616.2766,941.0,0.359671,1,p:2.2.5.2.1.2
U6221,249,FUSE0,248627.5,248627.5,251336.0648,2708.5648,2708.5648,941.0,0.347416,1,p:1.1.5.1.1.1
U6222,249,FUSE0,248699.7882,248699.7882,254016.8648,5317.0766,5317.0766,941.0,0.176977,1,p:2.2.2.1.2.1
U6223,249,FUSE0,248802.3,248802.3,251956.4648,3154.1648,3154.1648,941.0,0.298336,1,p:1.1.4.1.3.2
U6224,249,FUSE0,248874.5882,248874.5882,253549.6648,4675.0766,4675.0766,941.0,0.20128,1,p:2.2.3.2.3.1
U6225,249,FUSE0,248958.9648,248958.9648,254832.0648,5873.1,5873.1,941.0,0.160222,1,p:1.3.1.1.1.1
U6226,249,FUSE0,248997.1,248997.1,252773.2648,3776.1648,3776.1648,941.0,0.249195,1,p:2.1.3.2.2.2
U6227,249,FUSE1,249074.9648,249074.9648,252035.2648,2960.3,2960.3,1003.0,0.338817,1,p:1.2.5.1.1.1
U6228,249,FUSE1,249153.7648,249153.7648,252306.0648,3152.3,3152.3,1003.0,0.31818,1,p:2.1.4.1.3.2
U6229,249,FUSE1,249190.9648,249190.9648,255297.6648,6106.7,6106.7,1003.0,0.164246,1,p:1.3.1.2.3.1
U6230,249,FUSE1,249269.7648,249269.7648,254753.2648,5483.5,5483.5,1003.0,0.182912,1,p:2.1.2.1.3.2
U6231,249,FUSE1,249308.5648,249308.5648,255802.0648,6493.5,6493.5,1003.0,0.154462,1,p:1.2.1.1.3.2
U6232,249,FUSE1,249385.7648,249385.7648,253667.2648,4281.5,4281.5,1003.0,0.234264,1,p:2.3.3.1.2.1
U6233,249,FUSE1,249424.5648,249424.5648,251724.4648,2299.9,2299.9,1003.0,0.436106,1,p:1.1.4.2.2.2
U6234,249,FUSE1,249503.3648,249503.3648,254403.6648,4900.3,4900.3,1003.0,0.204681,1,p:2.2.3.1.3.2
U6235,249,FUSE2,249540.5648,249540.5648,255102.8648,5562.3,5562.3,1035.4,0.186146,1,p:1.3.2.1.3.2
U6236,249,FUSE2,249619.3648,249619.3648,252500.8648,2881.5,2881.5,1035.4,0.359327,1,p:2.1.5.2.3.1
U6237,249,FUSE2,249658.1648,249658.1648,254521.2648,4863.1,4863.1,1035.4,0.212909,1,p:1.2.2.2.2.2
U6238,249,FUSE2,249735.3648,249735.3648,252384.8648,2649.5,2649.5,1035.4,0.390791,1,p:2.3.4.1.1.1
U6239,249,FUSE2,249774.1648,249774.1648,255336.4648,5562.3,5562.3,1035.4,0.186146,1,p:1.1.1.2.1.2
U6240,249,FUSE2,249852.9648,249852.9648,252734.4648,2881.5,2881.5,1035.4,0.359327,1,p:2.2.4.1.1.1
U6241,249,FUSE2,249890.1648,249890.1648,252618.4648,2728.3,2728.3,1035.4,0.379504,1,p:1.3.5.1.2.1
U6242,249,FUSE2,249968.9648,249968.9648,253938.0648,3969.1,3969.1,1035.4,0.260865,1,p:2.1.3.2.1.2
U6243,249,FUSE2,250007.7648,250007.7648,253200.0648,3192.3,3192.3,1035.4,0.324343,1,p:1.2.5.2.3.1
U2366,95,FUSE0,250084.9648,250084.9648,256501.2648,6416.3,6416.3,941.0,0.146658,1,p:2.3.1.1.3.2
U2367,95,FUSE0,250123.7648,250123.7648,255181.6648,5057.9,5057.9,941.0,0.186046,1,p:1.1.2.1.1.1
U2368,95,FUSE0,250202.5648,250202.5648,256230.4648,6027.9,6027.9,941.0,0.156107,1,p:2.2.1.1.1.1
U2369,95,FUSE0,250239.7648,250239.7648,254482.4648,4242.7,4242.7,941.0,0.221793,1,p:1.3.3.1.1.1
U2370,95,FUSE0,250318.5648,250318.5648,252968.0648,2649.5,2649.5,941.0,0.355161,1,p:2.1.4.1.2.1
U2371,95,FUSE0,250357.3648,250357.3648,253704.4648,3347.1,3347.1,941.0,0.281139,1,p:1.2.5.1.3.2
U2372,95,FUSE0,250434.5648,250434.5648,255647.2648,5212.7,5212.7,941.0,0.180521,1,p:2.3.2.2.3.1
U2373,95,FUSE0,250473.3648,250473.3648,254948.0648,4474.7,4474.7,941.0,0.210293,1,p:1.1.3.2.3.1
U2374,95,FUSE1,250552.1648,250552.1648,255764.8648,5212.7,5212.7,1003.0,0.192415,1,p:2.2.2.1.2.1
U2375,95,FUSE1,250589.3648,250589.3648,252889.2648,2299.9,2299.9,1003.0,0.436106,1,p:1.3.4.2.1.2
U2376,95,FUSE1,250668.1648,250668.1648,256696.0648,6027.9,6027.9,1003.0,0.166393,1,p:2.1.1.2.3.1
U2377,95,FUSE1,250706.9648,250706.9648,254054.0648,3347.1,3347.1,1003.0,0.299662,1,p:1.2.4.1.3.2
U2378,95,FUSE1,250784.1648,250784.1648,255065.6648,4281.5,4281.5,1003.0,0.234264,1,p:2.3.3.1.2.1
U2379,95,FUSE1,250822.9648,250822.9648,253122.8648,2299.9,2299.9,1003.0,0.436106,1,p:1.1.5.2.2.2
U2380,95,FUSE1,250901.7648,250901.7648,254986.8648,4085.1,4085.1,1003.0,0.245526,1,p:2.2.3.2.1.2
U2381,95,FUSE1,250938.9648,250938.9648,256850.8648,5911.9,5911.9,1003.0,0.169658,1,p:1.3.1.1.2.2
U2382,95,FUSE2,251017.7648,251017.7648,256114.4648,5096.7,5096.7,1035.4,0.203151,1,p:2.1.2.1.2.1
U2383,95,FUSE2,251056.5648,251056.5648,256734.8648,5678.3,5678.3,1035.4,0.182343,1,p:1.2.1.2.1.2
U2384,95,FUSE2,251133.7648,251133.7648,253783.2648,2649.5,2649.5,1035.4,0.390791,1,p:2.3.5.1.1.1
U2385,95,FUSE2,251172.5648,251172.5648,253472.4648,2299.9,2299.9,1035.4,0.450193,1,p:1.1.4.2.2.2
U2386,95,FUSE2,251251.3648,251251.3648,254132.8648,2881.5,2881.5,1035.4,0.359327,1,p:2.2.5.1.1.1
U2387,95,FUSE2,251288.5648,251288.5648,256151.6648,4863.1,4863.1,1035.4,0.212909,1,p:1.3.3.1.3.2
U2388,95,FUSE2,251367.3648,251367.3648,256035.6648,4668.3,4668.3,1035.4,0.221794,1,p:2.1.2.2.1.2
U7354,294,FUSE0,251406.1648,251406.1648,255570.0648,4163.9,4163.9,941.0,0.22599,1,p:1.2.3.2.2.2
U7355,294,FUSE0,251483.3648,251483.3648,254248.8648,2765.5,2765.5,941.0,0.340264,1,p:2.3.4.2.3.1
U7356,294,FUSE0,251522.1648,251522.1648,257919.6648,6397.5,6397.5,941.0,0.147089,1,p:1.1.1.1.3.1
U7357,294,FUSE0,251600.9648,251600.9648,254598.4648,2997.5,2997.5,941.0,0.313928,1,p:2.2.5.2.3.1
U7358,294,FUSE0,251638.1648,251638.1648,256269.2648,4631.1,4631.1,941.0,0.203191,1,p:1.3.2.2.2.2
U7359,294,FUSE0,251716.9648,251716.9648,254366.4648,2649.5,2649.5,941.0,0.355161,1,p:2.1.4.1.2.1
U7360,294,FUSE0,251755.7648,251755.7648,256966.8648,5211.1,5211.1,941.0,0.180576,1,p:1.2.2.1.1.2
U7361,294,FUSE0,251832.9648,251832.9648,257546.8648,5713.9,5713.9,941.0,0.164686,1,p:2.3.1.1.2.2
U7362,294,FUSE1,251871.7648,251871.7648,255919.6648,4047.9,4047.9,1003.0,0.247783,1,p:1.1.3.2.2.2
U7363,294,FUSE1,251950.5648,251950.5648,257662.8648,5712.3,5712.3,1003.0,0.175586,1,p:2.2.1.2.1.2
U7364,294,FUSE1,251987.7648,251987.7648,254287.6648,2299.9,2299.9,1003.0,0.436106,1,p:1.3.4.2.1.2
U7365,294,FUSE1,252066.5648,252066.5648,254716.0648,2649.5,2649.5,1003.0,0.378562,1,p:2.1.5.1.2.1
U7366,294,FUSE1,252105.3648,252105.3648,255452.4648,3347.1,3347.1,1003.0,0.299662,1,p:1.2.4.1.3.2
U7367,294,FUSE1,252182.5648,252182.5648,256580.0648,4397.5,4397.5,1003.0,0.228084,1,p:2.3.3.1.1.1
U7368,294,FUSE1,252221.3648,252221.3648,257430.8648,5209.5,5209.5,1003.0,0.192533,1,p:1.1.2.2.3.2
U7369,294,FUSE1,252300.1648,252300.1648,257082.8648,4782.7,4782.7,1003.0,0.209714,1,p:2.2.3.2.3.2
U7370,294,FUSE1,252337.3648,252337.3648,254637.2648,2299.9,2299.9,1003.0,0.436106,1,p:1.3.5.2.1.2
U7371,294,FUSE2,252416.1648,252416.1648,258822.8648,6406.7,6406.7,1035.4,0.161612,1,p:2.1.1.1.3.2
U7372,294,FUSE2,252454.9648,252454.9648,255415.2648,2960.3,2960.3,1035.4,0.349762,1,p:1.2.5.1.2.1
U7373,294,FUSE2,252532.1648,252532.1648,257778.8648,5246.7,5246.7,1035.4,0.197343,1,p:2.3.2.2.3.2
U7374,294,FUSE2,252570.9648,252570.9648,254870.8648,2299.9,2299.9,1035.4,0.450193,1,p:1.1.4.2.2.2
U7375,294,FUSE2,252649.7648,252649.7648,258474.8648,5825.1,5825.1,1035.4,0.177748,1,p:2.2.2.1.3.2
U7376,294,FUSE2,252686.9648,252686.9648,258037.2648,5350.3,5350.3,1035.4,0.193522,1,p:1.3.1.2.2.1
U7377,294,FUSE2,252765.7648,252765.7648,257198.8648,4433.1,4433.1,1035.4,0.233561,1,p:2.1.3.1.2.2
U7378,294,FUSE2,252804.5648,252804.5648,259518.8648,6714.3,6714.3,1035.4,0.154208,1,p:1.2.1.1.3.2
U7379,294,FUSE2,252881.7648,252881.7648,255220.4648,2338.7,2338.7,1035.4,0.442725,1,p:2.3.4.2.2.2
U3743,150,FUSE0,252920.5648,252920.5648,255531.2648,2610.7,2610.7,941.0,0.36044,1,p:1.1.5.1.1.1
U3744,150,FUSE0,252999.3648,252999.3648,258153.2648,5153.9,5153.9,941.0,0.18258,1,p:2.2.2.1.1.1
U3745,150,FUSE0,253036.5648,253036.5648,257104.4648,4067.9,4067.9,941.0,0.231323,1,p:1.3.3.2.1.1
U3746,150,FUSE0,253115.3648,253115.3648,255996.8648,2881.5,2881.5,941.0,0.326566,1,p:2.1.5.2.3.1
U3747,150,FUSE0,253154.1648,253154.1648,255686.0648,2531.9,2531.9,941.0,0.371658,1,p:1.2.5.2.1.2
U3748,150,FUSE0,253231.3648,253231.3648,255880.8648,2649.5,2649.5,941.0,0.355161,1,p:2.3.4.1.1.1
U3749,150,FUSE0,253270.1648,253270.1648,257803.6648,4533.5,4533.5,941.0,0.207566,1,p:1.1.3.1.1.1
U3750,150,FUSE0,253348.9648,253348.9648,256346.4648,2997.5,2997.5,941.0,0.313928,1,p:2.2.4.2.3.1
U3751,150,FUSE1,253386.1648,253386.1648,258736.4648,5350.3,5350.3,1003.0,0.187466,1,p:1.3.1.2.2.1
U3752,150,FUSE1,253464.9648,253464.9648,258618.8648,5153.9,5153.9,1003.0,0.19461,1,p:2.1.2.2.3.1
U3753,150,FUSE1,253503.7648,253503.7648,256464.0648,2960.3,2960.3,1003.0,0.338817,1,p:1.2.4.1.2.1
U3754,150,FUSE1,253580.9648,253580.9648,258269.2648,4688.3,4688.3,1003.0,0.213937,1,p:2.3.3.2.3.1
U3755,150,FUSE1,253619.7648,253619.7648,256831.8,3212.0352,3212.0352,1003.0,0.312263,1,p:1.1.5.1.3.1
U3756,150,FUSE1,253698.5648,253698.5648,258242.8648,4544.3,4544.3,1003.0,0.220716,1,p:2.2.3.1.2.2
U3757,150,FUSE1,253735.7648,253735.7648,259086.0648,5350.3,5350.3,1003.0,0.187466,1,p:1.3.1.2.2.1
U3758,150,FUSE1,253814.5648,253814.5648,258590.8648,4776.3,4776.3,1003.0,0.209995,1,p:2.1.2.1.2.2
U3759,150,FUSE2,253853.3648,253853.3648,258938.8648,5085.5,5085.5,1035.4,0.203598,1,p:1.2.2.1.2.2
U3760,150,FUSE2,253930.5648,253930.5648,257220.4648,3289.9,3289.9,1035.4,0.314721,1,p:2.3.5.1.3.1
U3761,150,FUSE2,253969.3648,253969.3648,256385.2648,2415.9,2415.9,1035.4,0.428577,1,p:1.1.4.2.1.2
U3762,150,FUSE2,254048.1648,254048.1648,256618.8648,2570.7,2570.7,1035.4,0.40277,1,p:2.2.5.2.2.2
U3763,150,FUSE2,254085.3648,254085.3648,259435.6648,5350.3,5350.3,1035.4,0.193522,1,p:1.3.1.2.2.1
U3764,150,FUSE2,254164.1648,254164.1648,258358.8648,4194.7,4194.7,1035.4,0.246835,1,p:2.1.3.2.1.2
U3765,150,FUSE2,254202.9648,254202.9648,260250.8648,6047.9,6047.9,1035.4,0.1712,1,p:1.2.1.1.1.1
U3766,150,FUSE2,254280.1648,254280.1648,257570.0648,3289.9,3289.9,1035.4,0.314721,1,p:2.3.4.1.3.1
U3767,150,FUSE2,254318.9648,254318.9648,259054.8648,4735.9,4735.9,1035.4,0.218628,1,p:1.1.2.2.1.2
U6595,264,FUSE0,254397.7648,254397.7648,256988.4648,2590.7,2590.7,941.0,0.363222,1,p:2.2.4.2.2.1
U6596,264,FUSE0,254434.9648,254434.9648,258852.4648,4417.5,4417.5,941.0,0.213016,1,p:1.3.3.1.1.1
U6597,264,FUSE0,254513.7648,254513.7648,257314.8648,2801.1,2801.1,941.0,0.335939,1,p:2.1.5.1.1.2
U6598,264,FUSE0,254552.5648,254552.5648,259318.0648,4765.5,4765.5,941.0,0.197461,1,p:1.2.3.2.3.1
U6599,264,FUSE0,254629.7648,254629.7648,260214.8648,5585.1,5585.1,941.0,0.168484,1,p:2.3.2.1.3.2
U6600,264,FUSE0,254668.5648,254668.5648,260910.8648,6242.3,6242.3,941.0,0.150746,1,p:1.1.1.1.3.2
U6601,264,FUSE0,254747.3648,254747.3648,259901.2648,5153.9,5153.9,941.0,0.18258,1,p:2.2.2.1.1.1
U6602,264,FUSE0,254784.5648,254784.5648,258126.8648,3342.3,3342.3,941.0,0.281543,1,p:1.3.5.1.3.2
U6603,264,FUSE1,254863.3648,254863.3648,257338.0648,2474.7,2474.7,1003.0,0.405302,1,p:2.1.4.2.2.1
U6604,264,FUSE1,254902.1648,254902.1648,257454.0648,2551.9,2551.9,1003.0,0.39304,1,p:1.2.5.2.1.1
U6605,264,FUSE1,254979.3648,254979.3648,260446.8648,5467.5,5467.5,1003.0,0.183448,1,p:2.3.1.2.1.2
U6606,264,FUSE1,255018.1648,255018.1648,259286.8648,4268.7,4268.7,1003.0,0.234966,1,p:1.1.3.1.2.2
U6607,264,FUSE1,255096.9648,255096.9648,260794.8648,5697.9,5697.9,1003.0,0.17603,1,p:2.2.1.2.1.2
U6608,264,FUSE1,255134.1648,255134.1648,260366.8648,5232.7,5232.7,1003.0,0.191679,1,p:1.3.2.2.3.1
U6609,264,FUSE1,255212.9648,255212.9648,257894.8648,2681.9,2681.9,1003.0,0.373989,1,p:2.1.4.1.2.2
U6610,264,FUSE1,255251.7648,255251.7648,260098.8648,4847.1,4847.1,1003.0,0.206928,1,p:1.2.2.2.1.2
U6611,264,FUSE2,255328.9648,255328.9648,259402.8648,4073.9,4073.9,1035.4,0.254154,1,p:2.3.3.2.1.2
U6612,264,FUSE2,255367.7648,255367.7648,257687.6648,2319.9,2319.9,1035.4,0.446312,1,p:1.1.5.2.2.1
U6613,264,FUSE2,255446.5648,255446.5648,259750.8648,4304.3,4304.3,1035.4,0.24055,1,p:2.2.3.2.1.2
U6614,264,FUSE2,255483.7648,255483.7648,258010.8648,2527.1,2527.1,1035.4,0.409719,1,p:1.3.4.2.1.2
U6615,264,FUSE2,255562.5648,255562.5648,261954.8648,6392.3,6392.3,1035.4,0.161976,1,p:2.1.1.1.3.2
U6616,264,FUSE2,255601.3648,255601.3648,259170.8648,3569.5,3569.5,1035.4,0.290069,1,p:1.2.4.1.3.2
U6617,264,FUSE2,255678.5648,255678.5648,258502.8648,2824.3,2824.3,1035.4,0.366604,1,p:2.3.5.1.1.1
U6618,264,FUSE2,255717.3648,255717.3648,260678.8648,4961.5,4961.5,1035.4,0.208687,1,p:1.1.2.1.2.2
U6146,246,FUSE0,255796.1648,255796.1648,258968.4648,3172.3,3172.3,941.0,0.29663,1,p:2.2.5.2.3.1
U6147,246,FUSE0,255833.3648,255833.3648,261183.6648,5350.3,5350.3,941.0,0.175878,1,p:1.3.1.2.2.1
U6148,246,FUSE0,255912.1648,255912.1648,259785.2648,3873.1,3873.1,941.0,0.242958,1,p:2.1.3.2.2.1
U6149,246,FUSE0,255950.9648,255950.9648,258706.8648,2755.9,2755.9,941.0,0.341449,1,p:1.2.5.2.1.2
U6150,246,FUSE0,256028.1648,256028.1648,261606.8648,5578.7,5578.7,941.0,0.168677,1,p:2.3.2.1.3.2
U6151,246,FUSE0,256066.9648,256066.9648,260834.0648,4767.1,4767.1,941.0,0.197395,1,p:1.1.2.2.2.1
U6152,246,FUSE0,256145.7648,256145.7648,260600.4648,4454.7,4454.7,941.0,0.211238,1,p:2.2.3.1.1.1
U6153,246,FUSE1,256182.9648,256182.9648,261998.8648,5815.9,5815.9,1003.0,0.172458,1,p:1.3.1.1.1.1
U6154,246,FUSE1,256261.7648,256261.7648,258386.8648,2125.1,2125.1,1003.0,0.471978,1,p:2.1.4.2.2.1
U6155,246,FUSE1,256300.5648,256300.5648,261066.0648,4765.5,4765.5,1003.0,0.210471,1,p:1.2.3.2.3.1
U6156,246,FUSE1,256377.7648,256377.7648,261649.2648,5271.5,5271.5,1003.0,0.190268,1,p:2.3.2.1.1.1
U6157,246,FUSE1,256416.5648,256416.5648,259866.8648,3450.3,3450.3,1003.0,0.290699,1,p:1.1.5.1.3.2
U6158,246,FUSE1,256495.3648,256495.3648,261490.8648,4995.5,4995.5,1003.0,0.200781,1,p:2.2.2.2.1.2
U6159,246,FUSE1,256532.5648,256532.5648,259202.0648,2669.5,2669.5,1003.0,0.375726,1,p:1.3.4.1.1.1
E001,354,FUSE0,256611.3648,256611.3648,262650.8648,6039.5,6039.5,941.0,0.155808,1,p:2.1.1.1.3.2
E002,354,FUSE0,256650.1648,256650.1648,259667.6648,3017.5,3017.5,941.0,0.311848,1,p:1.2.4.2.3.1
E003,354,FUSE0,256727.3648,256727.3648,259551.6648,2824.3,2824.3,941.0,0.33318,1,p:2.3.5.1.1.1
E004,354,FUSE0,256766.1648,256766.1648,261026.8648,4260.7,4260.7,941.0,0.220856,1,p:1.1.3.1.2.2
E005,354,FUSE0,256863.1,256863.1,261882.8648,5019.7648,5019.7648,941.0,0.187459,1,p:2.3.1.2.2.1
E006,354,FUSE0,256882.1648,256882.1648,259634.8648,2752.7,2752.7,941.0,0.341846,1,p:1.1.5.1.2.2
E007,354,FUSE1,256998.1648,256998.1648,261838.8648,4840.7,4840.7,1003.0,0.207201,1,p:2.2.2.2.1.2
E008,354,FUSE1,257019.7648,257019.7648,261142.8648,4123.1,4123.1,1003.0,0.243264,1,p:1.3.3.2.1.2
E009,354,FUSE1,257114.1648,257114.1648,260017.2648,2903.1,2903.1,1003.0,0.345493,1,p:2.1.4.2.3.1
E010,354,FUSE1,257135.7648,257135.7648,262232.4648,5096.7,5096.7,1003.0,0.196794,1,p:1.2.1.2.2.1
E011,354,FUSE1,257230.1648,257230.1648,260562.8648,3332.7,3332.7,1003.0,0.300957,1,p:2.3.5.1.3.2
E012,354,FUSE2,257251.7648,257251.7648,262418.8648,5167.1,5167.1,1035.4,0.200383,1,p:1.1.2.1.2.2
E013,354,FUSE2,257346.1648,257346.1648,262302.8648,4956.7,4956.7,1035.4,0.208889,1,p:2.2.3.1.3.2
E014,354,FUSE2,257369.3648,257369.3648,259982.8648,2613.5,2613.5,1035.4,0.396174,1,p:1.3.4.1.2.2
E015,354,FUSE2,257462.1648,257462.1648,262582.0648,5119.9,5119.9,1035.4,0.202231,1,p:2.1.1.2.2.1
E016,354,FUSE2,257485.3648,257485.3648,260330.8648,2845.5,2845.5,1035.4,0.363873,1,p:1.2.5.1.2.2
E017,354,FUSE2,257578.1648,257578.1648,262534.8648,4956.7,4956.7,1035.4,0.208889,1,p:2.3.2.2.1.2
U6160,246,FUSE2,257601.3648,257601.3648,261533.2648,3931.9,3931.9,1035.4,0.263333,1,p:1.1.3.2.2.1
U6161,246,FUSE2,257694.1648,257694.1648,260716.4648,3022.3,3022.3,1035.4,0.342587,1,p:2.2.4.2.3.1
U6162,246,FUSE2,257718.9648,257718.9648,263397.2648,5678.3,5678.3,1035.4,0.182343,1,p:1.3.1.1.1.1
U6163,246,FUSE2,257810.1648,257810.1648,261258.8648,3448.7,3448.7,1035.4,0.300229,1,p:2.1.5.1.3.2
U6164,246,FUSE2,257834.9648,257834.9648,263694.8648,5859.9,5859.9,1035.4,0.176692,1,p:1.2.2.1.3.2
U6165,246,FUSE2,257926.1648,257926.1648,262348.4648,4422.3,4422.3,1035.4,0.234132,1,p:2.3.3.1.1.1
U5400,216,FUSE0,257950.9648,257950.9648,260134.8648,2183.9,2183.9,941.0,0.430881,1,p:1.1.4.2.2.1
U5401,216,FUSE0,258042.1648,258042.1648,264042.8648,6000.7,6000.7,941.0,0.156815,1,p:2.2.1.1.3.2
U5402,216,FUSE0,258068.5648,258068.5648,260484.4648,2415.9,2415.9,941.0,0.389503,1,p:1.3.5.2.2.1
U5403,216,FUSE0,258158.1648,258158.1648,260950.0648,2791.9,2791.9,941.0,0.337046,1,p:2.1.4.1.1.1
U5404,216,FUSE0,258184.5648,258184.5648,262931.6648,4747.1,4747.1,941.0,0.198226,1,p:1.2.2.2.2.1
U5405,216,FUSE0,258274.1648,258274.1648,262814.0648,4539.9,4539.9,941.0,0.207273,1,p:2.3.3.2.3.1
U5406,216,FUSE0,258300.5648,258300.5648,264390.8648,6090.3,6090.3,941.0,0.154508,1,p:1.1.1.1.3.2
U5407,216,FUSE0,258390.1648,258390.1648,261415.6648,3025.5,3025.5,941.0,0.311023,1,p:2.2.5.2.3.1
U5408,216,FUSE1,258418.1648,258418.1648,261299.6648,2881.5,2881.5,1003.0,0.348083,1,p:1.3.4.1.1.1
U5409,216,FUSE1,258506.1648,258506.1648,263746.8648,5240.7,5240.7,1003.0,0.191387,1,p:2.1.2.1.1.1
U5410,216,FUSE1,258534.1648,258534.1648,262766.8648,4232.7,4232.7,1003.0,0.236965,1,p:1.2.3.1.2.2
U5411,216,FUSE1,258622.1648,258622.1648,261374.8648,2752.7,2752.7,1003.0,0.36437,1,p:2.3.5.1.2.2
U5412,216,FUSE1,258650.1648,258650.1648,263630.8648,4980.7,4980.7,1003.0,0.201377,1,p:1.1.1.2.2.1
U5413,216,FUSE1,258738.1648,258738.1648,261765.2648,3027.1,3027.1,1003.0,0.33134,1,p:2.2.4.2.3.1
U5414,216,FUSE1,258767.7648,258767.7648,264212.4648,5444.7,5444.7,1003.0,0.184216,1,p:1.3.2.2.3.1
U5415,216,FUSE1,258854.1648,258854.1648,262882.8648,4028.7,4028.7,1003.0,0.248964,1,p:2.1.3.2.1.2
U5416,216,FUSE2,258883.7648,258883.7648,262114.8648,3231.1,3231.1,1035.4,0.320448,1,p:1.2.5.2.3.1
U5417,216,FUSE2,258970.1648,258970.1648,263980.4648,5010.3,5010.3,1035.4,0.206654,1,p:2.3.1.2.2.1
U5418,216,FUSE2,258999.7648,258999.7648,261722.8648,2723.1,2723.1,1035.4,0.380228,1,p:1.1.4.1.2.2
U5419,216,FUSE2,259086.1648,259086.1648,264562.0648,5475.9,5475.9,1035.4,0.189083,1,p:2.2.2.2.3.1
U5420,216,FUSE2,259117.3648,259117.3648,263462.8648,4345.5,4345.5,1035.4,0.238269,1,p:1.3.3.1.2.2
U5421,216,FUSE2,259202.1648,259202.1648,262464.4648,3262.3,3262.3,1035.4,0.317383,1,p:2.1.5.2.3.1
U5422,216,FUSE2,259233.3648,259233.3648,264795.6648,5562.3,5562.3,1035.4,0.186146,1,p:1.2.1.1.1.1
U5423,216,FUSE2,259318.1648,259318.1648,262070.8648,2752.7,2752.7,1035.4,0.37614,1,p:2.3.4.1.2.2
U5424,216,FUSE2,259349.3648,259349.3648,264506.8648,5157.5,5157.5,1035.4,0.200756,1,p:1.1.2.1.2.2
U5294,212,FUSE0,259434.1648,259434.1648,263281.2648,3847.1,3847.1,941.0,0.2446,1,p:2.2.3.2.2.1
U5295,212,FUSE0,259466.9648,259466.9648,262998.8648,3531.9,3531.9,941.0,0.266429,1,p:1.3.5.1.3.2
U5296,212,FUSE0,259550.1648,259550.1648,264854.8648,5304.7,5304.7,941.0,0.17739,1,p:2.1.1.1.2.2
U5297,212,FUSE0,259582.9648,259582.9648,264096.4648,4513.5,4513.5,941.0,0.208486,1,p:1.2.3.1.1.1
U5298,212,FUSE0,259666.1648,259666.1648,262186.8648,2520.7,2520.7,941.0,0.373309,1,p:2.3.4.2.1.2
U5299,212,FUSE0,259698.9648,259698.9648,265434.8648,5735.9,5735.9,941.0,0.164054,1,p:1.1.2.1.3.2
U5300,212,FUSE0,259782.1648,259782.1648,262698.0648,2915.9,2915.9,941.0,0.322713,1,p:2.2.5.1.1.1
U5301,212,FUSE0,259816.5648,259816.5648,265782.8648,5966.3,5966.3,941.0,0.157719,1,p:1.3.1.1.3.2
U5302,212,FUSE1,259898.1648,259898.1648,264158.8648,4260.7,4260.7,1003.0,0.235407,1,p:2.1.3.1.2.2
U5303,212,FUSE1,259932.5648,259932.5648,263346.8648,3414.3,3414.3,1003.0,0.293764,1,p:1.2.4.1.3.2
U5304,212,FUSE1,260014.1648,260014.1648,263163.6648,3149.5,3149.5,1003.0,0.318463,1,p:2.3.5.2.3.1
U5305,212,FUSE1,260048.5648,260048.5648,264679.6648,4631.1,4631.1,1003.0,0.216579,1,p:1.1.2.2.2.1
U5306,212,FUSE1,260130.1648,260130.1648,265494.8648,5364.7,5364.7,1003.0,0.186963,1,p:2.2.1.1.1.1
U5307,212,FUSE1,260166.1648,260166.1648,264274.8648,4108.7,4108.7,1003.0,0.244116,1,p:1.3.3.2.1.2
U5308,212,FUSE1,260246.1648,260246.1648,263047.6648,2801.5,2801.5,1003.0,0.358022,1,p:2.1.4.1.1.1
U5309,212,FUSE1,260282.1648,260282.1648,263114.8648,2832.7,2832.7,1003.0,0.354079,1,p:1.2.5.1.2.2
U5310,212,FUSE1,260362.1648,260362.1648,265844.4648,5482.3,5482.3,1003.0,0.182952,1,p:2.3.1.1.1.1
U5311,212,FUSE2,260398.1648,260398.1648,265029.2648,4631.1,4631.1,1035.4,0.223575,1,p:1.1.2.2.2.1
U5312,212,FUSE2,260478.1648,260478.1648,264622.8648,4144.7,4144.7,1035.4,0.249813,1,p:2.2.3.2.1.2
U5313,212,FUSE2,260515.7648,260515.7648,263513.2648,2997.5,2997.5,1035.4,0.345421,1,p:1.3.4.2.3.1
U5314,212,FUSE2,260594.1648,260594.1648,263230.8648,2636.7,2636.7,1035.4,0.392688,1,p:2.1.5.2.1.2
U5315,212,FUSE2,260631.7648,260631.7648,266194.0648,5562.3,5562.3,1035.4,0.186146,1,p:1.2.1.1.1.1
U5316,212,FUSE2,260710.1648,260710.1648,265378.8648,4668.7,4668.7,1035.4,0.221775,1,p:2.3.2.2.2.1
U5317,212,FUSE2,260747.7648,260747.7648,264970.8648,4223.1,4223.1,1035.4,0.245175,1,p:1.1.3.2.1.2
U5318,212,FUSE2,260826.1648,260826.1648,263862.8648,3036.7,3036.7,1035.4,0.340962,1,p:2.2.4.2.3.1
U5319,212,FUSE2,260865.3648,260865.3648,263578.8648,2713.5,2713.5,1035.4,0.381574,1,p:1.3.5.2.1.2
U7922,317,FUSE0,260942.1648,260942.1648,266659.6648,5717.5,5717.5,941.0,0.164582,1,p:2.1.1.2.3.1
U7923,317,FUSE0,260981.3648,260981.3648,266310.0648,5328.7,5328.7,941.0,0.176591,1,p:1.2.2.2.3.1
U7924,317,FUSE0,261058.1648,261058.1648,266130.8648,5072.7,5072.7,941.0,0.185503,1,p:2.3.3.1.3.2
U7925,317,FUSE0,261097.3648,261097.3648,263810.8648,2713.5,2713.5,941.0,0.346785,1,p:1.1.4.1.2.2
U7926,317,FUSE0,261174.1648,261174.1648,266362.8648,5188.7,5188.7,941.0,0.181356,1,p:2.2.1.2.1.2
U7927,317,FUSE0,261214.9648,261214.9648,264738.8648,3523.9,3523.9,941.0,0.267034,1,p:1.3.5.1.3.2
U7928,317,FUSE0,261290.1648,261290.1648,266014.8648,4724.7,4724.7,941.0,0.199166,1,p:2.1.2.2.1.2
U7929,317,FUSE0,261330.9648,261330.9648,265960.4648,4629.5,4629.5,941.0,0.203262,1,p:1.2.3.2.3.1
U7930,317,FUSE1,261406.1648,261406.1648,263926.8648,2520.7,2520.7,1003.0,0.397905,1,p:2.3.4.2.1.2
U7931,317,FUSE1,261446.9648,261446.9648,267522.8648,6075.9,6075.9,1003.0,0.165078,1,p:1.1.1.1.3.2
U7932,317,FUSE1,261522.1648,261522.1648,264446.0648,2923.9,2923.9,1003.0,0.343035,1,p:2.2.5.1.1.1
U7933,317,FUSE1,261564.5648,261564.5648,267174.8648,5610.3,5610.3,1003.0,0.178778,1,p:1.3.2.1.3.2
U7934,317,FUSE1,261638.1648,261638.1648,265898.8648,4260.7,4260.7,1003.0,0.235407,1,p:2.1.3.1.2.2
U7935,317,FUSE1,261680.5648,261680.5648,265086.8648,3406.3,3406.3,1003.0,0.294454,1,p:1.2.4.1.3.2
U7936,317,FUSE1,261754.1648,261754.1648,266777.2648,5023.1,5023.1,1003.0,0.199677,1,p:2.3.1.2.2.1
U7937,317,FUSE1,261796.5648,261796.5648,264911.6648,3115.1,3115.1,1003.0,0.32198,1,p:1.1.5.2.3.1
U7938,317,FUSE2,261870.1648,261870.1648,266427.6648,4557.5,4557.5,1035.4,0.227186,1,p:2.2.2.2.2.1
U7939,317,FUSE2,261914.1648,261914.1648,266246.8648,4332.7,4332.7,1035.4,0.238973,1,p:1.3.3.1.2.2
U7940,317,FUSE2,261986.1648,261986.1648,264330.0648,2343.9,2343.9,1035.4,0.441742,1,p:2.1.4.2.2.1
U7941,317,FUSE2,262030.1648,262030.1648,267126.8648,5096.7,5096.7,1035.4,0.203151,1,p:1.2.1.2.2.1
U7942,317,FUSE2,262102.1648,262102.1648,265261.2648,3159.1,3159.1,1035.4,0.327752,1,p:2.3.5.2.3.1
U7943,317,FUSE2,262146.1648,262146.1648,267870.8648,5724.7,5724.7,1035.4,0.180865,1,p:1.1.2.1.3.2
U7944,317,FUSE2,262218.1648,262218.1648,267009.2648,4791.1,4791.1,1035.4,0.216109,1,p:2.2.3.2.3.1
U4067,163,FUSE0,262263.7648,262263.7648,265145.2648,2881.5,2881.5,941.0,0.326566,1,p:1.3.4.1.1.1
U4068,163,FUSE0,262334.1648,262334.1648,268058.0648,5723.9,5723.9,941.0,0.164398,1,p:2.1.1.2.3.1
U4069,163,FUSE0,262379.7648,262379.7648,265202.8648,2823.1,2823.1,941.0,0.333322,1,p:1.2.5.1.2.2
U4070,163,FUSE0,262450.1648,262450.1648,267708.4648,5258.3,5258.3,941.0,0.178955,1,p:2.3.2.2.3.1
U4071,163,FUSE0,262495.7648,262495.7648,265610.8648,3115.1,3115.1,941.0,0.302077,1,p:1.1.4.2.3.1
U4072,163,FUSE0,262566.1648,262566.1648,266710.8648,4144.7,4144.7,941.0,0.227037,1,p:2.2.3.2.1.2
U4073,163,FUSE1,262613.3648,262613.3648,267986.8648,5373.5,5373.5,1003.0,0.186657,1,p:1.3.1.1.2.2
U4074,163,FUSE1,262682.1648,262682.1648,265318.8648,2636.7,2636.7,1003.0,0.3804,1,p:2.1.5.2.1.2
U4075,163,FUSE1,262729.3648,262729.3648,267638.8648,4909.5,4909.5,1003.0,0.204298,1,p:1.2.2.1.2.2
U4076,163,FUSE1,262798.1648,262798.1648,265550.8648,2752.7,2752.7,1003.0,0.36437,1,p:2.3.4.1.2.2
U4077,163,FUSE1,262845.3648,262845.3648,267242.8648,4397.5,4397.5,1003.0,0.228084,1,p:1.1.3.1.1.1
U4078,163,FUSE1,262914.1648,262914.1648,268102.8648,5188.7,5188.7,1003.0,0.193305,1,p:2.2.1.2.1.2
U4079,163,FUSE1,262962.9648,262962.9648,266478.8648,3515.9,3515.9,1003.0,0.285275,1,p:1.3.5.1.3.2
U4080,163,FUSE2,263030.1648,263030.1648,268291.6648,5261.5,5261.5,1035.4,0.196788,1,p:2.1.2.1.1.1
U4081,163,FUSE2,263078.9648,263078.9648,265666.8648,2587.9,2587.9,1035.4,0.400093,1,p:1.2.4.2.1.2
U4082,163,FUSE2,263146.1648,263146.1648,267592.4648,4446.3,4446.3,1035.4,0.232868,1,p:2.3.3.1.1.1
U4083,163,FUSE2,263194.9648,263194.9648,269262.8648,6067.9,6067.9,1035.4,0.170636,1,p:1.1.1.1.3.2
U4084,163,FUSE2,263262.1648,263262.1648,265728.4648,2466.3,2466.3,1035.4,0.419819,1,p:2.2.5.2.2.1
U4085,163,FUSE2,263312.5648,263312.5648,268757.2648,5444.7,5444.7,1035.4,0.190167,1,p:1.3.2.2.3.1
U4086,163,FUSE2,263378.1648,263378.1648,266826.8648,3448.7,3448.7,1035.4,0.300229,1,p:2.1.4.1.3.2
U3418,137,FUSE0,263428.5648,263428.5648,267942.0648,4513.5,4513.5,941.0,0.208486,1,p:1.2.3.1.1.1
U3419,137,FUSE0,263494.1648,263494.1648,268525.2648,5031.1,5031.1,941.0,0.187037,1,p:2.3.1.2.2.1
U3420,137,FUSE0,263544.5648,263544.5648,266543.6648,2999.1,2999.1,941.0,0.313761,1,p:1.1.5.1.1.1
U3421,137,FUSE0,263610.1648,263610.1648,267754.8648,4144.7,4144.7,941.0,0.227037,1,p:2.2.3.2.1.2
U3422,137,FUSE0,263662.1648,263662.1648,268450.8648,4788.7,4788.7,941.0,0.196504,1,p:1.3.2.2.1.2
U3423,137,FUSE0,263726.1648,263726.1648,269456.4648,5730.3,5730.3,941.0,0.164215,1,p:2.1.1.2.3.1
U3424,137,FUSE0,263778.1648,263778.1648,266078.0648,2299.9,2299.9,941.0,0.409148,1,p:1.2.4.2.2.1
U3425,137,FUSE0,263842.1648,263842.1648,266594.8648,2752.7,2752.7,941.0,0.341846,1,p:2.3.5.1.2.2
U3426,137,FUSE1,263894.1648,263894.1648,268914.8648,5020.7,5020.7,1003.0,0.199773,1,p:1.1.3.1.3.2
U3427,137,FUSE1,263958.1648,263958.1648,269611.2648,5653.1,5653.1,1003.0,0.177425,1,p:2.2.2.1.3.2
U3428,137,FUSE1,264011.7648,264011.7648,269379.2648,5367.5,5367.5,1003.0,0.186865,1,p:1.3.1.1.2.2
U3429,137,FUSE1,264074.1648,264074.1648,266893.2648,2819.1,2819.1,1003.0,0.355787,1,p:2.1.4.1.1.1
U3430,137,FUSE1,264127.7648,264127.7648,266942.8648,2815.1,2815.1,1003.0,0.356293,1,p:1.2.5.1.2.2
U3431,137,FUSE1,264190.1648,264190.1648,268175.6648,3985.5,3985.5,1003.0,0.251662,1,p:2.3.3.2.2.1
U3432,137,FUSE1,264243.7648,264243.7648,268874.8648,4631.1,4631.1,1003.0,0.216579,1,p:1.1.2.2.2.1
U3433,137,FUSE1,264306.1648,264306.1648,269495.2648,5189.1,5189.1,1003.0,0.19329,1,p:2.2.1.2.1.2
U3434,137,FUSE2,264361.3648,264361.3648,267358.8648,2997.5,2997.5,1035.4,0.345421,1,p:1.3.4.2.3.1
U3435,137,FUSE2,264422.1648,264422.1648,267058.8648,2636.7,2636.7,1035.4,0.392688,1,p:2.1.5.2.1.2
U3436,137,FUSE2,264477.3648,264477.3648,268990.8648,4513.5,4513.5,1035.4,0.229401,1,p:1.2.3.1.1.1
U3437,137,FUSE2,264538.1648,264538.1648,269224.4648,4686.3,4686.3,1035.4,0.220942,1,p:2.3.2.2.2.1
U3438,137,FUSE2,264593.3648,264593.3648,269844.8648,5251.5,5251.5,1035.4,0.197163,1,p:1.1.1.2.1.2
U3439,137,FUSE2,264654.1648,264654.1648,267290.8648,2636.7,2636.7,1035.4,0.392688,1,p:2.2.4.1.2.2
U3440,137,FUSE2,264710.9648,264710.9648,268218.8648,3507.9,3507.9,1035.4,0.295162,1,p:1.3.5.1.3.2
U3441,137,FUSE2,264770.1648,264770.1648,269340.4648,4570.3,4570.3,1035.4,0.22655,1,p:2.1.3.1.1.1
U3442,137,FUSE2,264826.9648,264826.9648,269574.0648,4747.1,4747.1,1035.4,0.218112,1,p:1.2.2.2.2.1
U629,26,FUSE0,264886.1648,264886.1648,269923.6648,5037.5,5037.5,941.0,0.186799,1,p:2.3.1.2.2.1
U630,26,FUSE0,264942.9648,264942.9648,267406.8648,2463.9,2463.9,941.0,0.381915,1,p:1.1.4.2.1.2
U631,26,FUSE0,265002.1648,265002.1648,267476.4648,2474.3,2474.3,941.0,0.38031,1,p:2.2.5.2.2.1
U632,26,FUSE0,265060.5648,265060.5648,270738.8648,5678.3,5678.3,941.0,0.165719,1,p:1.3.1.1.1.1
U633,26,FUSE0,265118.1648,265118.1648,269806.0648,4687.9,4687.9,941.0,0.20073,1,p:2.1.3.2.3.1
U634,26,FUSE0,265176.5648,265176.5648,270505.2648,5328.7,5328.7,941.0,0.176591,1,p:1.2.2.2.3.1
U635,26,FUSE0,265234.1648,265234.1648,268566.8648,3332.7,3332.7,941.0,0.282354,1,p:2.3.4.1.3.2
U636,26,FUSE0,265292.5648,265292.5648,268407.6648,3115.1,3115.1,941.0,0.302077,1,p:1.1.5.2.3.1
U637,26,FUSE0,265350.1648,265350.1648,270777.6648,5427.5,5427.5,941.0,0.173376,1,p:2.2.1.1.2.2
U638,26,FUSE1,265410.1648,265410.1648,269728.8648,4318.7,4318.7,1003.0,0.232246,1,p:1.3.3.1.2.2
U639,26,FUSE1,265466.1648,265466.1648,270194.4648,4728.3,4728.3,1003.0,0.212127,1,p:2.1.2.2.1.2
U640,26,FUSE1,265526.1648,265526.1648,267826.0648,2299.9,2299.9,1003.0,0.436106,1,p:1.2.4.2.2.1
U641,26,FUSE1,265582.1648,265582.1648,268334.8648,2752.7,2752.7,1003.0,0.36437,1,p:2.3.5.1.2.2
U642,26,FUSE1,265642.1648,265642.1648,271708.8648,6066.7,6066.7,1003.0,0.165329,1,p:1.1.1.1.3.2
U643,26,FUSE1,265698.1648,265698.1648,270660.0648,4961.9,4961.9,1003.0,0.20214,1,p:2.2.3.1.3.2
U644,26,FUSE1,265759.7648,265759.7648,271359.2648,5599.5,5599.5,1003.0,0.179123,1,p:1.3.2.1.3.2
U645,26,FUSE1,265814.1648,265814.1648,268641.2648,2827.1,2827.1,1003.0,0.354781,1,p:2.1.4.1.1.1
U646,26,FUSE1,265875.7648,265875.7648,268682.8648,2807.1,2807.1,1003.0,0.357308,1,p:1.2.5.1.2.2
U647,26,FUSE2,265930.1648,265930.1648,271243.2648,5313.1,5313.1,1035.4,0.194877,1,p:2.3.1.2.1.2
U648,26,FUSE2,265991.7648,265991.7648,271009.6648,5017.9,5017.9,1035.4,0.206341,1,p:1.1.3.1.3.2
U649,26,FUSE2,266046.1648,266046.1648,270893.6648,4847.5,4847.5,1035.4,0.213595,1,p:2.2.2.2.1.2
U650,26,FUSE2,266109.3648,266109.3648,269106.8648,2997.5,2997.5,1035.4,0.345421,1,p:1.3.4.2.3.1
U651,26,FUSE2,266162.1648,266162.1648,268798.8648,2636.7,2636.7,1035.4,0.392688,1,p:2.1.5.2.1.2
U652,26,FUSE2,266225.3648,266225.3648,272408.0648,6182.7,6182.7,1035.4,0.167467,1,p:1.2.1.1.3.2
U653,26,FUSE2,266278.1648,266278.1648,270273.2648,3995.1,3995.1,1035.4,0.259167,1,p:2.3.3.2.2.1
U654,26,FUSE2,266341.3648,266341.3648,272058.4648,5717.1,5717.1,1035.4,0.181106,1,p:1.1.2.1.3.2
U655,26,FUSE2,266394.1648,266394.1648,269030.8648,2636.7,2636.7,1035.4,0.392688,1,p:2.2.4.1.2.2
U656,26,FUSE2,266458.9648,266458.9648,269960.8648,3501.9,3501.9,1035.4,0.295668,1,p:1.3.5.1.3.2
U6768,271,FUSE0,266510.1648,266510.1648,271671.6648,5161.5,5161.5,941.0,0.182311,1,p:2.1.1.2.2.1
U6769,271,FUSE0,266574.9648,266574.9648,271088.4648,4513.5,4513.5,941.0,0.208486,1,p:1.2.3.1.1.1
U6770,271,FUSE0,266626.1648,266626.1648,271322.0648,4695.9,4695.9,941.0,0.200388,1,p:2.3.2.2.2.1
U6771,271,FUSE0,266690.9648,266690.9648,269146.8648,2455.9,2455.9,941.0,0.383159,1,p:1.1.4.2.1.2
U6772,271,FUSE0,266742.1648,266742.1648,269690.0648,2947.9,2947.9,941.0,0.31921,1,p:2.2.5.1.1.1
U6773,271,FUSE0,266808.5648,266808.5648,272602.8648,5794.3,5794.3,941.0,0.162401,1,p:1.3.1.2.3.1
U6774,271,FUSE0,266858.1648,266858.1648,271554.0648,4695.9,4695.9,941.0,0.200388,1,p:2.1.3.2.3.1
U6775,271,FUSE0,266924.5648,266924.5648,272253.2648,5328.7,5328.7,941.0,0.176591,1,p:1.2.2.2.3.1
U6776,271,FUSE0,266974.1648,266974.1648,270310.4648,3336.3,3336.3,941.0,0.282049,1,p:2.3.4.1.3.2
U6777,271,FUSE1,267040.5648,267040.5648,270155.6648,3115.1,3115.1,1003.0,0.32198,1,p:1.1.5.2.3.1
U6778,271,FUSE1,267090.1648,267090.1648,272525.6648,5435.5,5435.5,1003.0,0.184528,1,p:2.2.1.1.2.2
U6779,271,FUSE1,267158.1648,267158.1648,271476.8648,4318.7,4318.7,1003.0,0.232246,1,p:1.3.3.1.2.2
U6780,271,FUSE1,267206.1648,267206.1648,271942.4648,4736.3,4736.3,1003.0,0.211769,1,p:2.1.2.2.1.2
U6781,271,FUSE1,267274.1648,267274.1648,270039.6648,2765.5,2765.5,1003.0,0.362683,1,p:1.2.4.1.1.1
U6782,271,FUSE1,267322.1648,267322.1648,270078.4648,2756.3,2756.3,1003.0,0.363894,1,p:2.3.5.1.2.2
U6783,271,FUSE1,267390.1648,267390.1648,273456.8648,6066.7,6066.7,1003.0,0.165329,1,p:1.1.1.1.3.2
U6784,271,FUSE1,267438.1648,267438.1648,271592.8648,4154.7,4154.7,1003.0,0.241413,1,p:2.2.3.2.1.2
U6785,271,FUSE1,267507.7648,267507.7648,273107.2648,5599.5,5599.5,1003.0,0.179123,1,p:1.3.2.1.3.2
U6786,271,FUSE2,267554.1648,267554.1648,270389.2648,2835.1,2835.1,1035.4,0.365208,1,p:2.1.4.1.1.1
U6787,271,FUSE2,267623.7648,267623.7648,270428.0648,2804.3,2804.3,1035.4,0.369219,1,p:1.2.5.1.2.2
U6788,271,FUSE2,267670.1648,267670.1648,272991.2648,5321.1,5321.1,1035.4,0.194584,1,p:2.3.1.2.1.2
U6789,271,FUSE2,267739.7648,267739.7648,272757.6648,5017.9,5017.9,1035.4,0.206341,1,p:1.1.3.1.3.2
U6790,271,FUSE2,267786.1648,267786.1648,272641.6648,4855.5,4855.5,1035.4,0.213243,1,p:2.2.2.2.1.2
U6791,271,FUSE2,267857.3648,267857.3648,270854.8648,2997.5,2997.5,1035.4,0.345421,1,p:1.3.4.2.3.1
U6792,271,FUSE2,267902.1648,267902.1648,271204.4648,3302.3,3302.3,1035.4,0.313539,1,p:2.1.5.2.3.1
U6793,271,FUSE2,267973.3648,267973.3648,274156.0648,6182.7,6182.7,1035.4,0.167467,1,p:1.2.1.1.3.2
U6794,271,FUSE2,268018.1648,268018.1648,272021.2648,4003.1,4003.1,1035.4,0.25865,1,p:2.3.3.2.2.1
U953,39,FUSE0,268089.3648,268089.3648,272720.4648,4631.1,4631.1,941.0,0.203191,1,p:1.1.2.2.2.1
U954,39,FUSE0,268134.1648,268134.1648,270544.0648,2409.9,2409.9,941.0,0.390473,1,p:2.2.4.2.1.2
U955,39,FUSE0,268206.9648,268206.9648,271127.2648,2920.3,2920.3,941.0,0.322227,1,p:1.3.5.1.2.2
U956,39,FUSE0,268250.1648,268250.1648,273419.6648,5169.5,5169.5,941.0,0.182029,1,p:2.1.1.2.2.1
U957,39,FUSE0,268322.9648,268322.9648,273224.8648,4901.9,4901.9,941.0,0.191966,1,p:1.2.2.1.2.2
U958,39,FUSE0,268366.1648,268366.1648,270622.8648,2256.7,2256.7,941.0,0.416981,1,p:2.3.4.2.2.1
U959,39,FUSE0,268438.9648,268438.9648,272836.4648,4397.5,4397.5,941.0,0.213985,1,p:1.1.3.1.1.1
U960,39,FUSE0,268482.1648,268482.1648,271438.0648,2955.9,2955.9,941.0,0.318346,1,p:2.2.5.1.1.1
U961,39,FUSE0,268556.5648,268556.5648,273690.4648,5133.9,5133.9,941.0,0.183291,1,p:1.3.1.2.1.2
U962,39,FUSE0,268598.1648,268598.1648,273340.8648,4742.7,4742.7,941.0,0.19841,1,p:2.1.2.2.1.2
U963,39,FUSE1,268672.5648,268672.5648,270972.4648,2299.9,2299.9,1003.0,0.436106,1,p:1.2.4.2.2.1
U964,39,FUSE1,268714.1648,268714.1648,273302.0648,4587.9,4587.9,1003.0,0.218619,1,p:2.3.3.2.3.1
U965,39,FUSE1,268788.5648,268788.5648,271903.6648,3115.1,3115.1,1003.0,0.32198,1,p:1.1.5.2.3.1
U966,39,FUSE1,268830.1648,268830.1648,274040.0648,5209.9,5209.9,1003.0,0.192518,1,p:2.2.1.2.1.2
U967,39,FUSE1,268906.1648,268906.1648,274505.6648,5599.5,5599.5,1003.0,0.179123,1,p:1.3.2.1.3.2
U968,39,FUSE1,268946.1648,268946.1648,271787.6648,2841.5,2841.5,1003.0,0.352983,1,p:2.1.4.1.1.1
U969,39,FUSE1,269022.1648,269022.1648,273651.6648,4629.5,4629.5,1003.0,0.216654,1,p:1.2.3.2.3.1
U970,39,FUSE1,269062.1648,269062.1648,271826.4648,2764.3,2764.3,1003.0,0.362841,1,p:2.3.5.1.2.2
U971,39,FUSE1,269138.1648,269138.1648,275435.2648,6297.1,6297.1,1003.0,0.15928,1,p:1.1.1.1.3.2
U972,39,FUSE1,269178.1648,269178.1648,273769.2648,4591.1,4591.1,1003.0,0.218466,1,p:2.2.2.2.2.1
U973,39,FUSE2,269255.7648,269255.7648,272137.2648,2881.5,2881.5,1035.4,0.359327,1,p:1.3.4.1.1.1
U974,39,FUSE2,269294.1648,269294.1648,273574.4648,4280.3,4280.3,1035.4,0.241899,1,p:2.1.3.1.2.2
U975,39,FUSE2,269371.7648,269371.7648,272176.0648,2804.3,2804.3,1035.4,0.369219,1,p:1.2.5.1.2.2
U976,39,FUSE2,269410.5648,269410.5648,274713.6882,5303.1234,5303.1234,1035.4,0.195243,1,p:2.3.1.2.1.1
U977,39,FUSE2,269487.7648,269487.7648,274584.4648,5096.7,5096.7,1035.4,0.203151,1,p:1.1.2.1.1.1
U978,39,FUSE2,269526.5648,269526.5648,272486.8648,2960.3,2960.3,1035.4,0.349762,1,p:2.2.4.1.1.1
U979,39,FUSE2,269605.3648,269605.3648,273924.0648,4318.7,4318.7,1035.4,0.239748,1,p:1.3.3.1.2.2
U980,39,FUSE2,269642.5648,269642.5648,272952.4648,3309.9,3309.9,1035.4,0.312819,1,p:2.1.5.2.3.1
U981,39,FUSE2,269721.3648,269721.3648,275319.2648,5597.9,5597.9,1035.4,0.184962,1,p:1.2.1.1.1.2
U6295,252,FUSE0,269760.1648,269760.1648,275087.2648,5327.1,5327.1,941.0,0.176644,1,p:2.3.2.2.3.2
U6296,252,FUSE0,269837.3648,269837.3648,272292.0648,2454.7,2454.7,941.0,0.383346,1,p:1.1.4.2.1.2
U6297,252,FUSE0,269876.1648,269876.1648,274836.2,4960.0352,4960.0352,941.0,0.189716,1,p:2.2.3.1.3.1
U6298,252,FUSE0,269954.9648,269954.9648,272875.2648,2920.3,2920.3,941.0,0.322227,1,p:1.3.5.1.2.2
U6299,252,FUSE0,269992.1648,269992.1648,275783.2648,5791.1,5791.1,941.0,0.162491,1,p:2.1.2.1.3.2
U6300,252,FUSE0,270070.9648,270070.9648,275551.2648,5480.3,5480.3,941.0,0.171706,1,p:1.2.1.1.2.2
U6301,252,FUSE0,270109.7648,270109.7648,272370.8648,2261.1,2261.1,941.0,0.416169,1,p:2.3.4.2.2.1
U6302,252,FUSE0,270186.9648,270186.9648,275224.8648,5037.9,5037.9,941.0,0.186784,1,p:1.1.3.1.3.1
U6303,252,FUSE0,270225.7648,270225.7648,273186.0648,2960.3,2960.3,941.0,0.317873,1,p:2.2.5.1.1.1
U6304,252,FUSE1,270304.5648,270304.5648,275574.4648,5269.9,5269.9,1003.0,0.190326,1,p:1.3.2.2.3.1
U6305,252,FUSE1,270341.7648,270341.7648,275342.4648,5000.7,5000.7,1003.0,0.200572,1,p:2.1.1.2.2.1
U6306,252,FUSE1,270420.5648,270420.5648,273806.4648,3385.9,3385.9,1003.0,0.296228,1,p:1.2.4.1.3.2
U6307,252,FUSE1,270459.3648,270459.3648,274971.2648,4511.9,4511.9,1003.0,0.222301,1,p:2.3.3.1.1.2
U6308,252,FUSE1,270536.5648,270536.5648,273535.6648,2999.1,2999.1,1003.0,0.334434,1,p:1.1.5.1.1.1
U6309,252,FUSE1,270575.3648,270575.3648,275667.2648,5091.9,5091.9,1003.0,0.19698,1,p:2.2.2.1.1.2
U6310,252,FUSE1,270654.1648,270654.1648,275808.0648,5153.9,5153.9,1003.0,0.19461,1,p:1.3.1.2.1.1
U6311,252,FUSE1,270691.3648,270691.3648,273070.0648,2378.7,2378.7,1003.0,0.421659,1,p:2.1.4.2.2.1
U6312,252,FUSE1,270770.1648,270770.1648,274623.2648,3853.1,3853.1,1003.0,0.26031,1,p:1.2.3.2.2.2
U6313,252,FUSE2,270808.9648,270808.9648,274001.2648,3192.3,3192.3,1035.4,0.324343,1,p:2.3.5.2.3.1
U6314,252,FUSE2,270886.1648,270886.1648,276273.6648,5387.5,5387.5,1035.4,0.192186,1,p:1.1.2.2.3.1
U6315,252,FUSE2,270924.9648,270924.9648,276041.6648,5116.7,5116.7,1035.4,0.202357,1,p:2.2.1.2.2.1
U6316,252,FUSE2,271003.7648,271003.7648,273885.2648,2881.5,2881.5,1035.4,0.359327,1,p:1.3.4.1.1.1
U6317,252,FUSE2,271040.9648,271040.9648,276131.2648,5090.3,5090.3,1035.4,0.203406,1,p:2.1.3.1.3.2
U6318,252,FUSE2,271119.7648,271119.7648,274350.8648,3231.1,3231.1,1035.4,0.320448,1,p:1.2.5.2.3.1
U6319,252,FUSE2,271158.5648,271158.5648,276247.2648,5088.7,5088.7,1035.4,0.20347,1,p:2.3.2.1.2.2
U6320,252,FUSE2,271235.7648,271235.7648,277523.2648,6287.5,6287.5,1035.4,0.164676,1,p:1.1.1.1.3.2
U6321,252,FUSE2,271274.5648,271274.5648,274234.8648,2960.3,2960.3,1035.4,0.349762,1,p:2.2.4.1.1.1
U6322,252,FUSE2,271353.3648,271353.3648,276479.2648,5125.9,5125.9,1035.4,0.201994,1,p:1.3.3.1.3.2
U2584,104,FUSE0,271390.5648,271390.5648,274739.2648,3348.7,3348.7,941.0,0.281005,1,p:2.1.5.2.3.2
U2585,104,FUSE0,271469.3648,271469.3648,277175.2648,5705.9,5705.9,941.0,0.164917,1,p:1.2.2.1.3.2
U2586,104,FUSE0,271508.1648,271508.1648,276595.2648,5087.1,5087.1,941.0,0.184978,1,p:2.3.1.2.2.2
U2587,104,FUSE0,271585.3648,271585.3648,274273.6648,2688.3,2688.3,941.0,0.350035,1,p:1.1.4.1.2.2
U2588,104,FUSE0,271624.1648,271624.1648,274118.8648,2494.7,2494.7,941.0,0.3772,1,p:2.2.5.2.2.1
U2589,104,FUSE0,271702.9648,271702.9648,276015.2648,4312.3,4312.3,941.0,0.218213,1,p:1.3.3.1.1.2
U2590,104,FUSE0,271740.1648,271740.1648,276740.8648,5000.7,5000.7,941.0,0.188174,1,p:2.1.2.1.2.1
U2591,104,FUSE0,271818.9648,271818.9648,276943.2648,5124.3,5124.3,941.0,0.183635,1,p:1.2.1.2.2.2
U2592,104,FUSE1,271857.7648,271857.7648,274389.6648,2531.9,2531.9,1003.0,0.396145,1,p:2.3.4.2.1.2
U2593,104,FUSE1,271934.9648,271934.9648,274468.4648,2533.5,2533.5,1003.0,0.395895,1,p:1.1.5.2.2.1
U2594,104,FUSE1,271973.7648,271973.7648,276623.2648,4649.5,4649.5,1003.0,0.215722,1,p:2.2.3.2.3.1
U2595,104,FUSE1,272052.5648,272052.5648,277090.4648,5037.9,5037.9,1003.0,0.199091,1,p:1.3.2.1.2.1
U2596,104,FUSE1,272089.7648,272089.7648,277557.4,5467.6352,5467.6352,1003.0,0.183443,1,p:2.1.1.1.1.1
U2597,104,FUSE1,272168.5648,272168.5648,274855.2648,2686.7,2686.7,1003.0,0.37332,1,p:1.2.4.1.2.2
U2598,104,FUSE1,272207.3648,272207.3648,275203.2648,2995.9,2995.9,1003.0,0.334791,1,p:2.3.5.1.2.2
U2599,104,FUSE1,272284.5648,272284.5648,276507.2648,4222.7,4222.7,1003.0,0.237526,1,p:1.1.3.1.1.1
U2600,104,FUSE2,272323.3648,272323.3648,277673.4,5350.0352,5350.0352,1035.4,0.193531,1,p:2.2.2.2.3.1
U2601,104,FUSE2,272402.1648,272402.1648,277407.2648,5005.1,5005.1,1035.4,0.206869,1,p:1.3.1.2.1.2
U2602,104,FUSE2,272439.3648,272439.3648,275108.8648,2669.5,2669.5,1035.4,0.387863,1,p:2.1.4.2.1.1
U2603,104,FUSE2,272518.1648,272518.1648,274992.8648,2474.7,2474.7,1035.4,0.418394,1,p:1.2.5.2.2.1
U2604,104,FUSE2,272556.9648,272556.9648,276856.8648,4299.9,4299.9,1035.4,0.240796,1,p:2.3.3.1.1.1
U2605,104,FUSE2,272634.1648,272634.1648,278026.2,5392.0352,5392.0352,1035.4,0.192024,1,p:1.1.2.2.3.1
U2606,104,FUSE2,272672.9648,272672.9648,277755.2648,5082.3,5082.3,1035.4,0.203727,1,p:2.2.1.2.1.2
U2607,104,FUSE2,272751.7648,272751.7648,275924.0648,3172.3,3172.3,1035.4,0.326388,1,p:1.3.4.2.3.1
U2608,104,FUSE2,272788.9648,272788.9648,275458.4648,2669.5,2669.5,1035.4,0.387863,1,p:2.1.5.2.1.1
U1559,63,FUSE0,272867.7648,272867.7648,276711.2648,3843.5,3843.5,941.0,0.244829,1,p:1.2.3.2.1.2
U1560,63,FUSE0,272906.5648,272906.5648,277910.2,5003.6352,5003.6352,941.0,0.188063,1,p:2.3.2.1.1.1
U1561,63,FUSE0,272983.7648,272983.7648,278731.8,5748.0352,5748.0352,941.0,0.163708,1,p:1.1.1.2.3.1
U1562,63,FUSE0,273022.5648,273022.5648,278219.2648,5196.7,5196.7,941.0,0.181076,1,p:2.2.3.1.3.2
U1563,63,FUSE0,273101.3648,273101.3648,275899.2648,2797.9,2797.9,941.0,0.336324,1,p:1.3.4.1.2.2
U1564,63,FUSE0,273138.5648,273138.5648,275692.0648,2553.5,2553.5,941.0,0.368514,1,p:2.1.5.2.2.1
U1565,63,FUSE0,273217.3648,273217.3648,278915.2648,5697.9,5697.9,941.0,0.165149,1,p:1.2.2.1.3.2
U1566,63,FUSE0,273256.1648,273256.1648,278847.8,5591.6352,5591.6352,941.0,0.168287,1,p:2.3.1.1.2.1
U1567,63,FUSE0,273333.3648,273333.3648,277789.6648,4456.3,4456.3,941.0,0.211162,1,p:1.1.3.1.2.1
U1568,63,FUSE1,273372.1648,273372.1648,278683.2648,5311.1,5311.1,1003.0,0.18885,1,p:2.2.1.2.2.2
U1569,63,FUSE1,273450.9648,273450.9648,278495.0,5044.0352,5044.0352,1003.0,0.198849,1,p:1.3.2.1.2.1
U1570,63,FUSE1,273488.1648,273488.1648,276827.2648,3339.1,3339.1,1003.0,0.30038,1,p:2.1.4.1.3.2
U1571,63,FUSE1,273566.9648,273566.9648,278142.2,4575.2352,4575.2352,1003.0,0.219224,1,p:1.2.3.1.2.1
U1572,63,FUSE1,273605.7648,273605.7648,276363.2648,2757.5,2757.5,1003.0,0.363735,1,p:2.3.5.1.1.2
U1573,63,FUSE1,273682.9648,273682.9648,279321.4,5638.4352,5638.4352,1003.0,0.177886,1,p:1.1.1.1.1.1
U1574,63,FUSE1,273721.7648,273721.7648,279147.2648,5425.5,5425.5,1003.0,0.184868,1,p:2.2.1.2.1.2
U1575,63,FUSE1,273800.5648,273800.5648,279084.6,5284.0352,5284.0352,1003.0,0.189817,1,p:1.3.2.2.3.1
U1576,63,FUSE1,273837.7648,273837.7648,278263.0,4425.2352,4425.2352,1003.0,0.226655,1,p:2.1.3.1.1.1
U1577,63,FUSE2,273916.5648,273916.5648,276157.6648,2241.1,2241.1,1035.4,0.462005,1,p:1.1.4.2.1.1
U1578,63,FUSE2,273955.3648,273955.3648,276972.8648,3017.5,3017.5,1035.4,0.343132,1,p:2.2.5.2.3.1
U1579,63,FUSE2,274032.5648,274032.5648,277322.4648,3289.9,3289.9,1035.4,0.314721,1,p:1.1.5.2.3.1
U1580,63,FUSE2,274071.3648,274071.3648,279437.4,5366.0352,5366.0352,1035.4,0.192954,1,p:2.2.2.2.3.1
U1581,63,FUSE2,274150.1648,274183.5648,279732.2,5582.0352,5582.0352,1035.4,0.185488,1,p:2.3.1.2.2.2
U1582,63,FUSE2,274187.3648,274187.3648,279200.6,5013.2352,5013.2352,1035.4,0.206533,1,p:1.1.2.2.2.1
U1583,63,FUSE2,274266.1648,274295.7648,280516.6,6250.4352,6250.4352,1035.4,0.165652,1,p:2.2.1.2.3.1
U1584,63,FUSE2,274304.9648,274331.2109,279616.2,5311.2352,5311.2352,1035.4,0.194945,1,p:1.2.3.1.3.2
U4622,185,FUSE0,274382.1648,274407.9648,278103.2648,3721.1,3721.1,941.0,0.252882,1,p:2.3.3.2.1.2
U4623,185,FUSE0,274420.9648,274471.9631,277871.2648,3450.3,3450.3,941.0,0.27273,1,p:1.1.4.1.3.2
U4624,185,FUSE0,274499.7648,274520.1648,280869.4,6369.6352,6369.6352,941.0,0.147732,1,p:2.2.1.2.3.1
U4625,185,FUSE0,274536.9648,274584.1631,276391.2648,1854.3,1854.3,941.0,0.507469,1,p:1.3.4.2.2.1
U4626,185,FUSE0,274615.7648,274632.3648,279811.0,5195.2352,5195.2352,941.0,0.181128,1,p:2.1.3.1.3.1
U4627,185,FUSE0,274654.5648,274696.3631,277059.2648,2404.7,2404.7,941.0,0.391317,1,p:1.2.5.2.1.2
U4628,185,FUSE0,274744.9882,274744.9882,277206.4648,2461.4766,2461.4766,941.0,0.382291,1,p:2.3.5.1.1.1
U4629,185,FUSE1,274770.5648,274808.5631,280985.4,6214.8352,6214.8352,1003.0,0.161388,1,p:1.1.1.1.2.1
U4630,185,FUSE1,274867.5,274867.5,279031.2648,4163.7648,4163.7648,1003.0,0.240888,1,p:2.2.3.2.2.2
U4631,185,FUSE1,274886.5648,274920.7631,279927.0,5040.4352,5040.4352,1003.0,0.198991,1,p:1.3.2.1.2.1
U4632,185,FUSE1,275002.5648,275002.5648,277291.2648,2288.7,2288.7,1003.0,0.43824,1,p:2.1.4.2.2.2
U4633,185,FUSE1,275024.1648,275032.9631,281733.0,6708.8352,6708.8352,1003.0,0.149504,1,p:1.2.1.1.3.2
U4634,185,FUSE1,275118.5648,275118.5648,277440.0648,2321.5,2321.5,1003.0,0.432048,1,p:2.3.4.1.2.1
U4635,185,FUSE1,275140.1648,275145.1631,279969.0,4828.8352,4828.8352,1003.0,0.207711,1,p:1.1.3.2.3.2
U4636,185,FUSE1,275234.5648,275234.5648,278379.0,3144.4352,3144.4352,1003.0,0.318976,1,p:2.2.5.2.3.1
U4637,185,FUSE2,275256.1648,275257.3631,278567.2648,3311.1,3311.1,1035.4,0.312706,1,p:1.3.5.1.3.2
U4638,185,FUSE2,275350.5648,275350.5648,281143.4,5792.8352,5792.8352,1035.4,0.178738,1,p:2.1.1.2.2.2
U4639,185,FUSE2,275373.7648,275373.7648,280047.8,4674.0352,4674.0352,1035.4,0.221522,1,p:1.2.2.2.1.1
U4640,185,FUSE2,275466.5648,275466.5648,279695.0,4228.4352,4228.4352,1035.4,0.244866,1,p:2.3.2.2.1.1
U4641,185,FUSE2,275489.7648,275489.7648,279263.2648,3773.5,3773.5,1035.4,0.274387,1,p:1.1.5.1.3.2
U4642,185,FUSE2,275582.5648,275582.5648,277987.2648,2404.7,2404.7,1035.4,0.430573,1,p:2.2.4.2.2.2
U4643,185,FUSE2,275605.7648,275605.7648,277639.2648,2033.5,2033.5,1035.4,0.509171,1,p:1.3.4.2.2.2
U4644,185,FUSE2,275698.5648,275698.5648,280085.0,4386.4352,4386.4352,1035.4,0.236046,1,p:2.1.3.2.2.2
U1128,46,FUSE0,275723.3648,275723.3648,280437.8,4714.4352,4714.4352,941.0,0.1996,1,p:1.2.2.2.2.2
U1129,46,FUSE0,275814.5648,275814.5648,279853.0,4038.4352,4038.4352,941.0,0.233011,1,p:2.3.3.1.1.2
U1130,46,FUSE0,275839.3648,275839.3648,282280.6,6441.2352,6441.2352,941.0,0.14609,1,p:1.1.1.2.3.1
U1131,46,FUSE0,275930.5648,275930.5648,281222.2,5291.6352,5291.6352,941.0,0.177828,1,p:2.2.2.2.3.1
U1132,46,FUSE0,275955.3648,275955.3648,281617.0,5661.6352,5661.6352,941.0,0.166206,1,p:1.3.1.1.1.2
U1133,46,FUSE0,276046.5648,276046.5648,280632.6,4586.0352,4586.0352,941.0,0.205188,1,p:2.1.3.1.2.1
U1134,46,FUSE0,276072.9648,276072.9648,278968.6,2895.6352,2895.6352,941.0,0.324972,1,p:1.2.5.1.1.1
U1135,46,FUSE0,276162.5648,276162.5648,278335.2648,2172.7,2172.7,941.0,0.433102,1,p:2.3.5.2.2.2
U1136,46,FUSE1,276188.9648,276188.9648,281338.2,5149.2352,5149.2352,1003.0,0.194786,1,p:1.1.2.1.2.1
U1137,46,FUSE1,276278.5648,276278.5648,278451.2648,2172.7,2172.7,1003.0,0.461638,1,p:2.2.4.2.1.2
U1138,46,FUSE1,276304.9648,276304.9648,278615.8,2310.8352,2310.8352,1003.0,0.434042,1,p:1.3.4.1.1.1
U1139,46,FUSE1,276394.5648,276394.5648,278799.2648,2404.7,2404.7,1003.0,0.4171,1,p:2.1.5.2.1.2
U1140,46,FUSE1,276422.5648,276422.5648,282164.6,5742.0352,5742.0352,1003.0,0.174677,1,p:1.2.1.2.1.1
U1141,46,FUSE1,276510.5648,276510.5648,282396.6,5886.0352,5886.0352,1003.0,0.170403,1,p:2.3.1.1.2.1
U1142,46,FUSE1,276538.5648,276538.5648,279379.2648,2840.7,2840.7,1003.0,0.353082,1,p:1.1.4.1.2.2
U1143,46,FUSE2,276626.5648,276626.5648,280753.4,4126.8352,4126.8352,1035.4,0.250894,1,p:2.2.3.2.1.1
U1144,46,FUSE2,276654.5648,276654.5648,280400.6,3746.0352,3746.0352,1035.4,0.276399,1,p:1.3.3.2.1.1
U1145,46,FUSE2,276742.5648,276742.5648,283495.5,6752.9352,6752.9352,1035.4,0.153326,1,p:2.1.1.1.3.2
U1146,46,FUSE2,276772.1648,276772.1648,282438.6,5666.4352,5666.4352,1035.4,0.182725,1,p:1.2.2.1.3.2
U1147,46,FUSE2,276858.5648,276858.5648,281106.2,4247.6352,4247.6352,1035.4,0.243759,1,p:2.3.2.2.1.1
U1148,46,FUSE2,276888.1648,276888.1648,282085.8,5197.6352,5197.6352,1035.4,0.199206,1,p:1.1.3.1.3.2
U1149,46,FUSE2,276974.5648,276974.5648,280163.8,3189.2352,3189.2352,1035.4,0.324655,1,p:2.2.5.2.3.1
U1150,46,FUSE2,277004.1648,277004.1648,279500.2,2496.0352,2496.0352,1035.4,0.414818,1,p:1.3.5.1.1.2
U4113,165,FUSE0,277090.5648,277090.5648,280321.8,3231.2352,3231.2352,941.0,0.29122,1,p:2.1.4.1.3.2
U4114,165,FUSE0,277121.7648,277121.7648,281849.0,4727.2352,4727.2352,941.0,0.199059,1,p:1.2.2.2.2.2
U4115,165,FUSE0,277206.5648,277206.5648,279553.4,2346.8352,2346.8352,941.0,0.400966,1,p:2.3.4.1.2.1
U4116,165,FUSE0,277237.7648,277237.7648,280279.8,3042.0352,3042.0352,941.0,0.309332,1,p:1.1.5.1.2.1
U4117,165,FUSE0,277322.5648,277322.5648,283688.7,6366.1352,6366.1352,941.0,0.147813,1,p:2.2.1.2.3.1
U4118,165,FUSE0,277353.7648,277353.7648,282910.7,5556.9352,5556.9352,941.0,0.169338,1,p:1.3.1.2.2.2
U4119,165,FUSE0,277438.5648,277438.5648,282322.6,4884.0352,4884.0352,941.0,0.192669,1,p:2.1.2.1.1.2
U4120,165,FUSE0,277471.3648,277471.3648,281969.8,4498.4352,4498.4352,941.0,0.209184,1,p:1.2.3.1.1.2
U4121,165,FUSE0,277554.5648,277554.5648,281496.2,3941.6352,3941.6352,941.0,0.238733,1,p:2.3.3.2.2.2
U4122,165,FUSE1,277588.7,277588.7,283727.5,6138.8,6138.8,1003.0,0.163387,1,p:1.1.1.1.2.2
U4123,165,FUSE1,277670.5648,277670.5648,280205.8,2535.2352,2535.2352,1003.0,0.395624,1,p:2.2.4.1.1.2
U4124,165,FUSE1,277704.7,277704.7,280674.6,2969.9,2969.9,1003.0,0.337722,1,p:1.3.4.1.3.2
U4125,165,FUSE1,277786.5648,277786.5648,282992.7,5206.1352,5206.1352,1003.0,0.192657,1,p:2.1.2.2.3.1
U4126,165,FUSE1,277820.9648,277820.9648,281380.2,3559.2352,3559.2352,1003.0,0.281802,1,p:1.2.5.1.3.2
U4127,165,FUSE1,277902.5648,277902.5648,281027.4,3124.8352,3124.8352,1003.0,0.320977,1,p:2.3.5.1.3.2
U4128,165,FUSE1,277941.5,277941.5,284075.5,6134.0,6134.0,1003.0,0.163515,1,p:1.1.1.1.2.2
U4129,165,FUSE1,278018.5648,278018.5648,282755.9,4737.3352,4737.3352,1003.0,0.211722,1,p:2.2.3.1.2.1
U4130,165,FUSE1,278057.5,278057.5,282639.9,4582.4,4582.4,1003.0,0.218881,1,p:1.3.3.2.3.1
U4131,165,FUSE2,278134.5648,278134.5648,280790.6,2656.0352,2656.0352,1035.4,0.389829,1,p:2.1.5.2.2.2
U4132,165,FUSE2,278173.5,278173.5,283959.5,5786.0,5786.0,1035.4,0.178949,1,p:1.2.1.2.1.2
U4133,165,FUSE2,278250.5648,278250.5648,280558.6,2308.0352,2308.0352,1035.4,0.448607,1,p:2.3.4.1.1.2
U4134,165,FUSE2,278294.3,278294.3,282523.9,4229.6,4229.6,1035.4,0.244799,1,p:1.1.3.2.1.1
U4135,165,FUSE2,278366.5648,278366.5648,282876.7,4510.1352,4510.1352,1035.4,0.229572,1,p:2.2.2.2.1.1
U4136,165,FUSE2,278410.3,278410.3,283108.7,4698.4,4698.4,1035.4,0.220373,1,p:1.3.2.1.2.1
U4137,165,FUSE2,278482.5648,278482.5648,285235.5,6752.9352,6752.9352,1035.4,0.153326,1,p:2.1.1.1.3.2
U4138,165,FUSE2,278526.3,278526.3,281575.0,3048.7,3048.7,1035.4,0.33962,1,p:1.2.4.2.3.1
U4139,165,FUSE2,278598.5648,278598.5648,280911.4,2312.8352,2312.8352,1035.4,0.447676,1,p:2.3.4.1.1.2
U4372,175,FUSE0,278647.1,278647.1,281691.0,3043.9,3043.9,941.0,0.309143,1,p:1.1.5.1.2.1
U4373,175,FUSE0,278714.5648,278714.5648,284191.5,5476.9352,5476.9352,941.0,0.171811,1,p:2.2.2.1.3.2
U4374,175,FUSE0,278763.1,278763.1,281264.2,2501.1,2501.1,941.0,0.376234,1,p:1.3.5.1.1.2
U4375,175,FUSE0,278830.5648,278830.5648,284616.7,5786.1352,5786.1352,941.0,0.16263,1,p:2.1.1.2.2.1
U4376,175,FUSE0,278879.1,278879.1,281927.8,3048.7,3048.7,941.0,0.308656,1,p:1.2.4.2.3.1
U4377,175,FUSE0,278946.5648,278946.5648,283843.5,4896.9352,4896.9352,941.0,0.192161,1,p:2.3.3.1.3.2
U4378,175,FUSE0,278999.9,278999.9,283572.7,4572.8,4572.8,941.0,0.205782,1,p:1.1.2.2.2.1
U4379,175,FUSE1,279062.5648,279062.5648,284964.7,5902.1352,5902.1352,1003.0,0.169938,1,p:2.2.1.2.2.1
U4380,175,FUSE1,279115.9,279115.9,283224.7,4108.8,4108.8,1003.0,0.24411,1,p:1.3.3.2.2.1
U4381,175,FUSE1,279178.5648,279178.5648,283804.7,4626.1352,4626.1352,1003.0,0.216812,1,p:2.1.3.1.1.1
U4382,175,FUSE1,279231.9,279231.9,284152.7,4920.8,4920.8,1003.0,0.203829,1,p:1.2.2.1.1.1
U4383,175,FUSE1,279294.5648,279294.5648,282043.8,2749.2352,2749.2352,1003.0,0.364829,1,p:2.3.5.1.2.1
U4384,175,FUSE1,279352.7,279352.7,285003.5,5650.8,5650.8,1003.0,0.177497,1,p:1.1.1.2.1.2
U4385,175,FUSE1,279410.5648,279410.5648,282794.7,3384.1352,3384.1352,1003.0,0.296383,1,p:2.2.4.1.3.2
U4386,175,FUSE2,279468.7,279468.7,281459.0,1990.3,1990.3,1035.4,0.520223,1,p:1.3.4.2.1.1
U4387,175,FUSE2,279531.5,279531.5,284732.7,5201.2,5201.2,1035.4,0.199069,1,p:2.1.2.2.3.1
U4388,175,FUSE2,279584.7,279584.7,283147.5,3562.8,3562.8,1035.4,0.290614,1,p:1.2.5.1.3.2
U4389,175,FUSE2,279647.5,279647.5,281811.8,2164.3,2164.3,1035.4,0.478399,1,p:2.3.5.2.1.1
U4390,175,FUSE2,279726.3,279726.3,282201.8,2475.5,2475.5,1035.4,0.418259,1,p:1.1.4.2.2.2
U4391,175,FUSE2,279763.5,279763.5,284423.5,4660.0,4660.0,1035.4,0.222189,1,p:2.2.3.1.2.2
U4392,175,FUSE2,279842.3,279842.3,284384.7,4542.4,4542.4,1035.4,0.227941,1,p:1.3.3.2.3.1
U4393,175,FUSE2,279884.3,279884.3,282554.6,2670.3,2670.3,1035.4,0.387747,1,p:2.1.5.2.2.2
U7781,311,FUSE0,279958.3,279958.3,285892.7,5934.4,5934.4,941.0,0.158567,1,p:1.2.1.1.1.1
U7782,311,FUSE0,280000.3,280000.3,285351.5,5351.2,5351.2,941.0,0.175848,1,p:2.3.1.2.1.2
U7783,311,FUSE0,280079.1,280079.1,282678.7,2599.6,2599.6,941.0,0.361979,1,p:1.1.4.1.1.2
U7784,311,FUSE0,280116.3,280116.3,284307.5,4191.2,4191.2,941.0,0.224518,1,p:2.2.3.2.1.2
U7785,311,FUSE0,280195.1,280195.1,284771.5,4576.4,4576.4,941.0,0.20562,1,p:1.3.2.1.2.2
U7786,311,FUSE0,280237.1,280237.1,283031.5,2794.4,2794.4,941.0,0.336745,1,p:2.1.5.1.1.2
U7787,311,FUSE0,280311.1,280311.1,285428.7,5117.6,5117.6,941.0,0.183875,1,p:1.2.2.2.3.1
U7788,311,FUSE0,280353.1,280353.1,284848.7,4495.6,4495.6,941.0,0.209316,1,p:2.3.2.1.1.1
U7789,311,FUSE1,280431.9,280431.9,284655.5,4223.6,4223.6,1003.0,0.237475,1,p:1.1.3.2.1.2
U7790,311,FUSE1,280469.1,280469.1,283456.7,2987.6,2987.6,1003.0,0.335721,1,p:2.2.5.1.1.1
U7791,311,FUSE1,280547.9,280547.9,286279.5,5731.6,5731.6,1003.0,0.174995,1,p:1.3.1.1.1.2
U7792,311,FUSE1,280589.9,280589.9,285467.5,4877.6,4877.6,1003.0,0.205634,1,p:2.1.2.1.2.2
U7793,311,FUSE1,280663.9,280663.9,283379.5,2715.6,2715.6,1003.0,0.369347,1,p:1.2.4.1.2.2
U7794,311,FUSE1,280705.9,280705.9,283340.7,2634.8,2634.8,1003.0,0.380674,1,p:2.3.4.2.3.1
U7795,311,FUSE1,280784.7,280784.7,284036.7,3252.0,3252.0,1003.0,0.308426,1,p:1.1.5.2.3.1
U7796,311,FUSE1,280821.9,280821.9,287091.5,6269.6,6269.6,1003.0,0.159978,1,p:2.2.1.2.3.2
U7797,311,FUSE2,280900.7,280900.7,286627.5,5726.8,5726.8,1035.4,0.180799,1,p:1.3.1.1.1.2
U7798,311,FUSE2,280942.7,280942.7,283263.5,2320.8,2320.8,1035.4,0.446139,1,p:2.1.4.2.1.2
U7799,311,FUSE2,281016.7,281016.7,285312.7,4296.0,4296.0,1035.4,0.241015,1,p:1.2.3.2.2.1
U7800,311,FUSE2,281058.7,281058.7,285931.5,4872.8,4872.8,1035.4,0.212486,1,p:2.3.3.1.3.2
U7801,311,FUSE2,281137.5,281137.5,287440.8648,6303.3648,6303.3648,1035.4,0.164261,1,p:1.1.1.2.3.2
U7802,311,FUSE2,281174.7,281174.7,286163.5,4988.8,4988.8,1035.4,0.207545,1,p:2.2.2.1.2.2
U7803,311,FUSE2,281253.5,281253.5,286047.5,4794.0,4794.0,1035.4,0.215978,1,p:1.3.2.2.3.2
U7804,311,FUSE2,281295.5,281295.5,284887.5,3592.0,3592.0,1035.4,0.288252,1,p:2.1.5.1.3.2
U7805,311,FUSE2,281369.5,281369.5,285660.7,4291.2,4291.2,1035.4,0.241284,1,p:1.2.3.2.2.1
U1175,48,FUSE0,281411.5,281411.5,283611.5,2200.0,2200.0,941.0,0.427727,1,p:2.3.5.2.1.2
U1176,48,FUSE0,281490.3,281490.3,283920.7,2430.4,2430.4,941.0,0.387179,1,p:1.1.4.2.2.1
U1177,48,FUSE0,281527.5,281527.5,286124.7,4597.2,4597.2,941.0,0.20469,1,p:2.2.2.2.1.1
U1178,48,FUSE0,281606.3,281606.3,284539.5,2933.2,2933.2,941.0,0.32081,1,p:1.3.4.1.3.2
U1179,48,FUSE0,281648.3,281648.3,286395.5,4747.2,4747.2,941.0,0.198222,1,p:2.1.3.2.3.2
U1180,48,FUSE0,281722.3,281722.3,288334.8648,6612.5648,6612.5648,941.0,0.142305,1,p:1.2.1.1.3.1
U1181,48,FUSE0,281764.3,281764.3,287170.0648,5405.7648,5405.7648,941.0,0.174073,1,p:2.3.1.2.1.1
U1182,48,FUSE0,281843.1,281843.1,286356.7,4513.6,4513.6,941.0,0.208481,1,p:1.1.2.2.2.1
U1183,48,FUSE1,281880.3,281880.3,286511.5,4631.2,4631.2,1003.0,0.216575,1,p:2.2.3.1.2.2
U1184,48,FUSE1,281959.1,281959.1,284268.7,2309.6,2309.6,1003.0,0.434274,1,p:1.3.5.2.2.1
U1185,48,FUSE1,282001.1,282001.1,287753.2648,5752.1648,5752.1648,1003.0,0.174369,1,p:2.1.1.2.2.1
U1186,48,FUSE1,282075.1,282075.1,286975.5,4900.4,4900.4,1003.0,0.204677,1,p:1.2.2.1.1.2
U1187,48,FUSE1,282117.1,282117.1,284500.7,2383.6,2383.6,1003.0,0.420792,1,p:2.3.4.1.1.1
U1188,48,FUSE1,282195.9,282195.9,286472.7,4276.8,4276.8,1003.0,0.234521,1,p:1.1.3.2.1.1
U1189,48,FUSE1,282233.1,282233.1,285196.7,2963.6,2963.6,1003.0,0.33844,1,p:2.2.5.1.1.1
U1190,48,FUSE1,282311.9,282311.9,285583.5,3271.6,3271.6,1003.0,0.306578,1,p:1.3.5.1.3.2
U1191,48,FUSE2,282353.9,282353.9,287208.8648,4854.9648,4854.9648,1035.4,0.213266,1,p:2.1.2.1.2.2
U1192,48,FUSE2,282427.9,282427.9,285119.5,2691.6,2691.6,1035.4,0.384678,1,p:1.2.4.1.2.2
U1193,48,FUSE2,282469.9,282469.9,285080.7,2610.8,2610.8,1035.4,0.396583,1,p:2.3.4.2.3.1
U1194,48,FUSE2,282555.2,282555.2,285544.7,2989.5,2989.5,1035.4,0.346346,1,p:1.1.5.1.1.1
U1195,48,FUSE2,282585.9,282585.9,288839.2648,6253.3648,6253.3648,1035.4,0.165575,1,p:2.2.1.2.3.2
U1196,48,FUSE2,282671.2,282671.2,288373.6648,5702.4648,5702.4648,1035.4,0.181571,1,p:1.3.1.1.1.2
U1197,48,FUSE2,282710.0,282710.0,285776.7,3066.7,3066.7,1035.4,0.337627,1,p:2.1.4.2.3.1
U5741,230,FUSE0,282787.2,282787.2,287054.0648,4266.8648,4266.8648,941.0,0.220537,1,p:1.2.3.2.2.1
U5742,230,FUSE0,282826.0,282826.0,287635.6648,4809.6648,4809.6648,941.0,0.195648,1,p:2.3.3.1.3.1
U5743,230,FUSE0,282908.0,282908.0,288956.8648,6048.8648,6048.8648,941.0,0.155566,1,p:1.1.1.1.2.2
U5744,230,FUSE0,282942.0,282942.0,287519.6648,4577.6648,4577.6648,941.0,0.205563,1,p:2.2.2.2.1.1
U5745,230,FUSE0,283024.0,283024.0,287558.4648,4534.4648,4534.4648,941.0,0.207522,1,p:1.3.2.1.2.2
U5746,230,FUSE0,283062.8,283062.8,286240.7,3177.9,3177.9,941.0,0.296107,1,p:2.1.4.1.3.1
U5747,230,FUSE0,283140.0,283140.0,286588.7,3448.7,3448.7,941.0,0.272856,1,p:1.2.5.1.3.1
U5748,230,FUSE0,283178.8,283178.8,285815.5,2636.7,2636.7,941.0,0.356886,1,p:2.3.5.1.2.2
U5749,230,FUSE1,283256.0,283256.0,288684.4648,5428.4648,5428.4648,1003.0,0.184767,1,p:1.1.2.1.3.1
U5750,230,FUSE1,283294.8,283294.8,285699.5,2404.7,2404.7,1003.0,0.4171,1,p:2.2.4.2.1.2
U5751,230,FUSE1,283372.0,283372.0,287674.4648,4302.4648,4302.4648,1003.0,0.233122,1,p:1.3.3.1.1.2
U5752,230,FUSE1,283410.8,283410.8,286008.7,2597.9,2597.9,1003.0,0.386081,1,p:2.1.5.2.2.1
U5753,230,FUSE1,283488.0,283488.0,289151.6648,5663.6648,5663.6648,1003.0,0.177094,1,p:1.2.1.2.2.1
U5754,230,FUSE1,283526.8,283526.8,288918.0648,5391.2648,5391.2648,1003.0,0.186042,1,p:2.3.1.2.1.1
U5755,230,FUSE1,283604.0,283604.0,286936.7,3332.7,3332.7,1003.0,0.300957,1,p:1.1.4.1.3.1
U5756,230,FUSE1,283642.8,283642.8,288257.6648,4614.8648,4614.8648,1003.0,0.217341,1,p:2.2.3.1.2.2
U5757,230,FUSE2,283720.0,283720.0,288140.0648,4420.0648,4420.0648,1035.4,0.23425,1,p:1.3.3.2.3.2
U5758,230,FUSE2,283758.8,283758.8,289501.2648,5742.4648,5742.4648,1035.4,0.180306,1,p:2.1.1.2.2.1
U5759,230,FUSE2,283836.0,283836.0,288723.2648,4887.2648,4887.2648,1035.4,0.211857,1,p:1.2.2.1.1.2
U5760,230,FUSE2,283874.8,283874.8,288102.8648,4228.0648,4228.0648,1035.4,0.244887,1,p:2.3.2.2.2.1
U5761,230,FUSE2,283952.0,283952.0,288607.2648,4655.2648,4655.2648,1035.4,0.222415,1,p:1.1.3.1.2.2
U5762,230,FUSE2,283990.8,283990.8,286704.7,2713.9,2713.9,1035.4,0.381517,1,p:2.2.5.2.2.1
U5763,230,FUSE2,284068.0,284068.0,287286.0648,3218.0648,3218.0648,1035.4,0.321746,1,p:1.3.5.1.3.1
U5764,230,FUSE2,284106.8,284106.8,289072.8648,4966.0648,4966.0648,1035.4,0.208495,1,p:2.1.2.1.1.2
U5765,230,FUSE2,284184.0,284184.0,286859.5,2675.5,2675.5,1035.4,0.386993,1,p:1.2.4.1.2.2
U7120,285,FUSE0,284222.8,284222.8,286743.5,2520.7,2520.7,941.0,0.373309,1,p:2.3.4.2.3.2
U7121,285,FUSE0,284300.0,284300.0,287324.8648,3024.8648,3024.8648,941.0,0.311088,1,p:1.1.5.1.1.2
U7122,285,FUSE0,284338.8,284338.8,289966.8648,5628.0648,5628.0648,941.0,0.167198,1,p:2.2.1.2.1.1
U7123,285,FUSE0,284416.0,284416.0,290237.6648,5821.6648,5821.6648,941.0,0.161638,1,p:1.3.1.2.3.2
U7124,285,FUSE0,284454.8,284454.8,286820.7,2365.9,2365.9,941.0,0.397734,1,p:2.1.4.2.1.1
U7125,285,FUSE0,284532.0,284532.0,288802.0648,4270.0648,4270.0648,941.0,0.220371,1,p:1.2.3.2.2.1
U7126,285,FUSE0,284570.8,284570.8,289383.6648,4812.8648,4812.8648,941.0,0.195518,1,p:2.3.3.1.3.1
U7127,285,FUSE0,284648.0,284648.0,290200.4648,5552.4648,5552.4648,941.0,0.169474,1,p:1.1.1.2.2.1
U7128,285,FUSE0,284686.8,284686.8,287985.2648,3298.4648,3298.4648,941.0,0.285284,1,p:2.2.4.1.3.1
U7129,285,FUSE1,284764.0,284764.0,289538.4648,4774.4648,4774.4648,1003.0,0.210076,1,p:1.3.2.2.3.2
U7130,285,FUSE1,284802.8,284802.8,289422.4648,4619.6648,4619.6648,1003.0,0.217115,1,p:2.1.3.1.1.2
U7131,285,FUSE1,284880.0,284880.0,291315.8,6435.8,6435.8,1003.0,0.155847,1,p:1.2.1.1.3.2
U7132,285,FUSE1,284918.8,284918.8,287790.4648,2871.6648,2871.6648,1003.0,0.349275,1,p:2.3.5.2.3.2
U7133,285,FUSE1,284996.0,284996.0,287403.6648,2407.6648,2407.6648,1003.0,0.416586,1,p:1.1.4.2.2.1
U7134,285,FUSE1,285034.8,285034.8,289617.2648,4582.4648,4582.4648,1003.0,0.218878,1,p:2.2.2.2.1.1
U7135,285,FUSE1,285112.0,285112.0,289656.0648,4544.0648,4544.0648,1003.0,0.220727,1,p:1.3.2.1.2.2
U7136,285,FUSE1,285150.8,285150.8,290847.0,5696.2,5696.2,1003.0,0.176082,1,p:2.1.1.2.1.2
U7137,285,FUSE1,285228.0,285228.0,287869.2648,2641.2648,2641.2648,1003.0,0.379742,1,p:1.2.5.2.1.1
U7138,285,FUSE2,285266.8,285266.8,287908.0648,2641.2648,2641.2648,1035.4,0.392009,1,p:2.3.5.1.2.2
U7139,285,FUSE2,285344.0,285344.0,290808.2,5464.2,5464.2,1035.4,0.189488,1,p:1.1.2.1.3.1
U7140,285,FUSE2,285382.8,285382.8,290005.6648,4622.8648,4622.8648,1035.4,0.223974,1,p:2.2.3.1.2.2
U7141,285,FUSE2,285460.0,285460.0,289888.0648,4428.0648,4428.0648,1035.4,0.233827,1,p:1.3.3.2.3.2
U7142,285,FUSE2,285498.8,285498.8,289034.0648,3535.2648,3535.2648,1035.4,0.292878,1,p:2.1.5.1.3.1
U7143,285,FUSE2,285576.0,285576.0,288489.6648,2913.6648,2913.6648,1035.4,0.35536,1,p:1.2.4.2.3.2
U7144,285,FUSE2,285614.8,285614.8,288024.0648,2409.2648,2409.2648,1035.4,0.429758,1,p:2.3.4.1.1.2
U7145,285,FUSE2,285692.0,285692.0,290316.4648,4624.4648,4624.4648,1035.4,0.223896,1,p:1.1.2.2.1.1
U7146,285,FUSE2,285730.8,285730.8,290355.2648,4624.4648,4624.4648,1035.4,0.223896,1,p:2.2.3.1.2.2
U8624,345,FUSE0,285808.0,285808.0,291397.8,5589.8,5589.8,941.0,0.168342,1,p:1.3.1.1.1.1
U8625,345,FUSE0,285846.8,285846.8,288218.8648,2372.0648,2372.0648,941.0,0.396701,1,p:2.1.4.2.1.1
U8626,345,FUSE0,285924.0,285924.0,292219.4,6295.4,6295.4,941.0,0.149474,1,p:1.2.1.2.3.1
U8627,345,FUSE0,285962.8,285962.8,291629.8,5667.0,5667.0,941.0,0.166049,1,p:2.3.1.1.2.1
U8628,345,FUSE0,286040.0,286040.0,290550.0648,4510.0648,4510.0648,941.0,0.208644,1,p:1.1.3.1.2.1
U8629,345,FUSE0,286078.8,286078.8,289188.8648,3110.0648,3110.0648,941.0,0.302566,1,p:2.2.5.2.3.2
U8630,345,FUSE0,286156.0,286156.0,288452.4648,2296.4648,2296.4648,941.0,0.40976,1,p:1.3.5.2.2.1
U8631,345,FUSE0,286194.8,286194.8,292103.4,5908.6,5908.6,941.0,0.159259,1,p:2.1.1.1.1.1
U8632,345,FUSE1,286272.0,286272.0,291161.0,4889.0,4889.0,1003.0,0.205154,1,p:1.2.3.2.3.1
U8633,345,FUSE1,286310.8,286310.8,290924.2,4613.4,4613.4,1003.0,0.21741,1,p:2.3.2.1.2.1
U8634,345,FUSE1,286388.0,286388.0,291513.8,5125.8,5125.8,1003.0,0.195677,1,p:1.1.2.2.3.1
U8635,345,FUSE1,286426.8,286426.8,292258.2,5831.4,5831.4,1003.0,0.172,1,p:2.2.1.2.1.2
U8636,345,FUSE1,286504.0,286504.0,288568.4648,2064.4648,2064.4648,1003.0,0.48584,1,p:1.3.4.2.1.1
U8637,345,FUSE1,286542.8,286542.8,291668.6,5125.8,5125.8,1003.0,0.195677,1,p:2.1.3.1.3.2
U8638,345,FUSE1,286620.0,286620.0,289267.6648,2647.6648,2647.6648,1003.0,0.378824,1,p:1.2.5.2.1.1
U8639,345,FUSE1,286658.8,286658.8,289306.4648,2647.6648,2647.6648,1003.0,0.378824,1,p:2.3.5.1.2.2
U8640,345,FUSE2,286736.0,286736.0,292809.0,6073.0,6073.0,1035.4,0.170492,1,p:1.1.1.1.1.1
U8641,345,FUSE2,286774.8,286774.8,290082.8648,3308.0648,3308.0648,1035.4,0.312993,1,p:2.2.4.1.3.1
U8642,345,FUSE2,286852.0,286852.0,289733.2648,2881.2648,2881.2648,1035.4,0.359356,1,p:1.3.4.1.3.1
U8643,345,FUSE2,286890.8,286890.8,290432.4648,3541.6648,3541.6648,1035.4,0.292348,1,p:2.1.5.1.3.1
U8644,345,FUSE2,286968.0,286968.0,292374.2,5406.2,5406.2,1035.4,0.191521,1,p:1.2.2.1.3.2
U8645,345,FUSE2,287006.8,287006.8,291866.6,4859.8,4859.8,1035.4,0.213054,1,p:2.3.2.2.3.1
U8646,345,FUSE2,287085.3648,287085.3648,289772.0648,2686.7,2686.7,1035.4,0.38538,1,p:1.1.4.1.1.2
U8647,345,FUSE2,287122.8,287122.8,291750.6,4627.8,4627.8,1035.4,0.223735,1,p:2.2.3.1.1.1
U5191,208,FUSE0,287201.3648,287201.3648,291199.8,3998.4352,3998.4352,941.0,0.235342,1,p:1.3.3.2.1.2
U5192,208,FUSE0,287240.1648,287240.1648,293785.4,6545.2352,6545.2352,941.0,0.143769,1,p:2.1.1.1.3.2
U5193,208,FUSE0,287317.3648,287317.3648,291905.4,4588.0352,4588.0352,941.0,0.205099,1,p:1.2.2.2.1.2
U5194,208,FUSE0,287356.1648,287356.1648,293277.8,5921.6352,5921.6352,941.0,0.158909,1,p:2.3.1.2.3.1
U5195,208,FUSE0,287434.9648,287434.9648,291784.6,4349.6352,4349.6352,941.0,0.21634,1,p:1.1.3.2.2.2
U5196,208,FUSE0,287472.1648,287472.1648,290587.2648,3115.1,3115.1,941.0,0.302077,1,p:2.2.5.2.3.2
U5197,208,FUSE0,287550.9648,287550.9648,290121.6648,2570.7,2570.7,941.0,0.366048,1,p:1.3.5.1.1.2
U5198,208,FUSE0,287589.7648,287589.7648,292137.4,4547.6352,4547.6352,941.0,0.206921,1,p:2.1.2.2.2.2
U5199,208,FUSE1,287666.9648,287666.9648,292572.2,4905.2352,4905.2352,1003.0,0.204475,1,p:1.2.3.2.3.1
U5200,208,FUSE1,287705.7648,287705.7648,289850.8648,2145.1,2145.1,1003.0,0.467577,1,p:2.3.4.2.2.1
U5201,208,FUSE1,287784.5648,287784.5648,290963.0,3178.4352,3178.4352,1003.0,0.315564,1,p:1.1.4.1.3.2
U5202,208,FUSE1,287821.7648,287821.7648,292925.0,5103.2352,5103.2352,1003.0,0.196542,1,p:2.2.2.2.3.1
U5203,208,FUSE1,287900.5648,287900.5648,293316.6,5416.0352,5416.0352,1003.0,0.185191,1,p:1.3.1.2.1.2
U5204,208,FUSE1,287939.3648,287939.3648,293079.8,5140.4352,5140.4352,1003.0,0.19512,1,p:2.1.3.1.3.2
U5205,208,FUSE1,288016.5648,288016.5648,290704.8648,2688.3,2688.3,1003.0,0.373098,1,p:1.2.5.2.2.2
U5206,208,FUSE1,288055.3648,288055.3648,290692.2,2636.8352,2636.8352,1003.0,0.38038,1,p:2.3.5.1.1.1
U5207,208,FUSE2,288134.1648,288134.1648,293041.0,4906.8352,4906.8352,1035.4,0.211012,1,p:1.1.2.1.2.1
U5208,208,FUSE2,288171.3648,288171.3648,294022.2,5850.8352,5850.8352,1035.4,0.176966,1,p:2.2.1.2.1.2
U5209,208,FUSE2,288250.1648,288250.1648,294491.0,6240.8352,6240.8352,1035.4,0.165907,1,p:1.3.1.1.3.2
U5210,208,FUSE2,288288.9648,288288.9648,291277.0,2988.0352,2988.0352,1035.4,0.346515,1,p:2.1.5.1.2.1
U5211,208,FUSE2,288366.1648,288366.1648,291045.0,2678.8352,2678.8352,1035.4,0.386511,1,p:1.2.4.1.1.1
U5212,208,FUSE2,288404.9648,288404.9648,290471.2648,2066.3,2066.3,1035.4,0.501089,1,p:2.3.4.2.1.2
U5213,208,FUSE2,288483.7648,288483.7648,294375.0,5891.2352,5891.2352,1035.4,0.175753,1,p:1.1.1.2.1.2
U5214,208,FUSE2,288520.9648,288520.9648,294138.2,5617.2352,5617.2352,1035.4,0.184326,1,p:2.2.2.1.3.2
U5215,208,FUSE2,288599.7648,288599.7648,293432.6,4832.8352,4832.8352,1035.4,0.214243,1,p:1.3.3.1.3.2
U2068,83,FUSE0,288638.5648,288638.5648,292021.4,3382.8352,3382.8352,941.0,0.278169,1,p:2.1.5.1.3.2
U2069,83,FUSE0,288715.7648,288715.7648,291079.0,2363.2352,2363.2352,941.0,0.398183,1,p:1.2.4.2.2.2
U2070,83,FUSE0,288754.5648,288754.5648,293630.6,4876.0352,4876.0352,941.0,0.192985,1,p:2.3.2.2.3.1
U2071,83,FUSE0,288833.3648,288833.3648,293195.8,4362.4352,4362.4352,941.0,0.215705,1,p:1.1.3.2.2.2
U2072,83,FUSE0,288870.5648,288870.5648,291552.6,2682.0352,2682.0352,941.0,0.350853,1,p:2.2.5.2.1.2
U2073,83,FUSE0,288949.3648,288949.3648,292963.8,4014.4352,4014.4352,941.0,0.234404,1,p:1.3.3.2.1.2
U2074,83,FUSE0,288988.1648,288988.1648,293867.4,4879.2352,4879.2352,941.0,0.192858,1,p:2.1.2.1.1.1
U2075,83,FUSE0,289065.3648,289065.3648,295157.8,6092.4352,6092.4352,941.0,0.154454,1,p:1.2.1.1.2.1
U2076,83,FUSE1,289104.1648,289104.1648,294607.0,5502.8352,5502.8352,1003.0,0.18227,1,p:2.3.1.2.2.2
U2077,83,FUSE1,289182.9648,289182.9648,292727.0,3544.0352,3544.0352,1003.0,0.283011,1,p:1.1.5.1.3.2
U2078,83,FUSE1,289220.1648,289220.1648,293901.4,4681.2352,4681.2352,1003.0,0.21426,1,p:2.2.2.2.2.2
U2079,83,FUSE1,289298.9648,289298.9648,291431.8,2132.8352,2132.8352,1003.0,0.470266,1,p:1.3.4.2.2.2
U2080,83,FUSE1,289337.7648,289337.7648,295747.4,6409.6352,6409.6352,1003.0,0.156483,1,p:2.1.1.2.3.1
U2081,83,FUSE1,289414.9648,289414.9648,294336.2,4921.2352,4921.2352,1003.0,0.203811,1,p:1.2.3.2.3.1
U2082,83,FUSE1,289453.7648,289453.7648,293746.6,4292.8352,4292.8352,1003.0,0.233645,1,p:2.3.3.1.2.1
U2083,83,FUSE1,289532.5648,289532.5648,294254.2,4721.6352,4721.6352,1003.0,0.212426,1,p:1.1.2.2.2.2
U2084,83,FUSE2,289569.7648,289569.7648,292335.4,2765.6352,2765.6352,1035.4,0.374381,1,p:2.2.4.1.2.1
U2085,83,FUSE2,289648.5648,289648.5648,291982.6,2334.0352,2334.0352,1035.4,0.443609,1,p:1.3.4.1.2.1
U2086,83,FUSE2,289687.3648,289687.3648,294452.2,4764.8352,4764.8352,1035.4,0.2173,1,p:2.1.3.1.2.1
U2087,83,FUSE2,289764.5648,289764.5648,292490.2,2725.6352,2725.6352,1035.4,0.379875,1,p:1.2.5.2.2.2
U2088,83,FUSE2,289803.3648,289803.3648,292456.2,2652.8352,2652.8352,1035.4,0.390299,1,p:2.3.5.1.1.1
U2089,83,FUSE2,289882.1648,289882.1648,292688.2,2806.0352,2806.0352,1035.4,0.36899,1,p:1.1.4.1.2.1
U2090,83,FUSE2,289919.3648,289919.3648,296336.6,6417.2352,6417.2352,1035.4,0.161347,1,p:2.2.1.2.3.1
U2091,83,FUSE2,289998.1648,289998.1648,295863.4,5865.2352,5865.2352,1035.4,0.176532,1,p:1.3.1.1.2.1
U7662,306,FUSE0,290036.9648,290036.9648,295041.8,5004.8352,5004.8352,941.0,0.188018,1,p:2.1.3.2.3.1
U7663,306,FUSE0,290114.1648,290114.1648,292843.0,2728.8352,2728.8352,941.0,0.344836,1,p:1.2.5.2.2.2
U7664,306,FUSE0,290152.9648,290152.9648,294805.0,4652.0352,4652.0352,941.0,0.202277,1,p:2.3.2.1.2.1
U7665,306,FUSE0,290231.7648,290231.7648,294959.8,4728.0352,4728.0352,941.0,0.199026,1,p:1.1.2.2.2.2
U7666,306,FUSE0,290268.9648,290268.9648,294727.8,4458.8352,4458.8352,941.0,0.211042,1,p:2.2.3.2.1.2
U7667,306,FUSE0,290347.7648,290347.7648,294925.8,4578.0352,4578.0352,941.0,0.205547,1,p:1.3.2.1.1.1
U7668,306,FUSE0,290386.5648,290386.5648,293393.8,3007.2352,3007.2352,941.0,0.312912,1,p:2.1.5.1.2.1
U7669,306,FUSE0,290463.7648,290463.7648,293161.8,2698.0352,2698.0352,941.0,0.348772,1,p:1.2.4.1.1.1
U7670,306,FUSE0,290502.5648,290502.5648,292611.0,2108.4352,2108.4352,941.0,0.446303,1,p:2.3.4.2.1.2
U7671,306,FUSE1,290581.3648,290581.3648,295278.6,4697.2352,4697.2352,1003.0,0.21353,1,p:1.1.3.1.1.1
U7672,306,FUSE1,290618.5648,290618.5648,293983.4,3364.8352,3364.8352,1003.0,0.298083,1,p:2.2.5.2.3.1
U7673,306,FUSE1,290723.5,290723.5,296139.0,5415.5,5415.5,1003.0,0.185209,1,p:1.3.1.2.1.2
U7674,306,FUSE1,290736.1648,290736.1648,293514.6,2778.4352,2778.4352,1003.0,0.360995,1,p:2.1.4.1.1.1
U7675,306,FUSE1,290839.5,290839.5,296100.2,5260.7,5260.7,1003.0,0.190659,1,p:1.2.2.2.3.1
U7676,306,FUSE1,290878.3,290878.3,295510.6,4632.3,4632.3,1003.0,0.216523,1,p:2.3.2.1.2.1
U7677,306,FUSE1,290955.5,290955.5,293669.4,2713.9,2713.9,1003.0,0.369579,1,p:1.1.5.2.1.2
U7678,306,FUSE1,290994.3,290994.3,297042.6,6048.3,6048.3,1003.0,0.165832,1,p:2.2.1.1.1.1
U7679,306,FUSE1,291076.3,291076.3,296491.8,5415.5,5415.5,1003.0,0.185209,1,p:1.3.1.2.1.2
U7680,306,FUSE2,291110.3,291110.3,296568.6,5458.3,5458.3,1035.4,0.189693,1,p:2.1.2.1.3.1
U7681,306,FUSE2,291192.3,291192.3,295665.4,4473.1,4473.1,1035.4,0.231473,1,p:1.2.3.2.2.2
U7682,306,FUSE2,291231.1,291231.1,295631.4,4400.3,4400.3,1035.4,0.235302,1,p:2.3.3.1.1.1
U7683,306,FUSE2,291308.3,291308.3,297158.6,5850.3,5850.3,1035.4,0.176982,1,p:1.1.1.2.2.1
U7684,306,FUSE2,291347.1,291347.1,294220.2,2873.1,2873.1,1035.4,0.360377,1,p:2.2.4.1.1.1
U7685,306,FUSE2,291429.1,291429.1,293548.6,2119.5,2119.5,1035.4,0.488511,1,p:1.3.4.2.2.2
U7686,306,FUSE2,291463.1,291463.1,296723.8,5260.7,5260.7,1035.4,0.196818,1,p:2.1.2.2.3.2
U7687,306,FUSE2,291545.1,291545.1,296216.2,4671.1,4671.1,1035.4,0.221661,1,p:1.2.3.1.2.1
U1426,58,FUSE0,291583.9,291583.9,294099.4,2515.5,2515.5,941.0,0.374081,1,p:2.3.5.1.2.1
U1427,58,FUSE0,291661.1,291661.1,294573.0,2911.9,2911.9,941.0,0.323157,1,p:1.1.5.1.1.1
U1428,58,FUSE0,291699.9,291699.9,294689.0,2989.1,2989.1,941.0,0.31481,1,p:2.2.4.2.3.1
U1429,58,FUSE0,291781.9,291781.9,294843.8,3061.9,3061.9,941.0,0.307326,1,p:1.3.5.1.3.2
U1430,58,FUSE0,291815.9,291815.9,296689.8,4873.9,4873.9,941.0,0.193069,1,p:2.1.2.1.1.1
U1431,58,FUSE0,291897.9,291897.9,296921.8,5023.9,5023.9,941.0,0.187305,1,p:1.2.3.1.3.1
U1432,58,FUSE0,291936.7,291936.7,297666.2,5729.5,5729.5,941.0,0.164238,1,p:2.3.1.1.2.2
U1433,58,FUSE0,292013.9,292013.9,295196.6,3182.7,3182.7,941.0,0.295661,1,p:1.1.4.1.3.2
U1434,58,FUSE0,292052.7,292052.7,296805.8,4753.1,4753.1,941.0,0.197976,1,p:2.2.2.2.2.1
U1435,58,FUSE1,292134.7,292134.7,298135.0,6000.3,6000.3,1003.0,0.167158,1,p:1.3.1.2.3.2
U1436,58,FUSE1,292168.7,292168.7,298685.8,6517.1,6517.1,1003.0,0.153903,1,p:2.1.1.1.3.1
U1437,58,FUSE1,292250.7,292250.7,295394.6,3143.9,3143.9,1003.0,0.319031,1,p:1.2.4.2.3.1
U1438,58,FUSE1,292289.5,292289.5,295549.4,3259.9,3259.9,1003.0,0.307678,1,p:2.3.5.1.3.2
U1439,58,FUSE1,292366.7,292366.7,297627.4,5260.7,5260.7,1003.0,0.190659,1,p:1.1.2.1.3.1
U1440,58,FUSE1,292405.5,292405.5,296844.6,4439.1,4439.1,1003.0,0.225947,1,p:2.2.3.2.1.2
U1441,58,FUSE1,292487.5,292487.5,297274.6,4787.1,4787.1,1003.0,0.209521,1,p:1.3.3.1.3.1
U1442,58,FUSE1,292521.5,292521.5,295902.2,3380.7,3380.7,1003.0,0.296684,1,p:2.1.4.1.3.2
U1443,58,FUSE2,292603.5,292603.5,295433.4,2829.9,2829.9,1035.4,0.365879,1,p:1.2.5.2.1.2
U1444,58,FUSE2,292642.3,292642.3,295080.6,2438.3,2438.3,1035.4,0.42464,1,p:2.3.5.2.1.2
U1445,58,FUSE2,292719.5,292719.5,297395.4,4675.9,4675.9,1035.4,0.221433,1,p:1.1.3.1.1.1
U1446,58,FUSE2,292758.3,292758.3,299391.4,6633.1,6633.1,1035.4,0.156096,1,p:2.2.1.1.3.1
U1447,58,FUSE2,292840.3,292840.3,298255.8,5415.5,5415.5,1035.4,0.191192,1,p:1.3.1.2.1.2
U1448,58,FUSE2,292874.3,292874.3,295984.2,3109.9,3109.9,1035.4,0.332937,1,p:2.1.5.1.1.1
U1449,58,FUSE2,292956.3,292956.3,298333.0,5376.7,5376.7,1035.4,0.192572,1,p:1.2.2.1.3.1
U1450,58,FUSE2,292995.1,292995.1,297782.2,4787.1,4787.1,1035.4,0.21629,1,p:2.3.2.2.3.2
U1451,58,FUSE2,293072.3,293072.3,297511.4,4439.1,4439.1,1035.4,0.233245,1,p:1.1.3.2.2.1
U7200,288,FUSE0,293111.1,293111.1,299159.4,6048.3,6048.3,941.0,0.155581,1,p:2.2.1.1.1.1
U7201,288,FUSE0,293193.1,293193.1,295312.6,2119.5,2119.5,941.0,0.443973,1,p:1.3.4.2.2.2
U7202,288,FUSE0,293227.1,293227.1,298101.0,4873.9,4873.9,941.0,0.193069,1,p:2.1.2.1.1.1
U7203,288,FUSE0,293309.1,293309.1,295786.2,2477.1,2477.1,941.0,0.37988,1,p:1.2.4.2.1.2
U7204,288,FUSE0,293347.9,293347.9,296255.0,2907.1,2907.1,941.0,0.32369,1,p:2.3.4.1.3.2
U7205,288,FUSE0,293425.1,293425.1,298019.0,4593.9,4593.9,941.0,0.204837,1,p:1.1.3.1.2.2
U7206,288,FUSE0,293463.9,293463.9,298217.0,4753.1,4753.1,941.0,0.197976,1,p:2.2.2.2.2.1
U7207,288,FUSE1,293545.9,293545.9,296018.2,2472.3,2472.3,1003.0,0.405695,1,p:1.3.5.2.2.2
U7208,288,FUSE1,293579.9,293579.9,296607.8,3027.9,3027.9,1003.0,0.331253,1,p:2.1.5.1.2.2
U7209,288,FUSE1,293661.9,293661.9,298487.8,4825.9,4825.9,1003.0,0.207837,1,p:1.2.3.2.3.2
U7210,288,FUSE1,293700.7,293700.7,299275.4,5574.7,5574.7,1003.0,0.17992,1,p:2.3.1.2.2.1
U7211,288,FUSE1,293777.9,293777.9,298569.8,4791.9,4791.9,1003.0,0.209312,1,p:1.1.2.2.2.1
U7212,288,FUSE1,293816.7,293816.7,296371.0,2554.3,2554.3,1003.0,0.392671,1,p:2.2.4.2.2.2
U7213,288,FUSE1,293898.7,293898.7,296452.6,2553.9,2553.9,1003.0,0.392733,1,p:1.3.4.1.1.1
U7214,288,FUSE2,293932.7,293932.7,299038.6,5105.9,5105.9,1035.4,0.202785,1,p:2.1.3.1.3.1
U7215,288,FUSE2,294014.7,294014.7,300251.8,6237.1,6237.1,1035.4,0.166007,1,p:1.2.1.2.3.2
U7216,288,FUSE2,294053.5,294053.5,299783.0,5729.5,5729.5,1035.4,0.180714,1,p:2.3.1.1.2.2
U7217,288,FUSE2,294130.7,294130.7,296960.6,2829.9,2829.9,1035.4,0.365879,1,p:1.1.4.1.2.2
U7218,288,FUSE2,294169.5,294169.5,297313.4,3143.9,3143.9,1035.4,0.329336,1,p:2.2.5.1.2.2
U7219,288,FUSE2,294251.5,294251.5,297076.6,2825.1,2825.1,1035.4,0.3665,1,p:1.3.5.2.3.2
U357,15,FUSE0,294285.5,294285.5,299744.2,5458.7,5458.7,941.0,0.172385,1,p:2.1.2.1.3.1
U358,15,FUSE0,294367.5,294367.5,300802.6,6435.1,6435.1,941.0,0.146229,1,p:1.2.1.1.3.1
U359,15,FUSE0,294406.3,294406.3,299193.4,4787.1,4787.1,941.0,0.19657,1,p:2.3.2.2.3.2
U360,15,FUSE0,294483.5,294483.5,298922.6,4439.1,4439.1,941.0,0.21198,1,p:1.1.3.2.2.1
U361,15,FUSE0,294522.3,294522.3,297197.4,2675.1,2675.1,941.0,0.351763,1,p:2.2.5.2.1.2
U362,15,FUSE0,294604.3,294604.3,298806.6,4202.3,4202.3,941.0,0.223925,1,p:1.3.3.1.1.1
U363,15,FUSE0,294638.3,294638.3,300570.6,5932.3,5932.3,941.0,0.158623,1,p:2.1.1.1.1.1
U364,15,FUSE0,294720.3,294720.3,299430.2,4709.9,4709.9,941.0,0.199792,1,p:1.2.3.1.2.2
U365,15,FUSE1,294759.1,294759.1,297429.4,2670.3,2670.3,1003.0,0.375613,1,p:2.3.4.2.3.2
U366,15,FUSE1,294836.3,294836.3,297980.2,3143.9,3143.9,1003.0,0.319031,1,p:1.1.4.1.3.1
U367,15,FUSE1,294875.1,294875.1,300686.6,5811.5,5811.5,1003.0,0.172589,1,p:2.2.1.2.2.1
U368,15,FUSE1,294957.1,294957.1,299512.2,4555.1,4555.1,1003.0,0.220193,1,p:1.3.2.1.1.1
U369,15,FUSE1,294991.1,294991.1,299899.0,4907.9,4907.9,1003.0,0.204364,1,p:2.1.3.2.3.2
U370,15,FUSE1,295073.1,295073.1,297864.2,2791.1,2791.1,1003.0,0.359357,1,p:1.2.5.2.2.1
U371,15,FUSE1,295111.9,295111.9,297748.2,2636.3,2636.3,1003.0,0.380457,1,p:2.3.5.1.1.1
U372,15,FUSE1,295189.1,295189.1,301189.4,6000.3,6000.3,1003.0,0.167158,1,p:1.1.1.1.2.2
U373,15,FUSE2,295227.9,295227.9,300135.8,4907.9,4907.9,1035.4,0.210966,1,p:2.2.2.1.2.2
U374,15,FUSE2,295309.9,295309.9,299628.2,4318.3,4318.3,1035.4,0.23977,1,p:1.3.2.2.2.1
U375,15,FUSE2,295343.9,295343.9,298371.8,3027.9,3027.9,1035.4,0.341953,1,p:2.1.5.1.2.2
U376,15,FUSE2,295425.9,295425.9,297903.0,2477.1,2477.1,1035.4,0.417989,1,p:1.2.4.2.1.2
U377,15,FUSE2,295464.7,295464.7,297550.2,2085.5,2085.5,1035.4,0.496476,1,p:2.3.4.2.1.2
U378,15,FUSE2,295541.9,295541.9,300333.8,4791.9,4791.9,1035.4,0.216073,1,p:1.1.2.2.2.1
U379,15,FUSE2,295580.7,295580.7,300019.8,4439.1,4439.1,1035.4,0.233245,1,p:2.2.3.2.1.2
U380,15,FUSE2,295662.7,295662.7,300449.8,4787.1,4787.1,1035.4,0.21629,1,p:1.3.3.1.3.1
U1637,66,FUSE0,295696.7,295696.7,298840.6,3143.9,3143.9,941.0,0.29931,1,p:2.1.5.2.3.2
U1638,66,FUSE0,295778.7,295778.7,298453.8,2675.1,2675.1,941.0,0.351763,1,p:1.2.4.1.1.1
U1639,66,FUSE0,295817.5,295817.5,301614.6,5797.1,5797.1,941.0,0.162323,1,p:2.3.1.2.3.1
U1640,66,FUSE0,295894.7,295894.7,301885.4,5990.7,5990.7,941.0,0.157077,1,p:1.1.1.1.2.2
U1641,66,FUSE0,295933.5,295933.5,298608.6,2675.1,2675.1,941.0,0.351763,1,p:2.2.5.2.1.2
U1642,66,FUSE0,296015.5,296015.5,301498.6,5483.1,5483.1,941.0,0.171618,1,p:1.3.1.2.1.1
U1643,66,FUSE0,296049.5,296049.5,298724.6,2675.1,2675.1,941.0,0.351763,1,p:2.1.4.1.2.2
U1644,66,FUSE0,296131.5,296131.5,300725.4,4593.9,4593.9,941.0,0.204837,1,p:1.2.2.2.1.2
U1645,66,FUSE0,296170.3,296170.3,300918.6,4748.3,4748.3,941.0,0.198176,1,p:2.3.2.2.3.1
U1646,66,FUSE1,296247.5,296247.5,298961.4,2713.9,2713.9,1003.0,0.369579,1,p:1.1.5.2.1.2
U1647,66,FUSE1,296286.3,296286.3,299077.4,2791.1,2791.1,1003.0,0.359357,1,p:2.2.4.1.2.2
U1648,66,FUSE1,296367.9,296367.9,300372.6,4004.7,4004.7,1003.0,0.250456,1,p:1.3.3.2.1.2
U1649,66,FUSE1,296402.3,296402.3,301305.4,4903.1,4903.1,1003.0,0.204564,1,p:2.1.2.1.1.2
U1650,66,FUSE1,296483.9,296483.9,302426.6,5942.7,5942.7,1003.0,0.168779,1,p:1.2.1.2.2.1
U1651,66,FUSE1,296523.1,296523.1,302349.4,5826.3,5826.3,1003.0,0.17215,1,p:2.3.1.1.1.2
U1652,66,FUSE1,296599.9,296599.9,299546.2,2946.3,2946.3,1003.0,0.340427,1,p:1.1.4.2.3.2
U1653,66,FUSE1,296639.1,296639.1,301034.6,4395.5,4395.5,1003.0,0.228188,1,p:2.2.3.2.2.1
U1654,66,FUSE1,296721.1,296721.1,300957.4,4236.3,4236.3,1003.0,0.236763,1,p:1.3.3.1.1.2
U1655,66,FUSE2,296755.1,296755.1,302929.4,6174.3,6174.3,1035.4,0.167695,1,p:2.1.1.1.2.2
U1656,66,FUSE2,296837.1,296837.1,299865.0,3027.9,3027.9,1035.4,0.341953,1,p:1.2.5.1.1.1
U1657,66,FUSE2,296875.9,296875.9,299314.2,2438.3,2438.3,1035.4,0.42464,1,p:2.3.5.2.1.2
U1658,66,FUSE2,296953.1,296953.1,301537.4,4584.3,4584.3,1035.4,0.225858,1,p:1.1.3.1.2.2
U1659,66,FUSE2,296991.9,296991.9,302001.4,5009.5,5009.5,1035.4,0.206687,1,p:2.2.2.1.1.2
U1660,66,FUSE2,297073.9,297073.9,301382.6,4308.7,4308.7,1035.4,0.240305,1,p:1.3.2.2.2.1
U1661,66,FUSE2,297107.9,297107.9,299981.0,2873.1,2873.1,1035.4,0.360377,1,p:2.1.5.2.2.1
U1662,66,FUSE2,297189.9,297189.9,299667.0,2477.1,2477.1,1035.4,0.417989,1,p:1.2.4.2.1.2
U1663,66,FUSE2,297228.7,297228.7,300097.0,2868.3,2868.3,1035.4,0.36098,1,p:2.3.4.1.3.1
U7244,290,FUSE0,297305.9,297305.9,302233.4,4927.5,4927.5,941.0,0.190969,1,p:1.1.2.1.2.2
U7245,290,FUSE0,297344.7,297344.7,303122.6,5777.9,5777.9,941.0,0.162862,1,p:2.2.1.2.2.1
U7246,290,FUSE0,297426.7,297426.7,302890.6,5463.9,5463.9,941.0,0.172221,1,p:1.3.1.2.1.1
U7247,290,FUSE0,297460.7,297460.7,300604.6,3143.9,3143.9,941.0,0.29931,1,p:2.1.5.2.3.2
U7248,290,FUSE0,297542.7,297542.7,300217.8,2675.1,2675.1,941.0,0.351763,1,p:1.2.4.1.1.1
U7249,290,FUSE0,297581.5,297581.5,301962.6,4381.1,4381.1,941.0,0.214786,1,p:2.3.3.2.3.1
U7250,290,FUSE0,297658.7,297658.7,303625.4,5966.7,5966.7,941.0,0.157709,1,p:1.1.1.1.2.2
U7251,290,FUSE0,297697.5,297697.5,302194.6,4497.1,4497.1,941.0,0.209246,1,p:2.2.3.2.1.1
U7252,290,FUSE0,297779.5,297779.5,302465.4,4685.9,4685.9,941.0,0.200815,1,p:1.3.3.1.3.2
U7253,290,FUSE0,297813.5,297813.5,300488.6,2675.1,2675.1,941.0,0.351763,1,p:2.1.4.1.2.2
U7254,290,FUSE1,297895.5,297895.5,304050.6,6155.1,6155.1,1003.0,0.162954,1,p:1.2.1.2.3.1
U7255,290,FUSE1,297934.3,297934.3,302658.6,4724.3,4724.3,1003.0,0.212307,1,p:2.3.2.2.3.1
U7256,290,FUSE1,298011.5,298011.5,302697.4,4685.9,4685.9,1003.0,0.214046,1,p:1.1.3.1.1.2
U7257,290,FUSE1,298050.3,298050.3,300841.4,2791.1,2791.1,1003.0,0.359357,1,p:2.2.4.1.2.2
U7258,290,FUSE1,298132.3,298132.3,301073.4,2941.1,2941.1,1003.0,0.341029,1,p:1.3.5.1.3.2
U7259,290,FUSE1,298166.3,298166.3,304553.4,6387.1,6387.1,1003.0,0.157035,1,p:2.1.1.1.3.2
U7260,290,FUSE1,298248.3,298248.3,303045.4,4797.1,4797.1,1003.0,0.209085,1,p:1.2.2.1.1.2
U7261,290,FUSE1,298287.1,298287.1,302542.6,4255.5,4255.5,1003.0,0.235695,1,p:2.3.2.2.1.1
U7262,290,FUSE1,298364.3,298364.3,301266.6,2902.3,2902.3,1003.0,0.345588,1,p:1.1.4.2.3.1
U7263,290,FUSE2,298403.1,298403.1,301769.4,3366.3,3366.3,1035.4,0.307578,1,p:2.2.5.1.3.2
U7264,290,FUSE2,298485.1,298485.1,301421.4,2936.3,2936.3,1035.4,0.352621,1,p:1.3.5.1.3.2
U7265,290,FUSE2,298519.1,298519.1,303857.4,5338.3,5338.3,1035.4,0.193957,1,p:2.1.2.1.3.2
U7266,290,FUSE2,298601.1,298601.1,303277.4,4676.3,4676.3,1035.4,0.221414,1,p:1.2.3.1.2.2
U7267,290,FUSE2,298639.9,298639.9,302774.6,4134.7,4134.7,1035.4,0.250417,1,p:2.3.3.2.2.1
U7268,290,FUSE2,298717.1,298717.1,302117.4,3400.3,3400.3,1035.4,0.304503,1,p:1.1.5.1.3.2
U7269,290,FUSE2,298755.9,298755.9,305253.0,6497.1,6497.1,1035.4,0.159363,1,p:2.2.1.1.3.2
U7270,290,FUSE2,298837.9,298837.9,304901.4,6063.5,6063.5,1035.4,0.170759,1,p:1.3.1.1.3.2
U7271,290,FUSE2,298871.9,298871.9,301653.4,2781.5,2781.5,1035.4,0.372245,1,p:2.1.4.1.1.2
U7272,290,FUSE2,298953.9,298953.9,303702.6,4748.7,4748.7,1035.4,0.218039,1,p:1.2.3.2.3.1
U3011,121,FUSE0,298992.7,298992.7,301150.6,2157.9,2157.9,941.0,0.436072,1,p:2.3.4.2.1.1
U3012,121,FUSE0,299069.9,299069.9,303973.4,4903.5,4903.5,941.0,0.191904,1,p:1.1.2.1.2.2
U3013,121,FUSE0,299108.7,299108.7,305137.0,6028.3,6028.3,941.0,0.156097,1,p:2.2.1.1.1.2
U3014,121,FUSE0,299190.7,299190.7,303470.6,4279.9,4279.9,941.0,0.219865,1,p:1.3.2.2.2.1
U3015,121,FUSE0,299224.7,299224.7,304205.4,4980.7,4980.7,941.0,0.188929,1,p:2.1.3.1.3.2
U3016,121,FUSE0,299306.7,299306.7,302078.6,2771.9,2771.9,941.0,0.339478,1,p:1.2.5.2.2.1
U3017,121,FUSE0,299345.5,299345.5,301846.6,2501.1,2501.1,941.0,0.376234,1,p:2.3.5.2.1.1
U3018,121,FUSE0,299422.7,299422.7,305369.0,5946.3,5946.3,941.0,0.15825,1,p:1.1.1.1.2.2
U3019,121,FUSE0,299461.5,299461.5,302310.6,2849.1,2849.1,941.0,0.33028,1,p:2.2.4.2.3.1
U3020,121,FUSE1,299543.5,299543.5,301730.6,2187.1,2187.1,1003.0,0.458598,1,p:1.3.4.2.2.1
U3021,121,FUSE1,299577.5,299577.5,302581.4,3003.9,3003.9,1003.0,0.333899,1,p:2.1.5.1.2.2
U3022,121,FUSE1,299659.5,299659.5,304282.6,4623.1,4623.1,1003.0,0.216954,1,p:1.2.2.2.1.1
U3023,121,FUSE1,299698.3,299698.3,304398.6,4700.3,4700.3,1003.0,0.213391,1,p:2.3.2.2.3.1
U3024,121,FUSE1,299775.5,299775.5,302813.4,3037.9,3037.9,1003.0,0.330162,1,p:1.1.4.1.3.2
U3025,121,FUSE1,299814.3,299814.3,304437.4,4623.1,4623.1,1003.0,0.216954,1,p:2.2.3.1.1.2
U3026,121,FUSE1,299896.3,299896.3,303934.6,4038.3,4038.3,1003.0,0.248372,1,p:1.3.3.2.1.1
U3027,121,FUSE1,299930.3,299930.3,304785.4,4855.1,4855.1,1003.0,0.206587,1,p:2.1.2.1.1.2
U3028,121,FUSE2,300012.3,300012.3,306074.6,6062.3,6062.3,1035.4,0.170793,1,p:1.2.1.1.2.2
U3029,121,FUSE2,300051.1,300051.1,305721.8,5670.7,5670.7,1035.4,0.182588,1,p:2.3.1.1.2.2
U3030,121,FUSE2,300128.3,300128.3,304514.6,4386.3,4386.3,1035.4,0.236053,1,p:1.1.3.2.2.1
U3031,121,FUSE2,300167.1,300167.1,303354.6,3187.5,3187.5,1035.4,0.324831,1,p:2.2.5.2.3.1
U3032,121,FUSE2,300249.1,300249.1,303006.6,2757.5,2757.5,1035.4,0.375485,1,p:1.3.5.2.3.1
U3033,121,FUSE2,300283.1,300283.1,306506.2,6223.1,6223.1,1035.4,0.16638,1,p:2.1.1.2.3.1
U3034,121,FUSE2,300365.1,300365.1,303509.4,3144.3,3144.3,1035.4,0.329294,1,p:1.2.4.1.3.2
U3035,121,FUSE2,300403.9,300403.9,303161.4,2757.5,2757.5,1035.4,0.375485,1,p:2.3.4.1.3.2
U3036,121,FUSE2,300481.1,300481.1,305211.0,4729.9,4729.9,1035.4,0.218905,1,p:1.1.2.2.2.1
U710,29,FUSE0,300519.9,300519.9,303238.6,2718.7,2718.7,941.0,0.346121,1,p:2.2.5.2.1.1
U711,29,FUSE0,300601.9,300601.9,304862.6,4260.7,4260.7,941.0,0.220856,1,p:1.3.2.2.2.1
U712,29,FUSE0,300635.9,300635.9,305605.8,4969.9,4969.9,941.0,0.18934,1,p:2.1.3.1.3.2
U713,29,FUSE0,300717.9,300717.9,303393.4,2675.5,2675.5,941.0,0.35171,1,p:1.2.4.1.1.2
U714,29,FUSE0,300756.7,300756.7,305095.0,4338.3,4338.3,941.0,0.216905,1,p:2.3.3.2.3.1
U715,29,FUSE0,300833.9,300833.9,305958.6,5124.7,5124.7,941.0,0.183621,1,p:1.1.2.1.3.2
U716,29,FUSE0,300872.7,300872.7,306743.0,5870.3,5870.3,941.0,0.160298,1,p:2.2.1.2.1.1
U717,29,FUSE1,300949.9,300949.9,307017.0,6067.1,6067.1,1003.0,0.165318,1,p:1.3.1.1.3.2
U718,29,FUSE1,300988.7,300988.7,303741.4,2752.7,2752.7,1003.0,0.36437,1,p:2.1.4.1.1.2
U719,29,FUSE1,301065.9,301065.9,305684.6,4618.7,4618.7,1003.0,0.217161,1,p:1.2.2.2.1.1
U720,29,FUSE1,301104.7,301104.7,303586.6,2481.9,2481.9,1003.0,0.404126,1,p:2.3.5.2.1.1
U721,29,FUSE1,301181.9,301181.9,307253.8,6071.9,6071.9,1003.0,0.165187,1,p:1.1.1.1.1.2
U722,29,FUSE1,301220.7,301220.7,305842.6,4621.9,4621.9,1003.0,0.21701,1,p:2.2.3.1.1.2
U723,29,FUSE1,301297.9,301297.9,305331.8,4033.9,4033.9,1003.0,0.248643,1,p:1.3.3.2.1.1
U724,29,FUSE1,301336.7,301336.7,306664.2,5327.5,5327.5,1003.0,0.188268,1,p:2.1.2.1.3.2
U725,29,FUSE2,301413.9,301413.9,304166.6,2752.7,2752.7,1035.4,0.37614,1,p:1.2.5.2.2.1
U726,29,FUSE2,301452.7,301452.7,304089.4,2636.7,2636.7,1035.4,0.392688,1,p:2.3.5.1.1.2
U727,29,FUSE2,301529.9,301529.9,305916.6,4386.7,4386.7,1035.4,0.236032,1,p:1.1.3.2.2.1
U728,29,FUSE2,301568.7,301568.7,304321.4,2752.7,2752.7,1035.4,0.37614,1,p:2.2.4.1.2.2
U729,29,FUSE2,301645.9,301645.9,303818.6,2172.7,2172.7,1035.4,0.47655,1,p:1.3.4.2.2.1
U730,29,FUSE2,301684.7,301684.7,304669.4,2984.7,2984.7,1035.4,0.346903,1,p:2.1.5.1.2.2
U731,29,FUSE2,301761.9,301761.9,307838.6,6076.7,6076.7,1035.4,0.170389,1,p:1.2.1.1.2.2
U732,29,FUSE2,301800.7,301800.7,307606.6,5805.9,5805.9,1035.4,0.178336,1,p:2.3.1.1.1.2
U6475,259,FUSE0,301877.9,301877.9,306780.2,4902.3,4902.3,941.0,0.191951,1,p:1.1.2.1.2.2
U6476,259,FUSE0,301916.7,301916.7,304746.6,2829.9,2829.9,941.0,0.332521,1,p:2.2.4.2.3.1
U6477,259,FUSE0,301993.9,301993.9,306548.2,4554.3,4554.3,941.0,0.206618,1,p:1.3.2.1.1.2
U6478,259,FUSE0,302032.7,302032.7,306859.0,4826.3,4826.3,941.0,0.194973,1,p:2.1.3.2.3.1
U6479,259,FUSE0,302109.9,302109.9,307211.8,5101.9,5101.9,941.0,0.184441,1,p:1.2.2.2.3.1
U6480,259,FUSE0,302148.7,302148.7,306427.4,4278.7,4278.7,941.0,0.219927,1,p:2.3.3.1.2.2
U6481,259,FUSE0,302225.9,302225.9,304630.6,2404.7,2404.7,941.0,0.391317,1,p:1.1.4.2.1.1
U6482,259,FUSE1,302264.7,302264.7,307369.8,5105.1,5105.1,1003.0,0.19647,1,p:2.2.3.1.3.2
U6483,259,FUSE1,302341.9,302341.9,305017.4,2675.5,2675.5,1003.0,0.374883,1,p:1.3.5.1.2.2
U6484,259,FUSE1,302380.7,302380.7,305447.8,3067.1,3067.1,1003.0,0.327019,1,p:2.1.5.2.3.1
U6485,259,FUSE1,302457.9,302457.9,304979.0,2521.1,2521.1,1003.0,0.397842,1,p:1.2.4.2.1.1
U6486,259,FUSE1,302496.7,302496.7,308191.4,5694.7,5694.7,1003.0,0.176129,1,p:2.3.1.1.2.2
U6487,259,FUSE1,302573.9,302573.9,307095.8,4521.9,4521.9,1003.0,0.221809,1,p:1.1.3.2.1.1
U6488,259,FUSE1,302612.7,302612.7,308075.4,5462.7,5462.7,1003.0,0.183609,1,p:2.2.2.1.3.2
U6489,259,FUSE1,302689.9,302689.9,307722.6,5032.7,5032.7,1003.0,0.199297,1,p:1.3.2.1.3.2
U6490,259,FUSE2,302728.7,302728.7,305489.8,2761.1,2761.1,1035.4,0.374995,1,p:2.1.4.1.1.2
U6491,259,FUSE2,302805.9,302805.9,308911.0622,6105.1622,6105.1622,1035.4,0.169594,1,p:1.2.1.1.2.2
U6492,259,FUSE2,302844.7,302844.7,308386.2,5541.5,5541.5,1035.4,0.186845,1,p:2.3.1.2.2.1
U6493,259,FUSE2,302921.9,302921.9,307801.4,4879.5,4879.5,1035.4,0.212194,1,p:1.1.2.2.1.1
U6494,259,FUSE2,302960.7,302960.7,306153.4,3192.7,3192.7,1035.4,0.324302,1,p:2.2.5.2.3.1
U6495,259,FUSE2,303037.9,303037.9,305800.6,2762.7,2762.7,1035.4,0.374778,1,p:1.3.5.2.3.1
U6496,259,FUSE2,303076.7,303076.7,309365.1,6288.4,6288.4,1035.4,0.164652,1,p:2.1.1.2.3.1
U6497,259,FUSE2,303153.9,303153.9,307680.6,4526.7,4526.7,1035.4,0.228732,1,p:1.2.3.2.2.1
U2041,82,FUSE0,303192.7,303192.7,307327.8,4135.1,4135.1,941.0,0.227564,1,p:2.3.3.2.2.1
U2042,82,FUSE0,303269.9,303269.9,308033.4,4763.5,4763.5,941.0,0.197544,1,p:1.1.2.2.2.1
U2043,82,FUSE0,303308.7,303308.7,306037.4,2728.7,2728.7,941.0,0.344853,1,p:2.2.5.2.1.1
U2044,82,FUSE0,303385.9,303385.9,305563.8,2177.9,2177.9,941.0,0.432068,1,p:1.3.4.2.2.1
U2045,82,FUSE0,303424.7,303424.7,306195.4,2770.7,2770.7,941.0,0.339625,1,p:2.1.4.1.1.2
U2046,82,FUSE0,303501.9,303501.9,308270.2,4768.3,4768.3,941.0,0.197345,1,p:1.2.3.2.3.1
U2047,82,FUSE0,303540.7,303540.7,306311.4,2770.7,2770.7,941.0,0.339625,1,p:2.3.4.1.3.2
U2048,82,FUSE0,303617.9,303617.9,306269.4,2651.5,2651.5,941.0,0.354893,1,p:1.1.5.2.2.1
U2049,82,FUSE0,303656.7,303656.7,309601.9,5945.2,5945.2,941.0,0.158279,1,p:2.2.1.2.1.1
U2050,82,FUSE1,303733.9,303733.9,309872.7,6138.8,6138.8,1003.0,0.163387,1,p:1.3.1.1.3.2
U2051,82,FUSE1,303772.7,303772.7,308154.2,4381.5,4381.5,1003.0,0.228917,1,p:2.1.3.2.1.1
U2052,82,FUSE1,303849.9,303849.9,306622.2,2772.3,2772.3,1003.0,0.361793,1,p:1.2.5.2.2.1
U2053,82,FUSE1,303888.7,303888.7,308795.0622,4906.3622,4906.3622,1003.0,0.204428,1,p:2.3.2.1.3.2
U2054,82,FUSE1,303965.9,303965.9,310365.4,6399.5,6399.5,1003.0,0.156731,1,p:1.1.1.1.3.2
U2055,82,FUSE1,304004.7,304004.7,306901.0,2896.3,2896.3,1003.0,0.346304,1,p:2.2.4.1.1.2
U2056,82,FUSE1,304081.9,304081.9,306390.2,2308.3,2308.3,1003.0,0.434519,1,p:1.3.4.2.1.1
U2057,82,FUSE1,304120.7,304120.7,307133.0,3012.3,3012.3,1003.0,0.332968,1,p:2.1.5.1.2.2
U2058,82,FUSE1,304197.9,304197.9,309519.9,5322.0,5322.0,1003.0,0.188463,1,p:1.2.2.1.3.2
U2059,82,FUSE2,304236.7,304236.7,308524.2622,4287.5622,4287.5622,1035.4,0.241489,1,p:2.3.2.2.1.1
U2060,82,FUSE2,304313.9,304313.9,306975.0,2661.1,2661.1,1035.4,0.389087,1,p:1.1.4.2.2.1
U2061,82,FUSE2,304352.7,304352.7,308896.3,4543.6,4543.6,1035.4,0.227881,1,p:2.2.3.2.1.1
U2062,82,FUSE2,304429.9,304429.9,308679.0622,4249.1622,4249.1622,1035.4,0.243672,1,p:1.3.3.1.1.2
U2063,82,FUSE2,304468.7,304468.7,309249.1,4780.4,4780.4,1035.4,0.216593,1,p:2.1.2.2.1.1
U2064,82,FUSE2,304545.9,304545.9,310916.2,6370.3,6370.3,1035.4,0.162536,1,p:1.2.1.2.3.1
U2065,82,FUSE2,304584.7,304584.7,310563.4,5978.7,5978.7,1035.4,0.173181,1,p:2.3.1.2.3.1
U2066,82,FUSE2,304661.9,304661.9,307485.8,2823.9,2823.9,1035.4,0.366656,1,p:1.1.4.1.2.2
U2067,82,FUSE2,304700.7,304700.7,309403.9,4703.2,4703.2,1035.4,0.220148,1,p:2.2.3.1.1.2
U5640,226,FUSE0,304777.9,304777.9,307564.6,2786.7,2786.7,941.0,0.337675,1,p:1.3.5.2.3.1
U5641,226,FUSE0,304816.7,304816.7,307959.4,3142.7,3142.7,941.0,0.299424,1,p:2.1.5.1.1.2
U5642,226,FUSE0,304893.9,304893.9,310839.0,5945.1,5945.1,941.0,0.158282,1,p:1.2.1.2.1.2
U5643,226,FUSE0,304932.7,304932.7,307448.6,2515.9,2515.9,941.0,0.374021,1,p:2.3.5.2.1.1
U5644,226,FUSE0,305010.3,305010.3,310203.0,5192.7,5192.7,941.0,0.181216,1,p:1.1.2.1.3.1
U5645,226,FUSE0,305048.7,305048.7,309481.1,4432.4,4432.4,941.0,0.2123,1,p:2.2.3.2.2.1
U5646,226,FUSE0,305126.3,305126.3,309756.7,4630.4,4630.4,941.0,0.203222,1,p:1.3.2.1.1.2
U5647,226,FUSE1,305168.3,305168.3,311307.8,6139.5,6139.5,1003.0,0.163368,1,p:2.1.1.1.2.2
U5648,226,FUSE1,305242.3,305242.3,309988.7,4746.4,4746.4,1003.0,0.211318,1,p:1.2.2.2.2.2
U5649,226,FUSE1,305284.3,305284.3,307917.4,2633.1,2633.1,1003.0,0.38092,1,p:2.3.4.2.3.1
U5650,226,FUSE1,305363.1,305363.1,308428.2,3065.1,3065.1,1003.0,0.327232,1,p:1.1.4.1.3.2
U5651,226,FUSE1,305400.3,305400.3,308544.2,3143.9,3143.9,1003.0,0.319031,1,p:2.2.5.1.2.2
U5652,226,FUSE1,305479.1,305479.1,308312.2,2833.1,2833.1,1003.0,0.354029,1,p:1.3.5.1.1.2
U5653,226,FUSE1,305521.1,305521.1,310447.4,4926.3,4926.3,1003.0,0.203601,1,p:2.1.2.2.2.1
U5654,226,FUSE2,305595.1,305595.1,308640.2622,3045.1622,3045.1622,1035.4,0.340015,1,p:1.2.4.2.3.1
U5655,226,FUSE2,305637.1,305637.1,309833.9,4196.8,4196.8,1035.4,0.246712,1,p:2.3.3.2.2.1
U5656,226,FUSE2,305715.9,305715.9,309012.3,3296.4,3296.4,1035.4,0.3141,1,p:1.1.5.2.3.1
U5657,226,FUSE2,305753.1,305753.1,312013.4,6260.3,6260.3,1035.4,0.165391,1,p:2.2.1.1.2.2
U5658,226,FUSE2,305831.9,305831.9,311660.6,5828.7,5828.7,1035.4,0.177638,1,p:1.3.1.1.2.2
U5659,226,FUSE2,305873.9,305873.9,309167.1,3293.2,3293.2,1035.4,0.314405,1,p:2.1.4.1.3.2
U5660,226,FUSE2,305947.9,305947.9,310486.2,4538.3,4538.3,1035.4,0.228147,1,p:1.2.3.2.1.2
U5661,226,FUSE2,305989.9,305989.9,310331.4,4341.5,4341.5,1035.4,0.238489,1,p:2.3.3.1.1.1
U3183,128,FUSE0,306068.7,306068.7,311269.0,5200.3,5200.3,941.0,0.180951,1,p:1.1.2.2.3.1
U3184,128,FUSE0,306105.9,306105.9,312361.4,6255.5,6255.5,941.0,0.150428,1,p:2.2.1.2.3.2
U3185,128,FUSE0,306184.7,306184.7,311071.0,4886.3,4886.3,941.0,0.192579,1,p:1.3.2.1.3.2
U3186,128,FUSE0,306226.7,306226.7,310955.0,4728.3,4728.3,941.0,0.199014,1,p:2.1.3.1.2.2
U3187,128,FUSE0,306300.7,306300.7,309283.1,2982.4,2982.4,941.0,0.315518,1,p:1.2.5.1.2.2
U3188,128,FUSE0,306342.7,306342.7,308756.2622,2413.5622,2413.5622,941.0,0.38988,1,p:2.3.5.2.2.1
U3189,128,FUSE0,306421.5,306421.5,312270.2,5848.7,5848.7,941.0,0.16089,1,p:1.1.1.2.1.1
U3190,128,FUSE0,306458.7,306458.7,309128.3,2669.6,2669.6,941.0,0.352487,1,p:2.2.4.2.2.1
U3191,128,FUSE0,306537.5,306537.5,309051.1,2513.6,2513.6,941.0,0.374363,1,p:1.3.4.1.1.2
U3192,128,FUSE1,306579.5,306579.5,309717.9,3138.4,3138.4,1003.0,0.31959,1,p:2.1.5.2.3.1
U3193,128,FUSE1,306653.5,306653.5,313057.4,6403.9,6403.9,1003.0,0.156623,1,p:1.2.1.1.3.2
U3194,128,FUSE1,306695.5,306695.5,311191.8,4496.3,4496.3,1003.0,0.223072,1,p:2.3.2.2.1.2
U3195,128,FUSE1,306774.3,306774.3,309635.9,2861.6,2861.6,1003.0,0.350503,1,p:1.1.4.1.2.2
U3196,128,FUSE1,306811.5,306811.5,311776.6,4965.1,4965.1,1003.0,0.20201,1,p:2.2.3.1.3.2
U3197,128,FUSE1,306890.3,306890.3,311153.0,4262.7,4262.7,1003.0,0.235297,1,p:1.3.3.2.2.1
U3198,128,FUSE1,306932.3,306932.3,313207.8,6275.5,6275.5,1003.0,0.159828,1,p:2.1.1.2.3.1
U3199,128,FUSE1,307006.3,307006.3,311858.6,4852.3,4852.3,1003.0,0.206706,1,p:1.2.2.2.2.1
U3200,128,FUSE1,307048.3,307048.3,311505.8,4457.5,4457.5,1003.0,0.225014,1,p:2.3.2.2.2.1
U3201,128,FUSE2,307127.1,307127.1,312090.6,4963.5,4963.5,1035.4,0.208603,1,p:1.1.3.1.3.1
U3202,128,FUSE2,307164.3,307164.3,310249.4,3085.1,3085.1,1035.4,0.335613,1,p:2.2.5.1.2.2
U3203,128,FUSE2,307243.1,307243.1,310087.0,2843.9,2843.9,1035.4,0.364077,1,p:1.3.5.1.1.1
U3204,128,FUSE2,307285.1,307285.1,312245.4,4960.3,4960.3,1035.4,0.208737,1,p:2.1.2.2.2.2
U3205,128,FUSE2,307359.1,307359.1,310133.4,2774.3,2774.3,1035.4,0.373211,1,p:1.2.4.2.1.2
U3206,128,FUSE2,307401.1,307401.1,309971.0,2569.9,2569.9,1035.4,0.402895,1,p:2.3.4.2.3.1
U3207,128,FUSE2,307479.9,307479.9,312502.2,5022.3,5022.3,1035.4,0.206161,1,p:1.1.3.1.3.1
U3208,128,FUSE2,307517.1,307517.1,310602.2,3085.1,3085.1,1035.4,0.335613,1,p:2.2.5.1.2.2
U6951,278,FUSE0,307595.9,307595.9,313289.4,5693.5,5693.5,941.0,0.165276,1,p:1.3.1.1.2.2
U6952,278,FUSE0,307637.9,307637.9,313753.4,6115.5,6115.5,941.0,0.153871,1,p:2.1.1.2.1.2
U6953,278,FUSE0,307711.9,307711.9,310718.2,3006.3,3006.3,941.0,0.313009,1,p:1.2.4.1.3.2
U6954,278,FUSE0,307753.9,307753.9,313444.6,5690.7,5690.7,941.0,0.165358,1,p:2.3.1.2.2.1
U6955,278,FUSE0,307832.7,307832.7,312623.0,4790.3,4790.3,941.0,0.196439,1,p:1.1.2.2.1.1
U6956,278,FUSE0,307869.9,307869.9,310800.2,2930.3,2930.3,941.0,0.321128,1,p:2.2.5.2.2.1
U6957,278,FUSE0,307948.7,307948.7,312477.4,4528.7,4528.7,941.0,0.207786,1,p:1.3.2.1.1.2
U6958,278,FUSE0,307990.7,307990.7,310684.2,2693.5,2693.5,941.0,0.34936,1,p:2.1.4.1.1.1
U6959,278,FUSE1,308064.7,308064.7,312975.8,4911.1,4911.1,1003.0,0.204231,1,p:1.2.2.2.1.1
U6960,278,FUSE1,308106.7,308106.7,312386.2,4279.5,4279.5,1003.0,0.234373,1,p:2.3.3.2.2.1
U6961,278,FUSE1,308185.5,308185.5,312825.4,4639.9,4639.9,1003.0,0.216168,1,p:1.1.3.1.1.2
U6962,278,FUSE1,308222.7,308222.7,311037.0,2814.3,2814.3,1003.0,0.356394,1,p:2.2.4.1.1.1
U6963,278,FUSE1,308301.5,308301.5,314101.4,5799.9,5799.9,1003.0,0.172934,1,p:1.3.1.1.1.2
U6964,278,FUSE1,308343.5,308343.5,313676.6,5333.1,5333.1,1003.0,0.188071,1,p:2.1.2.1.3.1
U6965,278,FUSE1,308417.5,308417.5,313173.4,4755.9,4755.9,1003.0,0.210896,1,p:1.2.3.1.1.2
U6966,278,FUSE2,308459.5,308459.5,311423.8,2964.3,2964.3,1035.4,0.34929,1,p:2.3.5.1.3.2
U6967,278,FUSE2,308555.5622,308555.5622,311389.8,2834.2378,2834.2378,1035.4,0.365319,1,p:1.1.4.1.1.1
U6968,278,FUSE2,308575.5,308575.5,314873.0,6297.5,6297.5,1035.4,0.164414,1,p:2.2.1.2.3.1
U6969,278,FUSE2,308671.5622,308671.5622,314449.4,5777.8378,5777.8378,1035.4,0.179202,1,p:1.3.1.1.1.2
U6970,278,FUSE2,308710.3622,308710.3622,313328.6,4618.2378,4618.2378,1035.4,0.224198,1,p:2.1.3.2.1.1
U6971,278,FUSE2,308787.5622,308787.5622,311742.6,2955.0378,2955.0378,1035.4,0.350385,1,p:1.2.5.1.1.1
U6972,278,FUSE2,308826.3622,308826.3622,311621.8,2795.4378,2795.4378,1035.4,0.370389,1,p:2.3.5.2.3.1
U6973,278,FUSE2,308927.6,308927.6,315261.4,6333.8,6333.8,1035.4,0.163472,1,p:1.1.1.2.3.2
U5425,217,FUSE0,308942.3622,308942.3622,313792.6,4850.2378,4850.2378,941.0,0.194011,1,p:2.2.2.2.2.1
U5426,217,FUSE0,309043.6,309043.6,313637.4,4593.8,4593.8,941.0,0.204841,1,p:1.3.2.1.2.2
U5427,217,FUSE0,309082.4,309082.4,311897.4,2815.0,2815.0,941.0,0.334281,1,p:2.1.5.2.1.2
U5428,217,FUSE0,309159.6,309159.6,311974.6,2815.0,2815.0,941.0,0.334281,1,p:1.2.4.2.3.1
U5429,217,FUSE0,309198.4,309198.4,311544.6,2346.2,2346.2,941.0,0.401074,1,p:2.3.4.2.1.2
U5430,217,FUSE0,309280.4,309280.4,315442.2,6161.8,6161.8,941.0,0.152715,1,p:1.1.1.2.3.1
U5431,217,FUSE0,309314.4,309314.4,314404.2,5089.8,5089.8,941.0,0.18488,1,p:2.2.3.1.3.1
U5432,217,FUSE0,309396.4,309396.4,314024.6,4628.2,4628.2,941.0,0.203319,1,p:1.3.3.1.3.1
U5433,217,FUSE1,309435.2,309435.2,312129.4,2694.2,2694.2,1003.0,0.372281,1,p:2.1.4.1.1.2
U5434,217,FUSE1,309512.4,309512.4,314288.2,4775.8,4775.8,1003.0,0.210017,1,p:1.2.2.2.1.1
U5435,217,FUSE1,309551.2,309551.2,314172.2,4621.0,4621.0,1003.0,0.217053,1,p:2.3.2.1.2.1
U5436,217,FUSE1,309633.2,309633.2,314565.4,4932.2,4932.2,1003.0,0.203358,1,p:1.1.3.2.3.2
U5437,217,FUSE1,309667.2,309667.2,312855.0,3187.8,3187.8,1003.0,0.314637,1,p:2.2.5.2.3.1
U5438,217,FUSE1,309749.2,309749.2,312709.4,2960.2,2960.2,1003.0,0.338828,1,p:1.3.5.1.3.2
U5439,217,FUSE1,309788.0,309788.0,314797.4,5009.4,5009.4,1003.0,0.200224,1,p:2.1.2.1.1.2
U5440,217,FUSE1,309865.2,309865.2,315687.0622,5821.8622,5821.8622,1003.0,0.172282,1,p:1.2.1.2.2.1
U5441,217,FUSE2,309904.0,309904.0,315803.0622,5899.0622,5899.0622,1035.4,0.175519,1,p:2.3.1.2.3.1
U5442,217,FUSE2,310002.3,310002.3,312941.4,2939.1,2939.1,1035.4,0.352285,1,p:1.1.5.1.2.2
U5443,217,FUSE2,310020.0,310020.0,312739.0,2719.0,2719.0,1035.4,0.380802,1,p:2.2.4.2.2.1
U5444,217,FUSE2,310118.3,310118.3,312593.4,2475.1,2475.1,1035.4,0.418327,1,p:1.3.4.1.2.2
U5445,217,FUSE2,310164.7,310164.7,316482.2,6317.5,6317.5,1035.4,0.163894,1,p:2.1.1.2.3.2
U5446,217,FUSE2,310234.3,310234.3,314913.4,4679.1,4679.1,1035.4,0.221282,1,p:1.2.3.1.2.2
U5447,217,FUSE2,310280.7,310280.7,315040.2,4759.5,4759.5,1035.4,0.217544,1,p:2.3.3.1.3.1
U5448,217,FUSE2,310362.7,310362.7,315609.4,5246.7,5246.7,1035.4,0.197343,1,p:1.1.2.1.3.2
U4013,161,FUSE0,310396.7,310396.7,313405.4,3008.7,3008.7,941.0,0.31276,1,p:2.2.4.1.3.2
U4014,161,FUSE0,310478.7,310478.7,314757.0,4278.3,4278.3,941.0,0.219947,1,p:1.3.2.2.2.1
U4015,161,FUSE0,310517.5,310517.5,315145.4,4627.9,4627.9,941.0,0.203332,1,p:2.1.3.1.2.2
U4016,161,FUSE0,310594.7,310594.7,313521.4,2926.7,2926.7,941.0,0.321523,1,p:1.2.5.1.1.2
U4017,161,FUSE0,310633.5,310633.5,313091.8,2458.3,2458.3,941.0,0.382785,1,p:2.3.5.2.2.1
U4018,161,FUSE0,310715.5,310715.5,315326.2,4610.7,4610.7,941.0,0.20409,1,p:1.1.2.2.2.1
U4019,161,FUSE0,310749.5,310749.5,320075.7648,9326.2648,9326.2648,941.0,0.100898,1,p:2.2.2.2.1.1
U4020,161,FUSE0,310831.5,310831.5,316598.2,5766.7,5766.7,941.0,0.163178,1,p:1.3.1.1.3.2
U4021,161,FUSE1,310870.3,310870.3,313908.6,3038.3,3038.3,1003.0,0.330119,1,p:2.1.5.1.1.1
U4022,161,FUSE1,310947.5,310947.5,319616.7,8669.2,8669.2,1003.0,0.115697,1,p:1.2.3.1.1.1
U4023,161,FUSE1,310986.3,310986.3,313560.6,2574.3,2574.3,1003.0,0.38962,1,p:2.3.4.2.3.1
U4024,161,FUSE1,311068.3,311068.3,315377.4,4309.1,4309.1,1003.0,0.232763,1,p:1.1.3.1.1.2
U4025,161,FUSE1,311102.3,311102.3,319753.6,8651.3,8651.3,1003.0,0.115936,1,p:2.2.5.2.3.2
U4026,161,FUSE1,311184.3,311184.3,313869.4,2685.1,2685.1,1003.0,0.373543,1,p:1.3.4.2.3.2
U4027,161,FUSE1,311223.1,311223.1,314217.4,2994.3,2994.3,1003.0,0.33497,1,p:2.1.4.2.3.2
U4028,161,FUSE1,311300.3,311300.3,320704.5648,9404.2648,9404.2648,1003.0,0.106654,1,p:1.2.2.1.3.2
U4029,161,FUSE1,311339.1,311339.1,316963.0,5623.9,5623.9,1003.0,0.178346,1,p:2.3.1.2.3.1
U4030,161,FUSE2,311421.1,311421.1,317000.2,5579.1,5579.1,1035.4,0.185585,1,p:1.1.1.2.2.2
U4031,161,FUSE2,311455.1,311455.1,321403.8622,9948.7622,9948.7622,1035.4,0.104073,1,p:2.2.1.2.2.1
U4032,161,FUSE2,311537.1,311537.1,313985.4,2448.3,2448.3,1035.4,0.422906,1,p:1.3.5.2.2.2
U4033,161,FUSE2,311575.9,311575.9,315571.0622,3995.1622,3995.1622,1035.4,0.259163,1,p:2.1.3.2.1.1
U4034,161,FUSE2,311653.1,311653.1,315725.8622,4072.7622,4072.7622,1035.4,0.254225,1,p:1.3.2.1.1.2
U4035,161,FUSE2,311691.9,311691.9,315991.8622,4299.9622,4299.9622,1035.4,0.240793,1,p:2.1.2.2.1.2
U4036,161,FUSE2,311773.9,311773.9,314681.4,2907.5,2907.5,1035.4,0.356113,1,p:1.3.4.1.3.2
U4037,161,FUSE2,311807.9,311807.9,317349.8,5541.9,5541.9,1035.4,0.186831,1,p:2.1.1.1.2.2
U4038,161,FUSE2,311889.9,311889.9,314525.0,2635.1,2635.1,1035.4,0.392926,1,p:1.3.5.1.2.1
U4672,187,FUSE0,311928.7,311928.7,316107.8622,4179.1622,4179.1622,941.0,0.225165,1,p:2.1.3.2.3.2
U4673,187,FUSE0,312005.9,312005.9,314333.4,2327.5,2327.5,941.0,0.404296,1,p:1.3.4.2.2.2
U4674,187,FUSE0,312044.7,312044.7,317564.2622,5519.5622,5519.5622,941.0,0.170485,1,p:2.1.1.2.2.1
U4675,187,FUSE0,312121.9,312121.9,316223.8622,4101.9622,4101.9622,941.0,0.229402,1,p:1.3.2.2.2.2
U4676,187,FUSE0,312160.7,312160.7,316053.8,3893.1,3893.1,941.0,0.24171,1,p:2.1.3.1.2.1
U4677,187,FUSE0,312276.7,312276.7,314641.0,2364.3,2364.3,941.0,0.398004,1,p:1.3.4.2.1.1
U4678,187,FUSE0,312301.5,312301.5,318017.9,5716.4,5716.4,941.0,0.164614,1,p:2.1.1.1.1.1
U4679,187,FUSE0,312392.7,312392.7,317719.0622,5326.3622,5326.3622,941.0,0.176668,1,p:1.3.1.1.2.2
U4680,187,FUSE0,312417.5,312417.5,316443.4,4025.9,4025.9,941.0,0.233737,1,p:2.1.3.1.2.1
U4681,187,FUSE1,312508.7,312508.7,315029.4,2520.7,2520.7,1003.0,0.397905,1,p:1.3.5.1.1.2
U4682,187,FUSE1,312533.5,312533.5,318361.4,5827.9,5827.9,1003.0,0.172103,1,p:2.1.1.1.3.1
U4683,187,FUSE1,312624.7,312624.7,316561.0622,3936.3622,3936.3622,1003.0,0.254804,1,p:1.3.2.2.1.1
U4684,187,FUSE1,312654.3,312654.3,315493.4,2839.1,2839.1,1003.0,0.353281,1,p:2.1.5.1.2.2
U4685,187,FUSE1,312740.7,312740.7,315210.2,2469.5,2469.5,1003.0,0.406155,1,p:1.3.4.2.1.1
U4686,187,FUSE1,312770.3,312770.3,315919.0622,3148.7622,3148.7622,1003.0,0.318538,1,p:2.1.4.1.3.1
U4687,187,FUSE1,312856.7,312856.7,316677.0622,3820.3622,3820.3622,1003.0,0.262541,1,p:1.3.3.1.2.1
U4688,187,FUSE1,312886.3,312886.3,318535.0,5648.7,5648.7,1003.0,0.177563,1,p:2.1.1.2.2.2
U4689,187,FUSE1,312972.7,312972.7,316884.2,3911.5,3911.5,1003.0,0.256423,1,p:1.3.2.2.1.2
U4690,187,FUSE2,313007.1,313007.1,317117.8,4110.7,4110.7,1035.4,0.251879,1,p:2.1.3.1.3.2
U4691,187,FUSE2,313088.7,313088.7,315841.8622,2753.1622,2753.1622,1035.4,0.376077,1,p:1.3.5.1.2.2
U4692,187,FUSE2,313123.1,313123.1,319000.5648,5877.4648,5877.4648,1035.4,0.176164,1,p:2.1.1.2.1.2
U4693,187,FUSE2,313204.7,313204.7,316327.4,3122.7,3122.7,1035.4,0.331572,1,p:1.3.4.1.3.1
U4694,187,FUSE2,313239.1,313239.1,317233.8,3994.7,3994.7,1035.4,0.259193,1,p:2.3.2.1.1.2
U4695,187,FUSE2,313320.7,313320.7,316366.2,3045.5,3045.5,1035.4,0.339977,1,p:1.1.5.2.1.2
E001,352,FUSE0,313359.9,313359.9,316211.4,2851.5,2851.5,941.0,0.330002,1,p:2.3.4.1.1.1
E003,352,FUSE0,313475.9,313475.9,317448.2622,3972.3622,3972.3622,941.0,0.236887,1,p:2.3.2.2.1.1
E004,352,FUSE0,313552.7,313552.7,317835.0622,4282.3622,4282.3622,941.0,0.219739,1,p:1.1.2.2.3.2
E005,352,FUSE1,313591.9,313591.9,316768.2,3176.3,3176.3,1003.0,0.315776,1,p:2.3.4.1.3.2
E006,352,FUSE1,313668.7,313668.7,316820.9648,3152.2648,3152.2648,1003.0,0.318184,1,p:1.1.5.1.2.1
E008,352,FUSE1,313784.7,313784.7,317467.4,3682.7,3682.7,1003.0,0.272355,1,p:1.1.3.2.3.2
E009,352,FUSE1,313823.9,313823.9,317951.0622,4127.1622,4127.1622,1003.0,0.243024,1,p:2.3.2.2.2.2
E010,352,FUSE1,313900.7,313900.7,317170.5648,3269.8648,3269.8648,1003.0,0.306741,1,p:1.1.5.2.2.1
E011,352,FUSE2,313939.9,313939.9,317312.6,3372.7,3372.7,1035.4,0.306994,1,p:2.3.4.1.3.1
E014,352,FUSE2,314132.7,314132.7,317603.0622,3470.3622,3470.3622,1035.4,0.298355,1,p:1.1.5.1.1.2
E015,352,FUSE2,314203.5,314203.5,317680.2622,3476.7622,3476.7622,1035.4,0.297806,1,p:2.3.4.1.3.1
U4696,187,FUSE2,314319.5,314319.5,318691.0,4371.5,4371.5,1035.4,0.236852,1,p:2.3.2.1.3.2
U4697,187,FUSE2,314364.7,314364.7,318067.0622,3702.3622,3702.3622,1035.4,0.279659,1,p:1.1.4.1.3.2
U4698,187,FUSE2,314435.5,314435.5,317809.4622,3373.9622,3373.9622,1035.4,0.30688,1,p:2.3.3.2.1.1
U4699,187,FUSE2,314480.7,314480.7,319060.6,4579.9,4579.9,1035.4,0.226075,1,p:1.1.2.2.3.1
U1319,54,FUSE0,314556.3,314556.3,319182.0,4625.7,4625.7,941.0,0.203429,1,p:2.3.1.2.1.1
U1320,54,FUSE0,314596.7,314596.7,318133.9,3537.2,3537.2,941.0,0.26603,1,p:1.1.4.1.2.1
U1321,54,FUSE0,314672.3,314672.3,318183.0622,3510.7622,3510.7622,941.0,0.268033,1,p:2.3.3.2.3.2
U1322,54,FUSE0,314712.7,314712.7,319315.3648,4602.6648,4602.6648,941.0,0.204447,1,p:1.1.2.2.2.1
U1323,54,FUSE0,314788.3,314788.3,319405.6,4617.3,4617.3,941.0,0.203799,1,p:2.3.1.2.1.2
U1324,54,FUSE0,314828.7,314828.7,318536.2,3707.5,3707.5,941.0,0.25381,1,p:1.1.4.1.3.1
U1325,54,FUSE0,314904.3,314904.3,318391.3648,3487.0648,3487.0648,941.0,0.269854,1,p:2.3.3.1.1.2
U1326,54,FUSE0,314944.7,314944.7,319521.6,4576.9,4576.9,941.0,0.205598,1,p:1.1.2.2.2.2
U1327,54,FUSE0,315060.7,315060.7,319637.6,4576.9,4576.9,941.0,0.205598,1,p:2.3.1.2.3.2
U1328,54,FUSE1,315071.5,315071.5,318884.5648,3813.0648,3813.0648,1003.0,0.263043,1,p:1.1.4.1.2.2
U1329,54,FUSE1,315176.7,315176.7,318885.8,3709.1,3709.1,1003.0,0.270416,1,p:2.3.3.1.3.1
U1330,54,FUSE1,315241.5,315241.5,319880.9648,4639.4648,4639.4648,1003.0,0.216189,1,p:1.1.2.1.1.2
U1331,54,FUSE1,315292.7,315292.7,319996.9648,4704.2648,4704.2648,1003.0,0.213211,1,p:2.3.1.1.3.2
U1332,54,FUSE1,315357.5,315357.5,319236.5648,3879.0648,3879.0648,1003.0,0.258567,1,p:1.1.4.1.3.2
U1333,54,FUSE1,315408.7,315408.7,319120.5648,3711.8648,3711.8648,1003.0,0.270215,1,p:2.3.3.1.2.2
U1334,54,FUSE1,315473.5,315473.5,319431.3648,3957.8648,3957.8648,1003.0,0.253419,1,p:1.1.5.1.3.1
U1335,54,FUSE1,315524.7,315524.7,320307.7648,4783.0648,4783.0648,1003.0,0.209698,1,p:2.3.1.2.2.1
U1336,54,FUSE1,315602.3622,315602.3622,320428.5648,4826.2026,4826.2026,1003.0,0.207824,1,p:1.1.2.2.1.1
U1337,54,FUSE2,315640.7,315640.7,320660.5648,5019.8648,5019.8648,1035.4,0.206261,1,p:2.3.1.2.2.1
U1338,54,FUSE2,315718.3622,315718.3622,321015.3648,5297.0026,5297.0026,1035.4,0.195469,1,p:1.1.1.2.2.1
U1339,54,FUSE2,315757.1622,315757.1622,319743.3648,3986.2026,3986.2026,1035.4,0.259746,1,p:2.3.4.1.2.1
U1340,54,FUSE2,315834.3622,315834.3622,320112.9648,4278.6026,4278.6026,1035.4,0.241995,1,p:1.1.4.1.2.2
U1341,54,FUSE2,315873.1622,315873.1622,319918.1648,4045.0026,4045.0026,1035.4,0.25597,1,p:2.3.3.2.2.1
U1342,54,FUSE2,315950.3622,315950.3622,320977.0622,5026.7,5026.7,1035.4,0.20598,1,p:1.1.2.1.1.2
U1343,54,FUSE2,316023.1622,316023.1622,320191.7648,4168.6026,4168.6026,1035.4,0.248381,1,p:2.3.5.2.3.1
U1344,54,FUSE2,316085.1,316085.1,320544.5648,4459.4648,4459.4648,1035.4,0.23218,1,p:1.1.5.2.3.1
U3715,149,FUSE0,316139.1622,316139.1622,320233.7648,4094.6026,4094.6026,941.0,0.229815,1,p:2.3.3.1.1.2
U3716,149,FUSE0,316242.7,316242.7,321640.6622,5397.9622,5397.9622,941.0,0.174325,1,p:1.1.1.2.3.1
U3717,149,FUSE0,316255.1622,316255.1622,320465.7648,4210.6026,4210.6026,941.0,0.223483,1,p:2.3.3.1.2.2
U3718,149,FUSE0,316358.7,316358.7,320783.3648,4424.6648,4424.6648,941.0,0.212671,1,p:1.1.5.2.1.1
U3719,149,FUSE0,316397.5,316397.5,320588.5648,4191.0648,4191.0648,941.0,0.224525,1,p:2.3.4.1.1.2
U3720,149,FUSE0,316474.7,316474.7,321914.6622,5439.9622,5439.9622,941.0,0.172979,1,p:1.1.1.1.2.2
U3721,149,FUSE0,316513.5,316513.5,321524.6622,5011.1622,5011.1622,941.0,0.187781,1,p:2.3.2.2.1.1
U3722,149,FUSE0,316592.3622,316592.3622,321798.6622,5206.3,5206.3,941.0,0.180743,1,p:1.1.2.1.3.2
U3723,149,FUSE0,316629.5,316629.5,321093.0622,4463.5622,4463.5622,941.0,0.210818,1,p:2.3.5.1.3.2
U3724,149,FUSE1,316708.3622,316708.3622,322230.2622,5521.9,5521.9,1003.0,0.18164,1,p:1.1.1.2.1.1
U3725,149,FUSE1,316799.5,316799.5,321209.0622,4409.5622,4409.5622,1003.0,0.22746,1,p:2.3.4.1.2.2
U3726,149,FUSE1,316852.2648,316852.2648,321561.8622,4709.5974,4709.5974,1003.0,0.212969,1,p:1.1.4.1.2.2
U3727,149,FUSE1,316915.5,316915.5,322109.4622,5193.9622,5193.9622,1003.0,0.193109,1,p:2.3.2.2.2.1
U3728,149,FUSE1,316994.3,316994.3,322504.2622,5509.9622,5509.9622,1003.0,0.182034,1,p:1.1.1.1.3.2
U3729,149,FUSE1,317031.5,317031.5,321682.6622,4651.1622,4651.1622,1003.0,0.215645,1,p:2.3.5.1.1.2
U3730,149,FUSE1,317149.1,317149.1,321993.4622,4844.3622,4844.3622,1003.0,0.207045,1,p:1.1.5.2.3.1
U3731,149,FUSE1,317201.8648,317201.8648,321756.6622,4554.7974,4554.7974,1003.0,0.220207,1,p:2.3.3.2.2.1
U3732,149,FUSE1,317265.1,317265.1,322035.4622,4770.3622,4770.3622,1003.0,0.210257,1,p:1.1.3.1.1.2
U3733,149,FUSE2,317343.9,317343.9,322826.9648,5483.0648,5483.0648,1035.4,0.188836,1,p:2.3.1.2.2.1
U3734,149,FUSE2,317381.1,317381.1,322267.4622,4886.3622,4886.3622,1035.4,0.211896,1,p:1.1.5.1.2.2
U3735,149,FUSE2,317479.5622,317479.5622,322151.4622,4671.9,4671.9,1035.4,0.221623,1,p:2.3.4.1.3.2
U3736,149,FUSE2,317498.7,317498.7,322462.2622,4963.5622,4963.5622,1035.4,0.2086,1,p:1.1.4.2.2.1
U3737,149,FUSE2,317595.5622,317595.5622,323189.7648,5594.2026,5594.2026,1035.4,0.185084,1,p:2.3.1.2.2.1
U3738,149,FUSE2,317634.3622,317634.3622,323468.5648,5834.2026,5834.2026,1035.4,0.177471,1,p:1.1.1.1.1.2
U3739,149,FUSE2,317711.5622,317711.5622,323347.7648,5636.2026,5636.2026,1035.4,0.183705,1,p:2.3.2.1.2.2
U3740,149,FUSE2,317750.3622,317750.3622,323664.1648,5913.8026,5913.8026,1035.4,0.175082,1,p:1.1.2.2.1.1
U3741,149,FUSE2,317840.7622,317840.7622,322710.9648,4870.2026,4870.2026,1035.4,0.212599,1,p:2.3.3.2.3.1
U3742,149,FUSE2,317866.3622,317866.3622,322994.9648,5128.6026,5128.6026,1035.4,0.201887,1,p:1.1.3.1.2.2
U1963,79,FUSE0,317982.3622,317982.3622,322878.9648,4896.6026,4896.6026,941.0,0.192174,1,p:2.3.5.1.3.2
U1964,79,FUSE0,318049.2,318049.2,323896.1648,5846.9648,5846.9648,941.0,0.160938,1,p:1.1.2.2.2.1
U1965,79,FUSE0,318098.3622,318098.3622,323073.7648,4975.4026,4975.4026,941.0,0.18913,1,p:2.3.4.2.3.1
U1966,79,FUSE0,318165.2,318165.2,323310.5648,5145.3648,5145.3648,941.0,0.182883,1,p:1.1.4.2.1.1
U1967,79,FUSE0,318214.3622,318214.3622,320349.7648,2135.4026,2135.4026,941.0,0.440666,1,p:2.2.4.1.3.2
U1968,79,FUSE0,318241.0,318277.4,324263.3648,6022.3648,6022.3648,941.0,0.156251,1,p:1.1.1.2.2.1
U1969,79,FUSE0,318241.0,318326.5622,324064.1648,5823.1648,5823.1648,941.0,0.161596,1,p:2.3.1.1.2.2
U1970,79,FUSE0,318241.0,318389.6,321287.8622,3046.8622,3046.8622,941.0,0.308842,1,p:1.2.2.2.3.1
U1971,79,FUSE1,318241.0,318438.7622,323700.5648,5459.5648,5459.5648,1003.0,0.183714,1,p:2.1.5.1.2.2
U1972,79,FUSE1,318241.0,318501.8,323426.5648,5185.5648,5185.5648,1003.0,0.193422,1,p:1.3.5.2.3.1
U1973,79,FUSE1,318392.7,318550.9622,320820.5648,2427.8648,2427.8648,1003.0,0.41312,1,p:2.2.3.1.2.2
U1974,79,FUSE1,318422.6648,318614.0,323832.1648,5409.5,5409.5,1003.0,0.185415,1,p:1.1.3.1.1.2
U1975,79,FUSE1,318566.3,318663.1622,323542.5648,4976.2648,4976.2648,1003.0,0.201557,1,p:2.3.3.2.2.1
U1976,79,FUSE1,318567.5,318726.2,320899.3648,2331.8648,2331.8648,1003.0,0.430128,1,p:1.2.4.2.3.1
U1977,79,FUSE1,318722.3,318775.3622,324770.9648,6048.6648,6048.6648,1003.0,0.165822,1,p:2.1.2.1.2.2
U1978,79,FUSE1,318915.8648,318915.8648,324500.1648,5584.3,5584.3,1003.0,0.179611,1,p:1.3.2.2.3.1
U1979,79,FUSE2,318917.1,318917.1,321171.8622,2254.7622,2254.7622,1035.4,0.459206,1,p:2.2.3.2.1.1
U1980,79,FUSE2,319031.8648,319031.8648,324384.1648,5352.3,5352.3,1035.4,0.19345,1,p:1.1.4.2.1.1
U1981,79,FUSE2,319091.9,319091.9,321329.8622,2237.9622,2237.9622,1035.4,0.462653,1,p:2.2.5.1.1.2
U1982,79,FUSE2,319151.8648,319151.8648,325321.7648,6169.9,6169.9,1035.4,0.167815,1,p:1.1.1.2.2.1
U1983,79,FUSE2,319213.3,319213.3,323948.1648,4734.8648,4734.8648,1035.4,0.218676,1,p:2.3.4.1.3.2
U1984,79,FUSE2,319267.8648,319267.8648,321445.8622,2177.9974,2177.9974,1035.4,0.475391,1,p:1.2.3.1.3.2
U1985,79,FUSE2,319346.6648,319346.6648,324616.1648,5269.5,5269.5,1035.4,0.196489,1,p:2.1.5.2.2.1
U1986,79,FUSE2,319436.9,319436.9,324968.9648,5532.0648,5532.0648,1035.4,0.187163,1,p:1.3.1.2.2.1
U1987,79,FUSE2,319462.6648,319462.6648,322388.2622,2925.5974,2925.5974,1035.4,0.353911,1,p:2.2.2.1.1.2
U2709,109,FUSE0,319552.9,319552.9,325476.5648,5923.6648,5923.6648,941.0,0.158854,1,p:1.1.1.1.2.2
U2710,109,FUSE0,319648.0,319648.0,321877.4622,2229.4622,2229.4622,941.0,0.422075,1,p:2.2.4.2.1.1
U2711,109,FUSE0,319668.9,319668.9,324302.1648,4633.2648,4633.2648,941.0,0.203097,1,p:1.3.5.1.3.2
U2712,109,FUSE0,319774.6648,319774.6648,325007.7648,5233.1,5233.1,941.0,0.179817,1,p:2.1.3.1.3.2
U2713,109,FUSE0,319784.9,319784.9,322620.2622,2835.3622,2835.3622,941.0,0.33188,1,p:1.2.2.1.2.2
U2714,109,FUSE0,319912.2648,319912.2648,325089.7648,5177.5,5177.5,941.0,0.181748,1,p:2.1.4.2.1.1
U2715,109,FUSE0,319949.4648,319949.4648,324418.1648,4468.7,4468.7,941.0,0.210576,1,p:1.3.3.1.2.2
U2716,109,FUSE1,320028.2648,320028.2648,322957.7648,2929.5,2929.5,1003.0,0.342379,1,p:2.2.2.2.1.1
U2717,109,FUSE1,320107.0648,320107.0648,326169.3648,6062.3,6062.3,1003.0,0.165449,1,p:1.1.1.2.1.1
U2718,109,FUSE1,320144.2648,320144.2648,325442.5648,5298.3,5298.3,1003.0,0.189306,1,p:2.3.2.2.1.1
U2719,109,FUSE1,320223.0648,320223.0648,322346.2622,2123.1974,2123.1974,1003.0,0.472401,1,p:1.2.3.2.3.1
U2720,109,FUSE1,320265.0648,320265.0648,325597.3648,5332.3,5332.3,1003.0,0.188099,1,p:2.1.5.1.1.2
U2721,109,FUSE1,320339.0648,320339.0648,324852.9648,4513.9,4513.9,1003.0,0.222203,1,p:1.3.4.2.3.1
U2722,109,FUSE1,320381.0648,320381.0648,322594.9648,2213.9,2213.9,1003.0,0.453047,1,p:2.2.5.2.1.1
U2723,109,FUSE2,320459.8648,320459.8648,326440.1648,5980.3,5980.3,1035.4,0.173135,1,p:1.1.1.1.3.2
U2724,109,FUSE2,320497.0648,320497.0648,325713.3648,5216.3,5216.3,1035.4,0.198493,1,p:2.3.2.1.3.2
U2725,109,FUSE2,320575.8648,320575.8648,322762.9648,2187.1,2187.1,1035.4,0.473412,1,p:1.2.4.1.1.2
U2726,109,FUSE2,320619.8648,320619.8648,325911.3648,5291.5,5291.5,1035.4,0.195672,1,p:2.1.3.2.3.1
U2727,109,FUSE2,320691.8648,320691.8648,325205.7648,4513.9,4513.9,1035.4,0.22938,1,p:1.3.5.2.3.1
U2728,109,FUSE2,320735.8648,320735.8648,323780.1648,3044.3,3044.3,1035.4,0.340111,1,p:2.2.1.2.3.1
U5690,228,FUSE0,320814.6648,320814.6648,326638.1648,5823.5,5823.5,941.0,0.161587,1,p:1.1.2.2.3.1
U5691,228,FUSE0,320851.8648,320851.8648,325360.5648,4508.7,4508.7,941.0,0.208708,1,p:2.3.4.1.3.2
U5692,228,FUSE0,320930.6648,320930.6648,323115.7648,2185.1,2185.1,941.0,0.430644,1,p:1.2.5.1.1.2
U5693,228,FUSE0,321008.3622,321008.3622,326285.3648,5277.0026,5277.0026,941.0,0.178321,1,p:2.1.4.2.3.1
U5694,228,FUSE0,321046.6648,321046.6648,325558.5648,4511.9,4511.9,941.0,0.20856,1,p:1.3.3.2.3.1
U5695,228,FUSE0,321124.3622,321124.3622,323231.7648,2107.4026,2107.4026,941.0,0.446521,1,p:2.2.3.1.3.2
U5696,228,FUSE0,321203.1622,321203.1622,326401.3648,5198.2026,5198.2026,941.0,0.181024,1,p:1.3.2.2.2.1
U5697,228,FUSE0,321240.3622,321240.3622,326324.1648,5083.8026,5083.8026,941.0,0.185098,1,p:2.1.3.1.1.2
U5698,228,FUSE0,321319.1622,321319.1622,325953.8622,4634.7,4634.7,941.0,0.203034,1,p:1.3.4.1.1.2
U5699,228,FUSE1,321361.1622,321361.1622,324147.3648,2786.2026,2786.2026,1003.0,0.359988,1,p:2.2.2.2.3.1
U5700,228,FUSE1,321435.1622,321435.1622,327227.7648,5792.6026,5792.6026,1003.0,0.173152,1,p:1.1.2.2.1.1
U5701,228,FUSE1,321477.1622,321477.1622,326185.8622,4708.7,4708.7,1003.0,0.21301,1,p:2.3.5.1.2.2
U5702,228,FUSE1,321555.9622,321555.9622,323584.5648,2028.6026,2028.6026,1003.0,0.494429,1,p:1.2.4.1.3.2
U5703,228,FUSE1,321593.1622,321593.1622,326792.9648,5199.8026,5199.8026,1003.0,0.192892,1,p:2.1.4.1.3.2
U5704,228,FUSE1,321671.9622,321671.9622,327029.7648,5357.8026,5357.8026,1003.0,0.187204,1,p:1.3.1.1.1.2
U5705,228,FUSE1,321713.9622,321713.9622,324654.9648,2941.0026,2941.0026,1003.0,0.34104,1,p:2.2.1.1.3.2
U5706,228,FUSE1,321787.9622,321787.9622,327696.5648,5908.6026,5908.6026,1003.0,0.169752,1,p:1.1.1.2.3.1
U5707,228,FUSE1,321829.9622,321829.9622,326556.1648,4726.2026,4726.2026,1003.0,0.212221,1,p:2.3.4.1.2.2
U5708,228,FUSE2,321908.7622,321908.7622,324031.3648,2122.6026,2122.6026,1035.4,0.487797,1,p:1.2.5.2.1.1
U5709,228,FUSE2,321945.9622,321945.9622,327145.7648,5199.8026,5199.8026,1035.4,0.199123,1,p:2.1.5.1.3.2
U5710,228,FUSE2,322024.7622,322024.7622,327382.5648,5357.8026,5357.8026,1035.4,0.193251,1,p:1.3.1.1.1.2
U5711,228,FUSE2,322066.7622,322066.7622,324186.1648,2119.4026,2119.4026,1035.4,0.488534,1,p:2.2.3.1.1.2
U5712,228,FUSE2,322140.7622,322140.7622,327261.7648,5121.0026,5121.0026,1035.4,0.202187,1,p:1.1.3.1.2.2
U5713,228,FUSE2,322182.7622,322182.7622,326874.9648,4692.2026,4692.2026,1035.4,0.220664,1,p:2.3.5.2.1.1
U5714,228,FUSE2,322261.5622,322261.5622,325123.7648,2862.2026,2862.2026,1035.4,0.361749,1,p:1.2.2.1.2.2
U5715,228,FUSE2,322298.7622,322298.7622,327498.5648,5199.8026,5199.8026,1035.4,0.199123,1,p:2.1.5.1.3.2
U5716,228,FUSE2,322377.5622,322377.5622,326990.9648,4613.4026,4613.4026,1035.4,0.224433,1,p:1.3.3.2.3.1
U3670,147,FUSE0,322419.5622,322419.5622,324538.9648,2119.4026,2119.4026,941.0,0.443993,1,p:2.2.4.1.1.2
U3671,147,FUSE0,322493.5622,322493.5622,327580.5648,5087.0026,5087.0026,941.0,0.184981,1,p:1.1.3.2.1.1
U3672,147,FUSE0,322535.5622,322535.5622,327735.3648,5199.8026,5199.8026,941.0,0.180968,1,p:2.3.2.1.1.2
U3673,147,FUSE0,322626.2648,322626.2648,324736.9648,2110.7,2110.7,941.0,0.445824,1,p:1.2.3.2.1.1
U3674,147,FUSE0,322651.5622,322651.5622,328638.9648,5987.4026,5987.4026,941.0,0.157163,1,p:2.1.1.2.1.1
U3675,147,FUSE0,322742.2648,322742.2648,327967.3648,5225.1,5225.1,941.0,0.180092,1,p:1.3.2.1.2.2
U3676,147,FUSE0,322794.2648,322794.2648,324891.7648,2097.5,2097.5,941.0,0.448629,1,p:2.2.5.1.1.2
U3677,147,FUSE0,322858.2648,322858.2648,327933.3648,5075.1,5075.1,941.0,0.185415,1,p:1.1.4.2.1.1
U3678,147,FUSE1,322910.2648,322910.2648,328320.1648,5409.9,5409.9,1003.0,0.185401,1,p:2.3.1.1.2.2
U3679,147,FUSE1,322989.0648,322989.0648,325795.3648,2806.3,2806.3,1003.0,0.35741,1,p:1.2.1.2.1.1
U3680,147,FUSE1,323026.2648,323026.2648,328793.7648,5767.5,5767.5,1003.0,0.173906,1,p:2.1.2.1.1.2
U3681,147,FUSE1,323105.0648,323105.0648,327614.5648,4509.5,4509.5,1003.0,0.222419,1,p:1.3.4.1.2.2
U3682,147,FUSE1,323147.0648,323147.0648,325244.5648,2097.5,2097.5,1003.0,0.478188,1,p:2.2.3.1.1.2
U3683,147,FUSE1,323221.0648,323221.0648,328402.1648,5181.1,5181.1,1003.0,0.193588,1,p:1.1.5.2.3.1
U3684,147,FUSE1,323263.0648,323263.0648,328518.1648,5255.1,5255.1,1003.0,0.190862,1,p:2.3.2.2.2.1
U3685,147,FUSE1,323341.8648,323341.8648,326069.8622,2727.9974,2727.9974,1003.0,0.367669,1,p:1.2.2.1.3.2
U3686,147,FUSE2,323379.0648,323379.0648,328556.9648,5177.9,5177.9,1035.4,0.199965,1,p:2.1.4.1.3.2
U3687,147,FUSE2,323457.8648,323457.8648,328088.1648,4630.3,4630.3,1035.4,0.223614,1,p:1.3.5.1.1.2
U3688,147,FUSE2,323499.8648,323499.8648,325674.5648,2174.7,2174.7,1035.4,0.476112,1,p:2.2.4.2.2.1
U3689,147,FUSE2,323573.8648,323573.8648,329576.5648,6002.7,6002.7,1035.4,0.172489,1,p:1.1.1.2.2.1
U3690,147,FUSE2,323615.8648,323615.8648,328286.1648,4670.3,4670.3,1035.4,0.221699,1,p:2.3.3.2.1.1
U3691,147,FUSE2,323695.4648,323695.4648,325829.3648,2133.9,2133.9,1035.4,0.485215,1,p:1.2.5.1.2.2
U3692,147,FUSE2,323731.8648,323731.8648,328870.9648,5139.1,5139.1,1035.4,0.201475,1,p:2.1.4.2.2.1
U3693,147,FUSE2,323811.4648,323811.4648,329262.5648,5451.1,5451.1,1035.4,0.189943,1,p:1.3.1.1.3.2
U4269,171,FUSE0,323863.4648,323863.4648,326754.1648,2890.7,2890.7,941.0,0.325527,1,p:2.2.1.2.2.1
U4270,171,FUSE0,323927.4648,323927.4648,329813.3648,5885.9,5885.9,941.0,0.159874,1,p:1.1.1.2.3.1
U4271,171,FUSE0,323979.4648,323979.4648,328440.9648,4461.5,4461.5,941.0,0.210916,1,p:2.3.3.1.1.2
U4272,171,FUSE0,324062.6648,324062.6648,326027.3648,1964.7,1964.7,941.0,0.478954,1,p:1.2.3.2.2.1
U4273,171,FUSE0,324095.4648,324095.4648,329223.7648,5128.3,5128.3,941.0,0.183492,1,p:2.1.3.2.2.1
U4274,171,FUSE0,324178.6648,324178.6648,328754.9648,4576.3,4576.3,941.0,0.205625,1,p:1.3.3.2.3.1
U4275,171,FUSE0,324217.4648,324217.4648,326908.9648,2691.5,2691.5,941.0,0.349619,1,p:2.2.2.1.2.2
U4276,171,FUSE0,324294.6648,324294.6648,329378.5648,5083.9,5083.9,941.0,0.185094,1,p:1.1.4.1.2.2
U4277,171,FUSE1,324333.4648,324333.4648,329025.7648,4692.3,4692.3,1003.0,0.213754,1,p:2.3.5.1.2.2
U4278,171,FUSE1,324415.4648,324415.4648,326522.1648,2106.7,2106.7,1003.0,0.4761,1,p:1.2.5.2.1.1
U4279,171,FUSE1,324449.4648,324449.4648,330321.7648,5872.3,5872.3,1003.0,0.170802,1,p:2.1.1.1.3.2
U4280,171,FUSE1,324531.4648,324531.4648,329731.3648,5199.9,5199.9,1003.0,0.192888,1,p:1.3.2.1.2.2
U4281,171,FUSE1,324570.2648,324570.2648,326676.9648,2106.7,2106.7,1003.0,0.4761,1,p:2.2.3.1.1.2
U4282,171,FUSE1,324647.4648,324647.4648,330437.7648,5790.3,5790.3,1003.0,0.173221,1,p:1.1.2.1.2.2
U4283,171,FUSE1,324686.2648,324686.2648,329344.5648,4658.3,4658.3,1003.0,0.215315,1,p:2.3.5.2.1.1
U4284,171,FUSE1,324768.2648,324768.2648,327459.7648,2691.5,2691.5,1003.0,0.372655,1,p:1.2.2.2.2.1
U4285,171,FUSE2,324802.2648,324802.2648,329968.9648,5166.7,5166.7,1035.4,0.200399,1,p:2.1.5.1.3.2
U4286,171,FUSE2,324884.2648,324884.2648,330084.9648,5200.7,5200.7,1035.4,0.199089,1,p:1.3.2.1.2.2
U4287,171,FUSE2,324923.0648,324923.0648,327106.9648,2183.9,2183.9,1035.4,0.474106,1,p:2.2.4.2.2.1
U4288,171,FUSE2,325000.2648,325000.2648,330166.1648,5165.9,5165.9,1035.4,0.20043,1,p:1.1.3.2.3.1
U4289,171,FUSE2,325039.0648,325039.0648,329615.3648,4576.3,4576.3,1035.4,0.226253,1,p:2.3.5.1.3.2
U4290,171,FUSE2,325121.0648,325121.0648,328049.3648,2928.3,2928.3,1035.4,0.353584,1,p:1.2.1.2.3.1
U4291,171,FUSE2,325155.0648,325155.0648,330282.1648,5127.1,5127.1,1035.4,0.201947,1,p:2.1.5.2.2.1
U4292,171,FUSE2,325237.0648,325237.0648,329852.9648,4615.9,4615.9,1035.4,0.224312,1,p:1.3.3.1.1.2
U5819,233,FUSE0,325275.8648,325275.8648,327343.7648,2067.9,2067.9,941.0,0.455051,1,p:2.2.4.2.3.1
U5820,233,FUSE0,325353.0648,325353.0648,330431.3648,5078.3,5078.3,941.0,0.185298,1,p:1.1.3.2.1.1
U5821,233,FUSE0,325391.8648,325391.8648,329929.3648,4537.5,4537.5,941.0,0.207383,1,p:2.3.4.2.2.1
U5822,233,FUSE0,325473.8648,325473.8648,328165.3648,2691.5,2691.5,941.0,0.349619,1,p:1.2.2.2.2.1
U5823,233,FUSE0,325507.8648,325507.8648,331291.7648,5783.9,5783.9,941.0,0.162693,1,p:2.1.2.1.1.2
U5824,233,FUSE0,325589.8648,325589.8648,330938.9648,5349.1,5349.1,941.0,0.175917,1,p:1.3.1.1.1.2
U5825,233,FUSE0,325628.6648,325628.6648,327812.5648,2183.9,2183.9,941.0,0.430881,1,p:2.2.5.2.2.1
U5826,233,FUSE0,325705.8648,325705.8648,330818.1648,5112.3,5112.3,941.0,0.184066,1,p:1.1.4.1.2.2
U5827,233,FUSE0,325744.6648,325744.6648,331054.9648,5310.3,5310.3,941.0,0.177203,1,p:2.3.2.1.3.2
U5828,233,FUSE1,325826.6648,325826.6648,327851.3648,2024.7,2024.7,1003.0,0.495382,1,p:1.2.3.1.3.2
U5829,233,FUSE1,325860.6648,325860.6648,331016.1648,5155.5,5155.5,1003.0,0.19455,1,p:2.1.3.2.2.1
U5830,233,FUSE1,325942.6648,325942.6648,330547.3648,4604.7,4604.7,1003.0,0.217821,1,p:1.3.4.2.3.1
U5831,233,FUSE1,325985.1622,325985.1622,328909.7648,2924.6026,2924.6026,1003.0,0.342953,1,p:2.2.1.1.3.2
U5832,233,FUSE1,326058.6648,326058.6648,331252.9648,5194.3,5194.3,1003.0,0.193096,1,p:1.1.5.2.3.1
U5833,233,FUSE1,326101.1622,326101.1622,331489.7648,5388.6026,5388.6026,1003.0,0.186134,1,p:2.3.1.2.1.1
U5834,233,FUSE1,326200.6648,326200.6648,328204.1648,2003.5,2003.5,1003.0,0.500624,1,p:1.2.4.1.3.2
U5835,233,FUSE1,326217.1622,326217.1622,332031.7648,5814.6026,5814.6026,1003.0,0.172497,1,p:2.1.1.1.3.2
U5836,233,FUSE1,326316.6648,326316.6648,330900.1648,4583.5,4583.5,1003.0,0.218828,1,p:1.3.5.2.3.1
U5837,233,FUSE2,326355.4648,326355.4648,329146.5648,2791.1,2791.1,1035.4,0.370965,1,p:2.2.2.1.1.2
U5838,233,FUSE2,326432.6648,326432.6648,332264.9648,5832.3,5832.3,1035.4,0.177529,1,p:1.1.2.1.3.1
U5839,233,FUSE2,326471.4648,326471.4648,332690.4279,6218.9631,6218.9631,1035.4,0.166491,1,p:2.3.1.2.3.1
U5840,233,FUSE2,326553.4648,326553.4648,328672.9648,2119.5,2119.5,1035.4,0.488511,1,p:1.2.5.1.2.2
U5841,233,FUSE2,326587.4648,326587.4648,331760.5648,5173.1,5173.1,1035.4,0.200151,1,p:2.1.4.1.3.2
U5842,233,FUSE2,326669.4648,326669.4648,332888.0279,6218.5631,6218.5631,1035.4,0.166501,1,p:1.3.2.2.1.1
U5843,233,FUSE2,326708.2648,326708.2648,329460.5648,2752.3,2752.3,1035.4,0.376194,1,p:2.2.2.2.3.1
U5844,233,FUSE2,326785.4648,326785.4648,332928.5648,6143.1,6143.1,1035.4,0.168547,1,p:1.1.2.1.3.2
U5845,233,FUSE2,326824.2648,326824.2648,331407.7648,4583.5,4583.5,1035.4,0.225897,1,p:2.3.4.1.3.2
U8449,338,FUSE0,326906.2648,326906.2648,328991.7648,2085.5,2085.5,941.0,0.451211,1,p:1.2.3.2.1.1
U8450,338,FUSE0,326940.2648,326940.2648,331952.1648,5011.9,5011.9,941.0,0.187753,1,p:2.1.3.1.2.1
U8451,338,FUSE0,327022.2648,327022.2648,331605.7648,4583.5,4583.5,941.0,0.205302,1,p:1.3.3.1.2.1
U8452,338,FUSE0,327061.0648,327061.0648,329107.7648,2046.7,2046.7,941.0,0.459764,1,p:2.2.4.2.3.1
U8453,338,FUSE0,327138.2648,327138.2648,332500.1648,5361.9,5361.9,941.0,0.175497,1,p:1.1.5.1.3.1
U8454,338,FUSE0,327177.0648,327177.0648,331721.7648,4544.7,4544.7,941.0,0.207054,1,p:2.3.3.2.2.1
U8455,338,FUSE0,327259.0648,327259.0648,330050.1648,2791.1,2791.1,941.0,0.337143,1,p:1.2.1.2.1.1
U8456,338,FUSE1,327293.0648,327293.0648,333356.9648,6063.9,6063.9,1003.0,0.165405,1,p:2.1.1.2.2.1
U8457,338,FUSE1,327375.0648,327375.0648,333278.1648,5903.1,5903.1,1003.0,0.169911,1,p:1.3.1.1.3.2
U8458,338,FUSE1,327413.8648,327413.8648,329499.3648,2085.5,2085.5,1003.0,0.48094,1,p:2.2.3.1.1.2
U8459,338,FUSE1,327491.0648,327491.0648,333123.3648,5632.3,5632.3,1003.0,0.17808,1,p:1.1.4.2.3.1
U8460,338,FUSE1,327529.8648,327529.8648,333007.3648,5477.5,5477.5,1003.0,0.183113,1,p:2.3.4.2.2.1
U8461,338,FUSE1,327611.8648,327611.8648,329697.3648,2085.5,2085.5,1003.0,0.48094,1,p:1.2.4.2.1.1
U8462,338,FUSE1,327645.8648,327645.8648,333825.6279,6179.7631,6179.7631,1003.0,0.162304,1,p:2.1.2.2.3.1
U8463,338,FUSE2,327727.8648,327727.8648,333627.7648,5899.9,5899.9,1035.4,0.175494,1,p:1.3.2.1.3.2
U8464,338,FUSE2,327766.6648,327766.6648,330702.1648,2935.5,2935.5,1035.4,0.352717,1,p:2.2.1.1.3.2
U8465,338,FUSE2,327843.8648,327843.8648,334062.4279,6218.5631,6218.5631,1035.4,0.166501,1,p:1.1.1.2.2.1
U8466,338,FUSE2,327882.6648,327882.6648,333044.5648,5161.9,5161.9,1035.4,0.200585,1,p:2.3.3.1.1.2
U8467,338,FUSE2,327964.6648,327964.6648,330784.1648,2819.5,2819.5,1035.4,0.367228,1,p:1.2.2.2.1.1
U8468,338,FUSE2,327998.6648,327998.6648,333472.9648,5474.3,5474.3,1035.4,0.189138,1,p:2.1.5.2.3.1
U8469,338,FUSE2,328080.6648,328080.6648,333162.1648,5081.5,5081.5,1035.4,0.203759,1,p:1.3.5.1.2.2
U8470,338,FUSE2,328119.4648,328119.4648,330205.7648,2086.3,2086.3,1035.4,0.496285,1,p:2.2.4.1.1.2
U3641,146,FUSE0,328196.6648,328196.6648,334299.2279,6102.5631,6102.5631,941.0,0.154198,1,p:1.1.1.2.1.1
U3642,146,FUSE0,328235.4648,328235.4648,333395.6279,5160.1631,5160.1631,941.0,0.182359,1,p:2.3.3.1.1.2
U3643,146,FUSE0,328317.4648,328317.4648,331170.9648,2853.5,2853.5,941.0,0.32977,1,p:1.2.1.1.2.2
U3644,146,FUSE0,328351.4648,328351.4648,333946.4279,5594.9631,5594.9631,941.0,0.168187,1,p:2.1.4.2.1.1
U3645,146,FUSE0,328433.4648,328433.4648,334178.4279,5744.9631,5744.9631,941.0,0.163796,1,p:1.3.2.2.3.1
U3646,146,FUSE0,328472.2648,328472.2648,330586.1648,2113.9,2113.9,941.0,0.445149,1,p:2.2.5.1.1.2
U3647,146,FUSE0,328549.4648,328549.4648,334884.0279,6334.5631,6334.5631,941.0,0.14855,1,p:1.1.1.2.3.1
U3648,146,FUSE0,328588.2648,328588.2648,333748.4279,5160.1631,5160.1631,941.0,0.182359,1,p:2.3.4.1.1.2
U3649,146,FUSE0,328670.2648,328670.2648,330663.3648,1993.1,1993.1,941.0,0.472129,1,p:1.2.3.2.2.1
U3650,146,FUSE1,328704.2648,328704.2648,334101.2279,5396.9631,5396.9631,1003.0,0.185845,1,p:2.1.5.1.1.2
U3651,146,FUSE1,328786.2648,328786.2648,333980.4279,5194.1631,5194.1631,1003.0,0.193101,1,p:1.3.3.1.3.2
U3652,146,FUSE1,328825.0648,328825.0648,331644.5648,2819.5,2819.5,1003.0,0.355737,1,p:2.2.2.1.1.2
U3653,146,FUSE1,328902.2648,328902.2648,335236.8279,6334.5631,6334.5631,1003.0,0.158338,1,p:1.1.2.2.3.1
U3654,146,FUSE1,328941.0648,328941.0648,334686.0279,5744.9631,5744.9631,1003.0,0.174588,1,p:2.3.1.1.3.2
U3655,146,FUSE1,329023.0648,329023.0648,331136.9648,2113.9,2113.9,1003.0,0.474478,1,p:1.2.4.2.1.1
U3656,146,FUSE1,329057.0648,329057.0648,334415.2279,5358.1631,5358.1631,1003.0,0.187191,1,p:2.1.3.2.2.1
U3657,146,FUSE1,329139.0648,329139.0648,335038.8279,5899.7631,5899.7631,1003.0,0.170007,1,p:1.3.2.1.3.2
U3658,146,FUSE1,329177.8648,329177.8648,331368.9648,2191.1,2191.1,1003.0,0.457761,1,p:2.2.3.2.2.1
U3659,146,FUSE1,329255.0648,329255.0648,334652.0279,5396.9631,5396.9631,1003.0,0.185845,1,p:1.1.5.2.1.1
U3660,146,FUSE2,329293.8648,329293.8648,335275.6279,5981.7631,5981.7631,1035.4,0.173093,1,p:2.3.1.1.2.2
U3661,146,FUSE2,329375.8648,329375.8648,331523.7648,2147.9,2147.9,1035.4,0.482052,1,p:1.2.5.2.3.2
U3662,146,FUSE2,329409.8648,329409.8648,335865.2279,6455.3631,6455.3631,1035.4,0.160394,1,p:2.1.1.1.1.2
U3663,146,FUSE2,329491.8648,329491.8648,334531.2279,5039.3631,5039.3631,1035.4,0.205462,1,p:1.3.4.2.3.1
U3664,146,FUSE2,329530.6648,329530.6648,332812.5648,3281.9,3281.9,1035.4,0.315488,1,p:2.2.1.1.2.2
U3665,146,FUSE2,329607.8648,329607.8648,336097.2279,6489.3631,6489.3631,1035.4,0.159553,1,p:1.1.2.1.3.2
U3666,146,FUSE2,329646.6648,329646.6648,335628.4279,5981.7631,5981.7631,1035.4,0.173093,1,p:2.3.1.1.2.2
U3667,146,FUSE2,329728.6648,329728.6648,331876.5648,2147.9,2147.9,1035.4,0.482052,1,p:1.2.5.1.3.2
U3668,146,FUSE2,329762.6648,329762.6648,335512.4279,5749.7631,5749.7631,1035.4,0.180077,1,p:2.1.4.1.1.2
U3669,146,FUSE2,329844.6648,329844.6648,334768.0279,4923.3631,4923.3631,1035.4,0.210303,1,p:1.3.3.2.2.1
U5065,203,FUSE0,329884.2648,329956.8648,336063.2279,6178.9631,6178.9631,941.0,0.152291,1,p:1.1.2.2.1.1
U5066,203,FUSE0,329960.6648,329960.6648,332167.3648,2206.7,2206.7,941.0,0.426429,1,p:2.2.5.1.2.2
U5067,203,FUSE0,330000.2648,330069.0648,335120.8279,5120.5631,5120.5631,941.0,0.183769,1,p:1.3.4.2.2.1
U5068,203,FUSE0,330081.4648,330081.4648,335473.6279,5392.1631,5392.1631,941.0,0.174513,1,p:2.1.3.2.2.1
U5069,203,FUSE0,330116.2648,330181.2648,333240.8279,3124.5631,3124.5631,941.0,0.301162,1,p:1.2.2.2.1.1
U5070,203,FUSE0,330197.4648,330197.4648,335004.8279,4807.3631,4807.3631,941.0,0.195741,1,p:2.3.3.2.1.1
U5071,203,FUSE0,330237.0648,330293.4648,336648.0279,6410.9631,6410.9631,941.0,0.14678,1,p:1.1.1.2.3.1
U5072,203,FUSE0,330313.4648,330313.4648,332402.5648,2089.1,2089.1,941.0,0.450433,1,p:2.2.3.1.2.2
U5073,203,FUSE1,330353.0648,330405.6648,335391.6279,5038.5631,5038.5631,1003.0,0.199065,1,p:1.3.3.1.3.2
U5074,203,FUSE1,330462.6648,330462.6648,335826.4279,5363.7631,5363.7631,1003.0,0.186996,1,p:2.1.5.2.2.1
U5075,203,FUSE1,330469.0648,330517.8648,332637.7648,2168.7,2168.7,1003.0,0.462489,1,p:1.2.4.1.2.2
U5076,203,FUSE1,330578.6648,330578.6648,335710.4279,5131.7631,5131.7631,1003.0,0.195449,1,p:2.3.4.2.1.1
U5077,203,FUSE1,330617.4648,330630.0648,336334.0279,5716.5631,5716.5631,1003.0,0.175455,1,p:1.1.4.1.2.2
U5078,203,FUSE1,330694.6648,330694.6648,333709.6279,3014.9631,3014.9631,1003.0,0.332674,1,p:2.2.1.2.2.1
U5079,203,FUSE1,330733.4648,330742.2648,336416.0279,5682.5631,5682.5631,1003.0,0.176505,1,p:1.3.2.2.1.1
U5080,203,FUSE1,330815.4648,330815.4648,337276.4279,6460.9631,6460.9631,1003.0,0.15524,1,p:2.1.2.1.1.2
U5081,203,FUSE2,330849.4648,330854.4648,333511.7648,2662.3,2662.3,1035.4,0.388912,1,p:1.2.4.1.2.2
U5082,203,FUSE2,330931.4648,330931.4648,335981.2279,5049.7631,5049.7631,1035.4,0.205039,1,p:2.3.3.1.2.2
U5083,203,FUSE2,330970.2648,330970.2648,336686.8279,5716.5631,5716.5631,1035.4,0.181123,1,p:1.1.5.1.2.2
U5084,203,FUSE2,331047.4648,331047.4648,333593.6279,2546.1631,2546.1631,1035.4,0.406651,1,p:2.2.3.2.1.1
U5085,203,FUSE2,331086.2648,331086.2648,336768.8279,5682.5631,5682.5631,1035.4,0.182207,1,p:1.3.2.2.1.1
U5086,203,FUSE2,331168.2648,331168.2648,337745.2279,6576.9631,6576.9631,1035.4,0.157428,1,p:2.1.1.1.2.2
U5087,203,FUSE2,331202.2648,331202.2648,334570.0279,3367.7631,3367.7631,1035.4,0.307444,1,p:1.2.2.1.2.2
U5088,203,FUSE2,331284.2648,331284.2648,336295.2279,5010.9631,5010.9631,1035.4,0.206627,1,p:2.3.3.2.3.1
U5089,203,FUSE2,331323.0648,331323.0648,333864.4279,2541.3631,2541.3631,1035.4,0.407419,1,p:1.2.5.1.2.2
U4964,199,FUSE0,331400.2648,331400.2648,336884.8279,5484.5631,5484.5631,941.0,0.171572,1,p:2.1.5.2.2.1
U4965,199,FUSE0,331439.0648,331439.0648,337237.6279,5798.5631,5798.5631,941.0,0.162282,1,p:1.3.1.2.2.1
U4966,199,FUSE0,331521.0648,331521.0648,334806.8279,3285.7631,3285.7631,941.0,0.286387,1,p:2.2.2.1.1.2
U4967,199,FUSE0,331555.0648,331555.0648,337155.6279,5600.5631,5600.5631,941.0,0.168019,1,p:1.1.4.1.3.2
U4968,199,FUSE0,331637.0648,331637.0648,336570.8279,4933.7631,4933.7631,941.0,0.190727,1,p:2.3.3.1.1.2
U4969,199,FUSE0,331675.8648,331675.8648,334333.2279,2657.3631,2657.3631,941.0,0.35411,1,p:1.2.4.1.3.2
U4970,199,FUSE0,331753.0648,331753.0648,337353.6279,5600.5631,5600.5631,941.0,0.168019,1,p:2.1.4.2.3.1
U4971,199,FUSE0,331791.8648,331791.8648,336923.6279,5131.7631,5131.7631,941.0,0.183368,1,p:1.3.4.1.1.2
U4972,199,FUSE0,331907.8648,331907.8648,334217.2279,2309.3631,2309.3631,941.0,0.407472,1,p:2.2.3.1.2.2
U4973,199,FUSE1,331983.4648,331983.4648,337861.2279,5877.7631,5877.7631,1003.0,0.170643,1,p:1.3.2.1.3.2
U4974,199,FUSE1,332063.0648,332063.0648,338334.8279,6271.7631,6271.7631,1003.0,0.159923,1,p:2.1.1.1.1.2
U4975,199,FUSE1,332198.6648,332198.6648,334454.0279,2255.3631,2255.3631,1003.0,0.444718,1,p:1.2.5.1.1.2
U4976,199,FUSE1,332296.2648,332296.2648,338450.8279,6154.5631,6154.5631,1003.0,0.162969,1,p:2.1.2.1.2.2
U4977,199,FUSE1,332433.8648,332433.8648,334922.8279,2488.9631,2488.9631,1003.0,0.402979,1,p:1.2.4.1.2.2
U4978,199,FUSE1,332531.4648,332531.4648,337121.6279,4590.1631,4590.1631,1003.0,0.218511,1,p:2.3.5.2.1.1
U4979,199,FUSE1,332669.0648,332669.0648,337827.2279,5158.1631,5158.1631,1003.0,0.194449,1,p:1.1.4.2.1.1
U4980,199,FUSE1,332721.7279,332721.7279,335744.4279,3022.7,3022.7,1003.0,0.331823,1,p:2.2.2.1.3.2
U4981,199,FUSE1,332843.8648,332843.8648,337982.0279,5138.1631,5138.1631,1003.0,0.195206,1,p:1.1.3.1.1.2
U4982,199,FUSE2,332919.3279,332919.3279,335159.6279,2240.3,2240.3,1035.4,0.46217,1,p:2.2.5.1.1.2
U4983,199,FUSE2,332959.8648,332959.8648,338214.0279,5254.1631,5254.1631,1035.4,0.197063,1,p:1.1.4.1.3.2
U4984,199,FUSE2,333038.6648,333038.6648,338059.2279,5020.5631,5020.5631,1035.4,0.206232,1,p:2.3.2.2.3.1
U4985,199,FUSE2,333075.8648,333075.8648,336179.2279,3103.3631,3103.3631,1035.4,0.333638,1,p:1.2.1.2.2.1
U4986,199,FUSE2,333154.6648,333154.6648,339156.4279,6001.7631,6001.7631,1035.4,0.172516,1,p:2.1.1.1.2.2
U4987,199,FUSE2,333193.4648,333193.4648,337508.4279,4314.9631,4314.9631,1035.4,0.239956,1,p:1.3.5.1.3.2
U4988,199,FUSE2,333272.1279,333272.1279,335357.6279,2085.5,2085.5,1035.4,0.496476,1,p:2.2.5.2.1.1
U4989,199,FUSE2,333309.4648,333309.4648,338412.0279,5102.5631,5102.5631,1035.4,0.202918,1,p:1.1.4.2.3.1
U4990,199,FUSE2,333388.2648,333388.2648,337590.4279,4202.1631,4202.1631,1035.4,0.246397,1,p:2.3.3.2.2.1
U4645,186,FUSE0,333426.9279,333426.9279,336450.0279,3023.1,3023.1,941.0,0.31127,1,p:1.2.1.1.3.2
U4646,186,FUSE0,333504.2648,333504.2648,339393.2279,5888.9631,5888.9631,941.0,0.15979,1,p:2.1.1.1.1.2
U4647,186,FUSE0,333543.0648,333543.0648,337706.4279,4163.3631,4163.3631,941.0,0.226019,1,p:1.3.5.2.3.1
U4648,186,FUSE0,333624.9279,333624.9279,335589.6279,1964.7,1964.7,941.0,0.478954,1,p:2.2.5.2.3.1
U4649,186,FUSE0,333659.0648,333659.0648,338764.8279,5105.7631,5105.7631,941.0,0.184302,1,p:1.1.3.2.3.1
U4650,186,FUSE0,333740.9279,333740.9279,338803.6279,5062.7,5062.7,941.0,0.185869,1,p:2.3.1.1.2.2
U4651,186,FUSE0,333779.7279,333779.7279,335942.4279,2162.7,2162.7,941.0,0.435104,1,p:1.2.4.2.3.1
U4652,186,FUSE0,333856.9279,333856.9279,339823.2279,5966.3,5966.3,941.0,0.157719,1,p:2.1.2.2.3.1
U4653,186,FUSE0,333895.7279,333895.7279,339040.4279,5144.7,5144.7,941.0,0.182907,1,p:1.3.2.1.1.2
U4654,186,FUSE1,333977.7279,333977.7279,337039.6279,3061.9,3061.9,1003.0,0.327574,1,p:2.2.1.1.2.2
U4655,186,FUSE1,334011.7279,334011.7279,339272.4279,5260.7,5260.7,1003.0,0.190659,1,p:1.1.5.1.3.2
U4656,186,FUSE1,334093.7279,334093.7279,338296.0279,4202.3,4202.3,1003.0,0.238679,1,p:2.3.5.2.2.1
U4657,186,FUSE1,334132.5279,334132.5279,336218.0279,2085.5,2085.5,1003.0,0.48094,1,p:1.2.5.1.1.2
U4658,186,FUSE1,334209.7279,334209.7279,339509.2279,5299.5,5299.5,1003.0,0.189263,1,p:2.1.4.1.2.2
U4659,186,FUSE1,334248.5279,334248.5279,338532.8279,4284.3,4284.3,1003.0,0.234111,1,p:1.3.3.2.1.1
U4660,186,FUSE1,334330.5279,334330.5279,336532.0279,2201.5,2201.5,1003.0,0.455598,1,p:2.2.4.2.2.1
U4661,186,FUSE1,334364.5279,334364.5279,340330.8279,5966.3,5966.3,1003.0,0.168111,1,p:1.1.1.1.3.2
U4662,186,FUSE1,334446.5279,334446.5279,339625.2279,5178.7,5178.7,1003.0,0.193678,1,p:2.3.2.1.3.2
U4663,186,FUSE2,334485.3279,334485.3279,337474.4279,2989.1,2989.1,1035.4,0.346392,1,p:1.2.2.2.1.1
U4664,186,FUSE2,334562.5279,334562.5279,339862.0279,5299.5,5299.5,1035.4,0.195377,1,p:2.1.4.1.2.2
U4665,186,FUSE2,334601.3279,334601.3279,339746.0279,5144.7,5144.7,1035.4,0.201256,1,p:1.3.1.1.1.2
U4666,186,FUSE2,334683.3279,334683.3279,336802.8279,2119.5,2119.5,1035.4,0.488511,1,p:2.2.3.1.3.2
U4667,186,FUSE2,334717.3279,334717.3279,340804.4279,6087.1,6087.1,1035.4,0.170097,1,p:1.1.2.1.1.2
U4668,186,FUSE2,334799.3279,334799.3279,339117.6279,4318.3,4318.3,1035.4,0.23977,1,p:2.3.3.2.3.1
U4669,186,FUSE2,334838.1279,334838.1279,337943.2279,3105.1,3105.1,1035.4,0.333451,1,p:1.2.1.2.2.1
U4670,186,FUSE2,334915.3279,334915.3279,340060.0279,5144.7,5144.7,1035.4,0.201256,1,p:2.1.4.2.2.1
U4671,186,FUSE2,334954.1279,334954.1279,339944.0279,4989.9,4989.9,1035.4,0.207499,1,p:1.3.1.2.1.1
U7324,293,FUSE0,335036.1279,335036.1279,337000.8279,1964.7,1964.7,941.0,0.478954,1,p:2.2.3.2.3.1
U7325,293,FUSE0,335070.1279,335070.1279,340176.0279,5105.9,5105.9,941.0,0.184297,1,p:1.1.3.2.3.1
U7326,293,FUSE0,335152.1279,335152.1279,339354.4279,4202.3,4202.3,941.0,0.223925,1,p:2.3.3.2.2.1
U7327,293,FUSE0,335190.9279,335190.9279,337392.4279,2201.5,2201.5,941.0,0.427436,1,p:1.2.3.1.2.2
U7328,293,FUSE0,335268.1279,335268.1279,341273.2279,6005.1,6005.1,941.0,0.1567,1,p:2.1.1.1.2.2
U7329,293,FUSE0,335306.9279,335306.9279,340296.8279,4989.9,4989.9,941.0,0.188581,1,p:1.3.2.2.1.1
U7330,293,FUSE0,335388.9279,335388.9279,337629.2279,2240.3,2240.3,941.0,0.420033,1,p:2.2.4.1.1.2
U7331,293,FUSE0,335422.9279,335422.9279,340528.8279,5105.9,5105.9,941.0,0.184297,1,p:1.1.5.2.3.1
U7332,293,FUSE0,335504.9279,335504.9279,339707.2279,4202.3,4202.3,941.0,0.223925,1,p:2.3.5.2.2.1
U7333,293,FUSE0,335543.7279,335543.7279,338566.8279,3023.1,3023.1,941.0,0.31127,1,p:1.2.1.1.3.2
U7334,293,FUSE1,335620.9279,335620.9279,340765.6279,5144.7,5144.7,1003.0,0.194958,1,p:2.1.3.2.2.1
U7335,293,FUSE1,335659.7279,335659.7279,339978.0279,4318.3,4318.3,1003.0,0.232267,1,p:1.3.3.1.3.2
U7336,293,FUSE1,335741.7279,335741.7279,338648.8279,2907.1,2907.1,1003.0,0.345017,1,p:2.2.2.2.2.1
U7337,293,FUSE1,335775.7279,335775.7279,341036.4279,5260.7,5260.7,1003.0,0.190659,1,p:1.1.4.1.3.2
U7338,293,FUSE1,335857.7279,335857.7279,340881.6279,5023.9,5023.9,1003.0,0.199646,1,p:2.3.1.2.3.1
U7339,293,FUSE1,335896.5279,335896.5279,338098.0279,2201.5,2201.5,1003.0,0.455598,1,p:1.2.5.1.2.2
U7340,293,FUSE1,335973.7279,335973.7279,341118.4279,5144.7,5144.7,1003.0,0.194958,1,p:2.1.5.2.2.1
U7341,293,FUSE1,336012.5279,336012.5279,340451.6279,4439.1,4439.1,1003.0,0.225947,1,p:1.3.5.1.1.2
U7342,293,FUSE1,336094.5279,336094.5279,338180.0279,2085.5,2085.5,1003.0,0.48094,1,p:2.2.3.2.1.1
U7343,293,FUSE1,336128.5279,336128.5279,342060.8279,5932.3,5932.3,1003.0,0.169074,1,p:1.1.1.2.1.1
U7344,293,FUSE2,336210.5279,336210.5279,341355.2279,5144.7,5144.7,1035.4,0.201256,1,p:2.3.2.2.1.1
U7345,293,FUSE2,336249.3279,336249.3279,339238.4279,2989.1,2989.1,1035.4,0.346392,1,p:1.2.2.2.1.1
U7346,293,FUSE2,336326.5279,336326.5279,341510.0279,5183.5,5183.5,1035.4,0.199749,1,p:2.1.5.1.1.2
U7347,293,FUSE2,336365.3279,336365.3279,341471.2279,5105.9,5105.9,1035.4,0.202785,1,p:1.3.1.2.2.1
U7348,293,FUSE2,336447.3279,336447.3279,338687.6279,2240.3,2240.3,1035.4,0.46217,1,p:2.2.5.1.1.2
U7349,293,FUSE2,336481.3279,336481.3279,342413.6279,5932.3,5932.3,1035.4,0.174536,1,p:1.1.1.2.1.1
U7350,293,FUSE2,336563.3279,336563.3279,341742.0279,5178.7,5178.7,1035.4,0.199934,1,p:2.3.2.1.3.2
U7351,293,FUSE2,336602.1279,336602.1279,338919.6279,2317.5,2317.5,1035.4,0.446775,1,p:1.2.4.1.3.2
U7352,293,FUSE2,336679.3279,336679.3279,341824.0279,5144.7,5144.7,1035.4,0.201256,1,p:2.1.4.2.2.1
U7353,293,FUSE2,336718.1279,336718.1279,341708.0279,4989.9,4989.9,1035.4,0.207499,1,p:1.3.1.2.1.1
U5474,219,FUSE0,336800.1279,336800.1279,338885.6279,2085.5,2085.5,941.0,0.451211,1,p:2.2.5.2.1.1
U5475,219,FUSE0,336834.1279,336834.1279,342645.6279,5811.5,5811.5,941.0,0.16192,1,p:1.1.2.2.3.1
U5476,219,FUSE0,336916.1279,336916.1279,341978.8279,5062.7,5062.7,941.0,0.185869,1,p:2.3.2.1.2.2
U5477,219,FUSE0,336954.9279,336954.9279,339001.6279,2046.7,2046.7,941.0,0.459764,1,p:1.2.4.2.2.1
U5478,219,FUSE0,337032.1279,337032.1279,342176.8279,5144.7,5144.7,941.0,0.182907,1,p:2.1.3.2.2.1
U5479,219,FUSE0,337070.9279,337070.9279,341389.2279,4318.3,4318.3,941.0,0.21791,1,p:1.3.3.1.3.2
U5480,219,FUSE0,337152.9279,337152.9279,340098.8279,2945.9,2945.9,941.0,0.319427,1,p:2.2.2.1.1.2
U5481,219,FUSE0,337186.9279,337186.9279,342292.8279,5105.9,5105.9,941.0,0.184297,1,p:1.1.4.2.3.1
U5482,219,FUSE1,337268.9279,337268.9279,341626.0279,4357.1,4357.1,1003.0,0.230199,1,p:2.3.4.1.2.2
U5483,219,FUSE1,337307.7279,337307.7279,339470.4279,2162.7,2162.7,1003.0,0.463772,1,p:1.2.5.2.3.1
U5484,219,FUSE1,337384.9279,337384.9279,343235.2279,5850.3,5850.3,1003.0,0.171444,1,p:2.1.1.2.2.1
U5485,219,FUSE1,337423.7279,337423.7279,342529.6279,5105.9,5105.9,1003.0,0.196439,1,p:1.3.2.2.2.1
U5486,219,FUSE1,337505.7279,337505.7279,339591.2279,2085.5,2085.5,1003.0,0.48094,1,p:2.2.3.2.1.1
U5487,219,FUSE1,337539.7279,337539.7279,342800.4279,5260.7,5260.7,1003.0,0.190659,1,p:1.1.3.1.3.2
U5488,219,FUSE1,337621.7279,337621.7279,341940.0279,4318.3,4318.3,1003.0,0.232267,1,p:2.3.3.2.3.1
U5489,219,FUSE1,337660.5279,337660.5279,340683.6279,3023.1,3023.1,1003.0,0.331779,1,p:1.2.1.1.3.2
U5490,219,FUSE2,337737.7279,337737.7279,343704.0279,5966.3,5966.3,1035.4,0.173541,1,p:2.1.1.2.3.1
U5491,219,FUSE2,337776.5279,337776.5279,342215.6279,4439.1,4439.1,1035.4,0.233245,1,p:1.3.5.1.1.2
U5492,219,FUSE2,337858.5279,337858.5279,340214.8279,2356.3,2356.3,1035.4,0.439418,1,p:2.2.5.1.2.2
U5493,219,FUSE2,337892.5279,337892.5279,343037.2279,5144.7,5144.7,1035.4,0.201256,1,p:1.1.3.1.2.2
U5494,219,FUSE2,337974.5279,337974.5279,343119.2279,5144.7,5144.7,1035.4,0.201256,1,p:2.3.2.2.1.1
U5495,219,FUSE2,338013.3279,338013.3279,341002.4279,2989.1,2989.1,1035.4,0.346392,1,p:1.2.2.2.1.1
U5496,219,FUSE2,338090.5279,338090.5279,344095.6279,6005.1,6005.1,1035.4,0.17242,1,p:2.1.1.1.2.2
U5497,219,FUSE2,338129.3279,338129.3279,342568.4279,4439.1,4439.1,1035.4,0.233245,1,p:1.3.5.1.1.2
U5498,219,FUSE2,338211.3279,338211.3279,340412.8279,2201.5,2201.5,1035.4,0.470316,1,p:2.2.4.2.2.1
U683,28,FUSE0,338245.3279,338245.3279,344177.6279,5932.3,5932.3,941.0,0.158623,1,p:1.1.2.2.1.1
U684,28,FUSE0,338327.3279,338327.3279,343390.0279,5062.7,5062.7,941.0,0.185869,1,p:2.3.2.1.2.2
U685,28,FUSE0,338366.1279,338366.1279,340567.6279,2201.5,2201.5,941.0,0.427436,1,p:1.2.3.1.2.2
U686,28,FUSE0,338443.3279,338443.3279,343626.8279,5183.5,5183.5,941.0,0.181538,1,p:2.1.5.1.1.2
U687,28,FUSE0,338482.1279,338482.1279,342766.4279,4284.3,4284.3,941.0,0.219639,1,p:1.3.5.2.1.1
U688,28,FUSE0,338564.1279,338564.1279,340649.6279,2085.5,2085.5,941.0,0.451211,1,p:2.2.4.2.1.1
U689,28,FUSE0,338598.1279,338598.1279,343858.8279,5260.7,5260.7,941.0,0.178874,1,p:1.1.4.1.3.2
U690,28,FUSE0,338680.1279,338680.1279,342882.4279,4202.3,4202.3,941.0,0.223925,1,p:2.3.4.2.2.1
U691,28,FUSE0,338718.9279,338718.9279,340920.4279,2201.5,2201.5,941.0,0.427436,1,p:1.2.5.1.2.2
U692,28,FUSE1,338796.1279,338796.1279,343824.8279,5028.7,5028.7,1003.0,0.199455,1,p:2.1.3.2.1.1
U693,28,FUSE1,338834.9279,338834.9279,343979.6279,5144.7,5144.7,1003.0,0.194958,1,p:1.3.2.1.1.2
U694,28,FUSE1,338916.9279,338916.9279,341157.2279,2240.3,2240.3,1003.0,0.447708,1,p:2.2.3.1.1.2
U695,28,FUSE1,338950.9279,338950.9279,344883.2279,5932.3,5932.3,1003.0,0.169074,1,p:1.1.1.2.1.1
U696,28,FUSE1,339032.9279,339032.9279,343351.2279,4318.3,4318.3,1003.0,0.232267,1,p:2.3.5.2.3.1
U697,28,FUSE1,339071.7279,339071.7279,341234.4279,2162.7,2162.7,1003.0,0.463772,1,p:1.2.4.2.3.1
U698,28,FUSE1,339148.9279,339148.9279,345115.2279,5966.3,5966.3,1003.0,0.168111,1,p:2.1.2.2.3.1
U699,28,FUSE1,339187.7279,339187.7279,343472.0279,4284.3,4284.3,1003.0,0.234111,1,p:1.3.4.2.1.1
U700,28,FUSE1,339269.7279,339269.7279,342331.6279,3061.9,3061.9,1003.0,0.327574,1,p:2.2.2.1.2.2
U701,28,FUSE2,339303.7279,339303.7279,344530.4279,5226.7,5226.7,1035.4,0.198098,1,p:1.1.5.2.1.1
U702,28,FUSE2,339385.7279,339385.7279,344409.6279,5023.9,5023.9,1035.4,0.206095,1,p:2.3.2.2.3.1
U703,28,FUSE2,339424.5279,339424.5279,341587.2279,2162.7,2162.7,1035.4,0.478753,1,p:1.2.3.2.3.1
U704,28,FUSE2,339501.7279,339501.7279,345506.8279,6005.1,6005.1,1035.4,0.17242,1,p:2.1.2.1.2.2
U705,28,FUSE2,339540.5279,339540.5279,343940.8279,4400.3,4400.3,1035.4,0.235302,1,p:1.3.5.2.2.1
U706,28,FUSE2,339622.5279,339622.5279,341862.8279,2240.3,2240.3,1035.4,0.46217,1,p:2.2.5.1.1.2
U707,28,FUSE2,339656.5279,339656.5279,344762.4279,5105.9,5105.9,1035.4,0.202785,1,p:1.1.3.2.3.1
U708,28,FUSE2,339738.5279,339738.5279,344917.2279,5178.7,5178.7,1035.4,0.199934,1,p:2.3.2.1.3.2
U709,28,FUSE2,339777.3279,339777.3279,342921.2279,3143.9,3143.9,1035.4,0.329336,1,p:1.2.1.1.1.2
U4914,197,FUSE0,339854.5279,339854.5279,344999.2279,5144.7,5144.7,941.0,0.182907,1,p:2.1.5.2.2.1
U4915,197,FUSE0,339893.3279,339893.3279,344211.6279,4318.3,4318.3,941.0,0.21791,1,p:1.3.5.1.3.2
U4916,197,FUSE0,339975.3279,339975.3279,342094.8279,2119.5,2119.5,941.0,0.443973,1,p:2.2.4.1.3.2
U4917,197,FUSE0,340009.3279,340009.3279,345941.6279,5932.3,5932.3,941.0,0.158623,1,p:1.1.2.2.1.1
U4918,197,FUSE0,340091.3279,340091.3279,344293.6279,4202.3,4202.3,941.0,0.223925,1,p:2.3.4.2.2.1
U4919,197,FUSE0,340130.1279,340130.1279,342998.4279,2868.3,2868.3,941.0,0.328069,1,p:1.2.1.2.3.1
U4920,197,FUSE0,340207.3279,340207.3279,346212.4279,6005.1,6005.1,941.0,0.1567,1,p:2.1.1.1.2.2
U4921,197,FUSE0,340246.1279,340246.1279,344564.4279,4318.3,4318.3,941.0,0.21791,1,p:1.3.3.1.3.2
U4922,197,FUSE0,340328.1279,340328.1279,342447.6279,2119.5,2119.5,941.0,0.443973,1,p:2.2.3.1.3.2
U4923,197,FUSE0,340362.1279,340362.1279,345468.0279,5105.9,5105.9,941.0,0.184297,1,p:1.1.4.2.3.1
U4924,197,FUSE1,340444.1279,340444.1279,345622.8279,5178.7,5178.7,1003.0,0.193678,1,p:2.3.1.1.3.2
U4925,197,FUSE1,340482.9279,340482.9279,342684.4279,2201.5,2201.5,1003.0,0.455598,1,p:1.2.4.1.2.2
U4926,197,FUSE1,340560.1279,340560.1279,345743.6279,5183.5,5183.5,1003.0,0.193499,1,p:2.1.3.1.1.2
U4927,197,FUSE1,340598.9279,340598.9279,345038.0279,4439.1,4439.1,1003.0,0.225947,1,p:1.3.4.1.1.2
U4928,197,FUSE1,340680.9279,340680.9279,343588.0279,2907.1,2907.1,1003.0,0.345017,1,p:2.2.2.2.2.1
U4929,197,FUSE1,340714.9279,340714.9279,345975.6279,5260.7,5260.7,1003.0,0.190659,1,p:1.1.5.1.3.2
U4930,197,FUSE1,340796.9279,340796.9279,345820.8279,5023.9,5023.9,1003.0,0.199646,1,p:2.3.1.2.3.1
U4931,197,FUSE1,340835.7279,340835.7279,343153.2279,2317.5,2317.5,1003.0,0.432794,1,p:1.2.5.1.3.2
U4932,197,FUSE1,340912.9279,340912.9279,346879.2279,5966.3,5966.3,1003.0,0.168111,1,p:2.1.2.2.3.1
U4933,197,FUSE1,340951.7279,340951.7279,345236.0279,4284.3,4284.3,1003.0,0.234111,1,p:1.3.4.2.1.1
U4934,197,FUSE2,341033.7279,341033.7279,343274.0279,2240.3,2240.3,1035.4,0.46217,1,p:2.2.4.1.1.2
U4935,197,FUSE2,341067.7279,341067.7279,346173.6279,5105.9,5105.9,1035.4,0.202785,1,p:1.1.5.2.3.1
U4936,197,FUSE2,341149.7279,341149.7279,345352.0279,4202.3,4202.3,1035.4,0.246389,1,p:2.3.3.2.2.1
U4937,197,FUSE2,341188.5279,341188.5279,343506.0279,2317.5,2317.5,1035.4,0.446775,1,p:1.2.3.1.3.2
U4938,197,FUSE2,341265.7279,341265.7279,347232.0279,5966.3,5966.3,1035.4,0.173541,1,p:2.1.1.2.3.1
U4939,197,FUSE2,341304.5279,341304.5279,345588.8279,4284.3,4284.3,1035.4,0.241673,1,p:1.3.5.2.1.1
U4940,197,FUSE2,341386.5279,341386.5279,344448.4279,3061.9,3061.9,1035.4,0.338156,1,p:2.2.1.1.2.2
U4941,197,FUSE2,341420.5279,341420.5279,346802.0279,5381.5,5381.5,1035.4,0.1924,1,p:1.1.4.1.1.2
U4942,197,FUSE2,341502.5279,341502.5279,346526.4279,5023.9,5023.9,1035.4,0.206095,1,p:2.3.2.2.3.1
U1037,42,FUSE0,341541.3279,341541.3279,343742.8279,2201.5,2201.5,941.0,0.427436,1,p:1.2.3.1.2.2
U1038,42,FUSE0,341618.5279,341618.5279,347352.8279,5734.3,5734.3,941.0,0.1641,1,p:2.1.1.2.1.1
U1039,42,FUSE0,341657.3279,341657.3279,346647.2279,4989.9,4989.9,941.0,0.188581,1,p:1.3.1.2.1.1
U1040,42,FUSE0,341739.3279,341739.3279,344685.2279,2945.9,2945.9,941.0,0.319427,1,p:2.2.1.1.1.2
U1041,42,FUSE0,341773.3279,341773.3279,347034.0279,5260.7,5260.7,941.0,0.178874,1,p:1.1.3.1.3.2
U1042,42,FUSE0,341855.3279,341855.3279,346057.6279,4202.3,4202.3,941.0,0.223925,1,p:2.3.4.2.2.1
U1043,42,FUSE1,341894.1279,341894.1279,344056.8279,2162.7,2162.7,1003.0,0.463772,1,p:1.2.4.2.3.1
U1044,42,FUSE1,341971.3279,341971.3279,347154.8279,5183.5,5183.5,1003.0,0.193499,1,p:2.1.5.1.1.2
U1045,42,FUSE1,342010.1279,342010.1279,346449.2279,4439.1,4439.1,1003.0,0.225947,1,p:1.3.3.1.1.2
U1046,42,FUSE1,342092.1279,342092.1279,344332.4279,2240.3,2240.3,1003.0,0.447708,1,p:2.2.3.1.1.2
U1047,42,FUSE1,342126.1279,342126.1279,347386.8279,5260.7,5260.7,1003.0,0.190659,1,p:1.1.4.1.3.2
U1048,42,FUSE1,342208.1279,342208.1279,347270.8279,5062.7,5062.7,1003.0,0.198116,1,p:2.3.2.1.2.2
U1049,42,FUSE2,342246.9279,342246.9279,345270.0279,3023.1,3023.1,1035.4,0.342496,1,p:1.2.1.1.3.2
U1050,42,FUSE2,342324.1279,342324.1279,347507.6279,5183.5,5183.5,1035.4,0.199749,1,p:2.1.3.1.1.2
U1051,42,FUSE2,342362.9279,342362.9279,346681.2279,4318.3,4318.3,1035.4,0.23977,1,p:1.3.3.1.3.2
U1052,42,FUSE2,342444.9279,342444.9279,344646.4279,2201.5,2201.5,1035.4,0.470316,1,p:2.2.4.2.2.1
U1053,42,FUSE2,342478.9279,342478.9279,348411.2279,5932.3,5932.3,1035.4,0.174536,1,p:1.1.2.2.1.1
U1054,42,FUSE2,342560.9279,342560.9279,346763.2279,4202.3,4202.3,1035.4,0.246389,1,p:2.3.5.2.2.1
U2913,117,FUSE0,342599.7279,342599.7279,344801.2279,2201.5,2201.5,941.0,0.427436,1,p:1.2.5.1.2.2
U2914,117,FUSE0,342676.9279,342676.9279,347976.4279,5299.5,5299.5,941.0,0.177564,1,p:2.1.4.1.2.2
U2915,117,FUSE0,342715.7279,342715.7279,347584.8279,4869.1,4869.1,941.0,0.19326,1,p:1.3.1.2.3.1
U2916,117,FUSE0,342797.7279,342797.7279,345704.8279,2907.1,2907.1,941.0,0.32369,1,p:2.2.2.2.2.1
U2917,117,FUSE0,342831.7279,342831.7279,348092.4279,5260.7,5260.7,941.0,0.178874,1,p:1.1.3.1.3.2
U2918,117,FUSE0,342913.7279,342913.7279,347116.0279,4202.3,4202.3,941.0,0.223925,1,p:2.3.3.2.2.1
U2919,117,FUSE0,342952.5279,342952.5279,345154.0279,2201.5,2201.5,941.0,0.427436,1,p:1.2.3.1.2.2
U2920,117,FUSE1,343029.7279,343029.7279,349150.8279,6121.1,6121.1,1003.0,0.163859,1,p:2.1.2.1.3.2
U2921,117,FUSE1,343068.5279,343068.5279,348058.4279,4989.9,4989.9,1003.0,0.201006,1,p:1.3.2.2.1.1
U2922,117,FUSE1,343150.5279,343150.5279,345390.8279,2240.3,2240.3,1003.0,0.447708,1,p:2.2.5.1.1.2
U2923,117,FUSE1,343184.5279,343184.5279,348566.0279,5381.5,5381.5,1003.0,0.186379,1,p:1.1.4.1.1.2
U2924,117,FUSE1,343266.5279,343266.5279,347739.6279,4473.1,4473.1,1003.0,0.224229,1,p:2.3.4.1.3.2
U2925,117,FUSE1,343305.3279,343305.3279,346328.4279,3023.1,3023.1,1003.0,0.331779,1,p:1.2.2.1.3.2
U2926,117,FUSE1,343382.5279,343382.5279,349503.6279,6121.1,6121.1,1003.0,0.163859,1,p:2.1.2.1.3.2
U2927,117,FUSE2,343421.3279,343421.3279,347821.6279,4400.3,4400.3,1035.4,0.235302,1,p:1.3.5.2.2.1
U2928,117,FUSE2,343503.3279,343503.3279,346410.4279,2907.1,2907.1,1035.4,0.356162,1,p:2.2.1.2.2.1
U2929,117,FUSE2,343537.3279,343537.3279,348643.2279,5105.9,5105.9,1035.4,0.202785,1,p:1.1.5.2.3.1
U2930,117,FUSE2,343619.3279,343619.3279,348918.8279,5299.5,5299.5,1035.4,0.195377,1,p:2.3.1.1.1.2
U2931,117,FUSE2,343658.1279,343658.1279,345859.6279,2201.5,2201.5,1035.4,0.470316,1,p:1.2.4.1.2.2
U2932,117,FUSE2,343735.3279,343735.3279,348764.0279,5028.7,5028.7,1035.4,0.205898,1,p:2.1.3.2.1.1
U2933,117,FUSE2,343774.1279,343774.1279,348329.2279,4555.1,4555.1,1035.4,0.227306,1,p:1.3.5.1.2.2
U2934,117,FUSE2,343856.1279,343856.1279,346096.4279,2240.3,2240.3,1035.4,0.46217,1,p:2.2.3.1.1.2
U7895,316,FUSE0,343890.1279,343890.1279,349977.2279,6087.1,6087.1,941.0,0.154589,1,p:1.1.1.1.1.2
U7896,316,FUSE0,343972.1279,343972.1279,348880.0279,4907.9,4907.9,941.0,0.191732,1,p:2.3.1.2.2.1
U7897,316,FUSE0,344010.9279,344010.9279,346918.0279,2907.1,2907.1,941.0,0.32369,1,p:1.2.1.1.2.2
U7898,316,FUSE0,344088.1279,344088.1279,349116.8279,5028.7,5028.7,941.0,0.187126,1,p:2.1.4.2.1.1
U7899,316,FUSE0,344126.9279,344126.9279,348290.4279,4163.5,4163.5,941.0,0.226012,1,p:1.3.5.2.3.1
U7900,316,FUSE0,344208.9279,344208.9279,346294.4279,2085.5,2085.5,941.0,0.451211,1,p:2.2.4.2.1.1
U7901,316,FUSE0,344242.9279,344242.9279,349348.8279,5105.9,5105.9,941.0,0.184297,1,p:1.1.3.2.3.1
U7902,316,FUSE0,344324.9279,344324.9279,348682.0279,4357.1,4357.1,941.0,0.215969,1,p:2.3.3.1.2.2
U7903,316,FUSE0,344363.7279,344363.7279,346565.2279,2201.5,2201.5,941.0,0.427436,1,p:1.2.5.1.2.2
U7904,316,FUSE1,344440.9279,344440.9279,349740.4279,5299.5,5299.5,1003.0,0.189263,1,p:2.1.5.1.2.2
U7905,316,FUSE1,344479.7279,344479.7279,349469.6279,4989.9,4989.9,1003.0,0.201006,1,p:1.3.1.2.1.1
U7906,316,FUSE1,344561.7279,344561.7279,347468.8279,2907.1,2907.1,1003.0,0.345017,1,p:2.2.2.2.2.1
U7907,316,FUSE1,344595.7279,344595.7279,349701.6279,5105.9,5105.9,1003.0,0.196439,1,p:1.1.4.2.3.1
U7908,316,FUSE1,344677.7279,344677.7279,349034.8279,4357.1,4357.1,1003.0,0.230199,1,p:2.3.4.1.2.2
U7909,316,FUSE1,344716.5279,344716.5279,347000.0279,2283.5,2283.5,1003.0,0.439238,1,p:1.2.4.2.1.1
U7910,316,FUSE1,344793.7279,344793.7279,350798.8279,6005.1,6005.1,1003.0,0.167025,1,p:2.1.1.1.2.2
U7911,316,FUSE1,344832.5279,344832.5279,349938.4279,5105.9,5105.9,1003.0,0.196439,1,p:1.3.2.2.2.1
U7912,316,FUSE1,344914.5279,344914.5279,347705.6279,2791.1,2791.1,1003.0,0.359357,1,p:2.2.2.2.1.1
U7913,316,FUSE2,344948.5279,344948.5279,350209.2279,5260.7,5260.7,1035.4,0.196818,1,p:1.1.4.1.3.2
U7914,316,FUSE2,345030.5279,345030.5279,350330.0279,5299.5,5299.5,1035.4,0.195377,1,p:2.3.1.1.1.2
U7915,316,FUSE2,345069.3279,345069.3279,348213.2279,3143.9,3143.9,1035.4,0.329336,1,p:1.2.1.1.1.2
U7916,316,FUSE2,345146.5279,345146.5279,351030.8279,5884.3,5884.3,1035.4,0.17596,1,p:2.1.1.2.3.2
U7917,316,FUSE2,345185.3279,345185.3279,350446.0279,5260.7,5260.7,1035.4,0.196818,1,p:1.3.2.1.2.2
U7918,316,FUSE2,345267.3279,345267.3279,347623.6279,2356.3,2356.3,1035.4,0.439418,1,p:2.2.5.1.2.2
U7919,316,FUSE2,345301.3279,345301.3279,350407.2279,5105.9,5105.9,1035.4,0.202785,1,p:1.1.5.2.3.1
U7920,316,FUSE2,345383.3279,345383.3279,349856.4279,4473.1,4473.1,1035.4,0.231473,1,p:2.3.3.1.3.2
U7921,316,FUSE2,345422.1279,345422.1279,348445.2279,3023.1,3023.1,1035.4,0.342496,1,p:1.2.1.1.3.2
U2435,98,FUSE0,345499.3279,345499.3279,351405.6279,5906.3,5906.3,941.0,0.159321,1,p:2.1.2.2.3.2
U2436,98,FUSE0,345538.1279,345538.1279,350682.8279,5144.7,5144.7,941.0,0.182907,1,p:1.3.2.1.1.2
U2437,98,FUSE0,345620.1279,345620.1279,347860.4279,2240.3,2240.3,941.0,0.420033,1,p:2.2.3.1.1.2
U2438,98,FUSE0,345654.1279,345654.1279,351484.4279,5830.3,5830.3,941.0,0.161398,1,p:1.1.1.2.1.1
U2439,98,FUSE0,345736.1279,345736.1279,350093.2279,4357.1,4357.1,941.0,0.215969,1,p:2.3.3.1.2.2
U2440,98,FUSE0,345774.9279,345774.9279,348798.0279,3023.1,3023.1,941.0,0.31127,1,p:1.2.2.1.3.2
U2441,98,FUSE0,345852.1279,345852.1279,350880.8279,5028.7,5028.7,941.0,0.187126,1,p:2.1.5.2.1.1
U2442,98,FUSE0,345890.9279,345890.9279,350054.4279,4163.5,4163.5,941.0,0.226012,1,p:1.3.5.2.3.1
U2443,98,FUSE0,345972.9279,345972.9279,347937.6279,1964.7,1964.7,941.0,0.478954,1,p:2.2.4.2.3.1
U2444,98,FUSE1,346006.9279,346006.9279,351119.3648,5112.4369,5112.4369,1003.0,0.196188,1,p:1.1.3.2.1.1
U2445,98,FUSE1,346088.9279,346088.9279,351289.6279,5200.7,5200.7,1003.0,0.192859,1,p:2.3.2.1.1.2
U2446,98,FUSE1,346127.7279,346127.7279,348174.4279,2046.7,2046.7,1003.0,0.490057,1,p:1.2.3.2.2.1
U2447,98,FUSE1,346204.9279,346204.9279,351600.4279,5395.5,5395.5,1003.0,0.185896,1,p:2.1.4.1.3.1
U2448,98,FUSE1,346243.7279,346243.7279,350528.0279,4284.3,4284.3,1003.0,0.234111,1,p:1.3.3.2.1.1
U2449,98,FUSE1,346325.7279,346325.7279,349387.6279,3061.9,3061.9,1003.0,0.327574,1,p:2.2.1.1.2.2
U2450,98,FUSE1,346359.7279,346359.7279,351721.2279,5361.5,5361.5,1003.0,0.187075,1,p:1.1.5.1.2.1
U2451,98,FUSE1,346441.7279,346441.7279,350644.0279,4202.3,4202.3,1003.0,0.238679,1,p:2.3.4.2.2.1
U2452,98,FUSE1,346480.5279,346480.5279,348527.2279,2046.7,2046.7,1003.0,0.490057,1,p:1.2.4.2.2.1
U2453,98,FUSE2,346557.7279,346557.7279,351953.2279,5395.5,5395.5,1035.4,0.191901,1,p:2.1.4.1.3.1
U2454,98,FUSE2,346596.5279,346596.5279,351003.3648,4406.8369,4406.8369,1035.4,0.234953,1,p:1.3.3.1.2.1
U2455,98,FUSE2,346678.5279,346678.5279,349585.6279,2907.1,2907.1,1035.4,0.356162,1,p:2.2.2.2.2.1
U2456,98,FUSE2,346712.5279,346712.5279,351837.2279,5124.7,5124.7,1035.4,0.202041,1,p:1.1.5.2.1.1
U2457,98,FUSE2,346794.5279,346794.5279,351235.3648,4440.8369,4440.8369,1035.4,0.233154,1,p:2.3.4.1.3.1
U2458,98,FUSE2,346833.3279,346833.3279,348996.0279,2162.7,2162.7,1035.4,0.478753,1,p:1.2.5.2.3.1
U2459,98,FUSE2,346910.5279,346910.5279,352985.7648,6075.2369,6075.2369,1035.4,0.17043,1,p:2.1.2.1.2.2
U2460,98,FUSE2,346949.3279,346949.3279,351879.2279,4929.9,4929.9,1035.4,0.210025,1,p:1.3.2.2.2.2
U6573,263,FUSE0,347031.3279,347031.3279,349271.6279,2240.3,2240.3,941.0,0.420033,1,p:2.2.3.1.1.2
U6574,263,FUSE0,347065.3279,347065.3279,353140.1648,6074.8369,6074.8369,941.0,0.154901,1,p:1.1.1.1.1.2
U6575,263,FUSE0,347147.3279,347147.3279,352306.0279,5158.7,5158.7,941.0,0.18241,1,p:2.3.1.1.3.1
U6576,263,FUSE0,347186.1279,347186.1279,349232.8279,2046.7,2046.7,941.0,0.459764,1,p:1.2.5.2.2.1
U6577,263,FUSE0,347263.3279,347263.3279,352389.6279,5126.3,5126.3,941.0,0.183563,1,p:2.1.3.2.1.2
U6578,263,FUSE0,347302.1279,347302.1279,352426.8279,5124.7,5124.7,941.0,0.183621,1,p:1.3.2.1.2.1
U6579,263,FUSE0,347384.1279,347384.1279,349624.4279,2240.3,2240.3,941.0,0.420033,1,p:2.2.4.1.1.2
U6580,263,FUSE1,347418.1279,347418.1279,353682.9648,6264.8369,6264.8369,1003.0,0.1601,1,p:1.1.2.1.2.1
U6581,263,FUSE1,347500.1279,347500.1279,352700.4279,5200.3,5200.3,1003.0,0.192873,1,p:2.3.2.2.3.1
U6582,263,FUSE1,347538.9279,347538.9279,350562.0279,3023.1,3023.1,1003.0,0.331779,1,p:1.2.1.1.3.2
U6583,263,FUSE1,347616.1279,347616.1279,352869.7648,5253.6369,5253.6369,1003.0,0.190915,1,p:2.1.4.1.3.2
U6584,263,FUSE1,347654.9279,347654.9279,353064.5648,5409.6369,5409.6369,1003.0,0.18541,1,p:1.3.1.1.3.1
U6585,263,FUSE1,347736.9279,347736.9279,349822.4279,2085.5,2085.5,1003.0,0.48094,1,p:2.2.5.2.1.1
U6586,263,FUSE1,347770.9279,347770.9279,352621.6279,4850.7,4850.7,1003.0,0.206774,1,p:1.1.3.2.2.2
U6587,263,FUSE2,347852.9279,347852.9279,352505.6279,4652.7,4652.7,1035.4,0.222537,1,p:2.3.3.1.3.2
U6588,263,FUSE2,347891.7279,347891.7279,350760.0279,2868.3,2868.3,1035.4,0.36098,1,p:1.2.2.2.3.1
U6589,263,FUSE2,347968.9279,347968.9279,354146.9648,6178.0369,6178.0369,1035.4,0.167594,1,p:2.1.2.1.1.1
U6590,263,FUSE2,348007.7279,348007.7279,352948.5648,4940.8369,4940.8369,1035.4,0.20956,1,p:1.3.2.2.1.1
U6591,263,FUSE2,348089.7279,348089.7279,350175.2279,2085.5,2085.5,1035.4,0.496476,1,p:2.2.3.2.1.1
U6592,263,FUSE2,348123.7279,348123.7279,353667.7648,5544.0369,5544.0369,1035.4,0.186759,1,p:1.1.1.2.1.2
U6593,263,FUSE2,348205.7279,348205.7279,353180.5648,4974.8369,4974.8369,1035.4,0.208127,1,p:2.3.1.2.3.1
U6594,263,FUSE2,348244.5279,348244.5279,350291.2279,2046.7,2046.7,1035.4,0.505888,1,p:1.2.4.2.2.1
U2961,119,FUSE0,348321.7279,348321.7279,353566.9648,5245.2369,5245.2369,941.0,0.179401,1,p:2.1.5.1.3.1
U2962,119,FUSE0,348360.5279,348360.5279,352816.4279,4455.9,4455.9,941.0,0.211181,1,p:1.3.3.1.2.1
U2963,119,FUSE0,348442.5279,348442.5279,351173.6279,2731.1,2731.1,941.0,0.34455,1,p:2.2.1.2.2.2
U2964,119,FUSE0,348476.5279,348476.5279,354037.7648,5561.2369,5561.2369,941.0,0.169207,1,p:1.1.1.2.3.2
U2965,119,FUSE0,348558.5279,348558.5279,353798.9648,5240.4369,5240.4369,941.0,0.179565,1,p:2.3.2.2.3.1
U2966,119,FUSE0,348597.3279,348597.3279,350914.8279,2317.5,2317.5,941.0,0.406041,1,p:1.2.5.1.3.2
U2967,119,FUSE0,348674.5279,348674.5279,353492.9648,4818.4369,4818.4369,941.0,0.195292,1,p:2.1.4.1.1.2
U2968,119,FUSE0,348713.3279,348713.3279,358329.7648,9616.4369,9585.1369,1882.0,0.196346,2,p:2.3.2.1.2.2
U2969,119,FUSE1,348795.3279,348795.3279,351526.4279,2731.1,2731.1,1003.0,0.367251,1,p:2.2.2.2.2.2
U2970,119,FUSE1,348829.3279,348829.3279,353914.9648,5085.6369,5085.6369,1003.0,0.197222,1,p:1.1.5.1.3.1
U2971,119,FUSE1,348911.3279,348911.3279,352753.7648,3842.4369,3842.4369,1003.0,0.261032,1,p:2.3.5.2.1.2
U2972,119,FUSE1,348950.1279,348950.1279,351758.4279,2808.3,2808.3,1003.0,0.357156,1,p:1.2.1.2.3.2
U2973,119,FUSE1,349027.3279,349027.3279,353805.7648,4778.4369,4778.4369,1003.0,0.209901,1,p:2.1.4.1.2.2
U2974,119,FUSE1,349066.1279,349066.1279,353372.1648,4306.0369,4306.0369,1003.0,0.232929,1,p:1.3.4.1.3.2
U2975,119,FUSE1,349148.1279,349148.1279,351368.4279,2220.3,2220.3,1003.0,0.451741,1,p:2.2.5.1.2.1
U2976,119,FUSE1,349182.1279,349182.1279,353921.7648,4739.6369,4739.6369,1003.0,0.21162,1,p:1.1.5.2.1.2
U2977,119,FUSE2,349264.1279,349264.1279,354610.9648,5346.8369,5346.8369,1035.4,0.193647,1,p:2.3.2.1.3.1
U2978,119,FUSE2,349302.9279,349302.9279,351642.4279,2339.5,2339.5,1035.4,0.442573,1,p:1.2.3.1.1.2
U2979,119,FUSE2,349380.1279,349380.1279,354979.7648,5599.6369,5599.6369,1035.4,0.184905,1,p:2.1.1.1.3.1
U2980,119,FUSE2,349418.9279,349418.9279,353256.1648,3837.2369,3837.2369,1035.4,0.26983,1,p:1.3.3.2.2.2
U2981,119,FUSE2,349500.9279,349500.9279,352232.0279,2731.1,2731.1,1035.4,0.379115,1,p:2.2.1.2.2.2
U2982,119,FUSE2,349534.9279,349534.9279,355095.7648,5560.8369,5560.8369,1035.4,0.186195,1,p:1.1.2.2.2.1
U2983,119,FUSE2,349616.9279,349616.9279,354494.9648,4878.0369,4878.0369,1035.4,0.212258,1,p:2.3.2.2.1.1
U2984,119,FUSE2,349655.7279,349655.7279,351995.2279,2339.5,2339.5,1035.4,0.442573,1,p:1.2.3.1.1.2
U8377,335,FUSE0,349732.9279,349732.9279,354292.1648,4559.2369,4559.2369,941.0,0.206394,1,p:2.1.5.2.1.2
U8378,335,FUSE0,349771.7279,349771.7279,353450.9648,3679.2369,3679.2369,941.0,0.25576,1,p:1.3.3.2.2.1
U8379,335,FUSE0,349853.7279,349853.7279,352074.0279,2220.3,2220.3,941.0,0.423817,1,p:2.2.4.1.2.1
U8380,335,FUSE0,349887.7279,349887.7279,354784.9648,4897.2369,4897.2369,941.0,0.192149,1,p:1.1.3.2.3.2
U8381,335,FUSE0,349969.7279,349969.7279,355021.7648,5052.0369,5052.0369,941.0,0.186262,1,p:2.3.2.1.1.2
U8382,335,FUSE0,350008.5279,350008.5279,352111.2279,2102.7,2102.7,941.0,0.44752,1,p:1.2.5.2.3.2
U8383,335,FUSE0,350085.7279,350085.7279,354900.9648,4815.2369,4815.2369,941.0,0.195421,1,p:2.1.4.1.2.2
U8384,335,FUSE1,350124.5279,350124.5279,354408.1648,4283.6369,4283.6369,1003.0,0.234147,1,p:1.3.4.1.3.2
U8385,335,FUSE1,350206.5279,350206.5279,352190.0279,1983.5,1983.5,1003.0,0.505672,1,p:2.2.4.2.1.1
U8386,335,FUSE1,350240.5279,350240.5279,355940.2622,5699.7343,5699.7343,1003.0,0.175973,1,p:1.1.2.2.1.1
U8387,335,FUSE1,350322.5279,350322.5279,354030.9648,3708.4369,3708.4369,1003.0,0.270464,1,p:2.3.3.2.2.1
U8388,335,FUSE1,350361.3279,350361.3279,355253.7648,4892.4369,4892.4369,1003.0,0.20501,1,p:1.1.5.1.2.2
U8389,335,FUSE1,350438.5279,350438.5279,352584.4279,2145.9,2145.9,1003.0,0.467403,1,p:2.2.5.1.1.1
U8390,335,FUSE1,351557.7279,351557.7279,355448.5648,3890.8369,3890.8369,1003.0,0.257785,1,p:1.1.1.2.2.1
U8391,335,FUSE2,351631.7279,351631.7279,354525.7648,2894.0369,2894.0369,1035.4,0.35777,1,p:2.3.4.1.2.2
U8392,335,FUSE2,351673.7279,351673.7279,356172.2622,4498.5343,4498.5343,1035.4,0.230164,1,p:1.1.4.2.3.1
U8393,335,FUSE2,351752.5279,351752.5279,357048.9648,5296.4369,5296.4369,1035.4,0.19549,1,p:2.1.2.1.3.2
U8394,335,FUSE2,351754.0,351864.7279,354176.1648,2422.1648,2422.1648,1035.4,0.427469,1,p:2.2.1.2.2.2
U8395,335,FUSE2,351754.0,351976.9279,355606.5648,3852.5648,3852.5648,1035.4,0.268756,1,p:2.3.2.1.2.2
U8396,335,FUSE2,351754.0,352089.1279,355971.9,4217.9,4217.9,1035.4,0.245478,1,p:2.1.4.1.3.2
U8397,335,FUSE2,351754.0,352201.3279,354262.9648,2508.9648,2508.9648,1035.4,0.41268,1,p:2.2.3.1.3.1
U8398,335,FUSE2,351754.0,352313.5279,355332.5648,3578.5648,3578.5648,1035.4,0.289334,1,p:2.3.1.1.3.1
U535,22,FUSE0,351754.0,352425.7279,356056.2622,4302.2622,4302.2622,941.0,0.218722,1,p:2.1.3.1.2.1
U536,22,FUSE0,351754.0,352537.9279,354378.9648,2624.9648,2624.9648,941.0,0.358481,1,p:2.2.5.1.2.1
U537,22,FUSE0,351754.0,352650.1279,356541.3648,4787.3648,4787.3648,941.0,0.196559,1,p:2.1.1.2.3.1
U538,22,FUSE0,351754.0,352762.3279,354668.9648,2914.9648,2914.9648,941.0,0.322817,1,p:2.2.3.1.1.2
U540,22,FUSE0,351754.0,352765.9774,356309.3648,4555.3648,4555.3648,941.0,0.20657,1,p:1.1.3.2.1.1
U539,22,FUSE0,351754.0,352874.5279,354863.7648,3109.7648,3109.7648,941.0,0.302595,1,p:2.3.3.2.1.1
U542,22,FUSE0,351754.0,352878.1774,355809.6279,4055.6279,4055.6279,941.0,0.232023,1,p:1.2.2.2.3.1
U541,22,FUSE0,351754.0,352986.7279,356778.1648,5024.1648,5024.1648,941.0,0.187295,1,p:2.1.4.1.2.1
U544,22,FUSE1,351754.0,352990.3774,355137.7648,3383.7648,3383.7648,1003.0,0.296415,1,p:1.3.4.2.3.2
U543,22,FUSE1,351754.0,353098.9279,354726.9648,2972.9648,2972.9648,1003.0,0.337374,1,p:2.2.5.2.2.1
U546,22,FUSE1,351754.0,353102.5774,357942.9648,6188.9648,6188.9648,1003.0,0.162063,1,p:1.1.2.2.1.1
U545,22,FUSE1,351754.0,353211.1279,356696.1648,4942.1648,4942.1648,1003.0,0.202948,1,p:2.3.2.1.3.2
U547,22,FUSE1,351754.0,353323.3279,355216.5648,3462.5648,3462.5648,1003.0,0.28967,1,p:2.2.1.2.1.1
U548,22,FUSE1,351789.7279,353214.7774,356932.9648,5143.2369,5143.2369,1003.0,0.195013,1,p:1.1.3.2.2.2
U549,22,FUSE1,351868.5279,353435.5279,357517.7648,5649.2369,5649.2369,1003.0,0.177546,1,p:2.1.1.1.3.2
U550,22,FUSE1,351910.5279,353326.9774,355490.5648,3580.0369,3580.0369,1003.0,0.280165,1,p:1.3.5.2.3.2
U551,22,FUSE2,351984.5279,353547.7279,355855.9,3871.3721,3871.3721,1035.4,0.26745,1,p:2.3.1.2.2.2
U552,22,FUSE2,352026.5279,353439.1774,355374.5648,3348.0369,3348.0369,1035.4,0.309256,1,p:1.2.3.1.1.2
U553,22,FUSE2,352105.3279,353659.9279,355577.6279,3472.3,3472.3,1035.4,0.298189,1,p:2.2.4.1.3.1
U554,22,FUSE2,352142.5279,353551.3774,357401.7648,5259.2369,5259.2369,1035.4,0.196873,1,p:1.1.3.1.1.2
U555,22,FUSE2,352221.3279,353772.1279,357594.9648,5373.6369,5373.6369,1035.4,0.192681,1,p:2.1.4.2.1.1
U556,22,FUSE2,352263.3279,353663.5774,357014.9648,4751.6369,4751.6369,1035.4,0.217904,1,p:1.3.2.2.1.1
U557,22,FUSE2,352337.3279,353884.3279,356095.0622,3757.7343,3757.7343,1035.4,0.275538,1,p:2.3.5.1.1.2
U558,22,FUSE2,352420.9279,353775.7774,355739.9,3318.9721,3318.9721,1035.4,0.311964,1,p:1.2.3.1.1.2
U5246,210,FUSE0,352458.1279,353996.5279,355693.6279,3235.5,3235.5,941.0,0.290836,1,p:2.2.5.2.1.1
U5247,210,FUSE0,352536.9279,353887.9774,358793.7648,6256.8369,6256.8369,941.0,0.150395,1,p:1.1.2.1.1.2
U5248,210,FUSE0,352615.7279,354108.7279,357826.9648,5211.2369,5211.2369,941.0,0.180571,1,p:2.1.3.2.2.1
U5249,210,FUSE0,352652.9279,354000.1774,357362.9648,4710.0369,4710.0369,941.0,0.199786,1,p:1.3.2.2.3.1
U5250,210,FUSE0,352731.7279,354220.9279,356211.0622,3479.3343,3479.3343,941.0,0.270454,1,p:2.3.4.2.2.2
U5251,210,FUSE0,352785.0648,354333.1279,356327.0622,3541.9974,3541.9974,941.0,0.265669,1,p:2.2.3.1.3.2
U5252,210,FUSE0,352847.7279,354112.3774,356425.3648,3577.6369,3577.6369,941.0,0.263023,1,p:1.2.1.1.2.1
U5253,210,FUSE0,352901.0648,354445.3279,358174.9648,5273.9,5273.9,941.0,0.178426,1,p:2.1.4.2.2.1
U5254,210,FUSE1,352979.8648,354224.5774,358213.7648,5233.9,5233.9,1003.0,0.191635,1,p:1.1.5.1.3.2
U5255,210,FUSE1,353017.0648,354557.5279,356580.1648,3563.1,3563.1,1003.0,0.281496,1,p:2.3.3.2.2.2
U5256,210,FUSE1,353095.8648,354336.7774,356662.1648,3566.3,3566.3,1003.0,0.281244,1,p:1.3.1.2.1.1
U5257,210,FUSE1,353171.4648,354669.7279,357749.7648,4578.3,4578.3,1003.0,0.219077,1,p:2.2.2.1.1.2
U5258,210,FUSE1,353211.8648,354448.9774,356464.1648,3252.3,3252.3,1003.0,0.308397,1,p:1.2.5.1.1.2
U5259,210,FUSE1,353287.4648,354781.9279,359722.5648,6435.1,6435.1,1003.0,0.155864,1,p:2.1.2.1.2.2
U5260,210,FUSE1,353403.4648,354561.1774,358445.7648,5042.3,5042.3,1003.0,0.198917,1,p:1.1.5.1.1.2
U5261,210,FUSE1,353482.2648,355006.3279,357246.9648,3764.7,3764.7,1003.0,0.266422,1,p:2.2.1.1.3.1
U5262,210,FUSE2,353524.2648,354673.3774,356894.1648,3369.9,3369.9,1035.4,0.307249,1,p:1.3.4.2.3.1
U5263,210,FUSE2,353598.2648,355118.5279,359141.7648,5543.5,5543.5,1035.4,0.186777,1,p:2.1.5.1.1.2
U5264,210,FUSE2,353699.0648,355230.7279,357710.9648,4011.9,4011.9,1035.4,0.258082,1,p:2.3.1.2.3.1
U5265,210,FUSE2,353714.2648,354785.5774,356816.9648,3102.7,3102.7,1035.4,0.333709,1,p:1.2.5.1.1.2
U5266,210,FUSE2,353830.2648,355342.9279,357285.7648,3455.5,3455.5,1035.4,0.299638,1,p:2.2.4.1.2.2
U5267,210,FUSE2,353837.0648,354897.7774,358754.9648,4917.9,4917.9,1035.4,0.210537,1,p:1.1.3.2.3.1
U5268,210,FUSE2,353946.2648,355455.1279,359373.7648,5427.5,5427.5,1035.4,0.190769,1,p:2.1.5.1.2.2
U5269,210,FUSE2,353953.0648,355009.9774,357169.7648,3216.7,3216.7,1035.4,0.321883,1,p:1.3.5.2.1.2
U179,8,FUSE0,354062.2648,355567.3279,357865.7648,3803.5,3803.5,941.0,0.247404,1,p:2.3.5.1.3.2
U180,8,FUSE0,354069.0648,355122.1774,357130.9648,3061.9,3061.9,941.0,0.307326,1,p:1.2.5.1.2.1
U181,8,FUSE0,354178.2648,355679.5279,357478.9648,3300.7,3300.7,941.0,0.285091,1,p:2.2.5.2.2.1
U182,8,FUSE0,354207.4648,355234.3774,359102.9648,4895.5,4895.5,941.0,0.192217,1,p:1.1.4.2.3.1
U183,8,FUSE0,354294.2648,355791.7279,360742.1648,6447.9,6447.9,941.0,0.145939,1,p:2.1.2.1.3.1
U184,8,FUSE0,354323.4648,355346.5774,357633.7648,3310.3,3310.3,941.0,0.284264,1,p:1.3.3.1.2.2
U185,8,FUSE0,354410.2648,355903.9279,358058.9648,3648.7,3648.7,941.0,0.2579,1,p:2.3.3.2.3.1
U186,8,FUSE0,354439.4648,355458.7774,358561.7648,4122.3,4122.3,941.0,0.228271,1,p:1.2.2.1.3.2
U187,8,FUSE1,354526.2648,356016.1279,357981.7648,3455.5,3455.5,1003.0,0.290262,1,p:2.2.4.1.2.2
U188,8,FUSE1,354557.0648,355570.9774,359606.5648,5049.5,5049.5,1003.0,0.198634,1,p:1.1.3.1.3.2
U189,8,FUSE1,354642.2648,356128.3279,359841.5,5199.2352,5199.2352,1003.0,0.192913,1,p:2.1.4.2.1.2
U190,8,FUSE1,354700.2648,356240.5279,358522.9648,3822.7,3822.7,1003.0,0.26238,1,p:2.3.4.2.2.1
U191,8,FUSE1,354758.2648,355683.1774,359025.7648,4267.5,4267.5,1003.0,0.235032,1,p:1.3.2.1.2.2
U192,8,FUSE1,354816.2648,356352.7279,359334.9648,4518.7,4518.7,1003.0,0.221966,1,p:2.2.2.2.1.1
U193,8,FUSE1,354895.0648,355795.3774,358097.7648,3202.7,3202.7,1003.0,0.313173,1,p:1.2.1.1.1.2
U194,8,FUSE1,354932.2648,356464.9279,360784.1648,5851.9,5851.9,1003.0,0.171397,1,p:2.1.1.1.1.2
U195,8,FUSE2,355011.0648,356577.1279,360078.5648,5067.5,5067.5,1035.4,0.204322,1,p:2.3.2.1.1.2
U196,8,FUSE2,355053.0648,355907.5774,359940.9648,4887.9,4887.9,1035.4,0.211829,1,p:1.1.5.1.2.1
U197,8,FUSE2,355127.0648,356689.3279,358870.9648,3743.9,3743.9,1035.4,0.276557,1,p:2.2.1.2.2.1
U198,8,FUSE2,355169.0648,356019.7774,358406.9648,3237.9,3237.9,1035.4,0.319775,1,p:1.3.3.2.3.1
U199,8,FUSE2,355247.8648,356801.5279,361842.5648,6594.7,6594.7,1035.4,0.157005,1,p:2.1.2.1.1.2
U200,8,FUSE2,355285.0648,356131.9774,358290.9648,3005.9,3005.9,1035.4,0.344456,1,p:1.2.1.2.1.1
U201,8,FUSE2,355363.8648,356913.7279,359450.9648,4087.1,4087.1,1035.4,0.253334,1,p:2.3.1.2.3.1
U202,8,FUSE2,355405.8648,356244.1774,360431.3648,5025.5,5025.5,1035.4,0.206029,1,p:1.1.5.1.1.2
U5662,227,FUSE0,355479.8648,357025.9279,359257.7648,3777.9,3777.9,941.0,0.24908,1,p:2.2.1.1.3.2
U5663,227,FUSE0,355521.8648,356356.3774,358638.9648,3117.1,3117.1,941.0,0.301883,1,p:1.3.5.2.1.1
U5664,227,FUSE0,355608.9279,357138.1279,361252.9648,5644.0369,5644.0369,941.0,0.166725,1,p:2.1.1.2.3.2
U5665,227,FUSE0,355637.8648,356468.5774,358677.7648,3039.9,3039.9,941.0,0.30955,1,p:1.2.1.1.2.2
U5666,227,FUSE0,355724.9279,357250.3279,359566.9648,3842.0369,3842.0369,941.0,0.244922,1,p:2.3.5.2.2.1
U5667,227,FUSE0,355771.2,356580.7774,360547.3648,4776.1648,4776.1648,941.0,0.19702,1,p:1.1.4.2.3.2
U5668,227,FUSE0,355840.9279,357362.5279,359218.9648,3378.0369,3378.0369,941.0,0.278564,1,p:2.2.3.2.2.1
U5669,227,FUSE0,355887.2,356692.9774,358986.9648,3099.7648,3099.7648,941.0,0.303571,1,p:1.3.3.2.1.1
U5670,227,FUSE0,355971.5622,357474.7279,362427.3648,6455.8026,6455.8026,941.0,0.14576,1,p:2.1.2.1.2.2
U5671,227,FUSE1,356003.2,356805.1774,358909.7648,2906.5648,2906.5648,1003.0,0.345081,1,p:1.2.4.1.3.2
U5672,227,FUSE1,356087.5622,357586.9279,360626.1648,4538.6026,4538.6026,1003.0,0.220993,1,p:2.3.2.2.1.1
U5673,227,FUSE1,356126.3622,356917.3774,360900.1648,4773.8026,4773.8026,1003.0,0.210105,1,p:1.1.4.2.3.2
U5674,227,FUSE1,356203.5622,357699.1279,359685.3648,3481.8026,3481.8026,1003.0,0.288069,1,p:2.2.4.2.1.1
U5675,227,FUSE1,356242.3622,357029.5774,359490.5648,3248.2026,3248.2026,1003.0,0.308786,1,p:1.3.4.1.1.2
U5676,227,FUSE1,356340.6648,357811.3279,362074.5648,5733.9,5733.9,1003.0,0.174925,1,p:2.1.1.1.2.2
U5677,227,FUSE1,356358.3622,357923.5279,360978.9648,4620.6026,4620.6026,1003.0,0.217071,1,p:2.3.2.2.1.1
U5678,227,FUSE1,356456.6648,357141.7774,360310.5648,3853.9,3853.9,1003.0,0.260256,1,p:1.2.2.1.2.2
U5679,227,FUSE1,356495.4648,358035.7279,360273.3648,3777.9,3777.9,1003.0,0.265491,1,p:2.2.1.2.1.1
U5680,227,FUSE2,356572.6648,357253.9774,361368.9648,4796.3,4796.3,1035.4,0.215875,1,p:1.1.3.1.2.2
U5681,227,FUSE2,356611.4648,358147.9279,362039.9,5428.4352,5428.4352,1035.4,0.190736,1,p:2.1.4.2.1.1
U5682,227,FUSE2,356693.4648,358260.1279,361094.9648,4401.5,4401.5,1035.4,0.235238,1,p:2.3.5.1.3.1
U5683,227,FUSE2,356727.4648,357366.1774,359801.3648,3073.9,3073.9,1035.4,0.336836,1,p:1.3.3.2.3.1
U5684,227,FUSE2,356809.4648,358372.3279,360505.3648,3695.9,3695.9,1035.4,0.280148,1,p:2.2.3.2.2.1
U5685,227,FUSE2,356848.2648,357478.3774,359957.5,3109.2352,3109.2352,1035.4,0.333008,1,p:1.2.1.1.3.2
U5686,227,FUSE2,356925.4648,358484.5279,362392.7,5467.2352,5467.2352,1035.4,0.189383,1,p:2.1.4.2.1.1
U5687,227,FUSE2,356964.2648,357590.5774,361605.7648,4641.5,4641.5,1035.4,0.223074,1,p:1.1.3.2.3.2
U5688,227,FUSE2,357046.2648,358596.7279,361919.1,4872.8352,4872.8352,1035.4,0.212484,1,p:2.3.2.2.2.1
U5689,227,FUSE2,357080.2648,357702.7774,360389.3648,3309.1,3309.1,1035.4,0.312895,1,p:1.3.3.1.3.1
U3620,145,FUSE0,357162.2648,358708.9279,360858.1648,3695.9,3695.9,941.0,0.254606,1,p:2.2.1.2.2.1
U3621,145,FUSE0,357201.0648,357814.9774,360194.5648,2993.5,2993.5,941.0,0.314348,1,p:1.2.1.2.3.2
U3622,145,FUSE0,357278.2648,358821.1279,363214.3,5936.0352,5936.0352,941.0,0.158523,1,p:2.1.5.1.2.1
U3623,145,FUSE0,357317.0648,357927.1774,362508.7,5191.6352,5191.6352,941.0,0.181253,1,p:1.1.5.1.3.1
U3624,145,FUSE0,357394.2648,358933.3279,361721.7648,4327.5,4327.5,941.0,0.217447,1,p:2.3.5.1.2.2
U3625,145,FUSE0,357433.0648,358039.3774,360663.3648,3230.3,3230.3,941.0,0.291304,1,p:1.3.5.1.2.2
U3626,145,FUSE0,357510.2648,359045.5279,361210.9648,3700.7,3700.7,941.0,0.254276,1,p:2.2.5.2.2.1
U3627,145,FUSE1,357549.0648,358151.5774,360115.7648,2566.7,2566.7,1003.0,0.390774,1,p:1.2.4.2.2.1
U3628,145,FUSE1,357626.2648,359157.7279,363369.7648,5743.5,5743.5,1003.0,0.174632,1,p:2.1.1.2.2.2
U3629,145,FUSE1,357665.0648,358263.7774,362744.4279,5079.3631,5079.3631,1003.0,0.197466,1,p:1.1.1.1.3.1
U3630,145,FUSE1,357742.2648,359269.9279,362664.1648,4921.9,4921.9,1003.0,0.203783,1,p:2.3.2.2.3.2
U3631,145,FUSE1,357781.0648,358375.9774,361136.9648,3355.9,3355.9,1003.0,0.298877,1,p:1.3.5.1.1.2
U3632,145,FUSE1,357858.2648,359382.1279,361803.1,3944.8352,3944.8352,1003.0,0.254257,1,p:2.2.4.1.3.1
U3633,145,FUSE1,357897.0648,358488.1774,361489.7648,3592.7,3592.7,1003.0,0.279177,1,p:1.2.2.1.1.2
U3634,145,FUSE2,357974.2648,359494.3279,363606.5648,5632.3,5632.3,1035.4,0.183833,1,p:2.1.4.1.1.2
U3635,145,FUSE2,358013.0648,358600.3774,362780.1648,4767.1,4767.1,1035.4,0.217197,1,p:1.1.3.1.2.2
U3636,145,FUSE2,358090.2648,359606.5279,362976.4279,4886.1631,4886.1631,1035.4,0.211905,1,p:2.3.2.2.3.1
U3637,145,FUSE2,358129.0648,358712.5774,361450.3,3321.2352,3321.2352,1035.4,0.311751,1,p:1.3.4.1.3.1
U3638,145,FUSE2,358206.2648,359718.7279,361687.1,3480.8352,3480.8352,1035.4,0.297457,1,p:2.2.4.2.1.1
U3639,145,FUSE2,358245.0648,358824.7774,361016.1648,2771.1,2771.1,1035.4,0.373642,1,p:1.2.3.1.2.2
U3640,145,FUSE2,358322.2648,359830.9279,364156.7,5834.4352,5834.4352,1035.4,0.177464,1,p:2.1.5.2.1.1
U5591,224,FUSE0,358361.0648,358936.9774,363132.9648,4771.9,4771.9,941.0,0.197196,1,p:1.1.4.1.3.2
U5592,224,FUSE0,358438.2648,359943.1279,362271.9,3833.6352,3833.6352,941.0,0.245459,1,p:2.3.3.2.2.1
U5593,224,FUSE0,358477.0648,359049.1774,361566.3,3089.2352,3089.2352,941.0,0.304606,1,p:1.3.1.2.2.1
U5594,224,FUSE0,358554.2648,360055.3279,362195.3648,3641.1,3641.1,941.0,0.258438,1,p:2.2.3.1.1.2
U5595,224,FUSE0,358593.0648,359161.3774,361334.3,2741.2352,2741.2352,941.0,0.343276,1,p:1.2.1.2.1.1
U5596,224,FUSE0,358670.2648,360167.5279,364311.8,5641.5352,5641.5352,941.0,0.166799,1,p:2.1.5.2.3.1
U5597,224,FUSE0,358709.0648,359273.5774,363451.1,4742.0352,4742.0352,941.0,0.198438,1,p:1.1.5.2.1.1
U5598,224,FUSE0,358786.2648,360279.7279,362624.7,3838.4352,3838.4352,941.0,0.245152,1,p:2.3.4.2.2.1
U5599,224,FUSE1,358825.0648,360391.9279,362900.9648,4075.9,4075.9,1003.0,0.246081,1,p:2.2.5.1.1.2
U5600,224,FUSE1,358902.2648,359385.7774,362155.9,3253.6352,3253.6352,1003.0,0.308271,1,p:1.3.3.1.3.1
U5601,224,FUSE1,358941.0648,360504.1279,364633.5,5692.4352,5692.4352,1003.0,0.176199,1,p:2.1.1.2.1.2
U5602,224,FUSE1,359018.2648,359497.9774,361958.5648,2940.3,2940.3,1003.0,0.341122,1,p:1.2.5.2.3.2
U5603,224,FUSE1,359057.0648,360616.3279,363330.3,4273.2352,4273.2352,1003.0,0.234717,1,p:2.3.5.2.3.1
U5604,224,FUSE1,359134.2648,359610.1774,363919.9,4785.6352,4785.6352,1003.0,0.209586,1,p:1.1.3.1.2.1
U5605,224,FUSE1,359173.0648,360728.5279,363253.7648,4080.7,4080.7,1003.0,0.245791,1,p:2.2.1.1.1.2
U5606,224,FUSE1,359250.2648,359722.3774,362548.1648,3297.9,3297.9,1003.0,0.304133,1,p:1.3.5.1.1.2
E002,355,FUSE0,359366.2648,359834.5774,362311.3648,2945.1,2945.1,941.0,0.319514,1,p:1.2.1.2.3.2
E003,355,FUSE0,359405.0648,360952.9279,363683.1,4278.0352,4278.0352,941.0,0.219961,1,p:2.3.1.2.3.1
E005,355,FUSE0,359521.8648,361065.1279,363098.3,3576.4352,3576.4352,941.0,0.263111,1,p:2.2.4.2.1.1
E006,355,FUSE0,359598.2648,360058.9774,362860.4279,3262.1631,3262.1631,941.0,0.288459,1,p:1.3.1.2.1.1
E008,355,FUSE1,359716.6648,360171.1774,363485.7648,3769.1,3769.1,1003.0,0.266111,1,p:1.2.2.1.3.2
E009,355,FUSE1,359753.8648,361289.5279,363803.9,4050.0352,4050.0352,1003.0,0.247652,1,p:2.3.4.2.1.1
E011,355,FUSE1,359872.8,361401.7279,363959.3648,4086.5648,4086.5648,1003.0,0.245438,1,p:2.2.5.1.1.2
E013,355,FUSE2,359988.8,360395.5774,363016.9648,3028.1648,3028.1648,1035.4,0.341923,1,p:1.3.3.2.2.2
E015,355,FUSE2,360147.0648,360507.7774,363838.5648,3691.5,3691.5,1035.4,0.280482,1,p:1.2.2.1.3.2
U5607,224,FUSE2,360420.6648,361962.7279,364466.6,4045.9352,4045.9352,1035.4,0.255911,1,p:2.3.3.2.3.2
U5608,224,FUSE2,360462.6648,360732.1774,363567.1,3104.4352,3104.4352,1035.4,0.333523,1,p:1.3.3.1.2.1
U5609,224,FUSE2,360536.6648,362074.9279,364865.5,4328.8352,4328.8352,1035.4,0.239187,1,p:2.2.2.2.3.2
U5610,224,FUSE2,360578.6648,360844.3774,364035.9,3457.2352,3457.2352,1035.4,0.299488,1,p:1.2.2.2.3.1
U5611,224,FUSE2,360657.4648,362187.1279,365890.3,5232.8352,5232.8352,1035.4,0.197866,1,p:2.1.4.2.1.1
U5612,224,FUSE2,360694.6648,360956.5774,365344.6622,4649.9974,4649.9974,1035.4,0.222667,1,p:1.1.5.1.2.1
U5613,224,FUSE2,360773.4648,362299.3279,364971.6,4198.1352,4198.1352,1035.4,0.246633,1,p:2.3.3.1.2.1
U5614,224,FUSE2,360815.4648,361068.7774,364580.4,3764.9352,3764.9352,1035.4,0.275011,1,p:1.3.2.1.2.1
U1009,41,FUSE0,360889.4648,362411.5279,365381.8622,4492.3974,4492.3974,941.0,0.209465,1,p:2.2.2.1.3.2
U1010,41,FUSE0,360931.4648,361180.9774,364312.1648,3380.7,3380.7,941.0,0.278345,1,p:1.2.2.1.1.2
U1011,41,FUSE0,361010.2648,362523.7279,367441.2,6430.9352,6430.9352,941.0,0.146324,1,p:2.1.2.1.3.1
U1012,41,FUSE0,361047.4648,361293.1774,365149.8622,4102.3974,4102.3974,941.0,0.229378,1,p:1.1.4.2.2.2
U1013,41,FUSE0,361126.2648,362635.9279,365228.6622,4102.3974,4102.3974,941.0,0.229378,1,p:2.3.3.1.1.1
U1014,41,FUSE0,361168.2648,361405.3774,364696.4,3528.1352,3528.1352,941.0,0.266713,1,p:1.3.2.1.3.1
U1015,41,FUSE0,361242.2648,362748.1279,365087.6,3845.3352,3845.3352,941.0,0.244712,1,p:2.2.4.1.3.1
U1016,41,FUSE0,361284.2648,361517.5774,363722.5648,2438.3,2438.3,941.0,0.385925,1,p:1.2.1.2.2.2
U1017,41,FUSE0,361365.6,362860.3279,366475.1,5109.5,5109.5,941.0,0.184167,1,p:2.1.4.2.2.1
U1018,41,FUSE1,361400.2648,361629.7774,365658.8,4258.5352,4258.5352,1003.0,0.235527,1,p:1.1.5.1.1.2
U1019,41,FUSE1,361481.6,362972.5279,365501.2,4019.6,4019.6,1003.0,0.249527,1,p:2.3.1.1.2.2
U1020,41,FUSE1,361521.0648,363084.7279,366122.3,4601.2352,4601.2352,1003.0,0.217985,1,p:2.2.2.2.2.1
U1021,41,FUSE1,361597.6,361741.9774,364427.8,2830.2,2830.2,1003.0,0.354392,1,p:1.3.1.2.2.1
U1022,41,FUSE1,361637.0648,363196.9279,367088.4,5451.3352,5451.3352,1003.0,0.183992,1,p:2.1.1.1.3.1
U1024,41,FUSE1,361753.0648,363309.1279,365732.7,3979.6352,3979.6352,1003.0,0.252033,1,p:2.3.5.2.2.1
U1025,41,FUSE1,361834.4,361966.3774,366711.9,4877.5,4877.5,1003.0,0.205638,1,p:1.1.2.2.3.1
U1026,41,FUSE1,361873.8648,363421.3279,365493.9,3620.0352,3620.0352,1003.0,0.277069,1,p:2.2.4.2.1.1
U1027,41,FUSE2,361950.4,362078.5774,364749.5,2799.1,2799.1,1035.4,0.369905,1,p:1.3.4.2.2.2
U1028,41,FUSE2,361989.8648,363533.5279,367359.2,5369.3352,5369.3352,1035.4,0.192836,1,p:2.1.5.2.2.2
U1029,41,FUSE2,362071.2,362190.7774,364855.6,2784.4,2784.4,1035.4,0.371857,1,p:1.2.5.1.1.1
U1030,41,FUSE2,362105.8648,363645.7279,366243.1,4137.2352,4137.2352,1035.4,0.250264,1,p:2.3.4.2.1.1
U1031,41,FUSE2,362187.2,362302.9774,366006.3,3819.1,3819.1,1035.4,0.271111,1,p:1.1.1.2.3.1
U1032,41,FUSE2,362226.6648,363757.9279,366161.1,3934.4352,3934.4352,1035.4,0.263164,1,p:2.2.3.1.3.2
U1033,41,FUSE2,362303.2,363870.1279,366750.7,4447.5,4447.5,1035.4,0.232805,1,p:2.3.3.1.1.2
U1034,41,FUSE2,362342.6648,362415.1774,365033.8622,2691.1974,2691.1974,1035.4,0.384736,1,p:1.3.1.2.1.2
U1035,41,FUSE2,362424.0,363982.3279,366277.1,3853.1,3853.1,1035.4,0.268719,1,p:2.2.5.1.2.2
U1036,41,FUSE2,362458.6648,362527.3774,365774.8,3316.1352,3316.1352,1035.4,0.312231,1,p:1.2.2.1.3.2
U7564,302,FUSE0,362540.0,364094.5279,368030.8,5490.8,5490.8,941.0,0.171378,1,p:2.1.1.1.1.1
U7565,302,FUSE0,362579.4648,362639.5774,366513.9,3934.4352,3934.4352,941.0,0.23917,1,p:1.1.5.1.3.2
U7566,302,FUSE0,362656.0,364206.7279,366972.4,4316.4,4316.4,941.0,0.218006,1,p:2.3.3.1.1.1
U7567,302,FUSE0,362695.4648,362751.7774,365265.8622,2570.3974,2570.3974,941.0,0.366091,1,p:1.3.3.2.3.2
U7568,302,FUSE0,362775.7279,364318.9279,367678.0,4902.2721,4902.2721,941.0,0.191952,1,p:2.2.2.1.1.1
U7569,302,FUSE0,362811.4648,362863.9774,366045.1,3233.6352,3233.6352,941.0,0.291004,1,p:1.2.2.1.1.2
U7570,302,FUSE0,362891.7279,364431.1279,368185.6,5293.8721,5293.8721,941.0,0.177753,1,p:2.1.5.2.1.2
U7571,302,FUSE0,362932.2648,362976.1774,367910.0,4977.7352,4977.7352,941.0,0.189042,1,p:1.1.2.1.2.1
U7572,302,FUSE1,363007.7279,364543.3279,367243.2,4235.4721,4235.4721,1003.0,0.236809,1,p:2.3.1.2.3.2
U7573,302,FUSE1,363048.2648,363088.3774,365609.9,2561.6352,2561.6352,1003.0,0.391547,1,p:1.3.3.2.3.1
U7574,302,FUSE1,363129.6,364655.5279,366827.9,3698.3,3698.3,1003.0,0.271206,1,p:2.2.4.2.2.1
U7575,302,FUSE1,363164.2648,363200.5774,366629.9,3465.6352,3465.6352,1003.0,0.289413,1,p:1.2.2.1.2.2
U7576,302,FUSE1,363245.6,364767.7279,370647.2,7401.6,7401.6,1003.0,0.135511,1,p:2.1.2.2.3.2
U7577,302,FUSE1,363285.0648,363312.7774,367127.2,3842.1352,3842.1352,1003.0,0.261053,1,p:1.1.3.2.1.2
U7578,302,FUSE1,363361.6,364879.9279,367794.0,4432.4,4432.4,1003.0,0.226288,1,p:2.3.5.1.3.1
U7579,302,FUSE1,363401.0648,363424.9774,367204.4,3803.3352,3803.3352,1003.0,0.263716,1,p:1.3.2.1.2.1
U7580,302,FUSE2,363482.4,364992.1279,367325.2,3842.8,3842.8,1035.4,0.269439,1,p:2.2.4.1.1.1
U7581,302,FUSE2,363517.0648,363537.1774,365890.8,2373.7352,2373.7352,1035.4,0.43619,1,p:1.2.1.1.2.2
U7582,302,FUSE2,363598.4,365104.3279,369064.8,5466.4,5466.4,1035.4,0.189412,1,p:2.1.3.1.2.1
U7583,302,FUSE2,363637.8648,363649.3774,367480.0,3842.1352,3842.1352,1035.4,0.269486,1,p:1.1.4.2.1.2
U7584,302,FUSE2,363714.4,365216.5279,369126.4,5412.0,5412.0,1035.4,0.191316,1,p:2.3.2.2.1.2
U7585,302,FUSE2,363753.8648,363761.5774,366359.1,2605.2352,2605.2352,1035.4,0.397431,1,p:1.3.1.2.3.1
U7586,302,FUSE2,363835.2,365328.7279,367596.0,3760.8,3760.8,1035.4,0.275314,1,p:2.2.1.2.3.2
U7587,302,FUSE2,363869.8648,363873.7774,367712.0,3842.1352,3842.1352,1035.4,0.269486,1,p:1.1.3.2.2.2
U3842,154,FUSE0,363951.2,365440.9279,369576.8,5625.6,5625.6,941.0,0.167271,1,p:2.1.3.2.2.1
U3844,154,FUSE0,363962.0,363985.9774,366595.9,2633.9,2633.9,941.0,0.357265,1,p:1.3.1.2.1.1
U3846,154,FUSE0,363962.0,364098.1774,366397.9,2435.9,2435.9,941.0,0.386305,1,p:1.2.3.1.1.2
U3848,154,FUSE0,363962.0,364210.3774,368146.8,4184.8,4184.8,941.0,0.224861,1,p:1.1.3.1.3.1
U3850,154,FUSE1,363962.0,364322.5774,368262.8,4300.8,4300.8,1003.0,0.233212,1,p:1.3.2.1.2.1
U3843,154,FUSE0,363962.0,365553.1279,370449.487,6487.487,6487.487,941.0,0.145048,1,p:2.3.2.1.3.1
U3845,154,FUSE0,363962.0,365665.3279,367948.8,3986.8,3986.8,941.0,0.236029,1,p:2.2.5.2.3.2
U3847,154,FUSE0,363962.0,365777.5279,370006.8,6044.8,6044.8,941.0,0.155671,1,p:2.1.4.2.1.2
U3849,154,FUSE0,363962.0,365889.7279,368832.4,4870.4,4870.4,941.0,0.193208,1,p:2.3.4.2.2.2
U3851,154,FUSE1,363962.0,366001.9279,368301.6,4339.6,4339.6,1003.0,0.231127,1,p:2.2.3.2.3.2
U3852,154,FUSE1,363990.6648,364434.7774,366866.7,2876.0352,2876.0352,1003.0,0.348744,1,p:1.2.5.1.3.2
U3853,154,FUSE1,364067.2,366114.1279,371482.8,7415.6,7415.6,1003.0,0.135255,1,p:2.1.2.1.2.2
U3854,154,FUSE1,364188.0,366226.3279,369324.4,5136.4,5136.4,1003.0,0.195273,1,p:2.3.1.1.1.1
U3855,154,FUSE1,364343.1,364659.1774,367557.2,3214.1,3214.1,1003.0,0.312062,1,p:1.3.3.1.2.1
U3856,154,FUSE1,364343.4648,366338.5279,368716.4,4372.9352,4372.9352,1003.0,0.229365,1,p:2.2.3.1.1.2
U3857,154,FUSE1,364459.1,364771.3774,366982.7,2523.6,2523.6,1003.0,0.397448,1,p:1.2.5.2.2.2
U3858,154,FUSE2,364497.9,366450.7279,370913.487,6415.587,6415.587,1035.4,0.161388,1,p:2.1.1.1.3.1
U3859,154,FUSE2,364611.7,364883.5774,368948.8,4337.1,4337.1,1035.4,0.238731,1,p:1.1.1.2.3.1
U3860,154,FUSE2,364664.8,366562.9279,370797.487,6132.687,6132.687,1035.4,0.168833,1,p:2.3.2.2.1.1
U3861,154,FUSE2,364727.7,364995.7774,367832.8,3105.1,3105.1,1035.4,0.333451,1,p:1.3.4.2.1.2
U3862,154,FUSE2,364780.8,366675.1279,369180.8,4400.0,4400.0,1035.4,0.235318,1,p:2.2.4.1.3.1
U3863,154,FUSE2,364886.9,365107.9774,368596.0,3709.1,3709.1,1035.4,0.279151,1,p:1.2.2.2.3.1
U3864,154,FUSE2,364896.8,366787.3279,371145.487,6248.687,6248.687,1035.4,0.165699,1,p:2.1.1.1.1.1
U3865,154,FUSE2,365002.9,365220.1774,369242.4,4239.5,4239.5,1035.4,0.244227,1,p:1.1.5.2.2.2
U3866,154,FUSE2,365065.1622,366899.5279,369929.6,4864.4378,4864.4378,1035.4,0.212851,1,p:2.3.1.1.2.1
U3768,151,FUSE0,365118.9,365332.3774,368064.8,2945.9,2945.9,941.0,0.319427,1,p:1.3.1.2.2.2
U3769,151,FUSE0,365181.1622,367011.7279,369440.4,4259.2378,4259.2378,941.0,0.220932,1,p:2.2.4.1.2.1
U3770,151,FUSE0,365259.9622,365444.5774,368774.0,3514.0378,3514.0378,941.0,0.267783,1,p:1.2.2.1.3.1
U3771,151,FUSE0,365297.1622,367123.9279,371957.487,6660.3248,6660.3248,941.0,0.141284,1,p:2.1.4.1.3.1
U3772,151,FUSE0,365375.9622,365556.7774,369479.2,4103.2378,4103.2378,941.0,0.229331,1,p:1.1.1.2.1.2
U3773,151,FUSE0,365413.1622,367236.1279,370565.487,5152.3248,5152.3248,941.0,0.182636,1,p:2.3.5.1.2.1
U3774,151,FUSE0,365525.2,365668.9774,368417.6,2892.4,2892.4,941.0,0.325335,1,p:1.3.4.1.3.2
U3775,151,FUSE0,365532.5,367348.3279,370104.4,4571.9,4571.9,941.0,0.205823,1,p:2.2.3.1.2.1
U3776,151,FUSE1,365641.2,365781.1774,368383.6,2742.4,2742.4,1003.0,0.365738,1,p:1.2.4.1.1.1
U3777,151,FUSE1,365690.1,367460.5279,372305.487,6615.387,6615.387,1003.0,0.151616,1,p:2.1.3.1.3.1
U3778,151,FUSE1,365764.0,365893.3774,369832.0,4068.0,4068.0,1003.0,0.246559,1,p:1.1.5.2.1.2
U3779,151,FUSE1,365806.1,367572.7279,370899.6,5093.5,5093.5,1003.0,0.196918,1,p:2.3.4.2.1.2
U3780,151,FUSE1,365921.6,366005.5774,370279.2,4357.6,4357.6,1003.0,0.230173,1,p:1.3.2.1.2.1
U3781,151,FUSE1,365922.1,367684.9279,370181.6,4259.5,4259.5,1003.0,0.235474,1,p:2.2.1.2.1.2
U3782,151,FUSE1,366037.6,366117.7774,368558.8,2521.2,2521.2,1003.0,0.397826,1,p:1.2.5.1.2.2
U3783,151,FUSE1,366076.4,367797.1279,371841.487,5765.087,5765.087,1003.0,0.173978,1,p:2.1.5.2.1.1
U3784,151,FUSE2,366153.6,366229.9774,370531.2,4377.6,4377.6,1035.4,0.236522,1,p:1.1.4.2.1.2
U3785,151,FUSE2,366192.4,367909.3279,371377.487,5185.087,5185.087,1035.4,0.199688,1,p:2.3.3.2.2.1
U3786,151,FUSE2,366274.4,366342.1774,369358.4,3084.0,3084.0,1035.4,0.335733,1,p:1.3.3.2.3.2
U3787,151,FUSE2,366308.4,368021.5279,371133.2,4824.8,4824.8,1035.4,0.2146,1,p:2.2.5.1.2.2
U3788,151,FUSE2,366390.4,366454.3774,368951.6,2561.2,2561.2,1035.4,0.404264,1,p:1.2.5.1.1.2
U3789,151,FUSE2,366429.2,368133.7279,373696.4,7267.2,7267.2,1035.4,0.142476,1,p:2.1.2.1.1.2
U3790,151,FUSE2,366506.4,366566.5774,371365.2,4858.8,4858.8,1035.4,0.213098,1,p:1.1.3.1.3.2
U3791,151,FUSE2,366545.2,368245.9279,371493.487,4948.287,4948.287,1035.4,0.209244,1,p:2.2.4.1.1.1
U3792,151,FUSE2,366627.2,366678.7774,369754.8,3127.6,3127.6,1035.4,0.331053,1,p:1.3.4.1.2.1
U3867,155,FUSE0,366661.2,368358.1279,373117.487,6456.287,6456.287,941.0,0.145749,1,p:2.1.3.1.2.1
U3868,155,FUSE0,366743.2,366790.9774,370783.6,4040.4,4040.4,941.0,0.232898,1,p:1.2.2.1.2.2
U3869,155,FUSE0,366782.0,368470.3279,371948.4,5166.4,5166.4,941.0,0.182138,1,p:2.3.4.1.1.2
U3870,155,FUSE0,366859.2,366903.1774,371015.6,4156.4,4156.4,941.0,0.226398,1,p:1.1.5.2.3.2
U3871,155,FUSE0,366898.0,368582.5279,371609.487,4711.487,4711.487,941.0,0.199725,1,p:2.2.3.2.3.1
U3872,155,FUSE0,367003.7,367015.3774,370356.4,3352.7,3352.7,941.0,0.280669,1,p:1.3.4.2.1.2
U3873,155,FUSE0,367014.0,368694.7279,372537.487,5523.487,5523.487,941.0,0.170363,1,p:2.1.1.2.1.1
U3874,155,FUSE0,367119.7,367127.5774,369657.2,2537.5,2537.5,941.0,0.370837,1,p:1.2.5.1.1.2
U3875,155,FUSE0,367158.5,368806.9279,372182.0,5023.5,5023.5,941.0,0.18732,1,p:2.3.3.2.2.2
U3876,155,FUSE1,367235.7,367239.7774,371832.4,4596.7,4596.7,1003.0,0.2182,1,p:1.1.5.1.2.2
U3877,155,FUSE1,367274.5,368919.1279,372997.2,5722.7,5722.7,1003.0,0.175267,1,p:2.2.2.1.1.2
U3878,155,FUSE1,367356.5,367356.5,371714.8,4358.3,4358.3,1003.0,0.230136,1,p:1.3.2.1.3.2
U3879,155,FUSE1,367390.5,369031.3279,373233.487,5842.987,5842.987,1003.0,0.171659,1,p:2.1.3.2.1.1
U3880,155,FUSE1,367472.5,367472.5,370681.487,3208.987,3208.987,1003.0,0.31256,1,p:1.2.3.1.2.1
U3881,155,FUSE1,367511.3,369143.5279,372189.487,4678.187,4678.187,1003.0,0.214399,1,p:2.3.5.2.1.1
U3882,155,FUSE1,367588.5,367588.5,371598.8,4010.3,4010.3,1003.0,0.250106,1,p:1.1.1.2.1.2
U3883,155,FUSE1,367627.3,369255.7279,373346.8,5719.5,5719.5,1003.0,0.175365,1,p:2.2.2.1.1.2
U3884,155,FUSE1,367709.3,367709.3,372421.487,4712.187,4712.187,1003.0,0.212852,1,p:1.3.2.1.2.1
U3885,155,FUSE2,367743.3,369367.9279,374045.487,6302.187,6302.187,1035.4,0.164292,1,p:2.1.3.1.3.1
U3886,155,FUSE2,367825.3,367825.3,371029.487,3204.187,3204.187,1035.4,0.32314,1,p:1.2.3.1.2.1
U3887,155,FUSE2,367864.1,369480.1279,374046.0,6181.9,6181.9,1035.4,0.167489,1,p:2.3.2.1.1.2
U3888,155,FUSE2,367941.3,367941.3,372414.0,4472.7,4472.7,1035.4,0.231493,1,p:1.1.4.2.3.2
U1023,41,FUSE1,367961.0,369592.3279,372769.487,4808.487,4808.487,2718.2,0.565292,1,p:2.2.1.1.2.1
U3889,155,FUSE2,367980.1,368053.5,371261.487,3281.387,3281.387,1035.4,0.315537,1,p:1.3.1.2.3.1
U3890,155,FUSE2,368062.1,369704.5279,373581.487,5519.387,5519.387,1035.4,0.187593,1,p:2.1.5.2.1.1
U3891,155,FUSE2,368096.1,368165.7,371725.487,3629.387,3629.387,1035.4,0.285282,1,p:1.2.2.2.2.1
U3892,155,FUSE2,368178.1,369816.7279,374162.0,5983.9,5983.9,1035.4,0.173031,1,p:2.3.2.2.3.2
U3893,155,FUSE2,368216.9,368277.9,372531.6,4314.7,4314.7,1035.4,0.23997,1,p:1.3.2.2.2.2
U3894,155,FUSE2,368294.1,369928.9279,372885.487,4591.387,4591.387,1035.4,0.225509,1,p:2.2.3.2.1.1
U227,10,FUSE0,368332.9,370041.1279,374278.0,5945.1,5945.1,941.0,0.158282,1,p:2.1.1.1.3.2
U228,10,FUSE0,368414.9,368414.9,372653.487,4238.587,4238.587,941.0,0.222008,1,p:1.2.2.1.3.1
U229,10,FUSE0,368448.9,370153.3279,373580.4,5131.5,5131.5,941.0,0.183377,1,p:2.3.4.2.2.2
U230,10,FUSE0,368590.1,368590.1,372073.487,3483.387,3483.387,941.0,0.270139,1,p:1.3.5.1.2.1
U231,10,FUSE0,368627.3,370265.5279,373697.487,5070.187,5070.187,941.0,0.185595,1,p:2.2.4.1.3.1
U232,10,FUSE0,368747.7,368747.7,371249.2,2501.5,2501.5,941.0,0.376174,1,p:1.2.1.2.1.2
U233,10,FUSE0,368805.3,370377.7279,375438.0,6632.7,6632.7,941.0,0.141873,1,p:2.1.2.2.2.2
U234,10,FUSE0,368863.7,368863.7,373349.487,4485.787,4485.787,941.0,0.209774,1,p:1.1.5.1.3.1
U235,10,FUSE1,368980.1,368980.1,372298.0,3317.9,3317.9,1003.0,0.3023,1,p:1.3.1.1.1.2
U236,10,FUSE1,368982.9,370489.9279,373930.0,4947.1,4947.1,1003.0,0.202745,1,p:2.3.3.2.2.2
U237,10,FUSE1,369096.1,369096.1,372064.4,2968.3,2968.3,1003.0,0.337904,1,p:1.2.4.2.3.2
U238,10,FUSE1,369157.7,369208.3,373113.2,3955.5,3955.5,1003.0,0.253571,1,p:1.1.1.2.3.2
U239,10,FUSE1,369212.1,370602.1279,373462.8,4250.7,4250.7,1003.0,0.235961,1,p:2.2.1.2.3.2
U240,10,FUSE1,369273.7,369320.5,372763.6,3489.9,3489.9,1003.0,0.287401,1,p:1.3.4.2.3.2
U241,10,FUSE1,369355.7,370714.3279,375289.6,5933.9,5933.9,1003.0,0.169029,1,p:2.1.4.1.1.1
U242,10,FUSE1,369389.7,369432.7,372647.6,3257.9,3257.9,1003.0,0.307867,1,p:1.2.3.1.1.2
U243,10,FUSE2,369471.7,370826.5279,373929.487,4457.787,4457.787,1035.4,0.232268,1,p:2.3.5.2.1.1
U244,10,FUSE2,369510.5,369544.9,374940.0,5429.5,5429.5,1035.4,0.190699,1,p:1.1.2.1.1.1
U245,10,FUSE2,369608.1,369657.1,373465.487,3857.387,3857.387,1035.4,0.26842,1,p:1.3.4.1.2.1
U246,10,FUSE2,369688.5,370938.7279,374161.487,4472.987,4472.987,1035.4,0.231478,1,p:2.2.1.1.2.1
U247,10,FUSE2,369786.1,369786.1,373001.487,3215.387,3215.387,1035.4,0.322014,1,p:1.2.5.1.3.1
U248,10,FUSE2,369863.3,369898.3,374474.4,4611.1,4611.1,1035.4,0.224545,1,p:1.1.4.1.2.1
U249,10,FUSE2,369960.9,370010.5,373230.8,3269.9,3269.9,1035.4,0.316646,1,p:1.3.5.2.2.2
U250,10,FUSE2,370038.1,371050.9279,376018.0,5979.9,5979.9,1035.4,0.173147,1,p:2.1.3.1.3.2
U4841,194,FUSE0,370135.7,370135.7,372881.2,2745.5,2745.5,941.0,0.342743,1,p:1.2.1.2.2.2
U4842,194,FUSE0,370212.9,370247.9,374626.0,4413.1,4413.1,941.0,0.213229,1,p:1.1.3.2.3.2
U4843,194,FUSE0,370310.5,370360.1,373813.487,3502.987,3502.987,941.0,0.268628,1,p:1.3.5.1.2.1
U4844,194,FUSE0,370387.7,370472.3,374277.487,3889.787,3889.787,941.0,0.241916,1,p:1.2.2.2.1.1
U4845,194,FUSE0,370480.787,371163.1279,374394.0,3913.213,3913.213,941.0,0.240467,1,p:2.3.5.2.2.2
U4846,194,FUSE0,370562.5,370584.5,374974.0,4411.5,4411.5,941.0,0.213306,1,p:1.1.5.1.3.2
U4847,194,FUSE0,370596.787,371275.3279,375206.0,4609.213,4609.213,941.0,0.204156,1,p:2.2.2.2.1.2
U4848,194,FUSE0,370678.5,370696.7,375090.0,4411.5,4411.5,941.0,0.213306,1,p:1.3.2.2.2.2
U4849,194,FUSE1,370712.787,371387.5279,375674.8,4962.013,4962.013,1003.0,0.202136,1,p:2.1.1.1.1.1
U4850,194,FUSE1,370814.9,370814.9,373812.4,2997.5,2997.5,1003.0,0.334612,1,p:1.2.4.2.3.2
U4851,194,FUSE1,370828.787,370927.1,375322.0,4493.213,4493.213,1003.0,0.223226,1,p:1.1.1.1.3.2
U4852,194,FUSE1,370930.9,371499.7279,376027.6,5096.7,5096.7,1003.0,0.196794,1,p:2.3.2.1.1.1
U4853,194,FUSE1,370944.787,371039.3,374824.0,3879.213,3879.213,1003.0,0.258558,1,p:1.3.4.1.2.1
U4854,194,FUSE1,371046.9,371611.9279,374590.4,3543.5,3543.5,1003.0,0.283053,1,p:2.2.4.2.1.1
U4855,194,FUSE1,371060.787,371151.5,374510.0,3449.213,3449.213,1003.0,0.290791,1,p:1.2.3.1.1.2
U4856,194,FUSE1,371164.5,371263.7,376714.0,5549.5,5549.5,1003.0,0.180737,1,p:1.1.2.1.3.2
U4857,194,FUSE2,371176.787,371724.1279,375906.8,4730.013,4730.013,1035.4,0.2189,1,p:2.1.1.2.2.1
U4858,194,FUSE2,371280.5,371375.9,375173.6,3893.1,3893.1,1035.4,0.265958,1,p:1.3.3.1.2.1
U4859,194,FUSE2,371292.787,371836.3279,375786.0,4493.213,4493.213,1035.4,0.230436,1,p:2.3.4.1.2.2
U4860,194,FUSE2,371396.5,371488.1,374706.4,3309.9,3309.9,1035.4,0.312819,1,p:1.2.1.1.3.1
U4861,194,FUSE2,371408.787,371948.5279,375670.0,4261.213,4261.213,1035.4,0.242982,1,p:2.2.3.1.3.2
U4862,194,FUSE2,371514.1,371600.3,376965.2,5451.1,5451.1,1035.4,0.189943,1,p:1.1.2.2.2.1
U4863,194,FUSE2,371524.787,372060.7279,377670.8,6146.013,6146.013,1035.4,0.168467,1,p:2.1.2.2.2.1
U4864,194,FUSE2,371630.1,371712.5,374858.0,3227.9,3227.9,1035.4,0.320766,1,p:1.3.5.2.1.2
U4865,194,FUSE2,371640.787,372172.9279,375790.8,4150.013,4150.013,1035.4,0.249493,1,p:2.3.4.2.3.1
U8054,322,FUSE0,371746.1,371824.7,374742.0,2995.9,2995.9,941.0,0.314096,1,p:1.2.1.2.2.2
U8055,322,FUSE0,371756.787,372285.1279,375056.0,3299.213,3299.213,941.0,0.28522,1,p:2.2.5.2.3.1
U8056,322,FUSE0,371863.7,371936.9,376366.0,4502.3,4502.3,941.0,0.209004,1,p:1.1.5.1.3.2
U8057,322,FUSE0,371872.787,372397.3279,376733.2,4860.413,4860.413,941.0,0.193605,1,p:2.1.5.1.1.1
U8058,322,FUSE0,371979.7,372049.1,375523.2,3543.5,3543.5,941.0,0.265557,1,p:1.3.1.1.2.1
U8059,322,FUSE0,371988.787,372509.5279,375554.0,3565.213,3565.213,941.0,0.263939,1,p:2.3.5.2.1.2
U8060,322,FUSE0,372095.7,372161.3,375902.0,3806.3,3806.3,941.0,0.247222,1,p:1.2.2.2.1.2
U8061,322,FUSE0,372104.787,372621.7279,376134.0,4029.213,4029.213,941.0,0.233544,1,p:2.2.3.1.2.2
U8062,322,FUSE0,372213.3,372273.5,376598.0,4384.7,4384.7,941.0,0.21461,1,p:1.1.4.2.1.2
U8063,322,FUSE1,372220.787,372733.9279,378125.2,5904.413,5904.413,1003.0,0.169873,1,p:2.1.2.2.2.2
U8064,322,FUSE1,372329.3,372385.7,377062.0,4732.7,4732.7,1003.0,0.21193,1,p:1.3.2.1.3.2
U8065,322,FUSE1,372336.787,372846.1279,376380.4,4043.613,4043.613,1003.0,0.248045,1,p:2.3.1.1.1.1
U8066,322,FUSE1,372445.3,372497.9,375405.6,2960.3,2960.3,1003.0,0.338817,1,p:1.2.5.2.3.1
U8067,322,FUSE1,372452.787,372958.3279,376482.0,4029.213,4029.213,1003.0,0.248932,1,p:2.2.3.1.2.2
U8068,322,FUSE1,372562.9,372610.1,377410.0,4847.1,4847.1,1003.0,0.206928,1,p:1.1.4.1.3.2
U8069,322,FUSE1,372568.787,373070.5279,378586.287,6017.5,6017.5,1003.0,0.166681,1,p:2.1.4.1.1.2
U8070,322,FUSE1,372678.9,372722.3,377642.0,4963.1,4963.1,1003.0,0.202091,1,p:1.3.2.1.3.2
U8071,322,FUSE1,372684.787,373182.7279,378300.0,5615.213,5615.213,1003.0,0.178622,1,p:2.3.2.1.2.2
U8072,322,FUSE2,372794.9,372834.5,376143.6,3348.7,3348.7,1035.4,0.309195,1,p:1.2.4.2.3.1
U8073,322,FUSE2,372800.787,373294.9279,376250.0,3449.213,3449.213,1035.4,0.300184,1,p:2.2.5.2.1.2
U8074,322,FUSE2,372912.5,372946.7,377526.0,4613.5,4613.5,1035.4,0.224428,1,p:1.1.5.1.2.2
U8075,322,FUSE2,372916.787,373407.1279,378669.6,5752.813,5752.813,1035.4,0.179982,1,p:2.1.2.2.2.1
U8076,322,FUSE2,373028.5,373058.9,376830.0,3801.5,3801.5,1035.4,0.272366,1,p:1.3.3.1.2.2
U8077,322,FUSE2,373032.787,373519.3279,376946.0,3913.213,3913.213,1035.4,0.264591,1,p:2.3.3.2.1.2
U8078,322,FUSE2,373144.5,373171.1,376496.4,3351.9,3351.9,1035.4,0.308899,1,p:1.2.4.2.3.1
U8079,322,FUSE2,373148.787,373631.5279,377178.0,4029.213,4029.213,1035.4,0.256973,1,p:2.2.1.1.2.2
U8080,322,FUSE2,373262.1,373283.3,377554.8,4292.7,4292.7,1035.4,0.2412,1,p:1.1.3.2.3.1
U8081,322,FUSE2,373264.787,373743.7279,377950.4,4685.613,4685.613,1035.4,0.220974,1,p:2.1.5.2.2.2
U462,19,FUSE0,373378.1,373395.5,376612.4,3234.3,3234.3,941.0,0.290944,1,p:1.3.3.2.2.1
U463,19,FUSE0,373380.787,373855.9279,377202.0,3821.213,3821.213,941.0,0.246257,1,p:2.3.3.2.3.1
U464,19,FUSE0,373494.1,373507.7,376259.6,2765.5,2765.5,941.0,0.340264,1,p:1.2.1.2.2.1
U465,19,FUSE0,373496.787,373968.1279,377086.0,3589.213,3589.213,941.0,0.262174,1,p:2.2.1.1.1.1
U466,19,FUSE0,373611.7,373619.9,377965.887,4354.187,4354.187,941.0,0.216114,1,p:1.1.1.1.3.1
U467,19,FUSE0,373612.787,374080.3279,377294.0,3681.213,3681.213,941.0,0.255622,1,p:2.3.5.2.1.2
U468,19,FUSE0,373727.7,373732.1,377438.8,3711.1,3711.1,941.0,0.253564,1,p:1.3.4.1.1.1
U469,19,FUSE0,373728.787,374192.5279,378140.687,4411.9,4411.9,941.0,0.213287,1,p:2.1.3.2.3.1
U470,19,FUSE0,373843.7,373844.3,376849.2,3005.5,3005.5,941.0,0.313093,1,p:1.2.5.2.3.1
U471,19,FUSE1,373844.787,374304.7279,377791.087,3946.3,3946.3,1003.0,0.254162,1,p:2.3.4.2.3.1
U472,19,FUSE1,373960.787,373960.787,378494.8,4534.013,4534.013,1003.0,0.221217,1,p:1.1.4.1.2.1
U473,19,FUSE1,373961.3,374416.9279,377775.6,3814.3,3814.3,1003.0,0.262958,1,p:2.2.1.1.2.2
U474,19,FUSE1,374076.787,374076.787,377318.0,3241.213,3241.213,1003.0,0.309452,1,p:1.2.1.2.2.1
U475,19,FUSE1,374077.3,374529.1279,378315.487,4238.187,4238.187,1003.0,0.236658,1,p:2.1.1.1.3.1
U476,19,FUSE1,375237.3,375538.9279,378938.6,3701.3,3701.3,1003.0,0.270986,1,p:2.1.4.2.3.2
U477,19,FUSE1,375320.9,375345.7,379019.2,3698.3,3698.3,1003.0,0.271206,1,p:1.1.5.1.2.1
U478,19,FUSE1,375353.3,375651.1279,379194.0,3840.7,3840.7,1003.0,0.26115,1,p:2.3.3.1.2.1
U479,19,FUSE1,375436.9,375457.9,378822.6,3385.7,3385.7,1003.0,0.296246,1,p:1.3.2.2.1.2
U480,19,FUSE2,375469.3,375763.3279,378844.4,3375.1,3375.1,1035.4,0.306776,1,p:2.2.3.2.2.1
U481,19,FUSE2,375554.5,375570.1,378470.287,2915.787,2915.787,1035.4,0.355101,1,p:1.2.4.1.3.2
U482,19,FUSE2,375585.3,375875.5279,379760.2,4174.9,4174.9,1035.4,0.248006,1,p:2.1.1.2.2.2
U483,19,FUSE2,375701.3,375701.3,379528.2,3826.9,3826.9,1035.4,0.270558,1,p:1.1.2.2.1.2
U484,19,FUSE2,375706.1,375987.7279,379054.6,3348.5,3348.5,1035.4,0.309213,1,p:2.3.5.1.3.2
U485,19,FUSE2,375817.3,375817.3,379175.4,3358.1,3358.1,1035.4,0.308329,1,p:1.3.2.2.1.2
U486,19,FUSE2,375822.1,376099.9279,379291.4,3469.3,3469.3,1035.4,0.298446,1,p:2.2.3.2.3.2
U487,19,FUSE2,375933.3,375933.3,378702.287,2768.987,2768.987,1035.4,0.373927,1,p:1.2.1.2.3.2
U488,19,FUSE2,375938.1,376212.1279,379723.0,3784.9,3784.9,1035.4,0.273561,1,p:2.1.5.1.1.1
U076,4,FUSE0,376049.3,376049.3,380113.0,4063.7,4063.7,941.0,0.231562,1,p:1.1.2.2.2.2
U077,4,FUSE0,376058.9,376324.3279,379370.2,3311.3,3311.3,941.0,0.284178,1,p:2.3.5.1.1.1
U078,4,FUSE0,376165.3,376165.3,379602.2,3436.9,3436.9,941.0,0.273793,1,p:1.3.4.1.2.1
U079,4,FUSE0,376174.9,376436.5279,379644.2,3469.3,3469.3,941.0,0.271236,1,p:2.2.3.2.3.2
U080,4,FUSE0,376281.3,376281.3,379407.4,3126.1,3126.1,941.0,0.301014,1,p:1.2.1.2.2.2
U081,4,FUSE0,376290.9,376548.7279,380307.8,4016.9,4016.9,941.0,0.23426,1,p:2.1.5.1.2.1
U082,4,FUSE0,376397.3,376397.3,379839.0,3441.7,3441.7,941.0,0.273411,1,p:1.1.4.1.3.1
U083,4,FUSE0,376411.7,376660.9279,379955.0,3543.3,3543.3,941.0,0.265572,1,p:2.3.1.1.2.1
U084,4,FUSE1,376513.3,376513.3,380465.8,3952.5,3952.5,1003.0,0.253763,1,p:1.3.2.2.2.2
U085,4,FUSE1,376527.7,376773.1279,379881.0,3353.3,3353.3,1003.0,0.299108,1,p:2.2.3.2.1.2
U086,4,FUSE1,376629.3,376629.3,379486.2,2856.9,2856.9,1003.0,0.35108,1,p:1.2.4.1.3.1
U087,4,FUSE1,376643.7,376885.3279,380432.1279,3788.4279,3788.4279,1003.0,0.264754,1,p:2.1.5.1.1.1
U088,4,FUSE1,376745.3,376745.3,380349.8,3604.5,3604.5,1003.0,0.278263,1,p:1.1.4.2.3.2
U089,4,FUSE1,376764.5,376997.5279,380075.8,3311.3,3311.3,1003.0,0.302902,1,p:2.3.4.1.1.1
U090,4,FUSE1,376861.3,376861.3,380233.8,3372.5,3372.5,1003.0,0.297405,1,p:1.3.3.2.1.2
U091,4,FUSE1,376880.5,377109.7279,379997.0,3116.5,3116.5,1003.0,0.321835,1,p:2.2.1.2.3.2
U092,4,FUSE2,376977.3,376977.3,380581.8,3604.5,3604.5,1035.4,0.287252,1,p:1.2.2.1.2.2
U093,4,FUSE2,376996.5,377221.9279,381045.8,4049.3,4049.3,1035.4,0.255699,1,p:2.1.4.2.3.2
U094,4,FUSE2,377093.3,377093.3,380813.8,3720.5,3720.5,1035.4,0.278296,1,p:1.1.5.1.1.2
U095,4,FUSE2,377117.3,377205.5,380191.8,3074.5,3074.5,1035.4,0.33677,1,p:1.3.1.1.3.1
U096,4,FUSE2,377209.3,377334.1279,381161.8,3952.5,3952.5,1035.4,0.261961,1,p:2.1.5.1.1.2
U097,4,FUSE2,377233.3,377317.7,380780.1279,3546.8279,3546.8279,1035.4,0.291923,1,p:1.2.3.2.2.1
U098,4,FUSE2,377325.3,377446.3279,380929.8,3604.5,3604.5,1035.4,0.287252,1,p:2.2.2.1.2.2
U099,4,FUSE2,377349.3,377429.9,380697.8,3348.5,3348.5,1035.4,0.309213,1,p:1.3.4.2.3.2
U7710,308,FUSE0,377384.0,377542.1,381360.1279,3976.1279,3976.1279,941.0,0.236662,1,p:1.1.4.2.1.1
U7711,308,FUSE0,377384.0,377558.5279,380896.1279,3512.1279,3512.1279,941.0,0.267929,1,p:2.3.2.1.3.1
U7712,308,FUSE0,377384.0,377654.3,380548.1279,3164.1279,3164.1279,941.0,0.297396,1,p:1.2.1.1.3.1
U7713,308,FUSE0,377384.0,377670.7279,381625.8,4241.8,4241.8,941.0,0.22184,1,p:2.1.5.1.2.2
U7714,308,FUSE0,377384.0,377766.5,381128.1279,3744.1279,3744.1279,941.0,0.251327,1,p:1.3.1.2.2.1
U7715,308,FUSE0,377384.0,377782.9279,380664.1279,3280.1279,3280.1279,941.0,0.286879,1,p:2.2.3.2.1.1
U7716,308,FUSE0,377384.0,377878.7,381741.8,4357.8,4357.8,941.0,0.215935,1,p:1.1.2.2.3.2
U7717,308,FUSE0,377384.0,377895.1279,381476.1279,4092.1279,4092.1279,941.0,0.229954,1,p:2.3.2.2.2.1
U7718,308,FUSE1,377384.0,377990.9,381012.1279,3628.1279,3628.1279,1003.0,0.276451,1,p:1.2.3.2.1.1
U7719,308,FUSE1,377384.0,378007.3279,381592.1279,4208.1279,4208.1279,1003.0,0.238348,1,p:2.1.1.1.3.1
U7720,308,FUSE1,377384.0,378103.1,381509.8,4125.8,4125.8,1003.0,0.243104,1,p:1.3.2.1.1.2
U7721,308,FUSE1,377384.0,378119.5279,381277.8,3893.8,3893.8,1003.0,0.257589,1,p:2.2.1.1.2.2
U7722,308,FUSE1,377384.0,378215.3,381244.1279,3860.1279,3860.1279,1003.0,0.259836,1,p:1.2.3.1.3.1
U7723,308,FUSE1,377384.0,378231.7279,382172.1279,4788.1279,4788.1279,1003.0,0.209476,1,p:2.1.5.2.2.1
U7724,308,FUSE1,377384.0,378327.5,381393.8,4009.8,4009.8,1003.0,0.250137,1,p:1.3.1.2.3.2
U7725,308,FUSE1,377384.0,378343.9279,381824.1279,4440.1279,4440.1279,1003.0,0.225894,1,p:2.2.4.2.2.1
U7726,308,FUSE2,377384.0,378439.7,382430.0,5046.0,5046.0,1035.4,0.205192,1,p:1.1.4.2.1.1
U7727,308,FUSE2,377384.0,378456.1279,381973.8,4589.8,4589.8,1035.4,0.225587,1,p:2.3.5.1.2.2
U7728,308,FUSE2,377441.3,378551.9,381708.1279,4266.8279,4266.8279,1035.4,0.242663,1,p:1.2.3.2.1.1
U7729,308,FUSE2,377470.1,378568.3279,382235.2,4765.1,4765.1,1035.4,0.217288,1,p:2.1.5.1.1.2
U7730,308,FUSE2,377557.3,378664.1,381940.1279,4382.8279,4382.8279,1035.4,0.23624,1,p:1.3.4.1.3.1
U7731,308,FUSE2,377586.1,378680.5279,382351.2,4765.1,4765.1,1035.4,0.217288,1,p:2.2.2.1.2.2
U7732,308,FUSE2,377673.3,378776.3,382056.1279,4382.8279,4382.8279,1035.4,0.23624,1,p:1.2.1.2.1.1
U7733,308,FUSE2,377702.1,378792.7279,382898.8,5196.7,5196.7,1035.4,0.199242,1,p:2.1.4.2.2.1
U4799,192,FUSE0,377806.9,378888.5,381857.8,4050.9,4050.9,941.0,0.232294,1,p:1.3.3.1.1.2
U4800,192,FUSE0,377822.387,378904.9279,382089.8,4267.413,4267.413,941.0,0.220508,1,p:2.2.3.2.3.2
U4801,192,FUSE0,377981.7,379000.7,382820.0,4838.3,4838.3,941.0,0.19449,1,p:1.1.2.2.3.2
U4802,192,FUSE0,377997.187,379017.1279,382292.8,4295.613,4295.613,941.0,0.219061,1,p:2.3.2.1.3.1
U4803,192,FUSE0,378156.5,379112.9,382588.0,4431.5,4431.5,941.0,0.212343,1,p:1.2.2.1.1.2
U4804,192,FUSE0,378171.987,379129.3279,382940.8,4768.813,4768.813,941.0,0.197324,1,p:2.1.4.1.1.2
U4805,192,FUSE0,378331.3,379241.5279,382467.2,4135.9,4135.9,941.0,0.22752,1,p:2.2.5.2.3.2
U4806,192,FUSE1,378346.787,379225.1,382546.0,4199.213,4199.213,1003.0,0.238854,1,p:1.3.1.2.2.1
U4807,192,FUSE1,378501.587,379337.3,383251.6,4750.013,4750.013,1003.0,0.211157,1,p:1.1.1.2.2.1
U4808,192,FUSE1,378526.1,379353.7279,382704.0,4177.9,4177.9,1003.0,0.240073,1,p:2.3.3.1.2.2
U4809,192,FUSE1,378617.587,379449.5,382782.8,4165.213,4165.213,1003.0,0.240804,1,p:1.2.3.2.1.1
U4810,192,FUSE1,378700.9,379561.7,382662.0,3961.1,3961.1,1003.0,0.253212,1,p:1.3.1.1.3.1
U4811,192,FUSE1,378733.587,379465.9279,383172.8,4439.213,4439.213,1003.0,0.225941,1,p:2.1.5.2.3.2
U4812,192,FUSE1,378853.9,379673.9,383293.6,4439.7,4439.7,1003.0,0.225916,1,p:1.1.1.1.1.2
E248,351,FUSE0,378875.7,379786.1,383014.8,4139.1,4139.1,941.0,0.227344,1,p:1.2.3.1.3.1
E249,351,FUSE0,378969.9,379898.3,383409.6,4439.7,4439.7,941.0,0.211951,1,p:1.3.4.1.2.2
E250,351,FUSE0,379050.5,380010.5,383957.2,4906.7,4906.7,941.0,0.191779,1,p:1.1.5.2.2.1
E251,351,FUSE0,379085.9,379578.1279,383135.6,4049.7,4049.7,941.0,0.232363,1,p:2.2.2.2.1.1
E252,351,FUSE1,379206.7,380122.7,383488.4,4281.7,4281.7,1003.0,0.234253,1,p:1.2.5.2.1.1
E253,351,FUSE1,379225.3,379690.3279,383056.8,3831.5,3831.5,1003.0,0.261777,1,p:2.3.5.1.2.2
E254,351,FUSE1,379322.7,380234.9,383604.4,4281.7,4281.7,1003.0,0.234253,1,p:1.3.3.2.2.1
E255,351,FUSE1,379401.5,380347.1,384352.0,4950.5,4950.5,1003.0,0.202606,1,p:1.1.2.1.1.2
E256,351,FUSE1,379438.7,379802.5279,383720.4,4281.7,4281.7,1003.0,0.234253,1,p:2.1.2.1.3.1
E257,351,FUSE1,379517.5,380459.3,384310.0,4792.5,4792.5,1003.0,0.209285,1,p:1.2.2.2.2.1
E258,351,FUSE2,379559.5,379914.7279,383762.4,4202.9,4202.9,1035.4,0.246354,1,p:2.2.4.1.2.2
E259,351,FUSE2,379633.5,380571.5,383841.2,4207.7,4207.7,1035.4,0.246073,1,p:1.3.4.2.1.1
E260,351,FUSE2,379675.5,380026.9279,383367.6,3692.1,3692.1,1035.4,0.280437,1,p:2.3.2.1.3.1
E261,351,FUSE2,379754.3,380683.7,384546.8,4792.5,4792.5,1035.4,0.216046,1,p:1.1.4.2.1.1
E262,351,FUSE2,379791.5,380139.1279,383999.2,4207.7,4207.7,1035.4,0.246073,1,p:2.1.1.1.1.2
U4813,192,FUSE2,379870.3,380795.9,384468.0,4597.7,4597.7,1035.4,0.2252,1,p:1.2.3.1.2.2
U4814,192,FUSE2,379912.3,380251.3279,383646.4,3734.1,3734.1,1035.4,0.277282,1,p:2.2.3.1.1.2
U4815,192,FUSE2,379986.3,380908.1,384073.2,4086.9,4086.9,1035.4,0.253346,1,p:1.3.4.1.3.1
U4816,192,FUSE2,380028.3,381020.3,384899.6,4871.3,4871.3,1035.4,0.212551,1,p:1.1.5.2.1.1
U4817,192,FUSE2,380107.1,380363.5279,383525.6,3418.5,3418.5,1035.4,0.302881,1,p:2.3.1.2.3.2
U4818,192,FUSE2,380144.3,381132.5,384584.0,4439.7,4439.7,1035.4,0.233214,1,p:1.2.3.1.3.2
U4819,192,FUSE2,380223.1,380475.7279,384231.2,4008.1,4008.1,1035.4,0.258327,1,p:2.1.5.2.3.2
U4820,192,FUSE2,380265.1,381244.7,384426.0,4160.9,4160.9,1035.4,0.24884,1,p:1.3.1.2.3.1
U3237,130,FUSE0,380339.1,380587.9279,383878.4,3539.3,3539.3,941.0,0.265872,1,p:2.2.5.2.3.2
U3238,130,FUSE0,380381.1,381356.9,385173.6,4792.5,4792.5,941.0,0.196348,1,p:1.1.3.2.2.2
U3239,130,FUSE0,380463.4279,380700.1279,384115.2,3651.7721,3651.7721,941.0,0.257683,1,p:2.3.3.1.2.2
U3240,130,FUSE0,380497.1,381469.1,385015.6,4518.5,4518.5,941.0,0.208255,1,p:1.2.3.1.2.1
U3241,130,FUSE0,380579.4279,380812.3279,384662.8,4083.3721,4083.3721,941.0,0.230447,1,p:2.1.5.1.2.1
U3242,130,FUSE0,380613.1,381581.3,384704.8,4091.7,4091.7,941.0,0.229978,1,p:1.3.1.1.1.2
U3243,130,FUSE0,380695.4279,380924.5279,384820.8,4125.3721,4125.3721,941.0,0.228101,1,p:2.2.2.2.2.2
U3244,130,FUSE0,380729.1,381693.5,385484.4,4755.3,4755.3,941.0,0.197884,1,p:1.1.5.2.3.1
U3245,130,FUSE0,380811.4279,381036.7279,384194.0,3382.5721,3382.5721,941.0,0.278191,1,p:2.3.1.2.1.1
U3246,130,FUSE0,380845.1,381805.7,385526.4,4681.3,4681.3,941.0,0.201013,1,p:1.2.2.2.2.2
U3247,130,FUSE1,380927.4279,381917.9,385368.4,4440.9721,4440.9721,1003.0,0.225851,1,p:1.3.5.1.2.1
U3248,130,FUSE1,380961.1,381148.9279,385252.4,4291.3,4291.3,1003.0,0.233729,1,p:2.1.2.2.1.1
U3249,130,FUSE1,381043.4279,382030.1,386135.3279,5091.9,5091.9,1003.0,0.19698,1,p:1.1.2.1.1.2
U3250,130,FUSE1,381077.1,381261.1279,384778.8,3701.7,3701.7,1003.0,0.270957,1,p:2.2.4.2.3.1
U3251,130,FUSE1,381159.4279,382142.3,385879.2,4719.7721,4719.7721,1003.0,0.21251,1,p:1.2.3.2.2.2
U3252,130,FUSE1,381193.1,381373.3279,384936.8,3743.7,3743.7,1003.0,0.267917,1,p:2.3.2.1.3.2
U3253,130,FUSE1,381275.4279,382254.5,385837.2,4561.7721,4561.7721,1003.0,0.219871,1,p:1.3.2.2.3.1
U3254,130,FUSE1,381309.1,381485.5279,385289.6,3980.5,3980.5,1003.0,0.251978,1,p:2.1.3.1.3.2
U3255,130,FUSE1,381391.4279,382366.7,386251.3279,4859.9,4859.9,1003.0,0.206383,1,p:1.1.3.1.3.2
U3256,130,FUSE1,381425.1,381597.7279,385057.6,3632.5,3632.5,1003.0,0.276118,1,p:2.2.4.1.1.2
U3257,130,FUSE2,381507.4279,382478.9,385958.0,4450.5721,4450.5721,1035.4,0.232644,1,p:1.2.4.2.1.1
U3258,130,FUSE2,381541.1,381709.9279,385131.6,3590.5,3590.5,1035.4,0.288372,1,p:2.3.1.2.3.1
U3259,130,FUSE2,381623.4279,382591.1,385995.2,4371.7721,4371.7721,1035.4,0.236838,1,p:1.3.3.1.3.2
U3260,130,FUSE2,381657.1,381822.1279,385763.2,4106.1,4106.1,1035.4,0.252161,1,p:2.1.5.1.1.2
U3261,130,FUSE2,381739.4279,382703.3,386826.4,5086.9721,5086.9721,1035.4,0.20354,1,p:1.1.3.2.3.1
U3262,130,FUSE2,381773.1,381934.3279,385410.4,3637.3,3637.3,1035.4,0.284662,1,p:2.2.1.1.1.2
U3263,130,FUSE2,381855.4279,382815.5,386360.8,4505.3721,4505.3721,1035.4,0.229815,1,p:1.2.1.2.2.1
U3264,130,FUSE2,381889.1,382046.5279,385721.2,3832.1,3832.1,1035.4,0.270191,1,p:2.3.4.1.2.1
U3265,130,FUSE2,381971.4279,382927.7,386592.8,4621.3721,4621.3721,1035.4,0.224046,1,p:1.3.4.2.1.1
U3266,130,FUSE2,382005.1,382158.7279,386074.0,4068.9,4068.9,1035.4,0.254467,1,p:2.1.1.1.2.1
U3267,130,FUSE2,382087.4279,383039.9,386865.2,4777.7721,4777.7721,1035.4,0.216712,1,p:1.1.1.1.2.2
U4821,193,FUSE0,382121.1,382270.9279,385605.2,3484.1,3484.1,941.0,0.270084,1,p:2.2.1.2.1.1
U4822,193,FUSE0,382203.4279,383152.1,386515.6,4312.1721,4312.1721,941.0,0.218219,1,p:1.2.1.1.2.2
U4823,193,FUSE0,382266.5,382383.1279,385642.4,3375.9,3375.9,941.0,0.27874,1,p:2.3.4.1.3.2
U4824,193,FUSE0,382324.1,383264.3,386631.6,4307.5,4307.5,941.0,0.218456,1,p:1.3.4.1.3.2
U4825,193,FUSE0,382382.5,382495.3279,386476.8,4094.3,4094.3,941.0,0.229832,1,p:2.1.5.2.3.1
U4826,193,FUSE0,382461.3,383376.5,387097.2,4635.9,4635.9,941.0,0.202981,1,p:1.1.1.1.1.2
U4827,193,FUSE0,382498.5,383488.7,387330.8,4832.3,4832.3,941.0,0.194731,1,p:1.2.2.1.3.2
U4828,193,FUSE1,382577.3,382607.5279,386370.5279,3793.2279,3793.2279,1003.0,0.264419,1,p:2.2.2.1.1.2
U4829,193,FUSE1,382619.3,383600.9,387060.0,4440.7,4440.7,1003.0,0.225865,1,p:1.3.3.2.2.1
U4830,193,FUSE1,382693.3,382719.7279,386190.0,3496.7,3496.7,1003.0,0.286842,1,p:2.3.5.2.2.1
U4831,193,FUSE1,382735.3,383713.1,387914.0,5178.7,5178.7,1003.0,0.193678,1,p:1.1.2.1.2.2
U4832,193,FUSE1,382814.1,382831.9279,387176.0,4361.9,4361.9,1003.0,0.229946,1,p:2.1.2.2.3.1
U4833,193,FUSE1,382851.3,383825.3,387446.8,4595.5,4595.5,1003.0,0.218257,1,p:1.2.4.1.1.2
U4834,193,FUSE1,382930.1,382944.1279,386710.4,3780.3,3780.3,1003.0,0.265323,1,p:2.2.5.2.2.1
U4835,193,FUSE2,382972.1,383937.5,387759.2,4787.1,4787.1,1035.4,0.21629,1,p:1.3.2.2.2.1
U4836,193,FUSE2,383046.1,383056.3279,386747.6,3701.5,3701.5,1035.4,0.279724,1,p:2.3.2.1.1.2
U4837,193,FUSE2,383088.1,384049.7,388108.8,5020.7,5020.7,1035.4,0.206226,1,p:1.1.3.2.2.1
U4838,193,FUSE2,383166.9,383168.5279,387214.8,4047.9,4047.9,1035.4,0.255787,1,p:2.1.4.1.2.2
U4839,193,FUSE2,383204.1,384161.9,387796.4,4592.3,4592.3,1035.4,0.225464,1,p:1.2.4.1.1.2
U4840,193,FUSE2,383282.9,383282.9,386981.2,3698.3,3698.3,1035.4,0.279966,1,p:2.2.5.1.3.2
U934,38,FUSE0,383324.9,384274.1,387680.4,4355.5,4355.5,941.0,0.216049,1,p:1.3.3.1.3.2
U935,38,FUSE0,383398.9,383398.9,386942.4,3543.5,3543.5,941.0,0.265557,1,p:2.3.4.2.1.1
U936,38,FUSE0,383440.9,384386.3,388458.4,5017.5,5017.5,941.0,0.187544,1,p:1.1.4.2.2.1
U937,38,FUSE0,383519.7,383519.7,387525.6,4005.9,4005.9,941.0,0.234904,1,p:2.1.3.2.3.1
U938,38,FUSE0,383556.9,384498.5,388030.0,4473.1,4473.1,941.0,0.210369,1,p:1.2.4.1.3.2
U939,38,FUSE0,383635.7,383635.7,387292.0,3656.3,3656.3,941.0,0.257364,1,p:2.2.3.2.1.1
U940,38,FUSE1,383677.7,384610.7,388224.8,4547.1,4547.1,1003.0,0.22058,1,p:1.3.5.2.3.1
U941,38,FUSE1,383751.7,383751.7,387409.6,3657.9,3657.9,1003.0,0.274201,1,p:2.3.5.2.2.1
U942,38,FUSE1,383793.7,384722.9,388729.2,4935.5,4935.5,1003.0,0.203222,1,p:1.1.5.1.3.2
U943,38,FUSE1,383872.5,383872.5,387875.2,4002.7,4002.7,1003.0,0.250581,1,p:2.1.1.2.3.1
U944,38,FUSE1,383909.7,384835.1,388379.6,4469.9,4469.9,1003.0,0.22439,1,p:1.2.1.1.3.2
U945,38,FUSE1,383988.5,383988.5,387564.4,3575.9,3575.9,1003.0,0.280489,1,p:2.2.5.1.2.2
U946,38,FUSE2,384030.5,384947.3,388495.6,4465.1,4465.1,1035.4,0.231887,1,p:1.3.5.1.1.2
U947,38,FUSE2,384104.5,384104.5,387641.6,3537.1,3537.1,1035.4,0.292726,1,p:2.3.1.2.1.1
U948,38,FUSE2,384146.5,385059.5,389508.1279,5361.6279,5361.6279,1035.4,0.193113,1,p:1.1.2.2.2.1
U949,38,FUSE2,384225.3,384225.3,388146.0,3920.7,3920.7,1035.4,0.264085,1,p:2.1.1.1.1.2
U950,38,FUSE2,384262.5,385171.7,388845.2,4582.7,4582.7,1035.4,0.225937,1,p:1.2.1.1.1.2
U951,38,FUSE2,384341.3,384341.3,388340.8,3999.5,3999.5,1035.4,0.258882,1,p:2.2.2.2.1.1
U952,38,FUSE2,384383.3,385283.9,389273.6,4890.3,4890.3,1035.4,0.211725,1,p:1.3.2.2.3.1
U7048,282,FUSE0,384457.3,384457.3,387991.2,3533.9,3533.9,941.0,0.266278,1,p:2.3.5.2.1.1
U7049,282,FUSE0,384499.3,384569.5,388808.0,4308.7,4308.7,941.0,0.218395,1,p:2.1.2.2.2.1
U7050,282,FUSE0,384578.1,385396.1,389392.1279,4814.0279,4814.0279,941.0,0.19547,1,p:1.1.1.2.1.1
U7051,282,FUSE0,384615.3,384681.7,388263.6,3648.3,3648.3,941.0,0.257928,1,p:2.2.3.1.2.2
U7052,282,FUSE0,384694.1,385508.3,389157.6,4463.5,4463.5,941.0,0.210821,1,p:1.2.1.2.2.1
U7053,282,FUSE0,384736.1,384793.9,388574.4,3838.3,3838.3,941.0,0.245161,1,p:2.3.2.2.3.1
U7054,282,FUSE0,384810.1,385620.5,388962.8,4152.7,4152.7,941.0,0.2266,1,p:1.3.3.1.2.2
U7055,282,FUSE0,384852.1,384906.1,388924.0,4071.9,4071.9,941.0,0.231096,1,p:2.1.3.2.3.1
U7056,282,FUSE0,384930.9,385732.7,389976.9279,5046.0279,5046.0279,941.0,0.186483,1,p:1.1.2.1.3.1
U7057,282,FUSE1,384968.1,385018.3,388613.2,3645.1,3645.1,1003.0,0.275164,1,p:2.2.4.1.2.2
U7058,282,FUSE1,385046.9,385844.9,389624.1279,4577.2279,4577.2279,1003.0,0.219128,1,p:1.2.4.2.3.1
U7059,282,FUSE1,385088.9,385130.5,388690.4,3601.5,3601.5,1003.0,0.278495,1,p:2.3.3.2.1.1
U7060,282,FUSE1,385162.9,385957.1,389782.1279,4619.2279,4619.2279,1003.0,0.217136,1,p:1.3.2.2.3.2
U7061,282,FUSE1,385204.9,385242.7,389197.3279,3992.4279,3992.4279,1003.0,0.251226,1,p:2.1.4.1.1.2
U7062,282,FUSE1,385283.7,386069.3,390249.3279,4965.6279,4965.6279,1003.0,0.201989,1,p:1.1.4.2.1.2
U7063,282,FUSE1,385320.9,385354.9,389078.8,3757.9,3757.9,1003.0,0.266904,1,p:2.2.5.1.3.2
U7064,282,FUSE1,385399.7,385467.1,389040.0,3640.3,3640.3,1003.0,0.275527,1,p:2.3.4.2.1.1
U7065,282,FUSE1,385441.7,386181.5,390015.7279,4574.0279,4574.0279,1003.0,0.219282,1,p:1.2.5.2.2.2
U7066,282,FUSE2,385515.7,385579.3,389550.1279,4034.4279,4034.4279,1035.4,0.256641,1,p:2.1.1.1.1.2
U7067,282,FUSE2,385557.7,386293.7,389860.9279,4303.2279,4303.2279,1035.4,0.24061,1,p:1.3.4.1.2.1
U7068,282,FUSE2,385636.5,385691.5,389313.3279,3676.8279,3676.8279,1035.4,0.281601,1,p:2.2.3.1.2.2
U7069,282,FUSE2,385673.7,386405.9,390481.3279,4807.6279,4807.6279,1035.4,0.215366,1,p:1.1.1.2.3.2
U7070,282,FUSE2,385752.5,385803.7,389429.3279,3676.8279,3676.8279,1035.4,0.281601,1,p:2.3.5.1.3.2
U7071,282,FUSE2,385794.5,386518.1,390560.1279,4765.6279,4765.6279,1035.4,0.217264,1,p:1.2.2.1.2.1
U7072,282,FUSE2,385868.5,385915.9,390094.5279,4226.0279,4226.0279,1035.4,0.245005,1,p:2.1.3.1.1.1
U7073,282,FUSE2,385910.5,386630.3,390326.5279,4416.0279,4416.0279,1035.4,0.234464,1,p:1.3.5.1.3.1
U2389,96,FUSE0,385989.3,386028.1,389744.9279,3755.6279,3755.6279,941.0,0.250557,1,p:2.2.3.2.1.1
U2390,96,FUSE0,386026.5,386742.5,391025.7279,4999.2279,4999.2279,941.0,0.188229,1,p:1.1.2.1.3.1
U2391,96,FUSE0,386105.3,386140.3,389666.1279,3560.8279,3560.8279,941.0,0.264264,1,p:2.3.5.1.2.2
U2392,96,FUSE0,386166.6279,386854.7,390714.9279,4548.3,4548.3,941.0,0.20689,1,p:1.2.2.2.2.2
U2393,96,FUSE0,386221.3,386252.5,390131.7279,3910.4279,3910.4279,941.0,0.240639,1,p:2.1.1.2.3.2
U2394,96,FUSE0,386282.6279,386966.9,390598.9279,4316.3,4316.3,941.0,0.218011,1,p:1.3.5.2.1.2
U2395,96,FUSE0,386392.1,386392.1,390210.5279,3818.4279,3818.4279,941.0,0.246436,1,p:2.2.2.1.2.1
U2396,96,FUSE0,386401.8279,387079.1,391143.3279,4741.5,4741.5,941.0,0.19846,1,p:1.1.5.1.1.1
U2397,96,FUSE1,386508.1,386508.1,389899.7279,3391.6279,3391.6279,1003.0,0.295728,1,p:2.3.1.2.1.2
U2398,96,FUSE1,386546.9,386620.3,390676.1279,4129.2279,4129.2279,1003.0,0.242903,1,p:2.1.3.1.3.1
U2399,96,FUSE1,386624.1,387191.3,390948.5279,4324.4279,4324.4279,1003.0,0.231938,1,p:1.2.3.2.1.2
U2400,96,FUSE1,386662.9,386732.5,390444.1279,3781.2279,3781.2279,1003.0,0.265258,1,p:2.2.4.1.1.1
U2401,96,FUSE1,386741.7,387303.5,390830.9279,4089.2279,4089.2279,1003.0,0.245279,1,p:1.3.1.2.3.2
U2402,96,FUSE1,386778.9,386844.7,390365.3279,3586.4279,3586.4279,1003.0,0.279665,1,p:2.3.3.2.2.2
U2403,96,FUSE1,386857.7,386956.9,391298.1279,4440.4279,4440.4279,1003.0,0.225879,1,p:2.1.2.2.1.2
U2404,96,FUSE1,386896.5,387415.7,391530.1279,4633.6279,4633.6279,1003.0,0.216461,1,p:1.1.3.2.3.2
U2405,96,FUSE2,386973.7,387069.1,390909.7279,3936.0279,3936.0279,1035.4,0.263057,1,p:2.2.5.1.2.1
U2406,96,FUSE2,387012.5,387527.9,391414.1279,4401.6279,4401.6279,1035.4,0.235231,1,p:1.2.4.2.2.2
U2407,96,FUSE2,387091.3,387181.3,390793.7279,3702.4279,3702.4279,1035.4,0.279654,1,p:2.3.4.1.1.1
U2408,96,FUSE2,387128.5,387640.1,391259.3279,4130.8279,4130.8279,1035.4,0.250652,1,p:1.3.3.1.2.1
U2409,96,FUSE2,387207.3,387293.5,391724.9279,4517.6279,4517.6279,1035.4,0.229191,1,p:2.1.2.1.3.1
U2410,96,FUSE2,387246.1,387752.3,392000.5279,4754.4279,4754.4279,1035.4,0.217776,1,p:1.1.5.2.1.2
U2411,96,FUSE2,387323.3,387405.7,391180.5279,3857.2279,3857.2279,1035.4,0.268431,1,p:2.2.1.2.3.2
U4445,178,FUSE0,387362.1,387864.5,391647.7279,4285.6279,4285.6279,941.0,0.219571,1,p:1.2.4.2.1.2
U4446,178,FUSE0,387440.9,387517.9,391064.5279,3623.6279,3623.6279,941.0,0.259685,1,p:2.3.4.2.2.2
U4447,178,FUSE0,387478.1,387976.7,391608.9279,4130.8279,4130.8279,941.0,0.227799,1,p:1.3.5.1.2.1
U4448,178,FUSE0,387556.9,387630.1,391958.5279,4401.6279,4401.6279,941.0,0.213785,1,p:2.1.2.1.2.1
U4449,178,FUSE0,387595.7,388088.9,392427.3279,4831.6279,4831.6279,941.0,0.194758,1,p:1.1.2.1.3.1
U4450,178,FUSE0,387672.9,387742.3,391492.9279,3820.0279,3820.0279,941.0,0.246333,1,p:2.2.1.1.1.1
U4451,178,FUSE0,387711.7,388201.1,392116.5279,4404.8279,4404.8279,941.0,0.213629,1,p:1.2.2.2.2.2
U4452,178,FUSE0,387790.5,387854.5,391375.3279,3584.8279,3584.8279,941.0,0.262495,1,p:2.3.5.1.3.1
U4453,178,FUSE0,387827.7,388313.3,391879.7279,4052.0279,4052.0279,941.0,0.232229,1,p:1.3.4.2.3.2
U4454,178,FUSE1,387906.5,387966.7,392074.5279,4168.0279,4168.0279,1003.0,0.240641,1,p:2.1.1.1.3.1
U4455,178,FUSE1,387945.3,388425.5,392585.3279,4640.0279,4640.0279,1003.0,0.216162,1,p:1.1.5.2.3.2
U4456,178,FUSE1,388022.5,388078.9,391842.5279,3820.0279,3820.0279,1003.0,0.262564,1,p:2.2.3.1.1.1
U4457,178,FUSE1,388061.3,388537.7,392353.3279,4292.0279,4292.0279,1003.0,0.233689,1,p:1.2.1.2.1.2
U4458,178,FUSE1,388140.1,388191.1,391763.7279,3623.6279,3623.6279,1003.0,0.276794,1,p:2.3.1.2.2.2
U4459,178,FUSE1,388177.3,388649.9,392311.3279,4134.0279,4134.0279,1003.0,0.242621,1,p:1.3.5.1.2.1
U4460,178,FUSE1,388256.1,388303.3,392706.1279,4450.0279,4450.0279,1003.0,0.225392,1,p:2.1.2.2.1.2
U4461,178,FUSE1,388294.9,388762.1,392938.1279,4643.2279,4643.2279,1003.0,0.216014,1,p:1.1.1.2.3.2
U4462,178,FUSE1,388372.1,388415.5,392232.5279,3860.4279,3860.4279,1003.0,0.259816,1,p:2.2.4.2.3.2
U4463,178,FUSE2,388410.9,388874.3,393058.9279,4648.0279,4648.0279,1035.4,0.222761,1,p:1.2.2.2.1.2
U4464,178,FUSE2,388489.7,388527.7,392195.3279,3705.6279,3705.6279,1035.4,0.279413,1,p:2.3.3.1.1.1
U4465,178,FUSE2,388526.9,388986.5,392664.1279,4137.2279,4137.2279,1035.4,0.250264,1,p:1.3.1.1.2.1
U4466,178,FUSE2,388605.7,388639.9,392900.9279,4295.2279,4295.2279,1035.4,0.241058,1,p:2.1.3.1.1.1
U4467,178,FUSE2,388644.5,389098.7,393369.7279,4725.2279,4725.2279,1035.4,0.219122,1,p:1.1.4.1.2.1
U4468,178,FUSE2,388721.7,388752.1,392548.1279,3826.4279,3826.4279,1035.4,0.270592,1,p:2.2.4.1.1.1
U4469,178,FUSE2,388760.5,389210.9,393132.9279,4372.4279,4372.4279,1035.4,0.236802,1,p:1.2.5.1.3.1
U4470,178,FUSE2,388839.3,388864.3,392469.3279,3630.0279,3630.0279,1035.4,0.285232,1,p:2.3.3.2.2.2
U1834,74,FUSE0,388876.5,388976.5,393290.9279,4414.4279,4414.4279,941.0,0.213165,1,p:2.1.2.2.3.2
U1835,74,FUSE0,388955.3,389323.1,393016.9279,4061.6279,4061.6279,941.0,0.231681,1,p:1.3.4.1.2.1
U1836,74,FUSE0,388994.1,389088.7,392822.1279,3828.0279,3828.0279,941.0,0.245818,1,p:2.2.5.2.2.2
U1837,74,FUSE0,389071.3,389435.3,393643.7279,4572.4279,4572.4279,941.0,0.205799,1,p:1.1.4.2.3.2
U1838,74,FUSE0,389110.1,389200.9,392780.1279,3670.0279,3670.0279,941.0,0.256401,1,p:2.3.4.1.3.1
U1839,74,FUSE0,389188.9,389547.5,393411.7279,4222.8279,4222.8279,941.0,0.222836,1,p:1.2.5.2.1.2
U1840,74,FUSE0,389228.6279,389313.1,393485.7279,4257.1,4257.1,941.0,0.221042,1,p:2.1.3.1.3.1
U1841,74,FUSE0,389304.9,389659.7,393527.7279,4222.8279,4222.8279,941.0,0.222836,1,p:1.3.2.2.2.2
U1842,74,FUSE0,389344.6279,389425.3,393253.7279,3909.1,3909.1,941.0,0.24072,1,p:2.2.1.1.1.1
U1843,74,FUSE1,389423.4279,389771.9,393996.5279,4573.1,4573.1,1003.0,0.219326,1,p:1.1.5.2.3.2
U1844,74,FUSE1,389460.6279,389537.5,393174.9279,3714.3,3714.3,1003.0,0.270037,1,p:2.3.3.2.2.2
U1845,74,FUSE1,389539.4279,389884.1,393764.5279,4225.1,4225.1,1003.0,0.237391,1,p:1.2.3.2.1.2
U1846,74,FUSE1,389581.4279,389649.7,393880.5279,4299.1,4299.1,1003.0,0.233305,1,p:2.1.1.2.2.2
U1847,74,FUSE1,389655.4279,389996.3,393722.5279,4067.1,4067.1,1003.0,0.246613,1,p:1.3.5.1.2.1
U1848,74,FUSE1,389697.4279,389761.9,393838.5279,4141.1,4141.1,1003.0,0.242206,1,p:2.2.2.1.3.1
U1849,74,FUSE1,389776.2279,389874.1,393606.5279,3830.3,3830.3,1003.0,0.261859,1,p:2.3.1.1.1.1
U1850,74,FUSE1,389813.4279,390108.5,394349.3279,4535.9,4535.9,1003.0,0.221125,1,p:1.1.3.2.3.2
U1851,74,FUSE1,389892.2279,389986.3,394470.1279,4577.9,4577.9,1003.0,0.219096,1,p:2.1.2.2.1.2
U1852,74,FUSE2,389931.0279,390220.7,394117.3279,4186.3,4186.3,1035.4,0.247331,1,p:1.2.1.2.1.2
U1853,74,FUSE2,390008.2279,390098.5,393959.3279,3951.1,3951.1,1035.4,0.262054,1,p:2.2.4.1.1.1
U1854,74,FUSE2,390047.0279,390332.9,394075.3279,4028.3,4028.3,1035.4,0.257032,1,p:1.3.3.1.2.1
U1855,74,FUSE2,390125.8279,390210.7,394233.3279,4107.5,4107.5,1035.4,0.252075,1,p:2.3.2.2.2.2
U1856,74,FUSE2,390163.0279,390445.1,394702.1279,4539.1,4539.1,1035.4,0.228107,1,p:1.1.4.2.3.2
U1857,74,FUSE2,390241.8279,390322.9,394896.9279,4655.1,4655.1,1035.4,0.222423,1,p:2.1.2.1.3.1
U1858,74,FUSE2,390280.6279,390557.3,394544.1279,4263.5,4263.5,1035.4,0.242852,1,p:1.2.1.1.3.1
U1859,74,FUSE2,390357.8279,390435.1,394312.1279,3954.3,3954.3,1035.4,0.261842,1,p:2.2.5.1.1.1
U2685,108,FUSE0,390396.6279,390669.5,394428.1279,4031.5,4031.5,941.0,0.233412,1,p:1.3.4.1.2.1
U2686,108,FUSE0,390475.4279,390547.3,394191.3279,3715.9,3715.9,941.0,0.253236,1,p:2.3.4.1.3.1
U2687,108,FUSE0,390512.6279,390781.7,395017.7279,4505.1,4505.1,941.0,0.208874,1,p:1.1.1.1.1.1
U2688,108,FUSE0,390591.4279,390659.5,395054.9279,4463.5,4463.5,941.0,0.210821,1,p:2.1.2.2.3.2
U2689,108,FUSE0,390630.2279,390893.9,394822.9279,4192.7,4192.7,941.0,0.224438,1,p:1.2.5.2.1.2
U2690,108,FUSE0,390707.4279,390771.7,394664.9279,3957.5,3957.5,941.0,0.237776,1,p:2.2.3.1.1.1
U2691,108,FUSE0,390746.2279,391006.1,394780.9279,4034.7,4034.7,941.0,0.233227,1,p:1.3.1.1.2.1
U2692,108,FUSE0,390825.0279,390883.9,394586.1279,3761.1,3761.1,941.0,0.250193,1,p:2.3.5.2.2.2
U2693,108,FUSE1,390862.2279,391118.3,395486.5279,4624.3,4624.3,1003.0,0.216898,1,p:1.1.5.1.2.1
U2694,108,FUSE1,390941.0279,390996.1,395249.7279,4308.7,4308.7,1003.0,0.232785,1,p:2.1.3.1.3.1
U2695,108,FUSE1,390979.8279,391230.5,395370.5279,4390.7,4390.7,1003.0,0.228437,1,p:1.2.2.1.1.1
U2696,108,FUSE1,391057.0279,391108.3,395133.7279,4076.7,4076.7,1003.0,0.246032,1,p:2.2.4.1.2.1
U2697,108,FUSE1,391095.8279,391342.7,395175.7279,4079.9,4079.9,1003.0,0.245839,1,p:1.3.5.2.1.2
U2698,108,FUSE1,391174.6279,391220.5,394938.9279,3764.3,3764.3,1003.0,0.266451,1,p:2.3.3.2.2.2
U2699,108,FUSE1,391211.8279,391454.9,396004.9648,4793.1369,4793.1369,1003.0,0.209258,1,p:1.1.2.1.2.2
U2700,108,FUSE1,391290.6279,391332.7,395644.5279,4353.9,4353.9,1003.0,0.230368,1,p:2.1.1.2.2.2
U2701,108,FUSE2,391329.4279,391567.1,395528.5279,4199.1,4199.1,1035.4,0.246577,1,p:1.2.3.2.1.2
U2702,108,FUSE2,391406.6279,391444.9,395407.7279,4001.1,4001.1,1035.4,0.258779,1,p:2.2.4.2.3.2
U2703,108,FUSE2,391445.4279,391679.3,395723.3279,4277.9,4277.9,1035.4,0.242035,1,p:1.3.2.1.1.1
U2704,108,FUSE2,391524.2279,391557.1,395291.7279,3767.5,3767.5,1035.4,0.274824,1,p:2.3.1.2.2.2
U2705,108,FUSE2,391561.4279,391791.5,396199.7648,4638.3369,4638.3369,1035.4,0.223227,1,p:1.1.3.2.2.1
U2706,108,FUSE2,391640.2279,391669.3,395876.5279,4236.3,4236.3,1035.4,0.244411,1,p:2.1.1.1.3.2
U2707,108,FUSE2,391679.0279,391903.7,395955.3279,4276.3,4276.3,1035.4,0.242125,1,p:1.2.4.2.1.1
U2708,108,FUSE2,391756.2279,391781.5,395760.5279,4004.3,4004.3,1035.4,0.258572,1,p:2.2.5.2.3.2
U3368,135,FUSE0,391795.0279,391893.7,395602.5279,3807.5,3807.5,941.0,0.247144,1,p:2.3.4.1.3.1
U3369,135,FUSE0,391873.8279,392015.9,395839.3279,3965.5,3965.5,941.0,0.237297,1,p:1.3.3.1.2.1
U3370,135,FUSE0,391911.0279,392005.9,396278.5648,4367.5369,4367.5369,941.0,0.215453,1,p:2.1.5.1.3.2
U3371,135,FUSE0,391989.8279,392128.1,396589.3648,4599.5369,4599.5369,941.0,0.204586,1,p:1.1.4.2.2.1
U3372,135,FUSE0,392031.8279,392118.1,396473.3648,4441.5369,4441.5369,941.0,0.211864,1,p:2.2.2.2.3.1
U3373,135,FUSE0,392105.8279,392240.3,396357.3648,4251.5369,4251.5369,941.0,0.221332,1,p:1.2.1.2.1.1
U3374,135,FUSE0,392147.8279,392230.3,396071.3279,3923.5,3923.5,941.0,0.239837,1,p:2.3.5.2.3.1
U3375,135,FUSE0,392226.6279,392352.5,396162.5648,3935.9369,3935.9369,941.0,0.239079,1,p:1.3.4.1.1.2
U3376,135,FUSE0,392263.8279,392342.5,396942.1648,4678.3369,4678.3369,941.0,0.20114,1,p:2.1.2.2.2.1
U3377,135,FUSE1,392342.6279,392464.7,396868.1648,4525.5369,4525.5369,1003.0,0.221631,1,p:1.1.1.1.1.2
U3378,135,FUSE1,392384.6279,392454.7,396394.5648,4009.9369,4009.9369,1003.0,0.250129,1,p:2.2.3.1.2.2
U3379,135,FUSE1,392458.6279,392576.9,396710.1648,4251.5369,4251.5369,1003.0,0.235915,1,p:1.2.5.2.1.1
U3380,135,FUSE1,392500.6279,392566.9,396631.3648,4130.7369,4130.7369,1003.0,0.242814,1,p:2.3.2.1.3.2
U3381,135,FUSE1,392579.4279,392679.1,396984.1648,4404.7369,4404.7369,1003.0,0.227709,1,p:2.1.3.1.3.2
U3382,135,FUSE1,392616.6279,392689.1,396515.3648,3898.7369,3898.7369,1003.0,0.257263,1,p:1.3.1.1.1.2
U3383,135,FUSE1,392695.4279,392791.3,396747.3648,4051.9369,4051.9369,1003.0,0.247536,1,p:2.2.4.1.2.2
U3384,135,FUSE1,392737.4279,392801.3,397220.9648,4483.5369,4483.5369,1003.0,0.223707,1,p:1.1.5.1.1.2
U3385,135,FUSE1,392811.4279,392903.5,396826.1648,4014.7369,4014.7369,1003.0,0.24983,1,p:2.3.3.2.3.1
U3386,135,FUSE2,392853.4279,392913.5,397100.1648,4246.7369,4246.7369,1035.4,0.243811,1,p:1.2.2.1.2.2
U3387,135,FUSE2,392932.2279,393015.7,397452.9648,4520.7369,4520.7369,1035.4,0.229033,1,p:2.1.4.1.2.2
U3388,135,FUSE2,392969.4279,393025.7,397062.9648,4093.5369,4093.5369,1035.4,0.252935,1,p:1.3.5.2.1.1
U3389,135,FUSE2,393048.2279,393127.9,397294.9648,4246.7369,4246.7369,1035.4,0.243811,1,p:2.2.1.2.2.1
U3390,135,FUSE2,393090.2279,393137.9,397647.7648,4557.5369,4557.5369,1035.4,0.227184,1,p:1.1.5.2.2.1
U3391,135,FUSE2,393164.2279,393240.1,397178.9648,4014.7369,4014.7369,1035.4,0.2579,1,p:2.3.4.2.3.1
U3392,135,FUSE2,393206.2279,393250.1,397336.9648,4130.7369,4130.7369,1035.4,0.250657,1,p:1.2.3.1.3.2
U3393,135,FUSE2,393285.0279,393352.3,397884.5648,4599.5369,4599.5369,1035.4,0.22511,1,p:2.1.1.2.3.1
U4194,168,FUSE0,393322.2279,393362.3,397415.7648,4093.5369,4093.5369,941.0,0.229875,1,p:1.3.2.2.1.1
U4195,168,FUSE0,393401.0279,393464.5,397531.7648,4130.7369,4130.7369,941.0,0.227804,1,p:2.2.1.2.3.1
U4196,168,FUSE0,393443.0279,393474.5,398237.3648,4794.3369,4794.3369,941.0,0.196273,1,p:1.1.2.2.3.1
U4197,168,FUSE0,393517.0279,393576.7,397573.7648,4056.7369,4056.7369,941.0,0.23196,1,p:2.3.2.1.1.2
U4198,168,FUSE0,393559.0279,393586.7,397768.5648,4209.5369,4209.5369,941.0,0.22354,1,p:1.2.3.2.1.1
U4199,168,FUSE0,393637.8279,393688.9,398121.3648,4483.5369,4483.5369,941.0,0.209879,1,p:2.1.1.2.1.1
U4200,168,FUSE0,393675.0279,393698.9,398000.5648,4325.5369,4325.5369,941.0,0.217545,1,p:1.3.2.2.2.1
U4201,168,FUSE1,393753.8279,393801.1,397805.7648,4051.9369,4051.9369,1003.0,0.247536,1,p:2.2.5.1.2.2
U4202,168,FUSE1,393795.8279,393811.1,398353.3648,4557.5369,4557.5369,1003.0,0.220075,1,p:1.1.3.2.2.1
U4203,168,FUSE1,393869.8279,393913.3,397689.7648,3819.9369,3819.9369,1003.0,0.26257,1,p:2.3.4.1.3.2
U4204,168,FUSE1,393911.8279,393923.3,398042.5648,4130.7369,4130.7369,1003.0,0.242814,1,p:1.2.4.1.3.2
U4205,168,FUSE1,393990.6279,394025.5,398826.9648,4836.3369,4836.3369,1003.0,0.207388,1,p:2.1.2.2.1.1
U4206,168,FUSE1,394027.8279,394035.5,397926.5648,3898.7369,3898.7369,1003.0,0.257263,1,p:1.3.3.1.1.2
U4207,168,FUSE1,394106.6279,394137.7,398395.3648,4288.7369,4288.7369,1003.0,0.233868,1,p:2.2.2.1.3.2
U4208,168,FUSE2,394148.6279,394148.6279,398632.1648,4483.5369,4483.5369,1035.4,0.230934,1,p:1.1.1.1.1.2
U4209,168,FUSE2,394222.6279,394249.9,398158.5648,3935.9369,3935.9369,1035.4,0.263063,1,p:2.3.5.1.2.2
U4210,168,FUSE2,394264.6279,394264.6279,398474.1648,4209.5369,4209.5369,1035.4,0.245965,1,p:1.2.4.2.1.1
U4211,168,FUSE2,394343.4279,394362.1,398942.9648,4599.5369,4599.5369,1035.4,0.22511,1,p:2.1.5.2.3.1
U4212,168,FUSE2,394380.6279,394380.6279,398279.3648,3898.7369,3898.7369,1035.4,0.265573,1,p:1.3.1.1.1.2
U4213,168,FUSE2,394459.4279,394474.3,398511.3648,4051.9369,4051.9369,1035.4,0.255532,1,p:2.2.3.1.2.2
U4214,168,FUSE2,394501.4279,394501.4279,398984.9648,4483.5369,4483.5369,1035.4,0.230934,1,p:1.1.1.1.1.2
U4215,168,FUSE2,394575.4279,394586.5,398590.1648,4014.7369,4014.7369,1035.4,0.2579,1,p:2.3.5.2.3.1
U2609,105,FUSE0,394617.4279,394617.4279,399058.9648,4441.5369,4441.5369,941.0,0.211864,1,p:1.2.2.2.2.1
U2610,105,FUSE0,394696.2279,394698.7,399100.9648,4404.7369,4404.7369,941.0,0.213634,1,p:2.1.5.1.3.2
U2611,105,FUSE0,394733.4279,394733.4279,398706.1648,3972.7369,3972.7369,941.0,0.236864,1,p:1.3.4.2.2.1
U2612,105,FUSE0,394812.2279,394812.2279,398864.1648,4051.9369,4051.9369,941.0,0.232235,1,p:2.2.4.1.2.2
U2613,105,FUSE0,394854.2279,394854.2279,399648.5648,4794.3369,4794.3369,941.0,0.196273,1,p:1.1.2.2.3.1
U2614,105,FUSE0,394928.2279,394928.2279,398748.1648,3819.9369,3819.9369,941.0,0.246339,1,p:2.3.3.1.3.2
U2615,105,FUSE0,394970.2279,394970.2279,399179.7648,4209.5369,4209.5369,941.0,0.22354,1,p:1.2.3.2.1.1
U2616,105,FUSE1,395049.0279,395049.0279,399453.7648,4404.7369,4404.7369,1003.0,0.227709,1,p:2.1.4.1.3.2
U2617,105,FUSE1,395086.2279,395086.2279,399216.9648,4130.7369,4130.7369,1003.0,0.242814,1,p:1.3.2.1.2.2
U2618,105,FUSE1,395165.0279,395165.0279,399411.7648,4246.7369,4246.7369,1003.0,0.236181,1,p:2.2.1.2.2.1
U2619,105,FUSE1,395207.0279,395207.0279,399764.5648,4557.5369,4557.5369,1003.0,0.220075,1,p:1.1.5.2.2.1
U2620,105,FUSE1,395281.0279,395281.0279,399295.7648,4014.7369,4014.7369,1003.0,0.24983,1,p:2.3.4.2.3.1
U2621,105,FUSE1,395323.0279,395323.0279,399337.7648,4014.7369,4014.7369,1003.0,0.24983,1,p:1.2.5.1.1.2
U2622,105,FUSE1,395401.8279,395401.8279,400159.3648,4757.5369,4757.5369,1003.0,0.210823,1,p:2.1.2.1.3.2
U2623,105,FUSE2,395439.0279,395439.0279,399532.5648,4093.5369,4093.5369,1035.4,0.252935,1,p:1.3.3.2.1.1
U2624,105,FUSE2,395517.8279,395517.8279,399569.7648,4051.9369,4051.9369,1035.4,0.255532,1,p:2.2.1.1.2.2
U2625,105,FUSE2,395559.8279,395559.8279,400117.3648,4557.5369,4557.5369,1035.4,0.227184,1,p:1.1.3.2.2.1
U2626,105,FUSE2,395633.8279,395633.8279,399806.5648,4172.7369,4172.7369,1035.4,0.248135,1,p:2.3.2.1.3.2
U2627,105,FUSE2,395675.8279,395675.8279,399885.3648,4209.5369,4209.5369,1035.4,0.245965,1,p:1.2.4.2.1.1
U2628,105,FUSE2,395754.6279,395754.6279,400590.9648,4836.3369,4836.3369,1035.4,0.214088,1,p:2.1.2.2.1.1
U2629,105,FUSE2,395791.8279,395791.8279,399690.5648,3898.7369,3898.7369,1035.4,0.265573,1,p:1.3.3.1.1.2
U3394,136,FUSE0,395870.6279,395870.6279,399922.5648,4051.9369,4051.9369,941.0,0.232235,1,p:2.2.5.1.2.2
U3395,136,FUSE0,395907.8279,395907.8279,400470.1648,4562.3369,4562.3369,941.0,0.206254,1,p:1.1.4.2.2.1
U3396,136,FUSE0,395986.6279,395986.6279,400001.3648,4014.7369,4014.7369,941.0,0.234386,1,p:2.3.1.2.3.1
U3397,136,FUSE0,396036.2648,396036.2648,400238.1648,4201.9,4201.9,941.0,0.223946,1,p:1.2.1.2.1.1
U3398,136,FUSE0,396102.6279,396102.6279,400512.1648,4409.5369,4409.5369,941.0,0.213401,1,p:2.1.5.1.3.2
U3399,136,FUSE0,396193.8648,396193.8648,400043.3648,3849.5,3849.5,941.0,0.244447,1,p:1.3.4.1.1.2
U3400,136,FUSE0,396231.0648,396231.0648,400275.3648,4044.3,4044.3,941.0,0.232673,1,p:2.2.3.1.2.2
U3401,136,FUSE0,396309.8648,396309.8648,400822.9648,4513.1,4513.1,941.0,0.208504,1,p:1.1.1.2.2.1
U3402,136,FUSE1,396388.6648,396388.6648,400354.1648,3965.5,3965.5,1003.0,0.252932,1,p:2.3.5.2.3.1
U3403,136,FUSE1,396425.8648,396425.8648,400748.9648,4323.1,4323.1,1003.0,0.232009,1,p:1.2.2.1.1.2
U3404,136,FUSE1,396504.6648,396504.6648,400864.9648,4360.3,4360.3,1003.0,0.23003,1,p:2.1.3.1.3.2
U3405,136,FUSE1,396546.6648,396546.6648,400396.1648,3849.5,3849.5,1003.0,0.260553,1,p:1.3.1.1.1.2
U3406,136,FUSE1,396620.6648,396620.6648,400628.1648,4007.5,4007.5,1003.0,0.250281,1,p:2.2.4.1.2.2
U3407,136,FUSE1,396662.6648,396662.6648,401101.7648,4439.1,4439.1,1003.0,0.225947,1,p:1.1.5.1.1.2
U3408,136,FUSE1,396741.4648,396741.4648,400706.9648,3965.5,3965.5,1003.0,0.252932,1,p:2.3.3.2.3.1
U3409,136,FUSE1,396778.6648,396778.6648,401175.7648,4397.1,4397.1,1003.0,0.228105,1,p:1.2.2.2.2.1
U3410,136,FUSE2,396857.4648,396857.4648,401412.5648,4555.1,4555.1,1035.4,0.227306,1,p:2.1.4.2.3.1
U3411,136,FUSE2,396899.4648,396899.4648,400943.7648,4044.3,4044.3,1035.4,0.256015,1,p:1.3.5.2.1.1
U3412,136,FUSE2,396973.4648,396973.4648,400980.9648,4007.5,4007.5,1035.4,0.258366,1,p:2.2.1.1.2.2
U3413,136,FUSE2,397015.4648,397015.4648,401686.5648,4671.1,4671.1,1035.4,0.221661,1,p:1.1.2.1.2.2
U3414,136,FUSE2,397094.2648,397094.2648,401059.7648,3965.5,3965.5,1035.4,0.261102,1,p:2.3.4.2.3.1
U3415,136,FUSE2,397131.4648,397131.4648,401296.5648,4165.1,4165.1,1035.4,0.248589,1,p:1.2.3.2.1.1
U3416,136,FUSE2,397210.2648,397210.2648,401765.3648,4555.1,4555.1,1035.4,0.227306,1,p:2.1.4.2.3.1
U3417,136,FUSE2,397252.2648,397252.2648,401528.5648,4276.3,4276.3,1035.4,0.242125,1,p:1.3.2.2.2.1
U7945,318,FUSE0,397326.2648,397326.2648,401333.7648,4007.5,4007.5,941.0,0.23481,1,p:2.2.5.1.2.2
U7946,318,FUSE0,397368.2648,397368.2648,401881.3648,4513.1,4513.1,941.0,0.208504,1,p:1.1.1.2.2.1
U7947,318,FUSE0,397447.0648,397447.0648,401217.7648,3770.7,3770.7,941.0,0.249556,1,p:2.3.1.1.3.2
U7948,318,FUSE0,397484.2648,397484.2648,401649.3648,4165.1,4165.1,941.0,0.225925,1,p:1.2.1.2.1.1
U7949,318,FUSE0,397563.0648,397563.0648,402002.1648,4439.1,4439.1,941.0,0.21198,1,p:2.1.4.2.1.1
U7950,318,FUSE0,397605.0648,397605.0648,401454.5648,3849.5,3849.5,941.0,0.244447,1,p:1.3.3.1.1.2
U7951,318,FUSE0,397679.0648,397679.0648,401807.3648,4128.3,4128.3,941.0,0.227939,1,p:2.2.3.1.1.2
U7952,318,FUSE0,397721.0648,397721.0648,402387.3648,4666.3,4666.3,941.0,0.201659,1,p:1.1.2.1.3.2
U7953,318,FUSE0,397799.8648,397799.8648,401570.5648,3770.7,3770.7,941.0,0.249556,1,p:2.3.5.1.3.2
U7954,318,FUSE1,397837.0648,397837.0648,401923.3648,4086.3,4086.3,1003.0,0.245454,1,p:1.2.5.1.3.2
U7955,318,FUSE1,397915.8648,397915.8648,402503.3648,4587.5,4587.5,1003.0,0.218638,1,p:2.1.3.2.2.2
U7956,318,FUSE1,397957.8648,397957.8648,402155.3648,4197.5,4197.5,1003.0,0.238952,1,p:1.3.2.2.3.2
U7957,318,FUSE1,398031.8648,398031.8648,402039.3648,4007.5,4007.5,1003.0,0.250281,1,p:2.2.1.1.2.2
U7958,318,FUSE1,398073.8648,398073.8648,402470.9648,4397.1,4397.1,1003.0,0.228105,1,p:1.1.4.2.3.1
U7959,318,FUSE1,398152.6648,398152.6648,402197.3648,4044.7,4044.7,1003.0,0.247979,1,p:2.3.3.2.2.1
U7960,318,FUSE1,398189.8648,398189.8648,402354.9648,4165.1,4165.1,1003.0,0.240811,1,p:1.2.5.2.1.1
U7961,318,FUSE1,398268.6648,398268.6648,402648.5648,4379.9,4379.9,1003.0,0.229001,1,p:2.1.1.2.3.2
U7962,318,FUSE1,398310.6648,398310.6648,402271.3648,3960.7,3960.7,1003.0,0.253238,1,p:1.3.4.1.1.2
U7963,318,FUSE2,398384.6648,398384.6648,402590.9648,4206.3,4206.3,1035.4,0.246155,1,p:2.2.2.2.2.1
U7964,318,FUSE2,398426.6648,398426.6648,403138.9648,4712.3,4712.3,1035.4,0.219723,1,p:1.1.5.2.3.1
U7965,318,FUSE2,398505.4648,398505.4648,403365.5509,4860.0862,4860.0862,1035.4,0.213041,1,p:2.3.1.1.3.1
U7966,318,FUSE2,398542.6648,398542.6648,402806.1648,4263.5,4263.5,1035.4,0.242852,1,p:1.2.3.2.2.2
U7967,318,FUSE2,398621.4648,398621.4648,403782.1648,5160.7,5160.7,1035.4,0.200632,1,p:2.1.2.1.3.2
U7968,318,FUSE2,398663.4648,398663.4648,403523.1509,4859.6862,4859.6862,1035.4,0.213059,1,p:1.3.5.1.2.1
U7969,318,FUSE2,398737.4648,398737.4648,402903.7648,4166.3,4166.3,1035.4,0.248518,1,p:2.2.4.2.3.1
U7970,318,FUSE2,398779.4648,398779.4648,403666.1648,4886.7,4886.7,1035.4,0.211881,1,p:1.1.3.1.1.2
U7971,318,FUSE2,398858.2648,398858.2648,403434.1648,4575.9,4575.9,1035.4,0.226272,1,p:2.3.2.2.1.2
U6046,242,FUSE0,398895.4648,398895.4648,403041.3648,4145.9,4145.9,941.0,0.226971,1,p:1.2.1.2.2.2
U6047,242,FUSE0,398974.2648,398974.2648,404087.5509,5113.2862,5113.2862,941.0,0.18403,1,p:2.1.5.2.2.1
U6048,242,FUSE0,399016.2648,399016.2648,403276.5648,4260.3,4260.3,941.0,0.220876,1,p:1.3.3.2.2.2
U6049,242,FUSE0,399090.2648,399090.2648,403855.5509,4765.2862,4765.2862,941.0,0.19747,1,p:2.2.5.2.1.1
U6050,242,FUSE0,399132.2648,399132.2648,404208.3509,5076.0862,5076.0862,941.0,0.185379,1,p:1.1.2.2.1.1
U6051,242,FUSE0,399211.0648,399211.0648,403550.1648,4339.1,4339.1,941.0,0.216865,1,p:2.3.4.2.3.2
U6052,242,FUSE0,399248.2648,399248.2648,403971.5509,4723.2862,4723.2862,941.0,0.199226,1,p:1.2.4.2.3.1
U6053,242,FUSE0,399327.0648,399327.0648,404440.3509,5113.2862,5113.2862,941.0,0.18403,1,p:2.1.3.2.2.1
U6054,242,FUSE0,399369.0648,399369.0648,403697.9509,4328.8862,4328.8862,941.0,0.217377,1,p:1.3.1.2.2.1
U6055,242,FUSE1,399443.0648,399443.0648,403898.1648,4455.1,4455.1,1003.0,0.225135,1,p:2.2.1.1.2.2
U6056,242,FUSE1,399485.0648,399485.0648,404561.1509,5076.0862,5076.0862,1003.0,0.197593,1,p:1.1.4.2.1.1
U6057,242,FUSE1,399563.8648,399563.8648,404014.1648,4450.3,4450.3,1003.0,0.225378,1,p:2.3.3.1.1.2
U6058,242,FUSE1,399601.0648,399601.0648,404130.1648,4529.1,4529.1,1003.0,0.221457,1,p:1.2.5.1.3.2
U6059,242,FUSE1,399679.8648,399679.8648,404677.1509,4997.2862,4997.2862,1003.0,0.200709,1,p:2.1.1.2.3.1
U6060,242,FUSE1,399721.8648,399721.8648,404324.3509,4602.4862,4602.4862,1003.0,0.217926,1,p:1.3.4.2.3.1
U6061,242,FUSE1,399795.8648,399795.8648,404366.3509,4570.4862,4570.4862,1003.0,0.219451,1,p:2.2.2.1.1.2
U6062,242,FUSE1,399837.8648,399837.8648,404835.1509,4997.2862,4997.2862,1003.0,0.200709,1,p:1.1.1.1.3.2
U6063,242,FUSE1,399916.6648,399916.6648,404246.1648,4329.5,4329.5,1003.0,0.231666,1,p:2.3.1.1.2.2
U6064,242,FUSE2,399953.8648,399953.8648,404598.3509,4644.4862,4644.4862,1035.4,0.222931,1,p:1.2.3.1.2.2
U6065,242,FUSE2,400032.6648,400032.6648,405266.7509,5234.0862,5234.0862,1035.4,0.197819,1,p:2.1.3.2.1.1
U6066,242,FUSE2,400074.6648,400074.6648,404482.3509,4407.6862,4407.6862,1035.4,0.234908,1,p:1.3.5.1.3.2
U6067,242,FUSE2,400148.6648,400148.6648,404951.1509,4802.4862,4802.4862,1035.4,0.215597,1,p:2.2.5.1.2.2
U6068,242,FUSE2,400190.6648,400190.6648,405187.9509,4997.2862,4997.2862,1035.4,0.207192,1,p:1.1.5.1.3.2
U6069,242,FUSE2,400269.4648,400269.4648,404793.1509,4523.6862,4523.6862,1035.4,0.228884,1,p:2.3.2.2.2.1
U6070,242,FUSE2,400306.6648,400306.6648,405071.9509,4765.2862,4765.2862,1035.4,0.21728,1,p:1.2.2.1.1.2
U6071,242,FUSE2,400385.4648,400385.4648,405540.7509,5155.2862,5155.2862,1035.4,0.200842,1,p:2.1.3.1.3.2
U6098,244,FUSE0,400427.4648,400427.4648,404913.9509,4486.4862,4486.4862,941.0,0.209741,1,p:1.3.3.2.1.1
U6099,244,FUSE0,400501.4648,400501.4648,405145.9509,4644.4862,4644.4862,941.0,0.202606,1,p:2.2.1.2.2.1
U6100,244,FUSE0,400543.4648,400543.4648,405303.9509,4760.4862,4760.4862,941.0,0.197669,1,p:1.1.4.1.2.2
U6101,244,FUSE0,400622.2648,400622.2648,404719.1509,4096.8862,4096.8862,941.0,0.229687,1,p:2.3.4.1.1.2
U6102,244,FUSE0,400659.4648,400659.4648,405029.9509,4370.4862,4370.4862,941.0,0.215308,1,p:1.2.4.2.3.1
U6103,244,FUSE0,400738.2648,400738.2648,405777.5509,5039.2862,5039.2862,941.0,0.186733,1,p:2.1.3.1.1.2
U6104,244,FUSE0,400780.2648,400780.2648,405382.7509,4602.4862,4602.4862,941.0,0.204455,1,p:1.3.2.2.3.1
U6105,244,FUSE1,400854.2648,400854.2648,405498.7509,4644.4862,4644.4862,1003.0,0.215955,1,p:2.2.5.2.2.1
U6106,244,FUSE1,400896.2648,400896.2648,406088.3509,5192.0862,5192.0862,1003.0,0.193179,1,p:1.1.3.2.3.1
U6107,244,FUSE1,400975.0648,400975.0648,405424.7509,4449.6862,4449.6862,1003.0,0.225409,1,p:2.3.1.1.1.2
U6108,244,FUSE1,401012.2648,401012.2648,405735.5509,4723.2862,4723.2862,1003.0,0.212352,1,p:1.2.1.2.3.1
U6109,244,FUSE1,401091.0648,401091.0648,405972.3509,4881.2862,4881.2862,1003.0,0.205479,1,p:2.1.4.2.1.1
U6110,244,FUSE1,401133.0648,401133.0648,405619.5509,4486.4862,4486.4862,1003.0,0.22356,1,p:1.3.2.2.1.1
U6111,244,FUSE1,401207.0648,401207.0648,405893.5509,4686.4862,4686.4862,1003.0,0.21402,1,p:2.2.2.1.3.2
U6112,244,FUSE1,401249.0648,401249.0648,406130.3509,4881.2862,4881.2862,1003.0,0.205479,1,p:1.1.5.1.1.2
U6113,244,FUSE2,401327.8648,401327.8648,405656.7509,4328.8862,4328.8862,1035.4,0.239184,1,p:2.3.4.1.2.2
U6114,244,FUSE2,401365.0648,401365.0648,406009.5509,4644.4862,4644.4862,1035.4,0.222931,1,p:1.2.1.1.2.2
U6115,244,FUSE2,401443.8648,401443.8648,406491.7648,5047.9,5047.9,1035.4,0.205115,1,p:2.1.2.2.1.2
U6116,244,FUSE2,401485.8648,401485.8648,405851.5509,4365.6862,4365.6862,1035.4,0.237168,1,p:1.3.5.2.2.1
U6117,244,FUSE2,401559.8648,401559.8648,406362.3509,4802.4862,4802.4862,1035.4,0.215597,1,p:2.2.3.1.2.2
U6118,244,FUSE2,401601.8648,401601.8648,406557.1509,4955.2862,4955.2862,1035.4,0.208949,1,p:1.1.5.2.2.1
U6119,244,FUSE2,401680.6648,401680.6648,406204.3509,4523.6862,4523.6862,1035.4,0.228884,1,p:2.3.2.2.2.1
U6120,244,FUSE2,401717.8648,401717.8648,406246.3509,4528.4862,4528.4862,1035.4,0.228642,1,p:1.2.4.1.3.2
U100,5,FUSE0,401796.6648,401796.6648,406849.9509,5053.2862,5053.2862,941.0,0.186215,1,p:2.1.1.2.2.2
U101,5,FUSE0,401838.6648,401838.6648,406607.7648,4769.1,4769.1,941.0,0.197312,1,p:1.2.3.2.3.2
U102,5,FUSE0,401912.6648,401912.6648,406927.1509,5014.4862,5014.4862,941.0,0.187656,1,p:2.1.4.2.1.1
U103,5,FUSE0,401954.6648,401954.6648,406325.1509,4370.4862,4370.4862,941.0,0.215308,1,p:1.3.1.2.1.1
U104,5,FUSE0,402033.4648,402033.4648,406811.1509,4777.6862,4777.6862,941.0,0.196957,1,p:2.2.2.1.3.1
U105,5,FUSE0,402070.6648,402070.6648,407276.7509,5206.0862,5206.0862,941.0,0.18075,1,p:1.1.3.2.1.1
U106,5,FUSE0,402186.6648,402186.6648,406441.1509,4254.4862,4254.4862,941.0,0.221178,1,p:2.3.1.1.3.1
U107,5,FUSE0,402228.6648,402228.6648,406723.7648,4495.1,4495.1,941.0,0.209339,1,p:1.2.5.1.1.2
U108,5,FUSE0,402302.6648,402302.6648,407315.5509,5012.8862,5012.8862,941.0,0.187716,1,p:2.1.2.2.3.2
U109,5,FUSE1,402386.2648,402386.2648,406695.1509,4308.8862,4308.8862,1003.0,0.232775,1,p:1.3.4.1.2.1
U110,5,FUSE1,402418.6648,402418.6648,407081.9509,4663.2862,4663.2862,1003.0,0.215084,1,p:2.2.1.1.1.2
U111,5,FUSE1,402502.2648,402502.2648,407431.5509,4929.2862,4929.2862,1003.0,0.203478,1,p:1.1.5.1.1.2
U112,5,FUSE1,402534.6648,402534.6648,407044.7509,4510.0862,4510.0862,1003.0,0.22239,1,p:2.3.3.1.2.1
U113,5,FUSE1,402622.2648,402622.2648,407160.7509,4538.4862,4538.4862,1003.0,0.220999,1,p:1.2.4.1.3.1
U114,5,FUSE1,402679.8648,402679.8648,407781.1509,5101.2862,5101.2862,1003.0,0.196617,1,p:2.1.1.1.1.2
U115,5,FUSE1,402837.4648,402837.4648,407510.3509,4672.8862,4672.8862,1003.0,0.214643,1,p:1.2.3.1.3.1
U116,5,FUSE1,402935.0648,402935.0648,407199.5509,4264.4862,4264.4862,1003.0,0.235198,1,p:2.3.2.2.2.2
U117,5,FUSE1,403072.6648,403072.6648,407743.9509,4671.2862,4671.2862,1003.0,0.214716,1,p:1.1.5.1.2.1
U118,5,FUSE1,403170.2648,403170.2648,407626.3509,4456.0862,4456.0862,1003.0,0.225085,1,p:2.2.2.2.1.1
U119,5,FUSE2,403307.8648,403307.8648,407665.1509,4357.2862,4357.2862,1035.4,0.237625,1,p:1.2.4.2.3.2
U120,5,FUSE2,403396.8509,403396.8509,408130.7509,4733.9,4733.9,1035.4,0.21872,1,p:2.1.4.1.1.2
U121,5,FUSE2,403465.4648,403465.4648,406965.9509,3500.4862,3500.4862,1035.4,0.295787,1,p:1.3.5.2.3.2
U122,5,FUSE2,403554.4509,403554.4509,408014.7509,4460.3,4460.3,1035.4,0.232137,1,p:2.1.5.2.3.2
U123,5,FUSE2,403581.4648,403581.4648,407859.9509,4278.4862,4278.4862,1035.4,0.242001,1,p:1.2.2.1.3.1
U124,5,FUSE2,403697.4648,403697.4648,408325.5509,4628.0862,4628.0862,1035.4,0.223721,1,p:2.1.4.2.1.1
U125,5,FUSE2,403729.2509,403729.2509,408364.3509,4635.1,4635.1,1035.4,0.223382,1,p:1.2.3.2.3.2
U126,5,FUSE2,403813.4648,403813.4648,407549.1509,3735.6862,3735.6862,1035.4,0.277165,1,p:2.3.1.2.2.2
U127,5,FUSE2,403886.8509,403886.8509,408793.1509,4906.3,4906.3,1035.4,0.211035,1,p:1.1.3.1.2.1
U128,5,FUSE2,403929.4648,403929.4648,408677.1509,4747.6862,4747.6862,1035.4,0.218085,1,p:2.2.2.2.1.1
U7405,296,FUSE0,404002.8509,404002.8509,407394.3509,3391.5,3391.5,941.0,0.277458,1,p:1.3.4.1.2.1
U7406,296,FUSE0,404045.4648,404045.4648,408598.3509,4552.8862,4552.8862,941.0,0.206682,1,p:2.1.4.2.2.2
U7407,296,FUSE0,404118.8509,404118.8509,408248.3509,4129.5,4129.5,941.0,0.227873,1,p:1.2.5.2.2.2
U7408,296,FUSE0,404161.4648,404161.4648,407898.7509,3737.2862,3737.2862,941.0,0.251787,1,p:2.3.3.2.2.2
U7409,296,FUSE0,404239.6509,404239.6509,408835.1509,4595.5,4595.5,941.0,0.204766,1,p:1.1.1.1.1.2
U7410,296,FUSE0,404277.4648,404277.4648,408482.3509,4204.8862,4204.8862,941.0,0.223787,1,p:2.2.1.1.1.2
U7411,296,FUSE0,404355.6509,404355.6509,407975.9509,3620.3,3620.3,941.0,0.259923,1,p:1.3.3.2.1.1
U7412,296,FUSE0,404397.6509,404397.6509,409145.9509,4748.3,4748.3,941.0,0.198176,1,p:2.1.4.1.2.1
U7413,296,FUSE0,404471.6509,404471.6509,408714.3509,4242.7,4242.7,941.0,0.221793,1,p:1.2.4.2.3.2
U7414,296,FUSE1,404513.6509,404513.6509,408093.5509,3579.9,3579.9,1003.0,0.280175,1,p:2.3.1.1.2.1
U7415,296,FUSE1,404592.4509,404592.4509,409382.7509,4790.3,4790.3,1003.0,0.209381,1,p:1.1.3.2.1.1
U7416,296,FUSE1,404629.6509,404629.6509,408951.1509,4321.5,4321.5,1003.0,0.232095,1,p:2.2.5.2.2.2
U7417,296,FUSE1,404708.4509,404708.4509,408209.5509,3501.1,3501.1,1003.0,0.286481,1,p:1.3.2.1.3.1
U7418,296,FUSE1,404750.4509,404750.4509,409419.9509,4669.5,4669.5,1003.0,0.214798,1,p:2.1.1.2.3.2
U7419,296,FUSE1,404824.4509,404824.4509,409303.9509,4479.5,4479.5,1003.0,0.223909,1,p:1.2.2.2.2.2
U7420,296,FUSE1,404866.4509,404866.4509,408443.1509,3576.7,3576.7,1003.0,0.280426,1,p:2.3.1.1.2.1
U7421,296,FUSE1,404945.2509,404945.2509,409656.7509,4711.5,4711.5,1003.0,0.212883,1,p:1.1.4.2.2.2
U7422,296,FUSE1,404982.4509,404982.4509,409067.1509,4084.7,4084.7,1003.0,0.24555,1,p:2.2.5.2.3.2
U7423,296,FUSE2,405061.2509,405061.2509,408909.1509,3847.9,3847.9,1035.4,0.269082,1,p:1.3.2.1.3.1
U7424,296,FUSE2,405103.2509,405103.2509,409772.7509,4669.5,4669.5,1035.4,0.221737,1,p:2.1.2.2.3.2
U7425,296,FUSE2,405177.2509,405177.2509,409614.7509,4437.5,4437.5,1035.4,0.23333,1,p:1.2.3.1.3.1
U7426,296,FUSE2,405219.2509,405219.2509,408559.1509,3339.9,3339.9,1035.4,0.310009,1,p:2.3.5.1.3.1
U7427,296,FUSE2,405298.0509,405298.0509,409735.5509,4437.5,4437.5,1035.4,0.23333,1,p:1.1.5.2.1.1
U7428,296,FUSE2,405335.2509,405335.2509,409851.5509,4516.3,4516.3,1035.4,0.229258,1,p:2.2.1.1.2.1
U7429,296,FUSE2,405414.0509,405414.0509,409029.9509,3615.9,3615.9,1035.4,0.286346,1,p:1.3.3.2.1.1
U7430,296,FUSE2,405456.0509,405456.0509,410241.5509,4785.5,4785.5,1035.4,0.216362,1,p:2.1.3.2.2.2
U7431,296,FUSE2,405530.0509,405530.0509,410125.5509,4595.5,4595.5,1035.4,0.225307,1,p:1.2.4.1.1.2
U7432,296,FUSE2,405572.0509,405572.0509,409187.9509,3615.9,3615.9,1035.4,0.286346,1,p:2.3.1.1.1.2
U1198,49,FUSE0,405650.8509,405650.8509,410703.7648,5052.9138,5052.9138,941.0,0.186229,1,p:1.1.2.1.3.1
U1199,49,FUSE0,405688.0509,405688.0509,410263.1509,4575.1,4575.1,941.0,0.205679,1,p:2.2.2.2.1.1
U1200,49,FUSE0,405766.8509,405766.8509,409261.9509,3495.1,3495.1,941.0,0.269234,1,p:1.3.4.1.3.1
U1201,49,FUSE0,405808.8509,405808.8509,410068.7509,4259.9,4259.9,941.0,0.220897,1,p:2.2.5.1.3.1
E263,357,FUSE0,405882.8509,405882.8509,410589.5509,4706.7,4706.7,941.0,0.199928,1,p:1.1.3.1.1.2
E264,357,FUSE0,405924.8509,405924.8509,409540.7509,3615.9,3615.9,941.0,0.260239,1,p:2.3.2.1.1.2
E265,357,FUSE0,406003.6509,406003.6509,410473.5509,4469.9,4469.9,941.0,0.210519,1,p:1.2.5.2.3.2
E266,357,FUSE0,406040.8509,406040.8509,411051.7648,5010.9138,5010.9138,941.0,0.18779,1,p:2.1.1.1.3.1
E267,357,FUSE0,406119.6509,406119.6509,409498.7509,3379.1,3379.1,941.0,0.278477,1,p:1.3.5.1.2.1
E268,357,FUSE0,406161.6509,406161.6509,410832.7509,4671.1,4671.1,941.0,0.201451,1,p:2.2.2.2.3.2
E269,357,FUSE0,406235.6509,406235.6509,410935.7648,4700.1138,4700.1138,941.0,0.200208,1,p:1.1.3.2.1.1
E281,358,FUSE0,406277.6509,406277.6509,409893.5509,3615.9,3615.9,941.0,0.260239,1,p:2.3.3.1.1.2
E282,358,FUSE0,406356.4509,406356.4509,411201.1509,4844.7,4844.7,941.0,0.194233,1,p:1.2.3.1.2.2
E283,358,FUSE0,406393.6509,406393.6509,411283.7648,4890.1138,4890.1138,941.0,0.192429,1,p:2.1.2.2.1.1
E284,358,FUSE0,406472.4509,406472.4509,410009.5509,3537.1,3537.1,941.0,0.266037,1,p:1.3.1.2.2.2
E285,358,FUSE0,406523.0648,406523.0648,411085.1509,4562.0862,4562.0862,941.0,0.206265,1,p:2.2.1.1.1.2
E286,358,FUSE1,406588.4509,406588.4509,411399.7648,4811.3138,4811.3138,1003.0,0.208467,1,p:1.1.1.2.2.1
E287,358,FUSE1,406639.0648,406639.0648,410357.5509,3718.4862,3718.4862,1003.0,0.269733,1,p:2.3.4.1.3.2
E288,358,FUSE1,406726.4509,406726.4509,411167.7648,4441.3138,4441.3138,1003.0,0.225834,1,p:1.2.4.2.3.1
E289,358,FUSE1,406755.0648,406755.0648,411317.1509,4562.0862,4562.0862,1003.0,0.219856,1,p:2.1.5.1.3.2
E290,358,FUSE1,406842.4509,406842.4509,411549.1509,4706.7,4706.7,1003.0,0.2131,1,p:1.2.2.1.2.2
E291,358,FUSE1,406881.2509,406881.2509,411781.1509,4899.9,4899.9,1003.0,0.204698,1,p:2.1.3.1.1.2
E292,358,FUSE2,406958.4509,406958.4509,410379.1509,3420.7,3420.7,1035.4,0.302687,1,p:1.3.1.2.2.1
E293,358,FUSE2,406997.2509,406997.2509,411665.1509,4667.9,4667.9,1035.4,0.221813,1,p:2.2.1.1.3.2
E294,358,FUSE2,407076.0509,407076.0509,411747.7648,4671.7138,4671.7138,1035.4,0.221632,1,p:1.1.4.2.2.1
E295,358,FUSE2,407113.2509,407113.2509,410587.7648,3474.5138,3474.5138,1035.4,0.297999,1,p:2.3.4.2.2.1
E296,358,FUSE2,407192.0509,407192.0509,411631.7648,4439.7138,4439.7138,1035.4,0.233213,1,p:1.2.5.2.1.1
E297,358,FUSE2,407230.8509,407230.8509,412245.1509,5014.3,5014.3,1035.4,0.206489,1,p:2.1.2.1.2.2
E298,358,FUSE2,407308.0509,407308.0509,410716.7509,3408.7,3408.7,1035.4,0.303752,1,p:1.3.5.1.1.2
E299,368,FUSE0,407346.8509,407346.8509,412013.1509,4666.3,4666.3,941.0,0.201659,1,p:2.2.3.1.3.2
E300,368,FUSE0,407425.6509,407425.6509,412327.7648,4902.1138,4902.1138,941.0,0.191958,1,p:1.1.3.2.1.1
E301,368,FUSE0,407462.8509,407462.8509,410819.7648,3356.9138,3356.9138,941.0,0.280317,1,p:2.3.2.1.2.1
E302,368,FUSE0,407541.6509,407541.6509,411979.7648,4438.1138,4438.1138,941.0,0.212027,1,p:1.2.4.2.1.1
E303,368,FUSE0,407580.4509,407580.4509,412211.7648,4631.3138,4631.3138,941.0,0.203182,1,p:2.1.4.2.3.1
E304,368,FUSE0,407657.6509,407657.6509,410969.1509,3311.5,3311.5,941.0,0.284161,1,p:1.3.5.2.2.2
E305,368,FUSE0,407696.4509,407696.4509,412129.1509,4432.7,4432.7,941.0,0.212286,1,p:2.2.5.1.1.2
E306,368,FUSE1,407775.2509,407775.2509,412675.7648,4900.5138,4900.5138,1003.0,0.204672,1,p:1.1.1.2.1.1
E307,368,FUSE1,407812.4509,407812.4509,411515.7648,3703.3138,3703.3138,1003.0,0.270839,1,p:2.3.3.2.3.1
E308,368,FUSE1,407891.2509,407891.2509,412593.1509,4701.9,4701.9,1003.0,0.213318,1,p:1.2.3.1.2.2
E309,368,FUSE1,407930.0509,407930.0509,412791.7648,4861.7138,4861.7138,1003.0,0.206306,1,p:2.1.2.2.2.1
E310,368,FUSE1,408007.2509,408007.2509,411433.1509,3425.9,3425.9,1003.0,0.29277,1,p:1.3.4.1.1.2
E311,368,FUSE1,408046.0509,408046.0509,412477.1509,4431.1,4431.1,1003.0,0.226355,1,p:2.2.4.1.1.2
E312,368,FUSE2,408124.8509,408124.8509,412709.1509,4584.3,4584.3,1035.4,0.225858,1,p:1.1.5.1.3.2
E313,368,FUSE2,408162.0509,408162.0509,411863.7648,3701.7138,3701.7138,1035.4,0.279708,1,p:2.3.2.2.3.1
E314,368,FUSE2,408240.8509,408240.8509,412941.1509,4700.3,4700.3,1035.4,0.220284,1,p:1.2.1.1.2.2
E315,368,FUSE2,408279.6509,408279.6509,413255.7648,4976.1138,4976.1138,1035.4,0.208074,1,p:2.1.3.2.3.1
E316,368,FUSE2,408356.8509,408356.8509,412095.7648,3738.9138,3738.9138,1035.4,0.276925,1,p:1.3.1.2.2.1
E317,368,FUSE2,408395.6509,408395.6509,413139.7648,4744.1138,4744.1138,1035.4,0.218249,1,p:2.2.2.2.2.1
E318,364,FUSE0,408474.4509,408474.4509,413057.1509,4582.7,4582.7,941.0,0.205337,1,p:1.1.4.1.3.2
E319,364,FUSE0,408513.6509,408513.6509,411897.1509,3383.5,3383.5,941.0,0.278114,1,p:2.3.5.1.2.2
E320,364,FUSE0,408590.4509,408590.4509,413023.7648,4433.3138,4433.3138,941.0,0.212257,1,p:1.2.5.2.1.1
E321,364,FUSE0,408629.6509,408629.6509,413521.1509,4891.5,4891.5,941.0,0.192375,1,p:2.1.3.1.1.2
E322,364,FUSE0,408708.4509,408708.4509,412361.1509,3652.7,3652.7,941.0,0.257618,1,p:1.3.1.1.3.2
E323,364,FUSE0,408745.6509,408745.6509,413371.7648,4626.1138,4626.1138,941.0,0.20341,1,p:2.2.1.2.1.1
E324,364,FUSE1,408824.4509,408824.4509,413637.1509,4812.7,4812.7,1003.0,0.208407,1,p:1.1.2.1.2.2
E325,364,FUSE1,408866.4509,408866.4509,412559.7648,3693.3138,3693.3138,1003.0,0.271572,1,p:2.3.2.2.3.1
E326,364,FUSE1,408940.4509,408940.4509,413487.7648,4547.3138,4547.3138,1003.0,0.22057,1,p:1.2.4.2.2.1
E327,364,FUSE1,408982.4509,408982.4509,413603.7648,4621.3138,4621.3138,1003.0,0.217038,1,p:2.1.5.2.3.1
E328,364,FUSE1,409061.2509,409061.2509,412443.7648,3382.5138,3382.5138,1003.0,0.296525,1,p:1.3.5.2.2.1
E329,364,FUSE1,409098.4509,409098.4509,413835.7648,4737.3138,4737.3138,1003.0,0.211723,1,p:2.2.3.2.2.1
E330,364,FUSE2,409177.2509,409177.2509,413951.7648,4774.5138,4774.5138,1035.4,0.21686,1,p:1.1.1.2.3.1
E331,364,FUSE2,409219.2509,409219.2509,412907.7648,3688.5138,3688.5138,1035.4,0.280709,1,p:2.3.3.2.3.1
E332,364,FUSE2,409293.2509,409293.2509,413985.1509,4691.9,4691.9,1035.4,0.220678,1,p:1.2.2.1.2.2
E333,364,FUSE2,409335.2509,409335.2509,414101.1509,4765.9,4765.9,1035.4,0.217252,1,p:2.1.4.1.3.2
E334,364,FUSE2,409414.0509,409414.0509,412825.1509,3411.1,3411.1,1035.4,0.303538,1,p:1.3.4.1.1.2
E335,364,FUSE2,409451.2509,409451.2509,413869.1509,4417.9,4417.9,1035.4,0.234365,1,p:2.2.5.1.1.2
E336,353,FUSE0,409530.0509,409530.0509,414183.7648,4653.7138,4653.7138,941.0,0.202204,1,p:1.1.1.2.2.1
E337,353,FUSE0,409572.0509,409572.0509,413173.1509,3601.1,3601.1,941.0,0.261309,1,p:2.3.1.1.1.2
E338,353,FUSE0,409646.0509,409646.0509,414217.1509,4571.1,4571.1,941.0,0.205859,1,p:1.2.2.1.1.2
E339,353,FUSE0,409688.0509,409688.0509,414531.7648,4843.7138,4843.7138,941.0,0.194272,1,p:2.1.1.2.2.1
E340,353,FUSE0,409766.8509,409766.8509,413405.1509,3638.3,3638.3,941.0,0.258637,1,p:1.3.2.1.3.2
E341,353,FUSE0,409804.0509,409804.0509,414449.1509,4645.1,4645.1,941.0,0.202579,1,p:2.2.2.1.3.2
E342,353,FUSE1,409882.8509,409882.8509,414565.1509,4682.3,4682.3,1003.0,0.214211,1,p:1.1.5.1.1.2
E343,353,FUSE1,409924.8509,409924.8509,413289.1509,3364.3,3364.3,1003.0,0.29813,1,p:2.3.5.1.2.2
E344,353,FUSE1,410040.8509,410040.8509,414647.7648,4606.9138,4606.9138,1003.0,0.217716,1,p:1.2.3.2.3.1
E345,353,FUSE1,410100.0509,410100.0509,414995.7648,4895.7138,4895.7138,1003.0,0.204873,1,p:2.1.3.2.3.1
E346,353,FUSE1,410156.8509,410156.8509,413719.7648,3562.9138,3562.9138,1003.0,0.281511,1,p:1.3.1.2.1.1
E347,353,FUSE2,410272.8509,410272.8509,415227.7648,4954.9138,4954.9138,1035.4,0.208964,1,p:2.1.2.2.2.1
E348,353,FUSE2,410294.4509,410294.4509,414797.1509,4502.7,4502.7,1035.4,0.229951,1,p:1.2.1.1.3.2
E349,353,FUSE2,410388.8509,410388.8509,415261.5509,4872.7,4872.7,1035.4,0.21249,1,p:2.1.3.1.1.2
E350,353,FUSE2,410410.4509,410410.4509,414913.1509,4502.7,4502.7,1035.4,0.229951,1,p:1.2.5.1.1.2
E351,353,FUSE2,410504.8509,410504.8509,413753.1509,3248.3,3248.3,1035.4,0.318751,1,p:2.3.4.1.3.2
E352,356,FUSE0,410619.0648,410619.0648,415145.1509,4526.0862,4526.0862,941.0,0.207906,1,p:1.1.5.1.3.2
E353,356,FUSE0,410620.8509,410620.8509,414879.7648,4258.9138,4258.9138,941.0,0.220948,1,p:2.2.4.2.2.1
E354,356,FUSE0,410735.0648,410735.0648,415343.7648,4608.7,4608.7,941.0,0.204179,1,p:1.1.4.2.3.1
E355,356,FUSE0,410748.0509,410748.0509,415111.7648,4363.7138,4363.7138,941.0,0.215642,1,p:2.2.4.2.1.1
E356,356,FUSE0,410851.0648,410851.0648,414067.7648,3216.7,3216.7,941.0,0.292536,1,p:1.3.3.2.1.1
E357,356,FUSE0,410864.0509,410864.0509,415807.7648,4943.7138,4943.7138,941.0,0.190343,1,p:2.1.3.2.1.1
E358,356,FUSE0,410967.0648,410967.0648,415493.5509,4526.4862,4526.4862,941.0,0.207888,1,p:1.2.3.1.3.2
E359,356,FUSE1,411000.4509,411000.4509,414333.1509,3332.7,3332.7,1003.0,0.300957,1,p:2.3.3.1.2.2
E360,356,FUSE1,411083.0648,411083.0648,415960.7509,4877.6862,4877.6862,1003.0,0.20563,1,p:1.1.1.1.1.2
E361,356,FUSE1,411116.4509,411116.4509,415691.7648,4575.3138,4575.3138,1003.0,0.21922,1,p:2.2.1.2.3.1
E362,356,FUSE1,411199.0648,411199.0648,414299.7648,3100.7,3100.7,1003.0,0.323475,1,p:1.3.5.2.3.1
E363,356,FUSE1,411232.4509,411232.4509,416076.7509,4844.3,4844.3,1003.0,0.207047,1,p:2.1.2.1.2.2
E364,356,FUSE1,411315.0648,411315.0648,415611.1509,4296.0862,4296.0862,1003.0,0.233468,1,p:1.2.4.1.1.2
E365,356,FUSE2,411348.4509,411348.4509,414415.7648,3067.3138,3067.3138,1035.4,0.337559,1,p:2.3.4.2.1.1
E366,356,FUSE2,411431.0648,411431.0648,416192.7509,4761.6862,4761.6862,1035.4,0.217444,1,p:1.1.1.1.3.2
E367,356,FUSE2,411464.4509,411464.4509,416039.7648,4575.3138,4575.3138,1035.4,0.226301,1,p:2.2.3.2.3.1
E368,356,FUSE2,411547.0648,411547.0648,414763.7648,3216.7,3216.7,1035.4,0.321883,1,p:1.3.2.2.1.1
E369,356,FUSE2,411580.4509,411580.4509,416310.3509,4729.9,4729.9,1035.4,0.218905,1,p:2.1.4.1.1.2
E370,356,FUSE2,411663.0648,411663.0648,416155.7648,4492.7,4492.7,1035.4,0.230463,1,p:1.2.5.2.1.1
E371,369,FUSE0,411696.4509,411696.4509,414681.1509,2984.7,2984.7,941.0,0.315275,1,p:2.3.4.1.2.2
E372,369,FUSE0,411779.0648,411779.0648,416505.1509,4726.0862,4726.0862,941.0,0.199108,1,p:1.1.1.2.1.1
E373,369,FUSE0,411812.4509,411812.4509,416271.7648,4459.3138,4459.3138,941.0,0.211019,1,p:2.2.3.2.2.1
E374,369,FUSE0,411895.0648,411895.0648,415029.1509,3134.0862,3134.0862,941.0,0.300247,1,p:1.3.1.1.2.2
E375,369,FUSE1,411928.4509,411928.4509,416854.7509,4926.3,4926.3,1003.0,0.203601,1,p:2.1.1.2.1.1
E376,369,FUSE1,412011.0648,412011.0648,416621.1509,4610.0862,4610.0862,1003.0,0.217566,1,p:1.2.3.2.2.1
E377,369,FUSE1,412044.4509,412044.4509,415377.5509,3333.1,3333.1,1003.0,0.300921,1,p:2.3.1.1.2.2
E378,369,FUSE1,412127.0648,412127.0648,417009.5509,4882.4862,4882.4862,1003.0,0.205428,1,p:1.1.2.1.1.2
E379,369,FUSE1,412160.4509,412160.4509,416542.3509,4381.9,4381.9,1003.0,0.228896,1,p:2.2.4.1.3.2
E380,369,FUSE2,412243.0648,412243.0648,415459.7648,3216.7,3216.7,1035.4,0.321883,1,p:1.3.2.2.1.1
E381,369,FUSE2,412276.4509,412276.4509,417086.7509,4810.3,4810.3,1035.4,0.215246,1,p:2.1.1.2.3.1
E382,369,FUSE2,412359.0648,412359.0648,416891.9509,4532.8862,4532.8862,1035.4,0.22842,1,p:1.2.3.1.3.2
E383,369,FUSE2,412392.4509,412392.4509,415575.7648,3183.3138,3183.3138,1035.4,0.325259,1,p:2.3.5.2.2.1
E384,369,FUSE2,412475.0648,412475.0648,417204.3509,4729.2862,4729.2862,1035.4,0.218934,1,p:1.1.4.2.1.1
E385,369,FUSE2,412508.4509,412508.4509,416970.7509,4462.3,4462.3,1035.4,0.232033,1,p:2.2.5.2.2.1
E386,360,FUSE0,412591.0648,412591.0648,415727.1509,3136.0862,3136.0862,941.0,0.300056,1,p:1.3.2.1.2.2
E387,360,FUSE0,412624.4509,412624.4509,417436.3509,4811.9,4811.9,941.0,0.195557,1,p:2.1.1.2.3.1
E388,360,FUSE0,412707.0648,412707.0648,417241.5509,4534.4862,4534.4862,941.0,0.207521,1,p:1.2.2.1.3.2
E389,360,FUSE0,412740.4509,412740.4509,415843.1509,3102.7,3102.7,941.0,0.303284,1,p:2.3.5.1.3.2
E390,360,FUSE0,412823.0648,412823.0648,417669.9509,4846.8862,4846.8862,941.0,0.194145,1,p:1.1.3.2.2.1
E391,360,FUSE0,412856.4509,412856.4509,417359.1509,4502.7,4502.7,941.0,0.208986,1,p:2.2.3.1.1.2
E392,360,FUSE1,412939.0648,412939.0648,415923.7648,2984.7,2984.7,1003.0,0.336047,1,p:1.3.4.2.2.1
E393,360,FUSE1,412972.4509,412972.4509,417903.5509,4931.1,4931.1,1003.0,0.203403,1,p:2.1.2.2.1.1
E394,360,FUSE1,413055.0648,413055.0648,417475.1509,4420.0862,4420.0862,1003.0,0.226919,1,p:1.2.4.1.2.2
E395,360,FUSE1,413088.4509,413088.4509,416387.7648,3299.3138,3299.3138,1003.0,0.304003,1,p:2.3.2.2.3.1
E396,360,FUSE1,413171.0648,413171.0648,418058.3509,4887.2862,4887.2862,1003.0,0.205226,1,p:1.1.1.1.1.2
E397,360,FUSE1,413204.4509,413204.4509,417591.1509,4386.7,4386.7,1003.0,0.228646,1,p:2.2.5.1.3.2
E398,360,FUSE2,413287.0648,413287.0648,416426.3509,3139.2862,3139.2862,1035.4,0.32982,1,p:1.3.5.1.2.2
E399,360,FUSE2,413320.4509,413320.4509,418253.1509,4932.7,4932.7,1035.4,0.209905,1,p:2.1.3.2.1.1
E400,360,FUSE2,413403.0648,413403.0648,417785.9509,4382.8862,4382.8862,1035.4,0.236237,1,p:1.2.4.2.3.1
E401,360,FUSE2,413436.4509,413436.4509,416737.1509,3300.7,3300.7,1035.4,0.313691,1,p:2.3.2.2.3.1
E402,360,FUSE2,413519.0648,413519.0648,418369.1509,4850.0862,4850.0862,1035.4,0.213481,1,p:1.1.1.2.2.1
E403,360,FUSE2,413552.4509,413552.4509,418174.3509,4621.9,4621.9,1035.4,0.22402,1,p:2.2.2.1.2.2
E404,361,FUSE0,413635.0648,413635.0648,416659.9509,3024.8862,3024.8862,941.0,0.311086,1,p:1.3.5.1.1.2
E405,361,FUSE0,413668.4509,413668.4509,418290.3509,4621.9,4621.9,941.0,0.203596,1,p:2.1.5.1.3.2
E406,361,FUSE0,413751.0648,413751.0648,418019.5509,4268.4862,4268.4862,941.0,0.220453,1,p:1.2.5.2.2.1
E407,361,FUSE0,413784.4509,413784.4509,416775.9509,2991.5,2991.5,941.0,0.314558,1,p:2.3.4.1.2.2
E408,361,FUSE0,413867.0648,413867.0648,418639.9509,4772.8862,4772.8862,941.0,0.197155,1,p:1.1.2.1.3.2
E409,361,FUSE0,413900.4509,413900.4509,418523.9509,4623.5,4623.5,941.0,0.203525,1,p:2.2.3.1.2.2
E410,361,FUSE0,413983.0648,413983.0648,417125.5509,3142.4862,3142.4862,941.0,0.299444,1,p:1.3.3.1.2.2
E411,361,FUSE1,414016.4509,414016.4509,418757.5509,4741.1,4741.1,1003.0,0.211554,1,p:2.1.4.1.1.2
E412,361,FUSE1,414099.0648,414099.0648,418718.7509,4619.6862,4619.6862,1003.0,0.217114,1,p:1.2.1.2.2.1
E413,361,FUSE1,414132.4509,414132.4509,417320.3509,3187.9,3187.9,1003.0,0.314627,1,p:2.3.5.2.2.1
E414,361,FUSE1,414215.0648,414215.0648,419184.3509,4969.2862,4969.2862,1003.0,0.20184,1,p:1.1.3.2.3.1
E415,361,FUSE1,414248.4509,414248.4509,418602.7509,4354.3,4354.3,1003.0,0.230347,1,p:2.2.5.2.1.1
E416,361,FUSE1,414331.0648,414331.0648,417553.9509,3222.8862,3222.8862,1003.0,0.311212,1,p:1.3.2.2.1.1
E417,361,FUSE2,414364.4509,414364.4509,419068.3509,4703.9,4703.9,1035.4,0.220115,1,p:2.1.4.2.2.1
E418,361,FUSE2,414447.0648,414447.0648,418989.5509,4542.4862,4542.4862,1035.4,0.227937,1,p:1.2.1.1.3.2
E419,361,FUSE2,414480.4509,414480.4509,417708.7509,3228.3,3228.3,1035.4,0.320726,1,p:2.3.1.1.1.2
E420,361,FUSE2,414563.0648,414563.0648,419456.7509,4893.6862,4893.6862,1035.4,0.211579,1,p:1.1.3.1.1.2
E421,361,FUSE2,414596.4509,414596.4509,419223.1509,4626.7,4626.7,1035.4,0.223788,1,p:2.2.2.1.2.2
E422,365,FUSE0,414679.0648,414679.0648,417940.7509,3261.6862,3261.6862,941.0,0.288501,1,p:1.3.3.1.3.2
E423,365,FUSE0,414712.4509,414712.4509,419339.1509,4626.7,4626.7,941.0,0.203385,1,p:2.1.5.1.3.2
E424,365,FUSE0,414795.0648,414795.0648,419107.1509,4312.0862,4312.0862,941.0,0.218224,1,p:1.2.5.1.1.2
E425,365,FUSE0,414828.4509,414828.4509,417824.7509,2996.3,2996.3,941.0,0.314054,1,p:2.3.5.1.2.2
E426,365,FUSE0,414911.0648,414911.0648,419533.9509,4622.8862,4622.8862,941.0,0.203552,1,p:1.1.4.2.3.1
E427,365,FUSE0,414944.4509,414944.4509,419417.9509,4473.5,4473.5,941.0,0.21035,1,p:2.2.4.2.2.1
E428,365,FUSE1,415027.0648,415027.0648,418135.5509,3108.4862,3108.4862,1003.0,0.322665,1,p:1.3.4.2.3.1
E429,365,FUSE1,415060.4509,415060.4509,419922.3509,4861.9,4861.9,1003.0,0.206298,1,p:2.1.1.1.2.2
E430,365,FUSE1,415143.0648,415143.0648,419767.5509,4624.4862,4624.4862,1003.0,0.216889,1,p:1.2.3.2.2.1
E431,365,FUSE1,415176.4509,415176.4509,418485.1509,3308.7,3308.7,1003.0,0.30314,1,p:2.3.2.2.3.1
E432,365,FUSE1,415259.0648,415259.0648,420155.9509,4896.8862,4896.8862,1003.0,0.204824,1,p:1.1.2.1.1.2
E433,365,FUSE1,415292.8509,415292.8509,419883.5509,4590.7,4590.7,1003.0,0.218485,1,p:2.2.2.2.3.1
E434,365,FUSE2,415375.0648,415375.0648,418407.9509,3032.8862,3032.8862,1035.4,0.341391,1,p:1.3.4.1.1.2
E435,365,FUSE2,415408.8509,415408.8509,420233.1509,4824.3,4824.3,1035.4,0.214622,1,p:2.1.1.2.3.1
E436,365,FUSE2,415491.0648,415491.0648,419806.3509,4315.2862,4315.2862,1035.4,0.239938,1,p:1.2.4.1.1.2
E437,365,FUSE2,415524.8509,415524.8509,418834.7509,3309.9,3309.9,1035.4,0.312819,1,p:2.3.3.2.3.1
E438,365,FUSE2,415607.0648,415607.0648,420350.7509,4743.6862,4743.6862,1035.4,0.218269,1,p:1.1.5.2.1.1
E439,365,FUSE2,415642.4509,415642.4509,420271.9509,4629.5,4629.5,1035.4,0.223653,1,p:2.2.3.1.2.2
E440,354,FUSE0,415723.0648,415723.0648,418952.3509,3229.2862,3229.2862,941.0,0.291396,1,p:1.3.2.2.1.1
E441,354,FUSE0,415758.4509,415758.4509,420387.9509,4629.5,4629.5,941.0,0.203262,1,p:2.1.4.1.3.2
E442,354,FUSE0,415839.0648,415839.0648,420466.7509,4627.6862,4627.6862,941.0,0.203341,1,p:1.2.2.2.2.1
E443,354,FUSE0,415874.4509,415874.4509,418873.5509,2999.1,2999.1,941.0,0.313761,1,p:2.3.5.1.2.2
E444,354,FUSE0,415955.0648,415955.0648,420700.3509,4745.2862,4745.2862,941.0,0.198302,1,p:1.1.1.2.1.1
E445,354,FUSE0,415992.0509,415992.0509,420505.5509,4513.5,4513.5,941.0,0.208486,1,p:2.2.1.1.1.2
E446,354,FUSE1,416071.0648,416071.0648,419301.9509,3230.8862,3230.8862,1003.0,0.310441,1,p:1.3.1.2.1.1
E447,354,FUSE1,416108.0509,416108.0509,421087.1509,4979.1,4979.1,1003.0,0.201442,1,p:2.1.2.1.3.2
E448,354,FUSE1,416187.0648,416187.0648,420582.7509,4395.6862,4395.6862,1003.0,0.228178,1,p:1.2.5.2.3.1
E449,354,FUSE1,416224.0509,416224.0509,419572.7509,3348.7,3348.7,1003.0,0.299519,1,p:2.3.2.1.2.2
E450,354,FUSE1,416303.0648,416303.0648,421165.9509,4862.8862,4862.8862,1003.0,0.206256,1,p:1.1.3.2.2.1
E451,354,FUSE2,416341.6509,416341.6509,420816.3509,4474.7,4474.7,1035.4,0.23139,1,p:2.2.4.2.2.1
E452,354,FUSE2,416419.0648,416419.0648,419688.7509,3269.6862,3269.6862,1035.4,0.316666,1,p:1.3.1.1.3.2
E453,354,FUSE2,416457.6509,416457.6509,421399.5509,4941.9,4941.9,1035.4,0.209515,1,p:2.1.2.2.1.1
E454,354,FUSE2,416536.4509,416536.4509,420932.3509,4395.9,4395.9,1035.4,0.235538,1,p:1.2.5.2.3.1
E455,354,FUSE2,416573.6509,416573.6509,419651.5509,3077.9,3077.9,1035.4,0.336398,1,p:2.3.5.2.1.1
E456,354,FUSE2,416652.4509,416652.4509,421554.3509,4901.9,4901.9,1035.4,0.211224,1,p:1.1.1.1.1.2
E457,352,FUSE0,416691.2509,416691.2509,421281.9509,4590.7,4590.7,941.0,0.20498,1,p:2.2.1.2.3.1
E458,352,FUSE0,416768.4509,416768.4509,420001.1509,3232.7,3232.7,941.0,0.291088,1,p:1.3.3.2.1.1
E459,352,FUSE0,416807.2509,416807.2509,421631.5509,4824.3,4824.3,941.0,0.195054,1,p:2.1.3.2.3.1
E460,352,FUSE0,416886.0509,416886.0509,421436.7509,4550.7,4550.7,941.0,0.206781,1,p:1.2.3.1.3.2
E461,352,FUSE1,416923.2509,416923.2509,420038.3509,3115.1,3115.1,1003.0,0.32198,1,p:2.3.5.1.3.2
E462,352,FUSE1,417002.0509,417002.0509,421670.3509,4668.3,4668.3,1003.0,0.214853,1,p:1.1.4.1.2.2
E463,352,FUSE1,417040.8509,417040.8509,421749.1509,4708.3,4708.3,1003.0,0.213028,1,p:2.2.2.2.1.1
E464,352,FUSE1,417118.0509,417118.0509,420117.1509,2999.1,2999.1,1003.0,0.334434,1,p:1.3.4.2.2.1
E465,352,FUSE1,417156.8509,417156.8509,421903.9509,4747.1,4747.1,1003.0,0.211287,1,p:2.1.5.1.1.2
E466,352,FUSE1,417235.6509,417235.6509,421786.3509,4550.7,4550.7,1003.0,0.220406,1,p:1.2.1.1.3.2
E467,352,FUSE2,417272.8509,417272.8509,420621.5509,3348.7,3348.7,1035.4,0.309195,1,p:2.3.3.1.2.2
E468,352,FUSE2,417351.6509,417351.6509,421981.1509,4629.5,4629.5,1035.4,0.223653,1,p:1.1.4.2.3.1
E469,352,FUSE2,417390.4509,417390.4509,422019.9509,4629.5,4629.5,1035.4,0.223653,1,p:2.2.2.1.2.2
E470,352,FUSE2,417467.6509,417467.6509,420737.5509,3269.9,3269.9,1035.4,0.316646,1,p:1.3.2.1.3.2
E471,352,FUSE2,417506.4509,417506.4509,422448.3509,4941.9,4941.9,1035.4,0.209515,1,p:2.1.3.2.1.1
E472,352,FUSE2,417585.2509,417585.2509,422214.7509,4629.5,4629.5,1035.4,0.223653,1,p:1.2.1.2.2.1
E473,363,FUSE0,417622.4509,417622.4509,420855.1509,3232.7,3232.7,941.0,0.291088,1,p:2.3.3.1.1.2
E474,363,FUSE0,417701.2509,417701.2509,422564.3509,4863.1,4863.1,941.0,0.193498,1,p:1.1.2.2.2.1
E475,363,FUSE0,417740.0509,417740.0509,422098.7509,4358.7,4358.7,941.0,0.21589,1,p:2.2.5.2.1.1
E476,363,FUSE0,417817.2509,417817.2509,420971.1509,3153.9,3153.9,941.0,0.298361,1,p:1.3.1.1.2.2
E477,363,FUSE0,417856.0509,417856.0509,422680.3509,4824.3,4824.3,941.0,0.195054,1,p:2.1.1.2.3.1
E478,363,FUSE1,417934.8509,417934.8509,422253.5509,4318.7,4318.7,1003.0,0.232246,1,p:1.2.4.1.1.2
E479,363,FUSE1,417972.0509,417972.0509,421049.9509,3077.9,3077.9,1003.0,0.325872,1,p:2.3.4.2.1.1
E480,363,FUSE1,418050.8509,418050.8509,422797.9509,4747.1,4747.1,1003.0,0.211287,1,p:1.1.5.2.1.1
E481,363,FUSE1,418089.6509,418089.6509,422719.1509,4629.5,4629.5,1003.0,0.216654,1,p:2.2.3.1.2.2
E482,363,FUSE1,418166.8509,418166.8509,421204.7509,3037.9,3037.9,1003.0,0.330162,1,p:1.3.5.1.1.2
E483,363,FUSE1,418205.6509,418205.6509,422913.9509,4708.3,4708.3,1003.0,0.213028,1,p:2.1.4.2.2.1
E484,363,FUSE2,418284.4509,418284.4509,422835.1509,4550.7,4550.7,1035.4,0.227525,1,p:1.2.2.1.3.2
E485,363,FUSE2,418321.6509,418321.6509,421320.7509,2999.1,2999.1,1035.4,0.345237,1,p:2.3.4.1.2.2
E486,363,FUSE2,418400.4509,418400.4509,423263.5509,4863.1,4863.1,1035.4,0.212909,1,p:1.1.3.2.2.1
E487,363,FUSE2,418439.2509,418439.2509,423068.7509,4629.5,4629.5,1035.4,0.223653,1,p:2.2.1.1.2.2
E488,363,FUSE2,418516.4509,418516.4509,421515.5509,2999.1,2999.1,1035.4,0.345237,1,p:1.3.5.2.2.1
E489,363,FUSE2,418555.2509,418555.2509,423184.7509,4629.5,4629.5,1035.4,0.223653,1,p:2.1.4.1.3.2
E490,363,FUSE2,418634.0509,418634.0509,423029.9509,4395.9,4395.9,1035.4,0.235538,1,p:1.2.5.2.3.1
E491,355,FUSE0,418671.2509,418671.2509,421865.1509,3193.9,3193.9,941.0,0.294624,1,p:2.3.3.2.2.1
E492,355,FUSE0,418750.0509,418750.0509,423497.1509,4747.1,4747.1,941.0,0.198226,1,p:1.1.2.2.1.1
E493,355,FUSE0,418788.8509,418788.8509,423379.5509,4590.7,4590.7,941.0,0.20498,1,p:2.2.2.2.3.1
E494,355,FUSE0,418866.0509,418866.0509,422135.9509,3269.9,3269.9,941.0,0.287776,1,p:1.3.3.1.3.2
E495,355,FUSE0,418904.8509,418904.8509,423847.5509,4942.7,4942.7,941.0,0.190382,1,p:2.1.3.2.1.1
E496,355,FUSE0,418983.6509,418983.6509,423534.3509,4550.7,4550.7,941.0,0.206781,1,p:1.2.3.1.3.2
E497,355,FUSE1,419020.8509,419020.8509,422330.7509,3309.9,3309.9,1003.0,0.30303,1,p:2.3.2.2.3.1
E498,355,FUSE1,419099.6509,419099.6509,424005.5509,4905.9,4905.9,1003.0,0.204448,1,p:1.1.1.1.1.2
E499,355,FUSE1,419138.4509,419138.4509,423613.1509,4474.7,4474.7,1003.0,0.224149,1,p:2.2.4.2.2.1
E500,355,FUSE1,419215.6509,419215.6509,422485.5509,3269.9,3269.9,1003.0,0.306737,1,p:1.3.1.1.3.2
E501,355,FUSE1,419254.4509,419254.4509,424237.5509,4983.1,4983.1,1003.0,0.20128,1,p:2.1.2.1.3.2
E502,355,FUSE1,419333.2509,419333.2509,423884.7509,4551.5,4551.5,1003.0,0.220367,1,p:1.2.2.1.3.2
E503,355,FUSE2,419370.4509,419370.4509,422369.5509,2999.1,2999.1,1035.4,0.345237,1,p:2.3.5.1.2.2
E504,355,FUSE2,419449.2509,419449.2509,424079.5509,4630.3,4630.3,1035.4,0.223614,1,p:1.1.4.2.3.1
E505,355,FUSE2,419488.0509,419488.0509,424121.5509,4633.5,4633.5,1035.4,0.22346,1,p:2.2.3.1.2.2
E506,355,FUSE2,419565.2509,419565.2509,422603.1509,3037.9,3037.9,1035.4,0.340828,1,p:1.3.4.1.1.2
E507,355,FUSE2,419604.0509,419604.0509,424553.1509,4949.1,4949.1,1035.4,0.20921,1,p:2.1.2.2.1.1
E508,355,FUSE2,419682.8509,419682.8509,424316.3509,4633.5,4633.5,1035.4,0.22346,1,p:1.2.1.2.2.1
E509,359,FUSE0,419720.0509,419720.0509,422952.7509,3232.7,3232.7,941.0,0.291088,1,p:2.3.3.1.1.2
E510,359,FUSE0,419798.8509,419798.8509,424432.3509,4633.5,4633.5,941.0,0.203086,1,p:1.1.5.2.3.1
E511,359,FUSE0,419837.6509,419837.6509,424200.3509,4362.7,4362.7,941.0,0.215692,1,p:2.2.5.2.1.1
E512,359,FUSE0,419914.8509,419914.8509,423147.5509,3232.7,3232.7,941.0,0.291088,1,p:1.3.2.2.1.1
E513,359,FUSE0,419953.6509,419953.6509,424590.3509,4636.7,4636.7,941.0,0.202946,1,p:2.1.4.1.3.2
E514,359,FUSE0,420032.4509,420032.4509,424358.3509,4325.9,4325.9,941.0,0.217527,1,p:1.2.4.1.1.2
E515,359,FUSE1,420069.6509,420069.6509,423302.3509,3232.7,3232.7,1003.0,0.310267,1,p:2.3.1.1.1.2
E516,359,FUSE1,420148.4509,420148.4509,425063.9509,4915.5,4915.5,1003.0,0.204048,1,p:1.1.3.1.1.2
E517,359,FUSE1,420187.2509,420187.2509,424827.1509,4639.9,4639.9,1003.0,0.216168,1,p:2.2.2.1.2.2
E518,359,FUSE1,420264.4509,420264.4509,423418.3509,3153.9,3153.9,1003.0,0.318019,1,p:1.3.5.1.2.2
E519,359,FUSE1,420303.2509,420303.2509,424905.9509,4602.7,4602.7,1003.0,0.217916,1,p:2.1.4.2.1.1
E520,359,FUSE1,420382.0509,420382.0509,424943.1509,4561.1,4561.1,1003.0,0.219903,1,p:1.2.1.1.3.2
E521,359,FUSE1,420419.2509,420419.2509,423729.1509,3309.9,3309.9,1003.0,0.30303,1,p:2.3.1.2.3.1
E522,359,FUSE2,420498.0509,420498.0509,425238.7509,4740.7,4740.7,1035.4,0.218407,1,p:1.1.4.2.1.2
E523,359,FUSE2,420536.8509,420536.8509,425137.9509,4601.1,4601.1,1035.4,0.225033,1,p:2.2.2.2.3.1
E524,359,FUSE2,420614.0509,420614.0509,423652.7509,3038.7,3038.7,1035.4,0.340738,1,p:1.3.5.1.1.2
E525,359,FUSE2,420652.8509,420652.8509,425586.7509,4933.9,4933.9,1035.4,0.209854,1,p:2.1.1.1.2.2
E526,359,FUSE2,420731.6509,420731.6509,425021.9509,4290.3,4290.3,1035.4,0.241335,1,p:1.2.5.2.2.1
E527,351,FUSE0,420768.8509,420768.8509,423768.7509,2999.9,2999.9,941.0,0.313677,1,p:2.3.4.1.2.2
E528,351,FUSE0,420847.6509,420847.6509,425668.7509,4821.1,4821.1,941.0,0.195184,1,p:1.1.2.2.1.1
E529,351,FUSE0,420886.4509,420886.4509,425436.7509,4550.3,4550.3,941.0,0.2068,1,p:2.2.2.1.1.1
E530,351,FUSE0,420963.6509,420963.6509,423963.5509,2999.9,2999.9,941.0,0.313677,1,p:1.3.5.2.2.1
E531,351,FUSE0,421002.4509,421002.4509,425900.7509,4898.3,4898.3,941.0,0.192107,1,p:2.1.2.2.3.1
E532,351,FUSE1,421081.2509,421081.2509,425702.7509,4621.5,4621.5,1003.0,0.217029,1,p:1.2.3.2.3.2
E533,351,FUSE1,421118.4509,421118.4509,424474.3509,3355.9,3355.9,1003.0,0.298877,1,p:2.3.3.1.2.2
E534,351,FUSE1,421197.2509,421197.2509,425934.7509,4737.5,4737.5,1003.0,0.211715,1,p:1.1.4.1.2.2
E535,351,FUSE1,421236.0509,421236.0509,425784.7509,4548.7,4548.7,1003.0,0.220503,1,p:2.2.1.1.2.1
E536,351,FUSE1,421313.2509,421313.2509,424669.1509,3355.9,3355.9,1003.0,0.298877,1,p:1.3.1.2.2.1
E537,351,FUSE1,421352.0509,421352.0509,426297.1509,4945.1,4945.1,1003.0,0.202827,1,p:2.1.3.2.1.2
E538,351,FUSE2,421430.8509,421430.8509,426016.7509,4585.9,4585.9,1035.4,0.225779,1,p:1.2.5.2.1.1
E539,351,FUSE2,421468.0509,421468.0509,424785.1509,3317.1,3317.1,1035.4,0.31214,1,p:2.3.3.2.3.1
E540,351,FUSE2,421546.8509,421546.8509,426413.1509,4866.3,4866.3,1035.4,0.212769,1,p:1.1.1.1.3.2
E541,351,FUSE2,421585.6509,421585.6509,426166.7509,4581.1,4581.1,1035.4,0.226016,1,p:2.2.2.1.1.2
E542,351,FUSE2,421662.8509,421662.8509,424711.1509,3048.3,3048.3,1035.4,0.339665,1,p:1.3.5.1.1.2
E270,357,FUSE1,421701.6509,421701.6509,425470.7509,3769.1,3769.1,1003.0,0.266111,1,p:2.3.3.2.2.2
E271,357,FUSE1,421780.4509,421780.4509,426364.7509,4584.3,4584.3,1003.0,0.21879,1,p:1.2.4.1.2.1
E272,357,FUSE1,421817.6509,421817.6509,426761.1509,4943.5,4943.5,1003.0,0.202893,1,p:2.1.5.2.2.2
E273,357,FUSE1,421896.4509,421896.4509,425253.9509,3357.5,3357.5,1003.0,0.298734,1,p:1.3.1.1.2.1
E274,357,FUSE1,421935.2509,421935.2509,426645.1509,4709.9,4709.9,1003.0,0.212956,1,p:2.2.1.2.3.2
E275,357,FUSE1,422012.4509,422012.4509,427086.9648,5074.5138,5074.5138,1003.0,0.197654,1,p:1.1.2.1.2.1
E276,357,FUSE2,422051.2509,422051.2509,425818.7509,3767.5,3767.5,1035.4,0.274824,1,p:2.3.4.1.1.2
E277,357,FUSE2,422130.0509,422130.0509,426738.9648,4608.9138,4608.9138,1035.4,0.224652,1,p:1.2.4.2.1.1
E278,357,FUSE2,422167.2509,422167.2509,426970.9648,4803.7138,4803.7138,1035.4,0.215542,1,p:2.1.3.1.2.1
E279,357,FUSE2,422246.0509,422246.0509,426922.7509,4676.7,4676.7,1035.4,0.221395,1,p:1.2.5.2.3.2
E280,357,FUSE2,422284.8509,422284.8509,427359.9509,5075.1,5075.1,1035.4,0.204016,1,p:2.1.1.2.3.2
E543,367,FUSE0,422362.0509,422362.0509,425354.7509,2992.7,2992.7,941.0,0.314432,1,p:1.3.5.1.3.2
E544,367,FUSE0,422400.8509,422400.8509,426854.9648,4454.1138,4454.1138,941.0,0.211265,1,p:2.1.2.1.3.1
E545,367,FUSE0,422479.6509,422479.6509,427666.9648,5187.3138,5187.3138,941.0,0.181404,1,p:1.2.1.2.1.1
E546,367,FUSE0,422516.8509,422516.8509,425552.7509,3035.9,3035.9,941.0,0.309958,1,p:2.3.5.2.3.1
E547,367,FUSE0,422595.6509,422595.6509,427475.9509,4880.3,4880.3,941.0,0.192816,1,p:1.1.4.1.1.2
E548,367,FUSE1,422634.4509,422634.4509,427434.9648,4800.5138,4800.5138,1003.0,0.208936,1,p:2.2.2.1.2.1
E549,367,FUSE1,422711.6509,422711.6509,426050.7509,3339.1,3339.1,1003.0,0.30038,1,p:1.3.3.1.3.2
E550,367,FUSE1,422750.4509,422750.4509,427823.9509,5073.5,5073.5,1003.0,0.197694,1,p:2.1.2.1.1.2
E551,367,FUSE1,422829.2509,422829.2509,427243.9509,4414.7,4414.7,1003.0,0.227196,1,p:1.2.3.1.1.2
E552,367,FUSE1,422866.4509,422866.4509,426132.7509,3266.3,3266.3,1003.0,0.307075,1,p:2.3.1.2.2.1
E553,367,FUSE2,422945.2509,422945.2509,427898.9648,4953.7138,4953.7138,1035.4,0.209015,1,p:1.1.1.2.2.1
E554,367,FUSE2,422984.0509,422984.0509,427550.9648,4566.9138,4566.9138,1035.4,0.226718,1,p:2.2.5.2.2.1
E555,367,FUSE2,423061.2509,423061.2509,426248.7509,3187.5,3187.5,1035.4,0.324831,1,p:1.3.5.2.3.1
E556,367,FUSE2,423100.0509,423100.0509,427782.9648,4682.9138,4682.9138,1035.4,0.221102,1,p:2.1.5.2.3.1
E557,367,FUSE2,423178.8509,423178.8509,427591.9509,4413.1,4413.1,1035.4,0.23462,1,p:1.2.3.1.3.2
E558,367,FUSE2,423216.0509,423216.0509,426495.1509,3279.1,3279.1,1035.4,0.315757,1,p:2.3.2.1.1.1
U1202,49,FUSE0,423294.8509,423294.8509,427939.9509,4645.1,4645.1,941.0,0.202579,1,p:1.2.3.1.1.2
U1203,49,FUSE0,423333.6509,423333.6509,428246.9648,4913.3138,4913.3138,941.0,0.19152,1,p:2.1.3.1.2.1
U1204,49,FUSE0,423410.8509,423410.8509,426529.1509,3118.3,3118.3,941.0,0.301767,1,p:1.3.4.2.2.2
U1205,49,FUSE0,423449.6509,423449.6509,428055.9509,4606.3,4606.3,941.0,0.204285,1,p:2.2.5.2.3.2
U1206,49,FUSE1,423528.4509,423528.4509,428757.7648,5229.3138,5229.3138,1003.0,0.191803,1,p:1.1.5.2.3.2
U1207,49,FUSE1,423565.6509,423565.6509,427127.9509,3562.3,3562.3,1003.0,0.28156,1,p:2.3.4.2.2.2
U1208,49,FUSE1,423644.4509,423644.4509,428362.9648,4718.5138,4718.5138,1003.0,0.212567,1,p:1.2.2.1.3.1
U1209,49,FUSE1,423684.0509,423684.0509,428641.7648,4957.7138,4957.7138,1003.0,0.202311,1,p:2.1.4.2.3.2
U1210,49,FUSE1,423760.4509,423760.4509,427202.9648,3442.5138,3442.5138,1003.0,0.291357,1,p:1.3.3.2.1.1
U1211,49,FUSE1,423800.0509,423800.0509,429041.3648,5241.3138,5241.3138,1003.0,0.191364,1,p:2.2.3.2.1.1
U1212,49,FUSE1,423878.8509,423878.8509,428925.3648,5046.5138,5046.5138,1003.0,0.198751,1,p:1.1.5.1.2.1
U1213,49,FUSE1,423916.0509,423916.0509,427318.9648,3402.9138,3402.9138,1003.0,0.294747,1,p:2.3.5.1.3.1
U1214,49,FUSE2,423994.8509,423994.8509,428693.3648,4698.5138,4698.5138,1035.4,0.220368,1,p:1.2.2.1.3.1
U1215,49,FUSE2,424036.8509,424036.8509,429382.1648,5345.3138,5345.3138,1035.4,0.193702,1,p:2.1.1.2.3.2
U1216,49,FUSE2,424110.8509,424110.8509,428130.9648,4020.1138,4020.1138,1035.4,0.257555,1,p:1.3.1.2.1.1
U1217,49,FUSE2,424152.8509,424152.8509,428577.3648,4424.5138,4424.5138,1035.4,0.234014,1,p:2.2.4.1.2.1
U1218,49,FUSE2,424231.6509,424231.6509,429157.3648,4925.7138,4925.7138,1035.4,0.210203,1,p:1.1.2.1.3.1
U1219,49,FUSE2,424268.8509,424268.8509,427707.9509,3439.1,3439.1,1035.4,0.301067,1,p:2.3.4.2.2.2
U1220,49,FUSE2,424347.6509,424347.6509,429266.1648,4918.5138,4918.5138,1035.4,0.210511,1,p:1.2.3.2.2.2
U6825,273,FUSE0,424389.6509,424389.6509,429498.1648,5108.5138,5108.5138,941.0,0.184202,1,p:2.1.5.1.1.2
U6826,273,FUSE0,424463.6509,424463.6509,428014.9648,3551.3138,3551.3138,941.0,0.264972,1,p:1.3.2.1.3.1
U6827,273,FUSE0,424505.6509,424505.6509,429505.3648,4999.7138,4999.7138,941.0,0.188211,1,p:2.2.1.1.2.1
U6828,273,FUSE0,424584.4509,424584.4509,429389.3648,4804.9138,4804.9138,941.0,0.195841,1,p:1.1.4.1.3.1
U6829,273,FUSE0,424621.6509,424621.6509,428177.7648,3556.1138,3556.1138,941.0,0.264615,1,p:2.3.4.1.1.2
U6830,273,FUSE0,424700.4509,424700.4509,429146.9648,4446.5138,4446.5138,941.0,0.211626,1,p:1.2.2.1.1.2
U6831,273,FUSE0,424742.4509,424742.4509,429853.3648,5110.9138,5110.9138,941.0,0.184116,1,p:2.1.2.1.2.1
U6832,273,FUSE0,424816.4509,424816.4509,428293.7648,3477.3138,3477.3138,941.0,0.270611,1,p:1.3.1.2.2.2
U6833,273,FUSE0,424858.4509,424858.4509,429846.1648,4987.7138,4987.7138,941.0,0.188664,1,p:2.2.5.2.3.2
U6834,273,FUSE1,424937.2509,424937.2509,429962.1648,5024.9138,5024.9138,1003.0,0.199605,1,p:1.1.5.2.3.2
U6835,273,FUSE1,424974.4509,424974.4509,428409.7648,3435.3138,3435.3138,1003.0,0.291968,1,p:2.3.1.1.1.2
U6836,273,FUSE1,425053.2509,425053.2509,429730.1648,4676.9138,4676.9138,1003.0,0.214458,1,p:1.2.4.2.2.2
U6837,273,FUSE1,425095.2509,425095.2509,430310.1648,5214.9138,5214.9138,1003.0,0.192333,1,p:2.1.3.2.3.2
U6838,273,FUSE1,425169.2509,425169.2509,428525.7648,3356.5138,3356.5138,1003.0,0.298822,1,p:1.3.3.2.2.2
U6839,273,FUSE1,425270.0509,425270.0509,429985.3648,4715.3138,4715.3138,1003.0,0.212711,1,p:2.2.1.1.2.1
U6840,273,FUSE1,425285.2509,425285.2509,430542.1648,5256.9138,5256.9138,1003.0,0.190796,1,p:1.1.2.2.2.2
U6841,273,FUSE1,425386.0509,425386.0509,429273.3648,3887.3138,3887.3138,1003.0,0.258019,1,p:2.3.5.2.1.1
U6842,273,FUSE1,425468.0509,425468.0509,430800.5648,5332.5138,5332.5138,1003.0,0.188091,1,p:1.2.5.2.1.1
U6843,273,FUSE2,425502.0509,425502.0509,430549.1509,5047.1,5047.1,1035.4,0.205148,1,p:2.1.4.2.2.1
U6844,273,FUSE2,425584.0509,425584.0509,428809.3648,3225.3138,3225.3138,1035.4,0.321023,1,p:1.3.4.2.1.1
U6845,273,FUSE2,425618.0509,425618.0509,430658.1648,5040.1138,5040.1138,1035.4,0.205432,1,p:2.2.3.1.3.2
U6846,273,FUSE2,425700.0509,425700.0509,430194.1648,4494.1138,4494.1138,1035.4,0.23039,1,p:1.1.1.1.2.2
U6847,273,FUSE2,425734.0509,425734.0509,429030.9648,3296.9138,3296.9138,1035.4,0.314051,1,p:2.3.3.2.2.2
U6848,273,FUSE2,425816.0509,425816.0509,430426.1648,4610.1138,4610.1138,1035.4,0.224593,1,p:1.2.2.1.1.2
U6849,273,FUSE2,425850.0509,425850.0509,431032.5648,5182.5138,5182.5138,1035.4,0.199787,1,p:2.1.5.2.3.1
U6850,273,FUSE2,425932.0509,425932.0509,429737.3648,3805.3138,3805.3138,1035.4,0.272093,1,p:1.3.1.2.1.1
U6851,273,FUSE2,425966.0509,425966.0509,430774.1648,4808.1138,4808.1138,1035.4,0.215344,1,p:2.2.4.1.3.2
U5167,207,FUSE0,426048.0509,426048.0509,431122.1648,5074.1138,5074.1138,941.0,0.185451,1,p:1.1.3.1.2.2
U5168,207,FUSE0,426082.0509,426082.0509,430078.1648,3996.1138,3996.1138,941.0,0.235479,1,p:2.3.3.1.1.2
U5169,207,FUSE0,426164.0509,426164.0509,430890.1648,4726.1138,4726.1138,941.0,0.199107,1,p:1.2.1.1.1.2
U5170,207,FUSE0,426198.0509,426198.0509,431148.5648,4950.5138,4950.5138,941.0,0.190081,1,p:2.1.1.2.1.1
U5171,207,FUSE0,426280.0509,426280.0509,429621.3648,3341.3138,3341.3138,941.0,0.281626,1,p:1.3.2.1.3.1
U5172,207,FUSE0,426328.4509,426328.4509,431264.5648,4936.1138,4936.1138,941.0,0.190636,1,p:2.2.5.2.3.1
U5173,207,FUSE0,426396.0509,426396.0509,431354.1648,4958.1138,4958.1138,941.0,0.18979,1,p:1.1.4.1.2.2
U5174,207,FUSE0,426444.4509,426444.4509,429614.1648,3169.7138,3169.7138,941.0,0.296872,1,p:2.3.4.1.1.2
U5175,207,FUSE1,426526.4509,426526.4509,431380.5648,4854.1138,4854.1138,1003.0,0.206629,1,p:1.2.3.2.3.1
U5176,207,FUSE1,426560.4509,426560.4509,431496.5648,4936.1138,4936.1138,1003.0,0.203196,1,p:2.1.2.2.1.1
U5177,207,FUSE1,426676.4509,426676.4509,430217.3648,3540.9138,3540.9138,1003.0,0.28326,1,p:1.3.1.2.1.1
U5178,207,FUSE1,426770.2648,426770.2648,431586.1648,4815.9,4815.9,1003.0,0.208268,1,p:2.2.1.1.3.2
U5179,207,FUSE1,426792.4509,426792.4509,431612.5648,4820.1138,4820.1138,1003.0,0.208086,1,p:1.1.5.2.2.1
U5180,207,FUSE1,426886.2648,426886.2648,430101.3648,3215.1,3215.1,1003.0,0.311965,1,p:2.3.5.1.3.1
U5181,207,FUSE1,426954.0509,426954.0509,431728.5648,4774.5138,4774.5138,1003.0,0.210074,1,p:1.2.4.2.3.1
U5182,207,FUSE1,427002.2648,427002.2648,431960.5648,4958.3,4958.3,1003.0,0.202287,1,p:2.1.3.2.2.1
U5183,207,FUSE2,427118.2648,427118.2648,430433.1509,3314.8862,3314.8862,1035.4,0.312349,1,p:1.3.3.2.1.1
U5184,207,FUSE2,427159.2509,427159.2509,432050.1648,4890.9138,4890.9138,1035.4,0.211699,1,p:2.2.2.1.3.2
U5185,207,FUSE2,427234.2648,427234.2648,432076.5648,4842.3,4842.3,1035.4,0.213824,1,p:1.1.1.2.3.1
U5186,207,FUSE2,427275.2509,427275.2509,430684.5648,3409.3138,3409.3138,1035.4,0.303697,1,p:2.3.2.2.2.1
U5187,207,FUSE2,427350.2648,427350.2648,432888.5648,5538.3,5538.3,1035.4,0.186953,1,p:1.2.5.2.1.1
U5188,207,FUSE2,427391.2509,427391.2509,432308.5648,4917.3138,4917.3138,1035.4,0.210562,1,p:2.1.4.2.2.1
U5189,207,FUSE2,427466.2648,427466.2648,430916.5648,3450.3,3450.3,1035.4,0.30009,1,p:1.3.4.2.2.1
U5190,207,FUSE2,427507.2509,427507.2509,432398.1648,4890.9138,4890.9138,1035.4,0.211699,1,p:2.2.3.1.3.2
U6880,275,FUSE0,427582.2648,427582.2648,432282.1648,4699.9,4699.9,941.0,0.200217,1,p:1.1.2.1.2.2
U6881,275,FUSE0,427623.2509,427623.2509,431006.1648,3382.9138,3382.9138,941.0,0.278163,1,p:2.3.2.1.3.2
U6882,275,FUSE0,427698.2648,427698.2648,432166.1648,4467.9,4467.9,941.0,0.210613,1,p:1.2.1.1.1.2
U6883,275,FUSE0,427739.2509,427739.2509,432656.5648,4917.3138,4917.3138,941.0,0.191365,1,p:2.1.1.2.2.1
U6884,275,FUSE0,427814.2648,427814.2648,431238.1648,3423.9,3423.9,941.0,0.274833,1,p:1.3.5.1.1.2
U6885,275,FUSE0,427855.2509,427855.2509,432514.1648,4658.9138,4658.9138,941.0,0.201978,1,p:2.2.4.1.3.2
U6886,275,FUSE0,427930.2648,427930.2648,432630.1648,4699.9,4699.9,941.0,0.200217,1,p:1.1.3.1.2.2
U6887,275,FUSE0,427971.2509,427971.2509,431702.1648,3730.9138,3730.9138,941.0,0.252217,1,p:2.3.3.1.1.2
U6888,275,FUSE1,428046.2648,428046.2648,432772.5648,4726.3,4726.3,1003.0,0.212217,1,p:1.2.2.2.3.1
U6889,275,FUSE1,428087.2509,428087.2509,433094.1648,5006.9138,5006.9138,1003.0,0.200323,1,p:2.1.5.1.1.2
U6890,275,FUSE1,428162.2648,428162.2648,431470.1648,3307.9,3307.9,1003.0,0.303214,1,p:1.3.1.1.2.2
U6891,275,FUSE1,428209.0648,428209.0648,432978.1648,4769.1,4769.1,1003.0,0.210312,1,p:2.2.1.1.3.2
U6892,275,FUSE1,428278.2648,428278.2648,432862.1648,4583.9,4583.9,1003.0,0.218809,1,p:1.1.4.1.2.2
U6893,275,FUSE1,428325.0648,428325.0648,431818.1648,3493.1,3493.1,1003.0,0.287137,1,p:2.3.4.1.1.2
U6894,275,FUSE1,428394.2648,428394.2648,433236.5648,4842.3,4842.3,1003.0,0.207133,1,p:1.2.3.2.3.1
U6895,275,FUSE1,428441.0648,428441.0648,433210.1648,4769.1,4769.1,1003.0,0.210312,1,p:2.1.2.1.3.2
U6896,275,FUSE2,428557.0648,428557.0648,431844.5648,3287.5,3287.5,1035.4,0.314951,1,p:1.3.2.2.1.1
U6897,275,FUSE2,428608.6648,428608.6648,433587.7648,4979.1,4979.1,1035.4,0.207949,1,p:2.2.5.2.2.1
U6898,275,FUSE2,428673.0648,428673.0648,433558.1648,4885.1,4885.1,1035.4,0.211951,1,p:1.1.1.1.2.2
U6899,275,FUSE2,428724.6648,428724.6648,431934.1648,3209.5,3209.5,1035.4,0.322605,1,p:2.3.5.1.2.2
U6900,275,FUSE2,428789.0648,428789.0648,433355.7648,4566.7,4566.7,1035.4,0.226728,1,p:1.2.4.2.3.1
U6901,275,FUSE2,428840.6648,428840.6648,433703.7648,4863.1,4863.1,1035.4,0.212909,1,p:2.1.3.2.2.1
U6902,275,FUSE2,428956.6648,428956.6648,432192.5648,3235.9,3235.9,1035.4,0.319973,1,p:1.3.3.2.1.1
U3518,141,FUSE0,429062.2648,429062.2648,433471.7648,4409.5,4409.5,941.0,0.213403,1,p:2.2.2.2.1.1
U3519,141,FUSE0,429072.6648,429072.6648,433790.1648,4717.5,4717.5,941.0,0.19947,1,p:1.1.2.1.1.2
U3520,141,FUSE0,429178.2648,429178.2648,432540.5648,3362.3,3362.3,941.0,0.279868,1,p:2.3.5.2.3.1
U3521,141,FUSE0,429188.6648,429188.6648,433819.7648,4631.1,4631.1,941.0,0.203191,1,p:1.2.1.2.3.1
U3522,141,FUSE0,429297.4648,429297.4648,433935.7648,4638.3,4638.3,941.0,0.202876,1,p:2.1.4.2.2.1
U3523,141,FUSE0,429304.6648,429304.6648,432424.5648,3119.9,3119.9,941.0,0.301612,1,p:1.3.4.2.1.1
U3524,141,FUSE0,429413.4648,429413.4648,434254.1648,4840.7,4840.7,941.0,0.194393,1,p:2.2.3.1.3.2
U3525,141,FUSE0,429420.6648,429420.6648,434167.7648,4747.1,4747.1,941.0,0.198226,1,p:1.1.5.2.1.1
U3526,141,FUSE1,429529.4648,429529.4648,432746.1648,3216.7,3216.7,1003.0,0.31181,1,p:2.3.2.1.1.2
U3527,141,FUSE1,429536.6648,429536.6648,434283.7648,4747.1,4747.1,1003.0,0.211287,1,p:1.2.2.2.3.1
U3528,141,FUSE1,429645.4648,429645.4648,434399.7648,4754.3,4754.3,1003.0,0.210967,1,p:2.1.1.2.2.1
U3529,141,FUSE1,429652.6648,429652.6648,433120.5648,3467.9,3467.9,1003.0,0.289224,1,p:1.3.1.2.1.1
U3530,141,FUSE1,429761.4648,429761.4648,434486.1648,4724.7,4724.7,1003.0,0.212289,1,p:2.2.4.1.1.2
U3531,141,FUSE1,429768.6648,429768.6648,434631.7648,4863.1,4863.1,1003.0,0.206247,1,p:1.1.3.2.3.1
U3532,141,FUSE1,429877.4648,429877.4648,433442.1648,3564.7,3564.7,1003.0,0.28137,1,p:2.3.3.1.1.2
U3533,141,FUSE1,429884.6648,429884.6648,434747.7648,4863.1,4863.1,1003.0,0.206247,1,p:1.2.5.2.1.1
U3534,141,FUSE2,429993.4648,429993.4648,434863.7648,4870.3,4870.3,1035.4,0.212595,1,p:2.1.2.2.2.1
U3535,141,FUSE2,430016.6648,430016.6648,433004.5648,2987.9,2987.9,1035.4,0.346531,1,p:1.3.5.2.2.1
U3536,141,FUSE2,430109.4648,430109.4648,434834.1648,4724.7,4724.7,1035.4,0.219146,1,p:2.2.1.1.3.2
U3537,141,FUSE2,430132.6648,430132.6648,434515.7648,4383.1,4383.1,1035.4,0.236226,1,p:1.1.4.2.1.1
U3538,141,FUSE2,430225.4648,430225.4648,433326.1648,3100.7,3100.7,1035.4,0.333925,1,p:2.3.4.1.2.2
U3539,141,FUSE2,430248.6648,430248.6648,435024.9648,4776.3,4776.3,1035.4,0.216779,1,p:1.2.3.1.1.1
U3540,141,FUSE2,430341.4648,430341.4648,435298.1648,4956.7,4956.7,1035.4,0.208889,1,p:2.1.5.2.3.2
U3541,141,FUSE2,430457.4648,430457.4648,434022.1648,3564.7,3564.7,1035.4,0.290459,1,p:1.3.5.1.3.2
U2785,112,FUSE0,430464.4509,430464.4509,434718.1648,4253.7138,4253.7138,941.0,0.221218,1,p:2.2.2.1.2.2
U2786,112,FUSE0,430573.4648,430573.4648,435066.1648,4492.7,4492.7,941.0,0.209451,1,p:1.1.4.1.2.2
U2787,112,FUSE0,430580.4509,430580.4509,433906.1648,3325.7138,3325.7138,941.0,0.282947,1,p:2.3.1.1.1.2
U2788,112,FUSE0,430689.4648,430689.4648,434950.1648,4260.7,4260.7,941.0,0.220856,1,p:1.2.2.1.1.2
U2789,112,FUSE0,430715.8648,430715.8648,436028.5986,5312.7338,5312.7338,941.0,0.177122,1,p:2.1.2.2.2.2
U2790,112,FUSE0,430805.4648,430805.4648,434138.1648,3332.7,3332.7,941.0,0.282354,1,p:1.3.3.1.2.2
U2791,112,FUSE0,430831.8648,430831.8648,435782.9648,4951.1,4951.1,941.0,0.190059,1,p:2.2.5.2.3.2
U2792,112,FUSE0,430921.4648,430921.4648,435374.5648,4453.1,4453.1,941.0,0.211313,1,p:1.1.1.1.1.1
U2793,112,FUSE0,430947.8648,430947.8648,433674.1648,2726.3,2726.3,941.0,0.345156,1,p:2.3.2.1.3.2
U2794,112,FUSE1,431037.4648,431037.4648,435873.7986,4836.3338,4836.3338,1003.0,0.207388,1,p:1.2.4.1.2.1
U2795,112,FUSE1,431063.8648,431063.8648,435549.3648,4485.5,4485.5,1003.0,0.223609,1,p:2.1.4.1.1.1
U2796,112,FUSE1,431153.4648,431153.4648,434051.7648,2898.3,2898.3,1003.0,0.346065,1,p:1.3.4.2.1.1
U2797,112,FUSE1,431179.8648,431179.8648,435898.9648,4719.1,4719.1,1003.0,0.212541,1,p:2.2.2.1.1.2
U2798,112,FUSE1,431269.4648,431269.4648,436339.3986,5069.9338,5069.9338,1003.0,0.197833,1,p:1.1.5.2.3.1
U2799,112,FUSE1,431295.8648,431295.8648,434370.1648,3074.3,3074.3,1003.0,0.326253,1,p:2.3.5.1.2.2
U2800,112,FUSE1,431385.4648,431385.4648,436688.9986,5303.5338,5303.5338,1003.0,0.189119,1,p:1.2.1.2.3.1
U2801,112,FUSE1,431411.8648,431411.8648,436144.5986,4732.7338,4732.7338,1003.0,0.211928,1,p:2.1.4.2.3.2
U2802,112,FUSE1,431501.4648,431501.4648,434602.1648,3100.7,3100.7,1003.0,0.323475,1,p:1.3.1.1.3.2
U2803,112,FUSE2,431527.8648,431527.8648,436378.1986,4850.3338,4850.3338,1035.4,0.21347,1,p:2.2.3.2.2.2
U2804,112,FUSE2,431617.4648,431617.4648,436260.5986,4643.1338,4643.1338,1035.4,0.222996,1,p:1.1.2.1.1.2
U2805,112,FUSE2,431643.8648,431643.8648,435182.1648,3538.3,3538.3,1035.4,0.292626,1,p:2.3.3.2.3.2
U2806,112,FUSE2,431733.4648,431733.4648,437154.5986,5421.1338,5421.1338,1035.4,0.190993,1,p:1.2.5.2.1.1
U2807,112,FUSE2,431759.8648,431759.8648,436455.3986,4695.5338,4695.5338,1035.4,0.220507,1,p:2.1.1.1.1.1
U2808,112,FUSE2,431849.4648,431849.4648,435199.7648,3350.3,3350.3,1035.4,0.309047,1,p:1.3.1.2.1.1
U2809,112,FUSE2,431875.8648,431875.8648,436610.1986,4734.3338,4734.3338,1035.4,0.2187,1,p:2.2.4.1.1.2
U2810,112,FUSE2,431965.4648,431965.4648,436843.7986,4878.3338,4878.3338,1035.4,0.212245,1,p:1.1.3.1.3.2
U2811,112,FUSE2,431991.8648,431991.8648,435530.1648,3538.3,3538.3,1035.4,0.292626,1,p:2.3.3.2.3.2
U1811,73,FUSE0,432081.4648,432081.4648,436223.3986,4141.9338,4141.9338,941.0,0.227189,1,p:1.2.2.1.2.1
U1812,73,FUSE0,432107.8648,432107.8648,436959.7986,4851.9338,4851.9338,941.0,0.193943,1,p:2.1.5.1.1.2
U1813,73,FUSE0,432197.4648,432197.4648,435414.1648,3216.7,3216.7,941.0,0.292536,1,p:1.3.5.1.3.2
U1814,73,FUSE0,432223.8648,432223.8648,436727.7986,4503.9338,4503.9338,941.0,0.208928,1,p:2.2.1.2.2.2
U1815,73,FUSE0,432313.4648,432313.4648,437737.7986,5424.3338,5424.3338,941.0,0.173478,1,p:1.1.5.2.3.1
U1816,73,FUSE0,432339.8648,432339.8648,435989.7986,3649.9338,3649.9338,941.0,0.257813,1,p:2.3.3.2.3.1
U1817,73,FUSE0,432429.4648,432429.4648,436572.9986,4143.5338,4143.5338,941.0,0.227101,1,p:1.2.2.1.2.1
U1818,73,FUSE0,432455.8648,432455.8648,437077.3986,4621.5338,4621.5338,941.0,0.203612,1,p:2.1.4.2.2.2
U1819,73,FUSE1,432545.4648,432545.4648,435646.1648,3100.7,3100.7,1003.0,0.323475,1,p:1.3.2.2.3.2
U1820,73,FUSE1,432571.8648,432571.8648,437309.3986,4737.5338,4737.5338,1003.0,0.211714,1,p:2.2.1.1.1.2
U1821,73,FUSE1,432661.4648,432661.4648,436922.5986,4261.1338,4261.1338,1003.0,0.235383,1,p:1.1.3.1.2.1
U1822,73,FUSE1,432687.8648,432687.8648,435724.1648,3036.3,3036.3,1003.0,0.330336,1,p:2.3.1.1.1.1
U1823,73,FUSE1,432777.4648,432777.4648,437542.9986,4765.5338,4765.5338,1003.0,0.21047,1,p:1.2.5.1.3.2
U1824,73,FUSE1,432803.8648,432803.8648,438087.3986,5283.5338,5283.5338,1003.0,0.189835,1,p:2.1.2.2.3.1
U1825,73,FUSE1,432893.4648,432893.4648,436494.1986,3600.7338,3600.7338,1003.0,0.278554,1,p:1.3.3.2.3.2
U1826,73,FUSE1,432919.8648,432919.8648,437658.9986,4739.1338,4739.1338,1003.0,0.211642,1,p:2.2.1.1.1.2
U1827,73,FUSE2,433009.4648,433009.4648,438203.3986,5193.9338,5193.9338,1035.4,0.199348,1,p:1.1.4.2.1.1
U1828,73,FUSE2,433035.8648,433035.8648,436804.9986,3769.1338,3769.1338,1035.4,0.274705,1,p:2.3.5.2.1.1
U1829,73,FUSE2,433125.4648,433125.4648,437272.1986,4146.7338,4146.7338,1035.4,0.24969,1,p:1.2.3.1.2.1
U1830,73,FUSE2,433151.8648,433151.8648,438436.9986,5285.1338,5285.1338,1035.4,0.195908,1,p:2.1.2.2.3.1
U1831,73,FUSE2,433241.4648,433241.4648,436105.7986,2864.3338,2864.3338,1035.4,0.36148,1,p:1.3.4.1.1.1
U1832,73,FUSE2,433267.8648,433267.8648,438126.1986,4858.3338,4858.3338,1035.4,0.213118,1,p:2.2.1.2.2.2
U1833,73,FUSE2,433357.4648,433357.4648,438552.9986,5195.5338,5195.5338,1035.4,0.199287,1,p:1.1.5.2.1.1
U3037,122,FUSE0,433387.0648,433387.0648,437038.5986,3651.5338,3651.5338,941.0,0.2577,1,p:2.3.2.2.3.1
U3038,122,FUSE0,433473.4648,433473.4648,437621.7986,4148.3338,4148.3338,941.0,0.226838,1,p:1.2.4.1.2.1
U3039,122,FUSE0,433503.0648,433503.0648,438242.1986,4739.1338,4739.1338,941.0,0.198559,1,p:2.1.2.1.3.2
U3040,122,FUSE0,433589.4648,433589.4648,437388.1986,3798.7338,3798.7338,941.0,0.247714,1,p:1.3.4.2.3.1
U3041,122,FUSE0,433619.0648,433619.0648,437971.3986,4352.3338,4352.3338,941.0,0.216206,1,p:2.2.1.1.2.1
U3042,122,FUSE0,433705.4648,433705.4648,438902.5986,5197.1338,5197.1338,941.0,0.181061,1,p:1.1.3.2.1.1
U3043,122,FUSE0,433735.0648,433735.0648,437504.1986,3769.1338,3769.1338,941.0,0.249659,1,p:2.3.1.2.1.1
U3044,122,FUSE1,433821.4648,433821.4648,438591.7986,4770.3338,4770.3338,1003.0,0.210258,1,p:1.2.5.1.3.2
U3045,122,FUSE1,433851.0648,433851.0648,438707.7986,4856.7338,4856.7338,1003.0,0.206517,1,p:2.1.4.1.1.2
U3046,122,FUSE1,433937.4648,433937.4648,437193.3986,3255.9338,3255.9338,1003.0,0.308053,1,p:1.3.3.1.3.2
U3047,122,FUSE1,433967.0648,433967.0648,438475.7986,4508.7338,4508.7338,1003.0,0.222457,1,p:2.2.2.2.2.2
U3048,122,FUSE1,434053.4648,434053.4648,439485.7986,5432.3338,5432.3338,1003.0,0.184635,1,p:1.1.1.2.3.1
U3049,122,FUSE1,434083.0648,434083.0648,437853.7986,3770.7338,3770.7338,1003.0,0.265996,1,p:2.3.2.2.1.1
U3050,122,FUSE1,434169.4648,434169.4648,438320.9986,4151.5338,4151.5338,1003.0,0.241597,1,p:1.2.3.1.2.1
U3051,122,FUSE2,434199.0648,434199.0648,438670.5986,4471.5338,4471.5338,1035.4,0.231554,1,p:2.1.5.1.2.1
U3052,122,FUSE2,434285.4648,434285.4648,437426.9986,3141.5338,3141.5338,1035.4,0.329584,1,p:1.3.4.2.2.2
U3053,122,FUSE2,434315.0648,434315.0648,438825.3986,4510.3338,4510.3338,1035.4,0.229562,1,p:2.2.4.2.2.2
U3054,122,FUSE2,434401.4648,434401.4648,439290.9986,4889.5338,4889.5338,1035.4,0.211758,1,p:1.1.2.1.3.2
U3055,122,FUSE2,434431.0648,434431.0648,437892.5986,3461.5338,3461.5338,1035.4,0.299116,1,p:2.3.5.1.3.2
U3056,122,FUSE2,434517.4648,434517.4648,439406.9986,4889.5338,4889.5338,1035.4,0.211758,1,p:1.2.1.1.1.2
U3057,122,FUSE2,434547.0648,434547.0648,439951.3986,5404.3338,5404.3338,1035.4,0.191587,1,p:2.1.5.2.1.1
U3058,122,FUSE2,434633.4648,434633.4648,439174.9986,4541.5338,4541.5338,1035.4,0.227985,1,p:1.2.3.2.2.2
U3268,131,FUSE0,434663.0648,434663.0648,439835.3986,5172.3338,5172.3338,941.0,0.181929,1,p:2.1.2.2.3.1
U3269,131,FUSE0,434749.4648,434749.4648,437776.5986,3027.1338,3027.1338,941.0,0.310855,1,p:1.3.1.2.2.2
U3270,131,FUSE0,434779.0648,434779.0648,439020.1986,4241.1338,4241.1338,941.0,0.221875,1,p:2.2.4.1.2.1
U3271,131,FUSE0,434865.4648,434865.4648,439756.5986,4891.1338,4891.1338,941.0,0.192389,1,p:1.1.5.1.1.2
U3272,131,FUSE0,434895.0648,434895.0648,438008.5986,3113.5338,3113.5338,941.0,0.302229,1,p:2.3.3.1.1.2
U3273,131,FUSE0,434981.4648,434981.4648,439990.1986,5008.7338,5008.7338,941.0,0.187872,1,p:1.2.1.1.3.2
U3274,131,FUSE0,435056.2648,435056.2648,440339.7986,5283.5338,5283.5338,941.0,0.1781,1,p:2.1.3.2.3.2
U3275,131,FUSE0,435097.4648,435097.4648,438358.1986,3260.7338,3260.7338,941.0,0.288585,1,p:1.3.3.1.1.2
U3276,131,FUSE0,435213.4648,435213.4648,440184.9986,4971.5338,4971.5338,941.0,0.189278,1,p:2.1.4.1.3.1
U3277,131,FUSE1,435231.0648,435231.0648,439369.7986,4138.7338,4138.7338,1003.0,0.242345,1,p:1.2.2.1.2.1
U3278,131,FUSE1,435329.4648,435329.4648,439874.1986,4544.7338,4544.7338,1003.0,0.220695,1,p:2.2.5.2.2.2
U3279,131,FUSE1,435405.8648,435405.8648,440068.9986,4663.1338,4663.1338,1003.0,0.215091,1,p:1.1.1.1.2.1
U3280,131,FUSE1,435445.4648,435445.4648,438786.5986,3341.1338,3341.1338,1003.0,0.300197,1,p:2.3.4.2.3.1
U3281,131,FUSE1,435561.4648,435561.4648,440534.5986,4973.1338,4973.1338,1003.0,0.201684,1,p:1.1.2.1.3.1
U3282,131,FUSE1,435580.6648,435580.6648,439719.3986,4138.7338,4138.7338,1003.0,0.242345,1,p:2.2.3.1.2.1
U3283,131,FUSE1,435677.4648,435677.4648,440650.5986,4973.1338,4973.1338,1003.0,0.201684,1,p:1.1.4.1.1.1
U3284,131,FUSE1,435755.4648,435755.4648,440300.9986,4545.5338,4545.5338,1003.0,0.220656,1,p:2.2.4.1.1.1
U3285,131,FUSE1,435814.2648,435814.2648,439136.1986,3321.9338,3321.9338,1003.0,0.301933,1,p:1.3.1.2.3.1
U3286,131,FUSE2,435905.0986,435905.0986,440884.1986,4979.1,4979.1,1035.4,0.207949,1,p:2.1.3.1.3.1
U3287,131,FUSE2,435930.2648,435930.2648,440418.5986,4488.3338,4488.3338,1035.4,0.230687,1,p:1.2.1.1.2.1
U3288,131,FUSE2,436021.0986,436021.0986,441504.5986,5483.5,5483.5,1035.4,0.188821,1,p:2.1.1.2.1.2
U3289,131,FUSE2,436059.8986,436059.8986,439252.1986,3192.3,3192.3,1035.4,0.324343,1,p:1.3.5.2.1.1
U3290,131,FUSE2,436137.0986,436137.0986,440573.3986,4436.3,4436.3,1035.4,0.233393,1,p:2.2.2.2.2.2
U3291,131,FUSE2,436175.8986,436175.8986,441233.7986,5057.9,5057.9,1035.4,0.204709,1,p:1.1.5.1.3.1
U3292,131,FUSE2,436254.6986,436254.6986,438941.3986,2686.7,2686.7,1035.4,0.38538,1,p:2.3.2.1.3.2
U3293,131,FUSE2,436291.8986,436291.8986,441388.5986,5096.7,5096.7,1035.4,0.203151,1,p:1.2.4.2.3.2
U3294,131,FUSE2,436370.6986,436370.6986,441349.7986,4979.1,4979.1,1035.4,0.207949,1,p:2.1.3.1.1.1
U5119,205,FUSE0,436409.4986,436409.4986,439057.3986,2647.9,2647.9,941.0,0.355376,1,p:1.3.3.1.1.2
U5120,205,FUSE0,436486.6986,436486.6986,441000.1986,4513.5,4513.5,941.0,0.208486,1,p:2.2.3.1.1.1
U5121,205,FUSE0,436525.4986,436525.4986,441699.3986,5173.9,5173.9,941.0,0.181874,1,p:1.1.1.1.1.1
U5122,205,FUSE0,436604.2986,436604.2986,439601.7986,2997.5,2997.5,941.0,0.313928,1,p:2.3.4.2.1.1
U5123,205,FUSE0,436641.4986,436641.4986,441583.3986,4941.9,4941.9,941.0,0.190413,1,p:1.2.1.1.3.1
U5124,205,FUSE0,436720.2986,436720.2986,441117.7986,4397.5,4397.5,941.0,0.213985,1,p:2.1.3.1.2.1
U5125,205,FUSE0,436759.0986,436759.0986,439524.5986,2765.5,2765.5,941.0,0.340264,1,p:1.3.1.2.2.2
U5126,205,FUSE0,436836.2986,436836.2986,441272.5986,4436.3,4436.3,941.0,0.212114,1,p:2.2.5.2.2.2
U5127,205,FUSE1,436875.0986,436875.0986,441932.9986,5057.9,5057.9,1003.0,0.198304,1,p:1.1.4.1.3.1
U5128,205,FUSE1,436953.8986,436953.8986,439640.5986,2686.7,2686.7,1003.0,0.37332,1,p:2.3.3.1.3.2
U5129,205,FUSE1,436991.0986,436991.0986,442087.7986,5096.7,5096.7,1003.0,0.196794,1,p:1.2.2.2.3.2
U5130,205,FUSE1,437069.8986,437069.8986,442048.9986,4979.1,4979.1,1003.0,0.201442,1,p:2.1.5.1.1.1
U5131,205,FUSE1,437108.6986,437108.6986,440106.1986,2997.5,2997.5,1003.0,0.334612,1,p:1.3.4.2.1.2
U5132,205,FUSE1,437185.8986,437185.8986,441467.3986,4281.5,4281.5,1003.0,0.234264,1,p:2.2.1.1.2.1
U5133,205,FUSE1,437224.6986,437224.6986,441816.9986,4592.3,4592.3,1003.0,0.218409,1,p:1.1.3.1.2.1
U5134,205,FUSE1,437303.4986,437303.4986,440689.3986,3385.9,3385.9,1003.0,0.296228,1,p:2.3.1.2.3.2
U5135,205,FUSE2,437340.6986,437340.6986,442437.3986,5096.7,5096.7,1035.4,0.203151,1,p:1.2.2.2.3.2
U5136,205,FUSE2,437419.4986,437419.4986,442398.5986,4979.1,4979.1,1035.4,0.207949,1,p:2.1.5.1.1.1
U5137,205,FUSE2,437458.2986,437458.2986,440455.7986,2997.5,2997.5,1035.4,0.345421,1,p:1.3.2.2.1.2
U5138,205,FUSE2,437535.4986,437535.4986,442282.5986,4747.1,4747.1,1035.4,0.218112,1,p:2.2.4.1.3.1
U5139,205,FUSE2,437574.2986,437574.2986,442321.3986,4747.1,4747.1,1035.4,0.218112,1,p:1.1.3.2.2.2
U5140,205,FUSE2,437653.0986,437653.0986,440223.7986,2570.7,2570.7,1035.4,0.40277,1,p:2.3.5.2.2.2
U5141,205,FUSE2,437690.2986,437690.2986,442553.3986,4863.1,4863.1,1035.4,0.212909,1,p:1.2.2.2.1.2
U2658,107,FUSE0,437769.0986,437769.0986,442748.1986,4979.1,4979.1,941.0,0.18899,1,p:2.1.4.1.1.1
U2659,107,FUSE0,437807.8986,437807.8986,440805.3986,2997.5,2997.5,941.0,0.313928,1,p:1.3.3.2.1.2
U2660,107,FUSE0,437885.0986,437885.0986,443136.5986,5251.5,5251.5,941.0,0.179187,1,p:2.2.1.2.3.2
U2661,107,FUSE0,437923.8986,437923.8986,442670.9986,4747.1,4747.1,941.0,0.198226,1,p:1.1.5.2.2.2
U2662,107,FUSE0,438002.6986,438002.6986,441038.9986,3036.3,3036.3,941.0,0.309917,1,p:2.3.5.2.3.2
U2663,107,FUSE0,438039.8986,438039.8986,442166.5986,4126.7,4126.7,941.0,0.228027,1,p:1.2.5.1.2.1
U2664,107,FUSE0,438118.6986,438118.6986,442865.7986,4747.1,4747.1,941.0,0.198226,1,p:2.1.1.1.2.1
U2665,107,FUSE0,438157.4986,438157.4986,441154.9986,2997.5,2997.5,941.0,0.313928,1,p:1.3.5.2.1.2
U2666,107,FUSE0,438234.6986,438234.6986,442981.7986,4747.1,4747.1,941.0,0.198226,1,p:2.2.3.1.3.1
U2667,107,FUSE1,438273.4986,438273.4986,443020.5986,4747.1,4747.1,1003.0,0.211287,1,p:1.1.2.2.2.2
U2668,107,FUSE1,438352.2986,438352.2986,440922.9986,2570.7,2570.7,1003.0,0.390166,1,p:2.3.2.2.2.2
U2669,107,FUSE1,438389.4986,438389.4986,443252.5986,4863.1,4863.1,1003.0,0.206247,1,p:1.2.4.2.1.2
U2670,107,FUSE1,438468.2986,438468.2986,443447.3986,4979.1,4979.1,1003.0,0.201442,1,p:2.1.5.1.1.1
U2671,107,FUSE1,438507.0986,438507.0986,440768.1986,2261.1,2261.1,1003.0,0.443589,1,p:1.3.4.1.2.1
U2672,107,FUSE1,438584.2986,438584.2986,443486.1986,4901.9,4901.9,1003.0,0.204615,1,p:2.2.5.2.3.2
U2673,107,FUSE1,438623.0986,438623.0986,444018.5648,5395.4662,5395.4662,1003.0,0.185897,1,p:1.1.1.1.3.1
U2674,107,FUSE1,438701.8986,438701.8986,441738.1986,3036.3,3036.3,1003.0,0.330336,1,p:2.3.2.2.3.2
U2675,107,FUSE1,438739.0986,438739.0986,443680.9986,4941.9,4941.9,1003.0,0.202958,1,p:1.2.1.1.3.1
U2676,107,FUSE2,438817.8986,438817.8986,444193.3648,5375.4662,5375.4662,1035.4,0.192616,1,p:2.1.3.2.3.1
U2677,107,FUSE2,438856.6986,438856.6986,441854.1986,2997.5,2997.5,1035.4,0.345421,1,p:1.3.4.2.1.2
U2678,107,FUSE2,438933.8986,438933.8986,443215.3986,4281.5,4281.5,1035.4,0.241831,1,p:2.2.2.1.2.1
U2679,107,FUSE2,438972.6986,438972.6986,444580.1648,5607.4662,5607.4662,1035.4,0.184647,1,p:1.1.1.2.3.1
U2680,107,FUSE2,439051.4986,439051.4986,441622.1986,2570.7,2570.7,1035.4,0.40277,1,p:2.3.5.2.2.2
U2681,107,FUSE2,439088.6986,439088.6986,443919.7648,4831.0662,4831.0662,1035.4,0.214321,1,p:1.2.5.2.1.2
U2682,107,FUSE2,439167.4986,439167.4986,444094.5648,4927.0662,4927.0662,1035.4,0.210145,1,p:2.1.3.1.1.2
U2683,107,FUSE2,439206.2986,439206.2986,442203.7986,2997.5,2997.5,1035.4,0.345421,1,p:1.3.3.2.1.2
U2684,107,FUSE2,439283.4986,439283.4986,444210.5648,4927.0662,4927.0662,1035.4,0.210145,1,p:2.2.4.2.2.2
U1079,44,FUSE0,439322.2986,439322.2986,444464.1648,5141.8662,5141.8662,941.0,0.183007,1,p:1.1.5.2.1.1
U1080,44,FUSE0,439401.0986,439401.0986,441971.7986,2570.7,2570.7,941.0,0.366048,1,p:2.3.1.2.2.2
U1081,44,FUSE0,439438.2986,439438.2986,444326.5648,4888.2662,4888.2662,941.0,0.192502,1,p:1.2.2.2.1.2
U1082,44,FUSE0,439517.0986,439517.0986,445138.5648,5621.4662,5621.4662,941.0,0.167394,1,p:2.1.1.1.3.2
U1083,44,FUSE0,439555.8986,439555.8986,442632.1986,3076.3,3076.3,941.0,0.305887,1,p:1.3.1.1.3.1
U1084,44,FUSE0,439633.0986,439633.0986,444790.5648,5157.4662,5157.4662,941.0,0.182454,1,p:2.2.1.1.3.2
U1085,44,FUSE0,439671.8986,439671.8986,445279.3648,5607.4662,5607.4662,941.0,0.167812,1,p:1.1.2.2.3.1
U1086,44,FUSE0,439750.6986,439750.6986,442786.9986,3036.3,3036.3,941.0,0.309917,1,p:2.3.4.2.3.2
U1087,44,FUSE0,439787.8986,439787.8986,444674.5648,4886.6662,4886.6662,941.0,0.192565,1,p:1.2.3.2.1.2
U1088,44,FUSE1,439866.6986,439866.6986,444558.5648,4691.8662,4691.8662,1003.0,0.213774,1,p:2.1.4.1.2.2
U1089,44,FUSE1,439905.4986,439905.4986,442902.9986,2997.5,2997.5,1003.0,0.334612,1,p:1.3.2.2.1.2
U1090,44,FUSE1,439982.6986,439982.6986,444929.7648,4947.0662,4947.0662,1003.0,0.202746,1,p:2.2.5.1.3.1
U1091,44,FUSE1,440021.4986,440021.4986,445834.5648,5813.0662,5813.0662,1003.0,0.172542,1,p:1.1.1.1.3.2
U1092,44,FUSE1,440100.2986,440100.2986,443097.7986,2997.5,2997.5,1003.0,0.334612,1,p:2.3.1.1.1.1
U1093,44,FUSE1,440137.4986,440137.4986,444906.5648,4769.0662,4769.0662,1003.0,0.210314,1,p:1.2.1.2.2.2
U1094,44,FUSE1,440216.2986,440216.2986,445978.5648,5762.2662,5762.2662,1003.0,0.174063,1,p:2.1.2.2.3.1
U1095,44,FUSE1,440255.0986,440255.0986,442516.1986,2261.1,2261.1,1003.0,0.443589,1,p:1.3.2.1.2.1
U1096,44,FUSE1,440332.2986,440332.2986,445628.9648,5296.6662,5296.6662,1003.0,0.189364,1,p:2.2.2.2.3.1
U1097,44,FUSE2,440371.0986,440371.0986,445047.1012,4676.0026,4676.0026,1035.4,0.221428,1,p:1.1.3.1.2.1
U1098,44,FUSE2,440449.8986,440449.8986,443331.3986,2881.5,2881.5,1035.4,0.359327,1,p:2.3.3.1.3.1
U1099,44,FUSE2,440487.0986,440487.0986,445370.5648,4883.4662,4883.4662,1035.4,0.212022,1,p:1.2.4.2.1.2
U1100,44,FUSE2,440565.8986,440565.8986,445718.5648,5152.6662,5152.6662,1035.4,0.200945,1,p:2.1.2.2.1.2
U1101,44,FUSE2,440604.6986,440604.6986,443602.1986,2997.5,2997.5,1035.4,0.345421,1,p:1.3.4.2.1.2
U1102,44,FUSE2,440681.8986,440681.8986,446182.5648,5500.6662,5500.6662,1035.4,0.188232,1,p:2.2.1.1.3.2
U1103,44,FUSE2,440720.6986,440720.6986,446530.5648,5809.8662,5809.8662,1035.4,0.178214,1,p:1.1.2.1.3.2
U1104,44,FUSE2,440799.4986,440799.4986,443843.7648,3044.2662,3044.2662,1035.4,0.340115,1,p:2.3.3.2.3.1
U001,1,FUSE0,440836.6986,440836.6986,445254.5648,4417.8662,4417.8662,941.0,0.212999,1,p:1.2.4.2.2.2
U002,1,FUSE0,440915.4986,440915.4986,446328.1648,5412.6662,5412.6662,941.0,0.173851,1,p:2.1.5.2.3.1
U003,1,FUSE0,440954.2986,440954.2986,443370.1986,2415.9,2415.9,941.0,0.389503,1,p:1.3.4.2.2.2
U004,1,FUSE0,441031.4986,441031.4986,445950.5648,4919.0662,4919.0662,941.0,0.191296,1,p:2.2.1.2.2.2
U005,1,FUSE0,441070.2986,441070.2986,446066.5648,4996.2662,4996.2662,941.0,0.188341,1,p:1.1.4.2.1.2
U006,1,FUSE0,441149.0986,441149.0986,443744.9648,2595.8662,2595.8662,941.0,0.362499,1,p:2.3.2.1.1.2
U007,1,FUSE0,441186.2986,441186.2986,445396.7012,4210.4026,4210.4026,941.0,0.223494,1,p:1.2.4.1.2.1
U008,1,FUSE0,441265.0986,441265.0986,447226.5648,5961.4662,5961.4662,941.0,0.157847,1,p:2.1.1.1.3.2
U009,1,FUSE0,441303.8986,441303.8986,443564.9986,2261.1,2261.1,941.0,0.416169,1,p:1.3.5.1.2.1
U010,1,FUSE1,441381.0986,441381.0986,445746.3012,4365.2026,4365.2026,1003.0,0.229772,1,p:2.2.3.1.2.1
U011,1,FUSE1,441419.8986,441419.8986,446212.1648,4792.2662,4792.2662,1003.0,0.209296,1,p:1.1.4.1.1.1
U012,1,FUSE1,441498.6986,441498.6986,444442.5648,2943.8662,2943.8662,1003.0,0.340708,1,p:2.3.4.1.3.2
U013,1,FUSE1,441535.8986,441535.8986,446414.5648,4878.6662,4878.6662,1003.0,0.205589,1,p:1.2.2.2.1.2
U014,1,FUSE1,441614.6986,441614.6986,446762.5648,5147.8662,5147.8662,1003.0,0.194838,1,p:2.1.5.2.1.2
U015,1,FUSE1,441653.4986,441653.4986,444347.9012,2694.4026,2694.4026,1003.0,0.372253,1,p:1.3.2.1.2.1
U016,1,FUSE1,441730.6986,441730.6986,447027.3648,5296.6662,5296.6662,1003.0,0.189364,1,p:2.2.3.2.3.1
U017,1,FUSE1,441769.4986,441769.4986,447458.5648,5689.0662,5689.0662,1003.0,0.176303,1,p:1.1.1.2.1.2
U018,1,FUSE1,441848.2986,441848.2986,444813.7648,2965.4662,2965.4662,1003.0,0.338227,1,p:2.3.4.2.1.1
U019,1,FUSE2,441885.4986,441885.4986,446561.7648,4676.2662,4676.2662,1035.4,0.221416,1,p:1.2.2.1.1.1
U020,1,FUSE2,441964.2986,441964.2986,446445.5012,4481.2026,4481.2026,1035.4,0.231054,1,p:2.1.4.1.2.1
U021,1,FUSE2,442003.0986,442003.0986,445486.5648,3483.4662,3483.4662,1035.4,0.297233,1,p:1.3.3.2.3.2
U022,1,FUSE2,442080.2986,442080.2986,447376.9648,5296.6662,5296.6662,1035.4,0.195481,1,p:2.2.3.2.3.1
U023,1,FUSE2,442119.0986,442119.0986,446795.1012,4676.0026,4676.0026,1035.4,0.221428,1,p:1.1.2.1.2.1
U024,1,FUSE2,442197.8986,442197.8986,445022.5648,2824.6662,2824.6662,1035.4,0.366557,1,p:2.3.5.1.1.2
U025,1,FUSE2,442235.0986,442235.0986,447110.5648,4875.4662,4875.4662,1035.4,0.212369,1,p:1.2.5.2.1.2
U026,1,FUSE2,442313.8986,442313.8986,446994.5648,4680.6662,4680.6662,1035.4,0.221208,1,p:2.1.4.2.2.2
U027,1,FUSE2,442352.6986,442352.6986,444697.5012,2344.8026,2344.8026,1035.4,0.441572,1,p:1.3.3.1.2.1
U028,1,FUSE2,442429.8986,442429.8986,447610.5648,5180.6662,5180.6662,1035.4,0.199858,1,p:2.2.1.1.1.1
U4700,188,FUSE0,442468.6986,442468.6986,447922.5648,5453.8662,5453.8662,941.0,0.172538,1,p:1.1.3.1.3.2
U4701,188,FUSE0,442547.4986,442547.4986,445163.3648,2615.8662,2615.8662,941.0,0.359728,1,p:2.3.5.1.1.1
U4702,188,FUSE0,442584.6986,442584.6986,447726.5648,5141.8662,5141.8662,941.0,0.183007,1,p:1.2.3.2.3.1
U4703,188,FUSE0,442663.4986,442663.4986,447806.5648,5143.0662,5143.0662,941.0,0.182965,1,p:2.1.2.2.1.2
U4704,188,FUSE0,442702.2986,442702.2986,445512.9648,2810.6662,2810.6662,941.0,0.334796,1,p:1.3.5.1.1.1
U4705,188,FUSE0,442779.4986,442779.4986,447144.7012,4365.2026,4365.2026,941.0,0.215568,1,p:2.2.2.1.2.1
U4706,188,FUSE0,442818.2986,442818.2986,448425.7648,5607.4662,5607.4662,941.0,0.167812,1,p:1.1.5.2.3.1
U4707,188,FUSE0,442897.0986,442897.0986,445862.5648,2965.4662,2965.4662,941.0,0.317319,1,p:2.3.1.1.1.1
U4708,188,FUSE0,442934.2986,442934.2986,448076.1648,5141.8662,5141.8662,941.0,0.183007,1,p:1.2.4.2.3.1
U4709,188,FUSE1,443013.0986,443013.0986,448618.5648,5605.4662,5605.4662,1003.0,0.178932,1,p:2.1.3.1.3.2
U4710,188,FUSE1,443051.8986,443051.8986,445602.5648,2550.6662,2550.6662,1003.0,0.393231,1,p:1.3.3.2.2.2
U4711,188,FUSE1,443129.0986,443129.0986,448270.5648,5141.4662,5141.4662,1003.0,0.195081,1,p:2.2.3.1.3.2
U4712,188,FUSE1,443167.8986,443167.8986,449124.9648,5957.0662,5957.0662,1003.0,0.168371,1,p:1.1.1.2.3.1
U4713,188,FUSE1,443246.6986,443246.6986,446095.9012,2849.2026,2849.2026,1003.0,0.352028,1,p:2.3.1.1.2.1
U4714,188,FUSE1,443283.8986,443283.8986,448154.5648,4870.6662,4870.6662,1003.0,0.205927,1,p:1.2.2.2.1.2
U4715,188,FUSE1,443362.6986,443362.6986,448502.5648,5139.8662,5139.8662,1003.0,0.195141,1,p:2.1.3.2.1.2
U4716,188,FUSE1,443401.4986,443401.4986,446677.7648,3276.2662,3276.2662,1003.0,0.306141,1,p:1.3.5.2.3.1
U4717,188,FUSE1,443478.6986,443478.6986,448775.3648,5296.6662,5296.6662,1003.0,0.189364,1,p:2.2.4.2.3.1
U4718,188,FUSE2,443517.4986,443517.4986,448193.5012,4676.0026,4676.0026,1035.4,0.221428,1,p:1.1.2.1.2.1
U4719,188,FUSE2,443596.2986,443596.2986,446878.5648,3282.2662,3282.2662,1035.4,0.315453,1,p:2.3.5.1.3.2
U4720,188,FUSE2,443633.4986,443633.4986,448309.7648,4676.2662,4676.2662,1035.4,0.221416,1,p:1.2.5.1.1.1
U4721,188,FUSE2,443712.2986,443712.2986,448850.5648,5138.2662,5138.2662,1035.4,0.201508,1,p:2.1.4.2.1.2
U4722,188,FUSE2,443776.2648,443776.2648,447574.5648,3798.3,3798.3,1035.4,0.272596,1,p:1.3.1.1.3.2
U4723,188,FUSE2,443875.0648,443875.0648,448734.5648,4859.5,4859.5,1035.4,0.213067,1,p:2.1.2.2.2.2
U4724,188,FUSE2,443951.0648,443951.0648,446298.5648,2347.5,2347.5,1035.4,0.441065,1,p:1.3.4.2.2.2
U4725,188,FUSE2,444049.8648,444049.8648,449662.5648,5612.7,5612.7,1035.4,0.184474,1,p:2.1.3.1.3.2
U4726,188,FUSE2,444125.8648,444125.8648,446646.5648,2520.7,2520.7,1035.4,0.410759,1,p:1.3.2.2.2.2
U4727,188,FUSE2,444224.6648,444224.6648,448892.7012,4668.0364,4668.0364,1035.4,0.221806,1,p:2.1.5.1.2.1
U5523,221,FUSE0,444241.8648,444241.8648,449474.5648,5232.7,5232.7,941.0,0.179831,1,p:1.2.1.2.3.1
U5524,221,FUSE0,444357.8648,444357.8648,449430.5648,5072.7,5072.7,941.0,0.185503,1,p:2.1.1.2.2.2
U5525,221,FUSE0,444379.2012,444379.2012,448386.5648,4007.3636,4007.3636,941.0,0.234818,1,p:1.2.3.2.2.2
U5526,221,FUSE0,444473.8648,444473.8648,446911.3648,2437.5,2437.5,941.0,0.386051,1,p:2.3.3.1.1.1
U5527,221,FUSE0,444495.4648,444495.4648,450173.7648,5678.3,5678.3,941.0,0.165719,1,p:1.1.4.2.3.1
U5528,221,FUSE0,444589.8648,444589.8648,449314.5648,4724.7,4724.7,941.0,0.199166,1,p:2.2.3.1.3.2
U5529,221,FUSE0,444611.4648,444611.4648,447260.9648,2649.5,2649.5,941.0,0.355161,1,p:1.3.5.1.1.1
U5530,221,FUSE1,444705.8648,444705.8648,450358.5648,5652.7,5652.7,1003.0,0.177437,1,p:2.1.3.1.3.2
U5531,221,FUSE1,444728.8012,444728.8012,449008.9648,4280.1636,4280.1636,1003.0,0.234337,1,p:1.2.4.1.1.1
U5532,221,FUSE1,444821.8648,444821.8648,447690.5648,2868.7,2868.7,1003.0,0.349636,1,p:2.3.1.2.2.2
U5533,221,FUSE1,444845.0648,444845.0648,450872.9648,6027.9,6027.9,1003.0,0.166393,1,p:1.1.1.2.3.1
U5534,221,FUSE1,444937.8648,444937.8648,449824.1648,4886.3,4886.3,1003.0,0.205268,1,p:2.2.2.2.3.1
U5535,221,FUSE1,444961.0648,444961.0648,447342.5648,2381.5,2381.5,1003.0,0.421163,1,p:1.3.5.2.2.2
U5536,221,FUSE1,445053.8648,445053.8648,450706.5648,5652.7,5652.7,1003.0,0.177437,1,p:2.1.5.1.3.2
U5537,221,FUSE2,445078.4012,445078.4012,450010.5648,4932.1636,4932.1636,1035.4,0.209928,1,p:1.2.3.1.3.2
U5538,221,FUSE2,445169.8648,445169.8648,448038.5648,2868.7,2868.7,1035.4,0.36093,1,p:2.3.1.2.2.2
U5539,221,FUSE2,445194.6648,445194.6648,449941.5012,4746.8364,4746.8364,1035.4,0.218124,1,p:1.1.2.1.2.1
U5540,221,FUSE2,445285.8648,445285.8648,449242.3012,3956.4364,3956.4364,1035.4,0.2617,1,p:2.2.5.1.2.1
U5541,221,FUSE2,445310.6648,445310.6648,447494.3012,2183.6364,2183.6364,1035.4,0.474163,1,p:1.3.4.1.2.1
U5542,221,FUSE2,445401.8648,445401.8648,450590.5648,5188.7,5188.7,1035.4,0.199549,1,p:2.1.4.2.1.2
U5543,221,FUSE2,445428.0012,445428.0012,449708.1648,4280.1636,4280.1636,1035.4,0.241907,1,p:1.2.2.1.1.1
U1221,50,FUSE0,445517.8648,445517.8648,447960.1648,2442.3,2442.3,941.0,0.385293,1,p:2.3.5.1.1.1
U1222,50,FUSE0,445544.2648,445544.2648,451222.5648,5678.3,5678.3,941.0,0.165719,1,p:1.1.3.2.3.1
U1223,50,FUSE0,445633.8648,445633.8648,449894.5648,4260.7,4260.7,941.0,0.220856,1,p:2.2.4.2.1.2
U1224,50,FUSE0,445660.2648,445660.2648,447843.9012,2183.6364,2183.6364,941.0,0.430933,1,p:1.3.2.1.2.1
U1225,50,FUSE0,445749.8648,445749.8648,450938.5648,5188.7,5188.7,941.0,0.181356,1,p:2.1.3.2.1.2
U1226,50,FUSE0,445777.6012,445777.6012,449778.5648,4000.9636,4000.9636,941.0,0.235193,1,p:1.2.2.2.2.2
U1227,50,FUSE0,445865.8648,445865.8648,448966.5648,3100.7,3100.7,941.0,0.30348,1,p:2.3.4.1.3.2
U1228,50,FUSE0,445893.8648,445893.8648,451572.1648,5678.3,5678.3,941.0,0.165719,1,p:1.1.5.2.3.1
U1229,50,FUSE1,445981.8648,445981.8648,451054.5648,5072.7,5072.7,1003.0,0.197725,1,p:2.2.1.1.3.2
U1230,50,FUSE1,446009.8648,446009.8648,448659.3648,2649.5,2649.5,1003.0,0.378562,1,p:1.3.5.1.1.1
U1231,50,FUSE1,446097.8648,446097.8648,451634.5648,5536.7,5536.7,1003.0,0.181155,1,p:2.1.1.2.1.2
U1232,50,FUSE1,446127.2012,446127.2012,450407.3648,4280.1636,4280.1636,1003.0,0.234337,1,p:1.2.5.1.1.1
U1233,50,FUSE1,446213.8648,446213.8648,449198.5648,2984.7,2984.7,1003.0,0.336047,1,p:2.3.1.2.1.2
U1234,50,FUSE1,446243.4648,446243.4648,450990.3012,4746.8364,4746.8364,1003.0,0.211299,1,p:1.1.4.1.2.1
U1235,50,FUSE1,446329.8648,446329.8648,450291.1012,3961.2364,3961.2364,1003.0,0.253204,1,p:2.2.2.1.2.1
U1236,50,FUSE1,446359.4648,446359.4648,448543.1012,2183.6364,2183.6364,1003.0,0.459326,1,p:1.3.5.1.2.1
U1237,50,FUSE2,446445.8648,446445.8648,452098.5648,5652.7,5652.7,1035.4,0.183169,1,p:2.1.5.1.3.2
U1238,50,FUSE2,446476.8012,446476.8012,450756.9648,4280.1636,4280.1636,1035.4,0.241907,1,p:1.2.4.1.1.1
U1239,50,FUSE2,446561.8648,446561.8648,449546.5648,2984.7,2984.7,1035.4,0.346903,1,p:2.3.1.2.1.2
U1240,50,FUSE2,446593.0648,446593.0648,451339.9012,4746.8364,4746.8364,1035.4,0.218124,1,p:1.1.4.1.2.1
U1241,50,FUSE2,446677.8648,446677.8648,450640.7012,3962.8364,3962.8364,1035.4,0.261278,1,p:2.2.2.1.2.1
U1242,50,FUSE2,446709.0648,446709.0648,449082.5648,2373.5,2373.5,1035.4,0.436233,1,p:1.3.4.2.2.2
U1243,50,FUSE2,446793.8648,446793.8648,451982.5648,5188.7,5188.7,1035.4,0.199549,1,p:2.1.5.2.1.2
U1244,50,FUSE2,446826.4012,446826.4012,451106.5648,4280.1636,4280.1636,1035.4,0.241907,1,p:1.2.3.1.1.1
U8276,331,FUSE0,446909.8648,446909.8648,449358.5648,2448.7,2448.7,941.0,0.384286,1,p:2.3.2.1.1.1
U8277,331,FUSE0,446942.6648,446942.6648,452446.5648,5503.9,5503.9,941.0,0.17097,1,p:1.1.4.1.3.2
U8278,331,FUSE0,447025.8648,447025.8648,451750.5648,4724.7,4724.7,941.0,0.199166,1,p:2.2.5.1.3.2
U8279,331,FUSE0,447058.6648,447058.6648,449591.9012,2533.2364,2533.2364,941.0,0.371462,1,p:1.3.1.1.2.1
U8280,331,FUSE0,447141.8648,447141.8648,452330.5648,5188.7,5188.7,941.0,0.181356,1,p:2.1.3.2.1.2
U8281,331,FUSE0,447176.0012,447176.0012,451456.1648,4280.1636,4280.1636,941.0,0.219851,1,p:1.2.2.1.1.1
U8282,331,FUSE0,447257.8648,447257.8648,450523.3648,3265.5,3265.5,941.0,0.288164,1,p:2.3.5.2.3.1
U8283,331,FUSE0,447292.2648,447292.2648,453320.1648,6027.9,6027.9,941.0,0.156107,1,p:1.1.1.2.3.1
U8284,331,FUSE0,447373.8648,447373.8648,452271.3648,4897.5,4897.5,941.0,0.192139,1,p:2.2.3.2.3.1
U8285,331,FUSE1,447408.2648,447408.2648,450057.7648,2649.5,2649.5,1003.0,0.378562,1,p:1.3.3.1.1.1
U8286,331,FUSE1,447489.8648,447489.8648,452678.5648,5188.7,5188.7,1003.0,0.193305,1,p:2.1.4.2.1.2
U8287,331,FUSE1,447525.6012,447525.6012,451866.5648,4340.9636,4340.9636,1003.0,0.231055,1,p:1.2.1.2.2.2
U8288,331,FUSE1,447605.8648,447605.8648,450242.5648,2636.7,2636.7,1003.0,0.3804,1,p:2.3.4.2.1.2
U8289,331,FUSE1,447641.8648,447641.8648,452562.5648,4920.7,4920.7,1003.0,0.203833,1,p:1.1.3.2.2.2
U8290,331,FUSE1,447721.8648,447721.8648,451689.5012,3967.6364,3967.6364,1003.0,0.252795,1,p:2.2.2.1.2.1
U8291,331,FUSE1,447757.8648,447757.8648,450126.5648,2368.7,2368.7,1003.0,0.423439,1,p:1.3.3.2.2.2
U8292,331,FUSE1,447837.8648,447837.8648,453026.5648,5188.7,5188.7,1003.0,0.193305,1,p:2.1.4.2.1.2
U8293,331,FUSE1,447875.2012,447875.2012,452155.3648,4280.1636,4280.1636,1003.0,0.234337,1,p:1.2.5.1.1.1
U8294,331,FUSE2,447953.8648,447953.8648,451402.5648,3448.7,3448.7,1035.4,0.300229,1,p:2.3.1.1.3.2
U8295,331,FUSE2,447991.4648,447991.4648,452910.5648,4919.1,4919.1,1035.4,0.210486,1,p:1.1.3.2.2.2
U8296,331,FUSE2,448069.8648,448069.8648,452970.5648,4900.7,4900.7,1035.4,0.211276,1,p:2.2.2.2.3.1
U8297,331,FUSE2,448107.4648,448107.4648,450474.5648,2367.1,2367.1,1035.4,0.437413,1,p:1.3.5.2.2.2
U8298,331,FUSE2,448185.8648,448185.8648,453553.7648,5367.9,5367.9,1035.4,0.192887,1,p:2.1.1.1.1.1
U8299,331,FUSE2,448224.8012,448224.8012,452214.5648,3989.7636,3989.7636,1035.4,0.259514,1,p:1.2.5.2.2.2
U8300,331,FUSE2,448301.8648,448301.8648,451286.5648,2984.7,2984.7,1035.4,0.346903,1,p:2.3.1.2.1.2
U8301,331,FUSE2,448341.0648,448341.0648,453258.5648,4917.5,4917.5,1035.4,0.210554,1,p:1.1.2.2.2.2
U8302,331,FUSE2,448417.8648,448417.8648,453669.7648,5251.9,5251.9,1035.4,0.197148,1,p:2.2.1.2.3.1
U8303,331,FUSE2,448457.0648,448457.0648,450822.5648,2365.5,2365.5,1035.4,0.437709,1,p:1.3.4.2.2.2
U3918,157,FUSE0,448533.8648,448533.8648,453606.5648,5072.7,5072.7,941.0,0.185503,1,p:2.1.1.2.2.2
U3919,157,FUSE0,448574.4012,448574.4012,452854.5648,4280.1636,4280.1636,941.0,0.219851,1,p:1.2.2.1.1.1
U3920,157,FUSE0,448649.8648,448649.8648,451921.7648,3271.9,3271.9,941.0,0.2876,1,p:2.3.2.2.3.1
U3921,157,FUSE0,448690.6648,448690.6648,454368.9648,5678.3,5678.3,941.0,0.165719,1,p:1.1.2.2.3.1
U3922,157,FUSE0,448765.8648,448765.8648,453490.5648,4724.7,4724.7,941.0,0.199166,1,p:2.2.5.1.3.2
U3923,157,FUSE0,448806.6648,448806.6648,451170.5648,2363.9,2363.9,941.0,0.398071,1,p:1.3.3.2.2.2
U3924,157,FUSE0,448881.8648,448881.8648,454070.5648,5188.7,5188.7,941.0,0.181356,1,p:2.1.2.2.1.2
U3925,157,FUSE0,448924.0012,448924.0012,452738.3012,3814.3,3814.3,941.0,0.246703,1,p:1.2.4.1.2.1
U3926,157,FUSE1,448997.8648,448997.8648,451805.7648,2807.9,2807.9,1003.0,0.357206,1,p:2.3.1.1.1.1
U3927,157,FUSE1,449040.2648,449040.2648,455068.1648,6027.9,6027.9,1003.0,0.166393,1,p:1.1.1.2.3.1
U3928,157,FUSE1,449113.8648,449113.8648,453087.9012,3974.0364,3974.0364,1003.0,0.252388,1,p:2.2.3.1.2.1
U3929,157,FUSE1,449156.2648,449156.2648,451518.5648,2362.3,2362.3,1003.0,0.424586,1,p:1.3.2.2.2.2
U3930,157,FUSE1,449229.8648,449229.8648,454882.5648,5652.7,5652.7,1003.0,0.177437,1,p:2.1.3.1.3.2
U3931,157,FUSE1,449273.6012,449273.6012,453722.5648,4448.9636,4448.9636,1003.0,0.225446,1,p:1.2.5.2.1.2
U3932,157,FUSE1,449345.8648,449345.8648,452620.9648,3275.1,3275.1,1003.0,0.30625,1,p:2.3.3.2.3.1
U3933,157,FUSE1,449389.8648,449389.8648,454302.5648,4912.7,4912.7,1003.0,0.204165,1,p:1.1.5.2.2.2
U3934,157,FUSE1,449461.8648,449461.8648,454186.5648,4724.7,4724.7,1003.0,0.212289,1,p:2.2.4.1.3.2
U3935,157,FUSE2,449505.8648,449505.8648,452039.1012,2533.2364,2533.2364,1035.4,0.408726,1,p:1.3.1.1.2.1
U3936,157,FUSE2,449577.8648,449577.8648,455230.5648,5652.7,5652.7,1035.4,0.183169,1,p:2.1.3.1.3.2
U3937,157,FUSE2,449623.2012,449623.2012,453903.3648,4280.1636,4280.1636,1035.4,0.241907,1,p:1.2.5.1.1.1
U3938,157,FUSE2,449693.8648,449693.8648,452794.5648,3100.7,3100.7,1035.4,0.333925,1,p:2.3.4.1.3.2
U3939,157,FUSE2,449739.4648,449739.4648,454650.5648,4911.1,4911.1,1035.4,0.210829,1,p:1.1.5.2.2.2
U3940,157,FUSE2,449809.8648,449809.8648,454534.5648,4724.7,4724.7,1035.4,0.219146,1,p:2.2.4.1.3.2
U3941,157,FUSE2,449855.4648,449855.4648,452504.9648,2649.5,2649.5,1035.4,0.390791,1,p:1.3.3.1.1.1
U3942,157,FUSE2,449925.8648,449925.8648,455114.5648,5188.7,5188.7,1035.4,0.199549,1,p:2.1.3.2.1.2
U3943,157,FUSE2,449972.8012,449972.8012,454418.5648,4445.7636,4445.7636,1035.4,0.232896,1,p:1.2.2.2.1.2
U6619,265,FUSE0,450041.8648,450041.8648,453142.5648,3100.7,3100.7,941.0,0.30348,1,p:2.3.2.1.3.2
U6620,265,FUSE0,450089.0648,450089.0648,455767.3648,5678.3,5678.3,941.0,0.165719,1,p:1.1.5.2.3.1
U6621,265,FUSE0,450157.8648,450157.8648,454766.5648,4608.7,4608.7,941.0,0.204179,1,p:2.2.1.2.1.2
U6622,265,FUSE0,450205.0648,450205.0648,452388.7012,2183.6364,2183.6364,941.0,0.430933,1,p:1.3.5.1.2.1
U6623,265,FUSE0,450273.8648,450273.8648,455301.7648,5027.9,5027.9,941.0,0.187156,1,p:2.1.2.1.1.1
U6624,265,FUSE0,450322.4012,450322.4012,454602.5648,4280.1636,4280.1636,941.0,0.219851,1,p:1.2.4.1.1.1
U6625,265,FUSE0,450389.8648,450389.8648,453374.5648,2984.7,2984.7,941.0,0.315275,1,p:2.3.1.2.1.2
U6626,265,FUSE0,450438.6648,450438.6648,455185.5012,4746.8364,4746.8364,941.0,0.198237,1,p:1.1.2.1.2.1
U6627,265,FUSE0,450505.8648,450505.8648,455417.7648,4911.9,4911.9,941.0,0.191576,1,p:2.2.2.2.3.1
U6628,265,FUSE1,450554.6648,450554.6648,453204.1648,2649.5,2649.5,1003.0,0.378562,1,p:1.3.2.1.1.1
U6629,265,FUSE1,450621.8648,450621.8648,456274.5648,5652.7,5652.7,1003.0,0.177437,1,p:2.1.5.1.3.2
U6630,265,FUSE1,450672.0012,450672.0012,454998.5648,4326.5636,4326.5636,1003.0,0.231824,1,p:1.2.1.2.2.2
U6631,265,FUSE1,450737.8648,450737.8648,453838.5648,3100.7,3100.7,1003.0,0.323475,1,p:2.3.5.1.3.2
U6632,265,FUSE1,450788.2648,450788.2648,456042.5648,5254.3,5254.3,1003.0,0.190891,1,p:1.1.1.2.2.2
U6633,265,FUSE1,450853.8648,450853.8648,454835.9012,3982.0364,3982.0364,1003.0,0.251881,1,p:2.2.4.1.2.1
U6634,265,FUSE1,450904.2648,450904.2648,454019.3648,3115.1,3115.1,1003.0,0.32198,1,p:1.3.4.2.3.1
U6635,265,FUSE1,450969.8648,450969.8648,456158.5648,5188.7,5188.7,1003.0,0.193305,1,p:2.1.5.2.1.2
U6636,265,FUSE1,451021.6012,451021.6012,455462.5648,4440.9636,4440.9636,1003.0,0.225852,1,p:1.2.3.2.1.2
U6637,265,FUSE2,451085.8648,451085.8648,453437.5012,2351.6364,2351.6364,1035.4,0.440289,1,p:2.3.3.1.2.1
U6638,265,FUSE2,451137.8648,451137.8648,456234.3012,5096.4364,5096.4364,1035.4,0.203162,1,p:1.1.1.1.2.1
U6639,265,FUSE2,451201.8648,451201.8648,456116.9648,4915.1,4915.1,1035.4,0.210657,1,p:2.2.4.2.3.1
U6640,265,FUSE2,451253.8648,451253.8648,453787.1012,2533.2364,2533.2364,1035.4,0.408726,1,p:1.3.1.1.2.1
U6641,265,FUSE2,451317.8648,451317.8648,456970.9648,5653.1,5653.1,1035.4,0.183156,1,p:2.1.3.1.3.2
U6642,265,FUSE2,451371.2012,451371.2012,455810.5648,4439.3636,4439.3636,1035.4,0.233232,1,p:1.2.3.2.1.2
U6643,265,FUSE2,451433.8648,451433.8648,454718.5648,3284.7,3284.7,1035.4,0.315219,1,p:2.3.3.2.3.1
U6644,265,FUSE2,451487.4648,451487.4648,456390.5648,4903.1,4903.1,1035.4,0.211173,1,p:1.1.5.2.2.2
U6645,265,FUSE2,451549.8648,451549.8648,456466.5648,4916.7,4916.7,1035.4,0.210588,1,p:2.2.2.2.3.1
U6646,265,FUSE2,451603.4648,451603.4648,453954.5648,2351.1,2351.1,1035.4,0.44039,1,p:1.3.5.2.2.2
U854,35,FUSE0,451665.8648,451665.8648,456700.1648,5034.3,5034.3,941.0,0.186918,1,p:2.1.3.1.1.1
U855,35,FUSE0,451720.8012,451720.8012,456000.9648,4280.1636,4280.1636,941.0,0.219851,1,p:1.2.4.1.1.1
U856,35,FUSE0,451781.8648,451781.8648,454252.9648,2471.1,2471.1,941.0,0.380802,1,p:2.3.4.1.1.1
U857,35,FUSE0,451837.0648,451837.0648,457436.5648,5599.5,5599.5,941.0,0.168051,1,p:1.1.1.2.1.2
U858,35,FUSE0,451897.8648,451897.8648,456622.5648,4724.7,4724.7,941.0,0.199166,1,p:2.2.3.1.3.2
U859,35,FUSE0,451953.0648,451953.0648,454136.7012,2183.6364,2183.6364,941.0,0.430933,1,p:1.3.2.1.2.1
U860,35,FUSE0,452013.8648,452013.8648,456738.7012,4724.8364,4724.8364,941.0,0.19916,1,p:2.1.2.2.2.2
U861,35,FUSE0,452070.4012,452070.4012,456350.5648,4280.1636,4280.1636,941.0,0.219851,1,p:1.2.5.1.1.1
U862,35,FUSE1,452129.8648,452129.8648,454952.1648,2822.3,2822.3,1003.0,0.355384,1,p:2.3.1.1.1.1
U863,35,FUSE1,452186.6648,452186.6648,457900.5648,5713.9,5713.9,1003.0,0.175537,1,p:1.1.4.1.3.2
U864,35,FUSE1,452245.8648,452245.8648,457165.7648,4919.9,4919.9,1003.0,0.203866,1,p:2.2.4.2.3.1
U865,35,FUSE1,452302.6648,452302.6648,454486.3012,2183.6364,2183.6364,1003.0,0.459326,1,p:1.3.4.1.2.1
U866,35,FUSE1,452361.8648,452361.8648,457552.5648,5190.7,5190.7,1003.0,0.19323,1,p:2.1.2.2.2.2
U867,35,FUSE1,452420.0012,452420.0012,456854.9648,4434.9636,4434.9636,1003.0,0.226157,1,p:1.2.2.2.1.2
U868,35,FUSE1,452477.8648,452477.8648,455578.5648,3100.7,3100.7,1003.0,0.323475,1,p:2.3.2.1.3.2
U869,35,FUSE1,452536.2648,452536.2648,457784.5648,5248.3,5248.3,1003.0,0.19111,1,p:1.1.1.2.2.2
U870,35,FUSE2,452593.8648,452593.8648,456583.9012,3990.0364,3990.0364,1035.4,0.259496,1,p:2.2.5.1.2.1
U871,35,FUSE2,452652.2648,452652.2648,455346.5648,2694.3,2694.3,1035.4,0.384293,1,p:1.3.1.2.2.2
U872,35,FUSE2,452709.8648,452709.8648,458271.7648,5561.9,5561.9,1035.4,0.186159,1,p:2.1.2.2.3.1
U873,35,FUSE2,452769.6012,452769.6012,457049.7648,4280.1636,4280.1636,1035.4,0.241907,1,p:1.2.3.1.1.1
U874,35,FUSE2,452825.8648,452825.8648,455926.5648,3100.7,3100.7,1035.4,0.333925,1,p:2.3.5.1.3.2
U875,35,FUSE2,452885.8648,452885.8648,458952.5648,6066.7,6066.7,1035.4,0.170669,1,p:1.1.5.1.1.2
U876,35,FUSE2,452941.8648,452941.8648,458132.5648,5190.7,5190.7,1035.4,0.199472,1,p:2.2.1.2.1.2
U877,35,FUSE2,453001.8648,453001.8648,455694.5648,2692.7,2692.7,1035.4,0.384521,1,p:1.3.1.2.2.2
U5042,202,FUSE0,453057.8648,453057.8648,459288.8954,6231.0307,6231.0307,941.0,0.151018,1,p:2.1.2.1.3.2
U5043,202,FUSE0,453119.2012,453119.2012,457652.9648,4533.7636,4533.7636,941.0,0.207554,1,p:1.2.5.2.3.1
U5044,202,FUSE0,453173.8648,453173.8648,455651.3648,2477.5,2477.5,941.0,0.379818,1,p:2.3.4.1.1.1
U5045,202,FUSE0,453235.4648,453235.4648,459127.3648,5891.9,5891.9,941.0,0.159711,1,p:1.1.4.2.1.2
U5046,202,FUSE0,453289.8648,453289.8648,457923.7648,4633.9,4633.9,941.0,0.203069,1,p:2.2.5.1.1.1
U5047,202,FUSE0,453351.4648,453351.4648,455535.1012,2183.6364,2183.6364,941.0,0.430933,1,p:1.3.3.1.2.1
U5048,202,FUSE0,453405.8648,453405.8648,459483.6954,6077.8307,6077.8307,941.0,0.154825,1,p:2.1.3.2.3.1
U5049,202,FUSE0,453468.8012,453468.8012,457281.7648,3812.9636,3812.9636,941.0,0.24679,1,p:1.2.3.1.2.1
U5050,202,FUSE1,453521.8648,453521.8648,456816.1648,3294.3,3294.3,1003.0,0.304465,1,p:2.3.2.2.3.1
U5051,202,FUSE1,453585.0648,453585.0648,459671.7648,6086.7,6086.7,1003.0,0.164786,1,p:1.1.5.1.1.1
U5052,202,FUSE1,453637.8648,453637.8648,458016.5648,4378.7,4378.7,1003.0,0.229063,1,p:2.2.4.1.3.2
U5053,202,FUSE1,453701.0648,453701.0648,455884.7012,2183.6364,2183.6364,1003.0,0.459326,1,p:1.3.4.1.2.1
U5054,202,FUSE1,453753.8648,453753.8648,460019.7648,6265.9,6265.9,1003.0,0.160073,1,p:2.1.3.2.1.1
U5055,202,FUSE1,453818.4012,453818.4012,458039.7648,4221.3636,4221.3636,1003.0,0.237601,1,p:1.2.3.1.2.1
U5056,202,FUSE1,453869.8648,453869.8648,456506.5648,2636.7,2636.7,1003.0,0.3804,1,p:2.3.2.2.1.2
U5057,202,FUSE2,453934.6648,453934.6648,461017.8835,7083.2187,7083.2187,1035.4,0.146176,1,p:1.1.1.1.1.1
U5058,202,FUSE2,453985.8648,453985.8648,458155.7648,4169.9,4169.9,1035.4,0.248303,1,p:2.2.1.1.2.1
U5059,202,FUSE2,454050.6648,454050.6648,457478.1648,3427.5,3427.5,1035.4,0.302086,1,p:1.3.1.2.3.1
U5060,202,FUSE2,454101.8648,454101.8648,461367.4835,7265.6187,7265.6187,1035.4,0.142507,1,p:2.1.2.1.1.1
U5061,202,FUSE2,454168.0012,454168.0012,458450.9648,4282.9636,4282.9636,1035.4,0.241748,1,p:1.2.2.2.2.1
U5062,202,FUSE2,454217.8648,454217.8648,457320.5648,3102.7,3102.7,1035.4,0.333709,1,p:2.3.4.1.3.2
U5063,202,FUSE2,454284.2648,454284.2648,459636.8954,5352.6307,5352.6307,1035.4,0.193438,1,p:1.1.1.2.2.2
U5064,202,FUSE2,454333.8648,454333.8648,459752.8954,5419.0307,5419.0307,1035.4,0.191067,1,p:2.2.4.1.3.2
U6267,251,FUSE0,454400.2648,454446.0648,460823.0835,6422.8187,6422.8187,941.0,0.146509,1,p:2.2.3.1.1.2
U6268,251,FUSE0,454449.8648,454449.8648,457204.5648,2754.7,2754.7,941.0,0.341598,1,p:1.3.4.1.1.2
U6269,251,FUSE0,454517.6012,454558.2648,460162.8954,5645.2943,5645.2943,941.0,0.166688,1,p:2.1.2.1.3.2
U6270,251,FUSE0,454565.8648,454565.8648,461172.6835,6606.8187,6606.8187,941.0,0.142429,1,p:1.2.5.1.1.2
U6271,251,FUSE0,454633.8648,454670.4648,457768.9648,3135.1,3135.1,941.0,0.30015,1,p:2.3.3.2.1.1
U6272,251,FUSE0,454681.8648,454681.8648,459868.8954,5187.0307,5187.0307,941.0,0.181414,1,p:1.1.1.2.2.2
U6273,251,FUSE0,454749.8648,454782.6648,458640.5279,3890.6631,3890.6631,941.0,0.241861,1,p:2.2.4.2.2.1
U6274,251,FUSE0,454797.8648,454797.8648,457668.5648,2870.7,2870.7,941.0,0.327795,1,p:1.3.2.1.1.2
U6275,251,FUSE0,454867.2012,454894.8648,461717.0835,6849.8823,6849.8823,941.0,0.137375,1,p:2.1.5.1.1.1
U6276,251,FUSE1,454913.8648,454913.8648,459787.7648,4873.9,4873.9,1003.0,0.20579,1,p:1.2.3.1.2.1
U6277,251,FUSE1,454983.4648,455007.0648,458777.7648,3794.3,3794.3,1003.0,0.264344,1,p:2.3.1.2.1.2
U6278,251,FUSE1,455029.8648,455029.8648,459339.7279,4309.8631,4309.8631,1003.0,0.232722,1,p:1.1.4.2.2.1
U6279,251,FUSE1,455099.4648,455119.2648,461871.8835,6772.4187,6772.4187,1003.0,0.148101,1,p:2.2.2.2.1.2
U6280,251,FUSE1,455145.8648,455145.8648,458253.3648,3107.5,3107.5,1003.0,0.322767,1,p:1.3.5.1.1.2
U6281,251,FUSE1,455216.8012,455231.4648,460532.4954,5315.6943,5315.6943,1003.0,0.188687,1,p:2.1.5.2.3.1
U6282,251,FUSE1,455261.8648,455261.8648,460900.2835,5638.4187,5638.4187,1003.0,0.177887,1,p:1.2.1.1.3.1
U6283,251,FUSE1,455333.0648,455343.6648,458428.1648,3095.1,3095.1,1003.0,0.324061,1,p:2.3.4.2.1.2
U6284,251,FUSE1,455377.8648,455377.8648,460784.2835,5406.4187,5406.4187,1003.0,0.18552,1,p:1.1.5.1.2.1
U6285,251,FUSE2,455449.0648,455455.8648,462066.6835,6617.6187,6617.6187,1035.4,0.156461,1,p:2.2.5.1.1.1
U6286,251,FUSE2,455493.8648,455493.8648,458602.9648,3109.1,3109.1,1035.4,0.333022,1,p:1.3.3.1.1.2
U6287,251,FUSE2,455566.4012,455568.0648,461249.8835,5683.4823,5683.4823,1035.4,0.182177,1,p:2.1.4.2.3.1
U6288,251,FUSE2,455609.8648,455609.8648,460135.7648,4525.9,4525.9,1035.4,0.228772,1,p:1.2.4.2.2.1
U6289,251,FUSE2,455682.6648,455682.6648,459520.8954,3838.2307,3838.2307,1035.4,0.26976,1,p:2.3.2.2.1.2
U6290,251,FUSE2,455725.8648,455725.8648,460589.4835,4863.6187,4863.6187,1035.4,0.212887,1,p:1.1.3.1.2.2
U6291,251,FUSE2,455798.6648,455798.6648,460388.5279,4589.8631,4589.8631,1035.4,0.225584,1,p:2.2.2.1.2.1
U6292,251,FUSE2,455841.8648,455841.8648,460473.4835,4631.6187,4631.6187,1035.4,0.22355,1,p:1.3.1.1.1.2
U6293,251,FUSE2,455916.0012,455916.0012,462920.6835,7004.6823,7004.6823,1035.4,0.147815,1,p:2.1.1.2.1.2
U6294,251,FUSE2,455957.8648,455957.8648,461599.4835,5641.6187,5641.6187,1035.4,0.183529,1,p:1.2.1.1.3.1
U8082,323,FUSE0,456032.2648,456032.2648,459404.8954,3372.6307,3372.6307,941.0,0.279011,1,p:2.3.5.2.1.2
U8083,323,FUSE0,456073.8648,456073.8648,461133.8835,5060.0187,5060.0187,941.0,0.185968,1,p:1.1.4.2.2.1
U8084,323,FUSE0,456148.2648,456148.2648,460251.7648,4103.5,4103.5,941.0,0.229316,1,p:2.2.3.1.2.1
U8085,323,FUSE0,456189.8648,456189.8648,459903.7648,3713.9,3713.9,941.0,0.253372,1,p:1.3.5.1.3.1
U8086,323,FUSE0,456265.6012,456265.6012,461949.0835,5683.4823,5683.4823,941.0,0.165568,1,p:2.1.5.2.3.1
U8087,323,FUSE0,456305.8648,456305.8648,461404.6835,5098.8187,5098.8187,941.0,0.184553,1,p:1.2.5.2.3.2
U8088,323,FUSE0,456381.8648,456381.8648,458815.3279,2433.4631,2433.4631,941.0,0.386692,1,p:2.3.3.2.2.1
U8089,323,FUSE0,456421.8648,456421.8648,463115.4835,6693.6187,6693.6187,941.0,0.140582,1,p:1.1.3.1.1.1
U8090,323,FUSE1,456497.8648,456497.8648,462571.0835,6073.2187,6073.2187,1003.0,0.165151,1,p:2.2.5.2.1.2
U8091,323,FUSE1,456537.8648,456537.8648,460668.2835,4130.4187,4130.4187,1003.0,0.242833,1,p:1.3.4.1.1.1
U8092,323,FUSE1,456615.2012,456615.2012,462298.6835,5683.4823,5683.4823,1003.0,0.176476,1,p:2.1.5.2.3.1
U8093,323,FUSE1,456653.8648,456653.8648,462416.2835,5762.4187,5762.4187,1003.0,0.174059,1,p:1.2.3.1.1.1
U8094,323,FUSE1,456731.4648,456731.4648,458990.1279,2258.6631,2258.6631,1003.0,0.444068,1,p:2.3.1.2.2.1
U8095,323,FUSE1,456770.0012,456770.0012,463619.8835,6849.8823,6849.8823,1003.0,0.146426,1,p:1.1.4.1.1.2
U8096,323,FUSE1,456847.4648,456847.4648,462765.8835,5918.4187,5918.4187,1003.0,0.169471,1,p:2.2.3.1.1.1
U8097,323,FUSE2,456886.2648,456886.2648,459164.9279,2278.6631,2278.6631,1035.4,0.454389,1,p:1.3.2.2.2.1
U8098,323,FUSE2,457002.2648,457002.2648,463270.2835,6268.0187,6268.0187,1035.4,0.165188,1,p:2.1.3.2.1.2
U8099,323,FUSE2,457081.0648,457081.0648,462453.4835,5372.4187,5372.4187,1035.4,0.192725,1,p:1.2.4.1.3.2
U8100,323,FUSE2,457197.0648,457197.0648,461522.2835,4325.2187,4325.2187,1035.4,0.239387,1,p:2.3.5.1.1.2
U8101,323,FUSE2,457235.8648,457235.8648,463231.4835,5995.6187,5995.6187,1035.4,0.172693,1,p:1.1.1.1.2.1
U8102,323,FUSE2,457313.0648,457313.0648,462997.8835,5684.8187,5684.8187,1035.4,0.182134,1,p:2.2.1.1.3.1
U8103,323,FUSE2,457351.8648,457351.8648,460337.6954,2985.8307,2985.8307,1035.4,0.346771,1,p:1.3.3.1.3.2
U8104,323,FUSE2,457467.8648,457467.8648,463969.4835,6501.6187,6501.6187,1035.4,0.159253,1,p:2.1.4.1.1.2
U1373,56,FUSE0,457509.4648,457509.4648,461638.2835,4128.8187,4128.8187,941.0,0.22791,1,p:1.2.3.1.2.2
U1374,56,FUSE0,457583.8648,457583.8648,459988.0954,2404.2307,2404.2307,941.0,0.391393,1,p:2.3.4.2.3.2
U1375,56,FUSE0,457684.2648,457684.2648,462182.6835,4498.4187,4498.4187,941.0,0.209185,1,p:1.1.3.2.2.1
U1376,56,FUSE0,457699.8648,457699.8648,461833.0835,4133.2187,4133.2187,941.0,0.227668,1,p:2.2.5.2.2.1
U1377,56,FUSE0,457800.2648,457800.2648,460705.4835,2905.2187,2905.2187,941.0,0.3239,1,p:1.3.1.2.3.2
U1378,56,FUSE0,457815.8648,457815.8648,463502.2835,5686.4187,5686.4187,941.0,0.165482,1,p:2.1.5.1.3.2
U1379,56,FUSE0,457931.8648,457931.8648,462337.4835,4405.6187,4405.6187,941.0,0.213591,1,p:1.2.5.1.2.2
U1380,56,FUSE0,457955.0648,457955.0648,462221.4835,4266.4187,4266.4187,941.0,0.22056,1,p:2.3.4.2.1.2
U1381,56,FUSE0,458047.8648,458047.8648,463814.6835,5766.8187,5766.8187,941.0,0.163175,1,p:1.1.2.2.1.1
U1382,56,FUSE1,458071.0648,458071.0648,461055.0835,2984.0187,2984.0187,1003.0,0.336124,1,p:2.3.2.2.3.2
U1383,56,FUSE1,458163.8648,458163.8648,462648.2835,4484.4187,4484.4187,1003.0,0.223663,1,p:1.2.3.2.3.1
U1384,56,FUSE1,458187.0648,458187.0648,462881.8835,4694.8187,4694.8187,1003.0,0.21364,1,p:2.1.2.1.2.1
U1385,56,FUSE1,458284.6648,458284.6648,461288.6835,3004.0187,3004.0187,1003.0,0.333886,1,p:1.3.1.1.2.2
U1386,56,FUSE1,458303.0648,458303.0648,464551.0835,6248.0187,6248.0187,1003.0,0.160531,1,p:2.2.1.1.3.2
U1387,56,FUSE1,458459.4648,458459.4648,460939.0835,2479.6187,2479.6187,1003.0,0.404498,1,p:1.3.4.2.2.2
U1388,56,FUSE1,458482.2648,458482.2648,463152.6835,4670.4187,4670.4187,1003.0,0.214756,1,p:2.2.4.2.3.2
U1389,56,FUSE1,458634.2648,458634.2648,461754.2835,3120.0187,3120.0187,1003.0,0.321472,1,p:1.3.2.1.3.2
U1390,56,FUSE1,458671.8279,458671.8279,462532.2835,3860.4556,3860.4556,1003.0,0.259814,1,p:2.2.3.2.2.1
U1391,56,FUSE2,458809.0648,458809.0648,463465.0835,4656.0187,4656.0187,1035.4,0.222379,1,p:1.3.1.1.1.1
U1392,56,FUSE2,458846.6279,458846.6279,464319.0835,5472.4556,5472.4556,1035.4,0.189202,1,p:2.2.5.2.1.2
U1393,56,FUSE2,458983.8648,458983.8648,462103.8835,3120.0187,3120.0187,1035.4,0.331857,1,p:1.3.2.1.3.2
U1394,56,FUSE2,459021.4279,459021.4279,463347.4835,4326.0556,4326.0556,1035.4,0.23934,1,p:2.3.1.1.3.1
U1395,56,FUSE2,459158.6648,459158.6648,461483.4835,2324.8187,2324.8187,1035.4,0.445368,1,p:1.3.2.2.2.1
U1396,56,FUSE2,459196.2279,459196.2279,465912.2835,6716.0556,6716.0556,1035.4,0.154168,1,p:2.2.1.1.1.1
U1397,56,FUSE2,459320.1954,459320.1954,464164.2835,4844.088,4844.088,1035.4,0.213745,1,p:1.3.1.2.1.1
U1398,56,FUSE2,459371.0279,459371.0279,463697.0835,4326.0556,4326.0556,1035.4,0.23934,1,p:2.2.2.2.3.1
U1399,56,FUSE2,459436.1954,459436.1954,463036.6835,3600.488,3600.488,1035.4,0.287572,1,p:1.1.4.2.2.2
U5449,218,FUSE0,459514.9954,459514.9954,461987.8835,2472.888,2472.888,941.0,0.380527,1,p:2.3.2.1.2.2
U5450,218,FUSE0,459552.1954,459552.1954,463581.0835,4028.888,4028.888,941.0,0.233563,1,p:1.2.4.1.2.1
U5451,218,FUSE0,459668.1954,459668.1954,464668.6835,5000.488,5000.488,941.0,0.188182,1,p:2.3.1.2.1.2
U5452,218,FUSE0,459703.0648,459703.0648,464201.4835,4498.4187,4498.4187,941.0,0.209185,1,p:1.2.2.1.3.2
U5453,218,FUSE0,459784.1954,459784.1954,464863.4835,5079.288,5079.288,941.0,0.185262,1,p:2.1.3.1.1.1
U5454,218,FUSE0,459819.0648,459819.0648,462687.0835,2868.0187,2868.0187,941.0,0.328101,1,p:1.3.5.1.2.2
U5455,218,FUSE0,459900.1954,459900.1954,463930.6835,4030.488,4030.488,941.0,0.23347,1,p:2.2.3.1.2.1
U5456,218,FUSE0,459935.0648,459935.0648,463386.2835,3451.2187,3451.2187,941.0,0.272657,1,p:1.1.3.2.2.2
U5457,218,FUSE1,460019.3954,460019.3954,462803.0835,2783.688,2783.688,1003.0,0.360313,1,p:2.3.2.2.3.2
U5458,218,FUSE1,460051.0648,460051.0648,465134.2835,5083.2187,5083.2187,1003.0,0.197316,1,p:1.2.1.2.2.2
U5459,218,FUSE1,460167.0648,460167.0648,465445.0835,5278.0187,5278.0187,1003.0,0.190033,1,p:2.1.1.2.3.1
U5460,218,FUSE1,460194.1954,460194.1954,465367.8835,5173.688,5173.688,1003.0,0.193866,1,p:1.3.1.2.1.2
U5461,218,FUSE1,460283.0648,460283.0648,465562.6835,5279.6187,5279.6187,1003.0,0.189976,1,p:2.2.2.1.1.1
U5462,218,FUSE1,460368.9954,460368.9954,464513.8835,4144.888,4144.888,1003.0,0.241985,1,p:1.3.4.1.1.1
U5463,218,FUSE1,460419.8279,460419.8279,465717.4835,5297.6556,5297.6556,1003.0,0.189329,1,p:2.2.4.2.1.2
U5464,218,FUSE1,460504.7835,460504.7835,463735.8835,3231.1,3231.1,1003.0,0.310421,1,p:1.1.5.2.2.2
U5465,218,FUSE2,460563.7954,460563.7954,463851.8835,3288.088,3288.088,1035.4,0.314894,1,p:2.3.3.1.3.2
U5466,218,FUSE2,460620.7835,460620.7835,464629.8835,4009.1,4009.1,1035.4,0.258262,1,p:1.2.5.1.2.1
U5467,218,FUSE2,460699.5835,460699.5835,464900.6835,4201.1,4201.1,1035.4,0.246459,1,p:2.1.4.1.3.2
U5468,218,FUSE2,460736.7835,460736.7835,464046.6835,3309.9,3309.9,1035.4,0.312819,1,p:1.3.5.2.3.1
U5469,218,FUSE2,460815.5835,460815.5835,465599.8835,4784.3,4784.3,1035.4,0.216416,1,p:2.2.3.1.3.2
U5470,218,FUSE2,460854.3835,460854.3835,464085.4835,3231.1,3231.1,1035.4,0.320448,1,p:1.1.5.2.2.2
U5471,218,FUSE2,460931.5835,460931.5835,464435.0835,3503.5,3503.5,1035.4,0.295533,1,p:2.3.1.2.2.2
U5472,218,FUSE2,460970.3835,460970.3835,466648.6835,5678.3,5678.3,1035.4,0.182343,1,p:1.2.1.2.3.2
U5473,218,FUSE2,461049.1835,461049.1835,465250.2835,4201.1,4201.1,1035.4,0.246459,1,p:2.1.3.1.3.2
U6717,269,FUSE0,461086.3835,461086.3835,465213.0835,4126.7,4126.7,941.0,0.228027,1,p:1.3.5.1.1.1
U6718,269,FUSE0,461165.1835,461165.1835,464784.6835,3619.5,3619.5,941.0,0.259981,1,p:2.2.3.2.2.2
U6719,269,FUSE0,461203.9835,461203.9835,466299.0835,5095.1,5095.1,941.0,0.184687,1,p:1.1.1.2.3.2
U6720,269,FUSE0,461281.1835,461281.1835,464396.2835,3115.1,3115.1,941.0,0.302077,1,p:2.3.4.2.3.1
U6721,269,FUSE0,461319.9835,461319.9835,465794.6835,4474.7,4474.7,941.0,0.210293,1,p:1.2.2.1.3.1
U6722,269,FUSE0,461398.7835,461398.7835,465095.4835,3696.7,3696.7,941.0,0.254551,1,p:2.1.2.2.3.1
U6723,269,FUSE0,461435.9835,461435.9835,465018.2835,3582.3,3582.3,941.0,0.26268,1,p:1.3.2.2.1.2
U6724,269,FUSE0,461514.7835,461514.7835,466727.4835,5212.7,5212.7,941.0,0.180521,1,p:2.2.1.1.2.1
U6725,269,FUSE1,461553.5835,461553.5835,466067.0835,4513.5,4513.5,1003.0,0.222222,1,p:1.1.2.2.1.2
U6726,269,FUSE1,461630.7835,461630.7835,464745.8835,3115.1,3115.1,1003.0,0.32198,1,p:2.3.3.2.3.1
U6727,269,FUSE1,461669.5835,461669.5835,466766.2835,5096.7,5096.7,1003.0,0.196794,1,p:1.2.4.2.1.2
U6728,269,FUSE1,461748.3835,461748.3835,466416.6835,4668.3,4668.3,1003.0,0.214853,1,p:2.1.5.2.1.2
U6729,269,FUSE1,461785.5835,461785.5835,466961.0835,5175.5,5175.5,1003.0,0.193798,1,p:1.3.1.1.1.1
U6730,269,FUSE1,461864.3835,461864.3835,467310.6835,5446.3,5446.3,1003.0,0.184162,1,p:2.2.5.1.1.1
U6731,269,FUSE1,461903.1835,461903.1835,465949.4835,4046.3,4046.3,1003.0,0.247881,1,p:1.1.3.2.3.2
U6732,269,FUSE1,461980.3835,461980.3835,464280.2835,2299.9,2299.9,1003.0,0.436106,1,p:2.3.2.1.2.1
U6733,269,FUSE2,462019.1835,462019.1835,465833.4835,3814.3,3814.3,1035.4,0.271452,1,p:1.2.3.2.2.2
U6734,269,FUSE2,462097.9835,462097.9835,465678.6835,3580.7,3580.7,1035.4,0.289161,1,p:2.1.5.1.2.1
U6735,269,FUSE2,462135.1835,462135.1835,466261.8835,4126.7,4126.7,1035.4,0.250903,1,p:1.3.4.1.1.1
U6736,269,FUSE2,462213.9835,462213.9835,466028.2835,3814.3,3814.3,1035.4,0.271452,1,p:2.2.2.1.2.1
U6737,269,FUSE2,462252.7835,462252.7835,466493.8835,4241.1,4241.1,1035.4,0.244135,1,p:1.1.3.1.3.1
U6738,269,FUSE2,462329.9835,462329.9835,464979.4835,2649.5,2649.5,1035.4,0.390791,1,p:2.3.5.1.2.1
U6739,269,FUSE2,462368.7835,462368.7835,468047.0835,5678.3,5678.3,1035.4,0.182343,1,p:1.2.1.2.3.2
U6740,269,FUSE2,462447.5835,462447.5835,465483.8835,3036.3,3036.3,1035.4,0.341007,1,p:2.1.2.2.2.2
U6741,269,FUSE2,462484.7835,462484.7835,466611.4835,4126.7,4126.7,1035.4,0.250903,1,p:1.3.4.1.1.1
U8428,337,FUSE0,462563.5835,462563.5835,467465.4835,4901.9,4901.9,941.0,0.191966,1,p:2.2.2.2.1.2
U8429,337,FUSE0,462602.3835,462602.3835,468709.0835,6106.7,6106.7,941.0,0.154093,1,p:1.1.1.1.1.1
U8430,337,FUSE0,462679.5835,462679.5835,466183.0835,3503.5,3503.5,941.0,0.268589,1,p:2.3.1.2.2.2
U8431,337,FUSE0,462718.3835,462718.3835,466532.6835,3814.3,3814.3,941.0,0.246703,1,p:1.2.5.2.2.2
U8432,337,FUSE0,462797.1835,462797.1835,466843.4835,4046.3,4046.3,941.0,0.232558,1,p:2.1.4.1.3.1
U8433,337,FUSE0,462834.3835,462834.3835,466144.2835,3309.9,3309.9,941.0,0.284299,1,p:1.3.4.1.3.1
U8434,337,FUSE0,462913.1835,462913.1835,468359.4835,5446.3,5446.3,941.0,0.172778,1,p:2.2.3.1.1.1
U8435,337,FUSE1,462951.9835,462951.9835,466998.2835,4046.3,4046.3,1003.0,0.247881,1,p:1.1.4.2.3.2
U8436,337,FUSE1,463029.1835,463029.1835,465329.0835,2299.9,2299.9,1003.0,0.436106,1,p:2.3.2.1.2.1
U8437,337,FUSE1,463067.9835,463067.9835,467347.8835,4279.9,4279.9,1003.0,0.234351,1,p:1.2.2.2.3.2
U8438,337,FUSE1,463146.7835,463146.7835,467815.0835,4668.3,4668.3,1003.0,0.214853,1,p:2.1.3.2.1.2
U8439,337,FUSE1,463183.9835,463183.9835,468164.6835,4980.7,4980.7,1003.0,0.201377,1,p:1.3.1.2.1.2
U8440,337,FUSE1,463262.7835,463262.7835,468514.2835,5251.5,5251.5,1003.0,0.190993,1,p:2.2.5.2.1.2
U8441,337,FUSE1,463301.5835,463301.5835,468009.8835,4708.3,4708.3,1003.0,0.213028,1,p:1.1.2.1.1.1
U8442,337,FUSE2,463378.7835,463378.7835,467115.8835,3737.1,3737.1,1035.4,0.27706,1,p:2.3.4.2.1.2
U8443,337,FUSE2,463417.5835,463417.5835,468241.8835,4824.3,4824.3,1035.4,0.214622,1,p:1.2.4.1.3.1
U8444,337,FUSE2,463496.3835,463496.3835,468941.0835,5444.7,5444.7,1035.4,0.190167,1,p:2.1.1.1.3.1
U8445,337,FUSE2,463533.5835,463533.5835,467660.2835,4126.7,4126.7,1035.4,0.250903,1,p:1.3.5.1.1.1
U8446,337,FUSE2,463612.3835,463612.3835,469095.8835,5483.5,5483.5,1035.4,0.188821,1,p:2.2.5.1.1.2
U8447,337,FUSE2,463651.1835,463651.1835,466882.2835,3231.1,3231.1,1035.4,0.320448,1,p:1.1.4.2.2.2
U8448,337,FUSE2,463728.3835,463728.3835,466377.8835,2649.5,2649.5,1035.4,0.390791,1,p:2.3.3.1.2.1
U3295,132,FUSE0,463767.1835,463767.1835,467776.2835,4009.1,4009.1,941.0,0.234716,1,p:1.2.4.1.2.1
U3296,132,FUSE0,463845.9835,463845.9835,468475.4835,4629.5,4629.5,941.0,0.203262,1,p:2.1.1.1.2.1
U3297,132,FUSE0,463883.1835,463883.1835,467193.0835,3309.9,3309.9,941.0,0.284299,1,p:1.3.5.1.3.1
U3298,132,FUSE0,463961.9835,463961.9835,468863.8835,4901.9,4901.9,941.0,0.191966,1,p:2.2.2.2.1.2
U3299,132,FUSE0,464000.7835,464000.7835,467231.8835,3231.1,3231.1,941.0,0.291232,1,p:1.1.3.2.2.2
U3300,132,FUSE0,464077.9835,464077.9835,468591.4835,4513.5,4513.5,941.0,0.208486,1,p:2.3.1.1.3.1
U3301,132,FUSE0,464116.7835,464116.7835,467931.0835,3814.3,3814.3,941.0,0.246703,1,p:1.2.5.2.2.2
U3302,132,FUSE0,464195.5835,464195.5835,467426.6835,3231.1,3231.1,941.0,0.291232,1,p:2.1.2.1.2.1
U3303,132,FUSE1,464232.7835,464232.7835,467542.6835,3309.9,3309.9,1003.0,0.30303,1,p:1.3.4.1.3.1
U3304,132,FUSE1,464311.5835,464311.5835,469791.8835,5480.3,5480.3,1003.0,0.183019,1,p:2.2.4.1.1.2
U3305,132,FUSE1,464350.3835,464350.3835,470487.8835,6137.5,6137.5,1003.0,0.163422,1,p:1.1.1.1.1.2
U3306,132,FUSE1,464427.5835,464427.5835,467077.0835,2649.5,2649.5,1003.0,0.378562,1,p:2.3.5.1.2.1
U3307,132,FUSE1,464466.3835,464466.3835,468746.2835,4279.9,4279.9,1003.0,0.234351,1,p:1.2.2.2.3.2
U3308,132,FUSE1,464545.1835,464545.1835,469233.4835,4688.3,4688.3,1003.0,0.213937,1,p:2.1.4.2.1.1
U3309,132,FUSE1,464582.3835,464582.3835,467697.4835,3115.1,3115.1,1003.0,0.32198,1,p:1.3.3.2.3.2
U3310,132,FUSE1,464661.1835,464661.1835,470139.8835,5478.7,5478.7,1003.0,0.183073,1,p:2.2.3.1.1.2
U3311,132,FUSE2,464699.9835,464699.9835,470631.8835,5931.9,5931.9,1035.4,0.174548,1,p:1.1.1.2.1.1
U3312,132,FUSE2,464777.1835,464777.1835,467892.2835,3115.1,3115.1,1035.4,0.332381,1,p:2.3.2.1.3.1
U3313,132,FUSE2,464815.9835,464815.9835,471156.2835,6340.3,6340.3,1035.4,0.163305,1,p:1.2.1.2.1.1
U3314,132,FUSE2,464894.7835,464894.7835,469583.0835,4688.3,4688.3,1035.4,0.220848,1,p:2.1.3.2.1.1
U3315,132,FUSE2,464931.9835,464931.9835,468825.0835,3893.1,3893.1,1035.4,0.265958,1,p:1.3.1.1.2.1
U3316,132,FUSE2,465010.7835,465010.7835,469211.8835,4201.1,4201.1,1035.4,0.246459,1,p:2.2.5.1.2.2
U3317,132,FUSE2,465049.5835,465049.5835,469699.0835,4649.5,4649.5,1035.4,0.222691,1,p:1.1.1.1.2.1
U3318,132,FUSE2,465126.7835,465126.7835,467581.4835,2454.7,2454.7,1035.4,0.421803,1,p:2.3.3.2.2.2
U3319,132,FUSE2,465165.5835,465165.5835,470398.2835,5232.7,5232.7,1035.4,0.197871,1,p:1.2.1.1.2.1
U4346,174,FUSE0,465244.3835,465244.3835,469932.6835,4688.3,4688.3,941.0,0.200712,1,p:2.1.5.2.1.1
U4347,174,FUSE0,465281.5835,465281.5835,468396.6835,3115.1,3115.1,941.0,0.302077,1,p:1.3.5.2.3.2
U4348,174,FUSE0,465360.3835,465360.3835,469465.4835,4105.1,4105.1,941.0,0.229227,1,p:2.2.2.2.3.1
U4349,174,FUSE0,465399.1835,465399.1835,469675.8835,4276.7,4276.7,941.0,0.220029,1,p:1.1.4.1.3.2
U4350,174,FUSE0,465476.3835,465476.3835,468125.8835,2649.5,2649.5,941.0,0.355161,1,p:2.3.3.1.2.1
U4351,174,FUSE0,465515.1835,465515.1835,472030.2835,6515.1,6515.1,941.0,0.144434,1,p:1.2.1.1.1.1
U4352,174,FUSE0,465593.9835,465593.9835,468630.2835,3036.3,3036.3,941.0,0.309917,1,p:2.1.2.2.2.2
U4353,174,FUSE0,465631.1835,465631.1835,469443.8835,3812.7,3812.7,941.0,0.246807,1,p:1.3.2.1.1.2
U4354,174,FUSE0,465709.9835,465709.9835,470371.8835,4661.9,4661.9,941.0,0.201849,1,p:2.2.2.1.3.2
U4355,174,FUSE1,465748.7835,465748.7835,469815.0835,4066.3,4066.3,1003.0,0.246662,1,p:1.1.3.2.3.1
U4356,174,FUSE1,465825.9835,465825.9835,468280.6835,2454.7,2454.7,1003.0,0.408604,1,p:2.3.5.2.2.2
U4357,174,FUSE1,465864.7835,465864.7835,471415.8835,5551.1,5551.1,1003.0,0.180685,1,p:1.2.3.1.1.2
U4358,174,FUSE1,465943.5835,465943.5835,469349.4835,3405.9,3405.9,1003.0,0.294489,1,p:2.1.4.2.2.1
U4359,174,FUSE1,465980.7835,465980.7835,469097.6954,3116.912,3116.912,1003.0,0.321793,1,p:1.3.4.2.3.1
U4360,174,FUSE1,466059.5835,466059.5835,471020.4954,4960.912,4960.912,1003.0,0.202181,1,p:2.2.5.1.3.1
U4361,174,FUSE1,466098.3835,466098.3835,470164.6835,4066.3,4066.3,1003.0,0.246662,1,p:1.1.3.2.3.1
U4362,174,FUSE1,466175.5835,466175.5835,469327.8835,3152.3,3152.3,1003.0,0.31818,1,p:2.3.2.1.3.2
U4363,174,FUSE1,466214.3835,466214.3835,470951.8835,4737.5,4737.5,1003.0,0.211715,1,p:1.2.1.2.2.2
U4364,174,FUSE2,466293.1835,466293.1835,470514.2835,4221.1,4221.1,1035.4,0.245292,1,p:2.1.4.2.3.1
U4365,174,FUSE2,466330.3835,466330.3835,470282.2835,3951.9,3951.9,1035.4,0.262001,1,p:1.3.3.2.1.1
U4366,174,FUSE2,466409.1835,466409.1835,470255.8835,3846.7,3846.7,1035.4,0.269166,1,p:2.2.4.2.2.2
U4367,174,FUSE2,466447.9835,466447.9835,471912.6835,5464.7,5464.7,1035.4,0.189471,1,p:1.1.1.1.3.1
U4368,174,FUSE2,466525.1835,466525.1835,468979.8835,2454.7,2454.7,1035.4,0.421803,1,p:2.3.4.2.2.2
U4369,174,FUSE2,466563.9835,466563.9835,472285.3279,5721.3444,5721.3444,1035.4,0.180971,1,p:1.2.1.1.3.1
U4370,174,FUSE2,466642.7835,466642.7835,469907.8835,3265.1,3265.1,1035.4,0.317111,1,p:2.1.4.2.2.2
U4371,174,FUSE2,466679.9835,466679.9835,470835.8835,4155.9,4155.9,1035.4,0.24914,1,p:1.3.5.1.1.2
U4039,162,FUSE0,466758.7835,466758.7835,471879.8835,5121.1,5121.1,941.0,0.18375,1,p:2.2.4.2.1.2
U4040,162,FUSE0,466797.5835,466797.5835,470048.6835,3251.1,3251.1,941.0,0.28944,1,p:1.1.2.1.2.1
U4041,162,FUSE0,466874.7835,466874.7835,470023.8835,3149.1,3149.1,941.0,0.298816,1,p:2.3.2.1.3.2
U4042,162,FUSE0,466913.5835,466913.5835,471183.8835,4270.3,4270.3,941.0,0.220359,1,p:1.2.4.1.2.2
U4043,162,FUSE0,466992.3835,466992.3835,471424.4,4432.0165,4432.0165,941.0,0.212319,1,p:2.1.3.1.3.1
U4044,162,FUSE0,467029.5835,467029.5835,471067.8835,4038.3,4038.3,941.0,0.233019,1,p:1.3.5.1.1.2
U4045,162,FUSE0,467108.3835,467108.3835,470603.8835,3495.5,3495.5,941.0,0.269203,1,p:2.2.5.2.2.2
U4046,162,FUSE0,467147.1835,467147.1835,471299.8835,4152.7,4152.7,941.0,0.2266,1,p:1.1.5.2.3.2
U4047,162,FUSE0,467224.3835,467224.3835,470719.8835,3495.5,3495.5,941.0,0.269203,1,p:2.3.5.1.3.2
U4048,162,FUSE1,467263.1835,467263.1835,472554.6835,5291.5,5291.5,1003.0,0.189549,1,p:1.2.2.1.1.1
U4049,162,FUSE1,467341.9835,467341.9835,470747.8835,3405.9,3405.9,1003.0,0.294489,1,p:2.1.2.1.2.1
U4050,162,FUSE1,467379.1835,467379.1835,469559.8835,2180.7,2180.7,1003.0,0.459944,1,p:1.3.2.2.2.2
U4051,162,FUSE1,467457.9835,467457.9835,471308.4,3850.4165,3850.4165,1003.0,0.260491,1,p:2.2.4.2.2.1
U4052,162,FUSE1,467496.7835,467496.7835,471647.8835,4151.1,4151.1,1003.0,0.241623,1,p:1.1.2.2.3.2
U4053,162,FUSE1,467573.9835,467573.9835,471680.6835,4106.7,4106.7,1003.0,0.244235,1,p:2.3.3.1.1.1
U4054,162,FUSE1,467612.7835,467612.7835,472904.2835,5291.5,5291.5,1003.0,0.189549,1,p:1.2.5.1.1.1
U4055,162,FUSE1,467691.5835,467691.5835,472401.3279,4709.7444,4709.7444,1003.0,0.212963,1,p:2.1.4.2.1.1
U4056,162,FUSE1,467728.7835,467728.7835,471531.8835,3803.1,3803.1,1003.0,0.263732,1,p:1.3.5.2.1.2
U4057,162,FUSE2,467807.5835,467807.5835,473059.0835,5251.5,5251.5,1035.4,0.197163,1,p:2.2.2.1.1.2
U4058,162,FUSE2,467846.3835,467846.3835,472111.8835,4265.5,4265.5,1035.4,0.242738,1,p:1.1.5.1.3.2
U4059,162,FUSE2,467923.5835,467923.5835,470863.8835,2940.3,2940.3,1035.4,0.352141,1,p:2.3.2.2.3.1
U4060,162,FUSE2,467962.3835,467962.3835,471540.4,3578.0165,3578.0165,1035.4,0.289378,1,p:1.2.3.2.2.1
U4061,162,FUSE2,468041.1835,468041.1835,472670.6835,4629.5,4629.5,1035.4,0.223653,1,p:2.1.1.2.3.1
U4062,162,FUSE2,468078.3835,468078.3835,472227.8835,4149.5,4149.5,1035.4,0.249524,1,p:1.3.3.1.1.2
U4063,162,FUSE2,468157.1835,468157.1835,472459.8835,4302.7,4302.7,1035.4,0.24064,1,p:2.2.2.2.3.2
U4064,162,FUSE2,468195.9835,468195.9835,471995.8835,3799.9,3799.9,1035.4,0.272481,1,p:1.1.4.1.2.2
U4065,162,FUSE2,468273.1835,468273.1835,471796.6835,3523.5,3523.5,1035.4,0.293856,1,p:2.3.3.2.3.1
U4066,162,FUSE2,468311.9835,468311.9835,472941.4835,4629.5,4629.5,1035.4,0.223653,1,p:1.2.3.1.3.2
U8721,349,FUSE0,468390.7835,468390.7835,472169.3279,3778.5444,3778.5444,941.0,0.249038,1,p:2.1.1.2.2.1
U8722,349,FUSE0,468427.9835,468427.9835,471763.8835,3335.9,3335.9,941.0,0.282083,1,p:1.3.1.1.2.2
U8723,349,FUSE0,468506.7835,468506.7835,473583.4835,5076.7,5076.7,941.0,0.185357,1,p:2.2.2.1.1.2
U8724,349,FUSE0,468545.5835,468545.5835,473408.6835,4863.1,4863.1,941.0,0.193498,1,p:1.1.4.1.1.2
U8725,349,FUSE0,468622.7835,468622.7835,472786.6835,4163.9,4163.9,941.0,0.22599,1,p:2.3.1.1.3.1
U8726,349,FUSE0,468661.5835,468661.5835,472575.8835,3914.3,3914.3,941.0,0.240401,1,p:1.2.3.1.2.2
U8727,349,FUSE0,468740.3835,468740.3835,472709.4835,3969.1,3969.1,941.0,0.237081,1,p:2.3.3.1.1.2
U8728,349,FUSE1,468777.5835,468777.5835,473253.8835,4476.3,4476.3,1003.0,0.224069,1,p:1.2.4.2.1.1
U8729,349,FUSE1,469846.3835,469846.3835,473136.2835,3289.9,3289.9,1003.0,0.304872,1,p:1.1.1.2.3.1
U8730,349,FUSE1,469939.1835,469939.1835,475697.0314,5757.848,5757.848,1003.0,0.174197,1,p:2.3.3.2.2.2
U8731,349,FUSE1,469963.9835,469963.9835,473291.0835,3327.1,3327.1,1003.0,0.301464,1,p:1.2.5.1.3.2
U8732,349,FUSE1,470055.1835,470055.1835,472825.4835,2770.3,2770.3,1003.0,0.362055,1,p:2.1.3.1.2.2
U8733,349,FUSE1,470079.9835,470079.9835,476264.4954,6184.512,6184.512,1003.0,0.162179,1,p:1.3.1.2.3.1
U8734,349,FUSE1,470171.1835,470171.1835,472343.8835,2172.7,2172.7,1003.0,0.461638,1,p:2.2.2.2.2.2
U8735,349,FUSE2,470195.9835,470195.9835,473175.0835,2979.1,2979.1,1035.4,0.347555,1,p:1.1.1.1.2.2
U8736,349,FUSE2,470287.1835,470287.1835,476197.2,5910.0165,5910.0165,1035.4,0.175194,1,p:2.3.2.2.2.2
U8737,349,FUSE2,470313.5835,470313.5835,473778.2835,3464.7,3464.7,1035.4,0.298843,1,p:1.2.5.2.1.1
U8738,349,FUSE2,470403.1835,470403.1835,473933.0835,3529.9,3529.9,1035.4,0.293323,1,p:2.1.4.1.1.2
U8739,349,FUSE2,470429.5835,470429.5835,476399.8314,5970.248,5970.248,1035.4,0.173427,1,p:1.3.5.2.1.1
U8740,349,FUSE2,470519.1835,470519.1835,473520.1279,3000.9444,3000.9444,1035.4,0.345025,1,p:2.2.3.2.3.1
U8741,349,FUSE2,470545.5835,470545.5835,473699.4835,3153.9,3153.9,1035.4,0.328292,1,p:1.1.2.1.3.2
U8742,349,FUSE2,470635.1835,470635.1835,474049.0835,3413.9,3413.9,1035.4,0.303289,1,p:2.1.1.1.3.2
U7849,314,FUSE0,470663.1835,470663.1835,473020.2835,2357.1,2357.1,941.0,0.399219,1,p:1.2.4.2.2.1
U7850,314,FUSE0,470710.0,470747.3835,474282.6835,3572.6835,3572.6835,941.0,0.263387,1,p:2.1.2.1.1.2
U7851,314,FUSE0,470710.0,470775.3835,474127.8835,3417.8835,3417.8835,941.0,0.275317,1,p:1.2.3.2.1.1
U7852,314,FUSE0,470710.0,470859.5835,473636.1279,2926.1279,2926.1279,941.0,0.321585,1,p:2.1.1.1.2.1
U7853,314,FUSE0,470710.0,470887.5835,473894.2835,3184.2835,3184.2835,941.0,0.295514,1,p:1.2.2.2.3.1
U7854,314,FUSE0,470710.0,470971.7835,474477.4835,3767.4835,3767.4835,941.0,0.249769,1,p:2.1.3.1.1.1
U7855,314,FUSE0,470710.0,470999.7835,473404.1279,2694.1279,2694.1279,941.0,0.349278,1,p:1.2.4.2.2.1
U7856,314,FUSE1,470710.0,471083.9835,474359.8835,3649.8835,3649.8835,1003.0,0.274803,1,p:2.1.1.2.3.1
U7857,314,FUSE1,470710.0,471111.9835,474243.8835,3533.8835,3533.8835,1003.0,0.283824,1,p:1.2.2.2.3.1
U7858,314,FUSE1,470710.0,471196.1835,474632.2835,3922.2835,3922.2835,1003.0,0.255718,1,p:2.1.3.1.1.2
U7859,314,FUSE1,470710.0,471224.1835,473815.4835,3105.4835,3105.4835,1003.0,0.322977,1,p:1.2.4.2.2.2
U7860,314,FUSE1,470710.0,471308.3835,474514.6835,3804.6835,3804.6835,1003.0,0.263622,1,p:2.1.2.1.3.2
U7861,314,FUSE1,470710.0,471336.3835,474864.2835,4154.2835,4154.2835,1003.0,0.241438,1,p:1.2.5.1.1.2
U7862,314,FUSE1,470710.0,471420.5835,474010.4,3300.4,3300.4,1003.0,0.303903,1,p:2.1.1.2.2.1
U7863,314,FUSE2,470710.0,471448.5835,474165.2,3455.2,3455.2,1035.4,0.299664,1,p:1.2.3.1.2.2
U7864,314,FUSE2,470710.0,471532.7835,474748.2835,4038.2835,4038.2835,1035.4,0.256396,1,p:2.1.2.2.3.2
U7865,314,FUSE2,470710.0,471560.7835,474398.6835,3688.6835,3688.6835,1035.4,0.280696,1,p:1.2.4.1.2.2
U7866,314,FUSE2,470710.0,471644.9835,474980.2835,4270.2835,4270.2835,1035.4,0.242466,1,p:2.1.1.2.3.2
U7867,314,FUSE2,470751.1835,471672.9835,475001.8835,4250.7,4250.7,1035.4,0.243583,1,p:1.2.3.1.1.1
U7868,314,FUSE2,470779.1835,471757.1835,475096.2835,4317.1,4317.1,1035.4,0.239837,1,p:2.1.2.2.3.2
U7869,314,FUSE2,470867.1835,471785.1835,475176.6835,4309.5,4309.5,1035.4,0.24026,1,p:1.2.4.2.1.1
U6974,279,FUSE0,470895.1835,471869.3835,474655.6,3760.4165,3760.4165,941.0,0.250238,1,p:2.1.1.1.2.1
U6975,279,FUSE0,470983.1835,471897.3835,475292.6835,4309.5,4309.5,941.0,0.218355,1,p:1.2.3.1.3.1
U6976,279,FUSE0,471051.7954,471981.5835,474872.4,3820.6046,3820.6046,941.0,0.246296,1,p:2.1.2.2.2.1
U6977,279,FUSE0,471099.1835,472009.5835,475331.4835,4232.3,4232.3,941.0,0.222338,1,p:1.2.1.1.1.2
U6978,279,FUSE0,471187.5835,472093.7835,475447.4835,4259.9,4259.9,941.0,0.220897,1,p:2.1.3.1.3.2
U6979,279,FUSE0,471215.1835,472121.7835,475563.4835,4348.3,4348.3,941.0,0.216406,1,p:1.2.2.2.3.2
U6980,279,FUSE0,471331.1835,472205.9835,475212.2835,3881.1,3881.1,941.0,0.242457,1,p:2.1.1.1.2.2
U6981,279,FUSE0,471339.7,472233.9835,475740.0954,4400.3954,4400.3954,941.0,0.213844,1,p:1.2.4.1.3.1
U6982,279,FUSE0,471447.1835,472318.1835,475408.6835,3961.5,3961.5,941.0,0.237536,1,p:2.1.2.2.2.1
U6983,279,FUSE0,471455.7,472346.1835,475914.8954,4459.1954,4459.1954,941.0,0.211025,1,p:1.2.1.1.3.1
U6984,279,FUSE1,471563.1835,472430.3835,475846.0,4282.8165,4282.8165,1003.0,0.234192,1,p:2.1.4.1.1.2
U6985,279,FUSE1,471571.7,472458.3835,476089.6954,4517.9954,4517.9954,1003.0,0.222001,1,p:1.2.2.1.3.1
U6986,279,FUSE1,471679.1835,472542.5835,475962.0,4282.8165,4282.8165,1003.0,0.234192,1,p:2.1.5.1.2.2
U6987,279,FUSE1,471711.9835,472570.5835,476429.2,4717.2165,4717.2165,1003.0,0.212625,1,p:1.2.4.2.3.2
U6988,279,FUSE1,471795.1835,472654.7835,476081.2,4286.0165,4286.0165,1003.0,0.234017,1,p:2.1.3.1.1.2
U6989,279,FUSE1,471827.9835,472682.7835,476631.8314,4803.848,4803.848,1003.0,0.208791,1,p:1.2.1.1.3.1
U6990,279,FUSE1,471911.1835,472766.9835,476313.2,4402.0165,4402.0165,1003.0,0.22785,1,p:2.1.4.1.2.2
U6991,279,FUSE1,471943.9835,472794.9835,476820.0,4876.0165,4876.0165,1003.0,0.205701,1,p:1.2.3.1.3.2
U6992,279,FUSE1,472027.1835,472879.1835,476588.0,4560.8165,4560.8165,1003.0,0.219917,1,p:2.1.1.1.1.2
U6993,279,FUSE1,472061.5835,472907.1835,476704.0,4642.4165,4642.4165,1003.0,0.216051,1,p:1.2.4.1.2.2
U6994,279,FUSE2,472143.1835,472991.3835,476782.8,4639.6165,4639.6165,1035.4,0.223165,1,p:2.1.3.2.1.1
U6995,279,FUSE2,472200.6279,473019.3835,476898.8,4698.1721,4698.1721,1035.4,0.220384,1,p:1.2.2.2.2.1
U6996,279,FUSE2,472259.1835,473103.5835,476977.0314,4717.848,4717.848,1035.4,0.219464,1,p:2.1.5.1.1.2
U6997,279,FUSE2,472316.6279,473131.5835,477093.0314,4776.4035,4776.4035,1035.4,0.216774,1,p:1.2.4.1.2.2
U6998,279,FUSE2,472375.1835,473215.7835,477171.8314,4796.648,4796.648,1035.4,0.215859,1,p:2.1.1.2.1.1
U6999,279,FUSE2,472432.6279,473243.7835,477519.8314,5087.2035,5087.2035,1035.4,0.20353,1,p:1.2.2.1.3.1
U7000,279,FUSE2,472491.1835,473327.9835,477329.8314,4838.648,4838.648,1035.4,0.213985,1,p:2.1.3.1.1.2
U7001,279,FUSE2,472585.9835,473355.9835,477677.8314,5091.848,5091.848,1035.4,0.203345,1,p:1.2.4.2.3.2
U7002,279,FUSE2,472607.1835,473440.1835,476515.8314,3908.648,3908.648,1035.4,0.2649,1,p:2.3.2.2.2.1
U7003,279,FUSE2,472701.9835,473468.1835,477561.8314,4859.848,4859.848,1035.4,0.213052,1,p:1.1.2.2.1.2
U6852,274,FUSE0,472740.7835,473552.3835,477867.8314,5127.048,5127.048,941.0,0.183536,1,p:2.2.5.1.3.1
U6853,274,FUSE0,472817.9835,473580.3835,477014.8,4196.8165,4196.8165,941.0,0.224218,1,p:1.3.5.2.3.1
U6854,274,FUSE0,472856.7835,473664.5835,478025.8314,5169.048,5169.048,941.0,0.182045,1,p:2.1.4.2.3.2
U6855,274,FUSE0,472935.5835,473692.5835,477635.8314,4700.248,4700.248,941.0,0.200202,1,p:1.2.1.2.2.1
U6856,274,FUSE0,472972.7835,473776.7835,477209.0314,4236.248,4236.248,941.0,0.222131,1,p:2.3.1.1.3.2
U6857,274,FUSE0,473051.5835,473804.7835,477793.8314,4742.248,4742.248,941.0,0.198429,1,p:1.1.5.1.2.2
U6858,274,FUSE0,473090.3835,473888.9835,477983.8314,4893.448,4893.448,941.0,0.192298,1,p:2.2.4.2.2.1
U6859,274,FUSE0,473167.5835,473916.9835,477403.8314,4236.248,4236.248,941.0,0.222131,1,p:1.3.3.2.3.1
U6860,274,FUSE0,473206.3835,474001.1835,477909.8314,4703.448,4703.448,941.0,0.200066,1,p:2.1.1.2.1.2
U6861,274,FUSE1,473285.1835,474029.1835,478373.8314,5088.648,5088.648,1003.0,0.197105,1,p:1.2.5.2.3.2
U6862,274,FUSE1,473322.3835,474113.3835,477287.8314,3965.448,3965.448,1003.0,0.252935,1,p:2.3.5.2.2.1
U6863,274,FUSE1,473435.4279,474141.3835,478141.8314,4706.4035,4706.4035,1003.0,0.213114,1,p:1.1.2.1.2.2
U6864,274,FUSE1,473439.9835,474225.5835,478563.8314,5123.848,5123.848,1003.0,0.195751,1,p:2.2.1.1.3.1
U6865,274,FUSE1,473551.4279,474253.5835,477445.8314,3894.4035,3894.4035,1003.0,0.257549,1,p:1.3.1.1.2.2
U6866,274,FUSE1,473614.7835,474337.7835,478447.8314,4833.048,4833.048,1003.0,0.207529,1,p:2.1.5.1.1.1
U6867,274,FUSE1,473667.4279,474365.7835,478489.8314,4822.4035,4822.4035,1003.0,0.207988,1,p:1.2.2.1.2.2
U6868,274,FUSE1,473730.7835,474449.9835,477751.8314,4021.048,4021.048,1003.0,0.249437,1,p:2.3.3.1.1.1
U6869,274,FUSE1,473809.5835,474477.9835,478605.8314,4796.248,4796.248,1003.0,0.209122,1,p:1.1.1.2.1.2
U6870,274,FUSE2,473846.7835,474562.1835,478215.8314,4369.048,4369.048,1035.4,0.236985,1,p:2.3.2.1.3.1
U6871,274,FUSE2,473925.5835,474590.1835,479069.8314,5144.248,5144.248,1035.4,0.201273,1,p:1.1.4.2.3.2
U6872,274,FUSE2,473964.3835,474674.3835,478679.8314,4715.448,4715.448,1035.4,0.219576,1,p:2.2.3.2.2.1
U6873,274,FUSE2,474041.7,474702.3835,478099.8314,4058.1314,4058.1314,1035.4,0.255142,1,p:1.3.3.1.1.1
U6874,274,FUSE2,474080.3835,474786.5835,479267.6,5187.2165,5187.2165,1035.4,0.199606,1,p:2.1.5.1.3.1
U6875,274,FUSE2,474159.1835,474814.5835,478837.8314,4678.648,4678.648,1035.4,0.221303,1,p:1.2.2.1.2.2
U6876,274,FUSE2,474196.5,474898.7835,478257.8314,4061.3314,4061.3314,1035.4,0.254941,1,p:2.3.4.2.1.2
U6877,274,FUSE2,474275.1835,474926.7835,479422.4,5147.2165,5147.2165,1035.4,0.201157,1,p:1.1.4.2.3.2
U6878,274,FUSE2,474313.9835,475010.9835,478953.8314,4639.848,4639.848,1035.4,0.223154,1,p:2.2.3.2.1.2
U6879,274,FUSE2,474391.1835,475038.9835,478331.8314,3940.648,3940.648,1035.4,0.262749,1,p:1.3.3.2.2.1
U2534,102,FUSE0,474429.9835,475123.1835,479190.4,4760.4165,4760.4165,941.0,0.197672,1,p:2.1.3.1.2.2
U2535,102,FUSE0,474508.7835,475151.1835,479035.6,4526.8165,4526.8165,941.0,0.207872,1,p:1.2.2.2.2.1
U2536,102,FUSE0,474545.9835,475235.3835,478721.8314,4175.848,4175.848,941.0,0.225343,1,p:2.3.4.2.3.2
U2537,102,FUSE0,474663.5835,475347.5835,479620.4,4956.8165,4956.8165,941.0,0.18984,1,p:2.2.2.1.3.1
U2538,102,FUSE0,474686.9,475263.3835,479388.4,4701.5,4701.5,941.0,0.200149,1,p:1.1.4.2.2.1
U2539,102,FUSE0,474779.5835,475459.7835,479543.2,4763.6165,4763.6165,941.0,0.197539,1,p:2.1.2.1.2.2
U2540,102,FUSE0,474895.5835,475571.9835,478795.8314,3900.248,3900.248,941.0,0.241267,1,p:2.3.1.1.1.1
U2541,102,FUSE0,474903.7,475375.5835,478911.8314,4008.1314,4008.1314,941.0,0.234773,1,p:1.3.5.1.3.1
U2542,102,FUSE0,475011.5835,475487.7835,479775.2,4763.6165,4763.6165,941.0,0.197539,1,p:1.2.3.2.3.2
U2543,102,FUSE1,475033.1835,475684.1835,479973.2,4940.0165,4940.0165,1003.0,0.203036,1,p:2.2.4.1.3.1
U2544,102,FUSE1,475127.5835,475599.9835,479857.2,4729.6165,4729.6165,1003.0,0.212068,1,p:1.1.3.1.1.1
U2545,102,FUSE1,475207.9835,475796.3835,480012.0,4804.0165,4804.0165,1003.0,0.208784,1,p:2.1.4.2.1.2
U2546,102,FUSE1,475243.5835,475712.1835,479151.6,3908.0165,3908.0165,1003.0,0.256652,1,p:1.3.1.1.1.1
U2547,102,FUSE1,475323.9835,475908.5835,479306.4,3982.4165,3982.4165,1003.0,0.251857,1,p:2.3.5.2.1.2
U2548,102,FUSE1,475362.7835,475824.3835,480128.0,4765.2165,4765.2165,1003.0,0.210484,1,p:1.2.2.2.3.2
U2549,102,FUSE1,475439.9835,476020.7835,479896.0,4456.0165,4456.0165,1003.0,0.225089,1,p:2.2.1.1.2.2
U2550,102,FUSE1,475478.7835,475936.5835,480210.0,4731.2165,4731.2165,1003.0,0.211996,1,p:1.1.2.1.1.1
U2551,102,FUSE1,475594.7835,476048.7835,479504.4,3909.6165,3909.6165,1003.0,0.256547,1,p:1.3.1.1.1.1
U2552,102,FUSE2,475728.3314,476132.9835,480364.8,4636.4686,4636.4686,1035.4,0.223317,1,p:2.1.1.2.1.2
U2553,102,FUSE2,475771.3954,476160.9835,480248.8,4477.4046,4477.4046,1035.4,0.23125,1,p:1.2.5.1.2.2
U2554,102,FUSE2,475877.3,476245.1835,479659.2,3781.9,3781.9,1035.4,0.273778,1,p:2.3.5.2.1.2
U2555,102,FUSE2,475946.1954,476357.3835,480678.8,4732.6046,4732.6046,1035.4,0.21878,1,p:2.2.3.1.3.1
U2556,102,FUSE2,475993.3,476273.1835,480833.6,4840.3,4840.3,1035.4,0.213912,1,p:1.1.4.2.3.2
U2557,102,FUSE2,476112.5,476469.5835,480717.6,4605.1,4605.1,1035.4,0.224838,1,p:2.1.3.2.1.2
U2558,102,FUSE2,476120.9954,476385.3835,479741.2,3620.2046,3620.2046,1035.4,0.286006,1,p:1.3.1.2.2.1
U2559,102,FUSE2,476228.5,476581.7835,480326.0,4097.5,4097.5,1035.4,0.252691,1,p:2.3.5.1.3.1
U2560,102,FUSE2,476295.7954,476693.9835,480799.6,4503.8046,4503.8046,1035.4,0.229895,1,p:2.2.2.2.2.1
U2015,81,FUSE0,476344.5,476497.5835,480601.6,4257.1,4257.1,941.0,0.221042,1,p:1.2.5.1.2.2
U2016,81,FUSE0,476431.1314,476806.1835,481070.4,4639.2686,4639.2686,941.0,0.202834,1,p:2.1.4.2.1.2
U2017,81,FUSE0,476460.5,476609.7835,481031.6,4571.1,4571.1,941.0,0.205859,1,p:1.1.4.1.3.1
U2018,81,FUSE0,476547.1314,476918.3835,480480.8,3933.6686,3933.6686,941.0,0.239217,1,p:2.3.4.2.3.2
U2019,81,FUSE0,476619.3,477030.5835,481384.4,4765.1,4765.1,941.0,0.197477,1,p:2.2.2.1.3.1
U2020,81,FUSE0,476663.1314,476721.9835,480094.0,3430.8686,3430.8686,941.0,0.274275,1,p:1.3.3.2.2.1
U2021,81,FUSE0,476735.3,477142.7835,481539.2,4803.9,4803.9,941.0,0.195883,1,p:2.1.2.2.3.2
U2022,81,FUSE0,476814.1,476834.1835,481186.4,4372.3,4372.3,941.0,0.215219,1,p:1.2.1.2.3.2
U2023,81,FUSE0,476851.3,477254.9835,480562.8,3711.5,3711.5,941.0,0.253536,1,p:2.3.1.1.1.1
U2024,81,FUSE1,476930.1,476946.3835,481152.4,4222.3,4222.3,1003.0,0.237548,1,p:1.1.1.2.2.1
U2025,81,FUSE1,477008.3314,477367.1835,481505.2,4496.8686,4496.8686,1003.0,0.223044,1,p:2.2.1.2.2.1
U2026,81,FUSE1,477046.1,477058.5835,480446.8,3400.7,3400.7,1003.0,0.294939,1,p:1.3.2.2.2.1
U2027,81,FUSE1,477124.3314,477479.3835,481776.0,4651.6686,4651.6686,1003.0,0.215622,1,p:2.1.5.2.1.2
U2028,81,FUSE1,477203.1314,477203.1314,481307.2,4104.0686,4104.0686,1003.0,0.244392,1,p:1.2.3.1.2.2
U2029,81,FUSE1,477240.3314,477591.5835,480954.4,3714.0686,3714.0686,1003.0,0.270054,1,p:2.3.3.1.2.2
U2030,81,FUSE1,477319.1314,477319.1314,481621.2,4302.0686,4302.0686,1003.0,0.233144,1,p:1.1.2.1.1.1
U2031,81,FUSE1,477361.1314,477703.7835,482090.0,4728.8686,4728.8686,1003.0,0.212101,1,p:2.2.1.1.3.1
U2032,81,FUSE1,477435.1314,477435.1314,480915.6,3480.4686,3480.4686,1003.0,0.28818,1,p:1.3.5.1.1.1
U2033,81,FUSE2,477477.1314,477815.9835,482128.8,4651.6686,4651.6686,1035.4,0.222587,1,p:2.1.1.2.1.2
U2034,81,FUSE2,477551.1314,477551.1314,481660.0,4108.8686,4108.8686,1035.4,0.251992,1,p:1.2.3.1.2.2
U2035,81,FUSE2,477593.1314,477663.3314,481974.0,4380.8686,4380.8686,1035.4,0.236346,1,p:1.1.4.1.1.1
U2036,81,FUSE2,477667.1314,477928.1835,481423.2,3756.0686,3756.0686,1035.4,0.275661,1,p:2.3.4.2.1.2
U2037,81,FUSE2,477709.1314,477775.5314,481268.4,3559.2686,3559.2686,1035.4,0.290902,1,p:1.3.5.1.1.1
U2038,81,FUSE2,477783.1314,478040.3835,482442.8,4659.6686,4659.6686,1035.4,0.222205,1,p:2.2.2.1.3.1
U2039,81,FUSE2,477825.1314,477887.7314,482012.8,4187.6686,4187.6686,1035.4,0.24725,1,p:1.2.3.1.2.2
U2040,81,FUSE2,477899.1314,478152.5835,482481.6,4582.4686,4582.4686,1035.4,0.225948,1,p:2.1.2.2.1.2
U6352,254,FUSE0,477941.1314,477999.9314,482210.8,4269.6686,4269.6686,941.0,0.220392,1,p:1.1.5.2.2.1
U6353,254,FUSE0,478015.1314,478264.7835,481892.0,3876.8686,3876.8686,941.0,0.242722,1,p:2.3.4.2.3.2
U6354,254,FUSE0,478057.1314,478112.1314,481737.2,3680.0686,3680.0686,941.0,0.255702,1,p:1.3.5.1.3.1
U6355,254,FUSE0,478131.1314,478376.9835,482563.6,4432.4686,4432.4686,941.0,0.212297,1,p:2.2.5.2.2.1
U6356,254,FUSE0,478173.1314,478224.3314,482326.8,4153.6686,4153.6686,941.0,0.226547,1,p:1.2.3.1.1.1
U6357,254,FUSE0,478247.1314,478489.1835,482718.4,4471.2686,4471.2686,941.0,0.210455,1,p:2.1.4.1.2.2
U6358,254,FUSE0,478289.1314,478336.5314,482795.6,4506.4686,4506.4686,941.0,0.208811,1,p:1.1.4.1.3.1
U6359,254,FUSE0,478363.1314,478601.3835,482244.8,3881.6686,3881.6686,941.0,0.242422,1,p:2.3.5.2.3.2
U6360,254,FUSE0,478405.1314,478448.7314,481858.0,3452.8686,3452.8686,941.0,0.272527,1,p:1.3.2.2.2.1
U6361,254,FUSE1,478479.1314,478713.5835,483148.4,4669.2686,4669.2686,1003.0,0.214809,1,p:2.2.2.1.3.1
U6362,254,FUSE1,478521.1314,478560.9314,482950.4,4429.2686,4429.2686,1003.0,0.226448,1,p:1.2.1.2.3.2
U6363,254,FUSE1,478595.1314,478825.7835,483187.2,4592.0686,4592.0686,1003.0,0.21842,1,p:2.1.2.2.1.2
U6364,254,FUSE1,478637.1314,478673.1314,483032.4,4395.2686,4395.2686,1003.0,0.2282,1,p:1.1.1.1.1.1
U6365,254,FUSE1,478711.1314,478937.9835,482365.6,3654.4686,3654.4686,1003.0,0.274459,1,p:2.3.1.1.2.2
U6366,254,FUSE1,478753.1314,478785.3314,482597.6,3844.4686,3844.4686,1003.0,0.260894,1,p:1.3.4.2.3.2
U6367,254,FUSE1,478827.1314,478897.5314,483071.2,4244.0686,4244.0686,1003.0,0.23633,1,p:1.2.4.1.2.2
U6368,254,FUSE1,478869.1314,479050.1835,483501.2,4632.0686,4632.0686,1003.0,0.216534,1,p:2.2.3.1.3.1
U6369,254,FUSE1,478943.1314,479009.7314,483385.2,4442.0686,4442.0686,1003.0,0.225796,1,p:1.1.5.1.1.1
U6370,254,FUSE2,478985.1314,479162.3835,483540.0,4554.8686,4554.8686,1035.4,0.227317,1,p:2.1.3.2.1.2
U6371,254,FUSE2,479066.9,479121.9314,482679.6,3612.7,3612.7,1035.4,0.2866,1,p:1.3.3.1.1.1
U6372,254,FUSE2,479101.1314,479274.5835,482834.4,3733.2686,3733.2686,1035.4,0.277344,1,p:2.3.5.2.1.2
U6373,254,FUSE2,479182.9,479234.1314,483424.0,4241.1,4241.1,1035.4,0.244135,1,p:1.2.4.1.2.2
U6374,254,FUSE2,479221.7,479386.7835,483854.0,4632.3,4632.3,1035.4,0.223517,1,p:2.2.1.1.3.1
U6375,254,FUSE2,479298.9,479346.3314,483776.8,4477.9,4477.9,1035.4,0.231224,1,p:1.1.2.2.2.2
U6376,254,FUSE2,479337.7,479498.9835,483971.6,4633.9,4633.9,1035.4,0.22344,1,p:2.1.1.1.2.1
U6377,254,FUSE2,479419.7,479458.5314,482916.4,3496.7,3496.7,1035.4,0.296108,1,p:1.3.3.2.2.1
U1105,45,FUSE0,479453.7,479611.1835,483303.2,3849.5,3849.5,941.0,0.244447,1,p:2.3.5.2.3.2
U1106,45,FUSE0,479535.7,479570.7314,483622.0,4086.3,4086.3,941.0,0.230282,1,p:1.2.4.2.2.1
U1107,45,FUSE0,479574.5,479723.3835,483892.8,4318.3,4318.3,941.0,0.21791,1,p:2.2.4.2.1.2
U1108,45,FUSE0,479651.7,479682.9314,484203.6,4551.9,4551.9,941.0,0.206727,1,p:1.1.2.2.3.1
U1109,45,FUSE0,479690.5,479835.5835,484358.4,4667.9,4667.9,941.0,0.20159,1,p:2.1.1.1.3.2
U1110,45,FUSE0,479772.5,479795.1314,483269.2,3496.7,3496.7,941.0,0.269111,1,p:1.3.1.2.2.1
U1111,45,FUSE0,479806.5,479947.7835,483656.0,3849.5,3849.5,941.0,0.244447,1,p:2.3.2.2.3.2
U1112,45,FUSE1,479888.5,479907.3314,484126.4,4237.9,4237.9,1003.0,0.236674,1,p:1.2.3.2.2.2
U1113,45,FUSE1,479927.3,480059.9835,484321.2,4393.9,4393.9,1003.0,0.228271,1,p:2.2.2.1.2.1
U1114,45,FUSE1,480004.5,480019.5314,484476.0,4471.5,4471.5,1003.0,0.22431,1,p:1.1.3.2.2.2
U1115,45,FUSE1,480043.3,480172.1835,484592.0,4548.7,4548.7,1003.0,0.220503,1,p:2.1.2.2.1.2
U1116,45,FUSE1,480125.3,480131.7314,483738.0,3612.7,3612.7,1003.0,0.277632,1,p:1.3.5.1.1.1
U1117,45,FUSE1,480159.3,480284.3835,484008.8,3849.5,3849.5,1003.0,0.260553,1,p:2.3.3.1.3.2
U1118,45,FUSE1,480241.3,480243.9314,484437.2,4195.9,4195.9,1003.0,0.239043,1,p:1.2.1.1.1.1
U1119,45,FUSE1,480280.1,480396.5835,484670.8,4390.7,4390.7,1003.0,0.228437,1,p:2.2.5.1.2.1
U1120,45,FUSE2,480357.3,480357.3,484786.8,4429.5,4429.5,1035.4,0.233751,1,p:1.1.3.1.1.1
U1121,45,FUSE2,480396.1,480508.7835,484979.4314,4583.3314,4583.3314,1035.4,0.225906,1,p:2.1.5.2.1.2
U1122,45,FUSE2,480478.1,480478.1,484087.6,3609.5,3609.5,1035.4,0.286854,1,p:1.3.5.1.1.1
U1123,45,FUSE2,480512.1,480590.3,484825.6,4313.5,4313.5,1035.4,0.240037,1,p:1.2.1.2.2.2
U1124,45,FUSE2,480594.1,480620.9835,484242.4,3648.3,3648.3,1035.4,0.283803,1,p:2.3.4.2.1.2
U1125,45,FUSE2,480632.9,480702.5,485211.4314,4578.5314,4578.5314,1035.4,0.226142,1,p:1.1.1.2.2.2
U1126,45,FUSE2,480710.1,480733.1835,485020.4,4310.3,4310.3,1035.4,0.240215,1,p:2.2.4.1.2.1
U1127,45,FUSE2,480748.9,480814.7,484553.2,3804.3,3804.3,1035.4,0.272166,1,p:1.3.5.2.3.1
U7870,315,FUSE0,480830.9,480845.3835,485448.2314,4617.3314,4617.3314,941.0,0.203797,1,p:2.1.4.1.3.2
U7871,315,FUSE0,480864.9,480926.9,485290.2314,4425.3314,4425.3314,941.0,0.212639,1,p:1.2.2.2.3.1
U7872,315,FUSE0,480946.9,480957.5835,484708.0,3761.1,3761.1,941.0,0.250193,1,p:2.3.4.1.3.2
U7873,315,FUSE0,480985.7,481039.1,485643.0314,4657.3314,4657.3314,941.0,0.202047,1,p:1.1.1.2.3.1
U7874,315,FUSE0,481062.9,481069.7835,485406.2314,4343.3314,4343.3314,941.0,0.216654,1,p:2.2.2.1.2.1
U7875,315,FUSE0,481101.7,481151.3,484902.8,3801.1,3801.1,941.0,0.24756,1,p:1.3.4.2.3.1
U7876,315,FUSE0,481183.7,481183.7,485683.6954,4499.9954,4499.9954,941.0,0.209111,1,p:2.1.2.1.3.2
U7877,315,FUSE0,481217.7,481263.5,485564.2314,4346.5314,4346.5314,941.0,0.216494,1,p:1.2.4.2.2.2
U7878,315,FUSE1,481299.7,481299.7,485095.4314,3795.7314,3795.7314,1003.0,0.264244,1,p:2.3.2.1.3.2
U7879,315,FUSE1,481338.5,481375.7,485879.8314,4541.3314,4541.3314,1003.0,0.22086,1,p:1.1.4.1.1.1
U7880,315,FUSE1,481415.7,481415.7,485759.0314,4343.3314,4343.3314,1003.0,0.230929,1,p:2.2.1.1.2.1
U7881,315,FUSE1,481454.5,481487.9,485174.2314,3719.7314,3719.7314,1003.0,0.269643,1,p:1.3.3.1.1.1
U7882,315,FUSE1,481536.5,481536.5,486037.8314,4501.3314,4501.3314,1003.0,0.222823,1,p:2.1.1.2.1.2
U7883,315,FUSE1,481570.5,481600.1,486111.8314,4541.3314,4541.3314,1003.0,0.22086,1,p:1.2.2.1.3.1
U7884,315,FUSE1,481652.5,481652.5,485332.2314,3679.7314,3679.7314,1003.0,0.272574,1,p:2.3.5.2.1.2
U7885,315,FUSE1,481691.3,481712.3,486464.6314,4773.3314,4773.3314,1003.0,0.210126,1,p:1.1.5.1.3.1
U7886,315,FUSE2,481768.5,481768.5,486269.8314,4501.3314,4501.3314,1035.4,0.230021,1,p:2.2.3.2.3.2
U7887,315,FUSE2,481807.3,481824.5,485527.0314,3719.7314,3719.7314,1035.4,0.278353,1,p:1.3.3.1.1.1
U7888,315,FUSE2,481889.3,481889.3,486390.6314,4501.3314,4501.3314,1035.4,0.230021,1,p:2.1.4.2.1.2
U7889,315,FUSE2,481923.3,481936.7,486348.6314,4425.3314,4425.3314,1035.4,0.233971,1,p:1.2.2.2.2.1
U7890,315,FUSE2,482005.3,482005.3,485799.6954,3794.3954,3794.3954,1035.4,0.272876,1,p:2.3.5.2.1.2
U7891,315,FUSE2,482044.1,482048.9,486701.4314,4657.3314,4657.3314,1035.4,0.222316,1,p:1.1.2.2.2.1
U7892,315,FUSE2,482121.3,482121.3,486585.4314,4464.1314,4464.1314,1035.4,0.231938,1,p:2.2.3.1.1.1
U7893,315,FUSE2,482160.1,482161.1,485915.6954,3755.5954,3755.5954,1035.4,0.275695,1,p:1.3.3.2.3.2
U7894,315,FUSE2,482242.1,482242.1,486944.4,4702.3,4702.3,1035.4,0.22019,1,p:2.1.3.1.1.1
U5995,240,FUSE0,482276.1,482276.1,486506.6314,4230.5314,4230.5314,941.0,0.222431,1,p:1.2.1.1.2.2
U5996,240,FUSE0,482358.1,482358.1,485995.8314,3637.7314,3637.7314,941.0,0.258678,1,p:2.3.5.2.2.1
U5997,240,FUSE0,482396.9,482396.9,486859.4314,4462.5314,4462.5314,941.0,0.210867,1,p:1.1.2.1.2.2
U5998,240,FUSE0,482474.1,482474.1,486975.4314,4501.3314,4501.3314,941.0,0.209049,1,p:2.2.5.2.3.2
U5999,240,FUSE0,482512.9,482512.9,486153.8314,3640.9314,3640.9314,941.0,0.25845,1,p:1.3.4.1.2.2
U6000,240,FUSE0,482594.9,482594.9,487176.4,4581.5,4581.5,941.0,0.205391,1,p:2.1.3.1.3.1
U6001,240,FUSE0,482628.9,482628.9,487060.4,4431.5,4431.5,941.0,0.212343,1,p:1.2.4.2.2.1
U6002,240,FUSE0,482710.9,482710.9,486232.6314,3521.7314,3521.7314,941.0,0.267198,1,p:2.3.1.1.1.1
U6003,240,FUSE1,482749.7,482749.7,487297.2,4547.5,4547.5,1003.0,0.220561,1,p:1.1.4.1.1.1
U6004,240,FUSE1,482826.9,482826.9,487215.2,4388.3,4388.3,1003.0,0.228562,1,p:2.2.1.1.2.2
U6005,240,FUSE1,482865.7,482865.7,486622.6314,3756.9314,3756.9314,1003.0,0.266973,1,p:1.3.5.2.3.2
U6006,240,FUSE1,482947.7,482947.7,487452.0,4504.3,4504.3,1003.0,0.222676,1,p:2.1.1.2.1.2
U6007,240,FUSE1,482981.7,482981.7,487413.2,4431.5,4431.5,1003.0,0.226334,1,p:1.2.3.2.2.1
U6008,240,FUSE1,483063.7,483063.7,486817.4314,3753.7314,3753.7314,1003.0,0.267201,1,p:2.3.4.1.3.1
U6009,240,FUSE1,483102.5,483102.5,487650.0,4547.5,4547.5,1003.0,0.220561,1,p:1.1.3.1.1.1
U6010,240,FUSE1,483179.7,483179.7,487529.2,4349.5,4349.5,1003.0,0.230601,1,p:2.2.2.1.3.1
U6011,240,FUSE1,483218.5,483218.5,486743.4314,3524.9314,3524.9314,1003.0,0.284545,1,p:1.3.1.2.1.2
U6012,240,FUSE2,483300.5,483300.5,487804.8,4504.3,4504.3,1035.4,0.229869,1,p:2.1.2.2.1.2
U6013,240,FUSE2,483334.5,483334.5,487882.0,4547.5,4547.5,1035.4,0.227686,1,p:1.2.5.1.3.1
U6014,240,FUSE2,483416.5,483416.5,487099.2,3682.7,3682.7,1035.4,0.281152,1,p:2.3.5.2.1.2
U6015,240,FUSE2,483455.3,483455.3,488002.8,4547.5,4547.5,1035.4,0.227686,1,p:1.1.1.1.1.1
U6016,240,FUSE2,483532.5,483532.5,487920.8,4388.3,4388.3,1035.4,0.235946,1,p:2.2.4.1.2.2
U6017,240,FUSE2,483571.3,483571.3,487331.2,3759.9,3759.9,1035.4,0.27538,1,p:1.3.2.2.3.2
U6018,240,FUSE2,483653.3,483653.3,488234.8,4581.5,4581.5,1035.4,0.225996,1,p:2.1.4.2.1.1
U6019,240,FUSE2,483687.3,483687.3,488118.8,4431.5,4431.5,1035.4,0.233645,1,p:1.2.5.2.2.1
U6020,240,FUSE2,483769.3,483769.3,487568.0,3798.7,3798.7,1035.4,0.272567,1,p:2.3.5.1.2.2
U4320,173,FUSE0,483808.1,483808.1,488385.8314,4577.7314,4577.7314,941.0,0.20556,1,p:1.1.5.1.1.1
U4321,173,FUSE0,483885.3,483885.3,488268.8,4383.5,4383.5,941.0,0.214669,1,p:2.2.3.1.2.2
U4322,173,FUSE0,483924.1,483924.1,487684.0,3759.9,3759.9,941.0,0.250273,1,p:1.3.4.2.3.2
U4323,173,FUSE0,484002.9,484002.9,488501.8314,4498.9314,4498.9314,941.0,0.209161,1,p:2.1.3.1.3.1
U4324,173,FUSE0,484040.1,484040.1,488500.8,4460.7,4460.7,941.0,0.210953,1,p:1.2.2.2.2.2
U4325,173,FUSE0,484118.9,484118.9,487766.0,3647.1,3647.1,941.0,0.258013,1,p:2.3.1.2.2.1
U4326,173,FUSE0,484157.7,484157.7,488755.8314,4598.1314,4598.1314,941.0,0.204648,1,p:1.1.2.2.2.1
U4327,173,FUSE0,484234.9,484234.9,488617.8314,4382.9314,4382.9314,941.0,0.214696,1,p:2.2.1.1.2.1
U4328,173,FUSE1,484273.7,484273.7,488036.8,3763.1,3763.1,1003.0,0.266536,1,p:1.3.3.2.3.2
U4329,173,FUSE1,484352.5,484352.5,488964.8,4612.3,4612.3,1003.0,0.217462,1,p:2.1.1.1.2.2
U4330,173,FUSE1,484389.7,484389.7,488848.8,4459.1,4459.1,1003.0,0.224933,1,p:1.2.3.2.1.2
U4331,173,FUSE1,484468.5,484468.5,488152.8,3684.3,3684.3,1003.0,0.272236,1,p:2.3.2.1.3.2
U4332,173,FUSE1,484507.3,484507.3,489201.4314,4694.1314,4694.1314,1003.0,0.213671,1,p:1.1.3.2.3.2
U4333,173,FUSE1,484584.5,484584.5,488871.8314,4287.3314,4287.3314,1003.0,0.233945,1,p:2.2.2.2.3.1
U4334,173,FUSE1,484623.3,484623.3,488384.8,3761.5,3761.5,1003.0,0.266649,1,p:1.3.1.2.3.2
U4335,173,FUSE1,484702.1,484702.1,489280.2314,4578.1314,4578.1314,1003.0,0.219085,1,p:2.1.2.1.2.1
U4336,173,FUSE2,484739.3,484739.3,489317.4314,4578.1314,4578.1314,1035.4,0.226162,1,p:1.2.1.2.1.2
U4337,173,FUSE2,484818.1,484818.1,488616.8,3798.7,3798.7,1035.4,0.272567,1,p:2.3.4.2.1.2
U4338,173,FUSE2,484856.9,484856.9,489512.2314,4655.3314,4655.3314,1035.4,0.222412,1,p:1.1.4.1.1.1
U4339,173,FUSE2,484934.1,484934.1,489396.2314,4462.1314,4462.1314,1035.4,0.232042,1,p:2.2.5.1.3.1
U4340,173,FUSE2,485010.7314,485010.7314,488732.8,3722.0686,3722.0686,1035.4,0.278179,1,p:1.3.5.1.3.2
U4341,173,FUSE2,485051.7,485051.7,489861.8314,4810.1314,4810.1314,1035.4,0.215254,1,p:2.1.4.1.1.1
U4342,173,FUSE2,485126.7314,485126.7314,489551.0314,4424.3,4424.3,1035.4,0.234026,1,p:1.2.1.2.3.2
U4343,173,FUSE2,485205.5314,485205.5314,489085.4314,3879.9,3879.9,1035.4,0.266863,1,p:2.3.4.2.2.2
U4344,173,FUSE2,485242.7314,485242.7314,489745.8314,4503.1,4503.1,1035.4,0.22993,1,p:1.1.5.1.3.1
U4345,173,FUSE2,485321.5314,485321.5314,489979.4314,4657.9,4657.9,1035.4,0.222289,1,p:2.2.1.1.2.1
U6021,241,FUSE0,485363.5314,485363.5314,489024.8954,3661.364,3661.364,941.0,0.257008,1,p:1.3.5.1.3.1
U6022,241,FUSE0,485437.5314,485437.5314,490134.2314,4696.7,4696.7,941.0,0.200353,1,p:2.1.1.2.2.2
U6023,241,FUSE0,485479.5314,485479.5314,489900.6314,4421.1,4421.1,941.0,0.212843,1,p:1.2.3.2.3.2
U6024,241,FUSE0,485558.3314,485558.3314,489144.5228,3586.1914,3586.1914,941.0,0.262395,1,p:2.3.4.1.1.1
U6025,241,FUSE0,485595.5314,485595.5314,490016.6314,4421.1,4421.1,941.0,0.212843,1,p:1.1.5.2.1.2
U6026,241,FUSE0,485674.3314,485674.3314,489784.6314,4110.3,4110.3,941.0,0.228937,1,p:2.2.2.2.2.2
U6027,241,FUSE0,485714.9954,485714.9954,489435.0314,3720.036,3720.036,941.0,0.252955,1,p:1.3.3.2.2.2
U6028,241,FUSE0,485790.3314,485790.3314,490366.2314,4575.9,4575.9,941.0,0.205643,1,p:2.1.1.2.1.2
U6029,241,FUSE1,485830.9954,485830.9954,490445.0314,4614.036,4614.036,1003.0,0.21738,1,p:1.2.4.1.3.1
U6030,241,FUSE1,485911.1314,485911.1314,489667.0314,3755.9,3755.9,1003.0,0.267047,1,p:2.3.3.2.1.2
U6031,241,FUSE1,485946.9954,485946.9954,490678.6314,4731.636,4731.636,1003.0,0.211977,1,p:1.1.1.1.2.1
U6032,241,FUSE1,486027.1314,486027.1314,490250.2314,4223.1,4223.1,1003.0,0.237503,1,p:2.2.5.2.3.2
U6033,241,FUSE1,486069.1314,486069.1314,489629.8314,3560.7,3560.7,1003.0,0.281686,1,p:1.3.2.1.2.1
U6034,241,FUSE1,486143.1314,486143.1314,490599.8314,4456.7,4456.7,1003.0,0.225054,1,p:2.1.5.2.3.2
U6035,241,FUSE1,486185.1314,486185.1314,490561.0314,4375.9,4375.9,1003.0,0.22921,1,p:1.2.2.1.1.1
U6036,241,FUSE1,486263.9314,486263.9314,490095.4314,3831.5,3831.5,1003.0,0.261777,1,p:2.3.4.1.3.1
U6037,241,FUSE2,486301.1314,486301.1314,490794.6314,4493.5,4493.5,1035.4,0.230422,1,p:1.1.3.1.3.1
U6038,241,FUSE2,486379.9314,486379.9314,491028.2314,4648.3,4648.3,1035.4,0.222748,1,p:2.2.1.1.2.1
U6039,241,FUSE2,486421.9314,486421.9314,490329.0314,3907.1,3907.1,1035.4,0.265005,1,p:1.3.3.1.2.1
U6040,241,FUSE2,486495.9314,486495.9314,491384.6314,4888.7,4888.7,1035.4,0.211795,1,p:2.1.4.1.2.1
U6041,241,FUSE2,486537.9314,486537.9314,490833.4314,4295.5,4295.5,1035.4,0.241043,1,p:1.2.2.2.2.2
U6042,241,FUSE2,486616.7314,486616.7314,490211.4314,3594.7,3594.7,1035.4,0.288035,1,p:2.3.2.1.1.1
U6043,241,FUSE2,486653.9314,486653.9314,491183.0314,4529.1,4529.1,1035.4,0.228611,1,p:1.1.2.2.2.2
U6044,241,FUSE2,486732.7314,486732.7314,491268.6314,4535.9,4535.9,1035.4,0.228268,1,p:2.2.1.1.1.1
U6045,241,FUSE2,486774.7314,486774.7314,490715.8314,3941.1,3941.1,1035.4,0.262719,1,p:1.3.4.2.1.2
U154,7,FUSE0,486848.7314,486848.7314,491299.0314,4450.3,4450.3,941.0,0.211446,1,p:2.1.3.2.3.2
U155,7,FUSE0,486890.7314,486890.7314,491144.2314,4253.5,4253.5,941.0,0.22123,1,p:1.2.5.1.3.1
U156,7,FUSE0,486975.7,486975.7,490483.8314,3508.1314,3508.1314,941.0,0.268234,1,p:2.3.3.2.2.2
U157,7,FUSE0,487006.7314,487006.7314,491423.4314,4416.7,4416.7,941.0,0.213055,1,p:1.1.2.2.1.2
U158,7,FUSE0,487091.7,487091.7,491621.4314,4529.7314,4529.7314,941.0,0.207739,1,p:2.2.1.1.1.1
U159,7,FUSE0,487130.5,487130.5,490949.4314,3818.9314,3818.9314,941.0,0.246404,1,p:1.3.4.2.3.2
U160,7,FUSE0,487207.7,487207.7,491655.4314,4447.7314,4447.7314,941.0,0.211569,1,p:2.1.2.2.3.2
U161,7,FUSE0,487246.5,487246.5,491539.4314,4292.9314,4292.9314,941.0,0.219198,1,p:1.2.3.2.2.2
U162,7,FUSE1,487328.5,487328.5,490910.6314,3582.1314,3582.1314,1003.0,0.280001,1,p:2.3.5.1.1.1
U163,7,FUSE1,487362.5,487362.5,491853.4314,4490.9314,4490.9314,1003.0,0.223339,1,p:1.1.3.1.3.1
U164,7,FUSE1,487444.5,487444.5,492008.2314,4563.7314,4563.7314,1003.0,0.219776,1,p:2.2.4.2.3.2
U165,7,FUSE1,487483.3,487483.3,491065.4314,3582.1314,3582.1314,1003.0,0.280001,1,p:1.3.3.2.1.2
U166,7,FUSE1,487560.5,487560.5,492090.2314,4529.7314,4529.7314,1003.0,0.221426,1,p:2.1.5.1.2.1
U167,7,FUSE1,487599.3,487599.3,491892.2314,4292.9314,4292.9314,1003.0,0.23364,1,p:1.2.2.2.2.2
U168,7,FUSE1,487681.3,487681.3,491737.4314,4056.1314,4056.1314,1003.0,0.24728,1,p:2.3.4.1.2.1
U169,7,FUSE1,487715.3,487715.3,492245.0314,4529.7314,4529.7314,1003.0,0.221426,1,p:1.1.2.2.2.2
U170,7,FUSE2,487797.3,487797.3,492361.0314,4563.7314,4563.7314,1035.4,0.226876,1,p:2.2.4.2.3.2
U171,7,FUSE2,487836.1,487836.1,491500.6314,3664.5314,3664.5314,1035.4,0.282546,1,p:1.3.5.1.3.1
U172,7,FUSE2,487913.3,487913.3,492679.8314,4766.5314,4766.5314,1035.4,0.217223,1,p:2.1.4.1.1.1
U173,7,FUSE2,487952.1,487952.1,492481.8314,4529.7314,4529.7314,1035.4,0.228579,1,p:1.2.1.2.1.2
U174,7,FUSE2,488034.1,488034.1,492597.8314,4563.7314,4563.7314,1035.4,0.226876,1,p:2.1.5.2.2.2
U175,7,FUSE2,488068.1,488068.1,492443.0314,4374.9314,4374.9314,1035.4,0.236667,1,p:1.2.3.1.2.1
U176,7,FUSE2,488150.1,488150.1,491974.2314,3824.1314,3824.1314,1035.4,0.270754,1,p:2.3.1.1.1.1
U177,7,FUSE2,488184.1,488184.1,492795.8314,4611.7314,4611.7314,1035.4,0.224514,1,p:1.1.3.1.2.1
U178,7,FUSE2,488266.1,488266.1,492834.6314,4568.5314,4568.5314,1035.4,0.226637,1,p:2.2.1.2.1.2
U878,36,FUSE0,488300.1,488300.1,491776.2314,3476.1314,3476.1314,941.0,0.270703,1,p:1.3.5.2.1.2
U879,36,FUSE0,488416.1,488416.1,493066.6314,4650.5314,4650.5314,941.0,0.202342,1,p:2.1.1.2.3.2
U880,36,FUSE0,488417.1314,488417.1314,492713.8314,4296.7,4296.7,941.0,0.219005,1,p:1.2.2.2.3.2
U881,36,FUSE0,488532.1,488532.1,492206.2314,3674.1314,3674.1314,941.0,0.256115,1,p:2.3.1.1.3.1
U882,36,FUSE0,488533.1314,488533.1314,493032.6314,4499.5,4499.5,941.0,0.209134,1,p:1.1.3.1.1.1
U883,36,FUSE0,488648.1,488648.1,493187.4314,4539.3314,4539.3314,941.0,0.207299,1,p:2.2.4.2.1.2
U884,36,FUSE0,488649.1314,488649.1314,492129.0314,3479.9,3479.9,941.0,0.27041,1,p:1.3.3.2.1.2
U885,36,FUSE0,488764.1,488764.1,493419.4314,4655.3314,4655.3314,941.0,0.202134,1,p:2.1.4.2.3.2
U886,36,FUSE0,488787.1314,488787.1314,493303.4314,4516.3,4516.3,941.0,0.208356,1,p:1.2.1.2.2.2
U887,36,FUSE0,488880.1,488880.1,492327.0314,3446.9314,3446.9314,941.0,0.272996,1,p:2.3.5.1.1.1
U888,36,FUSE1,488903.1314,488903.1314,493501.4314,4598.3,4598.3,1003.0,0.218124,1,p:1.1.2.1.2.1
U889,36,FUSE1,488996.1,488996.1,493385.4314,4389.3314,4389.3314,1003.0,0.228509,1,p:2.2.3.1.1.1
U890,36,FUSE1,489056.1954,489056.1954,492559.0314,3502.836,3502.836,1003.0,0.286339,1,p:1.3.2.1.3.1
U891,36,FUSE1,489116.7314,489116.7314,493617.4314,4500.7,4500.7,1003.0,0.222854,1,p:2.1.3.1.3.1
U892,36,FUSE1,489175.8228,489175.8228,493738.2314,4562.4086,4562.4086,1003.0,0.21984,1,p:1.2.4.1.1.1
U893,36,FUSE1,489232.7314,489232.7314,492950.6314,3717.9,3717.9,1003.0,0.269776,1,p:2.3.4.2.2.2
U894,36,FUSE1,489311.5314,489311.5314,494009.0314,4697.5,4697.5,1003.0,0.213518,1,p:1.1.4.2.2.2
U895,36,FUSE1,489348.7314,489348.7314,493772.2314,4423.5,4423.5,1003.0,0.226744,1,p:2.2.2.2.3.2
U896,36,FUSE1,489427.5314,489427.5314,492911.8314,3484.3,3484.3,1003.0,0.287863,1,p:1.3.5.1.3.1
U897,36,FUSE1,489466.3314,489466.3314,494125.0314,4658.7,4658.7,1003.0,0.215296,1,p:2.1.1.2.3.2
U898,36,FUSE2,489543.5314,489543.5314,493148.6314,3605.1,3605.1,1035.4,0.287204,1,p:1.3.2.1.2.1
U899,36,FUSE2,489582.3314,489582.3314,494207.0314,4624.7,4624.7,1035.4,0.223885,1,p:2.1.5.1.2.1
U900,36,FUSE2,489661.1314,489661.1314,493970.2314,4309.1,4309.1,1035.4,0.240282,1,p:1.2.5.1.3.1
U901,36,FUSE2,489698.3314,489698.3314,493264.6314,3566.3,3566.3,1035.4,0.290329,1,p:2.3.5.1.3.1
U902,36,FUSE2,489777.1314,489777.1314,494638.2314,4861.1,4861.1,1035.4,0.212997,1,p:1.1.4.2.1.2
U903,36,FUSE2,489815.9314,489815.9314,494091.0314,4275.1,4275.1,1035.4,0.242193,1,p:2.2.2.1.1.1
U904,36,FUSE2,489893.1314,489893.1314,493656.2314,3763.1,3763.1,1035.4,0.275145,1,p:1.3.1.2.2.2
U905,36,FUSE2,489931.9314,489931.9314,494586.2314,4654.3,4654.3,1035.4,0.222461,1,p:2.1.3.1.2.1
U906,36,FUSE2,490010.7314,490010.7314,494245.8314,4235.1,4235.1,1035.4,0.244481,1,p:1.2.3.2.1.2
U907,36,FUSE2,490047.9314,490047.9314,493540.2314,3492.3,3492.3,1035.4,0.296481,1,p:2.3.5.2.1.2
U2630,106,FUSE0,490126.7314,490126.7314,494870.2314,4743.5,4743.5,941.0,0.198377,1,p:1.1.4.2.3.2
U2631,106,FUSE0,490165.5314,490165.5314,494361.8314,4196.3,4196.3,941.0,0.224245,1,p:2.2.2.2.2.2
U2632,106,FUSE0,490242.7314,490242.7314,493854.2314,3611.5,3611.5,941.0,0.260557,1,p:1.3.1.1.2.1
U2633,106,FUSE0,490281.5314,490281.5314,494833.0314,4551.5,4551.5,941.0,0.206745,1,p:2.1.3.1.1.1
U2634,106,FUSE0,490360.3314,490360.3314,494754.2314,4393.9,4393.9,941.0,0.214161,1,p:1.2.1.2.2.2
U2635,106,FUSE0,490397.5314,490397.5314,493893.0314,3495.5,3495.5,941.0,0.269203,1,p:2.3.3.2.1.2
U2636,106,FUSE0,490476.3314,490476.3314,495223.0314,4746.7,4746.7,941.0,0.198243,1,p:1.1.1.2.3.2
U2637,106,FUSE0,490515.1314,490515.1314,495065.0314,4549.9,4549.9,941.0,0.206818,1,p:2.2.1.1.3.1
U2638,106,FUSE0,490592.3314,490592.3314,494323.0314,3730.7,3730.7,941.0,0.252231,1,p:1.3.4.1.3.1
U2639,106,FUSE1,490631.1314,490631.1314,495575.8314,4944.7,4944.7,1003.0,0.202843,1,p:2.1.4.2.3.2
U2640,106,FUSE1,490709.9314,490709.9314,495185.8314,4475.9,4475.9,1003.0,0.224089,1,p:1.2.4.1.1.1
U2641,106,FUSE1,490747.1314,490747.1314,494470.2314,3723.1,3723.1,1003.0,0.269399,1,p:2.3.1.1.1.1
U2642,106,FUSE1,490825.9314,490825.9314,495417.8314,4591.9,4591.9,1003.0,0.218428,1,p:1.1.3.1.3.1
U2643,106,FUSE1,490864.7314,490864.7314,495107.0314,4242.3,4242.3,1003.0,0.236428,1,p:2.2.3.2.2.2
U2644,106,FUSE1,490941.9314,490941.9314,494477.8314,3535.9,3535.9,1003.0,0.283662,1,p:1.3.5.2.3.2
U2645,106,FUSE1,490980.7314,490980.7314,495654.6314,4673.9,4673.9,1003.0,0.214596,1,p:2.1.2.1.2.1
U2646,106,FUSE1,491059.5314,491059.5314,495301.8314,4242.3,4242.3,1003.0,0.236428,1,p:1.2.2.1.2.1
U2647,106,FUSE1,491096.7314,491096.7314,494702.2314,3605.5,3605.5,1003.0,0.278186,1,p:2.3.2.1.3.1
U2648,106,FUSE2,491175.5314,491175.5314,495812.6314,4637.1,4637.1,1035.4,0.223286,1,p:1.1.5.2.2.2
U2649,106,FUSE2,491214.3314,491214.3314,495891.4314,4677.1,4677.1,1035.4,0.221376,1,p:2.2.4.1.1.1
U2650,106,FUSE2,491299.9314,491299.9314,494949.0314,3649.1,3649.1,1035.4,0.283741,1,p:1.3.5.1.2.1
U2651,106,FUSE2,491330.3314,491330.3314,496123.4314,4793.1,4793.1,1035.4,0.216019,1,p:2.1.1.2.1.1
U2652,106,FUSE2,491415.9314,491415.9314,495770.6314,4354.7,4354.7,1035.4,0.237766,1,p:1.2.1.1.3.1
U2653,106,FUSE2,491454.7314,491454.7314,494991.0314,3536.3,3536.3,1035.4,0.292792,1,p:2.3.2.2.1.2
U2654,106,FUSE2,491531.9314,491531.9314,496174.2314,4642.3,4642.3,1035.4,0.223036,1,p:1.1.2.1.2.2
U2655,106,FUSE2,491570.7314,491570.7314,496044.6314,4473.9,4473.9,1035.4,0.231431,1,p:2.2.4.1.3.2
U2656,106,FUSE2,491652.7314,491652.7314,495343.8314,3691.1,3691.1,1035.4,0.280513,1,p:1.3.5.2.1.2
U2657,106,FUSE2,491686.7314,491686.7314,496642.6314,4955.9,4955.9,1035.4,0.208923,1,p:2.1.1.2.3.1
U805,33,FUSE0,491768.7314,491768.7314,496007.4314,4238.7,4238.7,941.0,0.222002,1,p:1.2.3.1.2.1
U806,33,FUSE0,491807.5314,491807.5314,495459.8314,3652.3,3652.3,941.0,0.257646,1,p:2.3.1.2.2.2
U807,33,FUSE0,491884.7314,491884.7314,496447.8314,4563.1,4563.1,941.0,0.206219,1,p:1.1.2.1.3.2
U808,33,FUSE0,491923.5314,491923.5314,496526.6314,4603.1,4603.1,941.0,0.204427,1,p:2.2.4.2.1.1
U809,33,FUSE0,492005.5314,492005.5314,495538.6314,3533.1,3533.1,941.0,0.266338,1,p:1.3.5.1.1.1
U810,33,FUSE0,492039.5314,492039.5314,496758.6314,4719.1,4719.1,941.0,0.199402,1,p:2.1.5.2.2.1
U811,33,FUSE0,492121.5314,492121.5314,496331.8314,4210.3,4210.3,941.0,0.2235,1,p:1.2.5.1.1.2
U812,33,FUSE0,492160.3314,492160.3314,495696.6314,3536.3,3536.3,941.0,0.266097,1,p:2.3.3.2.1.2
U813,33,FUSE0,492237.5314,492237.5314,496800.6314,4563.1,4563.1,941.0,0.206219,1,p:1.1.3.1.3.2
U814,33,FUSE1,492276.3314,492276.3314,496563.8314,4287.5,4287.5,1003.0,0.233936,1,p:2.2.3.1.2.2
U815,33,FUSE1,492358.3314,492358.3314,495928.6314,3570.3,3570.3,1003.0,0.280929,1,p:1.3.2.2.3.2
U816,33,FUSE1,492392.3314,492392.3314,497037.4314,4645.1,4645.1,1003.0,0.215926,1,p:2.1.2.1.1.2
U817,33,FUSE1,492474.3314,492474.3314,496879.4314,4405.1,4405.1,1003.0,0.227691,1,p:1.2.2.2.1.1
U818,33,FUSE1,492513.1314,492513.1314,496239.4314,3726.3,3726.3,1003.0,0.269168,1,p:2.3.5.2.3.1
U819,33,FUSE1,492590.3314,492590.3314,497390.2314,4799.9,4799.9,1003.0,0.208963,1,p:1.1.1.1.1.2
U820,33,FUSE1,492629.1314,492629.1314,496916.6314,4287.5,4287.5,1003.0,0.233936,1,p:2.2.5.1.2.2
U821,33,FUSE1,492711.1314,492711.1314,496369.0314,3657.9,3657.9,1003.0,0.274201,1,p:1.3.3.2.2.1
U822,33,FUSE1,492745.1314,492745.1314,497464.2314,4719.1,4719.1,1003.0,0.212541,1,p:2.1.2.2.2.1
U823,33,FUSE2,492827.1314,492827.1314,497153.4314,4326.3,4326.3,1035.4,0.239327,1,p:1.2.3.1.3.2
U824,33,FUSE2,492865.9314,492865.9314,496684.6314,3818.7,3818.7,1035.4,0.271139,1,p:2.3.4.1.1.2
U825,33,FUSE2,492943.1314,492943.1314,497585.0314,4641.9,4641.9,1035.4,0.223055,1,p:1.1.5.1.1.1
U826,33,FUSE2,492981.9314,492981.9314,497348.2314,4366.3,4366.3,1035.4,0.237134,1,p:2.2.5.2.3.1
U827,33,FUSE2,493063.9314,493063.9314,496995.4314,3931.5,3931.5,1035.4,0.26336,1,p:1.3.1.2.3.1
U828,33,FUSE2,493097.9314,493097.9314,497817.0314,4719.1,4719.1,1035.4,0.219406,1,p:2.1.3.1.2.1
U829,33,FUSE2,493179.9314,493179.9314,497506.2314,4326.3,4326.3,1035.4,0.239327,1,p:1.2.3.2.3.2
U830,33,FUSE2,493218.7314,493218.7314,497232.2314,4013.5,4013.5,1035.4,0.257979,1,p:2.3.4.2.1.1
U4943,198,FUSE0,493295.9314,493295.9314,498166.6314,4870.7,4870.7,941.0,0.193196,1,p:1.1.4.1.2.1
U4944,198,FUSE0,493334.7314,493334.7314,497855.8314,4521.1,4521.1,941.0,0.208135,1,p:2.2.4.2.3.2
U4945,198,FUSE0,493416.7314,493416.7314,497111.4314,3694.7,3694.7,941.0,0.254689,1,p:1.3.1.2.2.1
U4946,198,FUSE0,493450.7314,493450.7314,498089.4314,4638.7,4638.7,941.0,0.202859,1,p:2.1.3.2.1.2
U4947,198,FUSE0,493532.7314,493532.7314,497971.8314,4439.1,4439.1,941.0,0.21198,1,p:1.2.1.2.2.2
U4948,198,FUSE0,493571.5314,493571.5314,497269.4314,3697.9,3697.9,941.0,0.254469,1,p:2.3.4.1.2.2
U4949,198,FUSE0,493648.7314,493648.7314,498284.2314,4635.5,4635.5,941.0,0.202999,1,p:1.1.2.1.1.1
U4950,198,FUSE1,493687.5314,493687.5314,498050.6314,4363.1,4363.1,1003.0,0.229882,1,p:2.2.2.1.3.1
U4951,198,FUSE1,493769.5314,493769.5314,497622.2314,3852.7,3852.7,1003.0,0.260337,1,p:1.3.4.2.2.2
U4952,198,FUSE1,493803.5314,493803.5314,498749.8314,4946.3,4946.3,1003.0,0.202778,1,p:2.1.4.1.3.1
U4953,198,FUSE1,493885.5314,493885.5314,498439.0314,4553.5,4553.5,1003.0,0.22027,1,p:1.2.4.2.1.2
U4954,198,FUSE1,493924.3314,493924.3314,497739.8314,3815.5,3815.5,1003.0,0.262875,1,p:2.3.1.2.1.2
U4955,198,FUSE1,494001.5314,494001.5314,498904.6314,4903.1,4903.1,1003.0,0.204564,1,p:1.1.1.2.3.2
U4956,198,FUSE1,494040.3314,494040.3314,498400.2314,4359.9,4359.9,1003.0,0.230051,1,p:2.2.3.1.3.1
U4957,198,FUSE2,494122.3314,494122.3314,497701.0314,3578.7,3578.7,1035.4,0.289323,1,p:1.3.2.1.3.1
U4958,198,FUSE2,494156.3314,494156.3314,498865.8314,4709.5,4709.5,1035.4,0.219853,1,p:2.1.5.1.2.1
U4959,198,FUSE2,494238.3314,494238.3314,498516.2314,4277.9,4277.9,1035.4,0.242035,1,p:1.2.5.1.2.1
U4960,198,FUSE2,494277.1314,494277.1314,497934.6314,3657.5,3657.5,1035.4,0.28309,1,p:2.3.5.1.1.1
U4961,198,FUSE2,494354.3314,494354.3314,499020.6314,4666.3,4666.3,1035.4,0.221889,1,p:1.1.3.2.2.2
U4962,198,FUSE2,494393.1314,494393.1314,498671.0314,4277.9,4277.9,1035.4,0.242035,1,p:2.2.3.2.2.2
U4963,198,FUSE2,494501.5314,494501.5314,498321.4314,3819.9,3819.9,1035.4,0.271054,1,p:1.3.1.2.2.2
U5270,211,FUSE0,494509.1314,494509.1314,499215.8314,4706.7,4706.7,941.0,0.199928,1,p:2.1.5.1.2.1
U5271,211,FUSE0,494617.5314,494617.5314,498788.6314,4171.1,4171.1,941.0,0.2256,1,p:1.2.2.2.1.2
U5272,211,FUSE0,494669.5314,494669.5314,498205.4314,3535.9,3535.9,941.0,0.266127,1,p:2.3.5.2.3.2
U5273,211,FUSE0,494733.5314,494733.5314,499336.6314,4603.1,4603.1,941.0,0.204427,1,p:1.1.3.1.1.1
U5274,211,FUSE0,494785.5314,494785.5314,499254.6314,4469.1,4469.1,941.0,0.210557,1,p:2.2.4.2.3.2
U5275,211,FUSE0,494864.3314,494864.3314,498555.0314,3690.7,3690.7,941.0,0.254965,1,p:1.3.1.2.3.2
U5276,211,FUSE0,494901.5314,494901.5314,499689.4314,4787.9,4787.9,941.0,0.196537,1,p:2.1.1.1.1.1
U5277,211,FUSE0,494980.3314,494980.3314,499452.6314,4472.3,4472.3,941.0,0.210406,1,p:1.2.1.1.3.1
U5278,211,FUSE1,495022.3314,495022.3314,498633.8314,3611.5,3611.5,1003.0,0.277724,1,p:2.3.2.1.1.1
U5279,211,FUSE1,495096.3314,495096.3314,499805.4314,4709.1,4709.1,1003.0,0.212992,1,p:1.1.2.1.3.1
U5280,211,FUSE1,495138.3314,495138.3314,499370.6314,4232.3,4232.3,1003.0,0.236987,1,p:2.2.5.2.2.2
U5281,211,FUSE1,495217.1314,495217.1314,498983.8314,3766.7,3766.7,1003.0,0.266281,1,p:1.3.4.1.1.1
U5282,211,FUSE1,495254.3314,495254.3314,499723.4314,4469.1,4469.1,1003.0,0.22443,1,p:2.1.5.2.2.2
U5283,211,FUSE1,495333.1314,495333.1314,499568.6314,4235.5,4235.5,1003.0,0.236808,1,p:1.2.3.1.2.1
U5284,211,FUSE1,495375.1314,495375.1314,499099.8314,3724.7,3724.7,1003.0,0.269283,1,p:2.3.1.1.3.1
U5285,211,FUSE1,495449.1314,495449.1314,499960.2314,4511.1,4511.1,1003.0,0.22234,1,p:1.1.4.2.3.2
U5286,211,FUSE2,495491.1314,495491.1314,502880.4247,7389.2933,7389.2933,1035.4,0.140122,1,p:2.2.1.2.3.2
U5287,211,FUSE2,495569.9314,495569.9314,499138.6314,3568.7,3568.7,1035.4,0.290134,1,p:1.3.2.2.1.2
U5288,211,FUSE2,495607.1314,495607.1314,500076.2314,4469.1,4469.1,1035.4,0.23168,1,p:2.1.5.2.2.2
U5289,211,FUSE2,495685.9314,495685.9314,502764.4247,7078.4933,7078.4933,1035.4,0.146274,1,p:1.2.3.2.1.2
U5290,211,FUSE2,495727.9314,495727.9314,499607.4314,3879.5,3879.5,1035.4,0.26689,1,p:2.3.4.2.3.2
U5291,211,FUSE2,495801.9314,495801.9314,500197.0314,4395.1,4395.1,1035.4,0.235581,1,p:1.1.3.2.1.2
U5292,211,FUSE2,495843.9314,495843.9314,502996.4247,7152.4933,7152.4933,1035.4,0.144761,1,p:2.2.4.1.1.2
U5293,211,FUSE2,495922.7314,495922.7314,499491.4314,3568.7,3568.7,1035.4,0.290134,1,p:1.3.2.2.1.2
U1585,64,FUSE0,495959.9314,495959.9314,500274.2314,4314.3,4314.3,941.0,0.218112,1,p:2.1.5.1.3.1
U1586,64,FUSE0,496038.7314,496038.7314,503228.4247,7189.6933,7189.6933,941.0,0.130882,1,p:1.2.5.1.2.2
U1587,64,FUSE0,496075.9314,496075.9314,499921.4314,3845.5,3845.5,941.0,0.244702,1,p:2.3.1.1.2.1
U1588,64,FUSE0,496154.7314,496154.7314,500429.4314,4274.7,4274.7,941.0,0.220132,1,p:1.1.3.2.3.1
U1589,64,FUSE0,496205.5314,496205.5314,503344.4247,7138.8933,7138.8933,941.0,0.131813,1,p:2.2.3.1.1.2
U1590,64,FUSE0,496270.7314,496270.7314,499844.2314,3573.5,3573.5,941.0,0.263327,1,p:1.3.3.2.1.2
U1591,64,FUSE0,496363.1314,496363.1314,500628.4,4265.2686,4265.2686,941.0,0.220619,1,p:2.1.4.2.1.1
U1592,64,FUSE0,496400.3314,496400.3314,503528.8247,7128.4933,7128.4933,941.0,0.132005,1,p:1.2.4.2.1.1
U1593,64,FUSE0,496479.1314,496479.1314,500042.2314,3563.1,3563.1,941.0,0.264096,1,p:2.3.2.1.1.1
U1594,64,FUSE1,496557.9314,496557.9314,500777.0314,4219.1,4219.1,1003.0,0.237728,1,p:1.1.3.1.2.2
U1595,64,FUSE1,496595.1314,496595.1314,503760.8247,7165.6933,7165.6933,1003.0,0.139972,1,p:2.2.2.2.2.1
U1596,64,FUSE1,496673.9314,496673.9314,500158.2314,3484.3,3484.3,1003.0,0.287863,1,p:1.3.1.1.3.1
U1597,64,FUSE1,496715.9314,496715.9314,501009.0314,4293.1,4293.1,1003.0,0.233631,1,p:2.1.4.1.2.2
U1598,64,FUSE1,496789.9314,496789.9314,500313.0314,3523.1,3523.1,1003.0,0.284692,1,p:1.3.2.2.2.2
U1599,64,FUSE1,496831.9314,496831.9314,501190.2314,4358.3,4358.3,1003.0,0.230136,1,p:2.1.3.1.3.1
U1600,64,FUSE1,496910.7314,496910.7314,504066.1619,7155.4305,7155.4305,1003.0,0.140173,1,p:1.2.1.1.1.2
U1601,64,FUSE1,496947.9314,496947.9314,500429.0314,3481.1,3481.1,1003.0,0.288127,1,p:2.3.4.1.1.2
U1602,64,FUSE1,497026.7314,497026.7314,501450.4,4423.6686,4423.6686,1003.0,0.226735,1,p:1.1.4.2.3.1
U1603,64,FUSE2,497068.7314,497068.7314,504182.1619,7113.4305,7113.4305,1035.4,0.145556,1,p:2.2.5.1.3.2
U1604,64,FUSE2,497142.7314,497142.7314,500545.0314,3402.3,3402.3,1035.4,0.304324,1,p:1.3.1.1.2.2
U1605,64,FUSE2,497184.7314,497184.7314,501605.2,4420.4686,4420.4686,1035.4,0.234229,1,p:2.1.3.2.3.2
U1606,64,FUSE2,497263.5314,497263.5314,504376.9619,7113.4305,7113.4305,1035.4,0.145556,1,p:1.2.1.2.3.1
U1607,64,FUSE2,497300.7314,497300.7314,500661.0314,3360.3,3360.3,1035.4,0.308127,1,p:2.3.2.1.3.2
U1608,64,FUSE2,497379.5314,497379.5314,501663.6,4284.0686,4284.0686,1035.4,0.241686,1,p:1.1.2.1.2.1
U1609,64,FUSE2,497421.5314,497421.5314,504518.9619,7097.4305,7097.4305,1035.4,0.145884,1,p:2.2.5.1.3.1
U1610,64,FUSE2,497495.5314,497495.5314,500815.0314,3319.5,3319.5,1035.4,0.311914,1,p:1.3.1.2.1.1
U1611,64,FUSE2,497537.5314,497537.5314,501800.0,4262.4686,4262.4686,1035.4,0.242911,1,p:2.1.1.2.3.1
U7098,284,FUSE0,497616.3314,497616.3314,504430.9619,6814.6305,6814.6305,941.0,0.138085,1,p:1.2.2.1.1.2
U7099,284,FUSE0,497653.5314,497653.5314,500893.0314,3239.5,3239.5,941.0,0.290477,1,p:2.3.2.1.3.2
U7100,284,FUSE0,497732.3314,497732.3314,501942.8,4210.4686,4210.4686,941.0,0.223491,1,p:1.1.3.1.2.2
U7101,284,FUSE0,497771.1314,497771.1314,504662.9619,6891.8305,6891.8305,941.0,0.136538,1,p:2.2.2.1.2.2
U7102,284,FUSE0,497848.3314,497848.3314,501074.2314,3225.9,3225.9,941.0,0.291702,1,p:1.3.1.2.1.1
U7103,284,FUSE0,497887.1314,497887.1314,502179.6,4292.4686,4292.4686,941.0,0.219221,1,p:2.1.4.1.2.1
U7104,284,FUSE0,497965.9314,497965.9314,505012.1619,7046.2305,7046.2305,941.0,0.133547,1,p:1.2.2.2.1.1
U7105,284,FUSE1,498003.1314,498003.1314,501255.6,3252.4686,3252.4686,1003.0,0.308381,1,p:2.3.2.1.3.2
U7106,284,FUSE1,498081.9314,498081.9314,501429.8314,3347.9,3347.9,1003.0,0.299591,1,p:1.3.1.1.2.2
U7107,284,FUSE1,498120.7314,498120.7314,502378.4,4257.6686,4257.6686,1003.0,0.235575,1,p:2.1.3.2.2.1
U7108,284,FUSE1,498197.9314,498197.9314,501801.2,3603.2686,3603.2686,1003.0,0.278358,1,p:1.3.4.1.1.2
U7109,284,FUSE1,498236.7314,498236.7314,502580.5619,4343.8305,4343.8305,1003.0,0.230902,1,p:2.1.4.1.2.2
U7110,284,FUSE1,498315.5314,498315.5314,502009.2,3693.6686,3693.6686,1003.0,0.271546,1,p:1.3.2.2.1.1
U7111,284,FUSE1,498352.7314,498352.7314,502835.7619,4483.0305,4483.0305,1003.0,0.223733,1,p:2.1.5.1.2.1
U7112,284,FUSE2,498431.5314,498431.5314,502078.4,3646.8686,3646.8686,1035.4,0.283915,1,p:1.3.1.2.3.2
U7113,284,FUSE2,498470.3314,498470.3314,503176.0247,4705.6933,4705.6933,1035.4,0.220031,1,p:2.1.2.2.1.1
U7114,284,FUSE2,498547.5314,498547.5314,502286.1619,3738.6305,3738.6305,1035.4,0.276946,1,p:1.3.2.1.3.2
U7115,284,FUSE2,498586.3314,498586.3314,503460.4247,4874.0933,4874.0933,1035.4,0.212429,1,p:2.1.1.1.3.2
U7116,284,FUSE2,498665.1314,498665.1314,502460.9619,3795.8305,3795.8305,1035.4,0.272773,1,p:1.3.1.1.3.2
U7117,284,FUSE2,498702.3314,498702.3314,503576.4247,4874.0933,4874.0933,1035.4,0.212429,1,p:2.1.5.1.2.2
U7118,284,FUSE2,498781.1314,498781.1314,502678.1619,3897.0305,3897.0305,1035.4,0.265689,1,p:1.3.2.1.3.1
U7119,284,FUSE2,498819.9314,498819.9314,503808.4247,4988.4933,4988.4933,1035.4,0.207558,1,p:2.1.1.1.3.2
U2244,90,FUSE0,498897.1314,498897.1314,503112.4247,4215.2933,4215.2933,941.0,0.223235,1,p:1.3.1.1.3.2
U2245,90,FUSE0,498935.9314,498935.9314,503692.4247,4756.4933,4756.4933,941.0,0.197835,1,p:2.1.5.1.1.2
U2246,90,FUSE0,499015.1314,499015.1314,503010.5619,3995.4305,3995.4305,941.0,0.235519,1,p:1.3.3.2.2.1
U2247,90,FUSE0,499051.9314,499051.9314,503924.4247,4872.4933,4872.4933,941.0,0.193125,1,p:2.1.3.1.2.2
U2248,90,FUSE0,499131.1314,499131.1314,503292.0247,4160.8933,4160.8933,941.0,0.226153,1,p:1.3.4.2.3.1
U2249,90,FUSE0,499169.9314,499169.9314,504113.6247,4943.6933,4943.6933,941.0,0.190344,1,p:2.1.4.2.2.1
U2250,90,FUSE0,499247.1314,499247.1314,503408.0247,4160.8933,4160.8933,941.0,0.226153,1,p:1.3.2.2.2.1
U2251,90,FUSE0,499285.9314,499285.9314,504298.1619,5012.2305,5012.2305,941.0,0.187741,1,p:2.1.2.1.2.2
U2252,90,FUSE1,499367.9314,499367.9314,503644.8247,4276.8933,4276.8933,1003.0,0.234516,1,p:1.3.3.2.3.1
U2253,90,FUSE1,499401.9314,499401.9314,504659.3619,5257.4305,5257.4305,1003.0,0.190778,1,p:2.1.3.2.1.1
U2254,90,FUSE1,499483.9314,499483.9314,503881.6247,4397.6933,4397.6933,1003.0,0.228074,1,p:1.3.4.2.1.1
U2255,90,FUSE1,499522.7314,499522.7314,504775.3619,5252.6305,5252.6305,1003.0,0.190952,1,p:2.1.4.2.3.1
U2256,90,FUSE1,499599.9314,499599.9314,503997.6247,4397.6933,4397.6933,1003.0,0.228074,1,p:1.3.2.2.3.1
U2257,90,FUSE1,499638.7314,499638.7314,504891.3619,5252.6305,5252.6305,1003.0,0.190952,1,p:2.1.3.2.2.1
U2258,90,FUSE1,499720.7314,499720.7314,504260.9619,4540.2305,4540.2305,1003.0,0.220914,1,p:1.3.3.2.1.1
U2259,90,FUSE1,499754.7314,499754.7314,505046.1619,5291.4305,5291.4305,1003.0,0.189552,1,p:2.1.4.1.2.2
U2260,90,FUSE2,499836.7314,499836.7314,504546.9619,4710.2305,4710.2305,1035.4,0.219819,1,p:1.3.4.2.2.2
U2261,90,FUSE2,499875.5314,499875.5314,505519.7619,5644.2305,5644.2305,1035.4,0.183444,1,p:2.1.1.1.1.2
U2262,90,FUSE2,499952.7314,499952.7314,504814.1619,4861.4305,4861.4305,1035.4,0.212983,1,p:1.3.1.1.1.2
U2263,90,FUSE2,499991.5314,499991.5314,505480.9619,5489.4305,5489.4305,1035.4,0.188617,1,p:2.1.3.2.3.1
U2264,90,FUSE2,500073.5314,500073.5314,504930.1619,4856.6305,4856.6305,1035.4,0.213193,1,p:1.3.5.1.3.2
U2265,90,FUSE2,500107.5314,500107.5314,505782.1619,5674.6305,5674.6305,1035.4,0.182461,1,p:2.1.3.1.1.2
U2266,90,FUSE2,500189.5314,500189.5314,505244.1619,5054.6305,5054.6305,1035.4,0.204842,1,p:1.3.1.2.2.1
U2267,90,FUSE2,500228.3314,500228.3314,505734.9619,5506.6305,5506.6305,1035.4,0.188028,1,p:2.1.5.2.2.1
U2268,90,FUSE2,500305.5314,500305.5314,505166.9619,4861.4305,4861.4305,1035.4,0.212983,1,p:1.3.5.1.1.2
U2294,92,FUSE0,500344.3314,500344.3314,506114.9619,5770.6305,5770.6305,941.0,0.163067,1,p:2.1.2.2.2.1
U2295,92,FUSE0,500460.3314,500460.3314,506469.3619,6009.0305,6009.0305,941.0,0.156598,1,p:1.1.3.2.1.1
U2296,92,FUSE0,500460.7314,500460.7314,505282.9619,4822.2305,4822.2305,941.0,0.195138,1,p:2.3.2.1.3.2
U2297,92,FUSE0,500576.3314,500576.3314,506269.7619,5693.4305,5693.4305,941.0,0.165278,1,p:1.1.5.1.2.2
U2298,92,FUSE0,500659.7,500659.7,505398.9619,4739.2619,4739.2619,941.0,0.198554,1,p:2.3.5.1.2.2
U2299,92,FUSE0,500692.3314,500692.3314,506763.7619,6071.4305,6071.4305,941.0,0.154988,1,p:1.1.3.2.2.2
U2300,92,FUSE0,500808.3314,500808.3314,506724.9619,5916.6305,5916.6305,941.0,0.159043,1,p:2.1.1.1.3.1
U2301,92,FUSE0,500846.3314,500846.3314,505850.9619,5004.6305,5004.6305,941.0,0.188026,1,p:1.3.2.2.3.1
U2302,92,FUSE1,500924.3314,500924.3314,506995.7619,6071.4305,6071.4305,1003.0,0.1652,1,p:2.1.5.1.1.2
U2303,92,FUSE1,501040.3314,501040.3314,506230.9619,5190.6305,5190.6305,1003.0,0.193233,1,p:1.3.3.2.3.1
U2304,92,FUSE1,501105.5314,501105.5314,507229.3619,6123.8305,6123.8305,1003.0,0.163786,1,p:2.1.3.2.3.2
U2305,92,FUSE1,501221.5314,501221.5314,506014.1619,4792.6305,4792.6305,1003.0,0.20928,1,p:1.3.4.1.3.2
U2306,92,FUSE1,501286.9,501286.9,507329.3619,6042.4619,6042.4619,1003.0,0.165992,1,p:2.1.4.1.2.1
U2307,92,FUSE1,501461.1314,501461.1314,505128.1619,3667.0305,3667.0305,1003.0,0.273518,1,p:1.2.3.2.3.1
U2308,92,FUSE1,501481.7,501481.7,507368.1619,5886.4619,5886.4619,1003.0,0.170391,1,p:2.1.2.2.1.2
U2309,92,FUSE1,501636.5,501636.5,505364.9619,3728.4619,3728.4619,1003.0,0.269012,1,p:1.2.4.2.1.1
U2310,92,FUSE2,501694.9,501694.9,507484.1619,5789.2619,5789.2619,1035.4,0.178848,1,p:2.1.1.2.2.2
U2311,92,FUSE2,501831.3,501831.3,505596.9619,3765.6619,3765.6619,1035.4,0.274958,1,p:1.2.2.2.2.1
U2312,92,FUSE2,501832.5,501832.5,507918.9619,6086.4619,6086.4619,1035.4,0.170115,1,p:2.1.4.1.1.1
U2313,92,FUSE2,501974.1,501974.1,506608.9619,4634.8619,4634.8619,1035.4,0.223394,1,p:1.3.2.1.2.1
U2314,92,FUSE2,502040.5,502040.5,508271.7619,6231.2619,6231.2619,1035.4,0.166162,1,p:2.1.3.1.1.1
U2315,92,FUSE2,502109.7,502109.7,505635.7619,3526.0619,3526.0619,1035.4,0.293642,1,p:1.2.4.1.3.2
U2316,92,FUSE2,502210.9,502210.9,508073.7619,5862.8619,5862.8619,1035.4,0.176603,1,p:2.1.1.2.1.2
U2317,92,FUSE2,502317.4619,502317.4619,505898.1619,3580.7,3580.7,1035.4,0.289161,1,p:1.2.1.1.2.2
U2318,92,FUSE2,502409.7,502409.7,508542.5619,6132.8619,6132.8619,1035.4,0.168828,1,p:2.1.3.2.2.2
U1936,78,FUSE0,502492.2619,502492.2619,505998.9619,3506.7,3506.7,941.0,0.268343,1,p:1.2.5.2.1.1
U1937,78,FUSE0,502611.8619,502611.8619,506414.1619,3802.3,3802.3,941.0,0.247482,1,p:2.3.4.2.2.2
U1938,78,FUSE0,502709.4619,502709.4619,506153.7619,3444.3,3444.3,941.0,0.273205,1,p:1.2.1.1.1.2
U1939,78,FUSE0,502795.7247,502795.7247,506530.1619,3734.4373,3734.4373,941.0,0.251979,1,p:2.3.5.2.3.2
U1940,78,FUSE0,502867.0619,502867.0619,506346.9619,3479.9,3479.9,941.0,0.27041,1,p:1.2.1.1.3.1
U1941,78,FUSE0,502911.7247,502911.7247,508503.7619,5592.0373,5592.0373,941.0,0.168275,1,p:2.1.5.1.3.1
U1942,78,FUSE0,503027.7247,503027.7247,507074.5619,4046.8373,4046.8373,941.0,0.232527,1,p:1.3.3.1.3.1
U1943,78,FUSE0,503041.8619,503041.8619,506646.1619,3604.3,3604.3,941.0,0.261077,1,p:2.2.4.1.1.2
U1944,78,FUSE0,503143.7247,503143.7247,506840.9619,3697.2373,3697.2373,941.0,0.254514,1,p:1.3.4.2.1.1
U1945,78,FUSE1,503207.3247,503207.3247,506958.5619,3751.2373,3751.2373,1003.0,0.267378,1,p:2.2.2.1.2.1
U1946,78,FUSE1,503259.7247,503259.7247,508740.5619,5480.8373,5480.8373,1003.0,0.183001,1,p:1.1.4.1.2.1
U1947,78,FUSE1,503323.3247,503323.3247,507213.3619,3890.0373,3890.0373,1003.0,0.257838,1,p:2.3.2.1.1.1
U1948,78,FUSE1,503375.7247,503375.7247,506879.7619,3504.0373,3504.0373,1003.0,0.286241,1,p:1.2.1.2.3.2
U1949,78,FUSE1,503439.3247,503439.3247,508779.3619,5340.0373,5340.0373,1003.0,0.187826,1,p:2.1.2.2.1.2
U1950,78,FUSE1,503491.7247,503491.7247,507445.3619,3953.6373,3953.6373,1003.0,0.25369,1,p:1.3.1.1.3.1
U1951,78,FUSE1,503560.1247,503560.1247,507113.3619,3553.2373,3553.2373,1003.0,0.282278,1,p:2.2.5.2.2.2
U1952,78,FUSE1,503607.7247,503607.7247,509093.3619,5485.6373,5485.6373,1003.0,0.182841,1,p:1.1.5.1.2.1
U1953,78,FUSE1,503676.1247,503676.1247,507566.1619,3890.0373,3890.0373,1003.0,0.257838,1,p:2.3.4.1.1.1
U1954,78,FUSE2,503723.7247,503723.7247,507682.1619,3958.4373,3958.4373,1035.4,0.261568,1,p:1.2.3.1.2.1
U1955,78,FUSE2,503792.1247,503792.1247,509464.9619,5672.8373,5672.8373,1035.4,0.182519,1,p:2.1.3.2.2.1
U1956,78,FUSE2,503839.7247,503839.7247,508034.9619,4195.2373,4195.2373,1035.4,0.246804,1,p:1.3.3.1.2.1
U1957,78,FUSE2,503912.9247,503912.9247,507600.1619,3687.2373,3687.2373,1035.4,0.280806,1,p:2.2.5.2.3.2
U1958,78,FUSE2,503955.7247,503955.7247,509545.3619,5589.6373,5589.6373,1035.4,0.185236,1,p:1.1.1.1.1.2
U1959,78,FUSE2,504028.9247,504028.9247,507836.9619,3808.0373,3808.0373,1035.4,0.271899,1,p:2.3.5.2.2.2
U1960,78,FUSE2,504097.4619,504097.4619,507798.1619,3700.7,3700.7,1035.4,0.279785,1,p:1.2.2.1.3.1
U1961,78,FUSE2,504144.9247,504144.9247,509580.9619,5436.0373,5436.0373,1035.4,0.19047,1,p:2.1.4.2.3.1
U1962,78,FUSE2,504213.4619,504213.4619,508658.5619,4445.1,4445.1,1035.4,0.232931,1,p:1.2.1.2.3.2
U513,21,FUSE0,504292.2619,504292.2619,510014.1619,5721.9,5721.9,941.0,0.164456,1,p:2.1.3.1.2.2
U514,21,FUSE0,504329.4619,504404.4619,507720.9619,3391.5,3391.5,941.0,0.277458,1,p:2.2.1.2.1.2
U515,21,FUSE0,504408.2619,504516.6619,509972.1619,5563.9,5563.9,941.0,0.169126,1,p:2.1.2.2.3.1
U516,21,FUSE0,504462.2619,504628.8619,508150.9619,3688.7,3688.7,941.0,0.255103,1,p:2.2.4.1.3.1
U517,21,FUSE0,504550.2619,504741.0619,507952.9619,3402.7,3402.7,941.0,0.276545,1,p:2.3.2.2.3.2
U518,21,FUSE0,504578.2619,504853.2619,510130.1619,5551.9,5551.9,941.0,0.169492,1,p:2.1.1.1.3.2
U519,21,FUSE0,504690.6619,504965.4619,508189.7619,3499.1,3499.1,941.0,0.268926,1,p:2.2.2.2.2.2
U520,21,FUSE1,504694.2619,505077.6619,508387.7619,3693.5,3693.5,1003.0,0.271558,1,p:2.3.5.1.2.1
U521,21,FUSE1,504806.6619,505189.8619,510324.9619,5518.3,5518.3,1003.0,0.181759,1,p:2.1.5.2.3.1
U522,21,FUSE1,504845.4619,505302.0619,508426.5619,3581.1,3581.1,1003.0,0.280082,1,p:2.2.1.2.1.2
U523,21,FUSE1,504922.6619,505414.2619,510482.9619,5560.3,5560.3,1003.0,0.180386,1,p:2.1.4.1.3.2
U524,21,FUSE1,504961.4619,505526.4619,508977.3619,4015.9,4015.9,1003.0,0.249757,1,p:2.2.3.1.1.1
U525,21,FUSE1,505043.4619,505638.6619,508305.7619,3262.3,3262.3,1003.0,0.307452,1,p:2.3.4.2.3.2
U526,21,FUSE1,505077.4619,505750.8619,510798.5619,5721.1,5721.1,1003.0,0.175316,1,p:2.1.3.2.1.1
U527,21,FUSE2,505159.4619,505863.0619,508895.3619,3735.9,3735.9,1035.4,0.277149,1,p:2.2.4.2.2.2
U528,21,FUSE2,505198.2619,505975.2619,508856.5619,3658.3,3658.3,1035.4,0.283028,1,p:2.3.5.1.3.1
U529,21,FUSE2,505275.4619,505781.7134,508624.5619,3349.1,3349.1,1035.4,0.309158,1,p:1.3.2.1.1.1
U530,21,FUSE2,505314.2619,506087.4619,511030.5619,5716.3,5716.3,1035.4,0.181131,1,p:2.1.5.2.3.1
U531,21,FUSE2,505396.2619,505893.9134,510956.5619,5560.3,5560.3,1035.4,0.186213,1,p:1.1.2.1.1.2
U532,21,FUSE2,505430.2619,506199.6619,509386.1619,3955.9,3955.9,1035.4,0.261736,1,p:2.2.5.1.3.2
U533,21,FUSE2,505512.2619,506006.1134,509148.9619,3636.7,3636.7,1035.4,0.284709,1,p:1.2.2.2.1.2
U534,21,FUSE2,505551.0619,506311.8619,509209.3619,3658.3,3658.3,1035.4,0.283028,1,p:2.3.1.1.3.1
U6742,270,FUSE0,505628.2619,506118.3134,509011.3619,3383.1,3383.1,941.0,0.278147,1,p:1.3.3.2.3.2
U6743,270,FUSE0,505667.0619,506424.0619,511383.3619,5716.3,5716.3,941.0,0.164617,1,p:2.1.4.2.3.1
U6744,270,FUSE0,505766.2619,506230.5134,511151.3619,5385.1,5385.1,941.0,0.174741,1,p:1.1.4.2.1.1
U6745,270,FUSE0,505813.4619,506536.2619,509661.3619,3847.9,3847.9,941.0,0.244549,1,p:2.2.2.1.2.2
U6746,270,FUSE0,505882.2619,506342.7134,509740.1619,3857.9,3857.9,941.0,0.243915,1,p:1.2.3.2.1.1
U6747,270,FUSE0,505929.4619,506648.4619,509343.7619,3414.3,3414.3,941.0,0.275606,1,p:2.3.2.2.1.1
U6748,270,FUSE0,506030.2619,506760.6619,511662.1619,5631.9,5631.9,941.0,0.167084,1,p:2.1.2.1.1.2
U6749,270,FUSE0,506045.4619,506454.9134,509270.1619,3224.7,3224.7,941.0,0.29181,1,p:1.3.4.1.2.2
U6750,270,FUSE0,506146.2619,506872.8619,510092.9619,3946.7,3946.7,941.0,0.238427,1,p:2.2.5.2.1.1
U6751,270,FUSE1,506185.0619,506567.1134,511541.3619,5356.3,5356.3,1003.0,0.187256,1,p:1.1.1.1.3.2
U6752,270,FUSE1,506262.2619,506985.0619,509856.1619,3593.9,3593.9,1003.0,0.279084,1,p:2.3.1.2.2.1
U6753,270,FUSE1,506301.0619,506679.3134,509898.1619,3597.1,3597.1,1003.0,0.278836,1,p:1.2.4.1.1.2
U6754,270,FUSE1,506378.2619,507097.2619,512130.9619,5752.7,5752.7,1003.0,0.174353,1,p:2.1.1.1.2.2
U6755,270,FUSE1,506445.4619,506791.5134,509777.3619,3331.9,3331.9,1003.0,0.301029,1,p:1.3.5.1.3.2
U6756,270,FUSE1,506500.6619,507209.4619,510445.7619,3945.1,3945.1,1003.0,0.254239,1,p:2.2.1.2.1.1
U6757,270,FUSE1,506561.4619,506903.7134,511894.1619,5332.7,5332.7,1003.0,0.188085,1,p:1.1.5.1.3.2
U6758,270,FUSE1,506640.2619,507321.6619,510208.9619,3568.7,3568.7,1003.0,0.281055,1,p:2.3.4.2.2.1
U6759,270,FUSE1,506677.4619,507015.9134,510250.9619,3573.5,3573.5,1003.0,0.280677,1,p:1.2.2.1.1.2
U6760,270,FUSE2,506756.2619,507433.8619,512441.7619,5685.5,5685.5,1035.4,0.182112,1,p:2.1.1.2.3.1
U6761,270,FUSE2,506795.0619,507546.0619,510914.5619,4119.5,4119.5,1035.4,0.251341,1,p:2.2.4.2.2.1
U6762,270,FUSE2,506872.2619,507128.1134,510366.9619,3494.7,3494.7,1035.4,0.296277,1,p:1.3.3.1.2.2
U6763,270,FUSE2,506911.0619,507658.2619,510603.7619,3692.7,3692.7,1035.4,0.280391,1,p:2.3.2.1.1.2
U6764,270,FUSE2,506989.8619,507240.3134,512246.9619,5257.1,5257.1,1035.4,0.196953,1,p:1.1.2.1.3.2
U6765,270,FUSE2,507027.0619,507770.4619,512836.5619,5809.5,5809.5,1035.4,0.178225,1,p:2.1.5.1.2.2
U6766,270,FUSE2,507105.8619,507352.5134,510719.7619,3613.9,3613.9,1035.4,0.286505,1,p:1.2.5.1.2.2
U6767,270,FUSE2,507144.6619,507882.6619,511267.3619,4122.7,4122.7,1035.4,0.251146,1,p:2.2.1.2.2.1
U4140,166,FUSE0,507244.6619,507994.8619,511072.5619,3827.9,3827.9,941.0,0.245827,1,p:2.3.3.1.2.2
U4141,166,FUSE0,507260.6619,507464.7134,510561.7619,3301.1,3301.1,941.0,0.285056,1,p:1.3.3.2.2.1
U4142,166,FUSE0,507360.6619,508107.0619,513073.3619,5712.7,5712.7,941.0,0.164721,1,p:2.1.2.1.1.2
U4143,166,FUSE0,507399.4619,507576.9134,512794.5619,5395.1,5395.1,941.0,0.174418,1,p:1.1.3.2.3.1
U4144,166,FUSE0,507476.6619,508219.2619,511504.1619,4027.5,4027.5,941.0,0.233644,1,p:2.2.2.2.1.1
U4145,166,FUSE0,507515.4619,507689.1134,510835.7619,3320.3,3320.3,941.0,0.283408,1,p:1.2.1.1.3.2
U4146,166,FUSE0,507597.4619,508331.4619,511188.5619,3591.1,3591.1,941.0,0.262037,1,p:2.3.2.1.3.2
U4147,166,FUSE0,507631.4619,507801.3134,510677.7619,3046.3,3046.3,941.0,0.308899,1,p:1.3.1.2.3.1
U4148,166,FUSE0,507713.4619,508443.6619,513384.1619,5670.7,5670.7,941.0,0.165941,1,p:2.1.4.2.2.1
U4149,166,FUSE0,507752.2619,507913.5134,512915.3619,5163.1,5163.1,941.0,0.182255,1,p:1.1.2.2.1.1
U4150,166,FUSE1,507829.4619,508555.8619,511856.9619,4027.5,4027.5,1003.0,0.249038,1,p:2.2.1.2.1.1
U4151,166,FUSE1,507868.2619,508025.7134,511309.3619,3441.1,3441.1,1003.0,0.291477,1,p:1.2.5.1.1.2
U4152,166,FUSE1,507950.2619,508668.0619,511620.1619,3669.9,3669.9,1003.0,0.273304,1,p:2.3.5.2.2.1
U4153,166,FUSE1,507984.2619,508137.9134,511425.3619,3441.1,3441.1,1003.0,0.291477,1,p:1.3.3.1.2.2
U4154,166,FUSE1,508066.2619,508780.2619,513994.1619,5927.9,5927.9,1003.0,0.1692,1,p:2.1.3.1.2.1
U4155,166,FUSE1,508105.0619,508250.1134,513305.3619,5200.3,5200.3,1003.0,0.192873,1,p:1.1.1.1.3.2
U4156,166,FUSE1,508182.2619,508892.4619,512209.7619,4027.5,4027.5,1003.0,0.249038,1,p:2.2.5.2.1.1
U4157,166,FUSE1,508221.0619,508362.3134,511736.1619,3515.1,3515.1,1003.0,0.28534,1,p:1.2.4.2.3.1
U4158,166,FUSE1,508303.0619,509004.6619,511972.9619,3669.9,3669.9,1003.0,0.273304,1,p:2.3.2.2.2.1
U4159,166,FUSE2,508337.0619,508474.5134,511778.1619,3441.1,3441.1,1035.4,0.300892,1,p:1.3.3.1.2.2
U4160,166,FUSE2,508419.0619,509116.8619,514269.3619,5850.3,5850.3,1035.4,0.176982,1,p:2.1.1.1.1.1
U4161,166,FUSE2,508457.8619,508586.7134,513848.1619,5390.3,5390.3,1035.4,0.192086,1,p:1.1.4.1.1.1
U4162,166,FUSE2,508535.0619,509229.0619,512678.5619,4143.5,4143.5,1035.4,0.249885,1,p:2.2.2.2.2.1
U4163,166,FUSE2,508573.8619,508698.9134,512014.9619,3441.1,3441.1,1035.4,0.300892,1,p:1.2.4.1.1.2
U4164,166,FUSE2,508655.8619,509341.2619,512367.7619,3711.9,3711.9,1035.4,0.278941,1,p:2.3.4.1.1.2
U4165,166,FUSE2,508689.8619,508811.1134,512088.9619,3399.1,3399.1,1035.4,0.30461,1,p:1.3.3.2.3.1
U4166,166,FUSE2,508771.8619,509453.4619,514854.1619,6082.3,6082.3,1035.4,0.170232,1,p:2.1.3.1.3.1
U4167,166,FUSE2,508810.6619,508923.3134,514125.7619,5315.1,5315.1,1035.4,0.194803,1,p:1.1.4.1.3.1
U4168,166,FUSE2,508887.8619,509565.6619,512952.5619,4064.7,4064.7,1035.4,0.25473,1,p:2.2.4.1.3.2
U784,32,FUSE0,508926.6619,509677.8619,512599.7619,3673.1,3673.1,941.0,0.256187,1,p:2.3.4.1.3.2
U785,32,FUSE0,509008.6619,509035.5134,512562.5619,3553.9,3553.9,941.0,0.26478,1,p:1.2.3.2.1.1
U786,32,FUSE0,509042.6619,509790.0619,515090.9619,6048.3,6048.3,941.0,0.155581,1,p:2.1.1.1.2.1
U787,32,FUSE0,509124.6619,509147.7134,512325.7619,3201.1,3201.1,941.0,0.293961,1,p:1.3.3.2.2.1
U788,32,FUSE0,509180.2619,509902.2619,513268.1619,4087.9,4087.9,941.0,0.230192,1,p:2.2.4.2.1.1
U789,32,FUSE0,509240.6619,509259.9134,514385.3619,5144.7,5144.7,941.0,0.182907,1,p:1.1.5.1.2.1
U790,32,FUSE0,509301.4619,510014.4619,513031.3619,3729.9,3729.9,941.0,0.252286,1,p:2.3.1.2.2.1
U791,32,FUSE1,509375.0619,509375.0619,512720.5619,3345.5,3345.5,1003.0,0.299806,1,p:1.2.1.1.1.2
U792,32,FUSE1,509417.4619,510126.6619,515361.7619,5944.3,5944.3,1003.0,0.168733,1,p:2.1.1.2.3.2
U793,32,FUSE1,509496.2619,509496.2619,512483.7619,2987.5,2987.5,1003.0,0.335732,1,p:1.3.5.1.2.2
U794,32,FUSE1,509576.6619,509608.4619,515206.9619,5630.3,5630.3,1003.0,0.178143,1,p:1.1.3.1.3.1
U795,32,FUSE1,509612.2619,510238.8619,513600.9619,3988.7,3988.7,1003.0,0.25146,1,p:2.2.1.2.1.2
U796,32,FUSE1,509692.6619,509720.6619,513147.3619,3454.7,3454.7,1003.0,0.290329,1,p:1.2.5.2.3.1
U797,32,FUSE1,509771.4619,510351.0619,513426.1619,3654.7,3654.7,1003.0,0.274441,1,p:2.3.2.1.1.2
U798,32,FUSE2,509808.6619,509832.8619,513189.3619,3380.7,3380.7,1035.4,0.306268,1,p:1.3.3.1.2.2
U799,32,FUSE2,509887.4619,510463.2619,515559.7619,5672.3,5672.3,1035.4,0.182536,1,p:2.1.5.1.3.1
U800,32,FUSE2,509929.4619,509945.0619,514892.9619,4963.5,4963.5,1035.4,0.208603,1,p:1.1.2.2.2.2
U801,32,FUSE2,510003.4619,510575.4619,514064.9619,4061.5,4061.5,1035.4,0.25493,1,p:2.2.5.2.1.2
U802,32,FUSE2,510045.4619,510057.2619,513500.1619,3454.7,3454.7,1035.4,0.299708,1,p:1.2.5.2.3.1
U803,32,FUSE2,510124.2619,510687.6619,513832.9619,3708.7,3708.7,1035.4,0.279181,1,p:2.3.2.2.3.2
U804,32,FUSE2,510161.4619,510169.4619,513616.1619,3454.7,3454.7,1035.4,0.299708,1,p:1.3.3.1.2.1
U1345,55,FUSE0,510240.2619,510281.6619,515327.7619,5087.5,5087.5,941.0,0.184963,1,p:1.1.4.1.1.1
U1346,55,FUSE0,510282.2619,510799.8619,516127.7619,5845.5,5845.5,941.0,0.160979,1,p:2.1.1.1.3.2
U1347,55,FUSE0,510356.2619,510393.8619,513732.1619,3375.9,3375.9,941.0,0.27874,1,p:1.2.5.1.3.1
U1348,55,FUSE0,510398.2619,510912.0619,514424.1619,4025.9,4025.9,941.0,0.233737,1,p:2.2.3.2.1.2
U1349,55,FUSE0,510477.0619,510506.0619,513716.9619,3239.9,3239.9,941.0,0.290441,1,p:1.3.3.2.2.2
U1350,55,FUSE0,510514.2619,511024.2619,517070.1619,6555.9,6524.6,1591.2,0.243877,2,p:1.2.1.1.2.2
U1351,55,FUSE0,510593.0619,510618.2619,515895.7619,5302.7,5302.7,941.0,0.177457,1,p:1.1.1.1.1.2
U1352,55,FUSE0,510635.0619,511136.4619,516206.5619,5571.5,5571.5,941.0,0.168895,1,p:2.1.2.2.2.1
U1353,55,FUSE0,510709.0619,510730.4619,514180.9619,3471.9,3471.9,941.0,0.271033,1,p:1.2.3.2.2.2
U1354,55,FUSE1,510751.0619,511248.6619,514776.9619,4025.9,4025.9,1003.0,0.249137,1,p:2.2.1.2.1.2
U1355,55,FUSE1,510829.8619,510842.6619,513948.9619,3119.1,3119.1,1003.0,0.321567,1,p:1.3.1.1.3.2
U1356,55,FUSE1,510867.0619,511360.8619,514501.3619,3634.3,3634.3,1003.0,0.275982,1,p:2.3.4.1.3.1
U1357,55,FUSE1,510945.8619,510954.8619,516675.3619,5729.5,5729.5,1003.0,0.175059,1,p:1.1.3.2.3.1
U1358,55,FUSE1,510987.8619,511473.0619,516601.3619,5613.5,5613.5,1003.0,0.178676,1,p:2.1.4.1.1.2
U1359,55,FUSE1,511061.8619,511067.0619,514622.1619,3560.3,3560.3,1003.0,0.281718,1,p:1.2.1.1.1.1
U1360,55,FUSE1,511103.8619,511585.2619,514974.9619,3871.1,3871.1,1003.0,0.259099,1,p:2.2.5.1.1.1
U1361,55,FUSE1,511182.6619,511182.6619,514296.9619,3114.3,3114.3,1003.0,0.322063,1,p:1.3.2.2.3.2
U1362,55,FUSE1,511219.8619,511697.4619,514738.1619,3518.3,3518.3,1003.0,0.285081,1,p:2.3.2.1.2.1
U1363,55,FUSE2,511298.6619,511298.6619,516559.3619,5260.7,5260.7,1035.4,0.196818,1,p:1.1.2.2.2.1
U1364,55,FUSE2,511340.6619,511809.6619,517538.9619,6198.3,6198.3,1035.4,0.167046,1,p:2.1.3.1.3.2
U1365,55,FUSE2,511414.6619,511414.6619,514656.1619,3241.5,3241.5,1035.4,0.31942,1,p:1.2.4.2.3.2
U1366,55,FUSE2,511456.6619,511921.8619,515245.7619,3789.1,3789.1,1035.4,0.273258,1,p:2.2.2.2.2.2
U1367,55,FUSE2,511535.4619,511535.4619,514540.1619,3004.7,3004.7,1035.4,0.344593,1,p:1.3.5.2.2.2
U1368,55,FUSE2,511572.6619,512034.0619,515008.9619,3436.3,3436.3,1035.4,0.301312,1,p:2.3.4.2.3.2
U1369,55,FUSE2,511651.4619,511651.4619,516912.1619,5260.7,5260.7,1035.4,0.196818,1,p:1.1.2.2.2.1
U1370,55,FUSE2,511693.4619,512146.2619,517380.9619,5687.5,5687.5,1035.4,0.182048,1,p:2.1.4.2.3.1
U1371,55,FUSE2,511767.4619,511767.4619,515714.5619,3947.1,3947.1,1035.4,0.262319,1,p:1.2.3.1.3.2
U1372,55,FUSE2,511809.4619,512258.4619,515598.5619,3789.1,3789.1,1035.4,0.273258,1,p:2.2.2.2.2.2
U7828,313,FUSE0,511888.2619,511888.2619,515443.7619,3555.5,3555.5,941.0,0.26466,1,p:1.3.3.1.2.1
U7829,313,FUSE0,511925.4619,512000.4619,517306.9619,5381.5,5381.5,941.0,0.174858,1,p:1.1.1.1.1.2
U7830,313,FUSE0,512004.2619,512370.6619,515482.5619,3478.3,3478.3,941.0,0.270534,1,p:2.3.1.2.1.2
U7831,313,FUSE0,512046.2619,512112.6619,516011.7619,3965.5,3965.5,941.0,0.237297,1,p:1.2.3.1.2.2
U7832,313,FUSE0,512120.2619,512482.8619,517891.7619,5771.5,5771.5,941.0,0.163043,1,p:2.1.1.1.3.2
U7833,313,FUSE0,512162.2619,512224.8619,515129.7619,2967.5,2967.5,941.0,0.317102,1,p:1.3.5.2.1.2
U7834,313,FUSE0,512241.0619,512595.0619,515912.5619,3671.5,3671.5,941.0,0.256299,1,p:2.2.2.2.3.1
U7835,313,FUSE1,512278.2619,512337.0619,517501.7619,5223.5,5223.5,1003.0,0.192017,1,p:1.1.2.2.1.1
U7836,313,FUSE1,512357.0619,512707.2619,516364.5619,4007.5,4007.5,1003.0,0.250281,1,p:2.3.3.1.2.2
U7837,313,FUSE1,512399.0619,512449.2619,515796.5619,3397.5,3397.5,1003.0,0.295217,1,p:1.2.5.2.2.1
U7838,313,FUSE1,512473.0619,512819.4619,518086.5619,5613.5,5613.5,1003.0,0.178676,1,p:2.1.2.2.3.1
U7839,313,FUSE1,512515.0619,512561.4619,515680.5619,3165.5,3165.5,1003.0,0.316854,1,p:1.3.4.1.1.1
U7840,313,FUSE1,512593.8619,512931.6619,516954.1619,4360.3,4360.3,1003.0,0.23003,1,p:2.2.3.1.1.2
U7841,313,FUSE1,512631.0619,512673.6619,518365.3619,5734.3,5734.3,1003.0,0.174912,1,p:1.1.3.1.1.2
U7842,313,FUSE2,512709.8619,512785.8619,516480.5619,3770.7,3770.7,1035.4,0.274591,1,p:1.2.1.1.3.2
U7843,313,FUSE2,512751.8619,513043.8619,516248.5619,3496.7,3496.7,1035.4,0.296108,1,p:2.3.5.1.1.2
U7844,313,FUSE2,512825.8619,512898.0619,516090.5619,3264.7,3264.7,1035.4,0.31715,1,p:1.3.4.2.1.1
U7845,313,FUSE2,512867.8619,513156.0619,518439.3619,5571.5,5571.5,1035.4,0.185839,1,p:2.1.2.2.3.1
U7846,313,FUSE2,512946.6619,513010.2619,518481.3619,5534.7,5534.7,1035.4,0.187074,1,p:1.1.1.1.2.2
U7847,313,FUSE2,512983.8619,513268.2619,516833.3619,3849.5,3849.5,1035.4,0.26897,1,p:2.2.5.1.3.2
U7848,313,FUSE2,513062.6619,513122.4619,516717.3619,3654.7,3654.7,1035.4,0.283306,1,p:1.2.1.1.2.2
U1760,71,FUSE0,513104.6619,513380.4619,516443.3619,3338.7,3338.7,941.0,0.281846,1,p:2.3.5.2.1.1
U1761,71,FUSE0,513178.6619,513234.6619,516322.5619,3143.9,3143.9,941.0,0.29931,1,p:1.3.4.2.3.1
U1762,71,FUSE0,513220.6619,513492.6619,518792.1619,5571.5,5571.5,941.0,0.168895,1,p:2.1.4.2.3.1
U1763,71,FUSE0,513299.4619,513346.8619,518560.1619,5260.7,5260.7,941.0,0.178874,1,p:1.1.5.2.1.1
U1764,71,FUSE0,513336.6619,513604.8619,517028.1619,3691.5,3691.5,941.0,0.25491,1,p:2.2.4.2.3.1
U1765,71,FUSE0,513415.4619,513717.0619,516796.1619,3380.7,3380.7,941.0,0.278345,1,p:2.3.4.2.1.1
U1766,71,FUSE0,513457.4619,513571.2619,517186.1619,3728.7,3728.7,941.0,0.252367,1,p:1.3.3.1.3.2
U1767,71,FUSE0,513531.4619,513829.2619,519028.9619,5497.5,5497.5,941.0,0.171169,1,p:2.1.5.2.2.1
U1768,71,FUSE0,513632.2619,513683.4619,519186.9619,5554.7,5554.7,941.0,0.169406,1,p:1.1.1.1.2.2
U1769,71,FUSE1,513647.4619,513941.4619,517422.9619,3775.5,3775.5,1003.0,0.26566,1,p:2.2.5.1.2.2
U1770,71,FUSE1,513748.2619,513795.6619,517775.7619,4027.5,4027.5,1003.0,0.249038,1,p:1.2.3.1.2.2
U1771,71,FUSE1,513763.4619,514053.6619,517264.9619,3501.5,3501.5,1003.0,0.286449,1,p:2.3.2.2.2.1
U1772,71,FUSE1,513864.2619,513907.8619,517148.9619,3284.7,3284.7,1003.0,0.305355,1,p:1.3.5.2.1.1
U1773,71,FUSE1,513879.4619,514165.8619,519971.3619,6091.9,6091.9,1003.0,0.164645,1,p:2.1.3.2.1.1
U1774,71,FUSE1,513980.2619,514020.0619,519265.7619,5285.5,5285.5,1003.0,0.189764,1,p:1.1.2.2.1.1
U1775,71,FUSE1,514025.4619,514278.0619,517733.7619,3708.3,3708.3,1003.0,0.270474,1,p:2.2.2.2.3.1
U1776,71,FUSE1,514096.2619,514132.2619,517659.7619,3563.5,3563.5,1003.0,0.281465,1,p:1.2.4.1.1.2
U1777,71,FUSE1,514157.0619,514390.2619,518128.5619,3971.5,3971.5,1003.0,0.252549,1,p:2.3.3.1.2.2
U1778,71,FUSE2,514212.2619,514244.4619,517617.7619,3405.5,3405.5,1035.4,0.304038,1,p:1.3.1.2.2.1
U1779,71,FUSE2,514300.6619,514356.6619,519734.5619,5433.9,5433.9,1035.4,0.190545,1,p:1.1.5.2.2.1
U1780,71,FUSE2,514328.2619,514502.4619,520087.3619,5759.1,5759.1,1035.4,0.179785,1,p:2.1.1.2.2.1
U1781,71,FUSE2,514416.6619,514468.8619,517970.5619,3553.9,3553.9,1035.4,0.291342,1,p:1.2.4.2.2.1
U1782,71,FUSE2,514455.4619,514614.6619,518718.1619,4262.7,4262.7,1035.4,0.242898,1,p:2.2.3.1.1.2
U1783,71,FUSE2,514532.6619,514581.0619,517854.5619,3321.9,3321.9,1035.4,0.311689,1,p:1.3.5.2.1.1
U1784,71,FUSE2,514571.4619,514726.8619,518207.3619,3635.9,3635.9,1035.4,0.284771,1,p:2.3.1.2.1.1
U1785,71,FUSE2,514653.4619,514693.2619,520129.3619,5475.9,5475.9,1035.4,0.189083,1,p:1.1.5.1.1.2
U4886,196,FUSE0,514687.4619,514839.0619,520008.5619,5321.1,5321.1,941.0,0.176843,1,p:2.1.2.1.3.2
U4887,196,FUSE0,514769.4619,514805.4619,518323.3619,3553.9,3553.9,941.0,0.26478,1,p:1.2.5.2.2.1
U4888,196,FUSE0,514808.2619,514951.2619,518597.3619,3789.1,3789.1,941.0,0.248344,1,p:2.2.4.1.3.2
U4889,196,FUSE0,514885.4619,514917.6619,518012.5619,3127.1,3127.1,941.0,0.300918,1,p:1.3.5.1.1.2
U4890,196,FUSE0,514924.2619,515063.4619,518244.5619,3320.3,3320.3,941.0,0.283408,1,p:2.3.4.1.3.2
U4891,196,FUSE0,515006.2619,515029.8619,520361.3619,5355.1,5355.1,941.0,0.17572,1,p:1.1.5.1.3.2
U4892,196,FUSE0,515040.2619,515175.6619,520482.1619,5441.9,5441.9,941.0,0.172918,1,p:2.1.4.1.1.2
U4893,196,FUSE0,515122.2619,515142.0619,518676.1619,3553.9,3553.9,941.0,0.26478,1,p:1.2.2.2.2.1
U4894,196,FUSE0,515161.0619,515287.8619,518834.1619,3673.1,3673.1,941.0,0.256187,1,p:2.2.5.1.2.2
U4895,196,FUSE1,515238.2619,515254.2619,519070.9619,3832.7,3832.7,1003.0,0.261695,1,p:1.3.3.1.1.2
U4896,196,FUSE1,515277.0619,515400.0619,518912.9619,3635.9,3635.9,1003.0,0.27586,1,p:2.3.1.2.1.1
U4897,196,FUSE1,515359.0619,515366.4619,520908.9619,5549.9,5549.9,1003.0,0.180724,1,p:1.1.1.2.3.1
U4898,196,FUSE1,515393.0619,515512.2619,526422.1619,11029.1,10997.8,1715.2,0.155958,2,p:2.1.5.2.1.2
U4899,196,FUSE1,515475.0619,515478.6619,519144.9619,3669.9,3669.9,1003.0,0.273304,1,p:1.2.4.2.3.1
U4900,196,FUSE1,515513.8619,515590.8619,519302.9619,3789.1,3789.1,1003.0,0.264707,1,p:1.3.3.1.3.2
U4901,196,FUSE1,515591.0619,515624.4619,519381.7619,3790.7,3790.7,1003.0,0.264595,1,p:2.2.1.2.2.1
U4902,196,FUSE1,515629.8619,515703.0619,521029.7619,5399.9,5399.9,1003.0,0.185744,1,p:1.1.2.2.1.1
U4903,196,FUSE1,515711.8619,515736.6619,518950.1619,3238.3,3238.3,1003.0,0.30973,1,p:2.3.2.1.3.2
U4904,196,FUSE2,515745.8619,515815.2619,519423.7619,3677.9,3677.9,1035.4,0.281519,1,p:1.2.4.1.1.2
U4905,196,FUSE2,515827.8619,515848.8619,521184.9619,5357.1,5357.1,1035.4,0.193276,1,p:2.1.5.2.3.1
U4906,196,FUSE2,515927.0619,515927.4619,519655.7619,3728.7,3728.7,1035.4,0.277684,1,p:1.3.3.1.3.2
U4907,196,FUSE2,515943.8619,515961.0619,519539.7619,3595.9,3595.9,1035.4,0.287939,1,p:2.2.2.1.2.2
U4908,196,FUSE2,516043.0619,516043.0619,521414.9619,5371.9,5371.9,1035.4,0.192744,1,p:1.1.4.2.1.2
U4909,196,FUSE2,516121.8619,516121.8619,519497.7619,3375.9,3375.9,1035.4,0.306703,1,p:2.3.5.2.3.1
U4910,196,FUSE2,516159.0619,516159.0619,520324.1619,4165.1,4165.1,1035.4,0.248589,1,p:1.2.3.2.1.1
U4911,196,FUSE2,516237.8619,516237.8619,521646.9619,5409.1,5409.1,1035.4,0.191418,1,p:2.1.5.1.3.2
U4912,196,FUSE2,516279.8619,516279.8619,519776.5619,3496.7,3496.7,1035.4,0.296108,1,p:1.3.1.1.1.2
U4913,196,FUSE2,516353.8619,516353.8619,519892.5619,3538.7,3538.7,1035.4,0.292593,1,p:2.2.4.1.2.2
U6121,245,FUSE0,516395.8619,516395.8619,522128.1619,5732.3,5732.3,941.0,0.164157,1,p:1.1.3.2.1.2
U6122,245,FUSE0,516474.6619,516474.6619,519618.5619,3143.9,3143.9,941.0,0.29931,1,p:2.3.4.2.1.1
U6123,245,FUSE0,516511.8619,516511.8619,520245.3619,3733.5,3733.5,941.0,0.252042,1,p:1.2.1.1.2.2
U6124,245,FUSE0,516590.6619,516590.6619,521841.3619,5250.7,5250.7,941.0,0.179214,1,p:2.1.4.2.3.1
U6125,245,FUSE0,516632.6619,516632.6619,519850.5619,3217.9,3217.9,941.0,0.292427,1,p:1.3.2.2.3.1
U6126,245,FUSE0,516706.6619,516706.6619,520792.9619,4086.3,4086.3,941.0,0.230282,1,p:2.2.3.2.2.1
U6127,245,FUSE0,516748.6619,516748.6619,522266.1619,5517.5,5517.5,941.0,0.170548,1,p:1.1.1.2.2.2
U6128,245,FUSE0,516827.4619,516827.4619,520556.1619,3728.7,3728.7,941.0,0.252367,1,p:2.3.3.2.3.1
U6129,245,FUSE1,516864.6619,516864.6619,520440.1619,3575.5,3575.5,1003.0,0.28052,1,p:1.2.2.2.2.1
U6130,245,FUSE1,516943.4619,516943.4619,522479.7619,5536.3,5536.3,1003.0,0.181168,1,p:2.1.5.1.2.1
U6131,245,FUSE1,516985.4619,516985.4619,520203.3619,3217.9,3217.9,1003.0,0.311694,1,p:1.3.4.2.3.1
U6132,245,FUSE1,517059.4619,517059.4619,521182.9619,4123.5,4123.5,1003.0,0.24324,1,p:2.2.3.2.2.2
U6133,245,FUSE1,517101.4619,517101.4619,522363.7619,5262.3,5262.3,1003.0,0.190601,1,p:1.1.4.2.3.1
U6134,245,FUSE1,517180.2619,517180.2619,520676.9619,3496.7,3496.7,1003.0,0.286842,1,p:2.3.1.2.1.1
U6135,245,FUSE1,517217.4619,517217.4619,520834.9619,3617.5,3617.5,1003.0,0.277263,1,p:1.2.4.1.1.2
U6136,245,FUSE1,517296.2619,517296.2619,522657.3619,5361.1,5361.1,1003.0,0.187088,1,p:2.1.2.2.2.2
U6137,245,FUSE2,517338.2619,517338.2619,520598.1619,3259.9,3259.9,1035.4,0.317617,1,p:1.3.5.1.2.2
U6138,245,FUSE2,517412.2619,517412.2619,521298.9619,3886.7,3886.7,1035.4,0.266396,1,p:2.2.1.1.1.2
U6139,245,FUSE2,517454.2619,517454.2619,523208.1619,5753.9,5753.9,1035.4,0.179948,1,p:1.1.1.1.2.1
U6140,245,FUSE2,517533.0619,517533.0619,520714.1619,3181.1,3181.1,1035.4,0.325485,1,p:2.3.2.1.3.2
U6141,245,FUSE2,517570.2619,517570.2619,521725.3619,4155.1,4155.1,1035.4,0.249188,1,p:1.2.3.2.2.1
U6142,245,FUSE2,517649.0619,517649.0619,523010.1619,5361.1,5361.1,1035.4,0.193132,1,p:2.1.2.2.2.2
U6143,245,FUSE2,517691.0619,517691.0619,520950.9619,3259.9,3259.9,1035.4,0.317617,1,p:1.3.5.1.2.2
U6144,245,FUSE2,517765.0619,517765.0619,521300.9619,3535.9,3535.9,1035.4,0.292825,1,p:2.2.2.1.2.1
U6145,245,FUSE2,517807.0619,517807.0619,523444.9619,5637.9,5637.9,1035.4,0.18365,1,p:1.1.5.1.1.1
U3793,152,FUSE0,517885.8619,517885.8619,521066.9619,3181.1,3181.1,941.0,0.29581,1,p:2.3.4.1.3.2
U3794,152,FUSE0,517923.0619,517923.0619,521778.5619,3855.5,3855.5,941.0,0.244067,1,p:1.2.1.1.1.2
U3795,152,FUSE0,518001.8619,518001.8619,523324.1619,5322.3,5322.3,941.0,0.176803,1,p:2.1.2.1.3.1
U3796,152,FUSE0,518043.8619,518043.8619,521416.9619,3373.1,3373.1,941.0,0.278972,1,p:1.3.1.2.3.1
U3797,152,FUSE0,518117.8619,518117.8619,521609.3619,3491.5,3491.5,941.0,0.269512,1,p:2.2.4.2.1.1
U3798,152,FUSE0,518159.8619,518159.8619,523715.7619,5555.9,5555.9,941.0,0.169369,1,p:1.1.5.2.2.2
U3799,152,FUSE0,518238.6619,518238.6619,521973.3619,3734.7,3734.7,941.0,0.251961,1,p:2.3.3.2.1.1
U3800,152,FUSE0,518275.8619,518275.8619,521894.5619,3618.7,3618.7,941.0,0.260038,1,p:1.2.5.1.2.2
U3801,152,FUSE1,518354.6619,518354.6619,524029.7619,5675.1,5675.1,1003.0,0.176737,1,p:2.1.5.1.3.1
U3802,152,FUSE1,518396.6619,518396.6619,521530.9619,3134.3,3134.3,1003.0,0.320008,1,p:1.3.2.1.2.2
U3803,152,FUSE1,518470.6619,518470.6619,522541.3619,4070.7,4070.7,1003.0,0.246395,1,p:2.2.3.2.1.2
U3804,152,FUSE1,518512.6619,518512.6619,523831.7619,5319.1,5319.1,1003.0,0.188566,1,p:1.1.2.2.3.2
U3805,152,FUSE1,518591.4619,518591.4619,522111.3619,3519.9,3519.9,1003.0,0.284951,1,p:2.3.1.1.2.1
U3806,152,FUSE1,518628.6619,518628.6619,522595.7619,3967.1,3967.1,1003.0,0.25283,1,p:1.2.1.1.3.1
U3807,152,FUSE1,518707.4619,518707.4619,524382.5619,5675.1,5675.1,1003.0,0.176737,1,p:2.1.1.1.3.1
U3808,152,FUSE1,518749.4619,518749.4619,522010.5619,3261.1,3261.1,1003.0,0.307565,1,p:1.3.2.1.3.2
U3809,152,FUSE2,518823.4619,518823.4619,522894.1619,4070.7,4070.7,1035.4,0.254354,1,p:2.2.3.2.1.2
U3810,152,FUSE2,518865.4619,518865.4619,524184.5619,5319.1,5319.1,1035.4,0.194657,1,p:1.1.4.2.3.2
U3811,152,FUSE2,518944.2619,518944.2619,522227.3619,3283.1,3283.1,1035.4,0.315373,1,p:2.3.5.1.3.1
U3812,152,FUSE2,518981.4619,518981.4619,522855.3619,3873.9,3873.9,1035.4,0.267276,1,p:1.2.5.1.2.1
U3813,152,FUSE2,519060.2619,519060.2619,524735.3619,5675.1,5675.1,1035.4,0.182446,1,p:2.1.1.1.3.1
U3814,152,FUSE2,519102.2619,519102.2619,522382.1619,3279.9,3279.9,1035.4,0.31568,1,p:1.3.2.1.1.2
U3815,152,FUSE2,519176.2619,519176.2619,522739.3619,3563.1,3563.1,1035.4,0.29059,1,p:2.2.4.1.1.1
U1688,68,FUSE0,519218.2619,519218.2619,525088.1619,5869.9,5869.9,941.0,0.160309,1,p:1.1.3.1.3.1
U1689,68,FUSE0,519297.0619,519297.0619,522773.3619,3476.3,3476.3,941.0,0.27069,1,p:2.3.1.2.3.2
U1690,68,FUSE0,519334.2619,519334.2619,523362.9619,4028.7,4028.7,941.0,0.233574,1,p:1.2.3.2.2.2
U1691,68,FUSE0,519413.0619,519413.0619,525010.9619,5597.9,5597.9,941.0,0.168099,1,p:2.1.1.2.1.2
U1692,68,FUSE0,519455.0619,519455.0619,523126.1619,3671.1,3671.1,941.0,0.256326,1,p:1.3.3.2.3.2
U1693,68,FUSE0,519529.0619,519529.0619,522971.3619,3442.3,3442.3,941.0,0.273364,1,p:2.2.4.1.3.1
U1694,68,FUSE0,519571.0619,519571.0619,525208.9619,5637.9,5637.9,941.0,0.166906,1,p:1.1.5.1.1.1
U1695,68,FUSE0,519649.8619,519649.8619,523092.1619,3442.3,3442.3,941.0,0.273364,1,p:2.3.5.1.1.1
U1696,68,FUSE0,519687.0619,519687.0619,523246.9619,3559.9,3559.9,941.0,0.264333,1,p:1.2.4.2.1.2
U1697,68,FUSE1,519765.8619,519765.8619,525561.7619,5795.9,5795.9,1003.0,0.173053,1,p:2.1.3.1.1.1
U1698,68,FUSE1,519807.8619,519807.8619,523478.9619,3671.1,3671.1,1003.0,0.273215,1,p:1.3.1.2.3.2
U1699,68,FUSE1,519881.8619,519881.8619,523797.7619,3915.9,3915.9,1003.0,0.256135,1,p:2.2.1.1.1.1
U1700,68,FUSE1,519923.8619,519923.8619,525324.9619,5401.1,5401.1,1003.0,0.185703,1,p:1.1.2.1.2.1
U1701,68,FUSE1,520002.6619,520002.6619,523676.9619,3674.3,3674.3,1003.0,0.272977,1,p:2.3.3.1.3.1
U1702,68,FUSE1,520039.8619,520039.8619,523599.7619,3559.9,3559.9,1003.0,0.281749,1,p:1.2.4.2.1.2
U1703,68,FUSE1,520118.6619,520118.6619,525440.9619,5322.3,5322.3,1003.0,0.188452,1,p:2.1.4.1.3.1
U1704,68,FUSE1,520160.6619,520160.6619,523952.5619,3791.9,3791.9,1003.0,0.264511,1,p:1.3.3.2.1.2
U1705,68,FUSE1,520234.6619,520234.6619,524068.5619,3833.9,3833.9,1003.0,0.261614,1,p:2.2.1.2.2.2
U1706,68,FUSE2,520276.6619,520276.6619,525948.5619,5671.9,5671.9,1035.4,0.182549,1,p:1.1.1.2.3.2
U1707,68,FUSE2,520355.4619,520355.4619,523560.9619,3205.5,3205.5,1035.4,0.323007,1,p:2.3.2.1.2.1
U1708,68,FUSE2,520392.6619,520392.6619,524305.3619,3912.7,3912.7,1035.4,0.264625,1,p:1.2.5.2.1.2
U1709,68,FUSE2,520471.4619,520471.4619,526146.5619,5675.1,5675.1,1035.4,0.182446,1,p:2.1.5.1.3.1
U1710,68,FUSE2,520513.4619,520513.4619,524266.5619,3753.1,3753.1,1035.4,0.275879,1,p:1.3.3.1.2.1
U1711,68,FUSE2,520587.4619,520587.4619,524150.5619,3563.1,3563.1,1035.4,0.29059,1,p:2.2.2.1.1.1
U1712,68,FUSE2,520629.4619,520629.4619,526301.3619,5671.9,5671.9,1035.4,0.182549,1,p:1.1.1.2.3.2
U1713,68,FUSE2,520708.2619,520708.2619,523913.7619,3205.5,3205.5,1035.4,0.323007,1,p:2.3.4.1.2.1
U1714,68,FUSE2,520745.4619,520745.4619,524619.3619,3873.9,3873.9,1035.4,0.267276,1,p:1.2.5.1.2.1
U6429,257,FUSE0,520824.2619,520824.2619,524537.3619,3713.1,3713.1,941.0,0.253427,1,p:2.3.3.2.3.2
U6430,257,FUSE0,520866.2619,520866.2619,524503.3619,3637.1,3637.1,941.0,0.258723,1,p:1.2.4.1.1.1
U6431,257,FUSE0,520940.2619,520978.4619,524774.1619,3833.9,3833.9,941.0,0.245442,1,p:1.3.3.2.2.2
U6432,257,FUSE0,520982.2619,521048.6619,524658.1619,3675.9,3675.9,941.0,0.255992,1,p:2.2.2.2.1.2
U6433,257,FUSE0,521061.0619,521090.6619,526538.1619,5477.1,5477.1,941.0,0.171806,1,p:1.1.1.2.2.2
U6434,257,FUSE0,521098.2619,521160.8619,524421.3619,3323.1,3323.1,941.0,0.283169,1,p:2.3.2.2.2.2
U6435,257,FUSE0,521214.2619,521214.2619,525363.7619,4149.5,4149.5,941.0,0.226774,1,p:1.2.3.2.1.2
U6436,257,FUSE0,521216.2619,521273.0619,526972.9619,5756.7,5756.7,941.0,0.163462,1,p:2.1.3.1.1.1
U6437,257,FUSE0,521330.2619,521330.2619,524890.1619,3559.9,3559.9,941.0,0.264333,1,p:1.3.5.2.3.2
U6438,257,FUSE1,521332.2619,521385.2619,525242.9619,3910.7,3910.7,1003.0,0.256476,1,p:2.2.1.2.3.2
U6439,257,FUSE1,521446.2619,521446.2619,526654.1619,5207.9,5207.9,1003.0,0.192592,1,p:1.1.2.2.3.2
U6440,257,FUSE1,521448.2619,521497.4619,524856.1619,3407.9,3407.9,1003.0,0.294316,1,p:2.3.4.1.1.1
U6441,257,FUSE1,521562.2619,521562.2619,525479.7619,3917.5,3917.5,1003.0,0.256031,1,p:1.2.5.2.2.2
U6442,257,FUSE1,521640.6619,521640.6619,526890.9619,5250.3,5250.3,1003.0,0.191037,1,p:2.1.4.2.2.2
U6443,257,FUSE1,521678.2619,521678.2619,524972.1619,3293.9,3293.9,1003.0,0.304502,1,p:1.3.2.1.2.1
U6444,257,FUSE1,521756.6619,521756.6619,525914.5619,4157.9,4157.9,1003.0,0.241228,1,p:2.2.3.1.1.1
U6445,257,FUSE1,521809.8619,521809.8619,527325.7619,5515.9,5515.9,1003.0,0.181838,1,p:1.1.5.1.1.1
U6446,257,FUSE1,521872.6619,521872.6619,525126.9619,3254.3,3254.3,1003.0,0.308208,1,p:2.3.4.2.2.2
U6447,257,FUSE2,521925.8619,521925.8619,525595.7619,3669.9,3669.9,1035.4,0.282133,1,p:1.2.2.2.3.2
U6448,257,FUSE2,522004.6619,522004.6619,527480.5619,5475.9,5475.9,1035.4,0.189083,1,p:2.1.1.2.1.2
U6449,257,FUSE2,522041.8619,522041.8619,525677.7619,3635.9,3635.9,1035.4,0.284771,1,p:1.3.1.1.2.1
U6450,257,FUSE2,522142.6619,522142.6619,525716.5619,3573.9,3573.9,1035.4,0.289712,1,p:2.2.4.2.1.2
U6451,257,FUSE2,522159.4619,522159.4619,527916.9619,5757.5,5757.5,1035.4,0.179835,1,p:1.1.3.1.3.1
U6452,257,FUSE2,522258.6619,522258.6619,525793.7619,3535.1,3535.1,1035.4,0.292891,1,p:2.3.5.1.3.1
U6453,257,FUSE2,522297.4619,522297.4619,526499.3619,4201.9,4201.9,1035.4,0.246412,1,p:1.2.3.1.3.1
U6454,257,FUSE2,522395.0619,522395.0619,527684.9619,5289.9,5289.9,1035.4,0.195731,1,p:2.1.2.1.1.1
U6795,272,FUSE0,522413.4619,522413.4619,526185.3619,3771.9,3771.9,941.0,0.249476,1,p:1.3.3.2.2.2
U6796,272,FUSE0,522511.0619,522511.0619,526069.3619,3558.3,3558.3,941.0,0.264452,1,p:2.2.2.2.1.2
U6797,272,FUSE0,522572.6619,522572.6619,527712.5619,5139.9,5139.9,941.0,0.183077,1,p:1.1.4.2.3.2
U6798,272,FUSE0,522627.0619,522627.0619,525832.5619,3205.5,3205.5,941.0,0.293558,1,p:2.3.2.2.2.2
U6799,272,FUSE0,522688.6619,522688.6619,526267.3619,3578.7,3578.7,941.0,0.262945,1,p:1.2.4.1.1.1
U6800,272,FUSE0,522770.6619,522770.6619,526030.5619,3259.9,3259.9,941.0,0.288659,1,p:2.3.4.1.2.1
U6801,272,FUSE0,522804.6619,522804.6619,527955.7619,5151.1,5151.1,941.0,0.182679,1,p:1.1.2.2.2.2
U6802,272,FUSE0,522886.6619,522886.6619,526774.9619,3888.3,3888.3,941.0,0.242008,1,p:2.2.5.2.1.2
U6803,272,FUSE0,522925.4619,522925.4619,526736.1619,3810.7,3810.7,941.0,0.246936,1,p:1.3.3.1.2.1
U6804,272,FUSE0,523002.6619,523002.6619,528322.5619,5319.9,5319.9,941.0,0.176883,1,p:2.1.1.2.2.2
U6805,272,FUSE1,523041.4619,523041.4619,526852.1619,3810.7,3810.7,1003.0,0.263206,1,p:1.2.1.1.3.1
U6806,272,FUSE1,523123.4619,523123.4619,526383.3619,3259.9,3259.9,1003.0,0.307678,1,p:2.3.2.1.2.1
U6807,272,FUSE1,523157.4619,523157.4619,528791.3619,5633.9,5633.9,1003.0,0.178029,1,p:1.1.3.2.3.2
U6808,272,FUSE1,523239.4619,523239.4619,527243.7619,4004.3,4004.3,1003.0,0.250481,1,p:2.2.3.2.2.2
U6809,272,FUSE1,523278.2619,523278.2619,526620.1619,3341.9,3341.9,1003.0,0.300129,1,p:1.3.4.1.1.1
U6810,272,FUSE1,523355.4619,523355.4619,528757.3619,5401.9,5401.9,1003.0,0.185675,1,p:2.1.5.1.1.1
U6811,272,FUSE1,523394.2619,523394.2619,527088.9619,3694.7,3694.7,1003.0,0.27147,1,p:1.2.2.1.2.1
U6812,272,FUSE1,523476.2619,523476.2619,527006.9619,3530.7,3530.7,1003.0,0.28408,1,p:2.3.5.2.3.2
U6813,272,FUSE1,523510.2619,523510.2619,528675.3619,5165.1,5165.1,1003.0,0.194188,1,p:1.1.4.2.2.2
U6814,272,FUSE1,523592.2619,523592.2619,527127.7619,3535.5,3535.5,1003.0,0.283694,1,p:2.2.4.2.1.2
U6815,272,FUSE2,523631.0619,523631.0619,527204.9619,3573.9,3573.9,1035.4,0.289712,1,p:1.3.1.1.3.1
U6816,272,FUSE2,523708.2619,523708.2619,528873.3619,5165.1,5165.1,1035.4,0.200461,1,p:2.1.2.1.2.1
U6817,272,FUSE2,523747.0619,523747.0619,527596.5619,3849.5,3849.5,1035.4,0.26897,1,p:1.2.5.2.2.2
U6818,272,FUSE2,523829.0619,523829.0619,527557.7619,3728.7,3728.7,1035.4,0.277684,1,p:2.3.3.1.3.1
U6819,272,FUSE2,523863.0619,523863.0619,529264.9619,5401.9,5401.9,1035.4,0.191673,1,p:1.1.1.2.1.2
U6820,272,FUSE2,523945.0619,523945.0619,527839.7619,3894.7,3894.7,1035.4,0.265848,1,p:2.2.1.2.1.2
U6821,272,FUSE2,523983.8619,523983.8619,527359.7619,3375.9,3375.9,1035.4,0.306703,1,p:1.3.2.2.3.2
U6822,272,FUSE2,524061.0619,524061.0619,529144.1619,5083.1,5083.1,1035.4,0.203695,1,p:2.1.2.2.3.2
U6823,272,FUSE2,524099.8619,524099.8619,528283.7619,4183.9,4183.9,1035.4,0.247472,1,p:1.2.3.1.3.1
U6824,272,FUSE2,524181.8619,524181.8619,527441.7619,3259.9,3259.9,1035.4,0.317617,1,p:2.3.4.1.2.1
U7004,280,FUSE0,524215.8619,524215.8619,529604.1619,5388.3,5388.3,941.0,0.174638,1,p:1.1.1.1.2.1
U7005,280,FUSE0,524297.8619,524297.8619,528071.7619,3773.9,3773.9,941.0,0.249344,1,p:2.2.5.2.3.2
U7006,280,FUSE0,524336.6619,524336.6619,527800.9619,3464.3,3464.3,941.0,0.271628,1,p:1.3.5.1.2.1
U7007,280,FUSE0,524413.8619,524413.8619,529758.9619,5345.1,5345.1,941.0,0.176049,1,p:2.1.5.2.2.2
U7008,280,FUSE0,524452.6619,524452.6619,528520.5619,4067.9,4067.9,941.0,0.231323,1,p:1.2.3.1.2.1
U7009,280,FUSE0,524534.6619,524534.6619,528051.7619,3517.1,3517.1,941.0,0.26755,1,p:2.3.1.1.1.1
U7010,280,FUSE0,524568.6619,524568.6619,530193.7619,5625.1,5625.1,941.0,0.167286,1,p:1.1.3.1.1.1
U7011,280,FUSE1,524650.6619,524650.6619,528206.5619,3555.9,3555.9,1003.0,0.282066,1,p:2.2.2.2.1.2
U7012,280,FUSE1,524689.4619,524689.4619,528167.7619,3478.3,3478.3,1003.0,0.288359,1,p:1.3.4.1.2.1
U7013,280,FUSE1,524766.6619,524766.6619,530227.7619,5461.1,5461.1,1003.0,0.183663,1,p:2.1.1.2.3.2
U7014,280,FUSE1,524805.4619,524805.4619,528636.5619,3831.1,3831.1,1003.0,0.261805,1,p:1.2.1.1.3.1
U7015,280,FUSE1,524887.4619,524887.4619,528438.5619,3551.1,3551.1,1003.0,0.282448,1,p:2.3.5.2.3.2
U7016,280,FUSE1,524921.4619,524921.4619,530111.7619,5190.3,5190.3,1003.0,0.193245,1,p:1.1.2.2.2.2
U7017,280,FUSE1,525003.4619,525003.4619,529110.1619,4106.7,4106.7,1003.0,0.244235,1,p:2.2.3.1.1.1
U7018,280,FUSE2,525042.2619,525042.2619,528404.5619,3362.3,3362.3,1035.4,0.307944,1,p:1.3.4.1.1.1
U7019,280,FUSE2,525119.4619,525119.4619,530309.7619,5190.3,5190.3,1035.4,0.199488,1,p:2.1.4.1.2.1
U7020,280,FUSE2,525158.2619,525158.2619,529028.1619,3869.9,3869.9,1035.4,0.267552,1,p:1.2.5.2.2.2
U7021,280,FUSE2,525240.2619,525240.2619,528559.3619,3319.1,3319.1,1035.4,0.311952,1,p:2.3.2.2.1.2
U7022,280,FUSE2,525274.2619,525274.2619,530425.7619,5151.5,5151.5,1035.4,0.20099,1,p:1.1.2.1.3.1
U7023,280,FUSE2,525356.2619,525356.2619,528989.3619,3633.1,3633.1,1035.4,0.284991,1,p:2.2.4.1.3.1
U7024,280,FUSE2,525395.0619,525395.0619,528912.1619,3517.1,3517.1,1035.4,0.29439,1,p:1.3.1.2.1.2
U7025,280,FUSE2,525472.2619,525472.2619,530580.5619,5108.3,5108.3,1035.4,0.20269,1,p:2.1.4.2.3.2
U8743,350,FUSE0,525511.0619,525511.0619,529642.9619,4131.9,4131.9,941.0,0.22774,1,p:1.2.3.2.1.2
U8744,350,FUSE0,525593.0619,525593.0619,529380.9619,3787.9,3787.9,941.0,0.248423,1,p:2.3.3.2.2.2
U8745,350,FUSE0,525627.0619,525627.0619,531172.1619,5545.1,5545.1,941.0,0.169699,1,p:1.1.3.2.2.2
U8746,350,FUSE0,525709.0619,525709.0619,529496.9619,3787.9,3787.9,941.0,0.248423,1,p:2.2.5.2.3.2
U8747,350,FUSE0,525747.8619,525747.8619,529226.1619,3478.3,3478.3,941.0,0.270534,1,p:1.3.5.1.2.1
U8748,350,FUSE0,525825.0619,525825.0619,530899.3619,5074.3,5074.3,941.0,0.185444,1,p:2.1.2.1.1.1
U8749,350,FUSE0,525863.8619,525863.8619,529488.1619,3624.3,3624.3,941.0,0.259636,1,p:1.2.2.1.1.1
U8750,350,FUSE1,525945.8619,525945.8619,529342.1619,3396.3,3396.3,1003.0,0.295321,1,p:2.3.4.1.3.1
U8751,350,FUSE1,525979.8619,525979.8619,531408.9619,5429.1,5429.1,1003.0,0.184745,1,p:1.1.1.2.1.2
U8752,350,FUSE1,526061.8619,526061.8619,529720.1619,3658.3,3658.3,1003.0,0.274171,1,p:2.2.4.1.3.1
U8753,350,FUSE1,526100.6619,526100.6619,529956.9619,3856.3,3856.3,1003.0,0.260094,1,p:1.3.3.1.2.1
U8754,350,FUSE1,526177.8619,526177.8619,531640.9619,5463.1,5463.1,1003.0,0.183595,1,p:2.1.5.2.3.2
U8755,350,FUSE1,526216.6619,526216.6619,530072.9619,3856.3,3856.3,1003.0,0.260094,1,p:1.2.5.1.3.1
U8756,350,FUSE1,526298.6619,526298.6619,529874.9619,3576.3,3576.3,1003.0,0.280457,1,p:2.3.1.2.3.2
U8757,350,FUSE2,526332.6619,526332.6619,531604.9619,5272.3,5272.3,1035.4,0.196385,1,p:1.1.4.1.1.1
U8758,350,FUSE2,526414.6619,526414.6619,530464.5619,4049.9,4049.9,1035.4,0.255661,1,p:2.2.3.2.2.2
U8759,350,FUSE2,526453.4619,526453.4619,529840.9619,3387.5,3387.5,1035.4,0.305653,1,p:1.3.2.1.1.1
U8760,350,FUSE2,526530.6619,526530.6619,532126.1619,5595.5,5595.5,1035.4,0.185042,1,p:2.1.3.2.1.2
U8761,350,FUSE2,526569.4619,526569.4619,530546.5619,3977.1,3977.1,1035.4,0.26034,1,p:1.2.1.1.1.1
U8762,350,FUSE2,526651.4619,526651.4619,529995.7619,3344.3,3344.3,1035.4,0.309601,1,p:2.3.4.2.1.2
U8763,350,FUSE2,526685.4619,526685.4619,531889.3619,5203.9,5203.9,1035.4,0.198966,1,p:1.1.2.2.2.2
U8764,350,FUSE2,526767.4619,526767.4619,530662.5619,3895.1,3895.1,1035.4,0.265821,1,p:2.2.5.1.2.1
U6194,248,FUSE0,526806.2619,526806.2619,530348.5619,3542.3,3542.3,941.0,0.265647,1,p:1.3.5.2.1.2
U6195,248,FUSE0,526883.4619,526883.4619,532478.9619,5595.5,5595.5,941.0,0.168171,1,p:2.1.3.2.1.2
U6196,248,FUSE0,526922.2619,526922.2619,530819.3619,3897.1,3897.1,941.0,0.241462,1,p:1.2.1.2.2.2
U6197,248,FUSE0,527004.2619,527004.2619,530778.5619,3774.3,3774.3,941.0,0.249318,1,p:2.3.3.1.3.1
U6198,248,FUSE0,527038.2619,527038.2619,532436.9619,5398.7,5398.7,941.0,0.174301,1,p:1.1.1.1.2.1
U6199,248,FUSE0,527120.2619,527120.2619,530703.3619,3583.1,3583.1,941.0,0.262622,1,p:2.2.2.2.1.2
U6200,248,FUSE0,527159.0619,527159.0619,530935.3619,3776.3,3776.3,941.0,0.249186,1,p:1.3.3.2.3.2
U6201,248,FUSE0,527236.2619,527236.2619,532673.7619,5437.5,5437.5,941.0,0.173057,1,p:2.1.5.1.1.1
U6202,248,FUSE1,527275.0619,527275.0619,531056.1619,3781.1,3781.1,1003.0,0.265267,1,p:1.2.4.2.1.2
U6203,248,FUSE1,527357.0619,527357.0619,531015.3619,3658.3,3658.3,1003.0,0.274171,1,p:2.3.5.1.2.1
U6204,248,FUSE1,527391.0619,527391.0619,532594.9619,5203.9,5203.9,1003.0,0.19274,1,p:1.1.2.2.2.2
U6205,248,FUSE1,527473.0619,527473.0619,531484.1619,4011.1,4011.1,1003.0,0.250056,1,p:2.2.3.1.3.1
U6206,248,FUSE1,527511.8619,527511.8619,531131.3619,3619.5,3619.5,1003.0,0.27711,1,p:1.3.1.1.3.1
U6207,248,FUSE1,527589.0619,527589.0619,532831.7619,5242.7,5242.7,1003.0,0.191314,1,p:2.1.4.2.1.2
U6208,248,FUSE1,527627.8619,527627.8619,531368.1619,3740.3,3740.3,1003.0,0.26816,1,p:1.2.4.1.2.1
U6209,248,FUSE1,527716.2619,527716.2619,531288.1619,3571.9,3571.9,1003.0,0.280803,1,p:2.3.5.2.3.2
U6210,248,FUSE2,527743.8619,527743.8619,533379.3619,5635.5,5635.5,1035.4,0.183728,1,p:1.1.3.1.1.1
U6211,248,FUSE2,527832.2619,527832.2619,531720.9619,3888.7,3888.7,1035.4,0.266259,1,p:2.2.1.1.2.1
U6212,248,FUSE2,527871.0619,527871.0619,531252.1619,3381.1,3381.1,1035.4,0.306232,1,p:1.3.2.1.1.1
U6213,248,FUSE2,527948.2619,527948.2619,533184.5619,5236.3,5236.3,1035.4,0.197735,1,p:2.1.2.2.1.2
U6214,248,FUSE2,527987.0619,527987.0619,531968.1619,3981.1,3981.1,1035.4,0.260079,1,p:1.2.5.1.1.1
U6215,248,FUSE2,528083.0619,528083.0619,531773.3619,3690.3,3690.3,1035.4,0.280573,1,p:2.3.3.2.1.2
U6216,248,FUSE2,528103.0619,528103.0619,533611.3619,5508.3,5508.3,1035.4,0.187971,1,p:1.1.5.1.3.1
U6217,248,FUSE2,528199.0619,528199.0619,532005.3619,3806.3,3806.3,1035.4,0.272023,1,p:2.2.4.2.3.2
U6218,248,FUSE2,528237.8619,528237.8619,531524.9619,3287.1,3287.1,1035.4,0.314989,1,p:1.3.2.2.2.2
U5345,214,FUSE0,528315.0619,528315.0619,533416.5619,5101.5,5101.5,941.0,0.184456,1,p:2.1.2.2.3.2
U5346,214,FUSE0,528353.8619,528353.8619,532084.1619,3730.3,3730.3,941.0,0.252259,1,p:1.2.1.1.2.1
U5347,214,FUSE0,528435.8619,528435.8619,531836.9619,3401.1,3401.1,941.0,0.276675,1,p:2.3.1.1.3.1
U5348,214,FUSE0,528469.8619,528469.8619,533890.1619,5420.3,5420.3,941.0,0.173607,1,p:1.1.5.2.1.2
U5349,214,FUSE0,528551.8619,528551.8619,532242.1619,3690.3,3690.3,941.0,0.254993,1,p:2.2.4.2.2.2
U5350,214,FUSE0,528590.6619,528590.6619,532320.9619,3730.3,3730.3,941.0,0.252259,1,p:1.3.5.1.1.1
U5351,214,FUSE0,528667.8619,528667.8619,534242.9619,5575.1,5575.1,941.0,0.168786,1,p:2.1.3.2.1.2
U5352,214,FUSE0,528706.6619,528706.6619,532200.1619,3493.5,3493.5,941.0,0.269357,1,p:1.2.2.1.3.1
U5353,214,FUSE0,528788.6619,528788.6619,532358.1619,3569.5,3569.5,941.0,0.263622,1,p:2.3.5.2.3.2
U5354,214,FUSE1,528822.6619,528822.6619,533964.1619,5141.5,5141.5,1003.0,0.195079,1,p:1.1.2.1.3.1
U5355,214,FUSE1,528904.6619,528904.6619,532710.9619,3806.3,3806.3,1003.0,0.26351,1,p:2.2.1.2.3.2
U5356,214,FUSE1,528943.4619,528943.4619,532789.7619,3846.3,3846.3,1003.0,0.26077,1,p:1.3.3.1.2.1
U5357,214,FUSE1,529020.6619,529020.6619,534474.9619,5454.3,5454.3,1003.0,0.183892,1,p:2.1.1.2.3.2
U5358,214,FUSE1,529059.4619,529059.4619,532947.7619,3888.3,3888.3,1003.0,0.257953,1,p:1.2.5.2.2.2
U5359,214,FUSE1,529141.4619,529141.4619,532552.9619,3411.5,3411.5,1003.0,0.294006,1,p:2.3.4.1.3.1
U5360,214,FUSE1,529175.4619,529175.4619,534358.9619,5183.5,5183.5,1003.0,0.193499,1,p:1.1.4.2.2.2
U5361,214,FUSE1,529257.4619,529257.4619,532905.7619,3648.3,3648.3,1003.0,0.274923,1,p:2.2.2.1.3.1
U5362,214,FUSE1,529296.2619,529296.2619,533026.5619,3730.3,3730.3,1003.0,0.268879,1,p:1.3.3.1.1.1
U5363,214,FUSE2,529373.4619,529373.4619,534790.5619,5417.1,5417.1,1035.4,0.191135,1,p:2.1.5.1.1.1
U5364,214,FUSE2,529412.2619,529412.2619,533142.5619,3730.3,3730.3,1035.4,0.277565,1,p:1.2.4.1.2.1
U5365,214,FUSE2,529519.4619,529519.4619,533063.7619,3544.3,3544.3,1035.4,0.292131,1,p:2.3.1.2.3.2
U5366,214,FUSE2,529528.2619,529528.2619,535259.3619,5731.1,5731.1,1035.4,0.180663,1,p:1.1.3.1.2.1
U5367,214,FUSE2,529635.4619,529635.4619,533769.3619,4133.9,4133.9,1035.4,0.250466,1,p:2.2.3.2.3.2
U5368,214,FUSE2,529674.2619,529674.2619,533258.5619,3584.3,3584.3,1035.4,0.288871,1,p:1.3.5.1.3.1
U5369,214,FUSE2,529751.4619,529751.4619,534948.5619,5197.1,5197.1,1035.4,0.199226,1,p:2.1.2.2.1.2
U5370,214,FUSE2,529790.2619,529790.2619,533495.3619,3705.1,3705.1,1035.4,0.279453,1,p:1.2.4.1.2.1
U8154,326,FUSE0,529872.2619,529872.2619,533300.5619,3428.3,3428.3,941.0,0.27448,1,p:2.3.1.2.2.2
U8155,326,FUSE0,529906.2619,529906.2619,535301.3619,5395.1,5395.1,941.0,0.174418,1,p:1.1.1.2.1.2
U8156,326,FUSE0,529988.2619,529988.2619,533848.1619,3859.9,3859.9,941.0,0.243789,1,p:2.2.1.1.2.1
U8157,326,FUSE0,530027.0619,530027.0619,533537.3619,3510.3,3510.3,941.0,0.268068,1,p:1.3.1.2.1.2
U8158,326,FUSE0,530104.2619,530104.2619,535180.5619,5076.3,5076.3,941.0,0.185371,1,p:2.1.2.2.3.2
U8159,326,FUSE0,530143.0619,530143.0619,533732.1619,3589.1,3589.1,941.0,0.262183,1,p:1.2.4.1.1.1
U8160,326,FUSE0,530225.0619,530225.0619,534006.1619,3781.1,3781.1,941.0,0.248869,1,p:2.3.3.2.2.2
U8161,326,FUSE0,530259.0619,530259.0619,535654.1619,5395.1,5395.1,941.0,0.174418,1,p:1.1.5.2.1.2
U8162,326,FUSE0,530341.0619,530341.0619,534122.1619,3781.1,3781.1,941.0,0.248869,1,p:2.2.5.2.3.2
U8163,326,FUSE0,530379.8619,530379.8619,533653.3619,3273.5,3273.5,941.0,0.28746,1,p:1.3.2.2.2.2
U8164,326,FUSE1,530457.0619,530457.0619,536122.9619,5665.9,5665.9,1003.0,0.177024,1,p:2.1.3.2.2.2
U8165,326,FUSE1,530495.8619,530495.8619,534553.7619,4057.9,4057.9,1003.0,0.247172,1,p:1.2.3.1.2.1
U8166,326,FUSE1,530577.8619,530577.8619,534200.9619,3623.1,3623.1,1003.0,0.276835,1,p:2.3.1.1.2.1
U8167,326,FUSE1,530611.8619,530611.8619,535728.1619,5116.3,5116.3,1003.0,0.19604,1,p:1.1.2.1.3.1
U8168,326,FUSE1,530693.8619,530693.8619,534316.9619,3623.1,3623.1,1003.0,0.276835,1,p:2.2.2.1.3.1
U8169,326,FUSE1,530734.6619,530734.6619,534084.9619,3350.3,3350.3,1003.0,0.299376,1,p:1.3.4.1.1.1
U8170,326,FUSE1,530809.8619,530809.8619,536201.7619,5391.9,5391.9,1003.0,0.18602,1,p:2.1.1.1.1.1
U8171,326,FUSE1,530850.6619,530850.6619,534711.7619,3861.1,3861.1,1003.0,0.259771,1,p:1.2.1.2.2.2
U8172,326,FUSE1,530930.6619,530930.6619,534437.7619,3507.1,3507.1,1003.0,0.285991,1,p:2.3.5.1.1.1
U8173,326,FUSE1,530966.6619,530966.6619,536080.9619,5114.3,5114.3,1003.0,0.196117,1,p:1.1.4.1.3.1
U8174,326,FUSE2,531046.6619,531046.6619,534669.7619,3623.1,3623.1,1035.4,0.285777,1,p:2.2.4.1.3.1
U8175,326,FUSE2,531087.4619,531087.4619,534827.7619,3740.3,3740.3,1035.4,0.276823,1,p:1.3.3.2.3.2
U8176,326,FUSE2,531162.6619,531162.6619,536554.5619,5391.9,5391.9,1035.4,0.192029,1,p:2.1.5.1.1.1
U8177,326,FUSE2,531203.4619,531203.4619,535064.5619,3861.1,3861.1,1035.4,0.268162,1,p:1.2.5.2.2.2
U8178,326,FUSE2,531283.4619,531283.4619,534595.7619,3312.3,3312.3,1035.4,0.312592,1,p:2.3.2.2.1.2
U8179,326,FUSE2,531319.4619,531319.4619,537085.3619,5765.9,5765.9,1035.4,0.179573,1,p:1.1.3.2.1.2
U8180,326,FUSE2,531399.4619,531399.4619,535533.3619,4133.9,4133.9,1035.4,0.250466,1,p:2.2.3.2.3.2
U8181,326,FUSE2,531440.2619,531440.2619,535022.5619,3582.3,3582.3,1035.4,0.289032,1,p:1.3.1.1.3.1
U8182,326,FUSE2,531515.4619,531515.4619,536670.5619,5155.1,5155.1,1035.4,0.20085,1,p:2.1.2.1.2.1
U2193,88,FUSE0,531556.2619,531556.2619,535143.3619,3587.1,3587.1,941.0,0.262329,1,p:1.2.4.1.1.1
U2194,88,FUSE0,531636.2619,531636.2619,534906.5619,3270.3,3270.3,941.0,0.287741,1,p:2.3.4.1.2.1
U2195,88,FUSE0,531672.2619,531672.2619,537396.1619,5723.9,5723.9,941.0,0.164398,1,p:1.1.3.1.2.1
U2196,88,FUSE0,531752.2619,531752.2619,535612.1619,3859.9,3859.9,941.0,0.243789,1,p:2.2.1.1.2.1
U2197,88,FUSE0,531804.6619,531804.6619,535375.3619,3570.7,3570.7,941.0,0.263534,1,p:1.3.5.1.3.1
U2198,88,FUSE0,531868.2619,531868.2619,536907.3619,5039.1,5039.1,941.0,0.18674,1,p:2.1.2.1.1.1
U2199,88,FUSE0,531920.6619,531920.6619,535417.3619,3496.7,3496.7,941.0,0.269111,1,p:1.2.2.2.2.2
U2200,88,FUSE0,531999.4619,531999.4619,535848.9619,3849.5,3849.5,941.0,0.244447,1,p:2.3.3.1.1.1
U2201,88,FUSE0,532036.6619,532036.6619,537438.1619,5401.5,5401.5,941.0,0.174211,1,p:1.1.5.2.1.2
U2202,88,FUSE1,532115.4619,532115.4619,535964.9619,3849.5,3849.5,1003.0,0.260553,1,p:2.2.5.1.2.1
U2203,88,FUSE1,532157.4619,532157.4619,535496.1619,3338.7,3338.7,1003.0,0.300416,1,p:1.3.4.1.1.1
U2204,88,FUSE1,532231.4619,532231.4619,537632.9619,5401.5,5401.5,1003.0,0.185689,1,p:2.1.1.1.1.1
U2205,88,FUSE1,532273.4619,532273.4619,536359.7619,4086.3,4086.3,1003.0,0.245454,1,p:1.2.3.2.1.2
U2206,88,FUSE1,532352.2619,532352.2619,535886.1619,3533.9,3533.9,1003.0,0.283822,1,p:2.3.1.2.3.2
U2207,88,FUSE1,532389.4619,532389.4619,537554.1619,5164.7,5164.7,1003.0,0.194203,1,p:1.1.2.2.2.2
U2208,88,FUSE1,532468.2619,532468.2619,536006.9619,3538.7,3538.7,1003.0,0.283437,1,p:2.2.2.2.1.2
U2209,88,FUSE1,532510.2619,532510.2619,535770.1619,3259.9,3259.9,1003.0,0.307678,1,p:1.3.4.2.2.2
U2210,88,FUSE1,532584.2619,532584.2619,538273.7619,5689.5,5689.5,1003.0,0.17629,1,p:2.1.3.2.2.2
U2211,88,FUSE2,532626.2619,532626.2619,536475.7619,3849.5,3849.5,1035.4,0.26897,1,p:1.2.1.2.2.2
U2212,88,FUSE2,532705.0619,532705.0619,536238.9619,3533.9,3533.9,1035.4,0.292991,1,p:2.3.5.2.3.2
U2213,88,FUSE2,532742.2619,532742.2619,537999.7619,5257.5,5257.5,1035.4,0.196938,1,p:1.1.4.1.1.1
U2214,88,FUSE2,532821.0619,532821.0619,536433.7619,3612.7,3612.7,1035.4,0.2866,1,p:2.2.4.1.3.1
U2215,88,FUSE2,532863.0619,532863.0619,536712.5619,3849.5,3849.5,1035.4,0.26897,1,p:1.3.3.2.1.2
U2216,88,FUSE2,532937.0619,532937.0619,538468.5619,5531.5,5531.5,1035.4,0.187183,1,p:2.1.5.1.2.1
U2217,88,FUSE2,532979.0619,532979.0619,536828.5619,3849.5,3849.5,1035.4,0.26897,1,p:1.2.5.2.2.2
U2218,88,FUSE2,533057.8619,533057.8619,536317.7619,3259.9,3259.9,1035.4,0.317617,1,p:2.3.2.1.2.1
U8697,348,FUSE0,533095.0619,533095.0619,538231.7619,5136.7,5136.7,941.0,0.183192,1,p:1.1.4.1.3.1
U8698,348,FUSE0,533173.8619,533173.8619,537023.3619,3849.5,3849.5,941.0,0.244447,1,p:2.2.1.1.2.1
U8699,348,FUSE0,533215.8619,533215.8619,536786.5619,3570.7,3570.7,941.0,0.263534,1,p:1.3.1.1.3.1
U8700,348,FUSE0,533289.8619,533289.8619,538389.7619,5099.9,5099.9,941.0,0.184513,1,p:2.1.2.2.3.2
U8701,348,FUSE0,533331.8619,533331.8619,537139.3619,3807.5,3807.5,941.0,0.247144,1,p:1.2.5.1.3.1
U8702,348,FUSE0,533410.6619,533410.6619,536591.7619,3181.1,3181.1,941.0,0.29581,1,p:2.3.4.2.3.2
U8703,348,FUSE0,533447.8619,533447.8619,539174.1619,5726.3,5726.3,941.0,0.164329,1,p:1.1.3.1.2.1
U8704,348,FUSE0,533526.6619,533526.6619,537512.1619,3985.5,3985.5,941.0,0.236106,1,p:2.2.3.1.3.1
U8705,348,FUSE1,533568.6619,533568.6619,536944.5619,3375.9,3375.9,1003.0,0.297106,1,p:1.3.4.2.3.2
U8706,348,FUSE1,533642.6619,533642.6619,538821.3619,5178.7,5178.7,1003.0,0.193678,1,p:2.1.4.1.2.1
U8707,348,FUSE1,533684.6619,533684.6619,537280.1619,3595.5,3595.5,1003.0,0.27896,1,p:1.2.4.1.1.1
U8708,348,FUSE1,533763.4619,533763.4619,537317.3619,3553.9,3553.9,1003.0,0.282225,1,p:2.3.1.2.3.2
U8709,348,FUSE1,533800.6619,533800.6619,539216.1619,5415.5,5415.5,1003.0,0.185209,1,p:1.1.5.2.1.2
U8710,348,FUSE1,533879.4619,533879.4619,537748.9619,3869.5,3869.5,1003.0,0.259207,1,p:2.2.5.1.2.1
U8711,348,FUSE1,533921.4619,533921.4619,537201.3619,3279.9,3279.9,1003.0,0.305802,1,p:1.3.2.2.2.2
U8712,348,FUSE1,533995.4619,533995.4619,539410.9619,5415.5,5415.5,1003.0,0.185209,1,p:2.1.1.1.1.1
U8713,348,FUSE2,534037.4619,534037.4619,537920.9619,3883.5,3883.5,1035.4,0.266615,1,p:1.2.1.2.2.2
U8714,348,FUSE2,534116.2619,534116.2619,537804.9619,3688.7,3688.7,1035.4,0.280695,1,p:2.3.3.2.1.2
U8715,348,FUSE2,534153.4619,534153.4619,539332.1619,5178.7,5178.7,1035.4,0.199934,1,p:1.1.2.2.2.2
U8716,348,FUSE2,534232.2619,534232.2619,537864.9619,3632.7,3632.7,1035.4,0.285022,1,p:2.2.2.1.3.1
U8717,348,FUSE2,534274.2619,534274.2619,537670.1619,3395.9,3395.9,1035.4,0.304897,1,p:1.3.4.2.3.2
U8718,348,FUSE2,534348.2619,534348.2619,539995.7619,5647.5,5647.5,1035.4,0.183338,1,p:2.1.3.1.3.1
U8719,348,FUSE2,534390.2619,534390.2619,538584.5619,4194.3,4194.3,1035.4,0.246859,1,p:1.2.3.1.3.1
U8720,348,FUSE2,534469.0619,534469.0619,538036.9619,3567.9,3567.9,1035.4,0.290199,1,p:2.3.5.2.3.2
U3895,156,FUSE0,534506.2619,534506.2619,539642.9619,5136.7,5136.7,941.0,0.183192,1,p:1.1.2.1.3.1
U3896,156,FUSE0,534585.0619,534585.0619,538352.5619,3767.5,3767.5,941.0,0.249768,1,p:2.2.1.1.1.1
U3897,156,FUSE0,534627.0619,534627.0619,538157.7619,3530.7,3530.7,941.0,0.266519,1,p:1.3.1.2.1.2
U3898,156,FUSE0,534701.0619,534701.0619,539800.9619,5099.9,5099.9,941.0,0.184513,1,p:2.1.4.2.3.2
U3899,156,FUSE0,534743.0619,534743.0619,538626.5619,3883.5,3883.5,941.0,0.242307,1,p:1.2.5.2.2.2
U3900,156,FUSE0,534821.8619,534821.8619,538115.7619,3293.9,3293.9,941.0,0.28568,1,p:2.3.2.1.2.1
U3901,156,FUSE0,534859.0619,534859.0619,540390.5619,5531.5,5531.5,941.0,0.170117,1,p:1.1.3.2.2.2
U3902,156,FUSE0,534937.8619,534937.8619,538510.5619,3572.7,3572.7,941.0,0.263386,1,p:2.2.4.2.1.2
U3903,156,FUSE1,534979.8619,534979.8619,538863.3619,3883.5,3883.5,1003.0,0.258272,1,p:1.3.3.2.1.2
U3904,156,FUSE1,535053.8619,535053.8619,540232.5619,5178.7,5178.7,1003.0,0.193678,1,p:2.1.2.1.2.1
U3905,156,FUSE1,535095.8619,535095.8619,538705.3619,3609.5,3609.5,1003.0,0.277878,1,p:1.2.2.1.1.1
U3906,156,FUSE1,535174.6619,535174.6619,538742.5619,3567.9,3567.9,1003.0,0.281118,1,p:2.3.1.2.3.2
U3907,156,FUSE1,535211.8619,535211.8619,540627.3619,5415.5,5415.5,1003.0,0.185209,1,p:1.1.1.2.1.2
U3908,156,FUSE1,535290.6619,535290.6619,539448.1619,4157.5,4157.5,1003.0,0.241251,1,p:2.2.3.2.3.2
U3909,156,FUSE1,535332.6619,535332.6619,538937.3619,3604.7,3604.7,1003.0,0.278248,1,p:1.3.5.1.3.1
U3910,156,FUSE2,535406.6619,535406.6619,540822.1619,5415.5,5415.5,1035.4,0.191192,1,p:2.1.5.1.1.1
U3911,156,FUSE2,535448.6619,535448.6619,539095.3619,3646.7,3646.7,1035.4,0.283928,1,p:1.2.4.2.3.2
U3912,156,FUSE2,535527.4619,535527.4619,539058.1619,3530.7,3530.7,1035.4,0.293256,1,p:2.3.1.1.1.1
U3913,156,FUSE2,535564.6619,535564.6619,540859.3619,5294.7,5294.7,1035.4,0.195554,1,p:1.1.4.2.3.2
U3914,156,FUSE2,535643.4619,535643.4619,539568.9619,3925.5,3925.5,1035.4,0.263763,1,p:2.2.5.2.1.2
U3915,156,FUSE2,535685.4619,535685.4619,538979.3619,3293.9,3293.9,1035.4,0.314339,1,p:1.3.2.2.2.2
U3916,156,FUSE2,535759.4619,535759.4619,541448.9619,5689.5,5689.5,1035.4,0.181984,1,p:2.1.3.2.2.2
U3917,156,FUSE2,535801.4619,535801.4619,539763.7619,3962.3,3962.3,1035.4,0.261313,1,p:1.2.1.1.1.1
U1860,75,FUSE0,535880.2619,535880.2619,539684.9619,3804.7,3804.7,941.0,0.247326,1,p:2.3.3.2.2.2
U1861,75,FUSE0,535917.4619,535917.4619,540980.1619,5062.7,5062.7,941.0,0.185869,1,p:1.1.2.2.1.2
U1862,75,FUSE0,535996.2619,535996.2619,539879.7619,3883.5,3883.5,941.0,0.242307,1,p:2.2.5.1.2.1
U1863,75,FUSE0,536038.2619,536038.2619,539290.1619,3251.9,3251.9,941.0,0.289369,1,p:1.3.4.1.3.1
U1864,75,FUSE0,536112.2619,536112.2619,541527.7619,5415.5,5415.5,941.0,0.173761,1,p:2.1.1.1.1.1
U1865,75,FUSE0,536154.2619,536154.2619,540274.5619,4120.3,4120.3,941.0,0.228381,1,p:1.2.3.2.1.2
U1866,75,FUSE0,536233.0619,536233.0619,539526.9619,3293.9,3293.9,941.0,0.28568,1,p:2.3.4.1.2.1
U1867,75,FUSE0,536270.2619,536270.2619,541564.9619,5294.7,5294.7,941.0,0.177725,1,p:1.1.5.2.3.2
U1868,75,FUSE0,536349.0619,536349.0619,539921.7619,3572.7,3572.7,941.0,0.263386,1,p:2.2.2.2.1.2
U1869,75,FUSE1,536391.0619,536391.0619,540037.7619,3646.7,3646.7,1003.0,0.275043,1,p:1.3.1.2.2.2
U1870,75,FUSE1,536465.0619,536465.0619,541643.7619,5178.7,5178.7,1003.0,0.193678,1,p:2.1.2.1.2.1
U1871,75,FUSE1,536507.0619,536507.0619,540116.5619,3609.5,3609.5,1003.0,0.277878,1,p:1.2.4.1.1.1
U1872,75,FUSE1,536585.8619,536585.8619,540153.7619,3567.9,3567.9,1003.0,0.281118,1,p:2.3.5.2.3.2
U1873,75,FUSE1,536623.0619,536623.0619,542003.7619,5380.7,5380.7,1003.0,0.186407,1,p:1.1.1.1.2.1
U1874,75,FUSE1,536701.8619,536701.8619,540701.3619,3999.5,3999.5,1003.0,0.250781,1,p:2.2.3.1.3.1
U1875,75,FUSE1,536743.8619,536743.8619,540348.5619,3604.7,3604.7,1003.0,0.278248,1,p:1.3.1.1.3.1
U1876,75,FUSE1,536817.8619,536817.8619,542119.7619,5301.9,5301.9,1003.0,0.189177,1,p:2.1.4.1.3.1
U1877,75,FUSE1,536859.8619,536859.8619,540469.3619,3609.5,3609.5,1003.0,0.277878,1,p:1.2.2.1.1.1
U1878,75,FUSE2,536938.6619,536938.6619,540585.3619,3646.7,3646.7,1035.4,0.283928,1,p:2.3.5.1.2.1
U1879,75,FUSE2,536975.8619,536975.8619,542745.7619,5769.9,5769.9,1035.4,0.179449,1,p:1.1.3.1.2.1
U1880,75,FUSE2,537054.6619,537054.6619,540938.1619,3883.5,3883.5,1035.4,0.266615,1,p:2.2.1.1.2.1
U1881,75,FUSE2,537116.6619,537116.6619,540506.5619,3389.9,3389.9,1035.4,0.305437,1,p:1.3.4.2.3.2
U1882,75,FUSE2,537170.6619,537170.6619,542629.7619,5459.1,5459.1,1035.4,0.189665,1,p:2.1.5.1.1.1
U1883,75,FUSE2,537232.6619,537232.6619,541174.9619,3942.3,3942.3,1035.4,0.262639,1,p:1.2.5.1.1.1
U1884,75,FUSE2,537311.4619,537311.4619,541054.1619,3742.7,3742.7,1035.4,0.276645,1,p:2.3.3.1.3.1
U1885,75,FUSE2,537348.6619,537348.6619,542666.9619,5318.3,5318.3,1035.4,0.194686,1,p:1.1.2.2.3.2
U1886,75,FUSE2,537427.4619,537427.4619,541096.1619,3668.7,3668.7,1035.4,0.282225,1,p:2.2.4.2.2.2
U1887,75,FUSE2,537469.4619,537469.4619,540743.3619,3273.9,3273.9,1035.4,0.316259,1,p:1.3.2.2.2.2
U1786,72,FUSE0,537543.4619,537543.4619,542903.7619,5360.3,5360.3,941.0,0.17555,1,p:2.1.5.2.2.2
U1787,72,FUSE0,537585.4619,537585.4619,541759.7619,4174.3,4174.3,941.0,0.225427,1,p:1.2.3.1.3.1
U1788,72,FUSE0,537664.2619,537664.2619,541212.1619,3547.9,3547.9,941.0,0.265227,1,p:2.3.1.2.3.2
U1789,72,FUSE0,537701.4619,537701.4619,543098.5619,5397.1,5397.1,941.0,0.174353,1,p:1.1.1.1.2.1
U1790,72,FUSE0,537780.2619,537780.2619,541332.9619,3552.7,3552.7,941.0,0.264869,1,p:2.2.4.2.1.2
U1791,72,FUSE0,537836.2619,537836.2619,541406.9619,3570.7,3570.7,941.0,0.263534,1,p:1.3.5.1.3.1
U1792,72,FUSE0,537896.2619,537896.2619,543567.3619,5671.1,5671.1,941.0,0.165929,1,p:2.1.3.1.3.1
U1793,72,FUSE0,537952.2619,537952.2619,541685.7619,3733.5,3733.5,941.0,0.252042,1,p:1.2.1.2.1.2
U1794,72,FUSE1,538031.0619,538031.0619,541290.9619,3259.9,3259.9,1003.0,0.307678,1,p:2.3.2.1.2.1
U1795,72,FUSE1,538068.2619,538068.2619,543256.5619,5188.3,5188.3,1003.0,0.19332,1,p:1.1.2.2.2.2
U1796,72,FUSE1,538147.0619,538147.0619,541887.7619,3740.7,3740.7,1003.0,0.268132,1,p:2.2.5.1.1.1
U1797,72,FUSE1,538189.0619,538189.0619,542042.5619,3853.5,3853.5,1003.0,0.260283,1,p:1.3.3.2.1.2
U1798,72,FUSE1,538263.0619,538263.0619,543451.3619,5188.3,5188.3,1003.0,0.19332,1,p:2.1.4.1.2.1
U1799,72,FUSE1,538305.0619,538305.0619,541917.7619,3612.7,3612.7,1003.0,0.277632,1,p:1.2.2.2.3.2
U1800,72,FUSE1,538383.8619,538383.8619,541801.7619,3417.9,3417.9,1003.0,0.293455,1,p:2.3.4.2.2.2
U1801,72,FUSE1,538421.0619,538421.0619,543846.1619,5425.1,5425.1,1003.0,0.184881,1,p:1.1.5.2.1.2
U1802,72,FUSE2,538499.8619,538499.8619,542275.7619,3775.9,3775.9,1035.4,0.274213,1,p:2.2.1.2.3.2
U1803,72,FUSE2,538541.8619,538541.8619,542356.5619,3814.7,3814.7,1035.4,0.271424,1,p:1.3.3.1.2.1
U1804,72,FUSE2,538615.8619,538615.8619,544078.1619,5462.3,5462.3,1035.4,0.189554,1,p:2.1.1.2.3.2
U1805,72,FUSE2,538657.8619,538657.8619,542434.9619,3777.1,3777.1,1035.4,0.274126,1,p:1.2.4.2.1.2
U1806,72,FUSE2,538736.6619,538736.6619,542240.5619,3503.9,3503.9,1035.4,0.295499,1,p:2.3.5.1.1.1
U1807,72,FUSE2,538773.8619,538773.8619,544509.7619,5735.9,5735.9,1035.4,0.180512,1,p:1.1.3.1.2.1
U1808,72,FUSE2,538852.6619,538852.6619,543019.7619,4167.1,4167.1,1035.4,0.24847,1,p:2.2.3.2.3.2
U1809,72,FUSE2,538894.6619,538894.6619,542159.7619,3265.1,3265.1,1035.4,0.317111,1,p:1.3.2.2.2.2
U1810,72,FUSE2,538968.6619,538968.6619,544430.9619,5462.3,5462.3,1035.4,0.189554,1,p:2.1.1.2.3.2
U7734,309,FUSE0,539010.6619,539010.6619,542861.7619,3851.1,3851.1,941.0,0.244346,1,p:1.2.1.1.3.1
U7735,309,FUSE0,539089.4619,539089.4619,542550.9619,3461.5,3461.5,941.0,0.271847,1,p:2.3.1.2.2.2
U7736,309,FUSE0,539126.6619,539126.6619,544272.9619,5146.3,5146.3,941.0,0.18285,1,p:1.1.2.1.3.1
U7737,309,FUSE0,539205.4619,539205.4619,542787.7619,3582.3,3582.3,941.0,0.26268,1,p:2.2.4.2.1.2
U7738,309,FUSE0,539247.4619,539247.4619,542472.5619,3225.1,3225.1,941.0,0.291774,1,p:1.3.4.1.3.1
U7739,309,FUSE0,539321.4619,539321.4619,544625.7619,5304.3,5304.3,941.0,0.177403,1,p:2.1.1.1.3.1
U7740,309,FUSE0,539363.4619,539363.4619,542982.5619,3619.1,3619.1,941.0,0.260009,1,p:1.2.2.1.1.1
U7741,309,FUSE0,539442.2619,539442.2619,543335.3619,3893.1,3893.1,941.0,0.24171,1,p:2.3.3.1.1.1
U7742,309,FUSE1,539479.4619,539479.4619,544746.5619,5267.1,5267.1,1003.0,0.190427,1,p:1.1.4.1.1.1
U7743,309,FUSE1,539558.2619,539558.2619,543372.5619,3814.3,3814.3,1003.0,0.262958,1,p:2.2.1.2.3.2
U7744,309,FUSE1,539600.2619,539600.2619,543214.5619,3614.3,3614.3,1003.0,0.277509,1,p:1.3.5.1.3.1
U7745,309,FUSE1,539674.2619,539674.2619,545373.3619,5699.1,5699.1,1003.0,0.175993,1,p:2.1.3.2.2.2
U7746,309,FUSE1,539716.2619,539716.2619,543920.1619,4203.9,4203.9,1003.0,0.238588,1,p:1.2.3.1.3.1
U7747,309,FUSE1,539795.0619,539795.0619,543140.5619,3345.5,3345.5,1003.0,0.299806,1,p:2.3.4.2.1.2
U7748,309,FUSE1,539832.2619,539832.2619,545257.3619,5425.1,5425.1,1003.0,0.184881,1,p:1.1.1.2.1.2
U7749,309,FUSE1,539911.0619,539911.0619,543493.3619,3582.3,3582.3,1003.0,0.279988,1,p:2.2.2.2.1.2
U7750,309,FUSE2,539953.0619,539953.0619,543609.3619,3656.3,3656.3,1035.4,0.283182,1,p:1.3.5.2.2.2
U7751,309,FUSE2,540027.0619,540027.0619,545215.3619,5188.3,5188.3,1035.4,0.199564,1,p:2.1.2.1.2.1
U7752,309,FUSE2,540069.0619,540069.0619,543804.1619,3735.1,3735.1,1035.4,0.277208,1,p:1.2.4.1.2.1
U7753,309,FUSE2,540147.8619,540147.8619,543688.1619,3540.3,3540.3,1035.4,0.292461,1,p:2.3.1.1.1.1
U7754,309,FUSE2,540185.0619,540185.0619,545610.1619,5425.1,5425.1,1035.4,0.190854,1,p:1.1.5.2.1.2
U7755,309,FUSE2,540263.8619,540263.8619,544156.9619,3893.1,3893.1,1035.4,0.265958,1,p:2.2.5.1.2.1
U7756,309,FUSE2,540305.8619,540305.8619,544198.9619,3893.1,3893.1,1035.4,0.265958,1,p:1.3.3.2.1.2
U7757,309,FUSE2,540379.8619,540379.8619,545489.3619,5109.5,5109.5,1035.4,0.202642,1,p:2.1.2.2.3.2
U5766,231,FUSE0,540421.8619,540421.8619,544040.9619,3619.1,3619.1,941.0,0.260009,1,p:1.2.4.1.1.1
U5767,231,FUSE0,540500.6619,540500.6619,543725.3619,3224.7,3224.7,941.0,0.29181,1,p:2.3.2.2.3.2
U5768,231,FUSE0,540537.8619,540537.8619,545684.1619,5146.3,5146.3,941.0,0.18285,1,p:1.1.4.1.3.1
U5769,231,FUSE0,540616.6619,540616.6619,544783.7619,4167.1,4167.1,941.0,0.225817,1,p:2.2.3.2.3.2
U5770,231,FUSE0,540658.6619,540658.6619,543962.1619,3303.5,3303.5,941.0,0.284849,1,p:1.3.2.2.2.2
U5771,231,FUSE0,540732.6619,540732.6619,546078.9619,5346.3,5346.3,941.0,0.17601,1,p:2.1.1.2.2.2
U5772,231,FUSE0,540774.6619,540774.6619,544667.7619,3893.1,3893.1,941.0,0.24171,1,p:1.2.5.2.2.2
U5773,231,FUSE0,540853.4619,540853.4619,544393.7619,3540.3,3540.3,941.0,0.265797,1,p:2.3.5.1.1.1
U5774,231,FUSE1,540890.6619,540890.6619,546626.5619,5735.9,5735.9,1003.0,0.174864,1,p:1.1.3.1.2.1
U5775,231,FUSE1,540969.4619,540969.4619,544551.7619,3582.3,3582.3,1003.0,0.279988,1,p:2.2.2.2.1.2
U5776,231,FUSE1,541011.4619,541011.4619,544314.9619,3303.5,3303.5,1003.0,0.303617,1,p:1.3.4.2.2.2
U5777,231,FUSE1,541085.4619,541085.4619,546273.7619,5188.3,5188.3,1003.0,0.19332,1,p:2.1.4.1.2.1
U5778,231,FUSE1,541127.4619,541127.4619,544978.5619,3851.1,3851.1,1003.0,0.260445,1,p:1.2.1.1.3.1
U5779,231,FUSE1,541206.2619,541206.2619,545099.3619,3893.1,3893.1,1003.0,0.257635,1,p:2.3.3.1.1.1
U5780,231,FUSE1,541243.4619,541243.4619,546431.7619,5188.3,5188.3,1003.0,0.19332,1,p:1.1.2.2.2.2
U5781,231,FUSE1,541322.2619,541322.2619,544904.5619,3582.3,3582.3,1003.0,0.279988,1,p:2.2.4.2.1.2
U5782,231,FUSE2,541364.2619,541364.2619,545020.5619,3656.3,3656.3,1035.4,0.283182,1,p:1.3.5.2.2.2
U5783,231,FUSE2,541438.2619,541438.2619,546784.5619,5346.3,5346.3,1035.4,0.193667,1,p:2.1.5.2.2.2
U5784,231,FUSE2,541480.2619,541480.2619,545726.1619,4245.9,4245.9,1035.4,0.243859,1,p:1.2.3.2.2.2
U5785,231,FUSE2,541559.0619,541559.0619,544862.5619,3303.5,3303.5,1035.4,0.313425,1,p:2.3.2.1.2.1
U5786,231,FUSE2,541596.2619,541596.2619,547021.3619,5425.1,5425.1,1035.4,0.190854,1,p:1.1.1.2.1.2
U5787,231,FUSE2,541675.0619,541675.0619,545568.1619,3893.1,3893.1,1035.4,0.265958,1,p:2.2.1.1.2.1
U5788,231,FUSE2,541717.0619,541717.0619,545331.3619,3614.3,3614.3,1035.4,0.286473,1,p:1.3.5.1.3.1
U5789,231,FUSE2,541791.0619,541791.0619,547490.1619,5699.1,5699.1,1035.4,0.181678,1,p:2.1.3.2.2.2
U5790,231,FUSE2,541833.0619,541833.0619,546036.9619,4203.9,4203.9,1035.4,0.246295,1,p:1.2.3.1.3.1
U280,12,FUSE0,541919.0619,541919.0619,545136.5619,3217.5,3217.5,941.0,0.292463,1,p:2.3.4.2.3.2
U281,12,FUSE0,541949.0619,541949.0619,547095.3619,5146.3,5146.3,941.0,0.18285,1,p:1.1.4.1.3.1
U282,12,FUSE0,542035.0619,542035.0619,545920.9619,3885.9,3885.9,941.0,0.242158,1,p:2.2.5.1.2.1
U283,12,FUSE0,542073.8619,542073.8619,545452.1619,3378.3,3378.3,941.0,0.278542,1,p:1.3.4.1.1.1
U284,12,FUSE0,542151.0619,542151.0619,547800.9619,5649.9,5649.9,941.0,0.166552,1,p:2.1.3.1.3.1
U285,12,FUSE0,542191.0619,542191.0619,545804.9619,3613.9,3613.9,941.0,0.260384,1,p:1.2.2.1.1.1
U286,12,FUSE0,542271.8619,542271.8619,545842.1619,3570.3,3570.3,941.0,0.263563,1,p:2.3.1.2.3.2
U287,12,FUSE0,542307.0619,542307.0619,547684.9619,5377.9,5377.9,941.0,0.174975,1,p:1.1.5.1.2.1
U288,12,FUSE0,542387.8619,542387.8619,545962.9619,3575.1,3575.1,941.0,0.263209,1,p:2.2.4.2.1.2
U289,12,FUSE0,542466.2619,542466.2619,546315.7619,3849.5,3849.5,941.0,0.244447,1,p:1.3.3.2.1.2
U290,12,FUSE1,542503.8619,542503.8619,547726.9619,5223.1,5223.1,1003.0,0.192032,1,p:2.1.4.2.1.2
U291,12,FUSE1,542582.2619,542582.2619,546389.7619,3807.5,3807.5,1003.0,0.263427,1,p:1.2.1.1.3.1
U292,12,FUSE1,542661.0619,542661.0619,548390.5619,5729.5,5729.5,1003.0,0.175059,1,p:2.1.3.1.2.1
U293,12,FUSE1,542698.2619,542698.2619,546194.9619,3496.7,3496.7,1003.0,0.286842,1,p:1.3.5.2.3.2
U294,12,FUSE1,542777.0619,542777.0619,546900.5619,4123.5,4123.5,1003.0,0.24324,1,p:2.2.3.2.3.2
U295,12,FUSE1,542819.0619,542819.0619,548274.5619,5455.5,5455.5,1003.0,0.183851,1,p:1.1.5.1.1.1
U296,12,FUSE1,542893.0619,542893.0619,546157.7619,3264.7,3264.7,1003.0,0.307226,1,p:2.3.2.1.1.1
U297,12,FUSE1,542935.0619,542935.0619,546547.7619,3612.7,3612.7,1003.0,0.277632,1,p:1.2.4.2.3.2
U298,12,FUSE1,543013.8619,543013.8619,548153.7619,5139.9,5139.9,1003.0,0.19514,1,p:2.1.2.1.3.1
U299,12,FUSE1,543051.0619,543051.0619,546510.5619,3459.5,3459.5,1003.0,0.289926,1,p:1.3.5.1.1.1
U300,12,FUSE2,543129.8619,543129.8619,546742.5619,3612.7,3612.7,1035.4,0.2866,1,p:2.2.2.1.3.1
U301,12,FUSE2,543171.8619,543171.8619,548643.3619,5471.5,5471.5,1035.4,0.189235,1,p:1.1.1.1.1.1
U302,12,FUSE2,543245.8619,543245.8619,546668.5619,3422.7,3422.7,1035.4,0.30251,1,p:2.3.1.2.1.2
U303,12,FUSE2,543287.8619,543287.8619,547137.3619,3849.5,3849.5,1035.4,0.26897,1,p:1.2.5.2.2.2
U304,12,FUSE2,543366.6619,543366.6619,548506.5619,5139.9,5139.9,1035.4,0.201444,1,p:2.1.4.1.3.1
U305,12,FUSE2,543403.8619,543403.8619,547216.1619,3812.3,3812.3,1035.4,0.271595,1,p:1.3.3.1.1.1
U306,12,FUSE2,543482.6619,543482.6619,547374.1619,3891.5,3891.5,1035.4,0.266067,1,p:2.2.1.2.1.2
U307,12,FUSE2,543524.6619,543524.6619,549266.9619,5742.3,5742.3,1035.4,0.180311,1,p:1.1.3.2.2.2
U308,12,FUSE2,543598.6619,543598.6619,546863.3619,3264.7,3264.7,1035.4,0.31715,1,p:2.3.4.1.1.1
U3694,148,FUSE0,543640.6619,543640.6619,547253.3619,3612.7,3612.7,941.0,0.26047,1,p:1.2.2.2.3.2
U3695,148,FUSE0,543719.4619,543719.4619,549112.1619,5392.7,5392.7,941.0,0.174495,1,p:2.1.1.1.2.1
U3696,148,FUSE0,543756.6619,543756.6619,546979.3619,3222.7,3222.7,941.0,0.291991,1,p:1.3.2.1.2.1
U3697,148,FUSE0,543835.4619,543835.4619,547606.1619,3770.7,3770.7,941.0,0.249556,1,p:2.2.1.2.3.2
U3698,148,FUSE0,543877.4619,543877.4619,549503.7619,5626.3,5626.3,941.0,0.16725,1,p:1.1.3.2.1.2
U3699,148,FUSE0,543951.4619,543951.4619,547448.1619,3496.7,3496.7,941.0,0.269111,1,p:2.3.5.1.3.1
U3700,148,FUSE0,543993.4619,543993.4619,548079.7619,4086.3,4086.3,941.0,0.230282,1,p:1.2.3.2.1.2
U3701,148,FUSE1,544072.2619,544072.2619,549580.9619,5508.7,5508.7,1003.0,0.182076,1,p:2.1.5.1.3.1
U3702,148,FUSE1,544109.4619,544109.4619,547332.1619,3222.7,3222.7,1003.0,0.31123,1,p:1.3.4.1.2.1
U3703,148,FUSE1,544188.2619,544188.2619,547921.7619,3733.5,3733.5,1003.0,0.268649,1,p:2.2.5.1.1.1
U3704,148,FUSE1,544230.2619,544230.2619,549464.9619,5234.7,5234.7,1003.0,0.191606,1,p:1.1.4.1.2.1
U3705,148,FUSE1,544304.2619,544304.2619,547568.9619,3264.7,3264.7,1003.0,0.307226,1,p:2.3.2.1.1.1
U3706,148,FUSE1,544346.2619,544346.2619,548037.7619,3691.5,3691.5,1003.0,0.271705,1,p:1.2.4.1.2.1
U3707,148,FUSE1,544425.0619,544425.0619,549619.7619,5194.7,5194.7,1003.0,0.193081,1,p:2.1.2.2.2.2
U3708,148,FUSE2,544462.2619,544462.2619,547958.9619,3496.7,3496.7,1035.4,0.296108,1,p:1.3.1.2.3.2
U3709,148,FUSE2,544541.0619,544541.0619,548664.5619,4123.5,4123.5,1035.4,0.251097,1,p:2.2.3.2.3.2
U3710,148,FUSE2,544583.0619,544583.0619,550170.5619,5587.5,5587.5,1035.4,0.185306,1,p:1.1.1.1.2.1
U3711,148,FUSE2,544657.0619,544657.0619,547842.9619,3185.9,3185.9,1035.4,0.324995,1,p:2.3.2.2.2.2
U3712,148,FUSE2,544699.0619,544699.0619,548548.5619,3849.5,3849.5,1035.4,0.26897,1,p:1.2.5.2.2.2
U3713,148,FUSE2,544777.8619,544777.8619,549933.7619,5155.9,5155.9,1035.4,0.200818,1,p:2.1.2.1.3.1
U3714,148,FUSE2,544815.0619,544815.0619,548311.7619,3496.7,3496.7,1035.4,0.296108,1,p:1.3.1.2.3.2
U6927,277,FUSE0,544893.8619,544893.8619,548432.5619,3538.7,3538.7,941.0,0.265917,1,p:2.2.2.2.1.2
U6928,277,FUSE0,544935.8619,544935.8619,550407.3619,5471.5,5471.5,941.0,0.171982,1,p:1.1.5.1.1.1
U6929,277,FUSE0,545009.8619,545009.8619,548195.7619,3185.9,3185.9,941.0,0.295364,1,p:2.3.4.2.2.2
U6930,277,FUSE0,545051.8619,545051.8619,548875.3619,3823.5,3823.5,941.0,0.24611,1,p:1.2.1.1.3.1
U6931,277,FUSE0,545130.6619,545130.6619,550286.5619,5155.9,5155.9,941.0,0.182509,1,p:2.1.4.1.3.1
U6932,277,FUSE0,545167.8619,545167.8619,548996.1619,3828.3,3828.3,941.0,0.245801,1,p:1.3.3.1.1.1
U6933,277,FUSE0,545246.6619,545246.6619,548798.1619,3551.5,3551.5,941.0,0.264958,1,p:2.2.4.2.1.2
U6934,277,FUSE0,545288.6619,545288.6619,550760.1619,5471.5,5471.5,941.0,0.171982,1,p:1.1.1.1.1.1
U6935,277,FUSE1,545362.6619,545362.6619,548914.1619,3551.5,3551.5,1003.0,0.282416,1,p:2.3.5.2.2.2
U6936,277,FUSE1,545404.6619,545404.6619,549030.1619,3625.5,3625.5,1003.0,0.276651,1,p:1.2.2.2.3.2
U6937,277,FUSE1,545483.4619,545483.4619,551112.9619,5629.5,5629.5,1003.0,0.178169,1,p:2.1.3.1.1.1
U6938,277,FUSE1,545520.6619,545520.6619,548759.3619,3238.7,3238.7,1003.0,0.309692,1,p:1.3.2.1.2.1
U6939,277,FUSE1,545599.4619,545599.4619,549382.9619,3783.5,3783.5,1003.0,0.265098,1,p:2.2.1.2.3.2
U6940,277,FUSE1,545641.4619,545641.4619,550794.5619,5153.1,5153.1,1003.0,0.19464,1,p:1.1.2.2.3.2
U6941,277,FUSE1,545715.4619,545715.4619,549228.1619,3512.7,3512.7,1003.0,0.285535,1,p:2.3.5.1.3.1
U6942,277,FUSE1,545757.4619,545757.4619,549348.9619,3591.5,3591.5,1003.0,0.27927,1,p:1.2.2.1.1.1
U6943,277,FUSE2,545836.2619,545836.2619,551344.9619,5508.7,5508.7,1035.4,0.187957,1,p:2.1.1.1.3.1
U6944,277,FUSE2,545873.4619,545873.4619,549150.9619,3277.5,3277.5,1035.4,0.315912,1,p:1.3.4.2.1.2
U6945,277,FUSE2,545952.2619,545952.2619,549856.5619,3904.3,3904.3,1035.4,0.265195,1,p:2.2.5.2.1.2
U6946,277,FUSE2,545994.2619,545994.2619,551268.1619,5273.9,5273.9,1035.4,0.196325,1,p:1.1.4.2.1.2
U6947,277,FUSE2,546068.2619,546068.2619,549817.7619,3749.5,3749.5,1035.4,0.276143,1,p:2.3.3.1.2.1
U6948,277,FUSE2,546110.2619,546110.2619,549735.7619,3625.5,3625.5,1035.4,0.285588,1,p:1.2.4.2.3.2
U6949,277,FUSE2,546189.0619,546189.0619,551620.9619,5431.9,5431.9,1035.4,0.190615,1,p:2.1.1.2.1.2
U6950,277,FUSE2,546226.2619,546226.2619,549701.7619,3475.5,3475.5,1035.4,0.297914,1,p:1.3.1.1.1.1
U7486,299,FUSE0,546305.0619,546305.0619,550088.5619,3783.5,3783.5,941.0,0.248712,1,p:2.2.5.2.3.2
U7487,299,FUSE0,546347.0619,546347.0619,551581.7619,5234.7,5234.7,941.0,0.179762,1,p:1.1.4.1.2.1
U7488,299,FUSE0,546421.0619,546421.0619,550054.5619,3633.5,3633.5,941.0,0.258979,1,p:2.3.3.1.1.1
U7489,299,FUSE0,546463.0619,546463.0619,550562.5619,4099.5,4099.5,941.0,0.22954,1,p:1.2.3.2.1.2
U7490,299,FUSE0,546541.8619,546541.8619,551697.7619,5155.9,5155.9,941.0,0.182509,1,p:2.1.2.1.3.1
U7491,299,FUSE0,546579.0619,546579.0619,550325.7619,3746.7,3746.7,941.0,0.251154,1,p:1.3.3.2.2.2
U7492,299,FUSE0,546657.8619,546657.8619,550209.7619,3551.9,3551.9,941.0,0.264929,1,p:2.2.2.2.1.2
U7493,299,FUSE0,546699.8619,546699.8619,552171.3619,5471.5,5471.5,941.0,0.171982,1,p:1.1.1.1.1.1
U7494,299,FUSE0,546773.8619,546773.8619,549972.5619,3198.7,3198.7,941.0,0.294182,1,p:2.3.4.2.2.2
U7495,299,FUSE1,546815.8619,546815.8619,550678.5619,3862.7,3862.7,1003.0,0.259663,1,p:1.2.5.2.2.2
U7496,299,FUSE1,546894.6619,546894.6619,552089.7619,5195.1,5195.1,1003.0,0.193067,1,p:2.1.4.2.2.2
U7497,299,FUSE1,546931.8619,546931.8619,550441.7619,3509.9,3509.9,1003.0,0.285763,1,p:1.3.1.2.3.2
U7498,299,FUSE1,547010.6619,547010.6619,550639.3619,3628.7,3628.7,1003.0,0.276408,1,p:2.2.4.1.3.1
U7499,299,FUSE1,547052.6619,547052.6619,552287.3619,5234.7,5234.7,1003.0,0.191606,1,p:1.1.2.1.2.1
U7500,299,FUSE1,547126.6619,547126.6619,550876.1619,3749.5,3749.5,1003.0,0.267502,1,p:2.3.3.1.2.1
U7501,299,FUSE1,547168.6619,547168.6619,550992.1619,3823.5,3823.5,1003.0,0.262325,1,p:1.2.1.1.3.1
U7502,299,FUSE1,547247.4619,547247.4619,552679.3619,5431.9,5431.9,1003.0,0.18465,1,p:2.1.5.2.1.2
U7503,299,FUSE1,547284.6619,547284.6619,550523.3619,3238.7,3238.7,1003.0,0.309692,1,p:1.3.2.1.2.1
U7504,299,FUSE2,547363.4619,547363.4619,551500.1619,4136.7,4136.7,1035.4,0.250296,1,p:2.2.3.2.3.2
U7505,299,FUSE2,547405.4619,547405.4619,553148.1619,5742.7,5742.7,1035.4,0.180298,1,p:1.1.3.2.2.2
U7506,299,FUSE2,547479.4619,547479.4619,551031.3619,3551.9,3551.9,1035.4,0.291506,1,p:2.3.5.2.2.2
U7507,299,FUSE2,547521.4619,547521.4619,551147.3619,3625.9,3625.9,1035.4,0.285557,1,p:1.2.2.2.3.2
U7508,299,FUSE2,547600.2619,547600.2619,553108.9619,5508.7,5508.7,1035.4,0.187957,1,p:2.1.1.1.3.1
U7509,299,FUSE2,547637.4619,547637.4619,550915.3619,3277.9,3277.9,1035.4,0.315873,1,p:1.3.4.2.1.2
U7510,299,FUSE2,547716.2619,547716.2619,551852.9619,4136.7,4136.7,1035.4,0.250296,1,p:2.2.3.2.3.2
U7511,299,FUSE2,547758.2619,547758.2619,553461.7619,5703.5,5703.5,1035.4,0.181538,1,p:1.1.3.1.3.1
U2758,111,FUSE0,547832.2619,547832.2619,551228.9619,3396.7,3396.7,941.0,0.277034,1,p:2.3.5.1.2.1
U2759,111,FUSE0,547874.2619,547874.2619,551736.9619,3862.7,3862.7,941.0,0.243612,1,p:1.2.5.2.2.2
U2760,111,FUSE0,547953.0619,547953.0619,553345.7619,5392.7,5392.7,941.0,0.174495,1,p:2.1.1.1.2.1
U2761,111,FUSE0,547990.2619,547990.2619,551465.7619,3475.5,3475.5,941.0,0.270752,1,p:1.3.5.1.1.1
U2762,111,FUSE0,548069.0619,548069.0619,551934.5619,3865.5,3865.5,941.0,0.243436,1,p:2.2.1.1.2.1
U2763,111,FUSE0,548111.0619,548111.0619,553500.9619,5389.9,5389.9,941.0,0.174586,1,p:1.1.5.2.2.2
U2764,111,FUSE0,548185.0619,548185.0619,551384.1619,3199.1,3199.1,941.0,0.294145,1,p:2.3.2.2.2.2
U2765,111,FUSE0,548227.0619,548227.0619,551818.5619,3591.5,3591.5,941.0,0.262008,1,p:1.2.4.1.1.1
U2766,111,FUSE0,548305.8619,548305.8619,553969.7619,5663.9,5663.9,941.0,0.16614,1,p:2.1.3.2.3.2
U2767,111,FUSE1,548343.0619,548343.0619,552205.7619,3862.7,3862.7,1003.0,0.259663,1,p:1.3.3.2.3.2
U2768,111,FUSE1,548421.8619,548421.8619,552524.1619,4102.3,4102.3,1003.0,0.244497,1,p:2.2.3.1.1.1
U2769,111,FUSE1,548463.8619,548463.8619,553935.3619,5471.5,5471.5,1003.0,0.183314,1,p:1.1.1.1.1.1
U2770,111,FUSE1,548537.8619,548537.8619,552050.5619,3512.7,3512.7,1003.0,0.285535,1,p:2.3.5.1.3.1
U2771,111,FUSE1,548579.8619,548579.8619,552442.5619,3862.7,3862.7,1003.0,0.259663,1,p:1.2.1.2.2.2
U2772,111,FUSE1,548674.6619,548674.6619,554090.5619,5415.9,5415.9,1003.0,0.185195,1,p:2.1.5.2.1.2
U2773,111,FUSE1,548695.8619,548695.8619,551973.7619,3277.9,3277.9,1003.0,0.305989,1,p:1.3.2.2.1.2
U2774,111,FUSE1,548790.6619,548790.6619,552403.3619,3612.7,3612.7,1003.0,0.277632,1,p:2.2.4.1.3.1
U2775,111,FUSE1,548829.4619,548829.4619,554051.3619,5221.9,5221.9,1003.0,0.192076,1,p:1.1.4.1.2.1
U2776,111,FUSE2,548906.6619,548906.6619,552326.5619,3419.9,3419.9,1035.4,0.302757,1,p:2.3.5.2.1.2
U2777,111,FUSE2,548945.4619,548945.4619,552640.1619,3694.7,3694.7,1035.4,0.280239,1,p:1.2.2.1.2.1
U2778,111,FUSE2,549027.4619,549027.4619,554206.5619,5179.1,5179.1,1035.4,0.199919,1,p:2.1.2.2.2.2
U2779,111,FUSE2,549061.4619,549061.4619,552795.3619,3733.9,3733.9,1035.4,0.277297,1,p:1.3.3.2.2.2
U2780,111,FUSE2,549143.4619,549143.4619,552992.9619,3849.5,3849.5,1035.4,0.26897,1,p:2.2.5.1.2.1
U2781,111,FUSE2,549182.2619,549182.2619,555018.5619,5836.3,5836.3,1035.4,0.177407,1,p:1.1.3.1.1.1
U2782,111,FUSE2,549259.4619,549259.4619,552756.1619,3496.7,3496.7,1035.4,0.296108,1,p:2.3.1.1.3.1
U2783,111,FUSE2,549298.2619,549298.2619,552911.3619,3613.1,3613.1,1035.4,0.286568,1,p:1.2.2.2.3.2
U2784,111,FUSE2,549380.2619,549380.2619,554756.9619,5376.7,5376.7,1035.4,0.192572,1,p:2.1.1.1.2.1
U2143,86,FUSE0,549414.2619,549414.2619,552558.5619,3144.3,3144.3,941.0,0.299272,1,p:1.3.4.2.3.2
U2144,86,FUSE0,549496.2619,549496.2619,553032.1619,3535.9,3535.9,941.0,0.266127,1,p:2.2.4.2.1.2
U2145,86,FUSE0,549535.0619,549535.0619,555173.3619,5638.3,5638.3,941.0,0.166894,1,p:1.1.3.2.1.2
U2146,86,FUSE0,549612.2619,549612.2619,552876.9619,3264.7,3264.7,941.0,0.288235,1,p:2.3.4.1.1.1
U2147,86,FUSE0,549651.0619,549651.0619,553698.5619,4047.5,4047.5,941.0,0.232489,1,p:1.2.3.1.2.1
U2148,86,FUSE0,549733.0619,549733.0619,555134.5619,5401.5,5401.5,941.0,0.174211,1,p:2.1.1.1.2.1
U2149,86,FUSE0,549767.0619,549767.0619,553229.7619,3462.7,3462.7,941.0,0.271753,1,p:1.3.5.1.1.1
U2150,86,FUSE0,549849.0619,549849.0619,553616.9619,3767.9,3767.9,941.0,0.249741,1,p:2.2.1.2.3.2
U2151,86,FUSE0,549887.8619,549887.8619,555028.1619,5140.3,5140.3,941.0,0.183063,1,p:1.1.4.2.3.2
U2152,86,FUSE1,549965.0619,549965.0619,553264.1619,3299.1,3299.1,1003.0,0.304022,1,p:2.3.2.2.3.2
U2153,86,FUSE1,550003.8619,550003.8619,553582.5619,3578.7,3578.7,1003.0,0.280269,1,p:1.2.2.1.1.1
U2154,86,FUSE1,550085.8619,550085.8619,555642.1619,5556.3,5556.3,1003.0,0.180516,1,p:2.1.3.2.2.2
U2155,86,FUSE1,550119.8619,550119.8619,553384.9619,3265.1,3265.1,1003.0,0.307188,1,p:1.3.4.2.1.2
U2156,86,FUSE1,550201.8619,550201.8619,554288.1619,4086.3,4086.3,1003.0,0.245454,1,p:2.2.3.1.1.1
U2157,86,FUSE1,550241.0619,550241.0619,555526.1619,5285.1,5285.1,1003.0,0.189779,1,p:1.1.2.2.1.2
U2158,86,FUSE1,550317.8619,550317.8619,553814.5619,3496.7,3496.7,1003.0,0.286842,1,p:2.3.5.1.3.1
U2159,86,FUSE1,550357.0619,550357.0619,554167.3619,3810.3,3810.3,1003.0,0.263234,1,p:1.2.1.1.3.1
U2160,86,FUSE1,550438.6619,550438.6619,555881.3619,5442.7,5442.7,1003.0,0.184284,1,p:2.1.5.2.1.2
U2161,86,FUSE2,550473.0619,550473.0619,553737.7619,3264.7,3264.7,1035.4,0.31715,1,p:1.3.4.2.1.2
U2162,86,FUSE2,550554.6619,550554.6619,554404.1619,3849.5,3849.5,1035.4,0.26897,1,p:2.2.5.1.2.1
U2163,86,FUSE2,550593.8619,550593.8619,556089.3619,5495.5,5495.5,1035.4,0.188409,1,p:1.1.1.1.1.1
U2164,86,FUSE2,550670.6619,550670.6619,553853.7619,3183.1,3183.1,1035.4,0.32528,1,p:2.3.2.2.2.2
U2165,86,FUSE2,550709.8619,550709.8619,554322.5619,3612.7,3612.7,1035.4,0.2866,1,p:1.2.4.2.3.2
U2166,86,FUSE2,550791.4619,550791.4619,555997.3619,5205.9,5205.9,1035.4,0.19889,1,p:2.1.4.2.2.2
U2167,86,FUSE2,550825.8619,550825.8619,554559.3619,3733.5,3733.5,1035.4,0.277327,1,p:1.3.3.2.2.2
U2168,86,FUSE2,550907.4619,550907.4619,554520.1619,3612.7,3612.7,1035.4,0.2866,1,p:2.2.2.1.3.1
U2169,86,FUSE2,550946.6619,550946.6619,556458.5619,5511.9,5511.9,1035.4,0.187848,1,p:1.1.1.1.1.1
U2170,86,FUSE2,551023.4619,551023.4619,554443.3619,3419.9,3419.9,1035.4,0.302757,1,p:2.3.1.2.1.2
U733,30,FUSE0,551062.6619,551062.6619,554912.1619,3849.5,3849.5,941.0,0.244447,1,p:1.2.5.2.2.2
U734,30,FUSE0,551144.2619,551144.2619,556321.3619,5177.1,5177.1,941.0,0.181762,1,p:2.1.4.1.3.1
U735,30,FUSE0,551178.6619,551178.6619,554675.3619,3496.7,3496.7,941.0,0.269111,1,p:1.3.5.2.3.2
U736,30,FUSE0,551260.2619,551260.2619,554872.9619,3612.7,3612.7,941.0,0.26047,1,p:2.2.4.1.3.1
U737,30,FUSE0,551299.4619,551299.4619,556690.5619,5391.1,5391.1,941.0,0.174547,1,p:1.1.5.1.3.1
U738,30,FUSE0,551376.2619,551376.2619,554640.9619,3264.7,3264.7,941.0,0.288235,1,p:2.3.4.1.1.1
U739,30,FUSE0,551415.4619,551415.4619,555405.3619,3989.9,3989.9,941.0,0.235846,1,p:1.2.3.2.3.2
U740,30,FUSE0,551497.0619,551497.0619,556969.3619,5472.3,5472.3,941.0,0.171957,1,p:2.1.1.2.1.2
U741,30,FUSE1,551531.4619,551531.4619,554796.1619,3264.7,3264.7,1003.0,0.307226,1,p:1.3.2.2.1.2
U742,30,FUSE1,551613.0619,551613.0619,555371.3619,3758.3,3758.3,1003.0,0.266876,1,p:2.2.1.1.1.1
U743,30,FUSE1,551652.2619,551652.2619,556927.3619,5275.1,5275.1,1003.0,0.190139,1,p:1.1.4.1.2.1
U744,30,FUSE1,551729.0619,551729.0619,555289.3619,3560.3,3560.3,1003.0,0.281718,1,p:2.3.5.2.2.2
U745,30,FUSE1,551768.2619,551768.2619,555487.3619,3719.1,3719.1,1003.0,0.269689,1,p:1.2.4.1.2.1
U746,30,FUSE1,551849.8619,551849.8619,557322.1619,5472.3,5472.3,1003.0,0.183287,1,p:2.1.5.2.1.2
U747,30,FUSE1,551884.2619,551884.2619,555250.5619,3366.3,3366.3,1003.0,0.297953,1,p:1.3.2.1.3.1
U748,30,FUSE1,551965.8619,551965.8619,555956.1619,3990.3,3990.3,1003.0,0.25136,1,p:2.2.3.1.3.1
U749,30,FUSE2,552005.0619,552005.0619,557748.9619,5743.9,5743.9,1035.4,0.180261,1,p:1.1.3.1.3.1
U750,30,FUSE2,552081.8619,552081.8619,555603.3619,3521.5,3521.5,1035.4,0.294022,1,p:2.3.5.1.3.1
U751,30,FUSE2,552121.0619,552121.0619,555840.1619,3719.1,3719.1,1035.4,0.278401,1,p:1.2.2.1.2.1
U752,30,FUSE2,552202.6619,552202.6619,557516.9619,5314.3,5314.3,1035.4,0.194833,1,p:2.1.2.1.1.1
U753,30,FUSE2,552237.0619,552237.0619,555758.1619,3521.1,3521.1,1035.4,0.294056,1,p:1.3.1.2.3.2
U754,30,FUSE2,552318.6619,552318.6619,556205.3619,3886.7,3886.7,1035.4,0.266396,1,p:2.2.5.1.2.1
U755,30,FUSE2,552357.8619,552357.8619,557906.9619,5549.1,5549.1,1035.4,0.186589,1,p:1.1.1.2.3.2
U756,30,FUSE2,552434.6619,552434.6619,555724.1619,3289.5,3289.5,1035.4,0.314759,1,p:2.3.4.1.1.1
U757,30,FUSE2,552473.8619,552473.8619,556113.3619,3639.5,3639.5,1035.4,0.28449,1,p:1.2.2.2.3.2
U982,40,FUSE0,552555.4619,552555.4619,557674.9619,5119.5,5119.5,941.0,0.183807,1,p:2.1.2.2.1.2
U983,40,FUSE0,552589.8619,552589.8619,556263.7619,3673.9,3673.9,941.0,0.256131,1,p:1.3.3.2.1.2
U984,40,FUSE0,552671.4619,552671.4619,556811.3619,4139.9,4139.9,941.0,0.2273,1,p:2.2.3.1.1.1
U985,40,FUSE0,552710.6619,552710.6619,558222.5619,5511.9,5511.9,941.0,0.170722,1,p:1.1.1.1.1.1
U986,40,FUSE0,552787.4619,552787.4619,556574.5619,3787.1,3787.1,941.0,0.248475,1,p:2.3.3.1.2.1
U987,40,FUSE0,552826.6619,552826.6619,556732.5619,3905.9,3905.9,941.0,0.240918,1,p:1.2.1.2.2.2
U988,40,FUSE0,552908.2619,552908.2619,558575.3619,5667.1,5667.1,941.0,0.166046,1,p:2.1.3.1.1.1
U989,40,FUSE0,552942.6619,552942.6619,556495.7619,3553.1,3553.1,941.0,0.264839,1,p:1.3.5.2.3.2
U990,40,FUSE0,553024.2619,553024.2619,556616.5619,3592.3,3592.3,941.0,0.261949,1,p:2.2.4.2.1.2
U991,40,FUSE1,553063.4619,553063.4619,558259.7619,5196.3,5196.3,1003.0,0.193022,1,p:1.1.2.2.3.2
U992,40,FUSE1,553140.2619,553140.2619,556379.7619,3239.5,3239.5,1003.0,0.309616,1,p:2.3.2.2.2.2
U993,40,FUSE1,553179.4619,553179.4619,556848.5619,3669.1,3669.1,1003.0,0.273364,1,p:1.2.2.2.3.2
U994,40,FUSE1,553261.0619,553261.0619,558844.5619,5583.5,5583.5,1003.0,0.179636,1,p:2.1.5.2.1.2
U995,40,FUSE1,553295.4619,553295.4619,557085.3619,3789.9,3789.9,1003.0,0.264651,1,p:1.3.3.2.2.2
U996,40,FUSE1,553377.0619,553377.0619,557280.1619,3903.1,3903.1,1003.0,0.256975,1,p:2.2.1.1.2.1
U997,40,FUSE1,553416.2619,553416.2619,558728.5619,5312.3,5312.3,1003.0,0.188807,1,p:1.1.4.1.2.2
U998,40,FUSE1,553493.0619,553493.0619,557043.3619,3550.3,3550.3,1003.0,0.282511,1,p:2.3.5.1.3.1
U999,40,FUSE1,553532.2619,553532.2619,557201.3619,3669.1,3669.1,1003.0,0.273364,1,p:1.2.4.2.3.2
U1000,40,FUSE2,553613.8619,553613.8619,559106.1619,5492.3,5492.3,1035.4,0.188518,1,p:2.1.1.2.1.1
U1001,40,FUSE2,553648.2619,553648.2619,557396.1619,3747.9,3747.9,1035.4,0.276261,1,p:1.3.3.1.3.1
U1002,40,FUSE2,553729.8619,553729.8619,557632.9619,3903.1,3903.1,1035.4,0.265276,1,p:2.2.5.1.2.1
U1003,40,FUSE2,553769.0619,553769.0619,562820.5619,9051.5,9051.5,1035.4,0.11439,1,p:1.1.3.2.2.1
U1004,40,FUSE2,553845.8619,553845.8619,557164.1619,3318.3,3318.3,1035.4,0.312027,1,p:2.3.2.1.1.1
U1005,40,FUSE2,553885.0619,553885.0619,558101.7619,4216.7,4216.7,1035.4,0.245547,1,p:1.2.3.1.3.1
U1006,40,FUSE2,553966.6619,553966.6619,559361.3619,5394.7,5394.7,1035.4,0.191929,1,p:2.1.1.1.3.1
U1007,40,FUSE2,554001.0619,554001.0619,557554.1619,3553.1,3553.1,1035.4,0.291408,1,p:1.3.1.2.3.2
U1008,40,FUSE2,554082.6619,554082.6619,557790.9619,3708.3,3708.3,1035.4,0.279211,1,p:2.2.4.2.2.2
U3131,126,FUSE0,554121.8619,554121.8619,559540.5619,5418.7,5418.7,941.0,0.173658,1,p:1.1.5.2.3.2
U3132,126,FUSE0,554198.6619,554198.6619,557438.1619,3239.5,3239.5,941.0,0.290477,1,p:2.3.4.2.2.2
U3133,126,FUSE0,554237.8619,554237.8619,558143.7619,3905.9,3905.9,941.0,0.240918,1,p:1.2.5.2.2.2
U3134,126,FUSE0,554319.4619,554319.4619,559520.5619,5201.1,5201.1,941.0,0.180923,1,p:2.1.4.1.1.1
U3135,126,FUSE0,554353.8619,554353.8619,557869.7619,3515.9,3515.9,941.0,0.267641,1,p:1.3.5.1.1.1
U3136,126,FUSE0,554435.4619,554435.4619,558027.7619,3592.3,3592.3,941.0,0.261949,1,p:2.2.4.2.1.2
U3137,126,FUSE0,554474.6619,554474.6619,559888.5619,5413.9,5413.9,941.0,0.173812,1,p:1.1.1.2.3.2
U3138,126,FUSE0,554551.4619,554551.4619,558338.5619,3787.1,3787.1,941.0,0.248475,1,p:2.3.3.1.2.1
U3139,126,FUSE1,554590.6619,554590.6619,558496.5619,3905.9,3905.9,1003.0,0.256791,1,p:1.2.1.2.2.2
U3140,126,FUSE1,554672.2619,554672.2619,563678.5619,9006.3,9006.3,1003.0,0.111366,1,p:2.1.3.2.1.1
U3141,126,FUSE1,554706.6619,554706.6619,557985.7619,3279.1,3279.1,1003.0,0.305877,1,p:1.3.2.1.2.1
U3142,126,FUSE1,554788.2619,554788.2619,558960.5619,4172.3,4172.3,1003.0,0.240395,1,p:2.2.3.1.1.2
U3143,126,FUSE1,554827.4619,554827.4619,560059.7619,5232.3,5232.3,1003.0,0.191694,1,p:1.1.2.2.1.1
U3144,126,FUSE1,554904.2619,554904.2619,558454.5619,3550.3,3550.3,1003.0,0.282511,1,p:2.3.5.1.3.1
U3145,126,FUSE1,554943.4619,554943.4619,558612.5619,3669.1,3669.1,1003.0,0.273364,1,p:1.2.2.2.3.2
U3146,126,FUSE1,555049.8619,555049.8619,560509.3619,5459.5,5459.5,1003.0,0.183716,1,p:2.1.1.2.1.1
U3147,126,FUSE2,555059.4619,555059.4619,558380.5619,3321.1,3321.1,1035.4,0.311764,1,p:1.3.4.2.1.2
U3148,126,FUSE2,555165.8619,555165.8619,559076.5619,3910.7,3910.7,1035.4,0.264761,1,p:2.2.5.1.2.2
U3149,126,FUSE2,555204.6619,555204.6619,560574.9619,5370.3,5370.3,1035.4,0.192801,1,p:1.1.2.1.3.2
U3150,126,FUSE2,555281.8619,555281.8619,558730.5619,3448.7,3448.7,1035.4,0.300229,1,p:2.3.1.1.3.1
U3151,126,FUSE2,555320.6619,555320.6619,558962.5619,3641.9,3641.9,1035.4,0.284302,1,p:1.2.4.2.3.1
U3152,126,FUSE2,555402.6619,555402.6619,560688.1619,5285.5,5285.5,1035.4,0.195894,1,p:2.1.4.2.2.1
U3153,126,FUSE2,555436.6619,555436.6619,562506.1619,7069.5,7069.5,1035.4,0.14646,1,p:1.3.3.1.3.2
U3154,126,FUSE2,555518.6619,555518.6619,559192.5619,3673.9,3673.9,1035.4,0.281826,1,p:2.2.2.1.3.2
U8228,329,FUSE0,555557.4619,555557.4619,560940.5619,5383.1,5383.1,941.0,0.174806,1,p:1.1.5.1.3.1
U8229,329,FUSE0,555634.6619,555634.6619,558846.5619,3211.9,3211.9,941.0,0.292973,1,p:2.3.2.2.2.1
U8230,329,FUSE0,555673.4619,555673.4619,563212.1619,7538.7,7538.7,941.0,0.124823,1,p:1.2.3.1.3.2
U8231,329,FUSE0,555755.4619,555755.4619,561245.7619,5490.3,5490.3,941.0,0.171393,1,p:2.1.1.1.2.2
U8232,329,FUSE0,555789.4619,555789.4619,559308.5619,3519.1,3519.1,941.0,0.267398,1,p:1.3.5.2.1.2
U8233,329,FUSE0,555871.4619,555871.4619,559636.5619,3765.1,3765.1,941.0,0.249927,1,p:2.2.1.1.2.1
U8234,329,FUSE0,555912.6619,555912.6619,561436.9619,5524.3,5524.3,941.0,0.170338,1,p:1.1.2.2.2.1
U8235,329,FUSE1,555987.4619,555987.4619,559245.3619,3257.9,3257.9,1003.0,0.307867,1,p:2.3.4.1.2.1
U8236,329,FUSE1,556028.6619,556028.6619,559873.3619,3844.7,3844.7,1003.0,0.260879,1,p:1.2.5.1.1.1
U8237,329,FUSE1,556120.6619,556120.6619,561749.3619,5628.7,5628.7,1003.0,0.178194,1,p:2.1.2.2.3.2
U8238,329,FUSE1,556144.6619,556144.6619,559424.5619,3279.9,3279.9,1003.0,0.305802,1,p:1.3.2.2.2.2
U8239,329,FUSE1,556236.6619,556236.6619,559772.5619,3535.9,3535.9,1003.0,0.283662,1,p:2.2.4.2.2.2
U8240,329,FUSE1,556295.0619,556295.0619,561865.3619,5570.3,5570.3,1003.0,0.180062,1,p:1.1.5.1.2.2
U8241,329,FUSE1,556352.6619,556352.6619,563441.7619,7089.1,7089.1,1003.0,0.141485,1,p:2.3.3.2.3.1
U8242,329,FUSE2,556411.0619,556411.0619,560186.9619,3775.9,3775.9,1035.4,0.274213,1,p:1.2.1.2.2.1
U8243,329,FUSE2,556489.8619,556489.8619,562244.1619,5754.3,5754.3,1035.4,0.179935,1,p:2.1.1.1.2.1
U8244,329,FUSE2,556527.0619,556527.0619,559656.5619,3129.5,3129.5,1035.4,0.330852,1,p:1.3.2.1.3.2
U8245,329,FUSE2,556605.8619,556605.8619,560458.9619,3853.1,3853.1,1035.4,0.268719,1,p:2.2.5.1.2.2
U8246,329,FUSE2,556647.8619,556647.8619,562253.3619,5605.5,5605.5,1035.4,0.184711,1,p:1.1.4.2.3.2
U8247,329,FUSE2,556721.8619,556721.8619,560120.5619,3398.7,3398.7,1035.4,0.304646,1,p:2.3.5.1.3.2
U8248,329,FUSE2,556763.8619,556763.8619,560310.1619,3546.3,3546.3,1035.4,0.291966,1,p:1.2.4.2.3.1
U4087,164,FUSE0,556842.6619,556842.6619,562704.5619,5861.9,5861.9,941.0,0.160528,1,p:2.1.5.2.3.1
U4088,164,FUSE0,556879.8619,556879.8619,560004.5619,3124.7,3124.7,941.0,0.301149,1,p:1.3.4.1.2.2
U4089,164,FUSE0,556958.6619,556958.6619,560742.5619,3783.9,3783.9,941.0,0.248685,1,p:2.2.5.1.1.2
U4090,164,FUSE0,557000.6619,557000.6619,562622.1619,5621.5,5621.5,941.0,0.167393,1,p:1.1.4.1.2.2
U4091,164,FUSE0,557074.6619,557074.6619,560283.3619,3208.7,3208.7,941.0,0.293265,1,p:2.3.2.1.1.2
U4092,164,FUSE0,557116.6619,557116.6619,560858.5619,3741.9,3741.9,941.0,0.251477,1,p:1.2.2.1.2.2
U4093,164,FUSE0,557195.4619,557195.4619,563057.3619,5861.9,5861.9,941.0,0.160528,1,p:2.1.1.2.3.1
U4094,164,FUSE0,557232.6619,557232.6619,560804.1619,3571.5,3571.5,941.0,0.263475,1,p:1.3.1.2.3.1
U4095,164,FUSE0,557311.4619,557311.4619,561129.7619,3818.3,3818.3,941.0,0.246445,1,p:2.2.2.2.3.2
U4096,164,FUSE1,557353.4619,557353.4619,563480.5619,6127.1,6127.1,1003.0,0.163699,1,p:1.1.1.1.1.2
U4097,164,FUSE1,557427.4619,557427.4619,561083.7619,3656.3,3656.3,1003.0,0.274321,1,p:2.3.1.1.2.1
U4098,164,FUSE1,557469.4619,557469.4619,561290.1619,3820.7,3820.7,1003.0,0.262517,1,p:1.2.4.2.3.1
U4099,164,FUSE1,557548.2619,557548.2619,563712.5619,6164.3,6164.3,1003.0,0.162711,1,p:2.1.5.1.2.2
U4100,164,FUSE1,557585.4619,557585.4619,561013.7619,3428.3,3428.3,1003.0,0.292565,1,p:1.3.4.2.1.2
U4101,164,FUSE1,557664.2619,557664.2619,561517.3619,3853.1,3853.1,1003.0,0.26031,1,p:2.2.5.1.3.2
U4102,164,FUSE1,557706.2619,557706.2619,563557.7619,5851.5,5851.5,1003.0,0.171409,1,p:1.1.2.2.2.1
U4103,164,FUSE1,557780.2619,557780.2619,561399.7619,3619.5,3619.5,1003.0,0.27711,1,p:2.3.5.1.1.2
U4104,164,FUSE1,557822.2619,557822.2619,561889.7619,4067.5,4067.5,1003.0,0.246589,1,p:1.2.1.2.3.1
U4105,164,FUSE2,557901.0619,557901.0619,564065.3619,6164.3,6164.3,1035.4,0.167967,1,p:2.1.1.2.2.2
U4106,164,FUSE2,557938.2619,557938.2619,561734.9619,3796.7,3796.7,1035.4,0.272711,1,p:1.3.1.1.1.1
U4107,164,FUSE2,558017.0619,558017.0619,562020.5619,4003.5,4003.5,1035.4,0.258624,1,p:2.2.4.1.1.2
U4108,164,FUSE2,558059.0619,558059.0619,564443.3619,6384.3,6384.3,1035.4,0.162179,1,p:1.1.1.2.2.2
U4109,164,FUSE2,558133.0619,558133.0619,561633.3619,3500.3,3500.3,1035.4,0.295803,1,p:2.3.4.2.2.2
U4110,164,FUSE2,558175.0619,558175.0619,562430.9619,4255.9,4255.9,1035.4,0.243286,1,p:1.2.2.2.2.1
U4111,164,FUSE2,558253.8619,558253.8619,564211.3619,5957.5,5957.5,1035.4,0.173798,1,p:2.1.4.2.1.2
U4112,164,FUSE2,558291.0619,558291.0619,562057.7619,3766.7,3766.7,1035.4,0.274883,1,p:1.3.2.2.2.1
U1400,57,FUSE0,558369.8619,558369.8619,562588.5619,4218.7,4218.7,941.0,0.223054,1,p:2.2.1.2.1.1
U1401,57,FUSE0,558411.8619,558411.8619,564409.3619,5997.5,5997.5,941.0,0.156899,1,p:1.1.2.1.1.1
U1402,57,FUSE0,558485.8619,558485.8619,562136.5619,3650.7,3650.7,941.0,0.257759,1,p:2.3.5.1.3.2
U1403,57,FUSE0,558527.8619,558527.8619,562859.3619,4331.5,4331.5,941.0,0.217246,1,p:1.2.1.1.3.2
U1404,57,FUSE0,558606.6619,558606.6619,564680.1619,6073.5,6073.5,941.0,0.154935,1,p:2.1.2.2.3.2
U1405,57,FUSE0,558643.8619,558643.8619,562390.1619,3746.3,3746.3,941.0,0.251181,1,p:1.3.5.1.1.2
U1406,57,FUSE0,558759.8619,558759.8619,562975.3619,4215.5,4215.5,941.0,0.223224,1,p:2.2.2.1.2.2
U1407,57,FUSE0,558761.8619,558761.8619,564641.3619,5879.5,5879.5,941.0,0.160048,1,p:1.1.3.1.2.1
U1408,57,FUSE0,558875.8619,558875.8619,562743.3619,3867.5,3867.5,941.0,0.24331,1,p:2.3.2.1.1.2
U1409,57,FUSE1,558877.8619,558877.8619,563325.7619,4447.9,4447.9,1003.0,0.2255,1,p:1.2.5.2.1.1
U1410,57,FUSE1,558991.8619,558991.8619,565114.9619,6123.1,6123.1,1003.0,0.163806,1,p:2.1.5.1.1.1
U1411,57,FUSE1,558993.8619,558993.8619,563096.1619,4102.3,4102.3,1003.0,0.244497,1,p:1.3.5.1.1.2
U1412,57,FUSE1,559107.8619,559107.8619,563173.3619,4065.5,4065.5,1003.0,0.24671,1,p:2.2.4.2.2.1
U1413,57,FUSE1,559137.4619,559137.4619,564878.1619,5740.7,5740.7,1003.0,0.174717,1,p:1.1.4.1.3.1
U1414,57,FUSE1,559223.8619,559223.8619,562941.3619,3717.5,3717.5,1003.0,0.269805,1,p:2.3.4.2.1.1
U1415,57,FUSE1,559276.6619,559276.6619,563596.5619,4319.9,4319.9,1003.0,0.232181,1,p:1.2.4.1.3.2
U1416,57,FUSE1,559339.8619,559339.8619,565230.9619,5891.1,5891.1,1003.0,0.170257,1,p:2.1.3.1.3.1
U1417,57,FUSE2,559392.6619,559392.6619,563328.1619,3935.5,3935.5,1035.4,0.263092,1,p:1.3.2.1.2.2
U1418,57,FUSE2,559455.8619,559455.8619,563833.3619,4377.5,4377.5,1035.4,0.236528,1,p:2.2.4.2.1.2
U1419,57,FUSE2,559551.8619,559551.8619,563794.5619,4242.7,4242.7,1035.4,0.244043,1,p:1.3.1.1.3.1
U1420,57,FUSE2,559571.8619,559571.8619,565622.5619,6050.7,6050.7,1035.4,0.171121,1,p:2.1.2.2.1.2
U1421,57,FUSE2,559667.8619,559667.8619,564288.5619,4620.7,4620.7,1035.4,0.224079,1,p:1.2.5.1.2.1
U1422,57,FUSE2,559687.8619,559687.8619,563949.3619,4261.5,4261.5,1035.4,0.242966,1,p:2.3.5.2.3.2
U1423,57,FUSE2,559803.8619,559803.8619,565501.7619,5697.9,5697.9,1035.4,0.181716,1,p:1.1.3.2.2.2
U1424,57,FUSE2,559904.6619,559904.6619,564056.5619,4151.9,4151.9,1035.4,0.24938,1,p:2.2.3.1.1.1
U1425,57,FUSE2,559919.8619,559919.8619,563910.5619,3990.7,3990.7,1035.4,0.259453,1,p:1.3.2.1.2.1
U6647,266,FUSE0,560035.8619,560035.8619,566064.9619,6029.1,6029.1,941.0,0.156076,1,p:2.1.1.1.2.1
U6648,266,FUSE0,560091.0619,560091.0619,564525.3619,4434.3,4434.3,941.0,0.212209,1,p:1.2.5.1.3.1
U6649,266,FUSE0,560151.8619,560151.8619,564172.5619,4020.7,4020.7,941.0,0.234039,1,p:2.3.2.1.3.1
U6650,266,FUSE0,560218.2619,560218.2619,565467.7619,5249.5,5249.5,941.0,0.179255,1,p:1.1.4.1.1.1
U6651,266,FUSE0,560314.6619,560314.6619,564327.3619,4012.7,4012.7,941.0,0.234505,1,p:2.2.3.2.3.2
U6652,266,FUSE0,560341.4619,560341.4619,564762.1619,4420.7,4420.7,941.0,0.212862,1,p:1.3.1.1.1.1
U6653,266,FUSE0,560490.2619,560490.2619,566000.4,5510.1381,5510.1381,941.0,0.170776,1,p:2.1.5.2.1.2
U6654,266,FUSE0,560540.6619,560540.6619,564796.1619,4255.5,4255.5,941.0,0.221126,1,p:1.2.5.2.2.2
U6655,266,FUSE1,560606.2619,560606.2619,565032.9619,4426.7,4426.7,1003.0,0.22658,1,p:2.3.1.2.3.2
U6656,266,FUSE1,560719.4619,560719.4619,565832.9619,5113.5,5113.5,1003.0,0.196147,1,p:1.1.3.1.1.1
U6657,266,FUSE1,560773.8619,560773.8619,564994.1619,4220.3,4220.3,1003.0,0.237661,1,p:2.2.2.1.2.1
U6658,266,FUSE1,560835.4619,560835.4619,564564.1619,3728.7,3728.7,1003.0,0.268995,1,p:1.3.4.2.1.2
U6659,266,FUSE1,560889.8619,560889.8619,566224.5619,5334.7,5334.7,1003.0,0.188014,1,p:2.1.5.1.2.1
U6660,266,FUSE1,560971.8619,560971.8619,565346.9619,4375.1,4375.1,1003.0,0.229252,1,p:1.3.1.1.2.1
U6661,266,FUSE1,561740.0,561740.0,565583.7619,3843.7619,3843.7619,1003.0,0.260942,1,p:1.2.1.1.3.1
U6662,266,FUSE1,561740.0,561740.0,565854.5619,4114.5619,4114.5619,1003.0,0.243768,1,p:2.1.2.2.2.2
U6663,266,FUSE2,561740.0,561852.2,564916.9619,3176.9619,3176.9619,1035.4,0.325909,1,p:1.3.3.2.1.2
U6664,266,FUSE2,561740.0,561852.2,565385.7619,3645.7619,3645.7619,1035.4,0.284001,1,p:2.2.5.2.3.2
U6665,266,FUSE2,561740.0,561964.4,565738.5619,3998.5619,3998.5619,1035.4,0.258943,1,p:1.1.4.2.3.2
U6666,266,FUSE2,561740.0,561964.4,565269.7619,3529.7619,3529.7619,1035.4,0.293334,1,p:2.3.2.2.1.2
U6667,266,FUSE2,561740.0,562076.6,565148.9619,3408.9619,3408.9619,1035.4,0.303729,1,p:1.2.4.2.2.2
U6668,266,FUSE2,561740.0,562076.6,566314.1619,4574.1619,4574.1619,1035.4,0.226358,1,p:2.1.1.1.3.2
U6669,266,FUSE2,561740.0,562188.8,565948.9619,4208.9619,4208.9619,1035.4,0.245999,1,p:1.3.1.1.3.1
U6670,266,FUSE2,561766.2619,562188.8,565699.7619,3933.5,3933.5,1035.4,0.263226,1,p:2.2.5.1.2.1
U6671,266,FUSE2,561780.6619,562301.0,566116.4,4335.7381,4335.7381,1035.4,0.238806,1,p:1.1.4.2.3.2
