unit_id,order_id,variant,station_index,station_name,arrival_time_s,start_time_s,finish_time_s,process_time_s,base_process_time_s,wait_time_s,queue_length_on_arrival
U7453,299,FUSE0,1,Station 1: Bottom cover,0.0,0.0,112.2,112.2,112.2,0.0,0
U7454,299,FUSE0,2,Station 1.1: Bottom cover,0.0,0.0,112.2,112.2,112.2,0.0,0
U7455,299,FUSE0,1,Station 1: Bottom cover,0.0,112.2,224.4,112.2,112.2,112.2,0
U7456,299,FUSE0,2,Station 1.1: Bottom cover,0.0,112.2,224.4,112.2,112.2,112.2,0
U7453,299,FUSE0,3,Station 2: Drill station,151.2,151.2,328.0,176.8,176.8,0.0,0
U7454,299,FUSE0,4,Station 2.1: Drill station,191.2,191.2,368.0,176.8,176.8,0.0,0
U7457,299,FUSE0,1,Station 1: Bottom cover,0.0,224.4,336.6,112.2,112.2,224.4,1
U7458,299,FUSE0,2,Station 1.1: Bottom cover,0.0,224.4,336.6,112.2,112.2,224.4,1
U7455,299,FUSE0,5,Station 2.2: Drill station,303.4,303.4,480.2,176.8,176.8,0.0,0
U7456,299,FUSE0,3,Station 2: Drill station,283.4,328.0,504.8,176.8,176.8,44.6,0
U7459,299,FUSE0,1,Station 1: Bottom cover,0.0,336.6,448.8,112.2,112.2,336.6,2
U7460,299,FUSE0,2,Station 1.1: Bottom cover,0.0,336.6,448.8,112.2,112.2,336.6,2
U7453,299,FUSE0,6,Station 3: Robot cell,367.0,367.0,610.6,243.6,243.6,0.0,0
U7457,299,FUSE0,4,Station 2.1: Drill station,395.6,395.6,572.4,176.8,176.8,0.0,0
U7454,299,FUSE0,7,Station 3.1: Robot cell,447.0,447.0,690.6,243.6,243.6,0.0,0
U7461,299,FUSE1,1,Station 1: Bottom cover,0.0,448.8,561.0,112.2,112.2,448.8,3
U7462,299,FUSE1,2,Station 1.1: Bottom cover,0.0,448.8,561.0,112.2,112.2,448.8,3
U7458,299,FUSE0,5,Station 2.2: Drill station,435.6,480.2,657.0,176.8,176.8,44.6,0
U7459,299,FUSE0,3,Station 2: Drill station,487.8,504.8,681.6,176.8,176.8,17.0,0
U7463,299,FUSE1,1,Station 1: Bottom cover,0.0,561.0,673.2,112.2,112.2,561.0,4
U7464,299,FUSE1,2,Station 1.1: Bottom cover,0.0,561.0,673.2,112.2,112.2,561.0,4
U7460,299,FUSE0,4,Station 2.1: Drill station,527.8,572.4,749.2,176.8,176.8,44.6,0
U7455,299,FUSE0,8,Station 3.2: Robot cell,599.2,599.2,842.8,243.6,243.6,0.0,0
U7456,299,FUSE0,9,Station 3.3: Robot cell,603.8,603.8,847.4,243.6,243.6,0.0,0
U7457,299,FUSE0,6,Station 3: Robot cell,631.4,631.4,875.0,243.6,243.6,0.0,0
U7453,299,FUSE0,11,Station 4: Inspection,649.6,649.6,767.2,117.6,117.6,0.0,0
U7461,299,FUSE1,5,Station 2.2: Drill station,640.0,657.0,833.8,176.8,176.8,17.0,0
U7465,299,FUSE1,1,Station 1: Bottom cover,0.0,673.2,785.4,112.2,112.2,673.2,5
U7466,299,FUSE1,2,Station 1.1: Bottom cover,0.0,673.2,785.4,112.2,112.2,673.2,5
U7462,299,FUSE1,3,Station 2: Drill station,620.0,681.6,858.4,176.8,176.8,61.6,0
U7463,299,FUSE1,4,Station 2.1: Drill station,732.2,749.2,926.0,176.8,176.8,17.0,0
U7458,299,FUSE0,7,Station 3.1: Robot cell,756.0,756.0,999.6,243.6,243.6,0.0,0
U7454,299,FUSE0,11,Station 4: Inspection,749.6,767.2,884.8,117.6,117.6,17.6,0
U7467,299,FUSE1,1,Station 1: Bottom cover,0.0,785.4,897.6,112.2,112.2,785.4,6
U7468,299,FUSE1,2,Station 1.1: Bottom cover,0.0,785.4,897.6,112.2,112.2,785.4,6
U7459,299,FUSE0,10,Station 3.4: Robot cell,800.6,800.6,1044.2,243.6,243.6,0.0,0
U7464,299,FUSE1,5,Station 2.2: Drill station,772.2,833.8,1010.6,176.8,176.8,61.6,0
U7460,299,FUSE0,8,Station 3.2: Robot cell,848.2,848.2,1091.8,243.6,243.6,0.0,0
U7465,299,FUSE1,3,Station 2: Drill station,824.4,858.4,1035.2,176.8,176.8,34.0,0
U7453,299,FUSE0,15,Station 5.2: Top cover,878.2,878.2,1053.0,174.8,174.8,0.0,0
U7469,299,FUSE2,1,Station 1: Bottom cover,0.0,897.6,1009.8,112.2,112.2,897.6,7
U7470,299,FUSE2,2,Station 1.1: Bottom cover,0.0,897.6,1009.8,112.2,112.2,897.6,7
U7461,299,FUSE1,6,Station 3: Robot cell,912.8,912.8,1218.4,305.6,305.6,0.0,0
U7457,299,FUSE0,11,Station 4: Inspection,914.0,914.0,1031.6,117.6,117.6,0.0,0
U7466,299,FUSE1,4,Station 2.1: Drill station,864.4,926.0,1102.8,176.8,176.8,61.6,0
U7462,299,FUSE1,9,Station 3.3: Robot cell,957.4,957.4,1263.0,305.6,305.6,0.0,0
U7456,299,FUSE0,12,Station 4.1: Inspection,966.4,966.4,1084.0,117.6,117.6,0.0,0
U7463,299,FUSE1,7,Station 3.1: Robot cell,1005.0,1005.0,1310.6,305.6,305.6,0.0,0
U7471,299,FUSE2,1,Station 1: Bottom cover,0.0,1009.8,1122.0,112.2,112.2,1009.8,8
U7472,299,FUSE2,2,Station 1.1: Bottom cover,0.0,1009.8,1122.0,112.2,112.2,1009.8,8
U7467,299,FUSE1,5,Station 2.2: Drill station,976.6,1010.6,1187.4,176.8,176.8,34.0,0
U7454,299,FUSE0,14,Station 5.1: Top cover,1015.8,1015.8,1190.6,174.8,174.8,0.0,0
U7455,299,FUSE0,11,Station 4: Inspection,921.8,1031.6,1149.2,117.6,117.6,109.8,0
U7468,299,FUSE1,3,Station 2: Drill station,956.6,1035.2,1212.0,176.8,176.8,78.6,0
U7458,299,FUSE0,12,Station 4.1: Inspection,1078.6,1084.0,1201.6,117.6,117.6,5.4,0
U7453,299,FUSE0,17,Station 6.1: Packaging,1092.0,1092.0,1208.0,116.0,116.0,0.0,0
U7469,299,FUSE2,4,Station 2.1: Drill station,1068.8,1102.8,1279.6,176.8,176.8,34.0,0
U7473,299,FUSE2,1,Station 1: Bottom cover,0.0,1122.0,1234.2,112.2,112.2,1122.0,9
U7474,299,FUSE2,2,Station 1.1: Bottom cover,0.0,1122.0,1234.2,112.2,112.2,1122.0,9
U7464,299,FUSE1,8,Station 3.2: Robot cell,1129.6,1129.6,1435.2,305.6,305.6,0.0,0
U7457,299,FUSE0,15,Station 5.2: Top cover,1142.6,1142.6,1317.4,174.8,174.8,0.0,0
U7465,299,FUSE1,10,Station 3.4: Robot cell,1154.2,1154.2,1459.8,305.6,305.6,0.0,0
U7459,299,FUSE0,11,Station 4: Inspection,1163.2,1163.2,1280.8,117.6,117.6,0.0,0
U7470,299,FUSE2,5,Station 2.2: Drill station,1108.8,1187.4,1364.2,176.8,176.8,78.6,0
U7456,299,FUSE0,14,Station 5.1: Top cover,1195.0,1195.0,1369.8,174.8,174.8,0.0,0
U7460,299,FUSE0,12,Station 4.1: Inspection,1190.8,1201.6,1319.2,117.6,117.6,10.8,0
U7471,299,FUSE2,3,Station 2: Drill station,1161.0,1212.0,1388.8,176.8,176.8,51.0,0
U7466,299,FUSE1,6,Station 3: Robot cell,1161.8,1218.4,1524.0,305.6,305.6,56.6,0
U7475,299,FUSE2,1,Station 1: Bottom cover,0.0,1234.2,1346.4,112.2,112.2,1234.2,10
U6528,262,FUSE0,2,Station 1.1: Bottom cover,0.0,1234.2,1346.4,112.2,112.2,1234.2,10
U7454,299,FUSE0,17,Station 6.1: Packaging,1249.6,1249.6,1365.6,116.0,116.0,0.0,0
U7472,299,FUSE2,4,Station 2.1: Drill station,1201.0,1279.6,1456.4,176.8,176.8,78.6,0
U7461,299,FUSE1,11,Station 4: Inspection,1257.4,1280.8,1398.4,117.6,117.6,23.4,0
U7455,299,FUSE0,13,Station 5: Top cover,1300.2,1300.2,1475.0,174.8,174.8,0.0,0
U7467,299,FUSE1,7,Station 3.1: Robot cell,1286.4,1310.6,1616.2,305.6,305.6,24.2,0
U7468,299,FUSE1,9,Station 3.3: Robot cell,1311.0,1311.0,1616.6,305.6,305.6,0.0,0
U7458,299,FUSE0,15,Station 5.2: Top cover,1292.6,1317.4,1492.2,174.8,174.8,24.8,0
U6529,262,FUSE0,1,Station 1: Bottom cover,0.0,1346.4,1458.6,112.2,112.2,1346.4,11
U6530,262,FUSE0,2,Station 1.1: Bottom cover,0.0,1346.4,1458.6,112.2,112.2,1346.4,11
U7473,299,FUSE2,5,Station 2.2: Drill station,1313.2,1364.2,1541.0,176.8,176.8,51.0,0
U7457,299,FUSE0,17,Station 6.1: Packaging,1356.4,1365.6,1481.6,116.0,116.0,9.2,0
U7462,299,FUSE1,12,Station 4.1: Inspection,1382.0,1382.0,1499.6,117.6,117.6,0.0,0
U7474,299,FUSE2,3,Station 2: Drill station,1293.2,1388.8,1565.6,176.8,176.8,95.6,0
U7463,299,FUSE1,11,Station 4: Inspection,1369.6,1398.4,1516.0,117.6,117.6,28.8,0
U7459,299,FUSE0,14,Station 5.1: Top cover,1411.8,1411.8,1586.6,174.8,174.8,0.0,0
U7469,299,FUSE2,8,Station 3.2: Robot cell,1378.6,1435.2,1773.2,338.0,338.0,56.6,0
U7456,299,FUSE0,16,Station 6: Packaging,1448.8,1448.8,1564.8,116.0,116.0,0.0,0
U7475,299,FUSE2,4,Station 2.1: Drill station,1405.4,1456.4,1633.2,176.8,176.8,51.0,0
U6531,262,FUSE0,1,Station 1: Bottom cover,0.0,1458.6,1570.8,112.2,112.2,1458.6,12
U6532,262,FUSE0,2,Station 1.1: Bottom cover,0.0,1458.6,1570.8,112.2,112.2,1458.6,12
U7460,299,FUSE0,13,Station 5: Top cover,1450.2,1475.0,1649.8,174.8,174.8,24.8,0
U7461,299,FUSE1,15,Station 5.2: Top cover,1509.4,1509.4,1684.2,174.8,174.8,0.0,0
U7464,299,FUSE1,11,Station 4: Inspection,1514.2,1516.0,1633.6,117.6,117.6,1.8,0
U7470,299,FUSE2,10,Station 3.4: Robot cell,1523.2,1523.2,1861.2,338.0,338.0,0.0,0
U7471,299,FUSE2,6,Station 3: Robot cell,1427.8,1524.0,1862.0,338.0,338.0,96.2,0
U6528,262,FUSE0,5,Station 2.2: Drill station,1445.4,1541.0,1717.8,176.8,176.8,95.6,0
U7455,299,FUSE0,17,Station 6.1: Packaging,1554.0,1554.0,1670.0,116.0,116.0,0.0,0
U7458,299,FUSE0,16,Station 6: Packaging,1551.2,1564.8,1680.8,116.0,116.0,13.6,0
U6529,262,FUSE0,3,Station 2: Drill station,1497.6,1565.6,1742.4,176.8,176.8,68.0,0
U6533,262,FUSE0,1,Station 1: Bottom cover,0.0,1570.8,1683.0,112.2,112.2,1570.8,13
U6534,262,FUSE0,2,Station 1.1: Bottom cover,0.0,1570.8,1683.0,112.2,112.2,1570.8,13
U7465,299,FUSE1,12,Station 4.1: Inspection,1598.8,1598.8,1716.4,117.6,117.6,0.0,0
U7462,299,FUSE1,14,Station 5.1: Top cover,1610.6,1610.6,1785.4,174.8,174.8,0.0,0
U7472,299,FUSE2,7,Station 3.1: Robot cell,1535.4,1616.2,1954.2,338.0,338.0,80.8,0
U6530,262,FUSE0,4,Station 2.1: Drill station,1537.6,1633.2,1810.0,176.8,176.8,95.6,0
U7466,299,FUSE1,11,Station 4: Inspection,1563.0,1633.6,1751.2,117.6,117.6,70.6,0
U7463,299,FUSE1,13,Station 5: Top cover,1667.0,1667.0,1841.8,174.8,174.8,0.0,0
U7459,299,FUSE0,17,Station 6.1: Packaging,1645.6,1670.0,1786.0,116.0,116.0,24.4,0
U7473,299,FUSE2,9,Station 3.3: Robot cell,1680.0,1680.0,2018.0,338.0,338.0,0.0,0
U6535,262,FUSE0,1,Station 1: Bottom cover,0.0,1683.0,1795.2,112.2,112.2,1683.0,14
U6536,262,FUSE1,2,Station 1.1: Bottom cover,1239.3,1683.0,1795.2,112.2,112.2,443.7,3
U7467,299,FUSE1,12,Station 4.1: Inspection,1695.2,1716.4,1834.0,117.6,117.6,21.2,0
U6531,262,FUSE0,5,Station 2.2: Drill station,1649.8,1717.8,1894.6,176.8,176.8,68.0,0
U6532,262,FUSE0,3,Station 2: Drill station,1629.8,1742.4,1919.2,176.8,176.8,112.6,0
U7464,299,FUSE1,15,Station 5.2: Top cover,1744.6,1744.6,1919.4,174.8,174.8,0.0,0
U7460,299,FUSE0,16,Station 6: Packaging,1748.8,1748.8,1864.8,116.0,116.0,0.0,0
U7468,299,FUSE1,11,Station 4: Inspection,1715.6,1751.2,1868.8,117.6,117.6,35.6,0
U7474,299,FUSE2,8,Station 3.2: Robot cell,1644.6,1773.2,2111.2,338.0,338.0,128.6,0
U7461,299,FUSE1,17,Station 6.1: Packaging,1723.2,1786.0,1902.0,116.0,116.0,62.8,0
U6537,262,FUSE1,1,Station 1: Bottom cover,1396.9,1795.2,1907.4,112.2,112.2,398.3,3
U6538,262,FUSE1,2,Station 1.1: Bottom cover,1512.9,1795.2,1907.4,112.2,112.2,282.3,2
U6533,262,FUSE0,4,Station 2.1: Drill station,1742.0,1810.0,1986.8,176.8,176.8,68.0,0
U7465,299,FUSE1,14,Station 5.1: Top cover,1827.4,1827.4,2002.2,174.8,174.8,0.0,0
U7475,299,FUSE2,10,Station 3.4: Robot cell,1772.2,1861.2,2199.2,338.0,338.0,89.0,0
U6528,262,FUSE0,6,Station 3: Robot cell,1796.8,1862.0,2105.6,243.6,243.6,65.2,0
U7462,299,FUSE1,16,Station 6: Packaging,1864.4,1864.8,1980.8,116.0,116.0,0.4,0
U7469,299,FUSE2,11,Station 4: Inspection,1852.2,1868.8,1986.4,117.6,117.6,16.6,0
U6534,262,FUSE0,5,Station 2.2: Drill station,1782.0,1894.6,2071.4,176.8,176.8,112.6,0
U7466,299,FUSE1,13,Station 5: Top cover,1902.2,1902.2,2077.0,174.8,174.8,0.0,0
U6539,262,FUSE1,1,Station 1: Bottom cover,1596.1,1907.4,2019.6,112.2,112.2,311.3,2
U6540,262,FUSE1,2,Station 1.1: Bottom cover,1701.3,1907.4,2019.6,112.2,112.2,206.1,1
U6535,262,FUSE0,3,Station 2: Drill station,1834.2,1919.2,2096.0,176.8,176.8,85.0,0
U7463,299,FUSE1,17,Station 6.1: Packaging,1920.8,1920.8,2036.8,116.0,116.0,0.0,0
U7471,299,FUSE2,12,Station 4.1: Inspection,1921.0,1921.0,2038.6,117.6,117.6,0.0,0
U7467,299,FUSE1,15,Station 5.2: Top cover,1925.0,1925.0,2099.8,174.8,174.8,0.0,0
U6529,262,FUSE0,7,Station 3.1: Robot cell,1801.4,1954.2,2197.8,243.6,243.6,152.8,0
U7464,299,FUSE1,16,Station 6: Packaging,1978.4,1980.8,2096.8,116.0,116.0,2.4,0
U7470,299,FUSE2,11,Station 4: Inspection,1980.2,1986.4,2104.0,117.6,117.6,6.2,0
U6536,262,FUSE1,4,Station 2.1: Drill station,1874.2,1986.8,2163.6,176.8,176.8,112.6,0
U7468,299,FUSE1,14,Station 5.1: Top cover,1999.8,2002.2,2177.0,174.8,174.8,2.4,0
U6530,262,FUSE0,9,Station 3.3: Robot cell,1929.0,2018.0,2261.6,243.6,243.6,89.0,0
U6541,262,FUSE1,1,Station 1: Bottom cover,1712.1,2019.6,2131.8,112.2,112.2,307.5,2
U6542,262,FUSE1,2,Station 1.1: Bottom cover,1817.3,2019.6,2131.8,112.2,112.2,202.3,1
U7472,299,FUSE2,12,Station 4.1: Inspection,2033.2,2038.6,2156.2,117.6,117.6,5.4,0
U7465,299,FUSE1,17,Station 6.1: Packaging,2061.2,2061.2,2177.2,116.0,116.0,0.0,0
U6537,262,FUSE1,5,Station 2.2: Drill station,1986.4,2071.4,2248.2,176.8,176.8,85.0,0
U6538,262,FUSE1,3,Station 2: Drill station,1966.4,2096.0,2272.8,176.8,176.8,129.6,0
U7469,299,FUSE2,15,Station 5.2: Top cover,2097.4,2099.8,2274.6,174.8,174.8,2.4,0
U6531,262,FUSE0,6,Station 3: Robot cell,1973.6,2105.6,2349.2,243.6,243.6,132.0,0
U6532,262,FUSE0,8,Station 3.2: Robot cell,1998.2,2111.2,2354.8,243.6,243.6,113.0,0
U7473,299,FUSE2,11,Station 4: Inspection,2117.0,2117.0,2234.6,117.6,117.6,0.0,0
U6543,262,FUSE1,1,Station 1: Bottom cover,1896.1,2131.8,2244.0,112.2,112.2,235.7,2
U6544,262,FUSE2,2,Station 1.1: Bottom cover,1933.3,2131.8,2244.0,112.2,112.2,198.5,1
U6539,262,FUSE1,4,Station 2.1: Drill station,2078.6,2163.6,2340.4,176.8,176.8,85.0,0
U6528,262,FUSE0,12,Station 4.1: Inspection,2164.6,2164.6,2282.2,117.6,117.6,0.0,0
U7471,299,FUSE2,13,Station 5: Top cover,2169.6,2169.6,2344.4,174.8,174.8,0.0,0
U7466,299,FUSE1,16,Station 6: Packaging,2176.0,2176.0,2292.0,116.0,116.0,0.0,0
U7467,299,FUSE1,17,Station 6.1: Packaging,2138.8,2177.2,2293.2,116.0,116.0,38.4,0
U6533,262,FUSE0,7,Station 3.1: Robot cell,2065.8,2197.8,2441.4,243.6,243.6,132.0,0
U6534,262,FUSE0,10,Station 3.4: Robot cell,2230.4,2230.4,2474.0,243.6,243.6,0.0,0
U7474,299,FUSE2,11,Station 4: Inspection,2190.2,2234.6,2352.2,117.6,117.6,44.4,0
U7470,299,FUSE2,14,Station 5.1: Top cover,2235.0,2235.0,2409.8,174.8,174.8,0.0,0
U6545,262,FUSE2,1,Station 1: Bottom cover,2012.1,2244.0,2356.2,112.2,112.2,231.9,2
U6546,262,FUSE2,2,Station 1.1: Bottom cover,2068.1,2244.0,2356.2,112.2,112.2,175.9,1
U6540,262,FUSE1,5,Station 2.2: Drill station,2118.6,2248.2,2425.0,176.8,176.8,129.6,0
U6535,262,FUSE0,9,Station 3.3: Robot cell,2195.0,2261.6,2505.2,243.6,243.6,66.6,0
U6541,262,FUSE1,3,Station 2: Drill station,2170.8,2272.8,2449.6,176.8,176.8,102.0,0
U7472,299,FUSE2,15,Station 5.2: Top cover,2247.2,2274.6,2449.4,174.8,174.8,27.4,0
U6529,262,FUSE0,12,Station 4.1: Inspection,2276.8,2282.2,2399.8,117.6,117.6,5.4,0
U7468,299,FUSE1,16,Station 6: Packaging,2256.0,2292.0,2408.0,116.0,116.0,36.0,0
U7469,299,FUSE2,17,Station 6.1: Packaging,2313.6,2313.6,2429.6,116.0,116.0,0.0,0
U6542,262,FUSE1,4,Station 2.1: Drill station,2210.8,2340.4,2517.2,176.8,176.8,129.6,0
U6536,262,FUSE1,6,Station 3: Robot cell,2222.6,2349.2,2654.8,305.6,305.6,126.6,0
U7475,299,FUSE2,11,Station 4: Inspection,2318.2,2352.2,2469.8,117.6,117.6,34.0,0
U6547,262,FUSE2,1,Station 1: Bottom cover,2128.1,2356.2,2468.4,112.2,112.2,228.1,2
U6548,262,FUSE2,2,Station 1.1: Bottom cover,2208.5,2356.2,2468.4,112.2,112.2,147.7,1
U6537,262,FUSE1,8,Station 3.2: Robot cell,2367.2,2367.2,2672.8,305.6,305.6,0.0,0
U7473,299,FUSE2,13,Station 5: Top cover,2385.6,2385.6,2560.4,174.8,174.8,0.0,0
U6530,262,FUSE0,12,Station 4.1: Inspection,2380.6,2399.8,2517.4,117.6,117.6,19.2,0
U6528,262,FUSE0,14,Station 5.1: Top cover,2393.2,2409.8,2584.6,174.8,174.8,16.6,0
U6543,262,FUSE1,5,Station 2.2: Drill station,2323.0,2425.0,2601.8,176.8,176.8,102.0,0
U7471,299,FUSE2,17,Station 6.1: Packaging,2423.4,2429.6,2545.6,116.0,116.0,6.2,0
U6538,262,FUSE1,7,Station 3.1: Robot cell,2331.8,2441.4,2747.0,305.6,305.6,109.6,0
U6544,262,FUSE2,3,Station 2: Drill station,2303.0,2449.6,2626.4,176.8,176.8,146.6,0
U7474,299,FUSE2,15,Station 5.2: Top cover,2463.2,2463.2,2638.0,174.8,174.8,0.0,0
U6549,262,FUSE2,1,Station 1: Bottom cover,2323.3,2468.4,2580.6,112.2,112.2,145.1,1
U6550,262,FUSE2,2,Station 1.1: Bottom cover,2324.5,2468.4,2580.6,112.2,112.2,143.9,1
U6531,262,FUSE0,11,Station 4: Inspection,2388.2,2469.8,2587.4,117.6,117.6,81.6,0
U6539,262,FUSE1,10,Station 3.4: Robot cell,2479.4,2479.4,2785.0,305.6,305.6,0.0,0
U7470,299,FUSE2,16,Station 6: Packaging,2488.8,2488.8,2604.8,116.0,116.0,0.0,0
U6545,262,FUSE2,4,Station 2.1: Drill station,2415.2,2517.2,2694.0,176.8,176.8,102.0,0
U6532,262,FUSE0,12,Station 4.1: Inspection,2453.8,2517.4,2635.0,117.6,117.6,63.6,0
U7472,299,FUSE2,17,Station 6.1: Packaging,2488.4,2545.6,2661.6,116.0,116.0,57.2,0
U6529,262,FUSE0,13,Station 5: Top cover,2530.8,2560.4,2735.2,174.8,174.8,29.6,0
U6540,262,FUSE1,9,Station 3.3: Robot cell,2564.0,2564.0,2869.6,305.6,305.6,0.0,0
U6551,262,FUSE2,1,Station 1: Bottom cover,2439.3,2580.6,2692.8,112.2,112.2,141.3,1
U6552,262,FUSE2,2,Station 1.1: Bottom cover,2460.9,2580.6,2692.8,112.2,112.2,119.7,1
U6533,262,FUSE0,11,Station 4: Inspection,2500.4,2587.4,2705.0,117.6,117.6,87.0,0
U7475,299,FUSE2,14,Station 5.1: Top cover,2600.8,2600.8,2775.6,174.8,174.8,0.0,0
U6546,262,FUSE2,5,Station 2.2: Drill station,2455.2,2601.8,2778.6,176.8,176.8,146.6,0
U6547,262,FUSE2,3,Station 2: Drill station,2507.4,2626.4,2803.2,176.8,176.8,119.0,0
U6534,262,FUSE0,12,Station 4.1: Inspection,2613.0,2635.0,2752.6,117.6,117.6,22.0,0
U6530,262,FUSE0,15,Station 5.2: Top cover,2608.4,2638.0,2812.8,174.8,174.8,29.6,0
U6541,262,FUSE1,6,Station 3: Robot cell,2488.6,2654.8,2960.4,305.6,305.6,166.2,0
U7473,299,FUSE2,16,Station 6: Packaging,2659.4,2659.4,2775.4,116.0,116.0,0.0,0
U6528,262,FUSE0,17,Station 6.1: Packaging,2643.6,2661.6,2777.6,116.0,116.0,18.0,0
U6542,262,FUSE1,8,Station 3.2: Robot cell,2616.2,2672.8,2978.4,305.6,305.6,56.6,0
U3557,144,FUSE0,1,Station 1: Bottom cover,2576.9,2692.8,2805.0,112.2,112.2,115.9,1
U3558,144,FUSE0,2,Station 1.1: Bottom cover,2636.1,2692.8,2805.0,112.2,112.2,56.7,0
U6548,262,FUSE2,4,Station 2.1: Drill station,2547.4,2694.0,2870.8,176.8,176.8,146.6,0
U6535,262,FUSE0,11,Station 4: Inspection,2604.2,2705.0,2822.6,117.6,117.6,100.8,0
U6531,262,FUSE0,13,Station 5: Top cover,2738.4,2738.4,2913.2,174.8,174.8,0.0,0
U6543,262,FUSE1,7,Station 3.1: Robot cell,2700.8,2747.0,3052.6,305.6,305.6,46.2,0
U6536,262,FUSE1,12,Station 4.1: Inspection,2713.8,2752.6,2870.2,117.6,117.6,38.8,0
U7474,299,FUSE2,16,Station 6: Packaging,2697.0,2775.4,2891.4,116.0,116.0,78.4,0
U6532,262,FUSE0,14,Station 5.1: Top cover,2746.0,2775.6,2950.4,174.8,174.8,29.6,0
U6549,262,FUSE2,5,Station 2.2: Drill station,2659.6,2778.6,2955.4,176.8,176.8,119.0,0
U6544,262,FUSE2,10,Station 3.4: Robot cell,2745.4,2785.0,3123.0,338.0,338.0,39.6,0
U6550,262,FUSE2,3,Station 2: Drill station,2639.6,2803.2,2980.0,176.8,176.8,163.6,0
U3559,144,FUSE0,1,Station 1: Bottom cover,2692.9,2805.0,2917.2,112.2,112.2,112.1,0
U3560,144,FUSE0,2,Station 1.1: Bottom cover,2806.7,2806.7,2918.9,112.2,112.2,0.0,0
U6529,262,FUSE0,17,Station 6.1: Packaging,2814.2,2814.2,2930.2,116.0,116.0,0.0,0
U6533,262,FUSE0,15,Station 5.2: Top cover,2816.0,2816.0,2990.8,174.8,174.8,0.0,0
U6537,262,FUSE1,11,Station 4: Inspection,2751.8,2822.6,2940.2,117.6,117.6,70.8,0
U6545,262,FUSE2,9,Station 3.3: Robot cell,2813.0,2869.6,3207.6,338.0,338.0,56.6,0
U6538,262,FUSE1,12,Station 4.1: Inspection,2826.0,2870.2,2987.8,117.6,117.6,44.2,0
U6551,262,FUSE2,4,Station 2.1: Drill station,2751.8,2870.8,3047.6,176.8,176.8,119.0,0
U7475,299,FUSE2,16,Station 6: Packaging,2854.6,2891.4,3007.4,116.0,116.0,36.8,0
U6534,262,FUSE0,13,Station 5: Top cover,2883.6,2913.2,3088.0,174.8,174.8,29.6,0
U3561,144,FUSE0,1,Station 1: Bottom cover,2808.9,2917.2,3029.4,112.2,112.2,108.3,0
U3562,144,FUSE0,2,Station 1.1: Bottom cover,2922.7,2922.7,3034.9,112.2,112.2,0.0,0
U6530,262,FUSE0,17,Station 6.1: Packaging,2851.8,2930.2,3046.2,116.0,116.0,78.4,0
U6539,262,FUSE1,11,Station 4: Inspection,2904.0,2940.2,3057.8,117.6,117.6,36.2,0
U6535,262,FUSE0,14,Station 5.1: Top cover,2953.6,2953.6,3128.4,174.8,174.8,0.0,0
U6552,262,FUSE2,5,Station 2.2: Drill station,2791.8,2955.4,3132.2,176.8,176.8,163.6,0
U6546,262,FUSE2,6,Station 3: Robot cell,2857.6,2960.4,3298.4,338.0,338.0,102.8,0
U6547,262,FUSE2,8,Station 3.2: Robot cell,2882.2,2978.4,3316.4,338.0,338.0,96.2,0
U3557,144,FUSE0,3,Station 2: Drill station,2844.0,2980.0,3156.8,176.8,176.8,136.0,0
U6540,262,FUSE1,12,Station 4.1: Inspection,2988.6,2988.6,3106.2,117.6,117.6,0.0,0
U6536,262,FUSE1,15,Station 5.2: Top cover,2961.2,2990.8,3165.6,174.8,174.8,29.6,0
U6531,262,FUSE0,16,Station 6: Packaging,3012.2,3012.2,3128.2,116.0,116.0,0.0,0
U3563,144,FUSE0,1,Station 1: Bottom cover,2961.5,3029.4,3141.6,112.2,112.2,67.9,0
U3564,144,FUSE0,2,Station 1.1: Bottom cover,3038.7,3038.7,3150.9,112.2,112.2,0.0,0
U6532,262,FUSE0,17,Station 6.1: Packaging,3009.4,3046.2,3162.2,116.0,116.0,36.8,0
U3558,144,FUSE0,4,Station 2.1: Drill station,2884.0,3047.6,3224.4,176.8,176.8,163.6,0
U6548,262,FUSE2,7,Station 3.1: Robot cell,2949.8,3052.6,3390.6,338.0,338.0,102.8,0
U6541,262,FUSE1,11,Station 4: Inspection,2999.4,3057.8,3175.4,117.6,117.6,58.4,0
U6537,262,FUSE1,13,Station 5: Top cover,3091.2,3091.2,3266.0,174.8,174.8,0.0,0
U6542,262,FUSE1,12,Station 4.1: Inspection,3077.4,3106.2,3223.8,117.6,117.6,28.8,0
U6549,262,FUSE2,10,Station 3.4: Robot cell,3114.4,3123.0,3461.0,338.0,338.0,8.6,0
U6533,262,FUSE0,16,Station 6: Packaging,3049.8,3128.2,3244.2,116.0,116.0,78.4,0
U6538,262,FUSE1,14,Station 5.1: Top cover,3098.8,3128.4,3303.2,174.8,174.8,29.6,0
U3559,144,FUSE0,5,Station 2.2: Drill station,2996.2,3132.2,3309.0,176.8,176.8,136.0,0
U3565,144,FUSE0,1,Station 1: Bottom cover,3077.5,3141.6,3253.8,112.2,112.2,64.1,0
U3560,144,FUSE0,3,Station 2: Drill station,2977.9,3156.8,3333.6,176.8,176.8,178.9,1
U3566,144,FUSE1,2,Station 1.1: Bottom cover,3159.5,3159.5,3271.7,112.2,112.2,0.0,0
U6534,262,FUSE0,17,Station 6.1: Packaging,3167.0,3167.0,3283.0,116.0,116.0,0.0,0
U6539,262,FUSE1,15,Station 5.2: Top cover,3168.8,3168.8,3343.6,174.8,174.8,0.0,0
U6543,262,FUSE1,11,Station 4: Inspection,3111.6,3175.4,3293.0,117.6,117.6,63.8,0
U6550,262,FUSE2,9,Station 3.3: Robot cell,3079.0,3207.6,3545.6,338.0,338.0,128.6,0
U3561,144,FUSE0,4,Station 2.1: Drill station,3088.4,3224.4,3401.2,176.8,176.8,136.0,0
U6535,262,FUSE0,16,Station 6: Packaging,3207.4,3244.2,3360.2,116.0,116.0,36.8,0
U3567,144,FUSE1,1,Station 1: Bottom cover,3193.5,3253.8,3366.0,112.2,112.2,60.3,0
U6544,262,FUSE2,12,Station 4.1: Inspection,3262.0,3262.0,3379.6,117.6,117.6,0.0,0
U6540,262,FUSE1,13,Station 5: Top cover,3237.2,3266.0,3440.8,174.8,174.8,28.8,0
U3568,144,FUSE1,2,Station 1.1: Bottom cover,3275.5,3275.5,3387.7,112.2,112.2,0.0,0
U6536,262,FUSE1,17,Station 6.1: Packaging,3204.6,3283.0,3399.0,116.0,116.0,78.4,0
U6551,262,FUSE2,6,Station 3: Robot cell,3106.6,3298.4,3636.4,338.0,338.0,191.8,0
U6541,262,FUSE1,14,Station 5.1: Top cover,3306.4,3306.4,3481.2,174.8,174.8,0.0,0
U6545,262,FUSE2,11,Station 4: Inspection,3306.6,3306.6,3424.2,117.6,117.6,0.0,0
U3562,144,FUSE0,5,Station 2.2: Drill station,3133.9,3309.0,3485.8,176.8,176.8,175.1,0
U6552,262,FUSE2,8,Station 3.2: Robot cell,3251.2,3316.4,3654.4,338.0,338.0,65.2,0
U3563,144,FUSE0,3,Station 2: Drill station,3180.6,3333.6,3510.4,176.8,176.8,153.0,0
U6542,262,FUSE1,15,Station 5.2: Top cover,3314.8,3343.6,3518.4,174.8,174.8,28.8,0
U6537,262,FUSE1,16,Station 6: Packaging,3365.0,3365.0,3481.0,116.0,116.0,0.0,0
U3569,144,FUSE1,1,Station 1: Bottom cover,3314.3,3366.0,3478.2,112.2,112.2,51.7,0
U6546,262,FUSE2,12,Station 4.1: Inspection,3357.4,3379.6,3497.2,117.6,117.6,22.2,0
U3557,144,FUSE0,7,Station 3.1: Robot cell,3215.8,3390.6,3634.2,243.6,243.6,174.8,0
U3570,144,FUSE1,2,Station 1.1: Bottom cover,3391.5,3391.5,3503.7,112.2,112.2,0.0,0
U6538,262,FUSE1,17,Station 6.1: Packaging,3362.2,3399.0,3515.0,116.0,116.0,36.8,0
U3564,144,FUSE0,4,Station 2.1: Drill station,3229.9,3401.2,3578.0,176.8,176.8,171.3,0
U6547,262,FUSE2,11,Station 4: Inspection,3395.4,3424.2,3541.8,117.6,117.6,28.8,0
U6543,262,FUSE1,13,Station 5: Top cover,3444.0,3444.0,3618.8,174.8,174.8,0.0,0
U3558,144,FUSE0,10,Station 3.4: Robot cell,3363.4,3461.0,3704.6,243.6,243.6,97.6,0
U3571,144,FUSE1,1,Station 1: Bottom cover,3430.3,3478.2,3590.4,112.2,112.2,47.9,0
U6539,262,FUSE1,16,Station 6: Packaging,3402.6,3481.0,3597.0,116.0,116.0,78.4,0
U3565,144,FUSE0,5,Station 2.2: Drill station,3332.8,3485.8,3662.6,176.8,176.8,153.0,0
U6544,262,FUSE2,14,Station 5.1: Top cover,3490.6,3490.6,3665.4,174.8,174.8,0.0,0
U6548,262,FUSE2,12,Station 4.1: Inspection,3469.6,3497.2,3614.8,117.6,117.6,27.6,0
U3566,144,FUSE1,3,Station 2: Drill station,3330.7,3510.4,3687.2,176.8,176.8,179.7,1
U3572,144,FUSE1,2,Station 1.1: Bottom cover,3512.3,3512.3,3624.5,112.2,112.2,0.0,0
U6540,262,FUSE1,17,Station 6.1: Packaging,3519.8,3519.8,3635.8,116.0,116.0,0.0,0
U6545,262,FUSE2,15,Station 5.2: Top cover,3535.2,3535.2,3710.0,174.8,174.8,0.0,0
U3559,144,FUSE0,9,Station 3.3: Robot cell,3448.0,3545.6,3789.2,243.6,243.6,97.6,0
U3567,144,FUSE1,4,Station 2.1: Drill station,3425.0,3578.0,3754.8,176.8,176.8,153.0,0
U6549,262,FUSE2,11,Station 4: Inspection,3580.0,3580.0,3697.6,117.6,117.6,0.0,0
U3573,144,FUSE1,1,Station 1: Bottom cover,3546.3,3590.4,3702.6,112.2,112.2,44.1,0
U6541,262,FUSE1,16,Station 6: Packaging,3560.2,3597.0,3713.0,116.0,116.0,36.8,0
U6546,262,FUSE2,13,Station 5: Top cover,3628.2,3628.2,3803.0,174.8,174.8,0.0,0
U3574,144,FUSE1,2,Station 1.1: Bottom cover,3628.3,3628.3,3740.5,112.2,112.2,0.0,0
U3560,144,FUSE0,7,Station 3.1: Robot cell,3392.6,3634.2,3877.8,243.6,243.6,241.6,0
U6542,262,FUSE1,17,Station 6.1: Packaging,3557.4,3635.8,3751.8,116.0,116.0,78.4,0
U3561,144,FUSE0,6,Station 3: Robot cell,3460.2,3636.4,3880.0,243.6,243.6,176.2,0
U3562,144,FUSE0,8,Station 3.2: Robot cell,3604.8,3654.4,3898.0,243.6,243.6,49.6,0
U3568,144,FUSE1,5,Station 2.2: Drill station,3486.7,3662.6,3839.4,176.8,176.8,175.9,0
U6550,262,FUSE2,12,Station 4.1: Inspection,3664.6,3664.6,3782.2,117.6,117.6,0.0,0
U6547,262,FUSE2,14,Station 5.1: Top cover,3672.8,3672.8,3847.6,174.8,174.8,0.0,0
U3569,144,FUSE1,3,Station 2: Drill station,3517.2,3687.2,3864.0,176.8,176.8,170.0,0
U3557,144,FUSE0,11,Station 4: Inspection,3693.2,3697.6,3815.2,117.6,117.6,4.4,0
U3575,144,FUSE2,1,Station 1: Bottom cover,3667.1,3702.6,3814.8,112.2,112.2,35.5,0
U3563,144,FUSE0,10,Station 3.4: Robot cell,3629.4,3704.6,3948.2,243.6,243.6,75.2,0
U6548,262,FUSE2,15,Station 5.2: Top cover,3705.8,3710.0,3884.8,174.8,174.8,4.2,0
U6543,262,FUSE1,16,Station 6: Packaging,3717.8,3717.8,3833.8,116.0,116.0,0.0,0
U3576,144,FUSE2,2,Station 1.1: Bottom cover,3744.3,3744.3,3856.5,112.2,112.2,0.0,0
U6544,262,FUSE2,17,Station 6.1: Packaging,3724.4,3751.8,3867.8,116.0,116.0,27.4,0
U3570,144,FUSE1,4,Station 2.1: Drill station,3582.7,3754.8,3931.6,176.8,176.8,172.1,0
U6551,262,FUSE2,12,Station 4.1: Inspection,3695.4,3782.2,3899.8,117.6,117.6,86.8,0
U3564,144,FUSE0,9,Station 3.3: Robot cell,3697.0,3789.2,4032.8,243.6,243.6,92.2,0
U3577,144,FUSE2,1,Station 1: Bottom cover,3783.1,3814.8,3927.0,112.2,112.2,31.7,0
U6552,262,FUSE2,11,Station 4: Inspection,3733.4,3815.2,3932.8,117.6,117.6,81.8,0
U6545,262,FUSE2,16,Station 6: Packaging,3769.0,3833.8,3949.8,116.0,116.0,64.8,0
U3571,144,FUSE1,5,Station 2.2: Drill station,3669.4,3839.4,4016.2,176.8,176.8,170.0,0
U6549,262,FUSE2,14,Station 5.1: Top cover,3828.6,3847.6,4022.4,174.8,174.8,19.0,0
U3572,144,FUSE1,3,Station 2: Drill station,3683.5,3864.0,4040.8,176.8,176.8,180.5,1
U3578,144,FUSE2,2,Station 1.1: Bottom cover,3865.1,3865.1,3977.3,112.2,112.2,0.0,0
U3565,144,FUSE0,7,Station 3.1: Robot cell,3761.6,3877.8,4121.4,243.6,243.6,116.2,0
U3566,144,FUSE1,6,Station 3: Robot cell,3726.2,3880.0,4185.6,305.6,305.6,153.8,0
U6546,262,FUSE2,17,Station 6.1: Packaging,3882.0,3882.0,3998.0,116.0,116.0,0.0,0
U6550,262,FUSE2,15,Station 5.2: Top cover,3873.2,3884.8,4059.6,174.8,174.8,11.6,0
U3567,144,FUSE1,8,Station 3.2: Robot cell,3853.8,3898.0,4203.6,305.6,305.6,44.2,0
U3558,144,FUSE0,12,Station 4.1: Inspection,3843.6,3899.8,4017.4,117.6,117.6,56.2,0
U3579,144,FUSE2,1,Station 1: Bottom cover,3899.1,3927.0,4039.2,112.2,112.2,27.9,0
U3573,144,FUSE1,4,Station 2.1: Drill station,3761.6,3931.6,4108.4,176.8,176.8,170.0,0
U3559,144,FUSE0,11,Station 4: Inspection,3888.2,3932.8,4050.4,117.6,117.6,44.6,0
U6547,262,FUSE2,16,Station 6: Packaging,3926.6,3949.8,4065.8,116.0,116.0,23.2,0
U3557,144,FUSE0,13,Station 5: Top cover,3966.2,3966.2,4141.0,174.8,174.8,0.0,0
U3580,144,FUSE2,2,Station 1.1: Bottom cover,3981.1,3981.1,4093.3,112.2,112.2,0.0,0
U6548,262,FUSE2,17,Station 6.1: Packaging,3923.8,3998.0,4114.0,116.0,116.0,74.2,0
U3568,144,FUSE1,10,Station 3.4: Robot cell,3998.4,3998.4,4304.0,305.6,305.6,0.0,0
U3574,144,FUSE1,5,Station 2.2: Drill station,3839.5,4016.2,4193.0,176.8,176.8,176.7,0
U3560,144,FUSE0,12,Station 4.1: Inspection,3956.8,4017.4,4135.0,117.6,117.6,60.6,0
U6551,262,FUSE2,14,Station 5.1: Top cover,4010.8,4022.4,4197.2,174.8,174.8,11.6,0
U3569,144,FUSE1,9,Station 3.3: Robot cell,3963.0,4032.8,4338.4,305.6,305.6,69.8,0
U3581,144,FUSE2,1,Station 1: Bottom cover,4029.3,4039.2,4151.4,112.2,112.2,9.9,0
U3575,144,FUSE2,3,Station 2: Drill station,3853.8,4040.8,4217.6,176.8,176.8,187.0,1
U3561,144,FUSE0,11,Station 4: Inspection,3919.0,4050.4,4168.0,117.6,117.6,131.4,1
U6552,262,FUSE2,15,Station 5.2: Top cover,4043.8,4059.6,4234.4,174.8,174.8,15.8,0
U3582,144,FUSE2,2,Station 1.1: Bottom cover,4097.1,4097.1,4209.3,112.2,112.2,0.0,0
U6549,262,FUSE2,16,Station 6: Packaging,4101.4,4101.4,4217.4,116.0,116.0,0.0,0
U3576,144,FUSE2,4,Station 2.1: Drill station,3935.5,4108.4,4285.2,176.8,176.8,172.9,0
U6550,262,FUSE2,17,Station 6.1: Packaging,4098.6,4114.0,4230.0,116.0,116.0,15.4,0
U3570,144,FUSE1,7,Station 3.1: Robot cell,4010.6,4121.4,4427.0,305.6,305.6,110.8,0
U3562,144,FUSE0,12,Station 4.1: Inspection,3997.0,4135.0,4252.6,117.6,117.6,138.0,1
U3558,144,FUSE0,13,Station 5: Top cover,4148.4,4148.4,4323.2,174.8,174.8,0.0,0
U7677,308,FUSE0,1,Station 1: Bottom cover,4145.3,4151.4,4263.6,112.2,112.2,6.1,0
U3563,144,FUSE0,11,Station 4: Inspection,4067.2,4168.0,4285.6,117.6,117.6,100.8,0
U3571,144,FUSE1,6,Station 3: Robot cell,4095.2,4185.6,4491.2,305.6,305.6,90.4,0
U3577,144,FUSE2,5,Station 2.2: Drill station,4006.0,4193.0,4369.8,176.8,176.8,187.0,1
U3559,144,FUSE0,14,Station 5.1: Top cover,4181.4,4197.2,4372.0,174.8,174.8,15.8,0
U3572,144,FUSE1,8,Station 3.2: Robot cell,4119.8,4203.6,4509.2,305.6,305.6,83.8,0
U3578,144,FUSE2,3,Station 2: Drill station,4036.3,4217.6,4394.4,176.8,176.8,181.3,1
U3557,144,FUSE0,17,Station 6.1: Packaging,4220.0,4230.0,4346.0,116.0,116.0,10.0,0
U3560,144,FUSE0,15,Station 5.2: Top cover,4226.0,4234.4,4409.2,174.8,174.8,8.4,0
U7678,308,FUSE0,2,Station 1.1: Bottom cover,4248.7,4248.7,4360.9,112.2,112.2,0.0,0
U3564,144,FUSE0,12,Station 4.1: Inspection,4151.8,4252.6,4370.2,117.6,117.6,100.8,0
U7679,308,FUSE0,1,Station 1: Bottom cover,4261.3,4263.6,4375.8,112.2,112.2,2.3,0
U6551,262,FUSE2,16,Station 6: Packaging,4276.2,4276.2,4392.2,116.0,116.0,0.0,0
U3579,144,FUSE2,4,Station 2.1: Drill station,4098.2,4285.2,4462.0,176.8,176.8,187.0,1
U3565,144,FUSE0,11,Station 4: Inspection,4180.4,4285.6,4403.2,117.6,117.6,105.2,0
U3573,144,FUSE1,10,Station 3.4: Robot cell,4247.4,4304.0,4609.6,305.6,305.6,56.6,0
U3561,144,FUSE0,13,Station 5: Top cover,4319.0,4323.2,4498.0,174.8,174.8,4.2,0
U3574,144,FUSE1,9,Station 3.3: Robot cell,4332.0,4338.4,4644.0,305.6,305.6,6.4,0
U6552,262,FUSE2,17,Station 6.1: Packaging,4273.4,4346.0,4462.0,116.0,116.0,72.6,0
U3580,144,FUSE2,5,Station 2.2: Drill station,4192.3,4369.8,4546.6,176.8,176.8,177.5,1
U3566,144,FUSE1,12,Station 4.1: Inspection,4244.6,4370.2,4487.8,117.6,117.6,125.6,1
U3562,144,FUSE0,14,Station 5.1: Top cover,4363.6,4372.0,4546.8,174.8,174.8,8.4,0
U7680,308,FUSE0,2,Station 1.1: Bottom cover,4377.3,4377.3,4489.5,112.2,112.2,0.0,0
U3581,144,FUSE2,3,Station 2: Drill station,4190.4,4394.4,4571.2,176.8,176.8,204.0,1
U3567,144,FUSE1,11,Station 4: Inspection,4282.6,4403.2,4520.8,117.6,117.6,120.6,1
U3563,144,FUSE0,15,Station 5.2: Top cover,4396.6,4409.2,4584.0,174.8,174.8,12.6,0
U3558,144,FUSE0,16,Station 6: Packaging,4422.2,4422.2,4538.2,116.0,116.0,0.0,0
U7681,308,FUSE0,1,Station 1: Bottom cover,4423.5,4423.5,4535.7,112.2,112.2,0.0,0
U3575,144,FUSE2,7,Station 3.1: Robot cell,4276.6,4427.0,4765.0,338.0,338.0,150.4,0
U3559,144,FUSE0,17,Station 6.1: Packaging,4431.0,4462.0,4578.0,116.0,116.0,31.0,0
U3582,144,FUSE2,4,Station 2.1: Drill station,4288.3,4462.0,4638.8,176.8,176.8,173.7,0
U3568,144,FUSE1,12,Station 4.1: Inspection,4443.0,4487.8,4605.4,117.6,117.6,44.8,0
U3576,144,FUSE2,6,Station 3: Robot cell,4344.2,4491.2,4829.2,338.0,338.0,147.0,0
U7682,308,FUSE0,2,Station 1.1: Bottom cover,4493.3,4493.3,4605.5,112.2,112.2,0.0,0
U3564,144,FUSE0,13,Station 5: Top cover,4501.2,4501.2,4676.0,174.8,174.8,0.0,0
U3577,144,FUSE2,8,Station 3.2: Robot cell,4488.8,4509.2,4847.2,338.0,338.0,20.4,0
U3569,144,FUSE1,11,Station 4: Inspection,4437.4,4520.8,4638.4,117.6,117.6,83.4,0
U3560,144,FUSE0,16,Station 6: Packaging,4468.2,4538.2,4654.2,116.0,116.0,70.0,0
U7677,308,FUSE0,5,Station 2.2: Drill station,4342.6,4546.6,4723.4,176.8,176.8,204.0,1
U3565,144,FUSE0,14,Station 5.1: Top cover,4534.2,4546.8,4721.6,174.8,174.8,12.6,0
U7683,308,FUSE0,1,Station 1: Bottom cover,4569.5,4569.5,4681.7,112.2,112.2,0.0,0
U7678,308,FUSE0,3,Station 2: Drill station,4419.9,4571.2,4748.0,176.8,176.8,151.3,0
U3561,144,FUSE0,17,Station 6.1: Packaging,4577.0,4578.0,4694.0,116.0,116.0,1.0,0
U3566,144,FUSE1,15,Station 5.2: Top cover,4578.8,4584.0,4758.8,174.8,174.8,5.2,0
U3570,144,FUSE1,12,Station 4.1: Inspection,4506.0,4605.4,4723.0,117.6,117.6,99.4,0
U7684,308,FUSE0,2,Station 1.1: Bottom cover,4609.3,4609.3,4721.5,112.2,112.2,0.0,0
U3578,144,FUSE2,10,Station 3.4: Robot cell,4513.4,4609.6,4947.6,338.0,338.0,96.2,0
U3571,144,FUSE1,11,Station 4: Inspection,4530.2,4638.4,4756.0,117.6,117.6,108.2,0
U7679,308,FUSE0,4,Station 2.1: Drill station,4434.8,4638.8,4815.6,176.8,176.8,204.0,1
U3579,144,FUSE2,9,Station 3.3: Robot cell,4581.0,4644.0,4982.0,338.0,338.0,63.0,0
U3562,144,FUSE0,16,Station 6: Packaging,4625.8,4654.2,4770.2,116.0,116.0,28.4,0
U3567,144,FUSE1,13,Station 5: Top cover,4671.8,4676.0,4850.8,174.8,174.8,4.2,0
U7685,308,FUSE0,1,Station 1: Bottom cover,4685.5,4685.5,4797.7,112.2,112.2,0.0,0
U3563,144,FUSE0,17,Station 6.1: Packaging,4623.0,4694.0,4810.0,116.0,116.0,71.0,0
U3568,144,FUSE1,14,Station 5.1: Top cover,4716.4,4721.6,4896.4,174.8,174.8,5.2,0
U3572,144,FUSE1,12,Station 4.1: Inspection,4608.2,4723.0,4840.6,117.6,117.6,114.8,0
U7680,308,FUSE0,5,Station 2.2: Drill station,4588.5,4723.4,4900.2,176.8,176.8,134.9,0
U7686,308,FUSE1,2,Station 1.1: Bottom cover,4725.3,4725.3,4837.5,112.2,112.2,0.0,0
U7681,308,FUSE0,3,Station 2: Drill station,4574.7,4748.0,4924.8,176.8,176.8,173.3,0
U3573,144,FUSE1,11,Station 4: Inspection,4728.6,4756.0,4873.6,117.6,117.6,27.4,0
U3569,144,FUSE1,15,Station 5.2: Top cover,4749.4,4758.8,4933.6,174.8,174.8,9.4,0
U3580,144,FUSE2,7,Station 3.1: Robot cell,4645.6,4765.0,5103.0,338.0,338.0,119.4,0
U3564,144,FUSE0,16,Station 6: Packaging,4775.0,4775.0,4891.0,116.0,116.0,0.0,0
U7687,308,FUSE1,1,Station 1: Bottom cover,4801.5,4801.5,4913.7,112.2,112.2,0.0,0
U3565,144,FUSE0,17,Station 6.1: Packaging,4780.6,4810.0,4926.0,116.0,116.0,29.4,0
U7682,308,FUSE0,4,Station 2.1: Drill station,4684.5,4815.6,4992.4,176.8,176.8,131.1,0
U3581,144,FUSE2,6,Station 3: Robot cell,4610.2,4829.2,5167.2,338.0,338.0,219.0,0
U3574,144,FUSE1,12,Station 4.1: Inspection,4763.0,4840.6,4958.2,117.6,117.6,77.6,0
U7688,308,FUSE1,2,Station 1.1: Bottom cover,4841.3,4841.3,4953.5,112.2,112.2,0.0,0
U3582,144,FUSE2,8,Station 3.2: Robot cell,4737.8,4847.2,5185.2,338.0,338.0,109.4,0
U3570,144,FUSE1,13,Station 5: Top cover,4854.0,4854.0,5028.8,174.8,174.8,0.0,0
U3575,144,FUSE2,11,Station 4: Inspection,4824.0,4873.6,4991.2,117.6,117.6,49.6,0
U3566,144,FUSE1,16,Station 6: Packaging,4817.8,4891.0,5007.0,116.0,116.0,73.2,0
U3571,144,FUSE1,14,Station 5.1: Top cover,4887.0,4896.4,5071.2,174.8,174.8,9.4,0
U7683,308,FUSE0,5,Station 2.2: Drill station,4760.7,4900.2,5077.0,176.8,176.8,139.5,0
U7689,308,FUSE1,1,Station 1: Bottom cover,4922.3,4922.3,5034.5,112.2,112.2,0.0,0
U7684,308,FUSE0,3,Station 2: Drill station,4780.5,4924.8,5101.6,176.8,176.8,144.3,0
U3567,144,FUSE1,17,Station 6.1: Packaging,4929.8,4929.8,5045.8,116.0,116.0,0.0,0
U3572,144,FUSE1,15,Station 5.2: Top cover,4931.6,4933.6,5108.4,174.8,174.8,2.0,0
U7677,308,FUSE0,10,Station 3.4: Robot cell,4882.4,4947.6,5191.2,243.6,243.6,65.2,0
U7690,308,FUSE1,2,Station 1.1: Bottom cover,4957.3,4957.3,5069.5,112.2,112.2,0.0,0
U3576,144,FUSE2,12,Station 4.1: Inspection,4888.2,4958.2,5075.8,117.6,117.6,70.0,0
U7678,308,FUSE0,9,Station 3.3: Robot cell,4847.0,4982.0,5225.6,243.6,243.6,135.0,0
U3577,144,FUSE2,11,Station 4: Inspection,4926.2,4991.2,5108.8,117.6,117.6,65.0,0
U7685,308,FUSE0,4,Station 2.1: Drill station,4856.7,4992.4,5169.2,176.8,176.8,135.7,0
U3568,144,FUSE1,16,Station 6: Packaging,4975.4,5007.0,5123.0,116.0,116.0,31.6,0
U3573,144,FUSE1,13,Station 5: Top cover,5024.6,5028.8,5203.6,174.8,174.8,4.2,0
U7691,308,FUSE1,1,Station 1: Bottom cover,5038.3,5038.3,5150.5,112.2,112.2,0.0,0
U3569,144,FUSE1,17,Station 6.1: Packaging,4972.6,5045.8,5161.8,116.0,116.0,73.2,0
U3574,144,FUSE1,14,Station 5.1: Top cover,5069.2,5071.2,5246.0,174.8,174.8,2.0,0
U7686,308,FUSE1,5,Station 2.2: Drill station,4936.5,5077.0,5253.8,176.8,176.8,140.5,0
U7692,308,FUSE1,2,Station 1.1: Bottom cover,5077.1,5077.1,5189.3,112.2,112.2,0.0,0
U3578,144,FUSE2,12,Station 4.1: Inspection,5086.6,5086.6,5204.2,117.6,117.6,0.0,0
U7687,308,FUSE1,3,Station 2: Drill station,4952.7,5101.6,5278.4,176.8,176.8,148.9,0
U7679,308,FUSE0,7,Station 3.1: Robot cell,4894.6,5103.0,5346.6,243.6,243.6,208.4,0
U3575,144,FUSE2,15,Station 5.2: Top cover,5102.2,5108.4,5283.2,174.8,174.8,6.2,0
U3579,144,FUSE2,11,Station 4: Inspection,5081.0,5108.8,5226.4,117.6,117.6,27.8,0
U3570,144,FUSE1,16,Station 6: Packaging,5127.8,5127.8,5243.8,116.0,116.0,0.0,0
U7693,308,FUSE1,1,Station 1: Bottom cover,5154.3,5154.3,5266.5,112.2,112.2,0.0,0
U3571,144,FUSE1,17,Station 6.1: Packaging,5130.2,5161.8,5277.8,116.0,116.0,31.6,0
U7680,308,FUSE0,6,Station 3: Robot cell,4979.2,5167.2,5410.8,243.6,243.6,188.0,0
U7688,308,FUSE1,4,Station 2.1: Drill station,5032.5,5169.2,5346.0,176.8,176.8,136.7,0
U7681,308,FUSE0,8,Station 3.2: Robot cell,5003.8,5185.2,5428.8,243.6,243.6,181.4,0
U7682,308,FUSE0,10,Station 3.4: Robot cell,5131.4,5191.2,5434.8,243.6,243.6,59.8,0
U7694,308,FUSE1,2,Station 1.1: Bottom cover,5193.1,5193.1,5305.3,112.2,112.2,0.0,0
U3580,144,FUSE2,12,Station 4.1: Inspection,5182.0,5204.2,5321.8,117.6,117.6,22.2,0
U3576,144,FUSE2,13,Station 5: Top cover,5206.8,5206.8,5381.6,174.8,174.8,0.0,0
U7683,308,FUSE0,9,Station 3.3: Robot cell,5216.0,5225.6,5469.2,243.6,243.6,9.6,0
U3581,144,FUSE2,11,Station 4: Inspection,5206.2,5226.4,5344.0,117.6,117.6,20.2,0
U3572,144,FUSE1,16,Station 6: Packaging,5167.4,5243.8,5359.8,116.0,116.0,76.4,0
U3577,144,FUSE2,14,Station 5.1: Top cover,5239.8,5246.0,5420.8,174.8,174.8,6.2,0
U7689,308,FUSE1,5,Station 2.2: Drill station,5113.5,5253.8,5430.6,176.8,176.8,140.3,0
U7695,308,FUSE2,1,Station 1: Bottom cover,5275.1,5275.1,5387.3,112.2,112.2,0.0,0
U7690,308,FUSE1,3,Station 2: Drill station,5128.5,5278.4,5455.2,176.8,176.8,149.9,0
U3573,144,FUSE1,17,Station 6.1: Packaging,5282.6,5282.6,5398.6,116.0,116.0,0.0,0
U3578,144,FUSE2,15,Station 5.2: Top cover,5295.2,5295.2,5470.0,174.8,174.8,0.0,0
U7696,308,FUSE2,2,Station 1.1: Bottom cover,5309.1,5309.1,5421.3,112.2,112.2,0.0,0
U3582,144,FUSE2,12,Station 4.1: Inspection,5284.2,5321.8,5439.4,117.6,117.6,37.6,0
U7677,308,FUSE0,11,Station 4: Inspection,5310.2,5344.0,5461.6,117.6,117.6,33.8,0
U7691,308,FUSE1,4,Station 2.1: Drill station,5209.5,5346.0,5522.8,176.8,176.8,136.5,0
U7684,308,FUSE0,7,Station 3.1: Robot cell,5160.6,5346.6,5590.2,243.6,243.6,186.0,0
U3574,144,FUSE1,16,Station 6: Packaging,5325.0,5359.8,5475.8,116.0,116.0,34.8,0
U3579,144,FUSE2,13,Station 5: Top cover,5377.4,5381.6,5556.4,174.8,174.8,4.2,0
U7697,308,FUSE2,1,Station 1: Bottom cover,5391.1,5391.1,5503.3,112.2,112.2,0.0,0
U3575,144,FUSE2,17,Station 6.1: Packaging,5322.2,5398.6,5514.6,116.0,116.0,76.4,0
U7685,308,FUSE0,6,Station 3: Robot cell,5228.2,5410.8,5654.4,243.6,243.6,182.6,0
U7686,308,FUSE1,8,Station 3.2: Robot cell,5372.8,5428.8,5734.4,305.6,305.6,56.0,0
U7698,308,FUSE2,2,Station 1.1: Bottom cover,5429.9,5429.9,5542.1,112.2,112.2,0.0,0
U7692,308,FUSE1,5,Station 2.2: Drill station,5288.3,5430.6,5607.4,176.8,176.8,142.3,0
U3580,144,FUSE2,14,Station 5.1: Top cover,5432.8,5432.8,5607.6,174.8,174.8,0.0,0
U7687,308,FUSE1,10,Station 3.4: Robot cell,5397.4,5434.8,5740.4,305.6,305.6,37.4,0
U7678,308,FUSE0,12,Station 4.1: Inspection,5344.6,5439.4,5557.0,117.6,117.6,94.8,0
U7693,308,FUSE1,3,Station 2: Drill station,5305.5,5455.2,5632.0,176.8,176.8,149.7,0
U7679,308,FUSE0,11,Station 4: Inspection,5405.6,5461.6,5579.2,117.6,117.6,56.0,0
U7688,308,FUSE1,9,Station 3.3: Robot cell,5465.0,5469.2,5774.8,305.6,305.6,4.2,0
U3581,144,FUSE2,15,Station 5.2: Top cover,5455.0,5470.0,5644.8,174.8,174.8,15.0,0
U3576,144,FUSE2,16,Station 6: Packaging,5480.6,5480.6,5596.6,116.0,116.0,0.0,0
U7699,308,FUSE2,1,Station 1: Bottom cover,5507.1,5507.1,5619.3,112.2,112.2,0.0,0
U3577,144,FUSE2,17,Station 6.1: Packaging,5479.8,5514.6,5630.6,116.0,116.0,34.8,0
U7694,308,FUSE1,4,Station 2.1: Drill station,5384.3,5522.8,5699.6,176.8,176.8,138.5,0
U7700,308,FUSE2,2,Station 1.1: Bottom cover,5545.9,5545.9,5658.1,112.2,112.2,0.0,0
U7680,308,FUSE0,12,Station 4.1: Inspection,5469.8,5557.0,5674.6,117.6,117.6,87.2,0
U3582,144,FUSE2,13,Station 5: Top cover,5570.4,5570.4,5745.2,174.8,174.8,0.0,0
U7681,308,FUSE0,11,Station 4: Inspection,5507.8,5579.2,5696.8,117.6,117.6,71.4,0
U7689,308,FUSE1,7,Station 3.1: Robot cell,5529.6,5590.2,5895.8,305.6,305.6,60.6,0
U3578,144,FUSE2,16,Station 6: Packaging,5529.0,5596.6,5712.6,116.0,116.0,67.6,0
U7695,308,FUSE2,5,Station 2.2: Drill station,5466.3,5607.4,5784.2,176.8,176.8,141.1,0
U7677,308,FUSE0,14,Station 5.1: Top cover,5592.6,5607.6,5782.4,174.8,174.8,15.0,0
U7701,308,FUSE2,1,Station 1: Bottom cover,5627.9,5627.9,5740.1,112.2,112.2,0.0,0
U7696,308,FUSE2,3,Station 2: Drill station,5480.3,5632.0,5808.8,176.8,176.8,151.7,0
U3579,144,FUSE2,17,Station 6.1: Packaging,5635.4,5635.4,5751.4,116.0,116.0,0.0,0
U7678,308,FUSE0,15,Station 5.2: Top cover,5648.0,5648.0,5822.8,174.8,174.8,0.0,0
U7690,308,FUSE1,6,Station 3: Robot cell,5494.2,5654.4,5960.0,305.6,305.6,160.2,0
U7702,308,FUSE2,2,Station 1.1: Bottom cover,5661.9,5661.9,5774.1,112.2,112.2,0.0,0
U7682,308,FUSE0,12,Station 4.1: Inspection,5573.8,5674.6,5792.2,117.6,117.6,100.8,0
U7683,308,FUSE0,11,Station 4: Inspection,5568.2,5696.8,5814.4,117.6,117.6,128.6,1
U7697,308,FUSE2,4,Station 2.1: Drill station,5562.3,5699.6,5876.4,176.8,176.8,137.3,0
U3580,144,FUSE2,16,Station 6: Packaging,5686.6,5712.6,5828.6,116.0,116.0,26.0,0
U7691,308,FUSE1,8,Station 3.2: Robot cell,5621.8,5734.4,6040.0,305.6,305.6,112.6,0
U7703,308,FUSE2,1,Station 1: Bottom cover,5743.9,5743.9,5856.1,112.2,112.2,0.0,0
U7679,308,FUSE0,13,Station 5: Top cover,5730.2,5745.2,5920.0,174.8,174.8,15.0,0
U3581,144,FUSE2,17,Station 6.1: Packaging,5683.8,5751.4,5867.4,116.0,116.0,67.6,0
U7692,308,FUSE1,10,Station 3.4: Robot cell,5766.4,5766.4,6072.0,305.6,305.6,0.0,0
U7693,308,FUSE1,9,Station 3.3: Robot cell,5731.0,5774.8,6080.4,305.6,305.6,43.8,0
U4873,195,FUSE0,2,Station 1.1: Bottom cover,5782.7,5782.7,5894.9,112.2,112.2,0.0,0
U7698,308,FUSE2,5,Station 2.2: Drill station,5641.1,5784.2,5961.0,176.8,176.8,143.1,0
U7680,308,FUSE0,14,Station 5.1: Top cover,5785.6,5785.6,5960.4,174.8,174.8,0.0,0
U7684,308,FUSE0,12,Station 4.1: Inspection,5669.2,5792.2,5909.8,117.6,117.6,123.0,1
U7699,308,FUSE2,3,Station 2: Drill station,5658.3,5808.8,5985.6,176.8,176.8,150.5,0
U7685,308,FUSE0,11,Station 4: Inspection,5693.4,5814.4,5932.0,117.6,117.6,121.0,1
U7681,308,FUSE0,15,Station 5.2: Top cover,5807.8,5822.8,5997.6,174.8,174.8,15.0,0
U3582,144,FUSE2,16,Station 6: Packaging,5844.2,5844.2,5960.2,116.0,116.0,0.0,0
U4874,195,FUSE0,1,Station 1: Bottom cover,5859.9,5859.9,5972.1,112.2,112.2,0.0,0
U7677,308,FUSE0,17,Station 6.1: Packaging,5841.4,5867.4,5983.4,116.0,116.0,26.0,0
U7700,308,FUSE2,4,Station 2.1: Drill station,5737.1,5876.4,6053.2,176.8,176.8,139.3,0
U7694,308,FUSE1,7,Station 3.1: Robot cell,5778.6,5895.8,6201.4,305.6,305.6,117.2,0
U4875,195,FUSE0,2,Station 1.1: Bottom cover,5898.7,5898.7,6010.9,112.2,112.2,0.0,0
U7686,308,FUSE1,12,Station 4.1: Inspection,5833.4,5909.8,6027.4,117.6,117.6,76.4,0
U7682,308,FUSE0,13,Station 5: Top cover,5923.2,5923.2,6098.0,174.8,174.8,0.0,0
U7687,308,FUSE1,11,Station 4: Inspection,5859.4,5932.0,6049.6,117.6,117.6,72.6,0
U7695,308,FUSE2,6,Station 3: Robot cell,5863.2,5960.0,6298.0,338.0,338.0,96.8,0
U7678,308,FUSE0,16,Station 6: Packaging,5881.8,5960.2,6076.2,116.0,116.0,78.4,0
U7683,308,FUSE0,14,Station 5.1: Top cover,5945.4,5960.4,6135.2,174.8,174.8,15.0,0
U7701,308,FUSE2,5,Station 2.2: Drill station,5819.1,5961.0,6137.8,176.8,176.8,141.9,0
U7702,308,FUSE2,3,Station 2: Drill station,5833.1,5985.6,6162.4,176.8,176.8,152.5,0
U4876,195,FUSE0,1,Station 1: Bottom cover,5991.5,5991.5,6103.7,112.2,112.2,0.0,0
U7679,308,FUSE0,17,Station 6.1: Packaging,5999.0,5999.0,6115.0,116.0,116.0,0.0,0
U7684,308,FUSE0,15,Station 5.2: Top cover,6000.8,6000.8,6175.6,174.8,174.8,0.0,0
U4877,195,FUSE0,2,Station 1.1: Bottom cover,6014.7,6014.7,6126.9,112.2,112.2,0.0,0
U7688,308,FUSE1,12,Station 4.1: Inspection,5893.8,6027.4,6145.0,117.6,117.6,133.6,1
U7696,308,FUSE2,8,Station 3.2: Robot cell,5887.8,6040.0,6378.0,338.0,338.0,152.2,0
U7689,308,FUSE1,11,Station 4: Inspection,5954.8,6049.6,6167.2,117.6,117.6,94.8,0
U7703,308,FUSE2,4,Station 2.1: Drill station,5915.1,6053.2,6230.0,176.8,176.8,138.1,0
U7697,308,FUSE2,10,Station 3.4: Robot cell,6015.4,6072.0,6410.0,338.0,338.0,56.6,0
U7680,308,FUSE0,16,Station 6: Packaging,6039.4,6076.2,6192.2,116.0,116.0,36.8,0
U7685,308,FUSE0,13,Station 5: Top cover,6083.0,6098.0,6272.8,174.8,174.8,15.0,0
U7698,308,FUSE2,9,Station 3.3: Robot cell,6100.0,6100.0,6438.0,338.0,338.0,0.0,0
U4878,195,FUSE0,1,Station 1: Bottom cover,6107.5,6107.5,6219.7,112.2,112.2,0.0,0
U7681,308,FUSE0,17,Station 6.1: Packaging,6036.6,6115.0,6231.0,116.0,116.0,78.4,0
U4873,195,FUSE0,5,Station 2.2: Drill station,5993.9,6137.8,6314.6,176.8,176.8,143.9,0
U7686,308,FUSE1,14,Station 5.1: Top cover,6138.4,6138.4,6313.2,174.8,174.8,0.0,0
U7690,308,FUSE1,12,Station 4.1: Inspection,6019.0,6145.0,6262.6,117.6,117.6,126.0,1
U4879,195,FUSE0,2,Station 1.1: Bottom cover,6146.3,6146.3,6258.5,112.2,112.2,0.0,0
U4874,195,FUSE0,3,Station 2: Drill station,6011.1,6162.4,6339.2,176.8,176.8,151.3,0
U7691,308,FUSE1,11,Station 4: Inspection,6119.0,6167.2,6284.8,117.6,117.6,48.2,0
U7687,308,FUSE1,15,Station 5.2: Top cover,6160.6,6175.6,6350.4,174.8,174.8,15.0,0
U7682,308,FUSE0,16,Station 6: Packaging,6197.0,6197.0,6313.0,116.0,116.0,0.0,0
U7699,308,FUSE2,7,Station 3.1: Robot cell,6044.6,6201.4,6539.4,338.0,338.0,156.8,0
U4880,195,FUSE1,1,Station 1: Bottom cover,6223.5,6223.5,6335.7,112.2,112.2,0.0,0
U4875,195,FUSE0,4,Station 2.1: Drill station,6089.9,6230.0,6406.8,176.8,176.8,140.1,0
U7683,308,FUSE0,17,Station 6.1: Packaging,6194.2,6231.0,6347.0,116.0,116.0,36.8,0
U4881,195,FUSE1,2,Station 1.1: Bottom cover,6262.3,6262.3,6374.5,112.2,112.2,0.0,0
U7692,308,FUSE1,12,Station 4.1: Inspection,6211.0,6262.6,6380.2,117.6,117.6,51.6,0
U7688,308,FUSE1,13,Station 5: Top cover,6276.0,6276.0,6450.8,174.8,174.8,0.0,0
U7693,308,FUSE1,11,Station 4: Inspection,6179.4,6284.8,6402.4,117.6,117.6,105.4,0
U7700,308,FUSE2,6,Station 3: Robot cell,6112.2,6298.0,6636.0,338.0,338.0,185.8,0
U7684,308,FUSE0,16,Station 6: Packaging,6234.6,6313.0,6429.0,116.0,116.0,78.4,0
U7689,308,FUSE1,14,Station 5.1: Top cover,6298.2,6313.2,6488.0,174.8,174.8,15.0,0
U4876,195,FUSE0,5,Station 2.2: Drill station,6182.7,6314.6,6491.4,176.8,176.8,131.9,0
U4877,195,FUSE0,3,Station 2: Drill station,6185.9,6339.2,6516.0,176.8,176.8,153.3,0
U4882,195,FUSE1,1,Station 1: Bottom cover,6344.3,6344.3,6456.5,112.2,112.2,0.0,0
U7685,308,FUSE0,17,Station 6.1: Packaging,6351.8,6351.8,6467.8,116.0,116.0,0.0,0
U7690,308,FUSE1,15,Station 5.2: Top cover,6353.6,6353.6,6528.4,174.8,174.8,0.0,0
U7701,308,FUSE2,8,Station 3.2: Robot cell,6256.8,6378.0,6716.0,338.0,338.0,121.2,0
U4883,195,FUSE1,2,Station 1.1: Bottom cover,6378.3,6378.3,6490.5,112.2,112.2,0.0,0
U7694,308,FUSE1,12,Station 4.1: Inspection,6280.4,6380.2,6497.8,117.6,117.6,99.8,0
U7695,308,FUSE2,11,Station 4: Inspection,6337.0,6402.4,6520.0,117.6,117.6,65.4,0
U4878,195,FUSE0,4,Station 2.1: Drill station,6278.7,6406.8,6583.6,176.8,176.8,128.1,0
U7702,308,FUSE2,10,Station 3.4: Robot cell,6281.4,6410.0,6748.0,338.0,338.0,128.6,0
U7686,308,FUSE1,16,Station 6: Packaging,6392.2,6429.0,6545.0,116.0,116.0,36.8,0
U7703,308,FUSE2,9,Station 3.3: Robot cell,6349.0,6438.0,6776.0,338.0,338.0,89.0,0
U7691,308,FUSE1,13,Station 5: Top cover,6435.8,6450.8,6625.6,174.8,174.8,15.0,0
U4884,195,FUSE1,1,Station 1: Bottom cover,6460.3,6460.3,6572.5,112.2,112.2,0.0,0
U7687,308,FUSE1,17,Station 6.1: Packaging,6389.4,6467.8,6583.8,116.0,116.0,78.4,0
U7692,308,FUSE1,14,Station 5.1: Top cover,6491.2,6491.2,6666.0,174.8,174.8,0.0,0
U4879,195,FUSE0,5,Station 2.2: Drill station,6357.5,6491.4,6668.2,176.8,176.8,133.9,0
U7696,308,FUSE2,12,Station 4.1: Inspection,6477.0,6497.8,6615.4,117.6,117.6,20.8,0
U4885,195,FUSE1,2,Station 1.1: Bottom cover,6499.1,6499.1,6611.3,112.2,112.2,0.0,0
U4880,195,FUSE1,3,Station 2: Drill station,6374.7,6516.0,6692.8,176.8,176.8,141.3,0
U7693,308,FUSE1,15,Station 5.2: Top cover,6513.4,6528.4,6703.2,174.8,174.8,15.0,0
U7697,308,FUSE2,11,Station 4: Inspection,6529.0,6529.0,6646.6,117.6,117.6,0.0,0
U4873,195,FUSE0,7,Station 3.1: Robot cell,6413.6,6539.4,6783.0,243.6,243.6,125.8,0
U7688,308,FUSE1,16,Station 6: Packaging,6549.8,6549.8,6665.8,116.0,116.0,0.0,0
U4886,195,FUSE1,1,Station 1: Bottom cover,6576.3,6576.3,6688.5,112.2,112.2,0.0,0
U4881,195,FUSE1,4,Station 2.1: Drill station,6453.5,6583.6,6760.4,176.8,176.8,130.1,0
U7689,308,FUSE1,17,Station 6.1: Packaging,6547.0,6583.8,6699.8,116.0,116.0,36.8,0
U4887,195,FUSE2,2,Station 1.1: Bottom cover,6615.1,6615.1,6727.3,112.2,112.2,0.0,0
U7698,308,FUSE2,12,Station 4.1: Inspection,6557.0,6615.4,6733.0,117.6,117.6,58.4,0
U7694,308,FUSE1,13,Station 5: Top cover,6628.8,6628.8,6803.6,174.8,174.8,0.0,0
U4874,195,FUSE0,6,Station 3: Robot cell,6378.2,6636.0,6879.6,243.6,243.6,257.8,0
U7699,308,FUSE2,11,Station 4: Inspection,6598.4,6646.6,6764.2,117.6,117.6,48.2,0
U7690,308,FUSE1,16,Station 6: Packaging,6587.4,6665.8,6781.8,116.0,116.0,78.4,0
U7695,308,FUSE2,14,Station 5.1: Top cover,6651.0,6666.0,6840.8,174.8,174.8,15.0,0
U4882,195,FUSE1,5,Station 2.2: Drill station,6535.5,6668.2,6845.0,176.8,176.8,132.7,0
U4883,195,FUSE1,3,Station 2: Drill station,6549.5,6692.8,6869.6,176.8,176.8,143.3,0
U4888,195,FUSE2,1,Station 1: Bottom cover,6697.1,6697.1,6809.3,112.2,112.2,0.0,0
U7691,308,FUSE1,17,Station 6.1: Packaging,6704.6,6704.6,6820.6,116.0,116.0,0.0,0
U7696,308,FUSE2,15,Station 5.2: Top cover,6706.4,6706.4,6881.2,174.8,174.8,0.0,0
U4875,195,FUSE0,8,Station 3.2: Robot cell,6505.8,6716.0,6959.6,243.6,243.6,210.2,0
U4889,195,FUSE2,2,Station 1.1: Bottom cover,6731.1,6731.1,6843.3,112.2,112.2,0.0,0
U7700,308,FUSE2,12,Station 4.1: Inspection,6695.0,6733.0,6850.6,117.6,117.6,38.0,0
U4876,195,FUSE0,10,Station 3.4: Robot cell,6650.4,6748.0,6991.6,243.6,243.6,97.6,0
U4884,195,FUSE1,4,Station 2.1: Drill station,6631.5,6760.4,6937.2,176.8,176.8,128.9,0
U4877,195,FUSE0,9,Station 3.3: Robot cell,6615.0,6776.0,7019.6,243.6,243.6,161.0,0
U7692,308,FUSE1,16,Station 6: Packaging,6745.0,6781.8,6897.8,116.0,116.0,36.8,0
U4878,195,FUSE0,7,Station 3.1: Robot cell,6662.6,6783.0,7026.6,243.6,243.6,120.4,0
U7701,308,FUSE2,11,Station 4: Inspection,6795.0,6795.0,6912.6,117.6,117.6,0.0,0
U7697,308,FUSE2,13,Station 5: Top cover,6797.6,6803.6,6978.4,174.8,174.8,6.0,0
U4890,195,FUSE2,1,Station 1: Bottom cover,6813.1,6813.1,6925.3,112.2,112.2,0.0,0
U7693,308,FUSE1,17,Station 6.1: Packaging,6742.2,6820.6,6936.6,116.0,116.0,78.4,0
U7698,308,FUSE2,14,Station 5.1: Top cover,6844.0,6844.0,7018.8,174.8,174.8,0.0,0
U4885,195,FUSE1,5,Station 2.2: Drill station,6710.3,6845.0,7021.8,176.8,176.8,134.7,0
U4891,195,FUSE2,2,Station 1.1: Bottom cover,6851.9,6851.9,6964.1,112.2,112.2,0.0,0
U4873,195,FUSE0,12,Station 4.1: Inspection,6862.0,6862.0,6979.6,117.6,117.6,0.0,0
U4886,195,FUSE1,3,Station 2: Drill station,6727.5,6869.6,7046.4,176.8,176.8,142.1,0
U4879,195,FUSE0,6,Station 3: Robot cell,6747.2,6879.6,7123.2,243.6,243.6,132.4,0
U7699,308,FUSE2,15,Station 5.2: Top cover,6875.2,6881.2,7056.0,174.8,174.8,6.0,0
U7694,308,FUSE1,16,Station 6: Packaging,6902.6,6902.6,7018.6,116.0,116.0,0.0,0
U7703,308,FUSE2,11,Station 4: Inspection,6875.0,6912.6,7030.2,117.6,117.6,37.6,0
U4892,195,FUSE2,1,Station 1: Bottom cover,6929.1,6929.1,7041.3,112.2,112.2,0.0,0
U7695,308,FUSE2,17,Station 6.1: Packaging,6899.8,6936.6,7052.6,116.0,116.0,36.8,0
U4887,195,FUSE2,4,Station 2.1: Drill station,6806.3,6937.2,7114.0,176.8,176.8,130.9,0
U4880,195,FUSE1,8,Station 3.2: Robot cell,6771.8,6959.6,7265.2,305.6,305.6,187.8,0
U4893,195,FUSE2,2,Station 1.1: Bottom cover,6967.9,6967.9,7080.1,112.2,112.2,0.0,0
U7702,308,FUSE2,12,Station 4.1: Inspection,6887.0,6979.6,7097.2,117.6,117.6,92.6,0
U7700,308,FUSE2,13,Station 5: Top cover,6981.6,6981.6,7156.4,174.8,174.8,0.0,0
U4881,195,FUSE1,10,Station 3.4: Robot cell,6899.4,6991.6,7297.2,305.6,305.6,92.2,0
U7696,308,FUSE2,16,Station 6: Packaging,6940.2,7018.6,7134.6,116.0,116.0,78.4,0
U4882,195,FUSE1,9,Station 3.3: Robot cell,6984.0,7019.6,7325.2,305.6,305.6,35.6,0
U4888,195,FUSE2,5,Station 2.2: Drill station,6888.3,7021.8,7198.6,176.8,176.8,133.5,0
U4883,195,FUSE1,7,Station 3.1: Robot cell,6928.6,7026.6,7332.2,305.6,305.6,98.0,0
U4874,195,FUSE0,11,Station 4: Inspection,6918.6,7030.2,7147.8,117.6,117.6,111.6,0
U7701,308,FUSE2,14,Station 5.1: Top cover,7043.6,7043.6,7218.4,174.8,174.8,0.0,0
U4889,195,FUSE2,3,Station 2: Drill station,6902.3,7046.4,7223.2,176.8,176.8,144.1,0
U6352,255,FUSE0,1,Station 1: Bottom cover,7049.9,7049.9,7162.1,112.2,112.2,0.0,0
U7697,308,FUSE2,17,Station 6.1: Packaging,7057.4,7057.4,7173.4,116.0,116.0,0.0,0
U4873,195,FUSE0,15,Station 5.2: Top cover,7070.6,7070.6,7245.4,174.8,174.8,0.0,0
U6353,255,FUSE0,2,Station 1.1: Bottom cover,7083.9,7083.9,7196.1,112.2,112.2,0.0,0
U4875,195,FUSE0,12,Station 4.1: Inspection,7058.6,7097.2,7214.8,117.6,117.6,38.6,0
U4890,195,FUSE2,4,Station 2.1: Drill station,6984.3,7114.0,7290.8,176.8,176.8,129.7,0
U4884,195,FUSE1,6,Station 3: Robot cell,6996.2,7123.2,7428.8,305.6,305.6,127.0,0
U7698,308,FUSE2,16,Station 6: Packaging,7097.8,7134.6,7250.6,116.0,116.0,36.8,0
U4878,195,FUSE0,11,Station 4: Inspection,7085.6,7147.8,7265.4,117.6,117.6,62.2,0
U6354,255,FUSE0,1,Station 1: Bottom cover,7165.9,7165.9,7278.1,112.2,112.2,0.0,0
U7699,308,FUSE2,17,Station 6.1: Packaging,7095.0,7173.4,7289.4,116.0,116.0,78.4,0
U7703,308,FUSE2,13,Station 5: Top cover,7181.2,7181.2,7356.0,174.8,174.8,0.0,0
U4891,195,FUSE2,5,Station 2.2: Drill station,7063.1,7198.6,7375.4,176.8,176.8,135.5,0
U6355,255,FUSE0,2,Station 1.1: Bottom cover,7204.7,7204.7,7316.9,112.2,112.2,0.0,0
U4877,195,FUSE0,12,Station 4.1: Inspection,7138.6,7214.8,7332.4,117.6,117.6,76.2,0
U7702,308,FUSE2,14,Station 5.1: Top cover,7208.2,7218.4,7393.2,174.8,174.8,10.2,0
U4892,195,FUSE2,3,Station 2: Drill station,7080.3,7223.2,7400.0,176.8,176.8,142.9,0
U7700,308,FUSE2,16,Station 6: Packaging,7255.4,7255.4,7371.4,116.0,116.0,0.0,0
U4874,195,FUSE0,15,Station 5.2: Top cover,7258.8,7258.8,7433.6,174.8,174.8,0.0,0
U4885,195,FUSE1,8,Station 3.2: Robot cell,7140.8,7265.2,7570.8,305.6,305.6,124.4,0
U4876,195,FUSE0,11,Station 4: Inspection,7110.6,7265.4,7383.0,117.6,117.6,154.8,1
U6356,255,FUSE0,1,Station 1: Bottom cover,7281.9,7281.9,7394.1,112.2,112.2,0.0,0
U7701,308,FUSE2,17,Station 6.1: Packaging,7277.4,7289.4,7405.4,116.0,116.0,12.0,0
U4893,195,FUSE2,4,Station 2.1: Drill station,7159.1,7290.8,7467.6,176.8,176.8,131.7,0
U4886,195,FUSE1,10,Station 3.4: Robot cell,7165.4,7297.2,7602.8,305.6,305.6,131.8,0
U6357,255,FUSE0,2,Station 1.1: Bottom cover,7320.7,7320.7,7432.9,112.2,112.2,0.0,0
U4887,195,FUSE2,9,Station 3.3: Robot cell,7233.0,7325.2,7663.2,338.0,338.0,92.2,0
U4888,195,FUSE2,7,Station 3.1: Robot cell,7297.6,7332.2,7670.2,338.0,338.0,34.6,0
U4879,195,FUSE0,12,Station 4.1: Inspection,7182.2,7332.4,7450.0,117.6,117.6,150.2,1
U4875,195,FUSE0,13,Station 5: Top cover,7345.8,7356.0,7530.8,174.8,174.8,10.2,0
U4873,195,FUSE0,16,Station 6: Packaging,7304.4,7371.4,7487.4,116.0,116.0,67.0,0
U6352,255,FUSE0,5,Station 2.2: Drill station,7241.1,7375.4,7552.2,176.8,176.8,134.3,0
U4880,195,FUSE1,11,Station 4: Inspection,7344.2,7383.0,7500.6,117.6,117.6,38.8,0
U4878,195,FUSE0,14,Station 5.1: Top cover,7396.4,7396.4,7571.2,174.8,174.8,0.0,0
U6353,255,FUSE0,3,Station 2: Drill station,7255.1,7400.0,7576.8,176.8,176.8,144.9,0
U6358,255,FUSE0,1,Station 1: Bottom cover,7402.7,7402.7,7514.9,112.2,112.2,0.0,0
U4889,195,FUSE2,6,Station 3: Robot cell,7262.2,7428.8,7766.8,338.0,338.0,166.6,0
U4877,195,FUSE0,15,Station 5.2: Top cover,7423.4,7433.6,7608.4,174.8,174.8,10.2,0
U7703,308,FUSE2,17,Station 6.1: Packaging,7435.0,7435.0,7551.0,116.0,116.0,0.0,0
U6359,255,FUSE0,2,Station 1.1: Bottom cover,7436.7,7436.7,7548.9,112.2,112.2,0.0,0
U4883,195,FUSE1,12,Station 4.1: Inspection,7411.2,7450.0,7567.6,117.6,117.6,38.8,0
U6354,255,FUSE0,4,Station 2.1: Drill station,7337.1,7467.6,7644.4,176.8,176.8,130.5,0
U7702,308,FUSE2,16,Station 6: Packaging,7472.2,7487.4,7603.4,116.0,116.0,15.2,0
U4882,195,FUSE1,11,Station 4: Inspection,7424.2,7500.6,7618.2,117.6,117.6,76.4,0
U6360,255,FUSE0,1,Station 1: Bottom cover,7518.7,7518.7,7630.9,112.2,112.2,0.0,0
U4876,195,FUSE0,13,Station 5: Top cover,7534.0,7534.0,7708.8,174.8,174.8,0.0,0
U4874,195,FUSE0,17,Station 6.1: Packaging,7472.6,7551.0,7667.0,116.0,116.0,78.4,0
U6355,255,FUSE0,5,Station 2.2: Drill station,7415.9,7552.2,7729.0,176.8,176.8,136.3,0
U4881,195,FUSE1,12,Station 4.1: Inspection,7436.2,7567.6,7685.2,117.6,117.6,131.4,1
U4890,195,FUSE2,8,Station 3.2: Robot cell,7389.8,7570.8,7908.8,338.0,338.0,181.0,0
U4879,195,FUSE0,14,Station 5.1: Top cover,7561.0,7571.2,7746.0,174.8,174.8,10.2,0
U6356,255,FUSE0,3,Station 2: Drill station,7433.1,7576.8,7753.6,176.8,176.8,143.7,0
U6361,255,FUSE0,2,Station 1.1: Bottom cover,7582.3,7582.3,7694.5,112.2,112.2,0.0,0
U4891,195,FUSE2,10,Station 3.4: Robot cell,7534.4,7602.8,7940.8,338.0,338.0,68.4,0
U4880,195,FUSE1,15,Station 5.2: Top cover,7611.6,7611.6,7786.4,174.8,174.8,0.0,0
U4884,195,FUSE1,11,Station 4: Inspection,7467.8,7618.2,7735.8,117.6,117.6,150.4,1
U4875,195,FUSE0,16,Station 6: Packaging,7629.8,7629.8,7745.8,116.0,116.0,0.0,0
U6362,255,FUSE1,1,Station 1: Bottom cover,7634.7,7634.7,7746.9,112.2,112.2,0.0,0
U6357,255,FUSE0,4,Station 2.1: Drill station,7511.9,7644.4,7821.2,176.8,176.8,132.5,0
U4892,195,FUSE2,9,Station 3.3: Robot cell,7499.0,7663.2,8001.2,338.0,338.0,164.2,0
U4878,195,FUSE0,17,Station 6.1: Packaging,7630.2,7667.0,7783.0,116.0,116.0,36.8,0
U4893,195,FUSE2,7,Station 3.1: Robot cell,7546.6,7670.2,8008.2,338.0,338.0,123.6,0
U4885,195,FUSE1,12,Station 4.1: Inspection,7669.8,7685.2,7802.8,117.6,117.6,15.4,0
U6363,255,FUSE1,2,Station 1.1: Bottom cover,7698.3,7698.3,7810.5,112.2,112.2,0.0,0
U4883,195,FUSE1,13,Station 5: Top cover,7698.6,7708.8,7883.6,174.8,174.8,10.2,0
U6358,255,FUSE0,5,Station 2.2: Drill station,7593.9,7729.0,7905.8,176.8,176.8,135.1,0
U4886,195,FUSE1,11,Station 4: Inspection,7721.8,7735.8,7853.4,117.6,117.6,14.0,0
U4877,195,FUSE0,16,Station 6: Packaging,7667.4,7745.8,7861.8,116.0,116.0,78.4,0
U4882,195,FUSE1,14,Station 5.1: Top cover,7749.2,7749.2,7924.0,174.8,174.8,0.0,0
U6359,255,FUSE0,3,Station 2: Drill station,7607.9,7753.6,7930.4,176.8,176.8,145.7,0
U6352,255,FUSE0,6,Station 3: Robot cell,7631.2,7766.8,8010.4,243.6,243.6,135.6,0
U6364,255,FUSE1,1,Station 1: Bottom cover,7777.1,7777.1,7889.3,112.2,112.2,0.0,0
U4881,195,FUSE1,15,Station 5.2: Top cover,7776.2,7786.4,7961.2,174.8,174.8,10.2,0
U4876,195,FUSE0,17,Station 6.1: Packaging,7787.8,7787.8,7903.8,116.0,116.0,0.0,0
U4887,195,FUSE2,12,Station 4.1: Inspection,7782.2,7802.8,7920.4,117.6,117.6,20.6,0
U6365,255,FUSE1,2,Station 1.1: Bottom cover,7814.3,7814.3,7926.5,112.2,112.2,0.0,0
U6360,255,FUSE0,4,Station 2.1: Drill station,7689.9,7821.2,7998.0,176.8,176.8,131.3,0
U4888,195,FUSE2,11,Station 4: Inspection,7729.2,7853.4,7971.0,117.6,117.6,124.2,1
U4879,195,FUSE0,16,Station 6: Packaging,7825.0,7861.8,7977.8,116.0,116.0,36.8,0
U4884,195,FUSE1,13,Station 5: Top cover,7886.8,7886.8,8061.6,174.8,174.8,0.0,0
U6366,255,FUSE1,1,Station 1: Bottom cover,7893.1,7893.1,8005.3,112.2,112.2,0.0,0
U4880,195,FUSE1,17,Station 6.1: Packaging,7825.4,7903.8,8019.8,116.0,116.0,78.4,0
U6361,255,FUSE0,5,Station 2.2: Drill station,7793.5,7905.8,8082.6,176.8,176.8,112.3,0
U6353,255,FUSE0,8,Station 3.2: Robot cell,7655.8,7908.8,8152.4,243.6,243.6,253.0,0
U4889,195,FUSE2,12,Station 4.1: Inspection,7825.8,7920.4,8038.0,117.6,117.6,94.6,0
U4885,195,FUSE1,14,Station 5.1: Top cover,7913.8,7924.0,8098.8,174.8,174.8,10.2,0
U6362,255,FUSE1,3,Station 2: Drill station,7785.9,7930.4,8107.2,176.8,176.8,144.5,0
U6367,255,FUSE1,2,Station 1.1: Bottom cover,7935.1,7935.1,8047.3,112.2,112.2,0.0,0
U6354,255,FUSE0,10,Station 3.4: Robot cell,7783.4,7940.8,8184.4,243.6,243.6,157.4,0
U4886,195,FUSE1,15,Station 5.2: Top cover,7964.4,7964.4,8139.2,174.8,174.8,0.0,0
U4883,195,FUSE1,16,Station 6: Packaging,7982.6,7982.6,8098.6,116.0,116.0,0.0,0
U4890,195,FUSE2,11,Station 4: Inspection,7987.8,7987.8,8105.4,117.6,117.6,0.0,0
U6363,255,FUSE1,4,Station 2.1: Drill station,7889.5,7998.0,8174.8,176.8,176.8,108.5,0
U6355,255,FUSE0,9,Station 3.3: Robot cell,7868.0,8001.2,8244.8,243.6,243.6,133.2,0
U6356,255,FUSE0,7,Station 3.1: Robot cell,7812.6,8008.2,8251.8,243.6,243.6,195.6,0
U6368,255,FUSE1,1,Station 1: Bottom cover,8009.1,8009.1,8121.3,112.2,112.2,0.0,0
U6357,255,FUSE0,6,Station 3: Robot cell,7880.2,8010.4,8254.0,243.6,243.6,130.2,0
U4882,195,FUSE1,17,Station 6.1: Packaging,7983.0,8019.8,8135.8,116.0,116.0,36.8,0
U6369,255,FUSE1,2,Station 1.1: Bottom cover,8051.1,8051.1,8163.3,112.2,112.2,0.0,0
U4887,195,FUSE2,13,Station 5: Top cover,8051.4,8061.6,8236.4,174.8,174.8,10.2,0
U4891,195,FUSE2,12,Station 4.1: Inspection,8079.8,8079.8,8197.4,117.6,117.6,0.0,0
U6364,255,FUSE1,5,Station 2.2: Drill station,7968.3,8082.6,8259.4,176.8,176.8,114.3,0
U4881,195,FUSE1,16,Station 6: Packaging,8020.2,8098.6,8214.6,116.0,116.0,78.4,0
U4888,195,FUSE2,14,Station 5.1: Top cover,8102.0,8102.0,8276.8,174.8,174.8,0.0,0
U6352,255,FUSE0,11,Station 4: Inspection,8049.4,8105.4,8223.0,117.6,117.6,56.0,0
U6365,255,FUSE1,3,Station 2: Drill station,7985.5,8107.2,8284.0,176.8,176.8,121.7,0
U6370,255,FUSE1,1,Station 1: Bottom cover,8129.9,8129.9,8242.1,112.2,112.2,0.0,0
U4889,195,FUSE2,15,Station 5.2: Top cover,8129.0,8139.2,8314.0,174.8,174.8,10.2,0
U4884,195,FUSE1,17,Station 6.1: Packaging,8140.6,8140.6,8256.6,116.0,116.0,0.0,0
U6358,255,FUSE0,8,Station 3.2: Robot cell,8024.8,8152.4,8396.0,243.6,243.6,127.6,0
U6371,255,FUSE1,2,Station 1.1: Bottom cover,8167.1,8167.1,8279.3,112.2,112.2,0.0,0
U6366,255,FUSE1,4,Station 2.1: Drill station,8064.3,8174.8,8351.6,176.8,176.8,110.5,0
U6359,255,FUSE0,10,Station 3.4: Robot cell,8049.4,8184.4,8428.0,243.6,243.6,135.0,0
U4893,195,FUSE2,12,Station 4.1: Inspection,8087.2,8197.4,8315.0,117.6,117.6,110.2,0
U4885,195,FUSE1,16,Station 6: Packaging,8177.8,8214.6,8330.6,116.0,116.0,36.8,0
U4892,195,FUSE2,11,Station 4: Inspection,8100.2,8223.0,8340.6,117.6,117.6,122.8,1
U6360,255,FUSE0,9,Station 3.3: Robot cell,8117.0,8244.8,8488.4,243.6,243.6,127.8,0
U6372,255,FUSE2,1,Station 1: Bottom cover,8245.9,8245.9,8358.1,112.2,112.2,0.0,0
U6361,255,FUSE0,7,Station 3.1: Robot cell,8181.6,8251.8,8495.4,243.6,243.6,70.2,0
U6362,255,FUSE1,6,Station 3: Robot cell,8146.2,8254.0,8559.6,305.6,305.6,107.8,0
U4890,195,FUSE2,13,Station 5: Top cover,8256.4,8256.4,8431.2,174.8,174.8,0.0,0
U4886,195,FUSE1,17,Station 6.1: Packaging,8178.2,8256.6,8372.6,116.0,116.0,78.4,0
U6367,255,FUSE1,5,Station 2.2: Drill station,8146.3,8259.4,8436.2,176.8,176.8,113.1,0
U6368,255,FUSE1,3,Station 2: Drill station,8160.3,8284.0,8460.8,176.8,176.8,123.7,0
U6373,255,FUSE2,2,Station 1.1: Bottom cover,8287.9,8287.9,8400.1,112.2,112.2,0.0,0
U4891,195,FUSE2,14,Station 5.1: Top cover,8308.4,8308.4,8483.2,174.8,174.8,0.0,0
U6353,255,FUSE0,12,Station 4.1: Inspection,8251.4,8315.0,8432.6,117.6,117.6,63.6,0
U6352,255,FUSE0,15,Station 5.2: Top cover,8334.0,8334.0,8508.8,174.8,174.8,0.0,0
U4887,195,FUSE2,16,Station 6: Packaging,8335.4,8335.4,8451.4,116.0,116.0,0.0,0
U6354,255,FUSE0,11,Station 4: Inspection,8303.4,8340.6,8458.2,117.6,117.6,37.2,0
U6369,255,FUSE1,4,Station 2.1: Drill station,8242.3,8351.6,8528.4,176.8,176.8,109.3,0
U6374,255,FUSE2,1,Station 1: Bottom cover,8361.9,8361.9,8474.1,112.2,112.2,0.0,0
U4888,195,FUSE2,17,Station 6.1: Packaging,8335.8,8372.6,8488.6,116.0,116.0,36.8,0
U6363,255,FUSE1,8,Station 3.2: Robot cell,8273.8,8396.0,8701.6,305.6,305.6,122.2,0
U6375,255,FUSE2,2,Station 1.1: Bottom cover,8403.9,8403.9,8516.1,112.2,112.2,0.0,0
U6364,255,FUSE1,10,Station 3.4: Robot cell,8418.4,8428.0,8733.6,305.6,305.6,9.6,0
U6357,255,FUSE0,12,Station 4.1: Inspection,8313.0,8432.6,8550.2,117.6,117.6,119.6,1
U6370,255,FUSE1,5,Station 2.2: Drill station,8321.1,8436.2,8613.0,176.8,176.8,115.1,0
U4893,195,FUSE2,13,Station 5: Top cover,8446.0,8446.0,8620.8,174.8,174.8,0.0,0
U4889,195,FUSE2,16,Station 6: Packaging,8373.0,8451.4,8567.4,116.0,116.0,78.4,0
U6356,255,FUSE0,11,Station 4: Inspection,8310.8,8458.2,8575.8,117.6,117.6,147.4,1
U6371,255,FUSE1,3,Station 2: Drill station,8338.3,8460.8,8637.6,176.8,176.8,122.5,0
U6376,255,FUSE2,1,Station 1: Bottom cover,8482.7,8482.7,8594.9,112.2,112.2,0.0,0
U4892,195,FUSE2,14,Station 5.1: Top cover,8471.6,8483.2,8658.0,174.8,174.8,11.6,0
U6365,255,FUSE1,9,Station 3.3: Robot cell,8383.0,8488.4,8794.0,305.6,305.6,105.4,0
U6366,255,FUSE1,7,Station 3.1: Robot cell,8430.6,8495.4,8801.0,305.6,305.6,64.8,0
U4890,195,FUSE2,17,Station 6.1: Packaging,8510.2,8510.2,8626.2,116.0,116.0,0.0,0
U6377,255,FUSE2,2,Station 1.1: Bottom cover,8519.9,8519.9,8632.1,112.2,112.2,0.0,0
U6353,255,FUSE0,15,Station 5.2: Top cover,8523.6,8523.6,8698.4,174.8,174.8,0.0,0
U6372,255,FUSE2,4,Station 2.1: Drill station,8417.1,8528.4,8705.2,176.8,176.8,111.3,0
U6355,255,FUSE0,12,Station 4.1: Inspection,8363.8,8550.2,8667.8,117.6,117.6,186.4,1
U6367,255,FUSE1,6,Station 3: Robot cell,8515.2,8559.6,8865.2,305.6,305.6,44.4,0
U4891,195,FUSE2,16,Station 6: Packaging,8562.2,8567.4,8683.4,116.0,116.0,5.2,0
U6358,255,FUSE0,11,Station 4: Inspection,8475.0,8575.8,8693.4,117.6,117.6,100.8,0
U6378,255,FUSE2,1,Station 1: Bottom cover,8598.7,8598.7,8710.9,112.2,112.2,0.0,0
U6373,255,FUSE2,5,Station 2.2: Drill station,8499.1,8613.0,8789.8,176.8,176.8,113.9,0
U6354,255,FUSE0,13,Station 5: Top cover,8609.2,8620.8,8795.6,174.8,174.8,11.6,0
U6352,255,FUSE0,17,Station 6.1: Packaging,8547.8,8626.2,8742.2,116.0,116.0,78.4,0
U6374,255,FUSE2,3,Station 2: Drill station,8513.1,8637.6,8814.4,176.8,176.8,124.5,0
U6379,255,FUSE2,2,Station 1.1: Bottom cover,8657.5,8657.5,8769.7,112.2,112.2,0.0,0
U6357,255,FUSE0,14,Station 5.1: Top cover,8661.2,8661.2,8836.0,174.8,174.8,0.0,0
U6359,255,FUSE0,12,Station 4.1: Inspection,8567.0,8667.8,8785.4,117.6,117.6,100.8,0
U6360,255,FUSE0,11,Station 4: Inspection,8587.4,8693.4,8811.0,117.6,117.6,106.0,0
U6356,255,FUSE0,15,Station 5.2: Top cover,8686.8,8698.4,8873.2,174.8,174.8,11.6,0
U6368,255,FUSE1,8,Station 3.2: Robot cell,8539.8,8701.6,9007.2,305.6,305.6,161.8,0
U6375,255,FUSE2,4,Station 2.1: Drill station,8595.1,8705.2,8882.0,176.8,176.8,110.1,0
U6380,255,FUSE2,1,Station 1: Bottom cover,8714.7,8714.7,8826.9,112.2,112.2,0.0,0
U4893,195,FUSE2,16,Station 6: Packaging,8719.8,8719.8,8835.8,116.0,116.0,0.0,0
U6369,255,FUSE1,10,Station 3.4: Robot cell,8667.4,8733.6,9039.2,305.6,305.6,66.2,0
U4892,195,FUSE2,17,Station 6.1: Packaging,8717.0,8742.2,8858.2,116.0,116.0,25.2,0
U6381,255,FUSE2,2,Station 1.1: Bottom cover,8773.5,8773.5,8885.7,112.2,112.2,0.0,0
U6361,255,FUSE0,12,Station 4.1: Inspection,8574.4,8785.4,8903.0,117.6,117.6,211.0,1
U6376,255,FUSE2,5,Station 2.2: Drill station,8673.9,8789.8,8966.6,176.8,176.8,115.9,0
U6370,255,FUSE1,9,Station 3.3: Robot cell,8752.0,8794.0,9099.6,305.6,305.6,42.0,0
U6355,255,FUSE0,13,Station 5: Top cover,8798.8,8798.8,8973.6,174.8,174.8,0.0,0
U6371,255,FUSE1,7,Station 3.1: Robot cell,8696.6,8801.0,9106.6,305.6,305.6,104.4,0
U6362,255,FUSE1,11,Station 4: Inspection,8598.6,8811.0,8928.6,117.6,117.6,212.4,1
U6377,255,FUSE2,3,Station 2: Drill station,8691.1,8814.4,8991.2,176.8,176.8,123.3,0
U6353,255,FUSE0,16,Station 6: Packaging,8757.4,8835.8,8951.8,116.0,116.0,78.4,0
U6358,255,FUSE0,14,Station 5.1: Top cover,8824.4,8836.0,9010.8,174.8,174.8,11.6,0
U6372,255,FUSE2,6,Station 3: Robot cell,8764.2,8865.2,9203.2,338.0,338.0,101.0,0
U5947,238,FUSE0,1,Station 1: Bottom cover,8867.1,8867.1,8979.3,112.2,112.2,0.0,0
U6354,255,FUSE0,17,Station 6.1: Packaging,8874.6,8874.6,8990.6,116.0,116.0,0.0,0
U6359,255,FUSE0,15,Station 5.2: Top cover,8876.4,8876.4,9051.2,174.8,174.8,0.0,0
U6378,255,FUSE2,4,Station 2.1: Drill station,8769.9,8882.0,9058.8,176.8,176.8,112.1,0
U5948,238,FUSE0,2,Station 1.1: Bottom cover,8889.5,8889.5,9001.7,112.2,112.2,0.0,0
U6363,255,FUSE1,12,Station 4.1: Inspection,8800.6,8903.0,9020.6,117.6,117.6,102.4,0
U6364,255,FUSE1,11,Station 4: Inspection,8852.6,8928.6,9046.2,117.6,117.6,76.0,0
U6357,255,FUSE0,16,Station 6: Packaging,8915.0,8951.8,9067.8,116.0,116.0,36.8,0
U6379,255,FUSE2,5,Station 2.2: Drill station,8868.7,8966.6,9143.4,176.8,176.8,97.9,0
U6360,255,FUSE0,13,Station 5: Top cover,8962.0,8973.6,9148.4,174.8,174.8,11.6,0
U5949,238,FUSE0,1,Station 1: Bottom cover,8983.1,8983.1,9095.3,112.2,112.2,0.0,0
U6356,255,FUSE0,17,Station 6.1: Packaging,8912.2,8990.6,9106.6,116.0,116.0,78.4,0
U6380,255,FUSE2,3,Station 2: Drill station,8865.9,8991.2,9168.0,176.8,176.8,125.3,0
U6373,255,FUSE2,8,Station 3.2: Robot cell,8908.8,9007.2,9345.2,338.0,338.0,98.4,0
U6361,255,FUSE0,14,Station 5.1: Top cover,9014.0,9014.0,9188.8,174.8,174.8,0.0,0
U6365,255,FUSE1,12,Station 4.1: Inspection,8913.0,9020.6,9138.2,117.6,117.6,107.6,0
U5950,238,FUSE0,2,Station 1.1: Bottom cover,9021.9,9021.9,9134.1,112.2,112.2,0.0,0
U6374,255,FUSE2,10,Station 3.4: Robot cell,8933.4,9039.2,9377.2,338.0,338.0,105.8,0
U6366,255,FUSE1,11,Station 4: Inspection,8860.0,9046.2,9163.8,117.6,117.6,186.2,1
U6362,255,FUSE1,15,Station 5.2: Top cover,9039.6,9051.2,9226.0,174.8,174.8,11.6,0
U6381,255,FUSE2,4,Station 2.1: Drill station,8964.7,9058.8,9235.6,176.8,176.8,94.1,0
U6355,255,FUSE0,16,Station 6: Packaging,9072.6,9072.6,9188.6,116.0,116.0,0.0,0
U5951,238,FUSE0,1,Station 1: Bottom cover,9099.1,9099.1,9211.3,112.2,112.2,0.0,0
U6375,255,FUSE2,9,Station 3.3: Robot cell,9001.0,9099.6,9437.6,338.0,338.0,98.6,0
U6358,255,FUSE0,17,Station 6.1: Packaging,9069.8,9106.6,9222.6,116.0,116.0,36.8,0
U6376,255,FUSE2,7,Station 3.1: Robot cell,9065.6,9106.6,9444.6,338.0,338.0,41.0,0
U5952,238,FUSE0,2,Station 1.1: Bottom cover,9137.9,9137.9,9250.1,112.2,112.2,0.0,0
U6367,255,FUSE1,12,Station 4.1: Inspection,8924.2,9138.2,9255.8,117.6,117.6,214.0,1
U5947,238,FUSE0,5,Station 2.2: Drill station,9058.3,9143.4,9320.2,176.8,176.8,85.1,0
U6363,255,FUSE1,13,Station 5: Top cover,9151.6,9151.6,9326.4,174.8,174.8,0.0,0
U6368,255,FUSE1,11,Station 4: Inspection,9086.2,9163.8,9281.4,117.6,117.6,77.6,0
U5948,238,FUSE0,3,Station 2: Drill station,9060.7,9168.0,9344.8,176.8,176.8,107.3,0
U6359,255,FUSE0,16,Station 6: Packaging,9110.2,9188.6,9304.6,116.0,116.0,78.4,0
U6364,255,FUSE1,14,Station 5.1: Top cover,9177.2,9188.8,9363.6,174.8,174.8,11.6,0
U6377,255,FUSE2,6,Station 3: Robot cell,9030.2,9203.2,9541.2,338.0,338.0,173.0,0
U5953,238,FUSE0,1,Station 1: Bottom cover,9219.9,9219.9,9332.1,112.2,112.2,0.0,0
U6360,255,FUSE0,17,Station 6.1: Packaging,9227.4,9227.4,9343.4,116.0,116.0,0.0,0
U6365,255,FUSE1,15,Station 5.2: Top cover,9229.2,9229.2,9404.0,174.8,174.8,0.0,0
U5949,238,FUSE0,4,Station 2.1: Drill station,9154.3,9235.6,9412.4,176.8,176.8,81.3,0
U5954,238,FUSE0,2,Station 1.1: Bottom cover,9253.9,9253.9,9366.1,112.2,112.2,0.0,0
U6369,255,FUSE1,12,Station 4.1: Inspection,9178.2,9255.8,9373.4,117.6,117.6,77.6,0
U6370,255,FUSE1,11,Station 4: Inspection,9198.6,9281.4,9399.0,117.6,117.6,82.8,0
U6361,255,FUSE0,16,Station 6: Packaging,9267.8,9304.6,9420.6,116.0,116.0,36.8,0
U5950,238,FUSE0,5,Station 2.2: Drill station,9233.1,9320.2,9497.0,176.8,176.8,87.1,0
U6366,255,FUSE1,13,Station 5: Top cover,9314.8,9326.4,9501.2,174.8,174.8,11.6,0
U5955,238,FUSE0,1,Station 1: Bottom cover,9335.9,9335.9,9448.1,112.2,112.2,0.0,0
U6362,255,FUSE1,17,Station 6.1: Packaging,9265.0,9343.4,9459.4,116.0,116.0,78.4,0
U5951,238,FUSE0,3,Station 2: Drill station,9250.3,9344.8,9521.6,176.8,176.8,94.5,0
U6378,255,FUSE2,8,Station 3.2: Robot cell,9157.8,9345.2,9683.2,338.0,338.0,187.4,0
U6367,255,FUSE1,14,Station 5.1: Top cover,9366.8,9366.8,9541.6,174.8,174.8,0.0,0
U6371,255,FUSE1,12,Station 4.1: Inspection,9185.6,9373.4,9491.0,117.6,117.6,187.8,1
U5956,238,FUSE1,2,Station 1.1: Bottom cover,9374.7,9374.7,9486.9,112.2,112.2,0.0,0
U6379,255,FUSE2,10,Station 3.4: Robot cell,9302.4,9377.2,9715.2,338.0,338.0,74.8,0
U6372,255,FUSE2,11,Station 4: Inspection,9242.2,9399.0,9516.6,117.6,117.6,156.8,1
U6368,255,FUSE1,15,Station 5.2: Top cover,9392.4,9404.0,9578.8,174.8,174.8,11.6,0
U5952,238,FUSE0,4,Station 2.1: Drill station,9329.1,9412.4,9589.2,176.8,176.8,83.3,0
U6363,255,FUSE1,16,Station 6: Packaging,9425.4,9425.4,9541.4,116.0,116.0,0.0,0
U6380,255,FUSE2,9,Station 3.3: Robot cell,9267.0,9437.6,9775.6,338.0,338.0,170.6,0
U6381,255,FUSE2,7,Station 3.1: Robot cell,9314.6,9444.6,9782.6,338.0,338.0,130.0,0
U5957,238,FUSE1,1,Station 1: Bottom cover,9451.9,9451.9,9564.1,112.2,112.2,0.0,0
U6364,255,FUSE1,17,Station 6.1: Packaging,9422.6,9459.4,9575.4,116.0,116.0,36.8,0
U5958,238,FUSE1,2,Station 1.1: Bottom cover,9490.7,9490.7,9602.9,112.2,112.2,0.0,0
U6373,255,FUSE2,12,Station 4.1: Inspection,9444.2,9491.0,9608.6,117.6,117.6,46.8,0
U5953,238,FUSE0,5,Station 2.2: Drill station,9411.1,9497.0,9673.8,176.8,176.8,85.9,0
U6369,255,FUSE1,13,Station 5: Top cover,9504.4,9504.4,9679.2,174.8,174.8,0.0,0
U6374,255,FUSE2,11,Station 4: Inspection,9496.2,9516.6,9634.2,117.6,117.6,20.4,0
U5954,238,FUSE0,3,Station 2: Drill station,9425.1,9521.6,9698.4,176.8,176.8,96.5,0
U5947,238,FUSE0,6,Station 3: Robot cell,9399.2,9541.2,9784.8,243.6,243.6,142.0,0
U6365,255,FUSE1,16,Station 6: Packaging,9463.0,9541.4,9657.4,116.0,116.0,78.4,0
U6370,255,FUSE1,14,Station 5.1: Top cover,9530.0,9541.6,9716.4,174.8,174.8,11.6,0
U5959,238,FUSE1,1,Station 1: Bottom cover,9572.7,9572.7,9684.9,112.2,112.2,0.0,0
U6366,255,FUSE1,17,Station 6.1: Packaging,9580.2,9580.2,9696.2,116.0,116.0,0.0,0
U6371,255,FUSE1,15,Station 5.2: Top cover,9582.0,9582.0,9756.8,174.8,174.8,0.0,0
U5955,238,FUSE0,4,Station 2.1: Drill station,9507.1,9589.2,9766.0,176.8,176.8,82.1,0
U5960,238,FUSE1,2,Station 1.1: Bottom cover,9606.7,9606.7,9718.9,112.2,112.2,0.0,0
U6375,255,FUSE2,12,Station 4.1: Inspection,9556.6,9608.6,9726.2,117.6,117.6,52.0,0
U6376,255,FUSE2,11,Station 4: Inspection,9503.6,9634.2,9751.8,117.6,117.6,130.6,1
U6367,255,FUSE1,16,Station 6: Packaging,9620.6,9657.4,9773.4,116.0,116.0,36.8,0
U5956,238,FUSE1,5,Station 2.2: Drill station,9585.9,9673.8,9850.6,176.8,176.8,87.9,0
U6372,255,FUSE2,13,Station 5: Top cover,9667.6,9679.2,9854.0,174.8,174.8,11.6,0
U5948,238,FUSE0,8,Station 3.2: Robot cell,9423.8,9683.2,9926.8,243.6,243.6,259.4,0
U5961,238,FUSE1,1,Station 1: Bottom cover,9688.7,9688.7,9800.9,112.2,112.2,0.0,0
U6368,255,FUSE1,17,Station 6.1: Packaging,9617.8,9696.2,9812.2,116.0,116.0,78.4,0
U5957,238,FUSE1,3,Station 2: Drill station,9603.1,9698.4,9875.2,176.8,176.8,95.3,0
U5949,238,FUSE0,10,Station 3.4: Robot cell,9551.4,9715.2,9958.8,243.6,243.6,163.8,0
U6373,255,FUSE2,14,Station 5.1: Top cover,9719.6,9719.6,9894.4,174.8,174.8,0.0,0
U6377,255,FUSE2,12,Station 4.1: Inspection,9600.2,9726.2,9843.8,117.6,117.6,126.0,1
U5962,238,FUSE1,2,Station 1.1: Bottom cover,9727.5,9727.5,9839.7,112.2,112.2,0.0,0
U6374,255,FUSE2,15,Station 5.2: Top cover,9745.2,9756.8,9931.6,174.8,174.8,11.6,0
U6378,255,FUSE2,11,Station 4: Inspection,9762.2,9762.2,9879.8,117.6,117.6,0.0,0
U5958,238,FUSE1,4,Station 2.1: Drill station,9681.9,9766.0,9942.8,176.8,176.8,84.1,0
U5950,238,FUSE0,9,Station 3.3: Robot cell,9636.0,9775.6,10019.2,243.6,243.6,139.6,0
U6369,255,FUSE1,16,Station 6: Packaging,9778.2,9778.2,9894.2,116.0,116.0,0.0,0
U5951,238,FUSE0,7,Station 3.1: Robot cell,9580.6,9782.6,10026.2,243.6,243.6,202.0,0
U5952,238,FUSE0,6,Station 3: Robot cell,9648.2,9784.8,10028.4,243.6,243.6,136.6,0
U5963,238,FUSE1,1,Station 1: Bottom cover,9804.7,9804.7,9916.9,112.2,112.2,0.0,0
U6370,255,FUSE1,17,Station 6.1: Packaging,9775.4,9812.2,9928.2,116.0,116.0,36.8,0
U5964,238,FUSE2,2,Station 1.1: Bottom cover,9843.5,9843.5,9955.7,112.2,112.2,0.0,0
U5959,238,FUSE1,5,Station 2.2: Drill station,9763.9,9850.6,10027.4,176.8,176.8,86.7,0
U6379,255,FUSE2,12,Station 4.1: Inspection,9854.2,9854.2,9971.8,117.6,117.6,0.0,0
U6375,255,FUSE2,13,Station 5: Top cover,9857.2,9857.2,10032.0,174.8,174.8,0.0,0
U5960,238,FUSE1,3,Station 2: Drill station,9777.9,9875.2,10052.0,176.8,176.8,97.3,0
U5947,238,FUSE0,11,Station 4: Inspection,9823.8,9879.8,9997.4,117.6,117.6,56.0,0
U6371,255,FUSE1,16,Station 6: Packaging,9815.8,9894.2,10010.2,116.0,116.0,78.4,0
U6376,255,FUSE2,14,Station 5.1: Top cover,9882.8,9894.4,10069.2,174.8,174.8,11.6,0
U5965,238,FUSE2,1,Station 1: Bottom cover,9925.5,9925.5,10037.7,112.2,112.2,0.0,0
U5953,238,FUSE0,8,Station 3.2: Robot cell,9792.8,9926.8,10170.4,243.6,243.6,134.0,0
U6372,255,FUSE2,17,Station 6.1: Packaging,9933.0,9933.0,10049.0,116.0,116.0,0.0,0
U6377,255,FUSE2,15,Station 5.2: Top cover,9934.8,9934.8,10109.6,174.8,174.8,0.0,0
U5961,238,FUSE1,4,Station 2.1: Drill station,9859.9,9942.8,10119.6,176.8,176.8,82.9,0
U5954,238,FUSE0,10,Station 3.4: Robot cell,9817.4,9958.8,10202.4,243.6,243.6,141.4,0
U5966,238,FUSE2,2,Station 1.1: Bottom cover,9959.5,9959.5,10071.7,112.2,112.2,0.0,0
U6381,255,FUSE2,12,Station 4.1: Inspection,9861.6,9971.8,10089.4,117.6,117.6,110.2,0
U6380,255,FUSE2,11,Station 4: Inspection,9874.6,9997.4,10115.0,117.6,117.6,122.8,1
U6373,255,FUSE2,16,Station 6: Packaging,9973.4,10010.2,10126.2,116.0,116.0,36.8,0
U5955,238,FUSE0,9,Station 3.3: Robot cell,9885.0,10019.2,10262.8,243.6,243.6,134.2,0
U5956,238,FUSE1,7,Station 3.1: Robot cell,9949.6,10026.2,10331.8,305.6,305.6,76.6,0
U5962,238,FUSE1,5,Station 2.2: Drill station,9938.7,10027.4,10204.2,176.8,176.8,88.7,0
U5957,238,FUSE1,6,Station 3: Robot cell,9914.2,10028.4,10334.0,305.6,305.6,114.2,0
U6378,255,FUSE2,13,Station 5: Top cover,10030.8,10032.0,10206.8,174.8,174.8,1.2,0
U5967,238,FUSE2,1,Station 1: Bottom cover,10041.5,10041.5,10153.7,112.2,112.2,0.0,0
U6374,255,FUSE2,17,Station 6.1: Packaging,9970.6,10049.0,10165.0,116.0,116.0,78.4,0
U5963,238,FUSE1,3,Station 2: Drill station,9955.9,10052.0,10228.8,176.8,176.8,96.1,0
U5968,238,FUSE2,2,Station 1.1: Bottom cover,10080.3,10080.3,10192.5,112.2,112.2,0.0,0
U6379,255,FUSE2,14,Station 5.1: Top cover,10082.8,10082.8,10257.6,174.8,174.8,0.0,0
U5948,238,FUSE0,12,Station 4.1: Inspection,10025.8,10089.4,10207.0,117.6,117.6,63.6,0
U5947,238,FUSE0,15,Station 5.2: Top cover,10108.4,10109.6,10284.4,174.8,174.8,1.2,0
U5949,238,FUSE0,11,Station 4: Inspection,10077.8,10115.0,10232.6,117.6,117.6,37.2,0
U5964,238,FUSE2,4,Station 2.1: Drill station,10034.7,10119.6,10296.4,176.8,176.8,84.9,0
U6375,255,FUSE2,16,Station 6: Packaging,10131.0,10131.0,10247.0,116.0,116.0,0.0,0
U5969,238,FUSE2,1,Station 1: Bottom cover,10157.5,10157.5,10269.7,112.2,112.2,0.0,0
U6376,255,FUSE2,17,Station 6.1: Packaging,10128.2,10165.0,10281.0,116.0,116.0,36.8,0
U5958,238,FUSE1,8,Station 3.2: Robot cell,10041.8,10170.4,10476.0,305.6,305.6,128.6,0
U5970,238,FUSE2,2,Station 1.1: Bottom cover,10196.3,10196.3,10308.5,112.2,112.2,0.0,0
U5959,238,FUSE1,10,Station 3.4: Robot cell,10186.4,10202.4,10508.0,305.6,305.6,16.0,0
U5965,238,FUSE2,5,Station 2.2: Drill station,10116.7,10204.2,10381.0,176.8,176.8,87.5,0
U5952,238,FUSE0,12,Station 4.1: Inspection,10087.4,10207.0,10324.6,117.6,117.6,119.6,1
U6381,255,FUSE2,13,Station 5: Top cover,10220.4,10220.4,10395.2,174.8,174.8,0.0,0
U5966,238,FUSE2,3,Station 2: Drill station,10130.7,10228.8,10405.6,176.8,176.8,98.1,0
U5951,238,FUSE0,11,Station 4: Inspection,10085.2,10232.6,10350.2,117.6,117.6,147.4,1
U6377,255,FUSE2,16,Station 6: Packaging,10168.6,10247.0,10363.0,116.0,116.0,78.4,0
U6380,255,FUSE2,14,Station 5.1: Top cover,10246.0,10257.6,10432.4,174.8,174.8,11.6,0
U5960,238,FUSE1,9,Station 3.3: Robot cell,10151.0,10262.8,10568.4,305.6,305.6,111.8,0
U5971,238,FUSE2,1,Station 1: Bottom cover,10278.3,10278.3,10390.5,112.2,112.2,0.0,0
U6378,255,FUSE2,17,Station 6.1: Packaging,10285.8,10285.8,10401.8,116.0,116.0,0.0,0
U5967,238,FUSE2,4,Station 2.1: Drill station,10212.7,10296.4,10473.2,176.8,176.8,83.7,0
U5948,238,FUSE0,15,Station 5.2: Top cover,10298.0,10298.0,10472.8,174.8,174.8,0.0,0
U5972,238,FUSE2,2,Station 1.1: Bottom cover,10312.3,10312.3,10424.5,112.2,112.2,0.0,0
U5950,238,FUSE0,12,Station 4.1: Inspection,10138.2,10324.6,10442.2,117.6,117.6,186.4,1
U5961,238,FUSE1,7,Station 3.1: Robot cell,10198.6,10331.8,10637.4,305.6,305.6,133.2,0
U5962,238,FUSE1,6,Station 3: Robot cell,10283.2,10334.0,10639.6,305.6,305.6,50.8,0
U5953,238,FUSE0,11,Station 4: Inspection,10249.4,10350.2,10467.8,117.6,117.6,100.8,0
U6379,255,FUSE2,16,Station 6: Packaging,10336.6,10363.0,10479.0,116.0,116.0,26.4,0
U5968,238,FUSE2,5,Station 2.2: Drill station,10291.5,10381.0,10557.8,176.8,176.8,89.5,0
U7884,316,FUSE0,1,Station 1: Bottom cover,10394.3,10394.3,10506.5,112.2,112.2,0.0,0
U5949,238,FUSE0,13,Station 5: Top cover,10383.6,10395.2,10570.0,174.8,174.8,11.6,0
U5947,238,FUSE0,17,Station 6.1: Packaging,10323.4,10401.8,10517.8,116.0,116.0,78.4,0
U5969,238,FUSE2,3,Station 2: Drill station,10308.7,10405.6,10582.4,176.8,176.8,96.9,0
U7885,316,FUSE0,2,Station 1.1: Bottom cover,10433.1,10433.1,10545.3,112.2,112.2,0.0,0
U5952,238,FUSE0,14,Station 5.1: Top cover,10435.6,10435.6,10610.4,174.8,174.8,0.0,0
U5954,238,FUSE0,12,Station 4.1: Inspection,10341.4,10442.2,10559.8,117.6,117.6,100.8,0
U5955,238,FUSE0,11,Station 4: Inspection,10361.8,10467.8,10585.4,117.6,117.6,106.0,0
U5951,238,FUSE0,15,Station 5.2: Top cover,10461.2,10472.8,10647.6,174.8,174.8,11.6,0
U5970,238,FUSE2,4,Station 2.1: Drill station,10387.5,10473.2,10650.0,176.8,176.8,85.7,0
U5963,238,FUSE1,8,Station 3.2: Robot cell,10307.8,10476.0,10781.6,305.6,305.6,168.2,0
U6381,255,FUSE2,16,Station 6: Packaging,10494.2,10494.2,10610.2,116.0,116.0,0.0,0
U5964,238,FUSE2,10,Station 3.4: Robot cell,10435.4,10508.0,10846.0,338.0,338.0,72.6,0
U7886,316,FUSE0,1,Station 1: Bottom cover,10510.3,10510.3,10622.5,112.2,112.2,0.0,0
U6380,255,FUSE2,17,Station 6.1: Packaging,10491.4,10517.8,10633.8,116.0,116.0,26.4,0
U7887,316,FUSE0,2,Station 1.1: Bottom cover,10549.1,10549.1,10661.3,112.2,112.2,0.0,0
U5971,238,FUSE2,5,Station 2.2: Drill station,10469.5,10557.8,10734.6,176.8,176.8,88.3,0
U5956,238,FUSE1,12,Station 4.1: Inspection,10410.8,10559.8,10677.4,117.6,117.6,149.0,1
U5965,238,FUSE2,9,Station 3.3: Robot cell,10520.0,10568.4,10906.4,338.0,338.0,48.4,0
U5950,238,FUSE0,13,Station 5: Top cover,10573.2,10573.2,10748.0,174.8,174.8,0.0,0
U5972,238,FUSE2,3,Station 2: Drill station,10483.5,10582.4,10759.2,176.8,176.8,98.9,0
U5957,238,FUSE1,11,Station 4: Inspection,10373.0,10585.4,10703.0,117.6,117.6,212.4,1
U5948,238,FUSE0,16,Station 6: Packaging,10531.8,10610.2,10726.2,116.0,116.0,78.4,0
U5953,238,FUSE0,14,Station 5.1: Top cover,10598.8,10610.4,10785.2,174.8,174.8,11.6,0
U5966,238,FUSE2,7,Station 3.1: Robot cell,10464.6,10637.4,10975.4,338.0,338.0,172.8,0
U5967,238,FUSE2,6,Station 3: Robot cell,10532.2,10639.6,10977.6,338.0,338.0,107.4,0
U7888,316,FUSE0,1,Station 1: Bottom cover,10641.5,10641.5,10753.7,112.2,112.2,0.0,0
U5949,238,FUSE0,17,Station 6.1: Packaging,10649.0,10649.0,10765.0,116.0,116.0,0.0,0
U7884,316,FUSE0,4,Station 2.1: Drill station,10565.5,10650.0,10826.8,176.8,176.8,84.5,0
U5954,238,FUSE0,15,Station 5.2: Top cover,10650.8,10650.8,10825.6,174.8,174.8,0.0,0
U7889,316,FUSE0,2,Station 1.1: Bottom cover,10665.1,10665.1,10777.3,112.2,112.2,0.0,0
U5958,238,FUSE1,12,Station 4.1: Inspection,10575.0,10677.4,10795.0,117.6,117.6,102.4,0
U5959,238,FUSE1,11,Station 4: Inspection,10627.0,10703.0,10820.6,117.6,117.6,76.0,0
U5952,238,FUSE0,16,Station 6: Packaging,10689.4,10726.2,10842.2,116.0,116.0,36.8,0
U7885,316,FUSE0,5,Station 2.2: Drill station,10644.3,10734.6,10911.4,176.8,176.8,90.3,0
U5955,238,FUSE0,13,Station 5: Top cover,10736.4,10748.0,10922.8,174.8,174.8,11.6,0
U7890,316,FUSE0,1,Station 1: Bottom cover,10757.5,10757.5,10869.7,112.2,112.2,0.0,0
U7886,316,FUSE0,3,Station 2: Drill station,10661.5,10759.2,10936.0,176.8,176.8,97.7,0
U5951,238,FUSE0,17,Station 6.1: Packaging,10686.6,10765.0,10881.0,116.0,116.0,78.4,0
U5968,238,FUSE2,8,Station 3.2: Robot cell,10676.8,10781.6,11119.6,338.0,338.0,104.8,0
U5956,238,FUSE1,14,Station 5.1: Top cover,10788.4,10788.4,10963.2,174.8,174.8,0.0,0
U5960,238,FUSE1,12,Station 4.1: Inspection,10687.4,10795.0,10912.6,117.6,117.6,107.6,0
U7891,316,FUSE1,2,Station 1.1: Bottom cover,10796.3,10796.3,10908.5,112.2,112.2,0.0,0
U5961,238,FUSE1,11,Station 4: Inspection,10696.4,10820.6,10938.2,117.6,117.6,124.2,1
U5957,238,FUSE1,15,Station 5.2: Top cover,10814.0,10825.6,11000.4,174.8,174.8,11.6,0
U7887,316,FUSE0,4,Station 2.1: Drill station,10740.3,10826.8,11003.6,176.8,176.8,86.5,0
U5969,238,FUSE2,10,Station 3.4: Robot cell,10701.4,10846.0,11184.0,338.0,338.0,144.6,0
U5950,238,FUSE0,16,Station 6: Packaging,10847.0,10847.0,10963.0,116.0,116.0,0.0,0
U7892,316,FUSE1,1,Station 1: Bottom cover,10873.5,10873.5,10985.7,112.2,112.2,0.0,0
U5953,238,FUSE0,17,Station 6.1: Packaging,10844.2,10881.0,10997.0,116.0,116.0,36.8,0
U5970,238,FUSE2,9,Station 3.3: Robot cell,10769.0,10906.4,11244.4,338.0,338.0,137.4,0
U7888,316,FUSE0,5,Station 2.2: Drill station,10832.7,10911.4,11088.2,176.8,176.8,78.7,0
U7893,316,FUSE1,2,Station 1.1: Bottom cover,10912.3,10912.3,11024.5,112.2,112.2,0.0,0
U5962,238,FUSE1,12,Station 4.1: Inspection,10698.6,10912.6,11030.2,117.6,117.6,214.0,1
U5958,238,FUSE1,13,Station 5: Top cover,10926.0,10926.0,11100.8,174.8,174.8,0.0,0
U7889,316,FUSE0,3,Station 2: Drill station,10836.3,10936.0,11112.8,176.8,176.8,99.7,0
U5963,238,FUSE1,11,Station 4: Inspection,10860.6,10938.2,11055.8,117.6,117.6,77.6,0
U5954,238,FUSE0,16,Station 6: Packaging,10884.6,10963.0,11079.0,116.0,116.0,78.4,0
U5959,238,FUSE1,14,Station 5.1: Top cover,10951.6,10963.2,11138.0,174.8,174.8,11.6,0
U5971,238,FUSE2,7,Station 3.1: Robot cell,10833.6,10975.4,11313.4,338.0,338.0,141.8,0
U5972,238,FUSE2,6,Station 3: Robot cell,10798.2,10977.6,11315.6,338.0,338.0,179.4,0
U7894,316,FUSE1,1,Station 1: Bottom cover,10994.3,10994.3,11106.5,112.2,112.2,0.0,0
U5955,238,FUSE0,17,Station 6.1: Packaging,11001.8,11001.8,11117.8,116.0,116.0,0.0,0
U5960,238,FUSE1,15,Station 5.2: Top cover,11003.6,11003.6,11178.4,174.8,174.8,0.0,0
U7890,316,FUSE0,4,Station 2.1: Drill station,10928.7,11003.6,11180.4,176.8,176.8,74.9,0
U7895,316,FUSE1,2,Station 1.1: Bottom cover,11028.3,11028.3,11140.5,112.2,112.2,0.0,0
U5964,238,FUSE2,12,Station 4.1: Inspection,10985.0,11030.2,11147.8,117.6,117.6,45.2,0
U5965,238,FUSE2,11,Station 4: Inspection,11005.4,11055.8,11173.4,117.6,117.6,50.4,0
U5956,238,FUSE1,16,Station 6: Packaging,11042.2,11079.0,11195.0,116.0,116.0,36.8,0
U7891,316,FUSE1,5,Station 2.2: Drill station,11007.5,11088.2,11265.0,176.8,176.8,80.7,0
U5961,238,FUSE1,13,Station 5: Top cover,11089.2,11100.8,11275.6,174.8,174.8,11.6,0
U7896,316,FUSE1,1,Station 1: Bottom cover,11110.3,11110.3,11222.5,112.2,112.2,0.0,0
U7892,316,FUSE1,3,Station 2: Drill station,11024.7,11112.8,11289.6,176.8,176.8,88.1,0
U5957,238,FUSE1,17,Station 6.1: Packaging,11039.4,11117.8,11233.8,116.0,116.0,78.4,0
U7884,316,FUSE0,8,Station 3.2: Robot cell,10925.8,11119.6,11363.2,243.6,243.6,193.8,0
U5962,238,FUSE1,14,Station 5.1: Top cover,11141.2,11141.2,11316.0,174.8,174.8,0.0,0
U5966,238,FUSE2,12,Station 4.1: Inspection,11054.4,11147.8,11265.4,117.6,117.6,93.4,0
U7897,316,FUSE1,2,Station 1.1: Bottom cover,11149.1,11149.1,11261.3,112.2,112.2,0.0,0
U5967,238,FUSE2,11,Station 4: Inspection,11016.6,11173.4,11291.0,117.6,117.6,156.8,1
U5963,238,FUSE1,15,Station 5.2: Top cover,11166.8,11178.4,11353.2,174.8,174.8,11.6,0
U7893,316,FUSE1,4,Station 2.1: Drill station,11103.5,11180.4,11357.2,176.8,176.8,76.9,0
U7885,316,FUSE0,10,Station 3.4: Robot cell,11070.4,11184.0,11427.6,243.6,243.6,113.6,0
U5958,238,FUSE1,16,Station 6: Packaging,11199.8,11199.8,11315.8,116.0,116.0,0.0,0
U7898,316,FUSE2,1,Station 1: Bottom cover,11226.3,11226.3,11338.5,112.2,112.2,0.0,0
U5959,238,FUSE1,17,Station 6.1: Packaging,11197.0,11233.8,11349.8,116.0,116.0,36.8,0
U7886,316,FUSE0,9,Station 3.3: Robot cell,11035.0,11244.4,11488.0,243.6,243.6,209.4,0
U7894,316,FUSE1,5,Station 2.2: Drill station,11185.5,11265.0,11441.8,176.8,176.8,79.5,0
U7899,316,FUSE2,2,Station 1.1: Bottom cover,11265.1,11265.1,11377.3,112.2,112.2,0.0,0
U5968,238,FUSE2,12,Station 4.1: Inspection,11218.6,11265.4,11383.0,117.6,117.6,46.8,0
U5964,238,FUSE2,13,Station 5: Top cover,11278.8,11278.8,11453.6,174.8,174.8,0.0,0
U7895,316,FUSE1,3,Station 2: Drill station,11199.5,11289.6,11466.4,176.8,176.8,90.1,0
U5969,238,FUSE2,11,Station 4: Inspection,11303.0,11303.0,11420.6,117.6,117.6,0.0,0
U7887,316,FUSE0,7,Station 3.1: Robot cell,11082.6,11313.4,11557.0,243.6,243.6,230.8,0
U7888,316,FUSE0,6,Station 3: Robot cell,11167.2,11315.6,11559.2,243.6,243.6,148.4,0
U5960,238,FUSE1,16,Station 6: Packaging,11237.4,11315.8,11431.8,116.0,116.0,78.4,0
U5965,238,FUSE2,14,Station 5.1: Top cover,11304.4,11316.0,11490.8,174.8,174.8,11.6,0
U7900,316,FUSE2,1,Station 1: Bottom cover,11347.1,11347.1,11459.3,112.2,112.2,0.0,0
U5961,238,FUSE1,17,Station 6.1: Packaging,11354.6,11354.6,11470.6,116.0,116.0,0.0,0
U5966,238,FUSE2,15,Station 5.2: Top cover,11356.4,11356.4,11531.2,174.8,174.8,0.0,0
U7896,316,FUSE1,4,Station 2.1: Drill station,11281.5,11357.2,11534.0,176.8,176.8,75.7,0
U7889,316,FUSE0,8,Station 3.2: Robot cell,11191.8,11363.2,11606.8,243.6,243.6,171.4,0
U7901,316,FUSE2,2,Station 1.1: Bottom cover,11381.1,11381.1,11493.3,112.2,112.2,0.0,0
U5970,238,FUSE2,12,Station 4.1: Inspection,11363.4,11383.0,11500.6,117.6,117.6,19.6,0
U5971,238,FUSE2,11,Station 4: Inspection,11372.4,11420.6,11538.2,117.6,117.6,48.2,0
U7890,316,FUSE0,10,Station 3.4: Robot cell,11319.4,11427.6,11671.2,243.6,243.6,108.2,0
U5962,238,FUSE1,16,Station 6: Packaging,11395.0,11431.8,11547.8,116.0,116.0,36.8,0
U7897,316,FUSE1,5,Station 2.2: Drill station,11360.3,11441.8,11618.6,176.8,176.8,81.5,0
U5967,238,FUSE2,13,Station 5: Top cover,11442.0,11453.6,11628.4,174.8,174.8,11.6,0
U7902,316,FUSE2,1,Station 1: Bottom cover,11463.1,11463.1,11575.3,112.2,112.2,0.0,0
U7898,316,FUSE2,3,Station 2: Drill station,11377.5,11466.4,11643.2,176.8,176.8,88.9,0
U5963,238,FUSE1,17,Station 6.1: Packaging,11392.2,11470.6,11586.6,116.0,116.0,78.4,0
U7891,316,FUSE1,9,Station 3.3: Robot cell,11404.0,11488.0,11793.6,305.6,305.6,84.0,0
U5968,238,FUSE2,14,Station 5.1: Top cover,11494.0,11494.0,11668.8,174.8,174.8,0.0,0
U5972,238,FUSE2,12,Station 4.1: Inspection,11374.6,11500.6,11618.2,117.6,117.6,126.0,1
U7903,316,FUSE2,2,Station 1.1: Bottom cover,11501.9,11501.9,11614.1,112.2,112.2,0.0,0
U5969,238,FUSE2,15,Station 5.2: Top cover,11531.6,11531.6,11706.4,174.8,174.8,0.0,0
U7899,316,FUSE2,4,Station 2.1: Drill station,11456.3,11534.0,11710.8,176.8,176.8,77.7,0
U7884,316,FUSE0,11,Station 4: Inspection,11442.2,11538.2,11655.8,117.6,117.6,96.0,0
U5964,238,FUSE2,16,Station 6: Packaging,11552.6,11552.6,11668.6,116.0,116.0,0.0,0
U7892,316,FUSE1,7,Station 3.1: Robot cell,11348.6,11557.0,11862.6,305.6,305.6,208.4,0
U7893,316,FUSE1,6,Station 3: Robot cell,11416.2,11559.2,11864.8,305.6,305.6,143.0,0
U7904,316,FUSE2,1,Station 1: Bottom cover,11579.1,11579.1,11691.3,112.2,112.2,0.0,0
U5965,238,FUSE2,17,Station 6.1: Packaging,11549.8,11586.6,11702.6,116.0,116.0,36.8,0
U7894,316,FUSE1,8,Station 3.2: Robot cell,11560.8,11606.8,11912.4,305.6,305.6,46.0,0
U1713,69,FUSE0,2,Station 1.1: Bottom cover,11617.9,11617.9,11730.1,112.2,112.2,0.0,0
U7885,316,FUSE0,12,Station 4.1: Inspection,11566.6,11618.2,11735.8,117.6,117.6,51.6,0
U7900,316,FUSE2,5,Station 2.2: Drill station,11538.3,11618.6,11795.4,176.8,176.8,80.3,0
U5970,238,FUSE2,13,Station 5: Top cover,11631.6,11631.6,11806.4,174.8,174.8,0.0,0
U7901,316,FUSE2,3,Station 2: Drill station,11552.3,11643.2,11820.0,176.8,176.8,90.9,0
U7886,316,FUSE0,11,Station 4: Inspection,11587.0,11655.8,11773.4,117.6,117.6,68.8,0
U5966,238,FUSE2,16,Station 6: Packaging,11590.2,11668.6,11784.6,116.0,116.0,78.4,0
U5971,238,FUSE2,14,Station 5.1: Top cover,11669.2,11669.2,11844.0,174.8,174.8,0.0,0
U7895,316,FUSE1,10,Station 3.4: Robot cell,11585.4,11671.2,11976.8,305.6,305.6,85.8,0
U1714,69,FUSE0,1,Station 1: Bottom cover,11699.9,11699.9,11812.1,112.2,112.2,0.0,0
U5967,238,FUSE2,17,Station 6.1: Packaging,11707.4,11707.4,11823.4,116.0,116.0,0.0,0
U5972,238,FUSE2,15,Station 5.2: Top cover,11709.2,11709.2,11884.0,174.8,174.8,0.0,0
U7902,316,FUSE2,4,Station 2.1: Drill station,11634.3,11710.8,11887.6,176.8,176.8,76.5,0
U1715,69,FUSE0,2,Station 1.1: Bottom cover,11733.9,11733.9,11846.1,112.2,112.2,0.0,0
U7887,316,FUSE0,12,Station 4.1: Inspection,11636.0,11735.8,11853.4,117.6,117.6,99.8,0
U7888,316,FUSE0,11,Station 4: Inspection,11598.2,11773.4,11891.0,117.6,117.6,175.2,1
U5968,238,FUSE2,16,Station 6: Packaging,11747.8,11784.6,11900.6,116.0,116.0,36.8,0
U7896,316,FUSE1,9,Station 3.3: Robot cell,11653.0,11793.6,12099.2,305.6,305.6,140.6,0
U7903,316,FUSE2,5,Station 2.2: Drill station,11713.1,11795.4,11972.2,176.8,176.8,82.3,0
U7884,316,FUSE0,13,Station 5: Top cover,11806.8,11806.8,11981.6,174.8,174.8,0.0,0
U1716,69,FUSE0,1,Station 1: Bottom cover,11815.9,11815.9,11928.1,112.2,112.2,0.0,0
U7904,316,FUSE2,3,Station 2: Drill station,11730.3,11820.0,11996.8,176.8,176.8,89.7,0
U5969,238,FUSE2,17,Station 6.1: Packaging,11745.4,11823.4,11939.4,116.0,116.0,78.0,0
U7885,316,FUSE0,14,Station 5.1: Top cover,11846.8,11846.8,12021.6,174.8,174.8,0.0,0
U7889,316,FUSE0,12,Station 4.1: Inspection,11705.8,11853.4,11971.0,117.6,117.6,147.6,1
U1717,69,FUSE0,2,Station 1.1: Bottom cover,11854.7,11854.7,11966.9,112.2,112.2,0.0,0
U7897,316,FUSE1,7,Station 3.1: Robot cell,11717.6,11862.6,12168.2,305.6,305.6,145.0,0
U7898,316,FUSE2,6,Station 3: Robot cell,11682.2,11864.8,12202.8,338.0,338.0,182.6,0
U7886,316,FUSE0,15,Station 5.2: Top cover,11884.4,11884.4,12059.2,174.8,174.8,0.0,0
U1713,69,FUSE0,4,Station 2.1: Drill station,11809.1,11887.6,12064.4,176.8,176.8,78.5,0
U7890,316,FUSE0,11,Station 4: Inspection,11790.2,11891.0,12008.6,117.6,117.6,100.8,0
U5970,238,FUSE2,16,Station 6: Packaging,11905.4,11905.4,12021.4,116.0,116.0,0.0,0
U7899,316,FUSE2,8,Station 3.2: Robot cell,11809.8,11912.4,12250.4,338.0,338.0,102.6,0
U1718,69,FUSE0,1,Station 1: Bottom cover,11931.9,11931.9,12044.1,112.2,112.2,0.0,0
U5971,238,FUSE2,17,Station 6.1: Packaging,11903.0,11939.4,12055.4,116.0,116.0,36.4,0
U1719,69,FUSE0,2,Station 1.1: Bottom cover,11970.7,11970.7,12082.9,112.2,112.2,0.0,0
U7891,316,FUSE1,12,Station 4.1: Inspection,11912.6,11971.0,12088.6,117.6,117.6,58.4,0
U1714,69,FUSE0,5,Station 2.2: Drill station,11891.1,11972.2,12149.0,176.8,176.8,81.1,0
U7900,316,FUSE2,10,Station 3.4: Robot cell,11954.4,11976.8,12314.8,338.0,338.0,22.4,0
U7887,316,FUSE0,13,Station 5: Top cover,11984.4,11984.4,12159.2,174.8,174.8,0.0,0
U1715,69,FUSE0,3,Station 2: Drill station,11905.1,11996.8,12173.6,176.8,176.8,91.7,0
U7892,316,FUSE1,11,Station 4: Inspection,11921.6,12008.6,12126.2,117.6,117.6,87.0,0
U5972,238,FUSE2,16,Station 6: Packaging,11943.0,12021.4,12137.4,116.0,116.0,78.4,0
U7888,316,FUSE0,14,Station 5.1: Top cover,12022.0,12022.0,12196.8,174.8,174.8,0.0,0
U1720,69,FUSE0,1,Station 1: Bottom cover,12052.7,12052.7,12164.9,112.2,112.2,0.0,0
U7884,316,FUSE0,17,Station 6.1: Packaging,12060.6,12060.6,12176.6,116.0,116.0,0.0,0
U7889,316,FUSE0,15,Station 5.2: Top cover,12062.0,12062.0,12236.8,174.8,174.8,0.0,0
U1716,69,FUSE0,4,Station 2.1: Drill station,11987.1,12064.4,12241.2,176.8,176.8,77.3,0
U1721,69,FUSE1,2,Station 1.1: Bottom cover,12086.7,12086.7,12198.9,112.2,112.2,0.0,0
U7893,316,FUSE1,12,Station 4.1: Inspection,11923.8,12088.6,12206.2,117.6,117.6,164.8,1
U7901,316,FUSE2,9,Station 3.3: Robot cell,11919.0,12099.2,12437.2,338.0,338.0,180.2,0
U7894,316,FUSE1,11,Station 4: Inspection,11991.4,12126.2,12243.8,117.6,117.6,134.8,1
U7885,316,FUSE0,16,Station 6: Packaging,12100.6,12137.4,12253.4,116.0,116.0,36.8,0
U1717,69,FUSE0,5,Station 2.2: Drill station,12065.9,12149.0,12325.8,176.8,176.8,83.1,0
U7890,316,FUSE0,13,Station 5: Top cover,12159.6,12159.6,12334.4,174.8,174.8,0.0,0
U7902,316,FUSE2,7,Station 3.1: Robot cell,11966.6,12168.2,12506.2,338.0,338.0,201.6,0
U1722,69,FUSE1,1,Station 1: Bottom cover,12168.7,12168.7,12280.9,112.2,112.2,0.0,0
U1718,69,FUSE0,3,Station 2: Drill station,12083.1,12173.6,12350.4,176.8,176.8,90.5,0
U7886,316,FUSE0,17,Station 6.1: Packaging,12098.2,12176.6,12292.6,116.0,116.0,78.4,0
U7891,316,FUSE1,14,Station 5.1: Top cover,12199.6,12199.6,12374.4,174.8,174.8,0.0,0
U7903,316,FUSE2,6,Station 3: Robot cell,12051.2,12202.8,12540.8,338.0,338.0,151.6,0
U7895,316,FUSE1,12,Station 4.1: Inspection,12115.8,12206.2,12323.8,117.6,117.6,90.4,0
U1723,69,FUSE1,2,Station 1.1: Bottom cover,12207.9,12207.9,12320.1,112.2,112.2,0.0,0
U7892,316,FUSE1,15,Station 5.2: Top cover,12237.2,12237.2,12412.0,174.8,174.8,0.0,0
U1719,69,FUSE0,4,Station 2.1: Drill station,12161.9,12241.2,12418.0,176.8,176.8,79.3,0
U7896,316,FUSE1,11,Station 4: Inspection,12198.2,12243.8,12361.4,117.6,117.6,45.6,0
U7904,316,FUSE2,8,Station 3.2: Robot cell,12075.8,12250.4,12588.4,338.0,338.0,174.6,0
U7887,316,FUSE0,16,Station 6: Packaging,12258.2,12258.2,12374.2,116.0,116.0,0.0,0
U1724,69,FUSE1,1,Station 1: Bottom cover,12284.7,12284.7,12396.9,112.2,112.2,0.0,0
U7888,316,FUSE0,17,Station 6.1: Packaging,12255.8,12292.6,12408.6,116.0,116.0,36.8,0
U1713,69,FUSE0,10,Station 3.4: Robot cell,12203.4,12314.8,12558.4,243.6,243.6,111.4,0
U7897,316,FUSE1,12,Station 4.1: Inspection,12247.2,12323.8,12441.4,117.6,117.6,76.6,0
U1725,69,FUSE1,2,Station 1.1: Bottom cover,12323.9,12323.9,12436.1,112.2,112.2,0.0,0
U1720,69,FUSE0,5,Station 2.2: Drill station,12243.9,12325.8,12502.6,176.8,176.8,81.9,0
U7893,316,FUSE1,13,Station 5: Top cover,12337.2,12337.2,12512.0,174.8,174.8,0.0,0
U1721,69,FUSE1,3,Station 2: Drill station,12257.9,12350.4,12527.2,176.8,176.8,92.5,0
U7898,316,FUSE2,11,Station 4: Inspection,12241.8,12361.4,12479.0,117.6,117.6,119.6,1
U7889,316,FUSE0,16,Station 6: Packaging,12295.8,12374.2,12490.2,116.0,116.0,78.4,0
U7894,316,FUSE1,14,Station 5.1: Top cover,12374.8,12374.8,12549.6,174.8,174.8,0.0,0
U1726,69,FUSE1,1,Station 1: Bottom cover,12405.5,12405.5,12517.7,112.2,112.2,0.0,0
U7890,316,FUSE0,17,Station 6.1: Packaging,12413.4,12413.4,12529.4,116.0,116.0,0.0,0
U7895,316,FUSE1,15,Station 5.2: Top cover,12414.8,12414.8,12589.6,174.8,174.8,0.0,0
U1722,69,FUSE1,4,Station 2.1: Drill station,12339.9,12418.0,12594.8,176.8,176.8,78.1,0
U1714,69,FUSE0,9,Station 3.3: Robot cell,12288.0,12437.2,12680.8,243.6,243.6,149.2,0
U1727,69,FUSE1,2,Station 1.1: Bottom cover,12439.9,12439.9,12552.1,112.2,112.2,0.0,0
U7899,316,FUSE2,12,Station 4.1: Inspection,12349.4,12441.4,12559.0,117.6,117.6,92.0,0
U7900,316,FUSE2,11,Station 4: Inspection,12433.8,12479.0,12596.6,117.6,117.6,45.2,0
U7891,316,FUSE1,16,Station 6: Packaging,12453.4,12490.2,12606.2,116.0,116.0,36.8,0
U1723,69,FUSE1,5,Station 2.2: Drill station,12419.1,12502.6,12679.4,176.8,176.8,83.5,0
U1715,69,FUSE0,7,Station 3.1: Robot cell,12232.6,12506.2,12749.8,243.6,243.6,273.6,0
U7896,316,FUSE1,13,Station 5: Top cover,12512.4,12512.4,12687.2,174.8,174.8,0.0,0
U1728,69,FUSE1,1,Station 1: Bottom cover,12521.5,12521.5,12633.7,112.2,112.2,0.0,0
U1724,69,FUSE1,3,Station 2: Drill station,12435.9,12527.2,12704.0,176.8,176.8,91.3,0
U7892,316,FUSE1,17,Station 6.1: Packaging,12451.0,12529.4,12645.4,116.0,116.0,78.4,0
U1716,69,FUSE0,6,Station 3: Robot cell,12300.2,12540.8,12784.4,243.6,243.6,240.6,0
U7897,316,FUSE1,14,Station 5.1: Top cover,12552.4,12552.4,12727.2,174.8,174.8,0.0,0
U1717,69,FUSE0,10,Station 3.4: Robot cell,12484.8,12558.4,12802.0,243.6,243.6,73.6,0
U7901,316,FUSE2,12,Station 4.1: Inspection,12556.2,12559.0,12676.6,117.6,117.6,2.8,0
U1729,69,FUSE2,2,Station 1.1: Bottom cover,12560.7,12560.7,12672.9,112.2,112.2,0.0,0
U1718,69,FUSE0,8,Station 3.2: Robot cell,12429.4,12588.4,12832.0,243.6,243.6,159.0,0
U7898,316,FUSE2,15,Station 5.2: Top cover,12590.0,12590.0,12764.8,174.8,174.8,0.0,0
U1725,69,FUSE1,4,Station 2.1: Drill station,12515.1,12594.8,12771.6,176.8,176.8,79.7,0
U7902,316,FUSE2,11,Station 4: Inspection,12565.2,12596.6,12714.2,117.6,117.6,31.4,0
U7893,316,FUSE1,16,Station 6: Packaging,12611.0,12611.0,12727.0,116.0,116.0,0.0,0
U1730,69,FUSE2,1,Station 1: Bottom cover,12637.5,12637.5,12749.7,112.2,112.2,0.0,0
U7894,316,FUSE1,17,Station 6.1: Packaging,12608.6,12645.4,12761.4,116.0,116.0,36.8,0
U7903,316,FUSE2,12,Station 4.1: Inspection,12599.8,12676.6,12794.2,117.6,117.6,76.8,0
U1731,69,FUSE2,2,Station 1.1: Bottom cover,12676.7,12676.7,12788.9,112.2,112.2,0.0,0
U1726,69,FUSE1,5,Station 2.2: Drill station,12596.7,12679.4,12856.2,176.8,176.8,82.7,0
U1719,69,FUSE0,9,Station 3.3: Robot cell,12537.0,12680.8,12924.4,243.6,243.6,143.8,0
U7899,316,FUSE2,13,Station 5: Top cover,12690.0,12690.0,12864.8,174.8,174.8,0.0,0
U1727,69,FUSE1,3,Station 2: Drill station,12611.1,12704.0,12880.8,176.8,176.8,92.9,0
U1713,69,FUSE0,11,Station 4: Inspection,12677.4,12714.2,12831.8,117.6,117.6,36.8,0
U7895,316,FUSE1,16,Station 6: Packaging,12648.6,12727.0,12843.0,116.0,116.0,78.4,0
U7900,316,FUSE2,14,Station 5.1: Top cover,12727.6,12727.6,12902.4,174.8,174.8,0.0,0
U1720,69,FUSE0,7,Station 3.1: Robot cell,12601.6,12749.8,12993.4,243.6,243.6,148.2,0
U1732,69,FUSE2,1,Station 1: Bottom cover,12758.3,12758.3,12870.5,112.2,112.2,0.0,0
U7896,316,FUSE1,17,Station 6.1: Packaging,12766.2,12766.2,12882.2,116.0,116.0,0.0,0
U7901,316,FUSE2,15,Station 5.2: Top cover,12767.6,12767.6,12942.4,174.8,174.8,0.0,0
U1728,69,FUSE1,4,Station 2.1: Drill station,12692.7,12771.6,12948.4,176.8,176.8,78.9,0
U1721,69,FUSE1,6,Station 3: Robot cell,12566.2,12784.4,13090.0,305.6,305.6,218.2,0
U1733,69,FUSE2,2,Station 1.1: Bottom cover,12792.7,12792.7,12904.9,112.2,112.2,0.0,0
U7904,316,FUSE2,12,Station 4.1: Inspection,12687.4,12794.2,12911.8,117.6,117.6,106.8,0
U1722,69,FUSE1,10,Station 3.4: Robot cell,12733.8,12802.0,13107.6,305.6,305.6,68.2,0
U1714,69,FUSE0,11,Station 4: Inspection,12779.8,12831.8,12949.4,117.6,117.6,52.0,0
U1723,69,FUSE1,8,Station 3.2: Robot cell,12798.4,12832.0,13137.6,305.6,305.6,33.6,0
U7897,316,FUSE1,16,Station 6: Packaging,12806.2,12843.0,12959.0,116.0,116.0,36.8,0
U1729,69,FUSE2,5,Station 2.2: Drill station,12771.9,12856.2,13033.0,176.8,176.8,84.3,0
U7902,316,FUSE2,13,Station 5: Top cover,12865.2,12865.2,13040.0,174.8,174.8,0.0,0
U1734,69,FUSE2,1,Station 1: Bottom cover,12874.3,12874.3,12986.5,112.2,112.2,0.0,0
U1730,69,FUSE2,3,Station 2: Drill station,12788.7,12880.8,13057.6,176.8,176.8,92.1,0
U7898,316,FUSE2,17,Station 6.1: Packaging,12803.8,12882.2,12998.2,116.0,116.0,78.4,0
U7903,316,FUSE2,14,Station 5.1: Top cover,12905.2,12905.2,13080.0,174.8,174.8,0.0,0
U1715,69,FUSE0,12,Station 4.1: Inspection,12828.8,12911.8,13029.4,117.6,117.6,83.0,0
U1735,69,FUSE2,2,Station 1.1: Bottom cover,12913.5,12913.5,13025.7,112.2,112.2,0.0,0
U1724,69,FUSE1,9,Station 3.3: Robot cell,12803.0,12924.4,13230.0,305.6,305.6,121.4,0
U1713,69,FUSE0,15,Station 5.2: Top cover,12942.8,12942.8,13117.6,174.8,174.8,0.0,0
U1731,69,FUSE2,4,Station 2.1: Drill station,12867.9,12948.4,13125.2,176.8,176.8,80.5,0
U1716,69,FUSE0,11,Station 4: Inspection,12823.4,12949.4,13067.0,117.6,117.6,126.0,1
U7899,316,FUSE2,16,Station 6: Packaging,12963.8,12963.8,13079.8,116.0,116.0,0.0,0
U1736,69,FUSE2,1,Station 1: Bottom cover,12990.3,12990.3,13102.5,112.2,112.2,0.0,0
U1725,69,FUSE1,7,Station 3.1: Robot cell,12850.6,12993.4,13299.0,305.6,305.6,142.8,0
U7900,316,FUSE2,17,Station 6.1: Packaging,12961.4,12998.2,13114.2,116.0,116.0,36.8,0
U1717,69,FUSE0,12,Station 4.1: Inspection,12941.0,13029.4,13147.0,117.6,117.6,88.4,0
U6798,273,FUSE0,2,Station 1.1: Bottom cover,13029.5,13029.5,13141.7,112.2,112.2,0.0,0
U1732,69,FUSE2,5,Station 2.2: Drill station,12949.5,13033.0,13209.8,176.8,176.8,83.5,0
U7904,316,FUSE2,13,Station 5: Top cover,13042.8,13042.8,13217.6,174.8,174.8,0.0,0
U1733,69,FUSE2,3,Station 2: Drill station,12963.9,13057.6,13234.4,176.8,176.8,93.7,0
U1718,69,FUSE0,11,Station 4: Inspection,12911.0,13067.0,13184.6,117.6,117.6,156.0,1
U7901,316,FUSE2,16,Station 6: Packaging,13001.4,13079.8,13195.8,116.0,116.0,78.4,0
U1714,69,FUSE0,14,Station 5.1: Top cover,13080.4,13080.4,13255.2,174.8,174.8,0.0,0
U1726,69,FUSE1,6,Station 3: Robot cell,12935.2,13090.0,13395.6,305.6,305.6,154.8,0
U1727,69,FUSE1,10,Station 3.4: Robot cell,12999.8,13107.6,13413.2,305.6,305.6,107.8,0
U6799,273,FUSE0,1,Station 1: Bottom cover,13111.1,13111.1,13223.3,112.2,112.2,0.0,0
U7902,316,FUSE2,17,Station 6.1: Packaging,13119.0,13119.0,13235.0,116.0,116.0,0.0,0
U1715,69,FUSE0,15,Station 5.2: Top cover,13120.4,13120.4,13295.2,174.8,174.8,0.0,0
U1734,69,FUSE2,4,Station 2.1: Drill station,13045.5,13125.2,13302.0,176.8,176.8,79.7,0
U1728,69,FUSE1,8,Station 3.2: Robot cell,13047.4,13137.6,13443.2,305.6,305.6,90.2,0
U6800,273,FUSE0,2,Station 1.1: Bottom cover,13145.5,13145.5,13257.7,112.2,112.2,0.0,0
U1719,69,FUSE0,12,Station 4.1: Inspection,13043.4,13147.0,13264.6,117.6,117.6,103.6,0
U1720,69,FUSE0,11,Station 4: Inspection,13052.4,13184.6,13302.2,117.6,117.6,132.2,1
U7903,316,FUSE2,16,Station 6: Packaging,13159.0,13195.8,13311.8,116.0,116.0,36.8,0
U1735,69,FUSE2,5,Station 2.2: Drill station,13124.7,13209.8,13386.6,176.8,176.8,85.1,0
U1716,69,FUSE0,13,Station 5: Top cover,13218.0,13218.0,13392.8,174.8,174.8,0.0,0
U6801,273,FUSE0,1,Station 1: Bottom cover,13227.1,13227.1,13339.3,112.2,112.2,0.0,0
U1729,69,FUSE2,9,Station 3.3: Robot cell,13172.0,13230.0,13568.0,338.0,338.0,58.0,0
U1736,69,FUSE2,3,Station 2: Drill station,13141.5,13234.4,13411.2,176.8,176.8,92.9,0
U1713,69,FUSE0,17,Station 6.1: Packaging,13156.6,13235.0,13351.0,116.0,116.0,78.4,0
U1717,69,FUSE0,14,Station 5.1: Top cover,13258.0,13258.0,13432.8,174.8,174.8,0.0,0
U1721,69,FUSE1,12,Station 4.1: Inspection,13149.0,13264.6,13382.2,117.6,117.6,115.6,0
U6802,273,FUSE0,2,Station 1.1: Bottom cover,13266.3,13266.3,13378.5,112.2,112.2,0.0,0
U1718,69,FUSE0,15,Station 5.2: Top cover,13295.6,13295.6,13470.4,174.8,174.8,0.0,0
U1730,69,FUSE2,7,Station 3.1: Robot cell,13116.6,13299.0,13637.0,338.0,338.0,182.4,0
U6798,273,FUSE0,4,Station 2.1: Drill station,13220.7,13302.0,13478.8,176.8,176.8,81.3,0
U1722,69,FUSE1,11,Station 4: Inspection,13226.6,13302.2,13419.8,117.6,117.6,75.6,0
U7904,316,FUSE2,16,Station 6: Packaging,13316.6,13316.6,13432.6,116.0,116.0,0.0,0
U6803,273,FUSE0,1,Station 1: Bottom cover,13343.1,13343.1,13455.3,112.2,112.2,0.0,0
U1714,69,FUSE0,17,Station 6.1: Packaging,13314.2,13351.0,13467.0,116.0,116.0,36.8,0
U1723,69,FUSE1,12,Station 4.1: Inspection,13236.6,13382.2,13499.8,117.6,117.6,145.6,1
U6804,273,FUSE0,2,Station 1.1: Bottom cover,13382.3,13382.3,13494.5,112.2,112.2,0.0,0
U6799,273,FUSE0,5,Station 2.2: Drill station,13302.3,13386.6,13563.4,176.8,176.8,84.3,0
U1719,69,FUSE0,13,Station 5: Top cover,13395.6,13395.6,13570.4,174.8,174.8,0.0,0
U1731,69,FUSE2,6,Station 3: Robot cell,13184.2,13395.6,13733.6,338.0,338.0,211.4,0
U6800,273,FUSE0,3,Station 2: Drill station,13316.7,13411.2,13588.0,176.8,176.8,94.5,0
U1732,69,FUSE2,10,Station 3.4: Robot cell,13368.8,13413.2,13751.2,338.0,338.0,44.4,0
U1724,69,FUSE1,11,Station 4: Inspection,13329.0,13419.8,13537.4,117.6,117.6,90.8,0
U1715,69,FUSE0,16,Station 6: Packaging,13354.2,13432.6,13548.6,116.0,116.0,78.4,0
U1720,69,FUSE0,14,Station 5.1: Top cover,13433.2,13433.2,13608.0,174.8,174.8,0.0,0
U1733,69,FUSE2,8,Station 3.2: Robot cell,13313.4,13443.2,13781.2,338.0,338.0,129.8,0
U6805,273,FUSE0,1,Station 1: Bottom cover,13463.9,13463.9,13576.1,112.2,112.2,0.0,0
U1716,69,FUSE0,17,Station 6.1: Packaging,13471.8,13471.8,13587.8,116.0,116.0,0.0,0
U1721,69,FUSE1,15,Station 5.2: Top cover,13473.2,13473.2,13648.0,174.8,174.8,0.0,0
U6801,273,FUSE0,4,Station 2.1: Drill station,13398.3,13478.8,13655.6,176.8,176.8,80.5,0
U6806,273,FUSE1,2,Station 1.1: Bottom cover,13498.3,13498.3,13610.5,112.2,112.2,0.0,0
U1725,69,FUSE1,12,Station 4.1: Inspection,13378.0,13499.8,13617.4,117.6,117.6,121.8,1
U1726,69,FUSE1,11,Station 4: Inspection,13434.6,13537.4,13655.0,117.6,117.6,102.8,0
U1717,69,FUSE0,16,Station 6: Packaging,13511.8,13548.6,13664.6,116.0,116.0,36.8,0
U6802,273,FUSE0,5,Station 2.2: Drill station,13477.5,13563.4,13740.2,176.8,176.8,85.9,0
U1734,69,FUSE2,9,Station 3.3: Robot cell,13421.0,13568.0,13906.0,338.0,338.0,147.0,0
U1722,69,FUSE1,13,Station 5: Top cover,13570.8,13570.8,13745.6,174.8,174.8,0.0,0
U6807,273,FUSE1,1,Station 1: Bottom cover,13579.9,13579.9,13692.1,112.2,112.2,0.0,0
U1718,69,FUSE0,17,Station 6.1: Packaging,13509.4,13587.8,13703.8,116.0,116.0,78.4,0
U6803,273,FUSE0,3,Station 2: Drill station,13494.3,13588.0,13764.8,176.8,176.8,93.7,0
U1723,69,FUSE1,14,Station 5.1: Top cover,13610.8,13610.8,13785.6,174.8,174.8,0.0,0
U1727,69,FUSE1,12,Station 4.1: Inspection,13552.2,13617.4,13735.0,117.6,117.6,65.2,0
U6808,273,FUSE1,2,Station 1.1: Bottom cover,13619.1,13619.1,13731.3,112.2,112.2,0.0,0
U1735,69,FUSE2,7,Station 3.1: Robot cell,13485.6,13637.0,13975.0,338.0,338.0,151.4,0
U1724,69,FUSE1,15,Station 5.2: Top cover,13648.4,13648.4,13823.2,174.8,174.8,0.0,0
U1728,69,FUSE1,11,Station 4: Inspection,13522.2,13655.0,13772.6,117.6,117.6,132.8,1
U6804,273,FUSE0,4,Station 2.1: Drill station,13573.5,13655.6,13832.4,176.8,176.8,82.1,0
U1719,69,FUSE0,16,Station 6: Packaging,13669.4,13669.4,13785.4,116.0,116.0,0.0,0
U6809,273,FUSE1,1,Station 1: Bottom cover,13695.9,13695.9,13808.1,112.2,112.2,0.0,0
U1720,69,FUSE0,17,Station 6.1: Packaging,13667.0,13703.8,13819.8,116.0,116.0,36.8,0
U1736,69,FUSE2,6,Station 3: Robot cell,13450.2,13733.6,14071.6,338.0,338.0,283.4,0
U1729,69,FUSE2,12,Station 4.1: Inspection,13687.0,13735.0,13852.6,117.6,117.6,48.0,0
U6810,273,FUSE1,2,Station 1.1: Bottom cover,13735.1,13735.1,13847.3,112.2,112.2,0.0,0
U6805,273,FUSE0,5,Station 2.2: Drill station,13655.1,13740.2,13917.0,176.8,176.8,85.1,0
U1725,69,FUSE1,13,Station 5: Top cover,13748.4,13748.4,13923.2,174.8,174.8,0.0,0
U6798,273,FUSE0,10,Station 3.4: Robot cell,13617.8,13751.2,13994.8,243.6,243.6,133.4,0
U6806,273,FUSE1,3,Station 2: Drill station,13669.5,13764.8,13941.6,176.8,176.8,95.3,0
U1730,69,FUSE2,11,Station 4: Inspection,13696.0,13772.6,13890.2,117.6,117.6,76.6,0
U6799,273,FUSE0,8,Station 3.2: Robot cell,13682.4,13781.2,14024.8,243.6,243.6,98.8,0
U1721,69,FUSE1,16,Station 6: Packaging,13707.0,13785.4,13901.4,116.0,116.0,78.4,0
U1726,69,FUSE1,14,Station 5.1: Top cover,13786.0,13786.0,13960.8,174.8,174.8,0.0,0
U6811,273,FUSE1,1,Station 1: Bottom cover,13816.7,13816.7,13928.9,112.2,112.2,0.0,0
U1722,69,FUSE1,17,Station 6.1: Packaging,13824.6,13824.6,13940.6,116.0,116.0,0.0,0
U1727,69,FUSE1,15,Station 5.2: Top cover,13826.0,13826.0,14000.8,174.8,174.8,0.0,0
U6807,273,FUSE1,4,Station 2.1: Drill station,13751.1,13832.4,14009.2,176.8,176.8,81.3,0
U6812,273,FUSE1,2,Station 1.1: Bottom cover,13851.1,13851.1,13963.3,112.2,112.2,0.0,0
U1731,69,FUSE2,12,Station 4.1: Inspection,13792.6,13852.6,13970.2,117.6,117.6,60.0,0
U1732,69,FUSE2,11,Station 4: Inspection,13870.2,13890.2,14007.8,117.6,117.6,20.0,0
U1723,69,FUSE1,16,Station 6: Packaging,13864.6,13901.4,14017.4,116.0,116.0,36.8,0
U6800,273,FUSE0,9,Station 3.3: Robot cell,13687.0,13906.0,14149.6,243.6,243.6,219.0,0
U6808,273,FUSE1,5,Station 2.2: Drill station,13830.3,13917.0,14093.8,176.8,176.8,86.7,0
U1728,69,FUSE1,13,Station 5: Top cover,13923.6,13923.6,14098.4,174.8,174.8,0.0,0
U6813,273,FUSE1,1,Station 1: Bottom cover,13932.7,13932.7,14044.9,112.2,112.2,0.0,0
U1724,69,FUSE1,17,Station 6.1: Packaging,13862.2,13940.6,14056.6,116.0,116.0,78.4,0
U6809,273,FUSE1,3,Station 2: Drill station,13847.1,13941.6,14118.4,176.8,176.8,94.5,0
U1729,69,FUSE2,14,Station 5.1: Top cover,13963.6,13963.6,14138.4,174.8,174.8,0.0,0
U1733,69,FUSE2,12,Station 4.1: Inspection,13880.2,13970.2,14087.8,117.6,117.6,90.0,0
U6814,273,FUSE2,2,Station 1.1: Bottom cover,13971.9,13971.9,14084.1,112.2,112.2,0.0,0
U6801,273,FUSE0,7,Station 3.1: Robot cell,13734.6,13975.0,14218.6,243.6,243.6,240.4,0
U6802,273,FUSE0,10,Station 3.4: Robot cell,13899.2,13994.8,14238.4,243.6,243.6,95.6,0
U1730,69,FUSE2,15,Station 5.2: Top cover,14001.2,14001.2,14176.0,174.8,174.8,0.0,0
U1734,69,FUSE2,11,Station 4: Inspection,14005.0,14007.8,14125.4,117.6,117.6,2.8,0
U6810,273,FUSE1,4,Station 2.1: Drill station,13926.3,14009.2,14186.0,176.8,176.8,82.9,0
U1725,69,FUSE1,16,Station 6: Packaging,14022.2,14022.2,14138.2,116.0,116.0,0.0,0
U6803,273,FUSE0,8,Station 3.2: Robot cell,13843.8,14024.8,14268.4,243.6,243.6,181.0,0
U6815,273,FUSE2,1,Station 1: Bottom cover,14048.7,14048.7,14160.9,112.2,112.2,0.0,0
U1726,69,FUSE1,17,Station 6.1: Packaging,14019.8,14056.6,14172.6,116.0,116.0,36.8,0
U6804,273,FUSE0,6,Station 3: Robot cell,13891.4,14071.6,14315.2,243.6,243.6,180.2,0
U1735,69,FUSE2,12,Station 4.1: Inspection,14054.0,14087.8,14205.4,117.6,117.6,33.8,0
U6816,273,FUSE2,2,Station 1.1: Bottom cover,14087.9,14087.9,14200.1,112.2,112.2,0.0,0
U6811,273,FUSE1,5,Station 2.2: Drill station,14007.9,14093.8,14270.6,176.8,176.8,85.9,0
U1731,69,FUSE2,13,Station 5: Top cover,14101.2,14101.2,14276.0,174.8,174.8,0.0,0
U6812,273,FUSE1,3,Station 2: Drill station,14022.3,14118.4,14295.2,176.8,176.8,96.1,0
U1736,69,FUSE2,11,Station 4: Inspection,14110.6,14125.4,14243.0,117.6,117.6,14.8,0
U1727,69,FUSE1,16,Station 6: Packaging,14059.8,14138.2,14254.2,116.0,116.0,78.4,0
U1732,69,FUSE2,14,Station 5.1: Top cover,14138.8,14138.8,14313.6,174.8,174.8,0.0,0
U6805,273,FUSE0,9,Station 3.3: Robot cell,14056.0,14149.6,14393.2,243.6,243.6,93.6,0
U6817,273,FUSE2,1,Station 1: Bottom cover,14169.5,14169.5,14281.7,112.2,112.2,0.0,0
U1728,69,FUSE1,17,Station 6.1: Packaging,14177.4,14177.4,14293.4,116.0,116.0,0.0,0
U1733,69,FUSE2,15,Station 5.2: Top cover,14178.8,14178.8,14353.6,174.8,174.8,0.0,0
U6813,273,FUSE1,4,Station 2.1: Drill station,14103.9,14186.0,14362.8,176.8,176.8,82.1,0
U6818,273,FUSE2,2,Station 1.1: Bottom cover,14203.9,14203.9,14316.1,112.2,112.2,0.0,0
U6799,273,FUSE0,12,Station 4.1: Inspection,14123.8,14205.4,14323.0,117.6,117.6,81.6,0
U6806,273,FUSE1,7,Station 3.1: Robot cell,14000.6,14218.6,14524.2,305.6,305.6,218.0,0
U6807,273,FUSE1,10,Station 3.4: Robot cell,14148.2,14238.4,14544.0,305.6,305.6,90.2,0
U6798,273,FUSE0,11,Station 4: Inspection,14113.8,14243.0,14360.6,117.6,117.6,129.2,1
U1729,69,FUSE2,16,Station 6: Packaging,14217.4,14254.2,14370.2,116.0,116.0,36.8,0
U6808,273,FUSE1,8,Station 3.2: Robot cell,14212.8,14268.4,14574.0,305.6,305.6,55.6,0
U6814,273,FUSE2,5,Station 2.2: Drill station,14183.1,14270.6,14447.4,176.8,176.8,87.5,0
U1734,69,FUSE2,13,Station 5: Top cover,14276.4,14276.4,14451.2,174.8,174.8,0.0,0
U6819,273,FUSE2,1,Station 1: Bottom cover,14285.5,14285.5,14397.7,112.2,112.2,0.0,0
U1730,69,FUSE2,17,Station 6.1: Packaging,14215.0,14293.4,14409.4,116.0,116.0,78.4,0
U6815,273,FUSE2,3,Station 2: Drill station,14199.9,14295.2,14472.0,176.8,176.8,95.3,0
U6809,273,FUSE1,6,Station 3: Robot cell,14157.4,14315.2,14620.8,305.6,305.6,157.8,0
U1735,69,FUSE2,14,Station 5.1: Top cover,14316.4,14316.4,14491.2,174.8,174.8,0.0,0
U6800,273,FUSE0,12,Station 4.1: Inspection,14268.6,14323.0,14440.6,117.6,117.6,54.4,0
U6820,273,FUSE2,2,Station 1.1: Bottom cover,14324.7,14324.7,14436.9,112.2,112.2,0.0,0
U1736,69,FUSE2,15,Station 5.2: Top cover,14354.0,14354.0,14528.8,174.8,174.8,0.0,0
U6801,273,FUSE0,11,Station 4: Inspection,14277.6,14360.6,14478.2,117.6,117.6,83.0,0
U6816,273,FUSE2,4,Station 2.1: Drill station,14279.1,14362.8,14539.6,176.8,176.8,83.7,0
U1731,69,FUSE2,16,Station 6: Packaging,14375.0,14375.0,14491.0,116.0,116.0,0.0,0
U6810,273,FUSE1,9,Station 3.3: Robot cell,14305.0,14393.2,14698.8,305.6,305.6,88.2,0
U6821,273,FUSE2,1,Station 1: Bottom cover,14401.5,14401.5,14513.7,112.2,112.2,0.0,0
U1732,69,FUSE2,17,Station 6.1: Packaging,14372.6,14409.4,14525.4,116.0,116.0,36.8,0
U6804,273,FUSE0,12,Station 4.1: Inspection,14374.2,14440.6,14558.2,117.6,117.6,66.4,0
U4916,197,FUSE0,2,Station 1.1: Bottom cover,14440.7,14440.7,14552.9,112.2,112.2,0.0,0
U6817,273,FUSE2,5,Station 2.2: Drill station,14360.7,14447.4,14624.2,176.8,176.8,86.7,0
U6799,273,FUSE0,13,Station 5: Top cover,14454.0,14454.0,14628.8,174.8,174.8,0.0,0
U6818,273,FUSE2,3,Station 2: Drill station,14375.1,14472.0,14648.8,176.8,176.8,96.9,0
U6803,273,FUSE0,11,Station 4: Inspection,14347.4,14478.2,14595.8,117.6,117.6,130.8,1
U1733,69,FUSE2,16,Station 6: Packaging,14412.6,14491.0,14607.0,116.0,116.0,78.4,0
U6798,273,FUSE0,14,Station 5.1: Top cover,14491.6,14491.6,14666.4,174.8,174.8,0.0,0
U4917,197,FUSE0,1,Station 1: Bottom cover,14522.3,14522.3,14634.5,112.2,112.2,0.0,0
U6811,273,FUSE1,7,Station 3.1: Robot cell,14369.6,14524.2,14829.8,305.6,305.6,154.6,0
U1734,69,FUSE2,17,Station 6.1: Packaging,14530.2,14530.2,14646.2,116.0,116.0,0.0,0
U6800,273,FUSE0,15,Station 5.2: Top cover,14531.6,14531.6,14706.4,174.8,174.8,0.0,0
U6819,273,FUSE2,4,Station 2.1: Drill station,14456.7,14539.6,14716.4,176.8,176.8,82.9,0
U6812,273,FUSE1,10,Station 3.4: Robot cell,14414.2,14544.0,14849.6,305.6,305.6,129.8,0
U4918,197,FUSE0,2,Station 1.1: Bottom cover,14556.7,14556.7,14668.9,112.2,112.2,0.0,0
U6802,273,FUSE0,12,Station 4.1: Inspection,14377.4,14558.2,14675.8,117.6,117.6,180.8,1
U6813,273,FUSE1,8,Station 3.2: Robot cell,14461.8,14574.0,14879.6,305.6,305.6,112.2,0
U6805,273,FUSE0,11,Station 4: Inspection,14492.2,14595.8,14713.4,117.6,117.6,103.6,0
U1735,69,FUSE2,16,Station 6: Packaging,14570.2,14607.0,14723.0,116.0,116.0,36.8,0
U6814,273,FUSE2,6,Station 3: Robot cell,14526.4,14620.8,14958.8,338.0,338.0,94.4,0
U6820,273,FUSE2,5,Station 2.2: Drill station,14535.9,14624.2,14801.0,176.8,176.8,88.3,0
U6801,273,FUSE0,13,Station 5: Top cover,14629.2,14629.2,14804.0,174.8,174.8,0.0,0
U4919,197,FUSE0,1,Station 1: Bottom cover,14638.3,14638.3,14750.5,112.2,112.2,0.0,0
U1736,69,FUSE2,17,Station 6.1: Packaging,14567.8,14646.2,14762.2,116.0,116.0,78.4,0
U6821,273,FUSE2,3,Station 2: Drill station,14552.7,14648.8,14825.6,176.8,176.8,96.1,0
U6804,273,FUSE0,14,Station 5.1: Top cover,14669.2,14669.2,14844.0,174.8,174.8,0.0,0
U6806,273,FUSE1,12,Station 4.1: Inspection,14603.2,14675.8,14793.4,117.6,117.6,72.6,0
U4920,197,FUSE0,2,Station 1.1: Bottom cover,14677.5,14677.5,14789.7,112.2,112.2,0.0,0
U6815,273,FUSE2,9,Station 3.3: Robot cell,14571.0,14698.8,15036.8,338.0,338.0,127.8,0
U6803,273,FUSE0,15,Station 5.2: Top cover,14706.8,14706.8,14881.6,174.8,174.8,0.0,0
U6809,273,FUSE1,11,Station 4: Inspection,14659.8,14713.4,14831.0,117.6,117.6,53.6,0
U4916,197,FUSE0,4,Station 2.1: Drill station,14631.9,14716.4,14893.2,176.8,176.8,84.5,0
U6799,273,FUSE0,16,Station 6: Packaging,14727.8,14727.8,14843.8,116.0,116.0,0.0,0
U4921,197,FUSE0,1,Station 1: Bottom cover,14754.3,14754.3,14866.5,112.2,112.2,0.0,0
U6798,273,FUSE0,17,Station 6.1: Packaging,14725.4,14762.2,14878.2,116.0,116.0,36.8,0
U6808,273,FUSE1,12,Station 4.1: Inspection,14673.0,14793.4,14911.0,117.6,117.6,120.4,1
U4922,197,FUSE0,2,Station 1.1: Bottom cover,14793.5,14793.5,14905.7,112.2,112.2,0.0,0
U4917,197,FUSE0,5,Station 2.2: Drill station,14713.5,14801.0,14977.8,176.8,176.8,87.5,0
U6802,273,FUSE0,13,Station 5: Top cover,14806.8,14806.8,14981.6,174.8,174.8,0.0,0
U4918,197,FUSE0,3,Station 2: Drill station,14727.9,14825.6,15002.4,176.8,176.8,97.7,0
U6816,273,FUSE2,7,Station 3.1: Robot cell,14618.6,14829.8,15167.8,338.0,338.0,211.2,0
U6807,273,FUSE1,11,Station 4: Inspection,14663.0,14831.0,14948.6,117.6,117.6,168.0,1
U6800,273,FUSE0,16,Station 6: Packaging,14765.4,14843.8,14959.8,116.0,116.0,78.4,0
U6805,273,FUSE0,14,Station 5.1: Top cover,14844.4,14844.4,15019.2,174.8,174.8,0.0,0
U6817,273,FUSE2,10,Station 3.4: Robot cell,14783.2,14849.6,15187.6,338.0,338.0,66.4,0
U4923,197,FUSE0,1,Station 1: Bottom cover,14875.1,14875.1,14987.3,112.2,112.2,0.0,0
U6818,273,FUSE2,8,Station 3.2: Robot cell,14727.8,14879.6,15217.6,338.0,338.0,151.8,0
U6801,273,FUSE0,17,Station 6.1: Packaging,14883.0,14883.0,14999.0,116.0,116.0,0.0,0
U6806,273,FUSE1,15,Station 5.2: Top cover,14884.4,14884.4,15059.2,174.8,174.8,0.0,0
U4919,197,FUSE0,4,Station 2.1: Drill station,14809.5,14893.2,15070.0,176.8,176.8,83.7,0
U4924,197,FUSE1,2,Station 1.1: Bottom cover,14909.5,14909.5,15021.7,112.2,112.2,0.0,0
U6810,273,FUSE1,12,Station 4.1: Inspection,14817.8,14911.0,15028.6,117.6,117.6,93.2,0
U6811,273,FUSE1,11,Station 4: Inspection,14888.8,14948.6,15066.2,117.6,117.6,59.8,0
U6819,273,FUSE2,6,Station 3: Robot cell,14775.4,14958.8,15296.8,338.0,338.0,183.4,0
U6804,273,FUSE0,16,Station 6: Packaging,14923.0,14959.8,15075.8,116.0,116.0,36.8,0
U4920,197,FUSE0,5,Station 2.2: Drill station,14888.7,14977.8,15154.6,176.8,176.8,89.1,0
U6809,273,FUSE1,13,Station 5: Top cover,14982.0,14982.0,15156.8,174.8,174.8,0.0,0
U4925,197,FUSE1,1,Station 1: Bottom cover,14991.1,14991.1,15103.3,112.2,112.2,0.0,0
U6803,273,FUSE0,17,Station 6.1: Packaging,14920.6,14999.0,15115.0,116.0,116.0,78.4,0
U4921,197,FUSE0,3,Station 2: Drill station,14905.5,15002.4,15179.2,176.8,176.8,96.9,0
U6808,273,FUSE1,14,Station 5.1: Top cover,15022.0,15022.0,15196.8,174.8,174.8,0.0,0
U6812,273,FUSE1,12,Station 4.1: Inspection,14988.6,15028.6,15146.2,117.6,117.6,40.0,0
U4926,197,FUSE1,2,Station 1.1: Bottom cover,15030.3,15030.3,15142.5,112.2,112.2,0.0,0
U6820,273,FUSE2,9,Station 3.3: Robot cell,14940.0,15036.8,15374.8,338.0,338.0,96.8,0
U6807,273,FUSE1,15,Station 5.2: Top cover,15059.6,15059.6,15234.4,174.8,174.8,0.0,0
U6813,273,FUSE1,11,Station 4: Inspection,14958.6,15066.2,15183.8,117.6,117.6,107.6,0
U4922,197,FUSE0,4,Station 2.1: Drill station,14984.7,15070.0,15246.8,176.8,176.8,85.3,0
U6802,273,FUSE0,16,Station 6: Packaging,15080.6,15080.6,15196.6,116.0,116.0,0.0,0
U4927,197,FUSE1,1,Station 1: Bottom cover,15107.1,15107.1,15219.3,112.2,112.2,0.0,0
U6805,273,FUSE0,17,Station 6.1: Packaging,15078.2,15115.0,15231.0,116.0,116.0,36.8,0
U6814,273,FUSE2,12,Station 4.1: Inspection,15017.8,15146.2,15263.8,117.6,117.6,128.4,1
U4928,197,FUSE1,2,Station 1.1: Bottom cover,15146.3,15146.3,15258.5,112.2,112.2,0.0,0
U4923,197,FUSE0,5,Station 2.2: Drill station,15066.3,15154.6,15331.4,176.8,176.8,88.3,0
U6810,273,FUSE1,13,Station 5: Top cover,15159.6,15159.6,15334.4,174.8,174.8,0.0,0
U6821,273,FUSE2,7,Station 3.1: Robot cell,14884.6,15167.8,15505.8,338.0,338.0,283.2,0
U4924,197,FUSE1,3,Station 2: Drill station,15080.7,15179.2,15356.0,176.8,176.8,98.5,0
U6815,273,FUSE2,11,Station 4: Inspection,15135.8,15183.8,15301.4,117.6,117.6,48.0,0
U4916,197,FUSE0,10,Station 3.4: Robot cell,15032.2,15187.6,15431.2,243.6,243.6,155.4,0
U6806,273,FUSE1,16,Station 6: Packaging,15118.2,15196.6,15312.6,116.0,116.0,78.4,0
U6811,273,FUSE1,14,Station 5.1: Top cover,15197.2,15197.2,15372.0,174.8,174.8,0.0,0
U4917,197,FUSE0,8,Station 3.2: Robot cell,15096.8,15217.6,15461.2,243.6,243.6,120.8,0
U4929,197,FUSE1,1,Station 1: Bottom cover,15227.9,15227.9,15340.1,112.2,112.2,0.0,0
U6809,273,FUSE1,17,Station 6.1: Packaging,15235.8,15235.8,15351.8,116.0,116.0,0.0,0
U6812,273,FUSE1,15,Station 5.2: Top cover,15237.2,15237.2,15412.0,174.8,174.8,0.0,0
U4925,197,FUSE1,4,Station 2.1: Drill station,15162.3,15246.8,15423.6,176.8,176.8,84.5,0
U4930,197,FUSE1,2,Station 1.1: Bottom cover,15262.3,15262.3,15374.5,112.2,112.2,0.0,0
U6816,273,FUSE2,12,Station 4.1: Inspection,15246.8,15263.8,15381.4,117.6,117.6,17.0,0
U4918,197,FUSE0,6,Station 3: Robot cell,15041.4,15296.8,15540.4,243.6,243.6,255.4,0
U6817,273,FUSE2,11,Station 4: Inspection,15306.6,15306.6,15424.2,117.6,117.6,0.0,0
U6808,273,FUSE1,16,Station 6: Packaging,15275.8,15312.6,15428.6,116.0,116.0,36.8,0
U4926,197,FUSE1,5,Station 2.2: Drill station,15241.5,15331.4,15508.2,176.8,176.8,89.9,0
U6813,273,FUSE1,13,Station 5: Top cover,15334.8,15334.8,15509.6,174.8,174.8,0.0,0
U4931,197,FUSE1,1,Station 1: Bottom cover,15343.9,15343.9,15456.1,112.2,112.2,0.0,0
U6807,273,FUSE1,17,Station 6.1: Packaging,15273.4,15351.8,15467.8,116.0,116.0,78.4,0
U4927,197,FUSE1,3,Station 2: Drill station,15258.3,15356.0,15532.8,176.8,176.8,97.7,0
U6814,273,FUSE2,14,Station 5.1: Top cover,15374.8,15374.8,15549.6,174.8,174.8,0.0,0
U4919,197,FUSE0,9,Station 3.3: Robot cell,15189.0,15374.8,15618.4,243.6,243.6,185.8,0
U6818,273,FUSE2,12,Station 4.1: Inspection,15316.6,15381.4,15499.0,117.6,117.6,64.8,0
U4932,197,FUSE2,2,Station 1.1: Bottom cover,15383.1,15383.1,15495.3,112.2,112.2,0.0,0
U6815,273,FUSE2,15,Station 5.2: Top cover,15412.4,15412.4,15587.2,174.8,174.8,0.0,0
U4928,197,FUSE1,4,Station 2.1: Drill station,15337.5,15423.6,15600.4,176.8,176.8,86.1,0
U6819,273,FUSE2,11,Station 4: Inspection,15335.8,15424.2,15541.8,117.6,117.6,88.4,0
U4920,197,FUSE0,10,Station 3.4: Robot cell,15313.6,15431.2,15674.8,243.6,243.6,117.6,0
U6810,273,FUSE1,16,Station 6: Packaging,15433.4,15433.4,15549.4,116.0,116.0,0.0,0
U4933,197,FUSE2,1,Station 1: Bottom cover,15459.9,15459.9,15572.1,112.2,112.2,0.0,0
U4921,197,FUSE0,8,Station 3.2: Robot cell,15258.2,15461.2,15704.8,243.6,243.6,203.0,0
U6811,273,FUSE1,17,Station 6.1: Packaging,15431.0,15467.8,15583.8,116.0,116.0,36.8,0
U6820,273,FUSE2,12,Station 4.1: Inspection,15493.8,15499.0,15616.6,117.6,117.6,5.2,0
U4934,197,FUSE2,2,Station 1.1: Bottom cover,15499.1,15499.1,15611.3,112.2,112.2,0.0,0
U4922,197,FUSE0,7,Station 3.1: Robot cell,15325.8,15505.8,15749.4,243.6,243.6,180.0,0
U4929,197,FUSE1,5,Station 2.2: Drill station,15419.1,15508.2,15685.0,176.8,176.8,89.1,0
U6816,273,FUSE2,13,Station 5: Top cover,15512.4,15512.4,15687.2,174.8,174.8,0.0,0
U4930,197,FUSE1,3,Station 2: Drill station,15433.5,15532.8,15709.6,176.8,176.8,99.3,0
U4923,197,FUSE0,6,Station 3: Robot cell,15410.4,15540.4,15784.0,243.6,243.6,130.0,0
U6812,273,FUSE1,16,Station 6: Packaging,15471.0,15549.4,15665.4,116.0,116.0,78.4,0
U4916,197,FUSE0,11,Station 4: Inspection,15550.2,15550.2,15667.8,117.6,117.6,0.0,0
U6817,273,FUSE2,14,Station 5.1: Top cover,15555.2,15555.2,15730.0,174.8,174.8,0.0,0
U4935,197,FUSE2,1,Station 1: Bottom cover,15580.7,15580.7,15692.9,112.2,112.2,0.0,0
U6813,273,FUSE1,17,Station 6.1: Packaging,15588.6,15588.6,15704.6,116.0,116.0,0.0,0
U6818,273,FUSE2,15,Station 5.2: Top cover,15590.0,15590.0,15764.8,174.8,174.8,0.0,0
U4931,197,FUSE1,4,Station 2.1: Drill station,15515.1,15600.4,15777.2,176.8,176.8,85.3,0
U4936,197,FUSE2,2,Station 1.1: Bottom cover,15615.1,15615.1,15727.3,112.2,112.2,0.0,0
U4917,197,FUSE0,12,Station 4.1: Inspection,15560.2,15616.6,15734.2,117.6,117.6,56.4,0
U4924,197,FUSE1,9,Station 3.3: Robot cell,15455.0,15618.4,15924.0,305.6,305.6,163.4,0
U6814,273,FUSE2,16,Station 6: Packaging,15628.6,15665.4,15781.4,116.0,116.0,36.8,0
U6821,273,FUSE2,11,Station 4: Inspection,15564.8,15667.8,15785.4,117.6,117.6,103.0,0
U4925,197,FUSE1,10,Station 3.4: Robot cell,15562.6,15674.8,15980.4,305.6,305.6,112.2,0
U4932,197,FUSE2,5,Station 2.2: Drill station,15594.3,15685.0,15861.8,176.8,176.8,90.7,0
U6819,273,FUSE2,13,Station 5: Top cover,15692.8,15692.8,15867.6,174.8,174.8,0.0,0
U4937,197,FUSE2,1,Station 1: Bottom cover,15696.7,15696.7,15808.9,112.2,112.2,0.0,0
U6815,273,FUSE2,17,Station 6.1: Packaging,15626.2,15704.6,15820.6,116.0,116.0,78.4,0
U4926,197,FUSE1,8,Station 3.2: Robot cell,15627.2,15704.8,16010.4,305.6,305.6,77.6,0
U4933,197,FUSE2,3,Station 2: Drill station,15611.1,15709.6,15886.4,176.8,176.8,98.5,0
U6820,273,FUSE2,14,Station 5.1: Top cover,15727.6,15730.0,15904.8,174.8,174.8,2.4,0
U4918,197,FUSE0,12,Station 4.1: Inspection,15599.4,15734.2,15851.8,117.6,117.6,134.8,1
U4938,197,FUSE2,2,Station 1.1: Bottom cover,15735.9,15735.9,15848.1,112.2,112.2,0.0,0
U4927,197,FUSE1,7,Station 3.1: Robot cell,15591.8,15749.4,16055.0,305.6,305.6,157.6,0
U4934,197,FUSE2,4,Station 2.1: Drill station,15690.3,15777.2,15954.0,176.8,176.8,86.9,0
U4916,197,FUSE0,15,Station 5.2: Top cover,15778.8,15778.8,15953.6,174.8,174.8,0.0,0
U4928,197,FUSE1,6,Station 3: Robot cell,15659.4,15784.0,16089.6,305.6,305.6,124.6,0
U4919,197,FUSE0,11,Station 4: Inspection,15717.4,15785.4,15903.0,117.6,117.6,68.0,0
U6816,273,FUSE2,16,Station 6: Packaging,15786.2,15786.2,15902.2,116.0,116.0,0.0,0
U4939,197,FUSE2,1,Station 1: Bottom cover,15812.7,15812.7,15924.9,112.2,112.2,0.0,0
U6817,273,FUSE2,17,Station 6.1: Packaging,15789.0,15820.6,15936.6,116.0,116.0,31.6,0
U4920,197,FUSE0,12,Station 4.1: Inspection,15813.8,15851.8,15969.4,117.6,117.6,38.0,0
U4940,197,FUSE2,2,Station 1.1: Bottom cover,15851.9,15851.9,15964.1,112.2,112.2,0.0,0
U4935,197,FUSE2,5,Station 2.2: Drill station,15771.9,15861.8,16038.6,176.8,176.8,89.9,0
U4917,197,FUSE0,13,Station 5: Top cover,15865.2,15867.6,16042.4,174.8,174.8,2.4,0
U4936,197,FUSE2,3,Station 2: Drill station,15786.3,15886.4,16063.2,176.8,176.8,100.1,0
U6818,273,FUSE2,16,Station 6: Packaging,15823.8,15902.2,16018.2,116.0,116.0,78.4,0
U4921,197,FUSE0,11,Station 4: Inspection,15783.8,15903.0,16020.6,117.6,117.6,119.2,1
U6821,273,FUSE2,14,Station 5.1: Top cover,15916.4,15916.4,16091.2,174.8,174.8,0.0,0
U4929,197,FUSE1,9,Station 3.3: Robot cell,15824.0,15924.0,16229.6,305.6,305.6,100.0,0
U5728,229,FUSE0,1,Station 1: Bottom cover,15933.5,15933.5,16045.7,112.2,112.2,0.0,0
U6819,273,FUSE2,17,Station 6.1: Packaging,15946.6,15946.6,16062.6,116.0,116.0,0.0,0
U4918,197,FUSE0,15,Station 5.2: Top cover,15942.8,15953.6,16128.4,174.8,174.8,10.8,0
U4937,197,FUSE2,4,Station 2.1: Drill station,15867.9,15954.0,16130.8,176.8,176.8,86.1,0
U5729,229,FUSE0,2,Station 1.1: Bottom cover,15967.9,15967.9,16080.1,112.2,112.2,0.0,0
U4922,197,FUSE0,12,Station 4.1: Inspection,15828.4,15969.4,16087.0,117.6,117.6,141.0,1
U4930,197,FUSE1,10,Station 3.4: Robot cell,15828.6,15980.4,16286.0,305.6,305.6,151.8,0
U4931,197,FUSE1,8,Station 3.2: Robot cell,15876.2,16010.4,16316.0,305.6,305.6,134.2,0
U6820,273,FUSE2,16,Station 6: Packaging,15983.8,16018.2,16134.2,116.0,116.0,34.4,0
U4923,197,FUSE0,11,Station 4: Inspection,15823.0,16020.6,16138.2,117.6,117.6,197.6,1
U4938,197,FUSE2,5,Station 2.2: Drill station,15947.1,16038.6,16215.4,176.8,176.8,91.5,0
U5730,229,FUSE0,1,Station 1: Bottom cover,16049.5,16049.5,16161.7,112.2,112.2,0.0,0
U4919,197,FUSE0,13,Station 5: Top cover,16054.0,16054.0,16228.8,174.8,174.8,0.0,0
U4932,197,FUSE2,7,Station 3.1: Robot cell,15960.8,16055.0,16393.0,338.0,338.0,94.2,0
U4916,197,FUSE0,17,Station 6.1: Packaging,15992.6,16062.6,16178.6,116.0,116.0,70.0,0
U4939,197,FUSE2,3,Station 2: Drill station,15963.9,16063.2,16240.0,176.8,176.8,99.3,0
U4924,197,FUSE1,12,Station 4.1: Inspection,16043.0,16087.0,16204.6,117.6,117.6,44.0,0
U4933,197,FUSE2,6,Station 3: Robot cell,15925.4,16089.6,16427.6,338.0,338.0,164.2,0
U4920,197,FUSE0,14,Station 5.1: Top cover,16080.4,16091.2,16266.0,174.8,174.8,10.8,0
U5731,229,FUSE0,2,Station 1.1: Bottom cover,16093.9,16093.9,16206.1,112.2,112.2,0.0,0
U4940,197,FUSE2,4,Station 2.1: Drill station,16043.1,16130.8,16307.6,176.8,176.8,87.7,0
U4921,197,FUSE0,15,Station 5.2: Top cover,16131.6,16131.6,16306.4,174.8,174.8,0.0,0
U4925,197,FUSE1,11,Station 4: Inspection,16099.4,16138.2,16255.8,117.6,117.6,38.8,0
U4917,197,FUSE0,16,Station 6: Packaging,16141.4,16141.4,16257.4,116.0,116.0,0.0,0
U5732,229,FUSE0,1,Station 1: Bottom cover,16165.5,16165.5,16277.7,112.2,112.2,0.0,0
U6821,273,FUSE2,17,Station 6.1: Packaging,16150.2,16178.6,16294.6,116.0,116.0,28.4,0
U4926,197,FUSE1,12,Station 4.1: Inspection,16109.4,16204.6,16322.2,117.6,117.6,95.2,0
U5733,229,FUSE0,2,Station 1.1: Bottom cover,16209.9,16209.9,16322.1,112.2,112.2,0.0,0
U5728,229,FUSE0,5,Station 2.2: Drill station,16124.7,16215.4,16392.2,176.8,176.8,90.7,0
U4922,197,FUSE0,13,Station 5: Top cover,16218.0,16228.8,16403.6,174.8,174.8,10.8,0
U4934,197,FUSE2,9,Station 3.3: Robot cell,16073.0,16229.6,16567.6,338.0,338.0,156.6,0
U5729,229,FUSE0,3,Station 2: Drill station,16139.1,16240.0,16416.8,176.8,176.8,100.9,0
U4927,197,FUSE1,11,Station 4: Inspection,16114.0,16255.8,16373.4,117.6,117.6,141.8,1
U4918,197,FUSE0,16,Station 6: Packaging,16187.4,16257.4,16373.4,116.0,116.0,70.0,0
U4923,197,FUSE0,14,Station 5.1: Top cover,16269.2,16269.2,16444.0,174.8,174.8,0.0,0
U4935,197,FUSE2,10,Station 3.4: Robot cell,16197.6,16286.0,16624.0,338.0,338.0,88.4,0
U5734,229,FUSE1,1,Station 1: Bottom cover,16288.7,16288.7,16400.9,112.2,112.2,0.0,0
U4924,197,FUSE1,15,Station 5.2: Top cover,16295.6,16306.4,16481.2,174.8,174.8,10.8,0
U5730,229,FUSE0,4,Station 2.1: Drill station,16220.7,16307.6,16484.4,176.8,176.8,86.9,0
U4919,197,FUSE0,17,Station 6.1: Packaging,16307.8,16307.8,16423.8,116.0,116.0,0.0,0
U4936,197,FUSE2,8,Station 3.2: Robot cell,16142.2,16316.0,16654.0,338.0,338.0,173.8,0
U4928,197,FUSE1,12,Station 4.1: Inspection,16148.6,16322.2,16439.8,117.6,117.6,173.6,1
U5735,229,FUSE1,2,Station 1.1: Bottom cover,16325.9,16325.9,16438.1,112.2,112.2,0.0,0
U4920,197,FUSE0,16,Station 6: Packaging,16345.0,16373.4,16489.4,116.0,116.0,28.4,0
U4929,197,FUSE1,11,Station 4: Inspection,16328.6,16373.4,16491.0,117.6,117.6,44.8,0
U5731,229,FUSE0,5,Station 2.2: Drill station,16305.1,16392.2,16569.0,176.8,176.8,87.1,0
U4937,197,FUSE2,7,Station 3.1: Robot cell,16209.8,16393.0,16731.0,338.0,338.0,183.2,0
U5736,229,FUSE1,1,Station 1: Bottom cover,16404.7,16404.7,16516.9,112.2,112.2,0.0,0
U4925,197,FUSE1,13,Station 5: Top cover,16406.8,16406.8,16581.6,174.8,174.8,0.0,0
U5732,229,FUSE0,3,Station 2: Drill station,16316.7,16416.8,16593.6,176.8,176.8,100.1,0
U4921,197,FUSE0,17,Station 6.1: Packaging,16345.4,16423.8,16539.8,116.0,116.0,78.4,0
U4938,197,FUSE2,6,Station 3: Robot cell,16294.4,16427.6,16765.6,338.0,338.0,133.2,0
U4930,197,FUSE1,12,Station 4.1: Inspection,16425.0,16439.8,16557.4,117.6,117.6,14.8,0
U4926,197,FUSE1,14,Station 5.1: Top cover,16433.2,16444.0,16618.8,174.8,174.8,10.8,0
U5737,229,FUSE1,2,Station 1.1: Bottom cover,16455.1,16455.1,16567.3,112.2,112.2,0.0,0
U4927,197,FUSE1,15,Station 5.2: Top cover,16484.4,16484.4,16659.2,174.8,174.8,0.0,0
U5733,229,FUSE0,4,Station 2.1: Drill station,16401.1,16484.4,16661.2,176.8,176.8,83.3,0
U4931,197,FUSE1,11,Station 4: Inspection,16395.0,16491.0,16608.6,117.6,117.6,96.0,0
U4922,197,FUSE0,16,Station 6: Packaging,16502.6,16502.6,16618.6,116.0,116.0,0.0,0
U5738,229,FUSE1,1,Station 1: Bottom cover,16520.7,16520.7,16632.9,112.2,112.2,0.0,0
U4923,197,FUSE0,17,Station 6.1: Packaging,16503.0,16539.8,16655.8,116.0,116.0,36.8,0
U4932,197,FUSE2,12,Station 4.1: Inspection,16472.0,16557.4,16675.0,117.6,117.6,85.4,0
U4939,197,FUSE2,9,Station 3.3: Robot cell,16339.0,16567.6,16905.6,338.0,338.0,228.6,0
U5734,229,FUSE1,5,Station 2.2: Drill station,16479.9,16569.0,16745.8,176.8,176.8,89.1,0
U5739,229,FUSE1,2,Station 1.1: Bottom cover,16571.1,16571.1,16683.3,112.2,112.2,0.0,0
U4928,197,FUSE1,13,Station 5: Top cover,16570.8,16581.6,16756.4,174.8,174.8,10.8,0
U5735,229,FUSE1,3,Station 2: Drill station,16497.1,16593.6,16770.4,176.8,176.8,96.5,0
U4933,197,FUSE2,11,Station 4: Inspection,16466.6,16608.6,16726.2,117.6,117.6,142.0,1
U4924,197,FUSE1,16,Station 6: Packaging,16540.2,16618.6,16734.6,116.0,116.0,78.4,0
U4929,197,FUSE1,14,Station 5.1: Top cover,16622.0,16622.0,16796.8,174.8,174.8,0.0,0
U4940,197,FUSE2,10,Station 3.4: Robot cell,16446.6,16624.0,16962.0,338.0,338.0,177.4,0
U5740,229,FUSE2,1,Station 1: Bottom cover,16649.9,16649.9,16762.1,112.2,112.2,0.0,0
U5728,229,FUSE0,8,Station 3.2: Robot cell,16511.2,16654.0,16897.6,243.6,243.6,142.8,0
U4930,197,FUSE1,15,Station 5.2: Top cover,16648.4,16659.2,16834.0,174.8,174.8,10.8,0
U4925,197,FUSE1,17,Station 6.1: Packaging,16660.6,16660.6,16776.6,116.0,116.0,0.0,0
U5736,229,FUSE1,4,Station 2.1: Drill station,16575.9,16661.2,16838.0,176.8,176.8,85.3,0
U4934,197,FUSE2,12,Station 4.1: Inspection,16686.6,16686.6,16804.2,117.6,117.6,0.0,0
U5741,229,FUSE2,2,Station 1.1: Bottom cover,16687.1,16687.1,16799.3,112.2,112.2,0.0,0
U5729,229,FUSE0,7,Station 3.1: Robot cell,16475.8,16731.0,16974.6,243.6,243.6,255.2,0
U4926,197,FUSE1,16,Station 6: Packaging,16697.8,16734.6,16850.6,116.0,116.0,36.8,0
U4935,197,FUSE2,11,Station 4: Inspection,16743.0,16743.0,16860.6,117.6,117.6,0.0,0
U5737,229,FUSE1,5,Station 2.2: Drill station,16666.3,16745.8,16922.6,176.8,176.8,79.5,0
U4931,197,FUSE1,13,Station 5: Top cover,16759.6,16759.6,16934.4,174.8,174.8,0.0,0
U5730,229,FUSE0,6,Station 3: Robot cell,16543.4,16765.6,17009.2,243.6,243.6,222.2,0
U5742,229,FUSE2,1,Station 1: Bottom cover,16765.9,16765.9,16878.1,112.2,112.2,0.0,0
U5738,229,FUSE1,3,Station 2: Drill station,16671.9,16770.4,16947.2,176.8,176.8,98.5,0
U4927,197,FUSE1,17,Station 6.1: Packaging,16698.2,16776.6,16892.6,116.0,116.0,78.4,0
U4932,197,FUSE2,14,Station 5.1: Top cover,16786.0,16796.8,16971.6,174.8,174.8,10.8,0
U4936,197,FUSE2,12,Station 4.1: Inspection,16753.0,16804.2,16921.8,117.6,117.6,51.2,0
U5743,229,FUSE2,2,Station 1.1: Bottom cover,16807.9,16807.9,16920.1,112.2,112.2,0.0,0
U4933,197,FUSE2,15,Station 5.2: Top cover,16837.2,16837.2,17012.0,174.8,174.8,0.0,0
U5739,229,FUSE1,4,Station 2.1: Drill station,16762.3,16838.0,17014.8,176.8,176.8,75.7,0
U4928,197,FUSE1,16,Station 6: Packaging,16855.4,16855.4,16971.4,116.0,116.0,0.0,0
U4937,197,FUSE2,11,Station 4: Inspection,16790.0,16860.6,16978.2,117.6,117.6,70.6,0
U5744,229,FUSE2,1,Station 1: Bottom cover,16881.9,16881.9,16994.1,112.2,112.2,0.0,0
U4929,197,FUSE1,17,Station 6.1: Packaging,16855.8,16892.6,17008.6,116.0,116.0,36.8,0
U5731,229,FUSE0,8,Station 3.2: Robot cell,16688.0,16897.6,17141.2,243.6,243.6,209.6,0
U5732,229,FUSE0,9,Station 3.3: Robot cell,16692.6,16905.6,17149.2,243.6,243.6,213.0,0
U4938,197,FUSE2,12,Station 4.1: Inspection,16824.6,16921.8,17039.4,117.6,117.6,97.2,0
U5740,229,FUSE2,5,Station 2.2: Drill station,16841.1,16922.6,17099.4,176.8,176.8,81.5,0
U5745,229,FUSE2,2,Station 1.1: Bottom cover,16923.9,16923.9,17036.1,112.2,112.2,0.0,0
U4934,197,FUSE2,13,Station 5: Top cover,16935.2,16935.2,17110.0,174.8,174.8,0.0,0
U5741,229,FUSE2,3,Station 2: Drill station,16858.3,16947.2,17124.0,176.8,176.8,88.9,0
U5733,229,FUSE0,10,Station 3.4: Robot cell,16800.2,16962.0,17205.6,243.6,243.6,161.8,0
U4930,197,FUSE1,16,Station 6: Packaging,16893.0,16971.4,17087.4,116.0,116.0,78.4,0
U5734,229,FUSE1,7,Station 3.1: Robot cell,16844.8,16974.6,17280.2,305.6,305.6,129.8,0
U5728,229,FUSE0,11,Station 4: Inspection,16976.6,16978.2,17095.8,117.6,117.6,1.6,0
U4935,197,FUSE2,14,Station 5.1: Top cover,16991.6,16991.6,17166.4,174.8,174.8,0.0,0
U4506,181,FUSE0,1,Station 1: Bottom cover,17002.7,17002.7,17114.9,112.2,112.2,0.0,0
U5735,229,FUSE1,6,Station 3: Robot cell,16809.4,17009.2,17314.8,305.6,305.6,199.8,0
U4936,197,FUSE2,15,Station 5.2: Top cover,17012.8,17012.8,17187.6,174.8,174.8,0.0,0
U4931,197,FUSE1,17,Station 6.1: Packaging,17013.4,17013.4,17129.4,116.0,116.0,0.0,0
U5742,229,FUSE2,4,Station 2.1: Drill station,16937.1,17014.8,17191.6,176.8,176.8,77.7,0
U4939,197,FUSE2,12,Station 4.1: Inspection,17024.6,17039.4,17157.0,117.6,117.6,14.8,0
U4507,181,FUSE0,2,Station 1.1: Bottom cover,17039.9,17039.9,17152.1,112.2,112.2,0.0,0
U4932,197,FUSE2,16,Station 6: Packaging,17050.6,17087.4,17203.4,116.0,116.0,36.8,0
U5730,229,FUSE0,11,Station 4: Inspection,17048.2,17095.8,17213.4,117.6,117.6,47.6,0
U5743,229,FUSE2,5,Station 2.2: Drill station,17019.1,17099.4,17276.2,176.8,176.8,80.3,0
U4508,181,FUSE0,1,Station 1: Bottom cover,17118.7,17118.7,17230.9,112.2,112.2,0.0,0
U5744,229,FUSE2,3,Station 2: Drill station,17033.1,17124.0,17300.8,176.8,176.8,90.9,0
U4937,197,FUSE2,13,Station 5: Top cover,17129.2,17129.2,17304.0,174.8,174.8,0.0,0
U4933,197,FUSE2,17,Station 6.1: Packaging,17051.0,17129.4,17245.4,116.0,116.0,78.4,0
U5736,229,FUSE1,8,Station 3.2: Robot cell,16937.0,17141.2,17446.8,305.6,305.6,204.2,0
U5737,229,FUSE1,9,Station 3.3: Robot cell,17061.6,17149.2,17454.8,305.6,305.6,87.6,0
U5729,229,FUSE0,12,Station 4.1: Inspection,17053.6,17157.0,17274.6,117.6,117.6,103.4,0
U4509,181,FUSE0,2,Station 1.1: Bottom cover,17160.7,17160.7,17272.9,112.2,112.2,0.0,0
U4938,197,FUSE2,14,Station 5.1: Top cover,17150.4,17166.4,17341.2,174.8,174.8,16.0,0
U5745,229,FUSE2,4,Station 2.1: Drill station,17115.1,17191.6,17368.4,176.8,176.8,76.5,0
U5738,229,FUSE1,10,Station 3.4: Robot cell,17066.2,17205.6,17511.2,305.6,305.6,139.4,0
U5728,229,FUSE0,15,Station 5.2: Top cover,17206.8,17206.8,17381.6,174.8,174.8,0.0,0
U4934,197,FUSE2,16,Station 6: Packaging,17209.0,17209.0,17325.0,116.0,116.0,0.0,0
U4940,197,FUSE2,11,Station 4: Inspection,17081.0,17213.4,17331.0,117.6,117.6,132.4,1
U4510,181,FUSE0,1,Station 1: Bottom cover,17234.7,17234.7,17346.9,112.2,112.2,0.0,0
U4935,197,FUSE2,17,Station 6.1: Packaging,17225.4,17245.4,17361.4,116.0,116.0,20.0,0
U5731,229,FUSE0,12,Station 4.1: Inspection,17240.2,17274.6,17392.2,117.6,117.6,34.4,0
U4506,181,FUSE0,5,Station 2.2: Drill station,17193.9,17276.2,17453.0,176.8,176.8,82.3,0
U4511,181,FUSE0,2,Station 1.1: Bottom cover,17276.7,17276.7,17388.9,112.2,112.2,0.0,0
U5739,229,FUSE1,7,Station 3.1: Robot cell,17093.8,17280.2,17585.8,305.6,305.6,186.4,0
U4507,181,FUSE0,3,Station 2: Drill station,17211.1,17300.8,17477.6,176.8,176.8,89.7,0
U4939,197,FUSE2,13,Station 5: Top cover,17288.0,17304.0,17478.8,174.8,174.8,16.0,0
U5740,229,FUSE2,6,Station 3: Robot cell,17178.4,17314.8,17652.8,338.0,338.0,136.4,0
U4936,197,FUSE2,16,Station 6: Packaging,17246.6,17325.0,17441.0,116.0,116.0,78.4,0
U5732,229,FUSE0,11,Station 4: Inspection,17248.2,17331.0,17448.6,117.6,117.6,82.8,0
U5730,229,FUSE0,14,Station 5.1: Top cover,17344.4,17344.4,17519.2,174.8,174.8,0.0,0
U4512,181,FUSE0,1,Station 1: Bottom cover,17356.3,17356.3,17468.5,112.2,112.2,0.0,0
U4508,181,FUSE0,4,Station 2.1: Drill station,17289.9,17368.4,17545.2,176.8,176.8,78.5,0
U5729,229,FUSE0,15,Station 5.2: Top cover,17365.6,17381.6,17556.4,174.8,174.8,16.0,0
U4937,197,FUSE2,17,Station 6.1: Packaging,17383.0,17383.0,17499.0,116.0,116.0,0.0,0
U5733,229,FUSE0,12,Station 4.1: Inspection,17344.6,17392.2,17509.8,117.6,117.6,47.6,0
U4513,181,FUSE1,2,Station 1.1: Bottom cover,17392.7,17392.7,17504.9,112.2,112.2,0.0,0
U4938,197,FUSE2,16,Station 6: Packaging,17420.2,17441.0,17557.0,116.0,116.0,20.8,0
U5741,229,FUSE2,8,Station 3.2: Robot cell,17203.0,17446.8,17784.8,338.0,338.0,243.8,0
U5734,229,FUSE1,11,Station 4: Inspection,17339.2,17448.6,17566.2,117.6,117.6,109.4,0
U4509,181,FUSE0,5,Station 2.2: Drill station,17371.9,17453.0,17629.8,176.8,176.8,81.1,0
U5742,229,FUSE2,9,Station 3.3: Robot cell,17310.6,17454.8,17792.8,338.0,338.0,144.2,0
U4514,181,FUSE1,1,Station 1: Bottom cover,17472.3,17472.3,17584.5,112.2,112.2,0.0,0
U4510,181,FUSE0,3,Station 2: Drill station,17385.9,17477.6,17654.4,176.8,176.8,91.7,0
U4940,197,FUSE2,13,Station 5: Top cover,17482.0,17482.0,17656.8,174.8,174.8,0.0,0
U5728,229,FUSE0,17,Station 6.1: Packaging,17420.6,17499.0,17615.0,116.0,116.0,78.4,0
U5735,229,FUSE1,12,Station 4.1: Inspection,17373.8,17509.8,17627.4,117.6,117.6,136.0,1
U5743,229,FUSE2,10,Station 3.4: Robot cell,17435.2,17511.2,17849.2,338.0,338.0,76.0,0
U5731,229,FUSE0,14,Station 5.1: Top cover,17503.2,17519.2,17694.0,174.8,174.8,16.0,0
U4515,181,FUSE1,2,Station 1.1: Bottom cover,17530.3,17530.3,17642.5,112.2,112.2,0.0,0
U4511,181,FUSE0,4,Station 2.1: Drill station,17467.9,17545.2,17722.0,176.8,176.8,77.3,0
U5732,229,FUSE0,15,Station 5.2: Top cover,17559.6,17559.6,17734.4,174.8,174.8,0.0,0
U5736,229,FUSE1,11,Station 4: Inspection,17525.8,17566.2,17683.8,117.6,117.6,40.4,0
U4939,197,FUSE2,16,Station 6: Packaging,17577.8,17577.8,17693.8,116.0,116.0,0.0,0
U5744,229,FUSE2,7,Station 3.1: Robot cell,17359.8,17585.8,17923.8,338.0,338.0,226.0,0
U4516,181,FUSE1,1,Station 1: Bottom cover,17588.3,17588.3,17700.5,112.2,112.2,0.0,0
U5730,229,FUSE0,17,Station 6.1: Packaging,17578.2,17615.0,17731.0,116.0,116.0,36.8,0
U5737,229,FUSE1,12,Station 4.1: Inspection,17573.8,17627.4,17745.0,117.6,117.6,53.6,0
U4512,181,FUSE0,5,Station 2.2: Drill station,17547.5,17629.8,17806.6,176.8,176.8,82.3,0
U4517,181,FUSE1,2,Station 1.1: Bottom cover,17646.3,17646.3,17758.5,112.2,112.2,0.0,0
U5745,229,FUSE2,6,Station 3: Robot cell,17427.4,17652.8,17990.8,338.0,338.0,225.4,0
U4513,181,FUSE1,3,Station 2: Drill station,17563.9,17654.4,17831.2,176.8,176.8,90.5,0
U5733,229,FUSE0,13,Station 5: Top cover,17640.8,17656.8,17831.6,174.8,174.8,16.0,0
U5738,229,FUSE1,11,Station 4: Inspection,17630.2,17683.8,17801.4,117.6,117.6,53.6,0
U5729,229,FUSE0,16,Station 6: Packaging,17615.4,17693.8,17809.8,116.0,116.0,78.4,0
U5734,229,FUSE1,14,Station 5.1: Top cover,17697.2,17697.2,17872.0,174.8,174.8,0.0,0
U4514,181,FUSE1,4,Station 2.1: Drill station,17643.5,17722.0,17898.8,176.8,176.8,78.5,0
U4518,181,FUSE1,1,Station 1: Bottom cover,17725.1,17725.1,17837.3,112.2,112.2,0.0,0
U5735,229,FUSE1,15,Station 5.2: Top cover,17718.4,17734.4,17909.2,174.8,174.8,16.0,0
U4940,197,FUSE2,17,Station 6.1: Packaging,17735.8,17735.8,17851.8,116.0,116.0,0.0,0
U5739,229,FUSE1,12,Station 4.1: Inspection,17664.8,17745.0,17862.6,117.6,117.6,80.2,0
U4519,181,FUSE1,2,Station 1.1: Bottom cover,17762.3,17762.3,17874.5,112.2,112.2,0.0,0
U4506,181,FUSE0,8,Station 3.2: Robot cell,17572.0,17784.8,18028.4,243.6,243.6,212.8,0
U4507,181,FUSE0,9,Station 3.3: Robot cell,17576.6,17792.8,18036.4,243.6,243.6,216.2,0
U5740,229,FUSE2,11,Station 4: Inspection,17691.8,17801.4,17919.0,117.6,117.6,109.6,0
U4515,181,FUSE1,5,Station 2.2: Drill station,17741.5,17806.6,17983.4,176.8,176.8,65.1,0
U5731,229,FUSE0,16,Station 6: Packaging,17773.0,17809.8,17925.8,116.0,116.0,36.8,0
U4516,181,FUSE1,3,Station 2: Drill station,17739.5,17831.2,18008.0,176.8,176.8,91.7,0
U5736,229,FUSE1,13,Station 5: Top cover,17834.8,17834.8,18009.6,174.8,174.8,0.0,0
U4520,181,FUSE1,1,Station 1: Bottom cover,17841.1,17841.1,17953.3,112.2,112.2,0.0,0
U4508,181,FUSE0,10,Station 3.4: Robot cell,17684.2,17849.2,18092.8,243.6,243.6,165.0,0
U5732,229,FUSE0,17,Station 6.1: Packaging,17773.4,17851.8,17967.8,116.0,116.0,78.4,0
U5737,229,FUSE1,14,Station 5.1: Top cover,17856.0,17872.0,18046.8,174.8,174.8,16.0,0
U4521,181,FUSE2,2,Station 1.1: Bottom cover,17883.1,17883.1,17995.3,112.2,112.2,0.0,0
U5741,229,FUSE2,12,Station 4.1: Inspection,17883.8,17883.8,18001.4,117.6,117.6,0.0,0
U4517,181,FUSE1,4,Station 2.1: Drill station,17837.5,17898.8,18075.6,176.8,176.8,61.3,0
U5738,229,FUSE1,15,Station 5.2: Top cover,17912.4,17912.4,18087.2,174.8,174.8,0.0,0
U5742,229,FUSE2,11,Station 4: Inspection,17891.8,17919.0,18036.6,117.6,117.6,27.2,0
U4509,181,FUSE0,7,Station 3.1: Robot cell,17728.8,17923.8,18167.4,243.6,243.6,195.0,0
U5733,229,FUSE0,16,Station 6: Packaging,17930.6,17930.6,18046.6,116.0,116.0,0.0,0
U4522,181,FUSE2,1,Station 1: Bottom cover,17957.1,17957.1,18069.3,112.2,112.2,0.0,0
U5734,229,FUSE1,17,Station 6.1: Packaging,17931.0,17967.8,18083.8,116.0,116.0,36.8,0
U4518,181,FUSE1,5,Station 2.2: Drill station,17916.3,17983.4,18160.2,176.8,176.8,67.1,0
U4510,181,FUSE0,6,Station 3: Robot cell,17693.4,17990.8,18234.4,243.6,243.6,297.4,0
U4523,181,FUSE2,2,Station 1.1: Bottom cover,17999.1,17999.1,18111.3,112.2,112.2,0.0,0
U5743,229,FUSE2,12,Station 4.1: Inspection,17988.2,18001.4,18119.0,117.6,117.6,13.2,0
U4519,181,FUSE1,3,Station 2: Drill station,17933.5,18008.0,18184.8,176.8,176.8,74.5,0
U5739,229,FUSE1,13,Station 5: Top cover,17993.6,18009.6,18184.4,174.8,174.8,16.0,0
U4511,181,FUSE0,8,Station 3.2: Robot cell,17821.0,18028.4,18272.0,243.6,243.6,207.4,0
U4512,181,FUSE0,9,Station 3.3: Robot cell,17945.6,18036.4,18280.0,243.6,243.6,90.8,0
U5744,229,FUSE2,11,Station 4: Inspection,17982.8,18036.6,18154.2,117.6,117.6,53.8,0
U5735,229,FUSE1,16,Station 6: Packaging,17968.2,18046.6,18162.6,116.0,116.0,78.4,0
U5740,229,FUSE2,14,Station 5.1: Top cover,18050.0,18050.0,18224.8,174.8,174.8,0.0,0
U4520,181,FUSE1,4,Station 2.1: Drill station,18012.3,18075.6,18252.4,176.8,176.8,63.3,0
U4524,181,FUSE2,1,Station 1: Bottom cover,18077.9,18077.9,18190.1,112.2,112.2,0.0,0
U5736,229,FUSE1,17,Station 6.1: Packaging,18088.6,18088.6,18204.6,116.0,116.0,0.0,0
U5741,229,FUSE2,15,Station 5.2: Top cover,18092.4,18092.4,18267.2,174.8,174.8,0.0,0
U4513,181,FUSE1,10,Station 3.4: Robot cell,17950.2,18092.8,18398.4,305.6,305.6,142.6,0
U4525,181,FUSE2,2,Station 1.1: Bottom cover,18115.1,18115.1,18227.3,112.2,112.2,0.0,0
U5745,229,FUSE2,12,Station 4.1: Inspection,18049.8,18119.0,18236.6,117.6,117.6,69.2,0
U4506,181,FUSE0,11,Station 4: Inspection,18107.4,18154.2,18271.8,117.6,117.6,46.8,0
U4521,181,FUSE2,5,Station 2.2: Drill station,18094.3,18160.2,18337.0,176.8,176.8,65.9,0
U5737,229,FUSE1,16,Station 6: Packaging,18125.8,18162.6,18278.6,116.0,116.0,36.8,0
U4514,181,FUSE1,7,Station 3.1: Robot cell,17977.8,18167.4,18473.0,305.6,305.6,189.6,0
U4522,181,FUSE2,3,Station 2: Drill station,18108.3,18184.8,18361.6,176.8,176.8,76.5,0
U5742,229,FUSE2,13,Station 5: Top cover,18187.6,18187.6,18362.4,174.8,174.8,0.0,0
U4526,181,FUSE2,1,Station 1: Bottom cover,18193.9,18193.9,18306.1,112.2,112.2,0.0,0
U5738,229,FUSE1,17,Station 6.1: Packaging,18126.2,18204.6,18320.6,116.0,116.0,78.4,0
U5743,229,FUSE2,14,Station 5.1: Top cover,18230.0,18230.0,18404.8,174.8,174.8,0.0,0
U4515,181,FUSE1,6,Station 3: Robot cell,18062.4,18234.4,18540.0,305.6,305.6,172.0,0
U4527,181,FUSE2,2,Station 1.1: Bottom cover,18235.9,18235.9,18348.1,112.2,112.2,0.0,0
U4507,181,FUSE0,12,Station 4.1: Inspection,18155.4,18236.6,18354.2,117.6,117.6,81.2,0
U4523,181,FUSE2,4,Station 2.1: Drill station,18190.3,18252.4,18429.2,176.8,176.8,62.1,0
U5744,229,FUSE2,15,Station 5.2: Top cover,18265.2,18267.2,18442.0,174.8,174.8,2.0,0
U4508,181,FUSE0,11,Station 4: Inspection,18211.8,18271.8,18389.4,117.6,117.6,60.0,0
U4516,181,FUSE1,8,Station 3.2: Robot cell,18087.0,18272.0,18577.6,305.6,305.6,185.0,0
U4517,181,FUSE1,9,Station 3.3: Robot cell,18194.6,18280.0,18585.6,305.6,305.6,85.4,0
U5739,229,FUSE1,16,Station 6: Packaging,18283.4,18283.4,18399.4,116.0,116.0,0.0,0
U4528,181,FUSE2,1,Station 1: Bottom cover,18309.9,18309.9,18422.1,112.2,112.2,0.0,0
U5740,229,FUSE2,17,Station 6.1: Packaging,18283.8,18320.6,18436.6,116.0,116.0,36.8,0
U4524,181,FUSE2,5,Station 2.2: Drill station,18269.1,18337.0,18513.8,176.8,176.8,67.9,0
U210,9,FUSE0,2,Station 1.1: Bottom cover,18351.9,18351.9,18464.1,112.2,112.2,0.0,0
U4509,181,FUSE0,12,Station 4.1: Inspection,18246.4,18354.2,18471.8,117.6,117.6,107.8,0
U4525,181,FUSE2,3,Station 2: Drill station,18286.3,18361.6,18538.4,176.8,176.8,75.3,0
U5745,229,FUSE2,13,Station 5: Top cover,18367.6,18367.6,18542.4,174.8,174.8,0.0,0
U4510,181,FUSE0,11,Station 4: Inspection,18273.4,18389.4,18507.0,117.6,117.6,116.0,0
U4518,181,FUSE1,10,Station 3.4: Robot cell,18319.2,18398.4,18704.0,305.6,305.6,79.2,0
U5741,229,FUSE2,16,Station 6: Packaging,18326.2,18399.4,18515.4,116.0,116.0,73.2,0
U4506,181,FUSE0,14,Station 5.1: Top cover,18402.8,18404.8,18579.6,174.8,174.8,2.0,0
U4526,181,FUSE2,4,Station 2.1: Drill station,18365.1,18429.2,18606.0,176.8,176.8,64.1,0
U211,9,FUSE0,1,Station 1: Bottom cover,18430.7,18430.7,18542.9,112.2,112.2,0.0,0
U5742,229,FUSE2,17,Station 6.1: Packaging,18441.4,18441.4,18557.4,116.0,116.0,0.0,0
U4507,181,FUSE0,15,Station 5.2: Top cover,18445.2,18445.2,18620.0,174.8,174.8,0.0,0
U212,9,FUSE0,2,Station 1.1: Bottom cover,18467.9,18467.9,18580.1,112.2,112.2,0.0,0
U4511,181,FUSE0,12,Station 4.1: Inspection,18371.0,18471.8,18589.4,117.6,117.6,100.8,0
U4519,181,FUSE1,7,Station 3.1: Robot cell,18243.8,18473.0,18778.6,305.6,305.6,229.2,0
U4512,181,FUSE0,11,Station 4: Inspection,18379.0,18507.0,18624.6,117.6,117.6,128.0,1
U4527,181,FUSE2,5,Station 2.2: Drill station,18447.1,18513.8,18690.6,176.8,176.8,66.7,0
U5743,229,FUSE2,16,Station 6: Packaging,18483.8,18515.4,18631.4,116.0,116.0,31.6,0
U4528,181,FUSE2,3,Station 2: Drill station,18461.1,18538.4,18715.2,176.8,176.8,77.3,0
U4520,181,FUSE1,6,Station 3: Robot cell,18311.4,18540.0,18845.6,305.6,305.6,228.6,0
U4508,181,FUSE0,13,Station 5: Top cover,18540.4,18542.4,18717.2,174.8,174.8,2.0,0
U213,9,FUSE0,1,Station 1: Bottom cover,18546.7,18546.7,18658.9,112.2,112.2,0.0,0
U5744,229,FUSE2,17,Station 6.1: Packaging,18481.0,18557.4,18673.4,116.0,116.0,76.4,0
U4521,181,FUSE2,8,Station 3.2: Robot cell,18456.0,18577.6,18915.6,338.0,338.0,121.6,0
U4509,181,FUSE0,14,Station 5.1: Top cover,18582.8,18582.8,18757.6,174.8,174.8,0.0,0
U4522,181,FUSE2,9,Station 3.3: Robot cell,18460.6,18585.6,18923.6,338.0,338.0,125.0,0
U214,9,FUSE0,2,Station 1.1: Bottom cover,18588.7,18588.7,18700.9,112.2,112.2,0.0,0
U4513,181,FUSE1,12,Station 4.1: Inspection,18537.4,18589.4,18707.0,117.6,117.6,52.0,0
U210,9,FUSE0,4,Station 2.1: Drill station,18543.1,18606.0,18782.8,176.8,176.8,62.9,0
U4510,181,FUSE0,15,Station 5.2: Top cover,18618.0,18620.0,18794.8,174.8,174.8,2.0,0
U4514,181,FUSE1,11,Station 4: Inspection,18532.0,18624.6,18742.2,117.6,117.6,92.6,0
U5745,229,FUSE2,16,Station 6: Packaging,18641.4,18641.4,18757.4,116.0,116.0,0.0,0
U215,9,FUSE0,1,Station 1: Bottom cover,18662.7,18662.7,18774.9,112.2,112.2,0.0,0
U4506,181,FUSE0,17,Station 6.1: Packaging,18638.6,18673.4,18789.4,116.0,116.0,34.8,0
U211,9,FUSE0,5,Station 2.2: Drill station,18621.9,18690.6,18867.4,176.8,176.8,68.7,0
U4523,181,FUSE2,10,Station 3.4: Robot cell,18568.2,18704.0,19042.0,338.0,338.0,135.8,0
U216,9,FUSE0,2,Station 1.1: Bottom cover,18704.7,18704.7,18816.9,112.2,112.2,0.0,0
U4515,181,FUSE1,12,Station 4.1: Inspection,18599.0,18707.0,18824.6,117.6,117.6,108.0,0
U212,9,FUSE0,3,Station 2: Drill station,18639.1,18715.2,18892.0,176.8,176.8,76.1,0
U4511,181,FUSE0,13,Station 5: Top cover,18720.4,18720.4,18895.2,174.8,174.8,0.0,0
U4516,181,FUSE1,11,Station 4: Inspection,18656.6,18742.2,18859.8,117.6,117.6,85.6,0
U4507,181,FUSE0,16,Station 6: Packaging,18679.0,18757.4,18873.4,116.0,116.0,78.4,0
U4512,181,FUSE0,14,Station 5.1: Top cover,18755.6,18757.6,18932.4,174.8,174.8,2.0,0
U4524,181,FUSE2,7,Station 3.1: Robot cell,18612.8,18778.6,19116.6,338.0,338.0,165.8,0
U213,9,FUSE0,4,Station 2.1: Drill station,18717.9,18782.8,18959.6,176.8,176.8,64.9,0
U217,9,FUSE0,1,Station 1: Bottom cover,18788.7,18788.7,18900.9,112.2,112.2,0.0,0
U4508,181,FUSE0,17,Station 6.1: Packaging,18796.2,18796.2,18912.2,116.0,116.0,0.0,0
U4513,181,FUSE1,15,Station 5.2: Top cover,18798.0,18798.0,18972.8,174.8,174.8,0.0,0
U218,9,FUSE0,2,Station 1.1: Bottom cover,18820.7,18820.7,18932.9,112.2,112.2,0.0,0
U4517,181,FUSE1,12,Station 4.1: Inspection,18704.6,18824.6,18942.2,117.6,117.6,120.0,1
U4525,181,FUSE2,6,Station 3: Robot cell,18577.4,18845.6,19183.6,338.0,338.0,268.2,0
U4518,181,FUSE1,11,Station 4: Inspection,18823.0,18859.8,18977.4,117.6,117.6,36.8,0
U214,9,FUSE0,5,Station 2.2: Drill station,18799.9,18867.4,19044.2,176.8,176.8,67.5,0
U4509,181,FUSE0,16,Station 6: Packaging,18836.6,18873.4,18989.4,116.0,116.0,36.8,0
U215,9,FUSE0,3,Station 2: Drill station,18813.9,18892.0,19068.8,176.8,176.8,78.1,0
U4514,181,FUSE1,13,Station 5: Top cover,18893.2,18895.2,19070.0,174.8,174.8,2.0,0
U219,9,FUSE1,1,Station 1: Bottom cover,18904.7,18904.7,19016.9,112.2,112.2,0.0,0
U4510,181,FUSE0,17,Station 6.1: Packaging,18833.8,18912.2,19028.2,116.0,116.0,78.4,0
U4526,181,FUSE2,8,Station 3.2: Robot cell,18705.0,18915.6,19253.6,338.0,338.0,210.6,0
U4527,181,FUSE2,9,Station 3.3: Robot cell,18829.6,18923.6,19261.6,338.0,338.0,94.0,0
U4515,181,FUSE1,14,Station 5.1: Top cover,18935.6,18935.6,19110.4,174.8,174.8,0.0,0
U4519,181,FUSE1,12,Station 4.1: Inspection,18857.6,18942.2,19059.8,117.6,117.6,84.6,0
U220,9,FUSE1,2,Station 1.1: Bottom cover,18943.5,18943.5,19055.7,112.2,112.2,0.0,0
U216,9,FUSE0,4,Station 2.1: Drill station,18895.9,18959.6,19136.4,176.8,176.8,63.7,0
U4516,181,FUSE1,15,Station 5.2: Top cover,18970.8,18972.8,19147.6,174.8,174.8,2.0,0
U4520,181,FUSE1,11,Station 4: Inspection,18884.6,18977.4,19095.0,117.6,117.6,92.8,0
U4511,181,FUSE0,16,Station 6: Packaging,18994.2,18994.2,19110.2,116.0,116.0,0.0,0
U221,9,FUSE1,1,Station 1: Bottom cover,19020.7,19020.7,19132.9,112.2,112.2,0.0,0
U4512,181,FUSE0,17,Station 6.1: Packaging,18991.4,19028.2,19144.2,116.0,116.0,36.8,0
U4528,181,FUSE2,10,Station 3.4: Robot cell,18834.2,19042.0,19380.0,338.0,338.0,207.8,0
U217,9,FUSE0,5,Station 2.2: Drill station,18979.9,19044.2,19221.0,176.8,176.8,64.3,0
U222,9,FUSE1,2,Station 1.1: Bottom cover,19059.5,19059.5,19171.7,112.2,112.2,0.0,0
U4521,181,FUSE2,12,Station 4.1: Inspection,19014.6,19059.8,19177.4,117.6,117.6,45.2,0
U218,9,FUSE0,3,Station 2: Drill station,18991.9,19068.8,19245.6,176.8,176.8,76.9,0
U4517,181,FUSE1,13,Station 5: Top cover,19073.2,19073.2,19248.0,174.8,174.8,0.0,0
U4522,181,FUSE2,11,Station 4: Inspection,19022.6,19095.0,19212.6,117.6,117.6,72.4,0
U4513,181,FUSE1,16,Station 6: Packaging,19031.8,19110.2,19226.2,116.0,116.0,78.4,0
U4518,181,FUSE1,14,Station 5.1: Top cover,19108.4,19110.4,19285.2,174.8,174.8,2.0,0
U210,9,FUSE0,7,Station 3.1: Robot cell,18861.8,19116.6,19360.2,243.6,243.6,254.8,0
U219,9,FUSE1,4,Station 2.1: Drill station,19075.9,19136.4,19313.2,176.8,176.8,60.5,0
U223,9,FUSE1,1,Station 1: Bottom cover,19141.5,19141.5,19253.7,112.2,112.2,0.0,0
U4514,181,FUSE1,17,Station 6.1: Packaging,19149.0,19149.0,19265.0,116.0,116.0,0.0,0
U4519,181,FUSE1,15,Station 5.2: Top cover,19150.8,19150.8,19325.6,174.8,174.8,0.0,0
U224,9,FUSE1,2,Station 1.1: Bottom cover,19175.5,19175.5,19287.7,112.2,112.2,0.0,0
U4523,181,FUSE2,12,Station 4.1: Inspection,19181.0,19181.0,19298.6,117.6,117.6,0.0,0
U211,9,FUSE0,6,Station 3: Robot cell,18946.4,19183.6,19427.2,243.6,243.6,237.2,0
U4524,181,FUSE2,11,Station 4: Inspection,19175.6,19212.6,19330.2,117.6,117.6,37.0,0
U220,9,FUSE1,5,Station 2.2: Drill station,19154.7,19221.0,19397.8,176.8,176.8,66.3,0
U4515,181,FUSE1,16,Station 6: Packaging,19189.4,19226.2,19342.2,116.0,116.0,36.8,0
U221,9,FUSE1,3,Station 2: Drill station,19171.9,19245.6,19422.4,176.8,176.8,73.7,0
U4520,181,FUSE1,13,Station 5: Top cover,19246.0,19248.0,19422.8,174.8,174.8,2.0,0
U212,9,FUSE0,8,Station 3.2: Robot cell,18971.0,19253.6,19497.2,243.6,243.6,282.6,0
U225,9,FUSE1,1,Station 1: Bottom cover,19257.5,19257.5,19369.7,112.2,112.2,0.0,0
U213,9,FUSE0,9,Station 3.3: Robot cell,19078.6,19261.6,19505.2,243.6,243.6,183.0,0
U4516,181,FUSE1,17,Station 6.1: Packaging,19186.6,19265.0,19381.0,116.0,116.0,78.4,0
U4521,181,FUSE2,14,Station 5.1: Top cover,19288.4,19288.4,19463.2,174.8,174.8,0.0,0
U226,9,FUSE1,2,Station 1.1: Bottom cover,19296.3,19296.3,19408.5,112.2,112.2,0.0,0
U4525,181,FUSE2,12,Station 4.1: Inspection,19242.6,19298.6,19416.2,117.6,117.6,56.0,0
U222,9,FUSE1,4,Station 2.1: Drill station,19250.7,19313.2,19490.0,176.8,176.8,62.5,0
U4522,181,FUSE2,15,Station 5.2: Top cover,19323.6,19325.6,19500.4,174.8,174.8,2.0,0
U4526,181,FUSE2,11,Station 4: Inspection,19332.6,19332.6,19450.2,117.6,117.6,0.0,0
U4517,181,FUSE1,16,Station 6: Packaging,19347.0,19347.0,19463.0,116.0,116.0,0.0,0
U214,9,FUSE0,7,Station 3.1: Robot cell,19143.2,19360.2,19603.8,243.6,243.6,217.0,0
U227,9,FUSE1,1,Station 1: Bottom cover,19373.5,19373.5,19485.7,112.2,112.2,0.0,0
U215,9,FUSE0,10,Station 3.4: Robot cell,19187.8,19380.0,19623.6,243.6,243.6,192.2,0
U4518,181,FUSE1,17,Station 6.1: Packaging,19344.2,19381.0,19497.0,116.0,116.0,36.8,0
U223,9,FUSE1,5,Station 2.2: Drill station,19332.7,19397.8,19574.6,176.8,176.8,65.1,0
U228,9,FUSE2,2,Station 1.1: Bottom cover,19412.3,19412.3,19524.5,112.2,112.2,0.0,0
U4527,181,FUSE2,12,Station 4.1: Inspection,19380.6,19416.2,19533.8,117.6,117.6,35.6,0
U224,9,FUSE1,3,Station 2: Drill station,19346.7,19422.4,19599.2,176.8,176.8,75.7,0
U216,9,FUSE0,6,Station 3: Robot cell,19195.4,19427.2,19670.8,243.6,243.6,231.8,0
U4523,181,FUSE2,13,Station 5: Top cover,19429.6,19429.6,19604.4,174.8,174.8,0.0,0
U210,9,FUSE0,11,Station 4: Inspection,19419.2,19450.2,19567.8,117.6,117.6,31.0,0
U4519,181,FUSE1,16,Station 6: Packaging,19384.6,19463.0,19579.0,116.0,116.0,78.4,0
U4524,181,FUSE2,14,Station 5.1: Top cover,19461.2,19463.2,19638.0,174.8,174.8,2.0,0
U225,9,FUSE1,4,Station 2.1: Drill station,19428.7,19490.0,19666.8,176.8,176.8,61.3,0
U229,9,FUSE2,1,Station 1: Bottom cover,19494.3,19494.3,19606.5,112.2,112.2,0.0,0
U217,9,FUSE0,8,Station 3.2: Robot cell,19340.0,19497.2,19740.8,243.6,243.6,157.2,0
U4520,181,FUSE1,17,Station 6.1: Packaging,19501.8,19501.8,19617.8,116.0,116.0,0.0,0
U218,9,FUSE0,9,Station 3.3: Robot cell,19344.6,19505.2,19748.8,243.6,243.6,160.6,0
U4525,181,FUSE2,15,Station 5.2: Top cover,19507.2,19507.2,19682.0,174.8,174.8,0.0,0
U230,9,FUSE2,2,Station 1.1: Bottom cover,19528.3,19528.3,19640.5,112.2,112.2,0.0,0
U4528,181,FUSE2,12,Station 4.1: Inspection,19519.0,19533.8,19651.4,117.6,117.6,14.8,0
U211,9,FUSE0,11,Station 4: Inspection,19466.2,19567.8,19685.4,117.6,117.6,101.6,0
U226,9,FUSE1,5,Station 2.2: Drill station,19507.5,19574.6,19751.4,176.8,176.8,67.1,0
U4521,181,FUSE2,16,Station 6: Packaging,19542.2,19579.0,19695.0,116.0,116.0,36.8,0
U227,9,FUSE1,3,Station 2: Drill station,19524.7,19599.2,19776.0,176.8,176.8,74.5,0
U219,9,FUSE1,7,Station 3.1: Robot cell,19392.2,19603.8,19909.4,305.6,305.6,211.6,0
U4526,181,FUSE2,13,Station 5: Top cover,19601.2,19604.4,19779.2,174.8,174.8,3.2,0
U231,9,FUSE2,1,Station 1: Bottom cover,19610.3,19610.3,19722.5,112.2,112.2,0.0,0
U4522,181,FUSE2,17,Station 6.1: Packaging,19539.4,19617.8,19733.8,116.0,116.0,78.4,0
U220,9,FUSE1,10,Station 3.4: Robot cell,19556.8,19623.6,19929.2,305.6,305.6,66.8,0
U4527,181,FUSE2,14,Station 5.1: Top cover,19644.8,19644.8,19819.6,174.8,174.8,0.0,0
U232,9,FUSE2,2,Station 1.1: Bottom cover,19649.1,19649.1,19761.3,112.2,112.2,0.0,0
U212,9,FUSE0,12,Station 4.1: Inspection,19596.2,19651.4,19769.0,117.6,117.6,55.2,0
U228,9,FUSE2,4,Station 2.1: Drill station,19603.5,19666.8,19843.6,176.8,176.8,63.3,0
U221,9,FUSE1,6,Station 3: Robot cell,19461.4,19670.8,19976.4,305.6,305.6,209.4,0
U210,9,FUSE0,15,Station 5.2: Top cover,19678.8,19682.0,19856.8,174.8,174.8,3.2,0
U213,9,FUSE0,11,Station 4: Inspection,19604.2,19685.4,19803.0,117.6,117.6,81.2,0
U4523,181,FUSE2,16,Station 6: Packaging,19703.4,19703.4,19819.4,116.0,116.0,0.0,0
U233,9,FUSE2,1,Station 1: Bottom cover,19726.3,19726.3,19838.5,112.2,112.2,0.0,0
U4524,181,FUSE2,17,Station 6.1: Packaging,19697.0,19733.8,19849.8,116.0,116.0,36.8,0
U222,9,FUSE1,8,Station 3.2: Robot cell,19589.0,19740.8,20046.4,305.6,305.6,151.8,0
U223,9,FUSE1,9,Station 3.3: Robot cell,19713.6,19748.8,20054.4,305.6,305.6,35.2,0
U229,9,FUSE2,5,Station 2.2: Drill station,19685.5,19751.4,19928.2,176.8,176.8,65.9,0
U234,9,FUSE2,2,Station 1.1: Bottom cover,19765.1,19765.1,19877.3,112.2,112.2,0.0,0
U214,9,FUSE0,12,Station 4.1: Inspection,19682.8,19769.0,19886.6,117.6,117.6,86.2,0
U230,9,FUSE2,3,Station 2: Drill station,19699.5,19776.0,19952.8,176.8,176.8,76.5,0
U4528,181,FUSE2,13,Station 5: Top cover,19782.4,19782.4,19957.2,174.8,174.8,0.0,0
U215,9,FUSE0,11,Station 4: Inspection,19742.6,19803.0,19920.6,117.6,117.6,60.4,0
U4525,181,FUSE2,16,Station 6: Packaging,19741.0,19819.4,19935.4,116.0,116.0,78.4,0
U211,9,FUSE0,14,Station 5.1: Top cover,19816.4,19819.6,19994.4,174.8,174.8,3.2,0
U231,9,FUSE2,4,Station 2.1: Drill station,19781.5,19843.6,20020.4,176.8,176.8,62.1,0
U235,9,FUSE2,1,Station 1: Bottom cover,19850.7,19850.7,19962.9,112.2,112.2,0.0,0
U4526,181,FUSE2,17,Station 6.1: Packaging,19858.2,19858.2,19974.2,116.0,116.0,0.0,0
U212,9,FUSE0,15,Station 5.2: Top cover,19860.0,19860.0,20034.8,174.8,174.8,0.0,0
U758,31,FUSE0,2,Station 1.1: Bottom cover,19881.1,19881.1,19993.3,112.2,112.2,0.0,0
U216,9,FUSE0,12,Station 4.1: Inspection,19729.8,19886.6,20004.2,117.6,117.6,156.8,1
U224,9,FUSE1,7,Station 3.1: Robot cell,19658.2,19909.4,20215.0,305.6,305.6,251.2,0
U217,9,FUSE0,11,Station 4: Inspection,19819.8,19920.6,20038.2,117.6,117.6,100.8,0
U232,9,FUSE2,5,Station 2.2: Drill station,19860.3,19928.2,20105.0,176.8,176.8,67.9,0
U225,9,FUSE1,10,Station 3.4: Robot cell,19805.8,19929.2,20234.8,305.6,305.6,123.4,0
U4527,181,FUSE2,16,Station 6: Packaging,19898.6,19935.4,20051.4,116.0,116.0,36.8,0
U233,9,FUSE2,3,Station 2: Drill station,19877.5,19952.8,20129.6,176.8,176.8,75.3,0
U213,9,FUSE0,13,Station 5: Top cover,19954.0,19957.2,20132.0,174.8,174.8,3.2,0
U759,31,FUSE0,1,Station 1: Bottom cover,19966.7,19966.7,20078.9,112.2,112.2,0.0,0
U210,9,FUSE0,17,Station 6.1: Packaging,19895.8,19974.2,20090.2,116.0,116.0,78.4,0
U226,9,FUSE1,6,Station 3: Robot cell,19830.4,19976.4,20282.0,305.6,305.6,146.0,0
U214,9,FUSE0,14,Station 5.1: Top cover,19997.6,19997.6,20172.4,174.8,174.8,0.0,0
U218,9,FUSE0,12,Station 4.1: Inspection,19867.8,20004.2,20121.8,117.6,117.6,136.4,1
U760,31,FUSE0,2,Station 1.1: Bottom cover,20005.5,20005.5,20117.7,112.2,112.2,0.0,0
U234,9,FUSE2,4,Station 2.1: Drill station,19956.3,20020.4,20197.2,176.8,176.8,64.1,0
U215,9,FUSE0,15,Station 5.2: Top cover,20031.6,20034.8,20209.6,174.8,174.8,3.2,0
U219,9,FUSE1,11,Station 4: Inspection,19968.4,20038.2,20155.8,117.6,117.6,69.8,0
U227,9,FUSE1,8,Station 3.2: Robot cell,19855.0,20046.4,20352.0,305.6,305.6,191.4,0
U228,9,FUSE2,9,Station 3.3: Robot cell,19962.6,20054.4,20392.4,338.0,338.0,91.8,0
U4528,181,FUSE2,16,Station 6: Packaging,20056.2,20056.2,20172.2,116.0,116.0,0.0,0
U761,31,FUSE0,1,Station 1: Bottom cover,20082.7,20082.7,20194.9,112.2,112.2,0.0,0
U211,9,FUSE0,17,Station 6.1: Packaging,20053.4,20090.2,20206.2,116.0,116.0,36.8,0
U235,9,FUSE2,5,Station 2.2: Drill station,20041.9,20105.0,20281.8,176.8,176.8,63.1,0
U762,31,FUSE0,2,Station 1.1: Bottom cover,20121.5,20121.5,20233.7,112.2,112.2,0.0,0
U220,9,FUSE1,12,Station 4.1: Inspection,20068.2,20121.8,20239.4,117.6,117.6,53.6,0
U758,31,FUSE0,3,Station 2: Drill station,20052.3,20129.6,20306.4,176.8,176.8,77.3,0
U216,9,FUSE0,13,Station 5: Top cover,20135.2,20135.2,20310.0,174.8,174.8,0.0,0
U221,9,FUSE1,11,Station 4: Inspection,20015.4,20155.8,20273.4,117.6,117.6,140.4,1
U212,9,FUSE0,16,Station 6: Packaging,20093.8,20172.2,20288.2,116.0,116.0,78.4,0
U217,9,FUSE0,14,Station 5.1: Top cover,20169.2,20172.4,20347.2,174.8,174.8,3.2,0
U759,31,FUSE0,4,Station 2.1: Drill station,20137.9,20197.2,20374.0,176.8,176.8,59.3,0
U763,31,FUSE0,1,Station 1: Bottom cover,20203.5,20203.5,20315.7,112.2,112.2,0.0,0
U213,9,FUSE0,17,Station 6.1: Packaging,20211.0,20211.0,20327.0,116.0,116.0,0.0,0
U218,9,FUSE0,15,Station 5.2: Top cover,20212.8,20212.8,20387.6,174.8,174.8,0.0,0
U229,9,FUSE2,7,Station 3.1: Robot cell,20027.2,20215.0,20553.0,338.0,338.0,187.8,0
U230,9,FUSE2,10,Station 3.4: Robot cell,20071.8,20234.8,20572.8,338.0,338.0,163.0,0
U764,31,FUSE0,2,Station 1.1: Bottom cover,20237.5,20237.5,20349.7,112.2,112.2,0.0,0
U222,9,FUSE1,12,Station 4.1: Inspection,20145.4,20239.4,20357.0,117.6,117.6,94.0,0
U223,9,FUSE1,11,Station 4: Inspection,20153.4,20273.4,20391.0,117.6,117.6,120.0,1
U760,31,FUSE0,5,Station 2.2: Drill station,20216.7,20281.8,20458.6,176.8,176.8,65.1,0
U231,9,FUSE2,6,Station 3: Robot cell,20079.4,20282.0,20620.0,338.0,338.0,202.6,0
U214,9,FUSE0,16,Station 6: Packaging,20251.4,20288.2,20404.2,116.0,116.0,36.8,0
U761,31,FUSE0,3,Station 2: Drill station,20233.9,20306.4,20483.2,176.8,176.8,72.5,0
U219,9,FUSE1,13,Station 5: Top cover,20306.8,20310.0,20484.8,174.8,174.8,3.2,0
U765,31,FUSE0,1,Station 1: Bottom cover,20319.5,20319.5,20431.7,112.2,112.2,0.0,0
U215,9,FUSE0,17,Station 6.1: Packaging,20248.6,20327.0,20443.0,116.0,116.0,78.4,0
U220,9,FUSE1,14,Station 5.1: Top cover,20350.4,20350.4,20525.2,174.8,174.8,0.0,0
U232,9,FUSE2,8,Station 3.2: Robot cell,20224.0,20352.0,20690.0,338.0,338.0,128.0,0
U224,9,FUSE1,12,Station 4.1: Inspection,20294.0,20357.0,20474.6,117.6,117.6,63.0,0
U766,31,FUSE1,2,Station 1.1: Bottom cover,20358.3,20358.3,20470.5,112.2,112.2,0.0,0
U762,31,FUSE0,4,Station 2.1: Drill station,20312.7,20374.0,20550.8,176.8,176.8,61.3,0
U221,9,FUSE1,15,Station 5.2: Top cover,20384.4,20387.6,20562.4,174.8,174.8,3.2,0
U225,9,FUSE1,11,Station 4: Inspection,20353.8,20391.0,20508.6,117.6,117.6,37.2,0
U233,9,FUSE2,9,Station 3.3: Robot cell,20228.6,20392.4,20730.4,338.0,338.0,163.8,0
U216,9,FUSE0,16,Station 6: Packaging,20409.0,20409.0,20525.0,116.0,116.0,0.0,0
U767,31,FUSE1,1,Station 1: Bottom cover,20435.5,20435.5,20547.7,112.2,112.2,0.0,0
U217,9,FUSE0,17,Station 6.1: Packaging,20406.2,20443.0,20559.0,116.0,116.0,36.8,0
U763,31,FUSE0,5,Station 2.2: Drill station,20394.7,20458.6,20635.4,176.8,176.8,63.9,0
U768,31,FUSE1,2,Station 1.1: Bottom cover,20474.3,20474.3,20586.5,112.2,112.2,0.0,0
U226,9,FUSE1,12,Station 4.1: Inspection,20341.0,20474.6,20592.2,117.6,117.6,133.6,1
U764,31,FUSE0,3,Station 2: Drill station,20408.7,20483.2,20660.0,176.8,176.8,74.5,0
U222,9,FUSE1,13,Station 5: Top cover,20488.0,20488.0,20662.8,174.8,174.8,0.0,0
U227,9,FUSE1,11,Station 4: Inspection,20431.0,20508.6,20626.2,117.6,117.6,77.6,0
U218,9,FUSE0,16,Station 6: Packaging,20446.6,20525.0,20641.0,116.0,116.0,78.4,0
U223,9,FUSE1,14,Station 5.1: Top cover,20522.0,20525.2,20700.0,174.8,174.8,3.2,0
U765,31,FUSE0,4,Station 2.1: Drill station,20490.7,20550.8,20727.6,176.8,176.8,60.1,0
U234,9,FUSE2,7,Station 3.1: Robot cell,20276.2,20553.0,20891.0,338.0,338.0,276.8,0
U769,31,FUSE1,1,Station 1: Bottom cover,20556.3,20556.3,20668.5,112.2,112.2,0.0,0
U219,9,FUSE1,17,Station 6.1: Packaging,20563.8,20563.8,20679.8,116.0,116.0,0.0,0
U224,9,FUSE1,15,Station 5.2: Top cover,20565.6,20565.6,20740.4,174.8,174.8,0.0,0
U235,9,FUSE2,10,Station 3.4: Robot cell,20440.8,20572.8,20910.8,338.0,338.0,132.0,0
U770,31,FUSE1,2,Station 1.1: Bottom cover,20590.3,20590.3,20702.5,112.2,112.2,0.0,0
U228,9,FUSE2,12,Station 4.1: Inspection,20511.4,20592.2,20709.8,117.6,117.6,80.8,0
U758,31,FUSE0,6,Station 3: Robot cell,20345.4,20620.0,20863.6,243.6,243.6,274.6,0
U229,9,FUSE2,11,Station 4: Inspection,20612.0,20626.2,20743.8,117.6,117.6,14.2,0
U766,31,FUSE1,5,Station 2.2: Drill station,20569.5,20635.4,20812.2,176.8,176.8,65.9,0
U220,9,FUSE1,16,Station 6: Packaging,20604.2,20641.0,20757.0,116.0,116.0,36.8,0
U767,31,FUSE1,3,Station 2: Drill station,20586.7,20660.0,20836.8,176.8,176.8,73.3,0
U225,9,FUSE1,13,Station 5: Top cover,20659.6,20662.8,20837.6,174.8,174.8,3.2,0
U771,31,FUSE1,1,Station 1: Bottom cover,20672.3,20672.3,20784.5,112.2,112.2,0.0,0
U221,9,FUSE1,17,Station 6.1: Packaging,20601.4,20679.8,20795.8,116.0,116.0,78.4,0
U759,31,FUSE0,8,Station 3.2: Robot cell,20473.0,20690.0,20933.6,243.6,243.6,217.0,0
U226,9,FUSE1,14,Station 5.1: Top cover,20703.2,20703.2,20878.0,174.8,174.8,0.0,0
U772,31,FUSE1,2,Station 1.1: Bottom cover,20711.1,20711.1,20823.3,112.2,112.2,0.0,0
U230,9,FUSE2,12,Station 4.1: Inspection,20711.8,20711.8,20829.4,117.6,117.6,0.0,0
U768,31,FUSE1,4,Station 2.1: Drill station,20665.5,20727.6,20904.4,176.8,176.8,62.1,0
U760,31,FUSE0,9,Station 3.3: Robot cell,20597.6,20730.4,20974.0,243.6,243.6,132.8,0
U227,9,FUSE1,15,Station 5.2: Top cover,20737.2,20740.4,20915.2,174.8,174.8,3.2,0
U231,9,FUSE2,11,Station 4: Inspection,20659.0,20743.8,20861.4,117.6,117.6,84.8,0
U222,9,FUSE1,16,Station 6: Packaging,20761.8,20761.8,20877.8,116.0,116.0,0.0,0
U773,31,FUSE1,1,Station 1: Bottom cover,20788.3,20788.3,20900.5,112.2,112.2,0.0,0
U223,9,FUSE1,17,Station 6.1: Packaging,20759.0,20795.8,20911.8,116.0,116.0,36.8,0
U769,31,FUSE1,5,Station 2.2: Drill station,20747.5,20812.2,20989.0,176.8,176.8,64.7,0
U774,31,FUSE2,2,Station 1.1: Bottom cover,20827.1,20827.1,20939.3,112.2,112.2,0.0,0
U232,9,FUSE2,12,Station 4.1: Inspection,20789.0,20829.4,20947.0,117.6,117.6,40.4,0
U770,31,FUSE1,3,Station 2: Drill station,20761.5,20836.8,21013.6,176.8,176.8,75.3,0
U228,9,FUSE2,13,Station 5: Top cover,20840.8,20840.8,21015.6,174.8,174.8,0.0,0
U233,9,FUSE2,11,Station 4: Inspection,20829.4,20861.4,20979.0,117.6,117.6,32.0,0
U761,31,FUSE0,6,Station 3: Robot cell,20522.2,20863.6,21107.2,243.6,243.6,341.4,1
U224,9,FUSE1,16,Station 6: Packaging,20799.4,20877.8,20993.8,116.0,116.0,78.4,0
U229,9,FUSE2,14,Station 5.1: Top cover,20874.8,20878.0,21052.8,174.8,174.8,3.2,0
U762,31,FUSE0,7,Station 3.1: Robot cell,20629.8,20891.0,21134.6,243.6,243.6,261.2,0
U771,31,FUSE1,4,Station 2.1: Drill station,20843.5,20904.4,21081.2,176.8,176.8,60.9,0
U775,31,FUSE2,1,Station 1: Bottom cover,20909.1,20909.1,21021.3,112.2,112.2,0.0,0
U763,31,FUSE0,10,Station 3.4: Robot cell,20794.4,20910.8,21154.4,243.6,243.6,116.4,0
U225,9,FUSE1,17,Station 6.1: Packaging,20916.6,20916.6,21032.6,116.0,116.0,0.0,0
U230,9,FUSE2,15,Station 5.2: Top cover,20920.4,20920.4,21095.2,174.8,174.8,0.0,0
U764,31,FUSE0,8,Station 3.2: Robot cell,20739.0,20933.6,21177.2,243.6,243.6,194.6,0
U776,31,FUSE2,2,Station 1.1: Bottom cover,20943.1,20943.1,21055.3,112.2,112.2,0.0,0
U758,31,FUSE0,12,Station 4.1: Inspection,20922.6,20947.0,21064.6,117.6,117.6,24.4,0
U765,31,FUSE0,9,Station 3.3: Robot cell,20846.6,20974.0,21217.6,243.6,243.6,127.4,0
U234,9,FUSE2,11,Station 4: Inspection,20950.0,20979.0,21096.6,117.6,117.6,29.0,0
U772,31,FUSE1,5,Station 2.2: Drill station,20922.3,20989.0,21165.8,176.8,176.8,66.7,0
U226,9,FUSE1,16,Station 6: Packaging,20957.0,20993.8,21109.8,116.0,116.0,36.8,0
U773,31,FUSE1,3,Station 2: Drill station,20939.5,21013.6,21190.4,176.8,176.8,74.1,0
U231,9,FUSE2,13,Station 5: Top cover,21012.4,21015.6,21190.4,174.8,174.8,3.2,0
U777,31,FUSE2,1,Station 1: Bottom cover,21025.1,21025.1,21137.3,112.2,112.2,0.0,0
U227,9,FUSE1,17,Station 6.1: Packaging,20954.2,21032.6,21148.6,116.0,116.0,78.4,0
U232,9,FUSE2,14,Station 5.1: Top cover,21058.0,21058.0,21232.8,174.8,174.8,0.0,0
U778,31,FUSE2,2,Station 1.1: Bottom cover,21063.9,21063.9,21176.1,112.2,112.2,0.0,0
U235,9,FUSE2,12,Station 4.1: Inspection,21049.8,21064.6,21182.2,117.6,117.6,14.8,0
U774,31,FUSE2,4,Station 2.1: Drill station,21018.3,21081.2,21258.0,176.8,176.8,62.9,0
U233,9,FUSE2,15,Station 5.2: Top cover,21090.0,21095.2,21270.0,174.8,174.8,5.2,0
U759,31,FUSE0,11,Station 4: Inspection,21012.6,21096.6,21214.2,117.6,117.6,84.0,0
U766,31,FUSE1,6,Station 3: Robot cell,20891.2,21107.2,21412.8,305.6,305.6,216.0,0
U228,9,FUSE2,16,Station 6: Packaging,21114.6,21114.6,21230.6,116.0,116.0,0.0,0
U767,31,FUSE1,7,Station 3.1: Robot cell,20895.8,21134.6,21440.2,305.6,305.6,238.8,0
U779,31,FUSE2,1,Station 1: Bottom cover,21141.1,21141.1,21253.3,112.2,112.2,0.0,0
U229,9,FUSE2,17,Station 6.1: Packaging,21111.8,21148.6,21264.6,116.0,116.0,36.8,0
U768,31,FUSE1,10,Station 3.4: Robot cell,21043.4,21154.4,21460.0,305.6,305.6,111.0,0
U775,31,FUSE2,5,Station 2.2: Drill station,21100.3,21165.8,21342.6,176.8,176.8,65.5,0
U769,31,FUSE1,8,Station 3.2: Robot cell,21108.0,21177.2,21482.8,305.6,305.6,69.2,0
U780,31,FUSE2,2,Station 1.1: Bottom cover,21179.9,21179.9,21292.1,112.2,112.2,0.0,0
U760,31,FUSE0,12,Station 4.1: Inspection,21093.0,21182.2,21299.8,117.6,117.6,89.2,0
U776,31,FUSE2,3,Station 2: Drill station,21114.3,21190.4,21367.2,176.8,176.8,76.1,0
U758,31,FUSE0,13,Station 5: Top cover,21195.6,21195.6,21370.4,174.8,174.8,0.0,0
U761,31,FUSE0,11,Station 4: Inspection,21146.2,21214.2,21331.8,117.6,117.6,68.0,0
U770,31,FUSE1,9,Station 3.3: Robot cell,21112.6,21217.6,21523.2,305.6,305.6,105.0,0
U230,9,FUSE2,16,Station 6: Packaging,21154.2,21230.6,21346.6,116.0,116.0,76.4,0
U234,9,FUSE2,14,Station 5.1: Top cover,21227.6,21232.8,21407.6,174.8,174.8,5.2,0
U777,31,FUSE2,4,Station 2.1: Drill station,21196.3,21258.0,21434.8,176.8,176.8,61.7,0
U781,31,FUSE2,1,Station 1: Bottom cover,21261.9,21261.9,21374.1,112.2,112.2,0.0,0
U231,9,FUSE2,17,Station 6.1: Packaging,21269.4,21269.4,21385.4,116.0,116.0,0.0,0
U235,9,FUSE2,15,Station 5.2: Top cover,21273.2,21273.2,21448.0,174.8,174.8,0.0,0
U782,31,FUSE2,2,Station 1.1: Bottom cover,21295.9,21295.9,21408.1,112.2,112.2,0.0,0
U762,31,FUSE0,12,Station 4.1: Inspection,21213.6,21299.8,21417.4,117.6,117.6,86.2,0
U763,31,FUSE0,11,Station 4: Inspection,21273.4,21331.8,21449.4,117.6,117.6,58.4,0
U778,31,FUSE2,5,Station 2.2: Drill station,21275.1,21342.6,21519.4,176.8,176.8,67.5,0
U232,9,FUSE2,16,Station 6: Packaging,21311.8,21346.6,21462.6,116.0,116.0,34.8,0
U779,31,FUSE2,3,Station 2: Drill station,21292.3,21367.2,21544.0,176.8,176.8,74.9,0
U759,31,FUSE0,13,Station 5: Top cover,21365.2,21370.4,21545.2,174.8,174.8,5.2,0
U1032,42,FUSE0,1,Station 1: Bottom cover,21377.9,21377.9,21490.1,112.2,112.2,0.0,0
U233,9,FUSE2,17,Station 6.1: Packaging,21309.0,21385.4,21501.4,116.0,116.0,76.4,0
U760,31,FUSE0,14,Station 5.1: Top cover,21410.8,21410.8,21585.6,174.8,174.8,0.0,0
U771,31,FUSE1,6,Station 3: Robot cell,21140.2,21412.8,21718.4,305.6,305.6,272.6,0
U1033,42,FUSE0,2,Station 1.1: Bottom cover,21416.7,21416.7,21528.9,112.2,112.2,0.0,0
U764,31,FUSE0,12,Station 4.1: Inspection,21276.2,21417.4,21535.0,117.6,117.6,141.2,1
U780,31,FUSE2,4,Station 2.1: Drill station,21371.1,21434.8,21611.6,176.8,176.8,63.7,0
U772,31,FUSE1,7,Station 3.1: Robot cell,21264.8,21440.2,21745.8,305.6,305.6,175.4,0
U761,31,FUSE0,15,Station 5.2: Top cover,21442.8,21448.0,21622.8,174.8,174.8,5.2,0
U765,31,FUSE0,11,Station 4: Inspection,21316.6,21449.4,21567.0,117.6,117.6,132.8,1
U773,31,FUSE1,10,Station 3.4: Robot cell,21309.4,21460.0,21765.6,305.6,305.6,150.6,0
U758,31,FUSE0,16,Station 6: Packaging,21469.4,21469.4,21585.4,116.0,116.0,0.0,0
U774,31,FUSE2,8,Station 3.2: Robot cell,21357.0,21482.8,21820.8,338.0,338.0,125.8,0
U1034,42,FUSE0,1,Station 1: Bottom cover,21493.9,21493.9,21606.1,112.2,112.2,0.0,0
U234,9,FUSE2,17,Station 6.1: Packaging,21466.6,21501.4,21617.4,116.0,116.0,34.8,0
U781,31,FUSE2,5,Station 2.2: Drill station,21453.1,21519.4,21696.2,176.8,176.8,66.3,0
U775,31,FUSE2,9,Station 3.3: Robot cell,21481.6,21523.2,21861.2,338.0,338.0,41.6,0
U1035,42,FUSE0,2,Station 1.1: Bottom cover,21532.7,21532.7,21644.9,112.2,112.2,0.0,0
U766,31,FUSE1,12,Station 4.1: Inspection,21471.8,21535.0,21652.6,117.6,117.6,63.2,0
U782,31,FUSE2,3,Station 2: Drill station,21467.1,21544.0,21720.8,176.8,176.8,76.9,0
U762,31,FUSE0,13,Station 5: Top cover,21548.4,21548.4,21723.2,174.8,174.8,0.0,0
U767,31,FUSE1,11,Station 4: Inspection,21499.2,21567.0,21684.6,117.6,117.6,67.8,0
U235,9,FUSE2,16,Station 6: Packaging,21507.0,21585.4,21701.4,116.0,116.0,78.4,0
U763,31,FUSE0,14,Station 5.1: Top cover,21580.4,21585.6,21760.4,174.8,174.8,5.2,0
U1032,42,FUSE0,4,Station 2.1: Drill station,21549.1,21611.6,21788.4,176.8,176.8,62.5,0
U1036,42,FUSE0,1,Station 1: Bottom cover,21616.7,21616.7,21728.9,112.2,112.2,0.0,0
U759,31,FUSE0,17,Station 6.1: Packaging,21624.2,21624.2,21740.2,116.0,116.0,0.0,0
U764,31,FUSE0,15,Station 5.2: Top cover,21626.0,21626.0,21800.8,174.8,174.8,0.0,0
U1037,42,FUSE0,2,Station 1.1: Bottom cover,21648.7,21648.7,21760.9,112.2,112.2,0.0,0
U768,31,FUSE1,12,Station 4.1: Inspection,21599.0,21652.6,21770.2,117.6,117.6,53.6,0
U769,31,FUSE1,11,Station 4: Inspection,21561.8,21684.6,21802.2,117.6,117.6,122.8,1
U1033,42,FUSE0,5,Station 2.2: Drill station,21627.9,21696.2,21873.0,176.8,176.8,68.3,0
U760,31,FUSE0,16,Station 6: Packaging,21664.6,21701.4,21817.4,116.0,116.0,36.8,0
U776,31,FUSE2,6,Station 3: Robot cell,21406.2,21718.4,22056.4,338.0,338.0,312.2,1
U1034,42,FUSE0,3,Station 2: Drill station,21645.1,21720.8,21897.6,176.8,176.8,75.7,0
U765,31,FUSE0,13,Station 5: Top cover,21718.0,21723.2,21898.0,174.8,174.8,5.2,0
U1038,42,FUSE0,1,Station 1: Bottom cover,21732.7,21732.7,21844.9,112.2,112.2,0.0,0
U761,31,FUSE0,17,Station 6.1: Packaging,21661.8,21740.2,21856.2,116.0,116.0,78.4,0
U777,31,FUSE2,7,Station 3.1: Robot cell,21513.8,21745.8,22083.8,338.0,338.0,232.0,0
U766,31,FUSE1,14,Station 5.1: Top cover,21763.6,21763.6,21938.4,174.8,174.8,0.0,0
U778,31,FUSE2,10,Station 3.4: Robot cell,21678.4,21765.6,22103.6,338.0,338.0,87.2,0
U770,31,FUSE1,12,Station 4.1: Inspection,21642.2,21770.2,21887.8,117.6,117.6,128.0,1
U1039,42,FUSE0,2,Station 1.1: Bottom cover,21771.5,21771.5,21883.7,112.2,112.2,0.0,0
U1035,42,FUSE0,4,Station 2.1: Drill station,21723.9,21788.4,21965.2,176.8,176.8,64.5,0
U767,31,FUSE1,15,Station 5.2: Top cover,21795.6,21800.8,21975.6,174.8,174.8,5.2,0
U771,31,FUSE1,11,Station 4: Inspection,21757.4,21802.2,21919.8,117.6,117.6,44.8,0
U779,31,FUSE2,8,Station 3.2: Robot cell,21623.0,21820.8,22158.8,338.0,338.0,197.8,0
U762,31,FUSE0,16,Station 6: Packaging,21822.2,21822.2,21938.2,116.0,116.0,0.0,0
U1040,42,FUSE1,1,Station 1: Bottom cover,21848.7,21848.7,21960.9,112.2,112.2,0.0,0
U763,31,FUSE0,17,Station 6.1: Packaging,21819.4,21856.2,21972.2,116.0,116.0,36.8,0
U780,31,FUSE2,9,Station 3.3: Robot cell,21730.6,21861.2,22199.2,338.0,338.0,130.6,0
U1036,42,FUSE0,5,Station 2.2: Drill station,21807.9,21873.0,22049.8,176.8,176.8,65.1,0
U1041,42,FUSE1,2,Station 1.1: Bottom cover,21887.5,21887.5,21999.7,112.2,112.2,0.0,0
U772,31,FUSE1,12,Station 4.1: Inspection,21824.8,21887.8,22005.4,117.6,117.6,63.0,0
U1037,42,FUSE0,3,Station 2: Drill station,21819.9,21897.6,22074.4,176.8,176.8,77.7,0
U768,31,FUSE1,13,Station 5: Top cover,21901.2,21901.2,22076.0,174.8,174.8,0.0,0
U773,31,FUSE1,11,Station 4: Inspection,21884.6,21919.8,22037.4,117.6,117.6,35.2,0
U764,31,FUSE0,16,Station 6: Packaging,21859.8,21938.2,22054.2,116.0,116.0,78.4,0
U769,31,FUSE1,14,Station 5.1: Top cover,21933.2,21938.4,22113.2,174.8,174.8,5.2,0
U1038,42,FUSE0,4,Station 2.1: Drill station,21903.9,21965.2,22142.0,176.8,176.8,61.3,0
U1042,42,FUSE1,1,Station 1: Bottom cover,21969.5,21969.5,22081.7,112.2,112.2,0.0,0
U765,31,FUSE0,17,Station 6.1: Packaging,21977.0,21977.0,22093.0,116.0,116.0,0.0,0
U770,31,FUSE1,15,Station 5.2: Top cover,21978.8,21978.8,22153.6,174.8,174.8,0.0,0
U1043,42,FUSE1,2,Station 1.1: Bottom cover,22003.5,22003.5,22115.7,112.2,112.2,0.0,0
U774,31,FUSE2,12,Station 4.1: Inspection,21919.8,22005.4,22123.0,117.6,117.6,85.6,0
U775,31,FUSE2,11,Station 4: Inspection,21960.2,22037.4,22155.0,117.6,117.6,77.2,0
U1039,42,FUSE0,5,Station 2.2: Drill station,21982.7,22049.8,22226.6,176.8,176.8,67.1,0
U766,31,FUSE1,16,Station 6: Packaging,22017.4,22054.2,22170.2,116.0,116.0,36.8,0
U781,31,FUSE2,6,Station 3: Robot cell,21775.2,22056.4,22394.4,338.0,338.0,281.2,0
U1040,42,FUSE1,3,Station 2: Drill station,21999.9,22074.4,22251.2,176.8,176.8,74.5,0
U771,31,FUSE1,13,Station 5: Top cover,22070.8,22076.0,22250.8,174.8,174.8,5.2,0
U782,31,FUSE2,7,Station 3.1: Robot cell,21779.8,22083.8,22421.8,338.0,338.0,304.0,0
U1044,42,FUSE1,1,Station 1: Bottom cover,22085.5,22085.5,22197.7,112.2,112.2,0.0,0
U767,31,FUSE1,17,Station 6.1: Packaging,22014.6,22093.0,22209.0,116.0,116.0,78.4,0
U1032,42,FUSE0,10,Station 3.4: Robot cell,21927.4,22103.6,22347.2,243.6,243.6,176.2,0
U772,31,FUSE1,14,Station 5.1: Top cover,22116.4,22116.4,22291.2,174.8,174.8,0.0,0
U776,31,FUSE2,12,Station 4.1: Inspection,22115.4,22123.0,22240.6,117.6,117.6,7.6,0
U1045,42,FUSE1,2,Station 1.1: Bottom cover,22124.3,22124.3,22236.5,112.2,112.2,0.0,0
U1041,42,FUSE1,4,Station 2.1: Drill station,22078.7,22142.0,22318.8,176.8,176.8,63.3,0
U773,31,FUSE1,15,Station 5.2: Top cover,22148.4,22153.6,22328.4,174.8,174.8,5.2,0
U777,31,FUSE2,11,Station 4: Inspection,22142.8,22155.0,22272.6,117.6,117.6,12.2,0
U1033,42,FUSE0,8,Station 3.2: Robot cell,21992.0,22158.8,22402.4,243.6,243.6,166.8,0
U768,31,FUSE1,16,Station 6: Packaging,22175.0,22175.0,22291.0,116.0,116.0,0.0,0
U1034,42,FUSE0,9,Station 3.3: Robot cell,21996.6,22199.2,22442.8,243.6,243.6,202.6,0
U1046,42,FUSE1,1,Station 1: Bottom cover,22201.5,22201.5,22313.7,112.2,112.2,0.0,0
U769,31,FUSE1,17,Station 6.1: Packaging,22172.2,22209.0,22325.0,116.0,116.0,36.8,0
U1042,42,FUSE1,5,Station 2.2: Drill station,22160.7,22226.6,22403.4,176.8,176.8,65.9,0
U1047,42,FUSE1,2,Station 1.1: Bottom cover,22240.3,22240.3,22352.5,112.2,112.2,0.0,0
U778,31,FUSE2,12,Station 4.1: Inspection,22242.6,22242.6,22360.2,117.6,117.6,0.0,0
U1043,42,FUSE1,3,Station 2: Drill station,22174.7,22251.2,22428.0,176.8,176.8,76.5,0
U774,31,FUSE2,13,Station 5: Top cover,22254.0,22254.0,22428.8,174.8,174.8,0.0,0
U779,31,FUSE2,11,Station 4: Inspection,22237.8,22272.6,22390.2,117.6,117.6,34.8,0
U770,31,FUSE1,16,Station 6: Packaging,22212.6,22291.0,22407.0,116.0,116.0,78.4,0
U775,31,FUSE2,14,Station 5.1: Top cover,22286.0,22291.2,22466.0,174.8,174.8,5.2,0
U1044,42,FUSE1,4,Station 2.1: Drill station,22256.7,22318.8,22495.6,176.8,176.8,62.1,0
U1048,42,FUSE2,1,Station 1: Bottom cover,22322.3,22322.3,22434.5,112.2,112.2,0.0,0
U771,31,FUSE1,17,Station 6.1: Packaging,22329.8,22329.8,22445.8,116.0,116.0,0.0,0
U776,31,FUSE2,15,Station 5.2: Top cover,22331.6,22331.6,22506.4,174.8,174.8,0.0,0
U1035,42,FUSE0,10,Station 3.4: Robot cell,22104.2,22347.2,22590.8,243.6,243.6,243.0,0
U1049,42,FUSE2,2,Station 1.1: Bottom cover,22356.3,22356.3,22468.5,112.2,112.2,0.0,0
U780,31,FUSE2,12,Station 4.1: Inspection,22318.2,22360.2,22477.8,117.6,117.6,42.0,0
U1036,42,FUSE0,6,Station 3: Robot cell,22128.8,22394.4,22638.0,243.6,243.6,265.6,0
U1037,42,FUSE0,8,Station 3.2: Robot cell,22153.4,22402.4,22646.0,243.6,243.6,249.0,1
U1045,42,FUSE1,5,Station 2.2: Drill station,22335.5,22403.4,22580.2,176.8,176.8,67.9,0
U772,31,FUSE1,16,Station 6: Packaging,22370.2,22407.0,22523.0,116.0,116.0,36.8,0
U1038,42,FUSE0,7,Station 3.1: Robot cell,22221.0,22421.8,22665.4,243.6,243.6,200.8,0
U1046,42,FUSE1,3,Station 2: Drill station,22352.7,22428.0,22604.8,176.8,176.8,75.3,0
U777,31,FUSE2,13,Station 5: Top cover,22423.6,22428.8,22603.6,174.8,174.8,5.2,0
U1050,42,FUSE2,1,Station 1: Bottom cover,22438.3,22438.3,22550.5,112.2,112.2,0.0,0
U1039,42,FUSE0,9,Station 3.3: Robot cell,22365.6,22442.8,22686.4,243.6,243.6,77.2,0
U773,31,FUSE1,17,Station 6.1: Packaging,22367.4,22445.8,22561.8,116.0,116.0,78.4,0
U1032,42,FUSE0,11,Station 4: Inspection,22466.2,22466.2,22583.8,117.6,117.6,0.0,0
U778,31,FUSE2,14,Station 5.1: Top cover,22471.2,22471.2,22646.0,174.8,174.8,0.0,0
U1051,42,FUSE2,2,Station 1.1: Bottom cover,22477.1,22477.1,22589.3,112.2,112.2,0.0,0
U781,31,FUSE2,12,Station 4.1: Inspection,22453.4,22477.8,22595.4,117.6,117.6,24.4,0
U1047,42,FUSE1,4,Station 2.1: Drill station,22431.5,22495.6,22672.4,176.8,176.8,64.1,0
U779,31,FUSE2,15,Station 5.2: Top cover,22501.2,22506.4,22681.2,174.8,174.8,5.2,0
U774,31,FUSE2,16,Station 6: Packaging,22527.8,22527.8,22643.8,116.0,116.0,0.0,0
U1052,42,FUSE2,1,Station 1: Bottom cover,22554.3,22554.3,22666.5,112.2,112.2,0.0,0
U775,31,FUSE2,17,Station 6.1: Packaging,22525.0,22561.8,22677.8,116.0,116.0,36.8,0
U1048,42,FUSE2,5,Station 2.2: Drill station,22513.5,22580.2,22757.0,176.8,176.8,66.7,0
U1033,42,FUSE0,11,Station 4: Inspection,22481.4,22583.8,22701.4,117.6,117.6,102.4,0
U1040,42,FUSE1,10,Station 3.4: Robot cell,22370.2,22590.8,22896.4,305.6,305.6,220.6,0
U1053,42,FUSE2,2,Station 1.1: Bottom cover,22593.1,22593.1,22705.3,112.2,112.2,0.0,0
U782,31,FUSE2,12,Station 4.1: Inspection,22500.8,22595.4,22713.0,117.6,117.6,94.6,0
U1049,42,FUSE2,3,Station 2: Drill station,22527.5,22604.8,22781.6,176.8,176.8,77.3,0
U780,31,FUSE2,13,Station 5: Top cover,22608.8,22608.8,22783.6,174.8,174.8,0.0,0
U1041,42,FUSE1,6,Station 3: Robot cell,22377.8,22638.0,22943.6,305.6,305.6,260.2,1
U776,31,FUSE2,16,Station 6: Packaging,22565.4,22643.8,22759.8,116.0,116.0,78.4,0
U1042,42,FUSE1,8,Station 3.2: Robot cell,22522.4,22646.0,22951.6,305.6,305.6,123.6,0
U1043,42,FUSE1,7,Station 3.1: Robot cell,22487.0,22665.4,22971.0,305.6,305.6,178.4,0
U1050,42,FUSE2,4,Station 2.1: Drill station,22609.5,22672.4,22849.2,176.8,176.8,62.9,0
U1054,42,FUSE2,1,Station 1: Bottom cover,22675.1,22675.1,22787.3,112.2,112.2,0.0,0
U777,31,FUSE2,17,Station 6.1: Packaging,22682.6,22682.6,22798.6,116.0,116.0,0.0,0
U1044,42,FUSE1,9,Station 3.3: Robot cell,22614.6,22686.4,22992.0,305.6,305.6,71.8,0
U1032,42,FUSE0,15,Station 5.2: Top cover,22694.8,22694.8,22869.6,174.8,174.8,0.0,0
U1034,42,FUSE0,11,Station 4: Inspection,22541.8,22701.4,22819.0,117.6,117.6,159.6,1
U781,31,FUSE2,14,Station 5.1: Top cover,22706.4,22706.4,22881.2,174.8,174.8,0.0,0
U5841,234,FUSE0,2,Station 1.1: Bottom cover,22709.1,22709.1,22821.3,112.2,112.2,0.0,0
U1035,42,FUSE0,12,Station 4.1: Inspection,22729.8,22729.8,22847.4,117.6,117.6,0.0,0
U1051,42,FUSE2,5,Station 2.2: Drill station,22688.3,22757.0,22933.8,176.8,176.8,68.7,0
U778,31,FUSE2,16,Station 6: Packaging,22725.0,22759.8,22875.8,116.0,116.0,34.8,0
U1052,42,FUSE2,3,Station 2: Drill station,22705.5,22781.6,22958.4,176.8,176.8,76.1,0
U5842,234,FUSE0,1,Station 1: Bottom cover,22791.1,22791.1,22903.3,112.2,112.2,0.0,0
U779,31,FUSE2,17,Station 6.1: Packaging,22720.2,22798.6,22914.6,116.0,116.0,78.4,0
U1036,42,FUSE0,11,Station 4: Inspection,22677.0,22819.0,22936.6,117.6,117.6,142.0,1
U5843,234,FUSE0,2,Station 1.1: Bottom cover,22829.9,22829.9,22942.1,112.2,112.2,0.0,0
U1037,42,FUSE0,12,Station 4.1: Inspection,22745.0,22847.4,22965.0,117.6,117.6,102.4,0
U1053,42,FUSE2,4,Station 2.1: Drill station,22784.3,22849.2,23026.0,176.8,176.8,64.9,0
U1033,42,FUSE0,13,Station 5: Top cover,22852.4,22852.4,23027.2,174.8,174.8,0.0,0
U782,31,FUSE2,15,Station 5.2: Top cover,22804.0,22869.6,23044.4,174.8,174.8,65.6,0
U780,31,FUSE2,16,Station 6: Packaging,22882.6,22882.6,22998.6,116.0,116.0,0.0,0
U1045,42,FUSE1,10,Station 3.4: Robot cell,22739.2,22896.4,23202.0,305.6,305.6,157.2,0
U5844,234,FUSE0,1,Station 1: Bottom cover,22907.1,22907.1,23019.3,112.2,112.2,0.0,0
U1032,42,FUSE0,17,Station 6.1: Packaging,22908.6,22914.6,23030.6,116.0,116.0,6.0,0
U1054,42,FUSE2,5,Station 2.2: Drill station,22866.3,22933.8,23110.6,176.8,176.8,67.5,0
U1038,42,FUSE0,11,Station 4: Inspection,22724.4,22936.6,23054.2,117.6,117.6,212.2,1
U1046,42,FUSE1,6,Station 3: Robot cell,22643.8,22943.6,23249.2,305.6,305.6,299.8,0
U5845,234,FUSE0,2,Station 1.1: Bottom cover,22945.9,22945.9,23058.1,112.2,112.2,0.0,0
U1034,42,FUSE0,14,Station 5.1: Top cover,22950.0,22950.0,23124.8,174.8,174.8,0.0,0
U1047,42,FUSE1,8,Station 3.2: Robot cell,22771.4,22951.6,23257.2,305.6,305.6,180.2,0
U5841,234,FUSE0,3,Station 2: Drill station,22880.3,22958.4,23135.2,176.8,176.8,78.1,0
U1039,42,FUSE0,12,Station 4.1: Inspection,22805.4,22965.0,23082.6,117.6,117.6,159.6,1
U1048,42,FUSE2,7,Station 3.1: Robot cell,22856.0,22971.0,23309.0,338.0,338.0,115.0,0
U1049,42,FUSE2,9,Station 3.3: Robot cell,22880.6,22992.0,23330.0,338.0,338.0,111.4,0
U781,31,FUSE2,16,Station 6: Packaging,22960.2,22998.6,23114.6,116.0,116.0,38.4,0
U5842,234,FUSE0,4,Station 2.1: Drill station,22962.3,23026.0,23202.8,176.8,176.8,63.7,0
U1035,42,FUSE0,13,Station 5: Top cover,22978.4,23027.2,23202.0,174.8,174.8,48.8,0
U5846,234,FUSE0,1,Station 1: Bottom cover,23029.9,23029.9,23142.1,112.2,112.2,0.0,0
U1036,42,FUSE0,15,Station 5.2: Top cover,23047.6,23047.6,23222.4,174.8,174.8,0.0,0
U1040,42,FUSE1,11,Station 4: Inspection,23015.4,23054.2,23171.8,117.6,117.6,38.8,0
U5847,234,FUSE0,2,Station 1.1: Bottom cover,23061.9,23061.9,23174.1,112.2,112.2,0.0,0
U1041,42,FUSE1,12,Station 4.1: Inspection,23002.6,23082.6,23200.2,117.6,117.6,80.0,0
U1033,42,FUSE0,17,Station 6.1: Packaging,23106.2,23106.2,23222.2,116.0,116.0,0.0,0
U5843,234,FUSE0,5,Station 2.2: Drill station,23041.1,23110.6,23287.4,176.8,176.8,69.5,0
U782,31,FUSE2,16,Station 6: Packaging,23103.4,23114.6,23230.6,116.0,116.0,11.2,0
U1037,42,FUSE0,14,Station 5.1: Top cover,23076.0,23124.8,23299.6,174.8,174.8,48.8,0
U5844,234,FUSE0,3,Station 2: Drill station,23058.3,23135.2,23312.0,176.8,176.8,76.9,0
U5848,234,FUSE0,1,Station 1: Bottom cover,23145.9,23145.9,23258.1,112.2,112.2,0.0,0
U1042,42,FUSE1,11,Station 4: Inspection,23030.6,23171.8,23289.4,117.6,117.6,141.2,1
U1043,42,FUSE1,12,Station 4.1: Inspection,23050.0,23200.2,23317.8,117.6,117.6,150.2,1
U1050,42,FUSE2,10,Station 3.4: Robot cell,22988.2,23202.0,23540.0,338.0,338.0,213.8,0
U5845,234,FUSE0,4,Station 2.1: Drill station,23137.1,23202.8,23379.6,176.8,176.8,65.7,0
U1038,42,FUSE0,13,Station 5: Top cover,23205.2,23205.2,23380.0,174.8,174.8,0.0,0
U1034,42,FUSE0,17,Station 6.1: Packaging,23183.8,23222.2,23338.2,116.0,116.0,38.4,0
U1039,42,FUSE0,15,Station 5.2: Top cover,23173.6,23222.4,23397.2,174.8,174.8,48.8,0
U1051,42,FUSE2,6,Station 3: Robot cell,23012.8,23249.2,23587.2,338.0,338.0,236.4,0
U5849,234,FUSE1,2,Station 1.1: Bottom cover,23253.5,23253.5,23365.7,112.2,112.2,0.0,0
U1052,42,FUSE2,8,Station 3.2: Robot cell,23037.4,23257.2,23595.2,338.0,338.0,219.8,0
U5850,234,FUSE1,1,Station 1: Bottom cover,23261.9,23261.9,23374.1,112.2,112.2,0.0,0
U5846,234,FUSE0,5,Station 2.2: Drill station,23221.1,23287.4,23464.2,176.8,176.8,66.3,0
U1044,42,FUSE1,11,Station 4: Inspection,23091.0,23289.4,23407.0,117.6,117.6,198.4,1
U1035,42,FUSE0,16,Station 6: Packaging,23301.0,23301.0,23417.0,116.0,116.0,0.0,0
U1040,42,FUSE1,14,Station 5.1: Top cover,23302.8,23302.8,23477.6,174.8,174.8,0.0,0
U1053,42,FUSE2,7,Station 3.1: Robot cell,23105.0,23309.0,23647.0,338.0,338.0,204.0,0
U5847,234,FUSE0,3,Station 2: Drill station,23233.1,23312.0,23488.8,176.8,176.8,78.9,0
U1054,42,FUSE2,9,Station 3.3: Robot cell,23249.6,23330.0,23668.0,338.0,338.0,80.4,0
U1036,42,FUSE0,17,Station 6.1: Packaging,23261.4,23338.2,23454.2,116.0,116.0,76.8,0
U1045,42,FUSE1,12,Station 4.1: Inspection,23341.0,23341.0,23458.6,117.6,117.6,0.0,0
U5851,234,FUSE1,2,Station 1.1: Bottom cover,23369.5,23369.5,23481.7,112.2,112.2,0.0,0
U5848,234,FUSE0,4,Station 2.1: Drill station,23317.1,23379.6,23556.4,176.8,176.8,62.5,0
U1041,42,FUSE1,13,Station 5: Top cover,23331.2,23380.0,23554.8,174.8,174.8,48.8,0
U1042,42,FUSE1,15,Station 5.2: Top cover,23400.4,23400.4,23575.2,174.8,174.8,0.0,0
U1046,42,FUSE1,11,Station 4: Inspection,23288.2,23407.0,23524.6,117.6,117.6,118.8,1
U1037,42,FUSE0,16,Station 6: Packaging,23378.6,23417.0,23533.0,116.0,116.0,38.4,0
U5852,234,FUSE1,1,Station 1: Bottom cover,23448.3,23448.3,23560.5,112.2,112.2,0.0,0
U1047,42,FUSE1,12,Station 4.1: Inspection,23356.2,23458.6,23576.2,117.6,117.6,102.4,0
U1038,42,FUSE0,17,Station 6.1: Packaging,23459.0,23459.0,23575.0,116.0,116.0,0.0,0
U5849,234,FUSE1,5,Station 2.2: Drill station,23464.7,23464.7,23641.5,176.8,176.8,0.0,0
U1043,42,FUSE1,14,Station 5.1: Top cover,23428.8,23477.6,23652.4,174.8,174.8,48.8,0
U5853,234,FUSE1,2,Station 1.1: Bottom cover,23485.5,23485.5,23597.7,112.2,112.2,0.0,0
U5850,234,FUSE1,3,Station 2: Drill station,23413.1,23488.8,23665.6,176.8,176.8,75.7,0
U1048,42,FUSE2,11,Station 4: Inspection,23368.0,23524.6,23642.2,117.6,117.6,156.6,1
U1039,42,FUSE0,16,Station 6: Packaging,23456.2,23533.0,23649.0,116.0,116.0,76.8,0
U5841,234,FUSE0,10,Station 3.4: Robot cell,23254.2,23540.0,23783.6,243.6,243.6,285.8,0
U1044,42,FUSE1,13,Station 5: Top cover,23558.0,23558.0,23732.8,174.8,174.8,0.0,0
U5851,234,FUSE1,4,Station 2.1: Drill station,23560.7,23560.7,23737.5,176.8,176.8,0.0,0
U5854,234,FUSE1,1,Station 1: Bottom cover,23564.3,23564.3,23676.5,112.2,112.2,0.0,0
U1040,42,FUSE1,17,Station 6.1: Packaging,23536.6,23575.0,23691.0,116.0,116.0,38.4,0
U1045,42,FUSE1,15,Station 5.2: Top cover,23549.6,23575.2,23750.0,174.8,174.8,25.6,0
U1049,42,FUSE2,12,Station 4.1: Inspection,23449.0,23576.2,23693.8,117.6,117.6,127.2,1
U5842,234,FUSE0,6,Station 3: Robot cell,23261.8,23587.2,23830.8,243.6,243.6,325.4,0
U5843,234,FUSE0,8,Station 3.2: Robot cell,23406.4,23595.2,23838.8,243.6,243.6,188.8,0
U5855,234,FUSE1,2,Station 1.1: Bottom cover,23606.3,23606.3,23718.5,112.2,112.2,0.0,0
U5852,234,FUSE1,5,Station 2.2: Drill station,23639.5,23641.5,23818.3,176.8,176.8,2.0,0
U5844,234,FUSE0,7,Station 3.1: Robot cell,23371.0,23647.0,23890.6,243.6,243.6,276.0,0
U1041,42,FUSE1,16,Station 6: Packaging,23653.8,23653.8,23769.8,116.0,116.0,0.0,0
U1046,42,FUSE1,14,Station 5.1: Top cover,23655.6,23655.6,23830.4,174.8,174.8,0.0,0
U1050,42,FUSE2,11,Station 4: Inspection,23659.0,23659.0,23776.6,117.6,117.6,0.0,0
U5853,234,FUSE1,3,Station 2: Drill station,23656.7,23665.6,23842.4,176.8,176.8,8.9,0
U5845,234,FUSE0,9,Station 3.3: Robot cell,23498.6,23668.0,23911.6,243.6,243.6,169.4,0
U5856,234,FUSE1,1,Station 1: Bottom cover,23680.3,23680.3,23792.5,112.2,112.2,0.0,0
U1042,42,FUSE1,17,Station 6.1: Packaging,23614.2,23691.0,23807.0,116.0,116.0,76.8,0
U1051,42,FUSE2,12,Station 4.1: Inspection,23646.2,23693.8,23811.4,117.6,117.6,47.6,0
U5857,234,FUSE2,2,Station 1.1: Bottom cover,23722.3,23722.3,23834.5,112.2,112.2,0.0,0
U1047,42,FUSE1,13,Station 5: Top cover,23707.2,23732.8,23907.6,174.8,174.8,25.6,0
U5854,234,FUSE1,4,Station 2.1: Drill station,23735.5,23737.5,23914.3,176.8,176.8,2.0,0
U1048,42,FUSE2,15,Station 5.2: Top cover,23753.2,23753.2,23928.0,174.8,174.8,0.0,0
U1043,42,FUSE1,16,Station 6: Packaging,23731.4,23769.8,23885.8,116.0,116.0,38.4,0
U1052,42,FUSE2,11,Station 4: Inspection,23674.2,23776.6,23894.2,117.6,117.6,102.4,0
U5846,234,FUSE0,10,Station 3.4: Robot cell,23623.2,23783.6,24027.2,243.6,243.6,160.4,0
U5858,234,FUSE2,1,Station 1: Bottom cover,23801.1,23801.1,23913.3,112.2,112.2,0.0,0
U1053,42,FUSE2,12,Station 4.1: Inspection,23726.0,23811.4,23929.0,117.6,117.6,85.4,0
U1044,42,FUSE1,17,Station 6.1: Packaging,23811.8,23811.8,23927.8,116.0,116.0,0.0,0
U5855,234,FUSE1,5,Station 2.2: Drill station,23817.5,23818.3,23995.1,176.8,176.8,0.8,0
U1049,42,FUSE2,14,Station 5.1: Top cover,23804.8,23830.4,24005.2,174.8,174.8,25.6,0
U5847,234,FUSE0,6,Station 3: Robot cell,23527.8,23830.8,24074.4,243.6,243.6,303.0,1
U5859,234,FUSE2,2,Station 1.1: Bottom cover,23838.3,23838.3,23950.5,112.2,112.2,0.0,0
U5848,234,FUSE0,8,Station 3.2: Robot cell,23655.4,23838.8,24082.4,243.6,243.6,183.4,0
U5856,234,FUSE1,3,Station 2: Drill station,23831.5,23842.4,24019.2,176.8,176.8,10.9,0
U1045,42,FUSE1,16,Station 6: Packaging,23809.0,23885.8,24001.8,116.0,116.0,76.8,0
U5849,234,FUSE1,7,Station 3.1: Robot cell,23740.5,23890.6,24196.2,305.6,305.6,150.1,0
U1054,42,FUSE2,11,Station 4: Inspection,23767.0,23894.2,24011.8,117.6,117.6,127.2,1
U5850,234,FUSE1,9,Station 3.3: Robot cell,23764.6,23911.6,24217.2,305.6,305.6,147.0,0
U5857,234,FUSE2,4,Station 2.1: Drill station,23913.5,23914.3,24091.1,176.8,176.8,0.8,0
U5860,234,FUSE2,1,Station 1: Bottom cover,23917.1,23917.1,24029.3,112.2,112.2,0.0,0
U1050,42,FUSE2,13,Station 5: Top cover,23927.6,23927.6,24102.4,174.8,174.8,0.0,0
U1046,42,FUSE1,17,Station 6.1: Packaging,23889.4,23927.8,24043.8,116.0,116.0,38.4,0
U1051,42,FUSE2,15,Station 5.2: Top cover,23902.4,23928.0,24102.8,174.8,174.8,25.6,0
U5841,234,FUSE0,12,Station 4.1: Inspection,23922.6,23929.0,24046.6,117.6,117.6,6.4,0
U5861,234,FUSE2,2,Station 1.1: Bottom cover,23959.1,23959.1,24071.3,112.2,112.2,0.0,0
U5858,234,FUSE2,5,Station 2.2: Drill station,23992.3,23995.1,24171.9,176.8,176.8,2.8,0
U1047,42,FUSE1,16,Station 6: Packaging,24006.6,24006.6,24122.6,116.0,116.0,0.0,0
U5842,234,FUSE0,11,Station 4: Inspection,23869.8,24011.8,24129.4,117.6,117.6,142.0,1
U5859,234,FUSE2,3,Station 2: Drill station,24009.5,24019.2,24196.0,176.8,176.8,9.7,0
U1052,42,FUSE2,14,Station 5.1: Top cover,24025.2,24025.2,24200.0,174.8,174.8,0.0,0
U5851,234,FUSE1,10,Station 3.4: Robot cell,23876.5,24027.2,24332.8,305.6,305.6,150.7,0
U5862,234,FUSE2,1,Station 1: Bottom cover,24033.1,24033.1,24145.3,112.2,112.2,0.0,0
U1048,42,FUSE2,17,Station 6.1: Packaging,23967.0,24043.8,24159.8,116.0,116.0,76.8,0
U5843,234,FUSE0,12,Station 4.1: Inspection,23937.8,24046.6,24164.2,117.6,117.6,108.8,0
U5852,234,FUSE1,6,Station 3: Robot cell,23897.3,24074.4,24380.0,305.6,305.6,177.1,0
U5863,234,FUSE2,2,Station 1.1: Bottom cover,24075.1,24075.1,24187.3,112.2,112.2,0.0,0
U5853,234,FUSE1,8,Station 3.2: Robot cell,23921.4,24082.4,24388.0,305.6,305.6,161.0,0
U5860,234,FUSE2,4,Station 2.1: Drill station,24088.3,24091.1,24267.9,176.8,176.8,2.8,0
U1053,42,FUSE2,13,Station 5: Top cover,24060.0,24102.4,24277.2,174.8,174.8,42.4,0
U1049,42,FUSE2,16,Station 6: Packaging,24084.2,24122.6,24238.6,116.0,116.0,38.4,0
U1054,42,FUSE2,15,Station 5.2: Top cover,24122.8,24122.8,24297.6,174.8,174.8,0.0,0
U5844,234,FUSE0,11,Station 4: Inspection,23949.6,24129.4,24247.0,117.6,117.6,179.8,1
U5864,234,FUSE2,1,Station 1: Bottom cover,24153.9,24153.9,24266.1,112.2,112.2,0.0,0
U5845,234,FUSE0,12,Station 4.1: Inspection,24030.6,24164.2,24281.8,117.6,117.6,133.6,1
U5861,234,FUSE2,5,Station 2.2: Drill station,24170.3,24171.9,24348.7,176.8,176.8,1.6,0
U1050,42,FUSE2,17,Station 6.1: Packaging,24181.4,24181.4,24297.4,116.0,116.0,0.0,0
U5865,234,FUSE2,2,Station 1.1: Bottom cover,24191.1,24191.1,24303.3,112.2,112.2,0.0,0
U5862,234,FUSE2,3,Station 2: Drill station,24184.3,24196.0,24372.8,176.8,176.8,11.7,0
U5854,234,FUSE1,7,Station 3.1: Robot cell,23993.3,24196.2,24501.8,305.6,305.6,202.9,0
U5841,234,FUSE0,14,Station 5.1: Top cover,24157.6,24200.0,24374.8,174.8,174.8,42.4,0
U5855,234,FUSE1,9,Station 3.3: Robot cell,24134.1,24217.2,24522.8,305.6,305.6,83.1,0
U1051,42,FUSE2,16,Station 6: Packaging,24161.8,24238.6,24354.6,116.0,116.0,76.8,0
U5846,234,FUSE0,11,Station 4: Inspection,24146.2,24247.0,24364.6,117.6,117.6,100.8,0
U5863,234,FUSE2,4,Station 2.1: Drill station,24266.3,24267.9,24444.7,176.8,176.8,1.6,0
U6454,259,FUSE0,1,Station 1: Bottom cover,24269.9,24269.9,24382.1,112.2,112.2,0.0,0
U5842,234,FUSE0,13,Station 5: Top cover,24280.4,24280.4,24455.2,174.8,174.8,0.0,0
U5847,234,FUSE0,12,Station 4.1: Inspection,24133.4,24281.8,24399.4,117.6,117.6,148.4,1
U1052,42,FUSE2,17,Station 6.1: Packaging,24259.0,24297.4,24413.4,116.0,116.0,38.4,0
U5843,234,FUSE0,15,Station 5.2: Top cover,24255.2,24297.6,24472.4,174.8,174.8,42.4,0
U6455,259,FUSE0,2,Station 1.1: Bottom cover,24328.7,24328.7,24440.9,112.2,112.2,0.0,0
U5856,234,FUSE1,10,Station 3.4: Robot cell,24138.2,24332.8,24638.4,305.6,305.6,194.6,0
U5864,234,FUSE2,5,Station 2.2: Drill station,24345.1,24348.7,24525.5,176.8,176.8,3.6,0
U5848,234,FUSE0,11,Station 4: Inspection,24161.4,24364.6,24482.2,117.6,117.6,203.2,1
U5865,234,FUSE2,3,Station 2: Drill station,24362.3,24372.8,24549.6,176.8,176.8,10.5,0
U1053,42,FUSE2,16,Station 6: Packaging,24376.2,24376.2,24492.2,116.0,116.0,0.0,0
U5844,234,FUSE0,14,Station 5.1: Top cover,24378.0,24378.0,24552.8,174.8,174.8,0.0,0
U5857,234,FUSE2,6,Station 3: Robot cell,24150.1,24380.0,24718.0,338.0,338.0,229.9,0
U6456,259,FUSE0,1,Station 1: Bottom cover,24385.9,24385.9,24498.1,112.2,112.2,0.0,0
U5858,234,FUSE2,8,Station 3.2: Robot cell,24290.9,24388.0,24726.0,338.0,338.0,97.1,0
U5849,234,FUSE1,12,Station 4.1: Inspection,24275.2,24399.4,24517.0,117.6,117.6,124.2,1
U1054,42,FUSE2,17,Station 6.1: Packaging,24336.6,24413.4,24529.4,116.0,116.0,76.8,0
U6457,259,FUSE0,2,Station 1.1: Bottom cover,24444.7,24444.7,24556.9,112.2,112.2,0.0,0
U6454,259,FUSE0,4,Station 2.1: Drill station,24441.1,24444.7,24621.5,176.8,176.8,3.6,0
U5845,234,FUSE0,13,Station 5: Top cover,24412.8,24455.2,24630.0,174.8,174.8,42.4,0
U5846,234,FUSE0,15,Station 5.2: Top cover,24475.6,24475.6,24650.4,174.8,174.8,0.0,0
U5850,234,FUSE1,11,Station 4: Inspection,24316.2,24482.2,24599.8,117.6,117.6,166.0,1
U5841,234,FUSE0,16,Station 6: Packaging,24453.8,24492.2,24608.2,116.0,116.0,38.4,0
U5859,234,FUSE2,7,Station 3.1: Robot cell,24255.0,24501.8,24839.8,338.0,338.0,246.8,0
U5851,234,FUSE1,12,Station 4.1: Inspection,24471.8,24517.0,24634.6,117.6,117.6,45.2,0
U5860,234,FUSE2,9,Station 3.3: Robot cell,24386.9,24522.8,24860.8,338.0,338.0,135.9,0
U6458,259,FUSE0,1,Station 1: Bottom cover,24523.5,24523.5,24635.7,112.2,112.2,0.0,0
U5842,234,FUSE0,17,Station 6.1: Packaging,24534.2,24534.2,24650.2,116.0,116.0,0.0,0
U6455,259,FUSE0,5,Station 2.2: Drill station,24539.9,24539.9,24716.7,176.8,176.8,0.0,0
U6456,259,FUSE0,3,Station 2: Drill station,24537.1,24549.6,24726.4,176.8,176.8,12.5,0
U5847,234,FUSE0,14,Station 5.1: Top cover,24510.4,24552.8,24727.6,174.8,174.8,42.4,0
U6459,259,FUSE0,2,Station 1.1: Bottom cover,24560.7,24560.7,24672.9,112.2,112.2,0.0,0
U5852,234,FUSE1,11,Station 4: Inspection,24419.0,24599.8,24717.4,117.6,117.6,180.8,1
U5843,234,FUSE0,16,Station 6: Packaging,24531.4,24608.2,24724.2,116.0,116.0,76.8,0
U5848,234,FUSE0,13,Station 5: Top cover,24633.2,24633.2,24808.0,174.8,174.8,0.0,0
U5853,234,FUSE1,12,Station 4.1: Inspection,24487.0,24634.6,24752.2,117.6,117.6,147.6,1
U6457,259,FUSE0,4,Station 2.1: Drill station,24635.9,24635.9,24812.7,176.8,176.8,0.0,0
U5861,234,FUSE2,10,Station 3.4: Robot cell,24507.7,24638.4,24976.4,338.0,338.0,130.7,0
U6460,259,FUSE0,1,Station 1: Bottom cover,24639.5,24639.5,24751.7,112.2,112.2,0.0,0
U5844,234,FUSE0,17,Station 6.1: Packaging,24611.8,24650.2,24766.2,116.0,116.0,38.4,0
U5849,234,FUSE1,15,Station 5.2: Top cover,24608.0,24650.4,24825.2,174.8,174.8,42.4,0
U6461,259,FUSE1,2,Station 1.1: Bottom cover,24681.5,24681.5,24793.7,112.2,112.2,0.0,0
U6458,259,FUSE0,5,Station 2.2: Drill station,24714.7,24716.7,24893.5,176.8,176.8,2.0,0
U5854,234,FUSE1,11,Station 4: Inspection,24560.8,24717.4,24835.0,117.6,117.6,156.6,1
U5862,234,FUSE2,6,Station 3: Robot cell,24411.8,24718.0,25056.0,338.0,338.0,306.2,0
U5863,234,FUSE2,8,Station 3.2: Robot cell,24543.7,24726.0,25064.0,338.0,338.0,182.3,0
U5845,234,FUSE0,16,Station 6: Packaging,24729.0,24729.0,24845.0,116.0,116.0,0.0,0
U5850,234,FUSE1,14,Station 5.1: Top cover,24730.8,24730.8,24905.6,174.8,174.8,0.0,0
U6459,259,FUSE0,3,Station 2: Drill station,24731.9,24731.9,24908.7,176.8,176.8,0.0,0
U5855,234,FUSE1,12,Station 4.1: Inspection,24641.8,24752.2,24869.8,117.6,117.6,110.4,0
U6462,259,FUSE1,1,Station 1: Bottom cover,24755.5,24755.5,24867.7,112.2,112.2,0.0,0
U5846,234,FUSE0,17,Station 6.1: Packaging,24689.4,24766.2,24882.2,116.0,116.0,76.8,0
U6463,259,FUSE1,2,Station 1.1: Bottom cover,24797.5,24797.5,24909.7,112.2,112.2,0.0,0
U5851,234,FUSE1,13,Station 5: Top cover,24765.6,24808.0,24982.8,174.8,174.8,42.4,0
U6460,259,FUSE0,4,Station 2.1: Drill station,24810.7,24812.7,24989.5,176.8,176.8,2.0,0
U5852,234,FUSE1,15,Station 5.2: Top cover,24828.4,24828.4,25003.2,174.8,174.8,0.0,0
U5856,234,FUSE1,11,Station 4: Inspection,24757.4,24835.0,24952.6,117.6,117.6,77.6,0
U5864,234,FUSE2,7,Station 3.1: Robot cell,24624.5,24839.8,25177.8,338.0,338.0,215.3,0
U5847,234,FUSE0,16,Station 6: Packaging,24806.6,24845.0,24961.0,116.0,116.0,38.4,0
U5865,234,FUSE2,9,Station 3.3: Robot cell,24648.6,24860.8,25198.8,338.0,338.0,212.2,0
U5857,234,FUSE2,12,Station 4.1: Inspection,24777.0,24869.8,24987.4,117.6,117.6,92.8,0
U6464,259,FUSE1,1,Station 1: Bottom cover,24876.3,24876.3,24988.5,112.2,112.2,0.0,0
U5848,234,FUSE0,17,Station 6.1: Packaging,24887.0,24887.0,25003.0,116.0,116.0,0.0,0
U6461,259,FUSE1,5,Station 2.2: Drill station,24892.7,24893.5,25070.3,176.8,176.8,0.8,0
U5853,234,FUSE1,14,Station 5.1: Top cover,24863.2,24905.6,25080.4,174.8,174.8,42.4,0
U6462,259,FUSE1,3,Station 2: Drill station,24906.7,24908.7,25085.5,176.8,176.8,2.0,0
U6465,259,FUSE1,2,Station 1.1: Bottom cover,24913.5,24913.5,25025.7,112.2,112.2,0.0,0
U5858,234,FUSE2,11,Station 4: Inspection,24805.0,24952.6,25070.2,117.6,117.6,147.6,1
U5849,234,FUSE1,16,Station 6: Packaging,24884.2,24961.0,25077.0,116.0,116.0,76.8,0
U6454,259,FUSE0,10,Station 3.4: Robot cell,24760.5,24976.4,25220.0,243.6,243.6,215.9,0
U5854,234,FUSE1,13,Station 5: Top cover,24986.0,24986.0,25160.8,174.8,174.8,0.0,0
U5859,234,FUSE2,12,Station 4.1: Inspection,24918.8,24987.4,25105.0,117.6,117.6,68.6,0
U6463,259,FUSE1,4,Station 2.1: Drill station,24988.7,24989.5,25166.3,176.8,176.8,0.8,0
U6466,259,FUSE1,1,Station 1: Bottom cover,24992.3,24992.3,25104.5,112.2,112.2,0.0,0
U5850,234,FUSE1,17,Station 6.1: Packaging,24964.6,25003.0,25119.0,116.0,116.0,38.4,0
U5855,234,FUSE1,15,Station 5.2: Top cover,24960.8,25003.2,25178.0,174.8,174.8,42.4,0
U6467,259,FUSE1,2,Station 1.1: Bottom cover,25034.3,25034.3,25146.5,112.2,112.2,0.0,0
U6455,259,FUSE0,6,Station 3: Robot cell,24795.7,25056.0,25299.6,243.6,243.6,260.3,0
U6456,259,FUSE0,8,Station 3.2: Robot cell,24805.4,25064.0,25307.6,243.6,243.6,258.6,0
U5860,234,FUSE2,11,Station 4: Inspection,24959.8,25070.2,25187.8,117.6,117.6,110.4,0
U6464,259,FUSE1,5,Station 2.2: Drill station,25067.5,25070.3,25247.1,176.8,176.8,2.8,0
U5851,234,FUSE1,16,Station 6: Packaging,25081.8,25081.8,25197.8,116.0,116.0,0.0,0
U5856,234,FUSE1,14,Station 5.1: Top cover,25083.6,25083.6,25258.4,174.8,174.8,0.0,0
U6465,259,FUSE1,3,Station 2: Drill station,25084.7,25085.5,25262.3,176.8,176.8,0.8,0
U6468,259,FUSE1,1,Station 1: Bottom cover,25108.3,25108.3,25220.5,112.2,112.2,0.0,0
U5861,234,FUSE2,12,Station 4.1: Inspection,25115.4,25115.4,25233.0,117.6,117.6,0.0,0
U5852,234,FUSE1,17,Station 6.1: Packaging,25042.2,25119.0,25235.0,116.0,116.0,76.8,0
U6469,259,FUSE2,2,Station 1.1: Bottom cover,25150.3,25150.3,25262.5,112.2,112.2,0.0,0
U5857,234,FUSE2,13,Station 5: Top cover,25118.4,25160.8,25335.6,174.8,174.8,42.4,0
U6466,259,FUSE1,4,Station 2.1: Drill station,25163.5,25166.3,25343.1,176.8,176.8,2.8,0
U6457,259,FUSE0,7,Station 3.1: Robot cell,24891.7,25177.8,25421.4,243.6,243.6,286.1,0
U5858,234,FUSE2,15,Station 5.2: Top cover,25181.2,25181.2,25356.0,174.8,174.8,0.0,0
U5862,234,FUSE2,11,Station 4: Inspection,25095.0,25187.8,25305.4,117.6,117.6,92.8,0
U5853,234,FUSE1,16,Station 6: Packaging,25159.4,25197.8,25313.8,116.0,116.0,38.4,0
U6458,259,FUSE0,9,Station 3.3: Robot cell,25032.5,25198.8,25442.4,243.6,243.6,166.3,0
U6459,259,FUSE0,10,Station 3.4: Robot cell,25027.7,25220.0,25463.6,243.6,243.6,192.3,0
U6470,259,FUSE2,1,Station 1: Bottom cover,25229.1,25229.1,25341.3,112.2,112.2,0.0,0
U5863,234,FUSE2,12,Station 4.1: Inspection,25163.0,25233.0,25350.6,117.6,117.6,70.0,0
U5854,234,FUSE1,17,Station 6.1: Packaging,25239.8,25239.8,25355.8,116.0,116.0,0.0,0
U6467,259,FUSE1,5,Station 2.2: Drill station,25245.5,25247.1,25423.9,176.8,176.8,1.6,0
U5859,234,FUSE2,14,Station 5.1: Top cover,25216.0,25258.4,25433.2,174.8,174.8,42.4,0
U6468,259,FUSE1,3,Station 2: Drill station,25259.5,25262.3,25439.1,176.8,176.8,2.8,0
U6471,259,FUSE2,2,Station 1.1: Bottom cover,25266.3,25266.3,25378.5,112.2,112.2,0.0,0
U6460,259,FUSE0,6,Station 3: Robot cell,25048.5,25299.6,25543.2,243.6,243.6,251.1,1
U5864,234,FUSE2,11,Station 4: Inspection,25236.8,25305.4,25423.0,117.6,117.6,68.6,0
U6461,259,FUSE1,8,Station 3.2: Robot cell,25189.3,25307.6,25613.2,305.6,305.6,118.3,0
U5855,234,FUSE1,16,Station 6: Packaging,25237.0,25313.8,25429.8,116.0,116.0,76.8,0
U5860,234,FUSE2,13,Station 5: Top cover,25338.8,25338.8,25513.6,174.8,174.8,0.0,0
U6469,259,FUSE2,4,Station 2.1: Drill station,25341.5,25343.1,25519.9,176.8,176.8,1.6,0
U6472,259,FUSE2,1,Station 1: Bottom cover,25345.1,25345.1,25457.3,112.2,112.2,0.0,0
U5865,234,FUSE2,12,Station 4.1: Inspection,25317.8,25350.6,25468.2,117.6,117.6,32.8,0
U5856,234,FUSE1,17,Station 6.1: Packaging,25317.4,25355.8,25471.8,116.0,116.0,38.4,0
U5861,234,FUSE2,15,Station 5.2: Top cover,25324.0,25356.0,25530.8,174.8,174.8,32.0,0
U6473,259,FUSE2,2,Station 1.1: Bottom cover,25387.1,25387.1,25499.3,112.2,112.2,0.0,0
U6462,259,FUSE1,7,Station 3.1: Robot cell,25144.5,25421.4,25727.0,305.6,305.6,276.9,1
U6454,259,FUSE0,11,Station 4: Inspection,25339.0,25423.0,25540.6,117.6,117.6,84.0,0
U6470,259,FUSE2,5,Station 2.2: Drill station,25420.3,25423.9,25600.7,176.8,176.8,3.6,0
U5857,234,FUSE2,16,Station 6: Packaging,25434.6,25434.6,25550.6,116.0,116.0,0.0,0
U5862,234,FUSE2,14,Station 5.1: Top cover,25436.4,25436.4,25611.2,174.8,174.8,0.0,0
U6471,259,FUSE2,3,Station 2: Drill station,25437.5,25439.1,25615.9,176.8,176.8,1.6,0
U6463,259,FUSE1,9,Station 3.3: Robot cell,25285.3,25442.4,25748.0,305.6,305.6,157.1,0
U6474,259,FUSE2,1,Station 1: Bottom cover,25461.1,25461.1,25573.3,112.2,112.2,0.0,0
U6464,259,FUSE1,10,Station 3.4: Robot cell,25406.1,25463.6,25769.2,305.6,305.6,57.5,0
U6455,259,FUSE0,12,Station 4.1: Inspection,25358.6,25468.2,25585.8,117.6,117.6,109.6,0
U5858,234,FUSE2,17,Station 6.1: Packaging,25395.0,25471.8,25587.8,116.0,116.0,76.8,0
U6475,259,FUSE2,2,Station 1.1: Bottom cover,25503.1,25503.1,25615.3,112.2,112.2,0.0,0
U5863,234,FUSE2,13,Station 5: Top cover,25481.6,25513.6,25688.4,174.8,174.8,32.0,0
U6472,259,FUSE2,4,Station 2.1: Drill station,25516.3,25519.9,25696.7,176.8,176.8,3.6,0
U5864,234,FUSE2,15,Station 5.2: Top cover,25534.0,25534.0,25708.8,174.8,174.8,0.0,0
U6456,259,FUSE0,11,Station 4: Inspection,25386.6,25540.6,25658.2,117.6,117.6,154.0,1
U6465,259,FUSE1,6,Station 3: Robot cell,25301.3,25543.2,25848.8,305.6,305.6,241.9,0
U5859,234,FUSE2,16,Station 6: Packaging,25512.2,25550.6,25666.6,116.0,116.0,38.4,0
U6476,259,FUSE2,1,Station 1: Bottom cover,25581.9,25581.9,25694.1,112.2,112.2,0.0,0
U6457,259,FUSE0,12,Station 4.1: Inspection,25500.4,25585.8,25703.4,117.6,117.6,85.4,0
U5860,234,FUSE2,17,Station 6.1: Packaging,25592.6,25592.6,25708.6,116.0,116.0,0.0,0
U6473,259,FUSE2,5,Station 2.2: Drill station,25598.3,25600.7,25777.5,176.8,176.8,2.4,0
U5865,234,FUSE2,14,Station 5.1: Top cover,25579.2,25611.2,25786.0,174.8,174.8,32.0,0
U6466,259,FUSE1,8,Station 3.2: Robot cell,25442.1,25613.2,25918.8,305.6,305.6,171.1,0
U6474,259,FUSE2,3,Station 2: Drill station,25612.3,25615.9,25792.7,176.8,176.8,3.6,0
U5066,203,FUSE0,2,Station 1.1: Bottom cover,25619.1,25619.1,25731.3,112.2,112.2,0.0,0
U6458,259,FUSE0,11,Station 4: Inspection,25541.4,25658.2,25775.8,117.6,117.6,116.8,0
U5861,234,FUSE2,16,Station 6: Packaging,25589.8,25666.6,25782.6,116.0,116.0,76.8,0
U6454,259,FUSE0,13,Station 5: Top cover,25691.6,25691.6,25866.4,174.8,174.8,0.0,0
U6475,259,FUSE2,4,Station 2.1: Drill station,25694.3,25696.7,25873.5,176.8,176.8,2.4,0
U5067,203,FUSE0,1,Station 1: Bottom cover,25697.9,25697.9,25810.1,112.2,112.2,0.0,0
U6459,259,FUSE0,12,Station 4.1: Inspection,25602.6,25703.4,25821.0,117.6,117.6,100.8,0
U5862,234,FUSE2,17,Station 6.1: Packaging,25670.2,25708.6,25824.6,116.0,116.0,38.4,0
U6455,259,FUSE0,15,Station 5.2: Top cover,25676.8,25708.8,25883.6,174.8,174.8,32.0,0
U6467,259,FUSE1,7,Station 3.1: Robot cell,25522.9,25727.0,26032.6,305.6,305.6,204.1,0
U5068,203,FUSE0,2,Station 1.1: Bottom cover,25739.9,25739.9,25852.1,112.2,112.2,0.0,0
U6468,259,FUSE1,9,Station 3.3: Robot cell,25538.1,25748.0,26053.6,305.6,305.6,209.9,0
U6469,259,FUSE2,10,Station 3.4: Robot cell,25658.9,25769.2,26107.2,338.0,338.0,110.3,0
U6460,259,FUSE0,11,Station 4: Inspection,25582.2,25775.8,25893.4,117.6,117.6,193.6,1
U6476,259,FUSE2,5,Station 2.2: Drill station,25773.1,25777.5,25954.3,176.8,176.8,4.4,0
U5863,234,FUSE2,16,Station 6: Packaging,25787.4,25787.4,25903.4,116.0,116.0,0.0,0
U6456,259,FUSE0,14,Station 5.1: Top cover,25789.2,25789.2,25964.0,174.8,174.8,0.0,0
U5066,203,FUSE0,3,Station 2: Drill station,25790.3,25792.7,25969.5,176.8,176.8,2.4,0
U5069,203,FUSE0,1,Station 1: Bottom cover,25813.9,25813.9,25926.1,112.2,112.2,0.0,0
U6461,259,FUSE1,12,Station 4.1: Inspection,25712.2,25821.0,25938.6,117.6,117.6,108.8,0
U5864,234,FUSE2,17,Station 6.1: Packaging,25747.8,25824.6,25940.6,116.0,116.0,76.8,0
U6470,259,FUSE2,6,Station 3: Robot cell,25679.7,25848.8,26186.8,338.0,338.0,169.1,0
U5070,203,FUSE0,2,Station 1.1: Bottom cover,25855.9,25855.9,25968.1,112.2,112.2,0.0,0
U6457,259,FUSE0,13,Station 5: Top cover,25834.4,25866.4,26041.2,174.8,174.8,32.0,0
U5067,203,FUSE0,4,Station 2.1: Drill station,25869.1,25873.5,26050.3,176.8,176.8,4.4,0
U6458,259,FUSE0,15,Station 5.2: Top cover,25886.8,25886.8,26061.6,174.8,174.8,0.0,0
U6462,259,FUSE1,11,Station 4: Inspection,25786.0,25893.4,26011.0,117.6,117.6,107.4,0
U5865,234,FUSE2,16,Station 6: Packaging,25865.0,25903.4,26019.4,116.0,116.0,38.4,0
U6471,259,FUSE2,8,Station 3.2: Robot cell,25694.9,25918.8,26256.8,338.0,338.0,223.9,0
U5071,203,FUSE0,1,Station 1: Bottom cover,25934.7,25934.7,26046.9,112.2,112.2,0.0,0
U6463,259,FUSE1,12,Station 4.1: Inspection,25867.0,25938.6,26056.2,117.6,117.6,71.6,0
U6454,259,FUSE0,17,Station 6.1: Packaging,25945.4,25945.4,26061.4,116.0,116.0,0.0,0
U5068,203,FUSE0,5,Station 2.2: Drill station,25951.1,25954.3,26131.1,176.8,176.8,3.2,0
U6459,259,FUSE0,14,Station 5.1: Top cover,25932.0,25964.0,26138.8,174.8,174.8,32.0,0
U5069,203,FUSE0,3,Station 2: Drill station,25965.1,25969.5,26146.3,176.8,176.8,4.4,0
U5072,203,FUSE0,2,Station 1.1: Bottom cover,25971.9,25971.9,26084.1,112.2,112.2,0.0,0
U6464,259,FUSE1,11,Station 4: Inspection,25888.2,26011.0,26128.6,117.6,117.6,122.8,1
U6455,259,FUSE0,16,Station 6: Packaging,25942.6,26019.4,26135.4,116.0,116.0,76.8,0
U6472,259,FUSE2,7,Station 3.1: Robot cell,25775.7,26032.6,26370.6,338.0,338.0,256.9,0
U6460,259,FUSE0,13,Station 5: Top cover,26044.4,26044.4,26219.2,174.8,174.8,0.0,0
U5070,203,FUSE0,4,Station 2.1: Drill station,26047.1,26050.3,26227.1,176.8,176.8,3.2,0
U5073,203,FUSE1,1,Station 1: Bottom cover,26050.7,26050.7,26162.9,112.2,112.2,0.0,0
U6473,259,FUSE2,9,Station 3.3: Robot cell,25916.5,26053.6,26391.6,338.0,338.0,137.1,0
U6465,259,FUSE1,12,Station 4.1: Inspection,25907.8,26056.2,26173.8,117.6,117.6,148.4,1
U6456,259,FUSE0,17,Station 6.1: Packaging,26023.0,26061.4,26177.4,116.0,116.0,38.4,0
U6461,259,FUSE1,15,Station 5.2: Top cover,26029.6,26061.6,26236.4,174.8,174.8,32.0,0
U5074,203,FUSE1,2,Station 1.1: Bottom cover,26092.7,26092.7,26204.9,112.2,112.2,0.0,0
U6474,259,FUSE2,10,Station 3.4: Robot cell,25911.7,26107.2,26445.2,338.0,338.0,195.5,0
U6466,259,FUSE1,11,Station 4: Inspection,25997.8,26128.6,26246.2,117.6,117.6,130.8,1
U5071,203,FUSE0,5,Station 2.2: Drill station,26125.9,26131.1,26307.9,176.8,176.8,5.2,0
U6457,259,FUSE0,16,Station 6: Packaging,26140.2,26140.2,26256.2,116.0,116.0,0.0,0
U6462,259,FUSE1,14,Station 5.1: Top cover,26142.0,26142.0,26316.8,174.8,174.8,0.0,0
U5072,203,FUSE0,3,Station 2: Drill station,26143.1,26146.3,26323.1,176.8,176.8,3.2,0
U5075,203,FUSE1,1,Station 1: Bottom cover,26166.7,26166.7,26278.9,112.2,112.2,0.0,0
U6467,259,FUSE1,12,Station 4.1: Inspection,26111.6,26173.8,26291.4,117.6,117.6,62.2,0
U6458,259,FUSE0,17,Station 6.1: Packaging,26100.6,26177.4,26293.4,116.0,116.0,76.8,0
U6475,259,FUSE2,6,Station 3: Robot cell,25932.5,26186.8,26524.8,338.0,338.0,254.3,0
U5076,203,FUSE1,2,Station 1.1: Bottom cover,26208.7,26208.7,26320.9,112.2,112.2,0.0,0
U6463,259,FUSE1,13,Station 5: Top cover,26187.2,26219.2,26394.0,174.8,174.8,32.0,0
U5073,203,FUSE1,4,Station 2.1: Drill station,26221.9,26227.1,26403.9,176.8,176.8,5.2,0
U6464,259,FUSE1,15,Station 5.2: Top cover,26239.6,26239.6,26414.4,174.8,174.8,0.0,0
U6468,259,FUSE1,11,Station 4: Inspection,26152.6,26246.2,26363.8,117.6,117.6,93.6,0
U6459,259,FUSE0,16,Station 6: Packaging,26217.8,26256.2,26372.2,116.0,116.0,38.4,0
U6476,259,FUSE2,8,Station 3.2: Robot cell,26073.3,26256.8,26594.8,338.0,338.0,183.5,0
U5077,203,FUSE1,1,Station 1: Bottom cover,26287.5,26287.5,26399.7,112.2,112.2,0.0,0
U6469,259,FUSE2,12,Station 4.1: Inspection,26246.2,26291.4,26409.0,117.6,117.6,45.2,0
U6460,259,FUSE0,17,Station 6.1: Packaging,26298.2,26298.2,26414.2,116.0,116.0,0.0,0
U5074,203,FUSE1,5,Station 2.2: Drill station,26303.9,26307.9,26484.7,176.8,176.8,4.0,0
U6465,259,FUSE1,14,Station 5.1: Top cover,26284.8,26316.8,26491.6,174.8,174.8,32.0,0
U5075,203,FUSE1,3,Station 2: Drill station,26317.9,26323.1,26499.9,176.8,176.8,5.2,0
U5078,203,FUSE1,2,Station 1.1: Bottom cover,26324.7,26324.7,26436.9,112.2,112.2,0.0,0
U6470,259,FUSE2,11,Station 4: Inspection,26225.8,26363.8,26481.4,117.6,117.6,138.0,1
U5066,203,FUSE0,7,Station 3.1: Robot cell,26028.5,26370.6,26614.2,243.6,243.6,342.1,1
U6461,259,FUSE1,16,Station 6: Packaging,26295.4,26372.2,26488.2,116.0,116.0,76.8,0
U5067,203,FUSE0,9,Station 3.3: Robot cell,26169.3,26391.6,26635.2,243.6,243.6,222.3,0
U6466,259,FUSE1,13,Station 5: Top cover,26397.2,26397.2,26572.0,174.8,174.8,0.0,0
U5079,203,FUSE1,1,Station 1: Bottom cover,26403.5,26403.5,26515.7,112.2,112.2,0.0,0
U5076,203,FUSE1,4,Station 2.1: Drill station,26399.9,26403.9,26580.7,176.8,176.8,4.0,0
U6471,259,FUSE2,12,Station 4.1: Inspection,26355.8,26409.0,26526.6,117.6,117.6,53.2,0
U6462,259,FUSE1,17,Station 6.1: Packaging,26375.8,26414.2,26530.2,116.0,116.0,38.4,0
U6467,259,FUSE1,15,Station 5.2: Top cover,26382.4,26414.4,26589.2,174.8,174.8,32.0,0
U5068,203,FUSE0,10,Station 3.4: Robot cell,26290.1,26445.2,26688.8,243.6,243.6,155.1,0
U5080,203,FUSE2,2,Station 1.1: Bottom cover,26445.5,26445.5,26557.7,112.2,112.2,0.0,0
U6472,259,FUSE2,11,Station 4: Inspection,26429.6,26481.4,26599.0,117.6,117.6,51.8,0
U5077,203,FUSE1,5,Station 2.2: Drill station,26478.7,26484.7,26661.5,176.8,176.8,6.0,0
U6463,259,FUSE1,16,Station 6: Packaging,26493.0,26493.0,26609.0,116.0,116.0,0.0,0
U6468,259,FUSE1,14,Station 5.1: Top cover,26494.8,26494.8,26669.6,174.8,174.8,0.0,0
U5078,203,FUSE1,3,Station 2: Drill station,26495.9,26499.9,26676.7,176.8,176.8,4.0,0
U5081,203,FUSE2,1,Station 1: Bottom cover,26519.5,26519.5,26631.7,112.2,112.2,0.0,0
U5069,203,FUSE0,6,Station 3: Robot cell,26185.3,26524.8,26768.4,243.6,243.6,339.5,1
U6473,259,FUSE2,12,Station 4.1: Inspection,26510.6,26526.6,26644.2,117.6,117.6,16.0,0
U6464,259,FUSE1,17,Station 6.1: Packaging,26453.4,26530.2,26646.2,116.0,116.0,76.8,0
U5082,203,FUSE2,2,Station 1.1: Bottom cover,26561.5,26561.5,26673.7,112.2,112.2,0.0,0
U6469,259,FUSE2,13,Station 5: Top cover,26540.0,26572.0,26746.8,174.8,174.8,32.0,0
U5079,203,FUSE1,4,Station 2.1: Drill station,26574.7,26580.7,26757.5,176.8,176.8,6.0,0
U6470,259,FUSE2,15,Station 5.2: Top cover,26592.4,26592.4,26767.2,174.8,174.8,0.0,0
U5070,203,FUSE0,8,Station 3.2: Robot cell,26326.1,26594.8,26838.4,243.6,243.6,268.7,0
U6474,259,FUSE2,11,Station 4: Inspection,26564.2,26599.0,26716.6,117.6,117.6,34.8,0
U6465,259,FUSE1,16,Station 6: Packaging,26570.6,26609.0,26725.0,116.0,116.0,38.4,0
U5071,203,FUSE0,7,Station 3.1: Robot cell,26406.9,26614.2,26857.8,243.6,243.6,207.3,0
U5072,203,FUSE0,9,Station 3.3: Robot cell,26422.1,26635.2,26878.8,243.6,243.6,213.1,0
U5083,203,FUSE2,1,Station 1: Bottom cover,26640.3,26640.3,26752.5,112.2,112.2,0.0,0
U6475,259,FUSE2,12,Station 4.1: Inspection,26583.8,26644.2,26761.8,117.6,117.6,60.4,0
U6466,259,FUSE1,17,Station 6.1: Packaging,26651.0,26651.0,26767.0,116.0,116.0,0.0,0
U5080,203,FUSE2,5,Station 2.2: Drill station,26656.7,26661.5,26838.3,176.8,176.8,4.8,0
U6471,259,FUSE2,14,Station 5.1: Top cover,26637.6,26669.6,26844.4,174.8,174.8,32.0,0
U5081,203,FUSE2,3,Station 2: Drill station,26670.7,26676.7,26853.5,176.8,176.8,6.0,0
U5084,203,FUSE2,2,Station 1.1: Bottom cover,26677.5,26677.5,26789.7,112.2,112.2,0.0,0
U5073,203,FUSE1,10,Station 3.4: Robot cell,26542.9,26688.8,26994.4,305.6,305.6,145.9,0
U6476,259,FUSE2,11,Station 4: Inspection,26673.8,26716.6,26834.2,117.6,117.6,42.8,0
U6467,259,FUSE1,16,Station 6: Packaging,26648.2,26725.0,26841.0,116.0,116.0,76.8,0
U6472,259,FUSE2,13,Station 5: Top cover,26750.0,26750.0,26924.8,174.8,174.8,0.0,0
U5085,203,FUSE2,1,Station 1: Bottom cover,26756.3,26756.3,26868.5,112.2,112.2,0.0,0
U5082,203,FUSE2,4,Station 2.1: Drill station,26752.7,26757.5,26934.3,176.8,176.8,4.8,0
U5066,203,FUSE0,12,Station 4.1: Inspection,26693.2,26761.8,26879.4,117.6,117.6,68.6,0
U6468,259,FUSE1,17,Station 6.1: Packaging,26728.6,26767.0,26883.0,116.0,116.0,38.4,0
U6473,259,FUSE2,15,Station 5.2: Top cover,26735.2,26767.2,26942.0,174.8,174.8,32.0,0
U5074,203,FUSE1,6,Station 3: Robot cell,26563.7,26768.4,27074.0,305.6,305.6,204.7,0
U5086,203,FUSE2,2,Station 1.1: Bottom cover,26798.3,26798.3,26910.5,112.2,112.2,0.0,0
U5067,203,FUSE0,11,Station 4: Inspection,26734.2,26834.2,26951.8,117.6,117.6,100.0,0
U5083,203,FUSE2,5,Station 2.2: Drill station,26831.5,26838.3,27015.1,176.8,176.8,6.8,0
U5075,203,FUSE1,8,Station 3.2: Robot cell,26578.9,26838.4,27144.0,305.6,305.6,259.5,1
U6469,259,FUSE2,16,Station 6: Packaging,26845.8,26845.8,26961.8,116.0,116.0,0.0,0
U6474,259,FUSE2,14,Station 5.1: Top cover,26847.6,26847.6,27022.4,174.8,174.8,0.0,0
U5084,203,FUSE2,3,Station 2: Drill station,26848.7,26853.5,27030.3,176.8,176.8,4.8,0
U5076,203,FUSE1,7,Station 3.1: Robot cell,26659.7,26857.8,27163.4,305.6,305.6,198.1,0
U5087,203,FUSE2,1,Station 1: Bottom cover,26872.3,26872.3,26984.5,112.2,112.2,0.0,0
U5077,203,FUSE1,9,Station 3.3: Robot cell,26800.5,26878.8,27184.4,305.6,305.6,78.3,0
U5068,203,FUSE0,12,Station 4.1: Inspection,26827.8,26879.4,26997.0,117.6,117.6,51.6,0
U6470,259,FUSE2,17,Station 6.1: Packaging,26806.2,26883.0,26999.0,116.0,116.0,76.8,0
U7502,301,FUSE0,2,Station 1.1: Bottom cover,26914.3,26914.3,27026.5,112.2,112.2,0.0,0
U6475,259,FUSE2,13,Station 5: Top cover,26892.8,26924.8,27099.6,174.8,174.8,32.0,0
U5085,203,FUSE2,4,Station 2.1: Drill station,26927.5,26934.3,27111.1,176.8,176.8,6.8,0
U6476,259,FUSE2,15,Station 5.2: Top cover,26945.2,26945.2,27120.0,174.8,174.8,0.0,0
U5069,203,FUSE0,11,Station 4: Inspection,26807.4,26951.8,27069.4,117.6,117.6,144.4,1
U6471,259,FUSE2,16,Station 6: Packaging,26923.4,26961.8,27077.8,116.0,116.0,38.4,0
U7503,301,FUSE0,1,Station 1: Bottom cover,26993.1,26993.1,27105.3,112.2,112.2,0.0,0
U5078,203,FUSE1,10,Station 3.4: Robot cell,26795.7,26994.4,27300.0,305.6,305.6,198.7,0
U5070,203,FUSE0,12,Station 4.1: Inspection,26937.4,26997.0,27114.6,117.6,117.6,59.6,0
U6472,259,FUSE2,17,Station 6.1: Packaging,27003.8,27003.8,27119.8,116.0,116.0,0.0,0
U5086,203,FUSE2,5,Station 2.2: Drill station,27009.5,27015.1,27191.9,176.8,176.8,5.6,0
U5066,203,FUSE0,14,Station 5.1: Top cover,26990.4,27022.4,27197.2,174.8,174.8,32.0,0
U7504,301,FUSE0,2,Station 1.1: Bottom cover,27030.3,27030.3,27142.5,112.2,112.2,0.0,0
U5087,203,FUSE2,3,Station 2: Drill station,27023.5,27030.3,27207.1,176.8,176.8,6.8,0
U5071,203,FUSE0,11,Station 4: Inspection,26916.8,27069.4,27187.0,117.6,117.6,152.6,1
U5079,203,FUSE1,6,Station 3: Robot cell,26816.5,27074.0,27379.6,305.6,305.6,257.5,0
U6473,259,FUSE2,16,Station 6: Packaging,27001.0,27077.8,27193.8,116.0,116.0,76.8,0
U5067,203,FUSE0,13,Station 5: Top cover,27102.8,27102.8,27277.6,174.8,174.8,0.0,0
U7505,301,FUSE0,1,Station 1: Bottom cover,27109.1,27109.1,27221.3,112.2,112.2,0.0,0
U7502,301,FUSE0,4,Station 2.1: Drill station,27105.5,27111.1,27287.9,176.8,176.8,5.6,0
U5072,203,FUSE0,12,Station 4.1: Inspection,26997.8,27114.6,27232.2,117.6,117.6,116.8,0
U6474,259,FUSE2,17,Station 6.1: Packaging,27081.4,27119.8,27235.8,116.0,116.0,38.4,0
U5068,203,FUSE0,15,Station 5.2: Top cover,27088.0,27120.0,27294.8,174.8,174.8,32.0,0
U5080,203,FUSE2,8,Station 3.2: Robot cell,26957.3,27144.0,27482.0,338.0,338.0,186.7,0
U7506,301,FUSE0,2,Station 1.1: Bottom cover,27151.1,27151.1,27263.3,112.2,112.2,0.0,0
U5081,203,FUSE2,7,Station 3.1: Robot cell,26912.5,27163.4,27501.4,338.0,338.0,250.9,0
U5082,203,FUSE2,9,Station 3.3: Robot cell,27053.3,27184.4,27522.4,338.0,338.0,131.1,0
U5073,203,FUSE1,11,Station 4: Inspection,27113.4,27187.0,27304.6,117.6,117.6,73.6,0
U7503,301,FUSE0,5,Station 2.2: Drill station,27184.3,27191.9,27368.7,176.8,176.8,7.6,0
U6475,259,FUSE2,16,Station 6: Packaging,27198.6,27198.6,27314.6,116.0,116.0,0.0,0
U5069,203,FUSE0,14,Station 5.1: Top cover,27200.4,27200.4,27375.2,174.8,174.8,0.0,0
U7504,301,FUSE0,3,Station 2: Drill station,27201.5,27207.1,27383.9,176.8,176.8,5.6,0
U7507,301,FUSE0,1,Station 1: Bottom cover,27225.1,27225.1,27337.3,112.2,112.2,0.0,0
U5074,203,FUSE1,12,Station 4.1: Inspection,27133.0,27232.2,27349.8,117.6,117.6,99.2,0
U6476,259,FUSE2,17,Station 6.1: Packaging,27159.0,27235.8,27351.8,116.0,116.0,76.8,0
U7508,301,FUSE0,2,Station 1.1: Bottom cover,27267.1,27267.1,27379.3,112.2,112.2,0.0,0
U5070,203,FUSE0,13,Station 5: Top cover,27245.6,27277.6,27452.4,174.8,174.8,32.0,0
U7505,301,FUSE0,4,Station 2.1: Drill station,27280.3,27287.9,27464.7,176.8,176.8,7.6,0
U5071,203,FUSE0,15,Station 5.2: Top cover,27298.0,27298.0,27472.8,174.8,174.8,0.0,0
U5083,203,FUSE2,10,Station 3.4: Robot cell,27174.1,27300.0,27638.0,338.0,338.0,125.9,0
U5075,203,FUSE1,11,Station 4: Inspection,27223.0,27304.6,27422.2,117.6,117.6,81.6,0
U5066,203,FUSE0,16,Station 6: Packaging,27276.2,27314.6,27430.6,116.0,116.0,38.4,0
U7509,301,FUSE0,1,Station 1: Bottom cover,27345.9,27345.9,27458.1,112.2,112.2,0.0,0
U5076,203,FUSE1,12,Station 4.1: Inspection,27242.4,27349.8,27467.4,117.6,117.6,107.4,0
U5067,203,FUSE0,17,Station 6.1: Packaging,27356.6,27356.6,27472.6,116.0,116.0,0.0,0
U7506,301,FUSE0,5,Station 2.2: Drill station,27362.3,27368.7,27545.5,176.8,176.8,6.4,0
U5072,203,FUSE0,14,Station 5.1: Top cover,27343.2,27375.2,27550.0,174.8,174.8,32.0,0
U5084,203,FUSE2,6,Station 3: Robot cell,27069.3,27379.6,27717.6,338.0,338.0,310.3,1
U7510,301,FUSE0,2,Station 1.1: Bottom cover,27383.1,27383.1,27495.3,112.2,112.2,0.0,0
U7507,301,FUSE0,3,Station 2: Drill station,27376.3,27383.9,27560.7,176.8,176.8,7.6,0
U5077,203,FUSE1,11,Station 4: Inspection,27283.4,27422.2,27539.8,117.6,117.6,138.8,1
U5068,203,FUSE0,16,Station 6: Packaging,27353.8,27430.6,27546.6,116.0,116.0,76.8,0
U5073,203,FUSE1,13,Station 5: Top cover,27455.6,27455.6,27630.4,174.8,174.8,0.0,0
U7511,301,FUSE1,1,Station 1: Bottom cover,27461.9,27461.9,27574.1,112.2,112.2,0.0,0
U7508,301,FUSE0,4,Station 2.1: Drill station,27458.3,27464.7,27641.5,176.8,176.8,6.4,0
U5078,203,FUSE1,12,Station 4.1: Inspection,27439.0,27467.4,27585.0,117.6,117.6,28.4,0
U5069,203,FUSE0,17,Station 6.1: Packaging,27434.2,27472.6,27588.6,116.0,116.0,38.4,0
U5074,203,FUSE1,15,Station 5.2: Top cover,27440.8,27472.8,27647.6,174.8,174.8,32.0,0
U5085,203,FUSE2,8,Station 3.2: Robot cell,27210.1,27482.0,27820.0,338.0,338.0,271.9,0
U5086,203,FUSE2,7,Station 3.1: Robot cell,27290.9,27501.4,27839.4,338.0,338.0,210.5,0
U7512,301,FUSE1,2,Station 1.1: Bottom cover,27503.9,27503.9,27616.1,112.2,112.2,0.0,0
U5087,203,FUSE2,9,Station 3.3: Robot cell,27306.1,27522.4,27860.4,338.0,338.0,216.3,0
U5079,203,FUSE1,11,Station 4: Inspection,27418.6,27539.8,27657.4,117.6,117.6,121.2,1
U7509,301,FUSE0,5,Station 2.2: Drill station,27537.1,27545.5,27722.3,176.8,176.8,8.4,0
U5070,203,FUSE0,16,Station 6: Packaging,27551.4,27551.4,27667.4,116.0,116.0,0.0,0
U5075,203,FUSE1,14,Station 5.1: Top cover,27553.2,27553.2,27728.0,174.8,174.8,0.0,0
U7510,301,FUSE0,3,Station 2: Drill station,27554.3,27560.7,27737.5,176.8,176.8,6.4,0
U7513,301,FUSE1,1,Station 1: Bottom cover,27577.9,27577.9,27690.1,112.2,112.2,0.0,0
U5080,203,FUSE2,12,Station 4.1: Inspection,27581.0,27585.0,27702.6,117.6,117.6,4.0,0
U5071,203,FUSE0,17,Station 6.1: Packaging,27511.8,27588.6,27704.6,116.0,116.0,76.8,0
U7514,301,FUSE1,2,Station 1.1: Bottom cover,27619.9,27619.9,27732.1,112.2,112.2,0.0,0
U5076,203,FUSE1,13,Station 5: Top cover,27598.4,27630.4,27805.2,174.8,174.8,32.0,0
U7502,301,FUSE0,10,Station 3.4: Robot cell,27426.9,27638.0,27881.6,243.6,243.6,211.1,0
U7511,301,FUSE1,4,Station 2.1: Drill station,27633.1,27641.5,27818.3,176.8,176.8,8.4,0
U5077,203,FUSE1,15,Station 5.2: Top cover,27650.8,27650.8,27825.6,174.8,174.8,0.0,0
U5081,203,FUSE2,11,Station 4: Inspection,27560.4,27657.4,27775.0,117.6,117.6,97.0,0
U5072,203,FUSE0,16,Station 6: Packaging,27629.0,27667.4,27783.4,116.0,116.0,38.4,0
U7515,301,FUSE1,1,Station 1: Bottom cover,27698.7,27698.7,27810.9,112.2,112.2,0.0,0
U5082,203,FUSE2,12,Station 4.1: Inspection,27641.4,27702.6,27820.2,117.6,117.6,61.2,0
U5073,203,FUSE1,17,Station 6.1: Packaging,27709.4,27709.4,27825.4,116.0,116.0,0.0,0
U7503,301,FUSE0,6,Station 3: Robot cell,27447.7,27717.6,27961.2,243.6,243.6,269.9,0
U7512,301,FUSE1,5,Station 2.2: Drill station,27715.1,27722.3,27899.1,176.8,176.8,7.2,0
U5078,203,FUSE1,14,Station 5.1: Top cover,27696.0,27728.0,27902.8,174.8,174.8,32.0,0
U7516,301,FUSE1,2,Station 1.1: Bottom cover,27735.9,27735.9,27848.1,112.2,112.2,0.0,0
U7513,301,FUSE1,3,Station 2: Drill station,27729.1,27737.5,27914.3,176.8,176.8,8.4,0
U5083,203,FUSE2,11,Station 4: Inspection,27757.0,27775.0,27892.6,117.6,117.6,18.0,0
U5074,203,FUSE1,16,Station 6: Packaging,27706.6,27783.4,27899.4,116.0,116.0,76.8,0
U5079,203,FUSE1,13,Station 5: Top cover,27808.4,27808.4,27983.2,174.8,174.8,0.0,0
U7517,301,FUSE1,1,Station 1: Bottom cover,27814.7,27814.7,27926.9,112.2,112.2,0.0,0
U7514,301,FUSE1,4,Station 2.1: Drill station,27811.1,27818.3,27995.1,176.8,176.8,7.2,0
U7504,301,FUSE0,8,Station 3.2: Robot cell,27462.9,27820.0,28063.6,243.6,243.6,357.1,1
U5084,203,FUSE2,12,Station 4.1: Inspection,27776.6,27820.2,27937.8,117.6,117.6,43.6,0
U5075,203,FUSE1,17,Station 6.1: Packaging,27787.0,27825.4,27941.4,116.0,116.0,38.4,0
U5080,203,FUSE2,15,Station 5.2: Top cover,27793.6,27825.6,28000.4,174.8,174.8,32.0,0
U7505,301,FUSE0,7,Station 3.1: Robot cell,27543.7,27839.4,28083.0,243.6,243.6,295.7,0
U7518,301,FUSE1,2,Station 1.1: Bottom cover,27856.7,27856.7,27968.9,112.2,112.2,0.0,0
U7506,301,FUSE0,9,Station 3.3: Robot cell,27684.5,27860.4,28104.0,243.6,243.6,175.9,0
U7507,301,FUSE0,10,Station 3.4: Robot cell,27679.7,27881.6,28125.2,243.6,243.6,201.9,0
U5085,203,FUSE2,11,Station 4: Inspection,27899.0,27899.0,28016.6,117.6,117.6,0.0,0
U7515,301,FUSE1,5,Station 2.2: Drill station,27889.9,27899.1,28075.9,176.8,176.8,9.2,0
U5076,203,FUSE1,16,Station 6: Packaging,27904.2,27904.2,28020.2,116.0,116.0,0.0,0
U5081,203,FUSE2,14,Station 5.1: Top cover,27906.0,27906.0,28080.8,174.8,174.8,0.0,0
U7516,301,FUSE1,3,Station 2: Drill station,27907.1,27914.3,28091.1,176.8,176.8,7.2,0
U7519,301,FUSE1,1,Station 1: Bottom cover,27930.7,27930.7,28042.9,112.2,112.2,0.0,0
U5086,203,FUSE2,12,Station 4.1: Inspection,27918.4,27937.8,28055.4,117.6,117.6,19.4,0
U5077,203,FUSE1,17,Station 6.1: Packaging,27864.6,27941.4,28057.4,116.0,116.0,76.8,0
U7508,301,FUSE0,6,Station 3: Robot cell,27700.5,27961.2,28204.8,243.6,243.6,260.7,1
U7520,301,FUSE2,2,Station 1.1: Bottom cover,27972.7,27972.7,28084.9,112.2,112.2,0.0,0
U5082,203,FUSE2,13,Station 5: Top cover,27951.2,27983.2,28158.0,174.8,174.8,32.0,0
U7517,301,FUSE1,4,Station 2.1: Drill station,27985.9,27995.1,28171.9,176.8,176.8,9.2,0
U5083,203,FUSE2,15,Station 5.2: Top cover,28003.6,28003.6,28178.4,174.8,174.8,0.0,0
U5087,203,FUSE2,11,Station 4: Inspection,27959.4,28016.6,28134.2,117.6,117.6,57.2,0
U5078,203,FUSE1,16,Station 6: Packaging,27981.8,28020.2,28136.2,116.0,116.0,38.4,0
U7521,301,FUSE2,1,Station 1: Bottom cover,28051.5,28051.5,28163.7,112.2,112.2,0.0,0
U7502,301,FUSE0,12,Station 4.1: Inspection,28020.6,28055.4,28173.0,117.6,117.6,34.8,0
U5079,203,FUSE1,17,Station 6.1: Packaging,28062.2,28062.2,28178.2,116.0,116.0,0.0,0
U7509,301,FUSE0,8,Station 3.2: Robot cell,27841.3,28063.6,28307.2,243.6,243.6,222.3,0
U7518,301,FUSE1,5,Station 2.2: Drill station,28067.9,28075.9,28252.7,176.8,176.8,8.0,0
U5084,203,FUSE2,14,Station 5.1: Top cover,28048.8,28080.8,28255.6,174.8,174.8,32.0,0
U7510,301,FUSE0,7,Station 3.1: Robot cell,27796.5,28083.0,28326.6,243.6,243.6,286.5,1
U7522,301,FUSE2,2,Station 1.1: Bottom cover,28088.7,28088.7,28200.9,112.2,112.2,0.0,0
U7519,301,FUSE1,3,Station 2: Drill station,28081.9,28091.1,28267.9,176.8,176.8,9.2,0
U7511,301,FUSE1,9,Station 3.3: Robot cell,27937.3,28104.0,28409.6,305.6,305.6,166.7,0
U7512,301,FUSE1,10,Station 3.4: Robot cell,28058.1,28125.2,28430.8,305.6,305.6,67.1,0
U7503,301,FUSE0,11,Station 4: Inspection,28000.2,28134.2,28251.8,117.6,117.6,134.0,1
U5080,203,FUSE2,16,Station 6: Packaging,28059.4,28136.2,28252.2,116.0,116.0,76.8,0
U7523,301,FUSE2,1,Station 1: Bottom cover,28167.5,28167.5,28279.7,112.2,112.2,0.0,0
U5085,203,FUSE2,13,Station 5: Top cover,28167.6,28167.6,28342.4,174.8,174.8,0.0,0
U7520,301,FUSE2,4,Station 2.1: Drill station,28163.9,28171.9,28348.7,176.8,176.8,8.0,0
U7504,301,FUSE0,12,Station 4.1: Inspection,28162.6,28173.0,28290.6,117.6,117.6,10.4,0
U5081,203,FUSE2,17,Station 6.1: Packaging,28139.8,28178.2,28294.2,116.0,116.0,38.4,0
U5086,203,FUSE2,15,Station 5.2: Top cover,28146.4,28178.4,28353.2,174.8,174.8,32.0,0
U7513,301,FUSE1,6,Station 3: Robot cell,27953.3,28204.8,28510.4,305.6,305.6,251.5,1
U7524,301,FUSE2,2,Station 1.1: Bottom cover,28209.5,28209.5,28321.7,112.2,112.2,0.0,0
U7505,301,FUSE0,11,Station 4: Inspection,28142.0,28251.8,28369.4,117.6,117.6,109.8,0
U7521,301,FUSE2,5,Station 2.2: Drill station,28242.7,28252.7,28429.5,176.8,176.8,10.0,0
U5082,203,FUSE2,16,Station 6: Packaging,28257.0,28257.0,28373.0,116.0,116.0,0.0,0
U5087,203,FUSE2,14,Station 5.1: Top cover,28265.2,28265.2,28440.0,174.8,174.8,0.0,0
U7522,301,FUSE2,3,Station 2: Drill station,28259.9,28267.9,28444.7,176.8,176.8,8.0,0
U7525,301,FUSE2,1,Station 1: Bottom cover,28283.5,28283.5,28395.7,112.2,112.2,0.0,0
U7506,301,FUSE0,12,Station 4.1: Inspection,28223.0,28290.6,28408.2,117.6,117.6,67.6,0
U5083,203,FUSE2,17,Station 6.1: Packaging,28217.4,28294.2,28410.2,116.0,116.0,76.8,0
U7514,301,FUSE1,8,Station 3.2: Robot cell,28094.1,28307.2,28612.8,305.6,305.6,213.1,0
U7526,301,FUSE2,2,Station 1.1: Bottom cover,28325.5,28325.5,28437.7,112.2,112.2,0.0,0
U7515,301,FUSE1,7,Station 3.1: Robot cell,28174.9,28326.6,28632.2,305.6,305.6,151.7,0
U7502,301,FUSE0,13,Station 5: Top cover,28304.0,28342.4,28517.2,174.8,174.8,38.4,0
U7523,301,FUSE2,4,Station 2.1: Drill station,28338.7,28348.7,28525.5,176.8,176.8,10.0,0
U7503,301,FUSE0,15,Station 5.2: Top cover,28362.8,28362.8,28537.6,174.8,174.8,0.0,0
U7507,301,FUSE0,11,Station 4: Inspection,28244.2,28369.4,28487.0,117.6,117.6,125.2,1
U5084,203,FUSE2,16,Station 6: Packaging,28334.6,28373.0,28489.0,116.0,116.0,38.4,0
U7527,301,FUSE2,1,Station 1: Bottom cover,28404.3,28404.3,28516.5,112.2,112.2,0.0,0
U7508,301,FUSE0,12,Station 4.1: Inspection,28263.8,28408.2,28525.8,117.6,117.6,144.4,1
U7516,301,FUSE1,9,Station 3.3: Robot cell,28190.1,28409.6,28715.2,305.6,305.6,219.5,0
U5085,203,FUSE2,17,Station 6.1: Packaging,28421.4,28421.4,28537.4,116.0,116.0,0.0,0
U7524,301,FUSE2,5,Station 2.2: Drill station,28420.7,28429.5,28606.3,176.8,176.8,8.8,0
U7517,301,FUSE1,10,Station 3.4: Robot cell,28310.9,28430.8,28736.4,305.6,305.6,119.9,0
U7504,301,FUSE0,14,Station 5.1: Top cover,28401.6,28440.0,28614.8,174.8,174.8,38.4,0
U7528,301,FUSE2,2,Station 1.1: Bottom cover,28441.5,28441.5,28553.7,112.2,112.2,0.0,0
U7525,301,FUSE2,3,Station 2: Drill station,28434.7,28444.7,28621.5,176.8,176.8,10.0,0
U7509,301,FUSE0,11,Station 4: Inspection,28386.2,28487.0,28604.6,117.6,117.6,100.8,0
U5086,203,FUSE2,16,Station 6: Packaging,28412.2,28489.0,28605.0,116.0,116.0,76.8,0
U7518,301,FUSE1,6,Station 3: Robot cell,28331.7,28510.4,28816.0,305.6,305.6,178.7,0
U7578,304,FUSE0,1,Station 1: Bottom cover,28520.3,28520.3,28632.5,112.2,112.2,0.0,0
U7505,301,FUSE0,13,Station 5: Top cover,28520.4,28520.4,28695.2,174.8,174.8,0.0,0
U7526,301,FUSE2,4,Station 2.1: Drill station,28516.7,28525.5,28702.3,176.8,176.8,8.8,0
U7510,301,FUSE0,12,Station 4.1: Inspection,28405.6,28525.8,28643.4,117.6,117.6,120.2,1
U5087,203,FUSE2,17,Station 6.1: Packaging,28499.0,28537.4,28653.4,116.0,116.0,38.4,0
U7506,301,FUSE0,15,Station 5.2: Top cover,28499.2,28537.6,28712.4,174.8,174.8,38.4,0
U7579,304,FUSE0,2,Station 1.1: Bottom cover,28568.7,28568.7,28680.9,112.2,112.2,0.0,0
U7511,301,FUSE1,11,Station 4: Inspection,28508.6,28604.6,28722.2,117.6,117.6,96.0,0
U7527,301,FUSE2,5,Station 2.2: Drill station,28595.5,28606.3,28783.1,176.8,176.8,10.8,0
U7519,301,FUSE1,8,Station 3.2: Robot cell,28346.9,28612.8,28918.4,305.6,305.6,265.9,0
U7502,301,FUSE0,16,Station 6: Packaging,28616.2,28616.2,28732.2,116.0,116.0,0.0,0
U7507,301,FUSE0,14,Station 5.1: Top cover,28618.0,28618.0,28792.8,174.8,174.8,0.0,0
U7528,301,FUSE2,3,Station 2: Drill station,28612.7,28621.5,28798.3,176.8,176.8,8.8,0
U7520,301,FUSE2,7,Station 3.1: Robot cell,28427.7,28632.2,28970.2,338.0,338.0,204.5,0
U7580,304,FUSE0,1,Station 1: Bottom cover,28636.3,28636.3,28748.5,112.2,112.2,0.0,0
U7512,301,FUSE1,12,Station 4.1: Inspection,28569.8,28643.4,28761.0,117.6,117.6,73.6,0
U7503,301,FUSE0,17,Station 6.1: Packaging,28576.6,28653.4,28769.4,116.0,116.0,76.8,0
U7581,304,FUSE0,2,Station 1.1: Bottom cover,28684.7,28684.7,28796.9,112.2,112.2,0.0,0
U7508,301,FUSE0,13,Station 5: Top cover,28656.8,28695.2,28870.0,174.8,174.8,38.4,0
U7578,304,FUSE0,4,Station 2.1: Drill station,28691.5,28702.3,28879.1,176.8,176.8,10.8,0
U7521,301,FUSE2,9,Station 3.3: Robot cell,28568.5,28715.2,29053.2,338.0,338.0,146.7,0
U7509,301,FUSE0,15,Station 5.2: Top cover,28715.6,28715.6,28890.4,174.8,174.8,0.0,0
U7513,301,FUSE1,11,Station 4: Inspection,28549.4,28722.2,28839.8,117.6,117.6,172.8,1
U7504,301,FUSE0,16,Station 6: Packaging,28693.8,28732.2,28848.2,116.0,116.0,38.4,0
U7522,301,FUSE2,10,Station 3.4: Robot cell,28563.7,28736.4,29074.4,338.0,338.0,172.7,0
U7514,301,FUSE1,12,Station 4.1: Inspection,28711.8,28761.0,28878.6,117.6,117.6,49.2,0
U7582,304,FUSE0,1,Station 1: Bottom cover,28763.5,28763.5,28875.7,112.2,112.2,0.0,0
U7505,301,FUSE0,17,Station 6.1: Packaging,28774.2,28774.2,28890.2,116.0,116.0,0.0,0
U7579,304,FUSE0,5,Station 2.2: Drill station,28779.9,28783.1,28959.9,176.8,176.8,3.2,0
U7510,301,FUSE0,14,Station 5.1: Top cover,28754.4,28792.8,28967.6,174.8,174.8,38.4,0
U7580,304,FUSE0,3,Station 2: Drill station,28787.5,28798.3,28975.1,176.8,176.8,10.8,0
U7583,304,FUSE0,2,Station 1.1: Bottom cover,28800.7,28800.7,28912.9,112.2,112.2,0.0,0
U7523,301,FUSE2,6,Station 3: Robot cell,28584.5,28816.0,29154.0,338.0,338.0,231.5,0
U7515,301,FUSE1,11,Station 4: Inspection,28691.2,28839.8,28957.4,117.6,117.6,148.6,1
U7506,301,FUSE0,16,Station 6: Packaging,28771.4,28848.2,28964.2,116.0,116.0,76.8,0
U7511,301,FUSE1,13,Station 5: Top cover,28873.2,28873.2,29048.0,174.8,174.8,0.0,0
U7516,301,FUSE1,12,Station 4.1: Inspection,28834.2,28878.6,28996.2,117.6,117.6,44.4,0
U7581,304,FUSE0,4,Station 2.1: Drill station,28875.9,28879.1,29055.9,176.8,176.8,3.2,0
U7584,304,FUSE0,1,Station 1: Bottom cover,28879.5,28879.5,28991.7,112.2,112.2,0.0,0
U7507,301,FUSE0,17,Station 6.1: Packaging,28851.8,28890.2,29006.2,116.0,116.0,38.4,0
U7512,301,FUSE1,15,Station 5.2: Top cover,28852.0,28890.4,29065.2,174.8,174.8,38.4,0
U7524,301,FUSE2,8,Station 3.2: Robot cell,28725.3,28918.4,29256.4,338.0,338.0,193.1,0
U7585,304,FUSE0,2,Station 1.1: Bottom cover,28921.5,28921.5,29033.7,112.2,112.2,0.0,0
U7517,301,FUSE1,11,Station 4: Inspection,28855.4,28957.4,29075.0,117.6,117.6,102.0,0
U7582,304,FUSE0,5,Station 2.2: Drill station,28954.7,28959.9,29136.7,176.8,176.8,5.2,0
U7508,301,FUSE0,16,Station 6: Packaging,28969.0,28969.0,29085.0,116.0,116.0,0.0,0
U7525,301,FUSE2,7,Station 3.1: Robot cell,28680.5,28970.2,29308.2,338.0,338.0,289.7,0
U7513,301,FUSE1,14,Station 5.1: Top cover,28970.8,28970.8,29145.6,174.8,174.8,0.0,0
U7583,304,FUSE0,3,Station 2: Drill station,28971.9,28975.1,29151.9,176.8,176.8,3.2,0
U7586,304,FUSE0,1,Station 1: Bottom cover,28995.5,28995.5,29107.7,112.2,112.2,0.0,0
U7518,301,FUSE1,12,Station 4.1: Inspection,28875.0,28996.2,29113.8,117.6,117.6,121.2,1
U7509,301,FUSE0,17,Station 6.1: Packaging,28929.4,29006.2,29122.2,116.0,116.0,76.8,0
U7587,304,FUSE1,2,Station 1.1: Bottom cover,29037.5,29037.5,29149.7,112.2,112.2,0.0,0
U7514,301,FUSE1,13,Station 5: Top cover,29009.6,29048.0,29222.8,174.8,174.8,38.4,0
U7526,301,FUSE2,9,Station 3.3: Robot cell,28821.3,29053.2,29391.2,338.0,338.0,231.9,0
U7584,304,FUSE0,4,Station 2.1: Drill station,29050.7,29055.9,29232.7,176.8,176.8,5.2,0
U7515,301,FUSE1,15,Station 5.2: Top cover,29068.4,29068.4,29243.2,174.8,174.8,0.0,0
U7527,301,FUSE2,10,Station 3.4: Robot cell,28942.1,29074.4,29412.4,338.0,338.0,132.3,0
U7519,301,FUSE1,11,Station 4: Inspection,28997.4,29075.0,29192.6,117.6,117.6,77.6,0
U7510,301,FUSE0,16,Station 6: Packaging,29046.6,29085.0,29201.0,116.0,116.0,38.4,0
U7520,301,FUSE2,12,Station 4.1: Inspection,29049.2,29113.8,29231.4,117.6,117.6,64.6,0
U7588,304,FUSE1,1,Station 1: Bottom cover,29116.3,29116.3,29228.5,112.2,112.2,0.0,0
U7511,301,FUSE1,17,Station 6.1: Packaging,29127.0,29127.0,29243.0,116.0,116.0,0.0,0
U7585,304,FUSE0,5,Station 2.2: Drill station,29132.7,29136.7,29313.5,176.8,176.8,4.0,0
U7516,301,FUSE1,14,Station 5.1: Top cover,29107.2,29145.6,29320.4,174.8,174.8,38.4,0
U7586,304,FUSE0,3,Station 2: Drill station,29146.7,29151.9,29328.7,176.8,176.8,5.2,0
U7589,304,FUSE1,2,Station 1.1: Bottom cover,29153.5,29153.5,29265.7,112.2,112.2,0.0,0
U7528,301,FUSE2,6,Station 3: Robot cell,28837.3,29154.0,29492.0,338.0,338.0,316.7,0
U7521,301,FUSE2,11,Station 4: Inspection,29152.2,29192.6,29310.2,117.6,117.6,40.4,0
U7512,301,FUSE1,16,Station 6: Packaging,29124.2,29201.0,29317.0,116.0,116.0,76.8,0
U7517,301,FUSE1,13,Station 5: Top cover,29226.0,29226.0,29400.8,174.8,174.8,0.0,0
U7522,301,FUSE2,12,Station 4.1: Inspection,29213.4,29231.4,29349.0,117.6,117.6,18.0,0
U7590,304,FUSE1,1,Station 1: Bottom cover,29232.3,29232.3,29344.5,112.2,112.2,0.0,0
U7587,304,FUSE1,4,Station 2.1: Drill station,29228.7,29232.7,29409.5,176.8,176.8,4.0,0
U7513,301,FUSE1,17,Station 6.1: Packaging,29204.6,29243.0,29359.0,116.0,116.0,38.4,0
U7518,301,FUSE1,15,Station 5.2: Top cover,29204.8,29243.2,29418.0,174.8,174.8,38.4,0
U7578,304,FUSE0,8,Station 3.2: Robot cell,28978.1,29256.4,29500.0,243.6,243.6,278.3,0
U7591,304,FUSE1,2,Station 1.1: Bottom cover,29274.3,29274.3,29386.5,112.2,112.2,0.0,0
U7579,304,FUSE0,7,Station 3.1: Robot cell,29058.9,29308.2,29551.8,243.6,243.6,249.3,0
U7523,301,FUSE2,11,Station 4: Inspection,29193.0,29310.2,29427.8,117.6,117.6,117.2,0
U7588,304,FUSE1,5,Station 2.2: Drill station,29307.5,29313.5,29490.3,176.8,176.8,6.0,0
U7514,301,FUSE1,16,Station 6: Packaging,29321.8,29321.8,29437.8,116.0,116.0,0.0,0
U7519,301,FUSE1,14,Station 5.1: Top cover,29323.6,29323.6,29498.4,174.8,174.8,0.0,0
U7589,304,FUSE1,3,Station 2: Drill station,29324.7,29328.7,29505.5,176.8,176.8,4.0,0
U7592,304,FUSE1,1,Station 1: Bottom cover,29348.3,29348.3,29460.5,112.2,112.2,0.0,0
U7524,301,FUSE2,12,Station 4.1: Inspection,29355.4,29355.4,29473.0,117.6,117.6,0.0,0
U7515,301,FUSE1,17,Station 6.1: Packaging,29282.2,29359.0,29475.0,116.0,116.0,76.8,0
U7593,304,FUSE1,2,Station 1.1: Bottom cover,29390.3,29390.3,29502.5,112.2,112.2,0.0,0
U7580,304,FUSE0,9,Station 3.3: Robot cell,29074.1,29391.2,29634.8,243.6,243.6,317.1,0
U7520,301,FUSE2,13,Station 5: Top cover,29362.4,29400.8,29575.6,174.8,174.8,38.4,0
U7590,304,FUSE1,4,Station 2.1: Drill station,29403.5,29409.5,29586.3,176.8,176.8,6.0,0
U7581,304,FUSE0,10,Station 3.4: Robot cell,29194.9,29412.4,29656.0,243.6,243.6,217.5,0
U7521,301,FUSE2,15,Station 5.2: Top cover,29421.2,29421.2,29596.0,174.8,174.8,0.0,0
U7525,301,FUSE2,11,Station 4: Inspection,29367.2,29427.8,29545.4,117.6,117.6,60.6,0
U7516,301,FUSE1,16,Station 6: Packaging,29399.4,29437.8,29553.8,116.0,116.0,38.4,0
U7594,304,FUSE1,1,Station 1: Bottom cover,29469.1,29469.1,29581.3,112.2,112.2,0.0,0
U7517,301,FUSE1,17,Station 6.1: Packaging,29479.8,29479.8,29595.8,116.0,116.0,0.0,0
U7591,304,FUSE1,5,Station 2.2: Drill station,29485.5,29490.3,29667.1,176.8,176.8,4.8,0
U7582,304,FUSE0,6,Station 3: Robot cell,29215.7,29492.0,29735.6,243.6,243.6,276.3,0
U7522,301,FUSE2,14,Station 5.1: Top cover,29460.0,29498.4,29673.2,174.8,174.8,38.4,0
U7583,304,FUSE0,8,Station 3.2: Robot cell,29230.9,29500.0,29743.6,243.6,243.6,269.1,1
U7592,304,FUSE1,3,Station 2: Drill station,29499.5,29505.5,29682.3,176.8,176.8,6.0,0
U7595,304,FUSE1,2,Station 1.1: Bottom cover,29506.3,29506.3,29618.5,112.2,112.2,0.0,0
U7526,301,FUSE2,12,Station 4.1: Inspection,29510.2,29510.2,29627.8,117.6,117.6,0.0,0
U7527,301,FUSE2,11,Station 4: Inspection,29531.4,29545.4,29663.0,117.6,117.6,14.0,0
U7584,304,FUSE0,7,Station 3.1: Robot cell,29311.7,29551.8,29795.4,243.6,243.6,240.1,0
U7518,301,FUSE1,16,Station 6: Packaging,29477.0,29553.8,29669.8,116.0,116.0,76.8,0
U7523,301,FUSE2,13,Station 5: Top cover,29578.8,29578.8,29753.6,174.8,174.8,0.0,0
U7596,304,FUSE2,1,Station 1: Bottom cover,29585.1,29585.1,29697.3,112.2,112.2,0.0,0
U7593,304,FUSE1,4,Station 2.1: Drill station,29581.5,29586.3,29763.1,176.8,176.8,4.8,0
U7519,301,FUSE1,17,Station 6.1: Packaging,29557.4,29595.8,29711.8,116.0,116.0,38.4,0
U7524,301,FUSE2,15,Station 5.2: Top cover,29564.0,29596.0,29770.8,174.8,174.8,32.0,0
U7597,304,FUSE2,2,Station 1.1: Bottom cover,29627.1,29627.1,29739.3,112.2,112.2,0.0,0
U7528,301,FUSE2,12,Station 4.1: Inspection,29551.0,29627.8,29745.4,117.6,117.6,76.8,0
U7585,304,FUSE0,9,Station 3.3: Robot cell,29452.5,29634.8,29878.4,243.6,243.6,182.3,0
U7586,304,FUSE0,10,Station 3.4: Robot cell,29447.7,29656.0,29899.6,243.6,243.6,208.3,0
U7578,304,FUSE0,11,Station 4: Inspection,29579.0,29663.0,29780.6,117.6,117.6,84.0,0
U7594,304,FUSE1,5,Station 2.2: Drill station,29660.3,29667.1,29843.9,176.8,176.8,6.8,0
U7520,301,FUSE2,16,Station 6: Packaging,29674.6,29674.6,29790.6,116.0,116.0,0.0,0
U7525,301,FUSE2,14,Station 5.1: Top cover,29676.4,29676.4,29851.2,174.8,174.8,0.0,0
U7595,304,FUSE1,3,Station 2: Drill station,29677.5,29682.3,29859.1,176.8,176.8,4.8,0
U7598,304,FUSE2,1,Station 1: Bottom cover,29701.1,29701.1,29813.3,112.2,112.2,0.0,0
U7521,301,FUSE2,17,Station 6.1: Packaging,29635.0,29711.8,29827.8,116.0,116.0,76.8,0
U7587,304,FUSE1,6,Station 3: Robot cell,29468.5,29735.6,30041.2,305.6,305.6,267.1,1
U7599,304,FUSE2,2,Station 1.1: Bottom cover,29743.1,29743.1,29855.3,112.2,112.2,0.0,0
U7588,304,FUSE1,8,Station 3.2: Robot cell,29609.3,29743.6,30049.2,305.6,305.6,134.3,0
U7579,304,FUSE0,12,Station 4.1: Inspection,29630.8,29745.4,29863.0,117.6,117.6,114.6,0
U7526,301,FUSE2,13,Station 5: Top cover,29758.8,29758.8,29933.6,174.8,174.8,0.0,0
U7596,304,FUSE2,4,Station 2.1: Drill station,29756.3,29763.1,29939.9,176.8,176.8,6.8,0
U7527,301,FUSE2,15,Station 5.2: Top cover,29774.0,29774.0,29948.8,174.8,174.8,0.0,0
U7580,304,FUSE0,11,Station 4: Inspection,29733.8,29780.6,29898.2,117.6,117.6,46.8,0
U7522,301,FUSE2,16,Station 6: Packaging,29752.2,29790.6,29906.6,116.0,116.0,38.4,0
U7589,304,FUSE1,7,Station 3.1: Robot cell,29564.5,29795.4,30101.0,305.6,305.6,230.9,0
U7600,304,FUSE2,1,Station 1: Bottom cover,29821.9,29821.9,29934.1,112.2,112.2,0.0,0
U7523,301,FUSE2,17,Station 6.1: Packaging,29832.6,29832.6,29948.6,116.0,116.0,0.0,0
U7597,304,FUSE2,5,Station 2.2: Drill station,29838.3,29843.9,30020.7,176.8,176.8,5.6,0
U7528,301,FUSE2,14,Station 5.1: Top cover,29856.4,29856.4,30031.2,174.8,174.8,0.0,0
U7601,304,FUSE2,2,Station 1.1: Bottom cover,29859.1,29859.1,29971.3,112.2,112.2,0.0,0
U7598,304,FUSE2,3,Station 2: Drill station,29852.3,29859.1,30035.9,176.8,176.8,6.8,0
U7581,304,FUSE0,12,Station 4.1: Inspection,29795.0,29863.0,29980.6,117.6,117.6,68.0,0
U7590,304,FUSE1,9,Station 3.3: Robot cell,29705.3,29878.4,30184.0,305.6,305.6,173.1,0
U7582,304,FUSE0,11,Station 4: Inspection,29774.6,29898.2,30015.8,117.6,117.6,123.6,1
U7591,304,FUSE1,10,Station 3.4: Robot cell,29826.1,29899.6,30205.2,305.6,305.6,73.5,0
U7524,301,FUSE2,16,Station 6: Packaging,29829.8,29906.6,30022.6,116.0,116.0,76.8,0
U7578,304,FUSE0,13,Station 5: Top cover,29931.6,29933.6,30108.4,174.8,174.8,2.0,0
U7602,304,FUSE2,1,Station 1: Bottom cover,29937.9,29937.9,30050.1,112.2,112.2,0.0,0
U7599,304,FUSE2,4,Station 2.1: Drill station,29934.3,29939.9,30116.7,176.8,176.8,5.6,0
U7525,301,FUSE2,17,Station 6.1: Packaging,29910.2,29948.6,30064.6,116.0,116.0,38.4,0
U7579,304,FUSE0,15,Station 5.2: Top cover,29954.0,29954.0,30128.8,174.8,174.8,0.0,0
U7603,304,FUSE2,2,Station 1.1: Bottom cover,29979.9,29979.9,30092.1,112.2,112.2,0.0,0
U7583,304,FUSE0,12,Station 4.1: Inspection,29842.6,29980.6,30098.2,117.6,117.6,138.0,1
U7584,304,FUSE0,11,Station 4: Inspection,29854.4,30015.8,30133.4,117.6,117.6,161.4,1
U7600,304,FUSE2,5,Station 2.2: Drill station,30013.1,30020.7,30197.5,176.8,176.8,7.6,0
U7580,304,FUSE0,14,Station 5.1: Top cover,30029.2,30031.2,30206.0,174.8,174.8,2.0,0
U7526,301,FUSE2,16,Station 6: Packaging,30032.6,30032.6,30148.6,116.0,116.0,0.0,0
U7601,304,FUSE2,3,Station 2: Drill station,30030.3,30035.9,30212.7,176.8,176.8,5.6,0
U7592,304,FUSE1,6,Station 3: Robot cell,29721.3,30041.2,30346.8,305.6,305.6,319.9,1
U7593,304,FUSE1,8,Station 3.2: Robot cell,29862.1,30049.2,30354.8,305.6,305.6,187.1,0
U310,13,FUSE0,1,Station 1: Bottom cover,30053.9,30053.9,30166.1,112.2,112.2,0.0,0
U7527,301,FUSE2,17,Station 6.1: Packaging,29987.8,30064.6,30180.6,116.0,116.0,76.8,0
U311,13,FUSE0,2,Station 1.1: Bottom cover,30095.9,30095.9,30208.1,112.2,112.2,0.0,0
U7585,304,FUSE0,12,Station 4.1: Inspection,29997.4,30098.2,30215.8,117.6,117.6,100.8,0
U7594,304,FUSE1,7,Station 3.1: Robot cell,29942.9,30101.0,30406.6,305.6,305.6,158.1,0
U7581,304,FUSE0,13,Station 5: Top cover,30111.6,30111.6,30286.4,174.8,174.8,0.0,0
U7602,304,FUSE2,4,Station 2.1: Drill station,30109.1,30116.7,30293.5,176.8,176.8,7.6,0
U7582,304,FUSE0,15,Station 5.2: Top cover,30126.8,30128.8,30303.6,174.8,174.8,2.0,0
U7586,304,FUSE0,11,Station 4: Inspection,30018.6,30133.4,30251.0,117.6,117.6,114.8,0
U7528,301,FUSE2,16,Station 6: Packaging,30110.2,30148.6,30264.6,116.0,116.0,38.4,0
U312,13,FUSE0,1,Station 1: Bottom cover,30179.9,30179.9,30292.1,112.2,112.2,0.0,0
U7595,304,FUSE1,9,Station 3.3: Robot cell,29958.1,30184.0,30489.6,305.6,305.6,225.9,0
U7578,304,FUSE0,17,Station 6.1: Packaging,30187.4,30187.4,30303.4,116.0,116.0,0.0,0
U7603,304,FUSE2,5,Station 2.2: Drill station,30191.1,30197.5,30374.3,176.8,176.8,6.4,0
U7596,304,FUSE2,10,Station 3.4: Robot cell,30078.9,30205.2,30543.2,338.0,338.0,126.3,0
U7583,304,FUSE0,14,Station 5.1: Top cover,30209.2,30209.2,30384.0,174.8,174.8,0.0,0
U313,13,FUSE0,2,Station 1.1: Bottom cover,30211.9,30211.9,30324.1,112.2,112.2,0.0,0
U310,13,FUSE0,3,Station 2: Drill station,30205.1,30212.7,30389.5,176.8,176.8,7.6,0
U7587,304,FUSE1,12,Station 4.1: Inspection,30100.2,30215.8,30333.4,117.6,117.6,115.6,0
U7588,304,FUSE1,11,Station 4: Inspection,30128.2,30251.0,30368.6,117.6,117.6,122.8,1
U7579,304,FUSE0,16,Station 6: Packaging,30187.8,30264.6,30380.6,116.0,116.0,76.8,0
U7584,304,FUSE0,13,Station 5: Top cover,30284.4,30286.4,30461.2,174.8,174.8,2.0,0
U311,13,FUSE0,4,Station 2.1: Drill station,30287.1,30293.5,30470.3,176.8,176.8,6.4,0
U314,13,FUSE0,1,Station 1: Bottom cover,30295.9,30295.9,30408.1,112.2,112.2,0.0,0
U7580,304,FUSE0,17,Station 6.1: Packaging,30265.0,30303.4,30419.4,116.0,116.0,38.4,0
U7585,304,FUSE0,15,Station 5.2: Top cover,30306.8,30306.8,30481.6,174.8,174.8,0.0,0
U7589,304,FUSE1,12,Station 4.1: Inspection,30180.0,30333.4,30451.0,117.6,117.6,153.4,1
U315,13,FUSE0,2,Station 1.1: Bottom cover,30334.7,30334.7,30446.9,112.2,112.2,0.0,0
U7597,304,FUSE2,6,Station 3: Robot cell,30099.7,30346.8,30684.8,338.0,338.0,247.1,0
U7598,304,FUSE2,8,Station 3.2: Robot cell,30114.9,30354.8,30692.8,338.0,338.0,239.9,0
U7590,304,FUSE1,11,Station 4: Inspection,30283.0,30368.6,30486.2,117.6,117.6,85.6,0
U312,13,FUSE0,5,Station 2.2: Drill station,30371.1,30374.3,30551.1,176.8,176.8,3.2,0
U7586,304,FUSE0,14,Station 5.1: Top cover,30382.0,30384.0,30558.8,174.8,174.8,2.0,0
U7581,304,FUSE0,16,Station 6: Packaging,30385.4,30385.4,30501.4,116.0,116.0,0.0,0
U313,13,FUSE0,3,Station 2: Drill station,30383.1,30389.5,30566.3,176.8,176.8,6.4,0
U7599,304,FUSE2,7,Station 3.1: Robot cell,30195.7,30406.6,30744.6,338.0,338.0,210.9,0
U316,13,FUSE0,1,Station 1: Bottom cover,30411.9,30411.9,30524.1,112.2,112.2,0.0,0
U7582,304,FUSE0,17,Station 6.1: Packaging,30342.6,30419.4,30535.4,116.0,116.0,76.8,0
U317,13,FUSE0,2,Station 1.1: Bottom cover,30450.7,30450.7,30562.9,112.2,112.2,0.0,0
U7591,304,FUSE1,12,Station 4.1: Inspection,30344.2,30451.0,30568.6,117.6,117.6,106.8,0
U7587,304,FUSE1,13,Station 5: Top cover,30464.4,30464.4,30639.2,174.8,174.8,0.0,0
U314,13,FUSE0,4,Station 2.1: Drill station,30467.1,30470.3,30647.1,176.8,176.8,3.2,0
U7588,304,FUSE1,15,Station 5.2: Top cover,30479.6,30481.6,30656.4,174.8,174.8,2.0,0
U7592,304,FUSE1,11,Station 4: Inspection,30385.8,30486.2,30603.8,117.6,117.6,100.4,0
U7600,304,FUSE2,9,Station 3.3: Robot cell,30336.5,30489.6,30827.6,338.0,338.0,153.1,0
U7583,304,FUSE0,16,Station 6: Packaging,30463.0,30501.4,30617.4,116.0,116.0,38.4,0
U318,13,FUSE0,1,Station 1: Bottom cover,30532.7,30532.7,30644.9,112.2,112.2,0.0,0
U7584,304,FUSE0,17,Station 6.1: Packaging,30540.2,30540.2,30656.2,116.0,116.0,0.0,0
U7601,304,FUSE2,10,Station 3.4: Robot cell,30331.7,30543.2,30881.2,338.0,338.0,211.5,0
U315,13,FUSE0,5,Station 2.2: Drill station,30545.9,30551.1,30727.9,176.8,176.8,5.2,0
U7589,304,FUSE1,14,Station 5.1: Top cover,30562.0,30562.0,30736.8,174.8,174.8,0.0,0
U316,13,FUSE0,3,Station 2: Drill station,30563.1,30566.3,30743.1,176.8,176.8,3.2,0
U319,13,FUSE1,2,Station 1.1: Bottom cover,30566.7,30566.7,30678.9,112.2,112.2,0.0,0
U7593,304,FUSE1,12,Station 4.1: Inspection,30453.8,30568.6,30686.2,117.6,117.6,114.8,0
U7594,304,FUSE1,11,Station 4: Inspection,30465.6,30603.8,30721.4,117.6,117.6,138.2,1
U7585,304,FUSE0,16,Station 6: Packaging,30540.6,30617.4,30733.4,116.0,116.0,76.8,0
U7590,304,FUSE1,13,Station 5: Top cover,30637.2,30639.2,30814.0,174.8,174.8,2.0,0
U317,13,FUSE0,4,Station 2.1: Drill station,30641.9,30647.1,30823.9,176.8,176.8,5.2,0
U320,13,FUSE1,1,Station 1: Bottom cover,30648.7,30648.7,30760.9,112.2,112.2,0.0,0
U7586,304,FUSE0,17,Station 6.1: Packaging,30617.8,30656.2,30772.2,116.0,116.0,38.4,0
U7591,304,FUSE1,15,Station 5.2: Top cover,30659.6,30659.6,30834.4,174.8,174.8,0.0,0
U7602,304,FUSE2,6,Station 3: Robot cell,30352.5,30684.8,31022.8,338.0,338.0,332.3,0
U7595,304,FUSE1,12,Station 4.1: Inspection,30608.6,30686.2,30803.8,117.6,117.6,77.6,0
U321,13,FUSE1,2,Station 1.1: Bottom cover,30687.5,30687.5,30799.7,112.2,112.2,0.0,0
U7603,304,FUSE2,8,Station 3.2: Robot cell,30493.3,30692.8,31030.8,338.0,338.0,199.5,0
U7596,304,FUSE2,11,Station 4: Inspection,30662.2,30721.4,30839.0,117.6,117.6,59.2,0
U318,13,FUSE0,5,Station 2.2: Drill station,30723.9,30727.9,30904.7,176.8,176.8,4.0,0
U7592,304,FUSE1,14,Station 5.1: Top cover,30734.8,30736.8,30911.6,174.8,174.8,2.0,0
U7587,304,FUSE1,16,Station 6: Packaging,30738.2,30738.2,30854.2,116.0,116.0,0.0,0
U319,13,FUSE1,3,Station 2: Drill station,30737.9,30743.1,30919.9,176.8,176.8,5.2,0
U310,13,FUSE0,7,Station 3.1: Robot cell,30448.5,30744.6,30988.2,243.6,243.6,296.1,0
U322,13,FUSE1,1,Station 1: Bottom cover,30764.7,30764.7,30876.9,112.2,112.2,0.0,0
U7588,304,FUSE1,17,Station 6.1: Packaging,30695.4,30772.2,30888.2,116.0,116.0,76.8,0
U323,13,FUSE1,2,Station 1.1: Bottom cover,30803.5,30803.5,30915.7,112.2,112.2,0.0,0
U7597,304,FUSE2,12,Station 4.1: Inspection,30743.8,30803.8,30921.4,117.6,117.6,60.0,0
U7593,304,FUSE1,13,Station 5: Top cover,30817.2,30817.2,30992.0,174.8,174.8,0.0,0
U320,13,FUSE1,4,Station 2.1: Drill station,30819.9,30823.9,31000.7,176.8,176.8,4.0,0
U311,13,FUSE0,9,Station 3.3: Robot cell,30589.3,30827.6,31071.2,243.6,243.6,238.3,0
U7594,304,FUSE1,15,Station 5.2: Top cover,30832.4,30834.4,31009.2,174.8,174.8,2.0,0
U7598,304,FUSE2,11,Station 4: Inspection,30771.8,30839.0,30956.6,117.6,117.6,67.2,0
U7589,304,FUSE1,16,Station 6: Packaging,30815.8,30854.2,30970.2,116.0,116.0,38.4,0
U312,13,FUSE0,10,Station 3.4: Robot cell,30710.1,30881.2,31124.8,243.6,243.6,171.1,0
U324,13,FUSE1,1,Station 1: Bottom cover,30885.5,30885.5,30997.7,112.2,112.2,0.0,0
U7590,304,FUSE1,17,Station 6.1: Packaging,30893.0,30893.0,31009.0,116.0,116.0,0.0,0
U321,13,FUSE1,5,Station 2.2: Drill station,30898.7,30904.7,31081.5,176.8,176.8,6.0,0
U7595,304,FUSE1,14,Station 5.1: Top cover,30914.8,30914.8,31089.6,174.8,174.8,0.0,0
U325,13,FUSE1,2,Station 1.1: Bottom cover,30919.5,30919.5,31031.7,112.2,112.2,0.0,0
U322,13,FUSE1,3,Station 2: Drill station,30915.9,30919.9,31096.7,176.8,176.8,4.0,0
U7599,304,FUSE2,12,Station 4.1: Inspection,30823.6,30921.4,31039.0,117.6,117.6,97.8,0
U7600,304,FUSE2,11,Station 4: Inspection,30926.6,30956.6,31074.2,117.6,117.6,30.0,0
U7591,304,FUSE1,16,Station 6: Packaging,30893.4,30970.2,31086.2,116.0,116.0,76.8,0
U313,13,FUSE0,7,Station 3.1: Robot cell,30625.3,30988.2,31231.8,243.6,243.6,362.9,1
U7596,304,FUSE2,13,Station 5: Top cover,30990.0,30992.0,31166.8,174.8,174.8,2.0,0
U323,13,FUSE1,4,Station 2.1: Drill station,30994.7,31000.7,31177.5,176.8,176.8,6.0,0
U326,13,FUSE1,1,Station 1: Bottom cover,31001.5,31001.5,31113.7,112.2,112.2,0.0,0
U7592,304,FUSE1,17,Station 6.1: Packaging,30970.6,31009.0,31125.0,116.0,116.0,38.4,0
U7597,304,FUSE2,15,Station 5.2: Top cover,31012.4,31012.4,31187.2,174.8,174.8,0.0,0
U314,13,FUSE0,6,Station 3: Robot cell,30706.1,31022.8,31266.4,243.6,243.6,316.7,0
U315,13,FUSE0,8,Station 3.2: Robot cell,30846.9,31030.8,31274.4,243.6,243.6,183.9,0
U7601,304,FUSE2,12,Station 4.1: Inspection,31020.2,31039.0,31156.6,117.6,117.6,18.8,0
U327,13,FUSE1,2,Station 1.1: Bottom cover,31040.3,31040.3,31152.5,112.2,112.2,0.0,0
U316,13,FUSE0,9,Station 3.3: Robot cell,30842.1,31071.2,31314.8,243.6,243.6,229.1,0
U310,13,FUSE0,11,Station 4: Inspection,31047.2,31074.2,31191.8,117.6,117.6,27.0,0
U324,13,FUSE1,5,Station 2.2: Drill station,31076.7,31081.5,31258.3,176.8,176.8,4.8,0
U7598,304,FUSE2,14,Station 5.1: Top cover,31087.6,31089.6,31264.4,174.8,174.8,2.0,0
U7593,304,FUSE1,16,Station 6: Packaging,31091.0,31091.0,31207.0,116.0,116.0,0.0,0
U325,13,FUSE1,3,Station 2: Drill station,31090.7,31096.7,31273.5,176.8,176.8,6.0,0
U328,13,FUSE2,1,Station 1: Bottom cover,31117.5,31117.5,31229.7,112.2,112.2,0.0,0
U317,13,FUSE0,10,Station 3.4: Robot cell,30962.9,31124.8,31368.4,243.6,243.6,161.9,0
U7594,304,FUSE1,17,Station 6.1: Packaging,31048.2,31125.0,31241.0,116.0,116.0,76.8,0
U329,13,FUSE2,2,Station 1.1: Bottom cover,31156.3,31156.3,31268.5,112.2,112.2,0.0,0
U7602,304,FUSE2,12,Station 4.1: Inspection,31081.8,31156.6,31274.2,117.6,117.6,74.8,0
U7599,304,FUSE2,13,Station 5: Top cover,31170.0,31170.0,31344.8,174.8,174.8,0.0,0
U326,13,FUSE1,4,Station 2.1: Drill station,31172.7,31177.5,31354.3,176.8,176.8,4.8,0
U7600,304,FUSE2,15,Station 5.2: Top cover,31185.2,31187.2,31362.0,174.8,174.8,2.0,0
U7603,304,FUSE2,11,Station 4: Inspection,31109.8,31191.8,31309.4,117.6,117.6,82.0,0
U7595,304,FUSE1,16,Station 6: Packaging,31168.6,31207.0,31323.0,116.0,116.0,38.4,0
U318,13,FUSE0,7,Station 3.1: Robot cell,31003.7,31231.8,31475.4,243.6,243.6,228.1,0
U330,13,FUSE2,1,Station 1: Bottom cover,31238.3,31238.3,31350.5,112.2,112.2,0.0,0
U7596,304,FUSE2,17,Station 6.1: Packaging,31245.8,31245.8,31361.8,116.0,116.0,0.0,0
U327,13,FUSE1,5,Station 2.2: Drill station,31251.5,31258.3,31435.1,176.8,176.8,6.8,0
U319,13,FUSE1,6,Station 3: Robot cell,30958.9,31266.4,31572.0,305.6,305.6,307.5,1
U7601,304,FUSE2,14,Station 5.1: Top cover,31267.6,31267.6,31442.4,174.8,174.8,0.0,0
U331,13,FUSE2,2,Station 1.1: Bottom cover,31272.3,31272.3,31384.5,112.2,112.2,0.0,0
U328,13,FUSE2,3,Station 2: Drill station,31268.7,31273.5,31450.3,176.8,176.8,4.8,0
U311,13,FUSE0,12,Station 4.1: Inspection,31190.2,31274.2,31391.8,117.6,117.6,84.0,0
U320,13,FUSE1,8,Station 3.2: Robot cell,31099.7,31274.4,31580.0,305.6,305.6,174.7,0
U312,13,FUSE0,11,Station 4: Inspection,31243.8,31309.4,31427.0,117.6,117.6,65.6,0
U321,13,FUSE1,9,Station 3.3: Robot cell,31220.5,31314.8,31620.4,305.6,305.6,94.3,0
U7597,304,FUSE2,16,Station 6: Packaging,31246.2,31323.0,31439.0,116.0,116.0,76.8,0
U310,13,FUSE0,13,Station 5: Top cover,31342.8,31344.8,31519.6,174.8,174.8,2.0,0
U332,13,FUSE2,1,Station 1: Bottom cover,31354.3,31354.3,31466.5,112.2,112.2,0.0,0
U329,13,FUSE2,4,Station 2.1: Drill station,31347.5,31354.3,31531.1,176.8,176.8,6.8,0
U7598,304,FUSE2,17,Station 6.1: Packaging,31323.4,31361.8,31477.8,116.0,116.0,38.4,0
U7602,304,FUSE2,15,Station 5.2: Top cover,31365.2,31365.2,31540.0,174.8,174.8,0.0,0
U322,13,FUSE1,10,Station 3.4: Robot cell,31215.7,31368.4,31674.0,305.6,305.6,152.7,0
U313,13,FUSE0,12,Station 4.1: Inspection,31310.8,31391.8,31509.4,117.6,117.6,81.0,0
U333,13,FUSE2,2,Station 1.1: Bottom cover,31393.1,31393.1,31505.3,112.2,112.2,0.0,0
U314,13,FUSE0,11,Station 4: Inspection,31305.4,31427.0,31544.6,117.6,117.6,121.6,1
U330,13,FUSE2,5,Station 2.2: Drill station,31429.5,31435.1,31611.9,176.8,176.8,5.6,0
U7603,304,FUSE2,14,Station 5.1: Top cover,31440.4,31442.4,31617.2,174.8,174.8,2.0,0
U7599,304,FUSE2,16,Station 6: Packaging,31443.8,31443.8,31559.8,116.0,116.0,0.0,0
U331,13,FUSE2,3,Station 2: Drill station,31443.5,31450.3,31627.1,176.8,176.8,6.8,0
U334,13,FUSE2,1,Station 1: Bottom cover,31470.3,31470.3,31582.5,112.2,112.2,0.0,0
U323,13,FUSE1,7,Station 3.1: Robot cell,31256.5,31475.4,31781.0,305.6,305.6,218.9,0
U7600,304,FUSE2,17,Station 6.1: Packaging,31401.0,31477.8,31593.8,116.0,116.0,76.8,0
U335,13,FUSE2,2,Station 1.1: Bottom cover,31509.1,31509.1,31621.3,112.2,112.2,0.0,0
U315,13,FUSE0,12,Station 4.1: Inspection,31373.4,31509.4,31627.0,117.6,117.6,136.0,1
U311,13,FUSE0,13,Station 5: Top cover,31522.8,31522.8,31697.6,174.8,174.8,0.0,0
U332,13,FUSE2,4,Station 2.1: Drill station,31525.5,31531.1,31707.9,176.8,176.8,5.6,0
U312,13,FUSE0,15,Station 5.2: Top cover,31538.0,31540.0,31714.8,174.8,174.8,2.0,0
U316,13,FUSE0,11,Station 4: Inspection,31413.8,31544.6,31662.2,117.6,117.6,130.8,1
U7601,304,FUSE2,16,Station 6: Packaging,31521.4,31559.8,31675.8,116.0,116.0,38.4,0
U324,13,FUSE1,6,Station 3: Robot cell,31337.3,31572.0,31877.6,305.6,305.6,234.7,0
U325,13,FUSE1,8,Station 3.2: Robot cell,31352.5,31580.0,31885.6,305.6,305.6,227.5,0
U4967,199,FUSE0,1,Station 1: Bottom cover,31591.1,31591.1,31703.3,112.2,112.2,0.0,0
U310,13,FUSE0,17,Station 6.1: Packaging,31598.6,31598.6,31714.6,116.0,116.0,0.0,0
U333,13,FUSE2,5,Station 2.2: Drill station,31604.3,31611.9,31788.7,176.8,176.8,7.6,0
U313,13,FUSE0,14,Station 5.1: Top cover,31620.4,31620.4,31795.2,174.8,174.8,0.0,0
U326,13,FUSE1,9,Station 3.3: Robot cell,31473.3,31620.4,31926.0,305.6,305.6,147.1,0
U4968,199,FUSE0,2,Station 1.1: Bottom cover,31625.1,31625.1,31737.3,112.2,112.2,0.0,0
U317,13,FUSE0,12,Station 4.1: Inspection,31507.4,31627.0,31744.6,117.6,117.6,119.6,1
U334,13,FUSE2,3,Station 2: Drill station,31621.5,31627.1,31803.9,176.8,176.8,5.6,0
U318,13,FUSE0,11,Station 4: Inspection,31534.4,31662.2,31779.8,117.6,117.6,127.8,1
U327,13,FUSE1,10,Station 3.4: Robot cell,31594.1,31674.0,31979.6,305.6,305.6,79.9,0
U7602,304,FUSE2,16,Station 6: Packaging,31599.0,31675.8,31791.8,116.0,116.0,76.8,0
U314,13,FUSE0,13,Station 5: Top cover,31695.6,31697.6,31872.4,174.8,174.8,2.0,0
U4969,199,FUSE0,1,Station 1: Bottom cover,31707.1,31707.1,31819.3,112.2,112.2,0.0,0
U335,13,FUSE2,4,Station 2.1: Drill station,31700.3,31707.9,31884.7,176.8,176.8,7.6,0
U7603,304,FUSE2,17,Station 6.1: Packaging,31676.2,31714.6,31830.6,116.0,116.0,38.4,0
U315,13,FUSE0,15,Station 5.2: Top cover,31718.0,31718.0,31892.8,174.8,174.8,0.0,0
U319,13,FUSE1,12,Station 4.1: Inspection,31631.0,31744.6,31862.2,117.6,117.6,113.6,0
U4970,199,FUSE0,2,Station 1.1: Bottom cover,31745.9,31745.9,31858.1,112.2,112.2,0.0,0
U320,13,FUSE1,11,Station 4: Inspection,31659.0,31779.8,31897.4,117.6,117.6,120.8,1
U328,13,FUSE2,7,Station 3.1: Robot cell,31509.3,31781.0,32119.0,338.0,338.0,271.7,0
U4967,199,FUSE0,5,Station 2.2: Drill station,31782.3,31788.7,31965.5,176.8,176.8,6.4,0
U316,13,FUSE0,14,Station 5.1: Top cover,31793.2,31795.2,31970.0,174.8,174.8,2.0,0
U311,13,FUSE0,16,Station 6: Packaging,31796.6,31796.6,31912.6,116.0,116.0,0.0,0
U4968,199,FUSE0,3,Station 2: Drill station,31796.3,31803.9,31980.7,176.8,176.8,7.6,0
U4971,199,FUSE0,1,Station 1: Bottom cover,31823.1,31823.1,31935.3,112.2,112.2,0.0,0
U312,13,FUSE0,17,Station 6.1: Packaging,31753.8,31830.6,31946.6,116.0,116.0,76.8,0
U4972,199,FUSE0,2,Station 1.1: Bottom cover,31861.9,31861.9,31974.1,112.2,112.2,0.0,0
U321,13,FUSE1,12,Station 4.1: Inspection,31739.4,31862.2,31979.8,117.6,117.6,122.8,1
U317,13,FUSE0,13,Station 5: Top cover,31875.6,31875.6,32050.4,174.8,174.8,0.0,0
U329,13,FUSE2,6,Station 3: Robot cell,31590.1,31877.6,32215.6,338.0,338.0,287.5,0
U4969,199,FUSE0,4,Station 2.1: Drill station,31878.3,31884.7,32061.5,176.8,176.8,6.4,0
U330,13,FUSE2,8,Station 3.2: Robot cell,31730.9,31885.6,32223.6,338.0,338.0,154.7,0
U318,13,FUSE0,15,Station 5.2: Top cover,31890.8,31892.8,32067.6,174.8,174.8,2.0,0
U322,13,FUSE1,11,Station 4: Inspection,31793.0,31897.4,32015.0,117.6,117.6,104.4,0
U313,13,FUSE0,16,Station 6: Packaging,31874.2,31912.6,32028.6,116.0,116.0,38.4,0
U331,13,FUSE2,9,Station 3.3: Robot cell,31726.1,31926.0,32264.0,338.0,338.0,199.9,0
U4973,199,FUSE0,1,Station 1: Bottom cover,31943.9,31943.9,32056.1,112.2,112.2,0.0,0
U314,13,FUSE0,17,Station 6.1: Packaging,31951.4,31951.4,32067.4,116.0,116.0,0.0,0
U4970,199,FUSE0,5,Station 2.2: Drill station,31957.1,31965.5,32142.3,176.8,176.8,8.4,0
U319,13,FUSE1,14,Station 5.1: Top cover,31973.2,31973.2,32148.0,174.8,174.8,0.0,0
U4974,199,FUSE0,2,Station 1.1: Bottom cover,31977.9,31977.9,32090.1,112.2,112.2,0.0,0
U332,13,FUSE2,10,Station 3.4: Robot cell,31846.9,31979.6,32317.6,338.0,338.0,132.7,0
U323,13,FUSE1,12,Station 4.1: Inspection,31860.0,31979.8,32097.4,117.6,117.6,119.8,1
U4971,199,FUSE0,3,Station 2: Drill station,31974.3,31980.7,32157.5,176.8,176.8,6.4,0
U324,13,FUSE1,11,Station 4: Inspection,31916.6,32015.0,32132.6,117.6,117.6,98.4,0
U315,13,FUSE0,16,Station 6: Packaging,31951.8,32028.6,32144.6,116.0,116.0,76.8,0
U320,13,FUSE1,13,Station 5: Top cover,32048.4,32050.4,32225.2,174.8,174.8,2.0,0
U4975,199,FUSE0,1,Station 1: Bottom cover,32059.9,32059.9,32172.1,112.2,112.2,0.0,0
U4972,199,FUSE0,4,Station 2.1: Drill station,32053.1,32061.5,32238.3,176.8,176.8,8.4,0
U316,13,FUSE0,17,Station 6.1: Packaging,32029.0,32067.4,32183.4,116.0,116.0,38.4,0
U321,13,FUSE1,15,Station 5.2: Top cover,32070.8,32070.8,32245.6,174.8,174.8,0.0,0
U325,13,FUSE1,12,Station 4.1: Inspection,31984.6,32097.4,32215.0,117.6,117.6,112.8,0
U4976,199,FUSE1,2,Station 1.1: Bottom cover,32098.7,32098.7,32210.9,112.2,112.2,0.0,0
U333,13,FUSE2,7,Station 3.1: Robot cell,31887.7,32119.0,32457.0,338.0,338.0,231.3,0
U326,13,FUSE1,11,Station 4: Inspection,32025.0,32132.6,32250.2,117.6,117.6,107.6,0
U4973,199,FUSE0,5,Station 2.2: Drill station,32135.1,32142.3,32319.1,176.8,176.8,7.2,0
U322,13,FUSE1,14,Station 5.1: Top cover,32146.0,32148.0,32322.8,174.8,174.8,2.0,0
U317,13,FUSE0,16,Station 6: Packaging,32149.4,32149.4,32265.4,116.0,116.0,0.0,0
U4974,199,FUSE0,3,Station 2: Drill station,32149.1,32157.5,32334.3,176.8,176.8,8.4,0
U4977,199,FUSE1,1,Station 1: Bottom cover,32175.9,32175.9,32288.1,112.2,112.2,0.0,0
U318,13,FUSE0,17,Station 6.1: Packaging,32106.6,32183.4,32299.4,116.0,116.0,76.8,0
U4978,199,FUSE1,2,Station 1.1: Bottom cover,32214.7,32214.7,32326.9,112.2,112.2,0.0,0
U327,13,FUSE1,12,Station 4.1: Inspection,32118.6,32215.0,32332.6,117.6,117.6,96.4,0
U334,13,FUSE2,6,Station 3: Robot cell,31842.9,32215.6,32553.6,338.0,338.0,372.7,1
U335,13,FUSE2,8,Station 3.2: Robot cell,31983.7,32223.6,32561.6,338.0,338.0,239.9,0
U323,13,FUSE1,13,Station 5: Top cover,32228.4,32228.4,32403.2,174.8,174.8,0.0,0
U4975,199,FUSE0,4,Station 2.1: Drill station,32231.1,32238.3,32415.1,176.8,176.8,7.2,0
U324,13,FUSE1,15,Station 5.2: Top cover,32243.6,32245.6,32420.4,174.8,174.8,2.0,0
U328,13,FUSE2,11,Station 4: Inspection,32178.0,32250.2,32367.8,117.6,117.6,72.2,0
U4967,199,FUSE0,9,Station 3.3: Robot cell,32104.5,32264.0,32507.6,243.6,243.6,159.5,0
U319,13,FUSE1,16,Station 6: Packaging,32227.0,32265.4,32381.4,116.0,116.0,38.4,0
U4979,199,FUSE1,1,Station 1: Bottom cover,32296.7,32296.7,32408.9,112.2,112.2,0.0,0
U320,13,FUSE1,17,Station 6.1: Packaging,32304.2,32304.2,32420.2,116.0,116.0,0.0,0
U4968,199,FUSE0,10,Station 3.4: Robot cell,32099.7,32317.6,32561.2,243.6,243.6,217.9,0
U4976,199,FUSE1,5,Station 2.2: Drill station,32309.9,32319.1,32495.9,176.8,176.8,9.2,0
U325,13,FUSE1,14,Station 5.1: Top cover,32326.0,32326.0,32500.8,174.8,174.8,0.0,0
U4980,199,FUSE1,2,Station 1.1: Bottom cover,32330.7,32330.7,32442.9,112.2,112.2,0.0,0
U329,13,FUSE2,12,Station 4.1: Inspection,32274.6,32332.6,32450.2,117.6,117.6,58.0,0
U4977,199,FUSE1,3,Station 2: Drill station,32327.1,32334.3,32511.1,176.8,176.8,7.2,0
U330,13,FUSE2,11,Station 4: Inspection,32302.6,32367.8,32485.4,117.6,117.6,65.2,0
U321,13,FUSE1,16,Station 6: Packaging,32304.6,32381.4,32497.4,116.0,116.0,76.8,0
U326,13,FUSE1,13,Station 5: Top cover,32401.2,32403.2,32578.0,174.8,174.8,2.0,0
U4981,199,FUSE1,1,Station 1: Bottom cover,32412.7,32412.7,32524.9,112.2,112.2,0.0,0
U4978,199,FUSE1,4,Station 2.1: Drill station,32405.9,32415.1,32591.9,176.8,176.8,9.2,0
U322,13,FUSE1,17,Station 6.1: Packaging,32381.8,32420.2,32536.2,116.0,116.0,38.4,0
U327,13,FUSE1,15,Station 5.2: Top cover,32423.6,32423.6,32598.4,174.8,174.8,0.0,0
U331,13,FUSE2,12,Station 4.1: Inspection,32383.0,32450.2,32567.8,117.6,117.6,67.2,0
U4982,199,FUSE1,2,Station 1.1: Bottom cover,32451.5,32451.5,32563.7,112.2,112.2,0.0,0
U4969,199,FUSE0,7,Station 3.1: Robot cell,32140.5,32457.0,32700.6,243.6,243.6,316.5,0
U332,13,FUSE2,11,Station 4: Inspection,32436.6,32485.4,32603.0,117.6,117.6,48.8,0
U4979,199,FUSE1,5,Station 2.2: Drill station,32487.9,32495.9,32672.7,176.8,176.8,8.0,0
U328,13,FUSE2,14,Station 5.1: Top cover,32498.8,32500.8,32675.6,174.8,174.8,2.0,0
U323,13,FUSE1,16,Station 6: Packaging,32502.2,32502.2,32618.2,116.0,116.0,0.0,0
U4970,199,FUSE0,9,Station 3.3: Robot cell,32281.3,32507.6,32751.2,243.6,243.6,226.3,0
U4980,199,FUSE1,3,Station 2: Drill station,32501.9,32511.1,32687.9,176.8,176.8,9.2,0
U4983,199,FUSE1,1,Station 1: Bottom cover,32528.7,32528.7,32640.9,112.2,112.2,0.0,0
U324,13,FUSE1,17,Station 6.1: Packaging,32459.4,32536.2,32652.2,116.0,116.0,76.8,0
U4971,199,FUSE0,6,Station 3: Robot cell,32196.5,32553.6,32797.2,243.6,243.6,357.1,1
U4972,199,FUSE0,10,Station 3.4: Robot cell,32377.3,32561.2,32804.8,243.6,243.6,183.9,0
U4973,199,FUSE0,8,Station 3.2: Robot cell,32438.1,32561.6,32805.2,243.6,243.6,123.5,0
U4984,199,FUSE1,2,Station 1.1: Bottom cover,32567.5,32567.5,32679.7,112.2,112.2,0.0,0
U333,13,FUSE2,12,Station 4.1: Inspection,32536.0,32567.8,32685.4,117.6,117.6,31.8,0
U329,13,FUSE2,13,Station 5: Top cover,32581.2,32581.2,32756.0,174.8,174.8,0.0,0
U4981,199,FUSE1,4,Station 2.1: Drill station,32583.9,32591.9,32768.7,176.8,176.8,8.0,0
U330,13,FUSE2,15,Station 5.2: Top cover,32596.4,32598.4,32773.2,174.8,174.8,2.0,0
U4967,199,FUSE0,11,Station 4: Inspection,32606.6,32606.6,32724.2,117.6,117.6,0.0,0
U325,13,FUSE1,16,Station 6: Packaging,32579.8,32618.2,32734.2,116.0,116.0,38.4,0
U4985,199,FUSE2,1,Station 1: Bottom cover,32649.5,32649.5,32761.7,112.2,112.2,0.0,0
U326,13,FUSE1,17,Station 6.1: Packaging,32657.0,32657.0,32773.0,116.0,116.0,0.0,0
U4982,199,FUSE1,5,Station 2.2: Drill station,32662.7,32672.7,32849.5,176.8,176.8,10.0,0
U331,13,FUSE2,14,Station 5.1: Top cover,32678.8,32678.8,32853.6,174.8,174.8,0.0,0
U4986,199,FUSE2,2,Station 1.1: Bottom cover,32683.5,32683.5,32795.7,112.2,112.2,0.0,0
U334,13,FUSE2,12,Station 4.1: Inspection,32612.6,32685.4,32803.0,117.6,117.6,72.8,0
U4983,199,FUSE1,3,Station 2: Drill station,32679.9,32687.9,32864.7,176.8,176.8,8.0,0
U4974,199,FUSE0,7,Station 3.1: Robot cell,32393.3,32700.6,32944.2,243.6,243.6,307.3,1
U4968,199,FUSE0,11,Station 4: Inspection,32680.2,32724.2,32841.8,117.6,117.6,44.0,0
U327,13,FUSE1,16,Station 6: Packaging,32657.4,32734.2,32850.2,116.0,116.0,76.8,0
U4975,199,FUSE0,9,Station 3.3: Robot cell,32534.1,32751.2,32994.8,243.6,243.6,217.1,0
U332,13,FUSE2,13,Station 5: Top cover,32754.0,32756.0,32930.8,174.8,174.8,2.0,0
U4987,199,FUSE2,1,Station 1: Bottom cover,32765.5,32765.5,32877.7,112.2,112.2,0.0,0
U4984,199,FUSE1,4,Station 2.1: Drill station,32758.7,32768.7,32945.5,176.8,176.8,10.0,0
U328,13,FUSE2,17,Station 6.1: Packaging,32734.6,32773.0,32889.0,116.0,116.0,38.4,0
U333,13,FUSE2,15,Station 5.2: Top cover,32776.4,32776.4,32951.2,174.8,174.8,0.0,0
U4976,199,FUSE1,6,Station 3: Robot cell,32574.9,32797.2,33102.8,305.6,305.6,222.3,0
U335,13,FUSE2,12,Station 4.1: Inspection,32660.6,32803.0,32920.6,117.6,117.6,142.4,1
U4988,199,FUSE2,2,Station 1.1: Bottom cover,32804.3,32804.3,32916.5,112.2,112.2,0.0,0
U4977,199,FUSE1,10,Station 3.4: Robot cell,32630.1,32804.8,33110.4,305.6,305.6,174.7,0
U4978,199,FUSE1,8,Station 3.2: Robot cell,32690.9,32805.2,33110.8,305.6,305.6,114.3,0
U4969,199,FUSE0,11,Station 4: Inspection,32759.6,32841.8,32959.4,117.6,117.6,82.2,0
U4985,199,FUSE2,5,Station 2.2: Drill station,32840.7,32849.5,33026.3,176.8,176.8,8.8,0
U329,13,FUSE2,16,Station 6: Packaging,32855.0,32855.0,32971.0,116.0,116.0,0.0,0
U4967,199,FUSE0,14,Station 5.1: Top cover,32855.2,32855.2,33030.0,174.8,174.8,0.0,0
U4986,199,FUSE2,3,Station 2: Drill station,32854.7,32864.7,33041.5,176.8,176.8,10.0,0
U4989,199,FUSE2,1,Station 1: Bottom cover,32881.5,32881.5,32993.7,112.2,112.2,0.0,0
U330,13,FUSE2,17,Station 6.1: Packaging,32812.2,32889.0,33005.0,116.0,116.0,76.8,0
U4990,199,FUSE2,2,Station 1.1: Bottom cover,32920.3,32920.3,33032.5,112.2,112.2,0.0,0
U4970,199,FUSE0,12,Station 4.1: Inspection,32870.2,32920.6,33038.2,117.6,117.6,50.4,0
U334,13,FUSE2,13,Station 5: Top cover,32934.0,32934.0,33108.8,174.8,174.8,0.0,0
U4979,199,FUSE1,7,Station 3.1: Robot cell,32771.7,32944.2,33249.8,305.6,305.6,172.5,0
U4987,199,FUSE2,4,Station 2.1: Drill station,32936.7,32945.5,33122.3,176.8,176.8,8.8,0
U4968,199,FUSE0,15,Station 5.2: Top cover,32952.8,32952.8,33127.6,174.8,174.8,0.0,0
U4971,199,FUSE0,11,Station 4: Inspection,32836.2,32959.4,33077.0,117.6,117.6,123.2,1
U331,13,FUSE2,16,Station 6: Packaging,32932.6,32971.0,33087.0,116.0,116.0,38.4,0
U4980,199,FUSE1,9,Station 3.3: Robot cell,32786.9,32994.8,33300.4,305.6,305.6,207.9,0
U4991,199,FUSE2,1,Station 1: Bottom cover,33002.3,33002.3,33114.5,112.2,112.2,0.0,0
U332,13,FUSE2,17,Station 6.1: Packaging,33009.8,33009.8,33125.8,116.0,116.0,0.0,0
U4988,199,FUSE2,5,Station 2.2: Drill station,33015.5,33026.3,33203.1,176.8,176.8,10.8,0
U335,13,FUSE2,14,Station 5.1: Top cover,33031.6,33031.6,33206.4,174.8,174.8,0.0,0
U4992,199,FUSE2,2,Station 1.1: Bottom cover,33036.3,33036.3,33148.5,112.2,112.2,0.0,0
U4972,199,FUSE0,12,Station 4.1: Inspection,32943.8,33038.2,33155.8,117.6,117.6,94.4,0
U4989,199,FUSE2,3,Station 2: Drill station,33032.7,33041.5,33218.3,176.8,176.8,8.8,0
U4973,199,FUSE0,11,Station 4: Inspection,32884.2,33077.0,33194.6,117.6,117.6,192.8,1
U333,13,FUSE2,16,Station 6: Packaging,33010.2,33087.0,33203.0,116.0,116.0,76.8,0
U4981,199,FUSE1,6,Station 3: Robot cell,32827.7,33102.8,33408.4,305.6,305.6,275.1,0
U4969,199,FUSE0,13,Station 5: Top cover,33110.4,33110.4,33285.2,174.8,174.8,0.0,0
U4982,199,FUSE1,10,Station 3.4: Robot cell,33008.5,33110.4,33416.0,305.6,305.6,101.9,0
U4983,199,FUSE1,8,Station 3.2: Robot cell,32943.7,33110.8,33416.4,305.6,305.6,167.1,0
U4993,199,FUSE2,1,Station 1: Bottom cover,33118.3,33118.3,33230.5,112.2,112.2,0.0,0
U4990,199,FUSE2,4,Station 2.1: Drill station,33111.5,33122.3,33299.1,176.8,176.8,10.8,0
U4967,199,FUSE0,17,Station 6.1: Packaging,33089.0,33125.8,33241.8,116.0,116.0,36.8,0
U4970,199,FUSE0,15,Station 5.2: Top cover,33129.2,33129.2,33304.0,174.8,174.8,0.0,0
U4974,199,FUSE0,12,Station 4.1: Inspection,33023.2,33155.8,33273.4,117.6,117.6,132.6,1
U1614,65,FUSE0,2,Station 1.1: Bottom cover,33157.1,33157.1,33269.3,112.2,112.2,0.0,0
U4975,199,FUSE0,11,Station 4: Inspection,33093.8,33194.6,33312.2,117.6,117.6,100.8,0
U4991,199,FUSE2,5,Station 2.2: Drill station,33193.5,33203.1,33379.9,176.8,176.8,9.6,0
U334,13,FUSE2,16,Station 6: Packaging,33207.8,33207.8,33323.8,116.0,116.0,0.0,0
U4971,199,FUSE0,14,Station 5.1: Top cover,33208.0,33208.0,33382.8,174.8,174.8,0.0,0
U4992,199,FUSE2,3,Station 2: Drill station,33207.5,33218.3,33395.1,176.8,176.8,10.8,0
U1615,65,FUSE0,1,Station 1: Bottom cover,33234.3,33234.3,33346.5,112.2,112.2,0.0,0
U4968,199,FUSE0,17,Station 6.1: Packaging,33166.6,33241.8,33357.8,116.0,116.0,75.2,0
U4984,199,FUSE1,7,Station 3.1: Robot cell,33024.5,33249.8,33555.4,305.6,305.6,225.3,0
U1616,65,FUSE0,2,Station 1.1: Bottom cover,33273.1,33273.1,33385.3,112.2,112.2,0.0,0
U4976,199,FUSE1,12,Station 4.1: Inspection,33161.8,33273.4,33391.0,117.6,117.6,111.6,0
U4972,199,FUSE0,13,Station 5: Top cover,33286.8,33286.8,33461.6,174.8,174.8,0.0,0
U4993,199,FUSE2,4,Station 2.1: Drill station,33289.5,33299.1,33475.9,176.8,176.8,9.6,0
U4985,199,FUSE2,9,Station 3.3: Robot cell,33165.3,33300.4,33638.4,338.0,338.0,135.1,0
U4973,199,FUSE0,15,Station 5.2: Top cover,33305.6,33305.6,33480.4,174.8,174.8,0.0,0
U4977,199,FUSE1,11,Station 4: Inspection,33229.4,33312.2,33429.8,117.6,117.6,82.8,0
U335,13,FUSE2,16,Station 6: Packaging,33285.4,33323.8,33439.8,116.0,116.0,38.4,0
U1617,65,FUSE0,1,Station 1: Bottom cover,33355.1,33355.1,33467.3,112.2,112.2,0.0,0
U4969,199,FUSE0,17,Station 6.1: Packaging,33364.2,33364.2,33480.2,116.0,116.0,0.0,0
U1614,65,FUSE0,5,Station 2.2: Drill station,33368.3,33379.9,33556.7,176.8,176.8,11.6,0
U4974,199,FUSE0,14,Station 5.1: Top cover,33384.4,33384.4,33559.2,174.8,174.8,0.0,0
U1618,65,FUSE0,2,Station 1.1: Bottom cover,33389.1,33389.1,33501.3,112.2,112.2,0.0,0
U4978,199,FUSE1,12,Station 4.1: Inspection,33209.8,33391.0,33508.6,117.6,117.6,181.2,1
U1615,65,FUSE0,3,Station 2: Drill station,33385.5,33395.1,33571.9,176.8,176.8,9.6,0
U4986,199,FUSE2,6,Station 3: Robot cell,33080.5,33408.4,33746.4,338.0,338.0,327.9,1
U4987,199,FUSE2,10,Station 3.4: Robot cell,33261.3,33416.0,33754.0,338.0,338.0,154.7,0
U4988,199,FUSE2,8,Station 3.2: Robot cell,33322.1,33416.4,33754.4,338.0,338.0,94.3,0
U4979,199,FUSE1,11,Station 4: Inspection,33308.8,33429.8,33547.4,117.6,117.6,121.0,1
U4970,199,FUSE0,16,Station 6: Packaging,33363.0,33439.8,33555.8,116.0,116.0,76.8,0
U4975,199,FUSE0,13,Station 5: Top cover,33463.2,33463.2,33638.0,174.8,174.8,0.0,0
U1619,65,FUSE0,1,Station 1: Bottom cover,33471.1,33471.1,33583.3,112.2,112.2,0.0,0
U1616,65,FUSE0,4,Station 2.1: Drill station,33464.3,33475.9,33652.7,176.8,176.8,11.6,0
U4971,199,FUSE0,17,Station 6.1: Packaging,33441.8,33480.2,33596.2,116.0,116.0,38.4,0
U4976,199,FUSE1,15,Station 5.2: Top cover,33482.0,33482.0,33656.8,174.8,174.8,0.0,0
U4980,199,FUSE1,12,Station 4.1: Inspection,33419.4,33508.6,33626.2,117.6,117.6,89.2,0
U1620,65,FUSE0,2,Station 1.1: Bottom cover,33511.5,33511.5,33623.7,112.2,112.2,0.0,0
U4981,199,FUSE1,11,Station 4: Inspection,33447.4,33547.4,33665.0,117.6,117.6,100.0,0
U4989,199,FUSE2,7,Station 3.1: Robot cell,33277.3,33555.4,33893.4,338.0,338.0,278.1,0
U1617,65,FUSE0,5,Station 2.2: Drill station,33546.3,33556.7,33733.5,176.8,176.8,10.4,0
U4972,199,FUSE0,16,Station 6: Packaging,33560.6,33560.6,33676.6,116.0,116.0,0.0,0
U4977,199,FUSE1,14,Station 5.1: Top cover,33560.8,33560.8,33735.6,174.8,174.8,0.0,0
U1618,65,FUSE0,3,Station 2: Drill station,33560.3,33571.9,33748.7,176.8,176.8,11.6,0
U1621,65,FUSE0,1,Station 1: Bottom cover,33587.1,33587.1,33699.3,112.2,112.2,0.0,0
U4973,199,FUSE0,17,Station 6.1: Packaging,33519.4,33596.2,33712.2,116.0,116.0,76.8,0
U4982,199,FUSE1,12,Station 4.1: Inspection,33555.0,33626.2,33743.8,117.6,117.6,71.2,0
U1622,65,FUSE1,2,Station 1.1: Bottom cover,33627.5,33627.5,33739.7,112.2,112.2,0.0,0
U4990,199,FUSE2,9,Station 3.3: Robot cell,33418.1,33638.4,33976.4,338.0,338.0,220.3,0
U4978,199,FUSE1,13,Station 5: Top cover,33639.6,33639.6,33814.4,174.8,174.8,0.0,0
U1619,65,FUSE0,4,Station 2.1: Drill station,33642.3,33652.7,33829.5,176.8,176.8,10.4,0
U4979,199,FUSE1,15,Station 5.2: Top cover,33658.4,33658.4,33833.2,174.8,174.8,0.0,0
U4983,199,FUSE1,11,Station 4: Inspection,33495.4,33665.0,33782.6,117.6,117.6,169.6,1
U4974,199,FUSE0,16,Station 6: Packaging,33638.2,33676.6,33792.6,116.0,116.0,38.4,0
U1623,65,FUSE1,1,Station 1: Bottom cover,33707.9,33707.9,33820.1,112.2,112.2,0.0,0
U4975,199,FUSE0,17,Station 6.1: Packaging,33717.0,33717.0,33833.0,116.0,116.0,0.0,0
U1620,65,FUSE0,5,Station 2.2: Drill station,33722.7,33733.5,33910.3,176.8,176.8,10.8,0
U4980,199,FUSE1,14,Station 5.1: Top cover,33737.2,33737.2,33912.0,174.8,174.8,0.0,0
U1624,65,FUSE1,2,Station 1.1: Bottom cover,33743.5,33743.5,33855.7,112.2,112.2,0.0,0
U4984,199,FUSE1,12,Station 4.1: Inspection,33634.4,33743.8,33861.4,117.6,117.6,109.4,0
U4991,199,FUSE2,6,Station 3: Robot cell,33458.9,33746.4,34084.4,338.0,338.0,287.5,0
U1621,65,FUSE0,3,Station 2: Drill station,33738.3,33748.7,33925.5,176.8,176.8,10.4,0
U4992,199,FUSE2,10,Station 3.4: Robot cell,33514.1,33754.0,34092.0,338.0,338.0,239.9,0
U4993,199,FUSE2,8,Station 3.2: Robot cell,33574.9,33754.4,34092.4,338.0,338.0,179.5,0
U4985,199,FUSE2,11,Station 4: Inspection,33737.4,33782.6,33900.2,117.6,117.6,45.2,0
U4976,199,FUSE1,16,Station 6: Packaging,33715.8,33792.6,33908.6,116.0,116.0,76.8,0
U4981,199,FUSE1,13,Station 5: Top cover,33816.0,33816.0,33990.8,174.8,174.8,0.0,0
U1625,65,FUSE1,1,Station 1: Bottom cover,33823.9,33823.9,33936.1,112.2,112.2,0.0,0
U1622,65,FUSE1,4,Station 2.1: Drill station,33818.7,33829.5,34006.3,176.8,176.8,10.8,0
U4977,199,FUSE1,17,Station 6.1: Packaging,33794.6,33833.0,33949.0,116.0,116.0,38.4,0
U4982,199,FUSE1,15,Station 5.2: Top cover,33834.8,33834.8,34009.6,174.8,174.8,0.0,0
U4986,199,FUSE2,12,Station 4.1: Inspection,33805.4,33861.4,33979.0,117.6,117.6,56.0,0
U1626,65,FUSE1,2,Station 1.1: Bottom cover,33864.3,33864.3,33976.5,112.2,112.2,0.0,0
U1614,65,FUSE0,7,Station 3.1: Robot cell,33655.7,33893.4,34137.0,243.6,243.6,237.7,0
U4987,199,FUSE2,11,Station 4: Inspection,33873.0,33900.2,34017.8,117.6,117.6,27.2,0
U1623,65,FUSE1,5,Station 2.2: Drill station,33899.1,33910.3,34087.1,176.8,176.8,11.2,0
U4978,199,FUSE1,16,Station 6: Packaging,33913.4,33913.4,34029.4,116.0,116.0,0.0,0
U4983,199,FUSE1,14,Station 5.1: Top cover,33913.6,33913.6,34088.4,174.8,174.8,0.0,0
U1624,65,FUSE1,3,Station 2: Drill station,33914.7,33925.5,34102.3,176.8,176.8,10.8,0
U1627,65,FUSE1,1,Station 1: Bottom cover,33939.9,33939.9,34052.1,112.2,112.2,0.0,0
U4979,199,FUSE1,17,Station 6.1: Packaging,33872.2,33949.0,34065.0,116.0,116.0,76.8,0
U1615,65,FUSE0,9,Station 3.3: Robot cell,33670.9,33976.4,34220.0,243.6,243.6,305.5,0
U4988,199,FUSE2,12,Station 4.1: Inspection,33853.4,33979.0,34096.6,117.6,117.6,125.6,1
U1628,65,FUSE1,2,Station 1.1: Bottom cover,33980.3,33980.3,34092.5,112.2,112.2,0.0,0
U4984,199,FUSE1,13,Station 5: Top cover,33992.4,33992.4,34167.2,174.8,174.8,0.0,0
U1625,65,FUSE1,4,Station 2.1: Drill station,33995.1,34006.3,34183.1,176.8,176.8,11.2,0
U4985,199,FUSE2,15,Station 5.2: Top cover,34011.2,34011.2,34186.0,174.8,174.8,0.0,0
U4989,199,FUSE2,11,Station 4: Inspection,33952.4,34017.8,34135.4,117.6,117.6,65.4,0
U4980,199,FUSE1,16,Station 6: Packaging,33991.0,34029.4,34145.4,116.0,116.0,38.4,0
U1629,65,FUSE1,1,Station 1: Bottom cover,34060.7,34060.7,34172.9,112.2,112.2,0.0,0
U4981,199,FUSE1,17,Station 6.1: Packaging,34069.8,34069.8,34185.8,116.0,116.0,0.0,0
U1616,65,FUSE0,6,Station 3: Robot cell,33711.7,34084.4,34328.0,243.6,243.6,372.7,1
U1626,65,FUSE1,5,Station 2.2: Drill station,34075.5,34087.1,34263.9,176.8,176.8,11.6,0
U4986,199,FUSE2,14,Station 5.1: Top cover,34090.0,34090.0,34264.8,174.8,174.8,0.0,0
U1617,65,FUSE0,10,Station 3.4: Robot cell,33892.5,34092.0,34335.6,243.6,243.6,199.5,0
U1618,65,FUSE0,8,Station 3.2: Robot cell,33827.7,34092.4,34336.0,243.6,243.6,264.7,0
U1630,65,FUSE1,2,Station 1.1: Bottom cover,34096.3,34096.3,34208.5,112.2,112.2,0.0,0
U4990,199,FUSE2,12,Station 4.1: Inspection,34095.4,34096.6,34214.2,117.6,117.6,1.2,0
U1627,65,FUSE1,3,Station 2: Drill station,34091.1,34102.3,34279.1,176.8,176.8,11.2,0
U4991,199,FUSE2,11,Station 4: Inspection,34123.4,34135.4,34253.0,117.6,117.6,12.0,0
U1619,65,FUSE0,7,Station 3.1: Robot cell,33908.5,34137.0,34380.6,243.6,243.6,228.5,0
U4982,199,FUSE1,16,Station 6: Packaging,34068.6,34145.4,34261.4,116.0,116.0,76.8,0
U4987,199,FUSE2,13,Station 5: Top cover,34168.8,34168.8,34343.6,174.8,174.8,0.0,0
U1631,65,FUSE2,1,Station 1: Bottom cover,34176.7,34176.7,34288.9,112.2,112.2,0.0,0
U1628,65,FUSE1,4,Station 2.1: Drill station,34171.5,34183.1,34359.9,176.8,176.8,11.6,0
U4983,199,FUSE1,17,Station 6.1: Packaging,34147.4,34185.8,34301.8,116.0,116.0,38.4,0
U4988,199,FUSE2,15,Station 5.2: Top cover,34187.6,34187.6,34362.4,174.8,174.8,0.0,0
U1614,65,FUSE0,12,Station 4.1: Inspection,34216.0,34216.0,34333.6,117.6,117.6,0.0,0
U1632,65,FUSE2,2,Station 1.1: Bottom cover,34217.1,34217.1,34329.3,112.2,112.2,0.0,0
U1620,65,FUSE0,9,Station 3.3: Robot cell,34049.3,34220.0,34463.6,243.6,243.6,170.7,0
U4993,199,FUSE2,11,Station 4: Inspection,34171.4,34253.0,34370.6,117.6,117.6,81.6,0
U1629,65,FUSE1,5,Station 2.2: Drill station,34251.9,34263.9,34440.7,176.8,176.8,12.0,0
U4984,199,FUSE1,16,Station 6: Packaging,34266.2,34266.2,34382.2,116.0,116.0,0.0,0
U4989,199,FUSE2,14,Station 5.1: Top cover,34266.4,34266.4,34441.2,174.8,174.8,0.0,0
U1630,65,FUSE1,3,Station 2: Drill station,34267.5,34279.1,34455.9,176.8,176.8,11.6,0
U1633,65,FUSE2,1,Station 1: Bottom cover,34292.7,34292.7,34404.9,112.2,112.2,0.0,0
U4985,199,FUSE2,17,Station 6.1: Packaging,34225.0,34301.8,34417.8,116.0,116.0,76.8,0
U1621,65,FUSE0,6,Station 3: Robot cell,33964.5,34328.0,34571.6,243.6,243.6,363.5,1
U1634,65,FUSE2,2,Station 1.1: Bottom cover,34333.1,34333.1,34445.3,112.2,112.2,0.0,0
U4992,199,FUSE2,12,Station 4.1: Inspection,34231.0,34333.6,34451.2,117.6,117.6,102.6,0
U1622,65,FUSE1,10,Station 3.4: Robot cell,34145.3,34335.6,34641.2,305.6,305.6,190.3,0
U1623,65,FUSE1,8,Station 3.2: Robot cell,34206.1,34336.0,34641.6,305.6,305.6,129.9,0
U4990,199,FUSE2,13,Station 5: Top cover,34345.2,34345.2,34520.0,174.8,174.8,0.0,0
U1631,65,FUSE2,4,Station 2.1: Drill station,34347.9,34359.9,34536.7,176.8,176.8,12.0,0
U4991,199,FUSE2,15,Station 5.2: Top cover,34364.0,34364.0,34538.8,174.8,174.8,0.0,0
U1615,65,FUSE0,11,Station 4: Inspection,34319.0,34370.6,34488.2,117.6,117.6,51.6,0
U1624,65,FUSE1,7,Station 3.1: Robot cell,34161.3,34380.6,34686.2,305.6,305.6,219.3,0
U4986,199,FUSE2,16,Station 6: Packaging,34343.8,34382.2,34498.2,116.0,116.0,38.4,0
U1635,65,FUSE2,1,Station 1: Bottom cover,34413.5,34413.5,34525.7,112.2,112.2,0.0,0
U4987,199,FUSE2,17,Station 6.1: Packaging,34422.6,34422.6,34538.6,116.0,116.0,0.0,0
U1632,65,FUSE2,5,Station 2.2: Drill station,34428.3,34440.7,34617.5,176.8,176.8,12.4,0
U1614,65,FUSE0,14,Station 5.1: Top cover,34444.6,34444.6,34619.4,174.8,174.8,0.0,0
U1636,65,FUSE2,2,Station 1.1: Bottom cover,34449.1,34449.1,34561.3,112.2,112.2,0.0,0
U1616,65,FUSE0,12,Station 4.1: Inspection,34387.0,34451.2,34568.8,117.6,117.6,64.2,0
U1633,65,FUSE2,3,Station 2: Drill station,34443.9,34455.9,34632.7,176.8,176.8,12.0,0
U1625,65,FUSE1,9,Station 3.3: Robot cell,34302.1,34463.6,34769.2,305.6,305.6,161.5,0
U1619,65,FUSE0,11,Station 4: Inspection,34439.6,34488.2,34605.8,117.6,117.6,48.6,0
U4988,199,FUSE2,16,Station 6: Packaging,34421.4,34498.2,34614.2,116.0,116.0,76.8,0
U4993,199,FUSE2,13,Station 5: Top cover,34521.6,34521.6,34696.4,174.8,174.8,0.0,0
U1637,65,FUSE2,1,Station 1: Bottom cover,34529.5,34529.5,34641.7,112.2,112.2,0.0,0
U1634,65,FUSE2,4,Station 2.1: Drill station,34524.3,34536.7,34713.5,176.8,176.8,12.4,0
U4989,199,FUSE2,17,Station 6.1: Packaging,34500.2,34538.6,34654.6,116.0,116.0,38.4,0
U4992,199,FUSE2,15,Station 5.2: Top cover,34542.2,34542.2,34717.0,174.8,174.8,0.0,0
U1618,65,FUSE0,12,Station 4.1: Inspection,34435.0,34568.8,34686.4,117.6,117.6,133.8,1
U1638,65,FUSE2,2,Station 1.1: Bottom cover,34569.9,34569.9,34682.1,112.2,112.2,0.0,0
U1626,65,FUSE1,6,Station 3: Robot cell,34342.9,34571.6,34877.2,305.6,305.6,228.7,0
U1617,65,FUSE0,11,Station 4: Inspection,34454.6,34605.8,34723.4,117.6,117.6,151.2,1
U1635,65,FUSE2,5,Station 2.2: Drill station,34604.7,34617.5,34794.3,176.8,176.8,12.8,0
U4990,199,FUSE2,16,Station 6: Packaging,34619.0,34619.0,34735.0,116.0,116.0,0.0,0
U1615,65,FUSE0,14,Station 5.1: Top cover,34619.2,34619.4,34794.2,174.8,174.8,0.2,0
U1636,65,FUSE2,3,Station 2: Drill station,34620.3,34632.7,34809.5,176.8,176.8,12.4,0
U1627,65,FUSE1,10,Station 3.4: Robot cell,34398.1,34641.2,34946.8,305.6,305.6,243.1,0
U1628,65,FUSE1,8,Station 3.2: Robot cell,34458.9,34641.6,34947.2,305.6,305.6,182.7,0
U1639,65,FUSE2,1,Station 1: Bottom cover,34645.5,34645.5,34757.7,112.2,112.2,0.0,0
U4991,199,FUSE2,17,Station 6.1: Packaging,34577.8,34654.6,34770.6,116.0,116.0,76.8,0
U032,2,FUSE0,2,Station 1.1: Bottom cover,34685.9,34685.9,34798.1,112.2,112.2,0.0,0
U1629,65,FUSE1,7,Station 3.1: Robot cell,34539.7,34686.2,34991.8,305.6,305.6,146.5,0
U1620,65,FUSE0,12,Station 4.1: Inspection,34582.6,34686.4,34804.0,117.6,117.6,103.8,0
U1616,65,FUSE0,13,Station 5: Top cover,34699.8,34699.8,34874.6,174.8,174.8,0.0,0
U1637,65,FUSE2,4,Station 2.1: Drill station,34700.7,34713.5,34890.3,176.8,176.8,12.8,0
U1619,65,FUSE0,15,Station 5.2: Top cover,34716.8,34717.0,34891.8,174.8,174.8,0.2,0
U1621,65,FUSE0,11,Station 4: Inspection,34610.6,34723.4,34841.0,117.6,117.6,112.8,0
U1614,65,FUSE0,16,Station 6: Packaging,34698.4,34735.0,34851.0,116.0,116.0,36.6,0
U033,2,FUSE0,1,Station 1: Bottom cover,34766.3,34766.3,34878.5,112.2,112.2,0.0,0
U1630,65,FUSE1,9,Station 3.3: Robot cell,34554.9,34769.2,35074.8,305.6,305.6,214.3,0
U4993,199,FUSE2,17,Station 6.1: Packaging,34775.4,34775.4,34891.4,116.0,116.0,0.0,0
U1638,65,FUSE2,5,Station 2.2: Drill station,34781.1,34794.3,34971.1,176.8,176.8,13.2,0
U1618,65,FUSE0,14,Station 5.1: Top cover,34797.4,34797.4,34972.2,174.8,174.8,0.0,0
U034,2,FUSE0,2,Station 1.1: Bottom cover,34801.9,34801.9,34914.1,112.2,112.2,0.0,0
U1624,65,FUSE1,12,Station 4.1: Inspection,34765.2,34804.0,34921.6,117.6,117.6,38.8,0
U1639,65,FUSE2,3,Station 2: Drill station,34796.7,34809.5,34986.3,176.8,176.8,12.8,0
U1623,65,FUSE1,11,Station 4: Inspection,34720.6,34841.0,34958.6,117.6,117.6,120.4,1
U4992,199,FUSE2,16,Station 6: Packaging,34776.0,34851.0,34967.0,116.0,116.0,75.0,0
U1617,65,FUSE0,13,Station 5: Top cover,34874.4,34874.6,35049.4,174.8,174.8,0.2,0
U1631,65,FUSE2,6,Station 3: Robot cell,34595.7,34877.2,35215.2,338.0,338.0,281.5,0
U035,2,FUSE0,1,Station 1: Bottom cover,34882.3,34882.3,34994.5,112.2,112.2,0.0,0
U032,2,FUSE0,4,Station 2.1: Drill station,34877.1,34890.3,35067.1,176.8,176.8,13.2,0
U1615,65,FUSE0,17,Station 6.1: Packaging,34853.2,34891.4,35007.4,116.0,116.0,38.2,0
U1620,65,FUSE0,15,Station 5.2: Top cover,34895.0,34895.0,35069.8,174.8,174.8,0.0,0
U1622,65,FUSE1,12,Station 4.1: Inspection,34780.2,34921.6,35039.2,117.6,117.6,141.4,1
U036,2,FUSE0,2,Station 1.1: Bottom cover,34922.7,34922.7,35034.9,112.2,112.2,0.0,0
U1632,65,FUSE2,10,Station 3.4: Robot cell,34776.5,34946.8,35284.8,338.0,338.0,170.3,0
U1633,65,FUSE2,8,Station 3.2: Robot cell,34711.7,34947.2,35285.2,338.0,338.0,235.5,0
U1625,65,FUSE1,11,Station 4: Inspection,34868.2,34958.6,35076.2,117.6,117.6,90.4,0
U033,2,FUSE0,5,Station 2.2: Drill station,34957.5,34971.1,35147.9,176.8,176.8,13.6,0
U1621,65,FUSE0,14,Station 5.1: Top cover,34972.0,34972.2,35147.0,174.8,174.8,0.2,0
U1616,65,FUSE0,16,Station 6: Packaging,34973.6,34973.6,35089.6,116.0,116.0,0.0,0
U034,2,FUSE0,3,Station 2: Drill station,34973.1,34986.3,35163.1,176.8,176.8,13.2,0
U1634,65,FUSE2,7,Station 3.1: Robot cell,34792.5,34991.8,35329.8,338.0,338.0,199.3,0
U037,2,FUSE0,1,Station 1: Bottom cover,34998.3,34998.3,35110.5,112.2,112.2,0.0,0
U1619,65,FUSE0,17,Station 6.1: Packaging,34930.8,35007.4,35123.4,116.0,116.0,76.6,0
U038,2,FUSE0,2,Station 1.1: Bottom cover,35038.7,35038.7,35150.9,112.2,112.2,0.0,0
U1626,65,FUSE1,12,Station 4.1: Inspection,34936.2,35039.2,35156.8,117.6,117.6,103.0,0
U1624,65,FUSE1,13,Station 5: Top cover,35052.6,35052.6,35227.4,174.8,174.8,0.0,0
U035,2,FUSE0,4,Station 2.1: Drill station,35053.5,35067.1,35243.9,176.8,176.8,13.6,0
U1623,65,FUSE1,15,Station 5.2: Top cover,35069.6,35069.8,35244.6,174.8,174.8,0.2,0
U1635,65,FUSE2,9,Station 3.3: Robot cell,34933.3,35074.8,35412.8,338.0,338.0,141.5,0
U1629,65,FUSE1,11,Station 4: Inspection,35050.8,35076.2,35193.8,117.6,117.6,25.4,0
U1618,65,FUSE0,16,Station 6: Packaging,35051.2,35089.6,35205.6,116.0,116.0,38.4,0
U039,2,FUSE0,1,Station 1: Bottom cover,35120.9,35120.9,35233.1,112.2,112.2,0.0,0
U1617,65,FUSE0,17,Station 6.1: Packaging,35128.4,35128.4,35244.4,116.0,116.0,0.0,0
U036,2,FUSE0,5,Station 2.2: Drill station,35133.9,35147.9,35324.7,176.8,176.8,14.0,0
U1622,65,FUSE1,14,Station 5.1: Top cover,35150.2,35150.2,35325.0,174.8,174.8,0.0,0
U040,2,FUSE0,2,Station 1.1: Bottom cover,35154.7,35154.7,35266.9,112.2,112.2,0.0,0
U1628,65,FUSE1,12,Station 4.1: Inspection,35046.2,35156.8,35274.4,117.6,117.6,110.6,0
U037,2,FUSE0,3,Station 2: Drill station,35149.5,35163.1,35339.9,176.8,176.8,13.6,0
U1627,65,FUSE1,11,Station 4: Inspection,35065.8,35193.8,35311.4,117.6,117.6,128.0,1
U1620,65,FUSE0,16,Station 6: Packaging,35128.8,35205.6,35321.6,116.0,116.0,76.8,0
U1636,65,FUSE2,6,Station 3: Robot cell,34848.5,35215.2,35553.2,338.0,338.0,366.7,1
U1625,65,FUSE1,13,Station 5: Top cover,35227.2,35227.4,35402.2,174.8,174.8,0.2,0
U041,2,FUSE1,1,Station 1: Bottom cover,35236.9,35236.9,35349.1,112.2,112.2,0.0,0
U038,2,FUSE0,4,Station 2.1: Drill station,35229.9,35243.9,35420.7,176.8,176.8,14.0,0
U1621,65,FUSE0,17,Station 6.1: Packaging,35206.0,35244.4,35360.4,116.0,116.0,38.4,0
U1626,65,FUSE1,15,Station 5.2: Top cover,35247.8,35247.8,35422.6,174.8,174.8,0.0,0
U1630,65,FUSE1,12,Station 4.1: Inspection,35193.8,35274.4,35392.0,117.6,117.6,80.6,0
U042,2,FUSE1,2,Station 1.1: Bottom cover,35275.7,35275.7,35387.9,112.2,112.2,0.0,0
U1637,65,FUSE2,10,Station 3.4: Robot cell,35029.3,35284.8,35622.8,338.0,338.0,255.5,0
U1638,65,FUSE2,8,Station 3.2: Robot cell,35090.1,35285.2,35623.2,338.0,338.0,195.1,0
U1631,65,FUSE2,11,Station 4: Inspection,35254.2,35311.4,35429.0,117.6,117.6,57.2,0
U039,2,FUSE0,5,Station 2.2: Drill station,35312.1,35324.7,35501.5,176.8,176.8,12.6,0
U1629,65,FUSE1,14,Station 5.1: Top cover,35324.8,35325.0,35499.8,174.8,174.8,0.2,0
U1624,65,FUSE1,16,Station 6: Packaging,35326.4,35326.4,35442.4,116.0,116.0,0.0,0
U1639,65,FUSE2,7,Station 3.1: Robot cell,35045.3,35329.8,35667.8,338.0,338.0,284.5,0
U040,2,FUSE0,3,Station 2: Drill station,35325.9,35339.9,35516.7,176.8,176.8,14.0,0
U043,2,FUSE1,1,Station 1: Bottom cover,35352.9,35352.9,35465.1,112.2,112.2,0.0,0
U1623,65,FUSE1,17,Station 6.1: Packaging,35283.6,35360.4,35476.4,116.0,116.0,76.8,0
U044,2,FUSE1,2,Station 1.1: Bottom cover,35391.7,35391.7,35503.9,112.2,112.2,0.0,0
U1628,65,FUSE1,13,Station 5: Top cover,35405.4,35405.4,35580.2,174.8,174.8,0.0,0
U1634,65,FUSE2,12,Station 4.1: Inspection,35408.8,35408.8,35526.4,117.6,117.6,0.0,0
U032,2,FUSE0,9,Station 3.3: Robot cell,35186.1,35412.8,35656.4,243.6,243.6,226.7,0
U041,2,FUSE1,4,Station 2.1: Drill station,35408.1,35420.7,35597.5,176.8,176.8,12.6,0
U1627,65,FUSE1,15,Station 5.2: Top cover,35422.4,35422.6,35597.4,174.8,174.8,0.2,0
U1633,65,FUSE2,11,Station 4: Inspection,35364.2,35429.0,35546.6,117.6,117.6,64.8,0
U1622,65,FUSE1,16,Station 6: Packaging,35404.0,35442.4,35558.4,116.0,116.0,38.4,0
U045,2,FUSE1,1,Station 1: Bottom cover,35473.7,35473.7,35585.9,112.2,112.2,0.0,0
U1625,65,FUSE1,17,Station 6.1: Packaging,35481.2,35481.2,35597.2,116.0,116.0,0.0,0
U042,2,FUSE1,5,Station 2.2: Drill station,35486.9,35501.5,35678.3,176.8,176.8,14.6,0
U1630,65,FUSE1,14,Station 5.1: Top cover,35503.0,35503.0,35677.8,174.8,174.8,0.0,0
U046,2,FUSE1,2,Station 1.1: Bottom cover,35507.7,35507.7,35619.9,112.2,112.2,0.0,0
U043,2,FUSE1,3,Station 2: Drill station,35504.1,35516.7,35693.5,176.8,176.8,12.6,0
U1632,65,FUSE2,12,Station 4.1: Inspection,35423.8,35526.4,35644.0,117.6,117.6,102.6,0
U1635,65,FUSE2,11,Station 4: Inspection,35511.8,35546.6,35664.2,117.6,117.6,34.8,0
U033,2,FUSE0,6,Station 3: Robot cell,35226.9,35553.2,35796.8,243.6,243.6,326.3,0
U1626,65,FUSE1,16,Station 6: Packaging,35481.6,35558.4,35674.4,116.0,116.0,76.8,0
U1631,65,FUSE2,13,Station 5: Top cover,35580.0,35580.2,35755.0,174.8,174.8,0.2,0
U047,2,FUSE1,1,Station 1: Bottom cover,35589.7,35589.7,35701.9,112.2,112.2,0.0,0
U1629,65,FUSE1,17,Station 6.1: Packaging,35558.8,35597.2,35713.2,116.0,116.0,38.4,0
U044,2,FUSE1,4,Station 2.1: Drill station,35582.9,35597.5,35774.3,176.8,176.8,14.6,0
U1634,65,FUSE2,15,Station 5.2: Top cover,35617.4,35617.4,35792.2,174.8,174.8,0.0,0
U034,2,FUSE0,10,Station 3.4: Robot cell,35282.1,35622.8,35866.4,243.6,243.6,340.7,1
U035,2,FUSE0,8,Station 3.2: Robot cell,35342.9,35623.2,35866.8,243.6,243.6,280.3,0
U048,2,FUSE1,2,Station 1.1: Bottom cover,35628.5,35628.5,35740.7,112.2,112.2,0.0,0
U1636,65,FUSE2,12,Station 4.1: Inspection,35612.2,35644.0,35761.6,117.6,117.6,31.8,0
U036,2,FUSE0,9,Station 3.3: Robot cell,35463.7,35656.4,35900.0,243.6,243.6,192.7,0
U037,2,FUSE0,7,Station 3.1: Robot cell,35398.9,35667.8,35911.4,243.6,243.6,268.9,0
U1633,65,FUSE2,14,Station 5.1: Top cover,35677.6,35677.8,35852.6,174.8,174.8,0.2,0
U045,2,FUSE1,5,Station 2.2: Drill station,35664.9,35678.3,35855.1,176.8,176.8,13.4,0
U1628,65,FUSE1,16,Station 6: Packaging,35679.2,35679.2,35795.2,116.0,116.0,0.0,0
U046,2,FUSE1,3,Station 2: Drill station,35678.9,35693.5,35870.3,176.8,176.8,14.6,0
U049,2,FUSE1,1,Station 1: Bottom cover,35705.7,35705.7,35817.9,112.2,112.2,0.0,0
U1627,65,FUSE1,17,Station 6.1: Packaging,35636.4,35713.2,35829.2,116.0,116.0,76.8,0
U1637,65,FUSE2,11,Station 4: Inspection,35741.8,35741.8,35859.4,117.6,117.6,0.0,0
U050,2,FUSE2,2,Station 1.1: Bottom cover,35744.5,35744.5,35856.7,112.2,112.2,0.0,0
U1638,65,FUSE2,12,Station 4.1: Inspection,35722.2,35761.6,35879.2,117.6,117.6,39.4,0
U047,2,FUSE1,4,Station 2.1: Drill station,35760.9,35774.3,35951.1,176.8,176.8,13.4,0
U1632,65,FUSE2,13,Station 5: Top cover,35775.0,35775.0,35949.8,174.8,174.8,0.0,0
U1635,65,FUSE2,15,Station 5.2: Top cover,35775.2,35792.2,35967.0,174.8,174.8,17.0,0
U1630,65,FUSE1,16,Station 6: Packaging,35756.8,35795.2,35911.2,116.0,116.0,38.4,0
U038,2,FUSE0,6,Station 3: Robot cell,35479.7,35796.8,36040.4,243.6,243.6,317.1,1
U051,2,FUSE2,1,Station 1: Bottom cover,35826.5,35826.5,35938.7,112.2,112.2,0.0,0
U1631,65,FUSE2,17,Station 6.1: Packaging,35834.0,35834.0,35950.0,116.0,116.0,0.0,0
U048,2,FUSE1,5,Station 2.2: Drill station,35839.7,35855.1,36031.9,176.8,176.8,15.4,0
U032,2,FUSE0,11,Station 4: Inspection,35755.4,35859.4,35977.0,117.6,117.6,104.0,0
U052,2,FUSE2,2,Station 1.1: Bottom cover,35860.5,35860.5,35972.7,112.2,112.2,0.0,0
U039,2,FUSE0,10,Station 3.4: Robot cell,35660.5,35866.4,36110.0,243.6,243.6,205.9,0
U040,2,FUSE0,8,Station 3.2: Robot cell,35595.7,35866.8,36110.4,243.6,243.6,271.1,1
U049,2,FUSE1,3,Station 2: Drill station,35856.9,35870.3,36047.1,176.8,176.8,13.4,0
U1636,65,FUSE2,14,Station 5.1: Top cover,35872.6,35872.6,36047.4,174.8,174.8,0.0,0
U1639,65,FUSE2,12,Station 4.1: Inspection,35746.8,35879.2,35996.8,117.6,117.6,132.4,1
U041,2,FUSE1,9,Station 3.3: Robot cell,35716.5,35900.0,36205.6,305.6,305.6,183.5,0
U1634,65,FUSE2,16,Station 6: Packaging,35851.2,35911.2,36027.2,116.0,116.0,60.0,0
U042,2,FUSE1,7,Station 3.1: Robot cell,35777.3,35911.4,36217.0,305.6,305.6,134.1,0
U053,2,FUSE2,1,Station 1: Bottom cover,35942.5,35942.5,36054.7,112.2,112.2,0.0,0
U1633,65,FUSE2,17,Station 6.1: Packaging,35911.6,35950.0,36066.0,116.0,116.0,38.4,0
U050,2,FUSE2,4,Station 2.1: Drill station,35935.7,35951.1,36127.9,176.8,176.8,15.4,0
U1637,65,FUSE2,15,Station 5.2: Top cover,35970.4,35970.4,36145.2,174.8,174.8,0.0,0
U033,2,FUSE0,11,Station 4: Inspection,35835.8,35977.0,36094.6,117.6,117.6,141.2,1
U054,2,FUSE2,2,Station 1.1: Bottom cover,35981.3,35981.3,36093.5,112.2,112.2,0.0,0
U034,2,FUSE0,12,Station 4.1: Inspection,36005.4,36005.4,36123.0,117.6,117.6,0.0,0
U1638,65,FUSE2,13,Station 5: Top cover,36010.2,36010.2,36185.0,174.8,174.8,0.0,0
U051,2,FUSE2,5,Station 2.2: Drill station,36017.7,36031.9,36208.7,176.8,176.8,14.2,0
U043,2,FUSE1,6,Station 3: Robot cell,35732.5,36040.4,36346.0,305.6,305.6,307.9,1
U052,2,FUSE2,3,Station 2: Drill station,36031.7,36047.1,36223.9,176.8,176.8,15.4,0
U1632,65,FUSE2,16,Station 6: Packaging,36048.8,36048.8,36164.8,116.0,116.0,0.0,0
U055,2,FUSE2,1,Station 1: Bottom cover,36058.5,36058.5,36170.7,112.2,112.2,0.0,0
U1635,65,FUSE2,17,Station 6.1: Packaging,36006.0,36066.0,36182.0,116.0,116.0,60.0,0
U035,2,FUSE0,11,Station 4: Inspection,35945.8,36094.6,36212.2,117.6,117.6,148.8,1
U056,2,FUSE2,2,Station 1.1: Bottom cover,36097.3,36097.3,36209.5,112.2,112.2,0.0,0
U032,2,FUSE0,14,Station 5.1: Top cover,36108.0,36108.0,36282.8,174.8,174.8,0.0,0
U044,2,FUSE1,10,Station 3.4: Robot cell,35913.3,36110.0,36415.6,305.6,305.6,196.7,0
U045,2,FUSE1,8,Station 3.2: Robot cell,35974.1,36110.4,36416.0,305.6,305.6,136.3,0
U036,2,FUSE0,12,Station 4.1: Inspection,36019.0,36123.0,36240.6,117.6,117.6,104.0,0
U053,2,FUSE2,4,Station 2.1: Drill station,36113.7,36127.9,36304.7,176.8,176.8,14.2,0
U1639,65,FUSE2,15,Station 5.2: Top cover,36087.8,36145.2,36320.0,174.8,174.8,57.4,0
U1636,65,FUSE2,16,Station 6: Packaging,36126.4,36164.8,36280.8,116.0,116.0,38.4,0
U1637,65,FUSE2,17,Station 6.1: Packaging,36184.2,36184.2,36300.2,116.0,116.0,0.0,0
U057,2,FUSE2,1,Station 1: Bottom cover,36196.1,36196.1,36308.3,112.2,112.2,0.0,0
U046,2,FUSE1,9,Station 3.3: Robot cell,35969.3,36205.6,36511.2,305.6,305.6,236.3,0
U054,2,FUSE2,5,Station 2.2: Drill station,36192.5,36208.7,36385.5,176.8,176.8,16.2,0
U037,2,FUSE0,11,Station 4: Inspection,35970.4,36212.2,36329.8,117.6,117.6,241.8,2
U058,2,FUSE2,2,Station 1.1: Bottom cover,36213.3,36213.3,36325.5,112.2,112.2,0.0,0
U047,2,FUSE1,7,Station 3.1: Robot cell,36030.1,36217.0,36522.6,305.6,305.6,186.9,0
U055,2,FUSE2,3,Station 2: Drill station,36209.7,36223.9,36400.7,176.8,176.8,14.2,0
U038,2,FUSE0,12,Station 4.1: Inspection,36099.4,36240.6,36358.2,117.6,117.6,141.2,1
U033,2,FUSE0,13,Station 5: Top cover,36245.6,36245.6,36420.4,174.8,174.8,0.0,0
U034,2,FUSE0,14,Station 5.1: Top cover,36234.0,36282.8,36457.6,174.8,174.8,48.8,0
U1638,65,FUSE2,16,Station 6: Packaging,36284.0,36284.0,36400.0,116.0,116.0,0.0,0
U056,2,FUSE2,4,Station 2.1: Drill station,36288.5,36304.7,36481.5,176.8,176.8,16.2,0
U6629,266,FUSE0,1,Station 1: Bottom cover,36312.1,36312.1,36424.3,112.2,112.2,0.0,0
U035,2,FUSE0,15,Station 5.2: Top cover,36323.2,36323.2,36498.0,174.8,174.8,0.0,0
U039,2,FUSE0,11,Station 4: Inspection,36229.0,36329.8,36447.4,117.6,117.6,100.8,0
U6630,266,FUSE0,2,Station 1.1: Bottom cover,36331.5,36331.5,36443.7,112.2,112.2,0.0,0
U032,2,FUSE0,17,Station 6.1: Packaging,36341.8,36341.8,36457.8,116.0,116.0,0.0,0
U048,2,FUSE1,6,Station 3: Robot cell,36110.9,36346.0,36651.6,305.6,305.6,235.1,0
U040,2,FUSE0,12,Station 4.1: Inspection,36209.4,36358.2,36475.8,117.6,117.6,148.8,1
U057,2,FUSE2,5,Station 2.2: Drill station,36387.3,36387.3,36564.1,176.8,176.8,0.0,0
U1639,65,FUSE2,16,Station 6: Packaging,36379.0,36400.0,36516.0,116.0,116.0,21.0,0
U058,2,FUSE2,3,Station 2: Drill station,36384.5,36400.7,36577.5,176.8,176.8,16.2,0
U049,2,FUSE1,10,Station 3.4: Robot cell,36166.1,36415.6,36721.2,305.6,305.6,249.5,0
U050,2,FUSE2,8,Station 3.2: Robot cell,36226.9,36416.0,36754.0,338.0,338.0,189.1,0
U036,2,FUSE0,13,Station 5: Top cover,36371.6,36420.4,36595.2,174.8,174.8,48.8,0
U6631,266,FUSE0,1,Station 1: Bottom cover,36431.3,36431.3,36543.5,112.2,112.2,0.0,0
U041,2,FUSE1,11,Station 4: Inspection,36304.6,36447.4,36565.0,117.6,117.6,142.8,1
U037,2,FUSE0,14,Station 5.1: Top cover,36460.8,36460.8,36635.6,174.8,174.8,0.0,0
U042,2,FUSE1,12,Station 4.1: Inspection,36296.0,36475.8,36593.4,117.6,117.6,179.8,1
U6629,266,FUSE0,4,Station 2.1: Drill station,36483.3,36483.3,36660.1,176.8,176.8,0.0,0
U6632,266,FUSE0,2,Station 1.1: Bottom cover,36489.1,36489.1,36601.3,112.2,112.2,0.0,0
U038,2,FUSE0,15,Station 5.2: Top cover,36449.2,36498.0,36672.8,174.8,174.8,48.8,0
U033,2,FUSE0,17,Station 6.1: Packaging,36499.4,36499.4,36615.4,116.0,116.0,0.0,0
U051,2,FUSE2,9,Station 3.3: Robot cell,36347.7,36511.2,36849.2,338.0,338.0,163.5,0
U052,2,FUSE2,7,Station 3.1: Robot cell,36282.9,36522.6,36860.6,338.0,338.0,239.7,0
U034,2,FUSE0,16,Station 6: Packaging,36536.6,36536.6,36652.6,116.0,116.0,0.0,0
U6633,266,FUSE0,1,Station 1: Bottom cover,36547.3,36547.3,36659.5,112.2,112.2,0.0,0
U6630,266,FUSE0,5,Station 2.2: Drill station,36542.7,36564.1,36740.9,176.8,176.8,21.4,0
U043,2,FUSE1,11,Station 4: Inspection,36385.0,36565.0,36682.6,117.6,117.6,180.0,1
U6631,266,FUSE0,3,Station 2: Drill station,36582.5,36582.5,36759.3,176.8,176.8,0.0,0
U044,2,FUSE1,12,Station 4.1: Inspection,36554.6,36593.4,36711.0,117.6,117.6,38.8,0
U039,2,FUSE0,13,Station 5: Top cover,36598.4,36598.4,36773.2,174.8,174.8,0.0,0
U035,2,FUSE0,17,Station 6.1: Packaging,36537.0,36615.4,36731.4,116.0,116.0,78.4,0
U040,2,FUSE0,14,Station 5.1: Top cover,36586.8,36635.6,36810.4,174.8,174.8,48.8,0
U6634,266,FUSE0,2,Station 1.1: Bottom cover,36646.7,36646.7,36758.9,112.2,112.2,0.0,0
U053,2,FUSE2,6,Station 3: Robot cell,36363.7,36651.6,36989.6,338.0,338.0,287.9,0
U041,2,FUSE1,15,Station 5.2: Top cover,36676.0,36676.0,36850.8,174.8,174.8,0.0,0
U6632,266,FUSE0,4,Station 2.1: Drill station,36680.3,36680.3,36857.1,176.8,176.8,0.0,0
U045,2,FUSE1,11,Station 4: Inspection,36495.0,36682.6,36800.2,117.6,117.6,187.6,1
U6635,266,FUSE0,1,Station 1: Bottom cover,36683.9,36683.9,36796.1,112.2,112.2,0.0,0
U036,2,FUSE0,16,Station 6: Packaging,36694.2,36694.2,36810.2,116.0,116.0,0.0,0
U046,2,FUSE1,12,Station 4.1: Inspection,36630.2,36711.0,36828.6,117.6,117.6,80.8,0
U054,2,FUSE2,10,Station 3.4: Robot cell,36544.5,36721.2,37059.2,338.0,338.0,176.7,0
U037,2,FUSE0,17,Station 6.1: Packaging,36694.6,36731.4,36847.4,116.0,116.0,36.8,0
U6633,266,FUSE0,5,Station 2.2: Drill station,36738.5,36740.9,36917.7,176.8,176.8,2.4,0
U055,2,FUSE2,8,Station 3.2: Robot cell,36479.7,36754.0,37092.0,338.0,338.0,274.3,0
U6636,266,FUSE1,2,Station 1.1: Bottom cover,36762.7,36762.7,36874.9,112.2,112.2,0.0,0
U042,2,FUSE1,13,Station 5: Top cover,36724.4,36773.2,36948.0,174.8,174.8,48.8,0
U047,2,FUSE1,11,Station 4: Inspection,36581.6,36800.2,36917.8,117.6,117.6,218.6,1
U038,2,FUSE0,16,Station 6: Packaging,36731.8,36810.2,36926.2,116.0,116.0,78.4,0
U043,2,FUSE1,14,Station 5.1: Top cover,36813.6,36813.6,36988.4,174.8,174.8,0.0,0
U6634,266,FUSE0,3,Station 2: Drill station,36817.9,36817.9,36994.7,176.8,176.8,0.0,0
U048,2,FUSE1,12,Station 4.1: Inspection,36710.6,36828.6,36946.2,117.6,117.6,118.0,1
U6637,266,FUSE1,1,Station 1: Bottom cover,36841.5,36841.5,36953.7,112.2,112.2,0.0,0
U056,2,FUSE2,9,Station 3.3: Robot cell,36600.5,36849.2,37187.2,338.0,338.0,248.7,0
U044,2,FUSE1,15,Station 5.2: Top cover,36802.0,36850.8,37025.6,174.8,174.8,48.8,0
U039,2,FUSE0,17,Station 6.1: Packaging,36852.2,36852.2,36968.2,116.0,116.0,0.0,0
U6635,266,FUSE0,4,Station 2.1: Drill station,36855.1,36857.1,37033.9,176.8,176.8,2.0,0
U057,2,FUSE2,7,Station 3.1: Robot cell,36663.1,36860.6,37198.6,338.0,338.0,197.5,0
U6638,266,FUSE1,2,Station 1.1: Bottom cover,36878.7,36878.7,36990.9,112.2,112.2,0.0,0
U049,2,FUSE1,11,Station 4: Inspection,36840.2,36917.8,37035.4,117.6,117.6,77.6,0
U040,2,FUSE0,16,Station 6: Packaging,36889.4,36926.2,37042.2,116.0,116.0,36.8,0
U050,2,FUSE2,12,Station 4.1: Inspection,36853.0,36946.2,37063.8,117.6,117.6,93.2,0
U045,2,FUSE1,13,Station 5: Top cover,36951.2,36951.2,37126.0,174.8,174.8,0.0,0
U6639,266,FUSE1,1,Station 1: Bottom cover,36957.5,36957.5,37069.7,112.2,112.2,0.0,0
U041,2,FUSE1,17,Station 6.1: Packaging,36889.8,36968.2,37084.2,116.0,116.0,78.4,0
U6636,266,FUSE1,5,Station 2.2: Drill station,36973.9,36973.9,37150.7,176.8,176.8,0.0,0
U046,2,FUSE1,14,Station 5.1: Top cover,36939.6,36988.4,37163.2,174.8,174.8,48.8,0
U058,2,FUSE2,6,Station 3: Robot cell,36616.5,36989.6,37327.6,338.0,338.0,373.1,1
U6637,266,FUSE1,3,Station 2: Drill station,36992.7,36994.7,37171.5,176.8,176.8,2.0,0
U6640,266,FUSE1,2,Station 1.1: Bottom cover,36999.5,36999.5,37111.7,112.2,112.2,0.0,0
U047,2,FUSE1,15,Station 5.2: Top cover,37028.8,37028.8,37203.6,174.8,174.8,0.0,0
U051,2,FUSE2,11,Station 4: Inspection,36948.2,37035.4,37153.0,117.6,117.6,87.2,0
U042,2,FUSE1,16,Station 6: Packaging,37047.0,37047.0,37163.0,116.0,116.0,0.0,0
U6629,266,FUSE0,10,Station 3.4: Robot cell,36799.1,37059.2,37302.8,243.6,243.6,260.1,0
U052,2,FUSE2,12,Station 4.1: Inspection,36939.6,37063.8,37181.4,117.6,117.6,124.2,1
U6638,266,FUSE1,4,Station 2.1: Drill station,37069.9,37069.9,37246.7,176.8,176.8,0.0,0
U6641,266,FUSE1,1,Station 1: Bottom cover,37073.5,37073.5,37185.7,112.2,112.2,0.0,0
U043,2,FUSE1,17,Station 6.1: Packaging,37047.4,37084.2,37200.2,116.0,116.0,36.8,0
U6630,266,FUSE0,8,Station 3.2: Robot cell,36859.9,37092.0,37335.6,243.6,243.6,232.1,0
U6642,266,FUSE1,2,Station 1.1: Bottom cover,37115.5,37115.5,37227.7,112.2,112.2,0.0,0
U048,2,FUSE1,13,Station 5: Top cover,37077.2,37126.0,37300.8,174.8,174.8,48.8,0
U6639,266,FUSE1,5,Station 2.2: Drill station,37148.7,37150.7,37327.5,176.8,176.8,2.0,0
U053,2,FUSE2,11,Station 4: Inspection,37028.6,37153.0,37270.6,117.6,117.6,124.4,1
U044,2,FUSE1,16,Station 6: Packaging,37084.6,37163.0,37279.0,116.0,116.0,78.4,0
U049,2,FUSE1,14,Station 5.1: Top cover,37166.4,37166.4,37341.2,174.8,174.8,0.0,0
U6640,266,FUSE1,3,Station 2: Drill station,37170.7,37171.5,37348.3,176.8,176.8,0.8,0
U6631,266,FUSE0,9,Station 3.3: Robot cell,36858.3,37187.2,37430.8,243.6,243.6,328.9,0
U6643,266,FUSE2,1,Station 1: Bottom cover,37194.3,37194.3,37306.5,112.2,112.2,0.0,0
U054,2,FUSE2,12,Station 4.1: Inspection,37198.2,37198.2,37315.8,117.6,117.6,0.0,0
U6632,266,FUSE0,7,Station 3.1: Robot cell,36936.1,37198.6,37442.2,243.6,243.6,262.5,0
U050,2,FUSE2,15,Station 5.2: Top cover,37154.8,37203.6,37378.4,174.8,174.8,48.8,0
U045,2,FUSE1,17,Station 6.1: Packaging,37205.0,37205.0,37321.0,116.0,116.0,0.0,0
U6644,266,FUSE2,2,Station 1.1: Bottom cover,37231.5,37231.5,37343.7,112.2,112.2,0.0,0
U6641,266,FUSE1,4,Station 2.1: Drill station,37244.7,37246.7,37423.5,176.8,176.8,2.0,0
U055,2,FUSE2,11,Station 4: Inspection,37171.0,37270.6,37388.2,117.6,117.6,99.6,0
U046,2,FUSE1,16,Station 6: Packaging,37242.2,37279.0,37395.0,116.0,116.0,36.8,0
U6633,266,FUSE0,10,Station 3.4: Robot cell,37076.7,37302.8,37546.4,243.6,243.6,226.1,0
U051,2,FUSE2,13,Station 5: Top cover,37304.0,37304.0,37478.8,174.8,174.8,0.0,0
U6645,266,FUSE2,1,Station 1: Bottom cover,37310.3,37310.3,37422.5,112.2,112.2,0.0,0
U056,2,FUSE2,12,Station 4.1: Inspection,37306.2,37315.8,37433.4,117.6,117.6,9.6,0
U047,2,FUSE1,17,Station 6.1: Packaging,37242.6,37321.0,37437.0,116.0,116.0,78.4,0
U6642,266,FUSE1,5,Station 2.2: Drill station,37326.7,37327.5,37504.3,176.8,176.8,0.8,0
U6634,266,FUSE0,6,Station 3: Robot cell,37033.7,37327.6,37571.2,243.6,243.6,293.9,0
U6635,266,FUSE0,8,Station 3.2: Robot cell,37132.9,37335.6,37579.2,243.6,243.6,202.7,0
U052,2,FUSE2,14,Station 5.1: Top cover,37292.4,37341.2,37516.0,174.8,174.8,48.8,0
U6643,266,FUSE2,3,Station 2: Drill station,37345.5,37348.3,37525.1,176.8,176.8,2.8,0
U6646,266,FUSE2,2,Station 1.1: Bottom cover,37352.3,37352.3,37464.5,112.2,112.2,0.0,0
U053,2,FUSE2,15,Station 5.2: Top cover,37381.6,37381.6,37556.4,174.8,174.8,0.0,0
U057,2,FUSE2,11,Station 4: Inspection,37257.6,37388.2,37505.8,117.6,117.6,130.6,1
U048,2,FUSE1,16,Station 6: Packaging,37399.8,37399.8,37515.8,116.0,116.0,0.0,0
U6644,266,FUSE2,4,Station 2.1: Drill station,37422.7,37423.5,37600.3,176.8,176.8,0.8,0
U6647,266,FUSE2,1,Station 1: Bottom cover,37426.3,37426.3,37538.5,112.2,112.2,0.0,0
U6636,266,FUSE1,9,Station 3.3: Robot cell,37289.7,37430.8,37736.4,305.6,305.6,141.1,0
U6630,266,FUSE0,12,Station 4.1: Inspection,37434.6,37434.6,37552.2,117.6,117.6,0.0,0
U049,2,FUSE1,17,Station 6.1: Packaging,37400.2,37437.0,37553.0,116.0,116.0,36.8,0
U6637,266,FUSE1,7,Station 3.1: Robot cell,37230.5,37442.2,37747.8,305.6,305.6,211.7,0
U6648,266,FUSE2,2,Station 1.1: Bottom cover,37468.3,37468.3,37580.5,112.2,112.2,0.0,0
U054,2,FUSE2,13,Station 5: Top cover,37446.8,37478.8,37653.6,174.8,174.8,32.0,0
U6645,266,FUSE2,5,Station 2.2: Drill station,37501.5,37504.3,37681.1,176.8,176.8,2.8,0
U058,2,FUSE2,11,Station 4: Inspection,37366.6,37505.8,37623.4,117.6,117.6,139.2,1
U050,2,FUSE2,16,Station 6: Packaging,37437.4,37515.8,37631.8,116.0,116.0,78.4,0
U055,2,FUSE2,14,Station 5.1: Top cover,37519.2,37519.2,37694.0,174.8,174.8,0.0,0
U6646,266,FUSE2,3,Station 2: Drill station,37523.5,37525.1,37701.9,176.8,176.8,1.6,0
U6638,266,FUSE1,10,Station 3.4: Robot cell,37385.7,37546.4,37852.0,305.6,305.6,160.7,0
U6649,266,FUSE2,1,Station 1: Bottom cover,37547.1,37547.1,37659.3,112.2,112.2,0.0,0
U6629,266,FUSE0,12,Station 4.1: Inspection,37441.8,37552.2,37669.8,117.6,117.6,110.4,0
U056,2,FUSE2,15,Station 5.2: Top cover,37524.4,37556.4,37731.2,174.8,174.8,32.0,0
U051,2,FUSE2,17,Station 6.1: Packaging,37557.8,37557.8,37673.8,116.0,116.0,0.0,0
U6639,266,FUSE1,6,Station 3: Robot cell,37406.5,37571.2,37876.8,305.6,305.6,164.7,0
U6640,266,FUSE1,8,Station 3.2: Robot cell,37427.3,37579.2,37884.8,305.6,305.6,151.9,0
U6026,241,FUSE0,2,Station 1.1: Bottom cover,37584.3,37584.3,37696.5,112.2,112.2,0.0,0
U6647,266,FUSE2,4,Station 2.1: Drill station,37597.5,37600.3,37777.1,176.8,176.8,2.8,0
U6631,266,FUSE0,11,Station 4: Inspection,37529.8,37623.4,37741.0,117.6,117.6,93.6,0
U052,2,FUSE2,16,Station 6: Packaging,37595.0,37631.8,37747.8,116.0,116.0,36.8,0
U057,2,FUSE2,13,Station 5: Top cover,37656.8,37656.8,37831.6,174.8,174.8,0.0,0
U6027,241,FUSE0,1,Station 1: Bottom cover,37663.1,37663.1,37775.3,112.2,112.2,0.0,0
U6632,266,FUSE0,12,Station 4.1: Inspection,37521.2,37669.8,37787.4,117.6,117.6,148.6,1
U053,2,FUSE2,17,Station 6.1: Packaging,37595.4,37673.8,37789.8,116.0,116.0,78.4,0
U6648,266,FUSE2,5,Station 2.2: Drill station,37679.5,37681.1,37857.9,176.8,176.8,1.6,0
U6630,266,FUSE0,14,Station 5.1: Top cover,37663.2,37694.0,37868.8,174.8,174.8,30.8,0
U6649,266,FUSE2,3,Station 2: Drill station,37698.3,37701.9,37878.7,176.8,176.8,3.6,0
U6028,241,FUSE0,2,Station 1.1: Bottom cover,37705.1,37705.1,37817.3,112.2,112.2,0.0,0
U058,2,FUSE2,15,Station 5.2: Top cover,37734.4,37734.4,37909.2,174.8,174.8,0.0,0
U6641,266,FUSE1,9,Station 3.3: Robot cell,37542.5,37736.4,38042.0,305.6,305.6,193.9,0
U6635,266,FUSE0,11,Station 4: Inspection,37658.2,37741.0,37858.6,117.6,117.6,82.8,0
U6642,266,FUSE1,7,Station 3.1: Robot cell,37603.3,37747.8,38053.4,305.6,305.6,144.5,0
U054,2,FUSE2,16,Station 6: Packaging,37752.6,37752.6,37868.6,116.0,116.0,0.0,0
U6026,241,FUSE0,4,Station 2.1: Drill station,37775.5,37777.1,37953.9,176.8,176.8,1.6,0
U6029,241,FUSE0,1,Station 1: Bottom cover,37779.1,37779.1,37891.3,112.2,112.2,0.0,0
U6634,266,FUSE0,12,Station 4.1: Inspection,37630.2,37787.4,37905.0,117.6,117.6,157.2,1
U055,2,FUSE2,17,Station 6.1: Packaging,37753.0,37789.8,37905.8,116.0,116.0,36.8,0
U6030,241,FUSE0,2,Station 1.1: Bottom cover,37821.1,37821.1,37933.3,112.2,112.2,0.0,0
U6629,266,FUSE0,13,Station 5: Top cover,37800.8,37831.6,38006.4,174.8,174.8,30.8,0
U6643,266,FUSE2,10,Station 3.4: Robot cell,37644.1,37852.0,38190.0,338.0,338.0,207.9,0
U6027,241,FUSE0,5,Station 2.2: Drill station,37854.3,37857.9,38034.7,176.8,176.8,3.6,0
U6633,266,FUSE0,11,Station 4: Inspection,37665.4,37858.6,37976.2,117.6,117.6,193.2,1
U056,2,FUSE2,16,Station 6: Packaging,37790.2,37868.6,37984.6,116.0,116.0,78.4,0
U6631,266,FUSE0,14,Station 5.1: Top cover,37872.0,37872.0,38046.8,174.8,174.8,0.0,0
U6644,266,FUSE2,6,Station 3: Robot cell,37659.3,37876.8,38214.8,338.0,338.0,217.5,0
U6028,241,FUSE0,3,Station 2: Drill station,37876.3,37878.7,38055.5,176.8,176.8,2.4,0
U6645,266,FUSE2,8,Station 3.2: Robot cell,37800.1,37884.8,38222.8,338.0,338.0,84.7,0
U6031,241,FUSE0,1,Station 1: Bottom cover,37899.9,37899.9,38012.1,112.2,112.2,0.0,0
U6636,266,FUSE1,12,Station 4.1: Inspection,37855.4,37905.0,38022.6,117.6,117.6,49.6,0
U6632,266,FUSE0,15,Station 5.2: Top cover,37878.4,37909.2,38084.0,174.8,174.8,30.8,0
U057,2,FUSE2,17,Station 6.1: Packaging,37910.6,37910.6,38026.6,116.0,116.0,0.0,0
U6032,241,FUSE0,2,Station 1.1: Bottom cover,37937.1,37937.1,38049.3,112.2,112.2,0.0,0
U6029,241,FUSE0,4,Station 2.1: Drill station,37950.3,37953.9,38130.7,176.8,176.8,3.6,0
U6637,266,FUSE1,11,Station 4: Inspection,37806.8,37976.2,38093.8,117.6,117.6,169.4,1
U6630,266,FUSE0,16,Station 6: Packaging,37947.8,37984.6,38100.6,116.0,116.0,36.8,0
U6635,266,FUSE0,13,Station 5: Top cover,38009.6,38009.6,38184.4,174.8,174.8,0.0,0
U6033,241,FUSE0,1,Station 1: Bottom cover,38015.9,38015.9,38128.1,112.2,112.2,0.0,0
U6640,266,FUSE1,12,Station 4.1: Inspection,37983.8,38022.6,38140.2,117.6,117.6,38.8,0
U058,2,FUSE2,17,Station 6.1: Packaging,37948.2,38026.6,38142.6,116.0,116.0,78.4,0
U6030,241,FUSE0,5,Station 2.2: Drill station,38032.3,38034.7,38211.5,176.8,176.8,2.4,0
U6646,266,FUSE2,9,Station 3.3: Robot cell,37800.9,38042.0,38380.0,338.0,338.0,241.1,0
U6634,266,FUSE0,14,Station 5.1: Top cover,38016.0,38046.8,38221.6,174.8,174.8,30.8,0
U6647,266,FUSE2,7,Station 3.1: Robot cell,37856.1,38053.4,38391.4,338.0,338.0,197.3,0
U6031,241,FUSE0,3,Station 2: Drill station,38051.1,38055.5,38232.3,176.8,176.8,4.4,0
U6034,241,FUSE1,2,Station 1.1: Bottom cover,38057.9,38057.9,38170.1,112.2,112.2,0.0,0
U6633,266,FUSE0,15,Station 5.2: Top cover,38087.2,38087.2,38262.0,174.8,174.8,0.0,0
U6639,266,FUSE1,11,Station 4: Inspection,37915.8,38093.8,38211.4,117.6,117.6,178.0,1
U6629,266,FUSE0,16,Station 6: Packaging,38105.4,38105.4,38221.4,116.0,116.0,0.0,0
U6032,241,FUSE0,4,Station 2.1: Drill station,38128.3,38130.7,38307.5,176.8,176.8,2.4,0
U6035,241,FUSE1,1,Station 1: Bottom cover,38131.9,38131.9,38244.1,112.2,112.2,0.0,0
U6638,266,FUSE1,12,Station 4.1: Inspection,37991.0,38140.2,38257.8,117.6,117.6,149.2,1
U6631,266,FUSE0,17,Station 6.1: Packaging,38105.8,38142.6,38258.6,116.0,116.0,36.8,0
U6036,241,FUSE1,2,Station 1.1: Bottom cover,38173.9,38173.9,38286.1,112.2,112.2,0.0,0
U6636,266,FUSE1,13,Station 5: Top cover,38153.6,38184.4,38359.2,174.8,174.8,30.8,0
U6648,266,FUSE2,10,Station 3.4: Robot cell,38016.9,38190.0,38528.0,338.0,338.0,173.1,0
U6641,266,FUSE1,11,Station 4: Inspection,38141.0,38211.4,38329.0,117.6,117.6,70.4,0
U6033,241,FUSE0,5,Station 2.2: Drill station,38207.1,38211.5,38388.3,176.8,176.8,4.4,0
U6649,266,FUSE2,6,Station 3: Robot cell,37917.7,38214.8,38552.8,338.0,338.0,297.1,0
U6632,266,FUSE0,16,Station 6: Packaging,38143.0,38221.4,38337.4,116.0,116.0,78.4,0
U6026,241,FUSE0,8,Station 3.2: Robot cell,38052.9,38222.8,38466.4,243.6,243.6,169.9,0
U6637,266,FUSE1,14,Station 5.1: Top cover,38224.8,38224.8,38399.6,174.8,174.8,0.0,0
U6034,241,FUSE1,3,Station 2: Drill station,38229.1,38232.3,38409.1,176.8,176.8,3.2,0
U6037,241,FUSE1,1,Station 1: Bottom cover,38252.7,38252.7,38364.9,112.2,112.2,0.0,0
U6642,266,FUSE1,12,Station 4.1: Inspection,38132.4,38257.8,38375.4,117.6,117.6,125.4,1
U6640,266,FUSE1,15,Station 5.2: Top cover,38231.2,38262.0,38436.8,174.8,174.8,30.8,0
U6635,266,FUSE0,17,Station 6.1: Packaging,38263.4,38263.4,38379.4,116.0,116.0,0.0,0
U6038,241,FUSE1,2,Station 1.1: Bottom cover,38289.9,38289.9,38402.1,112.2,112.2,0.0,0
U6035,241,FUSE1,4,Station 2.1: Drill station,38303.1,38307.5,38484.3,176.8,176.8,4.4,0
U6645,266,FUSE2,11,Station 4: Inspection,38301.8,38329.0,38446.6,117.6,117.6,27.2,0
U6634,266,FUSE0,16,Station 6: Packaging,38300.6,38337.4,38453.4,116.0,116.0,36.8,0
U6639,266,FUSE1,13,Station 5: Top cover,38362.4,38362.4,38537.2,174.8,174.8,0.0,0
U6039,241,FUSE1,1,Station 1: Bottom cover,38368.7,38368.7,38480.9,112.2,112.2,0.0,0
U6644,266,FUSE2,12,Station 4.1: Inspection,38273.8,38375.4,38493.0,117.6,117.6,101.6,0
U6633,266,FUSE0,17,Station 6.1: Packaging,38301.0,38379.4,38495.4,116.0,116.0,78.4,0
U6027,241,FUSE0,9,Station 3.3: Robot cell,38173.7,38380.0,38623.6,243.6,243.6,206.3,0
U6036,241,FUSE1,5,Station 2.2: Drill station,38385.1,38388.3,38565.1,176.8,176.8,3.2,0
U6028,241,FUSE0,7,Station 3.1: Robot cell,38114.5,38391.4,38635.0,243.6,243.6,276.9,0
U6638,266,FUSE1,14,Station 5.1: Top cover,38368.8,38399.6,38574.4,174.8,174.8,30.8,0
U6037,241,FUSE1,3,Station 2: Drill station,38403.9,38409.1,38585.9,176.8,176.8,5.2,0
U6040,241,FUSE1,2,Station 1.1: Bottom cover,38410.7,38410.7,38522.9,112.2,112.2,0.0,0
U6641,266,FUSE1,15,Station 5.2: Top cover,38440.0,38440.0,38614.8,174.8,174.8,0.0,0
U6643,266,FUSE2,11,Station 4: Inspection,38309.0,38446.6,38564.2,117.6,117.6,137.6,1
U6636,266,FUSE1,16,Station 6: Packaging,38458.2,38458.2,38574.2,116.0,116.0,0.0,0
U6029,241,FUSE0,8,Station 3.2: Robot cell,38229.7,38466.4,38710.0,243.6,243.6,236.7,0
U6038,241,FUSE1,4,Station 2.1: Drill station,38481.1,38484.3,38661.1,176.8,176.8,3.2,0
U6041,241,FUSE1,1,Station 1: Bottom cover,38484.7,38484.7,38596.9,112.2,112.2,0.0,0
U6637,266,FUSE1,17,Station 6.1: Packaging,38458.6,38495.4,38611.4,116.0,116.0,36.8,0
U6646,266,FUSE2,12,Station 4.1: Inspection,38499.0,38499.0,38616.6,117.6,117.6,0.0,0
U6042,241,FUSE2,2,Station 1.1: Bottom cover,38526.7,38526.7,38638.9,112.2,112.2,0.0,0
U6030,241,FUSE0,10,Station 3.4: Robot cell,38370.5,38528.0,38771.6,243.6,243.6,157.5,0
U6642,266,FUSE1,13,Station 5: Top cover,38506.4,38537.2,38712.0,174.8,174.8,30.8,0
U6031,241,FUSE0,6,Station 3: Robot cell,38271.3,38552.8,38796.4,243.6,243.6,281.5,0
U6647,266,FUSE2,11,Station 4: Inspection,38450.4,38564.2,38681.8,117.6,117.6,113.8,0
U6039,241,FUSE1,5,Station 2.2: Drill station,38559.9,38565.1,38741.9,176.8,176.8,5.2,0
U6640,266,FUSE1,16,Station 6: Packaging,38495.8,38574.2,38690.2,116.0,116.0,78.4,0
U6645,266,FUSE2,14,Station 5.1: Top cover,38577.6,38577.6,38752.4,174.8,174.8,0.0,0
U6040,241,FUSE1,3,Station 2: Drill station,38581.9,38585.9,38762.7,176.8,176.8,4.0,0
U6043,241,FUSE2,1,Station 1: Bottom cover,38605.5,38605.5,38717.7,112.2,112.2,0.0,0
U6644,266,FUSE2,15,Station 5.2: Top cover,38584.0,38614.8,38789.6,174.8,174.8,30.8,0
U6639,266,FUSE1,17,Station 6.1: Packaging,38616.2,38616.2,38732.2,116.0,116.0,0.0,0
U6026,241,FUSE0,12,Station 4.1: Inspection,38565.4,38616.6,38734.2,117.6,117.6,51.2,0
U6032,241,FUSE0,9,Station 3.3: Robot cell,38426.5,38623.6,38867.2,243.6,243.6,197.1,0
U6033,241,FUSE0,7,Station 3.1: Robot cell,38487.3,38635.0,38878.6,243.6,243.6,147.7,0
U6044,241,FUSE2,2,Station 1.1: Bottom cover,38642.7,38642.7,38754.9,112.2,112.2,0.0,0
U6041,241,FUSE1,4,Station 2.1: Drill station,38655.9,38661.1,38837.9,176.8,176.8,5.2,0
U6648,266,FUSE2,11,Station 4: Inspection,38647.0,38681.8,38799.4,117.6,117.6,34.8,0
U6638,266,FUSE1,16,Station 6: Packaging,38653.4,38690.2,38806.2,116.0,116.0,36.8,0
U6034,241,FUSE1,8,Station 3.2: Robot cell,38488.1,38710.0,39015.6,305.6,305.6,221.9,0
U6643,266,FUSE2,13,Station 5: Top cover,38715.2,38715.2,38890.0,174.8,174.8,0.0,0
U6045,241,FUSE2,1,Station 1: Bottom cover,38721.5,38721.5,38833.7,112.2,112.2,0.0,0
U6641,266,FUSE1,17,Station 6.1: Packaging,38653.8,38732.2,38848.2,116.0,116.0,78.4,0
U6649,266,FUSE2,12,Station 4.1: Inspection,38611.8,38734.2,38851.8,117.6,117.6,122.4,1
U6042,241,FUSE2,5,Station 2.2: Drill station,38737.9,38741.9,38918.7,176.8,176.8,4.0,0
U6646,266,FUSE2,14,Station 5.1: Top cover,38727.6,38752.4,38927.2,174.8,174.8,24.8,0
U6043,241,FUSE2,3,Station 2: Drill station,38756.7,38762.7,38939.5,176.8,176.8,6.0,0
U6046,241,FUSE2,2,Station 1.1: Bottom cover,38763.5,38763.5,38875.7,112.2,112.2,0.0,0
U6035,241,FUSE1,10,Station 3.4: Robot cell,38623.3,38771.6,39077.2,305.6,305.6,148.3,0
U6647,266,FUSE2,15,Station 5.2: Top cover,38792.8,38792.8,38967.6,174.8,174.8,0.0,0
U6036,241,FUSE1,6,Station 3: Robot cell,38644.1,38796.4,39102.0,305.6,305.6,152.3,0
U6027,241,FUSE0,11,Station 4: Inspection,38722.6,38799.4,38917.0,117.6,117.6,76.8,0
U6642,266,FUSE1,16,Station 6: Packaging,38811.0,38811.0,38927.0,116.0,116.0,0.0,0
U6047,241,FUSE2,1,Station 1: Bottom cover,38837.5,38837.5,38949.7,112.2,112.2,0.0,0
U6044,241,FUSE2,4,Station 2.1: Drill station,38833.9,38837.9,39014.7,176.8,176.8,4.0,0
U6645,266,FUSE2,17,Station 6.1: Packaging,38811.4,38848.2,38964.2,116.0,116.0,36.8,0
U6028,241,FUSE0,12,Station 4.1: Inspection,38714.0,38851.8,38969.4,117.6,117.6,137.8,1
U6037,241,FUSE1,9,Station 3.3: Robot cell,38684.9,38867.2,39172.8,305.6,305.6,182.3,0
U6038,241,FUSE1,7,Station 3.1: Robot cell,38740.1,38878.6,39184.2,305.6,305.6,138.5,0
U6048,241,FUSE2,2,Station 1.1: Bottom cover,38879.5,38879.5,38991.7,112.2,112.2,0.0,0
U6026,241,FUSE0,13,Station 5: Top cover,38865.2,38890.0,39064.8,174.8,174.8,24.8,0
U6029,241,FUSE0,11,Station 4: Inspection,38789.0,38917.0,39034.6,117.6,117.6,128.0,1
U6045,241,FUSE2,5,Station 2.2: Drill station,38912.7,38918.7,39095.5,176.8,176.8,6.0,0
U6644,266,FUSE2,16,Station 6: Packaging,38848.6,38927.0,39043.0,116.0,116.0,78.4,0
U6648,266,FUSE2,14,Station 5.1: Top cover,38930.4,38930.4,39105.2,174.8,174.8,0.0,0
U6046,241,FUSE2,3,Station 2: Drill station,38934.7,38939.5,39116.3,176.8,176.8,4.8,0
U6049,241,FUSE2,1,Station 1: Bottom cover,38958.3,38958.3,39070.5,112.2,112.2,0.0,0
U6649,266,FUSE2,15,Station 5.2: Top cover,38942.8,38967.6,39142.4,174.8,174.8,24.8,0
U6643,266,FUSE2,17,Station 6.1: Packaging,38969.0,38969.0,39085.0,116.0,116.0,0.0,0
U6030,241,FUSE0,12,Station 4.1: Inspection,38910.6,38969.4,39087.0,117.6,117.6,58.8,0
U3482,141,FUSE0,2,Station 1.1: Bottom cover,38995.5,38995.5,39107.7,112.2,112.2,0.0,0
U6047,241,FUSE2,4,Station 2.1: Drill station,39008.7,39014.7,39191.5,176.8,176.8,6.0,0
U6039,241,FUSE1,8,Station 3.2: Robot cell,38860.9,39015.6,39321.2,305.6,305.6,154.7,0
U6031,241,FUSE0,11,Station 4: Inspection,38835.4,39034.6,39152.2,117.6,117.6,199.2,1
U6646,266,FUSE2,16,Station 6: Packaging,39006.2,39043.0,39159.0,116.0,116.0,36.8,0
U6027,241,FUSE0,13,Station 5: Top cover,39068.0,39068.0,39242.8,174.8,174.8,0.0,0
U3483,141,FUSE0,1,Station 1: Bottom cover,39074.3,39074.3,39186.5,112.2,112.2,0.0,0
U6040,241,FUSE1,10,Station 3.4: Robot cell,38881.7,39077.2,39382.8,305.6,305.6,195.5,0
U6647,266,FUSE2,17,Station 6.1: Packaging,39006.6,39085.0,39201.0,116.0,116.0,78.4,0
U6032,241,FUSE0,12,Station 4.1: Inspection,38986.2,39087.0,39204.6,117.6,117.6,100.8,0
U6048,241,FUSE2,5,Station 2.2: Drill station,39090.7,39095.5,39272.3,176.8,176.8,4.8,0
U6041,241,FUSE1,6,Station 3: Robot cell,38896.9,39102.0,39407.6,305.6,305.6,205.1,0
U6028,241,FUSE0,14,Station 5.1: Top cover,39080.4,39105.2,39280.0,174.8,174.8,24.8,0
U3484,141,FUSE0,2,Station 1.1: Bottom cover,39116.3,39116.3,39228.5,112.2,112.2,0.0,0
U6049,241,FUSE2,3,Station 2: Drill station,39109.5,39116.3,39293.1,176.8,176.8,6.8,0
U6029,241,FUSE0,15,Station 5.2: Top cover,39145.6,39145.6,39320.4,174.8,174.8,0.0,0
U6033,241,FUSE0,11,Station 4: Inspection,38937.6,39152.2,39269.8,117.6,117.6,214.6,1
U6026,241,FUSE0,16,Station 6: Packaging,39163.8,39163.8,39279.8,116.0,116.0,0.0,0
U6042,241,FUSE2,9,Station 3.3: Robot cell,39057.7,39172.8,39510.8,338.0,338.0,115.1,0
U6043,241,FUSE2,7,Station 3.1: Robot cell,38998.5,39184.2,39522.2,338.0,338.0,185.7,0
U3485,141,FUSE0,1,Station 1: Bottom cover,39190.3,39190.3,39302.5,112.2,112.2,0.0,0
U3482,141,FUSE0,4,Station 2.1: Drill station,39186.7,39191.5,39368.3,176.8,176.8,4.8,0
U6648,266,FUSE2,17,Station 6.1: Packaging,39164.2,39201.0,39317.0,116.0,116.0,36.8,0
U6034,241,FUSE1,12,Station 4.1: Inspection,39114.6,39204.6,39322.2,117.6,117.6,90.0,0
U3486,141,FUSE0,2,Station 1.1: Bottom cover,39232.3,39232.3,39344.5,112.2,112.2,0.0,0
U6030,241,FUSE0,13,Station 5: Top cover,39218.0,39242.8,39417.6,174.8,174.8,24.8,0
U6035,241,FUSE1,11,Station 4: Inspection,39196.2,39269.8,39387.4,117.6,117.6,73.6,0
U3483,141,FUSE0,5,Station 2.2: Drill station,39265.5,39272.3,39449.1,176.8,176.8,6.8,0
U6649,266,FUSE2,16,Station 6: Packaging,39201.4,39279.8,39395.8,116.0,116.0,78.4,0
U6031,241,FUSE0,14,Station 5.1: Top cover,39283.2,39283.2,39458.0,174.8,174.8,0.0,0
U3484,141,FUSE0,3,Station 2: Drill station,39287.5,39293.1,39469.9,176.8,176.8,5.6,0
U3487,141,FUSE0,1,Station 1: Bottom cover,39311.1,39311.1,39423.3,112.2,112.2,0.0,0
U6032,241,FUSE0,15,Station 5.2: Top cover,39295.6,39320.4,39495.2,174.8,174.8,24.8,0
U6044,241,FUSE2,8,Station 3.2: Robot cell,39113.7,39321.2,39659.2,338.0,338.0,207.5,0
U6027,241,FUSE0,17,Station 6.1: Packaging,39321.8,39321.8,39437.8,116.0,116.0,0.0,0
U6036,241,FUSE1,12,Station 4.1: Inspection,39161.0,39322.2,39439.8,117.6,117.6,161.2,1
U3488,141,FUSE0,2,Station 1.1: Bottom cover,39348.3,39348.3,39460.5,112.2,112.2,0.0,0
U3485,141,FUSE0,4,Station 2.1: Drill station,39361.5,39368.3,39545.1,176.8,176.8,6.8,0
U6045,241,FUSE2,10,Station 3.4: Robot cell,39254.5,39382.8,39720.8,338.0,338.0,128.3,0
U6037,241,FUSE1,11,Station 4: Inspection,39271.8,39387.4,39505.0,117.6,117.6,115.6,0
U6028,241,FUSE0,16,Station 6: Packaging,39359.0,39395.8,39511.8,116.0,116.0,36.8,0
U6046,241,FUSE2,6,Station 3: Robot cell,39155.3,39407.6,39745.6,338.0,338.0,252.3,0
U6033,241,FUSE0,13,Station 5: Top cover,39420.8,39420.8,39595.6,174.8,174.8,0.0,0
U3489,141,FUSE0,1,Station 1: Bottom cover,39427.1,39427.1,39539.3,112.2,112.2,0.0,0
U6029,241,FUSE0,17,Station 6.1: Packaging,39359.4,39437.8,39553.8,116.0,116.0,78.4,0
U6038,241,FUSE1,12,Station 4.1: Inspection,39263.2,39439.8,39557.4,117.6,117.6,176.6,1
U3486,141,FUSE0,5,Station 2.2: Drill station,39443.5,39449.1,39625.9,176.8,176.8,5.6,0
U6034,241,FUSE1,14,Station 5.1: Top cover,39433.2,39458.0,39632.8,174.8,174.8,24.8,0
U3490,141,FUSE1,2,Station 1.1: Bottom cover,39469.1,39469.1,39581.3,112.2,112.2,0.0,0
U3487,141,FUSE0,3,Station 2: Drill station,39462.3,39469.9,39646.7,176.8,176.8,7.6,0
U6035,241,FUSE1,15,Station 5.2: Top cover,39498.4,39498.4,39673.2,174.8,174.8,0.0,0
U6039,241,FUSE1,11,Station 4: Inspection,39400.2,39505.0,39622.6,117.6,117.6,104.8,0
U6047,241,FUSE2,9,Station 3.3: Robot cell,39310.5,39510.8,39848.8,338.0,338.0,200.3,0
U6030,241,FUSE0,16,Station 6: Packaging,39516.6,39516.6,39632.6,116.0,116.0,0.0,0
U6048,241,FUSE2,7,Station 3.1: Robot cell,39371.3,39522.2,39860.2,338.0,338.0,150.9,0
U3491,141,FUSE1,1,Station 1: Bottom cover,39543.1,39543.1,39655.3,112.2,112.2,0.0,0
U3488,141,FUSE0,4,Station 2.1: Drill station,39539.5,39545.1,39721.9,176.8,176.8,5.6,0
U6031,241,FUSE0,17,Station 6.1: Packaging,39517.0,39553.8,39669.8,116.0,116.0,36.8,0
U6040,241,FUSE1,12,Station 4.1: Inspection,39521.8,39557.4,39675.0,117.6,117.6,35.6,0
U3492,141,FUSE1,2,Station 1.1: Bottom cover,39585.1,39585.1,39697.3,112.2,112.2,0.0,0
U6036,241,FUSE1,13,Station 5: Top cover,39570.8,39595.6,39770.4,174.8,174.8,24.8,0
U6041,241,FUSE1,11,Station 4: Inspection,39446.6,39622.6,39740.2,117.6,117.6,176.0,1
U3489,141,FUSE0,5,Station 2.2: Drill station,39618.3,39625.9,39802.7,176.8,176.8,7.6,0
U6032,241,FUSE0,16,Station 6: Packaging,39554.2,39632.6,39748.6,116.0,116.0,78.4,0
U6037,241,FUSE1,14,Station 5.1: Top cover,39636.0,39636.0,39810.8,174.8,174.8,0.0,0
U3490,141,FUSE1,3,Station 2: Drill station,39640.3,39646.7,39823.5,176.8,176.8,6.4,0
U6049,241,FUSE2,8,Station 3.2: Robot cell,39372.1,39659.2,39997.2,338.0,338.0,287.1,0
U3493,141,FUSE1,1,Station 1: Bottom cover,39663.9,39663.9,39776.1,112.2,112.2,0.0,0
U6038,241,FUSE1,15,Station 5.2: Top cover,39648.4,39673.2,39848.0,174.8,174.8,24.8,0
U6033,241,FUSE0,17,Station 6.1: Packaging,39674.6,39674.6,39790.6,116.0,116.0,0.0,0
U6042,241,FUSE2,12,Station 4.1: Inspection,39629.8,39675.0,39792.6,117.6,117.6,45.2,0
U3494,141,FUSE1,2,Station 1.1: Bottom cover,39701.1,39701.1,39813.3,112.2,112.2,0.0,0
U3482,141,FUSE0,10,Station 3.4: Robot cell,39507.3,39720.8,39964.4,243.6,243.6,213.5,0
U3491,141,FUSE1,4,Station 2.1: Drill station,39714.3,39721.9,39898.7,176.8,176.8,7.6,0
U6043,241,FUSE2,11,Station 4: Inspection,39581.2,39740.2,39857.8,117.6,117.6,159.0,1
U3483,141,FUSE0,6,Station 3: Robot cell,39528.1,39745.6,39989.2,243.6,243.6,217.5,0
U6034,241,FUSE1,16,Station 6: Packaging,39711.8,39748.6,39864.6,116.0,116.0,36.8,0
U6039,241,FUSE1,13,Station 5: Top cover,39773.6,39773.6,39948.4,174.8,174.8,0.0,0
U3495,141,FUSE1,1,Station 1: Bottom cover,39779.9,39779.9,39892.1,112.2,112.2,0.0,0
U6035,241,FUSE1,17,Station 6.1: Packaging,39712.2,39790.6,39906.6,116.0,116.0,78.4,0
U6044,241,FUSE2,12,Station 4.1: Inspection,39758.2,39792.6,39910.2,117.6,117.6,34.4,0
U3492,141,FUSE1,5,Station 2.2: Drill station,39796.3,39802.7,39979.5,176.8,176.8,6.4,0
U6040,241,FUSE1,14,Station 5.1: Top cover,39786.0,39810.8,39985.6,174.8,174.8,24.8,0
U3496,141,FUSE1,2,Station 1.1: Bottom cover,39821.9,39821.9,39934.1,112.2,112.2,0.0,0
U3493,141,FUSE1,3,Station 2: Drill station,39815.1,39823.5,40000.3,176.8,176.8,8.4,0
U3484,141,FUSE0,9,Station 3.3: Robot cell,39568.9,39848.8,40092.4,243.6,243.6,279.9,0
U6041,241,FUSE1,15,Station 5.2: Top cover,39851.2,39851.2,40026.0,174.8,174.8,0.0,0
U6045,241,FUSE2,11,Station 4: Inspection,39839.8,39857.8,39975.4,117.6,117.6,18.0,0
U3485,141,FUSE0,7,Station 3.1: Robot cell,39624.1,39860.2,40103.8,243.6,243.6,236.1,0
U6036,241,FUSE1,16,Station 6: Packaging,39869.4,39869.4,39985.4,116.0,116.0,0.0,0
U3497,141,FUSE1,1,Station 1: Bottom cover,39895.9,39895.9,40008.1,112.2,112.2,0.0,0
U3494,141,FUSE1,4,Station 2.1: Drill station,39892.3,39898.7,40075.5,176.8,176.8,6.4,0
U6037,241,FUSE1,17,Station 6.1: Packaging,39869.8,39906.6,40022.6,116.0,116.0,36.8,0
U6046,241,FUSE2,12,Station 4.1: Inspection,39804.6,39910.2,40027.8,117.6,117.6,105.6,0
U3498,141,FUSE2,2,Station 1.1: Bottom cover,39937.9,39937.9,40050.1,112.2,112.2,0.0,0
U6042,241,FUSE2,13,Station 5: Top cover,39923.6,39948.4,40123.2,174.8,174.8,24.8,0
U3486,141,FUSE0,10,Station 3.4: Robot cell,39784.9,39964.4,40208.0,243.6,243.6,179.5,0
U6047,241,FUSE2,11,Station 4: Inspection,39947.8,39975.4,40093.0,117.6,117.6,27.6,0
U3495,141,FUSE1,5,Station 2.2: Drill station,39971.1,39979.5,40156.3,176.8,176.8,8.4,0
U6038,241,FUSE1,16,Station 6: Packaging,39907.0,39985.4,40101.4,116.0,116.0,78.4,0
U6043,241,FUSE2,14,Station 5.1: Top cover,39988.8,39988.8,40163.6,174.8,174.8,0.0,0
U3487,141,FUSE0,6,Station 3: Robot cell,39685.7,39989.2,40232.8,243.6,243.6,303.5,1
U3488,141,FUSE0,8,Station 3.2: Robot cell,39820.9,39997.2,40240.8,243.6,243.6,176.3,0
U3496,141,FUSE1,3,Station 2: Drill station,39993.1,40000.3,40177.1,176.8,176.8,7.2,0
U3499,141,FUSE2,1,Station 1: Bottom cover,40016.7,40016.7,40128.9,112.2,112.2,0.0,0
U6044,241,FUSE2,15,Station 5.2: Top cover,40001.2,40026.0,40200.8,174.8,174.8,24.8,0
U6039,241,FUSE1,17,Station 6.1: Packaging,40027.4,40027.4,40143.4,116.0,116.0,0.0,0
U6048,241,FUSE2,12,Station 4.1: Inspection,39939.2,40027.8,40145.4,117.6,117.6,88.6,0
U3500,141,FUSE2,2,Station 1.1: Bottom cover,40053.9,40053.9,40166.1,112.2,112.2,0.0,0
U3497,141,FUSE1,4,Station 2.1: Drill station,40067.1,40075.5,40252.3,176.8,176.8,8.4,0
U3489,141,FUSE0,9,Station 3.3: Robot cell,39941.7,40092.4,40336.0,243.6,243.6,150.7,0
U6049,241,FUSE2,11,Station 4: Inspection,40076.2,40093.0,40210.6,117.6,117.6,16.8,0
U6040,241,FUSE1,16,Station 6: Packaging,40064.6,40101.4,40217.4,116.0,116.0,36.8,0
U3490,141,FUSE1,7,Station 3.1: Robot cell,39882.5,40103.8,40409.4,305.6,305.6,221.3,0
U6045,241,FUSE2,13,Station 5: Top cover,40126.4,40126.4,40301.2,174.8,174.8,0.0,0
U3501,141,FUSE2,1,Station 1: Bottom cover,40132.7,40132.7,40244.9,112.2,112.2,0.0,0
U6041,241,FUSE1,17,Station 6.1: Packaging,40065.0,40143.4,40259.4,116.0,116.0,78.4,0
U3483,141,FUSE0,12,Station 4.1: Inspection,40048.2,40145.4,40263.0,117.6,117.6,97.2,0
U3498,141,FUSE2,5,Station 2.2: Drill station,40149.1,40156.3,40333.1,176.8,176.8,7.2,0
U6046,241,FUSE2,14,Station 5.1: Top cover,40138.8,40163.6,40338.4,174.8,174.8,24.8,0
U3502,141,FUSE2,2,Station 1.1: Bottom cover,40174.7,40174.7,40286.9,112.2,112.2,0.0,0
U3499,141,FUSE2,3,Station 2: Drill station,40167.9,40177.1,40353.9,176.8,176.8,9.2,0
U6047,241,FUSE2,15,Station 5.2: Top cover,40204.0,40204.0,40378.8,174.8,174.8,0.0,0
U3491,141,FUSE1,10,Station 3.4: Robot cell,40037.7,40208.0,40513.6,305.6,305.6,170.3,0
U3482,141,FUSE0,11,Station 4: Inspection,40083.4,40210.6,40328.2,117.6,117.6,127.2,1
U6042,241,FUSE2,16,Station 6: Packaging,40222.2,40222.2,40338.2,116.0,116.0,0.0,0
U3492,141,FUSE1,6,Station 3: Robot cell,40058.5,40232.8,40538.4,305.6,305.6,174.3,0
U3493,141,FUSE1,8,Station 3.2: Robot cell,40079.3,40240.8,40546.4,305.6,305.6,161.5,0
U3503,141,FUSE2,1,Station 1: Bottom cover,40248.7,40248.7,40360.9,112.2,112.2,0.0,0
U3500,141,FUSE2,4,Station 2.1: Drill station,40245.1,40252.3,40429.1,176.8,176.8,7.2,0
U6043,241,FUSE2,17,Station 6.1: Packaging,40222.6,40259.4,40375.4,116.0,116.0,36.8,0
U3484,141,FUSE0,12,Station 4.1: Inspection,40211.4,40263.0,40380.6,117.6,117.6,51.6,0
U3504,141,FUSE2,2,Station 1.1: Bottom cover,40290.7,40290.7,40402.9,112.2,112.2,0.0,0
U6048,241,FUSE2,13,Station 5: Top cover,40276.4,40301.2,40476.0,174.8,174.8,24.8,0
U3485,141,FUSE0,11,Station 4: Inspection,40162.8,40328.2,40445.8,117.6,117.6,165.4,1
U3501,141,FUSE2,5,Station 2.2: Drill station,40323.9,40333.1,40509.9,176.8,176.8,9.2,0
U3494,141,FUSE1,9,Station 3.3: Robot cell,40194.5,40336.0,40641.6,305.6,305.6,141.5,0
U6044,241,FUSE2,16,Station 6: Packaging,40259.8,40338.2,40454.2,116.0,116.0,78.4,0
U6049,241,FUSE2,14,Station 5.1: Top cover,40341.6,40341.6,40516.4,174.8,174.8,0.0,0
U3502,141,FUSE2,3,Station 2: Drill station,40345.9,40353.9,40530.7,176.8,176.8,8.0,0
U3505,141,FUSE2,1,Station 1: Bottom cover,40369.5,40369.5,40481.7,112.2,112.2,0.0,0
U3483,141,FUSE0,15,Station 5.2: Top cover,40354.0,40378.8,40553.6,174.8,174.8,24.8,0
U6045,241,FUSE2,17,Station 6.1: Packaging,40380.2,40380.2,40496.2,116.0,116.0,0.0,0
U3488,141,FUSE0,12,Station 4.1: Inspection,40339.8,40380.6,40498.2,117.6,117.6,40.8,0
U6902,277,FUSE0,2,Station 1.1: Bottom cover,40406.7,40406.7,40518.9,112.2,112.2,0.0,0
U3495,141,FUSE1,7,Station 3.1: Robot cell,40255.3,40409.4,40715.0,305.6,305.6,154.1,0
U3503,141,FUSE2,4,Station 2.1: Drill station,40419.9,40429.1,40605.9,176.8,176.8,9.2,0
U3487,141,FUSE0,11,Station 4: Inspection,40271.8,40445.8,40563.4,117.6,117.6,174.0,1
U6046,241,FUSE2,16,Station 6: Packaging,40417.4,40454.2,40570.2,116.0,116.0,36.8,0
U3482,141,FUSE0,13,Station 5: Top cover,40479.2,40479.2,40654.0,174.8,174.8,0.0,0
U6903,277,FUSE0,1,Station 1: Bottom cover,40485.5,40485.5,40597.7,112.2,112.2,0.0,0
U6047,241,FUSE2,17,Station 6.1: Packaging,40417.8,40496.2,40612.2,116.0,116.0,78.4,0
U3486,141,FUSE0,12,Station 4.1: Inspection,40347.0,40498.2,40615.8,117.6,117.6,151.2,1
U3504,141,FUSE2,5,Station 2.2: Drill station,40501.9,40509.9,40686.7,176.8,176.8,8.0,0
U3496,141,FUSE1,10,Station 3.4: Robot cell,40296.1,40513.6,40819.2,305.6,305.6,217.5,0
U3484,141,FUSE0,14,Station 5.1: Top cover,40491.6,40516.4,40691.2,174.8,174.8,24.8,0
U6904,277,FUSE0,2,Station 1.1: Bottom cover,40527.5,40527.5,40639.7,112.2,112.2,0.0,0
U3505,141,FUSE2,3,Station 2: Drill station,40520.7,40530.7,40707.5,176.8,176.8,10.0,0
U3497,141,FUSE1,6,Station 3: Robot cell,40311.3,40538.4,40844.0,305.6,305.6,227.1,0
U3498,141,FUSE2,8,Station 3.2: Robot cell,40452.1,40546.4,40884.4,338.0,338.0,94.3,0
U3485,141,FUSE0,15,Station 5.2: Top cover,40556.8,40556.8,40731.6,174.8,174.8,0.0,0
U3489,141,FUSE0,11,Station 4: Inspection,40435.0,40563.4,40681.0,117.6,117.6,128.4,1
U6048,241,FUSE2,16,Station 6: Packaging,40575.0,40575.0,40691.0,116.0,116.0,0.0,0
U6905,277,FUSE0,1,Station 1: Bottom cover,40601.5,40601.5,40713.7,112.2,112.2,0.0,0
U6902,277,FUSE0,4,Station 2.1: Drill station,40597.9,40605.9,40782.7,176.8,176.8,8.0,0
U6049,241,FUSE2,17,Station 6.1: Packaging,40575.4,40612.2,40728.2,116.0,116.0,36.8,0
U3490,141,FUSE1,12,Station 4.1: Inspection,40488.4,40615.8,40733.4,117.6,117.6,127.4,1
U3499,141,FUSE2,9,Station 3.3: Robot cell,40452.9,40641.6,40979.6,338.0,338.0,188.7,0
U6906,277,FUSE0,2,Station 1.1: Bottom cover,40643.5,40643.5,40755.7,112.2,112.2,0.0,0
U3488,141,FUSE0,13,Station 5: Top cover,40629.2,40654.0,40828.8,174.8,174.8,24.8,0
U3493,141,FUSE1,11,Station 4: Inspection,40625.4,40681.0,40798.6,117.6,117.6,55.6,0
U6903,277,FUSE0,5,Station 2.2: Drill station,40676.7,40686.7,40863.5,176.8,176.8,10.0,0
U3483,141,FUSE0,16,Station 6: Packaging,40612.6,40691.0,40807.0,116.0,116.0,78.4,0
U3487,141,FUSE0,14,Station 5.1: Top cover,40694.4,40694.4,40869.2,174.8,174.8,0.0,0
U6904,277,FUSE0,3,Station 2: Drill station,40698.7,40707.5,40884.3,176.8,176.8,8.8,0
U3500,141,FUSE2,7,Station 3.1: Robot cell,40508.1,40715.0,41053.0,338.0,338.0,206.9,0
U6907,277,FUSE0,1,Station 1: Bottom cover,40722.3,40722.3,40834.5,112.2,112.2,0.0,0
U3486,141,FUSE0,15,Station 5.2: Top cover,40706.8,40731.6,40906.4,174.8,174.8,24.8,0
U3482,141,FUSE0,17,Station 6.1: Packaging,40733.0,40733.0,40849.0,116.0,116.0,0.0,0
U3492,141,FUSE1,12,Station 4.1: Inspection,40597.4,40733.4,40851.0,117.6,117.6,136.0,1
U6908,277,FUSE0,2,Station 1.1: Bottom cover,40759.5,40759.5,40871.7,112.2,112.2,0.0,0
U6905,277,FUSE0,4,Station 2.1: Drill station,40772.7,40782.7,40959.5,176.8,176.8,10.0,0
U3491,141,FUSE1,11,Station 4: Inspection,40632.6,40798.6,40916.2,117.6,117.6,166.0,1
U3484,141,FUSE0,16,Station 6: Packaging,40770.2,40807.0,40923.0,116.0,116.0,36.8,0
U3501,141,FUSE2,10,Station 3.4: Robot cell,40668.9,40819.2,41157.2,338.0,338.0,150.3,0
U3489,141,FUSE0,13,Station 5: Top cover,40832.0,40832.0,41006.8,174.8,174.8,0.0,0
U6909,277,FUSE1,1,Station 1: Bottom cover,40838.3,40838.3,40950.5,112.2,112.2,0.0,0
U3502,141,FUSE2,6,Station 3: Robot cell,40569.7,40844.0,41182.0,338.0,338.0,274.3,0
U3485,141,FUSE0,17,Station 6.1: Packaging,40770.6,40849.0,40965.0,116.0,116.0,78.4,0
U3494,141,FUSE1,12,Station 4.1: Inspection,40760.6,40851.0,40968.6,117.6,117.6,90.4,0
U6906,277,FUSE0,5,Station 2.2: Drill station,40854.7,40863.5,41040.3,176.8,176.8,8.8,0
U3490,141,FUSE1,14,Station 5.1: Top cover,40844.4,40869.2,41044.0,174.8,174.8,24.8,0
U6910,277,FUSE1,2,Station 1.1: Bottom cover,40880.3,40880.3,40992.5,112.2,112.2,0.0,0
U6907,277,FUSE0,3,Station 2: Drill station,40873.5,40884.3,41061.1,176.8,176.8,10.8,0
U3503,141,FUSE2,8,Station 3.2: Robot cell,40704.9,40884.4,41222.4,338.0,338.0,179.5,0
U3493,141,FUSE1,15,Station 5.2: Top cover,40909.6,40909.6,41084.4,174.8,174.8,0.0,0
U3495,141,FUSE1,11,Station 4: Inspection,40774.0,40916.2,41033.8,117.6,117.6,142.2,1
U3488,141,FUSE0,16,Station 6: Packaging,40927.8,40927.8,41043.8,116.0,116.0,0.0,0
U6911,277,FUSE1,1,Station 1: Bottom cover,40954.3,40954.3,41066.5,112.2,112.2,0.0,0
U6908,277,FUSE0,4,Station 2.1: Drill station,40950.7,40959.5,41136.3,176.8,176.8,8.8,0
U3487,141,FUSE0,17,Station 6.1: Packaging,40928.2,40965.0,41081.0,116.0,116.0,36.8,0
U3496,141,FUSE1,12,Station 4.1: Inspection,40958.2,40968.6,41086.2,117.6,117.6,10.4,0
U3504,141,FUSE2,9,Station 3.3: Robot cell,40825.7,40979.6,41317.6,338.0,338.0,153.9,0
U6912,277,FUSE1,2,Station 1.1: Bottom cover,40996.3,40996.3,41108.5,112.2,112.2,0.0,0
U3492,141,FUSE1,13,Station 5: Top cover,40982.0,41006.8,41181.6,174.8,174.8,24.8,0
U3497,141,FUSE1,11,Station 4: Inspection,40883.0,41033.8,41151.4,117.6,117.6,150.8,1
U6909,277,FUSE1,5,Station 2.2: Drill station,41029.5,41040.3,41217.1,176.8,176.8,10.8,0
U3486,141,FUSE0,16,Station 6: Packaging,40965.4,41043.8,41159.8,116.0,116.0,78.4,0
U3491,141,FUSE1,14,Station 5.1: Top cover,41047.2,41047.2,41222.0,174.8,174.8,0.0,0
U3505,141,FUSE2,7,Station 3.1: Robot cell,40766.5,41053.0,41391.0,338.0,338.0,286.5,0
U6910,277,FUSE1,3,Station 2: Drill station,41051.5,41061.1,41237.9,176.8,176.8,9.6,0
U6913,277,FUSE1,1,Station 1: Bottom cover,41075.1,41075.1,41187.3,112.2,112.2,0.0,0
U3494,141,FUSE1,15,Station 5.2: Top cover,41059.6,41084.4,41259.2,174.8,174.8,24.8,0
U3489,141,FUSE0,17,Station 6.1: Packaging,41085.8,41085.8,41201.8,116.0,116.0,0.0,0
U3498,141,FUSE2,12,Station 4.1: Inspection,40983.4,41086.2,41203.8,117.6,117.6,102.8,0
U6914,277,FUSE1,2,Station 1.1: Bottom cover,41112.3,41112.3,41224.5,112.2,112.2,0.0,0
U6911,277,FUSE1,4,Station 2.1: Drill station,41125.5,41136.3,41313.1,176.8,176.8,10.8,0
U3499,141,FUSE2,11,Station 4: Inspection,41078.6,41151.4,41269.0,117.6,117.6,72.8,0
U6902,277,FUSE0,10,Station 3.4: Robot cell,40921.7,41157.2,41400.8,243.6,243.6,235.5,0
U3490,141,FUSE1,16,Station 6: Packaging,41123.0,41159.8,41275.8,116.0,116.0,36.8,0
U6903,277,FUSE0,6,Station 3: Robot cell,40942.5,41182.0,41425.6,243.6,243.6,239.5,0
U3495,141,FUSE1,13,Station 5: Top cover,41184.8,41184.8,41359.6,174.8,174.8,0.0,0
U6915,277,FUSE1,1,Station 1: Bottom cover,41191.1,41191.1,41303.3,112.2,112.2,0.0,0
U3493,141,FUSE1,17,Station 6.1: Packaging,41123.4,41201.8,41317.8,116.0,116.0,78.4,0
U3500,141,FUSE2,12,Station 4.1: Inspection,41132.0,41203.8,41321.4,117.6,117.6,71.8,0
U6912,277,FUSE1,5,Station 2.2: Drill station,41207.5,41217.1,41393.9,176.8,176.8,9.6,0
U3496,141,FUSE1,14,Station 5.1: Top cover,41197.2,41222.0,41396.8,174.8,174.8,24.8,0
U6904,277,FUSE0,8,Station 3.2: Robot cell,40963.3,41222.4,41466.0,243.6,243.6,259.1,0
U6916,277,FUSE2,2,Station 1.1: Bottom cover,41233.1,41233.1,41345.3,112.2,112.2,0.0,0
U6913,277,FUSE1,3,Station 2: Drill station,41226.3,41237.9,41414.7,176.8,176.8,11.6,0
U3497,141,FUSE1,15,Station 5.2: Top cover,41262.4,41262.4,41437.2,174.8,174.8,0.0,0
U3501,141,FUSE2,11,Station 4: Inspection,41276.2,41276.2,41393.8,117.6,117.6,0.0,0
U3492,141,FUSE1,16,Station 6: Packaging,41280.6,41280.6,41396.6,116.0,116.0,0.0,0
U6917,277,FUSE2,1,Station 1: Bottom cover,41307.1,41307.1,41419.3,112.2,112.2,0.0,0
U6914,277,FUSE1,4,Station 2.1: Drill station,41303.5,41313.1,41489.9,176.8,176.8,9.6,0
U6905,277,FUSE0,9,Station 3.3: Robot cell,41078.5,41317.6,41561.2,243.6,243.6,239.1,0
U3491,141,FUSE1,17,Station 6.1: Packaging,41281.0,41317.8,41433.8,116.0,116.0,36.8,0
U3502,141,FUSE2,12,Station 4.1: Inspection,41241.0,41321.4,41439.0,117.6,117.6,80.4,0
U6918,277,FUSE2,2,Station 1.1: Bottom cover,41349.1,41349.1,41461.3,112.2,112.2,0.0,0
U3498,141,FUSE2,13,Station 5: Top cover,41334.8,41359.6,41534.4,174.8,174.8,24.8,0
U6906,277,FUSE0,7,Station 3.1: Robot cell,41139.3,41391.0,41634.6,243.6,243.6,251.7,0
U3503,141,FUSE2,11,Station 4: Inspection,41301.4,41393.8,41511.4,117.6,117.6,92.4,0
U6915,277,FUSE1,5,Station 2.2: Drill station,41382.3,41393.9,41570.7,176.8,176.8,11.6,0
U3494,141,FUSE1,16,Station 6: Packaging,41318.2,41396.6,41512.6,116.0,116.0,78.4,0
U3499,141,FUSE2,14,Station 5.1: Top cover,41400.0,41400.0,41574.8,174.8,174.8,0.0,0
U6907,277,FUSE0,10,Station 3.4: Robot cell,41180.1,41400.8,41644.4,243.6,243.6,220.7,0
U6916,277,FUSE2,3,Station 2: Drill station,41404.3,41414.7,41591.5,176.8,176.8,10.4,0
U6908,277,FUSE0,6,Station 3: Robot cell,41195.3,41425.6,41669.2,243.6,243.6,230.3,0
U6919,277,FUSE2,1,Station 1: Bottom cover,41427.9,41427.9,41540.1,112.2,112.2,0.0,0
U3500,141,FUSE2,15,Station 5.2: Top cover,41412.4,41437.2,41612.0,174.8,174.8,24.8,0
U3495,141,FUSE1,17,Station 6.1: Packaging,41438.6,41438.6,41554.6,116.0,116.0,0.0,0
U3504,141,FUSE2,12,Station 4.1: Inspection,41436.6,41439.0,41556.6,117.6,117.6,2.4,0
U6920,277,FUSE2,2,Station 1.1: Bottom cover,41465.1,41465.1,41577.3,112.2,112.2,0.0,0
U6909,277,FUSE1,8,Station 3.2: Robot cell,41336.1,41466.0,41771.6,305.6,305.6,129.9,0
U6917,277,FUSE2,4,Station 2.1: Drill station,41478.3,41489.9,41666.7,176.8,176.8,11.6,0
U3505,141,FUSE2,11,Station 4: Inspection,41450.0,41511.4,41629.0,117.6,117.6,61.4,0
U3496,141,FUSE1,16,Station 6: Packaging,41475.8,41512.6,41628.6,116.0,116.0,36.8,0
U6921,277,FUSE2,1,Station 1: Bottom cover,41543.9,41543.9,41656.1,112.2,112.2,0.0,0
U3501,141,FUSE2,13,Station 5: Top cover,41544.8,41544.8,41719.6,174.8,174.8,0.0,0
U3497,141,FUSE1,17,Station 6.1: Packaging,41476.2,41554.6,41670.6,116.0,116.0,78.4,0
U6902,277,FUSE0,12,Station 4.1: Inspection,41539.8,41556.6,41674.2,117.6,117.6,16.8,0
U6910,277,FUSE1,9,Station 3.3: Robot cell,41336.9,41561.2,41866.8,305.6,305.6,224.3,0
U6918,277,FUSE2,5,Station 2.2: Drill station,41560.3,41570.7,41747.5,176.8,176.8,10.4,0
U3502,141,FUSE2,14,Station 5.1: Top cover,41550.0,41574.8,41749.6,174.8,174.8,24.8,0
U6922,277,FUSE2,2,Station 1.1: Bottom cover,41585.9,41585.9,41698.1,112.2,112.2,0.0,0
U6919,277,FUSE2,3,Station 2: Drill station,41579.1,41591.5,41768.3,176.8,176.8,12.4,0
U3503,141,FUSE2,15,Station 5.2: Top cover,41622.4,41622.4,41797.2,174.8,174.8,0.0,0
U6903,277,FUSE0,11,Station 4: Inspection,41464.6,41629.0,41746.6,117.6,117.6,164.4,1
U3498,141,FUSE2,16,Station 6: Packaging,41633.4,41633.4,41749.4,116.0,116.0,0.0,0
U6911,277,FUSE1,7,Station 3.1: Robot cell,41392.1,41634.6,41940.2,305.6,305.6,242.5,0
U6912,277,FUSE1,10,Station 3.4: Robot cell,41552.9,41644.4,41950.0,305.6,305.6,91.5,0
U6923,277,FUSE2,1,Station 1: Bottom cover,41659.9,41659.9,41772.1,112.2,112.2,0.0,0
U6920,277,FUSE2,4,Station 2.1: Drill station,41656.3,41666.7,41843.5,176.8,176.8,10.4,0
U6913,277,FUSE1,6,Station 3: Robot cell,41453.7,41669.2,41974.8,305.6,305.6,215.5,0
U3499,141,FUSE2,17,Station 6.1: Packaging,41633.8,41670.6,41786.6,116.0,116.0,36.8,0
U6904,277,FUSE0,12,Station 4.1: Inspection,41565.0,41674.2,41791.8,117.6,117.6,109.2,0
U5317,213,FUSE0,2,Station 1.1: Bottom cover,41701.9,41701.9,41814.1,112.2,112.2,0.0,0
U3504,141,FUSE2,13,Station 5: Top cover,41687.6,41719.6,41894.4,174.8,174.8,32.0,0
U6905,277,FUSE0,11,Station 4: Inspection,41660.2,41746.6,41864.2,117.6,117.6,86.4,0
U6921,277,FUSE2,5,Station 2.2: Drill station,41735.1,41747.5,41924.3,176.8,176.8,12.4,0
U3500,141,FUSE2,16,Station 6: Packaging,41671.0,41749.4,41865.4,116.0,116.0,78.4,0
U3505,141,FUSE2,14,Station 5.1: Top cover,41760.0,41760.0,41934.8,174.8,174.8,0.0,0
U6922,277,FUSE2,3,Station 2: Drill station,41757.1,41768.3,41945.1,176.8,176.8,11.2,0
U6914,277,FUSE1,8,Station 3.2: Robot cell,41588.9,41771.6,42077.2,305.6,305.6,182.7,0
U5318,213,FUSE0,1,Station 1: Bottom cover,41780.7,41780.7,41892.9,112.2,112.2,0.0,0
U6906,277,FUSE0,12,Station 4.1: Inspection,41713.6,41791.8,41909.4,117.6,117.6,78.2,0
U6902,277,FUSE0,15,Station 5.2: Top cover,41765.2,41797.2,41972.0,174.8,174.8,32.0,0
U3501,141,FUSE2,17,Station 6.1: Packaging,41798.6,41798.6,41914.6,116.0,116.0,0.0,0
U5319,213,FUSE0,2,Station 1.1: Bottom cover,41817.9,41817.9,41930.1,112.2,112.2,0.0,0
U6923,277,FUSE2,4,Station 2.1: Drill station,41831.1,41843.5,42020.3,176.8,176.8,12.4,0
U6907,277,FUSE0,11,Station 4: Inspection,41763.4,41864.2,41981.8,117.6,117.6,100.8,0
U3502,141,FUSE2,16,Station 6: Packaging,41828.6,41865.4,41981.4,116.0,116.0,36.8,0
U6915,277,FUSE1,9,Station 3.3: Robot cell,41709.7,41866.8,42172.4,305.6,305.6,157.1,0
U5320,213,FUSE0,1,Station 1: Bottom cover,41896.7,41896.7,42008.9,112.2,112.2,0.0,0
U6903,277,FUSE0,13,Station 5: Top cover,41897.6,41897.6,42072.4,174.8,174.8,0.0,0
U6908,277,FUSE0,12,Station 4.1: Inspection,41728.2,41909.4,42027.0,117.6,117.6,181.2,1
U3503,141,FUSE2,17,Station 6.1: Packaging,41836.2,41914.6,42030.6,116.0,116.0,78.4,0
U5317,213,FUSE0,5,Station 2.2: Drill station,41913.1,41924.3,42101.1,176.8,176.8,11.2,0
U6904,277,FUSE0,14,Station 5.1: Top cover,41902.8,41934.8,42109.6,174.8,174.8,32.0,0
U6916,277,FUSE2,7,Station 3.1: Robot cell,41650.5,41940.2,42278.2,338.0,338.0,289.7,0
U5318,213,FUSE0,3,Station 2: Drill station,41931.9,41945.1,42121.9,176.8,176.8,13.2,0
U5321,213,FUSE0,2,Station 1.1: Bottom cover,41945.9,41945.9,42058.1,112.2,112.2,0.0,0
U6917,277,FUSE2,10,Station 3.4: Robot cell,41805.7,41950.0,42288.0,338.0,338.0,144.3,0
U6918,277,FUSE2,6,Station 3: Robot cell,41826.5,41974.8,42312.8,338.0,338.0,148.3,0
U6905,277,FUSE0,15,Station 5.2: Top cover,41975.2,41975.2,42150.0,174.8,174.8,0.0,0
U6909,277,FUSE1,11,Station 4: Inspection,41850.6,41981.8,42099.4,117.6,117.6,131.2,1
U3504,141,FUSE2,16,Station 6: Packaging,41993.4,41993.4,42109.4,116.0,116.0,0.0,0
U5322,213,FUSE0,1,Station 1: Bottom cover,42012.7,42012.7,42124.9,112.2,112.2,0.0,0
U5319,213,FUSE0,4,Station 2.1: Drill station,42009.1,42020.3,42197.1,176.8,176.8,11.2,0
U6910,277,FUSE1,12,Station 4.1: Inspection,41985.8,42027.0,42144.6,117.6,117.6,41.2,0
U3505,141,FUSE2,17,Station 6.1: Packaging,41993.8,42030.6,42146.6,116.0,116.0,36.8,0
U5323,213,FUSE0,2,Station 1.1: Bottom cover,42061.9,42061.9,42174.1,112.2,112.2,0.0,0
U6906,277,FUSE0,13,Station 5: Top cover,42040.4,42072.4,42247.2,174.8,174.8,32.0,0
U6919,277,FUSE2,8,Station 3.2: Robot cell,41847.3,42077.2,42415.2,338.0,338.0,229.9,0
U6911,277,FUSE1,11,Station 4: Inspection,41999.2,42099.4,42217.0,117.6,117.6,100.2,0
U5320,213,FUSE0,5,Station 2.2: Drill station,42087.9,42101.1,42277.9,176.8,176.8,13.2,0
U6902,277,FUSE0,16,Station 6: Packaging,42031.0,42109.4,42225.4,116.0,116.0,78.4,0
U6907,277,FUSE0,14,Station 5.1: Top cover,42112.8,42112.8,42287.6,174.8,174.8,0.0,0
U5321,213,FUSE0,3,Station 2: Drill station,42117.1,42121.9,42298.7,176.8,176.8,4.8,0
U5324,213,FUSE0,1,Station 1: Bottom cover,42140.7,42140.7,42252.9,112.2,112.2,0.0,0
U6912,277,FUSE1,12,Station 4.1: Inspection,42089.0,42144.6,42262.2,117.6,117.6,55.6,0
U6908,277,FUSE0,15,Station 5.2: Top cover,42118.0,42150.0,42324.8,174.8,174.8,32.0,0
U6903,277,FUSE0,17,Station 6.1: Packaging,42151.4,42151.4,42267.4,116.0,116.0,0.0,0
U6920,277,FUSE2,9,Station 3.3: Robot cell,41962.5,42172.4,42510.4,338.0,338.0,209.9,0
U5325,213,FUSE1,2,Station 1.1: Bottom cover,42177.9,42177.9,42290.1,112.2,112.2,0.0,0
U5322,213,FUSE0,4,Station 2.1: Drill station,42183.9,42197.1,42373.9,176.8,176.8,13.2,0
U6913,277,FUSE1,11,Station 4: Inspection,42013.8,42217.0,42334.6,117.6,117.6,203.2,1
U6904,277,FUSE0,16,Station 6: Packaging,42188.6,42225.4,42341.4,116.0,116.0,36.8,0
U6909,277,FUSE1,13,Station 5: Top cover,42250.4,42250.4,42425.2,174.8,174.8,0.0,0
U5326,213,FUSE1,1,Station 1: Bottom cover,42256.7,42256.7,42368.9,112.2,112.2,0.0,0
U6914,277,FUSE1,12,Station 4.1: Inspection,42176.2,42262.2,42379.8,117.6,117.6,86.0,0
U6905,277,FUSE0,17,Station 6.1: Packaging,42189.0,42267.4,42383.4,116.0,116.0,78.4,0
U5323,213,FUSE0,5,Station 2.2: Drill station,42273.1,42277.9,42454.7,176.8,176.8,4.8,0
U6921,277,FUSE2,7,Station 3.1: Robot cell,42023.3,42278.2,42616.2,338.0,338.0,254.9,0
U6910,277,FUSE1,14,Station 5.1: Top cover,42255.6,42287.6,42462.4,174.8,174.8,32.0,0
U6922,277,FUSE2,10,Station 3.4: Robot cell,42064.1,42288.0,42626.0,338.0,338.0,223.9,0
U5327,213,FUSE1,2,Station 1.1: Bottom cover,42298.7,42298.7,42410.9,112.2,112.2,0.0,0
U5324,213,FUSE0,3,Station 2: Drill station,42291.9,42298.7,42475.5,176.8,176.8,6.8,0
U6923,277,FUSE2,6,Station 3: Robot cell,42079.3,42312.8,42650.8,338.0,338.0,233.5,0
U6911,277,FUSE1,15,Station 5.2: Top cover,42328.0,42328.0,42502.8,174.8,174.8,0.0,0
U6915,277,FUSE1,11,Station 4: Inspection,42271.4,42334.6,42452.2,117.6,117.6,63.2,0
U6906,277,FUSE0,16,Station 6: Packaging,42346.2,42346.2,42462.2,116.0,116.0,0.0,0
U5328,213,FUSE1,1,Station 1: Bottom cover,42372.7,42372.7,42484.9,112.2,112.2,0.0,0
U5325,213,FUSE1,4,Station 2.1: Drill station,42369.1,42373.9,42550.7,176.8,176.8,4.8,0
U6916,277,FUSE2,12,Station 4.1: Inspection,42357.2,42379.8,42497.4,117.6,117.6,22.6,0
U6907,277,FUSE0,17,Station 6.1: Packaging,42346.6,42383.4,42499.4,116.0,116.0,36.8,0
U5329,213,FUSE1,2,Station 1.1: Bottom cover,42414.7,42414.7,42526.9,112.2,112.2,0.0,0
U5317,213,FUSE0,8,Station 3.2: Robot cell,42220.1,42415.2,42658.8,243.6,243.6,195.1,0
U6912,277,FUSE1,13,Station 5: Top cover,42393.2,42425.2,42600.0,174.8,174.8,32.0,0
U6917,277,FUSE2,11,Station 4: Inspection,42407.0,42452.2,42569.8,117.6,117.6,45.2,0
U5326,213,FUSE1,5,Station 2.2: Drill station,42447.9,42454.7,42631.5,176.8,176.8,6.8,0
U6908,277,FUSE0,16,Station 6: Packaging,42383.8,42462.2,42578.2,116.0,116.0,78.4,0
U6913,277,FUSE1,14,Station 5.1: Top cover,42465.6,42465.6,42640.4,174.8,174.8,0.0,0
U5327,213,FUSE1,3,Station 2: Drill station,42469.9,42475.5,42652.3,176.8,176.8,5.6,0
U5330,213,FUSE1,1,Station 1: Bottom cover,42493.5,42493.5,42605.7,112.2,112.2,0.0,0
U6918,277,FUSE2,12,Station 4.1: Inspection,42371.8,42497.4,42615.0,117.6,117.6,125.6,1
U6914,277,FUSE1,15,Station 5.2: Top cover,42470.8,42502.8,42677.6,174.8,174.8,32.0,0
U6909,277,FUSE1,17,Station 6.1: Packaging,42504.2,42504.2,42620.2,116.0,116.0,0.0,0
U5318,213,FUSE0,9,Station 3.3: Robot cell,42220.9,42510.4,42754.0,243.6,243.6,289.5,0
U5331,213,FUSE1,2,Station 1.1: Bottom cover,42530.7,42530.7,42642.9,112.2,112.2,0.0,0
U5328,213,FUSE1,4,Station 2.1: Drill station,42543.9,42550.7,42727.5,176.8,176.8,6.8,0
U6919,277,FUSE2,11,Station 4: Inspection,42494.2,42569.8,42687.4,117.6,117.6,75.6,0
U6910,277,FUSE1,16,Station 6: Packaging,42541.4,42578.2,42694.2,116.0,116.0,36.8,0
U6915,277,FUSE1,13,Station 5: Top cover,42603.2,42603.2,42778.0,174.8,174.8,0.0,0
U5332,213,FUSE1,1,Station 1: Bottom cover,42609.5,42609.5,42721.7,112.2,112.2,0.0,0
U5319,213,FUSE0,7,Station 3.1: Robot cell,42276.1,42616.2,42859.8,243.6,243.6,340.1,1
U6911,277,FUSE1,17,Station 6.1: Packaging,42541.8,42620.2,42736.2,116.0,116.0,78.4,0
U5320,213,FUSE0,10,Station 3.4: Robot cell,42436.9,42626.0,42869.6,243.6,243.6,189.1,0
U6920,277,FUSE2,12,Station 4.1: Inspection,42629.4,42629.4,42747.0,117.6,117.6,0.0,0
U5329,213,FUSE1,5,Station 2.2: Drill station,42625.9,42631.5,42808.3,176.8,176.8,5.6,0
U6916,277,FUSE2,14,Station 5.1: Top cover,42608.4,42640.4,42815.2,174.8,174.8,32.0,0
U5321,213,FUSE0,6,Station 3: Robot cell,42337.7,42650.8,42894.4,243.6,243.6,313.1,0
U5333,213,FUSE2,2,Station 1.1: Bottom cover,42651.5,42651.5,42763.7,112.2,112.2,0.0,0
U5330,213,FUSE1,3,Station 2: Drill station,42644.7,42652.3,42829.1,176.8,176.8,7.6,0
U5322,213,FUSE0,8,Station 3.2: Robot cell,42472.9,42658.8,42902.4,243.6,243.6,185.9,0
U6917,277,FUSE2,15,Station 5.2: Top cover,42680.8,42680.8,42855.6,174.8,174.8,0.0,0
U6921,277,FUSE2,11,Station 4: Inspection,42675.2,42687.4,42805.0,117.6,117.6,12.2,0
U6912,277,FUSE1,16,Station 6: Packaging,42699.0,42699.0,42815.0,116.0,116.0,0.0,0
U5334,213,FUSE2,1,Station 1: Bottom cover,42725.5,42725.5,42837.7,112.2,112.2,0.0,0
U5331,213,FUSE1,4,Station 2.1: Drill station,42721.9,42727.5,42904.3,176.8,176.8,5.6,0
U6913,277,FUSE1,17,Station 6.1: Packaging,42699.4,42736.2,42852.2,116.0,116.0,36.8,0
U5323,213,FUSE0,9,Station 3.3: Robot cell,42593.7,42754.0,42997.6,243.6,243.6,160.3,0
U5317,213,FUSE0,12,Station 4.1: Inspection,42757.8,42757.8,42875.4,117.6,117.6,0.0,0
U5335,213,FUSE2,2,Station 1.1: Bottom cover,42767.5,42767.5,42879.7,112.2,112.2,0.0,0
U6918,277,FUSE2,13,Station 5: Top cover,42746.0,42778.0,42952.8,174.8,174.8,32.0,0
U6923,277,FUSE2,11,Station 4: Inspection,42689.8,42805.0,42922.6,117.6,117.6,115.2,0
U5332,213,FUSE1,5,Station 2.2: Drill station,42800.7,42808.3,42985.1,176.8,176.8,7.6,0
U6914,277,FUSE1,16,Station 6: Packaging,42736.6,42815.0,42931.0,116.0,116.0,78.4,0
U6919,277,FUSE2,14,Station 5.1: Top cover,42818.4,42818.4,42993.2,174.8,174.8,0.0,0
U5333,213,FUSE2,3,Station 2: Drill station,42822.7,42829.1,43005.9,176.8,176.8,6.4,0
U5336,213,FUSE2,1,Station 1: Bottom cover,42846.3,42846.3,42958.5,112.2,112.2,0.0,0
U6920,277,FUSE2,15,Station 5.2: Top cover,42838.0,42855.6,43030.4,174.8,174.8,17.6,0
U6915,277,FUSE1,17,Station 6.1: Packaging,42857.0,42857.0,42973.0,116.0,116.0,0.0,0
U5324,213,FUSE0,7,Station 3.1: Robot cell,42534.5,42859.8,43103.4,243.6,243.6,325.3,1
U5325,213,FUSE1,10,Station 3.4: Robot cell,42689.7,42869.6,43175.2,305.6,305.6,179.9,0
U6922,277,FUSE2,12,Station 4.1: Inspection,42765.0,42875.4,42993.0,117.6,117.6,110.4,0
U5337,213,FUSE2,2,Station 1.1: Bottom cover,42883.5,42883.5,42995.7,112.2,112.2,0.0,0
U5326,213,FUSE1,6,Station 3: Robot cell,42710.5,42894.4,43200.0,305.6,305.6,183.9,0
U5327,213,FUSE1,8,Station 3.2: Robot cell,42731.3,42902.4,43208.0,305.6,305.6,171.1,0
U5334,213,FUSE2,4,Station 2.1: Drill station,42896.7,42904.3,43081.1,176.8,176.8,7.6,0
U5318,213,FUSE0,11,Station 4: Inspection,42853.0,42922.6,43040.2,117.6,117.6,69.6,0
U6916,277,FUSE2,16,Station 6: Packaging,42894.2,42931.0,43047.0,116.0,116.0,36.8,0
U6921,277,FUSE2,13,Station 5: Top cover,42956.0,42956.0,43130.8,174.8,174.8,0.0,0
U5338,213,FUSE2,1,Station 1: Bottom cover,42962.3,42962.3,43074.5,112.2,112.2,0.0,0
U6917,277,FUSE2,17,Station 6.1: Packaging,42894.6,42973.0,43089.0,116.0,116.0,78.4,0
U5335,213,FUSE2,5,Station 2.2: Drill station,42978.7,42985.1,43161.9,176.8,176.8,6.4,0
U5319,213,FUSE0,12,Station 4.1: Inspection,42938.8,42993.0,43110.6,117.6,117.6,54.2,0
U5317,213,FUSE0,14,Station 5.1: Top cover,42986.4,42993.2,43168.0,174.8,174.8,6.8,0
U5328,213,FUSE1,9,Station 3.3: Robot cell,42846.5,42997.6,43303.2,305.6,305.6,151.1,0
U5339,213,FUSE2,2,Station 1.1: Bottom cover,43004.3,43004.3,43116.5,112.2,112.2,0.0,0
U5336,213,FUSE2,3,Station 2: Drill station,42997.5,43005.9,43182.7,176.8,176.8,8.4,0
U6923,277,FUSE2,15,Station 5.2: Top cover,43033.6,43033.6,43208.4,174.8,174.8,0.0,0
U5322,213,FUSE0,11,Station 4: Inspection,42981.4,43040.2,43157.8,117.6,117.6,58.8,0
U6918,277,FUSE2,16,Station 6: Packaging,43051.8,43051.8,43167.8,116.0,116.0,0.0,0
U5340,213,FUSE2,1,Station 1: Bottom cover,43078.3,43078.3,43190.5,112.2,112.2,0.0,0
U5337,213,FUSE2,4,Station 2.1: Drill station,43074.7,43081.1,43257.9,176.8,176.8,6.4,0
U6919,277,FUSE2,17,Station 6.1: Packaging,43052.2,43089.0,43205.0,116.0,116.0,36.8,0
U5329,213,FUSE1,7,Station 3.1: Robot cell,42907.3,43103.4,43409.0,305.6,305.6,196.1,0
U5321,213,FUSE0,12,Station 4.1: Inspection,42953.4,43110.6,43228.2,117.6,117.6,157.2,1
U4635,186,FUSE0,2,Station 1.1: Bottom cover,43120.3,43120.3,43232.5,112.2,112.2,0.0,0
U6922,277,FUSE2,13,Station 5: Top cover,43124.0,43130.8,43305.6,174.8,174.8,6.8,0
U5320,213,FUSE0,11,Station 4: Inspection,42988.6,43157.8,43275.4,117.6,117.6,169.2,1
U5338,213,FUSE2,5,Station 2.2: Drill station,43153.5,43161.9,43338.7,176.8,176.8,8.4,0
U6920,277,FUSE2,16,Station 6: Packaging,43089.4,43167.8,43283.8,116.0,116.0,78.4,0
U5318,213,FUSE0,14,Station 5.1: Top cover,43171.2,43171.2,43346.0,174.8,174.8,0.0,0
U5330,213,FUSE1,10,Station 3.4: Robot cell,42948.1,43175.2,43480.8,305.6,305.6,227.1,0
U5339,213,FUSE2,3,Station 2: Drill station,43175.5,43182.7,43359.5,176.8,176.8,7.2,0
U4636,186,FUSE0,1,Station 1: Bottom cover,43199.1,43199.1,43311.3,112.2,112.2,0.0,0
U5331,213,FUSE1,6,Station 3: Robot cell,42963.3,43200.0,43505.6,305.6,305.6,236.7,0
U5332,213,FUSE1,8,Station 3.2: Robot cell,43104.1,43208.0,43513.6,305.6,305.6,103.9,0
U5319,213,FUSE0,15,Station 5.2: Top cover,43201.6,43208.4,43383.2,174.8,174.8,6.8,0
U6921,277,FUSE2,17,Station 6.1: Packaging,43209.8,43209.8,43325.8,116.0,116.0,0.0,0
U5323,213,FUSE0,12,Station 4.1: Inspection,43116.6,43228.2,43345.8,117.6,117.6,111.6,0
U4637,186,FUSE0,2,Station 1.1: Bottom cover,43236.3,43236.3,43348.5,112.2,112.2,0.0,0
U5340,213,FUSE2,4,Station 2.1: Drill station,43249.5,43257.9,43434.7,176.8,176.8,8.4,0
U5324,213,FUSE0,11,Station 4: Inspection,43162.4,43275.4,43393.0,117.6,117.6,113.0,0
U5317,213,FUSE0,16,Station 6: Packaging,43247.0,43283.8,43399.8,116.0,116.0,36.8,0
U5333,213,FUSE2,9,Station 3.3: Robot cell,43104.9,43303.2,43641.2,338.0,338.0,198.3,0
U5322,213,FUSE0,13,Station 5: Top cover,43308.8,43308.8,43483.6,174.8,174.8,0.0,0
U4638,186,FUSE0,1,Station 1: Bottom cover,43315.1,43315.1,43427.3,112.2,112.2,0.0,0
U6923,277,FUSE2,17,Station 6.1: Packaging,43247.4,43325.8,43441.8,116.0,116.0,78.4,0
U4635,186,FUSE0,5,Station 2.2: Drill station,43331.5,43338.7,43515.5,176.8,176.8,7.2,0
U5327,213,FUSE1,12,Station 4.1: Inspection,43307.0,43345.8,43463.4,117.6,117.6,38.8,0
U5321,213,FUSE0,14,Station 5.1: Top cover,43339.2,43346.0,43520.8,174.8,174.8,6.8,0
U4639,186,FUSE0,2,Station 1.1: Bottom cover,43357.1,43357.1,43469.3,112.2,112.2,0.0,0
U4636,186,FUSE0,3,Station 2: Drill station,43350.3,43359.5,43536.3,176.8,176.8,9.2,0
U5320,213,FUSE0,15,Station 5.2: Top cover,43386.4,43386.4,43561.2,174.8,174.8,0.0,0
U5326,213,FUSE1,11,Station 4: Inspection,43239.0,43393.0,43510.6,117.6,117.6,154.0,1
U6922,277,FUSE2,16,Station 6: Packaging,43404.6,43404.6,43520.6,116.0,116.0,0.0,0
U5334,213,FUSE2,7,Station 3.1: Robot cell,43160.1,43409.0,43747.0,338.0,338.0,248.9,0
U4640,186,FUSE0,1,Station 1: Bottom cover,43431.1,43431.1,43543.3,112.2,112.2,0.0,0
U4637,186,FUSE0,4,Station 2.1: Drill station,43427.5,43434.7,43611.5,176.8,176.8,7.2,0
U5318,213,FUSE0,17,Station 6.1: Packaging,43405.0,43441.8,43557.8,116.0,116.0,36.8,0
U5325,213,FUSE1,12,Station 4.1: Inspection,43314.2,43463.4,43581.0,117.6,117.6,149.2,1
U4641,186,FUSE0,2,Station 1.1: Bottom cover,43473.1,43473.1,43585.3,112.2,112.2,0.0,0
U5335,213,FUSE2,10,Station 3.4: Robot cell,43320.9,43480.8,43818.8,338.0,338.0,159.9,0
U5323,213,FUSE0,13,Station 5: Top cover,43476.8,43483.6,43658.4,174.8,174.8,6.8,0
U5336,213,FUSE2,6,Station 3: Robot cell,43221.7,43505.6,43843.6,338.0,338.0,283.9,0
U5328,213,FUSE1,11,Station 4: Inspection,43402.2,43510.6,43628.2,117.6,117.6,108.4,0
U5337,213,FUSE2,8,Station 3.2: Robot cell,43356.9,43513.6,43851.6,338.0,338.0,156.7,0
U4638,186,FUSE0,5,Station 2.2: Drill station,43506.3,43515.5,43692.3,176.8,176.8,9.2,0
U5319,213,FUSE0,16,Station 6: Packaging,43442.2,43520.6,43636.6,116.0,116.0,78.4,0
U5324,213,FUSE0,14,Station 5.1: Top cover,43524.0,43524.0,43698.8,174.8,174.8,0.0,0
U4639,186,FUSE0,3,Station 2: Drill station,43528.3,43536.3,43713.1,176.8,176.8,8.0,0
U4642,186,FUSE0,1,Station 1: Bottom cover,43551.9,43551.9,43664.1,112.2,112.2,0.0,0
U5327,213,FUSE1,15,Station 5.2: Top cover,43554.4,43561.2,43736.0,174.8,174.8,6.8,0
U5322,213,FUSE0,17,Station 6.1: Packaging,43562.6,43562.6,43678.6,116.0,116.0,0.0,0
U5329,213,FUSE1,12,Station 4.1: Inspection,43488.0,43581.0,43698.6,117.6,117.6,93.0,0
U4643,186,FUSE0,2,Station 1.1: Bottom cover,43589.1,43589.1,43701.3,112.2,112.2,0.0,0
U4640,186,FUSE0,4,Station 2.1: Drill station,43602.3,43611.5,43788.3,176.8,176.8,9.2,0
U5332,213,FUSE1,11,Station 4: Inspection,43592.6,43628.2,43745.8,117.6,117.6,35.6,0
U5321,213,FUSE0,16,Station 6: Packaging,43599.8,43636.6,43752.6,116.0,116.0,36.8,0
U5338,213,FUSE2,9,Station 3.3: Robot cell,43477.7,43641.2,43979.2,338.0,338.0,163.5,0
U5326,213,FUSE1,13,Station 5: Top cover,43661.6,43661.6,43836.4,174.8,174.8,0.0,0
U4644,186,FUSE1,1,Station 1: Bottom cover,43667.9,43667.9,43780.1,112.2,112.2,0.0,0
U5320,213,FUSE0,17,Station 6.1: Packaging,43600.2,43678.6,43794.6,116.0,116.0,78.4,0
U4641,186,FUSE0,5,Station 2.2: Drill station,43684.3,43692.3,43869.1,176.8,176.8,8.0,0
U5331,213,FUSE1,12,Station 4.1: Inspection,43564.6,43698.6,43816.2,117.6,117.6,134.0,1
U5325,213,FUSE1,14,Station 5.1: Top cover,43692.0,43698.8,43873.6,174.8,174.8,6.8,0
U4645,186,FUSE1,2,Station 1.1: Bottom cover,43709.9,43709.9,43822.1,112.2,112.2,0.0,0
U4642,186,FUSE0,3,Station 2: Drill station,43703.1,43713.1,43889.9,176.8,176.8,10.0,0
U5328,213,FUSE1,15,Station 5.2: Top cover,43739.2,43739.2,43914.0,174.8,174.8,0.0,0
U5330,213,FUSE1,11,Station 4: Inspection,43599.8,43745.8,43863.4,117.6,117.6,146.0,1
U5339,213,FUSE2,7,Station 3.1: Robot cell,43418.5,43747.0,44085.0,338.0,338.0,328.5,0
U5323,213,FUSE0,16,Station 6: Packaging,43757.4,43757.4,43873.4,116.0,116.0,0.0,0
U4646,186,FUSE1,1,Station 1: Bottom cover,43783.9,43783.9,43896.1,112.2,112.2,0.0,0
U4643,186,FUSE0,4,Station 2.1: Drill station,43780.3,43788.3,43965.1,176.8,176.8,8.0,0
U5324,213,FUSE0,17,Station 6.1: Packaging,43757.8,43794.6,43910.6,116.0,116.0,36.8,0
U5333,213,FUSE2,12,Station 4.1: Inspection,43760.2,43816.2,43933.8,117.6,117.6,56.0,0
U5340,213,FUSE2,10,Station 3.4: Robot cell,43573.7,43818.8,44156.8,338.0,338.0,245.1,0
U4647,186,FUSE1,2,Station 1.1: Bottom cover,43825.9,43825.9,43938.1,112.2,112.2,0.0,0
U5329,213,FUSE1,13,Station 5: Top cover,43829.6,43836.4,44011.2,174.8,174.8,6.8,0
U4635,186,FUSE0,6,Station 3: Robot cell,43594.5,43843.6,44087.2,243.6,243.6,249.1,0
U4636,186,FUSE0,8,Station 3.2: Robot cell,43615.3,43851.6,44095.2,243.6,243.6,236.3,0
U5334,213,FUSE2,11,Station 4: Inspection,43806.0,43863.4,43981.0,117.6,117.6,57.4,0
U4644,186,FUSE1,5,Station 2.2: Drill station,43859.1,43869.1,44045.9,176.8,176.8,10.0,0
U5327,213,FUSE1,16,Station 6: Packaging,43795.0,43873.4,43989.4,116.0,116.0,78.4,0
U5332,213,FUSE1,14,Station 5.1: Top cover,43876.8,43876.8,44051.6,174.8,174.8,0.0,0
U4645,186,FUSE1,3,Station 2: Drill station,43881.1,43889.9,44066.7,176.8,176.8,8.8,0
U4648,186,FUSE1,1,Station 1: Bottom cover,43904.7,43904.7,44016.9,112.2,112.2,0.0,0
U5331,213,FUSE1,15,Station 5.2: Top cover,43907.2,43914.0,44088.8,174.8,174.8,6.8,0
U5326,213,FUSE1,17,Station 6.1: Packaging,43915.4,43915.4,44031.4,116.0,116.0,0.0,0
U4649,186,FUSE1,2,Station 1.1: Bottom cover,43941.9,43941.9,44054.1,112.2,112.2,0.0,0
U5337,213,FUSE2,12,Station 4.1: Inspection,43950.6,43950.6,44068.2,117.6,117.6,0.0,0
U4646,186,FUSE1,4,Station 2.1: Drill station,43955.1,43965.1,44141.9,176.8,176.8,10.0,0
U4637,186,FUSE0,9,Station 3.3: Robot cell,43730.5,43979.2,44222.8,243.6,243.6,248.7,0
U5336,213,FUSE2,11,Station 4: Inspection,43882.6,43981.0,44098.6,117.6,117.6,98.4,0
U5325,213,FUSE1,16,Station 6: Packaging,43952.6,43989.4,44105.4,116.0,116.0,36.8,0
U5330,213,FUSE1,13,Station 5: Top cover,44014.4,44014.4,44189.2,174.8,174.8,0.0,0
U4650,186,FUSE1,1,Station 1: Bottom cover,44020.7,44020.7,44132.9,112.2,112.2,0.0,0
U5328,213,FUSE1,17,Station 6.1: Packaging,43953.0,44031.4,44147.4,116.0,116.0,78.4,0
U4647,186,FUSE1,5,Station 2.2: Drill station,44037.1,44045.9,44222.7,176.8,176.8,8.8,0
U5333,213,FUSE2,14,Station 5.1: Top cover,44044.8,44051.6,44226.4,174.8,174.8,6.8,0
U4651,186,FUSE1,2,Station 1.1: Bottom cover,44062.7,44062.7,44174.9,112.2,112.2,0.0,0
U4648,186,FUSE1,3,Station 2: Drill station,44055.9,44066.7,44243.5,176.8,176.8,10.8,0
U5335,213,FUSE2,12,Station 4.1: Inspection,43957.8,44068.2,44185.8,117.6,117.6,110.4,0
U4638,186,FUSE0,7,Station 3.1: Robot cell,43791.3,44085.0,44328.6,243.6,243.6,293.7,0
U4639,186,FUSE0,6,Station 3: Robot cell,43752.1,44087.2,44330.8,243.6,243.6,335.1,1
U5334,213,FUSE2,15,Station 5.2: Top cover,44092.0,44092.0,44266.8,174.8,174.8,0.0,0
U4640,186,FUSE0,8,Station 3.2: Robot cell,43887.3,44095.2,44338.8,243.6,243.6,207.9,0
U5338,213,FUSE2,11,Station 4: Inspection,44078.2,44098.6,44216.2,117.6,117.6,20.4,0
U5329,213,FUSE1,16,Station 6: Packaging,44110.2,44110.2,44226.2,116.0,116.0,0.0,0
U4652,186,FUSE1,1,Station 1: Bottom cover,44136.7,44136.7,44248.9,112.2,112.2,0.0,0
U4649,186,FUSE1,4,Station 2.1: Drill station,44133.1,44141.9,44318.7,176.8,176.8,8.8,0
U5332,213,FUSE1,17,Station 6.1: Packaging,44110.6,44147.4,44263.4,116.0,116.0,36.8,0
U4641,186,FUSE0,10,Station 3.4: Robot cell,44028.1,44156.8,44400.4,243.6,243.6,128.7,0
U4653,186,FUSE1,2,Station 1.1: Bottom cover,44178.7,44178.7,44290.9,112.2,112.2,0.0,0
U5339,213,FUSE2,12,Station 4.1: Inspection,44164.0,44185.8,44303.4,117.6,117.6,21.8,0
U5337,213,FUSE2,13,Station 5: Top cover,44199.2,44199.2,44374.0,174.8,174.8,0.0,0
U4635,186,FUSE0,11,Station 4: Inspection,44126.2,44216.2,44333.8,117.6,117.6,90.0,0
U4650,186,FUSE1,5,Station 2.2: Drill station,44211.9,44222.7,44399.5,176.8,176.8,10.8,0
U4642,186,FUSE0,9,Station 3.3: Robot cell,43988.9,44222.8,44466.4,243.6,243.6,233.9,0
U5331,213,FUSE1,16,Station 6: Packaging,44147.8,44226.2,44342.2,116.0,116.0,78.4,0
U5336,213,FUSE2,14,Station 5.1: Top cover,44229.6,44229.6,44404.4,174.8,174.8,0.0,0
U4651,186,FUSE1,3,Station 2: Drill station,44233.9,44243.5,44420.3,176.8,176.8,9.6,0
U4654,186,FUSE2,1,Station 1: Bottom cover,44257.5,44257.5,44369.7,112.2,112.2,0.0,0
U5330,213,FUSE1,17,Station 6.1: Packaging,44268.2,44268.2,44384.2,116.0,116.0,0.0,0
U5335,213,FUSE2,15,Station 5.2: Top cover,44276.8,44276.8,44451.6,174.8,174.8,0.0,0
U4655,186,FUSE2,2,Station 1.1: Bottom cover,44294.7,44294.7,44406.9,112.2,112.2,0.0,0
U4636,186,FUSE0,12,Station 4.1: Inspection,44194.2,44303.4,44421.0,117.6,117.6,109.2,0
U4652,186,FUSE1,4,Station 2.1: Drill station,44307.9,44318.7,44495.5,176.8,176.8,10.8,0
U4643,186,FUSE0,7,Station 3.1: Robot cell,44044.1,44328.6,44572.2,243.6,243.6,284.5,1
U4644,186,FUSE1,6,Station 3: Robot cell,44124.9,44330.8,44636.4,305.6,305.6,205.9,0
U5340,213,FUSE2,11,Station 4: Inspection,44275.8,44333.8,44451.4,117.6,117.6,58.0,0
U4645,186,FUSE1,8,Station 3.2: Robot cell,44145.7,44338.8,44644.4,305.6,305.6,193.1,0
U5333,213,FUSE2,16,Station 6: Packaging,44305.4,44342.2,44458.2,116.0,116.0,36.8,0
U4656,186,FUSE2,1,Station 1: Bottom cover,44373.5,44373.5,44485.7,112.2,112.2,0.0,0
U5338,213,FUSE2,13,Station 5: Top cover,44367.2,44374.0,44548.8,174.8,174.8,6.8,0
U5334,213,FUSE2,17,Station 6.1: Packaging,44305.8,44384.2,44500.2,116.0,116.0,78.4,0
U4653,186,FUSE1,5,Station 2.2: Drill station,44389.9,44399.5,44576.3,176.8,176.8,9.6,0
U4646,186,FUSE1,10,Station 3.4: Robot cell,44280.9,44400.4,44706.0,305.6,305.6,119.5,0
U5339,213,FUSE2,14,Station 5.1: Top cover,44414.4,44414.4,44589.2,174.8,174.8,0.0,0
U4657,186,FUSE2,2,Station 1.1: Bottom cover,44415.5,44415.5,44527.7,112.2,112.2,0.0,0
U4654,186,FUSE2,3,Station 2: Drill station,44408.7,44420.3,44597.1,176.8,176.8,11.6,0
U4637,186,FUSE0,12,Station 4.1: Inspection,44341.8,44421.0,44538.6,117.6,117.6,79.2,0
U4638,186,FUSE0,11,Station 4: Inspection,44387.6,44451.4,44569.0,117.6,117.6,63.8,0
U4635,186,FUSE0,15,Station 5.2: Top cover,44444.8,44451.6,44626.4,174.8,174.8,6.8,0
U4647,186,FUSE1,9,Station 3.3: Robot cell,44361.7,44466.4,44772.0,305.6,305.6,104.7,0
U5337,213,FUSE2,16,Station 6: Packaging,44473.0,44473.0,44589.0,116.0,116.0,0.0,0
U4658,186,FUSE2,1,Station 1: Bottom cover,44489.5,44489.5,44601.7,112.2,112.2,0.0,0
U4655,186,FUSE2,4,Station 2.1: Drill station,44485.9,44495.5,44672.3,176.8,176.8,9.6,0
U5336,213,FUSE2,17,Station 6.1: Packaging,44463.4,44500.2,44616.2,116.0,116.0,36.8,0
U4659,186,FUSE2,2,Station 1.1: Bottom cover,44531.5,44531.5,44643.7,112.2,112.2,0.0,0
U4639,186,FUSE0,12,Station 4.1: Inspection,44389.8,44538.6,44656.2,117.6,117.6,148.8,1
U4636,186,FUSE0,13,Station 5: Top cover,44552.0,44552.0,44726.8,174.8,174.8,0.0,0
U4640,186,FUSE0,11,Station 4: Inspection,44417.8,44569.0,44686.6,117.6,117.6,151.2,1
U4648,186,FUSE1,7,Station 3.1: Robot cell,44302.5,44572.2,44877.8,305.6,305.6,269.7,1
U4656,186,FUSE2,5,Station 2.2: Drill station,44564.7,44576.3,44753.1,176.8,176.8,11.6,0
U5335,213,FUSE2,16,Station 6: Packaging,44510.6,44589.0,44705.0,116.0,116.0,78.4,0
U5340,213,FUSE2,14,Station 5.1: Top cover,44582.4,44589.2,44764.0,174.8,174.8,6.8,0
U4657,186,FUSE2,3,Station 2: Drill station,44586.7,44597.1,44773.9,176.8,176.8,10.4,0
U4660,186,FUSE2,1,Station 1: Bottom cover,44620.3,44620.3,44732.5,112.2,112.2,0.0,0
U5338,213,FUSE2,17,Station 6.1: Packaging,44627.8,44627.8,44743.8,116.0,116.0,0.0,0
U4637,186,FUSE0,15,Station 5.2: Top cover,44629.6,44629.6,44804.4,174.8,174.8,0.0,0
U4649,186,FUSE1,6,Station 3: Robot cell,44377.7,44636.4,44942.0,305.6,305.6,258.7,0
U4650,186,FUSE1,8,Station 3.2: Robot cell,44518.5,44644.4,44950.0,305.6,305.6,125.9,0
U4661,186,FUSE2,2,Station 1.1: Bottom cover,44647.5,44647.5,44759.7,112.2,112.2,0.0,0
U4641,186,FUSE0,12,Station 4.1: Inspection,44539.4,44656.2,44773.8,117.6,117.6,116.8,0
U4658,186,FUSE2,4,Station 2.1: Drill station,44660.7,44672.3,44849.1,176.8,176.8,11.6,0
U4642,186,FUSE0,11,Station 4: Inspection,44565.4,44686.6,44804.2,117.6,117.6,121.2,1
U5339,213,FUSE2,16,Station 6: Packaging,44668.2,44705.0,44821.0,116.0,116.0,36.8,0
U4651,186,FUSE1,10,Station 3.4: Robot cell,44539.3,44706.0,45011.6,305.6,305.6,166.7,0
U4638,186,FUSE0,13,Station 5: Top cover,44720.0,44726.8,44901.6,174.8,174.8,6.8,0
U4662,186,FUSE2,1,Station 1: Bottom cover,44736.3,44736.3,44848.5,112.2,112.2,0.0,0
U4635,186,FUSE0,17,Station 6.1: Packaging,44665.4,44743.8,44859.8,116.0,116.0,78.4,0
U4659,186,FUSE2,5,Station 2.2: Drill station,44742.7,44753.1,44929.9,176.8,176.8,10.4,0
U4639,186,FUSE0,14,Station 5.1: Top cover,44767.2,44767.2,44942.0,174.8,174.8,0.0,0
U4652,186,FUSE1,9,Station 3.3: Robot cell,44614.5,44772.0,45077.6,305.6,305.6,157.5,0
U4643,186,FUSE0,12,Station 4.1: Inspection,44651.2,44773.8,44891.4,117.6,117.6,122.6,1
U4660,186,FUSE2,3,Station 2: Drill station,44771.5,44773.9,44950.7,176.8,176.8,2.4,0
U4663,186,FUSE2,2,Station 1.1: Bottom cover,44775.1,44775.1,44887.3,112.2,112.2,0.0,0
U4644,186,FUSE1,11,Station 4: Inspection,44675.4,44804.2,44921.8,117.6,117.6,128.8,1
U4640,186,FUSE0,15,Station 5.2: Top cover,44797.6,44804.4,44979.2,174.8,174.8,6.8,0
U4636,186,FUSE0,16,Station 6: Packaging,44825.8,44825.8,44941.8,116.0,116.0,0.0,0
U4661,186,FUSE2,4,Station 2.1: Drill station,44838.7,44849.1,45025.9,176.8,176.8,10.4,0
U6650,267,FUSE0,1,Station 1: Bottom cover,44852.3,44852.3,44964.5,112.2,112.2,0.0,0
U5340,213,FUSE2,17,Station 6.1: Packaging,44823.0,44859.8,44975.8,116.0,116.0,36.8,0
U4653,186,FUSE1,7,Station 3.1: Robot cell,44675.3,44877.8,45183.4,305.6,305.6,202.5,0
U6651,267,FUSE0,2,Station 1.1: Bottom cover,44891.1,44891.1,45003.3,112.2,112.2,0.0,0
U4645,186,FUSE1,12,Station 4.1: Inspection,44743.4,44891.4,45009.0,117.6,117.6,148.0,1
U4641,186,FUSE0,13,Station 5: Top cover,44904.8,44904.8,45079.6,174.8,174.8,0.0,0
U4646,186,FUSE1,11,Station 4: Inspection,44825.0,44921.8,45039.4,117.6,117.6,96.8,0
U4662,186,FUSE2,5,Station 2.2: Drill station,44927.5,44929.9,45106.7,176.8,176.8,2.4,0
U4637,186,FUSE0,16,Station 6: Packaging,44863.4,44941.8,45057.8,116.0,116.0,78.4,0
U4642,186,FUSE0,14,Station 5.1: Top cover,44935.2,44942.0,45116.8,174.8,174.8,6.8,0
U4654,186,FUSE2,6,Station 3: Robot cell,44636.1,44942.0,45280.0,338.0,338.0,305.9,1
U4655,186,FUSE2,8,Station 3.2: Robot cell,44771.3,44950.0,45288.0,338.0,338.0,178.7,0
U4663,186,FUSE2,3,Station 2: Drill station,44946.3,44950.7,45127.5,176.8,176.8,4.4,0
U6652,267,FUSE0,1,Station 1: Bottom cover,44973.1,44973.1,45085.3,112.2,112.2,0.0,0
U4638,186,FUSE0,17,Station 6.1: Packaging,44980.6,44980.6,45096.6,116.0,116.0,0.0,0
U4643,186,FUSE0,15,Station 5.2: Top cover,44982.4,44982.4,45157.2,174.8,174.8,0.0,0
U6653,267,FUSE0,2,Station 1.1: Bottom cover,45007.1,45007.1,45119.3,112.2,112.2,0.0,0
U4647,186,FUSE1,12,Station 4.1: Inspection,44891.0,45009.0,45126.6,117.6,117.6,118.0,1
U4656,186,FUSE2,10,Station 3.4: Robot cell,44912.1,45011.6,45349.6,338.0,338.0,99.5,0
U6650,267,FUSE0,4,Station 2.1: Drill station,45023.5,45025.9,45202.7,176.8,176.8,2.4,0
U4648,186,FUSE1,11,Station 4: Inspection,44936.8,45039.4,45157.0,117.6,117.6,102.6,0
U4639,186,FUSE0,16,Station 6: Packaging,45021.0,45057.8,45173.8,116.0,116.0,36.8,0
U4657,186,FUSE2,9,Station 3.3: Robot cell,44872.9,45077.6,45415.6,338.0,338.0,204.7,0
U4644,186,FUSE1,13,Station 5: Top cover,45072.8,45079.6,45254.4,174.8,174.8,6.8,0
U6654,267,FUSE0,1,Station 1: Bottom cover,45089.1,45089.1,45201.3,112.2,112.2,0.0,0
U4640,186,FUSE0,17,Station 6.1: Packaging,45018.2,45096.6,45212.6,116.0,116.0,78.4,0
U6651,267,FUSE0,5,Station 2.2: Drill station,45102.3,45106.7,45283.5,176.8,176.8,4.4,0
U4645,186,FUSE1,14,Station 5.1: Top cover,45120.0,45120.0,45294.8,174.8,174.8,0.0,0
U4649,186,FUSE1,12,Station 4.1: Inspection,45001.0,45126.6,45244.2,117.6,117.6,125.6,1
U6652,267,FUSE0,3,Station 2: Drill station,45124.3,45127.5,45304.3,176.8,176.8,3.2,0
U6655,267,FUSE0,2,Station 1.1: Bottom cover,45127.9,45127.9,45240.1,112.2,112.2,0.0,0
U4650,186,FUSE1,11,Station 4: Inspection,45029.0,45157.0,45274.6,117.6,117.6,128.0,1
U4646,186,FUSE1,15,Station 5.2: Top cover,45150.4,45157.2,45332.0,174.8,174.8,6.8,0
U4641,186,FUSE0,16,Station 6: Packaging,45178.6,45178.6,45294.6,116.0,116.0,0.0,0
U4658,186,FUSE2,7,Station 3.1: Robot cell,44928.1,45183.4,45521.4,338.0,338.0,255.3,0
U6653,267,FUSE0,4,Station 2.1: Drill station,45198.3,45202.7,45379.5,176.8,176.8,4.4,0
U6656,267,FUSE0,1,Station 1: Bottom cover,45205.1,45205.1,45317.3,112.2,112.2,0.0,0
U4642,186,FUSE0,17,Station 6.1: Packaging,45175.8,45212.6,45328.6,116.0,116.0,36.8,0
U6657,267,FUSE0,2,Station 1.1: Bottom cover,45243.9,45243.9,45356.1,112.2,112.2,0.0,0
U4651,186,FUSE1,12,Station 4.1: Inspection,45150.6,45244.2,45361.8,117.6,117.6,93.6,0
U4647,186,FUSE1,13,Station 5: Top cover,45257.6,45257.6,45432.4,174.8,174.8,0.0,0
U4652,186,FUSE1,11,Station 4: Inspection,45176.6,45274.6,45392.2,117.6,117.6,98.0,0
U4659,186,FUSE2,6,Station 3: Robot cell,45008.9,45280.0,45618.0,338.0,338.0,271.1,0
U6654,267,FUSE0,5,Station 2.2: Drill station,45280.3,45283.5,45460.3,176.8,176.8,3.2,0
U4660,186,FUSE2,8,Station 3.2: Robot cell,45029.7,45288.0,45626.0,338.0,338.0,258.3,0
U4643,186,FUSE0,16,Station 6: Packaging,45216.2,45294.6,45410.6,116.0,116.0,78.4,0
U4648,186,FUSE1,14,Station 5.1: Top cover,45288.0,45294.8,45469.6,174.8,174.8,6.8,0
U6655,267,FUSE0,3,Station 2: Drill station,45299.1,45304.3,45481.1,176.8,176.8,5.2,0
U6658,267,FUSE1,1,Station 1: Bottom cover,45325.9,45325.9,45438.1,112.2,112.2,0.0,0
U4644,186,FUSE1,17,Station 6.1: Packaging,45333.4,45333.4,45449.4,116.0,116.0,0.0,0
U4649,186,FUSE1,15,Station 5.2: Top cover,45335.2,45335.2,45510.0,174.8,174.8,0.0,0
U4661,186,FUSE2,10,Station 3.4: Robot cell,45164.9,45349.6,45687.6,338.0,338.0,184.7,0
U6659,267,FUSE1,2,Station 1.1: Bottom cover,45359.9,45359.9,45472.1,112.2,112.2,0.0,0
U4653,186,FUSE1,12,Station 4.1: Inspection,45262.4,45361.8,45479.4,117.6,117.6,99.4,0
U6656,267,FUSE0,4,Station 2.1: Drill station,45376.3,45379.5,45556.3,176.8,176.8,3.2,0
U4654,186,FUSE2,11,Station 4: Inspection,45319.0,45392.2,45509.8,117.6,117.6,73.2,0
U4645,186,FUSE1,16,Station 6: Packaging,45373.8,45410.6,45526.6,116.0,116.0,36.8,0
U4662,186,FUSE2,9,Station 3.3: Robot cell,45245.7,45415.6,45753.6,338.0,338.0,169.9,0
U4650,186,FUSE1,13,Station 5: Top cover,45425.6,45432.4,45607.2,174.8,174.8,6.8,0
U6660,267,FUSE1,1,Station 1: Bottom cover,45441.9,45441.9,45554.1,112.2,112.2,0.0,0
U4646,186,FUSE1,17,Station 6.1: Packaging,45371.0,45449.4,45565.4,116.0,116.0,78.4,0
U6657,267,FUSE0,5,Station 2.2: Drill station,45455.1,45460.3,45637.1,176.8,176.8,5.2,0
U4651,186,FUSE1,14,Station 5.1: Top cover,45472.8,45472.8,45647.6,174.8,174.8,0.0,0
U4655,186,FUSE2,12,Station 4.1: Inspection,45387.0,45479.4,45597.0,117.6,117.6,92.4,0
U6661,267,FUSE1,2,Station 1.1: Bottom cover,45480.7,45480.7,45592.9,112.2,112.2,0.0,0
U6658,267,FUSE1,3,Station 2: Drill station,45477.1,45481.1,45657.9,176.8,176.8,4.0,0
U4656,186,FUSE2,11,Station 4: Inspection,45468.6,45509.8,45627.4,117.6,117.6,41.2,0
U4652,186,FUSE1,15,Station 5.2: Top cover,45503.2,45510.0,45684.8,174.8,174.8,6.8,0
U4663,186,FUSE2,7,Station 3.1: Robot cell,45186.5,45521.4,45859.4,338.0,338.0,334.9,0
U4647,186,FUSE1,16,Station 6: Packaging,45531.4,45531.4,45647.4,116.0,116.0,0.0,0
U6659,267,FUSE1,4,Station 2.1: Drill station,45551.1,45556.3,45733.1,176.8,176.8,5.2,0
U6662,267,FUSE1,1,Station 1: Bottom cover,45557.9,45557.9,45670.1,112.2,112.2,0.0,0
U4648,186,FUSE1,17,Station 6.1: Packaging,45528.6,45565.4,45681.4,116.0,116.0,36.8,0
U6663,267,FUSE1,2,Station 1.1: Bottom cover,45596.7,45596.7,45708.9,112.2,112.2,0.0,0
U4657,186,FUSE2,12,Station 4.1: Inspection,45534.6,45597.0,45714.6,117.6,117.6,62.4,0
U4653,186,FUSE1,13,Station 5: Top cover,45610.4,45610.4,45785.2,174.8,174.8,0.0,0
U6650,267,FUSE0,6,Station 3: Robot cell,45261.7,45618.0,45861.6,243.6,243.6,356.3,1
U6651,267,FUSE0,8,Station 3.2: Robot cell,45402.5,45626.0,45869.6,243.6,243.6,223.5,0
U4658,186,FUSE2,11,Station 4: Inspection,45580.4,45627.4,45745.0,117.6,117.6,47.0,0
U6660,267,FUSE1,5,Station 2.2: Drill station,45633.1,45637.1,45813.9,176.8,176.8,4.0,0
U4649,186,FUSE1,16,Station 6: Packaging,45569.0,45647.4,45763.4,116.0,116.0,78.4,0
U4654,186,FUSE2,14,Station 5.1: Top cover,45640.8,45647.6,45822.4,174.8,174.8,6.8,0
U6661,267,FUSE1,3,Station 2: Drill station,45651.9,45657.9,45834.7,176.8,176.8,6.0,0
U6664,267,FUSE1,1,Station 1: Bottom cover,45678.7,45678.7,45790.9,112.2,112.2,0.0,0
U4650,186,FUSE1,17,Station 6.1: Packaging,45686.2,45686.2,45802.2,116.0,116.0,0.0,0
U6652,267,FUSE0,10,Station 3.4: Robot cell,45423.3,45687.6,45931.2,243.6,243.6,264.3,0
U4655,186,FUSE2,15,Station 5.2: Top cover,45688.0,45688.0,45862.8,174.8,174.8,0.0,0
U6665,267,FUSE1,2,Station 1.1: Bottom cover,45712.7,45712.7,45824.9,112.2,112.2,0.0,0
U4659,186,FUSE2,12,Station 4.1: Inspection,45677.0,45714.6,45832.2,117.6,117.6,37.6,0
U6662,267,FUSE1,4,Station 2.1: Drill station,45729.1,45733.1,45909.9,176.8,176.8,4.0,0
U4660,186,FUSE2,11,Station 4: Inspection,45705.0,45745.0,45862.6,117.6,117.6,40.0,0
U6653,267,FUSE0,9,Station 3.3: Robot cell,45498.5,45753.6,45997.2,243.6,243.6,255.1,0
U4651,186,FUSE1,16,Station 6: Packaging,45726.6,45763.4,45879.4,116.0,116.0,36.8,0
U4656,186,FUSE2,13,Station 5: Top cover,45778.4,45785.2,45960.0,174.8,174.8,6.8,0
U6666,267,FUSE2,1,Station 1: Bottom cover,45794.7,45794.7,45906.9,112.2,112.2,0.0,0
U4652,186,FUSE1,17,Station 6.1: Packaging,45723.8,45802.2,45918.2,116.0,116.0,78.4,0
U6663,267,FUSE1,5,Station 2.2: Drill station,45807.9,45813.9,45990.7,176.8,176.8,6.0,0
U4657,186,FUSE2,14,Station 5.1: Top cover,45825.6,45825.6,46000.4,174.8,174.8,0.0,0
U4661,186,FUSE2,12,Station 4.1: Inspection,45826.6,45832.2,45949.8,117.6,117.6,5.6,0
U6667,267,FUSE2,2,Station 1.1: Bottom cover,45833.5,45833.5,45945.7,112.2,112.2,0.0,0
U6664,267,FUSE1,3,Station 2: Drill station,45829.9,45834.7,46011.5,176.8,176.8,4.8,0
U6654,267,FUSE0,7,Station 3.1: Robot cell,45559.3,45859.4,46103.0,243.6,243.6,300.1,0
U6655,267,FUSE0,6,Station 3: Robot cell,45520.1,45861.6,46105.2,243.6,243.6,341.5,1
U4662,186,FUSE2,11,Station 4: Inspection,45852.6,45862.6,45980.2,117.6,117.6,10.0,0
U4658,186,FUSE2,15,Station 5.2: Top cover,45856.0,45862.8,46037.6,174.8,174.8,6.8,0
U6656,267,FUSE0,8,Station 3.2: Robot cell,45655.3,45869.6,46113.2,243.6,243.6,214.3,0
U4653,186,FUSE1,16,Station 6: Packaging,45884.2,45884.2,46000.2,116.0,116.0,0.0,0
U6665,267,FUSE1,4,Station 2.1: Drill station,45903.9,45909.9,46086.7,176.8,176.8,6.0,0
U6668,267,FUSE2,1,Station 1: Bottom cover,45910.7,45910.7,46022.9,112.2,112.2,0.0,0
U4654,186,FUSE2,17,Station 6.1: Packaging,45881.4,45918.2,46034.2,116.0,116.0,36.8,0
U6657,267,FUSE0,10,Station 3.4: Robot cell,45796.1,45931.2,46174.8,243.6,243.6,135.1,0
U6669,267,FUSE2,2,Station 1.1: Bottom cover,45949.5,45949.5,46061.7,112.2,112.2,0.0,0
U4663,186,FUSE2,12,Station 4.1: Inspection,45938.4,45949.8,46067.4,117.6,117.6,11.4,0
U4659,186,FUSE2,13,Station 5: Top cover,45963.2,45963.2,46138.0,174.8,174.8,0.0,0
U6650,267,FUSE0,11,Station 4: Inspection,45900.6,45980.2,46097.8,117.6,117.6,79.6,0
U6666,267,FUSE2,5,Station 2.2: Drill station,45985.9,45990.7,46167.5,176.8,176.8,4.8,0
U6658,267,FUSE1,9,Station 3.3: Robot cell,45756.9,45997.2,46302.8,305.6,305.6,240.3,0
U4655,186,FUSE2,16,Station 6: Packaging,45921.8,46000.2,46116.2,116.0,116.0,78.4,0
U4660,186,FUSE2,14,Station 5.1: Top cover,45993.6,46000.4,46175.2,174.8,174.8,6.8,0
U6667,267,FUSE2,3,Station 2: Drill station,46004.7,46011.5,46188.3,176.8,176.8,6.8,0
U6670,267,FUSE2,1,Station 1: Bottom cover,46031.5,46031.5,46143.7,112.2,112.2,0.0,0
U4656,186,FUSE2,17,Station 6.1: Packaging,46039.0,46039.0,46155.0,116.0,116.0,0.0,0
U4661,186,FUSE2,15,Station 5.2: Top cover,46040.8,46040.8,46215.6,174.8,174.8,0.0,0
U6671,267,FUSE2,2,Station 1.1: Bottom cover,46065.5,46065.5,46177.7,112.2,112.2,0.0,0
U6651,267,FUSE0,12,Station 4.1: Inspection,45968.6,46067.4,46185.0,117.6,117.6,98.8,0
U6668,267,FUSE2,4,Station 2.1: Drill station,46081.9,46086.7,46263.5,176.8,176.8,4.8,0
U6652,267,FUSE0,11,Station 4: Inspection,46050.2,46097.8,46215.4,117.6,117.6,47.6,0
U6659,267,FUSE1,7,Station 3.1: Robot cell,45812.1,46103.0,46408.6,305.6,305.6,290.9,1
U6660,267,FUSE1,6,Station 3: Robot cell,45892.9,46105.2,46410.8,305.6,305.6,212.3,0
U6661,267,FUSE1,8,Station 3.2: Robot cell,45913.7,46113.2,46418.8,305.6,305.6,199.5,0
U4657,186,FUSE2,16,Station 6: Packaging,46079.4,46116.2,46232.2,116.0,116.0,36.8,0
U4662,186,FUSE2,13,Station 5: Top cover,46131.2,46138.0,46312.8,174.8,174.8,6.8,0
U6672,267,FUSE2,1,Station 1: Bottom cover,46147.5,46147.5,46259.7,112.2,112.2,0.0,0
U4658,186,FUSE2,17,Station 6.1: Packaging,46076.6,46155.0,46271.0,116.0,116.0,78.4,0
U6669,267,FUSE2,5,Station 2.2: Drill station,46160.7,46167.5,46344.3,176.8,176.8,6.8,0
U6662,267,FUSE1,10,Station 3.4: Robot cell,46048.9,46174.8,46480.4,305.6,305.6,125.9,0
U4663,186,FUSE2,14,Station 5.1: Top cover,46178.4,46178.4,46353.2,174.8,174.8,0.0,0
U6653,267,FUSE0,12,Station 4.1: Inspection,46116.2,46185.0,46302.6,117.6,117.6,68.8,0
U6673,267,FUSE2,2,Station 1.1: Bottom cover,46186.3,46186.3,46298.5,112.2,112.2,0.0,0
U6670,267,FUSE2,3,Station 2: Drill station,46182.7,46188.3,46365.1,176.8,176.8,5.6,0
U6654,267,FUSE0,11,Station 4: Inspection,46162.0,46215.4,46333.0,117.6,117.6,53.4,0
U6650,267,FUSE0,15,Station 5.2: Top cover,46208.8,46215.6,46390.4,174.8,174.8,6.8,0
U4659,186,FUSE2,16,Station 6: Packaging,46237.0,46237.0,46353.0,116.0,116.0,0.0,0
U7256,291,FUSE0,1,Station 1: Bottom cover,46263.5,46263.5,46375.7,112.2,112.2,0.0,0
U6671,267,FUSE2,4,Station 2.1: Drill station,46256.7,46263.5,46440.3,176.8,176.8,6.8,0
U4660,186,FUSE2,17,Station 6.1: Packaging,46234.2,46271.0,46387.0,116.0,116.0,36.8,0
U7257,291,FUSE0,2,Station 1.1: Bottom cover,46302.3,46302.3,46414.5,112.2,112.2,0.0,0
U6655,267,FUSE0,12,Station 4.1: Inspection,46164.2,46302.6,46420.2,117.6,117.6,138.4,1
U6663,267,FUSE1,9,Station 3.3: Robot cell,46129.7,46302.8,46608.4,305.6,305.6,173.1,0
U6651,267,FUSE0,13,Station 5: Top cover,46316.0,46316.0,46490.8,174.8,174.8,0.0,0
U6656,267,FUSE0,11,Station 4: Inspection,46192.2,46333.0,46450.6,117.6,117.6,140.8,1
U6672,267,FUSE2,5,Station 2.2: Drill station,46338.7,46344.3,46521.1,176.8,176.8,5.6,0
U4661,186,FUSE2,16,Station 6: Packaging,46274.6,46353.0,46469.0,116.0,116.0,78.4,0
U6652,267,FUSE0,14,Station 5.1: Top cover,46346.4,46353.2,46528.0,174.8,174.8,6.8,0
U6673,267,FUSE2,3,Station 2: Drill station,46357.5,46365.1,46541.9,176.8,176.8,7.6,0
U7258,291,FUSE0,1,Station 1: Bottom cover,46384.3,46384.3,46496.5,112.2,112.2,0.0,0
U4662,186,FUSE2,17,Station 6.1: Packaging,46391.8,46391.8,46507.8,116.0,116.0,0.0,0
U6653,267,FUSE0,15,Station 5.2: Top cover,46393.6,46393.6,46568.4,174.8,174.8,0.0,0
U6664,267,FUSE1,7,Station 3.1: Robot cell,46070.5,46408.6,46714.2,305.6,305.6,338.1,1
U6665,267,FUSE1,6,Station 3: Robot cell,46145.7,46410.8,46716.4,305.6,305.6,265.1,0
U7259,291,FUSE0,2,Station 1.1: Bottom cover,46418.3,46418.3,46530.5,112.2,112.2,0.0,0
U6666,267,FUSE2,8,Station 3.2: Robot cell,46286.5,46418.8,46756.8,338.0,338.0,132.3,0
U6657,267,FUSE0,12,Station 4.1: Inspection,46313.8,46420.2,46537.8,117.6,117.6,106.4,0
U7256,291,FUSE0,4,Station 2.1: Drill station,46434.7,46440.3,46617.1,176.8,176.8,5.6,0
U6658,267,FUSE1,11,Station 4: Inspection,46401.8,46450.6,46568.2,117.6,117.6,48.8,0
U4663,186,FUSE2,16,Station 6: Packaging,46432.2,46469.0,46585.0,116.0,116.0,36.8,0
U6667,267,FUSE2,10,Station 3.4: Robot cell,46307.3,46480.4,46818.4,338.0,338.0,173.1,0
U6654,267,FUSE0,13,Station 5: Top cover,46484.0,46490.8,46665.6,174.8,174.8,6.8,0
U7260,291,FUSE0,1,Station 1: Bottom cover,46500.3,46500.3,46612.5,112.2,112.2,0.0,0
U6650,267,FUSE0,17,Station 6.1: Packaging,46429.4,46507.8,46623.8,116.0,116.0,78.4,0
U7257,291,FUSE0,5,Station 2.2: Drill station,46513.5,46521.1,46697.9,176.8,176.8,7.6,0
U6655,267,FUSE0,14,Station 5.1: Top cover,46531.2,46531.2,46706.0,174.8,174.8,0.0,0
U6659,267,FUSE1,12,Station 4.1: Inspection,46487.6,46537.8,46655.4,117.6,117.6,50.2,0
U7261,291,FUSE0,2,Station 1.1: Bottom cover,46539.1,46539.1,46651.3,112.2,112.2,0.0,0
U7258,291,FUSE0,3,Station 2: Drill station,46535.5,46541.9,46718.7,176.8,176.8,6.4,0
U6660,267,FUSE1,11,Station 4: Inspection,46449.8,46568.2,46685.8,117.6,117.6,118.4,1
U6656,267,FUSE0,15,Station 5.2: Top cover,46561.6,46568.4,46743.2,174.8,174.8,6.8,0
U6651,267,FUSE0,16,Station 6: Packaging,46589.8,46589.8,46705.8,116.0,116.0,0.0,0
U6668,267,FUSE2,9,Station 3.3: Robot cell,46382.5,46608.4,46946.4,338.0,338.0,225.9,0
U7262,291,FUSE0,1,Station 1: Bottom cover,46616.3,46616.3,46728.5,112.2,112.2,0.0,0
U7259,291,FUSE0,4,Station 2.1: Drill station,46609.5,46617.1,46793.9,176.8,176.8,7.6,0
U6652,267,FUSE0,17,Station 6.1: Packaging,46587.0,46623.8,46739.8,116.0,116.0,36.8,0
U7263,291,FUSE1,2,Station 1.1: Bottom cover,46655.1,46655.1,46767.3,112.2,112.2,0.0,0
U6661,267,FUSE1,12,Station 4.1: Inspection,46517.8,46655.4,46773.0,117.6,117.6,137.6,1
U6657,267,FUSE0,13,Station 5: Top cover,46668.8,46668.8,46843.6,174.8,174.8,0.0,0
U6662,267,FUSE1,11,Station 4: Inspection,46599.4,46685.8,46803.4,117.6,117.6,86.4,0
U7260,291,FUSE0,5,Station 2.2: Drill station,46691.5,46697.9,46874.7,176.8,176.8,6.4,0
U6653,267,FUSE0,16,Station 6: Packaging,46627.4,46705.8,46821.8,116.0,116.0,78.4,0
U6658,267,FUSE1,14,Station 5.1: Top cover,46699.2,46706.0,46880.8,174.8,174.8,6.8,0
U6669,267,FUSE2,7,Station 3.1: Robot cell,46443.3,46714.2,47052.2,338.0,338.0,270.9,0
U6670,267,FUSE2,6,Station 3: Robot cell,46404.1,46716.4,47054.4,338.0,338.0,312.3,1
U7261,291,FUSE0,3,Station 2: Drill station,46710.3,46718.7,46895.5,176.8,176.8,8.4,0
U7264,291,FUSE1,1,Station 1: Bottom cover,46737.1,46737.1,46849.3,112.2,112.2,0.0,0
U6654,267,FUSE0,17,Station 6.1: Packaging,46744.6,46744.6,46860.6,116.0,116.0,0.0,0
U6659,267,FUSE1,15,Station 5.2: Top cover,46746.4,46746.4,46921.2,174.8,174.8,0.0,0
U6671,267,FUSE2,8,Station 3.2: Robot cell,46539.3,46756.8,47094.8,338.0,338.0,217.5,0
U7265,291,FUSE1,2,Station 1.1: Bottom cover,46771.1,46771.1,46883.3,112.2,112.2,0.0,0
U6663,267,FUSE1,12,Station 4.1: Inspection,46727.4,46773.0,46890.6,117.6,117.6,45.6,0
U7262,291,FUSE0,4,Station 2.1: Drill station,46787.5,46793.9,46970.7,176.8,176.8,6.4,0
U6664,267,FUSE1,11,Station 4: Inspection,46773.2,46803.4,46921.0,117.6,117.6,30.2,0
U6672,267,FUSE2,10,Station 3.4: Robot cell,46680.1,46818.4,47156.4,338.0,338.0,138.3,0
U6655,267,FUSE0,16,Station 6: Packaging,46785.0,46821.8,46937.8,116.0,116.0,36.8,0
U6660,267,FUSE1,13,Station 5: Top cover,46836.8,46843.6,47018.4,174.8,174.8,6.8,0
U7266,291,FUSE1,1,Station 1: Bottom cover,46853.1,46853.1,46965.3,112.2,112.2,0.0,0
U6656,267,FUSE0,17,Station 6.1: Packaging,46782.2,46860.6,46976.6,116.0,116.0,78.4,0
U7263,291,FUSE1,5,Station 2.2: Drill station,46866.3,46874.7,47051.5,176.8,176.8,8.4,0
U6661,267,FUSE1,14,Station 5.1: Top cover,46884.0,46884.0,47058.8,174.8,174.8,0.0,0
U6665,267,FUSE1,12,Station 4.1: Inspection,46775.4,46890.6,47008.2,117.6,117.6,115.2,0
U7267,291,FUSE1,2,Station 1.1: Bottom cover,46891.9,46891.9,47004.1,112.2,112.2,0.0,0
U7264,291,FUSE1,3,Station 2: Drill station,46888.3,46895.5,47072.3,176.8,176.8,7.2,0
U6666,267,FUSE2,11,Station 4: Inspection,46835.8,46921.0,47038.6,117.6,117.6,85.2,0
U6662,267,FUSE1,15,Station 5.2: Top cover,46914.4,46921.2,47096.0,174.8,174.8,6.8,0
U6657,267,FUSE0,16,Station 6: Packaging,46942.6,46942.6,47058.6,116.0,116.0,0.0,0
U6673,267,FUSE2,9,Station 3.3: Robot cell,46640.9,46946.4,47284.4,338.0,338.0,305.5,0
U7268,291,FUSE1,1,Station 1: Bottom cover,46969.1,46969.1,47081.3,112.2,112.2,0.0,0
U7265,291,FUSE1,4,Station 2.1: Drill station,46962.3,46970.7,47147.5,176.8,176.8,8.4,0
U6658,267,FUSE1,17,Station 6.1: Packaging,46939.8,46976.6,47092.6,116.0,116.0,36.8,0
U7269,291,FUSE1,2,Station 1.1: Bottom cover,47007.9,47007.9,47120.1,112.2,112.2,0.0,0
U6667,267,FUSE2,12,Station 4.1: Inspection,46957.4,47008.2,47125.8,117.6,117.6,50.8,0
U6663,267,FUSE1,13,Station 5: Top cover,47021.6,47021.6,47196.4,174.8,174.8,0.0,0
U6668,267,FUSE2,11,Station 4: Inspection,47045.4,47045.4,47163.0,117.6,117.6,0.0,0
U7266,291,FUSE1,5,Station 2.2: Drill station,47044.3,47051.5,47228.3,176.8,176.8,7.2,0
U7256,291,FUSE0,7,Station 3.1: Robot cell,46696.1,47052.2,47295.8,243.6,243.6,356.1,1
U7257,291,FUSE0,6,Station 3: Robot cell,46776.9,47054.4,47298.0,243.6,243.6,277.5,0
U6659,267,FUSE1,16,Station 6: Packaging,46980.2,47058.6,47174.6,116.0,116.0,78.4,0
U6664,267,FUSE1,14,Station 5.1: Top cover,47052.0,47058.8,47233.6,174.8,174.8,6.8,0
U7267,291,FUSE1,3,Station 2: Drill station,47063.1,47072.3,47249.1,176.8,176.8,9.2,0
U7270,291,FUSE2,1,Station 1: Bottom cover,47089.9,47089.9,47202.1,112.2,112.2,0.0,0
U7258,291,FUSE0,8,Station 3.2: Robot cell,46797.7,47094.8,47338.4,243.6,243.6,297.1,0
U6660,267,FUSE1,17,Station 6.1: Packaging,47097.4,47097.4,47213.4,116.0,116.0,0.0,0
U6665,267,FUSE1,15,Station 5.2: Top cover,47099.2,47099.2,47274.0,174.8,174.8,0.0,0
U7271,291,FUSE2,2,Station 1.1: Bottom cover,47123.9,47123.9,47236.1,112.2,112.2,0.0,0
U6669,267,FUSE2,12,Station 4.1: Inspection,47131.2,47131.2,47248.8,117.6,117.6,0.0,0
U7268,291,FUSE1,4,Station 2.1: Drill station,47140.3,47147.5,47324.3,176.8,176.8,7.2,0
U7259,291,FUSE0,10,Station 3.4: Robot cell,46932.9,47156.4,47400.0,243.6,243.6,223.5,0
U6670,267,FUSE2,11,Station 4: Inspection,47093.4,47163.0,47280.6,117.6,117.6,69.6,0
U6661,267,FUSE1,16,Station 6: Packaging,47137.8,47174.6,47290.6,116.0,116.0,36.8,0
U6666,267,FUSE2,13,Station 5: Top cover,47189.6,47196.4,47371.2,174.8,174.8,6.8,0
U7272,291,FUSE2,1,Station 1: Bottom cover,47205.9,47205.9,47318.1,112.2,112.2,0.0,0
U6662,267,FUSE1,17,Station 6.1: Packaging,47135.0,47213.4,47329.4,116.0,116.0,78.4,0
U7269,291,FUSE1,5,Station 2.2: Drill station,47219.1,47228.3,47405.1,176.8,176.8,9.2,0
U6667,267,FUSE2,14,Station 5.1: Top cover,47236.8,47236.8,47411.6,174.8,174.8,0.0,0
U7273,291,FUSE2,2,Station 1.1: Bottom cover,47244.7,47244.7,47356.9,112.2,112.2,0.0,0
U6671,267,FUSE2,12,Station 4.1: Inspection,47193.8,47248.8,47366.4,117.6,117.6,55.0,0
U7270,291,FUSE2,3,Station 2: Drill station,47241.1,47249.1,47425.9,176.8,176.8,8.0,0
U6668,267,FUSE2,15,Station 5.2: Top cover,47274.0,47274.0,47448.8,174.8,174.8,0.0,0
U6672,267,FUSE2,11,Station 4: Inspection,47275.4,47280.6,47398.2,117.6,117.6,5.2,0
U7260,291,FUSE0,9,Station 3.3: Robot cell,47013.7,47284.4,47528.0,243.6,243.6,270.7,0
U6663,267,FUSE1,16,Station 6: Packaging,47295.4,47295.4,47411.4,116.0,116.0,0.0,0
U7261,291,FUSE0,7,Station 3.1: Robot cell,46954.5,47295.8,47539.4,243.6,243.6,341.3,1
U7262,291,FUSE0,6,Station 3: Robot cell,47029.7,47298.0,47541.6,243.6,243.6,268.3,1
U7274,291,FUSE2,1,Station 1: Bottom cover,47321.9,47321.9,47434.1,112.2,112.2,0.0,0
U7271,291,FUSE2,4,Station 2.1: Drill station,47315.1,47324.3,47501.1,176.8,176.8,9.2,0
U6664,267,FUSE1,17,Station 6.1: Packaging,47292.6,47329.4,47445.4,116.0,116.0,36.8,0
U7263,291,FUSE1,8,Station 3.2: Robot cell,47170.5,47338.4,47644.0,305.6,305.6,167.9,0
U7275,291,FUSE2,2,Station 1.1: Bottom cover,47360.7,47360.7,47472.9,112.2,112.2,0.0,0
U7257,291,FUSE0,12,Station 4.1: Inspection,47357.0,47366.4,47484.0,117.6,117.6,9.4,0
U6669,267,FUSE2,13,Station 5: Top cover,47379.8,47379.8,47554.6,174.8,174.8,0.0,0
U6673,267,FUSE2,11,Station 4: Inspection,47383.4,47398.2,47515.8,117.6,117.6,14.8,0
U7264,291,FUSE1,10,Station 3.4: Robot cell,47191.3,47400.0,47705.6,305.6,305.6,208.7,0
U7272,291,FUSE2,5,Station 2.2: Drill station,47397.1,47405.1,47581.9,176.8,176.8,8.0,0
U6665,267,FUSE1,16,Station 6: Packaging,47333.0,47411.4,47527.4,116.0,116.0,78.4,0
U6670,267,FUSE2,14,Station 5.1: Top cover,47411.6,47411.6,47586.4,174.8,174.8,0.0,0
U7273,291,FUSE2,3,Station 2: Drill station,47415.9,47425.9,47602.7,176.8,176.8,10.0,0
U7276,291,FUSE2,1,Station 1: Bottom cover,47442.7,47442.7,47554.9,112.2,112.2,0.0,0
U6666,267,FUSE2,17,Station 6.1: Packaging,47450.2,47450.2,47566.2,116.0,116.0,0.0,0
U6671,267,FUSE2,15,Station 5.2: Top cover,47457.4,47457.4,47632.2,174.8,174.8,0.0,0
U8423,337,FUSE0,2,Station 1.1: Bottom cover,47476.7,47476.7,47588.9,112.2,112.2,0.0,0
U7256,291,FUSE0,12,Station 4.1: Inspection,47374.8,47484.0,47601.6,117.6,117.6,109.2,0
U7274,291,FUSE2,4,Station 2.1: Drill station,47493.1,47501.1,47677.9,176.8,176.8,8.0,0
U7258,291,FUSE0,11,Station 4: Inspection,47417.4,47515.8,47633.4,117.6,117.6,98.4,0
U6667,267,FUSE2,16,Station 6: Packaging,47490.6,47527.4,47643.4,116.0,116.0,36.8,0
U7265,291,FUSE1,9,Station 3.3: Robot cell,47266.5,47528.0,47833.6,305.6,305.6,261.5,1
U7266,291,FUSE1,7,Station 3.1: Robot cell,47327.3,47539.4,47845.0,305.6,305.6,212.1,0
U7267,291,FUSE1,6,Station 3: Robot cell,47288.1,47541.6,47847.2,305.6,305.6,253.5,1
U6672,267,FUSE2,13,Station 5: Top cover,47549.2,47554.6,47729.4,174.8,174.8,5.4,0
U8424,337,FUSE0,1,Station 1: Bottom cover,47558.7,47558.7,47670.9,112.2,112.2,0.0,0
U6668,267,FUSE2,17,Station 6.1: Packaging,47487.8,47566.2,47682.2,116.0,116.0,78.4,0
U7275,291,FUSE2,5,Station 2.2: Drill station,47571.9,47581.9,47758.7,176.8,176.8,10.0,0
U7257,291,FUSE0,14,Station 5.1: Top cover,47595.0,47595.0,47769.8,174.8,174.8,0.0,0
U8425,337,FUSE0,2,Station 1.1: Bottom cover,47597.5,47597.5,47709.7,112.2,112.2,0.0,0
U7259,291,FUSE0,12,Station 4.1: Inspection,47539.0,47601.6,47719.2,117.6,117.6,62.6,0
U7276,291,FUSE2,3,Station 2: Drill station,47593.9,47602.7,47779.5,176.8,176.8,8.8,0
U6673,267,FUSE2,15,Station 5.2: Top cover,47626.8,47632.2,47807.0,174.8,174.8,5.4,0
U7262,291,FUSE0,11,Station 4: Inspection,47580.6,47633.4,47751.0,117.6,117.6,52.8,0
U7268,291,FUSE1,8,Station 3.2: Robot cell,47423.3,47644.0,47949.6,305.6,305.6,220.7,0
U6669,267,FUSE2,16,Station 6: Packaging,47653.6,47653.6,47769.6,116.0,116.0,0.0,0
U8426,337,FUSE0,1,Station 1: Bottom cover,47674.7,47674.7,47786.9,112.2,112.2,0.0,0
U8423,337,FUSE0,4,Station 2.1: Drill station,47667.9,47677.9,47854.7,176.8,176.8,10.0,0
U6670,267,FUSE2,17,Station 6.1: Packaging,47645.4,47682.2,47798.2,116.0,116.0,36.8,0
U7269,291,FUSE1,10,Station 3.4: Robot cell,47564.1,47705.6,48011.2,305.6,305.6,141.5,0
U8427,337,FUSE0,2,Station 1.1: Bottom cover,47713.5,47713.5,47825.7,112.2,112.2,0.0,0
U7261,291,FUSE0,12,Station 4.1: Inspection,47618.4,47719.2,47836.8,117.6,117.6,100.8,0
U7256,291,FUSE0,13,Station 5: Top cover,47732.6,47732.6,47907.4,174.8,174.8,0.0,0
U7260,291,FUSE0,11,Station 4: Inspection,47627.0,47751.0,47868.6,117.6,117.6,124.0,1
U8424,337,FUSE0,5,Station 2.2: Drill station,47749.9,47758.7,47935.5,176.8,176.8,8.8,0
U6671,267,FUSE2,16,Station 6: Packaging,47691.2,47769.6,47885.6,116.0,116.0,78.4,0
U7258,291,FUSE0,14,Station 5.1: Top cover,47764.4,47769.8,47944.6,174.8,174.8,5.4,0
U8425,337,FUSE0,3,Station 2: Drill station,47768.7,47779.5,47956.3,176.8,176.8,10.8,0
U8428,337,FUSE0,1,Station 1: Bottom cover,47800.9,47800.9,47913.1,112.2,112.2,0.0,0
U6672,267,FUSE2,17,Station 6.1: Packaging,47808.4,47808.4,47924.4,116.0,116.0,0.0,0
U7259,291,FUSE0,15,Station 5.2: Top cover,47810.2,47810.2,47985.0,174.8,174.8,0.0,0
U8429,337,FUSE0,2,Station 1.1: Bottom cover,47829.5,47829.5,47941.7,112.2,112.2,0.0,0
U7270,291,FUSE2,9,Station 3.3: Robot cell,47524.9,47833.6,48171.6,338.0,338.0,308.7,1
U7263,291,FUSE1,12,Station 4.1: Inspection,47743.0,47836.8,47954.4,117.6,117.6,93.8,0
U7271,291,FUSE2,7,Station 3.1: Robot cell,47580.1,47845.0,48183.0,338.0,338.0,264.9,0
U7272,291,FUSE2,6,Station 3: Robot cell,47660.9,47847.2,48185.2,338.0,338.0,186.3,0
U8426,337,FUSE0,4,Station 2.1: Drill station,47845.9,47854.7,48031.5,176.8,176.8,8.8,0
U7264,291,FUSE1,11,Station 4: Inspection,47824.6,47868.6,47986.2,117.6,117.6,44.0,0
U7257,291,FUSE0,16,Station 6: Packaging,47848.8,47885.6,48001.6,116.0,116.0,36.8,0
U7262,291,FUSE0,13,Station 5: Top cover,47902.0,47907.4,48082.2,174.8,174.8,5.4,0
U8430,337,FUSE1,1,Station 1: Bottom cover,47916.9,47916.9,48029.1,112.2,112.2,0.0,0
U6673,267,FUSE2,17,Station 6.1: Packaging,47846.0,47924.4,48040.4,116.0,116.0,78.4,0
U8427,337,FUSE0,5,Station 2.2: Drill station,47924.7,47935.5,48112.3,176.8,176.8,10.8,0
U7261,291,FUSE0,14,Station 5.1: Top cover,47947.8,47947.8,48122.6,174.8,174.8,0.0,0
U7273,291,FUSE2,8,Station 3.2: Robot cell,47681.7,47949.6,48287.6,338.0,338.0,267.9,0
U7267,291,FUSE1,12,Station 4.1: Inspection,47906.2,47954.4,48072.0,117.6,117.6,48.2,0
U8431,337,FUSE1,2,Station 1.1: Bottom cover,47955.7,47955.7,48067.9,112.2,112.2,0.0,0
U8428,337,FUSE0,3,Station 2: Drill station,47952.1,47956.3,48133.1,176.8,176.8,4.2,0
U7260,291,FUSE0,15,Station 5.2: Top cover,47979.6,47985.0,48159.8,174.8,174.8,5.4,0
U7266,291,FUSE1,11,Station 4: Inspection,47904.0,47986.2,48103.8,117.6,117.6,82.2,0
U7256,291,FUSE0,16,Station 6: Packaging,48006.4,48006.4,48122.4,116.0,116.0,0.0,0
U7274,291,FUSE2,10,Station 3.4: Robot cell,47816.9,48011.2,48349.2,338.0,338.0,194.3,0
U8429,337,FUSE0,4,Station 2.1: Drill station,48020.7,48031.5,48208.3,176.8,176.8,10.8,0
U8432,337,FUSE1,1,Station 1: Bottom cover,48032.9,48032.9,48145.1,112.2,112.2,0.0,0
U7258,291,FUSE0,17,Station 6.1: Packaging,48003.6,48040.4,48156.4,116.0,116.0,36.8,0
U8433,337,FUSE1,2,Station 1.1: Bottom cover,48071.7,48071.7,48183.9,112.2,112.2,0.0,0
U7265,291,FUSE1,12,Station 4.1: Inspection,47952.6,48072.0,48189.6,117.6,117.6,119.4,1
U7263,291,FUSE1,13,Station 5: Top cover,48085.4,48085.4,48260.2,174.8,174.8,0.0,0
U7268,291,FUSE1,11,Station 4: Inspection,48028.6,48103.8,48221.4,117.6,117.6,75.2,0
U8430,337,FUSE1,5,Station 2.2: Drill station,48108.1,48112.3,48289.1,176.8,176.8,4.2,0
U7259,291,FUSE0,16,Station 6: Packaging,48044.0,48122.4,48238.4,116.0,116.0,78.4,0
U7264,291,FUSE1,14,Station 5.1: Top cover,48117.2,48122.6,48297.4,174.8,174.8,5.4,0
U8431,337,FUSE1,3,Station 2: Drill station,48126.9,48133.1,48309.9,176.8,176.8,6.2,0
U8434,337,FUSE1,1,Station 1: Bottom cover,48153.7,48153.7,48265.9,112.2,112.2,0.0,0
U7262,291,FUSE0,17,Station 6.1: Packaging,48161.2,48161.2,48277.2,116.0,116.0,0.0,0
U7267,291,FUSE1,15,Station 5.2: Top cover,48163.0,48163.0,48337.8,174.8,174.8,0.0,0
U7275,291,FUSE2,9,Station 3.3: Robot cell,47897.7,48171.6,48509.6,338.0,338.0,273.9,0
U7276,291,FUSE2,7,Station 3.1: Robot cell,47838.5,48183.0,48521.0,338.0,338.0,344.5,1
U8423,337,FUSE0,6,Station 3: Robot cell,47913.7,48185.2,48428.8,243.6,243.6,271.5,0
U8435,337,FUSE1,2,Station 1.1: Bottom cover,48187.7,48187.7,48299.9,112.2,112.2,0.0,0
U7269,291,FUSE1,12,Station 4.1: Inspection,48150.2,48189.6,48307.2,117.6,117.6,39.4,0
U8432,337,FUSE1,4,Station 2.1: Drill station,48204.1,48208.3,48385.1,176.8,176.8,4.2,0
U7272,291,FUSE2,11,Station 4: Inspection,48224.2,48224.2,48341.8,117.6,117.6,0.0,0
U7261,291,FUSE0,16,Station 6: Packaging,48201.6,48238.4,48354.4,116.0,116.0,36.8,0
U7266,291,FUSE1,13,Station 5: Top cover,48254.8,48260.2,48435.0,174.8,174.8,5.4,0
U8436,337,FUSE1,1,Station 1: Bottom cover,48269.7,48269.7,48381.9,112.2,112.2,0.0,0
U7260,291,FUSE0,17,Station 6.1: Packaging,48198.8,48277.2,48393.2,116.0,116.0,78.4,0
U8424,337,FUSE0,8,Station 3.2: Robot cell,48054.5,48287.6,48531.2,243.6,243.6,233.1,0
U8433,337,FUSE1,5,Station 2.2: Drill station,48282.9,48289.1,48465.9,176.8,176.8,6.2,0
U7265,291,FUSE1,14,Station 5.1: Top cover,48300.6,48300.6,48475.4,174.8,174.8,0.0,0
U7271,291,FUSE2,12,Station 4.1: Inspection,48262.0,48307.2,48424.8,117.6,117.6,45.2,0
U8437,337,FUSE2,2,Station 1.1: Bottom cover,48308.5,48308.5,48420.7,112.2,112.2,0.0,0
U8434,337,FUSE1,3,Station 2: Drill station,48304.9,48309.9,48486.7,176.8,176.8,5.0,0
U7268,291,FUSE1,15,Station 5.2: Top cover,48332.4,48337.8,48512.6,174.8,174.8,5.4,0
U7270,291,FUSE2,11,Station 4: Inspection,48270.6,48341.8,48459.4,117.6,117.6,71.2,0
U8425,337,FUSE0,10,Station 3.4: Robot cell,48075.3,48349.2,48592.8,243.6,243.6,273.9,0
U7263,291,FUSE1,16,Station 6: Packaging,48359.2,48359.2,48475.2,116.0,116.0,0.0,0
U8435,337,FUSE1,4,Station 2.1: Drill station,48378.9,48385.1,48561.9,176.8,176.8,6.2,0
U8438,337,FUSE2,1,Station 1: Bottom cover,48385.7,48385.7,48497.9,112.2,112.2,0.0,0
U7264,291,FUSE1,17,Station 6.1: Packaging,48356.4,48393.2,48509.2,116.0,116.0,36.8,0
U8439,337,FUSE2,2,Station 1.1: Bottom cover,48424.5,48424.5,48536.7,112.2,112.2,0.0,0
U7273,291,FUSE2,12,Station 4.1: Inspection,48386.6,48424.8,48542.4,117.6,117.6,38.2,0
U8426,337,FUSE0,6,Station 3: Robot cell,48090.5,48428.8,48672.4,243.6,243.6,338.3,1
U7269,291,FUSE1,13,Station 5: Top cover,48438.2,48438.2,48613.0,174.8,174.8,0.0,0
U8436,337,FUSE1,5,Station 2.2: Drill station,48460.9,48465.9,48642.7,176.8,176.8,5.0,0
U7274,291,FUSE2,11,Station 4: Inspection,48468.2,48468.2,48585.8,117.6,117.6,0.0,0
U7267,291,FUSE1,16,Station 6: Packaging,48396.8,48475.2,48591.2,116.0,116.0,78.4,0
U7272,291,FUSE2,14,Station 5.1: Top cover,48472.8,48475.4,48650.2,174.8,174.8,2.6,0
U8437,337,FUSE2,3,Station 2: Drill station,48479.7,48486.7,48663.5,176.8,176.8,7.0,0
U8440,337,FUSE2,1,Station 1: Bottom cover,48506.5,48506.5,48618.7,112.2,112.2,0.0,0
U8427,337,FUSE0,9,Station 3.3: Robot cell,48251.3,48509.6,48753.2,243.6,243.6,258.3,0
U7266,291,FUSE1,17,Station 6.1: Packaging,48514.0,48514.0,48630.0,116.0,116.0,0.0,0
U7271,291,FUSE2,15,Station 5.2: Top cover,48515.8,48515.8,48690.6,174.8,174.8,0.0,0
U8428,337,FUSE0,7,Station 3.1: Robot cell,48192.1,48521.0,48764.6,243.6,243.6,328.9,0
U8429,337,FUSE0,8,Station 3.2: Robot cell,48307.3,48531.2,48774.8,243.6,243.6,223.9,0
U8441,337,FUSE2,2,Station 1.1: Bottom cover,48540.5,48540.5,48652.7,112.2,112.2,0.0,0
U8423,337,FUSE0,12,Station 4.1: Inspection,48487.8,48542.4,48660.0,117.6,117.6,54.6,0
U8438,337,FUSE2,4,Station 2.1: Drill station,48556.9,48561.9,48738.7,176.8,176.8,5.0,0
U7265,291,FUSE1,16,Station 6: Packaging,48554.4,48591.2,48707.2,116.0,116.0,36.8,0
U8430,337,FUSE1,10,Station 3.4: Robot cell,48448.1,48592.8,48898.4,305.6,305.6,144.7,0
U7275,291,FUSE2,11,Station 4: Inspection,48608.6,48608.6,48726.2,117.6,117.6,0.0,0
U7270,291,FUSE2,13,Station 5: Top cover,48610.4,48613.0,48787.8,174.8,174.8,2.6,0
U8442,337,FUSE2,1,Station 1: Bottom cover,48622.5,48622.5,48734.7,112.2,112.2,0.0,0
U7268,291,FUSE1,17,Station 6.1: Packaging,48551.6,48630.0,48746.0,116.0,116.0,78.4,0
U8439,337,FUSE2,5,Station 2.2: Drill station,48635.7,48642.7,48819.5,176.8,176.8,7.0,0
U7273,291,FUSE2,14,Station 5.1: Top cover,48653.4,48653.4,48828.2,174.8,174.8,0.0,0
U7276,291,FUSE2,12,Station 4.1: Inspection,48600.0,48660.0,48777.6,117.6,117.6,60.0,0
U8443,337,FUSE2,2,Station 1.1: Bottom cover,48661.3,48661.3,48773.5,112.2,112.2,0.0,0
U8440,337,FUSE2,3,Station 2: Drill station,48657.7,48663.5,48840.3,176.8,176.8,5.8,0
U8431,337,FUSE1,6,Station 3: Robot cell,48348.9,48672.4,48978.0,305.6,305.6,323.5,1
U7274,291,FUSE2,15,Station 5.2: Top cover,48696.8,48696.8,48871.6,174.8,174.8,0.0,0
U7269,291,FUSE1,16,Station 6: Packaging,48712.0,48712.0,48828.0,116.0,116.0,0.0,0
U8424,337,FUSE0,11,Station 4: Inspection,48610.2,48726.2,48843.8,117.6,117.6,116.0,0
U8444,337,FUSE2,1,Station 1: Bottom cover,48738.5,48738.5,48850.7,112.2,112.2,0.0,0
U8441,337,FUSE2,4,Station 2.1: Drill station,48731.7,48738.7,48915.5,176.8,176.8,7.0,0
U7272,291,FUSE2,17,Station 6.1: Packaging,48709.2,48746.0,48862.0,116.0,116.0,36.8,0
U8432,337,FUSE1,9,Station 3.3: Robot cell,48504.1,48753.2,49058.8,305.6,305.6,249.1,1
U8433,337,FUSE1,7,Station 3.1: Robot cell,48564.9,48764.6,49070.2,305.6,305.6,199.7,0
U8434,337,FUSE1,8,Station 3.2: Robot cell,48565.7,48774.8,49080.4,305.6,305.6,209.1,0
U7207,289,FUSE0,2,Station 1.1: Bottom cover,48777.3,48777.3,48889.5,112.2,112.2,0.0,0
U8425,337,FUSE0,12,Station 4.1: Inspection,48731.8,48777.6,48895.2,117.6,117.6,45.8,0
U8423,337,FUSE0,13,Station 5: Top cover,48791.0,48791.0,48965.8,174.8,174.8,0.0,0
U8442,337,FUSE2,5,Station 2.2: Drill station,48813.7,48819.5,48996.3,176.8,176.8,5.8,0
U7271,291,FUSE2,16,Station 6: Packaging,48749.6,48828.0,48944.0,116.0,116.0,78.4,0
U8443,337,FUSE2,3,Station 2: Drill station,48832.5,48840.3,49017.1,176.8,176.8,7.8,0
U8426,337,FUSE0,11,Station 4: Inspection,48711.4,48843.8,48961.4,117.6,117.6,132.4,1
U7275,291,FUSE2,14,Station 5.1: Top cover,48857.2,48857.2,49032.0,174.8,174.8,0.0,0
U7208,289,FUSE0,1,Station 1: Bottom cover,48859.3,48859.3,48971.5,112.2,112.2,0.0,0
U7270,291,FUSE2,17,Station 6.1: Packaging,48866.8,48866.8,48982.8,116.0,116.0,0.0,0
U7276,291,FUSE2,15,Station 5.2: Top cover,48868.6,48871.6,49046.4,174.8,174.8,3.0,0
U7209,289,FUSE0,2,Station 1.1: Bottom cover,48893.3,48893.3,49005.5,112.2,112.2,0.0,0
U8427,337,FUSE0,12,Station 4.1: Inspection,48872.2,48895.2,49012.8,117.6,117.6,23.0,0
U8435,337,FUSE1,10,Station 3.4: Robot cell,48700.9,48898.4,49204.0,305.6,305.6,197.5,0
U8444,337,FUSE2,4,Station 2.1: Drill station,48909.7,48915.5,49092.3,176.8,176.8,5.8,0
U7273,291,FUSE2,16,Station 6: Packaging,48907.2,48944.0,49060.0,116.0,116.0,36.8,0
U8428,337,FUSE0,11,Station 4: Inspection,48823.6,48961.4,49079.0,117.6,117.6,137.8,1
U7210,289,FUSE0,1,Station 1: Bottom cover,48975.3,48975.3,49087.5,112.2,112.2,0.0,0
U8436,337,FUSE1,6,Station 3: Robot cell,48721.7,48978.0,49283.6,305.6,305.6,256.3,0
U7274,291,FUSE2,17,Station 6.1: Packaging,48910.6,48982.8,49098.8,116.0,116.0,72.2,0
U8424,337,FUSE0,13,Station 5: Top cover,48994.8,48994.8,49169.6,174.8,174.8,0.0,0
U7207,289,FUSE0,5,Station 2.2: Drill station,48988.5,48996.3,49173.1,176.8,176.8,7.8,0
U8429,337,FUSE0,12,Station 4.1: Inspection,48873.8,49012.8,49130.4,117.6,117.6,139.0,1
U7211,289,FUSE0,2,Station 1.1: Bottom cover,49014.1,49014.1,49126.3,112.2,112.2,0.0,0
U7208,289,FUSE0,3,Station 2: Drill station,49010.5,49017.1,49193.9,176.8,176.8,6.6,0
U8425,337,FUSE0,14,Station 5.1: Top cover,49006.2,49032.0,49206.8,174.8,174.8,25.8,0
U8437,337,FUSE2,9,Station 3.3: Robot cell,48762.5,49058.8,49396.8,338.0,338.0,296.3,0
U8423,337,FUSE0,16,Station 6: Packaging,49064.8,49064.8,49180.8,116.0,116.0,0.0,0
U8438,337,FUSE2,7,Station 3.1: Robot cell,48817.7,49070.2,49408.2,338.0,338.0,252.5,0
U8426,337,FUSE0,15,Station 5.2: Top cover,49072.4,49072.4,49247.2,174.8,174.8,0.0,0
U8430,337,FUSE1,11,Station 4: Inspection,49017.4,49079.0,49196.6,117.6,117.6,61.6,0
U8439,337,FUSE2,8,Station 3.2: Robot cell,48938.5,49080.4,49418.4,338.0,338.0,141.9,0
U7212,289,FUSE0,1,Station 1: Bottom cover,49091.3,49091.3,49203.5,112.2,112.2,0.0,0
U7209,289,FUSE0,4,Station 2.1: Drill station,49084.5,49092.3,49269.1,176.8,176.8,7.8,0
U7275,291,FUSE2,17,Station 6.1: Packaging,49091.0,49098.8,49214.8,116.0,116.0,7.8,0
U7213,289,FUSE0,2,Station 1.1: Bottom cover,49130.1,49130.1,49242.3,112.2,112.2,0.0,0
U8431,337,FUSE1,12,Station 4.1: Inspection,49037.0,49130.4,49248.0,117.6,117.6,93.4,0
U8427,337,FUSE0,13,Station 5: Top cover,49143.8,49169.6,49344.4,174.8,174.8,25.8,0
U7210,289,FUSE0,5,Station 2.2: Drill station,49166.5,49173.1,49349.9,176.8,176.8,6.6,0
U7276,291,FUSE2,16,Station 6: Packaging,49105.4,49180.8,49296.8,116.0,116.0,75.4,0
U7211,289,FUSE0,3,Station 2: Drill station,49185.3,49193.9,49370.7,176.8,176.8,8.6,0
U8432,337,FUSE1,11,Station 4: Inspection,49157.8,49196.6,49314.2,117.6,117.6,38.8,0
U8440,337,FUSE2,10,Station 3.4: Robot cell,48959.3,49204.0,49542.0,338.0,338.0,244.7,0
U8428,337,FUSE0,14,Station 5.1: Top cover,49210.0,49210.0,49384.8,174.8,174.8,0.0,0
U7214,289,FUSE0,1,Station 1: Bottom cover,49212.1,49212.1,49324.3,112.2,112.2,0.0,0
U7215,289,FUSE1,2,Station 1.1: Bottom cover,49246.1,49246.1,49358.3,112.2,112.2,0.0,0
U8429,337,FUSE0,15,Station 5.2: Top cover,49221.4,49247.2,49422.0,174.8,174.8,25.8,0
U8433,337,FUSE1,12,Station 4.1: Inspection,49149.2,49248.0,49365.6,117.6,117.6,98.8,0
U8424,337,FUSE0,17,Station 6.1: Packaging,49248.6,49248.6,49364.6,116.0,116.0,0.0,0
U7212,289,FUSE0,4,Station 2.1: Drill station,49262.5,49269.1,49445.9,176.8,176.8,6.6,0
U8441,337,FUSE2,6,Station 3: Robot cell,48974.5,49283.6,49621.6,338.0,338.0,309.1,1
U8425,337,FUSE0,16,Station 6: Packaging,49285.8,49296.8,49412.8,116.0,116.0,11.0,0
U8434,337,FUSE1,11,Station 4: Inspection,49159.4,49314.2,49431.8,117.6,117.6,154.8,1
U7216,289,FUSE1,1,Station 1: Bottom cover,49328.1,49328.1,49440.3,112.2,112.2,0.0,0
U8430,337,FUSE1,13,Station 5: Top cover,49347.6,49347.6,49522.4,174.8,174.8,0.0,0
U7213,289,FUSE0,5,Station 2.2: Drill station,49341.3,49349.9,49526.7,176.8,176.8,8.6,0
U8426,337,FUSE0,17,Station 6.1: Packaging,49286.2,49364.6,49480.6,116.0,116.0,78.4,0
U8435,337,FUSE1,12,Station 4.1: Inspection,49343.0,49365.6,49483.2,117.6,117.6,22.6,0
U7214,289,FUSE0,3,Station 2: Drill station,49363.3,49370.7,49547.5,176.8,176.8,7.4,0
U8431,337,FUSE1,14,Station 5.1: Top cover,49359.0,49384.8,49559.6,174.8,174.8,25.8,0
U7217,289,FUSE1,2,Station 1.1: Bottom cover,49395.9,49395.9,49508.1,112.2,112.2,0.0,0
U8442,337,FUSE2,9,Station 3.3: Robot cell,49135.3,49396.8,49734.8,338.0,338.0,261.5,0
U8443,337,FUSE2,7,Station 3.1: Robot cell,49076.1,49408.2,49746.2,338.0,338.0,332.1,0
U8444,337,FUSE2,8,Station 3.2: Robot cell,49191.3,49418.4,49756.4,338.0,338.0,227.1,0
U8432,337,FUSE1,15,Station 5.2: Top cover,49425.2,49425.2,49600.0,174.8,174.8,0.0,0
U8436,337,FUSE1,11,Station 4: Inspection,49322.6,49431.8,49549.4,117.6,117.6,109.2,0
U8427,337,FUSE0,16,Station 6: Packaging,49443.4,49443.4,49559.4,116.0,116.0,0.0,0
U7218,289,FUSE1,1,Station 1: Bottom cover,49444.1,49444.1,49556.3,112.2,112.2,0.0,0
U7215,289,FUSE1,4,Station 2.1: Drill station,49437.3,49445.9,49622.7,176.8,176.8,8.6,0
U8428,337,FUSE0,17,Station 6.1: Packaging,49443.8,49480.6,49596.6,116.0,116.0,36.8,0
U7219,289,FUSE1,2,Station 1.1: Bottom cover,49511.9,49511.9,49624.1,112.2,112.2,0.0,0
U8437,337,FUSE2,12,Station 4.1: Inspection,49515.8,49515.8,49633.4,117.6,117.6,0.0,0
U8433,337,FUSE1,13,Station 5: Top cover,49496.6,49522.4,49697.2,174.8,174.8,25.8,0
U7216,289,FUSE1,5,Station 2.2: Drill station,49519.3,49526.7,49703.5,176.8,176.8,7.4,0
U7207,289,FUSE0,10,Station 3.4: Robot cell,49332.1,49542.0,49785.6,243.6,243.6,209.9,0
U8438,337,FUSE2,11,Station 4: Inspection,49467.2,49549.4,49667.0,117.6,117.6,82.2,0
U8429,337,FUSE0,16,Station 6: Packaging,49481.0,49559.4,49675.4,116.0,116.0,78.4,0
U8434,337,FUSE1,14,Station 5.1: Top cover,49562.8,49562.8,49737.6,174.8,174.8,0.0,0
U7217,289,FUSE1,3,Station 2: Drill station,49567.1,49567.1,49743.9,176.8,176.8,0.0,0
U7220,289,FUSE1,1,Station 1: Bottom cover,49590.7,49590.7,49702.9,112.2,112.2,0.0,0
U8435,337,FUSE1,15,Station 5.2: Top cover,49574.2,49600.0,49774.8,174.8,174.8,25.8,0
U8430,337,FUSE1,17,Station 6.1: Packaging,49601.4,49601.4,49717.4,116.0,116.0,0.0,0
U7208,289,FUSE0,6,Station 3: Robot cell,49232.9,49621.6,49865.2,243.6,243.6,388.7,1
U7218,289,FUSE1,4,Station 2.1: Drill station,49615.3,49622.7,49799.5,176.8,176.8,7.4,0
U7221,289,FUSE1,2,Station 1.1: Bottom cover,49627.9,49627.9,49740.1,112.2,112.2,0.0,0
U8439,337,FUSE2,12,Station 4.1: Inspection,49517.4,49633.4,49751.0,117.6,117.6,116.0,0
U8440,337,FUSE2,11,Station 4: Inspection,49661.0,49667.0,49784.6,117.6,117.6,6.0,0
U8431,337,FUSE1,16,Station 6: Packaging,49638.6,49675.4,49791.4,116.0,116.0,36.8,0
U8436,337,FUSE1,13,Station 5: Top cover,49700.4,49700.4,49875.2,174.8,174.8,0.0,0
U7222,289,FUSE1,1,Station 1: Bottom cover,49706.7,49706.7,49818.9,112.2,112.2,0.0,0
U8432,337,FUSE1,17,Station 6.1: Packaging,49639.0,49717.4,49833.4,116.0,116.0,78.4,0
U7219,289,FUSE1,5,Station 2.2: Drill station,49723.1,49723.1,49899.9,176.8,176.8,0.0,0
U7209,289,FUSE0,9,Station 3.3: Robot cell,49388.1,49734.8,49978.4,243.6,243.6,346.7,1
U7220,289,FUSE1,3,Station 2: Drill station,49741.9,49743.9,49920.7,176.8,176.8,2.0,0
U8437,337,FUSE2,14,Station 5.1: Top cover,49744.4,49744.4,49919.2,174.8,174.8,0.0,0
U7210,289,FUSE0,7,Station 3.1: Robot cell,49448.9,49746.2,49989.8,243.6,243.6,297.3,0
U7223,289,FUSE2,2,Station 1.1: Bottom cover,49748.7,49748.7,49860.9,112.2,112.2,0.0,0
U8441,337,FUSE2,12,Station 4.1: Inspection,49680.6,49751.0,49868.6,117.6,117.6,70.4,0
U7211,289,FUSE0,8,Station 3.2: Robot cell,49449.7,49756.4,50000.0,243.6,243.6,306.7,0
U8438,337,FUSE2,15,Station 5.2: Top cover,49778.0,49778.0,49952.8,174.8,174.8,0.0,0
U7212,289,FUSE0,10,Station 3.4: Robot cell,49584.9,49785.6,50029.2,243.6,243.6,200.7,0
U8433,337,FUSE1,16,Station 6: Packaging,49796.2,49796.2,49912.2,116.0,116.0,0.0,0
U7221,289,FUSE1,4,Station 2.1: Drill station,49819.1,49819.1,49995.9,176.8,176.8,0.0,0
U7224,289,FUSE2,1,Station 1: Bottom cover,49822.7,49822.7,49934.9,112.2,112.2,0.0,0
U8434,337,FUSE1,17,Station 6.1: Packaging,49796.6,49833.4,49949.4,116.0,116.0,36.8,0
U8442,337,FUSE2,11,Station 4: Inspection,49833.8,49833.8,49951.4,117.6,117.6,0.0,0
U7225,289,FUSE2,2,Station 1.1: Bottom cover,49864.7,49864.7,49976.9,112.2,112.2,0.0,0
U7213,289,FUSE0,6,Station 3: Robot cell,49605.7,49865.2,50108.8,243.6,243.6,259.5,1
U8443,337,FUSE2,12,Station 4.1: Inspection,49825.2,49868.6,49986.2,117.6,117.6,43.4,0
U8439,337,FUSE2,13,Station 5: Top cover,49882.0,49882.0,50056.8,174.8,174.8,0.0,0
U7222,289,FUSE1,5,Station 2.2: Drill station,49897.9,49899.9,50076.7,176.8,176.8,2.0,0
U8435,337,FUSE1,16,Station 6: Packaging,49833.8,49912.2,50028.2,116.0,116.0,78.4,0
U8440,337,FUSE2,14,Station 5.1: Top cover,49915.6,49919.2,50094.0,174.8,174.8,3.6,0
U7223,289,FUSE2,3,Station 2: Drill station,49919.9,49920.7,50097.5,176.8,176.8,0.8,0
U7226,289,FUSE2,1,Station 1: Bottom cover,49943.5,49943.5,50055.7,112.2,112.2,0.0,0
U8444,337,FUSE2,11,Station 4: Inspection,49835.4,49951.4,50069.0,117.6,117.6,116.0,0
U8436,337,FUSE1,17,Station 6.1: Packaging,49954.2,49954.2,50070.2,116.0,116.0,0.0,0
U8441,337,FUSE2,15,Station 5.2: Top cover,49959.6,49959.6,50134.4,174.8,174.8,0.0,0
U7214,289,FUSE0,9,Station 3.3: Robot cell,49646.5,49978.4,50222.0,243.6,243.6,331.9,1
U7227,289,FUSE2,2,Station 1.1: Bottom cover,49980.7,49980.7,50092.9,112.2,112.2,0.0,0
U7207,289,FUSE0,12,Station 4.1: Inspection,49924.6,49986.2,50103.8,117.6,117.6,61.6,0
U7215,289,FUSE1,7,Station 3.1: Robot cell,49701.7,49989.8,50295.4,305.6,305.6,288.1,1
U7224,289,FUSE2,4,Station 2.1: Drill station,49993.9,49995.9,50172.7,176.8,176.8,2.0,0
U7216,289,FUSE1,8,Station 3.2: Robot cell,49822.5,50000.0,50305.6,305.6,305.6,177.5,0
U8437,337,FUSE2,16,Station 6: Packaging,49998.2,50028.2,50144.2,116.0,116.0,30.0,0
U7217,289,FUSE1,10,Station 3.4: Robot cell,49862.9,50029.2,50334.8,305.6,305.6,166.3,0
U7228,289,FUSE2,1,Station 1: Bottom cover,50059.5,50059.5,50171.7,112.2,112.2,0.0,0
U7208,289,FUSE0,11,Station 4: Inspection,49904.2,50069.0,50186.6,117.6,117.6,164.8,1
U8438,337,FUSE2,17,Station 6.1: Packaging,49991.8,50070.2,50186.2,116.0,116.0,78.4,0
U7225,289,FUSE2,5,Station 2.2: Drill station,50075.9,50076.7,50253.5,176.8,176.8,0.8,0
U8442,337,FUSE2,14,Station 5.1: Top cover,50082.4,50094.0,50268.8,174.8,174.8,11.6,0
U7226,289,FUSE2,3,Station 2: Drill station,50094.7,50097.5,50274.3,176.8,176.8,2.8,0
U7229,289,FUSE2,2,Station 1.1: Bottom cover,50101.5,50101.5,50213.7,112.2,112.2,0.0,0
U7209,289,FUSE0,12,Station 4.1: Inspection,50097.4,50103.8,50221.4,117.6,117.6,6.4,0
U7218,289,FUSE1,6,Station 3: Robot cell,49858.5,50108.8,50414.4,305.6,305.6,250.3,1
U8443,337,FUSE2,13,Station 5: Top cover,50117.2,50117.2,50292.0,174.8,174.8,0.0,0
U8439,337,FUSE2,16,Station 6: Packaging,50155.8,50155.8,50271.8,116.0,116.0,0.0,0
U7227,289,FUSE2,4,Station 2.1: Drill station,50171.9,50172.7,50349.5,176.8,176.8,0.8,0
U2651,107,FUSE0,1,Station 1: Bottom cover,50175.5,50175.5,50287.7,112.2,112.2,0.0,0
U8444,337,FUSE2,15,Station 5.2: Top cover,50180.0,50180.0,50354.8,174.8,174.8,0.0,0
U8440,337,FUSE2,17,Station 6.1: Packaging,50153.0,50186.2,50302.2,116.0,116.0,33.2,0
U7210,289,FUSE0,11,Station 4: Inspection,50048.8,50186.6,50304.2,117.6,117.6,137.8,1
U2652,107,FUSE0,2,Station 1.1: Bottom cover,50217.5,50217.5,50329.7,112.2,112.2,0.0,0
U7211,289,FUSE0,12,Station 4.1: Inspection,50099.0,50221.4,50339.0,117.6,117.6,122.4,1
U7219,289,FUSE1,9,Station 3.3: Robot cell,50038.9,50222.0,50527.6,305.6,305.6,183.1,0
U7228,289,FUSE2,5,Station 2.2: Drill station,50250.7,50253.5,50430.3,176.8,176.8,2.8,0
U7207,289,FUSE0,14,Station 5.1: Top cover,50214.8,50268.8,50443.6,174.8,174.8,54.0,0
U8441,337,FUSE2,16,Station 6: Packaging,50193.4,50271.8,50387.8,116.0,116.0,78.4,0
U7229,289,FUSE2,3,Station 2: Drill station,50272.7,50274.3,50451.1,176.8,176.8,1.6,0
U7220,289,FUSE1,7,Station 3.1: Robot cell,49979.7,50295.4,50601.0,305.6,305.6,315.7,1
U2653,107,FUSE0,1,Station 1: Bottom cover,50303.1,50303.1,50415.3,112.2,112.2,0.0,0
U7212,289,FUSE0,11,Station 4: Inspection,50148.2,50304.2,50421.8,117.6,117.6,156.0,1
U7221,289,FUSE1,8,Station 3.2: Robot cell,50094.9,50305.6,50611.2,305.6,305.6,210.7,0
U8442,337,FUSE2,17,Station 6.1: Packaging,50327.8,50327.8,50443.8,116.0,116.0,0.0,0
U2654,107,FUSE0,2,Station 1.1: Bottom cover,50333.5,50333.5,50445.7,112.2,112.2,0.0,0
U7222,289,FUSE1,10,Station 3.4: Robot cell,50235.7,50334.8,50640.4,305.6,305.6,99.1,0
U7208,289,FUSE0,13,Station 5: Top cover,50337.6,50337.6,50512.4,174.8,174.8,0.0,0
U7213,289,FUSE0,12,Station 4.1: Inspection,50167.8,50339.0,50456.6,117.6,117.6,171.2,1
U2651,107,FUSE0,4,Station 2.1: Drill station,50346.7,50349.5,50526.3,176.8,176.8,2.8,0
U7209,289,FUSE0,15,Station 5.2: Top cover,50312.4,50354.8,50529.6,174.8,174.8,42.4,0
U8443,337,FUSE2,16,Station 6: Packaging,50391.0,50391.0,50507.0,116.0,116.0,0.0,0
U7223,289,FUSE2,6,Station 3: Robot cell,50136.5,50414.4,50752.4,338.0,338.0,277.9,0
U2655,107,FUSE0,1,Station 1: Bottom cover,50419.1,50419.1,50531.3,112.2,112.2,0.0,0
U7214,289,FUSE0,11,Station 4: Inspection,50321.0,50421.8,50539.4,117.6,117.6,100.8,0
U2652,107,FUSE0,5,Station 2.2: Drill station,50428.7,50430.3,50607.1,176.8,176.8,1.6,0
U7210,289,FUSE0,14,Station 5.1: Top cover,50435.2,50443.6,50618.4,174.8,174.8,8.4,0
U8444,337,FUSE2,17,Station 6.1: Packaging,50393.8,50443.8,50559.8,116.0,116.0,50.0,0
U2653,107,FUSE0,3,Station 2: Drill station,50454.3,50454.3,50631.1,176.8,176.8,0.0,0
U7215,289,FUSE1,12,Station 4.1: Inspection,50374.4,50456.6,50574.2,117.6,117.6,82.2,0
U2656,107,FUSE0,2,Station 1.1: Bottom cover,50475.1,50475.1,50587.3,112.2,112.2,0.0,0
U7211,289,FUSE0,13,Station 5: Top cover,50470.0,50512.4,50687.2,174.8,174.8,42.4,0
U7207,289,FUSE0,16,Station 6: Packaging,50522.6,50522.6,50638.6,116.0,116.0,0.0,0
U2654,107,FUSE0,4,Station 2.1: Drill station,50524.7,50526.3,50703.1,176.8,176.8,1.6,0
U7224,289,FUSE2,9,Station 3.3: Robot cell,50291.7,50527.6,50865.6,338.0,338.0,235.9,0
U7212,289,FUSE0,15,Station 5.2: Top cover,50532.8,50532.8,50707.6,174.8,174.8,0.0,0
U2657,107,FUSE0,1,Station 1: Bottom cover,50538.3,50538.3,50650.5,112.2,112.2,0.0,0
U7216,289,FUSE1,11,Station 4: Inspection,50384.6,50539.4,50657.0,117.6,117.6,154.8,1
U7217,289,FUSE1,12,Station 4.1: Inspection,50473.8,50574.2,50691.8,117.6,117.6,100.4,0
U2658,107,FUSE0,2,Station 1.1: Bottom cover,50591.1,50591.1,50703.3,112.2,112.2,0.0,0
U7208,289,FUSE0,17,Station 6.1: Packaging,50591.4,50591.4,50707.4,116.0,116.0,0.0,0
U7225,289,FUSE2,7,Station 3.1: Robot cell,50352.5,50601.0,50939.0,338.0,338.0,248.5,0
U2655,107,FUSE0,5,Station 2.2: Drill station,50610.3,50610.3,50787.1,176.8,176.8,0.0,0
U7226,289,FUSE2,8,Station 3.2: Robot cell,50353.3,50611.2,50949.2,338.0,338.0,257.9,0
U7213,289,FUSE0,14,Station 5.1: Top cover,50567.6,50618.4,50793.2,174.8,174.8,50.8,0
U7209,289,FUSE0,16,Station 6: Packaging,50588.6,50638.6,50754.6,116.0,116.0,50.0,0
U7227,289,FUSE2,10,Station 3.4: Robot cell,50488.5,50640.4,50978.4,338.0,338.0,151.9,0
U2656,107,FUSE0,3,Station 2: Drill station,50646.3,50646.3,50823.1,176.8,176.8,0.0,0
U7218,289,FUSE1,11,Station 4: Inspection,50453.4,50657.0,50774.6,117.6,117.6,203.6,1
U2659,107,FUSE1,1,Station 1: Bottom cover,50669.9,50669.9,50782.1,112.2,112.2,0.0,0
U7214,289,FUSE0,13,Station 5: Top cover,50690.4,50690.4,50865.2,174.8,174.8,0.0,0
U7219,289,FUSE1,12,Station 4.1: Inspection,50646.6,50691.8,50809.4,117.6,117.6,45.2,0
U7210,289,FUSE0,17,Station 6.1: Packaging,50677.4,50707.4,50823.4,116.0,116.0,30.0,0
U7215,289,FUSE1,15,Station 5.2: Top cover,50665.2,50707.6,50882.4,174.8,174.8,42.4,0
U2657,107,FUSE0,4,Station 2.1: Drill station,50709.5,50709.5,50886.3,176.8,176.8,0.0,0
U2660,107,FUSE1,2,Station 1.1: Bottom cover,50738.7,50738.7,50850.9,112.2,112.2,0.0,0
U7228,289,FUSE2,6,Station 3: Robot cell,50509.3,50752.4,51090.4,338.0,338.0,243.1,0
U7220,289,FUSE1,11,Station 4: Inspection,50660.0,50774.6,50892.2,117.6,117.6,114.6,0
U2661,107,FUSE1,1,Station 1: Bottom cover,50785.9,50785.9,50898.1,112.2,112.2,0.0,0
U7211,289,FUSE0,16,Station 6: Packaging,50786.2,50786.2,50902.2,116.0,116.0,0.0,0
U7216,289,FUSE1,14,Station 5.1: Top cover,50788.0,50793.2,50968.0,174.8,174.8,5.2,0
U2658,107,FUSE0,5,Station 2.2: Drill station,50802.3,50802.3,50979.1,176.8,176.8,0.0,0
U7221,289,FUSE1,12,Station 4.1: Inspection,50710.2,50809.4,50927.0,117.6,117.6,99.2,0
U2659,107,FUSE1,3,Station 2: Drill station,50821.1,50823.1,50999.9,176.8,176.8,2.0,0
U7212,289,FUSE0,17,Station 6.1: Packaging,50746.6,50823.4,50939.4,116.0,116.0,76.8,0
U2662,107,FUSE1,2,Station 1.1: Bottom cover,50854.7,50854.7,50966.9,112.2,112.2,0.0,0
U7217,289,FUSE1,13,Station 5: Top cover,50822.8,50865.2,51040.0,174.8,174.8,42.4,0
U7229,289,FUSE2,9,Station 3.3: Robot cell,50550.1,50865.6,51203.6,338.0,338.0,315.5,0
U7218,289,FUSE1,15,Station 5.2: Top cover,50885.6,50885.6,51060.4,174.8,174.8,0.0,0
U7222,289,FUSE1,11,Station 4: Inspection,50759.4,50892.2,51009.8,117.6,117.6,132.8,1
U7213,289,FUSE0,16,Station 6: Packaging,50872.2,50902.2,51018.2,116.0,116.0,30.0,0
U7223,289,FUSE2,12,Station 4.1: Inspection,50811.4,50927.0,51044.6,117.6,117.6,115.6,0
U2660,107,FUSE1,4,Station 2.1: Drill station,50929.9,50929.9,51106.7,176.8,176.8,0.0,0
U2663,107,FUSE1,1,Station 1: Bottom cover,50933.5,50933.5,51045.7,112.2,112.2,0.0,0
U2651,107,FUSE0,7,Station 3.1: Robot cell,50605.3,50939.0,51182.6,243.6,243.6,333.7,0
U7214,289,FUSE0,17,Station 6.1: Packaging,50944.2,50944.2,51060.2,116.0,116.0,0.0,0
U2652,107,FUSE0,8,Station 3.2: Robot cell,50726.1,50949.2,51192.8,243.6,243.6,223.1,0
U7219,289,FUSE1,14,Station 5.1: Top cover,50920.4,50968.0,51142.8,174.8,174.8,47.6,0
U2664,107,FUSE1,2,Station 1.1: Bottom cover,50970.7,50970.7,51082.9,112.2,112.2,0.0,0
U2653,107,FUSE0,10,Station 3.4: Robot cell,50750.1,50978.4,51222.0,243.6,243.6,228.3,0
U2661,107,FUSE1,5,Station 2.2: Drill station,50977.1,50979.1,51155.9,176.8,176.8,2.0,0
U7224,289,FUSE2,11,Station 4: Inspection,50964.6,51009.8,51127.4,117.6,117.6,45.2,0
U7215,289,FUSE1,16,Station 6: Packaging,50941.4,51018.2,51134.2,116.0,116.0,76.8,0
U2662,107,FUSE1,3,Station 2: Drill station,51025.9,51025.9,51202.7,176.8,176.8,0.0,0
U7220,289,FUSE1,13,Station 5: Top cover,51043.2,51043.2,51218.0,174.8,174.8,0.0,0
U7225,289,FUSE2,12,Station 4.1: Inspection,51018.0,51044.6,51162.2,117.6,117.6,26.6,0
U2665,107,FUSE1,1,Station 1: Bottom cover,51049.5,51049.5,51161.7,112.2,112.2,0.0,0
U7216,289,FUSE1,17,Station 6.1: Packaging,51027.0,51060.2,51176.2,116.0,116.0,33.2,0
U7221,289,FUSE1,15,Station 5.2: Top cover,51018.0,51060.4,51235.2,174.8,174.8,42.4,0
U2654,107,FUSE0,6,Station 3: Robot cell,50762.1,51090.4,51334.0,243.6,243.6,328.3,0
U2666,107,FUSE1,2,Station 1.1: Bottom cover,51091.5,51091.5,51203.7,112.2,112.2,0.0,0
U2663,107,FUSE1,4,Station 2.1: Drill station,51104.7,51106.7,51283.5,176.8,176.8,2.0,0
U7226,289,FUSE2,11,Station 4: Inspection,51028.2,51127.4,51245.0,117.6,117.6,99.2,0
U7217,289,FUSE1,16,Station 6: Packaging,51139.0,51139.0,51255.0,116.0,116.0,0.0,0
U7222,289,FUSE1,14,Station 5.1: Top cover,51140.8,51142.8,51317.6,174.8,174.8,2.0,0
U7227,289,FUSE2,12,Station 4.1: Inspection,51117.4,51162.2,51279.8,117.6,117.6,44.8,0
U2667,107,FUSE2,1,Station 1: Bottom cover,51165.5,51165.5,51277.7,112.2,112.2,0.0,0
U7218,289,FUSE1,17,Station 6.1: Packaging,51099.4,51176.2,51292.2,116.0,116.0,76.8,0
U2664,107,FUSE1,5,Station 2.2: Drill station,51181.9,51181.9,51358.7,176.8,176.8,0.0,0
U2655,107,FUSE0,7,Station 3.1: Robot cell,50886.1,51182.6,51426.2,243.6,243.6,296.5,1
U2656,107,FUSE0,8,Station 3.2: Robot cell,50902.1,51192.8,51436.4,243.6,243.6,290.7,1
U2665,107,FUSE1,3,Station 2: Drill station,51200.7,51202.7,51379.5,176.8,176.8,2.0,0
U2657,107,FUSE0,9,Station 3.3: Robot cell,51005.3,51203.6,51447.2,243.6,243.6,198.3,0
U2668,107,FUSE2,2,Station 1.1: Bottom cover,51207.5,51207.5,51319.7,112.2,112.2,0.0,0
U7223,289,FUSE2,13,Station 5: Top cover,51175.6,51218.0,51392.8,174.8,174.8,42.4,0
U2658,107,FUSE0,10,Station 3.4: Robot cell,51138.1,51222.0,51465.6,243.6,243.6,83.9,0
U7224,289,FUSE2,15,Station 5.2: Top cover,51238.4,51238.4,51413.2,174.8,174.8,0.0,0
U7228,289,FUSE2,11,Station 4: Inspection,51129.4,51245.0,51362.6,117.6,117.6,115.6,0
U7219,289,FUSE1,16,Station 6: Packaging,51221.8,51255.0,51371.0,116.0,116.0,33.2,0
U2651,107,FUSE0,12,Station 4.1: Inspection,51261.6,51279.8,51397.4,117.6,117.6,18.2,0
U2666,107,FUSE1,4,Station 2.1: Drill station,51282.7,51283.5,51460.3,176.8,176.8,0.8,0
U2669,107,FUSE2,1,Station 1: Bottom cover,51286.3,51286.3,51398.5,112.2,112.2,0.0,0
U7220,289,FUSE1,17,Station 6.1: Packaging,51297.0,51297.0,51413.0,116.0,116.0,0.0,0
U7225,289,FUSE2,14,Station 5.1: Top cover,51273.2,51317.6,51492.4,174.8,174.8,44.4,0
U2670,107,FUSE2,2,Station 1.1: Bottom cover,51323.5,51323.5,51435.7,112.2,112.2,0.0,0
U2659,107,FUSE1,6,Station 3: Robot cell,51038.9,51334.0,51639.6,305.6,305.6,295.1,1
U2667,107,FUSE2,5,Station 2.2: Drill station,51356.7,51358.7,51535.5,176.8,176.8,2.0,0
U2652,107,FUSE0,11,Station 4: Inspection,51271.8,51362.6,51480.2,117.6,117.6,90.8,0
U7221,289,FUSE1,16,Station 6: Packaging,51294.2,51371.0,51487.0,116.0,116.0,76.8,0
U2668,107,FUSE2,3,Station 2: Drill station,51378.7,51379.5,51556.3,176.8,176.8,0.8,0
U7226,289,FUSE2,13,Station 5: Top cover,51396.0,51396.0,51570.8,174.8,174.8,0.0,0
U7229,289,FUSE2,12,Station 4.1: Inspection,51322.6,51397.4,51515.0,117.6,117.6,74.8,0
U2671,107,FUSE2,1,Station 1: Bottom cover,51402.3,51402.3,51514.5,112.2,112.2,0.0,0
U7222,289,FUSE1,17,Station 6.1: Packaging,51376.6,51413.0,51529.0,116.0,116.0,36.4,0
U7227,289,FUSE2,15,Station 5.2: Top cover,51370.8,51413.2,51588.0,174.8,174.8,42.4,0
U2660,107,FUSE1,7,Station 3.1: Robot cell,51185.7,51426.2,51731.8,305.6,305.6,240.5,0
U2661,107,FUSE1,8,Station 3.2: Robot cell,51274.9,51436.4,51742.0,305.6,305.6,161.5,0
U2672,107,FUSE2,2,Station 1.1: Bottom cover,51444.3,51444.3,51556.5,112.2,112.2,0.0,0
U2662,107,FUSE1,9,Station 3.3: Robot cell,51301.7,51447.2,51752.8,305.6,305.6,145.5,0
U2669,107,FUSE2,4,Station 2.1: Drill station,51457.5,51460.3,51637.1,176.8,176.8,2.8,0
U2663,107,FUSE1,10,Station 3.4: Robot cell,51422.5,51465.6,51771.2,305.6,305.6,43.1,0
U2653,107,FUSE0,11,Station 4: Inspection,51341.0,51480.2,51597.8,117.6,117.6,139.2,1
U7223,289,FUSE2,16,Station 6: Packaging,51491.8,51491.8,51607.8,116.0,116.0,0.0,0
U7228,289,FUSE2,14,Station 5.1: Top cover,51493.6,51493.6,51668.4,174.8,174.8,0.0,0
U2654,107,FUSE0,12,Station 4.1: Inspection,51393.0,51515.0,51632.6,117.6,117.6,122.0,1
U2673,107,FUSE2,1,Station 1: Bottom cover,51518.3,51518.3,51630.5,112.2,112.2,0.0,0
U7224,289,FUSE2,17,Station 6.1: Packaging,51452.2,51529.0,51645.0,116.0,116.0,76.8,0
U2670,107,FUSE2,5,Station 2.2: Drill station,51534.7,51535.5,51712.3,176.8,176.8,0.8,0
U2671,107,FUSE2,3,Station 2: Drill station,51553.5,51556.3,51733.1,176.8,176.8,2.8,0
U2674,107,FUSE2,2,Station 1.1: Bottom cover,51560.3,51560.3,51672.5,112.2,112.2,0.0,0
U2651,107,FUSE0,13,Station 5: Top cover,51528.4,51570.8,51745.6,174.8,174.8,42.4,0
U2652,107,FUSE0,15,Station 5.2: Top cover,51591.2,51591.2,51766.0,174.8,174.8,0.0,0
U2655,107,FUSE0,11,Station 4: Inspection,51485.2,51597.8,51715.4,117.6,117.6,112.6,0
U7225,289,FUSE2,16,Station 6: Packaging,51571.4,51607.8,51723.8,116.0,116.0,36.4,0
U2656,107,FUSE0,12,Station 4.1: Inspection,51535.4,51632.6,51750.2,117.6,117.6,97.2,0
U2672,107,FUSE2,4,Station 2.1: Drill station,51635.5,51637.1,51813.9,176.8,176.8,1.6,0
U2675,107,FUSE2,1,Station 1: Bottom cover,51639.1,51639.1,51751.3,112.2,112.2,0.0,0
U2664,107,FUSE1,6,Station 3: Robot cell,51437.7,51639.6,51945.2,305.6,305.6,201.9,0
U7226,289,FUSE2,17,Station 6.1: Packaging,51649.8,51649.8,51765.8,116.0,116.0,0.0,0
U7229,289,FUSE2,14,Station 5.1: Top cover,51626.0,51668.4,51843.2,174.8,174.8,42.4,0
U2555,103,FUSE0,2,Station 1.1: Bottom cover,51676.3,51676.3,51788.5,112.2,112.2,0.0,0
U2673,107,FUSE2,5,Station 2.2: Drill station,51709.5,51712.3,51889.1,176.8,176.8,2.8,0
U2657,107,FUSE0,11,Station 4: Inspection,51546.2,51715.4,51833.0,117.6,117.6,169.2,1
U7227,289,FUSE2,16,Station 6: Packaging,51647.0,51723.8,51839.8,116.0,116.0,76.8,0
U2665,107,FUSE1,7,Station 3.1: Robot cell,51438.5,51731.8,52037.4,305.6,305.6,293.3,0
U2674,107,FUSE2,3,Station 2: Drill station,51731.5,51733.1,51909.9,176.8,176.8,1.6,0
U2666,107,FUSE1,8,Station 3.2: Robot cell,51559.3,51742.0,52047.6,305.6,305.6,182.7,0
U2653,107,FUSE0,13,Station 5: Top cover,51748.8,51748.8,51923.6,174.8,174.8,0.0,0
U2658,107,FUSE0,12,Station 4.1: Inspection,51604.6,51750.2,51867.8,117.6,117.6,145.6,1
U2667,107,FUSE2,9,Station 3.3: Robot cell,51674.5,51752.8,52090.8,338.0,338.0,78.3,0
U2556,103,FUSE0,1,Station 1: Bottom cover,51755.1,51755.1,51867.3,112.2,112.2,0.0,0
U7228,289,FUSE2,17,Station 6.1: Packaging,51727.4,51765.8,51881.8,116.0,116.0,38.4,0
U2654,107,FUSE0,15,Station 5.2: Top cover,51723.6,51766.0,51940.8,174.8,174.8,42.4,0
U2668,107,FUSE2,10,Station 3.4: Robot cell,51675.3,51771.2,52109.2,338.0,338.0,95.9,0
U2557,103,FUSE0,2,Station 1.1: Bottom cover,51797.1,51797.1,51909.3,112.2,112.2,0.0,0
U2675,107,FUSE2,4,Station 2.1: Drill station,51810.3,51813.9,51990.7,176.8,176.8,3.6,0
U2659,107,FUSE1,11,Station 4: Inspection,51678.6,51833.0,51950.6,117.6,117.6,154.4,1
U2651,107,FUSE0,16,Station 6: Packaging,51844.6,51844.6,51960.6,116.0,116.0,0.0,0
U2655,107,FUSE0,14,Station 5.1: Top cover,51846.4,51846.4,52021.2,174.8,174.8,0.0,0
U2660,107,FUSE1,12,Station 4.1: Inspection,51810.8,51867.8,51985.4,117.6,117.6,57.0,0
U2558,103,FUSE0,1,Station 1: Bottom cover,51871.1,51871.1,51983.3,112.2,112.2,0.0,0
U2652,107,FUSE0,17,Station 6.1: Packaging,51805.0,51881.8,51997.8,116.0,116.0,76.8,0
U2555,103,FUSE0,5,Station 2.2: Drill station,51887.5,51889.1,52065.9,176.8,176.8,1.6,0
U2556,103,FUSE0,3,Station 2: Drill station,51906.3,51909.9,52086.7,176.8,176.8,3.6,0
U2559,103,FUSE0,2,Station 1.1: Bottom cover,51913.1,51913.1,52025.3,112.2,112.2,0.0,0
U2656,107,FUSE0,13,Station 5: Top cover,51881.2,51923.6,52098.4,174.8,174.8,42.4,0
U2657,107,FUSE0,15,Station 5.2: Top cover,51944.0,51944.0,52118.8,174.8,174.8,0.0,0
U2669,107,FUSE2,6,Station 3: Robot cell,51696.1,51945.2,52283.2,338.0,338.0,249.1,0
U2661,107,FUSE1,11,Station 4: Inspection,51821.0,51950.6,52068.2,117.6,117.6,129.6,1
U7229,289,FUSE2,16,Station 6: Packaging,51922.2,51960.6,52076.6,116.0,116.0,38.4,0
U2662,107,FUSE1,12,Station 4.1: Inspection,51871.8,51985.4,52103.0,117.6,117.6,113.6,0
U2557,103,FUSE0,4,Station 2.1: Drill station,51988.3,51990.7,52167.5,176.8,176.8,2.4,0
U2560,103,FUSE0,1,Station 1: Bottom cover,51991.9,51991.9,52104.1,112.2,112.2,0.0,0
U2653,107,FUSE0,17,Station 6.1: Packaging,52002.6,52002.6,52118.6,116.0,116.0,0.0,0
U2658,107,FUSE0,14,Station 5.1: Top cover,51978.8,52021.2,52196.0,174.8,174.8,42.4,0
U2561,103,FUSE0,2,Station 1.1: Bottom cover,52029.1,52029.1,52141.3,112.2,112.2,0.0,0
U2670,107,FUSE2,7,Station 3.1: Robot cell,51811.3,52037.4,52375.4,338.0,338.0,226.1,0
U2671,107,FUSE2,8,Station 3.2: Robot cell,51812.1,52047.6,52385.6,338.0,338.0,235.5,0
U2558,103,FUSE0,5,Station 2.2: Drill station,52062.3,52065.9,52242.7,176.8,176.8,3.6,0
U2663,107,FUSE1,11,Station 4: Inspection,51890.2,52068.2,52185.8,117.6,117.6,178.0,1
U2654,107,FUSE0,16,Station 6: Packaging,51999.8,52076.6,52192.6,116.0,116.0,76.8,0
U2559,103,FUSE0,3,Station 2: Drill station,52084.3,52086.7,52263.5,176.8,176.8,2.4,0
U2672,107,FUSE2,9,Station 3.3: Robot cell,51932.9,52090.8,52428.8,338.0,338.0,157.9,0
U2659,107,FUSE1,13,Station 5: Top cover,52101.6,52101.6,52276.4,174.8,174.8,0.0,0
U2664,107,FUSE1,12,Station 4.1: Inspection,52004.2,52103.0,52220.6,117.6,117.6,98.8,0
U2562,103,FUSE1,1,Station 1: Bottom cover,52107.9,52107.9,52220.1,112.2,112.2,0.0,0
U2673,107,FUSE2,10,Station 3.4: Robot cell,52048.1,52109.2,52447.2,338.0,338.0,61.1,0
U2655,107,FUSE0,17,Station 6.1: Packaging,52080.2,52118.6,52234.6,116.0,116.0,38.4,0
U2660,107,FUSE1,15,Station 5.2: Top cover,52076.4,52118.8,52293.6,174.8,174.8,42.4,0
U2563,103,FUSE1,2,Station 1.1: Bottom cover,52149.9,52149.9,52262.1,112.2,112.2,0.0,0
U2560,103,FUSE0,4,Station 2.1: Drill station,52163.1,52167.5,52344.3,176.8,176.8,4.4,0
U2665,107,FUSE1,11,Station 4: Inspection,52096.4,52185.8,52303.4,117.6,117.6,89.4,0
U2656,107,FUSE0,16,Station 6: Packaging,52197.4,52197.4,52313.4,116.0,116.0,0.0,0
U2661,107,FUSE1,14,Station 5.1: Top cover,52199.2,52199.2,52374.0,174.8,174.8,0.0,0
U2666,107,FUSE1,12,Station 4.1: Inspection,52146.6,52220.6,52338.2,117.6,117.6,74.0,0
U2564,103,FUSE1,1,Station 1: Bottom cover,52223.9,52223.9,52336.1,112.2,112.2,0.0,0
U2657,107,FUSE0,17,Station 6.1: Packaging,52157.8,52234.6,52350.6,116.0,116.0,76.8,0
U2561,103,FUSE0,5,Station 2.2: Drill station,52240.3,52242.7,52419.5,176.8,176.8,2.4,0
U2562,103,FUSE1,3,Station 2: Drill station,52259.1,52263.5,52440.3,176.8,176.8,4.4,0
U2565,103,FUSE1,2,Station 1.1: Bottom cover,52265.9,52265.9,52378.1,112.2,112.2,0.0,0
U2662,107,FUSE1,13,Station 5: Top cover,52234.0,52276.4,52451.2,174.8,174.8,42.4,0
U2674,107,FUSE2,6,Station 3: Robot cell,51948.9,52283.2,52621.2,338.0,338.0,334.3,0
U2663,107,FUSE1,15,Station 5.2: Top cover,52296.8,52296.8,52471.6,174.8,174.8,0.0,0
U2667,107,FUSE2,11,Station 4: Inspection,52189.8,52303.4,52421.0,117.6,117.6,113.6,0
U2658,107,FUSE0,16,Station 6: Packaging,52275.0,52313.4,52429.4,116.0,116.0,38.4,0
U2668,107,FUSE2,12,Station 4.1: Inspection,52248.2,52338.2,52455.8,117.6,117.6,90.0,0
U2563,103,FUSE1,4,Station 2.1: Drill station,52341.1,52344.3,52521.1,176.8,176.8,3.2,0
U2566,103,FUSE1,1,Station 1: Bottom cover,52344.7,52344.7,52456.9,112.2,112.2,0.0,0
U2659,107,FUSE1,17,Station 6.1: Packaging,52355.4,52355.4,52471.4,116.0,116.0,0.0,0
U2664,107,FUSE1,14,Station 5.1: Top cover,52331.6,52374.0,52548.8,174.8,174.8,42.4,0
U2675,107,FUSE2,7,Station 3.1: Robot cell,52069.7,52375.4,52713.4,338.0,338.0,305.7,0
U2567,103,FUSE1,2,Station 1.1: Bottom cover,52381.9,52381.9,52494.1,112.2,112.2,0.0,0
U2555,103,FUSE0,8,Station 3.2: Robot cell,52184.9,52385.6,52629.2,243.6,243.6,200.7,0
U2564,103,FUSE1,5,Station 2.2: Drill station,52415.1,52419.5,52596.3,176.8,176.8,4.4,0
U2669,107,FUSE2,11,Station 4: Inspection,52322.2,52421.0,52538.6,117.6,117.6,98.8,0
U2556,103,FUSE0,9,Station 3.3: Robot cell,52185.7,52428.8,52672.4,243.6,243.6,243.1,0
U2660,107,FUSE1,16,Station 6: Packaging,52352.6,52429.4,52545.4,116.0,116.0,76.8,0
U2565,103,FUSE1,3,Station 2: Drill station,52437.1,52440.3,52617.1,176.8,176.8,3.2,0
U2557,103,FUSE0,10,Station 3.4: Robot cell,52306.5,52447.2,52690.8,243.6,243.6,140.7,0
U2665,107,FUSE1,13,Station 5: Top cover,52454.4,52454.4,52629.2,174.8,174.8,0.0,0
U2670,107,FUSE2,12,Station 4.1: Inspection,52454.4,52455.8,52573.4,117.6,117.6,1.4,0
U2568,103,FUSE1,1,Station 1: Bottom cover,52460.7,52460.7,52572.9,112.2,112.2,0.0,0
U2661,107,FUSE1,17,Station 6.1: Packaging,52433.0,52471.4,52587.4,116.0,116.0,38.4,0
U2666,107,FUSE1,15,Station 5.2: Top cover,52429.2,52471.6,52646.4,174.8,174.8,42.4,0
U2569,103,FUSE2,2,Station 1.1: Bottom cover,52502.7,52502.7,52614.9,112.2,112.2,0.0,0
U2566,103,FUSE1,4,Station 2.1: Drill station,52515.9,52521.1,52697.9,176.8,176.8,5.2,0
U2671,107,FUSE2,11,Station 4: Inspection,52464.6,52538.6,52656.2,117.6,117.6,74.0,0
U2662,107,FUSE1,16,Station 6: Packaging,52550.2,52550.2,52666.2,116.0,116.0,0.0,0
U2667,107,FUSE2,14,Station 5.1: Top cover,52552.0,52552.0,52726.8,174.8,174.8,0.0,0
U2672,107,FUSE2,12,Station 4.1: Inspection,52547.8,52573.4,52691.0,117.6,117.6,25.6,0
U2570,103,FUSE2,1,Station 1: Bottom cover,52576.7,52576.7,52688.9,112.2,112.2,0.0,0
U2663,107,FUSE1,17,Station 6.1: Packaging,52510.6,52587.4,52703.4,116.0,116.0,76.8,0
U2567,103,FUSE1,5,Station 2.2: Drill station,52593.1,52596.3,52773.1,176.8,176.8,3.2,0
U2568,103,FUSE1,3,Station 2: Drill station,52611.9,52617.1,52793.9,176.8,176.8,5.2,0
U2571,103,FUSE2,2,Station 1.1: Bottom cover,52618.7,52618.7,52730.9,112.2,112.2,0.0,0
U2558,103,FUSE0,6,Station 3: Robot cell,52321.7,52621.2,52864.8,243.6,243.6,299.5,0
U2668,107,FUSE2,13,Station 5: Top cover,52586.8,52629.2,52804.0,174.8,174.8,42.4,0
U2559,103,FUSE0,8,Station 3.2: Robot cell,52342.5,52629.2,52872.8,243.6,243.6,286.7,1
U2669,107,FUSE2,15,Station 5.2: Top cover,52649.6,52649.6,52824.4,174.8,174.8,0.0,0
U2673,107,FUSE2,11,Station 4: Inspection,52566.2,52656.2,52773.8,117.6,117.6,90.0,0
U2664,107,FUSE1,16,Station 6: Packaging,52627.8,52666.2,52782.2,116.0,116.0,38.4,0
U2560,103,FUSE0,9,Station 3.3: Robot cell,52463.3,52672.4,52916.0,243.6,243.6,209.1,0
U2561,103,FUSE0,10,Station 3.4: Robot cell,52578.5,52690.8,52934.4,243.6,243.6,112.3,0
U2674,107,FUSE2,12,Station 4.1: Inspection,52680.2,52691.0,52808.6,117.6,117.6,10.8,0
U2572,103,FUSE2,1,Station 1: Bottom cover,52697.5,52697.5,52809.7,112.2,112.2,0.0,0
U2569,103,FUSE2,4,Station 2.1: Drill station,52693.9,52697.9,52874.7,176.8,176.8,4.0,0
U2665,107,FUSE1,17,Station 6.1: Packaging,52708.2,52708.2,52824.2,116.0,116.0,0.0,0
U2562,103,FUSE1,7,Station 3.1: Robot cell,52499.3,52713.4,53019.0,305.6,305.6,214.1,0
U2670,107,FUSE2,14,Station 5.1: Top cover,52684.4,52726.8,52901.6,174.8,174.8,42.4,0
U2573,103,FUSE2,2,Station 1.1: Bottom cover,52734.7,52734.7,52846.9,112.2,112.2,0.0,0
U2570,103,FUSE2,5,Station 2.2: Drill station,52767.9,52773.1,52949.9,176.8,176.8,5.2,0
U2555,103,FUSE0,11,Station 4: Inspection,52708.2,52773.8,52891.4,117.6,117.6,65.6,0
U2666,107,FUSE1,16,Station 6: Packaging,52705.4,52782.2,52898.2,116.0,116.0,76.8,0
U2571,103,FUSE2,3,Station 2: Drill station,52789.9,52793.9,52970.7,176.8,176.8,4.0,0
U2671,107,FUSE2,13,Station 5: Top cover,52807.2,52807.2,52982.0,174.8,174.8,0.0,0
U2556,103,FUSE0,12,Station 4.1: Inspection,52791.4,52808.6,52926.2,117.6,117.6,17.2,0
U2574,103,FUSE2,1,Station 1: Bottom cover,52813.5,52813.5,52925.7,112.2,112.2,0.0,0
U2667,107,FUSE2,17,Station 6.1: Packaging,52785.8,52824.2,52940.2,116.0,116.0,38.4,0
U2672,107,FUSE2,15,Station 5.2: Top cover,52782.0,52824.4,52999.2,174.8,174.8,42.4,0
U2575,103,FUSE2,2,Station 1.1: Bottom cover,52855.5,52855.5,52967.7,112.2,112.2,0.0,0
U2563,103,FUSE1,6,Station 3: Robot cell,52580.1,52864.8,53170.4,305.6,305.6,284.7,1
U2564,103,FUSE1,8,Station 3.2: Robot cell,52715.3,52872.8,53178.4,305.6,305.6,157.5,0
U2572,103,FUSE2,4,Station 2.1: Drill station,52868.7,52874.7,53051.5,176.8,176.8,6.0,0
U2557,103,FUSE0,11,Station 4: Inspection,52809.8,52891.4,53009.0,117.6,117.6,81.6,0
U2668,107,FUSE2,16,Station 6: Packaging,52903.0,52903.0,53019.0,116.0,116.0,0.0,0
U2673,107,FUSE2,14,Station 5.1: Top cover,52904.8,52904.8,53079.6,174.8,174.8,0.0,0
U2565,103,FUSE1,9,Station 3.3: Robot cell,52716.1,52916.0,53221.6,305.6,305.6,199.9,0
U2675,107,FUSE2,12,Station 4.1: Inspection,52792.4,52926.2,53043.8,117.6,117.6,133.8,1
U3532,143,FUSE0,1,Station 1: Bottom cover,52929.5,52929.5,53041.7,112.2,112.2,0.0,0
U2566,103,FUSE1,10,Station 3.4: Robot cell,52836.9,52934.4,53240.0,305.6,305.6,97.5,0
U2669,107,FUSE2,17,Station 6.1: Packaging,52863.4,52940.2,53056.2,116.0,116.0,76.8,0
U2573,103,FUSE2,5,Station 2.2: Drill station,52945.9,52949.9,53126.7,176.8,176.8,4.0,0
U2574,103,FUSE2,3,Station 2: Drill station,52964.7,52970.7,53147.5,176.8,176.8,6.0,0
U3533,143,FUSE0,2,Station 1.1: Bottom cover,52971.5,52971.5,53083.7,112.2,112.2,0.0,0
U2674,107,FUSE2,13,Station 5: Top cover,52939.6,52982.0,53156.8,174.8,174.8,42.4,0
U2555,103,FUSE0,15,Station 5.2: Top cover,53002.4,53002.4,53177.2,174.8,174.8,0.0,0
U2558,103,FUSE0,11,Station 4: Inspection,52903.8,53009.0,53126.6,117.6,117.6,105.2,0
U2670,107,FUSE2,16,Station 6: Packaging,52980.6,53019.0,53135.0,116.0,116.0,38.4,0
U2567,103,FUSE1,7,Station 3.1: Robot cell,52872.1,53019.0,53324.6,305.6,305.6,146.9,0
U2559,103,FUSE0,12,Station 4.1: Inspection,52971.8,53043.8,53161.4,117.6,117.6,72.0,0
U3534,143,FUSE0,1,Station 1: Bottom cover,53050.3,53050.3,53162.5,112.2,112.2,0.0,0
U2575,103,FUSE2,4,Station 2.1: Drill station,53046.7,53051.5,53228.3,176.8,176.8,4.8,0
U2671,107,FUSE2,17,Station 6.1: Packaging,53061.0,53061.0,53177.0,116.0,116.0,0.0,0
U2556,103,FUSE0,14,Station 5.1: Top cover,53037.2,53079.6,53254.4,174.8,174.8,42.4,0
U3535,143,FUSE0,2,Station 1.1: Bottom cover,53087.5,53087.5,53199.7,112.2,112.2,0.0,0
U2560,103,FUSE0,11,Station 4: Inspection,53015.0,53126.6,53244.2,117.6,117.6,111.6,0
U3532,143,FUSE0,5,Station 2.2: Drill station,53120.7,53126.7,53303.5,176.8,176.8,6.0,0
U2672,107,FUSE2,16,Station 6: Packaging,53058.2,53135.0,53251.0,116.0,116.0,76.8,0
U3533,143,FUSE0,3,Station 2: Drill station,53142.7,53147.5,53324.3,176.8,176.8,4.8,0
U2557,103,FUSE0,13,Station 5: Top cover,53160.0,53160.0,53334.8,174.8,174.8,0.0,0
U2561,103,FUSE0,12,Station 4.1: Inspection,53073.4,53161.4,53279.0,117.6,117.6,88.0,0
U3536,143,FUSE0,1,Station 1: Bottom cover,53166.3,53166.3,53278.5,112.2,112.2,0.0,0
U2568,103,FUSE1,6,Station 3: Robot cell,52832.9,53170.4,53476.0,305.6,305.6,337.5,1
U2673,107,FUSE2,17,Station 6.1: Packaging,53138.6,53177.0,53293.0,116.0,116.0,38.4,0
U2675,107,FUSE2,15,Station 5.2: Top cover,53134.8,53177.2,53352.0,174.8,174.8,42.4,0
U2569,103,FUSE2,8,Station 3.2: Robot cell,52973.7,53178.4,53516.4,338.0,338.0,204.7,0
U3537,143,FUSE0,2,Station 1.1: Bottom cover,53208.3,53208.3,53320.5,112.2,112.2,0.0,0
U2570,103,FUSE2,9,Station 3.3: Robot cell,53088.9,53221.6,53559.6,338.0,338.0,132.7,0
U3534,143,FUSE0,4,Station 2.1: Drill station,53221.5,53228.3,53405.1,176.8,176.8,6.8,0
U2571,103,FUSE2,10,Station 3.4: Robot cell,53089.7,53240.0,53578.0,338.0,338.0,150.3,0
U2562,103,FUSE1,11,Station 4: Inspection,53078.0,53244.2,53361.8,117.6,117.6,166.2,1
U2674,107,FUSE2,16,Station 6: Packaging,53255.8,53255.8,53371.8,116.0,116.0,0.0,0
U2558,103,FUSE0,14,Station 5.1: Top cover,53257.6,53257.6,53432.4,174.8,174.8,0.0,0
U2563,103,FUSE1,12,Station 4.1: Inspection,53229.4,53279.0,53396.6,117.6,117.6,49.6,0
U3538,143,FUSE0,1,Station 1: Bottom cover,53282.3,53282.3,53394.5,112.2,112.2,0.0,0
U2555,103,FUSE0,17,Station 6.1: Packaging,53216.2,53293.0,53409.0,116.0,116.0,76.8,0
U3535,143,FUSE0,5,Station 2.2: Drill station,53298.7,53303.5,53480.3,176.8,176.8,4.8,0
U3539,143,FUSE0,2,Station 1.1: Bottom cover,53324.3,53324.3,53436.5,112.2,112.2,0.0,0
U3536,143,FUSE0,3,Station 2: Drill station,53317.5,53324.3,53501.1,176.8,176.8,6.8,0
U2572,103,FUSE2,7,Station 3.1: Robot cell,53130.5,53324.6,53662.6,338.0,338.0,194.1,0
U2559,103,FUSE0,13,Station 5: Top cover,53292.4,53334.8,53509.6,174.8,174.8,42.4,0
U2560,103,FUSE0,15,Station 5.2: Top cover,53355.2,53355.2,53530.0,174.8,174.8,0.0,0
U2564,103,FUSE1,11,Station 4: Inspection,53257.4,53361.8,53479.4,117.6,117.6,104.4,0
U2556,103,FUSE0,16,Station 6: Packaging,53333.4,53371.8,53487.8,116.0,116.0,38.4,0
U2565,103,FUSE1,12,Station 4.1: Inspection,53340.6,53396.6,53514.2,117.6,117.6,56.0,0
U3540,143,FUSE1,1,Station 1: Bottom cover,53403.1,53403.1,53515.3,112.2,112.2,0.0,0
U3537,143,FUSE0,4,Station 2.1: Drill station,53399.5,53405.1,53581.9,176.8,176.8,5.6,0
U2557,103,FUSE0,17,Station 6.1: Packaging,53413.8,53413.8,53529.8,116.0,116.0,0.0,0
U2561,103,FUSE0,14,Station 5.1: Top cover,53390.0,53432.4,53607.2,174.8,174.8,42.4,0
U3541,143,FUSE1,2,Station 1.1: Bottom cover,53440.3,53440.3,53552.5,112.2,112.2,0.0,0
U2573,103,FUSE2,6,Station 3: Robot cell,53205.7,53476.0,53814.0,338.0,338.0,270.3,0
U2566,103,FUSE1,11,Station 4: Inspection,53359.0,53479.4,53597.0,117.6,117.6,120.4,1
U3538,143,FUSE0,5,Station 2.2: Drill station,53473.5,53480.3,53657.1,176.8,176.8,6.8,0
U2675,107,FUSE2,16,Station 6: Packaging,53411.0,53487.8,53603.8,116.0,116.0,76.8,0
U3539,143,FUSE0,3,Station 2: Drill station,53495.5,53501.1,53677.9,176.8,176.8,5.6,0
U2562,103,FUSE1,13,Station 5: Top cover,53512.8,53512.8,53687.6,174.8,174.8,0.0,0
U2567,103,FUSE1,12,Station 4.1: Inspection,53403.6,53514.2,53631.8,117.6,117.6,110.6,0
U2574,103,FUSE2,8,Station 3.2: Robot cell,53226.5,53516.4,53854.4,338.0,338.0,289.9,0
U3542,143,FUSE1,1,Station 1: Bottom cover,53519.1,53519.1,53631.3,112.2,112.2,0.0,0
U2558,103,FUSE0,17,Station 6.1: Packaging,53491.4,53529.8,53645.8,116.0,116.0,38.4,0
U2563,103,FUSE1,15,Station 5.2: Top cover,53487.6,53530.0,53704.8,174.8,174.8,42.4,0
U2575,103,FUSE2,9,Station 3.3: Robot cell,53347.3,53559.6,53897.6,338.0,338.0,212.3,0
U3543,143,FUSE1,2,Station 1.1: Bottom cover,53561.1,53561.1,53673.3,112.2,112.2,0.0,0
U3532,143,FUSE0,10,Station 3.4: Robot cell,53462.5,53578.0,53821.6,243.6,243.6,115.5,0
U3540,143,FUSE1,4,Station 2.1: Drill station,53574.3,53581.9,53758.7,176.8,176.8,7.6,0
U2568,103,FUSE1,11,Station 4: Inspection,53515.0,53597.0,53714.6,117.6,117.6,82.0,0
U2559,103,FUSE0,16,Station 6: Packaging,53608.6,53608.6,53724.6,116.0,116.0,0.0,0
U2564,103,FUSE1,14,Station 5.1: Top cover,53610.4,53610.4,53785.2,174.8,174.8,0.0,0
U2569,103,FUSE2,12,Station 4.1: Inspection,53615.4,53631.8,53749.4,117.6,117.6,16.4,0
U3544,143,FUSE1,1,Station 1: Bottom cover,53635.1,53635.1,53747.3,112.2,112.2,0.0,0
U2560,103,FUSE0,17,Station 6.1: Packaging,53569.0,53645.8,53761.8,116.0,116.0,76.8,0
U3541,143,FUSE1,5,Station 2.2: Drill station,53651.5,53657.1,53833.9,176.8,176.8,5.6,0
U3533,143,FUSE0,7,Station 3.1: Robot cell,53383.3,53662.6,53906.2,243.6,243.6,279.3,0
U3545,143,FUSE1,2,Station 1.1: Bottom cover,53677.1,53677.1,53789.3,112.2,112.2,0.0,0
U3542,143,FUSE1,3,Station 2: Drill station,53670.3,53677.9,53854.7,176.8,176.8,7.6,0
U2565,103,FUSE1,13,Station 5: Top cover,53645.2,53687.6,53862.4,174.8,174.8,42.4,0
U2566,103,FUSE1,15,Station 5.2: Top cover,53708.0,53708.0,53882.8,174.8,174.8,0.0,0
U2570,103,FUSE2,11,Station 4: Inspection,53658.6,53714.6,53832.2,117.6,117.6,56.0,0
U2561,103,FUSE0,16,Station 6: Packaging,53686.2,53724.6,53840.6,116.0,116.0,38.4,0
U2571,103,FUSE2,12,Station 4.1: Inspection,53717.0,53749.4,53867.0,117.6,117.6,32.4,0
U3546,143,FUSE1,1,Station 1: Bottom cover,53755.9,53755.9,53868.1,112.2,112.2,0.0,0
U3543,143,FUSE1,4,Station 2.1: Drill station,53752.3,53758.7,53935.5,176.8,176.8,6.4,0
U2562,103,FUSE1,17,Station 6.1: Packaging,53766.6,53766.6,53882.6,116.0,116.0,0.0,0
U2567,103,FUSE1,14,Station 5.1: Top cover,53742.8,53785.2,53960.0,174.8,174.8,42.4,0
U3547,143,FUSE1,2,Station 1.1: Bottom cover,53793.1,53793.1,53905.3,112.2,112.2,0.0,0
U3534,143,FUSE0,6,Station 3: Robot cell,53464.1,53814.0,54057.6,243.6,243.6,349.9,1
U3535,143,FUSE0,10,Station 3.4: Robot cell,53639.3,53821.6,54065.2,243.6,243.6,182.3,0
U2572,103,FUSE2,11,Station 4: Inspection,53721.6,53832.2,53949.8,117.6,117.6,110.6,0
U3544,143,FUSE1,5,Station 2.2: Drill station,53826.3,53833.9,54010.7,176.8,176.8,7.6,0
U2563,103,FUSE1,16,Station 6: Packaging,53763.8,53840.6,53956.6,116.0,116.0,76.8,0
U3536,143,FUSE0,8,Station 3.2: Robot cell,53580.1,53854.4,54098.0,243.6,243.6,274.3,0
U3545,143,FUSE1,3,Station 2: Drill station,53848.3,53854.7,54031.5,176.8,176.8,6.4,0
U2568,103,FUSE1,13,Station 5: Top cover,53865.6,53865.6,54040.4,174.8,174.8,0.0,0
U3548,143,FUSE2,1,Station 1: Bottom cover,53871.9,53871.9,53984.1,112.2,112.2,0.0,0
U2573,103,FUSE2,12,Station 4.1: Inspection,53873.0,53873.0,53990.6,117.6,117.6,0.0,0
U2564,103,FUSE1,17,Station 6.1: Packaging,53844.2,53882.6,53998.6,116.0,116.0,38.4,0
U2569,103,FUSE2,15,Station 5.2: Top cover,53840.4,53882.8,54057.6,174.8,174.8,42.4,0
U3537,143,FUSE0,9,Station 3.3: Robot cell,53700.9,53897.6,54141.2,243.6,243.6,196.7,0
U3538,143,FUSE0,7,Station 3.1: Robot cell,53756.1,53906.2,54149.8,243.6,243.6,150.1,0
U3549,143,FUSE2,2,Station 1.1: Bottom cover,53913.9,53913.9,54026.1,112.2,112.2,0.0,0
U3546,143,FUSE1,4,Station 2.1: Drill station,53927.1,53935.5,54112.3,176.8,176.8,8.4,0
U3532,143,FUSE0,11,Station 4: Inspection,53940.6,53949.8,54067.4,117.6,117.6,9.2,0
U2565,103,FUSE1,16,Station 6: Packaging,53961.4,53961.4,54077.4,116.0,116.0,0.0,0
U2570,103,FUSE2,14,Station 5.1: Top cover,53963.2,53963.2,54138.0,174.8,174.8,0.0,0
U3550,143,FUSE2,1,Station 1: Bottom cover,53987.9,53987.9,54100.1,112.2,112.2,0.0,0
U2574,103,FUSE2,12,Station 4.1: Inspection,53953.4,53990.6,54108.2,117.6,117.6,37.2,0
U2566,103,FUSE1,17,Station 6.1: Packaging,53921.8,53998.6,54114.6,116.0,116.0,76.8,0
U3547,143,FUSE1,5,Station 2.2: Drill station,54004.3,54010.7,54187.5,176.8,176.8,6.4,0
U3551,143,FUSE2,2,Station 1.1: Bottom cover,54029.9,54029.9,54142.1,112.2,112.2,0.0,0
U3548,143,FUSE2,3,Station 2: Drill station,54023.1,54031.5,54208.3,176.8,176.8,8.4,0
U2571,103,FUSE2,13,Station 5: Top cover,53998.0,54040.4,54215.2,174.8,174.8,42.4,0
U3539,143,FUSE0,6,Station 3: Robot cell,53716.9,54057.6,54301.2,243.6,243.6,340.7,1
U2572,103,FUSE2,15,Station 5.2: Top cover,54060.8,54060.8,54235.6,174.8,174.8,0.0,0
U3540,143,FUSE1,10,Station 3.4: Robot cell,53897.7,54065.2,54370.8,305.6,305.6,167.5,0
U2575,103,FUSE2,11,Station 4: Inspection,53996.6,54067.4,54185.0,117.6,117.6,70.8,0
U2567,103,FUSE1,16,Station 6: Packaging,54039.0,54077.4,54193.4,116.0,116.0,38.4,0
U3541,143,FUSE1,8,Station 3.2: Robot cell,53952.9,54098.0,54403.6,305.6,305.6,145.1,0
U3533,143,FUSE0,12,Station 4.1: Inspection,53985.2,54108.2,54225.8,117.6,117.6,123.0,1
U3552,143,FUSE2,1,Station 1: Bottom cover,54108.7,54108.7,54220.9,112.2,112.2,0.0,0
U3549,143,FUSE2,4,Station 2.1: Drill station,54105.1,54112.3,54289.1,176.8,176.8,7.2,0
U2568,103,FUSE1,17,Station 6.1: Packaging,54119.4,54119.4,54235.4,116.0,116.0,0.0,0
U2573,103,FUSE2,14,Station 5.1: Top cover,54101.6,54138.0,54312.8,174.8,174.8,36.4,0
U3542,143,FUSE1,9,Station 3.3: Robot cell,53953.7,54141.2,54446.8,305.6,305.6,187.5,0
U3553,143,FUSE2,2,Station 1.1: Bottom cover,54145.9,54145.9,54258.1,112.2,112.2,0.0,0
U3543,143,FUSE1,7,Station 3.1: Robot cell,54014.5,54149.8,54455.4,305.6,305.6,135.3,0
U3534,143,FUSE0,11,Station 4: Inspection,54096.6,54185.0,54302.6,117.6,117.6,88.4,0
U3550,143,FUSE2,5,Station 2.2: Drill station,54179.1,54187.5,54364.3,176.8,176.8,8.4,0
U2569,103,FUSE2,16,Station 6: Packaging,54116.6,54193.4,54309.4,116.0,116.0,76.8,0
U3551,143,FUSE2,3,Station 2: Drill station,54201.1,54208.3,54385.1,176.8,176.8,7.2,0
U3532,143,FUSE0,13,Station 5: Top cover,54218.4,54218.4,54393.2,174.8,174.8,0.0,0
U3554,143,FUSE2,1,Station 1: Bottom cover,54224.7,54224.7,54336.9,112.2,112.2,0.0,0
U3535,143,FUSE0,12,Station 4.1: Inspection,54204.2,54225.8,54343.4,117.6,117.6,21.6,0
U2570,103,FUSE2,17,Station 6.1: Packaging,54197.0,54235.4,54351.4,116.0,116.0,38.4,0
U2574,103,FUSE2,15,Station 5.2: Top cover,54199.2,54235.6,54410.4,174.8,174.8,36.4,0
U3555,143,FUSE2,2,Station 1.1: Bottom cover,54266.7,54266.7,54378.9,112.2,112.2,0.0,0
U3552,143,FUSE2,4,Station 2.1: Drill station,54279.9,54289.1,54465.9,176.8,176.8,9.2,0
U3544,143,FUSE1,6,Station 3: Robot cell,54089.7,54301.2,54606.8,305.6,305.6,211.5,0
U3536,143,FUSE0,11,Station 4: Inspection,54177.0,54302.6,54420.2,117.6,117.6,125.6,1
U2571,103,FUSE2,16,Station 6: Packaging,54314.2,54314.2,54430.2,116.0,116.0,0.0,0
U2575,103,FUSE2,14,Station 5.1: Top cover,54316.0,54316.0,54490.8,174.8,174.8,0.0,0
U3556,143,FUSE2,1,Station 1: Bottom cover,54340.7,54340.7,54452.9,112.2,112.2,0.0,0
U3537,143,FUSE0,12,Station 4.1: Inspection,54260.2,54343.4,54461.0,117.6,117.6,83.2,0
U2572,103,FUSE2,17,Station 6.1: Packaging,54274.6,54351.4,54467.4,116.0,116.0,76.8,0
U3553,143,FUSE2,5,Station 2.2: Drill station,54357.1,54364.3,54541.1,176.8,176.8,7.2,0
U3545,143,FUSE1,10,Station 3.4: Robot cell,54150.5,54370.8,54676.4,305.6,305.6,220.3,0
U7985,320,FUSE0,2,Station 1.1: Bottom cover,54382.7,54382.7,54494.9,112.2,112.2,0.0,0
U3554,143,FUSE2,3,Station 2: Drill station,54375.9,54385.1,54561.9,176.8,176.8,9.2,0
U3533,143,FUSE0,13,Station 5: Top cover,54356.8,54393.2,54568.0,174.8,174.8,36.4,0
U3546,143,FUSE1,8,Station 3.2: Robot cell,54211.3,54403.6,54709.2,305.6,305.6,192.3,0
U3534,143,FUSE0,15,Station 5.2: Top cover,54413.6,54413.6,54588.4,174.8,174.8,0.0,0
U3538,143,FUSE0,11,Station 4: Inspection,54208.8,54420.2,54537.8,117.6,117.6,211.4,1
U2573,103,FUSE2,16,Station 6: Packaging,54391.8,54430.2,54546.2,116.0,116.0,38.4,0
U3547,143,FUSE1,9,Station 3.3: Robot cell,54326.5,54446.8,54752.4,305.6,305.6,120.3,0
U3548,143,FUSE2,7,Station 3.1: Robot cell,54267.3,54455.4,54793.4,338.0,338.0,188.1,0
U3539,143,FUSE0,12,Station 4.1: Inspection,54360.2,54461.0,54578.6,117.6,117.6,100.8,0
U7986,320,FUSE0,1,Station 1: Bottom cover,54461.5,54461.5,54573.7,112.2,112.2,0.0,0
U3555,143,FUSE2,4,Station 2.1: Drill station,54457.9,54465.9,54642.7,176.8,176.8,8.0,0
U3532,143,FUSE0,17,Station 6.1: Packaging,54472.2,54472.2,54588.2,116.0,116.0,0.0,0
U3535,143,FUSE0,14,Station 5.1: Top cover,54454.4,54490.8,54665.6,174.8,174.8,36.4,0
U7987,320,FUSE0,2,Station 1.1: Bottom cover,54498.7,54498.7,54610.9,112.2,112.2,0.0,0
U3540,143,FUSE1,11,Station 4: Inspection,54489.8,54537.8,54655.4,117.6,117.6,48.0,0
U3556,143,FUSE2,5,Station 2.2: Drill station,54531.9,54541.1,54717.9,176.8,176.8,9.2,0
U2574,103,FUSE2,16,Station 6: Packaging,54469.4,54546.2,54662.2,116.0,116.0,76.8,0
U7985,320,FUSE0,3,Station 2: Drill station,54553.9,54561.9,54738.7,176.8,176.8,8.0,0
U3536,143,FUSE0,13,Station 5: Top cover,54571.2,54571.2,54746.0,174.8,174.8,0.0,0
U7988,320,FUSE0,1,Station 1: Bottom cover,54577.5,54577.5,54689.7,112.2,112.2,0.0,0
U3541,143,FUSE1,12,Station 4.1: Inspection,54502.6,54578.6,54696.2,117.6,117.6,76.0,0
U2575,103,FUSE2,17,Station 6.1: Packaging,54549.8,54588.2,54704.2,116.0,116.0,38.4,0
U3537,143,FUSE0,15,Station 5.2: Top cover,54552.0,54588.4,54763.2,174.8,174.8,36.4,0
U3549,143,FUSE2,6,Station 3: Robot cell,54348.1,54606.8,54944.8,338.0,338.0,258.7,0
U7989,320,FUSE0,2,Station 1.1: Bottom cover,54619.5,54619.5,54731.7,112.2,112.2,0.0,0
U7986,320,FUSE0,4,Station 2.1: Drill station,54632.7,54642.7,54819.5,176.8,176.8,10.0,0
U3542,143,FUSE1,11,Station 4: Inspection,54545.8,54655.4,54773.0,117.6,117.6,109.6,0
U3533,143,FUSE0,16,Station 6: Packaging,54667.0,54667.0,54783.0,116.0,116.0,0.0,0
U3538,143,FUSE0,14,Station 5.1: Top cover,54668.8,54668.8,54843.6,174.8,174.8,0.0,0
U3550,143,FUSE2,10,Station 3.4: Robot cell,54523.3,54676.4,55014.4,338.0,338.0,153.1,0
U7990,320,FUSE0,1,Station 1: Bottom cover,54693.5,54693.5,54805.7,112.2,112.2,0.0,0
U3543,143,FUSE1,12,Station 4.1: Inspection,54534.4,54696.2,54813.8,117.6,117.6,161.8,1
U3534,143,FUSE0,17,Station 6.1: Packaging,54627.4,54704.2,54820.2,116.0,116.0,76.8,0
U3551,143,FUSE2,8,Station 3.2: Robot cell,54464.1,54709.2,55047.2,338.0,338.0,245.1,0
U7987,320,FUSE0,5,Station 2.2: Drill station,54709.9,54717.9,54894.7,176.8,176.8,8.0,0
U7991,320,FUSE0,2,Station 1.1: Bottom cover,54735.5,54735.5,54847.7,112.2,112.2,0.0,0
U7988,320,FUSE0,3,Station 2: Drill station,54728.7,54738.7,54915.5,176.8,176.8,10.0,0
U3539,143,FUSE0,13,Station 5: Top cover,54709.6,54746.0,54920.8,174.8,174.8,36.4,0
U3552,143,FUSE2,9,Station 3.3: Robot cell,54584.9,54752.4,55090.4,338.0,338.0,167.5,0
U3540,143,FUSE1,15,Station 5.2: Top cover,54766.4,54766.4,54941.2,174.8,174.8,0.0,0
U3544,143,FUSE1,11,Station 4: Inspection,54645.8,54773.0,54890.6,117.6,117.6,127.2,1
U3535,143,FUSE0,16,Station 6: Packaging,54744.6,54783.0,54899.0,116.0,116.0,38.4,0
U3553,143,FUSE2,7,Station 3.1: Robot cell,54640.1,54793.4,55131.4,338.0,338.0,153.3,0
U7992,320,FUSE0,1,Station 1: Bottom cover,54814.3,54814.3,54926.5,112.2,112.2,0.0,0
U3545,143,FUSE1,12,Station 4.1: Inspection,54815.4,54815.4,54933.0,117.6,117.6,0.0,0
U7989,320,FUSE0,4,Station 2.1: Drill station,54810.7,54819.5,54996.3,176.8,176.8,8.8,0
U3536,143,FUSE0,17,Station 6.1: Packaging,54825.0,54825.0,54941.0,116.0,116.0,0.0,0
U3541,143,FUSE1,14,Station 5.1: Top cover,54807.2,54843.6,55018.4,174.8,174.8,36.4,0
U7993,320,FUSE1,2,Station 1.1: Bottom cover,54851.5,54851.5,54963.7,112.2,112.2,0.0,0
U3546,143,FUSE1,11,Station 4: Inspection,54788.2,54890.6,55008.2,117.6,117.6,102.4,0
U7990,320,FUSE0,5,Station 2.2: Drill station,54884.7,54894.7,55071.5,176.8,176.8,10.0,0
U3537,143,FUSE0,16,Station 6: Packaging,54822.2,54899.0,55015.0,116.0,116.0,76.8,0
U7991,320,FUSE0,3,Station 2: Drill station,54906.7,54915.5,55092.3,176.8,176.8,8.8,0
U3542,143,FUSE1,13,Station 5: Top cover,54924.0,54924.0,55098.8,174.8,174.8,0.0,0
U7994,320,FUSE1,1,Station 1: Bottom cover,54930.3,54930.3,55042.5,112.2,112.2,0.0,0
U3547,143,FUSE1,12,Station 4.1: Inspection,54871.4,54933.0,55050.6,117.6,117.6,61.6,0
U3538,143,FUSE0,17,Station 6.1: Packaging,54902.6,54941.0,55057.0,116.0,116.0,38.4,0
U3543,143,FUSE1,15,Station 5.2: Top cover,54904.8,54941.2,55116.0,174.8,174.8,36.4,0
U3554,143,FUSE2,6,Station 3: Robot cell,54600.9,54944.8,55282.8,338.0,338.0,343.9,1
U7995,320,FUSE1,2,Station 1.1: Bottom cover,54972.3,54972.3,55084.5,112.2,112.2,0.0,0
U7992,320,FUSE0,4,Station 2.1: Drill station,54985.5,54996.3,55173.1,176.8,176.8,10.8,0
U3548,143,FUSE2,11,Station 4: Inspection,54852.4,55008.2,55125.8,117.6,117.6,155.8,1
U3555,143,FUSE2,10,Station 3.4: Robot cell,54781.7,55014.4,55352.4,338.0,338.0,232.7,0
U3539,143,FUSE0,16,Station 6: Packaging,55019.8,55019.8,55135.8,116.0,116.0,0.0,0
U3544,143,FUSE1,14,Station 5.1: Top cover,55021.6,55021.6,55196.4,174.8,174.8,0.0,0
U7996,320,FUSE1,1,Station 1: Bottom cover,55046.3,55046.3,55158.5,112.2,112.2,0.0,0
U3556,143,FUSE2,8,Station 3.2: Robot cell,54836.9,55047.2,55385.2,338.0,338.0,210.3,0
U3549,143,FUSE2,12,Station 4.1: Inspection,55003.8,55050.6,55168.2,117.6,117.6,46.8,0
U3540,143,FUSE1,17,Station 6.1: Packaging,54980.2,55057.0,55173.0,116.0,116.0,76.8,0
U7993,320,FUSE1,5,Station 2.2: Drill station,55062.7,55071.5,55248.3,176.8,176.8,8.8,0
U7997,320,FUSE1,2,Station 1.1: Bottom cover,55088.3,55088.3,55200.5,112.2,112.2,0.0,0
U7985,320,FUSE0,9,Station 3.3: Robot cell,54837.7,55090.4,55334.0,243.6,243.6,252.7,0
U7994,320,FUSE1,3,Station 2: Drill station,55081.5,55092.3,55269.1,176.8,176.8,10.8,0
U3545,143,FUSE1,13,Station 5: Top cover,55064.0,55098.8,55273.6,174.8,174.8,34.8,0
U3546,143,FUSE1,15,Station 5.2: Top cover,55119.2,55119.2,55294.0,174.8,174.8,0.0,0
U7986,320,FUSE0,7,Station 3.1: Robot cell,54898.5,55131.4,55375.0,243.6,243.6,232.9,0
U3550,143,FUSE2,11,Station 4: Inspection,55133.4,55133.4,55251.0,117.6,117.6,0.0,0
U3541,143,FUSE1,16,Station 6: Packaging,55097.4,55135.8,55251.8,116.0,116.0,38.4,0
U7998,320,FUSE1,1,Station 1: Bottom cover,55167.1,55167.1,55279.3,112.2,112.2,0.0,0
U3551,143,FUSE2,12,Station 4.1: Inspection,55146.2,55168.2,55285.8,117.6,117.6,22.0,0
U7995,320,FUSE1,4,Station 2.1: Drill station,55163.5,55173.1,55349.9,176.8,176.8,9.6,0
U3542,143,FUSE1,17,Station 6.1: Packaging,55177.8,55177.8,55293.8,116.0,116.0,0.0,0
U3547,143,FUSE1,14,Station 5.1: Top cover,55161.6,55196.4,55371.2,174.8,174.8,34.8,0
U7999,320,FUSE1,2,Station 1.1: Bottom cover,55204.3,55204.3,55316.5,112.2,112.2,0.0,0
U7996,320,FUSE1,5,Station 2.2: Drill station,55237.5,55248.3,55425.1,176.8,176.8,10.8,0
U3552,143,FUSE2,11,Station 4: Inspection,55189.4,55251.0,55368.6,117.6,117.6,61.6,0
U3543,143,FUSE1,16,Station 6: Packaging,55175.0,55251.8,55367.8,116.0,116.0,76.8,0
U7997,320,FUSE1,3,Station 2: Drill station,55259.5,55269.1,55445.9,176.8,176.8,9.6,0
U3548,143,FUSE2,13,Station 5: Top cover,55276.8,55276.8,55451.6,174.8,174.8,0.0,0
U7987,320,FUSE0,6,Station 3: Robot cell,54973.7,55282.8,55526.4,243.6,243.6,309.1,0
U8000,320,FUSE1,1,Station 1: Bottom cover,55283.1,55283.1,55395.3,112.2,112.2,0.0,0
U3553,143,FUSE2,12,Station 4.1: Inspection,55210.4,55285.8,55403.4,117.6,117.6,75.4,0
U3544,143,FUSE1,17,Station 6.1: Packaging,55255.4,55293.8,55409.8,116.0,116.0,38.4,0
U3549,143,FUSE2,15,Station 5.2: Top cover,55259.2,55294.0,55468.8,174.8,174.8,34.8,0
U8001,320,FUSE2,2,Station 1.1: Bottom cover,55325.1,55325.1,55437.3,112.2,112.2,0.0,0
U7988,320,FUSE0,9,Station 3.3: Robot cell,55014.5,55334.0,55577.6,243.6,243.6,319.5,1
U7998,320,FUSE1,4,Station 2.1: Drill station,55338.3,55349.9,55526.7,176.8,176.8,11.6,0
U7989,320,FUSE0,10,Station 3.4: Robot cell,55135.3,55352.4,55596.0,243.6,243.6,217.1,0
U3554,143,FUSE2,11,Station 4: Inspection,55321.8,55368.6,55486.2,117.6,117.6,46.8,0
U3545,143,FUSE1,16,Station 6: Packaging,55372.6,55372.6,55488.6,116.0,116.0,0.0,0
U7990,320,FUSE0,7,Station 3.1: Robot cell,55170.5,55375.0,55618.6,243.6,243.6,204.5,0
U3550,143,FUSE2,14,Station 5.1: Top cover,55382.0,55382.0,55556.8,174.8,174.8,0.0,0
U7991,320,FUSE0,8,Station 3.2: Robot cell,55171.3,55385.2,55628.8,243.6,243.6,213.9,0
U8002,320,FUSE2,1,Station 1: Bottom cover,55399.1,55399.1,55511.3,112.2,112.2,0.0,0
U3546,143,FUSE1,17,Station 6.1: Packaging,55333.0,55409.8,55525.8,116.0,116.0,76.8,0
U7999,320,FUSE1,5,Station 2.2: Drill station,55415.5,55425.1,55601.9,176.8,176.8,9.6,0
U8003,320,FUSE2,2,Station 1.1: Bottom cover,55441.1,55441.1,55553.3,112.2,112.2,0.0,0
U8000,320,FUSE1,3,Station 2: Drill station,55434.3,55445.9,55622.7,176.8,176.8,11.6,0
U3551,143,FUSE2,13,Station 5: Top cover,55416.8,55451.6,55626.4,174.8,174.8,34.8,0
U7985,320,FUSE0,12,Station 4.1: Inspection,55453.0,55453.0,55570.6,117.6,117.6,0.0,0
U3552,143,FUSE2,15,Station 5.2: Top cover,55479.6,55479.6,55654.4,174.8,174.8,0.0,0
U3556,143,FUSE2,11,Station 4: Inspection,55464.2,55486.2,55603.8,117.6,117.6,22.0,0
U3547,143,FUSE1,16,Station 6: Packaging,55450.2,55488.6,55604.6,116.0,116.0,38.4,0
U8004,320,FUSE2,1,Station 1: Bottom cover,55519.9,55519.9,55632.1,112.2,112.2,0.0,0
U7992,320,FUSE0,6,Station 3: Robot cell,55232.1,55526.4,55770.0,243.6,243.6,294.3,1
U8001,320,FUSE2,4,Station 2.1: Drill station,55516.3,55526.7,55703.5,176.8,176.8,10.4,0
U3548,143,FUSE2,17,Station 6.1: Packaging,55530.6,55530.6,55646.6,116.0,116.0,0.0,0
U3553,143,FUSE2,14,Station 5.1: Top cover,55514.4,55556.8,55731.6,174.8,174.8,42.4,0
U8005,320,FUSE2,2,Station 1.1: Bottom cover,55557.1,55557.1,55669.3,112.2,112.2,0.0,0
U7986,320,FUSE0,12,Station 4.1: Inspection,55454.0,55570.6,55688.2,117.6,117.6,116.6,0
U7993,320,FUSE1,9,Station 3.3: Robot cell,55387.3,55577.6,55883.2,305.6,305.6,190.3,0
U7994,320,FUSE1,10,Station 3.4: Robot cell,55388.1,55596.0,55901.6,305.6,305.6,207.9,0
U8002,320,FUSE2,5,Station 2.2: Drill station,55590.3,55601.9,55778.7,176.8,176.8,11.6,0
U3555,143,FUSE2,11,Station 4: Inspection,55471.4,55603.8,55721.4,117.6,117.6,132.4,1
U3549,143,FUSE2,16,Station 6: Packaging,55527.8,55604.6,55720.6,116.0,116.0,76.8,0
U7995,320,FUSE1,7,Station 3.1: Robot cell,55428.9,55618.6,55924.2,305.6,305.6,189.7,0
U8003,320,FUSE2,3,Station 2: Drill station,55612.3,55622.7,55799.5,176.8,176.8,10.4,0
U7996,320,FUSE1,8,Station 3.2: Robot cell,55544.1,55628.8,55934.4,305.6,305.6,84.7,0
U8006,320,FUSE2,1,Station 1: Bottom cover,55635.9,55635.9,55748.1,112.2,112.2,0.0,0
U3554,143,FUSE2,13,Station 5: Top cover,55637.2,55637.2,55812.0,174.8,174.8,0.0,0
U3550,143,FUSE2,17,Station 6.1: Packaging,55615.8,55646.6,55762.6,116.0,116.0,30.8,0
U7985,320,FUSE0,15,Station 5.2: Top cover,55661.6,55661.6,55836.4,174.8,174.8,0.0,0
U8007,320,FUSE2,2,Station 1.1: Bottom cover,55677.9,55677.9,55790.1,112.2,112.2,0.0,0
U7987,320,FUSE0,12,Station 4.1: Inspection,55585.4,55688.2,55805.8,117.6,117.6,102.8,0
U8004,320,FUSE2,4,Station 2.1: Drill station,55691.1,55703.5,55880.3,176.8,176.8,12.4,0
U7988,320,FUSE0,11,Station 4: Inspection,55676.6,55721.4,55839.0,117.6,117.6,44.8,0
U3551,143,FUSE2,16,Station 6: Packaging,55725.4,55725.4,55841.4,116.0,116.0,0.0,0
U3556,143,FUSE2,14,Station 5.1: Top cover,55734.8,55734.8,55909.6,174.8,174.8,0.0,0
U8008,320,FUSE2,1,Station 1: Bottom cover,55751.9,55751.9,55864.1,112.2,112.2,0.0,0
U3552,143,FUSE2,17,Station 6.1: Packaging,55693.4,55762.6,55878.6,116.0,116.0,69.2,0
U7997,320,FUSE1,6,Station 3: Robot cell,55484.9,55770.0,56075.6,305.6,305.6,285.1,1
U8005,320,FUSE2,5,Station 2.2: Drill station,55768.3,55778.7,55955.5,176.8,176.8,10.4,0
U8009,320,FUSE2,2,Station 1.1: Bottom cover,55793.9,55793.9,55906.1,112.2,112.2,0.0,0
U8006,320,FUSE2,3,Station 2: Drill station,55787.1,55799.5,55976.3,176.8,176.8,12.4,0
U7991,320,FUSE0,12,Station 4.1: Inspection,55727.8,55805.8,55923.4,117.6,117.6,78.0,0
U7986,320,FUSE0,13,Station 5: Top cover,55819.2,55819.2,55994.0,174.8,174.8,0.0,0
U3555,143,FUSE2,15,Station 5.2: Top cover,55832.4,55836.4,56011.2,174.8,174.8,4.0,0
U7990,320,FUSE0,11,Station 4: Inspection,55677.6,55839.0,55956.6,117.6,117.6,161.4,1
U3553,143,FUSE2,16,Station 6: Packaging,55810.6,55841.4,55957.4,116.0,116.0,30.8,0
U591,24,FUSE0,1,Station 1: Bottom cover,55872.7,55872.7,55984.9,112.2,112.2,0.0,0
U8007,320,FUSE2,4,Station 2.1: Drill station,55869.1,55880.3,56057.1,176.8,176.8,11.2,0
U7998,320,FUSE1,9,Station 3.3: Robot cell,55645.7,55883.2,56188.8,305.6,305.6,237.5,0
U3554,143,FUSE2,17,Station 6.1: Packaging,55891.0,55891.0,56007.0,116.0,116.0,0.0,0
U7999,320,FUSE1,10,Station 3.4: Robot cell,55760.9,55901.6,56207.2,305.6,305.6,140.7,0
U592,24,FUSE0,2,Station 1.1: Bottom cover,55909.9,55909.9,56022.1,112.2,112.2,0.0,0
U7987,320,FUSE0,14,Station 5.1: Top cover,55916.8,55916.8,56091.6,174.8,174.8,0.0,0
U7989,320,FUSE0,12,Station 4.1: Inspection,55735.0,55923.4,56041.0,117.6,117.6,188.4,1
U8000,320,FUSE1,7,Station 3.1: Robot cell,55681.7,55924.2,56229.8,305.6,305.6,242.5,0
U8001,320,FUSE2,8,Station 3.2: Robot cell,55802.5,55934.4,56272.4,338.0,338.0,131.9,0
U8008,320,FUSE2,5,Station 2.2: Drill station,55943.1,55955.5,56132.3,176.8,176.8,12.4,0
U7992,320,FUSE0,11,Station 4: Inspection,55809.0,55956.6,56074.2,117.6,117.6,147.6,1
U7985,320,FUSE0,16,Station 6: Packaging,55895.4,55957.4,56073.4,116.0,116.0,62.0,0
U8009,320,FUSE2,3,Station 2: Drill station,55965.1,55976.3,56153.1,176.8,176.8,11.2,0
U593,24,FUSE0,1,Station 1: Bottom cover,55988.7,55988.7,56100.9,112.2,112.2,0.0,0
U7988,320,FUSE0,13,Station 5: Top cover,55990.0,55994.0,56168.8,174.8,174.8,4.0,0
U3556,143,FUSE2,17,Station 6.1: Packaging,55968.6,56007.0,56123.0,116.0,116.0,38.4,0
U7991,320,FUSE0,15,Station 5.2: Top cover,56014.4,56014.4,56189.2,174.8,174.8,0.0,0
U594,24,FUSE0,2,Station 1.1: Bottom cover,56038.3,56038.3,56150.5,112.2,112.2,0.0,0
U7993,320,FUSE1,12,Station 4.1: Inspection,56002.2,56041.0,56158.6,117.6,117.6,38.8,0
U591,24,FUSE0,4,Station 2.1: Drill station,56043.9,56057.1,56233.9,176.8,176.8,13.2,0
U7996,320,FUSE1,11,Station 4: Inspection,56013.4,56074.2,56191.8,117.6,117.6,60.8,0
U8002,320,FUSE2,6,Station 3: Robot cell,55857.7,56075.6,56413.6,338.0,338.0,217.9,0
U7990,320,FUSE0,14,Station 5.1: Top cover,56087.6,56091.6,56266.4,174.8,174.8,4.0,0
U7986,320,FUSE0,16,Station 6: Packaging,56093.0,56093.0,56209.0,116.0,116.0,0.0,0
U595,24,FUSE0,1,Station 1: Bottom cover,56104.7,56104.7,56216.9,112.2,112.2,0.0,0
U3555,143,FUSE2,17,Station 6.1: Packaging,56050.2,56123.0,56239.0,116.0,116.0,72.8,0
U592,24,FUSE0,5,Station 2.2: Drill station,56121.1,56132.3,56309.1,176.8,176.8,11.2,0
U593,24,FUSE0,3,Station 2: Drill station,56139.9,56153.1,56329.9,176.8,176.8,13.2,0
U596,24,FUSE0,2,Station 1.1: Bottom cover,56154.3,56154.3,56266.5,112.2,112.2,0.0,0
U7995,320,FUSE1,12,Station 4.1: Inspection,56003.2,56158.6,56276.2,117.6,117.6,155.4,1
U7989,320,FUSE0,13,Station 5: Top cover,56172.0,56172.0,56346.8,174.8,174.8,0.0,0
U8003,320,FUSE2,9,Station 3.3: Robot cell,55898.5,56188.8,56526.8,338.0,338.0,290.3,0
U7992,320,FUSE0,15,Station 5.2: Top cover,56185.2,56189.2,56364.0,174.8,174.8,4.0,0
U7994,320,FUSE1,11,Station 4: Inspection,56020.6,56191.8,56309.4,117.6,117.6,171.2,1
U8004,320,FUSE2,10,Station 3.4: Robot cell,56019.3,56207.2,56545.2,338.0,338.0,187.9,0
U7987,320,FUSE0,16,Station 6: Packaging,56170.6,56209.0,56325.0,116.0,116.0,38.4,0
U8005,320,FUSE2,7,Station 3.1: Robot cell,56054.5,56229.8,56567.8,338.0,338.0,175.3,0
U594,24,FUSE0,4,Station 2.1: Drill station,56229.5,56233.9,56410.7,176.8,176.8,4.4,0
U597,24,FUSE0,1,Station 1: Bottom cover,56240.3,56240.3,56352.5,112.2,112.2,0.0,0
U7988,320,FUSE0,17,Station 6.1: Packaging,56247.8,56247.8,56363.8,116.0,116.0,0.0,0
U7993,320,FUSE1,14,Station 5.1: Top cover,56269.6,56269.6,56444.4,174.8,174.8,0.0,0
U598,24,FUSE1,2,Station 1.1: Bottom cover,56270.3,56270.3,56382.5,112.2,112.2,0.0,0
U8006,320,FUSE2,8,Station 3.2: Robot cell,56055.3,56272.4,56610.4,338.0,338.0,217.1,0
U7997,320,FUSE1,12,Station 4.1: Inspection,56134.6,56276.2,56393.8,117.6,117.6,141.6,1
U595,24,FUSE0,5,Station 2.2: Drill station,56295.9,56309.1,56485.9,176.8,176.8,13.2,0
U7998,320,FUSE1,11,Station 4: Inspection,56287.8,56309.4,56427.0,117.6,117.6,21.6,0
U7991,320,FUSE0,16,Station 6: Packaging,56248.2,56325.0,56441.0,116.0,116.0,76.8,0
U596,24,FUSE0,3,Station 2: Drill station,56325.5,56329.9,56506.7,176.8,176.8,4.4,0
U7996,320,FUSE1,13,Station 5: Top cover,56342.8,56346.8,56521.6,174.8,174.8,4.0,0
U599,24,FUSE1,1,Station 1: Bottom cover,56356.3,56356.3,56468.5,112.2,112.2,0.0,0
U7990,320,FUSE0,17,Station 6.1: Packaging,56325.4,56363.8,56479.8,116.0,116.0,38.4,0
U7995,320,FUSE1,15,Station 5.2: Top cover,56367.2,56367.2,56542.0,174.8,174.8,0.0,0
U7999,320,FUSE1,12,Station 4.1: Inspection,56346.2,56393.8,56511.4,117.6,117.6,47.6,0
U600,24,FUSE1,2,Station 1.1: Bottom cover,56395.1,56395.1,56507.3,112.2,112.2,0.0,0
U597,24,FUSE0,4,Station 2.1: Drill station,56411.5,56411.5,56588.3,176.8,176.8,0.0,0
U8007,320,FUSE2,6,Station 3: Robot cell,56116.1,56413.6,56751.6,338.0,338.0,297.5,0
U8000,320,FUSE1,11,Station 4: Inspection,56288.8,56427.0,56544.6,117.6,117.6,138.2,1
U7994,320,FUSE1,14,Station 5.1: Top cover,56440.4,56444.4,56619.2,174.8,174.8,4.0,0
U7989,320,FUSE0,16,Station 6: Packaging,56445.8,56445.8,56561.8,116.0,116.0,0.0,0
U601,24,FUSE1,1,Station 1: Bottom cover,56472.3,56472.3,56584.5,112.2,112.2,0.0,0
U7992,320,FUSE0,17,Station 6.1: Packaging,56403.0,56479.8,56595.8,116.0,116.0,76.8,0
U598,24,FUSE1,5,Station 2.2: Drill station,56481.5,56485.9,56662.7,176.8,176.8,4.4,0
U599,24,FUSE1,3,Station 2: Drill station,56507.5,56507.5,56684.3,176.8,176.8,0.0,0
U602,24,FUSE1,2,Station 1.1: Bottom cover,56511.1,56511.1,56623.3,112.2,112.2,0.0,0
U8001,320,FUSE2,12,Station 4.1: Inspection,56371.4,56511.4,56629.0,117.6,117.6,140.0,1
U7997,320,FUSE1,13,Station 5: Top cover,56524.8,56524.8,56699.6,174.8,174.8,0.0,0
U8008,320,FUSE2,9,Station 3.3: Robot cell,56271.3,56526.8,56864.8,338.0,338.0,255.5,0
U7998,320,FUSE1,15,Station 5.2: Top cover,56538.0,56542.0,56716.8,174.8,174.8,4.0,0
U8002,320,FUSE2,11,Station 4: Inspection,56452.6,56544.6,56662.2,117.6,117.6,92.0,0
U8009,320,FUSE2,10,Station 3.4: Robot cell,56272.1,56545.2,56883.2,338.0,338.0,273.1,0
U7993,320,FUSE1,16,Station 6: Packaging,56523.4,56561.8,56677.8,116.0,116.0,38.4,0
U591,24,FUSE0,7,Station 3.1: Robot cell,56312.9,56567.8,56811.4,243.6,243.6,254.9,0
U600,24,FUSE1,4,Station 2.1: Drill station,56586.3,56588.3,56765.1,176.8,176.8,2.0,0
U603,24,FUSE1,1,Station 1: Bottom cover,56593.1,56593.1,56705.3,112.2,112.2,0.0,0
U7996,320,FUSE1,17,Station 6.1: Packaging,56600.6,56600.6,56716.6,116.0,116.0,0.0,0
U592,24,FUSE0,8,Station 3.2: Robot cell,56428.1,56610.4,56854.0,243.6,243.6,182.3,0
U7999,320,FUSE1,14,Station 5.1: Top cover,56622.4,56622.4,56797.2,174.8,174.8,0.0,0
U604,24,FUSE1,2,Station 1.1: Bottom cover,56627.1,56627.1,56739.3,112.2,112.2,0.0,0
U8003,320,FUSE2,12,Station 4.1: Inspection,56645.8,56645.8,56763.4,117.6,117.6,0.0,0
U601,24,FUSE1,5,Station 2.2: Drill station,56663.5,56663.5,56840.3,176.8,176.8,0.0,0
U8004,320,FUSE2,11,Station 4: Inspection,56664.2,56664.2,56781.8,117.6,117.6,0.0,0
U7995,320,FUSE1,16,Station 6: Packaging,56601.0,56677.8,56793.8,116.0,116.0,76.8,0
U602,24,FUSE1,3,Station 2: Drill station,56682.3,56684.3,56861.1,176.8,176.8,2.0,0
U8000,320,FUSE1,13,Station 5: Top cover,56695.6,56699.6,56874.4,174.8,174.8,4.0,0
U605,24,FUSE2,1,Station 1: Bottom cover,56709.1,56709.1,56821.3,112.2,112.2,0.0,0
U7994,320,FUSE1,17,Station 6.1: Packaging,56678.2,56716.6,56832.6,116.0,116.0,38.4,0
U8001,320,FUSE2,15,Station 5.2: Top cover,56720.0,56720.0,56894.8,174.8,174.8,0.0,0
U606,24,FUSE2,2,Station 1.1: Bottom cover,56747.9,56747.9,56860.1,112.2,112.2,0.0,0
U593,24,FUSE0,6,Station 3: Robot cell,56368.9,56751.6,56995.2,243.6,243.6,382.7,1
U8005,320,FUSE2,12,Station 4.1: Inspection,56646.8,56763.4,56881.0,117.6,117.6,116.6,0
U603,24,FUSE1,4,Station 2.1: Drill station,56764.3,56765.1,56941.9,176.8,176.8,0.8,0
U8006,320,FUSE2,11,Station 4: Inspection,56689.4,56781.8,56899.4,117.6,117.6,92.4,0
U8002,320,FUSE2,14,Station 5.1: Top cover,56793.2,56797.2,56972.0,174.8,174.8,4.0,0
U7997,320,FUSE1,16,Station 6: Packaging,56798.6,56798.6,56914.6,116.0,116.0,0.0,0
U594,24,FUSE0,7,Station 3.1: Robot cell,56489.7,56811.4,57055.0,243.6,243.6,321.7,1
U607,24,FUSE2,1,Station 1: Bottom cover,56825.1,56825.1,56937.3,112.2,112.2,0.0,0
U7998,320,FUSE1,17,Station 6.1: Packaging,56755.8,56832.6,56948.6,116.0,116.0,76.8,0
U604,24,FUSE1,5,Station 2.2: Drill station,56838.3,56840.3,57017.1,176.8,176.8,2.0,0
U595,24,FUSE0,8,Station 3.2: Robot cell,56604.9,56854.0,57097.6,243.6,243.6,249.1,1
U605,24,FUSE2,3,Station 2: Drill station,56860.3,56861.1,57037.9,176.8,176.8,0.8,0
U608,24,FUSE2,2,Station 1.1: Bottom cover,56863.9,56863.9,56976.1,112.2,112.2,0.0,0
U596,24,FUSE0,9,Station 3.3: Robot cell,56605.7,56864.8,57108.4,243.6,243.6,259.1,0
U8007,320,FUSE2,12,Station 4.1: Inspection,56810.6,56881.0,56998.6,117.6,117.6,70.4,0
U597,24,FUSE0,10,Station 3.4: Robot cell,56727.3,56883.2,57126.8,243.6,243.6,155.9,0
U8003,320,FUSE2,13,Station 5: Top cover,56894.4,56894.4,57069.2,174.8,174.8,0.0,0
U8004,320,FUSE2,15,Station 5.2: Top cover,56892.8,56894.8,57069.6,174.8,174.8,2.0,0
U591,24,FUSE0,11,Station 4: Inspection,56870.4,56899.4,57017.0,117.6,117.6,29.0,0
U7999,320,FUSE1,16,Station 6: Packaging,56876.2,56914.6,57030.6,116.0,116.0,38.4,0
U606,24,FUSE2,4,Station 2.1: Drill station,56939.1,56941.9,57118.7,176.8,176.8,2.8,0
U609,24,FUSE2,1,Station 1: Bottom cover,56945.9,56945.9,57058.1,112.2,112.2,0.0,0
U8000,320,FUSE1,17,Station 6.1: Packaging,56953.4,56953.4,57069.4,116.0,116.0,0.0,0
U610,24,FUSE2,2,Station 1.1: Bottom cover,56979.9,56979.9,57092.1,112.2,112.2,0.0,0
U8005,320,FUSE2,14,Station 5.1: Top cover,56992.0,56992.0,57166.8,174.8,174.8,0.0,0
U598,24,FUSE1,6,Station 3: Robot cell,56741.7,56995.2,57300.8,305.6,305.6,253.5,1
U592,24,FUSE0,12,Station 4.1: Inspection,56953.0,56998.6,57116.2,117.6,117.6,45.6,0
U8008,320,FUSE2,11,Station 4: Inspection,56963.8,57017.0,57134.6,117.6,117.6,53.2,0
U607,24,FUSE2,5,Station 2.2: Drill station,57016.3,57017.1,57193.9,176.8,176.8,0.8,0
U8001,320,FUSE2,16,Station 6: Packaging,56953.8,57030.6,57146.6,116.0,116.0,76.8,0
U608,24,FUSE2,3,Station 2: Drill station,57035.1,57037.9,57214.7,176.8,176.8,2.8,0
U599,24,FUSE1,7,Station 3.1: Robot cell,56743.3,57055.0,57360.6,305.6,305.6,311.7,1
U611,24,FUSE2,1,Station 1: Bottom cover,57061.9,57061.9,57174.1,112.2,112.2,0.0,0
U8006,320,FUSE2,13,Station 5: Top cover,57050.4,57069.2,57244.0,174.8,174.8,18.8,0
U8002,320,FUSE2,17,Station 6.1: Packaging,57031.0,57069.4,57185.4,116.0,116.0,38.4,0
U8007,320,FUSE2,15,Station 5.2: Top cover,57089.6,57089.6,57264.4,174.8,174.8,0.0,0
U600,24,FUSE1,8,Station 3.2: Robot cell,56864.1,57097.6,57403.2,305.6,305.6,233.5,0
U7840,314,FUSE0,2,Station 1.1: Bottom cover,57100.7,57100.7,57212.9,112.2,112.2,0.0,0
U601,24,FUSE1,9,Station 3.3: Robot cell,56979.3,57108.4,57414.0,305.6,305.6,129.1,0
U8009,320,FUSE2,12,Station 4.1: Inspection,57022.2,57116.2,57233.8,117.6,117.6,94.0,0
U609,24,FUSE2,4,Station 2.1: Drill station,57117.1,57118.7,57295.5,176.8,176.8,1.6,0
U602,24,FUSE1,10,Station 3.4: Robot cell,56980.1,57126.8,57432.4,305.6,305.6,146.7,0
U593,24,FUSE0,11,Station 4: Inspection,57034.2,57134.6,57252.2,117.6,117.6,100.4,0
U591,24,FUSE0,14,Station 5.1: Top cover,57148.0,57166.8,57341.6,174.8,174.8,18.8,0
U8003,320,FUSE2,16,Station 6: Packaging,57168.2,57168.2,57284.2,116.0,116.0,0.0,0
U7841,314,FUSE0,1,Station 1: Bottom cover,57177.9,57177.9,57290.1,112.2,112.2,0.0,0
U8004,320,FUSE2,17,Station 6.1: Packaging,57108.6,57185.4,57301.4,116.0,116.0,76.8,0
U610,24,FUSE2,5,Station 2.2: Drill station,57191.1,57193.9,57370.7,176.8,176.8,2.8,0
U611,24,FUSE2,3,Station 2: Drill station,57213.1,57214.7,57391.5,176.8,176.8,1.6,0
U7842,314,FUSE0,2,Station 1.1: Bottom cover,57216.7,57216.7,57328.9,112.2,112.2,0.0,0
U594,24,FUSE0,12,Station 4.1: Inspection,57134.0,57233.8,57351.4,117.6,117.6,99.8,0
U592,24,FUSE0,13,Station 5: Top cover,57247.2,57247.2,57422.0,174.8,174.8,0.0,0
U595,24,FUSE0,11,Station 4: Inspection,57176.6,57252.2,57369.8,117.6,117.6,75.6,0
U8008,320,FUSE2,15,Station 5.2: Top cover,57245.6,57264.4,57439.2,174.8,174.8,18.8,0
U8005,320,FUSE2,16,Station 6: Packaging,57245.8,57284.2,57400.2,116.0,116.0,38.4,0
U7840,314,FUSE0,4,Station 2.1: Drill station,57291.9,57295.5,57472.3,176.8,176.8,3.6,0
U603,24,FUSE1,6,Station 3: Robot cell,57000.9,57300.8,57606.4,305.6,305.6,299.9,0
U7843,314,FUSE0,1,Station 1: Bottom cover,57315.5,57315.5,57427.7,112.2,112.2,0.0,0
U8006,320,FUSE2,17,Station 6.1: Packaging,57323.0,57323.0,57439.0,116.0,116.0,0.0,0
U7844,314,FUSE0,2,Station 1.1: Bottom cover,57332.7,57332.7,57444.9,112.2,112.2,0.0,0
U8009,320,FUSE2,14,Station 5.1: Top cover,57344.8,57344.8,57519.6,174.8,174.8,0.0,0
U596,24,FUSE0,12,Station 4.1: Inspection,57227.4,57351.4,57469.0,117.6,117.6,124.0,1
U604,24,FUSE1,7,Station 3.1: Robot cell,57116.1,57360.6,57666.2,305.6,305.6,244.5,0
U597,24,FUSE0,11,Station 4: Inspection,57245.8,57369.8,57487.4,117.6,117.6,124.0,1
U7841,314,FUSE0,5,Station 2.2: Drill station,57369.1,57370.7,57547.5,176.8,176.8,1.6,0
U7842,314,FUSE0,3,Station 2: Drill station,57387.9,57391.5,57568.3,176.8,176.8,3.6,0
U8007,320,FUSE2,16,Station 6: Packaging,57323.4,57400.2,57516.2,116.0,116.0,76.8,0
U605,24,FUSE2,8,Station 3.2: Robot cell,57116.9,57403.2,57741.2,338.0,338.0,286.3,0
U606,24,FUSE2,9,Station 3.3: Robot cell,57237.7,57414.0,57752.0,338.0,338.0,176.3,0
U593,24,FUSE0,13,Station 5: Top cover,57403.2,57422.0,57596.8,174.8,174.8,18.8,0
U7845,314,FUSE0,1,Station 1: Bottom cover,57431.5,57431.5,57543.7,112.2,112.2,0.0,0
U607,24,FUSE2,10,Station 3.4: Robot cell,57352.9,57432.4,57770.4,338.0,338.0,79.5,0
U591,24,FUSE0,17,Station 6.1: Packaging,57400.6,57439.0,57555.0,116.0,116.0,38.4,0
U594,24,FUSE0,15,Station 5.2: Top cover,57442.4,57442.4,57617.2,174.8,174.8,0.0,0
U598,24,FUSE1,12,Station 4.1: Inspection,57359.8,57469.0,57586.6,117.6,117.6,109.2,0
U7846,314,FUSE0,2,Station 1.1: Bottom cover,57470.3,57470.3,57582.5,112.2,112.2,0.0,0
U7843,314,FUSE0,4,Station 2.1: Drill station,57486.7,57486.7,57663.5,176.8,176.8,0.0,0
U599,24,FUSE1,11,Station 4: Inspection,57419.6,57487.4,57605.0,117.6,117.6,67.8,0
U595,24,FUSE0,14,Station 5.1: Top cover,57500.8,57519.6,57694.4,174.8,174.8,18.8,0
U592,24,FUSE0,16,Station 6: Packaging,57521.0,57521.0,57637.0,116.0,116.0,0.0,0
U7847,314,FUSE1,1,Station 1: Bottom cover,57547.5,57547.5,57659.7,112.2,112.2,0.0,0
U7844,314,FUSE0,5,Station 2.2: Drill station,57543.9,57547.5,57724.3,176.8,176.8,3.6,0
U8008,320,FUSE2,17,Station 6.1: Packaging,57478.2,57555.0,57671.0,116.0,116.0,76.8,0
U7845,314,FUSE0,3,Station 2: Drill station,57582.7,57582.7,57759.5,176.8,176.8,0.0,0
U7848,314,FUSE1,2,Station 1.1: Bottom cover,57586.3,57586.3,57698.5,112.2,112.2,0.0,0
U600,24,FUSE1,12,Station 4.1: Inspection,57502.2,57586.6,57704.2,117.6,117.6,84.4,0
U596,24,FUSE0,13,Station 5: Top cover,57600.0,57600.0,57774.8,174.8,174.8,0.0,0
U601,24,FUSE1,11,Station 4: Inspection,57513.0,57605.0,57722.6,117.6,117.6,92.0,0
U608,24,FUSE2,6,Station 3: Robot cell,57253.7,57606.4,57944.4,338.0,338.0,352.7,1
U597,24,FUSE0,15,Station 5.2: Top cover,57598.4,57617.2,57792.0,174.8,174.8,18.8,0
U8009,320,FUSE2,16,Station 6: Packaging,57598.6,57637.0,57753.0,116.0,116.0,38.4,0
U7846,314,FUSE0,4,Station 2.1: Drill station,57661.5,57663.5,57840.3,176.8,176.8,2.0,0
U609,24,FUSE2,7,Station 3.1: Robot cell,57374.5,57666.2,58004.2,338.0,338.0,291.7,0
U7849,314,FUSE1,1,Station 1: Bottom cover,57668.3,57668.3,57780.5,112.2,112.2,0.0,0
U593,24,FUSE0,17,Station 6.1: Packaging,57675.8,57675.8,57791.8,116.0,116.0,0.0,0
U598,24,FUSE1,14,Station 5.1: Top cover,57697.6,57697.6,57872.4,174.8,174.8,0.0,0
U7850,314,FUSE1,2,Station 1.1: Bottom cover,57702.3,57702.3,57814.5,112.2,112.2,0.0,0
U602,24,FUSE1,12,Station 4.1: Inspection,57571.4,57704.2,57821.8,117.6,117.6,132.8,1
U603,24,FUSE1,11,Station 4: Inspection,57645.4,57722.6,57840.2,117.6,117.6,77.2,0
U7847,314,FUSE1,5,Station 2.2: Drill station,57738.7,57738.7,57915.5,176.8,176.8,0.0,0
U610,24,FUSE2,8,Station 3.2: Robot cell,57489.7,57741.2,58079.2,338.0,338.0,251.5,0
U611,24,FUSE2,9,Station 3.3: Robot cell,57490.5,57752.0,58090.0,338.0,338.0,261.5,0
U594,24,FUSE0,16,Station 6: Packaging,57676.2,57753.0,57869.0,116.0,116.0,76.8,0
U7848,314,FUSE1,3,Station 2: Drill station,57757.5,57759.5,57936.3,176.8,176.8,2.0,0
U7840,314,FUSE0,10,Station 3.4: Robot cell,57611.3,57770.4,58014.0,243.6,243.6,159.1,0
U599,24,FUSE1,13,Station 5: Top cover,57756.0,57774.8,57949.6,174.8,174.8,18.8,0
U7851,314,FUSE1,1,Station 1: Bottom cover,57784.3,57784.3,57896.5,112.2,112.2,0.0,0
U595,24,FUSE0,17,Station 6.1: Packaging,57753.4,57791.8,57907.8,116.0,116.0,38.4,0
U600,24,FUSE1,15,Station 5.2: Top cover,57795.2,57795.2,57970.0,174.8,174.8,0.0,0
U604,24,FUSE1,12,Station 4.1: Inspection,57745.2,57821.8,57939.4,117.6,117.6,76.6,0
U7852,314,FUSE1,2,Station 1.1: Bottom cover,57823.1,57823.1,57935.3,112.2,112.2,0.0,0
U605,24,FUSE2,11,Station 4: Inspection,57820.2,57840.2,57957.8,117.6,117.6,20.0,0
U7849,314,FUSE1,4,Station 2.1: Drill station,57839.5,57840.3,58017.1,176.8,176.8,0.8,0
U601,24,FUSE1,14,Station 5.1: Top cover,57853.6,57872.4,58047.2,174.8,174.8,18.8,0
U596,24,FUSE0,16,Station 6: Packaging,57873.8,57873.8,57989.8,116.0,116.0,0.0,0
U7853,314,FUSE1,1,Station 1: Bottom cover,57900.3,57900.3,58012.5,112.2,112.2,0.0,0
U597,24,FUSE0,17,Station 6.1: Packaging,57831.0,57907.8,58023.8,116.0,116.0,76.8,0
U7850,314,FUSE1,5,Station 2.2: Drill station,57913.5,57915.5,58092.3,176.8,176.8,2.0,0
U7851,314,FUSE1,3,Station 2: Drill station,57935.5,57936.3,58113.1,176.8,176.8,0.8,0
U7854,314,FUSE2,2,Station 1.1: Bottom cover,57939.1,57939.1,58051.3,112.2,112.2,0.0,0
U606,24,FUSE2,12,Station 4.1: Inspection,57871.0,57939.4,58057.0,117.6,117.6,68.4,0
U7841,314,FUSE0,6,Station 3: Robot cell,57626.5,57944.4,58188.0,243.6,243.6,317.9,0
U602,24,FUSE1,13,Station 5: Top cover,57952.8,57952.8,58127.6,174.8,174.8,0.0,0
U607,24,FUSE2,11,Station 4: Inspection,57889.4,57957.8,58075.4,117.6,117.6,68.4,0
U603,24,FUSE1,15,Station 5.2: Top cover,57951.2,57970.0,58144.8,174.8,174.8,18.8,0
U598,24,FUSE1,16,Station 6: Packaging,57951.4,57989.8,58105.8,116.0,116.0,38.4,0
U7842,314,FUSE0,7,Station 3.1: Robot cell,57627.3,58004.2,58247.8,243.6,243.6,376.9,1
U7843,314,FUSE0,10,Station 3.4: Robot cell,57802.5,58014.0,58257.6,243.6,243.6,211.5,0
U7852,314,FUSE1,4,Station 2.1: Drill station,58014.3,58017.1,58193.9,176.8,176.8,2.8,0
U7855,314,FUSE2,1,Station 1: Bottom cover,58021.1,58021.1,58133.3,112.2,112.2,0.0,0
U599,24,FUSE1,17,Station 6.1: Packaging,58028.6,58028.6,58144.6,116.0,116.0,0.0,0
U604,24,FUSE1,14,Station 5.1: Top cover,58050.4,58050.4,58225.2,174.8,174.8,0.0,0
U7856,314,FUSE2,2,Station 1.1: Bottom cover,58055.1,58055.1,58167.3,112.2,112.2,0.0,0
U608,24,FUSE2,12,Station 4.1: Inspection,58003.4,58057.0,58174.6,117.6,117.6,53.6,0
U609,24,FUSE2,11,Station 4: Inspection,58063.2,58075.4,58193.0,117.6,117.6,12.2,0
U7844,314,FUSE0,8,Station 3.2: Robot cell,57843.3,58079.2,58322.8,243.6,243.6,235.9,0
U7845,314,FUSE0,9,Station 3.3: Robot cell,57858.5,58090.0,58333.6,243.6,243.6,231.5,0
U7853,314,FUSE1,5,Station 2.2: Drill station,58091.5,58092.3,58269.1,176.8,176.8,0.8,0
U600,24,FUSE1,16,Station 6: Packaging,58029.0,58105.8,58221.8,116.0,116.0,76.8,0
U7854,314,FUSE2,3,Station 2: Drill station,58110.3,58113.1,58289.9,176.8,176.8,2.8,0
U605,24,FUSE2,13,Station 5: Top cover,58108.8,58127.6,58302.4,174.8,174.8,18.8,0
U7857,314,FUSE2,1,Station 1: Bottom cover,58137.1,58137.1,58249.3,112.2,112.2,0.0,0
U601,24,FUSE1,17,Station 6.1: Packaging,58106.2,58144.6,58260.6,116.0,116.0,38.4,0
U606,24,FUSE2,15,Station 5.2: Top cover,58148.0,58148.0,58322.8,174.8,174.8,0.0,0
U7840,314,FUSE0,12,Station 4.1: Inspection,58153.0,58174.6,58292.2,117.6,117.6,21.6,0
U7858,314,FUSE2,2,Station 1.1: Bottom cover,58175.9,58175.9,58288.1,112.2,112.2,0.0,0
U7846,314,FUSE0,6,Station 3: Robot cell,57899.3,58188.0,58431.6,243.6,243.6,288.7,1
U610,24,FUSE2,11,Station 4: Inspection,58158.2,58193.0,58310.6,117.6,117.6,34.8,0
U7855,314,FUSE2,4,Station 2.1: Drill station,58192.3,58193.9,58370.7,176.8,176.8,1.6,0
U607,24,FUSE2,14,Station 5.1: Top cover,58206.4,58225.2,58400.0,174.8,174.8,18.8,0
U602,24,FUSE1,16,Station 6: Packaging,58226.6,58226.6,58342.6,116.0,116.0,0.0,0
U7847,314,FUSE1,7,Station 3.1: Robot cell,58014.5,58247.8,58553.4,305.6,305.6,233.3,0
U7859,314,FUSE2,1,Station 1: Bottom cover,58253.1,58253.1,58365.3,112.2,112.2,0.0,0
U7848,314,FUSE1,10,Station 3.4: Robot cell,58055.3,58257.6,58563.2,305.6,305.6,202.3,0
U603,24,FUSE1,17,Station 6.1: Packaging,58183.8,58260.6,58376.6,116.0,116.0,76.8,0
U7856,314,FUSE2,5,Station 2.2: Drill station,58266.3,58269.1,58445.9,176.8,176.8,2.8,0
U7857,314,FUSE2,3,Station 2: Drill station,58288.3,58289.9,58466.7,176.8,176.8,1.6,0
U7860,314,FUSE2,2,Station 1.1: Bottom cover,58291.9,58291.9,58404.1,112.2,112.2,0.0,0
U611,24,FUSE2,12,Station 4.1: Inspection,58209.0,58292.2,58409.8,117.6,117.6,83.2,0
U608,24,FUSE2,13,Station 5: Top cover,58305.6,58305.6,58480.4,174.8,174.8,0.0,0
U7841,314,FUSE0,11,Station 4: Inspection,58227.0,58310.6,58428.2,117.6,117.6,83.6,0
U609,24,FUSE2,15,Station 5.2: Top cover,58304.0,58322.8,58497.6,174.8,174.8,18.8,0
U7849,314,FUSE1,8,Station 3.2: Robot cell,58116.1,58322.8,58628.4,305.6,305.6,206.7,0
U7850,314,FUSE1,9,Station 3.3: Robot cell,58231.3,58333.6,58639.2,305.6,305.6,102.3,0
U604,24,FUSE1,16,Station 6: Packaging,58304.2,58342.6,58458.6,116.0,116.0,38.4,0
U7858,314,FUSE2,4,Station 2.1: Drill station,58367.1,58370.7,58547.5,176.8,176.8,3.6,0
U7861,314,FUSE2,1,Station 1: Bottom cover,58373.9,58373.9,58486.1,112.2,112.2,0.0,0
U605,24,FUSE2,17,Station 6.1: Packaging,58381.4,58381.4,58497.4,116.0,116.0,0.0,0
U7840,314,FUSE0,14,Station 5.1: Top cover,58403.2,58403.2,58578.0,174.8,174.8,0.0,0
U7905,317,FUSE0,2,Station 1.1: Bottom cover,58407.9,58407.9,58520.1,112.2,112.2,0.0,0
U7842,314,FUSE0,12,Station 4.1: Inspection,58326.8,58409.8,58527.4,117.6,117.6,83.0,0
U7843,314,FUSE0,11,Station 4: Inspection,58376.6,58428.2,58545.8,117.6,117.6,51.6,0
U7851,314,FUSE1,6,Station 3: Robot cell,58152.1,58431.6,58737.2,305.6,305.6,279.5,1
U7859,314,FUSE2,5,Station 2.2: Drill station,58444.3,58445.9,58622.7,176.8,176.8,1.6,0
U606,24,FUSE2,16,Station 6: Packaging,58381.8,58458.6,58574.6,116.0,116.0,76.8,0
U7860,314,FUSE2,3,Station 2: Drill station,58463.1,58466.7,58643.5,176.8,176.8,3.6,0
U610,24,FUSE2,13,Station 5: Top cover,58461.6,58480.4,58655.2,174.8,174.8,18.8,0
U7906,317,FUSE0,1,Station 1: Bottom cover,58489.9,58489.9,58602.1,112.2,112.2,0.0,0
U607,24,FUSE2,17,Station 6.1: Packaging,58459.0,58497.4,58613.4,116.0,116.0,38.4,0
U611,24,FUSE2,15,Station 5.2: Top cover,58500.8,58500.8,58675.6,174.8,174.8,0.0,0
U7844,314,FUSE0,12,Station 4.1: Inspection,58421.8,58527.4,58645.0,117.6,117.6,105.6,0
U7907,317,FUSE0,2,Station 1.1: Bottom cover,58528.7,58528.7,58640.9,112.2,112.2,0.0,0
U7845,314,FUSE0,11,Station 4: Inspection,58432.6,58545.8,58663.4,117.6,117.6,113.2,0
U7861,314,FUSE2,4,Station 2.1: Drill station,58545.1,58547.5,58724.3,176.8,176.8,2.4,0
U7852,314,FUSE1,7,Station 3.1: Robot cell,58272.9,58553.4,58859.0,305.6,305.6,280.5,0
U7853,314,FUSE1,10,Station 3.4: Robot cell,58428.1,58563.2,58868.8,305.6,305.6,135.1,0
U7841,314,FUSE0,14,Station 5.1: Top cover,58559.2,58578.0,58752.8,174.8,174.8,18.8,0
U608,24,FUSE2,16,Station 6: Packaging,58579.4,58579.4,58695.4,116.0,116.0,0.0,0
U7908,317,FUSE0,1,Station 1: Bottom cover,58605.9,58605.9,58718.1,112.2,112.2,0.0,0
U609,24,FUSE2,17,Station 6.1: Packaging,58536.6,58613.4,58729.4,116.0,116.0,76.8,0
U7905,317,FUSE0,5,Station 2.2: Drill station,58619.1,58622.7,58799.5,176.8,176.8,3.6,0
U7854,314,FUSE2,8,Station 3.2: Robot cell,58368.9,58628.4,58966.4,338.0,338.0,259.5,0
U7855,314,FUSE2,9,Station 3.3: Robot cell,58489.7,58639.2,58977.2,338.0,338.0,149.5,0
U7906,317,FUSE0,3,Station 2: Drill station,58641.1,58643.5,58820.3,176.8,176.8,2.4,0
U7909,317,FUSE0,2,Station 1.1: Bottom cover,58644.7,58644.7,58756.9,112.2,112.2,0.0,0
U7846,314,FUSE0,12,Station 4.1: Inspection,58490.6,58645.0,58762.6,117.6,117.6,154.4,1
U7842,314,FUSE0,13,Station 5: Top cover,58658.4,58658.4,58833.2,174.8,174.8,0.0,0
U7847,314,FUSE1,11,Station 4: Inspection,58612.4,58663.4,58781.0,117.6,117.6,51.0,0
U7843,314,FUSE0,15,Station 5.2: Top cover,58656.8,58675.6,58850.4,174.8,174.8,18.8,0
U7840,314,FUSE0,16,Station 6: Packaging,58657.0,58695.4,58811.4,116.0,116.0,38.4,0
U7907,317,FUSE0,4,Station 2.1: Drill station,58719.9,58724.3,58901.1,176.8,176.8,4.4,0
U7910,317,FUSE0,1,Station 1: Bottom cover,58726.7,58726.7,58838.9,112.2,112.2,0.0,0
U610,24,FUSE2,17,Station 6.1: Packaging,58734.2,58734.2,58850.2,116.0,116.0,0.0,0
U7856,314,FUSE2,6,Station 3: Robot cell,58524.9,58737.2,59075.2,338.0,338.0,212.3,0
U7844,314,FUSE0,14,Station 5.1: Top cover,58756.0,58756.0,58930.8,174.8,174.8,0.0,0
U7911,317,FUSE0,2,Station 1.1: Bottom cover,58760.7,58760.7,58872.9,112.2,112.2,0.0,0
U7848,314,FUSE1,12,Station 4.1: Inspection,58702.2,58762.6,58880.2,117.6,117.6,60.4,0
U7849,314,FUSE1,11,Station 4: Inspection,58707.4,58781.0,58898.6,117.6,117.6,73.6,0
U7908,317,FUSE0,5,Station 2.2: Drill station,58797.1,58799.5,58976.3,176.8,176.8,2.4,0
U611,24,FUSE2,16,Station 6: Packaging,58734.6,58811.4,58927.4,116.0,116.0,76.8,0
U7909,317,FUSE0,3,Station 2: Drill station,58815.9,58820.3,58997.1,176.8,176.8,4.4,0
U7845,314,FUSE0,13,Station 5: Top cover,58814.4,58833.2,59008.0,174.8,174.8,18.8,0
U7912,317,FUSE0,1,Station 1: Bottom cover,58842.7,58842.7,58954.9,112.2,112.2,0.0,0
U7841,314,FUSE0,17,Station 6.1: Packaging,58811.8,58850.2,58966.2,116.0,116.0,38.4,0
U7846,314,FUSE0,15,Station 5.2: Top cover,58853.6,58853.6,59028.4,174.8,174.8,0.0,0
U7857,314,FUSE2,7,Station 3.1: Robot cell,58525.7,58859.0,59197.0,338.0,338.0,333.3,1
U7858,314,FUSE2,10,Station 3.4: Robot cell,58686.5,58868.8,59206.8,338.0,338.0,182.3,0
U7850,314,FUSE1,12,Station 4.1: Inspection,58758.2,58880.2,58997.8,117.6,117.6,122.0,1
U7913,317,FUSE0,2,Station 1.1: Bottom cover,58881.5,58881.5,58993.7,112.2,112.2,0.0,0
U7851,314,FUSE1,11,Station 4: Inspection,58776.2,58898.6,59016.2,117.6,117.6,122.4,1
U7910,317,FUSE0,4,Station 2.1: Drill station,58897.9,58901.1,59077.9,176.8,176.8,3.2,0
U7847,314,FUSE1,14,Station 5.1: Top cover,58912.0,58930.8,59105.6,174.8,174.8,18.8,0
U7842,314,FUSE0,16,Station 6: Packaging,58932.2,58932.2,59048.2,116.0,116.0,0.0,0
U7914,317,FUSE0,1,Station 1: Bottom cover,58958.7,58958.7,59070.9,112.2,112.2,0.0,0
U7843,314,FUSE0,17,Station 6.1: Packaging,58889.4,58966.2,59082.2,116.0,116.0,76.8,0
U7859,314,FUSE2,8,Station 3.2: Robot cell,58741.7,58966.4,59304.4,338.0,338.0,224.7,0
U7911,317,FUSE0,5,Station 2.2: Drill station,58971.9,58976.3,59153.1,176.8,176.8,4.4,0
U7860,314,FUSE2,9,Station 3.3: Robot cell,58742.5,58977.2,59315.2,338.0,338.0,234.7,0
U7912,317,FUSE0,3,Station 2: Drill station,58993.9,58997.1,59173.9,176.8,176.8,3.2,0
U7915,317,FUSE1,2,Station 1.1: Bottom cover,58997.5,58997.5,59109.7,112.2,112.2,0.0,0
U7852,314,FUSE1,12,Station 4.1: Inspection,58938.0,58997.8,59115.4,117.6,117.6,59.8,0
U7848,314,FUSE1,13,Station 5: Top cover,59011.2,59011.2,59186.0,174.8,174.8,0.0,0
U7853,314,FUSE1,11,Station 4: Inspection,58987.8,59016.2,59133.8,117.6,117.6,28.4,0
U7849,314,FUSE1,15,Station 5.2: Top cover,59009.6,59028.4,59203.2,174.8,174.8,18.8,0
U7844,314,FUSE0,16,Station 6: Packaging,59009.8,59048.2,59164.2,116.0,116.0,38.4,0
U7861,314,FUSE2,6,Station 3: Robot cell,58783.3,59075.2,59413.2,338.0,338.0,291.9,0
U7913,317,FUSE0,4,Station 2.1: Drill station,59072.7,59077.9,59254.7,176.8,176.8,5.2,0
U7916,317,FUSE1,1,Station 1: Bottom cover,59079.5,59079.5,59191.7,112.2,112.2,0.0,0
U7845,314,FUSE0,17,Station 6.1: Packaging,59087.0,59087.0,59203.0,116.0,116.0,0.0,0
U7850,314,FUSE1,14,Station 5.1: Top cover,59108.8,59108.8,59283.6,174.8,174.8,0.0,0
U7917,317,FUSE1,2,Station 1.1: Bottom cover,59113.5,59113.5,59225.7,112.2,112.2,0.0,0
U7854,314,FUSE2,12,Station 4.1: Inspection,59065.4,59115.4,59233.0,117.6,117.6,50.0,0
U7855,314,FUSE2,11,Station 4: Inspection,59076.2,59133.8,59251.4,117.6,117.6,57.6,0
U7914,317,FUSE0,5,Station 2.2: Drill station,59149.9,59153.1,59329.9,176.8,176.8,3.2,0
U7846,314,FUSE0,16,Station 6: Packaging,59087.4,59164.2,59280.2,116.0,116.0,76.8,0
U7915,317,FUSE1,3,Station 2: Drill station,59168.7,59173.9,59350.7,176.8,176.8,5.2,0
U7851,314,FUSE1,13,Station 5: Top cover,59167.2,59186.0,59360.8,174.8,174.8,18.8,0
U7918,317,FUSE1,1,Station 1: Bottom cover,59195.5,59195.5,59307.7,112.2,112.2,0.0,0
U7905,317,FUSE0,7,Station 3.1: Robot cell,58898.5,59197.0,59440.6,243.6,243.6,298.5,0
U7847,314,FUSE1,17,Station 6.1: Packaging,59164.6,59203.0,59319.0,116.0,116.0,38.4,0
U7852,314,FUSE1,15,Station 5.2: Top cover,59206.4,59206.4,59381.2,174.8,174.8,0.0,0
U7906,317,FUSE0,10,Station 3.4: Robot cell,58939.3,59206.8,59450.4,243.6,243.6,267.5,0
U7856,314,FUSE2,12,Station 4.1: Inspection,59134.2,59233.0,59350.6,117.6,117.6,98.8,0
U7919,317,FUSE1,2,Station 1.1: Bottom cover,59234.3,59234.3,59346.5,112.2,112.2,0.0,0
U7916,317,FUSE1,4,Station 2.1: Drill station,59250.7,59254.7,59431.5,176.8,176.8,4.0,0
U7857,314,FUSE2,11,Station 4: Inspection,59256.0,59256.0,59373.6,117.6,117.6,0.0,0
U7853,314,FUSE1,14,Station 5.1: Top cover,59264.8,59283.6,59458.4,174.8,174.8,18.8,0
U7848,314,FUSE1,16,Station 6: Packaging,59285.0,59285.0,59401.0,116.0,116.0,0.0,0
U7907,317,FUSE0,8,Station 3.2: Robot cell,59000.1,59304.4,59548.0,243.6,243.6,304.3,0
U7920,317,FUSE1,1,Station 1: Bottom cover,59311.5,59311.5,59423.7,112.2,112.2,0.0,0
U7908,317,FUSE0,9,Station 3.3: Robot cell,59115.3,59315.2,59558.8,243.6,243.6,199.9,0
U7849,314,FUSE1,17,Station 6.1: Packaging,59242.2,59319.0,59435.0,116.0,116.0,76.8,0
U7917,317,FUSE1,5,Station 2.2: Drill station,59324.7,59329.9,59506.7,176.8,176.8,5.2,0
U7921,317,FUSE1,2,Station 1.1: Bottom cover,59350.3,59350.3,59462.5,112.2,112.2,0.0,0
U7858,314,FUSE2,12,Station 4.1: Inspection,59345.8,59350.6,59468.2,117.6,117.6,4.8,0
U7918,317,FUSE1,3,Station 2: Drill station,59346.7,59350.7,59527.5,176.8,176.8,4.0,0
U7854,314,FUSE2,13,Station 5: Top cover,59364.0,59364.0,59538.8,174.8,174.8,0.0,0
U7855,314,FUSE2,15,Station 5.2: Top cover,59362.4,59381.2,59556.0,174.8,174.8,18.8,0
U7859,314,FUSE2,11,Station 4: Inspection,59383.4,59383.4,59501.0,117.6,117.6,0.0,0
U7850,314,FUSE1,16,Station 6: Packaging,59362.6,59401.0,59517.0,116.0,116.0,38.4,0
U7909,317,FUSE0,6,Station 3: Robot cell,59036.1,59413.2,59656.8,243.6,243.6,377.1,1
U7919,317,FUSE1,4,Station 2.1: Drill station,59425.5,59431.5,59608.3,176.8,176.8,6.0,0
U7922,317,FUSE1,1,Station 1: Bottom cover,59432.3,59432.3,59544.5,112.2,112.2,0.0,0
U7851,314,FUSE1,17,Station 6.1: Packaging,59439.8,59439.8,59555.8,116.0,116.0,0.0,0
U7910,317,FUSE0,7,Station 3.1: Robot cell,59156.9,59440.6,59684.2,243.6,243.6,283.7,1
U7911,317,FUSE0,10,Station 3.4: Robot cell,59312.1,59450.4,59694.0,243.6,243.6,138.3,0
U7856,314,FUSE2,14,Station 5.1: Top cover,59461.6,59461.6,59636.4,174.8,174.8,0.0,0
U7923,317,FUSE1,2,Station 1.1: Bottom cover,59466.3,59466.3,59578.5,112.2,112.2,0.0,0
U7860,314,FUSE2,12,Station 4.1: Inspection,59434.2,59468.2,59585.8,117.6,117.6,34.0,0
U7861,314,FUSE2,11,Station 4: Inspection,59452.2,59501.0,59618.6,117.6,117.6,48.8,0
U7920,317,FUSE1,5,Station 2.2: Drill station,59502.7,59506.7,59683.5,176.8,176.8,4.0,0
U7852,314,FUSE1,16,Station 6: Packaging,59440.2,59517.0,59633.0,116.0,116.0,76.8,0
U7921,317,FUSE1,3,Station 2: Drill station,59521.5,59527.5,59704.3,176.8,176.8,6.0,0
U7857,314,FUSE2,13,Station 5: Top cover,59524.6,59538.8,59713.6,174.8,174.8,14.2,0
U7912,317,FUSE0,8,Station 3.2: Robot cell,59252.9,59548.0,59791.6,243.6,243.6,295.1,1
U7924,317,FUSE1,1,Station 1: Bottom cover,59548.3,59548.3,59660.5,112.2,112.2,0.0,0
U7853,314,FUSE1,17,Station 6.1: Packaging,59517.4,59555.8,59671.8,116.0,116.0,38.4,0
U7913,317,FUSE0,9,Station 3.3: Robot cell,59373.7,59558.8,59802.4,243.6,243.6,185.1,0
U7858,314,FUSE2,15,Station 5.2: Top cover,59559.2,59559.2,59734.0,174.8,174.8,0.0,0
U7905,317,FUSE0,12,Station 4.1: Inspection,59519.6,59585.8,59703.4,117.6,117.6,66.2,0
U7925,317,FUSE2,2,Station 1.1: Bottom cover,59587.1,59587.1,59699.3,112.2,112.2,0.0,0
U7922,317,FUSE1,4,Station 2.1: Drill station,59603.5,59608.3,59785.1,176.8,176.8,4.8,0
U7906,317,FUSE0,11,Station 4: Inspection,59569.4,59618.6,59736.2,117.6,117.6,49.2,0
U7859,314,FUSE2,14,Station 5.1: Top cover,59632.0,59636.4,59811.2,174.8,174.8,4.4,0
U7854,314,FUSE2,16,Station 6: Packaging,59637.8,59637.8,59753.8,116.0,116.0,0.0,0
U7914,317,FUSE0,6,Station 3: Robot cell,59408.9,59656.8,59900.4,243.6,243.6,247.9,1
U7926,317,FUSE2,1,Station 1: Bottom cover,59664.3,59664.3,59776.5,112.2,112.2,0.0,0
U7855,314,FUSE2,17,Station 6.1: Packaging,59595.0,59671.8,59787.8,116.0,116.0,76.8,0
U7923,317,FUSE1,5,Station 2.2: Drill station,59677.5,59683.5,59860.3,176.8,176.8,6.0,0
U7915,317,FUSE1,7,Station 3.1: Robot cell,59409.7,59684.2,59989.8,305.6,305.6,274.5,1
U7916,317,FUSE1,10,Station 3.4: Robot cell,59570.5,59694.0,59999.6,305.6,305.6,123.5,0
U7927,317,FUSE2,2,Station 1.1: Bottom cover,59703.1,59703.1,59815.3,112.2,112.2,0.0,0
U7907,317,FUSE0,12,Station 4.1: Inspection,59647.0,59703.4,59821.0,117.6,117.6,56.4,0
U7924,317,FUSE1,3,Station 2: Drill station,59699.5,59704.3,59881.1,176.8,176.8,4.8,0
U7860,314,FUSE2,13,Station 5: Top cover,59716.8,59716.8,59891.6,174.8,174.8,0.0,0
U7861,314,FUSE2,15,Station 5.2: Top cover,59729.6,59734.0,59908.8,174.8,174.8,4.4,0
U7908,317,FUSE0,11,Station 4: Inspection,59657.8,59736.2,59853.8,117.6,117.6,78.4,0
U7856,314,FUSE2,16,Station 6: Packaging,59715.4,59753.8,59869.8,116.0,116.0,38.4,0
U7928,317,FUSE2,1,Station 1: Bottom cover,59785.1,59785.1,59897.3,112.2,112.2,0.0,0
U7925,317,FUSE2,4,Station 2.1: Drill station,59778.3,59785.1,59961.9,176.8,176.8,6.8,0
U7917,317,FUSE1,8,Station 3.2: Robot cell,59625.7,59791.6,60097.2,305.6,305.6,165.9,0
U7857,314,FUSE2,17,Station 6.1: Packaging,59792.6,59792.6,59908.6,116.0,116.0,0.0,0
U7918,317,FUSE1,9,Station 3.3: Robot cell,59626.5,59802.4,60108.0,305.6,305.6,175.9,0
U7905,317,FUSE0,14,Station 5.1: Top cover,59814.4,59814.4,59989.2,174.8,174.8,0.0,0
U7929,317,FUSE2,2,Station 1.1: Bottom cover,59819.1,59819.1,59931.3,112.2,112.2,0.0,0
U7909,317,FUSE0,12,Station 4.1: Inspection,59715.8,59821.0,59938.6,117.6,117.6,105.2,0
U7910,317,FUSE0,11,Station 4: Inspection,59743.2,59853.8,59971.4,117.6,117.6,110.6,0
U7926,317,FUSE2,5,Station 2.2: Drill station,59855.5,59860.3,60037.1,176.8,176.8,4.8,0
U7858,314,FUSE2,16,Station 6: Packaging,59793.0,59869.8,59985.8,116.0,116.0,76.8,0
U7927,317,FUSE2,3,Station 2: Drill station,59874.3,59881.1,60057.9,176.8,176.8,6.8,0
U7906,317,FUSE0,13,Station 5: Top cover,59887.2,59891.6,60066.4,174.8,174.8,4.4,0
U7919,317,FUSE1,6,Station 3: Robot cell,59667.3,59900.4,60206.0,305.6,305.6,233.1,0
U7930,317,FUSE2,1,Station 1: Bottom cover,59901.1,59901.1,60013.3,112.2,112.2,0.0,0
U7859,314,FUSE2,17,Station 6.1: Packaging,59870.2,59908.6,60024.6,116.0,116.0,38.4,0
U7907,317,FUSE0,15,Station 5.2: Top cover,59912.0,59912.0,60086.8,174.8,174.8,0.0,0
U7911,317,FUSE0,12,Station 4.1: Inspection,59833.0,59938.6,60056.2,117.6,117.6,105.6,0
U7931,317,FUSE2,2,Station 1.1: Bottom cover,59939.9,59939.9,60052.1,112.2,112.2,0.0,0
U7928,317,FUSE2,4,Station 2.1: Drill station,59956.3,59961.9,60138.7,176.8,176.8,5.6,0
U7912,317,FUSE0,11,Station 4: Inspection,59870.6,59971.4,60089.0,117.6,117.6,100.8,0
U7908,317,FUSE0,14,Station 5.1: Top cover,59984.8,59989.2,60164.0,174.8,174.8,4.4,0
U7920,317,FUSE1,7,Station 3.1: Robot cell,59782.5,59989.8,60295.4,305.6,305.6,207.3,0
U7860,314,FUSE2,16,Station 6: Packaging,59990.6,59990.6,60106.6,116.0,116.0,0.0,0
U7921,317,FUSE1,10,Station 3.4: Robot cell,59823.3,59999.6,60305.2,305.6,305.6,176.3,0
U7932,317,FUSE2,1,Station 1: Bottom cover,60017.1,60017.1,60129.3,112.2,112.2,0.0,0
U7861,314,FUSE2,17,Station 6.1: Packaging,59947.8,60024.6,60140.6,116.0,116.0,76.8,0
U7929,317,FUSE2,5,Station 2.2: Drill station,60030.3,60037.1,60213.9,176.8,176.8,6.8,0
U7933,317,FUSE2,2,Station 1.1: Bottom cover,60055.9,60055.9,60168.1,112.2,112.2,0.0,0
U7913,317,FUSE0,12,Station 4.1: Inspection,59921.4,60056.2,60173.8,117.6,117.6,134.8,1
U7930,317,FUSE2,3,Station 2: Drill station,60052.3,60057.9,60234.7,176.8,176.8,5.6,0
U7909,317,FUSE0,13,Station 5: Top cover,60069.6,60069.6,60244.4,174.8,174.8,0.0,0
U7910,317,FUSE0,15,Station 5.2: Top cover,60082.4,60086.8,60261.6,174.8,174.8,4.4,0
U7914,317,FUSE0,11,Station 4: Inspection,59939.4,60089.0,60206.6,117.6,117.6,149.6,1
U7922,317,FUSE1,8,Station 3.2: Robot cell,59884.1,60097.2,60402.8,305.6,305.6,213.1,0
U7905,317,FUSE0,16,Station 6: Packaging,60068.2,60106.6,60222.6,116.0,116.0,38.4,0
U7923,317,FUSE1,9,Station 3.3: Robot cell,59999.3,60108.0,60413.6,305.6,305.6,108.7,0
U7934,317,FUSE2,1,Station 1: Bottom cover,60137.9,60137.9,60250.1,112.2,112.2,0.0,0
U7931,317,FUSE2,4,Station 2.1: Drill station,60131.1,60138.7,60315.5,176.8,176.8,7.6,0
U7906,317,FUSE0,17,Station 6.1: Packaging,60145.4,60145.4,60261.4,116.0,116.0,0.0,0
U7911,317,FUSE0,14,Station 5.1: Top cover,60167.2,60167.2,60342.0,174.8,174.8,0.0,0
U5893,236,FUSE0,2,Station 1.1: Bottom cover,60171.9,60171.9,60284.1,112.2,112.2,0.0,0
U7915,317,FUSE1,12,Station 4.1: Inspection,60068.8,60173.8,60291.4,117.6,117.6,105.0,0
U7924,317,FUSE1,6,Station 3: Robot cell,59920.1,60206.0,60511.6,305.6,305.6,285.9,0
U7916,317,FUSE1,11,Station 4: Inspection,60118.6,60206.6,60324.2,117.6,117.6,88.0,0
U7932,317,FUSE2,5,Station 2.2: Drill station,60208.3,60213.9,60390.7,176.8,176.8,5.6,0
U7907,317,FUSE0,16,Station 6: Packaging,60145.8,60222.6,60338.6,116.0,116.0,76.8,0
U7933,317,FUSE2,3,Station 2: Drill station,60227.1,60234.7,60411.5,176.8,176.8,7.6,0
U7912,317,FUSE0,13,Station 5: Top cover,60240.0,60244.4,60419.2,174.8,174.8,4.4,0
U5894,236,FUSE0,1,Station 1: Bottom cover,60253.9,60253.9,60366.1,112.2,112.2,0.0,0
U7908,317,FUSE0,17,Station 6.1: Packaging,60223.0,60261.4,60377.4,116.0,116.0,38.4,0
U7913,317,FUSE0,15,Station 5.2: Top cover,60264.8,60264.8,60439.6,174.8,174.8,0.0,0
U7917,317,FUSE1,12,Station 4.1: Inspection,60196.2,60291.4,60409.0,117.6,117.6,95.2,0
U5895,236,FUSE0,2,Station 1.1: Bottom cover,60292.7,60292.7,60404.9,112.2,112.2,0.0,0
U7925,317,FUSE2,7,Station 3.1: Robot cell,60040.9,60295.4,60633.4,338.0,338.0,254.5,0
U7926,317,FUSE2,10,Station 3.4: Robot cell,60196.1,60305.2,60643.2,338.0,338.0,109.1,0
U7934,317,FUSE2,4,Station 2.1: Drill station,60309.1,60315.5,60492.3,176.8,176.8,6.4,0
U7918,317,FUSE1,11,Station 4: Inspection,60207.0,60324.2,60441.8,117.6,117.6,117.2,0
U7914,317,FUSE0,14,Station 5.1: Top cover,60337.6,60342.0,60516.8,174.8,174.8,4.4,0
U7909,317,FUSE0,16,Station 6: Packaging,60343.4,60343.4,60459.4,116.0,116.0,0.0,0
U5896,236,FUSE0,1,Station 1: Bottom cover,60369.9,60369.9,60482.1,112.2,112.2,0.0,0
U7910,317,FUSE0,17,Station 6.1: Packaging,60300.6,60377.4,60493.4,116.0,116.0,76.8,0
U5893,236,FUSE0,5,Station 2.2: Drill station,60383.1,60390.7,60567.5,176.8,176.8,7.6,0
U7927,317,FUSE2,8,Station 3.2: Robot cell,60136.9,60402.8,60740.8,338.0,338.0,265.9,0
U5897,236,FUSE0,2,Station 1.1: Bottom cover,60408.7,60408.7,60520.9,112.2,112.2,0.0,0
U7919,317,FUSE1,12,Station 4.1: Inspection,60265.0,60409.0,60526.6,117.6,117.6,144.0,1
U5894,236,FUSE0,3,Station 2: Drill station,60405.1,60411.5,60588.3,176.8,176.8,6.4,0
U7928,317,FUSE2,9,Station 3.3: Robot cell,60257.7,60413.6,60751.6,338.0,338.0,155.9,0
U7915,317,FUSE1,13,Station 5: Top cover,60422.4,60422.4,60597.2,174.8,174.8,0.0,0
U7916,317,FUSE1,15,Station 5.2: Top cover,60435.2,60439.6,60614.4,174.8,174.8,4.4,0
U7920,317,FUSE1,11,Station 4: Inspection,60354.4,60441.8,60559.4,117.6,117.6,87.4,0
U7911,317,FUSE0,16,Station 6: Packaging,60421.0,60459.4,60575.4,116.0,116.0,38.4,0
U5898,236,FUSE0,1,Station 1: Bottom cover,60490.7,60490.7,60602.9,112.2,112.2,0.0,0
U5895,236,FUSE0,4,Station 2.1: Drill station,60483.9,60492.3,60669.1,176.8,176.8,8.4,0
U7912,317,FUSE0,17,Station 6.1: Packaging,60498.2,60498.2,60614.2,116.0,116.0,0.0,0
U7929,317,FUSE2,6,Station 3: Robot cell,60292.9,60511.6,60849.6,338.0,338.0,218.7,0
U7917,317,FUSE1,14,Station 5.1: Top cover,60520.0,60520.0,60694.8,174.8,174.8,0.0,0
U5899,236,FUSE0,2,Station 1.1: Bottom cover,60524.7,60524.7,60636.9,112.2,112.2,0.0,0
U7921,317,FUSE1,12,Station 4.1: Inspection,60444.2,60526.6,60644.2,117.6,117.6,82.4,0
U7922,317,FUSE1,11,Station 4: Inspection,60481.8,60559.4,60677.0,117.6,117.6,77.6,0
U5896,236,FUSE0,5,Station 2.2: Drill station,60561.1,60567.5,60744.3,176.8,176.8,6.4,0
U7913,317,FUSE0,16,Station 6: Packaging,60498.6,60575.4,60691.4,116.0,116.0,76.8,0
U5897,236,FUSE0,3,Station 2: Drill station,60579.9,60588.3,60765.1,176.8,176.8,8.4,0
U7918,317,FUSE1,13,Station 5: Top cover,60592.8,60597.2,60772.0,174.8,174.8,4.4,0
U5900,236,FUSE0,1,Station 1: Bottom cover,60606.7,60606.7,60718.9,112.2,112.2,0.0,0
U7914,317,FUSE0,17,Station 6.1: Packaging,60575.8,60614.2,60730.2,116.0,116.0,38.4,0
U7919,317,FUSE1,15,Station 5.2: Top cover,60617.6,60617.6,60792.4,174.8,174.8,0.0,0
U7930,317,FUSE2,7,Station 3.1: Robot cell,60293.7,60633.4,60971.4,338.0,338.0,339.7,1
U7931,317,FUSE2,10,Station 3.4: Robot cell,60454.5,60643.2,60981.2,338.0,338.0,188.7,0
U7923,317,FUSE1,12,Station 4.1: Inspection,60532.6,60644.2,60761.8,117.6,117.6,111.6,0
U5901,236,FUSE0,2,Station 1.1: Bottom cover,60645.5,60645.5,60757.7,112.2,112.2,0.0,0
U5898,236,FUSE0,4,Station 2.1: Drill station,60661.9,60669.1,60845.9,176.8,176.8,7.2,0
U7924,317,FUSE1,11,Station 4: Inspection,60550.6,60677.0,60794.6,117.6,117.6,126.4,1
U7920,317,FUSE1,14,Station 5.1: Top cover,60690.4,60694.8,60869.6,174.8,174.8,4.4,0
U7915,317,FUSE1,16,Station 6: Packaging,60696.2,60696.2,60812.2,116.0,116.0,0.0,0
U5902,236,FUSE1,1,Station 1: Bottom cover,60722.7,60722.7,60834.9,112.2,112.2,0.0,0
U7916,317,FUSE1,17,Station 6.1: Packaging,60653.4,60730.2,60846.2,116.0,116.0,76.8,0
U7932,317,FUSE2,8,Station 3.2: Robot cell,60509.7,60740.8,61078.8,338.0,338.0,231.1,0
U5899,236,FUSE0,5,Station 2.2: Drill station,60735.9,60744.3,60921.1,176.8,176.8,8.4,0
U7933,317,FUSE2,9,Station 3.3: Robot cell,60510.5,60751.6,61089.6,338.0,338.0,241.1,0
U5903,236,FUSE1,2,Station 1.1: Bottom cover,60761.5,60761.5,60873.7,112.2,112.2,0.0,0
U7925,317,FUSE2,12,Station 4.1: Inspection,60712.4,60761.8,60879.4,117.6,117.6,49.4,0
U5900,236,FUSE0,3,Station 2: Drill station,60757.9,60765.1,60941.9,176.8,176.8,7.2,0
U7921,317,FUSE1,13,Station 5: Top cover,60775.2,60775.2,60950.0,174.8,174.8,0.0,0
U7922,317,FUSE1,15,Station 5.2: Top cover,60788.0,60792.4,60967.2,174.8,174.8,4.4,0
U7926,317,FUSE2,11,Station 4: Inspection,60762.2,60794.6,60912.2,117.6,117.6,32.4,0
U7917,317,FUSE1,16,Station 6: Packaging,60773.8,60812.2,60928.2,116.0,116.0,38.4,0
U5904,236,FUSE1,1,Station 1: Bottom cover,60843.5,60843.5,60955.7,112.2,112.2,0.0,0
U5901,236,FUSE0,4,Station 2.1: Drill station,60836.7,60845.9,61022.7,176.8,176.8,9.2,0
U7934,317,FUSE2,6,Station 3: Robot cell,60551.3,60849.6,61187.6,338.0,338.0,298.3,0
U7918,317,FUSE1,17,Station 6.1: Packaging,60851.0,60851.0,60967.0,116.0,116.0,0.0,0
U7923,317,FUSE1,14,Station 5.1: Top cover,60872.8,60872.8,61047.6,174.8,174.8,0.0,0
U5905,236,FUSE1,2,Station 1.1: Bottom cover,60877.5,60877.5,60989.7,112.2,112.2,0.0,0
U7927,317,FUSE2,12,Station 4.1: Inspection,60839.8,60879.4,60997.0,117.6,117.6,39.6,0
U7928,317,FUSE2,11,Station 4: Inspection,60850.6,60912.2,61029.8,117.6,117.6,61.6,0
U5902,236,FUSE1,5,Station 2.2: Drill station,60913.9,60921.1,61097.9,176.8,176.8,7.2,0
U7919,317,FUSE1,16,Station 6: Packaging,60851.4,60928.2,61044.2,116.0,116.0,76.8,0
U5903,236,FUSE1,3,Station 2: Drill station,60932.7,60941.9,61118.7,176.8,176.8,9.2,0
U7924,317,FUSE1,13,Station 5: Top cover,60945.6,60950.0,61124.8,174.8,174.8,4.4,0
U5906,236,FUSE1,1,Station 1: Bottom cover,60959.5,60959.5,61071.7,112.2,112.2,0.0,0
U7920,317,FUSE1,17,Station 6.1: Packaging,60928.6,60967.0,61083.0,116.0,116.0,38.4,0
U7925,317,FUSE2,15,Station 5.2: Top cover,60970.4,60970.4,61145.2,174.8,174.8,0.0,0
U5893,236,FUSE0,7,Station 3.1: Robot cell,60666.5,60971.4,61215.0,243.6,243.6,304.9,0
U5894,236,FUSE0,10,Station 3.4: Robot cell,60707.3,60981.2,61224.8,243.6,243.6,273.9,0
U7929,317,FUSE2,12,Station 4.1: Inspection,60908.6,60997.0,61114.6,117.6,117.6,88.4,0
U5907,236,FUSE1,2,Station 1.1: Bottom cover,60998.3,60998.3,61110.5,112.2,112.2,0.0,0
U5904,236,FUSE1,4,Station 2.1: Drill station,61014.7,61022.7,61199.5,176.8,176.8,8.0,0
U7930,317,FUSE2,11,Station 4: Inspection,61030.4,61030.4,61148.0,117.6,117.6,0.0,0
U7926,317,FUSE2,14,Station 5.1: Top cover,61043.2,61047.6,61222.4,174.8,174.8,4.4,0
U7921,317,FUSE1,16,Station 6: Packaging,61049.0,61049.0,61165.0,116.0,116.0,0.0,0
U5908,236,FUSE1,1,Station 1: Bottom cover,61075.5,61075.5,61187.7,112.2,112.2,0.0,0
U5895,236,FUSE0,8,Station 3.2: Robot cell,60768.1,61078.8,61322.4,243.6,243.6,310.7,0
U7922,317,FUSE1,17,Station 6.1: Packaging,61006.2,61083.0,61199.0,116.0,116.0,76.8,0
U5896,236,FUSE0,9,Station 3.3: Robot cell,60883.3,61089.6,61333.2,243.6,243.6,206.3,0
U5905,236,FUSE1,5,Station 2.2: Drill station,61088.7,61097.9,61274.7,176.8,176.8,9.2,0
U5909,236,FUSE1,2,Station 1.1: Bottom cover,61114.3,61114.3,61226.5,112.2,112.2,0.0,0
U5906,236,FUSE1,3,Station 2: Drill station,61110.7,61118.7,61295.5,176.8,176.8,8.0,0
U7931,317,FUSE2,12,Station 4.1: Inspection,61120.2,61120.2,61237.8,117.6,117.6,0.0,0
U7927,317,FUSE2,13,Station 5: Top cover,61128.0,61128.0,61302.8,174.8,174.8,0.0,0
U7928,317,FUSE2,15,Station 5.2: Top cover,61140.8,61145.2,61320.0,174.8,174.8,4.4,0
U7932,317,FUSE2,11,Station 4: Inspection,61157.8,61157.8,61275.4,117.6,117.6,0.0,0
U7923,317,FUSE1,16,Station 6: Packaging,61126.6,61165.0,61281.0,116.0,116.0,38.4,0
U5897,236,FUSE0,6,Station 3: Robot cell,60804.1,61187.6,61431.2,243.6,243.6,383.5,1
U5910,236,FUSE1,1,Station 1: Bottom cover,61196.3,61196.3,61308.5,112.2,112.2,0.0,0
U5907,236,FUSE1,4,Station 2.1: Drill station,61189.5,61199.5,61376.3,176.8,176.8,10.0,0
U7924,317,FUSE1,17,Station 6.1: Packaging,61203.8,61203.8,61319.8,116.0,116.0,0.0,0
U5898,236,FUSE0,7,Station 3.1: Robot cell,60924.9,61215.0,61458.6,243.6,243.6,290.1,1
U5899,236,FUSE0,10,Station 3.4: Robot cell,61080.1,61224.8,61468.4,243.6,243.6,144.7,0
U7929,317,FUSE2,14,Station 5.1: Top cover,61225.6,61225.6,61400.4,174.8,174.8,0.0,0
U5911,236,FUSE2,2,Station 1.1: Bottom cover,61230.3,61230.3,61342.5,112.2,112.2,0.0,0
U7933,317,FUSE2,12,Station 4.1: Inspection,61208.6,61237.8,61355.4,117.6,117.6,29.2,0
U5908,236,FUSE1,5,Station 2.2: Drill station,61266.7,61274.7,61451.5,176.8,176.8,8.0,0
U7934,317,FUSE2,11,Station 4: Inspection,61226.6,61275.4,61393.0,117.6,117.6,48.8,0
U7925,317,FUSE2,16,Station 6: Packaging,61204.2,61281.0,61397.0,116.0,116.0,76.8,0
U5909,236,FUSE1,3,Station 2: Drill station,61285.5,61295.5,61472.3,176.8,176.8,10.0,0
U7930,317,FUSE2,13,Station 5: Top cover,61299.0,61302.8,61477.6,174.8,174.8,3.8,0
U5912,236,FUSE2,1,Station 1: Bottom cover,61312.3,61312.3,61424.5,112.2,112.2,0.0,0
U7926,317,FUSE2,17,Station 6.1: Packaging,61281.4,61319.8,61435.8,116.0,116.0,38.4,0
U5900,236,FUSE0,8,Station 3.2: Robot cell,61020.9,61322.4,61566.0,243.6,243.6,301.5,1
U7931,317,FUSE2,15,Station 5.2: Top cover,61328.8,61328.8,61503.6,174.8,174.8,0.0,0
U5901,236,FUSE0,9,Station 3.3: Robot cell,61141.7,61333.2,61576.8,243.6,243.6,191.5,0
U5913,236,FUSE2,2,Station 1.1: Bottom cover,61351.1,61351.1,61463.3,112.2,112.2,0.0,0
U5893,236,FUSE0,12,Station 4.1: Inspection,61294.0,61355.4,61473.0,117.6,117.6,61.4,0
U5910,236,FUSE1,4,Station 2.1: Drill station,61367.5,61376.3,61553.1,176.8,176.8,8.8,0
U5894,236,FUSE0,11,Station 4: Inspection,61343.8,61393.0,61510.6,117.6,117.6,49.2,0
U7927,317,FUSE2,16,Station 6: Packaging,61401.8,61401.8,61517.8,116.0,116.0,0.0,0
U7932,317,FUSE2,14,Station 5.1: Top cover,61406.4,61406.4,61581.2,174.8,174.8,0.0,0
U5914,236,FUSE2,1,Station 1: Bottom cover,61428.3,61428.3,61540.5,112.2,112.2,0.0,0
U5902,236,FUSE1,6,Station 3: Robot cell,61176.9,61431.2,61736.8,305.6,305.6,254.3,1
U7928,317,FUSE2,17,Station 6.1: Packaging,61359.0,61435.8,61551.8,116.0,116.0,76.8,0
U5911,236,FUSE2,5,Station 2.2: Drill station,61441.5,61451.5,61628.3,176.8,176.8,10.0,0
U5903,236,FUSE1,7,Station 3.1: Robot cell,61177.7,61458.6,61764.2,305.6,305.6,280.9,1
U5915,236,FUSE2,2,Station 1.1: Bottom cover,61467.1,61467.1,61579.3,112.2,112.2,0.0,0
U5904,236,FUSE1,10,Station 3.4: Robot cell,61338.5,61468.4,61774.0,305.6,305.6,129.9,0
U5912,236,FUSE2,3,Station 2: Drill station,61463.5,61472.3,61649.1,176.8,176.8,8.8,0
U5895,236,FUSE0,12,Station 4.1: Inspection,61421.4,61473.0,61590.6,117.6,117.6,51.6,0
U7933,317,FUSE2,13,Station 5: Top cover,61486.4,61486.4,61661.2,174.8,174.8,0.0,0
U7934,317,FUSE2,15,Station 5.2: Top cover,61504.0,61504.0,61678.8,174.8,174.8,0.0,0
U5896,236,FUSE0,11,Station 4: Inspection,61432.2,61510.6,61628.2,117.6,117.6,78.4,0
U7929,317,FUSE2,16,Station 6: Packaging,61479.4,61517.8,61633.8,116.0,116.0,38.4,0
U5916,236,FUSE2,1,Station 1: Bottom cover,61549.1,61549.1,61661.3,112.2,112.2,0.0,0
U5913,236,FUSE2,4,Station 2.1: Drill station,61542.3,61553.1,61729.9,176.8,176.8,10.8,0
U7930,317,FUSE2,17,Station 6.1: Packaging,61556.6,61556.6,61672.6,116.0,116.0,0.0,0
U5905,236,FUSE1,8,Station 3.2: Robot cell,61393.7,61566.0,61871.6,305.6,305.6,172.3,0
U5906,236,FUSE1,9,Station 3.3: Robot cell,61394.5,61576.8,61882.4,305.6,305.6,182.3,0
U5917,236,FUSE2,2,Station 1.1: Bottom cover,61583.1,61583.1,61695.3,112.2,112.2,0.0,0
U5893,236,FUSE0,14,Station 5.1: Top cover,61584.0,61584.0,61758.8,174.8,174.8,0.0,0
U5897,236,FUSE0,12,Station 4.1: Inspection,61490.2,61590.6,61708.2,117.6,117.6,100.4,0
U5898,236,FUSE0,11,Station 4: Inspection,61517.6,61628.2,61745.8,117.6,117.6,110.6,0
U5914,236,FUSE2,5,Station 2.2: Drill station,61619.5,61628.3,61805.1,176.8,176.8,8.8,0
U7931,317,FUSE2,16,Station 6: Packaging,61562.6,61633.8,61749.8,116.0,116.0,71.2,0
U5915,236,FUSE2,3,Station 2: Drill station,61638.3,61649.1,61825.9,176.8,176.8,10.8,0
U5894,236,FUSE0,13,Station 5: Top cover,61661.6,61661.6,61836.4,174.8,174.8,0.0,0
U5918,236,FUSE2,1,Station 1: Bottom cover,61665.1,61665.1,61777.3,112.2,112.2,0.0,0
U7932,317,FUSE2,17,Station 6.1: Packaging,61640.2,61672.6,61788.6,116.0,116.0,32.4,0
U5895,236,FUSE0,15,Station 5.2: Top cover,61681.6,61681.6,61856.4,174.8,174.8,0.0,0
U5919,236,FUSE2,2,Station 1.1: Bottom cover,61703.9,61703.9,61816.1,112.2,112.2,0.0,0
U5899,236,FUSE0,12,Station 4.1: Inspection,61607.4,61708.2,61825.8,117.6,117.6,100.8,0
U5916,236,FUSE2,4,Station 2.1: Drill station,61720.3,61729.9,61906.7,176.8,176.8,9.6,0
U5907,236,FUSE1,6,Station 3: Robot cell,61435.3,61736.8,62042.4,305.6,305.6,301.5,0
U5900,236,FUSE0,11,Station 4: Inspection,61645.0,61745.8,61863.4,117.6,117.6,100.8,0
U5896,236,FUSE0,14,Station 5.1: Top cover,61759.2,61759.2,61934.0,174.8,174.8,0.0,0
U7933,317,FUSE2,16,Station 6: Packaging,61760.2,61760.2,61876.2,116.0,116.0,0.0,0
U5908,236,FUSE1,7,Station 3.1: Robot cell,61550.5,61764.2,62069.8,305.6,305.6,213.7,0
U5909,236,FUSE1,10,Station 3.4: Robot cell,61591.3,61774.0,62079.6,305.6,305.6,182.7,0
U5999,240,FUSE0,1,Station 1: Bottom cover,61781.1,61781.1,61893.3,112.2,112.2,0.0,0
U7934,317,FUSE2,17,Station 6.1: Packaging,61717.8,61788.6,61904.6,116.0,116.0,70.8,0
U5917,236,FUSE2,5,Station 2.2: Drill station,61794.3,61805.1,61981.9,176.8,176.8,10.8,0
U6000,240,FUSE0,2,Station 1.1: Bottom cover,61819.9,61819.9,61932.1,112.2,112.2,0.0,0
U5901,236,FUSE0,12,Station 4.1: Inspection,61695.8,61825.8,61943.4,117.6,117.6,130.0,1
U5918,236,FUSE2,3,Station 2: Drill station,61816.3,61825.9,62002.7,176.8,176.8,9.6,0
U5897,236,FUSE0,13,Station 5: Top cover,61839.2,61839.2,62014.0,174.8,174.8,0.0,0
U5898,236,FUSE0,15,Station 5.2: Top cover,61856.8,61856.8,62031.6,174.8,174.8,0.0,0
U5902,236,FUSE1,11,Station 4: Inspection,61775.8,61863.4,61981.0,117.6,117.6,87.6,0
U5910,236,FUSE1,8,Station 3.2: Robot cell,61652.1,61871.6,62177.2,305.6,305.6,219.5,0
U5893,236,FUSE0,16,Station 6: Packaging,61837.8,61876.2,61992.2,116.0,116.0,38.4,0
U5911,236,FUSE2,9,Station 3.3: Robot cell,61767.3,61882.4,62220.4,338.0,338.0,115.1,0
U5919,236,FUSE2,4,Station 2.1: Drill station,61895.1,61906.7,62083.5,176.8,176.8,11.6,0
U6001,240,FUSE0,1,Station 1: Bottom cover,61907.5,61907.5,62019.7,112.2,112.2,0.0,0
U5894,236,FUSE0,17,Station 6.1: Packaging,61915.4,61915.4,62031.4,116.0,116.0,0.0,0
U6002,240,FUSE0,2,Station 1.1: Bottom cover,61935.9,61935.9,62048.1,112.2,112.2,0.0,0
U5899,236,FUSE0,14,Station 5.1: Top cover,61936.8,61936.8,62111.6,174.8,174.8,0.0,0
U5903,236,FUSE1,12,Station 4.1: Inspection,61843.2,61943.4,62061.0,117.6,117.6,100.2,0
U5904,236,FUSE1,11,Station 4: Inspection,61893.0,61981.0,62098.6,117.6,117.6,88.0,0
U5999,240,FUSE0,5,Station 2.2: Drill station,61972.3,61981.9,62158.7,176.8,176.8,9.6,0
U5895,236,FUSE0,16,Station 6: Packaging,61915.4,61992.2,62108.2,116.0,116.0,76.8,0
U6000,240,FUSE0,3,Station 2: Drill station,61991.1,62002.7,62179.5,176.8,176.8,11.6,0
U5900,236,FUSE0,13,Station 5: Top cover,62014.4,62014.4,62189.2,174.8,174.8,0.0,0
U6003,240,FUSE0,1,Station 1: Bottom cover,62023.5,62023.5,62135.7,112.2,112.2,0.0,0
U5896,236,FUSE0,17,Station 6.1: Packaging,61993.0,62031.4,62147.4,116.0,116.0,38.4,0
U5901,236,FUSE0,15,Station 5.2: Top cover,62034.4,62034.4,62209.2,174.8,174.8,0.0,0
U5912,236,FUSE2,6,Station 3: Robot cell,61688.1,62042.4,62380.4,338.0,338.0,354.3,1
U5905,236,FUSE1,12,Station 4.1: Inspection,61970.6,62061.0,62178.6,117.6,117.6,90.4,0
U6004,240,FUSE0,2,Station 1.1: Bottom cover,62062.7,62062.7,62174.9,112.2,112.2,0.0,0
U5913,236,FUSE2,7,Station 3.1: Robot cell,61808.9,62069.8,62407.8,338.0,338.0,260.9,0
U5914,236,FUSE2,10,Station 3.4: Robot cell,61964.1,62079.6,62417.6,338.0,338.0,115.5,0
U6001,240,FUSE0,4,Station 2.1: Drill station,62078.7,62083.5,62260.3,176.8,176.8,4.8,0
U5906,236,FUSE1,11,Station 4: Inspection,61981.4,62098.6,62216.2,117.6,117.6,117.2,0
U5902,236,FUSE1,14,Station 5.1: Top cover,62112.0,62112.0,62286.8,174.8,174.8,0.0,0
U5897,236,FUSE0,16,Station 6: Packaging,62113.0,62113.0,62229.0,116.0,116.0,0.0,0
U6005,240,FUSE0,1,Station 1: Bottom cover,62139.5,62139.5,62251.7,112.2,112.2,0.0,0
U5898,236,FUSE0,17,Station 6.1: Packaging,62070.6,62147.4,62263.4,116.0,116.0,76.8,0
U6002,240,FUSE0,5,Station 2.2: Drill station,62147.1,62158.7,62335.5,176.8,176.8,11.6,0
U5915,236,FUSE2,8,Station 3.2: Robot cell,61904.9,62177.2,62515.2,338.0,338.0,272.3,0
U5907,236,FUSE1,12,Station 4.1: Inspection,62101.4,62178.6,62296.2,117.6,117.6,77.2,0
U6006,240,FUSE0,2,Station 1.1: Bottom cover,62178.7,62178.7,62290.9,112.2,112.2,0.0,0
U6003,240,FUSE0,3,Station 2: Drill station,62174.7,62179.5,62356.3,176.8,176.8,4.8,0
U5903,236,FUSE1,13,Station 5: Top cover,62192.0,62192.0,62366.8,174.8,174.8,0.0,0
U5904,236,FUSE1,15,Station 5.2: Top cover,62209.6,62209.6,62384.4,174.8,174.8,0.0,0
U5908,236,FUSE1,11,Station 4: Inspection,62128.8,62216.2,62333.8,117.6,117.6,87.4,0
U5916,236,FUSE2,9,Station 3.3: Robot cell,62025.7,62220.4,62558.4,338.0,338.0,194.7,0
U5899,236,FUSE0,16,Station 6: Packaging,62190.6,62229.0,62345.0,116.0,116.0,38.4,0
U6007,240,FUSE0,1,Station 1: Bottom cover,62260.3,62260.3,62372.5,112.2,112.2,0.0,0
U6004,240,FUSE0,4,Station 2.1: Drill station,62253.9,62260.3,62437.1,176.8,176.8,6.4,0
U5900,236,FUSE0,17,Station 6.1: Packaging,62268.2,62268.2,62384.2,116.0,116.0,0.0,0
U5905,236,FUSE1,14,Station 5.1: Top cover,62289.6,62289.6,62464.4,174.8,174.8,0.0,0
U6008,240,FUSE1,2,Station 1.1: Bottom cover,62294.7,62294.7,62406.9,112.2,112.2,0.0,0
U5909,236,FUSE1,12,Station 4.1: Inspection,62218.6,62296.2,62413.8,117.6,117.6,77.6,0
U5910,236,FUSE1,11,Station 4: Inspection,62256.2,62333.8,62451.4,117.6,117.6,77.6,0
U6005,240,FUSE0,5,Station 2.2: Drill station,62330.7,62335.5,62512.3,176.8,176.8,4.8,0
U5901,236,FUSE0,16,Station 6: Packaging,62268.2,62345.0,62461.0,116.0,116.0,76.8,0
U6006,240,FUSE0,3,Station 2: Drill station,62349.9,62356.3,62533.1,176.8,176.8,6.4,0
U5906,236,FUSE1,13,Station 5: Top cover,62367.2,62367.2,62542.0,174.8,174.8,0.0,0
U6009,240,FUSE1,1,Station 1: Bottom cover,62376.3,62376.3,62488.5,112.2,112.2,0.0,0
U5917,236,FUSE2,6,Station 3: Robot cell,62060.9,62380.4,62718.4,338.0,338.0,319.5,0
U5902,236,FUSE1,17,Station 6.1: Packaging,62345.8,62384.2,62500.2,116.0,116.0,38.4,0
U5907,236,FUSE1,15,Station 5.2: Top cover,62387.2,62387.2,62562.0,174.8,174.8,0.0,0
U5918,236,FUSE2,7,Station 3.1: Robot cell,62061.7,62407.8,62745.8,338.0,338.0,346.1,1
U5911,236,FUSE2,12,Station 4.1: Inspection,62339.4,62413.8,62531.4,117.6,117.6,74.4,0
U6010,240,FUSE1,2,Station 1.1: Bottom cover,62415.5,62415.5,62527.7,112.2,112.2,0.0,0
U5919,236,FUSE2,10,Station 3.4: Robot cell,62222.5,62417.6,62755.6,338.0,338.0,195.1,0
U6007,240,FUSE0,4,Station 2.1: Drill station,62431.5,62437.1,62613.9,176.8,176.8,5.6,0
U5912,236,FUSE2,11,Station 4: Inspection,62419.4,62451.4,62569.0,117.6,117.6,32.0,0
U5908,236,FUSE1,14,Station 5.1: Top cover,62464.8,62464.8,62639.6,174.8,174.8,0.0,0
U5903,236,FUSE1,16,Station 6: Packaging,62465.8,62465.8,62581.8,116.0,116.0,0.0,0
U6011,240,FUSE1,1,Station 1: Bottom cover,62492.3,62492.3,62604.5,112.2,112.2,0.0,0
U5904,236,FUSE1,17,Station 6.1: Packaging,62423.4,62500.2,62616.2,116.0,116.0,76.8,0
U6008,240,FUSE1,5,Station 2.2: Drill station,62505.9,62512.3,62689.1,176.8,176.8,6.4,0
U5999,240,FUSE0,8,Station 3.2: Robot cell,62277.7,62515.2,62758.8,243.6,243.6,237.5,0
U5913,236,FUSE2,12,Station 4.1: Inspection,62486.8,62531.4,62649.0,117.6,117.6,44.6,0
U6012,240,FUSE1,2,Station 1.1: Bottom cover,62531.5,62531.5,62643.7,112.2,112.2,0.0,0
U6009,240,FUSE1,3,Station 2: Drill station,62527.5,62533.1,62709.9,176.8,176.8,5.6,0
U5909,236,FUSE1,13,Station 5: Top cover,62544.8,62544.8,62719.6,174.8,174.8,0.0,0
U6000,240,FUSE0,9,Station 3.3: Robot cell,62278.5,62558.4,62802.0,243.6,243.6,279.9,0
U5910,236,FUSE1,15,Station 5.2: Top cover,62562.4,62562.4,62737.2,174.8,174.8,0.0,0
U5914,236,FUSE2,11,Station 4: Inspection,62536.6,62569.0,62686.6,117.6,117.6,32.4,0
U5905,236,FUSE1,16,Station 6: Packaging,62543.4,62581.8,62697.8,116.0,116.0,38.4,0
U6013,240,FUSE1,1,Station 1: Bottom cover,62613.1,62613.1,62725.3,112.2,112.2,0.0,0
U6010,240,FUSE1,4,Station 2.1: Drill station,62606.7,62613.9,62790.7,176.8,176.8,7.2,0
U5906,236,FUSE1,17,Station 6.1: Packaging,62621.0,62621.0,62737.0,116.0,116.0,0.0,0
U5911,236,FUSE2,14,Station 5.1: Top cover,62642.4,62642.4,62817.2,174.8,174.8,0.0,0
U6014,240,FUSE1,2,Station 1.1: Bottom cover,62647.5,62647.5,62759.7,112.2,112.2,0.0,0
U5915,236,FUSE2,12,Station 4.1: Inspection,62614.2,62649.0,62766.6,117.6,117.6,34.8,0
U5916,236,FUSE2,11,Station 4: Inspection,62657.4,62686.6,62804.2,117.6,117.6,29.2,0
U6011,240,FUSE1,5,Station 2.2: Drill station,62683.5,62689.1,62865.9,176.8,176.8,5.6,0
U5907,236,FUSE1,16,Station 6: Packaging,62621.0,62697.8,62813.8,116.0,116.0,76.8,0
U6012,240,FUSE1,3,Station 2: Drill station,62702.7,62709.9,62886.7,176.8,176.8,7.2,0
U6001,240,FUSE0,6,Station 3: Robot cell,62319.3,62718.4,62962.0,243.6,243.6,399.1,1
U5912,236,FUSE2,13,Station 5: Top cover,62720.0,62720.0,62894.8,174.8,174.8,0.0,0
U6015,240,FUSE1,1,Station 1: Bottom cover,62729.1,62729.1,62841.3,112.2,112.2,0.0,0
U5908,236,FUSE1,17,Station 6.1: Packaging,62698.6,62737.0,62853.0,116.0,116.0,38.4,0
U5913,236,FUSE2,15,Station 5.2: Top cover,62740.0,62740.0,62914.8,174.8,174.8,0.0,0
U6002,240,FUSE0,7,Station 3.1: Robot cell,62434.5,62745.8,62989.4,243.6,243.6,311.3,0
U6003,240,FUSE0,10,Station 3.4: Robot cell,62475.3,62755.6,62999.2,243.6,243.6,280.3,0
U6004,240,FUSE0,8,Station 3.2: Robot cell,62536.1,62758.8,63002.4,243.6,243.6,222.7,0
U6016,240,FUSE1,2,Station 1.1: Bottom cover,62768.3,62768.3,62880.5,112.2,112.2,0.0,0
U5917,236,FUSE2,12,Station 4.1: Inspection,62777.4,62777.4,62895.0,117.6,117.6,0.0,0
U6013,240,FUSE1,4,Station 2.1: Drill station,62784.3,62790.7,62967.5,176.8,176.8,6.4,0
U6005,240,FUSE0,9,Station 3.3: Robot cell,62651.3,62802.0,63045.6,243.6,243.6,150.7,0
U5918,236,FUSE2,11,Station 4: Inspection,62804.8,62804.8,62922.4,117.6,117.6,0.0,0
U5914,236,FUSE2,14,Station 5.1: Top cover,62817.6,62817.6,62992.4,174.8,174.8,0.0,0
U5909,236,FUSE1,16,Station 6: Packaging,62818.6,62818.6,62934.6,116.0,116.0,0.0,0
U6017,240,FUSE2,1,Station 1: Bottom cover,62845.1,62845.1,62957.3,112.2,112.2,0.0,0
U5910,236,FUSE1,17,Station 6.1: Packaging,62776.2,62853.0,62969.0,116.0,116.0,76.8,0
U6014,240,FUSE1,5,Station 2.2: Drill station,62858.7,62865.9,63042.7,176.8,176.8,7.2,0
U6018,240,FUSE2,2,Station 1.1: Bottom cover,62884.3,62884.3,62996.5,112.2,112.2,0.0,0
U6015,240,FUSE1,3,Station 2: Drill station,62880.3,62886.7,63063.5,176.8,176.8,6.4,0
U5919,236,FUSE2,12,Station 4.1: Inspection,62894.6,62895.0,63012.6,117.6,117.6,0.4,0
U5915,236,FUSE2,13,Station 5: Top cover,62897.6,62897.6,63072.4,174.8,174.8,0.0,0
U5916,236,FUSE2,15,Station 5.2: Top cover,62915.2,62915.2,63090.0,174.8,174.8,0.0,0
U5999,240,FUSE0,11,Station 4: Inspection,62837.8,62922.4,63040.0,117.6,117.6,84.6,0
U5911,236,FUSE2,16,Station 6: Packaging,62896.2,62934.6,63050.6,116.0,116.0,38.4,0
U6006,240,FUSE0,6,Station 3: Robot cell,62572.1,62962.0,63205.6,243.6,243.6,389.9,1
U6019,240,FUSE2,1,Station 1: Bottom cover,62965.9,62965.9,63078.1,112.2,112.2,0.0,0
U6016,240,FUSE1,4,Station 2.1: Drill station,62959.5,62967.5,63144.3,176.8,176.8,8.0,0
U5912,236,FUSE2,17,Station 6.1: Packaging,62973.8,62973.8,63089.8,116.0,116.0,0.0,0
U6007,240,FUSE0,7,Station 3.1: Robot cell,62692.9,62989.4,63233.0,243.6,243.6,296.5,1
U6008,240,FUSE1,10,Station 3.4: Robot cell,62848.1,62999.2,63304.8,305.6,305.6,151.1,0
U6020,240,FUSE2,2,Station 1.1: Bottom cover,63000.3,63000.3,63112.5,112.2,112.2,0.0,0
U6009,240,FUSE1,8,Station 3.2: Robot cell,62788.9,63002.4,63308.0,305.6,305.6,213.5,0
U5917,236,FUSE2,14,Station 5.1: Top cover,63006.0,63006.0,63180.8,174.8,174.8,0.0,0
U6000,240,FUSE0,12,Station 4.1: Inspection,62921.0,63012.6,63130.2,117.6,117.6,91.6,0
U6001,240,FUSE0,11,Station 4: Inspection,63001.0,63040.0,63157.6,117.6,117.6,39.0,0
U6017,240,FUSE2,5,Station 2.2: Drill station,63036.3,63042.7,63219.5,176.8,176.8,6.4,0
U6010,240,FUSE1,9,Station 3.3: Robot cell,62909.7,63045.6,63351.2,305.6,305.6,135.9,0
U5913,236,FUSE2,16,Station 6: Packaging,62973.8,63050.6,63166.6,116.0,116.0,76.8,0
U6018,240,FUSE2,3,Station 2: Drill station,63055.5,63063.5,63240.3,176.8,176.8,8.0,0
U5918,236,FUSE2,13,Station 5: Top cover,63073.4,63073.4,63248.2,174.8,174.8,0.0,0
U6021,240,FUSE2,1,Station 1: Bottom cover,63081.9,63081.9,63194.1,112.2,112.2,0.0,0
U5914,236,FUSE2,17,Station 6.1: Packaging,63051.4,63089.8,63205.8,116.0,116.0,38.4,0
U5919,236,FUSE2,15,Station 5.2: Top cover,63103.6,63103.6,63278.4,174.8,174.8,0.0,0
U6022,240,FUSE2,2,Station 1.1: Bottom cover,63121.1,63121.1,63233.3,112.2,112.2,0.0,0
U6002,240,FUSE0,12,Station 4.1: Inspection,63068.4,63130.2,63247.8,117.6,117.6,61.8,0
U6019,240,FUSE2,4,Station 2.1: Drill station,63137.1,63144.3,63321.1,176.8,176.8,7.2,0
U6003,240,FUSE0,11,Station 4: Inspection,63118.2,63157.6,63275.2,117.6,117.6,39.4,0
U5915,236,FUSE2,16,Station 6: Packaging,63171.4,63171.4,63287.4,116.0,116.0,0.0,0
U5999,240,FUSE0,14,Station 5.1: Top cover,63171.0,63180.8,63355.6,174.8,174.8,9.8,0
U6023,240,FUSE2,1,Station 1: Bottom cover,63197.9,63197.9,63310.1,112.2,112.2,0.0,0
U6011,240,FUSE1,6,Station 3: Robot cell,62944.9,63205.6,63511.2,305.6,305.6,260.7,1
U5916,236,FUSE2,17,Station 6.1: Packaging,63129.0,63205.8,63321.8,116.0,116.0,76.8,0
U6020,240,FUSE2,5,Station 2.2: Drill station,63211.5,63219.5,63396.3,176.8,176.8,8.0,0
U6012,240,FUSE1,7,Station 3.1: Robot cell,62945.7,63233.0,63538.6,305.6,305.6,287.3,1
U6024,240,FUSE2,2,Station 1.1: Bottom cover,63237.1,63237.1,63349.3,112.2,112.2,0.0,0
U6021,240,FUSE2,3,Station 2: Drill station,63233.1,63240.3,63417.1,176.8,176.8,7.2,0
U6004,240,FUSE0,12,Station 4.1: Inspection,63101.4,63247.8,63365.4,117.6,117.6,146.4,1
U6000,240,FUSE0,13,Station 5: Top cover,63261.2,63261.2,63436.0,174.8,174.8,0.0,0
U6005,240,FUSE0,11,Station 4: Inspection,63144.6,63275.2,63392.8,117.6,117.6,130.6,1
U6001,240,FUSE0,15,Station 5.2: Top cover,63268.6,63278.4,63453.2,174.8,174.8,9.8,0
U5917,236,FUSE2,16,Station 6: Packaging,63259.8,63287.4,63403.4,116.0,116.0,27.6,0
U6013,240,FUSE1,10,Station 3.4: Robot cell,63106.5,63304.8,63610.4,305.6,305.6,198.3,0
U6014,240,FUSE1,8,Station 3.2: Robot cell,63161.7,63308.0,63613.6,305.6,305.6,146.3,0
U6025,240,FUSE2,1,Station 1: Bottom cover,63318.7,63318.7,63430.9,112.2,112.2,0.0,0
U6022,240,FUSE2,4,Station 2.1: Drill station,63312.3,63321.1,63497.9,176.8,176.8,8.8,0
U5918,236,FUSE2,17,Station 6.1: Packaging,63327.2,63327.2,63443.2,116.0,116.0,0.0,0
U6015,240,FUSE1,9,Station 3.3: Robot cell,63162.5,63351.2,63656.8,305.6,305.6,188.7,0
U4168,168,FUSE0,2,Station 1.1: Bottom cover,63353.1,63353.1,63465.3,112.2,112.2,0.0,0
U6002,240,FUSE0,14,Station 5.1: Top cover,63358.8,63358.8,63533.6,174.8,174.8,0.0,0
U6006,240,FUSE0,12,Station 4.1: Inspection,63264.6,63365.4,63483.0,117.6,117.6,100.8,0
U6007,240,FUSE0,11,Station 4: Inspection,63292.0,63392.8,63510.4,117.6,117.6,100.8,0
U6023,240,FUSE2,5,Station 2.2: Drill station,63389.1,63396.3,63573.1,176.8,176.8,7.2,0
U5919,236,FUSE2,16,Station 6: Packaging,63337.4,63403.4,63519.4,116.0,116.0,66.0,0
U6024,240,FUSE2,3,Station 2: Drill station,63408.3,63417.1,63593.9,176.8,176.8,8.8,0
U4169,168,FUSE0,1,Station 1: Bottom cover,63434.7,63434.7,63546.9,112.2,112.2,0.0,0
U6003,240,FUSE0,13,Station 5: Top cover,63426.2,63436.0,63610.8,174.8,174.8,9.8,0
U5999,240,FUSE0,17,Station 6.1: Packaging,63414.6,63443.2,63559.2,116.0,116.0,28.6,0
U6004,240,FUSE0,15,Station 5.2: Top cover,63456.4,63456.4,63631.2,174.8,174.8,0.0,0
U4170,168,FUSE0,2,Station 1.1: Bottom cover,63474.5,63474.5,63586.7,112.2,112.2,0.0,0
U6008,240,FUSE1,12,Station 4.1: Inspection,63443.8,63483.0,63600.6,117.6,117.6,39.2,0
U6025,240,FUSE2,4,Station 2.1: Drill station,63489.9,63497.9,63674.7,176.8,176.8,8.0,0
U6009,240,FUSE1,11,Station 4: Inspection,63387.0,63510.4,63628.0,117.6,117.6,123.4,1
U6016,240,FUSE1,6,Station 3: Robot cell,63203.3,63511.2,63816.8,305.6,305.6,307.9,1
U6005,240,FUSE0,14,Station 5.1: Top cover,63523.8,63533.6,63708.4,174.8,174.8,9.8,0
U6000,240,FUSE0,16,Station 6: Packaging,63535.0,63535.0,63651.0,116.0,116.0,0.0,0
U6017,240,FUSE2,7,Station 3.1: Robot cell,63318.5,63538.6,63876.6,338.0,338.0,220.1,0
U4171,168,FUSE0,1,Station 1: Bottom cover,63550.7,63550.7,63662.9,112.2,112.2,0.0,0
U6001,240,FUSE0,17,Station 6.1: Packaging,63492.2,63559.2,63675.2,116.0,116.0,67.0,0
U4168,168,FUSE0,5,Station 2.2: Drill station,63564.3,63573.1,63749.9,176.8,176.8,8.8,0
U4172,168,FUSE0,2,Station 1.1: Bottom cover,63590.5,63590.5,63702.7,112.2,112.2,0.0,0
U4169,168,FUSE0,3,Station 2: Drill station,63585.9,63593.9,63770.7,176.8,176.8,8.0,0
U6010,240,FUSE1,12,Station 4.1: Inspection,63470.2,63600.6,63718.2,117.6,117.6,130.4,1
U6018,240,FUSE2,10,Station 3.4: Robot cell,63359.3,63610.4,63948.4,338.0,338.0,251.1,0
U6019,240,FUSE2,8,Station 3.2: Robot cell,63420.1,63613.6,63951.6,338.0,338.0,193.5,0
U6006,240,FUSE0,13,Station 5: Top cover,63614.0,63614.0,63788.8,174.8,174.8,0.0,0
U6011,240,FUSE1,11,Station 4: Inspection,63550.2,63628.0,63745.6,117.6,117.6,77.8,0
U6007,240,FUSE0,15,Station 5.2: Top cover,63621.4,63631.2,63806.0,174.8,174.8,9.8,0
U6002,240,FUSE0,16,Station 6: Packaging,63612.6,63651.0,63767.0,116.0,116.0,38.4,0
U6020,240,FUSE2,9,Station 3.3: Robot cell,63535.3,63656.8,63994.8,338.0,338.0,121.5,0
U4170,168,FUSE0,4,Station 2.1: Drill station,63665.7,63674.7,63851.5,176.8,176.8,9.0,0
U4173,168,FUSE0,1,Station 1: Bottom cover,63682.3,63682.3,63794.5,112.2,112.2,0.0,0
U6003,240,FUSE0,17,Station 6.1: Packaging,63689.8,63689.8,63805.8,116.0,116.0,0.0,0
U4174,168,FUSE0,2,Station 1.1: Bottom cover,63706.5,63706.5,63818.7,112.2,112.2,0.0,0
U6008,240,FUSE1,14,Station 5.1: Top cover,63711.6,63711.6,63886.4,174.8,174.8,0.0,0
U6012,240,FUSE1,12,Station 4.1: Inspection,63617.6,63718.2,63835.8,117.6,117.6,100.6,0
U6013,240,FUSE1,11,Station 4: Inspection,63729.4,63745.6,63863.2,117.6,117.6,16.2,0
U4171,168,FUSE0,5,Station 2.2: Drill station,63741.9,63749.9,63926.7,176.8,176.8,8.0,0
U6004,240,FUSE0,16,Station 6: Packaging,63690.2,63767.0,63883.0,116.0,116.0,76.8,0
U4172,168,FUSE0,3,Station 2: Drill station,63761.7,63770.7,63947.5,176.8,176.8,9.0,0
U6009,240,FUSE1,13,Station 5: Top cover,63779.0,63788.8,63963.6,174.8,174.8,9.8,0
U4175,168,FUSE0,1,Station 1: Bottom cover,63798.3,63798.3,63910.5,112.2,112.2,0.0,0
U6005,240,FUSE0,17,Station 6.1: Packaging,63767.4,63805.8,63921.8,116.0,116.0,38.4,0
U6010,240,FUSE1,15,Station 5.2: Top cover,63809.2,63809.2,63984.0,174.8,174.8,0.0,0
U6021,240,FUSE2,6,Station 3: Robot cell,63456.1,63816.8,64154.8,338.0,338.0,360.7,1
U6014,240,FUSE1,12,Station 4.1: Inspection,63712.6,63835.8,63953.4,117.6,117.6,123.2,1
U4176,168,FUSE1,2,Station 1.1: Bottom cover,63837.1,63837.1,63949.3,112.2,112.2,0.0,0
U4173,168,FUSE0,4,Station 2.1: Drill station,63853.5,63853.5,64030.3,176.8,176.8,0.0,0
U6015,240,FUSE1,11,Station 4: Inspection,63755.8,63863.2,63980.8,117.6,117.6,107.4,0
U6022,240,FUSE2,7,Station 3.1: Robot cell,63576.9,63876.6,64214.6,338.0,338.0,299.7,0
U6011,240,FUSE1,14,Station 5.1: Top cover,63876.6,63886.4,64061.2,174.8,174.8,9.8,0
U6006,240,FUSE0,16,Station 6: Packaging,63887.8,63887.8,64003.8,116.0,116.0,0.0,0
U4177,168,FUSE1,1,Station 1: Bottom cover,63914.3,63914.3,64026.5,112.2,112.2,0.0,0
U6007,240,FUSE0,17,Station 6.1: Packaging,63845.0,63921.8,64037.8,116.0,116.0,76.8,0
U4174,168,FUSE0,5,Station 2.2: Drill station,63917.7,63926.7,64103.5,176.8,176.8,9.0,0
U6023,240,FUSE2,10,Station 3.4: Robot cell,63732.1,63948.4,64286.4,338.0,338.0,216.3,0
U4175,168,FUSE0,3,Station 2: Drill station,63949.5,63949.5,64126.3,176.8,176.8,0.0,0
U6024,240,FUSE2,8,Station 3.2: Robot cell,63672.9,63951.6,64289.6,338.0,338.0,278.7,0
U4178,168,FUSE1,2,Station 1.1: Bottom cover,63953.1,63953.1,64065.3,112.2,112.2,0.0,0
U6016,240,FUSE1,12,Station 4.1: Inspection,63875.8,63953.4,64071.0,117.6,117.6,77.6,0
U6012,240,FUSE1,13,Station 5: Top cover,63966.8,63966.8,64141.6,174.8,174.8,0.0,0
U6017,240,FUSE2,11,Station 4: Inspection,63935.6,63980.8,64098.4,117.6,117.6,45.2,0
U6013,240,FUSE1,15,Station 5.2: Top cover,63974.2,63984.0,64158.8,174.8,174.8,9.8,0
U6025,240,FUSE2,9,Station 3.3: Robot cell,63793.7,63994.8,64332.8,338.0,338.0,201.1,0
U6008,240,FUSE1,16,Station 6: Packaging,63965.4,64003.8,64119.8,116.0,116.0,38.4,0
U4176,168,FUSE1,4,Station 2.1: Drill station,64028.3,64030.3,64207.1,176.8,176.8,2.0,0
U4179,168,FUSE1,1,Station 1: Bottom cover,64035.1,64035.1,64147.3,112.2,112.2,0.0,0
U6009,240,FUSE1,17,Station 6.1: Packaging,64042.6,64042.6,64158.6,116.0,116.0,0.0,0
U6014,240,FUSE1,14,Station 5.1: Top cover,64064.4,64064.4,64239.2,174.8,174.8,0.0,0
U4180,168,FUSE1,2,Station 1.1: Bottom cover,64069.1,64069.1,64181.3,112.2,112.2,0.0,0
U6018,240,FUSE2,12,Station 4.1: Inspection,64087.4,64087.4,64205.0,117.6,117.6,0.0,0
U6019,240,FUSE2,11,Station 4: Inspection,64030.6,64098.4,64216.0,117.6,117.6,67.8,0
U4177,168,FUSE1,5,Station 2.2: Drill station,64105.5,64105.5,64282.3,176.8,176.8,0.0,0
U6010,240,FUSE1,16,Station 6: Packaging,64043.0,64119.8,64235.8,116.0,116.0,76.8,0
U4178,168,FUSE1,3,Station 2: Drill station,64124.3,64126.3,64303.1,176.8,176.8,2.0,0
U6015,240,FUSE1,13,Station 5: Top cover,64131.8,64141.6,64316.4,174.8,174.8,9.8,0
U4181,168,FUSE1,1,Station 1: Bottom cover,64151.1,64151.1,64263.3,112.2,112.2,0.0,0
U4168,168,FUSE0,6,Station 3: Robot cell,63828.9,64154.8,64398.4,243.6,243.6,325.9,0
U6011,240,FUSE1,17,Station 6.1: Packaging,64120.2,64158.6,64274.6,116.0,116.0,38.4,0
U6016,240,FUSE1,15,Station 5.2: Top cover,64162.0,64162.0,64336.8,174.8,174.8,0.0,0
U4182,168,FUSE1,2,Station 1.1: Bottom cover,64189.9,64189.9,64302.1,112.2,112.2,0.0,0
U6020,240,FUSE2,12,Station 4.1: Inspection,64113.8,64205.0,64322.6,117.6,117.6,91.2,0
U4179,168,FUSE1,4,Station 2.1: Drill station,64206.3,64207.1,64383.9,176.8,176.8,0.8,0
U4169,168,FUSE0,7,Station 3.1: Robot cell,63829.7,64214.6,64458.2,243.6,243.6,384.9,1
U6021,240,FUSE2,11,Station 4: Inspection,64193.8,64216.0,64333.6,117.6,117.6,22.2,0
U6017,240,FUSE2,14,Station 5.1: Top cover,64229.4,64239.2,64414.0,174.8,174.8,9.8,0
U6012,240,FUSE1,16,Station 6: Packaging,64240.6,64240.6,64356.6,116.0,116.0,0.0,0
U4183,168,FUSE2,1,Station 1: Bottom cover,64267.1,64267.1,64379.3,112.2,112.2,0.0,0
U6013,240,FUSE1,17,Station 6.1: Packaging,64197.8,64274.6,64390.6,116.0,116.0,76.8,0
U4180,168,FUSE1,5,Station 2.2: Drill station,64280.3,64282.3,64459.1,176.8,176.8,2.0,0
U4170,168,FUSE0,10,Station 3.4: Robot cell,63990.5,64286.4,64530.0,243.6,243.6,295.9,0
U4171,168,FUSE0,8,Station 3.2: Robot cell,64045.7,64289.6,64533.2,243.6,243.6,243.9,0
U4181,168,FUSE1,3,Station 2: Drill station,64302.3,64303.1,64479.9,176.8,176.8,0.8,0
U4184,168,FUSE2,2,Station 1.1: Bottom cover,64305.9,64305.9,64418.1,112.2,112.2,0.0,0
U6022,240,FUSE2,12,Station 4.1: Inspection,64293.6,64322.6,64440.2,117.6,117.6,29.0,0
U4172,168,FUSE0,9,Station 3.3: Robot cell,64046.5,64332.8,64576.4,243.6,243.6,286.3,0
U6018,240,FUSE2,13,Station 5: Top cover,64336.0,64336.0,64510.8,174.8,174.8,0.0,0
U6019,240,FUSE2,15,Station 5.2: Top cover,64327.0,64336.8,64511.6,174.8,174.8,9.8,0
U6014,240,FUSE1,16,Station 6: Packaging,64318.2,64356.6,64472.6,116.0,116.0,38.4,0
U4182,168,FUSE1,4,Station 2.1: Drill station,64381.1,64383.9,64560.7,176.8,176.8,2.8,0
U4185,168,FUSE2,1,Station 1: Bottom cover,64387.9,64387.9,64500.1,112.2,112.2,0.0,0
U6015,240,FUSE1,17,Station 6.1: Packaging,64395.4,64395.4,64511.4,116.0,116.0,0.0,0
U4173,168,FUSE0,6,Station 3: Robot cell,64089.3,64398.4,64642.0,243.6,243.6,309.1,1
U6023,240,FUSE2,11,Station 4: Inspection,64405.4,64405.4,64523.0,117.6,117.6,0.0,0
U4186,168,FUSE2,2,Station 1.1: Bottom cover,64421.9,64421.9,64534.1,112.2,112.2,0.0,0
U6020,240,FUSE2,14,Station 5.1: Top cover,64433.6,64433.6,64608.4,174.8,174.8,0.0,0
U6024,240,FUSE2,12,Station 4.1: Inspection,64388.6,64440.2,64557.8,117.6,117.6,51.6,0
U4174,168,FUSE0,7,Station 3.1: Robot cell,64202.5,64458.2,64701.8,243.6,243.6,255.7,1
U4183,168,FUSE2,5,Station 2.2: Drill station,64458.3,64459.1,64635.9,176.8,176.8,0.8,0
U6016,240,FUSE1,16,Station 6: Packaging,64395.8,64472.6,64588.6,116.0,116.0,76.8,0
U4184,168,FUSE2,3,Station 2: Drill station,64477.1,64479.9,64656.7,176.8,176.8,2.8,0
U4187,168,FUSE2,1,Station 1: Bottom cover,64503.9,64503.9,64616.1,112.2,112.2,0.0,0
U6021,240,FUSE2,13,Station 5: Top cover,64484.6,64510.8,64685.6,174.8,174.8,26.2,0
U6017,240,FUSE2,17,Station 6.1: Packaging,64473.0,64511.4,64627.4,116.0,116.0,38.4,0
U6025,240,FUSE2,11,Station 4: Inspection,64431.8,64523.0,64640.6,117.6,117.6,91.2,0
U4175,168,FUSE0,10,Station 3.4: Robot cell,64245.3,64530.0,64773.6,243.6,243.6,284.7,1
U6022,240,FUSE2,15,Station 5.2: Top cover,64531.2,64531.2,64706.0,174.8,174.8,0.0,0
U4176,168,FUSE1,8,Station 3.2: Robot cell,64306.1,64533.2,64838.8,305.6,305.6,227.1,0
U4188,168,FUSE2,2,Station 1.1: Bottom cover,64542.7,64542.7,64654.9,112.2,112.2,0.0,0
U4168,168,FUSE0,12,Station 4.1: Inspection,64457.4,64557.8,64675.4,117.6,117.6,100.4,0
U4185,168,FUSE2,4,Station 2.1: Drill station,64559.1,64560.7,64737.5,176.8,176.8,1.6,0
U4177,168,FUSE1,9,Station 3.3: Robot cell,64421.3,64576.4,64882.0,305.6,305.6,155.1,0
U6018,240,FUSE2,16,Station 6: Packaging,64609.8,64609.8,64725.8,116.0,116.0,0.0,0
U4189,168,FUSE2,1,Station 1: Bottom cover,64619.9,64619.9,64732.1,112.2,112.2,0.0,0
U6019,240,FUSE2,17,Station 6.1: Packaging,64550.6,64627.4,64743.4,116.0,116.0,76.8,0
U4186,168,FUSE2,5,Station 2.2: Drill station,64633.1,64635.9,64812.7,176.8,176.8,2.8,0
U4169,168,FUSE0,11,Station 4: Inspection,64517.2,64640.6,64758.2,117.6,117.6,123.4,1
U4178,168,FUSE1,6,Station 3: Robot cell,64342.1,64642.0,64947.6,305.6,305.6,299.9,1
U6023,240,FUSE2,14,Station 5.1: Top cover,64654.0,64654.0,64828.8,174.8,174.8,0.0,0
U4187,168,FUSE2,3,Station 2: Drill station,64655.1,64656.7,64833.5,176.8,176.8,1.6,0
U4190,168,FUSE2,2,Station 1.1: Bottom cover,64658.7,64658.7,64770.9,112.2,112.2,0.0,0
U4170,168,FUSE0,12,Station 4.1: Inspection,64669.0,64675.4,64793.0,117.6,117.6,6.4,0
U6024,240,FUSE2,13,Station 5: Top cover,64688.8,64688.8,64863.6,174.8,174.8,0.0,0
U4179,168,FUSE1,7,Station 3.1: Robot cell,64462.9,64701.8,65007.4,305.6,305.6,238.9,0
U6020,240,FUSE2,16,Station 6: Packaging,64687.4,64725.8,64841.8,116.0,116.0,38.4,0
U4188,168,FUSE2,4,Station 2.1: Drill station,64733.9,64737.5,64914.3,176.8,176.8,3.6,0
U6025,240,FUSE2,15,Station 5.2: Top cover,64751.6,64751.6,64926.4,174.8,174.8,0.0,0
U3944,159,FUSE0,1,Station 1: Bottom cover,64757.1,64757.1,64869.3,112.2,112.2,0.0,0
U4171,168,FUSE0,11,Station 4: Inspection,64612.2,64758.2,64875.8,117.6,117.6,146.0,1
U6021,240,FUSE2,17,Station 6.1: Packaging,64764.6,64764.6,64880.6,116.0,116.0,0.0,0
U4180,168,FUSE1,10,Station 3.4: Robot cell,64618.1,64773.6,65079.2,305.6,305.6,155.5,0
U3945,159,FUSE0,2,Station 1.1: Bottom cover,64774.7,64774.7,64886.9,112.2,112.2,0.0,0
U4172,168,FUSE0,12,Station 4.1: Inspection,64695.4,64793.0,64910.6,117.6,117.6,97.6,0
U4189,168,FUSE2,5,Station 2.2: Drill station,64811.1,64812.7,64989.5,176.8,176.8,1.6,0
U4168,168,FUSE0,14,Station 5.1: Top cover,64786.4,64828.8,65003.6,174.8,174.8,42.4,0
U4190,168,FUSE2,3,Station 2: Drill station,64829.9,64833.5,65010.3,176.8,176.8,3.6,0
U4181,168,FUSE1,8,Station 3.2: Robot cell,64558.9,64838.8,65144.4,305.6,305.6,279.9,0
U6022,240,FUSE2,16,Station 6: Packaging,64765.0,64841.8,64957.8,116.0,116.0,76.8,0
U3946,159,FUSE0,1,Station 1: Bottom cover,64873.1,64873.1,64985.3,112.2,112.2,0.0,0
U4173,168,FUSE0,11,Station 4: Inspection,64681.0,64875.8,64993.4,117.6,117.6,194.8,1
U4182,168,FUSE1,9,Station 3.3: Robot cell,64679.7,64882.0,65187.6,305.6,305.6,202.3,0
U6023,240,FUSE2,17,Station 6.1: Packaging,64887.8,64887.8,65003.8,116.0,116.0,0.0,0
U4169,168,FUSE0,13,Station 5: Top cover,64909.2,64909.2,65084.0,174.8,174.8,0.0,0
U4174,168,FUSE0,12,Station 4.1: Inspection,64780.8,64910.6,65028.2,117.6,117.6,129.8,1
U3947,159,FUSE0,2,Station 1.1: Bottom cover,64911.9,64911.9,65024.1,112.2,112.2,0.0,0
U4170,168,FUSE0,15,Station 5.2: Top cover,64884.0,64926.4,65101.2,174.8,174.8,42.4,0
U3944,159,FUSE0,4,Station 2.1: Drill station,64928.3,64928.3,65105.1,176.8,176.8,0.0,0
U4183,168,FUSE2,6,Station 3: Robot cell,64714.9,64947.6,65285.6,338.0,338.0,232.7,0
U6024,240,FUSE2,16,Station 6: Packaging,64962.6,64962.6,65078.6,116.0,116.0,0.0,0
U3948,159,FUSE0,1,Station 1: Bottom cover,64989.1,64989.1,65101.3,112.2,112.2,0.0,0
U3945,159,FUSE0,5,Station 2.2: Drill station,64985.9,64989.5,65166.3,176.8,176.8,3.6,0
U4175,168,FUSE0,11,Station 4: Inspection,64892.6,64993.4,65111.0,117.6,117.6,100.8,0
U6025,240,FUSE2,17,Station 6.1: Packaging,64965.4,65003.8,65119.8,116.0,116.0,38.4,0
U4171,168,FUSE0,14,Station 5.1: Top cover,65006.8,65006.8,65181.6,174.8,174.8,0.0,0
U4184,168,FUSE2,7,Station 3.1: Robot cell,64715.7,65007.4,65345.4,338.0,338.0,291.7,0
U3946,159,FUSE0,3,Station 2: Drill station,65024.3,65024.3,65201.1,176.8,176.8,0.0,0
U4176,168,FUSE1,12,Station 4.1: Inspection,64937.8,65028.2,65145.8,117.6,117.6,90.4,0
U3949,159,FUSE0,2,Station 1.1: Bottom cover,65035.1,65035.1,65147.3,112.2,112.2,0.0,0
U4185,168,FUSE2,10,Station 3.4: Robot cell,64876.5,65079.2,65417.2,338.0,338.0,202.7,0
U4168,168,FUSE0,16,Station 6: Packaging,65082.6,65082.6,65198.6,116.0,116.0,0.0,0
U4172,168,FUSE0,13,Station 5: Top cover,65041.6,65084.0,65258.8,174.8,174.8,42.4,0
U4173,168,FUSE0,15,Station 5.2: Top cover,65104.4,65104.4,65279.2,174.8,174.8,0.0,0
U3947,159,FUSE0,4,Station 2.1: Drill station,65103.1,65105.1,65281.9,176.8,176.8,2.0,0
U3950,159,FUSE0,1,Station 1: Bottom cover,65109.9,65109.9,65222.1,112.2,112.2,0.0,0
U4177,168,FUSE1,11,Station 4: Inspection,64981.0,65111.0,65228.6,117.6,117.6,130.0,1
U4186,168,FUSE2,8,Station 3.2: Robot cell,64931.7,65144.4,65482.4,338.0,338.0,212.7,0
U4178,168,FUSE1,12,Station 4.1: Inspection,65006.6,65145.8,65263.4,117.6,117.6,139.2,1
U3951,159,FUSE0,2,Station 1.1: Bottom cover,65151.1,65151.1,65263.3,112.2,112.2,0.0,0
U4169,168,FUSE0,17,Station 6.1: Packaging,65163.0,65163.0,65279.0,116.0,116.0,0.0,0
U3948,159,FUSE0,5,Station 2.2: Drill station,65180.3,65180.3,65357.1,176.8,176.8,0.0,0
U4174,168,FUSE0,14,Station 5.1: Top cover,65139.2,65181.6,65356.4,174.8,174.8,42.4,0
U4187,168,FUSE2,9,Station 3.3: Robot cell,64932.5,65187.6,65525.6,338.0,338.0,255.1,0
U4170,168,FUSE0,16,Station 6: Packaging,65160.2,65198.6,65314.6,116.0,116.0,38.4,0
U3949,159,FUSE0,3,Station 2: Drill station,65206.3,65206.3,65383.1,176.8,176.8,0.0,0
U4179,168,FUSE1,11,Station 4: Inspection,65066.4,65228.6,65346.2,117.6,117.6,162.2,1
U3952,159,FUSE1,1,Station 1: Bottom cover,65229.9,65229.9,65342.1,112.2,112.2,0.0,0
U4175,168,FUSE0,13,Station 5: Top cover,65262.0,65262.0,65436.8,174.8,174.8,0.0,0
U4180,168,FUSE1,12,Station 4.1: Inspection,65218.2,65263.4,65381.0,117.6,117.6,45.2,0
U4171,168,FUSE0,17,Station 6.1: Packaging,65240.6,65279.0,65395.0,116.0,116.0,38.4,0
U4176,168,FUSE1,15,Station 5.2: Top cover,65236.8,65279.2,65454.0,174.8,174.8,42.4,0
U3950,159,FUSE0,4,Station 2.1: Drill station,65281.1,65281.9,65458.7,176.8,176.8,0.8,0
U4188,168,FUSE2,6,Station 3: Robot cell,64973.3,65285.6,65623.6,338.0,338.0,312.3,0
U3953,159,FUSE1,2,Station 1.1: Bottom cover,65310.3,65310.3,65422.5,112.2,112.2,0.0,0
U4189,168,FUSE2,7,Station 3.1: Robot cell,65088.5,65345.4,65683.4,338.0,338.0,256.9,0
U3954,159,FUSE1,1,Station 1: Bottom cover,65345.9,65345.9,65458.1,112.2,112.2,0.0,0
U4181,168,FUSE1,11,Station 4: Inspection,65223.4,65346.2,65463.8,117.6,117.6,122.8,1
U4172,168,FUSE0,16,Station 6: Packaging,65357.8,65357.8,65473.8,116.0,116.0,0.0,0
U4177,168,FUSE1,14,Station 5.1: Top cover,65359.6,65359.6,65534.4,174.8,174.8,0.0,0
U3951,159,FUSE0,5,Station 2.2: Drill station,65362.3,65362.3,65539.1,176.8,176.8,0.0,0
U4182,168,FUSE1,12,Station 4.1: Inspection,65306.6,65381.0,65498.6,117.6,117.6,74.4,0
U3952,159,FUSE1,3,Station 2: Drill station,65381.1,65383.1,65559.9,176.8,176.8,2.0,0
U4173,168,FUSE0,17,Station 6.1: Packaging,65318.2,65395.0,65511.0,116.0,116.0,76.8,0
U4190,168,FUSE2,10,Station 3.4: Robot cell,65129.3,65417.2,65755.2,338.0,338.0,287.9,0
U3955,159,FUSE1,2,Station 1.1: Bottom cover,65426.3,65426.3,65538.5,112.2,112.2,0.0,0
U4178,168,FUSE1,13,Station 5: Top cover,65394.4,65436.8,65611.6,174.8,174.8,42.4,0
U4179,168,FUSE1,15,Station 5.2: Top cover,65457.2,65457.2,65632.0,174.8,174.8,0.0,0
U4183,168,FUSE2,11,Station 4: Inspection,65324.6,65463.8,65581.4,117.6,117.6,139.2,1
U4174,168,FUSE0,16,Station 6: Packaging,65435.4,65473.8,65589.8,116.0,116.0,38.4,0
U3944,159,FUSE0,8,Station 3.2: Robot cell,65204.1,65482.4,65726.0,243.6,243.6,278.3,0
U4184,168,FUSE2,12,Station 4.1: Inspection,65424.4,65498.6,65616.2,117.6,117.6,74.2,0
U3953,159,FUSE1,4,Station 2.1: Drill station,65501.5,65501.5,65678.3,176.8,176.8,0.0,0
U3956,159,FUSE1,1,Station 1: Bottom cover,65505.1,65505.1,65617.3,112.2,112.2,0.0,0
U4175,168,FUSE0,17,Station 6.1: Packaging,65515.8,65515.8,65631.8,116.0,116.0,0.0,0
U3945,159,FUSE0,9,Station 3.3: Robot cell,65305.3,65525.6,65769.2,243.6,243.6,220.3,0
U4180,168,FUSE1,14,Station 5.1: Top cover,65492.0,65534.4,65709.2,174.8,174.8,42.4,0
U3954,159,FUSE1,5,Station 2.2: Drill station,65537.1,65539.1,65715.9,176.8,176.8,2.0,0
U3957,159,FUSE1,2,Station 1.1: Bottom cover,65542.3,65542.3,65654.5,112.2,112.2,0.0,0
U4185,168,FUSE2,11,Station 4: Inspection,65536.2,65581.4,65699.0,117.6,117.6,45.2,0
U4176,168,FUSE1,16,Station 6: Packaging,65513.0,65589.8,65705.8,116.0,116.0,76.8,0
U3955,159,FUSE1,3,Station 2: Drill station,65597.5,65597.5,65774.3,176.8,176.8,0.0,0
U4181,168,FUSE1,13,Station 5: Top cover,65614.8,65614.8,65789.6,174.8,174.8,0.0,0
U4186,168,FUSE2,12,Station 4.1: Inspection,65581.4,65616.2,65733.8,117.6,117.6,34.8,0
U3958,159,FUSE1,1,Station 1: Bottom cover,65621.1,65621.1,65733.3,112.2,112.2,0.0,0
U3946,159,FUSE0,6,Station 3: Robot cell,65240.1,65623.6,65867.2,243.6,243.6,383.5,1
U4177,168,FUSE1,17,Station 6.1: Packaging,65593.4,65631.8,65747.8,116.0,116.0,38.4,0
U4182,168,FUSE1,15,Station 5.2: Top cover,65589.6,65632.0,65806.8,174.8,174.8,42.4,0
U3959,159,FUSE1,2,Station 1.1: Bottom cover,65663.1,65663.1,65775.3,112.2,112.2,0.0,0
U3956,159,FUSE1,4,Station 2.1: Drill station,65676.3,65678.3,65855.1,176.8,176.8,2.0,0
U3947,159,FUSE0,7,Station 3.1: Robot cell,65360.9,65683.4,65927.0,243.6,243.6,322.5,0
U4187,168,FUSE2,11,Station 4: Inspection,65624.6,65699.0,65816.6,117.6,117.6,74.4,0
U4178,168,FUSE1,16,Station 6: Packaging,65710.6,65710.6,65826.6,116.0,116.0,0.0,0
U4183,168,FUSE2,14,Station 5.1: Top cover,65712.4,65712.4,65887.2,174.8,174.8,0.0,0
U3948,159,FUSE0,8,Station 3.2: Robot cell,65476.1,65726.0,65969.6,243.6,243.6,249.9,1
U4188,168,FUSE2,12,Station 4.1: Inspection,65682.6,65733.8,65851.4,117.6,117.6,51.2,0
U3960,159,FUSE1,1,Station 1: Bottom cover,65737.1,65737.1,65849.3,112.2,112.2,0.0,0
U4179,168,FUSE1,17,Station 6.1: Packaging,65671.0,65747.8,65863.8,116.0,116.0,76.8,0
U3957,159,FUSE1,5,Station 2.2: Drill station,65753.5,65753.5,65930.3,176.8,176.8,0.0,0
U3949,159,FUSE0,10,Station 3.4: Robot cell,65502.1,65755.2,65998.8,243.6,243.6,253.1,0
U3950,159,FUSE0,9,Station 3.3: Robot cell,65577.7,65769.2,66012.8,243.6,243.6,191.5,0
U3958,159,FUSE1,3,Station 2: Drill station,65772.3,65774.3,65951.1,176.8,176.8,2.0,0
U3961,159,FUSE2,2,Station 1.1: Bottom cover,65779.1,65779.1,65891.3,112.2,112.2,0.0,0
U4184,168,FUSE2,13,Station 5: Top cover,65747.2,65789.6,65964.4,174.8,174.8,42.4,0
U4185,168,FUSE2,15,Station 5.2: Top cover,65810.0,65810.0,65984.8,174.8,174.8,0.0,0
U4189,168,FUSE2,11,Station 4: Inspection,65742.4,65816.6,65934.2,117.6,117.6,74.2,0
U4180,168,FUSE1,16,Station 6: Packaging,65788.2,65826.6,65942.6,116.0,116.0,38.4,0
U3944,159,FUSE0,12,Station 4.1: Inspection,65825.0,65851.4,65969.0,117.6,117.6,26.4,0
U3959,159,FUSE1,4,Station 2.1: Drill station,65854.3,65855.1,66031.9,176.8,176.8,0.8,0
U3962,159,FUSE2,1,Station 1: Bottom cover,65857.9,65857.9,65970.1,112.2,112.2,0.0,0
U3951,159,FUSE0,6,Station 3: Robot cell,65618.1,65867.2,66110.8,243.6,243.6,249.1,1
U4181,168,FUSE1,17,Station 6.1: Packaging,65868.6,65868.6,65984.6,116.0,116.0,0.0,0
U4186,168,FUSE2,14,Station 5.1: Top cover,65844.8,65887.2,66062.0,174.8,174.8,42.4,0
U3963,159,FUSE2,2,Station 1.1: Bottom cover,65895.1,65895.1,66007.3,112.2,112.2,0.0,0
U3952,159,FUSE1,7,Station 3.1: Robot cell,65618.9,65927.0,66232.6,305.6,305.6,308.1,1
U3960,159,FUSE1,5,Station 2.2: Drill station,65928.3,65930.3,66107.1,176.8,176.8,2.0,0
U4190,168,FUSE2,11,Station 4: Inspection,65874.2,65934.2,66051.8,117.6,117.6,60.0,0
U4182,168,FUSE1,16,Station 6: Packaging,65865.8,65942.6,66058.6,116.0,116.0,76.8,0
U3961,159,FUSE2,3,Station 2: Drill station,65950.3,65951.1,66127.9,176.8,176.8,0.8,0
U4187,168,FUSE2,13,Station 5: Top cover,65967.6,65967.6,66142.4,174.8,174.8,0.0,0
U3945,159,FUSE0,12,Station 4.1: Inspection,65888.2,65969.0,66086.6,117.6,117.6,80.8,0
U3953,159,FUSE1,8,Station 3.2: Robot cell,65777.3,65969.6,66275.2,305.6,305.6,192.3,0
U3964,159,FUSE2,1,Station 1: Bottom cover,65973.9,65973.9,66086.1,112.2,112.2,0.0,0
U4183,168,FUSE2,17,Station 6.1: Packaging,65946.2,65984.6,66100.6,116.0,116.0,38.4,0
U4188,168,FUSE2,15,Station 5.2: Top cover,65942.4,65984.8,66159.6,174.8,174.8,42.4,0
U3954,159,FUSE1,10,Station 3.4: Robot cell,65874.9,65998.8,66304.4,305.6,305.6,123.9,0
U3955,159,FUSE1,9,Station 3.3: Robot cell,65873.3,66012.8,66318.4,305.6,305.6,139.5,0
U3965,159,FUSE2,2,Station 1.1: Bottom cover,66015.9,66015.9,66128.1,112.2,112.2,0.0,0
U3962,159,FUSE2,4,Station 2.1: Drill station,66029.1,66031.9,66208.7,176.8,176.8,2.8,0
U3946,159,FUSE0,11,Station 4: Inspection,65906.2,66051.8,66169.4,117.6,117.6,145.6,1
U4184,168,FUSE2,16,Station 6: Packaging,66063.4,66063.4,66179.4,116.0,116.0,0.0,0
U4189,168,FUSE2,14,Station 5.1: Top cover,66065.2,66065.2,66240.0,174.8,174.8,0.0,0
U3947,159,FUSE0,12,Station 4.1: Inspection,66006.0,66086.6,66204.2,117.6,117.6,80.6,0
U3966,159,FUSE2,1,Station 1: Bottom cover,66089.9,66089.9,66202.1,112.2,112.2,0.0,0
U4185,168,FUSE2,17,Station 6.1: Packaging,66023.8,66100.6,66216.6,116.0,116.0,76.8,0
U3963,159,FUSE2,5,Station 2.2: Drill station,66106.3,66107.1,66283.9,176.8,176.8,0.8,0
U3956,159,FUSE1,6,Station 3: Robot cell,65914.1,66110.8,66416.4,305.6,305.6,196.7,0
U3964,159,FUSE2,3,Station 2: Drill station,66125.1,66127.9,66304.7,176.8,176.8,2.8,0
U3967,159,FUSE2,2,Station 1.1: Bottom cover,66131.9,66131.9,66244.1,112.2,112.2,0.0,0
U3944,159,FUSE0,13,Station 5: Top cover,66100.0,66142.4,66317.2,174.8,174.8,42.4,0
U4190,168,FUSE2,15,Station 5.2: Top cover,66162.8,66162.8,66337.6,174.8,174.8,0.0,0
U3948,159,FUSE0,11,Station 4: Inspection,66048.6,66169.4,66287.0,117.6,117.6,120.8,1
U4186,168,FUSE2,16,Station 6: Packaging,66141.0,66179.4,66295.4,116.0,116.0,38.4,0
U3949,159,FUSE0,12,Station 4.1: Inspection,66137.8,66204.2,66321.8,117.6,117.6,66.4,0
U3965,159,FUSE2,4,Station 2.1: Drill station,66207.1,66208.7,66385.5,176.8,176.8,1.6,0
U3968,159,FUSE2,1,Station 1: Bottom cover,66210.7,66210.7,66322.9,112.2,112.2,0.0,0
U4187,168,FUSE2,17,Station 6.1: Packaging,66221.4,66221.4,66337.4,116.0,116.0,0.0,0
U3957,159,FUSE1,7,Station 3.1: Robot cell,66029.3,66232.6,66538.2,305.6,305.6,203.3,0
U3945,159,FUSE0,14,Station 5.1: Top cover,66197.6,66240.0,66414.8,174.8,174.8,42.4,0
U3969,159,FUSE2,2,Station 1.1: Bottom cover,66247.9,66247.9,66360.1,112.2,112.2,0.0,0
U3958,159,FUSE1,8,Station 3.2: Robot cell,66030.1,66275.2,66580.8,305.6,305.6,245.1,0
U3966,159,FUSE2,5,Station 2.2: Drill station,66281.1,66283.9,66460.7,176.8,176.8,2.8,0
U3950,159,FUSE0,11,Station 4: Inspection,66111.8,66287.0,66404.6,117.6,117.6,175.2,1
U4188,168,FUSE2,16,Station 6: Packaging,66218.6,66295.4,66411.4,116.0,116.0,76.8,0
U3959,159,FUSE1,10,Station 3.4: Robot cell,66170.9,66304.4,66610.0,305.6,305.6,133.5,0
U3967,159,FUSE2,3,Station 2: Drill station,66303.1,66304.7,66481.5,176.8,176.8,1.6,0
U3960,159,FUSE1,9,Station 3.3: Robot cell,66246.1,66318.4,66624.0,305.6,305.6,72.3,0
U3946,159,FUSE0,13,Station 5: Top cover,66320.4,66320.4,66495.2,174.8,174.8,0.0,0
U3951,159,FUSE0,12,Station 4.1: Inspection,66169.8,66321.8,66439.4,117.6,117.6,152.0,1
U8321,333,FUSE0,1,Station 1: Bottom cover,66326.7,66326.7,66438.9,112.2,112.2,0.0,0
U4189,168,FUSE2,17,Station 6.1: Packaging,66299.0,66337.4,66453.4,116.0,116.0,38.4,0
U3947,159,FUSE0,15,Station 5.2: Top cover,66295.2,66337.6,66512.4,174.8,174.8,42.4,0
U8322,333,FUSE0,2,Station 1.1: Bottom cover,66368.7,66368.7,66480.9,112.2,112.2,0.0,0
U3968,159,FUSE2,4,Station 2.1: Drill station,66381.9,66385.5,66562.3,176.8,176.8,3.6,0
U3952,159,FUSE1,11,Station 4: Inspection,66291.6,66404.6,66522.2,117.6,117.6,113.0,0
U3944,159,FUSE0,16,Station 6: Packaging,66416.2,66416.2,66532.2,116.0,116.0,0.0,0
U3961,159,FUSE2,6,Station 3: Robot cell,66166.9,66416.4,66754.4,338.0,338.0,249.5,0
U3948,159,FUSE0,14,Station 5.1: Top cover,66418.0,66418.0,66592.8,174.8,174.8,0.0,0
U3953,159,FUSE1,12,Station 4.1: Inspection,66374.2,66439.4,66557.0,117.6,117.6,65.2,0
U8323,333,FUSE0,1,Station 1: Bottom cover,66442.7,66442.7,66554.9,112.2,112.2,0.0,0
U4190,168,FUSE2,17,Station 6.1: Packaging,66376.6,66453.4,66569.4,116.0,116.0,76.8,0
U3969,159,FUSE2,5,Station 2.2: Drill station,66459.1,66460.7,66637.5,176.8,176.8,1.6,0
U8321,333,FUSE0,3,Station 2: Drill station,66477.9,66481.5,66658.3,176.8,176.8,3.6,0
U8324,333,FUSE0,2,Station 1.1: Bottom cover,66484.7,66484.7,66596.9,112.2,112.2,0.0,0
U3949,159,FUSE0,13,Station 5: Top cover,66452.8,66495.2,66670.0,174.8,174.8,42.4,0
U3950,159,FUSE0,15,Station 5.2: Top cover,66515.6,66515.6,66690.4,174.8,174.8,0.0,0
U3954,159,FUSE1,11,Station 4: Inspection,66423.4,66522.2,66639.8,117.6,117.6,98.8,0
U3945,159,FUSE0,16,Station 6: Packaging,66493.8,66532.2,66648.2,116.0,116.0,38.4,0
U3962,159,FUSE2,7,Station 3.1: Robot cell,66287.7,66538.2,66876.2,338.0,338.0,250.5,0
U3955,159,FUSE1,12,Station 4.1: Inspection,66437.4,66557.0,66674.6,117.6,117.6,119.6,1
U8322,333,FUSE0,4,Station 2.1: Drill station,66559.9,66562.3,66739.1,176.8,176.8,2.4,0
U8325,333,FUSE0,1,Station 1: Bottom cover,66563.5,66563.5,66675.7,112.2,112.2,0.0,0
U3946,159,FUSE0,17,Station 6.1: Packaging,66574.2,66574.2,66690.2,116.0,116.0,0.0,0
U3963,159,FUSE2,8,Station 3.2: Robot cell,66402.9,66580.8,66918.8,338.0,338.0,177.9,0
U3951,159,FUSE0,14,Station 5.1: Top cover,66550.4,66592.8,66767.6,174.8,174.8,42.4,0
U8326,333,FUSE0,2,Station 1.1: Bottom cover,66600.7,66600.7,66712.9,112.2,112.2,0.0,0
U3964,159,FUSE2,10,Station 3.4: Robot cell,66423.7,66610.0,66948.0,338.0,338.0,186.3,0
U3965,159,FUSE2,9,Station 3.3: Robot cell,66504.5,66624.0,66962.0,338.0,338.0,119.5,0
U8323,333,FUSE0,5,Station 2.2: Drill station,66633.9,66637.5,66814.3,176.8,176.8,3.6,0
U3956,159,FUSE1,11,Station 4: Inspection,66455.4,66639.8,66757.4,117.6,117.6,184.4,1
U3947,159,FUSE0,16,Station 6: Packaging,66571.4,66648.2,66764.2,116.0,116.0,76.8,0
U8324,333,FUSE0,3,Station 2: Drill station,66655.9,66658.3,66835.1,176.8,176.8,2.4,0
U3952,159,FUSE1,13,Station 5: Top cover,66673.2,66673.2,66848.0,174.8,174.8,0.0,0
U3957,159,FUSE1,12,Station 4.1: Inspection,66617.2,66674.6,66792.2,117.6,117.6,57.4,0
U8327,333,FUSE0,1,Station 1: Bottom cover,66679.5,66679.5,66791.7,112.2,112.2,0.0,0
U3948,159,FUSE0,17,Station 6.1: Packaging,66651.8,66690.2,66806.2,116.0,116.0,38.4,0
U3953,159,FUSE1,15,Station 5.2: Top cover,66648.0,66690.4,66865.2,174.8,174.8,42.4,0
U8328,333,FUSE0,2,Station 1.1: Bottom cover,66721.5,66721.5,66833.7,112.2,112.2,0.0,0
U8325,333,FUSE0,4,Station 2.1: Drill station,66734.7,66739.1,66915.9,176.8,176.8,4.4,0
U3966,159,FUSE2,6,Station 3: Robot cell,66539.7,66754.4,67092.4,338.0,338.0,214.7,0
U3958,159,FUSE1,11,Station 4: Inspection,66659.8,66757.4,66875.0,117.6,117.6,97.6,0
U3949,159,FUSE0,16,Station 6: Packaging,66769.0,66769.0,66885.0,116.0,116.0,0.0,0
U3954,159,FUSE1,14,Station 5.1: Top cover,66770.8,66770.8,66945.6,174.8,174.8,0.0,0
U3959,159,FUSE1,12,Station 4.1: Inspection,66749.0,66792.2,66909.8,117.6,117.6,43.2,0
U8329,333,FUSE0,1,Station 1: Bottom cover,66795.5,66795.5,66907.7,112.2,112.2,0.0,0
U3950,159,FUSE0,17,Station 6.1: Packaging,66729.4,66806.2,66922.2,116.0,116.0,76.8,0
U8326,333,FUSE0,5,Station 2.2: Drill station,66811.9,66814.3,66991.1,176.8,176.8,2.4,0
U8327,333,FUSE0,3,Station 2: Drill station,66830.7,66835.1,67011.9,176.8,176.8,4.4,0
U8330,333,FUSE1,2,Station 1.1: Bottom cover,66837.5,66837.5,66949.7,112.2,112.2,0.0,0
U3955,159,FUSE1,13,Station 5: Top cover,66805.6,66848.0,67022.8,174.8,174.8,42.4,0
U3956,159,FUSE1,15,Station 5.2: Top cover,66868.4,66868.4,67043.2,174.8,174.8,0.0,0
U3960,159,FUSE1,11,Station 4: Inspection,66723.0,66875.0,66992.6,117.6,117.6,152.0,1
U3967,159,FUSE2,7,Station 3.1: Robot cell,66540.5,66876.2,67214.2,338.0,338.0,335.7,0
U3951,159,FUSE0,16,Station 6: Packaging,66846.6,66885.0,67001.0,116.0,116.0,38.4,0
U3961,159,FUSE2,12,Station 4.1: Inspection,66813.4,66909.8,67027.4,117.6,117.6,96.4,0
U8328,333,FUSE0,4,Station 2.1: Drill station,66912.7,66915.9,67092.7,176.8,176.8,3.2,0
U8331,333,FUSE1,1,Station 1: Bottom cover,66916.3,66916.3,67028.5,112.2,112.2,0.0,0
U3968,159,FUSE2,8,Station 3.2: Robot cell,66661.3,66918.8,67256.8,338.0,338.0,257.5,0
U3952,159,FUSE1,17,Station 6.1: Packaging,66927.0,66927.0,67043.0,116.0,116.0,0.0,0
U3957,159,FUSE1,14,Station 5.1: Top cover,66903.2,66945.6,67120.4,174.8,174.8,42.4,0
U3969,159,FUSE2,10,Station 3.4: Robot cell,66796.5,66948.0,67286.0,338.0,338.0,151.5,0
U8332,333,FUSE1,2,Station 1.1: Bottom cover,66953.5,66953.5,67065.7,112.2,112.2,0.0,0
U8321,333,FUSE0,9,Station 3.3: Robot cell,66757.3,66962.0,67205.6,243.6,243.6,204.7,0
U8329,333,FUSE0,5,Station 2.2: Drill station,66986.7,66991.1,67167.9,176.8,176.8,4.4,0
U3962,159,FUSE2,11,Station 4: Inspection,66935.2,66992.6,67110.2,117.6,117.6,57.4,0
U3953,159,FUSE1,16,Station 6: Packaging,66924.2,67001.0,67117.0,116.0,116.0,76.8,0
U8330,333,FUSE1,3,Station 2: Drill station,67008.7,67011.9,67188.7,176.8,176.8,3.2,0
U3958,159,FUSE1,13,Station 5: Top cover,67026.0,67026.0,67200.8,174.8,174.8,0.0,0
U3963,159,FUSE2,12,Station 4.1: Inspection,67017.8,67027.4,67145.0,117.6,117.6,9.6,0
U8333,333,FUSE1,1,Station 1: Bottom cover,67032.3,67032.3,67144.5,112.2,112.2,0.0,0
U3954,159,FUSE1,17,Station 6.1: Packaging,67004.6,67043.0,67159.0,116.0,116.0,38.4,0
U3959,159,FUSE1,15,Station 5.2: Top cover,67000.8,67043.2,67218.0,174.8,174.8,42.4,0
U8334,333,FUSE1,2,Station 1.1: Bottom cover,67074.3,67074.3,67186.5,112.2,112.2,0.0,0
U8322,333,FUSE0,6,Station 3: Robot cell,66798.1,67092.4,67336.0,243.6,243.6,294.3,0
U8331,333,FUSE1,4,Station 2.1: Drill station,67087.5,67092.7,67269.5,176.8,176.8,5.2,0
U3964,159,FUSE2,11,Station 4: Inspection,67067.0,67110.2,67227.8,117.6,117.6,43.2,0
U3955,159,FUSE1,16,Station 6: Packaging,67121.8,67121.8,67237.8,116.0,116.0,0.0,0
U3960,159,FUSE1,14,Station 5.1: Top cover,67123.6,67123.6,67298.4,174.8,174.8,0.0,0
U3965,159,FUSE2,12,Station 4.1: Inspection,67081.0,67145.0,67262.6,117.6,117.6,64.0,0
U8335,333,FUSE1,1,Station 1: Bottom cover,67148.3,67148.3,67260.5,112.2,112.2,0.0,0
U3956,159,FUSE1,17,Station 6.1: Packaging,67082.2,67159.0,67275.0,116.0,116.0,76.8,0
U8332,333,FUSE1,5,Station 2.2: Drill station,67164.7,67167.9,67344.7,176.8,176.8,3.2,0
U8333,333,FUSE1,3,Station 2: Drill station,67183.5,67188.7,67365.5,176.8,176.8,5.2,0
U8336,333,FUSE1,2,Station 1.1: Bottom cover,67190.3,67190.3,67302.5,112.2,112.2,0.0,0
U3961,159,FUSE2,13,Station 5: Top cover,67158.4,67200.8,67375.6,174.8,174.8,42.4,0
U8323,333,FUSE0,9,Station 3.3: Robot cell,66953.3,67205.6,67449.2,243.6,243.6,252.3,1
U8324,333,FUSE0,7,Station 3.1: Robot cell,66894.1,67214.2,67457.8,243.6,243.6,320.1,0
U3962,159,FUSE2,15,Station 5.2: Top cover,67221.2,67221.2,67396.0,174.8,174.8,0.0,0
U3966,159,FUSE2,11,Station 4: Inspection,67131.4,67227.8,67345.4,117.6,117.6,96.4,0
U3957,159,FUSE1,16,Station 6: Packaging,67199.4,67237.8,67353.8,116.0,116.0,38.4,0
U8325,333,FUSE0,8,Station 3.2: Robot cell,67014.9,67256.8,67500.4,243.6,243.6,241.9,0
U8337,333,FUSE1,1,Station 1: Bottom cover,67269.1,67269.1,67381.3,112.2,112.2,0.0,0
U8334,333,FUSE1,4,Station 2.1: Drill station,67265.5,67269.5,67446.3,176.8,176.8,4.0,0
U3958,159,FUSE1,17,Station 6.1: Packaging,67279.8,67279.8,67395.8,116.0,116.0,0.0,0
U8326,333,FUSE0,10,Station 3.4: Robot cell,67150.1,67286.0,67529.6,243.6,243.6,135.9,0
U3963,159,FUSE2,14,Station 5.1: Top cover,67256.0,67298.4,67473.2,174.8,174.8,42.4,0
U8338,333,FUSE1,2,Station 1.1: Bottom cover,67306.3,67306.3,67418.5,112.2,112.2,0.0,0
U8321,333,FUSE0,12,Station 4.1: Inspection,67324.6,67324.6,67442.2,117.6,117.6,0.0,0
U8327,333,FUSE0,6,Station 3: Robot cell,67050.9,67336.0,67579.6,243.6,243.6,285.1,1
U8335,333,FUSE1,5,Station 2.2: Drill station,67339.5,67344.7,67521.5,176.8,176.8,5.2,0
U3967,159,FUSE2,11,Station 4: Inspection,67273.2,67345.4,67463.0,117.6,117.6,72.2,0
U3959,159,FUSE1,16,Station 6: Packaging,67277.0,67353.8,67469.8,116.0,116.0,76.8,0
U8336,333,FUSE1,3,Station 2: Drill station,67361.5,67365.5,67542.3,176.8,176.8,4.0,0
U3964,159,FUSE2,13,Station 5: Top cover,67378.8,67378.8,67553.6,174.8,174.8,0.0,0
U8339,333,FUSE2,1,Station 1: Bottom cover,67385.1,67385.1,67497.3,112.2,112.2,0.0,0
U3960,159,FUSE1,17,Station 6.1: Packaging,67357.4,67395.8,67511.8,116.0,116.0,38.4,0
U3965,159,FUSE2,15,Station 5.2: Top cover,67353.6,67396.0,67570.8,174.8,174.8,42.4,0
U8340,333,FUSE2,2,Station 1.1: Bottom cover,67427.1,67427.1,67539.3,112.2,112.2,0.0,0
U3968,159,FUSE2,12,Station 4.1: Inspection,67355.8,67442.2,67559.8,117.6,117.6,86.4,0
U8337,333,FUSE1,4,Station 2.1: Drill station,67440.3,67446.3,67623.1,176.8,176.8,6.0,0
U8328,333,FUSE0,9,Station 3.3: Robot cell,67211.7,67449.2,67692.8,243.6,243.6,237.5,0
U8329,333,FUSE0,7,Station 3.1: Robot cell,67266.9,67457.8,67701.4,243.6,243.6,190.9,0
U3969,159,FUSE2,11,Station 4: Inspection,67405.0,67463.0,67580.6,117.6,117.6,58.0,0
U3961,159,FUSE2,16,Station 6: Packaging,67474.6,67474.6,67590.6,116.0,116.0,0.0,0
U3966,159,FUSE2,14,Station 5.1: Top cover,67476.4,67476.4,67651.2,174.8,174.8,0.0,0
U8330,333,FUSE1,8,Station 3.2: Robot cell,67267.7,67500.4,67806.0,305.6,305.6,232.7,0
U8341,333,FUSE2,1,Station 1: Bottom cover,67501.1,67501.1,67613.3,112.2,112.2,0.0,0
U3962,159,FUSE2,17,Station 6.1: Packaging,67435.0,67511.8,67627.8,116.0,116.0,76.8,0
U8338,333,FUSE1,5,Station 2.2: Drill station,67517.5,67521.5,67698.3,176.8,176.8,4.0,0
U8331,333,FUSE1,10,Station 3.4: Robot cell,67408.5,67529.6,67835.2,305.6,305.6,121.1,0
U8339,333,FUSE2,3,Station 2: Drill station,67536.3,67542.3,67719.1,176.8,176.8,6.0,0
U8342,333,FUSE2,2,Station 1.1: Bottom cover,67543.1,67543.1,67655.3,112.2,112.2,0.0,0
U8322,333,FUSE0,12,Station 4.1: Inspection,67395.0,67559.8,67677.4,117.6,117.6,164.8,1
U8321,333,FUSE0,15,Station 5.2: Top cover,67533.2,67570.8,67745.6,174.8,174.8,37.6,0
U8332,333,FUSE1,6,Station 3: Robot cell,67423.7,67579.6,67885.2,305.6,305.6,155.9,0
U8323,333,FUSE0,11,Station 4: Inspection,67548.2,67580.6,67698.2,117.6,117.6,32.4,0
U3963,159,FUSE2,16,Station 6: Packaging,67552.2,67590.6,67706.6,116.0,116.0,38.4,0
U3967,159,FUSE2,13,Station 5: Top cover,67614.0,67614.0,67788.8,174.8,174.8,0.0,0
U8343,333,FUSE2,1,Station 1: Bottom cover,67621.9,67621.9,67734.1,112.2,112.2,0.0,0
U8340,333,FUSE2,4,Station 2.1: Drill station,67618.3,67623.1,67799.9,176.8,176.8,4.8,0
U3964,159,FUSE2,17,Station 6.1: Packaging,67632.6,67632.6,67748.6,116.0,116.0,0.0,0
U8344,333,FUSE2,2,Station 1.1: Bottom cover,67659.1,67659.1,67771.3,112.2,112.2,0.0,0
U3968,159,FUSE2,14,Station 5.1: Top cover,67670.8,67670.8,67845.6,174.8,174.8,0.0,0
U8324,333,FUSE0,12,Station 4.1: Inspection,67536.8,67677.4,67795.0,117.6,117.6,140.6,1
U8333,333,FUSE1,9,Station 3.3: Robot cell,67464.5,67692.8,67998.4,305.6,305.6,228.3,0
U8325,333,FUSE0,11,Station 4: Inspection,67579.4,67698.2,67815.8,117.6,117.6,118.8,1
U8341,333,FUSE2,5,Station 2.2: Drill station,67692.3,67698.3,67875.1,176.8,176.8,6.0,0
U8334,333,FUSE1,7,Station 3.1: Robot cell,67525.3,67701.4,68007.0,305.6,305.6,176.1,0
U3965,159,FUSE2,16,Station 6: Packaging,67629.8,67706.6,67822.6,116.0,116.0,76.8,0
U8342,333,FUSE2,3,Station 2: Drill station,67714.3,67719.1,67895.9,176.8,176.8,4.8,0
U8345,333,FUSE2,1,Station 1: Bottom cover,67737.9,67737.9,67850.1,112.2,112.2,0.0,0
U3969,159,FUSE2,15,Station 5.2: Top cover,67691.6,67745.6,67920.4,174.8,174.8,54.0,0
U3966,159,FUSE2,17,Station 6.1: Packaging,67710.2,67748.6,67864.6,116.0,116.0,38.4,0
U8346,333,FUSE2,2,Station 1.1: Bottom cover,67779.9,67779.9,67892.1,112.2,112.2,0.0,0
U8326,333,FUSE0,12,Station 4.1: Inspection,67668.6,67795.0,67912.6,117.6,117.6,126.4,1
U8343,333,FUSE2,4,Station 2.1: Drill station,67793.1,67799.9,67976.7,176.8,176.8,6.8,0
U8335,333,FUSE1,8,Station 3.2: Robot cell,67640.5,67806.0,68111.6,305.6,305.6,165.5,0
U8322,333,FUSE0,13,Station 5: Top cover,67808.4,67808.4,67983.2,174.8,174.8,0.0,0
U8327,333,FUSE0,11,Station 4: Inspection,67618.6,67815.8,67933.4,117.6,117.6,197.2,1
U8321,333,FUSE0,16,Station 6: Packaging,67804.6,67822.6,67938.6,116.0,116.0,18.0,0
U8336,333,FUSE1,10,Station 3.4: Robot cell,67661.3,67835.2,68140.8,305.6,305.6,173.9,0
U8323,333,FUSE0,14,Station 5.1: Top cover,67829.2,67845.6,68020.4,174.8,174.8,16.4,0
U8347,333,FUSE2,1,Station 1: Bottom cover,67853.9,67853.9,67966.1,112.2,112.2,0.0,0
U3967,159,FUSE2,17,Station 6.1: Packaging,67867.8,67867.8,67983.8,116.0,116.0,0.0,0
U8344,333,FUSE2,5,Station 2.2: Drill station,67870.3,67875.1,68051.9,176.8,176.8,4.8,0
U8337,333,FUSE1,6,Station 3: Robot cell,67682.1,67885.2,68190.8,305.6,305.6,203.1,0
U2214,89,FUSE0,2,Station 1.1: Bottom cover,67895.9,67895.9,68008.1,112.2,112.2,0.0,0
U8345,333,FUSE2,3,Station 2: Drill station,67889.1,67895.9,68072.7,176.8,176.8,6.8,0
U8328,333,FUSE0,12,Station 4.1: Inspection,67811.8,67912.6,68030.2,117.6,117.6,100.8,0
U8324,333,FUSE0,15,Station 5.2: Top cover,67886.0,67920.4,68095.2,174.8,174.8,34.4,0
U8329,333,FUSE0,11,Station 4: Inspection,67760.4,67933.4,68051.0,117.6,117.6,173.0,1
U3968,159,FUSE2,16,Station 6: Packaging,67924.6,67938.6,68054.6,116.0,116.0,14.0,0
U2215,89,FUSE0,1,Station 1: Bottom cover,67969.9,67969.9,68082.1,112.2,112.2,0.0,0
U8346,333,FUSE2,4,Station 2.1: Drill station,67971.1,67976.7,68153.5,176.8,176.8,5.6,0
U8325,333,FUSE0,13,Station 5: Top cover,67966.8,67983.2,68158.0,174.8,174.8,16.4,0
U3969,159,FUSE2,17,Station 6.1: Packaging,67959.4,67983.8,68099.8,116.0,116.0,24.4,0
U8338,333,FUSE1,9,Station 3.3: Robot cell,67837.3,67998.4,68304.0,305.6,305.6,161.1,0
U8339,333,FUSE2,7,Station 3.1: Robot cell,67778.1,68007.0,68345.0,338.0,338.0,228.9,0
U2216,89,FUSE0,2,Station 1.1: Bottom cover,68015.1,68015.1,68127.3,112.2,112.2,0.0,0
U8326,333,FUSE0,14,Station 5.1: Top cover,68023.6,68023.6,68198.4,174.8,174.8,0.0,0
U8330,333,FUSE1,12,Station 4.1: Inspection,67905.0,68030.2,68147.8,117.6,117.6,125.2,1
U8331,333,FUSE1,11,Station 4: Inspection,67954.2,68051.0,68168.6,117.6,117.6,96.8,0
U8347,333,FUSE2,5,Station 2.2: Drill station,68045.1,68051.9,68228.7,176.8,176.8,6.8,0
U2214,89,FUSE0,3,Station 2: Drill station,68067.1,68072.7,68249.5,176.8,176.8,5.6,0
U8322,333,FUSE0,16,Station 6: Packaging,68082.2,68082.2,68198.2,116.0,116.0,0.0,0
U2217,89,FUSE0,1,Station 1: Bottom cover,68085.9,68085.9,68198.1,112.2,112.2,0.0,0
U8327,333,FUSE0,15,Station 5.2: Top cover,68044.4,68095.2,68270.0,174.8,174.8,50.8,0
U8323,333,FUSE0,17,Station 6.1: Packaging,68079.4,68099.8,68215.8,116.0,116.0,20.4,0
U8340,333,FUSE2,8,Station 3.2: Robot cell,67898.9,68111.6,68449.6,338.0,338.0,212.7,0
U2218,89,FUSE0,2,Station 1.1: Bottom cover,68131.1,68131.1,68243.3,112.2,112.2,0.0,0
U8341,333,FUSE2,10,Station 3.4: Robot cell,68034.1,68140.8,68478.8,338.0,338.0,106.7,0
U8332,333,FUSE1,12,Station 4.1: Inspection,67944.2,68147.8,68265.4,117.6,117.6,203.6,1
U2215,89,FUSE0,4,Station 2.1: Drill station,68141.1,68153.5,68330.3,176.8,176.8,12.4,0
U8328,333,FUSE0,13,Station 5: Top cover,68161.2,68161.2,68336.0,174.8,174.8,0.0,0
U8333,333,FUSE1,11,Station 4: Inspection,68097.4,68168.6,68286.2,117.6,117.6,71.2,0
U8342,333,FUSE2,6,Station 3: Robot cell,67934.9,68190.8,68528.8,338.0,338.0,255.9,0
U8324,333,FUSE0,16,Station 6: Packaging,68154.2,68198.2,68314.2,116.0,116.0,44.0,0
U8329,333,FUSE0,14,Station 5.1: Top cover,68182.0,68198.4,68373.2,174.8,174.8,16.4,0
U2216,89,FUSE0,5,Station 2.2: Drill station,68226.3,68228.7,68405.5,176.8,176.8,2.4,0
U2219,89,FUSE0,1,Station 1: Bottom cover,68229.5,68229.5,68341.7,112.2,112.2,0.0,0
U8325,333,FUSE0,17,Station 6.1: Packaging,68237.0,68237.0,68353.0,116.0,116.0,0.0,0
U2220,89,FUSE0,2,Station 1.1: Bottom cover,68247.1,68247.1,68359.3,112.2,112.2,0.0,0
U2217,89,FUSE0,3,Station 2: Drill station,68237.1,68249.5,68426.3,176.8,176.8,12.4,0
U8334,333,FUSE1,12,Station 4.1: Inspection,68086.0,68265.4,68383.0,117.6,117.6,179.4,1
U8330,333,FUSE1,15,Station 5.2: Top cover,68238.8,68270.0,68444.8,174.8,174.8,31.2,0
U8335,333,FUSE1,11,Station 4: Inspection,68190.6,68286.2,68403.8,117.6,117.6,95.6,0
U8343,333,FUSE2,9,Station 3.3: Robot cell,68095.7,68304.0,68642.0,338.0,338.0,208.3,0
U8326,333,FUSE0,16,Station 6: Packaging,68277.4,68314.2,68430.2,116.0,116.0,36.8,0
U2218,89,FUSE0,4,Station 2.1: Drill station,68322.3,68330.3,68507.1,176.8,176.8,8.0,0
U8331,333,FUSE1,13,Station 5: Top cover,68319.6,68336.0,68510.8,174.8,174.8,16.4,0
U8344,333,FUSE2,7,Station 3.1: Robot cell,68150.9,68345.0,68683.0,338.0,338.0,194.1,0
U2221,89,FUSE0,1,Station 1: Bottom cover,68345.5,68345.5,68457.7,112.2,112.2,0.0,0
U8327,333,FUSE0,17,Station 6.1: Packaging,68309.0,68353.0,68469.0,116.0,116.0,44.0,0
U8332,333,FUSE1,14,Station 5.1: Top cover,68376.4,68376.4,68551.2,174.8,174.8,0.0,0
U8336,333,FUSE1,12,Station 4.1: Inspection,68279.8,68383.0,68500.6,117.6,117.6,103.2,0
U2222,89,FUSE0,2,Station 1.1: Bottom cover,68384.3,68384.3,68496.5,112.2,112.2,0.0,0
U8337,333,FUSE1,11,Station 4: Inspection,68229.8,68403.8,68521.4,117.6,117.6,174.0,1
U2219,89,FUSE0,5,Station 2.2: Drill station,68420.7,68420.7,68597.5,176.8,176.8,0.0,0
U2220,89,FUSE0,3,Station 2: Drill station,68418.3,68426.3,68603.1,176.8,176.8,8.0,0
U8328,333,FUSE0,16,Station 6: Packaging,68435.0,68435.0,68551.0,116.0,116.0,0.0,0
U8333,333,FUSE1,15,Station 5.2: Top cover,68397.2,68444.8,68619.6,174.8,174.8,47.6,0
U8345,333,FUSE2,8,Station 3.2: Robot cell,68151.7,68449.6,68787.6,338.0,338.0,297.9,0
U2223,89,FUSE0,1,Station 1: Bottom cover,68461.5,68461.5,68573.7,112.2,112.2,0.0,0
U8329,333,FUSE0,17,Station 6.1: Packaging,68432.2,68469.0,68585.0,116.0,116.0,36.8,0
U8346,333,FUSE2,10,Station 3.4: Robot cell,68292.5,68478.8,68816.8,338.0,338.0,186.3,0
U2224,89,FUSE1,2,Station 1.1: Bottom cover,68500.3,68500.3,68612.5,112.2,112.2,0.0,0
U8338,333,FUSE1,12,Station 4.1: Inspection,68423.0,68500.6,68618.2,117.6,117.6,77.6,0
U8334,333,FUSE1,13,Station 5: Top cover,68514.0,68514.0,68688.8,174.8,174.8,0.0,0
U2221,89,FUSE0,4,Station 2.1: Drill station,68516.7,68516.7,68693.5,176.8,176.8,0.0,0
U8339,333,FUSE2,11,Station 4: Inspection,68404.0,68521.4,68639.0,117.6,117.6,117.4,0
U8347,333,FUSE2,6,Station 3: Robot cell,68307.7,68528.8,68866.8,338.0,338.0,221.1,0
U8330,333,FUSE1,16,Station 6: Packaging,68503.8,68551.0,68667.0,116.0,116.0,47.2,0
U8335,333,FUSE1,14,Station 5.1: Top cover,68534.8,68551.2,68726.0,174.8,174.8,16.4,0
U2225,89,FUSE1,1,Station 1: Bottom cover,68582.3,68582.3,68694.5,112.2,112.2,0.0,0
U8331,333,FUSE1,17,Station 6.1: Packaging,68589.8,68589.8,68705.8,116.0,116.0,0.0,0
U2222,89,FUSE0,5,Station 2.2: Drill station,68595.5,68597.5,68774.3,176.8,176.8,2.0,0
U2223,89,FUSE0,3,Station 2: Drill station,68612.7,68612.7,68789.5,176.8,176.8,0.0,0
U2226,89,FUSE1,2,Station 1.1: Bottom cover,68616.3,68616.3,68728.5,112.2,112.2,0.0,0
U8340,333,FUSE2,12,Station 4.1: Inspection,68548.6,68618.2,68735.8,117.6,117.6,69.6,0
U8336,333,FUSE1,15,Station 5.2: Top cover,68591.6,68619.6,68794.4,174.8,174.8,28.0,0
U8341,333,FUSE2,11,Station 4: Inspection,68597.8,68639.0,68756.6,117.6,117.6,41.2,0
U2214,89,FUSE0,9,Station 3.3: Robot cell,68348.5,68642.0,68885.6,243.6,243.6,293.5,0
U8332,333,FUSE1,16,Station 6: Packaging,68630.2,68667.0,68783.0,116.0,116.0,36.8,0
U2215,89,FUSE0,7,Station 3.1: Robot cell,68409.3,68683.0,68926.6,243.6,243.6,273.7,0
U8337,333,FUSE1,13,Station 5: Top cover,68672.4,68688.8,68863.6,174.8,174.8,16.4,0
U2224,89,FUSE1,4,Station 2.1: Drill station,68691.5,68693.5,68870.3,176.8,176.8,2.0,0
U2227,89,FUSE1,1,Station 1: Bottom cover,68698.3,68698.3,68810.5,112.2,112.2,0.0,0
U8333,333,FUSE1,17,Station 6.1: Packaging,68658.6,68705.8,68821.8,116.0,116.0,47.2,0
U8338,333,FUSE1,14,Station 5.1: Top cover,68729.2,68729.2,68904.0,174.8,174.8,0.0,0
U8342,333,FUSE2,12,Station 4.1: Inspection,68587.8,68735.8,68853.4,117.6,117.6,148.0,1
U2228,89,FUSE1,2,Station 1.1: Bottom cover,68737.1,68737.1,68849.3,112.2,112.2,0.0,0
U8343,333,FUSE2,11,Station 4: Inspection,68741.0,68756.6,68874.2,117.6,117.6,15.6,0
U2225,89,FUSE1,5,Station 2.2: Drill station,68773.5,68774.3,68951.1,176.8,176.8,0.8,0
U2216,89,FUSE0,8,Station 3.2: Robot cell,68524.5,68787.6,69031.2,243.6,243.6,263.1,0
U8334,333,FUSE1,16,Station 6: Packaging,68787.8,68787.8,68903.8,116.0,116.0,0.0,0
U2226,89,FUSE1,3,Station 2: Drill station,68787.5,68789.5,68966.3,176.8,176.8,2.0,0
U8339,333,FUSE2,15,Station 5.2: Top cover,68750.0,68794.4,68969.2,174.8,174.8,44.4,0
U2229,89,FUSE1,1,Station 1: Bottom cover,68814.3,68814.3,68926.5,112.2,112.2,0.0,0
U2217,89,FUSE0,10,Station 3.4: Robot cell,68545.3,68816.8,69060.4,243.6,243.6,271.5,0
U8335,333,FUSE1,17,Station 6.1: Packaging,68785.0,68821.8,68937.8,116.0,116.0,36.8,0
U2230,89,FUSE1,2,Station 1.1: Bottom cover,68853.1,68853.1,68965.3,112.2,112.2,0.0,0
U8344,333,FUSE2,12,Station 4.1: Inspection,68762.0,68853.4,68971.0,117.6,117.6,91.4,0
U8340,333,FUSE2,13,Station 5: Top cover,68866.8,68866.8,69041.6,174.8,174.8,0.0,0
U2218,89,FUSE0,6,Station 3: Robot cell,68566.1,68866.8,69110.4,243.6,243.6,300.7,0
U2227,89,FUSE1,4,Station 2.1: Drill station,68869.5,68870.3,69047.1,176.8,176.8,0.8,0
U8345,333,FUSE2,11,Station 4: Inspection,68866.6,68874.2,68991.8,117.6,117.6,7.6,0
U2219,89,FUSE0,9,Station 3.3: Robot cell,68736.5,68885.6,69129.2,243.6,243.6,149.1,0
U8336,333,FUSE1,16,Station 6: Packaging,68853.4,68903.8,69019.8,116.0,116.0,50.4,0
U8341,333,FUSE2,14,Station 5.1: Top cover,68887.6,68904.0,69078.8,174.8,174.8,16.4,0
U2220,89,FUSE0,7,Station 3.1: Robot cell,68662.1,68926.6,69170.2,243.6,243.6,264.5,1
U2231,89,FUSE1,1,Station 1: Bottom cover,68935.1,68935.1,69047.3,112.2,112.2,0.0,0
U8337,333,FUSE1,17,Station 6.1: Packaging,68942.6,68942.6,69058.6,116.0,116.0,0.0,0
U2228,89,FUSE1,5,Station 2.2: Drill station,68948.3,68951.1,69127.9,176.8,176.8,2.8,0
U2229,89,FUSE1,3,Station 2: Drill station,68965.5,68966.3,69143.1,176.8,176.8,0.8,0
U2232,89,FUSE1,2,Station 1.1: Bottom cover,68969.1,68969.1,69081.3,112.2,112.2,0.0,0
U8342,333,FUSE2,15,Station 5.2: Top cover,68944.4,68969.2,69144.0,174.8,174.8,24.8,0
U8346,333,FUSE2,12,Station 4.1: Inspection,68955.8,68971.0,69088.6,117.6,117.6,15.2,0
U8347,333,FUSE2,11,Station 4: Inspection,68905.8,68991.8,69109.4,117.6,117.6,86.0,0
U8338,333,FUSE1,16,Station 6: Packaging,68983.0,69019.8,69135.8,116.0,116.0,36.8,0
U2221,89,FUSE0,8,Station 3.2: Robot cell,68792.5,69031.2,69274.8,243.6,243.6,238.7,0
U8343,333,FUSE2,13,Station 5: Top cover,69025.2,69041.6,69216.4,174.8,174.8,16.4,0
U2230,89,FUSE1,4,Station 2.1: Drill station,69044.3,69047.1,69223.9,176.8,176.8,2.8,0
U2233,89,FUSE1,1,Station 1: Bottom cover,69051.1,69051.1,69163.3,112.2,112.2,0.0,0
U8339,333,FUSE2,17,Station 6.1: Packaging,69008.2,69058.6,69174.6,116.0,116.0,50.4,0
U2222,89,FUSE0,10,Station 3.4: Robot cell,68933.3,69060.4,69304.0,243.6,243.6,127.1,0
U8344,333,FUSE2,14,Station 5.1: Top cover,69082.0,69082.0,69256.8,174.8,174.8,0.0,0
U2214,89,FUSE0,12,Station 4.1: Inspection,69004.6,69088.6,69206.2,117.6,117.6,84.0,0
U2234,89,FUSE2,2,Station 1.1: Bottom cover,69089.9,69089.9,69202.1,112.2,112.2,0.0,0
U2215,89,FUSE0,11,Station 4: Inspection,68985.6,69109.4,69227.0,117.6,117.6,123.8,1
U2223,89,FUSE0,6,Station 3: Robot cell,68828.5,69110.4,69354.0,243.6,243.6,281.9,1
U2231,89,FUSE1,5,Station 2.2: Drill station,69126.3,69127.9,69304.7,176.8,176.8,1.6,0
U2224,89,FUSE1,9,Station 3.3: Robot cell,68989.3,69129.2,69434.8,305.6,305.6,139.9,0
U8340,333,FUSE2,16,Station 6: Packaging,69140.6,69140.6,69256.6,116.0,116.0,0.0,0
U2232,89,FUSE1,3,Station 2: Drill station,69140.3,69143.1,69319.9,176.8,176.8,2.8,0
U8345,333,FUSE2,15,Station 5.2: Top cover,69102.8,69144.0,69318.8,174.8,174.8,41.2,0
U2235,89,FUSE2,1,Station 1: Bottom cover,69167.1,69167.1,69279.3,112.2,112.2,0.0,0
U2225,89,FUSE1,7,Station 3.1: Robot cell,69050.1,69170.2,69475.8,305.6,305.6,120.1,0
U8341,333,FUSE2,17,Station 6.1: Packaging,69137.8,69174.6,69290.6,116.0,116.0,36.8,0
U2236,89,FUSE2,2,Station 1.1: Bottom cover,69205.9,69205.9,69318.1,112.2,112.2,0.0,0
U2216,89,FUSE0,12,Station 4.1: Inspection,69130.2,69206.2,69323.8,117.6,117.6,76.0,0
U8346,333,FUSE2,13,Station 5: Top cover,69219.6,69219.6,69394.4,174.8,174.8,0.0,0
U2233,89,FUSE1,4,Station 2.1: Drill station,69222.3,69223.9,69400.7,176.8,176.8,1.6,0
U2217,89,FUSE0,11,Station 4: Inspection,69179.4,69227.0,69344.6,117.6,117.6,47.6,0
U8342,333,FUSE2,16,Station 6: Packaging,69203.0,69256.6,69372.6,116.0,116.0,53.6,0
U8347,333,FUSE2,14,Station 5.1: Top cover,69240.4,69256.8,69431.6,174.8,174.8,16.4,0
U2226,89,FUSE1,8,Station 3.2: Robot cell,69045.3,69274.8,69580.4,305.6,305.6,229.5,0
U2237,89,FUSE2,1,Station 1: Bottom cover,69287.9,69287.9,69400.1,112.2,112.2,0.0,0
U8343,333,FUSE2,17,Station 6.1: Packaging,69295.4,69295.4,69411.4,116.0,116.0,0.0,0
U2227,89,FUSE1,10,Station 3.4: Robot cell,69186.1,69304.0,69609.6,305.6,305.6,117.9,0
U2234,89,FUSE2,5,Station 2.2: Drill station,69301.1,69304.7,69481.5,176.8,176.8,3.6,0
U2214,89,FUSE0,15,Station 5.2: Top cover,69297.2,69318.8,69493.6,174.8,174.8,21.6,0
U2235,89,FUSE2,3,Station 2: Drill station,69318.3,69319.9,69496.7,176.8,176.8,1.6,0
U2238,89,FUSE2,2,Station 1.1: Bottom cover,69321.9,69321.9,69434.1,112.2,112.2,0.0,0
U2218,89,FUSE0,12,Station 4.1: Inspection,69169.4,69323.8,69441.4,117.6,117.6,154.4,1
U2219,89,FUSE0,11,Station 4: Inspection,69228.2,69344.6,69462.2,117.6,117.6,116.4,0
U2228,89,FUSE1,6,Station 3: Robot cell,69206.9,69354.0,69659.6,305.6,305.6,147.1,0
U8344,333,FUSE2,16,Station 6: Packaging,69335.8,69372.6,69488.6,116.0,116.0,36.8,0
U2215,89,FUSE0,13,Station 5: Top cover,69378.0,69394.4,69569.2,174.8,174.8,16.4,0
U2236,89,FUSE2,4,Station 2.1: Drill station,69397.1,69400.7,69577.5,176.8,176.8,3.6,0
U2239,89,FUSE2,1,Station 1: Bottom cover,69403.9,69403.9,69516.1,112.2,112.2,0.0,0
U8345,333,FUSE2,17,Station 6.1: Packaging,69357.8,69411.4,69527.4,116.0,116.0,53.6,0
U2216,89,FUSE0,14,Station 5.1: Top cover,69434.8,69434.8,69609.6,174.8,174.8,0.0,0
U2229,89,FUSE1,9,Station 3.3: Robot cell,69242.1,69434.8,69740.4,305.6,305.6,192.7,0
U2220,89,FUSE0,12,Station 4.1: Inspection,69249.2,69441.4,69559.0,117.6,117.6,192.2,1
U2240,89,FUSE2,2,Station 1.1: Bottom cover,69442.7,69442.7,69554.9,112.2,112.2,0.0,0
U2221,89,FUSE0,11,Station 4: Inspection,69353.8,69462.2,69579.8,117.6,117.6,108.4,0
U2230,89,FUSE1,7,Station 3.1: Robot cell,69302.9,69475.8,69781.4,305.6,305.6,172.9,0
U2237,89,FUSE2,5,Station 2.2: Drill station,69479.1,69481.5,69658.3,176.8,176.8,2.4,0
U8346,333,FUSE2,16,Station 6: Packaging,69493.4,69493.4,69609.4,116.0,116.0,0.0,0
U2217,89,FUSE0,15,Station 5.2: Top cover,69455.6,69493.6,69668.4,174.8,174.8,38.0,0
U2238,89,FUSE2,3,Station 2: Drill station,69493.1,69496.7,69673.5,176.8,176.8,3.6,0
U2241,89,FUSE2,1,Station 1: Bottom cover,69519.9,69519.9,69632.1,112.2,112.2,0.0,0
U8347,333,FUSE2,17,Station 6.1: Packaging,69490.6,69527.4,69643.4,116.0,116.0,36.8,0
U2242,89,FUSE2,2,Station 1.1: Bottom cover,69558.7,69558.7,69670.9,112.2,112.2,0.0,0
U2222,89,FUSE0,12,Station 4.1: Inspection,69443.0,69559.0,69676.6,117.6,117.6,116.0,0
U2218,89,FUSE0,13,Station 5: Top cover,69572.4,69572.4,69747.2,174.8,174.8,0.0,0
U2239,89,FUSE2,4,Station 2.1: Drill station,69575.1,69577.5,69754.3,176.8,176.8,2.4,0
U2223,89,FUSE0,11,Station 4: Inspection,69393.0,69579.8,69697.4,117.6,117.6,186.8,1
U2231,89,FUSE1,8,Station 3.2: Robot cell,69423.7,69580.4,69886.0,305.6,305.6,156.7,0
U2214,89,FUSE0,16,Station 6: Packaging,69552.6,69609.4,69725.4,116.0,116.0,56.8,0
U2219,89,FUSE0,14,Station 5.1: Top cover,69593.2,69609.6,69784.4,174.8,174.8,16.4,0
U2232,89,FUSE1,10,Station 3.4: Robot cell,69438.9,69609.6,69915.2,305.6,305.6,170.7,0
U2243,89,FUSE2,1,Station 1: Bottom cover,69640.7,69640.7,69752.9,112.2,112.2,0.0,0
U2215,89,FUSE0,17,Station 6.1: Packaging,69648.2,69648.2,69764.2,116.0,116.0,0.0,0
U2240,89,FUSE2,5,Station 2.2: Drill station,69653.9,69658.3,69835.1,176.8,176.8,4.4,0
U2233,89,FUSE1,6,Station 3: Robot cell,69459.7,69659.6,69965.2,305.6,305.6,199.9,0
U2220,89,FUSE0,15,Station 5.2: Top cover,69650.0,69668.4,69843.2,174.8,174.8,18.4,0
U2241,89,FUSE2,3,Station 2: Drill station,69671.1,69673.5,69850.3,176.8,176.8,2.4,0
U2244,89,FUSE2,2,Station 1.1: Bottom cover,69674.7,69674.7,69786.9,112.2,112.2,0.0,0
U2224,89,FUSE1,12,Station 4.1: Inspection,69553.8,69676.6,69794.2,117.6,117.6,122.8,1
U2225,89,FUSE1,11,Station 4: Inspection,69534.8,69697.4,69815.0,117.6,117.6,162.6,1
U2216,89,FUSE0,16,Station 6: Packaging,69688.6,69725.4,69841.4,116.0,116.0,36.8,0
U2234,89,FUSE2,9,Station 3.3: Robot cell,69620.5,69740.4,70078.4,338.0,338.0,119.9,0
U2221,89,FUSE0,13,Station 5: Top cover,69730.8,69747.2,69922.0,174.8,174.8,16.4,0
U2242,89,FUSE2,4,Station 2.1: Drill station,69749.9,69754.3,69931.1,176.8,176.8,4.4,0
U7277,292,FUSE0,1,Station 1: Bottom cover,69756.7,69756.7,69868.9,112.2,112.2,0.0,0
U2217,89,FUSE0,17,Station 6.1: Packaging,69707.4,69764.2,69880.2,116.0,116.0,56.8,0
U2235,89,FUSE2,7,Station 3.1: Robot cell,69555.7,69781.4,70119.4,338.0,338.0,225.7,0
U2222,89,FUSE0,14,Station 5.1: Top cover,69787.6,69787.6,69962.4,174.8,174.8,0.0,0
U2226,89,FUSE1,12,Station 4.1: Inspection,69679.4,69794.2,69911.8,117.6,117.6,114.8,0
U7278,292,FUSE0,2,Station 1.1: Bottom cover,69795.5,69795.5,69907.7,112.2,112.2,0.0,0
U2227,89,FUSE1,11,Station 4: Inspection,69728.6,69815.0,69932.6,117.6,117.6,86.4,0
U2243,89,FUSE2,5,Station 2.2: Drill station,69831.9,69835.1,70011.9,176.8,176.8,3.2,0
U2223,89,FUSE0,15,Station 5.2: Top cover,69808.4,69843.2,70018.0,174.8,174.8,34.8,0
U2218,89,FUSE0,16,Station 6: Packaging,69846.2,69846.2,69962.2,116.0,116.0,0.0,0
U2244,89,FUSE2,3,Station 2: Drill station,69845.9,69850.3,70027.1,176.8,176.8,4.4,0
U7279,292,FUSE0,1,Station 1: Bottom cover,69872.7,69872.7,69984.9,112.2,112.2,0.0,0
U2219,89,FUSE0,17,Station 6.1: Packaging,69843.4,69880.2,69996.2,116.0,116.0,36.8,0
U2236,89,FUSE2,8,Station 3.2: Robot cell,69676.5,69886.0,70224.0,338.0,338.0,209.5,0
U7280,292,FUSE0,2,Station 1.1: Bottom cover,69911.5,69911.5,70023.7,112.2,112.2,0.0,0
U2228,89,FUSE1,12,Station 4.1: Inspection,69718.6,69911.8,70029.4,117.6,117.6,193.2,1
U2237,89,FUSE2,10,Station 3.4: Robot cell,69817.3,69915.2,70253.2,338.0,338.0,97.9,0
U2224,89,FUSE1,13,Station 5: Top cover,69925.2,69925.2,70100.0,174.8,174.8,0.0,0
U7277,292,FUSE0,4,Station 2.1: Drill station,69927.9,69931.1,70107.9,176.8,176.8,3.2,0
U2229,89,FUSE1,11,Station 4: Inspection,69839.4,69932.6,70050.2,117.6,117.6,93.2,0
U2220,89,FUSE0,16,Station 6: Packaging,69902.2,69962.2,70078.2,116.0,116.0,60.0,0
U2225,89,FUSE1,14,Station 5.1: Top cover,69946.0,69962.4,70137.2,174.8,174.8,16.4,0
U2238,89,FUSE2,6,Station 3: Robot cell,69712.5,69965.2,70303.2,338.0,338.0,252.7,0
U7281,292,FUSE0,1,Station 1: Bottom cover,69993.5,69993.5,70105.7,112.2,112.2,0.0,0
U2221,89,FUSE0,17,Station 6.1: Packaging,70001.0,70001.0,70117.0,116.0,116.0,0.0,0
U7278,292,FUSE0,5,Station 2.2: Drill station,70006.7,70011.9,70188.7,176.8,176.8,5.2,0
U2226,89,FUSE1,15,Station 5.2: Top cover,70002.8,70018.0,70192.8,174.8,174.8,15.2,0
U7279,292,FUSE0,3,Station 2: Drill station,70023.9,70027.1,70203.9,176.8,176.8,3.2,0
U7282,292,FUSE0,2,Station 1.1: Bottom cover,70027.5,70027.5,70139.7,112.2,112.2,0.0,0
U2230,89,FUSE1,12,Station 4.1: Inspection,69860.4,70029.4,70147.0,117.6,117.6,169.0,1
U2231,89,FUSE1,11,Station 4: Inspection,69965.0,70050.2,70167.8,117.6,117.6,85.2,0
U2222,89,FUSE0,16,Station 6: Packaging,70041.4,70078.2,70194.2,116.0,116.0,36.8,0
U2239,89,FUSE2,9,Station 3.3: Robot cell,69873.3,70078.4,70416.4,338.0,338.0,205.1,0
U2227,89,FUSE1,13,Station 5: Top cover,70083.6,70100.0,70274.8,174.8,174.8,16.4,0
U7280,292,FUSE0,4,Station 2.1: Drill station,70102.7,70107.9,70284.7,176.8,176.8,5.2,0
U7283,292,FUSE0,1,Station 1: Bottom cover,70109.5,70109.5,70221.7,112.2,112.2,0.0,0
U2223,89,FUSE0,17,Station 6.1: Packaging,70057.0,70117.0,70233.0,116.0,116.0,60.0,0
U2240,89,FUSE2,7,Station 3.1: Robot cell,69934.1,70119.4,70457.4,338.0,338.0,185.3,0
U2228,89,FUSE1,14,Station 5.1: Top cover,70140.4,70140.4,70315.2,174.8,174.8,0.0,0
U2232,89,FUSE1,12,Station 4.1: Inspection,70054.2,70147.0,70264.6,117.6,117.6,92.8,0
U7284,292,FUSE0,2,Station 1.1: Bottom cover,70148.3,70148.3,70260.5,112.2,112.2,0.0,0
U2233,89,FUSE1,11,Station 4: Inspection,70004.2,70167.8,70285.4,117.6,117.6,163.6,1
U7281,292,FUSE0,5,Station 2.2: Drill station,70184.7,70188.7,70365.5,176.8,176.8,4.0,0
U2229,89,FUSE1,15,Station 5.2: Top cover,70161.2,70192.8,70367.6,174.8,174.8,31.6,0
U2224,89,FUSE1,16,Station 6: Packaging,70199.0,70199.0,70315.0,116.0,116.0,0.0,0
U7282,292,FUSE0,3,Station 2: Drill station,70198.7,70203.9,70380.7,176.8,176.8,5.2,0
U2241,89,FUSE2,8,Station 3.2: Robot cell,69929.3,70224.0,70562.0,338.0,338.0,294.7,0
U7285,292,FUSE1,1,Station 1: Bottom cover,70225.5,70225.5,70337.7,112.2,112.2,0.0,0
U2225,89,FUSE1,17,Station 6.1: Packaging,70196.2,70233.0,70349.0,116.0,116.0,36.8,0
U2242,89,FUSE2,10,Station 3.4: Robot cell,70070.1,70253.2,70591.2,338.0,338.0,183.1,0
U7286,292,FUSE1,2,Station 1.1: Bottom cover,70264.3,70264.3,70376.5,112.2,112.2,0.0,0
U2234,89,FUSE2,12,Station 4.1: Inspection,70197.4,70264.6,70382.2,117.6,117.6,67.2,0
U2230,89,FUSE1,13,Station 5: Top cover,70278.0,70278.0,70452.8,174.8,174.8,0.0,0
U7283,292,FUSE0,4,Station 2.1: Drill station,70280.7,70284.7,70461.5,176.8,176.8,4.0,0
U2235,89,FUSE2,11,Station 4: Inspection,70178.4,70285.4,70403.0,117.6,117.6,107.0,0
U2243,89,FUSE2,6,Station 3: Robot cell,70090.9,70303.2,70641.2,338.0,338.0,212.3,0
U2226,89,FUSE1,16,Station 6: Packaging,70251.8,70315.0,70431.0,116.0,116.0,63.2,0
U2231,89,FUSE1,14,Station 5.1: Top cover,70298.8,70315.2,70490.0,174.8,174.8,16.4,0
U7287,292,FUSE1,1,Station 1: Bottom cover,70346.3,70346.3,70458.5,112.2,112.2,0.0,0
U2227,89,FUSE1,17,Station 6.1: Packaging,70353.8,70353.8,70469.8,116.0,116.0,0.0,0
U7284,292,FUSE0,5,Station 2.2: Drill station,70359.5,70365.5,70542.3,176.8,176.8,6.0,0
U2232,89,FUSE1,15,Station 5.2: Top cover,70355.6,70367.6,70542.4,174.8,174.8,12.0,0
U7288,292,FUSE1,2,Station 1.1: Bottom cover,70380.3,70380.3,70492.5,112.2,112.2,0.0,0
U7285,292,FUSE1,3,Station 2: Drill station,70376.7,70380.7,70557.5,176.8,176.8,4.0,0
U2236,89,FUSE2,12,Station 4.1: Inspection,70323.0,70382.2,70499.8,117.6,117.6,59.2,0
U2237,89,FUSE2,11,Station 4: Inspection,70372.2,70403.0,70520.6,117.6,117.6,30.8,0
U2244,89,FUSE2,9,Station 3.3: Robot cell,70126.1,70416.4,70754.4,338.0,338.0,290.3,0
U2228,89,FUSE1,16,Station 6: Packaging,70394.2,70431.0,70547.0,116.0,116.0,36.8,0
U2233,89,FUSE1,13,Station 5: Top cover,70436.4,70452.8,70627.6,174.8,174.8,16.4,0
U7277,292,FUSE0,7,Station 3.1: Robot cell,70186.9,70457.4,70701.0,243.6,243.6,270.5,0
U7286,292,FUSE1,4,Station 2.1: Drill station,70455.5,70461.5,70638.3,176.8,176.8,6.0,0
U7289,292,FUSE1,1,Station 1: Bottom cover,70462.3,70462.3,70574.5,112.2,112.2,0.0,0
U2229,89,FUSE1,17,Station 6.1: Packaging,70406.6,70469.8,70585.8,116.0,116.0,63.2,0
U2234,89,FUSE2,14,Station 5.1: Top cover,70493.2,70493.2,70668.0,174.8,174.8,0.0,0
U2238,89,FUSE2,12,Station 4.1: Inspection,70362.2,70499.8,70617.4,117.6,117.6,137.6,1
U7290,292,FUSE1,2,Station 1.1: Bottom cover,70501.1,70501.1,70613.3,112.2,112.2,0.0,0
U2239,89,FUSE2,11,Station 4: Inspection,70515.4,70520.6,70638.2,117.6,117.6,5.2,0
U7287,292,FUSE1,5,Station 2.2: Drill station,70537.5,70542.3,70719.1,176.8,176.8,4.8,0
U2235,89,FUSE2,15,Station 5.2: Top cover,70514.0,70542.4,70717.2,174.8,174.8,28.4,0
U2230,89,FUSE1,16,Station 6: Packaging,70551.8,70551.8,70667.8,116.0,116.0,0.0,0
U7288,292,FUSE1,3,Station 2: Drill station,70551.5,70557.5,70734.3,176.8,176.8,6.0,0
U7278,292,FUSE0,8,Station 3.2: Robot cell,70307.7,70562.0,70805.6,243.6,243.6,254.3,0
U7291,292,FUSE1,1,Station 1: Bottom cover,70578.3,70578.3,70690.5,112.2,112.2,0.0,0
U2231,89,FUSE1,17,Station 6.1: Packaging,70549.0,70585.8,70701.8,116.0,116.0,36.8,0
U7279,292,FUSE0,10,Station 3.4: Robot cell,70322.9,70591.2,70834.8,243.6,243.6,268.3,0
U7292,292,FUSE1,2,Station 1.1: Bottom cover,70617.1,70617.1,70729.3,112.2,112.2,0.0,0
U2240,89,FUSE2,12,Station 4.1: Inspection,70536.4,70617.4,70735.0,117.6,117.6,81.0,0
U2236,89,FUSE2,13,Station 5: Top cover,70630.8,70630.8,70805.6,174.8,174.8,0.0,0
U7289,292,FUSE1,4,Station 2.1: Drill station,70633.5,70638.3,70815.1,176.8,176.8,4.8,0
U2241,89,FUSE2,11,Station 4: Inspection,70641.0,70641.0,70758.6,117.6,117.6,0.0,0
U7280,292,FUSE0,6,Station 3: Robot cell,70343.7,70641.2,70884.8,243.6,243.6,297.5,0
U2232,89,FUSE1,16,Station 6: Packaging,70601.4,70667.8,70783.8,116.0,116.0,66.4,0
U2237,89,FUSE2,14,Station 5.1: Top cover,70651.6,70668.0,70842.8,174.8,174.8,16.4,0
U7293,292,FUSE2,1,Station 1: Bottom cover,70699.1,70699.1,70811.3,112.2,112.2,0.0,0
U7281,292,FUSE0,7,Station 3.1: Robot cell,70464.5,70701.0,70944.6,243.6,243.6,236.5,0
U2233,89,FUSE1,17,Station 6.1: Packaging,70706.6,70706.6,70822.6,116.0,116.0,0.0,0
U2238,89,FUSE2,15,Station 5.2: Top cover,70708.4,70717.2,70892.0,174.8,174.8,8.8,0
U7290,292,FUSE1,5,Station 2.2: Drill station,70712.3,70719.1,70895.9,176.8,176.8,6.8,0
U7294,292,FUSE2,2,Station 1.1: Bottom cover,70733.1,70733.1,70845.3,112.2,112.2,0.0,0
U7291,292,FUSE1,3,Station 2: Drill station,70729.5,70734.3,70911.1,176.8,176.8,4.8,0
U2242,89,FUSE2,12,Station 4.1: Inspection,70730.2,70735.0,70852.6,117.6,117.6,4.8,0
U7282,292,FUSE0,9,Station 3.3: Robot cell,70479.7,70754.4,70998.0,243.6,243.6,274.7,0
U2243,89,FUSE2,11,Station 4: Inspection,70680.2,70758.6,70876.2,117.6,117.6,78.4,0
U2234,89,FUSE2,16,Station 6: Packaging,70747.0,70783.8,70899.8,116.0,116.0,36.8,0
U2239,89,FUSE2,13,Station 5: Top cover,70789.2,70805.6,70980.4,174.8,174.8,16.4,0
U7283,292,FUSE0,8,Station 3.2: Robot cell,70560.5,70805.6,71049.2,243.6,243.6,245.1,1
U7295,292,FUSE2,1,Station 1: Bottom cover,70815.1,70815.1,70927.3,112.2,112.2,0.0,0
U7292,292,FUSE1,4,Station 2.1: Drill station,70808.3,70815.1,70991.9,176.8,176.8,6.8,0
U2235,89,FUSE2,17,Station 6.1: Packaging,70756.2,70822.6,70938.6,116.0,116.0,66.4,0
U7284,292,FUSE0,10,Station 3.4: Robot cell,70701.3,70834.8,71078.4,243.6,243.6,133.5,0
U2240,89,FUSE2,14,Station 5.1: Top cover,70846.0,70846.0,71020.8,174.8,174.8,0.0,0
U7277,292,FUSE0,12,Station 4.1: Inspection,70780.0,70852.6,70970.2,117.6,117.6,72.6,0
U7296,292,FUSE2,2,Station 1.1: Bottom cover,70853.9,70853.9,70966.1,112.2,112.2,0.0,0
U2244,89,FUSE2,11,Station 4: Inspection,70853.4,70876.2,70993.8,117.6,117.6,22.8,0
U7285,292,FUSE1,6,Station 3: Robot cell,70596.5,70884.8,71190.4,305.6,305.6,288.3,1
U2241,89,FUSE2,15,Station 5.2: Top cover,70869.6,70892.0,71066.8,174.8,174.8,22.4,0
U7293,292,FUSE2,5,Station 2.2: Drill station,70890.3,70895.9,71072.7,176.8,176.8,5.6,0
U2236,89,FUSE2,16,Station 6: Packaging,70904.6,70904.6,71020.6,116.0,116.0,0.0,0
U7294,292,FUSE2,3,Station 2: Drill station,70904.3,70911.1,71087.9,176.8,176.8,6.8,0
U7297,292,FUSE2,1,Station 1: Bottom cover,70931.1,70931.1,71043.3,112.2,112.2,0.0,0
U2237,89,FUSE2,17,Station 6.1: Packaging,70901.8,70938.6,71054.6,116.0,116.0,36.8,0
U7286,292,FUSE1,7,Station 3.1: Robot cell,70717.3,70944.6,71250.2,305.6,305.6,227.3,0
U7298,292,FUSE2,2,Station 1.1: Bottom cover,70969.9,70969.9,71082.1,112.2,112.2,0.0,0
U7278,292,FUSE0,12,Station 4.1: Inspection,70904.6,70970.2,71087.8,117.6,117.6,65.6,0
U2242,89,FUSE2,13,Station 5: Top cover,70983.6,70983.6,71158.4,174.8,174.8,0.0,0
U7295,292,FUSE2,4,Station 2.1: Drill station,70986.3,70991.9,71168.7,176.8,176.8,5.6,0
U7279,292,FUSE0,11,Station 4: Inspection,70953.8,70993.8,71111.4,117.6,117.6,40.0,0
U7287,292,FUSE1,9,Station 3.3: Robot cell,70858.1,70998.0,71303.6,305.6,305.6,139.9,0
U2238,89,FUSE2,16,Station 6: Packaging,70951.0,71020.6,71136.6,116.0,116.0,69.6,0
U2243,89,FUSE2,14,Station 5.1: Top cover,71007.2,71020.8,71195.6,174.8,174.8,13.6,0
U7288,292,FUSE1,8,Station 3.2: Robot cell,70813.3,71049.2,71354.8,305.6,305.6,235.9,0
U7299,292,FUSE2,1,Station 1: Bottom cover,71051.9,71051.9,71164.1,112.2,112.2,0.0,0
U2239,89,FUSE2,17,Station 6.1: Packaging,71059.4,71059.4,71175.4,116.0,116.0,0.0,0
U7277,292,FUSE0,15,Station 5.2: Top cover,71061.2,71066.8,71241.6,174.8,174.8,5.6,0
U7296,292,FUSE2,5,Station 2.2: Drill station,71065.1,71072.7,71249.5,176.8,176.8,7.6,0
U7289,292,FUSE1,10,Station 3.4: Robot cell,70954.1,71078.4,71384.0,305.6,305.6,124.3,0
U7000,281,FUSE0,2,Station 1.1: Bottom cover,71085.9,71085.9,71198.1,112.2,112.2,0.0,0
U7280,292,FUSE0,12,Station 4.1: Inspection,70943.8,71087.8,71205.4,117.6,117.6,144.0,1
U7297,292,FUSE2,3,Station 2: Drill station,71082.3,71087.9,71264.7,176.8,176.8,5.6,0
U7281,292,FUSE0,11,Station 4: Inspection,71003.6,71111.4,71229.0,117.6,117.6,107.8,0
U2240,89,FUSE2,16,Station 6: Packaging,71099.8,71136.6,71252.6,116.0,116.0,36.8,0
U2244,89,FUSE2,13,Station 5: Top cover,71144.8,71158.4,71333.2,174.8,174.8,13.6,0
U7001,281,FUSE0,1,Station 1: Bottom cover,71167.9,71167.9,71280.1,112.2,112.2,0.0,0
U7298,292,FUSE2,4,Station 2.1: Drill station,71161.1,71168.7,71345.5,176.8,176.8,7.6,0
U2241,89,FUSE2,17,Station 6.1: Packaging,71105.8,71175.4,71291.4,116.0,116.0,69.6,0
U7290,292,FUSE1,6,Station 3: Robot cell,70974.9,71190.4,71496.0,305.6,305.6,215.5,0
U7278,292,FUSE0,14,Station 5.1: Top cover,71198.8,71198.8,71373.6,174.8,174.8,0.0,0
U7282,292,FUSE0,12,Station 4.1: Inspection,71117.0,71205.4,71323.0,117.6,117.6,88.4,0
U7002,281,FUSE0,2,Station 1.1: Bottom cover,71206.7,71206.7,71318.9,112.2,112.2,0.0,0
U7283,292,FUSE0,11,Station 4: Inspection,71128.2,71229.0,71346.6,117.6,117.6,100.8,0
U7279,292,FUSE0,15,Station 5.2: Top cover,71222.4,71241.6,71416.4,174.8,174.8,19.2,0
U7299,292,FUSE2,5,Station 2.2: Drill station,71243.1,71249.5,71426.3,176.8,176.8,6.4,0
U7291,292,FUSE1,7,Station 3.1: Robot cell,70970.1,71250.2,71555.8,305.6,305.6,280.1,0
U2242,89,FUSE2,16,Station 6: Packaging,71257.4,71257.4,71373.4,116.0,116.0,0.0,0
U7000,281,FUSE0,3,Station 2: Drill station,71257.1,71264.7,71441.5,176.8,176.8,7.6,0
U7003,281,FUSE0,1,Station 1: Bottom cover,71283.9,71283.9,71396.1,112.2,112.2,0.0,0
U2243,89,FUSE2,17,Station 6.1: Packaging,71254.6,71291.4,71407.4,116.0,116.0,36.8,0
U7292,292,FUSE1,9,Station 3.3: Robot cell,71110.9,71303.6,71609.2,305.6,305.6,192.7,0
U7004,281,FUSE0,2,Station 1.1: Bottom cover,71322.7,71322.7,71434.9,112.2,112.2,0.0,0
U7284,292,FUSE0,12,Station 4.1: Inspection,71217.4,71323.0,71440.6,117.6,117.6,105.6,0
U7280,292,FUSE0,13,Station 5: Top cover,71336.4,71336.4,71511.2,174.8,174.8,0.0,0
U7001,281,FUSE0,4,Station 2.1: Drill station,71339.1,71345.5,71522.3,176.8,176.8,6.4,0
U7285,292,FUSE1,11,Station 4: Inspection,71229.4,71346.6,71464.2,117.6,117.6,117.2,0
U7293,292,FUSE2,8,Station 3.2: Robot cell,71191.7,71354.8,71692.8,338.0,338.0,163.1,0
U7277,292,FUSE0,16,Station 6: Packaging,71300.6,71373.4,71489.4,116.0,116.0,72.8,0
U7281,292,FUSE0,14,Station 5.1: Top cover,71360.0,71373.6,71548.4,174.8,174.8,13.6,0
U7294,292,FUSE2,10,Station 3.4: Robot cell,71206.9,71384.0,71722.0,338.0,338.0,177.1,0
U7005,281,FUSE0,1,Station 1: Bottom cover,71404.7,71404.7,71516.9,112.2,112.2,0.0,0
U2244,89,FUSE2,17,Station 6.1: Packaging,71412.2,71412.2,71528.2,116.0,116.0,0.0,0
U7282,292,FUSE0,15,Station 5.2: Top cover,71414.0,71416.4,71591.2,174.8,174.8,2.4,0
U7002,281,FUSE0,5,Station 2.2: Drill station,71417.9,71426.3,71603.1,176.8,176.8,8.4,0
U7006,281,FUSE0,2,Station 1.1: Bottom cover,71438.7,71438.7,71550.9,112.2,112.2,0.0,0
U7286,292,FUSE1,12,Station 4.1: Inspection,71329.2,71440.6,71558.2,117.6,117.6,111.4,0
U7003,281,FUSE0,3,Station 2: Drill station,71435.1,71441.5,71618.3,176.8,176.8,6.4,0
U7287,292,FUSE1,11,Station 4: Inspection,71402.6,71464.2,71581.8,117.6,117.6,61.6,0
U7278,292,FUSE0,16,Station 6: Packaging,71452.6,71489.4,71605.4,116.0,116.0,36.8,0
U7295,292,FUSE2,6,Station 3: Robot cell,71227.7,71496.0,71834.0,338.0,338.0,268.3,0
U7283,292,FUSE0,13,Station 5: Top cover,71497.6,71511.2,71686.0,174.8,174.8,13.6,0
U7007,281,FUSE0,1,Station 1: Bottom cover,71520.7,71520.7,71632.9,112.2,112.2,0.0,0
U7004,281,FUSE0,4,Station 2.1: Drill station,71513.9,71522.3,71699.1,176.8,176.8,8.4,0
U7279,292,FUSE0,17,Station 6.1: Packaging,71455.4,71528.2,71644.2,116.0,116.0,72.8,0
U7284,292,FUSE0,14,Station 5.1: Top cover,71551.6,71551.6,71726.4,174.8,174.8,0.0,0
U7296,292,FUSE2,7,Station 3.1: Robot cell,71348.5,71555.8,71893.8,338.0,338.0,207.3,0
U7288,292,FUSE1,12,Station 4.1: Inspection,71453.8,71558.2,71675.8,117.6,117.6,104.4,0
U7008,281,FUSE0,2,Station 1.1: Bottom cover,71559.5,71559.5,71671.7,112.2,112.2,0.0,0
U7289,292,FUSE1,11,Station 4: Inspection,71503.0,71581.8,71699.4,117.6,117.6,78.8,0
U7285,292,FUSE1,15,Station 5.2: Top cover,71575.2,71591.2,71766.0,174.8,174.8,16.0,0
U7005,281,FUSE0,5,Station 2.2: Drill station,71595.9,71603.1,71779.9,176.8,176.8,7.2,0
U7297,292,FUSE2,9,Station 3.3: Robot cell,71363.7,71609.2,71947.2,338.0,338.0,245.5,0
U7280,292,FUSE0,16,Station 6: Packaging,71610.2,71610.2,71726.2,116.0,116.0,0.0,0
U7006,281,FUSE0,3,Station 2: Drill station,71609.9,71618.3,71795.1,176.8,176.8,8.4,0
U7009,281,FUSE1,1,Station 1: Bottom cover,71636.7,71636.7,71748.9,112.2,112.2,0.0,0
U7281,292,FUSE0,17,Station 6.1: Packaging,71607.4,71644.2,71760.2,116.0,116.0,36.8,0
U7010,281,FUSE1,2,Station 1.1: Bottom cover,71675.5,71675.5,71787.7,112.2,112.2,0.0,0
U7290,292,FUSE1,12,Station 4.1: Inspection,71555.0,71675.8,71793.4,117.6,117.6,120.8,1
U7286,292,FUSE1,13,Station 5: Top cover,71689.2,71689.2,71864.0,174.8,174.8,0.0,0
U7298,292,FUSE2,8,Station 3.2: Robot cell,71444.5,71692.8,72000.0,307.2,338.0,248.3,0
U7007,281,FUSE0,4,Station 2.1: Drill station,71691.9,71699.1,71875.9,176.8,176.8,7.2,0
U7291,292,FUSE1,11,Station 4: Inspection,71614.8,71699.4,71817.0,117.6,117.6,84.6,0
U7299,292,FUSE2,10,Station 3.4: Robot cell,71585.3,71722.0,72000.0,278.0,338.0,136.7,0
U7282,292,FUSE0,16,Station 6: Packaging,71650.2,71726.2,71842.2,116.0,116.0,76.0,0
U7287,292,FUSE1,14,Station 5.1: Top cover,71712.8,71726.4,71901.2,174.8,174.8,13.6,0
U7011,281,FUSE1,1,Station 1: Bottom cover,71757.5,71757.5,71869.7,112.2,112.2,0.0,0
U7283,292,FUSE0,17,Station 6.1: Packaging,71765.0,71765.0,71881.0,116.0,116.0,0.0,0
U7288,292,FUSE1,15,Station 5.2: Top cover,71766.8,71766.8,71941.6,174.8,174.8,0.0,0
U7008,281,FUSE0,5,Station 2.2: Drill station,71770.7,71779.9,71956.7,176.8,176.8,9.2,0
U7012,281,FUSE1,2,Station 1.1: Bottom cover,71791.5,71791.5,71903.7,112.2,112.2,0.0,0
U7292,292,FUSE1,12,Station 4.1: Inspection,71728.2,71793.4,71911.0,117.6,117.6,65.2,0
U7009,281,FUSE1,3,Station 2: Drill station,71787.9,71795.1,71971.9,176.8,176.8,7.2,0
U7293,292,FUSE2,11,Station 4: Inspection,71771.8,71817.0,71934.6,117.6,117.6,45.2,0
U7000,281,FUSE0,6,Station 3: Robot cell,71480.5,71834.0,72000.0,166.0,243.6,353.5,1
U7284,292,FUSE0,16,Station 6: Packaging,71805.4,71842.2,71958.2,116.0,116.0,36.8,0
U7289,292,FUSE1,13,Station 5: Top cover,71850.4,71864.0,72000.0,136.0,174.8,13.6,0
U7013,281,FUSE1,1,Station 1: Bottom cover,71873.5,71873.5,71985.7,112.2,112.2,0.0,0
U7010,281,FUSE1,4,Station 2.1: Drill station,71866.7,71875.9,72000.0,124.1,176.8,9.2,0
U7285,292,FUSE1,17,Station 6.1: Packaging,71805.0,71881.0,71997.0,116.0,116.0,76.0,0
U7001,281,FUSE0,7,Station 3.1: Robot cell,71601.3,71893.8,72000.0,106.2,243.6,292.5,0
U7290,292,FUSE1,14,Station 5.1: Top cover,71904.4,71904.4,72000.0,95.6,174.8,0.0,0
U7294,292,FUSE2,12,Station 4.1: Inspection,71861.0,71911.0,72000.0,89.0,117.6,50.0,0
U7014,281,FUSE1,2,Station 1.1: Bottom cover,71912.3,71912.3,72000.0,87.7,112.2,0.0,0
U7295,292,FUSE2,11,Station 4: Inspection,71873.0,71934.6,72000.0,65.4,117.6,61.6,0
U7291,292,FUSE1,15,Station 5.2: Top cover,71928.0,71941.6,72000.0,58.4,174.8,13.6,0
U7002,281,FUSE0,9,Station 3.3: Robot cell,71742.1,71947.2,72000.0,52.8,243.6,205.1,0
U7011,281,FUSE1,5,Station 2.2: Drill station,71948.7,71956.7,72000.0,43.3,176.8,8.0,0
U7286,292,FUSE1,16,Station 6: Packaging,71963.0,71963.0,72000.0,37.0,116.0,0.0,0
U7012,281,FUSE1,3,Station 2: Drill station,71962.7,71971.9,72000.0,28.1,176.8,9.2,0
U7015,281,FUSE1,1,Station 1: Bottom cover,71989.5,71989.5,72000.0,10.5,112.2,0.0,0
U7287,292,FUSE1,17,Station 6.1: Packaging,71960.2,71997.0,72000.0,3.0,116.0,36.8,0
U7014,281,FUSE1,2,Station 1.1: Bottom cover,71912.3,72000.0,72024.5,24.5,24.5,87.7,0
U7294,292,FUSE2,12,Station 4.1: Inspection,71861.0,72000.0,72028.6,28.6,28.6,139.0,0
U7298,292,FUSE2,8,Station 3.2: Robot cell,71444.5,72000.0,72030.8,30.8,30.8,555.5,0
U7289,292,FUSE1,13,Station 5: Top cover,71850.4,72000.0,72038.8,38.8,38.8,149.6,0
U7295,292,FUSE2,11,Station 4: Inspection,71873.0,72000.0,72052.2,52.2,52.2,127.0,0
U7010,281,FUSE1,4,Station 2.1: Drill station,71866.7,72000.0,72052.7,52.7,52.7,133.3,0
U7299,292,FUSE2,10,Station 3.4: Robot cell,71585.3,72000.0,72060.0,60.0,60.0,414.7,0
U7000,281,FUSE0,6,Station 3: Robot cell,71480.5,72000.0,72077.6,77.6,77.6,519.5,1
U7286,292,FUSE1,16,Station 6: Packaging,71963.0,72000.0,72079.0,79.0,79.0,37.0,0
U7290,292,FUSE1,14,Station 5.1: Top cover,71904.4,72000.0,72079.2,79.2,79.2,95.6,0
U7015,281,FUSE1,1,Station 1: Bottom cover,71989.5,72000.0,72101.7,101.7,101.7,10.5,0
U7287,292,FUSE1,17,Station 6.1: Packaging,71960.2,72000.0,72113.0,113.0,113.0,39.8,0
U7291,292,FUSE1,15,Station 5.2: Top cover,71928.0,72000.0,72116.4,116.4,116.4,72.0,0
U7011,281,FUSE1,5,Station 2.2: Drill station,71948.7,72000.0,72133.5,133.5,133.5,51.3,0
U7001,281,FUSE0,7,Station 3.1: Robot cell,71601.3,72000.0,72137.4,137.4,137.4,398.7,0
U7012,281,FUSE1,3,Station 2: Drill station,71962.7,72000.0,72148.7,148.7,148.7,37.3,0
U7002,281,FUSE0,9,Station 3.3: Robot cell,71742.1,72000.0,72190.8,190.8,190.8,257.9,0
U7016,281,FUSE1,2,Station 1.1: Bottom cover,72028.3,72028.3,72140.5,112.2,112.2,0.0,0
U7296,292,FUSE2,12,Station 4.1: Inspection,71972.8,72028.6,72146.2,117.6,117.6,55.8,0
U7003,281,FUSE0,8,Station 3.2: Robot cell,71697.3,72030.8,72274.4,243.6,243.6,333.5,0
U7292,292,FUSE1,13,Station 5: Top cover,72042.0,72042.0,72216.8,174.8,174.8,0.0,0
U7297,292,FUSE2,11,Station 4: Inspection,72046.2,72052.2,72169.8,117.6,117.6,6.0,0
U7013,281,FUSE1,4,Station 2.1: Drill station,72044.7,72052.7,72229.5,176.8,176.8,8.0,0
U7004,281,FUSE0,10,Station 3.4: Robot cell,71838.1,72060.0,72303.6,243.6,243.6,221.9,0
U7005,281,FUSE0,6,Station 3: Robot cell,71858.9,72077.6,72321.2,243.6,243.6,218.7,0
U7288,292,FUSE1,16,Station 6: Packaging,72000.6,72079.0,72195.0,116.0,116.0,78.4,0
U7293,292,FUSE2,14,Station 5.1: Top cover,72065.6,72079.2,72254.0,174.8,174.8,13.6,0
U7017,281,FUSE1,1,Station 1: Bottom cover,72110.3,72110.3,72222.5,112.2,112.2,0.0,0
U7289,292,FUSE1,17,Station 6.1: Packaging,72117.8,72117.8,72233.8,116.0,116.0,0.0,0
U7294,292,FUSE2,15,Station 5.2: Top cover,72119.6,72119.6,72294.4,174.8,174.8,0.0,0
U7014,281,FUSE1,5,Station 2.2: Drill station,72123.5,72133.5,72310.3,176.8,176.8,10.0,0
U7006,281,FUSE0,7,Station 3.1: Robot cell,71854.1,72137.4,72381.0,243.6,243.6,283.3,1
U7018,281,FUSE2,2,Station 1.1: Bottom cover,72144.3,72144.3,72256.5,112.2,112.2,0.0,0
U7298,292,FUSE2,12,Station 4.1: Inspection,72129.8,72146.2,72263.8,117.6,117.6,16.4,0
U7015,281,FUSE1,3,Station 2: Drill station,72140.7,72148.7,72325.5,176.8,176.8,8.0,0
U7299,292,FUSE2,11,Station 4: Inspection,72179.0,72179.0,72296.6,117.6,117.6,0.0,0
U7007,281,FUSE0,9,Station 3.3: Robot cell,71994.9,72190.8,72434.4,243.6,243.6,195.9,0
U7290,292,FUSE1,16,Station 6: Packaging,72158.2,72195.0,72311.0,116.0,116.0,36.8,0
U7295,292,FUSE2,13,Station 5: Top cover,72203.2,72216.8,72391.6,174.8,174.8,13.6,0
U7019,281,FUSE2,1,Station 1: Bottom cover,72226.3,72226.3,72338.5,112.2,112.2,0.0,0
U7016,281,FUSE1,4,Station 2.1: Drill station,72219.5,72229.5,72406.3,176.8,176.8,10.0,0
U7291,292,FUSE1,17,Station 6.1: Packaging,72155.4,72233.8,72349.8,116.0,116.0,78.4,0
U7296,292,FUSE2,14,Station 5.1: Top cover,72257.2,72257.2,72432.0,174.8,174.8,0.0,0
U7000,281,FUSE0,12,Station 4.1: Inspection,72136.6,72263.8,72381.4,117.6,117.6,127.2,1
U7020,281,FUSE2,2,Station 1.1: Bottom cover,72265.1,72265.1,72377.3,112.2,112.2,0.0,0
U7008,281,FUSE0,8,Station 3.2: Robot cell,72075.7,72274.4,72518.0,243.6,243.6,198.7,0
U7297,292,FUSE2,15,Station 5.2: Top cover,72280.8,72294.4,72469.2,174.8,174.8,13.6,0
U7001,281,FUSE0,11,Station 4: Inspection,72196.4,72296.6,72414.2,117.6,117.6,100.2,0
U7009,281,FUSE1,10,Station 3.4: Robot cell,72090.9,72303.6,72609.2,305.6,305.6,212.7,0
U7017,281,FUSE1,5,Station 2.2: Drill station,72301.5,72310.3,72487.1,176.8,176.8,8.8,0
U7292,292,FUSE1,16,Station 6: Packaging,72315.8,72315.8,72431.8,116.0,116.0,0.0,0
U7010,281,FUSE1,6,Station 3: Robot cell,72111.7,72321.2,72626.8,305.6,305.6,209.5,0
U7018,281,FUSE2,3,Station 2: Drill station,72315.5,72325.5,72502.3,176.8,176.8,10.0,0
U7021,281,FUSE2,1,Station 1: Bottom cover,72342.3,72342.3,72454.5,112.2,112.2,0.0,0
U7293,292,FUSE2,17,Station 6.1: Packaging,72313.0,72349.8,72465.8,116.0,116.0,36.8,0
U7011,281,FUSE1,7,Station 3.1: Robot cell,72232.5,72381.0,72686.6,305.6,305.6,148.5,0
U7022,281,FUSE2,2,Station 1.1: Bottom cover,72381.1,72381.1,72493.3,112.2,112.2,0.0,0
U7002,281,FUSE0,12,Station 4.1: Inspection,72309.8,72381.4,72499.0,117.6,117.6,71.6,0
U7298,292,FUSE2,13,Station 5: Top cover,72394.8,72394.8,72569.6,174.8,174.8,0.0,0
U7019,281,FUSE2,4,Station 2.1: Drill station,72397.5,72406.3,72583.1,176.8,176.8,8.8,0
U7003,281,FUSE0,11,Station 4: Inspection,72353.4,72414.2,72531.8,117.6,117.6,60.8,0
U7294,292,FUSE2,16,Station 6: Packaging,72353.4,72431.8,72547.8,116.0,116.0,78.4,0
U7299,292,FUSE2,14,Station 5.1: Top cover,72427.6,72432.0,72606.8,174.8,174.8,4.4,0
U7012,281,FUSE1,9,Station 3.3: Robot cell,72247.7,72434.4,72740.0,305.6,305.6,186.7,0
U7023,281,FUSE2,1,Station 1: Bottom cover,72463.1,72463.1,72575.3,112.2,112.2,0.0,0
U7295,292,FUSE2,17,Station 6.1: Packaging,72470.6,72470.6,72586.6,116.0,116.0,0.0,0
U7000,281,FUSE0,15,Station 5.2: Top cover,72472.4,72472.4,72647.2,174.8,174.8,0.0,0
U7020,281,FUSE2,5,Station 2.2: Drill station,72476.3,72487.1,72663.9,176.8,176.8,10.8,0
U7024,281,FUSE2,2,Station 1.1: Bottom cover,72497.1,72497.1,72609.3,112.2,112.2,0.0,0
U7004,281,FUSE0,12,Station 4.1: Inspection,72442.6,72499.0,72616.6,117.6,117.6,56.4,0
U7021,281,FUSE2,3,Station 2: Drill station,72493.5,72502.3,72679.1,176.8,176.8,8.8,0
U7013,281,FUSE1,8,Station 3.2: Robot cell,72328.5,72518.0,72823.6,305.6,305.6,189.5,0
U7005,281,FUSE0,11,Station 4: Inspection,72360.2,72531.8,72649.4,117.6,117.6,171.6,1
U7296,292,FUSE2,16,Station 6: Packaging,72511.0,72547.8,72663.8,116.0,116.0,36.8,0
U7001,281,FUSE0,13,Station 5: Top cover,72565.2,72569.6,72744.4,174.8,174.8,4.4,0
U7025,281,FUSE2,1,Station 1: Bottom cover,72579.1,72579.1,72691.3,112.2,112.2,0.0,0
U7022,281,FUSE2,4,Station 2.1: Drill station,72572.3,72583.1,72759.9,176.8,176.8,10.8,0
U7297,292,FUSE2,17,Station 6.1: Packaging,72508.2,72586.6,72702.6,116.0,116.0,78.4,0
U7014,281,FUSE1,10,Station 3.4: Robot cell,72469.3,72609.2,72914.8,305.6,305.6,139.9,0
U7002,281,FUSE0,14,Station 5.1: Top cover,72610.0,72610.0,72784.8,174.8,174.8,0.0,0
U7006,281,FUSE0,12,Station 4.1: Inspection,72460.0,72616.6,72734.2,117.6,117.6,156.6,1
U7026,281,FUSE2,2,Station 1.1: Bottom cover,72617.9,72617.9,72730.1,112.2,112.2,0.0,0
U7015,281,FUSE1,6,Station 3: Robot cell,72364.5,72626.8,72932.4,305.6,305.6,262.3,0
U7003,281,FUSE0,15,Station 5.2: Top cover,72642.8,72647.2,72822.0,174.8,174.8,4.4,0
U7007,281,FUSE0,11,Station 4: Inspection,72533.4,72649.4,72767.0,117.6,117.6,116.0,0
U7023,281,FUSE2,5,Station 2.2: Drill station,72654.3,72663.9,72840.7,176.8,176.8,9.6,0
U7298,292,FUSE2,16,Station 6: Packaging,72668.6,72668.6,72784.6,116.0,116.0,0.0,0
U7024,281,FUSE2,3,Station 2: Drill station,72668.3,72679.1,72855.9,176.8,176.8,10.8,0
U7016,281,FUSE1,7,Station 3.1: Robot cell,72485.3,72686.6,72992.2,305.6,305.6,201.3,0
U7230,290,FUSE0,1,Station 1: Bottom cover,72695.1,72695.1,72807.3,112.2,112.2,0.0,0
U7299,292,FUSE2,17,Station 6.1: Packaging,72665.8,72702.6,72818.6,116.0,116.0,36.8,0
U7231,290,FUSE0,2,Station 1.1: Bottom cover,72733.9,72733.9,72846.1,112.2,112.2,0.0,0
U7008,281,FUSE0,12,Station 4.1: Inspection,72617.0,72734.2,72851.8,117.6,117.6,117.2,0
U7017,281,FUSE1,9,Station 3.3: Robot cell,72626.1,72740.0,73045.6,305.6,305.6,113.9,0
U7004,281,FUSE0,13,Station 5: Top cover,72747.6,72747.6,72922.4,174.8,174.8,0.0,0
U7025,281,FUSE2,4,Station 2.1: Drill station,72750.3,72759.9,72936.7,176.8,176.8,9.6,0
U7009,281,FUSE1,11,Station 4: Inspection,72728.2,72767.0,72884.6,117.6,117.6,38.8,0
U7000,281,FUSE0,16,Station 6: Packaging,72706.2,72784.6,72900.6,116.0,116.0,78.4,0
U7005,281,FUSE0,14,Station 5.1: Top cover,72780.4,72784.8,72959.6,174.8,174.8,4.4,0
U7232,290,FUSE0,1,Station 1: Bottom cover,72815.9,72815.9,72928.1,112.2,112.2,0.0,0
U7001,281,FUSE0,17,Station 6.1: Packaging,72823.4,72823.4,72939.4,116.0,116.0,0.0,0
U7018,281,FUSE2,8,Station 3.2: Robot cell,72581.3,72823.6,73161.6,338.0,338.0,242.3,0
U7006,281,FUSE0,15,Station 5.2: Top cover,72825.2,72825.2,73000.0,174.8,174.8,0.0,0
U7026,281,FUSE2,5,Station 2.2: Drill station,72829.1,72840.7,73017.5,176.8,176.8,11.6,0
U7233,290,FUSE0,2,Station 1.1: Bottom cover,72849.9,72849.9,72962.1,112.2,112.2,0.0,0
U7010,281,FUSE1,12,Station 4.1: Inspection,72685.8,72851.8,72969.4,117.6,117.6,166.0,1
U7230,290,FUSE0,3,Station 2: Drill station,72846.3,72855.9,73032.7,176.8,176.8,9.6,0
U7011,281,FUSE1,11,Station 4: Inspection,72745.6,72884.6,73002.2,117.6,117.6,139.0,1
U7002,281,FUSE0,16,Station 6: Packaging,72863.8,72900.6,73016.6,116.0,116.0,36.8,0
U7019,281,FUSE2,10,Station 3.4: Robot cell,72722.1,72914.8,73252.8,338.0,338.0,192.7,0
U7007,281,FUSE0,13,Station 5: Top cover,72918.0,72922.4,73097.2,174.8,174.8,4.4,0
U7234,290,FUSE0,1,Station 1: Bottom cover,72931.9,72931.9,73044.1,112.2,112.2,0.0,0
U7020,281,FUSE2,6,Station 3: Robot cell,72742.9,72932.4,73270.4,338.0,338.0,189.5,0
U7231,290,FUSE0,4,Station 2.1: Drill station,72925.1,72936.7,73113.5,176.8,176.8,11.6,0
U7003,281,FUSE0,17,Station 6.1: Packaging,72861.0,72939.4,73055.4,116.0,116.0,78.4,0
U7008,281,FUSE0,14,Station 5.1: Top cover,72962.8,72962.8,73137.6,174.8,174.8,0.0,0
U7012,281,FUSE1,12,Station 4.1: Inspection,72859.0,72969.4,73087.0,117.6,117.6,110.4,0
U7235,290,FUSE0,2,Station 1.1: Bottom cover,72970.7,72970.7,73082.9,112.2,112.2,0.0,0
U7021,281,FUSE2,7,Station 3.1: Robot cell,72738.1,72992.2,73330.2,338.0,338.0,254.1,0
U7009,281,FUSE1,15,Station 5.2: Top cover,72995.6,73000.0,73174.8,174.8,174.8,4.4,0
U7013,281,FUSE1,11,Station 4: Inspection,72902.6,73002.2,73119.8,117.6,117.6,99.6,0
U7232,290,FUSE0,5,Station 2.2: Drill station,73007.1,73017.5,73194.3,176.8,176.8,10.4,0
U7004,281,FUSE0,16,Station 6: Packaging,73021.4,73021.4,73137.4,116.0,116.0,0.0,0
U7233,290,FUSE0,3,Station 2: Drill station,73021.1,73032.7,73209.5,176.8,176.8,11.6,0
U7022,281,FUSE2,9,Station 3.3: Robot cell,72878.9,73045.6,73383.6,338.0,338.0,166.7,0
U7236,290,FUSE0,1,Station 1: Bottom cover,73047.9,73047.9,73160.1,112.2,112.2,0.0,0
U7005,281,FUSE0,17,Station 6.1: Packaging,73018.6,73055.4,73171.4,116.0,116.0,36.8,0
U7237,290,FUSE0,2,Station 1.1: Bottom cover,73086.7,73086.7,73198.9,112.2,112.2,0.0,0
U7014,281,FUSE1,12,Station 4.1: Inspection,73053.8,73087.0,73204.6,117.6,117.6,33.2,0
U7010,281,FUSE1,13,Station 5: Top cover,73100.4,73100.4,73275.2,174.8,174.8,0.0,0
U7234,290,FUSE0,4,Station 2.1: Drill station,73103.1,73113.5,73290.3,176.8,176.8,10.4,0
U7015,281,FUSE1,11,Station 4: Inspection,72971.4,73119.8,73237.4,117.6,117.6,148.4,1
U7006,281,FUSE0,16,Station 6: Packaging,73059.0,73137.4,73253.4,116.0,116.0,78.4,0
U7011,281,FUSE1,14,Station 5.1: Top cover,73133.2,73137.6,73312.4,174.8,174.8,4.4,0
U7023,281,FUSE2,8,Station 3.2: Robot cell,72959.7,73161.6,73499.6,338.0,338.0,201.9,0
U7238,290,FUSE0,1,Station 1: Bottom cover,73168.7,73168.7,73280.9,112.2,112.2,0.0,0
U7007,281,FUSE0,17,Station 6.1: Packaging,73176.2,73176.2,73292.2,116.0,116.0,0.0,0
U7012,281,FUSE1,15,Station 5.2: Top cover,73178.0,73178.0,73352.8,174.8,174.8,0.0,0
U7235,290,FUSE0,5,Station 2.2: Drill station,73181.9,73194.3,73371.1,176.8,176.8,12.4,0
U7239,290,FUSE1,2,Station 1.1: Bottom cover,73202.7,73202.7,73314.9,112.2,112.2,0.0,0
U7016,281,FUSE1,12,Station 4.1: Inspection,73071.2,73204.6,73322.2,117.6,117.6,133.4,1
U7236,290,FUSE0,3,Station 2: Drill station,73199.1,73209.5,73386.3,176.8,176.8,10.4,0
U7017,281,FUSE1,11,Station 4: Inspection,73144.6,73237.4,73355.0,117.6,117.6,92.8,0
U7024,281,FUSE2,10,Station 3.4: Robot cell,72974.9,73252.8,73590.8,338.0,338.0,277.9,0
U7008,281,FUSE0,16,Station 6: Packaging,73216.6,73253.4,73369.4,116.0,116.0,36.8,0
U7025,281,FUSE2,6,Station 3: Robot cell,72995.7,73270.4,73608.4,338.0,338.0,274.7,0
U7013,281,FUSE1,13,Station 5: Top cover,73270.8,73275.2,73450.0,174.8,174.8,4.4,0
U7240,290,FUSE1,1,Station 1: Bottom cover,73284.7,73284.7,73396.9,112.2,112.2,0.0,0
U7237,290,FUSE0,4,Station 2.1: Drill station,73277.9,73290.3,73467.1,176.8,176.8,12.4,0
U7009,281,FUSE1,17,Station 6.1: Packaging,73213.8,73292.2,73408.2,116.0,116.0,78.4,0
U7014,281,FUSE1,14,Station 5.1: Top cover,73315.6,73315.6,73490.4,174.8,174.8,0.0,0
U7018,281,FUSE2,12,Station 4.1: Inspection,73260.6,73322.2,73439.8,117.6,117.6,61.6,0
U7241,290,FUSE1,2,Station 1.1: Bottom cover,73323.5,73323.5,73435.7,112.2,112.2,0.0,0
U7026,281,FUSE2,7,Station 3.1: Robot cell,73116.5,73330.2,73668.2,338.0,338.0,213.7,0
U7015,281,FUSE1,15,Station 5.2: Top cover,73348.4,73352.8,73527.6,174.8,174.8,4.4,0
U7238,290,FUSE0,5,Station 2.2: Drill station,73359.9,73371.1,73547.9,176.8,176.8,11.2,0
U7019,281,FUSE2,11,Station 4: Inspection,73371.8,73371.8,73489.4,117.6,117.6,0.0,0
U7010,281,FUSE1,16,Station 6: Packaging,73374.2,73374.2,73490.2,116.0,116.0,0.0,0
U7230,290,FUSE0,9,Station 3.3: Robot cell,73131.7,73383.6,73627.2,243.6,243.6,251.9,0
U7239,290,FUSE1,3,Station 2: Drill station,73373.9,73386.3,73563.1,176.8,176.8,12.4,0
U7242,290,FUSE1,1,Station 1: Bottom cover,73400.7,73400.7,73512.9,112.2,112.2,0.0,0
U7011,281,FUSE1,17,Station 6.1: Packaging,73371.4,73408.2,73524.2,116.0,116.0,36.8,0
U7243,290,FUSE1,2,Station 1.1: Bottom cover,73439.5,73439.5,73551.7,112.2,112.2,0.0,0
U7020,281,FUSE2,12,Station 4.1: Inspection,73329.4,73439.8,73557.4,117.6,117.6,110.4,0
U7016,281,FUSE1,13,Station 5: Top cover,73453.2,73453.2,73628.0,174.8,174.8,0.0,0
U7240,290,FUSE1,4,Station 2.1: Drill station,73455.9,73467.1,73643.9,176.8,176.8,11.2,0
U7021,281,FUSE2,11,Station 4: Inspection,73389.2,73489.4,73607.0,117.6,117.6,100.2,0
U7012,281,FUSE1,16,Station 6: Packaging,73411.8,73490.2,73606.2,116.0,116.0,78.4,0
U7017,281,FUSE1,14,Station 5.1: Top cover,73486.0,73490.4,73665.2,174.8,174.8,4.4,0
U7231,290,FUSE0,8,Station 3.2: Robot cell,73212.5,73499.6,73743.2,243.6,243.6,287.1,0
U7244,290,FUSE1,1,Station 1: Bottom cover,73521.5,73521.5,73633.7,112.2,112.2,0.0,0
U7013,281,FUSE1,17,Station 6.1: Packaging,73529.0,73529.0,73645.0,116.0,116.0,0.0,0
U7018,281,FUSE2,15,Station 5.2: Top cover,73530.8,73530.8,73705.6,174.8,174.8,0.0,0
U7241,290,FUSE1,5,Station 2.2: Drill station,73534.7,73547.9,73724.7,176.8,176.8,13.2,0
U7245,290,FUSE1,2,Station 1.1: Bottom cover,73555.5,73555.5,73667.7,112.2,112.2,0.0,0
U7022,281,FUSE2,12,Station 4.1: Inspection,73502.6,73557.4,73675.0,117.6,117.6,54.8,0
U7242,290,FUSE1,3,Station 2: Drill station,73551.9,73563.1,73739.9,176.8,176.8,11.2,0
U7232,290,FUSE0,10,Station 3.4: Robot cell,73353.3,73590.8,73834.4,243.6,243.6,237.5,0
U7014,281,FUSE1,16,Station 6: Packaging,73569.4,73606.2,73722.2,116.0,116.0,36.8,0
U7023,281,FUSE2,11,Station 4: Inspection,73578.6,73607.0,73724.6,117.6,117.6,28.4,0
U7233,290,FUSE0,6,Station 3: Robot cell,73248.5,73608.4,73852.0,243.6,243.6,359.9,1
U7234,290,FUSE0,9,Station 3.3: Robot cell,73409.3,73627.2,73870.8,243.6,243.6,217.9,0
U7246,290,FUSE1,1,Station 1: Bottom cover,73637.5,73637.5,73749.7,112.2,112.2,0.0,0
U7019,281,FUSE2,13,Station 5: Top cover,73640.4,73640.4,73815.2,174.8,174.8,0.0,0
U7243,290,FUSE1,4,Station 2.1: Drill station,73630.7,73643.9,73820.7,176.8,176.8,13.2,0
U7015,281,FUSE1,17,Station 6.1: Packaging,73566.6,73645.0,73761.0,116.0,116.0,78.4,0
U7235,290,FUSE0,7,Station 3.1: Robot cell,73470.1,73668.2,73911.8,243.6,243.6,198.1,0
U7020,281,FUSE2,14,Station 5.1: Top cover,73668.4,73668.4,73843.2,174.8,174.8,0.0,0
U7025,281,FUSE2,12,Station 4.1: Inspection,73667.4,73675.0,73792.6,117.6,117.6,7.6,0
U7247,290,FUSE1,2,Station 1.1: Bottom cover,73676.3,73676.3,73788.5,112.2,112.2,0.0,0
U7021,281,FUSE2,15,Station 5.2: Top cover,73718.0,73718.0,73892.8,174.8,174.8,0.0,0
U7024,281,FUSE2,11,Station 4: Inspection,73709.8,73724.6,73842.2,117.6,117.6,14.8,0
U7244,290,FUSE1,5,Station 2.2: Drill station,73712.7,73724.7,73901.5,176.8,176.8,12.0,0
U7016,281,FUSE1,16,Station 6: Packaging,73727.0,73727.0,73843.0,116.0,116.0,0.0,0
U7245,290,FUSE1,3,Station 2: Drill station,73726.7,73739.9,73916.7,176.8,176.8,13.2,0
U7236,290,FUSE0,8,Station 3.2: Robot cell,73465.3,73743.2,73986.8,243.6,243.6,277.9,1
U7248,290,FUSE2,1,Station 1: Bottom cover,73753.5,73753.5,73865.7,112.2,112.2,0.0,0
U7017,281,FUSE1,17,Station 6.1: Packaging,73724.2,73761.0,73877.0,116.0,116.0,36.8,0
U7249,290,FUSE2,2,Station 1.1: Bottom cover,73792.3,73792.3,73904.5,112.2,112.2,0.0,0
U7230,290,FUSE0,12,Station 4.1: Inspection,73746.2,73792.6,73910.2,117.6,117.6,46.4,0
U7022,281,FUSE2,13,Station 5: Top cover,73806.0,73815.2,73990.0,174.8,174.8,9.2,0
U7246,290,FUSE1,4,Station 2.1: Drill station,73808.7,73820.7,73997.5,176.8,176.8,12.0,0
U7237,290,FUSE0,10,Station 3.4: Robot cell,73606.1,73834.4,74078.0,243.6,243.6,228.3,0
U7026,281,FUSE2,11,Station 4: Inspection,73727.2,73842.2,73959.8,117.6,117.6,115.0,0
U7018,281,FUSE2,16,Station 6: Packaging,73764.6,73843.0,73959.0,116.0,116.0,78.4,0
U7238,290,FUSE0,6,Station 3: Robot cell,73626.9,73852.0,74095.6,243.6,243.6,225.1,0
U7023,281,FUSE2,14,Station 5.1: Top cover,73855.6,73855.6,74030.4,174.8,174.8,0.0,0
U7239,290,FUSE1,9,Station 3.3: Robot cell,73662.1,73870.8,74176.4,305.6,305.6,208.7,0
U7250,290,FUSE2,1,Station 1: Bottom cover,73874.3,73874.3,73986.5,112.2,112.2,0.0,0
U7025,281,FUSE2,15,Station 5.2: Top cover,73883.6,73892.8,74067.6,174.8,174.8,9.2,0
U7019,281,FUSE2,17,Station 6.1: Packaging,73894.2,73894.2,74010.2,116.0,116.0,0.0,0
U7247,290,FUSE1,5,Station 2.2: Drill station,73887.5,73901.5,74078.3,176.8,176.8,14.0,0
U7251,290,FUSE2,2,Station 1.1: Bottom cover,73908.3,73908.3,74020.5,112.2,112.2,0.0,0
U7231,290,FUSE0,12,Station 4.1: Inspection,73842.2,73910.2,74027.8,117.6,117.6,68.0,0
U7240,290,FUSE1,7,Station 3.1: Robot cell,73722.9,73911.8,74217.4,305.6,305.6,188.9,0
U7248,290,FUSE2,3,Station 2: Drill station,73904.7,73916.7,74093.5,176.8,176.8,12.0,0
U7020,281,FUSE2,16,Station 6: Packaging,73922.2,73959.0,74075.0,116.0,116.0,36.8,0
U7232,290,FUSE0,11,Station 4: Inspection,73953.4,73959.8,74077.4,117.6,117.6,6.4,0
U7241,290,FUSE1,8,Station 3.2: Robot cell,73843.7,73986.8,74292.4,305.6,305.6,143.1,0
U7252,290,FUSE2,1,Station 1: Bottom cover,73990.3,73990.3,74102.5,112.2,112.2,0.0,0
U7024,281,FUSE2,13,Station 5: Top cover,73993.2,73993.2,74168.0,174.8,174.8,0.0,0
U7249,290,FUSE2,4,Station 2.1: Drill station,73983.5,73997.5,74174.3,176.8,176.8,14.0,0
U7021,281,FUSE2,17,Station 6.1: Packaging,73931.8,74010.2,74126.2,116.0,116.0,78.4,0
U7233,290,FUSE0,12,Station 4.1: Inspection,73911.0,74027.8,74145.4,117.6,117.6,116.8,0
U7230,290,FUSE0,14,Station 5.1: Top cover,74021.2,74030.4,74205.2,174.8,174.8,9.2,0
U7253,290,FUSE2,2,Station 1.1: Bottom cover,74041.5,74041.5,74153.7,112.2,112.2,0.0,0
U7026,281,FUSE2,15,Station 5.2: Top cover,74070.8,74070.8,74245.6,174.8,174.8,0.0,0
U7234,290,FUSE0,11,Station 4: Inspection,73969.8,74077.4,74195.0,117.6,117.6,107.6,0
U7242,290,FUSE1,10,Station 3.4: Robot cell,73858.9,74078.0,74383.6,305.6,305.6,219.1,0
U7250,290,FUSE2,5,Station 2.2: Drill station,74065.5,74078.3,74255.1,176.8,176.8,12.8,0
U7022,281,FUSE2,16,Station 6: Packaging,74089.0,74089.0,74205.0,116.0,116.0,0.0,0
U7251,290,FUSE2,3,Station 2: Drill station,74079.5,74093.5,74270.3,176.8,176.8,14.0,0
U7243,290,FUSE1,6,Station 3: Robot cell,73879.7,74095.6,74401.2,305.6,305.6,215.9,0
U7254,290,FUSE2,1,Station 1: Bottom cover,74106.3,74106.3,74218.5,112.2,112.2,0.0,0
U7023,281,FUSE2,17,Station 6.1: Packaging,74089.4,74126.2,74242.2,116.0,116.0,36.8,0
U7235,290,FUSE0,12,Station 4.1: Inspection,73990.8,74145.4,74263.0,117.6,117.6,154.6,1
U7255,290,FUSE2,2,Station 1.1: Bottom cover,74157.5,74157.5,74269.7,112.2,112.2,0.0,0
U7231,290,FUSE0,13,Station 5: Top cover,74158.8,74168.0,74342.8,174.8,174.8,9.2,0
U7252,290,FUSE2,4,Station 2.1: Drill station,74161.5,74174.3,74351.1,176.8,176.8,12.8,0
U7244,290,FUSE1,9,Station 3.3: Robot cell,74040.5,74176.4,74482.0,305.6,305.6,135.9,0
U7236,290,FUSE0,11,Station 4: Inspection,74065.8,74195.0,74312.6,117.6,117.6,129.2,1
U7025,281,FUSE2,16,Station 6: Packaging,74126.6,74205.0,74321.0,116.0,116.0,78.4,0
U7232,290,FUSE0,14,Station 5.1: Top cover,74208.4,74208.4,74383.2,174.8,174.8,0.0,0
U7245,290,FUSE1,7,Station 3.1: Robot cell,73975.7,74217.4,74523.0,305.6,305.6,241.7,0
U5117,205,FUSE0,1,Station 1: Bottom cover,74236.3,74236.3,74348.5,112.2,112.2,0.0,0
U7233,290,FUSE0,15,Station 5.2: Top cover,74236.4,74245.6,74420.4,174.8,174.8,9.2,0
U7024,281,FUSE2,17,Station 6.1: Packaging,74247.0,74247.0,74363.0,116.0,116.0,0.0,0
U7253,290,FUSE2,5,Station 2.2: Drill station,74252.7,74255.1,74431.9,176.8,176.8,2.4,0
U7237,290,FUSE0,12,Station 4.1: Inspection,74217.0,74263.0,74380.6,117.6,117.6,46.0,0
U7254,290,FUSE2,3,Station 2: Drill station,74257.5,74270.3,74447.1,176.8,176.8,12.8,0
U5118,205,FUSE0,2,Station 1.1: Bottom cover,74273.5,74273.5,74385.7,112.2,112.2,0.0,0
U7246,290,FUSE1,8,Station 3.2: Robot cell,74096.5,74292.4,74598.0,305.6,305.6,195.9,0
U7238,290,FUSE0,11,Station 4: Inspection,74134.6,74312.6,74430.2,117.6,117.6,178.0,1
U7230,290,FUSE0,16,Station 6: Packaging,74284.2,74321.0,74437.0,116.0,116.0,36.8,0
U7234,290,FUSE0,13,Station 5: Top cover,74346.0,74346.0,74520.8,174.8,174.8,0.0,0
U7255,290,FUSE2,4,Station 2.1: Drill station,74348.7,74351.1,74527.9,176.8,176.8,2.4,0
U5119,205,FUSE0,1,Station 1: Bottom cover,74352.3,74352.3,74464.5,112.2,112.2,0.0,0
U7026,281,FUSE2,17,Station 6.1: Packaging,74284.6,74363.0,74479.0,116.0,116.0,78.4,0
U7239,290,FUSE1,12,Station 4.1: Inspection,74295.4,74380.6,74498.2,117.6,117.6,85.2,0
U7235,290,FUSE0,14,Station 5.1: Top cover,74374.0,74383.2,74558.0,174.8,174.8,9.2,0
U7247,290,FUSE1,10,Station 3.4: Robot cell,74237.3,74383.6,74689.2,305.6,305.6,146.3,0
U5120,205,FUSE0,2,Station 1.1: Bottom cover,74394.3,74394.3,74506.5,112.2,112.2,0.0,0
U7248,290,FUSE2,6,Station 3: Robot cell,74132.5,74401.2,74739.2,338.0,338.0,268.7,0
U7236,290,FUSE0,15,Station 5.2: Top cover,74423.6,74423.6,74598.4,174.8,174.8,0.0,0
U7240,290,FUSE1,11,Station 4: Inspection,74276.4,74430.2,74547.8,117.6,117.6,153.8,1
U5117,205,FUSE0,5,Station 2.2: Drill station,74427.5,74431.9,74608.7,176.8,176.8,4.4,0
U7231,290,FUSE0,16,Station 6: Packaging,74441.8,74441.8,74557.8,116.0,116.0,0.0,0
U5118,205,FUSE0,3,Station 2: Drill station,74444.7,74447.1,74623.9,176.8,176.8,2.4,0
U5121,205,FUSE0,1,Station 1: Bottom cover,74468.3,74468.3,74580.5,112.2,112.2,0.0,0
U7232,290,FUSE0,17,Station 6.1: Packaging,74442.2,74479.0,74595.0,116.0,116.0,36.8,0
U7249,290,FUSE2,9,Station 3.3: Robot cell,74293.3,74482.0,74820.0,338.0,338.0,188.7,0
U7241,290,FUSE1,12,Station 4.1: Inspection,74391.4,74498.2,74615.8,117.6,117.6,106.8,0
U5122,205,FUSE0,2,Station 1.1: Bottom cover,74510.3,74510.3,74622.5,112.2,112.2,0.0,0
U7237,290,FUSE0,13,Station 5: Top cover,74511.6,74520.8,74695.6,174.8,174.8,9.2,0
U7250,290,FUSE2,7,Station 3.1: Robot cell,74354.1,74523.0,74861.0,338.0,338.0,168.9,0
U5119,205,FUSE0,4,Station 2.1: Drill station,74523.5,74527.9,74704.7,176.8,176.8,4.4,0
U7242,290,FUSE1,11,Station 4: Inspection,74502.6,74547.8,74665.4,117.6,117.6,45.2,0
U7233,290,FUSE0,16,Station 6: Packaging,74479.4,74557.8,74673.8,116.0,116.0,78.4,0
U7238,290,FUSE0,14,Station 5.1: Top cover,74561.2,74561.2,74736.0,174.8,174.8,0.0,0
U5123,205,FUSE0,1,Station 1: Bottom cover,74589.1,74589.1,74701.3,112.2,112.2,0.0,0
U7251,290,FUSE2,8,Station 3.2: Robot cell,74349.3,74598.0,74936.0,338.0,338.0,248.7,0
U7239,290,FUSE1,15,Station 5.2: Top cover,74589.2,74598.4,74773.2,174.8,174.8,9.2,0
U7234,290,FUSE0,17,Station 6.1: Packaging,74599.8,74599.8,74715.8,116.0,116.0,0.0,0
U5120,205,FUSE0,5,Station 2.2: Drill station,74605.5,74608.7,74785.5,176.8,176.8,3.2,0
U7243,290,FUSE1,12,Station 4.1: Inspection,74460.2,74615.8,74733.4,117.6,117.6,155.6,1
U5121,205,FUSE0,3,Station 2: Drill station,74619.5,74623.9,74800.7,176.8,176.8,4.4,0
U5124,205,FUSE0,2,Station 1.1: Bottom cover,74626.3,74626.3,74738.5,112.2,112.2,0.0,0
U7244,290,FUSE1,11,Station 4: Inspection,74581.0,74665.4,74783.0,117.6,117.6,84.4,0
U7235,290,FUSE0,16,Station 6: Packaging,74637.0,74673.8,74789.8,116.0,116.0,36.8,0
U7252,290,FUSE2,10,Station 3.4: Robot cell,74490.1,74689.2,75027.2,338.0,338.0,199.1,0
U7240,290,FUSE1,13,Station 5: Top cover,74698.8,74698.8,74873.6,174.8,174.8,0.0,0
U5122,205,FUSE0,4,Station 2.1: Drill station,74701.5,74704.7,74881.5,176.8,176.8,3.2,0
U5125,205,FUSE1,1,Station 1: Bottom cover,74705.1,74705.1,74817.3,112.2,112.2,0.0,0
U7236,290,FUSE0,17,Station 6.1: Packaging,74637.4,74715.8,74831.8,116.0,116.0,78.4,0
U7245,290,FUSE1,12,Station 4.1: Inspection,74602.0,74733.4,74851.0,117.6,117.6,131.4,1
U7241,290,FUSE1,14,Station 5.1: Top cover,74726.8,74736.0,74910.8,174.8,174.8,9.2,0
U7253,290,FUSE2,6,Station 3: Robot cell,74510.9,74739.2,75077.2,338.0,338.0,228.3,0
U5126,205,FUSE1,2,Station 1.1: Bottom cover,74747.1,74747.1,74859.3,112.2,112.2,0.0,0
U7242,290,FUSE1,15,Station 5.2: Top cover,74776.4,74776.4,74951.2,174.8,174.8,0.0,0
U7246,290,FUSE1,11,Station 4: Inspection,74677.0,74783.0,74900.6,117.6,117.6,106.0,0
U5123,205,FUSE0,5,Station 2.2: Drill station,74780.3,74785.5,74962.3,176.8,176.8,5.2,0
U7237,290,FUSE0,16,Station 6: Packaging,74794.6,74794.6,74910.6,116.0,116.0,0.0,0
U5124,205,FUSE0,3,Station 2: Drill station,74797.5,74800.7,74977.5,176.8,176.8,3.2,0
U7254,290,FUSE2,9,Station 3.3: Robot cell,74546.1,74820.0,75158.0,338.0,338.0,273.9,0
U5127,205,FUSE1,1,Station 1: Bottom cover,74821.1,74821.1,74933.3,112.2,112.2,0.0,0
U7238,290,FUSE0,17,Station 6.1: Packaging,74795.0,74831.8,74947.8,116.0,116.0,36.8,0
U7247,290,FUSE1,12,Station 4.1: Inspection,74828.2,74851.0,74968.6,117.6,117.6,22.8,0
U7255,290,FUSE2,7,Station 3.1: Robot cell,74606.9,74861.0,75199.0,338.0,338.0,254.1,0
U5128,205,FUSE1,2,Station 1.1: Bottom cover,74863.1,74863.1,74975.3,112.2,112.2,0.0,0
U7243,290,FUSE1,13,Station 5: Top cover,74864.4,74873.6,75048.4,174.8,174.8,9.2,0
U5125,205,FUSE1,4,Station 2.1: Drill station,74876.3,74881.5,75058.3,176.8,176.8,5.2,0
U7248,290,FUSE2,11,Station 4: Inspection,74778.2,74900.6,75018.2,117.6,117.6,122.4,1
U7239,290,FUSE1,16,Station 6: Packaging,74832.2,74910.6,75026.6,116.0,116.0,78.4,0
U7244,290,FUSE1,14,Station 5.1: Top cover,74914.0,74914.0,75088.8,174.8,174.8,0.0,0
U5117,205,FUSE0,8,Station 3.2: Robot cell,74727.7,74936.0,75179.6,243.6,243.6,208.3,0
U5129,205,FUSE1,1,Station 1: Bottom cover,74941.9,74941.9,75054.1,112.2,112.2,0.0,0
U7245,290,FUSE1,15,Station 5.2: Top cover,74942.0,74951.2,75126.0,174.8,174.8,9.2,0
U7240,290,FUSE1,17,Station 6.1: Packaging,74952.6,74952.6,75068.6,116.0,116.0,0.0,0
U5126,205,FUSE1,5,Station 2.2: Drill station,74958.3,74962.3,75139.1,176.8,176.8,4.0,0
U7249,290,FUSE2,12,Station 4.1: Inspection,74939.0,74968.6,75086.2,117.6,117.6,29.6,0
U5127,205,FUSE1,3,Station 2: Drill station,74972.3,74977.5,75154.3,176.8,176.8,5.2,0
U5130,205,FUSE1,2,Station 1.1: Bottom cover,74979.1,74979.1,75091.3,112.2,112.2,0.0,0
U7250,290,FUSE2,11,Station 4: Inspection,74920.0,75018.2,75135.8,117.6,117.6,98.2,0
U7241,290,FUSE1,16,Station 6: Packaging,74989.8,75026.6,75142.6,116.0,116.0,36.8,0
U5118,205,FUSE0,10,Station 3.4: Robot cell,74742.9,75027.2,75270.8,243.6,243.6,284.3,0
U7246,290,FUSE1,13,Station 5: Top cover,75051.6,75051.6,75226.4,174.8,174.8,0.0,0
U5131,205,FUSE1,1,Station 1: Bottom cover,75057.9,75057.9,75170.1,112.2,112.2,0.0,0
U5128,205,FUSE1,4,Station 2.1: Drill station,75054.3,75058.3,75235.1,176.8,176.8,4.0,0
U7242,290,FUSE1,17,Station 6.1: Packaging,74990.2,75068.6,75184.6,116.0,116.0,78.4,0
U5119,205,FUSE0,6,Station 3: Robot cell,74763.7,75077.2,75320.8,243.6,243.6,313.5,0
U7251,290,FUSE2,12,Station 4.1: Inspection,75035.0,75086.2,75203.8,117.6,117.6,51.2,0
U7247,290,FUSE1,14,Station 5.1: Top cover,75079.6,75088.8,75263.6,174.8,174.8,9.2,0
U5132,205,FUSE1,2,Station 1.1: Bottom cover,75099.9,75099.9,75212.1,112.2,112.2,0.0,0
U7248,290,FUSE2,15,Station 5.2: Top cover,75129.2,75129.2,75304.0,174.8,174.8,0.0,0
U5129,205,FUSE1,5,Station 2.2: Drill station,75133.1,75139.1,75315.9,176.8,176.8,6.0,0
U7252,290,FUSE2,11,Station 4: Inspection,75146.2,75146.2,75263.8,117.6,117.6,0.0,0
U7243,290,FUSE1,16,Station 6: Packaging,75147.4,75147.4,75263.4,116.0,116.0,0.0,0
U5130,205,FUSE1,3,Station 2: Drill station,75150.3,75154.3,75331.1,176.8,176.8,4.0,0
U5120,205,FUSE0,9,Station 3.3: Robot cell,74924.5,75158.0,75401.6,243.6,243.6,233.5,0
U5133,205,FUSE1,1,Station 1: Bottom cover,75173.9,75173.9,75286.1,112.2,112.2,0.0,0
U5121,205,FUSE0,8,Station 3.2: Robot cell,74879.7,75179.6,75423.2,243.6,243.6,299.9,1
U7244,290,FUSE1,17,Station 6.1: Packaging,75147.8,75184.6,75300.6,116.0,116.0,36.8,0
U5122,205,FUSE0,7,Station 3.1: Robot cell,74960.5,75199.0,75442.6,243.6,243.6,238.5,0
U7253,290,FUSE2,12,Station 4.1: Inspection,75136.2,75203.8,75321.4,117.6,117.6,67.6,0
U5134,205,FUSE2,2,Station 1.1: Bottom cover,75215.9,75215.9,75328.1,112.2,112.2,0.0,0
U7249,290,FUSE2,13,Station 5: Top cover,75217.2,75226.4,75401.2,174.8,174.8,9.2,0
U5131,205,FUSE1,4,Station 2.1: Drill station,75229.1,75235.1,75411.9,176.8,176.8,6.0,0
U7245,290,FUSE1,16,Station 6: Packaging,75185.0,75263.4,75379.4,116.0,116.0,78.4,0
U7254,290,FUSE2,11,Station 4: Inspection,75257.0,75263.8,75381.4,117.6,117.6,6.8,0
U7250,290,FUSE2,14,Station 5.1: Top cover,75266.8,75266.8,75441.6,174.8,174.8,0.0,0
U5123,205,FUSE0,10,Station 3.4: Robot cell,75121.3,75270.8,75514.4,243.6,243.6,149.5,0
U5135,205,FUSE2,1,Station 1: Bottom cover,75294.7,75294.7,75406.9,112.2,112.2,0.0,0
U7251,290,FUSE2,15,Station 5.2: Top cover,75294.8,75304.0,75478.8,174.8,174.8,9.2,0
U7246,290,FUSE1,17,Station 6.1: Packaging,75305.4,75305.4,75421.4,116.0,116.0,0.0,0
U5132,205,FUSE1,5,Station 2.2: Drill station,75311.1,75315.9,75492.7,176.8,176.8,4.8,0
U5124,205,FUSE0,6,Station 3: Robot cell,75016.5,75320.8,75564.4,243.6,243.6,304.3,1
U5117,205,FUSE0,12,Station 4.1: Inspection,75278.6,75321.4,75439.0,117.6,117.6,42.8,0
U5133,205,FUSE1,3,Station 2: Drill station,75325.1,75331.1,75507.9,176.8,176.8,6.0,0
U5136,205,FUSE2,2,Station 1.1: Bottom cover,75331.9,75331.9,75444.1,112.2,112.2,0.0,0
U7247,290,FUSE1,16,Station 6: Packaging,75342.6,75379.4,75495.4,116.0,116.0,36.8,0
U7255,290,FUSE2,11,Station 4: Inspection,75258.0,75381.4,75499.0,117.6,117.6,123.4,1
U5125,205,FUSE1,9,Station 3.3: Robot cell,75177.3,75401.6,75707.2,305.6,305.6,224.3,0
U5137,205,FUSE2,1,Station 1: Bottom cover,75410.7,75410.7,75522.9,112.2,112.2,0.0,0
U5134,205,FUSE2,4,Station 2.1: Drill station,75407.1,75411.9,75588.7,176.8,176.8,4.8,0
U7252,290,FUSE2,13,Station 5: Top cover,75414.8,75414.8,75589.6,174.8,174.8,0.0,0
U7248,290,FUSE2,17,Station 6.1: Packaging,75343.0,75421.4,75537.4,116.0,116.0,78.4,0
U5126,205,FUSE1,8,Station 3.2: Robot cell,75258.1,75423.2,75728.8,305.6,305.6,165.1,0
U5118,205,FUSE0,12,Station 4.1: Inspection,75409.8,75439.0,75556.6,117.6,117.6,29.2,0
U7253,290,FUSE2,14,Station 5.1: Top cover,75432.4,75441.6,75616.4,174.8,174.8,9.2,0
U5127,205,FUSE1,7,Station 3.1: Robot cell,75213.3,75442.6,75748.2,305.6,305.6,229.3,0
U5138,205,FUSE2,2,Station 1.1: Bottom cover,75452.7,75452.7,75564.9,112.2,112.2,0.0,0
U7254,290,FUSE2,15,Station 5.2: Top cover,75492.4,75492.4,75667.2,174.8,174.8,0.0,0
U5135,205,FUSE2,5,Station 2.2: Drill station,75485.9,75492.7,75669.5,176.8,176.8,6.8,0
U5119,205,FUSE0,11,Station 4: Inspection,75359.8,75499.0,75616.6,117.6,117.6,139.2,1
U7249,290,FUSE2,16,Station 6: Packaging,75500.2,75500.2,75616.2,116.0,116.0,0.0,0
U5136,205,FUSE2,3,Station 2: Drill station,75503.1,75507.9,75684.7,176.8,176.8,4.8,0
U5128,205,FUSE1,10,Station 3.4: Robot cell,75374.1,75514.4,75820.0,305.6,305.6,140.3,0
U5139,205,FUSE2,1,Station 1: Bottom cover,75526.7,75526.7,75638.9,112.2,112.2,0.0,0
U7250,290,FUSE2,17,Station 6.1: Packaging,75500.6,75537.4,75653.4,116.0,116.0,36.8,0
U5120,205,FUSE0,12,Station 4.1: Inspection,75520.6,75556.6,75674.2,117.6,117.6,36.0,0
U5129,205,FUSE1,6,Station 3: Robot cell,75394.9,75564.4,75870.0,305.6,305.6,169.5,0
U5140,205,FUSE2,2,Station 1.1: Bottom cover,75568.7,75568.7,75680.9,112.2,112.2,0.0,0
U5137,205,FUSE2,4,Station 2.1: Drill station,75581.9,75588.7,75765.5,176.8,176.8,6.8,0
U5117,205,FUSE0,13,Station 5: Top cover,75570.0,75589.6,75764.4,174.8,174.8,19.6,0
U7251,290,FUSE2,16,Station 6: Packaging,75537.8,75616.2,75732.2,116.0,116.0,78.4,0
U5121,205,FUSE0,11,Station 4: Inspection,75502.2,75616.6,75734.2,117.6,117.6,114.4,0
U7255,290,FUSE2,14,Station 5.1: Top cover,75630.0,75630.0,75804.8,174.8,174.8,0.0,0
U5141,205,FUSE2,1,Station 1: Bottom cover,75647.5,75647.5,75759.7,112.2,112.2,0.0,0
U5118,205,FUSE0,15,Station 5.2: Top cover,75647.6,75667.2,75842.0,174.8,174.8,19.6,0
U7252,290,FUSE2,17,Station 6.1: Packaging,75668.6,75668.6,75784.6,116.0,116.0,0.0,0
U5138,205,FUSE2,5,Station 2.2: Drill station,75663.9,75669.5,75846.3,176.8,176.8,5.6,0
U5122,205,FUSE0,12,Station 4.1: Inspection,75521.6,75674.2,75791.8,117.6,117.6,152.6,1
U5142,205,FUSE2,2,Station 1.1: Bottom cover,75684.7,75684.7,75796.9,112.2,112.2,0.0,0
U5139,205,FUSE2,3,Station 2: Drill station,75677.9,75684.7,75861.5,176.8,176.8,6.8,0
U5130,205,FUSE1,9,Station 3.3: Robot cell,75430.1,75707.2,76012.8,305.6,305.6,277.1,0
U5131,205,FUSE1,8,Station 3.2: Robot cell,75510.9,75728.8,76034.4,305.6,305.6,217.9,0
U7253,290,FUSE2,16,Station 6: Packaging,75695.4,75732.2,75848.2,116.0,116.0,36.8,0
U5123,205,FUSE0,11,Station 4: Inspection,75633.4,75734.2,75851.8,117.6,117.6,100.8,0
U5132,205,FUSE1,7,Station 3.1: Robot cell,75591.7,75748.2,76053.8,305.6,305.6,156.5,0
U6822,274,FUSE0,1,Station 1: Bottom cover,75763.5,75763.5,75875.7,112.2,112.2,0.0,0
U5140,205,FUSE2,4,Station 2.1: Drill station,75759.9,75765.5,75942.3,176.8,176.8,5.6,0
U5119,205,FUSE0,13,Station 5: Top cover,75767.6,75767.6,75942.4,174.8,174.8,0.0,0
U7254,290,FUSE2,17,Station 6.1: Packaging,75706.2,75784.6,75900.6,116.0,116.0,78.4,0
U5124,205,FUSE0,12,Station 4.1: Inspection,75623.4,75791.8,75909.4,117.6,117.6,168.4,1
U5120,205,FUSE0,14,Station 5.1: Top cover,75785.2,75804.8,75979.6,174.8,174.8,19.6,0
U6823,274,FUSE0,2,Station 1.1: Bottom cover,75815.9,75815.9,75928.1,112.2,112.2,0.0,0
U5133,205,FUSE1,10,Station 3.4: Robot cell,75626.9,75820.0,76125.6,305.6,305.6,193.1,0
U5121,205,FUSE0,15,Station 5.2: Top cover,75845.2,75845.2,76020.0,174.8,174.8,0.0,0
U5141,205,FUSE2,5,Station 2.2: Drill station,75838.7,75846.3,76023.1,176.8,176.8,7.6,0
U5125,205,FUSE1,11,Station 4: Inspection,75806.2,75851.8,75969.4,117.6,117.6,45.6,0
U5142,205,FUSE2,3,Station 2: Drill station,75855.9,75861.5,76038.3,176.8,176.8,5.6,0
U5117,205,FUSE0,16,Station 6: Packaging,75863.4,75863.4,75979.4,116.0,116.0,0.0,0
U5134,205,FUSE2,6,Station 3: Robot cell,75647.7,75870.0,76208.0,338.0,338.0,222.3,0
U6824,274,FUSE0,1,Station 1: Bottom cover,75879.5,75879.5,75991.7,112.2,112.2,0.0,0
U7255,290,FUSE2,17,Station 6.1: Packaging,75863.8,75900.6,76016.6,116.0,116.0,36.8,0
U5126,205,FUSE1,12,Station 4.1: Inspection,75827.8,75909.4,76027.0,117.6,117.6,81.6,0
U6825,274,FUSE0,2,Station 1.1: Bottom cover,75931.9,75931.9,76044.1,112.2,112.2,0.0,0
U6822,274,FUSE0,4,Station 2.1: Drill station,75934.7,75942.3,76119.1,176.8,176.8,7.6,0
U5122,205,FUSE0,13,Station 5: Top cover,75922.8,75942.4,76117.2,174.8,174.8,19.6,0
U5127,205,FUSE1,11,Station 4: Inspection,75807.2,75969.4,76087.0,117.6,117.6,162.2,1
U5118,205,FUSE0,16,Station 6: Packaging,75901.0,75979.4,76095.4,116.0,116.0,78.4,0
U5123,205,FUSE0,14,Station 5.1: Top cover,75982.8,75982.8,76157.6,174.8,174.8,0.0,0
U6826,274,FUSE0,1,Station 1: Bottom cover,76010.7,76010.7,76122.9,112.2,112.2,0.0,0
U5135,205,FUSE2,9,Station 3.3: Robot cell,75808.5,76012.8,76350.8,338.0,338.0,204.3,0
U5124,205,FUSE0,15,Station 5.2: Top cover,76000.4,76020.0,76194.8,174.8,174.8,19.6,0
U5119,205,FUSE0,17,Station 6.1: Packaging,76021.4,76021.4,76137.4,116.0,116.0,0.0,0
U5128,205,FUSE1,12,Station 4.1: Inspection,75959.0,76027.0,76144.6,117.6,117.6,68.0,0
U6823,274,FUSE0,5,Station 2.2: Drill station,76027.1,76027.1,76203.9,176.8,176.8,0.0,0
U5136,205,FUSE2,8,Station 3.2: Robot cell,75763.7,76034.4,76372.4,338.0,338.0,270.7,0
U6824,274,FUSE0,3,Station 2: Drill station,76030.7,76038.3,76215.1,176.8,176.8,7.6,0
U6827,274,FUSE0,2,Station 1.1: Bottom cover,76047.9,76047.9,76160.1,112.2,112.2,0.0,0
U5137,205,FUSE2,7,Station 3.1: Robot cell,75844.5,76053.8,76391.8,338.0,338.0,209.3,0
U5129,205,FUSE1,11,Station 4: Inspection,75909.0,76087.0,76204.6,117.6,117.6,178.0,1
U5120,205,FUSE0,16,Station 6: Packaging,76058.6,76095.4,76211.4,116.0,116.0,36.8,0
U5125,205,FUSE1,13,Station 5: Top cover,76120.4,76120.4,76295.2,174.8,174.8,0.0,0
U6825,274,FUSE0,4,Station 2.1: Drill station,76123.1,76123.1,76299.9,176.8,176.8,0.0,0
U5138,205,FUSE2,10,Station 3.4: Robot cell,76005.3,76125.6,76463.6,338.0,338.0,120.3,0
U6828,274,FUSE0,1,Station 1: Bottom cover,76126.7,76126.7,76238.9,112.2,112.2,0.0,0
U5121,205,FUSE0,17,Station 6.1: Packaging,76059.0,76137.4,76253.4,116.0,116.0,78.4,0
U5130,205,FUSE1,12,Station 4.1: Inspection,76131.8,76144.6,76262.2,117.6,117.6,12.8,0
U5126,205,FUSE1,14,Station 5.1: Top cover,76138.0,76157.6,76332.4,174.8,174.8,19.6,0
U6829,274,FUSE0,2,Station 1.1: Bottom cover,76168.7,76168.7,76280.9,112.2,112.2,0.0,0
U5127,205,FUSE1,15,Station 5.2: Top cover,76198.0,76198.0,76372.8,174.8,174.8,0.0,0
U6826,274,FUSE0,5,Station 2.2: Drill station,76201.9,76203.9,76380.7,176.8,176.8,2.0,0
U5131,205,FUSE1,11,Station 4: Inspection,76113.4,76204.6,76322.2,117.6,117.6,91.2,0
U5139,205,FUSE2,6,Station 3: Robot cell,75900.5,76208.0,76546.0,338.0,338.0,307.5,0
U5122,205,FUSE0,16,Station 6: Packaging,76216.2,76216.2,76332.2,116.0,116.0,0.0,0
U6827,274,FUSE0,3,Station 2: Drill station,76219.1,76219.1,76395.9,176.8,176.8,0.0,0
U6830,274,FUSE0,1,Station 1: Bottom cover,76242.7,76242.7,76354.9,112.2,112.2,0.0,0
U5123,205,FUSE0,17,Station 6.1: Packaging,76216.6,76253.4,76369.4,116.0,116.0,36.8,0
U5132,205,FUSE1,12,Station 4.1: Inspection,76132.8,76262.2,76379.8,117.6,117.6,129.4,1
U6831,274,FUSE1,2,Station 1.1: Bottom cover,76284.7,76284.7,76396.9,112.2,112.2,0.0,0
U5128,205,FUSE1,13,Station 5: Top cover,76275.6,76295.2,76470.0,174.8,174.8,19.6,0
U6828,274,FUSE0,4,Station 2.1: Drill station,76297.9,76299.9,76476.7,176.8,176.8,2.0,0
U5133,205,FUSE1,11,Station 4: Inspection,76244.6,76322.2,76439.8,117.6,117.6,77.6,0
U5124,205,FUSE0,16,Station 6: Packaging,76253.8,76332.2,76448.2,116.0,116.0,78.4,0
U5129,205,FUSE1,14,Station 5.1: Top cover,76335.6,76335.6,76510.4,174.8,174.8,0.0,0
U5140,205,FUSE2,9,Station 3.3: Robot cell,76061.3,76350.8,76688.8,338.0,338.0,289.5,0
U6832,274,FUSE1,1,Station 1: Bottom cover,76363.5,76363.5,76475.7,112.2,112.2,0.0,0
U5141,205,FUSE2,8,Station 3.2: Robot cell,76142.1,76372.4,76710.4,338.0,338.0,230.3,0
U5130,205,FUSE1,15,Station 5.2: Top cover,76353.2,76372.8,76547.6,174.8,174.8,19.6,0
U5125,205,FUSE1,17,Station 6.1: Packaging,76374.2,76374.2,76490.2,116.0,116.0,0.0,0
U5134,205,FUSE2,12,Station 4.1: Inspection,76267.0,76379.8,76497.4,117.6,117.6,112.8,0
U6829,274,FUSE0,5,Station 2.2: Drill station,76379.9,76380.7,76557.5,176.8,176.8,0.8,0
U5142,205,FUSE2,7,Station 3.1: Robot cell,76097.3,76391.8,76729.8,338.0,338.0,294.5,0
U6830,274,FUSE0,3,Station 2: Drill station,76393.9,76395.9,76572.7,176.8,176.8,2.0,0
U6833,274,FUSE1,2,Station 1.1: Bottom cover,76400.7,76400.7,76512.9,112.2,112.2,0.0,0
U5126,205,FUSE1,16,Station 6: Packaging,76411.4,76448.2,76564.2,116.0,116.0,36.8,0
U5135,205,FUSE2,11,Station 4: Inspection,76449.8,76449.8,76567.4,117.6,117.6,0.0,0
U6822,274,FUSE0,10,Station 3.4: Robot cell,76258.1,76463.6,76707.2,243.6,243.6,205.5,0
U5131,205,FUSE1,13,Station 5: Top cover,76473.2,76473.2,76648.0,174.8,174.8,0.0,0
U6831,274,FUSE1,4,Station 2.1: Drill station,76475.9,76476.7,76653.5,176.8,176.8,0.8,0
U6834,274,FUSE1,1,Station 1: Bottom cover,76479.5,76479.5,76591.7,112.2,112.2,0.0,0
U5127,205,FUSE1,17,Station 6.1: Packaging,76411.8,76490.2,76606.2,116.0,116.0,78.4,0
U5136,205,FUSE2,12,Station 4.1: Inspection,76471.4,76497.4,76615.0,117.6,117.6,26.0,0
U5132,205,FUSE1,14,Station 5.1: Top cover,76490.8,76510.4,76685.2,174.8,174.8,19.6,0
U6835,274,FUSE1,2,Station 1.1: Bottom cover,76521.5,76521.5,76633.7,112.2,112.2,0.0,0
U6823,274,FUSE0,6,Station 3: Robot cell,76282.9,76546.0,76789.6,243.6,243.6,263.1,0
U5133,205,FUSE1,15,Station 5.2: Top cover,76550.8,76550.8,76725.6,174.8,174.8,0.0,0
U6832,274,FUSE1,5,Station 2.2: Drill station,76554.7,76557.5,76734.3,176.8,176.8,2.8,0
U5137,205,FUSE2,11,Station 4: Inspection,76450.8,76567.4,76685.0,117.6,117.6,116.6,0
U5128,205,FUSE1,16,Station 6: Packaging,76569.0,76569.0,76685.0,116.0,116.0,0.0,0
U6833,274,FUSE1,3,Station 2: Drill station,76571.9,76572.7,76749.5,176.8,176.8,0.8,0
U6836,274,FUSE1,1,Station 1: Bottom cover,76595.5,76595.5,76707.7,112.2,112.2,0.0,0
U5129,205,FUSE1,17,Station 6.1: Packaging,76569.4,76606.2,76722.2,116.0,116.0,36.8,0
U5138,205,FUSE2,12,Station 4.1: Inspection,76602.6,76615.0,76732.6,117.6,117.6,12.4,0
U6837,274,FUSE1,2,Station 1.1: Bottom cover,76637.5,76637.5,76749.7,112.2,112.2,0.0,0
U5134,205,FUSE2,13,Station 5: Top cover,76628.4,76648.0,76822.8,174.8,174.8,19.6,0
U6834,274,FUSE1,4,Station 2.1: Drill station,76650.7,76653.5,76830.3,176.8,176.8,2.8,0
U5130,205,FUSE1,16,Station 6: Packaging,76606.6,76685.0,76801.0,116.0,116.0,78.4,0
U5139,205,FUSE2,11,Station 4: Inspection,76585.0,76685.0,76802.6,117.6,117.6,100.0,0
U6824,274,FUSE0,9,Station 3.3: Robot cell,76314.1,76688.8,76932.4,243.6,243.6,374.7,1
U5135,205,FUSE2,14,Station 5.1: Top cover,76698.4,76698.4,76873.2,174.8,174.8,0.0,0
U6825,274,FUSE0,10,Station 3.4: Robot cell,76438.9,76707.2,76950.8,243.6,243.6,268.3,1
U6826,274,FUSE0,8,Station 3.2: Robot cell,76499.7,76710.4,76954.0,243.6,243.6,210.7,0
U6838,274,FUSE1,1,Station 1: Bottom cover,76716.3,76716.3,76828.5,112.2,112.2,0.0,0
U5136,205,FUSE2,15,Station 5.2: Top cover,76706.0,76725.6,76900.4,174.8,174.8,19.6,0
U5131,205,FUSE1,17,Station 6.1: Packaging,76727.0,76727.0,76843.0,116.0,116.0,0.0,0
U6827,274,FUSE0,7,Station 3.1: Robot cell,76454.9,76729.8,76973.4,243.6,243.6,274.9,0
U6835,274,FUSE1,5,Station 2.2: Drill station,76732.7,76734.3,76911.1,176.8,176.8,1.6,0
U6836,274,FUSE1,3,Station 2: Drill station,76746.7,76749.5,76926.3,176.8,176.8,2.8,0
U6839,274,FUSE1,2,Station 1.1: Bottom cover,76753.5,76753.5,76865.7,112.2,112.2,0.0,0
U6828,274,FUSE0,6,Station 3: Robot cell,76535.7,76789.6,77033.2,243.6,243.6,253.9,1
U5132,205,FUSE1,16,Station 6: Packaging,76764.2,76801.0,76917.0,116.0,116.0,36.8,0
U5140,205,FUSE2,11,Station 4: Inspection,76787.8,76802.6,76920.2,117.6,117.6,14.8,0
U5142,205,FUSE2,12,Station 4.1: Inspection,76808.8,76808.8,76926.4,117.6,117.6,0.0,0
U6837,274,FUSE1,4,Station 2.1: Drill station,76828.7,76830.3,77007.1,176.8,176.8,1.6,0
U6840,274,FUSE2,1,Station 1: Bottom cover,76832.3,76832.3,76944.5,112.2,112.2,0.0,0
U5137,205,FUSE2,13,Station 5: Top cover,76836.0,76836.0,77010.8,174.8,174.8,0.0,0
U5133,205,FUSE1,17,Station 6.1: Packaging,76764.6,76843.0,76959.0,116.0,116.0,78.4,0
U5138,205,FUSE2,14,Station 5.1: Top cover,76843.6,76873.2,77048.0,174.8,174.8,29.6,0
U6841,274,FUSE2,2,Station 1.1: Bottom cover,76874.3,76874.3,76986.5,112.2,112.2,0.0,0
U6838,274,FUSE1,5,Station 2.2: Drill station,76907.5,76911.1,77087.9,176.8,176.8,3.6,0
U5139,205,FUSE2,15,Station 5.2: Top cover,76913.6,76913.6,77088.4,174.8,174.8,0.0,0
U5141,205,FUSE2,11,Station 4: Inspection,76789.4,76920.2,77037.8,117.6,117.6,130.8,1
U5134,205,FUSE2,16,Station 6: Packaging,76921.8,76921.8,77037.8,116.0,116.0,0.0,0
U6839,274,FUSE1,3,Station 2: Drill station,76924.7,76926.3,77103.1,176.8,176.8,1.6,0
U6822,274,FUSE0,12,Station 4.1: Inspection,76846.2,76926.4,77044.0,117.6,117.6,80.2,0
U6829,274,FUSE0,9,Station 3.3: Robot cell,76696.5,76932.4,77176.0,243.6,243.6,235.9,0
U6842,274,FUSE2,1,Station 1: Bottom cover,76948.3,76948.3,77060.5,112.2,112.2,0.0,0
U6830,274,FUSE0,10,Station 3.4: Robot cell,76691.7,76950.8,77194.4,243.6,243.6,259.1,1
U6831,274,FUSE1,8,Station 3.2: Robot cell,76752.5,76954.0,77259.6,305.6,305.6,201.5,0
U5135,205,FUSE2,17,Station 6.1: Packaging,76932.2,76959.0,77075.0,116.0,116.0,26.8,0
U6832,274,FUSE1,7,Station 3.1: Robot cell,76833.3,76973.4,77279.0,305.6,305.6,140.1,0
U6843,274,FUSE2,2,Station 1.1: Bottom cover,76990.3,76990.3,77102.5,112.2,112.2,0.0,0
U6840,274,FUSE2,4,Station 2.1: Drill station,77003.5,77007.1,77183.9,176.8,176.8,3.6,0
U6833,274,FUSE1,6,Station 3: Robot cell,76788.5,77033.2,77338.8,305.6,305.6,244.7,1
U5136,205,FUSE2,16,Station 6: Packaging,76959.4,77037.8,77153.8,116.0,116.0,78.4,0
U6823,274,FUSE0,11,Station 4: Inspection,76828.6,77037.8,77155.4,117.6,117.6,209.2,1
U5140,205,FUSE2,14,Station 5.1: Top cover,77051.2,77051.2,77226.0,174.8,174.8,0.0,0
U6824,274,FUSE0,12,Station 4.1: Inspection,77051.4,77051.4,77169.0,117.6,117.6,0.0,0
U5142,205,FUSE2,13,Station 5: Top cover,77057.4,77057.4,77232.2,174.8,174.8,0.0,0
U6844,274,FUSE2,1,Station 1: Bottom cover,77069.1,77069.1,77181.3,112.2,112.2,0.0,0
U6841,274,FUSE2,5,Station 2.2: Drill station,77085.5,77087.9,77264.7,176.8,176.8,2.4,0
U5137,205,FUSE2,17,Station 6.1: Packaging,77089.8,77089.8,77205.8,116.0,116.0,0.0,0
U6842,274,FUSE2,3,Station 2: Drill station,77099.5,77103.1,77279.9,176.8,176.8,3.6,0
U6845,274,FUSE2,2,Station 1.1: Bottom cover,77106.3,77106.3,77218.5,112.2,112.2,0.0,0
U5141,205,FUSE2,15,Station 5.2: Top cover,77148.8,77148.8,77323.6,174.8,174.8,0.0,0
U5138,205,FUSE2,16,Station 6: Packaging,77127.0,77153.8,77269.8,116.0,116.0,26.8,0
U6827,274,FUSE0,11,Station 4: Inspection,77032.4,77155.4,77273.0,117.6,117.6,123.0,1
U6826,274,FUSE0,12,Station 4.1: Inspection,77053.0,77169.0,77286.6,117.6,117.6,116.0,0
U6834,274,FUSE1,9,Station 3.3: Robot cell,76949.3,77176.0,77481.6,305.6,305.6,226.7,0
U6843,274,FUSE2,4,Station 2.1: Drill station,77181.5,77183.9,77360.7,176.8,176.8,2.4,0
U6846,274,FUSE2,1,Station 1: Bottom cover,77185.1,77185.1,77297.3,112.2,112.2,0.0,0
U6835,274,FUSE1,10,Station 3.4: Robot cell,77070.1,77194.4,77500.0,305.6,305.6,124.3,0
U5139,205,FUSE2,17,Station 6.1: Packaging,77127.4,77205.8,77321.8,116.0,116.0,78.4,0
U6822,274,FUSE0,14,Station 5.1: Top cover,77155.0,77226.0,77400.8,174.8,174.8,71.0,0
U6847,274,FUSE2,2,Station 1.1: Bottom cover,77237.1,77237.1,77349.3,112.2,112.2,0.0,0
U6836,274,FUSE1,8,Station 3.2: Robot cell,77005.3,77259.6,77565.2,305.6,305.6,254.3,0
U6844,274,FUSE2,5,Station 2.2: Drill station,77260.3,77264.7,77441.5,176.8,176.8,4.4,0
U6825,274,FUSE0,11,Station 4: Inspection,77069.8,77273.0,77390.6,117.6,117.6,203.2,1
U6837,274,FUSE1,7,Station 3.1: Robot cell,77086.1,77279.0,77584.6,305.6,305.6,192.9,0
U6845,274,FUSE2,3,Station 2: Drill station,77277.5,77279.9,77456.7,176.8,176.8,2.4,0
U6828,274,FUSE0,12,Station 4.1: Inspection,77092.2,77286.6,77404.2,117.6,117.6,194.4,1
U6848,274,FUSE2,1,Station 1: Bottom cover,77301.1,77301.1,77413.3,112.2,112.2,0.0,0
U5140,205,FUSE2,16,Station 6: Packaging,77305.0,77305.0,77421.0,116.0,116.0,0.0,0
U6823,274,FUSE0,13,Station 5: Top cover,77306.4,77306.4,77481.2,174.8,174.8,0.0,0
U5142,205,FUSE2,17,Station 6.1: Packaging,77311.2,77321.8,77437.8,116.0,116.0,10.6,0
U6824,274,FUSE0,15,Station 5.2: Top cover,77260.0,77323.6,77498.4,174.8,174.8,63.6,0
U6838,274,FUSE1,6,Station 3: Robot cell,77166.9,77338.8,77644.4,305.6,305.6,171.9,0
U6849,274,FUSE2,2,Station 1.1: Bottom cover,77353.1,77353.1,77465.3,112.2,112.2,0.0,0
U6846,274,FUSE2,4,Station 2.1: Drill station,77356.3,77360.7,77537.5,176.8,176.8,4.4,0
U6829,274,FUSE0,11,Station 4: Inspection,77275.0,77390.6,77508.2,117.6,117.6,115.6,0
U6827,274,FUSE0,14,Station 5.1: Top cover,77404.0,77404.0,77578.8,174.8,174.8,0.0,0
U6830,274,FUSE0,12,Station 4.1: Inspection,77333.4,77404.2,77521.8,117.6,117.6,70.8,0
U5141,205,FUSE2,16,Station 6: Packaging,77382.6,77421.0,77537.0,116.0,116.0,38.4,0
U6847,274,FUSE2,5,Station 2.2: Drill station,77448.3,77448.3,77625.1,176.8,176.8,0.0,0
U6848,274,FUSE2,3,Station 2: Drill station,77452.3,77456.7,77633.5,176.8,176.8,4.4,0
U6822,274,FUSE0,17,Station 6.1: Packaging,77459.8,77459.8,77575.8,116.0,116.0,0.0,0
U6826,274,FUSE0,13,Station 5: Top cover,77417.6,77481.2,77656.0,174.8,174.8,63.6,0
U6839,274,FUSE1,9,Station 3.3: Robot cell,77202.1,77481.6,77787.2,305.6,305.6,279.5,0
U6840,274,FUSE2,10,Station 3.4: Robot cell,77322.9,77500.0,77838.0,338.0,338.0,177.1,0
U6825,274,FUSE0,15,Station 5.2: Top cover,77501.6,77501.6,77676.4,174.8,174.8,0.0,0
U6831,274,FUSE1,11,Station 4: Inspection,77338.6,77508.2,77625.8,117.6,117.6,169.6,1
U6832,274,FUSE1,12,Station 4.1: Inspection,77358.0,77521.8,77639.4,117.6,117.6,163.8,1
U6849,274,FUSE2,4,Station 2.1: Drill station,77544.3,77544.3,77721.1,176.8,176.8,0.0,0
U6824,274,FUSE0,16,Station 6: Packaging,77557.4,77557.4,77673.4,116.0,116.0,0.0,0
U6841,274,FUSE2,8,Station 3.2: Robot cell,77383.7,77565.2,77903.2,338.0,338.0,181.5,0
U6823,274,FUSE0,17,Station 6.1: Packaging,77560.2,77575.8,77691.8,116.0,116.0,15.6,0
U6828,274,FUSE0,14,Station 5.1: Top cover,77515.2,77578.8,77753.6,174.8,174.8,63.6,0
U6842,274,FUSE2,7,Station 3.1: Robot cell,77338.9,77584.6,77922.6,338.0,338.0,245.7,0
U6833,274,FUSE1,11,Station 4: Inspection,77377.8,77625.8,77743.4,117.6,117.6,248.0,2
U6834,274,FUSE1,12,Station 4.1: Inspection,77600.6,77639.4,77757.0,117.6,117.6,38.8,0
U6843,274,FUSE2,6,Station 3: Robot cell,77419.7,77644.4,77982.4,338.0,338.0,224.7,0
U6829,274,FUSE0,13,Station 5: Top cover,77659.2,77659.2,77834.0,174.8,174.8,0.0,0
U6827,274,FUSE0,16,Station 6: Packaging,77657.8,77673.4,77789.4,116.0,116.0,15.6,0
U6830,274,FUSE0,15,Station 5.2: Top cover,77612.8,77676.4,77851.2,174.8,174.8,63.6,0
U6826,274,FUSE0,17,Station 6.1: Packaging,77735.0,77735.0,77851.0,116.0,116.0,0.0,0
U6835,274,FUSE1,11,Station 4: Inspection,77619.0,77743.4,77861.0,117.6,117.6,124.4,1
U6831,274,FUSE1,14,Station 5.1: Top cover,77756.8,77756.8,77931.6,174.8,174.8,0.0,0
U6836,274,FUSE1,12,Station 4.1: Inspection,77664.2,77757.0,77874.6,117.6,117.6,92.8,0
U6844,274,FUSE2,9,Station 3.3: Robot cell,77580.5,77787.2,78125.2,338.0,338.0,206.7,0
U6825,274,FUSE0,16,Station 6: Packaging,77735.4,77789.4,77905.4,116.0,116.0,54.0,0
U6832,274,FUSE1,13,Station 5: Top cover,77770.4,77834.0,78008.8,174.8,174.8,63.6,0
U6845,274,FUSE2,10,Station 3.4: Robot cell,77575.7,77838.0,78176.0,338.0,338.0,262.3,0
U6828,274,FUSE0,17,Station 6.1: Packaging,77812.6,77851.0,77967.0,116.0,116.0,38.4,0
U6833,274,FUSE1,15,Station 5.2: Top cover,77854.4,77854.4,78029.2,174.8,174.8,0.0,0
U6837,274,FUSE1,11,Station 4: Inspection,77643.6,77861.0,77978.6,117.6,117.6,217.4,1
U6838,274,FUSE1,12,Station 4.1: Inspection,77703.4,77874.6,77992.2,117.6,117.6,171.2,1
U6846,274,FUSE2,8,Station 3.2: Robot cell,77636.5,77903.2,78241.2,338.0,338.0,266.7,0
U6847,274,FUSE2,7,Station 3.1: Robot cell,77724.1,77922.6,78260.6,338.0,338.0,198.5,0
U6834,274,FUSE1,14,Station 5.1: Top cover,77868.0,77931.6,78106.4,174.8,174.8,63.6,0
U6829,274,FUSE0,16,Station 6: Packaging,77933.0,77933.0,78049.0,116.0,116.0,0.0,0
U6830,274,FUSE0,17,Station 6.1: Packaging,77890.2,77967.0,78083.0,116.0,116.0,76.8,0
U6839,274,FUSE1,11,Station 4: Inspection,77886.2,77978.6,78096.2,117.6,117.6,92.4,0
U6848,274,FUSE2,6,Station 3: Robot cell,77672.5,77982.4,78320.4,338.0,338.0,309.9,0
U6840,274,FUSE2,12,Station 4.1: Inspection,77977.0,77992.2,78109.8,117.6,117.6,15.2,0
U6835,274,FUSE1,13,Station 5: Top cover,78012.0,78012.0,78186.8,174.8,174.8,0.0,0
U6836,274,FUSE1,15,Station 5.2: Top cover,77965.6,78029.2,78204.0,174.8,174.8,63.6,0
U6831,274,FUSE1,16,Station 6: Packaging,78010.6,78049.0,78165.0,116.0,116.0,38.4,0
U6832,274,FUSE1,17,Station 6.1: Packaging,78087.8,78087.8,78203.8,116.0,116.0,0.0,0
U6841,274,FUSE2,11,Station 4: Inspection,77982.2,78096.2,78213.8,117.6,117.6,114.0,0
U6837,274,FUSE1,14,Station 5.1: Top cover,78109.6,78109.6,78284.4,174.8,174.8,0.0,0
U6842,274,FUSE2,12,Station 4.1: Inspection,78001.6,78109.8,78227.4,117.6,117.6,108.2,0
U6849,274,FUSE2,9,Station 3.3: Robot cell,77840.1,78125.2,78463.2,338.0,338.0,285.1,0
U6833,274,FUSE1,16,Station 6: Packaging,78088.2,78165.0,78281.0,116.0,116.0,76.8,0
U6838,274,FUSE1,13,Station 5: Top cover,78123.2,78186.8,78361.6,174.8,174.8,63.6,0
U6834,274,FUSE1,17,Station 6.1: Packaging,78165.4,78203.8,78319.8,116.0,116.0,38.4,0
U6839,274,FUSE1,15,Station 5.2: Top cover,78207.2,78207.2,78382.0,174.8,174.8,0.0,0
U6843,274,FUSE2,11,Station 4: Inspection,78021.4,78213.8,78331.4,117.6,117.6,192.4,1
U6844,274,FUSE2,12,Station 4.1: Inspection,78244.2,78244.2,78361.8,117.6,117.6,0.0,0
U6840,274,FUSE2,14,Station 5.1: Top cover,78220.8,78284.4,78459.2,174.8,174.8,63.6,0
U6835,274,FUSE1,16,Station 6: Packaging,78285.8,78285.8,78401.8,116.0,116.0,0.0,0
U6836,274,FUSE1,17,Station 6.1: Packaging,78243.0,78319.8,78435.8,116.0,116.0,76.8,0
U6845,274,FUSE2,11,Station 4: Inspection,78295.0,78331.4,78449.0,117.6,117.6,36.4,0
U6846,274,FUSE2,12,Station 4.1: Inspection,78340.2,78361.8,78479.4,117.6,117.6,21.6,0
U6841,274,FUSE2,13,Station 5: Top cover,78364.8,78364.8,78539.6,174.8,174.8,0.0,0
U6842,274,FUSE2,15,Station 5.2: Top cover,78318.4,78382.0,78556.8,174.8,174.8,63.6,0
U6837,274,FUSE1,16,Station 6: Packaging,78363.4,78401.8,78517.8,116.0,116.0,38.4,0
U6838,274,FUSE1,17,Station 6.1: Packaging,78440.6,78440.6,78556.6,116.0,116.0,0.0,0
U6847,274,FUSE2,11,Station 4: Inspection,78319.6,78449.0,78566.6,117.6,117.6,129.4,1
U6843,274,FUSE2,14,Station 5.1: Top cover,78462.4,78462.4,78637.2,174.8,174.8,0.0,0
U6848,274,FUSE2,12,Station 4.1: Inspection,78379.4,78479.4,78597.0,117.6,117.6,100.0,0
U6839,274,FUSE1,16,Station 6: Packaging,78441.0,78517.8,78633.8,116.0,116.0,76.8,0
U6844,274,FUSE2,13,Station 5: Top cover,78492.8,78539.6,78714.4,174.8,174.8,46.8,0
U6840,274,FUSE2,17,Station 6.1: Packaging,78518.2,78556.6,78672.6,116.0,116.0,38.4,0
U6845,274,FUSE2,15,Station 5.2: Top cover,78560.0,78560.0,78734.8,174.8,174.8,0.0,0
U6849,274,FUSE2,11,Station 4: Inspection,78562.2,78566.6,78684.2,117.6,117.6,4.4,0
U6846,274,FUSE2,14,Station 5.1: Top cover,78590.4,78637.2,78812.0,174.8,174.8,46.8,0
U6841,274,FUSE2,16,Station 6: Packaging,78638.6,78638.6,78754.6,116.0,116.0,0.0,0
U6842,274,FUSE2,17,Station 6.1: Packaging,78595.8,78672.6,78788.6,116.0,116.0,76.8,0
U6847,274,FUSE2,13,Station 5: Top cover,78717.6,78717.6,78892.4,174.8,174.8,0.0,0
U6848,274,FUSE2,15,Station 5.2: Top cover,78688.0,78734.8,78909.6,174.8,174.8,46.8,0
U6843,274,FUSE2,16,Station 6: Packaging,78716.2,78754.6,78870.6,116.0,116.0,38.4,0
U6844,274,FUSE2,17,Station 6.1: Packaging,78793.4,78793.4,78909.4,116.0,116.0,0.0,0
U6849,274,FUSE2,14,Station 5.1: Top cover,78815.2,78815.2,78990.0,174.8,174.8,0.0,0
U6845,274,FUSE2,16,Station 6: Packaging,78793.8,78870.6,78986.6,116.0,116.0,76.8,0
U6846,274,FUSE2,17,Station 6.1: Packaging,78871.0,78909.4,79025.4,116.0,116.0,38.4,0
U6847,274,FUSE2,16,Station 6: Packaging,78991.4,78991.4,79107.4,116.0,116.0,0.0,0
U6848,274,FUSE2,17,Station 6.1: Packaging,78948.6,79025.4,79141.4,116.0,116.0,76.8,0
U6849,274,FUSE2,16,Station 6: Packaging,79069.0,79107.4,79223.4,116.0,116.0,38.4,0
